Sample	0	1	2	3	4	5	6	7	8	9	10	11	12	13	14	15	16	17	18	19	20	21	22	23	24	25	26	27	28	29	30	31	32	33	34	35	36	37
NALM_6_1	(1, 0.9872291628996407)	(2, 0.03572330022320428)	(3, 0.0021651465708754907)	(4, 0.012259454724179907)	(5, 0.0)	(6, 0.00024272943619680387)	(7, 0.0)	(8, 6.472784965248102e-06)	(9, 0.0)	(10, 0.0005081136197719761)	(15, 0.0017877832074015261)	(20, 0.0007741450818436731)	(25, 2.5243861364467602e-05)	(30, 0.0011748104711925306)	(35, 0.07836406573876921)	(40, 0.0056902252629496075)	(45, 0.04926954459847551)	(50, 0.05295450107919126)	(55, 0.07821066073509284)	(60, 0.16106166101177202)	(65, 0.1855145480534863)	(70, 0.12448524773014803)	(75, 0.00100651806209608)	(80, 0.0010414711009084198)	(85, 0.00046733507449091304)	(90, 0.0005935543813132511)	(95, 0.0058468666591086115)	(100, 0.0011812832561577788)	(105, 0.000627860141629066)	(110, 0.00023431481574198135)	(115, 0.0008887133757285646)	(120, 0.0013113862339592657)	(125, 0.001054416670838916)	(130, 0.0028163087383794496)	(135, 0.004987280815723663)	(140, 0.00018706348549567018)	(145, 0.0009942197706621085)	(150, 6.796424213510509e-05)
NALM_6_2	(1, 0.9742318106894224)	(2, 0.0009676813523045914)	(3, 0.0004595677325326153)	(4, 2.9127532343616465e-05)	(5, 0.0014013579449762145)	(6, 0.0)	(7, 0.0012330655358797635)	(8, 0.00044985855508474317)	(9, 0.00045309494756736715)	(10, 0.0010790132537068589)	(15, 0.0014188344643823842)	(20, 0.001395532438507491)	(25, 0.0027975376619802303)	(30, 0.0034279869175953956)	(35, 0.024467127168637828)	(40, 0.006000918941281516)	(45, 0.003646119770924256)	(50, 0.004883068977783169)	(55, 0.00013981215524935903)	(60, 0.004085621870064603)	(65, 0.0062436483774783195)	(70, 7.702614108645242e-05)	(75, 0.005204766390555999)	(80, 0.003706316671101064)	(85, 0.0010453547718875687)	(90, 0.0028201924093585982)	(95, 0.0037703972422570204)	(100, 4.077854528106305e-05)	(105, 0.0004621568465187145)	(110, 0.0035936902127057468)	(115, 0.0009502048328984215)	(120, 0.005317392848951317)	(125, 0.0056818106424947855)	(130, 0.005346520381294933)	(135, 0.00015469956066942964)	(140, 0.006949181938690364)	(145, 0.0021761503053164123)	(150, 0.007953434526048606)
NG-13640_BC3_lib236396_5774_5_1	(1, 0.28122665270282565)	(2, 0.007471427863349341)	(3, 0.005018035798503437)	(4, 0.004321249030683239)	(5, 0.0)	(6, 1.4638377475214226e-05)	(7, 0.0)	(8, 0.0)	(9, 9.368561584137104e-05)	(10, 3.1033360247454154e-05)	(15, 1.8151588069265643e-05)	(20, 2.927675495042845e-06)	(25, 0.00043446704346435826)	(30, 0.00019205551247481064)	(35, 0.0005439621069789607)	(40, 7.0264211881028285e-06)	(45, 0.00031618895346462725)	(50, 0.00046374379841478667)	(55, 6.967867678201971e-05)	(60, 0.0007237213823745913)	(65, 0.005804994971570954)	(70, 0.0009046517279682392)	(75, 0.00016746303831645073)	(80, 0.0010170744669778845)	(85, 0.000610127573166929)	(90, 0.0008888422802950077)	(95, 0.0003501499892071243)	(100, 0.00046023058782073523)	(105, 0.00014521270455412514)	(110, 0.0010967072404430497)	(115, 0.0012044456986606265)	(120, 0.00467315562518739)	(125, 0.0014041131674225485)	(130, 0.00010012650193046531)	(135, 0.0015481548017786566)	(140, 0.0009081649385622906)	(145, 0.0015903133289072735)	(150, 2.195756621282134e-05)
NG-13640_BC3_lib236396_5774_5_2	(1, 0.5528124700004752)	(2, 0.030441969797455504)	(3, 0.00046550040371181245)	(4, 0.0003425380329200129)	(5, 0.0)	(6, 0.0)	(7, 0.0)	(8, 0.0)	(9, 0.00023128636410838478)	(10, 0.00011827808999973096)	(15, 0.0010785556523737843)	(20, 0.006495340853302056)	(25, 0.0015317598190064167)	(30, 0.0011230563198984353)	(35, 0.0008121371823248852)	(40, 6.440886089094259e-06)	(45, 0.0006376477228203317)	(50, 0.00035776194549423564)	(55, 0.0008103805770278595)	(60, 0.0009708171941562075)	(65, 0.0006429175387114087)	(70, 0.00038293995475160417)	(75, 0.001669946102372439)	(80, 0.0008455126829683737)	(85, 0.001296374709204972)	(90, 0.0007887157783645425)	(95, 0.000945639184898839)	(100, 0.0017595329725207498)	(105, 0.00022250333762325624)	(110, 0.0010586474590074928)	(115, 8.138937876219109e-05)	(120, 0.0005685545811373205)	(125, 0.0011564318205419238)	(130, 0.0005492319228700377)	(135, 9.368561584137106e-06)	(140, 2.342140396034276e-05)	(145, 0.00022660208331631623)	(150, 3.952361918307841e-05)
NG-13640_BCBL_1_lib241208_5808_6_1	(1, 0.2699602317973069)	(2, 0.11840877888560652)	(3, 0.0002585278880947006)	(4, 0.001283621025772525)	(5, 0.0)	(6, 0.0)	(7, 0.00024650333516006335)	(8, 0.0016112900932413895)	(9, 0.00021343581458981093)	(10, 0.0)	(15, 0.0002248591398777163)	(20, 0.000713055989023988)	(25, 0.0014188972462871937)	(30, 0.0024265547822097944)	(35, 0.0013882346363038689)	(40, 0.004024617867223083)	(45, 0.0008970316489239378)	(50, 0.00044370600328811396)	(55, 0.0009800010641729346)	(60, 0.001270394017544424)	(65, 0.0004533256456358238)	(70, 0.00033909239275677007)	(75, 0.0009144672506791618)	(80, 0.001883646217210923)	(85, 0.00051344841030901)	(90, 0.022800356047012395)	(95, 0.002546800311556167)	(100, 0.0006385037608292372)	(105, 0.00181811240371715)	(110, 0.1756372336674255)	(115, 0.002792702419069498)	(120, 0.003860482719665285)	(125, 0.0009848108853467896)	(130, 0.0025948985232947157)	(135, 0.0032291936905968293)	(140, 0.0021313520076644502)	(145, 0.0010136698123899188)	(150, 0.004585863875447275)
NG-13640_BCBL_1_lib241208_5808_6_2	(1, 0.3104559199429315)	(2, 0.00609043606139376)	(3, 0.0)	(4, 0.0)	(5, 0.0)	(6, 0.0)	(7, 0.0050593306472486175)	(8, 0.0)	(9, 0.0)	(10, 8.717800877611997e-05)	(15, 0.0006487246308236789)	(20, 9.1386602303243e-05)	(25, 0.0009427249500755593)	(30, 0.0011916331958225501)	(35, 0.0006637553219919754)	(40, 0.0006018288743785936)	(45, 0.00013768113110159636)	(50, 0.0003823807833214641)	(55, 0.0007894119001589345)	(60, 0.0)	(65, 0.0002627364816218236)	(70, 0.0009854121129935214)	(75, 0.0007725775260504423)	(80, 0.0002723561239695334)	(85, 0.0003835832386149278)	(90, 0.0008922218277500829)	(95, 0.0014555721327378375)	(100, 3.847856939083915e-05)	(105, 0.0004647489709237292)	(110, 0.0010274980482647517)	(115, 0.001708688972011951)	(120, 0.0006998289807958871)	(125, 0.0013924432298309918)	(130, 0.0013978542786515788)	(135, 0.0013858297257169413)	(140, 0.0018770327130968724)	(145, 0.0006342951673021141)	(150, 0.0008417187054246064)
NG-13640_BJAB_lib227474_5697_7_1	(1, 1.0966943085467629)	(2, 0.03804675394506918)	(3, 0.0)	(4, 0.016002335947239946)	(5, 0.0)	(6, 0.0003584098470140842)	(7, 0.0)	(8, 0.0)	(9, 0.0)	(10, 0.0006234561412874625)	(15, 0.002136742162013596)	(20, 0.0008225727229619538)	(25, 0.0)	(30, 0.0014858521805843146)	(35, 0.09872996585747974)	(40, 0.0068230615320459004)	(45, 0.062036762186504495)	(50, 0.06564962194066498)	(55, 0.09671667597610432)	(60, 0.20297324862087984)	(65, 0.2326805576441287)	(70, 0.1565582884699707)	(75, 0.000954432148159728)	(80, 0.001320364177148182)	(85, 0.0004951365664305682)	(90, 0.0006398279491140319)	(95, 0.006949168700439745)	(100, 0.0014000108098179784)	(105, 0.0008150505409875842)	(110, 3.716842857923837e-05)	(115, 0.0010389460750482343)	(120, 0.0015920476908107101)	(125, 0.0010256716362699349)	(130, 0.003256662313609457)	(135, 0.005979692188331277)	(140, 0.00014823123302434347)	(145, 0.0008831926600495211)	(150, 0.0)
NG-13640_BJAB_lib227474_5697_7_2	(1, 1.057992682288631)	(2, 1.3274438778299417e-05)	(3, 0.0)	(4, 3.539850340879844e-05)	(5, 0.0)	(6, 0.0)	(7, 0.0012544344645492949)	(8, 0.0)	(9, 2.212406463049903e-05)	(10, 0.0013106295887107624)	(15, 0.0018075360803117705)	(20, 0.0015433747486236122)	(25, 0.0030588731758127955)	(30, 0.004000030885194224)	(35, 0.030010851189979322)	(40, 0.007137223249798986)	(45, 0.0042557850723227925)	(50, 0.00591066510668412)	(55, 0.00017522259187355228)	(60, 0.0048823385826585255)	(65, 0.007664660950590083)	(70, 0.0)	(75, 0.006242083594848995)	(80, 0.004297820795120741)	(85, 0.0012495671703305852)	(90, 0.0034022386588781406)	(95, 0.004394281716909716)	(100, 0.0)	(105, 0.00026327636910293843)	(110, 0.0042703869549789225)	(115, 0.000954432148159728)	(120, 0.006038542200248404)	(125, 0.00636996068841328)	(130, 0.005862877127082242)	(135, 3.4513540823578487e-05)	(140, 0.008227054673497368)	(145, 0.002815065983584696)	(150, 0.009533259449282032)
NG-13640_BONNA12_lib236392_5774_5_1	(1, 0.2890443529096518)	(2, 0.007435315647217892)	(3, 0.00522456105833735)	(4, 0.004258536884350019)	(5, 0.0)	(6, 1.6533421070687814e-05)	(7, 0.0)	(8, 0.0)	(9, 9.920052642412689e-05)	(10, 4.156974440630079e-05)	(15, 2.0784872203150395e-05)	(20, 2.361917295812545e-06)	(25, 0.0004161698275221704)	(30, 0.0001889533836650036)	(35, 0.0005626086998625482)	(40, 9.44766918325018e-06)	(45, 0.0003325579552504063)	(50, 0.0005026160005489096)	(55, 6.896798503772632e-05)	(60, 0.000705268504529626)	(65, 0.00552972077295633)	(70, 0.0008753265498281293)	(75, 0.00016864089492101572)	(80, 0.0010501084297182574)	(85, 0.0006207118653395368)	(90, 0.0009499631363758057)	(95, 0.0003420056244336565)	(100, 0.00046435294035674637)	(105, 0.0001417150377487527)	(110, 0.0011110458959502213)	(115, 0.0010652247004114578)	(120, 0.004623216914823475)	(125, 0.001517295670829979)	(130, 9.069762415920173e-05)	(135, 0.0015059584678100786)	(140, 0.000868713181399854)	(145, 0.0015437491445430792)	(150, 2.361917295812545e-05)
NG-13640_BONNA12_lib236392_5774_5_2	(1, 0.5632629509534883)	(2, 0.031366261688390594)	(3, 0.0005361552261494478)	(4, 0.0003920782711048825)	(5, 0.0)	(6, 0.0)	(7, 0.0)	(8, 0.0)	(9, 0.00021493447391894162)	(10, 0.00011856824824978975)	(15, 0.0010567217981465326)	(20, 0.006480156292791299)	(25, 0.0014483276857922528)	(30, 0.001075617136513033)	(35, 0.00079076991063804)	(40, 5.668601509950108e-06)	(45, 0.0006027612938913615)	(50, 0.00033775417330119393)	(55, 0.0007671507376799146)	(60, 0.0009320125649276304)	(65, 0.0006122089630746116)	(70, 0.00035759427858601936)	(75, 0.001580595054357755)	(80, 0.0008011623467396152)	(85, 0.0012494542494848363)	(90, 0.0007647888203841021)	(95, 0.0009424050010292055)	(100, 0.0017090833552499576)	(105, 0.0002050144212765289)	(110, 0.0010586113319831828)	(115, 7.794327076181398e-05)	(120, 0.0005536334141384605)	(125, 0.0011238002493476089)	(130, 0.0005144255870279722)	(135, 1.1809586479062725e-05)	(140, 2.456393987645047e-05)	(145, 0.00022390975964302928)	(150, 3.6609718085094446e-05)
NG-13640_BV_173_lib227468_5681_8_1	(1, 1.0469746191795244)	(2, 0.00810136463487296)	(3, 0.0)	(4, 0.003932373098151132)	(5, 1.971820321422487e-05)	(6, 0.0)	(7, 0.00028450550351953027)	(8, 5.633772346921391e-06)	(9, 0.0)	(10, 0.0)	(15, 1.5774562571379897e-05)	(20, 6.704189092836455e-05)	(25, 0.0004766171405495497)	(30, 0.00021802698982585785)	(35, 0.0012816832089246164)	(40, 0.0010467549020579945)	(45, 0.0015904139335359087)	(50, 0.002159424940574969)	(55, 0.0011030926255272083)	(60, 0.0012766128138123874)	(65, 0.002069284583024227)	(70, 0.0016940753447192624)	(75, 0.001590977310770601)	(80, 0.002465338779012801)	(85, 0.0013357674234550619)	(90, 0.00046929323649855194)	(95, 0.001486189145117863)	(100, 0.0023881560978599777)	(105, 4.7323687714139685e-05)	(110, 0.0003814063878865782)	(115, 0.0029808289487561084)	(120, 0.001794919869729155)	(125, 0.002859139466062606)	(130, 0.0025763240942471522)	(135, 0.0008890092763441955)	(140, 0.0018771729459942077)	(145, 0.001243373556965551)	(150, 0.0005760532224727123)
NG-13640_BV_173_lib227468_5681_8_2	(1, 1.0019382430382349)	(2, 0.000416899153672183)	(3, 0.000129576763979192)	(4, 0.014628089898781392)	(5, 0.0)	(6, 0.0005295746006106108)	(7, 0.001974637207595948)	(8, 0.0)	(9, 1.971820321422487e-05)	(10, 0.0022585793338807856)	(15, 0.0005971798687736675)	(20, 0.0018523843476677534)	(25, 0.0028444916579606107)	(30, 0.002790407443430165)	(35, 0.002149284150350511)	(40, 0.0029340686382766604)	(45, 0.002032665062769238)	(50, 0.004162231009905524)	(55, 0.003849556644651386)	(60, 0.0027785765215016306)	(65, 0.0017081597755865658)	(70, 0.0027047741037569597)	(75, 0.0029695614040622653)	(80, 0.0013819643566998173)	(85, 0.00396110533712043)	(90, 0.0015509775271074589)	(95, 0.0011070362661700533)	(100, 0.002332945128860148)	(105, 0.0022653398606970916)	(110, 0.0031216732574291433)	(115, 0.0007673197936506935)	(120, 0.0030946311501639204)	(125, 0.00021070308577486005)	(130, 0.0027306894565527983)	(135, 0.00046140595521286195)	(140, 0.002761675204460866)	(145, 0.0013746404526488194)	(150, 0.00024929442635127156)
NG-13640_CCRF_CEM_lib241217_5826_6_1	(1, 0.8578006266054502)	(2, 0.0032915817060478214)	(3, 0.012814890073879223)	(4, 0.0)	(5, 0.0027424617836852203)	(6, 0.0011358937822586383)	(7, 0.00011609964072809286)	(8, 7.844570319465734e-05)	(9, 6.275656255572587e-05)	(10, 0.0001688151532749026)	(15, 0.0003426508315542632)	(20, 0.0005547680129926167)	(25, 0.009789396193067677)	(30, 0.0014659933013017562)	(35, 0.0008949085820446509)	(40, 0.0003006039346419269)	(45, 0.0002623224314829341)	(50, 0.0007424101350342369)	(55, 4.2674462537893584e-05)	(60, 0.0017433773077980648)	(65, 0.00045937803790791333)	(70, 0.00024537815959288815)	(75, 0.0012344215854711278)	(80, 0.0011245976009986076)	(85, 0.0004493369878989972)	(90, 0.001271447957379006)	(95, 0.0006947151474918854)	(100, 0.00030813472214861397)	(105, 0.00015249844701041384)	(110, 3.6398806282321e-05)	(115, 0.0009451138320892315)	(120, 0.0003708912847043399)	(125, 0.0022410368488649706)	(130, 0.001249483160484502)	(135, 0.00031315524715307206)	(140, 0.008466487854392976)	(145, 0.0021167788550046336)	(150, 5.961873442793958e-05)
NG-13640_CCRF_CEM_lib241217_5826_6_2	(1, 0.6533240566582563)	(2, 0.0)	(3, 0.0)	(4, 0.0006683573912184805)	(5, 4.392959378900811e-05)	(6, 0.0018983860173107073)	(7, 1.2551312511145175e-05)	(8, 0.0032476521122588135)	(9, 0.0)	(10, 0.004004496256680867)	(15, 0.004734982644829517)	(20, 0.006186541936743456)	(25, 0.0029439103494891)	(30, 0.013404801761903045)	(35, 0.010229319696583316)	(40, 0.005097088010776055)	(45, 0.0004248619285022641)	(50, 0.010022850605774979)	(55, 5.1460381295695205e-05)	(60, 0.0034716930405827547)	(65, 0.0047776571073674095)	(70, 0.0027525028336941367)	(75, 0.005678213780042077)	(80, 0.0031516345715485532)	(85, 0.0038212470940181477)	(90, 0.008372980576184946)	(95, 0.0005999527380327394)	(100, 0.004013909741064227)	(105, 0.005378864976651264)	(110, 0.015668430973288076)	(115, 0.012751505945697938)	(120, 0.003990062247293051)	(125, 0.009244669230083977)	(130, 0.005879662345845957)	(135, 0.0029734059338902916)	(140, 0.005842635973938078)	(145, 0.008962892264208768)	(150, 7.844570319465734e-06)
NG-13640_CMK_lib259808_5981_3_1	(1, 0.486239550253775)	(2, 0.007940988954980566)	(3, 0.0)	(4, 0.012649402394879208)	(5, 0.0)	(6, 2.229362424194432e-06)	(7, 0.0)	(8, 3.566979878711091e-05)	(9, 0.0)	(10, 0.004085083706093878)	(15, 0.0011427711786420659)	(20, 0.00028803362520592066)	(25, 0.0002300702021768654)	(30, 0.0005564488610789302)	(35, 0.0014107405420302366)	(40, 0.0026551706472155686)	(45, 0.0016269886971770967)	(50, 0.00079677413040709)	(55, 0.0005461937939276359)	(60, 0.002223120209406688)	(65, 0.008490749728786915)	(70, 0.0006215462438654076)	(75, 0.017851396675494496)	(80, 0.008668206977752791)	(85, 0.0014196579917270145)	(90, 0.015103930423917278)	(95, 0.01358528874055603)	(100, 0.0014080653071212035)	(105, 0.001017481010402339)	(110, 0.003478251254228153)	(115, 0.0009711102719790946)	(120, 0.0006500820828950965)	(125, 0.00020510134302588776)	(130, 0.0006456233580467075)	(135, 0.0017919615165674844)	(140, 0.0004717330889595419)	(145, 0.0079035356662541)	(150, 0.0007301161939236765)
NG-13640_CMK_lib259808_5981_3_2	(1, 0.4648555058809021)	(2, 0.04091102984639203)	(3, 0.001908334235110434)	(4, 8.471577211938842e-05)	(5, 0.0025927484993381244)	(6, 0.017166090666297127)	(7, 0.0)	(8, 0.019526985473519033)	(9, 0.006121829216837911)	(10, 0.008625849091693097)	(15, 0.005214478710190777)	(20, 0.008570560903573075)	(25, 0.005310787166915977)	(30, 0.010197995473235012)	(35, 0.01235245131997651)	(40, 0.007493332980202325)	(45, 0.007701555430622085)	(50, 0.00863253717896568)	(55, 0.003958901792884472)	(60, 0.0068000012662778565)	(65, 0.005796342302905523)	(70, 0.004402990787784004)	(75, 0.004974599313347456)	(80, 0.009110958355197806)	(85, 0.005871248880358457)	(90, 0.00722313425438996)	(95, 0.005092755521829761)	(100, 0.00953409134330991)	(105, 0.00472089786947413)	(110, 0.005058869212982006)	(115, 0.01257627930736563)	(120, 0.006641270661675213)	(125, 0.00874489704514508)	(130, 0.0064441950233764264)	(135, 0.0031960139713251377)	(140, 0.006155715525685665)	(145, 0.19317068707656884)	(150, 0.000428037585445331)
NG-13640_CML_T1_lib259818_5981_7_1	(1, 0.7047281113722328)	(2, 0.0)	(3, 0.000994809575349484)	(4, 0.031289834355099896)	(5, 0.0)	(6, 0.002481332808079948)	(7, 0.002167182415864322)	(8, 0.00015935164822531776)	(9, 0.0)	(10, 0.0003232562006856446)	(15, 0.0)	(20, 0.0)	(25, 0.000751229198776498)	(30, 0.000647422982218291)	(35, 0.003967856040810413)	(40, 0.00012884718985075694)	(45, 0.0003050445837456083)	(50, 0.0001557093248373105)	(55, 2.7317425410054476e-05)	(60, 0.0006856673777923673)	(65, 0.0007380257764949717)	(70, 0.0005345109571900659)	(75, 0.00011700963883973333)	(80, 0.002388453561685763)	(85, 0.000247222699960993)	(90, 0.0016399561054502702)	(95, 0.003421962823032824)	(100, 0.0010612819771806164)	(105, 0.0005131123072855232)	(110, 0.002594700123531674)	(115, 0.0006301219461252566)	(120, 6.009833590211984e-05)	(125, 0.0017000544413523903)	(130, 0.0)	(135, 0.00034283368889618366)	(140, 0.00019304313956438495)	(145, 1.0471679740520883e-05)	(150, 0.0010483062001108404)
NG-13640_CML_T1_lib259818_5981_7_2	(1, 0.7583180706704072)	(2, 0.05460753339469889)	(3, 0.0)	(4, 0.005267710199905505)	(5, 0.001176925744749847)	(6, 0.009950372205612342)	(7, 0.0)	(8, 0.00017073390881284045)	(9, 0.010143870635600228)	(10, 0.004630758897427734)	(15, 0.005233108127719436)	(20, 0.00371562514619091)	(25, 0.004015206244854507)	(30, 0.004614823732605203)	(35, 0.004645328190979763)	(40, 0.0034811505780879422)	(45, 0.004271990043709019)	(50, 0.00282826411078764)	(55, 0.004083499808379644)	(60, 0.002274630955810536)	(65, 0.007208613275289875)	(70, 0.0020875065917516627)	(75, 0.002683481756114351)	(80, 0.004029775538406536)	(85, 0.004346202382739667)	(90, 0.001640411395873771)	(95, 0.005785375411426036)	(100, 0.0014482788371563882)	(105, 0.0057266429467944194)	(110, 0.0023829900766037517)	(115, 0.005818611612341603)	(120, 0.0022263701709194397)	(125, 0.00419732241425487)	(130, 0.003598160216927675)	(135, 0.0050942445485516585)	(140, 0.0028851754137252535)	(145, 0.0034961751620634714)	(150, 0.00417728963562083)
NG-13640_CRO_AP2_lib241209_5808_6_1	(1, 0.25097927003364684)	(2, 0.1194224870646417)	(3, 0.00020184249547375624)	(4, 0.001368373388432377)	(5, 0.0)	(6, 0.0)	(7, 0.00022855694340410634)	(8, 0.0015820889718751775)	(9, 0.00021371558344280073)	(10, 0.0)	(15, 0.0002451792665607686)	(20, 0.0006850771758138668)	(25, 0.0014057736155348671)	(30, 0.0023348427491125976)	(35, 0.0013517510652757147)	(40, 0.0038302581788137507)	(45, 0.0007794682251677705)	(50, 0.00042743116688560146)	(55, 0.0009053229576396419)	(60, 0.0011611880033725506)	(65, 0.00045236465162059485)	(70, 0.0003371956983208634)	(75, 0.0009130404648195209)	(80, 0.0017720583793798892)	(85, 0.0005752511121002052)	(90, 0.021339501006763656)	(95, 0.002571117199696583)	(100, 0.0005805940016862753)	(105, 0.0019186910157975889)	(110, 0.18230057998550592)	(115, 0.0027569310264121292)	(120, 0.003933554044144438)	(125, 0.0010472063588697236)	(130, 0.0026221714779634743)	(135, 0.00337908083599006)	(140, 0.0021591210471707395)	(145, 0.0010038695877827113)	(150, 0.004921394963168939)
NG-13640_CRO_AP2_lib241209_5808_6_2	(1, 0.29064725693822446)	(2, 0.0058178131048317976)	(3, 5.9365439845222425e-06)	(4, 0.0)	(5, 0.0)	(6, 0.0)	(7, 0.005494271457675335)	(8, 0.0)	(9, 0.0)	(10, 6.0552748642126867e-05)	(15, 0.000730788564494688)	(20, 0.00010567048292449592)	(25, 0.00099555842620438)	(30, 0.0012401440383666964)	(35, 0.0007301949100962359)	(40, 0.00067795332303244)	(45, 0.00012882300446413267)	(50, 0.0004149644245181048)	(55, 0.0008536750249742985)	(60, 0.0)	(65, 0.00027486198648337984)	(70, 0.0008352717386222796)	(75, 0.0007462235788544459)	(80, 0.0002766429496787365)	(85, 0.0003217606839611055)	(90, 0.0008233986506532351)	(95, 0.001382027439596778)	(100, 2.1371558344280074e-05)	(105, 0.000455332923612856)	(110, 0.000955783581508081)	(115, 0.0016919150355888394)	(120, 0.00063521020634388)	(125, 0.0013784655132060646)	(130, 0.001382027439596778)	(135, 0.0014520786586141405)	(140, 0.001816582459263806)	(145, 0.0005829686192800841)	(150, 0.0008934498696705975)
NG-13640_CRO_AP5_lib227485_5684_6_1	(1, 0.09716689083962383)	(2, 0.00758901133442984)	(3, 0.0)	(4, 0.021211781884386178)	(5, 0.0)	(6, 3.4045320015794554e-05)	(7, 0.0)	(8, 0.0)	(9, 0.0001841542309945251)	(10, 0.00035530933980120133)	(15, 0.0010711895688605905)	(20, 0.001146398775804573)	(25, 0.002237396530856171)	(30, 0.0008851783204106584)	(35, 0.0007050476272361818)	(40, 0.0011662069619955806)	(45, 0.0005543197104389822)	(50, 0.0006149822806489435)	(55, 0.000378831560903023)	(60, 0.002447549006226394)	(65, 0.0011525888339892628)	(70, 0.00019127279790691847)	(75, 0.000832562825840794)	(80, 0.0008926063902322864)	(85, 0.0016883383698741753)	(90, 0.0014100952544723636)	(95, 0.0004794200064042342)	(100, 0.0035270951536363155)	(105, 0.003011153803942411)	(110, 0.0006366474842953581)	(115, 0.0035599024620151724)	(120, 0.004568881946119629)	(125, 0.0009780291931810073)	(130, 0.006473872352457951)	(135, 0.002282893458513642)	(140, 0.0017161936317052799)	(145, 0.004115769687000327)	(150, 0.00012147989187453966)
NG-13640_CRO_AP5_lib227485_5684_6_2	(1, 0.13274889279976765)	(2, 5.2615494569864314e-05)	(3, 0.005383803106134057)	(4, 0.0004982996838675385)	(5, 0.002183543024649369)	(6, 9.13033582241763e-05)	(7, 0.0016372703898504834)	(8, 0.0019885561918316363)	(9, 0.0016202477298425861)	(10, 0.004708158255275152)	(15, 0.005303022846823853)	(20, 0.007323148335397408)	(25, 0.0022739178741458415)	(30, 0.001565775217817315)	(35, 0.0016050820872900958)	(40, 0.0013150778613373732)	(45, 0.0013543847308101543)	(50, 0.0028737345122422948)	(55, 0.001852993917586927)	(60, 0.004213882109227662)	(65, 0.00130176923624029)	(70, 0.0033240612451784866)	(75, 0.0008511330003948638)	(80, 0.002433930878220076)	(85, 0.0012485347358519566)	(90, 0.0009820527310010557)	(95, 0.001943987772901869)	(100, 0.0013831685013689623)	(105, 0.001397405635193749)	(110, 0.000640980525024641)	(115, 0.005308903402099309)	(120, 0.0005246074311524706)	(125, 0.005122273147830907)	(130, 0.0015899164447376057)	(135, 0.0007567346130783426)	(140, 0.001219441462383914)	(145, 0.006949268821042137)	(150, 0.000606625702099612)
NG-13640_DAUDI_lib227475_5697_7_1	(1, 1.1042592001667835)	(2, 0.03704617524897719)	(3, 0.0)	(4, 0.01621862673883737)	(5, 0.0)	(6, 0.00039038907544534)	(7, 0.0)	(8, 0.0)	(9, 0.0)	(10, 0.000620543828879533)	(15, 0.0021238331044750214)	(20, 0.0009276110568790766)	(25, 0.0)	(30, 0.0014549276438612147)	(35, 0.10099540182849504)	(40, 0.007072451638441099)	(45, 0.06363108861654299)	(50, 0.06727510843420739)	(55, 0.09897819738194015)	(60, 0.20770155489346737)	(65, 0.2386011415500969)	(70, 0.16104365100486875)	(75, 0.001054050503702418)	(80, 0.0013191654728481339)	(85, 0.0004917737010087566)	(90, 0.0006112211046897935)	(95, 0.007222780566000648)	(100, 0.0013815111908670166)	(105, 0.0008000062695320176)	(110, 4.4865610163121165e-05)	(115, 0.001041231757941526)	(120, 0.001590107144612437)	(125, 0.0011600964913607043)	(130, 0.0033014097036914874)	(135, 0.006263705314981201)	(140, 0.000156155630178136)	(145, 0.0009043042464047278)	(150, 0.0)
NG-13640_DAUDI_lib227475_5697_7_2	(1, 1.0648328168981136)	(2, 1.748010785576149e-05)	(3, 0.0)	(4, 2.913351309293582e-05)	(5, 0.0)	(6, 0.0)	(7, 0.0012527410629962403)	(8, 0.0)	(9, 1.456675654646791e-05)	(10, 0.0013383935914894716)	(15, 0.001834828654593098)	(20, 0.001650122181583885)	(25, 0.003385314221399142)	(30, 0.004206296620358074)	(35, 0.030528425699825584)	(40, 0.007588114820186063)	(45, 0.004430042000911821)	(50, 0.0061582419975847735)	(55, 0.00018645448379478924)	(60, 0.005113514218072095)	(65, 0.007901008750804194)	(70, 0.0)	(75, 0.006451907809561567)	(80, 0.0044987970918111495)	(85, 0.0012340956146167613)	(90, 0.0033963849563744576)	(95, 0.004605425749731294)	(100, 0.0)	(105, 0.0002511308828611068)	(110, 0.004518025210452487)	(115, 0.000965484623899893)	(120, 0.006476379960559633)	(125, 0.0066523463796409645)	(130, 0.006122699111611392)	(135, 4.25349291156863e-05)	(140, 0.008750541992594202)	(145, 0.0027280621660225103)	(150, 0.010064172097954679)
NG-13640_DEL_lib250969_5908_5_1	(1, 0.19392280211177965)	(2, 0.0)	(3, 0.0)	(4, 0.010904691733923739)	(5, 0.0007600709743417684)	(6, 0.0)	(7, 0.0)	(8, 0.0)	(9, 0.0011653128968862317)	(10, 0.004125323992371291)	(15, 4.2269253164924874e-05)	(20, 0.00014387057728612043)	(25, 0.0014394813554880837)	(30, 0.0008007890622529346)	(35, 0.0062779535732749425)	(40, 0.0006165881883690876)	(45, 0.0005925451269358276)	(50, 0.0004529402540975436)	(55, 7.445593218041812e-05)	(60, 0.004492562366198666)	(65, 0.0001116838982706272)	(70, 0.008273527672235525)	(75, 0.00730560055389009)	(80, 0.007718598302703346)	(85, 0.008259179393638256)	(90, 0.007995869091812715)	(95, 0.006984509346362035)	(100, 0.0014759337389514133)	(105, 0.011943196871315195)	(110, 0.004215679368402737)	(115, 0.0017314882145081612)	(120, 0.0033586605657010484)	(125, 0.002189081964366981)	(130, 0.010955880187297776)	(135, 0.0037030192520354824)	(140, 0.00269514962840576)	(145, 0.18502648159016)	(150, 0.0015201419486835367)
NG-13640_DEL_lib250969_5908_5_2	(1, 0.10831593071340359)	(2, 0.006724301375044013)	(3, 0.0)	(4, 0.0015802496022666868)	(5, 0.006526527805189776)	(6, 0.0)	(7, 0.002935580242738361)	(8, 0.006648682068923275)	(9, 0.0)	(10, 0.003296226164237261)	(15, 0.002173182520515954)	(20, 0.0034082978538213277)	(25, 0.0023089094802198414)	(30, 0.0017679405979714909)	(35, 0.0021483638764558145)	(40, 0.0007581320177745699)	(45, 0.002136342345739185)	(50, 0.17883849560160306)	(55, 0.0017621237282698955)	(60, 0.002067315491946922)	(65, 0.0020285363606029542)	(70, 0.0006673888504296854)	(75, 0.002079337022663552)	(80, 0.0013723934582630195)	(85, 0.0015755961065054105)	(90, 0.004650781222082055)	(95, 0.005466306354245698)	(100, 0.0034672421334641583)	(105, 0.0015461239666839952)	(110, 0.1877689417588054)	(115, 0.0012568316468579955)	(120, 0.003300491868685097)	(125, 0.0021654266942471604)	(130, 0.0023853043689674577)	(135, 0.0016504398299992686)	(140, 0.0018307627907487183)	(145, 0.0029728082088285694)	(150, 0.00263504197482261)
NG-13640_DERL7_lib236383_5767_8_1	(1, 0.9022013572407032)	(2, 0.004681301531711639)	(3, 0.003060735362416473)	(4, 0.0007035482070780497)	(5, 0.00010523156943475103)	(6, 0.0)	(7, 0.0)	(8, 0.0)	(9, 0.00014431758093908713)	(10, 0.0002050512295842863)	(15, 0.00015694536927125726)	(20, 0.0018622981173681368)	(25, 0.00022790151323297508)	(30, 0.0003932654080590124)	(35, 0.0004431752381337801)	(40, 0.0029308495395712945)	(45, 0.0020523162656046015)	(50, 0.0003932654080590124)	(55, 0.0025279629594496763)	(60, 0.0010366812897457758)	(65, 0.004999401533031543)	(70, 0.0006187616282763361)	(75, 0.0009657251457840581)	(80, 3.006616269564315e-06)	(85, 0.0008244141811145352)	(90, 0.0013680104026517635)	(95, 0.0037041512441032365)	(100, 0.000478653310114639)	(105, 0.0031286848901086266)	(110, 0.0007751056742936805)	(115, 0.005126882062861071)	(120, 0.0005724597377250456)	(125, 0.007263984907267386)	(130, 0.010642218947749851)	(135, 0.0009530973574518878)	(140, 0.001408900383917838)	(145, 0.002669875247373112)	(150, 0.0004374626672216079)
NG-13640_DERL7_lib236383_5767_8_2	(1, 0.8092578284996614)	(2, 0.0008749253344432158)	(3, 0.0)	(4, 0.00035778733607815346)	(5, 0.0)	(6, 0.00022549622021732365)	(7, 0.0009110047296779875)	(8, 0.0)	(9, 0.000390860115043361)	(10, 0.0015796761880290911)	(15, 0.001799760498961199)	(20, 0.0019158158869663816)	(25, 0.00010222495316518671)	(30, 0.0010956109686292366)	(35, 0.00375526372068583)	(40, 0.00206253876092112)	(45, 0.0009380642761040662)	(50, 0.0001545400762556058)	(55, 0.004705955785122066)	(60, 0.003597115704906747)	(65, 0.0032279032270042486)	(70, 0.0028424550212461036)	(75, 0.0018851484010168256)	(80, 0.0010805778872814149)	(85, 0.000188815501728639)	(90, 0.00011966332752865975)	(95, 0.0004684308147981203)	(100, 0.002669273924119199)	(105, 0.002674685833404415)	(110, 0.0017288043549994812)	(115, 0.003854482057581452)	(120, 0.0008827425367440828)	(125, 0.0001695731576034274)	(130, 0.0030986187274129827)	(135, 0.001339146886463946)	(140, 0.002138906814168054)	(145, 0.0010517143710935975)	(150, 0.0003983766557172717)
NG-13640_DND_41_lib241218_5808_7_1	(1, 0.21837477720705506)	(2, 0.004049420124670977)	(3, 0.00012246230215738843)	(4, 0.03231099807810384)	(5, 0.0)	(6, 0.0)	(7, 0.00018505414548227586)	(8, 0.0)	(9, 0.0)	(10, 5.170630535534179e-05)	(15, 4.245359808122799e-05)	(20, 0.0014091328901576828)	(25, 0.0023730472773609494)	(30, 0.00038153810583257464)	(35, 0.00339411073890433)	(40, 0.005286017238011363)	(45, 0.00025472158848736796)	(50, 0.00197245948008167)	(55, 0.0017868610577009168)	(60, 0.00024002611222848135)	(65, 0.0020524681841578305)	(70, 0.0001540303622690708)	(75, 0.002097643166731445)	(80, 0.0015539105451526402)	(85, 0.0009911282321271304)	(90, 0.017524083300273045)	(95, 0.001470636179685616)	(100, 0.0)	(105, 0.00198443357184817)	(110, 0.0010085450928784033)	(115, 0.0012534696971931805)	(120, 0.0001507647008782071)	(125, 0.00014042343980713874)	(130, 0.0022647361745639703)	(135, 0.000762531934766672)	(140, 0.0049344143615950384)	(145, 0.0008093397480357183)	(150, 0.0032901538512951694)
NG-13640_DND_41_lib241218_5808_7_2	(1, 0.2577396038894245)	(2, 0.028226199955031846)	(3, 0.008874434829672083)	(4, 0.0)	(5, 0.0)	(6, 0.0)	(7, 0.0)	(8, 0.004245359808122799)	(9, 0.0)	(10, 0.005901050133290691)	(15, 1.9049691446704868e-05)	(20, 0.0021025416588177403)	(25, 0.0005589723747361686)	(30, 0.00024492460431477686)	(35, 5.44276898477282e-07)	(40, 0.005868393519382054)	(45, 0.01064333474972325)	(50, 0.007572524488514424)	(55, 0.0032906981281936466)	(60, 0.0023877427536198362)	(65, 0.0019751808645740564)	(70, 0.0010847438586652231)	(75, 0.0027905076584930247)	(80, 0.0024927881950259512)	(85, 0.0019163989595385098)	(90, 0.003366352617081989)	(95, 0.0033892122468180347)	(100, 0.0021390082110157183)	(105, 0.01044902789696686)	(110, 0.0038055840741531557)	(115, 0.006358787004910086)	(120, 0.0022489521445081292)	(125, 0.004013497849371477)	(130, 0.004553964809559418)	(135, 0.002981548849858551)	(140, 0.005916289886448055)	(145, 0.002519457763051338)	(150, 0.002589397344505669)
NG-13640_DOHH2_lib236386_5774_8_1	(1, 0.6149942562120503)	(2, 0.0)	(3, 0.005527487559153732)	(4, 0.0)	(5, 0.0)	(6, 2.3825377410145396e-05)	(7, 0.0)	(8, 0.0)	(9, 0.0008406954600437018)	(10, 0.00034716978511926147)	(15, 0.0005847428341518542)	(20, 0.0008835811393819635)	(25, 0.0031122750148338506)	(30, 0.001771927354245956)	(35, 0.0014288419195398626)	(40, 0.0007120384220289167)	(45, 0.0016078726126503835)	(50, 0.0003233444077091161)	(55, 0.00022804289806853452)	(60, 0.0009564187217501223)	(65, 0.0002362115988948701)	(70, 0.0007828338291904916)	(75, 0.00041864591734969766)	(80, 0.001457432372432037)	(85, 0.0001184461619818657)	(90, 0.001949596597218755)	(95, 0.0006984239206516908)	(100, 0.002147687592257392)	(105, 0.0004370254942089527)	(110, 0.0023845799162211237)	(115, 0.004311712586167455)	(120, 0.0057732293090126605)	(125, 0.0011197927382768336)	(130, 0.002902611693624571)	(135, 0.0005037365509573599)	(140, 0.0008495448859388988)	(145, 0.0019700183492845935)	(150, 0.0)
NG-13640_DOHH2_lib236386_5774_8_2	(1, 0.4859492049080141)	(2, 0.0027603401542325595)	(3, 0.002474435625310815)	(4, 0.0028692561652503674)	(5, 0.0)	(6, 0.0)	(7, 0.0)	(8, 0.0)	(9, 0.00040843504131677825)	(10, 0.0016453124914377552)	(15, 0.0006957010203762456)	(20, 0.00026207915151159935)	(25, 0.0007474361256097043)	(30, 0.00023553087382600877)	(35, 0.0008127857322203887)	(40, 0.001242323250671867)	(45, 0.0002525490005475412)	(50, 0.0007569662765737623)	(55, 0.0009339547944776996)	(60, 0.00011027746115553012)	(65, 0.001189226695300686)	(70, 0.001319925908522055)	(75, 0.0006514538909002613)	(80, 0.0007345023493013395)	(85, 0.0003042841057809998)	(90, 0.0003158564319516418)	(95, 0.002456736773520421)	(100, 0.0007181649476486684)	(105, 0.0005827006589452703)	(110, 0.0004118386666610847)	(115, 0.00019604881983205353)	(120, 0.0006296706886966999)	(125, 0.0007208878479241137)	(130, 0.0021279465652604148)	(135, 0.0012974619812496323)	(140, 0.0005507065807087893)	(145, 0.0006473695404870935)	(150, 0.0)
NG-13640_ELF_153_lib259809_5981_3_1	(1, 0.4494404975612823)	(2, 0.007901340692379277)	(3, 0.0)	(4, 0.01214223682140403)	(5, 0.0)	(6, 4.499624540079314e-06)	(7, 0.0)	(8, 2.0248310430356916e-05)	(9, 0.0)	(10, 0.004142354351597016)	(15, 0.0011213064353877652)	(20, 0.00027717687166888574)	(25, 0.0002177818277398388)	(30, 0.0005494041563436843)	(35, 0.0014218813546650632)	(40, 0.00267997637607124)	(45, 0.001662161305105299)	(50, 0.000820731516110467)	(55, 0.0005494041563436843)	(60, 0.0021760184275823567)	(65, 0.008542537189340579)	(70, 0.0006411964969613023)	(75, 0.017803214455277813)	(80, 0.008475942746147404)	(85, 0.0014538286888996265)	(90, 0.014925254599443084)	(95, 0.01339088263127604)	(100, 0.0014479791769975233)	(105, 0.001056061879556615)	(110, 0.0035299554516922222)	(115, 0.0009701190508411002)	(120, 0.0006110490125427709)	(125, 0.00016423629571289496)	(130, 0.0006740437561038813)	(135, 0.001811548839835932)	(140, 0.0004220647818594397)	(145, 0.007879742494586894)	(150, 0.0007064410527924524)
NG-13640_ELF_153_lib259809_5981_3_2	(1, 0.4564284144720254)	(2, 0.03903424288518805)	(3, 0.0018200981264620826)	(4, 7.199399264126903e-05)	(5, 0.0022588115191198156)	(6, 0.01694108639339862)	(7, 0.0)	(8, 0.017611530449870436)	(9, 0.0061599859953685825)	(10, 0.008196966024662487)	(15, 0.005166918859373077)	(20, 0.00820101568674856)	(25, 0.00533790459189609)	(30, 0.009866776691485921)	(35, 0.011946053191456573)	(40, 0.007131004971117698)	(45, 0.007434279665119043)	(50, 0.008188866700490344)	(55, 0.0037949833371028934)	(60, 0.006689141841281909)	(65, 0.0057014742547345)	(70, 0.004216598156508326)	(75, 0.004788500435552407)	(80, 0.008852561320152042)	(85, 0.005626330524915174)	(90, 0.007005015483995476)	(95, 0.004979734478505777)	(100, 0.00898800001880843)	(105, 0.004626963914563559)	(110, 0.004862294278009707)	(115, 0.012067993016492721)	(120, 0.006436262942129451)	(125, 0.008347703446755145)	(130, 0.006352569925683977)	(135, 0.003161436201859726)	(140, 0.005941304242720727)	(145, 0.1905487501359168)	(150, 0.0003813431797717219)
NG-13640_EM_2_lib259814_5981_7_1	(1, 0.7437894548860148)	(2, 0.0)	(3, 0.0011445378953002362)	(4, 0.03225383509020386)	(5, 0.0)	(6, 0.002632728390207159)	(7, 0.002125986421295604)	(8, 0.0002038617116310853)	(9, 0.0)	(10, 0.0003500596819722351)	(15, 0.0)	(20, 0.0)	(25, 0.0007886535929956843)	(30, 0.0006581820975517898)	(35, 0.004093543169552193)	(40, 0.00012231702697865118)	(45, 0.0003617089226368685)	(50, 0.00015551736287285653)	(55, 2.6793253528656926e-05)	(60, 0.0006680839521167281)	(65, 0.0007606954154005641)	(70, 0.0005300404502408219)	(75, 0.0001246468751115779)	(80, 0.0024970147364641792)	(85, 0.00023531466142559564)	(90, 0.0016914697445047763)	(95, 0.0034889475790577176)	(100, 0.001047266735750547)	(105, 0.0005236333678752734)	(110, 0.0027334943219562385)	(115, 0.0006605119456847164)	(120, 5.47514311237772e-05)	(125, 0.0017730144291572107)	(130, 0.0)	(135, 0.0003197716562441881)	(140, 0.0002085214078969387)	(145, 6.989544398780069e-06)	(150, 0.0010571685903154853)
NG-13640_EM_2_lib259814_5981_7_2	(1, 0.7952266770407038)	(2, 0.053467102340501366)	(3, 0.0)	(4, 0.005644057102014905)	(5, 0.001272679542611204)	(6, 0.009386375665528399)	(7, 0.0)	(8, 0.00019221247096645188)	(9, 0.009791186778624412)	(10, 0.004609022068962223)	(15, 0.005197891184559445)	(20, 0.0037504730319787385)	(25, 0.004011998484899759)	(30, 0.004547863555472898)	(35, 0.004589800821865578)	(40, 0.003463319249595524)	(45, 0.004302064577449132)	(50, 0.002687479821330936)	(55, 0.004075486846522011)	(60, 0.002158021833123346)	(65, 0.0069732354618495815)	(70, 0.0020345398820782318)	(75, 0.002632728390207159)	(80, 0.004131985663745483)	(85, 0.0041279084295128615)	(90, 0.0016204093764505124)	(95, 0.0056353201715164305)	(100, 0.0014118879685535738)	(105, 0.005897428086470683)	(110, 0.0023665432410202845)	(115, 0.005851413585845381)	(120, 0.002113172256564507)	(125, 0.004070827150256158)	(130, 0.0036392227836314892)	(135, 0.004930541111306107)	(140, 0.002943763115952872)	(145, 0.0033281880578857758)	(150, 0.004428167607643789)
NG-13640_EOL_1_lib248390_5885_6_1	(1, 0.0642143950406932)	(2, 0.00836813104096825)	(3, 0.0)	(4, 0.005103458865116821)	(5, 0.0030554688998272227)	(6, 0.0)	(7, 0.001869066110795211)	(8, 0.0003082995646672513)	(9, 3.578477089887738e-05)	(10, 7.707489116681282e-06)	(15, 4.954814432152253e-06)	(20, 0.00042721511103890544)	(25, 0.0006314635726309593)	(30, 6.606419242869671e-06)	(35, 0.0)	(40, 0.0018613586216785299)	(45, 0.0004745611156128047)	(50, 9.138879952636379e-05)	(55, 0.00021801183501469915)	(60, 0.0011632803216819678)	(65, 9.744468383232765e-05)	(70, 0.0014677261417908787)	(75, 0.00011506180181331343)	(80, 0.0002059000664027714)	(85, 0.00012827464029905276)	(90, 6.055884305963866e-06)	(95, 6.661472736560252e-05)	(100, 0.0)	(105, 0.0014479068840622697)	(110, 6.55136574917909e-05)	(115, 4.844707444771093e-05)	(120, 8.973719471564637e-05)	(125, 9.3590939273987e-06)	(130, 0.0004486859735782318)	(135, 0.0012943076366655497)	(140, 0.008961607702952708)	(145, 0.005185488570715786)	(150, 6.055884305963865e-05)
NG-13640_EOL_1_lib248390_5885_6_2	(1, 0.05369642507110778)	(2, 2.7526746845290297e-06)	(3, 0.0)	(4, 3.3032096214348356e-05)	(5, 0.0)	(6, 0.0)	(7, 0.0)	(8, 0.0)	(9, 0.0)	(10, 0.0007624908876145412)	(15, 0.0001745195749991405)	(20, 0.003984221338387318)	(25, 0.0006507322954226626)	(30, 0.006130757057383055)	(35, 0.0008103874271253462)	(40, 0.0002422353722385546)	(45, 0.0013427547111132605)	(50, 0.00045253971813657246)	(55, 0.008631286740809225)	(60, 0.005813098398788404)	(65, 0.003411114469068374)	(70, 0.009951469519509348)	(75, 0.0038669573968263806)	(80, 0.003434787471355323)	(85, 0.003394598420961199)	(90, 0.0012656798199464478)	(95, 0.0027064297498289418)	(100, 0.0028787471850804593)	(105, 0.0016064609458911415)	(110, 0.0030362001770355197)	(115, 0.0003672068029161726)	(120, 0.0026260516490406944)	(125, 0.003525075201007875)	(130, 0.0016945465357960708)	(135, 0.001900446602198842)	(140, 0.002530258570019084)	(145, 0.0012662303548833537)	(150, 0.0031862209473423517)
NG-13640_F_36P_lib248396_5885_1_1	(1, 0.23665481801948457)	(2, 0.009771418203368474)	(3, 0.00038744198521420696)	(4, 0.0)	(5, 0.0014709661811522434)	(6, 0.0020203895613147625)	(7, 0.0)	(8, 0.0)	(9, 0.0)	(10, 0.00053541417843726)	(15, 0.0008707594447356583)	(20, 0.003195849143574814)	(25, 0.00011119803869424696)	(30, 0.0019656661170754683)	(35, 0.0031507570255216353)	(40, 0.003509305032177495)	(45, 0.007811005536939978)	(50, 0.00021670483918760728)	(55, 0.0003646770324106603)	(60, 0.003991746916591117)	(65, 1.0506901293944596e-05)	(70, 0.001464399367843528)	(75, 0.0005056446247710836)	(80, 0.0019070025848509438)	(85, 0.004768382037235189)	(90, 0.005404049565518837)	(95, 0.004832736807660599)	(100, 0.010219274871022862)	(105, 0.004767944249681274)	(110, 0.011867545011510421)	(115, 0.004734672395583782)	(120, 0.0023517947396279318)	(125, 0.0029576927142454033)	(130, 0.002181057593601332)	(135, 0.0026131539093148036)	(140, 0.0018999979839883143)	(145, 0.0020203895613147625)	(150, 0.0027339832741951667)
NG-13640_F_36P_lib248396_5885_1_2	(1, 0.1602039774794202)	(2, 0.002968199615539348)	(3, 0.0)	(4, 0.0025479235637815645)	(5, 0.0022042603339587933)	(6, 0.00033052960320534037)	(7, 0.00374089464819819)	(8, 0.0002561057190398995)	(9, 0.0003086402255096225)	(10, 0.0031695818903399527)	(15, 0.0004977644488006252)	(20, 0.00016154360739439815)	(25, 0.0011934088719705402)	(30, 0.0004194004766499551)	(35, 0.0010848375585997795)	(40, 0.002944996875181887)	(45, 0.0024012647332202542)	(50, 0.002512900559468416)	(55, 0.002500204720404899)	(60, 0.01036462033892243)	(65, 0.014992034783797193)	(70, 0.008461995629610627)	(75, 0.00637768908542437)	(80, 0.011136877584027356)	(85, 0.0047035894792558635)	(90, 0.008220336899849901)	(95, 0.009782362892216331)	(100, 0.00624416388148049)	(105, 0.002026956374623478)	(110, 0.0021582926407977855)	(115, 0.0006676260197193962)	(120, 0.002397762432788939)	(125, 0.010326970609285793)	(130, 0.0019074403724048585)	(135, 6.080057903533031)	(140, 0.001614998286390067)	(145, 0.0047316078827063825)	(150, 0.006926893571809932)
NG-13640_GRANTA_519_lib241206_5808_6_1	(1, 0.26871887965298175)	(2, 0.12606720662388388)	(3, 0.0002955647478156944)	(4, 0.0015308738220197505)	(5, 0.0)	(6, 0.0)	(7, 0.00024756705372596625)	(8, 0.0015106642666135493)	(9, 0.0002955647478156944)	(10, 0.0)	(15, 0.0002106846151096488)	(20, 0.000791709333037937)	(25, 0.0014651927669495962)	(30, 0.0026095588418257464)	(35, 0.0013727340509662252)	(40, 0.003949957604142049)	(45, 0.0009473229096656872)	(50, 0.00044865213001766944)	(55, 0.0009564172095984778)	(60, 0.0012161099965681647)	(65, 0.0004794717020121265)	(70, 0.00033093146977654673)	(75, 0.0010028991870327409)	(80, 0.0018072394921995537)	(85, 0.0005865823456649936)	(90, 0.023515333431770712)	(95, 0.00274243666862152)	(100, 0.0006724729561413492)	(105, 0.0019522430522390481)	(110, 0.17799869067342913)	(115, 0.002919270278425782)	(120, 0.004071720175464412)	(125, 0.001050896881122469)	(130, 0.00274344714639183)	(135, 0.0035088840574017057)	(140, 0.0022432606500883473)	(145, 0.0011049574418340576)	(150, 0.005019548324015255)
NG-13640_GRANTA_519_lib241206_5808_6_2	(1, 0.310704231009365)	(2, 0.005865823456649936)	(3, 2.526194425775166e-06)	(4, 0.0)	(5, 0.0)	(6, 0.0)	(7, 0.0055273134035960635)	(8, 0.0)	(9, 0.0)	(10, 7.780678831387511e-05)	(15, 0.0007371435334411935)	(20, 9.90268214903865e-05)	(25, 0.0010160353980467717)	(30, 0.0012737072294758385)	(35, 0.000744216877833364)	(40, 0.0006891458393514652)	(45, 0.00014601403780980458)	(50, 0.0004274320968411581)	(55, 0.0008877047212173933)	(60, 0.0)	(65, 0.0002859652089977488)	(70, 0.0009084195155087498)	(75, 0.0007709945387465807)	(80, 0.00027080804244309774)	(85, 0.0003637719973116239)	(90, 0.0008296022494245644)	(95, 0.0013914278897169613)	(100, 3.132481087961206e-05)	(105, 0.00046734596876840575)	(110, 0.0010008782314921208)	(115, 0.0017456003482106395)	(120, 0.0007027872892506512)	(125, 0.0013853650230951009)	(130, 0.0013601030788373493)	(135, 0.0014293208061035888)	(140, 0.0017935980423003678)	(145, 0.0006664100895194888)	(150, 0.0008740632713182073)
NG-13640_HAIRM_lib236393_5774_5_1	(1, 0.28143937116470086)	(2, 0.007703270370384108)	(3, 0.0051274623831537676)	(4, 0.004161318730877149)	(5, 0.0)	(6, 1.7252565219225326e-05)	(7, 0.0)	(8, 0.0)	(9, 0.00010179013479342942)	(10, 4.382151565683233e-05)	(15, 2.001297565430138e-05)	(20, 4.830718261383091e-06)	(25, 0.0004278636174367881)	(30, 0.000184602447845711)	(35, 0.0005627786774511301)	(40, 8.626282609612663e-06)	(45, 0.00033021409829597277)	(50, 0.0004682346200497754)	(55, 6.659490174620976e-05)	(60, 0.0006945882757260117)	(65, 0.005501497997106572)	(70, 0.00087056444096211)	(75, 0.00016562462610456315)	(80, 0.0010562020427209746)	(85, 0.0005900377304975062)	(90, 0.0009606228314064661)	(95, 0.00031848235394689954)	(100, 0.0004385602078727078)	(105, 0.00014457649653710824)	(110, 0.0010624129661998957)	(115, 0.001102783968812883)	(120, 0.004614371093534006)	(125, 0.0014764745314613035)	(130, 9.247374957504775e-05)	(135, 0.001507529148855909)	(140, 0.0008491712600902706)	(145, 0.0015227114062488273)	(150, 3.019198913364432e-05)
NG-13640_HAIRM_lib236393_5774_5_2	(1, 0.5536020380110241)	(2, 0.031106375090263264)	(3, 0.0005382800348398303)	(4, 0.0003743806652571896)	(5, 0.0)	(6, 0.0)	(7, 0.0)	(8, 0.0)	(9, 0.00020703078263070395)	(10, 0.0001059307504460435)	(15, 0.001027907835761445)	(20, 0.006421404774595667)	(25, 0.0014385188879790078)	(30, 0.001049646067937669)	(35, 0.0007770555374739087)	(40, 5.8658721745366116e-06)	(45, 0.0006159165783263442)	(50, 0.0003274536878608967)	(55, 0.000764288639211682)	(60, 0.0009078299818356367)	(65, 0.0006017694748465794)	(70, 0.0003529874843853502)	(75, 0.0015499704592952033)	(80, 0.0007884422305185975)	(85, 0.001214580591433463)	(90, 0.0007425504070354581)	(95, 0.0009171463670540184)	(100, 0.001655901209741247)	(105, 0.0002004748078473983)	(110, 0.0010282528870658295)	(115, 8.039695392159001e-05)	(120, 0.0005475964200582119)	(125, 0.0010910522244638099)	(130, 0.0005158517000548373)	(135, 1.6562462610456315e-05)	(140, 2.725905304637602e-05)	(145, 0.0002218679887192377)	(150, 4.054352826517952e-05)
NG-13640_HC1_lib236394_5774_5_1	(1, 0.2912206776217868)	(2, 0.007765644818171063)	(3, 0.0057271951853310596)	(4, 0.0042516969643346374)	(5, 0.0)	(6, 1.5423326351878973e-05)	(7, 0.0)	(8, 0.0)	(9, 7.968718615137471e-05)	(10, 4.21570920284692e-05)	(15, 1.696565898706687e-05)	(20, 3.598776148771761e-06)	(25, 0.00042105680940629606)	(30, 0.00018662224885773558)	(35, 0.000557296192181227)	(40, 6.683441419147556e-06)	(45, 0.00029355731156409647)	(50, 0.0005218225415719053)	(55, 6.117919452911994e-05)	(60, 0.0007464889954309423)	(65, 0.0056762982083698585)	(70, 0.0009048351459768998)	(75, 0.0001521768200052059)	(80, 0.0011161347169976418)	(85, 0.0006138483888047831)	(90, 0.0009896634409122342)	(95, 0.0003521659517012366)	(100, 0.0004637280123131612)	(105, 0.0001367534936533269)	(110, 0.0011063666103081184)	(115, 0.001116648827876038)	(120, 0.004727249526850906)	(125, 0.001459046672887751)	(130, 8.73988493273142e-05)	(135, 0.0014945203234970727)	(140, 0.0008760449367867259)	(145, 0.0015536430745126087)	(150, 1.2852771959899146e-05)
NG-13640_HC1_lib236394_5774_5_2	(1, 0.564938450388583)	(2, 0.03183117503588622)	(3, 0.0004884053344761676)	(4, 0.0004986875520440868)	(5, 0.0)	(6, 0.0)	(7, 0.0)	(8, 0.0)	(9, 0.00020821490575036617)	(10, 0.00010539273007117299)	(15, 0.0010739776249691726)	(20, 0.006604268343874577)	(25, 0.0014760123318748178)	(30, 0.001096084392740199)	(35, 0.0007881319765810156)	(40, 4.112887027167727e-06)	(45, 0.0006482938176573129)	(50, 0.0003598776148771761)	(55, 0.0008025270811761027)	(60, 0.0009382523530726377)	(65, 0.0006272152716430783)	(70, 0.0003871254914321623)	(75, 0.0016184210451905003)	(80, 0.0008359442882718405)	(85, 0.0012811643089627469)	(90, 0.0007629405435396133)	(95, 0.0009444216836133892)	(100, 0.0017248419970184654)	(105, 0.00022003945595347335)	(110, 0.0010693506270636089)	(115, 6.580619243468363e-05)	(120, 0.0005794029599522535)	(125, 0.0011125359408488702)	(130, 0.000557296192181227)	(135, 7.711663175939487e-06)	(140, 1.7479769865462836e-05)	(145, 0.0002030737969664065)	(150, 3.084665270375795e-05)
NG-13640_HDLM_2_lib227487_5697_4_1	(1, 0.802671394671309)	(2, 0.06002707261807055)	(3, 0.0)	(4, 0.0037175384240099195)	(5, 0.0)	(6, 0.0)	(7, 0.0)	(8, 0.0)	(9, 0.0)	(10, 0.0011278564661258508)	(15, 0.0004412291506529805)	(20, 0.002310968148171412)	(25, 0.0008085138211781136)	(30, 0.0003018722457966524)	(35, 0.10720527609304671)	(40, 0.004634531235265699)	(45, 0.10285880329959772)	(50, 0.08765102398275453)	(55, 0.12125391474063303)	(60, 0.18629133531989375)	(65, 0.17420263168404776)	(70, 0.17002395598011966)	(75, 0.008524742209024713)	(80, 0.003709006368610552)	(85, 0.001396006778677386)	(90, 0.002851737945150341)	(95, 0.0009588405115479136)	(100, 0.007079168251360528)	(105, 0.003447762958048981)	(110, 0.0028188285886099253)	(115, 0.001041317047075128)	(120, 0.002695316929495279)	(125, 9.019601422188e-05)	(130, 0.0019164621580387744)	(135, 0.002558804043105407)	(140, 0.0007256309972985481)	(145, 0.002636811406756762)	(150, 0.0016292162929267512)
NG-13640_HDLM_2_lib227487_5697_4_2	(1, 0.8829641303046378)	(2, 0.05280326571327312)	(3, 0.00030268482250135403)	(4, 0.0)	(5, 0.003390476300367516)	(6, 0.0)	(7, 0.030684927811294987)	(8, 0.0016129647588327188)	(9, 0.0242025971495378)	(10, 0.0002746509261891481)	(15, 0.0010526931209409508)	(20, 4.062883523508108e-05)	(25, 0.00034087592762233027)	(30, 0.0006533116705801039)	(35, 0.03163157967227238)	(40, 0.0018608006537667134)	(45, 0.0018693327091660807)	(50, 0.0028436121781033248)	(55, 0.0011546714973810043)	(60, 0.0023804434564234003)	(65, 0.00201437765095532)	(70, 0.00159346291791988)	(75, 0.0019408394591798233)	(80, 0.0005029849802103038)	(85, 0.0016089018753092108)	(90, 0.002141139616888773)	(95, 0.0021907067958755718)	(100, 0.003249087953749434)	(105, 0.00551211407634345)	(110, 0.002967530125570322)	(115, 0.0013281566238348005)	(120, 0.003152391325889941)	(125, 0.0018222032602933863)	(130, 0.003973500085990929)	(135, 0.003193426449477373)	(140, 0.001934745133894561)	(145, 0.0015983383781480898)	(150, 0.002677440241991843)
NG-13640_HEL_lib248397_5885_1_1	(1, 0.23626501278440695)	(2, 0.009830611675330354)	(3, 0.0004182782624240495)	(4, 0.0)	(5, 0.0014714814770405023)	(6, 0.0020635060946253107)	(7, 0.0)	(8, 0.0)	(9, 0.0)	(10, 0.0005431182361321505)	(15, 0.0008661577557273395)	(20, 0.0032012229684187255)	(25, 0.00013384904397569585)	(30, 0.0019875725023698683)	(35, 0.003242836292988093)	(40, 0.003505815344132649)	(45, 0.007916398745139473)	(50, 0.00020935363288506273)	(55, 0.0004045501553496192)	(60, 0.004155326410091635)	(65, 6.006046845063275e-06)	(70, 0.0015238198852617682)	(75, 0.0005079399617539227)	(80, 0.0019180739603055644)	(85, 0.0048953571820726455)	(90, 0.005433327378051884)	(95, 0.00488849312853543)	(100, 0.01043550639329744)	(105, 0.0049558466538693535)	(110, 0.012107761436301486)	(115, 0.004888922131881506)	(120, 0.002332920195961006)	(125, 0.002908642686394929)	(130, 0.002154025800647336)	(135, 0.0025787391132625244)	(140, 0.0019335180807642986)	(145, 0.0020000135994060705)	(150, 0.0026909234882613853)
NG-13640_HEL_lib248397_5885_1_2	(1, 0.1627381293004502)	(2, 0.0027606365319987267)	(3, 1.2870100382278448e-05)	(4, 0.0026641107791316385)	(5, 0.0022329624163253104)	(6, 0.00035392776051265727)	(7, 0.0039017854325607494)	(8, 0.00027241712475822714)	(9, 0.0003024473589835435)	(10, 0.003099549175398726)	(15, 0.0004954988647177202)	(20, 0.00016774030831569577)	(25, 0.0012106474426263258)	(30, 0.00041956527246227735)	(35, 0.0011544480042903766)	(40, 0.0029674161448073337)	(45, 0.0024251559153673353)	(50, 0.0025049505377374615)	(55, 0.0024603341897455632)	(60, 0.010501572908593137)	(65, 0.015281528190571353)	(70, 0.008436779803929598)	(75, 0.006389575836455172)	(80, 0.011471549474070855)	(85, 0.0046821425190728995)	(90, 0.008520864459760484)	(95, 0.010014225107450859)	(100, 0.0063471045051936535)	(105, 0.00208795928535164)	(110, 0.0021420137069572093)	(115, 0.0006374989722688591)	(120, 0.0023891196342969555)	(125, 0.010646147036220731)	(130, 0.0019180739603055644)	(135, 6.358323800700232)	(140, 0.0016224906548592362)	(145, 0.004794112392398722)	(150, 0.006890866246344918)
NG-13640_HG_3_lib227479_5697_4_1	(1, 0.7872734770325)	(2, 0.05620960440776928)	(3, 0.0)	(4, 0.003729168561031752)	(5, 0.0)	(6, 0.0)	(7, 0.0)	(8, 0.0)	(9, 0.0)	(10, 0.001189360766309374)	(15, 0.00042538865461682403)	(20, 0.0023100547345638496)	(25, 0.0008188191768055821)	(30, 0.00029539679163239355)	(35, 0.10505933729068584)	(40, 0.004675820267549598)	(45, 0.10101576980522661)	(50, 0.08795223537527301)	(55, 0.1205819204509828)	(60, 0.18292144015177866)	(65, 0.17270736190777614)	(70, 0.1670032671360208)	(75, 0.008101818437169157)	(80, 0.0036799357624263526)	(85, 0.0013176251626760712)	(90, 0.002855934185767571)	(95, 0.0009824966388358117)	(100, 0.007120185531642211)	(105, 0.003425134436310692)	(110, 0.0028982571179020367)	(115, 0.0010325931707500775)	(120, 0.0026957116569728077)	(125, 0.00010753479695389765)	(130, 0.0019127374124851917)	(135, 0.0025769483270036437)	(140, 0.0007397875790442839)	(145, 0.002611065792703876)	(150, 0.001596826954767215)
NG-13640_HG_3_lib227479_5697_4_2	(1, 0.8403801195281658)	(2, 0.0535557838162765)	(3, 0.0003217406575528263)	(4, 0.0)	(5, 0.0032217252420725963)	(6, 0.0)	(7, 0.030699241130392827)	(8, 0.0014769839581619678)	(9, 0.024437174641109637)	(10, 0.00026862105905752745)	(15, 0.001017477837844911)	(20, 3.714053228126585e-05)	(25, 0.00032908239067819283)	(30, 0.0006590285146652522)	(35, 0.031977998294169904)	(40, 0.0018863935465647588)	(45, 0.0018967583462711586)	(50, 0.0028684583187461375)	(55, 0.0011487653007926416)	(60, 0.0024305455311507468)	(65, 0.0019805404772312235)	(70, 0.0015866780883880321)	(75, 0.001966288877634924)	(80, 0.0005471750511670214)	(85, 0.0015858143550791656)	(90, 0.0021183059399954535)	(95, 0.002154582738967853)	(100, 0.003131033244641598)	(105, 0.00552832504340098)	(110, 0.0029410119166909357)	(115, 0.0013556294282662039)	(120, 0.003153490310672131)	(125, 0.0018172948818554271)	(130, 0.0038984602895696147)	(135, 0.0031992681760420636)	(140, 0.0019485823448031575)	(145, 0.0016760744858557303)	(150, 0.0026505815915845252)
NG-13640_HH_lib241222_5808_1_1	(1, 0.5398086930945766)	(2, 0.0012808612447757464)	(3, 0.0)	(4, 0.027922775136111275)	(5, 0.0)	(6, 0.0)	(7, 0.0)	(8, 0.0)	(9, 0.0)	(10, 0.0002264436175949221)	(15, 0.0002239135213089453)	(20, 0.001948174140202123)	(25, 0.0023542545941013966)	(30, 2.3403390645285244e-05)	(35, 0.00029538874138778943)	(40, 0.0008665579779470482)	(45, 0.0004737605295491527)	(50, 0.0007957152819396984)	(55, 0.00018849217330527035)	(60, 9.424608665263517e-05)	(65, 0.0)	(70, 0.0002991838858167546)	(75, 0.00306774174674685)	(80, 0.005180372145537463)	(85, 8.475822558022224e-05)	(90, 0.010871191216770743)	(95, 0.007794594133022975)	(100, 6.957764786436154e-06)	(105, 0.0017944707908290336)	(110, 0.010493574346088708)	(115, 0.0072215273242492335)	(120, 0.0001650887826599851)	(125, 0.002535156478548737)	(130, 0.0024738016436137997)	(135, 0.005696511787876728)	(140, 0.003187288796259253)	(145, 0.0030728019393188033)	(150, 0.0007922363995464803)
NG-13640_HH_lib241222_5808_1_2	(1, 0.26498330927106345)	(2, 0.0002688227303850332)	(3, 0.0061987359006431195)	(4, 0.0)	(5, 0.0)	(6, 0.0)	(7, 0.0)	(8, 0.00024035914716779444)	(9, 0.0021790454262975044)	(10, 0.0011379108046180584)	(15, 0.000888696320449345)	(20, 0.00042379112790111117)	(25, 2.7198535074250423e-05)	(30, 0.00046111004811926875)	(35, 0.0003972251168983549)	(40, 0.0004086105501852505)	(45, 0.0009184249518095724)	(50, 9.740870701010614e-05)	(55, 6.957764786436154e-06)	(60, 0.0009127322351661246)	(65, 0.0009740870701010615)	(70, 0.0014680883699380285)	(75, 0.0002821057358864113)	(80, 0.001018363755105655)	(85, 0.00044845956668938477)	(90, 0.0016047135693807747)	(95, 0.0017166703300352474)	(100, 0.0009804123108160035)	(105, 0.0008798409834484264)	(110, 0.002025974600995909)	(115, 0.0028760869530841085)	(120, 0.0008671905020185425)	(125, 0.002492777365758626)	(130, 0.0019241382254853437)	(135, 0.001159416623048861)	(140, 0.0028027141607907813)	(145, 0.0005079168294098392)	(150, 0.001818506705545813)
NG-13640_HL60_lib236384_5767_8_1	(1, 0.9144637089239307)	(2, 0.00481323187651422)	(3, 0.0035545415322374894)	(4, 0.0006545189790239002)	(5, 0.0001409733185589939)	(6, 0.0)	(7, 0.0)	(8, 0.0)	(9, 0.00012335165373911965)	(10, 0.00023159902334691856)	(15, 0.00016514017316910713)	(20, 0.0018653790902181154)	(25, 0.00022455035741896883)	(30, 0.0004022774340308433)	(35, 0.0004264442886409565)	(40, 0.0028869321736331105)	(45, 0.00204310616682999)	(50, 0.0004052982908571075)	(55, 0.0025058007373861164)	(60, 0.0010240704641035485)	(65, 0.005025195330490422)	(70, 0.0006681128347420889)	(75, 0.0009566046616503158)	(80, 4.02780910168554e-06)	(85, 0.0008307356272226425)	(90, 0.0013800280934650082)	(95, 0.0036884661848685333)	(100, 0.0004883718535793717)	(105, 0.0031804587619184447)	(110, 0.0008156313430913219)	(115, 0.005131932271685088)	(120, 0.0006142408880070448)	(125, 0.007376428893599356)	(130, 0.010734614732129675)	(135, 0.000975736754883322)	(140, 0.0014535356095707692)	(145, 0.0026467740559451103)	(150, 0.00043928293015257924)
NG-13640_HL60_lib236384_5767_8_2	(1, 0.8142442663319288)	(2, 0.0009339482354533347)	(3, 0.0)	(4, 0.00036502019984025207)	(5, 0.0)	(6, 0.00021145997783849087)	(7, 0.0009188439513220137)	(8, 1.006952275421385e-05)	(9, 0.0003549506770860382)	(10, 0.0015874602622018134)	(15, 0.0018210731900995746)	(20, 0.0018920633255167824)	(25, 0.00010069522754213849)	(30, 0.0010960675517961776)	(35, 0.0037584493680103198)	(40, 0.002069790402128657)	(45, 0.0009717089457816365)	(50, 0.00014550460379839013)	(55, 0.0046959219364276295)	(60, 0.003597337003942898)	(65, 0.003199590855151451)	(70, 0.0027892578029172365)	(75, 0.0018739381845591975)	(80, 0.0011096614075143663)	(85, 0.00019736264598259147)	(90, 0.00011177170257177373)	(95, 0.0004541354762150446)	(100, 0.0026714443866929344)	(105, 0.00263922191387945)	(110, 0.0016997354409112979)	(115, 0.003869214118306672)	(120, 0.0008750415273411835)	(125, 0.00017017493454621406)	(130, 0.0030440167285988467)	(135, 0.0013598890479565805)	(140, 0.002151353536437789)	(145, 0.0010492442709890831)	(150, 0.0003662788901845288)
NG-13640_HPB_ALL_lib241219_5808_7_1	(1, 0.2339924538496236)	(2, 0.004625619695267223)	(3, 7.035163034626956e-05)	(4, 0.03340236782482256)	(5, 0.0)	(6, 0.0)	(7, 0.00016415380414129562)	(8, 0.0)	(9, 0.0)	(10, 4.8073614069950866e-05)	(15, 5.334998634592108e-05)	(20, 0.0013923760172699182)	(25, 0.0025338312196381417)	(30, 0.0003916240755942338)	(35, 0.003495889764623378)	(40, 0.00560878372935634)	(45, 0.0003066158555924915)	(50, 0.0021592087880442563)	(55, 0.0019241170899704722)	(60, 0.00026440487738472974)	(65, 0.002234250527080277)	(70, 0.00015477358676179302)	(75, 0.0021422071440439076)	(80, 0.0016192600251366375)	(85, 0.0010464805014007597)	(90, 0.01852417053375899)	(95, 0.0015072836801688252)	(100, 0.0)	(105, 0.0021052725381121165)	(110, 0.0010793112622290188)	(115, 0.0014738666557543472)	(120, 0.00016180874979641996)	(125, 0.00011842524441622042)	(130, 0.0023608834617035624)	(135, 0.0007574525533948355)	(140, 0.005158533295140215)	(145, 0.0008840854880181207)	(150, 0.003551291673521065)
NG-13640_HPB_ALL_lib241219_5808_7_2	(1, 0.27487554503459954)	(2, 0.03204516762272578)	(3, 0.009811121115373508)	(4, 0.0)	(5, 0.0)	(6, 0.0)	(7, 0.0)	(8, 0.004646138920784885)	(9, 0.0)	(10, 0.006434829122338788)	(15, 1.7001644000348476e-05)	(20, 0.0024312350920498316)	(25, 0.0005663306242874699)	(30, 0.0002573697143501028)	(35, 0.0)	(40, 0.006515733497236997)	(45, 0.01222594082700921)	(50, 0.008409951144310306)	(55, 0.003789021557732835)	(60, 0.002699157550951875)	(65, 0.0022301466819767447)	(70, 0.0011396964116095667)	(75, 0.003038017903786407)	(80, 0.0027982360970228715)	(85, 0.002155104942940724)	(90, 0.0037386028893180074)	(95, 0.0036190051177293495)	(100, 0.0023802301600487864)	(105, 0.011553496493616117)	(110, 0.00407687697856632)	(115, 0.006787759801242574)	(120, 0.0023397779725996817)	(125, 0.004281482970156721)	(130, 0.005050660795275935)	(135, 0.0031054382162015817)	(140, 0.006280055535576996)	(145, 0.002788855879643369)	(150, 0.0026645679993649593)
NG-13640_HT_1080_lib259823_5972_8_1	(1, 6.641400080776659)	(2, 0.0005718360344340385)	(3, 0.004131354720686368)	(4, 0.0)	(5, 0.0005846862823988483)	(6, 0.0)	(7, 1.927537194721478e-05)	(8, 0.000173478347524933)	(9, 0.0)	(10, 0.001039585060353117)	(15, 4.626089267331547e-05)	(20, 0.0003932175877231815)	(25, 0.0)	(30, 0.001228483705435822)	(35, 0.0014263775240938937)	(40, 0.00012721745485161755)	(45, 0.0009444932254135241)	(50, 0.0015099041358651577)	(55, 0.0019776531617842364)	(60, 0.001662822086646395)	(65, 0.0008943772583507657)	(70, 0.003229267313556716)	(75, 0.0005821162328058864)	(80, 0.0005204350425747991)	(85, 0.004863818854680529)	(90, 0.0007016235388786179)	(95, 0.0010010343164586876)	(100, 0.003460571776923294)	(105, 0.0014135272761290837)	(110, 0.0004960195714416603)	(115, 0.0014122422513326027)	(120, 0.001558735078131435)	(125, 0.0007067636380645419)	(130, 0.0003251112735096893)	(135, 0.0006836331917278842)	(140, 0.0006862032413208461)	(145, 0.00023515953775602033)	(150, 9.958942172727636e-05)
NG-13640_HT_1080_lib259823_5972_8_2	(1, 5.002935639147561)	(2, 0.0029105811640294317)	(3, 0.0)	(4, 0.0)	(5, 0.0015677302517068021)	(6, 6.425123982404927e-06)	(7, 6.425123982404927e-06)	(8, 0.0)	(9, 0.0)	(10, 0.0006322321998686448)	(15, 0.001220773556656936)	(20, 0.00023258948816305835)	(25, 0.00029298565359766465)	(30, 0.00039707266211262443)	(35, 0.00011693725647976967)	(40, 0.00013749765322346543)	(45, 1.2850247964809853e-06)	(50, 5.22098378671364)	(55, 0.0013402808627296676)	(60, 0.0004446185795824209)	(65, 0.0001644831739495661)	(70, 0.00024672476092434917)	(75, 0.0002737102816504499)	(80, 0.0002981257527835886)	(85, 0.00016319814915308512)	(90, 0.00061295682792143)	(95, 0.0004060678356879914)	(100, 0.0016898076073724956)	(105, 3.855074389442956e-05)	(110, 0.0006168119023108729)	(115, 0.0012927349452598713)	(120, 0.00047031907551204065)	(125, 0.0006707829437630744)	(130, 0.00038550743894429556)	(135, 0.0031907165696622862)	(140, 0.0012837397716845042)	(145, 0.0018851313764376052)	(150, 1.2850247964809854e-05)
NG-13640_HT_1080_lib259823_5988_1_1	(1, 0.45195803297784626)	(2, 0.09943734273017012)	(3, 0.0)	(4, 0.027318869832982654)	(5, 0.003853339824478839)	(6, 0.0)	(7, 0.0)	(8, 0.0)	(9, 0.0)	(10, 0.000572289226281962)	(15, 7.355616150848975e-05)	(20, 0.0)	(25, 0.0025382448156906884)	(30, 0.002244577413304521)	(35, 0.0006023803832627078)	(40, 0.002299744534435888)	(45, 0.006196549363442471)	(50, 0.004310836859315733)	(55, 0.0007483782189841041)	(60, 0.0017352567192230085)	(65, 0.0007907287362162649)	(70, 7.968584163419724e-05)	(75, 0.0003928567716930703)	(80, 0.0044479187966724645)	(85, 0.004212204733656622)	(90, 0.0019169181484030666)	(95, 0.0006748220574756144)	(100, 0.000509877937729304)	(105, 0.00015045578490372906)	(110, 0.0008353082280395921)	(115, 0.0008921470801143343)	(120, 0.0004892599227610152)	(125, 0.005703945978794706)	(130, 0.004240066916046201)	(135, 0.0004424514563465218)	(140, 0.0010960982552060557)	(145, 5.572436477915891e-07)	(150, 0.0007717824521913509)
NG-13640_HT_1080_lib259823_5988_1_2	(1, 0.6728020492523699)	(2, 0.0011925014062740007)	(3, 0.0)	(4, 5.293814654020096e-05)	(5, 2.7862182389579455e-05)	(6, 0.0)	(7, 0.006491888496772014)	(8, 0.0)	(9, 0.002507596415062151)	(10, 0.0019275057777111066)	(15, 0.001902429813560485)	(20, 0.0019815584115468908)	(25, 0.0024975660294019025)	(30, 0.002551061419589895)	(35, 0.0020846484863883347)	(40, 0.004166510754537712)	(45, 0.002504810196823193)	(50, 0.003942498808125493)	(55, 0.007587986751978069)	(60, 0.00670141210834165)	(65, 0.0024033918529251237)	(70, 0.00419047223139275)	(75, 0.005934087605332632)	(80, 0.014217514429754606)	(85, 0.005107695275657706)	(90, 0.004405568279440303)	(95, 0.0036733501262421553)	(100, 0.004232265504977119)	(105, 0.004026085355294231)	(110, 0.004627351251261356)	(115, 0.0038310500785671752)	(120, 0.003982063107118695)	(125, 0.005272082151756225)	(130, 0.002111396181482331)	(135, 0.004155923125229672)	(140, 0.004201617104348581)	(145, 0.00399766592925686)	(150, 0.00048201575533972455)
NG-13640_JEKO1_lib236395_5774_5_1	(1, 0.2839301734175093)	(2, 0.007602267453986499)	(3, 0.00505618869531782)	(4, 0.004195506168421748)	(5, 0.0)	(6, 1.2846007864120478e-05)	(7, 0.0)	(8, 0.0)	(9, 9.249125662166744e-05)	(10, 3.545498170497252e-05)	(15, 1.9525931953463125e-05)	(20, 4.624562831083373e-06)	(25, 0.00042545978045967025)	(30, 0.00018395483261420524)	(35, 0.0005241171208561154)	(40, 4.110722516518553e-06)	(45, 0.00030933186936802113)	(50, 0.00048300989569092996)	(55, 6.628540057886166e-05)	(60, 0.0007034473906392374)	(65, 0.005705169012613187)	(70, 0.000877639257276711)	(75, 0.00015877665720052912)	(80, 0.0010518311239141847)	(85, 0.0005826949167165049)	(90, 0.0009249125662166744)	(95, 0.00034221764950016954)	(100, 0.00045526251870442973)	(105, 0.00013616768335967706)	(110, 0.0010662186527219998)	(115, 0.0010898553071919813)	(120, 0.004705749600784613)	(125, 0.0014670140980825586)	(130, 8.478365190319515e-05)	(135, 0.0015183981295390405)	(140, 0.0008853468619951833)	(145, 0.0015476870274692353)	(150, 2.312281415541686e-05)
NG-13640_JEKO1_lib236395_5774_5_2	(1, 0.555584701720065)	(2, 0.03074563522198595)	(3, 0.0004496102752442167)	(4, 0.0003699650264866698)	(5, 0.0)	(6, 0.0)	(7, 0.0)	(8, 0.0)	(9, 0.0002235205368356963)	(10, 0.00011201718857513058)	(15, 0.0010816338621589443)	(20, 0.006497510777672138)	(25, 0.0015045244410457903)	(30, 0.0010862584249900276)	(35, 0.0007851480006550436)	(40, 3.5968822019537336e-06)	(45, 0.0006315097466001627)	(50, 0.000338106926983651)	(55, 0.0007861756812841734)	(60, 0.0009644782704381655)	(65, 0.0006119838146466996)	(70, 0.000372020387744929)	(75, 0.0016401782840909029)	(80, 0.0008180337807871921)	(85, 0.0012866561476703071)	(90, 0.0007938832860026455)	(95, 0.0009495769013157857)	(100, 0.0017429463470038666)	(105, 0.00021067452897157585)	(110, 0.0010528588045433144)	(115, 7.450684561189878e-05)	(120, 0.0005544336994154399)	(125, 0.0011386701370756393)	(130, 0.0005225755999124211)	(135, 1.0790646605861202e-05)	(140, 1.849825132433349e-05)	(145, 0.00021067452897157585)	(150, 3.468422123312529e-05)
NG-13640_JURKAT_lib236382_5794_6_1	(1, 0.4627706782744295)	(2, 1.2388548195947755e-05)	(3, 0.011898315645908108)	(4, 0.0)	(5, 0.0)	(6, 0.0)	(7, 6.548232617858099e-05)	(8, 0.0)	(9, 1.769792599421108e-05)	(10, 0.0005362471576245958)	(15, 0.002661060152489578)	(20, 4.353689794575926e-05)	(25, 0.0019630539512778926)	(30, 7.503920621545497e-05)	(35, 0.002155253427575025)	(40, 0.00042121063866222373)	(45, 0.000990375938636052)	(50, 0.004908342795234501)	(55, 0.00021060531933111187)	(60, 0.005424414317225696)	(65, 0.0033909226204908425)	(70, 0.0010282495002636638)	(75, 0.008438725072559727)	(80, 0.003204740439031742)	(85, 0.004349796250857199)	(90, 0.0035056051809333306)	(95, 0.010598579960893247)	(100, 0.008721183971427335)	(105, 0.008738881897421547)	(110, 0.0052357544261274055)	(115, 0.004271217459442902)	(120, 0.001991724591388515)	(125, 0.0034755187067431717)	(130, 0.003990528353174714)	(135, 0.0012710650449042397)	(140, 0.0017981092810118457)	(145, 0.20515931354417322)	(150, 0.020057944425539126)
NG-13640_JURKAT_lib236382_5794_6_2	(1, 0.20663390473801088)	(2, 0.0022706439050572814)	(3, 0.0001539719561496364)	(4, 0.002159146971293752)	(5, 0.002962632811430935)	(6, 0.0020741969265215387)	(7, 0.004827994211220783)	(8, 0.00018759801553863744)	(9, 0.00045837628325006693)	(10, 0.0022996685036877876)	(15, 0.0015896277128000392)	(20, 0.0008714458759549535)	(25, 0.005140185625758666)	(30, 0.00467685392323022)	(35, 0.0015698060356865227)	(40, 0.005713952386490989)	(45, 0.005220180251252499)	(50, 0.004878610279564226)	(55, 0.017604126986441763)	(60, 0.006677781436135724)	(65, 0.001554231860811617)	(70, 0.005009220973401504)	(75, 0.18593582632926114)	(80, 0.00619285826389434)	(85, 0.01015790160363739)	(90, 0.0021952507403219424)	(95, 0.005288848204110038)	(100, 0.002445853372399971)	(105, 0.005848810582566878)	(110, 0.0017598817608643499)	(115, 0.004787288981434097)	(120, 0.00161652856031124)	(125, 0.002503548611141099)	(130, 0.00382416784882913)	(135, 0.0031144810164612656)	(140, 0.008115206985385549)	(145, 0.008372180870821493)	(150, 0.007049083923494273)
NG-13640_JVM2_lib236381_5767_8_1	(1, 0.9056286327978766)	(2, 0.004713750223205128)	(3, 0.00245497343535123)	(4, 0.0006338660919144569)	(5, 0.00013582844826738364)	(6, 0.0)	(7, 0.0)	(8, 0.0)	(9, 0.00016601254788235775)	(10, 0.0002409697285928769)	(15, 0.0001690309578438552)	(20, 0.001804003020321621)	(25, 0.00023442984034296581)	(30, 0.0003762951085333443)	(35, 0.0004331418294748789)	(40, 0.00280913353750026)	(45, 0.0019503959034542456)	(50, 0.0004094976181098158)	(55, 0.002441893658851408)	(60, 0.001009658132120885)	(65, 0.00499949303289355)	(70, 0.0006756207630485045)	(75, 0.0009699157342945024)	(80, 4.5276149422461205e-06)	(85, 0.0008225167145080454)	(90, 0.001351241526097009)	(95, 0.003561723754566948)	(100, 0.00046785354403209916)	(105, 0.0030385326945740632)	(110, 0.000830565807738705)	(115, 0.005083505443488561)	(120, 0.0006197801787608024)	(125, 0.007313104268381318)	(130, 0.010661023984008866)	(135, 0.000986013920755822)	(140, 0.0014528613281340886)	(145, 0.0025948264302339437)	(150, 0.00043138109033067214)
NG-13640_JVM2_lib236381_5767_8_2	(1, 0.813023815179136)	(2, 0.0009482837962371043)	(3, 0.0)	(4, 0.00043515410278254386)	(5, 0.0)	(6, 0.00019116596422816953)	(7, 0.0009684065293137537)	(8, 2.5153416345811784e-06)	(9, 0.00044018478605170624)	(10, 0.0015333522604406864)	(15, 0.0017728127840528146)	(20, 0.0018100398402446161)	(25, 0.0001086627586139069)	(30, 0.001107756455869551)	(35, 0.003618570475508483)	(40, 0.0020379297923376707)	(45, 0.0009482837962371043)	(50, 0.00016752175286310648)	(55, 0.004505983004188723)	(60, 0.0034907911204717593)	(65, 0.003105440782053923)	(70, 0.002672298952579044)	(75, 0.0018336840516096791)	(80, 0.00114397737540752)	(85, 0.0002032396040741592)	(90, 9.910446040249843e-05)	(95, 0.000490994687070246)	(100, 0.0025736975605034616)	(105, 0.002526912206100252)	(110, 0.0016515733172660018)	(115, 0.0037599326753719456)	(120, 0.0009160874233144651)	(125, 0.0001720493678053526)	(130, 0.00294546505409456)	(135, 0.0013064684450014641)	(140, 0.002060064798721985)	(145, 0.0010463821199857702)	(150, 0.0004062276739848603)
NG-13640_JVM_13_lib227481_5697_4_1	(1, 0.8006625945875034)	(2, 0.05794379010125042)	(3, 0.0)	(4, 0.0035955639365980946)	(5, 0.0)	(6, 0.0)	(7, 0.0)	(8, 0.0)	(9, 0.0)	(10, 0.0011294850196555664)	(15, 0.00046970315749295203)	(20, 0.002233699460077594)	(25, 0.0007932764437658745)	(30, 0.00029335846327629983)	(35, 0.10562827439410216)	(40, 0.004541562576601443)	(45, 0.10112132152384229)	(50, 0.0874625734481145)	(55, 0.12046375248544387)	(60, 0.18469717001375488)	(65, 0.17344846609232134)	(70, 0.16826415182651902)	(75, 0.008342587309576571)	(80, 0.003660937826354423)	(85, 0.0013569202327574168)	(90, 0.0027951458073966545)	(95, 0.0009366595128953018)	(100, 0.007067521779119096)	(105, 0.0033598883172244374)	(110, 0.0029280910285817943)	(115, 0.0010564200840455515)	(120, 0.0026402261694866984)	(125, 9.009510857174752e-05)	(130, 0.0018848555945711325)	(135, 0.00246882571903313)	(140, 0.0007075762185390903)	(145, 0.0025935305339464636)	(150, 0.001650828056451837)
NG-13640_JVM_13_lib227481_5697_4_2	(1, 0.8684509233814716)	(2, 0.05312040563015321)	(3, 0.00030489503205682845)	(4, 0.0)	(5, 0.003340111342172103)	(6, 0.0)	(7, 0.030324695080246728)	(8, 0.0014695391184721012)	(9, 0.023908165396600317)	(10, 0.00025984747777095475)	(15, 0.0010295014235576513)	(20, 3.845522926842882e-05)	(25, 0.0003499425863427022)	(30, 0.0006691209892706614)	(35, 0.03162338310868337)	(40, 0.0018892504779160957)	(45, 0.0018974908841879019)	(50, 0.0028654639409160672)	(55, 0.001159699842652189)	(60, 0.002420482002238534)	(65, 0.001999122561540178)	(70, 0.001618965152200853)	(75, 0.001992530236522733)	(80, 0.0005180468742875483)	(85, 0.0015838060854411469)	(90, 0.0021595358036313383)	(95, 0.002171072372411867)	(100, 0.0031912346688614717)	(105, 0.005602377543991958)	(110, 0.0030006066037736884)	(115, 0.0013316496535238779)	(120, 0.00318903722718899)	(125, 0.0018557394924107508)	(130, 0.004007584250188403)	(135, 0.003239029025237947)	(140, 0.0019711051802160373)	(145, 0.001690931366974627)	(150, 0.0026053417829360525)
NG-13640_JVM_3_lib227480_5697_4_1	(1, 0.8070001567518902)	(2, 0.06001257776565088)	(3, 0.0)	(4, 0.0037514130176087967)	(5, 0.0)	(6, 0.0)	(7, 0.0)	(8, 0.0)	(9, 0.0)	(10, 0.0011444818858533789)	(15, 0.00045438237887079815)	(20, 0.002341623981178539)	(25, 0.0008380496193080614)	(30, 0.0002773437698847145)	(35, 0.10767708869887582)	(40, 0.004664189981786339)	(45, 0.10388755972012553)	(50, 0.0898087273363937)	(55, 0.12322890237040404)	(60, 0.1881007636557891)	(65, 0.17643126123684238)	(70, 0.17156646093325878)	(75, 0.008625742311477768)	(80, 0.003638569711597837)	(85, 0.0013385723721922298)	(90, 0.0029083481402558038)	(95, 0.0009774737929571585)	(100, 0.007154767126899345)	(105, 0.0034745707735285756)	(110, 0.0029384396885253927)	(115, 0.0010491919829996794)	(120, 0.0027127530765034733)	(125, 0.00010983415118400086)	(130, 0.0019073026344874672)	(135, 0.0025763380576813355)	(140, 0.000736239880995951)	(145, 0.0026751386411664867)	(150, 0.0016500198967824788)
NG-13640_JVM_3_lib227480_5697_4_2	(1, 0.8773592118642348)	(2, 0.053705890774149466)	(3, 0.0002933925956284955)	(4, 0.0)	(5, 0.003330131341834547)	(6, 0.0)	(7, 0.030530383348520786)	(8, 0.001682619074074534)	(9, 0.024100822534918544)	(10, 0.00025327053126904313)	(15, 0.0010351492604738712)	(20, 4.262969338191814e-05)	(25, 0.0003375268664238931)	(30, 0.0006625155877354572)	(35, 0.03257008879539445)	(40, 0.0019313758731031385)	(45, 0.002007607795386098)	(50, 0.0029630144529455577)	(55, 0.0011981451469341463)	(60, 0.00250712749666128)	(65, 0.0020713015725567284)	(70, 0.0016435000613240678)	(75, 0.0020091123727995776)	(80, 0.0005361310850031822)	(85, 0.001661053464481328)	(90, 0.002249844758956292)	(95, 0.002248340181542812)	(100, 0.0032569085743785462)	(105, 0.005693320932606292)	(110, 0.0031084569362485725)	(115, 0.0014032692009718468)	(120, 0.003273458925926821)	(125, 0.0019439140182154673)	(130, 0.004084927677596745)	(135, 0.003301544370978437)	(140, 0.0020637786854893316)	(145, 0.0017262518190654383)	(150, 0.002698208828173172)
NG-13640_KASUMI_1_RNA_lib206691_5568_1_1	(1, 0.7540224178904215)	(2, 0.0062773502178163285)	(3, 6.65819921278779e-05)	(4, 0.0010866181115269675)	(5, 0.0)	(6, 0.0)	(7, 0.0)	(8, 0.0)	(9, 1.3316398425575582e-05)	(10, 0.0)	(15, 0.0007339998812177261)	(20, 4.9004346206118136e-05)	(25, 0.001464803826813314)	(30, 0.005406457760783686)	(35, 0.0010621159384239084)	(40, 0.002299475680128391)	(45, 0.0018685570270767656)	(50, 0.0010727690571643688)	(55, 0.0011846268039392037)	(60, 0.002084815337508113)	(65, 0.0022744408510883096)	(70, 0.0010530607874945168)	(75, 0.0005204048504714937)	(80, 0.002521060549929969)	(85, 0.002129558436218047)	(90, 0.0019617718160557947)	(95, 0.000799516561471558)	(100, 0.003396214254458796)	(105, 0.0013204540678800746)	(110, 0.0018397936064775222)	(115, 0.0011761043089468354)	(120, 0.0012730476894850257)	(125, 0.00020773581543897908)	(130, 0.0005859215307253255)	(135, 0.00013369664019277882)	(140, 0.00039256742558596813)	(145, 0.0022595264848516644)	(150, 0.00021838893417943956)
NG-13640_KASUMI_1_RNA_lib206691_5568_1_2	(1, 0.39113191783569107)	(2, 0.02088011273130251)	(3, 0.0004421044277291093)	(4, 0.0)	(5, 0.0)	(6, 0.019524503371578916)	(7, 0.0)	(8, 0.0021838893417943954)	(9, 0.0034995495062412627)	(10, 0.0010962059183933818)	(15, 0.003975211258002822)	(20, 0.002517864614307831)	(25, 0.004340080574863594)	(30, 0.00023703189197524533)	(35, 0.000319593562213814)	(40, 0.0060483081648964295)	(45, 0.0011191101236853718)	(50, 0.0004666066008321684)	(55, 0.00020613784762791)	(60, 0.0001166516502080421)	(65, 0.00016459068454011418)	(70, 0.0059050237178372355)	(75, 0.0011830288361281346)	(80, 0.0008421290364333999)	(85, 0.00569782055833528)	(90, 0.0010019258175403066)	(95, 0.0037914449597298795)	(100, 0.0006636892975306869)	(105, 0.0033988775341439116)	(110, 0.006060026595510936)	(115, 0.0)	(120, 0.004772597195726288)	(125, 0.004092395564147888)	(130, 0.0031666395456018733)	(135, 0.0012416209892006673)	(140, 0.003645497232985571)	(145, 0.003225231698674406)	(150, 0.007875318028885398)
NG-13640_KCL_22_lib259815_5981_7_1	(1, 0.6494072404934979)	(2, 0.0)	(3, 0.0011390041625167057)	(4, 0.02931163409099008)	(5, 0.0)	(6, 0.0023465376211184415)	(7, 0.0022992760376115244)	(8, 0.0001583263047481728)	(9, 0.0)	(10, 0.0002632470201335291)	(15, 0.0)	(20, 0.0)	(25, 0.0006536276999006656)	(30, 0.0005581593012166928)	(35, 0.0035682495547722528)	(40, 0.0001153182637568781)	(45, 0.00026371963596859825)	(50, 0.0001512370672221352)	(55, 3.26104926197729e-05)	(60, 0.0006087291955690942)	(65, 0.0006351956823329679)	(70, 0.0005553236062062777)	(75, 0.00012288011711798484)	(80, 0.002141422348698421)	(85, 0.00024481500256583134)	(90, 0.0014953565021588618)	(95, 0.0030686946171041376)	(100, 0.0009078950191678804)	(105, 0.0004910478526368703)	(110, 0.002281789251713965)	(115, 0.0005865162513208431)	(120, 5.056989435240146e-05)	(125, 0.0015118980563862828)	(130, 0.0)	(135, 0.0002897135068974028)	(140, 0.00018479279151204647)	(145, 9.45231670138345e-06)	(150, 0.001016124045398721)
NG-13640_KCL_22_lib259815_5981_7_2	(1, 0.7021180845787627)	(2, 0.04894645895893885)	(3, 0.0)	(4, 0.005456349815873597)	(5, 0.0010964687373604804)	(6, 0.00860160819825894)	(7, 0.0)	(8, 0.0001512370672221352)	(9, 0.008946617757859435)	(10, 0.004288043471582602)	(15, 0.004659992133782041)	(20, 0.003427410035921639)	(25, 0.0035569067747305925)	(30, 0.0040536260173882925)	(35, 0.004293714861603432)	(40, 0.0030734207754548287)	(45, 0.003993131190499439)	(50, 0.002528022101785004)	(55, 0.003715705695313834)	(60, 0.0020223231582609893)	(65, 0.006489960647169876)	(70, 0.001840838677594427)	(75, 0.0023654422545212085)	(80, 0.003737918639562086)	(85, 0.003804557472306839)	(90, 0.0014712530945703343)	(95, 0.0052361108367313626)	(100, 0.001274172291346489)	(105, 0.005392546678139259)	(110, 0.002077146595129013)	(115, 0.005295660431950078)	(120, 0.0019623009472072043)	(125, 0.0037284663228607023)	(130, 0.0033276880947220437)	(135, 0.004442116233815152)	(140, 0.0026688616206356174)	(145, 0.0030393924353298487)	(150, 0.00412357316097853)
NG-13640_KG_1_lib248391_5885_6_1	(1, 0.06360058351844777)	(2, 0.008090184435516491)	(3, 0.0)	(4, 0.005076436340453859)	(5, 0.0029921330984791906)	(6, 0.0)	(7, 0.0020009311122956815)	(8, 0.0003304006620611696)	(9, 4.6317849821659296e-05)	(10, 1.0498712626242774e-05)	(15, 3.7054279857327435e-06)	(20, 0.0003828942251923835)	(25, 0.00060769018966017)	(30, 7.410855971465487e-06)	(35, 0.0)	(40, 0.0017174658713871266)	(45, 0.0005341992012764706)	(50, 7.966670169325399e-05)	(55, 0.00024517581838931653)	(60, 0.0011153338237055558)	(65, 0.00011116283957198231)	(70, 0.001416708633211819)	(75, 0.0001142506962267596)	(80, 0.00021553239450345456)	(85, 0.00011795612421249232)	(90, 4.3229993166882e-06)	(95, 6.793284640510029e-05)	(100, 0.0)	(105, 0.0013926233513045561)	(110, 7.287341705274396e-05)	(115, 4.384756449783747e-05)	(120, 0.00010189926960765045)	(125, 9.26356996433186e-06)	(130, 0.0004051267931067799)	(135, 0.0012320548052561372)	(140, 0.008693551625859972)	(145, 0.00501653192135118)	(150, 9.109177131592995e-05)
NG-13640_KG_1_lib248391_5885_6_2	(1, 0.051937748933353955)	(2, 3.087856654777286e-06)	(3, 0.0)	(4, 6.793284640510029e-05)	(5, 0.0)	(6, 0.0)	(7, 0.0)	(8, 0.0)	(9, 0.0)	(10, 0.0007719641636943216)	(15, 0.00015068740475313158)	(20, 0.0038592032471406524)	(25, 0.0006700648940866711)	(30, 0.005998470337570356)	(35, 0.0008016075875801835)	(40, 0.00022170810781300916)	(45, 0.0014130032052260863)	(50, 0.00042180121904257734)	(55, 0.00840699852829664)	(60, 0.0055846975458302)	(65, 0.003371321895685841)	(70, 0.009618673479631246)	(75, 0.0037850946874259973)	(80, 0.003366998896369153)	(85, 0.0032694226260781907)	(90, 0.0012030289527012307)	(95, 0.002520308601629221)	(100, 0.002753750564730384)	(105, 0.0015093443328551377)	(110, 0.0028939392568572728)	(115, 0.00034398723134218973)	(120, 0.002515985602312533)	(125, 0.003389849035614505)	(130, 0.0016198896010961644)	(135, 0.0018020731437280244)	(140, 0.0024573163258717647)	(145, 0.0011919126687440326)	(150, 0.0028840581155619854)
NG-13640_KHYG_1_lib248382_5885_5_1	(1, 0.23296567276962243)	(2, 0.0)	(3, 0.0002733842292318951)	(4, 0.013187534486281417)	(5, 0.003951053027232389)	(6, 0.0)	(7, 0.0)	(8, 0.0)	(9, 0.0)	(10, 0.00015036132607754233)	(15, 7.876069461204597e-05)	(20, 2.538567842867597e-05)	(25, 0.0007648249270178018)	(30, 0.0005298446728446729)	(35, 0.0006867151472372603)	(40, 0.00017769974900073182)	(45, 0.0005200809503721053)	(50, 0.0005226846096981233)	(55, 0.00012627747731187538)	(60, 0.00010414637304072194)	(65, 0.0003540976683384546)	(70, 0.0003892470692396983)	(75, 0.0007081953366769092)	(80, 0.0002512531249607417)	(85, 0.00094057193152402)	(90, 0.001870729225743968)	(95, 0.0009425246760185336)	(100, 0.0013727793796430162)	(105, 0.0008123417097176311)	(110, 0.00152769710954109)	(115, 0.0010766131313084632)	(120, 0.002011977744180447)	(125, 0.001752262726410147)	(130, 0.0018876530113630852)	(135, 0.0011482137627739594)	(140, 0.0025522370543291924)	(145, 0.0007101480811714228)	(150, 0.0045043306340112246)
NG-13640_KHYG_1_lib248382_5885_5_2	(1, 0.21511758808976872)	(2, 0.013874249633518675)	(3, 0.0)	(4, 0.0)	(5, 0.000644405683189467)	(6, 0.0)	(7, 0.0013246116821116823)	(8, 0.00017574700450621828)	(9, 0.0)	(10, 0.0023393879044272168)	(15, 0.0009698630989417231)	(20, 0.002226779638576936)	(25, 0.0024448361071309475)	(30, 0.0027253803995093925)	(35, 0.00019267079012533558)	(40, 0.0030300085406535044)	(45, 0.0007036389328563777)	(50, 0.0004868842939653751)	(55, 0.001200937864125825)	(60, 0.004525810823450873)	(65, 0.0031894826743721094)	(70, 0.006283280868513056)	(75, 0.004126149116907103)	(80, 0.0017620264488827145)	(85, 0.0006847624027427468)	(90, 0.0001386448591104611)	(95, 0.0003195991822687155)	(100, 0.000799323413087541)	(105, 0.0013311208304267275)	(110, 0.0006255291530758362)	(115, 1.0414637304072195e-05)	(120, 0.00031634460811119294)	(125, 5.597867550938805e-05)	(130, 0.00044001842609705025)	(135, 0.0006522166611675212)	(140, 0.0003339193085618148)	(145, 0.00042114189598341933)	(150, 0.0033489568080907147)
NG-13640_KMS_12_BM_lib248379_5885_5_1	(1, 0.23512624271084478)	(2, 0.0)	(3, 0.0002216735934323082)	(4, 0.013356501695843053)	(5, 0.0037177065308165425)	(6, 0.0)	(7, 0.0)	(8, 0.0)	(9, 0.0)	(10, 0.00015917766468151288)	(15, 8.653282442417814e-05)	(20, 2.5639355384941672e-05)	(25, 0.0007942858636960055)	(30, 0.0005362898501350299)	(35, 0.0006997407407140331)	(40, 0.00016665581000212086)	(45, 0.0005106504947500882)	(50, 0.0005277433983400494)	(55, 0.00012766262368752205)	(60, 0.0001052281877256981)	(65, 0.00036749742718416396)	(70, 0.0004155712185309295)	(75, 0.0007435413061633084)	(80, 0.0002798962962856132)	(85, 0.0010266425218720394)	(90, 0.001899983064671615)	(95, 0.00099779824706398)	(100, 0.0013636932145365851)	(105, 0.0007985590895934957)	(110, 0.0015362247101477552)	(115, 0.0010773870794047364)	(120, 0.0019859817358586066)	(125, 0.0017878108848624953)	(130, 0.001909597822940968)	(135, 0.0011543051455595614)	(140, 0.0025356254169232938)	(145, 0.0007825344924779072)	(150, 0.004563004028663838)
NG-13640_KMS_12_BM_lib248379_5885_5_2	(1, 0.2167620544163803)	(2, 0.013778482753220217)	(3, 0.0)	(4, 0.0)	(5, 0.0006222885213220218)	(6, 0.0)	(7, 0.0013407246253375749)	(8, 0.00014155060785436547)	(9, 0.0)	(10, 0.0022835050889713675)	(15, 0.0009604075204609401)	(20, 0.0022081894825281014)	(25, 0.0024464218263131844)	(30, 0.0026974738477907384)	(35, 0.00020618314955390594)	(40, 0.0030719152670583235)	(45, 0.0007072188860346411)	(50, 0.0005555193666737362)	(55, 0.0012445770426440436)	(60, 0.004771056714547896)	(65, 0.0034880206388264393)	(70, 0.006544445462006362)	(75, 0.004348541503933545)	(80, 0.001898380604960056)	(85, 0.0007360631608427004)	(90, 0.000161314277630258)	(95, 0.00034933621711983026)	(100, 0.0008258009046899963)	(105, 0.0013925374893446443)	(110, 0.0006858527565471897)	(115, 1.9763669775892538e-05)	(120, 0.0003354482329529869)	(125, 6.837161435984445e-05)	(130, 0.0004647133163520678)	(135, 0.0006970699745281016)	(140, 0.0003819195645881937)	(145, 0.000436937348018381)	(150, 0.003454636061502297)
NG-13640_KM_H2_lib248380_5885_5_1	(1, 0.22931552154175802)	(2, 0.0)	(3, 0.0002612817051570681)	(4, 0.013558070981665985)	(5, 0.003429322380186518)	(6, 0.0)	(7, 0.0)	(8, 0.0)	(9, 0.0)	(10, 0.0001600350444087042)	(15, 8.491655417604713e-05)	(20, 3.429322380186519e-05)	(25, 0.0007650654929130399)	(30, 0.000548691580829843)	(35, 0.0006972955506379255)	(40, 0.00019106224689610603)	(45, 0.0004899031971695026)	(50, 0.000542976043529532)	(55, 0.00013553988455022907)	(60, 0.00010696219804867475)	(65, 0.0003551798179478894)	(70, 0.00041886723357992473)	(75, 0.0007764965675136616)	(80, 0.00027761181172938486)	(85, 0.0010492093472713514)	(90, 0.0019285855861906089)	(95, 0.0010304297247131873)	(100, 0.0013831600266752291)	(105, 0.0008279364032164594)	(110, 0.0015415620604267016)	(115, 0.0011047317096172285)	(120, 0.0020020710657660343)	(125, 0.0017775321003966787)	(130, 0.0019440991874343097)	(135, 0.0011904647691218914)	(140, 0.002549946141267261)	(145, 0.0007266897424680956)	(150, 0.004519356993888662)
NG-13640_KM_H2_lib248380_5885_5_2	(1, 0.21120543335305877)	(2, 0.013717289520746072)	(3, 0.0)	(4, 0.0)	(5, 0.0006532042628926702)	(6, 0.0)	(7, 0.0013349862122868947)	(8, 0.00015105348579392996)	(9, 0.0)	(10, 0.0023441867984560698)	(15, 0.0009626597824380727)	(20, 0.002138427455644879)	(25, 0.00236378292634285)	(30, 0.0027107976910045813)	(35, 0.0002147409014259653)	(40, 0.0029924920293770453)	(45, 0.0006964790453093095)	(50, 0.0005339944849147579)	(55, 0.0012190424556234457)	(60, 0.004603457042736093)	(65, 0.00333297475140985)	(70, 0.006424263925549411)	(75, 0.0042891024912189955)	(80, 0.0018567331172724148)	(85, 0.0007373043117401014)	(90, 0.00014615445382223496)	(95, 0.0003331341740752618)	(100, 0.0008132393073013743)	(105, 0.001433783357049411)	(110, 0.0006703508747936027)	(115, 1.7146611900932594e-05)	(120, 0.0003094555195454025)	(125, 7.511849023265706e-05)	(130, 0.00042458277088023563)	(135, 0.0006760664120939137)	(140, 0.0003396662167041885)	(145, 0.00048418765986919175)	(150, 0.0034395286967942164)
NG-13640_KM_H2_lib248380_5904_3_1	(1, 0.21243889480191)	(2, 0.011245247851108791)	(3, 0.009439818150242703)	(4, 0.003542081127413473)	(5, 8.597284289838526e-06)	(6, 0.0)	(7, 0.0)	(8, 0.0011520360948383624)	(9, 0.0)	(10, 0.0006379184943060185)	(15, 6.87782743187082e-06)	(20, 0.0005003619456686022)	(25, 0.0011881446888556842)	(30, 0.0021493210724596312)	(35, 0.0012672397043221987)	(40, 0.0016059727053418366)	(45, 0.00014959274664319035)	(50, 0.0025929409418152995)	(55, 0.0007961085252390475)	(60, 0.00197049755923099)	(65, 0.0013136650394873267)	(70, 9.97284977621269e-05)	(75, 0.0018157464420138964)	(80, 0.00014271491921131953)	(85, 0.0004625338947933127)	(90, 0.0002665158129849943)	(95, 0.0015475111721709347)	(100, 0.00036452485388915347)	(105, 0.0007462442763579841)	(110, 0.0006000904434307292)	(115, 0.0015870586799041919)	(120, 0.0010419908559284293)	(125, 0.0025172848400647203)	(130, 0.0006207239257263415)	(135, 0.0010815383636616864)	(140, 0.0006155655551524384)	(145, 0.002151040529317599)	(150, 0.0003954750773325722)
NG-13640_KM_H2_lib248380_5904_3_2	(1, 0.39048865244446584)	(2, 0.03940135390032996)	(3, 0.0008511311446940141)	(4, 0.00536470539685924)	(5, 6.877827431870821e-05)	(6, 0.0026135744241109118)	(7, 0.001616289446489643)	(8, 0.000687782743187082)	(9, 0.005098189583874246)	(10, 0.0026032576829631057)	(15, 0.0008236198349665307)	(20, 0.0010660632519399773)	(25, 0.003352940873037025)	(30, 0.0013102261257713912)	(35, 0.006626786730607535)	(40, 0.0007806334135173382)	(45, 0.0015406333447390637)	(50, 0.00047972846337298973)	(55, 0.00360398157430031)	(60, 0.004766334410286479)	(65, 0.0004969230319526669)	(70, 0.20166477812988431)	(75, 0.0014133935372494537)	(80, 0.0003026244070023161)	(85, 0.002065067686419214)	(90, 0.002169954554755244)	(95, 0.0040046150222067855)	(100, 0.00926787246444593)	(105, 0.0015199998624434512)	(110, 0.0035111309039700537)	(115, 0.0042057914745890065)	(120, 0.004431040322982777)	(125, 0.0009714931247517534)	(130, 0.0014357464764030339)	(135, 0.0006104071845785354)	(140, 0.002677194327855717)	(145, 0.0011812668614238134)	(150, 0.013463347197887133)
NG-13640_KOPN_8_lib227470_5697_7_1	(1, 1.0989404268698142)	(2, 0.03748369397172759)	(3, 0.0)	(4, 0.01675241298731254)	(5, 0.0)	(6, 0.00030487177918257427)	(7, 0.0)	(8, 0.0)	(9, 0.0)	(10, 0.0006062482131261127)	(15, 0.002141869888142544)	(20, 0.0009282083468106402)	(25, 0.0)	(30, 0.0014587240797576421)	(35, 0.09980065075172546)	(40, 0.006796893003151889)	(45, 0.06283387950368195)	(50, 0.06597813673204134)	(55, 0.09750770427491792)	(60, 0.2049736471358491)	(65, 0.23472835604068185)	(70, 0.15829836030053676)	(75, 0.0010719058733043376)	(80, 0.001321240500355564)	(85, 0.00048429950145308293)	(90, 0.0006691644274287586)	(95, 0.006975932353729172)	(100, 0.0014167799368892113)	(105, 0.000782957333544038)	(110, 4.62162314939189e-05)	(115, 0.0010493803150972176)	(120, 0.001625723907844912)	(125, 0.0011655034513718542)	(130, 0.0033314523844944237)	(135, 0.005985972907695564)	(140, 0.00013554172093594704)	(145, 0.0009188874261732112)	(150, 0.0)
NG-13640_KOPN_8_lib227470_5697_7_2	(1, 1.0558253433463065)	(2, 9.709292330655232e-06)	(3, 0.0)	(4, 4.0779027788751975e-05)	(5, 0.0)	(6, 0.0)	(7, 0.0011554057873479726)	(8, 0.0)	(9, 1.3593009262917326e-05)	(10, 0.001300656800614575)	(15, 0.0017822377002150744)	(20, 0.0015635844369287185)	(25, 0.0033007710207295527)	(30, 0.004171111985249488)	(35, 0.029990838894314337)	(40, 0.0072291506977126595)	(45, 0.004338111813336758)	(50, 0.005898589276719667)	(55, 0.00017321377517888934)	(60, 0.004941641424610287)	(65, 0.007649368869783418)	(70, 0.0)	(75, 0.006243851711997767)	(80, 0.004383551301444224)	(85, 0.0012474498786425843)	(90, 0.003434370883199368)	(95, 0.004445302400667192)	(100, 0.0)	(105, 0.00025321834398348844)	(110, 0.004328402521006102)	(115, 0.0009577245954958321)	(120, 0.00609898907042439)	(125, 0.0063510422993282006)	(130, 0.005932765985723573)	(135, 3.145810715132295e-05)	(140, 0.008347661174204142)	(145, 0.00278268318196579)	(150, 0.009725798127617346)
NG-13640_KU812_lib236377_5767_8_1	(1, 0.9065958006582433)	(2, 0.00467918402924381)	(3, 0.002435668490250107)	(4, 0.0006543586988731632)	(5, 0.00012204309066285187)	(6, 0.0)	(7, 0.0)	(8, 0.0)	(9, 0.00013502639818017653)	(10, 0.00025551149194094944)	(15, 0.00017189899152937857)	(20, 0.0018316850245441638)	(25, 0.00023577686451461594)	(30, 0.00039365388392528387)	(35, 0.00044091312328834565)	(40, 0.002833477032580935)	(45, 0.001953728115207016)	(50, 0.00038897989321904703)	(55, 0.0024611157729840637)	(60, 0.0010007533434353852)	(65, 0.005112826500322454)	(70, 0.0006538393665724702)	(75, 0.0009545327686737093)	(80, 4.1546584055438926e-06)	(85, 0.0008039264014727432)	(90, 0.0013409160003892916)	(95, 0.0036332487756481346)	(100, 0.0004918076887562583)	(105, 0.003035497297550507)	(110, 0.0007997717430671994)	(115, 0.005065567260959392)	(120, 0.0006138507794191102)	(125, 0.0075188930494330605)	(130, 0.010885205022525001)	(135, 0.0009628420854847972)	(140, 0.0014935996967930295)	(145, 0.002609644810982258)	(150, 0.0004492224400994334)
NG-13640_KU812_lib236377_5767_8_2	(1, 0.8133003495002518)	(2, 0.0009010415417023317)	(3, 0.0)	(4, 0.0003765159180024153)	(5, 0.0)	(6, 0.0002025395972702648)	(7, 0.0009010415417023317)	(8, 7.7899845103948e-06)	(9, 0.00037132259499548544)	(10, 0.0015200856441283717)	(15, 0.0017678071515589266)	(20, 0.0017989670896005057)	(25, 9.192181722265863e-05)	(30, 0.001092675160658044)	(35, 0.0036633700490883276)	(40, 0.0020357826187165076)	(45, 0.0009394721319536128)	(50, 0.00013139107207532562)	(55, 0.004522345674434528)	(60, 0.003523150327901221)	(65, 0.0031097618165496044)	(70, 0.0027254559140367936)	(75, 0.0018218177108309972)	(80, 0.0011165644464899212)	(85, 0.0001874789605501682)	(90, 0.00011321444155107109)	(95, 0.000467399070623688)	(100, 0.002637688755219679)	(105, 0.0025696562238288977)	(110, 0.0016841946511473556)	(115, 0.0038477330158343376)	(120, 0.0008932515571919371)	(125, 0.00015735768710997496)	(130, 0.002993950713495068)	(135, 0.001319104043760186)	(140, 0.0021230304452329292)	(145, 0.0010308746168755784)	(150, 0.00038949922551973995)
NG-13640_K_562_RNA_lib206692_5568_1_1	(1, 0.7848846573329578)	(2, 0.006739568341090995)	(3, 7.06021999939694e-05)	(4, 0.0010384406915779666)	(5, 0.0)	(6, 0.0)	(7, 0.0)	(8, 0.0)	(9, 2.3534066664656467e-05)	(10, 0.0)	(15, 0.0007266143082712683)	(20, 5.236329832886063e-05)	(25, 0.0015055919148713973)	(30, 0.005408716871204672)	(35, 0.0010631514615758557)	(40, 0.0023457580947996333)	(45, 0.0019356769831679942)	(50, 0.001101982671572539)	(55, 0.0012661327865585179)	(60, 0.0021586622648156143)	(65, 0.002159250616482231)	(70, 0.0010684466265754036)	(75, 0.0005024523232904155)	(80, 0.0025593297497813906)	(85, 0.0021945517164792152)	(90, 0.001969801379831746)	(95, 0.0007942747499321556)	(100, 0.0034165581280415024)	(105, 0.001417927516545552)	(110, 0.0018774301681729693)	(115, 0.0011625828932340294)	(120, 0.0012531890498929568)	(125, 0.0001941560499834158)	(130, 0.0005895283699496445)	(135, 0.00015532483998673268)	(140, 0.0004030208916322419)	(145, 0.002226911058143118)	(150, 0.0002118065999819082)
NG-13640_K_562_RNA_lib206692_5568_1_2	(1, 0.39543409689122333)	(2, 0.0210365138398698)	(3, 0.00043538023329614463)	(4, 0.0)	(5, 0.0)	(6, 0.019536217089997948)	(7, 0.0)	(8, 0.002118065999819082)	(9, 0.0033418374663812178)	(10, 0.0010784486049078825)	(15, 0.004006086497991146)	(20, 0.0024710769997889287)	(25, 0.004344388706295584)	(30, 0.00024004747997949594)	(35, 0.00029594088830805506)	(40, 0.006071789199481368)	(45, 0.0011031593749057718)	(50, 0.0004153762766311866)	(55, 0.00022063187498115437)	(60, 0.00011355187165696744)	(65, 0.00013767428998824033)	(70, 0.0059923617244881525)	(75, 0.0011931771798980829)	(80, 0.0008478147515942491)	(85, 0.005769964794507149)	(90, 0.00099196090991527)	(95, 0.0037695691280113493)	(100, 0.0006683674932762435)	(105, 0.003371843401378655)	(110, 0.006190636236137883)	(115, 0.0)	(120, 0.004847429381252615)	(125, 0.004061391554653089)	(130, 0.0031559183397304323)	(135, 0.001227889928228451)	(140, 0.0035977704413593567)	(145, 0.003212400099725608)	(150, 0.007841256836830226)
NG-13640_LAMA_84_lib259816_5981_7_1	(1, 0.7594125606700304)	(2, 0.0)	(3, 0.001130379257465545)	(4, 0.031173023544903138)	(5, 0.0)	(6, 0.0025652518204476392)	(7, 0.0020959984386584364)	(8, 0.000166845646858383)	(9, 0.0)	(10, 0.0003420335760596852)	(15, 0.0)	(20, 0.0)	(25, 0.0008079500449117198)	(30, 0.000677810440362181)	(35, 0.004029739485747095)	(40, 0.00014390437041535535)	(45, 0.00036789465132273453)	(50, 0.0001818617550756375)	(55, 2.8363759965925113e-05)	(60, 0.0006765590980107432)	(65, 0.0007808376272972327)	(70, 0.0005197241899638632)	(75, 0.00014515571276679323)	(80, 0.0024755722852612583)	(85, 0.00026194766556766137)	(90, 0.001619654116877753)	(95, 0.003476646166411556)	(100, 0.0010094161634932172)	(105, 0.0005280664723067823)	(110, 0.002664107866211231)	(115, 0.0006836500380022245)	(120, 7.132651403195874e-05)	(125, 0.0017460396943729784)	(130, 0.0)	(135, 0.0003411993478253933)	(140, 0.0002281614220788388)	(145, 1.0010738811502981e-05)	(150, 0.0011272509015869503)
NG-13640_LAMA_84_lib259816_5981_7_2	(1, 0.8073222881654151)	(2, 0.05671292093775012)	(3, 0.0)	(4, 0.005345317411225446)	(5, 0.0011720906691801408)	(6, 0.010350686816976937)	(7, 0.0)	(8, 0.0002043859174015192)	(9, 0.01052378917559251)	(10, 0.0047346623437237645)	(15, 0.00536241909002843)	(20, 0.0038165941718855114)	(25, 0.004104402912716222)	(30, 0.004745924424886705)	(35, 0.004727571403732283)	(40, 0.0035688283863008125)	(45, 0.004317548226577807)	(50, 0.002988622649350786)	(55, 0.004116499222113455)	(60, 0.00235669476187466)	(65, 0.0074634228980926184)	(70, 0.0021560628715274546)	(75, 0.0027654665966776984)	(80, 0.004141108955025067)	(85, 0.004512757633402115)	(90, 0.0017143390214698856)	(95, 0.005947630196384208)	(100, 0.001502862164076885)	(105, 0.0058350093847548004)	(110, 0.0024534652370525223)	(115, 0.005918015094066846)	(120, 0.0022841169054912637)	(125, 0.0043271418512721635)	(130, 0.003705641816724687)	(135, 0.005226439887838848)	(140, 0.0029514994929247954)	(145, 0.003570079728652251)	(150, 0.004304617688946282)
NG-13640_LP_1_lib241211_5808_7_1	(1, 0.24468983970214833)	(2, 0.0042785135323618806)	(3, 0.0001001296652102401)	(4, 0.030699214112026047)	(5, 0.0)	(6, 0.0)	(7, 0.00017590346590988125)	(8, 0.0)	(9, 0.0)	(10, 5.0876694755473345e-05)	(15, 5.0876694755473345e-05)	(20, 0.0014489033176638526)	(25, 0.0024269265881227925)	(30, 0.0004167559038480263)	(35, 0.0033881713741410976)	(40, 0.0054687034447798155)	(45, 0.0002873992012250675)	(50, 0.0021319500068277607)	(55, 0.0019517166094493285)	(60, 0.00028415175262365433)	(65, 0.0022055588417931263)	(70, 0.0001639961543713662)	(75, 0.0020875682092751134)	(80, 0.0015798837445875178)	(85, 0.0010153689293751914)	(90, 0.01922002454746398)	(95, 0.0015576928458111946)	(100, 0.0)	(105, 0.0022250435334016053)	(110, 0.0011154985945854316)	(115, 0.001713029137245459)	(120, 0.00018185712167913875)	(125, 0.00013152166835723428)	(130, 0.002360353891793822)	(135, 0.0007485369026257408)	(140, 0.005061689886736029)	(145, 0.0008935896068221967)	(150, 0.0037995148636534347)
NG-13640_LP_1_lib241211_5808_7_2	(1, 0.28752368675478834)	(2, 0.02966273676674167)	(3, 0.010224050680115867)	(4, 0.0)	(5, 0.0)	(6, 0.0)	(7, 0.0)	(8, 0.0037480969274643924)	(9, 0.0)	(10, 0.0065603874162882166)	(15, 1.4613518706359365e-05)	(20, 0.0021844504258839406)	(25, 0.0005785870924851171)	(30, 0.00024951230087524694)	(35, 1.6237243007065962e-06)	(40, 0.006441314300903066)	(45, 0.01177308366298996)	(50, 0.00843849519077218)	(55, 0.003513198145295505)	(60, 0.0024702259028083016)	(65, 0.002069707241967341)	(70, 0.001117122318886138)	(75, 0.00290971394686622)	(80, 0.0025909227424941584)	(85, 0.001997722131302682)	(90, 0.003432553171693744)	(95, 0.0034509553804350853)	(100, 0.002226667257702312)	(105, 0.01130057989148434)	(110, 0.003938072670647065)	(115, 0.006633455009820014)	(120, 0.0023728024447659058)	(125, 0.004149698071172491)	(130, 0.004682279641804255)	(135, 0.0031105145187202694)	(140, 0.006013733568383663)	(145, 0.002588757776759883)	(150, 0.002641258195816063)
NG-13640_L_1236_lib241215_5808_7_1	(1, 0.2041656331465718)	(2, 0.004317710155798602)	(3, 0.00010255219005855389)	(4, 0.02568274975133066)	(5, 0.0)	(6, 0.0)	(7, 0.0001604021434249176)	(8, 0.0)	(9, 0.0)	(10, 4.365041935825627e-05)	(15, 4.2072693357355444e-05)	(20, 0.0012606030747197624)	(25, 0.002084701955856962)	(30, 0.00033815927285974433)	(35, 0.00345784948530765)	(40, 0.005388986110410264)	(45, 0.00023718480880209126)	(50, 0.0018848566624095236)	(55, 0.0018133330837020194)	(60, 0.00023876253480299212)	(65, 0.0018438357863861021)	(70, 0.00012674398873903326)	(75, 0.0019074707350891023)	(80, 0.001539334668212242)	(85, 0.0009455837832065635)	(90, 0.014574506887654892)	(95, 0.0013642070821122503)	(100, 0.0)	(105, 0.0018038667276966144)	(110, 0.0010565505119365885)	(115, 0.0012222117420311754)	(120, 0.00013515852741050434)	(125, 0.00013147716674173575)	(130, 0.002094168311862367)	(135, 0.0007357462250867533)	(140, 0.004332961507140643)	(145, 0.0009056147245170759)	(150, 0.0032619485068624637)
NG-13640_L_1236_lib241215_5808_7_2	(1, 0.2448525571664693)	(2, 0.02592203819480062)	(3, 0.008819488345035634)	(4, 0.0)	(5, 0.0)	(6, 0.0)	(7, 0.0)	(8, 0.0029529771650193847)	(9, 0.0)	(10, 0.005719256753265505)	(15, 1.5251351342041347e-05)	(20, 0.001962691145120631)	(25, 0.000591121341670844)	(30, 0.0002477029821414301)	(35, 0.0)	(40, 0.00557042460051386)	(45, 0.010276781261201033)	(50, 0.007256487786809879)	(55, 0.003091817053098658)	(60, 0.0022629849939587556)	(65, 0.0018717089457353502)	(70, 0.0010376177999257784)	(75, 0.0026605719461857643)	(80, 0.0023034799613152104)	(85, 0.001817014444370788)	(90, 0.0031123274911103688)	(95, 0.0032380196625154682)	(100, 0.002080494686521226)	(105, 0.010083772780424164)	(110, 0.003616673902731667)	(115, 0.006036379679446572)	(120, 0.002278762253967764)	(125, 0.003864376884873097)	(130, 0.004325072877136139)	(135, 0.0030492184510743352)	(140, 0.005767640350626464)	(145, 0.0024307498587212103)	(150, 0.0024849184514188056)
NG-13640_L_363_lib241210_5808_6_1	(1, 0.2553689043142641)	(2, 0.12161837836768902)	(3, 0.00016888036593869332)	(4, 0.001337423543159652)	(5, 0.0)	(6, 0.0)	(7, 0.00026421605638795567)	(8, 0.0015253710471881978)	(9, 0.0002451489182981032)	(10, 0.0)	(15, 0.00023479818619218332)	(20, 0.0007686780527080525)	(25, 0.0014654457560486615)	(30, 0.002538108467446362)	(35, 0.001370110065599399)	(40, 0.003939815504737517)	(45, 0.0009206703820528766)	(50, 0.00042492479171671224)	(55, 0.0009637076365985436)	(60, 0.0012197520623765624)	(65, 0.0004587008649044509)	(70, 0.00033721595650339084)	(75, 0.0009135883021909312)	(80, 0.00191924364258715)	(85, 0.0005916260561594224)	(90, 0.02164011218123456)	(95, 0.0027184291162389664)	(100, 0.0006379319629490641)	(105, 0.001899086953749306)	(110, 0.1753599242369992)	(115, 0.002846996104501972)	(120, 0.003995927368259083)	(125, 0.0009822299993144002)	(130, 0.0026851978184252237)	(135, 0.0033525476515700605)	(140, 0.0021970790833250008)	(145, 0.0010971776032275109)	(150, 0.004789937475857939)
NG-13640_L_363_lib241210_5808_6_2	(1, 0.2962788110244776)	(2, 0.00585088751671473)	(3, 0.0)	(4, 0.0)	(5, 0.0)	(6, 0.0)	(7, 0.005428686601867997)	(8, 0.0)	(9, 0.0)	(10, 6.755214637547732e-05)	(15, 0.0007327228780243308)	(20, 9.424613970127078e-05)	(25, 0.001017640398624126)	(30, 0.001268781846036183)	(35, 0.0007430736101302506)	(40, 0.0006858721958606931)	(45, 0.00013564906812495043)	(50, 0.00041784271185476706)	(55, 0.0008749092506372305)	(60, 0.0)	(65, 0.00028437274522579976)	(70, 0.0008868943088651378)	(75, 0.0007425288347562549)	(80, 0.0002631265056399641)	(85, 0.0003573726453412349)	(90, 0.0008035436766437828)	(95, 0.0013799160223313231)	(100, 2.451489182981032e-05)	(105, 0.0004434471544325689)	(110, 0.0009735135933304676)	(115, 0.0016735499489150512)	(120, 0.0006591782025348997)	(125, 0.0013537668043795256)	(130, 0.001334154890915677)	(135, 0.001360304108867475)	(140, 0.0018299004812518415)	(145, 0.0006259469047211569)	(150, 0.0008580212140433613)
NG-13640_L_428_lib241214_5808_7_1	(1, 0.24085572108673)	(2, 0.005034146505986756)	(3, 8.481713637440519e-05)	(4, 0.03214070544258343)	(5, 0.0)	(6, 0.0)	(7, 0.00015716116445845668)	(8, 0.0)	(9, 0.0)	(10, 4.789673583495823e-05)	(15, 4.889458449818652e-05)	(20, 0.0013610655766433963)	(25, 0.0025495033345482973)	(30, 0.00043556094149915136)	(35, 0.0035134251432268316)	(40, 0.005761578181480183)	(45, 0.0002823911716936079)	(50, 0.0021413832312879243)	(55, 0.0019572801529223033)	(60, 0.000292868582657505)	(65, 0.0022401702489475254)	(70, 0.00017013319708042454)	(75, 0.0020899940251316667)	(80, 0.0016050395748027147)	(85, 0.001040756155747113)	(90, 0.018870316070310315)	(95, 0.0015326955467186633)	(100, 0.0)	(105, 0.002163834826210561)	(110, 0.0011355517787538013)	(115, 0.0015681191742632676)	(120, 0.00018559985136046314)	(125, 0.00012073968825062386)	(130, 0.0023319723259645287)	(135, 0.0007443951027683091)	(140, 0.0051888130487871414)	(145, 0.0009354831217765279)	(150, 0.0037531582845674294)
NG-13640_L_428_lib241214_5808_7_2	(1, 0.283628504036011)	(2, 0.03444573585464079)	(3, 0.010337712151045151)	(4, 0.0)	(5, 0.0)	(6, 0.0)	(7, 0.0)	(8, 0.004455394281314343)	(9, 0.0)	(10, 0.006745456963423283)	(15, 1.5965578611652742e-05)	(20, 0.0026477914278762844)	(25, 0.000568773738040129)	(30, 0.00027889870137230884)	(35, 1.4967729948424447e-06)	(40, 0.006974463231634177)	(45, 0.013272883993931185)	(50, 0.008866883221446641)	(55, 0.0041759966556104205)	(60, 0.002878793393413635)	(65, 0.0024317571922873584)	(70, 0.0011565066006815955)	(75, 0.0032455027771500335)	(80, 0.0030484276661624453)	(85, 0.0021892799671228824)	(90, 0.003916057078839449)	(95, 0.0038292442451385873)	(100, 0.002515576479998535)	(105, 0.01225956867642285)	(110, 0.004298732041187501)	(115, 0.006989929885914216)	(120, 0.0023354647962858274)	(125, 0.004417476032111668)	(130, 0.005370920429826305)	(135, 0.0031372361971897635)	(140, 0.006442609894133495)	(145, 0.0029301825995698924)	(150, 0.002682965593255082)
NG-13640_MEC_1_lib227482_5697_4_1	(1, 0.8050761281778656)	(2, 0.058715873146879954)	(3, 0.0)	(4, 0.0035399968179361937)	(5, 0.0)	(6, 0.0)	(7, 0.0)	(8, 0.0)	(9, 0.0)	(10, 0.0011389174947582371)	(15, 0.0004370366441896536)	(20, 0.0022747757330071464)	(25, 0.0007648141273318938)	(30, 0.0002941256615396368)	(35, 0.10755165887856441)	(40, 0.004565284785205121)	(45, 0.10290421120425162)	(50, 0.08791385430854652)	(55, 0.12129471319175225)	(60, 0.1872894316476109)	(65, 0.17548769410791348)	(70, 0.1703765505541155)	(75, 0.008414703547227589)	(80, 0.003653626345425504)	(85, 0.0013937098583208052)	(90, 0.002789604899862559)	(95, 0.001006495391568772)	(100, 0.0070389121913185596)	(105, 0.0034565228188959698)	(110, 0.002878323338633058)	(115, 0.0010401472131713755)	(120, 0.002659367979894042)	(125, 9.090362199144794e-05)	(130, 0.0018613390676037343)	(135, 0.002496790348255491)	(140, 0.0007635030173993247)	(145, 0.002612168022321559)	(150, 0.0016749429388568473)
NG-13640_MEC_1_lib227482_5697_4_2	(1, 0.8796564315088299)	(2, 0.05302565603953067)	(3, 0.00026222198651379213)	(4, 0.0)	(5, 0.0034678857716449007)	(6, 0.0)	(7, 0.03008560258601575)	(8, 0.001641072598932149)	(9, 0.023862200772755082)	(10, 0.00025522940020675765)	(15, 0.001039273139882996)	(20, 3.889626133287916e-05)	(25, 0.0003356441427376539)	(30, 0.0006376364638727045)	(35, 0.031731045551389794)	(40, 0.0018359909422407347)	(45, 0.0018412353819710103)	(50, 0.0027970345228137826)	(55, 0.0011170656625487543)	(60, 0.002363931208421836)	(65, 0.0020226055893097167)	(70, 0.0015838207985433045)	(75, 0.0019124723549739239)	(80, 0.0005170143500763601)	(85, 0.0015724578457943733)	(90, 0.0021178795777430613)	(95, 0.0021135092113011645)	(100, 0.0032222711776103154)	(105, 0.005462958052370669)	(110, 0.002959175117808144)	(115, 0.0013718580261113224)	(120, 0.0030697453887881267)	(125, 0.0018289983559337)	(130, 0.0039014261226810367)	(135, 0.003213093408082333)	(140, 0.0019242723443670445)	(145, 0.0016314577927599766)	(150, 0.00257960879232943)
NG-13640_MEGAL_lib259811_5981_3_1	(1, 0.4681733213147037)	(2, 0.008342892075371817)	(3, 0.0)	(4, 0.012502011144861254)	(5, 0.0)	(6, 0.0)	(7, 0.0)	(8, 4.43770855072969e-05)	(9, 0.0)	(10, 0.0038765849584263133)	(15, 0.0010749116267323026)	(20, 0.00023421239573295584)	(25, 0.0002549217023030277)	(30, 0.0005463312304676108)	(35, 0.0013791412018212157)	(40, 0.002409675743046222)	(45, 0.0014486653024493143)	(50, 0.0007475073514340233)	(55, 0.0005261150026253977)	(60, 0.0021892695516933136)	(65, 0.008080574192150906)	(70, 0.0005670405370376827)	(75, 0.01699346527692756)	(80, 0.008641204705726425)	(85, 0.001171555057392638)	(90, 0.014818001929614293)	(95, 0.01326973472413749)	(100, 0.00120952211943777)	(105, 0.0009659412278754959)	(110, 0.0031714823775881515)	(115, 0.0009225502998239166)	(120, 0.0006587531804194296)	(125, 0.00019180762513709438)	(130, 0.0006114176225449795)	(135, 0.00154087102455892)	(140, 0.0004245407846864737)	(145, 0.0076156009517800065)	(150, 0.0007198949426739274)
NG-13640_MEGAL_lib259811_5981_3_2	(1, 0.4651901950111576)	(2, 0.040390543992558064)	(3, 0.002073396050646483)	(4, 8.87541710145938e-05)	(5, 0.0025147015120801576)	(6, 0.01728980559237073)	(7, 0.0)	(8, 0.01893422314978001)	(9, 0.005870102255159662)	(10, 0.00841931927818994)	(15, 0.005025951473065303)	(20, 0.008784197536805491)	(25, 0.0052690392858997185)	(30, 0.01008937692944788)	(35, 0.01232400972410421)	(40, 0.007286717440298151)	(45, 0.007648144147818691)	(50, 0.008388748397062691)	(55, 0.0038149501174439566)	(60, 0.006790187161344285)	(65, 0.005709358589877676)	(70, 0.004371142922468744)	(75, 0.0048849309568976705)	(80, 0.00897403284703115)	(85, 0.00567287076401612)	(90, 0.007284745125386716)	(95, 0.004982067466285866)	(100, 0.009394135923166895)	(105, 0.004591549113821653)	(110, 0.005094489416237685)	(115, 0.012471440263734005)	(120, 0.006549564742149163)	(125, 0.008640711626998565)	(130, 0.006521952333389068)	(135, 0.003241992635671968)	(140, 0.006039228258815249)	(145, 0.1961906019490317)	(150, 0.0004203496154996734)
NG-13640_ME_1_lib248393_5885_6_1	(1, 0.06473729606441478)	(2, 0.007988895612760878)	(3, 0.0)	(4, 0.005125566458743173)	(5, 0.0029610435925726012)	(6, 0.0)	(7, 0.0018950678992464647)	(8, 0.00036420836188643)	(9, 3.5532523110871214e-05)	(10, 7.698713340688764e-06)	(15, 6.514295903659722e-06)	(20, 0.00038967333678255426)	(25, 0.0006004996405737235)	(30, 5.329878466630682e-06)	(35, 0.0)	(40, 0.0017795871991361332)	(45, 0.0005223280897298069)	(50, 9.534560368083776e-05)	(55, 0.0002570185838353018)	(60, 0.0011103913472147254)	(65, 0.00010422873445855556)	(70, 0.0014592022824197778)	(75, 0.0001225872047325057)	(80, 0.00020371979916899497)	(85, 0.00012377162216953473)	(90, 7.106504622174243e-06)	(95, 6.632737647362626e-05)	(100, 0.0)	(105, 0.0014544646126716618)	(110, 7.402608981431503e-05)	(115, 5.4483202103335864e-05)	(120, 7.639492468837311e-05)	(125, 1.0067548214746845e-05)	(130, 0.00043172015579708527)	(135, 0.001321809859724409)	(140, 0.008836346288955157)	(145, 0.005150439224920782)	(150, 7.846765520317394e-05)
NG-13640_ME_1_lib248393_5885_6_2	(1, 0.053124083094345034)	(2, 5.922087185145203e-06)	(3, 0.0)	(4, 5.033774107373422e-05)	(5, 0.0)	(6, 0.0)	(7, 0.0)	(8, 0.0)	(9, 0.0)	(10, 0.0007657258730392746)	(15, 0.00016226518887297854)	(20, 0.003909169750914349)	(25, 0.0006543906339585449)	(30, 0.005999666527270605)	(35, 0.0008154714053944944)	(40, 0.000233330235094721)	(45, 0.0013685943484870564)	(50, 0.00045185525222657895)	(55, 0.008502340571712967)	(60, 0.005656777679250697)	(65, 0.0032559635343928322)	(70, 0.009686758008742007)	(75, 0.003734468178952565)	(80, 0.003329397415488633)	(85, 0.0032820207180074713)	(90, 0.0012039603247400196)	(95, 0.002587952099908453)	(100, 0.0027993706124181373)	(105, 0.0015409270855747817)	(110, 0.002951568253076369)	(115, 0.0003606551095753428)	(120, 0.0024979363746942466)	(125, 0.0034324417325101594)	(130, 0.0016410103590037356)	(135, 0.0018411769058616436)	(140, 0.0024434531725909107)	(145, 0.0012341629693842602)	(150, 0.0031283425555529536)
NG-13640_MINO_lib248384_5885_5_1	(1, 0.23041211233941036)	(2, 0.0)	(3, 0.0002791019914893215)	(4, 0.013337854785595462)	(5, 0.003953050321767025)	(6, 0.0)	(7, 0.0)	(8, 0.0)	(9, 0.0)	(10, 0.00017014486788868253)	(15, 7.889998605563511e-05)	(20, 2.5763260752860446e-05)	(25, 0.0008249610786905523)	(30, 0.0005340509260228363)	(35, 0.0007337161968575048)	(40, 0.00016638772569555705)	(45, 0.0005233162340424778)	(50, 0.0005270733762356033)	(55, 0.00013901426114564284)	(60, 9.607549322420875e-05)	(65, 0.00035209789695575945)	(70, 0.00041596931423889264)	(75, 0.0007804121069720643)	(80, 0.00028232239908342906)	(85, 0.0010428753258918302)	(90, 0.001952103736628197)	(95, 0.0010273100225203103)	(100, 0.001378334450278034)	(105, 0.0008212039364974268)	(110, 0.00158122012870681)	(115, 0.001109967150769071)	(120, 0.0020524731066445486)	(125, 0.0018093323332894283)	(130, 0.0019623016940095374)	(135, 0.001181889587037473)	(140, 0.0025833036250732778)	(145, 0.000732642727659469)	(150, 0.004583713475613088)
NG-13640_MINO_lib248384_5885_5_2	(1, 0.21384311526772698)	(2, 0.01349887516530084)	(3, 0.0)	(4, 0.0)	(5, 0.0006843366137478556)	(6, 0.0)	(7, 0.0013364691515546357)	(8, 0.00019859180163663261)	(9, 0.0)	(10, 0.0024314077335512046)	(15, 0.0010176487997379878)	(20, 0.0022499914390831455)	(25, 0.0024163791647787026)	(30, 0.0027362729857933867)	(35, 0.00019805506703761468)	(40, 0.0030196688540748517)	(45, 0.0006757488601635687)	(50, 0.0005415652104090872)	(55, 0.001210873255384441)	(60, 0.004713066513976408)	(65, 0.0033964565425854353)	(70, 0.006401633562486803)	(75, 0.004277238019573852)	(80, 0.0018946731345332785)	(85, 0.0007213713010800926)	(90, 0.00013686732274957114)	(95, 0.00032096729021271976)	(100, 0.0008206672018984088)	(105, 0.0013396895591487432)	(110, 0.0006413978458264215)	(115, 1.556530337151985e-05)	(120, 0.00032418769780682727)	(125, 6.387141728313319e-05)	(130, 0.00042670400621925116)	(135, 0.0006666243719802641)	(140, 0.0003257979016038811)	(145, 0.0004535407361701474)	(150, 0.0034122902132564643)
NG-13640_MKPL_1_lib259812_5981_3_1	(1, 0.47514923061908404)	(2, 0.007897269590057848)	(3, 0.0)	(4, 0.012854894731058726)	(5, 0.0)	(6, 8.417020612904715e-06)	(7, 0.0)	(8, 3.1563827298392683e-05)	(9, 0.0)	(10, 0.004742570264341162)	(15, 0.001210367564135698)	(20, 0.00034088933482264095)	(25, 0.00022557615242584634)	(30, 0.0005795118691984896)	(35, 0.0016034424267583481)	(40, 0.0029787835949069788)	(45, 0.0018925670848116251)	(50, 0.0009721658807904946)	(55, 0.0006632612242968916)	(60, 0.0023571866226439653)	(65, 0.008831979729120917)	(70, 0.0007449063242420673)	(75, 0.018984169141375937)	(80, 0.008326537641315988)	(85, 0.0016926628452551382)	(90, 0.014828686064784883)	(95, 0.013613689139312086)	(100, 0.0016606781669261002)	(105, 0.001176278630653434)	(110, 0.0038087018273393835)	(115, 0.0010420271518776036)	(120, 0.0006287514397839822)	(125, 0.0002024293457403584)	(130, 0.0007503773876404553)	(135, 0.002118984939298762)	(140, 0.0004894497486404092)	(145, 0.008022262346159484)	(150, 0.0006523190975001155)
NG-13640_MKPL_1_lib259812_5981_3_2	(1, 0.465482282445163)	(2, 0.03915808414638596)	(3, 0.0018875168724438824)	(4, 4.839786852420211e-05)	(5, 0.002116880684145536)	(6, 0.017459005006317606)	(7, 0.0)	(8, 0.01653734124920454)	(9, 0.0067735973382350686)	(10, 0.00831854147173373)	(15, 0.005444549783457414)	(20, 0.007927570864264306)	(25, 0.005656658702902614)	(30, 0.009772160931582374)	(35, 0.011894091828095654)	(40, 0.0072192785796883745)	(45, 0.007328278996625491)	(50, 0.008366939340257933)	(55, 0.00389118862934585)	(60, 0.0068712347773447644)	(65, 0.005879288898113943)	(70, 0.004225765198708813)	(75, 0.004863354510136344)	(80, 0.00900747460889998)	(85, 0.005698322954936492)	(90, 0.007107753056567388)	(95, 0.005148270657883169)	(100, 0.008882481852798345)	(105, 0.004928586419886356)	(110, 0.0048671421694121515)	(115, 0.011915976081689204)	(120, 0.006436916513718882)	(125, 0.008464155928336981)	(130, 0.006397356516838228)	(135, 0.0031113516695602276)	(140, 0.005985343357836543)	(145, 0.18462355948478912)	(150, 0.0003945478412299085)
NG-13640_MOLM13_lib236379_5767_8_1	(1, 0.9194054193087726)	(2, 0.004817761672167165)	(3, 0.0035404453212405573)	(4, 0.0006996089556942418)	(5, 0.00013515173007729673)	(6, 0.0)	(7, 0.0)	(8, 0.0)	(9, 0.00017490223892356046)	(10, 0.00023214297166218023)	(15, 0.00016006204895428866)	(20, 0.0018650938750666946)	(25, 0.00025811330410840586)	(30, 0.000412875285216526)	(35, 0.0004473257262166213)	(40, 0.002848786467315568)	(45, 0.0020982968602981087)	(50, 0.00040810522415497445)	(55, 0.002474071670591455)	(60, 0.0010335132300028573)	(65, 0.005037714487783158)	(70, 0.0006179879108632469)	(75, 0.000999062789002762)	(80, 3.710047492317949e-06)	(85, 0.0008374107196946228)	(90, 0.001355757355049902)	(95, 0.0036559868002870306)	(100, 0.00046163590940127624)	(105, 0.0031026597171470395)	(110, 0.0008246905568638184)	(115, 0.005080115030552506)	(120, 0.0005840674766477686)	(125, 0.007440235242451338)	(130, 0.010773447910906708)	(135, 0.0009577222598026478)	(140, 0.0014856090172810303)	(145, 0.0026161134888687708)	(150, 0.00042003037680885354)
NG-13640_MOLM13_lib236379_5767_8_2	(1, 0.8176202663570297)	(2, 0.0008480108553869598)	(3, 0.0)	(4, 0.0003339042743086154)	(5, 0.0)	(6, 0.00020670264600057146)	(7, 0.0008586109910792969)	(8, 7.950101769252747e-06)	(9, 0.00034185437607786817)	(10, 0.0015545098992812206)	(15, 0.0017834728302357)	(20, 0.0018931842346513875)	(25, 8.851113303101393e-05)	(30, 0.0010918139763107107)	(35, 0.0037429079129641936)	(40, 0.0020399961139902553)	(45, 0.0009476521308949276)	(50, 0.00012402158760034288)	(55, 0.004641799419674372)	(60, 0.0035425653483790245)	(65, 0.0031662605313010615)	(70, 0.0027661054089153396)	(75, 0.0018438936036820207)	(80, 0.001108244186633833)	(85, 0.00019451248995438393)	(90, 0.00012879164866189452)	(95, 0.00047223604509361326)	(100, 0.0026394337873919126)	(105, 0.0026060433599610507)	(110, 0.0016827715411584984)	(115, 0.0038266489849336557)	(120, 0.0009158517238179167)	(125, 0.00016112206252352236)	(130, 0.0030385288962084004)	(135, 0.0013610574228960705)	(140, 0.0021401673962828396)	(145, 0.0010398733114182596)	(150, 0.0003617296305010001)
NG-13640_MOLM_20_lib259817_5981_7_1	(1, 0.7219443263848709)	(2, 0.0)	(3, 0.001110069618107841)	(4, 0.033283740285084684)	(5, 0.0)	(6, 0.0022774775429361283)	(7, 0.002481601914860917)	(8, 0.0002293532268817853)	(9, 0.0)	(10, 0.0003178835724581544)	(15, 0.0)	(20, 0.0)	(25, 0.0006733810741249217)	(30, 0.0005504477445162848)	(35, 0.004165513306626985)	(40, 0.00011605273280218337)	(45, 0.00032843382089471656)	(50, 0.00017568457179144756)	(55, 2.7522387225814237e-05)	(60, 0.0006798029644776117)	(65, 0.0006362258513700725)	(70, 0.0005876029672711341)	(75, 0.00014953830392692402)	(80, 0.002229313365290953)	(85, 0.00023348158496565744)	(90, 0.0017472128823854405)	(95, 0.0035458008875924006)	(100, 0.0009853014626841497)	(105, 0.0004798069506366949)	(110, 0.0027150834998265743)	(115, 0.0005816397833722075)	(120, 7.293432614840772e-05)	(125, 0.0017678546728048014)	(130, 0.0)	(135, 0.00029127859813986735)	(140, 0.00020825273000866108)	(145, 9.174129075271414e-06)	(150, 0.0011169502149142945)
NG-13640_MOLM_20_lib259817_5981_7_2	(1, 0.7700259368683684)	(2, 0.05454478441702618)	(3, 0.0)	(4, 0.005685666494399458)	(5, 0.0013210745868390834)	(6, 0.009793382787852233)	(7, 0.0)	(8, 0.00021100496873124248)	(9, 0.010158054418594272)	(10, 0.004691190902640037)	(15, 0.005256775960130519)	(20, 0.0036664406849322203)	(25, 0.0038379968986397956)	(30, 0.004651283441162606)	(35, 0.0047265112995798315)	(40, 0.003510480490652606)	(45, 0.004465966033842124)	(50, 0.002815081506747033)	(55, 0.004186155097046346)	(60, 0.0022834407268350547)	(65, 0.007269579879245067)	(70, 0.0020829860065403744)	(75, 0.002716459619187865)	(80, 0.004218264548809796)	(85, 0.0043109232524700366)	(90, 0.00169446164020263)	(95, 0.005841626688679072)	(100, 0.0014655671197746083)	(105, 0.006000797828135031)	(110, 0.0024545382340888664)	(115, 0.005992082405513523)	(120, 0.002203625803880193)	(125, 0.004205420768104416)	(130, 0.003766897398306442)	(135, 0.005020083429988517)	(140, 0.002964619810673957)	(145, 0.003479747158250447)	(150, 0.0045297262309152595)
NG-13640_MOLT_4_lib241220_5808_2_1	(1, 0.2993480142053888)	(2, 0.10280261315871711)	(3, 0.0)	(4, 0.00628037779623499)	(5, 0.00043462822119273286)	(6, 0.0)	(7, 0.0)	(8, 0.0)	(9, 0.0)	(10, 0.0)	(15, 0.00022557204679902833)	(20, 0.006068279224292936)	(25, 0.005186853191714073)	(30, 0.004427992317511563)	(35, 0.00200711312546804)	(40, 0.005935717616829152)	(45, 0.00015429301852342016)	(50, 0.004582719964256176)	(55, 0.0009731325872505287)	(60, 0.00038334209109199035)	(65, 0.005510216588281467)	(70, 0.0007658149257415953)	(75, 0.0071213834042429276)	(80, 0.001683749728900647)	(85, 0.0005445891611544943)	(90, 0.0010157261529274166)	(95, 0.00018080534001617686)	(100, 7.997159269946284e-05)	(105, 0.001067446911249352)	(110, 0.000893160994551066)	(115, 0.0005571933795690835)	(120, 8.388324669019744e-05)	(125, 0.0003707378726774011)	(130, 0.0008253589920449997)	(135, 0.00012256515837635065)	(140, 0.0005041687365835701)	(145, 0.00019340955843076614)	(150, 0.001022462890355904)
NG-13640_MOLT_4_lib241220_5808_2_2	(1, 0.3329686802557526)	(2, 0.053259342224957484)	(3, 0.0)	(4, 0.001599431853989257)	(5, 0.0006736737428487359)	(6, 0.0016168169828369662)	(7, 0.0)	(8, 0.0)	(9, 0.003479198910647827)	(10, 0.00019514807131553705)	(15, 3.04239754834913e-06)	(20, 2.8250834377527637e-05)	(25, 0.0007314792962673694)	(30, 0.00038768837330391774)	(35, 0.000126911440588278)	(40, 0.0005015609672564137)	(45, 0.0015216334023957577)	(50, 0.0004602712862431041)	(55, 1.4342731299360184e-05)	(60, 8.171010558423377e-05)	(65, 0.00020470989218177718)	(70, 0.0006515077035679065)	(75, 0.0047713486122538205)	(80, 0.0015720502760541149)	(85, 8.822952890212477e-05)	(90, 0.0003572643978204264)	(95, 0.004740490008549137)	(100, 0.004312381210674295)	(105, 5.3024642985513404e-05)	(110, 0.0010909168351937596)	(115, 0.005742742686619579)	(120, 0.00651420777923668)	(125, 0.004903910219717604)	(130, 0.0009166309184954735)	(135, 0.0031249769103757494)	(140, 0.0029858958795940744)	(145, 0.000715832680304431)	(150, 0.002043839210158826)
NG-13640_MONO_MAC_6_lib248394_5885_6_1	(1, 0.06095656064217434)	(2, 0.008142633470567245)	(3, 0.0)	(4, 0.004177432723171119)	(5, 0.002843908475384911)	(6, 0.0)	(7, 0.001697855806199947)	(8, 0.0002935875664887408)	(9, 2.4760397173749225e-05)	(10, 1.0611598788749669e-05)	(15, 2.8297596769999116e-06)	(20, 0.0003105661245507403)	(25, 0.0005956644120084813)	(30, 8.489279030999733e-06)	(35, 0.0)	(40, 0.0015146288671142026)	(45, 0.00044922434872373594)	(50, 8.560023022924732e-05)	(55, 0.00020586501650174356)	(60, 0.0010109316446082184)	(65, 8.63076701484973e-05)	(70, 0.0012217487405447116)	(75, 0.0001117755072414965)	(80, 0.00018959389835899407)	(85, 0.0001089457475644966)	(90, 7.074399192499778e-06)	(95, 7.00365520057478e-05)	(100, 0.0)	(105, 0.001206892502240462)	(110, 6.296215281324803e-05)	(115, 4.810591450899849e-05)	(120, 0.00010045646853349685)	(125, 4.244639515499867e-06)	(130, 0.00039050683542598777)	(135, 0.0011043137139492155)	(140, 0.008236722979827492)	(145, 0.004949957114992095)	(150, 5.128939414562339e-05)
NG-13640_MONO_MAC_6_lib248394_5885_6_2	(1, 0.04736663979338227)	(2, 0.0)	(3, 0.0)	(4, 2.1223197577499337e-05)	(5, 0.0)	(6, 0.0)	(7, 0.0)	(8, 0.0)	(9, 0.0)	(10, 0.0007272482369889773)	(15, 0.00013441358465749579)	(20, 0.0038513029203968794)	(25, 0.0005065269821829841)	(30, 0.005798885018092069)	(35, 0.0006423554466789799)	(40, 0.0001853492588434942)	(45, 0.0011248294716074648)	(50, 0.00036291667857523866)	(55, 0.007772642392799506)	(60, 0.005290235716151334)	(65, 0.00317994243702865)	(70, 0.009186814791380211)	(75, 0.003600161749063137)	(80, 0.0031665010785629014)	(85, 0.0031077835652651526)	(90, 0.001090872355483466)	(95, 0.0024470346806856735)	(100, 0.0024144924444001745)	(105, 0.0014552039138972044)	(110, 0.002587815224616419)	(115, 0.0003416934809977393)	(120, 0.0024180296439964243)	(125, 0.003001667577377656)	(130, 0.001504724708244703)	(135, 0.001692903726765197)	(140, 0.0023196954952206775)	(145, 0.0011078509135454653)	(150, 0.0028916606699342846)
NG-13640_MONO_MAC_6_lib248394_5904_3_1	(1, 0.1935277826768801)	(2, 0.010453853387336143)	(3, 0.008152690692010576)	(4, 0.0033859965374076185)	(5, 8.218438197591308e-05)	(6, 0.0)	(7, 0.0)	(8, 0.001282076358824244)	(9, 0.0)	(10, 0.0006081644266217567)	(15, 3.2873752790365227e-06)	(20, 0.0003911976582053462)	(25, 0.0010453853387336143)	(30, 0.0019395514146315484)	(35, 0.0012064667274064038)	(40, 0.0013938471183114857)	(45, 0.0001150581347662783)	(50, 0.0024293703312079904)	(55, 0.0006443255546911584)	(60, 0.0017423088978893572)	(65, 0.0010618222151287967)	(70, 0.00013149501116146092)	(75, 0.0017784700259587589)	(80, 0.00013478238644049745)	(85, 0.00041749666043763844)	(90, 0.00024984052120677574)	(95, 0.0014037092441485954)	(100, 0.0002728521481600314)	(105, 0.0006311760535750124)	(110, 0.0005818654243894645)	(115, 0.0014431577474970335)	(120, 0.000936901954525409)	(125, 0.0024622440839983557)	(130, 0.0005555664221571725)	(135, 0.0008711544489446786)	(140, 0.000565428547994282)	(145, 0.0020315979224445713)	(150, 0.000320519089706061)
NG-13640_MONO_MAC_6_lib248394_5904_3_2	(1, 0.3663615379722253)	(2, 0.03400789726163283)	(3, 0.0007396594377832177)	(4, 0.0045201410086752195)	(5, 9.86212583710957e-05)	(6, 0.0020217357966074616)	(7, 0.0012656394824290614)	(8, 0.0006739119322024872)	(9, 0.004240714109957114)	(10, 0.002080908551630119)	(15, 0.0008382806961543133)	(20, 0.0008843039500608247)	(25, 0.0027482457332745334)	(30, 0.0011735929746160387)	(35, 0.005802217367499462)	(40, 0.0007034983097138159)	(45, 0.0012623521071500248)	(50, 0.0004700946649022228)	(55, 0.0031657423937121714)	(60, 0.00441494499974605)	(65, 0.0005489916715990993)	(70, 0.2014569318499162)	(75, 0.00106839696568687)	(80, 0.0002925763998342506)	(85, 0.0018705165337717816)	(90, 0.0016864235181457364)	(95, 0.0035240662991271525)	(100, 0.008001471429174897)	(105, 0.0011407192218256734)	(110, 0.0027581078591116426)	(115, 0.0033695596610124365)	(120, 0.0037377456922645267)	(125, 0.000874441824223715)	(130, 0.0011735929746160387)	(135, 0.0004931062918554785)	(140, 0.002080908551630119)	(145, 0.0010946959679191623)	(150, 0.01163730848778929)
NG-13640_MOTN_1_lib250968_5908_5_1	(1, 0.19936223149599092)	(2, 0.0)	(3, 0.0)	(4, 0.01123108022982993)	(5, 0.000774210544043782)	(6, 0.0)	(7, 0.0)	(8, 0.0)	(9, 0.00117237596669487)	(10, 0.004068124495066419)	(15, 4.5447164403609027e-05)	(20, 0.00015725523258239938)	(25, 0.0014490808260725957)	(30, 0.0007758192932262109)	(35, 0.006591447587705737)	(40, 0.0006294231176252047)	(45, 0.0005984546958634533)	(50, 0.0004950925608924134)	(55, 8.727464314675362e-05)	(60, 0.004665774816338658)	(65, 0.00014277648994054164)	(70, 0.008645820293667108)	(75, 0.0076081770710006375)	(80, 0.008103671819188658)	(85, 0.008609221249766857)	(90, 0.008349408256804632)	(95, 0.007160140423694261)	(100, 0.001545605777018314)	(105, 0.012479067408098947)	(110, 0.004274044390417285)	(115, 0.0017889290908606457)	(120, 0.0034322663807114994)	(125, 0.002180659516782019)	(130, 0.011229069293351894)	(135, 0.003745570283989477)	(140, 0.0027348736101286846)	(145, 0.18405417865059126)	(150, 0.0015574703022387254)
NG-13640_MOTN_1_lib250968_5908_5_2	(1, 0.11286380982975913)	(2, 0.007098605767466366)	(3, 0.0)	(4, 0.0016630444673356047)	(5, 0.006370646762417408)	(6, 0.0)	(7, 0.00300031722522941)	(8, 0.0065274998077041995)	(9, 0.0)	(10, 0.003261336780078457)	(15, 0.0021191248605541236)	(20, 0.0033908410892639624)	(25, 0.002283619464457452)	(30, 0.001742275364570215)	(35, 0.0021597457774104466)	(40, 0.0007569164903326743)	(45, 0.0021545173425675536)	(50, 0.18062834726660945)	(55, 0.0017808853449485023)	(60, 0.0021295817302399095)	(65, 0.002069253635898836)	(70, 0.0006885446500794571)	(75, 0.0021295817302399095)	(80, 0.0014571245719847388)	(85, 0.0016525875976498184)	(90, 0.00471645041558516)	(95, 0.005567880920385517)	(100, 0.0035621728771926117)	(105, 0.0015311270343764563)	(110, 0.18696963435644753)	(115, 0.0013151524566354115)	(120, 0.0034097438921574983)	(125, 0.0022518466681044863)	(130, 0.0025317690258470694)	(135, 0.0017080894444436064)	(140, 0.0018790190450766494)	(145, 0.0031137340425906293)	(150, 0.0027479446972359174)
NG-13640_MUTZ_3_lib259806_5981_3_1	(1, 0.48445520649495843)	(2, 0.008177703197400485)	(3, 0.0)	(4, 0.012274313527787064)	(5, 0.0)	(6, 7.75873168633822e-06)	(7, 0.0)	(8, 3.103492674535288e-05)	(9, 0.0)	(10, 0.004055489052448988)	(15, 0.0011102745043149991)	(20, 0.0002793143407081759)	(25, 0.0002366413164333157)	(30, 0.0005656115399340562)	(35, 0.0013771748743250341)	(40, 0.0026224513099823185)	(45, 0.0016068333322406452)	(50, 0.0007782007881397235)	(55, 0.0005268178815023652)	(60, 0.0021716689990060674)	(65, 0.008478741986830407)	(70, 0.0006121639300520856)	(75, 0.017702322215549283)	(80, 0.008654089322941651)	(85, 0.001364760903626893)	(90, 0.015037973754460738)	(95, 0.013585539182778224)	(100, 0.0013756231279877663)	(105, 0.0010311354411143493)	(110, 0.003428583532192859)	(115, 0.0010132903582357716)	(120, 0.0006548369543269457)	(125, 0.00020715813602523048)	(130, 0.0006641474323505517)	(135, 0.001729421292884789)	(140, 0.0004523340573135182)	(145, 0.007868905676284222)	(150, 0.0007487176077316382)
NG-13640_MUTZ_3_lib259806_5981_3_2	(1, 0.467126079273522)	(2, 0.04082644613351171)	(3, 0.0018776130680938491)	(4, 8.922541439288952e-05)	(5, 0.002688400529316193)	(6, 0.017286454197161554)	(7, 0.0)	(8, 0.019373553020786534)	(9, 0.005788013838008312)	(10, 0.008575726132909633)	(15, 0.00516033244458355)	(20, 0.008712279810589186)	(25, 0.0052278334102546925)	(30, 0.010226008362593773)	(35, 0.012388366883576236)	(40, 0.007377777960539012)	(45, 0.00769588595967888)	(50, 0.008570295020729198)	(55, 0.003944539189334351)	(60, 0.00685328769854255)	(65, 0.005701891916289958)	(70, 0.004444201509934532)	(75, 0.0049291222403306705)	(80, 0.009069957341329378)	(85, 0.005859394169522623)	(90, 0.007231913804835855)	(95, 0.0050524860741434485)	(100, 0.009568843788760927)	(105, 0.004659894250814735)	(110, 0.005026106386409899)	(115, 0.012576904063554254)	(120, 0.006647681308854587)	(125, 0.00865641694244755)	(130, 0.006422678089950778)	(135, 0.003291253981344673)	(140, 0.006155777719940744)	(145, 0.1929868126001337)	(150, 0.0004150921452190947)
NG-13640_MUTZ_3_lib259806_5991_5_1	(1, 0.28543238064630727)	(2, 0.025097109577227782)	(3, 0.0)	(4, 0.007194598060621907)	(5, 0.0)	(6, 0.0)	(7, 0.0)	(8, 0.0)	(9, 0.0)	(10, 0.0007502538055434518)	(15, 0.004266368655403808)	(20, 0.00045911053772061975)	(25, 0.003017811949163586)	(30, 0.0005234979911814384)	(35, 0.001884032877353519)	(40, 0.003986423205574161)	(45, 0.0011757708892845141)	(50, 0.01156734598696098)	(55, 0.013871297039058969)	(60, 0.013196628504969521)	(65, 0.005870456082927681)	(70, 0.00043111599273765514)	(75, 0.00842635803987235)	(80, 0.0020771952377359746)	(85, 0.004213179019936175)	(90, 0.003037408130651661)	(95, 0.0032753617630068605)	(100, 0.0051565951858620835)	(105, 0.004661091739663609)	(110, 0.004176786111458321)	(115, 0.014963084293394588)	(120, 0.001976414875797302)	(125, 0.001290548523714669)	(130, 0.009017042939012905)	(135, 0.010399973461171356)	(140, 0.003992022114570754)	(145, 0.003947230842598012)	(150, 0.07643910507598489)
NG-13640_MUTZ_3_lib259806_5991_5_2	(1, 0.5349057682619964)	(2, 0.026090915924123027)	(3, 0.00016796726989778773)	(4, 0.0)	(5, 0.0)	(6, 0.013829305221584523)	(7, 0.005654898086558853)	(8, 0.0003919236297615047)	(9, 0.0)	(10, 0.017527384613834147)	(15, 0.012107640705132197)	(20, 0.013860099221065783)	(25, 0.02188333581318344)	(30, 0.01098225999681702)	(35, 0.003115792856603962)	(40, 0.015592961555511292)	(45, 0.0015928896095306869)	(50, 0.002102390328220643)	(55, 0.0046722895576567945)	(60, 0.002673479045873121)	(65, 0.003992022114570754)	(70, 0.0017608568794284746)	(75, 0.004076005749519648)	(80, 0.011833294164299145)	(85, 0.001710466698459138)	(90, 0.002653882864385046)	(95, 0.008532737310807616)	(100, 0.01368093413317481)	(105, 0.004610701558694273)	(110, 0.01662596026538269)	(115, 0.002866641406255577)	(120, 0.0030038146766721034)	(125, 0.0057780740844838975)	(130, 0.0011421774353049564)	(135, 0.005067012641916596)	(140, 0.006055220079815247)	(145, 0.0063687589836244505)	(150, 0.05291668865404887)
NG-13640_M_07e_lib259810_5981_3_1	(1, 0.5020675866056451)	(2, 0.008134115244924153)	(3, 0.0)	(4, 0.012459976679316434)	(5, 0.0)	(6, 1.968089824564276e-06)	(7, 0.0)	(8, 3.148943719302842e-05)	(9, 0.0)	(10, 0.003966094614461929)	(15, 0.0011300771772648074)	(20, 0.0002778942832284758)	(25, 0.00022633032982489175)	(30, 0.0005325651065270932)	(35, 0.0014185991455459303)	(40, 0.0027041554189513157)	(45, 0.0016134400381777934)	(50, 0.0008053423562117018)	(55, 0.0005487034430885202)	(60, 0.002192058446599691)	(65, 0.008633222824433654)	(70, 0.0006207355306675727)	(75, 0.017826957630903216)	(80, 0.008634403678328392)	(85, 0.001430014066528403)	(90, 0.015181844906688826)	(95, 0.013712075425704226)	(100, 0.001444184313265266)	(105, 0.0010485982585278465)	(110, 0.00348233813558403)	(115, 0.0010245875626681623)	(120, 0.0006537994397202526)	(125, 0.0001787025560704363)	(130, 0.0006541930576851654)	(135, 0.0018200894697570427)	(140, 0.00046132025487786635)	(145, 0.00793927435229229)	(150, 0.000855135028773178)
NG-13640_M_07e_lib259810_5981_3_2	(1, 0.4644259006210288)	(2, 0.042678027845676335)	(3, 0.0019326642077221192)	(4, 6.297887438605684e-05)	(5, 0.0029895284435131355)	(6, 0.017342807534060402)	(7, 0.0)	(8, 0.02166866896845268)	(9, 0.0059652802582543215)	(10, 0.009046521687592153)	(15, 0.005400438478604374)	(20, 0.008963861914960453)	(25, 0.0053040020772007245)	(30, 0.01054896145966452)	(35, 0.012701264491808011)	(40, 0.0079365190265379)	(45, 0.00790621044323961)	(50, 0.009089032427802742)	(55, 0.004199510067655252)	(60, 0.007046548807869935)	(65, 0.006003461200850869)	(70, 0.004604149335585668)	(75, 0.005158757048147881)	(80, 0.009235851928715235)	(85, 0.00628214272000917)	(90, 0.007406709245765197)	(95, 0.005185916687726867)	(100, 0.010016002735172514)	(105, 0.004798596610252618)	(110, 0.005182767744007565)	(115, 0.013147233646054277)	(120, 0.007119368131378812)	(125, 0.009109106944013297)	(130, 0.006508866667798974)	(135, 0.0033709442515136925)	(140, 0.006439196288009399)	(145, 0.1952530106411271)	(150, 0.00040050627929883023)
NG-13640_NALM_1_lib265127_5989_8_1	(1, 0.9709716897247608)	(2, 0.010157989645850973)	(3, 0.01692669616550804)	(4, 0.050967423418408285)	(5, 0.0)	(6, 0.0)	(7, 2.7114265009551245e-05)	(8, 0.0)	(9, 0.0012472561904393572)	(10, 0.0)	(15, 2.2184398644178292e-05)	(20, 0.0027646690577011524)	(25, 0.0006946181708810491)	(30, 0.008380279834497484)	(35, 0.010904371413568436)	(40, 0.0009973119657149484)	(45, 0.0022174538911447546)	(50, 0.10213253447806801)	(55, 0.0010633721750109462)	(60, 0.1590187554547431)	(65, 0.06201525394320907)	(70, 0.0038457887516274414)	(75, 0.2352261086905878)	(80, 0.30163831044507305)	(85, 0.3307141692814062)	(90, 0.0029199598482104005)	(95, 0.0004910146899911463)	(100, 0.00306046103962353)	(105, 0.002665085757120619)	(110, 0.0005230588213660704)	(115, 0.0007079288100675561)	(120, 0.00017648921588035173)	(125, 0.002308163432267617)	(130, 0.000992875085986113)	(135, 0.002597053601278472)	(140, 0.0015760782770097336)	(145, 0.0005516520462852336)	(150, 0.0016367156333038208)
NG-13640_NALM_1_lib265127_5989_8_2	(1, 1.1157150311452935)	(2, 0.022490050358831417)	(3, 0.010931978665214526)	(4, 0.0002440283850859612)	(5, 0.0)	(6, 9.366746094208612e-05)	(7, 0.00014296612459581567)	(8, 9.613239412477259e-05)	(9, 0.013815950488957703)	(10, 0.0011900697406010312)	(15, 0.0017210163481516981)	(20, 0.004929866365372954)	(25, 0.0015800221701020316)	(30, 0.00270501767468014)	(35, 0.003862550297269709)	(40, 0.014464227916004248)	(45, 0.004281588938326411)	(50, 0.003616056979001062)	(55, 0.01717959831005167)	(60, 0.004164258118830534)	(65, 0.004677950194102397)	(70, 0.003640213324191389)	(75, 0.006608978849418982)	(80, 0.009292798098728018)	(85, 0.005072339503332232)	(90, 0.0011269674511242573)	(95, 0.0014592404441503943)	(100, 0.01100050380769321)	(105, 0.019659814078470804)	(110, 0.0035115438120551547)	(115, 0.0024161275056692848)	(120, 0.002261822688433111)	(125, 0.0014562825243311706)	(130, 0.0024008449199366287)	(135, 0.0020912493121912072)	(140, 0.0065478485064883575)	(145, 0.0014843827626137966)	(150, 0.009848640531423819)
NG-13640_NALM_6_lib227471_5697_7_1	(1, 1.1050360511097566)	(2, 0.03795621496756194)	(3, 0.0)	(4, 0.015789385273130313)	(5, 0.0)	(6, 0.00031261982457359385)	(7, 0.0)	(8, 0.0)	(9, 0.0)	(10, 0.0006410790535922498)	(15, 0.0022291877624261067)	(20, 0.0009962151743078524)	(25, 0.0)	(30, 0.0014597261675423007)	(35, 0.10092451685960797)	(40, 0.0071260646945468815)	(45, 0.06330426399685446)	(50, 0.06805024976031439)	(55, 0.10072110556041876)	(60, 0.2073628137718286)	(65, 0.23873317110170686)	(70, 0.16018806541724054)	(75, 0.0011004217824990504)	(80, 0.0013205061389988603)	(85, 0.0005043599836453981)	(90, 0.000652750193709664)	(95, 0.007325307729408452)	(100, 0.0014005368140897004)	(105, 0.0007936375279841636)	(110, 4.58509076041271e-05)	(115, 0.0010762458493986924)	(120, 0.0016114509890686852)	(125, 0.0012663187027394376)	(130, 0.0033637893124118697)	(135, 0.006321589679310833)	(140, 0.00014172098714002922)	(145, 0.0009503642667037253)	(150, 0.0)
NG-13640_NALM_6_lib227471_5697_7_2	(1, 1.064649738039176)	(2, 3.7514378948831265e-05)	(3, 0.0)	(4, 3.7514378948831265e-05)	(5, 0.0)	(6, 0.0)	(7, 0.001225469712328488)	(8, 0.0)	(9, 1.2504792982943753e-05)	(10, 0.0013696916580651058)	(15, 0.0017898527022920162)	(20, 0.001683978788369759)	(25, 0.003498841076627662)	(30, 0.004327492024964069)	(35, 0.031141936444723125)	(40, 0.007653766958427108)	(45, 0.004449205343331388)	(50, 0.0062298878641025785)	(55, 0.0001675642259714463)	(60, 0.005208663103828838)	(65, 0.008038914582301774)	(70, 0.0)	(75, 0.0065333375071553465)	(80, 0.004549243687194938)	(85, 0.0012696533142015558)	(90, 0.0034830016721826003)	(95, 0.004707637731645559)	(100, 0.0)	(105, 0.00023258914948275384)	(110, 0.00456591674450553)	(115, 0.0009953815214423227)	(120, 0.00650832792118946)	(125, 0.006672557535698788)	(130, 0.0062215513354472824)	(135, 4.251629614200877e-05)	(140, 0.008786701202681811)	(145, 0.002767727513558218)	(150, 0.010197658677590631)
NG-13640_NALM_6_lib227471_5706_1_1	(1, 0.5780856423173804)	(2, 0.027968383566403198)	(3, 0.009684704247372536)	(4, 0.0)	(5, 0.0)	(6, 0.0)	(7, 0.0)	(8, 2.8952778019050928e-05)	(9, 0.0)	(10, 4.632444483048148e-05)	(15, 0.0002547844465676482)	(20, 2.8952778019050927e-06)	(25, 0.00011291583427429862)	(30, 0.00018529777932192593)	(35, 1.158111120762037e-05)	(40, 0.0007035525058629376)	(45, 0.0005269405599467268)	(50, 0.0005269405599467268)	(55, 3.184805582095602e-05)	(60, 0.00025767972436955324)	(65, 0.000686180839051507)	(70, 0.0004893019485219607)	(75, 0.0006803902834476967)	(80, 7.238194504762732e-05)	(85, 0.00033874750282289587)	(90, 0.00038796722545528245)	(95, 0.0007122383392686528)	(100, 0.0004198152812762385)	(105, 5.211500043429167e-05)	(110, 0.0008888502851848634)	(115, 0.0002374127797562176)	(120, 0.0002692608355771736)	(125, 0.0003184805582095602)	(130, 0.0009149077854020093)	(135, 0.0003532238918324213)	(140, 0.00034453805842670605)	(145, 0.0011465300095544167)	(150, 0.00030400416920003476)
NG-13640_NALM_6_lib227471_5706_1_2	(1, 0.6602101971684182)	(2, 0.0041981528127623844)	(3, 0.002055647239352616)	(4, 0.0)	(5, 0.006268276441124526)	(6, 0.0)	(7, 0.0012594458438287153)	(8, 0.002012218072324039)	(9, 0.0019832652943049885)	(10, 6.948666724572222e-05)	(15, 0.00013028750108572918)	(20, 0.0003937577810590927)	(25, 0.0003619097252381366)	(30, 0.00030400416920003476)	(35, 0.0012855033440458612)	(40, 0.00026057500217145836)	(45, 0.0008570022293639075)	(50, 0.00020556472393526158)	(55, 4.342916702857639e-05)	(60, 0.00018529777932192593)	(65, 8.685833405715278e-06)	(70, 0.00034453805842670605)	(75, 0.0005906366715886389)	(80, 0.0007788297287124699)	(85, 0.00026636555777526853)	(90, 0.0005182547265410116)	(95, 0.0005153594487391065)	(100, 0.00018240250152002084)	(105, 0.0012594458438287153)	(110, 0.00021714583514288196)	(115, 0.0007933061177219954)	(120, 0.0011812733431772779)	(125, 0.0022409450186745418)	(130, 0.0023075364081183588)	(135, 0.0005443122267581574)	(140, 0.0005674744491733982)	(145, 0.00012160166768001389)	(150, 0.0001592402791047801)
NG-13640_NB4_lib236380_5767_8_1	(1, 0.9024458882481757)	(2, 0.004938315068675244)	(3, 0.0020755894753504128)	(4, 0.0006487634862843913)	(5, 0.00014744624688281622)	(6, 0.0)	(7, 0.0)	(8, 0.0)	(9, 0.00014517784308461904)	(10, 0.0002436265679263763)	(15, 0.00017648181549974)	(20, 0.0018328702689433154)	(25, 0.00023591399501250593)	(30, 0.00039379489936702914)	(35, 0.0004464218674852036)	(40, 0.0028518372550934853)	(45, 0.001911810721120577)	(50, 0.0003974243454441446)	(55, 0.002430367829388451)	(60, 0.0010235037937465644)	(65, 0.005078048742644191)	(70, 0.0006601055052753772)	(75, 0.0009540906375217307)	(80, 3.6294460771154757e-06)	(85, 0.0008170790481106216)	(90, 0.0013247478181471488)	(95, 0.003594966339382879)	(100, 0.0004804479244581611)	(105, 0.002993385652100989)	(110, 0.0008111811982353088)	(115, 0.005064438319855007)	(120, 0.0006206352791867464)	(125, 0.00748527885329103)	(130, 0.010754502407252795)	(135, 0.0009722378679073081)	(140, 0.0015370704136584042)	(145, 0.002581897203108022)	(150, 0.00041625209696918115)
NG-13640_NB4_lib236380_5767_8_2	(1, 0.8119206978735212)	(2, 0.0009141667306734605)	(3, 0.0)	(4, 0.0003765550305007306)	(5, 0.0)	(6, 0.00024271920640709743)	(7, 0.0009549979990410096)	(8, 2.2684037981971725e-06)	(9, 0.0003561393963169561)	(10, 0.0015234599908692209)	(15, 0.0017865948314600931)	(20, 0.0018192598461541324)	(25, 8.6653025091132e-05)	(30, 0.0011010832036449075)	(35, 0.003625362950278721)	(40, 0.0020370266107810607)	(45, 0.0009291381957415618)	(50, 0.00013882631244966696)	(55, 0.004487810074353286)	(60, 0.003476101980357347)	(65, 0.00308865861162527)	(70, 0.002691687946940765)	(75, 0.0018047420618456703)	(80, 0.0010570761699598822)	(85, 0.00019372168436603855)	(90, 0.00012476220890084448)	(95, 0.0005112982161136427)	(100, 0.002585526649185137)	(105, 0.0025569447613278526)	(110, 0.0016405096268561953)	(115, 0.00381046470021161)	(120, 0.0009441096608096632)	(125, 0.00016014930815272038)	(130, 0.0029076399885291358)	(135, 0.0013211183720700332)	(140, 0.0020542664796473595)	(145, 0.0010348458127375502)	(150, 0.00040150747228089956)
NG-13640_NC_NC_lib259822_5972_8_1	(1, 6.65930798706883)	(2, 0.0003827124744779774)	(3, 0.0037772057263696034)	(4, 0.0)	(5, 0.0005768419905175312)	(6, 0.0)	(7, 2.9581640539360573e-05)	(8, 0.00019412951603955375)	(9, 0.0)	(10, 0.001032769025330426)	(15, 5.250741195736502e-05)	(20, 0.00041044526248362794)	(25, 3.3279345606780646e-06)	(30, 0.0011318675211372839)	(35, 0.0014299025495713416)	(40, 0.00011906610317092631)	(45, 0.0009000214134100454)	(50, 0.0015319592094321358)	(55, 0.001910973978842693)	(60, 0.0015822479983490486)	(65, 0.0008915166917549793)	(70, 0.0032295756058846907)	(75, 0.0006271307794344441)	(80, 0.0005239648080534241)	(85, 0.004667243336097614)	(90, 0.0007147663895322998)	(95, 0.0009876570235079012)	(100, 0.0033190600685162564)	(105, 0.0013762858260937508)	(110, 0.0004500107067050227)	(115, 0.001393295269403883)	(120, 0.001587424785443437)	(125, 0.0007103291434513958)	(130, 0.0003054304385688979)	(135, 0.0006918406181142954)	(140, 0.0007092198319311698)	(145, 0.0002418299114092727)	(150, 9.798918428663191e-05)
NG-13640_NC_NC_lib259822_5972_8_2	(1, 5.016853954812047)	(2, 0.002320309929806095)	(3, 0.0)	(4, 0.0)	(5, 0.0015992574416591808)	(6, 2.5883935471940504e-05)	(7, 1.8488525337100358e-06)	(8, 0.0)	(9, 0.0)	(10, 0.0006230633038602821)	(15, 0.0012061913929924273)	(20, 0.00026623476485424516)	(25, 0.00031282584870373807)	(30, 0.00039158696663978555)	(35, 9.244262668550178e-05)	(40, 0.00013718485800128465)	(45, 1.4790820269680286e-06)	(50, 5.2108399998949855)	(55, 0.0012546313293756303)	(60, 0.0004489013951847967)	(65, 0.0001752712201957114)	(70, 0.0002636463713070511)	(75, 0.0002695626994149232)	(80, 0.0002544021086385009)	(85, 0.00015530361283164302)	(90, 0.0006275005499411861)	(95, 0.0004603642808937989)	(100, 0.0016595300342581282)	(105, 3.1060722566328606e-05)	(110, 0.0005528069075793006)	(115, 0.001296045626130735)	(120, 0.0005258136605871342)	(125, 0.0006474681573052545)	(130, 0.0003764263758633633)	(135, 0.0030391437949125566)	(140, 0.0012753384777531827)	(145, 0.0017830333835099587)	(150, 5.546557601130107e-06)
NG-13640_NK_92_lib227486_5684_6_1	(1, 0.10478808967123417)	(2, 0.007715200159860784)	(3, 0.0)	(4, 0.022145322482665878)	(5, 0.0)	(6, 2.583214339239102e-05)	(7, 0.0)	(8, 0.0)	(9, 0.00022531369514474387)	(10, 0.0003352438164701412)	(15, 0.0012115275251031387)	(20, 0.0011216890708607122)	(25, 0.002460942193848451)	(30, 0.0009773160916787935)	(35, 0.0007227259673560065)	(40, 0.0012557291926856746)	(45, 0.0005935652503940514)	(50, 0.0006222676319411525)	(55, 0.0003820286983919161)	(60, 0.002659562674154391)	(65, 0.0012066481202401317)	(70, 0.00023679464776358433)	(75, 0.000861071446413034)	(80, 0.0009500488292090474)	(85, 0.001700616106665742)	(90, 0.0013935006241117599)	(95, 0.0004971252483957916)	(100, 0.003545318168697932)	(105, 0.002989066014315112)	(110, 0.0006202584652328554)	(115, 0.0035022645963772797)	(120, 0.004470682949776472)	(125, 0.0009695664486610762)	(130, 0.006682201447980614)	(135, 0.002308245524017873)	(140, 0.0017031993210049811)	(145, 0.004084348894152491)	(150, 0.00014135922911947307)
NG-13640_NK_92_lib227486_5684_6_2	(1, 0.1411439612578698)	(2, 6.027500124891237e-05)	(3, 0.005750522142961712)	(4, 0.00046928393829510353)	(5, 0.002247396475138019)	(6, 8.754226371865845e-05)	(7, 0.001746539917141104)	(8, 0.002060830995081861)	(9, 0.0017135321783619374)	(10, 0.00509696891513422)	(15, 0.005762864167026965)	(20, 0.0075952242049939014)	(25, 0.0023934915972127634)	(30, 0.0017172634879630605)	(35, 0.0017643353937003064)	(40, 0.0014902276499254908)	(45, 0.00154964157972799)	(50, 0.0031196618503544224)	(55, 0.002082644805057658)	(60, 0.004316264137053069)	(65, 0.0014397114584025928)	(70, 0.0036756269809217713)	(75, 0.0009445953767150984)	(80, 0.002710939937123702)	(85, 0.001420767886581506)	(90, 0.0011305868091403136)	(95, 0.002187121473889106)	(100, 0.0015823622946916853)	(105, 0.0015840844375845113)	(110, 0.000682255609374594)	(115, 0.005422166898062875)	(120, 0.0005763438214657907)	(125, 0.005575437615524395)	(130, 0.0017910286085391109)	(135, 0.0008780058515258237)	(140, 0.00134528062311263)	(145, 0.007233000149869486)	(150, 0.0006823991212823294)
NG-13640_NU_DHL_1_lib227484_5697_4_1	(1, 0.8016717971252317)	(2, 0.05806814480328945)	(3, 0.0)	(4, 0.003527363908932666)	(5, 0.0)	(6, 0.0)	(7, 0.0)	(8, 0.0)	(9, 0.0)	(10, 0.0011348909967870315)	(15, 0.0004327522073529868)	(20, 0.0023898057182636435)	(25, 0.0008041589554201881)	(30, 0.0002573842096121)	(35, 0.10708049957875007)	(40, 0.004617579408196354)	(45, 0.10273364034957576)	(50, 0.08894891556897747)	(55, 0.12239686044608152)	(60, 0.18752306705958877)	(65, 0.17663158084247985)	(70, 0.17077442307762836)	(75, 0.008498346506492784)	(80, 0.0036807275571471296)	(85, 0.0013569348874627552)	(90, 0.0029459156426586987)	(95, 0.0009888621317480422)	(100, 0.007085400547508224)	(105, 0.003535365490578638)	(110, 0.0029179101068977967)	(115, 0.0010115332797449629)	(120, 0.002768547249506319)	(125, 0.00011402253845510131)	(130, 0.0018203598244586347)	(135, 0.0026438559355232553)	(140, 0.0007241431389604678)	(145, 0.0027498768923323843)	(150, 0.0014936285739147771)
NG-13640_NU_DHL_1_lib227484_5697_4_2	(1, 0.8661478752300038)	(2, 0.05389732037032653)	(3, 0.00029339132701897407)	(4, 0.0)	(5, 0.0033173223907259)	(6, 0.0)	(7, 0.030609383788195464)	(8, 0.0015503064439070788)	(9, 0.024374818089042266)	(10, 0.0002527166203186163)	(15, 0.001033537629271386)	(20, 4.2008303641353104e-05)	(25, 0.00035740398018675024)	(30, 0.0006401265316777616)	(35, 0.032286381941497105)	(40, 0.0018990420439773596)	(45, 0.0019170456026807964)	(50, 0.0029459156426586987)	(55, 0.0012089056270122728)	(60, 0.002410476470849071)	(65, 0.0021417566872385108)	(70, 0.0017443447988219007)	(75, 0.0020377361258408747)	(80, 0.0005341055748686323)	(85, 0.0017076708829445288)	(90, 0.002335128243682835)	(95, 0.002270448792044561)	(100, 0.0033319919570768486)	(105, 0.0057918115147427476)	(110, 0.003137953602162027)	(115, 0.0013756052446366898)	(120, 0.003293317645787984)	(125, 0.0019517191231466753)	(130, 0.0041028109889721534)	(135, 0.0033359927478998352)	(140, 0.0019690558833796146)	(145, 0.0016723305640081523)	(150, 0.002807221560795184)
NG-13640_OCILY19_lib236388_5774_8_1	(1, 0.6275909908384624)	(2, 4.505238533683619e-06)	(3, 0.005595506258835054)	(4, 0.0)	(5, 0.0)	(6, 3.604190826946895e-05)	(7, 0.0)	(8, 0.0)	(9, 0.0008357217479983112)	(10, 0.0003613201304014262)	(15, 0.0005982956772731846)	(20, 0.0008505890351594673)	(25, 0.0032635947938004137)	(30, 0.0018295773685289174)	(35, 0.0015250232436519048)	(40, 0.0007721978846733723)	(45, 0.0017088369758261966)	(50, 0.0003640232735216364)	(55, 0.000257699644126703)	(60, 0.0010217880994394446)	(65, 0.0002793247890883843)	(70, 0.0008659068461739915)	(75, 0.0004897194286114094)	(80, 0.0015295284821855884)	(85, 0.00012930034591671985)	(90, 0.0020575424383333088)	(95, 0.0008082397929428411)	(100, 0.002290463270524752)	(105, 0.0004383597093274161)	(110, 0.0025265377696897734)	(115, 0.004326831087749747)	(120, 0.005795989373583976)	(125, 0.001107838155432802)	(130, 0.002908581997346144)	(135, 0.0005199045267870896)	(140, 0.0008969929920564086)	(145, 0.0020282583878643654)	(150, 0.0)
NG-13640_OCILY19_lib236388_5774_8_2	(1, 0.4958825949254886)	(2, 0.002858573849622256)	(3, 0.0024531023815907303)	(4, 0.002649080257805968)	(5, 0.0)	(6, 0.0)	(7, 0.0)	(8, 0.0)	(9, 0.00048206052310414716)	(10, 0.0016214353482727343)	(15, 0.0006519080158240196)	(20, 0.00024148078540544194)	(25, 0.0007974272204620005)	(30, 0.00023021768907123292)	(35, 0.0008059871736759995)	(40, 0.00121010707014742)	(45, 0.0002581501679800713)	(50, 0.0007501222158583225)	(55, 0.0009253759948186153)	(60, 0.0001135320110488272)	(65, 0.0011272106811276413)	(70, 0.0013686914665330834)	(75, 0.0006510069681172828)	(80, 0.0007505727397116909)	(85, 0.0003410465569998499)	(90, 0.00034420022397342847)	(95, 0.002456256048564309)	(100, 0.0007339033571370614)	(105, 0.0006127124405809722)	(110, 0.00039781256252426354)	(115, 0.0001946263046551323)	(120, 0.000610009297460762)	(125, 0.0006888509718002253)	(130, 0.002105297966790355)	(135, 0.0012502036930972043)	(140, 0.0005221571460539314)	(145, 0.0006158661075545506)	(150, 0.0)
NG-13640_OCILY7_lib236387_5774_8_1	(1, 0.6082345327492624)	(2, 4.000266577764743e-06)	(3, 0.00542436147944899)	(4, 0.0)	(5, 0.0)	(6, 1.800119959994134e-05)	(7, 0.0)	(8, 0.0)	(9, 0.0007860523825307719)	(10, 0.00034002265911000306)	(15, 0.0006036402265846996)	(20, 0.0008976598200504082)	(25, 0.0030438028390211923)	(30, 0.0017121140952833095)	(35, 0.0014124941286087305)	(40, 0.0007540502499086539)	(45, 0.001654910283221274)	(50, 0.00034482297900332074)	(55, 0.00022201479506594318)	(60, 0.0009892659246812207)	(65, 0.00024921660779474343)	(70, 0.0008416560879617018)	(75, 0.0004364290836341334)	(80, 0.0014072937820576363)	(85, 0.0001224081572796011)	(90, 0.0020173344351667594)	(95, 0.0007664510762997247)	(100, 0.0023241548816813153)	(105, 0.00042482831055861564)	(110, 0.0025089671975740465)	(115, 0.004222681399488462)	(120, 0.005751583285510146)	(125, 0.001092472802387551)	(130, 0.0028277884438218963)	(135, 0.00048643241585619266)	(140, 0.0009440629123524792)	(145, 0.0018745249183405584)	(150, 0.0)
NG-13640_OCILY7_lib236387_5774_8_2	(1, 0.4846502970957985)	(2, 0.0028281884704796727)	(3, 0.0024341622125698455)	(4, 0.002904193535457203)	(5, 0.0)	(6, 0.0)	(7, 0.0)	(8, 0.0)	(9, 0.0004620307897318278)	(10, 0.0016405093235413208)	(15, 0.0007084472109221358)	(20, 0.0002540169276880611)	(25, 0.0007828521692685601)	(30, 0.00022841522159036678)	(35, 0.00083845587469949)	(40, 0.0012712847184136351)	(45, 0.0002644176207902495)	(50, 0.000768451209588607)	(55, 0.0009448629656680322)	(60, 9.76065044974597e-05)	(65, 0.0012184811995871406)	(70, 0.001365691009648883)	(75, 0.0006468431056245588)	(80, 0.0007540502499086539)	(85, 0.0003368224458477913)	(90, 0.0003368224458477913)	(95, 0.0025629707963738704)	(100, 0.000721248063970983)	(105, 0.0006308420393134999)	(110, 0.00040602705764312134)	(115, 0.0001908127157593782)	(120, 0.0006416427590734647)	(125, 0.0007356490236509361)	(130, 0.002156943738730749)	(135, 0.0012752849849913999)	(140, 0.0005596372942292874)	(145, 0.0006560437187534177)	(150, 0.0)
NG-13640_OCI_AML_3_lib248392_5885_6_1	(1, 0.0652847357344121)	(2, 0.008265854887299983)	(3, 0.0)	(4, 0.0054333253902502515)	(5, 0.0029504653490087045)	(6, 0.0)	(7, 0.0019283546320309347)	(8, 0.00027311460453657014)	(9, 3.517385058425524e-05)	(10, 7.034770116851048e-06)	(15, 2.896670048115138e-06)	(20, 0.00043243145718290275)	(25, 0.000633543120523468)	(30, 7.034770116851048e-06)	(35, 0.0)	(40, 0.001820764030243801)	(45, 0.0004940891482070678)	(50, 9.269344153968441e-05)	(55, 0.00022097454367049765)	(60, 0.0011243217886755471)	(65, 0.000111314891848996)	(70, 0.001553442765803461)	(75, 0.00011297013187649037)	(80, 0.00020980167348491068)	(85, 0.00013076396217205478)	(90, 6.207150103103867e-06)	(95, 6.49681710791538e-05)	(100, 0.0)	(105, 0.0015447527556591155)	(110, 5.6278160934808386e-05)	(115, 5.2553870872946073e-05)	(120, 0.00010262488170465059)	(125, 8.690010144345413e-06)	(130, 0.00044029384731350096)	(135, 0.0012915010314524778)	(140, 0.009079819170820336)	(145, 0.005296768087981967)	(150, 6.724412611695856e-05)
NG-13640_OCI_AML_3_lib248392_5885_6_2	(1, 0.053178723983325196)	(2, 0.0)	(3, 0.0)	(4, 5.379530089356685e-05)	(5, 0.0)	(6, 0.0)	(7, 0.0)	(8, 2.0690500343679554e-06)	(9, 0.0)	(10, 0.0007758937628879833)	(15, 0.00016511019274256287)	(20, 0.004070649037615517)	(25, 0.000697269861582001)	(30, 0.0062762563742517555)	(35, 0.0008408619339671372)	(40, 0.00025366553421351135)	(45, 0.0014338516738169932)	(50, 0.00045146671749908795)	(55, 0.008850154617005493)	(60, 0.005868653517481269)	(65, 0.0033713101259991466)	(70, 0.009923163964828716)	(75, 0.003857123074068743)	(80, 0.003442071637174531)	(85, 0.0034193120867964835)	(90, 0.001255085750847602)	(95, 0.0026802474145202495)	(100, 0.0028817728878676886)	(105, 0.001596892816525188)	(110, 0.003098195521462577)	(115, 0.0003509108858288053)	(120, 0.002652522144059719)	(125, 0.0036212513701507957)	(130, 0.0016974486481954707)	(135, 0.0018898703013916908)	(140, 0.0025590010825062874)	(145, 0.001243912880662015)	(150, 0.003012536850039743)
NG-13640_OCI_LY_3_lib241204_5808_6_1	(1, 0.2617877681385313)	(2, 0.12178517864893455)	(3, 0.00021268908391887083)	(4, 0.0014031571508536617)	(5, 0.0)	(6, 0.0)	(7, 0.0002363212043543009)	(8, 0.0015095016928130972)	(9, 0.00022450514413658587)	(10, 0.0)	(15, 0.00023927521940872966)	(20, 0.0007367313545745331)	(25, 0.0014604650429095795)	(30, 0.0024920070999161032)	(35, 0.0013907502876250608)	(40, 0.003937111264542653)	(45, 0.0008637540019149698)	(50, 0.0004761872267739163)	(55, 0.0009689169378526338)	(60, 0.0011892864609130192)	(65, 0.0004862308779589741)	(70, 0.00031667041383476324)	(75, 0.0009435124083845463)	(80, 0.001897659270965036)	(85, 0.0005695341024938652)	(90, 0.02275595957028652)	(95, 0.0026840180784539723)	(100, 0.0006386580547674982)	(105, 0.0019047489070956652)	(110, 0.18064983663853645)	(115, 0.0029032059954925866)	(120, 0.0040351845643496875)	(125, 0.0009878226342009777)	(130, 0.0026987881537261166)	(135, 0.003362850737961702)	(140, 0.002206058442647399)	(145, 0.0010486753443222103)	(150, 0.004846061696790383)
NG-13640_OCI_LY_3_lib241204_5808_6_2	(1, 0.3030524044338466)	(2, 0.0059316622292929526)	(3, 0.0)	(4, 0.0)	(5, 0.0)	(6, 0.0)	(7, 0.005529916181890642)	(8, 0.0)	(9, 0.0)	(10, 6.203431614300398e-05)	(15, 0.0007243244913459322)	(20, 9.15744666872916e-05)	(25, 0.0010002294974295787)	(30, 0.0012383231108165367)	(35, 0.0007190072642479605)	(40, 0.0006853314926274726)	(45, 0.0001412019196016948)	(50, 0.00041238050159825507)	(55, 0.0008696620320238274)	(60, 0.0)	(65, 0.00027295099102921756)	(70, 0.0008359862604033395)	(75, 0.0007095544160737884)	(80, 0.000264679748876817)	(85, 0.00030367274759527665)	(90, 0.0007644990960861634)	(95, 0.0013517572889066012)	(100, 2.7176938500744606e-05)	(105, 0.00041710692568534114)	(110, 0.0009257883180579738)	(115, 0.0016489312033821347)	(120, 0.0006357040397130694)	(125, 0.001338168819656229)	(130, 0.0013588469250372301)	(135, 0.001361800940091659)	(140, 0.0017694550176028281)	(145, 0.0005825317687333517)	(150, 0.0008345092528761251)
NG-13640_OCI_M2_lib259807_5981_3_1	(1, 0.49524041240200656)	(2, 0.008114833122502354)	(3, 0.0)	(4, 0.013024188175793367)	(5, 0.0)	(6, 7.1391493746355014e-06)	(7, 0.0)	(8, 4.5214612706024844e-05)	(9, 0.0)	(10, 0.004395336298317257)	(15, 0.0011346488072754024)	(20, 0.0002888975780269166)	(25, 0.0002389235324044681)	(30, 0.0005754154395956214)	(35, 0.0014892265595489657)	(40, 0.0028509003169377768)	(45, 0.0017486156534940555)	(50, 0.0008814469761216632)	(55, 0.0005830305322618994)	(60, 0.002260730635301242)	(65, 0.008586968867811582)	(70, 0.0006629890052578169)	(75, 0.018471359148640256)	(80, 0.008498443415566102)	(85, 0.001545387867962765)	(90, 0.01491511087348849)	(95, 0.013699075763342245)	(100, 0.0015396765484630567)	(105, 0.0010851507049445964)	(110, 0.003667619005396078)	(115, 0.0010337488294472207)	(120, 0.000668224381465883)	(125, 0.00018419005386559594)	(130, 0.0006453791034670493)	(135, 0.001925666557985016)	(140, 0.0004945050800164191)	(145, 0.007888284115680587)	(150, 0.0007662686995442105)
NG-13640_OCI_M2_lib259807_5981_3_2	(1, 0.47046994378847956)	(2, 0.04223996713326005)	(3, 0.0019370891969844328)	(4, 5.473347853887218e-05)	(5, 0.002691459314237584)	(6, 0.017333854681615)	(7, 0.0)	(8, 0.01938754998505181)	(9, 0.00650138536383473)	(10, 0.008644082062808665)	(15, 0.005487150209344847)	(20, 0.00852033680698165)	(25, 0.0055823388676733195)	(30, 0.010238016146518952)	(35, 0.012460195375197162)	(40, 0.007559883244447355)	(45, 0.007661735108858821)	(50, 0.008748313643678344)	(55, 0.004064555710625813)	(60, 0.0069383013055624235)	(65, 0.005983559062527836)	(70, 0.004382485829442913)	(75, 0.0050035918250362025)	(80, 0.009172379116531692)	(85, 0.006115871297604413)	(90, 0.007326671031542595)	(95, 0.005242039414149027)	(100, 0.009550278090095732)	(105, 0.00497503522753766)	(110, 0.005108775292489165)	(115, 0.012668658536936519)	(120, 0.006758870684613251)	(125, 0.008851117394673095)	(130, 0.006521850925375352)	(135, 0.0031911997704620696)	(140, 0.006174888265768066)	(145, 0.1890056480904334)	(150, 0.0004140706637288591)
NG-13640_OPM2_lib236378_5767_8_1	(1, 0.8281854926217287)	(2, 0.003789312450143062)	(3, 0.0026842197653085334)	(4, 0.0005866175646038517)	(5, 0.00010665773901888212)	(6, 0.0)	(7, 0.0)	(8, 0.0)	(9, 0.00017183746841931008)	(10, 0.00024057245578703413)	(15, 9.243670714969784e-05)	(20, 0.001394253666174609)	(25, 0.00014221031869184284)	(30, 0.0002441277137543302)	(35, 0.00026368163257445857)	(40, 0.0021402652963122344)	(45, 0.0016182349181142618)	(50, 0.0002482755147161756)	(55, 0.0017468167479314694)	(60, 0.0006423166060914901)	(65, 0.004524658306378799)	(70, 0.0004278160420646272)	(75, 0.0005866175646038517)	(80, 3.5552579672960712e-06)	(85, 0.0004983286584159993)	(90, 0.0010227292085921696)	(95, 0.0026166698639299084)	(100, 0.0003395271358767748)	(105, 0.0023755048651483246)	(110, 0.000566471102789174)	(115, 0.003652435018402164)	(120, 0.00044914758986840363)	(125, 0.006139337966525765)	(130, 0.009150048921830987)	(135, 0.0006322433751841513)	(140, 0.0013190007058668423)	(145, 0.0020478285891625367)	(150, 0.0003362681494067533)
NG-13640_OPM2_lib236378_5767_8_2	(1, 0.7446013778105981)	(2, 0.0006754990137862535)	(3, 0.0)	(4, 0.00022516633792875115)	(5, 0.0)	(6, 0.00018665104328304373)	(7, 0.0005747667047128648)	(8, 2.9627149727467257e-06)	(9, 0.00024294262776523151)	(10, 0.0011430154364856868)	(15, 0.0013231485068286876)	(20, 0.0014037343540873985)	(25, 5.9254299454934515e-05)	(30, 0.0008485215681946623)	(35, 0.0027997656492456556)	(40, 0.0015026890341771392)	(45, 0.0007181621093938062)	(50, 9.83621370951913e-05)	(55, 0.003449192771271738)	(60, 0.002697848254183168)	(65, 0.002318028194677038)	(70, 0.0020691601369663133)	(75, 0.0013367769957033226)	(80, 0.0008562246271238037)	(85, 0.00016472695248471796)	(90, 9.480687912789522e-05)	(95, 0.00044085198794471277)	(100, 0.0020981947436992314)	(105, 0.0020158312674568722)	(110, 0.0012988542440521644)	(115, 0.003117961237318654)	(120, 0.0008183018754726457)	(125, 0.00010606519602433279)	(130, 0.0022522559222820605)	(135, 0.0010079156337284361)	(140, 0.0015583880756647776)	(145, 0.0009172565555623862)	(150, 0.0002962714972746726)
NG-13640_PGA_1_lib227483_5697_4_1	(1, 0.7969731442739159)	(2, 0.0584685720487122)	(3, 0.0)	(4, 0.0035650156770406925)	(5, 0.0)	(6, 0.0)	(7, 0.0)	(8, 0.0)	(9, 0.0)	(10, 0.0011051548598826147)	(15, 0.000413449220726927)	(20, 0.0022820730223550097)	(25, 0.0008042119780545042)	(30, 0.00027455250603702994)	(35, 0.10450588813267858)	(40, 0.004566460989954851)	(45, 0.10092096392653235)	(50, 0.08746094629498338)	(55, 0.11990721884654335)	(60, 0.1824362048546902)	(65, 0.17168745109388803)	(70, 0.16693162758290594)	(75, 0.008259724633559215)	(80, 0.0036020548009579986)	(85, 0.0013204447676519553)	(90, 0.0028404378154083957)	(95, 0.0009611652656540881)	(100, 0.007017988004231534)	(105, 0.003414544236126637)	(110, 0.0027524698961047945)	(115, 0.0009991303676693264)	(120, 0.002687651429249509)	(125, 8.657895215670253e-05)	(130, 0.001806120280017629)	(135, 0.0025265312402092286)	(140, 0.0006926316172536203)	(145, 0.002622369973345257)	(150, 0.0015417535330578581)
NG-13640_PGA_1_lib227483_5697_4_2	(1, 0.858754402967982)	(2, 0.0523339671499084)	(3, 0.0002986279365832788)	(4, 0.0)	(5, 0.0033150015905988777)	(6, 0.0)	(7, 0.030263279185683747)	(8, 0.0016227766166269644)	(9, 0.02411246967016614)	(10, 0.0002671446812535688)	(15, 0.0009972784114734613)	(20, 4.537292679869972e-05)	(25, 0.0003477047757737091)	(30, 0.000644943745210089)	(35, 0.03185920243747067)	(40, 0.0018598270096977225)	(45, 0.001886217385488803)	(50, 0.002844604716849093)	(55, 0.0011505277866813144)	(60, 0.002414024901310412)	(65, 0.0020542824102635785)	(70, 0.0015588841278696118)	(75, 0.0019755742719393034)	(80, 0.0005041950743243266)	(85, 0.001604720043717278)	(90, 0.002165399782015496)	(95, 0.0021853083111210477)	(100, 0.0031460105877261697)	(105, 0.005545682828518625)	(110, 0.0030270224021418245)	(115, 0.001352854001079598)	(120, 0.00317240096351725)	(125, 0.001863530922089453)	(130, 0.00392059126664683)	(135, 0.0032131439998262863)	(140, 0.0019269604217978394)	(145, 0.0016181467261373013)	(150, 0.0026679743946684403)
NG-13640_RAJI_lib227476_5684_6_1	(1, 0.102869705546671)	(2, 0.007607069222688645)	(3, 0.0)	(4, 0.019936975846421075)	(5, 0.0)	(6, 2.2129655920548783e-05)	(7, 0.0)	(8, 0.0)	(9, 0.0001788813853577693)	(10, 0.0003341578044002866)	(15, 0.0011271371415532848)	(20, 0.0010622234841863416)	(25, 0.0024549164967862117)	(30, 0.0008660072016908089)	(35, 0.0007085178170562369)	(40, 0.0011938949369136068)	(45, 0.0005842229163024878)	(50, 0.0005761087091316199)	(55, 0.0003537056671301047)	(60, 0.002467456635141189)	(65, 0.001116441141191686)	(70, 0.00020469931726507622)	(75, 0.0007900287163635915)	(80, 0.0009401415490246474)	(85, 0.001688861574336548)	(90, 0.0013923241850011942)	(95, 0.0004507073255818435)	(100, 0.003478044255512917)	(105, 0.0029340235474660924)	(110, 0.0006199991933740417)	(115, 0.003410179977356567)	(120, 0.004367656423518978)	(125, 0.0009497310665902186)	(130, 0.006422026148143257)	(135, 0.00226386380067214)	(140, 0.0016125142614106544)	(145, 0.003955675995798095)	(150, 0.00015214138445377286)
NG-13640_RAJI_lib227476_5684_6_2	(1, 0.13467186524249297)	(2, 7.560965772854166e-05)	(3, 0.005698386399541311)	(4, 0.0005292676040997917)	(5, 0.002266445593862871)	(6, 7.37655197351626e-05)	(7, 0.0017132041958491516)	(8, 0.0020875642085051017)	(9, 0.0016394386761139888)	(10, 0.004875532026895572)	(15, 0.005451271908428517)	(20, 0.007307212384965207)	(25, 0.0023409487687953852)	(30, 0.0016578800560477795)	(35, 0.0017021393678888772)	(40, 0.001337368872798498)	(45, 0.0013937994953958975)	(50, 0.0029834464456886516)	(55, 0.0018983556503844095)	(60, 0.004108370621649881)	(65, 0.0013292546656276303)	(70, 0.0034784130831115923)	(75, 0.0008637942360987541)	(80, 0.002553762293231329)	(85, 0.001276143491418313)	(90, 0.0010305043107002216)	(95, 0.002022281723539483)	(100, 0.0014565001871707857)	(105, 0.0014572378423681374)	(110, 0.0006395470561038598)	(115, 0.005173913554224305)	(120, 0.000538488294066687)	(125, 0.0053749245955026234)	(130, 0.0016209972961801983)	(135, 0.0007616289912655539)	(140, 0.0012016403164857989)	(145, 0.006873471128922451)	(150, 0.0006150200207919182)
NG-13640_RAMOS_lib227477_5697_7_1	(1, 1.0540841786389257)	(2, 0.02754476436637279)	(3, 0.0)	(4, 0.014593181003529462)	(5, 0.0)	(6, 0.00032182886201260303)	(7, 0.0)	(8, 0.0)	(9, 0.0)	(10, 0.0005938959504030893)	(15, 0.0017616749639916775)	(20, 0.0007750937130488406)	(25, 0.0)	(30, 0.0013917069948881137)	(35, 0.09199653809504467)	(40, 0.006274310587136462)	(45, 0.0552642358292667)	(50, 0.06165267396242781)	(55, 0.08916768944239607)	(60, 0.1855897800567468)	(65, 0.21739891206699752)	(70, 0.1444270572720693)	(75, 0.0008930074809795085)	(80, 0.0013170643344549383)	(85, 0.00038943996747743556)	(90, 0.0005554928424990644)	(95, 0.006655637221958118)	(100, 0.0011153127957478782)	(105, 0.0006387897244317382)	(110, 3.137155293568231e-05)	(115, 0.0009963172501297726)	(120, 0.0012862336703629749)	(125, 0.000971977252162433)	(130, 0.002861301983271714)	(135, 0.005763170629822328)	(140, 0.0001400902105231331)	(145, 0.0008594723726689517)	(150, 0.0)
NG-13640_RAMOS_lib227477_5697_7_2	(1, 0.9881552374780581)	(2, 1.622666531155982e-05)	(3, 0.0)	(4, 2.1635553748746424e-05)	(5, 0.0)	(6, 0.0)	(7, 0.001152093237120747)	(8, 0.0)	(9, 5.408888437186606e-06)	(10, 0.001113690129216722)	(15, 0.001588590534001706)	(20, 0.0015079980962876256)	(25, 0.0029581210862973544)	(30, 0.003668849026943675)	(35, 0.026836199981101344)	(40, 0.006849275428009399)	(45, 0.003880336564837671)	(50, 0.005539242648522803)	(55, 0.00015793954236584888)	(60, 0.00461973161420108)	(65, 0.0069747616397521275)	(70, 0.0)	(75, 0.005728012854980615)	(80, 0.003994464110862308)	(85, 0.0010255252476905805)	(90, 0.0028196535423053778)	(95, 0.004170793873914592)	(100, 0.0)	(105, 0.00019471998373871778)	(110, 0.004104264546137196)	(115, 0.0007653577138619047)	(120, 0.005989262166496728)	(125, 0.005996293721465071)	(130, 0.005473254209589127)	(135, 3.0289775248244988e-05)	(140, 0.007928348671228127)	(145, 0.0024037100214857276)	(150, 0.008969289250964688)
NG-13640_REC_1_lib241207_5808_6_1	(1, 0.26313191051743523)	(2, 0.11922969554541418)	(3, 0.0002075097031441121)	(4, 0.0014621748527099008)	(5, 0.0)	(6, 0.0)	(7, 0.00024785881208880055)	(8, 0.00148523148639258)	(9, 0.00022864495068656795)	(10, 0.0)	(15, 0.00023786760415963958)	(20, 0.0007378122778457319)	(25, 0.001409144595239739)	(30, 0.0024151823782606377)	(35, 0.0013576514466817557)	(40, 0.003885042775531432)	(45, 0.0008657765947846011)	(50, 0.0004330804360063228)	(55, 0.0009741427730931929)	(60, 0.0011597486742387598)	(65, 0.000446145861759841)	(70, 0.000322408594329463)	(75, 0.000945321980989844)	(80, 0.0017907318826880783)	(85, 0.0005433680004551379)	(90, 0.02284182271220216)	(95, 0.002535461150638614)	(100, 0.0006379001985541224)	(105, 0.0018176312886512042)	(110, 0.1790393718727399)	(115, 0.0027544991706240658)	(120, 0.003861601864620708)	(125, 0.000972989941409059)	(130, 0.0025808058635478828)	(135, 0.003325150854270374)	(140, 0.002174624833504686)	(145, 0.0010329371889840247)	(150, 0.004630540597938057)
NG-13640_REC_1_lib241207_5808_6_2	(1, 0.3038038123336812)	(2, 0.005771843965230674)	(3, 3.84277228044652e-06)	(4, 0.0)	(5, 0.0)	(6, 0.0)	(7, 0.005214641984565928)	(8, 0.0)	(9, 0.0)	(10, 8.7230930766136e-05)	(15, 0.0006928518421645076)	(20, 0.00010221774265987743)	(25, 0.0009622301790238086)	(30, 0.001197023565359091)	(35, 0.0006797864164109894)	(40, 0.0006455857431150154)	(45, 0.00013334419813149426)	(50, 0.00038812000032509855)	(55, 0.0008173576640509749)	(60, 0.0)	(65, 0.0002597714061581847)	(70, 0.0008554011096273955)	(75, 0.0007308952877409282)	(80, 0.00028359659429695323)	(85, 0.00036352625773024077)	(90, 0.0007916110897719831)	(95, 0.0013618784961902466)	(100, 3.227928715575077e-05)	(105, 0.0004396131488830819)	(110, 0.0009395578225691743)	(115, 0.0016450908132591554)	(120, 0.0006482756837113279)	(125, 0.001329599209034496)	(130, 0.0013522715654891305)	(135, 0.0014248999615895698)	(140, 0.0017822777836710962)	(145, 0.0006152278420994879)	(150, 0.000864623763100467)
NG-13640_REH_lib227472_5697_7_1	(1, 1.0990632670390041)	(2, 0.03978405906533184)	(3, 0.0)	(4, 0.017054674511307866)	(5, 0.0)	(6, 0.00027708119009032866)	(7, 0.0)	(8, 0.0)	(9, 0.0)	(10, 0.0006108876631912758)	(15, 0.0021970138458343386)	(20, 0.0007793181188997275)	(25, 0.0)	(30, 0.0014971111231494767)	(35, 0.098152193541604)	(40, 0.006645148730528528)	(45, 0.0625758414306675)	(50, 0.0642069114913882)	(55, 0.09533294697597625)	(60, 0.20366863786297884)	(65, 0.23075496050054914)	(70, 0.15623059272619114)	(75, 0.0008596062117762953)	(80, 0.0012872275760101883)	(85, 0.0004834739505828098)	(90, 0.0006964119360380544)	(95, 0.006777798623107205)	(100, 0.0014054779736707853)	(105, 0.0008015718837731241)	(110, 3.228977648296744e-05)	(115, 0.001009273689258158)	(120, 0.0015638724177696663)	(125, 0.0009486212712698813)	(130, 0.0031862155118733545)	(135, 0.005824377520197965)	(140, 0.00013657702755633526)	(145, 0.0008774964933411828)	(150, 0.0)
NG-13640_REH_lib227472_5697_7_2	(1, 1.0662716899755582)	(2, 1.309044992552734e-05)	(3, 0.0)	(4, 4.145309143083657e-05)	(5, 0.0)	(6, 0.0)	(7, 0.001160686560063424)	(8, 0.0)	(9, 1.7453933234036453e-05)	(10, 0.0012475198779027556)	(15, 0.0017755013582323581)	(20, 0.0014731119649526766)	(25, 0.0028423730271628363)	(30, 0.0038040847483582453)	(35, 0.02965728700294389)	(40, 0.006934447673882682)	(45, 0.004224724539298523)	(50, 0.005710926954176727)	(55, 0.00016843045570845175)	(60, 0.0047736507395089705)	(65, 0.007506500335628228)	(70, 0.0)	(75, 0.0060818230354000025)	(80, 0.004288431395602756)	(85, 0.0012357384729697809)	(90, 0.003431006925480716)	(95, 0.004293667575572968)	(100, 0.0)	(105, 0.0002661724818190559)	(110, 0.004159708638001738)	(115, 0.0009381489113294594)	(120, 0.005900302129766023)	(125, 0.006199200736398898)	(130, 0.005751071000615011)	(135, 3.272612481381835e-05)	(140, 0.008008300916106775)	(145, 0.0027817206091745594)	(150, 0.009504757516759976)
NG-13640_RPMI_8226_lib241212_5808_7_1	(1, 0.24342518953662634)	(2, 0.004786804605596909)	(3, 9.869700217725586e-05)	(4, 0.03206830095742672)	(5, 0.0)	(6, 0.0)	(7, 0.00015078708665969647)	(8, 0.0)	(9, 0.0)	(10, 4.825186773110287e-05)	(15, 5.20900844824406e-05)	(20, 0.00138778951394797)	(25, 0.0024992274217996236)	(30, 0.0003898531586001607)	(35, 0.003486745760250945)	(40, 0.005638888724393885)	(45, 0.0002873179396715671)	(50, 0.0020792168458675236)	(55, 0.0018905959083732123)	(60, 0.0002752549727387914)	(65, 0.0022365837326723706)	(70, 0.00015078708665969647)	(75, 0.0020995045629817375)	(80, 0.0016093094521680332)	(85, 0.0009880666551300838)	(90, 0.019419731811732618)	(95, 0.0014727785991561625)	(100, 0.0)	(105, 0.0022321971992422703)	(110, 0.0010752490070533264)	(115, 0.0014936146329491387)	(120, 0.00016942985373762256)	(125, 0.00012501620275785742)	(130, 0.002354471818606315)	(135, 0.0007654500835524955)	(140, 0.005220523098498073)	(145, 0.0008811449027713899)	(150, 0.0037025083733440013)
NG-13640_RPMI_8226_lib241212_5808_7_2	(1, 0.2857195965529743)	(2, 0.03142951202666837)	(3, 0.009850509133968897)	(4, 0.0)	(5, 0.0)	(6, 0.0)	(7, 0.0)	(8, 0.004274128510953942)	(9, 0.0)	(10, 0.006647243096638182)	(15, 1.8642767077926106e-05)	(20, 0.0024219147700941064)	(25, 0.0005280289616483189)	(30, 0.0002637403224847782)	(35, 0.0)	(40, 0.006594604695476979)	(45, 0.012138634634444947)	(50, 0.008496166937425444)	(55, 0.0037537759828082983)	(60, 0.002666464008822196)	(65, 0.0022343904659573206)	(70, 0.001125145824820717)	(75, 0.003056317167422357)	(80, 0.0028101229786579797)	(85, 0.0020984079296242123)	(90, 0.003729101732263984)	(95, 0.0036150518630813774)	(100, 0.0023402155849584893)	(105, 0.011675855357569369)	(110, 0.004102505390501269)	(115, 0.006817221267054568)	(120, 0.002302930050802637)	(125, 0.00433663661233287)	(130, 0.005059866311620651)	(135, 0.0031270500189827235)	(140, 0.0062590348880743095)	(145, 0.0027585812108543014)	(150, 0.0026894933093302223)
NG-13640_RPMI_8402_lib241221_5808_2_1	(1, 0.2921798061894946)	(2, 0.09991383525821314)	(3, 0.0)	(4, 0.005656183484258123)	(5, 0.00042054156819991027)	(6, 0.0)	(7, 0.0)	(8, 0.0)	(9, 0.0)	(10, 0.0)	(15, 0.0002205328032282783)	(20, 0.0053209575260662325)	(25, 0.004411058496688245)	(30, 0.003945846962870928)	(35, 0.001712751114123271)	(40, 0.004996999667309364)	(45, 0.00015171691025011116)	(50, 0.0039852853108935035)	(55, 0.0009469227846644868)	(60, 0.0003766764668278622)	(65, 0.004703626649876125)	(70, 0.0007843402071020336)	(75, 0.006160833366098015)	(80, 0.0016612398024203152)	(85, 0.0005271860807099354)	(90, 0.0009742881690066819)	(95, 0.00015131447812743182)	(100, 7.163291783692252e-05)	(105, 0.0010080924673117465)	(110, 0.0007960107386597344)	(115, 0.0004748699047616212)	(120, 6.84134608554878e-05)	(125, 0.00037748133107322085)	(130, 0.0008153274805483428)	(135, 0.00011630288345432925)	(140, 0.0004145050863597201)	(145, 0.00017264338062943684)	(150, 0.001055378241726569)
NG-13640_RPMI_8402_lib241221_5808_2_2	(1, 0.324593701510702)	(2, 0.04669621135509722)	(3, 0.0)	(4, 0.0013461354503623922)	(5, 0.0004909671896687948)	(6, 0.0013421111291355987)	(7, 0.0)	(8, 0.0)	(9, 0.003002143635187876)	(10, 0.00016982635577068145)	(15, 2.0121606133967e-06)	(20, 2.2938630992722377e-05)	(25, 0.0006302087041158464)	(30, 0.0003364332545599282)	(35, 0.0001086566731234218)	(40, 0.0004430777670699533)	(45, 0.0013332576224366532)	(50, 0.0004056515796607746)	(55, 1.2072963680380197e-05)	(60, 9.336425246160687e-05)	(65, 0.00019196012251804513)	(70, 0.0006579765205807208)	(75, 0.0040987711694890775)	(80, 0.0015859849954792788)	(85, 9.17545239708895e-05)	(90, 0.0003746643062144655)	(95, 0.004162355444872414)	(100, 0.0037088144426127975)	(105, 7.605967118639525e-05)	(110, 0.0011598093775618578)	(115, 0.005301238352054945)	(120, 0.005556380317833646)	(125, 0.004489532760610716)	(130, 0.0009449106240510903)	(135, 0.003203359696527546)	(140, 0.0030443990080692065)	(145, 0.000727999709926926)	(150, 0.0020916409576258693)
NG-13640_Ri_1_lib241203_5808_6_1	(1, 0.22723867285290167)	(2, 0.09097299534936316)	(3, 0.00018713222669572205)	(4, 0.0014602996976076884)	(5, 0.0)	(6, 0.0)	(7, 0.00018713222669572205)	(8, 0.0014268832285548806)	(9, 0.0001503741107376338)	(10, 0.0)	(15, 0.00019247886174417127)	(20, 0.0006529578052918587)	(25, 0.0013052472812026615)	(30, 0.002154693924525028)	(35, 0.0013139355631563913)	(40, 0.003633038515421233)	(45, 0.0007177857552543054)	(50, 0.00032012977352589595)	(55, 0.0007592221768797866)	(60, 0.0010118506829190114)	(65, 0.0003234714204311767)	(70, 0.00029339659828364997)	(75, 0.0008922197237099605)	(80, 0.001633397007301231)	(85, 0.000440429062116003)	(90, 0.017040394228788662)	(95, 0.002464798757335082)	(100, 0.0005700849620408962)	(105, 0.0014034917002179155)	(110, 0.17941101735638035)	(115, 0.0025262850603922477)	(120, 0.0032494174506950027)	(125, 0.000698404203203677)	(130, 0.002174743805956713)	(135, 0.0028176766705327295)	(140, 0.0018459257504770872)	(145, 0.0009396711097649472)	(150, 0.0034953626629236653)
NG-13640_Ri_1_lib241203_5808_6_2	(1, 0.27491060760363684)	(2, 0.005577208684913574)	(3, 3.341646905280751e-06)	(4, 0.0)	(5, 0.0)	(6, 0.0)	(7, 0.004170375337790378)	(8, 0.0)	(9, 0.0)	(10, 7.685787882145728e-05)	(15, 0.0005366684929880886)	(20, 6.816959686772733e-05)	(25, 0.0007598905062608429)	(30, 0.0009684092731503617)	(35, 0.0005246385641290779)	(40, 0.0005065936708405619)	(45, 0.0001223042767332755)	(50, 0.00029205993952153767)	(55, 0.0006295662769548935)	(60, 0.0)	(65, 0.00028136666942463927)	(70, 0.0008775164773267252)	(75, 0.0007324890016375407)	(80, 0.00025864347046873013)	(85, 0.0003268130673364575)	(90, 0.0007812770464546395)	(95, 0.0012952223404868192)	(100, 3.007482214752676e-05)	(105, 0.00046114727292874365)	(110, 0.0009690776025314179)	(115, 0.0016541152181139718)	(120, 0.0006663243929129817)	(125, 0.0012999006461542123)	(130, 0.0012831924116278085)	(135, 0.0013580453023060973)	(140, 0.0017403297082702151)	(145, 0.0006021647723315913)	(150, 0.0008989030175205221)
NG-13640_SEM_lib227473_5697_7_1	(1, 1.1067071675332196)	(2, 0.037901376281940985)	(3, 0.0)	(4, 0.01658016851566075)	(5, 0.0)	(6, 0.0003030493839174386)	(7, 0.0)	(8, 0.0)	(9, 0.0)	(10, 0.0006527908210606751)	(15, 0.0020557972280858534)	(20, 0.0008224984760544406)	(25, 0.0)	(30, 0.0014896560827230537)	(35, 0.10032910040688309)	(40, 0.006971033754201583)	(45, 0.06348458079122603)	(50, 0.0662178617531362)	(55, 0.09807531091463784)	(60, 0.20693738404853548)	(65, 0.2366559780026554)	(70, 0.15935099841864342)	(75, 0.0009526974706263772)	(80, 0.0013307235169352414)	(85, 0.00048757278656939005)	(90, 0.0006514439349099309)	(95, 0.007126823585637659)	(100, 0.0014236586613365892)	(105, 0.0008063358422455106)	(110, 3.7263850170588747e-05)	(115, 0.001044734690927229)	(120, 0.0015749588722701847)	(125, 0.0010236334745655704)	(130, 0.003223996482831298)	(135, 0.006132372644338213)	(140, 0.0001548919073355797)	(145, 0.0009342900265662069)	(150, 0.0)
NG-13640_SEM_lib227473_5697_7_2	(1, 1.0684421319905777)	(2, 1.7958482009922285e-05)	(3, 0.0)	(4, 4.265139477356543e-05)	(5, 0.0)	(6, 0.0)	(7, 0.0013019899457193658)	(8, 0.0)	(9, 1.7958482009922285e-05)	(10, 0.0013078264523725903)	(15, 0.001768461515927097)	(20, 0.0016256915839482147)	(25, 0.0031427343517364)	(30, 0.003955355662685384)	(35, 0.03023265550165392)	(40, 0.007453218996167997)	(45, 0.004425418929295099)	(50, 0.0060434781583890975)	(55, 0.00018631925085294373)	(60, 0.0050777607883055265)	(65, 0.007807450053813714)	(70, 0.0)	(75, 0.006381546582225884)	(80, 0.004462682779465688)	(85, 0.0012153402700214907)	(90, 0.003385622820920599)	(95, 0.0045394552900581055)	(100, 0.0)	(105, 0.00028015231935478766)	(110, 0.004459540045113951)	(115, 0.0009500036983248888)	(120, 0.006412076001642752)	(125, 0.006509949728596829)	(130, 0.006066824185001996)	(135, 3.995762247207709e-05)	(140, 0.008545094702371272)	(145, 0.0027790750910354736)	(150, 0.009940019792491985)
NG-13640_SET_2_lib259821_5981_7_1	(1, 0.7248890781976972)	(2, 0.0)	(3, 0.0009831596584831065)	(4, 0.03186772448577033)	(5, 0.0)	(6, 0.0022394192221004095)	(7, 0.0022970736465176287)	(8, 0.0001699288298612777)	(9, 0.0)	(10, 0.0003076925597845278)	(15, 0.0)	(20, 0.0)	(25, 0.0007240181929446582)	(30, 0.00059050268376794)	(35, 0.0040473405940887885)	(40, 0.00012926728843018625)	(45, 0.00033500255029794744)	(50, 0.00016143238836821382)	(55, 2.6703101835343636e-05)	(60, 0.0006378400006578673)	(65, 0.0006797153194451108)	(70, 0.0005510549196930005)	(75, 0.0001389775072794021)	(80, 0.0022375985560661817)	(85, 0.00024093480519616871)	(90, 0.00162160654781905)	(95, 0.003452589689574317)	(100, 0.0009995456527911585)	(105, 0.0005043244914811492)	(110, 0.002661206853363224)	(115, 0.0006311642251990314)	(120, 6.61508659102831e-05)	(125, 0.0017077847401058407)	(130, 0.0)	(135, 0.00031618900127759167)	(140, 0.00022636947692234493)	(145, 1.2137773561519834e-05)	(150, 0.0010802618469752652)
NG-13640_SET_2_lib259821_5981_7_2	(1, 0.7770329534179864)	(2, 0.05309062155808776)	(3, 0.0)	(4, 0.005425584781999366)	(5, 0.001168260705296284)	(6, 0.009382498963054833)	(7, 0.0)	(8, 0.00018510104681317748)	(9, 0.00960097888716219)	(10, 0.004512217321494999)	(15, 0.005063879129866075)	(20, 0.0036358700703532664)	(25, 0.0038118677869953045)	(30, 0.004462452449892768)	(35, 0.00456501663648761)	(40, 0.0033706597180340582)	(45, 0.004248827635210018)	(50, 0.002730999051341963)	(55, 0.003976941507431974)	(60, 0.002155061695847847)	(65, 0.007001674678962717)	(70, 0.001974815758459277)	(75, 0.0025902008780283327)	(80, 0.003993327501740026)	(85, 0.0041304843429851995)	(90, 0.00160946877425753)	(95, 0.005603403164675632)	(100, 0.001393416404862477)	(105, 0.005699898464489714)	(110, 0.00234380407472948)	(115, 0.005707788017304703)	(120, 0.0021052968242456153)	(125, 0.00407282991856798)	(130, 0.003568505427086831)	(135, 0.004861178311388694)	(140, 0.002863907671840605)	(145, 0.003294798633274559)	(150, 0.004311944057729921)
NG-13640_SKNO_1_lib259805_5981_3_1	(1, 0.4822084948724847)	(2, 0.007916101732101565)	(3, 0.0)	(4, 0.012920177239124335)	(5, 0.0)	(6, 1.3296923402186281e-05)	(7, 0.0)	(8, 3.102615460510132e-05)	(9, 0.0)	(10, 0.00400857917497909)	(15, 0.0012029283371177853)	(20, 0.0002969646226488269)	(25, 0.00022870708251760403)	(30, 0.0005850646296961963)	(35, 0.001426316650274515)	(40, 0.002647860680155361)	(45, 0.0016993468107994066)	(50, 0.000786291403849282)	(55, 0.0005566978597715323)	(60, 0.002218813285044817)	(65, 0.008490528823076013)	(70, 0.0006107720149404231)	(75, 0.017629947508178714)	(80, 0.008495847592436887)	(85, 0.0014272031118346608)	(90, 0.014849117594001492)	(95, 0.013571726485831463)	(100, 0.001401495726590434)	(105, 0.0010486840256524247)	(110, 0.0035272305478199475)	(115, 0.001029181871329218)	(120, 0.0006737107857107715)	(125, 0.00018792985075089943)	(130, 0.0006533221698274192)	(135, 0.0017569668122088807)	(140, 0.00045652770347506225)	(145, 0.007745014650993435)	(150, 0.0007800861729282618)
NG-13640_SKNO_1_lib259805_5981_3_2	(1, 0.4668283868039559)	(2, 0.0400237394405807)	(3, 0.0019502154323206545)	(4, 5.3187693608745123e-05)	(5, 0.0026327908336328835)	(6, 0.016705368100946697)	(7, 0.0)	(8, 0.019072220466535856)	(9, 0.005784161679951032)	(10, 0.008407201436422313)	(15, 0.005084743508996033)	(20, 0.00840542851330202)	(25, 0.005230123204859937)	(30, 0.010005491629365103)	(35, 0.012174663067041758)	(40, 0.007279622331916916)	(45, 0.007472870952028689)	(50, 0.008390358666779542)	(55, 0.003848129632592709)	(60, 0.006723810933705529)	(65, 0.005608642291042173)	(70, 0.0043019979513873345)	(75, 0.00480994042535085)	(80, 0.008852205139615479)	(85, 0.0057584542947068055)	(90, 0.00704914232627902)	(95, 0.005005848430143062)	(100, 0.009299868227489084)	(105, 0.004646831498284033)	(110, 0.004926066889729944)	(115, 0.01228281137737954)	(120, 0.006570453083800314)	(125, 0.008510917438959365)	(130, 0.006324903231639941)	(135, 0.003214309617088497)	(140, 0.005967659222901202)	(145, 0.1936430955060388)	(150, 0.0004188530871688678)
NG-13640_SKNO_1_lib259805_5991_5_1	(1, 0.28411732093074177)	(2, 0.026074635326237727)	(3, 0.0)	(4, 0.006659647635804356)	(5, 0.0)	(6, 0.0)	(7, 0.0)	(8, 0.0)	(9, 0.0)	(10, 0.0006784049521902818)	(15, 0.004108579624878553)	(20, 0.0003781817337393258)	(25, 0.0028662194557085743)	(30, 0.0004179903372908338)	(35, 0.001930717272248137)	(40, 0.0039310996007114124)	(45, 0.0010814670631493)	(50, 0.011154702453495466)	(55, 0.013302708353462249)	(60, 0.012735435752853262)	(65, 0.00587508640747672)	(70, 0.0004179903372908338)	(75, 0.008165739803503073)	(80, 0.002111514680044569)	(85, 0.004158340379317938)	(90, 0.003053651630763591)	(95, 0.0031399036051251916)	(100, 0.0049462189912748665)	(105, 0.004604528477457756)	(110, 0.004108579624878553)	(115, 0.01437919934116761)	(120, 0.0018676869832915828)	(125, 0.001270557930018963)	(130, 0.00890717504464991)	(135, 0.00994551612061841)	(140, 0.0038896323053452587)	(145, 0.0038796801544573817)	(150, 0.07710843573336364)
NG-13640_SKNO_1_lib259805_5991_5_2	(1, 0.5306984460960408)	(2, 0.0272771868918562)	(3, 0.00019074955868430906)	(4, 0.0)	(5, 0.0)	(6, 0.013733968225270251)	(7, 0.0057722475149686574)	(8, 0.0002653906903433865)	(9, 0.0)	(10, 0.01693192604390806)	(15, 0.011660603456962546)	(20, 0.013299390969832958)	(25, 0.02117485970577295)	(30, 0.010567525551110723)	(35, 0.0030569690143928832)	(40, 0.015004526155289216)	(45, 0.001471259639591149)	(50, 0.0020700473846784148)	(55, 0.004636043621936033)	(60, 0.0025593614699990336)	(65, 0.0040123754996290745)	(70, 0.0018046566943350285)	(75, 0.004042231952292706)	(80, 0.011474829973722175)	(85, 0.0016105897520214268)	(90, 0.0025046246401157104)	(95, 0.008278530846899014)	(100, 0.013208162920027418)	(105, 0.004533204729427971)	(110, 0.016518911782061167)	(115, 0.002809823934010605)	(120, 0.003008866951768145)	(125, 0.005763954055895426)	(130, 0.0011362038930326235)	(135, 0.005097159946407668)	(140, 0.005855182105700966)	(145, 0.006425772089939246)	(150, 0.05026665544285206)
NG-13640_SR_786_lib248387_5885_5_1	(1, 0.23708563996107623)	(2, 0.0)	(3, 0.00025433734185939923)	(4, 0.013665545378105522)	(5, 0.0036293938683336275)	(6, 0.0)	(7, 0.0)	(8, 0.0)	(9, 0.0)	(10, 0.00014446361017613878)	(15, 9.308746712054014e-05)	(20, 2.848578228825272e-05)	(25, 0.0007569079293735722)	(30, 0.0005997274521044634)	(35, 0.0007655553989967917)	(40, 0.00019685710259917502)	(45, 0.0005463166103139896)	(50, 0.0005157961292908618)	(55, 0.000133781441818044)	(60, 0.00010733035826466649)	(65, 0.0003581069773380342)	(70, 0.00042372601153775917)	(75, 0.0007340175686062262)	(80, 0.00029096191908715275)	(85, 0.00107533828138154)	(90, 0.0020662365652657595)	(95, 0.0010794076788512904)	(100, 0.0014878734498774855)	(105, 0.0008744117813126147)	(110, 0.0016547187461372515)	(115, 0.001189281410534551)	(120, 0.002191879212144303)	(125, 0.0019416112677546537)	(130, 0.00208709222729823)	(135, 0.0012905076725945918)	(140, 0.002805340880709174)	(145, 0.0007523298572201031)	(150, 0.0049506763592932065)
NG-13640_SR_786_lib248387_5885_5_2	(1, 0.21777126222027343)	(2, 0.013568897188198951)	(3, 0.0)	(4, 0.0)	(5, 0.0006867108230203781)	(6, 0.0)	(7, 0.0012513397219482444)	(8, 0.00015768915195282755)	(9, 0.0)	(10, 0.002513361612254584)	(15, 0.0010595693661862573)	(20, 0.002290053426102031)	(25, 0.002514378961622021)	(30, 0.0029080931668203714)	(35, 0.00021669541526420818)	(40, 0.0032163500251539633)	(45, 0.0007370696167085391)	(50, 0.0005519120318348965)	(55, 0.001241674902957587)	(60, 0.004691506607938479)	(65, 0.003413207127753138)	(70, 0.006695176187106825)	(75, 0.004300844450842442)	(80, 0.0018887091006478988)	(85, 0.0007706421458339798)	(90, 0.00015463710385051475)	(95, 0.00037489324190075453)	(100, 0.0007874284103967001)	(105, 0.001540266942300522)	(110, 0.0007121445572063179)	(115, 2.0346987348751943e-05)	(120, 0.0003550549292357214)	(125, 6.561903419972501e-05)	(130, 0.0005005358887792977)	(135, 0.0007462257610154775)	(140, 0.0003825233621565365)	(145, 0.0005091833584025173)	(150, 0.003368698092927743)
NG-13640_SUDHL4_lib236389_5774_5_1	(1, 0.28352543906730243)	(2, 0.0072827111978810526)	(3, 0.005592516434169334)	(4, 0.004094327795615267)	(5, 0.0)	(6, 1.6225869731632496e-05)	(7, 0.0)	(8, 0.0)	(9, 0.0001135810881214275)	(10, 4.056467432908124e-05)	(15, 1.9471043677959e-05)	(20, 7.5720725414285e-06)	(25, 0.0004164639897785675)	(30, 0.00018172974099428397)	(35, 0.0005619559550388721)	(40, 6.490347892652999e-06)	(45, 0.00031370014814489493)	(50, 0.0005208504183854031)	(55, 7.68024500630605e-05)	(60, 0.0006993349854333607)	(65, 0.005610905753198518)	(70, 0.0008880959366446854)	(75, 0.00015955438569438622)	(80, 0.0011066043156973363)	(85, 0.0006138787381800961)	(90, 0.0009757156331955009)	(95, 0.0003618368950154047)	(100, 0.0004764997077856077)	(105, 0.00013359299412377424)	(110, 0.0011017365547778466)	(115, 0.0010952462068851935)	(120, 0.004537834901613222)	(125, 0.0014787175948761083)	(130, 8.167021098255025e-05)	(135, 0.0014695229353615166)	(140, 0.0008464495376668287)	(145, 0.0014819627688224348)	(150, 2.5690960408418124e-05)
NG-13640_SUDHL4_lib236389_5774_5_2	(1, 0.5578805574246105)	(2, 0.030845378359833378)	(3, 0.0005516795708755049)	(4, 0.0004164639897785675)	(5, 0.0)	(6, 0.0)	(7, 0.0)	(8, 0.0)	(9, 0.00018930181353571247)	(10, 0.00012277574763601925)	(15, 0.0010422416990951942)	(20, 0.006332956956256164)	(25, 0.0014397755075201903)	(30, 0.001034128764229378)	(35, 0.0007582889787916254)	(40, 3.2451739463264994e-06)	(45, 0.0005722323392022394)	(50, 0.00031370014814489493)	(55, 0.0007458491453307071)	(60, 0.000893504559888563)	(65, 0.0005830495856899944)	(70, 0.00033533464112040493)	(75, 0.0015587652188854952)	(80, 0.0007701879499281559)	(85, 0.0012153176428992742)	(90, 0.000742063109059993)	(95, 0.0008972905961592771)	(100, 0.0016772140679264123)	(105, 0.00019633302375275324)	(110, 0.0010151985828758066)	(115, 6.81486528728565e-05)	(120, 0.0005322085271975459)	(125, 0.0011060634533729486)	(130, 0.0004829900556782607)	(135, 1.352155810969375e-05)	(140, 2.109363065112225e-05)	(145, 0.000209854581862447)	(150, 3.650820689617312e-05)
NG-13640_SUDHL6_lib236390_5774_5_1	(1, 0.2842223720022829)	(2, 0.007653014217023003)	(3, 0.005216637075444251)	(4, 0.0043569300947273815)	(5, 0.0)	(6, 9.732531857172111e-06)	(7, 0.0)	(8, 0.0)	(9, 8.110443214310093e-05)	(10, 4.7364988371570937e-05)	(15, 1.9465063714344223e-05)	(20, 2.595341828579229e-06)	(25, 0.00041006400891551825)	(30, 0.00020827618174348316)	(35, 0.0005326939103158869)	(40, 9.732531857172111e-06)	(45, 0.00033998977954387906)	(50, 0.00048208474465859187)	(55, 6.488354571448073e-05)	(60, 0.000713719002859288)	(65, 0.005770742555845917)	(70, 0.0009116138172884544)	(75, 0.00016091119337191222)	(80, 0.0010764180234032353)	(85, 0.0006144471779161325)	(90, 0.0009304300455456537)	(95, 0.0003386921086295894)	(100, 0.0004463987945156275)	(105, 0.0001407972942004232)	(110, 0.001148438759146309)	(115, 0.001084204048888973)	(120, 0.004756612736328583)	(125, 0.0015312516788617452)	(130, 9.083696400027304e-05)	(135, 0.0015649911226332754)	(140, 0.0009193998427741919)	(145, 0.001603272414604819)	(150, 2.5953418285792295e-05)
NG-13640_SUDHL6_lib236390_5774_5_2	(1, 0.5587608748066795)	(2, 0.03136470599837999)	(3, 0.0004639173518585373)	(4, 0.0003763245651439883)	(5, 0.0)	(6, 0.0)	(7, 0.0)	(8, 0.0)	(9, 0.00023682494185785468)	(10, 0.00011808805320035494)	(15, 0.0011471410882320195)	(20, 0.006593465915505532)	(25, 0.0015630446162618408)	(30, 0.0011581712910034812)	(35, 0.0008629511580025937)	(40, 6.488354571448074e-06)	(45, 0.0006780330527163237)	(50, 0.0003711338814868298)	(55, 0.0008402419170025255)	(60, 0.0010251600222887956)	(65, 0.0006559726471734003)	(70, 0.0004022779834297806)	(75, 0.0017460162151766764)	(80, 0.0008674930062026074)	(85, 0.001367745143661254)	(90, 0.0008376465751739463)	(95, 0.0010284041995745196)	(100, 0.0018576159138055835)	(105, 0.00022774124545782738)	(110, 0.00112832485997482)	(115, 6.747888754305997e-05)	(120, 0.0005891425950874851)	(125, 0.001208780456660776)	(130, 0.0005787612277731682)	(135, 1.5572050971475375e-05)	(140, 2.8548760114371526e-05)	(145, 0.0002283900809149722)	(150, 3.56859501429644e-05)
NG-13640_SUP_HD_1_lib241216_5808_7_1	(1, 0.24432605114323003)	(2, 0.0049022971878314)	(3, 0.00010809594514288545)	(4, 0.03069340539651769)	(5, 0.0)	(6, 0.0)	(7, 0.00016068316169888378)	(8, 0.0)	(9, 0.0)	(10, 4.849709971275401e-05)	(15, 5.2002914149820574e-05)	(20, 0.001360840303988001)	(25, 0.0024505642915095224)	(30, 0.00042245063966651994)	(35, 0.0035735935161831755)	(40, 0.0056449455460833315)	(45, 0.00028981399346416855)	(50, 0.002103488662239933)	(55, 0.0019690991088190486)	(60, 0.0002857238766209243)	(65, 0.002227360772349618)	(70, 0.00015834595207417276)	(75, 0.002065509005838379)	(80, 0.0016027415001455933)	(85, 0.00101434897712459)	(90, 0.019127139266228946)	(95, 0.0015092531151571522)	(100, 0.0)	(105, 0.002218011933850774)	(110, 0.0011271193415168974)	(115, 0.001523860675311596)	(120, 0.00019165118922630505)	(125, 0.000143154089513551)	(130, 0.0023623346281766806)	(135, 0.0007689419665299312)	(140, 0.005103297215556549)	(145, 0.0009226134993546819)	(150, 0.0037833580800009908)
NG-13640_SUP_HD_1_lib241216_5808_7_2	(1, 0.2868954029453107)	(2, 0.03122804209817034)	(3, 0.01038597526980967)	(4, 0.0)	(5, 0.0)	(6, 0.0)	(7, 0.0)	(8, 0.003903140073267432)	(9, 0.0)	(10, 0.006774986399631118)	(15, 1.5776164966799497e-05)	(20, 0.0024020671917967685)	(25, 0.0005539186810565158)	(30, 0.00027403782849736905)	(35, 2.3372096247110367e-06)	(40, 0.006695521272390943)	(45, 0.012272687739357656)	(50, 0.008723050621827768)	(55, 0.003771672031877436)	(60, 0.00265448583126556)	(65, 0.0022700148480005945)	(70, 0.0011277036439230753)	(75, 0.003067003330027058)	(80, 0.0027871224774679115)	(85, 0.0021286136657055767)	(90, 0.003705061557573171)	(95, 0.003594044100399397)	(100, 0.002385122422017613)	(105, 0.01172344347755056)	(110, 0.004032270905032716)	(115, 0.0066949369699847655)	(120, 0.002317343342900993)	(125, 0.004282352334876798)	(130, 0.005016236157036063)	(135, 0.003140625433205456)	(140, 0.0062228206257931365)	(145, 0.002803482944840889)	(150, 0.002671722752247804)
NG-13640_SUP_M2_lib248389_5885_6_1	(1, 0.06460484598101417)	(2, 0.008237950640415513)	(3, 0.0)	(4, 0.005292349934369621)	(5, 0.0029680576364604734)	(6, 0.0)	(7, 0.002077266063348755)	(8, 0.00027696880844650066)	(9, 4.491386082916227e-05)	(10, 8.23420781867975e-06)	(15, 5.988514777221636e-06)	(20, 0.00041395608397544557)	(25, 0.0006302911803025772)	(30, 7.485643471527045e-06)	(35, 0.0)	(40, 0.0018384740366070421)	(45, 0.0005224979143125878)	(50, 9.731336512985159e-05)	(55, 0.00023729489804740733)	(60, 0.0011542862233094703)	(65, 0.00012426168162734896)	(70, 0.0015300655255801282)	(75, 0.00013848440422325033)	(80, 0.00023954059108886544)	(85, 0.000131747325098876)	(90, 8.23420781867975e-06)	(95, 6.73707912437434e-05)	(100, 0.0)	(105, 0.0015188370603728375)	(110, 5.7639454730758244e-05)	(115, 5.1650939953536604e-05)	(120, 0.00010929039468429487)	(125, 5.239950430068932e-06)	(130, 0.0004371615787371795)	(135, 0.0013436730031391045)	(140, 0.009130239342221536)	(145, 0.005302081270882606)	(150, 7.111361297950694e-05)
NG-13640_SUP_M2_lib248389_5885_6_2	(1, 0.05380306245160064)	(2, 3.7428217357635224e-06)	(3, 0.0)	(4, 5.988514777221636e-05)	(5, 0.0)	(6, 0.0)	(7, 0.0)	(8, 0.0)	(9, 0.0)	(10, 0.0007538042975827735)	(15, 0.00017291836419227474)	(20, 0.004022784801598634)	(25, 0.0006946677141577098)	(30, 0.006245272348295013)	(35, 0.0008571061774898467)	(40, 0.0002612489571562939)	(45, 0.001441734932616109)	(50, 0.0004663555882761349)	(55, 0.008746974396479352)	(60, 0.005824579185195194)	(65, 0.0034164476804049437)	(70, 0.009974619925809787)	(75, 0.0038828032686810785)	(80, 0.0034194419377935542)	(85, 0.003414950551710638)	(90, 0.0012575881032165436)	(95, 0.0026319522445889094)	(100, 0.00292838372606138)	(105, 0.0015712365646735268)	(110, 0.003097559268517891)	(115, 0.0003323625701358008)	(120, 0.002634197937630367)	(125, 0.0036634739149653357)	(130, 0.0016737898802334473)	(135, 0.0018586852739801655)	(140, 0.002531644622070447)	(145, 0.001228394093677588)	(150, 0.0029811575125356458)
NG-13640_SUP_M2_lib248389_5904_3_1	(1, 0.22125068122118052)	(2, 0.011489515652562683)	(3, 0.009187854708263535)	(4, 0.004002071682740559)	(5, 3.757813786610853e-05)	(6, 0.0)	(7, 0.0)	(8, 0.0015125200491108684)	(9, 0.0)	(10, 0.0006839221091631752)	(15, 1.8789068933054268e-06)	(20, 0.0005298517439121303)	(25, 0.0012588676185146359)	(30, 0.0021738952755543787)	(35, 0.0014411215871652622)	(40, 0.001691016203974884)	(45, 0.00015407036525104498)	(50, 0.002681200136746844)	(55, 0.0007816252676150575)	(60, 0.0021175280687552155)	(65, 0.0015388247456171445)	(70, 0.00013716020321129615)	(75, 0.0019653366103974763)	(80, 0.00016722271350418295)	(85, 0.0005054259542991598)	(90, 0.0003325665201150605)	(95, 0.0016722271350418298)	(100, 0.00041148060963388844)	(105, 0.0006425861575104559)	(110, 0.0007252580608158946)	(115, 0.0016553169730020808)	(120, 0.0011198285084100344)	(125, 0.002660532160920484)	(130, 0.0006407072506171504)	(135, 0.001087887091223842)	(140, 0.0007215002470292838)	(145, 0.002264082806433039)	(150, 0.0004603321888598295)
NG-13640_SUP_M2_lib248389_5904_3_2	(1, 0.4071403347103529)	(2, 0.04006768949973823)	(3, 0.001061582394717566)	(4, 0.006012502058577365)	(5, 0.00010333987913179845)	(6, 0.002273477340899566)	(7, 0.0016722271350418298)	(8, 0.0006106447403242636)	(9, 0.005054259542991598)	(10, 0.0028916377087970513)	(15, 0.0009150276570397427)	(20, 0.0011085550670502018)	(25, 0.0034571886836819847)	(30, 0.0014730630043514545)	(35, 0.006985775829309576)	(40, 0.000920664377719659)	(45, 0.001555734907656893)	(50, 0.0004960314198326326)	(55, 0.003669505162625498)	(60, 0.004994134522405824)	(65, 0.0006294338092573179)	(70, 0.20883486447021826)	(75, 0.001334023894246853)	(80, 0.00032317198564853336)	(85, 0.0023091765718723694)	(90, 0.002356149244205005)	(95, 0.0044323413613075015)	(100, 0.009375745397594079)	(105, 0.0014542739354184001)	(110, 0.0035079191698012316)	(115, 0.004253845206443486)	(120, 0.004740482091809591)	(125, 0.0010521878602510388)	(130, 0.0014467583078451784)	(135, 0.0005580353473117116)	(140, 0.0027150204608263413)	(145, 0.0012438363633681924)	(150, 0.014091801699790699)
NG-13640_SU_DHL_1_lib248388_5885_6_1	(1, 0.060751284091838095)	(2, 0.007777846060200726)	(3, 0.0)	(4, 0.004053151198601223)	(5, 0.0027885943011446016)	(6, 0.0)	(7, 0.0019444615150501815)	(8, 0.0002824724498214791)	(9, 3.613019707018918e-05)	(10, 8.539864762044717e-06)	(15, 2.6276506960137585e-06)	(20, 0.000348163717221823)	(25, 0.000593192144625106)	(30, 1.0510602784055034e-05)	(35, 0.0)	(40, 0.0015713351162162277)	(45, 0.0004618096098244181)	(50, 7.226039414037836e-05)	(55, 0.00019904454022304224)	(60, 0.001007047129247273)	(65, 9.393851238249187e-05)	(70, 0.0012422218665405042)	(75, 0.00011167515458058473)	(80, 0.00019970145289704565)	(85, 0.00013269636014869482)	(90, 7.882952088041276e-06)	(95, 7.160348146637492e-05)	(100, 0.0)	(105, 0.001241564953866501)	(110, 6.240670403032677e-05)	(115, 4.861153787625453e-05)	(120, 0.00010247837714453659)	(125, 9.196777436048155e-06)	(130, 0.00037049874813794)	(135, 0.0011233206725458818)	(140, 0.008122068301378528)	(145, 0.004872321303083512)	(150, 6.076442234531817e-05)
NG-13640_SU_DHL_1_lib248388_5885_6_2	(1, 0.04739624942934817)	(2, 0.0)	(3, 0.0)	(4, 4.5983887180240774e-05)	(5, 0.0)	(6, 0.0)	(7, 0.0)	(8, 0.0)	(9, 0.0)	(10, 0.0007298299808178215)	(15, 0.00013992239956273265)	(20, 0.003775277137497768)	(25, 0.0005465513447708619)	(30, 0.005795940522732348)	(35, 0.0006989550851396599)	(40, 0.0002056136669630766)	(45, 0.001160764694964078)	(50, 0.0004164826353181808)	(55, 0.007618873193091893)	(60, 0.005226397234371366)	(65, 0.0031827419055466648)	(70, 0.009027293966155267)	(75, 0.0036695141969832136)	(80, 0.0031833988182206688)	(85, 0.00307106675096608)	(90, 0.0011036132923257786)	(95, 0.0023760531418704415)	(100, 0.002378680792566455)	(105, 0.0014143329871294057)	(110, 0.002526486144217229)	(115, 0.00032385794828369575)	(120, 0.0023077342237740836)	(125, 0.0029876388413676435)	(130, 0.0014787104291817427)	(135, 0.0016816964454488053)	(140, 0.0022394153056777256)	(145, 0.0011180653711538543)	(150, 0.002828009061584808)
NG-13640_TF_1_lib259824_5972_8_1	(1, 6.608515674304997)	(2, 0.0005396743147406642)	(3, 0.0036832247006035996)	(4, 6.299700172070011e-06)	(5, 0.000573272715658371)	(6, 0.0)	(7, 2.3098900630923373e-05)	(8, 0.00020369030556359702)	(9, 0.0)	(10, 0.001044910268540679)	(15, 6.593686180099945e-05)	(20, 0.00038302177046185663)	(25, 5.0397601376560085e-06)	(30, 0.0011284862908234746)	(35, 0.001410712858532211)	(40, 0.00011003476300548952)	(45, 0.0008861578242045148)	(50, 0.0016055835838549102)	(55, 0.0018794105513342198)	(60, 0.001540486682076853)	(65, 0.0008836379441356868)	(70, 0.003239725808489871)	(75, 0.0005837722159451543)	(80, 0.0005363144746488935)	(85, 0.004784412290681437)	(90, 0.0007173258595930386)	(95, 0.0010129917876688576)	(100, 0.0033694996320345126)	(105, 0.0014774896803561532)	(110, 0.0004875967933182188)	(115, 0.0014035731983371984)	(120, 0.0015820647032125151)	(125, 0.0007542841006025159)	(130, 0.0003154049886149719)	(135, 0.0007223656197306946)	(140, 0.0007131260594783252)	(145, 0.00021754964594215105)	(150, 0.0001081448529538685)
NG-13640_TF_1_lib259824_5972_8_2	(1, 4.986664164705745)	(2, 0.0026962716736459646)	(3, 0.0)	(4, 0.0)	(5, 0.0016190229442219926)	(6, 1.2599400344140022e-05)	(7, 4.19980011471334e-06)	(8, 0.0)	(9, 0.0)	(10, 0.0005728527356468996)	(15, 0.0012939584153431802)	(20, 0.0002209094860339217)	(25, 0.00033598400917706726)	(30, 0.0004203999914828054)	(35, 9.86953026957635e-05)	(40, 0.00014363316392319622)	(45, 1.6799200458853362e-06)	(50, 5.307537713050086)	(55, 0.001374174597534205)	(60, 0.00048465693323791954)	(65, 0.0001738717247491323)	(70, 0.0002616475471466411)	(75, 0.0002763468475481378)	(80, 0.00026878720734165376)	(85, 0.0001427932039002536)	(90, 0.000656428757929695)	(95, 0.00046407791267582415)	(100, 0.0016920994662180048)	(105, 3.863816105536273e-05)	(110, 0.0005615132753371736)	(115, 0.0013561154570409376)	(120, 0.0005006161736738302)	(125, 0.0006383696174364277)	(130, 0.0003481634295097359)	(135, 0.0030851731642684197)	(140, 0.0013561154570409376)	(145, 0.0018953697917701306)	(150, 2.09990005735667e-06)
NG-13640_THP_1_lib248383_5885_5_1	(1, 0.23137498876211376)	(2, 0.0)	(3, 0.0002602294815094871)	(4, 0.013593892438852733)	(5, 0.003717564021564102)	(6, 0.0)	(7, 0.0)	(8, 0.0)	(9, 0.0)	(10, 0.00015737687691288031)	(15, 7.992762646362819e-05)	(20, 2.3544572136572646e-05)	(25, 0.0007360776762696922)	(30, 0.0005625913552633674)	(35, 0.0006418993877234016)	(40, 0.00016357281694882048)	(45, 0.00048204413479614527)	(50, 0.0004789461647781751)	(55, 0.00010471138660738886)	(60, 9.231950653550853e-05)	(65, 0.0003308631979192051)	(70, 0.0003804307182067264)	(75, 0.0006747378699138844)	(80, 0.00026332745152745724)	(85, 0.0009380653214413417)	(90, 0.001934372479220521)	(95, 0.0010025030978151194)	(100, 0.0013469973638133928)	(105, 0.000768296564456581)	(110, 0.0014764925105645425)	(115, 0.0010409179260379485)	(120, 0.0019492427353067774)	(125, 0.0018104536785017178)	(130, 0.001962873803385846)	(135, 0.0011759894188214442)	(140, 0.002642568425328482)	(145, 0.0007670573764493931)	(150, 0.004622171266811367)
NG-13640_THP_1_lib248383_5885_5_2	(1, 0.21265085797350256)	(2, 0.012952612645132925)	(3, 0.0)	(4, 0.0)	(5, 0.0006908473140073289)	(6, 0.0)	(7, 0.0013754986879787178)	(8, 0.000182780231060235)	(9, 0.0)	(10, 0.0023532180256500765)	(15, 0.000988252435732457)	(20, 0.0022007979007659484)	(25, 0.0024343848401208925)	(30, 0.0027918905801946406)	(35, 0.00020384642718243156)	(40, 0.003101687581991649)	(45, 0.0007001412240612392)	(50, 0.0005532974452094572)	(55, 0.0012422859772060041)	(60, 0.00464571583894794)	(65, 0.0033817440716161448)	(70, 0.006547869429981572)	(75, 0.004293166850902944)	(80, 0.0018717934848575255)	(85, 0.0007503283383523546)	(90, 0.00016543159895960255)	(95, 0.0003519293940414017)	(100, 0.000801135046647064)	(105, 0.001418870268230299)	(110, 0.0006679223358743503)	(115, 1.672903809703846e-05)	(120, 0.000328384821904829)	(125, 6.691615238815383e-05)	(130, 0.00046407590869191874)	(135, 0.0006741182759102905)	(140, 0.00034387467199467945)	(145, 0.0005018711429111538)	(150, 0.0034681774351175104)
NG-13640_TK_6_lib259820_5981_7_1	(1, 0.7253443329650184)	(2, 0.0)	(3, 0.0011577308538454616)	(4, 0.033407192650047504)	(5, 0.0)	(6, 0.0023199752782712174)	(7, 0.0026562362865031356)	(8, 0.0001895699643723563)	(9, 0.0)	(10, 0.00029112530242897573)	(15, 0.0)	(20, 0.0)	(25, 0.0006919303699591006)	(30, 0.0005759316060455396)	(35, 0.0040536377381622185)	(40, 0.00013630983152488477)	(45, 0.0003398718646961531)	(50, 0.00015391275678803214)	(55, 2.437328113358867e-05)	(60, 0.0006603353758970411)	(65, 0.0006472460212141879)	(70, 0.0005808965336838632)	(75, 0.00014759375797562027)	(80, 0.0022297038666653337)	(85, 0.00022793531430485698)	(90, 0.0016998106805387948)	(95, 0.0034853792021031795)	(100, 0.0009586823912544877)	(105, 0.0004662518409443906)	(110, 0.0026526254300389)	(115, 0.0006237754541966582)	(120, 6.273863106608934e-05)	(125, 0.0017368219592972071)	(130, 0.0)	(135, 0.0002969929441833582)	(140, 0.0002356083842913571)	(145, 1.1283926450735494e-05)	(150, 0.0011351630009439908)
NG-13640_TK_6_lib259820_5981_7_2	(1, 0.7770111753976462)	(2, 0.0538333563111689)	(3, 0.0)	(4, 0.006066238859915402)	(5, 0.0012705701183528166)	(6, 0.009566512844933551)	(7, 0.0)	(8, 0.00019634032024279762)	(9, 0.009760596379886202)	(10, 0.0047740036027771725)	(15, 0.005206855021427387)	(20, 0.003783726217460626)	(25, 0.0038970168390260102)	(30, 0.004536589790253698)	(35, 0.004728416539916201)	(40, 0.003451527422750973)	(45, 0.004529368077325228)	(50, 0.0027564375533856668)	(55, 0.004178212286178339)	(60, 0.0022080387278799215)	(65, 0.007262786420751393)	(70, 0.0020198228346816533)	(75, 0.0026485632165166354)	(80, 0.004219737135517045)	(85, 0.004183177213816662)	(90, 0.001613150125397146)	(95, 0.005738102278728014)	(100, 0.0014037204504714956)	(105, 0.006133942418619815)	(110, 0.002373235411118689)	(115, 0.005953850952466077)	(120, 0.00211596188804192)	(125, 0.004092905802210779)	(130, 0.0037069955175956246)	(135, 0.004911216148418117)	(140, 0.00301055157705623)	(145, 0.0033472639423461773)	(150, 0.004734735538728613)
NG-13640_U2946_lib236385_5767_8_1	(1, 0.9087410912100117)	(2, 0.0048498577065036194)	(3, 0.002870052779739128)	(4, 0.0006324745940536226)	(5, 9.301096971376804e-05)	(6, 0.0)	(7, 0.0)	(8, 0.0)	(9, 0.0001700772017623187)	(10, 0.0002381080824672462)	(15, 0.00014828606028652162)	(20, 0.0019053961509934768)	(25, 0.00023066720489014472)	(30, 0.0003736383526215939)	(35, 0.000423598530639275)	(40, 0.002927985326589418)	(45, 0.0020255131747381142)	(50, 0.0003816107214542026)	(55, 0.0025187370598488386)	(60, 0.0010045184729086949)	(65, 0.00509859561408101)	(70, 0.000719639159956811)	(75, 0.0009301096971376803)	(80, 4.783421299565213e-06)	(85, 0.0007897960056837674)	(90, 0.0014020739320281148)	(95, 0.0036614432591894177)	(100, 0.0004629288835468112)	(105, 0.003207018235730722)	(110, 0.0008796180278644922)	(115, 0.0052564485169666626)	(120, 0.0006425729279082603)	(125, 0.007482333895031009)	(130, 0.010837638191048252)	(135, 0.000985384787710434)	(140, 0.001549297009803622)	(145, 0.002744089352183911)	(150, 0.0004411377420710141)
NG-13640_U2946_lib236385_5767_8_2	(1, 0.8165060987292841)	(2, 0.0008796180278644922)	(3, 0.0)	(4, 0.00032686712213695626)	(5, 0.0)	(6, 0.00022854123986811576)	(7, 0.0008636732901992747)	(8, 5.314912555072459e-06)	(9, 0.00032686712213695626)	(10, 0.0016029776266098539)	(15, 0.0018448061478656505)	(20, 0.0019372856263239115)	(25, 8.769605715869559e-05)	(30, 0.0011241040053978253)	(35, 0.003811323793242461)	(40, 0.0020892921253989837)	(45, 0.0009630621549791297)	(50, 0.00012436895378869556)	(55, 0.0047446224379131844)	(60, 0.0036423095739911565)	(65, 0.003279832537735215)	(70, 0.0028668638322060843)	(75, 0.001880416061984636)	(80, 0.001106564793966086)	(85, 0.0002056871158813042)	(90, 0.00012702641006623178)	(95, 0.0004847200250226083)	(100, 0.0026957236479327514)	(105, 0.002701038560487824)	(110, 0.0017438228093192738)	(115, 0.003941539150841736)	(120, 0.0009221373283050717)	(125, 0.00015572693786362305)	(130, 0.0030959365633297076)	(135, 0.001391975598173477)	(140, 0.0021355318646281143)	(145, 0.0010013295253756512)	(150, 0.00038533116024275335)
NG-13640_UT_7_lib259813_5981_7_1	(1, 0.6971740829545348)	(2, 0.0)	(3, 0.0011197102653161747)	(4, 0.03275566212108425)	(5, 0.0)	(6, 0.0023442209988146514)	(7, 0.002418684489365235)	(8, 0.0001709902375605981)	(9, 0.0)	(10, 0.000323226707130679)	(15, 0.0)	(20, 0.0)	(25, 0.0007049210438788529)	(30, 0.0006001205756965508)	(35, 0.004125277376502301)	(40, 0.0001318279573451063)	(45, 0.0003270877770110796)	(50, 0.0001798155401443709)	(55, 2.2063256459432015e-05)	(60, 0.0006569334610795882)	(65, 0.0006839609502423924)	(70, 0.00055820038842363)	(75, 0.00013734377145996427)	(80, 0.0023629747668051687)	(85, 0.00023607684411592253)	(90, 0.0017292077250079842)	(95, 0.003549977964322611)	(100, 0.000989537052205526)	(105, 0.0005102128056243653)	(110, 0.00270164575345745)	(115, 0.00061335852957221)	(120, 5.570972256006584e-05)	(125, 0.0017771953078072487)	(130, 0.0)	(135, 0.00030061186925976123)	(140, 0.00020077563378083132)	(145, 9.376883995258606e-06)	(150, 0.0011224681723736036)
NG-13640_UT_7_lib259813_5981_7_2	(1, 0.7532230280826644)	(2, 0.05447418019833765)	(3, 0.0)	(4, 0.005739204586509753)	(5, 0.001365163993427356)	(6, 0.009520295162244913)	(7, 0.0)	(8, 0.00019581140107745914)	(9, 0.010093939830190145)	(10, 0.004695612555978618)	(15, 0.005289114154737339)	(20, 0.0037832969013811045)	(25, 0.003979659883870049)	(30, 0.004642660740475982)	(35, 0.004788829814519719)	(40, 0.0035273631264516937)	(45, 0.00440382598930263)	(50, 0.0027705934298931753)	(55, 0.004168300726598193)	(60, 0.002246591088981665)	(65, 0.007192621605774837)	(70, 0.0021164178758710157)	(75, 0.002715435288744595)	(80, 0.004171610215067107)	(85, 0.0042918549627710125)	(90, 0.0016679821883330602)	(95, 0.005790501657777932)	(100, 0.0014743771129015445)	(105, 0.005952115011343272)	(110, 0.0024269582105375213)	(115, 0.005947702360051385)	(120, 0.0021864687151297124)	(125, 0.0041484437957847045)	(130, 0.003699456526835263)	(135, 0.005014978193228897)	(140, 0.0029641985053246913)	(145, 0.0034711018224801416)	(150, 0.004500904317724131)
NG-13640_U_266_lib241213_5808_7_1	(1, 0.22879045678271714)	(2, 0.004452490166437834)	(3, 7.504196909726687e-05)	(4, 0.03185531588178979)	(5, 0.0)	(6, 0.0)	(7, 0.000167593730983896)	(8, 0.0)	(9, 0.0)	(10, 5.453049754401393e-05)	(15, 4.302406228243301e-05)	(20, 0.0014137906977925079)	(25, 0.0024158511251380116)	(30, 0.00038421488177800637)	(35, 0.0034079059566038796)	(40, 0.005390014500359689)	(45, 0.00028215780380572343)	(50, 0.0020966726165776365)	(55, 0.0017935030614246784)	(60, 0.0002636474514283976)	(65, 0.002136695000096179)	(70, 0.0001610900936621329)	(75, 0.0020221309272743515)	(80, 0.0015483659623736065)	(85, 0.0009830497951741962)	(90, 0.01813964504998533)	(95, 0.0014813284699800482)	(100, 0.0)	(105, 0.00204714491697344)	(110, 0.001073600437884898)	(115, 0.001456314480280959)	(120, 0.00015008393819453375)	(125, 0.000124569668701463)	(130, 0.0023323043995430548)	(135, 0.000740914374887015)	(140, 0.005049323960658097)	(145, 0.0008219597015120631)	(150, 0.003508212055297226)
NG-13640_U_266_lib241213_5808_7_2	(1, 0.2687553081249516)	(2, 0.031292501113560287)	(3, 0.009477800696984806)	(4, 0.0)	(5, 0.0)	(6, 0.0)	(7, 0.0)	(8, 0.004204851668416854)	(9, 0.0)	(10, 0.006303025124376436)	(15, 1.2006715055562699e-05)	(20, 0.0023588192286240887)	(25, 0.0005332982603845766)	(30, 0.00025114045657885313)	(35, 1.5008393819453374e-06)	(40, 0.006425593673901971)	(45, 0.01199270722133121)	(50, 0.008158062600460873)	(55, 0.0037576015325971428)	(60, 0.0025839451359158895)	(65, 0.002161708989795268)	(70, 0.0010655959611811897)	(75, 0.002972662535839732)	(80, 0.0027145181621451337)	(85, 0.0020421421190336226)	(90, 0.0036205248690461354)	(95, 0.003536477863657197)	(100, 0.002273771663647186)	(105, 0.011237785012212705)	(110, 0.00395621261080791)	(115, 0.00661620027540903)	(120, 0.0022187408863091904)	(125, 0.004156324528400621)	(130, 0.004877727991322347)	(135, 0.0030126849193582743)	(140, 0.00610191264719576)	(145, 0.0026970083693557715)	(150, 0.002643978711193703)
NG-13640_U_2932_lib241205_5808_6_1	(1, 0.23987610057097944)	(2, 0.12104256269203292)	(3, 0.00023733324438118106)	(4, 0.0015491862325540833)	(5, 0.0)	(6, 0.0)	(7, 0.00023211712912005623)	(8, 0.0014787686765288975)	(9, 0.00021907684096724407)	(10, 0.0)	(15, 0.00023629002132895613)	(20, 0.000720345517561343)	(25, 0.0013822705441980877)	(30, 0.0023675947170245736)	(35, 0.0013394983990568639)	(40, 0.003790550960259435)	(45, 0.0008403161685672147)	(50, 0.000387557363901577)	(55, 0.0008710912486078515)	(60, 0.0010969490394145578)	(65, 0.000424070170729451)	(70, 0.0003176614194025039)	(75, 0.0009352494663196872)	(80, 0.0018329429027592753)	(85, 0.0005737726787237345)	(90, 0.020767441300642512)	(95, 0.0026023199037751923)	(100, 0.0006207177160738582)	(105, 0.0018960578974188862)	(110, 0.18639474918714016)	(115, 0.0027134231588371513)	(120, 0.0039887633401821795)	(125, 0.0010234018142326973)	(130, 0.002652916221808103)	(135, 0.003396734258044508)	(140, 0.0021485178760573295)	(145, 0.0010051454108187603)	(150, 0.0048405549623238685)
NG-13640_U_2932_lib241205_5808_6_2	(1, 0.2807313233537399)	(2, 0.005797712112740281)	(3, 0.0)	(4, 0.0)	(5, 0.0)	(6, 0.0)	(7, 0.005403895410525354)	(8, 0.0)	(9, 0.0)	(10, 6.885272144684814e-05)	(15, 0.0007250400212963553)	(20, 9.389007470024746e-05)	(25, 0.000998364460979298)	(30, 0.0012414354321477164)	(35, 0.000720345517561343)	(40, 0.0006728788686851068)	(45, 0.00013457577373702134)	(50, 0.00040529215578940153)	(55, 0.0008549212912983643)	(60, 0.0)	(65, 0.00025350320169066816)	(70, 0.0008658751333467266)	(75, 0.0007432964247102924)	(80, 0.0002665434898434803)	(85, 0.0003484364994431406)	(90, 0.0008142355922615905)	(95, 0.0013201987725907018)	(100, 2.9731856988411696e-05)	(105, 0.0004183324439422137)	(110, 0.0009508978121030618)	(115, 0.001622211846209831)	(120, 0.0006577521344278448)	(125, 0.001322806830221264)	(130, 0.0012868156349195028)	(135, 0.001295683030863415)	(140, 0.0017687846850474398)	(145, 0.0005779455709326344)	(150, 0.0008671791621620078)
NG-13640_U_2940_lib248378_5885_5_1	(1, 0.22478479439063748)	(2, 0.0)	(3, 0.0002631564792624308)	(4, 0.013270605311376868)	(5, 0.003921320723954464)	(6, 0.0)	(7, 0.0)	(8, 0.0)	(9, 0.0)	(10, 0.00015153186278408102)	(15, 7.807939494599595e-05)	(20, 2.660483087048751e-05)	(25, 0.000721222262945607)	(30, 0.0005725822296039703)	(35, 0.0006223216960140122)	(40, 0.0001619424487768805)	(45, 0.0004522821247982877)	(50, 0.0004904542734385524)	(55, 0.00013418088612941525)	(60, 0.00010988951881288319)	(65, 0.0003273550928846941)	(70, 0.0003909753406184686)	(75, 0.0007102333110643187)	(80, 0.00025563772271207564)	(85, 0.0009566171795605727)	(90, 0.0018305280370672383)	(95, 0.0010132970366324807)	(100, 0.0012486919532474464)	(105, 0.0007570809480319162)	(110, 0.0014158396950207266)	(115, 0.0010306480132871465)	(120, 0.0018553977702722596)	(125, 0.0017148548593694667)	(130, 0.001861181429157148)	(135, 0.001131283677884208)	(140, 0.0024615252214085837)	(145, 0.000721222262945607)	(150, 0.004304488125078332)
NG-13640_U_2940_lib248378_5885_5_2	(1, 0.20621635754070264)	(2, 0.013261929823049533)	(3, 0.0)	(4, 0.0)	(5, 0.0006506616245499663)	(6, 0.0)	(7, 0.001382294473488373)	(8, 0.0001561587898919919)	(9, 0.0)	(10, 0.0021266513719735342)	(15, 0.0009022507860426199)	(20, 0.0020416315863656716)	(25, 0.0022452163791137503)	(30, 0.0025627392518941337)	(35, 0.00020184969508261176)	(40, 0.0028189553404946986)	(45, 0.0006674342353161433)	(50, 0.0005176374701975287)	(55, 0.0012128332681611371)	(60, 0.004652375207004381)	(65, 0.0033134581751526723)	(70, 0.0064071373126795795)	(75, 0.004293788356141288)	(80, 0.0018773756740348361)	(85, 0.0006923039685211641)	(90, 0.00014169964267977044)	(95, 0.0003233065316652721)	(100, 0.000807398780330447)	(105, 0.0014008021819200162)	(110, 0.0006414077703341445)	(115, 1.8507708431643485e-05)	(120, 0.0003181012386688724)	(125, 6.072841829133018e-05)	(130, 0.0004331960504781553)	(135, 0.000659915478765788)	(140, 0.0003221497998882944)	(145, 0.000414109976158023)	(150, 0.003408020997920601)
NG-13640_U_937_lib248395_5885_6_1	(1, 0.06449454825878191)	(2, 0.008233231942806195)	(3, 0.0)	(4, 0.005479840893870354)	(5, 0.0029473677177454115)	(6, 0.0)	(7, 0.0019236019656949028)	(8, 0.00031790620721568424)	(9, 2.963532440146209e-05)	(10, 1.1854129760584836e-05)	(15, 3.7717685601860837e-06)	(20, 0.0004046568840999641)	(25, 0.0005846241268288431)	(30, 7.004713040345585e-06)	(35, 0.0)	(40, 0.0017684206306472468)	(45, 0.0004989510981046163)	(50, 8.190126016404067e-05)	(55, 0.0002408543637718828)	(60, 0.0011115940770948416)	(65, 0.00010614834376523694)	(70, 0.0014984697665539285)	(75, 0.0001239295384061142)	(80, 0.00020690844673020803)	(85, 0.00012177424208600785)	(90, 6.465888960319001e-06)	(95, 6.465888960319001e-05)	(100, 0.0)	(105, 0.0014903874053535297)	(110, 6.735301000332294e-05)	(115, 5.011063944247226e-05)	(120, 8.890597320438626e-05)	(125, 7.004713040345585e-06)	(130, 0.0004057345322600173)	(135, 0.001239295384061142)	(140, 0.008893830264918787)	(145, 0.005261078317379561)	(150, 8.486479260418688e-05)
NG-13640_U_937_lib248395_5885_6_2	(1, 0.05387163152105781)	(2, 0.0)	(3, 0.0)	(4, 7.81294916038546e-05)	(5, 0.0)	(6, 0.0)	(7, 0.0)	(8, 0.0)	(9, 0.0)	(10, 0.0007710572585180409)	(15, 0.00015410368688760287)	(20, 0.004003462914597515)	(25, 0.000729567804355994)	(30, 0.006379677107514748)	(35, 0.0009003750377244209)	(40, 0.0002510920212923879)	(45, 0.001521100377915045)	(50, 0.0005075722833850415)	(55, 0.008689615938588711)	(60, 0.005762184711804283)	(65, 0.0032765892306416537)	(70, 0.009726313468559858)	(75, 0.003713575559543213)	(80, 0.0033671116760861197)	(85, 0.0033040692587230094)	(90, 0.00118756827237859)	(95, 0.0025626473246064306)	(100, 0.0028336758368598023)	(105, 0.0015140956648746994)	(110, 0.003085306682232217)	(115, 0.00034161446673685393)	(120, 0.0025152308055640914)	(125, 0.003553005983695291)	(130, 0.0016434134440810795)	(135, 0.0018427783536909153)	(140, 0.0024570378049212204)	(145, 0.0012075047633395735)	(150, 0.0029945148247477373)
NG-13640_VAL_lib227478_5697_4_1	(1, 0.8035730178132781)	(2, 0.059660411630278375)	(3, 0.0)	(4, 0.0037033969248005563)	(5, 0.0)	(6, 0.0)	(7, 0.0)	(8, 0.0)	(9, 0.0)	(10, 0.0011504039251977326)	(15, 0.00044025542997216835)	(20, 0.00225867522256179)	(25, 0.0008078473423761148)	(30, 0.0002851585101206694)	(35, 0.10635130130132117)	(40, 0.004623597941399804)	(45, 0.10219299411947586)	(50, 0.08848401401086955)	(55, 0.12154102956205301)	(60, 0.18577618971015591)	(65, 0.1744193093466991)	(70, 0.16957161467464774)	(75, 0.008552312832441318)	(80, 0.003697290746853647)	(85, 0.0013891554829218904)	(90, 0.002804567531015491)	(95, 0.0009782097070948873)	(100, 0.007206511212942484)	(105, 0.003441441890878143)	(110, 0.002910815027291715)	(115, 0.0010441564289215088)	(120, 0.00269343509238174)	(125, 9.769884715055054e-05)	(130, 0.0018568887136551511)	(135, 0.0025242939632523493)	(140, 0.000743732473933566)	(145, 0.002672674087362248)	(150, 0.00162576987836463)
NG-13640_VAL_lib227478_5697_4_2	(1, 0.8726064125920625)	(2, 0.05390533891531626)	(3, 0.00031446816426583454)	(4, 0.0)	(5, 0.00325153975672926)	(6, 0.0)	(7, 0.03059500460298959)	(8, 0.0015937124441433557)	(9, 0.02442471178763763)	(10, 0.00025340638479674044)	(15, 0.0010191210993391803)	(20, 3.969015665491115e-05)	(25, 0.0003437778184109997)	(30, 0.00062954694632636)	(35, 0.03209223943557178)	(40, 0.001917950493124245)	(45, 0.0019594725031632293)	(50, 0.002908372556112951)	(55, 0.001156510103144642)	(60, 0.0024504092100947456)	(65, 0.0020828172976907994)	(70, 0.0016309601296195032)	(75, 0.0019771804192092665)	(80, 0.0005391755127121008)	(85, 0.0016352344541823395)	(90, 0.002196392207503314)	(95, 0.0022061620922183695)	(100, 0.003183761181518566)	(105, 0.00565981633899033)	(110, 0.0030695756539113597)	(115, 0.0014105271057360733)	(120, 0.0031691063544459826)	(125, 0.0019301628490180642)	(130, 0.00395924578077606)	(135, 0.0032600884058549334)	(140, 0.002002215748791595)	(145, 0.0017072873539558707)	(150, 0.002695877563560504)
NG-13640_WSUDLCL2_lib236391_5774_5_1	(1, 0.28855518287794857)	(2, 0.007335059606270488)	(3, 0.005295791795072644)	(4, 0.004185227398486897)	(5, 0.0)	(6, 1.2124065464909899e-05)	(7, 0.0)	(8, 0.0)	(9, 0.00010184214990524316)	(10, 4.558648614806122e-05)	(15, 1.3578953320699088e-05)	(20, 5.819551423156752e-06)	(25, 0.00043695131935535275)	(30, 0.0001804060941178593)	(35, 0.0005383085066419995)	(40, 5.334588804560356e-06)	(45, 0.0002992219356739763)	(50, 0.000505816011196041)	(55, 6.15902525617423e-05)	(60, 0.0006901018062626715)	(65, 0.005226927103231956)	(70, 0.0008869966294128083)	(75, 0.00015033841176488274)	(80, 0.00108728619089312)	(85, 0.0006362709555984715)	(90, 0.0009519816203047254)	(95, 0.00035208286110098347)	(100, 0.00047041374003850404)	(105, 0.00011930080417471339)	(110, 0.001047034293549619)	(115, 0.0010426696299822512)	(120, 0.0044883290351096445)	(125, 0.0015232675850112797)	(130, 8.535342087296569e-05)	(135, 0.0013879630144228853)	(140, 0.0008064928347258065)	(145, 0.0014374292015197176)	(150, 1.454887855789188e-05)
NG-13640_WSUDLCL2_lib236391_5774_5_2	(1, 0.5645183113640417)	(2, 0.031692307125274474)	(3, 0.0005358836935490175)	(4, 0.0004340415436437744)	(5, 0.0)	(6, 0.0)	(7, 0.0)	(8, 0.0)	(9, 0.00019883467362452235)	(10, 0.00011299629013296025)	(15, 0.0009568312464906892)	(20, 0.006229344835870706)	(25, 0.0013486810423165771)	(30, 0.0009839891531320875)	(35, 0.0007235642269458228)	(40, 3.394738330174772e-06)	(45, 0.000562071674953223)	(50, 0.00030698133757151865)	(55, 0.0007119251240995093)	(60, 0.0008254063768510661)	(65, 0.0005567370861486626)	(70, 0.00033268435635712765)	(75, 0.0014616773324495375)	(80, 0.0007395679933595038)	(85, 0.0011348125275155666)	(90, 0.0006847672174581111)	(95, 0.0008433499937391326)	(100, 0.0015513954168898706)	(105, 0.00019059030910838361)	(110, 0.0009655605736254245)	(115, 6.983461707788102e-05)	(120, 0.0005092107495262158)	(125, 0.0010450944430752333)	(130, 0.00047817314193604644)	(135, 8.244364516138732e-06)	(140, 2.0368429981048632e-05)	(145, 0.00021532340265679981)	(150, 3.63721963947297e-05)
NG-13640_YT_lib248385_5885_5_1	(1, 0.2350707695471002)	(2, 0.0)	(3, 0.00025237748291578497)	(4, 0.013123629111620816)	(5, 0.0038465809465095496)	(6, 0.0)	(7, 0.0)	(8, 0.0)	(9, 0.0)	(10, 0.00014852559914124355)	(15, 9.456903382821368e-05)	(20, 2.0306234257591893e-05)	(25, 0.0007368262144897629)	(30, 0.0005552304624147268)	(35, 0.000714199267745589)	(40, 0.00018449664268326346)	(45, 0.000482128019087396)	(50, 0.0005297026250623256)	(55, 0.00013576168046504293)	(60, 0.00011081402123428717)	(65, 0.0003469465167439986)	(70, 0.00040612468515183783)	(75, 0.0007443685300711542)	(80, 0.00028486745772793195)	(85, 0.001066367387584397)	(90, 0.0019122670889435108)	(95, 0.0010298161659207318)	(100, 0.0013982292731656131)	(105, 0.0008284943577097491)	(110, 0.0015618395034696392)	(115, 0.0011470121464931193)	(120, 0.0020271423570293163)	(125, 0.0018234998363317518)	(130, 0.0019482381324855305)	(135, 0.001203289424292731)	(140, 0.0026177636848644177)	(145, 0.0007327649676382446)	(150, 0.004634172746643293)
NG-13640_YT_lib248385_5885_5_2	(1, 0.2168676809804732)	(2, 0.013793734842121349)	(3, 0.0)	(4, 0.0)	(5, 0.0006497994962429406)	(6, 0.0)	(7, 0.0013054007737023359)	(8, 0.00015954898345250771)	(9, 0.0)	(10, 0.002455893988925328)	(15, 0.001001387437960103)	(20, 0.002249350577619536)	(25, 0.0025081100198734215)	(30, 0.002782534271411735)	(35, 0.00019958127384604602)	(40, 0.003117297047601178)	(45, 0.0007327649676382446)	(50, 0.0005111369251696702)	(55, 0.0012160533429689316)	(60, 0.004653028535596771)	(65, 0.003275685674810395)	(70, 0.006503216565524215)	(75, 0.004190046394523675)	(80, 0.001820018767601879)	(85, 0.0007339253238815355)	(90, 0.00015084631162782549)	(95, 0.00036493203851500856)	(100, 0.0007745377923967193)	(105, 0.001452185838478643)	(110, 0.0006991146365828066)	(115, 1.6825165527718996e-05)	(120, 0.00035913025729855376)	(125, 5.047549658315699e-05)	(130, 0.00047922712847916864)	(135, 0.0007368262144897629)	(140, 0.00040264361642196496)	(145, 0.0004769064159925867)	(150, 0.003454960714398849)
NG-29643_BT_474_lib581288_7997_4_1	(1, 0.004155653252876513)	(2, 0.14072044331769254)	(3, 0.0)	(4, 0.0)	(5, 0.0)	(6, 0.0)	(7, 0.0)	(8, 0.0)	(9, 0.01702406663371016)	(10, 5.352714962721503e-06)	(15, 0.0002092424939972951)	(20, 1.2651871730069007e-05)	(25, 0.0)	(30, 0.0001532822921142976)	(35, 0.0024865794054097163)	(40, 8.029072444082255e-05)	(45, 0.0002885599975358047)	(50, 0.0014690769520414745)	(55, 0.003847142226843291)	(60, 6.617902135728404e-05)	(65, 2.1410859850886012e-05)	(70, 0.0)	(75, 0.0013401251824850017)	(80, 0.0)	(85, 0.0022457072320872487)	(90, 0.0)	(95, 0.0)	(100, 1.4111703083538508e-05)	(105, 0.0)	(110, 0.0035931315713395983)	(115, 0.0006233479879314769)	(120, 1.0218819474286507e-05)	(125, 2.4817133008981517e-05)	(130, 1.459831353469501e-05)	(135, 0.0004924497765703783)	(140, 2.4330522557825015e-06)	(145, 6.812546316191004e-06)	(150, 0.001290734221692617)
NG-29643_BT_474_lib581288_7997_4_2	(1, 0.06287980249844297)	(2, 0.008272377669660505)	(3, 0.0001557153443700801)	(4, 0.0001751797624163401)	(5, 0.00670062591242501)	(6, 0.0)	(7, 0.0)	(8, 0.0)	(9, 0.0)	(10, 0.0)	(15, 6.325935865034504e-06)	(20, 2.919662706939002e-05)	(25, 6.033969594340603e-05)	(30, 0.0014072774247445988)	(35, 5.839325413878004e-05)	(40, 0.00016496094294205361)	(45, 0.0001532822921142976)	(50, 0.00033478799039567223)	(55, 0.0006043701803363733)	(60, 0.0003274888336283247)	(65, 0.0004924497765703783)	(70, 0.00024525166738287616)	(75, 0.0018554456502597357)	(80, 0.003775610490523286)	(85, 0.000718723636358151)	(90, 0.0005454903157464368)	(95, 0.0009498636006574886)	(100, 0.0010588643417165447)	(105, 0.0037108913005194713)	(110, 0.000845242353658841)	(115, 0.010530736773477822)	(120, 0.0014914610327946734)	(125, 0.0019002138117661337)	(130, 0.004470490214774768)	(135, 0.001659341638443666)	(140, 0.000991225489005791)	(145, 0.0020286789708714495)	(150, 0.007548544623565211)
NG-29643_CAL_120_lib581301_8005_3_1	(1, 0.0038454987417120075)	(2, 0.17845504718103405)	(3, 0.002266907082466885)	(4, 0.04051375121292409)	(5, 0.0)	(6, 0.0)	(7, 0.0003256102900270617)	(8, 2.0608246204244414e-05)	(9, 0.0)	(10, 0.0)	(15, 0.0007324170700988464)	(20, 0.0)	(25, 0.0)	(30, 0.0)	(35, 0.00014549421820196556)	(40, 2.2669070824668852e-05)	(45, 6.594638785358212e-06)	(50, 0.0)	(55, 5.646659459962969e-05)	(60, 6.594638785358212e-06)	(65, 4.4101646877083044e-05)	(70, 7.254102663894033e-05)	(75, 4.533814164933771e-06)	(80, 0.00016733895917846463)	(85, 0.002308535739799459)	(90, 0.00014178473388520155)	(95, 0.0006520449099022932)	(100, 4.1216492408488824e-07)	(105, 1.3601442494801311e-05)	(110, 2.143257605241419e-05)	(115, 0.00020196081280159526)	(120, 8.243298481697765e-07)	(125, 2.7615049913687515e-05)	(130, 0.0)	(135, 0.0)	(140, 0.00011705483844010826)	(145, 0.0)	(150, 0.0)
NG-29643_CAL_120_lib581301_8005_3_2	(1, 0.0016795720656459195)	(2, 0.059516615037857865)	(3, 0.0010798721011024072)	(4, 8.861545867825098e-05)	(5, 0.0)	(6, 0.0)	(7, 0.0)	(8, 0.0)	(9, 0.0)	(10, 0.0)	(15, 0.0003091236930636662)	(20, 0.0)	(25, 4.039216256031905e-05)	(30, 4.533814164933771e-06)	(35, 0.0)	(40, 0.0)	(45, 0.0)	(50, 0.0)	(55, 0.0)	(60, 0.0)	(65, 4.1216492408488824e-07)	(70, 0.0)	(75, 0.0)	(80, 0.0)	(85, 1.154061787437687e-05)	(90, 0.00046121255005098996)	(95, 0.0)	(100, 0.0)	(105, 0.0)	(110, 0.0)	(115, 0.0)	(120, 0.0)	(125, 0.0)	(130, 0.0)	(135, 0.0)	(140, 2.060824620424441e-06)	(145, 0.0)	(150, 0.0)
NG-29643_CAL_148_lib581302_7997_4_1	(1, 0.004216884449243057)	(2, 0.14103848809713013)	(3, 0.0)	(4, 0.0)	(5, 0.0)	(6, 0.0)	(7, 0.0)	(8, 0.0)	(9, 0.01686922657728831)	(10, 4.053072758583635e-06)	(15, 0.00020940875919348782)	(20, 1.5536778907903936e-05)	(25, 0.0)	(30, 0.00014422183899293436)	(35, 0.0024433273612995015)	(40, 7.700838241308907e-05)	(45, 0.0002850661173537157)	(50, 0.001542869696767504)	(55, 0.0038281272204822438)	(60, 7.396857784415135e-05)	(65, 2.7695997183654845e-05)	(70, 0.0)	(75, 0.0012811087477756441)	(80, 0.0)	(85, 0.002222097139893478)	(90, 1.0132681896459088e-06)	(95, 0.0)	(100, 1.5536778907903936e-05)	(105, 0.0)	(110, 0.0035768367094500585)	(115, 0.0005958016955117944)	(120, 7.768389453951968e-06)	(125, 2.060311985613348e-05)	(130, 1.7225559223980452e-05)	(135, 0.0004958259008000647)	(140, 2.0265363792918176e-06)	(145, 2.0265363792918176e-06)	(150, 0.0012784066992699216)
NG-29643_CAL_148_lib581302_7997_4_2	(1, 0.06263348436264579)	(2, 0.008047038206104593)	(3, 0.000170566811923728)	(4, 0.00017732193318803407)	(5, 0.006692636392611228)	(6, 0.0)	(7, 0.0)	(8, 0.0)	(9, 0.0)	(10, 0.0)	(15, 5.404097011444847e-06)	(20, 2.9722533562946658e-05)	(25, 6.383589594769226e-05)	(30, 0.0014027009305331531)	(35, 7.227979752807482e-05)	(40, 0.0001813750059466177)	(45, 0.0001688780316076515)	(50, 0.00034788874511176203)	(55, 0.0005974904758278709)	(60, 0.0003404581117210254)	(65, 0.0005042698023804474)	(70, 0.0002891191901122993)	(75, 0.001823544985299421)	(80, 0.003743012692551987)	(85, 0.0007309041207979156)	(90, 0.0005545954557995275)	(95, 0.000948756781571786)	(100, 0.001051434624789238)	(105, 0.0036508052872942097)	(110, 0.000856211620250793)	(115, 0.010574466827144705)	(120, 0.0014395163414236212)	(125, 0.0018667777613909794)	(130, 0.004388802285419647)	(135, 0.0016276464686345448)	(140, 0.0010031355077494497)	(145, 0.002013363892826421)	(150, 0.007656085562932879)
NG-29643_CAL_51_lib581295_7997_4_1	(1, 0.004231666590420422)	(2, 0.14248707626149412)	(3, 0.0)	(4, 0.0)	(5, 0.0)	(6, 0.0)	(7, 0.0)	(8, 0.0)	(9, 0.017079158851426565)	(10, 3.4310810192598014e-06)	(15, 0.0001917593058541867)	(20, 1.7917867545023407e-05)	(25, 0.0)	(30, 0.00013762447199475427)	(35, 0.00243797367979627)	(40, 6.290315201976303e-05)	(45, 0.00027601140643823295)	(50, 0.0014616405142046755)	(55, 0.0037963005321987897)	(60, 7.243393262881803e-05)	(65, 2.325510468609421e-05)	(70, 0.0)	(75, 0.0012908489256904098)	(80, 0.0)	(85, 0.0021875047653903044)	(90, 3.8123122436220016e-07)	(95, 0.0)	(100, 1.8680329993747806e-05)	(105, 0.0)	(110, 0.0035210515882092806)	(115, 0.0005966268661268433)	(120, 7.624624487244003e-06)	(125, 2.859234182716501e-05)	(130, 2.2873873461732012e-05)	(135, 0.0005097061469722616)	(140, 3.4310810192598014e-06)	(145, 6.0996995897952025e-06)	(150, 0.0012542507281516385)
NG-29643_CAL_51_lib581295_7997_4_2	(1, 0.0631928877502783)	(2, 0.007990606462631717)	(3, 0.0001848971438156671)	(4, 0.00017346020708480109)	(5, 0.006717294173261968)	(6, 0.0)	(7, 0.0)	(8, 0.0)	(9, 0.0)	(10, 0.0)	(15, 1.0293243057779405e-05)	(20, 4.041050978239322e-05)	(25, 7.586501364807783e-05)	(30, 0.001396068743614377)	(35, 7.052777650700703e-05)	(40, 0.00017651005687969868)	(45, 0.00015897342055903746)	(50, 0.00034882657029141316)	(55, 0.0006073013404089848)	(60, 0.00035568873232993275)	(65, 0.0005440169571648597)	(70, 0.0002802049499062171)	(75, 0.0018325784955090963)	(80, 0.003814599630968175)	(85, 0.0007662747609680223)	(90, 0.0005870960855177882)	(95, 0.001027036918431767)	(100, 0.0010602040349512786)	(105, 0.0037116672003903806)	(110, 0.0008741631974625249)	(115, 0.010696585693154613)	(120, 0.001498619942967809)	(125, 0.001927123839150922)	(130, 0.004452780700550498)	(135, 0.0017094408100401057)	(140, 0.0010163624441496258)	(145, 0.0020735166293060067)	(150, 0.007770445430562546)
NG-29643_CAL_85_1_lib581300_7997_4_1	(1, 0.00424914078586342)	(2, 0.14289288345675727)	(3, 0.0)	(4, 0.0)	(5, 0.0)	(6, 0.0)	(7, 0.0)	(8, 0.0)	(9, 0.016705414541451538)	(10, 2.0360042098051844e-06)	(15, 0.00019260599824757048)	(20, 1.6695234520402513e-05)	(25, 0.0)	(30, 0.00014740670478989535)	(35, 0.002448905863553676)	(40, 8.429057428593464e-05)	(45, 0.00028666939274056997)	(50, 0.0015074575169397586)	(55, 0.0037462477460415396)	(60, 7.411055323690871e-05)	(65, 2.2803247149818066e-05)	(70, 0.0)	(75, 0.0013221811338474869)	(80, 0.0)	(85, 0.0021724164918621317)	(90, 1.2216025258831107e-06)	(95, 0.0)	(100, 1.303042694275318e-05)	(105, 0.0)	(110, 0.003496226429077463)	(115, 0.0005892196183176204)	(120, 7.329615155298664e-06)	(125, 1.832403788824666e-05)	(130, 1.710243536236355e-05)	(135, 0.0004975994288763871)	(140, 1.6288033678441475e-06)	(145, 1.6288033678441475e-06)	(150, 0.0011941164690507408)
NG-29643_CAL_85_1_lib581300_7997_4_2	(1, 0.06341949513122169)	(2, 0.008095152738185413)	(3, 0.00017306035783344067)	(4, 0.00018934839151188215)	(5, 0.006602761652398213)	(6, 0.0)	(7, 0.0)	(8, 0.0)	(9, 0.0)	(10, 0.0)	(15, 8.551217681181775e-06)	(20, 2.64680547274674e-05)	(25, 6.433773302984383e-05)	(30, 0.001380818055089876)	(35, 6.881694229141524e-05)	(40, 0.0001864979856181549)	(45, 0.00017143155446559653)	(50, 0.0003624087493453228)	(55, 0.0005965492334729191)	(60, 0.0003729959712363098)	(65, 0.0005375051113885687)	(70, 0.0002968494137895959)	(75, 0.0018210021652497572)	(80, 0.0037051204610034747)	(85, 0.0007651303820447883)	(90, 0.0006034716477862567)	(95, 0.001003342874591995)	(100, 0.00104854216804967)	(105, 0.0036802812096438514)	(110, 0.0008864762329491774)	(115, 0.010642601205493662)	(120, 0.0014382333738063825)	(125, 0.0019012207311160812)	(130, 0.004411206720963913)	(135, 0.0016621938368849528)	(140, 0.0010232957158480857)	(145, 0.0020482202350640155)	(150, 0.0074619554289360015)
NG-29643_COLO_824_lib581290_7997_4_1	(1, 0.004177955696363526)	(2, 0.1398541056264696)	(3, 0.0)	(4, 0.0)	(5, 0.0)	(6, 0.0)	(7, 0.0)	(8, 0.0)	(9, 0.01718763994068628)	(10, 3.2122677146475932e-06)	(15, 0.00020197133255846745)	(20, 1.606133857323797e-05)	(25, 0.0)	(30, 0.00014816584833812025)	(35, 0.002441323463132171)	(40, 6.906375586492326e-05)	(45, 0.00026621668685141933)	(50, 0.0014174131290882507)	(55, 0.003736670419063813)	(60, 6.223768697129713e-05)	(65, 2.5698141717180746e-05)	(70, 0.0)	(75, 0.0012780810169654114)	(80, 0.0)	(85, 0.002164265372743816)	(90, 2.409200785985695e-06)	(95, 0.0)	(100, 1.3652137787252271e-05)	(105, 0.0)	(110, 0.0035190392813964386)	(115, 0.0005878449917805096)	(120, 8.030669286618984e-06)	(125, 2.4895074788518848e-05)	(130, 1.8470539359223663e-05)	(135, 0.0004995076296277008)	(140, 2.409200785985695e-06)	(145, 5.219935036302339e-06)	(150, 0.0012608150779991804)
NG-29643_COLO_824_lib581290_7997_4_2	(1, 0.06256092141008353)	(2, 0.008094914640911935)	(3, 0.00017265938966230815)	(4, 0.00019875906484381983)	(5, 0.006651401836642173)	(6, 0.0)	(7, 0.0)	(8, 0.0)	(9, 0.0)	(10, 0.0)	(15, 7.6291358222880345e-06)	(20, 3.493341139679258e-05)	(25, 7.42836909012256e-05)	(30, 0.0013696306468328676)	(35, 6.785915547193042e-05)	(40, 0.00018149312587758902)	(45, 0.00016181798612537252)	(50, 0.00035535711593289)	(55, 0.0006079216649970571)	(60, 0.00035736478325454476)	(65, 0.000513561300879284)	(70, 0.00028027035810300254)	(75, 0.001810915924132581)	(80, 0.003720207547026244)	(85, 0.000750064511370213)	(90, 0.000576200521314912)	(95, 0.0009737186510025518)	(100, 0.0010415778064744822)	(105, 0.0036298625175517803)	(110, 0.0008592816136682312)	(115, 0.010542662639473403)	(120, 0.0014435128042697622)	(125, 0.0018643198748885972)	(130, 0.004436543247392658)	(135, 0.0016579316742224891)	(140, 0.0009941968576834303)	(145, 0.0020173041247986885)	(150, 0.0075367831254919155)
NG-29643_DU_4475_lib581298_7997_4_1	(1, 0.004236840384845327)	(2, 0.141369039374511)	(3, 0.0)	(4, 0.0)	(5, 0.0)	(6, 0.0)	(7, 0.0)	(8, 0.0)	(9, 0.016776115018833592)	(10, 2.820530926668311e-06)	(15, 0.00018978143806582497)	(20, 1.5714386591437735e-05)	(25, 0.0)	(30, 0.00014465294323913195)	(35, 0.0024200155350814112)	(40, 6.809567522956352e-05)	(45, 0.0002683533710230136)	(50, 0.0014626467519722815)	(55, 0.0038032844881174554)	(60, 7.2527938114328e-05)	(65, 2.256424741334649e-05)	(70, 0.0)	(75, 0.0012744770458645526)	(80, 0.0)	(85, 0.002167376550649835)	(90, 3.6263969057164004e-06)	(95, 0.0)	(100, 1.6923185560009866e-05)	(105, 0.0)	(110, 0.00354863083873826)	(115, 0.0005588680564698498)	(120, 5.641061853336622e-06)	(125, 1.7729051539057956e-05)	(130, 1.893785050763009e-05)	(135, 0.0005137395616431567)	(140, 4.029329895240445e-06)	(145, 2.820530926668311e-06)	(150, 0.0013236348705864861)
NG-29643_DU_4475_lib581298_7997_4_2	(1, 0.06241029074737925)	(2, 0.007945838553414157)	(3, 0.00018534917518106046)	(4, 0.00018333451023344022)	(5, 0.006710848940522961)	(6, 0.0)	(7, 0.0)	(8, 0.0)	(9, 0.0)	(10, 0.0)	(15, 1.2490922675245378e-05)	(20, 3.304050514097164e-05)	(25, 6.446927832384712e-05)	(30, 0.0014001921385960545)	(35, 6.205168038670285e-05)	(40, 0.00016600839168390632)	(45, 0.00014384707726008386)	(50, 0.0003300021184201924)	(55, 0.0006108464121184514)	(60, 0.00032637572151447605)	(65, 0.0005105160977269644)	(70, 0.0002659357730858694)	(75, 0.0018317333703763063)	(80, 0.0037456650706155174)	(85, 0.0007385761697975736)	(90, 0.0005508093966793688)	(95, 0.0009706655717634231)	(100, 0.0010750252160501507)	(105, 0.0036924779159983436)	(110, 0.0008445475460423971)	(115, 0.010503657170912792)	(120, 0.0014811816694903874)	(125, 0.0018853234579830041)	(130, 0.004381090395094936)	(135, 0.0016770071023990733)	(140, 0.0009827535614491446)	(145, 0.0020279617362745157)	(150, 0.007695012767435439)
NG-29643_EFM_192A_lib581292_7997_4_1	(1, 0.004127938656048691)	(2, 0.14301104329881048)	(3, 0.0)	(4, 0.0)	(5, 0.0)	(6, 0.0)	(7, 0.0)	(8, 0.0)	(9, 0.01697750051188565)	(10, 3.865111101169186e-06)	(15, 0.0001890039328471732)	(20, 1.66199777350275e-05)	(25, 0.0)	(30, 0.00014378213296349374)	(35, 0.0023542391717221514)	(40, 7.189106648174687e-05)	(45, 0.0002485266438051787)	(50, 0.0014115385741469868)	(55, 0.0036498244128340624)	(60, 6.995851093116227e-05)	(65, 2.5509733267716633e-05)	(70, 0.0)	(75, 0.0012503634412282317)	(80, 0.0)	(85, 0.0020608772391434104)	(90, 1.5460444404676748e-06)	(95, 0.0)	(100, 1.700648884514442e-05)	(105, 0.0)	(110, 0.00338545081351409)	(115, 0.0005538704207975444)	(120, 1.0822311083273721e-05)	(125, 2.0485088836196687e-05)	(130, 2.0485088836196687e-05)	(135, 0.0004985993320508251)	(140, 2.7055777708184304e-06)	(145, 2.7055777708184304e-06)	(150, 0.0012204088301941704)
NG-29643_EFM_192A_lib581292_7997_4_2	(1, 0.06284863906056155)	(2, 0.007871298757531049)	(3, 0.00015460444404676745)	(4, 0.00018166022175495177)	(5, 0.006416084427940849)	(6, 0.0)	(7, 0.0)	(8, 0.0)	(9, 0.0)	(10, 0.0)	(15, 8.50324442257221e-06)	(20, 3.7878088791458024e-05)	(25, 6.957199982104536e-05)	(30, 0.0013574270187306182)	(35, 8.580546644595594e-05)	(40, 0.00020059926615068077)	(45, 0.00018166022175495177)	(50, 0.00035752277685814973)	(55, 0.0006091415095442638)	(60, 0.00034901953243557756)	(65, 0.000517924887556671)	(70, 0.00029838657701026117)	(75, 0.0017555334621510445)	(80, 0.0036424807017418417)	(85, 0.0007247083314692225)	(90, 0.0005600545985594152)	(95, 0.0009624126641911274)	(100, 0.0010095670196253916)	(105, 0.0035416013020013255)	(110, 0.0008557355977988579)	(115, 0.010523924506263462)	(120, 0.0014092195074862854)	(125, 0.0018452040396981697)	(130, 0.004351728588806387)	(135, 0.0016040211069852123)	(140, 0.0009894684418993117)	(145, 0.0019627034171737128)	(150, 0.0073755982588061)
NG-29643_EFM_192B_lib581293_7997_4_1	(1, 0.0043074620398415005)	(2, 0.14163239417737242)	(3, 0.0)	(4, 0.0)	(5, 0.0)	(6, 0.0)	(7, 0.0)	(8, 0.0)	(9, 0.016693734236233278)	(10, 3.710130955935832e-06)	(15, 0.00018958769184832102)	(20, 1.9292680970866326e-05)	(25, 0.0)	(30, 0.00016064867039202152)	(35, 0.002466866072601735)	(40, 7.494464530990381e-05)	(45, 0.0002890192014674013)	(50, 0.0015059421550143541)	(55, 0.0038032552429298214)	(60, 7.531565840549739e-05)	(65, 2.4857877404770074e-05)	(70, 0.0)	(75, 0.0012851893631361721)	(80, 0.0)	(85, 0.002311782598643617)	(90, 1.855065477967916e-06)	(95, 0.0)	(100, 1.8921667875272743e-05)	(105, 0.0)	(110, 0.0036188617344198107)	(115, 0.0006333193541782465)	(120, 8.533301198652414e-06)	(125, 1.9292680970866326e-05)	(130, 2.2631798831208576e-05)	(135, 0.0005097719933455833)	(140, 4.4521571471229985e-06)	(145, 6.678235720684497e-06)	(150, 0.0013217341530521402)
NG-29643_EFM_192B_lib581293_7997_4_2	(1, 0.0627976765601699)	(2, 0.008010172733865461)	(3, 0.0002077673335324066)	(4, 0.0002003470716205349)	(5, 0.00679139471484054)	(6, 0.0)	(7, 0.0)	(8, 0.0)	(9, 0.0)	(10, 0.0)	(15, 1.4469510728149745e-05)	(20, 3.821434884613907e-05)	(25, 6.566931792006423e-05)	(30, 0.0014165279989763007)	(35, 7.271856673634231e-05)	(40, 0.0001747471680245777)	(45, 0.00015174435609777552)	(50, 0.0003279755765047275)	(55, 0.0005951050053321074)	(60, 0.0003246364586443853)	(65, 0.0004882532338011555)	(70, 0.00026564537644500555)	(75, 0.0018276105088939909)	(80, 0.003762814815510121)	(85, 0.0007193943923559578)	(90, 0.000542050132662225)	(95, 0.0009279037520795515)	(100, 0.0010866973569936052)	(105, 0.0036967744844944627)	(110, 0.0008551851853432093)	(115, 0.010675901825705356)	(120, 0.0014454670204326)	(125, 0.0019062652851598305)	(130, 0.004448818029262657)	(135, 0.001671413995649092)	(140, 0.0010239961438382897)	(145, 0.0020424270912426756)	(150, 0.007615971319797279)
NG-29643_EFM_192C_lib581294_7997_4_1	(1, 0.00418431798404509)	(2, 0.14000540234990844)	(3, 0.0)	(4, 0.0)	(5, 0.0)	(6, 0.0)	(7, 0.0)	(8, 0.0)	(9, 0.017272045410687824)	(10, 0.0)	(15, 0.00019797996715808174)	(20, 1.3653790838488398e-05)	(25, 0.0)	(30, 0.00014052026404610975)	(35, 0.0024224100579284835)	(40, 7.452694166008251e-05)	(45, 0.0002713690929149569)	(50, 0.0014706270548955212)	(55, 0.0037781177066000603)	(60, 7.11134939504604e-05)	(65, 2.8445397580184164e-05)	(70, 0.0)	(75, 0.0012527353094313105)	(80, 0.0)	(85, 0.002176641822835692)	(90, 2.275631806414733e-06)	(95, 0.0)	(100, 1.3653790838488398e-05)	(105, 0.0)	(110, 0.0035181267727171775)	(115, 0.0005660634118456648)	(120, 5.120171564433149e-06)	(125, 2.5600857822165747e-05)	(130, 1.763614649971418e-05)	(135, 0.0004710557839278497)	(140, 2.275631806414733e-06)	(145, 3.4134477096220995e-06)	(150, 0.00131133282844649)
NG-29643_EFM_192C_lib581294_7997_4_2	(1, 0.06280743785704662)	(2, 0.007822484334550643)	(3, 0.0001763614649971418)	(4, 0.00019911778306128914)	(5, 0.00662777763618291)	(6, 0.0)	(7, 0.0)	(8, 0.0)	(9, 0.0)	(10, 0.0)	(15, 1.2515974935281033e-05)	(20, 2.787648962858048e-05)	(25, 5.575297925716096e-05)	(30, 0.0013778950587841209)	(35, 6.030424286999042e-05)	(40, 0.0001536051469329945)	(45, 0.00015019169922337236)	(50, 0.0003055035700111779)	(55, 0.0005882508219582084)	(60, 0.00030777920181759264)	(65, 0.0004727625077826608)	(70, 0.00024975059075401697)	(75, 0.0017681659135842477)	(80, 0.003746258861310254)	(85, 0.0006701735669891389)	(90, 0.0004943810099436007)	(95, 0.0008857896806469349)	(100, 0.0010490662627571918)	(105, 0.0036455621538764023)	(110, 0.0008436904922282622)	(115, 0.010511712221781254)	(120, 0.0014433194732185444)	(125, 0.0018455373950023485)	(130, 0.004384004675057983)	(135, 0.0016128540427964419)	(140, 0.0009734015051939019)	(145, 0.0019854887510968545)	(150, 0.007555097597296913)
NG-29643_EFM_19_lib581291_7997_4_1	(1, 0.004192985413207508)	(2, 0.14079281983102823)	(3, 0.0)	(4, 0.0)	(5, 0.0)	(6, 0.0)	(7, 0.0)	(8, 0.0)	(9, 0.016883063174381468)	(10, 5.185671005733667e-06)	(15, 0.0001903882069247932)	(20, 1.5186607945362883e-05)	(25, 0.0)	(30, 0.0001518660794536288)	(35, 0.002503938285625685)	(40, 7.334020422394757e-05)	(45, 0.0002841006900998373)	(50, 0.0014916212242921053)	(55, 0.003837396544242913)	(60, 6.556169771534706e-05)	(65, 2.5928355028668332e-05)	(70, 0.0)	(75, 0.0013449408158442103)	(80, 0.0)	(85, 0.002192057215137989)	(90, 1.8520253591905953e-06)	(95, 0.0)	(100, 1.6297823160877237e-05)	(105, 0.0)	(110, 0.003571445702663144)	(115, 0.0005926481149409905)	(120, 6.2968862212480245e-06)	(125, 2.2224304310287143e-05)	(130, 1.1852962298819811e-05)	(135, 0.0005081957585618993)	(140, 3.3336456465430717e-06)	(145, 2.9632405747049528e-06)	(150, 0.0012991957894722026)
NG-29643_EFM_19_lib581291_7997_4_2	(1, 0.06250029979660503)	(2, 0.00818410006226324)	(3, 0.000164830256967963)	(4, 0.00017964645984148774)	(5, 0.006680255470600477)	(6, 0.0)	(7, 0.0)	(8, 0.0)	(9, 0.0)	(10, 0.0)	(15, 9.630531867791096e-06)	(20, 3.1484431106240115e-05)	(25, 6.667291293086143e-05)	(30, 0.0014008719816917662)	(35, 6.40800774279946e-05)	(40, 0.0001770536243386209)	(45, 0.0001474212185915714)	(50, 0.0003415134762347458)	(55, 0.0006126499888202489)	(60, 0.0003455879320249651)	(65, 0.0005311608730158628)	(70, 0.0002803966393814561)	(75, 0.0018468396881848616)	(80, 0.0036947905915852373)	(85, 0.0007385877132452094)	(90, 0.0005589412534037216)	(95, 0.0009819438454428536)	(100, 0.0010589881003851824)	(105, 0.0037073843640277335)	(110, 0.0008745263746097991)	(115, 0.010583213712558737)	(120, 0.001502733376447249)	(125, 0.0019024004489605797)	(130, 0.004395967392574797)	(135, 0.0016675636334152122)	(140, 0.0010004640990347595)	(145, 0.0020268565530981875)	(150, 0.0075099628315178635)
NG-29643_ETCC_006_lib581311_8005_3_1	(1, 0.0037568061971758335)	(2, 0.175340586775237)	(3, 0.002217484460224131)	(4, 0.0397424884812985)	(5, 0.0)	(6, 0.0)	(7, 0.0003336991178007187)	(8, 3.659925808136915e-05)	(9, 0.0)	(10, 0.0)	(15, 0.0007418884902846947)	(20, 0.0)	(25, 0.0)	(30, 0.0)	(35, 0.0001390771807092028)	(40, 2.454303188985931e-05)	(45, 6.458692602594556e-06)	(50, 0.0)	(55, 5.210012032759609e-05)	(60, 4.736374575236008e-06)	(65, 4.951664328655826e-05)	(70, 7.621257271061576e-05)	(75, 5.166954082075645e-06)	(80, 0.00016189789457170354)	(85, 0.0023440748352349843)	(90, 0.0001463970323254766)	(95, 0.0006807462003134662)	(100, 8.611590136792741e-07)	(105, 1.6362021259906206e-05)	(110, 2.6695929424057496e-05)	(115, 0.00018730208547524212)	(120, 0.0)	(125, 2.8418247451416045e-05)	(130, 0.0)	(135, 0.0)	(140, 0.0001128118307919849)	(145, 0.0)	(150, 0.0)
NG-29643_ETCC_006_lib581311_8005_3_2	(1, 0.0017050948470849628)	(2, 0.059734294983862846)	(3, 0.0010979777424410745)	(4, 9.257459397052198e-05)	(5, 0.0)	(6, 0.0)	(7, 0.0)	(8, 0.0)	(9, 0.0)	(10, 0.0)	(15, 0.0003014056547877459)	(20, 0.0)	(25, 3.961331462924661e-05)	(30, 3.875215561556733e-06)	(35, 0.0)	(40, 0.0)	(45, 0.0)	(50, 0.0)	(55, 0.0)	(60, 0.0)	(65, 0.0)	(70, 0.0)	(75, 0.0)	(80, 0.0)	(85, 1.0764487670990926e-05)	(90, 0.0004512473231679396)	(95, 0.0)	(100, 0.0)	(105, 0.0)	(110, 0.0)	(115, 0.0)	(120, 0.0)	(125, 0.0)	(130, 0.0)	(135, 0.0)	(140, 8.611590136792741e-07)	(145, 0.0)	(150, 0.0)
NG-29643_ETCC_007_lib581312_7997_4_1	(1, 0.00418327207661611)	(2, 0.1415377910787918)	(3, 0.0)	(4, 0.0)	(5, 0.0)	(6, 0.0)	(7, 0.0)	(8, 0.0)	(9, 0.017201398635816514)	(10, 3.602387148862097e-06)	(15, 0.00018822472852804458)	(20, 1.8462234137918245e-05)	(25, 0.0)	(30, 0.00014769787310334596)	(35, 0.0023978389459613334)	(40, 7.249804137084971e-05)	(45, 0.00027423172170712716)	(50, 0.0014450075450873087)	(55, 0.003676686383807378)	(60, 6.754475904116432e-05)	(65, 2.0713726105957058e-05)	(70, 0.0)	(75, 0.0012765959458780056)	(80, 0.0)	(85, 0.002190701684901763)	(90, 9.005967872155242e-07)	(95, 0.0)	(100, 1.4409548595448388e-05)	(105, 0.0)	(110, 0.003478104792226355)	(115, 0.0005916920892005995)	(120, 7.204774297724194e-06)	(125, 1.485984698905615e-05)	(130, 1.485984698905615e-05)	(135, 0.0005092874831703789)	(140, 1.3508951808232863e-06)	(145, 2.7017903616465726e-06)	(150, 0.0012180571547089965)
NG-29643_ETCC_007_lib581312_7997_4_2	(1, 0.06225825590020919)	(2, 0.007862209952391527)	(3, 0.00017336488153898842)	(4, 0.00015760443776271675)	(5, 0.006482045375983735)	(6, 0.0)	(7, 0.0)	(8, 0.0)	(9, 0.0)	(10, 0.0)	(15, 9.906564659370767e-06)	(20, 2.6117306829250203e-05)	(25, 4.773162972242278e-05)	(30, 0.0013671059229931658)	(35, 6.214117831787117e-05)	(40, 0.00018147025262392813)	(45, 0.00014364518756087612)	(50, 0.00033096931930170516)	(55, 0.0005840370165092675)	(60, 0.00034537886789715353)	(65, 0.0004971294265429694)	(70, 0.00025847127793085544)	(75, 0.0017759768643890138)	(80, 0.003634358334808248)	(85, 0.0007299336960381825)	(90, 0.0005790837341795821)	(95, 0.0009550828928420635)	(100, 0.0010118204904366415)	(105, 0.0035816734227561405)	(110, 0.0008389059072912608)	(115, 0.010520771668251754)	(120, 0.0014238435205877439)	(125, 0.0018250593892922599)	(130, 0.004345829796708512)	(135, 0.0016143197410838275)	(140, 0.0009712936350119429)	(145, 0.001985815915810231)	(150, 0.007505348475457375)
NG-29643_EVSA_T_lib581299_7997_4_1	(1, 0.004356875689900237)	(2, 0.14246483238410215)	(3, 0.0)	(4, 0.0)	(5, 0.0)	(6, 0.0)	(7, 0.0)	(8, 0.0)	(9, 0.01684537323109653)	(10, 2.2739434707203743e-06)	(15, 0.00020374533497654552)	(20, 2.2739434707203743e-05)	(25, 0.0)	(30, 0.00015735688817384989)	(35, 0.0025022473951806998)	(40, 7.549492322791642e-05)	(45, 0.0003151685650418439)	(50, 0.0015390049409835494)	(55, 0.003922097698298501)	(60, 7.549492322791642e-05)	(65, 2.0465491236483367e-05)	(70, 0.0)	(75, 0.0013502676329137581)	(80, 0.0)	(85, 0.0022402891073537126)	(90, 1.8191547765762993e-06)	(95, 0.0)	(100, 1.7281970377474845e-05)	(105, 0.0)	(110, 0.003621027582775124)	(115, 0.0006285179753071114)	(120, 7.276619106305197e-06)	(125, 2.3649012095491892e-05)	(130, 1.6827181683330767e-05)	(135, 0.0005107277035237961)	(140, 3.1835208590085238e-06)	(145, 5.912253023872973e-06)	(150, 0.0012324773611304427)
NG-29643_EVSA_T_lib581299_7997_4_2	(1, 0.06406835728754655)	(2, 0.008413590841665384)	(3, 0.00020238096889411327)	(4, 0.0001841894211283503)	(5, 0.006689941690859341)	(6, 0.0)	(7, 0.0)	(8, 0.0)	(9, 0.0)	(10, 0.0)	(15, 5.4574643297288985e-06)	(20, 3.729267291981414e-05)	(25, 6.0486896321161955e-05)	(30, 0.0013948369249398775)	(35, 6.32156284860264e-05)	(40, 0.0001773675907161892)	(45, 0.00016054040903285842)	(50, 0.00034063673191391203)	(55, 0.0005830391058927039)	(60, 0.0003365436336666154)	(65, 0.0004898074235931686)	(70, 0.00027196363909815673)	(75, 0.0018255218182943163)	(80, 0.0037488232058296087)	(85, 0.0007094703628647568)	(90, 0.0005625736146562205)	(95, 0.0009696094959151675)	(100, 0.001057383713884974)	(105, 0.0036960677173088962)	(110, 0.000881380489251217)	(115, 0.010643874597747929)	(120, 0.0014043874875169031)	(125, 0.0019042002623812413)	(130, 0.0044914931433668835)	(135, 0.0016567952127668644)	(140, 0.0010200910409651597)	(145, 0.002047003912342481)	(150, 0.0075563141532038035)
NG-29643_HCC_1143_lib581306_7997_4_1	(1, 0.00411681375228556)	(2, 0.14140708759399268)	(3, 0.0)	(4, 0.0)	(5, 0.0)	(6, 0.0)	(7, 0.0)	(8, 0.0)	(9, 0.017021021106794813)	(10, 3.8860778782636555e-06)	(15, 0.00018993205630013618)	(20, 1.4087032308705752e-05)	(25, 0.0)	(30, 0.00015252855672184847)	(35, 0.00249534775758005)	(40, 6.703484340004807e-05)	(45, 0.00028951280193064235)	(50, 0.001489339346844546)	(55, 0.0038059275220244677)	(60, 6.752060313483102e-05)	(65, 1.9430389391318277e-05)	(70, 0.0)	(75, 0.001330010153835736)	(80, 0.0)	(85, 0.0022408096565537804)	(90, 0.0)	(95, 0.0)	(100, 1.748735045218645e-05)	(105, 0.0)	(110, 0.003584906842698222)	(115, 0.0005901980777612927)	(120, 8.257915491310269e-06)	(125, 2.2830707534798975e-05)	(130, 1.603007124783758e-05)	(135, 0.000508104682582973)	(140, 2.4287986739147847e-06)	(145, 6.31487655217844e-06)	(150, 0.0012933352938596229)
NG-29643_HCC_1143_lib581306_7997_4_2	(1, 0.06267272098169711)	(2, 0.008068469194744916)	(3, 0.00018215990054360888)	(4, 0.00017730230319577928)	(5, 0.006773919501548335)	(6, 0.0)	(7, 0.0)	(8, 0.0)	(9, 0.0)	(10, 0.0)	(15, 9.715194695659139e-06)	(20, 3.0602863291326286e-05)	(25, 6.509180446091623e-05)	(30, 0.0014077317114010092)	(35, 6.0719966847869614e-05)	(40, 0.00016515830982620537)	(45, 0.00015738615406967808)	(50, 0.0003424606130219847)	(55, 0.0006130287852960917)	(60, 0.000338574535143721)	(65, 0.0005178198772786321)	(70, 0.0002676536138654093)	(75, 0.0018303426806621818)	(80, 0.003713633172415706)	(85, 0.0007194101672135593)	(90, 0.0005387075458742992)	(95, 0.0009448026841528514)	(100, 0.0010633280594398928)	(105, 0.003732577802072241)	(110, 0.0008602804903006168)	(115, 0.010551187199220607)	(120, 0.0014946827039271585)	(125, 0.001883290491753524)	(130, 0.004439843975916227)	(135, 0.0016651843708359766)	(140, 0.0010045511315311551)	(145, 0.0020091022630623102)	(150, 0.0076543590208424436)
NG-29643_HCC_1599_lib581304_7997_4_1	(1, 0.004075847565562552)	(2, 0.14074523557576565)	(3, 0.0)	(4, 0.0)	(5, 0.0)	(6, 0.0)	(7, 0.0)	(8, 0.0)	(9, 0.016712002975317324)	(10, 4.62580429887301e-06)	(15, 0.0002071332369384248)	(20, 1.747526068463137e-05)	(25, 0.0)	(30, 0.00015522143313996103)	(35, 0.0024151838222671415)	(40, 7.195695576024682e-05)	(45, 0.00027343643188893797)	(50, 0.0015110960709651833)	(55, 0.003784421894733553)	(60, 7.247093401567717e-05)	(65, 2.210106498350438e-05)	(70, 0.0)	(75, 0.0012808338125323935)	(80, 0.0)	(85, 0.0021628204988508475)	(90, 2.0559130217213377e-06)	(95, 0.0)	(100, 1.4905369407479699e-05)	(105, 0.0)	(110, 0.0035012198759914385)	(115, 0.0005910749937448846)	(120, 9.25160859774602e-06)	(125, 3.238063009211107e-05)	(130, 2.9296760559529065e-05)	(135, 0.00048725138614795705)	(140, 4.62580429887301e-06)	(145, 3.597847788012341e-06)	(150, 0.001230977921755651)
NG-29643_HCC_1599_lib581304_7997_4_2	(1, 0.06264880955440347)	(2, 0.007971802741724487)	(3, 0.0001953117370635271)	(4, 0.00018503217195492042)	(5, 0.006527523843965248)	(6, 0.0)	(7, 0.0)	(8, 0.0)	(9, 0.0)	(10, 0.0)	(15, 5.653760809733679e-06)	(20, 3.0324717070389733e-05)	(25, 7.092899924938615e-05)	(30, 0.0013640982899121078)	(35, 7.555480354825917e-05)	(40, 0.0001757805633571744)	(45, 0.00015059562884108798)	(50, 0.00033048801824170506)	(55, 0.0006003266023426306)	(60, 0.0003459073659046151)	(65, 0.0005119223424086131)	(70, 0.00027652030142151995)	(75, 0.001810231415625638)	(80, 0.003682654200158346)	(85, 0.000745268470373985)	(90, 0.0005622922114407858)	(95, 0.0009652511636981682)	(100, 0.001046459728056161)	(105, 0.0036811122653920554)	(110, 0.0008578297083132281)	(115, 0.01061879075719071)	(120, 0.0014540444846124162)	(125, 0.0018760206323207207)	(130, 0.004356479693027515)	(135, 0.0016786529822354723)	(140, 0.0009976317937902793)	(145, 0.002021990456862936)	(150, 0.00749894274672858)
NG-29643_HCC_1937_lib581305_7997_4_1	(1, 0.004302715943287164)	(2, 0.14232090407700848)	(3, 0.0)	(4, 0.0)	(5, 0.0)	(6, 0.0)	(7, 0.0)	(8, 0.0)	(9, 0.016649639954459027)	(10, 2.3384325778734585e-06)	(15, 0.00021903318479414728)	(20, 1.558955051915639e-05)	(25, 0.0)	(30, 0.00014888020745794354)	(35, 0.0024604208106858575)	(40, 7.444010372897177e-05)	(45, 0.00027437608913715247)	(50, 0.0014638587937487852)	(55, 0.0038178809221413998)	(60, 7.521958125492958e-05)	(65, 2.2604848252776765e-05)	(70, 0.0)	(75, 0.0013212144064985042)	(80, 0.0)	(85, 0.002237490238261921)	(90, 1.5589550519156391e-06)	(95, 0.0)	(100, 1.714850557107203e-05)	(105, 0.0)	(110, 0.003576632627857455)	(115, 0.0006153975067436985)	(120, 5.456342681704736e-06)	(125, 2.2215109489797857e-05)	(130, 2.026641567490331e-05)	(135, 0.00048015815599001686)	(140, 3.1179101038312783e-06)	(145, 3.507648866810188e-06)	(150, 0.0012685996734963514)
NG-29643_HCC_1937_lib581305_7997_4_2	(1, 0.06314157699021317)	(2, 0.008176719247297527)	(3, 0.0001753824433405094)	(4, 0.00019097199385966577)	(5, 0.006687917172718091)	(6, 0.0)	(7, 0.0)	(8, 0.0)	(9, 0.0)	(10, 0.0)	(15, 7.794775259578195e-06)	(20, 2.2215109489797857e-05)	(25, 5.7681336920878646e-05)	(30, 0.001403449285487054)	(35, 5.690185939492083e-05)	(40, 0.0001605723703473108)	(45, 0.00014147517096134424)	(50, 0.0003266010833763264)	(55, 0.0005803210180755966)	(60, 0.00033751376873973583)	(65, 0.0004957477065091733)	(70, 0.00024943280830650225)	(75, 0.001813064725377888)	(80, 0.0037640969728503105)	(85, 0.0007151706300662995)	(90, 0.0005362805378589799)	(95, 0.0009135476604225645)	(100, 0.0010472280561243305)	(105, 0.0036764057511800563)	(110, 0.0008422254667974241)	(115, 0.010612586515915713)	(120, 0.0014311207376585566)	(125, 0.0018680178909579145)	(130, 0.004456662754663833)	(135, 0.0016135184787326865)	(140, 0.0009911056742553674)	(145, 0.0020145596658379845)	(150, 0.0075511885327163766)
NG-29643_HDQ_P1_lib581303_8005_3_1	(1, 0.00391560422412853)	(2, 0.18169247177168038)	(3, 0.0023948219731055403)	(4, 0.04033002052751414)	(5, 0.0)	(6, 0.0)	(7, 0.00027884913385475466)	(8, 3.046251042110765e-05)	(9, 0.0)	(10, 0.0)	(15, 0.0007803089207868344)	(20, 0.0)	(25, 0.0)	(30, 0.0)	(35, 0.00014996928207314537)	(40, 2.1558084298014647e-05)	(45, 4.686540064785793e-06)	(50, 0.0)	(55, 4.452213061546503e-05)	(60, 3.7492320518286345e-06)	(65, 4.8740016673772244e-05)	(70, 8.623233719205859e-05)	(75, 4.217886058307214e-06)	(80, 0.00018558698656551739)	(85, 0.002407006977273983)	(90, 0.00013919023992413804)	(95, 0.0006697065752578898)	(100, 9.373080129571586e-07)	(105, 1.265365817492164e-05)	(110, 2.0152122278578907e-05)	(115, 0.00020292718480522482)	(120, 0.0)	(125, 2.8587894395193337e-05)	(130, 0.0)	(135, 0.0)	(140, 0.00012372465771034492)	(145, 4.686540064785793e-07)	(150, 0.0)
NG-29643_HDQ_P1_lib581303_8005_3_2	(1, 0.0017621390643594579)	(2, 0.05982602719702304)	(3, 0.0009162185826656223)	(4, 7.029810097178689e-05)	(5, 0.0)	(6, 0.0)	(7, 0.0)	(8, 0.0)	(9, 0.0)	(10, 0.0)	(15, 0.0003308697285738769)	(20, 0.0)	(25, 3.5149050485893445e-05)	(30, 4.686540064785793e-06)	(35, 0.0)	(40, 0.0)	(45, 0.0)	(50, 0.0)	(55, 0.0)	(60, 0.0)	(65, 0.0)	(70, 0.0)	(75, 0.0)	(80, 0.0)	(85, 9.841734136050165e-06)	(90, 0.0004536570782712647)	(95, 0.0)	(100, 0.0)	(105, 0.0)	(110, 0.0)	(115, 0.0)	(120, 0.0)	(125, 0.0)	(130, 0.0)	(135, 0.0)	(140, 1.4059620194357376e-06)	(145, 0.0)	(150, 0.0)
NG-29643_IPH_926_lib581313_7997_4_1	(1, 0.0041386362734533045)	(2, 0.14082938514608107)	(3, 0.0)	(4, 0.0)	(5, 0.0)	(6, 0.0)	(7, 0.0)	(8, 0.0)	(9, 0.0167616799809046)	(10, 2.4368810246044975e-06)	(15, 0.00020713488709138227)	(20, 1.5027432985061068e-05)	(25, 0.0)	(30, 0.00013118542849120877)	(35, 0.0024202290042697)	(40, 6.498349398945325e-05)	(45, 0.0002765859962926104)	(50, 0.0014491319159648077)	(55, 0.0037353324638812603)	(60, 6.701422817662367e-05)	(65, 2.558725075834722e-05)	(70, 0.0)	(75, 0.0012753010695430204)	(80, 0.0)	(85, 0.002159888881474453)	(90, 2.4368810246044975e-06)	(95, 0.0)	(100, 1.5433579822495148e-05)	(105, 0.0)	(110, 0.003494487389282849)	(115, 0.0005673871318954138)	(120, 6.498349398945326e-06)	(125, 1.990119503427006e-05)	(130, 1.949504819683598e-05)	(135, 0.0005101204278172081)	(140, 2.030734187170414e-06)	(145, 2.84302786203858e-06)	(150, 0.0012255480819573451)
NG-29643_IPH_926_lib581313_7997_4_2	(1, 0.06311928000563083)	(2, 0.008157459229863554)	(3, 0.00017667387428382605)	(4, 0.00017870460847099648)	(5, 0.006719699425346901)	(6, 0.0)	(7, 0.0)	(8, 0.0)	(9, 0.0)	(10, 0.0)	(15, 8.935230423549824e-06)	(20, 3.289789383216071e-05)	(25, 6.945110920122818e-05)	(30, 0.0014129848474331744)	(35, 7.148184338839859e-05)	(40, 0.00017708002112126013)	(45, 0.0001758615806089579)	(50, 0.00036350141950350416)	(55, 0.0006055649346142176)	(60, 0.00035781536377942703)	(65, 0.0005495166710483141)	(70, 0.00029973636602635315)	(75, 0.0018463435229753406)	(80, 0.003759295127289871)	(85, 0.0007335011884059537)	(90, 0.0005816022712056067)	(95, 0.0009775954377038375)	(100, 0.0010580125115157858)	(105, 0.00370446530423627)	(110, 0.0008849939587688665)	(115, 0.01057728208729582)	(120, 0.0015035555921809748)	(125, 0.0019105147232899257)	(130, 0.004447307869903207)	(135, 0.0016932261652626917)	(140, 0.0010015581011124483)	(145, 0.002043730885968305)	(150, 0.007670083024942655)
NG-29643_JIMT_1_B_lib581287_7997_4_1	(1, 0.004093317383635414)	(2, 0.1403611735098208)	(3, 0.0)	(4, 0.0)	(5, 0.0)	(6, 0.0)	(7, 0.0)	(8, 0.0)	(9, 0.016841890942788342)	(10, 3.1068822646189103e-06)	(15, 0.00021385706254793498)	(20, 1.2427529058475641e-05)	(25, 0.0)	(30, 0.00014188095675093023)	(35, 0.0024156009607412027)	(40, 7.249391950777457e-05)	(45, 0.0002734056392864641)	(50, 0.001436415233675476)	(55, 0.0037168668159057562)	(60, 5.851294931698948e-05)	(65, 3.0033195224649467e-05)	(70, 0.0)	(75, 0.0012779642381799117)	(80, 0.0)	(85, 0.002152033781959365)	(90, 5.178137107698184e-07)	(95, 0.0)	(100, 1.2945342769245459e-05)	(105, 0.0)	(110, 0.0034693518621577834)	(115, 0.0006079132964437667)	(120, 7.249391950777457e-06)	(125, 1.657003874463419e-05)	(130, 1.3463156480015279e-05)	(135, 0.0005033149268682635)	(140, 1.5534411323094552e-06)	(145, 3.1068822646189103e-06)	(150, 0.0012388693030167906)
NG-29643_JIMT_1_B_lib581287_7997_4_2	(1, 0.06235771611945538)	(2, 0.007976920214409051)	(3, 0.0002200708270771728)	(4, 0.0002226598956310219)	(5, 0.006537398098468957)	(6, 0.0)	(7, 0.0)	(8, 0.0)	(9, 0.0)	(10, 0.0)	(15, 6.213764529237821e-06)	(20, 2.6926312960030557e-05)	(25, 5.695950818468002e-05)	(30, 0.0013716885198292487)	(35, 5.64416944739102e-05)	(40, 0.00017864573021558733)	(45, 0.0001439522115940095)	(50, 0.00033398984344653286)	(55, 0.0005980748359391402)	(60, 0.00035004206848039725)	(65, 0.0005209205930344372)	(70, 0.0002583890416741394)	(75, 0.0018035451546112773)	(80, 0.00370495710055805)	(85, 0.0007321885870285232)	(90, 0.0005556141116560151)	(95, 0.0009765966585118773)	(100, 0.0010252711473242404)	(105, 0.0036448907101087518)	(110, 0.000860606387299438)	(115, 0.01049349484875037)	(120, 0.001447807135312412)	(125, 0.0018796637700944406)	(130, 0.004367240836632648)	(135, 0.0016305953752141582)	(140, 0.0009817747956195756)	(145, 0.0020080815703653557)	(150, 0.00763775223385482)
NG-29643_KPL_1_lib581296_7997_4_1	(1, 0.004080331550532234)	(2, 0.14215236702832112)	(3, 0.0)	(4, 0.0)	(5, 0.0)	(6, 0.0)	(7, 0.0)	(8, 0.0)	(9, 0.01693430117995833)	(10, 4.163603622992076e-06)	(15, 0.00019892772865406588)	(20, 1.7117037116745203e-05)	(25, 0.0)	(30, 0.00014850186255338404)	(35, 0.0024172032144592886)	(40, 7.07812615908653e-05)	(45, 0.000266008009246716)	(50, 0.0014942710780293785)	(55, 0.0037139344317089315)	(60, 7.679535571296496e-05)	(65, 2.7757357486613844e-05)	(70, 0.0)	(75, 0.0013036705566212966)	(80, 0.0)	(85, 0.0021479568468391343)	(90, 2.313113123884487e-06)	(95, 0.0)	(100, 1.6654414491968306e-05)	(105, 0.0)	(110, 0.003468744440577176)	(115, 0.0005935448275887593)	(120, 1.064032036986864e-05)	(125, 3.053309323527523e-05)	(130, 2.2205885989291073e-05)	(135, 0.0004737255677715429)	(140, 4.626226247768974e-06)	(145, 3.700980998215179e-06)	(150, 0.001250237643459565)
NG-29643_KPL_1_lib581296_7997_4_2	(1, 0.06306008998333887)	(2, 0.00797561405115371)	(3, 0.00017117037116745203)	(4, 0.00016885725804356754)	(5, 0.00655767570621252)	(6, 0.0)	(7, 0.0)	(8, 0.0)	(9, 0.0)	(10, 0.0)	(15, 9.715075120314845e-06)	(20, 4.487439460335904e-05)	(25, 8.60478082085029e-05)	(30, 0.0014068354019465448)	(35, 8.69730534580567e-05)	(40, 0.00019800248340451208)	(45, 0.00016885725804356754)	(50, 0.0003418781197101271)	(55, 0.00058151663934456)	(60, 0.0003502053269561113)	(65, 0.0005236888112474478)	(70, 0.0002831250463634612)	(75, 0.0017871111995131543)	(80, 0.003722261638954916)	(85, 0.0007272427661492826)	(90, 0.0005685632058508069)	(95, 0.000937273437797994)	(100, 0.0010404382831232422)	(105, 0.0035931899266421615)	(110, 0.0008822213454495432)	(115, 0.01054178175079116)	(120, 0.0014063727793217678)	(125, 0.0018847245733410796)	(130, 0.004338012352532966)	(135, 0.0016168660735952562)	(140, 0.0010062042088897518)	(145, 0.0020110205499051727)	(150, 0.007383457091439281)
NG-29643_MCF_7_lib581315_7997_4_1	(1, 0.004125637746570492)	(2, 0.14169317715825674)	(3, 0.0)	(4, 0.0)	(5, 0.0)	(6, 0.0)	(7, 0.0)	(8, 0.0)	(9, 0.016806684538112487)	(10, 3.966959371702396e-06)	(15, 0.0001987887418486423)	(20, 1.8071703804422026e-05)	(25, 0.0)	(30, 0.0001529483224423035)	(35, 0.00239295804766359)	(40, 6.611598952837326e-05)	(45, 0.0002763648362286003)	(50, 0.0014964252296588484)	(55, 0.003793294705874536)	(60, 6.47936697378058e-05)	(65, 2.1597889912601936e-05)	(70, 0.0)	(75, 0.0012663415861001095)	(80, 0.0)	(85, 0.0021884392533891555)	(90, 1.763093054089954e-06)	(95, 0.0)	(100, 1.763093054089954e-05)	(105, 0.0)	(110, 0.0035257453349163853)	(115, 0.0005941623592283145)	(120, 5.73005242579235e-06)	(125, 2.2038663176124423e-05)	(130, 1.8953250331467005e-05)	(135, 0.0004976330145168895)	(140, 1.3223197905674653e-06)	(145, 4.407732635224885e-06)	(150, 0.0013157081916146279)
NG-29643_MCF_7_lib581315_7997_4_2	(1, 0.06269779286975638)	(2, 0.007847967957017907)	(3, 0.0001873286369970576)	(4, 0.00018953250331467004)	(5, 0.006463939909557293)	(6, 0.0)	(7, 0.0)	(8, 0.0)	(9, 0.0)	(10, 0.0)	(15, 1.0137785061017233e-05)	(20, 3.9228820453501475e-05)	(25, 6.787908258246323e-05)	(30, 0.0013646340238656243)	(35, 6.787908258246323e-05)	(40, 0.00017763162519956286)	(45, 0.00015206677591525852)	(50, 0.00033102072090538884)	(55, 0.000592840039437747)	(60, 0.00033498768027709125)	(65, 0.0005024815204156368)	(70, 0.0002741609699109878)	(75, 0.0017710269728333586)	(80, 0.0036712005118788066)	(85, 0.0007166973264875662)	(90, 0.0005434734339232282)	(95, 0.0009093152426468937)	(100, 0.0010212716515816058)	(105, 0.003584368178964876)	(110, 0.0008299760552128458)	(115, 0.010640707354696395)	(120, 0.0013853503672511813)	(125, 0.0018045257408610676)	(130, 0.0043350050467436734)	(135, 0.001582816789309256)	(140, 0.000971905046067087)	(145, 0.001962763342465641)	(150, 0.007530611207281716)
NG-29643_MDA_MB_231_lib581314_8005_3_1	(1, 0.004040935058838383)	(2, 0.17822167051965312)	(3, 0.0023104867920152477)	(4, 0.040249839993955996)	(5, 0.0)	(6, 0.0)	(7, 0.00035043994230356794)	(8, 3.6252407824507025e-05)	(9, 0.0)	(10, 0.0)	(15, 0.0007574336408133667)	(20, 0.0)	(25, 0.0)	(30, 0.0)	(35, 0.0001377591497331267)	(40, 2.0301348381723932e-05)	(45, 5.800385251921124e-06)	(50, 0.0)	(55, 4.688644745302909e-05)	(60, 6.283750689581218e-06)	(65, 4.930327464132955e-05)	(70, 7.443827739965442e-05)	(75, 2.4168271883004682e-06)	(80, 0.00017932857737189473)	(85, 0.00232305429339441)	(90, 0.00014210943867206752)	(95, 0.0006293417998334419)	(100, 9.667308753201874e-07)	(105, 1.4017597692142715e-05)	(110, 2.0301348381723932e-05)	(115, 0.00019962992575361867)	(120, 9.667308753201874e-07)	(125, 2.8518560821945524e-05)	(130, 0.0)	(135, 0.0)	(140, 0.00011020731978650137)	(145, 0.0)	(150, 0.0)
NG-29643_MDA_MB_231_lib581314_8005_3_2	(1, 0.001781201637777445)	(2, 0.05975846905791738)	(3, 0.0010223179006510982)	(4, 7.733847002561498e-05)	(5, 0.0)	(6, 0.0)	(7, 0.0)	(8, 0.0)	(9, 0.0)	(10, 0.0)	(15, 0.00031032061097778014)	(20, 0.0)	(25, 4.253615851408824e-05)	(30, 5.800385251921124e-06)	(35, 0.0)	(40, 0.0)	(45, 0.0)	(50, 0.0)	(55, 0.0)	(60, 0.0)	(65, 0.0)	(70, 0.0)	(75, 0.0)	(80, 0.0)	(85, 1.4984328567462902e-05)	(90, 0.00046644764734199033)	(95, 0.0)	(100, 0.0)	(105, 0.0)	(110, 0.0)	(115, 0.0)	(120, 0.0)	(125, 0.0)	(130, 0.0)	(135, 0.0)	(140, 9.667308753201874e-07)	(145, 0.0)	(150, 0.0)
NG-29643_MDA_MB_453_lib581289_7997_4_1	(1, 0.004364717678471157)	(2, 0.14165705244913934)	(3, 0.0)	(4, 0.0)	(5, 0.0)	(6, 0.0)	(7, 0.0)	(8, 0.0)	(9, 0.017220540305317143)	(10, 2.803887159617445e-06)	(15, 0.00020234719001905894)	(20, 2.1496468223733747e-05)	(25, 0.0)	(30, 0.0001556157373587682)	(35, 0.0024949922575329235)	(40, 6.589134825100996e-05)	(45, 0.00029440815175983177)	(50, 0.0014683022425863355)	(55, 0.003861419933319825)	(60, 6.962986446383322e-05)	(65, 2.056183917052793e-05)	(70, 0.0)	(75, 0.0013253039974458459)	(80, 0.0)	(85, 0.002188433928081416)	(90, 0.0)	(95, 0.0)	(100, 1.7757952010910486e-05)	(105, 0.0)	(110, 0.0036254260973853565)	(115, 0.0005925548197324868)	(120, 7.0097178990436135e-06)	(125, 2.056183917052793e-05)	(130, 1.2617492218278504e-05)	(135, 0.0005065689468375517)	(140, 2.3365726330145376e-06)	(145, 2.3365726330145376e-06)	(150, 0.0013119855334376629)
NG-29643_MDA_MB_453_lib581289_7997_4_2	(1, 0.06312250968088773)	(2, 0.00815697506185375)	(3, 0.00016589665694403217)	(4, 0.00016122351167800308)	(5, 0.0068111092252373774)	(6, 0.0)	(7, 0.0)	(8, 0.0)	(9, 0.0)	(10, 0.0)	(15, 8.878976005455243e-06)	(20, 3.1310073282394804e-05)	(25, 6.729329183081869e-05)	(30, 0.0014458711453093959)	(35, 6.869523541062741e-05)	(40, 0.00016776591505044381)	(45, 0.00013598852724144609)	(50, 0.00032431628146241783)	(55, 0.0006037703683709566)	(60, 0.00032805479767524106)	(65, 0.0004944187691458762)	(70, 0.0002486113281527468)	(75, 0.0018832775422097173)	(80, 0.003825904029298004)	(85, 0.0006958313301117292)	(90, 0.0005364770765401378)	(95, 0.0009374329403654325)	(100, 0.0010701502659206583)	(105, 0.003738048898296657)	(110, 0.0008593914144227469)	(115, 0.01048560334791604)	(120, 0.0014519462341552336)	(125, 0.001904774010433451)	(130, 0.004512389068877675)	(135, 0.001641208617429411)	(140, 0.001010801321042089)	(145, 0.00205571660252619)	(150, 0.007675641099452756)
NG-29643_MFM_223_lib581297_7997_4_1	(1, 0.004079925543828513)	(2, 0.14196016960339394)	(3, 0.0)	(4, 0.0)	(5, 0.0)	(6, 0.0)	(7, 0.0)	(8, 0.0)	(9, 0.01685315490985822)	(10, 2.4696885858526113e-06)	(15, 0.00019658721143386786)	(20, 1.926357096965037e-05)	(25, 0.0)	(30, 0.00015608431862588503)	(35, 0.0024642552709637357)	(40, 6.964521812104364e-05)	(45, 0.000278086934767004)	(50, 0.0014744040857540088)	(55, 0.0038082597993847264)	(60, 7.55724707270899e-05)	(65, 2.3709010424185067e-05)	(70, 0.0)	(75, 0.0012832501892090168)	(80, 0.0)	(85, 0.0022271651667218847)	(90, 9.878754343410444e-07)	(95, 0.0)	(100, 1.3336318363604101e-05)	(105, 0.0)	(110, 0.0035341243663550865)	(115, 0.0005788950045238521)	(120, 7.903003474728355e-06)	(125, 2.272113498984402e-05)	(130, 1.6793882383797756e-05)	(135, 0.0004899862154331581)	(140, 2.4696885858526113e-06)	(145, 1.975750868682089e-06)	(150, 0.0013101697947948102)
NG-29643_MFM_223_lib581297_7997_4_2	(1, 0.06294742267621135)	(2, 0.008016609149677577)	(3, 0.00016052975808041972)	(4, 0.00018522664393894584)	(5, 0.006678037936145461)	(6, 0.0)	(7, 0.0)	(8, 0.0)	(9, 0.0)	(10, 0.0)	(15, 7.409065757557834e-06)	(20, 2.8154449878719765e-05)	(25, 6.22361523634858e-05)	(30, 0.0013617862862391299)	(35, 6.026040149480371e-05)	(40, 0.00016102369579759025)	(45, 0.000133363183636041)	(50, 0.00030624138464572376)	(55, 0.000577907129089511)	(60, 0.00030475957149421224)	(65, 0.00045294088664536887)	(70, 0.00023462041565599806)	(75, 0.0017510092073695013)	(80, 0.0036536572939103533)	(85, 0.0007132460635942341)	(90, 0.0005433314888875745)	(95, 0.0008955090812301569)	(100, 0.0009952845000986022)	(105, 0.0035632666916681475)	(110, 0.0007967215377960524)	(115, 0.01053667938268158)	(120, 0.0014259981894712977)	(125, 0.0017949696641976778)	(130, 0.004330845904151139)	(135, 0.00157961281951133)	(140, 0.0009488543546845733)	(145, 0.00194858429423771)	(150, 0.007602936311547264)
NG-29643_SK_BR_3_lib581307_7997_4_1	(1, 0.0042357834955625605)	(2, 0.14043639327549678)	(3, 0.0)	(4, 0.0)	(5, 0.0)	(6, 0.0)	(7, 0.0)	(8, 0.0)	(9, 0.017080004537378964)	(10, 2.8814853711309935e-06)	(15, 0.000220433630891521)	(20, 1.53679219793653e-05)	(25, 0.0)	(30, 0.00014551501124211518)	(35, 0.0025035305399509784)	(40, 7.491861964940583e-05)	(45, 0.0002742213578192996)	(50, 0.0015103785820344958)	(55, 0.0037910742532846773)	(60, 6.915564890714385e-05)	(65, 2.2571635407192785e-05)	(70, 0.0)	(75, 0.0012861029706481336)	(80, 0.0)	(85, 0.0022197042308945755)	(90, 9.604951237103313e-07)	(95, 0.0)	(100, 1.8729654912351458e-05)	(105, 0.0)	(110, 0.0036023369614755973)	(115, 0.0006055921754993638)	(120, 6.723465865972319e-06)	(125, 1.9690150036061787e-05)	(130, 1.9690150036061787e-05)	(135, 0.0004970562265200964)	(140, 2.401237809275828e-06)	(145, 3.3617329329861593e-06)	(150, 0.0013302857463388087)
NG-29643_SK_BR_3_lib581307_7997_4_2	(1, 0.0626242820659136)	(2, 0.008106578844115194)	(3, 0.00014407426855654967)	(4, 0.00015127798198437715)	(5, 0.0067955030002505926)	(6, 0.0)	(7, 0.0)	(8, 0.0)	(9, 0.0)	(10, 0.0)	(15, 1.104569392266881e-05)	(20, 3.553831957728225e-05)	(25, 6.339267816488185e-05)	(30, 0.0014162500599108833)	(35, 6.435317328859219e-05)	(40, 0.00016808664664930796)	(45, 0.00013975204049985319)	(50, 0.0003284893323089333)	(55, 0.0006027106901282329)	(60, 0.0003313708176800643)	(65, 0.0005028191972623584)	(70, 0.00026077442608735493)	(75, 0.0018431901424001255)	(80, 0.003785311282542415)	(85, 0.0007357392647621137)	(90, 0.0005642908851798196)	(95, 0.0009408049736742694)	(100, 0.001058465626328785)	(105, 0.003716635881197127)	(110, 0.0008543604125403395)	(115, 0.010536151259540478)	(120, 0.001452748874611876)	(125, 0.0019123457913072695)	(130, 0.004488873960660233)	(135, 0.0016606960688951625)	(140, 0.000994592700602048)	(145, 0.002024243473219523)	(150, 0.007675556657350184)
NG-29643_T_47D_lib581309_8005_3_1	(1, 0.003783533489278998)	(2, 0.1802103156880428)	(3, 0.002085915521936669)	(4, 0.040266929945036244)	(5, 0.0)	(6, 0.0)	(7, 0.0003148998461039466)	(8, 2.8412016189829776e-05)	(9, 0.0)	(10, 0.0)	(15, 0.0007434477569672124)	(20, 0.0)	(25, 0.0)	(30, 0.0)	(35, 0.00014348068175864035)	(40, 2.4623747364519136e-05)	(45, 7.576537650621273e-06)	(50, 0.0)	(55, 4.97210283322021e-05)	(60, 3.7882688253106363e-06)	(65, 4.214449068158083e-05)	(70, 8.239484695050635e-05)	(75, 3.3147352221468063e-06)	(80, 0.00017378683236112544)	(85, 0.0022876408368844607)	(90, 0.00013685121131434673)	(95, 0.0006709971156831464)	(100, 1.4206008094914886e-06)	(105, 2.08354785392085e-05)	(110, 2.3203146555027647e-05)	(115, 0.0001941487772971701)	(120, 0.0)	(125, 2.3676680158191475e-05)	(130, 0.0)	(135, 0.0)	(140, 0.0001089127287276808)	(145, 4.7353360316382954e-07)	(150, 0.0)
NG-29643_T_47D_lib581309_8005_3_2	(1, 0.0018680900644813076)	(2, 0.06021690064632838)	(3, 0.0009707438864858505)	(4, 8.760371658530846e-05)	(5, 0.0)	(6, 0.0)	(7, 0.0)	(8, 0.0)	(9, 0.0)	(10, 0.0)	(15, 0.00030353503962801475)	(20, 0.0)	(25, 4.640629311005529e-05)	(30, 8.050071253785101e-06)	(35, 0.0)	(40, 0.0)	(45, 0.0)	(50, 0.0)	(55, 0.0)	(60, 0.0)	(65, 4.7353360316382954e-07)	(70, 0.0)	(75, 0.0)	(80, 0.0)	(85, 1.2311873682259568e-05)	(90, 0.0004574334606562593)	(95, 0.0)	(100, 0.0)	(105, 0.0)	(110, 0.0)	(115, 0.0)	(120, 0.0)	(125, 0.0)	(130, 0.0)	(135, 0.0)	(140, 2.3676680158191477e-06)	(145, 0.0)	(150, 0.0)
NG-30919_HS_578T_B_lib628473_10098_2_1	(1, 0.0014185301796585633)	(2, 0.011205244443351312)	(3, 6.863855708025305e-05)	(4, 0.0)	(5, 0.00018589609209235204)	(6, 0.0007750437070311908)	(7, 0.0)	(8, 4.003915829681428e-05)	(9, 0.0)	(10, 3.832319436980796e-05)	(15, 0.0)	(20, 0.007376928922200197)	(25, 0.0032677673049957144)	(30, 7.435843683694082e-06)	(35, 0.0)	(40, 0.0023663142553417243)	(45, 0.00249443956189153)	(50, 0.00042899098175158164)	(55, 0.0)	(60, 0.0004598783324376955)	(65, 8.86581362286602e-05)	(70, 0.000919756664875391)	(75, 0.0017165359149819953)	(80, 0.0015723949451134638)	(85, 0.0019298874299064485)	(90, 4.575903805350204e-06)	(95, 3.2031326637451426e-05)	(100, 0.001521488015278943)	(105, 0.0)	(110, 2.116355509974469e-05)	(115, 0.0012160464362718166)	(120, 0.004675429713116571)	(125, 0.0)	(130, 0.0)	(135, 0.0013487476466269726)	(140, 2.6311446880763676e-05)	(145, 7.321446088560326e-05)	(150, 0.0024409586861664995)
NG-30919_HS_578T_B_lib628473_10098_2_2	(1, 0.2800252933082841)	(2, 0.0)	(3, 0.0)	(4, 4.2899098175158165e-05)	(5, 0.04745498240135996)	(6, 6.291867732356531e-05)	(7, 0.0)	(8, 1.4299699391719387e-05)	(9, 1.143975951337551e-05)	(10, 0.0001727403686519702)	(15, 0.0002007677794597402)	(20, 0.0001613006091385947)	(25, 0.000489049719196803)	(30, 0.002368602207244399)	(35, 0.001580402776772827)	(40, 7.550241278827835e-05)	(45, 0.001717107902957664)	(50, 0.002155822680295615)	(55, 1.372771141605061e-05)	(60, 0.009331983823036072)	(65, 0.0)	(70, 0.0)	(75, 0.0006686539435567986)	(80, 0.0001075337394257298)	(85, 0.0026986392692052827)	(90, 0.0032237242308692186)	(95, 0.0014785889171037847)	(100, 0.0005067813464425351)	(105, 0.0011365401076538569)	(110, 0.00025510663714827387)	(115, 0.0007453003322964145)	(120, 0.0007327165968317014)	(125, 0.0040164995651461415)	(130, 0.0005496804446176932)	(135, 0.00020991958707044058)	(140, 0.0013973666245588187)	(145, 0.001559239221673082)	(150, 0.0006077372241480739)
NG-30919_MDA_MB_468_B_lib628474_10098_2_1	(1, 0.0013782979980792014)	(2, 0.01140564719215876)	(3, 6.475225494331819e-05)	(4, 0.0)	(5, 0.0002528421383500996)	(6, 0.0008294455514167901)	(7, 3.0834407115865804e-06)	(8, 3.700128853903896e-05)	(9, 0.0)	(10, 4.19347936775775e-05)	(15, 0.0)	(20, 0.007262736252071032)	(25, 0.0032320625538850537)	(30, 6.166881423173161e-06)	(35, 0.0)	(40, 0.002347115069659705)	(45, 0.002485253213538784)	(50, 0.0004544991608878619)	(55, 0.0)	(60, 0.0005087677174117858)	(65, 8.510296363978961e-05)	(70, 0.0009441495458878109)	(75, 0.0017964125585703417)	(80, 0.0016514908451257726)	(85, 0.001894465973198795)	(90, 5.550193280855845e-06)	(95, 2.651759011964459e-05)	(100, 0.0015441871083625594)	(105, 0.0)	(110, 1.91173324118368e-05)	(115, 0.0012105588233688915)	(120, 0.0048823200227261915)	(125, 0.0)	(130, 0.0)	(135, 0.00133266307554772)	(140, 3.268447154281775e-05)	(145, 8.510296363978961e-05)	(150, 0.002440543323220778)
NG-30919_MDA_MB_468_B_lib628474_10098_2_2	(1, 0.28080586216347825)	(2, 0.0)	(3, 0.0)	(4, 4.933505138538529e-05)	(5, 0.04794750306517132)	(6, 5.2418492096971874e-05)	(7, 0.0)	(8, 0.0)	(9, 3.0834407115865804e-06)	(10, 0.0001757561205604351)	(15, 0.00021954097866496453)	(20, 0.00014368833715993465)	(25, 0.0005130845344080069)	(30, 0.0022872963198549254)	(35, 0.0015620710644897616)	(40, 7.091913636649134e-05)	(45, 0.001730426927342389)	(50, 0.0022558452245967425)	(55, 9.867010277077057e-06)	(60, 0.009505014337536793)	(65, 0.0)	(70, 0.0)	(75, 0.0006728067632681919)	(80, 0.00012457100474809785)	(85, 0.002712194449911556)	(90, 0.003398568352310729)	(95, 0.0014738846601383855)	(100, 0.000497667330850074)	(105, 0.001106338527317265)	(110, 0.0002639425249118113)	(115, 0.000760993167619568)	(120, 0.0007616098557618854)	(125, 0.003996139162216208)	(130, 0.0005488524466624113)	(135, 0.00023495818222289745)	(140, 0.0013955652660640864)	(145, 0.0015559041830665885)	(150, 0.0006367305069426289)
NG-30919_RBL_13_lib628469_10098_1_1	(1, 0.003469931294735151)	(2, 0.004499448447647563)	(3, 1.4588299737625262e-05)	(4, 0.0)	(5, 0.0004668255916040084)	(6, 0.0005918681607836535)	(7, 0.0)	(8, 0.0001646393827531994)	(9, 0.0)	(10, 4.1680856393215035e-07)	(15, 0.0)	(20, 0.007326660936799339)	(25, 0.0029893510205213822)	(30, 0.0)	(35, 0.0)	(40, 0.0021415624014833883)	(45, 0.002126140484617899)	(50, 0.0003759613246667996)	(55, 0.0)	(60, 0.00023299598723807203)	(65, 0.0)	(70, 0.0007173275385272308)	(75, 0.001494258701696759)	(80, 0.0010107607675354645)	(85, 0.0014217340115725648)	(90, 0.0)	(95, 8.752979842575157e-06)	(100, 0.0012408390948260115)	(105, 0.0)	(110, 6.2521284589822545e-06)	(115, 0.0008498726618576545)	(120, 0.0042743718231242015)	(125, 0.0)	(130, 0.0)	(135, 0.0011558101477838528)	(140, 0.0)	(145, 0.00012087448354032358)	(150, 0.0033480147897849977)
NG-30919_RBL_13_lib628469_10098_1_2	(1, 0.2790679218523123)	(2, 0.0)	(3, 0.0)	(4, 4.168085639321503e-06)	(5, 0.04511952704565527)	(6, 0.0)	(7, 0.0)	(8, 0.0)	(9, 4.168085639321503e-06)	(10, 2.834298234738622e-05)	(15, 3.3344685114572026e-05)	(20, 0.00019590002504811063)	(25, 0.00010795341805842692)	(30, 0.0028543050458073654)	(35, 0.0009586596970439457)	(40, 2.792617378345407e-05)	(45, 0.0010086767247158037)	(50, 0.001885225134665116)	(55, 0.0)	(60, 0.008184036152807772)	(65, 0.0)	(70, 0.0)	(75, 0.00033928217104077035)	(80, 1.0837022662235908e-05)	(85, 0.0025300279830681523)	(90, 0.0029914350633410427)	(95, 0.001175816958852596)	(100, 5.043383623579019e-05)	(105, 0.0006022883748819573)	(110, 0.00041847579818787893)	(115, 0.00041222366972889666)	(120, 0.000732332646828788)	(125, 0.004297713102704402)	(130, 0.0001408812946090668)	(135, 0.0005439351759314562)	(140, 0.0006814820020290658)	(145, 0.001466749336477237)	(150, 0.0012566778202554333)
NG-30919_RBL_14_lib628470_10098_1_1	(1, 0.003544855513559455)	(2, 0.004528829196280095)	(3, 1.0626065688127861e-05)	(4, 0.0)	(5, 0.00045692082458949807)	(6, 0.0005801831865717813)	(7, 0.0)	(8, 0.00018064311669817366)	(9, 0.0)	(10, 3.82538364772603e-06)	(15, 0.0)	(20, 0.007335810708455951)	(25, 0.0029744483074207514)	(30, 4.2504262752511453e-07)	(35, 0.0)	(40, 0.0021137369866823944)	(45, 0.002101410750484166)	(50, 0.0003366337609998907)	(55, 0.0)	(60, 0.0002142214842726577)	(65, 4.2504262752511453e-07)	(70, 0.0007378740013835988)	(75, 0.0015135767966169328)	(80, 0.0009457198462433799)	(85, 0.0014430197204477638)	(90, 0.0)	(95, 8.075809922977175e-06)	(100, 0.0011960699538556723)	(105, 0.0)	(110, 5.525554157826489e-06)	(115, 0.0008139566317105943)	(120, 0.004329059161343291)	(125, 0.0)	(130, 0.0)	(135, 0.0010983101495248958)	(140, 0.0)	(145, 0.00010541057162622839)	(150, 0.003219697903502742)
NG-30919_RBL_14_lib628470_10098_1_2	(1, 0.28080866230074214)	(2, 0.0)	(3, 0.0)	(4, 0.0)	(5, 0.04561557478599529)	(6, 0.0)	(7, 0.0)	(8, 0.0)	(9, 4.250426275251145e-06)	(10, 2.8902898671707785e-05)	(15, 3.400341020200916e-05)	(20, 0.00017766781830549786)	(25, 0.00010328535848860283)	(30, 0.00282058287625666)	(35, 0.0009112913934138456)	(40, 2.6352642906557097e-05)	(45, 0.0009567709545590327)	(50, 0.0019428698504172985)	(55, 0.0)	(60, 0.008260703465950599)	(65, 0.0)	(70, 0.0)	(75, 0.0003162317148786852)	(80, 6.8006820404018325e-06)	(85, 0.002457596472350212)	(90, 0.0030641323018285507)	(95, 0.0011748178224794165)	(100, 3.740375122221007e-05)	(105, 0.0005814583144543566)	(110, 0.0004016652830112332)	(115, 0.0003999651125011327)	(120, 0.0006957947812586124)	(125, 0.0041692431333938485)	(130, 0.00012878791614010968)	(135, 0.0005155767071879639)	(140, 0.0006154617246563658)	(145, 0.0014060410118530789)	(150, 0.0011911819636391335)
NG-30919_RBL_15_lib626622_10098_2_1	(1, 0.0015077537378205101)	(2, 0.01106701396784078)	(3, 7.614917867780353e-05)	(4, 0.0)	(5, 0.00018275802882672848)	(6, 0.0008122579058965711)	(7, 0.0)	(8, 4.061289529482855e-05)	(9, 0.0)	(10, 2.741370432400927e-05)	(15, 0.0)	(20, 0.007354995337893451)	(25, 0.0033221348351169756)	(30, 4.0612895294828545e-06)	(35, 0.0)	(40, 0.0024327124281602304)	(45, 0.002565719660250794)	(50, 0.0004040983081835441)	(55, 0.0)	(60, 0.0004761861973318648)	(65, 8.630240250151068e-05)	(70, 0.0009696328751640317)	(75, 0.0017961052944137927)	(80, 0.001632638390852108)	(85, 0.0019311431712690974)	(90, 6.091934294224283e-06)	(95, 3.8582250530087125e-05)	(100, 0.0015270448630855535)	(105, 0.0)	(110, 1.4214513353189994e-05)	(115, 0.0012183868588448565)	(120, 0.004804505513378217)	(125, 0.0)	(130, 0.0)	(135, 0.0013645932819062393)	(140, 1.7260480500302135e-05)	(145, 7.716450106017425e-05)	(150, 0.0023530096211441293)
NG-30919_RBL_15_lib626622_10098_2_2	(1, 0.2821733198965569)	(2, 0.0)	(3, 0.0)	(4, 1.0153223823707138e-05)	(5, 0.04799428901466364)	(6, 5.0766119118535695e-05)	(7, 0.0)	(8, 5.076611911853569e-06)	(9, 0.0)	(10, 0.0001462064230613828)	(15, 0.00019595721979754775)	(20, 0.0001908806078856942)	(25, 0.0004538491049197091)	(30, 0.0023636705061590214)	(35, 0.0016072553312928399)	(40, 8.224111297202781e-05)	(45, 0.0017504157872071107)	(50, 0.002282444715569365)	(55, 6.091934294224283e-06)	(60, 0.009362287687840351)	(65, 0.0)	(70, 0.0)	(75, 0.0006234079427756183)	(80, 8.833304726625209e-05)	(85, 0.0026408535165462267)	(90, 0.003359701763264692)	(95, 0.00142246665770137)	(100, 0.0004457265258607433)	(105, 0.0010691344686363617)	(110, 0.0002487539836808249)	(115, 0.0007086950228947582)	(120, 0.0007249401810126896)	(125, 0.004057228239953372)	(130, 0.0005127378030972105)	(135, 0.00022438624650392776)	(140, 0.00133717957758223)	(145, 0.0014925239020849492)	(150, 0.0006142700413342818)
NG-30919_RBL_15_lib626622_10102_4_1	(1, 0.011925244016793679)	(2, 0.0005463135348007575)	(3, 0.003558842455273506)	(4, 0.0022945168461631815)	(5, 0.0005775314510750865)	(6, 0.004206614217965833)	(7, 0.0010067777998471101)	(8, 0.002193058618271612)	(9, 0.0)	(10, 0.0007273774491918656)	(15, 0.019856155646286962)	(20, 0.019973222832315694)	(25, 0.06450089771020487)	(30, 0.05393207215553078)	(35, 0.03032508386888319)	(40, 0.12767503397875074)	(45, 7.336210324467315e-05)	(50, 0.00016077226881279434)	(55, 0.020936295549378744)	(60, 0.06322564583039852)	(65, 0.021320275919552992)	(70, 0.04087517867379268)	(75, 0.06297434160439018)	(80, 0.000187307497645974)	(85, 0.021730791518560416)	(90, 0.08305994893529346)	(95, 0.021214135004220272)	(100, 1.56089581371645e-06)	(105, 8.74101655681212e-05)	(110, 0.0)	(115, 0.04211609084569725)	(120, 0.2105164575001239)	(125, 0.2265999279646582)	(130, 0.02095970898658449)	(135, 4.99486660389264e-05)	(140, 8.74101655681212e-05)	(145, 0.12716618194347917)	(150, 4.68268744114935e-05)
NG-30919_RBL_15_lib626622_10102_4_2	(1, 7.80447906858225e-06)	(2, 0.0)	(3, 0.0)	(4, 0.0)	(5, 0.0)	(6, 0.00039022395342911255)	(7, 0.0)	(8, 0.6211584890684613)	(9, 0.10276157589602249)	(10, 0.020123068830432474)	(15, 0.0011519411105227401)	(20, 4.37050827840606e-05)	(25, 0.042334616259617555)	(30, 7.804479068582251e-05)	(35, 4.526597859777705e-05)	(40, 0.021287497107464946)	(45, 0.10314711716201046)	(50, 0.020930051966123877)	(55, 0.0003855412659879632)	(60, 0.00022008630973401944)	(65, 0.0)	(70, 0.04263586915166483)	(75, 0.06402794627864879)	(80, 2.653522883317965e-05)	(85, 2.49743330194632e-05)	(90, 4.68268744114935e-06)	(95, 1.3533388146791325)	(100, 0.021245352920494603)	(105, 0.4442434357502114)	(110, 0.0212547182953769)	(115, 0.06452431114741061)	(120, 1.3525552449806468)	(125, 5.775314510750865e-05)	(130, 6.2435832548658e-06)	(135, 0.0008850279263772271)	(140, 1.5967823693696048)	(145, 0.061700650620397555)	(150, 0.0)
NG-30919_RBL_18_lib626623_10098_1_1	(1, 0.003482057398485734)	(2, 0.004313977515857941)	(3, 1.1435328073844775e-05)	(4, 0.0)	(5, 0.0005002956032307089)	(6, 0.0005917782278214671)	(7, 0.0)	(8, 0.00020297707331074475)	(9, 0.0)	(10, 1.7152992110767163e-06)	(15, 0.0)	(20, 0.007312892303223734)	(25, 0.0029926253569251774)	(30, 0.0)	(35, 0.0)	(40, 0.0021275427881388203)	(45, 0.0021229686569092824)	(50, 0.00039051645372179905)	(55, 0.0)	(60, 0.000251577217624585)	(65, 5.717664036922387e-07)	(70, 0.0007530163536626785)	(75, 0.0015729293765573487)	(80, 0.0010291795266460296)	(85, 0.001408260652293984)	(90, 0.0)	(95, 9.14826245907582e-06)	(100, 0.001226438935919852)	(105, 0.0)	(110, 1.0291795266460297e-05)	(115, 0.0008330636501795918)	(120, 0.004235073752148412)	(125, 0.0)	(130, 0.0)	(135, 0.0011343845449254017)	(140, 0.0)	(145, 0.00011892741196798567)	(150, 0.003223333100814996)
NG-30919_RBL_18_lib626623_10098_1_2	(1, 0.28141770623328294)	(2, 0.0)	(3, 0.0)	(4, 0.0)	(5, 0.044609214816068464)	(6, 0.0)	(7, 0.0)	(8, 0.0)	(9, 0.0)	(10, 3.144715220307313e-05)	(15, 2.5729488166150746e-05)	(20, 0.00018124994997043969)	(25, 0.00010692031749044864)	(30, 0.0027673493938704355)	(35, 0.0009405557340737327)	(40, 1.886829132184388e-05)	(45, 0.000996588841635572)	(50, 0.0017982053396120908)	(55, 0.0)	(60, 0.008117367633218714)	(65, 0.0)	(70, 0.0)	(75, 0.00031104092360857786)	(80, 1.0291795266460297e-05)	(85, 0.002491186220887084)	(90, 0.0029731852991996413)	(95, 0.0011395304425586318)	(100, 3.8308349047379995e-05)	(105, 0.0005894911622066981)	(110, 0.0004053823802177972)	(115, 0.00040938474504364293)	(120, 0.0007215692014596053)	(125, 0.004139016996328116)	(130, 0.0001280756744270615)	(135, 0.0005168768289377837)	(140, 0.0006621054954756124)	(145, 0.0014185524475604444)	(150, 0.001233586015966005)
NG-30919_RBL_20_lib626624_10098_1_1	(1, 0.003445480446701955)	(2, 0.00437126226508068)	(3, 1.3100686109132907e-05)	(4, 0.0)	(5, 0.0004279557462316749)	(6, 0.0005196605489956053)	(7, 0.0)	(8, 0.00020961097774612652)	(9, 0.0)	(10, 8.733790739421938e-07)	(15, 0.0)	(20, 0.007226338457797711)	(25, 0.0028769106695655865)	(30, 0.0)	(35, 0.0)	(40, 0.002032353105063485)	(45, 0.0020201257980282943)	(50, 0.00035983217846418384)	(55, 0.0)	(60, 0.0002235850429292016)	(65, 0.0)	(70, 0.000757219657107882)	(75, 0.0016070174960536368)	(80, 0.0009939053861462166)	(85, 0.0014550495371876949)	(90, 0.0)	(95, 8.733790739421938e-06)	(100, 0.0011877955405613836)	(105, 0.0)	(110, 4.366895369710969e-06)	(115, 0.0008262166039493154)	(120, 0.004396590258225004)	(125, 0.0)	(130, 0.0)	(135, 0.0010847368098362048)	(140, 0.0)	(145, 0.00011528603776036957)	(150, 0.0031900170675738626)
NG-30919_RBL_20_lib626624_10098_1_2	(1, 0.2821232753601772)	(2, 0.0)	(3, 0.0)	(4, 0.0)	(5, 0.04604891167360217)	(6, 0.0)	(7, 0.0)	(8, 0.0)	(9, 4.366895369710969e-06)	(10, 2.79481303661502e-05)	(15, 2.707475129220801e-05)	(20, 0.00018952325904545605)	(25, 0.00011091914239065862)	(30, 0.0028550761927170314)	(35, 0.0009432493998575694)	(40, 2.270785592249704e-05)	(45, 0.0009790579418891992)	(50, 0.0018978527276763875)	(55, 0.0)	(60, 0.008283127137267766)	(65, 0.0)	(70, 0.0)	(75, 0.00033537756439380246)	(80, 1.2227307035190714e-05)	(85, 0.002386945009084016)	(90, 0.003033245523801239)	(95, 0.0011790617498219616)	(100, 4.192219554922531e-05)	(105, 0.0005755568097279058)	(110, 0.00040874140660494666)	(115, 0.00040350113216129353)	(120, 0.0007021967754495238)	(125, 0.004181739006035224)	(130, 0.000139740651830751)	(135, 0.0005083066210343568)	(140, 0.0006663882334178938)	(145, 0.001406140309046932)	(150, 0.0011681445113976843)
NG-30919_RBL_20_lib626624_10102_3_1	(1, 0.014431673596235841)	(2, 0.0005618889310009856)	(3, 0.0015496305254974552)	(4, 0.001662008311697652)	(5, 0.0003312187382742652)	(6, 0.006807727995601415)	(7, 0.0008457907066646415)	(8, 0.0017329837556135663)	(9, 0.1975897212415782)	(10, 0.0007168519835507311)	(15, 0.039247054637369896)	(20, 2.6024329435835125e-05)	(25, 0.04206004806457062)	(30, 0.037232534954223205)	(35, 0.032150693169843765)	(40, 0.023382859998097857)	(45, 0.02146652301236818)	(50, 0.04203520665920005)	(55, 0.12371138166950332)	(60, 0.04242557160073758)	(65, 0.06279434108053962)	(70, 0.021475986404890304)	(75, 0.12665686259201375)	(80, 0.04250601043717561)	(85, 0.020964963208695724)	(90, 0.021442864531062877)	(95, 0.14668376701695413)	(100, 0.042131023508486534)	(105, 0.020778061206383817)	(110, 0.020899902385106132)	(115, 5.0865734806405015e-05)	(120, 0.02162858360930952)	(125, 0.3109268588587054)	(130, 2.957310163163082e-05)	(135, 0.00010173146961281003)	(140, 0.060821223739677216)	(145, 7.807298830750537e-05)	(150, 3.844503212112007e-05)
NG-30919_RBL_20_lib626624_10102_3_2	(1, 0.0)	(2, 0.0)	(3, 8.871930489489247e-05)	(4, 0.0)	(5, 0.0)	(6, 0.000502742727737724)	(7, 0.20882158524127156)	(8, 0.8336953080973045)	(9, 0.10583030149895406)	(10, 0.04154784194431077)	(15, 0.1057510455865813)	(20, 6.151205139379211e-05)	(25, 0.10596752069052483)	(30, 0.021141218894420243)	(35, 9.936562148227956e-05)	(40, 1.3012164717917562e-05)	(45, 0.06314330367979287)	(50, 2.484140537056989e-05)	(55, 0.00019163369857296773)	(60, 0.02106196298204747)	(65, 0.04186959729006291)	(70, 0.08433302246088899)	(75, 0.06320836450338245)	(80, 0.08563423893268074)	(85, 0.04023834500406216)	(90, 0.08448798551343872)	(95, 0.337203151120442)	(100, 0.04302531410182705)	(105, 0.3176576967900646)	(110, 0.0001040973177433405)	(115, 0.1057297529534065)	(120, 0.12519595137141118)	(125, 0.062077489096988896)	(130, 0.021091536083679103)	(135, 0.06254829287496445)	(140, 0.3762550232870432)	(145, 0.06372293647177282)	(150, 5.914620326326165e-06)
NG-30919_RBL_30_lib628471_10098_1_1	(1, 0.0034355950323665205)	(2, 0.004569510634182072)	(3, 2.9012765931314744e-05)	(4, 0.0)	(5, 0.0004279382974868925)	(6, 0.0005173943257751128)	(7, 0.0)	(8, 0.00017165886509361224)	(9, 0.0)	(10, 9.670921977104914e-07)	(15, 0.0)	(20, 0.007127469497126322)	(25, 0.0029157829760971315)	(30, 0.0)	(35, 0.0)	(40, 0.002073929217990149)	(45, 0.002020739147116072)	(50, 0.00033461390040783005)	(55, 0.0)	(60, 0.00021952992888028158)	(65, 0.0)	(70, 0.0007451445383359337)	(75, 0.0015981198567165873)	(80, 0.0009786973040830174)	(85, 0.0014259774455241195)	(90, 0.0)	(95, 3.868368790841966e-06)	(100, 0.001165346098241142)	(105, 0.0)	(110, 7.253191482828686e-06)	(115, 0.0007983346092100106)	(120, 0.0043461123365109485)	(125, 0.0)	(130, 0.0)	(135, 0.0010879787224243027)	(140, 0.0)	(145, 0.00011460042542869323)	(150, 0.003152720564536202)
NG-30919_RBL_30_lib628471_10098_1_2	(1, 0.27835089407552793)	(2, 0.0)	(3, 0.0)	(4, 0.0)	(5, 0.04596830988767393)	(6, 0.0)	(7, 0.0)	(8, 0.0)	(9, 2.4177304942762285e-06)	(10, 2.6595035437038515e-05)	(15, 2.6595035437038515e-05)	(20, 0.0001842310636638486)	(25, 9.284085098020717e-05)	(30, 0.0027523443946840588)	(35, 0.000936628793482611)	(40, 2.562794323932802e-05)	(45, 0.0009782137579841621)	(50, 0.0018215181543877108)	(55, 0.0)	(60, 0.00828411176558807)	(65, 0.0)	(70, 0.0)	(75, 0.0003080188649707915)	(80, 1.015446807596016e-05)	(85, 0.0023785632602689537)	(90, 0.0029960516285071023)	(95, 0.0011368168784086827)	(100, 3.723304961185392e-05)	(105, 0.0005681666661549137)	(110, 0.00039070524787503856)	(115, 0.0003911887939738938)	(120, 0.0006779316305950546)	(125, 0.004048247939616117)	(130, 0.00013152453888862683)	(135, 0.0005111082264899948)	(140, 0.000627642836314109)	(145, 0.0013631164526729377)	(150, 0.0011883145379367665)
NG-30919_RBL_7_lib628468_10098_1_1	(1, 0.0033779697807502403)	(2, 0.004489814105570043)	(3, 1.8672194767966153e-05)	(4, 0.0)	(5, 0.00039211609012728923)	(6, 0.0006093925383363498)	(7, 0.0)	(8, 0.00018502447542802824)	(9, 0.0)	(10, 2.3764611522866014e-06)	(15, 0.0)	(20, 0.007219349486196368)	(25, 0.002930516095219706)	(30, 0.0)	(35, 0.0)	(40, 0.0020885698584095958)	(45, 0.0020481700188207234)	(50, 0.0003595246228959301)	(55, 0.0)	(60, 0.00021286302035481415)	(65, 3.3949445032665733e-07)	(70, 0.0007730288633937988)	(75, 0.0016285548782169752)	(80, 0.0009658617111793402)	(85, 0.0014360615248817604)	(90, 0.0)	(95, 6.789889006533147e-06)	(100, 0.001195699454050487)	(105, 0.0)	(110, 8.147866807839775e-06)	(115, 0.0008375328089558635)	(120, 0.00436929357570408)	(125, 0.0)	(130, 0.0)	(135, 0.0011026779746609828)	(140, 0.0)	(145, 0.00012018103541563668)	(150, 0.003200583930454562)
NG-30919_RBL_7_lib628468_10098_1_2	(1, 0.2807839775594168)	(2, 0.0)	(3, 0.0)	(4, 0.0)	(5, 0.045855515405621605)	(6, 0.0)	(7, 0.0)	(8, 0.0)	(9, 0.0)	(10, 2.376461152286601e-05)	(15, 2.0030172569272782e-05)	(20, 0.0001907958810835814)	(25, 9.879288504505727e-05)	(30, 0.002770953703566177)	(35, 0.0009095056324251149)	(40, 2.2406633721559382e-05)	(45, 0.0009553373832192137)	(50, 0.0019778946676031056)	(55, 0.0)	(60, 0.00832304594420833)	(65, 0.0)	(70, 0.0)	(75, 0.0003405129336776373)	(80, 8.487361258166433e-06)	(85, 0.002460655775967612)	(90, 0.0030904179813235617)	(95, 0.0011603920312165147)	(100, 4.718972859540537e-05)	(105, 0.0005812144989592374)	(110, 0.0003951715401802291)	(115, 0.0004046773847893755)	(120, 0.0007122593567853271)	(125, 0.0040861552041316475)	(130, 0.0001320633411770697)	(135, 0.000528932353608932)	(140, 0.0006565822669317553)	(145, 0.0014143338800608543)	(150, 0.0012230287573017828)
NG-30919_WERI_RB1_lib628472_10098_1_1	(1, 0.003436470269103309)	(2, 0.0044733830991171035)	(3, 1.2667346963519307e-05)	(4, 0.0)	(5, 0.0004650725956606375)	(6, 0.0006369865901655424)	(7, 0.0)	(8, 0.0001592466475413856)	(9, 0.0)	(10, 3.981166188534639e-06)	(15, 0.0)	(20, 0.007176233016933166)	(25, 0.0029290525421646215)	(30, 0.0)	(35, 0.0)	(40, 0.0020828737650015316)	(45, 0.0020658633276505202)	(50, 0.0003622861231566522)	(55, 0.0)	(60, 0.00022004991296627825)	(65, 3.619241989576945e-07)	(70, 0.0007962332377069278)	(75, 0.0016431358632679328)	(80, 0.0009876911389555482)	(85, 0.0014534875830141012)	(90, 0.0)	(95, 6.8765597801961954e-06)	(100, 0.001179872888602084)	(105, 0.0)	(110, 6.152711382280806e-06)	(115, 0.0008208440832360511)	(120, 0.004426694877451562)	(125, 0.0)	(130, 0.0)	(135, 0.0010857725968730835)	(140, 0.0)	(145, 0.00011726344046229301)	(150, 0.0032093628342573562)
NG-30919_WERI_RB1_lib628472_10098_1_2	(1, 0.28121148334813906)	(2, 0.0)	(3, 0.0)	(4, 0.0)	(5, 0.04606752166433015)	(6, 0.0)	(7, 0.0)	(8, 0.0)	(9, 9.048104973942362e-06)	(10, 3.0039708513488644e-05)	(15, 3.040163271244634e-05)	(20, 0.00019652484003402813)	(25, 0.00011074880488105451)	(30, 0.0027879021045711205)	(35, 0.0009033628005984055)	(40, 2.7506239120784782e-05)	(45, 0.0009576514304420596)	(50, 0.0018639096246321266)	(55, 0.0)	(60, 0.00835936322332587)	(65, 0.0)	(70, 0.0)	(75, 0.0003347798840358674)	(80, 6.514635581238501e-06)	(85, 0.00244262641876548)	(90, 0.0030568117843966882)	(95, 0.0011668436174396071)	(100, 4.4516676471796424e-05)	(105, 0.000598260700877069)	(110, 0.00039630699785867543)	(115, 0.00040716472382740633)	(120, 0.0007209530043237274)	(125, 0.004136793594086448)	(130, 0.00014006466499662777)	(135, 0.0005110369689282646)	(140, 0.0006561685727103001)	(145, 0.0014125901485318815)	(150, 0.0011916354250682093)
NG-30919_Y_79_lib626626_10098_1_1	(1, 0.003469467799424226)	(2, 0.004653317139537133)	(3, 2.209852101544093e-05)	(4, 0.0)	(5, 0.0004703828044715284)	(6, 0.000587189272696002)	(7, 0.0)	(8, 0.0001799450996971619)	(9, 0.0)	(10, 2.5255452589075347e-06)	(15, 0.0)	(20, 0.007155501104799774)	(25, 0.0029050084340583922)	(30, 0.0)	(35, 0.0)	(40, 0.002053268295491826)	(45, 0.0020242245250143894)	(50, 0.0003630471309679582)	(55, 0.0)	(60, 0.0002178282785807749)	(65, 0.0)	(70, 0.0007488241692660842)	(75, 0.0015500534026544998)	(80, 0.0009603385846995902)	(85, 0.0014515571375571057)	(90, 0.0)	(95, 3.7883178883613022e-06)	(100, 0.0011800610222245458)	(105, 0.0)	(110, 4.419704203088187e-06)	(115, 0.0008233277544038564)	(120, 0.004370456070539489)	(125, 0.0)	(130, 0.0)	(135, 0.0010828275297566057)	(140, 0.0)	(145, 0.00011428092296556596)	(150, 0.003231119465614828)
NG-30919_Y_79_lib626626_10098_1_2	(1, 0.27775631064307704)	(2, 0.0)	(3, 0.0)	(4, 0.0)	(5, 0.04605016086460526)	(6, 0.0)	(7, 0.0)	(8, 0.0)	(9, 0.0)	(10, 2.6518225218529118e-05)	(15, 3.2832088365797955e-05)	(20, 0.0001748940091793468)	(25, 0.00010228458298575517)	(30, 0.002857023074139149)	(35, 0.0008921488627090867)	(40, 2.462406627434847e-05)	(45, 0.0009477108584050525)	(50, 0.0019351990546378984)	(55, 0.0)	(60, 0.0083538723301514)	(65, 0.0)	(70, 0.0)	(75, 0.0003182187026223494)	(80, 7.5766357767226044e-06)	(85, 0.002396742450703251)	(90, 0.0030508586727603024)	(95, 0.0011699588411889154)	(100, 3.7883178883613024e-05)	(105, 0.0006099191800261696)	(110, 0.0003889339698717604)	(115, 0.000396510605648483)	(120, 0.0007052585135499291)	(125, 0.004221448900263945)	(130, 0.00013448528503682622)	(135, 0.000515842619131864)	(140, 0.000635806018929972)	(145, 0.0014187250491913077)	(150, 0.0011680646822447348)
NG-A0611_CHP126_libLAB6088_1	(1, 0.0009597444896709225)	(2, 0.036805887536889785)	(3, 0.0)	(4, 0.00014113889553984152)	(5, 0.0)	(6, 0.1638873490809631)	(7, 0.0)	(8, 0.0016873939066763277)	(9, 0.0027631859326800088)	(10, 6.586481791859271e-05)	(15, 0.0001348660557380708)	(20, 0.0)	(25, 0.02047768553288056)	(30, 0.0)	(35, 0.017964785908291207)	(40, 0.0001254567960354147)	(45, 0.02010758798457609)	(50, 0.0)	(55, 0.0)	(60, 1.630938348460391e-05)	(65, 0.00063230225201849)	(70, 1.8818519405312204e-06)	(75, 8.154691742301955e-06)	(80, 8.593790528425907e-05)	(85, 6.272839801770735e-07)	(90, 0.0005382096549919291)	(95, 3.5127902889916116e-05)	(100, 6.272839801770735e-07)	(105, 0.0001988490217161323)	(110, 4.0146174731332706e-05)	(115, 0.00015117543922267473)	(120, 2.509135920708294e-06)	(125, 0.0004735994050336905)	(130, 0.00014929358728214348)	(135, 0.015574206659836382)	(140, 0.0003763703881062441)	(145, 0.013810911391558628)	(150, 0.0)
NG-A0611_CHP126_libLAB6088_2	(1, 0.13167945311877124)	(2, 0.0002509135920708294)	(3, 0.004431761319951024)	(4, 0.0010757920260036809)	(5, 0.0)	(6, 0.00026345927167437084)	(7, 0.0)	(8, 0.0)	(9, 0.0001442753154407269)	(10, 0.0005526371865360017)	(15, 2.6345927167437084e-05)	(20, 0.023078404914694713)	(25, 0.0007558771961133735)	(30, 8.154691742301955e-06)	(35, 5.645555821593661e-06)	(40, 0.01033575814137764)	(45, 1.6936667464780984e-05)	(50, 0.00026345927167437084)	(55, 7.77832135419571e-05)	(60, 5.833741015646784e-05)	(65, 6.272839801770735e-06)	(70, 0.0006768394146110622)	(75, 0.0002697321114761416)	(80, 0.0006392023758004379)	(85, 0.01053523444707395)	(90, 2.2582223286374645e-05)	(95, 1.4427531544072691e-05)	(100, 0.00037950680800712946)	(105, 0.0013969614238543426)	(110, 3.1364199008853674e-05)	(115, 0.0004114982909961602)	(120, 2.1954939306197574e-05)	(125, 0.0005771012617629076)	(130, 0.00010914741255081079)	(135, 0.00020951284937914256)	(140, 0.00035441544880004657)	(145, 7.464679364107174e-05)	(150, 0.0008170373841806381)
NG-A0611_CHP134_libLAB6074_1	(1, 0.0009059291814488364)	(2, 0.03639028204918425)	(3, 0.0)	(4, 0.0001224918329846314)	(5, 0.0)	(6, 0.16646895293930128)	(7, 0.0)	(8, 0.0016485359189181645)	(9, 0.0027637219817157463)	(10, 8.523390045180602e-05)	(15, 0.0001439279037569419)	(20, 0.0)	(25, 0.020318332796325732)	(30, 0.0)	(35, 0.017878703789381827)	(40, 0.00012504374617181124)	(45, 0.01992686931341235)	(50, 0.0)	(55, 0.0)	(60, 1.582186176051489e-05)	(65, 0.0006114383996482851)	(70, 1.0207652748719284e-06)	(75, 1.0207652748719284e-05)	(80, 8.82961962764218e-05)	(85, 0.0)	(90, 0.0005736700844780237)	(95, 3.113334088359382e-05)	(100, 0.0)	(105, 0.00021589185563541285)	(110, 4.4403289456928886e-05)	(115, 0.00015617708705540503)	(120, 4.593443736923678e-06)	(125, 0.00045526131259288006)	(130, 0.0001469901995815577)	(135, 0.015519204856515366)	(140, 0.0003817662128021012)	(145, 0.013740010982413594)	(150, 0.0)
NG-A0611_CHP134_libLAB6074_2	(1, 0.1334956826477508)	(2, 0.0001786339231025875)	(3, 0.004629170521544195)	(4, 0.0011432571078565598)	(5, 0.0)	(6, 0.0002653989714667014)	(7, 0.0)	(8, 0.0)	(9, 9.697270111283319e-05)	(10, 0.0005307979429334028)	(15, 3.011257560872189e-05)	(20, 0.022789605526790675)	(25, 0.0007747608436277937)	(30, 6.124591649231571e-06)	(35, 5.103826374359642e-06)	(40, 0.010445491057764442)	(45, 1.6332244397950854e-05)	(50, 0.0002893869554261917)	(55, 8.217160462719023e-05)	(60, 6.022515121744378e-05)	(65, 8.166122198975427e-06)	(70, 0.0006910580910882956)	(75, 0.00028887657278875575)	(80, 0.0006762569946026526)	(85, 0.010646581816914212)	(90, 2.1436070772310497e-05)	(95, 1.1228418023591213e-05)	(100, 0.0003807454475272293)	(105, 0.0014377478896571113)	(110, 3.674754989538942e-05)	(115, 0.0004220864411595424)	(120, 2.8581427696413997e-05)	(125, 0.0005971476858000781)	(130, 0.00010769073649898844)	(135, 0.00024447328333182685)	(140, 0.0003736000906031258)	(145, 7.145356924103499e-05)	(150, 0.0008127843501167729)
NG-A0611_GIMEN_libLAB6073_1	(1, 0.0009377734751580977)	(2, 0.036162889635784144)	(3, 0.0)	(4, 0.00011520062087071459)	(5, 0.0)	(6, 0.16535735434700446)	(7, 0.0)	(8, 0.0016229140098102423)	(9, 0.0026799302328871497)	(10, 7.3162499570524e-05)	(15, 0.0001447081483218099)	(20, 0.0)	(25, 0.020336345391672006)	(30, 0.0)	(35, 0.017869435254219475)	(40, 0.00011964696062361936)	(45, 0.019981850849554054)	(50, 0.0)	(55, 0.0)	(60, 1.6572720897190518e-05)	(65, 0.0006374434354846207)	(70, 1.2126381144285746e-06)	(75, 5.658977867333349e-06)	(80, 8.12467536667145e-05)	(85, 4.0421270480952485e-07)	(90, 0.0005460913641976681)	(95, 3.597493072804771e-05)	(100, 4.0421270480952485e-07)	(105, 0.000194830523718191)	(110, 4.1229695890571534e-05)	(115, 0.00015077133889395276)	(120, 3.233701638476199e-06)	(125, 0.00047454571544638214)	(130, 0.00013702810693042892)	(135, 0.015467603362241279)	(140, 0.00038278943145462005)	(145, 0.013712916010663132)	(150, 0.0)
NG-A0611_GIMEN_libLAB6073_2	(1, 0.13286875819793892)	(2, 0.00023040124174142918)	(3, 0.0046241933430209645)	(4, 0.0010408477148845265)	(5, 6.063190572142873e-06)	(6, 0.0002162537970730958)	(7, 0.0)	(8, 0.0)	(9, 0.00016976933602000046)	(10, 0.0005549840437034777)	(15, 2.384854958376197e-05)	(20, 0.02285135684099687)	(25, 0.0007768968186439067)	(30, 7.275828686571447e-06)	(35, 2.8294889336666744e-06)	(40, 0.010429900422200171)	(45, 1.2934806553904795e-05)	(50, 0.00026395089624061974)	(55, 7.80130520282383e-05)	(60, 5.537714055890491e-05)	(65, 5.254765162523823e-06)	(70, 0.0007158607002176685)	(75, 0.0002845657441859055)	(80, 0.0006495698166289064)	(85, 0.010583501250027789)	(90, 2.0210635240476243e-05)	(95, 1.2934806553904795e-05)	(100, 0.00038238521874981053)	(105, 0.0014256582098631943)	(110, 3.0720165565523894e-05)	(115, 0.00041633908595381064)	(120, 1.980642253566672e-05)	(125, 0.0005764073170583825)	(130, 0.00010671215406971458)	(135, 0.00023242230526547677)	(140, 0.0003548987548227628)	(145, 6.548245817914303e-05)	(150, 0.0008225728542873831)
NG-A0611_IMR32_libLAB6079_1	(1, 0.0009845965967457601)	(2, 0.036159894538533605)	(3, 0.0)	(4, 0.0001376876507322567)	(5, 0.0)	(6, 0.16433410796925213)	(7, 0.0)	(8, 0.001662643329597062)	(9, 0.0027381657334301615)	(10, 7.118191754837422e-05)	(15, 0.0001288548580437723)	(20, 0.0)	(25, 0.02015227630679739)	(30, 0.0)	(35, 0.017733649838274166)	(40, 0.00012937443408427137)	(45, 0.01983533492209295)	(50, 0.0)	(55, 0.0)	(60, 1.091109685048072e-05)	(65, 0.0006224520965179001)	(70, 1.5587281214972454e-06)	(75, 6.754488526488064e-06)	(80, 9.404326333033382e-05)	(85, 0.0)	(90, 0.0005616616997795075)	(95, 3.3772442632440325e-05)	(100, 0.0)	(105, 0.00021978066513111166)	(110, 4.0007355118429303e-05)	(115, 0.0001631468767167117)	(120, 3.6370322834935733e-06)	(125, 0.0004499528510722049)	(130, 0.00016262730067621262)	(135, 0.015389322743542306)	(140, 0.00039331906265780494)	(145, 0.013603020316306462)	(150, 0.0)
NG-A0611_IMR32_libLAB6079_2	(1, 0.13205284857304417)	(2, 0.00018704737457966947)	(3, 0.004530703073151994)	(4, 0.0012106121743628608)	(5, 0.0)	(6, 0.0002701795410595226)	(7, 0.0)	(8, 0.0)	(9, 0.00013249189032726587)	(10, 0.0005486722987670305)	(15, 2.9615834308447666e-05)	(20, 0.022655074093881466)	(25, 0.0007814423649106191)	(30, 7.2740645669871465e-06)	(35, 3.6370322834935733e-06)	(40, 0.01027721408107184)	(45, 1.0391520809981637e-05)	(50, 0.0002753753014645134)	(55, 8.8847502925343e-05)	(60, 5.7672940495398086e-05)	(65, 3.6370322834935733e-06)	(70, 0.0006671356360008211)	(75, 0.00029667791912497575)	(80, 0.000647391746461856)	(85, 0.010466859335854005)	(90, 2.0783041619963275e-05)	(95, 1.5587281214972456e-05)	(100, 0.0003938386386983041)	(105, 0.0014002574291450257)	(110, 3.117456242994491e-05)	(115, 0.00043124811361423793)	(120, 2.7537530146451343e-05)	(125, 0.0006037473590599331)	(130, 0.0001236590976387815)	(135, 0.00025095522756105656)	(140, 0.0003709772929163445)	(145, 7.689725399386413e-05)	(150, 0.0008196312038873016)
NG-A0611_KELLY_libLAB6075_1	(1, 0.0009230771948699875)	(2, 0.036457132560068474)	(3, 0.0)	(4, 0.00012366584428880214)	(5, 0.0)	(6, 0.1625101693073741)	(7, 0.0)	(8, 0.0015723228773861988)	(9, 0.0028001480456821626)	(10, 8.082446251732427e-05)	(15, 0.00013117412769205085)	(20, 0.0)	(25, 0.02037968947506499)	(30, 0.0)	(35, 0.01783084809152686)	(40, 0.00014221572093212246)	(45, 0.02002194185408667)	(50, 0.0)	(55, 0.0)	(60, 1.6341557995306e-05)	(65, 0.0005785794857797529)	(70, 1.7666549184114593e-06)	(75, 8.39161086245443e-06)	(80, 8.92160733797787e-05)	(85, 0.0)	(90, 0.0005547296443811983)	(95, 3.224145226100913e-05)	(100, 0.0)	(105, 0.00019919034205089203)	(110, 3.842474447544924e-05)	(115, 0.00014884067687616543)	(120, 1.3249911888085944e-06)	(125, 0.00044343038452127623)	(130, 0.00014486570330973965)	(135, 0.015502838572790159)	(140, 0.00037320585151442076)	(145, 0.01368715898039278)	(150, 0.0)
NG-A0611_KELLY_libLAB6075_2	(1, 0.13054696519601477)	(2, 0.00021420690885738943)	(3, 0.004266471627963674)	(4, 0.0011063676426551763)	(5, 2.208318648014324e-06)	(6, 0.00025616496316966156)	(7, 0.0)	(8, 0.0)	(9, 0.00012587416293681646)	(10, 0.0005339714490898636)	(15, 2.0316531561731782e-05)	(20, 0.02290158937109735)	(25, 0.000731836799951947)	(30, 6.624955944042973e-06)	(35, 5.299964755234378e-06)	(40, 0.010378214318208116)	(45, 1.5016566806497403e-05)	(50, 0.00026676489268013035)	(55, 7.596616149169275e-05)	(60, 5.6974621118769556e-05)	(65, 6.183292214440107e-06)	(70, 0.0006753038425627802)	(75, 0.00029061473407868507)	(80, 0.0006735371876443689)	(85, 0.010550021509023632)	(90, 2.119985902093751e-05)	(95, 8.833274592057297e-06)	(100, 0.0003891057457801239)	(105, 0.0013709242166872924)	(110, 3.224145226100913e-05)	(115, 0.0004195805431227215)	(120, 2.7824814964980483e-05)	(125, 0.0006019876634487047)	(130, 0.00011085759613031906)	(135, 0.00023143179431190115)	(140, 0.0003524476562230861)	(145, 6.978286927725264e-05)	(150, 0.0007817448013970708)
NG-A0611_LAN1_libLAB6085_1	(1, 0.0008707476009757872)	(2, 0.03622647706109515)	(3, 0.0)	(4, 9.889377185597584e-05)	(5, 0.0)	(6, 0.15890299502682517)	(7, 0.0)	(8, 0.0013049153798556812)	(9, 0.002867919383823299)	(10, 8.345669527357962e-05)	(15, 0.00010564749286077419)	(20, 0.0)	(25, 0.020356197517105427)	(30, 0.0)	(35, 0.017834647539099642)	(40, 0.00010371785828797466)	(45, 0.019944702944455925)	(50, 0.0)	(55, 0.0)	(60, 9.165764220797762e-06)	(65, 0.0004602178456126876)	(70, 9.648172863997643e-07)	(75, 6.75372100479835e-06)	(80, 5.837144582718574e-05)	(85, 4.824086431998821e-07)	(90, 0.0004645595234014865)	(95, 3.2803787737591985e-05)	(100, 0.0)	(105, 0.00013314478552316748)	(110, 2.219079758719458e-05)	(115, 0.00011143639657917278)	(120, 1.4472259295996464e-06)	(125, 0.0003555351700383131)	(130, 9.214005085117749e-05)	(135, 0.015480010951641018)	(140, 0.0002788321957695319)	(145, 0.013697511015017453)	(150, 0.0)
NG-A0611_LAN1_libLAB6085_2	(1, 0.12477981965008153)	(2, 0.00019778754371195168)	(3, 0.0032031933908472175)	(4, 0.0008176826502238002)	(5, 0.0)	(6, 0.00012542624723196937)	(7, 0.0)	(8, 0.0)	(9, 0.00011577807436797172)	(10, 0.0004235547887294965)	(15, 2.267320623039446e-05)	(20, 0.02283095385672082)	(25, 0.0005779255545534588)	(30, 6.271312361598468e-06)	(35, 1.9296345727995285e-06)	(40, 0.01039059976588226)	(45, 1.0130581507197524e-05)	(50, 0.00019248104863675295)	(55, 5.2582542108787154e-05)	(60, 4.196955195838975e-05)	(65, 9.165764220797762e-06)	(70, 0.0005846792755582572)	(75, 0.0001910338227071533)	(80, 0.0004669715666174859)	(85, 0.010438358221559049)	(90, 1.8331528441595523e-05)	(95, 8.200946934397996e-06)	(100, 0.00028848036863352955)	(105, 0.0010593693804669413)	(110, 3.135656180799234e-05)	(115, 0.0003101887575775242)	(120, 2.219079758719458e-05)	(125, 0.0004143890245086987)	(130, 8.442151255997937e-05)	(135, 0.00017125506833595816)	(140, 0.00025519417225273766)	(145, 5.210013346558727e-05)	(150, 0.00057286026379986)
NG-A0611_LAN2_libLAB6083_1	(1, 0.0009634530550739997)	(2, 0.03703395569860976)	(3, 0.0)	(4, 0.00015975624637706628)	(5, 0.0)	(6, 0.16502082914229205)	(7, 0.0)	(8, 0.0016835850579736986)	(9, 0.0029640928173960295)	(10, 7.668299826099182e-05)	(15, 0.00015189132347850302)	(20, 0.0)	(25, 0.02061199668640967)	(30, 0.0)	(35, 0.018102594724086832)	(40, 0.0001391108237683377)	(45, 0.020278720578583053)	(50, 0.0)	(55, 0.0)	(60, 1.720451884060714e-05)	(65, 0.0006021581594212498)	(70, 4.915576811602039e-07)	(75, 4.9155768116020395e-06)	(80, 9.388751710159894e-05)	(85, 0.0)	(90, 0.0005667660063777151)	(95, 4.620642202905917e-05)	(100, 4.915576811602039e-07)	(105, 0.000200063976232203)	(110, 3.9324614492816316e-05)	(115, 0.00016073936173938668)	(120, 3.932461449281631e-06)	(125, 0.00045321618202970803)	(130, 0.0001504166504350224)	(135, 0.015723947104952604)	(140, 0.0003868558950730805)	(145, 0.01388699605045692)	(150, 0.0)
NG-A0611_LAN2_libLAB6083_2	(1, 0.13262963574224043)	(2, 0.00020399643768148463)	(3, 0.004455970379717249)	(4, 0.001142871608697474)	(5, 0.0)	(6, 0.00026544114782651014)	(7, 0.0)	(8, 0.0)	(9, 0.00012780499710165303)	(10, 0.0005426796800008651)	(15, 2.6544114782651014e-05)	(20, 0.02318972516641378)	(25, 0.0007791189246389232)	(30, 7.37336521740306e-06)	(35, 4.424019130441835e-06)	(40, 0.010474111070161626)	(45, 1.1797384347844894e-05)	(50, 0.0002620002440583887)	(55, 8.110701739143365e-05)	(60, 6.14447101450255e-05)	(65, 9.339595942043875e-06)	(70, 0.0006763833692764406)	(75, 0.00028166255130479686)	(80, 0.0006444321200010274)	(85, 0.010686955546103993)	(90, 2.3103211014529586e-05)	(95, 1.4255172753645914e-05)	(100, 0.00040160262550788657)	(105, 0.001400447833625421)	(110, 3.834149913049591e-05)	(115, 0.0004197902597108142)	(120, 2.4577884058010193e-05)	(125, 0.0006114977553632937)	(130, 0.000122889420290051)	(135, 0.00024921974434822337)	(140, 0.0003603117802904295)	(145, 7.42252098551908e-05)	(150, 0.0007938656550737294)
NG-A0611_LAN5_libLAB6087_1	(1, 0.0009403663398583991)	(2, 0.037020136273088096)	(3, 0.0)	(4, 0.00017149538112919133)	(5, 0.0)	(6, 0.16391242702692893)	(7, 0.0)	(8, 0.0015406001738105686)	(9, 0.0027553591234756743)	(10, 6.688319864038462e-05)	(15, 0.00013833960744421436)	(20, 0.0)	(25, 0.020334778991758645)	(30, 0.0)	(35, 0.01783837789378805)	(40, 0.00014176951506679816)	(45, 0.01998721501933682)	(50, 0.0)	(55, 0.0)	(60, 1.6006235572057855e-05)	(65, 0.0006122385106312131)	(70, 1.7149538112919133e-06)	(75, 4.5732101634451025e-06)	(80, 9.37508083506246e-05)	(85, 0.0)	(90, 0.0005579316399403024)	(95, 3.658568130756082e-05)	(100, 5.716512704306378e-07)	(105, 0.0002012212471915845)	(110, 3.830063511885273e-05)	(115, 0.00015834740190928667)	(120, 2.2866050817225512e-06)	(125, 0.00045389110872192637)	(130, 0.00015034428412325775)	(135, 0.015516902084569231)	(140, 0.0003824346999180967)	(145, 0.013655605548047074)	(150, 0.0)
NG-A0611_LAN5_libLAB6087_2	(1, 0.13197427054796917)	(2, 0.0002315187645244083)	(3, 0.004484604216528353)	(4, 0.0012376250004823308)	(5, 0.0)	(6, 0.0002886838915674721)	(7, 0.0)	(8, 0.0)	(9, 0.00011718851043828073)	(10, 0.0005545017323177186)	(15, 2.972586606239316e-05)	(20, 0.022923215944268577)	(25, 0.0007894504044647108)	(30, 8.003117786028927e-06)	(35, 9.146420326890205e-06)	(40, 0.01025370883771435)	(45, 1.772118938334977e-05)	(50, 0.0002772508661588593)	(55, 8.288943421244248e-05)	(60, 5.716512704306378e-05)	(65, 5.1448614338757396e-06)	(70, 0.0006488241919387739)	(75, 0.00028525398394488825)	(80, 0.0006545407046430802)	(85, 0.010473222925559715)	(90, 2.1151097005933598e-05)	(95, 1.7149538112919134e-05)	(100, 0.00039729763294929325)	(105, 0.0014114069866932445)	(110, 4.0015588930144644e-05)	(115, 0.0004281668015525477)	(120, 2.972586606239316e-05)	(125, 0.0006036637415747535)	(130, 0.00012804988457646284)	(135, 0.0002423801386625904)	(140, 0.0003812913973772354)	(145, 7.660127023770546e-05)	(150, 0.0007803039841378206)
NG-A0611_LAN6_libLAB6089_1	(1, 0.0009183335138712754)	(2, 0.03657098324853124)	(3, 0.0)	(4, 0.00012937847847357747)	(5, 0.0)	(6, 0.16467850843357418)	(7, 0.0)	(8, 0.0016413308935765614)	(9, 0.0028234950302174853)	(10, 8.067128657764244e-05)	(15, 0.00014764367543455313)	(20, 0.0)	(25, 0.019967919211004374)	(30, 0.0)	(35, 0.017493999755956672)	(40, 0.00014510684252330654)	(45, 0.01964320459836481)	(50, 0.0)	(55, 0.0)	(60, 1.6235730631978353e-05)	(65, 0.0005931115346494592)	(70, 5.073665822493235e-07)	(75, 5.581032404742559e-06)	(80, 9.132598480487823e-05)	(85, 5.073665822493235e-07)	(90, 0.0005535369412340119)	(95, 4.3633526073441815e-05)	(100, 5.073665822493235e-07)	(105, 0.00019330666783699225)	(110, 3.855986025094858e-05)	(115, 0.00015626890733279162)	(120, 6.088398986991882e-06)	(125, 0.0004474973255439033)	(130, 0.00014054054328306261)	(135, 0.015208820669505721)	(140, 0.00039016490174972976)	(145, 0.01338737463923065)	(150, 0.0)
NG-A0611_LAN6_libLAB6089_2	(1, 0.13246580412656464)	(2, 0.00020040979998848276)	(3, 0.004373499938989168)	(4, 0.001187237802463417)	(5, 2.5368329112466175e-06)	(6, 0.00025368329112466175)	(7, 0.0)	(8, 0.0)	(9, 0.00014459947594105718)	(10, 0.0005347643776907869)	(15, 2.942726177046076e-05)	(20, 0.02252656888528771)	(25, 0.0007635867062852318)	(30, 7.6104987337398526e-06)	(35, 4.058932657994588e-06)	(40, 0.010088984488027797)	(45, 1.4206264302981057e-05)	(50, 0.00028514001922411977)	(55, 7.661235391964785e-05)	(60, 5.986925670542018e-05)	(65, 8.117865315989176e-06)	(70, 0.0006722607214803536)	(75, 0.00028514001922411977)	(80, 0.0006504439584436327)	(85, 0.010288379554851783)	(90, 2.2831496201219557e-05)	(95, 1.1162064809485118e-05)	(100, 0.00039980486681246693)	(105, 0.0014328032282720895)	(110, 3.8052493668699264e-05)	(115, 0.00042568056250718244)	(120, 2.5875695694715498e-05)	(125, 0.0005834715695867221)	(130, 0.00011720168049959372)	(135, 0.0002567274906181577)	(140, 0.00037545127086449935)	(145, 7.306078784390258e-05)	(150, 0.0007851497860308281)
NG-A0611_LS_libLAB6078_1	(1, 0.0010201686092977124)	(2, 0.03647537156600945)	(3, 0.0)	(4, 0.00015637621018432088)	(5, 0.0)	(6, 0.16532192227169062)	(7, 0.0)	(8, 0.001633262639702907)	(9, 0.0028172539453841937)	(10, 6.354334890029547e-05)	(15, 0.00012311523849432247)	(20, 0.0)	(25, 0.020296142784685)	(30, 0.0)	(35, 0.017820930772053177)	(40, 0.00012956885986700875)	(45, 0.019951122257452925)	(50, 0.0)	(55, 0.0)	(60, 1.6878702051640983e-05)	(65, 0.0006155761924716124)	(70, 2.482162066417792e-06)	(75, 7.942918612536933e-06)	(80, 9.382572611059253e-05)	(85, 4.964324132835583e-07)	(90, 0.0005584864649440032)	(95, 3.276453927671486e-05)	(100, 0.0)	(105, 0.00021197664047207943)	(110, 4.0707457889251785e-05)	(115, 0.0001538940481179031)	(120, 3.475026892984909e-06)	(125, 0.0004691286305529627)	(130, 0.0001504190212249182)	(135, 0.015455926755170307)	(140, 0.00038076366098848926)	(145, 0.013686145201814421)	(150, 0.0)
NG-A0611_LS_libLAB6078_2	(1, 0.13241093543305713)	(2, 0.00022835891011043687)	(3, 0.004373569561028149)	(4, 0.0011542053608842734)	(5, 0.0)	(6, 0.00026062701697386815)	(7, 0.0)	(8, 0.0)	(9, 0.0001439653998522319)	(10, 0.0005699044104495249)	(15, 2.6310917904028597e-05)	(20, 0.022827948092431147)	(25, 0.0007411735930323526)	(30, 5.460756546119142e-06)	(35, 3.971459306268467e-06)	(40, 0.010342672898349656)	(45, 1.3403675158656076e-05)	(50, 0.0002641020438668531)	(55, 7.595415923238442e-05)	(60, 5.3614700634624304e-05)	(65, 3.971459306268467e-06)	(70, 0.0006850767303313106)	(75, 0.00031275242036864177)	(80, 0.0006642265689734011)	(85, 0.010564578187087406)	(90, 2.134659377119301e-05)	(95, 1.2410810332088958e-05)	(100, 0.00039168517408072755)	(105, 0.0013830607034079935)	(110, 2.97859447970135e-05)	(115, 0.0004269318754238602)	(120, 2.38287558376108e-05)	(125, 0.0005927403014605688)	(130, 0.00011566875229506911)	(135, 0.00022935177493700395)	(140, 0.0003544527430844607)	(145, 6.850767303313106e-05)	(150, 0.0008290421301835425)
NG-A0611_MHHNB11_libLAB6084_1	(1, 0.0009607616381166506)	(2, 0.03678443775430232)	(3, 0.0)	(4, 0.00014353547364634299)	(5, 0.0)	(6, 0.16517691893095612)	(7, 0.0)	(8, 0.0015974109163867205)	(9, 0.0028915452674884256)	(10, 8.102808996164524e-05)	(15, 0.0001333490851940219)	(20, 0.0)	(25, 0.02041954168799152)	(30, 0.0)	(35, 0.017919246340603615)	(40, 0.00013844227942018243)	(45, 0.020081538798437232)	(50, 0.0)	(55, 0.0)	(60, 1.3427512050786924e-05)	(65, 0.0006195176249638933)	(70, 9.260353138473742e-07)	(75, 4.167158912313184e-06)	(80, 9.214051372781373e-05)	(85, 0.0)	(90, 0.0005597883472207377)	(95, 3.1022183013887033e-05)	(100, 4.630176569236871e-07)	(105, 0.00021298812218489605)	(110, 4.491271272159765e-05)	(115, 0.00017316860368945896)	(120, 4.167158912313184e-06)	(125, 0.0004833904338283293)	(130, 0.0001602041092955957)	(135, 0.015548595937154335)	(140, 0.00039310199072821033)	(145, 0.013716435068707305)	(150, 0.0)
NG-A0611_MHHNB11_libLAB6084_2	(1, 0.13254574955925927)	(2, 0.00016900144477714578)	(3, 0.004549148479275226)	(4, 0.0012246817025631522)	(5, 0.0)	(6, 0.0002685502410157385)	(7, 0.0)	(8, 0.0)	(9, 0.00013196003222325082)	(10, 0.0005546951529945771)	(15, 2.50029534738791e-05)	(20, 0.022927245317890213)	(25, 0.0007829628578579548)	(30, 5.556211883084245e-06)	(35, 6.019229540007932e-06)	(40, 0.010422990475009119)	(45, 1.111242376616849e-05)	(50, 0.0002981833710588545)	(55, 8.658430184472948e-05)	(60, 6.852661322470569e-05)	(65, 6.019229540007932e-06)	(70, 0.0007079539974363176)	(75, 0.00030327656528501503)	(80, 0.0006787838850501253)	(85, 0.01062023599685861)	(90, 2.50029534738791e-05)	(95, 1.3890529707710613e-05)	(100, 0.0004051404498082262)	(105, 0.0014168340301864825)	(110, 3.3337271298505474e-05)	(115, 0.00044542298596058694)	(120, 2.1761829875413293e-05)	(125, 0.0006195176249638933)	(130, 0.000128718908624785)	(135, 0.00024215823457108835)	(140, 0.0003819895669620418)	(145, 6.898963088162937e-05)	(150, 0.0008380619590318736)
NG-A0611_NBLS_libLAB6077_1	(1, 0.0009423416335203232)	(2, 0.037517761569222464)	(3, 0.0)	(4, 0.0001256455511360431)	(5, 0.0)	(6, 0.1643393550638989)	(7, 0.0)	(8, 0.001696214940336582)	(9, 0.00285717983283362)	(10, 6.684343320437493e-05)	(15, 0.00014273334609054495)	(20, 0.0)	(25, 0.020321408858539065)	(30, 0.0)	(35, 0.017914040098772482)	(40, 0.00013821010624964742)	(45, 0.019984176199289928)	(50, 0.0)	(55, 0.0)	(60, 1.3067137318148482e-05)	(65, 0.0006221967692256854)	(70, 5.025822045441724e-07)	(75, 6.030986454530069e-06)	(80, 8.342864595433261e-05)	(85, 5.025822045441724e-07)	(90, 0.0005719385487712681)	(95, 3.769366534081293e-05)	(100, 0.0)	(105, 0.00020153546402221315)	(110, 3.568333652263624e-05)	(115, 0.0001547953189996051)	(120, 3.0154932272650344e-06)	(125, 0.0004754427654987871)	(130, 0.00014876433254507504)	(135, 0.015546877915369428)	(140, 0.0003889986263171894)	(145, 0.013730043245942245)	(150, 0.0)
NG-A0611_NBLS_libLAB6077_2	(1, 0.13222183928250358)	(2, 0.00020103288181766896)	(3, 0.004553394773170202)	(4, 0.0011358357822698296)	(5, 0.0)	(6, 0.00025380401329480704)	(7, 0.0)	(8, 0.0)	(9, 0.00014826175034053085)	(10, 0.0005588714114531197)	(15, 2.512911022720862e-05)	(20, 0.02282225790835087)	(25, 0.0008026237806570433)	(30, 7.538733068162585e-06)	(35, 4.5232398408975515e-06)	(40, 0.010428580744291578)	(45, 1.256455511360431e-05)	(50, 0.00027139439045385306)	(55, 8.594155697705348e-05)	(60, 7.287441965890499e-05)	(65, 8.54389747725093e-06)	(70, 0.000691050531248237)	(75, 0.00028596927438563407)	(80, 0.0006568749413392332)	(85, 0.010603479351472949)	(90, 2.1611034795399415e-05)	(95, 1.4574883931780998e-05)	(100, 0.0004191535585898398)	(105, 0.001442913509246319)	(110, 3.266784329537121e-05)	(115, 0.0004367439357488858)	(120, 2.6636856840841135e-05)	(125, 0.0006136528717484345)	(130, 0.00012263005790877807)	(135, 0.0002638556573856905)	(140, 0.00036889533813542255)	(145, 7.186925524981666e-05)	(150, 0.000799105705225234)
NG-A0611_NGP_libLAB6082_1	(1, 0.0009157833195974866)	(2, 0.03659340093042501)	(3, 0.0)	(4, 0.00015443683200312645)	(5, 0.0)	(6, 0.1639387612984767)	(7, 0.0)	(8, 0.0016256508631908046)	(9, 0.0028421795924785903)	(10, 7.044487073826821e-05)	(15, 0.00013763843975015481)	(20, 0.0)	(25, 0.020414923539950124)	(30, 0.0)	(35, 0.01791629816322586)	(40, 0.00011325367680229274)	(45, 0.020035063121584543)	(50, 0.0)	(55, 0.0)	(60, 1.4630857768717243e-05)	(65, 0.0006285850004337779)	(70, 1.6256508631908049e-06)	(75, 5.960719831699618e-06)	(80, 8.832703023336705e-05)	(85, 0.0)	(90, 0.0005402579702004108)	(95, 3.034548277956169e-05)	(100, 0.0)	(105, 0.00020320635789885058)	(110, 3.6306202611261306e-05)	(115, 0.00015389494838206284)	(120, 4.876952589572415e-06)	(125, 0.0004974491641363863)	(130, 0.00015335306476099925)	(135, 0.015523881976230058)	(140, 0.0003858211381972843)	(145, 0.0137307890741306)	(150, 0.0)
NG-A0611_NGP_libLAB6082_2	(1, 0.13194324289277634)	(2, 0.00026281355621584674)	(3, 0.004435317438405579)	(4, 0.0010241600438102069)	(5, 0.0)	(6, 0.0002330099570573487)	(7, 0.0)	(8, 0.0)	(9, 0.0001761121768456705)	(10, 0.0005825248926433717)	(15, 2.709418105318008e-05)	(20, 0.022886454735621214)	(25, 0.0007624302548364874)	(30, 4.876952589572415e-06)	(35, 3.2513017263816097e-06)	(40, 0.010349435278693727)	(45, 1.1921439663399236e-05)	(50, 0.00024872458206819315)	(55, 6.71935690118866e-05)	(60, 5.2020827622105756e-05)	(65, 4.876952589572415e-06)	(70, 0.0007185376815303357)	(75, 0.00028665643554264523)	(80, 0.0006448415090656859)	(85, 0.010543429615034496)	(90, 1.5714625010844446e-05)	(95, 1.4088974147653642e-05)	(100, 0.0003841954873340935)	(105, 0.0013872220699228202)	(110, 2.655229743211648e-05)	(115, 0.00041237343562940083)	(120, 2.1675344842544065e-05)	(125, 0.0005765641728116721)	(130, 0.00010349977162314791)	(135, 0.00022921677170990347)	(140, 0.00032675582350135177)	(145, 5.9065314695932566e-05)	(150, 0.0008426290307539005)
NG-A0611_NMB_libLAB6080_1	(1, 0.0009348001817387172)	(2, 0.035888092987528625)	(3, 0.0)	(4, 0.0001477274898602636)	(5, 0.0)	(6, 0.16457811075284906)	(7, 0.0)	(8, 0.0015886759565300478)	(9, 0.002622768385551893)	(10, 7.991815025227375e-05)	(15, 0.00011818199188821087)	(20, 0.0)	(25, 0.020307928507741418)	(30, 0.0)	(35, 0.017854199118783727)	(40, 0.0001375560889190651)	(45, 0.019969850514553012)	(50, 0.0)	(55, 0.0)	(60, 1.7921039753540175e-05)	(65, 0.0006282050962254488)	(70, 1.4530572773140682e-06)	(75, 4.8435242577135606e-06)	(80, 8.524602693575867e-05)	(85, 0.0)	(90, 0.0005797698536483132)	(95, 3.777948921016577e-05)	(100, 4.843524257713561e-07)	(105, 0.00022038035372596703)	(110, 3.826384163593713e-05)	(115, 0.00016758593931688918)	(120, 3.3904669803994926e-06)	(125, 0.00048532113062289877)	(130, 0.00015353971896951986)	(135, 0.015495887157702995)	(140, 0.0004083090949252532)	(145, 0.01372606339393446)	(150, 0.0)
NG-A0611_NMB_libLAB6080_2	(1, 0.13227180395389962)	(2, 0.00021795859159711022)	(3, 0.004661892098049302)	(4, 0.0012036157780418197)	(5, 0.0)	(6, 0.00026155030991653226)	(7, 0.0)	(8, 0.0)	(9, 0.00014530572773140683)	(10, 0.0005584583469143736)	(15, 2.4217621288567802e-05)	(20, 0.02283818557997098)	(25, 0.0007991815025227376)	(30, 8.718343663884409e-06)	(35, 3.3904669803994926e-06)	(40, 0.010339955585366909)	(45, 1.5014925198912038e-05)	(50, 0.0002877053409081855)	(55, 9.49330754511858e-05)	(60, 6.538757747913306e-05)	(65, 9.687048515427121e-06)	(70, 0.0006931083212788105)	(75, 0.0003153134291771528)	(80, 0.00069649878825921)	(85, 0.010567116873053676)	(90, 2.615503099165323e-05)	(95, 9.687048515427121e-06)	(100, 0.00042574578225302196)	(105, 0.001435136237560528)	(110, 4.6013480448278826e-05)	(115, 0.00044415117443233354)	(120, 1.7921039753540175e-05)	(125, 0.0006364390874635619)	(130, 0.00012399422099746717)	(135, 0.0002586441953619041)	(140, 0.0003782792445274291)	(145, 8.330861723267324e-05)	(150, 0.0008355079344555893)
NG-A0611_SHSY5Y_libLAB6081_1	(1, 0.000984370098038453)	(2, 0.03637643523211065)	(3, 0.0)	(4, 0.00016123303329940178)	(5, 0.0)	(6, 0.1637646747871731)	(7, 0.0)	(8, 0.0015840438359239475)	(9, 0.00271267506901976)	(10, 8.03336516790002e-05)	(15, 0.0001391695655847468)	(20, 0.0)	(25, 0.020387209898282604)	(30, 0.0)	(35, 0.017913838594475644)	(40, 0.00012728923681531721)	(45, 0.020018919706430285)	(50, 0.0)	(55, 0.0)	(60, 1.5840438359239472e-05)	(65, 0.0006053310372995085)	(70, 2.262919765605639e-06)	(75, 9.617409003823966e-06)	(80, 9.108252056562697e-05)	(85, 0.0)	(90, 0.000567427131225614)	(95, 3.6772446191091635e-05)	(100, 1.1314598828028196e-06)	(105, 0.00020366277890450753)	(110, 4.073255578090151e-05)	(115, 0.0001561414638267891)	(120, 5.657299414014099e-06)	(125, 0.0004491895734727194)	(130, 0.0001555757338853877)	(135, 0.015616409302444517)	(140, 0.00037677614097333896)	(145, 0.013797021810897581)	(150, 0.0)
NG-A0611_SHSY5Y_libLAB6081_2	(1, 0.1313766356419424)	(2, 0.0002800363209936979)	(3, 0.004483409785606173)	(4, 0.0010805441880766928)	(5, 5.657299414014099e-06)	(6, 0.0002828649707007049)	(7, 0.0)	(8, 0.0)	(9, 0.00017820493154144408)	(10, 0.0005572439922803886)	(15, 3.1680876718478944e-05)	(20, 0.022960715401717617)	(25, 0.0007654326107161074)	(30, 6.223029355415508e-06)	(35, 5.657299414014099e-06)	(40, 0.010500513442351566)	(45, 1.5274708417838063e-05)	(50, 0.0002772076712866908)	(55, 8.485949121021147e-05)	(60, 6.223029355415507e-05)	(65, 7.920219179619736e-06)	(70, 0.0006811388494472974)	(75, 0.00028399643058350777)	(80, 0.0006568124619670368)	(85, 0.010656654906178358)	(90, 2.3194927597457804e-05)	(95, 1.6971898242042294e-05)	(100, 0.0003829991703287545)	(105, 0.0013673692683672076)	(110, 3.8469636015295864e-05)	(115, 0.0004129828572230292)	(120, 2.8286497070070488e-05)	(125, 0.000589490598940269)	(130, 0.00012672350687391578)	(135, 0.00024156668497840199)	(140, 0.00036715873196951497)	(145, 7.52420822063875e-05)	(150, 0.0008019221919364984)
NG-A0611_SIMA_libLAB6086_1	(1, 0.0009377261227912333)	(2, 0.03643123165466063)	(3, 0.0)	(4, 0.00014294605530354166)	(5, 0.0)	(6, 0.1648196606860896)	(7, 0.0)	(8, 0.0016324439515664458)	(9, 0.0026559377075398042)	(10, 6.575518543962917e-05)	(15, 0.00012464896022468833)	(20, 0.0)	(25, 0.020197134045948008)	(30, 5.717842212141666e-07)	(35, 0.017703011273011812)	(40, 0.00013779999731261417)	(45, 0.019848345671007364)	(50, 0.0)	(55, 0.0)	(60, 2.458672151220917e-05)	(65, 0.0006466879541932225)	(70, 1.7153526636424997e-06)	(75, 6.861410654569999e-06)	(80, 9.77751018276225e-05)	(85, 5.717842212141666e-07)	(90, 0.0005780738476475225)	(95, 3.316348483042167e-05)	(100, 5.717842212141666e-07)	(105, 0.00023042904114930915)	(110, 4.97452272456325e-05)	(115, 0.00018525808767339)	(120, 2.8589211060708335e-06)	(125, 0.0005048854673321092)	(130, 0.00017096348214303583)	(135, 0.015327819618088165)	(140, 0.00042655102902576834)	(145, 0.013543852847899964)	(150, 0.0)
NG-A0611_SIMA_libLAB6086_2	(1, 0.1325996198206713)	(2, 0.00020870124074317083)	(3, 0.004714360903910804)	(4, 0.0012550663655650958)	(5, 2.8589211060708335e-06)	(6, 0.000325917006092075)	(7, 0.0)	(8, 0.0)	(9, 0.00013151037087925834)	(10, 0.0005820763371960217)	(15, 1.4866389751568333e-05)	(20, 0.022696402876875132)	(25, 0.0007976389885937624)	(30, 5.146057990927499e-06)	(35, 4.574273769713333e-06)	(40, 0.01035100975664006)	(45, 2.4014937290995002e-05)	(50, 0.00030933526367686413)	(55, 9.720331760640833e-05)	(60, 7.547551720027e-05)	(65, 7.4331948757841666e-06)	(70, 0.0007387452138087033)	(75, 0.00033792447473757247)	(80, 0.0007233070398359208)	(85, 0.010546559960295304)	(90, 2.2871368848566668e-05)	(95, 1.4294605530354166e-05)	(100, 0.0004236921079196975)	(105, 0.0014489012165566984)	(110, 4.517095347591916e-05)	(115, 0.00045228131898040585)	(120, 2.172780040613833e-05)	(125, 0.000641541896202295)	(130, 0.00013322572354290083)	(135, 0.00024586721512209167)	(140, 0.0004008207390711309)	(145, 9.377261227912333e-05)	(150, 0.0008691120162455332)
NG-A0611_SKNBE2_libLAB6076_1	(1, 0.0008739423081550976)	(2, 0.036296048421301325)	(3, 0.0)	(4, 0.00012032539025323807)	(5, 0.0)	(6, 0.164774011607136)	(7, 0.0)	(8, 0.0015663410450509239)	(9, 0.002756929117030332)	(10, 7.599498331783458e-05)	(15, 0.00012876927728855303)	(20, 0.0)	(25, 0.02044011734638691)	(30, 4.221943517657477e-07)	(35, 0.01801461079549269)	(40, 0.00011990319590147234)	(45, 0.02013318205265321)	(50, 0.0)	(55, 0.0)	(60, 1.3510219256503926e-05)	(65, 0.0005931830642308756)	(70, 2.1109717588287383e-06)	(75, 1.1821441849440934e-05)	(80, 8.359448164961803e-05)	(85, 4.221943517657477e-07)	(90, 0.0005572965443307869)	(95, 3.54643255483228e-05)	(100, 4.221943517657477e-07)	(105, 0.00020054231708873012)	(110, 3.3775548141259813e-05)	(115, 0.00014565705135918293)	(120, 2.9553604623602334e-06)	(125, 0.0004563920942587732)	(130, 0.00015030118922860616)	(135, 0.015628790513664448)	(140, 0.00038124149964447016)	(145, 0.013825598437272938)	(150, 0.0)
NG-A0611_SKNBE2_libLAB6076_2	(1, 0.13201172991011398)	(2, 0.0002153191194005313)	(3, 0.0044224858347462065)	(4, 0.0010787065687614852)	(5, 0.0)	(6, 0.00026809341337124973)	(7, 0.0)	(8, 0.0)	(9, 0.0001266583055297243)	(10, 0.0005480082685919405)	(15, 2.9131410271836587e-05)	(20, 0.023002837061604997)	(25, 0.0007523503348465623)	(30, 6.3329152764862154e-06)	(35, 4.6441378694232244e-06)	(40, 0.010538393214424827)	(45, 1.646557971886416e-05)	(50, 0.00026809341337124973)	(55, 8.486106470491528e-05)	(60, 6.839548498605111e-05)	(65, 8.8660813870807e-06)	(70, 0.0007105530940217533)	(75, 0.00029638043493955486)	(80, 0.0006451129694980624)	(85, 0.010680250516618119)	(90, 2.1109717588287383e-05)	(95, 1.4776802311801169e-05)	(100, 0.00039517391325273984)	(105, 0.0013961967212893275)	(110, 3.799749165891729e-05)	(115, 0.00041248388167513546)	(120, 2.1531911940053133e-05)	(125, 0.000585583565899092)	(130, 0.00011568125238381485)	(135, 0.00023389567087822423)	(140, 0.0003559098385385253)	(145, 7.008426239311412e-05)	(150, 0.0007937253813196056)
NG-A2798_CCLF_PEDS_0051_T_libLAI2540_1	(1, 0.007857060873746819)	(2, 0.06649792678909085)	(3, 0.011180172193691992)	(4, 0.029018467157336796)	(5, 0.007821360483559405)	(6, 0.007821360483559405)	(7, 0.007821360483559405)	(8, 0.007821360483559405)	(9, 0.008234890003230291)	(10, 0.008056983058796341)	(15, 0.010620271074252705)	(20, 0.039484036540777374)	(25, 0.008768610836532138)	(30, 0.009919948420076256)	(35, 0.002772976211446363)	(40, 0.017371001642149084)	(45, 0.034715955559577856)	(50, 0.03171044246085911)	(55, 0.0506392267272421)	(60, 0.00023568463574537808)	(65, 0.0028057928014867963)	(70, 0.0003458481409861792)	(75, 0.0011424827303525)	(80, 3.5729506909580463e-06)	(85, 0.00014237483682145926)	(90, 0.00023186383439290735)	(95, 0.000912768966690346)	(100, 0.00012007690298368703)	(105, 0.016891071832100937)	(110, 0.000539746331472067)	(115, 0.01677873368090005)	(120, 0.005272726472543444)	(125, 0.006682821968529916)	(130, 0.017435634941453473)	(135, 0.008317094950985452)	(140, 0.014630238130198075)	(145, 0.0009276131635829101)	(150, 0.0005798760074531769)
NG-A2798_CCLF_PEDS_0051_T_libLAI2540_2	(1, 0.1487873261710814)	(2, 0.08192347038256954)	(3, 0.008050437987261983)	(4, 0.007571457752247503)	(5, 0.0077588848007314306)	(6, 0.02354143229608428)	(7, 0.008163489222855461)	(8, 0.007705334215450308)	(9, 0.007627983370044243)	(10, 0.01572780689706548)	(15, 0.026568230377473908)	(20, 0.008378286570483071)	(25, 0.008944137754953594)	(30, 0.009909833309523157)	(35, 0.004467696885355947)	(40, 0.003119406364948146)	(45, 0.0017495702930390988)	(50, 0.0171504317518091)	(55, 0.00031601422623440603)	(60, 0.024215322118152145)	(65, 0.033719392562391946)	(70, 0.0006238331886244708)	(75, 0.00017860470645548494)	(80, 0.016838552857954454)	(85, 0.0005849759471829864)	(90, 0.0005721868279635904)	(95, 0.001252142011420764)	(100, 0.0013039708408943583)	(105, 0.018045320429344203)	(110, 0.0031390908905881156)	(115, 0.03455233226404892)	(120, 0.0102569754930256)	(125, 0.006794172922510067)	(130, 0.004256778792529894)	(135, 0.009218546299500363)	(140, 0.007593483882658838)	(145, 0.0040417726074933194)	(150, 0.040939192063619824)
