Sample	0	1	2	3	4	5	6	7	8	9	10	11	12	13	14	15	16	17	18	19	20	21	22	23	24	25	26	27	28	29	30	31	32	33	34	35	36	37
NALM_6_1	(1, 31.231651135273083)	(2, 31.50665970281308)	(3, 35.33989134330062)	(4, 35.972902850844285)	(5, 36.21080847640966)	(6, 39.618851610789754)	(7, 39.72403724686435)	(8, 39.74825164414402)	(9, 39.80809729864469)	(10, 39.873253148257426)	(15, 39.8357777622359)	(20, 39.82262173617505)	(25, 39.71781099086007)	(30, 39.64539763466961)	(35, 39.590080353476196)	(40, 39.575416602195034)	(45, 39.50907073106643)	(50, 39.454812921788914)	(55, 39.37395157146435)	(60, 39.304096687095964)	(65, 39.218222028887325)	(70, 39.15846149798174)	(75, 38.73470949056885)	(80, 39.07362680271512)	(85, 39.0511008896487)	(90, 38.90371901303881)	(95, 38.84763207887632)	(100, 38.76448861875656)	(105, 38.612464091820854)	(110, 38.42980838517576)	(115, 38.27073561680025)	(120, 38.068145117638174)	(125, 37.81471308684817)	(130, 37.55662758970867)	(135, 37.22341155834207)	(140, 36.909041033929014)	(145, 36.61615645964035)	(150, 34.780253481379305)
NALM_6_2	(1, 30.93331164087332)	(2, 31.16708348704849)	(3, 34.72277812836899)	(4, 35.53945539476043)	(5, 35.84263128935837)	(6, 38.99177176338825)	(7, 39.10224767134279)	(8, 39.193256484330796)	(9, 39.27079348997063)	(10, 39.21558737238621)	(15, 39.18795941602664)	(20, 39.09211824833105)	(25, 39.027100016599455)	(30, 39.06652911567096)	(35, 38.977631006659486)	(40, 38.92066472524112)	(45, 38.79839555842674)	(50, 38.74408577915874)	(55, 38.65770808846653)	(60, 38.60333419626345)	(65, 38.494881383140935)	(70, 38.383778987275186)	(75, 37.89515837302796)	(80, 38.31857483774103)	(85, 38.23605766487616)	(90, 38.042917276416496)	(95, 37.883777721845725)	(100, 37.70170616462538)	(105, 37.403718498452406)	(110, 37.08595038979273)	(115, 36.67283550475311)	(120, 36.32025230527427)	(125, 35.864569894280976)	(130, 35.4933520582372)	(135, 35.10863963711496)	(140, 34.66492397503693)	(145, 34.25886459390184)	(150, 31.339996833513595)
NG-13640_BC3_lib236396_5774_5_1	(1, 31.508365554597912)	(2, 31.56877901674077)	(3, 35.35407518229684)	(4, 36.00013148190648)	(5, 36.22955847930797)	(6, 39.59882291050116)	(7, 39.75136062986713)	(8, 39.8146625366534)	(9, 39.88290633039854)	(10, 39.88627008315857)	(15, 39.825254462575245)	(20, 39.802383028312)	(25, 39.68087245081073)	(30, 39.65042694438128)	(35, 39.655204676575146)	(40, 39.62327089216314)	(45, 39.5909554325522)	(50, 39.56260911044014)	(55, 39.511620696452425)	(60, 39.43920913413675)	(65, 39.39792396774042)	(70, 39.350433317930836)	(75, 38.9553884789704)	(80, 39.2698089407755)	(85, 39.25718612735019)	(90, 39.19940175878934)	(95, 39.110803020108065)	(100, 39.01920101335047)	(105, 38.98961948152565)	(110, 38.88325434903999)	(115, 38.77991008581573)	(120, 38.59388806167418)	(125, 38.41434689224758)	(130, 38.36828873063632)	(135, 38.22559192401886)	(140, 38.034613930799296)	(145, 37.80577282567323)	(150, 36.439737518082424)
NG-13640_BC3_lib236396_5774_5_2	(1, 31.208767240458858)	(2, 31.23492798254965)	(3, 34.94674256723941)	(4, 35.681384032826735)	(5, 35.941259880063086)	(6, 39.10896963359351)	(7, 39.23652716673531)	(8, 39.36935111966461)	(9, 39.41348869687437)	(10, 39.40275147627305)	(15, 39.35305927890006)	(20, 39.29734430848613)	(25, 39.189451028933014)	(30, 39.233429867577435)	(35, 39.17624105262114)	(40, 39.09071471028997)	(45, 39.0292405454599)	(50, 38.955453537775256)	(55, 38.91256139957644)	(60, 38.8548353444561)	(65, 38.783693157826214)	(70, 38.70939818673247)	(75, 38.25363885032409)	(80, 38.68215399391588)	(85, 38.66025789717776)	(90, 38.57727666512935)	(95, 38.496919959489176)	(100, 38.34173857257258)	(105, 38.16505501351107)	(110, 38.0500530158117)	(115, 37.8351468380036)	(120, 37.586684814741524)	(125, 37.29254822562225)	(130, 37.01305424739696)	(135, 36.679989569277744)	(140, 36.35101663970717)	(145, 35.80563725087641)	(150, 33.42003316412247)
NG-13640_BCBL_1_lib241208_5808_6_1	(1, 31.46541555201566)	(2, 31.377570962147608)	(3, 35.25097045657528)	(4, 35.875413156123486)	(5, 36.14474447374093)	(6, 39.49080587651927)	(7, 39.62641009677661)	(8, 39.756026660838764)	(9, 39.78575920171398)	(10, 39.77715377629582)	(15, 39.70441940798917)	(20, 39.65210890517348)	(25, 39.50129524275618)	(30, 39.42881817583323)	(35, 39.40351557645556)	(40, 39.356612226505305)	(45, 39.332257107788394)	(50, 39.27605933154909)	(55, 39.2154748781537)	(60, 39.124413588105554)	(65, 39.100597001016375)	(70, 39.00275088703624)	(75, 38.58769594234467)	(80, 38.98498932370006)	(85, 38.99216234228671)	(90, 38.84123760306169)	(95, 38.72560633958479)	(100, 38.67394507244343)	(105, 38.5536741592658)	(110, 38.269781601051186)	(115, 38.17815552376398)	(120, 38.00285982347354)	(125, 37.7865710033317)	(130, 37.460674360977684)	(135, 37.199058050633596)	(140, 36.88690181681976)	(145, 36.528675456414454)	(150, 34.553595942555106)
NG-13640_BCBL_1_lib241208_5808_6_2	(1, 30.910820835063117)	(2, 31.03751149472107)	(3, 34.25899519228312)	(4, 35.07548638565086)	(5, 35.40627783871888)	(6, 38.511527037056965)	(7, 38.64679075203659)	(8, 38.70075850879912)	(9, 38.74604739417416)	(10, 38.6370526618302)	(15, 38.514659264752694)	(20, 38.36468325674194)	(25, 38.24879853372602)	(30, 38.15673182872107)	(35, 37.996743468488305)	(40, 37.770491879368485)	(45, 37.51436739277932)	(50, 37.29884384524761)	(55, 37.14200670549194)	(60, 36.87090090656111)	(65, 36.737359155659945)	(70, 36.38024325670587)	(75, 35.47456253924889)	(80, 36.20825702602143)	(85, 35.92056261079498)	(90, 35.28016854214621)	(95, 34.65598978153491)	(100, 34.139176125731126)	(105, 33.437634301480195)	(110, 32.61927241835103)	(115, 31.860441108699852)	(120, 31.053837753308482)	(125, 30.651010955269566)	(130, 29.96323708179732)	(135, 29.275483992764826)	(140, 28.557591878857437)	(145, 28.093448716935107)	(150, 25.04637219237962)
NG-13640_BJAB_lib227474_5697_7_1	(1, 31.24317977587924)	(2, 31.572043266440264)	(3, 35.4423952742467)	(4, 36.0388435742568)	(5, 36.281937508765274)	(6, 39.69966279164412)	(7, 39.80895321514761)	(8, 39.822078404985916)	(9, 39.90428824328754)	(10, 39.95293064984064)	(15, 39.91591203215263)	(20, 39.89948073271628)	(25, 39.7925145041496)	(30, 39.72934846775697)	(35, 39.66172965804537)	(40, 39.669828463941016)	(45, 39.604729439172004)	(50, 39.54542860076508)	(55, 39.477861508266955)	(60, 39.41908971819274)	(65, 39.34919704136654)	(70, 39.319289500708756)	(75, 39.043283714734876)	(80, 39.28869734857024)	(85, 39.258834095865026)	(90, 39.12529724178623)	(95, 39.095732743600166)	(100, 39.03902216413131)	(105, 38.91071619999898)	(110, 38.747434204746405)	(115, 38.61666050474593)	(120, 38.449471660743576)	(125, 38.205934997152966)	(130, 37.96783416314431)	(135, 37.684930925683474)	(140, 37.38090847648359)	(145, 37.09091638340304)	(150, 35.212020873789484)
NG-13640_BJAB_lib227474_5697_7_2	(1, 30.994875491405896)	(2, 31.315818721697653)	(3, 34.94848349603407)	(4, 35.76998253813951)	(5, 35.95199954088141)	(6, 39.30881059236497)	(7, 39.30147571272176)	(8, 39.345884706056694)	(9, 39.42694418149379)	(10, 39.41201779190729)	(15, 39.363681476213166)	(20, 39.302696279668176)	(25, 39.188939268579745)	(30, 39.239016190633855)	(35, 39.09727433957399)	(40, 39.027817480272134)	(45, 38.94709425964373)	(50, 38.87088416678261)	(55, 38.762932766892376)	(60, 38.70921571496205)	(65, 38.60974898235387)	(70, 38.51387663590588)	(75, 38.03999442827556)	(80, 38.41127829062221)	(85, 38.30394647073713)	(90, 38.131066290755214)	(95, 37.95297915906475)	(100, 37.73978166778323)	(105, 37.403123001989556)	(110, 37.03553683191049)	(115, 36.589182358952286)	(120, 36.22538764735153)	(125, 35.768479517684774)	(130, 35.40291175257083)	(135, 35.008966140026175)	(140, 34.606123144623396)	(145, 34.26115732176782)	(150, 31.271295711995652)
NG-13640_BONNA12_lib236392_5774_5_1	(1, 31.436881834576745)	(2, 31.563890984762445)	(3, 35.33782940036706)	(4, 35.99484523359775)	(5, 36.22842307654608)	(6, 39.59610219874424)	(7, 39.72408063254979)	(8, 39.80780148368559)	(9, 39.88092018408311)	(10, 39.86968922010318)	(15, 39.81741410917278)	(20, 39.8046324047731)	(25, 39.688739311290895)	(30, 39.660018293049454)	(35, 39.66643914159895)	(40, 39.634941765157635)	(45, 39.60765929154054)	(50, 39.58032540370776)	(55, 39.53355255862367)	(60, 39.46717566771697)	(65, 39.43143288665148)	(70, 39.39334214249754)	(75, 39.05675217240296)	(80, 39.32723318748888)	(85, 39.31696408126082)	(90, 39.2705568987648)	(95, 39.19618633968599)	(100, 39.12328042914148)	(105, 39.103389783550355)	(110, 39.01938647072516)	(115, 38.93725593157148)	(120, 38.78223841972617)	(125, 38.632781782342946)	(130, 38.59012317989176)	(135, 38.473041706617515)	(140, 38.31143803563118)	(145, 38.11848562838278)	(150, 36.835980940272194)
NG-13640_BONNA12_lib236392_5774_5_2	(1, 31.174429103922826)	(2, 31.298643302895698)	(3, 34.90026166500762)	(4, 35.71573392387564)	(5, 35.933122051958165)	(6, 39.13230442704787)	(7, 39.249520335930775)	(8, 39.30689784955697)	(9, 39.37393501444372)	(10, 39.3719630591411)	(15, 39.31675067258548)	(20, 39.25877502702328)	(25, 39.1648241074285)	(30, 39.207451178283776)	(35, 39.105859300350495)	(40, 38.998938913378694)	(45, 38.93409105687177)	(50, 38.860729064821285)	(55, 38.81984744612379)	(60, 38.7637490382568)	(65, 38.690628169619195)	(70, 38.61834735938237)	(75, 38.140626260009064)	(80, 38.58282500661042)	(85, 38.56128686229562)	(90, 38.47510766150466)	(95, 38.39635541044986)	(100, 38.24451748332516)	(105, 38.06726143838165)	(110, 37.95073651785132)	(115, 37.735145549020004)	(120, 37.484565118473185)	(125, 37.19439739990696)	(130, 36.9166739291687)	(135, 36.58809228530497)	(140, 36.26525614697833)	(145, 35.72829570543207)	(150, 33.37018080594996)
NG-13640_BV_173_lib227468_5681_8_1	(1, 31.20731780830932)	(2, 31.365423713764702)	(3, 35.197981154580795)	(4, 35.863796708479775)	(5, 36.0748308628866)	(6, 39.437116086583416)	(7, 39.57089434896577)	(8, 39.67821734597943)	(9, 39.62608328991573)	(10, 39.737386631599065)	(15, 39.66182275295863)	(20, 39.63297750614983)	(25, 39.541708720899315)	(30, 39.481559451847474)	(35, 39.43584087094514)	(40, 39.35470810411391)	(45, 39.32845371653201)	(50, 39.32264001839765)	(55, 39.27741173343513)	(60, 39.18414723503467)	(65, 39.150417147039654)	(70, 39.099881465429824)	(75, 38.73506447514424)	(80, 39.0619875577011)	(85, 39.010923585990746)	(90, 38.87917670417106)	(95, 38.8830295227699)	(100, 38.77237995219857)	(105, 38.719252245170956)	(110, 38.65369179975139)	(115, 38.50340020696226)	(120, 38.341687673125826)	(125, 38.152525028597026)	(130, 37.97663272919764)	(135, 37.671298983397044)	(140, 37.52190869840929)	(145, 37.27132188468164)	(150, 35.5068218926816)
NG-13640_BV_173_lib227468_5681_8_2	(1, 30.80374748395727)	(2, 31.12302981347256)	(3, 34.532284191589724)	(4, 35.36660742567251)	(5, 35.64426107892599)	(6, 38.83336940825559)	(7, 38.912888696489304)	(8, 38.93956905923213)	(9, 39.01323528053032)	(10, 38.90882919731815)	(15, 38.88037563289798)	(20, 38.80071049193198)	(25, 38.73370089942049)	(30, 38.69245183237319)	(35, 38.61593316453049)	(40, 38.528903471846014)	(45, 38.441092143952346)	(50, 38.33308183234615)	(55, 38.2284422687066)	(60, 38.194444993424256)	(65, 38.068340836015764)	(70, 38.027178410753386)	(75, 37.584092745188535)	(80, 37.962315646067495)	(85, 37.91819838608196)	(90, 37.78010116677679)	(95, 37.643705752351984)	(100, 37.49746615454925)	(105, 37.34094545742175)	(110, 37.10298104866588)	(115, 36.871332938142984)	(120, 36.5206046603917)	(125, 36.249296139018064)	(130, 35.85474953487575)	(135, 35.35131437035608)	(140, 34.89013171534397)	(145, 34.352890908308325)	(150, 31.792779050321755)
NG-13640_CCRF_CEM_lib241217_5826_6_1	(1, 31.183293468795885)	(2, 31.435843762140454)	(3, 35.145590800791624)	(4, 35.859631674831135)	(5, 36.06246835304219)	(6, 39.40471227104484)	(7, 39.516643526753136)	(8, 39.63194917145178)	(9, 39.690580274476496)	(10, 39.74345709021604)	(15, 39.66852864760203)	(20, 39.63212025839262)	(25, 39.5188377095524)	(30, 39.43431272793772)	(35, 39.42684649183128)	(40, 39.34423294959892)	(45, 39.33633095074906)	(50, 39.28610328406033)	(55, 39.232212899630255)	(60, 39.169134703415786)	(65, 39.1223055116861)	(70, 39.01189890783813)	(75, 38.60382082662504)	(80, 38.908996187758476)	(85, 38.91679539135887)	(90, 38.82998611479675)	(95, 38.72335161965431)	(100, 38.60735631798713)	(105, 38.47937293140642)	(110, 38.381168343318066)	(115, 38.19172666429384)	(120, 37.97315120500288)	(125, 37.720413746486145)	(130, 37.4834278839394)	(135, 37.24075462005184)	(140, 36.89690824460261)	(145, 36.55789564945464)	(150, 34.74428542663652)
NG-13640_CCRF_CEM_lib241217_5826_6_2	(1, 30.50795466101933)	(2, 30.582114153747995)	(3, 33.565824558318525)	(4, 34.517272096483694)	(5, 34.78369014675214)	(6, 37.66659176670925)	(7, 37.85765719648173)	(8, 37.89931490857138)	(9, 37.923557015607905)	(10, 37.882154628593014)	(15, 37.760487125224486)	(20, 37.58380329683443)	(25, 37.484911499283456)	(30, 37.40323404021384)	(35, 37.13568344108792)	(40, 36.929875773070634)	(45, 36.75315496851393)	(50, 36.56827760566267)	(55, 36.43749854600889)	(60, 36.25264986290672)	(65, 36.108597796548054)	(70, 35.91986234850056)	(75, 35.19306918405831)	(80, 35.948894011288715)	(85, 35.742719292688356)	(90, 35.44819746678742)	(95, 35.08078545611642)	(100, 34.62570279113264)	(105, 34.13230141462392)	(110, 33.586027828707344)	(115, 32.89227500917265)	(120, 32.283256790722895)	(125, 31.427563836995226)	(130, 30.640742476656992)	(135, 30.12874302339216)	(140, 29.57287739184479)	(145, 29.001149311135332)	(150, 26.42793830226617)
NG-13640_CMK_lib259808_5981_3_1	(1, 31.477107613598164)	(2, 31.600404954766905)	(3, 35.573986096001605)	(4, 35.941250927359036)	(5, 36.31171683334049)	(6, 39.74847822606243)	(7, 39.886311522990276)	(8, 40.02213587455681)	(9, 40.04021921409892)	(10, 40.07139835465027)	(15, 40.031695197824035)	(20, 39.995180350292586)	(25, 39.88589978204415)	(30, 39.822612708426995)	(35, 39.80240258834328)	(40, 39.7559902321823)	(45, 39.71573891080575)	(50, 39.64620289864377)	(55, 39.57812528633374)	(60, 39.442423090451875)	(65, 39.40045488356775)	(70, 39.3102284396465)	(75, 38.91111470930206)	(80, 39.2752066808463)	(85, 39.23500997439042)	(90, 39.14136578411112)	(95, 39.04921533353692)	(100, 38.95520552336133)	(105, 38.869049855098126)	(110, 38.76147193564883)	(115, 38.644315814691296)	(120, 38.49570456257301)	(125, 38.27477483105111)	(130, 38.13786217608869)	(135, 37.950904637372574)	(140, 37.74046016358973)	(145, 37.41870959865814)	(150, 36.04167655946243)
NG-13640_CMK_lib259808_5981_3_2	(1, 30.901504850847406)	(2, 31.06351139206428)	(3, 34.398692198038546)	(4, 35.29757725822041)	(5, 35.4858227040677)	(6, 38.629746373908574)	(7, 38.77799661199334)	(8, 38.784697094521)	(9, 38.87709999809613)	(10, 38.90108537401367)	(15, 38.81271706800318)	(20, 38.74283405112115)	(25, 38.57962932123449)	(30, 38.62983549935957)	(35, 38.48857129837666)	(40, 38.259076142402215)	(45, 38.30611996546985)	(50, 38.208662294708596)	(55, 38.163555439807055)	(60, 38.074703611839105)	(65, 38.007474370023424)	(70, 37.72588389649927)	(75, 37.29729643881201)	(80, 37.966399687140196)	(85, 37.89976159198236)	(90, 37.74440315219363)	(95, 37.53588620745636)	(100, 37.38452599541366)	(105, 37.13596246948616)	(110, 36.866128168631825)	(115, 36.45205374439924)	(120, 36.029317248394264)	(125, 35.56891850106409)	(130, 35.18236971594847)	(135, 34.592782028948974)	(140, 34.03273369280465)	(145, 33.54145205151949)	(150, 30.947521332434633)
NG-13640_CML_T1_lib259818_5981_7_1	(1, 31.49057782159695)	(2, 31.64205305931831)	(3, 35.72189051153131)	(4, 36.246965119403896)	(5, 36.408531505129815)	(6, 39.92149966746726)	(7, 39.934617153681344)	(8, 40.07928862237199)	(9, 40.10159106929623)	(10, 40.128813398195526)	(15, 40.08341711853293)	(20, 40.05406933003218)	(25, 39.95295945718455)	(30, 39.88905856298277)	(35, 39.84089863402629)	(40, 39.78604498884026)	(45, 39.707610636995696)	(50, 39.64012460843601)	(55, 39.53553353492834)	(60, 39.419180702606454)	(65, 39.291533958803726)	(70, 39.12919064728754)	(75, 38.38572719612466)	(80, 38.99114753333323)	(85, 38.93996152112986)	(90, 38.82445364409333)	(95, 38.701225621332)	(100, 38.59004449667131)	(105, 38.50390255145892)	(110, 38.362830281047366)	(115, 38.3001727121457)	(120, 38.18180031622197)	(125, 38.006737064430766)	(130, 37.89189420735132)	(135, 37.73161170874935)	(140, 37.58271202618921)	(145, 37.39199409579379)	(150, 35.86634757257927)
NG-13640_CML_T1_lib259818_5981_7_2	(1, 30.976529186790977)	(2, 31.276035185299218)	(3, 34.83013512678302)	(4, 35.63070710814206)	(5, 35.866940918441436)	(6, 39.19118011391594)	(7, 39.27381858110788)	(8, 39.34181534080594)	(9, 39.41867132368065)	(10, 39.38516941982682)	(15, 39.31451339527028)	(20, 39.20925781173081)	(25, 39.1302949177865)	(30, 39.17829254481281)	(35, 39.136075949727285)	(40, 39.072490007228865)	(45, 39.02272111378606)	(50, 38.9595439583473)	(55, 38.90001920187362)	(60, 38.8072274349814)	(65, 38.69703553803547)	(70, 38.58453678923047)	(75, 38.11483213954287)	(80, 38.65158600760494)	(85, 38.60218270781931)	(90, 38.476141609435714)	(95, 38.26422538879241)	(100, 38.09509456666653)	(105, 37.86410491894635)	(110, 37.591451225704425)	(115, 37.214473154426194)	(120, 36.83644625336389)	(125, 36.4538035997765)	(130, 36.01230008965807)	(135, 35.410599511632725)	(140, 34.89833517820807)	(145, 34.46919668216209)	(150, 31.603603783053657)
NG-13640_CRO_AP2_lib241209_5808_6_1	(1, 31.43786820486479)	(2, 31.44976904617696)	(3, 35.19938936708575)	(4, 35.8812915307631)	(5, 36.14863951479439)	(6, 39.46128519943894)	(7, 39.60316773987014)	(8, 39.683654334634376)	(9, 39.76457385186868)	(10, 39.762772176071365)	(15, 39.6820244802296)	(20, 39.63478187875885)	(25, 39.48652187534831)	(30, 39.41388084495425)	(35, 39.38849494807528)	(40, 39.34101682015849)	(45, 39.3179199121629)	(50, 39.258309459274344)	(55, 39.19638871124606)	(60, 39.10532355723058)	(65, 39.08029251726829)	(70, 38.98131701337815)	(75, 38.56308377339202)	(80, 38.97105713968109)	(85, 38.9752180158675)	(90, 38.82526010744848)	(95, 38.70937397807961)	(100, 38.647234800851955)	(105, 38.52537013832296)	(110, 38.23783575571537)	(115, 38.143672188790404)	(120, 37.96388904183735)	(125, 37.73411760026489)	(130, 37.40613646303974)	(135, 37.13530362083175)	(140, 36.81614672287189)	(145, 36.44591513087037)	(150, 34.446730411297125)
NG-13640_CRO_AP2_lib241209_5808_6_2	(1, 30.976245275438572)	(2, 31.009149846829743)	(3, 34.046194326533964)	(4, 35.012221117860136)	(5, 35.24724945817905)	(6, 38.29136249175748)	(7, 38.479150100617)	(8, 38.5117889226167)	(9, 38.6016356069159)	(10, 38.507383069006245)	(15, 38.354957505476094)	(20, 38.22638922030471)	(25, 38.07595688703662)	(30, 38.01292249084919)	(35, 37.79170857743042)	(40, 37.55869155008655)	(45, 37.307483568759345)	(50, 37.097766443596086)	(55, 36.938240785333534)	(60, 36.67525249828323)	(65, 36.534142171620445)	(70, 36.1782132338329)	(75, 35.24955072383539)	(80, 36.0088178574805)	(85, 35.71322026492718)	(90, 35.05768349820353)	(95, 34.41307260823693)	(100, 33.874111518275576)	(105, 33.15586002044843)	(110, 32.3097466802475)	(115, 31.541112083879806)	(120, 30.733195583745562)	(125, 30.31588795782442)	(130, 29.627507035917723)	(135, 28.94356584154147)	(140, 28.224492755709583)	(145, 27.751156407601332)	(150, 24.771817162756438)
NG-13640_CRO_AP5_lib227485_5684_6_1	(1, 31.50074333313711)	(2, 31.52964517905579)	(3, 35.35712304232446)	(4, 36.01545662171261)	(5, 36.22385014562421)	(6, 39.58810150420271)	(7, 39.71025303286543)	(8, 39.78745984896134)	(9, 39.85047278426403)	(10, 39.91024498888483)	(15, 39.869104172303494)	(20, 39.80425293209128)	(25, 39.714519617130044)	(30, 39.668330767863715)	(35, 39.629024331695014)	(40, 39.605733578533915)	(45, 39.584944246455436)	(50, 39.524493305049724)	(55, 39.448645315051365)	(60, 39.421806494819506)	(65, 39.36254917923852)	(70, 39.29996255633804)	(75, 38.94627651287034)	(80, 39.23525985276204)	(85, 39.2309158587248)	(90, 39.17022708909357)	(95, 39.0828350057942)	(100, 39.02218450310268)	(105, 38.963583172747754)	(110, 38.84294811239437)	(115, 38.74268812685558)	(120, 38.62520677734615)	(125, 38.43089891034549)	(130, 38.29111837452538)	(135, 38.071287418205344)	(140, 37.8464600790458)	(145, 37.66670944306376)	(150, 36.29792254838257)
NG-13640_CRO_AP5_lib227485_5684_6_2	(1, 31.27957329700512)	(2, 31.219649773316974)	(3, 34.771650471307936)	(4, 35.59007334723744)	(5, 35.82290209488282)	(6, 39.10679103855372)	(7, 39.18137783514724)	(8, 39.26298948117223)	(9, 39.298589743804015)	(10, 39.26419574400073)	(15, 39.210060537531035)	(20, 39.16479217158198)	(25, 39.06924922393693)	(30, 39.09907421799293)	(35, 38.99456154177513)	(40, 38.86575573460918)	(45, 38.765951656140786)	(50, 38.68463521399062)	(55, 38.5936868834586)	(60, 38.49373050479862)	(65, 38.40940454301988)	(70, 38.33569852052038)	(75, 37.799488413356244)	(80, 38.29235365325163)	(85, 38.30873550915116)	(90, 38.15566492769362)	(95, 37.948943648000615)	(100, 37.779702093545765)	(105, 37.55606461046552)	(110, 37.24776103738443)	(115, 36.90958840012808)	(120, 36.478178642850786)	(125, 36.05947632602962)	(130, 35.425332723365)	(135, 34.845896282356286)	(140, 34.400548983880284)	(145, 33.98430044945394)	(150, 30.977699170228888)
NG-13640_DAUDI_lib227475_5697_7_1	(1, 31.28470711103315)	(2, 31.488081494360436)	(3, 35.40866429514043)	(4, 36.01112072808378)	(5, 36.257600678647705)	(6, 39.677318723925325)	(7, 39.756441907731194)	(8, 39.83817312362914)	(9, 39.861534180704865)	(10, 39.91832952165015)	(15, 39.90596310281354)	(20, 39.88732517670714)	(25, 39.781595241052294)	(30, 39.719721917121504)	(35, 39.65015218910237)	(40, 39.65466903731889)	(45, 39.58922952666403)	(50, 39.528835072298165)	(55, 39.46192517575738)	(60, 39.3987225420645)	(65, 39.32568493544785)	(70, 39.290884505402246)	(75, 39.00174551113015)	(80, 39.2571434106796)	(85, 39.2282587327487)	(90, 39.090382400957495)	(95, 39.05668486083693)	(100, 38.99723284648611)	(105, 38.86427861590525)	(110, 38.69398209122163)	(115, 38.558065040626246)	(120, 38.38245159153614)	(125, 38.12527671083569)	(130, 37.874135875966516)	(135, 37.57655003909572)	(140, 37.25886926251512)	(145, 36.95511288347751)	(150, 35.09023081637552)
NG-13640_DAUDI_lib227475_5697_7_2	(1, 31.00919206038352)	(2, 31.321139326627208)	(3, 34.88329615751395)	(4, 35.733638728297684)	(5, 35.860476517645544)	(6, 39.20183141420686)	(7, 39.28787476877823)	(8, 39.30218200399007)	(9, 39.38340900617692)	(10, 39.34742711312144)	(15, 39.294381837981476)	(20, 39.22493255955888)	(25, 39.08839053101393)	(30, 39.158220747600325)	(35, 38.99586350145031)	(40, 38.932450424738946)	(45, 38.85143848031905)	(50, 38.77517517617254)	(55, 38.67434608009019)	(60, 38.62082280557421)	(65, 38.52256633853882)	(70, 38.427450073825774)	(75, 37.94277864551946)	(80, 38.32791452320486)	(85, 38.22198956198666)	(90, 38.04811477182443)	(95, 37.86864927797977)	(100, 37.65225335633366)	(105, 37.3119606443529)	(110, 36.94300649872537)	(115, 36.490422663472586)	(120, 36.12756557946514)	(125, 35.667065580208046)	(130, 35.30508422047066)	(135, 34.91342938710867)	(140, 34.5183674709643)	(145, 34.17811052328422)	(150, 31.234796406707456)
NG-13640_DEL_lib250969_5908_5_1	(1, 31.4800672453405)	(2, 31.544939884687537)	(3, 35.362757677875365)	(4, 35.99994863704053)	(5, 36.216604987488786)	(6, 39.6663320415423)	(7, 39.77922676002044)	(8, 39.881736291397715)	(9, 39.929383434497424)	(10, 39.96272580142941)	(15, 39.90324197997636)	(20, 39.84917012755872)	(25, 39.72207266856324)	(30, 39.67928795930658)	(35, 39.62442168148213)	(40, 39.64332766363044)	(45, 39.62558135201541)	(50, 39.57026435985902)	(55, 39.524407145124755)	(60, 39.54096472512547)	(65, 39.46696302454422)	(70, 39.37832829408216)	(75, 39.028977725286346)	(80, 39.40884304962889)	(85, 39.410920505863686)	(90, 39.345303574770846)	(95, 39.23178764950979)	(100, 39.21818519831192)	(105, 39.20543703974381)	(110, 39.14585365287105)	(115, 38.85338408513369)	(120, 38.91798316485449)	(125, 38.84095918552656)	(130, 38.74013928804733)	(135, 38.61501690062407)	(140, 38.524614985757104)	(145, 38.27778879299004)	(150, 37.276403901017744)
NG-13640_DEL_lib250969_5908_5_2	(1, 30.575276663410964)	(2, 30.625198066837036)	(3, 33.5902377492313)	(4, 34.518757320409335)	(5, 34.846468649176074)	(6, 37.75547382465834)	(7, 37.735169110265765)	(8, 37.623006115216945)	(9, 37.69185239398411)	(10, 37.9202651150826)	(15, 37.823486704991694)	(20, 37.55169639600908)	(25, 37.44419465642572)	(30, 37.51478933498656)	(35, 37.292397163221224)	(40, 37.082028713193445)	(45, 37.00396109824904)	(50, 36.848073740689884)	(55, 36.80314619358298)	(60, 36.80496640845)	(65, 36.66467797198561)	(70, 36.498366970061014)	(75, 35.87694282623976)	(80, 36.61969652964196)	(85, 36.52978868029788)	(90, 36.289478378220274)	(95, 36.07863913402632)	(100, 36.02438367017759)	(105, 35.83285237709579)	(110, 35.54198578740959)	(115, 35.35778969111472)	(120, 34.795731344460265)	(125, 34.353287837268645)	(130, 33.909684740979934)	(135, 33.51816199094077)	(140, 33.058568168603756)	(145, 32.2766158173368)	(150, 30.07417722656345)
NG-13640_DERL7_lib236383_5767_8_1	(1, 31.20996978320583)	(2, 31.533568434690327)	(3, 35.227640599073105)	(4, 35.88797741646335)	(5, 36.10854167355056)	(6, 39.454108587734915)	(7, 39.57928015653406)	(8, 39.68117381065251)	(9, 39.77126015195258)	(10, 39.7931400742532)	(15, 39.755785813587806)	(20, 39.69851151749005)	(25, 39.58142783064127)	(30, 39.52717200890764)	(35, 39.500810117720754)	(40, 39.483333703648235)	(45, 39.4544577100029)	(50, 39.400457528824205)	(55, 39.33374193448878)	(60, 39.253609176746075)	(65, 39.20864316789597)	(70, 39.16049663407806)	(75, 38.788942134392684)	(80, 39.154757929657265)	(85, 39.09103540377849)	(90, 39.01513524616867)	(95, 38.99086434234583)	(100, 38.94393472443655)	(105, 38.81906088882011)	(110, 38.77083167906801)	(115, 38.67226269311459)	(120, 38.482328579802854)	(125, 38.33491034165053)	(130, 38.19804754548717)	(135, 38.022228473311515)	(140, 37.807070695560526)	(145, 37.533862463721796)	(150, 36.017935037305044)
NG-13640_DERL7_lib236383_5767_8_2	(1, 30.962789936650896)	(2, 31.215695733560402)	(3, 34.693839632680486)	(4, 35.47807459661507)	(5, 35.75172700790178)	(6, 38.98281908218769)	(7, 39.030227407526176)	(8, 39.14272407431622)	(9, 39.16054443927674)	(10, 39.14894170865581)	(15, 39.09173430375682)	(20, 38.99923525512537)	(25, 38.96066267746816)	(30, 38.93983260543654)	(35, 38.815388060504304)	(40, 38.67957652771961)	(45, 38.610893241340094)	(50, 38.55464257781747)	(55, 38.4525605892559)	(60, 38.36530954723035)	(65, 38.26267004181391)	(70, 38.13260995548975)	(75, 37.67739726610186)	(80, 38.071617046323624)	(85, 37.99560089345812)	(90, 37.77881369805954)	(95, 37.59829162860917)	(100, 37.30791142063491)	(105, 36.93549182123705)	(110, 36.57591159778474)	(115, 36.145856174722404)	(120, 35.745125945802556)	(125, 35.19441775387665)	(130, 34.56181329748805)	(135, 34.157330017717086)	(140, 33.65762894452645)	(145, 33.27190511022842)	(150, 30.219999584485628)
NG-13640_DND_41_lib241218_5808_7_1	(1, 31.492205573819977)	(2, 31.51327534897538)	(3, 35.25109205077603)	(4, 35.92049317365193)	(5, 36.16357872075444)	(6, 39.49195395460981)	(7, 39.6280512094894)	(8, 39.71097631247067)	(9, 39.78580842617926)	(10, 39.793545213435735)	(15, 39.725687148223635)	(20, 39.669001971969635)	(25, 39.55146089090182)	(30, 39.48868715023746)	(35, 39.44489239400793)	(40, 39.397264627591326)	(45, 39.35903893435808)	(50, 39.29900110493653)	(55, 39.228427174199794)	(60, 39.16798486540114)	(65, 39.0975427258726)	(70, 39.01829482293067)	(75, 38.581875160187494)	(80, 38.976687923763784)	(85, 38.95336003628368)	(90, 38.82991228814498)	(95, 38.71962859524146)	(100, 38.62835282597546)	(105, 38.49010967233932)	(110, 38.315027849832475)	(115, 38.15481051244704)	(120, 37.95931483920346)	(125, 37.696075153971854)	(130, 37.42104788433854)	(135, 37.055052917049316)	(140, 36.76811661306719)	(145, 36.39418526129727)	(150, 34.44531671772074)
NG-13640_DND_41_lib241218_5808_7_2	(1, 30.925748901880535)	(2, 30.94316135398893)	(3, 33.89106872089105)	(4, 35.0449225469481)	(5, 35.29364231243442)	(6, 38.44310700794062)	(7, 38.40120070749465)	(8, 38.482127416201635)	(9, 38.61197816840047)	(10, 38.61174937616343)	(15, 38.499093479611744)	(20, 38.379679334911046)	(25, 38.19187167627107)	(30, 38.18530727233945)	(35, 37.957928048879985)	(40, 37.685754069245405)	(45, 37.520486740298985)	(50, 37.34811740880001)	(55, 37.155866534813775)	(60, 36.94053725354938)	(65, 36.7612473650875)	(70, 36.49956697329957)	(75, 35.5090167686814)	(80, 36.24680299097572)	(85, 35.95562813608947)	(90, 35.42212105687035)	(95, 34.71698993539488)	(100, 34.20274398831198)	(105, 33.47982925598273)	(110, 32.76710350693389)	(115, 31.996789239819883)	(120, 31.473126268267226)	(125, 30.870583575323376)	(130, 30.29241062469871)	(135, 29.78602712752261)	(140, 29.077531525742586)	(145, 28.372614446600203)	(150, 25.464729795638718)
NG-13640_DOHH2_lib236386_5774_8_1	(1, 31.384593564758756)	(2, 31.488183753019058)	(3, 35.292237790744906)	(4, 35.96665917528728)	(5, 36.212916268059594)	(6, 39.572863398866396)	(7, 39.712245328413594)	(8, 39.848482103925136)	(9, 39.870162516643305)	(10, 39.88215075902377)	(15, 39.834992597285066)	(20, 39.773349933494856)	(25, 39.638665040959054)	(30, 39.6045231525998)	(35, 39.605597969832786)	(40, 39.56635568762984)	(45, 39.54403510063516)	(50, 39.51568467140227)	(55, 39.45752719062688)	(60, 39.365328262476154)	(65, 39.34109683256243)	(70, 39.281351962191714)	(75, 38.883245079029976)	(80, 39.21350039824118)	(85, 39.207360373843315)	(90, 39.112254926637064)	(95, 39.04410972512083)	(100, 38.98352760375893)	(105, 38.921669054820384)	(110, 38.76657861147538)	(115, 38.653054289151655)	(120, 38.413533849071065)	(125, 38.22349035176026)	(130, 38.164333552969275)	(135, 38.01760039852369)	(140, 37.788241672511546)	(145, 37.46325185020223)	(150, 35.9703999637582)
NG-13640_DOHH2_lib236386_5774_8_2	(1, 31.026981797445696)	(2, 30.990994211556487)	(3, 34.510210110217216)	(4, 35.297926439964115)	(5, 35.63179240662758)	(6, 38.67235483937832)	(7, 38.76025536992523)	(8, 38.85016597949173)	(9, 38.9489712831705)	(10, 38.937026620808936)	(15, 38.86772752903573)	(20, 38.764991807303616)	(25, 38.62503047861405)	(30, 38.66148956872221)	(35, 38.63640337956852)	(40, 38.54765787180089)	(45, 38.469376211116256)	(50, 38.40026830778589)	(55, 38.34913749581056)	(60, 38.24623345119066)	(65, 38.16987205466005)	(70, 38.01864318083493)	(75, 37.59979433253495)	(80, 38.08990455792063)	(85, 38.08385633610555)	(90, 38.0072563318238)	(95, 37.87313001505049)	(100, 37.68626425127714)	(105, 37.5468029628014)	(110, 37.40026366524092)	(115, 37.12955595588997)	(120, 36.83388346470136)	(125, 36.47240035946368)	(130, 36.17370742987928)	(135, 35.79295233083157)	(140, 35.36304854144954)	(145, 34.87717064929974)	(150, 32.484140909816965)
NG-13640_ELF_153_lib259809_5981_3_1	(1, 31.485079728734735)	(2, 31.62634532867991)	(3, 35.57531324192481)	(4, 35.94637444215061)	(5, 36.29893923826261)	(6, 39.72105502336621)	(7, 39.84877605600395)	(8, 39.93081429052856)	(9, 40.02044039940197)	(10, 40.0327940510824)	(15, 39.97474680668959)	(20, 39.94529578315661)	(25, 39.821313866517684)	(30, 39.72866017627324)	(35, 39.68816568373494)	(40, 39.613409556073115)	(45, 39.52879043590405)	(50, 39.4041768259752)	(55, 39.2639413835711)	(60, 39.023504000267465)	(65, 38.8415242856098)	(70, 38.59719750784695)	(75, 37.57989113743376)	(80, 38.29830592510785)	(85, 38.2162205615158)	(90, 38.03878786144387)	(95, 37.897020080901896)	(100, 37.78596603102945)	(105, 37.69376071937118)	(110, 37.58921072828381)	(115, 37.49682415375055)	(120, 37.38676776063114)	(125, 37.19564769316736)	(130, 37.07732891848171)	(135, 36.92167086447889)	(140, 36.76645753986673)	(145, 36.49410002255887)	(150, 35.01201001535429)
NG-13640_ELF_153_lib259809_5981_3_2	(1, 30.858380099618536)	(2, 30.92125540064623)	(3, 34.18779551987233)	(4, 34.989839982777234)	(5, 35.35686639217607)	(6, 38.37787187692591)	(7, 38.45040922172851)	(8, 38.56783441597675)	(9, 38.65464117260395)	(10, 38.63052253262357)	(15, 38.549351227260225)	(20, 38.38402609890225)	(25, 38.21516644347403)	(30, 38.296547998293654)	(35, 38.28798531178562)	(40, 38.098394158245455)	(45, 38.136177141038914)	(50, 38.024390439800726)	(55, 37.956373588796815)	(60, 37.842256797487174)	(65, 37.74934116609975)	(70, 37.451904824931646)	(75, 37.053444659444004)	(80, 37.72295566027232)	(85, 37.63837444944001)	(90, 37.45841556115954)	(95, 37.22660396259885)	(100, 37.03209744170922)	(105, 36.7476893944277)	(110, 36.43424385260733)	(115, 35.962387813954834)	(120, 35.4792667177869)	(125, 34.97170419207295)	(130, 34.517932526915125)	(135, 33.84759566499872)	(140, 33.21640049700153)	(145, 32.673396525610414)	(150, 30.089792876207923)
NG-13640_EM_2_lib259814_5981_7_1	(1, 31.453910245280003)	(2, 31.664230878397596)	(3, 35.693810834154945)	(4, 36.22954630692569)	(5, 36.40195355436098)	(6, 39.902058601388674)	(7, 39.92453415123428)	(8, 40.02619325938822)	(9, 40.09919462392203)	(10, 40.12471041589478)	(15, 40.06142445400446)	(20, 40.041567036050495)	(25, 39.95188112811946)	(30, 39.89789771395884)	(35, 39.87187830201367)	(40, 39.8389814637865)	(45, 39.78632680278843)	(50, 39.753277149822225)	(55, 39.68972981974373)	(60, 39.62883598282692)	(65, 39.556889340542895)	(70, 39.46369312032541)	(75, 39.086425955300356)	(80, 39.44719066620901)	(85, 39.41822643106699)	(90, 39.35417887094511)	(95, 39.270284447081316)	(100, 39.193644250013435)	(105, 39.123205968884534)	(110, 38.99971314909787)	(115, 38.91873116936651)	(120, 38.77587893083968)	(125, 38.57423196701914)	(130, 38.42739358549707)	(135, 38.231936876725584)	(140, 38.018644440769755)	(145, 37.767322715011645)	(150, 36.282508560298886)
NG-13640_EM_2_lib259814_5981_7_2	(1, 31.141441934855)	(2, 31.316365039673528)	(3, 34.844424944262755)	(4, 35.653086981792995)	(5, 35.816957257945816)	(6, 39.139266701268795)	(7, 39.277944416929586)	(8, 39.34446944436209)	(9, 39.40504636951123)	(10, 39.39106902809978)	(15, 39.325697153176044)	(20, 39.2328739299954)	(25, 39.13286375438368)	(30, 39.18750340521866)	(35, 39.0818938240444)	(40, 38.987077730315534)	(45, 38.93259363761577)	(50, 38.86696584052387)	(55, 38.8110981442119)	(60, 38.71915401350415)	(65, 38.61092141358178)	(70, 38.50072423329212)	(75, 37.989753374508346)	(80, 38.55620231492546)	(85, 38.515580707948814)	(90, 38.39557191976166)	(95, 38.18679160749095)	(100, 38.02590329231422)	(105, 37.79955508055129)	(110, 37.53399755750371)	(115, 37.16398358831676)	(120, 36.793559501787605)	(125, 36.420401990831934)	(130, 35.988927466643716)	(135, 35.394672575083874)	(140, 34.894824778237776)	(145, 34.483483409530045)	(150, 31.57921137087041)
NG-13640_EOL_1_lib248390_5885_6_1	(1, 31.40658417212607)	(2, 31.308877984198713)	(3, 34.87572378484071)	(4, 35.59556486852689)	(5, 35.879420489308295)	(6, 39.05505748506887)	(7, 39.18465049138133)	(8, 39.37174544046277)	(9, 39.42451740726783)	(10, 39.49178527276653)	(15, 39.428400291640386)	(20, 39.28522815392726)	(25, 39.1631316992704)	(30, 39.0948869590743)	(35, 39.080663118230426)	(40, 39.06917240808083)	(45, 39.047188612140786)	(50, 38.98159007867777)	(55, 38.93193504799825)	(60, 38.86948613041462)	(65, 38.809985993565405)	(70, 38.76234453340692)	(75, 38.295972459820106)	(80, 38.63107809907884)	(85, 38.61094094045626)	(90, 38.58555597821346)	(95, 38.51512791555389)	(100, 38.47209076625462)	(105, 38.34766015907762)	(110, 38.26845965251941)	(115, 38.23862979231372)	(120, 38.052902195844375)	(125, 37.92454367053699)	(130, 37.84538884736786)	(135, 37.58849503650087)	(140, 37.498680524658695)	(145, 37.30258512212916)	(150, 36.01132047098374)
NG-13640_EOL_1_lib248390_5885_6_2	(1, 30.783651661350657)	(2, 30.910933852318948)	(3, 33.454424529546564)	(4, 34.807916874069235)	(5, 35.10888075338944)	(6, 38.21508362226554)	(7, 38.206818909212465)	(8, 38.21889684745252)	(9, 38.39725830298211)	(10, 38.42905105146255)	(15, 38.36432838605206)	(20, 38.31772684785193)	(25, 38.24212967503602)	(30, 38.25385606368676)	(35, 38.06049538289746)	(40, 37.916035169603155)	(45, 37.84122491491001)	(50, 37.76649231316971)	(55, 37.704911181785725)	(60, 37.60779158883364)	(65, 37.480916634063526)	(70, 37.344965274045414)	(75, 36.72555033467982)	(80, 37.394760415866386)	(85, 37.35850485501621)	(90, 37.23155453751859)	(95, 37.04388836990266)	(100, 36.824754153806744)	(105, 36.61407055540138)	(110, 36.31122020205568)	(115, 35.96751358850977)	(120, 35.53151921794971)	(125, 35.10757072798033)	(130, 34.713884653516565)	(135, 34.16932955552589)	(140, 33.513731131344066)	(145, 33.12267157648404)	(150, 30.591614037132427)
NG-13640_F_36P_lib248396_5885_1_1	(1, 31.36525839239288)	(2, 31.411054363385865)	(3, 35.028782955634675)	(4, 35.73309163228411)	(5, 35.99959609720276)	(6, 39.20583168482606)	(7, 39.44297522698135)	(8, 39.55023724911462)	(9, 39.605972704952926)	(10, 39.61216922879278)	(15, 39.50120464906742)	(20, 39.48133799434068)	(25, 39.3895869078231)	(30, 39.303176750661535)	(35, 39.244685956272164)	(40, 39.21610800779323)	(45, 39.18990318744143)	(50, 39.15647640908436)	(55, 39.089306511461636)	(60, 39.051369356784356)	(65, 39.03771730214559)	(70, 38.97718475416226)	(75, 38.55377509789532)	(80, 38.780309445316824)	(85, 38.80946134641256)	(90, 38.82403668186892)	(95, 38.793566624337714)	(100, 38.66136658580804)	(105, 38.66376949662246)	(110, 38.591481000052994)	(115, 38.469130638629814)	(120, 38.36628989867166)	(125, 38.2794630159154)	(130, 38.08737007641954)	(135, 37.98298815353446)	(140, 37.868290931456286)	(145, 37.678712240905554)	(150, 36.3572192448169)
NG-13640_F_36P_lib248396_5885_1_2	(1, 30.927693541007198)	(2, 31.11756366673256)	(3, 33.94697784197397)	(4, 35.154311532118754)	(5, 35.44743431211175)	(6, 38.72136457329865)	(7, 38.70892129387499)	(8, 38.73030846357823)	(9, 38.86480706625886)	(10, 38.87563881905144)	(15, 38.81665317587837)	(20, 38.78103245146211)	(25, 38.73358081171897)	(30, 38.75267120344449)	(35, 38.53826456942204)	(40, 38.40482574096255)	(45, 38.361247820611474)	(50, 38.29228685092605)	(55, 38.23889057716794)	(60, 38.15876212854848)	(65, 38.03421082959888)	(70, 37.956811964488686)	(75, 37.27395194918232)	(80, 37.97581015377747)	(85, 37.9253119767139)	(90, 37.82174520987634)	(95, 37.61885004635842)	(100, 37.417427442568346)	(105, 37.211226002374254)	(110, 36.9346157283628)	(115, 36.52468622507372)	(120, 36.13181577925998)	(125, 35.75735672980928)	(130, 35.28282879229802)	(135, 32.651867116855286)	(140, 34.33478350168709)	(145, 33.79821362977563)	(150, 31.180026592967174)
NG-13640_GRANTA_519_lib241206_5808_6_1	(1, 31.341030689851912)	(2, 31.377038686267746)	(3, 35.15698075305098)	(4, 35.875320431974195)	(5, 36.126194173155724)	(6, 39.45750601202696)	(7, 39.557628797707025)	(8, 39.61952010642352)	(9, 39.692856591605434)	(10, 39.727149327268116)	(15, 39.66120642709333)	(20, 39.62954772909647)	(25, 39.48815619258039)	(30, 39.41496157342504)	(35, 39.39170561447974)	(40, 39.34556988735825)	(45, 39.32448492979769)	(50, 39.26460550253144)	(55, 39.20359003047475)	(60, 39.11225974533182)	(65, 39.08916037507419)	(70, 38.98688368024088)	(75, 38.569324506978425)	(80, 38.973165560340874)	(85, 38.980156666999704)	(90, 38.8254427439928)	(95, 38.71112960678395)	(100, 38.6516649351709)	(105, 38.528957799543186)	(110, 38.24290601786247)	(115, 38.14840119049438)	(120, 37.97051688590456)	(125, 37.742256909678574)	(130, 37.41560840045537)	(135, 37.14552892258945)	(140, 36.82994939401017)	(145, 36.46044317281431)	(150, 34.463957041053305)
NG-13640_GRANTA_519_lib241206_5808_6_2	(1, 31.035533450792954)	(2, 30.971196331157312)	(3, 34.10152409098998)	(4, 35.06600036604557)	(5, 35.33554755958882)	(6, 38.41934425802954)	(7, 38.4975432885519)	(8, 38.56493323836526)	(9, 38.65209268051586)	(10, 38.57995552129475)	(15, 38.441278481736944)	(20, 38.296130681048126)	(25, 38.17107582157843)	(30, 38.089946324683936)	(35, 37.90856004265227)	(40, 37.67775947774468)	(45, 37.42345824143775)	(50, 37.210374565163)	(55, 37.04736226524865)	(60, 36.772018834800406)	(65, 36.63095467287235)	(70, 36.27516091290098)	(75, 35.33600380040689)	(80, 36.083702885684524)	(85, 35.791076728482224)	(90, 35.13817044663243)	(95, 34.50103712154292)	(100, 33.97534602484992)	(105, 33.263077629828395)	(110, 32.424796427253746)	(115, 31.662390227063195)	(120, 30.85442432260412)	(125, 30.444905040983087)	(130, 29.758624017263003)	(135, 29.069740952655707)	(140, 28.35333606078125)	(145, 27.88465632703709)	(150, 24.86874714776861)
NG-13640_HAIRM_lib236393_5774_5_1	(1, 31.424054509824863)	(2, 31.503972014959007)	(3, 35.29187725938516)	(4, 36.0022054816748)	(5, 36.22218476306923)	(6, 39.623706284048474)	(7, 39.73708933179866)	(8, 39.78795765771928)	(9, 39.8464333642528)	(10, 39.87952450204999)	(15, 39.83442252170566)	(20, 39.8276066784335)	(25, 39.71516041046958)	(30, 39.69156120274188)	(35, 39.6988147780988)	(40, 39.66895815812994)	(45, 39.641136595546136)	(50, 39.61497426046664)	(55, 39.56831107479254)	(60, 39.501540131321356)	(65, 39.46968057479336)	(70, 39.43077969431732)	(75, 39.095292325308506)	(80, 39.36806920417971)	(85, 39.362248930535046)	(90, 39.31475637264471)	(95, 39.24198023563381)	(100, 39.169415542611716)	(105, 39.15148403719343)	(110, 39.06664306055676)	(115, 38.98401921107642)	(120, 38.82846961724063)	(125, 38.67521278580707)	(130, 38.6356470225221)	(135, 38.517812657672266)	(140, 38.35904207201928)	(145, 38.1645101897532)	(150, 36.87889004586508)
NG-13640_HAIRM_lib236393_5774_5_2	(1, 31.177463802177257)	(2, 31.342403466937487)	(3, 35.051425842565685)	(4, 35.73714647229467)	(5, 35.957291585345985)	(6, 39.1539357371275)	(7, 39.30789769815412)	(8, 39.374742158256225)	(9, 39.407042359101965)	(10, 39.38632929505415)	(15, 39.322795653975305)	(20, 39.26284257232642)	(25, 39.16297806534737)	(30, 39.20693962697711)	(35, 39.115612393173194)	(40, 39.01277619049385)	(45, 38.94018488711517)	(50, 38.864418966814604)	(55, 38.820671326642035)	(60, 38.76120924609826)	(65, 38.68890284813111)	(70, 38.61506379782961)	(75, 38.14291118232778)	(80, 38.581694855776746)	(85, 38.561125505597204)	(90, 38.47590395462437)	(95, 38.39593503684587)	(100, 38.24372877966827)	(105, 38.06565346031681)	(110, 37.95056821582338)	(115, 37.73383420750643)	(120, 37.48547079533204)	(125, 37.19688790982498)	(130, 36.921143113565265)	(135, 36.59428499115676)	(140, 36.27421089829017)	(145, 35.74266572318138)	(150, 33.403329710582184)
NG-13640_HC1_lib236394_5774_5_1	(1, 31.487227609275937)	(2, 31.517850238164435)	(3, 35.35637865335544)	(4, 36.00695692270091)	(5, 36.22803244060207)	(6, 39.641840209506356)	(7, 39.83276392126145)	(8, 39.86862834754944)	(9, 39.900203032668095)	(10, 39.91180012479528)	(15, 39.85114017197112)	(20, 39.826066742799625)	(25, 39.70597708905999)	(30, 39.679416902639275)	(35, 39.685148154159435)	(40, 39.6532118331667)	(45, 39.62623166956942)	(50, 39.59980644239539)	(55, 39.553334124721346)	(60, 39.48842862884006)	(65, 39.45415362774373)	(70, 39.416596625057444)	(75, 39.08678591091476)	(80, 39.350709167116214)	(85, 39.3412939307103)	(90, 39.29665263435298)	(95, 39.223383248529885)	(100, 39.15322144189902)	(105, 39.13418921141407)	(110, 39.051684132127114)	(115, 38.971928862272115)	(120, 38.82053413344067)	(125, 38.67526586858493)	(130, 38.63082515258682)	(135, 38.51766367760888)	(140, 38.35828869351419)	(145, 38.17084898779537)	(150, 36.912267698356956)
NG-13640_HC1_lib236394_5774_5_2	(1, 31.09644843465319)	(2, 31.333495218280426)	(3, 35.04131030000066)	(4, 35.702925116100374)	(5, 35.951748483385764)	(6, 39.15699884587249)	(7, 39.3147528949198)	(8, 39.37365157070899)	(9, 39.40217089487733)	(10, 39.38001982103081)	(15, 39.32336584587665)	(20, 39.26787654264753)	(25, 39.16991236517377)	(30, 39.20981464914735)	(35, 39.1328303186814)	(40, 39.02518940230343)	(45, 38.95971251845079)	(50, 38.88232427677324)	(55, 38.84230540273467)	(60, 38.78772384451909)	(65, 38.71918414510842)	(70, 38.646967761186446)	(75, 38.1815195441564)	(80, 38.610218873966595)	(85, 38.588793539600445)	(90, 38.5065528366916)	(95, 38.430858549229484)	(100, 38.28456727056015)	(105, 38.11528884522831)	(110, 38.004808083180265)	(115, 37.79631617962973)	(120, 37.55463570437329)	(125, 37.27412938535936)	(130, 37.00296951471583)	(135, 36.68416817656747)	(140, 36.37173437412681)	(145, 35.848173716215015)	(150, 33.52351023905796)
NG-13640_HDLM_2_lib227487_5697_4_1	(1, 31.361943136613522)	(2, 31.536540375859794)	(3, 35.475314082226504)	(4, 36.06944030651044)	(5, 36.209431285283856)	(6, 39.67601386515883)	(7, 39.79231254495327)	(8, 39.86623896556385)	(9, 39.90475067282367)	(10, 39.938996474270304)	(15, 39.89212176413165)	(20, 39.872572785644174)	(25, 39.74989821867341)	(30, 39.70315846127387)	(35, 39.64352782451561)	(40, 39.652359907611654)	(45, 39.56432219056378)	(50, 39.52314019373698)	(55, 39.46345524435177)	(60, 39.412326817050506)	(65, 39.36967262219031)	(70, 39.308968795063734)	(75, 38.99966314226418)	(80, 39.28573293667131)	(85, 39.23976590315199)	(90, 39.199618637438064)	(95, 39.130337299371256)	(100, 39.062153179565925)	(105, 38.95903719167641)	(110, 38.82616704602488)	(115, 38.678734201325064)	(120, 38.554329183192614)	(125, 38.35074834454764)	(130, 38.085099821594724)	(135, 37.848152194479184)	(140, 37.58620622197296)	(145, 37.31120140644026)	(150, 35.484740032944295)
NG-13640_HDLM_2_lib227487_5697_4_2	(1, 31.063293590342134)	(2, 31.248944696476396)	(3, 34.94739152923726)	(4, 35.69525117172545)	(5, 35.93077248701411)	(6, 39.243317521538664)	(7, 39.239618509863526)	(8, 39.348232550189515)	(9, 39.391220072139745)	(10, 39.37420105122236)	(15, 39.322625759551)	(20, 39.26468947929719)	(25, 39.18220010099516)	(30, 39.19575214557831)	(35, 39.03804007961464)	(40, 38.96443880344667)	(45, 38.91479229665907)	(50, 38.857443598746215)	(55, 38.79262936048467)	(60, 38.72961078266535)	(65, 38.62521816364084)	(70, 38.56449745117034)	(75, 38.116869376791456)	(80, 38.482504378468)	(85, 38.406918668100644)	(90, 38.241194924922176)	(95, 38.15494095187917)	(100, 37.93010098175111)	(105, 37.618388472689354)	(110, 37.34841890246808)	(115, 37.023800570762006)	(120, 36.706383899182626)	(125, 36.26233528206833)	(130, 35.69672755859175)	(135, 35.3753097186896)	(140, 35.03880067578754)	(145, 34.74075916034987)	(150, 31.795654419009484)
NG-13640_HEL_lib248397_5885_1_1	(1, 31.422448024796736)	(2, 31.413198390902828)	(3, 35.066393115543065)	(4, 35.74253316994884)	(5, 36.00838707976629)	(6, 39.20798195903649)	(7, 39.3916867045192)	(8, 39.570350725036036)	(9, 39.62649003855303)	(10, 39.61888959219221)	(15, 39.51702695189927)	(20, 39.498445585741116)	(25, 39.408179884020235)	(30, 39.31963224202961)	(35, 39.26474227634709)	(40, 39.23321406539809)	(45, 39.206658050420465)	(50, 39.17433308587706)	(55, 39.10900606938919)	(60, 39.06912950909597)	(65, 39.05566998385639)	(70, 38.99559602754056)	(75, 38.568620696112404)	(80, 38.78779902042663)	(85, 38.81855304764728)	(90, 38.836157770527954)	(95, 38.80622884544281)	(100, 38.67036756556239)	(105, 38.67444026592803)	(110, 38.60184473154826)	(115, 38.475889040257954)	(120, 38.37157776898654)	(125, 38.28602150297762)	(130, 38.089770095605324)	(135, 37.98618921111068)	(140, 37.87308382169823)	(145, 37.68427800334892)	(150, 36.39086257836631)
NG-13640_HEL_lib248397_5885_1_2	(1, 31.125759070476732)	(2, 31.153799158179606)	(3, 34.31498528207496)	(4, 35.276770564913534)	(5, 35.594389069526706)	(6, 38.812924232024486)	(7, 38.89749267492874)	(8, 38.891387785712745)	(9, 38.9771390122923)	(10, 38.94135776513109)	(15, 38.903173318445766)	(20, 38.83438610253957)	(25, 38.787491802550434)	(30, 38.78364954133214)	(35, 38.60989290296118)	(40, 38.47086723862966)	(45, 38.41232547634441)	(50, 38.32937461629672)	(55, 38.26961470330032)	(60, 38.18470601355226)	(65, 38.057153198574944)	(70, 37.98269491021635)	(75, 37.294288461807)	(80, 37.99044362442361)	(85, 37.931631427009066)	(90, 37.83022539642751)	(95, 37.63083586389895)	(100, 37.434328710471924)	(105, 37.23226663295845)	(110, 36.956587169415116)	(115, 36.54704570170501)	(120, 36.16382450734382)	(125, 35.79233632712603)	(130, 35.32219782361025)	(135, 32.60903264400146)	(140, 34.40320069100427)	(145, 33.87113153472107)	(150, 31.272760606287264)
NG-13640_HG_3_lib227479_5697_4_1	(1, 31.338575251609292)	(2, 31.576880048885577)	(3, 35.46638374794224)	(4, 36.07919033035014)	(5, 36.23660190387119)	(6, 39.674833279497555)	(7, 39.78926967267596)	(8, 39.88281959087933)	(9, 39.95005224614819)	(10, 39.94551019225818)	(15, 39.897942541912286)	(20, 39.883735834854704)	(25, 39.76616172745453)	(30, 39.72054524201602)	(35, 39.659893215355424)	(40, 39.66478882983809)	(45, 39.5770510076194)	(50, 39.53599992278224)	(55, 39.47569813565973)	(60, 39.4270311903383)	(65, 39.383485894187785)	(70, 39.325246620152186)	(75, 39.01399191817699)	(80, 39.302768086030255)	(85, 39.25648708737058)	(90, 39.21450614612109)	(95, 39.14609933611083)	(100, 39.07744560202222)	(105, 38.975708964716084)	(110, 38.841244276066355)	(115, 38.69544519524702)	(120, 38.568523869626276)	(125, 38.36534891122422)	(130, 38.099529738240655)	(135, 37.86470161436722)	(140, 37.602770817586844)	(145, 37.32594519901505)	(150, 35.48079274134075)
NG-13640_HG_3_lib227479_5697_4_2	(1, 31.001994532956836)	(2, 31.3124193556502)	(3, 34.76818039312001)	(4, 35.746106911051946)	(5, 35.87999811965258)	(6, 39.27993920440359)	(7, 39.196358042591164)	(8, 39.298619056707786)	(9, 39.39404662315797)	(10, 39.41527157362341)	(15, 39.35181754428485)	(20, 39.319297233758036)	(25, 39.212230161346895)	(30, 39.26148946792755)	(35, 39.03216374846091)	(40, 38.97667710178866)	(45, 38.93996336172864)	(50, 38.903320810567934)	(55, 38.85474667770921)	(60, 38.800428148282535)	(65, 38.703684330005636)	(70, 38.649052058091854)	(75, 38.20176031007681)	(80, 38.57861339320848)	(85, 38.50930083790121)	(90, 38.34665640522705)	(95, 38.269139130614846)	(100, 38.0511910374886)	(105, 37.744464656043796)	(110, 37.48330037938838)	(115, 37.16278006039698)	(120, 36.84999155808657)	(125, 36.40604811543001)	(130, 35.84523207229206)	(135, 35.527384075059636)	(140, 35.19253545263545)	(145, 34.89365336322311)	(150, 31.918202533843715)
NG-13640_HH_lib241222_5808_1_1	(1, 31.202624026110595)	(2, 31.37348269335075)	(3, 34.82919699487814)	(4, 35.6844191926779)	(5, 35.944174405862235)	(6, 39.16471518231716)	(7, 39.348571997843095)	(8, 39.52529976106403)	(9, 39.53783053731338)	(10, 39.531046488937946)	(15, 39.412602074362695)	(20, 39.2778828154279)	(25, 39.060926065842594)	(30, 39.107996913282534)	(35, 38.859260142918814)	(40, 38.64659289327579)	(45, 38.61575664268874)	(50, 38.68351496156626)	(55, 38.65089039464758)	(60, 38.57614574619655)	(65, 38.51043189692387)	(70, 38.3250740574996)	(75, 37.77108471236759)	(80, 38.30119147294299)	(85, 38.26250743294849)	(90, 38.132033707207775)	(95, 37.97780018880844)	(100, 37.858107038886)	(105, 37.71499908125878)	(110, 37.517047510464316)	(115, 37.29220488719724)	(120, 36.99913430225479)	(125, 36.75412057490113)	(130, 36.45507882356848)	(135, 36.14122981655221)	(140, 35.753566104300056)	(145, 35.31402520924687)	(150, 33.49889923417148)
NG-13640_HH_lib241222_5808_1_2	(1, 30.786615094870704)	(2, 30.82771733131769)	(3, 34.17704819991556)	(4, 34.893436930234174)	(5, 35.283656337021476)	(6, 38.19533026453738)	(7, 38.283492671417974)	(8, 38.392453007414765)	(9, 38.450585005700624)	(10, 38.38010624506828)	(15, 38.27301481529506)	(20, 38.163211223507126)	(25, 37.92305841201669)	(30, 37.84587175890713)	(35, 37.67095651238877)	(40, 37.475792101988176)	(45, 37.25665934941736)	(50, 37.07738721384216)	(55, 36.84480349532802)	(60, 36.62266824586843)	(65, 36.36040683315755)	(70, 36.06044146385046)	(75, 35.24314573829001)	(80, 35.97908451628513)	(85, 35.62484768978489)	(90, 35.01472802571843)	(95, 34.30273910121492)	(100, 33.703555082568116)	(105, 32.942061231492744)	(110, 32.13393439144068)	(115, 31.324337951286157)	(120, 30.62201536717232)	(125, 30.074221291709033)	(130, 29.307105225123223)	(135, 28.7080757510828)	(140, 27.885023892015493)	(145, 27.29236875520844)	(150, 24.52433966858901)
NG-13640_HL60_lib236384_5767_8_1	(1, 31.27914766222561)	(2, 31.463428110114965)	(3, 35.2687458200467)	(4, 35.89843171966126)	(5, 36.10292388983952)	(6, 39.45364647501629)	(7, 39.558499886805976)	(8, 39.72644170329099)	(9, 39.752977438302835)	(10, 39.77132125908607)	(15, 39.75839533495122)	(20, 39.70073265595822)	(25, 39.58350464150875)	(30, 39.53388357401297)	(35, 39.509362649809006)	(40, 39.49293056819875)	(45, 39.4714606590417)	(50, 39.421076326755916)	(55, 39.35772295263884)	(60, 39.28254216883271)	(65, 39.24246067014335)	(70, 39.192344146884736)	(75, 38.83286644396742)	(80, 39.194840275845515)	(85, 39.13432871740536)	(90, 39.06259008415327)	(95, 39.042547202587144)	(100, 38.99905425028388)	(105, 38.87794160024201)	(110, 38.83550181932361)	(115, 38.740724727216005)	(120, 38.554642026074575)	(125, 38.41285558851841)	(130, 38.283449744988076)	(135, 38.11637819707662)	(140, 37.91626593196743)	(145, 37.662139588809524)	(150, 36.17681801268453)
NG-13640_HL60_lib236384_5767_8_2	(1, 30.82243285258327)	(2, 31.160486895661542)	(3, 34.60029829954207)	(4, 35.373565649978005)	(5, 35.691984778204535)	(6, 38.893784458693546)	(7, 38.94601686055994)	(8, 39.05786111404316)	(9, 39.065681835454484)	(10, 39.03617359242988)	(15, 38.97283054460838)	(20, 38.87238310788217)	(25, 38.83877699201655)	(30, 38.816375792978064)	(35, 38.693003969984865)	(40, 38.550353154525965)	(45, 38.48800719084759)	(50, 38.4283961296883)	(55, 38.327972411722946)	(60, 38.23857683004324)	(65, 38.13502815149063)	(70, 38.00343475448955)	(75, 37.54597804254972)	(80, 37.94953471378602)	(85, 37.87074021993197)	(90, 37.6517447499837)	(95, 37.46512252884786)	(100, 37.17085270908804)	(105, 36.78841535643505)	(110, 36.42425348271437)	(115, 35.98706201761165)	(120, 35.575823352779004)	(125, 35.018686768589205)	(130, 34.378064763092205)	(135, 33.969433857949596)	(140, 33.46500304389086)	(145, 33.0710464895013)	(150, 30.07010238111739)
NG-13640_HPB_ALL_lib241219_5808_7_1	(1, 31.40940465870841)	(2, 31.513098125164227)	(3, 35.2199922155921)	(4, 35.90258198691061)	(5, 36.151243429890556)	(6, 39.48209586183503)	(7, 39.59834052815548)	(8, 39.69681343462874)	(9, 39.77923840139052)	(10, 39.78299660307153)	(15, 39.71884215990292)	(20, 39.66859722483924)	(25, 39.55190399066106)	(30, 39.48388427063006)	(35, 39.43216828297583)	(40, 39.377512869365106)	(45, 39.32841835933666)	(50, 39.25738488098908)	(55, 39.17242200847573)	(60, 39.091701386173355)	(65, 38.99177024869419)	(70, 38.883693781865624)	(75, 38.279335410426135)	(80, 38.78068779154155)	(85, 38.745135507206534)	(90, 38.58474856385941)	(95, 38.437582374430846)	(100, 38.309106350207834)	(105, 38.13173528627896)	(110, 37.91751885746139)	(115, 37.71720146608108)	(120, 37.47607190382182)	(125, 37.15255827841118)	(130, 36.830797622161796)	(135, 36.397300602080975)	(140, 36.08159033846991)	(145, 35.66737657128901)	(150, 33.63012845797317)
NG-13640_HPB_ALL_lib241219_5808_7_2	(1, 30.8569016473655)	(2, 30.954723977137128)	(3, 34.11042667443036)	(4, 35.038656491397695)	(5, 35.39061077761181)	(6, 38.4853938876393)	(7, 38.55836254000809)	(8, 38.63816063551911)	(9, 38.68884819372775)	(10, 38.62432566496654)	(15, 38.520179902016594)	(20, 38.32115681648085)	(25, 38.16115888833637)	(30, 38.14444543978973)	(35, 38.00808948188018)	(40, 37.7631312256063)	(45, 37.590942462098354)	(50, 37.41879511225012)	(55, 37.21764286393514)	(60, 36.98693974160081)	(65, 36.795596081742495)	(70, 36.52795307124146)	(75, 35.56609556190257)	(80, 36.290489403461564)	(85, 35.990730516086664)	(90, 35.45184532912661)	(95, 34.74132227296269)	(100, 34.216054359297736)	(105, 33.483062182516285)	(110, 32.76755009358526)	(115, 31.995993603629767)	(120, 31.463560522979947)	(125, 30.83947583579789)	(130, 30.244617285372122)	(135, 29.725228153268528)	(140, 28.999433042073672)	(145, 28.27876407897346)	(150, 25.39884694557258)
NG-13640_HT_1080_lib259823_5972_8_1	(1, 27.34130611976354)	(2, 31.522259263775883)	(3, 34.814559613649585)	(4, 35.95454526763276)	(5, 36.222428540092324)	(6, 39.616853858370476)	(7, 39.73845228529452)	(8, 39.87934478127657)	(9, 39.91270781581637)	(10, 39.93435539493888)	(15, 39.90945197419002)	(20, 39.88157829572558)	(25, 39.77831429419178)	(30, 39.71889875687986)	(35, 39.70337576014036)	(40, 39.66822014170996)	(45, 39.65685380182939)	(50, 39.590706867725075)	(55, 39.56618752803764)	(60, 39.507649842565186)	(65, 39.41957430726562)	(70, 39.4048690746061)	(75, 39.06758612332563)	(80, 39.382199502412696)	(85, 39.37442350896324)	(90, 39.325291254082686)	(95, 39.258825646679085)	(100, 39.195725454966244)	(105, 39.144742969982715)	(110, 39.08943901085988)	(115, 39.00293146281697)	(120, 38.95170022273335)	(125, 38.82075268785424)	(130, 38.693816666283304)	(135, 38.55754424565254)	(140, 38.399290267954655)	(145, 38.22877512335916)	(150, 37.068319146445404)
NG-13640_HT_1080_lib259823_5972_8_2	(1, 28.14545761082279)	(2, 30.910758047692667)	(3, 33.71298399334563)	(4, 35.0198863369867)	(5, 35.351743476668)	(6, 38.431087653982914)	(7, 38.42457020096888)	(8, 38.443385791043916)	(9, 38.617965469070676)	(10, 38.66953878275511)	(15, 38.57374265142507)	(20, 38.514284309937196)	(25, 38.42914166383211)	(30, 38.4770163291956)	(35, 38.21492743914733)	(40, 38.065000653435106)	(45, 37.98320764291628)	(50, 36.05265146233894)	(55, 37.90680973190399)	(60, 37.80159769702997)	(65, 37.71887470121567)	(70, 37.586027655532654)	(75, 36.96201917745306)	(80, 37.69187927294839)	(85, 37.6642370017493)	(90, 37.513072801409315)	(95, 37.303244199301695)	(100, 37.094341483260436)	(105, 36.91600741253704)	(110, 36.605763657468415)	(115, 36.23326524415278)	(120, 35.831730821743804)	(125, 35.345483439821194)	(130, 34.97319940719236)	(135, 34.43289721305107)	(140, 33.70608898719614)	(145, 33.274437785588724)	(150, 30.72015417470503)
NG-13640_HT_1080_lib259823_5988_1_1	(1, 31.47827113375093)	(2, 31.551449651239313)	(3, 35.493523561083364)	(4, 36.02363599084036)	(5, 36.271683973307695)	(6, 39.69472877878968)	(7, 39.83386959211409)	(8, 39.96261976175995)	(9, 39.9945708865883)	(10, 39.99809311780969)	(15, 39.9831680655479)	(20, 39.94983871000547)	(25, 39.86312828838184)	(30, 39.807214109698926)	(35, 39.728430969339534)	(40, 39.75136396388359)	(45, 39.73282178737962)	(50, 39.67811155588751)	(55, 39.63754766766646)	(60, 39.585793401973305)	(65, 39.5192279288956)	(70, 39.47757612832853)	(75, 39.150887570716655)	(80, 39.47113545609543)	(85, 39.449537071232704)	(90, 39.416227653868)	(95, 39.37376669094484)	(100, 39.317171984029514)	(105, 39.28720622915926)	(110, 39.21360640761097)	(115, 39.14727745659957)	(120, 39.082832128428606)	(125, 38.9545295591704)	(130, 38.836617789618955)	(135, 38.69932284030543)	(140, 38.605048209516255)	(145, 38.47028153035712)	(150, 37.28388982423783)
NG-13640_HT_1080_lib259823_5988_1_2	(1, 30.675440848684303)	(2, 30.889597439666048)	(3, 33.97581113987448)	(4, 34.93076347980046)	(5, 35.24242375019235)	(6, 38.239620368849046)	(7, 38.417859987685475)	(8, 38.39212600237336)	(9, 38.512264027166964)	(10, 38.496714410652295)	(15, 38.4391564245052)	(20, 38.4261212807922)	(25, 38.34240249970584)	(30, 38.326448402316984)	(35, 38.15505327904034)	(40, 38.05020551285041)	(45, 37.946818059363885)	(50, 37.87642733711399)	(55, 37.819704921099444)	(60, 37.743753642806205)	(65, 37.69110218140548)	(70, 37.60265254106029)	(75, 37.03496053586555)	(80, 37.65880265670367)	(85, 37.59077705481297)	(90, 37.48464149298055)	(95, 37.36645676877312)	(100, 37.209478898339334)	(105, 36.99783380447819)	(110, 36.726050892560835)	(115, 36.54895335572543)	(120, 36.15082884838105)	(125, 35.85448968002875)	(130, 35.45994091601327)	(135, 35.07856632800091)	(140, 34.64058131880235)	(145, 34.06462688372384)	(150, 31.65529720130229)
NG-13640_JEKO1_lib236395_5774_5_1	(1, 31.53489024550725)	(2, 31.505183723861393)	(3, 35.35499893917667)	(4, 36.000477820108514)	(5, 36.22024364868964)	(6, 39.601229136862855)	(7, 39.75029130892033)	(8, 39.85901077312465)	(9, 39.88272375857336)	(10, 39.885878979609735)	(15, 39.83652947318676)	(20, 39.80899905499628)	(25, 39.68709413487763)	(30, 39.660707643410646)	(35, 39.66348069571306)	(40, 39.628718853762024)	(45, 39.60070457783933)	(50, 39.57497250825857)	(55, 39.52636388763155)	(60, 39.461077048351186)	(65, 39.425426463053675)	(70, 39.38764544442794)	(75, 39.04857240516165)	(80, 39.31788851813026)	(85, 39.30867188772959)	(90, 39.26207846660184)	(95, 39.18689444111619)	(100, 39.11687941282851)	(105, 39.09389975972313)	(110, 39.009640492137756)	(115, 38.927444509228295)	(120, 38.77080370123289)	(125, 38.620474234530796)	(130, 38.57253308219559)	(135, 38.45072058139592)	(140, 38.28089158899413)	(145, 38.07514674123244)	(150, 36.75745336937683)
NG-13640_JEKO1_lib236395_5774_5_2	(1, 31.25074854972425)	(2, 31.452386348927686)	(3, 35.09181288463838)	(4, 35.892516244676166)	(5, 36.06308363588679)	(6, 39.316925812608915)	(7, 39.48664046012551)	(8, 39.51000431677248)	(9, 39.58176296453798)	(10, 39.579543703634585)	(15, 39.52947919355229)	(20, 39.48593639098809)	(25, 39.40772086179859)	(30, 39.45241399353661)	(35, 39.31944969346599)	(40, 39.225147016137)	(45, 39.17043223065428)	(50, 39.110626032722685)	(55, 39.08157557211366)	(60, 39.03594843283586)	(65, 38.975781010301525)	(70, 38.91419160149587)	(75, 38.46042591504298)	(80, 38.87668627361411)	(85, 38.856485170902516)	(90, 38.77967526217033)	(95, 38.70614122931876)	(100, 38.563115792013676)	(105, 38.39874498100049)	(110, 38.28965558260011)	(115, 38.087549340873906)	(120, 37.85322283985257)	(125, 37.57651329954901)	(130, 37.302029391768755)	(135, 36.979846350441456)	(140, 36.65722801956848)	(145, 36.12852135409872)	(150, 33.68535202865955)
NG-13640_JURKAT_lib236382_5794_6_1	(1, 31.394140262717926)	(2, 31.547222455638202)	(3, 35.39407143548373)	(4, 36.03778579761261)	(5, 36.219880820042604)	(6, 39.63762811617117)	(7, 39.79269897194164)	(8, 39.93804545450362)	(9, 39.97778197061309)	(10, 39.95658118969564)	(15, 39.89653151444905)	(20, 39.8758650268382)	(25, 39.79939050466627)	(30, 39.728053063903886)	(35, 39.71528193964171)	(40, 39.66437160434319)	(45, 39.62784454340023)	(50, 39.569592552684426)	(55, 39.51883699282788)	(60, 39.455119057841706)	(65, 39.38762419431077)	(70, 39.321055682701385)	(75, 38.85431007148617)	(80, 39.207482718506206)	(85, 39.163761939109364)	(90, 39.06490579146222)	(95, 38.97721977121679)	(100, 38.91370614462788)	(105, 38.770527750029395)	(110, 38.61226524674555)	(115, 38.45934135115453)	(120, 38.26332278985292)	(125, 38.09385036361097)	(130, 37.87590460647989)	(135, 37.66588310279189)	(140, 37.36304247594268)	(145, 36.90496293381776)	(150, 35.361704229570705)
NG-13640_JURKAT_lib236382_5794_6_2	(1, 31.08507428421269)	(2, 30.9744262491674)	(3, 34.19129127182889)	(4, 35.05543763820753)	(5, 35.45515950822136)	(6, 38.59106628871448)	(7, 38.72668751317168)	(8, 38.82975326117913)	(9, 38.9038182673603)	(10, 38.900711669000074)	(15, 38.85194215977985)	(20, 38.777932300336076)	(25, 38.684270585997446)	(30, 38.63767231851113)	(35, 38.53558528350909)	(40, 38.43295735033448)	(45, 38.30497753106712)	(50, 38.22828674731871)	(55, 38.11857953047969)	(60, 37.93023888518923)	(65, 37.88262533724283)	(70, 37.74001607962764)	(75, 36.913936302615845)	(80, 37.79250263115066)	(85, 37.64602103193208)	(90, 37.37982432543116)	(95, 37.083035638879906)	(100, 36.84138044813839)	(105, 36.4987210664572)	(110, 36.033693293809854)	(115, 35.55145977802978)	(120, 34.94553478495497)	(125, 34.32064097074115)	(130, 33.91854731317521)	(135, 33.5217610052252)	(140, 33.05916564968485)	(145, 32.50984502350957)	(150, 29.40318533643297)
NG-13640_JVM2_lib236381_5767_8_1	(1, 31.2826138756155)	(2, 31.449943582144808)	(3, 35.27002587355866)	(4, 35.88038911630791)	(5, 36.1140335663789)	(6, 39.46111406342349)	(7, 39.594436174979336)	(8, 39.747713170864564)	(9, 39.78292158993437)	(10, 39.79858597051602)	(15, 39.772883686502816)	(20, 39.709861761602916)	(25, 39.588991843778366)	(30, 39.53652529348314)	(35, 39.510143987965)	(40, 39.49345319707594)	(45, 39.46783098644832)	(50, 39.41822091848152)	(55, 39.354608813943216)	(60, 39.28065188398711)	(65, 39.23465666882089)	(70, 39.18755331486686)	(75, 38.82637300992144)	(80, 39.18539734009162)	(85, 39.11886974834082)	(90, 39.04851330355387)	(95, 39.024081880809476)	(100, 38.9810303448048)	(105, 38.85724442663806)	(110, 38.8097980354226)	(115, 38.71232034706885)	(120, 38.52693550822515)	(125, 38.38502571345716)	(130, 38.25025104241416)	(135, 38.083045623945715)	(140, 37.87980894772921)	(145, 37.626373890291006)	(150, 36.13717435726922)
NG-13640_JVM2_lib236381_5767_8_2	(1, 30.878125987979033)	(2, 31.04454380770555)	(3, 34.4116691880032)	(4, 35.31271688061618)	(5, 35.59928987881109)	(6, 38.75759863956238)	(7, 38.787641326670666)	(8, 38.893903216847775)	(9, 38.927641016277505)	(10, 38.920320753346836)	(15, 38.855389326967774)	(20, 38.77204248079995)	(25, 38.732181434308664)	(30, 38.71588758948296)	(35, 38.575712092587914)	(40, 38.43360568865639)	(45, 38.37447055517187)	(50, 38.32295206229213)	(55, 38.22309955437956)	(60, 38.14100928234008)	(65, 38.036633365136474)	(70, 37.908745292003616)	(75, 37.44395377395697)	(80, 37.85896212325622)	(85, 37.7859072451171)	(90, 37.56694430588406)	(95, 37.388076988872456)	(100, 37.09537905833709)	(105, 36.72258918401588)	(110, 36.364908710328756)	(115, 35.933406969121236)	(120, 35.52690694903624)	(125, 34.977771121065885)	(130, 34.353862834043966)	(135, 33.95093541405076)	(140, 33.45293481635529)	(145, 33.06806554708643)	(150, 30.099973183942833)
NG-13640_JVM_13_lib227481_5697_4_1	(1, 31.347823208785634)	(2, 31.523244565479533)	(3, 35.45599356611053)	(4, 36.08363592105163)	(5, 36.24003778830572)	(6, 39.71844053497596)	(7, 39.88855053780737)	(8, 39.94294004840744)	(9, 39.96339246209386)	(10, 39.980305819056284)	(15, 39.92277131345374)	(20, 39.9015411812106)	(25, 39.78183199723386)	(30, 39.73681478961748)	(35, 39.681445824327945)	(40, 39.68901512092577)	(45, 39.59422309065117)	(50, 39.55440290950067)	(55, 39.493104482967794)	(60, 39.44550723710934)	(65, 39.402038649043625)	(70, 39.34240597668976)	(75, 39.03430392134565)	(80, 39.32182380407259)	(85, 39.27793688354207)	(90, 39.23856893588777)	(95, 39.1678929544856)	(100, 39.10395590042205)	(105, 39.005355659780214)	(110, 38.87142057352568)	(115, 38.730369901949054)	(120, 38.60571020051326)	(125, 38.40380658975401)	(130, 38.14150150420376)	(135, 37.90612234717974)	(140, 37.65027569652584)	(145, 37.37457542954766)	(150, 35.54378285793331)
NG-13640_JVM_13_lib227481_5697_4_2	(1, 31.161521109778363)	(2, 31.377065938522396)	(3, 35.17952148070652)	(4, 35.84009620729258)	(5, 36.04001956052705)	(6, 39.416439588537834)	(7, 39.4630886108466)	(8, 39.53541207470027)	(9, 39.55566869633367)	(10, 39.531800870472566)	(15, 39.47478362066531)	(20, 39.420715073889525)	(25, 39.33915582860966)	(30, 39.364064686969485)	(35, 39.21150718349177)	(40, 39.143791392247394)	(45, 39.08764830671188)	(50, 39.03907121611806)	(55, 38.980073560458706)	(60, 38.92225316769458)	(65, 38.81696411237145)	(70, 38.762804624472054)	(75, 38.32596735502626)	(80, 38.674647697910665)	(85, 38.603153966058095)	(90, 38.450599418139426)	(95, 38.37998547600927)	(100, 38.16917680428914)	(105, 37.88865340005206)	(110, 37.63923555179353)	(115, 37.33596689576095)	(120, 37.03528093138126)	(125, 36.59035512635125)	(130, 36.05271515893052)	(135, 35.75193095242726)	(140, 35.42690305315842)	(145, 35.136479811608936)	(150, 32.15587547010144)
NG-13640_JVM_3_lib227480_5697_4_1	(1, 31.325670094269547)	(2, 31.537257812875556)	(3, 35.450773374105374)	(4, 36.08187275854013)	(5, 36.23109632011209)	(6, 39.690653517462515)	(7, 39.78824314181643)	(8, 39.85570711414604)	(9, 39.90215051005049)	(10, 39.93884347196585)	(15, 39.899868462319624)	(20, 39.89017842206792)	(25, 39.77495848557463)	(30, 39.731777133868796)	(35, 39.67470909434546)	(40, 39.68104914283347)	(45, 39.590303274409315)	(50, 39.549240312533826)	(55, 39.48735150667254)	(60, 39.43652303995754)	(65, 39.394884436794165)	(70, 39.332479264979824)	(75, 39.02734924027743)	(80, 39.30782760662332)	(85, 39.26420128116271)	(90, 39.22135227054649)	(95, 39.153760965830365)	(100, 39.08379567868816)	(105, 38.98247760618323)	(110, 38.849578865020526)	(115, 38.705273691784356)	(120, 38.58026900690644)	(125, 38.377193941558254)	(130, 38.112335862201974)	(135, 37.87755360828131)	(140, 37.619175934424696)	(145, 37.34495422285605)	(150, 35.535918776592)
NG-13640_JVM_3_lib227480_5697_4_2	(1, 31.128213040739166)	(2, 31.33920100971187)	(3, 35.03664671622093)	(4, 35.80529456779597)	(5, 35.99068716733637)	(6, 39.35426702041288)	(7, 39.35316734985766)	(8, 39.42455195001132)	(9, 39.47866635862952)	(10, 39.468165346136686)	(15, 39.41235414532518)	(20, 39.35859212879824)	(25, 39.26873945275561)	(30, 39.29701586880306)	(35, 39.12513821612337)	(40, 39.06053769032873)	(45, 39.00728184373524)	(50, 38.95745159893573)	(55, 38.89599087544012)	(60, 38.836008589833064)	(65, 38.73391141705188)	(70, 38.67733774154455)	(75, 38.23011588731688)	(80, 38.5886954077564)	(85, 38.51279203001271)	(90, 38.35215706123131)	(95, 38.272973398795486)	(100, 38.05570778619062)	(105, 37.758411258532114)	(110, 37.50189185313208)	(115, 37.18779830347362)	(120, 36.88249314094502)	(125, 36.450329834714395)	(130, 35.9038437514411)	(135, 35.596926594702225)	(140, 35.2738786528726)	(145, 34.9870103412364)	(150, 32.04781056778564)
NG-13640_KASUMI_1_RNA_lib206691_5568_1_1	(1, 31.521222317538044)	(2, 31.690544744563514)	(3, 35.750231505586626)	(4, 36.28299570492885)	(5, 36.435346222364146)	(6, 39.881880057068756)	(7, 40.01726995721974)	(8, 40.14258943759256)	(9, 40.12903281133939)	(10, 40.258639996228794)	(15, 40.203370779933465)	(20, 40.20401180472088)	(25, 40.12680633082887)	(30, 40.05572727376837)	(35, 40.06162037131978)	(40, 40.03514067043805)	(45, 40.02293821537357)	(50, 40.01037099752342)	(55, 39.943369373721794)	(60, 39.84395939137668)	(65, 39.872298444990896)	(70, 39.744945417414485)	(75, 39.62295433886878)	(80, 39.822729659267985)	(85, 39.81359320373637)	(90, 39.77971202489421)	(95, 39.74539954388673)	(100, 39.682980135395816)	(105, 39.62677037122657)	(110, 39.54709408754573)	(115, 39.313525140960735)	(120, 39.3338125567778)	(125, 39.20986041484842)	(130, 39.04272256429091)	(135, 38.85978036465092)	(140, 38.81134866618959)	(145, 38.62043994184462)	(150, 36.898385107046536)
NG-13640_KASUMI_1_RNA_lib206691_5568_1_2	(1, 31.342933959452633)	(2, 31.47249511221596)	(3, 35.27386265306867)	(4, 35.98313957529744)	(5, 36.2416012542982)	(6, 39.74643958123656)	(7, 39.81471949406208)	(8, 39.760432479334945)	(9, 39.81067959174053)	(10, 39.83308371300605)	(15, 39.798079487712826)	(20, 39.70416901279413)	(25, 39.73360981194848)	(30, 39.61992991845837)	(35, 39.62381094016702)	(40, 39.617665922990206)	(45, 39.60809120348016)	(50, 39.54310859602815)	(55, 39.548479946436125)	(60, 39.43704272087045)	(65, 39.43178017076416)	(70, 39.37707690672848)	(75, 38.97475245481147)	(80, 39.350455998757845)	(85, 39.41143817369324)	(90, 39.26479781845434)	(95, 39.18480823187791)	(100, 39.05618187963094)	(105, 38.89474285102493)	(110, 38.62995514238027)	(115, 38.46716271493666)	(120, 38.23092723946533)	(125, 37.9183346512129)	(130, 37.66879964652952)	(135, 37.46693554250608)	(140, 37.3129595668868)	(145, 36.978497910257595)	(150, 33.77131305547692)
NG-13640_KCL_22_lib259815_5981_7_1	(1, 31.30996930171105)	(2, 31.539353279107914)	(3, 35.3486241491379)	(4, 36.07959342183033)	(5, 36.31909003114255)	(6, 39.75320440625414)	(7, 39.78466081826626)	(8, 39.94671655819976)	(9, 39.9734851646362)	(10, 40.025684959766686)	(15, 39.94722556545413)	(20, 39.86590826791306)	(25, 39.72747407064113)	(30, 39.73273569328064)	(35, 39.451709720866475)	(40, 39.26819505744031)	(45, 39.31778812102784)	(50, 39.39762518104731)	(55, 39.407625079907525)	(60, 39.38506042913328)	(65, 39.35851978421873)	(70, 39.287834622645086)	(75, 38.928288784722255)	(80, 39.333526705677635)	(85, 39.3055713088916)	(90, 39.236237176396386)	(95, 39.14966455145874)	(100, 39.06269809574573)	(105, 38.985680699607556)	(110, 38.85882465924162)	(115, 38.776260672020015)	(120, 38.63546121681374)	(125, 38.43569570516031)	(130, 38.29520217418408)	(135, 38.106242494269765)	(140, 37.905300410221095)	(145, 37.66238275228209)	(150, 36.20966005262861)
NG-13640_KCL_22_lib259815_5981_7_2	(1, 30.758170842495385)	(2, 30.96418559737271)	(3, 34.5271521341866)	(4, 35.24694959561571)	(5, 35.56258487589628)	(6, 38.64962733768789)	(7, 38.67808200111594)	(8, 38.80508933053683)	(9, 38.87908962752862)	(10, 38.85020679305863)	(15, 38.79435870615555)	(20, 38.693877413093745)	(25, 38.53150786569808)	(30, 38.55719478682048)	(35, 38.47937320175582)	(40, 38.38036425353117)	(45, 38.30234324348875)	(50, 38.20472934378142)	(55, 38.111630702334544)	(60, 37.985730948123134)	(65, 37.842473389601714)	(70, 37.70089876408123)	(75, 37.239109607835665)	(80, 37.831798907255475)	(85, 37.755560278038004)	(90, 37.594223660906835)	(95, 37.33163484812065)	(100, 37.11868104830351)	(105, 36.82937217617946)	(110, 36.484494348790676)	(115, 36.026266206351444)	(120, 35.568069351080496)	(125, 35.102747868809786)	(130, 34.593619123813724)	(135, 33.915435221997576)	(140, 33.35909363436567)	(145, 32.89828608230492)	(150, 30.203700449656157)
NG-13640_KG_1_lib248391_5885_6_1	(1, 31.475353083285082)	(2, 31.296772451798017)	(3, 34.87158626253334)	(4, 35.592291696972694)	(5, 35.88502933911561)	(6, 39.05482489490557)	(7, 39.14640890145084)	(8, 39.366405657348636)	(9, 39.41236970055479)	(10, 39.4844692266213)	(15, 39.434807258921076)	(20, 39.297999664844035)	(25, 39.1664552421508)	(30, 39.08492041188426)	(35, 39.05164558211239)	(40, 39.021394696538266)	(45, 38.977138213359346)	(50, 38.884695399769825)	(55, 38.80698286668769)	(60, 38.70274138987454)	(65, 38.58917733415639)	(70, 38.47309378503077)	(75, 37.71613900085543)	(80, 38.22507742877758)	(85, 38.18000719655871)	(90, 38.11148653958511)	(95, 38.01197118177493)	(100, 37.93543315820143)	(105, 37.80251965397601)	(110, 37.70763308592705)	(115, 37.68744286345841)	(120, 37.50990474795941)	(125, 37.39173840864157)	(130, 37.35073301857163)	(135, 37.09975602535785)	(140, 37.03943036702604)	(145, 36.86773512476778)	(150, 35.52604656494011)
NG-13640_KG_1_lib248391_5885_6_2	(1, 30.700969244237513)	(2, 30.78472105677077)	(3, 33.79366259416457)	(4, 34.76672110660878)	(5, 35.178385448067914)	(6, 38.17366707958515)	(7, 38.23959686425687)	(8, 38.330898764218155)	(9, 38.39653940199271)	(10, 38.3555013115208)	(15, 38.2965259667284)	(20, 38.189167693867915)	(25, 38.103092442121905)	(30, 38.083584716258244)	(35, 38.030737846744294)	(40, 37.926795787039545)	(45, 37.83817871050674)	(50, 37.745573722685705)	(55, 37.663507737844554)	(60, 37.55087937680136)	(65, 37.41373384151631)	(70, 37.26272336667282)	(75, 36.69263616899754)	(80, 37.319283871695475)	(85, 37.26779183016739)	(90, 37.13082370459858)	(95, 36.93491780110146)	(100, 36.70156953592262)	(105, 36.480114891735276)	(110, 36.16201123590752)	(115, 35.80178747993318)	(120, 35.35486500925138)	(125, 34.91621247949239)	(130, 34.50535072138352)	(135, 33.95813715536702)	(140, 33.293386153797556)	(145, 32.895399374579334)	(150, 30.43575039533057)
NG-13640_KHYG_1_lib248382_5885_5_1	(1, 31.32552921165817)	(2, 31.34148508692284)	(3, 34.852069580452195)	(4, 35.59762515025555)	(5, 35.89879068486199)	(6, 39.09554616082947)	(7, 39.29401328243787)	(8, 39.383228873436316)	(9, 39.408959634362915)	(10, 39.39880794712333)	(15, 39.403141588361066)	(20, 39.31847268302472)	(25, 39.17861945260276)	(30, 39.077585233554416)	(35, 39.05591422843192)	(40, 39.006407507964106)	(45, 38.943951976024465)	(50, 38.89109288795484)	(55, 38.84190800581631)	(60, 38.791761865672925)	(65, 38.70440713603137)	(70, 38.623473746294096)	(75, 38.16738101097879)	(80, 38.50322094138818)	(85, 38.47342724819312)	(90, 38.39072262807124)	(95, 38.30397621739462)	(100, 38.2131598380602)	(105, 38.1503852471976)	(110, 38.08588761968453)	(115, 38.008134222283374)	(120, 37.856000071079905)	(125, 37.68534020682038)	(130, 37.546047069083485)	(135, 37.36761726051687)	(140, 37.21023421022193)	(145, 36.96965054270349)	(150, 35.67133712161426)
NG-13640_KHYG_1_lib248382_5885_5_2	(1, 30.80768682248309)	(2, 30.928987795542184)	(3, 33.77767492961821)	(4, 34.84335920090571)	(5, 35.17367488223161)	(6, 38.11378124692239)	(7, 38.20597724675133)	(8, 38.242463040893135)	(9, 38.323072886904264)	(10, 38.37816946216144)	(15, 38.29721228799623)	(20, 38.182540420346484)	(25, 38.072188361994314)	(30, 38.083460312713804)	(35, 37.87450196716226)	(40, 37.74014407218697)	(45, 37.65226184116598)	(50, 37.58618658486664)	(55, 37.496952833344395)	(60, 37.37987371340988)	(65, 37.255413486161196)	(70, 37.134595465870476)	(75, 36.50381546095868)	(80, 37.13875509153718)	(85, 37.12225939958444)	(90, 36.91570889865015)	(95, 36.715271776795056)	(100, 36.51951964698546)	(105, 36.28524457441333)	(110, 35.910571208357645)	(115, 35.58848445091396)	(120, 35.16940404776595)	(125, 34.64485431972793)	(130, 34.236006805444745)	(135, 33.64669866737556)	(140, 32.958656832037875)	(145, 32.57749044082751)	(150, 30.153885525431146)
NG-13640_KMS_12_BM_lib248379_5885_5_1	(1, 31.335846016868718)	(2, 31.38849002331285)	(3, 34.8444382322423)	(4, 35.63508531054828)	(5, 35.93122229564158)	(6, 39.109247984619806)	(7, 39.32326521250392)	(8, 39.358191836808494)	(9, 39.43655110181257)	(10, 39.434594963218075)	(15, 39.42878401163984)	(20, 39.353762317673805)	(25, 39.217324069086416)	(30, 39.11660268178577)	(35, 39.09618267121968)	(40, 39.04992835536168)	(45, 38.983925096332534)	(50, 38.932206371491986)	(55, 38.8799426287374)	(60, 38.834007554903145)	(65, 38.74521492576913)	(70, 38.66088417477291)	(75, 38.21163912425684)	(80, 38.54319402109462)	(85, 38.51574854939337)	(90, 38.4326126244073)	(95, 38.34782670007154)	(100, 38.252519292346314)	(105, 38.19101569211343)	(110, 38.12605270719677)	(115, 38.05001558792685)	(120, 37.89754485278056)	(125, 37.72808652769655)	(130, 37.58891202039483)	(135, 37.404483180168896)	(140, 37.25569634499505)	(145, 37.01676967678308)	(150, 35.72794544714355)
NG-13640_KMS_12_BM_lib248379_5885_5_2	(1, 30.866655721866838)	(2, 30.85270681752329)	(3, 33.82879910681032)	(4, 34.83625914433619)	(5, 35.224328041236845)	(6, 38.22223888780322)	(7, 38.19497907174263)	(8, 38.26202016380397)	(9, 38.33665240130324)	(10, 38.396050219912226)	(15, 38.32249812572306)	(20, 38.201692560679604)	(25, 38.08623252881576)	(30, 38.08288938121793)	(35, 37.91606314962548)	(40, 37.774942967791176)	(45, 37.673986814801246)	(50, 37.59244595150439)	(55, 37.4866892191505)	(60, 37.36296228458835)	(65, 37.228681053603374)	(70, 37.10053833832781)	(75, 36.4563984840838)	(80, 37.09322373470383)	(85, 37.06799644649218)	(90, 36.8525651280356)	(95, 36.64903238274623)	(100, 36.44752988447147)	(105, 36.209524069732744)	(110, 35.822824234286664)	(115, 35.49379468041598)	(120, 35.06827565907231)	(125, 34.530660195507025)	(130, 34.11241695018853)	(135, 33.516063929489206)	(140, 32.819919594447356)	(145, 32.4390740731393)	(150, 30.02932453198361)
NG-13640_KM_H2_lib248380_5885_5_1	(1, 31.364155865151695)	(2, 31.295723737055074)	(3, 34.79019099488521)	(4, 35.57277950865567)	(5, 35.891642435169985)	(6, 39.0856456934345)	(7, 39.24890295364679)	(8, 39.3741075137474)	(9, 39.386349174013006)	(10, 39.37599375536725)	(15, 39.40092085470961)	(20, 39.331278216638054)	(25, 39.1942072212956)	(30, 39.09858868278707)	(35, 39.07719247092271)	(40, 39.0302253942547)	(45, 38.966415478328216)	(50, 38.9139783875122)	(55, 38.864914614975895)	(60, 38.812623376506735)	(65, 38.731103321196656)	(70, 38.64659985339647)	(75, 38.19014271492513)	(80, 38.52698991432205)	(85, 38.50191882426499)	(90, 38.41697484367495)	(95, 38.332612672121876)	(100, 38.243679703739204)	(105, 38.179146805004436)	(110, 38.11490935872284)	(115, 38.03434577408481)	(120, 37.885397222697954)	(125, 37.71530416354439)	(130, 37.57643336183617)	(135, 37.393921746537565)	(140, 37.243218974277426)	(145, 36.99754435205914)	(150, 35.71228891551149)
NG-13640_KM_H2_lib248380_5885_5_2	(1, 30.87395795038383)	(2, 30.948973520119814)	(3, 34.048583904189634)	(4, 34.91475071990254)	(5, 35.29312733176061)	(6, 38.29238361788204)	(7, 38.33193142090094)	(8, 38.41850952259546)	(9, 38.433295209338695)	(10, 38.46655095697487)	(15, 38.38624599223463)	(20, 38.26337025230219)	(25, 38.148156026819755)	(30, 38.13606765726454)	(35, 37.977697597861734)	(40, 37.836182804928505)	(45, 37.72928109359458)	(50, 37.64377897445706)	(55, 37.540584083004305)	(60, 37.41279832093845)	(65, 37.2810373536899)	(70, 37.15354777076695)	(75, 36.51964281974399)	(80, 37.14110380497607)	(85, 37.1208994459399)	(90, 36.909015717115196)	(95, 36.70336205458869)	(100, 36.499191116748634)	(105, 36.2606950052532)	(110, 35.885859879112296)	(115, 35.553857977471395)	(120, 35.12886987701593)	(125, 34.597512002118016)	(130, 34.18067958963259)	(135, 33.580494577690175)	(140, 32.88930362914165)	(145, 32.50006474479004)	(150, 30.0899728246614)
NG-13640_KM_H2_lib248380_5904_3_1	(1, 31.422063898455757)	(2, 31.433450141769217)	(3, 35.104127728133236)	(4, 35.768906287881784)	(5, 35.996330936983625)	(6, 39.12411349103046)	(7, 39.44244427670188)	(8, 39.666578745105994)	(9, 39.718912735845)	(10, 39.699534869725355)	(15, 39.70457437424666)	(20, 39.54396983040997)	(25, 39.48513868279288)	(30, 39.41882182816092)	(35, 39.33184416906388)	(40, 39.38649739760204)	(45, 39.32432735707445)	(50, 39.22718899753945)	(55, 39.11668911704171)	(60, 39.17967447242764)	(65, 39.13395297973276)	(70, 39.103667171613836)	(75, 38.52332931553581)	(80, 38.97527156241887)	(85, 38.932878835033584)	(90, 38.919835602729805)	(95, 38.896557062755015)	(100, 38.80001167511207)	(105, 38.638929896024436)	(110, 38.46362399605213)	(115, 38.36101492660499)	(120, 38.14129098540353)	(125, 37.90651681026997)	(130, 37.72346140421164)	(135, 37.54005252940701)	(140, 37.20873927703717)	(145, 36.90098887683359)	(150, 35.18895631547906)
NG-13640_KM_H2_lib248380_5904_3_2	(1, 30.85308487754888)	(2, 31.122791142733835)	(3, 34.27420135527589)	(4, 35.04273065224157)	(5, 35.20933037472123)	(6, 38.25410408560144)	(7, 38.46019319817256)	(8, 38.629715309528024)	(9, 38.60095249312647)	(10, 38.57074787776038)	(15, 38.476191746950974)	(20, 38.35623206821429)	(25, 38.24431188196273)	(30, 38.27467439505209)	(35, 37.98880870870509)	(40, 37.80881288698526)	(45, 37.64105964967786)	(50, 37.76227126495283)	(55, 37.60743582557142)	(60, 37.398655161207685)	(65, 37.340024519454786)	(70, 36.998856028157824)	(75, 36.637668192971205)	(80, 37.416033832033136)	(85, 37.374947582357684)	(90, 37.13508964388328)	(95, 36.88494041222259)	(100, 36.63996003982262)	(105, 36.26197409122407)	(110, 35.52008628234513)	(115, 35.203050058547504)	(120, 34.62802001103891)	(125, 34.43103229311925)	(130, 33.50278123866233)	(135, 33.12414215437628)	(140, 32.83393929285618)	(145, 32.235908483628194)	(150, 29.774884151594193)
NG-13640_KOPN_8_lib227470_5697_7_1	(1, 31.21488351402747)	(2, 31.565486254273278)	(3, 35.433494813752375)	(4, 36.03420300176754)	(5, 36.26951486685871)	(6, 39.68162302239435)	(7, 39.779071441730295)	(8, 39.80219033479174)	(9, 39.89147069544302)	(10, 39.92831531990982)	(15, 39.8989434056807)	(20, 39.887443576146744)	(25, 39.783289872922644)	(30, 39.72055429806195)	(35, 39.65006062190853)	(40, 39.65617725858869)	(45, 39.59148179316415)	(50, 39.53314630258787)	(55, 39.46666677023245)	(60, 39.40684484525612)	(65, 39.336642560500394)	(70, 39.30774795119853)	(75, 39.02945923572062)	(80, 39.27896708043075)	(85, 39.24746701360169)	(90, 39.112526278442424)	(95, 39.08315931206867)	(100, 39.02756845201587)	(105, 38.900048622194134)	(110, 38.73510557564074)	(115, 38.604705138598305)	(120, 38.43517486309266)	(125, 38.19016291007997)	(130, 37.95021692792204)	(135, 37.66796432394324)	(140, 37.361298516095836)	(145, 37.06966143445201)	(150, 35.192783834509854)
NG-13640_KOPN_8_lib227470_5697_7_2	(1, 30.96183038336228)	(2, 31.380219946152653)	(3, 34.887385860229415)	(4, 35.77929126010866)	(5, 35.888151554441194)	(6, 39.23601132251067)	(7, 39.312808407175254)	(8, 39.29085336698548)	(9, 39.39856140134138)	(10, 39.37800234378433)	(15, 39.311789758712244)	(20, 39.26472227860624)	(25, 39.10816833637043)	(30, 39.205113018201686)	(35, 39.008332110771605)	(40, 38.95155786275096)	(45, 38.87655095022028)	(50, 38.815817392601005)	(55, 38.7238095674551)	(60, 38.67606707792769)	(65, 38.58184271455192)	(70, 38.49190090253503)	(75, 38.01671423604987)	(80, 38.40261550081918)	(85, 38.299820356731445)	(90, 38.1288646056467)	(95, 37.95289176028479)	(100, 37.742530815206365)	(105, 37.40970274438391)	(110, 37.04504675888385)	(115, 36.603189086972904)	(120, 36.24236883896612)	(125, 35.790997746104296)	(130, 35.4261619289754)	(135, 35.036505032258255)	(140, 34.641981702294885)	(145, 34.29929124690402)	(150, 31.327097096942953)
NG-13640_KU812_lib236377_5767_8_1	(1, 31.221947902245457)	(2, 31.455194060458798)	(3, 35.25059370068615)	(4, 35.88071827707978)	(5, 36.122615083258836)	(6, 39.48510040822635)	(7, 39.62008884321534)	(8, 39.76822251353302)	(9, 39.79817287471305)	(10, 39.79862460552817)	(15, 39.7692989855259)	(20, 39.70574697278605)	(25, 39.58558838843605)	(30, 39.53147586346006)	(35, 39.50543456844057)	(40, 39.48958144101626)	(45, 39.46286118652681)	(50, 39.4120752861495)	(55, 39.34776075337252)	(60, 39.26932616218519)	(65, 39.22227095809642)	(70, 39.172544230753054)	(75, 38.80056250439485)	(80, 39.16743074470071)	(85, 39.104732529843176)	(90, 39.029270981050914)	(95, 39.00120891730952)	(100, 38.95330707693088)	(105, 38.82418301498783)	(110, 38.77329573575209)	(115, 38.67190292806822)	(120, 38.477769965288864)	(125, 38.3244439535023)	(130, 38.18333064319201)	(135, 38.00406033727309)	(140, 37.78460251396304)	(145, 37.516266448422456)	(150, 36.007557336622995)
NG-13640_KU812_lib236377_5767_8_2	(1, 30.902638514493578)	(2, 31.056591848539433)	(3, 34.40295847512404)	(4, 35.26495752329179)	(5, 35.53074680919638)	(6, 38.686109195640476)	(7, 38.80396727292481)	(8, 38.920362365151476)	(9, 38.939595862874256)	(10, 38.907928313862)	(15, 38.84815010718499)	(20, 38.75499096517596)	(25, 38.704931735327065)	(30, 38.69471155089555)	(35, 38.560227610883416)	(40, 38.41440689083334)	(45, 38.350950580649865)	(50, 38.296482152054885)	(55, 38.19611156691176)	(60, 38.11079847133499)	(65, 38.004137551599555)	(70, 37.86979535814557)	(75, 37.39492497050452)	(80, 37.81742354675502)	(85, 37.74057911991248)	(90, 37.51802514648546)	(95, 37.330393117932985)	(100, 37.03490519640784)	(105, 36.65055657361997)	(110, 36.282301679718)	(115, 35.839300825000905)	(120, 35.42856206649385)	(125, 34.8741531897338)	(130, 34.243582200487815)	(135, 33.84220811992671)	(140, 33.34716933774849)	(145, 32.96628701917489)	(150, 30.03146721398059)
NG-13640_K_562_RNA_lib206692_5568_1_1	(1, 31.519695145583942)	(2, 31.695891760943894)	(3, 35.77628883948369)	(4, 36.30776249125746)	(5, 36.44402579627882)	(6, 39.92013573272949)	(7, 40.08796516369782)	(8, 40.206193989840635)	(9, 40.173983354060475)	(10, 40.28783410836407)	(15, 40.226080517396454)	(20, 40.22059854485924)	(25, 40.13972101246496)	(30, 40.068530443153826)	(35, 40.06939493767518)	(40, 40.04461981377199)	(45, 40.030057062757265)	(50, 40.01384609161665)	(55, 39.947939079126684)	(60, 39.85016502822985)	(65, 39.86988952373669)	(70, 39.747540247298915)	(75, 39.617323502957575)	(80, 39.81801829920771)	(85, 39.808116981961874)	(90, 39.772729429571)	(95, 39.73500252035145)	(100, 39.67517918176463)	(105, 39.615763047249786)	(110, 39.536862205833366)	(115, 39.30644473649568)	(120, 39.31906352653577)	(125, 39.20165059706663)	(130, 39.03502582201921)	(135, 38.852266555664315)	(140, 38.79478222677868)	(145, 38.611253884775735)	(150, 36.91342118404302)
NG-13640_K_562_RNA_lib206692_5568_1_2	(1, 31.238156988404324)	(2, 31.444338181596212)	(3, 35.02227381739476)	(4, 35.906672128531305)	(5, 36.1444442761105)	(6, 39.65362337109325)	(7, 39.66970969993329)	(8, 39.617871623137226)	(9, 39.69496419512389)	(10, 39.735192452036465)	(15, 39.690288523244675)	(20, 39.6208629795158)	(25, 39.648963884768385)	(30, 39.53409048701545)	(35, 39.50274612257866)	(40, 39.50408014526403)	(45, 39.50174831345318)	(50, 39.44760272142063)	(55, 39.45100748309776)	(60, 39.34679815934181)	(65, 39.34277327500807)	(70, 39.28246608189414)	(75, 38.87274592989349)	(80, 39.26396124527572)	(85, 39.323289262361456)	(90, 39.17298368574372)	(95, 39.09447443942956)	(100, 38.958217971054566)	(105, 38.79448458555406)	(110, 38.52227104920017)	(115, 38.349039232024566)	(120, 38.11156782628329)	(125, 37.80489653321135)	(130, 37.54143989362602)	(135, 37.32412383331703)	(140, 37.172792100790524)	(145, 36.842120419406484)	(150, 33.672170613158045)
NG-13640_LAMA_84_lib259816_5981_7_1	(1, 31.450848513350017)	(2, 31.650522709684257)	(3, 35.735577054126956)	(4, 36.24913900868117)	(5, 36.406119385276405)	(6, 39.93514204998533)	(7, 39.951164425154495)	(8, 40.03994695643195)	(9, 40.086249668368204)	(10, 40.138980596873196)	(15, 40.08226459763326)	(20, 40.06326635933559)	(25, 39.978187805589535)	(30, 39.92266620428176)	(35, 39.897267082903454)	(40, 39.86702558780295)	(45, 39.82039506588202)	(50, 39.78886517618306)	(55, 39.732595947874)	(60, 39.67651689440437)	(65, 39.62367496349052)	(70, 39.54695989399795)	(75, 39.22497973398923)	(80, 39.53949441055612)	(85, 39.510722412661465)	(90, 39.453152184565326)	(95, 39.37409747193599)	(100, 39.30690482992912)	(105, 39.24421210678313)	(110, 39.1392971739747)	(115, 39.07762778191914)	(120, 38.96100708783249)	(125, 38.79185409915458)	(130, 38.67439865961213)	(135, 38.517750376763544)	(140, 38.347248595363)	(145, 38.14302496872218)	(150, 36.75215918601348)
NG-13640_LAMA_84_lib259816_5981_7_2	(1, 31.019021863641267)	(2, 31.298633978378763)	(3, 34.86137354135454)	(4, 35.72538789475185)	(5, 35.915319389806264)	(6, 39.25061788678351)	(7, 39.28487776335235)	(8, 39.34472062520234)	(9, 39.41655795803786)	(10, 39.44548853437757)	(15, 39.39081510960017)	(20, 39.32204701923057)	(25, 39.24324847306514)	(30, 39.27374400317641)	(35, 39.169764173480345)	(40, 39.0732765517276)	(45, 39.0193106359157)	(50, 38.95617027424148)	(55, 38.90008929370463)	(60, 38.81522079028568)	(65, 38.713681858178326)	(70, 38.614178630664)	(75, 38.11208740609639)	(80, 38.659579495996425)	(85, 38.62449964398267)	(90, 38.511695231232316)	(95, 38.3157570092534)	(100, 38.16173938171884)	(105, 37.94909986460684)	(110, 37.69828557547014)	(115, 37.34495297027902)	(120, 36.995028154055845)	(125, 36.63842783098845)	(130, 36.23499170328737)	(135, 35.66752837715976)	(140, 35.18967163713057)	(145, 34.80094794605605)	(150, 31.917998503352834)
NG-13640_LP_1_lib241211_5808_7_1	(1, 31.466842683793278)	(2, 31.437753121704684)	(3, 35.24907624971429)	(4, 35.87510504819674)	(5, 36.11395546113418)	(6, 39.455830720896245)	(7, 39.57066207304237)	(8, 39.64597660332356)	(9, 39.70103993587804)	(10, 39.73963052586531)	(15, 39.67815848880629)	(20, 39.62290435782164)	(25, 39.50371993613568)	(30, 39.43722001512986)	(35, 39.393352375289446)	(40, 39.34872332241271)	(45, 39.31007231364422)	(50, 39.245211829177926)	(55, 39.17614212632001)	(60, 39.11003224554089)	(65, 39.04108575629533)	(70, 38.961141998857656)	(75, 38.523995365241355)	(80, 38.92486683431079)	(85, 38.90219342962127)	(90, 38.781051575816306)	(95, 38.668998681157)	(100, 38.58069647272416)	(105, 38.438268930203286)	(110, 38.262794235757084)	(115, 38.10019813225159)	(120, 37.90647749087832)	(125, 37.63777991856806)	(130, 37.361079647844505)	(135, 36.99213748853042)	(140, 36.70384749591674)	(145, 36.32934734455857)	(150, 34.37203030973677)
NG-13640_LP_1_lib241211_5808_7_2	(1, 30.897970306737218)	(2, 30.770844222434423)	(3, 33.902115485442415)	(4, 34.8078336362391)	(5, 35.148560868796416)	(6, 38.09894429234658)	(7, 38.14865812988203)	(8, 38.27121518931299)	(9, 38.31689390958876)	(10, 38.2825601780641)	(15, 38.17215548805554)	(20, 37.99281506326869)	(25, 37.83057141618473)	(30, 37.77685706295444)	(35, 37.582565081711486)	(40, 37.28788651877461)	(45, 37.10585442997724)	(50, 36.90099202518635)	(55, 36.68265390484315)	(60, 36.440556584545725)	(65, 36.241891681027155)	(70, 35.956564465670496)	(75, 34.96254501031417)	(80, 35.686967025352786)	(85, 35.36826923383974)	(90, 34.79201633163551)	(95, 34.04536574200439)	(100, 33.49916902661463)	(105, 32.74363069516562)	(110, 31.99323676070682)	(115, 31.19721588654021)	(120, 30.653328859431646)	(125, 30.029994745086924)	(130, 29.446572634627444)	(135, 28.925600086555328)	(140, 28.208445899373583)	(145, 27.50537953933101)	(150, 24.72997635370301)
NG-13640_L_1236_lib241215_5808_7_1	(1, 31.192154194738247)	(2, 31.431224123157083)	(3, 34.99869821827666)	(4, 35.76122686813737)	(5, 36.06980335775329)	(6, 39.36783645670929)	(7, 39.602650179990924)	(8, 39.669389488668735)	(9, 39.70236774862996)	(10, 39.69938126582377)	(15, 39.592275632308535)	(20, 39.45609429142708)	(25, 39.26843044688274)	(30, 39.27933513679686)	(35, 39.06051652067136)	(40, 38.9024705848107)	(45, 38.94667630061223)	(50, 38.973545121662)	(55, 38.95196228751022)	(60, 38.911736296141484)	(65, 38.852015864455666)	(70, 38.77361912227053)	(75, 38.31356718405649)	(80, 38.770030163754555)	(85, 38.74800408326007)	(90, 38.61222391602796)	(95, 38.49225975249633)	(100, 38.3889189466144)	(105, 38.23371082443889)	(110, 38.0391444654542)	(115, 37.86028229146926)	(120, 37.646944548216446)	(125, 37.33953835789804)	(130, 37.036366773647885)	(135, 36.61071730865609)	(140, 36.284063460662566)	(145, 35.85426810513555)	(150, 33.824998776604964)
NG-13640_L_1236_lib241215_5808_7_2	(1, 30.989091260589138)	(2, 31.028007529013657)	(3, 34.5623307609475)	(4, 35.23309726257439)	(5, 35.591008323898315)	(6, 38.67477981584624)	(7, 38.69045568066426)	(8, 38.81232042026834)	(9, 38.87827651946387)	(10, 38.82744811470552)	(15, 38.76965643201946)	(20, 38.62512012214123)	(25, 38.41165830651571)	(30, 38.38968980776119)	(35, 38.28863327565605)	(40, 38.077091205473906)	(45, 37.90758923808903)	(50, 37.7334970451953)	(55, 37.53362138052235)	(60, 37.31038343290932)	(65, 37.11935266848818)	(70, 36.85110779899676)	(75, 36.05386002630543)	(80, 36.683954292541486)	(85, 36.3804293029262)	(90, 35.8585981057769)	(95, 35.1588161396216)	(100, 34.6461491376531)	(105, 33.91476220106135)	(110, 33.2070586777599)	(115, 32.442119067983604)	(120, 31.909486432568762)	(125, 31.268719281181724)	(130, 30.651781477480974)	(135, 30.105576075489143)	(140, 29.353269848969813)	(145, 28.60923870066165)	(150, 25.631823517042086)
NG-13640_L_363_lib241210_5808_6_1	(1, 31.473261321474155)	(2, 31.348157606457484)	(3, 35.19452915323194)	(4, 35.845614036616915)	(5, 36.12745474762069)	(6, 39.45108675741226)	(7, 39.5456902425201)	(8, 39.70467879512793)	(9, 39.73359438242888)	(10, 39.730241458882304)	(15, 39.66555158956057)	(20, 39.61748691361025)	(25, 39.466302110250055)	(30, 39.38577637804404)	(35, 39.353635747767804)	(40, 39.30006732061684)	(45, 39.27195075535693)	(50, 39.19969201124231)	(55, 39.124621692318)	(60, 39.01112766350555)	(65, 38.96426283352544)	(70, 38.83378205482135)	(75, 38.249114212947084)	(80, 38.771286518915055)	(85, 38.76849897959487)	(90, 38.576517718996094)	(95, 38.407454205024415)	(100, 38.311885301685294)	(105, 38.139044821911426)	(110, 37.78957767351443)	(115, 37.62922091210705)	(120, 37.40855842657323)	(125, 37.11814478707577)	(130, 36.70765575284565)	(135, 36.36493219357972)	(140, 35.99308210454028)	(145, 35.56727943454714)	(150, 33.40596886951946)
NG-13640_L_363_lib241210_5808_6_2	(1, 30.973049798815815)	(2, 30.772997658364773)	(3, 33.86579600303211)	(4, 34.80354032627523)	(5, 35.178525668412824)	(6, 38.16528283280144)	(7, 38.26758203275249)	(8, 38.41928334309253)	(9, 38.4815902014958)	(10, 38.39459973977715)	(15, 38.256531073619605)	(20, 38.033815977983885)	(25, 37.93159294852562)	(30, 37.869540407610195)	(35, 37.74453082977815)	(40, 37.53563800918486)	(45, 37.290683853530716)	(50, 37.07270263798487)	(55, 36.90540991091861)	(60, 36.61521140866409)	(65, 36.461283476072204)	(70, 36.08784073622688)	(75, 35.1808966779298)	(80, 35.93081278116027)	(85, 35.62205866854883)	(90, 34.93582931250519)	(95, 34.275959599349314)	(100, 33.70008104895627)	(105, 32.9666552908489)	(110, 32.08002453341419)	(115, 31.2706732353139)	(120, 30.441413191991728)	(125, 29.986421915071208)	(130, 29.274465247811918)	(135, 28.568197070530353)	(140, 27.844864578239402)	(145, 27.36309056953242)	(150, 24.431162292696968)
NG-13640_L_428_lib241214_5808_7_1	(1, 31.40897446128583)	(2, 31.43443272390807)	(3, 35.17933830110627)	(4, 35.892322874191315)	(5, 36.123395587198885)	(6, 39.45486784130584)	(7, 39.55372613030621)	(8, 39.62411766791092)	(9, 39.688893887001974)	(10, 39.73306690607717)	(15, 39.67844764384107)	(20, 39.63207260227132)	(25, 39.519474935026956)	(30, 39.45847300865516)	(35, 39.418482582015244)	(40, 39.37145210854029)	(45, 39.3308842667929)	(50, 39.26890597543961)	(55, 39.200144313862914)	(60, 39.13522002400874)	(65, 39.06543780772249)	(70, 38.97890617775342)	(75, 38.53070498332358)	(80, 38.93242537919309)	(85, 38.9119843146173)	(90, 38.78222784132979)	(95, 38.6716335897713)	(100, 38.57513699900856)	(105, 38.43258379515225)	(110, 38.252471871955855)	(115, 38.08625714674804)	(120, 37.88450674057998)	(125, 37.607202795952)	(130, 37.32267081977933)	(135, 36.93704887106021)	(140, 36.639478804684074)	(145, 36.24638543416358)	(150, 34.28772830247308)
NG-13640_L_428_lib241214_5808_7_2	(1, 31.0698049023756)	(2, 30.969596648864965)	(3, 34.133096971257395)	(4, 35.03780706391537)	(5, 35.27432785600066)	(6, 38.35002280957313)	(7, 38.53903946938)	(8, 38.613317577635556)	(9, 38.65809002435973)	(10, 38.58593664524128)	(15, 38.486155999818294)	(20, 38.32251185250878)	(25, 38.13185248434007)	(30, 38.111458538178155)	(35, 37.91893171120394)	(40, 37.64907153799088)	(45, 37.47188105623978)	(50, 37.29252266345067)	(55, 37.09461914349211)	(60, 36.860956264816956)	(65, 36.6752254059055)	(70, 36.406416536108566)	(75, 35.400116733325866)	(80, 36.13887814219738)	(85, 35.8487584180696)	(90, 35.3105914875177)	(95, 34.599646102993106)	(100, 34.085656566583864)	(105, 33.35263008335604)	(110, 32.646633604115365)	(115, 31.874423854031306)	(120, 31.352674727105228)	(125, 30.741215053874225)	(130, 30.15920699370175)	(135, 29.643666755566663)	(140, 28.938378424576076)	(145, 28.229950512443935)	(150, 25.33433121525818)
NG-13640_MEC_1_lib227482_5697_4_1	(1, 31.39487447357024)	(2, 31.514697793640167)	(3, 35.491642537327245)	(4, 36.0808593836127)	(5, 36.23910585099633)	(6, 39.69286028312152)	(7, 39.81448911082775)	(8, 39.94078487804263)	(9, 39.953242913510906)	(10, 39.96578524897748)	(15, 39.922666016181324)	(20, 39.89741357125084)	(25, 39.775205827324235)	(30, 39.731440920960324)	(35, 39.673521367912464)	(40, 39.677529439717055)	(45, 39.58590333496763)	(50, 39.54584639171511)	(55, 39.48413136333822)	(60, 39.434336343357664)	(65, 39.389189343569434)	(70, 39.330579539216096)	(75, 39.02116985837806)	(80, 39.305354020113256)	(85, 39.2593825069921)	(90, 39.21952763637275)	(95, 39.1502324390318)	(100, 39.08208183629163)	(105, 38.9811117482377)	(110, 38.84760898453815)	(115, 38.70250342674969)	(120, 38.57632838653741)	(125, 38.37318364566048)	(130, 38.10616709182683)	(135, 37.8718199099604)	(140, 37.612587586240714)	(145, 37.33802889874217)	(150, 35.53503544684036)
NG-13640_MEC_1_lib227482_5697_4_2	(1, 30.890917226942182)	(2, 31.22200965488243)	(3, 34.89120280853733)	(4, 35.574192968679135)	(5, 35.839340303674476)	(6, 39.12246334917832)	(7, 39.14444845571244)	(8, 39.22483658271171)	(9, 39.25188296691854)	(10, 39.2100052940434)	(15, 39.145986396404076)	(20, 39.08083247089614)	(25, 38.989609095414345)	(30, 39.010020642770336)	(35, 38.85804117597558)	(40, 38.77629403545718)	(45, 38.71138097832532)	(50, 38.64822132969142)	(55, 38.58258396735879)	(60, 38.51680160063797)	(65, 38.41095456385678)	(70, 38.34468720883117)	(75, 37.888330267193496)	(80, 38.26883564019848)	(85, 38.19050536142351)	(90, 38.02111362487305)	(95, 37.93496552971802)	(100, 37.70958400601468)	(105, 37.390781865767565)	(110, 37.11532996277562)	(115, 36.78089857487377)	(120, 36.45839586617527)	(125, 36.00915659073221)	(130, 35.4433847194464)	(135, 35.12346411501948)	(140, 34.79386306151643)	(145, 34.49502290651089)	(150, 31.601749440205225)
NG-13640_MEGAL_lib259811_5981_3_1	(1, 31.47737882997053)	(2, 31.54881040565735)	(3, 35.51520558646365)	(4, 35.933478847440306)	(5, 36.290480099416506)	(6, 39.75079981067749)	(7, 39.944609261487884)	(8, 40.00749262711705)	(9, 40.027976300861255)	(10, 40.06756303284244)	(15, 40.0073916791091)	(20, 39.96501074393894)	(25, 39.83216502930835)	(30, 39.75121653123355)	(35, 39.70500532598989)	(40, 39.62963936172537)	(45, 39.545596306485315)	(50, 39.4219983672191)	(55, 39.28053429222025)	(60, 39.04532058672227)	(65, 38.89240755402528)	(70, 38.6783520983483)	(75, 37.72551335782324)	(80, 38.41110515855514)	(85, 38.31971220769738)	(90, 38.12322072417783)	(95, 37.947209408612714)	(100, 37.78390518056617)	(105, 37.6412277768801)	(110, 37.48115086744629)	(115, 37.338402598485445)	(120, 37.17541780163118)	(125, 36.93871588591677)	(130, 36.78375821845133)	(135, 36.5921372729206)	(140, 36.40522196505975)	(145, 36.10500915228081)	(150, 34.57115450242267)
NG-13640_MEGAL_lib259811_5981_3_2	(1, 30.521267816845118)	(2, 30.721300660819182)	(3, 33.96508218611582)	(4, 34.83383537787606)	(5, 35.19764804405283)	(6, 38.24464744550457)	(7, 38.35270404620897)	(8, 38.39559193534239)	(9, 38.489557825240766)	(10, 38.44321728544678)	(15, 38.35495396444419)	(20, 38.21286470013392)	(25, 38.02235536607965)	(30, 38.081058518731346)	(35, 38.045771906612664)	(40, 37.85017622880273)	(45, 37.87458184581754)	(50, 37.75837940208977)	(55, 37.69098833045367)	(60, 37.58521394464116)	(65, 37.497371717802956)	(70, 37.192969205211824)	(75, 36.76758373228744)	(80, 37.45375895363171)	(85, 37.35764567628878)	(90, 37.17499612070311)	(95, 36.93761485097903)	(100, 36.74034792719811)	(105, 36.454150694819425)	(110, 36.13035717094502)	(115, 35.65401557645563)	(120, 35.16993633416773)	(125, 34.65031559750516)	(130, 34.198940240682575)	(135, 33.55437208716823)	(140, 32.94365323114244)	(145, 32.41124143565394)	(150, 29.913190630103827)
NG-13640_ME_1_lib248393_5885_6_1	(1, 31.399016791397173)	(2, 31.29625247065776)	(3, 34.85561726403303)	(4, 35.58234367607107)	(5, 35.8708467107114)	(6, 39.038097231018575)	(7, 39.15937603941883)	(8, 39.35806899332246)	(9, 39.407682759237815)	(10, 39.476193603334515)	(15, 39.410390207212934)	(20, 39.26445292928196)	(25, 39.14222051679271)	(30, 39.073048086726125)	(35, 39.0626067600566)	(40, 39.05202926091433)	(45, 39.02845916441068)	(50, 38.96019303872272)	(55, 38.90958110501232)	(60, 38.84525628232035)	(65, 38.77792190229759)	(70, 38.72149314057966)	(75, 38.22035548690408)	(80, 38.58161434734588)	(85, 38.560215903901344)	(90, 38.52869958042309)	(95, 38.45653508687125)	(100, 38.406078471741445)	(105, 38.274459432622)	(110, 38.184991855797655)	(115, 38.14492749692296)	(120, 37.94632454097829)	(125, 37.80484270980852)	(130, 37.71630286939633)	(135, 37.43409989915574)	(140, 37.32767868365741)	(145, 37.11833329844237)	(150, 35.81029935055135)
NG-13640_ME_1_lib248393_5885_6_2	(1, 30.856981031880462)	(2, 30.76516280098971)	(3, 33.57745659206327)	(4, 34.60745649405273)	(5, 34.929731356062916)	(6, 37.829001390713344)	(7, 38.0902502102563)	(8, 38.12684669555086)	(9, 38.19400514812961)	(10, 38.13422549181972)	(15, 38.07001112197584)	(20, 37.96479734306743)	(25, 37.85830520465297)	(30, 37.845891212975815)	(35, 37.70199323537748)	(40, 37.541750285303955)	(45, 37.443979545466185)	(50, 37.34373240196273)	(55, 37.26070766513807)	(60, 37.145516466259785)	(65, 36.997519036327176)	(70, 36.84131923138297)	(75, 36.20572441383699)	(80, 36.894592136528274)	(85, 36.85290501324519)	(90, 36.71264602201411)	(95, 36.51092599916789)	(100, 36.2769373108874)	(105, 36.04426496045808)	(110, 35.71694281013756)	(115, 35.337393992048476)	(120, 34.87013911012408)	(125, 34.417074360421246)	(130, 33.99989072564726)	(135, 33.43922932681533)	(140, 32.76445480954463)	(145, 32.3682449157327)	(150, 29.90972579048538)
NG-13640_MINO_lib248384_5885_5_1	(1, 31.28089063270382)	(2, 31.31945796568355)	(3, 34.77316275478389)	(4, 35.604194570156636)	(5, 35.87243694468768)	(6, 39.067723427316636)	(7, 39.25803408500867)	(8, 39.26785573776264)	(9, 39.32223615764153)	(10, 39.35404590004005)	(15, 39.36398185579422)	(20, 39.31280643385911)	(25, 39.17400426875761)	(30, 39.076740434396484)	(35, 39.04859497373811)	(40, 39.008945277868044)	(45, 38.95096922997156)	(50, 38.89820141309338)	(55, 38.850895729535566)	(60, 38.796031684946236)	(65, 38.7160500283879)	(70, 38.627488513611205)	(75, 38.177369551754694)	(80, 38.50820310810125)	(85, 38.48621974708851)	(90, 38.396358932031255)	(95, 38.315665984047605)	(100, 38.2200595109854)	(105, 38.16147117772775)	(110, 38.09288508909419)	(115, 38.020117113342565)	(120, 37.8632448869857)	(125, 37.690457073523305)	(130, 37.553515837052096)	(135, 37.37342426798257)	(140, 37.221210570537075)	(145, 36.97674043976384)	(150, 35.679869237496575)
NG-13640_MINO_lib248384_5885_5_2	(1, 30.772722927616723)	(2, 30.70826067288699)	(3, 33.69827121006064)	(4, 34.63760466190497)	(5, 35.084247285008544)	(6, 38.01616679499991)	(7, 38.00809347469205)	(8, 38.14519535046139)	(9, 38.17677981998136)	(10, 38.230526839359946)	(15, 38.17168471651449)	(20, 38.05365942429203)	(25, 37.95878199246833)	(30, 37.94431000674032)	(35, 37.79992222178926)	(40, 37.65356119649306)	(45, 37.56128948769863)	(50, 37.467970572130106)	(55, 37.36479371518136)	(60, 37.22991074318312)	(65, 37.095261379551765)	(70, 36.959570686390165)	(75, 36.32410278639326)	(80, 36.9566161771164)	(85, 36.93640932711623)	(90, 36.72374259990589)	(95, 36.51355758856309)	(100, 36.31007312901565)	(105, 36.061219578017116)	(110, 35.66982490965951)	(115, 35.328852817819076)	(120, 34.90127907075354)	(125, 34.3515814992307)	(130, 33.925593657986916)	(135, 33.32356773714089)	(140, 32.62798301793198)	(145, 32.23710608913594)	(150, 29.852344955891688)
NG-13640_MKPL_1_lib259812_5981_3_1	(1, 31.556076442876186)	(2, 31.65096730294713)	(3, 35.69998180240143)	(4, 35.991609998023264)	(5, 36.35195304548217)	(6, 39.82555017750023)	(7, 39.97777675090126)	(8, 40.086635130615534)	(9, 40.10570494294165)	(10, 40.13204556705615)	(15, 40.094465282883235)	(20, 40.06242236718857)	(25, 39.96453902061315)	(30, 39.90440896165235)	(35, 39.890012140289684)	(40, 39.85338715007973)	(45, 39.81751372826584)	(50, 39.75919878296615)	(55, 39.70038139624653)	(60, 39.57482646312964)	(65, 39.54068048329017)	(70, 39.465530789734956)	(75, 39.09103966912355)	(80, 39.42294258872287)	(85, 39.39154642426657)	(90, 39.3072506824836)	(95, 39.22597662584958)	(100, 39.14514151263204)	(105, 39.06996952659772)	(110, 38.973748760435896)	(115, 38.87054746027556)	(120, 38.74046304218817)	(125, 38.54006852801503)	(130, 38.416262121509206)	(135, 38.249836320512905)	(140, 38.063269637109)	(145, 37.766594743225525)	(150, 36.38597051845943)
NG-13640_MKPL_1_lib259812_5981_3_2	(1, 31.276199249732034)	(2, 31.39820480521815)	(3, 35.1062323324107)	(4, 35.85447632096406)	(5, 36.011590553022245)	(6, 39.39919363679975)	(7, 39.446990845690465)	(8, 39.48678555119091)	(9, 39.56093015989772)	(10, 39.58806189557112)	(15, 39.53252624626931)	(20, 39.49361735222668)	(25, 39.37167170909329)	(30, 39.40645423874214)	(35, 39.32412911507612)	(40, 39.12525777441265)	(45, 39.17911768328914)	(50, 39.08866273196204)	(55, 39.05322248369697)	(60, 38.98414248046315)	(65, 38.942235603601596)	(70, 38.694335037906264)	(75, 38.321893533358775)	(80, 38.881886752606974)	(85, 38.82751177677961)	(90, 38.70054352910608)	(95, 38.52467435283738)	(100, 38.410801217454704)	(105, 38.21180905887735)	(110, 38.00240469228699)	(115, 37.66136677600797)	(120, 37.31688929054911)	(125, 36.92813850813444)	(130, 36.60218919972525)	(135, 36.07611958684044)	(140, 35.54826994664493)	(145, 35.07762720990455)	(150, 32.29922243142727)
NG-13640_MOLM13_lib236379_5767_8_1	(1, 31.18834853754963)	(2, 31.488052004053703)	(3, 35.24945225123827)	(4, 35.90279174713716)	(5, 36.11443137983609)	(6, 39.463260168193415)	(7, 39.57160966717535)	(8, 39.644567353606696)	(9, 39.720810578596215)	(10, 39.760860747978434)	(15, 39.73666547715477)	(20, 39.69203586895116)	(25, 39.57993881919682)	(30, 39.52978494497708)	(35, 39.506259274124965)	(40, 39.49113050076154)	(45, 39.47000864918072)	(50, 39.419889151201026)	(55, 39.358427253627276)	(60, 39.28523476889028)	(65, 39.24436707994299)	(70, 39.194119044717894)	(75, 38.8383999455577)	(80, 39.19919986995753)	(85, 39.138988221288216)	(90, 39.06540764968332)	(95, 39.048794194814484)	(100, 39.0039002033265)	(105, 38.885212233001795)	(110, 38.84287416743222)	(115, 38.75054237449293)	(120, 38.564727889481716)	(125, 38.42428951133003)	(130, 38.29778874279369)	(135, 38.134034401574375)	(140, 37.94034872750406)	(145, 37.6843445270943)	(150, 36.166737789160436)
NG-13640_MOLM13_lib236379_5767_8_2	(1, 30.97853705725287)	(2, 31.236138056803266)	(3, 34.7022917970373)	(4, 35.60030839504776)	(5, 35.8938692684205)	(6, 39.15267094534077)	(7, 39.171368577689165)	(8, 39.28912704861535)	(9, 39.32789251335206)	(10, 39.3339330907775)	(15, 39.28757289912068)	(20, 39.2087558392835)	(25, 39.192207326145976)	(30, 39.179591961556696)	(35, 39.06008984781014)	(40, 38.929214498674796)	(45, 38.87876508737189)	(50, 38.83158398410658)	(55, 38.74165959328445)	(60, 38.65918023956625)	(65, 38.56613806793341)	(70, 38.448853242870356)	(75, 38.00720008916834)	(80, 38.39944378437988)	(85, 38.33474817231136)	(90, 38.13120608926915)	(95, 37.96345833773018)	(100, 37.69633276115568)	(105, 37.34383846707622)	(110, 37.00997300516444)	(115, 36.60774660036424)	(120, 36.22901436811292)	(125, 35.700677131367954)	(130, 35.084449627439675)	(135, 34.69188910477243)	(140, 34.20535135660272)	(145, 33.82802769158248)	(150, 30.725826099049897)
NG-13640_MOLM_20_lib259817_5981_7_1	(1, 31.424049667450436)	(2, 31.599797884762342)	(3, 35.63973261633845)	(4, 36.19698790865843)	(5, 36.386636605797925)	(6, 39.885882870820765)	(7, 39.90789910632286)	(8, 40.064855542214076)	(9, 40.091403338772906)	(10, 40.119947384534925)	(15, 40.0682131863014)	(20, 40.0418493998365)	(25, 39.94630388215428)	(30, 39.888265511405294)	(35, 39.85202887125942)	(40, 39.816641498590315)	(45, 39.76331900173825)	(50, 39.731327570558285)	(55, 39.663770467510645)	(60, 39.6059570693419)	(65, 39.54626508476242)	(70, 39.4584757657009)	(75, 39.11828727083398)	(80, 39.4519534369831)	(85, 39.417110291998995)	(90, 39.35071416581169)	(95, 39.2655647666105)	(100, 39.185142984191444)	(105, 39.118216675910745)	(110, 38.998398041103265)	(115, 38.926652237137745)	(120, 38.7945829428308)	(125, 38.61203131983448)	(130, 38.4817103255442)	(135, 38.30731282443018)	(140, 38.11700840182796)	(145, 37.89496194674469)	(150, 36.488674354173995)
NG-13640_MOLM_20_lib259817_5981_7_2	(1, 30.686500101637883)	(2, 30.929923736153057)	(3, 34.09118825131674)	(4, 35.17888813179389)	(5, 35.37698817424946)	(6, 38.577393354247135)	(7, 38.54313217931505)	(8, 38.63642330156309)	(9, 38.74183645284685)	(10, 38.78001671021741)	(15, 38.700075445743984)	(20, 38.626913284687056)	(25, 38.51859135651631)	(30, 38.54735304014239)	(35, 38.37402096274733)	(40, 38.2481329489098)	(45, 38.18609420376461)	(50, 38.11013891947888)	(55, 38.04367138187085)	(60, 37.93919212940458)	(65, 37.811494266318405)	(70, 37.68041040191194)	(75, 37.11944214689849)	(80, 37.75378876966879)	(85, 37.69795890994742)	(90, 37.555082707181825)	(95, 37.311447072304915)	(100, 37.12271930635144)	(105, 36.84900568380873)	(110, 36.5264990016598)	(115, 36.09302893940027)	(120, 35.66364585990247)	(125, 35.22704113993691)	(130, 34.74809566754278)	(135, 34.104397988030925)	(140, 33.57922373060959)	(145, 33.14726961061258)	(150, 30.391338392819648)
NG-13640_MOLT_4_lib241220_5808_2_1	(1, 31.3480073599943)	(2, 31.466434097105505)	(3, 35.23842563315553)	(4, 35.923352878564444)	(5, 36.1432276665202)	(6, 39.48204429122351)	(7, 39.588689300365914)	(8, 39.67777698095937)	(9, 39.74689134337933)	(10, 39.771291962811475)	(15, 39.71580936684665)	(20, 39.68323837575957)	(25, 39.54900243261415)	(30, 39.49062586029224)	(35, 39.45249259719482)	(40, 39.39121772831129)	(45, 39.31753045983231)	(50, 39.27370806978565)	(55, 39.20393445458721)	(60, 39.119936213962255)	(65, 39.02305021651004)	(70, 38.94237724686492)	(75, 38.46025107168454)	(80, 38.85883109782308)	(85, 38.81309746059769)	(90, 38.57031114165099)	(95, 38.32927304518351)	(100, 38.149929368567776)	(105, 37.883108626196695)	(110, 37.298135775248525)	(115, 37.3761894666112)	(120, 36.94793294729654)	(125, 36.64983707091873)	(130, 36.384220305222016)	(135, 36.01754640634175)	(140, 35.65627797430217)	(145, 35.164660418451355)	(150, 32.37849336779066)
NG-13640_MOLT_4_lib241220_5808_2_2	(1, 30.881882001045714)	(2, 30.72573414139412)	(3, 34.0359973218209)	(4, 34.94574666303318)	(5, 35.2006533331421)	(6, 38.17082047377084)	(7, 38.11521027096027)	(8, 38.343632457514005)	(9, 38.371777307799796)	(10, 38.319895658802935)	(15, 38.145616383223874)	(20, 38.02994315062867)	(25, 37.900111934152086)	(30, 37.83424104568073)	(35, 37.61958377828397)	(40, 37.383677963088765)	(45, 37.165398456287484)	(50, 36.965338616673996)	(55, 36.74936429972483)	(60, 36.53026326300615)	(65, 36.23488565583443)	(70, 35.96540941326494)	(75, 34.97301331657407)	(80, 35.70006327317644)	(85, 35.289570200498346)	(90, 34.58514981852099)	(95, 33.95113449266065)	(100, 33.30616131139504)	(105, 32.42103596244291)	(110, 31.77829979959293)	(115, 31.15812370996911)	(120, 30.581539061994068)	(125, 29.965699045165263)	(130, 29.314925871983736)	(135, 28.652662919302145)	(140, 27.912281141872647)	(145, 27.314743058661332)	(150, 24.484157964323106)
NG-13640_MONO_MAC_6_lib248394_5885_6_1	(1, 31.080872090900936)	(2, 31.292304164359233)	(3, 34.53186822290243)	(4, 35.42783097647366)	(5, 35.77550540215271)	(6, 38.86440364654151)	(7, 39.02511086290975)	(8, 39.183673758138745)	(9, 39.29535779339868)	(10, 39.35423277574806)	(15, 39.20840270253368)	(20, 38.98089223878984)	(25, 38.76105156274893)	(30, 38.80703636722244)	(35, 38.42208822681316)	(40, 38.29459025645829)	(45, 38.488132511420204)	(50, 38.587182992634986)	(55, 38.62149482620889)	(60, 38.60264421233498)	(65, 38.56328132140722)	(70, 38.52901270533797)	(75, 38.03135957360049)	(80, 38.43651777980451)	(85, 38.42472175680536)	(90, 38.39719107442862)	(95, 38.32919881863193)	(100, 38.27570935708143)	(105, 38.144576312817485)	(110, 38.04984364870345)	(115, 38.012335912847924)	(120, 37.82376899087091)	(125, 37.67702084457573)	(130, 37.591660139354346)	(135, 37.30958031409766)	(140, 37.202447954352586)	(145, 36.99019681403017)	(150, 35.64400459524674)
NG-13640_MONO_MAC_6_lib248394_5885_6_2	(1, 30.728799935707862)	(2, 30.72977022492911)	(3, 33.87322485638262)	(4, 34.620904135099515)	(5, 35.084189382798286)	(6, 37.91185302143345)	(7, 38.01314189914793)	(8, 38.14850670752085)	(9, 38.21158795784451)	(10, 38.16026967892698)	(15, 38.09898775959154)	(20, 38.012074181301)	(25, 37.844079746589365)	(30, 37.81654552701303)	(35, 37.75313819640739)	(40, 37.63140500539211)	(45, 37.528759173019715)	(50, 37.407162687694424)	(55, 37.30347599189444)	(60, 37.17380104497366)	(65, 37.00354889357811)	(70, 36.83158248791905)	(75, 36.31035496080924)	(80, 36.933748697249385)	(85, 36.87093449842085)	(90, 36.71391491167329)	(95, 36.490628126000146)	(100, 36.23093196154131)	(105, 35.96697118653804)	(110, 35.61856457469137)	(115, 35.210655693518916)	(120, 34.71153819652058)	(125, 34.22747102396835)	(130, 33.7799131702392)	(135, 33.17306018559262)	(140, 32.452462959153266)	(145, 32.02718739008152)	(150, 29.623149390229237)
NG-13640_MONO_MAC_6_lib248394_5904_3_1	(1, 30.964199003892418)	(2, 31.424013224453272)	(3, 34.84163924310814)	(4, 35.65963519010316)	(5, 35.933997722835144)	(6, 39.00978750241828)	(7, 39.39179842603759)	(8, 39.522085655521536)	(9, 39.69019430195956)	(10, 39.65214414943356)	(15, 39.553048226945926)	(20, 39.288975803438625)	(25, 39.25223622881513)	(30, 39.220461807191825)	(35, 38.85622789137395)	(40, 38.733688841053926)	(45, 38.84304265648852)	(50, 38.84170982305538)	(55, 38.79135778625519)	(60, 38.90643130593777)	(65, 38.917052881211845)	(70, 38.91508515699107)	(75, 38.300174937675465)	(80, 38.84329338460104)	(85, 38.788009791776005)	(90, 38.78381023560455)	(95, 38.75224893452058)	(100, 38.66284396423927)	(105, 38.48940625235767)	(110, 38.3062955702125)	(115, 38.18468546639883)	(120, 37.961018961416244)	(125, 37.71170599819425)	(130, 37.523073281676616)	(135, 37.31832775821881)	(140, 36.975645447371505)	(145, 36.632978915925534)	(150, 34.88756297172808)
NG-13640_MONO_MAC_6_lib248394_5904_3_2	(1, 30.87200390671678)	(2, 31.054197476906598)	(3, 34.32687654475819)	(4, 35.15086948610599)	(5, 35.33398237079259)	(6, 38.37064975465496)	(7, 38.42220944163766)	(8, 38.64169844873692)	(9, 38.607541797743906)	(10, 38.59624216844479)	(15, 38.59803908064605)	(20, 38.355585061575006)	(25, 38.14766288163755)	(30, 38.2443715450713)	(35, 38.12355113454718)	(40, 38.02235612432262)	(45, 37.85121401947212)	(50, 37.93255798395794)	(55, 37.77086915408108)	(60, 37.55402862087539)	(65, 37.467686629636574)	(70, 37.10659412963535)	(75, 36.86607515827479)	(80, 37.566028888467734)	(85, 37.50732849639893)	(90, 37.26716410133598)	(95, 37.00747125067042)	(100, 36.75483330459619)	(105, 36.38090156595764)	(110, 35.66884112296082)	(115, 35.30289316967246)	(120, 34.729363082545504)	(125, 34.47527786950468)	(130, 33.57305571887419)	(135, 33.12210715495586)	(140, 32.82672327088581)	(145, 32.21033333820961)	(150, 29.76914612563921)
NG-13640_MOTN_1_lib250968_5908_5_1	(1, 31.47032757652493)	(2, 31.534784224002237)	(3, 35.3418235071436)	(4, 35.98318002456359)	(5, 36.201451835809046)	(6, 39.64703047523959)	(7, 39.756984098017064)	(8, 39.85949074039162)	(9, 39.907305360201455)	(10, 39.94591352269317)	(15, 39.882957194703394)	(20, 39.82852906331082)	(25, 39.6991387018299)	(30, 39.65835530130615)	(35, 39.601556436680895)	(40, 39.61676531818294)	(45, 39.59767331431993)	(50, 39.54205394839837)	(55, 39.49589052059626)	(60, 39.51154099168327)	(65, 39.43696202195641)	(70, 39.34972157277353)	(75, 38.99481489681634)	(80, 39.37524997699991)	(85, 39.37395419790531)	(90, 39.30618151617572)	(95, 39.19223725832943)	(100, 39.17731149255225)	(105, 39.16419092836391)	(110, 39.10234164503653)	(115, 38.806707116653925)	(120, 38.87214568430409)	(125, 38.79426362673399)	(130, 38.69248714332899)	(135, 38.56719069861442)	(140, 38.473910582704036)	(145, 38.22296878775219)	(150, 37.22220161347488)
NG-13640_MOTN_1_lib250968_5908_5_2	(1, 30.44389466111447)	(2, 30.642211969797746)	(3, 33.534886882309436)	(4, 34.541778059979194)	(5, 35.01262576522417)	(6, 37.97258801994648)	(7, 37.97728912691674)	(8, 37.85606585414778)	(9, 37.91824189856535)	(10, 38.172981519996505)	(15, 38.10530399980293)	(20, 37.85014023164983)	(25, 37.76926679345621)	(30, 37.846394645278345)	(35, 37.6315387273688)	(40, 37.425733716818925)	(45, 37.34452479409268)	(50, 37.190705704976516)	(55, 37.151229014998066)	(60, 37.15801794056979)	(65, 37.03354101681997)	(70, 36.89441600142375)	(75, 36.25978217334976)	(80, 36.99400163790776)	(85, 36.91122816638288)	(90, 36.68768457254781)	(95, 36.4849891937301)	(100, 36.44315982872854)	(105, 36.254146033201565)	(110, 35.9865562702759)	(115, 35.82240891890547)	(120, 35.29487374687237)	(125, 34.86717028559822)	(130, 34.431989559217804)	(135, 34.073788120694395)	(140, 33.648162954226564)	(145, 32.89699019316553)	(150, 30.654781730441)
NG-13640_MUTZ_3_lib259806_5981_3_1	(1, 31.461851654679492)	(2, 31.57535569226527)	(3, 35.55563935847858)	(4, 35.93289022958048)	(5, 36.31183137917391)	(6, 39.7439384617748)	(7, 39.883987254110764)	(8, 40.02051571591233)	(9, 40.03787479183808)	(10, 40.05932458921686)	(15, 40.01142733158325)	(20, 39.96619911644339)	(25, 39.83686962487191)	(30, 39.760152473043355)	(35, 39.71701176793991)	(40, 39.64399794409128)	(45, 39.56372791384891)	(50, 39.44485746414622)	(55, 39.31160951824135)	(60, 39.08377170878578)	(65, 38.935825350018696)	(70, 38.72957299160672)	(75, 37.81265603536802)	(80, 38.49588845023175)	(85, 38.42265202061232)	(90, 38.24628518715748)	(95, 38.087913203378974)	(100, 37.945976106442664)	(105, 37.81907142025019)	(110, 37.6784801063598)	(115, 37.549223345139154)	(120, 37.40622685546092)	(125, 37.18228713366808)	(130, 37.04130522194841)	(135, 36.865590315923534)	(140, 36.695212338835134)	(145, 36.40720942124168)	(150, 34.920605946082475)
NG-13640_MUTZ_3_lib259806_5981_3_2	(1, 30.676805725509496)	(2, 30.918177928588555)	(3, 34.219899990724436)	(4, 35.08030143758824)	(5, 35.40751434715568)	(6, 38.52901732676081)	(7, 38.62506608014793)	(8, 38.68801899368552)	(9, 38.77441216066362)	(10, 38.740922518628615)	(15, 38.663960105532716)	(20, 38.53327777822822)	(25, 38.36556854880178)	(30, 38.41210047914436)	(35, 38.37954169870214)	(40, 38.192523577524796)	(45, 38.2308602311427)	(50, 38.12785626359887)	(55, 38.07231986736914)	(60, 37.97499628453736)	(65, 37.89927850390239)	(70, 37.61380598026745)	(75, 37.21411418812495)	(80, 37.86450621937992)	(85, 37.787262715193755)	(90, 37.61958431896705)	(95, 37.399943679366686)	(100, 37.22222650073171)	(105, 36.95516236717197)	(110, 36.658628274082936)	(115, 36.210313014779715)	(120, 35.756593379885466)	(125, 35.26916931798693)	(130, 34.83834981242684)	(135, 34.19298650225086)	(140, 33.58904080701051)	(145, 33.06626679973926)	(150, 30.47632475397353)
NG-13640_MUTZ_3_lib259806_5991_5_1	(1, 31.51469356681157)	(2, 31.578370658693448)	(3, 35.485458023649514)	(4, 36.074280585685074)	(5, 36.18665320875574)	(6, 39.64693293864757)	(7, 39.8009575254166)	(8, 39.86848134772458)	(9, 39.95918409338756)	(10, 39.97065807756701)	(15, 39.97696208516809)	(20, 39.920036045776115)	(25, 39.82636901373398)	(30, 39.74381536813736)	(35, 39.71133940040444)	(40, 39.692237014695316)	(45, 39.662651371753704)	(50, 39.60228978581234)	(55, 39.56185594874982)	(60, 39.496443978926266)	(65, 39.47038030169441)	(70, 39.3625546925926)	(75, 38.993889994595655)	(80, 39.404513532493056)	(85, 39.38500438604534)	(90, 39.30128199619022)	(95, 39.20939513726356)	(100, 39.10237518317181)	(105, 38.98779194286201)	(110, 38.884078732418196)	(115, 38.77183675988897)	(120, 38.588655966498365)	(125, 38.5091698511628)	(130, 38.36063188727045)	(135, 38.20718236444447)	(140, 37.902610953229654)	(145, 37.75083010124647)	(150, 36.72242736780311)
NG-13640_MUTZ_3_lib259806_5991_5_2	(1, 30.91760337580619)	(2, 31.124547590656483)	(3, 34.44207753677119)	(4, 35.416429074630514)	(5, 35.66233917658805)	(6, 38.86545023836655)	(7, 38.9943690372494)	(8, 39.03732918603481)	(9, 39.156107380915756)	(10, 39.12659404788383)	(15, 39.03035972010494)	(20, 38.89089932335785)	(25, 38.800668649706914)	(30, 38.859099647842626)	(35, 38.74239562478856)	(40, 38.628205035966694)	(45, 38.58735595581845)	(50, 38.54975508272458)	(55, 38.506921301315224)	(60, 38.44442725890433)	(65, 38.35832323313478)	(70, 38.25107475957235)	(75, 37.80939272973268)	(80, 38.38734850926948)	(85, 38.38404296938698)	(90, 38.259740750917274)	(95, 38.127771274489454)	(100, 37.92900415425051)	(105, 37.776121185025886)	(110, 37.49692534512725)	(115, 37.15780886136527)	(120, 36.78903285705748)	(125, 36.28097548111775)	(130, 35.57412444611043)	(135, 34.980061361243145)	(140, 34.61000424257329)	(145, 34.09823817730877)	(150, 31.001372082635978)
NG-13640_M_07e_lib259810_5981_3_1	(1, 31.475955541559376)	(2, 31.618640282559443)	(3, 35.58496103054222)	(4, 35.956135292713704)	(5, 36.31300510410319)	(6, 39.74002667037245)	(7, 39.8657529127385)	(8, 39.923576001892044)	(9, 39.975653193760074)	(10, 40.02585389857634)	(15, 39.9862796271076)	(20, 39.96981541029684)	(25, 39.86902403941029)	(30, 39.799846063886285)	(35, 39.78065096893293)	(40, 39.74152216278744)	(45, 39.70745775559154)	(50, 39.638375448913905)	(55, 39.57304487250704)	(60, 39.43578332897631)	(65, 39.39429629462415)	(70, 39.30385029811346)	(75, 38.909784966702574)	(80, 39.28093660764962)	(85, 39.24462656272974)	(90, 39.15368520588256)	(95, 39.06243605553154)	(100, 38.972373372067445)	(105, 38.88684869043992)	(110, 38.78329585729491)	(115, 38.667018477155466)	(120, 38.522350086612676)	(125, 38.30066575164923)	(130, 38.1673973915213)	(135, 37.98423470305628)	(140, 37.77596502184806)	(145, 37.455589023797735)	(150, 36.03741711709519)
NG-13640_M_07e_lib259810_5981_3_2	(1, 30.93652991007463)	(2, 31.08812622084302)	(3, 34.452616712204)	(4, 35.34262767033133)	(5, 35.56175778289486)	(6, 38.71159568412859)	(7, 38.754957505102915)	(8, 38.819584261099074)	(9, 38.900078347687824)	(10, 38.923063625450936)	(15, 38.85037167277933)	(20, 38.75131209104447)	(25, 38.61638920503518)	(30, 38.649303291281875)	(35, 38.55069092253403)	(40, 38.31603600573099)	(45, 38.35393470850199)	(50, 38.238041468006855)	(55, 38.1845259252438)	(60, 38.08075398072244)	(65, 38.00370236664179)	(70, 37.7158621840377)	(75, 37.295118430690835)	(80, 37.95935008084617)	(85, 37.89488556236661)	(90, 37.73698342882145)	(95, 37.521587018825905)	(100, 37.365710120561445)	(105, 37.108976172316815)	(110, 36.832733120387324)	(115, 36.400564853588186)	(120, 35.96217206973911)	(125, 35.49161951730275)	(130, 35.091024327578)	(135, 34.470917676396795)	(140, 33.883806531338315)	(145, 33.37492202870935)	(150, 30.724405695423656)
NG-13640_NALM_1_lib265127_5989_8_1	(1, 31.22767049690169)	(2, 31.52750102535058)	(3, 35.34367335829472)	(4, 36.01049829832105)	(5, 36.20916377856608)	(6, 39.63947660496175)	(7, 39.725909413064656)	(8, 39.80796504212041)	(9, 39.81720592872631)	(10, 39.88247619102551)	(15, 39.85550180111436)	(20, 39.78659023106062)	(25, 39.73565263826359)	(30, 39.64844770463081)	(35, 39.60117435332663)	(40, 39.5985329555774)	(45, 39.612054671922195)	(50, 39.51579593518221)	(55, 39.50756195406198)	(60, 39.36943759418972)	(65, 39.35775599976445)	(70, 39.30088041250953)	(75, 38.79569741969069)	(80, 39.13406152389416)	(85, 39.13199583593908)	(90, 39.18776812896116)	(95, 39.09271915677791)	(100, 39.01774027694165)	(105, 38.89760279578637)	(110, 38.818801041217355)	(115, 38.736437177196976)	(120, 38.46725160517065)	(125, 38.25388071315743)	(130, 38.13363319245501)	(135, 37.963643344775306)	(140, 37.74039903965217)	(145, 37.48603573201651)	(150, 35.72538223780487)
NG-13640_NALM_1_lib265127_5989_8_2	(1, 30.08674844279695)	(2, 30.52651063984711)	(3, 33.199811526278985)	(4, 34.355221718151604)	(5, 34.672686797628074)	(6, 37.54553341659385)	(7, 37.73322984557859)	(8, 37.748139067882065)	(9, 37.62385602759108)	(10, 37.82632910984287)	(15, 37.75992139919664)	(20, 37.55164169356586)	(25, 37.54162062602845)	(30, 37.54582236592125)	(35, 37.26047154023889)	(40, 37.176482126732516)	(45, 37.11838619049777)	(50, 37.06222099205624)	(55, 36.96317349893149)	(60, 36.831928787291574)	(65, 36.782129475988974)	(70, 36.66167537909625)	(75, 36.028393062484994)	(80, 36.762743397670306)	(85, 36.67497794316165)	(90, 36.58786598680852)	(95, 36.31883759864138)	(100, 36.034075039122804)	(105, 35.5526833841886)	(110, 35.351408811608636)	(115, 35.141784760999215)	(120, 34.383298125460215)	(125, 33.81687207324618)	(130, 33.414172335458375)	(135, 32.95783493678469)	(140, 32.558544531889595)	(145, 32.264394146168215)	(150, 29.72145733702275)
NG-13640_NALM_6_lib227471_5697_7_1	(1, 31.213746552272266)	(2, 31.515306929518527)	(3, 35.400659277695645)	(4, 36.01671394798365)	(5, 36.24698525072172)	(6, 39.677597884289064)	(7, 39.75813133542311)	(8, 39.76103190552079)	(9, 39.822094893788666)	(10, 39.90163339690075)	(15, 39.87815535629677)	(20, 39.86840860378109)	(25, 39.76101526580959)	(30, 39.69390079139084)	(35, 39.62117772557907)	(40, 39.62143128109811)	(45, 39.54999824307659)	(50, 39.484298994435406)	(55, 39.40476532650994)	(60, 39.329971016807654)	(65, 39.24054591591169)	(70, 39.18605902320643)	(75, 38.78323616622889)	(80, 39.10593589601281)	(85, 39.06083831048409)	(90, 38.88595250321155)	(95, 38.82980133927166)	(100, 38.745905491025496)	(105, 38.58249326481429)	(110, 38.37973958435152)	(115, 38.21180990997341)	(120, 37.99698568630535)	(125, 37.694712427484184)	(130, 37.40474906194253)	(135, 37.06666996237432)	(140, 36.7167494991101)	(145, 36.3755788062266)	(150, 34.38530124525646)
NG-13640_NALM_6_lib227471_5697_7_2	(1, 31.015376268595617)	(2, 31.243684068739515)	(3, 34.94864185651826)	(4, 35.698599517373346)	(5, 35.98989854486309)	(6, 39.29048325647818)	(7, 39.29905045688137)	(8, 39.381136919938605)	(9, 39.45871494661641)	(10, 39.41456885078576)	(15, 39.38682378299916)	(20, 39.29678249592417)	(25, 39.21402376685963)	(30, 39.26491249708586)	(35, 39.18256549249857)	(40, 39.14089892204933)	(45, 39.05881153363741)	(50, 38.97486925092664)	(55, 38.86476859192821)	(60, 38.80562588968998)	(65, 38.70144800083999)	(70, 38.603282791599995)	(75, 38.147140164265466)	(80, 38.50043548775217)	(85, 38.38804691014694)	(90, 38.211928372045605)	(95, 38.02772206730405)	(100, 37.8071677139917)	(105, 37.46695207884055)	(110, 37.09541416312027)	(115, 36.64715800026852)	(120, 36.28414209262958)	(125, 35.82200057430346)	(130, 35.451779104832724)	(135, 35.04829391899003)	(140, 34.63768815388865)	(145, 34.28265161300784)	(150, 31.316877331440494)
NG-13640_NALM_6_lib227471_5706_1_1	(1, 31.29383378210139)	(2, 31.47662786994412)	(3, 35.12884420510148)	(4, 35.820746836909)	(5, 36.08516647847361)	(6, 39.414825704276325)	(7, 39.605628420046905)	(8, 39.703865774921105)	(9, 39.75948362720403)	(10, 39.77468849706129)	(15, 39.688600306899446)	(20, 39.663603868091144)	(25, 39.56776247140913)	(30, 39.476946089927324)	(35, 39.48207912794233)	(40, 39.41560754509395)	(45, 39.36692941312719)	(50, 39.35240774197284)	(55, 39.26693534844669)	(60, 39.214235096557516)	(65, 39.14069113176409)	(70, 39.06261524653291)	(75, 38.56617626451258)	(80, 38.961417267436815)	(85, 39.017282810735686)	(90, 38.965422131503516)	(95, 38.90955826746576)	(100, 38.82902785257245)	(105, 38.7165528243435)	(110, 38.60369741451692)	(115, 38.47538469556154)	(120, 38.31528194215235)	(125, 38.23147557833174)	(130, 38.08410197168418)	(135, 37.76777538434813)	(140, 37.57686985726281)	(145, 37.45168305393902)	(150, 36.15192326066186)
NG-13640_NALM_6_lib227471_5706_1_2	(1, 30.648301050985843)	(2, 30.90104953820319)	(3, 33.93835302122238)	(4, 34.98674758968123)	(5, 35.33117186369032)	(6, 37.95434624627233)	(7, 38.41875126668404)	(8, 38.54074741596456)	(9, 38.61814195547063)	(10, 38.5245243637627)	(15, 38.49730313558586)	(20, 38.38131897275544)	(25, 38.37791351805206)	(30, 38.37754329887953)	(35, 38.26589319320189)	(40, 38.15579098989548)	(45, 37.89397043921364)	(50, 37.94257439416312)	(55, 37.93858661223544)	(60, 37.90077480529257)	(65, 37.77747517299285)	(70, 37.6214419062509)	(75, 37.020025188916875)	(80, 37.68697249486088)	(85, 37.708198760821105)	(90, 37.455941457482844)	(95, 37.38385876834882)	(100, 37.33543802657865)	(105, 37.18410816757868)	(110, 37.05308268913402)	(115, 36.762013520947335)	(120, 36.445663134427754)	(125, 36.01241321404789)	(130, 35.637734995222786)	(135, 35.318220417499056)	(140, 34.75951402762095)	(145, 34.176252236602096)	(150, 31.42029090303715)
NG-13640_NB4_lib236380_5767_8_1	(1, 31.23526539031449)	(2, 31.472755812546552)	(3, 35.240990319768265)	(4, 35.8918991489448)	(5, 36.1116059432361)	(6, 39.49404961389272)	(7, 39.70512907875449)	(8, 39.75815163381103)	(9, 39.80117118595462)	(10, 39.81888850845237)	(15, 39.78049536131839)	(20, 39.71620962337646)	(25, 39.59686987043013)	(30, 39.54528783798479)	(35, 39.51400315153877)	(40, 39.49956364077177)	(45, 39.47595115872561)	(50, 39.424288852006654)	(55, 39.36097267521616)	(60, 39.284702143382994)	(65, 39.24196038450533)	(70, 39.197636581840314)	(75, 38.83850858620327)	(80, 39.195352743822674)	(85, 39.13329175651625)	(90, 39.06255090808514)	(95, 39.0390039511511)	(100, 38.99489592812898)	(105, 38.875101233190506)	(110, 38.83008782216041)	(115, 38.735803065529964)	(120, 38.55185421368028)	(125, 38.409816181712934)	(130, 38.28018156394737)	(135, 38.11390295160619)	(140, 37.91376919744463)	(145, 37.66433351959953)	(150, 36.1802883672034)
NG-13640_NB4_lib236380_5767_8_2	(1, 30.825335289362805)	(2, 31.1165725226161)	(3, 34.344779933300764)	(4, 35.41047671821493)	(5, 35.66791267062763)	(6, 38.91884116232829)	(7, 38.87849902987175)	(8, 39.00237771817723)	(9, 39.074697289452544)	(10, 39.102052701281025)	(15, 39.03843769404777)	(20, 38.97359203692272)	(25, 38.93958157749428)	(30, 38.94210603871321)	(35, 38.785731604005115)	(40, 38.65108897673257)	(45, 38.60394496743502)	(50, 38.56332734187399)	(55, 38.4734593852054)	(60, 38.39903386867512)	(65, 38.30088764455347)	(70, 38.177265689653055)	(75, 37.71553885183653)	(80, 38.132363924921094)	(85, 38.06623372516682)	(90, 37.8547134051005)	(95, 37.67809989061303)	(100, 37.39818797636196)	(105, 37.03956497731528)	(110, 36.689998861714976)	(115, 36.274608626621685)	(120, 35.88261767537518)	(125, 35.34898861628774)	(130, 34.73183716072789)	(135, 34.34224201137369)	(140, 33.85221304794031)	(145, 33.477183187806915)	(150, 30.46954311761524)
NG-13640_NC_NC_lib259822_5972_8_1	(1, 27.317497584751493)	(2, 31.581508253961786)	(3, 34.82401279317208)	(4, 35.969601573388296)	(5, 36.228363960376726)	(6, 39.60194598754813)	(7, 39.75510888798509)	(8, 39.842589878545546)	(9, 39.929006965404014)	(10, 39.94918288298306)	(15, 39.898434328813465)	(20, 39.87049660659757)	(25, 39.76600196843632)	(30, 39.70688075984585)	(35, 39.688461107963334)	(40, 39.656537440872306)	(45, 39.64724491205951)	(50, 39.58193407428193)	(55, 39.55682666796727)	(60, 39.50021989142724)	(65, 39.411538063750726)	(70, 39.400180492379754)	(75, 39.061682912102484)	(80, 39.37621482276105)	(85, 39.36850959301172)	(90, 39.32038001980565)	(95, 39.251497576098856)	(100, 39.19098996476124)	(105, 39.137825282030434)	(110, 39.08184537743049)	(115, 38.99628553323551)	(120, 38.941991271863)	(125, 38.81039943312702)	(130, 38.68129959986024)	(135, 38.544762812742185)	(140, 38.38453927389866)	(145, 38.213208535294285)	(150, 37.03441504025267)
NG-13640_NC_NC_lib259822_5972_8_2	(1, 28.100607196451417)	(2, 30.847543546116167)	(3, 33.742992044646385)	(4, 34.88197977421887)	(5, 35.26334502683258)	(6, 38.264307927720665)	(7, 38.29197609833026)	(8, 38.40953962055852)	(9, 38.53636914796112)	(10, 38.56559093893643)	(15, 38.47312967581739)	(20, 38.406392111818896)	(25, 38.31514748241196)	(30, 38.35182721911021)	(35, 38.15066650948955)	(40, 37.986431396977075)	(45, 37.899174442971244)	(50, 35.95713740831032)	(55, 37.79331092918484)	(60, 37.67382057721842)	(65, 37.57746332329542)	(70, 37.430913295065295)	(75, 36.834554181196644)	(80, 37.54295232020085)	(85, 37.514979103714005)	(90, 37.356344187712374)	(95, 37.139793381854865)	(100, 36.92195385182727)	(105, 36.729376262604504)	(110, 36.410921234777604)	(115, 36.020846267135305)	(120, 35.60772897271356)	(125, 35.10544339902516)	(130, 34.71837244328192)	(135, 34.15702622941206)	(140, 33.41548045335786)	(145, 32.96418505667898)	(150, 30.422185300431693)
NG-13640_NK_92_lib227486_5684_6_1	(1, 31.564816571905514)	(2, 31.532361928018762)	(3, 35.425995193011246)	(4, 36.02479425092446)	(5, 36.25114777594789)	(6, 39.63397308023726)	(7, 39.8428624259405)	(8, 39.90430825473748)	(9, 39.935125040274826)	(10, 39.96805536873096)	(15, 39.90525942008934)	(20, 39.81706547166789)	(25, 39.71949832427604)	(30, 39.66616975572939)	(35, 39.625358562707575)	(40, 39.596180918516104)	(45, 39.55909327110121)	(50, 39.48904287301999)	(55, 39.40406939208313)	(60, 39.36016086479357)	(65, 39.275993625143656)	(70, 39.19421285648842)	(75, 38.71202000487108)	(80, 39.09406366868474)	(85, 39.080927225843496)	(90, 38.99848720079722)	(95, 38.88312632195097)	(100, 38.80763061137121)	(105, 38.724111253358515)	(110, 38.575429931896856)	(115, 38.444496237254114)	(120, 38.32096581389929)	(125, 38.08886141369361)	(130, 37.922424021172375)	(135, 37.67136353490724)	(140, 37.41741240883459)	(145, 37.23994820999678)	(150, 35.835633723972265)
NG-13640_NK_92_lib227486_5684_6_2	(1, 31.26081806752921)	(2, 31.30441809014095)	(3, 34.96090460090422)	(4, 35.723504275485226)	(5, 35.96229378181991)	(6, 39.29750658536679)	(7, 39.381166005260944)	(8, 39.460568618001425)	(9, 39.47906817833117)	(10, 39.45030236739108)	(15, 39.3932356121527)	(20, 39.3544919550023)	(25, 39.25746640432881)	(30, 39.29365139054643)	(35, 39.21560609907812)	(40, 39.12072918285511)	(45, 39.02239137364848)	(50, 38.95267611031468)	(55, 38.8720303830782)	(60, 38.7812150346691)	(65, 38.70615558019718)	(70, 38.64109619618962)	(75, 38.138107102908045)	(80, 38.61554160482679)	(85, 38.63377732138439)	(90, 38.48909232148292)	(95, 38.29504949790278)	(100, 38.13550414420054)	(105, 37.92859569910025)	(110, 37.64048071380068)	(115, 37.332779711273844)	(120, 36.92991226586086)	(125, 36.53772348983819)	(130, 35.92846614229042)	(135, 35.37477143898916)	(140, 34.93937194797711)	(145, 34.51888698077052)	(150, 31.483605228362677)
NG-13640_NU_DHL_1_lib227484_5697_4_1	(1, 31.401941950525554)	(2, 31.518396636401796)	(3, 35.46393370422887)	(4, 36.06647647351627)	(5, 36.22734880594731)	(6, 39.667618399236915)	(7, 39.767727354106995)	(8, 39.90746120816548)	(9, 39.92019739235122)	(10, 39.93121643711574)	(15, 39.896269082521975)	(20, 39.87259776349124)	(25, 39.749731343562246)	(30, 39.69872658162096)	(35, 39.636877816181666)	(40, 39.635565796839174)	(45, 39.54001465623038)	(50, 39.4878712625529)	(55, 39.41562654884782)	(60, 39.351948968579464)	(65, 39.28916764547125)	(70, 39.20471646562137)	(75, 38.771939700080715)	(80, 39.13615387308225)	(85, 39.07078551860418)	(90, 39.00183877013023)	(95, 38.90315132957948)	(100, 38.80746288182964)	(105, 38.67175602377403)	(110, 38.51002982922957)	(115, 38.33775062870761)	(120, 38.1879183451929)	(125, 37.94641273425047)	(130, 37.63256665067461)	(135, 37.35644996494307)	(140, 37.06549854687943)	(145, 36.757577527824665)	(150, 34.80645354231686)
NG-13640_NU_DHL_1_lib227484_5697_4_2	(1, 31.11936542789958)	(2, 31.242789491389466)	(3, 34.97369996802701)	(4, 35.67297719182492)	(5, 35.97762534394299)	(6, 39.27758570277391)	(7, 39.27281732689161)	(8, 39.4089077941073)	(9, 39.45971607054328)	(10, 39.431262179490815)	(15, 39.38999547577238)	(20, 39.306465104602346)	(25, 39.22521904496456)	(30, 39.26390094442001)	(35, 39.16066890555366)	(40, 39.117324371117355)	(45, 39.065384390981286)	(50, 39.00942671001301)	(55, 38.94618583606693)	(60, 38.88468212550014)	(65, 38.78282567854245)	(70, 38.72148025926458)	(75, 38.2974718402671)	(80, 38.653712370478566)	(85, 38.576013158601015)	(90, 38.41634537093499)	(95, 38.327575364063634)	(100, 38.106771385143794)	(105, 37.80424699949023)	(110, 37.53609506145715)	(115, 37.21015368704548)	(120, 36.89754614162066)	(125, 36.454500652962395)	(130, 35.88831244309292)	(135, 35.560140407753934)	(140, 35.220257024138434)	(145, 34.917107034823886)	(150, 31.96593048225866)
NG-13640_OCILY19_lib236388_5774_8_1	(1, 31.351695724479075)	(2, 31.51924261714172)	(3, 35.27583766688473)	(4, 35.99273611380737)	(5, 36.200927871896965)	(6, 39.57515039725166)	(7, 39.70635929736841)	(8, 39.76612493576093)	(9, 39.817594470234184)	(10, 39.85540287352223)	(15, 39.81319701502718)	(20, 39.77036121155415)	(25, 39.64435783523829)	(30, 39.613622462722866)	(35, 39.61401498613536)	(40, 39.57786911047624)	(45, 39.558033324618705)	(50, 39.53046811726036)	(55, 39.47519990982314)	(60, 39.383224474005516)	(65, 39.362119102918705)	(70, 39.30058052251126)	(75, 38.895915235378666)	(80, 39.23003219939032)	(85, 39.228667598680374)	(90, 39.13153471446226)	(95, 39.06921839472675)	(100, 39.01236642474588)	(105, 38.955991739735246)	(110, 38.80700516385936)	(115, 38.69940762420616)	(120, 38.468306493900386)	(125, 38.282882256086495)	(130, 38.23150675495192)	(135, 38.092418043966894)	(140, 37.87468712807848)	(145, 37.5590439307161)	(150, 36.077395661716594)
NG-13640_OCILY19_lib236388_5774_8_2	(1, 31.14161250956969)	(2, 31.33619297342274)	(3, 34.96743088727564)	(4, 35.70310074844176)	(5, 35.94704583174655)	(6, 39.17258066325491)	(7, 39.265371727456674)	(8, 39.302990469212936)	(9, 39.401320791770445)	(10, 39.39463745962574)	(15, 39.33064825922314)	(20, 39.24581085125446)	(25, 39.139865684422546)	(30, 39.17371213589169)	(35, 39.14082959372254)	(40, 39.06544204972495)	(45, 38.9946305801265)	(50, 38.94175425338444)	(55, 38.90078932680158)	(60, 38.805075227797246)	(65, 38.74240407998006)	(70, 38.60711980415908)	(75, 38.22049256403621)	(80, 38.668226863809295)	(85, 38.66846567749349)	(90, 38.60068137678107)	(95, 38.48369040126944)	(100, 38.31235412544468)	(105, 38.18795568178833)	(110, 38.05824438603353)	(115, 37.822715309066346)	(120, 37.559639883669334)	(125, 37.23739668305417)	(130, 36.974416629051674)	(135, 36.626823802779036)	(140, 36.23010314338151)	(145, 35.782889252721944)	(150, 33.35352057134715)
NG-13640_OCILY7_lib236387_5774_8_1	(1, 31.337561355088702)	(2, 31.551665322977122)	(3, 35.26355598337073)	(4, 35.9538698858892)	(5, 36.207069579116755)	(6, 39.535337094864005)	(7, 39.68066291937695)	(8, 39.77738330482343)	(9, 39.855924238791275)	(10, 39.85955346864315)	(15, 39.8135666520817)	(20, 39.76751906347039)	(25, 39.637989335609326)	(30, 39.60398744972365)	(35, 39.60403112463415)	(40, 39.57079635786929)	(45, 39.552651920723996)	(50, 39.526600752674156)	(55, 39.473043511619615)	(60, 39.38873944959691)	(65, 39.37243596713285)	(70, 39.32118548380065)	(75, 38.982449346424445)	(80, 39.2749746203087)	(85, 39.271200812822165)	(90, 39.19221336509865)	(95, 39.14134143499323)	(100, 39.094770419500755)	(105, 39.04497764531028)	(110, 38.91681984887474)	(115, 38.825470637363274)	(120, 38.62240501307007)	(125, 38.46029527807734)	(130, 38.413502399799924)	(135, 38.290759896239486)	(140, 38.09423586787824)	(145, 37.81526224507601)	(150, 36.404421410642804)
NG-13640_OCILY7_lib236387_5774_8_2	(1, 30.99508327234927)	(2, 31.071771742868943)	(3, 34.534760016407496)	(4, 35.333734660077745)	(5, 35.63152634491563)	(6, 38.690406328677746)	(7, 38.79699945204349)	(8, 38.84713317295465)	(9, 38.949877879861916)	(10, 38.93595414798442)	(15, 38.86652901349346)	(20, 38.775202979526554)	(25, 38.6514956196681)	(30, 38.66992429975533)	(35, 38.6053306392338)	(40, 38.488725008634574)	(45, 38.40746463744343)	(50, 38.33762856756774)	(55, 38.28277093585517)	(60, 38.174645370367486)	(65, 38.09554743528109)	(70, 37.943020186865255)	(75, 37.50511731301774)	(80, 38.00155952392667)	(85, 37.99176763139496)	(90, 37.909272397912595)	(95, 37.770681938244365)	(100, 37.57815627233399)	(105, 37.431071090577476)	(110, 37.276798573856965)	(115, 37.00013322087784)	(120, 36.69653641718684)	(125, 36.324607671855254)	(130, 36.01338289183591)	(135, 35.624559708658985)	(140, 35.18501520941356)	(145, 34.68892135371901)	(150, 32.279068847147975)
NG-13640_OCI_AML_3_lib248392_5885_6_1	(1, 31.421483678950555)	(2, 31.334578508334516)	(3, 34.91897326950811)	(4, 35.60536675577445)	(5, 35.87041401008401)	(6, 39.057541047004285)	(7, 39.18146177102117)	(8, 39.29970080088168)	(9, 39.38284034181617)	(10, 39.48645871513772)	(15, 39.4272055913015)	(20, 39.293758547116376)	(25, 39.16747230302379)	(30, 39.093353915415456)	(35, 39.08393657625063)	(40, 39.07028453307096)	(45, 39.046922396699)	(50, 38.971454715353644)	(55, 38.923114100722884)	(60, 38.85210429112907)	(65, 38.791786959683876)	(70, 38.73667097173908)	(75, 38.26478610709044)	(80, 38.59462752123316)	(85, 38.57098009596626)	(90, 38.54418646494091)	(95, 38.4684564280512)	(100, 38.42388308178961)	(105, 38.293577633519476)	(110, 38.2148766973426)	(115, 38.176705538116565)	(120, 37.99512995279111)	(125, 37.861424653918796)	(130, 37.779942720005046)	(135, 37.51602422352742)	(140, 37.42124023038541)	(145, 37.21875087766516)	(150, 35.92658912198186)
NG-13640_OCI_AML_3_lib248392_5885_6_2	(1, 30.99239948953225)	(2, 30.900824928179652)	(3, 33.95022811173176)	(4, 34.91301192254908)	(5, 35.25508432320308)	(6, 38.294024444874395)	(7, 38.37547392366931)	(8, 38.43599934775267)	(9, 38.50337941045689)	(10, 38.505210937685405)	(15, 38.45877190004113)	(20, 38.393836738586224)	(25, 38.31704966955305)	(30, 38.294865542680064)	(35, 38.16681967084766)	(40, 38.02829144945004)	(45, 37.93941293063992)	(50, 37.84811199701626)	(55, 37.76959240066061)	(60, 37.665421665465686)	(65, 37.52910313570946)	(70, 37.38565683617545)	(75, 36.77011388816938)	(80, 37.40225853363652)	(85, 37.35907084673535)	(90, 37.224132054718346)	(95, 37.03778815323607)	(100, 36.81053735732944)	(105, 36.59898395573772)	(110, 36.293789351133285)	(115, 35.946840187133986)	(120, 35.507057039302374)	(125, 35.08574914684274)	(130, 34.690064920376024)	(135, 34.1488095006805)	(140, 33.49396259269266)	(145, 33.10335851718964)	(150, 30.602526446649264)
NG-13640_OCI_LY_3_lib241204_5808_6_1	(1, 31.382723549298717)	(2, 31.359713249032243)	(3, 35.18277102622867)	(4, 35.84300461615071)	(5, 36.14375729032453)	(6, 39.48761970813681)	(7, 39.60596029845123)	(8, 39.73940196142464)	(9, 39.76959618998228)	(10, 39.76715128760642)	(15, 39.692003312868806)	(20, 39.63801286833946)	(25, 39.489629466371056)	(30, 39.41365967873728)	(35, 39.385218918067764)	(40, 39.33510717210927)	(45, 39.30866832381004)	(50, 39.24820033870146)	(55, 39.1818281459795)	(60, 39.08989073127854)	(65, 39.061344311398564)	(70, 38.96052375395878)	(75, 38.536896365855476)	(80, 38.94607432520474)	(85, 38.94743792809402)	(90, 38.79373890601184)	(95, 38.673868118175136)	(100, 38.60899371743032)	(105, 38.48138129507624)	(110, 38.19003321819469)	(115, 38.094763686328385)	(120, 37.909350571310945)	(125, 37.67352760295178)	(130, 37.34159957729226)	(135, 37.06401444560626)	(140, 36.73820114839698)	(145, 36.363502269614074)	(150, 34.37256182613193)
NG-13640_OCI_LY_3_lib241204_5808_6_2	(1, 30.770052526227886)	(2, 30.720776630645112)	(3, 33.72854574931856)	(4, 34.740025465382175)	(5, 35.1111379926481)	(6, 38.06730832600073)	(7, 38.11478100217383)	(8, 38.227400817393686)	(9, 38.31441797735576)	(10, 38.253333701994414)	(15, 38.12082176208712)	(20, 37.95519602238328)	(25, 37.83339664082997)	(30, 37.73599249632912)	(35, 37.564162816920394)	(40, 37.30561656039745)	(45, 37.033600851890675)	(50, 36.79758857252274)	(55, 36.614227180477414)	(60, 36.3250826865739)	(65, 36.163940999929956)	(70, 35.78969105463093)	(75, 34.83206757037668)	(80, 35.597567274074194)	(85, 35.27597380509427)	(90, 34.586308565600895)	(95, 33.90974300039486)	(100, 33.337329914828956)	(105, 32.59542722605196)	(110, 31.73051148091244)	(115, 30.94998466127683)	(120, 30.140734021341167)	(125, 29.70924882912444)	(130, 29.0197657696475)	(135, 28.33353101602078)	(140, 27.619846875084836)	(145, 27.14951296415294)	(150, 24.274079306619406)
NG-13640_OCI_M2_lib259807_5981_3_1	(1, 31.50817983507756)	(2, 31.63020062937313)	(3, 35.63818155585053)	(4, 35.95926860652109)	(5, 36.310373234015394)	(6, 39.76602139940987)	(7, 39.901708024829865)	(8, 39.96348472637295)	(9, 40.00919627146977)	(10, 40.064961837796)	(15, 40.01537079325921)	(20, 39.98906078612077)	(25, 39.88727923757121)	(30, 39.825264650052105)	(35, 39.809808329783394)	(40, 39.76838315376826)	(45, 39.73170523128071)	(50, 39.66686787169321)	(55, 39.60373915328213)	(60, 39.46917701528014)	(65, 39.42801506922132)	(70, 39.342649471121106)	(75, 38.956194198474975)	(80, 39.31699489976789)	(85, 39.28302830722701)	(90, 39.19674234902716)	(95, 39.10895361892168)	(100, 39.024392141291)	(105, 38.94127590354086)	(110, 38.84248568713586)	(115, 38.73210060213252)	(120, 38.592052475222815)	(125, 38.37818205035561)	(130, 38.250050577303746)	(135, 38.07335367943311)	(140, 37.87415996544462)	(145, 37.562711118627846)	(150, 36.166451076254134)
NG-13640_OCI_M2_lib259807_5981_3_2	(1, 31.00262197159366)	(2, 31.158444329853165)	(3, 34.69036071813465)	(4, 35.42979823359835)	(5, 35.68518683379987)	(6, 38.88821903043546)	(7, 38.987478622114665)	(8, 39.02354217796362)	(9, 39.075277189967984)	(10, 39.07201746388239)	(15, 38.98834412499052)	(20, 38.89615813577582)	(25, 38.74425089655223)	(30, 38.77815335573456)	(35, 38.68715333153284)	(40, 38.4593231472426)	(45, 38.488193339016576)	(50, 38.36991146955035)	(55, 38.31457100625335)	(60, 38.219327267007735)	(65, 38.1441411059537)	(70, 37.864886862449275)	(75, 37.449575347927045)	(80, 38.08961045540801)	(85, 38.02698112525511)	(90, 37.87371161258559)	(95, 37.669714450445056)	(100, 37.52148846124273)	(105, 37.27865742965445)	(110, 37.01458740012002)	(115, 36.60321307888358)	(120, 36.186579665184844)	(125, 35.73688535047262)	(130, 35.35745006051976)	(135, 34.76178361461938)	(140, 34.19469307047747)	(145, 33.70328563405867)	(150, 31.038181432105276)
NG-13640_OPM2_lib236378_5767_8_1	(1, 30.901943911361492)	(2, 31.418893085245458)	(3, 34.864929824392476)	(4, 35.6705422435011)	(5, 35.98084207766313)	(6, 39.233830175696404)	(7, 39.37288312904179)	(8, 39.49903932485651)	(9, 39.60192686093683)	(10, 39.62140757699541)	(15, 39.52479751842994)	(20, 39.38907804605985)	(25, 39.189742452668774)	(30, 39.229856327581466)	(35, 38.94721667890021)	(40, 38.76918119890705)	(45, 38.852666287932934)	(50, 38.91511538367529)	(55, 38.91579476384569)	(60, 38.8712652940902)	(65, 38.840301977686316)	(70, 38.8016840249668)	(75, 38.39139309376326)	(80, 38.84187232920504)	(85, 38.774048193003104)	(90, 38.6859673997658)	(95, 38.65252080085149)	(100, 38.585786096423035)	(105, 38.43441891456493)	(110, 38.3649786054945)	(115, 38.24071540085904)	(120, 38.020059280963885)	(125, 37.83357657322017)	(130, 37.66869832080722)	(135, 37.452714935712784)	(140, 37.19664080858418)	(145, 36.87809231967991)	(150, 35.25635412739526)
NG-13640_OPM2_lib236378_5767_8_2	(1, 30.54013206301991)	(2, 30.770275643594278)	(3, 34.18917172118186)	(4, 34.88932378252783)	(5, 35.35040862505583)	(6, 38.30699673286606)	(7, 38.28289300228944)	(8, 38.49831422999408)	(9, 38.56516496026629)	(10, 38.51898388357123)	(15, 38.477341295136036)	(20, 38.360628119275944)	(25, 38.21035608130579)	(30, 38.2047461805049)	(35, 38.130297075874395)	(40, 38.02337413238744)	(45, 37.94540971903833)	(50, 37.86380162253086)	(55, 37.72672448009907)	(60, 37.61102961900226)	(65, 37.46573596136027)	(70, 37.29315117771624)	(75, 36.90025648519791)	(80, 37.30433492307681)	(85, 37.18011510443941)	(90, 36.91170352111268)	(95, 36.66800463664893)	(100, 36.29352930310277)	(105, 35.82833746212354)	(110, 35.3685818475935)	(115, 34.82614254658684)	(120, 34.32005015283905)	(125, 33.657743901436405)	(130, 32.927785777931184)	(135, 32.447777766749894)	(140, 31.86807029041273)	(145, 31.416422862382632)	(150, 28.640572233583413)
NG-13640_PGA_1_lib227483_5697_4_1	(1, 31.36797561695953)	(2, 31.590898709431915)	(3, 35.48471520362976)	(4, 36.080973219648534)	(5, 36.235639920082534)	(6, 39.67144618750047)	(7, 39.80209977571422)	(8, 39.885623347389526)	(9, 39.942385110309225)	(10, 39.948759974115205)	(15, 39.893247638072936)	(20, 39.87140985674979)	(25, 39.75155942814)	(30, 39.708018428630915)	(35, 39.651220446077915)	(40, 39.65528357778307)	(45, 39.56538817025015)	(50, 39.52241297113824)	(55, 39.4598478071658)	(60, 39.41205352634915)	(65, 39.36758902110364)	(70, 39.30937472727051)	(75, 38.99829279733029)	(80, 39.2838288666542)	(85, 39.23898534468354)	(90, 39.19866985098189)	(95, 39.1310469159304)	(100, 39.063580410988905)	(105, 38.964611515380284)	(110, 38.832363166017274)	(115, 38.68610230493079)	(120, 38.56179715310812)	(125, 38.35965217577304)	(130, 38.09322547015727)	(135, 37.85836605701349)	(140, 37.597732325937066)	(145, 37.32212826528236)	(150, 35.46529460710819)
NG-13640_PGA_1_lib227483_5697_4_2	(1, 31.20896293092069)	(2, 31.47746604519338)	(3, 35.23519038086544)	(4, 35.970232836729735)	(5, 36.09023811665685)	(6, 39.49787048186928)	(7, 39.57870705030001)	(8, 39.62838774295756)	(9, 39.68242444493285)	(10, 39.67511706562356)	(15, 39.615522221784445)	(20, 39.57764880549057)	(25, 39.47442071620424)	(30, 39.52901496348197)	(35, 39.32019697591295)	(40, 39.269041602945876)	(45, 39.232696031994024)	(50, 39.19961562649154)	(55, 39.15352327952922)	(60, 39.10308439600509)	(65, 39.01161617300382)	(70, 38.967597303977726)	(75, 38.54206873600239)	(80, 38.88430376841139)	(85, 38.81693516713418)	(90, 38.67354972731566)	(95, 38.60231502395297)	(100, 38.401140999472055)	(105, 38.126164251939564)	(110, 37.89297130768896)	(115, 37.60099260222208)	(120, 37.31417328467072)	(125, 36.897417595241365)	(130, 36.36914089094742)	(135, 36.07419940280895)	(140, 35.757905443098345)	(145, 35.4733753748996)	(150, 32.44242135077703)
NG-13640_RAJI_lib227476_5684_6_1	(1, 31.515014390638626)	(2, 31.598837746782777)	(3, 35.427677250844646)	(4, 36.02419429749379)	(5, 36.25099437303707)	(6, 39.585213458142874)	(7, 39.71535291167352)	(8, 39.83718861753034)	(9, 39.912643109488116)	(10, 39.92603408147737)	(15, 39.86949483915216)	(20, 39.79365939254426)	(25, 39.70398034871801)	(30, 39.64944503894331)	(35, 39.61281751146228)	(40, 39.584044625041294)	(45, 39.55414087263171)	(50, 39.48457259621638)	(55, 39.40129351895959)	(60, 39.35962458292745)	(65, 39.27964769292712)	(70, 39.200913386795015)	(75, 38.72767450861145)	(80, 39.108879611112606)	(85, 39.09954101433897)	(90, 39.01980649570684)	(95, 38.90457397304981)	(100, 38.83031709749941)	(105, 38.744994305947316)	(110, 38.59608310991448)	(115, 38.46312416118231)	(120, 38.334602514589115)	(125, 38.093034168907955)	(130, 37.92162433076002)	(135, 37.66155288922299)	(140, 37.397671938067504)	(145, 37.21430404159254)	(150, 35.79453867569537)
NG-13640_RAJI_lib227476_5684_6_2	(1, 31.32289794040583)	(2, 31.214142262742932)	(3, 34.78074211690481)	(4, 35.57722374872794)	(5, 35.84523256304365)	(6, 39.08711728166241)	(7, 39.18796269537513)	(8, 39.311073751744026)	(9, 39.32989522695963)	(10, 39.29659291633034)	(15, 39.22709801816575)	(20, 39.1800639425343)	(25, 39.085079925954915)	(30, 39.1275515968142)	(35, 39.057809444004015)	(40, 38.9523294238284)	(45, 38.85287863947318)	(50, 38.7712433788761)	(55, 38.682618023863405)	(60, 38.58022675410119)	(65, 38.49246490563905)	(70, 38.41831927955725)	(75, 37.89898507681121)	(80, 38.40576539868594)	(85, 38.42732673922452)	(90, 38.26990704825299)	(95, 38.05963623234716)	(100, 37.885065973206856)	(105, 37.65462414190185)	(110, 37.34898503162982)	(115, 37.009933593144105)	(120, 36.57223693403797)	(125, 36.145310918622855)	(130, 35.49850188683901)	(135, 34.90292954044801)	(140, 34.44494901945062)	(145, 34.007469876420814)	(150, 30.988318418529218)
NG-13640_RAMOS_lib227477_5697_7_1	(1, 30.938285231998314)	(2, 31.41881899409063)	(3, 35.0216532137695)	(4, 35.8223182582384)	(5, 36.12597252490212)	(6, 39.49607485079446)	(7, 39.61249733409411)	(8, 39.66372810772688)	(9, 39.694462764049085)	(10, 39.781478354142315)	(15, 39.71801098188255)	(20, 39.62945718505111)	(25, 39.447005496025625)	(30, 39.47848648159218)	(35, 39.18427286717117)	(40, 39.02703632885327)	(45, 39.06490507103304)	(50, 39.111529364828286)	(55, 39.10942771418157)	(60, 39.08906755469076)	(65, 39.03505059230844)	(70, 39.01126204674394)	(75, 38.68474320247411)	(80, 39.005597404425885)	(85, 38.97503882905787)	(90, 38.83318968587717)	(95, 38.78378138852332)	(100, 38.71456497905922)	(105, 38.559332844982826)	(110, 38.36908862988367)	(115, 38.20948583809671)	(120, 38.01859385992721)	(125, 37.73316344195049)	(130, 37.436942772932646)	(135, 37.103085019017925)	(140, 36.736531329607004)	(145, 36.39409487309315)	(150, 34.46307025978405)
NG-13640_RAMOS_lib227477_5697_7_2	(1, 30.749829065603162)	(2, 31.045894120900666)	(3, 34.74246883952893)	(4, 35.40351803299065)	(5, 35.77558105389703)	(6, 38.92188001927944)	(7, 38.86928028302766)	(8, 39.02175947138284)	(9, 39.118880092894415)	(10, 39.053704090639556)	(15, 39.03524889297633)	(20, 38.94608967385322)	(25, 38.77419928843909)	(30, 38.843948943987556)	(35, 38.78638664995465)	(40, 38.752495501562706)	(45, 38.653114689475444)	(50, 38.550364518514)	(55, 38.422090430448534)	(60, 38.34498417818999)	(65, 38.221039726825175)	(70, 38.10031414283154)	(75, 37.67910758425141)	(80, 38.052344707161964)	(85, 37.91947997107543)	(90, 37.70860164710389)	(95, 37.49860123981459)	(100, 37.23927767648432)	(105, 36.839604092083725)	(110, 36.40945723048576)	(115, 35.90513383564238)	(120, 35.494450832041196)	(125, 34.968594008671644)	(130, 34.54664551286458)	(135, 34.102583804370894)	(140, 33.644793422921474)	(145, 33.27577282062769)	(150, 30.429929594662767)
NG-13640_REC_1_lib241207_5808_6_1	(1, 31.387019218991504)	(2, 31.369272912323172)	(3, 35.163995072105685)	(4, 35.86051455220396)	(5, 36.1453028286128)	(6, 39.51028922452644)	(7, 39.70767602793534)	(8, 39.75175245306731)	(9, 39.789652524809945)	(10, 39.792353674773004)	(15, 39.707221835308424)	(20, 39.65774080842975)	(25, 39.509890901965704)	(30, 39.43470838805521)	(35, 39.408434658432014)	(40, 39.35925090457419)	(45, 39.333221809677134)	(50, 39.27389634955655)	(55, 39.20841847267517)	(60, 39.11725108284039)	(65, 39.09074370113423)	(70, 38.99070318102192)	(75, 38.56754132839143)	(80, 38.97411501674901)	(85, 38.977782720009905)	(90, 38.82516078591533)	(95, 38.70779345152792)	(100, 38.646787700799976)	(105, 38.52329594040506)	(110, 38.23487918775476)	(115, 38.14099492717553)	(120, 37.959410698573926)	(125, 37.7294377319005)	(130, 37.40081158966286)	(135, 37.129479418294196)	(140, 36.80748208513973)	(145, 36.4368912364214)	(150, 34.442293636259585)
NG-13640_REC_1_lib241207_5808_6_2	(1, 30.983334300110794)	(2, 31.025141510569576)	(3, 34.26016945972486)	(4, 35.090363328162816)	(5, 35.37573845354047)	(6, 38.4656399189029)	(7, 38.60737277363944)	(8, 38.66467725064784)	(9, 38.71087354110831)	(10, 38.61367450515997)	(15, 38.47486497795143)	(20, 38.32822528728998)	(25, 38.20236760885743)	(30, 38.115610511127336)	(35, 37.946064558305316)	(40, 37.71235285856817)	(45, 37.44568931735629)	(50, 37.227726132305996)	(55, 37.06037933273295)	(60, 36.7848719739105)	(65, 36.64140320059508)	(70, 36.281154720022435)	(75, 35.34812519114189)	(80, 36.09374363432762)	(85, 35.797260768163646)	(90, 35.148251222544374)	(95, 34.51327494714795)	(100, 33.982816232923035)	(105, 33.275362029017586)	(110, 32.44714829886523)	(115, 31.684959287460867)	(120, 30.88225203517543)	(125, 30.470968510613897)	(130, 29.784354364012643)	(135, 29.104748784622394)	(140, 28.391808516040662)	(145, 27.923816355526686)	(150, 24.90259859597782)
NG-13640_REH_lib227472_5697_7_1	(1, 31.249206298749243)	(2, 31.520690776060995)	(3, 35.45299986313935)	(4, 36.04469976300395)	(5, 36.27196923848991)	(6, 39.72694163607628)	(7, 39.889466728014334)	(8, 39.87253438375758)	(9, 39.908385024429286)	(10, 39.96775750622216)	(15, 39.92772565803019)	(20, 39.904047364215)	(25, 39.798338285195996)	(30, 39.73368015462265)	(35, 39.66157590559568)	(40, 39.667912673870354)	(45, 39.60279749023785)	(50, 39.54520770955067)	(55, 39.47745140983164)	(60, 39.4177677505901)	(65, 39.347670908968766)	(70, 39.31894041709359)	(75, 39.04430478922183)	(80, 39.28672694047975)	(85, 39.256217033201814)	(90, 39.12283442450597)	(95, 39.094263897928876)	(100, 39.03807931595243)	(105, 38.91188193740667)	(110, 38.74923364688088)	(115, 38.620509030435976)	(120, 38.45073251430606)	(125, 38.20901589466429)	(130, 37.973464396954284)	(135, 37.69489617102376)	(140, 37.39385083969019)	(145, 37.10914971615214)	(150, 35.2546957680168)
NG-13640_REH_lib227472_5697_7_2	(1, 30.981812761578553)	(2, 31.331701441483258)	(3, 34.95308867093338)	(4, 35.79064238350389)	(5, 36.002096370103324)	(6, 39.363669934690215)	(7, 39.366080082878256)	(8, 39.40495130123545)	(9, 39.48291695193848)	(10, 39.46575960902841)	(15, 39.42022010675218)	(20, 39.35091333487262)	(25, 39.25087533111475)	(30, 39.297777383415855)	(35, 39.16366751732047)	(40, 39.088662533677095)	(45, 39.01011835926657)	(50, 38.93086161057783)	(55, 38.826738299935855)	(60, 38.771246180943045)	(65, 38.6726034969697)	(70, 38.574011769754435)	(75, 38.09968878982521)	(80, 38.46944086608511)	(85, 38.364836398502185)	(90, 38.19300061060404)	(95, 38.01466299258463)	(100, 37.80233946412193)	(105, 37.47175517908924)	(110, 37.11207836397127)	(115, 36.67066024585915)	(120, 36.31315635379568)	(125, 35.86480000050616)	(130, 35.502957370448016)	(135, 35.11167948050811)	(140, 34.711832599500895)	(145, 34.36399267973313)	(150, 31.38709321126867)
NG-13640_RPMI_8226_lib241212_5808_7_1	(1, 31.449854822192965)	(2, 31.44179237374844)	(3, 35.24785377885599)	(4, 35.889629801801064)	(5, 36.15652705756382)	(6, 39.491522503245484)	(7, 39.60932891741013)	(8, 39.742395889467254)	(9, 39.77434632975458)	(10, 39.775562287787736)	(15, 39.710277033712046)	(20, 39.64650866482915)	(25, 39.526492084829414)	(30, 39.45729937805536)	(35, 39.40821848840496)	(40, 39.353035102795126)	(45, 39.30441422890554)	(50, 39.233117214314404)	(55, 39.15162535319819)	(60, 39.07220679259088)	(65, 38.97704596692246)	(70, 38.86991532784184)	(75, 38.27315401513661)	(80, 38.777066726191926)	(85, 38.74470575024087)	(90, 38.58697447410399)	(95, 38.446231540096534)	(100, 38.32569996462261)	(105, 38.1552069687102)	(110, 37.94376291422857)	(115, 37.749843685881224)	(120, 37.52122861756864)	(125, 37.20489765778855)	(130, 36.89006413440865)	(135, 36.466773347159695)	(140, 36.16076762909403)	(145, 35.75511582751186)	(150, 33.714915011463106)
NG-13640_RPMI_8226_lib241212_5808_7_2	(1, 30.817990637602374)	(2, 30.91873554774314)	(3, 34.03142926528416)	(4, 34.96178024388687)	(5, 35.31407837068357)	(6, 38.377630905672206)	(7, 38.45694971102614)	(8, 38.54761033721695)	(9, 38.58970460864555)	(10, 38.52805642683076)	(15, 38.41985362028281)	(20, 38.21812076959974)	(25, 38.06135624156552)	(30, 38.046875154214064)	(35, 37.90846803280864)	(40, 37.664060522975674)	(45, 37.49910328838672)	(50, 37.33292009995155)	(55, 37.13811410645546)	(60, 36.91367056015374)	(65, 36.72606108050407)	(70, 36.4621504618252)	(75, 35.50938887583895)	(80, 36.2379663405937)	(85, 35.94946641110723)	(90, 35.410246558271034)	(95, 34.70507191831222)	(100, 34.18335927967857)	(105, 33.453398044571124)	(110, 32.727856527019185)	(115, 31.950026587875755)	(120, 31.425612431348007)	(125, 30.802195531262935)	(130, 30.213465100411042)	(135, 29.698179341884003)	(140, 28.978036106214642)	(145, 28.267277606593307)	(150, 25.35335826967925)
NG-13640_RPMI_8402_lib241221_5808_2_1	(1, 31.42106557506685)	(2, 31.466750172673564)	(3, 35.267554059008866)	(4, 35.909664894369016)	(5, 36.16471319407116)	(6, 39.52626917936162)	(7, 39.72904989679427)	(8, 39.78955727677563)	(9, 39.82159996870688)	(10, 39.82459604768998)	(15, 39.75163812611345)	(20, 39.70233209817525)	(25, 39.56670786498451)	(30, 39.506895416865554)	(35, 39.46648185105577)	(40, 39.401946632590864)	(45, 39.32496695730449)	(50, 39.28038772805778)	(55, 39.20735996841069)	(60, 39.12300997818376)	(65, 39.01964606819188)	(70, 38.9382045032074)	(75, 38.43747282124355)	(80, 38.844799339496205)	(85, 38.79530752071993)	(90, 38.548812372501956)	(95, 38.30164270780317)	(100, 38.11585646147632)	(105, 37.84057945235508)	(110, 37.237328617741035)	(115, 37.31570881315483)	(120, 36.86968343602664)	(125, 36.55679522937645)	(130, 36.2721575967655)	(135, 35.88954170265249)	(140, 35.50089218396734)	(145, 34.982423768993335)	(150, 32.17718451524898)
NG-13640_RPMI_8402_lib241221_5808_2_2	(1, 30.973934068981936)	(2, 30.904082154747144)	(3, 34.1424252756992)	(4, 35.05516688437574)	(5, 35.25182791712683)	(6, 38.27564008740665)	(7, 38.38037250405058)	(8, 38.536330908022485)	(9, 38.555805041114276)	(10, 38.47636051334403)	(15, 38.29817474898598)	(20, 38.17241164814023)	(25, 38.0207411061193)	(30, 37.97795382662846)	(35, 37.7609049708456)	(40, 37.52267358919672)	(45, 37.30961702909234)	(50, 37.11930014156355)	(55, 36.91869786567307)	(60, 36.70727536510553)	(65, 36.417659948961145)	(70, 36.15210121280567)	(75, 35.14140353675861)	(80, 35.90451951797807)	(85, 35.50687999566661)	(90, 34.82033409834339)	(95, 34.20587092528924)	(100, 33.575629350517616)	(105, 32.69475841416149)	(110, 32.07262740004984)	(115, 31.459114151924002)	(120, 30.894571878823985)	(125, 30.28354398709867)	(130, 29.638818554261793)	(135, 28.97659746135354)	(140, 28.239571271352695)	(145, 27.643841289463346)	(150, 24.737786396353545)
NG-13640_Ri_1_lib241203_5808_6_1	(1, 31.12026784369273)	(2, 31.269764772117725)	(3, 34.78878596096609)	(4, 35.6311082130864)	(5, 35.97201968871624)	(6, 39.23169038144365)	(7, 39.3773330543281)	(8, 39.49443124568176)	(9, 39.533744284614215)	(10, 39.55992501210679)	(15, 39.446039633803615)	(20, 39.30833625281885)	(25, 39.05699804353257)	(30, 39.07310234889708)	(35, 38.82242678819212)	(40, 38.61550207375923)	(45, 38.693214959724465)	(50, 38.73638063684037)	(55, 38.732065481308766)	(60, 38.66319197320373)	(65, 38.65083924793697)	(70, 38.543566340579844)	(75, 38.073810564175595)	(80, 38.58324279029655)	(85, 38.58145063832808)	(90, 38.408585633244094)	(95, 38.26459327946688)	(100, 38.184281815252106)	(105, 38.02471672525019)	(110, 37.701056341369814)	(115, 37.56316657000396)	(120, 37.33478493361016)	(125, 37.04437888207475)	(130, 36.651170766043144)	(135, 36.306783015237514)	(140, 35.91079641337028)	(145, 35.46815590948201)	(150, 33.400149535357365)
NG-13640_Ri_1_lib241203_5808_6_2	(1, 30.46698720189335)	(2, 30.436007161015652)	(3, 33.49647202286328)	(4, 34.262839075240656)	(5, 34.72502038738777)	(6, 37.44793132675011)	(7, 37.43903342328601)	(8, 37.619883788213905)	(9, 37.72766212634874)	(10, 37.602648529187476)	(15, 37.46772922795526)	(20, 37.26345252809624)	(25, 37.00155861094956)	(30, 36.91272647510654)	(35, 36.78434067502069)	(40, 36.56361919607728)	(45, 36.2613244002646)	(50, 35.98194070421333)	(55, 35.747583006843286)	(60, 35.41502127091921)	(65, 35.20537149021813)	(70, 34.78391019069977)	(75, 34.01966209667491)	(80, 34.72176257572005)	(85, 34.30665212961152)	(90, 33.52535104334905)	(95, 32.74646167712446)	(100, 32.07519207452247)	(105, 31.245127237215893)	(110, 30.31091165340545)	(115, 29.48135552837386)	(120, 28.662139521510916)	(125, 28.176615455705065)	(130, 27.46742762427217)	(135, 26.770615074222654)	(140, 26.043679709292764)	(145, 25.546691000984982)	(150, 22.97914078839609)
NG-13640_SEM_lib227473_5697_7_1	(1, 31.28127483672092)	(2, 31.484691235890384)	(3, 35.4559254516474)	(4, 36.03052751132815)	(5, 36.27077417556818)	(6, 39.693240954901874)	(7, 39.79737193329456)	(8, 39.86712115095013)	(9, 39.88959136484351)	(10, 39.94342776015415)	(15, 39.915374617863144)	(20, 39.88690750562409)	(25, 39.774165026552176)	(30, 39.70770287556826)	(35, 39.62938989536828)	(40, 39.62435499249729)	(45, 39.55070185676112)	(50, 39.4826386577202)	(55, 39.40022057056567)	(60, 39.324097016658406)	(65, 39.23034431236355)	(70, 39.17437193969228)	(75, 38.761919267868606)	(80, 39.0910322681372)	(85, 39.04311760594578)	(90, 38.867831516664516)	(95, 38.80660605454507)	(100, 38.721194032531116)	(105, 38.55279161796831)	(110, 38.343300587163796)	(115, 38.169444783223724)	(120, 37.94846960846805)	(125, 37.640183634457784)	(130, 37.34350663829676)	(135, 37.00630222396719)	(140, 36.65136145160206)	(145, 36.31363835141584)	(150, 34.33533228074181)
NG-13640_SEM_lib227473_5697_7_2	(1, 30.778614321283303)	(2, 31.193114964926522)	(3, 34.80263168084994)	(4, 35.570074501885024)	(5, 35.83247086601076)	(6, 39.11239109443367)	(7, 39.09376350183216)	(8, 39.15452708077355)	(9, 39.23607569455271)	(10, 39.1772400933437)	(15, 39.13518661724942)	(20, 39.037806672227056)	(25, 38.93479879485117)	(30, 38.99183883519489)	(35, 38.893213429038575)	(40, 38.84844177057613)	(45, 38.75619931176362)	(50, 38.67364552133979)	(55, 38.5664123723166)	(60, 38.508040203204715)	(65, 38.40645455679084)	(70, 38.30460737651383)	(75, 37.84202191406216)	(80, 38.21501436846921)	(85, 38.106246644710176)	(90, 37.92408889493491)	(95, 37.73860431840882)	(100, 37.51104556863793)	(105, 37.16065129128781)	(110, 36.78075576700172)	(115, 36.320771792702104)	(120, 35.95031772932056)	(125, 35.484599261524764)	(130, 35.11133531976593)	(135, 34.71104138431163)	(140, 34.3016825279347)	(145, 33.949925969525125)	(150, 31.055601828577533)
NG-13640_SET_2_lib259821_5981_7_1	(1, 31.451000612259644)	(2, 31.598188868186906)	(3, 35.643674810475495)	(4, 36.188279413853564)	(5, 36.376695104559786)	(6, 39.873303400976845)	(7, 39.88947652908106)	(8, 40.042409562890555)	(9, 40.0682687556746)	(10, 40.10828859729304)	(15, 40.0531734315182)	(20, 40.01876658797445)	(25, 39.910125964903685)	(30, 39.833927692794646)	(35, 39.78171515418933)	(40, 39.72135455853659)	(45, 39.63281140603574)	(50, 39.55702030160971)	(55, 39.44134339906757)	(60, 39.30865668134518)	(65, 39.151245173224694)	(70, 38.942528334039295)	(75, 38.07439969075381)	(80, 38.719493127789846)	(85, 38.63935097746857)	(90, 38.5042275531526)	(95, 38.373616643533595)	(100, 38.262600245492536)	(105, 38.18478604731371)	(110, 38.0465407997755)	(115, 37.99701942404869)	(120, 37.87975790482365)	(125, 37.70497294596478)	(130, 37.58663177785034)	(135, 37.419777791958744)	(140, 37.264343114467124)	(145, 37.064486625432835)	(150, 35.51265646614245)
NG-13640_SET_2_lib259821_5981_7_2	(1, 30.709047918200387)	(2, 30.808056829541325)	(3, 34.18552416959953)	(4, 35.014841037800274)	(5, 35.37582173106317)	(6, 38.4422482154666)	(7, 38.52343820764168)	(8, 38.63373230498475)	(9, 38.712871438250005)	(10, 38.6745905815186)	(15, 38.609848243541265)	(20, 38.45507692571922)	(25, 38.34143259046214)	(30, 38.39914294573994)	(35, 38.34701196083516)	(40, 38.26883782305026)	(45, 38.203405337337095)	(50, 38.12394322398625)	(55, 38.04544432186305)	(60, 37.934974275354435)	(65, 37.80355815797513)	(70, 37.66991467418286)	(75, 37.15144263052499)	(80, 37.761141427729285)	(85, 37.69152971237452)	(90, 37.540438476463024)	(95, 37.289231831566056)	(100, 37.088153809138305)	(105, 36.80611471294485)	(110, 36.46968306725664)	(115, 36.024184926505626)	(120, 35.58081385774462)	(125, 35.13232047861184)	(130, 34.64031146983491)	(135, 33.9849758881611)	(140, 33.4413339740864)	(145, 32.98759239159443)	(150, 30.263530241702824)
NG-13640_SKNO_1_lib259805_5981_3_1	(1, 31.498270291880765)	(2, 31.60879276789201)	(3, 35.59559557141534)	(4, 35.945292911277164)	(5, 36.29427270482913)	(6, 39.73721374494107)	(7, 39.87599227182812)	(8, 39.935882235354654)	(9, 39.98325638108273)	(10, 40.039142144554404)	(15, 39.98952388592836)	(20, 39.96431019772082)	(25, 39.85816124824426)	(30, 39.787739376755475)	(35, 39.76889615590376)	(40, 39.73223596188392)	(45, 39.69510615598798)	(50, 39.62547742825091)	(55, 39.55984270626077)	(60, 39.423098156558865)	(65, 39.38031234473071)	(70, 39.291593622972826)	(75, 38.897757332034374)	(80, 39.262718954897274)	(85, 39.22750262060199)	(90, 39.1359029962844)	(95, 39.043560038490156)	(100, 38.9535495472176)	(105, 38.86834732982265)	(110, 38.764645750015184)	(115, 38.65047066233305)	(120, 38.504976338124806)	(125, 38.2867346080355)	(130, 38.152745854573325)	(135, 37.96973694696434)	(140, 37.7631388628737)	(145, 37.44407531200123)	(150, 36.03631808634224)
NG-13640_SKNO_1_lib259805_5981_3_2	(1, 30.938744885670836)	(2, 31.075207576055078)	(3, 34.45810759959063)	(4, 35.33767204556767)	(5, 35.55776334224375)	(6, 38.70359061254937)	(7, 38.75193304023959)	(8, 38.81423471108666)	(9, 38.896850623692195)	(10, 38.92052711663751)	(15, 38.848386413912834)	(20, 38.757560909881875)	(25, 38.61559629831382)	(30, 38.64689197269167)	(35, 38.548745741106245)	(40, 38.31357318914741)	(45, 38.35304180862979)	(50, 38.23536852201594)	(55, 38.18097170370377)	(60, 38.08027488286519)	(65, 38.00476174351033)	(70, 37.719803498065964)	(75, 37.296817620728305)	(80, 37.957865506938546)	(85, 37.89143691429822)	(90, 37.73639949453962)	(95, 37.5213784299968)	(100, 37.36503789401554)	(105, 37.10926395766969)	(110, 36.833776729586226)	(115, 36.40509909532165)	(120, 35.97113230837693)	(125, 35.50357415982281)	(130, 35.10272513353435)	(135, 34.48914391304521)	(140, 33.90291000509272)	(145, 33.39995828311898)	(150, 30.7500715374479)
NG-13640_SKNO_1_lib259805_5991_5_1	(1, 31.533189386528687)	(2, 31.597026629053065)	(3, 35.50695551678824)	(4, 36.08917334532015)	(5, 36.18146859743923)	(6, 39.64598291796235)	(7, 39.78841387180552)	(8, 39.822730463824136)	(9, 39.92079564128965)	(10, 39.95760494854116)	(15, 39.96208555615315)	(20, 39.9112607840885)	(25, 39.82252334297725)	(30, 39.7402920873351)	(35, 39.711530570312156)	(40, 39.69744801141512)	(45, 39.67479870738146)	(50, 39.618844148902426)	(55, 39.58455255336945)	(60, 39.5281644626108)	(65, 39.51409960195543)	(70, 39.42217364098196)	(75, 39.13368871911257)	(80, 39.5004365096314)	(85, 39.49741584938083)	(90, 39.442530964666126)	(95, 39.386863359871015)	(100, 39.32197173672082)	(105, 39.255005272566606)	(110, 39.20205838678122)	(115, 39.14522264827564)	(120, 39.039760849814165)	(125, 39.01274372921193)	(130, 38.942251400454225)	(135, 38.85339282507975)	(140, 38.63665639245311)	(145, 38.55872997285136)	(150, 37.69263453752977)
NG-13640_SKNO_1_lib259805_5991_5_2	(1, 30.990741514029008)	(2, 31.200539572447305)	(3, 34.559257801760616)	(4, 35.467827806226644)	(5, 35.73345494308821)	(6, 38.923477082477206)	(7, 39.023050508409774)	(8, 39.04479181137025)	(9, 39.179646275677065)	(10, 39.19610096291207)	(15, 39.142171783247136)	(20, 39.05420876875721)	(25, 38.97471392334936)	(30, 39.006340946590534)	(35, 38.83119209766046)	(40, 38.68054237563647)	(45, 38.63724079934018)	(50, 38.58933764703785)	(55, 38.54192689398762)	(60, 38.47102158414191)	(65, 38.37863918435489)	(70, 38.26774274851039)	(75, 37.82231356822344)	(80, 38.41113415126192)	(85, 38.40954255353116)	(90, 38.28604178493485)	(95, 38.15461094346805)	(100, 37.95516136375982)	(105, 37.801287841498734)	(110, 37.5216783970734)	(115, 37.18382214842887)	(120, 36.81165785002855)	(125, 36.310145031865545)	(130, 35.60548439813745)	(135, 35.01311071477591)	(140, 34.627617965125175)	(145, 34.11568070016699)	(150, 30.980788077654974)
NG-13640_SR_786_lib248387_5885_5_1	(1, 31.367479435554223)	(2, 31.406847422519945)	(3, 34.86255571895317)	(4, 35.63459582998668)	(5, 35.92687839572144)	(6, 39.10129788345551)	(7, 39.32968249034917)	(8, 39.36659487571297)	(9, 39.44497205595625)	(10, 39.432842097713355)	(15, 39.42885974465548)	(20, 39.35418427147357)	(25, 39.21816533249775)	(30, 39.118082693208635)	(35, 39.09611729631267)	(40, 39.04960263859732)	(45, 38.98292192403147)	(50, 38.93445383853547)	(55, 38.87986556236784)	(60, 38.83433638046425)	(65, 38.74093200901575)	(70, 38.65318565659474)	(75, 38.17541386026605)	(80, 38.52532944061554)	(85, 38.49267054208953)	(90, 38.405223539633134)	(95, 38.31752614715044)	(100, 38.22591423846568)	(105, 38.15691397242882)	(110, 38.08415644188163)	(115, 37.99732221946973)	(120, 37.84317269047705)	(125, 37.661635251765986)	(130, 37.511432570338265)	(135, 37.31478529095938)	(140, 37.157781344152504)	(145, 36.901029415130935)	(150, 35.60560288632189)
NG-13640_SR_786_lib248387_5885_5_2	(1, 31.078911237793715)	(2, 31.061963062079165)	(3, 34.16646022952419)	(4, 35.112124362821376)	(5, 35.42212012556126)	(6, 38.50081075114465)	(7, 38.61572750907603)	(8, 38.70231742012409)	(9, 38.75204469419241)	(10, 38.76868983713762)	(15, 38.70796122169416)	(20, 38.603103398811626)	(25, 38.48797238201673)	(30, 38.500077633930225)	(35, 38.35330791655497)	(40, 38.23337108377719)	(45, 38.14493933291385)	(50, 38.07851043266343)	(55, 37.993318212130575)	(60, 37.87782991749806)	(65, 37.76280625140839)	(70, 37.64499740830249)	(75, 37.03088036327511)	(80, 37.63581325128071)	(85, 37.620209889348)	(90, 37.4191144685901)	(95, 37.237330582081526)	(100, 37.04706439261954)	(105, 36.82971098630495)	(110, 36.48399225695397)	(115, 36.18819110704398)	(120, 35.79286209371517)	(125, 35.296872256018005)	(130, 34.905965416225605)	(135, 34.334368386275344)	(140, 33.671372918058104)	(145, 33.2904052051663)	(150, 30.814308828100003)
NG-13640_SUDHL4_lib236389_5774_5_1	(1, 31.53683241329497)	(2, 31.513429841381036)	(3, 35.326589411154266)	(4, 35.97750910562005)	(5, 36.21020319467363)	(6, 39.5798246399946)	(7, 39.688779029534516)	(8, 39.821691754069796)	(9, 39.84184566347541)	(10, 39.84582207787568)	(15, 39.804422431107454)	(20, 39.7822535769727)	(25, 39.6644569159484)	(30, 39.63925772379118)	(35, 39.646116366475)	(40, 39.61411890268662)	(45, 39.587366007781874)	(50, 39.560390937451515)	(55, 39.51496328342589)	(60, 39.44711891969674)	(65, 39.41472393291717)	(70, 39.37634211402583)	(75, 39.0387564904493)	(80, 39.31407736175579)	(85, 39.30960202349576)	(90, 39.26325484943245)	(95, 39.189949323093224)	(100, 39.119860245502274)	(105, 39.10266662703949)	(110, 39.02000774136245)	(115, 38.93636949464015)	(120, 38.78267772661611)	(125, 38.62984343631253)	(130, 38.5883651860227)	(135, 38.46987072606197)	(140, 38.30642849758155)	(145, 38.10758394176514)	(150, 36.77807738695998)
NG-13640_SUDHL4_lib236389_5774_5_2	(1, 31.204739133041503)	(2, 31.429316149632484)	(3, 35.01821324129948)	(4, 35.82948063127395)	(5, 35.998867136818454)	(6, 39.21219075554329)	(7, 39.38429961046825)	(8, 39.41645668813719)	(9, 39.48608843958975)	(10, 39.493785170079704)	(15, 39.430504023921046)	(20, 39.37601076013143)	(25, 39.29121539255233)	(30, 39.341842345285045)	(35, 39.21167066774078)	(40, 39.115188855466904)	(45, 39.060642522266015)	(50, 38.99737905689675)	(55, 38.9682921625777)	(60, 38.91845492292482)	(65, 38.855094145606145)	(70, 38.78964926890152)	(75, 38.33003633215621)	(80, 38.76149345284804)	(85, 38.74788839100408)	(90, 38.66990517899203)	(95, 38.59304527312425)	(100, 38.447463059576506)	(105, 38.27650363444609)	(110, 38.16816329131167)	(115, 37.962663289378085)	(120, 37.72433887761387)	(125, 37.445847049489196)	(130, 37.17803375289196)	(135, 36.861353739996716)	(140, 36.54965650239425)	(145, 36.01793498385945)	(150, 33.60105110643259)
NG-13640_SUDHL6_lib236390_5774_5_1	(1, 31.50853066149813)	(2, 31.508023272170643)	(3, 35.352921297297186)	(4, 35.98971599044603)	(5, 36.19715024330032)	(6, 39.60385915650871)	(7, 39.73284917015243)	(8, 39.789439398379)	(9, 39.836079410452534)	(10, 39.86469233390526)	(15, 39.8138100669157)	(20, 39.79276293472949)	(25, 39.670982761220515)	(30, 39.64031688345124)	(35, 39.645960441280785)	(40, 39.612515938643)	(45, 39.58472787970695)	(50, 39.55312023024835)	(55, 39.50345053940287)	(60, 39.430286250631646)	(65, 39.387931024638355)	(70, 39.34053983629102)	(75, 38.94155887130661)	(80, 39.25677593791112)	(85, 39.243591478143195)	(90, 39.18514210923949)	(95, 39.093345264552276)	(100, 39.001560481716204)	(105, 38.96883342239681)	(110, 38.86305270075164)	(115, 38.75816435495244)	(120, 38.5702361138182)	(125, 38.38608752089574)	(130, 38.339537820229495)	(135, 38.19622195441178)	(140, 38.00241109851216)	(145, 37.77174572683457)	(150, 36.41373370871492)
NG-13640_SUDHL6_lib236390_5774_5_2	(1, 31.147088792094173)	(2, 31.153742891683148)	(3, 34.835534226459664)	(4, 35.582260300068235)	(5, 35.85542739180863)	(6, 38.98699490430585)	(7, 39.11108449083416)	(8, 39.24666206599072)	(9, 39.29242494985151)	(10, 39.282655959930004)	(15, 39.227754935885976)	(20, 39.16927010163618)	(25, 39.05659214877953)	(30, 39.104919970039376)	(35, 39.048597905507236)	(40, 38.96472722178779)	(45, 38.90566899217946)	(50, 38.82773081867204)	(55, 38.783229906798674)	(60, 38.72519356059358)	(65, 38.652522451653326)	(70, 38.5769893879068)	(75, 38.114097676208786)	(80, 38.54927523781767)	(85, 38.52804059867269)	(90, 38.44317339452803)	(95, 38.36034130821319)	(100, 38.20333794049763)	(105, 38.021126802691995)	(110, 37.904887061104986)	(115, 37.68435622026874)	(120, 37.42970661996436)	(125, 37.13169057711837)	(130, 36.847054033978736)	(135, 36.50948923802581)	(140, 36.177860138067)	(145, 35.633829936852734)	(150, 33.29290364443091)
NG-13640_SUP_HD_1_lib241216_5808_7_1	(1, 31.493908223796353)	(2, 31.423103626820545)	(3, 35.2748223129079)	(4, 35.901836056372446)	(5, 36.152101862840794)	(6, 39.49275454791047)	(7, 39.62405600468447)	(8, 39.75408707116695)	(9, 39.7818358261573)	(10, 39.79256046310173)	(15, 39.731931720407445)	(20, 39.66971399653468)	(25, 39.55288489233834)	(30, 39.48935726180233)	(35, 39.44588267365446)	(40, 39.398584901374576)	(45, 39.357536903590486)	(50, 39.29629506406744)	(55, 39.227544459497054)	(60, 39.16633493189707)	(65, 39.095043231220345)	(70, 39.015635371459005)	(75, 38.580182787906026)	(80, 38.96940324406448)	(85, 38.945229601776575)	(90, 38.82347061547582)	(95, 38.714394205052336)	(100, 38.623074423386285)	(105, 38.484156269224464)	(110, 38.31227531417867)	(115, 38.15328046506732)	(120, 37.95780233464454)	(125, 37.69627204839566)	(130, 37.42369474219278)	(135, 37.059503171754145)	(140, 36.775493638392945)	(145, 36.4056934192737)	(150, 34.47406667258565)
NG-13640_SUP_HD_1_lib241216_5808_7_2	(1, 30.96356979671915)	(2, 30.924061020920625)	(3, 34.124483670223114)	(4, 35.0889885845131)	(5, 35.42793428853338)	(6, 38.503931055120724)	(7, 38.53869292895634)	(8, 38.6191978223283)	(9, 38.683401058364474)	(10, 38.662523652926595)	(15, 38.58341732242195)	(20, 38.43840466628576)	(25, 38.281639935854116)	(30, 38.24379330173835)	(35, 38.07274091087662)	(40, 37.80332376333637)	(45, 37.628447417063455)	(50, 37.450567551916954)	(55, 37.258236988439954)	(60, 37.03801091073726)	(65, 36.85989381297082)	(70, 36.6065258807548)	(75, 35.62231692206086)	(80, 36.3458567978224)	(85, 36.064326973756735)	(90, 35.54400455919482)	(95, 34.854006808466934)	(100, 34.356725149786655)	(105, 33.644950243874675)	(110, 32.955603873469194)	(115, 32.201721845702615)	(120, 31.69701071765453)	(125, 31.104113497704027)	(130, 30.52717697710624)	(135, 30.02670818252123)	(140, 29.327446843015558)	(145, 28.628447738429788)	(150, 25.67472703071453)
NG-13640_SUP_M2_lib248389_5885_6_1	(1, 31.414486254674316)	(2, 31.325382581880774)	(3, 34.92339379612326)	(4, 35.613050994823304)	(5, 35.8794910211578)	(6, 39.063694105168054)	(7, 39.175769870359886)	(8, 39.29758195001761)	(9, 39.37618027076321)	(10, 39.48533417971009)	(15, 39.41842386033885)	(20, 39.285008269764624)	(25, 39.169846607936805)	(30, 39.100504045803156)	(35, 39.095922674800065)	(40, 39.08725615609963)	(45, 39.06671500396178)	(50, 38.99611187443881)	(55, 38.954506009287435)	(60, 38.88708174809238)	(65, 38.83189310800548)	(70, 38.77881102530485)	(75, 38.316635629941224)	(80, 38.648785997055896)	(85, 38.62887002340386)	(90, 38.60551452383261)	(95, 38.533430674145826)	(100, 38.49027299018894)	(105, 38.36347196121239)	(110, 38.28917050461845)	(115, 38.2566530864618)	(120, 38.0767972150412)	(125, 37.947626193913344)	(130, 37.87118805021819)	(135, 37.61281161891637)	(140, 37.525387964058424)	(145, 37.331057957220295)	(150, 36.042146306153086)
NG-13640_SUP_M2_lib248389_5885_6_2	(1, 30.82362098540262)	(2, 30.8390964678617)	(3, 33.712166902901096)	(4, 34.79925656331863)	(5, 35.242072647421324)	(6, 38.24042408415959)	(7, 38.31466291586025)	(8, 38.335692109495504)	(9, 38.42844245093441)	(10, 38.4465248686176)	(15, 38.4060204185897)	(20, 38.33448099975259)	(25, 38.266529053092306)	(30, 38.2336972304242)	(35, 38.09773369898207)	(40, 37.943382552686764)	(45, 37.84954299772325)	(50, 37.75104027613041)	(55, 37.670193844480515)	(60, 37.56008273133165)	(65, 37.42359548930096)	(70, 37.2872844443463)	(75, 36.66479019051337)	(80, 37.319433711071376)	(85, 37.28089437719633)	(90, 37.1466165976927)	(95, 36.95844400420543)	(100, 36.73186098710936)	(105, 36.519649320060296)	(110, 36.21026625310982)	(115, 35.857003856229234)	(120, 35.416130109466316)	(125, 34.99106692502117)	(130, 34.59233549456336)	(135, 34.04786092123569)	(140, 33.3873843178015)	(145, 32.99974441767495)	(150, 30.495412385970255)
NG-13640_SUP_M2_lib248389_5904_3_1	(1, 31.40641573426695)	(2, 31.474810293816883)	(3, 35.173352553298244)	(4, 35.81343318846648)	(5, 36.0143690344119)	(6, 39.182532704488246)	(7, 39.48695498430314)	(8, 39.611049175033045)	(9, 39.72146163549262)	(10, 39.73132879019909)	(15, 39.693946378064055)	(20, 39.54763097554631)	(25, 39.492586256153075)	(30, 39.42325962726057)	(35, 39.33399490271349)	(40, 39.3953949870952)	(45, 39.329551250332685)	(50, 39.23224440971181)	(55, 39.13013359873519)	(60, 39.19082490306955)	(65, 39.139829772914375)	(70, 39.110060935768914)	(75, 38.54465533191031)	(80, 38.9870115863733)	(85, 38.94113138566471)	(90, 38.93168322719545)	(95, 38.90687068338756)	(100, 38.810518383835685)	(105, 38.64920676778505)	(110, 38.477530518849804)	(115, 38.3773234727047)	(120, 38.16330333251382)	(125, 37.92839485829613)	(130, 37.750590516950226)	(135, 37.56938385100193)	(140, 37.245753863009085)	(145, 36.94543359393459)	(150, 35.23205082593459)
NG-13640_SUP_M2_lib248389_5904_3_2	(1, 30.713930506937533)	(2, 30.99185653568838)	(3, 34.14599726600258)	(4, 35.14683882840009)	(5, 35.35555992505792)	(6, 38.60024019945724)	(7, 38.560380786786624)	(8, 38.73656015550585)	(9, 38.67143047851907)	(10, 38.70251158181696)	(15, 38.67809432244128)	(20, 38.590242517088896)	(25, 38.498063288536116)	(30, 38.52992923003241)	(35, 38.26109237579979)	(40, 38.09972211906502)	(45, 37.95396698779378)	(50, 38.06367188949547)	(55, 37.91605338989093)	(60, 37.71496811448029)	(65, 37.67923466861296)	(70, 37.333253016326665)	(75, 37.005625466027624)	(80, 37.74771748041968)	(85, 37.707172567358114)	(90, 37.486088845803465)	(95, 37.267198240741905)	(100, 37.044918557371524)	(105, 36.69850719907873)	(110, 35.9987553369176)	(115, 35.701154071586544)	(120, 35.17201170897198)	(125, 34.992554173817865)	(130, 34.105571268958286)	(135, 33.73651814314771)	(140, 33.45670710105616)	(145, 32.88184997548497)	(150, 30.351252014305622)
NG-13640_SU_DHL_1_lib248388_5885_6_1	(1, 31.27540068634893)	(2, 31.278904822780234)	(3, 34.538538028362666)	(4, 35.42983944364489)	(5, 35.79200039335931)	(6, 38.89698108226166)	(7, 39.045978204885614)	(8, 39.24431728658804)	(9, 39.29203486485188)	(10, 39.37438087212187)	(15, 39.250559632118396)	(20, 39.01897455471749)	(25, 38.81125493739671)	(30, 38.86419270507015)	(35, 38.5319206448176)	(40, 38.42077712309496)	(45, 38.58667811972017)	(50, 38.6661334813051)	(55, 38.692446643992454)	(60, 38.66350771594846)	(65, 38.62877847712336)	(70, 38.58651216387133)	(75, 38.092528429620366)	(80, 38.48394526774398)	(85, 38.47772108584906)	(90, 38.44907259860563)	(95, 38.38028103840945)	(100, 38.32727262634705)	(105, 38.196852442337274)	(110, 38.10582373778253)	(115, 38.065995858099896)	(120, 37.87958944403083)	(125, 37.73485592114972)	(130, 37.65129180727746)	(135, 37.36763026668651)	(140, 37.2649084179976)	(145, 37.05083596900384)	(150, 35.718961853310944)
NG-13640_SU_DHL_1_lib248388_5885_6_2	(1, 30.841352633121137)	(2, 30.840135603855643)	(3, 34.07554055619548)	(4, 34.816151623590876)	(5, 35.253138868350334)	(6, 38.16073309746446)	(7, 38.26738152341793)	(8, 38.38740498702482)	(9, 38.44163884340407)	(10, 38.397075510173984)	(15, 38.34551288407755)	(20, 38.27446491424481)	(25, 38.12436480896471)	(30, 38.09232279624602)	(35, 38.02888120512732)	(40, 37.91172667624161)	(45, 37.8164322304087)	(50, 37.7067918037137)	(55, 37.60872993587513)	(60, 37.48593878749752)	(65, 37.335550698270254)	(70, 37.17673309247192)	(75, 36.66084832980117)	(80, 37.26983620900689)	(85, 37.20479104806706)	(90, 37.05405176018602)	(95, 36.845399044395705)	(100, 36.59340047134141)	(105, 36.35272242841434)	(110, 36.02000374637298)	(115, 35.63863283071521)	(120, 35.16228233403832)	(125, 34.69799586782221)	(130, 34.26426303414103)	(135, 33.67861047991839)	(140, 32.977958096657275)	(145, 32.56204434771478)	(150, 30.117987543424803)
NG-13640_TF_1_lib259824_5972_8_1	(1, 27.34463763431643)	(2, 31.528176080987603)	(3, 34.83906655746626)	(4, 35.960018196893934)	(5, 36.22433719489555)	(6, 39.62072705511654)	(7, 39.768746658271546)	(8, 39.896427280440015)	(9, 39.931309098274774)	(10, 39.9535661027749)	(15, 39.91196560010922)	(20, 39.87756798142949)	(25, 39.77554010794411)	(30, 39.716431037581195)	(35, 39.69845459535198)	(40, 39.6630409820275)	(45, 39.65423839417787)	(50, 39.590286559501486)	(55, 39.56477501649787)	(60, 39.50918891486278)	(65, 39.41984384135221)	(70, 39.41175272484082)	(75, 39.07312862471624)	(80, 39.38891677369507)	(85, 39.381183005576034)	(90, 39.33331481361476)	(95, 39.26526094597054)	(100, 39.20360484803086)	(105, 39.15058865868338)	(110, 39.09612539040817)	(115, 39.0123670380032)	(120, 38.9604561940479)	(125, 38.82785741275429)	(130, 38.699832973949434)	(135, 38.565054723185504)	(140, 38.40406491093463)	(145, 38.2336822373276)	(150, 37.066385221961745)
NG-13640_TF_1_lib259824_5972_8_2	(1, 27.932940111648325)	(2, 30.733824312365677)	(3, 33.52796067323972)	(4, 34.818955814616956)	(5, 35.24783001577823)	(6, 38.234144190141414)	(7, 38.24251264885299)	(8, 38.296474074612895)	(9, 38.47029330186059)	(10, 38.52510590950934)	(15, 38.438257348379764)	(20, 38.38048544397578)	(25, 38.29831823624186)	(30, 38.32814743835082)	(35, 38.09171211445362)	(40, 37.91557869234772)	(45, 37.823532320002755)	(50, 35.86222674998006)	(55, 37.736464890490005)	(60, 37.62423916736107)	(65, 37.53602345369975)	(70, 37.403497576736335)	(75, 36.78579845150849)	(80, 37.523799250898456)	(85, 37.49870341670958)	(90, 37.34917880258406)	(95, 37.13887437041321)	(100, 36.92756290177125)	(105, 36.73638163365253)	(110, 36.42339365940218)	(115, 36.038627212176465)	(120, 35.63361509092336)	(125, 35.14373442950357)	(130, 34.76866664367976)	(135, 34.22504510060348)	(140, 33.49610845681411)	(145, 33.06022581821241)	(150, 30.504917881938326)
NG-13640_THP_1_lib248383_5885_5_1	(1, 31.287824711403957)	(2, 31.38810801456616)	(3, 34.817618601599875)	(4, 35.57948331560365)	(5, 35.89536153960683)	(6, 39.06185332586599)	(7, 39.251655508708055)	(8, 39.318513047503465)	(9, 39.40812852188849)	(10, 39.377688419930585)	(15, 39.38144292414663)	(20, 39.31418587113771)	(25, 39.170157930174355)	(30, 39.05554738930659)	(35, 39.021225270686685)	(40, 38.95755286639366)	(45, 38.87949568269996)	(50, 38.79822219272954)	(55, 38.72376151058505)	(60, 38.64225729619958)	(65, 38.50006521846482)	(70, 38.35660216755049)	(75, 37.63429475734871)	(80, 38.13904895790175)	(85, 38.08042079231079)	(90, 37.94279904441255)	(95, 37.81402951659089)	(100, 37.70084778427918)	(105, 37.61624012266474)	(110, 37.54580956493287)	(115, 37.46206749472926)	(120, 37.3231838630955)	(125, 37.1549597849414)	(130, 37.03266950031789)	(135, 36.872723681335124)	(140, 36.738755951897446)	(145, 36.50029475325939)	(150, 35.1835672393636)
NG-13640_THP_1_lib248383_5885_5_2	(1, 30.731699439162096)	(2, 30.577528961217816)	(3, 33.62314018791419)	(4, 34.51702582362476)	(5, 35.0195327629227)	(6, 37.85294757286751)	(7, 37.81950501750322)	(8, 38.0275314117121)	(9, 38.0721991826192)	(10, 38.09905197780292)	(15, 38.0297457725256)	(20, 37.85726431527026)	(25, 37.698633200411834)	(30, 37.731303518593805)	(35, 37.68015954669511)	(40, 37.58506866433687)	(45, 37.493681256432545)	(50, 37.39834430851171)	(55, 37.28650043455226)	(60, 37.14555524637815)	(65, 36.99828791926145)	(70, 36.8547086263161)	(75, 36.25584146101257)	(80, 36.879216227216524)	(85, 36.85424710313471)	(90, 36.63110643813314)	(95, 36.40957668656121)	(100, 36.19243229123198)	(105, 35.92987187849316)	(110, 35.52853501149129)	(115, 35.16330481156257)	(120, 34.71439137807682)	(125, 34.1517392406417)	(130, 33.71042754402664)	(135, 33.08983365202151)	(140, 32.37879663815728)	(145, 31.96093868739382)	(150, 29.61346477834241)
NG-13640_TK_6_lib259820_5981_7_1	(1, 31.423322752094595)	(2, 31.595170971458277)	(3, 35.62579164360702)	(4, 36.20102601583717)	(5, 36.37829945676695)	(6, 39.896953355655796)	(7, 39.96314491335152)	(8, 40.05768049819528)	(9, 40.089787060346914)	(10, 40.133483826308144)	(15, 40.06728774601471)	(20, 40.043305764369)	(25, 39.94418881060126)	(30, 39.88667957984164)	(35, 39.85245289880346)	(40, 39.81399057029348)	(45, 39.75795683929728)	(50, 39.72047830668525)	(55, 39.65173079972775)	(60, 39.592146572246676)	(65, 39.52998880160571)	(70, 39.44222546833203)	(75, 39.09639090157151)	(80, 39.428598750503745)	(85, 39.39072359239054)	(90, 39.32308354865133)	(95, 39.23584220078813)	(100, 39.15611535214979)	(105, 39.08712857178869)	(110, 38.964152410008595)	(115, 38.89042801896431)	(120, 38.757417481153645)	(125, 38.57381029106279)	(130, 38.44243905951903)	(135, 38.26653015221994)	(140, 38.07568732032181)	(145, 37.85031760529263)	(150, 36.4448223669629)
NG-13640_TK_6_lib259820_5981_7_2	(1, 30.810750747385228)	(2, 31.030964944744756)	(3, 34.412186171155454)	(4, 35.289570693314005)	(5, 35.47772463775606)	(6, 38.63667749570043)	(7, 38.78150741386691)	(8, 38.809949024410905)	(9, 38.87304862828415)	(10, 38.86514981657865)	(15, 38.77704504974484)	(20, 38.69921329141822)	(25, 38.57722093456322)	(30, 38.61498421480245)	(35, 38.44823833421983)	(40, 38.327100387248564)	(45, 38.24840131925349)	(50, 38.168494880155336)	(55, 38.09552532060061)	(60, 37.98754199905635)	(65, 37.855564310628715)	(70, 37.72348483667092)	(75, 37.160956219787145)	(80, 37.77515425635235)	(85, 37.71230993100398)	(90, 37.56784985029727)	(95, 37.33016381079139)	(100, 37.14478150109487)	(105, 36.87944771137936)	(110, 36.561288928615326)	(115, 36.138132609922316)	(120, 35.717267564712245)	(125, 35.292772611256524)	(130, 34.8263560340131)	(135, 34.20554871285718)	(140, 33.69412399685612)	(145, 33.27094863540882)	(150, 30.53461334283229)
NG-13640_U2946_lib236385_5767_8_1	(1, 31.23805278080211)	(2, 31.462624073311776)	(3, 35.26423858429863)	(4, 35.87987606686904)	(5, 36.08286312744868)	(6, 39.457298079164026)	(7, 39.57563986896614)	(8, 39.66024357712749)	(9, 39.72515561399597)	(10, 39.76804126072915)	(15, 39.737860343763224)	(20, 39.681978040375796)	(25, 39.561053367834205)	(30, 39.50671840556875)	(35, 39.48225960318331)	(40, 39.460586394302204)	(45, 39.44097247486512)	(50, 39.387844747152336)	(55, 39.32036111110373)	(60, 39.24457154762547)	(65, 39.200183247555074)	(70, 39.14926217055182)	(75, 38.783608187835384)	(80, 39.14970546083348)	(85, 39.08480429296117)	(90, 39.011467880521835)	(95, 38.98726860531645)	(100, 38.94233234839146)	(105, 38.81769788283116)	(110, 38.7700307122222)	(115, 38.67084303282729)	(120, 38.4818210697484)	(125, 38.33623183861162)	(130, 38.20022217397463)	(135, 38.03037824372435)	(140, 37.82470658360876)	(145, 37.566895365582276)	(150, 36.074278653424386)
NG-13640_U2946_lib236385_5767_8_2	(1, 30.765138638165272)	(2, 31.019146440988393)	(3, 34.28508061526491)	(4, 35.189189228691916)	(5, 35.45597107837184)	(6, 38.57587845539074)	(7, 38.66978427035684)	(8, 38.74960235152991)	(9, 38.78141614250556)	(10, 38.75848068972683)	(15, 38.67982202483818)	(20, 38.60615974448026)	(25, 38.55414704821715)	(30, 38.54571005504389)	(35, 38.37476913747207)	(40, 38.23322381601686)	(45, 38.17857674614144)	(50, 38.12117972456529)	(55, 38.01629089791993)	(60, 37.93301559368769)	(65, 37.827933038479706)	(70, 37.696019837379616)	(75, 37.2190746896689)	(80, 37.64614790817001)	(85, 37.56551252100387)	(90, 37.3434329764281)	(95, 37.15418615002882)	(100, 36.84892004431574)	(105, 36.45474551268576)	(110, 36.08356012508115)	(115, 35.635867315334025)	(120, 35.21760374509998)	(125, 34.660940239920464)	(130, 34.03026735870371)	(135, 33.63499463326705)	(140, 33.140347744098655)	(145, 32.76060338076273)	(150, 29.865778407476807)
NG-13640_UT_7_lib259813_5981_7_1	(1, 31.425239896545392)	(2, 31.659257687252236)	(3, 35.66512761663327)	(4, 36.228204398420495)	(5, 36.3939734214981)	(6, 39.89177901001065)	(7, 39.9010812098828)	(8, 40.011799153763796)	(9, 40.10220243699699)	(10, 40.116003908505874)	(15, 40.05873465017879)	(20, 40.04670234846817)	(25, 39.956459211382)	(30, 39.89194028138375)	(35, 39.86857968889705)	(40, 39.83804054564639)	(45, 39.78614801466544)	(50, 39.7524256564784)	(55, 39.689429234587024)	(60, 39.63116576179736)	(65, 39.56744766181882)	(70, 39.48344528229661)	(75, 39.14913678060684)	(80, 39.48478777629403)	(85, 39.45389802583497)	(90, 39.39130270291439)	(95, 39.31156715862213)	(100, 39.2373657850741)	(105, 39.17399395135824)	(110, 39.060246457606276)	(115, 38.99489602966183)	(120, 38.86745608998278)	(125, 38.69043776258722)	(130, 38.565139210874534)	(135, 38.39766648519638)	(140, 38.215677664648425)	(145, 38.001338395747524)	(150, 36.58368986176818)
NG-13640_UT_7_lib259813_5981_7_2	(1, 30.89221114646748)	(2, 31.10714717129747)	(3, 34.508170023866924)	(4, 35.354590315664524)	(5, 35.543463374166905)	(6, 38.726263990173024)	(7, 38.73680647600703)	(8, 38.84258735256918)	(9, 38.92093629289855)	(10, 38.949001736929866)	(15, 38.871381551477164)	(20, 38.761933888555184)	(25, 38.654116606516716)	(30, 38.68466892153147)	(35, 38.562638622061385)	(40, 38.44347880189899)	(45, 38.36849251145497)	(50, 38.282391750769044)	(55, 38.20721777371814)	(60, 38.091555415453875)	(65, 37.95900224438476)	(70, 37.828385664619745)	(75, 37.28775724791764)	(80, 37.90032591842442)	(85, 37.84519886440419)	(90, 37.70158916672044)	(95, 37.45642470996471)	(100, 37.26531092368374)	(105, 36.99442807350815)	(110, 36.673379627561204)	(115, 36.23922069268697)	(120, 35.80820704601127)	(125, 35.37540312603249)	(130, 34.89190875850608)	(135, 34.23069720993574)	(140, 33.68765080373685)	(145, 33.24221347965685)	(150, 30.43080005780573)
NG-13640_U_266_lib241213_5808_7_1	(1, 31.40789922784065)	(2, 31.51369477164341)	(3, 35.219482325977864)	(4, 35.90836947834)	(5, 36.16011902556802)	(6, 39.49719782031095)	(7, 39.61130053510677)	(8, 39.70644439668996)	(9, 39.78746818626988)	(10, 39.784009076676355)	(15, 39.72334346291522)	(20, 39.67541436737031)	(25, 39.561644168542365)	(30, 39.49690696264153)	(35, 39.45722564987533)	(40, 39.41352956174565)	(45, 39.373757027961815)	(50, 39.31553959340611)	(55, 39.24737720688738)	(60, 39.18656206449863)	(65, 39.11476577062636)	(70, 39.03760780310408)	(75, 38.60642585882219)	(80, 38.99804236014097)	(85, 38.97656143639735)	(90, 38.85510504887621)	(95, 38.74666996884683)	(100, 38.66010291906006)	(105, 38.52389154944631)	(110, 38.35246141285667)	(115, 38.193931906266876)	(120, 38.004931262932075)	(125, 37.74653590386763)	(130, 37.47687802095517)	(135, 37.114659301080614)	(140, 36.833692718495136)	(145, 36.46689842461643)	(150, 34.515638233573085)
NG-13640_U_266_lib241213_5808_7_2	(1, 31.060413187585485)	(2, 30.937184343773865)	(3, 34.21026301985043)	(4, 35.05754913579292)	(5, 35.353163790679034)	(6, 38.40519416496661)	(7, 38.45692599728713)	(8, 38.574618594814616)	(9, 38.62547271125059)	(10, 38.5875065127049)	(15, 38.48084614022507)	(20, 38.32718775293052)	(25, 38.15687323527867)	(30, 38.112759133364314)	(35, 37.937348585630225)	(40, 37.65843117909769)	(45, 37.476883183842645)	(50, 37.29052081102658)	(55, 37.085235269955604)	(60, 36.85275003177402)	(65, 36.66045185921356)	(70, 36.39091728526472)	(75, 35.411808214038906)	(80, 36.12105895524719)	(85, 35.81842367390022)	(90, 35.26777150791009)	(95, 34.550549893791846)	(100, 34.017832793435545)	(105, 33.28212256409704)	(110, 32.558965690536574)	(115, 31.77302378287617)	(120, 31.23574533147026)	(125, 30.610422068802528)	(130, 30.033186800547877)	(135, 29.512139246677187)	(140, 28.793739253521018)	(145, 28.08116173673031)	(150, 25.213173122398032)
NG-13640_U_2932_lib241205_5808_6_1	(1, 31.353953480232526)	(2, 31.446449548129237)	(3, 35.17779616574321)	(4, 35.871817384013355)	(5, 36.14438595643381)	(6, 39.46250524643393)	(7, 39.577549406978555)	(8, 39.67762522060581)	(9, 39.76659449041045)	(10, 39.75386528615569)	(15, 39.68077619759333)	(20, 39.64157305413276)	(25, 39.49758683990811)	(30, 39.42297997134319)	(35, 39.39127911430154)	(40, 39.342796063637756)	(45, 39.321321124111435)	(50, 39.26162619539344)	(55, 39.195790162046706)	(60, 39.10689022484612)	(65, 39.07954368171828)	(70, 38.980248032018395)	(75, 38.55598513626227)	(80, 38.96719350387092)	(85, 38.968725294359075)	(90, 38.8190995206364)	(95, 38.70097877534011)	(100, 38.63332065382649)	(105, 38.50896057401888)	(110, 38.215659680401835)	(115, 38.12109929837773)	(120, 37.937183674884125)	(125, 37.70132062388599)	(130, 37.3732723854607)	(135, 37.09589003761367)	(140, 36.77003932768342)	(145, 36.393562734778975)	(150, 34.38881858145085)
NG-13640_U_2932_lib241205_5808_6_2	(1, 30.761353024829152)	(2, 30.75068184406679)	(3, 33.506117420857386)	(4, 34.73836127549771)	(5, 34.998738639007556)	(6, 38.06744499626018)	(7, 38.01054562886803)	(8, 38.13589127800588)	(9, 38.297341051340894)	(10, 38.263543728037384)	(15, 38.10528239382969)	(20, 37.98784745815182)	(25, 37.8457828712216)	(30, 37.774472817010775)	(35, 37.5401380721358)	(40, 37.28587433997559)	(45, 37.0298621451154)	(50, 36.81427439494302)	(55, 36.64173684536807)	(60, 36.36415096470357)	(65, 36.20870435061308)	(70, 35.843320718767124)	(75, 34.89588399213608)	(80, 35.66920243067842)	(85, 35.349583314544454)	(90, 34.66918953122537)	(95, 33.99102866774339)	(100, 33.41489925947072)	(105, 32.66550924894174)	(110, 31.79710593755355)	(115, 31.00867648090924)	(120, 30.200354367222495)	(125, 29.755985553551493)	(130, 29.061160328491116)	(135, 28.371953600255335)	(140, 27.648376120300934)	(145, 27.15978777296159)	(150, 24.28322971216094)
NG-13640_U_2940_lib248378_5885_5_1	(1, 31.378094293651284)	(2, 31.30715193376924)	(3, 34.841863112014494)	(4, 35.58838367728849)	(5, 35.89346922541134)	(6, 39.0742630476308)	(7, 39.28952033398548)	(8, 39.38635824573066)	(9, 39.40817961476552)	(10, 39.40825106608738)	(15, 39.41245206720403)	(20, 39.32550276045363)	(25, 39.18109284316747)	(30, 39.07895960420804)	(35, 39.0488792049875)	(40, 38.997343322560496)	(45, 38.93512973007144)	(50, 38.88034968348638)	(55, 38.82858469876362)	(60, 38.780294900669425)	(65, 38.691231469952186)	(70, 38.606427079368515)	(75, 38.145016455377075)	(80, 38.4815089832079)	(85, 38.450300521807485)	(90, 38.364166242483485)	(95, 38.27456521488924)	(100, 38.17819677430307)	(105, 38.11348500554624)	(110, 38.041362200885786)	(115, 37.962888007600654)	(120, 37.80686302265697)	(125, 37.63410926129778)	(130, 37.490958452334525)	(135, 37.30666685829856)	(140, 37.14983299395787)	(145, 36.90696065081894)	(150, 35.620165302176225)
NG-13640_U_2940_lib248378_5885_5_2	(1, 30.524406115108807)	(2, 30.63629114082845)	(3, 33.18181232454909)	(4, 34.50256505271545)	(5, 34.84408039332119)	(6, 37.8388397910873)	(7, 37.69050131771992)	(8, 37.77121461984039)	(9, 37.94561758574694)	(10, 38.047114685849294)	(15, 37.966390984710145)	(20, 37.86689335332089)	(25, 37.77646710749329)	(30, 37.76827510413044)	(35, 37.52370360298236)	(40, 37.38049736343234)	(45, 37.29769125012804)	(50, 37.2280149042576)	(55, 37.13520171927358)	(60, 37.01892439213601)	(65, 36.88999451882647)	(70, 36.76254102276952)	(75, 36.111476300329905)	(80, 36.776903658065926)	(85, 36.76291542214376)	(90, 36.548520554516394)	(95, 36.34040979999356)	(100, 36.12987634016774)	(105, 35.88596735714493)	(110, 35.4905923062415)	(115, 35.14965684105921)	(120, 34.71950685863864)	(125, 34.17009796881948)	(130, 33.742328991521326)	(135, 33.145939712412186)	(140, 32.456614328216745)	(145, 32.07360474000921)	(150, 29.7078714093672)
NG-13640_U_937_lib248395_5885_6_1	(1, 31.340978681263625)	(2, 31.3294952624701)	(3, 34.84952858011827)	(4, 35.62817234697706)	(5, 35.87985365322457)	(6, 39.05338267560964)	(7, 39.14998491561988)	(8, 39.270147669588546)	(9, 39.36350888275743)	(10, 39.46571874040389)	(15, 39.407217791022795)	(20, 39.292567746216875)	(25, 39.18159713168855)	(30, 39.118953449532896)	(35, 39.108925335308875)	(40, 39.104654707250674)	(45, 39.08306707072007)	(50, 39.01900416365531)	(55, 38.97099479803068)	(60, 38.90554706458609)	(65, 38.850749636307214)	(70, 38.796645189677655)	(75, 38.3354844106609)	(80, 38.665014416507674)	(85, 38.65063899417062)	(90, 38.618898511029705)	(95, 38.55473801753582)	(100, 38.50547006662506)	(105, 38.3836390701987)	(110, 38.3037877770236)	(115, 38.273775200330746)	(120, 38.09002196947422)	(125, 37.96157252143752)	(130, 37.88705517176014)	(135, 37.626658294418114)	(140, 37.542286175611494)	(145, 37.34250752993181)	(150, 36.058233345095864)
NG-13640_U_937_lib248395_5885_6_2	(1, 30.864607733645034)	(2, 30.895620777336713)	(3, 33.79171520798098)	(4, 34.87795505269619)	(5, 35.31441063987892)	(6, 38.36145569360049)	(7, 38.42137751130412)	(8, 38.44953195854524)	(9, 38.53885686747185)	(10, 38.55373842882023)	(15, 38.51859151062187)	(20, 38.44824447073547)	(25, 38.39216353116852)	(30, 38.36065546440628)	(35, 38.228833150052324)	(40, 38.07342110131008)	(45, 37.97875119221563)	(50, 37.88145573347347)	(55, 37.802753520366714)	(60, 37.69224217793124)	(65, 37.55719257674997)	(70, 37.41673358592329)	(75, 36.79396132848801)	(80, 37.44810186555445)	(85, 37.40429393219966)	(90, 37.272831536166436)	(95, 37.08249696251396)	(100, 36.8583504773685)	(105, 36.64502480288064)	(110, 36.33558317711476)	(115, 35.98884225725692)	(120, 35.55171690096624)	(125, 35.13114973797254)	(130, 34.73159245738966)	(135, 34.190730232174445)	(140, 33.53492161968579)	(145, 33.148278616017414)	(150, 30.632187785256836)
NG-13640_VAL_lib227478_5697_4_1	(1, 31.352285189773752)	(2, 31.529023930813583)	(3, 35.47728881913327)	(4, 36.06982286252554)	(5, 36.235822027261456)	(6, 39.6804337572354)	(7, 39.7891308383877)	(8, 39.9311938771644)	(9, 39.95023028381546)	(10, 39.970532433986946)	(15, 39.928315235588705)	(20, 39.90373830289103)	(25, 39.78582610771487)	(30, 39.73982492305529)	(35, 39.67759901907915)	(40, 39.68010125752765)	(45, 39.58973076426481)	(50, 39.547637478535634)	(55, 39.483661153164526)	(60, 39.43483198378151)	(65, 39.390372364806396)	(70, 39.3315775039001)	(75, 39.02376620934548)	(80, 39.305402877530256)	(85, 39.259721375710896)	(90, 39.21736444964271)	(95, 39.14770388932699)	(100, 39.07676233836451)	(105, 38.977175546479266)	(110, 38.844357780139305)	(115, 38.698744694990765)	(120, 38.5727643641501)	(125, 38.3703889937608)	(130, 38.10320412223189)	(135, 37.86551272522904)	(140, 37.5986973934833)	(145, 37.31701611966863)	(150, 35.48249890020102)
NG-13640_VAL_lib227478_5697_4_2	(1, 31.10207410683485)	(2, 31.31658389386266)	(3, 35.01892551845954)	(4, 35.816835972153754)	(5, 36.05033975842678)	(6, 39.42575108965509)	(7, 39.41322438772056)	(8, 39.50338363165117)	(9, 39.55257127642292)	(10, 39.54739635778087)	(15, 39.494521992056285)	(20, 39.44595083922241)	(25, 39.36819831693585)	(30, 39.39195131251226)	(35, 39.243446530779586)	(40, 39.1704895564054)	(45, 39.118352407862886)	(50, 39.06639517785358)	(55, 39.00962978456825)	(60, 38.95018459128588)	(65, 38.85039224713241)	(70, 38.796628479952794)	(75, 38.359957834398806)	(80, 38.710886829838195)	(85, 38.63890153766689)	(90, 38.48684616611253)	(95, 38.40894973953029)	(100, 38.19687256831004)	(105, 37.908318443163985)	(110, 37.65847759000636)	(115, 37.34934403314825)	(120, 37.04597682711575)	(125, 36.61433388025351)	(130, 36.06818103339917)	(135, 35.76096386385263)	(140, 35.43379744458285)	(145, 35.146695588374975)	(150, 32.1526637605941)
NG-13640_WSUDLCL2_lib236391_5774_5_1	(1, 31.481762156291232)	(2, 31.50643790301)	(3, 35.35119183928184)	(4, 35.998738175762675)	(5, 36.223804695660256)	(6, 39.61222185332733)	(7, 39.75438049759686)	(8, 39.862896169600354)	(9, 39.888691719253586)	(10, 39.888461546295545)	(15, 39.83803560362764)	(20, 39.81140116078713)	(25, 39.688438908240514)	(30, 39.658958782348094)	(35, 39.662667572770815)	(40, 39.63188744638374)	(45, 39.60617396695445)	(50, 39.5813406364824)	(55, 39.53289511141192)	(60, 39.46883024009627)	(65, 39.43513742822189)	(70, 39.396141419173276)	(75, 39.06190366935326)	(80, 39.333715280192486)	(85, 39.324109858388006)	(90, 39.27724589825892)	(95, 39.203913527091416)	(100, 39.1315139281749)	(105, 39.113066604863036)	(110, 39.028935925089954)	(115, 38.94827880462147)	(120, 38.791294760958536)	(125, 38.64155837208912)	(130, 38.59974292131589)	(135, 38.483298299633766)	(140, 38.32085088049328)	(145, 38.12842717020529)	(150, 36.8504943902919)
NG-13640_WSUDLCL2_lib236391_5774_5_2	(1, 31.071828395395453)	(2, 31.172978576388353)	(3, 34.773018192984665)	(4, 35.540275490774896)	(5, 35.80599451138707)	(6, 38.92914924074737)	(7, 39.05612023794594)	(8, 39.16803341256652)	(9, 39.2120445946406)	(10, 39.20789176759466)	(15, 39.16053486236227)	(20, 39.10217984877507)	(25, 39.01046880075437)	(30, 39.04746188024082)	(35, 38.96293211018001)	(40, 38.84901674799005)	(45, 38.78791642406412)	(50, 38.70851844114004)	(55, 38.666826553992394)	(60, 38.61013761978212)	(65, 38.538378991108985)	(70, 38.463543133981695)	(75, 37.98459355234439)	(80, 38.433682457922465)	(85, 38.413992156020626)	(90, 38.32848736376552)	(95, 38.24734144462411)	(100, 38.092201912634366)	(105, 37.90999958487199)	(110, 37.792451134924065)	(115, 37.569076242234175)	(120, 37.31352337175498)	(125, 37.017659763417775)	(130, 36.73271882750006)	(135, 36.39642308061253)	(140, 36.06880000752662)	(145, 35.52861594190458)	(150, 33.18445012464994)
NG-13640_YT_lib248385_5885_5_1	(1, 31.32369112105846)	(2, 31.321406553668854)	(3, 34.82931490362719)	(4, 35.59258795761404)	(5, 35.8992737388291)	(6, 39.103563361194645)	(7, 39.36310363617355)	(8, 39.387437611996134)	(9, 39.41901009312671)	(10, 39.424684148129685)	(15, 39.413063766333025)	(20, 39.32342279447898)	(25, 39.168836480625586)	(30, 39.051782225964764)	(35, 39.006831655400184)	(40, 38.93652100598709)	(45, 38.84648181727569)	(50, 38.76273505481465)	(55, 38.6768705203722)	(60, 38.588396605818744)	(65, 38.435731290735035)	(70, 38.2815884128218)	(75, 37.541665544021996)	(80, 38.060847926843714)	(85, 38.00872744543049)	(90, 37.879542060767164)	(95, 37.76347074388002)	(100, 37.66259548716571)	(105, 37.59138748205364)	(110, 37.535177957455076)	(115, 37.46271464414833)	(120, 37.33500829596696)	(125, 37.18127341091243)	(130, 37.067282253059076)	(135, 36.902812813767575)	(140, 36.78314131178041)	(145, 36.556635694437816)	(150, 35.25357266435083)
NG-13640_YT_lib248385_5885_5_2	(1, 30.5402887001144)	(2, 30.656731870565046)	(3, 33.688076254667095)	(4, 34.630893405846315)	(5, 35.05920331912941)	(6, 38.00173258592467)	(7, 37.94838126242814)	(8, 38.098373754923244)	(9, 38.15347527275044)	(10, 38.18573736519996)	(15, 38.10684311391809)	(20, 37.955767985840865)	(25, 37.80197316258459)	(30, 37.81297613042775)	(35, 37.75580996752975)	(40, 37.67137359374976)	(45, 37.58178512221394)	(50, 37.502351606971565)	(55, 37.40196143718475)	(60, 37.27501440872365)	(65, 37.14062182678828)	(70, 37.00646160619064)	(75, 36.42552580092719)	(80, 37.035857021135776)	(85, 37.014310360252324)	(90, 36.79774703491269)	(95, 36.59292442611392)	(100, 36.3856757038692)	(105, 36.148401864553236)	(110, 35.76908137381074)	(115, 35.43211394396617)	(120, 35.00453164947076)	(125, 34.4687289272054)	(130, 34.051479610858294)	(135, 33.456619669918105)	(140, 32.76892627479348)	(145, 32.37744239034315)	(150, 30.028524210775)
NG-29643_BT_474_lib581288_7997_4_1	(1, 36.379892253740685)	(2, 36.327972062136844)	(3, 36.497528043238646)	(4, 36.53739749733325)	(5, 36.55641652083357)	(6, 36.52997561741012)	(7, 36.4963633411238)	(8, 36.5650652916872)	(9, 36.55771696293376)	(10, 36.57928292499985)	(15, 36.55759193811055)	(20, 36.53879753399448)	(25, 36.48499858323367)	(30, 36.44999357430899)	(35, 36.423596246851446)	(40, 36.396577722224166)	(45, 36.352475740157615)	(50, 36.29587764063419)	(55, 36.26073967026984)	(60, 36.228139514525296)	(65, 36.19818983831833)	(70, 36.16822474629227)	(75, 36.15696974825549)	(80, 36.1469099044156)	(85, 36.11322046631004)	(90, 36.10058582545604)	(95, 36.06901210633276)	(100, 36.010062651582196)	(105, 35.958545285842035)	(110, 35.92069693905968)	(115, 35.871503021437285)	(120, 35.83875134493046)	(125, 35.77997293861959)	(130, 35.702989233403144)	(135, 35.6453785364597)	(140, 35.544970601186286)	(145, 35.45166853127681)	(150, 35.19650883521565)
NG-29643_BT_474_lib581288_7997_4_2	(1, 36.384405127725756)	(2, 36.30600571212544)	(3, 36.41153409832714)	(4, 36.41983542931864)	(5, 36.40847799004969)	(6, 36.346550678848345)	(7, 36.31935689173487)	(8, 36.408047485783555)	(9, 36.42689804474568)	(10, 36.41360282533814)	(15, 36.38243359142016)	(20, 36.358509218275394)	(25, 36.303309442544425)	(30, 36.24127959278881)	(35, 36.22876432234459)	(40, 36.19387824101417)	(45, 36.160408093908416)	(50, 36.10273407434697)	(55, 36.05471753504167)	(60, 36.04227655541503)	(65, 35.99556577199604)	(70, 35.95246225618201)	(75, 35.83127304739163)	(80, 35.79413753625917)	(85, 35.808079402563045)	(90, 35.80479774060928)	(95, 35.74042472041431)	(100, 35.64078002876744)	(105, 35.55905681074829)	(110, 35.524668658428126)	(115, 35.41161325524923)	(120, 35.35779127808186)	(125, 35.22912444814117)	(130, 35.19874661313044)	(135, 34.96089285037375)	(140, 34.85250851337149)	(145, 34.759043930169646)	(150, 34.39423072945972)
NG-29643_CAL_120_lib581301_8005_3_1	(1, 35.58363389945216)	(2, 35.51559849489735)	(3, 35.8061551885433)	(4, 35.925341228764616)	(5, 35.98943932484088)	(6, 35.98217120856957)	(7, 35.829097112547714)	(8, 35.96396213317193)	(9, 35.95547829524054)	(10, 36.03496641113471)	(15, 36.022237748474915)	(20, 35.993936579977046)	(25, 35.89274548311036)	(30, 35.844521601718235)	(35, 35.80602752045806)	(40, 35.78075815883044)	(45, 35.73473825930182)	(50, 35.688243104764176)	(55, 35.65155048922431)	(60, 35.60731045797396)	(65, 35.569108288399626)	(70, 35.556675881643955)	(75, 35.51254091123276)	(80, 35.490547844465034)	(85, 35.454165185191364)	(90, 35.41847769976526)	(95, 35.37399757008169)	(100, 35.32659963010259)	(105, 35.29220043621475)	(110, 35.2325754424101)	(115, 35.151034580328)	(120, 35.140208928460844)	(125, 35.078790061013805)	(130, 35.01622094842653)	(135, 34.93141204714796)	(140, 34.83623548342257)	(145, 34.7264583729398)	(150, 34.44516107559795)
NG-29643_CAL_120_lib581301_8005_3_2	(1, 35.46971470871326)	(2, 35.23801094153616)	(3, 35.46702436399603)	(4, 35.54462271607824)	(5, 35.61342134703122)	(6, 35.53422707175472)	(7, 35.52111264333421)	(8, 35.64774182566186)	(9, 35.67729738925463)	(10, 35.69765142862029)	(15, 35.66533126055593)	(20, 35.64702167461991)	(25, 35.58306056979946)	(30, 35.53221670848595)	(35, 35.49488388541279)	(40, 35.44519072674259)	(45, 35.41705201304955)	(50, 35.37118883923332)	(55, 35.32479672592671)	(60, 35.28859070817455)	(65, 35.23774356602826)	(70, 35.19326222870145)	(75, 35.111035573645474)	(80, 35.08542953922126)	(85, 35.03986195360197)	(90, 34.986884133123915)	(95, 34.93653369917092)	(100, 34.955504562511145)	(105, 34.81152969962554)	(110, 34.79762134264167)	(115, 34.663803014842166)	(120, 34.69397708960662)	(125, 34.55173583360819)	(130, 34.325482407616065)	(135, 34.31026766093211)	(140, 34.18954025578749)	(145, 34.11950930117128)	(150, 33.826091152539874)
NG-29643_CAL_148_lib581302_7997_4_1	(1, 36.39701060214593)	(2, 36.35123107778652)	(3, 36.517023893522534)	(4, 36.553411806563794)	(5, 36.57156041933293)	(6, 36.542250657454844)	(7, 36.511118802942526)	(8, 36.57353190147392)	(9, 36.56648541494168)	(10, 36.58644021541203)	(15, 36.56208161966462)	(20, 36.53908595744885)	(25, 36.48407080427639)	(30, 36.4465008632285)	(35, 36.418832072295736)	(40, 36.387681425036064)	(45, 36.317868124935224)	(50, 36.2571219809231)	(55, 36.21530642251767)	(60, 36.15983395101318)	(65, 36.12449380794342)	(70, 36.08155654138669)	(75, 36.14246962133306)	(80, 36.13239630681984)	(85, 36.0955198330107)	(90, 36.080629113900514)	(95, 36.04724263971697)	(100, 35.985227201664166)	(105, 35.93151116639278)	(110, 35.89018780638803)	(115, 35.84173205159637)	(120, 35.809441872797926)	(125, 35.75212408117474)	(130, 35.67706466608347)	(135, 35.62478167912489)	(140, 35.53506019226798)	(145, 35.45351144966878)	(150, 35.19685867271358)
NG-29643_CAL_148_lib581302_7997_4_2	(1, 36.37284717873965)	(2, 36.407171858205345)	(3, 36.47731372740448)	(4, 36.48115708742341)	(5, 36.47468666074479)	(6, 36.431060348176175)	(7, 36.4070556870074)	(8, 36.448592893886016)	(9, 36.46675879976559)	(10, 36.427795442701346)	(15, 36.38792590638486)	(20, 36.34751918256008)	(25, 36.269634137397105)	(30, 36.20285446768437)	(35, 36.17811115764827)	(40, 36.14508706194495)	(45, 36.112891765579796)	(50, 36.0628552853918)	(55, 36.014911052025184)	(60, 35.99923714753319)	(65, 35.95327585299323)	(70, 35.909152005478134)	(75, 35.79999456550494)	(80, 35.76586528467694)	(85, 35.797402838262144)	(90, 35.82428537698804)	(95, 35.77958016347157)	(100, 35.690334723520394)	(105, 35.61588954485056)	(110, 35.58651852077773)	(115, 35.481631695488325)	(120, 35.43504335343944)	(125, 35.31929049002376)	(130, 35.29822543133264)	(135, 35.083079375393794)	(140, 34.99102394347666)	(145, 34.911796628697985)	(150, 34.56010483981978)
NG-29643_CAL_51_lib581295_7997_4_1	(1, 36.413876664074294)	(2, 36.36487932125593)	(3, 36.52890906872837)	(4, 36.565104762340454)	(5, 36.583378699849035)	(6, 36.557116862619516)	(7, 36.52360553242753)	(8, 36.58804256827851)	(9, 36.579513815819574)	(10, 36.60053491696784)	(15, 36.57670831617793)	(20, 36.55591262561569)	(25, 36.504075033929574)	(30, 36.46739890891624)	(35, 36.44067339539778)	(40, 36.41141050597008)	(45, 36.37685683242601)	(50, 36.34643812617229)	(55, 36.31333976089178)	(60, 36.28124106012778)	(65, 36.251773621086656)	(70, 36.22431421077512)	(75, 36.185211484209404)	(80, 36.16628028882077)	(85, 36.12914641566403)	(90, 36.1151688892447)	(95, 36.0816036567699)	(100, 36.020620777864195)	(105, 35.96642730683014)	(110, 35.926225650761694)	(115, 35.876472387422425)	(120, 35.84352149381643)	(125, 35.786904757003214)	(130, 35.713648695426755)	(135, 35.66136594766458)	(140, 35.57035651600408)	(145, 35.48909021455693)	(150, 35.22893973878037)
NG-29643_CAL_51_lib581295_7997_4_2	(1, 36.37719760739284)	(2, 36.434488006465685)	(3, 36.50495049712551)	(4, 36.50682832776736)	(5, 36.49492036079723)	(6, 36.447450935541426)	(7, 36.40810177348766)	(8, 36.480275630175214)	(9, 36.493019122558216)	(10, 36.48958016530186)	(15, 36.46099847126279)	(20, 36.44078025069766)	(25, 36.40141557634537)	(30, 36.344465178339966)	(35, 36.33050406773717)	(40, 36.299870179331165)	(45, 36.27404226710585)	(50, 36.23074454076887)	(55, 36.186637132683714)	(60, 36.167355562926026)	(65, 36.12198786541013)	(70, 36.09138498635192)	(75, 35.98418011269195)	(80, 35.942160673711825)	(85, 35.938204034951276)	(90, 35.92154489378898)	(95, 35.856724895923875)	(100, 35.761532149229154)	(105, 35.688219970416455)	(110, 35.65901756332251)	(115, 35.55650282873568)	(120, 35.511832910166675)	(125, 35.39790632005124)	(130, 35.379362794882354)	(135, 35.166984156030324)	(140, 35.08010881864068)	(145, 35.00679230141665)	(150, 34.66591410669899)
NG-29643_CAL_85_1_lib581300_7997_4_1	(1, 36.43195830703155)	(2, 36.3784914519992)	(3, 36.536839175131625)	(4, 36.57093222850515)	(5, 36.58770328382233)	(6, 36.55967271802409)	(7, 36.52574938596149)	(8, 36.586938845681715)	(9, 36.578847866752156)	(10, 36.59863466779293)	(15, 36.57408750974126)	(20, 36.552713268794164)	(25, 36.50089915646716)	(30, 36.466078052420265)	(35, 36.43964017941921)	(40, 36.412659071990916)	(45, 36.37485523399267)	(50, 36.334157057201864)	(55, 36.30183532749087)	(60, 36.273646849206116)	(65, 36.244346549742474)	(70, 36.22090649748394)	(75, 36.192952701260445)	(80, 36.177201704412425)	(85, 36.14028138636902)	(90, 36.126821851179)	(95, 36.09522243468153)	(100, 36.03481187687582)	(105, 35.98348456908337)	(110, 35.943263134894316)	(115, 35.89664729965169)	(120, 35.86365057346502)	(125, 35.80808349457808)	(130, 35.734574674241365)	(135, 35.68196755863468)	(140, 35.588514436043525)	(145, 35.506561626223345)	(150, 35.25377856931287)
NG-29643_CAL_85_1_lib581300_7997_4_2	(1, 36.3999572479836)	(2, 36.418678530653224)	(3, 36.491258802766)	(4, 36.494659214836965)	(5, 36.48567119281261)	(6, 36.440436371081475)	(7, 36.42343891209617)	(8, 36.48966927391936)	(9, 36.503683864577056)	(10, 36.485390277167774)	(15, 36.457448794697726)	(20, 36.431765383416646)	(25, 36.38710639254015)	(30, 36.33065493043258)	(35, 36.31682949271)	(40, 36.28452924284342)	(45, 36.257461360915705)	(50, 36.20876241646987)	(55, 36.163742865535845)	(60, 36.145327170810084)	(65, 36.09948296894694)	(70, 36.06461811116957)	(75, 35.95758252352623)	(80, 35.92058227195755)	(85, 35.9281790678733)	(90, 35.91996238604383)	(95, 35.85612683752434)	(100, 35.7606100577142)	(105, 35.68477859635101)	(110, 35.65559433691129)	(115, 35.55174865479166)	(120, 35.507867348299165)	(125, 35.393469976634)	(130, 35.37577396460431)	(135, 35.16327213729054)	(140, 35.07432510328853)	(145, 35.00349222771681)	(150, 34.66107415672981)
NG-29643_COLO_824_lib581290_7997_4_1	(1, 36.3477443225226)	(2, 36.306031922030876)	(3, 36.487598207305666)	(4, 36.53076084628719)	(5, 36.55633969241212)	(6, 36.526178867619016)	(7, 36.494536344189186)	(8, 36.56489914111791)	(9, 36.55573420002458)	(10, 36.57640152495182)	(15, 36.556703831064915)	(20, 36.53315038799475)	(25, 36.48020638579147)	(30, 36.44277247694491)	(35, 36.41331471717117)	(40, 36.38276688639447)	(45, 36.33948903541604)	(50, 36.31876160092918)	(55, 36.27875606699497)	(60, 36.24398932009323)	(65, 36.2100535466959)	(70, 36.176363893235546)	(75, 36.149453140532756)	(80, 36.128729440307126)	(85, 36.09524509090708)	(90, 36.075336186402595)	(95, 36.04663897517899)	(100, 35.97690416855781)	(105, 35.9270183656789)	(110, 35.88022229053199)	(115, 35.83313711932143)	(120, 35.79410653273063)	(125, 35.73533521188087)	(130, 35.653746751920515)	(135, 35.598049378537624)	(140, 35.50107655739422)	(145, 35.41575121420207)	(150, 35.1544386041179)
NG-29643_COLO_824_lib581290_7997_4_2	(1, 36.372004050910505)	(2, 36.43442694519223)	(3, 36.499701911594414)	(4, 36.49934015001973)	(5, 36.48594439134945)	(6, 36.43696399423326)	(7, 36.41631228494244)	(8, 36.466468432272215)	(9, 36.47552879397477)	(10, 36.4652730430569)	(15, 36.44381956379051)	(20, 36.417252664269895)	(25, 36.3720242400131)	(30, 36.31198705279437)	(35, 36.295113283532075)	(40, 36.26157562253397)	(45, 36.23109885113446)	(50, 36.1810208020635)	(55, 36.13116452394022)	(60, 36.10748619191665)	(65, 36.057467308801655)	(70, 36.02196271203652)	(75, 35.9137472028426)	(80, 35.87357999948965)	(85, 35.87733128171148)	(90, 35.87033382628927)	(95, 35.8050612610572)	(100, 35.710242823547986)	(105, 35.63221248010577)	(110, 35.600169170063864)	(115, 35.49409466139376)	(120, 35.447257947044925)	(125, 35.330921222768175)	(130, 35.30835790902171)	(135, 35.09682052351572)	(140, 35.00703172630339)	(145, 34.93496818620247)	(150, 34.592307032402886)
NG-29643_DU_4475_lib581298_7997_4_1	(1, 36.357967118451924)	(2, 36.30034461851262)	(3, 36.48157485150156)	(4, 36.523639282702725)	(5, 36.5455714088421)	(6, 36.51666370678808)	(7, 36.486112279896595)	(8, 36.55807381510755)	(9, 36.5541351652816)	(10, 36.573278334323376)	(15, 36.5522827533902)	(20, 36.533084664581956)	(25, 36.479957454305634)	(30, 36.4437805308622)	(35, 36.4171000449371)	(40, 36.38820404808642)	(45, 36.349044985352876)	(50, 36.30417085406381)	(55, 36.26547995111214)	(60, 36.23665580527216)	(65, 36.206305030950794)	(70, 36.17884501877618)	(75, 36.13990612668677)	(80, 36.13408042079098)	(85, 36.099046029956654)	(90, 36.086125846650354)	(95, 36.05332511484345)	(100, 35.9895192576282)	(105, 35.934162187982544)	(110, 35.89447712040716)	(115, 35.843250710244945)	(120, 35.809091868620875)	(125, 35.74999376763399)	(130, 35.673850855764194)	(135, 35.61774058348122)	(140, 35.520171790480084)	(145, 35.435050999732155)	(150, 35.17820356154484)
NG-29643_DU_4475_lib581298_7997_4_2	(1, 36.31061268076456)	(2, 36.37660645605426)	(3, 36.450023425516676)	(4, 36.452256782344364)	(5, 36.437933562192555)	(6, 36.39432168699178)	(7, 36.346250612835895)	(8, 36.435273539622266)	(9, 36.4530227378108)	(10, 36.43246770769106)	(15, 36.397446009245904)	(20, 36.37388061438013)	(25, 36.32737612757019)	(30, 36.26405526870644)	(35, 36.2503688881739)	(40, 36.21294525379692)	(45, 36.183537959158514)	(50, 36.130110390543805)	(55, 36.07854439248736)	(60, 36.05632304910675)	(65, 36.00489357280581)	(70, 35.967646709160654)	(75, 35.85149883315643)	(80, 35.811071510633056)	(85, 35.81348804079777)	(90, 35.80546936001851)	(95, 35.734793737091664)	(100, 35.63423283623827)	(105, 35.55080308674876)	(110, 35.5197904144055)	(115, 35.41054507062357)	(120, 35.36277606727127)	(125, 35.24394179270327)	(130, 35.2262682975648)	(135, 35.0058678808918)	(140, 34.920048468809306)	(145, 34.85347190736087)	(150, 34.51145941422206)
NG-29643_EFM_192A_lib581292_7997_4_1	(1, 36.44916848415464)	(2, 36.39655614735775)	(3, 36.55075655201556)	(4, 36.58296761491048)	(5, 36.59831214463323)	(6, 36.569215549612515)	(7, 36.53753126270957)	(8, 36.59512547648365)	(9, 36.58799513884977)	(10, 36.60352254630427)	(15, 36.57883525070222)	(20, 36.55539049169141)	(25, 36.49896827623099)	(30, 36.45890454441404)	(35, 36.42916426538587)	(40, 36.39618520878025)	(45, 36.348650259720976)	(50, 36.321326718711035)	(55, 36.28012681816034)	(60, 36.233197899196156)	(65, 36.19906570215396)	(70, 36.15789787043007)	(75, 36.14642592306824)	(80, 36.12553812444131)	(85, 36.086114323608946)	(90, 36.06809136465574)	(95, 36.03135876338089)	(100, 35.96889994396555)	(105, 35.914316574437066)	(110, 35.87279912408852)	(115, 35.82260289529675)	(120, 35.78941349934501)	(125, 35.730077515769416)	(130, 35.6582013608863)	(135, 35.60476466546352)	(140, 35.510271244800585)	(145, 35.425879288135434)	(150, 35.16858989441579)
NG-29643_EFM_192A_lib581292_7997_4_2	(1, 36.426868281168666)	(2, 36.49681280039764)	(3, 36.55783445941735)	(4, 36.558619502133105)	(5, 36.55006226210845)	(6, 36.5100174693359)	(7, 36.49104305917359)	(8, 36.5386822927955)	(9, 36.5576391167023)	(10, 36.53595878863939)	(15, 36.51008819313883)	(20, 36.484070908941746)	(25, 36.43185738590361)	(30, 36.37751339816606)	(35, 36.36185400876279)	(40, 36.3304766541975)	(45, 36.30685150658648)	(50, 36.263518404837725)	(55, 36.221156304030025)	(60, 36.2054650390555)	(65, 36.16479947465409)	(70, 36.126097622463874)	(75, 36.01885795822994)	(80, 35.97934194357691)	(85, 35.98254429248224)	(90, 35.9777052893369)	(95, 35.92273716732385)	(100, 35.83383748618586)	(105, 35.76006316364562)	(110, 35.72898656883555)	(115, 35.62525369671304)	(120, 35.575711290115144)	(125, 35.45934902832557)	(130, 35.427944788047455)	(135, 35.21029548484485)	(140, 35.10790187371889)	(145, 35.01478649271219)	(150, 34.66741237865604)
NG-29643_EFM_192B_lib581293_7997_4_1	(1, 36.39763578954082)	(2, 36.3412299822435)	(3, 36.510600818050484)	(4, 36.54948313887393)	(5, 36.569849457540826)	(6, 36.541697540366826)	(7, 36.50568062788327)	(8, 36.57288686755183)	(9, 36.563698598384875)	(10, 36.58447881555109)	(15, 36.56132565798755)	(20, 36.5391551879698)	(25, 36.48360451762612)	(30, 36.44571745056199)	(35, 36.417776402391006)	(40, 36.38759456497722)	(45, 36.34494150078841)	(50, 36.32141255519075)	(55, 36.28410993392572)	(60, 36.24668262999979)	(65, 36.20850010665699)	(70, 36.17002054651972)	(75, 36.14790506435287)	(80, 36.12761130100695)	(85, 36.08940229103926)	(90, 36.07284448858099)	(95, 36.03799748056137)	(100, 35.976367311720544)	(105, 35.922724668974226)	(110, 35.88231480561335)	(115, 35.83256823816622)	(120, 35.80080631905052)	(125, 35.74286706268728)	(130, 35.672927743919644)	(135, 35.62335685117327)	(140, 35.53517568295581)	(145, 35.458396526293434)	(150, 35.210242742181535)
NG-29643_EFM_192B_lib581293_7997_4_2	(1, 36.401633900861555)	(2, 36.46370316741115)	(3, 36.52632160754483)	(4, 36.52682496101163)	(5, 36.517777342909206)	(6, 36.4762818098976)	(7, 36.46250943277607)	(8, 36.515970119569914)	(9, 36.52755978954876)	(10, 36.50345478675809)	(15, 36.47484661622978)	(20, 36.44918838195494)	(25, 36.40335885575703)	(30, 36.349431178489894)	(35, 36.33324404779516)	(40, 36.30529034436749)	(45, 36.28286616446458)	(50, 36.23508340643374)	(55, 36.19042118389797)	(60, 36.171140534881786)	(65, 36.1304370332064)	(70, 36.096274867129544)	(75, 35.99122281334296)	(80, 35.94950434969261)	(85, 35.94808899038488)	(90, 35.94119175305413)	(95, 35.88547431232398)	(100, 35.79898072685287)	(105, 35.72626354399537)	(110, 35.698452517363734)	(115, 35.59769481401419)	(120, 35.55546629269041)	(125, 35.44413556202632)	(130, 35.42363732223301)	(135, 35.21559474892551)	(140, 35.12675689865924)	(145, 35.04916010704693)	(150, 34.706701375807455)
NG-29643_EFM_192C_lib581294_7997_4_1	(1, 36.33676344056414)	(2, 36.28848323792368)	(3, 36.472626311219045)	(4, 36.51743111207396)	(5, 36.53842176741951)	(6, 36.50887007143663)	(7, 36.47500764612287)	(8, 36.54670609122917)	(9, 36.537502981077665)	(10, 36.56074528307039)	(15, 36.53867286063303)	(20, 36.5163361918303)	(25, 36.46004721025746)	(30, 36.42184601413987)	(35, 36.391528482717945)	(40, 36.365873060934135)	(45, 36.29983117656536)	(50, 36.23686139513524)	(55, 36.1996886878798)	(60, 36.16709746462758)	(65, 36.13313897920619)	(70, 36.10437106770824)	(75, 36.112205851832705)	(80, 36.10111636807343)	(85, 36.06368526282637)	(90, 36.04701910438414)	(95, 36.012920741564685)	(100, 35.94788245633517)	(105, 35.896521833321806)	(110, 35.8518806162593)	(115, 35.80386946725639)	(120, 35.76772429878681)	(125, 35.711117980358566)	(130, 35.63525718849332)	(135, 35.581105679430834)	(140, 35.48580920556783)	(145, 35.40126476202353)	(150, 35.141778489317275)
NG-29643_EFM_192C_lib581294_7997_4_2	(1, 36.32780754936301)	(2, 36.44433224315399)	(3, 36.51070462890817)	(4, 36.51487711360682)	(5, 36.50628887916941)	(6, 36.46044917785974)	(7, 36.43777546523017)	(8, 36.48149780492556)	(9, 36.49916387598353)	(10, 36.47535427035962)	(15, 36.44571666927605)	(20, 36.41641775616332)	(25, 36.35728655028782)	(30, 36.299966423052695)	(35, 36.27872189822283)	(40, 36.24852998736569)	(45, 36.21805963020073)	(50, 36.17054912019523)	(55, 36.12596477686064)	(60, 36.10952248938645)	(65, 36.06564509951793)	(70, 36.02689976001187)	(75, 35.92129586308343)	(80, 35.88543493809371)	(85, 35.8967000266704)	(90, 35.904095619545316)	(95, 35.85222039653339)	(100, 35.76672778255155)	(105, 35.6925467483042)	(110, 35.6610402333979)	(115, 35.561891991004885)	(120, 35.517813321503084)	(125, 35.40899264834389)	(130, 35.39102288284319)	(135, 35.18574776919813)	(140, 35.09988236690284)	(145, 35.032148738025626)	(150, 34.68996194916056)
NG-29643_EFM_19_lib581291_7997_4_1	(1, 36.41548160965673)	(2, 36.356172034709694)	(3, 36.522348991917596)	(4, 36.5581927573548)	(5, 36.57561464878719)	(6, 36.54732907292185)	(7, 36.51021541073635)	(8, 36.57537881187795)	(9, 36.565664679585446)	(10, 36.586033010018475)	(15, 36.56350076574766)	(20, 36.540626011610975)	(25, 36.487095607716284)	(30, 36.45115445537759)	(35, 36.42269201849855)	(40, 36.3955376078659)	(45, 36.34333969917664)	(50, 36.284006925759954)	(55, 36.24550518908799)	(60, 36.21792486077538)	(65, 36.18427213393936)	(70, 36.158738312168914)	(75, 36.153217161585566)	(80, 36.14351210792137)	(85, 36.110572347879774)	(90, 36.09458097935509)	(95, 36.06520527543497)	(100, 36.001953379299)	(105, 35.953171401742985)	(110, 35.910722061905766)	(115, 35.86671425013688)	(120, 35.83259725758382)	(125, 35.77968102974684)	(130, 35.703776592699676)	(135, 35.65245909612162)	(140, 35.56045202086618)	(145, 35.47711510602447)	(150, 35.22975094092611)
NG-29643_EFM_19_lib581291_7997_4_2	(1, 36.44487141860198)	(2, 36.46360206227469)	(3, 36.52815999928586)	(4, 36.52835175799155)	(5, 36.51668514648437)	(6, 36.476502215272355)	(7, 36.45934442265619)	(8, 36.507758587975864)	(9, 36.526414372783556)	(10, 36.50305357681565)	(15, 36.47173554648388)	(20, 36.44515060772083)	(25, 36.39164621367028)	(30, 36.33412644714252)	(35, 36.319442504807995)	(40, 36.28543967850618)	(45, 36.25876631294032)	(50, 36.2156307310346)	(55, 36.17467403473967)	(60, 36.15841944155472)	(65, 36.116131920581225)	(70, 36.079939385432425)	(75, 35.96672886446899)	(80, 35.92134787590563)	(85, 35.91897938364262)	(90, 35.910973444715864)	(95, 35.85655023495627)	(100, 35.76977503133118)	(105, 35.69743415776674)	(110, 35.67004862177736)	(115, 35.5666887125592)	(120, 35.52322631855454)	(125, 35.413435932821926)	(130, 35.396392876880824)	(135, 35.19204750311701)	(140, 35.1083486654796)	(145, 35.03931836502979)	(150, 34.71327639750546)
NG-29643_ETCC_006_lib581311_8005_3_1	(1, 35.613229460620154)	(2, 35.549397103650975)	(3, 35.8405842455824)	(4, 35.95786226230908)	(5, 36.02087623833859)	(6, 36.01594089297324)	(7, 35.86799495851679)	(8, 35.989471943536216)	(9, 35.98244305602169)	(10, 36.07246644057942)	(15, 36.05861320373349)	(20, 36.038936258495305)	(25, 35.94627638394766)	(30, 35.901379893215854)	(35, 35.865508120740266)	(40, 35.84299564152353)	(45, 35.79803069726172)	(50, 35.7420505345763)	(55, 35.713273308684236)	(60, 35.67159496918654)	(65, 35.63328102294668)	(70, 35.62515798554152)	(75, 35.5878944337028)	(80, 35.571724382010224)	(85, 35.53918506671043)	(90, 35.509367866441295)	(95, 35.46546127368992)	(100, 35.421345557083654)	(105, 35.38763812263976)	(110, 35.33285256404391)	(115, 35.25166334047586)	(120, 35.246574825062545)	(125, 35.187114662827504)	(130, 35.13261351060751)	(135, 35.051654642769826)	(140, 34.96150081845629)	(145, 34.856808434036374)	(150, 34.58247385537381)
NG-29643_ETCC_006_lib581311_8005_3_2	(1, 35.8438485979976)	(2, 35.881335711022075)	(3, 35.990247352641106)	(4, 36.01010690664815)	(5, 36.0542613926332)	(6, 35.97933823331377)	(7, 35.930190811954326)	(8, 36.028523201206205)	(9, 36.0436726675169)	(10, 36.06888523331672)	(15, 36.029856180631896)	(20, 36.009646630072716)	(25, 35.95320466656041)	(30, 35.90991325136205)	(35, 35.87796408402854)	(40, 35.84003163123173)	(45, 35.81253883692595)	(50, 35.76752856125367)	(55, 35.73098296199044)	(60, 35.700247878163395)	(65, 35.65620210919802)	(70, 35.6129776189724)	(75, 35.54192217451951)	(80, 35.51750627553484)	(85, 35.479145038747745)	(90, 35.43844682307567)	(95, 35.39269024977896)	(100, 35.41018894926738)	(105, 35.283223246712)	(110, 35.270167335467875)	(115, 35.1524930133631)	(120, 35.176589181229176)	(125, 35.05427380624039)	(130, 34.861470171959894)	(135, 34.844635701641906)	(140, 34.73796815429662)	(145, 34.6788088465746)	(150, 34.38018835657469)
NG-29643_ETCC_007_lib581312_7997_4_1	(1, 36.416238476047944)	(2, 36.367874762470414)	(3, 36.52986204455779)	(4, 36.5646685343393)	(5, 36.580888552656084)	(6, 36.55370511935013)	(7, 36.519901083852474)	(8, 36.58048031213244)	(9, 36.57258577075538)	(10, 36.59409868645032)	(15, 36.5716659642387)	(20, 36.5499574344186)	(25, 36.49800127177775)	(30, 36.4631359279962)	(35, 36.43645938208299)	(40, 36.410694757961565)	(45, 36.37108806028631)	(50, 36.32469270005289)	(55, 36.29107137763142)	(60, 36.263725625263525)	(65, 36.23250216880592)	(70, 36.20915793457403)	(75, 36.18553772596564)	(80, 36.17150103794906)	(85, 36.13657521459026)	(90, 36.123434494293406)	(95, 36.092315975373445)	(100, 36.031484147706614)	(105, 35.98071920893919)	(110, 35.93868506069561)	(115, 35.89305070474738)	(120, 35.85948143682022)	(125, 35.804744861718206)	(130, 35.7308379897752)	(135, 35.680537029466606)	(140, 35.58546375544853)	(145, 35.50142521918218)	(150, 35.24587550874994)
NG-29643_ETCC_007_lib581312_7997_4_2	(1, 36.45705496339941)	(2, 36.46015805968944)	(3, 36.5297979896113)	(4, 36.5316491437925)	(5, 36.51978137202453)	(6, 36.47417058019124)	(7, 36.45960644415727)	(8, 36.52510374143254)	(9, 36.53233580381291)	(10, 36.51911446659465)	(15, 36.49293672071501)	(20, 36.468174992169864)	(25, 36.42238715651717)	(30, 36.36652621784721)	(35, 36.350774852086545)	(40, 36.32282006213533)	(45, 36.298752567629585)	(50, 36.24916317784853)	(55, 36.20616045577223)	(60, 36.19013774920555)	(65, 36.148317839428685)	(70, 36.112870845212115)	(75, 36.00616983999074)	(80, 35.96880330927892)	(85, 35.976385091403706)	(90, 35.97221971868824)	(95, 35.911803782114745)	(100, 35.822004898210835)	(105, 35.74789255060785)	(110, 35.72041159164429)	(115, 35.61862568795181)	(120, 35.573968461505785)	(125, 35.46126188514766)	(130, 35.438946204494506)	(135, 35.22640701980973)	(140, 35.130026241364035)	(145, 35.04842272067903)	(150, 34.70071440740743)
NG-29643_EVSA_T_lib581299_7997_4_1	(1, 36.431561930611664)	(2, 36.377950688944615)	(3, 36.53965365157688)	(4, 36.575293531424435)	(5, 36.59031542938636)	(6, 36.560513035301355)	(7, 36.52596573981261)	(8, 36.59016853263815)	(9, 36.57918420322397)	(10, 36.59662250721506)	(15, 36.574419727714826)	(20, 36.55063733519112)	(25, 36.497493156965064)	(30, 36.46067499237717)	(35, 36.43226668936366)	(40, 36.40500363523973)	(45, 36.363259240447846)	(50, 36.31888721301782)	(55, 36.281292187478364)	(60, 36.254880361353266)	(65, 36.223499664036225)	(70, 36.198081801341615)	(75, 36.16665220514418)	(80, 36.152638214434106)	(85, 36.11686430835838)	(90, 36.0997674460752)	(95, 36.06854873084735)	(100, 36.00456731096657)	(105, 35.95387195155991)	(110, 35.90869326087519)	(115, 35.861370623520074)	(120, 35.82341098478876)	(125, 35.7642422480187)	(130, 35.68227817846304)	(135, 35.62178676154226)	(140, 35.51995082278892)	(145, 35.42314796684327)	(150, 35.1621724182618)
NG-29643_EVSA_T_lib581299_7997_4_2	(1, 36.47228300536285)	(2, 36.49022198622732)	(3, 36.557009365941106)	(4, 36.557701372418116)	(5, 36.54400898098522)	(6, 36.494183650542006)	(7, 36.48164867359627)	(8, 36.546079088163225)	(9, 36.55937883777703)	(10, 36.54471007414033)	(15, 36.519643540259835)	(20, 36.49700500497232)	(25, 36.454736002325966)	(30, 36.401150160607486)	(35, 36.385507639801986)	(40, 36.357671156257275)	(45, 36.33177521968739)	(50, 36.291553934971624)	(55, 36.25043143643167)	(60, 36.23506249831301)	(65, 36.19286148657645)	(70, 36.1634505609557)	(75, 36.059630570141074)	(80, 36.02084108302743)	(85, 36.020281188118176)	(90, 36.00869199428867)	(95, 35.950886127346244)	(100, 35.863126521737186)	(105, 35.79366450697369)	(110, 35.76468333847737)	(115, 35.6683978046713)	(120, 35.62481896965484)	(125, 35.51781015969291)	(130, 35.49921108942199)	(135, 35.30017958923349)	(140, 35.21641386971809)	(145, 35.14942557800289)	(150, 34.82327163753287)
NG-29643_HCC_1143_lib581306_7997_4_1	(1, 36.41041448955225)	(2, 36.35285861588884)	(3, 36.51722346147626)	(4, 36.55269878636331)	(5, 36.56909784070569)	(6, 36.540302197931645)	(7, 36.50429341170386)	(8, 36.56967730349331)	(9, 36.56144853358608)	(10, 36.58307281795877)	(15, 36.5579421692349)	(20, 36.53728695610272)	(25, 36.48316236776588)	(30, 36.44667267940066)	(35, 36.41947227645325)	(40, 36.392157991993614)	(45, 36.35436700187489)	(50, 36.33316828189065)	(55, 36.298306039222474)	(60, 36.26433963951478)	(65, 36.23065096322027)	(70, 36.198894119387795)	(75, 36.164206774512124)	(80, 36.14547224565608)	(85, 36.10782931996212)	(90, 36.092638345222554)	(95, 36.059848280718995)	(100, 35.99852270749458)	(105, 35.94499165440488)	(110, 35.90492279116183)	(115, 35.85554571730173)	(120, 35.82262459482173)	(125, 35.766055386616415)	(130, 35.694433115717835)	(135, 35.64292094323465)	(140, 35.55250694527125)	(145, 35.47532438670769)	(150, 35.22856133413717)
NG-29643_HCC_1143_lib581306_7997_4_2	(1, 36.348281957683625)	(2, 36.43726653476347)	(3, 36.5060723367166)	(4, 36.51103752984569)	(5, 36.49916697063082)	(6, 36.46138630290646)	(7, 36.44138616592222)	(8, 36.49450326428113)	(9, 36.50980362725538)	(10, 36.4958354117778)	(15, 36.46988335791521)	(20, 36.447732952031366)	(25, 36.407716769431566)	(30, 36.35377926174139)	(35, 36.34220045468083)	(40, 36.31043286098543)	(45, 36.285112508512334)	(50, 36.23664423282484)	(55, 36.19147254614705)	(60, 36.173605870775575)	(65, 36.12941640971191)	(70, 36.095225127535)	(75, 35.98941565484128)	(80, 35.9510736528826)	(85, 35.95518815441856)	(90, 35.94808193639763)	(95, 35.88428571144055)	(100, 35.7896037264378)	(105, 35.712634401825014)	(110, 35.68386730715059)	(115, 35.5783744672248)	(120, 35.530893823657266)	(125, 35.414750031197926)	(130, 35.390257845639056)	(135, 35.171476946158734)	(140, 35.079558312274436)	(145, 34.9961509758743)	(150, 34.655069699478425)
NG-29643_HCC_1599_lib581304_7997_4_1	(1, 36.33950453318542)	(2, 36.29516098210143)	(3, 36.47903626610011)	(4, 36.52238755646308)	(5, 36.54580065373922)	(6, 36.516323486812034)	(7, 36.4848865207969)	(8, 36.55760668286863)	(9, 36.54833618557)	(10, 36.57065929943941)	(15, 36.549585255526345)	(20, 36.52714314027145)	(25, 36.473878401790785)	(30, 36.43686997316417)	(35, 36.40883423255542)	(40, 36.380859747875164)	(45, 36.34068850265594)	(50, 36.29874207933809)	(55, 36.26191997296886)	(60, 36.231860849022176)	(65, 36.199538647978144)	(70, 36.174560533172254)	(75, 36.141438705317555)	(80, 36.12377748730011)	(85, 36.086330090404665)	(90, 36.072287865240654)	(95, 36.03955107905623)	(100, 35.97489848929455)	(105, 35.92055075237165)	(110, 35.87697175936196)	(115, 35.82850071103752)	(120, 35.79294234870382)	(125, 35.73421663751725)	(130, 35.657316403369315)	(135, 35.60333211075039)	(140, 35.50931323973036)	(145, 35.4242967235531)	(150, 35.159424490323744)
NG-29643_HCC_1599_lib581304_7997_4_2	(1, 36.274912577438535)	(2, 36.3538798882159)	(3, 36.433949168372905)	(4, 36.43956710489823)	(5, 36.42844749372895)	(6, 36.383534531834684)	(7, 36.36353959554845)	(8, 36.41442380262084)	(9, 36.42886520385714)	(10, 36.420306643539014)	(15, 36.39608548506904)	(20, 36.37067592149619)	(25, 36.32526326480222)	(30, 36.26462993873996)	(35, 36.248230326608514)	(40, 36.215304422125)	(45, 36.18626295970472)	(50, 36.13408343491257)	(55, 36.08374991956241)	(60, 36.06323941682793)	(65, 36.01482667933657)	(70, 35.97979461017731)	(75, 35.86586130728519)	(80, 35.825521173951)	(85, 35.82917442345517)	(90, 35.82343902233935)	(95, 35.75751352944962)	(100, 35.66043641071303)	(105, 35.582266681112884)	(110, 35.55304628230276)	(115, 35.445022696251804)	(120, 35.40276598940095)	(125, 35.28563298169682)	(130, 35.27104349304556)	(135, 35.05618878133494)	(140, 34.96744491026865)	(145, 34.89907455131241)	(150, 34.55113459157951)
NG-29643_HCC_1937_lib581305_7997_4_1	(1, 36.39639123341114)	(2, 36.34774135181864)	(3, 36.5152186458819)	(4, 36.5517612148547)	(5, 36.57158095093335)	(6, 36.544808236349276)	(7, 36.50989185236501)	(8, 36.57341069647779)	(9, 36.568651128756535)	(10, 36.58650056390327)	(15, 36.5652300018951)	(20, 36.543008157719484)	(25, 36.490306497383635)	(30, 36.452804134348796)	(35, 36.42600036927748)	(40, 36.39780961358863)	(45, 36.3621326271267)	(50, 36.317632473423465)	(55, 36.28434752810625)	(60, 36.25622864414269)	(65, 36.22589051750974)	(70, 36.2012047059007)	(75, 36.170876864473705)	(80, 36.155184524253194)	(85, 36.120283312798975)	(90, 36.105747526255)	(95, 36.074084564542446)	(100, 36.01208813357517)	(105, 35.95823558246702)	(110, 35.91734513072569)	(115, 35.86821611209276)	(120, 35.83424758447222)	(125, 35.77738746999621)	(130, 35.7038829224756)	(135, 35.65077782016187)	(140, 35.55519021833653)	(145, 35.47177093493944)	(150, 35.21364307821521)
NG-29643_HCC_1937_lib581305_7997_4_2	(1, 36.41623743275179)	(2, 36.412546411797)	(3, 36.493317860704444)	(4, 36.495772825172445)	(5, 36.48301975439637)	(6, 36.44006910068268)	(7, 36.41015668959792)	(8, 36.472952100618855)	(9, 36.48811395181952)	(10, 36.486747091209104)	(15, 36.4587422097311)	(20, 36.43758273496253)	(25, 36.39419718345539)	(30, 36.33699529926334)	(35, 36.32313432979792)	(40, 36.29149171244879)	(45, 36.26285824860169)	(50, 36.21466241656545)	(55, 36.16767280261632)	(60, 36.14814387011567)	(65, 36.10138473597878)	(70, 36.06778418800608)	(75, 35.96161021349402)	(80, 35.92308085763964)	(85, 35.92942027430788)	(90, 35.92192447934555)	(95, 35.85855057128394)	(100, 35.76439516977264)	(105, 35.688863423358114)	(110, 35.66009267403176)	(115, 35.557398587294415)	(120, 35.513914482546284)	(125, 35.40166011174785)	(130, 35.38453493593913)	(135, 35.17549416585431)	(140, 35.08852811161339)	(145, 35.01814263172074)	(150, 34.67822472044769)
NG-29643_HDQ_P1_lib581303_8005_3_1	(1, 35.62523747284326)	(2, 35.56560488258741)	(3, 35.858041608321194)	(4, 35.97764339957305)	(5, 36.041741559529626)	(6, 36.031120547511605)	(7, 35.88351578893005)	(8, 36.013392514648835)	(9, 36.00442906155363)	(10, 36.088475305893986)	(15, 36.075500127637916)	(20, 36.05090185199409)	(25, 35.95824190635703)	(30, 35.909984650175325)	(35, 35.87272142648156)	(40, 35.84775989243078)	(45, 35.805656560127396)	(50, 35.77184159888251)	(55, 35.73534082370534)	(60, 35.68730759819836)	(65, 35.64865265019388)	(70, 35.63522278850727)	(75, 35.5835664457416)	(80, 35.56146352772836)	(85, 35.52464373508245)	(90, 35.490983987357964)	(95, 35.4449050724907)	(100, 35.40030814000926)	(105, 35.364024192294735)	(110, 35.3055487228405)	(115, 35.22188852755144)	(120, 35.21617832059992)	(125, 35.15463003210795)	(130, 35.096456193058835)	(135, 35.016326752696855)	(140, 34.92366556044013)	(145, 34.823362997413554)	(150, 34.54144241767729)
NG-29643_HDQ_P1_lib581303_8005_3_2	(1, 35.849246284850814)	(2, 35.97252691632272)	(3, 36.08116785110375)	(4, 36.10056733848062)	(5, 36.15229244684866)	(6, 36.113653517438124)	(7, 36.07415671686873)	(8, 36.121885987446724)	(9, 36.13089609504828)	(10, 36.15738806562262)	(15, 36.126816143237164)	(20, 36.103674720751336)	(25, 36.05372357558825)	(30, 36.01097458334667)	(35, 35.98090411137506)	(40, 35.94119912532291)	(45, 35.91532492508683)	(50, 35.877702871766466)	(55, 35.83932242378667)	(60, 35.805157143671934)	(65, 35.762784653999546)	(70, 35.72246739023409)	(75, 35.657482016691304)	(80, 35.6311699342708)	(85, 35.591770646540546)	(90, 35.547537464552775)	(95, 35.50149768229504)	(100, 35.51477776216119)	(105, 35.39058915573058)	(110, 35.373878406686984)	(115, 35.25948953362037)	(120, 35.279297888812124)	(125, 35.154247896317614)	(130, 34.9634951147272)	(135, 34.94374517257082)	(140, 34.838896918754564)	(145, 34.77852598285766)	(150, 34.48048503627593)
NG-29643_IPH_926_lib581313_7997_4_1	(1, 36.41722908188436)	(2, 36.36038048566795)	(3, 36.526470802895844)	(4, 36.56179765788928)	(5, 36.57917923978816)	(6, 36.55065960886354)	(7, 36.51868374958172)	(8, 36.582766328656376)	(9, 36.5747508177462)	(10, 36.593538073849444)	(15, 36.57069112017207)	(20, 36.54910420050462)	(25, 36.49750362252518)	(30, 36.46129277675566)	(35, 36.43416570149255)	(40, 36.4074115461941)	(45, 36.35609440184664)	(50, 36.28495953376292)	(55, 36.24670365743756)	(60, 36.219408900391144)	(65, 36.18862769766283)	(70, 36.16290931427508)	(75, 36.16679700866356)	(80, 36.16028917979743)	(85, 36.12484772641234)	(90, 36.111487095679294)	(95, 36.07889070089043)	(100, 36.017628917199936)	(105, 35.9643646683606)	(110, 35.925145358937755)	(115, 35.87582016987742)	(120, 35.84484622204445)	(125, 35.78723243706338)	(130, 35.714427346971284)	(135, 35.66123389764864)	(140, 35.56922047465813)	(145, 35.48702027001698)	(150, 35.230901290194474)
NG-29643_IPH_926_lib581313_7997_4_2	(1, 36.30476064609351)	(2, 36.408786568496645)	(3, 36.47856783446202)	(4, 36.4815622941724)	(5, 36.47378318102895)	(6, 36.43519527154104)	(7, 36.40889584230325)	(8, 36.462914508893135)	(9, 36.47849413911837)	(10, 36.44800810766563)	(15, 36.415323051022156)	(20, 36.38805592414509)	(25, 36.33712249514523)	(30, 36.276704952639825)	(35, 36.262194361812746)	(40, 36.2324074796489)	(45, 36.20014044151492)	(50, 36.14793800672148)	(55, 36.09681887926461)	(60, 36.07392950761154)	(65, 36.02831320679449)	(70, 35.99171297992899)	(75, 35.882098091203275)	(80, 35.83915635666305)	(85, 35.840627810409195)	(90, 35.842592293924234)	(95, 35.79224554809251)	(100, 35.703297798598854)	(105, 35.628742317174115)	(110, 35.60028670311401)	(115, 35.49589954152926)	(120, 35.451428773805745)	(125, 35.33608685726299)	(130, 35.31876187598736)	(135, 35.10629068652097)	(140, 35.02158164382003)	(145, 34.95249172100133)	(150, 34.616589587442945)
NG-29643_JIMT_1_B_lib581287_7997_4_1	(1, 36.35777701434776)	(2, 36.308104543170636)	(3, 36.479912931695786)	(4, 36.522547641385735)	(5, 36.54643076316757)	(6, 36.51723652971711)	(7, 36.485172210211964)	(8, 36.55746806597537)	(9, 36.55127648976364)	(10, 36.568922540221116)	(15, 36.54780440384509)	(20, 36.52493499043042)	(25, 36.46830580596811)	(30, 36.42908474174131)	(35, 36.3988758367902)	(40, 36.36826790459355)	(45, 36.329368651231725)	(50, 36.27805521804889)	(55, 36.24007908154554)	(60, 36.20844123859072)	(65, 36.177777289306846)	(70, 36.148382838006974)	(75, 36.111854943602445)	(80, 36.09696783048663)	(85, 36.056204333847035)	(90, 36.039408316020875)	(95, 36.00288607096394)	(100, 35.94072499460115)	(105, 35.88290758819487)	(110, 35.841194659404024)	(115, 35.78821372108467)	(120, 35.75553896135217)	(125, 35.69418446787223)	(130, 35.61948949833664)	(135, 35.564405324999434)	(140, 35.46841089108257)	(145, 35.38348768712784)	(150, 35.122864209386876)
NG-29643_JIMT_1_B_lib581287_7997_4_2	(1, 36.27034437640977)	(2, 36.07521062914133)	(3, 36.24137487410978)	(4, 36.25894923843713)	(5, 36.256800855241835)	(6, 36.201346243154084)	(7, 36.20086959563332)	(8, 36.28611571339622)	(9, 36.31418665356391)	(10, 36.308477125669945)	(15, 36.27930729160153)	(20, 36.2509852221404)	(25, 36.201008701108584)	(30, 36.13284933285787)	(35, 36.1143471551017)	(40, 36.07542885655159)	(45, 36.04252083727682)	(50, 35.983256193330305)	(55, 35.92722114831974)	(60, 35.902594150895425)	(65, 35.847503567024475)	(70, 35.80731335747847)	(75, 35.68190741029997)	(80, 35.636396815041785)	(85, 35.639977978418514)	(90, 35.62788884579816)	(95, 35.54980517388585)	(100, 35.44029215153124)	(105, 35.35034675524595)	(110, 35.31766407814182)	(115, 35.20012875955732)	(120, 35.150007804747155)	(125, 35.02363661138669)	(130, 35.00791626351633)	(135, 34.77106771814955)	(140, 34.67559997327046)	(145, 34.60094597315566)	(150, 34.23580814370283)
NG-29643_KPL_1_lib581296_7997_4_1	(1, 36.32802204008204)	(2, 36.28609624017109)	(3, 36.467125168865934)	(4, 36.51459432124714)	(5, 36.53801315749633)	(6, 36.510284112514356)	(7, 36.4755125633154)	(8, 36.54408332148056)	(9, 36.538049589028034)	(10, 36.56084629037143)	(15, 36.54038080457523)	(20, 36.51744728259056)	(25, 36.46335341585858)	(30, 36.425016919844225)	(35, 36.39668900062201)	(40, 36.36588513436446)	(45, 36.32308300229407)	(50, 36.30030345037138)	(55, 36.262004820018866)	(60, 36.228105925129476)	(65, 36.19346180070629)	(70, 36.162349531702155)	(75, 36.12863802673316)	(80, 36.1099524491022)	(85, 36.07338939841502)	(90, 36.05537802849251)	(95, 36.023584792863375)	(100, 35.95729091521814)	(105, 35.905453568984356)	(110, 35.86119335217765)	(115, 35.813646539336425)	(120, 35.78009184493232)	(125, 35.72233432159549)	(130, 35.64760905408916)	(135, 35.59595269507865)	(140, 35.50255977194185)	(145, 35.42302303483634)	(150, 35.160625964033265)
NG-29643_KPL_1_lib581296_7997_4_2	(1, 36.41254356372688)	(2, 36.47757775697467)	(3, 36.539563868534586)	(4, 36.539536041783705)	(5, 36.52729153120016)	(6, 36.48746872121692)	(7, 36.47053293964456)	(8, 36.51094348854145)	(9, 36.521570624166515)	(10, 36.51578576880745)	(15, 36.494310276044374)	(20, 36.471780489450566)	(25, 36.42890622063431)	(30, 36.37412424901024)	(35, 36.35775319550217)	(40, 36.32908815392084)	(45, 36.302513153459955)	(50, 36.25486859308433)	(55, 36.21222311428715)	(60, 36.19330909360408)	(65, 36.151594897281704)	(70, 36.1171355535873)	(75, 36.0175410214999)	(80, 35.97875583705422)	(85, 35.98308433788559)	(90, 35.9748214953254)	(95, 35.9179053345038)	(100, 35.82998912767438)	(105, 35.758966830443555)	(110, 35.730171384796755)	(115, 35.63156046705548)	(120, 35.58960630837762)	(125, 35.481009523988845)	(130, 35.460008385960315)	(135, 35.25692122653934)	(140, 35.16793769842607)	(145, 35.091410145698134)	(150, 34.75112491895719)
NG-29643_MCF_7_lib581315_7997_4_1	(1, 36.411385124911725)	(2, 36.35478192599536)	(3, 36.519089306018586)	(4, 36.55648821219125)	(5, 36.57492840244397)	(6, 36.54701312973194)	(7, 36.51044909219771)	(8, 36.57675426161079)	(9, 36.564729305822)	(10, 36.58579146668691)	(15, 36.562506129227714)	(20, 36.54106862789024)	(25, 36.48610975126437)	(30, 36.44889395552858)	(35, 36.42138836393405)	(40, 36.39218241454404)	(45, 36.35177043082699)	(50, 36.306283220667645)	(55, 36.27052685165377)	(60, 36.24156379477835)	(65, 36.20992470204224)	(70, 36.18368200959462)	(75, 36.156657429454846)	(80, 36.140636859624486)	(85, 36.10505121972651)	(90, 36.08944816796229)	(95, 36.05806257274549)	(100, 35.99590070727139)	(105, 35.94592301370432)	(110, 35.90382753176912)	(115, 35.858202037813804)	(120, 35.824585631809796)	(125, 35.7684218221289)	(130, 35.69648831753606)	(135, 35.64494896429633)	(140, 35.55208786691592)	(145, 35.46864553439494)	(150, 35.215980662219074)
NG-29643_MCF_7_lib581315_7997_4_2	(1, 36.49013449160319)	(2, 36.51183627177401)	(3, 36.568845929755334)	(4, 36.56726719011871)	(5, 36.55816921122501)	(6, 36.52199118087631)	(7, 36.5033444442723)	(8, 36.55721196188995)	(9, 36.56728111855384)	(10, 36.55809177177034)	(15, 36.531641263544444)	(20, 36.50826786840265)	(25, 36.4652289289278)	(30, 36.41342701587046)	(35, 36.39787813954807)	(40, 36.36773497396782)	(45, 36.343664619326276)	(50, 36.299483138251865)	(55, 36.25887244072443)	(60, 36.23990108783502)	(65, 36.20066404255242)	(70, 36.16813129083998)	(75, 36.067720963989636)	(80, 36.02979576131713)	(85, 36.02949650712533)	(90, 36.02235005185587)	(95, 35.96785736788764)	(100, 35.88389422208621)	(105, 35.81538669820781)	(110, 35.78651987976675)	(115, 35.69054774298414)	(120, 35.649572358473925)	(125, 35.5437754517634)	(130, 35.52333147540056)	(135, 35.325212938114575)	(140, 35.23878417720073)	(145, 35.164968980691775)	(150, 34.83526524622046)
NG-29643_MDA_MB_231_lib581314_8005_3_1	(1, 35.65002017325654)	(2, 35.59536497981635)	(3, 35.88394806702403)	(4, 35.99698312295739)	(5, 36.05918389256217)	(6, 36.04704789150921)	(7, 35.903622466264835)	(8, 36.02179999875292)	(9, 36.01482114439571)	(10, 36.10339876957394)	(15, 36.086415633082325)	(20, 36.0644335118998)	(25, 35.97376427746703)	(30, 35.92740669947396)	(35, 35.88413986159604)	(40, 35.86391404873126)	(45, 35.81258756104482)	(50, 35.76503970532883)	(55, 35.72945597074981)	(60, 35.680709774775394)	(65, 35.63781135803405)	(70, 35.62412769818817)	(75, 35.59366566511737)	(80, 35.57669476260497)	(85, 35.54128322212947)	(90, 35.510638916785794)	(95, 35.464140882463845)	(100, 35.41897296348594)	(105, 35.381379579096006)	(110, 35.32573135486704)	(115, 35.23856039561721)	(120, 35.23153118424871)	(125, 35.1677895471354)	(130, 35.10830676555486)	(135, 35.02334202633848)	(140, 34.93004020005335)	(145, 34.8235370836272)	(150, 34.53814676531124)
NG-29643_MDA_MB_231_lib581314_8005_3_2	(1, 35.88468730195612)	(2, 35.977878539062765)	(3, 36.09178304857711)	(4, 36.102843150670665)	(5, 36.154215181048635)	(6, 36.1121004205231)	(7, 36.052349588639096)	(8, 36.1478922777586)	(9, 36.1315207387216)	(10, 36.14085924296948)	(15, 36.111968558431705)	(20, 36.09663260084296)	(25, 36.03971218295034)	(30, 35.99886919556052)	(35, 35.96849194962114)	(40, 35.92701192525372)	(45, 35.90384189967257)	(50, 35.85725935373751)	(55, 35.8205610896333)	(60, 35.78935594503961)	(65, 35.751002473332605)	(70, 35.7049024034428)	(75, 35.63111714308211)	(80, 35.60370830229925)	(85, 35.568784042521465)	(90, 35.535760834841724)	(95, 35.49514676448952)	(100, 35.51360828867318)	(105, 35.38843801473887)	(110, 35.37605503328189)	(115, 35.260303763275445)	(120, 35.28137142955474)	(125, 35.15617877580066)	(130, 34.960889365336826)	(135, 34.939816072683854)	(140, 34.831045450320396)	(145, 34.765148220869584)	(150, 34.46339949655556)
NG-29643_MDA_MB_453_lib581289_7997_4_1	(1, 36.3976087235285)	(2, 36.3409178169458)	(3, 36.510291527625014)	(4, 36.546821644363924)	(5, 36.56602420577092)	(6, 36.53873280376005)	(7, 36.502428633594754)	(8, 36.56705449410772)	(9, 36.55836468702264)	(10, 36.57582334277184)	(15, 36.55476908961149)	(20, 36.52982419066732)	(25, 36.473097861643495)	(30, 36.433580516236745)	(35, 36.401086529640075)	(40, 36.37123304769823)	(45, 36.32324125243284)	(50, 36.280344405198335)	(55, 36.24039075625697)	(60, 36.20500219544365)	(65, 36.170662321140036)	(70, 36.13739100355981)	(75, 36.11161899996187)	(80, 36.09192679574018)	(85, 36.05094493333852)	(90, 36.03052791026664)	(95, 35.99577997224526)	(100, 35.92733859143177)	(105, 35.87534014889763)	(110, 35.82762778435341)	(115, 35.78075330540911)	(120, 35.7444089134825)	(125, 35.68628808519929)	(130, 35.60984977052988)	(135, 35.5581341233815)	(140, 35.4657791693989)	(145, 35.384417700864866)	(150, 35.13841320034559)
NG-29643_MDA_MB_453_lib581289_7997_4_2	(1, 36.43257284592303)	(2, 36.46070854508912)	(3, 36.528522845885654)	(4, 36.52669966499156)	(5, 36.51320278029712)	(6, 36.47381094622593)	(7, 36.456791538092865)	(8, 36.50838044486848)	(9, 36.52440624885508)	(10, 36.506844625023085)	(15, 36.478252336198786)	(20, 36.45065548806703)	(25, 36.40028580956447)	(30, 36.34075291099565)	(35, 36.322039940998735)	(40, 36.28753229610693)	(45, 36.256402568846646)	(50, 36.204588365064616)	(55, 36.15859923218354)	(60, 36.13733926249542)	(65, 36.09020159200975)	(70, 36.049246997410705)	(75, 35.9411114907782)	(80, 35.90198229681725)	(85, 35.90711800869429)	(90, 35.89824688824603)	(95, 35.831441968134385)	(100, 35.7359404966544)	(105, 35.65638196962231)	(110, 35.62306225694972)	(115, 35.51731427425306)	(120, 35.469657945393735)	(125, 35.35628103435771)	(130, 35.33426388428844)	(135, 35.12607156155579)	(140, 35.038317515359694)	(145, 34.96412228705225)	(150, 34.628761811841976)
NG-29643_MFM_223_lib581297_7997_4_1	(1, 36.408115865933944)	(2, 36.36125794575996)	(3, 36.52519589878574)	(4, 36.56138804895466)	(5, 36.58215551209178)	(6, 36.554904671872855)	(7, 36.52161588760546)	(8, 36.58822645117975)	(9, 36.57713098005763)	(10, 36.59491555826014)	(15, 36.57305631988987)	(20, 36.55069459867993)	(25, 36.49882396146199)	(30, 36.462369490850236)	(35, 36.433914524325004)	(40, 36.40635458776144)	(45, 36.36631119533298)	(50, 36.33655764185242)	(55, 36.297414900396845)	(60, 36.26223458658093)	(65, 36.22989094719596)	(70, 36.200851104080456)	(75, 36.179278423676806)	(80, 36.162680980323124)	(85, 36.12643841393141)	(90, 36.111254042417144)	(95, 36.07819673712153)	(100, 36.014935076209035)	(105, 35.960759528027694)	(110, 35.91875157241985)	(115, 35.872907953348076)	(120, 35.83665768646735)	(125, 35.78199479463737)	(130, 35.706237304720176)	(135, 35.65494265321362)	(140, 35.56527077480429)	(145, 35.482920920448)	(150, 35.22100483725555)
NG-29643_MFM_223_lib581297_7997_4_2	(1, 36.4695719424607)	(2, 36.42226614426167)	(3, 36.50256107941197)	(4, 36.506257709287276)	(5, 36.495662029044276)	(6, 36.45476615938851)	(7, 36.4296794578836)	(8, 36.493129758549664)	(9, 36.516245599169295)	(10, 36.49618459539154)	(15, 36.4713559417682)	(20, 36.44848591419289)	(25, 36.401071434877956)	(30, 36.342734826943364)	(35, 36.32560805523508)	(40, 36.29545434305234)	(45, 36.274670461425494)	(50, 36.237034738763136)	(55, 36.19960090820329)	(60, 36.18191274664317)	(65, 36.13751227033903)	(70, 36.10468169233435)	(75, 35.997584407472935)	(80, 35.95513395776116)	(85, 35.95250808112976)	(90, 35.938104956084615)	(95, 35.87188979459229)	(100, 35.77645860734013)	(105, 35.70340110446943)	(110, 35.6742817521996)	(115, 35.57289222884085)	(120, 35.53100712542202)	(125, 35.41817543605748)	(130, 35.40281969285224)	(135, 35.194895385843765)	(140, 35.11434140011832)	(145, 35.0505223749464)	(150, 34.71711634962245)
NG-29643_SK_BR_3_lib581307_7997_4_1	(1, 36.36593735631593)	(2, 36.30529685686615)	(3, 36.48079182641702)	(4, 36.52283168946194)	(5, 36.542665913766555)	(6, 36.51225053900585)	(7, 36.475449072291376)	(8, 36.544100653357596)	(9, 36.53835201800506)	(10, 36.55923165960975)	(15, 36.53771423003301)	(20, 36.51651292821634)	(25, 36.46083482202073)	(30, 36.42582019800223)	(35, 36.39884434667458)	(40, 36.37213992646641)	(45, 36.332826635336595)	(50, 36.29590640340008)	(55, 36.261241447631356)	(60, 36.233567057015094)	(65, 36.204556776163436)	(70, 36.17822534502666)	(75, 36.14495607031478)	(80, 36.12639113071119)	(85, 36.092753150736165)	(90, 36.07689885323605)	(95, 36.04438374969036)	(100, 35.98375818593975)	(105, 35.93337703265981)	(110, 35.89232823249591)	(115, 35.84576905739986)	(120, 35.81223848479205)	(125, 35.75477659987992)	(130, 35.68147805696062)	(135, 35.62726201644233)	(140, 35.534858572375754)	(145, 35.448876278334964)	(150, 35.201987274015906)
NG-29643_SK_BR_3_lib581307_7997_4_2	(1, 36.44184744705679)	(2, 36.44627196784416)	(3, 36.51763920479841)	(4, 36.518768530952485)	(5, 36.504807806366486)	(6, 36.45422544376556)	(7, 36.42593487631752)	(8, 36.5027399083899)	(9, 36.519638043175604)	(10, 36.505457619737484)	(15, 36.477227933272864)	(20, 36.45573389175239)	(25, 36.41270390230919)	(30, 36.35726232284027)	(35, 36.34031436237002)	(40, 36.308808306976545)	(45, 36.28091486103989)	(50, 36.23329628383476)	(55, 36.18830452632367)	(60, 36.16841495348755)	(65, 36.12412991868352)	(70, 36.08974392431606)	(75, 35.985313030643546)	(80, 35.948591938161016)	(85, 35.95323427042759)	(90, 35.94477714448065)	(95, 35.88080379898874)	(100, 35.78944121947534)	(105, 35.714968879477745)	(110, 35.685172053971755)	(115, 35.58233873743108)	(120, 35.53737062250745)	(125, 35.42729086491337)	(130, 35.40679633382853)	(135, 35.19821682159293)	(140, 35.10701378031959)	(145, 35.03477798683488)	(150, 34.6979503730419)
NG-29643_T_47D_lib581309_8005_3_1	(1, 35.5665736749269)	(2, 35.49747269196821)	(3, 35.79795912225906)	(4, 35.91615339372891)	(5, 35.98100000873669)	(6, 35.975758181163116)	(7, 35.820465558823756)	(8, 35.956916894686906)	(9, 35.94040487265131)	(10, 36.02879166228549)	(15, 36.01515955797627)	(20, 35.98953481739869)	(25, 35.890381114286605)	(30, 35.84308021202278)	(35, 35.80749010356203)	(40, 35.78283373446759)	(45, 35.73919766976009)	(50, 35.70705209681745)	(55, 35.669990226976736)	(60, 35.621549183650565)	(65, 35.583481594731424)	(70, 35.56639699006889)	(75, 35.525243799367516)	(80, 35.50580816192463)	(85, 35.47158152244415)	(90, 35.43910888931249)	(95, 35.395234097374285)	(100, 35.34991657166596)	(105, 35.317068809949205)	(110, 35.26128845036625)	(115, 35.17851680799238)	(120, 35.174175309858484)	(125, 35.11329202431377)	(130, 35.056810858674815)	(135, 34.97420746752548)	(140, 34.88575425059744)	(145, 34.78375852665323)	(150, 34.506416344807846)
NG-29643_T_47D_lib581309_8005_3_2	(1, 35.83004140270029)	(2, 35.85589619537296)	(3, 35.97506435972776)	(4, 36.00149182026341)	(5, 36.05473586757311)	(6, 36.00182516424336)	(7, 35.97081425357928)	(8, 36.037177999221555)	(9, 36.04924297248313)	(10, 36.07104460163286)	(15, 36.038794022613736)	(20, 36.01264043497282)	(25, 35.95645764285722)	(30, 35.91367078963693)	(35, 35.88148698832652)	(40, 35.83951176696672)	(45, 35.81412549791171)	(50, 35.77117401126361)	(55, 35.73247034833203)	(60, 35.700060079575906)	(65, 35.655703140458286)	(70, 35.6126983102498)	(75, 35.54285823130795)	(80, 35.517269962288495)	(85, 35.47810112835718)	(90, 35.43704636161522)	(95, 35.391603804094316)	(100, 35.408306252933095)	(105, 35.27967088751633)	(110, 35.26451973476152)	(115, 35.14594894725311)	(120, 35.16788144214943)	(125, 35.04203700802433)	(130, 34.8429534707539)	(135, 34.82415987858219)	(140, 34.71587035322363)	(145, 34.652915353429734)	(150, 34.359989076526844)
NG-30919_HS_578T_B_lib628473_10098_2_1	(1, 35.507713229252495)	(2, 35.54522906259464)	(3, 35.78956739691418)	(4, 35.90952402878587)	(5, 35.952341876069084)	(6, 35.97279925481406)	(7, 35.84419665289796)	(8, 35.98233249260634)	(9, 35.94437525614337)	(10, 36.03917569096863)	(15, 36.0158852729398)	(20, 35.97636771619786)	(25, 35.88443271805541)	(30, 35.842520047463566)	(35, 35.802293374348686)	(40, 35.756718968293846)	(45, 35.7035591379798)	(50, 35.658981729846076)	(55, 35.62442015719945)	(60, 35.57380080003958)	(65, 35.52334122772071)	(70, 35.50035570216242)	(75, 35.49774277529137)	(80, 35.44262365736547)	(85, 35.38426329521701)	(90, 35.38821331833962)	(95, 35.35723356871593)	(100, 35.28785848559892)	(105, 35.25414286028879)	(110, 35.22756395755049)	(115, 35.10486903048324)	(120, 35.063885051008455)	(125, 35.05346198868207)	(130, 34.98865389779776)	(135, 34.892602279314886)	(140, 34.7395242032422)	(145, 34.70184844206206)	(150, 34.36320125368324)
NG-30919_HS_578T_B_lib628473_10098_2_2	(1, 34.67600619119785)	(2, 35.186471683592266)	(3, 35.40741639609252)	(4, 35.46678237030101)	(5, 35.51932060984214)	(6, 35.46965200537554)	(7, 35.482099150111665)	(8, 35.56962746709139)	(9, 35.56595144336876)	(10, 35.569828046114814)	(15, 35.55267406380583)	(20, 35.52897319864541)	(25, 35.45633589078691)	(30, 35.41337693978998)	(35, 35.36945627109027)	(40, 35.35029509145659)	(45, 35.27230729939595)	(50, 35.23506640351407)	(55, 35.20955489897692)	(60, 35.12296166793982)	(65, 35.097224662863134)	(70, 35.06215976367745)	(75, 34.985115059671216)	(80, 34.92471092728688)	(85, 34.871084503501564)	(90, 34.81825531655674)	(95, 34.769410592130534)	(100, 34.64119086752559)	(105, 34.592929719551435)	(110, 34.55105282680747)	(115, 34.51488316144618)	(120, 34.38222312278551)	(125, 34.32580460261565)	(130, 34.28762899830319)	(135, 34.117042850765195)	(140, 34.01316249005813)	(145, 34.00897394222979)	(150, 33.62273699392291)
NG-30919_MDA_MB_468_B_lib628474_10098_2_1	(1, 35.476925549368154)	(2, 35.525481045272834)	(3, 35.76385265803227)	(4, 35.885041837511125)	(5, 35.92936999786903)	(6, 35.943658014603976)	(7, 35.81316631033912)	(8, 35.950656962503174)	(9, 35.92109583139475)	(10, 36.011125393265885)	(15, 35.98718958038781)	(20, 35.94762632879721)	(25, 35.85416442873109)	(30, 35.81645643408161)	(35, 35.7787730761234)	(40, 35.74088987420579)	(45, 35.68688601256632)	(50, 35.631040430290454)	(55, 35.59572884876072)	(60, 35.55079796824692)	(65, 35.499854649688295)	(70, 35.47914311059287)	(75, 35.479580132811805)	(80, 35.42341905288233)	(85, 35.3668884472511)	(90, 35.364747040845074)	(95, 35.33999430118488)	(100, 35.26451236942284)	(105, 35.23715720580206)	(110, 35.20690080198134)	(115, 35.09364870107131)	(120, 35.05120402963767)	(125, 35.0481379733648)	(130, 34.97929982646704)	(135, 34.882467472861016)	(140, 34.7273129790684)	(145, 34.68428687555353)	(150, 34.33795156179818)
NG-30919_MDA_MB_468_B_lib628474_10098_2_2	(1, 34.95969588394274)	(2, 35.32062153037761)	(3, 35.54225493190946)	(4, 35.58650643793128)	(5, 35.63675283105338)	(6, 35.55455641113156)	(7, 35.565408858225645)	(8, 35.72161867810245)	(9, 35.714996896671096)	(10, 35.70074203925757)	(15, 35.68574432547469)	(20, 35.663607003394226)	(25, 35.59145122846282)	(30, 35.54339248102366)	(35, 35.497361472032125)	(40, 35.477099319752895)	(45, 35.399455772714404)	(50, 35.364632478688875)	(55, 35.33514548582893)	(60, 35.25295868624212)	(65, 35.22317707062217)	(70, 35.18946691102728)	(75, 35.11400077881545)	(80, 35.054539529293656)	(85, 35.00274780202325)	(90, 34.95225538116677)	(95, 34.9025653209185)	(100, 34.773815939495236)	(105, 34.72646121557311)	(110, 34.67754933559099)	(115, 34.64149724110684)	(120, 34.50664428746511)	(125, 34.44876011919719)	(130, 34.41345749814616)	(135, 34.24706380745788)	(140, 34.14702836947377)	(145, 34.13865279480137)	(150, 33.752928258849174)
NG-30919_RBL_13_lib628469_10098_1_1	(1, 35.7931397019973)	(2, 35.76959226890138)	(3, 36.02653019854113)	(4, 36.10700849220356)	(5, 36.14560233932973)	(6, 36.13451910784878)	(7, 35.99112383238636)	(8, 36.13289420050272)	(9, 36.13025632330373)	(10, 36.19564031996809)	(15, 36.16549588683931)	(20, 36.12570890852654)	(25, 36.05943668864436)	(30, 36.025475635361616)	(35, 35.99204742181083)	(40, 35.96668509585732)	(45, 35.91555958665011)	(50, 35.85905948939826)	(55, 35.82712966095395)	(60, 35.78418580375457)	(65, 35.73424466441794)	(70, 35.730481137338856)	(75, 35.72619450300779)	(80, 35.66510401384771)	(85, 35.62944617458206)	(90, 35.64395123348138)	(95, 35.61622435671277)	(100, 35.56082014504146)	(105, 35.52326699804198)	(110, 35.499736950031256)	(115, 35.36828197282746)	(120, 35.360655651541705)	(125, 35.36092614779544)	(130, 35.274492814314144)	(135, 35.205595938400606)	(140, 35.041812609580276)	(145, 34.959152785743164)	(150, 34.593854034766295)
NG-30919_RBL_13_lib628469_10098_1_2	(1, 35.28628056480645)	(2, 35.53404605930532)	(3, 35.705069323704556)	(4, 35.76508325469719)	(5, 35.81698017235409)	(6, 35.73144830409869)	(7, 35.75194132235726)	(8, 35.843089686011645)	(9, 35.8836768367331)	(10, 35.85467259593521)	(15, 35.82522509590192)	(20, 35.795964126037155)	(25, 35.722226952304744)	(30, 35.66844072062116)	(35, 35.64578738357573)	(40, 35.59948665857266)	(45, 35.52472847058204)	(50, 35.49772342288445)	(55, 35.43807102747208)	(60, 35.36818939964541)	(65, 35.33649287979476)	(70, 35.3137212774874)	(75, 35.216417985131145)	(80, 35.16281947985667)	(85, 35.12649236274375)	(90, 35.03773330833316)	(95, 34.948336766064465)	(100, 34.871051822038)	(105, 34.739160721361415)	(110, 34.750522301769436)	(115, 34.565480660822466)	(120, 34.551705312844106)	(125, 34.46119306574766)	(130, 34.33599933260613)	(135, 34.17368318660317)	(140, 34.14815907223749)	(145, 34.08268034749081)	(150, 33.64716231832175)
NG-30919_RBL_14_lib628470_10098_1_1	(1, 35.827911886283076)	(2, 35.79124709292095)	(3, 36.048568664701385)	(4, 36.130425732896754)	(5, 36.171884412037684)	(6, 36.16152837593082)	(7, 36.014797519043185)	(8, 36.16034093434231)	(9, 36.150132664304905)	(10, 36.21641785379656)	(15, 36.19103928532992)	(20, 36.15002517527483)	(25, 36.085572497565785)	(30, 36.05207121997265)	(35, 36.01513331972063)	(40, 35.98961429166731)	(45, 35.93770371230531)	(50, 35.88568161450912)	(55, 35.84863524762899)	(60, 35.80579407908819)	(65, 35.7514534290144)	(70, 35.74711898456296)	(75, 35.73035421947467)	(80, 35.66677120023367)	(85, 35.62570606381114)	(90, 35.63726513632052)	(95, 35.6027326373062)	(100, 35.54372972865449)	(105, 35.50122985234189)	(110, 35.47301855328071)	(115, 35.33848360177042)	(120, 35.32371049717576)	(125, 35.322783406947885)	(130, 35.23239056044931)	(135, 35.16318478830242)	(140, 34.99524814243621)	(145, 34.913256578002205)	(150, 34.55206372647113)
NG-30919_RBL_14_lib628470_10098_1_2	(1, 35.49793084998495)	(2, 35.767614149023004)	(3, 35.895123196905416)	(4, 35.94078246607352)	(5, 35.99106092850052)	(6, 35.92951764632475)	(7, 35.92508419669409)	(8, 35.98708116937048)	(9, 36.01317836165789)	(10, 36.01422765589162)	(15, 35.993345354105564)	(20, 35.966511741462554)	(25, 35.90050537993456)	(30, 35.84523607122558)	(35, 35.82432542759713)	(40, 35.780124802716465)	(45, 35.71167476061174)	(50, 35.68903171974117)	(55, 35.632907012744305)	(60, 35.5641437142231)	(65, 35.534197204137605)	(70, 35.51094956563194)	(75, 35.41913094764274)	(80, 35.367217456738736)	(85, 35.32978755689408)	(90, 35.243385881920105)	(95, 35.15690080508174)	(100, 35.08127302137132)	(105, 34.95777313706792)	(110, 34.9636857562945)	(115, 34.7902375231712)	(120, 34.77614410424221)	(125, 34.68831398425948)	(130, 34.57210075023424)	(135, 34.41805812729959)	(140, 34.38951695265517)	(145, 34.33030315910382)	(150, 33.909841052334144)
NG-30919_RBL_15_lib626622_10098_2_1	(1, 35.55516198275607)	(2, 35.60139717497716)	(3, 35.814827534547995)	(4, 35.930565706664126)	(5, 35.98623481756713)	(6, 36.01312522473526)	(7, 35.88863197848207)	(8, 36.01488680906868)	(9, 35.980580994880896)	(10, 36.06974897220184)	(15, 36.052841732511595)	(20, 36.01311878759137)	(25, 35.931075621871)	(30, 35.89550370067241)	(35, 35.85894409416669)	(40, 35.82401493295547)	(45, 35.781257605716505)	(50, 35.73679346063344)	(55, 35.70450482803561)	(60, 35.660005755862585)	(65, 35.61287473455032)	(70, 35.593901384884504)	(75, 35.574015422848525)	(80, 35.51493908294153)	(85, 35.45503022944712)	(90, 35.452331624393466)	(95, 35.426025088514535)	(100, 35.350654844862035)	(105, 35.32089462898013)	(110, 35.294984779555996)	(115, 35.183571220829215)	(120, 35.14473103780111)	(125, 35.1432797562942)	(130, 35.07383379690415)	(135, 34.978226533348746)	(140, 34.82497467659063)	(145, 34.780625567533484)	(150, 34.43344135348159)
NG-30919_RBL_15_lib626622_10098_2_2	(1, 34.74282417098801)	(2, 34.973243716918574)	(3, 35.22365226995371)	(4, 35.30313272136807)	(5, 35.37496860750109)	(6, 35.325894218536064)	(7, 35.322299368109036)	(8, 35.43860977591987)	(9, 35.43514290687915)	(10, 35.492341438499615)	(15, 35.47918831270529)	(20, 35.46277131127413)	(25, 35.396478120792594)	(30, 35.34727164853884)	(35, 35.29956090860591)	(40, 35.283350108997396)	(45, 35.201861177305894)	(50, 35.16704392492767)	(55, 35.13173351016188)	(60, 35.04326553670423)	(65, 35.00733009963308)	(70, 34.979526552127126)	(75, 34.90372166926919)	(80, 34.84393436001717)	(85, 34.78247592150278)	(90, 34.72025190960564)	(95, 34.66442394136269)	(100, 34.517040719047245)	(105, 34.464067065698515)	(110, 34.41360192874701)	(115, 34.37742007293365)	(120, 34.23187945767773)	(125, 34.171420015161814)	(130, 34.141611297329696)	(135, 33.96695688133983)	(140, 33.86566129444364)	(145, 33.86426885086879)	(150, 33.45978462880093)
NG-30919_RBL_15_lib626622_10102_4_1	(1, 35.853620985619855)	(2, 35.87368021381151)	(3, 36.02226360330457)	(4, 36.0953110299532)	(5, 36.127804510286495)	(6, 36.146662863283865)	(7, 36.06223931576571)	(8, 36.151170262125135)	(9, 36.14686320426156)	(10, 36.18259073584922)	(15, 36.157274394948004)	(20, 36.11977554318199)	(25, 36.02626984532693)	(30, 35.98405299865646)	(35, 35.96482769466225)	(40, 35.892272668207006)	(45, 35.919829269215896)	(50, 35.881778625170774)	(55, 35.84531534973236)	(60, 35.79292355395686)	(65, 35.761628357730785)	(70, 35.730876930779345)	(75, 35.674845141575204)	(80, 35.66340625708501)	(85, 35.629317572447995)	(90, 35.578900934235165)	(95, 35.57123087951406)	(100, 35.52864692575716)	(105, 35.471077732221296)	(110, 35.424616013776465)	(115, 35.41751284519698)	(120, 35.24625686647825)	(125, 35.21296139787585)	(130, 35.21516567933502)	(135, 35.12113094706183)	(140, 35.11288454717046)	(145, 34.95171537377016)	(150, 34.919607543965554)
NG-30919_RBL_15_lib626622_10102_4_2	(1, 35.775041197893884)	(2, 35.775914909325614)	(3, 35.884432756803456)	(4, 35.88943948621554)	(5, 35.951313240181676)	(6, 35.92769438908684)	(7, 35.915972373704996)	(8, 35.74322803400099)	(9, 35.93308033813686)	(10, 36.01070788576271)	(15, 35.99500936342376)	(20, 35.98107662008304)	(25, 35.9134084774593)	(30, 35.890673499227944)	(35, 35.8641115946853)	(40, 35.82270107557428)	(45, 35.750508926177815)	(50, 35.7417453546765)	(55, 35.69848678174891)	(60, 35.6733042252279)	(65, 35.627514800219)	(70, 35.58485119394872)	(75, 35.48438836492652)	(80, 35.51646775520939)	(85, 35.436117693105246)	(90, 35.38507316894239)	(95, 34.85521341152901)	(100, 35.31380634980221)	(105, 35.07326554622964)	(110, 35.16418730593675)	(115, 35.054787474279365)	(120, 34.63935972053721)	(125, 35.006630107885215)	(130, 34.980035580620076)	(135, 34.83922537423453)	(140, 34.31691847948456)	(145, 34.772398304711054)	(150, 34.57962156861444)
NG-30919_RBL_18_lib626623_10098_1_1	(1, 35.771135345112484)	(2, 35.75038957303916)	(3, 36.00599005355164)	(4, 36.08669916968083)	(5, 36.131731806107155)	(6, 36.12719895641196)	(7, 35.97746479920136)	(8, 36.1197541575994)	(9, 36.110127126542196)	(10, 36.18736698712267)	(15, 36.158595776018515)	(20, 36.122675763851326)	(25, 36.060392128834984)	(30, 36.029362594813165)	(35, 35.996678483172346)	(40, 35.974056253809394)	(45, 35.92977438669476)	(50, 35.878028532287075)	(55, 35.846732595144786)	(60, 35.81002604967735)	(65, 35.76035899497189)	(70, 35.763034610163956)	(75, 35.73985242137354)	(80, 35.677853989157015)	(85, 35.63965533349419)	(90, 35.65429523501315)	(95, 35.62599083115395)	(100, 35.570774669147376)	(105, 35.532771420370665)	(110, 35.51066411811321)	(115, 35.37982059685551)	(120, 35.37169289168572)	(125, 35.375817494451006)	(130, 35.28950105376548)	(135, 35.22370804235188)	(140, 35.05921936732904)	(145, 34.978908383582066)	(150, 34.61736455997429)
NG-30919_RBL_18_lib626623_10098_1_2	(1, 35.28188518244494)	(2, 35.532251227296584)	(3, 35.68014392503914)	(4, 35.74137719086592)	(5, 35.78704251540625)	(6, 35.721836788136535)	(7, 35.697546493185115)	(8, 35.79757439538562)	(9, 35.84170881538006)	(10, 35.823614392732615)	(15, 35.79760469328735)	(20, 35.7790887816001)	(25, 35.713598028778144)	(30, 35.663675417360885)	(35, 35.648562036083035)	(40, 35.60509912142375)	(45, 35.5342315688241)	(50, 35.51618974296814)	(55, 35.45771806884754)	(60, 35.38956509732036)	(65, 35.359073143788954)	(70, 35.34257238848554)	(75, 35.2486807405061)	(80, 35.19802253445751)	(85, 35.16091339111223)	(90, 35.06475418047006)	(95, 34.97269110434394)	(100, 34.893740455789306)	(105, 34.75994744894983)	(110, 34.76973152708514)	(115, 34.58451343250812)	(120, 34.57263072009405)	(125, 34.48056495666582)	(130, 34.35773603374794)	(135, 34.19420052762604)	(140, 34.16709710766247)	(145, 34.10143154869792)	(150, 33.65811986911123)
NG-30919_RBL_20_lib626624_10098_1_1	(1, 35.77290052334621)	(2, 35.72780106206389)	(3, 35.98048596034405)	(4, 36.06397702593814)	(5, 36.10986872937843)	(6, 36.10424770532749)	(7, 35.949853717738904)	(8, 36.09033298625249)	(9, 36.08734786391566)	(10, 36.1577403395104)	(15, 36.13106782295069)	(20, 36.093047762830764)	(25, 36.02388803559754)	(30, 35.99043789654685)	(35, 35.95091490824891)	(40, 35.929523924560314)	(45, 35.87884311683838)	(50, 35.82728179453547)	(55, 35.78960287628183)	(60, 35.75168458229161)	(65, 35.698668061977074)	(70, 35.69675795574099)	(75, 35.67351904167258)	(80, 35.604518793458254)	(85, 35.566611713655334)	(90, 35.57509526382249)	(95, 35.548621851490275)	(100, 35.48622171147014)	(105, 35.453712778112276)	(110, 35.42414736804596)	(115, 35.29563217884847)	(120, 35.28161783342251)	(125, 35.28643940993811)	(130, 35.1944498681285)	(135, 35.126323243534245)	(140, 34.956354225783514)	(145, 34.87263125184392)	(150, 34.51220785251632)
NG-30919_RBL_20_lib626624_10098_1_2	(1, 35.562777920138565)	(2, 35.697828832024925)	(3, 35.84400864575413)	(4, 35.884692739128134)	(5, 35.92908620443603)	(6, 35.84964036869872)	(7, 35.82679661499232)	(8, 35.96318453923402)	(9, 36.0015597240192)	(10, 35.98284054665844)	(15, 35.95578135024754)	(20, 35.94074223421896)	(25, 35.87969770079466)	(30, 35.82999928732268)	(35, 35.81155307585769)	(40, 35.770616645801645)	(45, 35.70274372909458)	(50, 35.68425251240591)	(55, 35.6264011838828)	(60, 35.563350848077285)	(65, 35.52938370354999)	(70, 35.51380073437207)	(75, 35.423918394254144)	(80, 35.3729317466481)	(85, 35.3325651003661)	(90, 35.241202924212885)	(95, 35.15357490649167)	(100, 35.074592616697856)	(105, 34.94528766573897)	(110, 34.94688749532524)	(115, 34.772568665499485)	(120, 34.753535045470734)	(125, 34.664470380309425)	(130, 34.547390212320195)	(135, 34.39193544470977)	(140, 34.36203133823858)	(145, 34.298109012031844)	(150, 33.87247117456035)
NG-30919_RBL_20_lib626624_10102_3_1	(1, 35.915963181725054)	(2, 35.854642823176036)	(3, 36.057329350191424)	(4, 36.134090061687125)	(5, 36.174296645180036)	(6, 36.15461497714354)	(7, 36.04800938721221)	(8, 36.13132296571366)	(9, 36.07999447101292)	(10, 36.19973000941135)	(15, 36.15530179468508)	(20, 36.137710814812294)	(25, 36.03636301479081)	(30, 35.992447585817594)	(35, 35.96011098430165)	(40, 35.92282973653442)	(45, 35.9022974869488)	(50, 35.85085171715623)	(55, 35.786086577266)	(60, 35.77593574025259)	(65, 35.715773251437135)	(70, 35.70718275041201)	(75, 35.62119855522387)	(80, 35.62782848973246)	(85, 35.593814430916524)	(90, 35.55623806725349)	(95, 35.47859713013158)	(100, 35.46856431345216)	(105, 35.425178716167785)	(110, 35.401359723896064)	(115, 35.3727092912061)	(120, 35.27281872351137)	(125, 35.11999087255791)	(130, 35.162090039921324)	(135, 35.048575854059344)	(140, 35.03710198745438)	(145, 34.96987373941697)	(150, 34.84984479444802)
NG-30919_RBL_20_lib626624_10102_3_2	(1, 36.03740441382091)	(2, 36.003625189090414)	(3, 36.0991031897784)	(4, 36.08127954057122)	(5, 36.14413539370315)	(6, 36.08693397674939)	(7, 36.01983195853899)	(8, 35.85908872498293)	(9, 36.13165749663931)	(10, 36.15553505548151)	(15, 36.104003464548)	(20, 36.129348109474414)	(25, 36.030703160820416)	(30, 36.032551467843156)	(35, 36.0108209398379)	(40, 35.97641501376687)	(45, 35.91993594939357)	(50, 35.897210345664604)	(55, 35.849260364898946)	(60, 35.8186705045455)	(65, 35.768718176385335)	(70, 35.71084514246427)	(75, 35.6436211529535)	(80, 35.62248185039606)	(85, 35.56751811175036)	(90, 35.49935030261563)	(95, 35.319679444139254)	(100, 35.38381229928736)	(105, 35.2452129192342)	(110, 35.29235036128866)	(115, 35.167604299597755)	(120, 35.17272813518645)	(125, 35.1045481537631)	(130, 35.04631083837614)	(135, 34.931061551324476)	(140, 34.80192575306129)	(145, 34.82518001738425)	(150, 34.591977728378865)
NG-30919_RBL_30_lib628471_10098_1_1	(1, 35.807641880343475)	(2, 35.77514252944366)	(3, 36.03891329977346)	(4, 36.11699052126342)	(5, 36.154421026924744)	(6, 36.145624912372384)	(7, 36.00271634438762)	(8, 36.143536839431)	(9, 36.132950202029186)	(10, 36.20098371651259)	(15, 36.171074253024635)	(20, 36.13058678343274)	(25, 36.061692218411096)	(30, 36.02703365526785)	(35, 35.99081052069622)	(40, 35.96503581638043)	(45, 35.91211905543235)	(50, 35.853095895435864)	(55, 35.81947347487324)	(60, 35.78174452939517)	(65, 35.7292330574453)	(70, 35.72992665113404)	(75, 35.71940656418182)	(80, 35.65886622994556)	(85, 35.62419490602076)	(90, 35.63996996405052)	(95, 35.60925498045833)	(100, 35.5535262635525)	(105, 35.51559842589304)	(110, 35.4858416420858)	(115, 35.349518971967456)	(120, 35.335283640767514)	(125, 35.33550601394745)	(130, 35.24467215006331)	(135, 35.17539675380514)	(140, 35.003006109387364)	(145, 34.91870039345905)	(150, 34.548019451995756)
NG-30919_RBL_30_lib628471_10098_1_2	(1, 35.216344979968255)	(2, 35.529778763395164)	(3, 35.68505102487233)	(4, 35.76072100881836)	(5, 35.81136170377275)	(6, 35.73244502207787)	(7, 35.72846949947152)	(8, 35.803121280397185)	(9, 35.827184395928704)	(10, 35.832450396692764)	(15, 35.822022173828394)	(20, 35.79664984272784)	(25, 35.72274382044405)	(30, 35.669052196214395)	(35, 35.64565407261988)	(40, 35.604260979210345)	(45, 35.53474126645026)	(50, 35.51039687698851)	(55, 35.450476980751695)	(60, 35.380732979969125)	(65, 35.34869073003203)	(70, 35.32874210342021)	(75, 35.23260205125574)	(80, 35.18218301866854)	(85, 35.14336089151201)	(90, 35.05673699756024)	(95, 34.96859343427084)	(100, 34.89308096063105)	(105, 34.760852920194125)	(110, 34.77465258602992)	(115, 34.58964944914549)	(120, 34.579596375851)	(125, 34.48763741624589)	(130, 34.36325570427849)	(135, 34.19853313873182)	(140, 34.17158656044545)	(145, 34.10978443200608)	(150, 33.67377650687894)
NG-30919_RBL_7_lib628468_10098_1_1	(1, 35.75865673928312)	(2, 35.777163107986816)	(3, 36.00205679317786)	(4, 36.07189859300769)	(5, 36.1123988041308)	(6, 36.10995176208229)	(7, 35.95807978543951)	(8, 36.100658814442944)	(9, 36.09498095648318)	(10, 36.16133089293405)	(15, 36.13881323434241)	(20, 36.09768582759199)	(25, 36.02803557053103)	(30, 35.99253844498811)	(35, 35.95802564286457)	(40, 35.93771791321249)	(45, 35.88498241036816)	(50, 35.82798161807299)	(55, 35.795201775555974)	(60, 35.76093698431323)	(65, 35.713240132487705)	(70, 35.71325754855301)	(75, 35.712263325475455)	(80, 35.65643501121393)	(85, 35.6265402468549)	(90, 35.63987875295201)	(95, 35.61677771049186)	(100, 35.56122570397357)	(105, 35.53184608509853)	(110, 35.505778784567426)	(115, 35.38240657261257)	(120, 35.36823941827626)	(125, 35.371183215394375)	(130, 35.284160806638816)	(135, 35.21837352452529)	(140, 35.05598234968353)	(145, 34.9715943567535)	(150, 34.621092951458664)
NG-30919_RBL_7_lib628468_10098_1_2	(1, 34.96320781516225)	(2, 35.064185941110445)	(3, 35.19754160186213)	(4, 35.36342395430405)	(5, 35.40370015001411)	(6, 35.27992899473571)	(7, 35.261308165478084)	(8, 35.43132457579107)	(9, 35.49536596016457)	(10, 35.44969727534485)	(15, 35.40764774734823)	(20, 35.381077767569366)	(25, 35.286328224083306)	(30, 35.22718637269277)	(35, 35.2055363736476)	(40, 35.15365884796802)	(45, 35.07486871113054)	(50, 35.05318922699236)	(55, 34.98705469637526)	(60, 34.91971718075321)	(65, 34.885706280435144)	(70, 34.86498957539853)	(75, 34.762998235053225)	(80, 34.7123605397113)	(85, 34.67621778738736)	(90, 34.58740782152777)	(95, 34.49849600733309)	(100, 34.42210762737938)	(105, 34.28816482795058)	(110, 34.30140202890371)	(115, 34.11486541124448)	(120, 34.10516809855524)	(125, 34.0110962369162)	(130, 33.88458672279641)	(135, 33.7114974701298)	(140, 33.681175380711196)	(145, 33.610729630439074)	(150, 33.17040753338185)
NG-30919_WERI_RB1_lib628472_10098_1_1	(1, 35.67454565393279)	(2, 35.75194066469913)	(3, 35.983457476349614)	(4, 36.06488258545618)	(5, 36.1073813716529)	(6, 36.1076433142919)	(7, 35.96459031356932)	(8, 36.092182274436624)	(9, 36.10029867794519)	(10, 36.17028700408015)	(15, 36.14559063948206)	(20, 36.10608525956932)	(25, 36.03528940092316)	(30, 35.99222818452127)	(35, 35.955320826801355)	(40, 35.92591437343954)	(45, 35.872179722871024)	(50, 35.797555560340996)	(55, 35.76702905292218)	(60, 35.727261741228176)	(65, 35.67651668588182)	(70, 35.67414099010517)	(75, 35.68395085141763)	(80, 35.62767793958001)	(85, 35.59428652706406)	(90, 35.61077860210035)	(95, 35.58121694840354)	(100, 35.52878486302708)	(105, 35.49196882602105)	(110, 35.46481855744615)	(115, 35.329287250007646)	(120, 35.318814680152194)	(125, 35.31376202651492)	(130, 35.23131035199119)	(135, 35.161690345255785)	(140, 34.99739775053253)	(145, 34.91616054885081)	(150, 34.54693506301734)
NG-30919_WERI_RB1_lib628472_10098_1_2	(1, 35.31030747451285)	(2, 35.49502906160836)	(3, 35.61736819942168)	(4, 35.67885503108115)	(5, 35.714585400448314)	(6, 35.61625043272562)	(7, 35.53842503979809)	(8, 35.67302635043419)	(9, 35.681108135893126)	(10, 35.685909523655276)	(15, 35.62154941559195)	(20, 35.59206095020666)	(25, 35.50656147219182)	(30, 35.444612380087726)	(35, 35.41577597181624)	(40, 35.36590329493981)	(45, 35.29068950360106)	(50, 35.26334862764677)	(55, 35.20885344042429)	(60, 35.140655285477656)	(65, 35.1105113536526)	(70, 35.083052446978556)	(75, 34.98738237780217)	(80, 34.9347764819484)	(85, 34.90296827788685)	(90, 34.8252158380201)	(95, 34.74227381411465)	(100, 34.67202163076168)	(105, 34.54678646237011)	(110, 34.55997723858712)	(115, 34.38778980311143)	(120, 34.38059523139533)	(125, 34.28944191469482)	(130, 34.174152535487124)	(135, 34.01211833690764)	(140, 33.981831502931854)	(145, 33.922607479272145)	(150, 33.48395598169315)
NG-30919_Y_79_lib626626_10098_1_1	(1, 35.77415845043655)	(2, 35.73349120516747)	(3, 35.985828881428425)	(4, 36.0681909216245)	(5, 36.11714050315428)	(6, 36.11957156145119)	(7, 35.96716406017768)	(8, 36.11185908290885)	(9, 36.095625035831176)	(10, 36.1758470236828)	(15, 36.153364682926636)	(20, 36.11484715652647)	(25, 36.051885363732815)	(30, 36.02079004864452)	(35, 35.986585755773206)	(40, 35.96598738338611)	(45, 35.921153196797306)	(50, 35.874198290913014)	(55, 35.842889049513566)	(60, 35.80795164767835)	(65, 35.75994110175902)	(70, 35.76187001220596)	(75, 35.74214139340898)	(80, 35.68040505831358)	(85, 35.64837830319222)	(90, 35.66070178336328)	(95, 35.636100989988485)	(100, 35.58129345674158)	(105, 35.54814512591232)	(110, 35.52469467420592)	(115, 35.40173776455402)	(120, 35.3940686811931)	(125, 35.39862447440247)	(130, 35.31655736106786)	(135, 35.25018622739353)	(140, 35.08880034327212)	(145, 35.01341002025235)	(150, 34.65763287019884)
NG-30919_Y_79_lib626626_10098_1_2	(1, 35.482059000020456)	(2, 35.59618065578813)	(3, 35.733358487764114)	(4, 35.791879538562675)	(5, 35.84452418222213)	(6, 35.773944757738334)	(7, 35.762848016979746)	(8, 35.86576354430981)	(9, 35.89375738248449)	(10, 35.919801070376586)	(15, 35.89623873070136)	(20, 35.875113864208)	(25, 35.81661263262585)	(30, 35.76644246770017)	(35, 35.75124343326663)	(40, 35.71361794839352)	(45, 35.646206574196356)	(50, 35.62966117158529)	(55, 35.57513374656305)	(60, 35.51196535785334)	(65, 35.48587561032958)	(70, 35.47401919818484)	(75, 35.38651833634252)	(80, 35.338637887573334)	(85, 35.30589704715774)	(90, 35.216523203068235)	(95, 35.135169209006804)	(100, 35.05970867582884)	(105, 34.93777889911987)	(110, 34.944499829651974)	(115, 34.77532096523309)	(120, 34.76123932673004)	(125, 34.6769433628797)	(130, 34.56539000985215)	(135, 34.412492426521155)	(140, 34.386578753698984)	(145, 34.32951381864716)	(150, 33.89981322961424)
NG-A0611_CHP126_libLAB6088_1	(1, 36.231831613393844)	(2, 36.1710029762743)	(3, 36.31758503445953)	(4, 36.3648753778053)	(5, 36.39069642510233)	(6, 36.31093629473264)	(7, 36.292090708023586)	(8, 36.35565151188298)	(9, 36.35305684579158)	(10, 36.38700728646799)	(15, 36.3586415550671)	(20, 36.32300870739165)	(25, 36.24886756109417)	(30, 36.205305367173466)	(35, 36.17100055495814)	(40, 36.14502548435262)	(45, 36.10204907330397)	(50, 36.06895212148383)	(55, 36.02674373812198)	(60, 35.99806566948168)	(65, 35.963943503542865)	(70, 35.94016772820889)	(75, 35.90302432425362)	(80, 35.863955622669366)	(85, 35.82469569983659)	(90, 35.794044553346524)	(95, 35.70933867143637)	(100, 35.692974996523276)	(105, 35.63601042244879)	(110, 35.57548621879051)	(115, 35.531336284871735)	(120, 35.44481540067482)	(125, 35.38503499272319)	(130, 35.31927202690446)	(135, 35.195503239514025)	(140, 35.10332749687409)	(145, 35.01331167489026)	(150, 34.70382984470393)
NG-A0611_CHP126_libLAB6088_2	(1, 35.99733310215828)	(2, 35.99917022875102)	(3, 36.1161918430124)	(4, 36.11120443354281)	(5, 36.13428719808116)	(6, 36.08128032173144)	(7, 36.10801347129984)	(8, 36.163433007294124)	(9, 36.18708713344582)	(10, 36.156687904202194)	(15, 36.118428279768395)	(20, 36.06873739590458)	(25, 36.0262711235528)	(30, 35.989368571554564)	(35, 35.93574596579558)	(40, 35.903677013235004)	(45, 35.854913825922296)	(50, 35.78505996489845)	(55, 35.749127419755794)	(60, 35.710299739495234)	(65, 35.65011041766261)	(70, 35.600287779071586)	(75, 35.53632804141931)	(80, 35.489145929651485)	(85, 35.416780530209266)	(90, 35.33660049594326)	(95, 35.24801720238496)	(100, 35.237200656164134)	(105, 35.12923805759508)	(110, 35.00408389471591)	(115, 34.988334763645355)	(120, 34.87845958249358)	(125, 34.75156818172266)	(130, 34.72090529874933)	(135, 34.56347672898754)	(140, 34.34963082142273)	(145, 34.20231664128571)	(150, 33.7979885417799)
NG-A0611_CHP134_libLAB6074_1	(1, 36.21188512225935)	(2, 36.16799877385675)	(3, 36.3246715955679)	(4, 36.36827924953133)	(5, 36.393719170017796)	(6, 36.311448270448494)	(7, 36.29160875312348)	(8, 36.36408063780272)	(9, 36.3584576757287)	(10, 36.39424927894417)	(15, 36.3705009859827)	(20, 36.33528722778168)	(25, 36.26086788628042)	(30, 36.21858039825464)	(35, 36.18044796590318)	(40, 36.15760465281145)	(45, 36.11184386803077)	(50, 36.088533850847725)	(55, 36.04719777730403)	(60, 36.017166694491024)	(65, 35.981838380907035)	(70, 35.95816747726488)	(75, 35.920790901184155)	(80, 35.87424405058443)	(85, 35.83925906119299)	(90, 35.80402565326043)	(95, 35.72745401286563)	(100, 35.70755341294656)	(105, 35.65839215790953)	(110, 35.59391334509221)	(115, 35.55709050865397)	(120, 35.46911053014823)	(125, 35.417271164713085)	(130, 35.355148839571065)	(135, 35.2398008272588)	(140, 35.15951348897928)	(145, 35.088802531579546)	(150, 34.8024443041119)
NG-A0611_CHP134_libLAB6074_2	(1, 35.85315975083732)	(2, 35.85257832293675)	(3, 35.973961962100724)	(4, 35.969499482548564)	(5, 35.99282269312279)	(6, 35.92980947467183)	(7, 35.953697474672644)	(8, 35.99731896000555)	(9, 36.028792113649146)	(10, 35.99589153205282)	(15, 35.962412518502006)	(20, 35.89985365798637)	(25, 35.85400203530388)	(30, 35.81388076430617)	(35, 35.75328815800507)	(40, 35.720327922886085)	(45, 35.667251262342134)	(50, 35.59278375603138)	(55, 35.54905302839876)	(60, 35.506848186633455)	(65, 35.43964684992092)	(70, 35.3912401700942)	(75, 35.32239580959522)	(80, 35.267432289959814)	(85, 35.18490712796819)	(90, 35.09333132514779)	(95, 35.00164399351344)	(100, 34.99356222735679)	(105, 34.88322156889275)	(110, 34.753939487911666)	(115, 34.74673117528924)	(120, 34.63844010121296)	(125, 34.516518222727214)	(130, 34.498380780459776)	(135, 34.350683976532)	(140, 34.15152458183968)	(145, 34.03029790575202)	(150, 33.647955269351115)
NG-A0611_GIMEN_libLAB6073_1	(1, 36.21887103391547)	(2, 36.15799888437294)	(3, 36.31954922199159)	(4, 36.36125890025849)	(5, 36.38897546226775)	(6, 36.31281497769756)	(7, 36.29325575144152)	(8, 36.358199818508496)	(9, 36.35560430809901)	(10, 36.39279593927917)	(15, 36.368760461530066)	(20, 36.336197724686684)	(25, 36.26122021710264)	(30, 36.215908688349984)	(35, 36.177285194294946)	(40, 36.15076361843129)	(45, 36.10876463300518)	(50, 36.085135085864884)	(55, 36.04957438423247)	(60, 36.01504835798694)	(65, 35.979901198288566)	(70, 35.95361058956444)	(75, 35.91370201843614)	(80, 35.8660548597483)	(85, 35.82684165977821)	(90, 35.79593013991822)	(95, 35.713757642146454)	(100, 35.69961829790073)	(105, 35.6446471445404)	(110, 35.58720964289829)	(115, 35.54560585219154)	(120, 35.4663930038865)	(125, 35.41186963331844)	(130, 35.355995226247956)	(135, 35.24336216852032)	(140, 35.16591399970493)	(145, 35.099939323630885)	(150, 34.823155304584375)
NG-A0611_GIMEN_libLAB6073_2	(1, 35.926828769435055)	(2, 35.928662722898046)	(3, 36.047887927985464)	(4, 36.03843228123503)	(5, 36.067257255112786)	(6, 36.012658224010636)	(7, 36.02924826542223)	(8, 36.08650762244108)	(9, 36.10317141246067)	(10, 36.08842858268878)	(15, 36.05053619623718)	(20, 35.998489703691874)	(25, 35.95437528320153)	(30, 35.91500276683596)	(35, 35.860489982598644)	(40, 35.82476280192162)	(45, 35.771960888378686)	(50, 35.697705975678524)	(55, 35.65754381362561)	(60, 35.61513095481104)	(65, 35.55370339680147)	(70, 35.50792804609642)	(75, 35.44015229117866)	(80, 35.39058746657666)	(85, 35.313226846191)	(90, 35.22829609389053)	(95, 35.137976349514645)	(100, 35.13122206839684)	(105, 35.02473337523672)	(110, 34.90018228376137)	(115, 34.88737426256445)	(120, 34.78109899371247)	(125, 34.662892772474734)	(130, 34.64271403770092)	(135, 34.49640101538232)	(140, 34.29941701210011)	(145, 34.17555388660621)	(150, 33.79574459011821)
NG-A0611_IMR32_libLAB6079_1	(1, 36.25451860994081)	(2, 36.20723786570424)	(3, 36.3539483440618)	(4, 36.393927512180035)	(5, 36.41637686014068)	(6, 36.33845866520603)	(7, 36.31314255644193)	(8, 36.3794133373403)	(9, 36.374950854601266)	(10, 36.41371530589442)	(15, 36.386094711126376)	(20, 36.352870764136846)	(25, 36.2790791927929)	(30, 36.23765597218106)	(35, 36.19972041093685)	(40, 36.175589460316885)	(45, 36.12896564204713)	(50, 36.10288897267918)	(55, 36.060975511290096)	(60, 36.03176314336438)	(65, 35.995197350827254)	(70, 35.97342333741252)	(75, 35.93643764949826)	(80, 35.896421960380145)	(85, 35.85800011752811)	(90, 35.82681802644133)	(95, 35.747871450237014)	(100, 35.7291612728179)	(105, 35.679333821423064)	(110, 35.615331499126)	(115, 35.579240599089886)	(120, 35.49105263040306)	(125, 35.43934325380651)	(130, 35.3747819664093)	(135, 35.26289640989063)	(140, 35.17572053896038)	(145, 35.10391276089666)	(150, 34.81183680989456)
NG-A0611_IMR32_libLAB6079_2	(1, 35.933144566162056)	(2, 36.027156525035956)	(3, 36.140860545738775)	(4, 36.13839874250128)	(5, 36.165089571532135)	(6, 36.09813128761698)	(7, 36.112075253731064)	(8, 36.16066434239521)	(9, 36.20033223250758)	(10, 36.175695968209425)	(15, 36.14007319579428)	(20, 36.08131143174842)	(25, 36.0389380780186)	(30, 36.000113413058116)	(35, 35.94780752160098)	(40, 35.91575967134945)	(45, 35.864058467684)	(50, 35.79341575575894)	(55, 35.754558352312145)	(60, 35.7153554983433)	(65, 35.65620492515482)	(70, 35.60726091929316)	(75, 35.543571511666485)	(80, 35.49537803339533)	(85, 35.422814506001906)	(90, 35.342126898030756)	(95, 35.25358922868988)	(100, 35.24566647343634)	(105, 35.13955850376857)	(110, 35.01498014622013)	(115, 35.00034632860555)	(120, 34.89382015218278)	(125, 34.769644923292645)	(130, 34.7396539239084)	(135, 34.58600800947249)	(140, 34.37712950967973)	(145, 34.237049595767246)	(150, 33.84121840633455)
NG-A0611_KELLY_libLAB6075_1	(1, 36.211324081361525)	(2, 36.17177669393499)	(3, 36.331703947502085)	(4, 36.37184680805206)	(5, 36.398827824461634)	(6, 36.3193064907785)	(7, 36.29400865484244)	(8, 36.368445379004896)	(9, 36.36882503314686)	(10, 36.39884432060194)	(15, 36.37381256056314)	(20, 36.339606035953196)	(25, 36.265345381036546)	(30, 36.22207773634972)	(35, 36.182717980925425)	(40, 36.15463828182209)	(45, 36.11083313237633)	(50, 36.08649888744907)	(55, 36.04824963363994)	(60, 36.01444626851564)	(65, 35.97386189881837)	(70, 35.946490557671126)	(75, 35.90324902414399)	(80, 35.85375151821907)	(85, 35.811852231682664)	(90, 35.77673877268716)	(95, 35.693541246534046)	(100, 35.67396269531474)	(105, 35.617751900699865)	(110, 35.55434429719376)	(115, 35.51490264848072)	(120, 35.42789822389348)	(125, 35.372421801228356)	(130, 35.31097508751567)	(135, 35.19721443127403)	(140, 35.11585061784339)	(145, 35.049858800105646)	(150, 34.76704541539799)
NG-A0611_KELLY_libLAB6075_2	(1, 35.87255307252207)	(2, 35.87532232618987)	(3, 36.00141610641622)	(4, 35.98852515672437)	(5, 36.01293127359036)	(6, 35.94380089622404)	(7, 35.97808265825032)	(8, 36.02466290015838)	(9, 36.04450713861086)	(10, 36.02213824869731)	(15, 35.97998422377158)	(20, 35.91986559731045)	(25, 35.8727254494591)	(30, 35.829456351698596)	(35, 35.766546648964784)	(40, 35.73121299410026)	(45, 35.67522310643301)	(50, 35.595597036613036)	(55, 35.548910495078545)	(60, 35.50277662945208)	(65, 35.43412926437372)	(70, 35.38234621931431)	(75, 35.31036098943275)	(80, 35.255475035841016)	(85, 35.171813458023834)	(90, 35.08013235778649)	(95, 34.986103660244)	(100, 34.974328414966045)	(105, 34.8610101202827)	(110, 34.728923687574145)	(115, 34.71839966680888)	(120, 34.60837632488077)	(125, 34.48516024443437)	(130, 34.46497211335211)	(135, 34.318509517411705)	(140, 34.12225683982534)	(145, 34.001201228178495)	(150, 33.62448378343284)
NG-A0611_LAN1_libLAB6085_1	(1, 36.26914335585691)	(2, 36.2028674996883)	(3, 36.35087430657074)	(4, 36.393339412807855)	(5, 36.417850861293594)	(6, 36.34299264179685)	(7, 36.32136913265362)	(8, 36.381023182460915)	(9, 36.37360610133085)	(10, 36.41515791634875)	(15, 36.388338359589184)	(20, 36.35471907451252)	(25, 36.281544171735355)	(30, 36.24279325506848)	(35, 36.20463619791364)	(40, 36.180346888959924)	(45, 36.1377314255969)	(50, 36.12341352741855)	(55, 36.08400570042998)	(60, 36.05485963633094)	(65, 36.0153028560256)	(70, 35.9885968389643)	(75, 35.953046997914335)	(80, 35.90891274812357)	(85, 35.87246959239629)	(90, 35.838953837038545)	(95, 35.76428371831995)	(100, 35.74283850258717)	(105, 35.6945121940483)	(110, 35.630555864766094)	(115, 35.5973735261421)	(120, 35.50999960514853)	(125, 35.460333136454324)	(130, 35.3969002880872)	(135, 35.28769663307953)	(140, 35.20439442917394)	(145, 35.135435782762414)	(150, 34.84791399387153)
NG-A0611_LAN1_libLAB6085_2	(1, 35.984360721834804)	(2, 36.034815455900166)	(3, 36.14135246205814)	(4, 36.13610614746118)	(5, 36.15426094549634)	(6, 36.09531615699671)	(7, 36.11892152144836)	(8, 36.154720632692445)	(9, 36.17105113008205)	(10, 36.16489705266892)	(15, 36.138439789624485)	(20, 36.0790976218291)	(25, 36.03625904446859)	(30, 35.99723625193859)	(35, 35.94363752084699)	(40, 35.91326388112177)	(45, 35.86393550370108)	(50, 35.7946333823356)	(55, 35.75599018269467)	(60, 35.717351382620556)	(65, 35.657727140843335)	(70, 35.611867865281695)	(75, 35.54689977070393)	(80, 35.49668934767184)	(85, 35.420035241398615)	(90, 35.337242890363925)	(95, 35.249514577508805)	(100, 35.24135153342151)	(105, 35.13611391424033)	(110, 35.01229926403496)	(115, 34.998888351994864)	(120, 34.89380651703685)	(125, 34.76864213568867)	(130, 34.740044198762305)	(135, 34.58741011370203)	(140, 34.383527076282576)	(145, 34.24559546074693)	(150, 33.857394831237414)
NG-A0611_LAN2_libLAB6083_1	(1, 36.23154522263078)	(2, 36.15645280671448)	(3, 36.3181314860268)	(4, 36.36285416577316)	(5, 36.3856724453778)	(6, 36.30731180990678)	(7, 36.278414657660186)	(8, 36.34786332779389)	(9, 36.3432730392778)	(10, 36.37830366147799)	(15, 36.351766826664594)	(20, 36.31421391877526)	(25, 36.23398574753081)	(30, 36.18656649540387)	(35, 36.14421125576152)	(40, 36.11969614361939)	(45, 36.0727340057269)	(50, 36.04699815923937)	(55, 36.002255713958654)	(60, 35.97135146779738)	(65, 35.93202548677421)	(70, 35.90820369707905)	(75, 35.86430921337622)	(80, 35.81646389379798)	(85, 35.777196108288685)	(90, 35.74078794975838)	(95, 35.66140466294074)	(100, 35.63940560353636)	(105, 35.5881564780482)	(110, 35.5222482422819)	(115, 35.48667995920563)	(120, 35.4002940203114)	(125, 35.3475283902211)	(130, 35.2842495014069)	(135, 35.171443138389336)	(140, 35.08848460508931)	(145, 35.01718513672124)	(150, 34.73423698020386)
NG-A0611_LAN2_libLAB6083_2	(1, 36.012400034064946)	(2, 36.06628414467182)	(3, 36.171074509453085)	(4, 36.16460300511331)	(5, 36.191800817878246)	(6, 36.143086124469534)	(7, 36.1596371665288)	(8, 36.19958458460365)	(9, 36.2126776166875)	(10, 36.196153482495696)	(15, 36.16022607229314)	(20, 36.10793928820236)	(25, 36.06690828529074)	(30, 36.03077585621053)	(35, 35.973584820797115)	(40, 35.94314845889908)	(45, 35.89203663530242)	(50, 35.82264050285367)	(55, 35.78141099420368)	(60, 35.74409667366605)	(65, 35.68292346065947)	(70, 35.63505068266916)	(75, 35.57079402172464)	(80, 35.525150354591275)	(85, 35.45100713655731)	(90, 35.36772386550638)	(95, 35.27801228820469)	(100, 35.26695134574361)	(105, 35.16112787418385)	(110, 35.03780376452077)	(115, 35.024489325026174)	(120, 34.920298729433995)	(125, 34.80101954470207)	(130, 34.7756576064803)	(135, 34.63253256047357)	(140, 34.43558575795184)	(145, 34.30927768179431)	(150, 33.92652566908066)
NG-A0611_LAN5_libLAB6087_1	(1, 36.26325169819728)	(2, 36.19892512411621)	(3, 36.33969945148632)	(4, 36.38168266408928)	(5, 36.4020638611642)	(6, 36.32281787490641)	(7, 36.30432269828546)	(8, 36.36519741333517)	(9, 36.361667266662316)	(10, 36.397190151077425)	(15, 36.364162867448506)	(20, 36.33419525006384)	(25, 36.25402388044599)	(30, 36.21396991084955)	(35, 36.1737228088714)	(40, 36.151914867406205)	(45, 36.10591507291483)	(50, 36.08251916996807)	(55, 36.03853512075347)	(60, 36.00899408097983)	(65, 35.97023755968932)	(70, 35.94881803811284)	(75, 35.90783180247505)	(80, 35.86679526724197)	(85, 35.82504078374532)	(90, 35.79528775281456)	(95, 35.712810650663485)	(100, 35.69596482515403)	(105, 35.640243900731036)	(110, 35.57899789818119)	(115, 35.54033404727814)	(120, 35.4534910785959)	(125, 35.39811885573137)	(130, 35.333533632316474)	(135, 35.2187154109894)	(140, 35.129236912722995)	(145, 35.05214111268776)	(150, 34.75121705270038)
NG-A0611_LAN5_libLAB6087_2	(1, 35.9816373607261)	(2, 36.03840318935677)	(3, 36.15511271319556)	(4, 36.15431388771025)	(5, 36.17769028019916)	(6, 36.139533844113274)	(7, 36.15210717089357)	(8, 36.18177884441553)	(9, 36.21109806634671)	(10, 36.186257663521204)	(15, 36.160155517728114)	(20, 36.109457001320365)	(25, 36.06665043367609)	(30, 36.031212953960775)	(35, 35.97670366155501)	(40, 35.94602157726303)	(45, 35.896639150709134)	(50, 35.8256363014563)	(55, 35.78748451289523)	(60, 35.74711085875883)	(65, 35.68759870881128)	(70, 35.63987120125226)	(75, 35.57633172808893)	(80, 35.52914958727492)	(85, 35.45522339345628)	(90, 35.37506151324952)	(95, 35.28308663675121)	(100, 35.273416989733)	(105, 35.16561390701778)	(110, 35.04104118847442)	(115, 35.02124875219246)	(120, 34.909481982480884)	(125, 34.77945411591058)	(130, 34.74259528819299)	(135, 34.57730673649577)	(140, 34.3534929450373)	(145, 34.18971070015418)	(150, 33.77927658389204)
NG-A0611_LAN6_libLAB6089_1	(1, 36.281173427284095)	(2, 36.210099639186254)	(3, 36.36414795519852)	(4, 36.402081496772006)	(5, 36.426192952018596)	(6, 36.346015764387076)	(7, 36.3291352976707)	(8, 36.39716902131269)	(9, 36.38808969632334)	(10, 36.42200175396628)	(15, 36.394396059994065)	(20, 36.36072959314528)	(25, 36.28408288036068)	(30, 36.240227482880826)	(35, 36.200808681448116)	(40, 36.17447247954869)	(45, 36.131190893378694)	(50, 36.102785488199544)	(55, 36.062375992631004)	(60, 36.02547321193235)	(65, 35.991618349724234)	(70, 35.962787822085815)	(75, 35.93145598734425)	(80, 35.89186625918366)	(85, 35.85271693536378)	(90, 35.822420047271336)	(95, 35.7432060545069)	(100, 35.72739621245773)	(105, 35.67382747456001)	(110, 35.61638073600118)	(115, 35.577559307982426)	(120, 35.49726808971154)	(125, 35.44403407169546)	(130, 35.38426564395093)	(135, 35.27241838057212)	(140, 35.191687026864805)	(145, 35.11885072336522)	(150, 34.83296685399486)
NG-A0611_LAN6_libLAB6089_2	(1, 35.92057204060049)	(2, 35.99624353393001)	(3, 36.1316582287376)	(4, 36.123683897427725)	(5, 36.14820708065581)	(6, 36.09738353590367)	(7, 36.11224379573117)	(8, 36.1687897505862)	(9, 36.177000387881755)	(10, 36.16979594984478)	(15, 36.14052141556291)	(20, 36.08617070906763)	(25, 36.03706559970857)	(30, 36.00180111585133)	(35, 35.94207122767238)	(40, 35.91388224985623)	(45, 35.86452920566941)	(50, 35.79901060472262)	(55, 35.761990931837076)	(60, 35.72307573740025)	(65, 35.66105114686411)	(70, 35.6143369568609)	(75, 35.546610920609055)	(80, 35.49392159106101)	(85, 35.412094837976284)	(90, 35.326290650527675)	(95, 35.23378524643936)	(100, 35.22357950675343)	(105, 35.11618381180962)	(110, 34.99126308149601)	(115, 34.97659365238742)	(120, 34.86732495282125)	(125, 34.741390351866336)	(130, 34.71188047559529)	(135, 34.55822062480673)	(140, 34.35089601699475)	(145, 34.21272571787932)	(150, 33.81922443690554)
NG-A0611_LS_libLAB6078_1	(1, 36.19951745280132)	(2, 36.15193316490706)	(3, 36.31316977109849)	(4, 36.35501671512757)	(5, 36.383275807572666)	(6, 36.3000759690522)	(7, 36.27923176488326)	(8, 36.35122255665771)	(9, 36.343226693528294)	(10, 36.376895429838235)	(15, 36.34599322697401)	(20, 36.3111408319681)	(25, 36.23302196926895)	(30, 36.18828087887799)	(35, 36.150362020855226)	(40, 36.12202769904222)	(45, 36.07648070027153)	(50, 36.045726528588624)	(55, 36.007116726004405)	(60, 35.97025944898286)	(65, 35.93435425982945)	(70, 35.907565967552486)	(75, 35.86830466196204)	(80, 35.823342296751505)	(85, 35.781740227938926)	(90, 35.74974287531371)	(95, 35.66293499083512)	(100, 35.64680308199142)	(105, 35.58802899403581)	(110, 35.525476608625944)	(115, 35.48220261501731)	(120, 35.393202604145436)	(125, 35.3321168439071)	(130, 35.26724554822992)	(135, 35.144266644969264)	(140, 35.05822499399193)	(145, 34.98105558806911)	(150, 34.680255502841604)
NG-A0611_LS_libLAB6078_2	(1, 35.78073833797109)	(2, 35.81764587877448)	(3, 35.94794881325101)	(4, 35.93928882283911)	(5, 35.96718323603341)	(6, 35.914646066773436)	(7, 35.93111330081933)	(8, 35.9716878141083)	(9, 35.98215950979086)	(10, 35.97314880477195)	(15, 35.94684009599216)	(20, 35.879380426533736)	(25, 35.827776083564274)	(30, 35.78449458389755)	(35, 35.72160834768975)	(40, 35.68824762287062)	(45, 35.63324558724951)	(50, 35.54877381442135)	(55, 35.505998492136186)	(60, 35.46089539826514)	(65, 35.39433687774493)	(70, 35.34115316980287)	(75, 35.26764255019515)	(80, 35.214953189650245)	(85, 35.133424446883694)	(90, 35.042140554015596)	(95, 34.943984457892576)	(100, 34.93464824214027)	(105, 34.81433620358972)	(110, 34.68063918056086)	(115, 34.67004357534795)	(120, 34.55087506389706)	(125, 34.418829790650975)	(130, 34.39329801845527)	(135, 34.23210768969341)	(140, 34.01274556463701)	(145, 33.87615760716399)	(150, 33.47025165995829)
NG-A0611_MHHNB11_libLAB6084_1	(1, 36.27884645725628)	(2, 36.20161779758382)	(3, 36.35032659066186)	(4, 36.39569185684133)	(5, 36.41831874260517)	(6, 36.34250261089869)	(7, 36.3200062961141)	(8, 36.38353620799235)	(9, 36.37636158734213)	(10, 36.415943290708626)	(15, 36.3876961067878)	(20, 36.35256519768991)	(25, 36.27488897125973)	(30, 36.22884232366615)	(35, 36.187265639272155)	(40, 36.15947292107214)	(45, 36.11514131403069)	(50, 36.08458472768207)	(55, 36.03763983972459)	(60, 36.00965291802872)	(65, 35.96957654974845)	(70, 35.947059852926614)	(75, 35.89784249745983)	(80, 35.85568706414556)	(85, 35.816052136899415)	(90, 35.782961038198565)	(95, 35.70040701798641)	(100, 35.68312255033273)	(105, 35.626096809537486)	(110, 35.565571396084124)	(115, 35.52524770229224)	(120, 35.44129142847591)	(125, 35.383489864555074)	(130, 35.320213038128095)	(135, 35.20595541644653)	(140, 35.118327926560404)	(145, 35.041439163519705)	(150, 34.75316672244872)
NG-A0611_MHHNB11_libLAB6084_2	(1, 35.79286506922334)	(2, 35.79458772641593)	(3, 35.93865307746885)	(4, 35.94843358464311)	(5, 35.97854484986965)	(6, 35.92667265765213)	(7, 35.917725767467395)	(8, 35.973894995049996)	(9, 36.004465712697495)	(10, 36.00237446103876)	(15, 35.96816223453432)	(20, 35.909320418104016)	(25, 35.86120288236826)	(30, 35.82076130428092)	(35, 35.75851780824944)	(40, 35.72616747760736)	(45, 35.6693441310903)	(50, 35.588407431553776)	(55, 35.543510354938455)	(60, 35.499960539320185)	(65, 35.430843407266366)	(70, 35.38090721225704)	(75, 35.308909818676035)	(80, 35.25696916929793)	(85, 35.17580901281001)	(90, 35.08365809507545)	(95, 34.985615902730366)	(100, 34.97443110467424)	(105, 34.85843325891019)	(110, 34.72372421677496)	(115, 34.71139601976595)	(120, 34.59425646506345)	(125, 34.4637645831173)	(130, 34.43829675991587)	(135, 34.27811931580714)	(140, 34.06167862838056)	(145, 33.92058650817017)	(150, 33.51870097062623)
NG-A0611_NBLS_libLAB6077_1	(1, 36.240267614972275)	(2, 36.166571950862036)	(3, 36.32636524885295)	(4, 36.36588268449761)	(5, 36.38823593269268)	(6, 36.31001444044319)	(7, 36.28836048512753)	(8, 36.35521942299291)	(9, 36.34949023715221)	(10, 36.384518518081094)	(15, 36.357794186807546)	(20, 36.3218045163796)	(25, 36.241494724708716)	(30, 36.19440815982416)	(35, 36.15326146324045)	(40, 36.127993002045386)	(45, 36.08098510132748)	(50, 36.06159075057762)	(55, 36.0212177089363)	(60, 35.99124290212576)	(65, 35.94825900624169)	(70, 35.92109647354401)	(75, 35.87683549114909)	(80, 35.83323330858535)	(85, 35.79089102422107)	(90, 35.76146003648496)	(95, 35.677375847432124)	(100, 35.66151800682934)	(105, 35.60677599421126)	(110, 35.548488379734025)	(115, 35.507915767725095)	(120, 35.4258075861517)	(125, 35.37312123024083)	(130, 35.311220391468815)	(135, 35.19975098559511)	(140, 35.11907060990989)	(145, 35.051560466230434)	(150, 34.76768939213562)
NG-A0611_NBLS_libLAB6077_2	(1, 36.01039978278397)	(2, 36.05171296977458)	(3, 36.15983559028343)	(4, 36.16208132860621)	(5, 36.179165856776386)	(6, 36.130621919092555)	(7, 36.16034701793477)	(8, 36.19877761956211)	(9, 36.22328119084843)	(10, 36.19309577696507)	(15, 36.15479768616179)	(20, 36.10180514712026)	(25, 36.05980623696978)	(30, 36.022087382208866)	(35, 35.96774437462879)	(40, 35.932572350163596)	(45, 35.88050127046499)	(50, 35.80839137382982)	(55, 35.76881540243579)	(60, 35.72857813840285)	(65, 35.668096963687304)	(70, 35.61980593039463)	(75, 35.552316689109055)	(80, 35.50329164455828)	(85, 35.42545600979633)	(90, 35.343460974554645)	(95, 35.25221056133783)	(100, 35.240357094707974)	(105, 35.129750597350366)	(110, 35.004624485026)	(115, 34.98443303387391)	(120, 34.873714274729274)	(125, 34.744368723455025)	(130, 34.70859109748499)	(135, 34.548510176724236)	(140, 34.32949807492169)	(145, 34.17706741022028)	(150, 33.77836273041352)
NG-A0611_NGP_libLAB6082_1	(1, 36.22467578696539)	(2, 36.16099291936929)	(3, 36.31638915632351)	(4, 36.3554919932089)	(5, 36.38313729699888)	(6, 36.30384956291938)	(7, 36.27919117583706)	(8, 36.34714202720939)	(9, 36.34508869469827)	(10, 36.37896175856841)	(15, 36.350308415772346)	(20, 36.31247303925778)	(25, 36.23089925532727)	(30, 36.181113719317395)	(35, 36.14037366777235)	(40, 36.11330317787108)	(45, 36.064351091383415)	(50, 36.0280847768255)	(55, 35.98573117467851)	(60, 35.95136136609294)	(65, 35.91509132337572)	(70, 35.88827329163466)	(75, 35.851830989533134)	(80, 35.810059446258876)	(85, 35.768628655662056)	(90, 35.736124888351654)	(95, 35.65243886916041)	(100, 35.632871484116826)	(105, 35.57598813426598)	(110, 35.51505793792582)	(115, 35.47387420290951)	(120, 35.38825856865668)	(125, 35.329684487719746)	(130, 35.267135354454474)	(135, 35.14785522191841)	(140, 35.06037304243864)	(145, 34.98196194600596)	(150, 34.68632719789216)
NG-A0611_NGP_libLAB6082_2	(1, 35.92118118491199)	(2, 35.92314451055364)	(3, 36.045744975370575)	(4, 36.051361409443636)	(5, 36.0764420051493)	(6, 36.031240891275004)	(7, 36.04595335671706)	(8, 36.08109033703915)	(9, 36.115208169740924)	(10, 36.08159194245066)	(15, 36.04921550695353)	(20, 35.99129636823636)	(25, 35.94438983822985)	(30, 35.90223344920792)	(35, 35.84068544593256)	(40, 35.809147022617736)	(45, 35.75595368347288)	(50, 35.677000486665676)	(55, 35.633608608406554)	(60, 35.59215363354373)	(65, 35.52774659809527)	(70, 35.475166519482045)	(75, 35.40407200072699)	(80, 35.35466970107044)	(85, 35.27675673657525)	(90, 35.191338830236916)	(95, 35.09727701854765)	(100, 35.08783451762902)	(105, 34.97363923675258)	(110, 34.844038703062246)	(115, 34.83107939369942)	(120, 34.7172116489589)	(125, 34.58973404731197)	(130, 34.560750377679334)	(135, 34.40398546191271)	(140, 34.19247914845373)	(145, 34.05496193890728)	(150, 33.66053795388105)
NG-A0611_NMB_libLAB6080_1	(1, 36.21625471241611)	(2, 36.162263003028144)	(3, 36.32075050311503)	(4, 36.36366468504366)	(5, 36.388786035305856)	(6, 36.31069907626969)	(7, 36.2917516452907)	(8, 36.36017247983623)	(9, 36.35163123963682)	(10, 36.38652668138888)	(15, 36.361576297845936)	(20, 36.32678389722894)	(25, 36.251601541567844)	(30, 36.20971544125463)	(35, 36.17026321188091)	(40, 36.14497207187587)	(45, 36.09836729398621)	(50, 36.08047786307198)	(55, 36.040944165620246)	(60, 36.008378008588394)	(65, 35.968938091453346)	(70, 35.93945964723111)	(75, 35.90365262999613)	(80, 35.85804050334195)	(85, 35.82154912034698)	(90, 35.78663709921138)	(95, 35.7078578407225)	(100, 35.68823630256789)	(105, 35.63811032129107)	(110, 35.575547961824405)	(115, 35.53896547698167)	(120, 35.45160582808681)	(125, 35.39887761981081)	(130, 35.33647796885454)	(135, 35.22298051738381)	(140, 35.13944474855049)	(145, 35.068716449361546)	(150, 34.77902076871719)
NG-A0611_NMB_libLAB6080_2	(1, 35.91741512637954)	(2, 35.962121678677356)	(3, 36.08151370401325)	(4, 36.07064105763002)	(5, 36.09872170434319)	(6, 36.033500840969005)	(7, 36.05011756807519)	(8, 36.08950757753629)	(9, 36.11104130516317)	(10, 36.10298153064908)	(15, 36.071902277442064)	(20, 36.01343460432173)	(25, 35.96663331496588)	(30, 35.9265257955083)	(35, 35.86547547291384)	(40, 35.83423078429227)	(45, 35.78089565336563)	(50, 35.70539618732785)	(55, 35.66379929384807)	(60, 35.62289743156869)	(65, 35.56269515194947)	(70, 35.5131729014408)	(75, 35.44456793547709)	(80, 35.39253862837738)	(85, 35.31593330825518)	(90, 35.23142671795023)	(95, 35.14169790275642)	(100, 35.13325151813608)	(105, 35.02479166125302)	(110, 34.89904948984733)	(115, 34.88676002543529)	(120, 34.77910770029057)	(125, 34.65606271802065)	(130, 34.630500505337)	(135, 34.48090095460294)	(140, 34.2794245127905)	(145, 34.14984998515581)	(150, 33.76707203654962)
NG-A0611_SHSY5Y_libLAB6081_1	(1, 36.22854932388625)	(2, 36.16008355491797)	(3, 36.31870698914367)	(4, 36.35936897011438)	(5, 36.38753329780361)	(6, 36.307965503032776)	(7, 36.28311663566514)	(8, 36.351681067935196)	(9, 36.345960831065206)	(10, 36.38235344051634)	(15, 36.35733482587978)	(20, 36.320683525098346)	(25, 36.23990282796234)	(30, 36.19096076699629)	(35, 36.14579884561108)	(40, 36.117968734199344)	(45, 36.06942635012228)	(50, 36.04560089387594)	(55, 36.00387858224796)	(60, 35.96286979185127)	(65, 35.92329617911372)	(70, 35.88731916053484)	(75, 35.8505365255475)	(80, 35.80445881750505)	(85, 35.76575969313903)	(90, 35.729545616742804)	(95, 35.64692509229248)	(100, 35.62484917286181)	(105, 35.56948621849333)	(110, 35.50462548437444)	(115, 35.46456874958154)	(120, 35.376848769383216)	(125, 35.32062094970952)	(130, 35.257608234674514)	(135, 35.14235749906294)	(140, 35.05707604120404)	(145, 34.984971270960685)	(150, 34.70289617240417)
NG-A0611_SHSY5Y_libLAB6081_2	(1, 36.024909089319905)	(2, 36.04950329335443)	(3, 36.15321369823405)	(4, 36.14235759523703)	(5, 36.156245020692566)	(6, 36.10246594044103)	(7, 36.10580832950782)	(8, 36.146487650101236)	(9, 36.18593704551555)	(10, 36.15688944932611)	(15, 36.123219550993156)	(20, 36.06480170019951)	(25, 36.01438729311715)	(30, 35.97488269943246)	(35, 35.91622128492715)	(40, 35.88406980575691)	(45, 35.831650932632684)	(50, 35.75822542624003)	(55, 35.71658540568932)	(60, 35.678366546442454)	(65, 35.61498216380784)	(70, 35.56561422699919)	(75, 35.498135260767704)	(80, 35.44974732096465)	(85, 35.372949571936196)	(90, 35.294280444834584)	(95, 35.20356899219482)	(100, 35.194873174237436)	(105, 35.0857478173361)	(110, 34.959751946655516)	(115, 34.94379600887144)	(120, 34.835681158791424)	(125, 34.71154425972639)	(130, 34.68408380757296)	(135, 34.535904975699495)	(140, 34.333670710155424)	(145, 34.202561630831966)	(150, 33.82125011494925)
NG-A0611_SIMA_libLAB6086_1	(1, 36.251547891359856)	(2, 36.18503157535416)	(3, 36.34111217177084)	(4, 36.38235382407858)	(5, 36.40472448148463)	(6, 36.32686488138479)	(7, 36.307661193833994)	(8, 36.37104784890487)	(9, 36.36251008127055)	(10, 36.40120454922962)	(15, 36.376088955902006)	(20, 36.34079356216709)	(25, 36.26383855901228)	(30, 36.21961178138516)	(35, 36.181053581041695)	(40, 36.15764231066009)	(45, 36.109355076000135)	(50, 36.08374862878996)	(55, 36.040717634940364)	(60, 36.00735603259513)	(65, 35.971987130280745)	(70, 35.94433059077031)	(75, 35.91256281407035)	(80, 35.871348613123075)	(85, 35.83579272593268)	(90, 35.802552015925336)	(95, 35.72611818265247)	(100, 35.70634455202564)	(105, 35.65621959144302)	(110, 35.59457402504358)	(115, 35.55851778663471)	(120, 35.473997597934485)	(125, 35.422073392507286)	(130, 35.36006507476221)	(135, 35.249252617985526)	(140, 35.165594897168894)	(145, 35.09239377178319)	(150, 34.8108789667173)
NG-A0611_SIMA_libLAB6086_2	(1, 35.84026364398656)	(2, 35.885833131064665)	(3, 36.02529576253573)	(4, 36.024341912097896)	(5, 36.04837943486563)	(6, 35.99711025972441)	(7, 35.98577783953047)	(8, 36.05226096346213)	(9, 36.08269383556572)	(10, 36.05303260914003)	(15, 36.031008750299826)	(20, 35.968443366059404)	(25, 35.91782650522911)	(30, 35.8770720473849)	(35, 35.82006711031404)	(40, 35.78778136572377)	(45, 35.73310981144557)	(50, 35.65793613341784)	(55, 35.61596137940656)	(60, 35.57531186683832)	(65, 35.51346730237636)	(70, 35.462534199129)	(75, 35.39414571291915)	(80, 35.34605062062889)	(85, 35.27273611614996)	(90, 35.18879337233473)	(95, 35.097542917408916)	(100, 35.08757119499758)	(105, 34.97595789152281)	(110, 34.84969863254945)	(115, 34.83570015406726)	(120, 34.72384729587518)	(125, 34.59449331770075)	(130, 34.56565531760755)	(135, 34.40744593422823)	(140, 34.19322270452221)	(145, 34.0475912589059)	(150, 33.64877888332257)
NG-A0611_SKNBE2_libLAB6076_1	(1, 36.23198735240824)	(2, 36.17557783841052)	(3, 36.3311880371737)	(4, 36.37354500216037)	(5, 36.39538944346932)	(6, 36.31905586028137)	(7, 36.30038085308084)	(8, 36.36633529476385)	(9, 36.36401508348429)	(10, 36.39662609294508)	(15, 36.36821650413451)	(20, 36.33497453788084)	(25, 36.258060099703734)	(30, 36.21611018917938)	(35, 36.176757056788595)	(40, 36.15334818275308)	(45, 36.108687007652776)	(50, 36.083665773387864)	(55, 36.04062761048045)	(60, 36.0129486078859)	(65, 35.97626329205033)	(70, 35.9549492830591)	(75, 35.913798687769294)	(80, 35.86893067543413)	(85, 35.832390104710115)	(90, 35.800748803902295)	(95, 35.72040834299948)	(100, 35.70414295517639)	(105, 35.652148707489985)	(110, 35.59362434176734)	(115, 35.55417182060421)	(120, 35.47023688987322)	(125, 35.416220018818045)	(130, 35.356268011338784)	(135, 35.242859735130466)	(140, 35.16138815223011)	(145, 35.089794882784915)	(150, 34.80395962572302)
NG-A0611_SKNBE2_libLAB6076_2	(1, 35.884478294861715)	(2, 35.92566436714291)	(3, 36.04988431030373)	(4, 36.04634746156068)	(5, 36.07387658093842)	(6, 36.02637382675356)	(7, 36.01674384801611)	(8, 36.069292563544685)	(9, 36.10543332888341)	(10, 36.075569673171756)	(15, 36.04403533108101)	(20, 35.98629423720753)	(25, 35.94235806691392)	(30, 35.902729583588865)	(35, 35.84539843620901)	(40, 35.81260962381892)	(45, 35.76066209615949)	(50, 35.683678798083605)	(55, 35.643076629034795)	(60, 35.60096348128628)	(65, 35.538677448328265)	(70, 35.48945418883081)	(75, 35.422418410308225)	(80, 35.37150959896856)	(85, 35.29291679047516)	(90, 35.20590502130097)	(95, 35.11221031240102)	(100, 35.1047529880172)	(105, 34.993405885743904)	(110, 34.8666878777109)	(115, 34.852662661562164)	(120, 34.74329649940931)	(125, 34.61955441692554)	(130, 34.5937274669597)	(135, 34.44106480117559)	(140, 34.23510383490107)	(145, 34.10275182056537)	(150, 33.71299715601441)
NG-A2798_CCLF_PEDS_0051_T_libLAI2540_1	(1, 38.70523937141371)	(2, 39.26166107132468)	(3, 39.31893901534397)	(4, 39.34068959706695)	(5, 39.263974873113376)	(6, 39.18429410124238)	(7, 39.14320676017829)	(8, 39.13835424414271)	(9, 39.12183525709844)	(10, 39.1475239131626)	(15, 39.45365632983686)	(20, 39.51934109693852)	(25, 39.348672382814804)	(30, 39.309149349547816)	(35, 39.35592770940473)	(40, 39.35940857273255)	(45, 39.34702943051793)	(50, 39.35595554125945)	(55, 39.320014705698995)	(60, 39.31610227801428)	(65, 39.29468916412782)	(70, 39.277215320005496)	(75, 39.26210223908097)	(80, 39.23832704602147)	(85, 39.218045943971255)	(90, 39.187253291975665)	(95, 39.156329874369)	(100, 39.127589359588725)	(105, 39.078339738629865)	(110, 39.048066183572196)	(115, 38.996681067778454)	(120, 38.94536032788214)	(125, 38.901516361642486)	(130, 38.83708037937653)	(135, 38.79197214284444)	(140, 38.718273440786376)	(145, 38.665054365795875)	(150, 38.228874784243175)
NG-A2798_CCLF_PEDS_0051_T_libLAI2540_2	(1, 37.521453762728896)	(2, 38.71465023226971)	(3, 38.98465400877599)	(4, 39.06276437998329)	(5, 39.120711765819244)	(6, 39.10505946524743)	(7, 39.115141314937)	(8, 39.17404315070461)	(9, 39.223931708961615)	(10, 39.28712081648696)	(15, 39.35443312867688)	(20, 39.383184854418865)	(25, 39.12216615211496)	(30, 39.0729916373621)	(35, 39.09492972547034)	(40, 39.1018078639454)	(45, 39.12050288544864)	(50, 39.11691348566942)	(55, 39.11875562481632)	(60, 39.10509974504513)	(65, 39.088079390888105)	(70, 39.080486531092404)	(75, 39.063942978043244)	(80, 39.03030277868052)	(85, 39.009688329714045)	(90, 38.97791343352311)	(95, 38.947120783889375)	(100, 38.91457396016415)	(105, 38.859748022199064)	(110, 38.81885244279485)	(115, 38.75275134898298)	(120, 38.692407190477205)	(125, 38.63664445294725)	(130, 38.597439919188055)	(135, 38.51981156166543)	(140, 38.465294118282436)	(145, 38.40906081322686)	(150, 37.972986405830426)
