Gene	WGCNA_kTotal	Spearman_meanAbs	Variance	Variance_scaled	MX_Score	Rank_kTotal	Rank_MX	Pctl_kTotal	Pctl_MX	Rank_Sum	Rank_Prod	Rank_Combo
ENSG00000164692	4.380421836766529	0.17413385732867817	34.7512327581615	0.9337048694648861	0.16258963052649056	22	2	0.995872641509434	0.9998034591194969	24	44	1
ENSG00000168542	4.077361600878037	0.18106254677152533	37.2186478775437	1	0.18106254677152533	32	1	0.9939072327044025	1	33	32	2
ENSG00000163359	4.32929883284385	0.18604654659380623	24.10368472752916	0.647623868734694	0.1204881842698103	25	8	0.9952830188679245	0.998624213836478	33	200	3
ENSG00000139329	3.0012776243143717	0.1790703951522674	26.600503192831642	0.7147090157695213	0.12798322587273628	62	5	0.9880110062893082	0.9992138364779874	67	310	4
ENSG00000133110	2.5785134945111103	0.17182154104974826	31.29494660196741	0.8408405029901577	0.14447451100081435	82	3	0.9840801886792453	0.9996069182389937	85	246	5
ENSG00000113140	2.718448015468419	0.1756429147262252	21.37551657157	0.5743227599750382	0.10087572355562595	71	16	0.9862421383647799	0.9970518867924528	87	1136	6
ENSG00000038427	3.006576156517402	0.18108475137536742	16.42406848732175	0.4412860064492402	0.07991016676328945	61	34	0.9882075471698113	0.9935141509433962	95	2074	7
ENSG00000140937	2.605499789632616	0.17783383828770935	17.664686084408544	0.47461923234096676	0.08440335981236023	81	28	0.9842767295597484	0.9946933962264151	109	2268	8
ENSG00000116132	2.648287256433481	0.184512081098774	16.089664089835377	0.4323011449199706	0.07976478391056648	78	35	0.9848663522012578	0.9933176100628931	113	2730	9
ENSG00000211592	2.338163951409971	0.156262336685499	28.47279135721618	0.7650141254700327	0.11954289484336081	109	9	0.9787735849056604	0.9984276729559748	118	981	10
ENSG00000148848	3.566733561137092	0.1790386775729593	12.997570030670266	0.3492219833841008	0.06252424208449538	42	94	0.991941823899371	0.9817216981132075	136	3948	11
ENSG00000108821	3.35649202729215	0.17283717772554386	13.715857231328064	0.36852110470148713	0.06369414766890469	46	90	0.9911556603773585	0.9825078616352201	136	4140	12
ENSG00000129514	2.6581690149992125	0.2240152545623888	11.746556539053735	0.31560943798125335	0.07070132859166293	74	64	0.9856525157232704	0.9876179245283019	138	4736	13
ENSG00000087245	2.123272069119181	0.1971955592474396	23.008031560760376	0.618185583647775	0.12190345188612783	132	7	0.9742531446540881	0.9988207547169812	139	924	14
ENSG00000113721	2.1883947648465734	0.19283082647523858	16.234669231916204	0.4361971795786697	0.08411226264432294	122	29	0.9762185534591195	0.9944968553459119	151	3538	15
ENSG00000101825	1.982782630735119	0.17536696771465404	21.380550024719806	0.5744580000613081	0.10074095755017615	153	17	0.970125786163522	0.9968553459119497	170	2601	16
ENSG00000078098	3.622559899215201	0.18023050870825713	11.578955087785983	0.3111062799992871	0.05607084310660499	41	135	0.9921383647798742	0.9736635220125787	176	5535	17
ENSG00000235687	2.0097072086111325	0.17906899609394455	16.724730326034166	0.44936426441555993	0.08046720770938817	151	33	0.97051886792452835	0.9937106918238994	184	4983	18
ENSG00000011465	1.8437898656372362	0.20230145030772742	26.42871242464024	0.7100932981658988	0.14365290407275885	181	4	0.964622641509434	0.9994103773584906	185	724	19
ENSG00000186340	2.1459382609825397	0.16656150024953184	15.982227468048652	0.42941451072143094	0.07152392513468021	130	60	0.9746462264150944	0.9884040880503144	190	7800	20
ENSG00000148513	2.1018125907674787	0.17260368486703523	15.448225430771888	0.41506680956276093	0.07164206079653651	135	57	0.9736635220125787	0.9889937106918238	192	7695	21
ENSG00000142173	2.0282742372135725	0.177708968134662	15.21055630015071	0.40868105553421175	0.07262628867516926	146	53	0.971501572327044	0.9897798742138365	199	7738	22
ENSG00000087116	2.462748339061254	0.17412001919793815	12.947606492807004	0.3478795504717701	0.060572794006714704	96	103	0.9813286163522013	0.9799528301886793	199	9888	23
ENSG00000130635	3.4157311620938358	0.16813207701720437	11.15435209386333	0.29969793987581794	0.05038883710909851	43	187	0.9917452830188679	0.9634433962264151	230	8041	24
ENSG00000211896	1.964038578870987	0.14523041321889618	17.103157503857876	0.4595319410885225	0.06673801369156758	158	75	0.9691430817610063	0.9854559748427673	233	11850	25
ENSG00000143341	2.256074855872017	0.19283126977156304	11.225548974546134	0.3016108755879656	0.05816000811654033	118	117	0.9770047169811321	0.9772012578616353	235	13806	26
ENSG00000091831	1.6483435525569956	0.2187338304937102	16.267854668226008	0.4370888142350116	0.09560611060357782	243	21	0.952437106918239	0.9960691823899371	264	5103	27
ENSG00000091986	1.8570839211086345	0.21205871980321217	11.108866331892427	0.29847581697332665	0.06329439963958151	178	92	0.9652122641509434	0.9821147798742138	270	16376	28
ENSG00000144810	1.7411237313475316	0.1578390390900562	15.853581673328815	0.42595802312566694	0.0672328050628552	207	73	0.9595125786163522	0.9858490566037735	280	15111	29
ENSG00000196628	1.8074996948052944	0.19861364006652055	11.401878606856986	0.3063485445352903	0.06084499955923459	189	102	0.9630503144654088	0.9801493710691824	291	19278	30
ENSG00000104415	1.8418037352394525	0.1780329285002573	11.988593642190605	0.3221125517948775	0.05734664090273285	182	124	0.9644261006289309	0.9758254716981132	306	22568	31
ENSG00000173068	2.302671856127539	0.1936400754146664	9.561031169349977	0.2568881921989094	0.049743848910534134	113	194	0.9779874213836478	0.9620676100628931	307	21922	32
ENSG00000122870	2.1424373394742844	0.2167115476655899	8.847032331374319	0.2377042916895505	0.05151326493879531	131	176	0.9744496855345912	0.9656053459119497	307	23056	33
ENSG00000115648	1.9353639435282757	0.21232202466567732	9.48014551587518	0.25471493610048995	0.05408159094544465	162	150	0.9683569182389937	0.9707154088050315	312	24300	34
ENSG00000148516	2.473520595030963	0.20983990052133963	8.62862194828585	0.23183598653759876	0.04864844035231636	95	218	0.9815251572327044	0.9573506289308176	313	20710	35
ENSG00000166147	4.479711878432033	0.18700551727768344	8.724994270612031	0.23442534235308307	0.04383883240973633	19	304	0.9964622641509434	0.9404481132075472	323	5776	36
ENSG00000094755	1.5010952786892593	0.19796781666956925	19.483747234343735	0.5234942252187371	0.10363500880568115	312	13	0.938875786163522	0.9976415094339622	325	4056	37
ENSG00000104332	1.476846318376134	0.22071455337744575	20.888403358721753	0.5612348795541552	0.12387270578063993	328	6	0.93573113207547165	0.9990172955974843	334	1968	38
ENSG00000116962	1.5402910728392005	0.17290471301040758	15.956430155927405	0.4287213820455552	0.07412794752401203	288	49	0.9435927672955975	0.9905660377358491	337	14112	39
ENSG00000151388	2.532983141451624	0.15773772948931447	11.02652824241134	0.29626353645867726	0.046731937571466486	90	251	0.9825078616352201	0.9508647798742138	341	22590	40
ENSG00000112769	1.6619383642834176	0.17536643768499044	12.615325091989773	0.3389517301514162	0.05944075746381803	235	110	0.9540094339622641	0.9785770440251572	345	25850	41
ENSG00000110484	1.4257944204302273	0.12785872395138292	32.25093180031112	0.866526153943655	0.11079292831373533	349	11	0.9316037735849056	0.9980345911949685	360	3839	42
ENSG00000115414	1.769189055364532	0.15316183136944925	12.752726488683056	0.3426434654649977	0.052479900677393686	197	166	0.9614779874213837	0.9675707547169812	363	32702	43
ENSG00000113657	1.5409674130250945	0.19306526451206982	12.777819276729572	0.343317664810688	0.0662827157683416	287	78	0.9437893081761006	0.9848663522012578	365	22386	44
ENSG00000234918	2.0560783159465226	0.17508416075198352	10.203139500970128	0.2741405204869441	0.04799766295756855	142	230	0.9722877358490566	0.9549921383647799	372	32660	45
ENSG00000124664	1.6033843215966113	0.17263393085955472	12.601850023752554	0.33858967862602085	0.05845206716968334	262	115	0.9487028301886793	0.9775943396226415	377	30130	46
ENSG00000223865	1.5103337287537624	0.16255388476006327	15.352165155826818	0.4124858379148621	0.06705117536157063	305	74	0.940251572327044	0.9856525157232704	379	22570	47
ENSG00000122641	1.643122457777991	0.15432158778913063	13.525290008871139	0.3634008965981748	0.056080603367024015	245	134	0.9520440251572327	0.9738600628930818	379	32830	48
ENSG00000186081	1.4139085460990826	0.19012853673785807	18.970812052071576	0.5097125536233634	0.0969109019773271	362	20	0.9290487421383647	0.9962657232704403	382	7240	49
ENSG00000204434	2.63904002257457	0.16967501295792847	9.46020500308528	0.25417916938334567	0.04312785385875467	79	313	0.9846698113207547	0.9386792452830188	392	24727	50
ENSG00000286208	2.3982385643531976	0.175360245972765	9.43436645051057	0.25348493264858507	0.04445118013964565	105	290	0.9795597484276729	0.9431996855345912	395	30450	51
ENSG00000261175	1.8773960104040714	0.21197430120218064	8.486771770667206	0.2280247202582498	0.04833538073356523	172	224	0.9663915094339622	0.9561713836477987	396	38528	52
ENSG00000124935	1.4226741322123413	0.12619603048538125	21.081423389717255	0.5664209903347126	0.07148008056383923	352	61	0.9310141509433962	0.9882075471698113	413	21472	53
ENSG00000107485	1.4508767950911445	0.21624188620953036	11.345718451705688	0.3048396193498275	0.06591909427960195	340	79	0.933372641509434	0.9846698113207547	419	26860	54
ENSG00000174348	1.39609687638075	0.21510166184462706	13.117349940943699	0.35244026016480307	0.07581048566240185	378	43	0.9259040880503144	0.9917452830188679	421	16254	55
ENSG00000224559	2.5604452284787946	0.171253711669588	9.120085249291941	0.24504074622212832	0.04196413730082505	86	338	0.9832940251572327	0.9337657232704403	424	29068	56
ENSG00000137809	1.7466582749896886	0.14612441501675458	12.32595640665547	0.33117689947281714	0.04839303070252794	203	221	0.9602987421383647	0.9567610062893082	424	44863	57
ENSG00000211895	1.3547746259104094	0.1636032063975541	23.05547641948879	0.6194603440550988	0.1013456985235462	419	15	0.9178459119496856	0.997248427672956	434	6285	58
ENSG00000163064	1.6105427513375508	0.17506930549388425	10.792119537271306	0.28996538436268277	0.050764038457642074	260	183	0.9490959119496856	0.9642295597484277	443	47580	59
ENSG00000204287	1.6929294193283084	0.14554143993778554	12.451501847820083	0.334550085988826	0.048690901246123706	228	215	0.9553852201257862	0.9579402515723271	443	49020	60
ENSG00000170989	1.491378475128157	0.18207439663292477	11.68521350026279	0.31396125777350437	0.05716430657522497	319	125	0.9375	0.97562893081761	444	39875	61
ENSG00000162618	1.5306931613690415	0.18014014640606074	11.105266950583436	0.2983791078902661	0.05375005617986233	293	153	0.9426100628930818	0.970125786163522	446	44829	62
ENSG00000106624	2.5624607181363084	0.17059644251502343	8.869882017032154	0.23831822279561904	0.04065624099543537	85	367	0.9834905660377359	0.9280660377358491	452	31195	63
ENSG00000115956	1.798050972365528	0.1573015107496523	10.60961620915642	0.28506183900242793	0.04484065793215607	191	281	0.9626572327044025	0.9449685534591195	472	53671	64
ENSG00000172061	1.7367500422707696	0.1560500843662073	10.927902066137863	0.2936136235279879	0.04581843072261034	208	264	0.9593160377358491	0.9483097484276729	472	54912	65
ENSG00000196126	1.4663589729530728	0.1408942511022644	14.637919988680714	0.3932953189713448	0.05541304942849382	332	143	0.9349449685534591	0.9720911949685535	475	47476	66
ENSG00000211899	1.3647417936506174	0.15075550883235014	16.788760592427206	0.4510846457309616	0.06800349529363152	410	69	0.9196147798742138	0.9866352201257862	479	28290	67
ENSG00000074410	1.3485753375992906	0.19441617923559976	14.382168816350072	0.3864237320944622	0.07512702555976634	435	47	0.9147012578616353	0.9909591194968553	482	20445	68
ENSG00000100146	1.3735582981155048	0.19070385180250637	12.625518245766601	0.3392256023729533	0.06469162900254764	396	87	0.9223663522012578	0.9830974842767296	483	34452	69
ENSG00000178033	2.2885940435367704	0.17705518696765996	8.515881481590025	0.22880684729893638	0.040511439127994	114	370	0.9777908805031447	0.9274764150943396	484	42180	70
ENSG00000211677	6.6109798777475115	0.16510769872352615	7.994521042744478	0.21479880378910982	0.03546493618218615	4	489	0.9994103773584906	0.9040880503144654	493	1956	71
ENSG00000165617	3.112607427480163	0.1763426561385194	7.757172310466554	0.20842165830389914	0.03675362882210447	58	440	0.9887971698113207	0.9137185534591195	498	25520	72
ENSG00000136859	1.4549758968524258	0.18601197211394374	10.433171084866617	0.28032106698754067	0.05214307449543737	339	168	0.9335691823899371	0.9671776729559749	507	56952	73
ENSG00000128422	1.3381070895044795	0.19470505900014384	13.301117998741551	0.3573777866005426	0.06958326302539947	448	67	0.9121462264150944	0.9870283018867925	515	30016	74
ENSG00000174099	2.223270766078853	0.20944715783673828	6.91988853423877	0.1859253070398069	0.038941527129410465	120	395	0.9766116352201258	0.922562893081761	515	47400	75
ENSG00000169554	1.3539852693905552	0.20305792781945364	11.392128271273737	0.30608657006444634	0.062153304650650484	421	96	0.9174528301886793	0.9813286163522013	517	40416	76
ENSG00000183801	1.8611973939719113	0.1999961059663009	7.763590907036528	0.20859411477225587	0.04171801068193882	176	343	0.9656053459119497	0.9327830188679245	519	60368	77
ENSG00000211598	7.479816929947957	0.15877994496096154	8.1049954027537	0.2177670567028831	0.03457704127759437	1	522	1	0.8976022012578616	523	522	78
ENSG00000243466	6.5770760328279145	0.1611402979130036	8.009639593965858	0.2152050128290277	0.03467819987964129	5	521	0.9992138364779874	0.8977987421383647	526	2605	79
ENSG00000181092	2.021329640573854	0.13856677115126068	10.766012396788163	0.28926393114038834	0.04008236894864422	149	378	0.9709119496855346	0.9259040880503144	527	56322	80
ENSG00000028137	1.5834978276667604	0.19074855999424975	8.972546837294924	0.24107664702963627	0.045985023269145144	269	262	0.9473270440251572	0.9487028301886793	531	70478	81
ENSG00000163430	2.310758674764611	0.2038779130285206	6.831423869121724	0.18354841614876455	0.037421468024100527	112	421	0.9781839622641509	0.9174528301886793	533	47152	82
ENSG00000043462	1.7008663749731103	0.15339938440813	10.44206522342728	0.28056003694125653	0.04303773695631096	223	316	0.9563679245283019	0.9380896226415094	539	70468	83
ENSG00000165757	1.8296746051960473	0.1889882008743175	8.008845182041174	0.2151836683694628	0.04066717434268056	185	366	0.9638364779874213	0.9282625786163522	551	67710	84
ENSG00000121297	1.4717120131288086	0.1947976989129447	9.174475509398594	0.2465021174220066	0.04801804525097538	330	227	0.9353380503144654	0.9555817610062893	557	74910	85
ENSG00000154096	1.2946978334594006	0.15231198091878145	16.518060696777678	0.4438114127929951	0.0675977954368641	489	71	0.9040880503144654	0.9862421383647799	560	34719	86
ENSG00000153002	1.252459025934056	0.13827706453415808	24.89832916604636	0.6689745755398344	0.0925038405536327	539	22	0.8942610062893082	0.995872641509434	561	11858	87
ENSG00000000971	1.3081377575690083	0.2032512497488473	11.678535326368472	0.31378182691625534	0.0637765484692054	473	88	0.9072327044025157	0.9829009433962265	561	41624	88
ENSG00000239951	6.852037457730068	0.15303689149588193	8.085630454900032	0.21724675440932906	0.033246767982373	2	564	0.9998034591194969	0.8893474842767296	566	1128	89
ENSG00000211666	6.46045243494841	0.16098367946733572	7.731934396453878	0.2077435596772184	0.033443322622480655	7	559	0.9988207547169812	0.8903301886792453	566	3913	90
ENSG00000131016	1.6236506743972827	0.20539037035911806	7.769162657251378	0.2087438179595716	0.04287397008089273	253	319	0.9504716981132075	0.9375	572	80707	91
ENSG00000065371	2.1851096886153587	0.2035890418824077	6.624568922870429	0.1779905853825345	0.03623693274211908	124	463	0.9758254716981132	0.9091981132075472	587	57412	92
ENSG00000082074	1.5620085635898968	0.16065036221129492	10.035265639395172	0.2696300433162717	0.04331616412180619	276	311	0.9459512578616353	0.9390723270440251	587	85836	93
ENSG00000277734	1.7454581818919548	0.14761592095173162	9.984429285254931	0.26826415935650233	0.03960006094175218	204	385	0.9601022012578616	0.9245283018867925	589	78540	94
ENSG00000162745	1.5724936226962158	0.16605290577888826	9.586442153500052	0.2575709409176076	0.042770403183571094	272	323	0.9467374213836478	0.9367138364779874	595	87856	95
ENSG00000142156	2.018557116995601	0.17006830354733724	8.015869915341506	0.21537241067206994	0.036628020513899365	150	450	0.9707154088050315	0.9117531446540881	600	67500	96
ENSG00000211673	5.601788293926968	0.1545288658472104	7.846882043474574	0.2108320019924496	0.032579630152190044	11	590	0.9980345911949685	0.8842374213836478	601	6490	97
ENSG00000196616	1.5714697556543917	0.15810738557792015	10.021938737951501	0.2692719727735825	0.042573887624640025	273	328	0.9465408805031447	0.93573113207547165	601	89544	98
ENSG00000138755	1.2936595822166264	0.14701412851805395	15.070136036791073	0.40490820855111753	0.059527227409948986	493	109	0.9033018867924528	0.9787735849056604	602	53737	99
ENSG00000163220	1.3411531044226641	0.17060183834502723	11.513662740617702	0.30935198877992026	0.05277601798154464	444	160	0.9129323899371069	0.96875	604	71040	100
ENSG00000170323	1.520880309938187	0.14007696820281051	11.632237479893924	0.312537884722899	0.043779359340503185	299	306	0.9414308176100629	0.9400550314465409	605	91494	101
ENSG00000211679	4.407546529106751	0.1565143064359941	7.761678093641507	0.20854272082045744	0.03263991931148904	21	587	0.9960691823899371	0.8848270440251572	608	12327	102
ENSG00000170624	1.3427515561108734	0.1824759272996214	10.60331532811029	0.2848925453443977	0.0519860313924684	440	170	0.9137185534591195	0.9667845911949685	610	74800	103
ENSG00000167754	1.3476953180933673	0.18076506677561033	10.646907021218903	0.2860637779279144	0.051710337919222804	436	174	0.9145047169811321	0.965998427672956	610	75864	104
ENSG00000169744	1.3868007771561062	0.19723831915379683	9.058148540166354	0.24337661513038714	0.04800319448965808	384	228	0.9247248427672956	0.9553852201257862	612	87552	105
ENSG00000106541	1.220283938057135	0.17617960286323286	19.239714695498726	0.5169374975362077	0.09107384302104249	597	23	0.8828616352201257	0.9956761006289309	620	13731	106
ENSG00000113083	1.9265916606652072	0.18622764040881007	7.209455957442383	0.1937054774575057	0.03607331400117324	164	468	0.9679638364779874	0.9082154088050315	632	76752	107
ENSG00000152377	1.5287800152268887	0.16181725165935534	9.669135946462845	0.2597927785629426	0.04203895342800286	295	337	0.9422169811320755	0.9339622641509434	632	99415	108
ENSG00000007237	1.3103140851145163	0.21075847790176946	9.317570701814844	0.2503468350723377	0.05276271790737121	472	161	0.9074292452830188	0.9685534591194969	633	75992	109
ENSG00000148468	1.3152671567195373	0.2303044158952393	8.425080710400481	0.22636718932188427	0.05213336331462361	465	169	0.9088050314465409	0.96698113207547165	634	78585	110
ENSG00000198844	1.4855112025556716	0.18829913355860642	8.55180761351744	0.22977211965503105	0.043265891046966785	322	312	0.9369103773584906	0.938875786163522	634	100464	111
ENSG00000162989	1.2224828842899207	0.15467046595485098	17.827721389343093	0.478999705953844	0.07408710771211766	589	50	0.8844339622641509	0.9903694968553459	639	29450	112
ENSG00000166033	1.9678706500034648	0.19206798326900706	6.930151954620872	0.1862010672021822	0.035763263460059994	157	484	0.9693396226415094	0.9050707547169812	641	75988	113
ENSG00000137507	1.261928738922211	0.19845921616442647	10.912950252533705	0.2932118944363414	0.05819060273992287	527	116	0.8966194968553459	0.9773977987421384	643	61132	114
ENSG00000134853	1.2289866431355	0.218532190063386	11.995423657289038	0.32229606235982083	0.07043206435629727	579	65	0.8863993710691824	0.9874213836477987	644	37635	115
ENSG00000262655	1.6933849169322408	0.18391434534885484	7.650577365687232	0.20555763849506462	0.03780499851527637	227	417	0.9555817610062893	0.9182389937106918	644	94659	116
ENSG00000157227	1.3711590494998231	0.16969700747936922	10.309769310195653	0.27700547704249545	0.04700700050950659	401	245	0.9213836477987422	0.9520440251572327	646	98245	117
ENSG00000182866	2.5255695101344875	0.186806644820865	6.682329121412744	0.17954250093659646	0.0335397322027126	93	554	0.9819182389937107	0.891312893081761	647	51522	118
ENSG00000182326	1.3043141957886406	0.23120341256684843	8.328187194447397	0.22376382994483537	0.051734961092273886	478	173	0.90625	0.9661949685534591	651	82694	119
ENSG00000241351	6.287479067470332	0.15707458440019656	7.412104171935996	0.19915028069593507	0.03128144757349649	8	644	0.998624213836478	0.873624213836478	652	5152	120
ENSG00000211662	3.99233344089017	0.1566215351145469	7.541302819301759	0.20262162247575605	0.03173490955955309	34	619	0.9935141509433962	0.8785377358490566	653	21046	121
ENSG00000185811	1.402368577970513	0.1735462223437269	9.541072469042007	0.2563519368149514	0.044488910224732586	372	289	0.9270833333333334	0.9433962264150944	661	107508	122
ENSG00000154451	1.4966143037773203	0.17469925660452715	8.839743095145383	0.23750844265567594	0.041492548369245555	316	347	0.9380896226415094	0.9319968553459119	663	109652	123
ENSG00000196735	1.3355542323344276	0.1356840949244987	13.346546419578724	0.3585983688470186	0.04865609511840927	449	216	0.9119496855345912	0.9577437106918238	665	96984	124
ENSG00000211949	6.548990245687062	0.15380029569557216	7.5114225647574315	0.20181879227508248	0.03103978992883094	6	660	0.9990172955974843	0.8704795597484276	666	3960	125
ENSG00000177469	1.3499743931719976	0.21011735908855605	8.361327047889672	0.2246542398692182	0.047203755589367125	429	241	0.9158805031446541	0.9528301886792453	670	103389	126
ENSG00000143546	1.3445255402694523	0.16528850704577663	10.77017005667016	0.2893756401926806	0.047830467542864005	439	233	0.9139150943396226	0.9544025157232704	672	102287	127
ENSG00000026751	1.5915803093697325	0.1627958681435417	8.771585865167797	0.23567717704382898	0.038367270638469314	267	409	0.9477201257861635	0.9198113207547169	676	109203	128
ENSG00000145147	1.4176867146479741	0.20060887854006168	7.980139916286702	0.2144124080633679	0.04301303272666631	360	317	0.929441823899371	0.9378930817610063	677	114120	129
ENSG00000169035	1.4236349440631613	0.18223681273356987	8.655564360373328	0.2325598820476163	0.042380971674052546	351	334	0.9312106918238994	0.9345518867924528	685	117234	130
ENSG00000169245	1.3705888900284307	0.16625507671415812	10.00594476289845	0.26884224262579004	0.044696387671757036	405	286	0.9205974842767296	0.9439858490566038	691	115830	131
ENSG00000186847	1.1883504665398854	0.18151529786552442	16.073041167727194	0.43185451606437986	0.07838820111799781	658	39	0.870872641509434	0.9925314465408805	697	25662	132
ENSG00000211947	5.331808088018228	0.1556117502370449	7.305183462684766	0.19627750816526657	0.030543086577763005	14	684	0.9974449685534591	0.8657625786163522	698	9576	133
ENSG00000197471	1.584337597651783	0.16126784307812125	8.559348339804703	0.2299747257870989	0.03708752799016783	268	431	0.9475235849056604	0.9154874213836478	699	115508	134
ENSG00000165633	1.2410128844989012	0.19243984875946685	10.717609793796044	0.2879634378191003	0.05541564042216379	559	142	0.8903301886792453	0.9722877358490566	701	79378	135
ENSG00000185479	1.1993872603670714	0.1904374464664877	13.180756531614685	0.3541438844039105	0.0674422570276037	634	72	0.8755896226415094	0.9860455974842768	706	45648	136
ENSG00000186832	1.23167116954802	0.20206170724966624	10.341720856975332	0.2778639592443423	0.05614566598806349	573	133	0.8875786163522013	0.9740566037735849	706	76209	137
ENSG00000167601	1.2700876454798933	0.18608549456902032	10.028757564818147	0.2694551827302977	0.05014170094255319	515	191	0.8989779874213837	0.9626572327044025	706	98365	138
ENSG00000211966	6.278226144814436	0.1584906704000352	7.141331631726941	0.1918750959256568	0.030410412586328407	9	699	0.9984276729559748	0.862814465408805	708	6291	139
ENSG00000157554	1.3298725986319164	0.19684379581333025	8.761369606165482	0.23540268402527742	0.046337557868181604	452	256	0.9113600628930818	0.9498820754716981	708	115712	140
ENSG00000119866	1.361569228456427	0.2215083820240499	7.451678608900623	0.20021357663013542	0.04434898541858943	416	293	0.918435534591195	0.9426100628930818	709	121888	141
ENSG00000182492	1.200322170713228	0.16215337930186077	14.982198913319808	0.4025454917818089	0.06527411181514974	632	82	0.8759827044025157	0.9840801886792453	714	51824	142
ENSG00000119865	1.3510888526540017	0.21728679438265022	7.6021407491179644	0.20425623128842366	0.04438218172934276	425	291	0.9166666666666666	0.9430031446540881	716	123675	143
ENSG00000211660	5.394949541217706	0.15413655920814892	7.2635313436016	0.19515838854490292	0.030081042510918362	13	712	0.9976415094339622	0.8602594339622641	725	9256	144
ENSG00000211890	1.1762470621986372	0.16740930434264753	16.020381759248234	0.43043964982173133	0.07205960233814884	674	55	0.8677279874213837	0.9893867924528302	729	37070	145
ENSG00000187955	1.1950705482457284	0.2124987885646913	11.392807638292794	0.3061048234685273	0.06504690416087074	646	83	0.8732311320754718	0.9838836477987422	729	53618	146
ENSG00000127951	1.225802475274207	0.16708624046070572	12.04501080036312	0.32362838220220824	0.054073849688547344	584	151	0.8854166666666666	0.97051886792452835	735	88184	147
ENSG00000126010	1.6560541297048448	0.15714453319916036	8.332991479575487	0.22389291268701067	0.03518354725080066	238	497	0.9534198113207547	0.9025157232704403	735	118286	148
ENSG00000081237	1.9526612069951408	0.171659938040771	7.1382023563856265	0.19179101776807272	0.03292283422684378	161	576	0.9685534591194969	0.8869889937106918	737	92736	149
ENSG00000122707	1.8956434702176477	0.20822410283176068	5.902196574577645	0.15858170329016177	0.033020532893126404	170	573	0.9667845911949685	0.8875786163522013	743	97410	150
ENSG00000211945	5.2370780888689374	0.14916893429244973	7.397411593141789	0.1987555167904179	0.029648148624371738	15	733	0.997248427672956	0.8561320754716981	748	10995	151
ENSG00000130300	1.205282764337668	0.14224250584887244	14.803882312362216	0.3977544364607159	0.05657758775467834	625	128	0.8773584905660378	0.9750393081761006	753	80000	152
ENSG00000144642	1.394414627453337	0.21344815511299678	7.017916825095158	0.1885591558346078	0.0402476039425611	380	375	0.9255110062893082	0.9264937106918238	755	142500	153
ENSG00000134830	1.2204283864557972	0.20543917916197996	9.526678570379426	0.2559651979223957	0.05258528015521071	596	163	0.883058176100629	0.9681603773584906	759	97148	154
ENSG00000102243	1.2708906745373112	0.20736826235952632	8.413185088490996	0.22604757475800694	0.04687509278815302	513	246	0.89937106918239	0.9518474842767296	759	126198	155
ENSG00000211897	1.1680007970947708	0.13075813262436944	18.88437734127722	0.5073902040560513	0.06634539559426703	686	76	0.8653694968553459	0.9852594339622641	762	52136	156
ENSG00000224389	1.2681483888987244	0.16337150259486308	10.730129094697999	0.28829980954714224	0.04709997308352948	519	243	0.898191823899371	0.952437106918239	762	126117	157
ENSG00000211772	1.621702556343775	0.15551616612147975	8.372420348429724	0.2249522974605781	0.034983718861287795	255	507	0.9500786163522013	0.9005503144654088	762	129285	158
ENSG00000126785	1.2110264950877694	0.20106061370947118	9.93484885999043	0.26693202000991373	0.05366951576190209	611	154	0.8801100628930818	0.9699292452830188	765	94094	159
ENSG00000211651	4.655991676303584	0.15867066807470986	6.896350412896766	0.18529287887048035	0.029400544879865407	18	748	0.9966588050314465	0.8531839622641509	766	13464	160
ENSG00000134762	1.2039322579554845	0.1913236124461898	10.85665713795354	0.2916993968634747	0.055808982356294744	627	139	0.8769654088050315	0.972877358490566	766	87153	161
ENSG00000159403	1.2373765693952512	0.22860222916822298	8.07076604254272	0.21684737363638376	0.04957179300255188	568	198	0.8885613207547169	0.9612814465408805	766	112464	162
ENSG00000211659	3.6396582615432993	0.15193931033757874	7.292117150216084	0.19592643919275388	0.029768928047844583	40	729	0.9923349056603774	0.8569182389937107	769	29160	163
ENSG00000164035	1.2891370484886917	0.16803769196962146	10.014789759790805	0.26907989222879164	0.045215564045560624	496	275	0.9027122641509434	0.9461477987421384	771	136400	164
ENSG00000139865	1.5285603046459963	0.19730184081627053	6.784104813005773	0.18227703583770008	0.03596359470931154	296	475	0.9420204402515723	0.9068396226415094	771	140600	165
ENSG00000050165	1.1774991793516538	0.1741255975652563	12.890778565492285	0.3463526834157262	0.060308867968093365	672	105	0.86812106918239	0.9795597484276729	777	70560	166
ENSG00000211653	4.758962143844628	0.15327289375327852	7.098725719463534	0.1907303495500338	0.029233792602108	17	763	0.9968553459119497	0.8502358490566038	780	12971	167
ENSG00000127920	1.1840426836221773	0.18810115668579908	11.443409158961522	0.30746439786347085	0.0578344088778216	662	119	0.8700864779874213	0.976808176100629	781	78778	168
ENSG00000180447	1.2033265484493065	0.21351240047149464	9.291428121355736	0.24964442963984798	0.05330218143674109	629	156	0.8765723270440251	0.9695361635220126	785	98124	169
ENSG00000167755	1.4008789006070992	0.19007064932772558	7.421818380070755	0.1994112844853989	0.03790223232541558	374	415	0.926690251572327	0.9186320754716981	789	155210	170
ENSG00000248360	1.2989185833087882	0.2035642565315389	7.93610934579382	0.21322938361181473	0.04340588094561737	483	308	0.9052672955974843	0.9396619496855346	791	148764	171
ENSG00000165140	1.2096661095474353	0.19765468699157066	9.56236413381223	0.2569240066236203	0.0507822341098119	615	182	0.8793238993710691	0.9644261006289309	797	111930	172
ENSG00000211663	4.275996241695959	0.14775108685161656	7.337738536246352	0.19715220607661196	0.0291294527230133	26	772	0.9950864779874213	0.8484669811320755	798	20072	173
ENSG00000211938	5.416109534839694	0.16001891128871948	6.713877774123621	0.1803901580791847	0.028865836703031143	12	790	0.9978380503144654	0.8449292452830188	802	9480	174
ENSG00000198542	1.1978193972256548	0.1741889507432704	11.019966122818078	0.29608722377760266	0.05157512283830851	636	175	0.8751965408805031	0.9658018867924528	811	111300	175
ENSG00000169083	1.1340454523162768	0.18192389720638275	15.543053203451976	0.4176146660295538	0.07597408757463842	780	42	0.8468946540880503	0.991941823899371	822	32760	176
ENSG00000224373	6.18381065816487	0.1546032660411127	6.850046223878066	0.1840487662640512	0.028454540375259678	10	817	0.99823113207547165	0.839622641509434	827	8170	177
ENSG00000176532	1.3896320300375173	0.18228358424477786	7.482175312108564	0.20103296972867787	0.036645010273515334	382	448	0.9251179245283019	0.9121462264150944	830	171136	178
ENSG00000174607	1.2743895745755223	0.19143370670549492	8.288973250166075	0.2227102198187947	0.04263424290110745	508	326	0.9003537735849056	0.936124213836478	834	165608	179
ENSG00000101335	1.1443397255401506	0.17305925932155716	13.442682762652296	0.36118138431254226	0.06250578284986325	743	95	0.8541666666666666	0.9815251572327044	838	70585	180
ENSG00000132465	1.1329526910886787	0.16199576213106165	16.43600238126357	0.4416066493157163	0.07153840571804394	782	59	0.846501572327044	0.9886006289308176	841	46138	181
ENSG00000120262	1.1443068458133328	0.2037739318592702	11.27090879658116	0.3028296147045576	0.06170878127177557	744	98	0.8539701257861635	0.980935534591195	842	72912	182
ENSG00000204385	1.1282337100504671	0.1819916061171712	15.066887933224043	0.404820937686853	0.07367401263948965	792	51	0.8445361635220126	0.9901729559748428	843	40392	183
ENSG00000106823	1.9556012103510187	0.19967289143500044	5.691205756164766	0.1529127488695961	0.03053253070406635	160	685	0.96875	0.8655660377358491	845	109600	184
ENSG00000211893	1.1409988134879954	0.12656631945785732	18.657604781234973	0.5012972218287449	0.0634473443213133	756	91	0.8516116352201257	0.9823113207547169	847	68796	185
ENSG00000244437	6.8481434624391095	0.16089651595928844	6.479346137042483	0.17408870301685167	0.028010265783282702	3	845	0.9996069182389937	0.8341194968553459	848	2535	186
ENSG00000211640	3.193028460193815	0.15536696640471764	6.88646442604957	0.18502725968732994	0.028747124039798358	51	801	0.9901729559748428	0.8427672955974843	852	40851	187
ENSG00000280916	2.0760951392624043	0.20804362233546334	5.381254194837693	0.1445848922976198	0.03007996472857966	139	713	0.972877358490566	0.860062893081761	852	99107	188
ENSG00000111799	1.5770889781086734	0.15458923408208664	7.83920582572159	0.21062575544157436	0.03256047421167387	270	591	0.9471305031446541	0.8840408805031447	861	159570	189
ENSG00000110777	1.868173295350084	0.17615247393473385	6.443560352212533	0.17312720154190042	0.030496784857003027	173	689	0.9661949685534591	0.8647798742138365	862	119197	190
ENSG00000167613	1.2217814882082336	0.14698432876972897	11.522868996507784	0.30959934478061035	0.04550625188012591	592	270	0.8838443396226415	0.9471305031446541	862	159840	191
ENSG00000179776	1.419889572412589	0.17055717877495422	7.628883690502339	0.20497476736937864	0.034959918042573764	354	508	0.93062106918239	0.9003537735849056	862	179832	192
ENSG00000154133	1.2265812060113122	0.16141412167128308	10.328524753315195	0.27750940300942606	0.04479393654228863	583	282	0.8856132075471698	0.9447720125786163	865	164406	193
ENSG00000137699	1.1641998878090245	0.21082254435302977	9.044219067126809	0.24300235454237826	0.051230374668401205	691	177	0.8643867924528301	0.9654088050314465	868	122307	194
ENSG00000231389	1.3112650604830285	0.13225982540792527	10.880306985375542	0.2923348269172427	0.03866415316873058	470	403	0.9078223270440251	0.9209905660377359	873	189410	195
ENSG00000122862	1.1376624800185147	0.17251231460886687	12.845612279564683	0.3451391442759862	0.059540752641174026	767	108	0.8494496855345912	0.9789701257861635	875	82836	196
ENSG00000137959	1.8096391271144379	0.10060064855233813	11.284787285786587	0.3032025054460775	0.030502368690569232	188	688	0.9632468553459119	0.8649764150943396	876	129344	197
ENSG00000102359	1.9826040697387728	0.1654002708319505	6.7280885846463745	0.18077197771351183	0.029899734072642178	154	723	0.9699292452830188	0.8580974842767295	877	111342	198
ENSG00000234456	1.161573226009038	0.21342559544489326	8.912522804421352	0.2394639062049007	0.05110772676934101	701	179	0.8624213836477987	0.9650157232704403	880	125479	199
ENSG00000180777	1.3033393945223561	0.16290851502999773	8.772000111517242	0.2356883071190216	0.038395632122693854	479	407	0.9060534591194969	0.9202044025157232	886	194953	200
ENSG00000173432	1.180252450787831	0.16646920698053258	10.8091613820688	0.2904232689385428	0.04834653126889316	668	223	0.8689072327044025	0.9563679245283019	891	148964	201
ENSG00000144218	1.1055109709191178	0.19822487256191812	16.431990838504625	0.44149886617506745	0.08751605648378409	869	25	0.8294025157232705	0.9952830188679245	894	21725	202
ENSG00000183853	1.161849849505866	0.20552785498809653	9.003311527004733	0.24190324045696954	0.04971785412579068	700	195	0.8626179245283019	0.96187106918239	895	136500	203
ENSG00000120279	1.342150355421733	0.16142735477553088	8.421802808089033	0.22627911781745366	0.03652763943021224	442	453	0.9133254716981132	0.9111635220125787	895	200226	204
ENSG00000122786	1.4037178374040968	0.21455016849829495	5.989812393483821	0.16093578716753554	0.034528800254200485	370	527	0.9274764150943396	0.8966194968553459	897	194990	205
ENSG00000256612	1.1041520076283784	0.17504256419952854	18.890230182664414	0.507547459671743	0.0888424087938987	877	24	0.8278301886792453	0.9954795597484277	901	21048	206
ENSG00000125810	1.1164892205092785	0.16397042525863328	15.396813466775843	0.413685459972491	0.06783218079500267	831	70	0.83687106918239	0.9864386792452831	901	58170	207
ENSG00000129009	1.115280483971841	0.16511077460264847	15.698441919734584	0.42178968917370097	0.0696420222988801	837	66	0.8356918238993711	0.9872248427672956	903	55242	208
ENSG00000272405	1.9027535623682006	0.13174893572323554	8.366520318901904	0.2247937739820457	0.029616340479344076	168	735	0.9671776729559749	0.8557389937106918	903	123480	209
ENSG00000143556	1.244282615800433	0.12345384452659311	12.4439921385041	0.3343483132285503	0.0412765846790461	553	354	0.8915094339622641	0.93062106918239	907	195762	210
ENSG00000184347	1.135575217231102	0.19365348442717187	10.477927448427959	0.28152359222995677	0.054518024583785414	774	147	0.8480738993710693	0.9713050314465409	921	113778	211
ENSG00000168497	1.2335306385287053	0.18023239386549803	8.540820539968859	0.22947691619721794	0.041359173943096864	572	350	0.8877751572327044	0.9314072327044025	922	200200	212
ENSG00000271503	1.772134355491347	0.17609387999388243	6.301046677836157	0.16929810826464672	0.029812360759946015	196	727	0.9616745283018868	0.8573113207547169	923	142492	213
ENSG00000120156	1.4868067342351274	0.19069809699488913	6.277471859645276	0.16866469411514706	0.03216403619798362	320	605	0.9373034591194969	0.8812893081761006	925	193600	214
ENSG00000152977	1.3642881233739024	0.1602085520370917	8.07276143049843	0.21690098622226475	0.03474939293808621	412	517	0.9192216981132075	0.8985849056603774	929	213004	215
ENSG00000236313	2.450785634727488	0.1783075747649057	5.87802235511585	0.15793218427643155	0.02816050475565468	100	831	0.9805424528301887	0.83687106918239	931	83100	216
ENSG00000261371	1.197838515936508	0.1850074910441475	8.899649551385588	0.23911802440182933	0.04423862575801568	635	296	0.8753930817610063	0.9420204402515723	931	187960	217
ENSG00000168350	1.1558612662476004	0.19755533030738945	9.15865287663611	0.24607699094200808	0.04861382122659689	714	219	0.8598663522012578	0.9571540880503144	933	156366	218
ENSG00000165124	1.3628923175428196	0.20227652933818707	6.381085565888796	0.17144861325655242	0.03468003044938051	415	519	0.9186320754716981	0.898191823899371	934	215385	219
ENSG00000183722	1.3501084971022892	0.21272796671302688	6.122160200116224	0.1644917413512515	0.03499199367873686	428	506	0.9160770440251572	0.9007468553459119	934	216568	220
ENSG00000123384	1.7947219898983064	0.20436685945525462	5.359115367214676	0.1439900607041708	0.029426796498882857	192	743	0.9624606918238994	0.8541666666666666	935	142656	221
ENSG00000211668	4.963726723489418	0.16148303508172998	6.132568920355699	0.1647714054667702	0.026607786649456407	16	928	0.9970518867924528	0.8178066037735849	944	14848	222
ENSG00000162733	1.3409331488402674	0.20619030441762126	6.328455334129082	0.17003453094134105	0.03505947169630255	445	501	0.9127358490566038	0.9017295597484276	946	222945	223
ENSG00000211751	1.8346439125446026	0.15657904455945001	6.917217599479767	0.18585354369236368	0.029100770299338302	184	774	0.9640330188679245	0.8480738993710693	958	142416	224
ENSG00000087303	1.7201815125345947	0.1597275279627002	6.857224423688581	0.1842416319434851	0.029428460418146538	217	742	0.9575471698113207	0.8543632075471699	959	161014	225
ENSG00000151702	1.1322671834738185	0.20889822023350504	9.080666153145382	0.24398162402413082	0.0509673270283211	785	180	0.8459119496855346	0.9648191823899371	965	141300	226
ENSG00000169248	1.335245233753012	0.15933081663206874	8.100792438787511	0.21765413040905277	0.03467901034141716	451	520	0.9115566037735849	0.8979952830188679	971	234520	227
ENSG00000115935	1.1570641629226457	0.2086140813836774	8.192161846104053	0.22010906664470442	0.04591785074230364	709	263	0.8608490566037736	0.9485062893081762	972	186467	228
ENSG00000011028	1.4672051055255853	0.18209259457977325	6.403308535916741	0.1720457056093177	0.03132824892070851	331	642	0.9351415094339622	0.8740172955974843	973	212502	229
ENSG00000168685	1.1190887470020385	0.18630719296939485	10.538552711679493	0.2831524870638315	0.052753345047165334	821	162	0.8388364779874213	0.9683569182389937	983	133002	230
ENSG00000086991	1.338615742510802	0.1516236274036373	8.38678892415261	0.22533835597001564	0.03416661892534584	447	536	0.9123427672955975	0.8948506289308176	983	239592	231
ENSG00000160791	1.8900647590869002	0.14642062232489955	7.240427937465896	0.19453764041316748	0.028484322374913513	171	815	0.9665880503144654	0.8400157232704403	986	139365	232
ENSG00000141338	1.2691088417603418	0.19624233772719207	6.828064930226389	0.18345816733299922	0.03600225963257415	517	473	0.8985849056603774	0.9072327044025157	990	244541	233
ENSG00000163879	1.1032385487724652	0.19597265702876587	11.196573591364846	0.300832357698852	0.058954916458472145	880	112	0.8272405660377359	0.9781839622641509	992	98560	234
ENSG00000112936	1.1279225933239507	0.1802742831480971	10.224640803250844	0.27471822288901576	0.049524630699036475	793	199	0.8443396226415094	0.9610849056603774	992	157807	235
ENSG00000137573	1.1361259321324313	0.1392602271962112	12.861382518962808	0.3455628630378824	0.04812316281722872	772	226	0.8484669811320755	0.9557783018867925	998	174472	236
ENSG00000092068	1.1385887752193797	0.18890420140483175	9.415612313572396	0.25298104177646424	0.04778918166734535	764	235	0.8500393081761006	0.9540094339622641	999	179540	237
ENSG00000137033	1.1890987874862382	0.17841119276512335	8.688147541986027	0.23343533517315443	0.04164747658176883	656	345	0.8712657232704403	0.9323899371069182	1001	226320	238
ENSG00000151617	1.2626008033924667	0.17196691506905817	7.77794085944244	0.20897967290572503	0.03593758966173837	526	477	0.8968160377358491	0.9064465408805031	1003	250902	239
ENSG00000206075	1.110478238493564	0.18873739026711261	10.49846485134976	0.28207539634141654	0.053238174164040405	849	157	0.8333333333333334	0.9693396226415094	1006	133293	240
ENSG00000106565	1.1407372967951428	0.12632061879341572	13.801081176373406	0.37081092310987596	0.04684106526259723	758	248	0.8512185534591195	0.9514544025157232	1006	187984	241
ENSG00000163219	1.432510277061524	0.1733155215680796	6.653710016478844	0.17877355562111746	0.030984232035054064	345	662	0.9323899371069182	0.8700864779874213	1007	228390	242
ENSG00000123500	1.6232163337544903	0.15397617171613398	7.086965623519936	0.19041437633192307	0.029319276707304744	254	754	0.9502751572327044	0.8520047169811321	1008	191516	243
ENSG00000183160	1.0884778884685056	0.20424332297446232	13.181697824349559	0.354169175294057	0.07233668925718305	957	54	0.8121069182389937	0.9895833333333334	1011	51678	244
ENSG00000147168	1.7443315491357936	0.17516719610406992	6.0873212879895116	0.16355568069044138	0.028649589993437186	205	806	0.9599056603773585	0.8417845911949685	1011	165230	245
ENSG00000164694	1.0888631240925983	0.17226659516902057	15.409258087661348	0.4140198251790522	0.07132178561606846	955	62	0.8125	0.9880110062893082	1017	59210	246
ENSG00000107742	1.4183243813975952	0.19100433466625705	6.036573024011186	0.16219216355931676	0.03097940628872804	359	663	0.9296383647798743	0.8698899371069182	1022	238017	247
ENSG00000196569	1.385743367997475	0.20584498702103182	5.674052191199989	0.15245186256815882	0.031381451671674776	385	641	0.9245283018867925	0.8742138364779874	1026	246785	248
ENSG00000211941	4.429321799304049	0.14952987230408452	6.347028955639469	0.17053357167950803	0.02549986319679628	20	1007	0.9962657232704403	0.8022798742138365	1027	20140	249
ENSG00000138696	1.1231749897389645	0.13128279995698444	13.669233019899357	0.36726839365238856	0.04821602305438954	803	225	0.842374213836478	0.9559748427672956	1028	180675	250
ENSG00000069122	1.2415573220359433	0.15384525644620192	8.704320915604344	0.23386988544675733	0.03597977250160025	557	474	0.8907232704402516	0.9070361635220126	1031	264018	251
ENSG00000182175	1.2988952980630981	0.22932465894617046	5.489316398495453	0.14748833478734447	0.03382271207364638	484	547	0.9050707547169812	0.8926886792452831	1031	264748	252
ENSG00000211937	4.2156629441432365	0.15412348447402466	6.161590762506054	0.16555117162715952	0.02551532342993511	27	1005	0.9948899371069182	0.8026729559748428	1032	27135	253
ENSG00000105851	1.246190969198405	0.16797765184042604	7.9088568302709	0.21249715616463324	0.03569477331530341	551	485	0.8919025157232704	0.904874213836478	1036	267235	254
ENSG00000185070	1.1082065296163757	0.20383802312850477	9.35177296557149	0.2512657901044812	0.05121752193471926	862	178	0.8307783018867925	0.9652122641509434	1040	153436	255
ENSG00000013725	1.7611370436453482	0.18693946065883657	5.587885082184773	0.15013670299281043	0.028066474282571915	200	840	0.9608883647798743	0.8351022012578616	1040	168000	256
ENSG00000198729	1.2452244902938063	0.21352335592224903	6.173026179277592	0.16585842128354583	0.03541464672042888	552	490	0.8917059748427673	0.9038915094339622	1042	270480	257
ENSG00000163453	1.0937033856164118	0.17526972972002489	12.2046752103296	0.3279182857605483	0.05747414931550519	920	123	0.81937893081761	0.9760220125786163	1043	113160	258
ENSG00000080573	1.1386338457229752	0.1298243413948634	12.832185545222325	0.3447783913978447	0.04476062759040563	763	283	0.8502358490566038	0.9445754716981132	1046	215929	259
ENSG00000196159	1.395838064761997	0.20206460559303374	5.698030640974319	0.15309612159264632	0.030935307427441217	379	670	0.9257075471698113	0.8685141509433962	1049	253930	260
ENSG00000244731	1.2694442166663154	0.15810017288339565	8.03424244677085	0.21586604847132027	0.0341284595829712	516	538	0.8987814465408805	0.8944575471698113	1054	277608	261
ENSG00000178568	1.086696008708809	0.1942232527170816	12.023347274383964	0.3230463211329713	0.06274310726873258	964	93	0.8107311320754718	0.9819182389937107	1057	89652	262
ENSG00000109846	1.1190658545987067	0.2089331802360485	8.419222515859703	0.2262097898763146	0.0472627307993867	822	239	0.8386399371069182	0.9532232704402516	1061	196458	263
ENSG00000163520	1.1051076534393116	0.2014579748986147	9.233285904951966	0.2480822499337214	0.04997814767993951	871	193	0.8290094339622641	0.9622641509433962	1064	168103	264
ENSG00000203805	1.3692404918383616	0.14206375649165534	8.133102223682863	0.2185222378427687	0.031044089984906684	406	658	0.9204009433962264	0.870872641509434	1064	267148	265
ENSG00000140511	1.2938660327481153	0.24849610613126738	4.948887002288009	0.1329679417310046	0.033042015760443896	492	572	0.903498427672956	0.8877751572327044	1064	281424	266
ENSG00000166770	1.347052532067765	0.12704704275674197	9.239938192750277	0.24826098527682675	0.0315408240112959	437	628	0.914308176100629	0.87676886792452835	1065	274436	267
ENSG00000164330	1.1471104624998032	0.19041352576349577	8.309632215341164	0.22326529009547594	0.04251273106768926	740	330	0.8547562893081762	0.9353380503144654	1070	244200	268
ENSG00000241755	3.823040868579854	0.15757835540810125	5.918080039050028	0.15900846421185466	0.025056292286471982	36	1036	0.99312106918239	0.7965801886792453	1072	37296	269
ENSG00000144681	1.2403896641150023	0.23016605764895848	5.635102229413236	0.15140534519023297	0.034848371409415616	563	512	0.8895440251572327	0.8995676100628931	1075	288256	270
ENSG00000287914	1.2175112889346749	0.20679038247947845	6.484944938246307	0.17423913301694854	0.03603097695946751	605	471	0.8812893081761006	0.907625786163522	1076	284955	271
ENSG00000064989	1.0957476117262133	0.15800585597208736	12.32451674306247	0.3311382182290026	0.05232177761634541	911	167	0.8211477987421384	0.967374213836478	1078	152137	272
ENSG00000137673	1.0707077684314792	0.19189060268028124	14.788795464638362	0.39734907923835006	0.07624755428950182	1039	41	0.7959905660377359	0.9921383647798742	1080	42599	273
ENSG00000002933	1.1407244034983144	0.11637285297818545	13.682236540437389	0.36761777551550234	0.042780729342233134	759	321	0.8510220125786163	0.9371069182389937	1080	243639	274
ENSG00000161798	1.217660777878075	0.14834425178841182	9.016535978518919	0.24225855834916424	0.03593766457764608	604	476	0.8814858490566038	0.9066430817610063	1080	287504	275
ENSG00000166923	1.09069209212708	0.1501990165701383	13.832028651911363	0.3716424276728515	0.05582032715220104	949	138	0.8136792452830188	0.9730738993710691	1087	130962	276
ENSG00000130176	1.164113683044361	0.19031268930413978	7.612007838949451	0.20452134274179917	0.03892300675728551	692	397	0.864190251572327	0.9221698113207547	1089	274724	277
ENSG00000185862	1.7090442575197666	0.15709336699291687	6.497453469346076	0.17457521537923437	0.02742460837743757	219	873	0.9571540880503144	0.8286163522012578	1092	191187	278
ENSG00000149131	1.0675781416815477	0.21525392104618335	12.994522439271782	0.3491400999312545	0.07515377550465882	1055	46	0.7928459119496856	0.9911556603773585	1101	48530	279
ENSG00000204291	1.081014711758559	0.17678346910984652	12.512240767621114	0.33618203457548274	0.059431426324660204	990	111	0.80562106918239	0.9783805031446541	1101	109890	280
ENSG00000137491	1.1880765447286539	0.14495070233654106	9.428379755382352	0.2533240806168854	0.03671950340417608	659	442	0.8706761006289307	0.9133254716981132	1101	291278	281
ENSG00000149256	1.2846680683492264	0.15998291077734672	7.487495518787331	0.2011759143809466	0.032184708360958124	499	604	0.902122641509434	0.8814858490566038	1103	301396	282
ENSG00000204262	4.375533217256211	0.17276599834321923	5.284663231401257	0.14198966197774798	0.024530985706001866	23	1081	0.9956761006289309	0.7877358490566038	1104	24863	283
ENSG00000174175	1.2408385086708487	0.1813517875283423	6.967061917703944	0.187192773381421	0.033947744065108594	561	543	0.889937106918239	0.8934748427672956	1104	304623	284
ENSG00000181847	2.3111909806543585	0.1695186805978449	5.646404812321794	0.15170902583295126	0.025717513893986264	111	994	0.9783805031446541	0.8048349056603774	1105	110334	285
ENSG00000170801	1.135052856493815	0.15631827885290564	10.123358382725856	0.27199694131913643	0.04251809372026218	778	329	0.8472877358490566	0.9355345911949685	1107	255962	286
ENSG00000280411	3.0281104388625883	0.1509580759590877	6.15125172525793	0.16527337977179335	0.024949351417605528	60	1049	0.9884040880503144	0.7940251572327044	1109	62940	287
ENSG00000134516	1.837389598419953	0.1608513469905019	6.167248381192515	0.16570318195018563	0.02665358001729958	183	926	0.9642295597484277	0.8181996855345912	1109	169458	288
ENSG00000252621	2.3283132201687384	0.18126075195653926	5.248622044483892	0.1410212982952212	0.025561626570879223	110	1002	0.9785770440251572	0.8032625786163522	1112	110220	289
ENSG00000224650	1.2599754361668343	0.15249929363094508	7.987821854777769	0.214618808320474	0.03272921666878748	530	582	0.8960298742138365	0.885809748427673	1112	308460	290
ENSG00000253768	1.2409388178582639	0.18261583424178238	6.858598892267628	0.18427856151125369	0.0336521832432532	560	552	0.8901336477987422	0.8917059748427673	1112	309120	291
ENSG00000163513	1.3760341317817555	0.21527987678932628	5.173826031239816	0.13901166018342928	0.029926413076568348	392	722	0.9231525157232704	0.8582940251572327	1114	283024	292
ENSG00000173467	1.0621657569397622	0.18860965709267793	17.15169489843299	0.46083605602399275	0.0869181305026274	1091	26	0.7857704402515724	0.9950864779874213	1117	28366	293
ENSG00000105974	1.1417323743659527	0.19400675943901283	7.819455146046089	0.21009508920833328	0.04075986743135906	754	363	0.8520047169811321	0.9288522012578616	1117	273702	294
ENSG00000213949	1.1501458235569058	0.15746709429958883	9.288837884717346	0.24957483450982304	0.03929982400056258	730	388	0.8567216981132075	0.9239386792452831	1118	283240	295
ENSG00000054598	1.8609131956422829	0.22693317693307782	4.337271827784813	0.11653491126424706	0.0264456376368099	177	942	0.9654088050314465	0.8150550314465409	1119	166734	296
ENSG00000175356	1.0740172462555928	0.19787209860743035	11.364089294972967	0.30533321179111456	0.06041692339165484	1022	104	0.7993317610062893	0.9797562893081762	1126	106288	297
ENSG00000145423	1.0583329632718836	0.1778124476200625	21.66949569544678	0.5822214650769546	0.10352622376227205	1128	14	0.778498427672956	0.9974449685534591	1142	15792	298
ENSG00000134874	1.1720956712504988	0.23426139969793236	5.754438995945865	0.15461171547335742	0.036219556876487174	679	465	0.8667452830188679	0.9088050314465409	1144	315735	299
ENSG00000072858	1.1974304032685463	0.16690450728526599	7.784832184367469	0.20916483075852244	0.034910553019157235	637	510	0.875	0.8999606918238994	1147	324870	300
ENSG00000156219	1.1715952698239844	0.19873153517019548	6.745945081920243	0.1812517505771747	0.03602043864448729	680	472	0.8665487421383647	0.9074292452830188	1152	320960	301
ENSG00000203747	1.1480217925233676	0.12632111191915707	11.126401499064201	0.2989469562589199	0.03776331191947438	738	419	0.8551493710691824	0.9178459119496856	1157	309222	302
ENSG00000114013	1.6052763090081286	0.14451662888858105	6.973122133448821	0.18735560078355598	0.027075999828634303	261	897	0.9488993710691824	0.8238993710691824	1158	234117	303
ENSG00000038945	1.0930016887101717	0.1337664059974221	13.329223138670622	0.35813292257489454	0.04790615392219667	930	232	0.8174135220125787	0.9545990566037736	1162	215760	304
ENSG00000124491	1.0671673730444	0.1683075900286389	13.285973947448106	0.35697089241826946	0.06008091061329146	1058	106	0.7922562893081762	0.9793632075471698	1164	112148	305
ENSG00000198108	2.0538697483544492	0.17346570760864546	5.439016885763451	0.14613687481766752	0.025349736397962737	143	1021	0.9720911949685535	0.7995283018867925	1164	146003	306
ENSG00000197629	1.099953809258588	0.14335428055752172	11.835100101849697	0.3179884487149932	0.04558500529114024	897	268	0.8238993710691824	0.9475235849056604	1165	240396	307
ENSG00000100368	1.255450593004896	0.1866372227262049	6.265212328163659	0.1683353019372809	0.031417633240351246	536	635	0.8948506289308176	0.8753930817610063	1171	340360	308
ENSG00000110448	2.8857836216135584	0.1644999982045866	5.473641312259413	0.14706717262455946	0.02419254963269366	66	1109	0.9872248427672956	0.7822327044025157	1175	73194	309
ENSG00000110934	1.484365874889895	0.16914453643853117	6.10134294573324	0.16393241812028736	0.027728272870203474	324	858	0.9365172955974843	0.831564465408805	1182	277992	310
ENSG00000197614	1.076946999508145	0.13329728438341962	14.472625981326173	0.3888541579732776	0.05183320327903916	1012	172	0.8012971698113207	0.9663915094339622	1184	174064	311
ENSG00000198286	1.2684737940982653	0.1662922106107074	6.9081232130929715	0.18560919342964813	0.030865363085086573	518	671	0.8983883647798743	0.8683176100628931	1189	347578	312
ENSG00000169604	1.8050042396793693	0.17206851320069524	5.53215193638677	0.1486392508021404	0.02557613488878955	190	1000	0.9628537735849056	0.8036556603773585	1190	190000	313
ENSG00000186469	1.0935828615036438	0.20477548845687238	8.271210085911882	0.22223295465019866	0.0455078618397084	922	269	0.8189858490566038	0.9473270440251572	1191	248018	314
ENSG00000138964	1.2279023815343422	0.162814522138991	7.290756085863761	0.19588986977312312	0.03189371553898022	582	611	0.885809748427673	0.8801100628930818	1193	355602	315
ENSG00000197977	1.2200136770614534	0.13578888860247923	8.882894540037613	0.2386678465392938	0.03240844162671777	598	596	0.8826650943396226	0.883058176100629	1194	356408	316
ENSG00000171115	1.1531965287338095	0.18110896369224266	7.377809708501165	0.1982288484196292	0.0359010213111857	720	479	0.858687106918239	0.9060534591194969	1199	344880	317
ENSG00000120278	1.1368957834082425	0.23205136708467022	5.938026023877742	0.15954437795308835	0.03702249101468747	770	432	0.8488600628930818	0.9152908805031447	1202	332640	318
ENSG00000255248	1.0761935535811586	0.20392442694216822	9.058619597022698	0.2433892716045797	0.04963301773583565	1013	196	0.8011006289308176	0.9616745283018868	1209	198548	319
ENSG00000166250	1.1194472649260987	0.19584251305119912	7.445009689511305	0.20003439442525628	0.03917523850091697	820	390	0.8390330188679245	0.9235455974842768	1210	319800	320
ENSG00000167208	2.529887978952594	0.16618512047638795	5.394161039067041	0.14493167663733614	0.024085488142820608	91	1120	0.9823113207547169	0.7800707547169812	1211	101920	321
ENSG00000065618	1.1139369184652583	0.17936582806844367	8.425482854489477	0.2263779942304967	0.040604476391626405	845	368	0.8341194968553459	0.9278694968553459	1213	310960	322
ENSG00000077420	1.1165350769431726	0.15510137950027497	9.363153958825679	0.25157157749610365	0.03901909871270601	830	392	0.8370676100628931	0.9231525157232704	1222	325360	323
ENSG00000120820	2.9769139878001063	0.20393300211462415	4.304942841342231	0.11566628791852666	0.023588173338679623	63	1161	0.987814465408805	0.7720125786163522	1224	73143	324
ENSG00000187498	1.1100751626817809	0.11260791145182394	13.346209854202277	0.3585893259237627	0.0403799950611923	852	373	0.8327437106918238	0.9268867924528302	1225	317796	325
ENSG00000164125	1.0934886460852549	0.1858388793643358	8.814968407936114	0.23684279012335444	0.04401459870204676	924	302	0.8185927672955975	0.9408411949685535	1226	279048	326
ENSG00000160180	1.049561278746687	0.17452923622180266	20.75923044853907	0.5577642292874478	0.09734616492938068	1212	19	0.7619889937106918	0.9964622641509434	1231	23028	327
ENSG00000166927	1.057936444048541	0.15222390389091486	15.06245953160536	0.40470195427742733	0.06160531139239252	1133	100	0.7775157232704403	0.9805424528301887	1233	113300	328
ENSG00000169851	1.259161535031139	0.16696985934710884	6.744701060189549	0.1812183258881643	0.030257998384665325	531	704	0.8958333333333334	0.8618317610062893	1235	373824	329
ENSG00000206538	1.1011243910782726	0.17881377292510608	8.615540860193606	0.23148452056991278	0.041392620496865436	891	349	0.8250786163522013	0.9316037735849056	1240	310959	330
ENSG00000173706	1.7026625428818847	0.20006731870092306	4.717508105261042	0.12675119528206732	0.025358771782220298	222	1019	0.956564465408805	0.7999213836477987	1241	226218	331
ENSG00000019549	1.0830194337282095	0.19600225310534203	8.742115273942662	0.23488535378033756	0.04603805856239153	982	261	0.8071933962264151	0.9488993710691824	1243	256302	332
ENSG00000107562	1.050159639658869	0.19702533209309261	14.404399250779235	0.3870210250026384	0.07625294597815394	1208	40	0.7627751572327044	0.9923349056603774	1248	48320	333
ENSG00000118257	1.1776654146404737	0.18898788009342474	6.4746459140402255	0.1739624162420682	0.03287678826151843	671	577	0.8683176100628931	0.8867924528301887	1248	387167	334
ENSG00000225362	1.2281708357455985	0.19477431615625246	5.912470089396269	0.1588577346723986	0.030941406636947836	581	667	0.8860062893081762	0.8691037735849056	1248	387527	335
ENSG00000127329	1.377535087105568	0.19516851672745406	5.267423679490717	0.14152646535740696	0.027621510321484525	391	863	0.9233490566037736	0.8305817610062893	1254	337433	336
ENSG00000115085	2.0643143714362515	0.16628284216734654	5.402225049427605	0.14514834249760855	0.024135678926381802	141	1114	0.9724842767295597	0.78125	1255	157074	337
ENSG00000026025	1.0491361492534217	0.20814282219359934	13.526561280190304	0.36343505343598764	0.07564639770624805	1221	44	0.7602201257861635	0.9915487421383647	1265	53724	338
ENSG00000160182	1.045929943743875	0.17296625020834855	21.441621682972038	0.57609888874843	0.0996456645360125	1248	18	0.7549135220125787	0.9966588050314465	1266	22464	339
ENSG00000198046	1.349052288969574	0.12479303525219797	8.375426717532823	0.22503307334241535	0.02808256025453049	432	837	0.9152908805031447	0.8356918238993711	1269	361584	340
ENSG00000019582	1.257190212928209	0.14432041735965204	7.604532056518918	0.2043204815376219	0.02948761717063467	533	739	0.895440251572327	0.8549528301886793	1272	393887	341
ENSG00000134954	1.047118907724318	0.21319256226664085	14.2594505596952	0.3831265070835312	0.08167972171740634	1241	32	0.7562893081761006	0.9939072327044025	1273	39712	342
ENSG00000211637	3.148369815861203	0.15293055428530536	5.562285318305564	0.14944888209282942	0.02285530037577565	54	1224	0.9895833333333334	0.7596305031446541	1278	66096	343
ENSG00000113578	1.1152418920539386	0.19137275154523364	7.131746060436859	0.19161754838331674	0.03667037747846726	838	445	0.8354952830188679	0.9127358490566038	1283	372910	344
ENSG00000099139	1.1707541361283935	0.207407875058957	5.77869759881013	0.15526350172158654	0.032202872966286974	682	602	0.8661556603773585	0.88187893081761	1284	410564	345
ENSG00000005513	1.4469211999284368	0.1666109481286431	5.905626201239188	0.15867385136262338	0.02643680081875007	341	944	0.9331761006289309	0.8146619496855346	1285	321904	346
ENSG00000272068	1.6488664252230965	0.13919730169838182	6.674069071681115	0.17932056784115444	0.024960939182510317	242	1046	0.9526336477987422	0.7946147798742138	1288	253132	347
ENSG00000134757	1.0622866791006704	0.1729877549670163	10.593873955929867	0.2846388721800343	0.04923903947476765	1090	202	0.7859669811320755	0.9604952830188679	1292	220180	348
ENSG00000140682	1.2651379099139644	0.19008658861732033	5.706575643668387	0.15332571087601263	0.02914516132774681	522	771	0.8976022012578616	0.8486635220125787	1293	402462	349
ENSG00000172986	1.7887128966549561	0.18125568218294674	4.973678448261606	0.13363404454202465	0.02422192990633097	193	1102	0.9622641509433962	0.7836084905660378	1295	212686	350
ENSG00000228639	1.3733433714057062	0.18637224792400053	5.4037575524274315	0.14518951817397566	0.027059296877086372	397	898	0.9221698113207547	0.8237028301886793	1295	356506	351
ENSG00000123338	2.0480379981991694	0.15225932950824891	5.790191149960799	0.15557231334710517	0.023687336120277437	144	1155	0.9718946540880503	0.7731918238993711	1299	166320	352
ENSG00000189184	1.0704920948257608	0.18837316560723963	9.136066059837965	0.24547012266263213	0.04623998406795743	1041	259	0.7955974842767295	0.9492924528301887	1300	269619	353
ENSG00000123342	1.102324640573488	0.18811031267432896	7.549431359067786	0.20284002212833804	0.03815629998542947	886	414	0.8260613207547169	0.9188286163522013	1300	366804	354
ENSG00000253755	1.060912435512663	0.12360224650185984	14.821448030341191	0.39822639659308745	0.049221677235246196	1102	203	0.7836084905660378	0.9602987421383647	1305	223706	355
ENSG00000238178	1.655355983254915	0.1520321458009341	6.046193029726954	0.16245063629447415	0.02469771882257601	239	1069	0.9532232704402516	0.7900943396226415	1308	255491	356
ENSG00000086570	1.1576191288351554	0.1943738816848838	6.182915424608555	0.16612412801645832	0.032290191604075556	707	601	0.8612421383647799	0.8820754716981132	1308	424907	357
ENSG00000106483	1.0443514367846336	0.17587078201661197	15.153799147819665	0.407156090078245	0.07160685996488705	1260	58	0.7525550314465409	0.9887971698113207	1318	73080	358
ENSG00000153283	2.442887692199313	0.17427079354230424	4.88610493033489	0.1312810972180152	0.022878460989287898	101	1223	0.9803459119496856	0.7598270440251572	1324	123523	359
ENSG00000101955	1.093391236283633	0.2038348940511053	7.015726258892173	0.18850029915044797	0.038422938505933216	925	405	0.8183962264150944	0.9205974842767296	1330	374625	360
ENSG00000128591	1.1185632440133082	0.19175683642643848	6.745314556164892	0.18123480945246148	0.0347530137109524	823	515	0.8384433962264151	0.8989779874213837	1338	423845	361
ENSG00000182463	1.0876800912351885	0.2003030615054718	7.417999359922831	0.19930867409072553	0.039922137604968634	961	380	0.8113207547169812	0.9255110062893082	1341	365180	362
ENSG00000107796	1.3141191097806313	0.18407776489515174	5.53840525457441	0.14880726652931606	0.027392109022873624	467	875	0.9084119496855346	0.8282232704402516	1342	408625	363
ENSG00000169946	1.6272594772206495	0.1787024901329086	5.063716847946313	0.1360532189295776	0.024313049013313295	251	1093	0.9508647798742138	0.785377358490566	1344	274343	364
ENSG00000079102	1.105596881109075	0.2093853536381749	6.378490749297034	0.17137889507118742	0.03588423055060025	868	481	0.8295990566037736	0.9056603773584906	1349	417508	365
ENSG00000258910	1.5921298891432552	0.16311416188135033	5.576009979568301	0.14981763974646298	0.024437378742286388	266	1084	0.9479166666666666	0.7871462264150944	1350	288344	366
ENSG00000153071	1.139561616212229	0.19168235122557598	6.328819965542627	0.17004432794994664	0.032594496594018696	761	589	0.85062893081761	0.8844339622641509	1350	448229	367
ENSG00000140968	1.3749510033943728	0.1563604895516843	6.232382756151505	0.16745322873246787	0.026183068821618843	393	960	0.9229559748427673	0.8115172955974843	1353	377280	368
ENSG00000128052	1.1171360520257048	0.1386991713408006	9.267702504079454	0.249006963782562	0.034537059534730095	827	526	0.8376572327044025	0.8968160377358491	1353	435002	369
ENSG00000138080	1.5365013348350085	0.18639206661465924	4.923232102147394	0.132278639416073	0.02465568896973717	289	1070	0.9433962264150944	0.7898977987421384	1359	309230	370
ENSG00000268104	1.0610510525080026	0.19567131386759296	8.78149435880828	0.23594340094516691	0.046167355261329084	1100	260	0.784001572327044	0.9490959119496856	1360	286000	371
ENSG00000211964	4.346432669451666	0.15251237161524944	5.311953908141309	0.14272291475011742	0.021767010212381473	24	1338	0.9954795597484277	0.7372248427672956	1362	32112	372
ENSG00000211648	4.125129513674531	0.15736157281692736	5.154112107576271	0.13848198151996982	0.02179174241878712	30	1334	0.9943003144654088	0.7380110062893082	1364	40020	373
ENSG00000231826	1.1185392100380647	0.20292146400859465	6.250104623921524	0.1679293843367318	0.03407647651967158	824	541	0.8382468553459119	0.8938679245283019	1365	445784	374
ENSG00000163297	1.0913700684091536	0.1870869057646997	7.4392996497513435	0.19988097563963172	0.03739511325364801	944	422	0.8146619496855346	0.9172562893081762	1366	398368	375
ENSG00000022267	1.0773522359076952	0.18574798628789094	8.15766020840219	0.2191820679580412	0.04071262775362182	1008	364	0.8020833333333334	0.9286556603773585	1372	366912	376
ENSG00000088756	1.1052552699322726	0.2004451702156047	6.507084756523209	0.1748339912275355	0.03504462913107689	870	502	0.8292059748427673	0.9015330188679245	1372	436740	377
ENSG00000278196	3.3559602671687396	0.15467893356829318	5.26245612116443	0.14139299574984274	0.021870517796611883	47	1326	0.9909591194968553	0.7395833333333333	1373	62322	378
ENSG00000176971	1.0535247362710887	0.16434934335343046	11.151457304001493	0.299620161933122	0.049242376869157105	1177	201	0.7688679245283019	0.960691823899371	1378	236577	379
ENSG00000117228	1.1196856269718636	0.19760252671223805	6.287087004140611	0.16892303623781016	0.03337961878049424	819	561	0.8392295597484276	0.889937106918239	1380	459459	380
ENSG00000173917	1.1388243887828322	0.11860668112852461	9.948060118289467	0.2672869834234828	0.031702022012714264	762	622	0.8504323899371069	0.8779481132075472	1384	473964	381
ENSG00000287900	1.2222642784585165	0.14583906542001926	7.358487964288617	0.19770970693238013	0.02883379888348422	591	794	0.8840408805031447	0.8441430817610063	1385	469254	382
ENSG00000078596	1.085723786054586	0.1850328389467125	7.5634439187123625	0.2032165151081658	0.037601728711321405	970	420	0.8095518867924528	0.9176493710691824	1390	407400	383
ENSG00000112902	1.0453972543954242	0.1773765516334998	11.690937054999408	0.3141150396829238	0.05571664255517698	1253	141	0.7539308176100629	0.9724842767295597	1394	176673	384
ENSG00000155886	1.491861286936666	0.17693547008002508	5.1494883059651535	0.13835774805436057	0.024480393191211963	318	1083	0.9376965408805031	0.7873427672955975	1401	344394	385
ENSG00000248429	1.1206271118688023	0.18800859335258382	6.467868983933311	0.1737803319780398	0.032672195767536306	815	586	0.8400157232704403	0.8850235849056604	1401	477590	386
ENSG00000211934	2.543309254646245	0.147011985790025	5.560051892346089	0.14938887384194335	0.021961954998439615	89	1313	0.9827044025157232	0.7421383647798743	1402	116857	387
ENSG00000265190	1.442057564552003	0.1802322543007549	5.104837801630925	0.1371580670643059	0.024720307622533973	343	1065	0.9327830188679245	0.7908805031446541	1408	365295	388
ENSG00000101938	1.059214848047171	0.1644398981355514	10.015076568412152	0.2690875982750266	0.04424873724988555	1115	294	0.7810534591194969	0.9424135220125787	1409	327810	389
ENSG00000162849	1.1481588978686321	0.1479944403373312	7.73544866244494	0.20783798186049127	0.030758865806283796	735	674	0.8557389937106918	0.8677279874213837	1409	495390	390
ENSG00000158258	1.0414823518800091	0.18717865032751088	11.661079093231983	0.31331280845019166	0.058645468616028824	1301	113	0.7444968553459119	0.9779874213836478	1414	147013	391
ENSG00000260807	1.3724156795233948	0.16659194545303427	5.666581923287775	0.1522511495294479	0.02536381519757155	399	1018	0.9217767295597484	0.8001179245283019	1417	406182	392
ENSG00000154258	1.2728701525612611	0.20037667365103118	4.992870095581326	0.13414969055320872	0.026880468764367123	510	908	0.8999606918238994	0.8217374213836478	1418	463080	393
ENSG00000157368	1.1050432720707748	0.21315628660677507	5.845074831487151	0.1570469419178939	0.03347554296216815	872	556	0.828812893081761	0.8909198113207547	1428	484832	394
ENSG00000164691	1.1963688200771594	0.18071650822830346	5.9607231258789835	0.16015420940306255	0.028942509501385986	642	787	0.8740172955974843	0.8455188679245282	1429	505254	395
ENSG00000211950	2.106941254313374	0.15036794151542307	5.474355018681121	0.1470863486683549	0.022117071474280315	134	1296	0.9738600628930818	0.7454795597484276	1430	173664	396
ENSG00000137965	1.7269325902861254	0.12185907960597207	7.000550635930758	0.18809255669265246	0.02292078583930075	212	1219	0.9585298742138365	0.7606132075471699	1431	258428	397
ENSG00000105639	1.2068004472234075	0.20334641897315614	5.225986797354018	0.14041312877750126	0.028552506913721496	622	811	0.8779481132075472	0.8408018867924528	1433	504442	398
ENSG00000146648	1.092172219952915	0.23620906947298312	5.549648693586134	0.14910935807892628	0.035220982721537016	939	496	0.8156446540880503	0.9027122641509434	1435	465744	399
ENSG00000162511	1.4600638015090213	0.1416816828077921	6.371047768008129	0.17117891517634024	0.024252916763396182	337	1100	0.9339622641509434	0.784001572327044	1437	370700	400
ENSG00000128815	1.353602140881398	0.15952951508709767	5.927198337203955	0.15925345694194867	0.02540562676189306	422	1015	0.9172562893081762	0.8007075471698113	1437	428330	401
ENSG00000164237	1.1359595456985063	0.1804226619263591	6.388418020044756	0.1716456234805693	0.03096876029637388	773	664	0.8482704402515724	0.8696933962264151	1437	513272	402
ENSG00000155926	1.171332165494738	0.15327148038688257	7.112703216738154	0.19110590046527953	0.029291084274981623	681	756	0.8663522012578616	0.8516116352201257	1437	514836	403
ENSG00000225449	1.123071346078512	0.18034580669402478	6.47682043227804	0.17402084174546018	0.03138392908615824	805	639	0.8419811320754718	0.8746069182389937	1444	514395	404
ENSG00000181104	1.218456205682827	0.19027500724876015	5.4796911175121155	0.14722972031497011	0.02801413610016387	602	844	0.88187893081761	0.8343160377358491	1446	508088	405
ENSG00000085563	1.1082997001013724	0.18722744785223114	6.468000867944221	0.1737838754708433	0.03253711148227595	860	593	0.8311713836477987	0.8836477987421384	1453	509980	406
ENSG00000090539	1.1634701116238018	0.1701877160245828	6.394144155905747	0.17179947474028812	0.02923816022027264	693	762	0.8639937106918238	0.8504323899371069	1455	528066	407
ENSG00000179344	1.0721352269744573	0.12534910879823016	11.021166095512271	0.2961194649460121	0.03711831102879137	1033	429	0.7971698113207547	0.9158805031446541	1462	443157	408
ENSG00000174807	1.051387619738587	0.16190491934271356	10.41620581590148	0.27986523987042033	0.04531155908804959	1192	274	0.7659198113207547	0.9463443396226415	1466	326608	409
ENSG00000105971	1.0666078205638774	0.21427830026337552	6.669802356260667	0.17920592865720328	0.03839994178978526	1062	406	0.7914701257861635	0.9204009433962264	1468	431172	410
ENSG00000166501	1.2470819396614348	0.15522218598056928	6.412973154772185	0.1723053770215421	0.02674561727748992	547	921	0.8926886792452831	0.8191823899371069	1468	503787	411
ENSG00000144057	1.084215628736819	0.14076068848696532	9.301015750992148	0.24990203248635537	0.035176382147071354	976	498	0.808372641509434	0.9023191823899371	1474	486048	412
ENSG00000240382	3.0658358554040985	0.14745026993115243	5.3254623603269415	0.14308586324384234	0.021098049158636514	59	1420	0.9886006289308176	0.7211084905660378	1479	83780	413
ENSG00000172724	1.0740416085369564	0.16076386806349194	8.420233277250636	0.22623694726779905	0.03637072674164763	1021	458	0.7995283018867925	0.9101808176100629	1479	467618	414
ENSG00000136944	1.0525138329489532	0.18446571042003454	8.916386660680985	0.2395677212675098	0.04419202989732001	1183	297	0.7676886792452831	0.9418238993710691	1480	351351	415
ENSG00000242574	1.7247192352037	0.1420336310482903	5.860562549757117	0.15746306983100142	0.02236505156410763	215	1272	0.9579402515723271	0.7501965408805031	1487	273480	416
ENSG00000105664	1.0371528174037357	0.13470851465673403	15.62796281780007	0.41989603892164445	0.0565635717133809	1361	129	0.7327044025157232	0.9748427672955975	1490	175569	417
ENSG00000120075	1.6352657206615429	0.10916367623495883	7.724417660904662	0.20754159813433948	0.02265600382402297	247	1245	0.9516509433962264	0.7555031446540881	1492	307515	418
ENSG00000249669	1.0591781786475538	0.1909759100556664	7.7773901728351715	0.2089648769193399	0.039907257539341254	1116	381	0.7808569182389937	0.925314465408805	1497	425196	419
ENSG00000147065	1.0329830583360884	0.2207181146203167	11.063536788539697	0.2972578913919925	0.06561020134405145	1419	81	0.7213050314465409	0.9842767295597484	1500	114939	420
ENSG00000211959	1.0659181492572374	0.1487857948482635	9.239370732696113	0.2482457386172482	0.03693543953786153	1065	435	0.7908805031446541	0.9147012578616353	1500	463275	421
ENSG00000138615	1.0452446303849814	0.18326500610466875	9.400680168995859	0.252579841157203	0.04628904613159107	1255	258	0.7535377358490566	0.9494889937106918	1513	323790	422
ENSG00000160654	2.6319056254975766	0.16123513206986834	4.853683746504036	0.1304099966896584	0.021026673039488162	80	1434	0.9844732704402516	0.7183569182389937	1514	114720	423
ENSG00000048740	1.03463692659901	0.2129831425334262	10.153637725415196	0.27281049432055027	0.058104036396488215	1396	118	0.7258254716981132	0.9770047169811321	1514	164728	424
ENSG00000211669	1.8642415069901586	0.14006274626669027	5.772157829147441	0.15508778954407257	0.021722021715973296	175	1347	0.9658018867924528	0.7354559748427674	1522	235725	425
ENSG00000154175	1.062798973840709	0.19501110754650275	7.030194498730136	0.18888903546041727	0.036835460008526603	1086	437	0.7867531446540881	0.914308176100629	1523	474582	426
ENSG00000118849	1.0329631519609364	0.21958117417366235	10.167328414069988	0.2731783391896018	0.05998482047806377	1420	107	0.7211084905660378	0.9791666666666666	1527	151940	427
ENSG00000184500	1.0783820667454147	0.21088245635848413	6.071341554961742	0.16312633320096928	0.034400481842172946	1000	530	0.8036556603773585	0.8960298742138365	1530	530000	428
ENSG00000006468	1.094345032802651	0.17251994447995178	6.872805363458481	0.18466026455531898	0.031857578588736835	918	614	0.8197720125786163	0.8795204402515724	1532	563652	429
ENSG00000074047	1.1224332622295015	0.2151540180157074	5.177133332879187	0.13910052159640302	0.02992803612954679	811	721	0.8408018867924528	0.8584905660377359	1532	584731	430
ENSG00000141750	1.0309366353009393	0.18411597879716632	13.125024086761684	0.35264645104640724	0.06492784650375627	1449	84	0.7154088050314465	0.983687106918239	1533	121716	431
ENSG00000130038	1.3706347075111984	0.1289065279809553	6.9258487938518005	0.18608544879543007	0.02398762911199673	403	1130	0.9209905660377359	0.7781053459119497	1533	455390	432
ENSG00000140678	1.1481401612783264	0.1323043776162919	8.10992916671509	0.21789961831494448	0.02882907338398629	736	797	0.8555424528301887	0.8435534591194969	1533	586592	433
ENSG00000011600	1.0416779870225668	0.1330768262530904	13.26996033941795	0.3565406347667061	0.04744729610501551	1298	237	0.7450864779874213	0.9536163522012578	1535	307626	434
ENSG00000184384	1.3211677628321339	0.24078965198253072	3.805597701010662	0.10224975699095219	0.024620683401149715	460	1076	0.9097877358490566	0.7887185534591195	1536	494960	435
ENSG00000130592	1.0345589774657287	0.1837157568467992	11.115024604088031	0.29864127898086296	0.05486510859366534	1398	146	0.7254323899371069	0.971501572327044	1544	204108	436
ENSG00000138722	1.1184256865770799	0.17865406900178435	6.2502216702672815	0.167932529167413	0.030001829653519163	825	720	0.8380503144654088	0.858687106918239	1545	594000	437
ENSG00000175040	1.0504936597678418	0.2164164268538364	7.144559272856858	0.19196181700001008	0.041543690527512216	1202	346	0.7639544025157232	0.9321933962264151	1548	415892	438
ENSG00000104972	1.3789511896486348	0.13023466387916502	6.760983808723527	0.18165581487453347	0.023657883991880693	390	1159	0.9235455974842768	0.7724056603773585	1549	452010	439
ENSG00000211933	2.396750176540914	0.1554220096839722	5.003926348608767	0.134446752742674	0.0208959845067505	106	1448	0.9793632075471698	0.7156053459119497	1554	153488	440
ENSG00000136250	1.3487762165355999	0.14517661168742407	6.1724572357075385	0.1658431347644889	0.024076544376729344	433	1121	0.9150943396226415	0.779874213836478	1554	485393	441
ENSG00000166086	1.3446249843177096	0.2014368908741708	4.45529073225472	0.11970587289773282	0.024113178855897966	438	1116	0.9141116352201257	0.7808569182389937	1554	488808	442
ENSG00000162614	1.1410924613506752	0.19173319106285958	5.580650037667721	0.14994230999549207	0.0287489175707722	755	800	0.8518081761006289	0.8429638364779874	1555	604000	443
ENSG00000171812	1.6266822769508122	0.17494947032889077	4.677231478763602	0.12566903274274138	0.021985730715086638	252	1308	0.9506682389937107	0.74312106918239	1560	329616	444
ENSG00000186160	1.041008922898443	0.13949716111319257	12.35087718618582	0.33184647725039634	0.046291641501843936	1310	257	0.7427279874213837	0.949685534591195	1567	336670	445
ENSG00000102024	1.0731697651607561	0.2149334383687064	5.875714800857088	0.1578701843277404	0.03393158153346271	1026	544	0.7985455974842768	0.8932783018867925	1570	558144	446
ENSG00000239855	4.163959747540394	0.15126856182740295	4.94904656306091	0.13297222885001617	0.020114517821126245	29	1546	0.9944968553459119	0.6963443396226415	1575	44834	447
ENSG00000114547	1.5007111955766994	0.17480766579517293	4.792385922238485	0.12876303131715933	0.02250876494526337	313	1262	0.9386792452830188	0.7521619496855346	1575	395006	448
ENSG00000129151	1.0587916670137631	0.1991482321630841	6.818283289298768	0.18319535174228233	0.036483030439969893	1122	455	0.7796776729559749	0.9107704402515724	1577	510510	449
ENSG00000068366	1.1506972109220586	0.23061767044936435	4.4830698702631695	0.12045224977041902	0.027778417242439016	725	857	0.8577044025157232	0.8317610062893082	1582	621325	450
ENSG00000123610	1.057079132308977	0.15609050150283757	8.744479895523979	0.2349488870282163	0.03667328960376781	1139	444	0.7763364779874213	0.9129323899371069	1583	505716	451
ENSG00000146192	1.3144301760681252	0.15151415514647742	5.916607789304937	0.15896890743510297	0.0240860397045882	466	1119	0.9086084905660378	0.7802672955974843	1585	521454	452
ENSG00000060718	1.1014915395339027	0.13375491910020146	8.465758607922833	0.22746013331211706	0.030423911729683256	890	697	0.8252751572327044	0.8632075471698113	1587	620330	453
ENSG00000136869	1.03544025843632	0.16973713401314997	10.774345203859832	0.28948781909835736	0.0491368327454724	1382	206	0.7285770440251572	0.9597091194968553	1588	284692	454
ENSG00000149451	1.1227601063208323	0.20944364828905176	5.153189711749837	0.13845719835671605	0.02899898075571151	807	781	0.8415880503144654	0.8466981132075472	1588	630267	455
ENSG00000197291	1.3813802994949065	0.15022825083206137	5.742136699035838	0.15428117426319568	0.02317739094587633	388	1201	0.9239386792452831	0.7641509433962264	1589	465988	456
ENSG00000110324	1.8470174647784556	0.15497055722892641	5.083328834860601	0.1365801587307981	0.021165903304927	180	1412	0.9648191823899371	0.722680817610063	1592	254160	457
ENSG00000196208	1.0275046645513004	0.17211861410253435	13.432935328603842	0.36091948780086547	0.06212096204288151	1496	97	0.7061713836477987	0.9811320754716981	1593	145112	458
ENSG00000121270	1.0423308806440392	0.14616476019919494	11.093506340814208	0.298063120866559	0.043566324585684255	1286	307	0.7474449685534591	0.9398584905660378	1593	394802	459
ENSG00000165949	1.2227441223910707	0.10952566320795445	8.670349162573665	0.2329571238348242	0.025514783487026696	588	1006	0.8846305031446541	0.8024764150943396	1594	591528	460
ENSG00000182162	1.183519234147331	0.15497766009814568	6.375684303189492	0.17130349077072018	0.026548214166290506	663	932	0.8698899371069182	0.8170204402515724	1595	617916	461
ENSG00000168918	1.182130192234519	0.17793682275303224	5.539562680720601	0.14883836454636384	0.026483825691137542	664	937	0.8696933962264151	0.8160377358490566	1601	622168	462
ENSG00000131386	1.0924670120338376	0.18084167097430542	6.370520568002029	0.17116475023386746	0.030953719444192226	935	666	0.8164308176100629	0.8693003144654088	1601	622710	463
ENSG00000164484	1.0492638690294382	0.1832712704754737	8.078951814952877	0.21706731103005503	0.03978220187117299	1219	383	0.7606132075471699	0.9249213836477987	1602	466877	464
ENSG00000244575	3.4092564379235717	0.1558296846028978	4.777825791239914	0.1283718260523556	0.020004141165636632	44	1561	0.9915487421383647	0.6933962264150944	1605	68684	465
ENSG00000064787	1.032693529203059	0.1745938945391933	10.795158415981573	0.29004703372082885	0.05064044121686023	1422	185	0.7207154088050314	0.9638364779874213	1607	263070	466
ENSG00000169291	1.1214996698786102	0.19109791178260688	5.614965318010782	0.15086430158572836	0.028829852995574116	813	795	0.8404088050314465	0.8439465408805031	1608	646335	467
ENSG00000131634	1.2074833166911514	0.1945273807362754	4.903595861857157	0.13175104796904238	0.02562918627067719	621	999	0.8781446540880503	0.8038522012578616	1620	620379	468
ENSG00000204161	1.0859701505533876	0.19905135139419775	5.812271690650063	0.15616557887254587	0.031084969515837432	969	655	0.809748427672956	0.8714622641509434	1624	634695	469
ENSG00000198768	1.1923980225530662	0.1783512827405378	5.401293743092475	0.14512331992456412	0.025882930264111457	651	974	0.872248427672956	0.8087657232704403	1625	634074	470
ENSG00000107249	1.1551047310387685	0.17088207029529803	5.851355258819118	0.15721568602038336	0.026865341910058654	716	909	0.8594732704402516	0.8215408805031447	1625	650844	471
ENSG00000129451	1.0494263766238212	0.17370424483207234	8.204729409801047	0.2204467351096724	0.038292533647921526	1216	410	0.7612028301886793	0.9196147798742138	1626	498560	472
ENSG00000145536	1.0648399751669415	0.15563345557122618	7.925361377693709	0.21294060449937963	0.03314068210966425	1074	565	0.7891116352201257	0.8891509433962264	1639	606810	473
ENSG00000132718	1.0557290160517783	0.19101545519352972	6.9281007679158995	0.18614595540146014	0.03555675440344439	1153	487	0.7735849056603774	0.90448113207547165	1640	561511	474
ENSG00000167895	1.7038290223620909	0.16199027228622348	4.836760532081542	0.12995529950457596	0.021051494351783984	221	1428	0.9567610062893082	0.7195361635220126	1649	315588	475
ENSG00000154645	1.2057107168297978	0.18660245205622727	5.0259702373597825	0.1350390334946117	0.025198614773397545	623	1028	0.877751572327044	0.7981525157232705	1651	640444	476
ENSG00000186868	1.0379530528175234	0.18848647418704212	8.55874078526114	0.22995840185868638	0.04334404837603075	1349	309	0.735062893081761	0.9394654088050315	1658	416841	477
ENSG00000122861	1.0775094108483374	0.1512124351436947	7.656860112820206	0.20572644492655145	0.03110839671079904	1006	654	0.8024764150943396	0.8716588050314465	1660	657924	478
ENSG00000168386	1.1968979056824218	0.17191898516567788	5.485690418227254	0.1473909110367523	0.025339295848083167	641	1022	0.8742138364779874	0.7993317610062893	1663	655102	479
ENSG00000203697	1.0360021441085907	0.18837985037829585	8.811753472673958	0.23675641043345452	0.04460013717355657	1378	287	0.7293632075471699	0.9437893081761006	1665	395486	480
ENSG00000174059	1.2468262093883262	0.16785113818400887	5.343188530478608	0.14356213444557941	0.02409706766681621	548	1117	0.8924921383647799	0.7806603773584906	1665	612116	481
ENSG00000241361	1.3714632463883942	0.10425527577655999	8.001965629540518	0.2149988268211268	0.02241476198187344	400	1268	0.9215801886792453	0.7509827044025157	1668	507200	482
ENSG00000131459	1.115032559590946	0.1951143537160779	5.397808158979756	0.1450296683732185	0.028297370014297635	840	828	0.8351022012578616	0.8374606918238994	1668	695520	483
ENSG00000188959	1.065602171530048	0.15814137978036052	7.576345784711637	0.20356316569154334	0.03219175989491881	1070	603	0.7898977987421384	0.8816823899371069	1673	645210	484
ENSG00000081189	1.0406886263582587	0.1825901164186161	8.323173309178756	0.22362911561332238	0.0408324662544287	1313	361	0.7421383647798743	0.9292452830188679	1674	473993	485
ENSG00000133048	1.0217112306795721	0.19059719237507197	12.863416431355992	0.345617510708047	0.06587372717661513	1596	80	0.6865172955974843	0.9844732704402516	1676	127680	486
ENSG00000135069	1.150291116909289	0.22005278380801876	4.458201166120386	0.11978407116746152	0.026358818316257745	728	953	0.8571147798742138	0.8128930817610063	1681	693784	487
ENSG00000205420	1.0403395656454852	0.16670802952924307	9.08606458715879	0.24412667050811834	0.040697876195943186	1318	365	0.7411556603773585	0.9284591194968553	1683	481070	488
ENSG00000131203	1.0579924233969191	0.1762679471491661	7.093156332024468	0.1905807098463726	0.033593270490850966	1132	553	0.7777122641509434	0.8915094339622641	1685	625996	489
ENSG00000124126	1.033125842964797	0.17033328861249636	9.94251282061583	0.2671379372331997	0.045502483362089535	1417	271	0.7216981132075472	0.9469339622641509	1688	384007	490
ENSG00000107738	1.0607036455904333	0.2004145222139187	6.075749379897654	0.16324476375090258	0.03271662133106117	1104	584	0.7832154088050315	0.8854166666666666	1688	644736	491
ENSG00000162543	1.0326544800275363	0.18594881934091148	9.162419881521414	0.2461782037775119	0.045776546339894655	1423	266	0.7205188679245282	0.9479166666666666	1689	378518	492
ENSG00000177575	1.0405013665389968	0.12859284135770394	11.67352987522791	0.31364733919501864	0.04033280253137099	1315	374	0.741745283018868	0.926690251572327	1689	491810	493
ENSG00000167286	1.7470659541357594	0.15124177705554973	5.035703264187768	0.13530054290946225	0.02046309454620773	202	1499	0.9604952830188679	0.7055817610062893	1701	302798	494
ENSG00000121807	1.3503456235455953	0.1641346532994542	5.068928753271902	0.13619325371382712	0.02235403248004362	427	1274	0.9162735849056604	0.7498034591194969	1701	543998	495
ENSG00000184811	1.271523252801201	0.13390671616233485	6.443938328338898	0.17313735709960923	0.023184254934234184	512	1200	0.8995676100628931	0.7643474842767295	1712	614400	496
ENSG00000243238	3.1235068257315732	0.1567746100953104	4.573597939183625	0.12288458071425956	0.019265182228203743	57	1657	0.9889937106918238	0.6745283018867925	1714	94449	497
ENSG00000135374	1.0234564891764444	0.1713715957771731	11.544784861222874	0.3101881857505241	0.0531574443832935	1558	158	0.6939858490566038	0.9691430817610063	1716	246164	498
ENSG00000163364	1.15363455065402	0.15530901024112456	6.154145428996187	0.16535112853224743	0.02568052011459632	719	997	0.8588836477987422	0.8042452830188679	1716	716843	499
ENSG00000185532	1.1370798695983455	0.16992960779000588	5.782743637250591	0.15537221170088975	0.026402338995797955	769	949	0.8490566037735849	0.8136792452830188	1718	729781	500
ENSG00000134013	1.1076446343332735	0.1508706624907645	6.861500581148868	0.1843565248185395	0.027813991033868123	863	855	0.8305817610062893	0.8321540880503144	1718	737865	501
ENSG00000184985	1.1700317819476411	0.17631359813132585	5.288556734996338	0.14209427361242882	0.025053152654464436	683	1037	0.8659591194968553	0.7963836477987422	1720	708271	502
ENSG00000182667	1.040885865992157	0.13884588621826313	10.256829673570621	0.2755830815594781	0.03826357718588562	1311	412	0.7425314465408805	0.9192216981132075	1723	540132	503
ENSG00000114251	1.0792922231296336	0.14891756323781583	7.463501178668916	0.20053122841069423	0.02986262188800645	998	725	0.8040487421383647	0.8577044025157232	1723	723550	504
ENSG00000134321	1.514903039405896	0.11610608182246432	6.761442304259639	0.18166813384801206	0.021092775213091688	303	1421	0.9406446540880503	0.7209119496855345	1724	430563	505
ENSG00000198821	2.7620571046764986	0.17332363002717419	4.143033020710612	0.11131605410121194	0.019293702577123362	70	1656	0.9864386792452831	0.6747248427672956	1726	115920	506
ENSG00000211965	3.3718117614426206	0.1558748126692224	4.555447859524256	0.12239691980516137	0.019078596945919367	45	1682	0.9913522012578616	0.6696147798742138	1727	75690	507
ENSG00000281406	1.2740867992793268	0.20537915619459507	4.1517892187911665	0.11155131783538531	0.02291031552942652	509	1220	0.9001572327044025	0.7604166666666666	1729	620980	508
ENSG00000264230	1.407922560715464	0.18123502522367663	4.428208126503117	0.11897821062905746	0.02156301900442514	366	1365	0.9282625786163522	0.7319182389937107	1731	499590	509
ENSG00000198795	1.0222186756098657	0.20014445887929685	10.208660198792431	0.2742888519857258	0.05489739385730664	1587	145	0.6882861635220126	0.9716981132075472	1732	230115	510
ENSG00000183876	1.1151794280884888	0.17771370746143278	5.686042868220203	0.15277403109667886	0.02715003947001902	839	893	0.8352987421383647	0.824685534591195	1732	749227	511
ENSG00000106034	1.068793849418393	0.19047146256184477	5.970940454595468	0.1604287311629637	0.030557095061550698	1051	683	0.7936320754716981	0.8659591194968553	1734	717833	512
ENSG00000164932	1.0928502378686187	0.1530885478716342	6.979489283742104	0.18752667498040032	0.028708186359945403	932	804	0.8170204402515724	0.8421776729559749	1736	749328	513
ENSG00000166741	1.01746148789155	0.1908196454936149	15.356226720778576	0.4125949650643792	0.07873122496603527	1702	37	0.6656839622641509	0.9929245283018868	1739	62974	514
ENSG00000101463	1.0709684088386797	0.1420614131192566	7.931926831873021	0.21311700677495166	0.030275703142195815	1038	703	0.796187106918239	0.8620283018867925	1741	729714	515
ENSG00000243290	4.210834725525234	0.15118563276104183	4.644607836119813	0.12479249250003492	0.018866831942445345	28	1715	0.9946933962264151	0.66312893081761	1743	48020	516
ENSG00000157303	1.0243290986981046	0.16519960100151587	11.103855213012213	0.2983411769698343	0.04928584339773926	1545	200	0.6965408805031447	0.9608883647798743	1745	309000	517
ENSG00000244402	1.9565737860930639	0.17714605895981322	4.163787679017023	0.11187369548503379	0.019817984256443984	159	1587	0.9689465408805031	0.6882861635220126	1746	252333	518
ENSG00000091656	1.2223078023763907	0.174176712610919	5.035859523474777	0.13530474132331982	0.023566935044366612	590	1164	0.8842374213836478	0.7714229559748428	1754	686760	519
ENSG00000135046	1.0532366877094665	0.2346965832303525	5.207883961304104	0.13992673722159424	0.032840327128479556	1180	579	0.7682783018867925	0.8863993710691824	1759	683220	520
ENSG00000154655	1.0512926253516068	0.16147287728824186	7.630618928145293	0.20502139017117046	0.03310539377657416	1193	567	0.7657232704402516	0.8887578616352201	1760	676431	521
ENSG00000163661	1.0866894202024002	0.2140268551223593	5.013417583417633	0.13470176562869002	0.028829795276937638	965	796	0.8105345911949685	0.84375	1761	768140	522
ENSG00000276644	1.0188225317957527	0.18741725624131458	12.246735095377554	0.3290483613394984	0.06166934105294944	1666	99	0.6727594339622642	0.9807389937106918	1765	164934	523
ENSG00000164220	1.0188183955875285	0.17913222703744935	12.702152356184842	0.3412846269423138	0.06113507527782176	1667	101	0.672562893081761	0.9803459119496856	1768	168367	524
ENSG00000020633	1.0257668095857115	0.22016546929359637	7.8852241085740635	0.2118621862491599	0.04664473766111361	1518	253	0.7018474842767295	0.9504716981132075	1771	384054	525
ENSG00000167861	1.1141011935823548	0.17369737633704835	5.705271181160208	0.1532906622489784	0.02662618584961617	844	927	0.8343160377358491	0.8180031446540881	1771	782388	526
ENSG00000123243	1.0351036826419242	0.15064185788606366	9.800514699831503	0.2633226959796343	0.03966742014593922	1388	384	0.7273977987421384	0.9247248427672956	1772	532992	527
ENSG00000066294	1.043278391354291	0.12762560106371712	10.271792752564487	0.275985113332451	0.03522276597369215	1279	495	0.7488207547169812	0.9029088050314465	1774	633105	528
ENSG00000167757	1.044510364386457	0.132010676349098	9.79740857810065	0.2632392399190845	0.03475039010334082	1258	516	0.7529481132075472	0.8987814465408805	1774	649128	529
ENSG00000187720	1.335471248770758	0.21081923061316027	3.861480318791562	0.10375122523248434	0.021872753478685048	450	1325	0.9117531446540881	0.7397798742138364	1775	596250	530
ENSG00000105997	1.3109950859244217	0.1830514043709549	4.463621202938066	0.1199296980810322	0.021953299659517558	471	1314	0.907625786163522	0.7419418238993711	1785	618894	531
ENSG00000143452	1.095863567636459	0.15503231578511303	6.567126765992767	0.17644721505197716	0.027355020363341875	910	878	0.8213443396226415	0.8276336477987422	1788	798980	532
ENSG00000089472	1.0192449383900148	0.1851963150815235	11.238314788363754	0.30195387068707885	0.055920744175849864	1653	136	0.675314465408805	0.9734669811320755	1789	224808	533
ENSG00000134533	1.03244772147854	0.17813640814758225	8.53853664104228	0.22941555182594645	0.0408672623754696	1429	360	0.7193396226415094	0.929441823899371	1789	514440	534
ENSG00000166535	1.0485152641835769	0.17775162893528396	6.9875314447727614	0.1877427537873768	0.033371580306502176	1227	562	0.7590408805031447	0.8897405660377359	1789	689574	535
ENSG00000123689	1.0668531023942556	0.12578738790531097	8.772862640290244	0.2357114817592138	0.029649531589781855	1059	732	0.792059748427673	0.8563286163522013	1791	775188	536
ENSG00000010610	1.6521659902952146	0.14830181189857533	5.0392641537520495	0.13539621778663666	0.02007950442197233	241	1552	0.9528301886792453	0.6951650943396226	1793	374032	537
ENSG00000198947	1.0696640338688175	0.21243604196383958	5.1518282072865995	0.13842061711207446	0.02940552802548122	1046	747	0.7946147798742138	0.8533805031446541	1793	781362	538
ENSG00000197646	1.0734620294343005	0.20996283008476027	5.171644453332552	0.13895304499906141	0.02917497457689798	1025	769	0.7987421383647799	0.8490566037735849	1794	788225	539
ENSG00000100055	1.544552428961952	0.14847993040952961	5.0976636282742795	0.13696530956864808	0.02033659963327255	285	1510	0.9441823899371069	0.7034198113207547	1795	430350	540
ENSG00000143297	1.5468174637455736	0.1562828901926899	4.831373847215465	0.12981056869963645	0.020287170853935912	283	1514	0.9445754716981132	0.7026336477987422	1797	428462	541
ENSG00000164741	1.0277095734696926	0.17241086692641028	9.451731383303613	0.25395149803403855	0.043783997933309164	1493	305	0.7067610062893082	0.940251572327044	1798	455365	542
ENSG00000162654	1.0837161085084603	0.12043003719737753	8.78462473895244	0.23602750878687195	0.028424801662807343	979	820	0.8077830188679245	0.8390330188679245	1799	802780	543
ENSG00000186642	1.216205014291518	0.18201577616231915	4.752626825505515	0.12769477389781983	0.02324246338288353	607	1193	0.8808962264150944	0.7657232704402516	1800	724151	544
ENSG00000175899	1.0148668702813377	0.18533260080443337	16.524478973282783	0.4439838606617683	0.08228468361163867	1775	30	0.6513364779874213	0.9943003144654088	1805	53250	545
ENSG00000139971	1.8510282588371796	0.17900969242984396	4.052702431428485	0.10888902909000435	0.01949219160638601	179	1626	0.9650157232704403	0.68062106918239	1805	291054	546
ENSG00000259459	1.0277449280760245	0.18012919059970608	8.901828593614415	0.23917657145695062	0.04308268222695328	1492	314	0.7069575471698113	0.9384827044025157	1806	468488	547
ENSG00000069431	1.0519068515392318	0.1632867570634622	7.229103588338056	0.19423337495019044	0.031715737909108116	1185	621	0.7672955974842768	0.8781446540880503	1806	735885	548
ENSG00000205795	1.7266721655294042	0.17672697618722963	4.147768421125071	0.11144328603156146	0.019695034956726382	214	1596	0.9581367924528302	0.6865172955974843	1810	341544	549
ENSG00000129680	1.0467180774414917	0.22221058352166323	5.55077348480095	0.14913957925242288	0.03314039293185623	1244	566	0.7556996855345912	0.8889544025157232	1810	704104	550
ENSG00000005102	1.0804578121219035	0.16352981228133523	6.467379658124214	0.17376718464902594	0.02841611508631133	993	822	0.8050314465408805	0.8386399371069182	1815	816246	551
ENSG00000006210	1.018549239701907	0.19856198706414194	10.179755115212787	0.27351222292400523	0.05430913047012103	1679	149	0.6702044025157232	0.9709119496855346	1828	250171	552
ENSG00000006071	1.0319486126618957	0.18755912487816942	7.707430597069889	0.2070851854271755	0.03884071615395448	1433	399	0.7185534591194969	0.9217767295597484	1832	571767	553
ENSG00000255774	1.0363956306093454	0.16823022063884843	8.010772772017148	0.21523545934215788	0.03620910881443511	1372	466	0.7305424528301887	0.9086084905660378	1838	639352	554
ENSG00000186377	1.0342337407318802	0.13865018355334868	9.868723261018488	0.2651553407713367	0.03676383666809655	1400	439	0.7250393081761006	0.9139150943396226	1839	614600	555
ENSG00000125869	1.0254300515109211	0.18545884572913643	8.645038040542358	0.2322770582366707	0.04307783510993235	1527	315	0.7000786163522013	0.9382861635220126	1842	481005	556
ENSG00000131746	1.2370631714247906	0.11220278738757543	7.415625213137583	0.1992448849172698	0.022355831460434357	570	1273	0.8881682389937107	0.75	1843	725610	557
ENSG00000122694	1.0856781256847081	0.23995275763415608	4.249630797588374	0.11418015000358026	0.02739784186044068	971	874	0.8093553459119497	0.8284198113207547	1845	848654	558
ENSG00000007062	1.0143988361727285	0.18701011429568792	13.595055932080335	0.36527538498471535	0.06831019149539302	1789	68	0.6485849056603774	0.9868317610062893	1857	121652	559
ENSG00000241294	2.3857783484327233	0.1537657785941187	4.490700252836833	0.12065726481015847	0.018552958266570774	107	1751	0.9791666666666666	0.6560534591194969	1858	187357	560
ENSG00000172123	1.3014689438696232	0.1377045115834	5.801397910072989	0.15587341939880972	0.021464473087147558	481	1377	0.9056603773584906	0.729559748427673	1858	662337	561
ENSG00000114698	1.038943618887015	0.19758438875795706	6.509610312605148	0.17490184850408808	0.03455787482931705	1335	523	0.737814465408805	0.8974056603773585	1858	698205	562
ENSG00000176597	1.1429633168338063	0.22272843381235127	4.034664856156218	0.10840439097709886	0.024144740220711013	748	1113	0.8531839622641509	0.7814465408805031	1861	832524	563
ENSG00000154262	1.3494964171352963	0.2110104526481972	3.711660756225745	0.09972583551228947	0.021043193692167863	431	1431	0.9154874213836478	0.7189465408805031	1862	616761	564
ENSG00000166819	1.6936049065119347	0.15083249683600206	4.793188040285791	0.1287845828267667	0.019424900181744132	226	1639	0.9557783018867925	0.6780660377358491	1865	370414	565
ENSG00000127083	1.187352798374276	0.18782565236123822	4.584733015884271	0.12318376075801835	0.02313707022468549	660	1206	0.8704795597484276	0.7631682389937107	1866	795960	566
ENSG00000062038	1.0370038695071424	0.19545405553040643	6.671018920746775	0.1792386156180545	0.0350329143302044	1364	504	0.7321147798742138	0.9011399371069182	1868	687456	567
ENSG00000197253	1.0656686713729473	0.14644697711219748	7.3026010690482455	0.19620812376299016	0.02873408660994583	1069	803	0.7900943396226415	0.842374213836478	1872	858407	568
ENSG00000020181	1.2979209455879663	0.19611539182733914	4.038821634964063	0.10851607635646894	0.02128167283421436	485	1392	0.904874213836478	0.7266116352201257	1877	675120	569
ENSG00000113739	1.050833458328777	0.15498659257707692	7.366863057325489	0.19793473104030654	0.03067722951659729	1199	678	0.7645440251572327	0.8669418238993711	1877	812922	570
ENSG00000171243	1.031774139954265	0.18248593805971347	7.490151250556297	0.20124726925062653	0.03672479671115631	1438	441	0.7175707547169812	0.9135220125786163	1879	634158	571
ENSG00000143867	1.041285424792867	0.18694818842151822	6.5563108426336765	0.17615661010053785	0.03293215913677127	1304	575	0.7439072327044025	0.887185534591195	1879	749800	572
ENSG00000133106	1.1503793254503523	0.15025055028762963	5.870901148950217	0.15774084991659498	0.023700649502806793	727	1152	0.8573113207547169	0.7737814465408805	1879	837504	573
ENSG00000280202	1.3706020788575295	0.1235149988580728	6.194316509374622	0.16643045523187944	0.020556657487914125	404	1483	0.9207940251572327	0.7087264150943396	1887	599132	574
ENSG00000132554	1.0250167549002096	0.18677706863163046	8.236017453159059	0.22128739013456625	0.04133141005447827	1537	353	0.6981132075471699	0.9308176100628931	1890	542561	575
ENSG00000240864	3.2662745141526512	0.15052425971555114	4.441004584870867	0.11932202909365759	0.017960860097080266	50	1841	0.9903694968553459	0.6383647798742138	1891	92050	576
ENSG00000100181	1.0388739463746113	0.12355863715347408	10.073345524841262	0.2706531832640575	0.033441538465356406	1337	560	0.7374213836477987	0.8901336477987422	1897	748720	577
ENSG00000137752	1.0494169123503712	0.1603495306733408	7.1104948826632315	0.19104656638946388	0.030634227257303775	1217	680	0.7610062893081762	0.8665487421383647	1897	827560	578
ENSG00000118971	1.018455279526533	0.19888542506927434	9.073962634124602	0.243801512187644	0.04848856738397145	1681	220	0.6698113207547169	0.9569575471698113	1901	369820	579
ENSG00000254838	1.4965331559088986	0.1700017187639053	4.306690284316499	0.11571323865623259	0.01967144945529751	317	1599	0.9378930817610063	0.6859276729559749	1916	506883	580
ENSG00000149043	1.0401726257962116	0.18084400941468684	6.651955049470294	0.17872640272576443	0.032321599257191254	1322	597	0.7403694968553459	0.8828616352201257	1919	789234	581
ENSG00000118495	1.0740911597910465	0.23058743737109672	4.354159608693307	0.11698865641275591	0.026976114483705106	1020	900	0.7997248427672956	0.823309748427673	1920	918000	582
ENSG00000163017	1.0240216396521946	0.15732047192508541	9.486413186497357	0.2548833374524896	0.04009836693386646	1549	376	0.695754716981132	0.9262971698113207	1925	582424	583
ENSG00000103647	1.1082221310756182	0.20286052277620778	4.539388735691986	0.12196543922356938	0.02474197276152308	861	1064	0.8309748427672956	0.7910770440251572	1925	916104	584
ENSG00000141506	1.360861018531337	0.13541952442663674	5.5764471157475395	0.1498293848313644	0.02028982403899891	417	1513	0.9182389937106918	0.7028301886792453	1930	630921	585
ENSG00000175745	1.0658718090218344	0.17099193292182868	5.983798814162958	0.16077421280458046	0.027491093411440633	1067	868	0.7904874213836478	0.8295990566037736	1935	926156	586
ENSG00000100234	1.0201700719869018	0.14369090387809164	11.405746649666204	0.30645247208316756	0.04403443270930599	1636	301	0.6786556603773585	0.9410377358490566	1937	492436	587
ENSG00000082175	1.0104839588914014	0.17636094475008113	21.9245660484324	0.5890747595282965	0.10388978111883722	1929	12	0.621069182389937	0.9978380503144654	1941	23148	588
ENSG00000140368	1.7074754895990565	0.18090370253737087	3.8674454070024415	0.10391149672409	0.018797974493587766	220	1721	0.9569575471698113	0.6619496855345912	1941	378620	589
ENSG00000225614	1.0225675222227388	0.1700767542912607	8.932036633533308	0.23998820867757945	0.04081641560005648	1579	362	0.6898584905660378	0.9290487421383647	1941	571598	590
ENSG00000139117	1.0231616924023976	0.2211904187826364	6.723545738323942	0.18064991937497735	0.03995803131960074	1564	379	0.6928066037735849	0.9257075471698113	1943	592756	591
ENSG00000173372	1.7302282363872008	0.14180723250312247	4.890676584701821	0.13140392957834093	0.018634027593539725	209	1740	0.9591194968553459	0.6582154088050314	1949	363660	592
ENSG00000120093	1.1549118893362968	0.10238261982187177	8.26039917042325	0.2219424842514834	0.02272305298744139	717	1237	0.8592767295597484	0.7570754716981132	1954	886929	593
ENSG00000135074	1.0328284696948484	0.18097346961133937	7.037850302264617	0.189094733516931	0.03422113000979063	1421	534	0.7209119496855345	0.8952437106918238	1955	758814	594
ENSG00000204381	1.0251310907897582	0.18464723430940502	7.4937710277708245	0.2013445263360112	0.03717770993128163	1533	428	0.6988993710691824	0.9160770440251572	1961	656124	595
ENSG00000122224	2.2278714133535695	0.16624215147350993	4.017209166082138	0.1079353871021727	0.017943410971991324	119	1845	0.976808176100629	0.6375786163522013	1964	219555	596
ENSG00000231475	2.461937232864182	0.14619991633163962	4.534583335589098	0.12183632652397056	0.01781246074395882	97	1869	0.9811320754716981	0.6328616352201257	1966	181293	597
ENSG00000196664	1.1084031121322138	0.14595116084351137	6.171398581121625	0.16581469056658582	0.024200846573100836	859	1108	0.8313679245283019	0.7824292452830188	1967	951772	598
ENSG00000145936	1.0264941844859892	0.18441658425083257	7.301672584267195	0.196183177000171	0.036179431389848034	1510	467	0.7034198113207547	0.9084119496855346	1977	705170	599
ENSG00000187288	1.6972973792613977	0.13137395713596983	5.249165719892004	0.14103590590294252	0.018528445056725844	224	1754	0.9561713836477987	0.6554638364779874	1978	392896	600
ENSG00000108176	1.0307228397106913	0.1972271232874307	6.511063748803852	0.1749408997937396	0.03450309041163394	1452	529	0.714819182389937	0.8962264150943396	1981	768108	601
ENSG00000089012	1.979122281493419	0.16330080759496185	4.109245533957081	0.11040824340199745	0.0180297553126873	155	1829	0.9697327044025157	0.6407232704402516	1984	283495	602
ENSG00000169413	1.0439244779317758	0.13753169990739447	8.128170916984557	0.21838974225307045	0.030035512494402512	1267	717	0.7511792452830188	0.8592767295597484	1984	908439	603
ENSG00000072952	1.1626402194147156	0.17900176353681577	4.608617075849517	0.12382548369335519	0.022164979951909802	695	1290	0.8636006289308176	0.7466588050314465	1985	896550	604
ENSG00000211638	1.2211587384295162	0.13383945367539898	5.914487140720784	0.15891192931512585	0.021268685802040065	594	1396	0.8834512578616353	0.7258254716981132	1990	829224	605
ENSG00000118523	1.0885943395372135	0.1875344151704434	4.967219177806661	0.1334604952374879	0.02502843592272004	956	1039	0.8123034591194969	0.7959905660377359	1995	993284	606
ENSG00000178695	1.1382958851634282	0.20971420277076816	4.039915297324105	0.10854546115205958	0.022763524849889562	765	1234	0.8498427672955975	0.7576650943396226	1999	944010	607
ENSG00000277494	1.0758492662918742	0.17613423166421027	5.451643585883565	0.14647613217493793	0.025799460997778002	1014	985	0.8009040880503144	0.8066037735849056	1999	998790	608
ENSG00000211935	1.1408610692428853	0.12806953264643908	6.585880626355902	0.17695109849301022	0.02266204448527383	757	1243	0.8514150943396226	0.7558962264150944	2000	940951	609
ENSG00000172201	1.0258606169462732	0.19417575223244085	6.822866320653983	0.18331848978239312	0.03559600565161121	1516	486	0.7022405660377358	0.9046776729559749	2002	736776	610
ENSG00000167693	1.0753598926526977	0.2219586535444945	4.323631677441883	0.1161684242712803	0.02578458703563895	1015	987	0.8007075471698113	0.8062106918238994	2002	1001805	611
ENSG00000198502	1.0154513030581849	0.11035378732679012	15.887439042780189	0.4268677114507982	0.04710646864611499	1761	242	0.6540880503144655	0.9526336477987422	2003	426162	612
ENSG00000162949	1.033403830586985	0.15120130733597625	7.9973110850771745	0.21487376734882527	0.03248919453534879	1412	594	0.722680817610063	0.8834512578616353	2006	838728	613
ENSG00000183044	1.0690449254627448	0.19408391791578164	5.036748291784118	0.1353286209739795	0.02626510896476976	1050	956	0.7938286163522013	0.8123034591194969	2006	1003800	614
ENSG00000186310	1.1324216916726841	0.190398578721179	4.46574940856385	0.11998687924550615	0.0228453312735341	784	1227	0.8461084905660378	0.7590408805031447	2011	961968	615
ENSG00000101336	1.0503506219657361	0.13974891347916277	7.6331534614535155	0.2050894886500986	0.028661033204848363	1206	805	0.7631682389937107	0.8419811320754718	2011	970830	616
ENSG00000104213	1.0861776389173057	0.1720884019590866	5.400433260908328	0.14510020027263648	0.024970061588861434	968	1044	0.8099449685534591	0.7950078616352201	2012	1010592	617
ENSG00000170549	1.0203712506376525	0.17489111097967744	8.377684629973066	0.2250937395022305	0.0393668941761152	1632	386	0.6794418238993711	0.9243317610062893	2018	629952	618
ENSG00000100219	1.611597981558423	0.20445172518067706	3.3592464207111266	0.09025707843454374	0.01845321539571015	259	1761	0.9492924528301887	0.6540880503144655	2020	456099	619
ENSG00000164176	1.0141798609982393	0.1396477222368782	12.885478891486436	0.346210290440482	0.048347478474981366	1799	222	0.6466194968553459	0.956564465408805	2021	399378	620
ENSG00000066056	1.3259176604618659	0.17592738773775027	4.220560723420935	0.11339908793321474	0.019950005311933906	458	1565	0.9101808176100629	0.6926100628930818	2023	716770	621
ENSG00000181804	1.0364946254845913	0.18583152271708708	6.239201776741085	0.1676364438941797	0.031152135631732948	1371	653	0.7307389937106918	0.8718553459119497	2024	895263	622
ENSG00000211652	2.08502318866684	0.15715071279701365	4.1916705339292	0.11262285904959735	0.017698762576881823	137	1889	0.9732704402515723	0.628930817610063	2026	258793	623
ENSG00000170962	1.019830021525975	0.1897523605087199	7.709266392968511	0.2071345100534935	0.03930426222546757	1639	387	0.6780660377358491	0.9241352201257862	2026	634293	624
ENSG00000213203	1.0437668780448384	0.1791396102932315	6.090608191424108	0.16364399403931454	0.029315121319030704	1272	755	0.7501965408805031	0.8518081761006289	2027	960360	625
ENSG00000091972	1.0179624899415125	0.19082849072408942	8.166511875038056	0.21941989676539042	0.04187156773457496	1693	340	0.6674528301886793	0.933372641509434	2033	575620	626
ENSG00000125730	1.011207695074268	0.18481784682962324	11.247627473471136	0.3022040862547702	0.055852708524720365	1900	137	0.6267688679245282	0.9732704402515723	2037	260300	627
ENSG00000170500	1.0129471908160512	0.18431233826612792	10.016967788739791	0.26913841205885514	0.04960553004380023	1840	197	0.6385613207547169	0.9614779874213837	2037	362480	628
ENSG00000135318	1.0387900761620346	0.17144611951346694	6.602938674738532	0.17740941843087454	0.030416156355114382	1339	698	0.7370283018867925	0.8630110062893082	2037	934622	629
ENSG00000154736	1.0126064990819086	0.1923939377968773	9.741254105110315	0.2617304674033527	0.05035535526514826	1850	188	0.6365959119496856	0.9632468553459119	2038	347800	630
ENSG00000177098	1.0557206556342207	0.19130380289163462	5.297547321226292	0.14233583494640137	0.027229386513002607	1154	885	0.7733883647798743	0.8262578616352201	2039	1021290	631
ENSG00000088882	1.0404890462342162	0.18568307996713118	5.988900367998288	0.16091128263721152	0.029878502561538994	1316	724	0.7415487421383649	0.8579009433962264	2040	952784	632
ENSG00000211625	3.172529156413939	0.15460075235433535	4.112671593511219	0.11050029563251937	0.01708342884016397	52	1999	0.9899764150943396	0.6073113207547169	2051	103948	633
ENSG00000145362	1.0336893811145542	0.1877946594252395	6.204944642691391	0.1667160145931904	0.031308377181261456	1408	643	0.7234669811320755	0.8738207547169812	2051	905344	634
ENSG00000185483	1.074232971561028	0.21339406294381785	4.382299360391046	0.11774472234482103	0.025126024691353097	1019	1033	0.7999213836477987	0.7971698113207547	2052	1052627	635
ENSG00000106004	1.2467154777808875	0.16746695308247841	4.5251418816001046	0.12158265116155391	0.02036107613771529	549	1506	0.8922955974842768	0.7042059748427674	2055	826794	636
ENSG00000249661	1.0213660875284458	0.18225120790308183	7.448461660106308	0.20012714284014663	0.036473413516809314	1604	456	0.6849449685534591	0.9105738993710691	2060	731424	637
ENSG00000135114	1.7471675071638928	0.11744977603010369	5.659906230201676	0.15207178532717855	0.01786079712717513	201	1860	0.960691823899371	0.6346305031446541	2061	373860	638
ENSG00000163909	1.0222862824150392	0.1455894388069336	9.177210974898026	0.24657561459762758	0.03589880535274334	1585	480	0.6886792452830188	0.9058569182389937	2065	760800	639
ENSG00000049249	1.0834597247575386	0.18093001613493412	5.0265915116412225	0.13505572604839505	0.02443563469305136	980	1085	0.8075864779874213	0.7869496855345912	2065	1063300	640
ENSG00000072840	1.0436879773725227	0.17088585859735572	6.280993049946061	0.1687593023425166	0.028838578277091693	1274	793	0.7498034591194969	0.8443396226415094	2067	1010282	641
ENSG00000169515	1.0115694495593273	0.19269753309770887	9.840259086045448	0.2643905581530457	0.05094740833041824	1890	181	0.6287342767295597	0.964622641509434	2071	342090	642
ENSG00000116824	3.781989033788409	0.16508154222701285	3.7953195738810566	0.10197360168398288	0.01683395943243501	37	2037	0.9929245283018868	0.5998427672955975	2074	75369	643
ENSG00000276775	1.5019236236587652	0.13924840757632956	4.9273159197601215	0.13238836445568658	0.018434868932089107	311	1764	0.9390723270440251	0.653498427672956	2075	548604	644
ENSG00000197635	1.024914197729505	0.17918254076182438	7.098039491887234	0.19071191181477384	0.03417224491251617	1540	535	0.6975235849056604	0.8950471698113207	2075	823900	645
ENSG00000174125	1.027062851293019	0.16545907067147633	7.4085209688536535	0.19905400629354053	0.032935290894763415	1501	574	0.7051886792452831	0.8873820754716981	2075	861574	646
ENSG00000187486	1.1246794036450949	0.19119883340586094	4.343377189238725	0.11669895165265667	0.022312703415674925	797	1279	0.8435534591194969	0.7488207547169812	2076	1019363	647
ENSG00000102935	1.0151827724660052	0.19924564052017363	8.09334746238616	0.21745409690902212	0.04332678082237402	1768	310	0.6527122641509434	0.93926886792452835	2078	548080	648
ENSG00000163565	1.008143002406479	0.21459985580496577	13.754161574921113	0.369550275447267	0.07930543582366888	2045	36	0.5982704402515724	0.99312106918239	2081	73620	649
ENSG00000230882	1.213805168253528	0.17643255257983545	4.350499091923318	0.11689030472673999	0.020623254834773543	609	1474	0.8805031446540881	0.710495283018868	2083	897666	650
ENSG00000116299	1.0167612032332822	0.1677712160162001	9.124003215576765	0.24514601512651504	0.04112844505930121	1731	357	0.6599842767295597	0.9300314465408805	2088	617967	651
ENSG00000162078	1.0251173928026764	0.16912809282627012	7.3650955629302945	0.19788724155597576	0.033468291759013606	1534	557	0.6987028301886793	0.8907232704402516	2091	854438	652
ENSG00000123095	1.0555737245138523	0.16649749542627676	5.926882381315665	0.15924496775960842	0.026513888291212994	1156	935	0.7729952830188679	0.8164308176100629	2091	1080860	653
ENSG00000176887	1.011968296152167	0.16078420490047174	11.261701586326527	0.3025822330617605	0.0486504437598444	1875	217	0.6316823899371069	0.9575471698113207	2092	406875	654
ENSG00000213759	1.0252498709660922	0.1172145917473512	10.497199576155257	0.28204140060899047	0.03305936762823395	1530	569	0.6994889937106918	0.8883647798742138	2099	870570	655
ENSG00000121440	1.032584284715674	0.14344863516877002	8.002166410298713	0.21500422144907935	0.03084206212239442	1426	673	0.7199292452830188	0.8679245283018868	2099	959698	656
ENSG00000211967	3.149236247308991	0.15213670939967971	4.108830833324441	0.11039710112100959	0.01679545169181409	53	2049	0.9897798742138365	0.5974842767295597	2102	108597	657
ENSG00000225698	1.7751357047671579	0.16389908210001225	4.003960238289214	0.1075794115751596	0.01763216681002809	194	1909	0.9620676100628931	0.625	2103	370346	658
ENSG00000154548	1.3689159991803508	0.20451201283260212	3.451572812389033	0.09273772716691245	0.018965979248425954	407	1696	0.9202044025157232	0.6668632075471699	2103	690272	659
ENSG00000072163	1.0931018161790536	0.19644130381278796	4.442184791268767	0.11935373917624262	0.023446004138712527	926	1177	0.8181996855345912	0.7688679245283019	2103	1089902	660
ENSG00000122122	2.1786776987022543	0.15233195576076394	4.202602205797933	0.11291657396113042	0.017200802549303947	125	1981	0.97562893081761	0.6108490566037736	2106	247625	661
ENSG00000159166	1.0345905747419724	0.17077494408069935	6.55245282223888	0.1760529518374142	0.030065433005276466	1397	715	0.72562893081761	0.8596698113207547	2112	998855	662
ENSG00000186910	1.0119324165929005	0.17509560642753103	10.165544249240435	0.2731304017998443	0.047823933336938955	1880	234	0.6306996855345912	0.9542059748427673	2114	439920	663
ENSG00000161940	1.2436293546015926	0.15665166339208184	4.760679208760838	0.12791112735810178	0.02003749086700307	555	1559	0.8911163522012578	0.6937893081761006	2114	865245	664
ENSG00000101311	1.0562355971454704	0.19381236737626198	4.997728593336836	0.13428022989390415	0.026025169247566267	1150	965	0.7741745283018868	0.8105345911949685	2115	1109750	665
ENSG00000228649	1.2299215936633168	0.22542003375292002	3.3251411089951204	0.08934072833423329	0.020139189996613325	577	1542	0.8867924528301887	0.6971305031446541	2119	889734	666
ENSG00000196549	1.0177082340431156	0.1854138702354603	7.471445225164582	0.20074467105164678	0.0372208463888302	1697	425	0.6666666666666667	0.9166666666666666	2122	721225	667
ENSG00000137727	1.1016227550832487	0.20280037366455844	4.180313548769607	0.11231771671350389	0.02277807491864861	889	1233	0.8254716981132075	0.7578616352201257	2122	1096137	668
ENSG00000177409	1.0350261174487112	0.11723545215741996	9.407229981660896	0.2527558231726321	0.02963194321506441	1391	734	0.7268081761006289	0.855935534591195	2125	1020994	669
ENSG00000117472	1.0264822277820627	0.16416101237352768	7.20247205160436	0.1935178321174331	0.031768083232728186	1511	616	0.7032232704402516	0.879127358490566	2127	930776	670
ENSG00000229544	1.108933929279812	0.19485402369201885	4.279321978478543	0.11497790012571953	0.02240390647515553	858	1269	0.831564465408805	0.7507861635220126	2127	1088802	671
ENSG00000137078	1.5449199671354223	0.16418896240970615	4.0683885588045765	0.10931048790891959	0.017947575590264237	284	1844	0.94437893081761	0.6377751572327044	2128	523696	672
ENSG00000129038	1.1221371759376293	0.17749364594390765	4.599855765157823	0.12359008259225877	0.021936454361808685	812	1316	0.8406053459119497	0.7415487421383649	2128	1068592	673
ENSG00000186007	1.3231065434716616	0.1927743247727977	3.699390523932688	0.09939615582232791	0.01916102682366105	459	1672	0.9099842767295597	0.6715801886792453	2131	767448	674
ENSG00000197308	1.014366747704086	0.19330433939675176	8.04760772466877	0.21622515012224253	0.04179725980534357	1791	342	0.6481918238993711	0.9329795597484276	2133	612522	675
ENSG00000105880	1.192325009670629	0.1575529292865575	4.849341782320721	0.13029333570300458	0.020528096706525178	652	1487	0.8720518867924528	0.707940251572327	2139	969524	676
ENSG00000122591	1.219549484896223	0.23758399834776686	3.1551994113890007	0.08477469202455166	0.020141110289893526	599	1541	0.8824685534591195	0.6973270440251572	2140	923059	677
ENSG00000120162	1.0519358085733461	0.21459444328344024	4.553750485708129	0.12235131433819997	0.026255912185403223	1184	959	0.7674921383647799	0.8117138364779874	2143	1135456	678
ENSG00000079308	1.0945890497339354	0.19842858642102174	4.283975213608881	0.1151029244185323	0.02283971058529507	916	1228	0.8201650943396226	0.7588443396226415	2144	1124848	679
ENSG00000019991	1.0594726956356642	0.19891277624919745	4.693492966199801	0.1261059504805835	0.025084084711636683	1112	1034	0.7816430817610063	0.7969732704402516	2146	1149808	680
ENSG00000018236	1.0175810288750238	0.15881740451401621	8.588972180347627	0.2307706665918372	0.03665039830608498	1700	447	0.6660770440251572	0.9123427672955975	2147	759900	681
ENSG00000116711	1.0269970517048925	0.2183744362449291	5.328523084133847	0.14316809954154386	0.031264253025642535	1502	646	0.7049921383647799	0.8732311320754718	2148	970292	682
ENSG00000160307	1.034687455615965	0.1967086548561136	5.547590708101122	0.1490540636068707	0.029320224352945134	1395	753	0.7260220125786163	0.8522012578616353	2148	1050435	683
ENSG00000172578	1.4609295654414645	0.16503926008802677	4.082486170514834	0.1096892660890577	0.018103035314936768	336	1814	0.9341588050314465	0.6436713836477987	2150	609504	684
ENSG00000120594	1.0179786988370252	0.1741323744756314	7.750407088160321	0.20823988860800657	0.03626130626385317	1692	462	0.6676493710691824	0.9093946540880503	2154	781704	685
ENSG00000134339	1.1770618682513485	0.15733014865015665	4.8588272439851865	0.1305481934747236	0.020539166685387675	673	1485	0.8679245283018868	0.7083333333333333	2158	999405	686
ENSG00000081277	1.0120521391768293	0.18137550895912552	9.129318950922352	0.2452888396418783	0.044489388132039	1871	288	0.6324685534591195	0.9435927672955975	2159	538848	687
ENSG00000111335	1.6845748269739567	0.09374922651267935	6.924930725809693	0.18606078191217498	0.017443054388610726	229	1940	0.9551886792452831	0.6189072327044025	2169	444260	688
ENSG00000211951	1.599762977345228	0.14361052531293148	4.571409765631683	0.12282578831645026	0.017639075982100343	263	1906	0.9485062893081762	0.6255896226415094	2169	501278	689
ENSG00000144857	1.0492672632066697	0.22172279882903795	4.430153992463059	0.1190304926454903	0.026391773975357326	1218	952	0.760809748427673	0.8130896226415094	2170	1159536	690
ENSG00000084207	1.0065079950061961	0.187421637788649	16.999414985051747	0.45674456097875976	0.08560381366969662	2147	27	0.5782232704402516	0.9948899371069182	2174	57969	691
ENSG00000179954	1.0301431436119797	0.17180189189209744	6.500205327609617	0.1746491529997679	0.030005054902712512	1457	719	0.7138364779874213	0.8588836477987422	2176	1047583	692
ENSG00000165168	1.423687085380393	0.14011740161675973	4.790284573156454	0.12870657174106334	0.01803403040335887	350	1827	0.9314072327044025	0.6411163522012578	2177	639450	693
ENSG00000136960	1.012947049957418	0.16386471254583138	9.531271708342304	0.2560886075093853	0.04196388605578765	1841	339	0.6383647798742138	0.9335691823899371	2180	624099	694
ENSG00000185634	1.0590293777276585	0.17352191730609143	5.309236759493327	0.14264990971627198	0.024752885837508353	1119	1063	0.7802672955974843	0.7912735849056604	2182	1189497	695
ENSG00000184304	1.0702940770111287	0.1916480170528469	4.636055826498275	0.12456271495277754	0.02387219731941882	1043	1140	0.7952044025157232	0.7761399371069182	2183	1189020	696
ENSG00000103522	1.0721771773189293	0.166814534880238	5.286728682388692	0.14204515703480192	0.02369519680275085	1032	1153	0.7973663522012578	0.7735849056603774	2185	1189896	697
ENSG00000073282	1.0500063944350355	0.16181836072198658	5.943017493328782	0.15967849001077145	0.025838911496105142	1211	978	0.762185534591195	0.8079795597484276	2189	1184358	698
ENSG00000180644	1.103844650691308	0.1477599148580631	5.52585115355095	0.1484699597828495	0.021937908616493897	878	1315	0.8276336477987422	0.741745283018868	2193	1154570	699
ENSG00000106819	1.1008701254149371	0.16825533999405043	4.882911146837498	0.13119528583905538	0.022074307424466894	892	1301	0.8248820754716981	0.7444968553459119	2193	1160492	700
ENSG00000111817	1.2076257219945634	0.20599549949432466	3.593897496905162	0.09656174261702777	0.01989128440243705	620	1574	0.8783411949685535	0.6908411949685535	2194	975880	701
ENSG00000198467	1.1225847943504281	0.1818735754071657	4.374999474327017	0.11754858716849632	0.021378981832395307	809	1385	0.8411949685534591	0.7279874213836478	2194	1120465	702
ENSG00000100453	1.221159774712011	0.18119703308371793	4.03338886622868	0.1083701073585285	0.019636341928329352	593	1604	0.8836477987421384	0.6849449685534591	2197	951172	703
ENSG00000049540	1.0080398797039667	0.17588989345902944	11.43259797652121	0.3071739202922307	0.05402878811359286	2048	152	0.597680817610063	0.9703223270440251	2200	311296	704
ENSG00000113532	1.018910362281603	0.15328804243978345	8.228005452440406	0.22107212168244478	0.033887712770711564	1661	546	0.6737421383647799	0.8928852201257862	2207	906906	705
ENSG00000204019	1.0606700209166653	0.1712321088328206	5.264257315143226	0.14144139068306874	0.024219307602908725	1105	1103	0.7830188679245282	0.7834119496855346	2208	1218815	706
ENSG00000157404	1.0075909264969942	0.17710455892231367	11.816367468579903	0.3174851356088474	0.056228064906395855	2077	132	0.5919811320754718	0.9742531446540881	2209	274164	707
ENSG00000075884	1.0396065922785562	0.15107516526643724	6.72312288777759	0.18063855812005636	0.027290000021478442	1330	880	0.7387971698113207	0.8272405660377359	2210	1170400	708
ENSG00000117122	1.041995034514409	0.1706512972267704	5.840239229219937	0.15691701773894134	0.026778092634106482	1293	917	0.746069182389937	0.8199685534591195	2210	1185681	709
ENSG00000211976	1.6338138879361686	0.14069818919603047	4.574034376472034	0.12289630702118629	0.017291287856760314	248	1964	0.9514544025157232	0.614190251572327	2212	487072	710
ENSG00000235584	1.0082938476285983	0.19453231774524643	9.603830743235978	0.2580381419237575	0.05019675781510539	2028	189	0.6016116352201257	0.9630503144654088	2217	383292	711
ENSG00000173482	1.0159041835669909	0.1749336494635269	7.668897237264122	0.20604986141614348	0.03604505422897994	1749	469	0.6564465408805031	0.90801886792452835	2218	820281	712
ENSG00000175445	1.0100345131069193	0.13524760257531662	12.481564461051914	0.3353578158486195	0.04535634059842031	1947	273	0.6175314465408805	0.9465408805031447	2220	531531	713
ENSG00000205426	1.011577203536098	0.17338654914445045	9.114760416309457	0.24489767726916678	0.04246196315519215	1889	331	0.628930817610063	0.9351415094339622	2220	625259	714
ENSG00000260284	1.1007569420707832	0.16520519616432464	4.884976160537548	0.1312507691469618	0.02168330906364231	893	1352	0.824685534591195	0.7344732704402516	2245	1207336	715
ENSG00000116157	1.008847981188575	0.19432177248002466	8.973232930000306	0.24109508114115044	0.04685002350356372	1999	247	0.6073113207547169	0.9516509433962264	2246	493753	716
ENSG00000110427	1.0265781325979413	0.1815346382875662	6.04322341571024	0.16237084795755	0.029475933152419243	1509	740	0.7036163522012578	0.8547562893081762	2249	1116660	717
ENSG00000162482	1.0205037044859862	0.17034891402725413	6.910987712050561	0.1856861575087037	0.031631435281501336	1624	626	0.6810141509433962	0.8771619496855346	2250	1016624	718
ENSG00000120708	1.0164042634189063	0.1507788400066598	8.600456203934389	0.23107922222837043	0.034841857077234854	1738	513	0.6586084905660378	0.89937106918239	2251	891594	719
ENSG00000118785	1.00570807453825	0.11817801882177002	23.1407003002841	0.6217501607372015	0.07347720219803953	2200	52	0.5678066037735849	0.9899764150943396	2252	114400	720
ENSG00000285094	1.0345090214867079	0.17503202164015197	5.915115184459697	0.15892880375239665	0.027817629817632958	1399	854	0.7252358490566038	0.8323506289308176	2253	1194746	721
ENSG00000245750	1.041605145615237	0.19041381929994405	5.138141646932366	0.1380528831632415	0.026287176748481755	1300	954	0.7446933962264151	0.8126965408805031	2254	1240200	722
ENSG00000115165	1.0313744331734662	0.15544486370849142	6.829929464530833	0.18350826411003904	0.028525417103966867	1445	813	0.7161949685534591	0.8404088050314465	2258	1174785	723
ENSG00000163751	1.0110250747480054	0.15510372565571226	9.899096430650902	0.2659714147386755	0.041253157343889194	1910	355	0.6248034591194969	0.9304245283018868	2265	678050	724
ENSG00000187474	1.0634760704369322	0.157710945510715	5.506072136663716	0.14793853217827047	0.023331525787302368	1081	1185	0.7877358490566038	0.7672955974842768	2266	1280985	725
ENSG00000197872	1.075047032451916	0.23896741141047026	3.514604649279599	0.09443128242711299	0.02256599911777822	1016	1254	0.8005110062893082	0.7537342767295597	2270	1274064	726
ENSG00000149633	1.0154033138458425	0.20866351253350016	6.219770066910284	0.1671143478230184	0.0348706668114961	1762	511	0.6538915094339622	0.8997641509433962	2273	900382	727
ENSG00000196427	1.380203029458503	0.11790745260162579	5.593020024215753	0.15027466990788685	0.01771850351938913	389	1888	0.9237421383647799	0.6291273584905661	2277	734432	728
ENSG00000165474	1.0232916282403788	0.13049821018916682	8.572830555176049	0.23033696934349313	0.030058562239722843	1561	716	0.6933962264150944	0.8594732704402516	2277	1117676	729
ENSG00000196917	1.0180183145202364	0.16618498635236187	7.309054271554194	0.1963815100323458	0.0326356585645816	1690	588	0.6680424528301887	0.8846305031446541	2278	993720	730
ENSG00000160862	1.0076078219033333	0.12754414347991933	14.339969536764675	0.38528991122799117	0.04914147171902829	2076	205	0.5921776729559749	0.9599056603773585	2281	425580	731
ENSG00000253552	1.2308966676242252	0.19272514781747893	3.6484554539670775	0.09802761954091338	0.018892387466218116	574	1708	0.8873820754716981	0.664504716981132	2282	980392	732
ENSG00000140545	1.181549586903305	0.22790931364253342	3.186854582173656	0.08562521112155934	0.019514783097211608	666	1621	0.8693003144654088	0.6816037735849056	2287	1079586	733
ENSG00000061337	1.0152981375699563	0.1756371889755582	7.314911978169869	0.19653889636822097	0.03451953928247287	1764	528	0.653498427672956	0.8964229559748428	2292	931392	734
ENSG00000122863	1.2356037400398645	0.24046021637339024	2.9086398185747884	0.07815006681985752	0.018791981977097843	571	1723	0.8879716981132075	0.6615566037735849	2294	983833	735
ENSG00000049192	1.1669013718897308	0.16433368502025794	4.428901319207186	0.1189968355051236	0.01955518848430643	688	1612	0.8649764150943396	0.6833726415094339	2300	1109056	736
ENSG00000134871	1.118059976457084	0.13328849109926505	5.755957981273575	0.15465252795350737	0.020613402095609905	826	1476	0.8378537735849056	0.7101022012578616	2302	1219176	737
ENSG00000132274	1.0375313291778312	0.1580684196023136	6.221519840639647	0.16716136118403893	0.026422932180932564	1358	945	0.7332940251572326	0.8144654088050315	2303	1283310	738
ENSG00000147443	1.2862814809696979	0.16684657310464765	4.042245660133877	0.10860807392664074	0.01812088494615624	498	1810	0.9023191823899371	0.6444575471698113	2308	901380	739
ENSG00000174963	1.363008925898453	0.1577706338442257	4.167799136267514	0.11198147632821996	0.017667388499115422	414	1901	0.9188286163522013	0.6265723270440251	2315	787014	740
ENSG00000132530	1.0685525350465308	0.10176999791681703	8.231463245332181	0.22116502653227035	0.022507964289461935	1052	1263	0.793435534591195	0.7519654088050315	2315	1328676	741
ENSG00000204472	1.4054496109954915	0.1479700857865599	4.3778109291162295	0.11762412604348349	0.017404852021223386	369	1948	0.9276729559748428	0.6173349056603774	2317	718812	742
ENSG00000089225	1.0936167018901781	0.16832611681343215	4.700744051233107	0.12630077445853036	0.02125971891513353	921	1398	0.8191823899371069	0.7254323899371069	2319	1287558	743
ENSG00000073464	1.0729725224567528	0.22149293177079823	3.72287959453801	0.10002726608411404	0.022155332421988153	1027	1292	0.7983490566037736	0.7462657232704403	2319	1326884	744
ENSG00000078081	1.0422829398305817	0.2060581446437143	4.542098273523661	0.12203823976808646	0.025146973262196646	1287	1032	0.747248427672956	0.7973663522012578	2319	1328184	745
ENSG00000105122	1.5067235406493449	0.16435391907914357	3.8489335852369635	0.1034141164370257	0.01699651532453205	308	2012	0.9396619496855346	0.6047562893081762	2320	619696	746
ENSG00000106829	1.020447941988162	0.2153751944633331	5.260926625026732	0.1413519008626042	0.030443693136045162	1627	694	0.6804245283018868	0.8637971698113207	2321	1129138	747
ENSG00000154678	1.018857849810388	0.17777457531417745	6.498759485384207	0.17461030574690242	0.03104127294963426	1663	659	0.6733490566037736	0.8706761006289307	2322	1095917	748
ENSG00000173269	1.294550687229195	0.18451358915804048	3.633836928224673	0.09763484531143299	0.018014955735302582	490	1833	0.9038915094339622	0.639937106918239	2323	898170	749
ENSG00000115232	1.0133971585420571	0.15256296098888192	8.571322819760068	0.2302964591288034	0.03513470970994527	1824	499	0.6417059748427674	0.902122641509434	2323	910176	750
ENSG00000124249	1.020187160045695	0.1704835440098579	6.654792334250093	0.1788026356074407	0.030482906996659703	1635	690	0.6788522012578616	0.8645833333333334	2325	1128150	751
ENSG00000204252	1.1622990060940102	0.15854302601040463	4.566726562752519	0.1226999588426184	0.019453222766260825	696	1633	0.8634040880503144	0.679245283018868	2329	1136568	752
ENSG00000153993	1.0303586128752986	0.17274516938207854	5.90133764818301	0.15855862543957835	0.02739023660854951	1455	876	0.7142295597484276	0.8280267295597484	2331	1274580	753
ENSG00000105388	1.0061569027407498	0.13999256134036372	13.967727753379597	0.3752884252898178	0.05253758789771333	2168	165	0.5740959119496856	0.9677672955974843	2333	357720	754
ENSG00000031081	1.151471832962679	0.21434551384112122	3.3926951250999986	0.09115578664390492	0.019538833927779414	722	1614	0.8582940251572327	0.6829795597484276	2336	1165308	755
ENSG00000218336	1.0163222475222293	0.15282033069443499	7.894884271143746	0.2121217379287767	0.03241651413775393	1744	595	0.6574292452830188	0.8832547169811321	2339	1037680	756
ENSG00000101445	1.0181002093925733	0.17121664234367484	6.7519780135004615	0.18141384490150553	0.031061069398691972	1687	657	0.6686320754716981	0.8710691823899371	2344	1108359	757
ENSG00000171236	1.0065791888197924	0.14313414990474152	12.773632381608307	0.3432051702586279	0.049124380287880784	2142	207	0.5792059748427674	0.9595125786163522	2349	443394	758
ENSG00000086548	1.0061690459140853	0.11118641713288742	16.937309113228096	0.4550758847810647	0.05059825715238527	2167	186	0.5742924528301887	0.9636399371069182	2353	403062	759
ENSG00000211973	1.4158111262274173	0.13929954837077863	4.579269318993003	0.12303696077460023	0.017138993068815018	361	1992	0.9292452830188679	0.608687106918239	2353	719112	760
ENSG00000251141	1.0053213934712892	0.17876755180892748	11.740682247092243	0.3154516060261318	0.0563925113234859	2224	130	0.5630896226415094	0.9746462264150944	2354	289120	761
ENSG00000105989	1.0250040147132715	0.15234454756248877	6.951977029904396	0.18678746881879474	0.028456052427541765	1539	816	0.6977201257861636	0.8398191823899371	2355	1255824	762
ENSG00000037280	1.0407182990815143	0.1409534398950134	6.590330504898412	0.1770706589498315	0.024958718483455496	1312	1047	0.7423349056603774	0.7944182389937107	2359	1373664	763
ENSG00000154198	1.0098519158373327	0.15983572633788132	8.959222772067925	0.24071865269113052	0.03847544069596304	1957	404	0.6155660377358491	0.9207940251572327	2361	790628	764
ENSG00000101230	1.0319423880008873	0.18927738465421085	5.2277061785033565	0.14045932554303114	0.02658577378907933	1434	930	0.7183569182389937	0.8174135220125787	2364	1333620	765
ENSG00000081985	1.0427427942827778	0.20353177799377775	4.491227153789823	0.12067142171759701	0.024560469015219487	1285	1080	0.7476415094339622	0.7879323899371069	2365	1387800	766
ENSG00000211946	1.5764374302053186	0.15056517007807235	4.085328785337494	0.10976564217966725	0.01652688258351043	271	2096	0.9469339622641509	0.5882468553459119	2367	568016	767
ENSG00000164530	1.0298669461310834	0.14453198776102155	6.92516185953275	0.18606699207122798	0.026892632220768816	1463	905	0.7126572327044025	0.8223270440251572	2368	1324015	768
ENSG00000221867	1.3047538786757076	0.08709248613555419	7.559641521217079	0.20311435133510788	0.017689733827584965	476	1893	0.9066430817610063	0.6281446540880503	2369	901068	769
ENSG00000075461	1.0185806874737782	0.13005532301491088	8.71476164942165	0.2341504097111438	0.03045250716905653	1677	693	0.6705974842767295	0.8639937106918238	2370	1162161	770
ENSG00000164626	1.0286337662601197	0.17982104561029835	5.622861710417703	0.15107646384462883	0.02716672769564759	1481	891	0.7091194968553459	0.8250786163522013	2372	1319571	771
ENSG00000119681	1.2228960409378649	0.2064820880405312	3.2949056899097315	0.08852835548326705	0.01827951969097939	587	1786	0.8848270440251572	0.6491745283018868	2373	1048382	772
ENSG00000165186	1.0167732372506346	0.18463543465258406	6.28189297948473	0.1687834818758954	0.03116341153833249	1728	651	0.6605738993710693	0.872248427672956	2379	1124928	773
ENSG00000120332	1.0185640178381161	0.18796591351789751	5.99765039988393	0.1611463806965078	0.030290026657721975	1678	702	0.6704009433962264	0.8622248427672956	2380	1177956	774
ENSG00000110852	1.0089622801731397	0.18740604643975764	7.7518174019772665	0.20827778127465008	0.039032515549926754	1995	391	0.6080974842767295	0.9233490566037736	2386	780045	775
ENSG00000256124	1.0877957804910487	0.1769081476495533	4.431747190247746	0.11907329908461536	0.021065036775580553	960	1426	0.8115172955974843	0.7199292452830188	2386	1368960	776
ENSG00000188910	1.0537588790722414	0.1790664392381641	4.7810633201331605	0.128458812793623	0.02300266219571599	1174	1212	0.7694575471698113	0.7619889937106918	2386	1422888	777
ENSG00000133561	1.3545585110171634	0.1791654598775096	3.5830721026927708	0.09627088320031793	0.017248417061398975	420	1967	0.9176493710691824	0.6136006289308176	2387	826140	778
ENSG00000073792	1.0349397741785136	0.21014479550893253	4.555945294895956	0.12241028502394462	0.025723884314546988	1394	993	0.7262185534591195	0.8050314465408805	2387	1384242	779
ENSG00000060982	1.0097154139258682	0.16323053538677273	8.520872182672491	0.22894093871189922	0.03737015199789363	1965	423	0.6139937106918238	0.917059748427673	2388	831195	780
ENSG00000237988	1.019443529005303	0.14891315961063323	7.361359997701365	0.19778687344907353	0.029453068254810002	1647	741	0.6764937106918238	0.854559748427673	2388	1220427	781
ENSG00000140030	1.116336663271348	0.12844417767205774	5.808677442807671	0.1560690077167581	0.020046155356273028	832	1557	0.8366745283018868	0.6941823899371069	2389	1295424	782
ENSG00000151892	1.0036236994636607	0.16508212605696837	26.074806700160167	0.7005844700740109	0.11565397380231225	2381	10	0.5322327044025157	0.99823113207547165	2391	23810	783
ENSG00000130224	1.124166112781026	0.1987619791827992	3.690740445939526	0.09916374334937558	0.01970998189129703	798	1593	0.8433569182389937	0.6871069182389937	2391	1271214	784
ENSG00000274173	1.0279595096219656	0.18701050781273454	5.357851976786735	0.14395611561212723	0.026921306283372637	1489	903	0.7075471698113207	0.8227201257861635	2392	1344567	785
ENSG00000154330	1.0300402151369374	0.1901301229990018	5.189707334935381	0.13943836304882667	0.026511433117252885	1458	936	0.7136399371069182	0.8162342767295597	2394	1364688	786
ENSG00000157765	1.0043535361204172	0.17645074649751546	13.660296509690136	0.3670282852465533	0.06476241491745736	2310	86	0.546187106918239	0.9832940251572327	2396	198660	787
ENSG00000172985	1.0172247087890687	0.18076875841426454	6.283923431511335	0.16883803657205967	0.030520642244233415	1710	687	0.6641116352201257	0.8651729559748428	2397	1174770	788
ENSG00000083857	1.0176405369082262	0.19167201312693063	5.852970782932153	0.15725909232891852	0.03014216680919767	1698	708	0.6664701257861636	0.8610455974842768	2406	1202184	789
ENSG00000118473	1.020381909491549	0.14635515798969007	7.392026213280465	0.19861082104867459	0.02906771809304083	1631	775	0.6796383647798743	0.847877358490566	2406	1264025	790
ENSG00000136010	1.0920412208421786	0.18768867557084104	4.094363597551777	0.1100083917885195	0.020647329356465408	940	1468	0.8154481132075472	0.7116745283018868	2408	1379920	791
ENSG00000204338	1.2466314298272962	0.1489512817718213	4.463863108291281	0.11993619765495575	0.017864650371544166	550	1859	0.8920990566037736	0.6348270440251572	2409	1022450	792
ENSG00000150667	1.0674048174188167	0.18938749777936398	4.259890883435239	0.11445582057282347	0.021676501464570886	1057	1353	0.7924528301886793	0.7342767295597484	2410	1430121	793
ENSG00000211670	1.3848926233386298	0.14504625192773818	4.336698416142313	0.11651950469589492	0.016900717432616046	386	2027	0.9243317610062893	0.6018081761006289	2413	782422	794
ENSG00000149231	1.2437469589465948	0.23893604945658256	2.7781154711145555	0.07464310579618781	0.017834928818110857	554	1864	0.891312893081761	0.6338443396226415	2418	1032656	795
ENSG00000134215	1.0156090686633328	0.16358642774156765	7.044904056174342	0.18928425555257652	0.030964335193567984	1755	665	0.6552672955974843	0.8694968553459119	2420	1167075	796
ENSG00000260710	1.1031817359791016	0.17960858773400595	4.1748519669107	0.11217097355730768	0.02014687014537656	881	1539	0.8270440251572327	0.6977201257861636	2420	1355859	797
ENSG00000090382	1.038353574111604	0.14822292647932525	6.171086748777202	0.16580631217666017	0.024576296819569153	1343	1078	0.7362421383647799	0.7883254716981132	2421	1447754	798
ENSG00000132205	1.0246704312922166	0.1930354128093513	5.2563792874632	0.1412297218522733	0.02726233765870344	1542	882	0.6971305031446541	0.8268474842767295	2424	1360044	799
ENSG00000162493	1.0060400049587783	0.16125568971650558	10.79801875199563	0.2901238859488697	0.04678412733191778	2176	250	0.5725235849056604	0.9510613207547169	2426	544000	800
ENSG00000100351	1.0582775603217447	0.16444983851679093	5.000252840348922	0.13434805199803837	0.022093515456122842	1129	1299	0.7783018867924528	0.7448899371069182	2428	1466571	801
ENSG00000187800	1.0989440103727945	0.1841638126926102	4.088812482755588	0.10985924303882678	0.020232097057554438	902	1527	0.8229166666666666	0.7000786163522013	2429	1377354	802
ENSG00000196878	1.0118925766225328	0.17303597063232443	7.252603808391446	0.19486478477815383	0.033718617176146846	1881	549	0.6305031446540881	0.8922955974842768	2430	1032669	803
ENSG00000101017	1.0070036459379597	0.18558802625941195	8.619232932870103	0.23158372010796813	0.042979165528649894	2115	318	0.5845125786163522	0.9376965408805031	2433	672570	804
ENSG00000139567	1.0875680177089606	0.18566544346140537	4.135378467274417	0.1111103896326536	0.02062935976431617	962	1473	0.811124213836478	0.7106918238993711	2435	1417026	805
ENSG00000147113	1.2995349278364525	0.183453862070796	3.5185667263619442	0.09453773651151126	0.017343312874468043	482	1955	0.9054638364779874	0.6159591194968553	2437	942310	806
ENSG00000261039	1.1795949654932258	0.1573538385634714	4.352602543739941	0.11694682079963828	0.0184020311606175	669	1769	0.8687106918238994	0.6525157232704403	2438	1183461	807
ENSG00000166928	1.057897167894331	0.10408292855505542	7.875888812897908	0.21161136317501517	0.022025130394782988	1134	1304	0.7773191823899371	0.7439072327044025	2438	1478736	808
ENSG00000124107	1.0075106978861965	0.16005955116116682	9.58529741993047	0.25754018392790323	0.041221766245464544	2085	356	0.5904088050314465	0.9302279874213837	2441	742260	809
ENSG00000237187	1.0927933530533611	0.17523827011972776	4.319783943147072	0.11606504237768032	0.020339037247637595	933	1508	0.8168238993710693	0.703812893081761	2441	1406964	810
ENSG00000171860	1.326542907154462	0.13278124056906004	4.81240066623043	0.12930079249692591	0.017168719634304434	455	1988	0.9107704402515724	0.6094732704402516	2443	904540	811
ENSG00000113494	1.006535230255331	0.16345698177240578	10.02931973129292	0.26947028716065274	0.044046799816623766	2144	300	0.578812893081761	0.9412342767295597	2444	643200	812
ENSG00000233622	1.0073194839208803	0.13340998809711138	11.535028442440804	0.30992604783476285	0.04134723035262049	2093	351	0.5888364779874213	0.9312106918238994	2444	734643	813
ENSG00000024422	1.0272170639217624	0.17755890255138593	5.537761433122184	0.14878996817247236	0.026418983459359835	1498	946	0.7057783018867925	0.8142688679245282	2444	1417108	814
ENSG00000136883	1.0083046759529009	0.1851469817169955	7.59757494593927	0.20413355613929635	0.03779471178634758	2027	418	0.6018081761006289	0.9180424528301887	2445	847286	815
ENSG00000038295	1.0601618482185557	0.189545482470479	4.277046479813222	0.11491676145478212	0.021781952993891622	1108	1337	0.7824292452830188	0.7374213836477987	2445	1481396	816
ENSG00000128606	1.1605186246006371	0.1917734342847093	3.6084719277738184	0.09695333209434057	0.01859307346107762	702	1744	0.8622248427672956	0.6574292452830188	2446	1224288	817
ENSG00000057657	1.0507946952185374	0.19749273896066244	4.268223790601553	0.11467971122016055	0.02264841027208732	1200	1246	0.7643474842767295	0.7553066037735849	2446	1495200	818
ENSG00000009790	1.1806184061428535	0.18404601138599933	3.701264402589883	0.09944650366578962	0.01830273234597174	667	1783	0.8691037735849056	0.6497641509433962	2450	1189261	819
ENSG00000116774	1.0080343589495626	0.1609585720355061	8.945652683264948	0.24035404812925537	0.03868704436983825	2049	402	0.5974842767295597	0.921187106918239	2451	823698	820
ENSG00000064300	1.0211847623870098	0.1766749353777436	5.910683904559523	0.15880974300857936	0.028057701083396825	1610	841	0.6837657232704403	0.8349056603773585	2451	1354010	821
ENSG00000105894	1.0049928856190449	0.16624991453815788	10.962417585558255	0.29454099519215887	0.048967415278680385	2241	211	0.559748427672956	0.9587264150943396	2452	472851	822
ENSG00000058085	1.0071814609221614	0.15815351274167264	9.729465786327589	0.2614137358868959	0.04134350060943644	2102	352	0.5870676100628931	0.9310141509433962	2454	739904	823
ENSG00000196754	1.0617443976874092	0.17170405311254197	4.680486840854091	0.12575649863084137	0.021592900520157297	1094	1361	0.7851808176100629	0.7327044025157232	2455	1488934	824
ENSG00000183098	1.0136055780570379	0.13577657866413267	8.605068772185453	0.23120315387323406	0.031391973209264734	1820	638	0.6424921383647799	0.8748034591194969	2458	1161160	825
ENSG00000167851	1.0910337422574676	0.13421365491004142	5.62468022201271	0.15112532407192647	0.020283082093157715	946	1515	0.8142688679245282	0.702437106918239	2461	1433190	826
ENSG00000096996	1.9882018986270598	0.1616256778279922	3.496407838826749	0.09394236594329228	0.015183498572349904	152	2320	0.9703223270440251	0.5442216981132075	2472	352640	827
ENSG00000133019	1.029919557697771	0.14721336110781486	6.427803896030346	0.17270385311091957	0.025424314692728815	1462	1010	0.7128537735849056	0.801690251572327	2472	1476620	828
ENSG00000133574	1.5504970052028562	0.15539134555559486	3.8127151454155905	0.10244099027885524	0.01591844331947893	280	2194	0.9451650943396226	0.5689858490566038	2474	614320	829
ENSG00000173391	1.0259086299207931	0.12180147103898112	7.997859682537774	0.21488850720349179	0.02617373628675599	1513	961	0.7028301886792453	0.8113207547169812	2474	1453993	830
ENSG00000115255	1.0396652249041571	0.17395519132700105	5.081169298859122	0.13652213577390337	0.023748734248920177	1329	1147	0.7389937106918238	0.7747641509433962	2476	1524363	831
ENSG00000167614	1.13807938960121	0.17423830246885125	4.0265419404263945	0.10818614243253728	0.018850169808098654	766	1717	0.8496462264150944	0.6627358490566038	2483	1315222	832
ENSG00000134363	1.0125628802203528	0.16193547197131414	7.218777268984002	0.19395592480240353	0.03140834422450993	1851	637	0.6363993710691824	0.875	2488	1179087	833
ENSG00000271605	1.09432472643338	0.15422909660993553	4.807381825390091	0.12916594501786507	0.019921147012873935	919	1570	0.8195754716981132	0.6916273584905661	2489	1442830	834
ENSG00000161405	1.0292240712150755	0.1424289701041356	6.62939061145268	0.17812013572509708	0.025369467486134428	1473	1017	0.7106918238993711	0.800314465408805	2490	1498041	835
ENSG00000118513	1.031754020647465	0.17798583044097954	5.20532281779612	0.1398579237731205	0.02489272870651007	1439	1054	0.717374213836478	0.7930424528301887	2493	1516706	836
ENSG00000197172	1.3021057113640377	0.0919624369956646	6.868420856197654	0.18454246051054946	0.016970974397726327	480	2015	0.9058569182389937	0.6041666666666667	2495	967200	837
ENSG00000176014	1.0884676664548358	0.22751561438158632	3.2963977604015087	0.08856844480883004	0.020150704135502587	958	1537	0.8119103773584906	0.6981132075471699	2495	1472446	838
ENSG00000103534	1.0085092503557456	0.15443393762674515	8.658466699331289	0.2326378628213271	0.035927181196568125	2019	478	0.6033805031446541	0.90625	2497	965082	839
ENSG00000162711	1.0397807824260954	0.1751699467228914	4.988500404571439	0.13403228459519906	0.02347842815168844	1328	1173	0.739190251572327	0.7696540880503144	2501	1557744	840
ENSG00000214548	1.0079709081195485	0.17715793855047882	7.694353056290111	0.2067338147695738	0.036624536453254225	2052	451	0.5968946540880503	0.9115566037735849	2503	925452	841
ENSG00000084636	1.062515103771776	0.1893137734111545	4.154186406649439	0.11161572608219104	0.0211303942766454	1087	1417	0.7865566037735849	0.7216981132075472	2504	1540279	842
ENSG00000117020	1.0114228301570556	0.18613301059122175	6.35124828845496	0.17064693777570192	0.031763028276364284	1893	617	0.6281446540880503	0.8789308176100629	2510	1167981	843
ENSG00000122188	1.7268809566545567	0.16453121354774317	3.4585478098044202	0.09292513315324318	0.015289084926788722	213	2302	0.9583333333333334	0.5477594339622642	2515	490326	844
ENSG00000142552	1.063542995295205	0.1671765486908147	4.680416051810871	0.12575459665300884	0.021023219450455495	1080	1435	0.7879323899371069	0.7181603773584906	2515	1549800	845
ENSG00000108932	1.0366646287538381	0.18717224565468923	4.717480203808697	0.12675044561882226	0.023724165544207528	1368	1149	0.7313286163522013	0.77437106918239	2517	1571832	846
ENSG00000221818	1.0381094717004515	0.15538610817886173	5.625361913553384	0.1511436399318394	0.023485621984995722	1346	1171	0.7356525157232705	0.7700471698113207	2517	1576166	847
ENSG00000163564	2.0772521277663683	0.16123534502027057	3.450344641853201	0.09270472837179575	0.014947278864036953	138	2382	0.9730738993710691	0.5320361635220126	2520	328716	848
ENSG00000169508	1.0371897177604559	0.16756904622237165	5.250148649053433	0.1410623154910786	0.02363767766475932	1360	1160	0.7329009433962264	0.7722091194968553	2520	1577600	849
ENSG00000166265	1.004799513414921	0.1712355956205252	9.955629728710019	0.26749036562171463	0.04580387207998637	2260	265	0.5560141509433962	0.9481132075471698	2525	598900	850
ENSG00000172243	1.01862966775441	0.1700196571018603	6.114045013814473	0.16427370048290907	0.0279297582269579	1675	850	0.6709905660377358	0.8331367924528301	2525	1423750	851
ENSG00000010327	1.0119528968595153	0.14376007694237614	8.084601085101346	0.21721909704246087	0.031227434104177644	1878	648	0.6310927672955975	0.8728380503144654	2526	1216944	852
ENSG00000101098	1.00766437220595	0.135897460726623	9.979394621377246	0.26812888674009105	0.036438034855434676	2074	457	0.5925707547169812	0.910377358490566	2531	947818	853
ENSG00000019169	1.0113670041168503	0.18428560980357578	6.344597984778831	0.17046825574249078	0.03141484646165682	1896	636	0.6275550314465409	0.8751965408805031	2532	1205856	854
ENSG00000135919	1.0089986705288319	0.2045200524552265	6.207196121013811	0.16677650787950826	0.03410914013981653	1994	540	0.6082940251572326	0.894064465408805	2534	1076760	855
ENSG00000124839	1.0908171213499098	0.1911931070049593	3.854977773094629	0.10357651319785247	0.019803115371037586	947	1590	0.8140723270440251	0.6876965408805031	2537	1505730	856
ENSG00000034053	1.0085526394140512	0.18235510769162475	7.051669411757193	0.1894660288293788	0.03455009809108585	2014	524	0.6043632075471699	0.8972091194968553	2538	1055336	857
ENSG00000176435	1.2178694404437636	0.1807098504237377	3.596970730233845	0.09664431502370936	0.017464579712239105	603	1935	0.8816823899371069	0.6198899371069182	2538	1166805	858
ENSG00000094963	1.0048131403195066	0.18022474563903434	9.275195027377702	0.24920827478458715	0.044913497934194795	2259	280	0.5562106918238994	0.9451650943396226	2539	632520	859
ENSG00000111344	1.017345950411192	0.18887937431318444	5.546044233573279	0.1490125125399719	0.02814539013338544	1707	832	0.6647012578616351	0.8366745283018868	2539	1420224	860
ENSG00000129951	1.0375677173240654	0.13113904923308625	6.62623898739077	0.17803545709646232	0.02334740057340799	1357	1183	0.7334905660377358	0.7676886792452831	2540	1605331	861
ENSG00000105472	1.1155926656664825	0.16147588684862205	4.333527608172092	0.11643431062918264	0.018801333568455206	834	1720	0.8362814465408805	0.6621462264150944	2554	1434480	862
ENSG00000239713	1.0112741789657103	0.130394515991313	8.87124617275385	0.23835487527494026	0.03108016859564561	1899	656	0.6269654088050314	0.8712657232704403	2555	1245744	863
ENSG00000154127	1.0232936291097843	0.20636225174908793	4.636085494622087	0.12456351208339629	0.02570520683930438	1560	995	0.6935927672955975	0.8046383647798743	2555	1552200	864
ENSG00000010295	1.089177105609744	0.19832876914402012	3.686719509024726	0.09905570780418249	0.019645596605493223	953	1603	0.8128930817610063	0.6851415094339622	2556	1527659	865
ENSG00000035862	1.6839513442082248	0.18609464024183048	3.033589450284112	0.08150724497744215	0.01516806143117984	230	2328	0.9549921383647799	0.5426493710691824	2558	535440	866
ENSG00000185904	1.0152380226092323	0.17192054195381723	6.245038129803113	0.1677932564974003	0.02884710759322892	1766	792	0.6531053459119497	0.8445361635220126	2558	1398672	867
ENSG00000134817	1.0599937148337928	0.14147515435709826	5.495165350439829	0.1476454859005074	0.02088816790790306	1109	1449	0.7822327044025157	0.7154088050314465	2558	1606941	868
ENSG00000139278	1.0492529119175251	0.2155959366128949	3.7520738744273636	0.1008116653450815	0.021734585411578564	1220	1345	0.7604166666666666	0.7358490566037736	2565	1640900	869
ENSG00000196090	1.0025059077708842	0.17139722804788726	16.146282428621902	0.4338223806986805	0.0743559535168891	2518	48	0.5053066037735849	0.9907625786163522	2566	120864	870
ENSG00000182742	1.0481214832194266	0.10867963464337999	7.46332511340027	0.2005264978447364	0.021793146522082474	1233	1333	0.7578616352201257	0.7382075471698113	2566	1643589	871
ENSG00000263618	1.1945658210160341	0.1535708737502766	4.243215957311006	0.1140077944602388	0.017508276609600814	647	1924	0.8730345911949685	0.6220518867924528	2571	1244828	872
ENSG00000136732	1.0030712145811789	0.2023180348504373	10.47571300506064	0.28146409400813516	0.056945262380684654	2447	126	0.5192610062893082	0.9754323899371069	2573	308322	873
ENSG00000161544	1.0739297204446645	0.1663745380403108	4.496649889269378	0.12081712113949425	0.020100892716943625	1023	1550	0.7991352201257862	0.6955581761006289	2573	1585650	874
ENSG00000134326	1.5212308752600776	0.11396375642000427	5.0407240780926434	0.13543544340131772	0.015434731882423046	298	2279	0.941627358490566	0.5522798742138364	2577	679142	875
ENSG00000240225	1.05407132828438	0.10192439101920266	7.7412003016629685	0.20799251835082677	0.021199510769458352	1171	1406	0.7700471698113207	0.7238600628930818	2577	1646426	876
ENSG00000065534	1.0907399644542095	0.19724639292969912	3.6738453574703533	0.09870980185948695	0.019470152363589108	948	1630	0.813875786163522	0.6798349056603774	2578	1545240	877
ENSG00000188389	1.2516708177744658	0.15740705236146538	3.976535377005837	0.1068425534987026	0.016817771413002947	541	2040	0.8938679245283019	0.5992531446540881	2581	1103640	878
ENSG00000100365	1.4845951972444247	0.16134921891299184	3.589499782812878	0.09644358372778619	0.015561096903648031	323	2261	0.9367138364779874	0.5558176100628931	2584	730303	879
ENSG00000274576	1.4120374891487633	0.14181171425057443	4.134414141433921	0.11108447988322723	0.0157530805188739	363	2221	0.9288522012578616	0.5636792452830188	2584	806223	880
ENSG00000158352	1.019670879552305	0.16627182080236796	5.920489333179166	0.15907319773299344	0.026449390227919933	1644	941	0.6770833333333333	0.815251572327044	2585	1547004	881
ENSG00000136514	1.0334099113278359	0.11312034781035438	7.724729443147257	0.20754997517811657	0.023478125380178964	1411	1174	0.7228773584905661	0.7694575471698113	2585	1656514	882
ENSG00000183888	1.0040739452714742	0.18443807138498866	9.44773087088584	0.25384401125937295	0.04681849986930809	2338	249	0.5406839622641509	0.9512578616352201	2587	582162	883
ENSG00000131477	1.0139269378662985	0.15383768549884258	7.0223793313524245	0.1886790555760479	0.029025949211926694	1808	779	0.6448506289308176	0.8470911949685535	2587	1408432	884
ENSG00000100060	1.1422792583877934	0.18763427977379604	3.5632509390629905	0.09573832318645081	0.017963791317840618	752	1839	0.8523977987421384	0.6387578616352201	2591	1382928	885
ENSG00000235750	1.023119568829326	0.17491373260505383	5.371974339226681	0.14433555880110097	0.025246271337536798	1565	1026	0.6926100628930818	0.7985455974842768	2591	1605690	886
ENSG00000172379	1.0544795846264459	0.11544234055793699	6.79696708754294	0.18262262266770762	0.021082382999589127	1168	1423	0.7706367924528301	0.7205188679245282	2591	1662064	887
ENSG00000136928	1.0337321064889615	0.17899912155321032	4.851485463809804	0.1303509326768693	0.023332702442801265	1407	1184	0.7236635220125787	0.7674921383647799	2591	1665888	888
ENSG00000092607	1.1699558128848926	0.18079852975249588	3.628980289153284	0.09750435591033038	0.017628644193051816	684	1910	0.8657625786163522	0.6248034591194969	2594	1306440	889
ENSG00000165269	1.6956901588250852	0.14592122831490872	3.81840016029807	0.10259373668977226	0.014970604075187886	225	2378	0.9559748427672956	0.5328223270440251	2603	535050	890
ENSG00000111716	1.0242033621386657	0.18159050937571636	5.095686958637451	0.1369121999112706	0.024861956121637534	1547	1057	0.6961477987421384	0.7924528301886793	2604	1635179	891
ENSG00000108001	1.046789212514098	0.18275567187864514	4.3905424044567525	0.1179661985277503	0.021558991870908643	1242	1366	0.7560927672955975	0.7317216981132075	2608	1696572	892
ENSG00000108511	1.4011684303275134	0.1034106841968782	5.636099859221075	0.15143214975903735	0.015659702215986174	373	2237	0.9268867924528302	0.5605345911949686	2610	834401	893
ENSG00000164434	1.0046959551819137	0.188764046580317	8.335027375819674	0.22394761365978338	0.04227325777642619	2276	335	0.5528694968553459	0.9343553459119497	2611	762460	894
ENSG00000026652	1.0456717876627413	0.21596387352332602	3.7221792811987715	0.10000844988902971	0.021598212223098302	1251	1360	0.7543238993710693	0.7329009433962264	2611	1701360	895
ENSG00000259495	1.054510502532965	0.12437834100154169	6.255781026383838	0.16808189934697587	0.020905747793164974	1167	1446	0.7708333333333334	0.715998427672956	2613	1687482	896
ENSG00000196196	1.0517279850326875	0.19046083012810724	4.1154351947685335	0.1105745487667656	0.021060120349159054	1187	1427	0.7669025157232705	0.7197327044025157	2614	1693849	897
ENSG00000243264	1.3260235193362868	0.14354495658613609	4.183346210352265	0.1123991990283004	0.016134338144833848	457	2161	0.910377358490566	0.5754716981132075	2618	987577	898
ENSG00000212719	1.0138694306421558	0.2066990274264389	5.147412022813291	0.13830196195598607	0.028586881027470673	1811	808	0.6442610062893082	0.8413915094339622	2619	1463288	899
ENSG00000173320	1.0275019289808607	0.188590221662503	4.747445348818156	0.12755555667788193	0.024055730708165718	1497	1123	0.7059748427672956	0.7794811320754718	2620	1681131	900
ENSG00000164116	1.0035170894765626	0.1470865120307403	12.138824685406341	0.32614899728075397	0.0479721184123495	2391	231	0.5302672955974843	0.9547955974842768	2622	552321	901
ENSG00000137440	1.0314178608114326	0.18894305029967667	4.5991600231279826	0.12357138922026607	0.023347955209045656	1442	1182	0.7167845911949686	0.7678852201257862	2624	1704444	902
ENSG00000130052	1.2091533834262538	0.20089199053595813	3.1472162889397652	0.08456019948104225	0.016987466793864273	616	2013	0.879127358490566	0.604559748427673	2629	1240008	903
ENSG00000124813	1.1005997834627177	0.15676063824794348	4.436720776878886	0.11920693066219185	0.018686954534183536	894	1736	0.8244889937106918	0.659001572327044	2630	1551984	904
ENSG00000183486	1.0662946057845244	0.1339650861684444	5.537105575833988	0.1487723464337581	0.01993030020948007	1063	1567	0.7912735849056604	0.6922169811320755	2630	1665721	905
ENSG00000129455	1.194116908973696	0.17844506877833002	3.583679460741811	0.09628720184926613	0.01718197635646524	649	1984	0.8726415094339622	0.6102594339622642	2633	1287616	906
ENSG00000077942	1.0196751907335475	0.1691090056514409	5.661834613667357	0.15212359761955482	0.02572547032956282	1643	992	0.6772798742138364	0.8052279874213837	2635	1629856	907
ENSG00000233117	1.061885931447977	0.15904413974788736	4.7120530782546375	0.12660462824329813	0.020135724187056434	1092	1543	0.7855738993710693	0.6969339622641509	2635	1684956	908
ENSG00000138207	1.096718095511345	0.12239123189858786	5.695696338516101	0.15303340296659904	0.018729946710715067	907	1729	0.8219339622641509	0.6603773584905661	2636	1568203	909
ENSG00000188001	1.008582534760145	0.18513512775008117	6.366609791795669	0.17105967451431883	0.03166915469409572	2012	625	0.6047562893081762	0.8773584905660378	2637	1257500	910
ENSG00000254087	1.0481807887625485	0.21816763951196746	3.614742996981246	0.09712182476038424	0.021188839253067984	1231	1408	0.7582547169811321	0.7234669811320755	2639	1733248	911
ENSG00000172716	1.0046419970665927	0.1955380046871577	7.7821149589339305	0.20909182366158333	0.040885397995185035	2283	358	0.5514937106918238	0.9298349056603774	2641	817314	912
ENSG00000129467	1.048217210884561	0.17759442121249708	4.437269381747398	0.11922167071589602	0.021173103606776468	1230	1411	0.7584512578616353	0.7228773584905661	2641	1735530	913
ENSG00000241644	1.0589355774344176	0.1756136548168831	4.291101354731156	0.1152943913720262	0.020247269448729635	1120	1525	0.7800707547169812	0.7004716981132075	2645	1708000	914
ENSG00000109452	1.0552277545549131	0.1876170060216726	4.073334398163105	0.1094433739657909	0.02053343815237196	1159	1486	0.7724056603773585	0.7081367924528301	2645	1722274	915
ENSG00000123329	1.973470591846751	0.16386970853405647	3.2941338154097806	0.08850761656490305	0.01450371732953469	156	2495	0.9695361635220126	0.5098270440251572	2651	389220	916
ENSG00000204642	1.3509680976608571	0.16178167205420824	3.621703171216248	0.09730883247377302	0.015742785623249836	426	2225	0.9164701257861635	0.5628930817610063	2651	947850	917
ENSG00000134061	1.0133882384726403	0.17191844605055515	6.14260077187806	0.16504094377873058	0.0283735825891564	1826	825	0.641312893081761	0.8380503144654088	2651	1506450	918
ENSG00000127084	1.015079201716048	0.16402275817676742	6.190983581886054	0.16634090529713882	0.027283694084457175	1770	881	0.652319182389937	0.8270440251572327	2651	1559370	919
ENSG00000111728	1.0549887968242662	0.21073575884145315	3.624574545291975	0.09738598127523336	0.02052270866455585	1162	1489	0.7718160377358491	0.7075471698113207	2651	1730218	920
ENSG00000065675	1.0503600218966187	0.18626924472263517	4.171084390807956	0.1120697453741899	0.02087514682710839	1205	1450	0.7633647798742138	0.7152122641509434	2655	1747250	921
ENSG00000090534	1.1619173097156321	0.15787899583501078	4.0863866022629765	0.109794063871099	0.017334176552614145	699	1957	0.862814465408805	0.6155660377358491	2656	1367943	922
ENSG00000230314	1.2211463535495355	0.1469784424719702	4.227175201746664	0.11357680740189324	0.016693342252869205	595	2064	0.8832547169811321	0.5945361635220126	2659	1228080	923
ENSG00000134242	1.146620758366709	0.18261881495535212	3.57869529375874	0.09615328599613064	0.017559399142676433	742	1920	0.8543632075471699	0.6228380503144655	2662	1424640	924
ENSG00000166106	1.0074008116112019	0.1686592682440424	7.254053893468683	0.19490374602903024	0.03287232318327892	2088	578	0.589819182389937	0.8865959119496856	2666	1206864	925
ENSG00000271447	1.0290074551427806	0.18243568446632272	4.755135121553483	0.1277621674274349	0.023308378463525008	1478	1188	0.7097091194968553	0.7667059748427673	2666	1755864	926
ENSG00000203727	1.0077026798451458	0.1805684086269013	6.656640499762863	0.1788522925836654	0.0322950738511054	2069	600	0.5935534591194969	0.8822720125786163	2669	1241400	927
ENSG00000135426	1.1523667095867773	0.15477472030325154	4.179000081090155	0.11228242613326109	0.017378481099745987	721	1951	0.8584905660377359	0.616745283018868	2672	1406671	928
ENSG00000135917	1.1438862115554944	0.13522421644522611	4.8152758667951305	0.12937804410945522	0.017495044639916985	745	1928	0.8537735849056604	0.6212657232704403	2673	1436360	929
ENSG00000105523	1.0533456701194508	0.10644366510854161	7.165396854423729	0.19252168638686773	0.020492713911895423	1179	1494	0.7684748427672956	0.706564465408805	2673	1761426	930
ENSG00000162692	1.002918439293764	0.1719024374673258	10.625504531670273	0.28548873045120193	0.049076208634013976	2465	209	0.5157232704402516	0.9591194968553459	2674	515185	931
ENSG00000046889	1.012074135576826	0.14938997856674446	7.119311202771469	0.19128344549741116	0.028575829823031286	1869	809	0.6328616352201257	0.8411949685534591	2678	1512021	932
ENSG00000112799	1.0175310000412034	0.1416172529861073	6.796940948691146	0.18262192036245783	0.025862414696778933	1701	977	0.6658805031446541	0.8081761006289307	2678	1661877	933
ENSG00000180730	1.0057216997703555	0.12140676088368346	10.838539527653653	0.29121260834930035	0.03535517950817727	2195	493	0.5687893081761006	0.9033018867924528	2688	1082135	934
ENSG00000156298	1.0290076767763472	0.17065368728936373	5.021221845454731	0.13491145250562267	0.023023136827648377	1477	1211	0.7099056603773585	0.762185534591195	2688	1788647	935
ENSG00000173369	2.8011873298063352	0.1300299502405986	3.9631476455089776	0.10648284855883193	0.013845959499582113	69	2620	0.9866352201257862	0.4852594339622641	2689	180780	936
ENSG00000171791	1.0172122992095365	0.1787053184950033	5.378349897066238	0.144506858894015	0.025824144243367448	1711	982	0.6639150943396226	0.8071933962264151	2693	1680202	937
ENSG00000156738	1.1848449318771836	0.12116222456807972	5.173090082280834	0.13899188652154335	0.016840566167864286	661	2033	0.8702830188679245	0.60062893081761	2694	1343813	938
ENSG00000017483	1.0120850203487062	0.16180482003916047	6.523400813557183	0.17527237515506713	0.02835991511980186	1868	826	0.6330581761006289	0.8378537735849056	2694	1542968	939
ENSG00000157214	1.0140807649968053	0.1417403736660859	7.133652514244768	0.19166877146412778	0.027167203287445096	1804	890	0.6456367924528301	0.8252751572327044	2694	1605560	940
ENSG00000154928	1.0595431917247042	0.19857242153830756	3.7204005565653366	0.09996065866783094	0.019849430050235404	1111	1583	0.7818396226415094	0.6890723270440251	2694	1758713	941
ENSG00000211649	1.670313546357897	0.1470885987300238	3.7011466945721727	0.09944334105713985	0.014626981689126545	234	2463	0.9542059748427673	0.5161163522012578	2697	576342	942
ENSG00000150637	1.3664303251283865	0.1749300524158238	3.2595476660476446	0.08757834719767803	0.015320084865781033	408	2293	0.9200078616352201	0.5495283018867925	2701	935544	943
ENSG00000224577	1.1675058935244194	0.17466646730811142	3.6179188437401817	0.0972071542105401	0.01697883022302985	687	2014	0.8651729559748428	0.6043632075471699	2701	1383618	944
ENSG00000198771	1.012933972180177	0.17848738466574487	5.780738663517831	0.155318341561938	0.027722364576011176	1842	859	0.6381682389937107	0.8313679245283019	2701	1582278	945
ENSG00000140945	1.0204418165224352	0.14562878497520565	6.293753232803387	0.16910214614757124	0.02462614008017045	1629	1075	0.6800314465408805	0.7889150943396226	2704	1751175	946
ENSG00000119147	1.0247249314762925	0.1804538412213094	4.860344526663773	0.1305889602076683	0.023565279490570468	1541	1165	0.6973270440251572	0.7712264150943396	2706	1795265	947
ENSG00000146070	1.0068525926861422	0.1713262907426878	7.103647766991834	0.19086259636202155	0.03269978067622397	2123	585	0.582940251572327	0.8852201257861635	2708	1241955	948
ENSG00000230630	1.0394199697759323	0.18360630048511212	4.35071028562919	0.11689597913239187	0.02146283827008334	1333	1378	0.7382075471698113	0.7293632075471699	2711	1836874	949
ENSG00000173210	1.0086126991227835	0.1735323502451193	6.500251854597354	0.1746504030985864	0.03030749492095516	2011	701	0.6049528301886793	0.8624213836477987	2712	1409711	950
ENSG00000176194	1.2487346981574823	0.13123078343153532	4.560865499837796	0.12254248232885553	0.016081345959660785	545	2171	0.8930817610062893	0.5735062893081762	2716	1183195	951
ENSG00000140931	1.154531312448967	0.1751746793423978	3.632019417944191	0.09758601198770607	0.0170945983582498	718	1998	0.8590801886792453	0.6075078616352201	2716	1434564	952
ENSG00000165092	1.0028324827764774	0.17005222541625564	10.3737030992687	0.27872326618097787	0.047397511689362674	2479	238	0.5129716981132075	0.9534198113207547	2717	590002	953
ENSG00000026559	1.0187728926556698	0.1789287335232351	5.18481404082838	0.1393068887910003	0.024926005182435842	1669	1051	0.6721698113207547	0.7936320754716981	2720	1754119	954
ENSG00000254164	1.218469725999782	0.16273343745155933	3.757851766151113	0.10096690719434909	0.016430691876589004	601	2120	0.8820754716981132	0.5835298742138364	2721	1274120	955
ENSG00000131831	1.0030699509448633	0.17538795698861506	9.586725495569295	0.2575785538236481	0.04517617631921166	2448	276	0.519064465408805	0.9459512578616353	2724	675648	956
ENSG00000171428	1.0259409630421048	0.19042756632008856	4.493349358532475	0.12072844164883241	0.022990023328803975	1512	1214	0.7030267295597484	0.7615959119496856	2726	1835568	957
ENSG00000106066	1.0150352631862551	0.15850950499306482	6.166444730546393	0.1656815892623275	0.026262106700435817	1771	958	0.6521226415094339	0.8119103773584906	2729	1696618	958
ENSG00000149564	1.3059675552240861	0.1547456232789917	3.7487844405416877	0.10072328400741178	0.01558648736243383	475	2255	0.9068396226415094	0.5569968553459119	2730	1071125	959
ENSG00000249599	1.123145475439042	0.13250644086441513	4.915020528975925	0.1320580088010521	0.01749853673386902	804	1926	0.8421776729559749	0.6216588050314465	2730	1548504	960
ENSG00000213626	1.004113763631549	0.18604859958065464	7.787040214768225	0.20922415667514416	0.03892586134785405	2335	396	0.5412735849056604	0.9223663522012578	2731	924660	961
ENSG00000157388	1.0070654338950482	0.17916436238122058	6.591846780093277	0.17711139861345	0.031732050803024964	2111	620	0.5852987421383649	0.8783411949685535	2731	1308820	962
ENSG00000115596	1.0434740892544954	0.19599386243510575	3.9567239343282536	0.1063102546698261	0.020836157429198955	1277	1456	0.7492138364779874	0.7140330188679245	2733	1859312	963
ENSG00000157680	1.0862879398975354	0.1826089115243115	3.755059986360301	0.10089189695217164	0.018423759484059065	967	1767	0.8101415094339622	0.6529088050314465	2734	1708689	964
ENSG00000173918	1.0090620458037363	0.18568598155776628	5.896499864842573	0.15842864265900142	0.02941797801900128	1990	745	0.6090801886792453	0.8537735849056604	2735	1482550	965
ENSG00000156103	1.0193860429070767	0.1570612716499974	5.7827585241658905	0.15537261168627742	0.024403019971027978	1649	1087	0.6761006289308176	0.7865566037735849	2736	1792463	966
ENSG00000139174	1.0617335707602864	0.21947164465083133	3.2820821965301055	0.08818381063516247	0.019353845951676576	1095	1648	0.7849842767295597	0.6762971698113207	2743	1804560	967
ENSG00000255310	1.3289651688909785	0.12706162918340483	4.489882136576851	0.12063528345654578	0.015328115652990552	454	2292	0.9109669811320755	0.5497248427672956	2746	1040568	968
ENSG00000154589	1.0163741512822786	0.1786353476057188	5.307085598407292	0.1425921117787136	0.025471991453424013	1740	1009	0.6582154088050314	0.8018867924528301	2749	1755660	969
ENSG00000142227	1.0217643385724624	0.1626835286228477	5.41745660786055	0.14555758784373343	0.02367982200824868	1594	1157	0.6869103773584906	0.7727987421383647	2751	1844258	970
ENSG00000154721	1.292854414885256	0.20997316452383502	2.759231764121513	0.07413573360321687	0.015566514588963461	494	2258	0.9031053459119497	0.5564072327044025	2752	1115452	971
ENSG00000163131	1.0856671957435466	0.15316149175120483	4.4513925020064535	0.11960113426614437	0.018318288139338813	972	1780	0.8091588050314465	0.6503537735849056	2752	1730160	972
ENSG00000229391	1.0126291265615404	0.118130119957862	8.480006675276597	0.22784295397235818	0.0269151154843083	1849	904	0.6367924528301887	0.8225235849056604	2753	1671496	973
ENSG00000287952	1.0228178956900367	0.16981863440625347	5.117157503706689	0.13748907592084195	0.023348207118655085	1572	1181	0.6912342767295597	0.7680817610062893	2753	1856532	974
ENSG00000160801	1.0644770839379798	0.18968389717787792	3.7436167289124747	0.10058443663052113	0.01907924793551855	1075	1681	0.7889150943396226	0.6698113207547169	2756	1807075	975
ENSG00000280119	1.0129225208664079	0.16540504766383926	6.034314826861494	0.16213148974985647	0.026817366789884275	1844	914	0.6377751572327044	0.8205581761006289	2758	1685416	976
ENSG00000130303	1.0422140699239233	0.10306932232385362	7.451381582005775	0.20020559603675583	0.020635055108951618	1290	1472	0.7466588050314465	0.7108883647798743	2762	1898880	977
ENSG00000123388	1.5124329988921368	0.08863217249843607	6.143668574293988	0.1650696337628332	0.014630480253921099	304	2462	0.9404481132075472	0.516312893081761	2766	748448	978
ENSG00000114654	1.0156066947978082	0.1732214493742031	5.462498106218088	0.14676777415962897	0.025423326561356645	1756	1011	0.6550707547169812	0.8014937106918238	2767	1775316	979
ENSG00000013297	1.0205317842514734	0.181441725944168	4.864509149286318	0.13070085633662623	0.02371458895609821	1622	1150	0.6814072327044025	0.7741745283018868	2772	1865300	980
ENSG00000148346	1.0040661260582977	0.1527343660985733	9.011234466079847	0.24211611597843344	0.036979451496214684	2340	433	0.5402908805031447	0.9150943396226415	2773	1013220	981
ENSG00000163638	1.0068517489841218	0.18566345676085608	6.25506221454114	0.16806258612944408	0.031203080692961693	2124	650	0.5827437106918238	0.8724449685534591	2774	1380600	982
ENSG00000165548	1.009272090921052	0.1612001372802665	6.674266407320909	0.17932586990479854	0.028907354846556734	1985	789	0.610062893081761	0.845125786163522	2774	1566165	983
ENSG00000050628	1.002711938880827	0.16453611277022237	10.199887029637337	0.27405313226844963	0.045091637075954295	2499	277	0.5090408805031447	0.9457547169811321	2776	692223	984
ENSG00000004468	1.4197888498172162	0.17907006107161777	3.0816806163006825	0.08279937053167506	0.014826888337798562	355	2422	0.9304245283018868	0.5241745283018868	2777	859810	985
ENSG00000119917	2.2830949359290362	0.09775886408556546	5.2037811668954035	0.13981650230864953	0.013668302446110418	116	2663	0.9773977987421384	0.476808176100629	2779	308908	986
ENSG00000163362	1.0067991610931237	0.1883269312581133	6.157622669086722	0.16544455589430465	0.0311576655049358	2127	652	0.5821540880503144	0.8720518867924528	2779	1386804	987
ENSG00000271601	1.0349884841797332	0.22241260050387843	3.5659936249651762	0.09581201436167054	0.021309799273694092	1393	1387	0.7264150943396226	0.7275943396226415	2780	1932091	988
ENSG00000168994	1.2032055949425873	0.2020454875614303	2.9775635409065044	0.08000192674121973	0.016164028294283567	630	2155	0.876375786163522	0.5766509433962264	2785	1357650	989
ENSG00000173762	1.3263435384702025	0.17889256282096988	3.15424292014556	0.08474899277705111	0.015160964514382539	456	2331	0.9105738993710691	0.542059748427673	2787	1062936	990
ENSG00000255974	1.012374182325823	0.12619409983756946	7.836598570287649	0.2105557030462665	0.026570887411590183	1857	931	0.6352201257861636	0.8172169811320755	2788	1728867	991
ENSG00000003989	1.001308317239567	0.1543197088822237	18.24084258638606	0.4900995502685061	0.07563201992074463	2745	45	0.460691823899371	0.9913522012578616	2790	123525	992
ENSG00000124939	1.0482667043504654	0.09216507003501424	8.084008946334526	0.21720318730901844	0.020018546970164003	1229	1560	0.7586477987421384	0.6935927672955975	2789	1917240	993
ENSG00000115226	1.0256303493555676	0.20988610507816868	3.978428593821201	0.10689342092466587	0.022435443776359337	1523	1267	0.7008647798742138	0.7511792452830188	2790	1929641	994
ENSG00000167749	1.0287956747755576	0.1555501149832188	5.255858277347817	0.14121572322134246	0.021966121984518222	1480	1311	0.7093160377358491	0.7425314465408805	2791	1940280	995
ENSG00000164946	1.0237008959612917	0.1617960818865892	5.224046162057955	0.1403609872998622	0.02270985779485101	1555	1239	0.6945754716981132	0.7566823899371069	2794	1926645	996
ENSG00000166963	1.069230919764583	0.16513013875390023	4.18693436929456	0.11249560658598765	0.01857641512474831	1049	1746	0.7940251572327044	0.6570361635220126	2795	1831554	997
ENSG00000224397	1.017076886331191	0.1950017465175647	4.689379294776911	0.12599542332128358	0.0245693276008702	1717	1079	0.6627358490566038	0.78812893081761	2796	1852643	998
ENSG00000117115	1.0104304289700485	0.1844443677195713	5.555555595289748	0.1492680662008078	0.027531654091131102	1930	867	0.6208726415094339	0.8297955974842768	2797	1673310	999
ENSG00000135218	1.0223734260152593	0.11335085436140598	7.547687886239084	0.20279317806150254	0.022986779991936043	1582	1215	0.6892688679245282	0.7613993710691824	2797	1922130	1000
ENSG00000136235	1.0085493029774666	0.17526834160231333	6.156002860681029	0.16540103447431587	0.028989565011620397	2015	783	0.6041666666666667	0.8463050314465409	2798	1577745	1001
ENSG00000171385	1.0050487414547378	0.175704885025357	7.067375187808088	0.1898880155738347	0.03336425194409382	2239	563	0.5601415094339622	0.8895440251572327	2802	1260557	1002
ENSG00000256916	1.049080139781492	0.18974305282319057	3.897382569176231	0.10471585593327697	0.019869106183773386	1222	1580	0.7600235849056604	0.6896619496855345	2802	1930760	1003
ENSG00000110195	1.0057209268288305	0.1685339583381657	7.057112751754733	0.18961228185865192	0.031956108411170574	2196	609	0.5685927672955975	0.8805031446540881	2805	1337364	1004
ENSG00000149970	1.033284429109093	0.20519944219732503	3.861446153247798	0.10375030726405421	0.021289505178385	1414	1391	0.7222877358490566	0.7268081761006289	2805	1966874	1005
ENSG00000047648	1.0421546510486728	0.19423003430657704	3.883654996106814	0.10434702004448855	0.02026732528303009	1291	1518	0.7464622641509434	0.7018474842767295	2809	1959738	1006
ENSG00000181234	1.2531042701632351	0.1797281454839536	3.199554471056527	0.0859664349329309	0.015450587924362635	538	2276	0.8944575471698113	0.5528694968553459	2814	1224488	1007
ENSG00000231852	1.1497485624411934	0.1497133478335139	4.131842983091537	0.11101539735366184	0.016620486798884532	733	2081	0.8561320754716981	0.5911949685534591	2814	1525373	1008
ENSG00000214313	1.0098500521105556	0.17344925551618437	5.947629061552604	0.1598023947866514	0.027717606405448066	1958	860	0.6153694968553459	0.8311713836477987	2818	1683880	1009
ENSG00000159189	2.648915550577814	0.13124766019689496	3.7797568513233104	0.1015554585367909	0.013328916313176589	77	2744	0.985062893081761	0.46088836477987416	2821	211288	1010
ENSG00000103710	1.0056220201380992	0.17184859791592702	6.89849402340566	0.18535047393723147	0.0318522190691658	2206	615	0.5666273584905661	0.8793238993710691	2821	1356690	1011
ENSG00000117090	1.1509257099052044	0.15285690315583084	4.022895280120582	0.10808816304548886	0.016522021870935946	724	2097	0.8579009433962264	0.5880503144654088	2821	1518228	1012
ENSG00000211962	1.0171069081918576	0.1396250400070539	6.453725248119429	0.17340031452387497	0.02421102585263177	1716	1106	0.6629323899371069	0.7828223270440251	2822	1897896	1013
ENSG00000203635	1.6293825213270139	0.15702135199628348	3.3474803346617596	0.08994094427276333	0.014122648669531689	250	2573	0.9510613207547169	0.4944968553459119	2823	643250	1014
ENSG00000147041	1.0031838017691954	0.16831050574422116	8.686057192137877	0.23337917112724316	0.03928016632259343	2434	389	0.5218160377358491	0.9237421383647799	2823	946826	1015
ENSG00000227036	1.0384391276565101	0.19297782109846848	3.962340895079497	0.10646117258521422	0.020544645117082646	1340	1484	0.7368317610062893	0.7085298742138364	2824	1988560	1016
ENSG00000160191	1.0131574825982703	0.1729433337878355	5.541328131192638	0.14888579911405278	0.025748806452450253	1834	991	0.6397405660377358	0.8054245283018868	2825	1817494	1017
ENSG00000154734	1.0032007202022646	0.18516845722953673	7.829170096789097	0.2103561129503825	0.0389513169038245	2432	394	0.5222091194968553	0.9227594339622641	2826	958208	1018
ENSG00000101265	1.0188553307710013	0.19586852405757751	4.481207520810805	0.12040221169653485	0.02358300349826828	1664	1162	0.6731525157232705	0.7718160377358491	2826	1933568	1019
ENSG00000179066	1.0797112381659426	0.16697219787271333	4.014345267344955	0.10785843914999008	0.018009360643994155	996	1835	0.8044418238993711	0.6395440251572326	2831	1827660	1020
ENSG00000116701	1.0943633262718293	0.16001992955917796	4.087241166100193	0.10981702450739154	0.017572912526071315	917	1917	0.8199685534591195	0.6234276729559749	2834	1757889	1021
ENSG00000168309	1.0046374020344275	0.16972980822490072	7.392829451219879	0.19863240264782503	0.033713839608666606	2286	550	0.5509040880503144	0.8920990566037736	2836	1257300	1022
ENSG00000136160	1.0052031043984464	0.13129429475905513	9.066660899825099	0.24360532735246335	0.03198398965429044	2231	607	0.5617138364779874	0.8808962264150944	2838	1354217	1023
ENSG00000161638	1.0727545571426014	0.15436490166541095	4.366416093678611	0.11731796673659221	0.01810977639888001	1028	1811	0.7981525157232705	0.6442610062893082	2839	1861708	1024
ENSG00000173040	1.0041368619167124	0.20620072193015745	6.309674214679946	0.16952991509632354	0.03495719088162021	2332	509	0.5418632075471699	0.9001572327044025	2841	1186988	1025
ENSG00000153956	1.0081668658259708	0.16321642319980034	6.561119967744301	0.17628582288458222	0.02877274147205502	2043	799	0.5986635220125787	0.8431603773584906	2842	1632357	1026
ENSG00000159763	1.0010711310033138	0.14233352893976137	21.427955691249714	0.5757317074427767	0.08194592564284468	2813	31	0.4473270440251572	0.9941037735849056	2844	87203	1027
ENSG00000134802	1.0295891528673051	0.20279806353697263	3.929171021134391	0.10556995606240444	0.021409382657138903	1467	1382	0.71187106918239	0.7285770440251572	2849	2027394	1028
ENSG00000163032	1.0084956910333915	0.20344705025619017	5.152836964374402	0.1384477206514379	0.028166780381228065	2020	830	0.6031839622641509	0.8370676100628931	2850	1676600	1029
ENSG00000142798	1.1900922671310987	0.17358865032797713	3.4079187471759544	0.09156481875399244	0.015894613305031398	655	2199	0.8714622641509434	0.5680031446540881	2854	1440345	1030
ENSG00000170955	1.0086357425162888	0.16268427006527877	6.407037350652004	0.17214589234225683	0.028005428840436115	2010	846	0.6051493710691824	0.8339229559748428	2856	1700460	1031
ENSG00000164128	1.0028369251926157	0.10079557448041875	14.702086535906217	0.3950193619144582	0.039816203515056256	2477	382	0.5133647798742138	0.9251179245283019	2859	946214	1032
ENSG00000165731	1.0015434484335999	0.1603443291982313	11.778486340936501	0.3164673359357363	0.050743742693766955	2679	184	0.47366352201257866	0.9640330188679245	2863	492936	1033
ENSG00000228630	1.3647261706590037	0.09691069087569998	5.633723091147122	0.15136829015613684	0.014669205575704638	411	2452	0.9194182389937107	0.5182783018867925	2863	1007772	1034
ENSG00000237438	1.0837356529038882	0.1337495390701805	4.936460273925107	0.13263405726524463	0.017739744024234394	978	1885	0.8079795597484276	0.6297169811320755	2863	1843530	1035
ENSG00000161649	1.248568138766254	0.16372808052459528	3.451405554693106	0.0927332332450355	0.01518303428004925	546	2321	0.8928852201257862	0.5440251572327044	2867	1267266	1036
ENSG00000206337	1.134142965432813	0.11160571105709716	5.5256791047344	0.1484653371319376	0.016569579517941545	779	2088	0.8470911949685535	0.589819182389937	2867	1626552	1037
ENSG00000129450	1.155264838055563	0.12154941295512608	4.95755783878405	0.1332009119486377	0.016190492652444353	715	2153	0.8596698113207547	0.5770440251572326	2868	1539395	1038
ENSG00000176678	1.0223960297415926	0.17835499290375803	4.6270666972381	0.12432119276503578	0.02217330545339469	1581	1287	0.6894654088050314	0.747248427672956	2868	2034747	1039
ENSG00000119699	1.0141796991009513	0.18923647392085513	4.848108583480972	0.1302602018061525	0.024649981282015305	1800	1071	0.6464229559748428	0.7897012578616353	2871	1927800	1040
ENSG00000167656	1.0121821111870561	0.16969214764324292	5.590099244227403	0.15019619365592948	0.02548711466931509	1866	1008	0.6334512578616351	0.8020833333333334	2874	1880928	1041
ENSG00000233101	1.5176029394414745	0.08458725987392124	6.211852828150925	0.1669016254590731	0.014117751166086486	301	2574	0.9410377358490566	0.4943003144654088	2875	774774	1042
ENSG00000141639	1.0109676747282303	0.17684622208935616	5.485037726866864	0.14737337436098327	0.026062424492300274	1912	964	0.6244103773584906	0.8107311320754718	2876	1843168	1043
ENSG00000211972	2.402231820369951	0.1456424367693993	3.3775791478842927	0.0907496467630194	0.013216999690528376	104	2774	0.9797562893081762	0.4549921383647799	2878	288496	1044
ENSG00000186086	1.3296913774836945	0.11296753865059662	4.881413805131513	0.13115505488518217	0.014816263731962938	453	2425	0.9111635220125787	0.5235849056603774	2878	1098525	1045
ENSG00000084628	1.0042242491097566	0.15571683822264804	7.9947825258899385	0.21480582938408363	0.033448884583483086	2321	558	0.5440251572327044	0.8905267295597484	2879	1295118	1046
ENSG00000174640	1.0164658349168285	0.15428268240899304	5.735142055117119	0.15409324040966793	0.02377391847149741	1736	1143	0.659001572327044	0.7755503144654088	2879	1984248	1047
ENSG00000211664	1.5684334091018857	0.14855122723358014	3.4877376584331943	0.09370941335398594	0.013920648357073455	275	2606	0.9461477987421384	0.48801100628930816	2881	716650	1048
ENSG00000184254	1.0133157765783078	0.19355123379796207	4.7910105838128265	0.12872607837813307	0.024915091292060824	1829	1053	0.6407232704402516	0.7932389937106918	2882	1925937	1049
ENSG00000237943	1.0452952555817767	0.19980994139305366	3.6272833190203935	0.09745876128963181	0.019473229381520938	1254	1629	0.7537342767295597	0.6800314465408805	2883	2042766	1050
ENSG00000184330	1.1958046328976375	0.10297657934573515	5.650833210269621	0.15182800914374742	0.015634729030496106	645	2242	0.8734276729559749	0.5595518867924528	2887	1446090	1051
ENSG00000106714	1.058533423931765	0.19908385372728843	3.449684551366177	0.09268699289442978	0.01845248373581688	1125	1762	0.7790880503144654	0.6538915094339622	2887	1982250	1052
ENSG00000183688	1.0157709218548725	0.1612211767384517	5.521634303255595	0.14835666038763154	0.023918235364680802	1753	1137	0.6556603773584906	0.7767295597484276	2890	1993161	1053
ENSG00000106366	1.0027361327301676	0.13006391519760765	11.113029753302	0.2985876808277921	0.03883548279823629	2496	400	0.5096305031446541	0.9215801886792453	2896	998400	1054
ENSG00000113263	3.3230593068848786	0.171695048098186	2.7970856774975115	0.07515280207654092	0.012903363967245146	48	2849	0.9907625786163522	0.44025157232704404	2897	136752	1055
ENSG00000105707	1.0021039196521393	0.1660670804811851	9.58722546563715	0.25759198714528564	0.04277754926056455	2575	322	0.49410377358490565	0.9369103773584906	2897	829150	1056
ENSG00000113361	1.0094144079499803	0.1388588886801751	7.173158601410679	0.19273023095873096	0.02676230568600286	1980	920	0.6110455974842768	0.81937893081761	2900	1821600	1057
ENSG00000105383	1.1225034945297618	0.1338040429802984	4.603765935361601	0.12369514202957749	0.016550910100579703	810	2093	0.840998427672956	0.5888364779874213	2903	1695330	1058
ENSG00000188783	1.002386066169509	0.1740613713489229	8.664498790758442	0.2327999345722139	0.04052147586157908	2537	369	0.5015723270440251	0.9276729559748428	2906	936153	1059
ENSG00000141753	1.0042465946685666	0.16696566355659	7.255788704447051	0.19495035736709054	0.03255001577839063	2315	592	0.5452044025157232	0.8838443396226415	2907	1370480	1060
ENSG00000165071	1.0103222559567717	0.20395548237607178	4.733787723006958	0.12718860014963473	0.02594081229625607	1935	972	0.6198899371069182	0.8091588050314465	2907	1880820	1061
ENSG00000164294	1.0215855137498855	0.15212594416986577	5.376627380663252	0.14446057788970088	0.02197620180679518	1598	1309	0.686124213836478	0.7429245283018868	2907	2091782	1062
ENSG00000138449	1.0015765664285041	0.16169419961408754	10.877421097419504	0.2922572881531927	0.04725630828931424	2671	240	0.47523584905660377	0.9530267295597484	2911	641040	1063
ENSG00000118503	1.0237705620492172	0.19522926070255667	4.114046090534743	0.1105372259645413	0.021580100905168847	1551	1363	0.6953616352201257	0.7323113207547169	2914	2114013	1064
ENSG00000281103	1.6710062565233053	0.15936469367922315	3.1760460964202686	0.08533480600558228	0.013599355219255553	233	2683	0.9544025157232704	0.472877358490566	2916	625139	1065
ENSG00000140519	1.021214926544254	0.1815084982740733	4.5061485170590725	0.12107233266198014	0.021975657284015054	1608	1310	0.6841588050314465	0.7427279874213837	2918	2106480	1066
ENSG00000253125	1.0069375646332694	0.1632255337225795	6.52259585843149	0.17525074741812352	0.028605396782604185	2121	807	0.5833333333333333	0.8415880503144654	2928	1711647	1067
ENSG00000182578	1.2939289867789956	0.1487366280535783	3.6836386289764524	0.0989729299435141	0.014720899868381319	491	2441	0.9036949685534591	0.520440251572327	2932	1198531	1068
ENSG00000004799	1.0055233440388291	0.14613307952935614	7.596080191441933	0.20409339469919635	0.029824796278993933	2211	726	0.5656446540880503	0.8575078616352201	2937	1605186	1069
ENSG00000124102	1.0077022663066517	0.1795288443590801	5.693068826411615	0.1529628063099679	0.02746123584675034	2070	869	0.5933569182389937	0.8294025157232705	2939	1798830	1070
ENSG00000232629	1.0075606656595815	0.12165667041910429	8.473062025750574	0.2276563633807582	0.027695915168624744	2080	861	0.5913915094339622	0.8309748427672956	2941	1790880	1071
ENSG00000198732	1.0033847766502666	0.1654184234264456	7.639331624535934	0.20525548509098882	0.03395303874338168	2404	542	0.5277122641509434	0.8936713836477987	2946	1302968	1072
ENSG00000057593	1.0031066110253564	0.16820230820280968	7.751764024505697	0.20827634711530754	0.03503256232884433	2443	505	0.5200471698113207	0.9009433962264151	2948	1233715	1073
ENSG00000166432	1.006091543851278	0.16261570347911125	6.650541694241511	0.1786884283417021	0.029057544478362646	2173	776	0.5731132075471699	0.8476808176100629	2949	1686248	1074
ENSG00000134760	1.0106535147238007	0.16696585356337484	5.616622248685243	0.15090882041617895	0.025196620011029368	1922	1029	0.6224449685534591	0.7979559748427673	2951	1977738	1075
ENSG00000131018	1.032995982172902	0.1785073241279329	4.2102278548960355	0.11312146182065697	0.0201930094510456	1418	1534	0.721501572327044	0.6987028301886793	2952	2175212	1076
ENSG00000233608	1.0049433490983615	0.18574086967542933	6.03341581922086	0.16210733498626612	0.03010995738111522	2244	710	0.5591588050314465	0.8606525157232705	2954	1593240	1077
ENSG00000166341	1.0350351014580796	0.15191079362252505	4.8849797068790695	0.13125086443095849	0.01993842297934935	1390	1566	0.727004716981132	0.6924135220125787	2956	2176740	1078
ENSG00000163600	1.112331638260707	0.15655754452906412	3.915738660264791	0.1052090520093127	0.016471270844808594	846	2111	0.8339229559748428	0.5852987421383649	2957	1785906	1079
ENSG00000138316	1.1402737193006771	0.1327125541914154	4.4549271144297835	0.1196961031224811	0.015885175572143518	760	2201	0.8508254716981132	0.5676100628930818	2961	1672760	1080
ENSG00000259439	1.0271177178047457	0.1273261103459239	6.055580221003172	0.1627028537126647	0.02071632150541546	1500	1462	0.7053852201257862	0.7128537735849056	2962	2193000	1081
ENSG00000211952	3.6979958788133045	0.15292648868563316	3.0633229670544586	0.08230613259066699	0.012586787854384858	39	2926	0.9925314465408805	0.4251179245283019	2965	114114	1082
ENSG00000237541	1.0105714921789803	0.0882452890970117	10.562354133025837	0.2837919896439536	0.025043306169546833	1926	1038	0.6216588050314465	0.796187106918239	2964	1999188	1083
ENSG00000151692	1.0269803372706343	0.19231454144737098	4.001002651741845	0.10749994639530944	0.020673802896630896	1503	1466	0.7047955974842768	0.7120676100628931	2969	2203398	1084
ENSG00000134198	1.0078824058185694	0.18567837835848633	5.374586144245636	0.1444057334358042	0.026813022410027972	2058	915	0.5957154088050314	0.8203616352201257	2973	1883070	1085
ENSG00000163491	1.0111980633240838	0.1767354117842687	5.190989658428589	0.13947281683923377	0.024649785716793864	1901	1072	0.6265723270440251	0.7895047169811321	2973	2037872	1086
ENSG00000186818	1.480873002467001	0.13716464869196052	3.721511326215733	0.09999050310640516	0.01371516223112245	327	2647	0.9359276729559749	0.4799528301886793	2974	865569	1087
ENSG00000102879	1.4211435753809296	0.1658312757188618	3.1064560047403273	0.08346504190483081	0.013841114377006353	353	2621	0.9308176100628931	0.485062893081761	2974	925213	1088
ENSG00000117215	1.5027830474120905	0.14414218845187105	3.527447484478048	0.09477634695607451	0.013661270063722407	310	2665	0.93926886792452835	0.4764150943396226	2975	826150	1089
ENSG00000099998	1.0070777297752704	0.1680667955594142	6.098066587941405	0.16384438811439853	0.02753680128077993	2109	866	0.5856918238993711	0.8299921383647799	2975	1826394	1090
ENSG00000211942	1.3651258683792442	0.13843243639076436	3.8071980400395895	0.10229275530282513	0.014160635341694363	409	2567	0.9198113207547169	0.49567610062893086	2976	1049903	1091
ENSG00000167676	1.2669785360115278	0.13674733543287293	3.987682296884397	0.10714205174794678	0.014651390089342707	521	2455	0.8977987421383647	0.5176886792452831	2976	1279055	1092
ENSG00000152953	1.0014691834130458	0.17435265430550542	9.618970396203611	0.25844491793070556	0.04506055743298703	2699	279	0.4697327044025157	0.9453616352201257	2978	753021	1093
ENSG00000155629	1.110095244980756	0.17820841313231678	3.4197048077621988	0.09188148959665772	0.016374054457253845	851	2127	0.832940251572327	0.5821540880503144	2978	1810077	1094
ENSG00000075618	1.0700686272472724	0.2125924154092847	3.056822021010724	0.08213146353591992	0.017460526214200807	1044	1936	0.7950078616352201	0.6196933962264151	2980	2021184	1095
ENSG00000170542	1.0093009658013146	0.15806652930322604	6.037259325239298	0.16221060327347217	0.025640067075620263	1983	998	0.6104559748427674	0.8040487421383647	2981	1979034	1096
ENSG00000110876	1.35973769380252	0.15704606383992048	3.3602505374326923	0.09028405729537901	0.014178755825737131	418	2564	0.9180424528301887	0.4962657232704403	2982	1071752	1097
ENSG00000085662	1.00160548820467	0.1897570776403128	8.394448508844155	0.22554415561960922	0.04279859984922898	2663	320	0.476808176100629	0.9373034591194969	2983	852160	1098
ENSG00000151632	1.0406799702025369	0.11558424007925759	6.181849767822043	0.16609549568166695	0.019198021648953085	1314	1669	0.7419418238993711	0.6721698113207547	2983	2193066	1099
ENSG00000211970	2.2600245497095965	0.14648767257787432	3.254648949719791	0.08744672725425688	0.01280986755002826	117	2867	0.9772012578616353	0.43671383647798745	2984	335439	1100
ENSG00000161031	1.003128554124787	0.1581550710196749	7.978877862317936	0.21437849887964586	0.03390504671540169	2439	545	0.5208333333333333	0.8930817610062893	2984	1329255	1101
ENSG00000172116	1.0568558209840166	0.16404698575357615	4.06369464008846	0.10918437051928308	0.017911366875090012	1143	1847	0.7755503144654088	0.637185534591195	2990	2111121	1102
ENSG00000185133	1.0411831171794568	0.17650576465207843	4.021449865274129	0.1080493272755488	0.019071329130913417	1306	1684	0.7435141509433962	0.6692216981132075	2990	2199304	1103
ENSG00000152049	1.0010090365043491	0.16642136946092895	11.80642837085794	0.3172180894293445	0.052791868860610935	2833	159	0.44339622641509435	0.9689465408805031	2992	450447	1104
ENSG00000099953	1.0593991010201542	0.12253241843478226	5.395470760471637	0.1449668665617231	0.0177631407527203	1113	1879	0.7814465408805031	0.6308962264150944	2992	2091327	1105
ENSG00000107159	1.0034383324024874	0.16445342415166317	7.311474102061189	0.19644652664753712	0.03230630396988842	2397	599	0.5290880503144655	0.8824685534591195	2996	1435803	1106
ENSG00000189223	1.10980434317733	0.0682385808556007	8.861206364761925	0.2380851231865528	0.016246590929081237	853	2143	0.8325471698113207	0.5790094339622642	2996	1827979	1107
ENSG00000115363	1.0204361122468384	0.19829750761539494	4.042895448545317	0.10862553260524664	0.02154017237901523	1630	1368	0.6798349056603774	0.7313286163522013	2998	2229840	1108
ENSG00000137501	1.0169460617174577	0.17701676868077176	4.692384259401679	0.12607616146724349	0.02231759471060667	1721	1278	0.6619496855345912	0.7490172955974843	2999	2199438	1109
ENSG00000128602	1.0052239621686947	0.17179373699860334	6.317428494059167	0.1697382590266225	0.029159969829820397	2230	770	0.5619103773584906	0.8488600628930818	3000	1717100	1110
ENSG00000073756	1.0058150154756278	0.1767771116336268	6.008161360208877	0.16142879182437925	0.028536915553219792	2191	812	0.5695754716981132	0.8406053459119497	3003	1779092	1111
ENSG00000162739	4.08520819293742	0.1689703493834995	2.7285489452889573	0.07331133990322251	0.012387442717219997	31	2974	0.9941037735849056	0.41568396226415094	3005	92194	1112
ENSG00000121413	1.0291110230215383	0.11776939905751499	6.385897359313009	0.17157789773351795	0.020206625907628173	1475	1530	0.7102987421383649	0.6994889937106918	3005	2256750	1113
ENSG00000166482	1.1577608207310486	0.21186684874317194	2.6867423598210882	0.07218807004115174	0.015294258916470198	706	2300	0.8614386792452831	0.5481525157232705	3006	1623800	1114
ENSG00000206432	1.0073652938239073	0.1855019237179003	5.371636863539542	0.1443264914193882	0.026772841801751542	2090	918	0.5894261006289307	0.8197720125786163	3008	1918620	1115
ENSG00000167588	1.6793675837766715	0.1271358910861111	3.864947038097505	0.1038443699194528	0.013202346503985381	232	2777	0.9545990566037736	0.4544025157232704	3009	644264	1116
ENSG00000188641	1.0082110166952087	0.17101148894907053	5.63623823516316	0.1514358676786818	0.0258972732120258	2037	973	0.5998427672955975	0.8089622641509434	3010	1982001	1117
ENSG00000164949	1.0362547566919702	0.18366352285481127	3.935222599161688	0.10573255138416916	0.01941921286764386	1374	1641	0.7301493710691824	0.6776729559748428	3015	2254734	1118
ENSG00000118596	1.005999448503703	0.181574911511924	5.756223128897087	0.1546596520065999	0.028082312627563336	2178	838	0.5721305031446541	0.8354952830188679	3016	1825164	1119
ENSG00000182771	1.0136562556671953	0.18769817203518688	4.600382749752161	0.12360424174699412	0.023200290231706132	1818	1198	0.6428852201257862	0.7647405660377359	3016	2177964	1120
ENSG00000088386	1.0141807325870702	0.18126057093035658	4.707510815359752	0.12648258558044187	0.02292630567505858	1798	1218	0.6468160377358491	0.760809748427673	3016	2189964	1121
ENSG00000157601	1.8273231920840523	0.1049502030269001	4.5993605268791775	0.12357677640552478	0.012969407773169664	186	2831	0.9636399371069182	0.4437893081761006	3017	526566	1122
ENSG00000272622	1.0440223925230314	0.1444557098390639	4.774757873095474	0.12828939645538223	0.018532135829787327	1265	1753	0.7515723270440251	0.6556603773584906	3018	2217545	1123
ENSG00000172236	1.053793503176911	0.1595081167576856	4.180250949827824	0.11231603478937843	0.01791531919094445	1173	1846	0.7696540880503144	0.6373820754716981	3019	2165358	1124
ENSG00000198077	1.0171619863807755	0.12860389739905695	6.3669658675867336	0.17106924164830598	0.022000171201073223	1713	1306	0.6635220125786163	0.7435141509433962	3019	2237178	1125
ENSG00000198223	1.007056324429569	0.14828336892031604	6.733230601923073	0.18091013472807121	0.026825964249306663	2112	913	0.5851022012578616	0.8207547169811321	3025	1928256	1126
ENSG00000167779	1.0087559384307672	0.16489177875268035	5.712529528236615	0.1534856813453273	0.025308527010098107	2003	1023	0.6065251572327044	0.7991352201257862	3026	2049069	1127
ENSG00000165810	1.0187733251527973	0.1591207172031573	5.054930748109179	0.1358171517874815	0.021611322600914133	1668	1358	0.6723663522012578	0.7332940251572326	3026	2265144	1128
ENSG00000091592	1.0039780016611821	0.1854585510797756	6.160472226004411	0.16552111850687093	0.030697306811388114	2350	677	0.5383254716981132	0.8671383647798743	3027	1590950	1129
ENSG00000168079	1.0369675062149293	0.16109110002875773	4.442608191086347	0.11936511518912124	0.019228657710874918	1365	1663	0.7319182389937107	0.6733490566037736	3028	2269995	1130
ENSG00000156689	1.001720753312792	0.15272106311942032	9.49394430357756	0.25508568540196325	0.03895695706113383	2639	393	0.4815251572327044	0.9229559748427673	3032	1037127	1131
ENSG00000165507	1.0079166877911574	0.20517474097649227	4.691915409457971	0.12606356428893517	0.025865059149555655	2056	976	0.5961084905660378	0.808372641509434	3032	2006656	1132
ENSG00000089127	1.6570449294362886	0.10317395290615097	4.740617069325204	0.1273720927456236	0.013141482298494864	237	2796	0.9536163522012578	0.45066823899371067	3033	662652	1133
ENSG00000267795	1.0208888192468593	0.17615996401255346	4.459304266426613	0.11981370954416604	0.02110637876151082	1615	1419	0.6827830188679245	0.7213050314465409	3034	2291685	1134
ENSG00000172346	1.0467866556531444	0.18386846009647204	3.6798930052179983	0.09887229158150863	0.018179495999301368	1243	1797	0.7558962264150944	0.6470125786163522	3040	2233671	1135
ENSG00000168743	1.0018056104636384	0.16549757508933227	8.510684202515248	0.22866720549647554	0.03784386801212073	2625	416	0.48427672955974843	0.918435534591195	3041	1092000	1136
ENSG00000127152	1.0041968384568554	0.18930970281621132	5.901083398104378	0.15855179418446483	0.03001539303803814	2323	718	0.5436320754716981	0.8590801886792453	3041	1667914	1137
ENSG00000229124	1.0289429094982416	0.20422003947034045	3.6442797782579572	0.09791542643484304	0.01999629225127886	1479	1562	0.7095125786163522	0.6931996855345912	3041	2310198	1138
ENSG00000160593	1.4104695608801456	0.17836611207056932	2.839962202021928	0.07630481933051232	0.013610193956230705	365	2680	0.9284591194968553	0.4734669811320755	3045	978200	1139
ENSG00000204397	1.0549733480325127	0.15749273570488517	4.188929863172043	0.11254922201780151	0.017725684877040057	1163	1887	0.7716194968553459	0.6293238993710693	3050	2194581	1140
ENSG00000249992	1.0193651619255226	0.1906931868467574	4.148940617203793	0.11147478089087443	0.02125748122112486	1652	1399	0.6755110062893082	0.7252358490566038	3051	2311148	1141
ENSG00000137960	1.0553223108523602	0.18119887273922847	3.629821661865241	0.09752696212414894	0.017671775598577216	1157	1898	0.7727987421383647	0.6271619496855345	3055	2195986	1142
ENSG00000198053	1.014534097235333	0.21436548522398155	3.8857024802066786	0.10440203236268455	0.0223801923257967	1785	1271	0.64937106918239	0.7503930817610063	3056	2268735	1143
ENSG00000172348	1.0134314393239494	0.16410210981248297	5.156841583562647	0.13855531776784633	0.02273721997144259	1823	1235	0.6419025157232705	0.7574685534591195	3058	2251405	1144
ENSG00000145824	1.0005876852286026	0.13596056370496354	21.494731716701	0.5775258625037287	0.07852074182020222	3023	38	0.40605345911949686	0.9927279874213837	3061	114874	1145
ENSG00000173890	1.092370989219773	0.16453802575432402	3.705373968212638	0.09955692050941801	0.01638089915079981	937	2125	0.8160377358490566	0.5825471698113207	3062	1991125	1146
ENSG00000178175	1.0953099434510203	0.17219216612190133	3.5060008470743367	0.09420011330367868	0.016220521558688968	914	2149	0.8205581761006289	0.5778301886792453	3063	1964186	1147
ENSG00000108691	1.003652987000399	0.15332099589031029	7.390096565692969	0.19855897479155518	0.030443259758000257	2376	695	0.5332154088050314	0.8636006289308176	3071	1651320	1148
ENSG00000085831	1.031115417503705	0.1646968503069449	4.406409309764693	0.11839251453364459	0.01949887424361046	1448	1625	0.7156053459119497	0.6808176100628931	3073	2353000	1149
ENSG00000172817	1.0007553634845503	0.17276264509256914	11.72885714786795	0.31513388628351247	0.05444336375264051	2927	148	0.42492138364779874	0.9711084905660378	3075	433196	1150
ENSG00000171310	1.0675586296009418	0.20906521095443187	3.016910236382002	0.08105910365976217	0.01694663860640534	1056	2023	0.7926493710691824	0.6025943396226415	3079	2136288	1151
ENSG00000077264	1.0111965155805105	0.19638699103182503	4.435703456787257	0.11917959704988611	0.023405322457012503	1902	1179	0.626375786163522	0.7684748427672956	3081	2242458	1152
ENSG00000172260	1.001738429948305	0.15992215207646054	8.508308056143175	0.22860336259761763	0.03655874171852646	2632	452	0.48290094339622647	0.9113600628930818	3084	1189664	1153
ENSG00000269516	1.004431273894954	0.16626148405298546	6.489548144865821	0.17436281313113913	0.028989820074836574	2302	782	0.5477594339622642	0.846501572327044	3084	1800164	1154
ENSG00000103355	1.1043448700663427	0.15840804511471843	3.7229830659655954	0.10003004618047664	0.015845564068184312	875	2209	0.8282232704402516	0.5660377358490566	3084	1932875	1155
ENSG00000188042	1.0606240831466565	0.23800709520211186	2.691332906208019	0.0723114099970264	0.017210628643361207	1107	1977	0.782625786163522	0.6116352201257862	3084	2188539	1156
ENSG00000270930	1.7422762565342857	0.1669710441054846	2.8439256325527875	0.07641130977970596	0.012758476175385131	206	2879	0.9597091194968553	0.4343553459119497	3085	593074	1157
ENSG00000228613	1.6455799578537835	0.15679513977668763	3.0673936351426137	0.08241550432554431	0.012922350520489925	244	2843	0.9522405660377359	0.44143081761006286	3087	693692	1158
ENSG00000104044	1.0914607346333107	0.18084900139271615	3.3398123405355222	0.08973491867636159	0.016228470432676587	943	2146	0.8148584905660378	0.5784198113207547	3089	2023678	1159
ENSG00000157168	1.0032789977407273	0.17721654657085975	6.455729384533417	0.1734541621655352	0.03073894760731803	2415	675	0.5255503144654088	0.8675314465408805	3090	1630125	1160
ENSG00000099256	1.0114223194817504	0.16047334124550758	5.383236105932419	0.1446381427838075	0.023210566044062388	1894	1197	0.6279481132075472	0.764937106918239	3091	2267118	1161
ENSG00000136378	1.0378303799606063	0.1483013007272997	4.669321098143234	0.12545649464500086	0.018605361340541134	1351	1742	0.7346698113207547	0.6578223270440251	3093	2353442	1162
ENSG00000173335	1.0008724792732495	0.17619459622381065	10.331348426977044	0.277585270184159	0.04890902459777528	2882	212	0.4337657232704403	0.9585298742138365	3094	610984	1163
ENSG00000152580	1.0206961043023877	0.18982126775999802	4.043020471792683	0.10862889176132823	0.02062007394949893	1619	1475	0.6819968553459119	0.7102987421383649	3094	2388025	1164
ENSG00000076706	1.0201495726970926	0.15242545085674958	5.073279048393816	0.1363101385382363	0.020777134323036663	1637	1458	0.6784591194968553	0.7136399371069182	3095	2386746	1165
ENSG00000177363	1.1109516302048537	0.2035595630181736	2.853832515565848	0.07667749040630088	0.015608436440436807	848	2248	0.8335298742138365	0.5583726415094339	3096	1906304	1166
ENSG00000245164	1.3427046362665827	0.15585572118176394	3.2670090638125275	0.08777882191103764	0.013680831593430394	441	2657	0.9135220125786163	0.4779874213836478	3098	1171737	1167
ENSG00000099250	1.0528378491611086	0.17572065154502128	3.7199891084867525	0.0999496037772842	0.017563209497411098	1182	1919	0.7678852201257862	0.6230345911949686	3101	2268258	1168
ENSG00000214456	1.0055150589090058	0.15652849361783447	6.45293020974973	0.17337895323282765	0.027138746374571483	2212	895	0.5654481132075472	0.8242924528301887	3107	1979740	1169
ENSG00000183671	1.0856186553606404	0.13854393791951322	4.379864228906317	0.11767929461910837	0.016303752888121855	973	2135	0.8089622641509434	0.5805817610062893	3108	2077355	1170
ENSG00000143851	2.1754968058937543	0.16037285243040117	2.87028638595569	0.0771195771377689	0.012367886563810352	127	2982	0.9752358490566038	0.41411163522012584	3109	378714	1171
ENSG00000141968	1.0204897230016867	0.12034524146413757	6.348309044538004	0.17056796543026295	0.020527042985751663	1626	1488	0.68062106918239	0.7077437106918238	3114	2419488	1172
ENSG00000196557	1.0007199332546186	0.14475111259445983	13.333215460449964	0.35824018928142504	0.051855665974536155	2946	171	0.421187106918239	0.9665880503144654	3117	503766	1173
ENSG00000227507	1.1479944762205223	0.16032490169998842	3.474417566644096	0.09335152577480993	0.014966574193390337	739	2379	0.8549528301886793	0.532625786163522	3118	1758081	1174
ENSG00000160219	1.2799650286051591	0.19315191297302203	2.6746668166351686	0.07186362130712866	0.013880595928640726	503	2616	0.9013364779874213	0.4860455974842768	3119	1315848	1175
ENSG00000230393	1.046320561003802	0.19117497056300292	3.462242959177463	0.0930244153567558	0.01778393986746835	1247	1873	0.7551100628930818	0.6320754716981132	3120	2335631	1176
ENSG00000254535	1.0174574591405847	0.19691949916336365	3.9933262944777677	0.107293696096015	0.02112822089861342	1703	1418	0.6654874213836478	0.721501572327044	3121	2414854	1177
ENSG00000282639	1.1148912058985214	0.12939204685430145	4.436637549621936	0.11920469449130182	0.015424139414871214	842	2280	0.8347091194968553	0.5520833333333333	3122	1919760	1178
ENSG00000158714	1.2091060478929478	0.1701401552845933	3.160740810777228	0.08492357973821767	0.014448911043983896	617	2506	0.8789308176100629	0.5076650943396226	3123	1546202	1179
ENSG00000246228	1.1028016049977323	0.19026414910864053	3.0605928438751895	0.08223277895384892	0.01564594971649299	884	2239	0.8264544025157232	0.5601415094339622	3123	1979276	1180
ENSG00000137726	1.0059223959923267	0.18679772837720504	5.276345749726296	0.14176618578639552	0.026481601465599497	2185	938	0.570754716981132	0.8158411949685535	3123	2049530	1181
ENSG00000152217	1.0333071866788408	0.15337142730489337	4.5814182574221904	0.12309469899325498	0.018879209678261736	1413	1712	0.7224842767295597	0.6637185534591195	3125	2419056	1182
ENSG00000240671	1.6319126578381224	0.15102393235159392	3.1435446478360847	0.08446154890362845	0.012755715247932424	249	2881	0.9512578616352201	0.4339622641509434	3130	717369	1183
ENSG00000091513	1.00218837865124	0.17027559590793925	7.222482636788131	0.1940554815572948	0.03304291276137049	2564	571	0.4962657232704403	0.8879716981132075	3135	1464044	1184
ENSG00000187134	1.0400826585281806	0.14837556306039373	4.538262293770655	0.12193517369847463	0.018092200054378085	1323	1816	0.7401729559748428	0.6432783018867925	3139	2402568	1185
ENSG00000134443	1.0266561482903738	0.16210309576345477	4.46721236702196	0.12002618638162038	0.01945661638514208	1507	1632	0.7040094339622642	0.6794418238993711	3139	2459424	1186
ENSG00000149380	1.9319667421326925	0.16651061197006015	2.7666059629196704	0.07433386543278843	0.012377377423313702	163	2977	0.9681603773584906	0.41509433962264153	3140	485251	1187
ENSG00000138131	1.0146418892597395	0.20392334669332834	3.943298204299218	0.10594952877582778	0.021605582488547895	1781	1359	0.6501572327044025	0.7330974842767295	3140	2420379	1188
ENSG00000237940	1.0118767889292757	0.15089753435286513	5.556483448902792	0.14929299600524606	0.022527944993343773	1883	1258	0.6301100628930818	0.7529481132075472	3141	2368814	1189
ENSG00000152669	1.1784215761638615	0.10294811154489467	5.270056646312708	0.1415972085727611	0.014577165222594324	670	2476	0.8685141509433962	0.5135613207547169	3146	1658920	1190
ENSG00000186684	1.0332107583175736	0.2045271351552539	3.4056882574035146	0.09150488939331876	0.018715232880313865	1415	1731	0.7220911949685535	0.6599842767295597	3146	2449365	1191
ENSG00000142449	1.0170460492295195	0.14764169535107527	5.305690453075094	0.14255462666273655	0.02104700676062602	1719	1430	0.6623427672955975	0.7191430817610063	3149	2458170	1192
ENSG00000132965	1.0390118705970381	0.1285066186284769	5.239851010616315	0.1407856359493876	0.018091886027315537	1334	1817	0.7380110062893082	0.6430817610062893	3151	2423878	1193
ENSG00000140254	1.1501617186797866	0.14741276481955742	3.7420045913489406	0.10054112131265042	0.01482104467075633	729	2424	0.8569182389937107	0.5237814465408805	3153	1767096	1194
ENSG00000183023	1.0211205764277929	0.14350479601730218	5.215658374546637	0.14013562211360087	0.020110133866170034	1611	1548	0.683569182389937	0.6959512578616351	3159	2493828	1195
ENSG00000188488	1.0005919713663294	0.14380061413016715	14.425683839834418	0.3875929046992145	0.05573609772824239	3020	140	0.4066430817610063	0.9726808176100629	3160	422800	1196
ENSG00000112981	1.005761237162065	0.16413294377534055	5.887939086592923	0.15819862951403665	0.02596560676336331	2192	969	0.56937893081761	0.809748427672956	3161	2124048	1197
ENSG00000140479	1.0810444553951815	0.1355280301473305	4.408194660444578	0.11844048378512731	0.016052005457095144	989	2172	0.8058176100628931	0.573309748427673	3161	2148108	1198
ENSG00000104783	1.016396643827986	0.18990244749967453	4.132220786018752	0.1110255482578123	0.02108402334915178	1739	1422	0.6584119496855345	0.7207154088050314	3161	2472858	1199
ENSG00000124256	1.0714727569276998	0.13693586678185934	4.4469653385108625	0.11948218412292162	0.016361396447861984	1036	2128	0.7965801886792453	0.5819575471698113	3164	2204608	1200
ENSG00000138083	1.0280643508115404	0.14156695122417237	5.017737000950193	0.13481782082625582	0.019085747865059767	1486	1679	0.7081367924528301	0.6702044025157232	3165	2494994	1201
ENSG00000240065	1.5293781292446478	0.14383125613932599	3.3085326775847492	0.08889448881835899	0.012785805990607841	294	2872	0.9424135220125787	0.43573113207547165	3166	844368	1202
ENSG00000017427	1.0997378671846156	0.19784491865645382	2.913686199282334	0.07828565424700289	0.015488418896465555	898	2269	0.8237028301886793	0.554245283018868	3167	2037562	1203
ENSG00000171954	1.0022970398351	0.14137031841285944	8.338344453148206	0.2240367377284343	0.031672144948847035	2547	624	0.4996069182389937	0.8775550314465409	3171	1589328	1204
ENSG00000105855	1.0047513027323542	0.142312205243909	7.03220065418426	0.1889429373501561	0.026888886079562455	2265	906	0.5550314465408805	0.8221305031446541	3171	2052090	1205
ENSG00000233237	1.0628167775095418	0.1276989617914052	4.829515428881826	0.12976063624803977	0.01657029853026686	1085	2087	0.7869496855345912	0.5900157232704403	3172	2264395	1206
ENSG00000211448	1.0107142783593968	0.1489519855197684	5.629209349276949	0.15124701380335198	0.022528543009945095	1917	1257	0.6234276729559749	0.7531446540880503	3174	2409669	1207
ENSG00000153563	1.4592409993343771	0.14431164900431526	3.340748360981553	0.08976006790932435	0.012953423414733918	338	2837	0.9337657232704403	0.4426100628930818	3175	958906	1208
ENSG00000101134	1.0045149206020225	0.1964382686775299	5.173911146617554	0.13901394708482392	0.027307659087372566	2296	879	0.5489386792452831	0.827437106918239	3175	2018184	1209
ENSG00000095970	1.0494665897788786	0.1378994710144856	4.673361590852181	0.12556505562019377	0.017315354747929182	1215	1960	0.7613993710691824	0.6149764150943396	3175	2381400	1210
ENSG00000132854	1.0014423196966522	0.15075659127670832	8.898327928710838	0.23908251471112002	0.03604326495171192	2706	470	0.4683569182389937	0.9078223270440251	3176	1271820	1211
ENSG00000164106	1.0509131531122022	0.14025851358715594	4.565515397614668	0.12266741695281531	0.01720514956737777	1198	1978	0.7647405660377359	0.6114386792452831	3176	2369644	1212
ENSG00000175287	1.0013005794745822	0.16095289556951953	8.598235956836982	0.23101956807046786	0.03718326841416152	2751	427	0.4595125786163522	0.9162735849056604	3178	1174677	1213
ENSG00000269918	1.3158295026705087	0.12322572888226214	4.06743363080511	0.10928483066305164	0.01346670291422913	464	2714	0.909001572327044	0.4667845911949685	3178	1259296	1214
ENSG00000244734	1.0218363818102425	0.10999424558389534	6.702374065132139	0.18008107353024216	0.01980788182689697	1592	1588	0.6873034591194969	0.6880896226415094	3180	2528096	1215
ENSG00000041982	1.0008876337011272	0.15126408022524204	10.815136054220947	0.29058379793389494	0.043954890922828206	2878	303	0.4345518867924528	0.9406446540880503	3181	872034	1216
ENSG00000178573	1.006695112550797	0.17845933757225352	5.203848397663008	0.13981830868183714	0.02495188274783352	2134	1048	0.5807783018867925	0.7942216981132075	3182	2236432	1217
ENSG00000124731	1.008939330812165	0.13908673803610114	6.2284528500177405	0.16734763902521427	0.023275837230059992	1997	1189	0.6077044025157232	0.7665094339622641	3186	2374433	1218
ENSG00000100626	1.0377073551451559	0.13147420986991393	5.100047576407545	0.13702936208718955	0.018015827109391584	1355	1832	0.7338836477987422	0.6401336477987422	3187	2482360	1219
ENSG00000133067	1.001578054905471	0.15581210815384677	8.294474178363366	0.22285802014231507	0.034723977937366556	2670	518	0.4754323899371069	0.8983883647798743	3188	1383060	1220
ENSG00000135362	1.0813815473153172	0.17217102784776037	3.4270006853636112	0.09207751707259981	0.015853080756059214	987	2207	0.8062106918238994	0.566430817610063	3194	2178309	1221
ENSG00000206503	1.3975108200722914	0.1450476101334315	3.346230707714512	0.08990736898138363	0.013040849004134306	376	2819	0.9262971698113207	0.4461477987421384	3195	1059944	1222
ENSG00000211956	1.0090794676460355	0.12643247116576461	6.795835528471573	0.18259221965373754	0.02308558554646413	1988	1207	0.6094732704402516	0.7629716981132075	3195	2399516	1223
ENSG00000188505	1.0015826634033722	0.15806522942053783	8.080170445103906	0.21710005349171133	0.034315969762378384	2668	531	0.4758254716981132	0.8958333333333334	3199	1416708	1224
ENSG00000069482	1.0167619864122879	0.18928006057929278	4.058426527698392	0.10904282554947652	0.020639632625742168	1730	1469	0.660180817610063	0.7114779874213837	3199	2541370	1225
ENSG00000185222	1.002105062660983	0.13546640220232203	8.665652013597605	0.23283091965375036	0.03154076700695147	2574	629	0.4943003144654088	0.8765723270440251	3203	1619046	1226
ENSG00000269113	1.0065898039714767	0.1810577959136141	5.079731084531657	0.13648349346932	0.024711400506145224	2140	1066	0.5795990566037736	0.7906839622641509	3206	2281240	1227
ENSG00000135480	1.001400646055236	0.1652233581511314	7.939688027595974	0.21332553653531502	0.03524636152575662	2715	494	0.4665880503144654	0.9031053459119497	3209	1341210	1228
ENSG00000124019	1.0629610128519837	0.16717463732456436	3.645845358299897	0.09795749083350391	0.016376008003315356	1083	2126	0.7873427672955975	0.5823506289308176	3209	2302458	1229
ENSG00000099812	1.0029448569993464	0.14774417980614438	7.39945671520608	0.19881046564484753	0.029373089183575642	2461	749	0.5165094339622642	0.8529874213836478	3210	1843289	1230
ENSG00000112182	1.0654146881177777	0.22435845931902926	2.6987313496494427	0.0725101932377762	0.016268275239752564	1071	2140	0.7897012578616353	0.5795990566037736	3211	2291940	1231
ENSG00000111319	1.0092072777640388	0.14647482227904274	5.8063612229168315	0.15600677493768295	0.022851064633323728	1986	1225	0.6098663522012578	0.7594339622641509	3211	2432850	1232
ENSG00000134755	1.013377244915984	0.18897532129579334	4.2136011089736485	0.11321209526034322	0.02139429207639332	1827	1384	0.6411163522012578	0.7281839622641509	3211	2528568	1233
ENSG00000039537	1.1433279443511521	0.14384567369071743	3.781117074892531	0.10159200536604962	0.014613570453470389	746	2466	0.8535770440251572	0.5155267295597484	3212	1839636	1234
ENSG00000027869	1.0171396968815412	0.20546661290667276	3.696675107764719	0.09932319733719155	0.020407600939933806	1715	1501	0.66312893081761	0.7051886792452831	3216	2574215	1235
ENSG00000166446	1.0180764594212128	0.17826049328765362	4.222174300968524	0.11344244194093953	0.020222305660147884	1688	1528	0.668435534591195	0.6998820754716981	3216	2579264	1236
ENSG00000167157	1.00395841172832	0.16879543364615254	6.077669769846817	0.1632963612714649	0.02756368011365571	2353	864	0.5377358490566038	0.8303852201257862	3217	2032992	1237
ENSG00000128340	1.0043795592097595	0.12554780959905498	7.942628238760909	0.21340453486901614	0.02679247191131013	2306	916	0.5469732704402516	0.8201650943396226	3222	2112296	1238
ENSG00000064205	1.005376741091212	0.1351805234480609	7.0320334586002735	0.1889384450971184	0.02554079790769118	2219	1003	0.5640723270440251	0.8030660377358491	3222	2225657	1239
ENSG00000187045	1.006000317028459	0.1806289728141448	5.14381988084354	0.13820544738131454	0.024963907997806185	2177	1045	0.5723270440251572	0.7948113207547169	3222	2274965	1240
ENSG00000154822	1.0064426777179942	0.1807226032422911	5.0760305197650695	0.13638406576365045	0.024647683405574737	2153	1073	0.5770440251572326	0.7893081761006289	3226	2310169	1241
ENSG00000184454	1.0095982249501279	0.1503975418794449	5.579120661846737	0.14990121834095332	0.022544774763213343	1971	1255	0.612814465408805	0.7535377358490566	3226	2473605	1242
ENSG00000259793	1.0146805306327005	0.1939691762848958	4.010093480129767	0.10774420106081563	0.020899053929240602	1780	1447	0.6503537735849056	0.7158018867924528	3227	2575660	1243
ENSG00000171051	1.0072857300305507	0.14127211750761764	6.310152717070881	0.1695427716190137	0.023951666354728486	2097	1131	0.5880503144654088	0.7779088050314465	3228	2371707	1244
ENSG00000106123	1.0086904939223378	0.21034203994444042	4.052866516262941	0.1088934377626406	0.022904867835556786	2007	1221	0.6057389937106918	0.7602201257861635	3228	2450547	1245
ENSG00000004838	1.109347611170339	0.1919700847884351	2.9052488151895672	0.07805895648730653	0.014984984495365	857	2372	0.8317610062893082	0.534001572327044	3229	2032804	1246
ENSG00000249346	1.00271058540662	0.1737353756616692	6.37335256167801	0.17124084095283443	0.029750591831560834	2500	730	0.5088443396226415	0.8567216981132075	3230	1825000	1247
ENSG00000146373	1.0444012944194425	0.1787314339623013	3.589829327392248	0.09645243801449897	0.01723908255549138	1259	1971	0.752751572327044	0.612814465408805	3230	2481489	1248
ENSG00000130005	1.0284762594458496	0.1917768171099511	3.6043221366800506	0.0968418344626313	0.018572018776332203	1482	1748	0.7089229559748428	0.6566430817610063	3230	2590536	1249
ENSG00000101210	1.0007179712657268	0.15340536034689886	10.858097193839383	0.2917380886475121	0.04475418661588712	2949	284	0.4205974842767296	0.94437893081761	3233	837516	1250
ENSG00000108622	1.0040441583233277	0.17958212632229517	5.630817343689171	0.1512902178019903	0.027169019004644576	2344	889	0.539504716981132	0.8254716981132075	3233	2083816	1251
ENSG00000142973	1.0008578053389396	0.1582412753204062	9.798821532096339	0.263277203522715	0.041661320448224556	2890	344	0.43219339622641506	0.9325864779874213	3234	994160	1252
ENSG00000132000	1.2084520772561442	0.17919831987221313	2.876613301222407	0.07728957028979133	0.013850161139575927	619	2619	0.8785377358490566	0.48545597484276726	3238	1621161	1253
ENSG00000232400	1.0630584925946716	0.19434122257082095	3.0919868880228	0.08307628203464064	0.01614514621725039	1082	2157	0.7875393081761006	0.5762578616352201	3239	2333874	1254
ENSG00000126709	1.6150004052474691	0.10516383665954894	4.373688767358613	0.11751337076373287	0.012358156928310217	258	2984	0.9494889937106918	0.41371855345911945	3242	769872	1255
ENSG00000090104	1.0005622929760103	0.12076898434661727	15.09243116756435	0.40550723973695296	0.04897269748823205	3037	210	0.4033018867924528	0.9589229559748428	3247	637770	1256
ENSG00000169418	1.0742790137510163	0.15394018515902577	3.8019621129510726	0.10215207509580244	0.015725309354626533	1018	2229	0.8001179245283019	0.5621069182389937	3247	2269122	1257
ENSG00000234745	1.5479278335894897	0.13755327048102353	3.3580964529258455	0.09022618081061433	0.012410906253512167	282	2966	0.9447720125786163	0.41725628930817615	3248	836412	1258
ENSG00000050438	1.0353753084015478	0.1605218214729276	4.136961154214345	0.11115291366375585	0.01784246816332915	1385	1863	0.7279874213836478	0.6340408805031447	3248	2580255	1259
ENSG00000109610	1.001426892873176	0.1794517143925485	7.077905927077686	0.19017095812736984	0.034126504463630074	2710	539	0.4675707547169812	0.8942610062893082	3249	1460690	1260
ENSG00000108244	1.0008871984082532	0.1328702528882645	11.334495824737367	0.3045380869834383	0.04046405263159775	2879	371	0.4343553459119497	0.9272798742138365	3250	1068109	1261
ENSG00000103569	1.0058804901326703	0.15579426414821973	5.917226095960214	0.1589855202539596	0.02476903213818752	2188	1062	0.5701650943396226	0.7914701257861635	3250	2323656	1262
ENSG00000134460	1.0226902718454103	0.18146894683199596	3.919200533786238	0.10530206649852351	0.019109055106719865	1577	1674	0.690251572327044	0.671187106918239	3251	2639898	1263
ENSG00000059804	1.0021236389612738	0.17066361458112764	6.673110531938416	0.17929481355406018	0.030599100956785266	2571	681	0.4948899371069182	0.8663522012578616	3252	1750851	1264
ENSG00000102445	1.0054954766315383	0.2047249373784823	4.548952843819528	0.12222241008825553	0.025021975251565298	2214	1041	0.5650550314465409	0.7955974842767295	3255	2304774	1265
ENSG00000117114	1.006632602929856	0.18252050620331123	4.912973982575902	0.13200302167721145	0.0240932583368913	2138	1118	0.5799921383647799	0.7804638364779874	3256	2390284	1266
ENSG00000077274	1.0015028438676385	0.16080213991556463	7.658690422568106	0.2057756221495909	0.033089160384110874	2689	568	0.4716981132075472	0.8885613207547169	3257	1527352	1267
ENSG00000166426	1.0007420765474313	0.15273973336930763	10.393886754260455	0.2792655657040063	0.04265494804485878	2934	325	0.4235455974842768	0.9363207547169812	3259	953550	1268
ENSG00000204482	1.2955377388046685	0.1564767581147238	3.144350870328813	0.08448321069250861	0.013219658924286918	488	2772	0.9042845911949685	0.4553852201257862	3260	1352736	1269
ENSG00000102755	1.0312767943502559	0.1135146564887156	5.935765089972693	0.1594836306117962	0.018103729544471255	1447	1813	0.7158018867924528	0.6438679245283019	3260	2623411	1270
ENSG00000100979	1.0025667163843586	0.19218666123037628	5.684615066912953	0.15273566857174387	0.029353758193592767	2510	751	0.50687893081761	0.8525943396226415	3261	1885010	1271
ENSG00000172935	1.0957403507147345	0.20437757562976291	2.7431895664480193	0.0737047077979196	0.015063589492238889	912	2350	0.8209512578616353	0.5383254716981132	3262	2143200	1272
ENSG00000168329	1.004647690217958	0.16896695866059833	5.68337734099239	0.15270241304014487	0.02580166231152777	2280	984	0.5520833333333333	0.8068003144654088	3264	2243520	1273
ENSG00000132357	1.0184784400746805	0.21238402053026495	3.4731600520600936	0.09331773855642038	0.019819196501404682	1680	1586	0.6700078616352201	0.6884827044025157	3266	2664480	1274
ENSG00000118515	1.0090670011882354	0.19656442112475994	4.216796548116122	0.11329795112359185	0.02227034617723018	1989	1282	0.6092767295597484	0.7482311320754718	3271	2549898	1275
ENSG00000170099	1.0009054770885337	0.11480216715212745	12.558676421938419	0.33742967942464774	0.03873765845939719	2871	401	0.4359276729559748	0.9213836477987422	3272	1151271	1276
ENSG00000178776	1.0032329539858478	0.16847642804446017	6.179553400454167	0.16603379630517612	0.02797278093615756	2424	849	0.5237814465408805	0.8333333333333334	3273	2057976	1277
ENSG00000117091	2.656097453011877	0.1604682968930553	2.647274173575081	0.07112762887800511	0.01141372946809478	76	3198	0.9852594339622641	0.37165880503144655	3274	243048	1278
ENSG00000178187	1.055030349854012	0.1892989580024089	3.2372912927435493	0.08698035735728073	0.016465291014410403	1161	2113	0.7720125786163522	0.5849056603773585	3274	2453193	1279
ENSG00000066336	1.2747401844343145	0.14765627730691472	3.3333380951654967	0.08956096702203695	0.013224238982481332	507	2769	0.9005503144654088	0.4559748427672956	3276	1403883	1280
ENSG00000177839	1.0935384352875643	0.1570839531265749	3.5627877518655913	0.09572587815623576	0.015036999357294358	923	2355	0.8187893081761006	0.5373427672955975	3278	2173665	1281
ENSG00000186526	1.0016878895614596	0.13279632059928748	8.837557939141393	0.23744973133410455	0.03153245064845842	2650	630	0.47936320754716977	0.876375786163522	3280	1669500	1282
ENSG00000130203	1.0159054599690551	0.1361036263392115	5.525126221440125	0.14845048212441306	0.02020464894893691	1748	1532	0.6566430817610063	0.6990959119496856	3280	2677936	1283
ENSG00000211658	1.2147657616305818	0.14168247973043316	3.581967338692627	0.09624120012306649	0.013635691885668929	608	2675	0.8806996855345912	0.4744496855345912	3283	1626400	1284
ENSG00000213088	1.0044146023051528	0.1340538112671255	7.17202082124179	0.19269966079474668	0.025832123959418078	2304	979	0.5473663522012578	0.8077830188679245	3283	2255616	1285
ENSG00000273472	1.0831858431577361	0.19879014693083974	2.862205683466541	0.07690246278918385	0.015287451877205293	981	2303	0.8073899371069182	0.547562893081761	3284	2259243	1286
ENSG00000211650	1.3487096084029124	0.15084074717583898	3.182088289050519	0.08549714915813662	0.01289645386041748	434	2852	0.9148977987421384	0.4396619496855346	3286	1237768	1287
ENSG00000012779	1.0013320603864238	0.14860396990364286	8.446571852823853	0.2269446187463513	0.03372487129397649	2738	548	0.4620676100628931	0.8924921383647799	3286	1500424	1288
ENSG00000005243	1.0553214884909783	0.15412632419216207	3.9452101893288933	0.10600090047089758	0.016337529150638665	1158	2130	0.7726022012578616	0.581564465408805	3288	2466540	1289
ENSG00000115705	1.0652415642482342	0.16591494002624751	3.5426692696808737	0.09518532971259237	0.015792668270643358	1072	2217	0.7895047169811321	0.5644654088050314	3289	2376624	1290
ENSG00000229953	1.5540875667887173	0.12578260546457634	3.609275627331331	0.09697492609636227	0.012197758869135183	279	3016	0.9453616352201257	0.4074292452830188	3295	841464	1291
ENSG00000244509	1.0015301292143461	0.1626164573330861	7.293500498860971	0.19596360735236673	0.031866907593853785	2682	613	0.47307389937106914	0.8797169811320755	3295	1644066	1292
ENSG00000211611	1.30677312430775	0.14967011247677325	3.235605702327253	0.08693506848967215	0.013011581479025218	474	2823	0.9070361635220126	0.44536163522012584	3297	1338102	1293
ENSG00000104903	1.0395285644683183	0.16731577607453058	3.835052119553076	0.10304114572273322	0.017240409264207907	1331	1970	0.7386006289308176	0.6130110062893082	3301	2622070	1294
ENSG00000139629	1.0296450184914283	0.13877619759001297	4.818011442491661	0.1294515442458796	0.017964793082598494	1466	1838	0.7120676100628931	0.6389544025157232	3304	2694508	1295
ENSG00000160013	1.0134902978217712	0.17364447889214038	4.407542826539027	0.11842297014767074	0.02056349494015178	1822	1482	0.6420990566037736	0.7089229559748428	3304	2700204	1296
ENSG00000101493	1.0436996061300108	0.14048296964553245	4.461066071016365	0.11986104615337195	0.016838435708445915	1273	2034	0.75	0.6004323899371069	3307	2589282	1297
ENSG00000005108	1.0317828646352878	0.167744610193094	3.944963224502724	0.1059942649577811	0.017779966658046514	1437	1875	0.7177672955974843	0.6316823899371069	3312	2694375	1298
ENSG00000061918	1.004121809367851	0.1385081279662119	6.939663661481685	0.18645663013644326	0.025825758787087125	2333	980	0.5416666666666667	0.8075864779874213	3313	2286340	1299
ENSG00000137077	1.0096794781443847	0.16010095897907806	5.049788602574147	0.13567899132684494	0.02172233662474189	1967	1346	0.6136006289308176	0.7356525157232705	3313	2647582	1300
ENSG00000101680	1.0016971282270188	0.18309685702799608	6.289029519628559	0.16897522823291808	0.03093883320503561	2646	668	0.48014937106918243	0.8689072327044025	3314	1767528	1301
ENSG00000102854	1.0037621784583348	0.13422270611093895	7.324108526224352	0.1967859915363405	0.02641314830873195	2370	947	0.5343946540880503	0.8140723270440251	3317	2244390	1302
ENSG00000169047	1.0447953841526962	0.15231707147815676	4.089797868292601	0.10988571862548042	0.016737470858305924	1257	2060	0.7531446540880503	0.5953223270440251	3317	2589420	1303
ENSG00000240521	1.2524025326634738	0.10135170402593767	4.84672265705398	0.13022296438604117	0.013198319343834267	540	2778	0.894064465408805	0.45420597484276726	3318	1500120	1304
ENSG00000168589	1.047952844105728	0.19446633625902277	3.1731394448881307	0.08525670936054291	0.016579559910845112	1236	2085	0.7572720125786163	0.5904088050314465	3321	2577060	1305
ENSG00000170743	1.0006659020264241	0.16321736217044766	9.533172067962163	0.2561396668500177	0.04180644077047715	2981	341	0.414308176100629	0.9331761006289309	3322	1016521	1306
ENSG00000198846	1.004861951821803	0.19924693564468401	4.615093991756124	0.12399950710032898	0.024706521811191786	2255	1067	0.5569968553459119	0.7904874213836478	3322	2406085	1307
ENSG00000079215	1.0066428168566102	0.1585766103804816	5.471330270014708	0.14700507895978399	0.0233115671301576	2137	1187	0.5801886792452831	0.7669025157232705	3324	2536619	1308
ENSG00000010319	1.0118452398438285	0.17332005953327415	4.5066527779612	0.12108588127083307	0.020986612150499753	1884	1440	0.6299135220125787	0.7171776729559749	3324	2712960	1309
ENSG00000148488	1.0007125428254313	0.15441606782371237	9.751355606375103	0.26200187708212513	0.040457299621453384	2953	372	0.41981132075471694	0.9270833333333334	3325	1098516	1310
ENSG00000204175	1.0077863062797081	0.1659702017034739	5.047698304218195	0.13562282866443898	0.022509348229032618	2064	1261	0.5945361635220126	0.7523584905660378	3325	2602704	1311
ENSG00000165125	1.0015424887754023	0.16023263885227196	7.259772861902081	0.19505740471250027	0.031254562684759506	2680	647	0.4734669811320755	0.8730345911949685	3327	1733960	1312
ENSG00000222014	1.1274142249008174	0.18732904299196368	2.8363092885204835	0.07620667193102959	0.014275722922442315	794	2536	0.8441430817610063	0.5017688679245282	3330	2013584	1313
ENSG00000064225	1.0624643254164283	0.18308166844322638	3.176394895722333	0.0853441776330313	0.015624954432970453	1088	2243	0.7863600628930818	0.5593553459119497	3331	2440384	1314
ENSG00000224853	1.1376301039383554	0.17643251365578475	2.9825152099022345	0.08013496943025084	0.014138414088308623	768	2570	0.8492531446540881	0.49508647798742134	3338	1973760	1315
ENSG00000231246	1.0724478287737342	0.18866447109309806	3.0098868712846505	0.08087039811837711	0.01525737088809189	1030	2309	0.7977594339622641	0.5463836477987422	3339	2378270	1316
ENSG00000145244	1.2035378704766562	0.14010871594734997	3.5782744264672446	0.09614197802780035	0.01347032909011344	628	2712	0.87676886792452835	0.4671776729559748	3340	1703136	1317
ENSG00000136002	1.0290318436191925	0.21044237574053398	3.1522380814988895	0.0846951262676264	0.017823443585403807	1476	1867	0.7101022012578616	0.633254716981132	3343	2755692	1318
ENSG00000162366	1.000739907388195	0.12658274068403727	11.281936667636677	0.3031259143200568	0.03837050900698745	2936	408	0.4231525157232704	0.9200078616352201	3344	1197888	1319
ENSG00000224041	2.5169473470269	0.15180931117658483	2.7508637207817794	0.07391089890832774	0.01122036265171543	94	3253	0.9817216981132075	0.36084905660377353	3347	305782	1320
ENSG00000145703	1.0008078283083037	0.15625858687203958	8.798970503253164	0.2364129543932767	0.03694155417173736	2914	434	0.42747641509433965	0.9148977987421384	3348	1264676	1321
ENSG00000231290	1.1902994748494993	0.16101193482863224	3.126535703534308	0.08400454830656917	0.013525734857246004	654	2698	0.8716588050314465	0.4699292452830188	3352	1764492	1322
ENSG00000196932	1.000409470969119	0.14653607013154982	12.491869796727388	0.3356347022016482	0.04918259026040256	3149	204	0.3812893081761006	0.9601022012578616	3353	642396	1323
ENSG00000179869	1.0133928071800884	0.17073231584527582	4.405686649625735	0.11837309791912017	0.020210113141510985	1825	1529	0.6415094339622642	0.699685534591195	3354	2790425	1324
ENSG00000090530	1.0032136918650265	0.18353868884531077	5.378238191679084	0.144503857565554	0.026522048550671324	2428	934	0.522995283018868	0.816627358490566	3362	2267752	1325
ENSG00000214100	1.0082669093866024	0.1637211848367934	4.955929887513612	0.1331571717441092	0.02180064992746195	2031	1331	0.6010220125786163	0.7386006289308176	3362	2703261	1326
ENSG00000244405	1.0043765776102633	0.18392933545485624	5.027856389137327	0.1350897110953604	0.024846960788558154	2307	1058	0.5467767295597484	0.7922562893081762	3365	2440806	1327
ENSG00000162367	1.0111877211371216	0.16114082818461048	4.781880197375297	0.1284807608569923	0.020703496210284625	1903	1463	0.6261792452830188	0.7126572327044025	3366	2784089	1328
ENSG00000178562	1.0332036170163412	0.141086381257514	4.584126524428634	0.12316746539291987	0.017377251980947153	1416	1952	0.7218946540880503	0.6165487421383649	3368	2764032	1329
ENSG00000132185	1.201436763580428	0.1534455488374077	3.2406586106210478	0.08707083130164801	0.013360631496810719	631	2738	0.8761792452830188	0.4620676100628931	3369	1727678	1330
ENSG00000105088	1.0071742888417872	0.17858171989616228	4.679576256437188	0.12573203281951206	0.022453442666949187	2103	1266	0.58687106918239	0.751375786163522	3369	2662398	1331
ENSG00000140563	1.0018630129395687	0.1860055524230965	5.859980891232329	0.15744744168334002	0.02928609836791293	2616	757	0.4860455974842768	0.8514150943396226	3373	1980312	1332
ENSG00000101670	1.0056702168194216	0.20681577589478808	4.230374923894644	0.11366277834201197	0.02350725569316052	2205	1169	0.5668238993710693	0.770440251572327	3374	2577645	1333
ENSG00000163710	1.010004824863977	0.15941701893558907	4.921109049961212	0.1322215967155115	0.02107837278729052	1949	1425	0.6171383647798743	0.720125786163522	3374	2777325	1334
ENSG00000172403	1.0035599187002224	0.16370726335005514	5.860919983595086	0.15747267345333466	0.025779420423462294	2386	989	0.53125	0.8058176100628931	3375	2359754	1335
ENSG00000130775	1.0380945874231762	0.1931304032069852	3.2549359537490195	0.08745443855075999	0.01689011097954879	1347	2028	0.7354559748427674	0.6016116352201257	3375	2731716	1336
ENSG00000265107	1.001291277719293	0.15422370228288157	7.643909832540513	0.20537849353610058	0.03167423164241829	2753	623	0.4591194968553459	0.877751572327044	3376	1715119	1337
ENSG00000100342	1.0478038090754718	0.11844495676823082	5.1054875395270285	0.137175524385653	0.01624774905551806	1238	2142	0.75687893081761	0.5792059748427674	3380	2651796	1338
ENSG00000134775	1.007556275764952	0.16700888550578163	4.912421498258773	0.1319881773895053	0.02204319840576069	2081	1303	0.5911949685534591	0.7441037735849056	3384	2711543	1339
ENSG00000182253	1.0478855257782724	0.18194423780684094	3.319025319901239	0.08917640777336812	0.016225133542677506	1237	2148	0.7570754716981132	0.5780267295597484	3385	2657076	1340
ENSG00000178726	1.0007698836449332	0.16109724546674328	8.37178763674552	0.22493529760377817	0.0362364568522108	2923	464	0.4257075471698113	0.909001572327044	3387	1356272	1341
ENSG00000240583	1.0422557405607318	0.16851342525085072	3.644210956599969	0.09791357731721215	0.016499752292287423	1288	2100	0.7470518867924528	0.5874606918238994	3388	2704800	1342
ENSG00000168477	1.1045218686974683	0.18512850985451693	2.887521983775398	0.07758266751860209	0.014362763628257237	874	2518	0.8284198113207547	0.5053066037735849	3392	2200732	1343
ENSG00000118946	1.0047437124442709	0.11598917966361924	7.71324292017572	0.20724135238748406	0.024037754455803317	2267	1125	0.5546383647798743	0.7790880503144654	3392	2550375	1344
ENSG00000155093	1.0003669935319528	0.15126896869923848	11.998074934618327	0.32236729754649424	0.04876416864221873	3186	214	0.3740172955974843	0.9581367924528302	3400	681804	1345
ENSG00000164742	1.0007177381385912	0.14465626429560796	9.398072351761915	0.25250977366731125	0.03652712055684273	2950	454	0.42040094339622647	0.9109669811320755	3404	1339300	1346
ENSG00000130045	1.0230380382661284	0.18433394855968058	3.6297350363785474	0.09752463464876675	0.017977100986647412	1567	1837	0.6922169811320755	0.6391509433962264	3404	2878579	1347
ENSG00000168421	1.0006959816490155	0.1491873871551801	9.14710730832931	0.2457667817064446	0.03666530401232198	2961	446	0.41823899371069184	0.9125393081761006	3407	1320606	1348
ENSG00000101871	1.051760986741036	0.22234009853553677	2.6364233411057434	0.07083608597980422	0.015749702336621423	1186	2222	0.7670990566037736	0.5634827044025157	3408	2635292	1349
ENSG00000128284	1.0256495973353936	0.11435896476111167	5.758079415857527	0.15470952719192493	0.01769242136834959	1521	1890	0.7012578616352201	0.6287342767295597	3411	2874690	1350
ENSG00000131042	1.5079430899034196	0.16020070286637805	2.744088265432349	0.07372885426845466	0.011811414275339193	307	3106	0.9398584905660378	0.3897405660377359	3413	953542	1351
ENSG00000196730	1.002013167195862	0.17745441203775641	5.952958079620504	0.15994557618554137	0.028383048180045417	2590	824	0.49115566037735847	0.8382468553459119	3414	2134160	1352
ENSG00000100599	1.0139182584805537	0.20877140768002872	3.4978246866792895	0.09398043416804892	0.01962042753564384	1809	1605	0.6446540880503144	0.684748427672956	3414	2903445	1353
ENSG00000106278	1.0026150802295586	0.15621992146261227	6.405504412849573	0.17210470498350391	0.026886183495869034	2508	907	0.5072720125786163	0.8219339622641509	3415	2274756	1354
ENSG00000006377	1.505520063562903	0.12909586309888954	3.403114709491149	0.0914357426601856	0.011803976116804615	309	3109	0.9394654088050315	0.38915094339622647	3418	960681	1355
ENSG00000107731	1.0166775554339937	0.13680276387038404	5.167025466609557	0.13882894090107828	0.018992182820465713	1733	1691	0.6595911949685535	0.6678459119496856	3424	2930503	1356
ENSG00000071967	1.004918693781711	0.18120034493686804	4.815403068436655	0.1293814617951794	0.02344396550572272	2247	1178	0.558569182389937	0.7686713836477987	3425	2646966	1357
ENSG00000187957	1.0076950699411082	0.1686895170548659	4.776358470426738	0.12833240170738733	0.021648330866510218	2071	1355	0.5931603773584906	0.7338836477987422	3426	2806205	1358
ENSG00000261754	1.1572349151620918	0.14015718676395128	3.5718916659537694	0.09597048441163042	0.01345095310750776	708	2719	0.8610455974842768	0.4658018867924528	3427	1925052	1359
ENSG00000143412	1.0696082689829152	0.18900448253269103	2.942453871250806	0.07905859129896466	0.014942428138224325	1047	2383	0.7944182389937107	0.5318396226415094	3430	2495001	1360
ENSG00000102452	1.0046422057981106	0.17452316606711488	5.063216910732461	0.13603978649066967	0.023742094249445993	2282	1148	0.551690251572327	0.7745676100628931	3430	2619736	1361
ENSG00000144354	1.0267428972285322	0.1979627962570279	3.2873815937675825	0.08832619617412436	0.017485300777376457	1506	1930	0.7042059748427674	0.6208726415094339	3436	2906580	1362
ENSG00000167077	1.3046136347507145	0.17131663677471487	2.7029393904532073	0.07262325593735652	0.012441571958817262	477	2962	0.9064465408805031	0.4180424528301887	3439	1412874	1363
ENSG00000179913	1.0014321248440405	0.163218692393042	6.76862041954443	0.18186099725638755	0.02968311416948217	2708	731	0.46796383647798745	0.8565251572327044	3439	1979548	1364
ENSG00000154229	1.014284531371577	0.20866996578655414	3.459545404920805	0.09295193678994883	0.019396277469752563	1796	1643	0.6472091194968553	0.6772798742138364	3439	2950828	1365
ENSG00000145934	1.0034313920111158	0.15058229354761477	6.178924092571704	0.16601688790257824	0.02499920374800749	2399	1042	0.5286949685534591	0.7954009433962264	3441	2499758	1366
ENSG00000227038	1.1970467206705155	0.18586001059520552	2.6268849279631343	0.07057980549444128	0.0131179633970044	640	2802	0.8744103773584906	0.44948899371069184	3442	1793280	1367
ENSG00000078399	1.0145963837738643	0.1570018432466939	4.563654483680222	0.12261741744878794	0.019251160553609033	1783	1660	0.6497641509433962	0.6739386792452831	3443	2959780	1368
ENSG00000103528	1.0036325710593026	0.16319994262085005	5.632737340473543	0.15134180475890205	0.024698973852788707	2380	1068	0.5324292452830188	0.7902908805031447	3448	2541840	1369
ENSG00000184160	1.1064621828607732	0.10323888444760428	5.073889189627184	0.1363265319664816	0.014074199080830224	866	2583	0.8299921383647799	0.49253144654088055	3449	2236878	1370
ENSG00000184497	1.0378770362495755	0.1666575474876026	3.6838109603938776	0.09897756018741742	0.01649535743714156	1350	2102	0.7348663522012578	0.5870676100628931	3452	2837700	1371
ENSG00000008517	1.0086451580795068	0.17891047876069147	4.358610683880441	0.11710824902132617	0.020951892899231744	2009	1444	0.6053459119496856	0.7163915094339622	3453	2900996	1372
ENSG00000107719	1.0022398068529332	0.16850087419034906	5.952971128615042	0.15994592678921135	0.026951028487167683	2554	901	0.49823113207547165	0.8231132075471699	3455	2301154	1373
ENSG00000164825	1.0044909266280604	0.17027731238732974	5.1725281834141335	0.1389767892813494	0.023664594163048433	2298	1158	0.5485455974842768	0.7726022012578616	3456	2661084	1374
ENSG00000269353	1.0895917254369556	0.1459541471352406	3.6801682798795077	0.0988796877304073	0.014431900491690512	951	2509	0.8132861635220126	0.5070754716981132	3460	2386059	1375
ENSG00000181631	1.0085599566503567	0.14256474710175632	5.444898681906936	0.1462949083970398	0.020856496617898585	2013	1451	0.604559748427673	0.7150157232704403	3464	2920863	1376
ENSG00000143226	1.0593557201685457	0.11869526535306567	4.71791973554248	0.1267622550680862	0.015046079502059485	1114	2352	0.78125	0.5379323899371069	3466	2620128	1377
ENSG00000175592	1.0087063236228895	0.1880032852475527	4.101465077697289	0.11019919614468195	0.020717810906839648	2005	1461	0.6061320754716981	0.7130503144654088	3466	2929305	1378
ENSG00000163823	1.0854355349541593	0.15026513188694893	3.592581537882379	0.0965263850987452	0.01450454998743337	974	2494	0.8087657232704403	0.5100235849056604	3468	2429156	1379
ENSG00000008196	1.0001848330260878	0.12382587871700317	19.50820068199182	0.524151246605665	0.0649034886915591	3387	85	0.3345125786163522	0.9834905660377359	3472	287895	1380
ENSG00000133321	1.0038586887853185	0.1333714183986474	6.746785381029184	0.18127432794515716	0.02417681423730718	2361	1110	0.5361635220125787	0.7820361635220126	3471	2620710	1381
ENSG00000183087	1.0122385280794062	0.17405295552818423	4.189364361167994	0.11256089621933027	0.019591556663875652	1862	1609	0.6342374213836478	0.6839622641509434	3471	2995958	1382
ENSG00000248538	1.0350722085409472	0.170787727151968	3.6193957873134397	0.0972468371022485	0.016608566281410695	1389	2084	0.7272012578616351	0.5906053459119497	3473	2894676	1383
ENSG00000196611	1.0003159147255567	0.15876963095270558	11.038767177908307	0.29659237525844334	0.047089861963169416	3231	244	0.3651729559748428	0.9522405660377359	3475	788364	1384
ENSG00000128918	1.0197473080452044	0.18383547959953933	3.6469804893520585	0.09798798982035309	0.018013669103619387	1642	1834	0.6774764150943396	0.6397405660377358	3476	3011428	1385
ENSG00000129946	1.0015062921464466	0.14886030758593796	7.21522083677496	0.19386036968657172	0.02885811426026671	2688	791	0.4718946540880503	0.8447327044025157	3479	2126208	1386
ENSG00000134240	1.0002180465276083	0.14202653628452006	14.768785346263519	0.39681144234082816	0.05635775471373237	3349	131	0.34198113207547165	0.9744496855345912	3480	438719	1387
ENSG00000198774	1.0047152941048725	0.1872144966481139	4.580222847830609	0.12306258042743512	0.0230390990509403	2271	1209	0.5538522012578616	0.7625786163522013	3480	2745639	1388
ENSG00000132514	1.318836885547913	0.1624012316880033	2.794718675295414	0.07508920486554374	0.012194579356637114	463	3018	0.9091981132075472	0.40703616352201255	3481	1397334	1389
ENSG00000155307	1.2965239045301291	0.14219183376661296	3.220127199789061	0.08651918818716575	0.012302322024331775	487	2995	0.90448113207547165	0.41155660377358494	3482	1458565	1390
ENSG00000137265	1.6586709489530909	0.184084435526995	2.27147499121557	0.06103056184870409	0.011234776527814048	236	3247	0.953812893081761	0.36202830188679247	3483	766292	1391
ENSG00000211655	1.1628558306862586	0.1437950885711857	3.4077972261935443	0.09156155369764729	0.013166101723668567	694	2789	0.8637971698113207	0.45204402515723274	3483	1935566	1392
ENSG00000225968	1.0233288281486075	0.153293927207374	4.249245789309926	0.11416980550423911	0.01750153785424688	1559	1925	0.6937893081761006	0.6218553459119497	3484	3001075	1393
ENSG00000230873	1.0017149045507578	0.15060414267367853	6.926346765968136	0.18609882843560327	0.02802725450912002	2642	843	0.480935534591195	0.8345125786163522	3485	2227206	1394
ENSG00000225492	1.1165651547912188	0.15813503484877728	3.2198767969489324	0.08651246030062479	0.013680650924492761	829	2658	0.8372641509433962	0.47779088050314467	3487	2203482	1395
ENSG00000149557	1.1512531652713323	0.18629805305182207	2.6467299883972264	0.07111300757366205	0.013248214857632718	723	2765	0.8580974842767295	0.45676100628930816	3488	1999095	1396
ENSG00000163739	1.0064174726211774	0.19050314938825308	4.2568130059257046	0.11437312338512172	0.021788440210236945	2155	1336	0.5766509433962264	0.7376179245283019	3491	2879080	1397
ENSG00000183696	1.0090590992187098	0.18686996214645984	4.071285914636627	0.10938833479474908	0.020441393982359037	1991	1500	0.6088836477987422	0.7053852201257862	3491	2986500	1398
ENSG00000160185	2.6993182294520386	0.17066509247650605	2.2852144917939503	0.06139971820880577	0.01047878858613725	72	3424	0.9860455974842768	0.3272405660377359	3496	246528	1399
ENSG00000151468	1.0026356596568078	0.1739578325568509	5.510086725169939	0.14804639715282383	0.02575383036655598	2505	990	0.5078616352201257	0.80562106918239	3495	2479950	1400
ENSG00000176692	1.0119814089117054	0.16596207850759243	4.37512492752827	0.11755195787668718	0.019509167261851954	1873	1623	0.6320754716981132	0.6812106918238994	3496	3039879	1401
ENSG00000142871	1.0316681727770527	0.18217187830752538	3.422343528294981	0.09195238740416174	0.016751139128277383	1440	2057	0.7171776729559749	0.5959119496855345	3497	2962080	1402
ENSG00000126860	1.1141726286306066	0.1603341634603107	3.180474029268974	0.08545377681997818	0.01370115982095529	843	2655	0.8345125786163522	0.4783805031446541	3498	2238165	1403
ENSG00000151376	1.0570140238778591	0.10901826601881334	5.128691331732764	0.1377989697155876	0.015022604737572333	1140	2358	0.7761399371069182	0.5367531446540881	3498	2688120	1404
ENSG00000131019	1.030598561202395	0.2019914083982246	3.096231464750624	0.08319032639062557	0.01680373119275045	1453	2045	0.7146226415094339	0.5982704402515724	3498	2971385	1405
ENSG00000230838	1.1643674813970124	0.14116249292072539	3.4523992075361956	0.0927599309597499	0.01309422309743267	690	2810	0.8645833333333334	0.44791666666666663	3500	1938900	1406
ENSG00000155465	1.5322951703301197	0.14940659905873213	2.8329949573833466	0.07611762164774037	0.011372474978828215	291	3210	0.9430031446540881	0.3693003144654088	3501	934110	1407
ENSG00000173200	1.2600277293433477	0.15550861828244636	2.9661934957397573	0.07969643350556656	0.012393482256489518	529	2972	0.8962264150943396	0.4160770440251572	3501	1572188	1408
ENSG00000143196	1.001203634496516	0.1535806237585155	7.2170944510824055	0.1939107104274178	0.029780927860899704	2774	728	0.4549921383647799	0.8571147798742138	3502	2019472	1409
ENSG00000175302	1.2284540245937046	0.14747189705317101	3.180075118802762	0.08544305879315665	0.012600449970252437	580	2923	0.8862028301886793	0.4257075471698113	3503	1695340	1410
ENSG00000156076	1.0019025382010438	0.16547399970201254	6.09162862787103	0.16367141138263874	0.027083363078358735	2610	896	0.4872248427672956	0.8240959119496856	3506	2338560	1411
ENSG00000248779	1.0010719523596243	0.15980677905708296	7.0623196709366	0.18975218267393673	0.030323685132173053	2812	700	0.44752358490566035	0.8626179245283019	3512	1968400	1412
ENSG00000132164	1.0016002627047036	0.14781607031930086	7.046939633565155	0.18933894795831652	0.02798733924558896	2664	848	0.47661163522012584	0.8335298742138365	3512	2259072	1413
ENSG00000197565	1.0065675981868227	0.15589575528886568	5.142288838950203	0.1381643109623244	0.021539229611437265	2143	1369	0.5790094339622642	0.7311320754716981	3512	2933767	1414
ENSG00000211642	1.0639206218979835	0.13092574717225508	4.196106425769502	0.11274204370818293	0.01476083631022089	1078	2435	0.7883254716981132	0.5216194968553459	3513	2624930	1415
ENSG00000273203	1.0848763383186784	0.1392062577476286	3.8138812850456136	0.10247232241198001	0.014264788525680187	975	2539	0.8085691823899371	0.5011792452830188	3514	2475525	1416
ENSG00000165105	1.0214677688811864	0.19103094697094414	3.427599803154306	0.09209361432021251	0.017592730353567097	1603	1913	0.6851415094339622	0.6242138364779874	3516	3066539	1417
ENSG00000073861	2.5439010384653127	0.16882425793791123	2.3000345293194515	0.061797906707599756	0.010432985742026795	88	3432	0.9829009433962265	0.32566823899371067	3520	302016	1418
ENSG00000110799	1.0582694686965728	0.1684850724699731	3.2971623073030893	0.08858898684743649	0.01492592186903183	1130	2390	0.7781053459119497	0.5304638364779874	3520	2700700	1419
ENSG00000211968	1.2300511546699682	0.14465595272936727	3.2167487154053496	0.08642841421829867	0.012502384601636385	576	2946	0.8869889937106918	0.421187106918239	3522	1696896	1420
ENSG00000110077	2.1768685555691554	0.14023261563229394	2.8063642834006055	0.07540210199559284	0.010573833987014995	126	3397	0.9754323899371069	0.3325471698113207	3523	428022	1421
ENSG00000188153	1.0065008788852101	0.13993594400588708	5.718775731830702	0.15365350591581245	0.021501648400143368	2148	1374	0.5780267295597484	0.7301493710691824	3522	2951352	1422
ENSG00000163431	1.173718722553486	0.19812603431268222	2.427270730480106	0.06521652098878712	0.012921090675178198	678	2845	0.8669418238993711	0.4410377358490566	3523	1928910	1423
ENSG00000172137	1.0014426217385686	0.15482314709122133	6.834852142964639	0.18364052787335472	0.028431804458845928	2705	819	0.46855345911949686	0.8392295597484276	3524	2215395	1424
ENSG00000079931	1.000455127947176	0.17606347404765946	8.089143449152969	0.21734114242322183	0.03826583658851958	3114	411	0.38816823899371067	0.9194182389937107	3525	1279854	1425
ENSG00000244468	1.0002494381683533	0.12161358990744288	14.689646273729581	0.394685113818784	0.04799907357453002	3298	229	0.3520047169811321	0.9551886792452831	3527	755242	1426
ENSG00000206113	1.1355428725383356	0.2052712559114353	2.412338712612533	0.06481532377397421	0.013304722913389997	775	2754	0.847877358490566	0.4589229559748428	3529	2134350	1427
ENSG00000211632	3.7056342159098876	0.14630965908788998	2.585201920707495	0.0694598559628843	0.010162647846223545	38	3496	0.9927279874213837	0.3130896226415094	3534	132848	1428
ENSG00000103888	1.0164481669031975	0.1223866501409981	5.52720175751234	0.14850624815006352	0.01817518223609407	1737	1798	0.6588050314465409	0.6468160377358491	3535	3123126	1429
ENSG00000134258	1.0002282287142295	0.13255963143893773	13.699731080847322	0.36808782323103173	0.04879358618466643	3326	213	0.34650157232704404	0.9583333333333334	3539	708438	1430
ENSG00000150594	1.000421683458003	0.16547845067595635	8.743874472661187	0.23493262037433937	0.038876286032788296	3142	398	0.3826650943396226	0.9219732704402516	3540	1250516	1431
ENSG00000131435	1.0013915836123568	0.15596271243957596	6.782752723498761	0.18224070755647231	0.02842275506741495	2719	821	0.4658018867924528	0.8388364779874213	3540	2232299	1432
ENSG00000112562	1.0003294688500968	0.15932316136012578	9.97385796018377	0.2679801263334344	0.042695440909128655	3217	324	0.3679245283018868	0.9365172955974843	3541	1042308	1433
ENSG00000211685	1.0662929167526893	0.13195329535988193	4.109096192921742	0.11040423086946724	0.014568202084899404	1064	2477	0.7910770440251572	0.5133647798742138	3541	2635528	1434
ENSG00000068615	1.0053622472614234	0.16628654340463384	4.903515383987288	0.1317488856693765	0.021908066795372917	2222	1320	0.5634827044025157	0.7407625786163522	3542	2933040	1435
ENSG00000250722	1.0019911675728836	0.12566073775439712	7.818175449235418	0.21006070599229382	0.02639638328820115	2594	951	0.4903694968553459	0.8132861635220126	3545	2466894	1436
ENSG00000064886	1.0021145584550981	0.14740725203856708	6.532741280275164	0.1755233371660653	0.025873412800288577	2572	975	0.49469339622641506	0.8085691823899371	3547	2507700	1437
ENSG00000137273	1.0030555894287394	0.17491378290418289	5.164426626693755	0.1387591146160302	0.024270881649924934	2451	1097	0.5184748427672956	0.7845911949685535	3548	2688747	1438
ENSG00000183918	3.885116267400654	0.1612366540649911	2.3262799758039394	0.06250307597035322	0.010077786838229701	35	3515	0.9933176100628931	0.3093553459119497	3550	123025	1439
ENSG00000102287	1.000546793803737	0.17219022435669806	7.582982960634583	0.2037414950049774	0.03508229373567614	3051	500	0.4005503144654088	0.9019261006289309	3551	1525500	1440
ENSG00000147138	2.9071022172699585	0.167145189255294	2.2703929918518067	0.06100149041743331	0.010196105660676894	64	3488	0.9876179245283019	0.3146619496855346	3552	223232	1441
ENSG00000187634	1.1961091638339458	0.11221337895219931	4.2043626105962435	0.11296387296038753	0.012676057884412065	643	2909	0.8738207547169812	0.42845911949685533	3552	1870487	1442
ENSG00000092758	1.0048929446773933	0.1522807809243676	5.393543179397941	0.14491507582821667	0.02206778091483478	2251	1302	0.5577830188679245	0.7443003144654088	3553	2930802	1443
ENSG00000153707	1.0013345574718653	0.12267799284074012	8.627675172612758	0.23181054833048798	0.028438052788495646	2737	818	0.46226415094339623	0.8394261006289307	3555	2238866	1444
ENSG00000181143	1.0005132921241968	0.14525492613349988	9.178471611375901	0.24660948569584756	0.03582124262857073	3073	483	0.39622641509433965	0.9052672955974843	3556	1484259	1445
ENSG00000171124	1.003815812802074	0.1621075889181193	5.3432262556637236	0.14356314805534945	0.02327267578874769	2366	1190	0.535180817610063	0.766312893081761	3556	2815540	1446
ENSG00000107099	1.0038242755910758	0.14761215992247534	5.864965178308568	0.15758136076316898	0.02326092502577418	2364	1192	0.5355738993710693	0.7659198113207547	3556	2817888	1447
ENSG00000124785	1.0002426325751022	0.1852298690755065	9.38387414827036	0.2521282927618719	0.046701690658512506	3305	252	0.35062893081761004	0.9506682389937107	3557	832860	1448
ENSG00000149591	1.3986646273380843	0.1925004381907355	2.217687003649127	0.05958537265904262	0.011470210346623974	375	3183	0.9264937106918238	0.3746069182389937	3558	1193625	1449
ENSG00000144891	1.000155264499477	0.16244948307204904	13.225195337405768	0.35533787742421835	0.057724454503483395	3439	120	0.3242924528301887	0.9766116352201258	3559	412680	1450
ENSG00000072041	1.0050987178590913	0.14757896311701107	5.516779967225026	0.14822623286520945	0.02187507375298824	2236	1324	0.5607311320754718	0.7399764150943396	3560	2960464	1451
ENSG00000284395	1.2843925523365654	0.15594925597135526	2.869313957881658	0.07709344969549234	0.012022666120277135	501	3060	0.9017295597484276	0.39878144654088055	3561	1533060	1452
ENSG00000169184	1.0163503840392811	0.15438044292455938	4.354327450528875	0.11699316602944376	0.01806145679077204	1742	1823	0.6578223270440251	0.6419025157232705	3565	3175666	1453
ENSG00000139910	1.0001523802478156	0.16386718666068154	13.084196723333001	0.351549491168579	0.057607426089789145	3450	121	0.3221305031446541	0.9764150943396226	3571	417450	1454
ENSG00000154263	1.0548438778292737	0.1735754269463496	3.18844242752129	0.08566787375005833	0.014869837761752349	1165	2406	0.7712264150943396	0.527319182389937	3571	2802990	1455
ENSG00000140798	1.0389421390117886	0.11440455869709348	5.1029243039816485	0.13710665472779188	0.015685626328567796	1336	2235	0.7376179245283019	0.5609276729559749	3571	2985960	1456
ENSG00000010030	1.0748988022434138	0.14528611405052366	3.639004263916729	0.09777368258754944	0.014205158399554408	1017	2555	0.800314465408805	0.4980345911949685	3572	2598435	1457
ENSG00000264589	1.0097080372634246	0.13758488492017285	5.300295007608517	0.14240966047577752	0.01959341674808074	1966	1608	0.6137971698113207	0.6841588050314465	3574	3161328	1458
ENSG00000175985	1.004075017144193	0.16971341668645956	4.9821352861188	0.1338612649903606	0.022718052643485653	2337	1238	0.5408805031446541	0.75687893081761	3575	2893206	1459
ENSG00000146592	1.0036672681875634	0.19250571951467543	4.473424233270674	0.12019308836766653	0.02313785695690861	2373	1205	0.5338050314465409	0.7633647798742138	3578	2859465	1460
ENSG00000138646	1.0722466118977914	0.1280494451187971	4.139332901331692	0.11121663836233037	0.014241228830274327	1031	2548	0.797562893081761	0.4994103773584906	3579	2626988	1461
ENSG00000160255	1.427767636934017	0.15629936223369612	2.689976570303424	0.07227496762251948	0.01129653134486083	348	3233	0.9318003144654088	0.3647798742138365	3581	1125084	1462
ENSG00000101057	1.4636560903483733	0.192326081832659	2.1735695074689576	0.05840001266624212	0.011231845615076005	334	3249	0.9345518867924528	0.3616352201257862	3583	1085166	1463
ENSG00000204136	1.0039377770593705	0.16536958622295747	5.142299927985938	0.13816460890532792	0.022848224205330822	2357	1226	0.5369496855345912	0.7592374213836478	3583	2889682	1464
ENSG00000186074	1.04213201505382	0.12221998042549342	4.668977840157528	0.12544727190303465	0.015332163116420446	1292	2291	0.7462657232704403	0.5499213836477987	3583	2959972	1465
ENSG00000146233	1.0258927200656784	0.1825929304552249	3.3951687529171957	0.09122224869876881	0.016656537712623525	1514	2071	0.7026336477987422	0.5931603773584906	3585	3135494	1466
ENSG00000185745	2.0724301762321877	0.08662586216816978	4.4458041526986944	0.11945098509022198	0.010347544570277672	140	3447	0.9726808176100629	0.3227201257861635	3587	482580	1467
ENSG00000011422	1.0202837185181135	0.19329374094995147	3.340573595129505	0.08975537225641876	0.01734915167379867	1634	1954	0.6790487421383649	0.6161556603773585	3588	3192836	1468
ENSG00000259807	1.0341549441691762	0.15084956104334907	3.93962408201123	0.10585081153332944	0.015967548455885015	1402	2187	0.7246462264150944	0.5703616352201257	3589	3066174	1469
ENSG00000105967	1.2925180200191	0.14652705728169607	3.0070405406176075	0.08079392218952532	0.011838495664677472	495	3098	0.9029088050314465	0.391312893081761	3593	1533510	1470
ENSG00000183580	1.000206466693801	0.15250897059852148	11.612185249387577	0.31199911634602723	0.047582664061580945	3362	236	0.33942610062893086	0.953812893081761	3598	793432	1471
ENSG00000149968	1.0002765608796558	0.17473385512027498	9.037887832202133	0.2428322453286984	0.04243101437379586	3267	333	0.3580974842767296	0.934748427672956	3600	1087911	1472
ENSG00000168306	1.0012371721711253	0.15323624296099972	6.82393846785103	0.18334729650316856	0.02809545087320199	2768	835	0.45617138364779874	0.8360849056603774	3603	2311280	1473
ENSG00000237970	1.7284145267716473	0.1723302607041796	2.283856877508615	0.061363241486443315	0.010574743403012305	211	3396	0.9587264150943396	0.33274371069182385	3607	716556	1474
ENSG00000183837	1.0171842405959635	0.184804701786022	3.559283806440487	0.09563173326852697	0.01767319394797053	1712	1897	0.6637185534591195	0.6273584905660378	3609	3247664	1475
ENSG00000114948	1.0124549620496401	0.17814179257145224	3.8620904644659233	0.10376761878005138	0.018485349620349444	1853	1756	0.6360062893081762	0.6550707547169812	3609	3253868	1476
ENSG00000229807	1.000116715917876	0.13161112347492768	18.745387649479948	0.5036557940298039	0.06628670489691926	3535	77	0.3054245283018868	0.985062893081761	3612	272195	1477
ENSG00000223648	1.237699900791011	0.14504557422509878	3.101365881062503	0.08332827918054883	0.012086398102932048	567	3047	0.8887578616352201	0.40133647798742134	3614	1727649	1478
ENSG00000189001	1.0045564734600723	0.16340064812150576	4.987122720651849	0.13399526863685143	0.021894913740476796	2293	1321	0.5495283018867925	0.7405660377358491	3614	3029053	1479
ENSG00000163508	1.3744208066896195	0.15399511576075595	2.7372691683416623	0.07354563705129183	0.011325668891412228	394	3222	0.9227594339622641	0.366941823899371	3616	1269468	1480
ENSG00000141424	1.0316473708157428	0.19727655548907705	3.0193763780056617	0.08112536457369364	0.016004132485893878	1441	2178	0.7169811320754718	0.5721305031446541	3619	3138498	1481
ENSG00000124212	1.000300567379427	0.1626581362635736	9.174278806946424	0.24649683237100695	0.040094715348342504	3244	377	0.3626179245283019	0.9261006289308176	3621	1222988	1482
ENSG00000114248	1.000867171588218	0.13653990600260094	8.063223166662924	0.21664470974852265	0.029580648305024045	2885	737	0.43317610062893086	0.8553459119496856	3622	2126245	1483
ENSG00000169429	1.0024001025789497	0.15006216961198057	6.037383403639418	0.1622139370431601	0.024342175333997827	2534	1089	0.5021619496855345	0.7861635220125787	3623	2759526	1484
ENSG00000248290	1.1656537291274534	0.13897320821514722	3.3635731447125	0.09037332994415281	0.012559471599424948	689	2936	0.8647798742138365	0.4231525157232704	3625	2022904	1485
ENSG00000185686	1.0001258221045743	0.14034841256977534	15.515396699892559	0.41687158413011427	0.05850726507810909	3512	114	0.3099449685534591	0.9777908805031447	3626	400368	1486
ENSG00000179639	1.0693481570142407	0.18395956401391192	2.853244770434923	0.07666169872217365	0.014102652673496934	1048	2578	0.7942216981132075	0.49351415094339623	3626	2701744	1487
ENSG00000109943	1.1754720076511447	0.14966267042627754	3.1043577124402124	0.08340866445912083	0.01248316345964137	675	2952	0.8675314465408805	0.4200078616352201	3627	1992600	1488
ENSG00000242371	2.566875153177853	0.14489083355173762	2.5605571276957484	0.06879769346055932	0.009968155151937368	84	3545	0.983687106918239	0.30345911949685533	3629	297780	1489
ENSG00000174123	1.0540866014693022	0.15797929695132384	3.450716080676946	0.09271470828361218	0.014647004431692133	1170	2458	0.7702437106918238	0.5170990566037736	3628	2875860	1490
ENSG00000115355	1.0085169608410576	0.17565841382845335	4.141892860452581	0.11128541998839349	0.019548220357394456	2017	1613	0.6037735849056604	0.6831761006289307	3630	3253421	1491
ENSG00000103460	1.000372016666608	0.1339371982437284	10.17841250018703	0.27347614920552477	0.03662862921107182	3182	449	0.37480345911949686	0.9119496855345912	3631	1428718	1492
ENSG00000167608	1.0129473143744494	0.18526864272550386	3.6554067490359565	0.09821438868663168	0.018196046488087335	1839	1794	0.6387578616352201	0.6476022012578616	3633	3299166	1493
ENSG00000260711	1.0250775930750602	0.12309312578155399	4.98938113982528	0.13405594841170146	0.01650136571960708	1535	2099	0.6985062893081762	0.5876572327044025	3634	3221965	1494
ENSG00000171840	1.005692814917515	0.16365047832013124	4.784355801753159	0.12854727601858568	0.021036823207191482	2203	1432	0.5672169811320755	0.71875	3635	3154696	1495
ENSG00000164099	1.0123179054804048	0.18718242667773474	3.650661779580074	0.09808689965286845	0.018360143902319374	1859	1776	0.6348270440251572	0.6511399371069182	3635	3301584	1496
ENSG00000007312	1.0053051656542038	0.17948009225495007	4.388230611092837	0.11790408468171479	0.021161435995909614	2225	1413	0.5628930817610063	0.7224842767295597	3638	3143925	1497
ENSG00000169550	1.0006222860222846	0.1482846549120772	7.876904659194553	0.2116386571890263	0.03138276524733017	3001	640	0.410377358490566	0.8744103773584906	3641	1920640	1498
ENSG00000150540	1.0023467351423914	0.16382713106202743	5.50192926933183	0.14782722057593828	0.024218109439829476	2543	1104	0.5003930817610063	0.7832154088050315	3647	2807472	1499
ENSG00000189320	1.0085148461212448	0.17369463127021173	4.171403999872925	0.11207833271100075	0.019467404673617385	2018	1631	0.6035770440251572	0.6796383647798743	3649	3291358	1500
ENSG00000196872	1.0073160848797955	0.16885074171062842	4.416886082744554	0.11867400710732248	0.02003819412184379	2094	1558	0.5886399371069182	0.6939858490566038	3652	3262452	1501
ENSG00000154277	1.0011331922756814	0.16038821505717055	6.448746567732342	0.17326654608598147	0.027789912055851546	2797	856	0.45047169811320753	0.8319575471698113	3653	2394232	1502
ENSG00000218416	1.0011837805047223	0.1512769509182747	6.7485453214292885	0.18132161446684636	0.027429780972123445	2782	872	0.4534198113207547	0.828812893081761	3654	2425904	1503
ENSG00000053747	1.0044905318226383	0.12530693377462856	6.423774705376431	0.17259559580218628	0.021627424892977115	2299	1356	0.5483490566037736	0.733687106918239	3655	3117444	1504
ENSG00000051523	1.0018539822121133	0.14796197842275435	6.295662210408459	0.16915343703839975	0.02502827720121044	2618	1040	0.4856525157232704	0.7957940251572327	3658	2722720	1505
ENSG00000253973	1.0208012394860828	0.17502469409013832	3.5747665749589643	0.09604772819046553	0.016810724244588984	1617	2041	0.6823899371069182	0.5990566037735849	3658	3300297	1506
ENSG00000146090	1.1430616940433704	0.1828711482531512	2.5749520613055004	0.06918446016033611	0.012651841670795057	747	2912	0.8533805031446541	0.4278694968553459	3659	2175264	1507
ENSG00000157827	1.062355188749837	0.21833611779485496	2.40999969608984	0.06475247848925594	0.014137804770938997	1089	2571	0.7861635220125787	0.4948899371069182	3660	2799819	1508
ENSG00000172551	1.000132796175587	0.11117582278623804	17.591409664507044	0.4726504230456212	0.05254729967236042	3497	164	0.3128930817610063	0.9679638364779874	3661	573508	1509
ENSG00000179277	1.4068283805382684	0.1457162378864016	2.8128704779306166	0.07557691206799036	0.011012783297618938	367	3295	0.9280660377358491	0.35259433962264153	3662	1209265	1510
ENSG00000149090	1.0123832134469553	0.15956488286004142	4.2288887111710265	0.11362284640443843	0.018130216176748697	1856	1806	0.6354166666666667	0.6452437106918238	3662	3351936	1511
ENSG00000167641	1.0039261212872337	0.16184757860366783	5.064779138722868	0.13608176082556617	0.022024503481741346	2358	1305	0.5367531446540881	0.7437106918238994	3663	3077190	1512
ENSG00000180660	1.0232100482996789	0.1953127834408884	3.1436522324101306	0.08446443951304554	0.01649698478306748	1563	2101	0.6930031446540881	0.5872641509433962	3664	3283863	1513
ENSG00000164483	1.4034760930726022	0.15683942781836094	2.614325865991657	0.07024236545597456	0.011016772406723253	371	3294	0.9272798742138365	0.35279088050314467	3665	1222074	1514
ENSG00000074527	1.0014620838170734	0.1567222924969581	6.175819649566931	0.16593347694646324	0.026005474909040864	2701	966	0.4693396226415094	0.8103380503144654	3667	2609166	1515
ENSG00000135604	1.0115093319700246	0.1488683509761365	4.587950129211366	0.12327019896871531	0.01835103124497289	1892	1777	0.6283411949685535	0.6509433962264151	3669	3362084	1516
ENSG00000165816	1.000429911071955	0.14544625036239556	8.761920353621372	0.2354174816465586	0.03424058997525002	3138	532	0.38345125786163525	0.8956367924528302	3670	1669416	1517
ENSG00000145506	1.0035428789467347	0.14048757309523352	5.893715772923159	0.1583538389764879	0.02224674652812018	2387	1283	0.5310534591194969	0.7480345911949686	3670	3062521	1518
ENSG00000186827	1.00848617750459	0.14708990627220478	4.893750852804289	0.13148652978758504	0.019340341342513345	2021	1650	0.6029874213836478	0.6759040880503144	3671	3334650	1519
ENSG00000103196	1.3707053069024855	0.20261768502400335	2.045115839271022	0.054948687174231445	0.01113357579035092	402	3270	0.921187106918239	0.3575078616352201	3672	1314540	1520
ENSG00000172572	1.0011535563291922	0.16205549474796843	6.260229766957167	0.16820142922855477	0.027257965830948843	2791	884	0.45165094339622647	0.8264544025157232	3675	2467244	1521
ENSG00000254231	1.0637898036706777	0.1936046029692407	2.6897827889388632	0.07226976105603704	0.013991758395935944	1079	2598	0.78812893081761	0.48958333333333337	3677	2803242	1522
ENSG00000254395	3.1267853961688794	0.15008134367710033	2.3724537526810145	0.06374368463053333	0.00956673784027977	56	3623	0.9891902515723271	0.28812893081761004	3679	202888	1523
ENSG00000081479	1.0001078629631195	0.13108154672249359	16.337685091500692	0.43896503562554784	0.05754021582689131	3557	122	0.30110062893081757	0.9762185534591195	3679	433954	1524
ENSG00000047457	1.0001696450545994	0.14915030522834613	11.421218363573443	0.30686816998702865	0.04576948121842933	3412	267	0.32959905660377353	0.9477201257861635	3679	911004	1525
ENSG00000239819	2.858411000579212	0.14924386469855994	2.3991866924390046	0.06446195198527299	0.00962055084029515	67	3614	0.9870283018867925	0.2898977987421384	3681	242138	1526
ENSG00000128805	1.0103393644567313	0.18755755728645657	3.682031855810005	0.09892975875761464	0.018555023895516637	1933	1750	0.6202830188679245	0.65625	3683	3382750	1527
ENSG00000163873	1.0001175155206201	0.1423375435866501	13.971849477835402	0.37539916882003327	0.05343339555431371	3531	155	0.3062106918238994	0.9697327044025157	3686	547305	1528
ENSG00000196263	1.0189245671775335	0.09464984947886317	6.640934654716368	0.17843030398541834	0.016888401414687646	1660	2029	0.6739386792452831	0.6014150943396226	3689	3368140	1529
ENSG00000154783	1.00028613445867	0.15686821749112442	8.805381985162427	0.2365852197031385	0.03711270169957739	3262	430	0.3590801886792453	0.9156839622641509	3692	1402660	1530
ENSG00000170561	1.1152943223472984	0.07693243689075033	6.226324029498544	0.1672904413396293	0.012870061320786802	836	2856	0.8358883647798743	0.43887578616352196	3692	2387616	1531
ENSG00000144229	1.0167662536926605	0.18060382956195328	3.5628895964905243	0.0957286145432552	0.017288954385171983	1729	1965	0.6603773584905661	0.6139937106918238	3694	3397485	1532
ENSG00000152583	1.0494915405724268	0.21218046297145426	2.552094743580665	0.06857032399397026	0.014549283091143228	1214	2481	0.7615959119496856	0.5125786163522013	3695	3011934	1533
ENSG00000165695	1.0438499005409783	0.1753108243338241	3.142850833542409	0.08444290732653628	0.01480375569255979	1269	2427	0.7507861635220126	0.5231918238993711	3696	3079863	1534
ENSG00000134028	1.0403644225452715	0.15650399216162625	3.557307746133155	0.09557863998276782	0.014958438722681992	1317	2380	0.7413522012578616	0.5324292452830188	3697	3134460	1535
ENSG00000241244	1.6180927709271336	0.15156536365583842	2.550326000413117	0.0685228009573095	0.010385683245811248	256	3442	0.9498820754716981	0.3237028301886793	3698	881152	1536
ENSG00000111913	1.0033738762233602	0.1490271768657229	5.525222373965206	0.14845306557466081	0.022123541259653736	2405	1295	0.5275157232704403	0.7456761006289307	3700	3114475	1537
ENSG00000125735	1.0451940359336758	0.17300820377765144	3.163266135258675	0.0849914307920699	0.01470421477782859	1256	2446	0.7533411949685535	0.5194575471698113	3702	3072176	1538
ENSG00000171608	1.0796551194485213	0.21986313001547514	2.284434617844092	0.061378764359208	0.01349492724849776	997	2708	0.8042452830188679	0.46796383647798745	3705	2699876	1539
ENSG00000144649	1.0501584577635905	0.08223768609815807	6.560119816198797	0.17625895056109547	0.014495128248234132	1209	2497	0.7625786163522013	0.5094339622641509	3706	3018873	1540
ENSG00000132840	1.0041902261195723	0.18151278875073396	4.394009280536389	0.11805934742695381	0.021429281389558175	2327	1379	0.5428459119496856	0.7291666666666667	3706	3208933	1541
ENSG00000138670	1.0041071015194858	0.19028072168139956	4.208522468331111	0.1130756410651439	0.021516114586462482	2336	1371	0.5410770440251572	0.7307389937106918	3707	3202656	1542
ENSG00000198885	1.00276673036091	0.19515619279315594	4.375603600885689	0.11756481899294786	0.022943502481080215	2491	1217	0.5106132075471699	0.7610062893081762	3708	3031547	1543
ENSG00000223764	1.196098380748451	0.09878675307031055	4.522918269182338	0.12152290658337679	0.01200485336503846	644	3065	0.873624213836478	0.39779874213836475	3709	1973860	1544
ENSG00000140379	1.0043050490229892	0.18073354503799127	4.378407875792183	0.11764016495703879	0.021261524051539693	2314	1397	0.5454009433962264	0.72562893081761	3711	3232658	1545
ENSG00000104967	1.0122379555735734	0.13623729125457631	4.890969042092256	0.1314117873971257	0.017903185953906674	1863	1849	0.6340408805031447	0.6367924528301887	3712	3444687	1546
ENSG00000132975	1.0197722369351505	0.17543893579955114	3.5315799182185295	0.09488737822604643	0.016646940656787085	1641	2074	0.6776729559748428	0.5925707547169812	3715	3403434	1547
ENSG00000163145	1.0195996615247371	0.18799301757982229	3.2977358964642822	0.08860439818540557	0.01665700818571852	1645	2070	0.6768867924528301	0.5933569182389937	3715	3405150	1548
ENSG00000198851	2.459151860907289	0.1707481046185508	2.092328408701317	0.05621720637422047	0.00959898143534806	98	3619	0.980935534591195	0.2889150943396226	3717	354662	1549
ENSG00000080854	1.0009865173707926	0.143509652114028	7.102990279543048	0.19084493082374224	0.027388089630240985	2840	877	0.4420204402515723	0.8278301886792453	3717	2490680	1550
ENSG00000164309	1.004311957738439	0.16525026155451752	4.779521587122685	0.12841738912300638	0.021221007140725057	2313	1405	0.5455974842767295	0.7240566037735849	3718	3249765	1551
ENSG00000198521	1.0258817692488214	0.1395728449155263	4.228492455078639	0.113612199696001	0.015857177928681753	1515	2203	0.702437106918239	0.5672169811320755	3718	3337545	1552
ENSG00000155849	1.0003554514660986	0.15770859133178747	8.151924459805418	0.21902795842091768	0.034542590784840246	3195	525	0.37224842767295596	0.8970125786163522	3720	1677375	1553
ENSG00000023445	1.0087614402030636	0.15417842254677888	4.5481044593196245	0.12219961547995341	0.01884054395052216	2002	1718	0.6067216981132075	0.6625393081761006	3720	3439436	1554
ENSG00000146411	1.0144573266457049	0.20729116132232478	3.1369333104186907	0.08428391382566575	0.017471310377712997	1788	1933	0.6487814465408805	0.6202830188679245	3721	3456204	1555
ENSG00000135916	1.017443872162319	0.21644061278554788	2.915386875860982	0.07833134845341908	0.016954085059576303	1704	2020	0.6652908805031447	0.6031839622641509	3724	3442080	1556
ENSG00000170961	1.0012237438237648	0.17203486766730783	5.681886467108506	0.152662355865344	0.02626324818907391	2769	957	0.4559748427672956	0.8121069182389937	3726	2649933	1557
ENSG00000010671	1.5987286631241326	0.1465685213622846	2.6048335772701745	0.06998732425316909	0.010257938629889753	264	3465	0.9483097484276729	0.3191823899371069	3729	914760	1558
ENSG00000240184	1.0357299123821229	0.1683412883114595	3.3292325800529583	0.08945065900853666	0.015058239177806122	1379	2351	0.7291666666666667	0.53812893081761	3730	3242029	1559
ENSG00000196503	1.0170407010171334	0.1730684910440324	3.6573107715085915	0.09826554644171455	0.017006669844284825	1720	2010	0.6621462264150944	0.6051493710691824	3730	3457200	1560
ENSG00000164287	1.0106548959259982	0.09936939692211291	6.787448889390862	0.18236688532379886	0.018121687413190018	1921	1809	0.6226415094339622	0.6446540880503144	3730	3475089	1561
ENSG00000235531	1.0062386231219398	0.162012067254997	4.575725789032222	0.12294175231962251	0.019918047445253866	2161	1571	0.5754716981132075	0.691430817610063	3732	3394931	1562
ENSG00000163040	1.018261671867429	0.15836339165584612	3.948839927956905	0.10609842520204725	0.016802106464340303	1686	2046	0.6688286163522013	0.5980738993710693	3732	3449556	1563
ENSG00000130600	1.0004074071291895	0.1352993946040544	9.012298276030942	0.24214469869198593	0.032762031139606865	3152	581	0.3806996855345912	0.8860062893081762	3733	1831312	1564
ENSG00000162738	1.0001541592714	0.12467437632113006	13.243335196127358	0.35582526371458745	0.04436229283291782	3442	292	0.3237028301886793	0.9428066037735849	3734	1005064	1565
ENSG00000130294	1.0002665051038326	0.12659986406614102	10.690601806912243	0.2872377804289484	0.036364263956964925	3275	459	0.3565251572327044	0.9099842767295597	3734	1503225	1566
ENSG00000257588	1.216661525784673	0.12790381852533364	3.3959754869401397	0.09124392423157157	0.011670446326454222	606	3129	0.8810927672955975	0.3852201257861635	3735	1896174	1567
ENSG00000120949	1.0537185024382925	0.19455472788200867	2.7167368780162895	0.07299397030635989	0.01420132202998127	1176	2559	0.769064465408805	0.49724842767295596	3735	3009384	1568
ENSG00000157510	1.0350249341789455	0.1457481016231742	3.8542210229014997	0.1035561806431713	0.015093116740088716	1392	2343	0.7266116352201257	0.5397012578616351	3735	3261456	1569
ENSG00000179023	1.0001917632708734	0.1425643684910429	10.67186722165839	0.2867344148764035	0.04087811078150316	3377	359	0.3364779874213837	0.9296383647798743	3736	1212343	1570
ENSG00000164687	1.010063778861954	0.18085598175313564	3.750187618262127	0.10076098493961802	0.01822322685366753	1944	1793	0.61812106918239	0.6477987421383649	3737	3485592	1571
ENSG00000137745	1.0135707925002402	0.11733064069361109	5.5766584555857746	0.14983506316333742	0.017580243959322065	1821	1916	0.6422955974842768	0.623624213836478	3737	3489036	1572
ENSG00000174130	1.0195073873297247	0.15656813183343854	3.9350028068703864	0.10572664594955948	0.01655342344133791	1646	2092	0.676690251572327	0.5890330188679245	3738	3443432	1573
ENSG00000282651	1.0403026871898309	0.10826961361898735	5.100013083567846	0.13702843532488984	0.01483601574744022	1319	2420	0.7409591194968553	0.5245676100628931	3739	3191980	1574
ENSG00000006555	1.0007430866707892	0.13635318142779693	7.794888348945799	0.20943502231979078	0.02855713159570513	2932	810	0.42393867924528306	0.840998427672956	3742	2374920	1575
ENSG00000106952	1.0929724541962593	0.14166683844024763	3.43910893083202	0.09240284445978075	0.01309041883750309	931	2811	0.8172169811320755	0.4477201257861635	3742	2617041	1576
ENSG00000239697	1.0016785382381639	0.1560194874360155	5.80335222582193	0.15592592844630043	0.024327483434176626	2652	1091	0.4789701257861635	0.7857704402515724	3743	2893332	1577
ENSG00000138685	1.0006111308636942	0.16530092698912824	6.660381116389999	0.17895279641280618	0.029581063134333604	3009	736	0.4088050314465409	0.8555424528301887	3745	2214624	1578
ENSG00000182752	1.0106645631088087	0.16062841530782604	4.179536410816241	0.11229683637534861	0.018038062871054483	1920	1825	0.6228380503144655	0.6415094339622642	3745	3504000	1579
ENSG00000204335	1.1297872963322002	0.09935705753535576	4.673790876230856	0.12557658976780942	0.012476920454654008	791	2956	0.8447327044025157	0.41922169811320753	3747	2338196	1580
ENSG00000187688	1.0640910410191722	0.1561505540483307	3.2503801141593653	0.0873320311058511	0.013636945043344699	1077	2673	0.7885220125786163	0.4748427672955975	3750	2878821	1581
ENSG00000251546	2.091696714592874	0.1433423719476559	2.4970801441561177	0.06709217788813762	0.009617151917619717	136	3615	0.9734669811320755	0.28970125786163525	3751	491640	1582
ENSG00000135905	1.002727660992823	0.14074110857265754	5.97521521977929	0.16054358662998353	0.022595082356534364	2497	1253	0.5094339622641509	0.7539308176100629	3750	3128741	1583
ENSG00000130598	1.02301941825332	0.17349973503239763	3.427807262295765	0.09209918838464769	0.015979184781435247	1568	2183	0.6920204402515724	0.5711477987421384	3751	3422944	1584
ENSG00000162891	1.0026539189258656	0.1264027783326353	6.664243960113789	0.17905658427034737	0.022633249730523552	2504	1250	0.5080581761006289	0.7545204402515724	3754	3130000	1585
ENSG00000110079	1.255020707846382	0.13524838289202049	3.121818285074648	0.08387779951990768	0.011344336745608606	537	3218	0.8946540880503144	0.3677279874213837	3755	1728066	1586
ENSG00000125740	1.109796078564482	0.12638895301951075	3.736044938872127	0.10038099586971595	0.012687048971029232	855	2903	0.8321540880503144	0.42963836477987416	3758	2482065	1587
ENSG00000115295	1.0028588367283586	0.17353421181525983	4.759341915002571	0.12787519661277577	0.022190721454919425	2473	1285	0.5141509433962264	0.7476415094339622	3758	3177805	1588
ENSG00000117152	1.0006309900720984	0.12057486340490649	9.010030014526354	0.24208375447090485	0.029189215627876273	2995	766	0.41155660377358494	0.8496462264150944	3761	2294170	1589
ENSG00000283633	1.0388733057167274	0.0831244435107506	6.637668610467826	0.17834255108640687	0.01482462531334518	1338	2423	0.7372248427672956	0.5239779874213837	3761	3241974	1590
ENSG00000180353	1.6532883743689684	0.1660971489138258	2.2538228858626903	0.060556280638624706	0.010058225562901073	240	3523	0.9530267295597484	0.3077830188679245	3763	845520	1591
ENSG00000164318	1.0004675643867253	0.1463793860772233	7.880621802040325	0.2117385303187005	0.030994156076944914	3102	661	0.39052672955974843	0.8702830188679245	3763	2050422	1592
ENSG00000147697	1.0062291848062404	0.17210646568763008	4.253594044628035	0.1142866355226862	0.019669468915139876	2163	1601	0.5750786163522013	0.6855345911949686	3764	3462963	1593
ENSG00000154654	1.0002280461610908	0.14763635340197473	9.279447597629954	0.24932253391259854	0.036809069727796226	3327	438	0.3463050314465409	0.9141116352201257	3765	1457226	1594
ENSG00000236699	1.010059055783532	0.1608180035083842	4.183010113460797	0.11239016869241679	0.018074362543084976	1945	1820	0.6179245283018868	0.6424921383647799	3765	3539900	1595
ENSG00000165568	1.0043758411556318	0.17040730121515849	4.533012501973017	0.1217941209709572	0.020754607458533355	2308	1459	0.5465801886792453	0.7134433962264151	3767	3367372	1596
ENSG00000105976	1.0129171639010863	0.19915500875906317	3.274028781395462	0.08796742945008716	0.01751915418264438	1845	1922	0.6375786163522013	0.6224449685534591	3767	3546090	1597
ENSG00000160188	1.0606356302786393	0.178510114299338	2.8509014846302114	0.07659873872931143	0.013673649605754512	1106	2662	0.7828223270440251	0.4770047169811321	3768	2944172	1598
ENSG00000165929	1.0227087978444283	0.10739060115864016	5.517320746509567	0.1482407626591536	0.0159196646181818	1576	2193	0.6904481132075472	0.5691823899371069	3769	3456168	1599
ENSG00000279806	1.2371053727124475	0.12386295853323571	3.4238538741874516	0.09199296775779092	0.011394521150732547	569	3204	0.8883647798742138	0.3704795597484277	3773	1823076	1600
ENSG00000168447	1.0094520916680585	0.0786666996590762	8.602837076389177	0.23114319210880838	0.018183272071863783	1978	1795	0.6114386792452831	0.6474056603773585	3773	3550510	1601
ENSG00000231764	1.4856159636239636	0.13855109819407396	2.76288391360065	0.07423386047475593	0.010285182891963094	321	3454	0.9371069182389937	0.32134433962264153	3775	1108734	1602
ENSG00000172602	1.0167413353712482	0.1436852460624778	4.353279525825328	0.11696501012472107	0.016806146260470754	1732	2044	0.6597877358490566	0.5984669811320755	3776	3540208	1603
ENSG00000287906	1.0138068322934417	0.15956541391620402	4.038622994378315	0.10851073923120846	0.017314561019781058	1816	1961	0.6432783018867925	0.6147798742138364	3777	3561176	1604
ENSG00000105928	1.0048447455632068	0.18470106156566524	4.082900886825888	0.10970040879129714	0.020261781957940015	2256	1522	0.5568003144654088	0.7010613207547169	3778	3433632	1605
ENSG00000075340	1.0008662777268542	0.16672105395008893	6.062002887495326	0.16287541953271506	0.027154761607057157	2887	892	0.4327830188679245	0.8248820754716981	3779	2575204	1606
ENSG00000177455	1.2050668281877623	0.14600894094570296	2.9506478405443417	0.07927874892856193	0.011575406170559611	626	3154	0.8771619496855346	0.38030660377358494	3780	1974404	1607
ENSG00000196684	1.0009024085796896	0.15534470460337294	6.4359031773247874	0.17292146663952193	0.026862434154698543	2872	910	0.43573113207547165	0.8213443396226415	3782	2613520	1608
ENSG00000174697	1.1094189143633495	0.11877393223316535	3.9418307126052294	0.10591009983959085	0.01257935902115534	856	2929	0.8319575471698113	0.42452830188679247	3785	2507224	1609
ENSG00000116176	1.0008399157820294	0.16719839838219822	6.067845923705939	0.16303241170045413	0.027258758120703084	2902	883	0.4298349056603774	0.8266509433962264	3785	2562466	1610
ENSG00000110848	1.0019968642115535	0.13919916872374166	6.212133033678138	0.16690915409171272	0.023233615501949315	2593	1194	0.49056603773584906	0.7655267295597484	3787	3096042	1611
ENSG00000276600	1.0113989355011306	0.21191438960814749	3.1069256145992425	0.0834776595007322	0.017690117259014437	1895	1892	0.627751572327044	0.6283411949685535	3787	3585340	1612
ENSG00000231106	1.0104997260349624	0.14470039374094842	4.593673913694064	0.12342398705101025	0.017859499523358902	1927	1861	0.6214622641509434	0.6344339622641509	3788	3586147	1613
ENSG00000189129	1.1149003980703904	0.19213381290893672	2.4191375426117006	0.06499799644982038	0.012488312889345522	841	2951	0.8349056603773585	0.4202044025157232	3792	2481791	1614
ENSG00000164056	1.0221681187489566	0.1720794091266411	3.42919240334331	0.09213640470298633	0.015854778080342965	1588	2204	0.6880896226415094	0.5670204402515724	3792	3499952	1615
ENSG00000140279	1.150381308514244	0.1552373676374203	2.873058890527298	0.07719406948850474	0.01198340414461558	726	3067	0.8575078616352201	0.39740566037735847	3793	2226642	1616
ENSG00000165323	1.029589106096142	0.16826715511030382	3.3551212892712656	0.09014624336462304	0.015168651914846221	1468	2327	0.7116745283018868	0.5428459119496856	3795	3416036	1617
ENSG00000149596	1.0059968944118791	0.1678281946271844	4.331163562327498	0.11637079285034306	0.019530300071407134	2179	1617	0.5719339622641509	0.6823899371069182	3796	3523443	1618
ENSG00000187017	1.0074900055898652	0.10340306645042754	6.7968640041077295	0.1826198529960218	0.018883452794514952	2086	1711	0.5902122641509434	0.6639150943396226	3797	3569146	1619
ENSG00000003436	1.0022387507314214	0.16791212229115568	5.02310193880983	0.13496196732715204	0.02266175036249171	2555	1244	0.4980345911949685	0.7556996855345912	3799	3178420	1620
ENSG00000102802	1.000371880876847	0.16009601907694943	7.378300632907936	0.1982420387001678	0.03173776120959541	3183	618	0.3746069182389937	0.8787342767295597	3801	1967094	1621
ENSG00000146281	1.014095420255176	0.16415942840136258	3.8685498281824353	0.10394117059036337	0.01706292315148257	1802	2000	0.6460298742138364	0.6071147798742138	3802	3604000	1622
ENSG00000127507	1.009014410605058	0.17219024104040168	3.9136877410765587	0.10515394739629773	0.018106483548518224	1992	1812	0.608687106918239	0.644064465408805	3804	3609504	1623
ENSG00000119771	1.0237367575041048	0.2123063128264868	2.7348353260408858	0.0734802439636981	0.015600319661523455	1553	2252	0.6949685534591195	0.5575864779874213	3805	3497356	1624
ENSG00000121005	1.000145208918852	0.1469057222387744	10.494867337454965	0.2819787374325106	0.0414242900785007	3460	348	0.3201650943396226	0.9318003144654088	3808	1204080	1625
ENSG00000130829	1.0062998969697798	0.18406285668215425	3.910504067378578	0.10506840764997337	0.019339191259099206	2158	1651	0.5760613207547169	0.6757075471698113	3809	3562858	1626
ENSG00000279930	1.2846439087112465	0.15310356315945053	2.666890209142521	0.07165467745945762	0.010970586436084126	500	3311	0.9019261006289309	0.3494496855345912	3811	1655500	1627
ENSG00000102245	1.1738472342901967	0.1564770125655146	2.77110949083733	0.07445486735452608	0.0116504752145979	677	3134	0.8671383647798743	0.3842374213836478	3811	2121718	1628
ENSG00000156968	1.0003377951231054	0.1357062429858789	8.80665157802159	0.23661933144366548	0.03211072048805028	3209	606	0.3694968553459119	0.8810927672955975	3815	1944654	1629
ENSG00000185905	1.7644183171646577	0.16593714674366666	2.1521250259610882	0.05782383693899846	0.00959512251542844	198	3620	0.9612814465408805	0.28871855345911945	3818	716760	1630
ENSG00000185885	1.0197838364132572	0.08408845491586003	7.085531851916658	0.19037585339557148	0.01600841136532189	1640	2177	0.6778694968553459	0.5723270440251572	3817	3570280	1631
ENSG00000143119	1.4278087237282486	0.15447562774953374	2.4665129109809296	0.06627088977268109	0.010237237299155067	347	3471	0.9319968553459119	0.3180031446540881	3818	1204437	1632
ENSG00000102010	1.249175195572925	0.1748085517635673	2.3645594341368668	0.0635315780926999	0.011105863157638847	544	3274	0.8932783018867925	0.35672169811320753	3818	1781056	1633
ENSG00000151067	1.0004497783177242	0.1619730622645532	6.992195209504389	0.18786806099216757	0.030429565140605238	3124	696	0.3862028301886793	0.8634040880503144	3820	2174304	1634
ENSG00000163563	1.007804651109394	0.1032778801530063	6.655229233413915	0.1788143743241523	0.01846756952108461	2062	1759	0.5949292452830188	0.6544811320754718	3821	3627058	1635
ENSG00000178882	1.0030469322219764	0.17775908178917435	4.5041327188183296	0.12101817168742311	0.021512079078960987	2453	1372	0.5180817610062893	0.7305424528301887	3825	3365516	1636
ENSG00000166148	1.0032627909704097	0.1249071310983565	6.314022449223087	0.16964674455658355	0.021190088162738575	2419	1407	0.5247641509433962	0.7236635220125787	3826	3403533	1637
ENSG00000187699	1.0193819056035882	0.2022255940657974	2.9505803589205253	0.0792769358153065	0.016031825440966447	1651	2176	0.6757075471698113	0.5725235849056604	3827	3592576	1638
ENSG00000203688	1.0141099405786365	0.152083996946181	4.138708461502604	0.11119986075581595	0.016911719283603265	1801	2026	0.6462264150943396	0.602004716981132	3827	3648826	1639
ENSG00000159263	1.0215506051444716	0.10329840933822522	5.665185925245665	0.15221364150264632	0.015723427046802227	1599	2230	0.6859276729559749	0.5619103773584906	3829	3565770	1640
ENSG00000167617	1.0188969617785	0.17033264869334624	3.5188727636925075	0.09454595919954577	0.016104263653711676	1662	2167	0.6735455974842768	0.5742924528301887	3829	3601554	1641
ENSG00000152495	1.009982755545043	0.17765014991728653	3.72061655052403	0.09996646204788398	0.017759056969507324	1950	1880	0.6169418238993711	0.6306996855345912	3830	3666000	1642
ENSG00000167759	1.0351691034384138	0.1436929314834767	3.808922998617644	0.10233910192411373	0.014705405560862212	1387	2445	0.7275943396226415	0.5196540880503144	3832	3391215	1643
ENSG00000187527	1.0006951499510772	0.15964653922338953	6.395391016977578	0.1718329757174309	0.027432539897744572	2962	871	0.4180424528301887	0.8290094339622641	3833	2579902	1644
ENSG00000257743	1.0077204809872362	0.15754583891237928	4.3538352203332735	0.11697994066464219	0.018429702887931405	2068	1765	0.59375	0.6533018867924528	3833	3650020	1645
ENSG00000211892	1.0003559288822932	0.07238423731422401	16.07940836439841	0.4320255915073182	0.03127184294148372	3194	645	0.3724449685534591	0.8734276729559749	3839	2060130	1646
ENSG00000168907	1.0022156296435978	0.1523338695714265	5.442481091188689	0.1462299519610564	0.02227577442947153	2558	1281	0.4974449685534591	0.7484276729559749	3839	3276798	1647
ENSG00000188171	1.0042032882432153	0.11221213123117972	6.724424332911845	0.18067352567552844	0.020273761373102318	2322	1517	0.5438286163522013	0.7020440251572326	3839	3522474	1648
ENSG00000115604	1.010362127671375	0.2081514237891542	3.153029586682179	0.08471639262813187	0.017633837743826652	1931	1908	0.6206761006289307	0.6251965408805031	3839	3684348	1649
ENSG00000229314	1.1302740076975648	0.07758936765046215	5.788944486159232	0.15553881767026947	0.012068158508136737	788	3053	0.8453223270440251	0.4001572327044025	3841	2405764	1650
ENSG00000204219	1.0048966828299917	0.16166405480651044	4.548424176762186	0.1222082057286807	0.01975667406872674	2249	1592	0.5581761006289307	0.6873034591194969	3841	3580408	1651
ENSG00000175600	1.0212827465015761	0.1423377832095064	4.096732138823072	0.1100720303516153	0.01566740879361843	1605	2236	0.684748427672956	0.5607311320754718	3841	3588780	1652
ENSG00000177707	1.014946579658123	0.1853548249599632	3.347010956829168	0.0899283329110036	0.01666865040566037	1772	2069	0.6519261006289307	0.5935534591194969	3841	3666268	1653
ENSG00000130508	1.0036827916050122	0.13752238210325324	5.584989814313232	0.15005891220682951	0.02063645906250614	2372	1471	0.534001572327044	0.7110849056603774	3843	3489212	1654
ENSG00000237440	1.0104921624015841	0.13256399689313672	4.9379180940665135	0.13267322634377224	0.01758769316483825	1928	1915	0.6212657232704403	0.6238207547169812	3843	3692120	1655
ENSG00000198121	1.0005502077096275	0.1371036700360483	7.812805940795194	0.20991643668788784	0.028780313870799195	3047	798	0.40133647798742134	0.8433569182389937	3845	2431506	1656
ENSG00000118729	1.0281942310877819	0.1664854791414783	3.3573271586441997	0.09020551121820526	0.015017907756364898	1485	2360	0.7083333333333333	0.5363600628930818	3845	3504600	1657
ENSG00000176293	1.023864984608889	0.071981255565223	7.913875183617928	0.21263199054560109	0.015305517652804993	1550	2296	0.6955581761006289	0.5489386792452831	3846	3558800	1658
ENSG00000106809	1.019384029671174	0.19338771571636043	3.0605672860796185	0.08223209226056401	0.015902676480847474	1650	2197	0.6759040880503144	0.5683962264150944	3847	3625050	1659
ENSG00000168779	1.0428865815542359	0.18747848772472933	2.812703080016571	0.07557241437869772	0.014168201961424839	1282	2566	0.7482311320754718	0.495872641509434	3848	3289612	1660
ENSG00000170345	1.1498491750034752	0.13283473600102194	3.2929533552606016	0.08847589966446479	0.011752672774382085	732	3117	0.8563286163522013	0.38757861635220126	3849	2281644	1661
ENSG00000270504	1.1973205310964654	0.189800529441281	2.2281621157594134	0.059866820608058695	0.011362754247375734	638	3212	0.8748034591194969	0.3689072327044025	3850	2049256	1662
ENSG00000162676	1.2810001352906724	0.17870905163788164	2.25095026180001	0.060479098252200256	0.010808162292564974	502	3350	0.9015330188679245	0.3417845911949685	3852	1681700	1663
ENSG00000120149	1.001999452373099	0.14114649406806618	5.937937141242432	0.15954198983206894	0.022518792521439592	2592	1260	0.4907625786163522	0.7525550314465409	3852	3265920	1664
ENSG00000106333	1.4813116564086202	0.17202088016279948	2.170381331028001	0.05831435193908603	0.010031286146684831	326	3527	0.936124213836478	0.3069968553459119	3853	1149802	1665
ENSG00000104894	1.4646101993180114	0.15889154279139017	2.3569214416628017	0.06332635858824084	0.010062022815446388	333	3521	0.934748427672956	0.30817610062893086	3854	1172493	1666
ENSG00000111186	1.0013049278150763	0.16884458426382298	5.336548393928313	0.1433837255852645	0.024209565536642063	2747	1107	0.46029874213836475	0.782625786163522	3854	3040929	1667
ENSG00000077984	1.205515842273033	0.17990033961912252	2.3380295037913155	0.06281876524595598	0.011301117202201411	624	3231	0.8775550314465409	0.3651729559748428	3855	2016144	1668
ENSG00000178031	1.0011016733786238	0.14432667240416808	6.432510215574274	0.1728303036891193	0.024944022622052402	2806	1050	0.4487028301886793	0.7938286163522013	3856	2946300	1669
ENSG00000157152	1.002513724759379	0.16646879089032363	4.861112630168838	0.13060959780599246	0.02174242182543503	2515	1343	0.5058962264150944	0.7362421383647799	3858	3377645	1670
ENSG00000154760	1.0002102353656983	0.12892454086949673	10.115067853560879	0.27177418929460684	0.03503836257498688	3356	503	0.3406053459119497	0.9013364779874213	3859	1688068	1671
ENSG00000259725	1.0040547803606983	0.1854559567394727	4.068962855384374	0.10932591825398981	0.020275142766215063	2343	1516	0.5397012578616351	0.7022405660377358	3859	3551988	1672
ENSG00000255690	1.0012615236542506	0.09965236877937982	9.057513717270178	0.24335955854901253	0.02425135647451327	2759	1101	0.4579402515723271	0.7838050314465409	3860	3037659	1673
ENSG00000228278	1.1303082878807817	0.10245207976913837	4.337906501204192	0.11655196382944147	0.011940991095503667	787	3075	0.8455188679245282	0.39583333333333337	3862	2420025	1674
ENSG00000125845	1.0047759231509563	0.19231707035740692	3.8057863609026397	0.10225482595242007	0.019665348557075968	2262	1602	0.55562106918239	0.6853380503144655	3864	3623724	1675
ENSG00000135925	1.0095668046541402	0.20474046892520734	3.2149302526245154	0.08637955530255252	0.017685390658195483	1974	1895	0.6122248427672956	0.627751572327044	3869	3740730	1676
ENSG00000138135	1.002832568432085	0.17637335197026985	4.489462663666366	0.12062401295279548	0.021274861492589787	2478	1394	0.5131682389937107	0.7262185534591195	3872	3454332	1677
ENSG00000106511	1.0098748335571384	0.1517089283549287	4.3004611419234715	0.11554587249039222	0.01752934049135264	1955	1921	0.6159591194968553	0.6226415094339622	3876	3755555	1678
ENSG00000170959	1.011731831708201	0.18475726626221076	3.4528283827766373	0.09277146214814377	0.017140201733639206	1886	1991	0.6295204402515724	0.6088836477987422	3877	3755026	1679
ENSG00000165424	1.1563728939203328	0.2134489673422874	2.0120786001166593	0.05406103431636671	0.011539271948284437	712	3167	0.8602594339622641	0.37775157232704404	3879	2254904	1680
ENSG00000171044	1.3725034266221714	0.11948482085721238	3.1796993903397692	0.08543296362623311	0.010207942354181205	398	3482	0.9219732704402516	0.31584119496855345	3880	1385836	1681
ENSG00000170153	1.0047809943668116	0.17198224184606165	4.22592212273197	0.11354313935949642	0.019527403653285993	2261	1619	0.5558176100628931	0.6819968553459119	3880	3660559	1682
ENSG00000105369	1.903289206472679	0.15962082859649282	2.1288283597684394	0.05719789624740485	0.00912997559298699	167	3720	0.967374213836478	0.269064465408805	3887	621240	1683
ENSG00000105137	1.102869069940669	0.1918872111741413	2.3755934223018085	0.06382804206423495	0.012247784986411825	882	3005	0.8268474842767295	0.40959119496855345	3887	2650410	1684
ENSG00000114805	1.0011387136738876	0.1663571029839409	5.441243021012879	0.14619668717992076	0.02432085734510107	2796	1092	0.45066823899371067	0.7855738993710693	3888	3053232	1685
ENSG00000177614	1.0012579044287315	0.1342136486584504	6.663711742812141	0.1790422845219148	0.024029918269830586	2761	1127	0.4575471698113207	0.7786949685534591	3888	3111647	1686
ENSG00000197410	1.005433960957899	0.18062357610179366	3.9495725008638543	0.10611810815531733	0.01916743218417033	2217	1671	0.5644654088050314	0.6717767295597484	3888	3704607	1687
ENSG00000099864	1.003450440900701	0.15546834630640413	4.905021602291302	0.13178935512192003	0.02048907310159234	2395	1495	0.5294811320754718	0.7063679245283019	3890	3580525	1688
ENSG00000018625	1.004867397934483	0.1802101994667975	4.011927488358332	0.10779347765556453	0.019425484109529063	2254	1638	0.5571933962264151	0.6782625786163522	3892	3692052	1689
ENSG00000112559	1.0004190847686987	0.14356186399335671	7.610788533891342	0.20448858214656956	0.029356762018320173	3143	750	0.38246855345911945	0.8527908805031447	3893	2357250	1690
ENSG00000158481	1.3920739077759163	0.17066168243098495	2.199398560221981	0.0590939941574023	0.010085080464469072	381	3513	0.925314465408805	0.30974842767295596	3894	1338453	1691
ENSG00000198251	1.093067458719171	0.133298497372001	3.465082490753249	0.0931007086059122	0.012410184561436619	927	2967	0.8180031446540881	0.4170597484276729	3894	2750409	1692
ENSG00000169436	1.0006523080636616	0.1337854403004744	7.467630442978526	0.20064217452359967	0.02684300166148441	2985	911	0.4135220125786163	0.8211477987421384	3896	2719335	1693
ENSG00000109099	1.0015184901919174	0.132131550452902	6.478013007190163	0.1740528841483988	0.022997877443327267	2684	1213	0.47268081761006286	0.7617924528301887	3897	3255692	1694
ENSG00000168487	1.2420003808895037	0.16783528415600732	2.4028258288075577	0.06455972921728116	0.010835400498217271	556	3345	0.8909198113207547	0.3427672955974843	3901	1859820	1695
ENSG00000187240	1.0034689618003554	0.16150965148076327	4.687413240670421	0.12594259888464743	0.02034094525244097	2394	1507	0.5296776729559749	0.7040094339622642	3901	3607758	1696
ENSG00000160179	1.0046013432124492	0.15305446202087666	4.750556771633347	0.12763915516930022	0.019535742227236443	2287	1615	0.5507075471698113	0.6827830188679245	3902	3693505	1697
ENSG00000186810	2.3712343367825794	0.16137171707950504	2.023502042713373	0.05436796224760965	0.008773451422010475	108	3796	0.9789701257861635	0.254127358490566	3904	409968	1698
ENSG00000144668	1.0011433913571424	0.1593239148915086	5.640366025335767	0.15154677418410317	0.024145025352190725	2795	1112	0.4508647798742138	0.7816430817610063	3907	3108040	1699
ENSG00000168961	1.0163299692170662	0.13350842683318062	4.492324483727635	0.1207009050545904	0.016114587951179465	1743	2165	0.657625786163522	0.574685534591195	3908	3773595	1700
ENSG00000197496	1.0036048187723672	0.14762064956114507	5.103661199587533	0.13712645382442507	0.020242696185577995	2383	1526	0.5318396226415094	0.7002751572327044	3909	3636458	1701
ENSG00000204542	1.0209292372942813	0.164069049639853	3.472352613039959	0.09329604408157564	0.015306993287621948	1614	2295	0.6829795597484276	0.5491352201257862	3909	3704130	1702
ENSG00000179144	1.6162164123328777	0.16587431089634436	2.1142477139309546	0.056806139784745115	0.009422679291476008	257	3654	0.949685534591195	0.28203616352201255	3911	939078	1703
ENSG00000134539	1.0019857018128027	0.1696596691383132	4.808607240709429	0.12919886978513148	0.021919837500789418	2595	1319	0.4901729559748428	0.7409591194968553	3914	3422805	1704
ENSG00000177494	1.0949562840421172	0.16021454182243952	2.852208617799561	0.07663385911234227	0.012277858625769298	915	3000	0.8203616352201257	0.41057389937106914	3915	2745000	1705
ENSG00000122176	1.0000359631573956	0.14712762092495846	18.160173042004146	0.48793210064359416	0.0717882891406094	3865	56	0.24056603773584906	0.9891902515723271	3921	216440	1706
ENSG00000090661	1.0012683431872438	0.16785856429216953	5.22616514741692	0.1404179207318863	0.0235703505749461	2757	1163	0.45833333333333337	0.7716194968553459	3920	3206391	1707
ENSG00000093072	1.0095318313634336	0.11918738311351759	5.438920483800327	0.14613428466545564	0.0174173629724415	1975	1945	0.6120283018867925	0.6179245283018868	3920	3841375	1708
ENSG00000178372	1.0000574227607157	0.12667450823232515	14.739254831306331	0.3960180090314197	0.05016538654519959	3732	190	0.26670597484276726	0.9628537735849056	3922	709080	1709
ENSG00000120833	1.4186008564686206	0.12433765463074777	2.954105540007198	0.07937165126811582	0.009868884962847138	357	3567	0.9300314465408805	0.2991352201257862	3924	1273419	1710
ENSG00000134352	1.0703576981368226	0.19917053578316601	2.3823861313615335	0.0640105502811394	0.012749015595269822	1042	2882	0.7954009433962264	0.4337657232704403	3924	3003044	1711
ENSG00000224842	1.0106965507903956	0.17423953830575334	3.6363884608389423	0.09770340053199511	0.017023795399596923	1918	2006	0.6232311320754718	0.605935534591195	3924	3847508	1712
ENSG00000180818	1.251347607127452	0.07077298829027176	5.595720353124042	0.1503472230247323	0.010640522254604256	542	3383	0.8936713836477987	0.33529874213836475	3925	1833586	1713
ENSG00000171346	1.0003981062211522	0.12842723122159172	8.457730385796095	0.22724442901911984	0.02918437282945709	3158	767	0.3795204402515723	0.8494496855345912	3925	2422186	1714
ENSG00000121898	1.0004735125222342	0.15414141066839462	6.816705226005595	0.18315295194048498	0.028231454380187038	3096	829	0.39170597484276726	0.8372641509433962	3925	2566584	1715
ENSG00000000938	1.0966278029771077	0.1699447536774264	2.670970385773484	0.07176430467225663	0.012195967080358432	908	3017	0.8217374213836478	0.4072327044025157	3925	2739436	1716
ENSG00000136542	1.000079061972253	0.1560647893510763	10.670657879025807	0.2867019219541307	0.04474407505632012	3641	285	0.28459119496855345	0.9441823899371069	3926	1037685	1717
ENSG00000174946	1.7287541801074573	0.16777292649657857	2.0258025070190993	0.054429771701657935	0.00913184208692781	210	3718	0.9589229559748428	0.2694575471698113	3928	780780	1718
ENSG00000081041	1.0025337231175813	0.17705333653717295	4.447157004450079	0.1194873338516234	0.021155631132361016	2513	1414	0.5062893081761006	0.7222877358490566	3927	3553382	1719
ENSG00000007402	1.023219692743393	0.20020064403393942	2.7885762398219476	0.07492416836304434	0.014999866759988786	1562	2365	0.6931996855345912	0.5353773584905661	3927	3694130	1720
ENSG00000152284	1.0206860685121106	0.18616935463585588	3.050409831815507	0.08195917922252105	0.015258287502341192	1620	2307	0.6818003144654088	0.5467767295597484	3927	3737340	1721
ENSG00000177465	1.01195999531635	0.17309748586376592	3.6105557345763786	0.0970093203400559	0.016792069456216363	1877	2050	0.6312893081761006	0.5972877358490566	3927	3847850	1722
ENSG00000157570	1.0099815074137826	0.1661124231596011	3.8546312976457	0.10356720400827446	0.01720379921767922	1952	1979	0.6165487421383649	0.6112421383647799	3931	3863008	1723
ENSG00000169403	1.1214030280378622	0.13910447625367364	3.1415378139394856	0.08440762878532641	0.011741478993997337	814	3119	0.8402122641509434	0.387185534591195	3933	2538866	1724
ENSG00000157399	1.0020517021930662	0.16310944801750146	4.956442083368923	0.13317093355128168	0.02172143746352492	2586	1348	0.491941823899371	0.7352594339622642	3934	3485928	1725
ENSG00000110169	1.0039935106949691	0.16385083124444008	4.505963056466102	0.12106734966008335	0.019836985878365937	2349	1585	0.5385220125786163	0.6886792452830188	3934	3723165	1726
ENSG00000120318	1.0136449376308923	0.1705192727250236	3.591830714774652	0.09650621179448661	0.01645616904864295	1819	2116	0.6426886792452831	0.5843160377358491	3935	3849004	1727
ENSG00000100170	1.0001292993635702	0.12960724423044087	10.595527105407005	0.2846832894163234	0.036897016619706714	3505	436	0.3113207547169812	0.9145047169811321	3941	1528180	1728
ENSG00000154856	1.000161437509252	0.1508615396462015	8.58767719247522	0.23073587253170189	0.03480916898174224	3428	514	0.3264544025157232	0.8991745283018868	3942	1761992	1729
ENSG00000250305	1.0002914754561485	0.15756795007604738	7.210327351385925	0.19372889028933152	0.030525464113397446	3256	686	0.3602594339622641	0.8653694968553459	3942	2233616	1730
ENSG00000065328	2.5734417632980753	0.2006797317203817	1.5810435349401732	0.04247987568334297	0.008524850055648434	83	3862	0.9838836477987422	0.24115566037735847	3945	320546	1731
ENSG00000253451	1.436663986321202	0.13549554631883137	2.6760047123235964	0.07189956822526576	0.009742071276770473	344	3601	0.9325864779874213	0.2924528301886793	3945	1238744	1732
ENSG00000130513	1.0008089364857393	0.14001287572282237	6.661805971600846	0.17899107978128145	0.025061055808910344	2912	1035	0.4278694968553459	0.7967767295597484	3947	3013920	1733
ENSG00000254709	4.063605890085016	0.15161113527142173	2.0360790046666413	0.05470588322729297	0.008294021062115716	33	3919	0.9937106918238994	0.2299528301886793	3952	129327	1734
ENSG00000124253	1.0512639549230736	0.11666813457437705	4.235580302223203	0.11380263775726222	0.013277141456783352	1194	2759	0.7655267295597484	0.4579402515723271	3953	3294246	1735
ENSG00000143365	1.0016201226438428	0.13503835498935218	6.09936424248126	0.16387925382322613	0.02212998485317096	2661	1293	0.47720125786163525	0.746069182389937	3954	3440673	1736
ENSG00000171345	1.0022097879140157	0.126124989037495	6.276469640492376	0.16863776623866436	0.021269436418159187	2559	1395	0.49724842767295596	0.7260220125786163	3954	3569805	1737
ENSG00000145287	1.0466863428960758	0.1717892701517934	2.9203719684329377	0.07846528917550973	0.01347949475971023	1245	2710	0.7555031446540881	0.4675707547169812	3955	3373950	1738
ENSG00000145649	1.0431502350088573	0.11189837240732846	4.535718835320634	0.12186683541658998	0.01363670053354819	1281	2674	0.7484276729559749	0.47464622641509435	3955	3425394	1739
ENSG00000103742	1.012884163333238	0.17325995057033583	3.5392674102012136	0.09509392769576326	0.016475969212107033	1846	2110	0.6373820754716981	0.585495283018868	3956	3895060	1740
ENSG00000126895	1.1428118573124597	0.17747832821278034	2.388379441555228	0.06417158004808347	0.011389064745706464	750	3207	0.8527908805031447	0.3698899371069182	3957	2405250	1741
ENSG00000162998	1.001051565145087	0.16625271276526143	5.356998588906738	0.14393318657174928	0.023929282724501816	2822	1135	0.445558176100629	0.777122641509434	3957	3202970	1742
ENSG00000129538	1.0000660919421809	0.10617554022237885	15.938765125187052	0.42824675355291153	0.04546933040696032	3688	272	0.27535377358490565	0.9467374213836478	3960	1003136	1743
ENSG00000100867	1.0000684506786597	0.13456608564117242	12.467122704297374	0.33496979109280206	0.04507557359539964	3682	278	0.2765330188679245	0.945558176100629	3960	1023596	1744
ENSG00000265519	1.419079910666539	0.15154618970080855	2.3863628435533233	0.06411739758534223	0.009716747297590436	356	3604	0.9302279874213837	0.29186320754716977	3960	1283024	1745
ENSG00000187608	1.3528375282252534	0.1203134075968896	3.0948205156307624	0.0831524166545034	0.010004350597619659	423	3537	0.917059748427673	0.30503144654088055	3960	1496151	1746
ENSG00000137975	1.0001158201351388	0.1395285583550252	9.924485326192492	0.26665356997508083	0.03720578819884386	3536	426	0.3052279874213837	0.9164701257861635	3962	1506336	1747
ENSG00000105996	1.2387327772335206	0.17189260720597876	2.2884894603480728	0.06148771088830605	0.010569282935718375	566	3398	0.8889544025157232	0.33235062893081757	3964	1923268	1748
ENSG00000243063	2.6567339879240994	0.15824036121119575	1.9837337058075755	0.05329945656098065	0.008434125258570015	75	3890	0.9854559748427673	0.2356525157232704	3965	291750	1749
ENSG00000152661	1.000029642601952	0.12954591474258156	20.400723352006906	0.5481317703729887	0.07100823159243948	3906	63	0.23250786163522008	0.987814465408805	3969	246078	1750
ENSG00000125910	1.5603621081400258	0.17752857191007168	1.9371555923665222	0.05204798408421837	0.009240004285269427	277	3695	0.9457547169811321	0.2739779874213837	3972	1023515	1751
ENSG00000168824	1.0069742552566623	0.17439417608244662	3.816001539298195	0.1025292899369572	0.017880511042873935	2118	1854	0.5839229559748428	0.635809748427673	3972	3926772	1752
ENSG00000136158	1.007282205077594	0.1845655806779665	3.584628681447727	0.0963127057501343	0.01777601046343966	2098	1876	0.5878537735849056	0.6314858490566038	3974	3935848	1753
ENSG00000172215	1.4828129146716877	0.1679395454399864	2.094804094681982	0.05628372372833851	0.009452262978606947	325	3650	0.9363207547169812	0.2828223270440252	3975	1186250	1754
ENSG00000157654	1.0132966871516673	0.18579534198721678	3.252857165972414	0.08739858515749743	0.016238250018536123	1831	2144	0.6403301886792453	0.578812893081761	3975	3925664	1755
ENSG00000184599	1.0710958363832814	0.1609302174383332	2.898079401022974	0.07786632686276504	0.012531044913149103	1037	2941	0.7963836477987422	0.4221698113207547	3978	3049817	1756
ENSG00000172638	1.1917380270119327	0.1773260018004433	2.289292167692731	0.06150927823130301	0.010907194382388007	653	3326	0.8718553459119497	0.34650157232704404	3979	2171878	1757
ENSG00000162069	1.053120992864547	0.12294947527402779	3.976079802549158	0.10683031300952153	0.013134730927880816	1181	2798	0.7680817610062893	0.4502751572327044	3979	3304438	1758
ENSG00000139946	1.000700847508144	0.15607994982883414	6.027004749950392	0.16193508076328733	0.02527481928106209	2959	1024	0.4186320754716981	0.7989386792452831	3983	3030016	1759
ENSG00000136546	1.0023189341490697	0.16178900278878364	4.8310420711193345	0.1298016544559696	0.021000480234765598	2545	1438	0.5	0.7175707547169812	3983	3659710	1760
ENSG00000113396	1.0026242312275229	0.15188916034461836	5.039750843749168	0.13540929429599077	0.02056720401347536	2507	1481	0.5074685534591195	0.7091194968553459	3988	3712867	1761
ENSG00000211445	1.0192098467888546	0.14081973422906538	4.000817887744788	0.10749498210972698	0.015137414811649891	1654	2337	0.6751179245283019	0.5408805031446541	3991	3865398	1762
ENSG00000246985	1.4185600494235808	0.1217372139447878	2.906519060556166	0.07809308575956753	0.009506834688721133	358	3637	0.9298349056603774	0.285377358490566	3995	1302046	1763
ENSG00000070193	1.0000738507262796	0.13823336777446768	11.430803875898325	0.30712571594507687	0.04245502204523251	3665	332	0.27987421383647804	0.9349449685534591	3997	1216780	1764
ENSG00000157613	1.0004595904624902	0.1337488959905746	7.572548298178567	0.2034611338674544	0.027212702031762535	3109	888	0.38915094339622647	0.8256682389937107	3997	2760792	1765
ENSG00000187889	1.000906706872541	0.16781889022517718	5.320644848895057	0.14295642513400733	0.023990788616547735	2869	1129	0.4363207547169812	0.7783018867924528	3998	3239101	1766
ENSG00000189058	1.0000348665332088	0.13234469526636908	15.936259624715461	0.4281794351355463	0.05666727686233992	3873	127	0.23899371069182385	0.9752358490566038	4000	491871	1767
ENSG00000086205	1.0009533715611794	0.14586015111225792	6.080537628201373	0.16337341561164384	0.023829671088840088	2858	1141	0.4384827044025157	0.7759433962264151	3999	3260978	1768
ENSG00000250208	1.0061035427230258	0.12320403374970204	5.447022009457723	0.1463519584961668	0.01803115163389673	2171	1828	0.5735062893081762	0.6409198113207547	3999	3968588	1769
ENSG00000071991	1.0033937048489971	0.15082681725857627	4.859400691184834	0.13056360099843414	0.019692492388412492	2403	1597	0.5279088050314465	0.6863207547169812	4000	3837591	1770
ENSG00000279685	1.0132942521298882	0.17050687858691402	3.514120502496755	0.09441827424948018	0.016098965223842066	1832	2169	0.6401336477987422	0.5738993710691824	4001	3973608	1771
ENSG00000048462	2.429411942461238	0.15514274789805918	2.0140017760941435	0.05411270669263927	0.008395194012497754	102	3901	0.9801493710691824	0.23349056603773588	4003	397902	1772
ENSG00000134531	1.0021055722430792	0.1660271745204595	4.718346224818168	0.12677371408930296	0.02104788155371154	2573	1429	0.4944968553459119	0.7193396226415094	4002	3676817	1773
ENSG00000104368	1.0001974118684924	0.1557431607050436	7.520090850181404	0.20205169394986908	0.031468169441560744	3371	632	0.3376572327044025	0.8759827044025157	4003	2130472	1774
ENSG00000147642	1.0078446523611078	0.1783870105307047	3.635440162600689	0.09767792141622032	0.01742447239629264	2060	1944	0.5953223270440251	0.61812106918239	4004	4004640	1775
ENSG00000286379	1.00512182451342	0.184344502351816	3.7130894914943893	0.09976422313113434	0.01839098606562449	2235	1770	0.5609276729559749	0.652319182389937	4005	3955950	1776
ENSG00000115523	1.1199439769350628	0.14858844174742195	2.868220857017737	0.07706407998632081	0.011450831559866094	816	3191	0.8398191823899371	0.3730345911949685	4007	2603856	1777
ENSG00000168993	1.023762867175924	0.19121193584882973	2.848770416967799	0.0765414806669169	0.014635644691056956	1552	2460	0.6951650943396226	0.5167059748427674	4012	3817920	1778
ENSG00000115556	1.0083415537002032	0.1827803922554167	3.4973694813046854	0.09396820359545795	0.01717554511271466	2026	1986	0.602004716981132	0.6098663522012578	4012	4023636	1779
ENSG00000198133	1.0032845491548705	0.15038569289230916	4.868323214734043	0.13080333360716745	0.019670949957137744	2414	1600	0.5257468553459119	0.6857311320754718	4014	3862400	1780
ENSG00000110076	1.0063928281129415	0.17386072322564422	3.820356823995111	0.10264630882252354	0.017846161488326767	2156	1862	0.5764544025157232	0.6342374213836478	4018	4014472	1781
ENSG00000157873	1.0064786370299483	0.14369491312163113	4.611080914049666	0.12389168271832396	0.01780260458470225	2149	1870	0.5778301886792453	0.6326650943396226	4019	4018630	1782
ENSG00000081052	1.0402369050414821	0.18309052207164062	2.749409776085021	0.07387183395622249	0.013525232645434324	1321	2699	0.7405660377358491	0.4697327044025157	4020	3565379	1783
ENSG00000012124	1.0081924989346078	0.14114747880178574	4.534989052712081	0.1218472274337596	0.01719842895126295	2038	1982	0.5996462264150944	0.6106525157232705	4020	4039316	1784
ENSG00000160539	1.1480937669147935	0.18954356690792182	2.172266002468081	0.0583649897657551	0.011062708342745574	737	3284	0.8553459119496856	0.35475628930817615	4021	2420308	1785
ENSG00000142910	1.0032181820350587	0.17669666697599332	4.151444287426849	0.11154205013266134	0.019709108486110412	2427	1594	0.5231918238993711	0.6869103773584906	4021	3868638	1786
ENSG00000159212	1.0000261448100087	0.11667579263893402	20.332698492139354	0.5463040613145789	0.0637404593757473	3934	89	0.22700471698113212	0.9827044025157232	4023	350126	1787
ENSG00000205403	1.0015736870262193	0.1865638754292964	4.331124343964089	0.11636973912148277	0.02171038951320003	2672	1350	0.4750393081761006	0.7348663522012578	4022	3607200	1788
ENSG00000104055	1.003793673324667	0.17481057435910968	4.089675126955096	0.10988242078032738	0.0192086090885784	2367	1667	0.5349842767295597	0.672562893081761	4034	3945789	1789
ENSG00000134470	1.0166641488572818	0.18129199283699807	3.1376660330121413	0.08430360080075042	0.015283567792502789	1734	2304	0.6593946540880503	0.5473663522012578	4038	3995136	1790
ENSG00000005844	1.00353431546212	0.12009940955754132	5.983737310421134	0.16077256030656314	0.01930868956587244	2388	1652	0.5308569182389937	0.6755110062893082	4040	3944976	1791
ENSG00000163347	1.0002660217633095	0.1567745324803547	6.932111767648868	0.18625372395195036	0.02919984049529206	3276	765	0.35632861635220126	0.8498427672955975	4041	2506140	1792
ENSG00000138772	1.0011070746672492	0.1682287638495847	5.02863145489772	0.13511053575731327	0.022729478413507927	2805	1236	0.44889937106918243	0.7572720125786163	4041	3466980	1793
ENSG00000112320	1.004740065927083	0.19285395859934226	3.545732678941709	0.09526763816374607	0.018372741146288205	2268	1773	0.5544418238993711	0.6517295597484276	4041	4021164	1794
ENSG00000197859	1.0002645667322263	0.12597768659368394	8.621586940485068	0.23164696817712718	0.029182349157395204	3278	768	0.355935534591195	0.8492531446540881	4046	2517504	1795
ENSG00000150048	1.0418740275536709	0.18410827868001173	2.6898167931565644	0.07227067468991791	0.013305629516203876	1294	2753	0.7458726415094339	0.4591194968553459	4047	3562382	1796
ENSG00000158488	1.2675530428478654	0.15166769241296296	2.4600638611024257	0.06609761507716494	0.010024872752753876	520	3529	0.8979952830188679	0.30660377358490565	4049	1835080	1797
ENSG00000286288	1.0559514167119655	0.20043030693854394	2.359135027021374	0.06338583375686747	0.012704442115444468	1152	2898	0.7737814465408805	0.43062106918238996	4050	3338496	1798
ENSG00000140853	1.0995543465900572	0.15694109945930443	2.747526335861396	0.07382122921018706	0.011585584875684077	900	3151	0.823309748427673	0.38089622641509435	4051	2835900	1799
ENSG00000135226	1.0251921167932263	0.11400479511993428	4.688440996219126	0.12597021287944074	0.014361208310535148	1532	2520	0.6990959119496856	0.5049135220125787	4052	3860640	1800
ENSG00000111052	1.000090559220111	0.14750892525910592	9.25526194546836	0.24867270772221226	0.0366814438573753	3610	443	0.29068396226415094	0.91312893081761	4053	1599230	1801
ENSG00000179388	1.0008668840177626	0.14633108250911336	5.984582011520753	0.16079525594833924	0.02352934386525043	2886	1168	0.4329795597484277	0.7706367924528301	4054	3370848	1802
ENSG00000082269	1.0054823678457672	0.17276475697961574	3.8695887560645494	0.10396908476622306	0.017962193663029598	2215	1840	0.5648584905660378	0.6385613207547169	4055	4075600	1803
ENSG00000228168	1.1230530180501312	0.14028422997491602	2.9794607024325592	0.08005290015466282	0.01123015945545571	806	3250	0.8417845911949685	0.36143867924528306	4056	2619500	1804
ENSG00000101447	1.922746937492707	0.1932741620773864	1.6214307357906785	0.043565009162221266	0.008419990641721976	165	3893	0.9677672955974843	0.23506289308176098	4058	642345	1805
ENSG00000136457	1.0015803245576358	0.16819224115925943	4.712224025229383	0.12660922128964705	0.02129468868013436	2669	1389	0.47562893081761004	0.7272012578616351	4058	3707241	1806
ENSG00000137801	1.006879181961213	0.13277508376736294	4.893336251277232	0.13147539016939092	0.017456655943087606	2122	1937	0.5831367924528301	0.6194968553459119	4059	4110314	1807
ENSG00000168280	1.001082609285384	0.15634021627894615	5.3858331065577385	0.1447079196503359	0.022623667455409873	2809	1252	0.44811320754716977	0.754127358490566	4061	3516868	1808
ENSG00000148053	1.0000778700372812	0.14345898366351534	9.92211220761758	0.2665898084278392	0.038244702972109065	3649	413	0.28301886792452835	0.9190251572327044	4062	1507037	1809
ENSG00000187513	1.0818148419395601	0.14617078284113688	3.0362523717305687	0.08157879302118673	0.011924436039141938	985	3078	0.8066037735849056	0.39524371069182385	4063	3031830	1810
ENSG00000110446	1.0717019342416938	0.13877387560495988	3.2602230981829483	0.08759649487831182	0.01215610508367335	1034	3029	0.7969732704402516	0.40487421383647804	4063	3131986	1811
ENSG00000226777	1.0587592870099503	0.12866087959897687	3.623649320518802	0.09736112210312649	0.012526567608531642	1123	2942	0.7794811320754718	0.42197327044025157	4065	3303866	1812
ENSG00000160856	1.107334047366274	0.1310797931920784	3.2401799178051403	0.08705796966257176	0.011411540659092143	865	3201	0.8301886792452831	0.37106918238993714	4066	2768865	1813
ENSG00000126562	1.0015013359380596	0.1577545173941619	5.069016739462176	0.13619561774893563	0.02148547394918309	2690	1376	0.47150157232704404	0.7297562893081762	4066	3701440	1814
ENSG00000113088	2.851394814824913	0.14909068998993816	1.9848107083396946	0.053328393736121	0.007950767018173375	68	4001	0.9868317610062893	0.21383647798742134	4069	272068	1815
ENSG00000163072	1.0381796012762972	0.19520609917771345	2.5597265652587806	0.06877537769993039	0.013425373200277313	1345	2725	0.7358490566037736	0.464622641509434	4070	3665125	1816
ENSG00000162383	1.008133227377115	0.18532565973786452	3.4010580416181257	0.0913804835900606	0.016935148408493084	2046	2024	0.5980738993710693	0.6023977987421384	4070	4141104	1817
ENSG00000275385	1.0079556472776885	0.1611329432996428	3.9179815672548894	0.10526931499891613	0.01696235456491259	2053	2018	0.5966981132075472	0.6035770440251572	4071	4142954	1818
ENSG00000100097	1.0083556435861496	0.13627973441221808	4.588148896511268	0.12327553949856358	0.016799957782387145	2023	2048	0.6025943396226415	0.597680817610063	4071	4143104	1819
ENSG00000090339	1.0030139461052838	0.17135221071336013	4.242369183153028	0.1139850431190089	0.01953158912669985	2456	1616	0.5174921383647799	0.6825864779874213	4072	3968896	1820
ENSG00000161381	1.0516000693080993	0.1703304953137376	2.7827096158581646	0.0747665424336155	0.012735022205613306	1189	2886	0.7665094339622641	0.4329795597484277	4075	3431454	1821
ENSG00000042980	1.0009762174581749	0.13498283647311207	6.292179762114373	0.1690598697410185	0.022820180751417528	2845	1231	0.4410377358490566	0.7582547169811321	4076	3502195	1822
ENSG00000122420	1.0009993841017404	0.18444330155813132	4.58129812719898	0.1230914713041781	0.02270339736099059	2837	1240	0.4426100628930818	0.7564858490566038	4077	3517880	1823
ENSG00000169439	1.000659182562129	0.12116001573749514	7.460191259027913	0.2004422966565936	0.02428559181737255	2983	1095	0.4139150943396226	0.7849842767295597	4078	3266385	1824
ENSG00000142185	1.0370888389221353	0.10006219737962078	5.008207103725912	0.13456176914873016	0.013464546304311204	1362	2717	0.7325078616352201	0.4661949685534591	4079	3700554	1825
ENSG00000130487	1.000529905690443	0.1372891959797657	6.877711446164274	0.18479208242043688	0.025369956418928374	3065	1016	0.39779874213836475	0.8005110062893082	4081	3114040	1826
ENSG00000182916	1.0086994971944974	0.16430663286816552	3.769818368656749	0.10128842888275133	0.016642360698231516	2006	2076	0.605935534591195	0.5921776729559749	4082	4164456	1827
ENSG00000100628	1.0183768890657194	0.183180850407771	3.029462337570852	0.08139635667416904	0.014910253835668531	1684	2399	0.6692216981132075	0.5286949685534591	4083	4039916	1828
ENSG00000234899	1.0250363200587187	0.16963257434808962	3.119824999591251	0.08382424342378202	0.014219322204757065	1536	2551	0.698309748427673	0.4988207547169812	4087	3918336	1829
ENSG00000275832	1.001658233067224	0.17290099381338814	4.521062525352342	0.12147304599101723	0.021002810373386284	2654	1437	0.4785770440251572	0.7177672955974843	4091	3813798	1830
ENSG00000238118	1.2563044380732198	0.0963989909597287	3.8137869919037675	0.10246978892010904	0.0098779842557549	534	3561	0.8952437106918238	0.300314465408805	4095	1901574	1831
ENSG00000186493	1.1152943803693784	0.0836608141550083	4.975659497706033	0.13368727187717516	0.011184386007406419	835	3260	0.8360849056603774	0.35947327044025157	4095	2722100	1832
ENSG00000153064	1.0510634305039737	0.14900780618953088	3.171497700764106	0.08521259856615225	0.012697342372051511	1196	2900	0.7651336477987422	0.4302279874213837	4096	3468400	1833
ENSG00000154027	1.0002511221314752	0.16017952288061685	6.676533264123903	0.17938677638400363	0.028734088252281607	3295	802	0.35259433962264153	0.8425707547169812	4097	2642590	1834
ENSG00000235505	1.0078746039895574	0.16670142100776947	3.754859236766789	0.10088650316155967	0.016817923437536825	2059	2039	0.5955188679245282	0.5994496855345912	4098	4198301	1835
ENSG00000139144	1.0008567699385713	0.15075316635082886	5.6863344281715245	0.15278186480284361	0.023032349880012928	2893	1210	0.43160377358490565	0.7623820754716981	4103	3500530	1836
ENSG00000198189	1.0027990491948349	0.16972717006498028	4.282458221605268	0.11506216549551597	0.019529175731102345	2485	1618	0.5117924528301887	0.6821933962264151	4103	4020730	1837
ENSG00000187479	1.0147179315840948	0.15350252858629923	3.676992615190177	0.0987943631721434	0.01516518455699717	1779	2329	0.6505503144654088	0.5424528301886793	4108	4143291	1838
ENSG00000117707	1.0004944221410077	0.17721494061786758	5.2947928208502635	0.14226182633692444	0.025210921106487455	3082	1027	0.3944575471698113	0.7983490566037736	4109	3165214	1839
ENSG00000241684	1.0657264137628868	0.18802236634012184	2.3976535505255376	0.06442075914241338	0.012112543575383602	1068	3041	0.7902908805031447	0.4025157232704403	4109	3247788	1840
ENSG00000238164	1.0047553187357756	0.1719476217666198	3.873199687804053	0.10406610418915815	0.017893919121843013	2264	1851	0.5552279874213837	0.6363993710691824	4115	4190664	1841
ENSG00000204264	1.264282178367954	0.11493278973465669	3.1669807235764558	0.085091235286043	0.00977977305339298	524	3593	0.8972091194968553	0.2940251572327044	4117	1882732	1842
ENSG00000165821	1.0021946192863838	0.16083407839606184	4.639295693655101	0.1246497645190994	0.02004792999871548	2563	1556	0.4964622641509434	0.69437893081761	4119	3988028	1843
ENSG00000148803	1.0029217027398198	0.18130080324496475	3.960945632902088	0.10642368432981064	0.01929469945328324	2464	1655	0.5159198113207547	0.6749213836477987	4119	4077920	1844
ENSG00000184113	1.102720433130331	0.17151140094779674	2.4447776341861855	0.06568690088446953	0.011266052394614439	885	3238	0.8262578616352201	0.3637971698113207	4123	2865630	1845
ENSG00000076344	1.000939831705058	0.15295540181545345	5.4816487722967135	0.14728231907651135	0.022527626294659618	2864	1259	0.43730345911949686	0.752751572327044	4123	3605776	1846
ENSG00000159899	1.021475860579591	0.19357968462426298	2.7602564839676034	0.07416326603398819	0.014356501649564748	1602	2522	0.6853380503144655	0.5045204402515724	4124	4040244	1847
ENSG00000147027	1.0002205435997118	0.15855591333316726	6.795927846290156	0.18259470007212586	0.028951469439731658	3342	784	0.3433569182389937	0.8461084905660378	4126	2620128	1848
ENSG00000122877	1.0252501242157557	0.16229078314956524	3.2104733557534777	0.08625980627551366	0.013999171514782895	1529	2597	0.699685534591195	0.4897798742138365	4126	3970813	1849
ENSG00000165138	1.0099819309629163	0.18652853235500982	3.1993980291631003	0.08596223161275812	0.0160344089006892	1951	2175	0.616745283018868	0.5727201257861636	4126	4243425	1850
ENSG00000100385	1.0317842281384235	0.13417008535556174	3.7607272155332865	0.1010441654921689	0.013557104308765807	1436	2691	0.7179638364779874	0.4713050314465409	4127	3864276	1851
ENSG00000151490	1.0652410487277322	0.12179488129766386	3.68392202634318	0.09898054433530125	0.01205532364809617	1073	3055	0.7893081761006289	0.39976415094339623	4128	3278015	1852
ENSG00000135363	1.0041909741524198	0.15790437801489515	4.272134651611616	0.1147847892182364	0.018125020747076462	2326	1808	0.5430424528301887	0.6448506289308176	4134	4205408	1853
ENSG00000079819	1.0081809511604092	0.18879448840753713	3.2591278818383342	0.08756706832987252	0.016532179866686127	2039	2095	0.5994496855345912	0.5884433962264151	4134	4271705	1854
ENSG00000128709	1.0004548519628629	0.14353723639537364	6.573277209754481	0.1766124667231811	0.025350465386415305	3115	1020	0.38797169811320753	0.7997248427672956	4135	3177300	1855
ENSG00000239445	1.1103300512601604	0.18060561480906645	2.2712367982632196	0.061024162020501455	0.011021306299920748	850	3291	0.8331367924528301	0.3533805031446541	4141	2797350	1856
ENSG00000018869	1.0923792794298501	0.12585116321570258	3.3695483507554567	0.09053387328421762	0.011393793263241808	936	3205	0.8162342767295597	0.3702830188679245	4141	2999880	1857
ENSG00000085276	1.015969380094444	0.15087380714492862	3.679031877725511	0.09884915459127405	0.014913748286243117	1747	2397	0.6568396226415094	0.5290880503144655	4144	4187559	1858
ENSG00000149575	1.007748338459321	0.18690330455018755	3.3114148927758364	0.0889719289016358	0.01662914752392007	2067	2078	0.5939465408805031	0.5917845911949686	4145	4295226	1859
ENSG00000115353	1.0032732197466288	0.17920045425033765	3.8883353604250117	0.10447277325114981	0.01872156842339857	2416	1730	0.5253537735849056	0.660180817610063	4146	4179680	1860
ENSG00000267767	1.156693618855895	0.1478621297259956	2.617852608760351	0.07033712286844956	0.01040019678612798	710	3438	0.8606525157232705	0.32448899371069184	4148	2440980	1861
ENSG00000126353	1.1470295971406501	0.13635834553283654	2.874421102807883	0.07723066975096099	0.010531046351633926	741	3407	0.854559748427673	0.33058176100628933	4148	2524587	1862
ENSG00000164007	1.0822705826795729	0.1715602195247514	2.503988983070174	0.06727780631120091	0.011542195219893333	983	3165	0.8069968553459119	0.3781446540880503	4148	3111195	1863
ENSG00000196562	1.00013679686093	0.1157193516686265	9.949821084293987	0.2673342975013696	0.03093575158564621	3481	669	0.3160377358490566	0.8687106918238994	4150	2328789	1864
ENSG00000137628	1.1249360679842106	0.10186995196204708	3.940474006603565	0.10587364752122269	0.010785343387033661	796	3356	0.84375	0.3406053459119497	4152	2671376	1865
ENSG00000156127	1.0006097132314615	0.13710124722603825	6.465044625591339	0.173704446407149	0.023815096251128647	3010	1142	0.40860849056603776	0.7757468553459119	4152	3437420	1866
ENSG00000196132	1.00054390004756	0.13661912903528112	6.607207662506261	0.1775241186688245	0.024253190475290693	3054	1099	0.3999606918238994	0.7841981132075472	4153	3356346	1867
ENSG00000119121	1.0268822847244705	0.19295419277457296	2.645367399056873	0.07107639718026904	0.013714488843243746	1505	2648	0.7044025157232705	0.47975628930817615	4153	3985240	1868
ENSG00000163519	3.146389975572696	0.15563613743459168	1.780618842416101	0.04784211528249681	0.007445962029268252	55	4100	0.9893867924528302	0.19437893081761004	4155	225500	1869
ENSG00000254290	1.0050182903007134	0.17601530808830007	3.715225937940856	0.0998216257120528	0.01757013420358195	2240	1918	0.5599449685534591	0.6232311320754718	4158	4296320	1870
ENSG00000101916	1.363625607571418	0.15768496505948001	2.1222304678358963	0.057020622426113665	0.008991294854931536	413	3749	0.9190251572327044	0.2633647798742138	4162	1548337	1871
ENSG00000138792	1.0024236202494432	0.10081351693121016	7.17696580082568	0.19283252375097656	0.01944012489805706	2530	1634	0.5029481132075472	0.6790487421383649	4164	4134020	1872
ENSG00000282600	2.423344821350992	0.150623221813958	1.886767282035397	0.05069413827829569	0.007635714434559192	103	4063	0.9799528301886793	0.20165094339622647	4166	418489	1873
ENSG00000248994	1.0028965562843883	0.1638371148954966	4.301223646194348	0.11556635964708274	0.018934058943553378	2467	1700	0.5153301886792453	0.6660770440251572	4167	4193900	1874
ENSG00000121742	1.0087071596084798	0.1581184522522788	3.7970121653285256	0.10201907865705934	0.016131098817457713	2004	2163	0.6063286163522013	0.5750786163522013	4167	4334652	1875
ENSG00000137462	1.0030983346018876	0.16021626620538848	4.364541114729712	0.11726758933021604	0.018788175309394067	2444	1724	0.5198506289308176	0.6613600628930818	4168	4213456	1876
ENSG00000214578	1.3890216196027179	0.14425193096955408	2.276413960339478	0.06116326331438221	0.008822918837498922	383	3788	0.9249213836477987	0.2556996855345912	4171	1450804	1877
ENSG00000112837	1.0002188502699678	0.1669457926980892	6.327712565036745	0.17001457403439535	0.028383217832400106	3348	823	0.3421776729559748	0.8384433962264151	4171	2755404	1878
ENSG00000211898	1.0005533636288617	0.1417394719799759	6.287480384070016	0.16893360566877658	0.023944560067165856	3044	1133	0.40192610062893086	0.7775157232704403	4177	3448852	1879
ENSG00000168060	1.0379601469854691	0.20657098569370483	2.3375687529244393	0.06280638567568271	0.01297397699688476	1348	2829	0.7352594339622642	0.4441823899371069	4177	3813492	1880
ENSG00000117322	1.0082688827345112	0.15792996400756448	3.8216397309882497	0.10268077829055364	0.016216371619695844	2030	2150	0.6012185534591195	0.5776336477987422	4180	4364500	1881
ENSG00000120324	1.1017334093114715	0.14514245952400054	2.8253254882096965	0.07591155641939344	0.011017990005005696	888	3293	0.8256682389937107	0.3529874213836478	4181	2924184	1882
ENSG00000167850	1.0438970048492004	0.12297050001713729	3.8276249502847364	0.10284159066923486	0.01264648182715357	1268	2913	0.7509827044025157	0.4276729559748428	4181	3693684	1883
ENSG00000187244	1.0218702655376315	0.17831996294121386	2.9273412261594345	0.07865254094643452	0.01402531818680051	1591	2594	0.6875	0.4903694968553459	4185	4127054	1884
ENSG00000131771	1.0000315453810442	0.12014975122094416	13.704035595902178	0.3682034780250753	0.04423955628339918	3892	295	0.23525943396226412	0.9422169811320755	4187	1148140	1885
ENSG00000152784	1.0069930289306483	0.20434079924145482	3.0323661905667363	0.0814743781274319	0.01664853954425994	2117	2073	0.5841194968553459	0.5927672955974843	4190	4388541	1886
ENSG00000121068	1.0058523859958266	0.12806359458152042	4.953577294650129	0.13309396168684912	0.017044491150713055	2189	2002	0.5699685534591195	0.6067216981132075	4191	4382378	1887
ENSG00000135424	1.0226043689526578	0.15653609333045002	3.30165440224692	0.08870968158515535	0.013886266995928381	1578	2614	0.6900550314465409	0.48643867924528306	4192	4124892	1888
ENSG00000170011	1.0013786488236534	0.1611103484949869	4.768012253202418	0.1281081534420613	0.020639549246099752	2723	1470	0.4650157232704403	0.7112814465408805	4193	4002810	1889
ENSG00000183778	1.1353699230003025	0.06306172381747474	6.196632232171641	0.16649267465491271	0.010499315066720782	777	3417	0.8474842767295597	0.32861635220125784	4194	2655009	1890
ENSG00000012223	1.000062605749197	0.11623738701375562	11.335882962105002	0.3045753569394077	0.03540304363941869	3704	491	0.27220911949685533	0.9036949685534591	4195	1818664	1891
ENSG00000153823	1.004230415104756	0.1882229808355556	3.5140149088990915	0.09441543713411772	0.017771155014275647	2318	1877	0.5446147798742138	0.6312893081761006	4195	4350886	1892
ENSG00000267369	1.4104929679363845	0.16175554356747524	1.9856401673041162	0.05335067984837179	0.008629768218567726	364	3837	0.9286556603773585	0.24606918238993714	4201	1396668	1893
ENSG00000081059	1.000312500221686	0.1627893419177303	5.9404122685842085	0.1596084921765367	0.025982561405899614	3234	968	0.36458333333333337	0.8099449685534591	4202	3130512	1894
ENSG00000286058	1.5224382393510232	0.07336717918822111	4.235654409316912	0.11380462888531055	0.008349524599877584	297	3906	0.9418238993710691	0.23250786163522008	4203	1160082	1895
ENSG00000123096	1.0292221460571136	0.17908097087260552	2.7880756553563617	0.07491071853361388	0.013415084203764057	1474	2729	0.710495283018868	0.46383647798742134	4203	4022546	1896
ENSG00000171199	1.0005363830557303	0.13885474208556844	6.36891705367267	0.17112166660722322	0.02376105488199861	3059	1145	0.3989779874213837	0.7751572327044025	4204	3502555	1897
ENSG00000105926	1.0335558367444404	0.1987244021939224	2.4644901747415866	0.0662165423862312	0.01315884280105232	1410	2794	0.7230738993710693	0.45106132075471694	4204	3939540	1898
ENSG00000143387	2.026986621693681	0.17852629493664066	1.5922607282265933	0.04278126205619904	0.007637580207606703	147	4060	0.9713050314465409	0.20224056603773588	4207	596820	1899
ENSG00000169347	1.0000190826979216	0.14778159956197906	12.603841455517394	0.3386431849159697	0.05004523154764506	4015	192	0.2110849056603774	0.9624606918238994	4207	770880	1900
ENSG00000170412	1.0009836191530526	0.12791458646294912	6.27601923908199	0.16862566474019328	0.021569682172281723	2842	1364	0.441627358490566	0.7321147798742138	4206	3876488	1901
ENSG00000105374	1.5502971166740114	0.165005228194155	1.866017044921391	0.05013661568418432	0.008272803711851484	281	3926	0.9449685534591195	0.22857704402515722	4207	1103206	1902
ENSG00000105141	1.0000993584389448	0.10538963993026874	11.109793590363033	0.2985007307873281	0.03145888453659859	3577	633	0.2971698113207547	0.8757861635220126	4210	2264241	1903
ENSG00000180543	1.0000240506296263	0.12982210324950844	13.36688118532769	0.35914472845191003	0.046624924018600536	3957	254	0.22248427672955973	0.9502751572327044	4211	1005078	1904
ENSG00000156234	1.0002387685440233	0.120882877214716	8.317674663119105	0.2234813766068506	0.027015071808141625	3312	899	0.3492531446540881	0.8235062893081762	4211	2977488	1905
ENSG00000196092	1.0364951856604716	0.1352763916856978	3.5579380008330883	0.09559557382469584	0.012931824288128595	1370	2841	0.730935534591195	0.44182389937106914	4211	3892170	1906
ENSG00000154493	1.0243103819022816	0.18511520651102734	2.746201845048014	0.07378564245760702	0.01365884444108875	1546	2667	0.6963443396226415	0.4760220125786163	4213	4123182	1907
ENSG00000078549	1.0089320048946127	0.16452134452346323	3.576549221577303	0.09609562478854196	0.015809781393033163	1998	2215	0.6075078616352201	0.5648584905660378	4213	4425570	1908
ENSG00000150995	1.0205148943678486	0.17895369701184657	2.9186812967850053	0.07841986378409048	0.014033524543328409	1623	2591	0.6812106918238994	0.49095911949685533	4214	4205193	1909
ENSG00000152402	1.0027825612444665	0.15304511541517266	4.5586660683075735	0.12248338744885187	0.018745484168550843	2487	1727	0.5113993710691824	0.6607704402515724	4214	4295049	1910
ENSG00000005379	1.0006318267059626	0.10700792698784477	7.96490167255636	0.21400298309498972	0.022900015590209637	2993	1222	0.4119496855345912	0.7600235849056604	4215	3657446	1911
ENSG00000254615	1.058550813338806	0.1910738715263633	2.3092748444487308	0.06204617782050213	0.011855403409576516	1124	3093	0.7792845911949685	0.3922955974842768	4217	3476532	1912
ENSG00000106571	1.0031510186477584	0.16791004552019786	4.062967941871235	0.1091648454086553	0.018329874161772675	2438	1779	0.5210298742138364	0.6505503144654088	4217	4337202	1913
ENSG00000105419	1.0005556473588633	0.15217568938959197	5.737614703918365	0.1541596761600848	0.02345935499573715	3042	1176	0.40231918238993714	0.769064465408805	4218	3577392	1914
ENSG00000171564	1.0442890879664979	0.06650256619516005	6.965805000647051	0.18715900221754023	0.012446553933992075	1261	2960	0.7523584905660378	0.418435534591195	4221	3732560	1915
ENSG00000131711	1.0015465841247468	0.1497725865080133	5.002158299911214	0.1343992483652079	0.020129323052390066	2677	1544	0.47405660377358494	0.6967374213836478	4221	4133288	1916
ENSG00000173175	1.0001697432718566	0.14584989498873688	7.272178177756497	0.19539071386159218	0.028497715098487555	3411	814	0.3297955974842768	0.8402122641509434	4225	2776554	1917
ENSG00000154188	1.0005523987297673	0.1745870024180015	4.98209124629182	0.13386008171720343	0.023370230410435275	3045	1180	0.4017295597484277	0.7682783018867925	4225	3593100	1918
ENSG00000115112	1.000207352066097	0.11921597776701287	8.602529284497672	0.23113492227878882	0.027554975755568336	3361	865	0.339622641509434	0.8301886792452831	4226	2907265	1919
ENSG00000129596	1.0021875532092959	0.1734440099664957	4.125028219334328	0.1108322965655937	0.01922319795013244	2565	1664	0.49606918238993714	0.6731525157232705	4229	4268160	1920
ENSG00000174498	1.000298998206611	0.1498596169710249	6.413646608260243	0.17232347153938363	0.02582432944000934	3249	981	0.3616352201257862	0.8073899371069182	4230	3187269	1921
ENSG00000237289	1.1588639555826765	0.0875426165098287	4.263156553399166	0.1145435634154617	0.010027443245749007	703	3528	0.8620283018867925	0.3068003144654088	4231	2480184	1922
ENSG00000176170	1.0502687575229284	0.1973720696109283	2.2939160444808673	0.061633513716787325	0.012164734159675852	1207	3026	0.7629716981132075	0.40546383647798745	4233	3652382	1923
ENSG00000071054	1.0140256074401384	0.19570119443266748	2.811495413737631	0.0755399664971166	0.014783261670889402	1805	2429	0.645440251572327	0.5227987421383649	4234	4384345	1924
ENSG00000106538	1.1157904422209617	0.17138331156950745	2.2908862658007836	0.06155210886054289	0.010549004250606663	833	3402	0.8364779874213837	0.331564465408805	4235	2833866	1925
ENSG00000223808	1.000030374519957	0.1615993241120035	9.715961840434892	0.26105090846938395	0.042185650367476936	3900	336	0.23368710691823902	0.9341588050314465	4236	1310400	1926
ENSG00000262406	1.0007190019992829	0.14705152061554477	5.611309474903387	0.1507660754728555	0.02217038065552139	2948	1288	0.42079402515723274	0.7470518867924528	4236	3797024	1927
ENSG00000118193	2.2172880652427573	0.17392470672884516	1.5832009727965506	0.042537842266746964	0.00739838174112184	121	4117	0.9764150943396226	0.1910377358490566	4238	498157	1928
ENSG00000132681	1.0003870372653791	0.15565912504694232	5.891422979346621	0.15829223562152236	0.024639630898570606	3169	1074	0.37735849056603776	0.7891116352201257	4243	3403506	1929
ENSG00000211639	1.0411121824599552	0.12306056937602139	3.7955312777054604	0.1019792897956279	0.012549629466812257	1308	2937	0.74312106918239	0.42295597484276726	4245	3841596	1930
ENSG00000231292	1.2704995778480106	0.14561622496031676	2.310032562159332	0.062066536370686286	0.009037894722661536	514	3736	0.8991745283018868	0.2659198113207547	4250	1920304	1931
ENSG00000067798	1.000263195328088	0.1708143262758465	5.65347355106226	0.15189895048480115	0.025946516889069477	3280	971	0.3555424528301887	0.8093553459119497	4251	3184880	1932
ENSG00000119938	1.0001336396209077	0.146271411752105	7.448444387207508	0.20012667874755366	0.029272811829664663	3493	759	0.3136792452830188	0.8510220125786163	4252	2651187	1933
ENSG00000089101	1.0191200536667038	0.19354184087154264	2.689183282638031	0.07225365336983616	0.013984105082892431	1656	2600	0.6747248427672956	0.4891902515723271	4256	4305600	1934
ENSG00000223350	1.124078126258911	0.13062273564446072	2.9277958194505387	0.07866475507341195	0.01027540550649054	799	3458	0.8431603773584906	0.320558176100629	4257	2762942	1935
ENSG00000240216	1.000220038288655	0.14407618266614547	6.915260184719817	0.1858009513798651	0.026769491810549058	3343	919	0.3431603773584906	0.8195754716981132	4262	3072217	1936
ENSG00000230937	1.0000578617027127	0.1310373761139928	9.699792141122009	0.26061645691794433	0.03415049668665287	3728	537	0.2674921383647799	0.8946540880503144	4265	2001936	1937
ENSG00000174827	1.0007695165461779	0.1451975079881471	5.574726671530029	0.14978315950305127	0.021748141498434195	2924	1342	0.42551100628930816	0.7364386792452831	4266	3924008	1938
ENSG00000120738	1.0968101835064548	0.15100674199170477	2.6494978945830896	0.07118737637381219	0.010749773777146638	906	3361	0.8221305031446541	0.339622641509434	4267	3045066	1939
ENSG00000171811	1.0024699342872148	0.1586862028347424	4.358912670763814	0.117116362880926	0.01858475091538992	2522	1745	0.5045204402515724	0.6572327044025157	4267	4400890	1940
ENSG00000148143	1.0122447094485227	0.17480929102402987	3.1652775273526785	0.08504547338116722	0.014866738906564845	1861	2408	0.6344339622641509	0.5269261006289307	4269	4481288	1941
ENSG00000211599	1.0513959661551138	0.1484808318587569	2.988273177217986	0.08028967594550888	0.011921477874059184	1191	3079	0.7661163522012578	0.3950471698113207	4270	3667089	1942
ENSG00000171451	1.0007794812468795	0.1477415667491225	5.468761368531418	0.14693605706807683	0.021708563283176146	2922	1351	0.42590408805031443	0.7346698113207547	4273	3947622	1943
ENSG00000136244	1.00205177940686	0.16184273962464366	4.368631914429856	0.1173775019663119	0.018996696488524915	2585	1689	0.49213836477987416	0.6682389937106918	4274	4366065	1944
ENSG00000169122	1.0002781054103225	0.14338119572852695	6.598141663859392	0.17728053113505116	0.025418694533531985	3266	1013	0.35829402515723274	0.8011006289308176	4279	3308458	1945
ENSG00000138944	1.0003263516820213	0.14847674479052556	6.224182823666094	0.16723291088233022	0.024830198229652448	3220	1059	0.3673349056603774	0.792059748427673	4279	3409980	1946
ENSG00000225783	1.002066259074644	0.1456668099265125	4.842907211109302	0.1301204500239603	0.018954230861192495	2582	1697	0.4927279874213837	0.6666666666666667	4279	4381654	1947
ENSG00000135324	1.0029400692609147	0.17972312793325634	3.743325507060935	0.10057661200850646	0.018075943307098292	2463	1819	0.5161163522012578	0.6426886792452831	4282	4480197	1948
ENSG00000189056	1.0023867626976686	0.15166376444392304	4.558121374653455	0.12246875248264055	0.018574072028268312	2536	1747	0.5017688679245282	0.6568396226415094	4283	4430392	1949
ENSG00000136999	1.0017415412604873	0.17539085895353973	4.096665788373307	0.11007024763102899	0.019305315277234995	2631	1653	0.4830974842767296	0.675314465408805	4284	4349043	1950
ENSG00000280219	1.0091590574986586	0.12594797660803883	4.521822830005125	0.12149347404781513	0.015301857227403593	1987	2298	0.6096698113207547	0.5485455974842768	4285	4566126	1951
ENSG00000135636	1.0058949454070059	0.1668199476465609	3.6831155912605515	0.09895887683450214	0.016508314652694117	2187	2098	0.5703616352201257	0.5878537735849056	4285	4588326	1952
ENSG00000222033	1.129950186542902	0.1172220025815581	3.2264572997094096	0.08668926690526363	0.010161889468962192	789	3498	0.845125786163522	0.31269654088050314	4287	2759922	1953
ENSG00000128268	1.00108279043871	0.17736711142866718	4.3191787519861125	0.11604878194922655	0.020583237239149565	2808	1479	0.4483097484276729	0.7095125786163522	4287	4153032	1954
ENSG00000182107	1.0013048045655795	0.15799140156077637	4.744737396634563	0.12748279873695667	0.020141186047342156	2748	1540	0.4601022012578616	0.6975235849056604	4288	4231920	1955
ENSG00000171209	1.0006242236086558	0.12938600064709915	6.35983864834254	0.17087774572756098	0.02210918811928105	2998	1297	0.4109669811320755	0.7452830188679245	4295	3888406	1956
ENSG00000168539	1.0012053855158802	0.14481750785962536	5.205850060654836	0.13987208986696814	0.02025592747365188	2772	1523	0.4553852201257862	0.7008647798742138	4295	4221756	1957
ENSG00000169071	1.000335054976191	0.12471901836609076	7.285327600659123	0.195744015866165	0.02441300150986459	3210	1086	0.3693003144654088	0.7867531446540881	4296	3486060	1958
ENSG00000175471	1.0584229539176544	0.1796959615147901	2.386961586643089	0.06413348476539606	0.011524528210211986	1126	3170	0.7788915094339622	0.3771619496855346	4296	3569420	1959
ENSG00000181444	1.0179939785049015	0.1662869224276272	3.110517947427721	0.08357417920344408	0.01389729305415572	1691	2608	0.6678459119496856	0.4876179245283019	4299	4410128	1960
ENSG00000155970	1.0013207688298875	0.16002362538509032	4.6507713027992335	0.12495809407426994	0.01999624723497585	2740	1563	0.4616745283018868	0.6930031446540881	4303	4282620	1961
ENSG00000166448	1.0019740878012018	0.16590023319957575	4.236791522038978	0.11383518111616554	0.018885283093487807	2597	1709	0.4897798742138365	0.6643081761006289	4306	4438273	1962
ENSG00000155011	1.0008293608397176	0.1553454749167572	5.0872461117381595	0.13668540911201688	0.021233459792697515	2905	1404	0.4292452830188679	0.7242531446540881	4309	4078620	1963
ENSG00000174371	2.168308367700301	0.18941719055723644	1.3969577531546418	0.037533812559523747	0.007109549325926904	128	4184	0.9750393081761006	0.17786949685534592	4312	535552	1964
ENSG00000287354	1.0007385736452092	0.1594195589735491	5.021213514917627	0.13491122867865477	0.02150748857653077	2938	1373	0.4227594339622641	0.7303459119496856	4311	4033874	1965
ENSG00000183196	1.0049419218311977	0.17072529638489922	3.637094434108795	0.09772236879951991	0.016683680376732464	2245	2066	0.5589622641509434	0.5941430817610063	4311	4638170	1966
ENSG00000112655	1.0097249094628056	0.19433453108242096	2.8849747869093827	0.07751422879201544	0.015063691304511816	1964	2349	0.614190251572327	0.5385220125786163	4313	4613436	1967
ENSG00000165072	1.0143416513735188	0.1816155461711348	2.9430362535671315	0.07907423889363929	0.01436111108473509	1793	2521	0.6477987421383649	0.5047169811320755	4314	4520153	1968
ENSG00000011426	1.8144193334193643	0.18362761181538947	1.4909215478699809	0.04005845544887582	0.007355838507090242	187	4130	0.9634433962264151	0.1884827044025157	4317	772310	1969
ENSG00000182218	1.0252481527232176	0.17435317997977345	2.8125503171014556	0.0755683099062403	0.013175575137850013	1531	2786	0.6992924528301887	0.45263364779874216	4317	4265366	1970
ENSG00000107954	1.0000896130287442	0.13724765359725	8.190778387949136	0.2200718955427485	0.03020435128594133	3612	706	0.29029088050314467	0.8614386792452831	4318	2550072	1971
ENSG00000174004	1.0041921545995471	0.15138282281560125	4.20841654985058	0.11307279522074676	0.017117278924167072	2325	1994	0.5432389937106918	0.6082940251572326	4319	4636050	1972
ENSG00000198959	1.0000502497419939	0.12694409596424408	9.833399803103713	0.26420626121232116	0.03353942497769104	3768	555	0.2596305031446541	0.8911163522012578	4323	2091240	1973
ENSG00000113296	1.0118220816275212	0.16601717659942047	3.3035167443404365	0.08875971946132012	0.014735638020725	1885	2439	0.6297169811320755	0.5208333333333333	4324	4597515	1974
ENSG00000203952	1.002151822383737	0.1363947984814035	5.043419037904755	0.13550785225993553	0.018482566201641706	2570	1758	0.49508647798742134	0.6546776729559749	4328	4518060	1975
ENSG00000138395	1.0144764364522596	0.16058393828838913	3.304177100903259	0.08877746208767762	0.014256234493287428	1787	2541	0.6489779874213837	0.5007861635220126	4328	4540767	1976
ENSG00000148541	1.0093678463714029	0.17027139683849377	3.293208631550373	0.08848275849207751	0.015066082884569135	1982	2347	0.6106525157232705	0.5389150943396226	4329	4651754	1977
ENSG00000278828	1.2302366424472784	0.08321514708615886	4.012419539979573	0.10780669822238523	0.008971150249448927	575	3756	0.887185534591195	0.26198899371069184	4331	2159700	1978
ENSG00000078589	1.022709530586261	0.12598752937297397	3.9232500230878866	0.10541086919643378	0.013280454979116417	1575	2758	0.6906446540880503	0.45813679245283023	4333	4343850	1979
ENSG00000196405	1.0172809386281847	0.18652252736869593	2.7590935858717054	0.07413202099521826	0.013827291914977339	1708	2625	0.664504716981132	0.48427672955974843	4333	4483500	1980
ENSG00000143416	1.0024119206019766	0.13731648461322635	4.923168001470526	0.13227691714295123	0.01816380125754508	2532	1801	0.5025550314465409	0.6462264150943396	4333	4560132	1981
ENSG00000174788	1.0300381528797657	0.18936112185761472	2.5036681564934495	0.06726918626197774	0.01273816857701695	1459	2884	0.7134433962264151	0.433372641509434	4343	4207756	1982
ENSG00000185052	1.001567721305291	0.08807194644503812	8.105760251660282	0.21778760685583598	0.0191809784474002	2673	1670	0.4748427672955975	0.6719732704402516	4343	4463910	1983
ENSG00000168490	1.006794629153534	0.18509032779193943	3.1773957626101446	0.08537106917651521	0.015801359177829537	2128	2216	0.5819575471698113	0.5646619496855345	4344	4715648	1984
ENSG00000179348	1.0418636990987609	0.12655689259587166	3.552698703860436	0.09545480307477794	0.012080463260494752	1295	3051	0.7456761006289307	0.4005503144654088	4346	3951045	1985
ENSG00000129173	1.4737212747104242	0.16327348449823523	1.8010046107839628	0.04838984523859126	0.007900778646435132	329	4018	0.9355345911949685	0.21049528301886788	4347	1321922	1986
ENSG00000165304	2.2855247651996966	0.1948910435981381	1.3106379829803423	0.03521455124572461	0.006863000642119384	115	4233	0.9775943396226415	0.16823899371069184	4348	486795	1987
ENSG00000259207	1.000620618709027	0.14658178343219458	5.520571850372059	0.14832811413611185	0.021742199503205387	3003	1344	0.4099842767295597	0.7360455974842768	4347	4036032	1988
ENSG00000162755	1.0051263808679314	0.17344302747012788	3.528565418198289	0.09480638388068066	0.016443506243760384	2234	2119	0.561124213836478	0.5837264150943396	4353	4733846	1989
ENSG00000158473	1.006524164115057	0.1566608039599293	3.7655154178339694	0.10117281611688898	0.01584981471176192	2146	2208	0.5784198113207547	0.5662342767295597	4354	4738368	1990
ENSG00000251039	1.0778973904635907	0.13157704531051606	3.0538659172555813	0.08205203819610454	0.010796164747549042	1003	3352	0.8030660377358491	0.34139150943396224	4355	3362056	1991
ENSG00000131773	1.004589929692105	0.17655836352907642	3.5162594581868483	0.09447574424938805	0.016680482797863508	2288	2067	0.5505110062893082	0.5939465408805031	4355	4729296	1992
ENSG00000143147	1.0313287180867943	0.20390230261612616	2.313337452763562	0.06215533300336095	0.012673615519257398	1446	2910	0.715998427672956	0.4282625786163522	4356	4207860	1993
ENSG00000135549	1.001741855126658	0.16848852199362155	4.140859129188227	0.11125764543656788	0.018745636240097716	2630	1726	0.48329402515723274	0.6609669811320755	4356	4539380	1994
ENSG00000007314	1.0204989252368202	0.14953980415956233	3.337286213701235	0.08966704606469127	0.013408792508080386	1625	2732	0.6808176100628931	0.4632468553459119	4357	4439500	1995
ENSG00000073910	1.0071023188275217	0.17607291532443536	3.298675120417972	0.0886296334910185	0.015605277952899841	2106	2251	0.5862814465408805	0.5577830188679245	4357	4740606	1996
ENSG00000154864	1.0000110268345794	0.1388579515145443	13.166659650907013	0.35376512586453385	0.0491231006948341	4151	208	0.1843553459119497	0.9593160377358491	4359	863408	1997
ENSG00000261664	1.0222629627417987	0.17827505106453792	2.759485510622982	0.07414255132809242	0.013217767124070799	1586	2773	0.6884827044025157	0.45518867924528306	4359	4397978	1998
ENSG00000110665	1.0466312282999906	0.1508416299801888	2.906140474416391	0.07808291381186483	0.011778153992984288	1246	3114	0.7553066037735849	0.38816823899371067	4360	3880044	1999
ENSG00000241106	1.0339226317956203	0.2096603791233154	2.215357720715752	0.059522788898852326	0.012479570487010448	1406	2955	0.7238600628930818	0.41941823899371067	4361	4154730	2000
ENSG00000270547	1.0006155933090546	0.14487262345141372	5.554554785805492	0.14924117619965707	0.021620960723019007	3005	1357	0.40959119496855345	0.7334905660377358	4362	4077785	2001
ENSG00000242887	2.558221737137623	0.15075903393265133	1.6533977895169454	0.04442390800861258	0.0066973054548914055	87	4278	0.9830974842767296	0.1593946540880503	4365	372186	2002
ENSG00000183813	1.1232735950811854	0.15840988507343462	2.320274559052875	0.06234172092137821	0.009875544846435658	800	3564	0.8429638364779874	0.2997248427672956	4364	2851200	2003
ENSG00000105695	1.0094171008433015	0.16642602484597577	3.3402869655630276	0.08974767102107511	0.014936348127221907	1979	2386	0.6112421383647799	0.53125	4365	4721894	2004
ENSG00000125999	1.0000173201543678	0.1382116677811882	11.46537690863268	0.30805463289144486	0.042576744579648274	4042	327	0.20577830188679247	0.9359276729559749	4369	1321734	2005
ENSG00000185924	1.0026991948801145	0.15748369115506095	4.212403426145413	0.1131799156166287	0.017823990875925014	2502	1866	0.5084512578616351	0.6334512578616351	4368	4668732	2006
ENSG00000170523	1.0139134652208401	0.1762078471723522	2.9980757030321312	0.08055305267661415	0.014194079995307262	1810	2560	0.6444575471698113	0.4970518867924528	4370	4633600	2007
ENSG00000226329	1.1041764559035883	0.20856396476513678	1.8139314595047589	0.04873716706401941	0.010164816794292729	876	3495	0.8280267295597484	0.31328616352201255	4371	3061620	2008
ENSG00000196358	1.0179068592747675	0.15809597793956898	3.2069932597641557	0.08616630218044895	0.01362254580865449	1694	2677	0.6672562893081762	0.47405660377358494	4371	4534838	2009
ENSG00000085265	1.084127340442024	0.15917604027215035	2.4733528550782027	0.06645466711246457	0.010577990768566007	977	3395	0.8081761006289307	0.3329402515723271	4372	3316915	2010
ENSG00000184809	1.1325309467161986	0.07343376203227761	4.962785536625743	0.1333413710501852	0.009791758510756931	783	3590	0.8463050314465409	0.2946147798742138	4373	2810970	2011
ENSG00000162576	1.0914790908308407	0.1663171301337272	2.3347730514363105	0.06273127006435456	0.010433284806747243	942	3431	0.8150550314465409	0.3258647798742138	4373	3232002	2012
ENSG00000206052	1.0045653774508305	0.16371456576529864	3.7770847333167303	0.10148366339755394	0.016614353885402274	2291	2082	0.5499213836477987	0.590998427672956	4373	4769862	2013
ENSG00000170367	1.0000830046486535	0.14496064532333244	7.529730274940938	0.2023106884407826	0.029327087952183497	3622	752	0.2883254716981132	0.8523977987421384	4374	2723744	2014
ENSG00000287263	1.0174180001685438	0.21936697172854966	2.316721406100519	0.062246253913440505	0.013654772222437828	1706	2670	0.6648977987421384	0.4754323899371069	4376	4555020	2015
ENSG00000211974	1.0432348756682197	0.12927854816610532	3.4104105911993057	0.09163177024646874	0.011846022223353604	1280	3097	0.748624213836478	0.3915094339622641	4377	3964160	2016
ENSG00000226237	1.008802572313488	0.1901585655694927	2.93121557389307	0.07875663789660807	0.01497624929149494	2001	2377	0.6069182389937107	0.5330188679245282	4378	4756377	2017
ENSG00000177374	1.2290285771332836	0.19757280634285648	1.6495297655036056	0.044319980965747775	0.00875642301646477	578	3801	0.8865959119496856	0.2531446540880503	4379	2196978	2018
ENSG00000259583	1.0142924901560977	0.19356259463675574	2.706078768734972	0.07270760554328777	0.014073472778784546	1795	2585	0.6474056603773585	0.49213836477987416	4380	4640075	2019
ENSG00000173530	1.0004086244569914	0.1670867268214769	5.085506596354873	0.136638671374821	0.02283050835725427	3151	1230	0.38089622641509435	0.7584512578616353	4381	3875730	2020
ENSG00000231367	1.0549406276008393	0.16817344268867968	2.506758105644615	0.06735220779358554	0.011326852657330603	1164	3221	0.7714229559748428	0.36713836477987416	4385	3749244	2021
ENSG00000235123	1.0000140145592809	0.1343286623411298	12.20469124161923	0.32791871649327353	0.04404888254316161	4089	299	0.19654088050314467	0.9414308176100629	4388	1222611	2022
ENSG00000081853	1.0439505848747068	0.128144403179448	3.3997158085061194	0.09134442013293495	0.011705276201707703	1266	3122	0.751375786163522	0.38659591194968557	4388	3952452	2023
ENSG00000234602	1.1817701527461086	0.08693574253741197	3.905214190879528	0.10492627791660813	0.00912184388236718	665	3724	0.8694968553459119	0.26827830188679247	4389	2476460	2024
ENSG00000078898	1.0000599180440852	0.13272973185655104	8.617410884103242	0.23153476484304675	0.030731547253087195	3716	676	0.26985062893081757	0.8673349056603774	4392	2512016	2025
ENSG00000145335	1.0015158787359009	0.1882102660032134	3.736382600262544	0.10039006824095115	0.01889444144771016	2685	1707	0.4724842767295597	0.6647012578616351	4392	4583295	2026
ENSG00000120217	1.0130802729025277	0.1337408021231466	3.9524121724603853	0.10619440516658636	0.014202524927969683	1836	2558	0.6393474842767295	0.4974449685534591	4394	4696488	2027
ENSG00000140284	1.0007407164570186	0.15968243924768832	4.829764715950561	0.1297673341557541	0.02072156445266067	2935	1460	0.42334905660377353	0.7132468553459119	4395	4285100	2028
ENSG00000125538	1.0016215728720743	0.11635419703070586	5.972922696691431	0.16048199054257592	0.018672753147470755	2659	1737	0.47759433962264153	0.6588050314465409	4396	4618683	2029
ENSG00000092853	2.0441277477957	0.17660050350433196	1.4309644591575152	0.03844751329671232	0.0067898502066888935	145	4253	0.9716981132075472	0.16430817610062898	4398	616685	2030
ENSG00000175857	1.0324996632543741	0.17941700559486545	2.5742902931163254	0.06916667960604643	0.012409678541856298	1428	2969	0.7195361635220126	0.41666666666666663	4397	4239732	2031
ENSG00000176083	1.29659788861033	0.13515442644171555	2.292344159846987	0.06159127992476318	0.008324334112042517	486	3912	0.9046776729559749	0.23132861635220126	4398	1901232	2032
ENSG00000015285	1.9020495214269764	0.16232026886209108	1.5690036100547773	0.042156383950784346	0.0068428355771448564	169	4239	0.96698113207547165	0.1670597484276729	4408	716391	2033
ENSG00000172232	1.0373445583991574	0.14396905925134795	3.1243262324731016	0.08394518368191983	0.012085509123367604	1359	3048	0.7330974842767295	0.4011399371069182	4407	4142232	2034
ENSG00000228203	1.003062655427577	0.16941717915134247	3.805885216653255	0.10225748203361196	0.01732417415325362	2449	1958	0.5188679245283019	0.6153694968553459	4407	4795142	2035
ENSG00000026103	1.0077906902453724	0.1994300209876625	2.815494346731911	0.07564741083543423	0.015086364730572977	2063	2344	0.5947327044025157	0.539504716981132	4407	4835672	2036
ENSG00000168874	1.022760737622457	0.16504877316318928	2.9216926374864536	0.07850077324408365	0.01295645631629772	1573	2836	0.6910377358490566	0.44280660377358494	4409	4461028	2037
ENSG00000172349	1.089916190926412	0.2045659498857741	1.8675664879710614	0.05017824651007483	0.010264760660935986	950	3460	0.8134827044025157	0.3201650943396226	4410	3287000	2038
ENSG00000172824	1.0667191878127107	0.09071023709340713	4.435990715137325	0.11918731517954553	0.010811509618463219	1061	3349	0.7916666666666666	0.34198113207547165	4410	3553289	2039
ENSG00000135773	1.0007192844198718	0.1436256405489143	5.35923626679665	0.1439933090645726	0.02068113124915703	2947	1464	0.4209905660377359	0.7124606918238994	4411	4314408	2040
ENSG00000112379	1.010197030043664	0.16533995636845658	3.2856850385850613	0.08828061270241676	0.0145963126523982	1938	2473	0.6193003144654088	0.5141509433962264	4411	4792674	2041
ENSG00000180139	1.0618157036127096	0.19803066501320168	2.0542104628940163	0.055193043811068904	0.01092991517000875	1093	3320	0.785377358490566	0.34768081761006286	4413	3628760	2042
ENSG00000118308	1.0168813322161891	0.17239703450467253	2.928224873330559	0.07867628300106348	0.013563557875233723	1725	2689	0.6611635220125787	0.4716981132075472	4414	4638525	2043
ENSG00000169679	2.890940419235928	0.19244170408428266	1.2272452406936512	0.032973934054012846	0.006345560059716991	65	4352	0.9874213836477987	0.14485062893081757	4417	282880	2044
ENSG00000133687	1.0001091857171145	0.12780968752749838	8.055305607048124	0.21643197876375259	0.027662103576753385	3555	862	0.30149371069182385	0.8307783018867925	4417	3064410	2045
ENSG00000175920	1.001034658521883	0.14039397139876358	5.243589679709061	0.14088608745168416	0.01977955733217545	2827	1591	0.4445754716981132	0.6875	4418	4497757	2046
ENSG00000165457	1.0106420404753789	0.12109230675186833	4.457689281111997	0.11977031771220241	0.014503264052174742	1924	2496	0.6220518867924528	0.5096305031446541	4420	4802304	2047
ENSG00000198848	1.0000738850380364	0.14628604561980904	7.4491013378186075	0.2001443298619429	0.029278322568730288	3664	758	0.2800707547169812	0.8512185534591195	4422	2777312	2048
ENSG00000185201	1.0007642276557196	0.13445406462773923	5.667569030142258	0.15227767136489262	0.020474351867056907	2925	1497	0.425314465408805	0.7059748427672956	4422	4378725	2049
ENSG00000165359	1.0066845175691097	0.19470359938430004	2.9382562813733544	0.07894580939750326	0.015371033246000783	2135	2287	0.5805817610062893	0.5507075471698113	4422	4882745	2050
ENSG00000196639	1.0042283156854486	0.17271326094341485	3.553896301142385	0.0954869804200133	0.0164918677659805	2319	2104	0.5444182389937107	0.5866745283018868	4423	4879176	2051
ENSG00000230148	1.043839921787269	0.13850172308954298	3.1096689527126458	0.08355136819972711	0.011572008462151052	1270	3155	0.7505896226415094	0.3801100628930818	4425	4006850	2052
ENSG00000251151	1.2415348924784826	0.09487862172607917	3.3355946246701125	0.08962159602478954	0.008503173507723488	558	3869	0.8905267295597484	0.2397798742138365	4427	2158902	2053
ENSG00000238117	1.0005500494497301	0.14206585695509552	5.611528021321782	0.15077194743303832	0.0214195459168632	3048	1380	0.4011399371069182	0.7289701257861636	4428	4206240	2054
ENSG00000156140	1.0118794696071896	0.20322754453422665	2.608625715457494	0.0700892123765581	0.014244058529625831	1882	2546	0.6303066037735849	0.49980345911949686	4428	4791572	2055
ENSG00000095637	1.0013212563356277	0.16052213388990785	4.4043705756897085	0.11833773731331965	0.01899582611323744	2739	1690	0.46187106918238996	0.6680424528301887	4429	4628910	2056
ENSG00000267102	1.338993800442467	0.13824361902865884	2.161149737808076	0.05806631516863971	0.008027297552571462	446	3985	0.9125393081761006	0.21698113207547165	4431	1777310	2057
ENSG00000244486	1.3134341277222623	0.17257057608428447	1.7483614473795763	0.04697541547269562	0.008106574509921693	468	3964	0.9082154088050315	0.22110849056603776	4432	1855152	2058
ENSG00000143578	1.031394197258582	0.1555953153093689	2.950166041197118	0.07926580382242028	0.012333387739000062	1444	2990	0.7163915094339622	0.4125393081761006	4434	4317560	2059
ENSG00000109805	2.6884804721578783	0.18671895915098566	1.2565701553194593	0.03376184324196326	0.00630397622915812	73	4363	0.9858490566037735	0.14268867924528306	4436	318499	2060
ENSG00000103489	1.001260598459344	0.12652077666122075	5.619088603329859	0.1509750870536111	0.01910148527051829	2760	1675	0.45774371069182385	0.6709905660377358	4435	4623000	2061
ENSG00000227051	1.0000974781487866	0.13319423648626977	7.786449078069341	0.20920827386551527	0.02786533630412773	3587	852	0.2952044025157232	0.8327437106918238	4439	3056124	2062
ENSG00000102313	1.0003954848591268	0.13156551083015222	6.3110913788118275	0.16956799181895313	0.022309299464103642	3161	1280	0.37893081761006286	0.748624213836478	4441	4046080	2063
ENSG00000230479	1.2401676690076762	0.16304851800346884	1.9353450980724063	0.05199933926777923	0.008478415204770986	564	3878	0.8893474842767296	0.23801100628930816	4442	2187192	2064
ENSG00000237125	1.0028385117979919	0.18754093038010036	3.421507178670609	0.09192991615192488	0.017240622004896608	2476	1969	0.5135613207547169	0.6132075471698113	4445	4875244	2065
ENSG00000262714	1.917327225233644	0.08894026326625337	2.7989184901533504	0.0752020465483409	0.00668848981817048	166	4281	0.9675707547169812	0.1588050314465409	4447	710646	2066
ENSG00000163577	1.004153806454832	0.16583690908761636	3.692352330356017	0.09920705186562782	0.016452190841090564	2330	2118	0.5422562893081762	0.5839229559748428	4448	4934940	2067
ENSG00000169715	1.0000558018601724	0.09220645111274332	12.210131179254436	0.328064878107019	0.030249698144982944	3745	705	0.26415094339622647	0.8616352201257862	4450	2640225	2068
ENSG00000148288	1.0002985085836282	0.1672317911401192	5.159895478071498	0.1386373705742486	0.02318457580008805	3251	1199	0.3612421383647799	0.7645440251572327	4450	3897949	2069
ENSG00000125508	1.00325689323264	0.15143590477261057	4.1445168073734004	0.11135592085477243	0.016863284626429678	2420	2030	0.5245676100628931	0.6012185534591195	4450	4912600	2070
ENSG00000112782	1.0024662501726602	0.1550919309480397	4.198248217066817	0.11279958989589943	0.01749430620710203	2523	1929	0.5043238993710693	0.621069182389937	4452	4866867	2071
ENSG00000197245	1.1036329331329662	0.16662180369293822	2.2000539488528124	0.05911160330411251	0.009849281961712673	879	3574	0.827437106918239	0.2977594339622641	4453	3141546	2072
ENSG00000223572	1.158863025150933	0.08881048930950847	3.764857255717191	0.1011551324514602	0.008983636809182318	704	3750	0.8618317610062893	0.26316823899371067	4454	2640000	2073
ENSG00000105246	1.0457502214661942	0.13774616275446597	3.075187333558284	0.08262490737643732	0.011381263939047412	1249	3208	0.7547169811320755	0.36969339622641506	4457	4006792	2074
ENSG00000211597	3.307553122224216	0.1582033599672284	1.4236503178238042	0.03825099510621341	0.0060514359478929716	49	4411	0.9905660377358491	0.13325471698113212	4460	216139	2075
ENSG00000174600	1.0000967220600683	0.11663430771485025	8.76287807118807	0.23544321384322112	0.027460756252763542	3589	870	0.29481132075471694	0.8292059748427673	4459	3122430	2076
ENSG00000126882	1.3114445027323225	0.15344054678805205	1.9379476935945608	0.05206926645940418	0.007989536716383756	469	3991	0.90801886792452835	0.21580188679245282	4460	1871779	2077
ENSG00000205413	1.0716286319880177	0.09583747633410074	4.066373449329207	0.10925634544028398	0.010470852420483552	1035	3425	0.7967767295597484	0.32704402515723274	4460	3544875	2078
ENSG00000184709	1.001397908644116	0.13600892623324315	5.089337744931185	0.1367416076391613	0.018598079226409766	2717	1743	0.4661949685534591	0.657625786163522	4460	4735731	2079
ENSG00000127863	1.0004393068723874	0.1257342210462674	6.454659372066095	0.17342541280121537	0.021805509188188188	3132	1330	0.3846305031446541	0.7387971698113207	4462	4165560	2080
ENSG00000197594	1.003566697952989	0.1578524576669735	3.921284257020967	0.10535805249891732	0.016631027521960117	2385	2077	0.5314465408805031	0.5919811320754718	4462	4953645	2081
ENSG00000144724	1.0209557878068336	0.15933845877215994	3.012607298627459	0.08094349124502048	0.012897411142619384	1612	2851	0.6833726415094339	0.43985849056603776	4463	4595812	2082
ENSG00000215217	1.0010806651595077	0.14411895700128646	4.984136176390323	0.13391502541384795	0.019299693789444537	2810	1654	0.44791666666666663	0.6751179245283019	4464	4647740	2083
ENSG00000173641	1.0046484834562677	0.14450514914946458	4.114836905094454	0.11055847376919858	0.015976268741755208	2279	2185	0.5522798742138364	0.570754716981132	4464	4979615	2084
ENSG00000166292	1.0012403053842545	0.1674086039494026	4.2114910907472884	0.11315540275949519	0.01894318800529947	2766	1699	0.456564465408805	0.6662735849056604	4465	4699434	2085
ENSG00000066279	2.454843240016957	0.17159604562896547	1.3627256714594473	0.03661405637150143	0.006282827287785673	99	4370	0.9807389937106918	0.14131289308176098	4469	432630	2086
ENSG00000154240	1.0048276762950323	0.16697377096166507	3.5316299609795787	0.09488872278754726	0.015843927865572847	2258	2210	0.5564072327044025	0.5658411949685535	4468	4990180	2087
ENSG00000135272	1.0017727996596066	0.1581125375517863	4.225101517698583	0.1135210911368934	0.017949107785301815	2627	1843	0.48388364779874216	0.6379716981132075	4470	4841561	2088
ENSG00000172673	1.0616619511300778	0.13956335492234265	2.8404166016012047	0.0763170282527916	0.010651060500662805	1096	3377	0.7847877358490566	0.3364779874213837	4473	3701192	2089
ENSG00000178662	1.000493333201721	0.14624363876118968	5.418828248883591	0.1455944414400154	0.021292260899590798	3084	1390	0.394064465408805	0.727004716981132	4474	4286760	2090
ENSG00000165863	1.0000599974159234	0.1301796809461451	8.359930391697462	0.22461671415907405	0.02924053218439973	3714	761	0.27024371069182385	0.85062893081761	4475	2826354	2091
ENSG00000180178	1.5333242578713047	0.07929423750309941	3.3275680235490683	0.08940593528538135	0.0070893754667057645	290	4189	0.9431996855345912	0.17688679245283023	4479	1214810	2092
ENSG00000278727	1.0607451653875137	0.1932234524526362	2.051822242595761	0.05512887650692306	0.0106521918485027	1103	3376	0.7834119496855346	0.3366745283018868	4479	3723728	2093
ENSG00000108700	1.0362393361057392	0.1551054820005197	2.834909492030922	0.0761690618465857	0.01181423905124207	1375	3104	0.7299528301886793	0.39013364779874216	4479	4268000	2094
ENSG00000148773	2.1881448075953682	0.16931284547876335	1.389644705842342	0.03733732376346751	0.006321688528954534	123	4358	0.9760220125786163	0.14367138364779874	4481	536034	2095
ENSG00000137747	1.0004036257322062	0.13459065077309	6.04459389773121	0.16240767041347262	0.021858554051490793	3156	1327	0.37991352201257866	0.7393867924528301	4483	4188012	2096
ENSG00000153162	1.0013894690056588	0.1806527517544504	3.799134805815032	0.1020761102959703	0.01844033021335782	2721	1763	0.46540880503144655	0.6536949685534591	4484	4797123	2097
ENSG00000171488	1.0086615634697658	0.18469024060794448	2.93447347755593	0.07884417207231427	0.0145617491105699	2008	2480	0.6055424528301887	0.5127751572327044	4488	4979840	2098
ENSG00000132746	1.0000418083382263	0.09325686189668132	12.316056050504034	0.3309108942115833	0.030859711561596948	3817	672	0.25	0.86812106918239	4489	2565024	2099
ENSG00000074590	1.0953324974502694	0.16191882962611012	2.257900920335858	0.060665850295388846	0.00982294347810217	913	3578	0.8207547169811321	0.29697327044025157	4491	3266714	2100
ENSG00000231817	1.048538073215939	0.17292678718396964	2.3969530105769548	0.06440193685873215	0.011136820029405425	1226	3268	0.7592374213836478	0.35790094339622647	4494	4006568	2101
ENSG00000162552	1.0577805940200042	0.0961987585245982	4.161621627806149	0.11181549747585298	0.0107565120409874	1135	3360	0.777122641509434	0.33981918238993714	4495	3813600	2102
ENSG00000272620	1.0018887432732109	0.13472298394820864	4.904055830566374	0.13176340652410676	0.017751559302108526	2613	1882	0.4866352201257862	0.6303066037735849	4495	4917666	2103
ENSG00000186265	1.7633021038509777	0.16578369201134557	1.4837968491040134	0.03986702724897428	0.006609302966851873	199	4298	0.9610849056603774	0.15546383647798745	4497	855302	2104
ENSG00000157551	1.0007327241725252	0.1750725594562117	4.267733141091766	0.11466652832562332	0.020074962597925072	2943	1553	0.42177672955974843	0.6949685534591195	4496	4570479	2105
ENSG00000158458	1.0140836952145829	0.18436245400143964	2.7351952085673097	0.07348991337800911	0.013548780774722989	1803	2693	0.6458333333333333	0.4709119496855346	4496	4855479	2106
ENSG00000153404	1.0001757752988478	0.136571711907895	6.623280591074965	0.17795597015954998	0.024303751488920017	3405	1094	0.3309748427672956	0.7851808176100629	4499	3725070	2107
ENSG00000169900	1.0009558404076468	0.0988528551012695	7.292368465872024	0.19593319160505984	0.019368555399264253	2857	1645	0.4386792452830188	0.6768867924528301	4502	4699765	2108
ENSG00000175318	1.0007038596172162	0.1613925662957075	4.636895022255823	0.12458526267563703	0.02010713526584588	2955	1549	0.41941823899371067	0.695754716981132	4504	4577295	2109
ENSG00000138378	1.0970722353052793	0.17556126397315383	2.0656746758438502	0.05550106717042235	0.009743837504298261	905	3600	0.8223270440251572	0.29264937106918243	4505	3258000	2110
ENSG00000121594	1.0413600416916475	0.14724035713278477	2.8842146614729174	0.0774938055504467	0.011410215604826352	1302	3203	0.7443003144654088	0.37067610062893086	4505	4170306	2111
ENSG00000145920	1.0275280446686663	0.07748083623658326	5.874661929404421	0.15784189551251712	0.012229722057477226	1495	3010	0.7063679245283019	0.40860849056603776	4505	4499950	2112
ENSG00000158966	1.002462714136967	0.16293641734286213	3.929365635179977	0.10557518500157026	0.01720204240446573	2525	1980	0.503930817610063	0.6110455974842768	4505	4999500	2113
ENSG00000126970	1.0001527867540747	0.14540706144690746	6.343973844930458	0.17045148619593373	0.024784849727008833	3447	1060	0.3227201257861635	0.7918632075471699	4507	3653820	2114
ENSG00000171522	1.0271741179003255	0.2012164213431604	2.263001670437149	0.06080289853309144	0.012234541650119956	1499	3009	0.7055817610062893	0.4088050314465409	4508	4510491	2115
ENSG00000140859	1.058861634067752	0.21925655056481685	1.799876956839634	0.048359547148557495	0.01060314749466934	1121	3389	0.779874213836478	0.3341194968553459	4510	3799069	2116
ENSG00000133083	1.0000929028089718	0.1370109974130137	7.290945542047616	0.19589496012956162	0.02683976387553379	3600	912	0.29264937106918243	0.8209512578616353	4512	3283200	2117
ENSG00000150556	1.0006072178207135	0.15491349687374428	4.902011565621084	0.1317084806989662	0.02040342131300491	3011	1502	0.4084119496855346	0.7049921383647799	4513	4522522	2118
ENSG00000135346	1.0000447011113336	0.11793566178082193	9.489922922567834	0.2549776379247159	0.03007095646796217	3800	714	0.25334119496855345	0.8598663522012578	4514	2713200	2119
ENSG00000228971	1.0003667050051224	0.1464060161267254	5.556266961715604	0.14928717937300567	0.021856541190797617	3187	1328	0.3738207547169812	0.739190251572327	4515	4232336	2120
ENSG00000275302	1.251155114915603	0.14496143635911185	2.0739751877937036	0.05572408741492891	0.008077843751468803	543	3973	0.8934748427672956	0.2193396226415094	4516	2157339	2121
ENSG00000214530	1.0201321815471094	0.17389649398943272	2.730156910438729	0.07335454311562996	0.012756097866004727	1638	2880	0.6782625786163522	0.43415880503144655	4518	4717440	2122
ENSG00000106003	1.0075453208016292	0.15980345314984704	3.4314174077247794	0.09219618668079461	0.014733268998838913	2082	2440	0.590998427672956	0.5206367924528301	4522	5080080	2123
ENSG00000144152	1.004746196135006	0.1264437136293892	4.587200414558869	0.12325005544671087	0.015584194715710249	2266	2256	0.5548349056603774	0.5568003144654088	4522	5112096	2124
ENSG00000206190	1.0000203707502389	0.1151605022386003	11.061561855815945	0.2972048284024328	0.03422625730656118	3990	533	0.21599842767295596	0.895440251572327	4523	2126670	2125
ENSG00000120457	1.0003339934987778	0.12315623583384946	6.638232956450547	0.17835771407633003	0.021965864697570794	3211	1312	0.36910377358490565	0.7423349056603774	4523	4212832	2126
ENSG00000130755	1.1684014054873966	0.17183314926447507	1.8663578902712208	0.050145773602842496	0.008616706200479808	685	3840	0.8655660377358491	0.24547955974842772	4525	2630400	2127
ENSG00000253293	1.0049747428641418	0.12809860601539202	4.471384979999499	0.12013829719744763	0.01538954840005592	2242	2285	0.5595518867924528	0.5511006289308176	4527	5122970	2128
ENSG00000115607	1.0991856853620705	0.1646669006480941	2.158372371021431	0.057991692178686306	0.009549312214402594	901	3627	0.8231132075471699	0.2873427672955975	4528	3267927	2129
ENSG00000108878	1.0184307928458642	0.12886922963717912	3.7312732949388563	0.10025279013937964	0.012919499834239642	1682	2846	0.6696147798742138	0.44084119496855345	4528	4786972	2130
ENSG00000164647	1.013855877387907	0.10821888610099004	4.630822755979037	0.12442211149677732	0.013464822312514427	1812	2716	0.644064465408805	0.46639150943396224	4528	4921392	2131
ENSG00000128510	1.0015485114925888	0.15551082312531112	4.280083814964478	0.11499836934019615	0.017883491074162445	2676	1853	0.4742531446540881	0.6360062893081762	4529	4958628	2132
ENSG00000099769	1.0079418008548648	0.18058545762437242	3.0057406711446752	0.08075899696931825	0.014583900424989641	2054	2475	0.596501572327044	0.5137578616352201	4529	5083650	2133
ENSG00000180044	1.0787782532809185	0.14176252050223553	2.628986411676221	0.07063626868783833	0.010013575488061099	999	3531	0.8038522012578616	0.3062106918238994	4530	3527469	2134
ENSG00000150337	1.0917033182220124	0.11796284199373908	3.088913428667355	0.08299370355501513	0.009790173138935472	941	3591	0.815251572327044	0.29441823899371067	4532	3379131	2135
ENSG00000122691	1.0003332763666988	0.14689422053266277	5.545719926509814	0.14900379897615484	0.02188779690700784	3215	1322	0.3683176100628931	0.7403694968553459	4537	4250230	2136
ENSG00000100450	1.4995923557949915	0.14242948725440416	1.8085154268584152	0.04859164773553216	0.006920883471818474	314	4224	0.9384827044025157	0.17000786163522008	4538	1326336	2137
ENSG00000164342	1.0012982068577965	0.14064592372859663	4.8381952436017865	0.12999384769485317	0.018283104788077126	2752	1785	0.45931603773584906	0.64937106918239	4537	4912320	2138
ENSG00000173894	1.0098171459676146	0.18266919068813692	2.873203476840301	0.07719795426995835	0.014101687829273095	1959	2579	0.6151729559748428	0.4933176100628931	4538	5052261	2139
ENSG00000164379	1.0008883924152832	0.16222542678162843	4.409715505687329	0.11848134623794276	0.01922068695911215	2877	1665	0.43474842767295596	0.6729559748427674	4542	4790205	2140
ENSG00000152076	1.018023985061504	0.1524801396774651	3.1415099513737355	0.08440688016689617	0.012870372877587386	1689	2855	0.6682389937106918	0.4390723270440252	4544	4822095	2141
ENSG00000158859	1.0001525598550751	0.13957041056014224	6.474527162201218	0.17395922558776505	0.02427956053600877	3449	1096	0.3223270440251572	0.7847877358490566	4545	3780104	2142
ENSG00000162896	1.0000164312616453	0.12561838152186194	10.519201564447552	0.2826325555688559	0.03550384419594739	4058	488	0.20263364779874216	0.9042845911949685	4546	1980304	2143
ENSG00000150054	1.0010073950245584	0.15142457080095706	4.638646913258384	0.12463233292408682	0.018872397520951836	2834	1713	0.4431996855345912	0.6635220125786163	4547	4854642	2144
ENSG00000156113	1.0001146444324502	0.13328689183398842	7.0983395590143745	0.19071997409387995	0.02542047255763205	3537	1012	0.30503144654088055	0.8012971698113207	4549	3579444	2145
ENSG00000154310	1.0378147468594017	0.10652093246927236	3.98797178121361	0.10714982968577423	0.011413699772052392	1352	3199	0.7344732704402516	0.3714622641509434	4551	4325048	2146
ENSG00000169684	1.1999215148601305	0.1746293907015918	1.7671538941131306	0.04748033566204223	0.008291462086969495	633	3920	0.8757861635220126	0.22975628930817615	4553	2481360	2147
ENSG00000159388	1.004063914212332	0.1778079048839459	3.313161380859821	0.08901885398310923	0.015828255921906554	2342	2211	0.5398977987421384	0.5656446540880503	4553	5178162	2148
ENSG00000115257	1.0612627375760935	0.18710708644729526	2.043905378487936	0.054916164209209486	0.010275203484046421	1099	3459	0.7841981132075472	0.32036163522012584	4558	3801441	2149
ENSG00000165118	1.0067569073195026	0.16972806403162016	3.245571609065792	0.08720283498058093	0.014800768359322846	2130	2428	0.581564465408805	0.522995283018868	4558	5171640	2150
ENSG00000006756	1.0002855330225	0.14041740719307338	5.856253959127782	0.15734730553339688	0.02209430067181592	3263	1298	0.35888364779874216	0.7450864779874213	4561	4235374	2151
ENSG00000254122	1.025555689848354	0.1710782763881525	2.638613575152188	0.07089493373949853	0.012128583068805687	1525	3037	0.7004716981132075	0.4033018867924528	4562	4631425	2152
ENSG00000116852	1.0007009918716976	0.15565793896305197	4.686319347165987	0.12591320787861107	0.019599390426610918	2958	1607	0.41882861635220126	0.6843553459119497	4565	4753506	2153
ENSG00000147650	1.0040024230391003	0.17034492165075965	3.4486560584158963	0.0926593590869453	0.0157840512638753	2348	2218	0.5387185534591195	0.5642688679245282	4566	5207864	2154
ENSG00000158220	1.031786059882295	0.18582830107299048	2.333998859935134	0.06271046889221837	0.01165337989373156	1435	3133	0.7181603773584906	0.38443396226415094	4568	4495855	2155
ENSG00000150681	1.0457317508011545	0.1468539134562661	2.7704809531383554	0.07443797964541202	0.010931508620706635	1250	3319	0.7545204402515724	0.347877358490566	4569	4148750	2156
ENSG00000129654	1.0034415149838187	0.08328834290082504	7.167645445897123	0.19258210210859927	0.016039844156982716	2396	2174	0.5292845911949686	0.5729166666666667	4570	5208904	2157
ENSG00000133256	1.0101532038267471	0.11983665898449727	4.282546910358985	0.11506454840727592	0.013788951048687903	1941	2631	0.6187106918238994	0.4830974842767296	4572	5106771	2158
ENSG00000166828	1.0094522021372903	0.07201215563665343	7.2483488993167136	0.1947504628100713	0.014024400638189142	1977	2595	0.6116352201257862	0.4901729559748428	4572	5130315	2159
ENSG00000140092	1.0031651427359893	0.19852121670366593	3.05631834659247	0.08211793068486334	0.016302151512746374	2436	2136	0.5214229559748428	0.5803852201257862	4572	5203296	2160
ENSG00000149534	1.0103470853371448	0.11514587059911918	4.440014626692603	0.1192954306481278	0.01373637622047552	1932	2643	0.6204795597484276	0.48073899371069184	4575	5106276	2161
ENSG00000233593	1.0055976055525888	0.18773287478696818	2.9730298506909714	0.07988011441127024	0.01499612351673969	2207	2368	0.566430817610063	0.5347877358490566	4575	5226176	2162
ENSG00000139209	1.0454494949684197	0.160016130387826	2.538451551265366	0.06820375526852414	0.010913700995987532	1252	3325	0.754127358490566	0.3466981132075472	4577	4162900	2163
ENSG00000108018	1.0000198011444197	0.13057051138395875	9.354379407221625	0.2513358206348409	0.032817046629398106	3998	580	0.21442610062893086	0.8862028301886793	4578	2318840	2164
ENSG00000197506	1.0000417522409102	0.15382493821703777	7.07999982361292	0.1902272174665625	0.029261689973992984	3818	760	0.24980345911949686	0.8508254716981132	4578	2901680	2165
ENSG00000170477	1.0008119102240716	0.12903197189390053	5.540269989102875	0.14885736868602525	0.0192073598124952	2911	1668	0.42806603773584906	0.6723663522012578	4579	4855548	2166
ENSG00000163235	1.0012435349641524	0.151429686263111	4.448817363708667	0.11953194480213537	0.018100684899806863	2765	1815	0.45676100628930816	0.6434748427672956	4580	5018475	2167
ENSG00000132334	1.0005026665812362	0.15269764441469152	4.96860693333485	0.13349778180235064	0.020384796815805416	3078	1504	0.39524371069182385	0.7045990566037736	4582	4629312	2168
ENSG00000117154	1.0000224711648769	0.11367704281291958	10.437696545984819	0.2804426582160316	0.031879892064592796	3971	612	0.2197327044025157	0.8799135220125787	4583	2430252	2169
ENSG00000184785	1.0000757504376685	0.17480779965187335	5.678364566636001	0.15256772855690193	0.02667002892691631	3659	924	0.28105345911949686	0.8185927672955975	4583	3380916	2170
ENSG00000123572	1.000152653628585	0.13995800763765062	6.351332477665214	0.17064919979259546	0.023883722007931044	3448	1138	0.32252358490566035	0.7765330188679245	4586	3923824	2171
ENSG00000108798	1.0881813473541135	0.15440863774198696	2.300995745986259	0.06182373291896483	0.009546118380141794	959	3628	0.8117138364779874	0.28714622641509435	4587	3479252	2172
ENSG00000110811	1.0004374910262805	0.10379535425210754	7.463713743981391	0.2005369396690176	0.020814802693579198	3133	1457	0.38443396226415094	0.7138364779874213	4590	4564781	2173
ENSG00000101331	1.021243606535919	0.1538044232427113	2.9861175478488415	0.08023175795299511	0.012339999257709228	1606	2987	0.6845518867924528	0.41312893081761004	4593	4797122	2174
ENSG00000222009	1.0301775518813028	0.17797091059572734	2.4352621894207833	0.06543123751924708	0.011644856922705723	1456	3138	0.7140330188679245	0.38345125786163525	4594	4568928	2175
ENSG00000163637	1.0027969880556777	0.17569998959933222	3.491556042850577	0.0938120066676911	0.016482768595805813	2486	2108	0.5115959119496856	0.5858883647798743	4594	5240488	2176
ENSG00000138356	1.0001168217006764	0.15539095167444347	5.933404380017201	0.15942020246246474	0.024772456976774854	3534	1061	0.30562106918238996	0.7916666666666666	4595	3749574	2177
ENSG00000149573	1.005240957821296	0.17512993719208367	3.1874728429777783	0.08564182270847558	0.014998447031950893	2229	2366	0.5621069182389937	0.535180817610063	4595	5273814	2178
ENSG00000167261	1.042825292090497	0.15657612763582146	2.6025331336794797	0.06992551535569748	0.010948666417334283	1283	3314	0.7480345911949686	0.3488600628930818	4597	4251862	2179
ENSG00000171848	1.5178532482768223	0.17311184424679615	1.4206689543720432	0.03817089108251082	0.006607833351837034	300	4299	0.9412342767295597	0.1552672955974843	4599	1289700	2180
ENSG00000086730	1.1232058061828372	0.13428442768189827	2.428425469924631	0.06524754681885822	0.008761729482218239	802	3798	0.8425707547169812	0.2537342767295597	4600	3045996	2181
ENSG00000223547	1.0014828561114544	0.17204371245298547	3.817746534920598	0.10257617491859718	0.017647585942222273	2697	1904	0.47012578616352196	0.6259827044025157	4601	5135088	2182
ENSG00000070882	1.0030458259991408	0.17445209025740926	3.461626766512749	0.0930078593371298	0.01622541547172939	2454	2147	0.5178852201257862	0.5782232704402516	4601	5268738	2183
ENSG00000154080	1.0004933948143342	0.14036546585848964	5.37299942525084	0.14436310107043682	0.020263593934528087	3083	1520	0.39426100628930816	0.7014544025157232	4603	4686160	2184
ENSG00000198483	1.0010405870921195	0.16856968279601073	4.04335643592181	0.10863791853011982	0.018313059466241153	2824	1781	0.4451650943396226	0.6501572327044025	4605	5029544	2185
ENSG00000136231	1.0129326895184583	0.17523556086429326	2.817801822371496	0.07570940867176557	0.013266980691300827	1843	2762	0.6379716981132075	0.45735062893081757	4605	5090366	2186
ENSG00000196154	1.006588374650043	0.1630605396586459	3.3372399379241573	0.08966580271546402	0.01462095417970924	2141	2464	0.5794025157232705	0.5159198113207547	4605	5275424	2187
ENSG00000276566	1.041348036344359	0.12945078205404056	3.159488822849655	0.08488994101142425	0.01098906925245024	1303	3303	0.7441037735849056	0.3510220125786163	4606	4303809	2188
ENSG00000212766	1.0006924754450757	0.15561627972376554	4.6271502150153125	0.12432343674169734	0.019346750708215843	2964	1649	0.41764937106918243	0.6761006289308176	4613	4887636	2189
ENSG00000142347	1.723231695565852	0.1565979334402602	1.4492806260424045	0.038939636679193944	0.006097866632876328	216	4400	0.9577437106918238	0.13541666666666663	4616	950400	2190
ENSG00000168143	1.0002221422450404	0.14930815301442993	5.564202116713154	0.14950038311494865	0.02232162607784265	3339	1277	0.34394654088050314	0.7492138364779874	4616	4263903	2191
ENSG00000215386	1.0033050458411779	0.18502070632367584	3.1891735752880037	0.08568751841230181	0.01585396517976706	2412	2205	0.5261399371069182	0.5668238993710693	4617	5318460	2192
ENSG00000174705	1.0280456374592368	0.19560787160973656	2.219477808171365	0.059633488445734545	0.011664779751533952	1487	3131	0.707940251572327	0.3848270440251572	4618	4655797	2193
ENSG00000109654	1.0161697900957996	0.1628240509186532	2.921992784170433	0.07850883766074293	0.012783126980837086	1746	2873	0.6570361635220126	0.4355345911949685	4619	5016258	2194
ENSG00000103490	1.0010612820337945	0.1176890947341738	5.738973034417029	0.15419617212584727	0.018147207908965807	2816	1804	0.4467374213836478	0.6456367924528301	4620	5080064	2195
ENSG00000283526	1.002025922315597	0.16886612932891637	3.711847591054938	0.09973085543751103	0.0168411635323942	2588	2032	0.49154874213836475	0.6008254716981132	4620	5258816	2196
ENSG00000092969	1.001036571170406	0.1597629440285522	4.235325126251968	0.11379578162503319	0.018180349090445528	2825	1796	0.44496855345911945	0.6472091194968553	4621	5073700	2197
ENSG00000158270	1.00004651306662	0.12505906042575465	8.355025330748013	0.2244849237467628	0.028073873643517332	3784	839	0.25648584905660377	0.8352987421383647	4623	3174776	2198
ENSG00000156970	2.5292048374451377	0.1704543220171335	1.1849628761014734	0.031837880838665136	0.0054269043928169515	92	4533	0.9821147798742138	0.10927672955974843	4625	417036	2199
ENSG00000198944	1.0003193733486155	0.14371649272902398	5.504736180489891	0.14790263737149992	0.021256048308404638	3224	1400	0.36654874213836475	0.7250393081761006	4624	4513600	2200
ENSG00000135111	1.0007125073303917	0.15426466641479109	4.612237339222995	0.1239227538409809	0.01911690228248119	2954	1673	0.4196147798742138	0.6713836477987422	4627	4942042	2201
ENSG00000133800	1.0022835673701118	0.13388034147489578	4.621969798335395	0.12418424800230622	0.016625829528351902	2550	2079	0.4990172955974843	0.5915880503144655	4629	5301450	2202
ENSG00000029153	1.0043163135472395	0.1860746023027944	3.0395250447102016	0.08166672402261378	0.015196103193879925	2312	2317	0.5457940251572326	0.5448113207547169	4629	5356904	2203
ENSG00000160883	1.0582372799133293	0.15974921988257723	2.3645682317169374	0.0635318144682958	0.010149157799034888	1131	3501	0.7779088050314465	0.3121069182389937	4632	3959631	2204
ENSG00000140538	1.0000197576950838	0.13987171630342388	8.363110631750626	0.22470216164936513	0.03142947700698609	3999	634	0.21422955974842772	0.8755896226415094	4633	2535366	2205
ENSG00000175463	1.2398070023318166	0.14458606345192163	1.956874171165697	0.05257778782303372	0.007602015366342825	565	4069	0.8891509433962264	0.20047169811320753	4634	2298985	2206
ENSG00000111057	1.0866718856386541	0.1595493181486393	2.1788499416228784	0.05854188870030156	0.009340318425266645	966	3668	0.8103380503144654	0.2792845911949685	4634	3543288	2207
ENSG00000090376	1.0000651563667597	0.1642438144720794	5.991770899625212	0.1609884088035454	0.026441350347684783	3692	943	0.2745676100628931	0.8148584905660378	4635	3481556	2208
ENSG00000110436	1.0007385390000405	0.15907391227776643	4.433282558149007	0.11911455173587536	0.018948017753838108	2939	1698	0.422562893081761	0.6664701257861636	4637	4990422	2209
ENSG00000142089	1.008148259043817	0.10240457999262603	5.09900257550293	0.13700128473983259	0.014029559022232721	2044	2593	0.5984669811320755	0.49056603773584906	4637	5300092	2210
ENSG00000184867	1.0000359107985815	0.10220665965625864	10.606901423942222	0.28498889746991635	0.029127763249520128	3866	773	0.24036949685534592	0.8482704402515724	4639	2988418	2211
ENSG00000147251	1.057285132560216	0.19091493198567996	1.9760511233614948	0.05309303900192913	0.010136253929966354	1138	3502	0.7765330188679245	0.3119103773584906	4640	3985276	2212
ENSG00000129595	1.0109522930431616	0.14713144124453442	3.3936734401313102	0.09118207225843156	0.013415749707046315	1913	2728	0.6242138364779874	0.4640330188679245	4641	5218664	2213
ENSG00000196209	1.002876200232288	0.1177107016324247	5.087368930934753	0.1366887090491075	0.016089723847400803	2471	2170	0.5145440251572326	0.5737028301886793	4641	5362070	2214
ENSG00000102109	1.0001307362495717	0.1320152798716593	6.731800089786959	0.1808716993679039	0.02387782801291646	3503	1139	0.31171383647798745	0.7763364779874213	4642	3989917	2215
ENSG00000196739	1.000457790007134	0.1403711213579256	5.357670327631806	0.14395123501690715	0.02020659628018154	3112	1531	0.38856132075471694	0.6992924528301887	4643	4764472	2216
ENSG00000157150	1.0019564130935745	0.1275870311093037	4.903795252982092	0.13175640525997864	0.01681040857675492	2601	2042	0.48899371069182385	0.5988600628930818	4643	5311242	2217
ENSG00000156284	1.0000560838285029	0.12590185974082477	7.963751968945032	0.21397209256895258	0.02693948438706704	3744	902	0.2643474842767296	0.8229166666666666	4646	3377088	2218
ENSG00000280027	1.5575700388108775	0.08728975361769044	2.679698578254649	0.07199881594493593	0.006284758904598899	278	4369	0.945558176100629	0.14150943396226412	4647	1214582	2219
ENSG00000136155	1.004583049488624	0.14947335559660813	3.744178686181492	0.10059953543988322	0.015036950133659245	2290	2356	0.5501179245283019	0.5371462264150944	4646	5395240	2220
ENSG00000188175	1.0000952571722317	0.150426327371657	6.1654929322488385	0.16565601610607836	0.02491902610985743	3596	1052	0.293435534591195	0.793435534591195	4648	3782992	2221
ENSG00000087586	1.5707856994260634	0.18887458342953467	1.2342237304298742	0.033161433872898896	0.00626335200866984	274	4375	0.9463443396226415	0.1403301886792453	4649	1198750	2222
ENSG00000116741	1.006049835279772	0.19741852049625175	2.7500493530517485	0.07388901827116139	0.014587060668013194	2175	2474	0.5727201257861636	0.5139544025157232	4649	5380950	2223
ENSG00000129993	1.0000226167352624	0.11503156793185637	9.88770349037845	0.26566530635155905	0.030559896734716797	3968	682	0.2203223270440252	0.8661556603773585	4650	2706176	2224
ENSG00000160183	1.0000108122675797	0.11164911689213852	11.80166883579835	0.31709020904327434	0.03540284181482518	4159	492	0.18278301886792447	0.903498427672956	4651	2046228	2225
ENSG00000138738	1.0016864281031694	0.1496845746776687	4.234324895435757	0.11376890717168113	0.017029450481536264	2651	2005	0.47916666666666663	0.6061320754716981	4656	5315255	2226
ENSG00000253522	1.0045265657232496	0.17703212472046567	3.1557823615058975	0.08479035487503497	0.015010616679329736	2295	2361	0.5491352201257862	0.5361635220125787	4656	5418495	2227
ENSG00000243710	1.0561624087944361	0.1809582203567238	2.08280339507623	0.0559612859104673	0.010126654707231965	1151	3507	0.7739779874213837	0.3109276729559748	4658	4036557	2228
ENSG00000133392	1.0474087445212952	0.18859639626900876	2.069489959605003	0.05560357717491541	0.010486634274854757	1240	3420	0.7564858490566038	0.32802672955974843	4660	4240800	2229
ENSG00000130612	1.007900842157155	0.1354545403235331	3.835654721328162	0.10305733657891554	0.013959584153264638	2057	2603	0.5959119496855345	0.48860062893081757	4660	5354371	2230
ENSG00000100842	1.0000406651368405	0.11967243491894555	8.745956224462393	0.23498855340576105	0.0281216523641481	3827	834	0.2480345911949685	0.8362814465408805	4661	3191718	2231
ENSG00000100095	1.000112233188769	0.12115175469601776	7.409877449980395	0.19909045256991267	0.02412015767206922	3546	1115	0.3032625786163522	0.7810534591194969	4661	3953790	2232
ENSG00000251169	1.006466752391307	0.1795329342552905	2.988561323089034	0.08029741792130543	0.014416031052535312	2150	2511	0.5776336477987422	0.5066823899371069	4661	5398650	2233
ENSG00000150630	1.0059583145637414	0.15193606280075797	3.5677868879229697	0.09586019620222783	0.014564620790274667	2182	2479	0.5713443396226415	0.5129716981132075	4661	5409178	2234
ENSG00000112183	1.0001337067429177	0.1208986820430903	7.229868410530958	0.19425392438539343	0.023485043439892186	3492	1172	0.31387578616352196	0.7698506289308176	4664	4092624	2235
ENSG00000282851	1.0486487911294327	0.11039112994149262	3.50288080484887	0.0941162832237754	0.010389602850966111	1224	3440	0.7596305031446541	0.32409591194968557	4664	4210560	2236
ENSG00000095917	1.0151597274089152	0.11770137792646833	4.019323967406685	0.10799220811650685	0.012710831700634794	1769	2895	0.6525157232704403	0.4312106918238994	4664	5121255	2237
ENSG00000224259	1.0008707704651223	0.15426758874597205	4.416381866285737	0.1186604596925836	0.01830546299626348	2883	1782	0.43356918238993714	0.6499606918238994	4665	5137506	2238
ENSG00000180875	1.001398602545848	0.16952271090343676	3.816737664621458	0.10254906833744303	0.017384396065185135	2716	1950	0.46639150943396224	0.6169418238993711	4666	5296200	2239
ENSG00000221963	1.0099318033555256	0.12033922934681464	4.165351826491156	0.11191572139310221	0.013467851664238736	1953	2713	0.6163522012578616	0.46698113207547165	4666	5298489	2240
ENSG00000125398	1.0019099831604785	0.13611311594641523	4.577060539909616	0.12297761474218513	0.016738866334216628	2607	2059	0.487814465408805	0.5955188679245282	4666	5367813	2241
ENSG00000145832	1.0005850601991284	0.11304905831148285	6.375047512545789	0.1712863813194097	0.019363764109740833	3024	1646	0.4058569182389937	0.676690251572327	4670	4977504	2242
ENSG00000233276	1.000787590620698	0.11132501055912941	6.198765918058404	0.16655000306441817	0.018541180849769388	2919	1752	0.42649371069182385	0.6558569182389937	4671	5114088	2243
ENSG00000072694	1.007770893882463	0.12501239316656523	4.135799508830969	0.1111217022831813	0.01389158993516307	2066	2611	0.5941430817610063	0.48702830188679247	4677	5394326	2244
ENSG00000130208	1.0039478698271833	0.1169188437983898	4.832593896958869	0.129843349303258	0.015181134275447386	2355	2322	0.5373427672955975	0.5438286163522013	4677	5468310	2245
ENSG00000157502	1.0000536073109794	0.13247222009610912	7.503341090156631	0.20160165718120723	0.026706619101849224	3755	923	0.262185534591195	0.8187893081761006	4678	3465865	2246
ENSG00000169313	1.0076783756333403	0.16280544472159142	3.1862422500788083	0.0856087588286963	0.013937572053169367	2073	2605	0.5927672955974843	0.4882075471698113	4678	5400165	2247
ENSG00000136040	1.1926034593958188	0.1760312293413647	1.656704049365819	0.044512741430497	0.007835632595364683	650	4030	0.8724449685534591	0.20813679245283023	4680	2619500	2248
ENSG00000166780	1.0013489872927455	0.16511472306919403	3.9260020046980895	0.10548481013107647	0.017417095212799202	2734	1946	0.46285377358490565	0.6177279874213837	4680	5320364	2249
ENSG00000170458	1.0071293246243105	0.13976287593367095	3.758602772858306	0.10098708543160435	0.01411424549208035	2105	2575	0.5864779874213837	0.49410377358490565	4680	5420375	2250
ENSG00000196747	1.2240858483045836	0.08686342783235344	3.1978727890124428	0.08592125107645074	0.007463414392144799	585	4096	0.8852201257861635	0.1951650943396226	4681	2396160	2251
ENSG00000244586	1.0777414454763559	0.14827982950198296	2.339022077833076	0.06284543397516468	0.009318710234815545	1005	3676	0.8026729559748428	0.2777122641509434	4681	3694380	2252
ENSG00000204677	1.0016493396990054	0.16244851357279805	3.877624078189037	0.10418497982374705	0.016924695108979666	2657	2025	0.4779874213836478	0.6022012578616351	4682	5380425	2253
ENSG00000168062	1.0368805905746	0.12562350548100693	3.240679935834474	0.08707140427285043	0.010938215031909395	1366	3317	0.7317216981132075	0.3482704402515723	4683	4531022	2254
ENSG00000164659	1.0006424304987709	0.14667471833765716	4.81608035227263	0.12939965922777294	0.018979658570222414	2989	1694	0.41273584905660377	0.6672562893081762	4683	5063366	2255
ENSG00000129465	1.0001075762376541	0.13963996029448533	6.405876288464835	0.1721146966311448	0.024034089403670446	3559	1126	0.3007075471698113	0.7788915094339622	4685	4007434	2256
ENSG00000101082	2.153852157087486	0.16522835411726836	1.1852269292103204	0.031844975484062135	0.0052616928861363476	129	4558	0.9748427672955975	0.10436320754716977	4687	587982	2257
ENSG00000104870	1.0002397615495935	0.12603886812195358	6.34859168159029	0.17057555939373029	0.021499150435254834	3311	1375	0.3494496855345912	0.7299528301886793	4686	4552625	2258
ENSG00000107611	1.0045597632408685	0.19171371256870617	2.896057417909492	0.07781199971149036	0.01491762734708491	2292	2395	0.5497248427672956	0.5294811320754718	4687	5489340	2259
ENSG00000162520	1.0031170662421152	0.17201529849955333	3.3768862204169263	0.09073102901339974	0.01560712503891159	2440	2250	0.5206367924528301	0.5579795597484276	4690	5490000	2260
ENSG00000213967	1.0930582592530926	0.09387568586916736	3.5423848756151397	0.09517768854124543	0.008934870791251406	928	3764	0.8178066037735849	0.26041666666666663	4692	3492992	2261
ENSG00000123364	1.08730432628083	0.07760097999561942	4.3597136857649845	0.11713788475361211	0.009090014651494227	963	3729	0.8109276729559749	0.2672955974842768	4692	3591027	2262
ENSG00000269404	1.0204461728866885	0.17710114945513813	2.5229046206624814	0.06778603642355059	0.01200498496761867	1628	3064	0.6802279874213837	0.3979952830188679	4692	4988192	2263
ENSG00000149050	1.0008423157298083	0.14858962336763545	4.5671205921008236	0.12271054572233528	0.01823351377211881	2901	1791	0.43003144654088055	0.6481918238993711	4692	5195691	2264
ENSG00000112414	1.0015007666554754	0.17765622176066656	3.5709425357893676	0.09594498294345445	0.017045223166625715	2691	2001	0.4713050314465409	0.6069182389937107	4692	5384691	2265
ENSG00000136573	1.1199127400349773	0.13032883287804775	2.421544748289954	0.06506267385793509	0.008479542347829747	817	3877	0.839622641509434	0.2382075471698113	4694	3167509	2266
ENSG00000189233	1.255600585145462	0.16341501916229578	1.6407815749458257	0.044084932379712	0.00720414006959915	535	4162	0.8950471698113207	0.18219339622641506	4697	2226670	2267
ENSG00000135447	1.0000528985663848	0.12852455112219038	7.6669527529614125	0.20599761652242493	0.026475751195785772	3758	939	0.26159591194968557	0.8156446540880503	4697	3528762	2268
ENSG00000166509	1.0000012256186133	0.09008290335284133	22.88169273371262	0.6147910802401435	0.055382165463461766	4555	144	0.10495283018867929	0.9718946540880503	4699	655920	2269
ENSG00000111341	1.0000120046747907	0.0803576421927732	15.309621157006738	0.4113427550452195	0.0330545339285133	4129	570	0.18867924528301883	0.8881682389937107	4699	2353530	2270
ENSG00000088827	1.0223195659973798	0.11752662195324383	3.7252078390859666	0.10008982194470352	0.011763218665062658	1584	3116	0.688875786163522	0.3877751572327044	4700	4935744	2271
ENSG00000124343	1.0009695533223055	0.13705344953461118	4.8542257633179595	0.13042455973385353	0.017875135815557577	2849	1855	0.44025157232704404	0.6356132075471699	4704	5284895	2272
ENSG00000197380	1.1585123151860108	0.18453727741256903	1.603757940396172	0.043090172046895275	0.007951743032773241	705	4000	0.8616352201257862	0.21403301886792447	4705	2820000	2273
ENSG00000278962	1.005436938430462	0.1539134467500049	3.507563113165869	0.0942420886622858	0.014505124694931966	2216	2493	0.5646619496855345	0.5102201257861636	4709	5524488	2274
ENSG00000235649	1.0033464213869403	0.1326923726089402	4.2913093502653386	0.11529997984839609	0.01529942788784667	2410	2299	0.5265330188679245	0.5483490566037736	4709	5540590	2275
ENSG00000160161	1.0308626654457893	0.14178044722991293	2.929362559276352	0.07870685063343788	0.011159092482866778	1450	3262	0.7152122641509434	0.3590801886792453	4712	4729900	2276
ENSG00000145623	1.0013697044688634	0.15498989360435414	4.124611866973715	0.11082110990556288	0.017176152033379626	2727	1985	0.4642295597484277	0.610062893081761	4712	5413095	2277
ENSG00000259337	1.5102059588577312	0.14317193583929264	1.5731689307726424	0.04226829883634305	0.006051634169032955	306	4410	0.9400550314465409	0.13345125786163525	4716	1349460	2278
ENSG00000130558	1.000013137793298	0.10378999948116033	11.441933292059968	0.3074247439000488	0.031907614009881916	4106	610	0.19319968553459121	0.8803066037735849	4716	2504660	2279
ENSG00000132704	1.4994218044502599	0.15384126587506655	1.4663407159180712	0.03939801146840707	0.006061039957260133	315	4406	0.9382861635220126	0.1342374213836478	4721	1387890	2280
ENSG00000186517	1.2117426207914688	0.16490808921120437	1.672347004812046	0.044933040295133224	0.00740982181752047	610	4113	0.8803066037735849	0.19182389937106914	4723	2508930	2281
ENSG00000102760	1.0005051827147935	0.15495864798320289	4.648817330953416	0.12490559426685495	0.01935520201313034	3077	1647	0.3954402515723271	0.6764937106918238	4724	5067819	2282
ENSG00000171992	1.0073835924474024	0.18463010130223936	2.7730155689384595	0.07450608034075279	0.013756065160945971	2089	2636	0.5896226415094339	0.4821147798742138	4725	5506604	2283
ENSG00000133116	1.001272184882148	0.16013902094309523	4.00543014425411	0.10761890537863499	0.01723398614230221	2756	1973	0.4585298742138365	0.6124213836477987	4729	5437588	2284
ENSG00000184564	1.0000132091265157	0.10757775785575924	10.937162120758984	0.293862425006526	0.03161306080025826	4104	627	0.1935927672955975	0.8769654088050315	4731	2573208	2285
ENSG00000138778	2.110321715726763	0.1725122970368117	1.0877123760451544	0.02922492992286907	0.005041659791733996	133	4599	0.9740566037735849	0.0963050314465409	4732	611667	2286
ENSG00000154553	1.0000799021152074	0.13801376595938156	6.543993397567465	0.17582566188590257	0.02426636174917431	3635	1098	0.2857704402515723	0.7843946540880503	4733	3991230	2287
ENSG00000011201	1.000251276210737	0.13785927727654199	5.6689315223457	0.15231427914838666	0.020997936442294054	3294	1439	0.35279088050314467	0.717374213836478	4733	4740066	2288
ENSG00000132329	1.0000936802765266	0.12075035194182604	7.375481368209007	0.1981662899865604	0.023928649258883126	3599	1136	0.29284591194968557	0.7769261006289307	4735	4088464	2289
ENSG00000163536	1.0000452948858987	0.13031395288160685	7.556068221636132	0.2030183430224818	0.026456122786733594	3796	940	0.254127358490566	0.8154481132075472	4736	3568240	2290
ENSG00000196368	1.0004712564230465	0.16966245061800245	4.261680140121575	0.11450389477187076	0.01942701139230147	3099	1637	0.39111635220125784	0.6784591194968553	4736	5073063	2291
ENSG00000105289	1.0074639895313235	0.15032571518329116	3.394742515514202	0.091210796444931	0.013711328208021845	2087	2652	0.5900157232704403	0.4789701257861635	4739	5534724	2292
ENSG00000169442	1.1331826817278603	0.15441586010472252	1.9573390694952038	0.05259027882837696	0.008120773138431008	781	3960	0.8466981132075472	0.2218946540880503	4741	3092760	2293
ENSG00000142583	1.0041184030123036	0.1588552418904279	3.483216181412637	0.09358792917123342	0.014866933126520519	2334	2407	0.5414701257861636	0.5271226415094339	4741	5617938	2294
ENSG00000197343	1.000042285711686	0.12267393018663503	8.071272665271804	0.21686098570339787	0.026603189420383488	3814	929	0.2505896226415094	0.8176100628930818	4743	3543206	2295
ENSG00000239998	1.0212201768706721	0.1552696550541067	2.792464505822296	0.0750286392727115	0.011649670939052918	1607	3136	0.6843553459119497	0.38384433962264153	4743	5039552	2296
ENSG00000249203	1.000049246533843	0.15096256765550656	6.40082511369809	0.17197898039601006	0.025962388463357706	3774	970	0.25845125786163525	0.8095518867924528	4744	3660780	2297
ENSG00000124143	1.000009141687537	0.12806811623617437	9.797631480493841	0.2632452289166946	0.03371332057552157	4194	551	0.17590408805031443	0.8919025157232704	4745	2310894	2298
ENSG00000184371	1.0043384234850197	0.1304203820227903	4.21380404296555	0.11321754774192097	0.014765875828184833	2311	2434	0.5459905660377358	0.5218160377358491	4745	5624974	2299
ENSG00000165152	1.0003900937357242	0.16208737362811343	4.558765792175099	0.12248606685482744	0.019853444882536497	3165	1582	0.3781446540880503	0.6892688679245282	4747	5007030	2300
ENSG00000163599	1.0215488623316993	0.12768367896778746	3.377997986728555	0.09076090023051882	0.011588685647860952	1600	3149	0.6857311320754718	0.3812893081761006	4749	5038400	2301
ENSG00000204049	1.0007021732394923	0.1443314877289837	4.701318282910406	0.12631620305978392	0.018231405511895015	2957	1792	0.4190251572327044	0.647995283018868	4749	5298944	2302
ENSG00000122223	1.1418388825938006	0.16763478553930883	1.7670749090175284	0.047478213470611146	0.007959000132935422	753	3997	0.8522012578616353	0.214622641509434	4750	3009741	2303
ENSG00000019505	1.000002340277386	0.10139954614317187	16.194808062554902	0.43512617964625805	0.04412159713114284	4453	298	0.125	0.941627358490566	4751	1326994	2304
ENSG00000079435	1.0706503348291871	0.14523929199617885	2.348804258738482	0.06310826407414064	0.009165799593236075	1040	3712	0.7957940251572327	0.27063679245283023	4752	3860480	2305
ENSG00000121904	1.0053698423181041	0.13289445840736092	3.999466476594062	0.10745867205474667	0.014280662023889768	2221	2532	0.5636792452830188	0.5025550314465409	4753	5623572	2306
ENSG00000128342	1.0005661781847963	0.1719914197404568	4.067783151224884	0.10929422166567279	0.018797668353707258	3035	1722	0.4036949685534591	0.6617531446540881	4757	5226270	2307
ENSG00000170421	1.07792089508723	0.1177832470915066	2.8328785176684934	0.07611449311617102	0.008965012149946749	1002	3757	0.8032625786163522	0.2617924528301887	4759	3764514	2308
ENSG00000118777	1.0032112915411584	0.16984898391007003	3.3223151806164477	0.08926480057920118	0.01516153567731235	2429	2330	0.5227987421383649	0.5422562893081762	4759	5659570	2309
ENSG00000272141	1.068393618997802	0.11595283781689374	2.9483949321633824	0.07921821721907125	0.009185577093346428	1054	3707	0.7930424528301887	0.2716194968553459	4761	3907178	2310
ENSG00000099958	1.0228269265113181	0.14105969051989986	3.0213421869306276	0.08117818242273087	0.01145096928951839	1571	3190	0.691430817610063	0.37323113207547165	4761	5011490	2311
ENSG00000196218	1.0012026287503322	0.1614838065689045	3.957909459558575	0.1063421076601395	0.017172528343519584	2776	1987	0.45459905660377353	0.6096698113207547	4763	5515912	2312
ENSG00000092929	1.0018989146168573	0.18441052138534728	3.2720885931003423	0.08791529998258196	0.016212506307537154	2612	2151	0.48683176100628933	0.577437106918239	4763	5618412	2313
ENSG00000104267	1.0573333446411355	0.05169561498965875	6.8720707653519995	0.18464052718847807	0.00954510560502318	1137	3629	0.7767295597484276	0.2869496855345912	4766	4126173	2314
ENSG00000189157	1.0363834672432595	0.19448308142185117	2.024499874433495	0.05439477224144406	0.010578862918755814	1373	3394	0.7303459119496856	0.33313679245283023	4767	4659962	2315
ENSG00000127252	1.0011466529469217	0.15924718521392403	4.023573105442917	0.10810637502687427	0.01721563592671058	2793	1975	0.4512578616352201	0.6120283018867925	4768	5516175	2316
ENSG00000139970	1.0000335249441135	0.13072529022186602	7.751175150886526	0.20826052511067406	0.027224917586851083	3885	887	0.2366352201257862	0.8258647798742138	4772	3445995	2317
ENSG00000141293	1.0000435604134343	0.11524443068821112	8.397146472724437	0.22561664519228683	0.026001061828969222	3805	967	0.25235849056603776	0.8101415094339622	4772	3679435	2318
ENSG00000127955	1.000656429645484	0.1568887605563633	4.329620082726226	0.11632932225188525	0.01825076318446005	2984	1788	0.41371855345911945	0.6487814465408805	4772	5335392	2319
ENSG00000115593	1.006234871780297	0.16012457599253913	3.2289404826649997	0.08675598568999111	0.013891765423424619	2162	2610	0.5752751572327044	0.4872248427672956	4772	5642820	2320
ENSG00000276107	1.016283890471349	0.13545414838258385	3.341423113778938	0.08977819733733594	0.012160829263652397	1745	3028	0.6572327044025157	0.4050707547169812	4773	5283860	2321
ENSG00000233041	1.000105726830113	0.16477802361658028	5.208566672171394	0.13994508046903129	0.023059873774550266	3566	1208	0.29933176100628933	0.7627751572327044	4774	4307728	2322
ENSG00000148357	1.0038340085218576	0.17240670630634272	3.207155236210886	0.08617065420439306	0.01485639867164221	2363	2411	0.5357704402515724	0.5263364779874213	4774	5697193	2323
ENSG00000175426	1.0020274732852208	0.08697944656565397	6.830986702343612	0.18353667024172488	0.015963918002128163	2587	2188	0.4917452830188679	0.5701650943396226	4775	5660356	2324
ENSG00000250986	1.1064497304105785	0.10477396794287795	2.9577558497206207	0.07946972870836655	0.008326358808119605	867	3911	0.8297955974842768	0.2315251572327044	4778	3390837	2325
ENSG00000111846	1.000160775524775	0.14126443254244317	5.720979026930221	0.15371270460316855	0.021714137990330798	3429	1349	0.3262578616352201	0.735062893081761	4778	4625721	2326
ENSG00000105329	1.0105863349616564	0.16033701760886426	2.9904930135387477	0.08034931906656115	0.012882970186035467	1925	2854	0.6218553459119497	0.43926886792452835	4779	5493950	2327
ENSG00000120251	1.000099218381313	0.09694493412576578	8.896494313894335	0.2390332486866654	0.023173062547796566	3578	1202	0.29697327044025157	0.7639544025157232	4780	4300756	2328
ENSG00000131747	1.431997265572497	0.1508843343863096	1.471655395649167	0.03954080762125448	0.005966088439030101	346	4435	0.9321933962264151	0.1285377358490566	4781	1534510	2329
ENSG00000130595	1.0097460887683745	0.1700929759471308	2.858419673560733	0.07680073932200512	0.01306326630621968	1963	2817	0.6143867924528301	0.44654088050314467	4780	5529771	2330
ENSG00000151789	1.0000138507060532	0.14652037073184765	7.739650855675305	0.20795088744599752	0.03046904112260428	4091	691	0.1961477987421384	0.8643867924528301	4782	2826881	2331
ENSG00000166006	1.0000151047535684	0.12877748196161476	8.70816612655286	0.23397319954245385	0.030130479483579643	4073	709	0.19968553459119498	0.8608490566037736	4782	2887757	2332
ENSG00000107551	1.0241739787897666	0.1931626893548858	2.1759756863248585	0.05846466248543538	0.0112931914379124	1548	3234	0.6959512578616351	0.36458333333333337	4782	5006232	2333
ENSG00000238121	1.515853456382113	0.15394809244237886	1.3770013990700682	0.03699762021448656	0.005695713056927803	302	4482	0.9408411949685535	0.11930031446540879	4784	1353564	2334
ENSG00000134138	1.0030870421573586	0.1810251881468821	3.1111798228666627	0.08359196263934748	0.015132250764355017	2446	2339	0.5194575471698113	0.5404874213836478	4785	5721194	2335
ENSG00000146674	1.0002153672026861	0.15547898663811638	5.027812718892832	0.13508853775223847	0.021003428956142964	3352	1436	0.34139150943396224	0.7179638364779874	4788	4813472	2336
ENSG00000123407	1.000851324510274	0.08030979012030855	8.198385483380774	0.22027628489769407	0.017690342208615102	2898	1891	0.43062106918238996	0.6285377358490566	4789	5480118	2337
ENSG00000260314	1.013308954586799	0.1538470361380326	3.010567460913351	0.08088868437184177	0.012444484347712654	1830	2961	0.6405267295597484	0.41823899371069184	4791	5418630	2338
ENSG00000171102	1.0000094738213496	0.12979382396044883	9.168684663611348	0.24634652751970013	0.03197425782615982	4184	608	0.17786949685534592	0.8806996855345912	4792	2543872	2339
ENSG00000169908	1.0000819737421651	0.12305051532863877	7.125309887213463	0.1914446196610114	0.0235573591061827	3628	1167	0.28714622641509435	0.7708333333333334	4795	4233876	2340
ENSG00000100448	1.0051537754487343	0.13793448212268786	3.8272401528355924	0.10283125183450852	0.014183975467820627	2233	2562	0.5613207547169812	0.49665880503144655	4795	5720946	2341
ENSG00000204261	1.1428909523909696	0.12691392945304839	2.259260675689924	0.060702384544524916	0.00770397814971565	749	4048	0.8529874213836478	0.20459905660377353	4797	3031952	2342
ENSG00000153012	1.0005254867542324	0.15720054970798514	4.4365934031185486	0.11920350835193608	0.01873885704004475	3069	1728	0.3970125786163522	0.6605738993710693	4797	5303232	2343
ENSG00000126878	1.0019688175360977	0.16970100728560508	3.4872532293014005	0.09369639759013047	0.01590037305007768	2599	2198	0.48938679245283023	0.5681996855345912	4797	5712602	2344
ENSG00000152137	1.0000165244926476	0.10617839658553672	10.312400885545818	0.27707618287143426	0.029419504829329843	4054	744	0.2034198113207547	0.8539701257861635	4798	3016176	2345
ENSG00000133317	1.0229723804042548	0.11047354534293881	3.808030471010937	0.10231512126770612	0.011303114188636214	1569	3229	0.6918238993710693	0.36556603773584906	4798	5066301	2346
ENSG00000287826	1.0001411076989384	0.1272971546164263	6.3763102828605955	0.1713203097500975	0.021808587959192206	3471	1329	0.3180031446540881	0.7389937106918238	4800	4612959	2347
ENSG00000197937	1.018750144602282	0.11145607165126623	3.8961719111074795	0.10468332766753409	0.01166759246920566	1670	3130	0.6719732704402516	0.38502358490566035	4800	5227100	2348
ENSG00000163071	1.0000230430957437	0.1162889619937234	8.991034881293873	0.241573388449684	0.028092318588120283	3965	836	0.22091194968553463	0.8358883647798743	4801	3314740	2349
ENSG00000086696	1.0003169009185506	0.16311716384775293	4.537978568342303	0.12192755049224516	0.019888476231198722	3229	1575	0.36556603773584906	0.6906446540880503	4804	5085675	2350
ENSG00000221866	1.000298890175232	0.14327224079008155	5.209296655481745	0.1399646938443681	0.020053055318580353	3250	1555	0.36143867924528306	0.6945754716981132	4805	5053750	2351
ENSG00000156535	1.0003101442251128	0.13197189776226353	5.619088725675272	0.1509750903408185	0.019924469187107	3237	1569	0.36399371069182385	0.6918238993710693	4806	5078853	2352
ENSG00000108381	1.0061777467007376	0.1652685271434989	3.0942591194965408	0.08313733292185226	0.013739984562633244	2166	2640	0.5744889937106918	0.48132861635220126	4806	5718240	2353
ENSG00000233823	1.003948992871555	0.18633018500820034	2.928218702964376	0.07867611721411163	0.014659735476232276	2354	2453	0.5375393081761006	0.5180817610062893	4807	5774362	2354
ENSG00000111452	1.0004636879503197	0.16158362829276493	4.356403725261954	0.11704895190162026	0.01891319433612913	3105	1703	0.389937106918239	0.6654874213836478	4808	5287815	2355
ENSG00000259969	1.018427935492053	0.18195389782309945	2.3912696139960246	0.06424923392874851	0.011690398545483921	1683	3126	0.6694182389937107	0.3858097484276729	4809	5261058	2356
ENSG00000158806	1.0186239850273948	0.18228538045390272	2.3786633094935175	0.06391052456606601	0.011649954285533838	1676	3135	0.6707940251572326	0.38404088050314467	4811	5254260	2357
ENSG00000111331	1.2726511104312597	0.1101859310089786	2.2307106938997263	0.05993529644707086	0.00660402643931963	511	4301	0.8997641509433962	0.15487421383647804	4812	2197811	2358
ENSG00000114737	1.0043816333405315	0.1531329219948695	3.507696416981552	0.09424567030276135	0.014432114878826943	2305	2508	0.5471698113207547	0.5072720125786163	4813	5780940	2359
ENSG00000124134	1.0100688788272003	0.1865633720501722	2.5468959022985938	0.06843064021773054	0.01276665099057194	1943	2877	0.6183176100628931	0.43474842767295596	4820	5590011	2360
ENSG00000079263	1.3499306972462046	0.1497011277926792	1.5245299286928562	0.040961453884860194	0.006131975842591391	430	4391	0.9156839622641509	0.13718553459119498	4821	1888130	2361
ENSG00000179934	1.1075423477162176	0.13429805615372237	2.2560697512979786	0.060616649984729945	0.008140698263499797	864	3957	0.8303852201257862	0.22248427672955973	4821	3418848	2362
ENSG00000261804	1.6398276475270837	0.0807103126468884	2.3805907282364376	0.0639623109380283	0.005162418113425753	246	4576	0.9518474842767296	0.10082547169811318	4822	1125696	2363
ENSG00000147872	1.0014687911323805	0.18324718413410315	3.335844243405564	0.08962830284380868	0.01642413411484657	2700	2121	0.46953616352201255	0.5833333333333333	4821	5726700	2364
ENSG00000146955	1.002429483023212	0.14834668252875297	3.8415414313198752	0.10321550218479895	0.015311677334654179	2529	2294	0.5031446540880503	0.5493317610062893	4823	5801526	2365
ENSG00000007908	1.000426201200505	0.12178362295316954	5.824342844519911	0.15648990967331983	0.019057908155631142	3140	1686	0.383058176100629	0.6688286163522013	4826	5294040	2366
ENSG00000134121	1.0000385743409466	0.1566792428310267	6.123852555755756	0.16453721198858096	0.02577956579189899	3841	988	0.24528301886792447	0.8060141509433962	4829	3794908	2367
ENSG00000153551	1.0120631853605004	0.1841734629096286	2.516570551502656	0.06761585105892731	0.012453045437104321	1870	2959	0.6326650943396226	0.4186320754716981	4829	5533330	2368
ENSG00000271850	1.0007161647081284	0.1619525033821878	4.080877151120317	0.10964603455093706	0.017757449781454115	2951	1881	0.4202044025157232	0.6305031446540881	4832	5550831	2369
ENSG00000125144	1.0000301720328213	0.10374380810190689	9.519627301319286	0.25577574265031433	0.02653514956263693	3901	933	0.23349056603773588	0.8168238993710693	4834	3639633	2370
ENSG00000205517	1.0003581282948504	0.13626689507697998	5.297807129551467	0.14234281554188216	0.01939661351040757	3193	1642	0.37264150943396224	0.6774764150943396	4835	5242906	2371
ENSG00000088881	1.0006164427586464	0.14477550920185478	4.632174882400846	0.12445844076984112	0.018018534136922632	3004	1831	0.4097877358490566	0.6403301886792453	4835	5500324	2372
ENSG00000177602	1.7744999433397168	0.1885395774343854	0.9412783964335674	0.025290504897720868	0.004768261106518547	195	4642	0.96187106918239	0.08785377358490565	4837	905190	2373
ENSG00000125355	1.0012077591583681	0.16556136266364238	3.750728672842215	0.10077552213027223	0.01668453276702792	2771	2065	0.45558176100628933	0.5943396226415094	4836	5722115	2374
ENSG00000139193	1.6800432663139284	0.15848511711108296	1.1662406878261775	0.03133484837126074	0.004966107113777286	231	4607	0.9547955974842768	0.09473270440251569	4838	1064217	2375
ENSG00000137672	1.0009829892971431	0.14230889068057156	4.471210203941419	0.12013360127032383	0.017096079530241885	2843	1997	0.44143081761006286	0.6077044025157232	4840	5677471	2376
ENSG00000173376	1.000063574474983	0.1559792776915305	5.6691590768759905	0.15232039314078744	0.02375882489978998	3695	1146	0.2739779874213837	0.7749606918238994	4841	4234470	2377
ENSG00000112531	1.0511678499035146	0.20562811776063997	1.7150964952376362	0.04608164436495984	0.009475681794081892	1195	3646	0.7653301886792453	0.28360849056603776	4841	4356970	2378
ENSG00000170558	1.0001617074097604	0.13109583851977183	6.005288626333727	0.16135160648748573	0.0211525241489892	3426	1415	0.3268474842767296	0.7220911949685535	4841	4847790	2379
ENSG00000173578	1.0927828036010099	0.14572654140187183	2.1276573029072066	0.05716643199687415	0.008330666419189772	934	3910	0.816627358490566	0.23172169811320753	4844	3651940	2380
ENSG00000185499	1.0004508998669224	0.13362394775814654	5.223883183259824	0.14035660834448835	0.018755004100934544	3119	1725	0.387185534591195	0.6611635220125787	4844	5380275	2381
ENSG00000197168	1.013688689048376	0.18046494319994677	2.5086361465294513	0.06740266746882725	0.01216381855628681	1817	3027	0.6430817610062893	0.4052672955974843	4844	5500059	2382
ENSG00000272808	1.0036670859369081	0.16331702262367637	3.326909503295105	0.08938824199743252	0.014598621540585345	2374	2471	0.5336084905660378	0.5145440251572326	4845	5866154	2383
ENSG00000171659	1.0257454244419248	0.16701432956279685	2.429443190140001	0.06527489118178938	0.010901842188011074	1519	3329	0.7016509433962264	0.3459119496855346	4848	5056751	2384
ENSG00000185585	1.0080283083452195	0.13446587644814648	3.634696762828607	0.09765794756401247	0.013131661511322067	2050	2799	0.5972877358490566	0.45007861635220126	4849	5737950	2385
ENSG00000117594	1.0023717548423834	0.1676575821086452	3.3867434254661437	0.090995874879957	0.015256148364234397	2539	2310	0.5011792452830188	0.546187106918239	4849	5865090	2386
ENSG00000257951	1.3196011555695204	0.08777175739873508	2.601247568966374	0.0698909744793783	0.006134453656365176	462	4390	0.9093946540880503	0.13738207547169812	4852	2028180	2387
ENSG00000166959	1.0004336582881765	0.1656953665366557	4.234252102605883	0.11376695135560438	0.018850656704624748	3136	1716	0.38384433962264153	0.6629323899371069	4852	5381376	2388
ENSG00000275004	1.0018402602389234	0.1251553749024174	4.670104928884922	0.12547755480667752	0.015704190413668353	2621	2232	0.485062893081761	0.5615172955974843	4853	5850072	2389
ENSG00000283632	1.0778079787842507	0.12697130502364842	2.505996239809322	0.06733173779054298	0.008549198616775349	1004	3850	0.8028694968553459	0.24351415094339623	4854	3865400	2390
ENSG00000132031	1.0011278392675305	0.1601297476396109	3.897587580063763	0.10472136421740934	0.016769005624609538	2799	2055	0.45007861635220126	0.5963050314465409	4854	5751945	2391
ENSG00000105810	1.0120880032639803	0.19788195857603727	2.3204671679945927	0.062346895986908575	0.012337325889025946	1867	2989	0.633254716981132	0.41273584905660377	4856	5580463	2392
ENSG00000197046	1.0000439739569695	0.14244518390006072	6.498290725535698	0.1745977109892946	0.024870603050399724	3802	1055	0.2529481132075472	0.7928459119496856	4857	4011110	2393
ENSG00000137872	1.0002196916072648	0.16379374888777953	4.613032376611007	0.123944115105652	0.020301271265733205	3346	1512	0.3425707547169812	0.7030267295597484	4858	5059152	2394
ENSG00000116833	1.0110575601483676	0.15486348812624137	3.003714628019482	0.08070456073262693	0.012498189782750696	1909	2949	0.625	0.4205974842767296	4858	5629641	2395
ENSG00000205045	1.1562628132464359	0.16422313021942186	1.650652068635003	0.044350135288792766	0.007283318042780392	713	4146	0.860062893081761	0.18533805031446537	4859	2956098	2396
ENSG00000127954	1.0000029673923607	0.11591295515227795	11.648884499333471	0.31298516103165475	0.03627903493399069	4400	460	0.13541666666666663	0.9097877358490566	4860	2024000	2397
ENSG00000137558	1.0000144636123645	0.09392424910955292	11.508589861680418	0.30921568939166805	0.02904285143900517	4082	778	0.19791666666666663	0.8472877358490566	4860	3175796	2398
ENSG00000175414	1.0012190432801071	0.15137740608806396	4.071344573410699	0.10938991085345665	0.016559160957200822	2770	2091	0.45577830188679247	0.5892295597484276	4861	5792070	2399
ENSG00000226979	1.4058992374391306	0.16013330799384595	1.3013147181887064	0.034964051420413624	0.005598909214817762	368	4496	0.9278694968553459	0.11654874213836475	4864	1654528	2400
ENSG00000125618	1.1098043428197144	0.06067058514272544	4.860273716697106	0.13058705766765935	0.007922793200763724	854	4012	0.8323506289308176	0.21167452830188682	4866	3426248	2401
ENSG00000124302	1.00005161731855	0.11452415076469048	7.868397183565592	0.21141007619229177	0.024211559439020723	3761	1105	0.26100628930817615	0.7830188679245282	4866	4155905	2402
ENSG00000255833	1.5422977915028206	0.15442852795376735	1.2376620504000728	0.03325381551936577	0.005135337779501799	286	4582	0.9439858490566038	0.09964622641509435	4868	1310452	2403
ENSG00000231240	1.275280705414123	0.08788281201249856	2.6623448402573615	0.07153255134407281	0.006286481762545552	505	4368	0.9009433962264151	0.14170597484276726	4873	2205840	2404
ENSG00000203709	1.0112858214722509	0.18428497397995444	2.5008346440051907	0.06719305473518015	0.01238267034350633	1898	2975	0.6271619496855345	0.4154874213836478	4873	5646550	2405
ENSG00000182575	1.0008335393493235	0.16036036942391294	4.000565957059281	0.10748821317265177	0.017236849573082743	2903	1972	0.42963836477987416	0.6126179245283019	4875	5724716	2406
ENSG00000142512	1.1168386438333138	0.12374519026807351	2.3162781860457025	0.062234345365438586	0.0077012009084551965	828	4050	0.8374606918238994	0.20420597484276726	4878	3353400	2407
ENSG00000052850	1.002504204392539	0.17006432862910206	3.286712111221305	0.08830820834854618	0.015018076165234371	2519	2359	0.5051100628930818	0.5365566037735849	4878	5942321	2408
ENSG00000152578	1.0111511120064893	0.1538926885471206	2.9939701223010147	0.08044274290005739	0.012379549978994629	1904	2976	0.6259827044025157	0.41529088050314467	4880	5666304	2409
ENSG00000117983	1.0000180002729704	0.09357004018355049	11.097829918903308	0.2981792878510052	0.027900647946121026	4031	851	0.2079402515723271	0.832940251572327	4882	3430381	2410
ENSG00000255197	1.078118061250442	0.162683682566168	1.9371816591776858	0.05204868445386235	0.008467471659678785	1001	3881	0.8034591194968553	0.23742138364779874	4882	3884881	2411
ENSG00000109906	1.0000457244699323	0.10479741669001928	8.642210678629324	0.2322010919650765	0.02433407459054161	3792	1090	0.25491352201257866	0.7859669811320755	4882	4133280	2412
ENSG00000278030	1.8662036510447528	0.15066488906529546	1.0645166600578813	0.02860170158680508	0.004309272196654673	174	4710	0.965998427672956	0.07448899371069184	4884	819540	2413
ENSG00000168453	1.0013064323139278	0.15717419408093325	3.8596399805782573	0.10370177856211202	0.016299243470259357	2746	2138	0.4604952830188679	0.5799921383647799	4884	5870948	2414
ENSG00000113430	1.0001310460747876	0.13009087685164272	6.123079355645377	0.16451643745338226	0.021402087604818935	3502	1383	0.3119103773584906	0.7283805031446541	4885	4843266	2415
ENSG00000144908	1.0115796292637695	0.1487941807894376	3.0730320017054735	0.0825669973776673	0.012285488735053649	1888	2997	0.6291273584905661	0.41116352201257866	4885	5658336	2416
ENSG00000175274	1.0001578260126227	0.11351019829969819	6.837507962500107	0.18371188510116712	0.02085317250784485	3435	1452	0.32507861635220126	0.714819182389937	4887	4987620	2417
ENSG00000253159	1.0596853046058885	0.15907886887797845	2.075886816424	0.05577544953417048	0.00887269542305661	1110	3778	0.7820361635220126	0.2576650943396226	4888	4193580	2418
ENSG00000178860	1.0001564757282615	0.15124562437576686	5.1307069891074235	0.13785312690531926	0.020849682250946838	3436	1453	0.3248820754716981	0.7146226415094339	4889	4992508	2419
ENSG00000114812	1.002185974597263	0.15591758184006374	3.6227511015881495	0.09733698853079448	0.015176547875315494	2566	2323	0.495872641509434	0.5436320754716981	4889	5960818	2420
ENSG00000102837	1.0000064148799968	0.13972526316539416	8.393699710009592	0.22552403670403157	0.03151140537859282	4261	631	0.16273584905660377	0.8761792452830188	4892	2688691	2421
ENSG00000253154	1.0008659683169925	0.11301836066015708	5.608708314153379	0.15069618683104974	0.017031435993381992	2888	2004	0.43258647798742134	0.6063286163522013	4892	5787552	2422
ENSG00000181218	1.089171262484354	0.07116182265714076	4.295566766844537	0.11541436918873983	0.008213096872294875	954	3939	0.8126965408805031	0.22602201257861632	4893	3757806	2423
ENSG00000067445	1.0001830078441702	0.13735322097186983	5.524345627838639	0.1484295089390342	0.020387271140049294	3391	1503	0.33372641509433965	0.7047955974842768	4894	5096673	2424
ENSG00000197329	1.0211895565402762	0.18928107430512742	2.1742759181739495	0.05841899268688436	0.011057609695596854	1609	3285	0.6839622641509434	0.3545597484276729	4894	5285565	2425
ENSG00000196620	1.0003479614202324	0.13825824229685146	5.110960500483771	0.1373225732783143	0.01898597760914032	3202	1693	0.370872641509434	0.6674528301886793	4895	5420986	2426
ENSG00000155760	1.0124910822038196	0.18667327832619404	2.412795386859721	0.06482759381260352	0.012101579462997591	1852	3043	0.6362028301886793	0.402122641509434	4895	5635636	2427
ENSG00000196954	1.002695698924367	0.1469129639882153	3.7799501972162552	0.10156065340291234	0.014920576616001676	2503	2394	0.508254716981132	0.5296776729559749	4897	5992182	2428
ENSG00000127249	1.0001743018302547	0.11528897231737786	6.617581161830615	0.17780283645992978	0.020498706290580107	3408	1493	0.3303852201257862	0.7067610062893082	4901	5088144	2429
ENSG00000204131	1.0014600171821149	0.1515776703098697	3.901390216284869	0.10482353440461273	0.015888907138697672	2703	2200	0.46894654088050314	0.5678066037735849	4903	5946600	2430
ENSG00000137841	1.1046986540351234	0.13956648987133127	2.0878313333469674	0.0560963778215781	0.007829174547053652	873	4031	0.8286163522012578	0.2079402515723271	4904	3519063	2431
ENSG00000111796	1.1197130117394354	0.16317073678030725	1.70596003986632	0.04583616378217841	0.007479120615520886	818	4089	0.8394261006289307	0.19654088050314467	4907	3344802	2432
ENSG00000121621	1.7120827292703995	0.17483040343158854	0.9509749939948894	0.025551035521864593	0.004467097848382436	218	4693	0.9573506289308176	0.0778301886792453	4911	1023074	2433
ENSG00000131080	1.0000781070837457	0.14815591658207153	5.651582379547474	0.15184813801248864	0.022497200068521152	3648	1264	0.2832154088050315	0.7517688679245282	4912	4611072	2434
ENSG00000133816	1.0225492023934997	0.14275858752190346	2.8398720443658148	0.07630239695191303	0.010892822413390697	1580	3332	0.6896619496855345	0.3453223270440252	4912	5264560	2435
ENSG00000243244	1.0215904817116355	0.1995819280125477	2.0395960697917106	0.054800380618402963	0.010937165619642315	1597	3318	0.6863207547169812	0.34807389937106914	4915	5298846	2436
ENSG00000169026	1.0020689369525357	0.1571625279340305	3.5875041042041387	0.09638996333256643	0.015148890304814646	2581	2334	0.4929245283018868	0.5414701257861636	4915	6024054	2437
ENSG00000116748	1.1227410963038866	0.1532332206270293	1.800152370495926	0.04836694703200297	0.007411423065610751	808	4112	0.8413915094339622	0.19202044025157228	4920	3322496	2438
ENSG00000266256	1.0020735348248049	0.1561379342020075	3.60207478252218	0.09678145198540469	0.015111255982071865	2579	2342	0.4933176100628931	0.5398977987421384	4921	6040018	2439
ENSG00000162975	1.0004339967380462	0.08551024393921222	7.948473174521357	0.21356157807433837	0.01826170263717979	3135	1787	0.38404088050314467	0.6489779874213837	4922	5602245	2440
ENSG00000240694	1.0000283991228485	0.14953835678835678	6.355907940971045	0.17077213449245035	0.02553698437724129	3919	1004	0.2299528301886793	0.8028694968553459	4923	3934676	2441
ENSG00000187260	1.0059370163292671	0.18936708759211188	2.62319001239412	0.07048052957283416	0.013346692617157317	2184	2742	0.5709512578616351	0.46128144654088055	4926	5988528	2442
ENSG00000159674	1.0208202394387627	0.16204680528303866	2.519438267011192	0.06769290156108342	0.010969418438312789	1616	3312	0.6825864779874213	0.3492531446540881	4928	5352192	2443
ENSG00000164604	1.000742928672731	0.16197910889367698	3.9302484369966866	0.10559890434300401	0.017104816425628423	2933	1996	0.4237421383647799	0.6079009433962264	4929	5854268	2444
ENSG00000197928	1.0000385688639157	0.12444292669528381	7.2931307546691695	0.19595367297234792	0.02438504856136951	3842	1088	0.24508647798742134	0.7863600628930818	4930	4180096	2445
ENSG00000101003	1.342140755837907	0.1729264446444102	1.2168617625413287	0.032694948149245805	0.005653821141282416	443	4489	0.91312893081761	0.11792452830188682	4932	1988627	2446
ENSG00000100362	1.0000071629957255	0.11323132432109687	10.012071855657542	0.2690068668963775	0.030460003790145854	4242	692	0.1664701257861635	0.864190251572327	4934	2935464	2447
ENSG00000211734	2.026521399864637	0.14818965659871547	0.9676471242844934	0.02599898651526066	0.003852780883611111	148	4787	0.9711084905660378	0.059355345911949686	4935	708476	2448
ENSG00000185565	1.0000847744523196	0.150554742011511	5.41922335355244	0.14560505721171538	0.02192153182408111	3617	1317	0.289308176100629	0.7413522012578616	4934	4763589	2449
ENSG00000152931	1.0003545966503018	0.13597120676909336	5.107019554791039	0.1372166869574114	0.018657518514456142	3197	1738	0.3718553459119497	0.6586084905660378	4935	5556386	2450
ENSG00000240280	1.0012788240046553	0.14850645642383492	4.009263412782123	0.10772189860237126	0.01599739744068581	2755	2180	0.45872641509433965	0.5717374213836478	4935	6005900	2451
ENSG00000171033	1.000005315552071	0.16634982323436845	6.98352264568399	0.18763504436434883	0.03121305646258231	4287	649	0.15762578616352196	0.8726415094339622	4936	2782263	2452
ENSG00000234949	1.0294915208535005	0.171972859355638	2.218390780271497	0.059604281906489906	0.010250318789298588	1471	3466	0.7110849056603774	0.31898584905660377	4937	5098486	2453
ENSG00000121690	1.0139897503443114	0.19040778101720124	2.278566514632702	0.06122109868498208	0.011656973552042534	1806	3132	0.6452437106918238	0.3846305031446541	4938	5656392	2454
ENSG00000162804	1.0071536352326034	0.17331903497504694	2.7826331721273543	0.07476448852421337	0.012958109001419632	2104	2834	0.5866745283018868	0.4431996855345912	4938	5962736	2455
ENSG00000164326	1.0000131013430313	0.1019796969630119	10.270861305031755	0.2759600869656739	0.028142326042645837	4107	833	0.19300314465408808	0.8364779874213837	4940	3421131	2456
ENSG00000069535	1.0000004851474107	0.10253505613981671	16.864707455591393	0.45312520516810356	0.046461218350277465	4686	255	0.07920597484276726	0.9500786163522013	4941	1194930	2457
ENSG00000188060	1.0015078078789765	0.15606754605955228	3.7179927270026494	0.09989596449703222	0.015590518040303977	2686	2254	0.4722877358490566	0.5571933962264151	4940	6054244	2458
ENSG00000158517	1.2408055366228514	0.14997643381311387	1.5527544831176252	0.04171979831794205	0.006256986571127296	562	4380	0.8897405660377359	0.1393474842767296	4942	2461560	2459
ENSG00000198796	1.0011675180181852	0.13050022892355642	4.607703249225977	0.12380093076960184	0.0161560498063824	2786	2156	0.45263364779874216	0.5764544025157232	4942	6006616	2460
ENSG00000147180	1.000078768078127	0.1334200366202173	6.161553318290882	0.1655501655665607	0.022087709152373566	3643	1300	0.2841981132075472	0.7446933962264151	4943	4735900	2461
ENSG00000145428	1.0024577535792354	0.19074825480117719	2.895539569101678	0.07779808601936705	0.014839849135066127	2526	2419	0.5037342767295597	0.5247641509433962	4945	6110394	2462
ENSG00000054219	1.0002980357736058	0.1581626771820637	4.465859552003912	0.11998983860717947	0.01897791410875525	3252	1695	0.3610455974842768	0.667059748427673	4947	5512140	2463
ENSG00000243479	1.100379135120944	0.08322866507427089	3.4293820965019934	0.09214150142652416	0.007668814161668633	896	4056	0.8240959119496856	0.20302672955974843	4952	3634176	2464
ENSG00000120280	1.01196463114758	0.11055373809583116	4.0166975719731575	0.10792164146287211	0.011931140885158557	1876	3077	0.6314858490566038	0.3954402515723271	4953	5772452	2465
ENSG00000189057	1.1425754069016338	0.14710336796837933	1.7776285030782628	0.04776177009242766	0.007025917240727521	751	4204	0.8525943396226415	0.17393867924528306	4955	3157204	2466
ENSG00000147862	1.006074156160269	0.18227575007741476	2.693389946111757	0.0723666790629663	0.013190690706813729	2174	2782	0.5729166666666667	0.4534198113207547	4956	6048068	2467
ENSG00000183833	1.0008290000240965	0.1482607985963141	4.215307028895726	0.11325793034623055	0.01679171120049786	2906	2051	0.42904874213836475	0.5970911949685535	4957	5960206	2468
ENSG00000046653	1.0569700234920922	0.1971118442712049	1.643189117179677	0.04414961883048723	0.008702412791548054	1141	3817	0.7759433962264151	0.25	4958	4355197	2469
ENSG00000155380	1.0081684037112026	0.16645339214828028	2.823591035588805	0.07586495470977202	0.012627979056617205	2042	2916	0.5988600628930818	0.42708333333333337	4958	5954472	2470
ENSG00000189369	1.0000033054126642	0.1330680679444859	9.152269729809918	0.24590548694629083	0.03272216804489091	4376	583	0.14013364779874216	0.8856132075471698	4959	2551208	2471
ENSG00000267287	1.0100431154463572	0.19391584130750386	2.3458070409566285	0.06302773407230622	0.012222076078336887	1946	3013	0.6177279874213837	0.40801886792452835	4959	5863298	2472
ENSG00000267414	1.032640263284109	0.14825338651194672	2.511718653062569	0.06748548903029987	0.010004952289156786	1425	3536	0.720125786163522	0.3052279874213837	4961	5038800	2473
ENSG00000162946	1.0036863534004181	0.18261533899791832	2.86066105826018	0.07686096141032014	0.014035990523651532	2371	2590	0.5341981132075472	0.49115566037735847	4961	6140890	2474
ENSG00000112964	1.0000194537976763	0.12071301810297412	8.10095773223566	0.21765857155502594	0.026274223088389333	4008	955	0.21246069182389937	0.8125	4963	3827640	2475
ENSG00000188404	1.0296890529991702	0.12016592946953038	3.1461621367342327	0.08453187625422862	0.010157851479892706	1465	3499	0.7122641509433962	0.3125	4964	5126035	2476
ENSG00000178947	1.00018844591971	0.1439795465329286	5.130466357093241	0.13784666154378938	0.019847099820152883	3380	1584	0.33588836477987416	0.688875786163522	4964	5353920	2477
ENSG00000233429	1.0189934712105337	0.17790266536590296	2.2968398275073767	0.06171207065512988	0.01097874185479653	1659	3306	0.6741352201257862	0.3504323899371069	4965	5484654	2478
ENSG00000187980	1.009672924724818	0.13835632654458274	3.304765697411106	0.0887932766468143	0.012285111578710112	1968	2998	0.6134040880503144	0.4109669811320755	4966	5900064	2479
ENSG00000025708	1.0082378272079124	0.12750093222722197	3.6713836641722435	0.0986436604642861	0.012577158667502038	2034	2932	0.6004323899371069	0.42393867924528306	4966	5963688	2480
ENSG00000235049	1.0004506498290258	0.1672425943848021	3.9824326467709312	0.10700100282723536	0.017895125314602387	3120	1850	0.38698899371069184	0.6365959119496856	4970	5772000	2481
ENSG00000189292	1.0072022706949193	0.17586719002513063	2.709024089755201	0.0727867411698672	0.012800799640631034	2101	2869	0.5872641509433962	0.4363207547169812	4970	6027769	2482
ENSG00000111404	1.0023878575156153	0.15531642079962163	3.535762592696365	0.09499975937679637	0.014755022603229306	2535	2436	0.5019654088050314	0.5214229559748428	4971	6175260	2483
ENSG00000139737	1.0000463567960713	0.1333588450465421	6.511242041416474	0.17494569020453607	0.023330555191547087	3786	1186	0.2560927672955975	0.7670990566037736	4972	4490196	2484
ENSG00000235568	1.018702476155805	0.13040064235201484	3.1393393860725887	0.08434856087200161	0.010999106519177036	1672	3300	0.6715801886792453	0.35161163522012584	4972	5517600	2485
ENSG00000175544	1.000068244539369	0.13278589333008453	6.212037110156964	0.16690657679439955	0.0221628389023107	3683	1291	0.27633647798742134	0.7464622641509434	4974	4754753	2486
ENSG00000249242	1.0000593705274838	0.10185618301124835	8.232520425278699	0.22119343110919093	0.022529918599943705	3719	1256	0.26926100628930816	0.7533411949685535	4975	4671064	2487
ENSG00000163534	1.2638340781988946	0.13949112450787493	1.5684162033235407	0.042140601358865125	0.0058782398709861785	525	4453	0.8970125786163522	0.125	4978	2337825	2488
ENSG00000163687	1.0412609108592072	0.16338365046273318	2.1229962262570017	0.05704119701613168	0.009319598995259557	1305	3675	0.7437106918238994	0.27790880503144655	4980	4795875	2489
ENSG00000180347	1.0039055416369496	0.15910368954270382	3.2365619291837104	0.08696076063355669	0.013835777862238784	2359	2622	0.5365566037735849	0.48486635220125784	4981	6185298	2490
ENSG00000008311	1.0002998787294723	0.15372846555057568	4.526866420010316	0.12162898649366714	0.018697837460143144	3247	1735	0.36202830188679247	0.6591981132075472	4982	5633545	2491
ENSG00000175879	1.0000474926261198	0.12958505414014454	6.6477667095248805	0.1786138693538055	0.02314568793039359	3781	1203	0.2570754716981132	0.7637578616352201	4984	4548543	2492
ENSG00000170381	1.0000654976488723	0.12296584961208536	6.697813138234821	0.17995852939827037	0.022128753462399755	3690	1294	0.2749606918238994	0.7458726415094339	4984	4774860	2493
ENSG00000161835	1.1022202191517796	0.19026903610370605	1.4579767041112413	0.03917328509375882	0.007453463195805168	887	4098	0.8258647798742138	0.19477201257861632	4985	3634926	2494
ENSG00000280339	1.0059800717092784	0.1839509279322004	2.6515300914486413	0.0712419779507485	0.013105027951765547	2180	2806	0.5717374213836478	0.4487028301886793	4986	6117080	2495
ENSG00000268027	1.5987164763209105	0.15710299737979624	1.0076283294325108	0.027073211599405653	0.0042532826909640956	265	4723	0.9481132075471698	0.07193396226415094	4988	1251595	2496
ENSG00000079337	1.0149106059653534	0.18330567933190803	2.306369084075389	0.06196810511934162	0.011359105605812004	1774	3215	0.6515330188679245	0.3683176100628931	4989	5703410	2497
ENSG00000248124	1.0015455400580502	0.18022405563723784	3.1502567693510373	0.08464189187409414	0.015254505030357812	2678	2312	0.4738600628930818	0.5457940251572326	4990	6191536	2498
ENSG00000171557	1.0442889644111295	0.05902683042024124	5.724076549438557	0.1537959296176432	0.009078086256863982	1262	3730	0.7521619496855346	0.26709905660377353	4992	4707260	2499
ENSG00000268903	1.209847416747896	0.0826405099992046	2.817067045449249	0.07568966650045765	0.006255032641267532	613	4381	0.8797169811320755	0.13915094339622647	4994	2685553	2500
ENSG00000154529	1.006139912874857	0.1730547679155596	2.7934984068556554	0.07505641838593348	0.012988871064350859	2169	2825	0.5738993710691824	0.44496855345911945	4994	6127425	2501
ENSG00000101439	1.0019536585486402	0.16613977984524153	3.342855914640972	0.0898166941915674	0.014922125799414392	2602	2392	0.4887971698113207	0.5300707547169812	4994	6223984	2502
ENSG00000183780	1.0001627009023837	0.13803646480265852	5.368484186321236	0.1442417844942823	0.019910626008417653	3424	1572	0.3272405660377359	0.6912342767295597	4996	5382528	2503
ENSG00000211955	1.0013909197359532	0.1156774213645027	4.968769555559694	0.13350215117722367	0.015443184594795241	2720	2278	0.4656053459119497	0.5524764150943396	4998	6196160	2504
ENSG00000136490	1.0124143546709803	0.1840714024367565	2.3465937656408613	0.06304887198915965	0.01160549428910015	1854	3146	0.635809748427673	0.38187893081761004	5000	5832684	2505
ENSG00000182013	1.0000029456825912	0.10754864703234537	11.184301513836301	0.30050262843063885	0.03231865111737881	4404	598	0.13463050314465408	0.8826650943396226	5002	2633592	2506
ENSG00000152467	1.0096271116880065	0.11374419890867658	3.9689375893712944	0.10663841422799238	0.012129500999254611	1969	3034	0.6132075471698113	0.40389150943396224	5003	5973946	2507
ENSG00000162458	1.0024634212999686	0.1717308263401195	3.151105559818876	0.08466469739004494	0.014539538444628575	2524	2482	0.5041273584905661	0.5123820754716981	5006	6264568	2508
ENSG00000186994	1.129935220482084	0.16728169209430535	1.5499780645939867	0.04164520080615781	0.006966479658461208	790	4217	0.8449292452830188	0.17138364779874216	5007	3331430	2509
ENSG00000188536	1.0218251680999861	0.09934585556393885	3.9343071061546446	0.10570795368760438	0.010501647099008282	1593	3415	0.6871069182389937	0.3290094339622641	5008	5440095	2510
ENSG00000101443	1.0000012941990106	0.09073354121922537	14.874804142185615	0.39965998203713626	0.03626256545384138	4548	461	0.10632861635220126	0.9095911949685535	5009	2096628	2511
ENSG00000261762	1.1972600553737924	0.1599907143395087	1.4587285280467048	0.039193485288508974	0.006270593708763576	639	4372	0.8746069182389937	0.1409198113207547	5011	2793708	2512
ENSG00000104951	1.0516254618245484	0.18206389417857846	1.7746813099619705	0.04768258416589993	0.008681276957741567	1188	3824	0.7667059748427673	0.24862421383647804	5012	4542912	2513
ENSG00000100302	1.0017212353188918	0.13662289033515188	4.081498520125894	0.10966272964979239	0.014982439086796993	2638	2374	0.48172169811320753	0.5336084905660378	5012	6262612	2514
ENSG00000271856	1.2765880807624541	0.15213993036280188	1.3566677863460064	0.03645129158935855	0.005545696964039196	504	4509	0.9011399371069182	0.11399371069182385	5013	2272536	2515
ENSG00000164756	1.000001015398253	0.10930947002306399	12.712473004733248	0.3415619247254671	0.03733595297179848	4590	424	0.09807389937106914	0.9168632075471698	5014	1946160	2516
ENSG00000227039	1.038417112887398	0.16415485112335992	2.1135415048577513	0.05678716518159653	0.009321888646102627	1341	3674	0.7366352201257862	0.2781053459119497	5015	4926834	2517
ENSG00000272636	1.0000137397010926	0.13055816620286798	7.6175850609413605	0.2046711929461983	0.026721495625609017	4094	922	0.19555817610062898	0.8189858490566038	5016	3774668	2518
ENSG00000224520	1.4630103761114839	0.08555475653160784	1.965724027281461	0.05281556798487306	0.004518623060024396	335	4683	0.9343553459119497	0.07979559748427678	5018	1568805	2519
ENSG00000149418	1.000127171121272	0.14750846343470106	5.129098498514593	0.13780990957517544	0.020328128007509227	3508	1511	0.31073113207547165	0.7032232704402516	5019	5300588	2520
ENSG00000110148	1.0106712774283186	0.1424378637062887	3.0920884749086985	0.08307901149666282	0.01183359691641485	1919	3100	0.6230345911949686	0.3909198113207547	5019	5948900	2521
ENSG00000144063	1.0027751985519713	0.1784788389941804	2.9780075682637372	0.0800138569800262	0.014280780297241473	2489	2531	0.5110062893081762	0.502751572327044	5020	6299659	2522
ENSG00000171408	1.005182100451219	0.1582168266114185	3.0971536207047103	0.08321510310892873	0.01316602954003669	2232	2790	0.5615172955974843	0.4518474842767296	5022	6227280	2523
ENSG00000102409	1.001874902104099	0.08541676366533549	6.4734820003791755	0.17393114391683812	0.014856635413986016	2614	2410	0.48643867924528306	0.5265330188679245	5024	6299740	2524
ENSG00000124493	1.0000196752790194	0.13186606090033265	7.132077223576786	0.191626446157922	0.025269024619174855	4002	1025	0.2136399371069182	0.7987421383647799	5027	4102050	2525
ENSG00000142303	1.0002686823083191	0.1500380648017329	4.587427857965679	0.123256166453418	0.018493116689551108	3273	1755	0.35691823899371067	0.6552672955974843	5028	5744115	2526
ENSG00000173198	1.000063397303685	0.14564291891816014	5.570463481119432	0.14966861502995207	0.021798173963400634	3698	1332	0.27338836477987416	0.7384040880503144	5030	4925736	2527
ENSG00000172478	1.0000092250560848	0.1069941467460311	9.757562025034193	0.26216863270096197	0.02805050915941305	4190	842	0.1766902515723271	0.8347091194968553	5032	3527980	2528
ENSG00000117560	1.0515213775165109	0.12284588502848874	2.609205866727456	0.07010480002691742	0.008612086204051891	1190	3843	0.766312893081761	0.2448899371069182	5033	4573170	2529
ENSG00000229847	1.0008990697848383	0.13947940880967566	4.3065639990947435	0.11570984559310545	0.0161391408567852	2874	2160	0.4353380503144654	0.5756682389937107	5034	6207840	2530
ENSG00000163631	1.0024065649962908	0.09612814286192131	5.604207588016146	0.15057526018825387	0.014474520122847442	2533	2502	0.5023584905660378	0.5084512578616351	5035	6337566	2531
ENSG00000123360	1.0057159663522839	0.16664238615651064	2.8915485118227053	0.0776908532877508	0.012946589174406184	2197	2839	0.5683962264150944	0.4422169811320755	5036	6237283	2532
ENSG00000168646	1.000146316216131	0.14311271491658048	5.170177803220728	0.13891363867466594	0.019880307969672335	3459	1578	0.32036163522012584	0.6900550314465409	5037	5458302	2533
ENSG00000170891	1.0066697555685498	0.16469455998992358	2.8690445411690733	0.07708621093943996	0.012695679591961497	2136	2901	0.5803852201257862	0.43003144654088055	5037	6196536	2534
ENSG00000170893	1.0000068076504947	0.14513197811019807	7.4188507391601455	0.19933154916238627	0.028929382029707313	4255	788	0.1639150943396226	0.8453223270440251	5043	3352940	2535
ENSG00000158164	1.0015859112868837	0.1368266531554087	4.073772590689472	0.1094551474328929	0.014976381493874561	2667	2376	0.4760220125786163	0.5332154088050314	5043	6336792	2536
ENSG00000156427	1.0033460415236668	0.17298033636486723	2.964246892730199	0.07964413168589908	0.013776868688514604	2411	2633	0.5263364779874213	0.4827044025157232	5044	6348163	2537
ENSG00000182986	1.0106464455866786	0.11448636734521393	3.800891639838971	0.10212331335476275	0.011691727167243761	1923	3125	0.622248427672956	0.38600628930817615	5048	6009375	2538
ENSG00000182871	1.0504508638341814	0.1597924754892774	1.998024904078746	0.053683436073567764	0.008578209142965768	1203	3847	0.7637578616352201	0.24410377358490565	5050	4627941	2539
ENSG00000204860	1.257588591342621	0.06207642030952958	3.288241543236486	0.08834930151292478	0.005484408374769677	532	4519	0.8956367924528302	0.11202830188679247	5051	2404108	2540
ENSG00000206195	1.0724646684005803	0.1169595612254836	2.5038951649871994	0.06727528558333129	0.00786848788314553	1029	4022	0.7979559748427673	0.20970911949685533	5051	4138638	2541
ENSG00000206341	1.0403014459476871	0.11102703676004973	3.042241181137084	0.08173970185984793	0.00907531688314884	1320	3731	0.7407625786163522	0.2669025157232704	5051	4924920	2542
ENSG00000180071	1.3818695885722005	0.06142018215330964	2.807677609398929	0.07543738876911145	0.00463337815936886	387	4665	0.9241352201257862	0.08333333333333337	5052	1805355	2543
ENSG00000100985	1.0001669764067425	0.11795024110356275	6.132451059862947	0.1647682387613826	0.019434453488114473	3417	1635	0.32861635220125784	0.6788522012578616	5052	5586795	2544
ENSG00000167183	1.0017131148943275	0.12353941179623791	4.476762192940728	0.12028277350832602	0.014859663088438705	2643	2409	0.48073899371069184	0.5267295597484276	5052	6366987	2545
ENSG00000261742	1.0609188102922507	0.16648114930054228	1.822048763156161	0.048955264821845264	0.008150128751853206	1101	3955	0.7838050314465409	0.222877358490566	5056	4354455	2546
ENSG00000120328	1.0182850158292673	0.16347281483087922	2.4290278875637963	0.06526373272763028	0.010668846095355898	1685	3373	0.6690251572327044	0.33726415094339623	5058	5683505	2547
ENSG00000177359	1.0010136023561083	0.13478686329022177	4.340942949584921	0.11663354788888176	0.01572067007435224	2830	2231	0.44398584905660377	0.5617138364779874	5061	6313730	2548
ENSG00000258072	1.3196026166250285	0.09427939564047826	1.9790641844621244	0.05317399468604058	0.005013212082789908	461	4602	0.9095911949685535	0.09571540880503149	5063	2121522	2549
ENSG00000197540	1.2643473813445292	0.16290542804041291	1.2330683539935323	0.03313039092797131	0.005397120515267378	523	4540	0.8974056603773585	0.10790094339622647	5063	2374420	2550
ENSG00000165325	1.0116748809700478	0.16461136390721517	2.600623372917208	0.06987420342280419	0.011502087927358	1887	3176	0.6293238993710693	0.3759827044025157	5063	5993112	2551
ENSG00000182179	1.005370662738887	0.12572605586257898	3.8251351752544114	0.10277469476698402	0.012921457015533336	2220	2844	0.563875786163522	0.4412342767295597	5064	6313680	2552
ENSG00000167191	1.0028275934601991	0.17861283979299972	2.932880534475695	0.07880137247665255	0.014074936917640838	2482	2582	0.5123820754716981	0.4927279874213837	5064	6408524	2553
ENSG00000188883	1.0001206635452127	0.14106890484181137	5.3069515307743345	0.14258850961580322	0.02011480489452745	3522	1545	0.3079795597484277	0.6965408805031447	5067	5441490	2554
ENSG00000007516	1.001688321944825	0.15265922291772413	3.619121281996083	0.09723946162428221	0.01484450064850078	2649	2418	0.4795597484276729	0.5249606918238994	5067	6405282	2555
ENSG00000012171	1.003268607930206	0.15482606655296147	3.2962416140114814	0.08856424942831699	0.013712054376201686	2418	2650	0.5249606918238994	0.47936320754716977	5068	6407700	2556
ENSG00000132622	1.0818833097832996	0.18912120952502684	1.4752756582755058	0.039638077748805865	0.007496401207101218	984	4085	0.8068003144654088	0.19732704402515722	5069	4019640	2557
ENSG00000179593	1.0000010234600183	0.1048773447642472	12.716588783583624	0.34167250850765923	0.035833705471222964	4588	482	0.09846698113207553	0.9054638364779874	5070	2211416	2558
ENSG00000136982	1.1890332814730118	0.19047656324956552	1.1823027900309124	0.03176640897651385	0.006050756408626507	657	4413	0.8710691823899371	0.13286163522012584	5070	2899341	2559
ENSG00000189280	1.00622355387894	0.12431536675952733	3.795588166629549	0.10198081830156061	0.012677782829595224	2164	2907	0.5748820754716981	0.4288522012578616	5071	6290748	2560
ENSG00000156049	1.0003786184861425	0.14826119437117835	4.439308250407601	0.1192764515522905	0.017684069167498578	3177	1896	0.37578616352201255	0.6275550314465409	5073	6023592	2561
ENSG00000026508	1.0046975514331176	0.07084506725358398	6.897770222091553	0.1853310266613259	0.013129789047997399	2275	2800	0.5530660377358491	0.4498820754716981	5075	6370000	2562
ENSG00000204103	1.0020915146756857	0.1593487565458637	3.3816353105104118	0.09085862876149137	0.014478209514605897	2576	2500	0.4939072327044025	0.5088443396226415	5076	6440000	2563
ENSG00000178685	1.0257330895226666	0.11839753552006752	3.1176172602002468	0.08376492532608357	0.009917560721630782	1520	3558	0.7014544025157232	0.30090408805031443	5078	5408160	2564
ENSG00000182487	1.1491303295575426	0.13904854355023896	1.7098953736166325	0.04594189931999968	0.006388154188377669	734	4345	0.855935534591195	0.14622641509433965	5079	3189230	2565
ENSG00000107984	1.0000455728472721	0.14459925810745566	5.711296812866612	0.15345256043846206	0.022189126394091114	3793	1286	0.2547169811320755	0.7474449685534591	5079	4877798	2566
ENSG00000142273	1.0081733906301167	0.08870514372366321	5.087463767500383	0.13669125714182548	0.012125217610533834	2041	3039	0.5990566037735849	0.40290880503144655	5080	6202599	2567
ENSG00000136167	1.0003805295677937	0.11555980385403526	5.6822559033014395	0.15267228196997165	0.017642778958397887	3176	1905	0.3759827044025157	0.6257861635220126	5081	6050280	2568
ENSG00000174469	1.0000047887673267	0.09891709709338496	10.930550701448494	0.29368478772823897	0.029050446662564365	4306	777	0.15389150943396224	0.8474842767295597	5083	3345762	2569
ENSG00000240505	1.0978297382521272	0.161830969196641	1.637928064707848	0.044008263548341066	0.007121899942689242	904	4181	0.8225235849056604	0.17845911949685533	5085	3779624	2570
ENSG00000188833	1.000963399854966	0.14998163233221073	3.894411252634368	0.10463602185247857	0.01569348135818361	2853	2234	0.4394654088050315	0.561124213836478	5087	6373602	2571
ENSG00000165621	1.0010708823211922	0.15021511216459746	3.830612207226147	0.10292185304070088	0.015460417698697099	2814	2274	0.4471305031446541	0.5532625786163522	5088	6399036	2572
ENSG00000104518	1.0209501420225988	0.12008676610148111	3.168003377548177	0.08511871221038173	0.010221630884067395	1613	3478	0.6831761006289307	0.316627358490566	5091	5610014	2573
ENSG00000005020	1.0001758410161015	0.12595823209141205	5.61456024523867	0.15085341798852073	0.019001229834780888	3403	1688	0.3313679245283019	0.668435534591195	5091	5744264	2574
ENSG00000182795	1.000041179660905	0.11855485975876509	7.030492991314847	0.188897055434321	0.022394663915859602	3822	1270	0.2490172955974843	0.7505896226415094	5092	4853940	2575
ENSG00000164197	1.0000793815790057	0.13548996499247645	5.726081207893073	0.15384979128561976	0.02084510283538843	3638	1454	0.28518081761006286	0.7144261006289307	5092	5289652	2576
ENSG00000149289	1.0015883701225605	0.15904609710069753	3.464430027722686	0.09308317806496645	0.014804516176962173	2666	2426	0.47621855345911945	0.5233883647798743	5092	6467716	2577
ENSG00000139549	1.1028425645262439	0.1770476534653992	1.470418279732653	0.03950756847939784	0.006994722293400957	883	4212	0.8266509433962264	0.17236635220125784	5095	3719196	2578
ENSG00000279970	1.0808325057747552	0.12314700530540484	2.2466555331025746	0.06036370640047136	0.007433609672352747	992	4103	0.8052279874213837	0.19378930817610063	5095	4070176	2579
ENSG00000107957	1.029944651268847	0.1634480365482901	2.1682351316681205	0.058256687314434924	0.009521941157352068	1461	3634	0.7130503144654088	0.2859669811320755	5095	5309274	2580
ENSG00000117385	1.0537260503300325	0.17041403751609965	1.8108317987074363	0.048653884597457994	0.00829130491509519	1175	3921	0.7692610062893082	0.2295597484276729	5096	4607175	2581
ENSG00000163815	1.0172749734889517	0.15981042731636547	2.4720665189124067	0.0664201055085603	0.0106146254437211	1709	3387	0.6643081761006289	0.3345125786163522	5096	5788383	2582
ENSG00000100167	1.000581672949565	0.1479023145615571	4.189692827190365	0.11256972152710212	0.016649322363408346	3026	2072	0.40546383647798745	0.5929638364779874	5098	6269872	2583
ENSG00000184922	1.1941754271537024	0.16273763088358245	1.3454191305143144	0.036149059872916244	0.005882812362387166	648	4452	0.8728380503144654	0.12519654088050314	5100	2884896	2584
ENSG00000121281	1.006959480121665	0.17712630524924808	2.5972291839622983	0.06978300749956493	0.012360406287578505	2119	2983	0.5837264150943396	0.4139150943396226	5102	6320977	2585
ENSG00000183798	1.0019497475157186	0.16183450234999555	3.3307417800657193	0.08949120857438135	0.01448276520433466	2605	2499	0.4882075471698113	0.5090408805031447	5104	6509895	2586
ENSG00000153132	1.0002198904337098	0.13421598052322403	5.120045095746826	0.1375666604706525	0.01846364422237407	3345	1760	0.3427672955974843	0.6542845911949686	5105	5887200	2587
ENSG00000104413	1.0015605602379396	0.1555851869405975	3.5356175917853188	0.09499586345581819	0.014779949174356948	2675	2432	0.4744496855345912	0.5222091194968553	5107	6505600	2588
ENSG00000261468	1.0772956464046104	0.18814340996968829	1.4710620742028286	0.039524866111281025	0.007436343088771785	1009	4101	0.8018867924528301	0.1941823899371069	5110	4137909	2589
ENSG00000115598	1.0005912273528859	0.1449700098556646	4.251850918785525	0.11423980077876306	0.01656134504480644	3022	2089	0.40625	0.5896226415094339	5111	6312958	2590
ENSG00000196867	1.0546016337251394	0.07882292249938246	3.863628703249772	0.10380894856690742	0.008182524707631722	1166	3947	0.7710298742138365	0.22444968553459121	5113	4602202	2591
ENSG00000249158	1.0355937760053942	0.07019321601663969	4.800021195813927	0.12896817776956573	0.009052691161451517	1380	3733	0.7289701257861636	0.2665094339622641	5113	5151540	2592
ENSG00000064655	1.0000029033005886	0.11949178058499042	9.397418578429727	0.25249220792085164	0.030170743508298185	4409	707	0.1336477987421384	0.8612421383647799	5116	3117163	2593
ENSG00000109321	1.000109843372442	0.10339374867282194	7.197734184885224	0.1933905339217887	0.01999537226001227	3552	1564	0.30208333333333337	0.6928066037735849	5116	5555328	2594
ENSG00000079150	1.0163678535854423	0.17057896971314854	2.3273213289607857	0.06253105530910492	0.010666482989703024	1741	3375	0.6580188679245282	0.33687106918238996	5116	5875875	2595
ENSG00000159618	1.007579893500426	0.13360499381679208	3.37774430694988	0.09075408429836809	0.012125198871532097	2078	3040	0.5917845911949686	0.4027122641509434	5118	6317120	2596
ENSG00000075223	1.0019312578812283	0.15537734000142378	3.4461193516175395	0.09259120221013711	0.014386574706945056	2606	2512	0.48801100628930816	0.5064858490566038	5118	6546272	2597
ENSG00000147255	1.000169349697578	0.0863216845558374	8.147915875300317	0.2189202547633778	0.01889756517456786	3414	1705	0.32920597484276726	0.6650943396226415	5119	5820870	2598
ENSG00000282122	1.000943160491298	0.10067911209498345	5.755810353078941	0.15464856144201236	0.015569879852748299	2862	2257	0.43769654088050314	0.5566037735849056	5119	6459534	2599
ENSG00000149554	1.2751908521618784	0.19186994342096733	0.9565026228162308	0.02569955324447312	0.004930971826961195	506	4615	0.9007468553459119	0.09316037735849059	5121	2335190	2600
ENSG00000044524	1.0000200724774415	0.14664327395999974	6.091728543283898	0.1636740959351028	0.02400170529036656	3995	1128	0.21501572327044027	0.778498427672956	5123	4506360	2601
ENSG00000091490	1.0025103737785332	0.19042710965832277	2.7170375064545302	0.07300204766691393	0.013901568936349524	2516	2607	0.5056996855345912	0.487814465408805	5123	6559212	2602
ENSG00000123453	1.000328230156406	0.10290979681154239	6.377915875387551	0.17136344921427785	0.017634977739566397	3218	1907	0.3677279874213837	0.6253930817610063	5125	6136726	2603
ENSG00000175928	1.0000028349883234	0.11583015661324833	9.667240313254938	0.2597418462127362	0.0300859387258355	4415	711	0.13246855345911945	0.8604559748427673	5126	3139065	2604
ENSG00000188906	1.000229007049155	0.13857365702881053	4.876681934811444	0.13102791780229733	0.01815701774273473	3323	1803	0.34709119496855345	0.6458333333333333	5126	5991369	2605
ENSG00000088002	1.0006511345259743	0.1234181517614542	4.902047983390929	0.13170945918077362	0.016255338021591775	2986	2141	0.4133254716981132	0.5794025157232705	5127	6393026	2606
ENSG00000130675	1.1003810382203312	0.07719678289720272	3.306650540543063	0.08884391908654395	0.006858464733460578	895	4236	0.8242924528301887	0.16764937106918243	5131	3791220	2607
ENSG00000265766	1.003613525541447	0.10491838741051768	4.725515277755731	0.12696633400825194	0.013321103019570964	2382	2749	0.5320361635220126	0.45990566037735847	5131	6548118	2608
ENSG00000259964	1.0355155819325577	0.1709024422528372	1.9564027081085638	0.05256512043493611	0.008983507459645101	1381	3751	0.7287735849056604	0.26297169811320753	5132	5180131	2609
ENSG00000139352	1.0001401229847415	0.09551888476345832	7.504180227378363	0.20162420333131167	0.01925891904352765	3475	1658	0.3172169811320755	0.6743317610062893	5133	5761550	2610
ENSG00000177464	1.0479807543580382	0.11291381957447248	2.767511791288185	0.07435820345741241	0.00839606876907218	1235	3900	0.7574685534591195	0.23368710691823902	5135	4816500	2611
ENSG00000251442	1.0237210990757046	0.12634336402144605	2.890759508747614	0.07766965415451825	0.009813045388264118	1554	3581	0.6947720125786163	0.29638364779874216	5135	5564874	2612
ENSG00000173114	1.0002587969621721	0.16845797327477896	3.9519830674117085	0.10618287586412248	0.017887352064557518	3283	1852	0.3549528301886793	0.6362028301886793	5135	6080116	2613
ENSG00000100721	1.111394647499047	0.1448583618891585	1.7018633376801455	0.045726092556602094	0.006623806863341422	847	4293	0.8337264150943396	0.15644654088050314	5140	3636171	2614
ENSG00000064201	1.0300046508864715	0.14861453980990932	2.328722940240038	0.06256871415377503	0.009298620660461037	1460	3682	0.7132468553459119	0.2765330188679245	5142	5375720	2615
ENSG00000133134	1.000960466568276	0.088914631520384	6.419537672031624	0.1724817541237151	0.015336151611899601	2855	2290	0.4390723270440252	0.5501179245283019	5145	6537950	2616
ENSG00000162777	1.0010175422081276	0.15036856209291655	3.75872773610573	0.1009904429755924	0.015185787695366514	2829	2319	0.4441823899371069	0.5444182389937107	5148	6560451	2617
ENSG00000169031	1.0397890452210885	0.16651255517209476	1.9414919120789715	0.052164493413808105	0.008686043087591097	1327	3822	0.7393867924528301	0.2490172955974843	5149	5071794	2618
ENSG00000131668	1.0003893901905467	0.16850668173140945	3.797922803666011	0.1020435459171404	0.017195019314604043	3166	1983	0.3779481132075472	0.6104559748427674	5149	6278178	2619
ENSG00000133466	1.0685247456875924	0.15382594039790898	1.8042378746902892	0.048476717387116494	0.00745697663947686	1053	4097	0.7932389937106918	0.19496855345911945	5150	4314141	2620
ENSG00000067715	1.000028780177589	0.12708594903445414	6.6449057486412455	0.17853700033661152	0.022689544125542933	3914	1241	0.23093553459119498	0.7562893081761006	5155	4857274	2621
ENSG00000091138	1.00034847784531	0.16183211881009615	3.9886459165973993	0.10716794252496191	0.01734321520733319	3199	1956	0.3714622641509434	0.6157625786163522	5155	6257244	2622
ENSG00000243955	1.000068934320049	0.15151253430833853	5.058450082551206	0.13591171015117076	0.02059232764718422	3679	1478	0.277122641509434	0.7097091194968553	5157	5437562	2623
ENSG00000183960	1.0022429902895549	0.15801482779880863	3.286153141016801	0.08829318979638535	0.01395163318148336	2553	2604	0.4984276729559748	0.48840408805031443	5157	6648012	2624
ENSG00000170054	1.0070513392175975	0.12905026872355446	3.4868379962110554	0.09368524100293496	0.01209010552685972	2113	3046	0.5849056603773585	0.4015330188679245	5159	6436198	2625
ENSG00000170786	1.0000103060018346	0.10455649075921897	9.146671445363848	0.2457550708305714	0.025695287792327843	4167	996	0.18121069182389937	0.8044418238993711	5163	4150332	2626
ENSG00000121966	1.000017914585028	0.14260085796519778	6.250547465684281	0.16794128272068748	0.02394857100374588	4032	1132	0.20774371069182385	0.7777122641509434	5164	4564224	2627
ENSG00000149257	1.0297683827647963	0.1867586053443623	1.8328955651715766	0.049246699428795615	0.009197244903134873	1464	3702	0.7124606918238994	0.2726022012578616	5166	5419728	2628
ENSG00000249306	1.0000857987256648	0.14743843928318753	5.0714599243107825	0.1362612618544562	0.020090147782578758	3615	1551	0.28970125786163525	0.6953616352201257	5166	5606865	2629
ENSG00000117148	1.0000715848332267	0.12860076842292145	5.927815360736532	0.15927003528554157	0.02048224892446646	3671	1496	0.2786949685534591	0.7061713836477987	5167	5491816	2630
ENSG00000100336	1.0000170345184307	0.13889649198682727	6.4496474775757315	0.17329075195843427	0.02406947754078594	4047	1122	0.20479559748427678	0.7796776729559749	5169	4540734	2631
ENSG00000164188	1.0000989038650623	0.1432912091098087	5.144913853229246	0.13823484050675278	0.019807837437314166	3580	1589	0.2965801886792453	0.6878930817610063	5169	5688620	2632
ENSG00000148948	1.000011403674463	0.14311821261426474	6.543033814172611	0.17579987955769952	0.025160164540100973	4140	1031	0.1865172955974843	0.797562893081761	5171	4268340	2633
ENSG00000117525	1.0001237851921028	0.14595126158883323	4.909809563047189	0.13191799925675374	0.019253598417797974	3513	1659	0.30974842767295596	0.6741352201257862	5172	5828067	2634
ENSG00000119630	1.0107156450238854	0.14640786000955963	2.850259337793517	0.07658148536645937	0.011212131388856723	1916	3256	0.623624213836478	0.3602594339622641	5172	6238496	2635
ENSG00000144278	1.0002560608676572	0.13232220644091092	4.986744791474142	0.13398511434057098	0.017729205959782085	3287	1886	0.35416666666666663	0.6295204402515724	5173	6199282	2636
ENSG00000164199	1.0000123878202962	0.11853782850995671	7.807403684768109	0.20977128751307472	0.024865832905537677	4118	1056	0.19084119496855345	0.7926493710691824	5174	4348608	2637
ENSG00000111087	1.0156971001947779	0.182761627623371	2.1350216294421824	0.05736429857599346	0.010483992575221588	1754	3422	0.6554638364779874	0.32763364779874216	5176	6002188	2638
ENSG00000134020	1.0002658104039353	0.14959527810393866	4.396105791547176	0.11811567701253373	0.017669547551124976	3277	1899	0.3561320754716981	0.6269654088050314	5176	6223023	2639
ENSG00000144935	1.008215418622104	0.16295881205446958	2.655596851384448	0.07135124468040475	0.01162731407172655	2036	3141	0.6000393081761006	0.38286163522012584	5177	6395076	2640
ENSG00000131401	1.0144814464662955	0.14720473085531724	2.6762082550139636	0.07190503706150714	0.01058476162778077	1786	3392	0.6491745283018868	0.3335298742138365	5178	6058112	2641
ENSG00000272674	1.0073091196021837	0.10053667705077386	4.406497531270599	0.11839488489127274	0.011903028306777433	2095	3083	0.5884433962264151	0.39426100628930816	5178	6458885	2642
ENSG00000160460	1.003871612290652	0.17664610119432803	2.7507058749023887	0.07390665786550668	0.013055322964244873	2360	2818	0.5363600628930818	0.44634433962264153	5178	6650480	2643
ENSG00000162551	1.0000387272134075	0.13209955414358984	6.1321809222909165	0.16476098063709718	0.021764852082421175	3840	1339	0.24547955974842772	0.7370283018867925	5179	5141760	2644
ENSG00000134202	1.0001391193859654	0.143000389918944	4.922229628092083	0.13225170469080813	0.0189120453382306	3476	1704	0.3170204402515723	0.6652908805031447	5180	5923104	2645
ENSG00000108405	1.032651933510395	0.15794552709623774	2.109961283324419	0.05669097088821134	0.008954085278536009	1424	3759	0.7203223270440251	0.26139937106918243	5183	5352816	2646
ENSG00000153976	1.0010364791493478	0.13983982316897242	4.001149576558596	0.1075038940082704	0.015033325528092487	2826	2357	0.4447720125786163	0.5369496855345912	5183	6660882	2647
ENSG00000145777	1.0129847717768392	0.18212331012124502	2.2104493068437003	0.05939090839937257	0.010816468828801386	1837	3348	0.6391509433962264	0.3421776729559748	5185	6150276	2648
ENSG00000028277	1.028456009638489	0.17713491384342128	1.9320567690796475	0.05191098761665053	0.0091952483190023	1483	3704	0.7087264150943396	0.27220911949685533	5187	5493032	2649
ENSG00000145103	1.0003743453379266	0.14671943376306024	4.31514111245853	0.11594029763402877	0.017010694819185372	3180	2009	0.37519654088050314	0.6053459119496856	5189	6388620	2650
ENSG00000244300	1.0416629546183092	0.08704864258183617	3.6006870492705128	0.09674416601907315	0.00842144832967212	1299	3892	0.7448899371069182	0.23525943396226412	5191	5055708	2651
ENSG00000168004	1.0000071257182293	0.11055887100504	8.891257901202813	0.23889255543233895	0.02641169122010833	4244	948	0.16607704402515722	0.813875786163522	5192	4023312	2652
ENSG00000276070	1.0026268927148354	0.1042025512138092	4.846641884072823	0.13022079415725094	0.013569338972273847	2506	2686	0.5076650943396226	0.4722877358490566	5192	6731116	2653
ENSG00000279741	1.3518170451832654	0.09368552329474261	1.56948129108499	0.042169218404947875	0.003950645293197833	424	4771	0.9168632075471698	0.0625	5195	2022904	2654
ENSG00000104814	1.2875502220647033	0.17145460236490392	0.9633546207900602	0.025883654450846165	0.0044378716816204046	497	4700	0.9025157232704403	0.07645440251572322	5197	2335900	2655
ENSG00000105366	1.0368221885396531	0.14740811247383948	2.1842725298185655	0.058687584164938765	0.008651026007403214	1367	3831	0.7315251572327044	0.24724842767295596	5198	5236977	2656
ENSG00000166823	1.0244003839055933	0.10213124960835916	3.4299300369940835	0.0921562236295954	0.009412030278477975	1543	3658	0.6969339622641509	0.28125	5201	5644294	2657
ENSG00000203710	1.0011295436428136	0.15895602151092922	3.4874293062852675	0.09370112847085581	0.014894358592811697	2798	2403	0.4502751572327044	0.5279088050314465	5201	6723594	2658
ENSG00000138623	1.0040377795851019	0.1694350080177207	2.8262761345568665	0.07593709862474968	0.01286640291432691	2345	2858	0.5393081761006289	0.4384827044025157	5203	6702010	2659
ENSG00000174332	1.0069957624484651	0.1677295311602762	2.6385960318306885	0.07089446238112039	0.011891094937045162	2116	3088	0.5843160377358491	0.39327830188679247	5204	6534208	2660
ENSG00000255815	1.2230981604789533	0.0739296492950914	2.472749657453418	0.06643846024684254	0.00491177206575494	586	4619	0.8850235849056604	0.09237421383647804	5205	2706734	2661
ENSG00000121858	1.0001592288165753	0.09677728065137671	7.068330258622837	0.1899136766568996	0.01837932918535958	3433	1772	0.32547169811320753	0.6519261006289307	5205	6083276	2662
ENSG00000112276	1.0005498971002527	0.15757079454969863	3.81340330385611	0.1024594798930611	0.01614462165589851	3049	2158	0.40094339622641506	0.5760613207547169	5207	6579742	2663
ENSG00000131171	1.0001523424005458	0.14417623025209567	4.771299531281759	0.12819647685698377	0.018482884764839946	3451	1757	0.32193396226415094	0.654874213836478	5208	6063407	2664
ENSG00000196091	1.0000020899458848	0.11413689660809422	9.621928241133599	0.258524390052845	0.02950717157813219	4471	738	0.12146226415094341	0.8551493710691824	5209	3299598	2665
ENSG00000039068	1.0000261665814816	0.10705590017768629	7.76316403735113	0.20858264553009526	0.022330002878667602	3933	1276	0.22720125786163525	0.7494103773584906	5209	5018508	2666
ENSG00000185477	1.000017736921341	0.11662904519488004	7.490521950317057	0.20125722930511264	0.02347243849242232	4035	1175	0.20715408805031443	0.7692610062893082	5210	4741125	2667
ENSG00000184613	1.0000096397242364	0.10771796131494649	8.698044707134652	0.2337012546977215	0.02517382271278362	4181	1030	0.17845911949685533	0.7977594339622641	5211	4306430	2668
ENSG00000165025	1.0000140725507154	0.10579405636580501	8.460352454454714	0.22731487941987719	0.024048563166132655	4087	1124	0.19693396226415094	0.7792845911949685	5211	4593788	2669
ENSG00000164236	1.0013033868338042	0.16786507093515277	3.241534041982198	0.08709435261182646	0.014620099679235457	2750	2465	0.45970911949685533	0.5157232704402516	5215	6778750	2670
ENSG00000136425	1.0024988162348256	0.17487155471185736	2.8809658976709778	0.07740651694682443	0.013536197963320923	2520	2696	0.5049135220125787	0.4703223270440252	5216	6793920	2671
ENSG00000162415	1.000635243159467	0.1470882306453963	3.9805135308189046	0.1069494395367488	0.015731003829977174	2992	2227	0.41214622641509435	0.5625	5219	6663184	2672
ENSG00000197083	1.0009693294288287	0.16607647122080968	3.360103446844377	0.09028010522842593	0.014993401297780349	2850	2369	0.4400550314465409	0.5345911949685535	5219	6751650	2673
ENSG00000256039	1.2108085779776805	0.13766267677914817	1.3338739083330253	0.035838859937140095	0.00493367339165968	612	4613	0.8799135220125787	0.09355345911949686	5225	2823156	2674
ENSG00000183570	1.000111346564146	0.17088481323328608	4.158101703656149	0.11172092326774147	0.019091409106858286	3548	1677	0.3028694968553459	0.6705974842767295	5225	5949996	2675
ENSG00000081051	1.002423153796776	0.11941520199352355	4.218251474240816	0.11333704244494992	0.013534165816912247	2531	2697	0.502751572327044	0.47012578616352196	5228	6826107	2676
ENSG00000229453	1.0005595168194468	0.11361572922490652	5.226089654769371	0.14041589237642865	0.015953454007113933	3039	2190	0.40290880503144655	0.5697720125786163	5229	6655410	2677
ENSG00000162639	1.0000400912197738	0.14375063201114002	5.503083035479289	0.1478582202552188	0.02125471260973005	3831	1401	0.24724842767295596	0.7248427672955975	5232	5367231	2678
ENSG00000184408	1.0000837140391672	0.13314768136634403	5.469049714073262	0.14694380440867857	0.019565226848165113	3621	1611	0.2885220125786163	0.683569182389937	5232	5833431	2679
ENSG00000211794	1.5321406148776928	0.1448916375765346	0.670036025981375	0.01800269661020246	0.0026084401926457627	292	4942	0.9428066037735849	0.028891509433962237	5234	1443064	2680
ENSG00000135373	1.0000398235783972	0.09960299168207809	7.937662193047658	0.21327110590271975	0.02124244018725619	3832	1402	0.24705188679245282	0.7246462264150944	5234	5372464	2681
ENSG00000138642	1.1232513200621825	0.09797765905501364	2.2670766026776863	0.06091238483828836	0.005968052873913599	801	4434	0.8427672955974843	0.12873427672955973	5235	3551634	2682
ENSG00000130707	1.000556116713943	0.15126625864386772	3.915761742308578	0.10520967218347548	0.015914673484342137	3040	2196	0.4027122641509434	0.5685927672955975	5236	6675840	2683
ENSG00000004776	1.0220042627517418	0.16707625588793334	2.1099619285062903	0.05669098822312027	0.009471718054905858	1589	3648	0.6878930817610063	0.2832154088050315	5237	5796672	2684
ENSG00000151715	1.0004414103136248	0.12402070423729519	4.9475957437772395	0.13293324787229652	0.016486475017673138	3131	2107	0.3848270440251572	0.5860849056603774	5238	6597017	2685
ENSG00000140527	1.0078197913021076	0.16372225337644675	2.605379296412244	0.07000198677244882	0.011460883015213539	2061	3184	0.595125786163522	0.3744103773584906	5245	6562224	2686
ENSG00000182568	1.0000633708220494	0.13723564714297848	5.454463555982297	0.14655189984140476	0.020112144814768147	3699	1547	0.273191823899371	0.6961477987421384	5246	5722353	2687
ENSG00000078018	1.0031637867822565	0.14796377394731766	3.294548122816095	0.088518748280587	0.01309756806068829	2437	2809	0.5212264150943396	0.44811320754716977	5246	6845533	2688
ENSG00000123685	1.005712740525726	0.2018067469922544	2.22886021542635	0.05988557732563838	0.012085313551840192	2199	3049	0.5680031446540881	0.40094339622641506	5248	6704751	2689
ENSG00000132639	1.0126963507868076	0.07275855467762042	5.397524359149169	0.14502204316793108	0.010551594257294142	1848	3401	0.6369889937106918	0.33176100628930816	5249	6285048	2690
ENSG00000166825	1.0000016858895415	0.12011102014853804	9.113816449657019	0.24487231453553004	0.029411863504996194	4504	746	0.11497641509433965	0.8535770440251572	5250	3359984	2691
ENSG00000070190	1.0003052972457498	0.12551174272127294	5.043012226564413	0.13549692195043903	0.017006454807367902	3239	2011	0.36360062893081757	0.6049528301886793	5250	6513629	2692
ENSG00000167964	1.0049477967643374	0.16504565227635445	2.759824819842847	0.07415166797362402	0.01223841040808644	2243	3008	0.5593553459119497	0.40900157232704404	5251	6746944	2693
ENSG00000136531	1.000096672496216	0.15651405321154174	4.573326731688493	0.12287729384301094	0.019232023307035266	3590	1662	0.2946147798742138	0.6735455974842768	5252	5966580	2694
ENSG00000135063	1.0000255843180292	0.12074337307678851	6.757036957507343	0.18154976988253996	0.021920931596932623	3941	1318	0.22562893081761004	0.7411556603773585	5259	5194238	2695
ENSG00000145431	1.0028767306199349	0.13505238604679293	3.6280945668543203	0.0974805581006443	0.01316498196466504	2470	2791	0.5147405660377358	0.45165094339622647	5261	6893770	2696
ENSG00000171476	1.0000292565916418	0.11873276488286215	6.790755832577203	0.18245573710576635	0.021663474135308263	3909	1354	0.23191823899371067	0.7340801886792453	5263	5292786	2697
ENSG00000068831	1.0563776369516131	0.1807928490305187	1.5233344888241118	0.040929334505545895	0.007399730994180759	1149	4116	0.77437106918239	0.19123427672955973	5265	4729284	2698
ENSG00000170954	1.0036391598084387	0.10082190955784917	4.700762693773269	0.12630127535099223	0.012733935760478743	2379	2887	0.532625786163522	0.4327830188679245	5266	6868173	2699
ENSG00000077063	1.0000262100907182	0.15888461025251654	5.10420794920614	0.1371411440308078	0.021789617218919134	3932	1335	0.2273977987421384	0.737814465408805	5267	5249220	2700
ENSG00000258647	1.0236503902767884	0.1009203784244993	3.37489409512617	0.090677504089622	0.009151208027313736	1556	3714	0.69437893081761	0.27024371069182385	5270	5778984	2701
ENSG00000056487	1.000556030761244	0.12375994334759209	4.719962813434258	0.1268171489991742	0.015694883175640946	3041	2233	0.4025157232704403	0.5613207547169812	5274	6790553	2702
ENSG00000155962	1.0293834518440639	0.18287001205220726	1.7802588531872265	0.04783244300127749	0.008747119428130131	1472	3804	0.7108883647798743	0.2525550314465409	5276	5599488	2703
ENSG00000164893	1.0102049710808632	0.1748237332309123	2.3121651519591104	0.06212383533025072	0.010860720815056875	1937	3339	0.6194968553459119	0.34394654088050314	5276	6467643	2704
ENSG00000187398	1.0004593908830548	0.15650972479568315	3.8318014116624943	0.10295380488484794	0.01611327166919601	3110	2166	0.3889544025157232	0.5744889937106918	5276	6736260	2705
ENSG00000203883	1.005732384674322	0.13366396403581055	3.312800132281211	0.08900914786536421	0.011897315539134184	2194	3085	0.5689858490566038	0.3938679245283019	5279	6768490	2706
ENSG00000169862	1.0000043829235206	0.09893805152444286	9.812007150015265	0.263631478024097	0.026083184756213133	4321	962	0.15094339622641506	0.811124213836478	5283	4156802	2707
ENSG00000197142	1.0002260568382528	0.14854154040944145	4.348921187056926	0.11684790918159328	0.017356768423456383	3332	1953	0.3453223270440252	0.6163522012578616	5285	6507396	2708
ENSG00000110171	1.0422402245251823	0.16808688932548743	1.7610162199403072	0.047315427087367044	0.007953102956222435	1289	3998	0.7468553459119497	0.21442610062893086	5287	5153422	2709
ENSG00000168394	1.1566818172010942	0.148805030738035	1.2908336960487472	0.0346824446792326	0.005160922246563405	711	4577	0.8604559748427673	0.10062893081761004	5288	3254247	2710
ENSG00000230061	1.0370862590623449	0.055891786085642686	5.513777826948258	0.14814557060454253	0.008280120541764566	1363	3925	0.7323113207547169	0.22877358490566035	5288	5349775	2711
ENSG00000108924	1.0001007952983612	0.12776199972243324	5.497200860292783	0.14770017649162323	0.018870469907926107	3575	1714	0.297562893081761	0.6633254716981132	5289	6127550	2712
ENSG00000069188	1.0000084948070993	0.12349053178080929	7.385007490784777	0.1984222402458797	0.024503267965103184	4209	1082	0.17295597484276726	0.7875393081761006	5291	4554138	2713
ENSG00000204767	1.0002497662647194	0.12857762088576732	4.951813898012323	0.1330465823020953	0.01710681301938585	3296	1995	0.3523977987421384	0.6080974842767295	5291	6575520	2714
ENSG00000154153	1.0027210298062426	0.17221059939708053	2.84406976910007	0.07641518247674096	0.013159504377356846	2498	2793	0.5092374213836478	0.4512578616352201	5291	6976914	2715
ENSG00000146476	1.027958598336264	0.1924550911534352	1.692661784983098	0.04547886292248636	0.008752638709301697	1490	3802	0.7073506289308176	0.2529481132075472	5292	5664980	2716
ENSG00000170476	1.0006743188010636	0.10160669427764137	5.563338539915083	0.1494771803161551	0.015187882161867441	2974	2318	0.41568396226415094	0.5446147798742138	5292	6893732	2717
ENSG00000197016	1.055084812817081	0.08112395605655637	3.3592264617331686	0.0902565421716998	0.0073219677609537015	1160	4135	0.7722091194968553	0.1875	5295	4796600	2718
ENSG00000254726	1.0031760780974328	0.16282639995561737	2.930428762078846	0.0787354976387241	0.012820217629227458	2435	2865	0.5216194968553459	0.4371069182389937	5300	6976275	2719
ENSG00000168675	1.0001665153707384	0.14236269299565688	4.640818903280376	0.12469069049873968	0.01775130249088855	3418	1883	0.3284198113207547	0.6301100628930818	5301	6436094	2720
ENSG00000144843	1.000256193333759	0.16598058502082164	3.8038648134620416	0.1022031973320865	0.016963746484178196	3285	2017	0.3545597484276729	0.6037735849056604	5302	6625845	2721
ENSG00000204475	1.1744433527694154	0.14775204747117782	1.2267758607274863	0.03296132263492774	0.004870102906668651	676	4628	0.8673349056603774	0.09060534591194969	5304	3128528	2722
ENSG00000248568	1.4452833640391574	0.06924634823019016	1.2666419662290134	0.03403245519279749	0.0023566232434087983	342	4964	0.9329795597484276	0.024567610062893097	5306	1697688	2723
ENSG00000198759	1.0000405432705066	0.13602541785746478	5.637580958739203	0.1514719443137187	0.02060403451895622	3828	1477	0.24783805031446537	0.7099056603773585	5305	5653956	2724
ENSG00000071242	1.0006844565501152	0.15274682272404516	3.6838739289937843	0.09897925204361042	0.015118766265263947	2967	2341	0.4170597484276729	0.5400943396226415	5308	6945747	2725
ENSG00000122025	1.0000088913291303	0.11711881527676782	7.6828894498532705	0.20642580770616414	0.024176346041095833	4198	1111	0.17511792452830188	0.7818396226415094	5309	4663978	2726
ENSG00000060558	1.0000098615677502	0.10753617007122725	8.283039522146705	0.22255079092070865	0.023932259701935462	4175	1134	0.17963836477987416	0.7773191823899371	5309	4734450	2727
ENSG00000211452	1.0000156370299589	0.1297788455440823	6.506442082941863	0.17481672371197557	0.02268751258513899	4067	1242	0.2008647798742138	0.7560927672955975	5309	5051214	2728
ENSG00000102001	1.0005351149027428	0.1468149638292369	3.9566671364358488	0.10630872860975557	0.015607712145573426	3061	2249	0.3985849056603774	0.5581761006289307	5310	6884189	2729
ENSG00000282608	1.0283295422210692	0.13366977620964407	2.4117547469682976	0.06479963363804674	0.008661752526864632	1484	3827	0.7085298742138364	0.2480345911949685	5311	5679268	2730
ENSG00000172543	1.131136891161255	0.1485693909993777	1.3636265354340364	0.03663826101153976	0.005443324125760706	786	4526	0.8457154088050315	0.1106525157232704	5312	3557436	2731
ENSG00000169896	1.008281351820977	0.12358182269444064	3.3337084470961535	0.08957091773093628	0.011069337273602898	2029	3283	0.6014150943396226	0.3549528301886793	5312	6661207	2732
ENSG00000166840	1.000380800961029	0.08947895883942743	6.769706186964699	0.18189016992874904	0.016275343028350996	3175	2139	0.3761792452830188	0.5797955974842768	5314	6791325	2733
ENSG00000157833	1.0030015085167614	0.16815970403404892	2.8477801423398823	0.07651487371893817	0.01286671851877927	2458	2857	0.5170990566037736	0.4386792452830188	5315	7022506	2734
ENSG00000047346	1.0565311395155281	0.19107639396225426	1.3953925746441382	0.037491758949310575	0.007163790103336339	1147	4169	0.7747641509433962	0.1808176100628931	5316	4781843	2735
ENSG00000165996	1.0035316156513496	0.15733968449212735	2.977127789103544	0.07999021885208861	0.012585635796643839	2389	2927	0.5306603773584906	0.42492138364779874	5316	6992603	2736
ENSG00000145476	1.0000637794601184	0.12967755962452934	5.597035875989387	0.15038256882422701	0.019501244535193585	3694	1624	0.2741745283018868	0.6810141509433962	5318	5999056	2737
ENSG00000225217	1.0033638633449509	0.10803729723822307	4.35300478864308	0.11695762841695051	0.012635786065559727	2408	2915	0.5269261006289307	0.4272798742138365	5323	7019320	2738
ENSG00000185522	1.0612811469680015	0.16984102298394055	1.5101632533183633	0.04057544643446163	0.0068913753304590455	1098	4226	0.7843946540880503	0.1696147798742138	5324	4640148	2739
ENSG00000105929	1.000079094795151	0.11153593506417936	6.3629844616002	0.17096226823004443	0.019068436447731048	3640	1685	0.2847877358490566	0.6690251572327044	5325	6133400	2740
ENSG00000169855	1.0004168631448989	0.13969483650544492	4.261489003209494	0.11449875925720322	0.015994885454511304	3145	2181	0.3820754716981132	0.5715408805031447	5326	6859245	2741
ENSG00000156587	1.0257948717787084	0.10145584007953973	3.198536876240513	0.0859390939392612	0.008719022971282226	1517	3811	0.7020440251572326	0.2511792452830188	5328	5781287	2742
ENSG00000274565	1.0223444610383308	0.18272212491162393	1.8334299790407007	0.04926105819515603	0.009001085228814074	1583	3745	0.6890723270440251	0.26415094339622647	5328	5928335	2743
ENSG00000131055	1.0313984260906224	0.14175921791111545	2.216135425720252	0.05954368447268023	0.008440866142393378	1443	3887	0.7165880503144655	0.23624213836477992	5330	5608941	2744
ENSG00000164736	1.002068994988007	0.11789417957166153	4.199507956743143	0.11283343689862964	0.013302405471414782	2580	2755	0.49312106918238996	0.45872641509433965	5335	7107900	2745
ENSG00000250786	1.0000031373166096	0.12983663742408766	7.568053500034495	0.203340366499471	0.026401029438872917	4388	950	0.1377751572327044	0.8134827044025157	5338	4168600	2746
ENSG00000153446	1.000003794247599	0.11368667784374556	8.447985668089677	0.22698260549080468	0.025804898346567105	4355	983	0.14426100628930816	0.8069968553459119	5338	4280965	2747
ENSG00000158560	1.0017213842868742	0.15852039383210753	3.169838179857087	0.08516801014068126	0.013500866509397722	2636	2704	0.4821147798742138	0.46875	5340	7127744	2748
ENSG00000211793	1.37398358359444	0.1401767812605783	0.6716980139299489	0.018047351320766965	0.00252981961842396	395	4949	0.922562893081761	0.027515723270440273	5344	1954855	2749
ENSG00000278989	1.056901570636978	0.11712359843898631	2.233714535892077	0.060016004429860395	0.007029290402755393	1142	4202	0.7757468553459119	0.17433176100628933	5344	4798684	2750
ENSG00000168899	1.005705202010473	0.1587608163919558	2.723110354034617	0.07316521446437706	0.011615769179857035	2201	3144	0.5676100628930818	0.3822720125786163	5345	6919944	2751
ENSG00000139926	1.0132179874348004	0.17213034082534173	2.179758509193519	0.05856630032249778	0.010081037235390864	1833	3514	0.639937106918239	0.3095518867924528	5347	6441162	2752
ENSG00000281990	1.0016927370720734	0.09786791819592752	5.140456176787082	0.13811507053400066	0.013517034424646336	2647	2700	0.4799528301886793	0.46953616352201255	5347	7146900	2753
ENSG00000184005	1.0005089746123186	0.13198715185135818	4.363516265914631	0.11724005343427343	0.015474180735690794	3076	2272	0.39563679245283023	0.5536556603773585	5348	6988672	2754
ENSG00000270550	1.0005985122545207	0.10508190459840336	5.367938572770588	0.14422712481205946	0.015155660970002847	3015	2333	0.40762578616352196	0.5416666666666667	5348	7033995	2755
ENSG00000141665	1.001870099494625	0.1597182703911628	3.1159425656861184	0.08371992921231719	0.013371602291061886	2615	2735	0.4862421383647799	0.4626572327044025	5350	7152025	2756
ENSG00000151917	1.0157902335877707	0.18705448681613576	1.9393213433527756	0.052106174026888476	0.009746693642551886	1752	3599	0.6558569182389937	0.29284591194968557	5351	6305448	2757
ENSG00000154065	1.0047113036595383	0.14178760579908148	3.1289476181593194	0.08406935223585073	0.011919992174600932	2272	3080	0.5536556603773585	0.39485062893081757	5352	6997760	2758
ENSG00000223940	1.3966378119998797	0.07569808240923252	1.1008636074751945	0.0295782805194117	0.0022390191162818237	377	4978	0.9261006289308176	0.02181603773584906	5355	1876706	2759
ENSG00000123700	1.0000328840086286	0.1452028527644673	5.294862142600756	0.1422636888911666	0.020657093471794046	3887	1467	0.23624213836477992	0.71187106918239	5354	5702229	2760
ENSG00000110002	1.000046705182859	0.12850787531249405	5.765485871004829	0.154908525693205	0.01990696550462467	3783	1573	0.2566823899371069	0.6910377358490566	5356	5950659	2761
ENSG00000136492	1.054130533288137	0.1395580790239366	1.8910554937777175	0.050809355030834086	0.007090855984548394	1169	4188	0.770440251572327	0.17708333333333337	5357	4895772	2762
ENSG00000196636	1.0000249506643981	0.12289790237786372	6.413935829595286	0.17233124241101752	0.0211791482064852	3950	1409	0.2238600628930818	0.7232704402515724	5359	5565550	2763
ENSG00000132932	1.0057047436522657	0.10214411181203663	4.213329443762128	0.11320479609105544	0.011563203349583573	2202	3157	0.5674135220125787	0.3797169811320755	5359	6951714	2764
ENSG00000170390	1.0067495234789907	0.19089947870718538	2.203702768973724	0.059209640721616684	0.01130308954819636	2131	3230	0.5813679245283019	0.3653694968553459	5361	6883130	2765
ENSG00000156802	1.097954050351451	0.15311697189986276	1.4202899708737358	0.03816070845847906	0.005843052124715794	903	4459	0.8227201257861635	0.12382075471698117	5362	4026477	2766
ENSG00000080200	1.012041827074989	0.17029432459144525	2.226396955933182	0.059819393849514464	0.01018690327307272	1872	3490	0.6322720125786163	0.31426886792452835	5362	6533280	2767
ENSG00000115221	1.000011121532379	0.11346094207917679	7.539958884690852	0.20258551330232963	0.02298554319087592	4147	1216	0.18514150943396224	0.7612028301886793	5363	5042752	2768
ENSG00000205364	1.000118993191254	0.14704431197515477	4.554061372339848	0.12235966731847862	0.01799229309435452	3528	1836	0.3068003144654088	0.6393474842767295	5364	6477408	2769
ENSG00000154134	1.0029416994942566	0.1900022075068302	2.4834606017802794	0.06672624459521818	0.012678133771732152	2462	2906	0.516312893081761	0.42904874213836475	5368	7154572	2770
ENSG00000255240	1.0018253758323188	0.10355512397952317	4.78858919480626	0.12866101988878295	0.013323507865914816	2622	2747	0.48486635220125784	0.46029874213836475	5369	7202634	2771
ENSG00000196167	1.0001108804062722	0.1623345477049214	4.141280332896665	0.11126896244383326	0.01806279669191556	3549	1822	0.3026729559748428	0.6420990566037736	5371	6466278	2772
ENSG00000283787	1.0009011638777359	0.1514743007319581	3.5604114641725704	0.09566203146033109	0.014490339322052228	2873	2498	0.4355345911949685	0.5092374213836478	5371	7176754	2773
ENSG00000276855	1.0148410139059583	0.14112356869087	2.5728944638104743	0.06912917611289311	0.009755756033711122	1776	3596	0.6511399371069182	0.293435534591195	5372	6386496	2774
ENSG00000196440	1.0000787695279312	0.12006434884669695	5.797754280717808	0.15577552144810586	0.018703086548921506	3642	1733	0.2843946540880503	0.6595911949685535	5375	6311586	2775
ENSG00000188916	1.0001294495725153	0.14732655974519773	4.497185485900058	0.12083151168458987	0.017801690925302288	3504	1871	0.3115172955974843	0.6324685534591195	5375	6555984	2776
ENSG00000131620	1.000033373048096	0.1169650080244392	6.5283746960123255	0.17540601468091738	0.0205163659146884	3886	1490	0.23643867924528306	0.7073506289308176	5376	5790140	2777
ENSG00000111252	1.0171547078053473	0.15021547835103793	2.328006151483398	0.06254945529302872	0.00939589634743917	1714	3662	0.6633254716981132	0.28046383647798745	5376	6276668	2778
ENSG00000171056	1.0075118851079112	0.16806939682653693	2.440640297416345	0.06557573787867058	0.011021274711723254	2084	3292	0.5906053459119497	0.35318396226415094	5376	6860528	2779
ENSG00000072818	1.261421791364291	0.16210032610969521	0.7718527426765122	0.020738333784076513	0.0033616906693705122	528	4850	0.8964229559748428	0.04697327044025157	5378	2560800	2780
ENSG00000159173	1.0641032370135743	0.09266451770547135	2.6501914427567934	0.07120601080072597	0.006598270648579856	1076	4302	0.7887185534591195	0.1546776729559748	5378	4628952	2781
ENSG00000068079	1.0411464604574763	0.12237989206925268	2.3086249524986875	0.06202871635999498	0.007591067613330474	1307	4072	0.7433176100628931	0.19988207547169812	5379	5322104	2782
ENSG00000120875	1.0009731168482991	0.1368291165929062	3.8843455929029376	0.10436557517304658	0.014280249453638507	2846	2534	0.44084119496855345	0.5021619496855345	5380	7211764	2783
ENSG00000167741	1.000011894959134	0.09860997167265682	8.539324032498333	0.22943670765779303	0.022624747242802615	4133	1251	0.18789308176100628	0.7543238993710693	5384	5170383	2784
ENSG00000164283	1.0000376036863061	0.07686779240077823	9.777887655472533	0.26271474685602786	0.020194302621952157	3851	1533	0.2433176100628931	0.6988993710691824	5384	5903583	2785
ENSG00000104921	1.0964054890877752	0.142331503993641	1.4921381980015507	0.040091144710870844	0.005706232923524953	909	4477	0.8215408805031447	0.12028301886792447	5386	4069593	2786
ENSG00000196542	1.0000009010593636	0.09477312756901095	11.367796097527728	0.30543280709524695	0.028946822390598953	4604	785	0.09532232704402521	0.8459119496855346	5389	3614140	2787
ENSG00000181036	1.0510624449315444	0.16196602018334447	1.6281652339531778	0.04374595335408597	0.0070853579638875345	1197	4192	0.764937106918239	0.1762971698113207	5389	5017824	2788
ENSG00000101144	1.000001772621712	0.1232884683829896	8.19291175914648	0.2201292154970994	0.027139393824986445	4496	894	0.11654874213836475	0.8244889937106918	5390	4019424	2789
ENSG00000197106	1.0001761899729997	0.14438117962550168	4.4207447076513455	0.11877768161262657	0.017149261784413283	3402	1989	0.331564465408805	0.6092767295597484	5391	6766578	2790
ENSG00000077092	1.0002462142644335	0.14994349303384355	4.10647187722069	0.11033372009460818	0.016543823390403927	3301	2094	0.3514150943396226	0.5886399371069182	5395	6912294	2791
ENSG00000257108	1.0024333200190334	0.16478037339932788	2.892555762885935	0.0777179163628669	0.012806387278090942	2527	2868	0.5035377358490566	0.4365172955974843	5395	7247436	2792
ENSG00000144366	1.0027006930030469	0.1594174021915214	2.967261918058378	0.07972514014537077	0.01270957473132998	2501	2896	0.5086477987421384	0.43101415094339623	5397	7242896	2793
ENSG00000165194	1.0000075093459482	0.1448159134522165	6.054716852812789	0.16267965651879504	0.02355860305886213	4234	1166	0.1680424528301887	0.7710298742138365	5400	4936844	2794
ENSG00000049768	1.0814664363738176	0.15328030516542246	1.4686495815345206	0.03946004665098667	0.006048447992505044	986	4415	0.8064072327044025	0.13246855345911945	5401	4353190	2795
ENSG00000239467	1.0773631982764729	0.1095619921069006	2.0769405993752184	0.05580376283976625	0.006113971423785823	1007	4395	0.8022798742138365	0.13639937106918243	5402	4425765	2796
ENSG00000120129	1.0614704846763714	0.13584722621153703	1.7986847289076617	0.0483275140683689	0.006565158735886948	1097	4306	0.7845911949685535	0.15389150943396224	5403	4723682	2797
ENSG00000254042	1.002063697683682	0.17850030138535541	2.7170758908863255	0.07300307898948968	0.013031071601682816	2583	2820	0.49253144654088055	0.44595125786163525	5403	7284060	2798
ENSG00000280073	1.0376551221862227	0.12960576546324448	2.2102286204687993	0.059384978942299674	0.007696635652835404	1356	4051	0.733687106918239	0.20400943396226412	5407	5493156	2799
ENSG00000064692	1.000714203986681	0.16762371720465014	3.252736080032469	0.08739533178998275	0.01464953038097064	2952	2456	0.4200078616352201	0.5174921383647799	5408	7250112	2800
ENSG00000182511	1.0006023283837364	0.1463227183453247	3.7935592965414227	0.10192630610931759	0.014914134180813027	3013	2396	0.40801886792452835	0.5292845911949686	5409	7219148	2801
ENSG00000183549	1.0011246883714355	0.16402705561384665	3.152126773959043	0.08469213562862704	0.013891801640812251	2800	2609	0.4498820754716981	0.48742138364779874	5409	7305200	2802
ENSG00000130653	1.0035277565117826	0.15331530680995106	2.95976190526876	0.07952362791380624	0.012192189412245593	2390	3020	0.5304638364779874	0.4066430817610063	5410	7217800	2803
ENSG00000106560	1.0009698259005737	0.122360989240257	4.313897945876146	0.11590689592135844	0.014182482444704929	2848	2563	0.4404481132075472	0.4964622641509434	5411	7299424	2804
ENSG00000102230	1.0013495282662543	0.17264479338740246	2.934558730044308	0.07884646265763211	0.013612431254854439	2733	2679	0.4630503144654088	0.47366352201257866	5412	7321707	2805
ENSG00000246082	1.0000392321926768	0.1297148360008666	5.706164594734503	0.15331466670978616	0.019887186848787437	3837	1576	0.24606918238993714	0.6904481132075472	5413	6047112	2806
ENSG00000265369	1.000485699573459	0.1469987183686568	3.842386463152535	0.10323820671279363	0.015175884073459125	3089	2324	0.39308176100628933	0.543435534591195	5413	7178836	2807
ENSG00000144476	1.000011980169401	0.11188560139109421	7.397589949216054	0.19876030890631777	0.022238416694663022	4130	1284	0.1884827044025157	0.7478380503144655	5414	5302920	2808
ENSG00000003096	1.0003194147350394	0.13795928844123287	4.303331938329559	0.11562300577087926	0.015951267603587064	3223	2191	0.3667452830188679	0.5695754716981132	5414	7061593	2809
ENSG00000249641	1.0583795137468575	0.10823409455344944	2.2788306694633502	0.061228196063466044	0.006626978362070325	1127	4291	0.7786949685534591	0.1568396226415094	5418	4835957	2810
ENSG00000189221	1.0000282883061022	0.1273818003388476	5.9792895301495435	0.1606530562266131	0.02046427553208409	3920	1498	0.22975628930817615	0.7057783018867925	5418	5872160	2811
ENSG00000147889	1.0009698706298353	0.13109984438781344	4.0125619790843166	0.10781052531210683	0.014133943091785627	2847	2572	0.4406446540880503	0.49469339622641506	5419	7322484	2812
ENSG00000205890	1.0504368236101354	0.10174813952972646	2.539461001992386	0.06823087744476067	0.006942364838485174	1204	4220	0.7635613207547169	0.17079402515723274	5424	5080880	2813
ENSG00000146374	1.0000759453324242	0.17196917264906314	3.9856943321903384	0.10708863861212843	0.018415944582242244	3657	1768	0.28144654088050314	0.6527122641509434	5425	6465576	2814
ENSG00000267745	1.1499393243811282	0.12501310085643186	1.3272172939508726	0.035660008346290954	0.0044579682199360725	731	4695	0.8565251572327044	0.07743710691823902	5426	3432045	2815
ENSG00000139572	1.022836542603189	0.13517732382514155	2.3509843856820964	0.06316684027365191	0.008538724422682437	1570	3856	0.6916273584905661	0.2423349056603774	5426	6053920	2816
ENSG00000159307	1.00007944231178	0.13315714797422057	5.099331874905639	0.13701013243907711	0.01824387847915775	3637	1789	0.285377358490566	0.6485849056603774	5426	6506593	2817
ENSG00000085514	1.0770228120696252	0.13363088208484164	1.6843761623778641	0.04525624272863904	0.006047631635673735	1011	4416	0.8014937106918238	0.13227201257861632	5427	4464576	2818
ENSG00000115468	1.0000366712263629	0.09508454373295892	7.800707747408519	0.20959137938256928	0.019928900678953095	3859	1568	0.24174528301886788	0.6920204402515724	5427	6050912	2819
ENSG00000173083	1.0119511782980595	0.15877080127534277	2.332851105746627	0.06267963074376431	0.00995169519683007	1879	3548	0.6308962264150944	0.3028694968553459	5427	6666692	2820
ENSG00000078053	1.000000636863292	0.13009421141049993	8.29876682918121	0.222973356165052	0.029007542935844975	4648	780	0.08667452830188682	0.8468946540880503	5428	3625440	2821
ENSG00000183072	1.0004145920624659	0.13424455440223	4.270691961032386	0.11474602664459387	0.015404029216329914	3146	2283	0.38187893081761004	0.5514937106918238	5429	7182318	2822
ENSG00000251664	1.0362120653386413	0.07865691803469578	3.6309759704232785	0.09755797637705343	0.0076736097515206795	1376	4054	0.7297562893081762	0.2034198113207547	5430	5578304	2823
ENSG00000166394	1.0005175108933904	0.1445086177039178	3.8656436796971496	0.10386308746131345	0.015009111199495523	3071	2364	0.3966194968553459	0.5355738993710693	5435	7259844	2824
ENSG00000169252	1.0002686457357337	0.16179436938169944	3.7112553397061516	0.09971494267918798	0.016133316268711527	3274	2162	0.35672169811320753	0.5752751572327044	5436	7078388	2825
ENSG00000184588	1.0000164642584144	0.13051451453546312	6.107812046522766	0.16410623154872814	0.021418245142826555	4056	1381	0.20302672955974843	0.7287735849056604	5437	5601336	2826
ENSG00000279289	1.0628841884099176	0.1208402795021737	1.9526916318289125	0.052465410303287545	0.006339934845245491	1084	4354	0.7871462264150944	0.1444575471698113	5438	4719736	2827
ENSG00000162882	1.0005661362202691	0.18499771442028454	2.9969210236656707	0.0805220284607356	0.014896391225721188	3036	2402	0.40349842767295596	0.5281053459119497	5438	7292472	2828
ENSG00000155966	1.000122239777146	0.15872676027520818	4.107825917239739	0.11037010078268435	0.017518688528483706	3517	1923	0.3089622641509434	0.622248427672956	5440	6763191	2829
ENSG00000139219	1.000000592506352	0.07297194812828348	14.763998878911869	0.3966828383311554	0.028946719502081334	4655	786	0.08529874213836475	0.8457154088050315	5441	3658830	2830
ENSG00000185352	1.0000053299568092	0.10212004173559287	8.630932577374374	0.23189806910158994	0.023681440495057764	4286	1156	0.1578223270440252	0.7729952830188679	5442	4954616	2831
ENSG00000016402	1.0000091614894011	0.11207709490117929	7.518450889051926	0.20200763106142472	0.02264042843723371	4193	1249	0.17610062893081757	0.7547169811320755	5442	5237057	2832
ENSG00000268941	1.043830735083248	0.1569853807361657	1.6976149861253724	0.04561194677761649	0.007160408831001851	1271	4171	0.7503930817610063	0.18042452830188682	5442	5301341	2833
ENSG00000150687	1.000253210852544	0.1444383330382881	4.175356288481669	0.11218452379622629	0.016203745609821088	3290	2152	0.3535770440251572	0.5772405660377358	5442	7080080	2834
ENSG00000082397	1.0000002724300558	0.0998286692609313	11.435723186283584	0.3072578892148164	0.030673146200237776	4765	679	0.06367924528301883	0.8667452830188679	5444	3235435	2835
ENSG00000113763	1.00005117611421	0.11188230699071229	6.345636864312889	0.1704961686193227	0.01907550467820731	3763	1683	0.26061320754716977	0.6694182389937107	5446	6333129	2836
ENSG00000105559	1.0001846425057122	0.1434857628146611	4.343347260249288	0.11669814751303463	0.01674452271496562	3389	2058	0.3341194968553459	0.5957154088050314	5447	6974562	2837
ENSG00000178199	1.048603527321348	0.1349954579465481	1.909016746778085	0.05129194249772604	0.006924179266448539	1225	4223	0.7594339622641509	0.17020440251572322	5448	5173175	2838
ENSG00000075213	1.0004865791644002	0.1379311872142774	4.05005173257709	0.10881780944602062	0.015009369646946635	3087	2363	0.3934748427672956	0.5357704402515724	5450	7294581	2839
ENSG00000230798	1.0566934443946074	0.06393083520128169	3.828171820224453	0.10285628410843545	0.006575688148752596	1146	4305	0.7749606918238994	0.15408805031446537	5451	4933530	2840
ENSG00000256616	1.1261142382835356	0.1750833261980208	0.9996571707501803	0.026859040501397015	0.004702570149471946	795	4657	0.8439465408805031	0.08490566037735847	5452	3702315	2841
ENSG00000272168	1.0009209915437067	0.16031118146851994	3.2653945940979776	0.08773544393234636	0.014064972673459535	2867	2586	0.43671383647798745	0.491941823899371	5453	7414062	2842
ENSG00000196268	1.027627977279819	0.14668551333271698	2.0589522391550417	0.055320447049268924	0.0081147081732174	1494	3963	0.706564465408805	0.2213050314465409	5457	5920722	2843
ENSG00000170419	1.0000004527695836	0.09324808961114327	11.665460914223976	0.313430540319614	0.02922679911059242	4694	764	0.07763364779874216	0.8500393081761006	5458	3586216	2844
ENSG00000251095	1.0000809058248235	0.15334379580780855	4.377452875745164	0.11761450577537909	0.01803545475765605	3632	1826	0.2863600628930818	0.641312893081761	5458	6632032	2845
ENSG00000137642	1.0003272837848305	0.13049941912631138	4.461369613343145	0.11986920180501676	0.01564286120668928	3219	2240	0.36753144654088055	0.5599449685534591	5459	7210560	2846
ENSG00000204334	1.0770250532900274	0.10141232276471703	2.1615180203248627	0.058076210276006277	0.0058896433814619245	1010	4450	0.801690251572327	0.1255896226415094	5460	4494500	2847
ENSG00000170356	1.1620018898744537	0.08986490392979748	1.6655100418628406	0.04474934305358646	0.004021395414432098	698	4766	0.8630110062893082	0.06348270440251569	5464	3326668	2848
ENSG00000184828	1.000012256146273	0.11459532658028133	7.064664993758471	0.18981519739788874	0.02175193453571163	4124	1341	0.18966194968553463	0.7366352201257862	5465	5530284	2849
ENSG00000136404	1.0480776653533272	0.17049199130436554	1.498212213098248	0.04025434287746416	0.006863043075827569	1234	4232	0.7576650943396226	0.16843553459119498	5466	5222288	2850
ENSG00000161681	1.014578644380128	0.1578590848018279	2.1917771849750713	0.058889221128785425	0.009296198552082533	1784	3683	0.6495676100628931	0.27633647798742134	5467	6570472	2851
ENSG00000213401	1.0434654374424384	0.0596056462261115	4.426520933728864	0.11893287870889195	0.007089071092975243	1278	4190	0.7490172955974843	0.1766902515723271	5468	5354820	2852
ENSG00000211900	1.0590443148545465	0.13105658248175267	1.804061919227116	0.048471989771439745	0.0063525733255353645	1118	4351	0.7804638364779874	0.1450471698113207	5469	4864418	2853
ENSG00000089327	1.0005784641844406	0.14943882944681086	3.665333719781616	0.09848110903548264	0.014716901656886274	3028	2442	0.4050707547169812	0.5202437106918238	5470	7394376	2854
ENSG00000165795	1.0044649072820617	0.1452056374570037	2.951946449142605	0.079313640271271	0.011516787694625386	2300	3172	0.5481525157232705	0.37676886792452835	5472	7295600	2855
ENSG00000185149	1.0022866958408216	0.14492844651025344	3.2340403683619123	0.08689301070265928	0.012593269053735236	2548	2924	0.4994103773584906	0.42551100628930816	5472	7450352	2856
ENSG00000184060	1.0996559882677108	0.12062286220528153	1.5939251237875849	0.04282598145510003	0.0051657924598644735	899	4575	0.8235062893081762	0.10102201257861632	5474	4112925	2857
ENSG00000179455	1.0000379931622063	0.12684614951716486	5.71494513965132	0.15355058460088492	0.01947730041273192	3848	1627	0.2439072327044025	0.6804245283018868	5475	6260696	2858
ENSG00000167083	1.0921974892261923	0.1355428060654097	1.4821707687019434	0.03982333731140803	0.0053977668860775724	938	4538	0.8158411949685535	0.10829402515723274	5476	4256644	2859
ENSG00000165626	1.0000186138711098	0.11671071076364031	6.645285115799752	0.1785471932689221	0.020838369831268955	4021	1455	0.20990566037735847	0.7142295597484276	5476	5850555	2860
ENSG00000278385	1.020774365741374	0.18847978405239754	1.685139737171083	0.04527675864839333	0.008533753692641697	1618	3858	0.6821933962264151	0.24194182389937102	5476	6242244	2861
ENSG00000163762	1.0000244668622704	0.09590697967793091	7.859415706239172	0.2111687595986323	0.020252557935439904	3954	1524	0.22307389937106914	0.7006682389937107	5478	6025896	2862
ENSG00000115461	1.0000010021423318	0.09429305315935595	10.746141053376379	0.2887300228835069	0.027225235396456576	4593	886	0.09748427672955973	0.8260613207547169	5479	4069398	2863
ENSG00000010310	1.00583381089704	0.17048207944241567	2.4103226921874614	0.0647611568297127	0.01104061668342582	2190	3289	0.5697720125786163	0.35377358490566035	5479	7202910	2864
ENSG00000148735	1.0000099769127468	0.09894724637022329	8.2742474331645	0.22231456286075515	0.021997413823071632	4173	1307	0.18003144654088055	0.7433176100628931	5480	5454111	2865
ENSG00000133962	1.0127545930453283	0.09517740112921001	3.7258526610261073	0.10010714718290836	0.009527938103328535	1847	3633	0.637185534591195	0.28616352201257866	5480	6710151	2866
ENSG00000188820	1.0812008340264818	0.142887262237299	1.4608470344983382	0.03925040585313033	0.00560838303405665	988	4493	0.8060141509433962	0.11713836477987416	5481	4439084	2867
ENSG00000212978	1.0110872635540544	0.08593159410943349	4.259159878482919	0.11443617974775305	0.009833683349518089	1905	3576	0.6257861635220126	0.29736635220125784	5481	6812280	2868
ENSG00000269981	1.2098469732092116	0.05982856688744567	1.9679695313806442	0.052875900754257146	0.003163489365010013	614	4868	0.8795204402515724	0.04343553459119498	5482	2988952	2869
ENSG00000143674	1.0050795844298233	0.1700844235421037	2.459239856140217	0.06607547550441852	0.011238409161439417	2237	3246	0.5605345911949686	0.3622248427672956	5483	7261302	2870
ENSG00000126262	1.0000452268288924	0.13149228664373874	5.381608043916126	0.14459439960373147	0.01901304823977316	3797	1687	0.25393081761006286	0.6686320754716981	5484	6405539	2871
ENSG00000180061	1.0800912307139081	0.15774687244402305	1.3232988187316632	0.035554725767727065	0.005608646790463861	994	4492	0.8048349056603774	0.11733490566037741	5486	4465048	2872
ENSG00000083782	1.0070868341672252	0.10827556590801425	3.6597881729451576	0.09833210988713356	0.01064696484495843	2108	3379	0.5858883647798743	0.3360849056603774	5487	7122932	2873
ENSG00000099260	1.0001865467515318	0.13726663747014203	4.468230815460602	0.1200535503106377	0.016479347167493764	3385	2109	0.33490566037735847	0.5856918238993711	5494	7138965	2874
ENSG00000196139	1.0017376147610828	0.0989130987970752	4.838356821118349	0.12999818900024113	0.012858523712021706	2633	2862	0.4827044025157232	0.43769654088050314	5495	7535646	2875
ENSG00000267547	1.048839688869916	0.1331138889879767	1.8761083577471849	0.05040775161741317	0.006709971852933839	1223	4273	0.7598270440251572	0.160377358490566	5496	5225879	2876
ENSG00000206077	1.0178076530160216	0.10027563842671322	3.251026836278429	0.08734940739854156	0.008759017593083823	1696	3800	0.6668632075471699	0.25334119496855345	5496	6444800	2877
ENSG00000111432	1.0061033693911983	0.08048165522699795	5.047112980441778	0.13560710203787418	0.010913884032544521	2172	3324	0.573309748427673	0.3468946540880503	5496	7219728	2878
ENSG00000109738	1.000186891342132	0.14198317296861587	4.315431419567067	0.11594809767849819	0.016462678808068176	3383	2114	0.33529874213836475	0.5847091194968553	5497	7151662	2879
ENSG00000142606	1.0006606698092462	0.14473797078740733	3.6968080663550835	0.09932676970206634	0.014376355091545215	2982	2515	0.41411163522012584	0.5058962264150944	5497	7499730	2880
ENSG00000114115	1.0000027393271367	0.10468655865561635	8.74764800656165	0.235034008633066	0.024604901530830104	4422	1077	0.1310927672955975	0.7885220125786163	5499	4762494	2881
ENSG00000137101	1.0187336392278432	0.16068611324033885	2.0054061348363774	0.05388175683959659	0.00865805008111582	1671	3828	0.6717767295597484	0.24783805031446537	5499	6396588	2882
ENSG00000163704	1.0103261570078446	0.17857255052755036	2.057500511982239	0.05528144167815552	0.009871748037308255	1934	3565	0.6200864779874213	0.29952830188679247	5499	6894710	2883
ENSG00000197467	1.0004057642329727	0.13722772681472625	4.090694486960393	0.10990980920154707	0.015082673271368587	3154	2345	0.38030660377358494	0.5393081761006289	5499	7396130	2884
ENSG00000145246	1.0023031383569458	0.14563778831416418	3.1898919277671745	0.08570681928753872	0.012482151604478887	2546	2953	0.49980345911949686	0.41981132075471694	5499	7518338	2885
ENSG00000113262	1.0255058679593856	0.1657738514785175	1.8131077370339936	0.048715035081324194	0.008075678990342207	1526	3975	0.7002751572327044	0.21894654088050314	5501	6065850	2886
ENSG00000078725	1.0000362776420089	0.13186524533526092	5.482559975593316	0.14730680151605618	0.019424647521467334	3862	1640	0.24115566037735847	0.6778694968553459	5502	6333680	2887
ENSG00000178502	1.0568400865940637	0.15091813588732728	1.558304735913018	0.04186892390718038	0.006318779947680014	1144	4359	0.7753537735849056	0.1434748427672956	5503	4986696	2888
ENSG00000283486	1.208552205144367	0.055505385357562755	2.0563481479263777	0.05525047967062497	0.003066699165308226	618	4886	0.8787342767295597	0.03989779874213839	5504	3019548	2889
ENSG00000126947	1.0001077748814011	0.11318173667689194	5.724166875687458	0.15379835652603596	0.017407165089668546	3558	1947	0.30090408805031443	0.6175314465408805	5505	6927426	2890
ENSG00000145911	1.0014801632337116	0.12814510425271425	3.8057247335345097	0.10225317013278006	0.013103243146835628	2698	2807	0.4699292452830188	0.44850628930817615	5505	7573286	2891
ENSG00000163568	1.002995107598314	0.14029674275076634	3.2054478888746285	0.08612478076638222	0.012083026211647275	2459	3050	0.5169025157232705	0.4007468553459119	5509	7499950	2892
ENSG00000171903	1.0000217415139785	0.11268734340575605	6.667543707022326	0.17914524270091137	0.02018740148374511	3975	1535	0.21894654088050314	0.6985062893081762	5510	6101625	2893
ENSG00000112541	1.0000569160429307	0.13420029655191001	5.085373847724288	0.1366351046511984	0.018336471563592086	3734	1778	0.266312893081761	0.6507468553459119	5512	6639052	2894
ENSG00000072195	1.0005787587545143	0.15032742293732596	3.594640474673863	0.09658170513074255	0.014518878835197238	3027	2488	0.4052672955974843	0.5112028301886793	5515	7531176	2895
ENSG00000100583	1.0383457931691134	0.1930191329265733	1.3773503486934735	0.0370069958808072	0.007143058257130675	1344	4173	0.7360455974842768	0.18003144654088055	5517	5608512	2896
ENSG00000272927	1.010285173168321	0.12330517370860208	2.9594963724865866	0.07951649351217384	0.009804795045217526	1936	3584	0.6196933962264151	0.29579402515723274	5520	6938624	2897
ENSG00000129988	1.0001582357188759	0.10332067294786546	5.971787321171304	0.16045148498729989	0.016577955404372156	3434	2086	0.3252751572327044	0.5902122641509434	5520	7163324	2898
ENSG00000267121	1.0279906478211442	0.12986963966877763	2.240874339004171	0.06020837582217027	0.007819240073067595	1488	4033	0.7077437106918238	0.2075471698113207	5521	6001104	2899
ENSG00000240253	1.0138530762946283	0.09847605091752629	3.4628826945741165	0.09304160392842982	0.009162369725904368	1813	3713	0.6438679245283019	0.2704402515723271	5526	6731669	2900
ENSG00000259345	1.006421803263897	0.13766645058980667	2.8851589150845847	0.07751917599417625	0.010671789811764792	2154	3372	0.5768474842767295	0.3374606918238994	5526	7263288	2901
ENSG00000132321	1.0000054611428493	0.13741709597547533	6.133029380119646	0.16478377721561666	0.022644108128839737	4280	1247	0.15900157232704404	0.7551100628930818	5527	5337160	2902
ENSG00000166523	1.023051924721724	0.1528355954412946	1.9767389591617432	0.053111519947354975	0.008117330775946193	1566	3961	0.6924135220125787	0.22169811320754718	5527	6202926	2903
ENSG00000117600	1.0002259783549572	0.12997441408385474	4.557249269421583	0.12244532053974083	0.015914758794462597	3333	2195	0.34512578616352196	0.5687893081761006	5528	7315935	2904
ENSG00000175164	1.0000032338525173	0.12231974141406188	7.213449814826327	0.19381278542304717	0.02370712979568619	4380	1151	0.1393474842767296	0.7739779874213837	5531	5041380	2905
ENSG00000166750	1.00045178529086	0.16008952567396076	3.453011427523935	0.09277638024049092	0.014852526706447218	3118	2413	0.3873820754716981	0.5259433962264151	5531	7523734	2906
ENSG00000110693	1.0047608799908267	0.14584419134331753	2.8415864080556434	0.0763484589070778	0.011134979249611269	2263	3269	0.5554245283018868	0.3577044025157232	5532	7397747	2907
ENSG00000244306	1.0699198563820655	0.11050171441720741	1.9081343849890344	0.05126823497906621	0.005665227860331058	1045	4488	0.7948113207547169	0.11812106918238996	5533	4689960	2908
ENSG00000198650	1.000003556485566	0.11413629301583074	7.662668834690668	0.2058825151279616	0.02349866707348123	4364	1170	0.14249213836477992	0.7702437106918238	5534	5105880	2909
ENSG00000159184	1.000004103278464	0.08961557401420767	9.648851536467255	0.2592477719291087	0.023232637893331468	4339	1195	0.14740566037735847	0.7653301886792453	5534	5185105	2910
ENSG00000151778	1.0000610735366948	0.1266479676761988	5.307718762474473	0.14260912379025317	0.018061155700119017	3712	1824	0.27063679245283023	0.6417059748427674	5536	6770688	2911
ENSG00000203797	1.0001187627918602	0.1297516860914418	4.882771054617289	0.13119152180601826	0.017022321155233024	3529	2007	0.30660377358490565	0.6057389937106918	5536	7082703	2912
ENSG00000058335	1.0001066327899883	0.17056280032147772	3.757336242817605	0.10095305598365482	0.01721883592958308	3563	1974	0.29992138364779874	0.6122248427672956	5537	7033362	2913
ENSG00000121316	1.0036411587421046	0.1022692378227735	4.201316181713571	0.11288202074230867	0.011544358225210417	2377	3163	0.5330188679245282	0.3785377358490566	5540	7518451	2914
ENSG00000187912	1.0377078962386457	0.14867623727635215	1.7765622631594045	0.04773312208988961	0.007096780985777515	1354	4187	0.7340801886792453	0.1772798742138365	5541	5669198	2915
ENSG00000074370	1.0000177056388222	0.10328967948609365	7.342392804973576	0.19727725814036606	0.02037670476321377	4036	1505	0.2069575471698113	0.7044025157232705	5541	6074180	2916
ENSG00000088726	1.0001911379158643	0.14176884518149763	4.231643881269809	0.11369687300819491	0.01611867438711918	3378	2164	0.33628144654088055	0.5748820754716981	5542	7309992	2917
ENSG00000128383	1.0124121835897746	0.13340501954741285	2.5896024711401404	0.06957809105963268	0.00928206659788197	1855	3688	0.6356132075471699	0.27535377358490565	5543	6841240	2918
ENSG00000109819	1.0001335078590055	0.1471592528938406	4.245856142854907	0.11407873163003036	0.01678774091775221	3495	2052	0.31328616352201255	0.5968946540880503	5547	7171740	2919
ENSG00000225345	1.2189191877757422	0.062399851260091385	1.5140405665418195	0.04067962306216216	0.002538402428395502	600	4948	0.8822720125786163	0.02771226415094341	5548	2968800	2920
ENSG00000184731	1.0007838389859607	0.1301764559265856	3.9477869862407764	0.10607013449896763	0.013807834188731867	2921	2628	0.42610062893081757	0.483687106918239	5549	7676388	2921
ENSG00000204632	1.0012562239418257	0.10219327289855495	4.797939165235047	0.12891223724787537	0.013173963441035389	2762	2787	0.45735062893081757	0.452437106918239	5549	7697694	2922
ENSG00000226419	1.0154707714528086	0.18256241206682822	1.7975579571636	0.04829723968151398	0.008817260572426922	1759	3791	0.6544811320754718	0.2551100628930818	5550	6668369	2923
ENSG00000136286	1.0295365714822178	0.12646478889450985	2.2077171915293743	0.05931750123736832	0.007501575271733611	1470	4084	0.7112814465408805	0.19752358490566035	5554	6003480	2924
ENSG00000253549	1.0564986296425776	0.07868858190665212	2.8642119066528218	0.07695636649876733	0.0060555873484765925	1148	4408	0.7745676100628931	0.13384433962264153	5556	5060384	2925
ENSG00000140557	1.0002020799976181	0.15240108840472896	3.8979860801289288	0.10473207121747223	0.015961281644424355	3367	2189	0.33844339622641506	0.5699685534591195	5556	7370363	2926
ENSG00000117480	1.0158115281787896	0.18846403302508347	1.7256031958772629	0.04636394104253382	0.008737935315813117	1751	3806	0.6560534591194969	0.2521619496855346	5557	6664306	2927
ENSG00000168243	1.0000337022000765	0.10434812489131741	6.808067354075569	0.18292086742310956	0.01908744951909475	3882	1678	0.2372248427672956	0.6704009433962264	5560	6513996	2928
ENSG00000236548	1.0417974059143917	0.16322339361157115	1.5343560232305016	0.04122546386636127	0.00672896011547869	1297	4267	0.7452830188679245	0.16155660377358494	5564	5534299	2929
ENSG00000177706	1.0006716218128286	0.154029404530344	3.3945444454014835	0.09120547464728349	0.014048324949828462	2976	2588	0.41529088050314467	0.49154874213836475	5564	7701888	2930
ENSG00000188013	1.0073629948576441	0.15153468361617164	2.5115145980872806	0.06748000642985828	0.010225561424765803	2091	3476	0.5892295597484276	0.3170204402515723	5567	7268316	2931
ENSG00000243896	1.1620020115348733	0.08256007137506625	1.4172875883319096	0.0380800396885736	0.003143890794653992	697	4871	0.8632075471698113	0.04284591194968557	5568	3395087	2932
ENSG00000234883	1.0147393835067202	0.1622667560684373	2.0148162428824095	0.05413458999132722	0.008784244308987561	1778	3794	0.6507468553459119	0.2545204402515723	5572	6745732	2933
ENSG00000175264	1.0000003573166845	0.10130787708691928	10.23628187932094	0.2750309982512051	0.027862806565925796	4720	853	0.07252358490566035	0.8325471698113207	5573	4026160	2934
ENSG00000254245	1.04422244057174	0.14453643390745444	1.6856728563509888	0.04529108262871793	0.006546211570962746	1263	4310	0.7519654088050315	0.1531053459119497	5573	5443530	2935
ENSG00000112812	1.0000948811858676	0.10142470159955436	6.316699654272846	0.1697186763757772	0.017213666107284538	3597	1976	0.29323899371069184	0.6118317610062893	5573	7107672	2936
ENSG00000152086	1.0004465094813075	0.1587334982358862	3.4468412187649453	0.09261059751836488	0.01470040411780574	3127	2447	0.38561320754716977	0.5192610062893082	5574	7651769	2937
ENSG00000196890	1.0891798758308622	0.05463977228515291	3.3295568771973585	0.08945937230584577	0.004888039731564128	952	4623	0.8130896226415094	0.09158805031446537	5575	4401096	2938
ENSG00000204740	1.0000040263197643	0.14439500455696797	5.885211599355389	0.15812534670036466	0.022832510157371293	4348	1229	0.14563679245283023	0.7586477987421384	5577	5343692	2939
ENSG00000102962	1.0003381372133966	0.12630366985458436	4.4176186741326005	0.11869369055714733	0.014991448705952133	3208	2371	0.36969339622641506	0.5341981132075472	5579	7606168	2940
ENSG00000235098	1.0035787148336783	0.15338091851494917	2.7713918612675346	0.07446245415432423	0.011421119613067543	2384	3195	0.5316430817610063	0.37224842767295596	5579	7616880	2941
ENSG00000057019	1.0002370809462908	0.143327646107529	4.025928390166611	0.10816965740971211	0.015503702376791868	3313	2267	0.34905660377358494	0.5546383647798743	5580	7510571	2942
ENSG00000172915	1.0045377290108026	0.16343341862039928	2.5168538376662664	0.06762346246288112	0.011051933649256907	2294	3287	0.5493317610062893	0.35416666666666663	5581	7540378	2943
ENSG00000049283	1.0018212516729466	0.13708685822371985	3.386932627450449	0.091000958406498	0.012475035483294218	2624	2957	0.48447327044025157	0.4190251572327044	5581	7759168	2944
ENSG00000133328	1.0009668450145544	0.13017222575630816	3.8342426097520326	0.10301939560962575	0.013410264022574624	2851	2731	0.43985849056603776	0.46344339622641506	5582	7786081	2945
ENSG00000213145	1.0123630038792422	0.1670583077680686	2.0318895174885125	0.05459331903119663	0.009120267492794003	1858	3725	0.6350235849056604	0.26808176100628933	5583	6921050	2946
ENSG00000287226	1.0006789663455504	0.13432246791994973	3.8480676338802593	0.10339084983799304	0.01388771411058016	2970	2613	0.4164701257861635	0.4866352201257862	5583	7760610	2947
ENSG00000089692	1.0323168765939275	0.16224194346515936	1.6645196481429552	0.04472273290581472	0.007255903103712614	1430	4154	0.7191430817610063	0.18376572327044027	5584	5940220	2948
ENSG00000179855	1.001611694194605	0.10805155315067387	4.34132418927071	0.11664379113272673	0.012603542797273925	2662	2922	0.4770047169811321	0.42590408805031443	5584	7778364	2949
ENSG00000173559	1.0027676210130068	0.19662905068756165	2.242991499683554	0.06026526022824404	0.01184990090811849	2490	3096	0.510809748427673	0.39170597484276726	5586	7709040	2950
ENSG00000137868	1.0000282608036357	0.12343788786815758	5.793710567193972	0.15566687393524775	0.019215190129605736	3921	1666	0.2295597484276729	0.6727594339622642	5587	6532386	2951
ENSG00000139679	1.0004917273928893	0.17018285016910328	3.1605234307417653	0.08491773911670508	0.014451542872797221	3085	2505	0.3938679245283019	0.5078616352201257	5590	7727925	2952
ENSG00000211753	1.1354824862399384	0.12776993021961858	1.0528918485880927	0.028289363225990998	0.003614529965342314	776	4816	0.8476808176100629	0.05365566037735847	5592	3737216	2953
ENSG00000157851	1.0002022911007868	0.12177844644459884	4.807811617070437	0.1291774927689215	0.01573103438500766	3366	2226	0.3386399371069182	0.5626965408805031	5592	7492716	2954
ENSG00000140807	1.000021916635435	0.12458380772042339	5.832030501401109	0.15669646357357145	0.019521842088320154	3973	1620	0.2193396226415094	0.6818003144654088	5593	6436260	2955
ENSG00000198440	1.010154674693134	0.1021887154526549	3.4333918810236854	0.0922492373264119	0.009426831063873136	1940	3653	0.6189072327044025	0.2822327044025157	5593	7086820	2956
ENSG00000233508	1.0005412654622756	0.12187601350540146	4.3568533962980895	0.11706103377621213	0.014266932133465887	3056	2538	0.3995676100628931	0.501375786163522	5594	7756128	2957
ENSG00000153292	1.000041404477268	0.14762726308403204	4.630643557965124	0.12441729675943107	0.018367385000908617	3820	1775	0.2494103773584906	0.6513364779874213	5595	6780500	2958
ENSG00000143473	1.0004108693875664	0.1658480978527263	3.292347766039132	0.08845962854082101	0.014670861130253903	3148	2450	0.38148584905660377	0.5186713836477987	5598	7712600	2959
ENSG00000189334	1.000008942441629	0.08792830379575634	8.988976650057356	0.24151808737471514	0.021236275758853975	4196	1403	0.17551100628930816	0.7244496855345912	5599	5886988	2960
ENSG00000114270	1.0038583895529445	0.14223353887761753	2.946535784342903	0.07916826516743852	0.0112603825215664	2362	3239	0.5359669811320755	0.36360062893081757	5601	7650518	2961
ENSG00000152527	1.000132512491364	0.1453664223157113	4.2230448303035875	0.11346583154224713	0.016494121986373653	3499	2103	0.3125	0.58687106918239	5602	7358397	2962
ENSG00000127528	1.00659606511638	0.16526369356168652	2.3104929934478933	0.062078907354448945	0.010259389521669979	2139	3463	0.5797955974842768	0.3195754716981132	5602	7407357	2963
ENSG00000287331	1.000683063906956	0.15631915714655384	3.278784501287539	0.08809520732927623	0.013770968558363373	2968	2634	0.41686320754716977	0.4825078616352201	5602	7817712	2964
ENSG00000269397	1.0930181043223364	0.08382211831805202	2.03049479385449	0.05455584524551233	0.0045729865151106705	929	4678	0.8176100628930818	0.08077830188679247	5607	4345862	2965
ENSG00000104219	1.0000343677945693	0.09994618074089424	6.9645413643587135	0.18712505051965764	0.01870243412038667	3875	1734	0.23860062893081757	0.6593946540880503	5609	6719250	2966
ENSG00000280079	1.0477918032757714	0.09130424540825163	2.5608811332590777	0.06880639892359482	0.0062823163329779625	1239	4371	0.7566823899371069	0.14111635220125784	5610	5415669	2967
ENSG00000153291	1.013978448548628	0.14423735276039026	2.255680589328433	0.060606193882970796	0.008741676966562665	1807	3805	0.6450471698113207	0.25235849056603776	5612	6875635	2968
ENSG00000253802	1.000393525078729	0.08265410341455356	6.610212689996361	0.17760485850386598	0.014679770341705691	3163	2449	0.3785377358490566	0.5188679245283019	5612	7746187	2969
ENSG00000254415	1.0070740011403652	0.09678426695908615	3.897576231699696	0.10472105930670693	0.010135350960178617	2110	3503	0.585495283018868	0.31171383647798745	5613	7391330	2970
ENSG00000180155	1.000010033174332	0.11248692124972771	6.934023582521846	0.18630509107520718	0.02095688610820018	4172	1443	0.18022798742138368	0.7165880503144655	5615	6020196	2971
ENSG00000115457	1.00002956200967	0.113046677074174	6.21717507710345	0.16704462498366723	0.01888383977750513	3907	1710	0.23231132075471694	0.6641116352201257	5617	6680970	2972
ENSG00000132170	1.0010252862240032	0.12808062692562253	3.8249870456100283	0.10277071478241094	0.013162937578925536	2828	2792	0.44437893081761004	0.4514544025157232	5620	7895776	2973
ENSG00000256650	1.0154518499262901	0.1747353175808945	1.816710975659799	0.048811847803743896	0.008529153727697478	1760	3861	0.6542845911949686	0.2413522012578616	5621	6795360	2974
ENSG00000102316	1.0203560547505668	0.1869150895246409	1.589973945087653	0.042719820191183845	0.00798497901551169	1633	3992	0.679245283018868	0.2156053459119497	5625	6518936	2975
ENSG00000256894	1.036606304517859	0.1504792106632497	1.6733388219233754	0.044959688686944575	0.006765498465276857	1369	4257	0.7311320754716981	0.16352201257861632	5626	5827833	2976
ENSG00000173947	1.0002077294493164	0.12871632346987918	4.486555118012958	0.12054589228428075	0.015516224064228696	3360	2266	0.33981918238993714	0.5548349056603774	5626	7613760	2977
ENSG00000276231	1.0002934395703125	0.14665326480955215	3.8028965973901983	0.10217718305894502	0.014984617484637551	3255	2373	0.36045597484276726	0.5338050314465409	5628	7724115	2978
ENSG00000185008	1.0000004085528482	0.10418571188749597	9.526922295816622	0.2559717463987938	0.02666859862164391	4706	925	0.07527515723270439	0.8183962264150944	5631	4353050	2979
ENSG00000077935	1.0006450303445817	0.14750571744836014	3.46549486958863	0.09311178850426687	0.013734521166221855	2988	2644	0.4129323899371069	0.4805424528301887	5632	7900272	2980
ENSG00000090659	1.0255607755034524	0.13819286039010226	1.9962477860292336	0.05363568801847024	0.007412069146263538	1524	4111	0.7006682389937107	0.19221698113207553	5635	6265164	2981
ENSG00000107807	1.0003060007389755	0.11154732936864595	4.975531762654822	0.13368383985966525	0.0149120753160914	3238	2398	0.3637971698113207	0.5288915094339622	5636	7764724	2982
ENSG00000173013	1.0591683896746216	0.18698117561648905	1.0916680705702828	0.02933121251911339	0.005484384599080903	1117	4520	0.7806603773584906	0.11183176100628933	5637	5048840	2983
ENSG00000149599	1.0015003129852036	0.1142119385768816	4.074770292661208	0.10948195394061501	0.012504146198742502	2692	2945	0.47110849056603776	0.42138364779874216	5637	7927940	2984
ENSG00000198598	1.0004565414316504	0.1398971152567694	3.812877388906965	0.10244534947782206	0.014331808863418893	3113	2527	0.3883647798742138	0.5035377358490566	5640	7866551	2985
ENSG00000114346	1.1365953834883193	0.14406319220960193	0.8128907558678317	0.021840953452752877	0.0031464774753049065	771	4870	0.8486635220125787	0.043042452830188704	5641	3754770	2986
ENSG00000170369	1.0000375414423022	0.14319091645143486	4.739996115328304	0.1273554087973259	0.018236137700736225	3853	1790	0.24292452830188682	0.6483883647798743	5643	6896870	2987
ENSG00000107281	1.014598654075939	0.16606044730040434	1.906263056032711	0.05121795564160934	0.008505276623657914	1782	3867	0.6499606918238994	0.24017295597484278	5649	6890994	2988
ENSG00000164129	1.0028216006576063	0.08193491881182095	5.24252485938667	0.14085747759122133	0.01154114599047461	2483	3166	0.512185534591195	0.3779481132075472	5649	7861178	2989
ENSG00000138311	1.0007936837414064	0.1292617112512974	3.8593041199873164	0.10369275457521045	0.0134035029007525	2917	2733	0.42688679245283023	0.4630503144654088	5650	7972161	2990
ENSG00000143217	1.0008196930156517	0.10995501631836303	4.520631736409234	0.12146147144525389	0.013355298074815277	2910	2740	0.4282625786163522	0.4616745283018868	5650	7973400	2991
ENSG00000260586	1.0342223690033288	0.16564410782242633	1.5260167833167	0.04100140306917059	0.006791640830860456	1401	4251	0.7248427672955975	0.16470125786163525	5652	5955651	2992
ENSG00000196083	1.0046387328931103	0.16643973612046015	2.396687266516487	0.06439479678042136	0.010717852983663987	2285	3368	0.5511006289308176	0.3382468553459119	5653	7695880	2993
ENSG00000230006	1.0001542198402962	0.12398195415481958	4.747634184156808	0.1275606303532952	0.015815216224422134	3441	2213	0.32389937106918243	0.565251572327044	5654	7614933	2994
ENSG00000197696	1.0046991837138546	0.17689197367473325	2.23995696114578	0.06018372748294502	0.01064601833756043	2273	3381	0.5534591194968553	0.335691823899371	5654	7685013	2995
ENSG00000160886	1.0000188060942172	0.1287925188935676	5.615414491374058	0.15087637008872057	0.019431747745244442	4019	1636	0.21029874213836475	0.6786556603773585	5655	6575084	2996
ENSG00000021645	1.0000369623539456	0.13014218311300896	5.196202144791607	0.13961286723494312	0.018169523332622176	3857	1799	0.24213836477987416	0.6466194968553459	5656	6938743	2997
ENSG00000256229	1.0000378499895104	0.09362471716849326	7.206508273829688	0.19362627835219715	0.018128205547112405	3849	1807	0.24371069182389937	0.6450471698113207	5656	6955143	2998
ENSG00000160111	1.0000634544568925	0.12848218843575773	5.017673766843105	0.13481612183634903	0.01732147036995587	3697	1959	0.2735849056603774	0.6151729559748428	5656	7242423	2999
ENSG00000182636	1.0000162030236868	0.12265400187746889	5.9773045515708025	0.1605997233224928	0.019698198765918017	4062	1595	0.2018474842767296	0.6867138364779874	5657	6478890	3000
ENSG00000198910	1.000065611170568	0.1446500280971648	4.437179529904991	0.11921925655397639	0.01724506881025578	3689	1968	0.2751572327044025	0.6134040880503144	5657	7259952	3001
ENSG00000111275	1.000006184953518	0.11652143171834477	6.797074164856285	0.1826254996479165	0.0212797846872533	4265	1393	0.16194968553459121	0.7264150943396226	5658	5941145	3002
ENSG00000050555	1.0000996618668272	0.13750405170629415	4.496135852506072	0.12080330987034235	0.01661094456670303	3576	2083	0.29736635220125784	0.5908018867924528	5659	7448808	3003
ENSG00000109956	1.0000051166757506	0.15834785401917265	5.063594970554297	0.13604994429712947	0.021543216718878426	4293	1367	0.15644654088050314	0.7315251572327044	5660	5868531	3004
ENSG00000066735	1.0008920889988173	0.12982190193855078	3.779392962573906	0.10154568148227239	0.013182853503674877	2876	2784	0.4349449685534591	0.45302672955974843	5660	8006784	3005
ENSG00000089041	1.002851471659045	0.12131567099746506	3.5158012596323713	0.0944634332552868	0.011459894790089374	2475	3186	0.5137578616352201	0.3740172955974843	5661	7885350	3006
ENSG00000115919	1.0000384313225572	0.13145416935274845	5.114336848443818	0.13741328984521256	0.01806354987463088	3844	1821	0.24469339622641506	0.6422955974842768	5665	6999924	3007
ENSG00000101384	1.0006296562404051	0.14034906903308456	3.6215228722578847	0.09730398815597414	0.013656524150897258	2997	2669	0.41116352201257866	0.47562893081761004	5666	7998993	3008
ENSG00000184956	1.0000001392267535	0.08388843897509876	12.568926548980794	0.3377050824182251	0.028329552198021975	4841	827	0.04874213836477992	0.8376572327044025	5668	4003507	3009
ENSG00000168461	1.0021550395430248	0.1447126814347236	3.0445586451506417	0.08180196806632546	0.011837782145515589	2569	3099	0.4952830188679245	0.39111635220125784	5668	7961331	3010
ENSG00000116729	1.000245390320524	0.13657035479603927	4.087300641501776	0.10981862250745267	0.014997968239055115	3302	2367	0.35121855345911945	0.5349842767295597	5669	7815834	3011
ENSG00000267454	1.0168296767461784	0.12280794423801202	2.4845519287476656	0.06675556664289109	0.008198113905857065	1727	3944	0.6607704402515724	0.22503930817610063	5671	6811288	3012
ENSG00000138795	1.0000117854142252	0.13372880746065816	5.6175811795626185	0.15093458521237818	0.020184302085020422	4136	1536	0.18730345911949686	0.698309748427673	5672	6352896	3013
ENSG00000132561	1.0001505068081984	0.13814429782403342	4.251146987623906	0.11422088737911631	0.015778964283826025	3453	2219	0.32154088050314467	0.5640723270440251	5672	7662207	3014
ENSG00000282221	1.0808668461674107	0.10452202382898665	1.6094686628406216	0.04324360917505853	0.0045199095486468535	991	4682	0.8054245283018868	0.07999213836477992	5673	4639862	3015
ENSG00000253998	1.0032070069181	0.11816182039571753	3.5429277765089986	0.0951922753391228	0.01124809254168112	2430	3243	0.5226022012578616	0.362814465408805	5673	7880490	3016
ENSG00000237499	1.004228167289614	0.19296052603842415	2.0806152898494967	0.05590249534843687	0.010786974909294937	2320	3355	0.5442216981132075	0.3408018867924528	5675	7783600	3017
ENSG00000136274	1.0011472106272252	0.1496893094111267	3.1679752144895077	0.08511795551823208	0.012741247980011161	2792	2883	0.4514544025157232	0.43356918238993714	5675	8049336	3018
ENSG00000157703	1.000822462638571	0.15318651204396175	3.214475154013863	0.0863673275985223	0.013230309669375825	2908	2768	0.42865566037735847	0.45617138364779874	5676	8049344	3019
ENSG00000035720	1.0168592549357651	0.13009244004505266	2.336020607199207	0.06276478970663175	0.00816522464185033	1726	3951	0.6609669811320755	0.22366352201257866	5677	6819426	3020
ENSG00000124882	1.0001084682284043	0.13250327180074276	4.609542149463616	0.12385033880408203	0.016410575105171358	3556	2123	0.3012971698113207	0.582940251572327	5679	7549388	3021
ENSG00000003400	1.0015202126018947	0.16033702548680237	2.854290457603736	0.07668979450824985	0.012296213536646892	2683	2996	0.472877358490566	0.4113600628930818	5679	8038268	3022
ENSG00000158406	1.0295555127646276	0.0763867372389025	3.407139784047895	0.09154388937658403	0.006992739023636283	1469	4213	0.7114779874213837	0.1721698113207547	5682	6188897	3023
ENSG00000179772	1.015278161893321	0.13155085773719116	2.3486038932826387	0.06310288060463626	0.008301238069227463	1765	3917	0.6533018867924528	0.23034591194968557	5682	6913505	3024
ENSG00000185518	1.0003034889223663	0.14958213746047952	3.661748324394859	0.09838477572970127	0.014716605047218624	3240	2443	0.36340408805031443	0.5200471698113207	5683	7915320	3025
ENSG00000161642	1.0027598143695309	0.15662363842803947	2.7182158046053373	0.0730337064782357	0.011438804836506753	2492	3192	0.5104166666666667	0.3728380503144654	5684	7954464	3026
ENSG00000013588	1.000046482949708	0.11209727118260022	5.863282164613578	0.1575361411275571	0.017659371533036147	3785	1902	0.2562893081761006	0.626375786163522	5687	7199070	3027
ENSG00000109743	1.0014405644811721	0.16375805221318787	2.811546452314851	0.07554133781445697	0.01237050234207391	2707	2981	0.4681603773584906	0.414308176100629	5688	8069567	3028
ENSG00000184838	1.0000544830006282	0.1552783382710366	4.182720175632149	0.11238237856985236	0.017450548995273228	3750	1939	0.26316823899371067	0.6191037735849056	5689	7271250	3029
ENSG00000173208	1.000408905145184	0.17282730297704943	3.0710721190057724	0.08251433875594226	0.014260730624124125	3150	2540	0.3810927672955975	0.5009827044025157	5690	8001000	3030
ENSG00000181381	1.0427662646153963	0.08843870581070189	2.549359289387307	0.0684968271221237	0.006057770742820004	1284	4407	0.7478380503144655	0.13404088050314467	5691	5658588	3031
ENSG00000255408	1.0133279297811344	0.09653711632740751	3.283122935214187	0.08821177346410526	0.008515710236351249	1828	3864	0.6409198113207547	0.2407625786163522	5692	7063392	3032
ENSG00000108771	1.0193955075798011	0.1240933337628562	2.3168041094015344	0.0622484760065506	0.007724620909310029	1648	4045	0.6762971698113207	0.20518867924528306	5693	6666160	3033
ENSG00000249751	1.0155411226213948	0.1467263173225508	2.089295795384603	0.0561357253562455	0.008236588251752037	1758	3935	0.6546776729559749	0.22680817610062898	5693	6917730	3034
ENSG00000151882	1.000002413966153	0.0991842826549271	8.497000706523714	0.22829955388171091	0.022643727482197375	4446	1248	0.12637578616352196	0.7549135220125787	5694	5548608	3035
ENSG00000150471	1.000261081606983	0.1514429791809328	3.650906265049324	0.09809346854999909	0.014855567115403	3282	2412	0.35514937106918243	0.5261399371069182	5694	7916184	3036
ENSG00000099960	1.0000113321464026	0.11079574640401357	6.737708963731747	0.18103046048045773	0.020057404990794597	4141	1554	0.18632075471698117	0.6947720125786163	5695	6435114	3037
ENSG00000110042	1.0000791973981538	0.14560950892122054	4.282369801229322	0.11505978979459754	0.016753799488570212	3639	2056	0.2849842767295597	0.5961084905660378	5695	7481784	3038
ENSG00000168405	1.0000124856246662	0.14410105125359035	5.134500628543779	0.13795505536464528	0.019879468503792644	4117	1579	0.1910377358490566	0.6898584905660378	5696	6500743	3039
ENSG00000144868	1.0000098240779978	0.12565646006820108	6.001840088501469	0.16125895030492893	0.020263228849631325	4176	1521	0.17944182389937102	0.7012578616352201	5697	6351696	3040
ENSG00000034239	1.0004868813694836	0.15917893337389635	3.2476353613400013	0.08725828439618032	0.013889680638220086	3086	2612	0.39367138364779874	0.48683176100628933	5698	8060632	3041
ENSG00000171016	1.0003662188371414	0.12841253257870655	4.164254175151895	0.1118862294206138	0.014367594080583204	3188	2517	0.37362421383647804	0.5055031446540881	5705	8024196	3042
ENSG00000163132	1.000196651713228	0.12445353009234213	4.528926826409947	0.12168434601146612	0.01514404641810497	3373	2336	0.33726415094339623	0.5410770440251572	5709	7879328	3043
ENSG00000181617	1.0000375222063125	0.11435843321166801	5.816212446154294	0.15627146008341622	0.0178709593308392	3854	1857	0.24272798742138368	0.6352201257861636	5711	7156878	3044
ENSG00000198019	1.0557019585367593	0.11280134492267933	1.7213369629131743	0.04624931482134155	0.005216984913599734	1155	4563	0.7731918238993711	0.10338050314465408	5718	5270265	3045
ENSG00000185630	1.000885955562726	0.1504496763339468	3.204179524145468	0.08609070202356132	0.01295231825480706	2880	2838	0.43415880503144655	0.44241352201257866	5718	8173440	3046
ENSG00000165895	1.0005751217268979	0.1389250238992267	3.631831380641655	0.09758095975412805	0.013556437165951717	3030	2692	0.4046776729559748	0.47110849056603776	5722	8156760	3047
ENSG00000115380	1.0000075555804881	0.1173826365583247	6.502117945422261	0.17470054169660978	0.020506810192515598	4231	1492	0.16863207547169812	0.7069575471698113	5723	6312652	3048
ENSG00000180269	1.000024920914153	0.1428081262746596	4.792383406029818	0.12876296371103146	0.018388397581144394	3952	1771	0.22346698113207553	0.6521226415094339	5723	6998992	3049
ENSG00000149294	1.0000312680258179	0.1534997484557063	4.370344912052168	0.11742352721763076	0.018024481890688105	3893	1830	0.23506289308176098	0.6405267295597484	5723	7124190	3050
ENSG00000204442	1.000011227308151	0.1186550011163853	6.227853988580771	0.16733154866537797	0.019854725093696905	4145	1581	0.1855345911949685	0.6894654088050314	5726	6553245	3051
ENSG00000223485	1.0025097884760037	0.14938738739379587	2.8343880544804367	0.07615505173122093	0.011376604214966467	2517	3209	0.5055031446540881	0.3694968553459119	5726	8077053	3052
ENSG00000141854	1.0045128086289752	0.15622729709176392	2.4896023195673105	0.06689126181473778	0.010450241032374004	2297	3430	0.5487421383647799	0.32606132075471694	5727	7878710	3053
ENSG00000187116	1.0383681481723845	0.15688580808988709	1.4681729773471568	0.03944724112970788	0.006188712301550851	1342	4387	0.7364386792452831	0.13797169811320753	5729	5887354	3054
ENSG00000116678	1.014323421605628	0.16855269336852283	1.81714517331736	0.04882351393570521	0.008229334773578722	1794	3936	0.6476022012578616	0.22661163522012584	5730	7061184	3055
ENSG00000266088	1.0170551762218392	0.14263101679513074	2.064479625262863	0.0554689582505895	0.007911593915848237	1718	4014	0.6625393081761006	0.21128144654088055	5732	6896052	3056
ENSG00000109062	1.0080645909128592	0.1561719691626847	2.212208129021992	0.05943816487639663	0.009282575252163182	2047	3687	0.5978773584905661	0.2755503144654088	5734	7547289	3057
ENSG00000244682	1.0032398141230665	0.09680428131172888	4.215575813050118	0.11326515210655018	0.010964551647338245	2422	3313	0.5241745283018868	0.34905660377358494	5735	8024086	3058
ENSG00000228314	1.000033885604723	0.12951224216846136	5.135737892187229	0.1379882984756664	0.017871173928594435	3881	1856	0.23742138364779874	0.6354166666666667	5737	7203136	3059
ENSG00000101417	1.0000065321740674	0.12384536742084801	6.183371815384154	0.16613639043870163	0.02057522231585446	4260	1480	0.1629323899371069	0.7093160377358491	5740	6304800	3060
ENSG00000211943	1.000390258909115	0.107829649900638	4.870105679603229	0.1308512253219619	0.014109641815536648	3164	2576	0.37834119496855345	0.4939072327044025	5740	8150464	3061
ENSG00000254285	1.0505602557478353	0.09374096238629372	2.1428045707950583	0.0575734126034155	0.005396987105307342	1201	4541	0.7641509433962264	0.10770440251572322	5742	5453741	3062
ENSG00000162490	1.000174534755301	0.1453250697471318	3.879192607384542	0.1042271234610083	0.015146813986513949	3407	2335	0.33058176100628933	0.5412735849056604	5742	7955345	3063
ENSG00000213654	1.019203759338675	0.14144213694635316	1.9672971285890286	0.05285783446679211	0.007476325061339676	1655	4090	0.6749213836477987	0.19634433962264153	5745	6768950	3064
ENSG00000135638	1.0000598307303366	0.13847673897659005	4.527150347076526	0.12163661511755333	0.01684384180162938	3717	2031	0.26965408805031443	0.6010220125786163	5748	7549227	3065
ENSG00000137502	1.0050637148306714	0.17421806900132328	2.1568952551386964	0.05795200465732351	0.010096286346154596	2238	3511	0.5603380503144655	0.31014150943396224	5749	7857618	3066
ENSG00000161055	1.000000969152898	0.1178376644137937	7.481724020404577	0.2010208443095742	0.023687826791929077	4598	1154	0.09650157232704404	0.7733883647798743	5752	5306092	3067
ENSG00000011677	1.0028817111320716	0.10206789778982271	4.030143034292403	0.1082828975290109	0.01105220771737693	2468	3286	0.5151336477987422	0.35436320754716977	5754	8109848	3068
ENSG00000135913	1.0798692679490207	0.13713507868381025	1.1002764828129163	0.029562505506192254	0.0040540565186822485	995	4761	0.8046383647798743	0.06446540880503149	5756	4737195	3069
ENSG00000077943	1.000032367733558	0.11410296306351238	5.81340970260364	0.1561961552641795	0.017822444134771315	3888	1868	0.23604559748427678	0.6330581761006289	5756	7262784	3070
ENSG00000283766	1.0269798920376827	0.14628639722454057	1.7254765998300432	0.046360539628069866	0.006781916315575883	1504	4254	0.7045990566037736	0.16411163522012584	5758	6398016	3071
ENSG00000154556	1.0000014905760568	0.10157714047336257	8.36113519881057	0.2246490852198679	0.022819211686590922	4528	1232	0.11025943396226412	0.7580581761006289	5760	5578496	3072
ENSG00000150093	1.0256360011822483	0.15927771630185442	1.59957482982511	0.04297777917908275	0.0068454025193696874	1522	4238	0.7010613207547169	0.16725628930817615	5760	6450236	3073
ENSG00000177685	1.0009212750487335	0.1244479914857039	3.802207501399331	0.10215866825440041	0.012713441077114472	2866	2894	0.4369103773584906	0.4314072327044025	5760	8294204	3074
ENSG00000144619	1.0000003158423978	0.1174464921199297	8.051555553502773	0.21633122138111768	0.025407343087232206	4747	1014	0.06721698113207553	0.8009040880503144	5761	4813458	3075
ENSG00000187372	1.0130920545812718	0.11042958053578525	2.7808429219263804	0.0747163876311647	0.00825089934525865	1835	3929	0.6395440251572326	0.2279874213836478	5764	7209715	3076
ENSG00000007264	1.0000170562602595	0.1336216353719347	5.245360575215639	0.14093366831793178	0.018831787239607864	4046	1719	0.20499213836477992	0.6623427672955975	5765	6955074	3077
ENSG00000197956	1.0005752620143755	0.13256159972471143	3.7534647662457314	0.10084903617657823	0.013368709566262505	3029	2736	0.40487421383647804	0.4624606918238994	5765	8287344	3078
ENSG00000025039	1.0005925436434036	0.15074720280967172	3.2874422611755487	0.08832782620131305	0.013315172730106774	3019	2750	0.4068396226415094	0.45970911949685533	5769	8302250	3079
ENSG00000100298	1.0495442606704168	0.12011414537057032	1.6276481183872014	0.04373205936288893	0.005252838935668452	1213	4560	0.7617924528301887	0.10397012578616349	5773	5531280	3080
ENSG00000182168	1.0000568377371248	0.12914604520844641	4.851075079700005	0.1303399063733037	0.01683288344095135	3735	2038	0.26611635220125784	0.5996462264150944	5773	7611930	3081
ENSG00000159387	1.000103271462338	0.14561811199877794	4.057633077640228	0.10902150693358334	0.015875506006930086	3572	2202	0.2981525157232704	0.5674135220125787	5774	7865544	3082
ENSG00000127585	1.0001435497233018	0.13649638637050934	4.1603454399807935	0.11178120854011425	0.015257731029853913	3466	2308	0.31898584905660377	0.5465801886792453	5774	7999528	3083
ENSG00000125257	1.0004732004733639	0.173580043415794	2.9199462797465205	0.07845385166472701	0.013618022978099577	3097	2678	0.3915094339622641	0.4738600628930818	5775	8293766	3084
ENSG00000134901	1.0095693872935807	0.17024514996075735	1.9125489010023442	0.051386845306551354	0.008748361185224075	1973	3803	0.6124213836477987	0.25275157232704404	5776	7503319	3085
ENSG00000119535	1.0000028678175934	0.11101603673457515	7.21823037673012	0.19394123076366032	0.02153058679880723	4411	1370	0.13325471698113212	0.730935534591195	5781	6043070	3086
ENSG00000003137	1.0001844998496918	0.1512232786983074	3.6731722763908863	0.09869171734761319	0.014924485077672689	3390	2391	0.3339229559748428	0.5302672955974843	5781	8105490	3087
ENSG00000177076	1.0108858745742786	0.16813231557170896	1.8823277932904152	0.05057485697716975	0.008503267813279551	1914	3868	0.6240172955974843	0.23997641509433965	5782	7403352	3088
ENSG00000167748	1.0002474472785843	0.174215328861612	3.1033327299599094	0.08338112497182738	0.014526270107818076	3299	2484	0.351808176100629	0.5119889937106918	5783	8194716	3089
ENSG00000110031	1.0341375187044726	0.15371985532706756	1.512477728058621	0.04063763232439166	0.00624681096174005	1403	4382	0.7244496855345912	0.13895440251572322	5785	6147946	3090
ENSG00000182621	1.0000029609000889	0.11169631100407483	7.102844923986432	0.1908410253740576	0.021316238522517274	4401	1386	0.1352201257861635	0.7277908805031447	5787	6099786	3091
ENSG00000105048	1.000196948510599	0.09112125115442168	6.063917148641238	0.16292685238304888	0.014846098635795184	3372	2417	0.3374606918238994	0.5251572327044025	5789	8150124	3092
ENSG00000163121	1.000193855302939	0.1548608247510866	3.56835722644802	0.09587552020128677	0.014847362131810732	3374	2416	0.3370676100628931	0.5253537735849056	5790	8151584	3093
ENSG00000172292	1.0250106609889458	0.1721283459975177	1.4649168182933512	0.03935975382859692	0.006774929325385852	1538	4255	0.6979166666666667	0.1639150943396226	5793	6544190	3094
ENSG00000183850	1.0400816426654735	0.06920387262038044	3.0906631718923463	0.08304071609643653	0.005746739139042969	1324	4473	0.7399764150943396	0.12106918238993714	5797	5922252	3095
ENSG00000198125	1.0001223118379516	0.1189492698679935	4.825569353835165	0.1296546121103644	0.015422321445545752	3516	2281	0.30915880503144655	0.5518867924528301	5797	8019996	3096
ENSG00000254810	1.0538196256568708	0.17986071855827346	1.0097524567528977	0.02713028318694359	0.00487967222869312	1172	4626	0.7698506289308176	0.09099842767295596	5798	5421672	3097
ENSG00000155511	1.0000395004243503	0.13772060093664	4.675808872871772	0.1256308098095357	0.01730195062312598	3835	1963	0.2464622641509434	0.6143867924528301	5798	7528105	3098
ENSG00000002587	1.0001532517982532	0.1534654586365495	3.6480949511099245	0.09801793345940019	0.01504236711295364	3445	2353	0.32311320754716977	0.5377358490566038	5798	8106085	3099
ENSG00000059377	1.0046729102254688	0.11802205427134611	3.1726547785598664	0.08524368722363297	0.010060635079797264	2278	3522	0.5524764150943396	0.3079795597484277	5800	8023116	3100
ENSG00000134627	1.0032012329609206	0.18679921833518345	2.130293511184046	0.05723726230445312	0.010691875858117704	2431	3369	0.5224056603773585	0.3380503144654088	5800	8190039	3101
ENSG00000169504	1.020562168163513	0.18575743351231566	1.427502793527428	0.03835450439317889	0.007124634299713746	1621	4180	0.6816037735849056	0.17865566037735847	5801	6775780	3102
ENSG00000183484	1.0000856631816433	0.13391079792707258	4.438203871906472	0.11924677883272361	0.015968431303723166	3616	2186	0.2895047169811321	0.5705581761006289	5802	7904576	3103
ENSG00000186854	1.0027768885197446	0.2030475703784086	2.0062718179780963	0.0539050162321615	0.010945282577149069	2488	3315	0.5112028301886793	0.34866352201257866	5803	8247720	3104
ENSG00000067836	1.0278058848568736	0.16257233803345147	1.4951559420613774	0.040172226217908814	0.006530892740254154	1491	4314	0.7071540880503144	0.15231918238993714	5805	6432174	3105
ENSG00000150628	1.007297420275872	0.16613571772082042	2.0556858009211507	0.05523268356455991	0.009176121525645122	2096	3709	0.5882468553459119	0.27122641509433965	5805	7774064	3106
ENSG00000152270	1.0000928810084408	0.11971667600746197	4.928624784796666	0.13242353137096116	0.015853305000901333	3601	2206	0.2924528301886793	0.5666273584905661	5807	7943806	3107
ENSG00000078295	1.0000001305104047	0.10018250238565025	9.682448367652174	0.26015046004651315	0.026062524084237815	4848	963	0.047366352201257844	0.8109276729559749	5811	4668624	3108
ENSG00000166405	1.0000035245146262	0.11092196765417511	7.020713394405327	0.18863429476279697	0.0209236871421471	4367	1445	0.1419025157232704	0.7161949685534591	5812	6310315	3109
ENSG00000130477	1.0151887185022836	0.07337970210891212	3.916782646495288	0.10523710209415006	0.007722267202473904	1767	4046	0.6529088050314465	0.20499213836477992	5813	7149282	3110
ENSG00000178163	1.0000301238998615	0.13001683839506228	5.0383162852674985	0.1353707502175925	0.017600476954459068	3902	1911	0.23329402515723274	0.6246069182389937	5813	7456722	3111
ENSG00000128573	1.000255551630394	0.14702426176563113	3.6300893593378603	0.09753415468722915	0.014339887089824737	3289	2524	0.35377358490566035	0.5041273584905661	5813	8301436	3112
ENSG00000185291	1.0093795912692796	0.15655197338621682	2.0548863180313046	0.05521120285702651	0.008643422760294233	1981	3833	0.6108490566037736	0.2468553459119497	5814	7593173	3113
ENSG00000132688	1.000131496687028	0.1314178592409551	4.315380099854436	0.11594671880754083	0.0152374695717	3501	2313	0.3121069182389937	0.5455974842767295	5814	8097813	3114
ENSG00000170091	1.0007359467559507	0.12536087602881285	3.7939416587985493	0.10193657951469182	0.012778858907342504	2941	2874	0.4221698113207547	0.4353380503144654	5815	8452434	3115
ENSG00000119946	1.0000746476026465	0.14947721675511624	4.028629253528528	0.10824222488639218	0.016179746511399282	3662	2154	0.28046383647798745	0.5768474842767295	5816	7887948	3116
ENSG00000187140	1.0566934624819444	0.08018243633951212	2.1229639307806876	0.05704032929314453	0.00457363257233237	1145	4675	0.7751572327044025	0.08136792452830188	5820	5352875	3117
ENSG00000188257	1.0000005067328415	0.12313368795236868	7.185900632854142	0.19307258706702876	0.023773739688068053	4678	1144	0.08077830188679247	0.7753537735849056	5822	5351632	3118
ENSG00000156042	1.0067625544198604	0.1709359764282881	2.01572387672077	0.054158976525769495	0.009257717534789142	2129	3693	0.5817610062893082	0.27437106918238996	5822	7862397	3119
ENSG00000151835	1.0062955147609802	0.16203914272493997	2.145968567113025	0.057658423652940376	0.00934292153959386	2159	3667	0.5758647798742138	0.27948113207547165	5826	7917053	3120
ENSG00000197249	1.0005218761247126	0.09211551641777824	5.373697040591845	0.14438184477502544	0.013299808192802964	3070	2756	0.39681603773584906	0.4585298742138365	5826	8460920	3121
ENSG00000056558	1.0186762777479652	0.16089738987502356	1.6764850486506617	0.045044222298634015	0.007247497796800547	1673	4156	0.6713836477987422	0.183372641509434	5829	6952988	3122
ENSG00000134827	1.000000016146259	0.11244865386134328	9.266302888258016	0.24896935855235477	0.02799626922193441	4983	847	0.02083333333333337	0.8337264150943396	5830	4220601	3123
ENSG00000197558	1.0023540326894513	0.12984369723655564	3.162106396850772	0.08496027064859239	0.011031555659231656	2541	3290	0.5007861635220126	0.3535770440251572	5831	8359890	3124
ENSG00000122584	1.0000013342832696	0.10924941066874697	7.551341644110772	0.20289134814773752	0.02216576021492789	4546	1289	0.10672169811320753	0.7468553459119497	5835	5859794	3125
ENSG00000146038	1.0000029586798442	0.10860428602882005	7.208149564168697	0.19367037695417777	0.021033433014040922	4402	1433	0.13502358490566035	0.7185534591194969	5835	6308066	3126
ENSG00000176928	1.0001071565212187	0.1414487713694476	4.06590683931663	0.10924380844500915	0.01545240248426583	3560	2275	0.30051100628930816	0.5530660377358491	5835	8099000	3127
ENSG00000133401	1.0002275274781376	0.15114639669625052	3.553965429336535	0.09548883777373494	0.014432793754212853	3328	2507	0.34610849056603776	0.5074685534591195	5835	8343296	3128
ENSG00000175305	1.0441323315005206	0.14234362102614342	1.353940910504683	0.036378025202833834	0.005178179833151673	1264	4572	0.7517688679245282	0.10161163522012584	5836	5779008	3129
ENSG00000185507	1.0054233553139664	0.11142307054636867	3.2088408187530995	0.0862159428604388	0.009606445083560362	2218	3618	0.5642688679245282	0.28911163522012584	5836	8024724	3130
ENSG00000242258	1.035438535396651	0.14193560173189812	1.5365389262669356	0.04128411465463322	0.0058596856554740395	1383	4455	0.7283805031446541	0.12460691823899372	5838	6161265	3131
ENSG00000197497	1.0079243389630939	0.11658265496230522	2.821716524422647	0.07581458987190026	0.008838666172144427	2055	3783	0.5963050314465409	0.2566823899371069	5838	7774065	3132
ENSG00000144730	1.0003233113624814	0.14017143610989938	3.685276444866171	0.09901693519311659	0.01387934600521999	3221	2617	0.36713836477987416	0.48584905660377353	5838	8429357	3133
ENSG00000205002	1.0000006313338923	0.07882761978314316	10.987260458910841	0.29520847976694314	0.023270581799828306	4649	1191	0.08647798742138368	0.7661163522012578	5840	5536959	3134
ENSG00000131037	1.0012031478553383	0.1352396617846726	3.296911018638425	0.08858223516033892	0.011979831523214567	2775	3069	0.4547955974842768	0.3970125786163522	5844	8516475	3135
ENSG00000186952	1.0053570253606054	0.1594815753489376	2.2319478162336335	0.05996853576135163	0.009563876554589458	2223	3626	0.5632861635220126	0.2875393081761006	5849	8060598	3136
ENSG00000188095	1.0243986433118604	0.08079536503292407	3.013183291848213	0.08095896717586701	0.006541109305662693	1544	4311	0.6967374213836478	0.15290880503144655	5855	6656184	3137
ENSG00000176907	1.000002828704984	0.1103233190912057	7.0731142032529615	0.19004221288545536	0.020966087692960936	4416	1442	0.13227201257861632	0.7167845911949686	5858	6367872	3138
ENSG00000178965	1.0000094591031459	0.11593042270080252	6.13150123966868	0.1647427187533105	0.019098693021950712	4185	1676	0.17767295597484278	0.6707940251572326	5861	7014060	3139
ENSG00000227471	1.0002243210818644	0.13999398178188155	3.8100829290084453	0.10237026722583607	0.01433122132502004	3335	2528	0.3447327044025157	0.5033411949685535	5863	8430880	3140
ENSG00000227191	1.0032888123738695	0.12307193059088813	3.1203885124166346	0.0838393840282241	0.010318274851904412	2413	3451	0.5259433962264151	0.32193396226415094	5864	8327263	3141
ENSG00000136541	1.0013779216769931	0.10514335730622695	4.115963671984202	0.11058874802562658	0.011627672247706757	2725	3140	0.464622641509434	0.383058176100629	5865	8556500	3142
ENSG00000196653	1.0000120377546824	0.11550754076026101	6.009280031948716	0.16145884857828174	0.01864971453326069	4128	1739	0.18887578616352196	0.6584119496855345	5867	7178592	3143
ENSG00000167178	1.0028018246100796	0.16820032415847044	2.3530245057552577	0.06322165473332474	0.010633902819980117	2484	3384	0.5119889937106918	0.3351022012578616	5868	8405856	3144
ENSG00000135472	1.0000154742342509	0.09869633341325741	6.849558625007768	0.1840356653348637	0.018163645385820368	4070	1802	0.2002751572327044	0.6460298742138364	5872	7334140	3145
ENSG00000074657	1.0083524941585067	0.17392699498269606	1.8327091198523926	0.049241689969027023	0.008564459164182438	2024	3848	0.6023977987421384	0.2439072327044025	5872	7788352	3146
ENSG00000258414	1.0010694549248835	0.13710468392121491	3.266753394184611	0.0877719525151166	0.012033945806732947	2815	3057	0.44693396226415094	0.39937106918238996	5872	8605455	3147
ENSG00000163395	1.004064849736685	0.1553427321331567	2.3989719448992166	0.06445618209431686	0.010012799429403434	2341	3532	0.5400943396226415	0.30601415094339623	5873	8268412	3148
ENSG00000261211	1.0435046204719227	0.10425056584279341	1.7957794079569833	0.04824945317372713	0.005030032794966418	1276	4600	0.7494103773584906	0.09610849056603776	5876	5869600	3149
ENSG00000153208	1.003512840565906	0.12394058353018053	3.064135929296795	0.08232797546483618	0.010203777319970181	2392	3485	0.5300707547169812	0.31525157232704404	5877	8336120	3150
ENSG00000267886	1.0400557974139215	0.0739933414566633	2.668465486606229	0.07169700241088764	0.005305100780808021	1325	4553	0.7397798742138364	0.10534591194968557	5878	6032725	3151
ENSG00000173267	1.000001594805563	0.10119356129716603	7.93709430381221	0.21325584771179038	0.021580118697402163	4516	1362	0.11261792452830188	0.7325078616352201	5878	6150792	3152
ENSG00000267259	1.0002999431041508	0.13275389596842418	3.8646663591267143	0.10383682856621197	0.013784743537170002	3246	2632	0.3622248427672956	0.48290094339622647	5878	8543472	3153
ENSG00000145451	1.0000014043947099	0.0987569409180791	8.198492483662575	0.22027915980820004	0.021754095970662517	4540	1340	0.10790094339622647	0.7368317610062893	5880	6083600	3154
ENSG00000185187	1.0218718460539868	0.17039284354361947	1.4482791738852587	0.03891272941054623	0.006630450614306404	1590	4290	0.6876965408805031	0.15703616352201255	5880	6821100	3155
ENSG00000162670	1.0000000833201639	0.10517452879925177	9.047722932204271	0.24309649727128638	0.02556755955325614	4882	1001	0.04068396226415094	0.8034591194968553	5883	4886882	3156
ENSG00000118402	1.0004857337763051	0.14955988818731866	3.274484930991513	0.08797968539225766	0.013158231910021528	3088	2795	0.39327830188679247	0.4508647798742138	5883	8630960	3157
ENSG00000280334	1.066732446439485	0.07716927701272179	1.7167101927099089	0.04612500159485121	0.003559433025285307	1060	4824	0.7918632075471699	0.05208333333333337	5884	5113440	3158
ENSG00000165685	1.0121975166326713	0.1040727225040312	2.8123665503727873	0.07556337241551596	0.007864085888868758	1865	4024	0.6336477987421384	0.20931603773584906	5889	7504760	3159
ENSG00000144452	1.0000241318177374	0.10109585220704573	6.431793612906444	0.17281104982825396	0.017470480353181578	3956	1934	0.22268081761006286	0.6200864779874213	5890	7650904	3160
ENSG00000237807	1.0000569714135361	0.14120935392705508	4.25403417041997	0.1142984609332541	0.016140011823241558	3733	2159	0.2665094339622641	0.5758647798742138	5892	8059547	3161
ENSG00000174680	1.0006231357266497	0.1534857069365279	3.083286189051396	0.08284250946450239	0.012715141129555154	2999	2893	0.4107704402515723	0.43160377358490565	5892	8676107	3162
ENSG00000102524	1.0352461148618675	0.16651011695479195	1.2397780686351558	0.03331066922995852	0.005546563429322782	1386	4508	0.7277908805031447	0.1141902515723271	5894	6248088	3163
ENSG00000138411	1.0088300725335801	0.12170293811006642	2.5712915341306055	0.06908610819475856	0.008407982349892054	2000	3897	0.6071147798742138	0.23427672955974843	5897	7794000	3164
ENSG00000265778	1.0394996455856476	0.11914653437238405	1.6256184053253888	0.043677524521416704	0.005204025676691623	1332	4566	0.7384040880503144	0.10279088050314467	5898	6081912	3165
ENSG00000135097	1.0000237710197142	0.10457024246809134	6.21104542374263	0.16687993191418798	0.017450674943325212	3960	1938	0.2218946540880503	0.6193003144654088	5898	7674480	3166
ENSG00000196502	1.0032327373994465	0.16331962080626472	2.3305425456683184	0.0626176037704604	0.010226683303588524	2425	3475	0.5235849056603774	0.3172169811320755	5900	8426875	3167
ENSG00000104324	1.0005601315838184	0.09694223535041825	4.9210324423046625	0.13221953840171136	0.012817657609662365	3038	2866	0.4031053459119497	0.4369103773584906	5904	8706908	3168
ENSG00000130222	1.0013694473437862	0.13886966019281463	3.0810469930790507	0.0827823461834581	0.011495956284460773	2728	3178	0.4640330188679245	0.3755896226415094	5906	8669584	3169
ENSG00000119632	1.0002091586709836	0.11560474376162051	4.578369871104076	0.12301279418230796	0.014220862550846673	3358	2549	0.3402122641509434	0.49921383647798745	5907	8559542	3170
ENSG00000095321	1.0003547397034367	0.13031564284946578	3.849672808744084	0.1034339780802953	0.013479065346011234	3196	2711	0.3720518867924528	0.46737421383647804	5907	8664356	3171
ENSG00000151365	1.0000048725741886	0.10393316988811871	7.022974256373167	0.18869504017126207	0.019611673667165166	4302	1606	0.1546776729559748	0.6845518867924528	5908	6909012	3172
ENSG00000130701	1.0003172019922522	0.1236136791569736	4.096668593374959	0.11007032299651948	0.013606197591596212	3227	2682	0.36595911949685533	0.47307389937106914	5909	8654814	3173
ENSG00000275395	1.000213760363332	0.10932656358492865	4.835767122073207	0.1299286083144069	0.014204648258386294	3354	2556	0.34099842767295596	0.4978380503144654	5910	8572824	3174
ENSG00000183018	1.0006760139035413	0.17906973298272114	2.608129439424724	0.07007587830718506	0.01254846881699729	2972	2938	0.4160770440251572	0.4227594339622641	5910	8731736	3175
ENSG00000278934	1.0325582567786797	0.11951896702127002	1.7715235205689002	0.047597739885595604	0.00568883270367349	1427	4484	0.7197327044025157	0.11890723270440251	5911	6398668	3176
ENSG00000137225	1.0055782323713647	0.1672555642001189	2.048206880658071	0.05503173805230791	0.009204364396851912	2210	3701	0.5658411949685535	0.27279874213836475	5911	8179210	3177
ENSG00000269001	1.006106399709473	0.1127313276318346	2.972127808445018	0.07985587811314031	0.00900225915890027	2170	3743	0.5737028301886793	0.26454402515723274	5913	8122310	3178
ENSG00000197405	1.0188467963617638	0.11970445341486252	2.113182024216842	0.05677750656524668	0.006796520389651622	1665	4249	0.6729559748427674	0.16509433962264153	5914	7074585	3179
ENSG00000125848	1.000003269662134	0.10994149104597838	6.820666609798462	0.18325938739740702	0.020147810298643508	4378	1538	0.13974056603773588	0.6979166666666667	5916	6733364	3180
ENSG00000265206	1.004012221182246	0.12684307225904262	2.8918040297109595	0.07769771860669239	0.009855417335591444	2346	3571	0.5391116352201257	0.29834905660377353	5917	8377566	3181
ENSG00000203985	1.0001846589307533	0.15360876177832372	3.466160718049739	0.09312967868832997	0.01430553462812751	3388	2530	0.33431603773584906	0.5029481132075472	5918	8571640	3182
ENSG00000117791	1.0003603648177806	0.12769073865119926	3.911358879938172	0.10509137496900137	0.013419195295661938	3191	2727	0.3730345911949685	0.4642295597484277	5918	8701857	3183
ENSG00000168071	1.035424158521938	0.14992201021291462	1.340333849254486	0.03601242725593994	0.005399055486856873	1384	4537	0.7281839622641509	0.10849056603773588	5921	6279208	3184
ENSG00000078114	1.000164635960685	0.13734577791300429	3.919232149671024	0.10530291596207442	0.014462910909318828	3419	2503	0.32822327044025157	0.508254716981132	5922	8557757	3185
ENSG00000213366	1.0007912400727095	0.14914227583168144	3.0562416907934145	0.08211587107755822	0.01224694789440798	2918	3006	0.4266902515723271	0.4093946540880503	5924	8771508	3186
ENSG00000180113	1.0040701412152624	0.16360466890513525	2.2300426476617607	0.05991734721258594	0.009802757752389151	2339	3586	0.5404874213836478	0.29540094339622647	5925	8387654	3187
ENSG00000113212	1.0011946351633116	0.13188226690141885	3.274780534252609	0.08798762773508721	0.011604007804981456	2779	3147	0.4540094339622641	0.3816823899371069	5926	8745513	3188
ENSG00000103024	1.0307876917455567	0.16221922473484046	1.3153051801065216	0.035339950672956234	0.005732819400334464	1451	4476	0.7150157232704403	0.12047955974842772	5927	6494676	3189
ENSG00000136630	1.004935326108478	0.14247637922611828	2.429183680533133	0.06526791861234725	0.00929913672351221	2246	3681	0.5587657232704403	0.2767295597484277	5927	8267526	3190
ENSG00000102032	1.0012894332782147	0.1278113297121405	3.352286389639518	0.09007007456770504	0.011511975997770027	2754	3173	0.4589229559748428	0.3765723270440252	5927	8738442	3191
ENSG00000204140	1.0006315404659412	0.0901552739226097	5.188484622875211	0.13940551091340808	0.012568142022719662	2994	2933	0.4117531446540881	0.4237421383647799	5927	8781402	3192
ENSG00000089820	1.006272561216683	0.13291918961933522	2.4994468038074253	0.06715576589539393	0.008926289981081552	2160	3768	0.5756682389937107	0.2596305031446541	5928	8138880	3193
ENSG00000106772	1.0000042566713705	0.12358124050173755	5.928318315356362	0.1592835487968729	0.0196844585518366	4332	1598	0.14878144654088055	0.686124213836478	5930	6922536	3194
ENSG00000248905	1.0040109316432875	0.15887832951993683	2.297545383086508	0.06173102770003523	0.009807722560530545	2347	3583	0.5389150943396226	0.2959905660377359	5930	8409301	3195
ENSG00000085552	1.0005435926518969	0.09219868951768342	5.157634568731958	0.13857662389298878	0.012776583120718462	3055	2875	0.39976415094339623	0.43514150943396224	5930	8783125	3196
ENSG00000177202	1.0533538291722149	0.11419771266915144	1.331660558537821	0.03577939109768933	0.004085924624051121	1178	4753	0.7686713836477987	0.06603773584905659	5931	5599034	3197
ENSG00000140835	1.0037622593615767	0.14220681406207852	2.5852172668777014	0.0694602682876484	0.009877723457083706	2369	3562	0.5345911949685535	0.3001179245283019	5931	8438378	3198
ENSG00000128944	1.0910675341307263	0.1752165182157869	0.46323970557737887	0.012446441017995172	0.0021808220593512685	945	4987	0.8144654088050315	0.02004716981132071	5932	4712715	3199
ENSG00000262823	1.002204583409535	0.14434073344541293	2.752372086819581	0.0739514260667233	0.010674203077805068	2561	3371	0.4968553459119497	0.3376572327044025	5932	8633131	3200
ENSG00000156011	1.000406976097826	0.12403666767609547	3.959444798951325	0.10638335954542566	0.013195437414202541	3153	2780	0.3805031446540881	0.453812893081761	5933	8765340	3201
ENSG00000247774	1.041833103022144	0.151957182094835	1.1665910536915376	0.03134426208952673	0.004762985741966447	1296	4643	0.7454795597484276	0.08765723270440251	5939	6017328	3202
ENSG00000196482	1.0000026626886391	0.09696046105638131	7.80692689766145	0.2097584770770743	0.020338278647877513	4430	1509	0.12952044025157228	0.7036163522012578	5939	6684870	3203
ENSG00000120322	1.0061942951341383	0.08302852035773287	3.986683363763059	0.10711521216138725	0.008893617573564617	2165	3774	0.574685534591195	0.25845125786163525	5939	8170710	3204
ENSG00000162706	1.000311011613836	0.1449162396526976	3.4695826313961327	0.09322161951749851	0.013509326554810405	3236	2703	0.3641902515723271	0.46894654088050314	5939	8746908	3205
ENSG00000198624	1.009460147817056	0.15945585717562968	1.8914731728377234	0.05082057733695816	0.008103638721425043	1976	3965	0.6118317610062893	0.22091194968553463	5941	7834840	3206
ENSG00000279878	1.03221979573567	0.10856342577595987	1.8963043770604873	0.050950383348145334	0.005531348160873078	1431	4512	0.7189465408805031	0.11340408805031443	5943	6456672	3207
ENSG00000171227	1.001188492105908	0.11428369880984117	3.7594913470105573	0.10101095986560246	0.011543906113773466	2780	3164	0.453812893081761	0.37834119496855345	5944	8795920	3208
ENSG00000179915	1.00063770761871	0.100396176912795	4.626658580800027	0.12431022738984492	0.012480271581100644	2990	2954	0.4125393081761006	0.4196147798742138	5944	8832460	3209
ENSG00000172794	1.0013768542890589	0.15639420499659434	2.697172692398655	0.07246831484241062	0.011333624487221706	2726	3219	0.46442610062893086	0.36753144654088055	5945	8774994	3210
ENSG00000286190	1.0009968304385541	0.16658010636164683	2.6360237114403273	0.07082534862935745	0.011798094107779081	2838	3110	0.44241352201257866	0.3889544025157232	5948	8826180	3211
ENSG00000149527	1.0000110326255292	0.1181214525302884	5.72445996175172	0.15380623123618734	0.018167815441827863	4150	1800	0.18455188679245282	0.6464229559748428	5950	7470000	3212
ENSG00000100968	1.0002896147362244	0.13748350728291822	3.6658201839491986	0.09849417947719195	0.013541325241477574	3259	2694	0.3596698113207547	0.4707154088050315	5953	8779746	3213
ENSG00000089199	1.0005383504331533	0.06427916625499043	7.35364525388313	0.19757959177017917	0.012700251427988486	3058	2899	0.3991745283018868	0.4304245283018868	5957	8865142	3214
ENSG00000140749	1.0738164398027867	0.1149920389040794	0.8582698677013524	0.02306021085250653	0.0026517406634877045	1024	4935	0.7989386792452831	0.03026729559748431	5959	5053440	3215
ENSG00000184678	1.0075642262457398	0.10614717935969883	2.968315719903023	0.07975345395859988	0.008465604181898985	2079	3882	0.5915880503144655	0.2372248427672956	5961	8070678	3216
ENSG00000068650	1.0012036755785796	0.15197131578571807	2.8044332213616627	0.07535021773463592	0.01145107173387297	2773	3189	0.45518867924528306	0.3734276729559748	5962	8843097	3217
ENSG00000168916	1.0000237700155525	0.13206103394399119	4.800092963178727	0.12897010603318876	0.017031925550609082	3961	2003	0.22169811320754718	0.6065251572327044	5964	7933883	3218
ENSG00000160321	1.0000593108897147	0.11288844541475777	5.147101832470424	0.1382936276837716	0.015611752639988284	3720	2247	0.269064465408805	0.558569182389937	5967	8358840	3219
ENSG00000225210	1.0481692046104343	0.11635581153953921	1.3363222594469446	0.035904642851177566	0.004177713856986081	1232	4739	0.7580581761006289	0.06878930817610063	5971	5838448	3220
ENSG00000279368	1.0435120189958358	0.10556282850167878	1.5679425116182304	0.042127874090887286	0.004447137547796651	1275	4696	0.7496069182389937	0.07724056603773588	5971	5987400	3221
ENSG00000183873	1.0021586521659114	0.18001602565670413	2.1794292686889625	0.058557454205743625	0.010541280178692422	2568	3405	0.4954795597484277	0.3309748427672956	5973	8744040	3222
ENSG00000179750	1.000320373628842	0.12285402690338679	4.032744337570141	0.10835279000028755	0.013311576577752346	3222	2751	0.366941823899371	0.4595125786163522	5973	8863722	3223
ENSG00000278318	1.000424141127036	0.07006251555818416	6.8859309276164025	0.18501292551713325	0.012962470972509315	3141	2832	0.38286163522012584	0.4435927672955975	5973	8895312	3224
ENSG00000176485	1.0008078535034313	0.11531098671077863	3.8772420416730076	0.10417471517046663	0.012012489196620827	2913	3062	0.4276729559748428	0.39838836477987416	5975	8919606	3225
ENSG00000256443	1.0321837809575867	0.1102140426655591	1.8195808778653273	0.04888895705862523	0.005388249599134008	1432	4545	0.71875	0.10691823899371067	5977	6508440	3226
ENSG00000111077	1.0174218572913782	0.19143018876187276	1.3052696496454912	0.0350703135143456	0.006713516735989236	1705	4272	0.6650943396226415	0.16057389937106914	5977	7283760	3227
ENSG00000162817	1.0001780606678585	0.09063673716560815	5.790018687093793	0.1555676795713814	0.014100146884774845	3398	2580	0.33235062893081757	0.49312106918238996	5978	8766840	3228
ENSG00000182963	1.0010541846430379	0.12615603671663514	3.4082614576587713	0.09157402678551321	0.011552616285443334	2819	3161	0.4461477987421384	0.37893081761006286	5980	8910859	3229
ENSG00000138829	1.0000072132442908	0.10850238417225193	6.383328959595255	0.17150888932337358	0.018609123398320916	4240	1741	0.16686320754716977	0.6580188679245282	5981	7381840	3230
ENSG00000154930	1.0000057282120738	0.10168365219735896	6.916405006826128	0.18583171074839666	0.018896047042980178	4276	1706	0.1597877358490566	0.6648977987421384	5982	7294856	3231
ENSG00000095303	1.000591698196833	0.1098996228846469	4.212478986861111	0.11318194580095851	0.012438653160875885	3021	2963	0.40644654088050314	0.41784591194968557	5984	8951223	3232
ENSG00000120327	1.0190467524978624	0.11836446508195911	2.0421359400427774	0.054868622491654875	0.00649449515100868	1658	4328	0.6743317610062893	0.1495676100628931	5986	7175824	3233
ENSG00000181458	1.0001409899431628	0.14584813375414432	3.6689255925055257	0.09857761637598915	0.014377361378369993	3472	2514	0.31780660377358494	0.5060927672955975	5986	8728608	3234
ENSG00000188747	1.0217211780349074	0.14228829385910724	1.6035656859445788	0.04308500650589482	0.0061304920666323095	1595	4393	0.6867138364779874	0.1367924528301887	5988	7006835	3235
ENSG00000185339	1.000246281185016	0.1567399363310525	3.221023600413199	0.08654327290478063	0.013564787084976215	3300	2688	0.35161163522012584	0.4718946540880503	5988	8870400	3236
ENSG00000255026	1.0082363856025254	0.06997080386616829	4.319991933681428	0.11607063071971362	0.00812155533671153	2035	3959	0.6002358490566038	0.22209119496855345	5994	8056565	3237
ENSG00000171649	1.0000586856678348	0.1018394497647707	5.663266678102237	0.15216207468727616	0.015496101961218148	3726	2268	0.2678852201257862	0.5544418238993711	5994	8450568	3238
ENSG00000204186	1.0000195657383	0.11520018434401913	5.5405205896302485	0.14886410188407692	0.017149171979252507	4005	1990	0.21305031446540879	0.6090801886792453	5995	7969950	3239
ENSG00000159753	1.0008523885681293	0.14647316706297644	3.0062662997833676	0.08077311969189598	0.011831094654828872	2896	3101	0.43101415094339623	0.39072327044025157	5997	8980496	3240
ENSG00000100079	1.0186413969540467	0.1891390983996217	1.2807887376150004	0.034412554207477776	0.006508759476430455	1674	4325	0.671187106918239	0.1501572327044025	5999	7240050	3241
ENSG00000273291	1.050158149264136	0.095139206256745	1.4914087534054103	0.040071545809843054	0.003812375061829264	1210	4792	0.7623820754716981	0.058372641509434	6002	5798320	3242
ENSG00000088826	1.0019844097935144	0.1635194444263728	2.39852055588605	0.06444405406068567	0.010537855916586455	2596	3406	0.48997641509433965	0.33077830188679247	6002	8841976	3243
ENSG00000235961	1.0030342229902318	0.15328446630531006	2.4156246520911764	0.06490361122303616	0.00994871540761043	2455	3549	0.5176886792452831	0.3026729559748428	6004	8712795	3244
ENSG00000166974	1.0012532860185053	0.15910816797956692	2.6319242200818995	0.07071520246359893	0.011251366312287382	2763	3241	0.45715408805031443	0.3632075471698113	6004	8954883	3245
ENSG00000251429	1.0119712872269306	0.16294791825241553	1.678436346896865	0.04509665027110157	0.007348405281833231	1874	4131	0.63187893081761	0.18828616352201255	6005	7741494	3246
ENSG00000108679	1.001620360647362	0.09629936944223695	4.187042451931083	0.11249851057747272	0.010833535631801446	2660	3346	0.4773977987421384	0.3425707547169812	6006	8900360	3247
ENSG00000224189	1.0000590891260017	0.09994266262011194	5.724339985327033	0.1538030076794079	0.01537148210646155	3722	2286	0.26867138364779874	0.5509040880503144	6008	8508492	3248
ENSG00000228594	1.001348627224388	0.10287872285166207	4.015959961751027	0.10790182316574973	0.011100801760658216	2735	3275	0.4626572327044025	0.3565251572327044	6010	8957125	3249
ENSG00000109944	1.000013320177981	0.11470727726243557	5.710595575048525	0.1534337194042473	0.017599964193109736	4101	1912	0.1941823899371069	0.6244103773584906	6013	7841112	3250
ENSG00000259834	1.0028565219817682	0.10915785809498187	3.4076113750623667	0.09155656020267162	0.009994118006267894	2474	3539	0.5139544025157232	0.30463836477987416	6013	8755486	3251
ENSG00000162444	1.0000043823983937	0.09928490877372022	7.118082353226847	0.1912504284585154	0.018988281342438604	4322	1692	0.15074685534591192	0.6676493710691824	6014	7312824	3252
ENSG00000083307	1.0001770646474126	0.1156669617272179	4.467205544849643	0.12002600308177724	0.013883043104730866	3400	2615	0.3319575471698113	0.4862421383647799	6015	8891000	3253
ENSG00000242265	1.0000001797303435	0.08678221194945482	9.926184746859468	0.26669923043734606	0.023144749142570257	4813	1204	0.054245283018867885	0.7635613207547169	6017	5794852	3254
ENSG00000211454	1.0147517342370593	0.15034770303916062	1.6913286160227006	0.045443043003267805	0.006832257134651114	1777	4240	0.6509433962264151	0.16686320754716977	6017	7534480	3255
ENSG00000023902	1.0065276076371772	0.17867927077081341	1.769361493028892	0.04753964998541649	0.008494349992093928	2145	3872	0.5786163522012578	0.2391902515723271	6017	8305440	3256
ENSG00000169860	1.0001120869676843	0.14213285555656305	3.822899600222318	0.10271462877427388	0.014599123495119864	3547	2470	0.30306603773584906	0.5147405660377358	6017	8761090	3257
ENSG00000203685	1.0000000199126076	0.10764557191044485	8.638576284836486	0.23210344215778644	0.024984907773457778	4977	1043	0.022012578616352196	0.7952044025157232	6020	5191011	3258
ENSG00000146950	1.0009057614941046	0.11788053505111731	3.6584831641813262	0.09829704658316495	0.011587308445168087	2870	3150	0.43612421383647804	0.3810927672955975	6020	9040500	3259
ENSG00000163993	1.000001045761498	0.07969589002754834	9.79279952821157	0.26311540280645623	0.02096921620661742	4582	1441	0.09964622641509435	0.7169811320754718	6023	6602662	3260
ENSG00000006042	1.0000012050075395	0.09866425687769495	7.799925431239316	0.2095703599148074	0.020677103824585544	4558	1465	0.10436320754716977	0.7122641509433962	6023	6677470	3261
ENSG00000229754	1.0020790567705664	0.10245837319808784	3.7599839926049192	0.10102419639144249	0.010350774815911333	2577	3446	0.4937106918238994	0.32291666666666663	6023	8880342	3262
ENSG00000232679	1.0143461266746583	0.10979913484164265	2.3248355909199914	0.06246426787370499	0.006858522571049421	1792	4235	0.647995283018868	0.16784591194968557	6027	7589120	3263
ENSG00000141404	1.0010517682739883	0.17301854532277375	2.4508265778308	0.0658494254249772	0.011393171797370026	2821	3206	0.4457547169811321	0.37008647798742134	6027	9044126	3264
ENSG00000169435	1.0000195126347182	0.11352504763229625	5.55730189042268	0.1493149860980238	0.016950990908993803	4007	2021	0.2126572327044025	0.6029874213836478	6028	8098147	3265
ENSG00000167483	1.0398141054963201	0.1336551389567084	1.2267925192129654	0.032961770219308927	0.004405509978920827	1326	4704	0.7395833333333333	0.07566823899371067	6030	6237504	3266
ENSG00000203930	1.0001376726175488	0.12751259854357344	4.14714300741952	0.11142648225868909	0.01420828029937483	3477	2554	0.31682389937106914	0.49823113207547165	6031	8880258	3267
ENSG00000198976	1.0658725003687028	0.10086197876032058	0.8504782769581317	0.02285086443108745	0.002304783402903307	1066	4969	0.7906839622641509	0.02358490566037741	6035	5296954	3268
ENSG00000172164	1.0000512828140193	0.13648281109120586	4.218231287398701	0.11333650005979445	0.015468484127399368	3762	2273	0.2608097484276729	0.5534591194968553	6035	8551026	3269
ENSG00000132692	1.0073364882712461	0.08615659270319216	3.5364714035794442	0.09501880388602765	0.008186496385552976	2092	3945	0.5890330188679245	0.2248427672955975	6037	8252940	3270
ENSG00000156564	1.000384080318781	0.1500841243070231	3.183996301786139	0.08554841412460981	0.012839458819746628	3173	2864	0.3765723270440252	0.43730345911949686	6037	9087472	3271
ENSG00000166396	1.0003470275476798	0.12708010863021998	3.7948685676444893	0.10196148393488971	0.012957276454544215	3204	2835	0.3704795597484277	0.4430031446540881	6039	9083340	3272
ENSG00000260228	1.0002747320127736	0.12712905140030997	3.867293226767868	0.10390740790724007	0.013209650200712497	3268	2775	0.35790094339622647	0.4547955974842768	6043	9068700	3273
ENSG00000126264	1.0113577591176555	0.14597799280682303	1.8538650017768288	0.04981011153001556	0.007271180102635664	1897	4148	0.6273584905660378	0.1849449685534591	6045	7868756	3274
ENSG00000144824	1.0001408296270402	0.1253938192745469	4.186853037990315	0.11249342135603214	0.014105979747093749	3473	2577	0.3176100628930818	0.4937106918238994	6050	8949921	3275
ENSG00000233836	1.0017197105041833	0.13208047052656302	2.961627545394833	0.07957375440233994	0.010510138923026224	2640	3413	0.48132861635220126	0.3294025157232704	6053	9010320	3276
ENSG00000224848	1.0340029893532523	0.08119331428625894	2.172291926795139	0.05836568630710027	0.004738903511865592	1405	4649	0.7240566037735849	0.08647798742138368	6054	6531845	3277
ENSG00000137135	1.0410957911893173	0.15956947733638732	0.9629007020691368	0.02587145844839017	0.004128295102539681	1309	4747	0.7429245283018868	0.06721698113207553	6056	6213823	3278
ENSG00000104140	1.0001048841964104	0.12078996053892298	4.473542989301639	0.12019627913460022	0.014518503813593733	3567	2489	0.2991352201257862	0.5110062893081762	6056	8878263	3279
ENSG00000112280	1.0016641355742941	0.12017404450339124	3.2669027348766386	0.08777596503842262	0.010548392728855514	2653	3403	0.47877358490566035	0.3313679245283019	6056	9028159	3280
ENSG00000279205	1.0158943503066968	0.15764078860338604	1.548712283023374	0.041611191468291016	0.006559621037787885	1750	4307	0.65625	0.1536949685534591	6057	7537250	3281
ENSG00000075891	1.000010872762125	0.12829232579592195	5.126027309156063	0.13772739208639845	0.01766936745657091	4158	1900	0.18297955974842772	0.6267688679245282	6058	7900200	3282
ENSG00000169562	1.0000036805515122	0.0914059879382281	7.707452314509314	0.20708576893680475	0.018928879297616268	4360	1701	0.14327830188679247	0.6658805031446541	6061	7416360	3283
ENSG00000198300	1.0000001045965827	0.08500756680216238	10.162420655909626	0.2730464763079488	0.023211016574843008	4866	1196	0.043828616352201255	0.7651336477987422	6062	5819736	3284
ENSG00000142627	1.0022845684314112	0.1800249482602702	2.0825599920798723	0.055954746097490786	0.010073250271117336	2549	3516	0.49921383647798745	0.30915880503144655	6065	8962284	3285
ENSG00000288585	1.001195293765378	0.16258020209453622	2.529377222533776	0.06795994391993763	0.01104894141683681	2777	3288	0.4544025157232704	0.3539701257861635	6065	9130776	3286
ENSG00000175084	1.0000270926926995	0.14327566988222518	4.234295748949544	0.11376812405655269	0.016300204185446684	3929	2137	0.2279874213836478	0.5801886792452831	6066	8396273	3287
ENSG00000275234	1.003348025226429	0.14306225290257996	2.4474527266097574	0.06575877594109097	0.009407598634248447	2409	3659	0.5267295597484276	0.28105345911949686	6068	8814531	3288
ENSG00000163207	1.0004327852294832	0.1260093327264574	3.714946601442332	0.09981412042869477	0.012577510711898087	3137	2931	0.3836477987421384	0.4241352201257862	6068	9194547	3289
ENSG00000166816	1.0002999463401074	0.13437547636840433	3.597623389778922	0.09666185084465653	0.012988982253902367	3245	2824	0.36242138364779874	0.4451650943396226	6069	9163880	3290
ENSG00000168334	1.0019096896287216	0.16230124802069743	2.352840231676203	0.0632167036109825	0.01026014989181699	2608	3462	0.4876179245283019	0.3197720125786163	6070	9028896	3291
ENSG00000022556	1.0000000000009928	0.06100864909109741	15.732720667241626	0.4227106991905029	0.025789008713965826	5085	986	7.861635220125507e-4	0.8064072327044025	6071	5013810	3292
ENSG00000265972	1.0001146274527914	0.14017409679157528	3.7905349067045737	0.10184504604186968	0.01427603734161548	3538	2535	0.3048349056603774	0.5019654088050314	6073	8968830	3293
ENSG00000189377	1.000004046488345	0.07903862743375802	8.810813119962152	0.2367311448000844	0.018710904755820892	4344	1732	0.14642295597484278	0.6597877358490566	6076	7523808	3294
ENSG00000163141	1.0000266065442973	0.1231796021659731	4.904437434934733	0.1317736595663348	0.016231826961335495	3931	2145	0.22759433962264153	0.5786163522012578	6076	8431995	3295
ENSG00000122756	1.0000372369991886	0.09800566098874575	5.984429038658567	0.1607911458349711	0.015758442528694155	3856	2220	0.2423349056603774	0.563875786163522	6076	8560320	3296
ENSG00000178162	1.0138466548363914	0.07876277544520749	3.1880752928661344	0.08565800948372701	0.006746662566050244	1815	4262	0.6434748427672956	0.16253930817610063	6077	7735530	3297
ENSG00000182534	1.000219355818476	0.11924450054895017	4.186929525182495	0.11249547643316529	0.01341446690128899	3347	2730	0.34237421383647804	0.4636399371069182	6077	9137310	3298
ENSG00000285873	1.0577790824337994	0.0826408151605798	1.1698611309807698	0.03143212334929069	0.002597576295813277	1136	4944	0.7769261006289307	0.02849842767295596	6080	5616384	3299
ENSG00000204967	1.0021726411847776	0.07890728996396922	4.746434883694802	0.12752840724658934	0.010062921009249779	2567	3520	0.49567610062893086	0.308372641509434	6087	9035840	3300
ENSG00000163376	1.0046474202938689	0.16502004120638628	1.9700604439786533	0.052932079920273295	0.00873485400958323	2281	3807	0.5518867924528301	0.2519654088050315	6088	8683767	3301
ENSG00000127743	1.0059207685443845	0.1544216958261851	2.019723102191332	0.05426642872241351	0.008379913949745892	2186	3903	0.5705581761006289	0.2330974842767296	6089	8531958	3302
ENSG00000172005	1.001011125654832	0.17856710644184087	2.3357853274113567	0.06275846815006624	0.011206598062279758	2832	3257	0.4435927672955975	0.360062893081761	6089	9223824	3303
ENSG00000163239	1.0007479308914118	0.16511007053651677	2.604227640210584	0.06997104378372312	0.011552923974644228	2929	3160	0.42452830188679247	0.379127358490566	6089	9255640	3304
ENSG00000167646	1.004233903939024	0.15120766366126676	2.1860079976796896	0.05873421315229032	0.008881063147740665	2317	3776	0.5448113207547169	0.258058176100629	6093	8748992	3305
ENSG00000165029	1.0007840987526828	0.12504240140012435	3.426086920164875	0.09205296579922356	0.011510523899538432	2920	3174	0.4262971698113207	0.37637578616352196	6094	9268080	3306
ENSG00000188211	1.0031084585403773	0.11799559926470941	2.970509817474976	0.0798124055244701	0.009417512618617853	2442	3655	0.5202437106918238	0.2818396226415094	6097	8925510	3307
ENSG00000135862	1.0084689473456423	0.15745523997630495	1.7833192946094771	0.04791467171179701	0.007544416132766869	2022	4078	0.6027908805031447	0.1987028301886793	6100	8245716	3308
ENSG00000269190	1.0004780880025517	0.14421579196603596	3.1591681837561802	0.08488132599954822	0.012241227652152124	3093	3007	0.3922955974842768	0.4091981132075472	6100	9300651	3309
ENSG00000214652	1.0000076164321225	0.08354694854425342	7.924734287653593	0.2129237556863282	0.017789130060174848	4229	1872	0.1690251572327044	0.6322720125786163	6101	7916688	3310
ENSG00000167476	1.0153503330910951	0.12977464600075284	1.8372724837126628	0.049364299577932876	0.006406234502801351	1763	4340	0.6536949685534591	0.14720911949685533	6103	7651420	3311
ENSG00000010932	1.001317674766597	0.16472396579088724	2.425031553299939	0.0651563582126558	0.010732813721280309	2741	3364	0.4614779874213837	0.3390330188679245	6105	9220724	3312
ENSG00000115844	1.0004522026715923	0.09669036277182702	4.749136300408516	0.1276009895908648	0.012337785973584842	3117	2988	0.38757861635220126	0.4129323899371069	6105	9313596	3313
ENSG00000278921	1.0101322628427845	0.1364576051479208	1.9606775109445476	0.052679976913603696	0.007188583488878116	1942	4165	0.6185141509433962	0.18160377358490565	6107	8088430	3314
ENSG00000272398	1.0000040682193918	0.10393112485055794	6.598002957189852	0.17727680432933815	0.018424577683860376	4343	1766	0.14661949685534592	0.6531053459119497	6109	7669738	3315
ENSG00000148700	1.000202446443202	0.14069806949219613	3.5255974831075396	0.09472664065356198	0.013327855469437155	3365	2745	0.33883647798742134	0.460691823899371	6110	9236925	3316
ENSG00000179082	1.0011457309275635	0.16717302260590788	2.4366567227717866	0.06546870619235932	0.010944601500274827	2794	3316	0.45106132075471694	0.3484669811320755	6110	9264904	3317
ENSG00000185567	1.0001127359837938	0.10923458408215274	4.8190268250027515	0.1294788257987837	0.014143565683575644	3543	2568	0.3038522012578616	0.4954795597484277	6111	9098424	3318
ENSG00000125378	1.000021094111555	0.1261023748449292	4.826390043336806	0.1296766626024817	0.01635253511613756	3985	2129	0.21698113207547165	0.5817610062893082	6114	8484065	3319
ENSG00000160716	1.003237549873281	0.08239062698292281	4.189577205229473	0.11256661496715206	0.009274433984488921	2423	3692	0.5239779874213837	0.2745676100628931	6115	8945716	3320
ENSG00000214128	1.0000979767024063	0.10894978808820611	4.878412462763465	0.1310744140629276	0.014280529635941746	3583	2533	0.2959905660377359	0.5023584905660378	6116	9075739	3321
ENSG00000185101	1.001195068013665	0.11606368326939452	3.4871157429426307	0.09369270357203444	0.010874320272037873	2778	3338	0.45420597484276726	0.3441430817610063	6116	9272964	3322
ENSG00000072832	1.0002528610754824	0.1265465668701596	3.8177315846284707	0.10257577323038494	0.012980611946357237	3292	2826	0.35318396226415094	0.4447720125786163	6118	9303192	3323
ENSG00000162004	1.0044192521813238	0.13840856814138094	2.3405247617826044	0.06288580846578219	0.008703934706162045	2303	3816	0.547562893081761	0.25019654088050314	6119	8788248	3324
ENSG00000141526	1.0004623955158616	0.126803401622751	3.5810456983355405	0.0962164372579533	0.012200571536330475	3108	3014	0.3893474842767296	0.4078223270440252	6122	9367512	3325
ENSG00000215845	1.0020141782556187	0.14374206048112742	2.5911019088484575	0.06961837832942418	0.0100070891484261	2589	3535	0.4913522012578616	0.3054245283018868	6124	9152115	3326
ENSG00000132470	1.0001538105569907	0.13323134204708795	3.8015608976286885	0.10214129514152512	0.013608421830133095	3443	2681	0.32350628930817615	0.4732704402515723	6124	9230683	3327
ENSG00000109255	1.000476709971288	0.14234227081016818	3.178011443018466	0.08538761143270752	0.012154266510387866	3094	3030	0.39209905660377353	0.4046776729559748	6124	9374820	3328
ENSG00000176402	1.0064653434198867	0.11328290578012191	2.653333894086937	0.07129044297409462	0.008075988534457516	2151	3974	0.577437106918239	0.21914308176100628	6125	8548074	3329
ENSG00000260027	1.0011635849658125	0.08245713450652556	4.9018010495915885	0.13170282450129378	0.010859837514792511	2787	3340	0.452437106918239	0.34375	6127	9308580	3330
ENSG00000119547	1.0000198579166168	0.11714424175298913	5.188070280330692	0.13939437825362197	0.0163292487451499	3997	2131	0.214622641509434	0.5813679245283019	6128	8517607	3331
ENSG00000167619	1.0005295135648375	0.15243003442954206	2.9326684048176173	0.07879567292360119	0.012010827136643466	3066	3063	0.3976022012578616	0.398191823899371	6129	9391158	3332
ENSG00000224078	1.00003520269573	0.12625002289059215	4.588251692506026	0.12327830144722696	0.015563888379625723	3871	2259	0.23938679245283023	0.5562106918238994	6130	8744589	3333
ENSG00000147257	1.0000003231164174	0.09612820543331482	8.249782250903886	0.22165722618530392	0.021307511374519625	4745	1388	0.0676100628930818	0.7273977987421384	6133	6586060	3334
ENSG00000136059	1.0003624426411613	0.13910435367533586	3.3457755763450177	0.08989514039718056	0.012504805403503377	3189	2944	0.3734276729559748	0.4215801886792453	6133	9388416	3335
ENSG00000113924	1.0000181673143698	0.09953456452259449	6.1662385620173374	0.16567604987439127	0.01649049347607118	4028	2106	0.2085298742138365	0.5862814465408805	6134	8482968	3336
ENSG00000204644	1.000015139309578	0.12664746821263248	4.909056449363131	0.1318977644087137	0.016704517925269856	4072	2063	0.19988207547169812	0.5947327044025157	6135	8400536	3337
ENSG00000204710	1.000001191510451	0.10474508976367701	7.0645255747591085	0.18981145145311878	0.01988181752063075	4561	1577	0.10377358490566035	0.690251572327044	6138	7192697	3338
ENSG00000166428	1.0067133626721312	0.17908383333894975	1.650503778496941	0.044346150992035135	0.007941678713481521	2133	4006	0.5809748427672956	0.21285377358490565	6139	8544798	3339
ENSG00000121207	1.0000306606242957	0.11750242031354007	4.954510960945687	0.13311904766790436	0.015641810290812273	3898	2241	0.2340801886792453	0.559748427672956	6139	8735418	3340
ENSG00000181392	1.002430267959541	0.15062733639987286	2.3819247352499424	0.06399815337426872	0.009639871377276631	2528	3611	0.5033411949685535	0.2904874213836478	6139	9128608	3341
ENSG00000205363	1.0000043309819402	0.1280268503400812	5.258996051482568	0.14130002972664796	0.018090197758862583	4326	1818	0.14996069182389937	0.6428852201257862	6144	7864668	3342
ENSG00000164430	1.0001618089463413	0.14665831561120993	3.413268952383046	0.09170856941427152	0.013449824317410786	3425	2720	0.32704402515723274	0.4656053459119497	6145	9316000	3343
ENSG00000183508	1.0002736664556005	0.13179539837799914	3.6061098286792213	0.09688986662126996	0.012769638570141476	3269	2876	0.3577044025157232	0.4349449685534591	6145	9401644	3344
ENSG00000260577	1.02272209301387	0.17891975109650832	1.0763978377344712	0.028920928059397024	0.005174525249867339	1574	4573	0.6908411949685535	0.10141509433962259	6147	7197902	3345
ENSG00000183248	1.0004667148532131	0.14139229244975957	3.1844508351139647	0.08556062664047878	0.012097613144135265	3103	3044	0.3903301886792453	0.40192610062893086	6147	9445532	3346
ENSG00000285996	1.0303987849552838	0.13286066511998387	1.2492433354408328	0.033564984401128074	0.004459466152275759	1454	4694	0.7144261006289307	0.07763364779874216	6148	6825076	3347
ENSG00000156463	1.0000351731791457	0.13103594293530715	4.386771135697546	0.11786487112940916	0.01544453452739059	3872	2277	0.2391902515723271	0.5526729559748428	6149	8816544	3348
ENSG00000198719	1.0003118222632748	0.1563319394588867	3.008816479302314	0.08084163855715237	0.012638130144673946	3235	2914	0.36438679245283023	0.42747641509433965	6149	9426790	3349
ENSG00000117318	1.0054954963379434	0.1601160460685441	1.9111218363609095	0.0513485025745389	0.008221719203775625	2213	3937	0.565251572327044	0.2264150943396226	6150	8712581	3350
ENSG00000146938	1.0000000792406496	0.11142842971072445	7.500658818819588	0.20152958923973152	0.022456125669230595	4886	1265	0.03989779874213839	0.7515723270440251	6151	6180790	3351
ENSG00000205221	1.0000566968933184	0.12351656757251048	4.47396885554061	0.12020772141590964	0.014847645145005719	3738	2415	0.26552672955974843	0.5255503144654088	6153	9027270	3352
ENSG00000243064	1.0000020263432452	0.1080294965782702	6.575267483643801	0.17666594190303897	0.01908513276631123	4476	1680	0.12047955974842772	0.6700078616352201	6156	7519680	3353
ENSG00000158373	1.017852073265365	0.11136888482782231	1.9435866702298834	0.05222077590310766	0.005815769577172716	1695	4461	0.667059748427673	0.12342767295597479	6156	7561395	3354
ENSG00000139292	1.0001333842027047	0.1457780089435224	3.49189579172025	0.09382113512584442	0.013677058275466773	3496	2661	0.3130896226415094	0.47720125786163525	6157	9302856	3355
ENSG00000179456	1.000007044802235	0.11667915385711579	5.610738735675859	0.15075074070762154	0.01758946886909874	4245	1914	0.16588050314465408	0.6240172955974843	6159	8124930	3356
ENSG00000279673	1.0377982432440356	0.07651051555672164	1.7870855451833043	0.04801586428027018	0.0036737185309850466	1353	4811	0.7342767295597484	0.05463836477987416	6164	6509283	3357
ENSG00000166402	1.0000686095117455	0.10852240289703566	4.98256889733341	0.1338729153656251	0.014528210458309123	3681	2483	0.2767295597484277	0.512185534591195	6164	9139923	3358
ENSG00000166961	1.0000944075470761	0.07882923763164305	6.677052504070332	0.17940072745358943	0.01414202257572863	3598	2569	0.2930424528301887	0.4952830188679245	6167	9243262	3359
ENSG00000131781	1.0014263615039032	0.16112740997944883	2.3739690677997296	0.06378439849858412	0.010277414927173904	2711	3456	0.46737421383647804	0.32095125786163525	6167	9369216	3360
ENSG00000168016	1.0017664806736197	0.13897389539147179	2.675808361353015	0.07189429261796194	0.009991429901532506	2629	3540	0.4834905660377359	0.304441823899371	6169	9306660	3361
ENSG00000154874	1.0110724804697477	0.08173188079558594	3.06683545758399	0.08240050707039254	0.006734748421373159	1907	4263	0.6253930817610063	0.1623427672955975	6170	8129541	3362
ENSG00000169218	1.00004586654184	0.16820210103651817	3.3054103944216786	0.08881059852838007	0.014938129266784237	3790	2384	0.25530660377358494	0.5316430817610063	6174	9035360	3363
ENSG00000113070	1.0012397298698141	0.13259066180424836	2.952714549826775	0.07933427779380264	0.010518984396442378	2767	3410	0.4563679245283019	0.3299921383647799	6177	9435470	3364
ENSG00000162782	1.0097505504836697	0.057863078360906504	4.46822387218776	0.12005336375703521	0.006946657194563741	1962	4219	0.6145833333333333	0.17099056603773588	6181	8277678	3365
ENSG00000187730	1.0001597884157245	0.1149834979187833	4.308365975426567	0.11575826154678955	0.01331028982564725	3431	2752	0.3258647798742138	0.45931603773584906	6183	9442112	3366
ENSG00000205683	1.0008061316925099	0.1817369136696361	2.2810071823633042	0.0612866751599425	0.011138051192641501	2916	3267	0.42708333333333337	0.3580974842767296	6183	9526572	3367
ENSG00000130545	1.0047383708788795	0.12881633140775745	2.4013645930277256	0.06452046836652055	0.008311290035685441	2269	3915	0.554245283018868	0.23073899371069184	6184	8883135	3368
ENSG00000261115	1.000016124758506	0.10110962343417657	6.041437385212048	0.1623228604405379	0.016412403293901184	4063	2122	0.20165094339622647	0.5831367924528301	6185	8621686	3369
ENSG00000182601	1.0023492857882628	0.1539465495718538	2.292658604230867	0.06159972849562245	0.009483065656464076	2542	3644	0.5005896226415094	0.28400157232704404	6186	9263048	3370
ENSG00000164761	1.0000010566719117	0.11820317523476305	6.167595299588087	0.16571250304096555	0.019587744035542455	4578	1610	0.1004323899371069	0.6837657232704403	6188	7370580	3371
ENSG00000171368	1.0176398531584736	0.10141723782195934	2.0639625812871962	0.055455066182898916	0.005624099635503555	1699	4490	0.6662735849056604	0.11772798742138368	6189	7628510	3372
ENSG00000250510	1.0000272419090785	0.12232847641438828	4.7292452160949745	0.12706655093046565	0.015543857578555134	3928	2264	0.22818396226415094	0.5552279874213837	6192	8892992	3373
ENSG00000179314	1.0000396881346727	0.1339335113142494	4.1709780154736515	0.11206688725493058	0.015009511712110958	3833	2362	0.2468553459119497	0.5359669811320755	6195	9053546	3374
ENSG00000250120	1.001401831846298	0.08238197083285963	4.613085141391866	0.12394553280306628	0.010210877268245452	2714	3481	0.4667845911949685	0.3160377358490566	6195	9447434	3375
ENSG00000227719	1.0055784223024467	0.16408298185934264	1.8192270964143704	0.04887945156954565	0.008020286165180376	2209	3987	0.5660377358490566	0.21658805031446537	6196	8807283	3376
ENSG00000150782	1.0004273671297481	0.12539439430867164	3.569524430491103	0.09590688093332957	0.012026185244668749	3139	3059	0.3832547169811321	0.3989779874213837	6198	9602201	3377
ENSG00000075420	1.0149148109104673	0.18345675545617932	1.2187567366390268	0.03274586279031318	0.006007449742124086	1773	4426	0.6517295597484276	0.13030660377358494	6199	7847298	3378
ENSG00000104237	1.000025843575017	0.12823362401592775	4.516139721909817	0.1213407788689358	0.015559967815278944	3938	2262	0.22621855345911945	0.55562106918239	6200	8907756	3379
ENSG00000271524	1.0484385317344285	0.08631829101907532	0.977467207182452	0.026262834974513354	0.002266963032315993	1228	4973	0.7588443396226415	0.022798742138364747	6201	6106844	3380
ENSG00000275763	1.0083437389012329	0.14079049390213733	1.8858848586303616	0.050670429104122075	0.007133914739802581	2025	4176	0.6022012578616351	0.17944182389937102	6201	8456400	3381
ENSG00000104998	1.0005522025076956	0.1546870055467	2.7810160659867087	0.07472103970936211	0.01155837388397729	3046	3159	0.4015330188679245	0.37932389937106914	6205	9622314	3382
ENSG00000095713	1.0000182970573197	0.1321127552399143	4.503291284883064	0.1209955638286413	0.015985057309208718	4024	2182	0.20931603773584906	0.5713443396226415	6206	8780368	3383
ENSG00000095585	1.0000258811700684	0.11142127424380699	5.173601929422363	0.13900563895938614	0.015488185419929384	3937	2270	0.2264150943396226	0.5540487421383649	6207	8936990	3384
ENSG00000023171	1.000120234552649	0.15912013314684656	3.1776782641732324	0.08537865949962467	0.013585463667479553	3523	2684	0.3077830188679245	0.47268081761006286	6207	9455732	3385
ENSG00000143768	1.0003192697569805	0.16694764932412465	2.7543503096015725	0.07400457745439595	0.012354890245236517	3225	2985	0.3663522012578616	0.4135220125786163	6210	9626625	3386
ENSG00000135744	1.0000001950171749	0.0789412052408418	9.983746133287022	0.2682458042574628	0.02117564708888305	4802	1410	0.05640723270440251	0.7230738993710693	6212	6770820	3387
ENSG00000007216	1.0000028964712708	0.10286506248617461	6.564985252658031	0.1763896763326292	0.018144335077872015	4410	1805	0.13345125786163525	0.645440251572327	6215	7960050	3388
ENSG00000186197	1.0000133624933443	0.10387875145902688	5.897957124025331	0.15846779666555086	0.016461436864080366	4100	2115	0.19437893081761004	0.5845125786163522	6215	8671500	3389
ENSG00000287252	1.00001790571704	0.11583126597198862	5.133597115617153	0.13793077955189684	0.01597669681199949	4033	2184	0.2075471698113207	0.5709512578616351	6217	8808072	3390
ENSG00000076944	1.0108700814010363	0.14832646696724322	1.654280973612305	0.04444763762120532	0.006592761053393708	1915	4304	0.6238207547169812	0.1542845911949685	6219	8242160	3391
ENSG00000152804	1.000049346397423	0.13941248794285999	3.923013908758484	0.10540452521719575	0.014694707100965184	3773	2448	0.2586477987421384	0.519064465408805	6221	9236304	3392
ENSG00000124440	1.0005320728928335	0.1541673762399858	2.7910980329516843	0.07499192453564991	0.011561308244848164	3063	3158	0.398191823899371	0.3795204402515723	6221	9672954	3393
ENSG00000175161	1.0000039577989297	0.1227292819310173	5.392389383596643	0.14488407535218933	0.0177815185312136	4351	1874	0.1450471698113207	0.63187893081761	6225	8153774	3394
ENSG00000121797	1.0010833702271593	0.11090767741279868	3.519482973156015	0.09456235446101563	0.010487691103957046	2807	3419	0.44850628930817615	0.32822327044025157	6226	9597133	3395
ENSG00000135083	1.000224227927909	0.15473548664155976	3.0605508650882394	0.08223165105723408	0.012724154543680047	3336	2891	0.34453616352201255	0.4319968553459119	6227	9644376	3396
ENSG00000029725	1.0336277768890743	0.19626001897307802	0.680925711305673	0.018295283416690625	0.003590632670477542	1409	4820	0.7232704402515724	0.05286949685534592	6229	6791380	3397
ENSG00000124429	1.000010707206775	0.08523379397871304	7.28143474193549	0.19563942155805253	0.01667509015119364	4161	2068	0.1823899371069182	0.59375	6229	8604948	3398
ENSG00000139626	1.0169300240286518	0.13822290212681201	1.4917083261650157	0.040079594806157776	0.00553991791017383	1722	4510	0.6617531446540881	0.11379716981132071	6232	7766220	3399
ENSG00000071246	1.0021983671128905	0.13882957710371716	2.501290461769386	0.06720530176160881	0.009330083622691849	2562	3671	0.49665880503144655	0.2786949685534591	6233	9405102	3400
ENSG00000256235	1.0068416874460655	0.15514247354226027	1.7786431402437455	0.04778903161919835	0.007414108573591719	2126	4109	0.5823506289308176	0.1926100628930818	6235	8735734	3401
ENSG00000113389	1.0000437767122556	0.13326945145195923	4.12691380145453	0.11088295886064553	0.014777311102728393	3803	2433	0.25275157232704404	0.5220125786163522	6236	9252699	3402
ENSG00000156453	1.00012142734911	0.1386168250152488	3.6149535332892206	0.09712748150290393	0.013463503107659848	3520	2718	0.308372641509434	0.46599842767295596	6238	9567360	3403
ENSG00000021300	1.000007859720282	0.11166218709769496	5.655287947406568	0.15194770014250708	0.016966812522377077	4226	2016	0.1696147798742138	0.6039701257861636	6242	8519616	3404
ENSG00000118922	1.006458088367283	0.16102385879653483	1.7267772672826749	0.04639548628859636	0.007470780232931508	2152	4091	0.5772405660377358	0.1961477987421384	6243	8803832	3405
ENSG00000100033	1.0000032423136307	0.09768717202645195	6.792023182792709	0.18248978859037904	0.017826911371099208	4379	1865	0.13954402515723274	0.6336477987421384	6244	8166835	3406
ENSG00000180190	1.000382449065536	0.07041175816058791	6.319502216441547	0.16979397632159796	0.011955492397880945	3174	3073	0.37637578616352196	0.39622641509433965	6247	9753702	3407
ENSG00000231324	1.0215485415951402	0.07086555675760706	2.491637823685849	0.06694595225177988	0.004744162178990559	1601	4648	0.6855345911949686	0.08667452830188682	6249	7441448	3408
ENSG00000107282	1.0005293362977206	0.13404279367876593	3.1820762644848517	0.08549682607907941	0.011460233418307375	3067	3185	0.39740566037735847	0.37421383647798745	6252	9768395	3409
ENSG00000105825	1.000000018242651	0.09891593433121869	8.406931677357338	0.22587955653353428	0.022343087380835878	4979	1275	0.02161949685534592	0.7496069182389937	6254	6348225	3410
ENSG00000119698	1.0005115505411357	0.07242066360898249	5.902976349326294	0.15860265447439648	0.011486109487181949	3074	3180	0.3960298742138365	0.37519654088050314	6254	9775320	3411
ENSG00000176884	1.000851413413776	0.10499530429950416	3.822395036445759	0.1027010720277145	0.010783130309435179	2897	3358	0.4308176100628931	0.3402122641509434	6255	9728126	3412
ENSG00000101115	1.0031130155790844	0.11197975217680757	2.8956928924034986	0.07780220554843552	0.008712271696122853	2441	3815	0.520440251572327	0.2503930817610063	6256	9312415	3413
ENSG00000106018	1.000008638994884	0.12252129906289884	5.096766697517075	0.1369412106072845	0.01677821501885052	4204	2053	0.17393867924528306	0.5966981132075472	6257	8630812	3414
ENSG00000166391	1.0000019858562823	0.09861623266840905	6.904977545749601	0.18552467484762653	0.018295744500504474	4478	1784	0.12008647798742134	0.6495676100628931	6262	7988752	3415
ENSG00000086717	1.0014879336387363	0.11798575909381168	3.112376014571454	0.08362410221918196	0.009866453178868684	2695	3569	0.47051886792452835	0.2987421383647799	6264	9618455	3416
ENSG00000100473	1.0000539696205413	0.1288104536539354	4.15426095950519	0.1116177291870861	0.014377530332410666	3754	2513	0.2623820754716981	0.5062893081761006	6267	9433802	3417
ENSG00000159147	1.0360609764412008	0.17706884223495523	0.6307719828562135	0.016947740415814434	0.0030009167739268204	1377	4891	0.729559748427673	0.03891509433962259	6268	6734907	3418
ENSG00000101194	1.0000018052879402	0.08699542555352915	7.860141842283728	0.21118826960466328	0.018372413386171127	4494	1774	0.11694182389937102	0.6515330188679245	6268	7972356	3419
ENSG00000248727	1.0001124234710161	0.13530625606739685	3.694116061216951	0.09925444023037275	0.013429746705636951	3545	2723	0.30345911949685533	0.4650157232704403	6268	9653035	3420
ENSG00000170373	1.0000001324394632	0.08399615996548958	9.341032630770801	0.2509772160854565	0.021081122390007246	4846	1424	0.04775943396226412	0.7203223270440251	6270	6900704	3421
ENSG00000105538	1.0027374530942443	0.15394419451545804	2.1406394516521208	0.05751523963727065	0.008854137238323175	2495	3781	0.5098270440251572	0.2570754716981132	6276	9433595	3422
ENSG00000171517	1.0000054119018411	0.12061467717973651	5.284032281332664	0.14197270945247972	0.01712399251894337	4284	1993	0.1582154088050315	0.6084905660377358	6277	8538012	3423
ENSG00000164120	1.0000000300091723	0.10310359538312511	7.897360467061776	0.2121882689840202	0.021877373430374134	4955	1323	0.026336477987421336	0.7401729559748428	6278	6555465	3424
ENSG00000156475	1.0002558905851904	0.17566960076617283	2.6093734668953243	0.07010930315041669	0.012316073294428282	3288	2992	0.3539701257861635	0.41214622641509435	6280	9837696	3425
ENSG00000108551	1.0000781092831066	0.10482222255587369	4.8892658727402685	0.13136602621424792	0.013770078836110632	3647	2635	0.2834119496855346	0.48231132075471694	6282	9609845	3426
ENSG00000143494	1.0005400736871504	0.13202221424214286	3.191539616748846	0.0857510898098611	0.011321048750374716	3057	3225	0.39937106918238996	0.3663522012578616	6282	9858825	3427
ENSG00000163749	1.000698785190295	0.1500131218519997	2.709698127183607	0.07280485137716501	0.010921683041059383	2960	3323	0.418435534591195	0.34709119496855345	6283	9836080	3428
ENSG00000173905	1.0059719340491378	0.1618296376980282	1.708889737332138	0.04591487963116511	0.0074303883356600245	2181	4104	0.5715408805031447	0.1935927672955975	6285	8950824	3429
ENSG00000233820	1.0340030477653661	0.08107726873928078	1.4143695477444855	0.0380016370395299	0.003081068938786572	1404	4882	0.7242531446540881	0.04068396226415094	6286	6854328	3430
ENSG00000175832	1.000050735652219	0.12345298944119722	4.324746967396648	0.11619839016253017	0.014345038633818951	3765	2523	0.2602201257861635	0.5043238993710693	6288	9499095	3431
ENSG00000197766	1.0007247033249949	0.14126299170663104	2.8550255752253846	0.07670954583355503	0.010836219936904918	2944	3344	0.4215801886792453	0.34296383647798745	6288	9844736	3432
ENSG00000163406	1.0003333203442104	0.14849010142874086	2.9933088430348445	0.08042497548227408	0.011942312766766874	3214	3074	0.36851415094339623	0.3960298742138365	6288	9879836	3433
ENSG00000125430	1.0003169455932586	0.13169912390651142	3.3952852947299776	0.09122537997353102	0.012014302620552647	3228	3061	0.3657625786163522	0.3985849056603774	6289	9880908	3434
ENSG00000229676	1.0019701836227302	0.10687271606815794	3.2136980094277106	0.08634644708215561	0.009228079322505441	2598	3696	0.48958333333333337	0.27378144654088055	6294	9602208	3435
ENSG00000127129	1.0000404797841216	0.1336268594455529	4.0688424794328455	0.10932268396262262	0.014608446924083971	3830	2468	0.2474449685534591	0.5151336477987422	6298	9452440	3436
ENSG00000154917	1.0008439006738417	0.17280733551747737	2.2747020051230264	0.06111726607068641	0.010561511903788044	2900	3399	0.4302279874213837	0.33215408805031443	6299	9857100	3437
ENSG00000166681	1.0028769283588128	0.0717195002779044	4.4871992152927955	0.12056319805213017	0.008646732316204792	2469	3832	0.514937106918239	0.24705188679245282	6301	9461208	3438
ENSG00000240859	1.0001804976976958	0.1324394547732905	3.5472431295492317	0.09530822133088562	0.012622568868474588	3393	2918	0.33333333333333337	0.4266902515723271	6311	9900774	3439
ENSG00000175538	1.000061479126497	0.09278975691776967	5.60071546352534	0.15048143290838342	0.013963135580206563	3710	2602	0.2710298742138365	0.4887971698113207	6312	9653420	3440
ENSG00000127415	1.0142703865386935	0.15638660656544412	1.3078887204468588	0.03514068336791967	0.0054955322242996995	1797	4518	0.6470125786163522	0.11222484276729561	6315	8118846	3441
ENSG00000123612	1.0055817918209295	0.11747676542605856	2.349515547636998	0.06312737516331444	0.007415999844023486	2208	4108	0.5662342767295597	0.19280660377358494	6316	9070464	3442
ENSG00000177679	1.0001258905941077	0.13819083364569965	3.529967057094415	0.0948440434673679	0.013106577433084543	3511	2805	0.31014150943396224	0.44889937106918243	6316	9848355	3443
ENSG00000162645	1.0003480226285846	0.12289542559134169	3.566600007327743	0.09582830679562897	0.011776860547346482	3201	3115	0.37106918238993714	0.38797169811320753	6316	9971115	3444
ENSG00000144331	1.0000054326579053	0.11359481030044057	5.515567524345773	0.14819365664472872	0.016834030314286583	4282	2036	0.15860849056603776	0.6000393081761006	6318	8718152	3445
ENSG00000109182	1.0000704000207121	0.12392285476652799	4.123853676959638	0.11080073866541004	0.01373074384565763	3673	2645	0.2783018867924528	0.48034591194968557	6318	9715085	3446
ENSG00000115896	1.000026089535503	0.12784778981433562	4.348479931363327	0.11683605341254302	0.014937231199423289	3935	2385	0.22680817610062898	0.5314465408805031	6320	9384975	3447
ENSG00000268089	1.0000644527609361	0.1273278493785306	4.032800800730212	0.10835430706668547	0.01379652088970198	3693	2630	0.27437106918238996	0.48329402515723274	6323	9712590	3448
ENSG00000189420	1.0002961064391085	0.12670820257924229	3.5164192737531055	0.09448003821425166	0.011971395821745952	3253	3071	0.36084905660377353	0.3966194968553459	6324	9989963	3449
ENSG00000183844	1.0000004129234965	0.07203138024893442	10.082793434617138	0.2709070320821812	0.01951380744002187	4705	1622	0.07547169811320753	0.6814072327044025	6327	7631510	3450
ENSG00000260337	1.0236501960065978	0.09023631853030097	1.6284679163566864	0.04375408590109586	0.003948207632373437	1557	4772	0.6941823899371069	0.06230345911949686	6329	7430004	3451
ENSG00000162267	1.0029855634430276	0.1705298705651266	1.854118196920096	0.04981691444086015	0.008495271971553869	2460	3871	0.5167059748427674	0.23938679245283023	6331	9522660	3452
ENSG00000069667	1.0009491214143766	0.13973591841307303	2.725675166644859	0.07323412649521388	0.010233437924987878	2859	3473	0.43828616352201255	0.3176100628930818	6332	9929307	3453
ENSG00000213976	1.0089465569313096	0.11895846588251134	2.0063857737327138	0.05390807802406195	0.0064128222604171335	1996	4338	0.6079009433962264	0.1476022012578616	6334	8658648	3454
ENSG00000164855	1.001771599799462	0.13411329270086209	2.54940931644368	0.06849817126166734	0.009186515291889772	2628	3706	0.483687106918239	0.27181603773584906	6334	9739368	3455
ENSG00000111801	1.0070214857514495	0.12283493548655411	2.1023935695598843	0.0564876396498108	0.006938655572172226	2114	4221	0.5847091194968553	0.1705974842767296	6335	8923194	3456
ENSG00000128872	1.0003007819474206	0.12397387010150604	3.558213585577252	0.09560297830497332	0.011852271213697863	3243	3095	0.362814465408805	0.3919025157232704	6338	10037085	3457
ENSG00000071073	1.0004185332603106	0.13624706057109337	3.119253512387424	0.08380888856173256	0.01141871471626639	3144	3197	0.3822720125786163	0.3718553459119497	6341	10051368	3458
ENSG00000168702	1.000000122865064	0.10233977884275149	7.458984580590945	0.20040987531659926	0.02050990231780417	4851	1491	0.04677672955974843	0.7071540880503144	6342	7232841	3459
ENSG00000141977	1.00169151640287	0.16903206104530738	2.0362370613627774	0.05471012993439142	0.00924776602286675	2648	3694	0.47975628930817615	0.2741745283018868	6342	9781712	3460
ENSG00000240207	1.0047204633039786	0.13732475059489324	2.0561644104688095	0.05524554296636391	0.007586580409335382	2270	4073	0.5540487421383649	0.19968553459119498	6343	9245710	3461
ENSG00000212864	1.0082528661007575	0.1448540966636112	1.6803679449404456	0.04514854893356604	0.006539952271444556	2032	4312	0.6008254716981132	0.1527122641509434	6344	8761984	3462
ENSG00000180530	1.003791231972143	0.15919463154308147	1.8805343965544032	0.050526671542225614	0.008043574859262907	2368	3979	0.5347877358490566	0.2181603773584906	6347	9422272	3463
ENSG00000181634	1.000014241523635	0.1454921227140463	3.9789976213767035	0.10690870970026499	0.015554375110911305	4085	2263	0.19732704402515722	0.5554245283018868	6348	9244355	3464
ENSG00000117069	1.0000000457077798	0.08968442018997225	8.775791592418022	0.23579017758227044	0.021146705362956517	4933	1416	0.030660377358490587	0.7218946540880503	6349	6985128	3465
ENSG00000149927	1.0004719903145065	0.13135540351692418	3.1795988421550683	0.08543026207229618	0.011221726547063047	3098	3252	0.391312893081761	0.3610455974842768	6350	10074696	3466
ENSG00000102466	1.0000454822611429	0.1664743222245464	3.1753135441518148	0.0853151236068325	0.014202777377950837	3794	2557	0.2545204402515723	0.49764150943396224	6351	9701258	3467
ENSG00000171766	1.000004438599994	0.1061998451535859	5.9008087886772325	0.1585444159092505	0.016837392419528124	4317	2035	0.15172955974842772	0.6002358490566038	6352	8785095	3468
ENSG00000068078	1.0000427300745092	0.12114775855400711	4.377670731561507	0.11762035918029211	0.014249442875009623	3809	2543	0.2515723270440252	0.5003930817610063	6352	9686287	3469
ENSG00000184012	1.0000075803692159	0.09256900774151736	6.58707418457097	0.17698316731557992	0.01638315618535418	4230	2124	0.16882861635220126	0.5827437106918238	6354	8984520	3470
ENSG00000169247	1.0011847131483638	0.1543292119807969	2.3758832766407236	0.06383582994357621	0.009851733331332276	2781	3573	0.45361635220125784	0.29795597484276726	6354	9936513	3471
ENSG00000082684	1.0000762888553465	0.12289228039239997	4.092046290363622	0.10994612979566636	0.013511530610908231	3656	2701	0.2816430817610063	0.4693396226415094	6357	9874856	3472
ENSG00000162924	1.019089577103252	0.12898508429287214	1.279724783896226	0.03438396763113909	0.0044350189632258626	1657	4701	0.6745283018867925	0.07625786163522008	6358	7789557	3473
ENSG00000205592	1.0000134538064005	0.09835684178550526	5.889369700577396	0.15823706761069134	0.015563698223587066	4098	2260	0.19477201257861632	0.5560141509433962	6358	9261480	3474
ENSG00000285973	1.0002229804157536	0.12864230923063308	3.5245462445409323	0.09469839571113242	0.012182220304716353	3338	3022	0.3441430817610063	0.40625	6360	10087436	3475
ENSG00000266714	1.0122666195361143	0.13509508678444568	1.5349609056440712	0.04124171599931247	0.00557155320206658	1860	4502	0.6346305031446541	0.11536949685534592	6362	8373720	3476
ENSG00000186204	1.0000341768281775	0.12724819896566858	4.2474649132877556	0.11412195647898622	0.014521813424389409	3878	2487	0.23801100628930816	0.5113993710691824	6365	9644586	3477
ENSG00000276141	1.004889283503421	0.12672121599621322	2.174212086442737	0.05841727763986215	0.007402708457711729	2252	4114	0.5575864779874213	0.191627358490566	6366	9264728	3478
ENSG00000167531	1.0001592477163779	0.11556313423699291	4.045438237438972	0.10869385289732231	0.012561002313109219	3432	2935	0.32566823899371067	0.42334905660377353	6367	10072920	3479
ENSG00000105711	1.000667278987536	0.14986425877088916	2.631328480761031	0.07069919598956396	0.010595282602673823	2979	3390	0.41470125786163525	0.3339229559748428	6369	10098810	3480
ENSG00000121552	1.0000061570241312	0.14503650301500914	4.231798491596495	0.11370102711737141	0.016490799362318277	4267	2105	0.16155660377358494	0.5864779874213837	6372	8982035	3481
ENSG00000184156	1.0000001180225029	0.0990887284048136	7.612459162441835	0.20453346901500147	0.020266961360921838	4858	1519	0.04540094339622647	0.7016509433962264	6377	7379302	3482
ENSG00000091262	1.0000875254342223	0.11231758320115105	4.392553137804488	0.11802022341748705	0.013255746263112038	3614	2763	0.2898977987421384	0.45715408805031443	6377	9985482	3483
ENSG00000225556	1.0010112184626956	0.13883331300272175	2.663478813742288	0.07156301922911414	0.009935331048055399	2831	3552	0.4437893081761006	0.30208333333333337	6383	10055712	3484
ENSG00000119888	1.0000604294817526	0.1567383806188974	3.241209384820424	0.08708562964147994	0.013649660565182615	3713	2671	0.2704402515723271	0.47523584905660377	6384	9917423	3485
ENSG00000132970	1.0001103081241507	0.13050899009921182	3.696603446436233	0.09932127192257892	0.012962318893984977	3551	2833	0.3022798742138365	0.44339622641509435	6384	10059983	3486
ENSG00000171631	1.000554030863648	0.1642878603406815	2.4600895338211135	0.06609830485823309	0.010859149077305187	3043	3341	0.402122641509434	0.34355345911949686	6384	10166663	3487
ENSG00000130287	1.0001753506297746	0.10761577270787713	4.2796113653558105	0.11498567544518357	0.012374272313370602	3406	2979	0.33077830188679247	0.41470125786163525	6385	10146474	3488
ENSG00000166592	1.0001193174431526	0.15923537391167827	3.0060476025927745	0.0807672436807278	0.012861002247316325	3526	2861	0.30719339622641506	0.4378930817610063	6387	10087886	3489
ENSG00000196415	1.0076190404953846	0.12398600326805377	1.9608130578066247	0.05268361882081438	0.006532031335290392	2075	4313	0.592374213836478	0.15251572327044027	6388	8949475	3490
ENSG00000128274	1.0000308490167797	0.11014777148645981	4.902393606528559	0.1317187454702371	0.01450852627653884	3897	2491	0.23427672955974843	0.5106132075471699	6388	9707427	3491
ENSG00000198879	1.0000016396773905	0.10814771641281228	6.113975845683729	0.16427184205616097	0.017765624589299985	4511	1878	0.11360062893081757	0.6310927672955975	6389	8471658	3492
ENSG00000166317	1.000010441990911	0.11120489268976258	5.2710306831224	0.14162337923895232	0.015749212690629243	4166	2223	0.1814072327044025	0.5632861635220126	6389	9261018	3493
ENSG00000111348	1.000054701074603	0.1111167134411687	4.601615456922099	0.12363736243353796	0.013738177372149354	3747	2642	0.2637578616352201	0.480935534591195	6389	9899574	3494
ENSG00000121361	1.0000150854101864	0.11033156033850477	5.1334936961707065	0.13792800085217655	0.015217811548391256	4075	2315	0.1992924528301887	0.5452044025157232	6390	9433625	3495
ENSG00000272872	1.0254070436292437	0.10073955422411532	1.186307127558164	0.03187399852518382	0.0032109724027671272	1528	4863	0.6998820754716981	0.04441823899371067	6391	7430664	3496
ENSG00000131844	1.0166273713723581	0.184460304292924	0.9495464919026347	0.025512654168061664	0.004706071951160791	1735	4656	0.6591981132075472	0.08510220125786161	6391	8078160	3497
ENSG00000263961	1.0002088865165049	0.0997549923523048	4.527525431980855	0.1216466929931807	0.012134864929217911	3359	3033	0.3400157232704403	0.4040880503144654	6392	10187847	3498
ENSG00000053108	1.0000164500346815	0.11659813763020867	4.828838254686722	0.12974244176130473	0.015127727080963941	4057	2340	0.2028301886792453	0.5402908805031447	6397	9493380	3499
ENSG00000246859	1.0029080197439058	0.14056499603647762	2.1819728272409846	0.05862579517719404	0.008240734666717629	2466	3932	0.5155267295597484	0.2273977987421384	6398	9696312	3500
ENSG00000154639	1.0000200671326116	0.1261572670117497	4.388278193738079	0.11790536314420483	0.01487461838030076	3996	2405	0.21481918238993714	0.5275157232704403	6401	9610380	3501
ENSG00000103723	1.0004687578029594	0.07929390787645589	5.162460112123215	0.13870627780753003	0.010998562814356384	3100	3301	0.3909198113207547	0.3514150943396226	6401	10233100	3502
ENSG00000144407	1.000019681138637	0.11792613650065789	4.703185631786701	0.1263663754594487	0.014901898441524333	4001	2401	0.21383647798742134	0.5283018867924528	6402	9606401	3503
ENSG00000261183	1.000935283307769	0.1441298443262152	2.58186614822673	0.06937022958817719	0.009998320391417787	2865	3538	0.4371069182389937	0.3048349056603774	6403	10136370	3504
ENSG00000125089	1.0004632066822303	0.13211569574364343	3.1017335108574335	0.08333815675042026	0.011010278561074588	3106	3297	0.3897405660377359	0.35220125786163525	6403	10240482	3505
ENSG00000145864	1.0004015293325947	0.09912918022374477	4.217844671717036	0.11332611237233906	0.01123392461741395	3157	3248	0.3797169811320755	0.36183176100628933	6405	10253936	3506
ENSG00000135127	1.0003858281366484	0.148346244090754	2.8315644213691904	0.07607918564601181	0.011286061444069056	3170	3235	0.3771619496855346	0.36438679245283023	6405	10254950	3507
ENSG00000277147	1.0032473654682452	0.07188967752413797	4.13968477555159	0.11122609260744575	0.007996007929819181	2421	3989	0.52437106918239	0.2161949685534591	6410	9657369	3508
ENSG00000185761	1.00340233466983	0.15245397936822483	1.9379092815326093	0.052068234394454425	0.00793800953211205	2402	4009	0.5281053459119497	0.21226415094339623	6411	9629618	3509
ENSG00000270164	1.0002321348091068	0.1314368247206541	3.3601077142737523	0.0902802198867926	0.01186614543700247	3320	3091	0.34768081761006286	0.39268867924528306	6411	10262120	3510
ENSG00000178401	1.0000561746279961	0.11202180054241741	4.531667865994775	0.12175799295301667	0.013639549601027898	3741	2672	0.264937106918239	0.4750393081761006	6413	9995952	3511
ENSG00000092009	1.0110237829984126	0.15554348316325972	1.329468246483306	0.03572048750555111	0.005556089046903119	1911	4504	0.6246069182389937	0.11497641509433965	6415	8607144	3512
ENSG00000146530	1.0000543711169716	0.12346306102390264	4.118098419565516	0.11064610496100849	0.013660706808858128	3751	2666	0.26297169811320753	0.47621855345911945	6417	10000166	3513
ENSG00000263639	1.0000030363694132	0.09055460046348092	6.966345776594721	0.1871735319218285	0.01694942440051977	4396	2022	0.1362028301886793	0.6027908805031447	6418	8888712	3514
ENSG00000112164	1.0000176828817708	0.13093116730689017	4.244527166853138	0.1140430243682797	0.014931786303746983	4037	2387	0.20676100628930816	0.5310534591194969	6424	9636319	3515
ENSG00000127324	1.0000002706036135	0.11555396776080454	6.196526015766371	0.1664898208057987	0.019238559385895387	4766	1661	0.06348270440251569	0.6737421383647799	6427	7916326	3516
ENSG00000134955	1.0004684166708473	0.10795711485160381	3.7592845378782536	0.10100540326577691	0.010904251920996037	3101	3327	0.39072327044025157	0.3463050314465409	6428	10317027	3517
ENSG00000197892	1.004437366586278	0.1707929833041256	1.6041947685076987	0.04310190885455589	0.007361503599372108	2301	4128	0.5479559748427674	0.18887578616352196	6429	9498528	3518
ENSG00000176490	1.0000427005744594	0.12362459236085321	4.16324039612167	0.1118589909504372	0.013828522158144169	3810	2624	0.25137578616352196	0.48447327044025157	6434	9997440	3519
ENSG00000134917	1.0000079025389048	0.1361711007215127	4.321910863656788	0.11612218901333227	0.015812486296137004	4221	2214	0.1705974842767296	0.5650550314465409	6435	9345294	3520
ENSG00000172322	1.0019994629661038	0.12385965782779322	2.587567381936033	0.06952341177061597	0.008611145992929265	2591	3844	0.49095911949685533	0.24469339622641506	6435	9959804	3521
ENSG00000271420	1.004639826089306	0.15345761507737218	1.7611612594743318	0.047319324046077145	0.0072615106151843484	2284	4152	0.5512971698113207	0.18415880503144655	6436	9483168	3522
ENSG00000165215	1.0000734720639375	0.10046022825451414	4.899118019113757	0.1316307361630323	0.013223653800247955	3666	2770	0.2796776729559748	0.45577830188679247	6436	10154820	3523
ENSG00000273018	1.011062785660001	0.06255284002286887	3.2339169707633357	0.0868896952249186	0.005435197205040166	1908	4530	0.6251965408805031	0.10986635220125784	6438	8643240	3524
ENSG00000135299	1.0023683197762674	0.16863935450320539	1.8554796407721659	0.04985349405698563	0.008407261057499442	2540	3898	0.5009827044025157	0.2340801886792453	6438	9900920	3525
ENSG00000114656	1.0095815922423128	0.12612435471024547	1.7031631283338478	0.04576101565907424	0.005771578570886177	1972	4467	0.6126179245283019	0.12224842767295596	6439	8808924	3526
ENSG00000123560	1.0000135405690003	0.13558932445481026	4.135251251815681	0.11110697157568512	0.015064919218166951	4095	2348	0.19536163522012584	0.5387185534591195	6443	9615060	3527
ENSG00000101000	1.0001021037967137	0.1257656786857466	3.7881676050265556	0.1017814407844781	0.012800611977873015	3573	2870	0.29795597484276726	0.43612421383647804	6443	10254510	3528
ENSG00000170579	1.000000197457711	0.08064192130828203	8.943918948436268	0.2403074657054558	0.01937885573921205	4800	1644	0.056800314465408785	0.6770833333333333	6444	7891200	3529
ENSG00000178445	1.000003157982947	0.10143718754964715	6.139906282490516	0.16496854755959844	0.016733945498595873	4386	2061	0.13816823899371067	0.595125786163522	6447	9039546	3530
ENSG00000105609	1.0098723276523847	0.11887897947510219	1.7548259109408055	0.047149104306919216	0.005605037403171702	1956	4495	0.6157625786163522	0.11674528301886788	6451	8792220	3531
ENSG00000174885	1.008238071355555	0.10429120414006968	2.152249228402716	0.057827174041464854	0.006030865612801749	2033	4419	0.60062893081761	0.1316823899371069	6452	8983827	3532
ENSG00000180481	1.0014909275333914	0.16727081732157678	1.9918423472128488	0.05351732157939702	0.008951886121447398	2693	3760	0.4709119496855346	0.2612028301886793	6453	10125680	3533
ENSG00000232415	1.000985772727414	0.15988936308656942	2.2427706819340645	0.06025932724136564	0.009634825452647114	2841	3612	0.44182389937106914	0.29029088050314467	6453	10261692	3534
ENSG00000164171	1.000150881990662	0.12238687207600937	3.728889981786351	0.10018875468166105	0.012261788302679136	3452	3001	0.3217374213836478	0.410377358490566	6453	10359452	3535
ENSG00000096063	1.0265980855890717	0.18353297181244338	0.5208670252450713	0.013994786349004968	0.0025685047285130963	1508	4946	0.703812893081761	0.028105345911949686	6454	7458568	3536
ENSG00000166173	1.0004358346146922	0.1562123149161291	2.6024286443090063	0.06992270790898912	0.01092278806766752	3134	3321	0.3842374213836478	0.3474842767295597	6455	10408014	3537
ENSG00000019102	1.0000025793808274	0.12852344476286306	4.911785615263294	0.13197109232511575	0.016961379394741717	4437	2019	0.1281446540880503	0.6033805031446541	6456	8958303	3538
ENSG00000248334	1.0048938938716896	0.12611744556004148	2.070555688823756	0.05563221145583447	0.007016192399665919	2250	4206	0.5579795597484276	0.17354559748427678	6456	9463500	3539
ENSG00000182809	1.0014291997870928	0.1263080300806885	2.6496115132673546	0.07119042910922156	0.00899192286138468	2709	3748	0.4677672955974843	0.26356132075471694	6457	10153332	3540
ENSG00000103175	1.0000898667764468	0.12023169929212331	3.9985709562175353	0.10743461098784621	0.012917045841856972	3611	2847	0.2904874213836478	0.4406446540880503	6458	10280517	3541
ENSG00000113805	1.000001223734426	0.10829605866791675	6.0651892072586735	0.1629610303741898	0.01764803730598742	4556	1903	0.10475628930817615	0.6261792452830188	6459	8670068	3542
ENSG00000175806	1.0000189644081383	0.12884164014111726	4.2502759518376285	0.11419748417035003	0.014713391160497174	4016	2444	0.21088836477987416	0.5198506289308176	6460	9815104	3543
ENSG00000182600	1.0030501899302806	0.1440624700691352	2.0509671821994475	0.05510590252895571	0.007938692433710363	2452	4008	0.5182783018867925	0.21246069182389937	6460	9827616	3544
ENSG00000090006	1.0031897503828326	0.1626756177091715	1.796684791591589	0.04827377924912848	0.00785296685850816	2433	4028	0.5220125786163522	0.2085298742138365	6461	9800124	3545
ENSG00000162894	1.002539024229543	0.10325305359863594	2.9451922512590976	0.07913216678234335	0.008170637858153496	2512	3950	0.5064858490566038	0.2238600628930818	6462	9922400	3546
ENSG00000150873	1.0004473483828515	0.10627678663339828	3.8100527225521317	0.10236945563116415	0.010879496793890364	3126	3337	0.3858097484276729	0.3443396226415094	6463	10431462	3547
ENSG00000167772	1.000230017195331	0.13626376260465958	3.172173681215557	0.08523076097908233	0.011613864180668159	3322	3145	0.3472877358490566	0.3820754716981132	6467	10447690	3548
ENSG00000132698	1.0001868506377891	0.10730998874754166	4.126066288685734	0.11086018767423421	0.01189640549187243	3384	3087	0.3351022012578616	0.3934748427672956	6471	10446408	3549
ENSG00000112303	1.0004947227731575	0.14001209039054163	2.813468783645395	0.07559298749654293	0.010583932198257052	3081	3393	0.39465408805031443	0.33333333333333337	6474	10453833	3550
ENSG00000161634	1.000002667954087	0.07950790059775259	7.8648371147545255	0.21131442336732134	0.01680116616796039	4428	2047	0.12991352201257866	0.5978773584905661	6475	9064116	3551
ENSG00000050767	1.0003338033396372	0.16336733135645873	2.539042630828965	0.06821963654302782	0.011144859968142006	3212	3264	0.3689072327044025	0.358687106918239	6476	10483968	3552
ENSG00000260549	1.0000169158298085	0.11880404441842694	4.631201579627295	0.12443228982591772	0.014783059287564904	4049	2430	0.2044025157232704	0.5226022012578616	6479	9839070	3553
ENSG00000139178	1.0001693550458595	0.11813511072200104	3.7794261221698915	0.1015465724226444	0.011996215576588793	3413	3066	0.3294025157232704	0.3976022012578616	6479	10464258	3554
ENSG00000117016	1.0011107155119514	0.15929054704284346	2.1751922395712238	0.05844361264084639	0.009309515028720463	2803	3678	0.4492924528301887	0.27731918238993714	6481	10309434	3555
ENSG00000162373	1.0000171337779395	0.1235978527902592	4.438066261052629	0.11924308146966262	0.014738188829744245	4044	2438	0.2053852201257862	0.5210298742138364	6482	9859272	3556
ENSG00000267383	1.0097818215344379	0.07219169594616384	2.806438409698079	0.07540409363961273	0.005443549401126989	1960	4525	0.6149764150943396	0.11084905660377353	6485	8869000	3557
ENSG00000162409	1.000008045591282	0.09852779499041713	5.869711037238326	0.1577088736955402	0.015538707575643773	4220	2265	0.17079402515723274	0.5550314465408805	6485	9558300	3558
ENSG00000168917	1.0006306185913174	0.1560464497402726	2.4291981497330517	0.06526830737445291	0.01018488764634023	2996	3491	0.4113600628930818	0.3140723270440252	6487	10459036	3559
ENSG00000175352	1.0001416829576322	0.09130880865992197	4.9697146578610525	0.13352754442376147	0.012192241004618467	3469	3019	0.31839622641509435	0.4068396226415094	6488	10472911	3560
ENSG00000258227	1.0019498947087648	0.10587265154081839	2.965335051458301	0.07967336860852137	0.008435230791773161	2604	3889	0.48840408805031443	0.23584905660377353	6493	10126956	3561
ENSG00000180801	1.000154411311282	0.13673807137543437	3.282144275353189	0.0881854785846078	0.012058312264978941	3440	3054	0.32409591194968557	0.3999606918238994	6494	10505760	3562
ENSG00000171798	1.0000011668787419	0.09343463768447145	6.963497650578527	0.1870970077550838	0.017481341131445	4564	1931	0.10318396226415094	0.6206761006289307	6495	8813084	3563
ENSG00000165030	1.008023416729885	0.19851215724768387	1.1082203183624681	0.02977594247939151	0.005910886575666957	2051	4445	0.5970911949685535	0.1265723270440252	6496	9116695	3564
ENSG00000106686	1.0015325369209576	0.15785629519436323	2.0510212343428633	0.05510735481555123	0.008699042869144169	2681	3818	0.4732704402515723	0.24980345911949686	6499	10236058	3565
ENSG00000166450	1.0001781152003393	0.14576205804261463	3.0194621147761347	0.0811276681708247	0.01182533587677773	3397	3102	0.3325471698113207	0.39052672955974843	6499	10537494	3566
ENSG00000066382	1.000000095701354	0.11503281385418491	6.300810167508981	0.16929175364564084	0.01947410678416753	4872	1628	0.04264937106918243	0.6802279874213837	6500	7931616	3567
ENSG00000285906	1.0008524902350229	0.11956469360127099	3.022771430149136	0.08121658368930054	0.009710635944153202	2895	3605	0.4312106918238994	0.29166666666666663	6500	10436475	3568
ENSG00000171777	1.0138519587505759	0.16665025669511702	1.0004347117040786	0.026879931667472056	0.004479547512331423	1814	4688	0.6436713836477987	0.07881289308176098	6502	8504032	3569
ENSG00000179862	1.0000665593894609	0.12138202568714604	4.006743666689944	0.10765419743008608	0.0130672845577878	3687	2815	0.2755503144654088	0.44693396226415094	6502	10378905	3570
ENSG00000223573	1.000009208505131	0.10110645082362447	5.6155024959871875	0.150878734618819	0.015254813362068312	4192	2311	0.1762971698113207	0.5459905660377358	6503	9687712	3571
ENSG00000133169	1.0000008398224602	0.06653986099138932	9.89350749922854	0.26582124992235145	0.017687709018390625	4611	1894	0.09394654088050314	0.6279481132075472	6505	8733234	3572
ENSG00000188039	1.0000693428881442	0.12574171957022592	3.840676037176428	0.10319225055711236	0.012975571031372911	3677	2828	0.2775157232704403	0.44437893081761004	6505	10398556	3573
ENSG00000112246	1.000009647307266	0.13169516955315466	4.286951473954017	0.11518289133068152	0.01516903040341669	4180	2326	0.17865566037735847	0.5430424528301887	6506	9722680	3574
ENSG00000077279	1.000010989394925	0.1055279562163534	5.304561721686423	0.14252429962365698	0.015040298050451708	4153	2354	0.1839622641509434	0.5375393081761006	6507	9776162	3575
ENSG00000131044	1.0038174150278096	0.14825247915357323	1.8325926370272894	0.049238560279160626	0.00729973863133822	2365	4142	0.5353773584905661	0.18612421383647804	6507	9795830	3576
ENSG00000276085	1.00252561059312	0.07658303356615535	3.8771389301462453	0.10417194474400994	0.007977803540982193	2514	3993	0.5060927672955975	0.21540880503144655	6507	10038402	3577
ENSG00000106688	1.000023119746545	0.11174338711204998	4.745156760036327	0.12749406629839907	0.014246618804871372	3964	2544	0.22110849056603776	0.5001965408805031	6508	10084416	3578
ENSG00000182983	1.0000013661505807	0.09323704835863267	6.893073823762238	0.1852048426488178	0.01726795287030078	4544	1966	0.1071147798742138	0.6137971698113207	6510	8933504	3579
ENSG00000253361	1.0000501979798597	0.13449789774010182	3.6938888707283026	0.09924833601913445	0.01334869254877681	3769	2741	0.25943396226415094	0.4614779874213837	6510	10330829	3580
ENSG00000232044	1.0000726313879165	0.1335723451735472	3.606147461000599	0.09689087773595369	0.012941941765114767	3670	2840	0.27889150943396224	0.4420204402515723	6510	10422800	3581
ENSG00000124225	1.0017163164956613	0.13755914306724967	2.298011617247282	0.06174355459682923	0.008493390460265773	2641	3875	0.4811320754716981	0.23860062893081757	6516	10233875	3582
ENSG00000258498	1.0000823009065951	0.15331777039986882	3.089778900424731	0.0830169572680523	0.012727974793718965	3627	2890	0.2873427672955975	0.43219339622641506	6517	10482030	3583
ENSG00000164879	1.0005113240047026	0.14497731847625495	2.6629521540552124	0.07154886880406891	0.010372963139223281	3075	3443	0.39583333333333337	0.32350628930817615	6518	10587225	3584
ENSG00000268416	1.0000562536135242	0.08815997453227715	5.5662552122980875	0.14955554620393804	0.013184813144499978	3740	2783	0.26513364779874216	0.45322327044025157	6523	10408420	3585
ENSG00000107317	1.0030093139638443	0.1642014369208233	1.7269364906795903	0.046399764342905034	0.0076189079778925875	2457	4067	0.5172955974842768	0.2008647798742138	6524	9992619	3586
ENSG00000151650	1.0001928154270934	0.1427834632550699	3.0237770901231396	0.0812436040146308	0.011600243148532486	3376	3148	0.3366745283018868	0.38148584905660377	6524	10627648	3587
ENSG00000150627	1.0000166173451148	0.0944184680350927	5.7537401744345535	0.15459293936108137	0.014596428503515285	4053	2472	0.20361635220125784	0.5143474842767295	6525	10019016	3588
ENSG00000273802	1.0072197371483242	0.04879014406299308	4.57221035557885	0.12284729876867842	0.005993737404673372	2100	4428	0.5874606918238994	0.12991352201257866	6528	9298800	3589
ENSG00000181722	1.0014553017053662	0.13693012275422806	2.35568808756912	0.06329322051998701	0.008666748455312248	2704	3826	0.46875	0.24823113207547165	6530	10345504	3590
ENSG00000198353	1.0027405005360321	0.09552713350688086	3.036082488082377	0.08157422854456334	0.007792552220897313	2494	4037	0.5100235849056604	0.20676100628930816	6531	10068278	3591
ENSG00000116031	1.0000253383392292	0.11362982336185336	4.601986189636018	0.12364732337341786	0.014050023514087432	3944	2587	0.22503930817610063	0.4917452830188679	6531	10203128	3592
ENSG00000188282	1.001059294701906	0.11261792051812508	3.0234922150183157	0.0812359499186045	0.009148623751147791	2817	3715	0.44654088050314467	0.2700471698113207	6532	10465155	3593
ENSG00000018280	1.0100327188487792	0.12292646413533309	1.55072964341991	0.04166539441524313	0.005121779612269893	1948	4585	0.6173349056603774	0.09905660377358494	6533	8931580	3594
ENSG00000231868	1.0076811015005163	0.12919383300455717	1.6738075569696047	0.04497228277815852	0.005810141591075134	2072	4462	0.5929638364779874	0.12323113207547165	6534	9245264	3595
ENSG00000145908	1.0000068711471808	0.10865344563476931	5.274942484393811	0.14172848250020678	0.01539928796823457	4252	2284	0.16450471698113212	0.5512971698113207	6536	9711568	3596
ENSG00000137968	1.000002254497599	0.09901823826375983	6.247995786982306	0.16787272357500407	0.016622461340936045	4458	2080	0.12401729559748431	0.5913915094339622	6538	9272640	3597
ENSG00000143369	1.0000177806367936	0.1285545106658222	4.187204671932438	0.1125028691453038	0.014462751291475558	4034	2504	0.20735062893081757	0.5080581761006289	6538	10101136	3598
ENSG00000166546	1.002228436230045	0.1346025962264974	2.2218741075707764	0.05969787282120395	0.008035488670933308	2557	3982	0.49764150943396224	0.21757075471698117	6539	10181974	3599
ENSG00000049323	1.0007451722627367	0.15135936718024506	2.380301642377277	0.06395454370639453	0.0096801192637012	2931	3608	0.4241352201257862	0.2910770440251572	6539	10575048	3600
ENSG00000124479	1.0000004319506963	0.08892778679334283	7.515016730386547	0.20191536122194323	0.01795588619304577	4700	1842	0.07645440251572322	0.6381682389937107	6542	8657400	3601
ENSG00000142279	1.0016284769830004	0.16635069185715198	1.891026635504502	0.050808579659485015	0.008452042378634552	2658	3885	0.47779088050314467	0.2366352201257862	6543	10326330	3602
ENSG00000271109	1.000848648634806	0.1482473618750017	2.379448165662075	0.06393161227916994	0.009477692860802408	2899	3645	0.4304245283018868	0.2838050314465409	6544	10566855	3603
ENSG00000130962	1.0008077135680888	0.1577570533821833	2.2486347002240534	0.06041688316089508	0.009531189461998456	2915	3630	0.4272798742138365	0.2867531446540881	6545	10581450	3604
ENSG00000183742	1.000018058304848	0.09416311813573094	5.676556635066666	0.15251915259639728	0.014361678983896132	4030	2519	0.20813679245283023	0.5051100628930818	6549	10151570	3605
ENSG00000198865	1.0018002750412747	0.14018733866278252	2.2003429011802647	0.05911936694798273	0.008287786715866165	2626	3923	0.4840801886792453	0.22916666666666663	6549	10301798	3606
ENSG00000180914	1.0001220860960978	0.10594743183822615	4.265777890949531	0.11461399417261843	0.01214305833531034	3518	3031	0.3087657232704403	0.40448113207547165	6549	10663058	3607
ENSG00000135643	1.0003969869967375	0.13560904497601886	2.9066218521504315	0.07809584758999735	0.010590503308272265	3159	3391	0.37932389937106914	0.33372641509433965	6550	10712169	3608
ENSG00000111885	1.0001131642179237	0.13077400139005504	3.4806097369312994	0.09351789856480426	0.012229709796908739	3541	3011	0.3042452830188679	0.4084119496855346	6552	10661951	3609
ENSG00000005001	1.0005300164843132	0.09073981265002459	4.179762518261018	0.11230291148709155	0.010190345148390982	3064	3489	0.3979952830188679	0.3144654088050315	6553	10690296	3610
ENSG00000096006	1.0000003927680212	0.07293921010663795	9.136465551508776	0.2454808563054051	0.01790517975521734	4709	1848	0.07468553459119498	0.6369889937106918	6557	8702232	3611
ENSG00000187796	1.0013785638149302	0.16202821854026078	1.9828115935325368	0.053274681016257146	0.008632001658364795	2724	3835	0.46481918238993714	0.2464622641509434	6559	10446540	3612
ENSG00000124772	1.0011713344540552	0.15200677530927612	2.172782874625557	0.05837887721699128	0.008873984871931011	2785	3777	0.4528301886792453	0.25786163522012584	6562	10518945	3613
ENSG00000184574	1.0052932327121584	0.10663153644330166	2.2389178962745326	0.0601558096264268	0.006414506406456646	2227	4337	0.5625	0.14779874213836475	6564	9658499	3614
ENSG00000204969	1.0155437160917524	0.07087055819730215	1.9385553055645555	0.0520855919307645	0.0036913349741701765	1757	4809	0.654874213836478	0.055031446540880546	6566	8449413	3615
ENSG00000139055	1.0000167600312437	0.08745152871299769	6.114977046459827	0.1642987425706394	0.014368176203425688	4051	2516	0.20400943396226412	0.5056996855345912	6567	10192316	3616
ENSG00000151136	1.000014840990191	0.12775516173811657	4.2264327705499065	0.11355685957361103	0.014507474961299269	4076	2492	0.19909591194968557	0.5104166666666667	6568	10157392	3617
ENSG00000101333	1.0000250606088585	0.1197395624325841	4.300426234540841	0.11554493459004866	0.013835299909113979	3948	2623	0.22425314465408808	0.4846698113207547	6571	10355604	3618
ENSG00000136717	1.0005349179070402	0.14783192167304715	2.5423986874309517	0.06830980791660991	0.010098370173429173	3062	3510	0.39838836477987416	0.3103380503144654	6572	10747620	3619
ENSG00000246705	1.0010033140075674	0.14168131182584087	2.370159914701464	0.06368205321428475	0.009022556839162869	2836	3739	0.44280660377358494	0.2653301886792453	6575	10603804	3620
ENSG00000139625	1.0077818686463658	0.17634725368018422	1.1673133521049188	0.03136366898511729	0.005530896890859805	2065	4513	0.5943396226415094	0.1132075471698113	6578	9319345	3621
ENSG00000150051	1.0000006395871701	0.09472225393001259	6.865240785646539	0.18445701757448207	0.017472184457862885	4647	1932	0.08687106918238996	0.6204795597484276	6579	8978004	3622
ENSG00000151651	1.0004630476567227	0.11326783139479493	3.3627924886336937	0.0903523550801176	0.010234015321337404	3107	3472	0.38954402515723274	0.31780660377358494	6579	10787504	3623
ENSG00000100604	1.0000123012995985	0.07150204595445517	7.623148527132744	0.20482067355628622	0.014645097213044038	4121	2459	0.19025157232704404	0.5169025157232705	6580	10133539	3624
ENSG00000114450	1.0003393435276369	0.1533649490696518	2.5887222616731327	0.06955444137010329	0.010667213358293974	3207	3374	0.3698899371069182	0.3370676100628931	6581	10820418	3625
ENSG00000166073	1.0008568679292975	0.1301651379259954	2.652307638552094	0.07126286928205132	0.009275941209100391	2891	3691	0.4319968553459119	0.27476415094339623	6582	10670681	3626
ENSG00000174945	1.0001103973469276	0.1061262307228052	4.253703249966189	0.11428956967920131	0.01212912124098504	3550	3035	0.30247641509433965	0.4036949685534591	6585	10774250	3627
ENSG00000127533	1.0000309728602268	0.09787210203209806	5.155931102900316	0.138530854744221	0.013558305950120154	3896	2690	0.23447327044025157	0.47150157232704404	6586	10480240	3628
ENSG00000223756	1.000568308956804	0.16335671636713103	2.2625289275970215	0.06079019675946219	0.009930486929937553	3034	3553	0.40389150943396224	0.30188679245283023	6587	10779802	3629
ENSG00000159713	1.0000375944497164	0.12320482693192542	4.038007996398077	0.10849421531066569	0.013367011020465619	3852	2737	0.24312106918238996	0.46226415094339623	6589	10542924	3630
ENSG00000265743	1.0115388957279923	0.12054542648782386	1.3721815826674895	0.03686812017411871	0.0044442832701934824	1891	4699	0.6285377358490566	0.07665094339622647	6590	8885809	3631
ENSG00000101307	1.000299837900013	0.11008502958872635	3.6701820234275453	0.09861137447827575	0.01085563607722596	3248	3342	0.36183176100628933	0.3433569182389937	6590	10854816	3632
ENSG00000175336	1.0002355500257825	0.15322034699454415	2.6962416054649943	0.07244329816430012	0.011099787282163287	3314	3276	0.3488600628930818	0.35632861635220126	6590	10856664	3633
ENSG00000204851	1.0000037029508893	0.12620755216014226	4.614175032180434	0.12397481626312516	0.015646558090072423	4359	2238	0.1434748427672956	0.5603380503144655	6597	9755442	3634
ENSG00000137142	1.0000053673935465	0.12026036704466483	4.710160572588613	0.12655377992467434	0.015219404024631072	4285	2314	0.15801886792452835	0.5454009433962264	6599	9915490	3635
ENSG00000170425	1.0006143812651342	0.14329349594933585	2.541950113305021	0.06829775551407755	0.009786624153105201	3007	3592	0.4091981132075472	0.29422169811320753	6599	10801144	3636
ENSG00000237181	1.0017226715511183	0.12930356707377239	2.3295357894078665	0.06259055398982988	0.00809318189600854	2635	3968	0.48231132075471694	0.2203223270440252	6603	10455680	3637
ENSG00000164440	1.0000011681217584	0.09179893708870089	6.814985535116562	0.183106746852791	0.01680900473485604	4563	2043	0.10338050314465408	0.5986635220125787	6606	9322209	3638
ENSG00000163531	1.000001267928867	0.07651555175563977	8.15990709545908	0.21924243788508108	0.01677545610302856	4552	2054	0.1055424528301887	0.596501572327044	6606	9349808	3639
ENSG00000134824	1.000005452862801	0.11383268875137449	4.961090949216583	0.1332958404491076	0.015173423917696141	4281	2325	0.1588050314465409	0.5432389937106918	6606	9953325	3640
ENSG00000158106	1.0057154482540835	0.1347106646763074	1.6729299831726907	0.04494870390447667	0.006055069779310585	2198	4409	0.5681996855345912	0.1336477987421384	6607	9690982	3641
ENSG00000262370	1.0046888556333364	0.14881558063803255	1.6190309885192684	0.04350053214845909	0.00647355694973634	2277	4332	0.5526729559748428	0.14878144654088055	6609	9863964	3642
ENSG00000159164	1.0000086161377673	0.11284220322817679	4.911681055587416	0.13196828298942412	0.014891591808766142	4205	2404	0.17374213836477992	0.5277122641509434	6609	10108820	3643
ENSG00000184905	1.00012798599095	0.15462661034279512	2.836168101289768	0.0762028784769745	0.011782992797258505	3506	3113	0.31112421383647804	0.3883647798742138	6619	10914178	3644
ENSG00000235436	1.0000041069643733	0.12929181488544655	4.437894648280371	0.11923847053449853	0.015416558259570157	4338	2282	0.1476022012578616	0.551690251572327	6620	9899316	3645
ENSG00000134532	1.0000005041444477	0.09907425453483303	6.545995370028612	0.17587945138593317	0.017425125534056733	4680	1943	0.0803852201257862	0.6183176100628931	6623	9093240	3646
ENSG00000253953	1.0003606294733995	0.10117816562692086	3.8276351929743333	0.10284186587239728	0.010405351338618992	3190	3436	0.37323113207547165	0.3248820754716981	6626	10960840	3647
ENSG00000174944	1.0024881127689242	0.14485600993082354	1.9061658881306378	0.051215344909956946	0.007418850510887276	2521	4107	0.5047169811320755	0.19300314465408808	6628	10353747	3648
ENSG00000162595	1.0000312635356758	0.14006716301098923	3.561166062729652	0.09568230620431331	0.01340194918038694	3894	2734	0.23486635220125784	0.46285377358490565	6628	10646196	3649
ENSG00000227496	1.0013542092529149	0.1475971033628864	2.1197637395382247	0.056954345749277165	0.008406296456521632	2731	3899	0.46344339622641506	0.23388364779874216	6630	10648169	3650
ENSG00000165905	1.0000414918759577	0.1271395536253001	3.827237788661398	0.10283118831328115	0.013073911380909744	3819	2813	0.24960691823899372	0.4473270440251572	6632	10742847	3651
ENSG00000108576	1.0000050809411911	0.10804243970030968	5.213608897627918	0.14008055625184623	0.015134645052025934	4296	2338	0.15585691823899372	0.5406839622641509	6634	10044048	3652
ENSG00000141449	1.0002047436548138	0.1376876320766876	3.008755829714456	0.08084000900875885	0.0111306694174741	3363	3272	0.3392295597484277	0.3571147798742138	6635	11003736	3653
ENSG00000082482	1.0000000449323765	0.0957777620825308	7.354717290375988	0.19760839551652656	0.018926489891292527	4935	1702	0.03026729559748431	0.6656839622641509	6637	8399370	3654
ENSG00000101282	1.0000540458056706	0.1233082646145247	3.844418681099673	0.10329280885615534	0.012736857007212323	3753	2885	0.26257861635220126	0.43317610062893086	6638	10827405	3655
ENSG00000171435	1.0000927653267127	0.13460375294345087	3.3536596167177235	0.09010697077851644	0.012128736433154173	3602	3036	0.29225628930817615	0.40349842767295596	6638	10935672	3656
ENSG00000269825	1.0090012378540771	0.12109135249166371	1.460584488791197	0.039243351708981813	0.004752030534746651	1993	4646	0.6084905660377358	0.0870676100628931	6639	9259478	3657
ENSG00000134343	1.000445458149619	0.081253871037006	4.6270066048455245	0.12431957818750536	0.010101446973422544	3130	3509	0.38502358490566035	0.3105345911949685	6639	10983170	3658
ENSG00000069011	1.0002239752313795	0.1013297358285298	4.037935932654396	0.1084922790838603	0.010993493979002695	3337	3302	0.3443396226415094	0.35121855345911945	6639	11018774	3659
ENSG00000174307	1.0002402903386478	0.1221716854379441	3.3169670706202345	0.08912110621357539	0.010888075754206538	3310	3333	0.34964622641509435	0.34512578616352196	6643	11032230	3660
ENSG00000160867	1.000003839621983	0.09238253757742981	6.165421087290275	0.16565408575764656	0.015303544802360564	4353	2297	0.14465408805031443	0.5487421383647799	6650	9998841	3661
ENSG00000271133	1.0039389727786894	0.11205089994213101	2.197677588271133	0.059047754649817	0.006616354048074146	2356	4295	0.5371462264150944	0.15605345911949686	6651	10119020	3662
ENSG00000196230	1.016902226777918	0.1775240880121395	0.562457114093996	0.01511223932542055	0.0026827865040664734	1724	4930	0.6613600628930818	0.03125	6654	8499320	3663
ENSG00000120526	1.0169289892469862	0.17016391237818196	0.5842453840976823	0.015697652048509626	0.0026711738877257807	1723	4932	0.6615566037735849	0.030856918238993725	6655	8497836	3664
ENSG00000215912	1.0007538005700907	0.15297326013736584	2.2128877874266135	0.05945642610949832	0.009095243338086357	2928	3727	0.4247248427672956	0.26768867924528306	6655	10912656	3665
ENSG00000179403	1.0014142505641588	0.10675310538286453	2.8610656670914065	0.07687183254224728	0.008206306840356439	2713	3943	0.46698113207547165	0.22523584905660377	6656	10697359	3666
ENSG00000135144	1.0000963453522285	0.14871626666691423	2.9987834457307416	0.08057206848559623	0.011982377222808805	3592	3068	0.29422169811320753	0.39720911949685533	6660	11020256	3667
ENSG00000108106	1.0092766836927975	0.17620966306520175	0.9617566307700869	0.025840719252737114	0.004553384432887279	1984	4680	0.6102594339622642	0.0803852201257862	6664	9285120	3668
ENSG00000169129	1.0000160491579262	0.13584983173153334	3.8316132740804445	0.10294874995693469	0.013985570358621278	4065	2599	0.20125786163522008	0.48938679245283023	6664	10564935	3669
ENSG00000006016	1.0001364732808988	0.13956179269919247	3.0656823012756744	0.08236952377642362	0.011495638402016438	3485	3179	0.31525157232704404	0.3753930817610063	6664	11078815	3670
ENSG00000150893	1.0000003519824157	0.0896653725848553	7.239103551658592	0.19450205648191718	0.017440099362971674	4724	1941	0.0717374213836478	0.6187106918238994	6665	9169284	3671
ENSG00000015413	1.000023845051041	0.13987496715245618	3.590813681973068	0.0964788859011621	0.013494980996330617	3959	2707	0.22209119496855345	0.4681603773584906	6666	10717013	3672
ENSG00000283413	1.000054687067798	0.14828355270912083	3.1647302625433005	0.08503076933250917	0.012608664566214218	3748	2920	0.26356132075471694	0.4262971698113207	6668	10944160	3673
ENSG00000225889	1.001339367945725	0.1709855776928804	1.793649222665122	0.048192218819086675	0.008240174375083236	2736	3934	0.4624606918238994	0.22700471698113212	6670	10763424	3674
ENSG00000198788	1.0000012364376976	0.06862121480572944	8.923745525576946	0.23976544110193723	0.016452995836846507	4554	2117	0.10514937106918243	0.5841194968553459	6671	9640818	3675
ENSG00000149403	1.0001037127377548	0.14372405242365807	3.0587718859763338	0.0821838529986437	0.011811796396755276	3569	3105	0.2987421383647799	0.389937106918239	6674	11081745	3676
ENSG00000081818	1.0002272785638644	0.13069771861631846	3.0808951742322233	0.08277826707646509	0.010818930657906293	3329	3347	0.3459119496855346	0.34237421383647804	6676	11142163	3677
ENSG00000170571	1.000005190054873	0.09292483163820298	5.978793836135312	0.16063973779506066	0.014927420589011083	4289	2388	0.1572327044025157	0.5308569182389937	6677	10242132	3678
ENSG00000076641	1.0010589604755151	0.14561192297723333	2.180999208908008	0.058599635754740545	0.008532805648013208	2818	3859	0.44634433962264153	0.24174528301886788	6677	10874662	3679
ENSG00000182557	1.005274023125851	0.17438426645022795	1.2487456375749144	0.03355161212958409	0.005850873269440091	2228	4457	0.5623034591194969	0.12421383647798745	6685	9930196	3680
ENSG00000141668	1.0000001901294246	0.07558968342079375	8.738036357262494	0.23477576042021367	0.01774662540504007	4805	1884	0.0558176100628931	0.6299135220125787	6689	9052620	3681
ENSG00000101974	1.0011125091095014	0.16577277973969548	1.8950345304643925	0.05091626479015062	0.008440530748225651	2802	3888	0.44948899371069184	0.23604559748427678	6690	10894176	3682
ENSG00000138759	1.0000059441068005	0.1122011379153392	4.921045550379691	0.13221989059277084	0.014835222179550541	4271	2421	0.16077044025157228	0.52437106918239	6692	10340091	3683
ENSG00000055118	1.0000342467521264	0.08580552192743514	5.667191525321054	0.15226752847032948	0.01306539475299721	3877	2816	0.2382075471698113	0.4467374213836478	6693	10917632	3684
ENSG00000196136	1.0000014992385626	0.09144049152071229	6.554039630803393	0.1760955866093633	0.016102266994188343	4526	2168	0.1106525157232704	0.5740959119496856	6694	9812368	3685
ENSG00000183454	1.0000048758424294	0.1461756269289898	3.7991910066515238	0.10207762031419226	0.014921260144846439	4301	2393	0.15487421383647804	0.529874213836478	6694	10292293	3686
ENSG00000257829	1.0041591269236876	0.16707436047192964	1.40111844809485	0.03764560315852395	0.006289615072290444	2329	4367	0.5424528301886793	0.1419025157232704	6696	10170743	3687
ENSG00000285128	1.0081761090485675	0.08821759147307034	1.9804125829458628	0.053210223795925896	0.0046940777850196375	2040	4658	0.5992531446540881	0.08470911949685533	6698	9502320	3688
ENSG00000268355	1.0003143701006667	0.15544187314639027	2.4526713866640972	0.06589899221309285	0.010243462788062539	3232	3467	0.36497641509433965	0.3187893081761006	6699	11205344	3689
ENSG00000235978	1.0000059595192603	0.10551277579679157	5.214296030831068	0.14009901831971638	0.01478223630931883	4269	2431	0.16116352201257866	0.5224056603773585	6700	10377939	3690
ENSG00000171303	1.0001469169356736	0.08019959075760924	5.219911814852419	0.14024990461842954	0.011247984954191778	3457	3244	0.3207547169811321	0.3626179245283019	6701	11214508	3691
ENSG00000280649	1.0043559254457861	0.1282535201632799	1.7781599778934836	0.04777604989154796	0.006127446578087513	2309	4394	0.5463836477987422	0.13659591194968557	6703	10145746	3692
ENSG00000174171	1.00014326980444	0.13296002014330272	3.158152675479196	0.08485404106753441	0.011282195009580012	3467	3236	0.3187893081761006	0.3641902515723271	6703	11219212	3693
ENSG00000174871	1.002573970845223	0.12612191938912376	2.0797050179430796	0.05587803793371799	0.00704744539589878	2509	4197	0.5070754716981132	0.17531446540880502	6706	10530273	3694
ENSG00000167680	1.0000959978945323	0.12273933533442138	3.5747549088790374	0.09604741474329342	0.01178879584618134	3595	3112	0.2936320754716981	0.38856132075471694	6707	11187640	3695
ENSG00000260997	1.0063722630454532	0.116233769486486	1.7028699740189077	0.04575313911514647	0.0053180598251930606	2157	4551	0.5762578616352201	0.10573899371069184	6708	9816507	3696
ENSG00000126561	1.0000022086529539	0.11336116825599594	5.126550636906966	0.13774145298814386	0.01561453202801433	4462	2246	0.12323113207547165	0.5587657232704403	6708	10021652	3697
ENSG00000058404	1.0000096393589646	0.11552130497806626	4.617787742498561	0.12407188347335843	0.014332945889928938	4182	2526	0.1782625786163522	0.5037342767295597	6708	10563732	3698
ENSG00000183346	1.0000432779493997	0.1287301669780225	3.6696955483922493	0.09859830374457	0.012692576104788278	3806	2902	0.2521619496855346	0.4298349056603774	6708	11045012	3699
ENSG00000282988	1.0143919070585075	0.058436545691836025	1.7785249288166023	0.047785855484817216	0.0027924403274619944	1790	4920	0.6483883647798743	0.03321540880503149	6710	8806800	3700
ENSG00000168269	1.0000002228250464	0.0680948355338225	9.562632700767693	0.25693122254818446	0.01749568934292257	4789	1927	0.05896226415094341	0.6214622641509434	6716	9228403	3701
ENSG00000184293	1.0085440832274852	0.11688888125023966	1.4102303101326932	0.03789042296143089	0.00442896915006005	2016	4702	0.6039701257861636	0.07606132075471694	6718	9479232	3702
ENSG00000165188	1.0000279072304579	0.113384136685624	4.312043178196353	0.11585706155644826	0.013136352903511082	3922	2797	0.22936320754716977	0.45047169811320753	6719	10969834	3703
ENSG00000106927	1.0000152058968472	0.12859130704022637	3.9687875731165354	0.10663438355349682	0.013712254756572975	4071	2649	0.20007861635220126	0.4795597484276729	6720	10784079	3704
ENSG00000152932	1.0000104966573782	0.13710061518583005	3.8519119420228733	0.10349413967687333	0.014189110217827558	4164	2561	0.18180031446540879	0.4968553459119497	6725	10664004	3705
ENSG00000204866	1.0005142988086324	0.1063422407755171	3.2949031430637996	0.08852828705396945	0.009414296417337313	3072	3656	0.3964229559748428	0.2816430817610063	6728	11231232	3706
ENSG00000117519	1.0001353662420578	0.13885116107838613	3.015679244586672	0.08102602906233508	0.011250558212876285	3487	3242	0.31485849056603776	0.36301100628930816	6729	11304854	3707
ENSG00000224383	1.0006016990501625	0.13458005657772992	2.528884973362177	0.0679467180452842	0.00914427315880541	3014	3716	0.4078223270440252	0.26985062893081757	6730	11200024	3708
ENSG00000177989	1.0068417643719256	0.12997687953450107	1.4226763759192047	0.0382248269899561	0.004968343732900669	2125	4606	0.5825471698113207	0.09492924528301883	6731	9787750	3709
ENSG00000108375	1.0000182171736713	0.11199537710480768	4.485401047157966	0.12051488441804153	0.013497109927140873	4027	2705	0.20872641509433965	0.46855345911949686	6732	10893035	3710
ENSG00000286214	1.0004538971774646	0.13830102908257674	2.5862310625977165	0.06948750720625047	0.009610193755007407	3116	3617	0.3877751572327044	0.289308176100629	6733	11270572	3711
ENSG00000279716	1.0101700454273181	0.11883172157156624	1.1885537220635465	0.03193436059187615	0.0037948150464198237	1939	4795	0.6191037735849056	0.057783018867924474	6734	9297505	3712
ENSG00000133216	1.000042057139925	0.1385452438897275	3.386181590678405	0.09098077936145274	0.012604954265909955	3815	2921	0.2503930817610063	0.42610062893081757	6736	11143615	3713
ENSG00000135547	1.0000017838649586	0.11949908690841615	4.864749498631975	0.13070731410334702	0.015619404687601514	4495	2245	0.11674528301886788	0.5589622641509434	6740	10091275	3714
ENSG00000143320	1.0000055166109922	0.09278454601630222	5.8702956071579235	0.15772458006729023	0.014634403557155434	4279	2461	0.15919811320754718	0.5165094339622642	6740	10530619	3715
ENSG00000184986	1.0009485959499074	0.12237578512895926	2.576206553692143	0.06921816617756624	0.00847062743116644	2860	3880	0.4380896226415094	0.23761792452830188	6740	11096800	3716
ENSG00000227141	1.009750683356133	0.07205997372561776	2.014810239864495	0.0541344287007308	0.003900925509825989	1961	4780	0.6147798742138364	0.06073113207547165	6741	9373580	3717
ENSG00000205078	1.0023431741625386	0.16170466566083053	1.620765954228683	0.04354714764387211	0.007041776950235164	2544	4199	0.5001965408805031	0.17492138364779874	6743	10682256	3718
ENSG00000198185	1.000000010968111	0.08470202452033564	8.157540730965573	0.21917885780819885	0.018564892988409215	4996	1749	0.01827830188679247	0.6564465408805031	6745	8738004	3719
ENSG00000088543	1.0025635039137895	0.1657693048535949	1.5404523958542142	0.04138926274061836	0.006861069312915102	2511	4234	0.5066823899371069	0.1680424528301887	6745	10631574	3720
ENSG00000133135	1.000136148940621	0.07998163399647214	5.204720920122163	0.13984175183490455	0.011184771812684822	3486	3259	0.3150550314465409	0.3596698113207547	6745	11360874	3721
ENSG00000186891	1.0000367236500738	0.09746812491211443	4.862333368735571	0.13064239691709262	0.012733469461533217	3858	2888	0.24194182389937102	0.43258647798742134	6746	11141904	3722
ENSG00000158163	1.0003474643958745	0.15359096548234258	2.4164293536956034	0.06492523214830659	0.009971929089823636	3203	3543	0.37067610062893086	0.3038522012578616	6746	11348229	3723
ENSG00000185015	1.0005462119821553	0.12868712538873925	2.6635316626708994	0.07156443918743141	0.00920942195908779	3052	3700	0.40035377358490565	0.2729952830188679	6752	11292400	3724
ENSG00000101441	1.0000005434204382	0.1210873387105755	5.090027783256499	0.13676014776258505	0.01655992233423649	4666	2090	0.08313679245283023	0.5894261006289307	6756	9751940	3725
ENSG00000091129	1.0000007584828157	0.0931841794084021	6.518522088119655	0.17514129233191944	0.01632039760647698	4623	2133	0.09158805031446537	0.5809748427672956	6756	9860859	3726
ENSG00000173404	1.0000051836175716	0.07683287530691058	7.078815393612104	0.19019539390315113	0.01461325898370955	4290	2467	0.15703616352201255	0.5153301886792453	6757	10583430	3727
ENSG00000141574	1.0003300953636494	0.1002034136804298	3.7101430785976306	0.09968505816774144	0.009988783121339903	3216	3541	0.36812106918238996	0.3042452830188679	6757	11387856	3728
ENSG00000126233	1.0002957287256349	0.137390779568771	2.7455516880387383	0.07376817387542169	0.010135066916108833	3254	3504	0.3606525157232704	0.3115172955974843	6758	11402016	3729
ENSG00000224982	1.007100784537925	0.1271468629459834	1.3787891380874178	0.03704565363642149	0.004710238645654455	2107	4654	0.5860849056603774	0.08549528301886788	6761	9805978	3730
ENSG00000272463	1.0000359770436598	0.13009320758528173	3.6346987909880704	0.09765800205711148	0.012704642733979673	3864	2897	0.2407625786163522	0.4308176100628931	6761	11194008	3731
ENSG00000233493	1.0041420304392616	0.12148663326056824	1.8329914641474643	0.049249276066619836	0.005983128739853925	2331	4431	0.542059748427673	0.12932389937106914	6762	10328661	3732
ENSG00000243649	1.0003588627183708	0.12458727302176581	2.9430684190073593	0.07907510312278414	0.009851751461982593	3192	3572	0.3728380503144654	0.2981525157232704	6764	11401824	3733
ENSG00000047597	1.0000700036724153	0.12969998471197794	3.4037729074106733	0.09145342728757158	0.011861508121056021	3674	3092	0.2781053459119497	0.3924921383647799	6766	11360008	3734
ENSG00000254349	1.000018106911032	0.1145909498443268	4.338117233430718	0.11655762583595011	0.01335644905614117	4029	2739	0.20833333333333337	0.46187106918238996	6768	11035431	3735
ENSG00000141744	1.0000032028022416	0.09367337667323383	5.930438427902743	0.15934051251445222	0.014925963848072411	4383	2389	0.13875786163522008	0.5306603773584906	6772	10470987	3736
ENSG00000158050	1.0006231073132688	0.16568015413323345	2.00070877861692	0.05375554709025501	0.008906227327429739	3000	3772	0.41057389937106914	0.25884433962264153	6772	11316000	3737
ENSG00000233098	1.0000034388471104	0.13899142336237058	3.9910634560318727	0.10723289758304	0.014904453066338037	4373	2400	0.14072327044025157	0.528498427672956	6773	10495200	3738
ENSG00000186462	1.0000011865146055	0.11594709637847952	5.078157028967289	0.13644120134818905	0.015819961122714006	4562	2212	0.10357704402515722	0.5654481132075472	6774	10091144	3739
ENSG00000008735	1.0000496214017427	0.11191772904541401	4.074951127000428	0.10948681264316151	0.01225351543144336	3772	3003	0.25884433962264153	0.4099842767295597	6775	11327316	3740
ENSG00000101460	1.0000110946245782	0.09327787820297215	5.505811363270305	0.14793152565309337	0.013798738832249092	4149	2629	0.18474842767295596	0.4834905660377359	6778	10907721	3741
ENSG00000145730	1.0002529886294755	0.1451572794840754	2.6158799142730427	0.07028412001639006	0.01020225165251143	3291	3487	0.3533805031446541	0.31485849056603776	6778	11475717	3742
ENSG00000166159	1.0006116321443552	0.08384657958725995	3.9569424114499205	0.10631612476812698	0.008914243416779818	3008	3771	0.40900157232704404	0.25904088050314467	6779	11343168	3743
ENSG00000197360	1.001950005957146	0.06807905999952263	3.898340302229203	0.1047415885460286	0.007130708891070393	2603	4178	0.48860062893081757	0.17904874213836475	6781	10875334	3744
ENSG00000155367	1.0007213167647269	0.14697481469881468	2.1856914074240197	0.05872570692560762	0.008631199893448079	2945	3836	0.42138364779874216	0.24626572327044027	6781	11297020	3745
ENSG00000254503	1.0129574439335438	0.1126083042867892	0.8573019625155804	0.023034204932330264	0.002593842758024107	1838	4945	0.6389544025157232	0.028301886792452824	6783	9088910	3746
ENSG00000165923	1.0013134125052656	0.16276971561606554	1.779147640488638	0.047802586658772926	0.007780813436160798	2743	4040	0.4610849056603774	0.20617138364779874	6783	11081720	3747
ENSG00000156265	1.0001639899674577	0.10607449460222272	3.7694917593058346	0.10127965346049556	0.010743188054310324	3421	3362	0.3278301886792453	0.33942610062893086	6783	11501402	3748
ENSG00000260810	1.0005723641557267	0.1635252444919546	2.044180032349728	0.05492354367830508	0.008981385908359386	3032	3753	0.4042845911949685	0.26257861635220126	6785	11379096	3749
ENSG00000230978	1.0002264409549688	0.13411929137783313	2.852008949187366	0.07662849436580844	0.010277359363692506	3330	3457	0.3457154088050315	0.3207547169811321	6787	11511810	3750
ENSG00000196748	1.000666306802153	0.10025828805300796	3.23797295509932	0.08699867243304635	0.008722337961021644	2980	3810	0.4145047169811321	0.25137578616352196	6790	11353800	3751
ENSG00000272568	1.0012467847692785	0.0770782922559621	3.7928164552814665	0.10190634726335412	0.007854767217102373	2764	4027	0.4569575471698113	0.20872641509433965	6791	11130628	3752
ENSG00000183067	1.0096188285868481	0.05725468828719816	2.3260144446508426	0.06249594161249125	0.003578185656238123	1970	4822	0.6130110062893082	0.052476415094339646	6792	9499340	3753
ENSG00000069702	1.0000084601977346	0.11568410253093368	4.529915917020201	0.12171092114696025	0.014080018681099335	4211	2581	0.17256289308176098	0.4929245283018868	6792	10868591	3754
ENSG00000260231	1.000106807668646	0.1304256985047116	3.2238351616474374	0.08661881463975953	0.011297319403040776	3562	3232	0.3001179245283019	0.36497641509433965	6794	11512384	3755
ENSG00000151790	1.0000109307917633	0.12210982976489952	4.187849155893438	0.1125201853026	0.013739820672415434	4154	2641	0.18376572327044027	0.4811320754716981	6795	10970714	3756
ENSG00000105784	1.0014608962757598	0.13891071862638366	2.000702077041789	0.053755367030647434	0.007467196664252247	2702	4093	0.4691430817610063	0.19575471698113212	6795	11059286	3757
ENSG00000099994	1.000006936565375	0.10477876905638583	5.0591691532089555	0.1359310303226105	0.014242686033769386	4249	2547	0.16509433962264153	0.4996069182389937	6796	10822203	3758
ENSG00000218357	1.0000128018792167	0.12993974285913515	3.88719372117191	0.10444209940031951	0.01357117953974575	4112	2685	0.19202044025157228	0.4724842767295597	6797	11040720	3759
ENSG00000129757	1.0000449187384162	0.12981513370309805	3.5210121587364633	0.09460344100412381	0.012280958342723481	3799	2999	0.2535377358490566	0.4107704402515723	6798	11393201	3760
ENSG00000115129	1.0005001606706976	0.1434903222496234	2.368553460059262	0.0636388905865749	0.009131564917876159	3079	3719	0.3950471698113207	0.26926100628930816	6798	11450801	3761
ENSG00000072133	1.00000084067808	0.10943615971852007	5.417792853161234	0.1455666221671132	0.015930252113165663	4610	2192	0.09414308176100628	0.56937893081761	6802	10105120	3762
ENSG00000135929	1.00000856694702	0.11280837164448408	4.625924948079108	0.12429051596122632	0.0140210107164387	4207	2596	0.17334905660377353	0.48997641509433965	6803	10921372	3763
ENSG00000241399	1.0006367753462158	0.14052947478444983	2.308289024264489	0.06201969055563734	0.008715594540077818	2991	3812	0.4123427672955975	0.2509827044025157	6803	11401692	3764
ENSG00000248485	1.000021275184029	0.11997415185886709	4.039274768253777	0.10852825125576149	0.013020584897136011	3982	2822	0.21757075471698117	0.445558176100629	6804	11237204	3765
ENSG00000120915	1.0000766138927526	0.13241286648897163	3.252422935158511	0.08738691813468318	0.011571152323850498	3653	3156	0.2822327044025157	0.37991352201257866	6809	11528868	3766
ENSG00000107242	1.0000011494670311	0.12495626375207632	4.652390854048172	0.12500160858490633	0.015619733971769363	4566	2244	0.10279088050314467	0.5591588050314465	6810	10246104	3767
ENSG00000258837	1.0000384642365014	0.11621689204062835	3.974335291429281	0.1067834410456174	0.01241003963972532	3843	2968	0.2448899371069182	0.41686320754716977	6811	11406024	3768
ENSG00000288156	1.0015070347229587	0.15226707844243828	1.8003809626965992	0.0483730889047928	0.007365628922769126	2687	4126	0.47209119496855345	0.18926886792452835	6813	11086562	3769
ENSG00000128394	1.0001529359196635	0.0829567673536913	4.808985017866769	0.12920901999689047	0.010718762611880489	3446	3367	0.32291666666666663	0.33844339622641506	6813	11602682	3770
ENSG00000160229	1.0036537241547605	0.09101903905114742	2.4276144636148524	0.06522575649717736	0.005936785677757218	2375	4441	0.5334119496855345	0.12735849056603776	6816	10547375	3771
ENSG00000117643	1.0002524396968904	0.14374601952905608	2.602193649960434	0.06991639402167797	0.0100502033404413	3293	3524	0.3529874213836478	0.30758647798742134	6817	11604532	3772
ENSG00000175602	1.006748816205578	0.1174016974796791	1.4206190896222586	0.03816955130386145	0.004481170115111033	2132	4687	0.5811713836477987	0.07900943396226412	6819	9992684	3773
ENSG00000104059	1.0000575675365566	0.09459355743411746	4.676085487761327	0.12563824196801884	0.011884568257523338	3731	3090	0.2669025157232704	0.3928852201257862	6821	11528790	3774
ENSG00000074211	1.0000009210924832	0.07296849287193663	8.032559444140515	0.21582082913299633	0.015748120632206496	4602	2224	0.09571540880503149	0.5630896226415094	6826	10234848	3775
ENSG00000137285	1.0000132692701273	0.1327925382790081	3.7628324479491946	0.101100729406657	0.01342542247976914	4102	2724	0.19398584905660377	0.46481918238993714	6826	11173848	3776
ENSG00000166670	1.0000119111974826	0.09553948814417008	5.273261292746297	0.14168331181982513	0.013536351089836937	4132	2695	0.1880896226415094	0.47051886792452835	6827	11135740	3777
ENSG00000204241	1.0007397373000462	0.1304787659366926	2.403656674958924	0.06458205260081998	0.00842658652501356	2937	3891	0.42295597484276726	0.23545597484276726	6828	11427867	3778
ENSG00000087077	1.0000802082769	0.13215506197240715	3.2166238466574493	0.08642505921334762	0.01142150905630891	3634	3194	0.2859669811320755	0.3724449685534591	6828	11606996	3779
ENSG00000009765	1.0000123188075647	0.09550180531203002	5.259147305941191	0.14130409366951663	0.01349479604341903	4120	2709	0.19044811320754718	0.4677672955974843	6829	11161080	3780
ENSG00000226025	1.0020549659597995	0.1015880555251482	2.49365055417595	0.06700003080124044	0.0068064028492230534	2584	4247	0.4923349056603774	0.1654874213836478	6831	10974248	3781
ENSG00000101850	1.0008989717857106	0.07673995350201301	3.949769043010013	0.10612338889917469	0.00814390392959871	2875	3956	0.43514150943396224	0.22268081761006286	6831	11373500	3782
ENSG00000273983	1.0028294865193639	0.06609843318237327	3.572585742765164	0.09598913304211475	0.00634473129661816	2481	4353	0.5125786163522013	0.14465408805031443	6834	10799793	3783
ENSG00000076826	1.0013689228516935	0.11039286949353845	2.5041598000180376	0.06728239586395483	0.007427496745822157	2729	4105	0.46383647798742134	0.19339622641509435	6834	11202545	3784
ENSG00000140459	1.0000847675063642	0.17040163184863769	2.478702443757168	0.06659840120771077	0.011348476244304198	3618	3216	0.28911163522012584	0.36812106918238996	6834	11635488	3785
ENSG00000275557	1.0072327770850182	0.11839892150324453	1.3215547206224714	0.03550786490069798	0.004204092909125552	2099	4736	0.5876572327044025	0.06937893081761004	6835	9940864	3786
ENSG00000198075	1.0000010346480226	0.12574122850107874	4.615118608013417	0.12400016849612643	0.015591933521043698	4585	2253	0.09905660377358494	0.5573899371069182	6838	10330005	3787
ENSG00000064195	1.0005931643101516	0.07860379993108825	4.115232245313637	0.1105690958697242	0.008691151090305117	3018	3820	0.40703616352201255	0.2494103773584906	6838	11528760	3788
ENSG00000183734	1.0000005537761518	0.09174772257182294	6.490948198457916	0.1744004301234786	0.016000842279375507	4662	2179	0.08392295597484278	0.5719339622641509	6841	10158498	3789
ENSG00000175785	1.0000008194340428	0.09808344703173491	5.967907878787423	0.1603472511527811	0.015727411115128098	4614	2228	0.09335691823899372	0.5623034591194969	6842	10279992	3790
ENSG00000147689	1.000004615630544	0.0841738021799453	6.309495469738808	0.16952511253225064	0.01426957328682263	4309	2537	0.15330188679245282	0.5015723270440251	6846	10931933	3791
ENSG00000181790	1.000005051671599	0.11210397454749205	4.718587243853374	0.12678018984941117	0.014212563176004599	4298	2552	0.15546383647798745	0.49862421383647804	6850	10968496	3792
ENSG00000168411	1.012215287580101	0.1659546102882957	0.4844907941328111	0.013017420614711105	0.002160300965073208	1864	4990	0.6338443396226415	0.019457547169811296	6854	9301360	3793
ENSG00000152611	1.000268834746316	0.10805242167290335	3.3758820268889274	0.09070404808890987	0.009800792051542193	3272	3587	0.3571147798742138	0.2952044025157232	6859	11736664	3794
ENSG00000215146	1.0000084361445307	0.10610725630294732	4.811631220854394	0.1292801188448747	0.013717558705148609	4214	2646	0.17197327044025157	0.48014937106918243	6860	11150244	3795
ENSG00000165061	1.0003936364762978	0.08080774252837628	4.241742489959029	0.11396820496851884	0.009209513363517285	3162	3699	0.3787342767295597	0.273191823899371	6861	11696238	3796
ENSG00000127824	1.0000412046718414	0.13354913885601652	3.3734247771478394	0.09063802608431763	0.012104630331169782	3821	3042	0.24921383647798745	0.40231918238993714	6863	11623482	3797
ENSG00000101280	1.0048684671362313	0.16320384523741868	1.1261704827338588	0.030258232014208842	0.004938259814804847	2253	4612	0.5573899371069182	0.09375	6865	10390836	3798
ENSG00000130997	1.000966305860613	0.14953883290896924	1.9695090646032123	0.05291726532041854	0.007913186096749661	2852	4013	0.4396619496855346	0.21147798742138368	6865	11445076	3799
ENSG00000139318	1.0000671561430787	0.12484323540682717	3.4211655399179444	0.091920736915919607	0.01147568219756318	3684	3181	0.2761399371069182	0.375	6865	11718804	3800
ENSG00000230454	1.0042347196013106	0.15228595196392158	1.306103002337381	0.03509270424424615	0.005344125872823377	2316	4550	0.5450078616352201	0.10593553459119498	6866	10537800	3801
ENSG00000185950	1.0000057783281677	0.10059071631699379	5.1919355680179615	0.13949823177618914	0.01403222705932089	4274	2592	0.16018081761006286	0.4907625786163522	6866	11078208	3802
ENSG00000273032	1.0004505505809302	0.13589138504278614	2.464811368306959	0.06622517229579775	0.008999430387973104	3121	3746	0.3867924528301887	0.2639544025157232	6867	11691266	3803
ENSG00000283703	1.0002636455596092	0.14552202639512912	2.505735733937594	0.06732473845320583	0.009797232366232584	3279	3589	0.35573899371069184	0.29481132075471694	6868	11768331	3804
ENSG00000105219	1.0000089689398381	0.12038627381594959	4.213640183184124	0.11321314511606619	0.01362930868750758	4195	2676	0.1757075471698113	0.4742531446540881	6871	11225820	3805
ENSG00000143195	1.0000358800701545	0.11033840000896157	4.1252185071215255	0.11083740926576012	0.012229622399522425	3867	3012	0.24017295597484278	0.4082154088050315	6879	11647404	3806
ENSG00000275713	1.0032720929012373	0.057644930387458444	3.750793179243994	0.10077725530451304	0.0058092978666677815	2417	4463	0.5251572327044025	0.12303459119496851	6880	10787071	3807
ENSG00000055163	1.0000118358195915	0.11189981353511842	4.431453585897396	0.1190654104490229	0.013323397227728004	4135	2748	0.1875	0.4601022012578616	6883	11362980	3808
ENSG00000162722	1.0000000048634528	0.07749619039099459	8.580542976833092	0.23054418862997603	0.01786629633560599	5028	1858	0.011988993710691842	0.6350235849056604	6886	9342024	3809
ENSG00000214787	1.001053295949417	0.16863031999320502	1.6815915325781432	0.045181424594222044	0.007618958087072527	2820	4066	0.44595125786163525	0.20106132075471694	6886	11466120	3810
ENSG00000231482	1.0075298452722907	0.11318887219658749	1.2250995090442878	0.03291628199592564	0.003725756836023661	2083	4805	0.5908018867924528	0.0558176100628931	6888	10008815	3811
ENSG00000221923	1.001961339522944	0.06678225102046487	3.6957782717882033	0.09929910092241942	0.006631417483907488	2600	4289	0.4891902515723271	0.1572327044025157	6889	11151400	3812
ENSG00000184489	1.0000496677552313	0.12075863443299394	3.61984792091236	0.09725898514159717	0.011744862232038121	3771	3118	0.25904088050314467	0.3873820754716981	6889	11757978	3813
ENSG00000021826	1.0000009123350133	0.1271424144513086	4.490894582093946	0.12066248609755592	0.015341319816140718	4603	2289	0.09551886792452835	0.550314465408805	6892	10536267	3814
ENSG00000111058	1.000001541436834	0.09404897190117228	5.933429571755721	0.15942087932043666	0.014993369799667925	4523	2370	0.11124213836477992	0.5343946540880503	6893	10719510	3815
ENSG00000122679	1.0000026993112188	0.0714378371157207	7.6093032433719054	0.20444867498701008	0.014605371142246948	4424	2469	0.13069968553459121	0.514937106918239	6893	10922856	3816
ENSG00000124191	1.000104267028663	0.14805773911307116	2.738797434275381	0.07358669888510017	0.010895080265722284	3568	3331	0.29893867924528306	0.34551886792452835	6899	11885008	3817
ENSG00000267868	1.0039681994063423	0.08327343091604435	2.390826314619999	0.06423732324952437	0.005349262299850877	2351	4549	0.53812893081761	0.10613207547169812	6900	10694699	3818
ENSG00000141497	1.000962224119928	0.15077330100472075	1.9018654744233847	0.05109980031195322	0.007704485573715246	2854	4047	0.43926886792452835	0.20479559748427678	6901	11550138	3819
ENSG00000169783	1.0000000724939533	0.06824440573755028	9.282645590698419	0.2494084583953736	0.017020732029110804	4894	2008	0.03832547169811318	0.6055424528301887	6902	9827152	3820
ENSG00000245848	1.0008703965777805	0.09221234818962738	3.1742577417369997	0.08528675604178046	0.007864492044088466	2884	4023	0.433372641509434	0.2095125786163522	6907	11602332	3821
ENSG00000182732	1.0000635179769497	0.14057241282983898	3.009079199130491	0.0808486973796287	0.011365096464803886	3696	3211	0.27378144654088055	0.36910377358490565	6907	11867856	3822
ENSG00000105877	1.0000113066261132	0.11782251084048022	4.183783395321218	0.11241094542409616	0.0132445398358192	4143	2766	0.1859276729559748	0.456564465408805	6909	11459538	3823
ENSG00000153898	1.000169996534289	0.14046795518760102	2.6840280622014587	0.07211514160945373	0.010129866479944249	3410	3505	0.3299921383647799	0.3113207547169812	6915	11952050	3824
ENSG00000244119	1.004190042087384	0.15929091593702854	1.1851213870396005	0.031842139750451734	0.005072163606244322	2328	4593	0.5426493710691824	0.09748427672955973	6921	10692504	3825
ENSG00000171817	1.0030561053471467	0.16327073806992798	1.312042727596496	0.03525229427767934	0.005755668105375005	2450	4471	0.5186713836477987	0.12146226415094341	6921	10953950	3826
ENSG00000008277	1.0002406052753943	0.1355928477415235	2.641504219210457	0.07097260029170052	0.009623376985172556	3309	3613	0.3498427672955975	0.29009433962264153	6922	11955417	3827
ENSG00000086289	1.0000027988240052	0.09203787249087846	5.829774626361173	0.15663585215514061	0.014416430588154922	4419	2510	0.1316823899371069	0.50687893081761	6929	11091690	3828
ENSG00000235947	1.0001228911577535	0.13401586197014684	2.9183368429186456	0.07841060891090183	0.010508265340798587	3515	3414	0.3093553459119497	0.32920597484276726	6929	12000210	3829
ENSG00000215218	1.0000001616043495	0.09665816235775142	6.342057127113433	0.17039998733914205	0.016470549641985577	4820	2112	0.05286949685534592	0.5851022012578616	6932	10179840	3830
ENSG00000102970	1.001179187045652	0.1400350527733585	1.9323715870069116	0.05191944622396748	0.007270542391936835	2783	4149	0.45322327044025157	0.18474842767295596	6932	11546667	3831
ENSG00000185669	1.009886136265073	0.13925635214053958	0.5855673213394955	0.015733170191085964	0.0021909438884169076	1954	4985	0.6161556603773585	0.020440251572327095	6939	9740690	3832
ENSG00000167207	1.0002218255676352	0.0870993280551636	4.161432900737734	0.11181042670947168	0.0097386130359561	3340	3602	0.34375	0.29225628930817615	6942	12030680	3833
ENSG00000171759	1.0000973463391851	0.08406869348807154	4.776221421450874	0.12832871944100532	0.010788427780402603	3588	3354	0.2950078616352201	0.34099842767295596	6942	12034152	3834
ENSG00000128710	1.0003137022735191	0.1045165953302398	3.265243679156995	0.08773138911172314	0.009169386093549774	3233	3711	0.3647798742138365	0.27083333333333337	6944	11997663	3835
ENSG00000237651	1.011087237637172	0.06917832871171312	0.8492707145411047	0.022818419340094348	0.0015785401137907587	1906	5041	0.6255896226415094	0.009433962264150941	6947	9608146	3836
ENSG00000143382	1.0000389324898973	0.15079340902986552	2.911328001190688	0.07822229358706154	0.011795406312127997	3839	3111	0.24567610062893086	0.3887578616352201	6950	11943129	3837
ENSG00000275549	1.0052959623281332	0.1280253807598671	1.2338988926750476	0.033152706050332756	0.004244387815313801	2226	4727	0.5626965408805031	0.07114779874213839	6953	10522302	3838
ENSG00000287430	1.0015658837943853	0.092203421396544	2.701551764969992	0.07258597286657488	0.006692675043694913	2674	4280	0.47464622641509435	0.15900157232704404	6954	11444720	3839
ENSG00000119714	1.0001271745752582	0.11232941021241256	3.4281881577952973	0.09210942238080964	0.010346597091042341	3507	3448	0.3109276729559748	0.32252358490566035	6955	12092136	3840
ENSG00000043039	1.000000227742913	0.08521461391701209	7.008548342396371	0.18830744108318506	0.016046545889604115	4788	2173	0.05915880503144655	0.5731132075471699	6961	10404324	3841
ENSG00000067840	1.0000339097677164	0.11661646709108049	3.802463240921361	0.10216553952825408	0.011914184278239126	3880	3082	0.23761792452830188	0.3944575471698113	6962	11958160	3842
ENSG00000070731	1.000051839294407	0.11301040867893158	3.7582549868564814	0.10097774102976126	0.011411535781248637	3760	3202	0.2612028301886793	0.370872641509434	6962	12039520	3843
ENSG00000232810	1.0000630431272381	0.11299462730274738	3.6767198840006574	0.09878703536189042	0.011162404243060134	3703	3261	0.27240566037735847	0.35927672955974843	6964	12075483	3844
ENSG00000149054	1.0000044964457588	0.14106923303985935	3.6158442347695963	0.09715141309448959	0.013705075333978195	4313	2654	0.15251572327044027	0.4785770440251572	6967	11446702	3845
ENSG00000157992	1.0000078903151752	0.13067181391934102	3.7958117987596345	0.10198682690592532	0.013326803667675116	4222	2746	0.17040094339622647	0.4604952830188679	6968	11593612	3846
ENSG00000184937	1.0000005034010309	0.09571305154332653	5.975809791088151	0.16055956172157787	0.0153676456068313	4681	2288	0.08018867924528306	0.5505110062893082	6969	10710128	3847
ENSG00000237330	1.0001339249024825	0.10772427071929366	3.529115290970549	0.09482115800074191	0.01021454009438884	3491	3479	0.3140723270440252	0.31643081761006286	6970	12145189	3848
ENSG00000117009	1.0000541886978027	0.10406379621213077	4.052937659511539	0.10889534925735239	0.011332063433565926	3752	3220	0.2627751572327044	0.3673349056603774	6972	12081440	3849
ENSG00000197774	1.0059386672163662	0.12814266248936088	1.0958857961049906	0.029444535430482574	0.0037731011658243565	2183	4798	0.5711477987421384	0.05719339622641506	6981	10474034	3850
ENSG00000249684	1.000670368201916	0.15039859425911434	1.9669023770751477	0.05284722818374874	0.007948148829326459	2978	4003	0.4148977987421384	0.21344339622641506	6981	11920934	3851
ENSG00000186188	1.000650272594411	0.10745278893989542	2.7605443373566443	0.07417100015130454	0.007969880824719078	2987	3995	0.41312893081761004	0.21501572327044027	6982	11933065	3852
ENSG00000147256	1.0001682362130706	0.09276449136539901	3.959406276518466	0.10638232451500257	0.009868502223903031	3415	3568	0.3290094339622641	0.29893867924528306	6983	12184720	3853
ENSG00000069812	1.000069755741465	0.09438402663403955	4.3261014162125955	0.11623478183426428	0.010970706744446976	3675	3310	0.27790880503144655	0.34964622641509435	6985	12164250	3854
ENSG00000128652	1.0000292620756075	0.12279268585631097	3.6124583199135167	0.09706043948182048	0.011918312054366664	3908	3081	0.2321147798742138	0.39465408805031443	6989	12040548	3855
ENSG00000177990	1.000147438792416	0.09513536826669151	3.915167891238941	0.10519371644344991	0.01000764295318953	3456	3533	0.32095125786163525	0.3058176100628931	6989	12210048	3856
ENSG00000156414	1.000000002165167	0.13138376226362147	4.93737515181817	0.13265863843477216	0.017429191014329822	5049	1942	0.00786163522012584	0.6185141509433962	6991	9805158	3857
ENSG00000165300	1.000002693201774	0.10918690782180264	4.832148269007207	0.1298313760592775	0.014175886490162127	4426	2565	0.13030660377358494	0.49606918238993714	6991	11352690	3858
ENSG00000225285	1.0013518364596579	0.10476597813108533	2.397146752890172	0.06440714237597325	0.006747677269646913	2732	4261	0.4632468553459119	0.16273584905660377	6993	11641052	3859
ENSG00000125850	1.0001553529251832	0.13432547096387085	2.7474338812153474	0.07381874511548397	0.009915737703599325	3438	3559	0.32448899371069184	0.3007075471698113	6997	12235842	3860
ENSG00000272449	1.0016554353921356	0.130254127812603	1.8259383916398746	0.049059772339058436	0.006390237856708923	2655	4344	0.4783805031446541	0.14642295597484278	6999	11533320	3861
ENSG00000155961	1.000028653603222	0.08521204440742088	5.196369706387459	0.13961736932207977	0.011897081474720343	3915	3086	0.23073899371069184	0.39367138364779874	7001	12081690	3862
ENSG00000108387	1.0001884378393089	0.14107026661243324	2.530567132646188	0.06799191472436683	0.009591637537656255	3381	3621	0.335691823899371	0.2885220125786163	7002	12242601	3863
ENSG00000279861	1.006958671507957	0.13155419371772992	0.8685325388903282	0.023335950885372363	0.003069942203361707	2120	4885	0.5835298742138364	0.04009433962264153	7005	10356200	3864
ENSG00000135750	1.0000035274268009	0.09865016285067049	5.1839702540124115	0.13928421771442748	0.013740410760056514	4366	2639	0.14209905660377353	0.4815251572327044	7005	11521874	3865
ENSG00000099985	1.0010497118869877	0.11681920834666648	2.2655188361270713	0.06087053037447924	0.007110847169988381	2823	4183	0.44536163522012584	0.17806603773584906	7006	11808609	3866
ENSG00000105852	1.0000000010031926	0.07234304587264515	8.950898541302651	0.24049499516352066	0.017398140467256146	5058	1949	0.00609276729559749	0.6171383647798743	7007	9858042	3867
ENSG00000112175	1.0000038130400954	0.11592054923933301	4.400571467232706	0.11823566191097021	0.013705942868395752	4354	2653	0.1444575471698113	0.47877358490566035	7007	11551162	3868
ENSG00000198797	1.00000008861832	0.0760518665082697	7.990316604245495	0.21468583787716117	0.01632725868344989	4876	2132	0.04186320754716977	0.5811713836477987	7008	10395632	3869
ENSG00000196668	1.0000925203658015	0.13282021032334496	2.9548974786917217	0.07939292927604157	0.010544985564630292	3605	3404	0.29166666666666663	0.33117138364779874	7009	12271420	3870
ENSG00000008086	1.002380864378985	0.14275604779338077	1.5000622394131393	0.04030404985018865	0.005753646866680332	2538	4472	0.501375786163522	0.12126572327044027	7010	11349936	3871
ENSG00000151025	1.0000108857469743	0.1082696756523423	4.429126451344779	0.1190028844120676	0.012884403696987741	4157	2853	0.18317610062893086	0.4394654088050315	7010	11859921	3872
ENSG00000162631	1.0000000838313305	0.09832656128478723	6.173463053817824	0.16587015933866459	0.016309442387530626	4881	2134	0.04088050314465408	0.5807783018867925	7015	10416054	3873
ENSG00000112796	1.0000343368559463	0.13223651398408648	3.2754319418991353	0.088005129919709	0.011637491593298948	3876	3139	0.23840408805031443	0.3832547169811321	7015	12166764	3874
ENSG00000255443	1.004699051139222	0.08450493271807658	1.8168545713649344	0.04881570596929596	0.0041251679485207636	2274	4748	0.5532625786163522	0.06702044025157228	7022	10796952	3875
ENSG00000147852	1.0000530474423635	0.13105723720426474	3.1632144276515	0.08499004149906428	0.011138560028743172	3757	3265	0.2617924528301887	0.3584905660377359	7022	12266605	3876
ENSG00000115616	1.0000014039382	0.08309538004476814	6.506254416449988	0.1748116814414317	0.014526043105640709	4541	2485	0.10770440251572322	0.5117924528301887	7026	11284385	3877
ENSG00000065833	1.0000182780338878	0.12439555486632646	3.6678750748541162	0.09854939080329059	0.012259106150713782	4025	3002	0.20911949685534592	0.41018081761006286	7027	12083050	3878
ENSG00000166206	1.0000000001708504	0.07262356039680253	8.870317816817401	0.23832993197395033	0.017308368209076018	5067	1962	0.00432389937106914	0.6145833333333333	7029	9941454	3879
ENSG00000176945	1.001708945615918	0.06259885520490988	3.6884119531606516	0.09910118081925531	0.006203620468740155	2644	4386	0.4805424528301887	0.13816823899371067	7030	11596584	3880
ENSG00000185559	1.0000000237063458	0.1101937325038074	5.6518308227673	0.15185481324745806	0.01673344867040602	4969	2062	0.02358490566037741	0.5949292452830188	7031	10246078	3881
ENSG00000105963	1.0002895570432018	0.1170293490981128	2.830528515883379	0.07605135267665676	0.00890024030178016	3260	3773	0.35947327044025157	0.2586477987421384	7033	12299980	3882
ENSG00000103316	1.000001193516559	0.11078784519023341	4.893854712812427	0.13148932032442776	0.014567418464271713	4560	2478	0.10397012578616349	0.5131682389937107	7038	11299680	3883
ENSG00000242732	1.000176602230464	0.12067603560844564	2.926641155011276	0.0786337312586011	0.009489206953387891	3401	3642	0.33176100628930816	0.2843946540880503	7043	12386442	3884
ENSG00000016391	1.0000030943804812	0.11365285547270994	4.4814491815312	0.12040870469760225	0.013684793112652797	4393	2656	0.1367924528301887	0.47818396226415094	7049	11667808	3885
ENSG00000184292	1.0000043266976983	0.10340302537875101	4.836220014508656	0.1299407767423664	0.013436269435225532	4328	2721	0.1495676100628931	0.46540880503144655	7049	11776488	3886
ENSG00000100003	1.0002043200365287	0.14417363921459794	2.3969853598436774	0.06440280602697354	0.009285186920540617	3364	3686	0.3390330188679245	0.2757468553459119	7050	12399704	3887
ENSG00000052344	1.000040852038613	0.0941123464195986	4.476140887756637	0.12026608012424245	0.011318522995179908	3824	3227	0.24862421383647804	0.36595911949685533	7051	12340048	3888
ENSG00000144596	1.0000225255634918	0.15020287242853217	2.9485834983355224	0.07922328366245095	0.011899564769320536	3969	3084	0.22012578616352196	0.394064465408805	7053	12240396	3889
ENSG00000134323	1.0000045588659072	0.11375366765346813	4.365829490600616	0.1173022057374306	0.013343556126474422	4312	2743	0.1527122641509434	0.4610849056603774	7055	11827816	3890
ENSG00000178538	1.0000000164063998	0.061794002406590394	10.024765721478543	0.2693479288786066	0.016644086565334754	4982	2075	0.021029874213836508	0.592374213836478	7057	10337650	3891
ENSG00000132821	1.0000011100072816	0.10808196633696182	5.001903458282832	0.13439240121618679	0.014525394984191368	4573	2486	0.10141509433962259	0.5115959119496856	7059	11368478	3892
ENSG00000122824	1.000002610779944	0.1274468209981781	4.032811764721066	0.10835460164995163	0.01380944952081028	4433	2627	0.12893081761006286	0.48388364779874216	7060	11645491	3893
ENSG00000180964	1.0018563557165154	0.05239188119298378	4.199301530576519	0.11282789058842235	0.005911265438963597	2617	4444	0.48584905660377353	0.12676886792452835	7061	11629948	3894
ENSG00000280187	1.0041936035809336	0.17967065728763965	0.868458731989997	0.023333967822995298	0.004192429335886199	2324	4738	0.543435534591195	0.06898584905660377	7062	11011112	3895
ENSG00000118508	1.0000909732381715	0.1483616873532465	2.5808140604439727	0.06934196182879433	0.010287690461304339	3609	3453	0.2908805031446541	0.32154088050314467	7062	12461877	3896
ENSG00000237476	1.0018505729231053	0.11592209585496212	1.8974905418036678	0.050982253521051214	0.005909969679569279	2619	4446	0.48545597484276726	0.12637578616352196	7065	11644074	3897
ENSG00000287382	1.0006707715888863	0.141931319640242	1.961890976203295	0.05271258060363403	0.0074815661267164015	2977	4088	0.41509433962264153	0.1967374213836478	7065	12169976	3898
ENSG00000175315	1.0000007401120448	0.09416989282110118	5.825552781373757	0.15652241856127908	0.014739699380015188	4629	2437	0.09040880503144655	0.5212264150943396	7066	11280873	3899
ENSG00000139187	1.0013043756151239	0.12794328022173249	1.8968165228274843	0.050964143809532375	0.006520519732683674	2749	4318	0.45990566037735847	0.15153301886792447	7067	11870182	3900
ENSG00000188158	1.0002282874904416	0.12159944738998403	2.7555999867826966	0.07403815409547211	0.009002998623783892	3325	3742	0.3466981132075472	0.2647405660377359	7067	12442150	3901
ENSG00000166342	1.0002450968529397	0.0915377578392396	3.631823075184456	0.09758073660101332	0.008932321836758182	3303	3765	0.3510220125786163	0.2602201257861635	7068	12435795	3902
ENSG00000146966	1.0000806049241673	0.11541458395977387	3.3444620359441752	0.08985984786304112	0.010371136955801465	3633	3444	0.28616352201257866	0.3233097484276729	7077	12512052	3903
ENSG00000235280	1.0039669198701193	0.06418777151154607	2.4624696464249993	0.0661622543228057	0.004246807663161054	2352	4726	0.5379323899371069	0.07134433962264153	7078	11115552	3904
ENSG00000138166	1.0013956805938928	0.13696452449569557	1.715769376970631	0.04609972352074241	0.006314026711401517	2718	4360	0.46599842767295596	0.14327830188679247	7078	11850480	3905
ENSG00000124151	1.002749331402573	0.12762907339314453	1.4875255282632034	0.03996721033922135	0.005100978021703726	2493	4589	0.5102201257861636	0.09827044025157228	7082	11440377	3906
ENSG00000168389	1.000035741661429	0.12283448298288227	3.4427922519878105	0.0925018088597748	0.011362411866271837	3868	3214	0.23997641509433965	0.36851415094339623	7082	12431752	3907
ENSG00000212694	1.0056714941809983	0.126212951827382	0.9135432317146939	0.02454530951044814	0.003097935966830372	2204	4879	0.5670204402515724	0.041273584905660354	7083	10753316	3908
ENSG00000167711	1.0001637580450673	0.1484730298738413	2.348851861644422	0.06310954308100022	0.009370065075189822	3422	3663	0.32763364779874216	0.2802672955974843	7085	12534786	3909
ENSG00000147381	1.0000289308476098	0.0994724782001408	4.3048471996833655	0.11566371819436096	0.011505356686635798	3911	3175	0.2315251572327044	0.3761792452830188	7086	12417425	3910
ENSG00000225756	1.0003968958383975	0.1102052720862118	2.7922963535104635	0.07502412131406921	0.00826805370244596	3160	3927	0.379127358490566	0.22838050314465408	7087	12409320	3911
ENSG00000107554	1.000370748481122	0.15224607710803736	2.037141111210736	0.05473442017327739	0.008333100754164506	3184	3908	0.3744103773584906	0.2321147798742138	7092	12443072	3912
ENSG00000150764	1.0032213498041358	0.16166771610816938	1.0649542849142706	0.02861345980160722	0.004625872696078752	2426	4668	0.5233883647798743	0.08274371069182385	7094	11324568	3913
ENSG00000169583	1.0000175491258387	0.11416017892198153	3.9252039103906564	0.10546336673232488	0.012039716815876764	4040	3056	0.20617138364779874	0.3995676100628931	7096	12346240	3914
ENSG00000167653	1.000004582923234	0.09661975618077419	5.0524052386210165	0.13574929576282224	0.013116063858315688	4310	2804	0.1531053459119497	0.44909591194968557	7114	12085240	3915
ENSG00000135333	1.000008444999978	0.09906204664226706	4.764559658681822	0.1280153882633811	0.012681466363074986	4212	2904	0.17236635220125784	0.429441823899371	7116	12231648	3916
ENSG00000007129	1.0001130624147259	0.12662536687929707	2.890107719325927	0.07765214171226532	0.009832730933278765	3542	3577	0.30404874213836475	0.2971698113207547	7119	12669734	3917
ENSG00000077327	1.0000001252645918	0.07903988788100096	7.292177983810037	0.19592807368506945	0.015486132976808384	4850	2271	0.04697327044025157	0.5538522012578616	7121	11014350	3918
ENSG00000256751	1.0036407823857196	0.055178234644733495	2.806156290361069	0.07539651358624974	0.004160246518056925	2378	4743	0.5328223270440251	0.06800314465408808	7121	11278854	3919
ENSG00000178718	1.0000765347651996	0.13967395218289072	2.7285250603067577	0.07331069815550835	0.010239594948666808	3655	3469	0.2818396226415094	0.31839622641509435	7124	12679195	3920
ENSG00000170689	1.0002410008727178	0.08550384612733779	3.7841692432159455	0.10167401179286707	0.008693519059486433	3308	3819	0.3500393081761006	0.24960691823899372	7127	12633252	3921
ENSG00000287550	1.000000289766619	0.0821851014684522	6.7849774948257195	0.18230048327251333	0.014982383715499382	4755	2375	0.06564465408805031	0.5334119496855345	7130	11293125	3922
ENSG00000107518	1.0000006978868818	0.08470310766471979	6.361144880987075	0.17091284191506442	0.014476848850014936	4635	2501	0.08922955974842772	0.5086477987421384	7136	11592135	3923
ENSG00000162426	1.0003449376560678	0.1364406189361293	2.248186766605312	0.0604048479676711	0.008241674843451837	3206	3931	0.37008647798742134	0.22759433962264153	7137	12602786	3924
ENSG00000184860	1.0000001436538282	0.103166180999075	5.504885308211071	0.1479066441726516	0.015258963623681556	4833	2306	0.05031446540880502	0.5469732704402516	7139	11144898	3925
ENSG00000183773	1.0018250625839173	0.10677098583817249	1.9220458259898388	0.05164201107771911	0.005513868433433894	2623	4516	0.4846698113207547	0.11261792452830188	7139	11845468	3926
ENSG00000272281	1.0006748224696265	0.1639531461390789	1.6267679248143236	0.043708410100407026	0.007166131348698826	2973	4167	0.4158805031446541	0.18121069182389937	7140	12388491	3927
ENSG00000213988	1.0020788078245582	0.050802730926628924	3.8186208040910223	0.10259966500274265	0.005212343174296601	2578	4564	0.49351415094339623	0.10318396226415094	7142	11765992	3928
ENSG00000160145	1.0000826680169055	0.13237105653668743	2.830134819745813	0.0760407747497299	0.01006559769349001	3624	3518	0.2879323899371069	0.3087657232704403	7142	12749232	3929
ENSG00000252010	1.0004041075205552	0.06963807761444869	4.286253165143546	0.11516412899378073	0.008019808553269283	3155	3988	0.3801100628930818	0.21639150943396224	7143	12582140	3930
ENSG00000272695	1.0011744966057698	0.11360842958837616	2.065397706662681	0.055493625492742914	0.006304543644396	2784	4362	0.45302672955974843	0.1428852201257862	7146	12143808	3931
ENSG00000267013	1.0001880766112439	0.08102453471215504	4.102235323423366	0.1102198913007395	0.008930515408666724	3382	3766	0.3354952830188679	0.26002358490566035	7148	12736612	3932
ENSG00000109472	1.000025501863691	0.1320167261455203	3.2033674606572937	0.0860688832973452	0.011362532195916366	3942	3213	0.2254323899371069	0.3687106918238994	7155	12665646	3933
ENSG00000087494	1.0000001187534218	0.09926882700014326	5.733939899112549	0.15406094057952566	0.015293448857868283	4856	2301	0.04579402515723274	0.5479559748427674	7157	11173656	3934
ENSG00000244558	1.0028626154685434	0.12381581699970337	1.3507884408228572	0.03629332385387033	0.004493687544601778	2472	4685	0.5143474842767295	0.0794025157232704	7157	11581320	3935
ENSG00000165272	1.0000002473908207	0.07291634544497762	7.634096926968642	0.2051148379190519	0.014956224377596184	4778	2381	0.061124213836478036	0.5322327044025157	7159	11376418	3936
ENSG00000214425	1.000059929947877	0.15702174822632325	2.4542620913645896	0.0659417316674042	0.01035428598748691	3715	3445	0.2700471698113207	0.32311320754716977	7160	12798175	3937
ENSG00000269696	1.0048345639786291	0.0853105476994069	1.268223121002248	0.03407493805725933	0.0029069516284881574	2257	4904	0.5566037735849056	0.0363600628930818	7161	11068328	3938
ENSG00000128655	1.0002169708496929	0.15445147780814583	2.0994955081485447	0.05640977380629938	0.008712572927206175	3350	3814	0.3417845911949685	0.2505896226415094	7164	12776900	3939
ENSG00000002726	1.0000006586548076	0.12697610521485436	4.2014375931548456	0.11288528285547501	0.01433373355306539	4642	2525	0.08785377358490565	0.503930817610063	7167	11721050	3940
ENSG00000142765	1.0013122787770146	0.13925335796293947	1.607681610836811	0.04319559421197631	0.006015131543222213	2744	4423	0.46088836477987416	0.13089622641509435	7167	12136712	3941
ENSG00000076716	1.000007658508914	0.095711794139918	4.873203582846484	0.13093446056611818	0.012531972135525515	4228	2940	0.16922169811320753	0.42236635220125784	7168	12430320	3942
ENSG00000198807	1.0000317016480076	0.105408907826078	3.9167668229936603	0.10523667694432517	0.01109288317994712	3890	3278	0.2356525157232704	0.355935534591195	7168	12751420	3943
ENSG00000159784	1.0000023974338672	0.13110240728558475	3.8129090946078343	0.1024462013545741	0.013430943614848399	4448	2722	0.1259827044025157	0.4652122641509434	7170	12107456	3944
ENSG00000282826	1.000000373200244	0.10800612091501686	5.048883447865826	0.13565467140229262	0.014651534842162897	4717	2454	0.07311320754716977	0.5178852201257862	7171	11575518	3945
ENSG00000178796	1.0000691531923995	0.1361056684181154	2.783690627072109	0.0747929004898558	0.010179737714101415	3678	3493	0.27731918238993714	0.3136792452830188	7171	12847254	3946
ENSG00000151322	1.0000036287862204	0.1269452952983063	3.8370249261881306	0.1030941515880066	0.013087317516867852	4361	2812	0.14308176100628933	0.44752358490566035	7173	12263132	3947
ENSG00000236609	1.0000048504516637	0.09933507994795124	4.7906024547064625	0.12871511266256738	0.012785926006845682	4303	2871	0.15448113207547165	0.4359276729559748	7174	12353913	3948
ENSG00000133937	1.0000059515495128	0.11570499065467896	4.0790002933877885	0.10959560666492939	0.012680758644959525	4270	2905	0.16096698113207553	0.4292452830188679	7175	12404350	3949
ENSG00000163818	1.0049116643747298	0.1723109509753735	0.5661933560389683	0.015212625614499755	0.0026213019864667784	2248	4940	0.5583726415094339	0.029284591194968512	7188	11105120	3950
ENSG00000044459	1.0000094099722519	0.09810855439584851	4.64686319792874	0.12485309012884581	0.012249156184395645	4186	3004	0.17747641509433965	0.4097877358490566	7190	12574744	3951
ENSG00000253537	1.0009764611685523	0.10105791817067541	2.3492665388237275	0.063120684731838	0.006378844992507086	2844	4347	0.4412342767295597	0.14583333333333337	7191	12362868	3952
ENSG00000176406	1.0000049287920507	0.08051560370171582	5.8784770637757795	0.1579444015031676	0.01271698883833373	4299	2892	0.1552672955974843	0.4318003144654088	7191	12432708	3953
ENSG00000204789	1.0000913387565573	0.09383888166157889	3.8886029652042033	0.10447996332371969	0.009804282914340634	3608	3585	0.2910770440251572	0.2955974842767296	7193	12934680	3954
ENSG00000288075	1.000028808455816	0.1255646731360928	3.282027524111494	0.08818234168285687	0.011072586909783173	3913	3282	0.23113207547169812	0.35514937106918243	7195	12842466	3955
ENSG00000100307	1.0045888837097237	0.157584319541133	0.6835897016933867	0.018366860181017977	0.0028943291637328486	2289	4907	0.550314465408805	0.03577044025157228	7196	11232123	3956
ENSG00000173557	1.0000576810217807	0.12628025860587766	3.0181331308633004	0.08109196069651756	0.010240313767613904	3729	3468	0.2672955974842768	0.3185927672955975	7197	12932172	3957
ENSG00000198535	1.000003187260064	0.09055462356151735	5.372341200234105	0.14434541571499615	0.013071144782902206	4384	2814	0.13856132075471694	0.4471305031446541	7198	12336576	3958
ENSG00000197134	1.0002437963586621	0.06229390428552457	5.028134011679924	0.13509717032771915	0.008415730197640147	3304	3894	0.3508254716981132	0.23486635220125784	7198	12865776	3959
ENSG00000164764	1.00000064437464	0.11083072494884853	4.772118093804556	0.12821847020089808	0.014210546004197867	4646	2553	0.0870676100628931	0.4984276729559748	7199	11861238	3960
ENSG00000170837	1.0000005217576262	0.08904777787287549	5.985048341344732	0.1608077854154363	0.014319575955902799	4672	2529	0.0819575471698113	0.5031446540880503	7201	11815488	3961
ENSG00000250479	1.0008213111994249	0.12772399126896433	1.9287220841152874	0.05182139046160793	0.006618834822864002	2909	4294	0.42845911949685533	0.15625	7203	12491246	3962
ENSG00000150773	1.003489165617879	0.146841726073655	0.9189316070744394	0.024690085735997073	0.003625534806380339	2393	4813	0.529874213836478	0.054245283018867885	7206	11517509	3963
ENSG00000260196	1.002832358406681	0.07789435611698783	2.0258105520344514	0.05442998785715553	0.004239788857588597	2480	4728	0.5127751572327044	0.07095125786163525	7208	11725440	3964
ENSG00000198963	1.0000082445534333	0.12432867303422285	3.689797198588548	0.09913839994211153	0.012325745711538801	4218	2991	0.17118710691823902	0.4123427672955975	7209	12616038	3965
ENSG00000188322	1.0002623721100552	0.07619587444268851	4.025101024489594	0.10814742754043423	0.00824038781017068	3281	3933	0.35534591194968557	0.22720125786163525	7214	12904173	3966
ENSG00000168032	1.0000395622283926	0.11778254418081019	3.364266744404231	0.09039196575526592	0.01064659570015989	3834	3380	0.24665880503144655	0.33588836477987416	7214	12958920	3967
ENSG00000104549	1.0007457713737422	0.12599959449036088	1.9649442315217829	0.05279461623610874	0.006652100237023924	2930	4287	0.42433176100628933	0.15762578616352196	7217	12560910	3968
ENSG00000197461	1.000535693477927	0.13823617073766017	1.949256082320773	0.05237310309429266	0.007239857221403719	3060	4157	0.39878144654088055	0.18317610062893086	7217	12720420	3969
ENSG00000149328	1.0000000687413506	0.0751519199856133	7.535190496519422	0.202457395048622	0.015215061953189743	4902	2316	0.03675314465408808	0.5450078616352201	7218	11353032	3970
ENSG00000185697	1.0007373685160064	0.11253763689149653	2.213496506208669	0.0594727813189637	0.0066929262690009145	2940	4279	0.42236635220125784	0.15919811320754718	7219	12580260	3971
ENSG00000165028	1.0006950129990184	0.16979186258663653	1.4833531802524098	0.039855106642587304	0.006767072790433928	2963	4256	0.41784591194968557	0.16371855345911945	7219	12610528	3972
ENSG00000185345	1.000011110723541	0.12410259536465909	3.5886035335074697	0.09641950307584105	0.011965910575482604	4148	3072	0.1849449685534591	0.3964229559748428	7220	12742656	3973
ENSG00000286989	1.0014242746845075	0.12182084701229805	1.6918747676542587	0.045457717142783974	0.005537697605579405	2712	4511	0.4671776729559748	0.11360062893081757	7223	12233832	3974
ENSG00000283162	1.0000984891236597	0.13983488907690397	2.528233280256299	0.06792920819086867	0.009498873292452038	3582	3641	0.296187106918239	0.28459119496855345	7223	13042062	3975
ENSG00000143333	1.0000768853364002	0.10518842288416747	3.473548534725271	0.09332817640645877	0.009817043686850765	3651	3579	0.28262578616352196	0.29677672955974843	7230	13066929	3976
ENSG00000181007	1.0000037258874988	0.09611172533448475	4.942354931304851	0.1327924364035502	0.012762910174115053	4358	2878	0.14367138364779874	0.4345518867924528	7236	12542324	3977
ENSG00000215030	1.0003465765901682	0.12051435492539346	2.4139920222850293	0.06485974531443253	0.007816530367194147	3205	4034	0.3702830188679245	0.20735062893081757	7239	12928970	3978
ENSG00000250091	1.000689801468203	0.09240855528671324	2.6977002823463136	0.07248249026193136	0.006698002208688338	2965	4277	0.4174528301886793	0.15959119496855345	7242	12681305	3979
ENSG00000108852	1.0001034810976916	0.12786561866612212	2.7138076255044976	0.07291526641250996	0.0093233556500407	3570	3672	0.2985455974842768	0.27849842767295596	7242	13109040	3980
ENSG00000141756	1.000004881054875	0.08530272089964686	5.46336600952912	0.14679109320426187	0.012521679654157198	4300	2943	0.15507075471698117	0.42177672955974843	7243	12654900	3981
ENSG00000197971	1.0000080781329643	0.10515042568202082	4.310015878466033	0.11580259155697407	0.012176691797297015	4219	3024	0.17099056603773588	0.4058569182389937	7243	12758256	3982
ENSG00000186432	1.0057556318683902	0.15889412454194698	0.33646039241264425	0.009040102518491851	0.0014364191754452128	2193	5052	0.5691823899371069	0.007272012578616316	7245	11079036	3983
ENSG00000156413	1.0000508664244547	0.09149481763263426	4.151808057787255	0.11155182400627445	0.010206413794041793	3764	3483	0.26041666666666663	0.3156446540880503	7247	13110012	3984
ENSG00000163814	1.000001554205397	0.10330746603162834	4.834684784486034	0.12989952779566438	0.01341959105527516	4522	2726	0.11143867924528306	0.46442610062893086	7248	12326972	3985
ENSG00000284693	1.0034345420845738	0.17502694950202388	0.7074366668915065	0.01900758644481404	0.0033268398728318205	2398	4853	0.5288915094339622	0.046383647798742156	7251	11637494	3986
ENSG00000105696	1.000160697556999	0.1369682754582642	2.361634053029069	0.063452978216707	0.008691044999033164	3430	3821	0.32606132075471694	0.24921383647798745	7251	13106030	3987
ENSG00000240038	1.0002704156806261	0.10656780020357529	2.807177894556046	0.07542396230492265	0.008037765745472991	3271	3981	0.35731132075471694	0.2177672955974843	7252	13021851	3988
ENSG00000248771	1.0000043756759458	0.119335757560114	3.922824849446338	0.10539944552400625	0.012577922678023252	4323	2930	0.15055031446540879	0.42433176100628933	7253	12666390	3989
ENSG00000171004	1.0000001392283382	0.10720316902403525	5.155570889828038	0.13852117644872078	0.014849909092240423	4840	2414	0.04893867924528306	0.5257468553459119	7254	11683760	3990
ENSG00000186417	1.0000003755533484	0.1151133501626334	4.605925335048709	0.12375316132394339	0.014245640993215956	4716	2545	0.0733097484276729	0.5	7261	12002220	3991
ENSG00000130988	1.000053097165737	0.13923246179230717	2.7072644686405596	0.07273946322682019	0.010127694534521175	3756	3506	0.26198899371069184	0.31112421383647804	7262	13168536	3992
ENSG00000076770	1.0000560838718435	0.13147355339335434	2.8492733743636167	0.07655499425283417	0.010064957124427927	3743	3519	0.26454402515723274	0.30856918238993714	7262	13171617	3993
ENSG00000126217	1.0000230202070464	0.10662376038102098	3.8406728431523183	0.10319216473926857	0.011002736646358613	3966	3299	0.2207154088050315	0.351808176100629	7265	13083834	3994
ENSG00000140403	1.000017578083395	0.11913280555030706	3.5358848836250947	0.09500304512025305	0.011317979300998154	4039	3228	0.20636792452830188	0.3657625786163522	7267	13037892	3995
ENSG00000150281	1.0000012075344737	0.09315871120174866	5.379981388878131	0.14455069422670255	0.013466156377477662	4557	2715	0.1045597484276729	0.4665880503144654	7272	12372255	3996
ENSG00000134070	1.0000126495973687	0.12325675979435262	3.481467233957119	0.09354093801074655	0.011529552927329016	4113	3168	0.19182389937106914	0.3775550314465409	7281	13029984	3997
ENSG00000079385	1.0000119178843139	0.0775129594371334	5.558387710879747	0.1493441601953913	0.01157610783139812	4131	3153	0.18828616352201255	0.3805031446540881	7284	13025043	3998
ENSG00000134184	1.0000000177274246	0.04486503650308861	12.667643810529407	0.34035744265101514	0.015270149088635682	4980	2305	0.021422955974842783	0.5471698113207547	7285	11478900	3999
ENSG00000140873	1.000000027481957	0.11808389235102262	4.777925237560376	0.12837449800112677	0.015158960402581622	4960	2332	0.025353773584905648	0.5418632075471699	7292	11566720	4000
ENSG00000074803	1.0000043244472543	0.10950396151344005	4.22405266790507	0.11349291037662067	0.01242792328992977	4329	2964	0.14937106918238996	0.41764937106918243	7293	12831156	4001
ENSG00000214796	1.0001124709832439	0.10937417401441114	3.0529373072382473	0.0820270880684054	0.008971645004289201	3544	3755	0.30365566037735847	0.262185534591195	7299	13307720	4002
ENSG00000170382	1.0000006615454966	0.08406491351173853	6.056516027921963	0.16272799720852382	0.013679715011272985	4641	2659	0.08805031446540879	0.47759433962264153	7300	12340419	4003
ENSG00000099284	1.0000042206695856	0.11085156554720771	4.168035347851998	0.11198782292053198	0.01241402549296444	4335	2965	0.14819182389937102	0.4174528301886793	7300	12853275	4004
ENSG00000237515	1.0000006584132313	0.07879891925003633	6.460721429142947	0.17358828967672138	0.013678569620987884	4643	2660	0.08765723270440251	0.4773977987421384	7303	12350380	4005
ENSG00000177932	1.0000731544415071	0.11649512646102067	3.0368452430832398	0.08159472243793024	0.009505387508958565	3667	3638	0.27948113207547165	0.28518081761006286	7305	13340546	4006
ENSG00000185760	1.000000520662007	0.08726414774261058	5.866692301936334	0.15762776555555824	0.013755252621777818	4673	2637	0.08176100628930816	0.48191823899371067	7310	12322701	4007
ENSG00000155254	1.0002216178894239	0.11613322845785189	2.593385249288451	0.06967972769513746	0.008092131735300307	3341	3970	0.34355345911949686	0.21992924528301883	7311	13263770	4008
ENSG00000138606	1.0004650385895537	0.15659778856744727	1.6646670303862698	0.04472669280902775	0.0070041011838292925	3104	4210	0.39013364779874216	0.17275943396226412	7314	13067840	4009
ENSG00000092096	1.0000072055350349	0.11342544388974532	3.9172355649989696	0.10524927122251743	0.011937945307486238	4241	3076	0.16666666666666663	0.39563679245283023	7317	13045316	4010
ENSG00000076356	1.00001045587065	0.10570493927676876	4.078152817100902	0.1095728364587232	0.01158239002425265	4165	3152	0.18160377358490565	0.3806996855345912	7317	13128080	4011
ENSG00000122735	1.0000979737997657	0.12111517423190493	2.7814705919489056	0.0747332520273295	0.009051330840206874	3584	3734	0.29579402515723274	0.266312893081761	7318	13382656	4012
ENSG00000242193	1.0000083575561023	0.1096815036161312	4.010642254722385	0.10775894567470981	0.01181916318969117	4216	3103	0.1715801886792453	0.3903301886792453	7319	13082248	4013
ENSG00000019186	1.0000004958689004	0.11610863312685595	4.4072324411554025	0.11841463063505207	0.013748960905257419	4682	2638	0.07999213836477992	0.48172169811320753	7320	12351116	4014
ENSG00000242516	1.0000189611845942	0.11396697149478359	3.5841229379626425	0.09629911730686928	0.010974918757084793	4017	3308	0.21069182389937102	0.3500393081761006	7325	13288236	4015
ENSG00000130475	1.0000961898818779	0.13301034087225425	2.5368924375272215	0.06816186460814136	0.009066232846017324	3593	3732	0.2940251572327044	0.26670597484276726	7325	13409076	4016
ENSG00000213468	1.0000589137042906	0.12053559395015759	3.001087563142341	0.08063397609221268	0.0097192642008376625	3724	3603	0.26827830188679247	0.2920597484276729	7327	13417572	4017
ENSG00000272419	1.000232636418088	0.1194111997048501	2.4698730976575693	0.0663611721141486	0.007924267175970529	3319	4011	0.347877358490566	0.21187106918238996	7330	13312509	4018
ENSG00000115526	1.000011515728522	0.08746246474028503	4.8645763264933715	0.13070266127073546	0.011431576902853118	4139	3193	0.18671383647798745	0.37264150943396224	7332	13215827	4019
ENSG00000158825	1.0000498142965097	0.09770575822604495	3.7598297270763537	0.10102005154638866	0.00987024073237405	3770	3566	0.2592374213836478	0.29933176100628933	7336	13443820	4020
ENSG00000113749	1.0000000117290293	0.08941006976544337	6.271921632072539	0.1685155692035974	0.015066988799057043	4993	2346	0.018867924528301883	0.5391116352201257	7339	11713578	4021
ENSG00000147883	1.0000300456687456	0.11633722745545483	3.3283080350556156	0.0894258181008179	0.01040355174078498	3903	3437	0.2330974842767296	0.324685534591195	7340	13414611	4022
ENSG00000130518	1.0001034233200323	0.1331955119305828	2.4937701063659317	0.06700324295957502	0.008924531247009813	3571	3769	0.29834905660377353	0.25943396226415094	7340	13459099	4023
ENSG00000248265	1.0013598837173687	0.08285198182264146	2.2142360117954936	0.05949265054122179	0.004929084001222069	2730	4616	0.4636399371069182	0.09296383647798745	7346	12601680	4024
ENSG00000107105	1.0000045600599234	0.08506026783112833	5.306578296345639	0.14257848145922097	0.0121277638198769	4311	3038	0.15290880503144655	0.4031053459119497	7349	13096818	4025
ENSG00000108846	1.0000018253279113	0.11092780204662579	4.315883817643957	0.11596025282390754	0.012863215970527095	4491	2860	0.11753144654088055	0.4380896226415094	7351	12844260	4026
ENSG00000179542	1.0000004319218077	0.07714515040348241	6.615160678835448	0.17773780231352201	0.01371160949186108	4701	2651	0.07625786163522008	0.47916666666666663	7352	12462351	4027
ENSG00000286449	1.0000011015640655	0.10033087448077789	4.895621782117861	0.1315367983873399	0.013197202008603586	4574	2779	0.10121855345911945	0.4540094339622641	7353	12711146	4028
ENSG00000213085	1.0007631761257525	0.1290036292580046	1.7263751497228905	0.04638468209277744	0.005983792331947066	2926	4430	0.4251179245283019	0.12952044025157228	7356	12962180	4029
ENSG00000112218	1.0003011953395762	0.12188953199645076	2.2502915341020717	0.06046139939059449	0.007369611675570056	3242	4123	0.36301100628930816	0.18985849056603776	7365	13366766	4030
ENSG00000083814	1.0000976076454215	0.14007814096539692	2.3537507608057244	0.0632411679368365	0.008858705237072523	3585	3780	0.2955974842767296	0.2572720125786163	7365	13551300	4031
ENSG00000167554	1.0008787994982404	0.07022002920577426	3.0115418785699637	0.08091486527072393	0.005681844202491524	2881	4485	0.4339622641509434	0.11871069182389937	7366	12921285	4032
ENSG00000133104	1.0000256613917093	0.10446356182322707	3.726179235060317	0.10011592165626602	0.010458465771428704	3940	3426	0.22582547169811318	0.3268474842767296	7366	13498440	4033
ENSG00000196553	1.000058975097689	0.12821190584815134	2.7543124489749577	0.07400356020554964	0.009488137493501931	3723	3643	0.2684748427672956	0.2841981132075472	7366	13562889	4034
ENSG00000074966	1.0022091226907064	0.12722322363510863	1.0840112322836921	0.029125486660619468	0.0037054383029053637	2560	4807	0.4970518867924528	0.05542452830188682	7367	12305920	4035
ENSG00000215045	1.0033639966266092	0.07869330419476558	1.109759886955181	0.02981730799588685	0.00234642248838934	2407	4966	0.5271226415094339	0.024174528301886822	7373	11953162	4036
ENSG00000172461	1.0000007989312205	0.1024438490993192	4.82731251453185	0.12970144779075826	0.013287115545439666	4616	2757	0.09296383647798745	0.45833333333333337	7373	12726312	4037
ENSG00000144355	1.0004501351851343	0.06081507839089054	4.15588631468129	0.11166139963909842	0.006790696772288327	3122	4252	0.38659591194968557	0.16450471698113212	7374	13274744	4038
ENSG00000231789	1.000175806265638	0.14112193282442534	2.130456147598488	0.05724163206057582	0.008078049754413053	3404	3972	0.33117138364779874	0.21953616352201255	7376	13520688	4039
ENSG00000147724	1.0000001412323938	0.11784077869758657	4.500670326521478	0.12092514325962413	0.014249913045831319	4836	2542	0.04972484276729561	0.5005896226415094	7378	12293112	4040
ENSG00000130054	1.0000029314873435	0.09431230090833083	4.890821944361418	0.1314078351382655	0.012393375289272425	4407	2973	0.13404088050314467	0.4158805031446541	7380	13102011	4041
ENSG00000196632	1.000114142944071	0.11830505181346658	2.7100283670543774	0.07281372434514216	0.008614231431383516	3540	3842	0.304441823899371	0.24508647798742134	7382	13600680	4042
ENSG00000225905	1.0034139280627803	0.08378224428979919	0.9745580980815962	0.026184672298899044	0.0021938106111946973	2400	4983	0.528498427672956	0.02083333333333337	7383	11959200	4043
ENSG00000231359	1.0033672761047325	0.0894713838042562	0.93283839241018	0.025063736745069093	0.002242487209886916	2406	4977	0.527319182389937	0.022012578616352196	7383	11974662	4044
ENSG00000164114	1.0000014663719679	0.1118059898218821	4.298027161007107	0.11548047567843996	0.012911408888329761	4535	2848	0.10888364779874216	0.4404481132075472	7383	12915680	4045
ENSG00000121895	1.0000031265948752	0.12567038484758697	3.6445658870773237	0.09792311367862222	0.012306035381466462	4390	2994	0.13738207547169812	0.4117531446540881	7384	13143660	4046
ENSG00000244274	1.0004581323271542	0.14321975642244092	1.7421096020229199	0.04680743931791358	0.006703750057869767	3111	4275	0.3887578616352201	0.15998427672955973	7386	13299525	4047
ENSG00000198939	1.0002413321046335	0.14217725804320708	1.974853914303707	0.053060872087598264	0.007544049302796062	3307	4079	0.35023584905660377	0.19850628930817615	7386	13489253	4048
ENSG00000050030	1.0000002857048063	0.08001860188104917	6.424583965393925	0.17261733920404645	0.013812598143534615	4761	2626	0.06446540880503149	0.4840801886792453	7387	12502386	4049
ENSG00000272732	1.0012671840313185	0.1449671145488777	1.2450492064499488	0.03345229548763816	0.004849482751879346	2758	4630	0.45813679245283023	0.09021226415094341	7388	12769540	4050
ENSG00000139211	1.0000069954009387	0.11165346623652478	3.8734640653189327	0.1040732075507781	0.011620134365397638	4246	3142	0.16568396226415094	0.3826650943396226	7388	13340932	4051
ENSG00000167552	1.0000087698299964	0.09610050371444911	4.436140181075841	0.11919133106800577	0.011454346954031022	4200	3188	0.1747248427672956	0.37362421383647804	7388	13389600	4052
ENSG00000104723	1.0000002159047723	0.08463215216663796	6.145562738172696	0.1651205266347328	0.013974505535986103	4792	2601	0.058372641509434	0.48899371069182385	7393	12463992	4053
ENSG00000237442	1.0000001830013243	0.10096771487625883	5.1879170775925925	0.13939026196388993	0.014073916226497065	4811	2584	0.05463836477987416	0.4923349056603774	7395	12431624	4054
ENSG00000218014	1.0019002024531773	0.0932165095984832	1.5427910606594593	0.04145209857530369	0.003864019944722068	2611	4785	0.48702830188679247	0.05974842767295596	7396	12493635	4055
ENSG00000188385	1.0000285995033174	0.11840582117628927	3.2106320671336865	0.08626407057282857	0.010214168114185138	3917	3480	0.23034591194968557	0.3162342767295597	7397	13631160	4056
ENSG00000226745	1.000000671240947	0.08705779905296532	5.6650879465154915	0.15221100898546042	0.013251155433905312	4638	2764	0.0886399371069182	0.4569575471698113	7402	12819432	4057
ENSG00000125266	1.000057610924997	0.1274194437744414	2.7232188773115142	0.07316813029509864	0.009323042464217323	3730	3673	0.26709905660377353	0.2783018867924528	7403	13700290	4058
ENSG00000211689	1.0001437974322955	0.07182894237090444	4.2524968728154295	0.11425715643424066	0.008206970704978486	3463	3941	0.3195754716981132	0.22562893081761004	7404	13647683	4059
ENSG00000237423	1.0000006981434406	0.11034959935878254	4.460037305967207	0.11983340503506634	0.013223568235418285	4634	2771	0.08942610062893086	0.45558176100628933	7405	12840814	4060
ENSG00000177875	1.0000212093750314	0.13311921353388181	2.93160293050898	0.0787670454916713	0.010485407148238774	3984	3421	0.2171776729559748	0.3278301886792453	7405	13629264	4061
ENSG00000226278	1.000000028600376	0.06147760416072716	8.88154756606763	0.23863165570360262	0.014670502469565012	4957	2451	0.02594339622641506	0.5184748427672956	7408	12149607	4062
ENSG00000198829	1.0000482116590326	0.10763023182704752	3.2958387046162256	0.0885534239572633	0.009531025549599073	3778	3631	0.2576650943396226	0.28655660377358494	7409	13717918	4063
ENSG00000177675	1.0000215300617041	0.11006731402846028	3.5256224127942155	0.09472731047065899	0.010426380628645477	3979	3434	0.2181603773584906	0.3252751572327044	7413	13663886	4064
ENSG00000071909	1.0000003467801626	0.09614149041421784	5.252403852025965	0.14112290885223325	0.01356776678864352	4730	2687	0.07055817610062898	0.47209119496855345	7417	12709510	4065
ENSG00000080493	1.0000000509447948	0.10761545912341229	5.019227151605613	0.1348578585691723	0.014512790366321677	4928	2490	0.031643081761006275	0.510809748427673	7418	12270720	4066
ENSG00000196109	1.0000767184750696	0.0792515925334124	4.193296457493419	0.11266654477320474	0.008929003098513487	3652	3767	0.2824292452830188	0.2598270440251572	7419	13757084	4067
ENSG00000188554	1.003407992204541	0.17121432940790376	0.4093214072176231	0.010997750605136622	0.0018829724948538345	2401	5019	0.5283018867924528	0.013757861635220081	7420	12050619	4068
ENSG00000066629	1.0000147404092583	0.0961880865047412	4.193202630778033	0.11266402381339731	0.010836936868535282	4078	3343	0.1987028301886793	0.3431603773584906	7421	13632754	4069
ENSG00000205885	1.0001795053431197	0.11290731345402552	2.5910269947061377	0.06961636551739064	0.00786019680300204	3395	4026	0.3329402515723271	0.20892295597484278	7421	13668270	4070
ENSG00000163083	1.0000121536482875	0.09233681464261018	4.437571185840991	0.11922977966425401	0.011009298064737475	4126	3298	0.18926886792452835	0.3520047169811321	7424	13607548	4071
ENSG00000134042	1.0001336227283697	0.0901732910786653	3.405016863091846	0.0914868502019468	0.008249670373130399	3494	3930	0.3134827044025157	0.22779088050314467	7424	13731420	4072
ENSG00000286042	1.0000024459567878	0.10723170798515347	4.283692591522222	0.1150953308571652	0.012341868908930161	4442	2986	0.12716194968553463	0.4133254716981132	7428	13263812	4073
ENSG00000182183	1.0015947842308588	0.15058544483578032	0.9953292788760485	0.026742757613088676	0.004027070051302409	2665	4765	0.4764150943396226	0.06367924528301883	7430	12698725	4074
ENSG00000198832	1.0001370527301505	0.11190232157000474	2.7116781078375634	0.07285804999578412	0.008152984939591717	3479	3953	0.31643081761006286	0.22327044025157228	7432	13752487	4075
ENSG00000139289	1.0000061787674726	0.11353998459699224	3.7787063922898763	0.10152723453905488	0.01152740064573951	4266	3169	0.16175314465408808	0.37735849056603776	7435	13518954	4076
ENSG00000115828	1.0000031325763592	0.10746623987256256	4.182799193727818	0.11238450164793756	0.01207753981205566	4389	3052	0.13757861635220126	0.40035377358490565	7441	13395228	4077
ENSG00000121236	1.000007880582836	0.11296625268259664	3.7379661591450426	0.10043261569962586	0.011345496242698056	4224	3217	0.17000786163522008	0.3679245283018868	7441	13588608	4078
ENSG00000135842	1.0000034252506798	0.10224163783664036	4.35985976298848	0.11714180959322412	0.011976770471959105	4374	3070	0.14052672955974843	0.39681603773584906	7444	13428180	4079
ENSG00000158089	1.0000007832223727	0.08581603807548299	5.626837317124251	0.1511832814463759	0.012973950236978657	4618	2830	0.09257075471698117	0.44398584905660377	7448	13068940	4080
ENSG00000245468	1.000829747271963	0.1562763503777547	1.2797228696626206	0.03438391619902872	0.005373392935278767	2904	4546	0.429441823899371	0.10672169811320753	7450	13201584	4081
ENSG00000109794	1.0000026982218118	0.11481125817557802	3.9440263965510276	0.10596909402855285	0.012166445013144286	4425	3025	0.13050314465408808	0.4056603773584906	7450	13385625	4082
ENSG00000267508	1.0003731923385633	0.06131397525439261	4.079952272548135	0.10962118468064555	0.006721310604866304	3181	4269	0.375	0.16116352201257866	7450	13579689	4083
ENSG00000254681	1.0022496285811844	0.04998694635406043	2.1868445370293723	0.058756689502114615	0.002937067486084389	2551	4902	0.4988207547169812	0.03675314465408808	7453	12505002	4084
ENSG00000108813	1.0005935919757372	0.08503791393615862	2.609463461330585	0.07011172114355704	0.005962154508521756	3017	4436	0.4072327044025157	0.12834119496855345	7453	13383412	4085
ENSG00000134668	1.0000316389755144	0.09053365254392332	4.059906570992368	0.10908259172526144	0.009875645457845464	3891	3563	0.23545597484276726	0.29992138364779874	7454	13863633	4086
ENSG00000286705	1.0001678456888057	0.15065159998677322	1.917963958886332	0.051532338444878256	0.007763429237780814	3416	4041	0.328812893081761	0.2059748427672956	7457	13804056	4087
ENSG00000219438	1.0000000094132226	0.07025071661975389	7.760790847186189	0.20851888205935473	0.014648600893419614	5002	2457	0.017099056603773533	0.5172955974842768	7459	12289914	4088
ENSG00000152154	1.000348284029913	0.15892305538064427	1.5824075338233148	0.04251652394868645	0.006756855890089585	3200	4260	0.3712657232704403	0.1629323899371069	7460	13632000	4089
ENSG00000237361	1.0000000593632716	0.07029310791994137	7.5295334061441395	0.2023053989203936	0.014220675239098016	4912	2550	0.03478773584905659	0.4990172955974843	7462	12525600	4090
ENSG00000280721	1.001006879161088	0.15034022179850307	1.2048929560075208	0.032373367242459844	0.004867019211595806	2835	4629	0.4430031446540881	0.09040880503144655	7464	13123215	4091
ENSG00000182985	1.0000005463978991	0.08723756316243986	5.598292453898697	0.15041633087580517	0.013121954165440505	4664	2801	0.08352987421383651	0.449685534591195	7465	13063864	4092
ENSG00000227827	1.0022496265252467	0.0393846388593602	2.659615128030258	0.07145920874882097	0.002814395129747947	2552	4915	0.49862421383647804	0.034198113207547176	7467	12543080	4093
ENSG00000276547	1.000012548036871	0.0932150390756381	4.310049466014034	0.11580349399566854	0.010794627217901667	4115	3353	0.19143081761006286	0.3411949685534591	7468	13797595	4094
ENSG00000267296	1.0008640576841887	0.07962133417341735	2.408223629927403	0.06470475869652514	0.005151879214786361	2889	4580	0.4323899371069182	0.10003930817610063	7469	13231620	4095
ENSG00000175591	1.0000275963881071	0.09759684759217477	3.799980369618403	0.10209882911708797	0.00996452386467993	3924	3546	0.2289701257861635	0.3032625786163522	7470	13914504	4096
ENSG00000056998	1.0000069897388204	0.08333798167197182	5.055854074564577	0.13584195995510853	0.011320794769023564	4247	3226	0.1654874213836478	0.36615566037735847	7473	13700822	4097
ENSG00000161249	1.0000015054387472	0.09499963423794851	4.89340850431462	0.1314773314821873	0.012490298401389306	4525	2950	0.11084905660377353	0.42040094339622647	7475	13348750	4098
ENSG00000198682	1.0000016842384976	0.09818032140258237	4.7031523130899044	0.12636548024431607	0.012406603464578624	4505	2970	0.11477987421383651	0.4164701257861635	7475	13379850	4099
ENSG00000174939	1.0002849172173403	0.08601941888520968	3.029013821936886	0.08138430584321352	0.0070006306950094015	3264	4211	0.358687106918239	0.17256289308176098	7475	13744704	4100
ENSG00000116014	1.0000182774265576	0.10541317530644995	3.6493366547794017	0.09805129586615828	0.010335898440163934	4026	3450	0.20892295597484278	0.3221305031446541	7476	13889700	4101
ENSG00000133424	1.0000146017957818	0.10403814589535025	3.7760633746251595	0.10145622127512834	0.01055531715101274	4081	3400	0.19811320754716977	0.3319575471698113	7481	13875400	4102
ENSG00000065989	1.0000272482428123	0.11513304400711266	3.209909902513034	0.08624466727201474	0.009929611072407663	3927	3554	0.22838050314465408	0.3016902515723271	7481	13956558	4103
ENSG00000081842	1.0000727481164498	0.08769305723383448	3.6985826013805916	0.09937444835582471	0.008714449187248065	3669	3813	0.2790880503144654	0.25078616352201255	7482	13989897	4104
ENSG00000255571	1.000000700567835	0.08161738888886089	5.882420887993918	0.1580503651650157	0.012899658117699558	4633	2850	0.089622641509434	0.4400550314465409	7483	13204050	4105
ENSG00000197888	1.0003026469438612	0.05495775564713479	4.626027732326238	0.12429327759425149	0.006830879578606367	3241	4242	0.3632075471698113	0.1664701257861635	7483	13748322	4106
ENSG00000170577	1.000020372955857	0.07278410971590987	5.204980400627953	0.13984872362245157	0.010178764843766471	3989	3494	0.2161949685534591	0.3134827044025157	7483	13937566	4107
ENSG00000270882	1.0013814157906793	0.10527690487754092	1.4241435016634443	0.038264246093763055	0.00402834139622391	2722	4764	0.4652122641509434	0.06387578616352196	7486	12967608	4108
ENSG00000228221	1.0000007530682813	0.10498236652592091	4.55215973653545	0.12230857368899872	0.012840243512281071	4625	2863	0.0911949685534591	0.4375	7488	13241375	4109
ENSG00000164675	1.000411235665268	0.14802873106425066	1.608624534574544	0.04322092892431823	0.006397939264084996	3147	4342	0.3816823899371069	0.14681603773584906	7489	13664274	4110
ENSG00000268119	1.0003890192315994	0.059485015139555134	4.076257362148968	0.10952190889794318	0.006514912408907128	3167	4322	0.37775157232704404	0.15074685534591192	7489	13687774	4111
ENSG00000257084	1.0002300694466897	0.11210855086512436	2.378926904585576	0.06391760690535266	0.007165710284925753	3321	4168	0.3474842767295597	0.18101415094339623	7489	13841928	4112
ENSG00000079689	1.000012290448834	0.0861916246715171	4.6285817337661355	0.12436189914784206	0.010718954134787864	4123	3366	0.18985849056603776	0.3386399371069182	7489	13878018	4113
ENSG00000100084	1.0030967332554546	0.1576025653898117	0.3527388786616681	0.009477476984715964	0.0014936746862141332	2445	5047	0.5196540880503144	0.008254716981132115	7492	12339915	4114
ENSG00000054356	1.000023600671614	0.10329724044897812	3.6112200004711	0.09702716800332692	0.010022638703323056	3962	3530	0.22150157232704404	0.3064072327044025	7492	13985860	4115
ENSG00000257335	1.0000003808717322	0.09204137131476177	5.325449027237973	0.14308550500705167	0.013169786096114246	4713	2788	0.07389937106918243	0.4522405660377359	7501	13139844	4116
ENSG00000144837	1.0000056584279688	0.11067061164275241	3.8080990891671975	0.10231696491760137	0.011323481088860984	4278	3223	0.1593946540880503	0.3667452830188679	7501	13787994	4117
ENSG00000100290	1.0000975305116226	0.10869018582462422	2.843460003913961	0.07639879915222808	0.008303799676633814	3586	3916	0.29540094339622647	0.2305424528301887	7502	14042776	4118
ENSG00000244242	1.0000777185794638	0.11945025454903664	2.6632696716566073	0.07155739994690999	0.00854754963852562	3650	3852	0.2828223270440252	0.24312106918238996	7502	14059800	4119
ENSG00000224652	1.0000160868706531	0.11045508812898455	3.500854576131154	0.09406184200053744	0.010389609047743983	4064	3439	0.20145440251572322	0.3242924528301887	7503	13976096	4120
ENSG00000198915	1.0000010552150735	0.09203667773254505	5.091435134938142	0.1367979608418316	0.012590429836468972	4579	2925	0.10023584905660377	0.425314465408805	7504	13393575	4121
ENSG00000232063	1.0016522422530305	0.14236193664907165	0.8806440023017416	0.023661364733055985	0.0033684777071578942	2656	4849	0.47818396226415094	0.047169811320754707	7505	12878944	4122
ENSG00000224769	1.0017089168979694	0.04982989249133225	2.411288323049639	0.06478710164279013	0.0032283343096852473	2645	4861	0.48034591194968557	0.04481132075471694	7506	12857345	4123
ENSG00000198429	1.000002943916573	0.09657567528576563	4.549985656228162	0.12225015995203437	0.011806391751160581	4405	3107	0.13443396226415094	0.38954402515723274	7512	13686335	4124
ENSG00000175567	1.0000075388245138	0.09137422356739223	4.516961502462312	0.1213628586756821	0.011089436981409604	4233	3281	0.16823899371069184	0.35534591194968557	7514	13888473	4125
ENSG00000269985	1.000050527627695	0.1016726126541472	3.2938025296000655	0.08849871549437503	0.008997895620849168	3767	3747	0.2598270440251572	0.2637578616352201	7514	14114949	4126
ENSG00000102265	1.0000616583370407	0.10269268142741486	3.164612749770192	0.08502761196974051	0.008731713468542408	3709	3808	0.27122641509433965	0.25176886792452835	7517	14123872	4127
ENSG00000167549	1.0000018283598417	0.11202588695436579	4.032710682622317	0.10835188575067765	0.012138216104397772	4490	3032	0.11772798742138368	0.4042845911949685	7522	13613680	4128
ENSG00000255836	1.0000216454270492	0.10467002978220143	3.5404240844116535	0.09512500550961199	0.009956737159723162	3977	3547	0.21855345911949686	0.30306603773584906	7524	14106419	4129
ENSG00000145808	1.0000000998787557	0.0965996733603617	5.261978903717882	0.1413801737513618	0.013657278604012732	4868	2668	0.04343553459119498	0.4758254716981132	7536	12987824	4130
ENSG00000111679	1.0006218022132412	0.12991442188503777	1.5536386132962434	0.04174355335013793	0.0054230896009104	3002	4534	0.41018081761006286	0.1090801886792453	7536	13611068	4131
ENSG00000254221	1.0003333284496192	0.08042569843348735	3.01413697482256	0.08098459097008665	0.006513242291119511	3213	4323	0.3687106918238994	0.15055031446540879	7536	13889799	4132
ENSG00000118432	1.0000007598625562	0.11490741022937498	4.088036392693668	0.10983839085568262	0.012621245036988351	4622	2919	0.09178459119496851	0.42649371069182385	7541	13491618	4133
ENSG00000182782	1.0001366489653734	0.09936884830284165	2.8604915596727487	0.07685640727960617	0.007637132676068601	3482	4061	0.31584119496855345	0.20204402515723274	7543	14140402	4134
ENSG00000173156	1.0001196559986043	0.10819240013170557	2.7174663683446543	0.0730135704361326	0.007899513427670526	3525	4019	0.3073899371069182	0.21029874213836475	7544	14166975	4135
ENSG00000105717	1.0001706165682211	0.15422501649120934	1.7636426057838155	0.04738599348333472	0.007308105626419635	3409	4140	0.33018867924528306	0.1865172955974843	7549	14113260	4136
ENSG00000136449	1.0000786276279379	0.13127458316178306	2.369795378573625	0.06367225876583948	0.008358549228454765	3645	3904	0.2838050314465409	0.23290094339622647	7549	14230080	4137
ENSG00000095627	1.0000000268839864	0.0805869544519274	6.486962563513598	0.17429334308051478	0.0140457697001036	4964	2589	0.024567610062893097	0.4913522012578616	7553	12851796	4138
ENSG00000081138	1.0000037684390402	0.09351898581754761	4.544831781084216	0.12211168433731287	0.011419760875698013	4357	3196	0.14386792452830188	0.3720518867924528	7553	13924972	4139
ENSG00000238741	1.0013141505565455	0.047713219847384636	2.8376843569088317	0.0762436176146254	0.00363782848920655	2742	4812	0.46128144654088055	0.05444182389937102	7554	13194504	4140
ENSG00000152952	1.000214658174687	0.14084282233969442	1.8594007024267918	0.04995884612854736	0.0070363448895791264	3353	4201	0.3411949685534591	0.17452830188679247	7554	14085953	4141
ENSG00000129682	1.00000007229783	0.06346811753827349	8.012520962724528	0.21528243017014528	0.013663570581963935	4895	2664	0.03812893081761004	0.47661163522012584	7559	13040280	4142
ENSG00000130540	1.000002626149547	0.08836961658522811	4.922978126502027	0.1322718155345015	0.011688809623815919	4432	3127	0.129127358490566	0.38561320754716977	7559	13858864	4143
ENSG00000108797	1.000069712627295	0.12730327112667814	2.4687287671358185	0.06633042595363477	0.008444080199123615	3676	3886	0.2777122641509434	0.23643867924528306	7562	14284936	4144
ENSG00000197261	1.0000001187448424	0.08450738321247335	5.944158540987236	0.15970914796648786	0.013496602169741597	4857	2706	0.045597484276729605	0.4683569182389937	7563	13143042	4145
ENSG00000231920	1.0009437408697377	0.12107470767422307	1.3601098091407233	0.036543772724246686	0.004424526599901414	2861	4703	0.4378930817610063	0.0758647798742138	7564	13455283	4146
ENSG00000144959	1.000257676593951	0.12485706292593994	1.9899373516283183	0.05346613767849879	0.006675624916531292	3284	4282	0.35475628930817615	0.15860849056603776	7566	14062088	4147
ENSG00000128849	1.0000109092645444	0.11022112628738577	3.5492539833493697	0.09536224945696785	0.01051093454044564	4155	3412	0.18356918238993714	0.32959905660377353	7567	14176860	4148
ENSG00000237489	1.0008263257176393	0.13737306411945027	1.2542244657677708	0.03369881866462219	0.0046293099771648714	2907	4666	0.4288522012578616	0.08313679245283023	7573	13564062	4149
ENSG00000197653	1.0007025177925972	0.09039862021669087	2.023821966626977	0.054376558043852885	0.004915565819297104	2956	4617	0.41922169811320753	0.09276729559748431	7573	13647852	4150
ENSG00000109265	1.0000378147025422	0.0952929842243399	3.5628192438408415	0.09572672429055407	0.009122085227667505	3850	3723	0.24351415094339623	0.2684748427672956	7573	14333550	4151
ENSG00000188338	1.0000050799687599	0.09800985817482306	4.212926551030361	0.11319397106772057	0.011094125050592318	4297	3277	0.1556603773584906	0.3561320754716981	7574	14081269	4152
ENSG00000120436	1.002237449848952	0.10593058605617532	0.6374313052393848	0.01712666476591661	0.0018142376358411952	2556	5024	0.4978380503144654	0.012775157232704393	7580	12841344	4153
ENSG00000177025	1.0002101397214334	0.11536826790040917	2.2190650470558184	0.05962239827618017	0.0068785328171912475	3357	4229	0.34040880503144655	0.1690251572327044	7586	14196753	4154
ENSG00000231205	1.0000001536480463	0.07421290549237898	6.656656131288938	0.1788527125754428	0.013273179455416959	4826	2761	0.051690251572327095	0.4575471698113207	7587	13324586	4155
ENSG00000182389	1.0000021686909684	0.12724812264463545	3.4263284421723723	0.09205945507331788	0.011714392829767861	4467	3121	0.12224842767295596	0.3867924528301887	7588	13941507	4156
ENSG00000116396	1.0001802922758076	0.14208737705820024	1.8445980684304237	0.04956112523215501	0.007042010288289891	3394	4198	0.33313679245283023	0.17511792452830188	7592	14248012	4157
ENSG00000177599	1.0001342004296319	0.13140389645637934	2.105566652196965	0.056572894832844875	0.007433898814852786	3490	4102	0.31426886792452835	0.19398584905660377	7592	14315980	4158
ENSG00000138650	1.0000000216251523	0.08822285646154572	5.8432655868529695	0.15699833067763244	0.013850841192075056	4975	2618	0.02240566037735847	0.4856525157232704	7593	13024550	4159
ENSG00000279662	1.00014053040586	0.11828400864866306	2.3245499995375907	0.062456594532552444	0.007387616367854476	3474	4119	0.31741352201257866	0.1906446540880503	7593	14309406	4160
ENSG00000236120	1.000479328677007	0.0955629108694854	2.165617772213675	0.058186363441760744	0.005560458263404466	3092	4503	0.3924921383647799	0.11517295597484278	7595	13923276	4161
ENSG00000204832	1.000000148006072	0.0694657991943051	7.096020538115432	0.190657666056614	0.013244187145143626	4830	2767	0.05090408805031443	0.4563679245283019	7597	13364610	4162
ENSG00000266019	1.001721246617712	0.043744913253362765	2.0107451567396617	0.05402520702405387	0.002363327994762201	2637	4961	0.48191823899371067	0.02515723270440251	7598	13082157	4163
ENSG00000172927	1.000000328914249	0.10315728989156008	4.642071286441427	0.12472433984476565	0.012866224881899948	4743	2859	0.06800314465408808	0.43828616352201255	7602	13560237	4164
ENSG00000112852	1.0000825687412214	0.07574082612293043	3.9552793278424576	0.10627144061912364	0.00804908670576637	3625	3977	0.28773584905660377	0.21855345911949686	7602	14416625	4165
ENSG00000158055	1.0000221408524803	0.10884535235193037	3.2584502969348654	0.08754886280812176	0.009529286820360824	3972	3632	0.21953616352201255	0.2863600628930818	7604	14426304	4166
ENSG00000226891	1.0005823509246299	0.14368337434285164	1.3329682934448703	0.03581452764836016	0.005145952183011743	3025	4581	0.4056603773584906	0.09984276729559749	7606	13857525	4167
ENSG00000176533	1.0000483492360077	0.13020479875521032	2.474303722157839	0.06648021524851627	0.008656043047636126	3777	3830	0.25786163522012584	0.2474449685534591	7607	14465910	4168
ENSG00000168398	1.000001961411888	0.09596845648981624	4.530332326853613	0.1217221093511847	0.011681482955117823	4482	3128	0.11930031446540879	0.38541666666666663	7610	14019696	4169
ENSG00000153714	1.0000040290360326	0.10602155831795346	3.9100343125899166	0.10505578616006307	0.011138178159007575	4347	3266	0.14583333333333337	0.35829402515723274	7613	14197302	4170
ENSG00000171487	1.000001669497423	0.1176273411616359	3.7350552506973225	0.10035440467870707	0.011804421796215147	4508	3108	0.1141902515723271	0.3893474842767296	7616	14010864	4171
ENSG00000249267	1.0000217073385849	0.12444694502778582	2.8409002775619814	0.07633002378025858	0.009499038273351423	3976	3640	0.21875	0.2847877358490566	7616	14472640	4172
ENSG00000177181	1.0000033729738114	0.08595282347284418	4.86681080516757	0.13076269780622568	0.011239423081371385	4375	3245	0.1403301886792453	0.36242138364779874	7620	14196875	4173
ENSG00000168772	1.000000454561827	0.09333635110613826	5.016891395680702	0.13479510089101598	0.012581282864151198	4693	2928	0.0778301886792453	0.4247248427672956	7621	13741104	4174
ENSG00000147234	1.0000102945924432	0.09236758988850645	4.13580987850243	0.11112198089812442	0.010264069559196403	4168	3461	0.18101415094339623	0.31996855345911945	7629	14425448	4175
ENSG00000261437	1.0000812236314018	0.12220026540263841	2.4219620622019513	0.06507388635317056	0.007952046183138573	3630	3999	0.2867531446540881	0.21422955974842772	7629	14516370	4176
ENSG00000008441	1.000027278061006	0.11215445644478278	3.051869954687963	0.08199841017140613	0.009196487122110403	3926	3703	0.22857704402515722	0.27240566037735847	7629	14537978	4177
ENSG00000198417	1.0000245859407901	0.11124326830116255	3.115972138664815	0.08372072378655304	0.009313366938555041	3953	3677	0.22327044025157228	0.2775157232704403	7630	14535181	4178
ENSG00000167733	1.000681329763758	0.12827911866169092	1.3537070809819143	0.03637174261235559	0.004665735086502843	2969	4662	0.41666666666666663	0.08392295597484278	7631	13841478	4179
ENSG00000279255	1.000545747345261	0.15735736241082257	1.2202472234274282	0.03278590956453521	0.005159104253315021	3053	4578	0.4001572327044025	0.1004323899371069	7631	13976634	4180
ENSG00000163898	1.0000084747097013	0.08237783455421706	4.73437912716101	0.12720449014531643	0.01047883044374441	4210	3423	0.17275943396226412	0.327437106918239	7633	14410830	4181
ENSG00000267374	1.0003163857739126	0.12126733630466242	1.864632983050308	0.0500994283614305	0.006075424227776935	3230	4404	0.3653694968553459	0.13463050314465408	7634	14224920	4182
ENSG00000287401	1.0009115927129368	0.15070113111484484	0.9923581491040118	0.026662928550468982	0.004018133491389966	2868	4768	0.4365172955974843	0.06308962264150941	7636	13674624	4183
ENSG00000083454	1.0001435800839784	0.1428207789362055	1.8620414842415252	0.05002979931909373	0.007145294908775011	3465	4172	0.3191823899371069	0.18022798742138368	7637	14455980	4184
ENSG00000147231	1.000136611503157	0.08760997679646801	3.064233713627264	0.08233060275884188	0.007212982197341363	3483	4161	0.3156446540880503	0.1823899371069182	7644	14492763	4185
ENSG00000205978	1.0000004765083645	0.07477043056673548	6.201835882894441	0.16663248765241656	0.01245918284817742	4687	2958	0.07900943396226412	0.41882861635220126	7645	13864146	4186
ENSG00000164684	1.0000041844557257	0.0982016572632542	4.157965891608512	0.11171727423545842	0.010970821474855466	4336	3309	0.14799528301886788	0.3498427672955975	7645	14347824	4187
ENSG00000227992	1.0009590480163255	0.10933992278448346	1.3008557646555234	0.034951720141354455	0.003821618381440571	2856	4790	0.43887578616352196	0.05876572327044027	7646	13680240	4188
ENSG00000277977	1.0017262554356017	0.08036164790564004	0.899346605857759	0.024163870993292858	0.0019418484928003092	2634	5014	0.4825078616352201	0.01474056603773588	7648	13206876	4189
ENSG00000241155	1.0008568303274539	0.14507631078820715	1.0454650727032275	0.02808981874201886	0.004075167273801534	2892	4756	0.4318003144654088	0.06544811320754718	7648	13754352	4190
ENSG00000251791	1.0003745655525798	0.10096220565137252	2.126843202292376	0.057144558536626235	0.005769440670831754	3179	4469	0.3753930817610063	0.12185534591194969	7648	14206951	4191
ENSG00000168913	1.0000450533621286	0.10056099898958343	3.16262280906041	0.08497414574183429	0.008545084984085313	3798	3854	0.2537342767295597	0.24272798742138368	7652	14637492	4192
ENSG00000239911	1.0000286441288069	0.11670387539113436	2.878202914050362	0.0773322804073965	0.009024976816377062	3916	3738	0.2305424528301887	0.26552672955974843	7654	14638008	4193
ENSG00000188818	1.0002244230208868	0.112351028622641	2.1591310548707314	0.05801207668732823	0.006517716488356859	3334	4321	0.3449292452830188	0.15094339622641506	7655	14406214	4194
ENSG00000246465	1.00029144912427	0.11596113848779269	1.9591873772081365	0.052639939625271415	0.006104187328875145	3257	4399	0.360062893081761	0.13561320754716977	7656	14327543	4195
ENSG00000140057	1.0000781985088874	0.11545864460765809	2.5559317096290735	0.06867341656361525	0.007928939597012115	3646	4010	0.28360849056603776	0.2120676100628931	7656	14620460	4196
ENSG00000165309	1.0000430597468	0.09108148229667741	3.4933062041677285	0.0938590304425179	0.0085488196196335	3808	3851	0.25176886792452835	0.2433176100628931	7659	14664608	4197
ENSG00000185274	1.000000079256578	0.09277647181486395	5.297187042430206	0.14232615488501732	0.013204518497207772	4885	2776	0.04009433962264153	0.45459905660377353	7661	13560760	4198
ENSG00000126016	1.0000005140267991	0.08699227501150432	5.266181575484172	0.14149309219429174	0.012308805988393961	4676	2993	0.08117138364779874	0.4119496855345912	7669	13995268	4199
ENSG00000204128	1.000001281727588	0.0751012308358665	5.816601284425958	0.15628190748797918	0.011736963609724258	4550	3120	0.10593553459119498	0.38698899371069184	7670	14196000	4200
ENSG00000134369	1.0000196707638964	0.11286804236771485	3.0778956059092244	0.08269767391969948	0.009333924563680108	4003	3669	0.21344339622641506	0.2790880503144654	7672	14687007	4201
ENSG00000136866	1.0000241713571674	0.12236514610166513	2.7806017452793172	0.07470990763630146	0.009141888763157935	3955	3717	0.222877358490566	0.26965408805031443	7672	14700735	4202
ENSG00000166272	1.001841427205785	0.16745526775647793	0.29890563248495694	0.008031071775321131	0.0013448452745078924	2620	5058	0.4852594339622641	0.00609276729559749	7678	13251960	4203
ENSG00000149948	1.0000825659152208	0.12531091043084897	2.2843239517395193	0.06137579095445303	0.007691056242915974	3626	4052	0.2875393081761006	0.20381289308176098	7678	14692552	4204
ENSG00000107821	1.0001641560941597	0.1055652652752384	2.3824512690333197	0.06401230041650167	0.006757475474346253	3420	4259	0.32802672955974843	0.16312893081761004	7679	14565780	4205
ENSG00000104432	1.0001414405625442	0.15476054343490991	1.6855960705413993	0.04528901952825704	0.007008953273827307	3470	4209	0.3181996855345912	0.17295597484276726	7679	14605230	4206
ENSG00000203814	1.0004493406843569	0.06773137282540559	2.8978887303531957	0.07786120387521304	0.00527364622830697	3125	4556	0.38600628930817615	0.10475628930817615	7681	14237500	4207
ENSG00000240086	1.0000276496818554	0.1051591636753433	3.1681735397888335	0.0851232841722976	0.008951493372857403	3923	3761	0.22916666666666663	0.26100628930817615	7684	14754403	4208
ENSG00000106078	1.0000003335983323	0.07201954631922512	6.460691201177785	0.1735874775041443	0.012501691376547169	4739	2947	0.06878930817610063	0.4209905660377359	7686	13965833	4209
ENSG00000122574	1.000019270867137	0.11388099388648885	3.0424999395467465	0.08174665424593443	0.009309390232422176	4009	3679	0.21226415094339623	0.277122641509434	7688	14749111	4210
ENSG00000177398	1.0000176610726221	0.10260073527353655	3.4275724177922933	0.09209287852341241	0.009448797049958596	4038	3651	0.20656446540880502	0.28262578616352196	7689	14742738	4211
ENSG00000152315	1.0000298372483072	0.10614637398541438	3.0944303219656444	0.0831419328328879	0.008825214696349922	3904	3787	0.23290094339622647	0.25589622641509435	7691	14784448	4212
ENSG00000105357	1.000000091217092	0.06886947764340336	7.041176437928038	0.18918410096720392	0.013029010212048215	4873	2821	0.04245283018867929	0.4457547169811321	7694	13746733	4213
ENSG00000174950	1.000036501777315	0.120188272796385	2.675882280868428	0.07189627870610937	0.0086410895581748	3860	3834	0.24154874213836475	0.24665880503144655	7694	14799240	4214
ENSG00000145041	1.0019075709839294	0.11503818263599588	0.21202573626668822	0.0056967608539754714	6.553450155532221e-4	2609	5088	0.48742138364779874	1.9654088050313767e-4	7697	13274592	4215
ENSG00000187952	1.0014830704620499	0.06040368336796438	1.2628757051378243	0.03393126234174119	0.0020495732267658685	2696	5002	0.4703223270440252	0.017099056603773533	7698	13485392	4216
ENSG00000163884	1.000079561189294	0.1176626624388496	2.401821112367196	0.0645327342430503	0.007593093325496018	3636	4070	0.28557389937106914	0.2002751572327044	7706	14798520	4217
ENSG00000102575	1.0000227628091105	0.10995639729749572	3.0484361629232484	0.08190615018990406	0.009006105191389446	3967	3740	0.22051886792452835	0.26513364779874216	7707	14836580	4218
ENSG00000215808	1.000000050887484	0.0816312855830475	6.015022834246278	0.1616131476360137	0.013192689008650652	4929	2781	0.03144654088050314	0.45361635220125784	7710	13707549	4219
ENSG00000087258	1.0000140236035642	0.0872190788143221	4.083403499087631	0.10971391310406522	0.009569146434051152	4088	3622	0.1967374213836478	0.2883254716981132	7710	14806736	4220
ENSG00000106484	1.0002020270575787	0.06131000551300248	3.8805121928868647	0.10426257841645602	0.006392339257512772	3368	4343	0.3382468553459119	0.14661949685534592	7711	14627224	4221
ENSG00000145284	1.0000170179986012	0.10525020933811881	3.310550485818332	0.0889487037979096	0.00936186969508431	4048	3665	0.20459905660377353	0.27987421383647804	7713	14835920	4222
ENSG00000233198	1.0006766851070832	0.13014899742139954	1.1831635523988737	0.031789536156490765	0.004137376259258604	2971	4746	0.41627358490566035	0.06741352201257866	7717	14100366	4223
ENSG00000138798	1.0000023337348733	0.08404726383230199	4.939319776135114	0.13271088709042836	0.011153986940708072	4454	3263	0.12480345911949686	0.35888364779874216	7717	14533402	4224
ENSG00000142149	1.0000010610526293	0.09277615348438888	4.660797069308128	0.12522746889255676	0.01161812287443738	4576	3143	0.10082547169811318	0.38246855345911945	7719	14382368	4225
ENSG00000243742	1.0001192809642792	0.0803194435738213	3.278800621774061	0.08809564045856601	0.007075792822911441	3527	4193	0.3069968553459119	0.17610062893081757	7720	14788711	4226
ENSG00000105519	1.0000028148008377	0.09717023138840891	4.206265406973391	0.1130149977724282	0.010981693483907366	4418	3305	0.13187893081761004	0.35062893081761004	7723	14601490	4227
ENSG00000237529	1.000853015966005	0.15912914882739695	0.8221756642335153	0.022090422707956147	0.003515230162754463	2894	4830	0.4314072327044025	0.05090408805031443	7724	13978020	4228
ENSG00000171714	1.0000004142262768	0.06101689314362742	7.434052072234074	0.19973998240595664	0.012187513162974277	4703	3021	0.0758647798742138	0.40644654088050314	7724	14207763	4229
ENSG00000141579	1.000003031652132	0.10136419498467586	4.003726181923942	0.10757312288981986	0.0109040630037142	4397	3328	0.13600628930817615	0.34610849056603776	7725	14633216	4230
ENSG00000170044	1.0000618409149893	0.07232150870459918	4.057748278000064	0.10902460216585012	0.007884823714552992	3707	4020	0.2716194968553459	0.2101022012578616	7727	14902140	4231
ENSG00000077044	1.0011106264834297	0.13455556111789352	0.7580532145355364	0.020367564588312636	0.0027405690817853445	2804	4924	0.44909591194968557	0.032429245283018826	7728	13806896	4232
ENSG00000184194	1.0000034838768184	0.09634842766360287	4.159896506699549	0.1117691464877065	0.010768781525393423	4369	3359	0.14150943396226412	0.3400157232704403	7728	14675471	4233
ENSG00000285933	1.0000624674745457	0.09802472789885902	2.985376482060499	0.08021184681084989	0.007862744457898523	3705	4025	0.2720125786163522	0.20911949685534592	7730	14912625	4234
ENSG00000183145	1.0000003702689244	0.09386003076174004	4.837754918992648	0.12998201694241457	0.012200116108688047	4718	3015	0.07291666666666663	0.40762578616352196	7733	14224770	4235
ENSG00000137648	1.000000063091473	0.06953230274504459	6.9466575826450265	0.1866445445707976	0.012977824978807666	4907	2827	0.03577044025157228	0.4445754716981132	7734	13872089	4236
ENSG00000155265	1.0001260183045007	0.09557192464356486	2.683484990403363	0.0721005502196783	0.006890788352354659	3510	4227	0.3103380503144654	0.16941823899371067	7737	14836770	4237
ENSG00000198805	1.0007335444717473	0.1508589723586785	0.9338130290925161	0.025089923528789526	0.0037850400801110167	2942	4796	0.42197327044025157	0.057586477987421336	7738	14109832	4238
ENSG00000273796	1.0004462030321937	0.14925208701574402	1.2298213791807202	0.033043150391359244	0.004931759157485466	3128	4614	0.38541666666666663	0.09335691823899372	7742	14432592	4239
ENSG00000160200	1.0000337020256018	0.12078281432148251	2.628889416853585	0.07063366260652783	0.008531332555450494	3883	3860	0.23702830188679247	0.24154874213836475	7743	14988380	4240
ENSG00000223652	1.0004808226029218	0.128718473439873	1.3639892621633218	0.03664800684460921	0.004717275495652115	3091	4653	0.39268867924528306	0.08569182389937102	7744	14382423	4241
ENSG00000267221	1.000249738660402	0.1365411261645591	1.6094175911593056	0.04324223696826897	0.005904343733522175	3297	4448	0.35220125786163525	0.1259827044025157	7745	14665056	4242
ENSG00000029559	1.0000006047747159	0.07926682982460488	5.565162142332341	0.14952617732494644	0.011852466052340223	4654	3094	0.08549528301886788	0.39209905660377353	7748	14399476	4243
ENSG00000131398	1.0000001087096972	0.08184299543487228	5.788985858720371	0.15553992927865662	0.01272985372189345	4863	2889	0.04441823899371067	0.4323899371069182	7752	14049207	4244
ENSG00000186281	1.0000000112182794	0.12241759696073537	4.0361883119273445	0.10844532357024783	0.013275615913099136	4994	2760	0.018671383647798745	0.45774371069182385	7754	13783440	4245
ENSG00000006747	1.0000000591695186	0.08249263608751022	5.830478889171592	0.15665477446561077	0.012922865301362618	4913	2842	0.03459119496855345	0.441627358490566	7755	13962746	4246
ENSG00000138400	1.0006146774222393	0.11770054380316403	1.3020573422110595	0.03498400442958248	0.004117636345774157	3006	4749	0.4093946540880503	0.06682389937106914	7755	14275494	4247
ENSG00000102931	1.00148921860803	0.06310547047627046	0.7696018050125243	0.0206778550243055	0.0013048857697489117	2694	5062	0.4707154088050315	0.005306603773584939	7756	13637028	4248
ENSG00000134259	1.000122026394125	0.123249470209754	2.0676469757248412	0.05555405942009999	0.006847008391528518	3519	4237	0.30856918238993714	0.1674528301886793	7756	14910003	4249
ENSG00000253123	1.0000000305062826	0.10169569074996093	4.800385694007858	0.1289779711987932	0.01311650387258984	4954	2803	0.026533018867924474	0.4492924528301887	7757	13886062	4250
ENSG00000181085	1.0000453858541885	0.085794171670684	3.5207965165422466	0.09459764707536727	0.008115926772826838	3795	3962	0.25432389937106914	0.22150157232704404	7757	15035790	4251
ENSG00000185290	1.0000000342870365	0.079964729315437	6.098028539542641	0.16384336582044284	0.013101690397961833	4950	2808	0.027319182389937136	0.4483097484276729	7758	13899600	4252
ENSG00000256870	1.0000000011682013	0.06081876056378708	8.267837907860889	0.2221423501214665	0.013510422403114428	5057	2702	0.0062893081761006275	0.4691430817610063	7759	13664014	4253
ENSG00000224557	1.0000284642220545	0.09849376883607225	3.2560034377756715	0.08748311998029941	0.008616542196397983	3918	3841	0.23014937106918243	0.24528301886792447	7759	15049038	4254
ENSG00000269896	1.0005480303356582	0.13858770466737602	1.151994210803514	0.030952070440435932	0.004289576397042954	3050	4715	0.4007468553459119	0.07350628930817615	7765	14380750	4255
ENSG00000153093	1.0005738955200274	0.08838986523350224	1.7734171884106926	0.04764861942985049	0.004211655049966921	3031	4735	0.40448113207547165	0.06957547169811318	7766	14351785	4256
ENSG00000248712	1.0002198962082924	0.12890738248451633	1.7346619396671628	0.04660733365098389	0.006008029385530849	3344	4425	0.34296383647798745	0.13050314465408808	7769	14797200	4257
ENSG00000085741	1.000001040609418	0.12788869258276847	3.3346399678582093	0.08959594606525732	0.011458308403001998	4584	3187	0.09925314465408808	0.3738207547169812	7771	14609208	4258
ENSG00000092850	1.0000560999868722	0.10808157588030971	2.698344320665183	0.07249979444560263	0.007835892034679257	3742	4029	0.2647405660377359	0.20833333333333337	7771	15076518	4259
ENSG00000176788	1.0000000127836202	0.07164100147055655	6.848050803209482	0.18399515279923245	0.01318159701226509	4990	2785	0.019457547169811296	0.4528301886792453	7775	13897150	4260
ENSG00000141576	1.000020288440762	0.11764876235271558	2.8009070796391535	0.0752554764712211	0.008853713667103072	3993	3782	0.21540880503144655	0.25687893081761004	7775	15101526	4261
ENSG00000126545	1.0000128297417068	0.0882118876860897	3.944794521097436	0.10598973219222112	0.009349554352018936	4111	3666	0.19221698113207553	0.2796776729559748	7777	15070926	4262
ENSG00000142621	1.0002348837845114	0.1272997638071747	1.6931196298489042	0.04549116441359138	0.005791014485163533	3315	4466	0.34866352201257866	0.1224449685534591	7781	14804790	4263
ENSG00000196787	1.000226135094087	0.08466513541390588	2.588124951179469	0.06953839268140216	0.005887477432836276	3331	4451	0.34551886792452835	0.12539308176100628	7782	14826281	4264
ENSG00000149212	1.000002816785605	0.10597958460537014	3.7684053653089884	0.10125046395311688	0.01073048211085233	4417	3365	0.13207547169811318	0.33883647798742134	7782	14863205	4265
ENSG00000116661	1.000002861445739	0.08937146115350397	4.45210300364264	0.11962022420295573	0.010690634220527894	4412	3370	0.13305817610062898	0.33785377358490565	7782	14868440	4266
ENSG00000156096	1.000000592056081	0.09591945358685984	4.518490329065026	0.12140393557368613	0.01164499916352231	4656	3137	0.08510220125786161	0.3836477987421384	7793	14605872	4267
ENSG00000282870	1.0011616555426772	0.06036603776176471	1.2497244257610967	0.03357791045695489	0.002026965410605693	2789	5005	0.45204402515723274	0.01650943396226412	7794	13958945	4268
ENSG00000196074	1.0000003369139507	0.08037706005269839	5.568991381910405	0.1496290622978413	0.012026744125942537	4737	3058	0.0691823899371069	0.3991745283018868	7795	14485746	4269
ENSG00000282995	1.0011619088580956	0.05285974189235637	1.4147267629551987	0.038011234787730976	0.002009264059889217	2788	5009	0.4522405660377359	0.01572327044025157	7797	13965092	4270
ENSG00000087237	1.00004115088344	0.12124521121104812	2.4691711875617983	0.06634231301700783	0.00804368775397658	3823	3978	0.24882075471698117	0.21835691823899372	7801	15207894	4271
ENSG00000109113	1.000000742293998	0.07049406273387472	6.070955362934097	0.16311595689635672	0.011498706498347775	4627	3177	0.09080188679245282	0.37578616352201255	7804	14699979	4272
ENSG00000116035	1.0000169075097154	0.1088351594789827	3.0690874487438884	0.08246101413575686	0.008974657624263745	4050	3754	0.20420597484276726	0.2623820754716981	7804	15203700	4273
ENSG00000286472	1.0004497835801107	0.13569594972249732	1.2388861263671649	0.033286704300578875	0.004516870953198986	3123	4684	0.38639937106918243	0.07959905660377353	7807	14628132	4274
ENSG00000258484	1.0000000693619333	0.07758478645887881	6.08098109439015	0.16338533077283499	0.012676215998523683	4900	2908	0.03714622641509435	0.42865566037735847	7808	14249200	4275
ENSG00000142619	1.000019113630192	0.08309418879432391	3.9279121804406847	0.10553613321376555	0.008769439377887553	4013	3797	0.21147798742138368	0.25393081761006286	7810	15237361	4276
ENSG00000223749	1.0000138781537942	0.12121861553746359	2.8023119127944227	0.07529322188206708	0.00912694011589923	4090	3721	0.19634433962264153	0.2688679245283019	7811	15218890	4277
ENSG00000159167	1.000000103513489	0.07928702042155712	5.868345116959334	0.15767217380564938	0.012501356864439827	4867	2948	0.04363207547169812	0.42079402515723274	7815	14347916	4278
ENSG00000175556	1.0000189092951257	0.1458935309096206	2.2347297310659036	0.060043280949339736	0.00875992626509753	4018	3799	0.21049528301886788	0.2535377358490566	7817	15264382	4279
ENSG00000267640	1.000001411693924	0.06435922064703693	6.414909143399484	0.1723573936513151	0.011092787528153191	4539	3279	0.1080974842767296	0.35573899371069184	7818	14883381	4280
ENSG00000164398	1.0000095619178169	0.09635025192790214	3.6761159603884366	0.09877080899025521	0.009516592329333792	4183	3635	0.17806603773584906	0.2857704402515723	7818	15205205	4281
ENSG00000267530	1.0000652705251447	0.1204770526257941	2.2749490922383906	0.061123904869499764	0.007364027903656755	3691	4127	0.27476415094339623	0.1890723270440252	7818	15232757	4282
ENSG00000180539	1.0010735777473712	0.10084336489541457	0.7432544710051346	0.01996994822193919	0.002013836775487549	2811	5008	0.4477201257861635	0.015919811320754707	7819	14077488	4283
ENSG00000171208	1.000039266447257	0.12404364530903775	2.4073695725589546	0.06468181166816295	0.008023367704511584	3836	3986	0.24626572327044027	0.2167845911949685	7822	15290296	4284
ENSG00000178826	1.0000057638505044	0.08868857585689412	4.16521988058643	0.11191217623732008	0.009925331531533665	4275	3555	0.15998427672955973	0.30149371069182385	7830	15197625	4285
ENSG00000110492	1.0000024403448349	0.09160708028710145	4.309804361264692	0.11579690845956447	0.01060781669025346	4443	3388	0.1269654088050315	0.33431603773584906	7831	15052884	4286
ENSG00000230795	1.0000073739325912	0.11127333096396597	3.2702996560288007	0.087867234371025435	0.00977727985105548	4238	3595	0.16725628930817615	0.2936320754716981	7833	15235610	4287
ENSG00000066468	1.0000010244595385	0.061659554637981305	6.772779588402907	0.18197274685223966	0.011220358527159212	4587	3254	0.09866352201257866	0.3606525157232704	7841	14926098	4288
ENSG00000150625	1.0000000511219158	0.11143751272218931	4.216705584220002	0.11329550708273312	0.012625369511898962	4926	2917	0.03203616352201255	0.42688679245283023	7843	14369142	4289
ENSG00000234380	1.0000462972024478	0.11870468278176577	2.395904126030591	0.06437375516471106	0.0076414661862980815	3789	4059	0.2555031446540881	0.20243710691823902	7848	15379551	4290
ENSG00000129675	1.0000051247021529	0.10282717570399598	3.5909603111901043	0.09648282557187553	0.00992105645749724	4292	3557	0.15664308176100628	0.30110062893081757	7849	15266644	4291
ENSG00000143590	1.0000373725515863	0.11497546395915323	2.5774637476480433	0.06925194478123924	0.007962274481296642	3855	3996	0.24253144654088055	0.21481918238993714	7851	15404580	4292
ENSG00000102038	1.0000001446077695	0.07553344983440745	6.001240087202251	0.16124282931898684	0.012179227159523616	4832	3023	0.05051100628930816	0.40605345911949686	7855	14607136	4293
ENSG00000284707	1.0002561301542392	0.12862864847236216	1.4993137749244734	0.04028393991790071	0.005181668746781409	3286	4570	0.35436320754716977	0.10200471698113212	7856	15017020	4294
ENSG00000102383	1.0000000874440709	0.09004018926829414	5.114662562804762	0.13742204122065252	0.012373506601142873	4878	2980	0.04147012578616349	0.4145047169811321	7858	14536440	4295
ENSG00000108799	1.0011224893634065	0.1491113423765841	0.3341731463447787	0.008978648215385758	0.0013388182881232916	2801	5059	0.449685534591195	0.005896226415094352	7860	14170259	4296
ENSG00000129521	1.0000026025201185	0.08907702382884476	4.367223238189617	0.11733965329849158	0.010452267092938117	4434	3429	0.12873427672955973	0.3262578616352201	7863	15204186	4297
ENSG00000211891	1.0000023488570706	0.0947410636584151	4.125092546971087	0.11083402493673093	0.010500533412049193	4449	3416	0.12578616352201255	0.328812893081761	7865	15197784	4298
ENSG00000179841	1.000081156247241	0.12919769582835558	1.9680123177292064	0.05287705034864067	0.00683159306724432	3631	4241	0.28655660377358494	0.16666666666666663	7872	15399071	4299
ENSG00000184517	1.0011569339513098	0.1075825270335799	0.29780664616883784	0.008001543934338435	8.608263166263419e-4	2790	5083	0.4518474842767296	0.001179245283018826	7873	14181570	4300
ENSG00000180785	1.000495721201279	0.07343328067543647	1.9285040971259568	0.05181553353230604	0.00380498461722532	3080	4793	0.39485062893081757	0.05817610062893086	7873	14762440	4301
ENSG00000255153	1.0006741092767084	0.11247854702395951	0.9765720091997412	0.026238782569771083	0.002951300139125446	2975	4899	0.4154874213836478	0.03734276729559749	7874	14574525	4302
ENSG00000250770	1.0005971544299013	0.0823595617927084	1.4696196091510114	0.03948610959716576	0.0032520586833214293	3016	4858	0.4074292452830188	0.04540094339622647	7874	14651728	4303
ENSG00000231424	1.0001372749877013	0.16183162648317964	1.4050504598452165	0.03775124944001444	0.006109346098649762	3478	4397	0.316627358490566	0.13600628930817615	7875	15292766	4304
ENSG00000176153	1.0000017445510636	0.10250959512289756	3.865877944102189	0.10386938173631802	0.01064760826745565	4498	3378	0.11615566037735847	0.33628144654088055	7876	15194244	4305
ENSG00000227388	1.000197873504491	0.12396597902824613	1.665286441966443	0.04474333531528459	0.0055466513673483545	3370	4507	0.33785377358490565	0.11438679245283023	7877	15188590	4306
ENSG00000161243	1.0000034712907562	0.09583157891959607	3.932582830552217	0.10566162541667683	0.010125720394891064	4370	3508	0.14131289308176098	0.31073113207547165	7878	15329960	4307
ENSG00000204581	1.000572348337688	0.10464003867035734	1.2022452230377159	0.03230222728652924	0.003380106312401092	3033	4847	0.4040880503144654	0.04756289308176098	7880	14700951	4308
ENSG00000204389	1.0000041583661783	0.09775941005826598	3.796204467915362	0.10199737723964565	0.009971203426438164	4337	3544	0.14779874213836475	0.30365566037735847	7881	15370328	4309
ENSG00000242779	1.0000150942686423	0.06741518846144456	4.81549626015392	0.12938396569369745	0.008722444431129692	4074	3809	0.19948899371069184	0.2515723270440252	7883	15517866	4310
ENSG00000099365	1.00007577616191	0.14587455030112756	1.7525402552095992	0.04708769273337881	0.006868896002199306	3658	4231	0.28125	0.16863207547169812	7889	15476998	4311
ENSG00000188549	1.0000166699979316	0.11867155445466565	2.70397560837096	0.0726510973012116	0.008621618649571944	4052	3838	0.20381289308176098	0.245872641509434	7890	15551576	4312
ENSG00000204179	1.000000028485424	0.08182057721135895	5.715864930912574	0.15357529778402582	0.012565619510095327	4959	2934	0.025550314465408785	0.4235455974842768	7893	14549706	4313
ENSG00000124920	1.0000305728315495	0.1255623720886576	2.363226822881565	0.06349577315804224	0.007972679895327097	3899	3994	0.23388364779874216	0.2152122641509434	7893	15572606	4314
ENSG00000171291	1.0000183298554728	0.08019258473230753	3.942278669418867	0.10592213565602113	0.008494169838622447	4023	3873	0.2095125786163522	0.23899371069182385	7896	15581079	4315
ENSG00000212402	1.0004812222179449	0.04851865134781278	2.82850792996565	0.0759970630655893	0.0036872750063370674	3090	4810	0.3928852201257862	0.05483490566037741	7900	14862900	4316
ENSG00000164715	1.000992467404383	0.10606594827572005	0.45537343780026396	0.01223508815523142	0.0012977262274216509	2839	5063	0.4422169811320755	0.0051100628930818015	7902	14373857	4317
ENSG00000259527	1.0000000453283917	0.0757616851727782	6.08908444482993	0.1636030536322586	0.012394843042592325	4934	2971	0.03046383647798745	0.41627358490566035	7905	14658914	4318
ENSG00000158125	1.000003556992187	0.08385536043474659	4.43111005124087	0.11905618027339544	0.009983498908809741	4363	3542	0.14268867924528306	0.30404874213836475	7905	15453746	4319
ENSG00000177191	1.0001636645298455	0.12285626854017838	1.723574180177827	0.046309424937969475	0.005689403146120411	3423	4483	0.327437106918239	0.11910377358490565	7906	15345309	4320
ENSG00000015520	1.0000040727003576	0.10911248410278147	3.3628770118702707	0.09035462607171448	0.00985881770086271	4340	3570	0.14720911949685533	0.2985455974842768	7910	15493800	4321
ENSG00000163864	1.0000022522030467	0.10680949198716647	3.5866139266678965	0.09636604581844364	0.010292808398679973	4459	3452	0.12382075471698117	0.3217374213836478	7911	15392468	4322
ENSG00000104490	1.0000042657726647	0.09252141008919047	3.94825315572047	0.10608265965789407	0.009814917257560039	4331	3580	0.14897798742138368	0.2965801886792453	7911	15504980	4323
ENSG00000272293	1.0003876388512516	0.11980151694963262	1.272680226598319	0.03419469269237492	0.004096576056173033	3168	4751	0.3775550314465409	0.06643081761006286	7919	15051168	4324
ENSG00000171401	1.0000067974890223	0.07542707564106615	4.622741407405118	0.12420497978902405	0.00936841840554381	4256	3664	0.16371855345911945	0.2800707547169812	7920	15593984	4325
ENSG00000176771	1.000002343138276	0.0947575470597153	4.021281217624515	0.10804479600804631	0.010238059842289789	4452	3470	0.12519654088050314	0.3181996855345912	7922	15448440	4326
ENSG00000108947	1.0000146525735032	0.11927169312808009	2.6777485197217565	0.07194642128139767	0.008581171480738432	4080	3846	0.1983097484276729	0.24430031446540879	7926	15691680	4327
ENSG00000131196	1.0000024865073036	0.10321938898925417	3.679248338238959	0.09885497050683767	0.010203749654266526	4441	3486	0.12735849056603776	0.3150550314465409	7927	15481326	4328
ENSG00000145794	1.0000017162424009	0.09893867042218081	3.9230708433969634	0.10540605495139423	0.010428734931338272	4501	3433	0.11556603773584906	0.32547169811320753	7934	15451933	4329
ENSG00000166415	1.0000000051408988	0.07149764896243695	6.591507146687827	0.1771022732576185	0.012662396163822792	5025	2911	0.012578616352201255	0.42806603773584906	7936	14627775	4330
ENSG00000280254	1.0004766022302014	0.13086392137920208	0.9775631291641131	0.02626541223046249	0.003437194841119576	3095	4841	0.3919025157232704	0.04874213836477992	7936	14982895	4331
ENSG00000151623	1.0000191327574819	0.11888391020595095	2.5922929688015963	0.06965038002806345	0.008280309525066655	4012	3924	0.21167452830188682	0.2289701257861635	7936	15743088	4332
ENSG00000067248	1.000942532552787	0.14963922843413974	0.24111155935972192	0.006478246070438237	9.693997435868755e-4	2863	5077	0.4375	0.002358490566037763	7940	14535451	4333
ENSG00000287712	1.000605348863989	0.11656306956092029	0.8643941148484131	0.02322475866647362	0.002707149159975751	3012	4928	0.4082154088050315	0.031643081761006275	7940	14843136	4334
ENSG00000186510	1.0000591152770848	0.11241677959907806	2.294081700664217	0.061637964608821205	0.006929141482365627	3721	4222	0.2688679245283019	0.17040094339622647	7943	15710062	4335
ENSG00000255085	1.000002105486447	0.09537175616229537	3.9923779708949834	0.10726821629927696	0.010230358168859002	4470	3474	0.12165880503144655	0.31741352201257866	7944	15528780	4336
ENSG00000173227	1.0000016766650421	0.06277201833226016	6.129801891324691	0.1646970602342375	0.010338366884292913	4507	3449	0.11438679245283023	0.3223270440251572	7956	15544643	4337
ENSG00000177283	1.0000006244710848	0.11196324427787996	3.6491758802651506	0.09804697613603859	0.010977657539826756	4650	3307	0.08628144654088055	0.35023584905660377	7957	15377550	4338
ENSG00000111674	1.000002430914163	0.11729995746266017	3.196016748631088	0.08587138251627463	0.010072709516418834	4444	3517	0.12676886792452835	0.3089622641509434	7961	15629548	4339
ENSG00000153790	1.0000092137801102	0.12773426256589832	2.599414229502786	0.06984171585317511	0.008921180070842333	4191	3770	0.17649371069182385	0.2592374213836478	7961	15800070	4340
ENSG00000162241	1.0004456959472536	0.12868937156990753	1.0002806729255678	0.026875792914795773	0.0034586289006480414	3129	4836	0.3852201257861635	0.04972484276729561	7965	15131844	4341
ENSG00000143632	1.0000026625068257	0.08451324749483448	4.407167237278233	0.11841287872086691	0.010007456925912444	4431	3534	0.12932389937106914	0.30562106918238996	7965	15659154	4342
ENSG00000117226	1.00000309829281	0.07515522310416954	4.876093885957564	0.1310121179576653	0.009846244954458112	4392	3575	0.13698899371069184	0.297562893081761	7967	15701400	4343
ENSG00000079841	1.0000003435108424	0.08339033631017669	5.035161507961048	0.1352859868667897	0.011281543942875739	4731	3237	0.07036163522012584	0.36399371069182385	7968	15314247	4344
ENSG00000186765	1.0003747174981958	0.12860282996663108	1.103824095380961	0.029657823653689633	0.0038140800525157774	3178	4791	0.3755896226415094	0.058569182389937136	7969	15225798	4345
ENSG00000119411	1.0000018974232427	0.07958025691685269	4.772635344612412	0.128232367825808	0.010204764776634154	4485	3484	0.11871069182389937	0.3154481132075472	7969	15625740	4346
ENSG00000265148	1.0003850126065277	0.08788178248286013	1.5888178547453515	0.04268875806485122	0.0037515641507186964	3171	4801	0.3769654088050315	0.05660377358490565	7972	15223971	4347
ENSG00000133519	1.0000073920849322	0.10262169344291133	3.2822315746531325	0.08818782416417402	0.009049983856773235	4237	3735	0.1674528301886793	0.26611635220125784	7972	15825195	4348
ENSG00000272143	1.0000011310092531	0.10850301749647022	3.612197175035598	0.09705342297550414	0.01053058925120345	4569	3408	0.10220125786163525	0.3303852201257862	7977	15571152	4349
ENSG00000202538	1.0001438876103088	0.046213343316446914	4.443899696070557	0.11939981567013977	0.005517864673484647	3462	4515	0.3197720125786163	0.11281446540880502	7977	15630930	4350
ENSG00000155761	1.000002345090683	0.10392636997518472	3.5945041323590736	0.09657804185110816	0.01003700530889714	4451	3526	0.12539308176100628	0.30719339622641506	7977	15694226	4351
ENSG00000287595	1.0002876223313701	0.12274580359665928	1.2952550160316192	0.03480123781748466	0.004271705902065603	3261	4718	0.35927672955974843	0.07291666666666663	7979	15385398	4352
ENSG00000177103	1.0000027399329643	0.09996839225242833	3.688312668946245	0.09909851322599042	0.009906719041808267	4421	3560	0.13128930817610063	0.30051100628930816	7981	15738760	4353
ENSG00000147570	1.0000249481109293	0.10870755468894716	2.6782266070512275	0.07195926665211194	0.007822515914960991	3951	4032	0.22366352201257866	0.20774371069182385	7983	15930432	4354
ENSG00000198734	1.0000147177314693	0.1320948018240509	2.353677044033767	0.06323918729605127	0.008353567913385929	4079	3905	0.19850628930817615	0.23270440251572322	7984	15928495	4355
ENSG00000156218	1.00000119597102	0.08465096230474725	4.596289494922758	0.12349426314586733	0.010453908214413353	4559	3428	0.10416666666666663	0.3264544025157232	7987	15628252	4356
ENSG00000282933	1.0000007259942776	0.06545327508025753	6.132601470626546	0.16477228003564098	0.010784885370774036	4631	3357	0.09001572327044027	0.34040880503144655	7988	15546267	4357
ENSG00000246898	1.0000084406429273	0.14291024131250107	2.3135878812245316	0.06216206157828913	0.008883595220635851	4213	3775	0.1721698113207547	0.2582547169811321	7988	15904075	4358
ENSG00000170629	1.000142772246055	0.07748773731874091	2.6336177325179153	0.0707607041820275	0.005483086858146078	3468	4521	0.3185927672955975	0.1116352201257862	7989	15678828	4359
ENSG00000103485	1.000000882137682	0.08482338676757796	4.662010083287096	0.1252600604574884	0.010624982554715735	4605	3385	0.09512578616352196	0.33490566037735847	7990	15587925	4360
ENSG00000077522	1.0000000016221644	0.09864737401266878	4.729970919546786	0.12708604931348588	0.01253670503841991	5053	2939	0.007075471698113178	0.422562893081761	7992	14850767	4361
ENSG00000241316	1.0002157843511017	0.11731720507372248	1.5088677979576828	0.04054063981373368	0.004756114554847713	3351	4645	0.3415880503144654	0.08726415094339623	7996	15565395	4362
ENSG00000260135	1.000092652760845	0.10261891965135327	2.214113659073082	0.05948936313747692	0.006104734175914921	3603	4398	0.2920597484276729	0.1358097484276729	8001	15845994	4363
ENSG00000164308	1.000000028580403	0.0820490176602309	5.48618761704669	0.1474042698997898	0.012094375544201296	4958	3045	0.025746855345911923	0.4017295597484277	8003	15097110	4364
ENSG00000101298	1.000000509749585	0.08720138811116832	4.653001743389671	0.1250180221135092	0.01090174506721074	4677	3330	0.08097484276729561	0.3457154088050315	8007	15574410	4365
ENSG00000170745	1.000005214435564	0.09376404443373405	3.621701016112171	0.09730877456989419	0.009124064262563769	4288	3722	0.15742924528301883	0.26867138364779874	8010	15959936	4366
ENSG00000232386	1.0003846708075308	0.0930377898770008	1.380194955701718	0.03708342549796051	0.003450159949398664	3172	4839	0.37676886792452835	0.049135220125786194	8011	15349308	4367
ENSG00000214870	1.0000017405252448	0.1124784875041552	3.337262669240254	0.08966641346618692	0.01008554256659892	4499	3512	0.11595911949685533	0.3099449685534591	8011	15800488	4368
ENSG00000109814	1.0001810646353781	0.13987866208687413	1.3020254008120251	0.03498314622003281	0.004893395688847678	3392	4621	0.3335298742138365	0.09198113207547165	8013	15674432	4369
ENSG00000170271	1.0000068723942683	0.13161666629945745	2.5279993397145817	0.06792292261750538	0.008939788640232076	4251	3763	0.16470125786163525	0.26061320754716977	8014	15996513	4370
ENSG00000138028	1.0000003817252816	0.08231151019664876	4.966308160594629	0.13343601779771017	0.010983320139556425	4711	3304	0.0742924528301887	0.3508254716981132	8015	15565144	4371
ENSG00000228340	1.000000075643811	0.11408423613978669	3.816536102978091	0.10254365272847114	0.011698614292511183	4892	3124	0.038718553459119454	0.3862028301886793	8016	15282608	4372
ENSG00000237945	1.0000000027631817	0.0823223245327423	5.59493141829926	0.15032602572526624	0.012375187875472735	5043	2978	0.009040880503144666	0.4148977987421384	8021	15018054	4373
ENSG00000251364	1.000007393975622	0.11563523058516552	2.8420499229366296	0.07636091274157794	0.008830011752566069	4236	3785	0.16764937106918243	0.2562893081761006	8021	16033260	4374
ENSG00000253846	1.0000190829396285	0.09707451431836034	3.0438374809359714	0.08178259164467137	0.007939005363603268	4014	4007	0.21128144654088055	0.2126572327044025	8021	16084098	4375
ENSG00000146151	1.0000035650469843	0.07745055841624524	4.517830330973732	0.12138620257883191	0.009401429173757999	4362	3661	0.1428852201257862	0.2806603773584906	8023	15969282	4376
ENSG00000231439	1.00001289366182	0.14428340143623972	2.145500420601273	0.05764584537461893	0.008317338649317545	4109	3914	0.1926100628930818	0.23093553459119498	8023	16082626	4377
ENSG00000198691	1.0000000437458056	0.08569227471896543	5.161846191343809	0.13868978282949038	0.011884642970938344	4936	3089	0.030070754716981174	0.39308176100628933	8025	15247304	4378
ENSG00000129991	1.00017746504235	0.06382983645366515	2.8257616735612614	0.0759232759572176	0.004846170287375686	3399	4631	0.33215408805031443	0.09001572327044027	8030	15740769	4379
ENSG00000188803	1.0000014187964879	0.09367051765095066	4.046239058616543	0.10871536956230717	0.010183424943515719	4538	3492	0.10829402515723274	0.31387578616352196	8030	15846696	4380
ENSG00000165511	1.0000765733851844	0.13813042144644797	1.6861922271625422	0.04530503721442083	0.006258003884074958	3654	4378	0.28203616352201255	0.13974056603773588	8032	15997212	4381
ENSG00000227392	1.0000616764561208	0.10267914533526	2.357037349774268	0.06332947283655657	0.006502616145390192	3708	4327	0.2714229559748428	0.14976415094339623	8035	16044516	4382
ENSG00000228623	1.0001234568212587	0.12078005359382886	1.6826363604430095	0.0452094972923035	0.005460405505914478	3514	4522	0.3095518867924528	0.11143867924528306	8036	15890308	4383
ENSG00000187068	1.0000010309175305	0.09262795688704756	4.132527558310438	0.11103379069296727	0.010284833177313634	4586	3455	0.0988600628930818	0.3211477987421384	8041	15844630	4384
ENSG00000171533	1.0000010570425997	0.10438786793064067	3.6578318600767097	0.09827954718053324	0.010259192391364672	4577	3464	0.10062893081761004	0.31937893081761004	8041	15854728	4385
ENSG00000166747	1.0006877731229664	0.11018846996677772	0.31599468142539017	0.008490224643976096	9.355248631939562e-4	2966	5078	0.41725628930817615	0.0021619496855346254	8044	15061348	4386
ENSG00000279908	1.0001262962164619	0.1331081379429316	1.514106671811513	0.04068139919518857	0.005415025295784626	3509	4535	0.3105345911949685	0.10888364779874216	8044	15913315	4387
ENSG00000247287	1.000036479135553	0.1358151237340693	1.947830370544652	0.052334796711406	0.007107856890956968	3861	4185	0.2413522012578616	0.17767295597484278	8046	16158285	4388
ENSG00000008394	1.000000213347805	0.08489115513162666	4.918497328550895	0.1321514243272262	0.011218487063427983	4795	3255	0.057783018867924474	0.36045597484276726	8050	15607725	4389
ENSG00000111249	1.0000002943576836	0.09399542972540377	4.360539566018395	0.11716007471215462	0.011012511569229385	4754	3296	0.06584119496855345	0.3523977987421384	8050	15669184	4390
ENSG00000162981	1.0000025067809135	0.10501027421526116	3.422186345390648	0.09194816417432143	0.009655501933535345	4440	3610	0.1275550314465409	0.29068396226415094	8050	16028400	4391
ENSG00000166510	1.0000001816497595	0.10481280099907003	3.996127591828419	0.10736896205838602	0.011253641653702314	4812	3240	0.05444182389937102	0.36340408805031443	8052	15590880	4392
ENSG00000249917	1.0001350691368691	0.07492626190529103	2.5863799976371817	0.06949150883038134	0.005206738990818997	3488	4565	0.3146619496855346	0.1029874213836478	8053	15922720	4393
ENSG00000108830	1.0000024024648577	0.09137334977120322	3.9446619631072446	0.10598617059077263	0.00968431143630108	4447	3607	0.12617924528301883	0.29127358490566035	8054	16040329	4394
ENSG00000204936	1.0000019851650417	0.08393094583564788	4.350594244205787	0.11689286130221749	0.009810928410530316	4479	3582	0.1198899371069182	0.296187106918239	8061	16043778	4395
ENSG00000227953	1.0001320935524478	0.11611339282751486	1.6743323332417466	0.0449863825991372	0.005223521514622497	3500	4562	0.31230345911949686	0.10357704402515722	8062	15967000	4396
ENSG00000260257	1.0002899870022028	0.09329936484137494	1.479772314404107	0.039758895037585305	0.003709479653801603	3258	4806	0.35986635220125784	0.05562106918238996	8064	15657948	4397
ENSG00000197165	1.0002005416227604	0.13761351317391296	1.202479482730525	0.03230852143492442	0.004446089140114622	3369	4697	0.3380503144654088	0.07704402515723274	8066	15824193	4398
ENSG00000113407	1.0005283503260176	0.14610035499866925	0.5314236001357612	0.014278423060511065	0.002086082677961852	3068	5000	0.39720911949685533	0.01749213836477992	8068	15340000	4399
ENSG00000278484	1.0000020352214642	0.10462542352891738	3.4679842520858744	0.09317867385984009	0.009748858216448632	4475	3598	0.12067610062893086	0.2930424528301887	8073	16101050	4400
ENSG00000232022	1.000048575893672	0.12796601022294093	1.921854177655857	0.05163686182203921	0.006607763187799658	3776	4300	0.258058176100629	0.15507075471698117	8076	16236800	4401
ENSG00000130649	1.0000463126923242	0.10166166515189028	2.435132893765523	0.06542776357103473	0.006651495391795578	3788	4288	0.2556996855345912	0.15742924528301883	8076	16242944	4402
ENSG00000258376	1.0000022552899852	0.12843515132562963	2.7719194894253754	0.07447663060048575	0.009565417321396406	4457	3624	0.12421383647798745	0.2879323899371069	8081	16152168	4403
ENSG00000133477	1.0000001549096476	0.07899516691782486	5.273731561343131	0.14169594711486275	0.011193294993917868	4824	3258	0.05208333333333337	0.35986635220125784	8082	15716592	4404
ENSG00000006047	1.0000005058118207	0.08409879417009535	4.652469978638658	0.12500373452432104	0.010512663340254117	4679	3411	0.08058176100628933	0.3297955974842768	8090	15960069	4405
ENSG00000186973	1.0000731311196727	0.10120250638237815	2.2131313807863893	0.05946297103720706	0.006017801705908115	3668	4422	0.2792845911949685	0.1310927672955975	8090	16219896	4406
ENSG00000198431	1.000153288024711	0.1355616036070734	1.3027872539263365	0.035003615881284825	0.004745146300912993	3444	4647	0.3233097484276729	0.08687106918238996	8091	16004268	4407
ENSG00000115290	1.0000000525402115	0.09991913849810001	4.291717628652622	0.11531094957487907	0.011521770740919769	4923	3171	0.032625786163521964	0.3769654088050315	8094	15610833	4408
ENSG00000137877	1.00014437102632	0.0986438245130005	1.8096400144654712	0.048621863438444206	0.004796246564516965	3461	4636	0.31996855345911945	0.08903301886792447	8097	16045196	4409
ENSG00000197935	1.0000084242059442	0.1144098795361574	2.7517048812564426	0.07393349941970126	0.008458722762294583	4215	3884	0.17177672955974843	0.23683176100628933	8099	16371060	4410
ENSG00000204421	1.0000390038721212	0.08012170277844313	3.126061972913019	0.08399181999298702	0.006729567637298603	3838	4266	0.245872641509434	0.16175314465408808	8104	16372908	4411
ENSG00000155980	1.0000088676361154	0.08103895391182742	3.8292322590857206	0.10288477624669788	0.008337674640484826	4199	3907	0.17492138364779874	0.23231132075471694	8106	16405493	4412
ENSG00000163053	1.0000020869234751	0.0942532795859522	3.755123958563995	0.10089361577344383	0.009509554175932038	4472	3636	0.12126572327044027	0.28557389937106914	8108	16260192	4413
ENSG00000204624	1.0000121759153198	0.08409403472029282	3.5557045491122503	0.09553556488164701	0.008033971110180012	4125	3983	0.1894654088050315	0.21737421383647804	8108	16429875	4414
ENSG00000169918	1.0000382597534128	0.11610451608494805	2.157350496623087	0.05796423620012132	0.006729909594248714	3846	4265	0.24430031446540879	0.16194968553459121	8111	16403190	4415
ENSG00000170775	1.0000038720514794	0.10426924814988381	3.192349903832043	0.08577286080718112	0.00894347170802941	4352	3762	0.14485062893081757	0.2608097484276729	8114	16372224	4416
ENSG00000183690	1.000006873917757	0.08482230335966169	3.7337926638154797	0.10032048117654231	0.008509414287543902	4250	3865	0.1648977987421384	0.24056603773584906	8115	16426250	4417
ENSG00000007933	1.0000000286309143	0.11297689831024162	3.804502558252193	0.10222033241964396	0.01154853610101321	4956	3162	0.0261399371069182	0.3787342767295597	8118	15670872	4418
ENSG00000144802	1.000063069396048	0.08680774252009292	2.586918999625936	0.06950599087149491	0.006033658159176659	3701	4417	0.27279874213836475	0.13207547169811318	8118	16347317	4419
ENSG00000166920	1.000000234505506	0.07657503132773309	5.289398953538036	0.14211690255221376	0.01088260626513616	4785	3334	0.05974842767295596	0.3449292452830188	8119	15953190	4420
ENSG00000138435	1.0000031081459795	0.08594050079540998	3.9372797542524367	0.10578782354498266	0.009091458533512273	4391	3728	0.13718553459119498	0.2674921383647799	8119	16369648	4421
ENSG00000233030	1.000185438585533	0.08142441170796344	1.9280895010844321	0.05180439406149859	0.004218142310345037	3386	4734	0.33470911949685533	0.06977201257861632	8120	16029324	4422
ENSG00000241935	1.0000309780438779	0.1332192418549211	1.9233880355935726	0.051678073903218574	0.006884513825909362	3895	4228	0.2346698113207547	0.16922169811320753	8123	16468060	4423
ENSG00000102349	1.0000029863866944	0.11241040867388968	3.0169680067118727	0.08106065584752731	0.00911206145119407	4399	3726	0.13561320754716977	0.2678852201257862	8125	16390674	4424
ENSG00000188760	1.0003699878114014	0.07967781450182843	1.2216171440058183	0.03282271693547726	0.0026152423514309796	3185	4941	0.37421383647798745	0.029088050314465375	8126	15737085	4425
ENSG00000099954	1.000000088455717	0.06750430828932764	6.187193241727107	0.16623906548362874	0.0112218531261366	4877	3251	0.04166666666666663	0.3612421383647799	8128	15855127	4426
ENSG00000158428	1.0001365483444449	0.13278193856316167	1.3346618906384098	0.03586003164407521	0.004761564518636628	3484	4644	0.3154481132075472	0.08746069182389937	8128	16179696	4427
ENSG00000126803	1.0000164207649764	0.10784617954342977	2.617610292449843	0.07033061225282201	0.007584887836417185	4059	4074	0.20243710691823902	0.19948899371069184	8133	16536366	4428
ENSG00000141314	1.0000003491894334	0.10175644030975092	3.8481054279565257	0.10339186529874785	0.010520788169785843	4728	3409	0.07095125786163525	0.33018867924528306	8137	16117752	4429
ENSG00000197415	1.0000142679349004	0.12498353517823155	2.287171925745675	0.061452311036953776	0.007680527078270739	4084	4053	0.19752358490566035	0.20361635220125784	8137	16552452	4430
ENSG00000248431	1.0000002886543644	0.10820292019870842	3.660242175957305	0.09834430815434737	0.01064114132722204	4756	3382	0.06544811320754718	0.3354952830188679	8138	16084792	4431
ENSG00000162878	1.0000018741772496	0.10491886991498674	3.344056432812482	0.08984895001599874	0.009426850298726717	4487	3652	0.1183176100628931	0.2824292452830188	8139	16386524	4432
ENSG00000166833	1.0000029519151512	0.10347763332619969	3.250444225490491	0.08733375366523413	0.009037090138771745	4403	3737	0.13482704402515722	0.26572327044025157	8140	16454011	4433
ENSG00000272668	1.000044128854169	0.1034530566083051	2.306759493973723	0.06197859475076559	0.006411875071254154	3801	4339	0.2531446540880503	0.14740566037735847	8140	16492539	4434
ENSG00000134769	1.0000001641204042	0.05840874440811972	6.959472365446886	0.18698885538090607	0.010921784261110203	4819	3322	0.05306603773584906	0.3472877358490566	8141	16008718	4435
ENSG00000262772	1.0000056846845968	0.11700687824678367	2.7057974596854857	0.07270004726093393	0.008506405578395515	4277	3866	0.15959119496855345	0.24036949685534592	8143	16534882	4436
ENSG00000165078	1.0000000396312867	0.07741777853488763	5.486388754424813	0.1474096741094963	0.011412129504108942	4944	3200	0.02849842767295596	0.3712657232704403	8144	15820800	4437
ENSG00000129990	1.0000925809562435	0.05566570925287103	3.6065898481587646	0.09690276390547874	0.005394161081361985	3604	4542	0.29186320754716977	0.10750786163522008	8146	16369368	4438
ENSG00000125775	1.0000192112458424	0.11575609411451616	2.352479937962148	0.0632070231487787	0.007316598120308429	4011	4136	0.21187106918238996	0.18730345911949686	8147	16589496	4439
ENSG00000225684	1.0000618447497038	0.1135152119588653	1.9400902042447625	0.0521268319748751	0.005917188380372104	3706	4442	0.27181603773584906	0.12716194968553463	8148	16462052	4440
ENSG00000029534	1.000002941381311	0.08490497752720452	3.945689083647585	0.10601376752400136	0.00900109654919962	4406	3744	0.1342374213836478	0.2643474842767296	8150	16496064	4441
ENSG00000159374	1.000000080843075	0.10163842972164416	4.076644925617819	0.1095323220507833	0.011132693217007033	4884	3271	0.040290880503144666	0.35731132075471694	8155	15975564	4442
ENSG00000185156	1.000000085622679	0.07196466995447781	5.736888538886008	0.1541401653752023	0.011092646127955063	4880	3280	0.04107704402515722	0.3555424528301887	8160	16006400	4443
ENSG00000151640	1.0000008414299792	0.09876578433108918	3.7463224709318546	0.100657135188198	0.009941480905382851	4609	3551	0.09433962264150941	0.3022798742138365	8160	16366559	4444
ENSG00000153060	1.0000632621307173	0.12184934017080132	1.7786962144789933	0.04779045763111105	0.005823235728811518	3700	4460	0.2729952830188679	0.12362421383647804	8160	16502000	4445
ENSG00000205488	1.0000021789849116	0.10063914395931606	3.4112263292295104	0.09165368770120509	0.009223948670963775	4464	3697	0.12283805031446537	0.2735849056603774	8161	16503408	4446
ENSG00000198576	1.0000022563304958	0.09388802402418042	3.6377881682657	0.09774100822347717	0.00917671012823344	4456	3708	0.12441037735849059	0.2714229559748428	8164	16522848	4447
ENSG00000189376	1.0001484642535057	0.13003092351140966	1.2311914665940817	0.0330799622448653	0.004301418040422399	3455	4711	0.3211477987421384	0.0742924528301887	8166	16276505	4448
ENSG00000009950	1.0000173281770421	0.10317833763251032	2.657330658264407	0.07139782904009627	0.007366709310927303	4041	4125	0.2059748427672956	0.1894654088050315	8166	16669125	4449
ENSG00000196345	1.0000048179217926	0.11429654273085242	2.7744548040532355	0.07454475007210659	0.008520207211977245	4305	3863	0.15408805031446537	0.24095911949685533	8168	16630215	4450
ENSG00000225511	1.0000923343909556	0.14830859350038597	1.3036029011301606	0.03502553089567513	0.005194587223741893	3606	4568	0.2914701257861635	0.10239779874213839	8174	16472208	4451
ENSG00000138669	1.0000426616770035	0.09321455169484236	2.5138758717888683	0.06754344972606176	0.00629603238613797	3811	4366	0.2511792452830188	0.14209905660377353	8177	16638826	4452
ENSG00000163701	1.0000050819140578	0.1023527432090613	3.076974343340958	0.08267292120511142	0.008461800274449729	4295	3883	0.15605345911949686	0.23702830188679247	8178	16677485	4453
ENSG00000119042	1.0000042427047435	0.09666931327775401	3.3039166019771122	0.08877046293695608	0.008581379691463858	4334	3845	0.14838836477987416	0.24449685534591192	8179	16664230	4454
ENSG00000064270	1.0000115726602594	0.08907178047512988	3.2403225289951836	0.0870618013759245	0.007754749659925707	4138	4042	0.1869103773584906	0.20577830188679247	8180	16725796	4455
ENSG00000233930	1.0001170574081555	0.056491747327552966	3.1164488713729086	0.08373353276095916	0.004730253575575483	3533	4650	0.3058176100628931	0.08628144654088055	8183	16428450	4456
ENSG00000101276	1.0000010178097987	0.07597627781716662	4.7903171067708366	0.12870744586240407	0.009778712663979944	4589	3594	0.09827044025157228	0.29382861635220126	8183	16492866	4457
ENSG00000272416	1.0003172623699133	0.14268499231486015	0.6184058509550441	0.01661548407104188	0.002370780216984292	3226	4959	0.36615566037735847	0.025550314465408785	8185	15997734	4458
ENSG00000251396	1.0001064726856241	0.11251019881509922	1.618018369368418	0.043473324842213515	0.004891192421150835	3564	4622	0.2997248427672956	0.09178459119496851	8186	16472808	4459
ENSG00000167971	1.0000158825533798	0.1255203655489155	2.1868524815225125	0.058756902956756125	0.007375187937654183	4066	4121	0.20106132075471694	0.19025157232704404	8187	16755986	4460
ENSG00000116141	1.0000039834261485	0.11575340572233338	2.7709905440013967	0.07445167146099645	0.00861803453333059	4349	3839	0.1454402515723271	0.24567610062893086	8188	16695811	4461
ENSG00000073150	1.0000073611477258	0.11035886213864435	2.7514056481244635	0.07392545954858709	0.008158329598858453	4239	3952	0.1670597484276729	0.22346698113207553	8191	16752528	4462
ENSG00000007038	1.000000000032499	0.06185304579845263	7.041918276755569	0.18920403287956064	0.011702845710951402	5075	3123	0.0027515723270440384	0.38639937106918243	8198	15849225	4463
ENSG00000251661	1.0001931512705777	0.0993955390722684	1.327737425233698	0.03567398336452742	0.0035458348073723386	3375	4826	0.33687106918238996	0.051690251572327095	8201	16287750	4464
ENSG00000070081	1.00013441227891	0.15070757806066837	1.0607365806855198	0.028500137462691852	0.004295186691398411	3489	4713	0.3144654088050315	0.07389937106918243	8202	16443657	4465
ENSG00000186715	1.0002342442264038	0.09324938196983622	1.2076208021864638	0.03244665970025998	0.0030256309640348342	3316	4890	0.3484669811320755	0.03911163522012584	8206	16215240	4466
ENSG00000091622	1.0000747992258388	0.12989706064323367	1.5345490143559726	0.04123064920050092	0.0053557401395573625	3660	4547	0.2808569182389937	0.10652515723270439	8207	16642020	4467
ENSG00000253304	1.0000002678283944	0.10319941602553223	3.7466741698234927	0.10066658472254957	0.01038873275665188	4768	3441	0.06308962264150941	0.32389937106918243	8209	16406688	4468
ENSG00000272108	1.0001502130418083	0.08427664584781	1.7999440997551888	0.048361351161314105	0.0040757324645436434	3454	4755	0.32134433962264153	0.06564465408805031	8209	16423770	4469
ENSG00000268658	1.0002419093772053	0.04748422884942168	2.2776260840696905	0.06119583095988616	0.002905836841929759	3306	4905	0.3504323899371069	0.036163522012578664	8211	16215930	4470
ENSG00000203867	1.0000000133491607	0.09024670929820308	4.6698414380862046	0.12547047526957064	0.01132329750716032	4988	3224	0.01985062893081757	0.36654874213836475	8212	16081312	4471
ENSG00000154269	1.0000010983477996	0.09667058879395003	3.65833336969186	0.0982930218671151	0.009502044298230622	4575	3639	0.10102201257861632	0.2849842767295597	8214	16648425	4472
ENSG00000142405	1.0000353531321584	0.12405940974292731	1.9156112187467305	0.05146912443056634	0.006385229196841339	3870	4346	0.23958333333333337	0.1460298742138365	8216	16819020	4473
ENSG00000143643	1.0003507861312462	0.1343204742136641	0.49434110987366187	0.013282081377596962	0.001784055469183301	3198	5027	0.37165880503144655	0.01218553459119498	8225	16076346	4474
ENSG00000088899	1.000084482126649	0.12171796868134434	1.5160518502985183	0.040733662740425496	0.004958018685715554	3619	4609	0.2889150943396226	0.09433962264150941	8228	16679971	4475
ENSG00000254910	1.0002287443854037	0.10222369021016238	1.054748086260699	0.02833923708703812	0.0028969413927777293	3324	4906	0.3468946540880503	0.035966981132075526	8230	16307544	4476
ENSG00000198074	1.0000088997065737	0.06593081360701285	4.405240353322113	0.11836110671769098	0.00780364406532384	4197	4035	0.17531446540880502	0.20715408805031443	8232	16934895	4477
ENSG00000152503	1.0000185981175955	0.08795885026417596	2.9521585973484945	0.07931934032266963	0.006976837978494912	4022	4215	0.20970911949685533	0.17177672955974843	8237	16952730	4478
ENSG00000145861	1.0000087075161768	0.13791893368240424	2.1013296752757062	0.056459054670375805	0.0077867726168547955	4203	4038	0.1741352201257862	0.20656446540880502	8241	16971714	4479
ENSG00000262884	1.0000992077179403	0.1290037245777888	1.3264931704245566	0.035640552413106645	0.004597764007300656	3579	4669	0.29677672955974843	0.08254716981132071	8248	16710351	4480
ENSG00000183784	1.0000213707062844	0.08942619909726965	2.798138406621143	0.07518108706763181	0.006723158860459206	3981	4268	0.2177672955974843	0.1613600628930818	8249	16990908	4481
ENSG00000178222	1.0000000000749265	0.061227907073613745	6.975289996758155	0.18741384748065434	0.011474957637853923	5069	3182	0.0039308176100628645	0.37480345911949686	8251	16129558	4482
ENSG00000183117	1.0000000187248412	0.10312537079393028	4.015359972982512	0.1078857025164857	0.011125753075376246	4978	3273	0.02181603773584906	0.35691823899371067	8251	16292994	4483
ENSG00000162174	1.0000003089175578	0.09846625382036497	3.8380636053579873	0.10312205908140276	0.010154042843988078	4751	3500	0.06643081761006286	0.31230345911949686	8251	16628500	4484
ENSG00000053918	1.0000011169810936	0.09389535430040162	3.68184521788086	0.09892474412275314	0.009288573898482479	4570	3685	0.10200471698113212	0.27594339622641506	8255	16840450	4485
ENSG00000184058	1.0000000530298139	0.0649494930389022	6.235144403201176	0.1675274293605712	0.010880821607079599	4922	3335	0.03282232704402521	0.3447327044025157	8257	16414870	4486
ENSG00000084710	1.0000003404476274	0.09223055181638187	4.054912884994434	0.10894842011283844	0.010048372906530087	4733	3525	0.06996855345911945	0.3073899371069182	8258	16683825	4487
ENSG00000133063	1.0000118611442756	0.07880141057848197	3.4804343185879105	0.09351318538059708	0.007368970915678129	4134	4124	0.18769654088050314	0.18966194968553463	8258	17048616	4488
ENSG00000223658	1.0000630614824293	0.11847537794368755	1.6536782891313273	0.04443144454286028	0.005264032184799365	3702	4557	0.2726022012578616	0.1045597484276729	8259	16870014	4489
ENSG00000144410	1.0001616372928739	0.12452838685174357	1.0419127034868767	0.02799437279169743	0.003486094084676422	3427	4833	0.32665094339622647	0.05031446540880502	8260	16562691	4490
ENSG00000260805	1.0000828807243591	0.10984726094012646	1.6226386151580514	0.043597462769116045	0.004789061869126539	3623	4637	0.28812893081761004	0.08883647798742134	8260	16799851	4491
ENSG00000183423	1.0001793115575839	0.1016575689665814	1.1486463102008735	0.030862118204297326	0.0031373679098081427	3396	4873	0.33274371069182385	0.04245283018867929	8269	16548708	4492
ENSG00000163075	1.0000205070094597	0.0758175130552834	3.2691231549180597	0.0878356238430285	0.0066594785574377756	3988	4286	0.21639150943396224	0.1578223270440252	8274	17092568	4493
ENSG00000187595	1.0000128463192057	0.08892291216261572	3.0110439882743854	0.0809014878289314	0.007193995896036992	4110	4164	0.19241352201257866	0.18180031446540879	8274	17114040	4494
ENSG00000186998	1.0000005295328287	0.08626882534862809	4.186963174224114	0.11249638052408578	0.009704930603785163	4670	3606	0.08235062893081757	0.2914701257861635	8276	16840020	4495
ENSG00000257698	1.0000138205257427	0.10475863533809145	2.522353686124646	0.0677712337757046	0.007099621965521584	4093	4186	0.19575471698113212	0.17747641509433965	8279	17133298	4496
ENSG00000204314	1.0001017999533157	0.12384726900104337	1.3139003818913453	0.035302206200889474	0.00437208182769186	3574	4706	0.2977594339622641	0.07527515723270439	8280	16819244	4497
ENSG00000116574	1.0000005142762065	0.08981090371228215	4.007859183804779	0.10768416942472989	0.009671212571541493	4675	3609	0.08136792452830188	0.2908805031446541	8284	16872075	4498
ENSG00000189419	1.0000424743764729	0.1264040668565115	1.6911364190452143	0.04543787900649612	0.005743532695755216	3813	4474	0.25078616352201255	0.120872641509434	8287	17059362	4499
ENSG00000186094	1.0000030641838509	0.11332353354197125	2.7628405497992854	0.07423269536522516	0.008412311343132027	4394	3896	0.13659591194968557	0.23447327044025157	8290	17119024	4500
ENSG00000184702	1.00023375820284	0.08559604422289789	0.9825183790006536	0.026398551130425867	0.0022596115499803637	3317	4975	0.3482704402515723	0.02240566037735847	8292	16502075	4501
ENSG00000258405	1.0000142005349018	0.08097909998545474	3.223719551717584	0.08661570840306244	0.0070140621110825864	4086	4207	0.19713050314465408	0.17334905660377353	8293	17189802	4502
ENSG00000111879	1.0000134622315227	0.10399299512000264	2.527609633322262	0.0679124518880581	0.007062419277782239	4097	4196	0.19496855345911945	0.17551100628930816	8293	17191012	4503
ENSG00000165259	1.000001645463343	0.10045148381190802	3.2740440475906	0.087967839626061	0.008836500018165787	4510	3784	0.11379716981132071	0.25648584905660377	8294	17065840	4504
ENSG00000226608	1.000092098141132	0.1175367848579213	1.4181560923094978	0.03810337487206671	0.00447854817469883	3607	4689	0.29127358490566035	0.07861635220125784	8296	16913223	4505
ENSG00000258955	1.000096409779719	0.14364884975708647	1.120371133478096	0.03010241363856973	0.004324177094092574	3591	4707	0.29441823899371067	0.07507861635220126	8298	16902837	4506
ENSG00000186446	1.0000051046388336	0.08278010777792945	3.572981632517647	0.0959997699076394	0.007946871299610818	4294	4004	0.15625	0.21324685534591192	8298	17193176	4507
ENSG00000171357	1.00004915955696	0.14517507309851505	1.3959437803197725	0.03750656888215521	0.005445018879141372	3775	4524	0.2582547169811321	0.11104559748427678	8299	17078100	4508
ENSG00000203995	1.0000020478595364	0.10077187109272487	3.202601789541782	0.08604831105307587	0.008671249309187253	4474	3825	0.120872641509434	0.2484276729559748	8299	17113050	4509
ENSG00000235652	1.0001092953715698	0.12044830164252836	1.263729756127531	0.03395420919871774	0.004089726831600666	3554	4752	0.3016902515723271	0.06623427672955973	8306	16888608	4510
ENSG00000280132	1.0000984958073222	0.11807559579227954	1.3389876280248152	0.03597625664506498	0.004247917937742003	3581	4725	0.29638364779874216	0.07154088050314467	8306	16920225	4511
ENSG00000227695	1.0000787243337785	0.13163068674159928	1.3185329695390615	0.03542667573194171	0.004663237655567437	3644	4663	0.28400157232704404	0.08372641509433965	8307	16991972	4512
ENSG00000267251	1.000005140807644	0.10754088340241592	2.7374825295467176	0.0735513696938574	0.007909779272335106	4291	4016	0.1568396226415094	0.21088836477987416	8307	17232656	4513
ENSG00000132677	1.0000075428883906	0.10129782013335928	2.7641372766858336	0.07426753614963018	0.007523139518632996	4232	4080	0.16843553459119498	0.1983097484276729	8312	17266560	4514
ENSG00000152213	1.0000000325755516	0.06986455683590895	5.723033145671005	0.15376789518256687	0.010742925852520532	4951	3363	0.027122641509433998	0.3392295597484277	8314	16650213	4515
ENSG00000206053	1.0002722160076778	0.1313758768603221	0.42795725192255574	0.011498463171757742	0.0015106206817357937	3270	5046	0.3575078616352201	0.008451257861635253	8316	16500420	4516
ENSG00000165238	1.000004068916938	0.09035137752238698	3.3171760638164502	0.08912672149537991	0.008052722061161713	4342	3976	0.14681603773584906	0.21875	8318	17263792	4517
ENSG00000188732	1.0000074937615047	0.09277730634317158	3.0113438571933933	0.0809095447825315	0.007506569622375485	4235	4083	0.16784591194968557	0.1977201257861635	8318	17291505	4518
ENSG00000265660	1.0001563863404117	0.10728417582220916	1.0368425608997698	0.02785814692439057	0.0029887383327172534	3437	4892	0.324685534591195	0.038718553459119454	8329	16813804	4519
ENSG00000183287	1.0000000111670646	0.10377113160125395	3.902308703741248	0.10484821255679605	0.01088021766338753	4995	3336	0.018474842767295607	0.34453616352201255	8331	16663320	4520
ENSG00000215182	1.0000116399199712	0.0630135805171479	4.1561924696065145	0.1116696254866959	0.007036702936925663	4137	4200	0.18710691823899372	0.1747248427672956	8337	17375400	4521
ENSG00000256576	1.0000545905880576	0.11186917987338613	1.6920074726693808	0.04546128269453531	0.005085716411029826	3749	4590	0.2633647798742138	0.09807389937106914	8339	17207910	4522
ENSG00000254343	1.000007868556191	0.11538347659227244	2.387108607099313	0.06413743494802245	0.007400400224013544	4225	4115	0.16981132075471694	0.19143081761006286	8340	17385875	4523
ENSG00000198520	1.0001145714163588	0.11321178701895332	1.2307323600927031	0.03306762685581815	0.0037436451288231053	3539	4803	0.30463836477987416	0.05621069182389937	8342	16997817	4524
ENSG00000248663	1.0000004328284606	0.08637221184068729	4.082481768027374	0.10968914780191641	0.009474094310571583	4698	3647	0.0768474842767296	0.2834119496855346	8345	17133606	4525
ENSG00000272106	1.0002326912914534	0.09267797315621094	0.6977546907412746	0.018747448672424043	0.001737475544810358	3318	5029	0.34807389937106914	0.011792452830188704	8347	16686222	4526
ENSG00000260025	1.000029783754255	0.11795767298182044	1.8668323519287657	0.050158521558090786	0.005916582483200864	3905	4443	0.23270440251572322	0.1269654088050315	8348	17349915	4527
ENSG00000103342	1.0002795004924276	0.12659079151529884	0.23792373601800867	0.006392594830441508	8.092436394221981e-4	3265	5085	0.3584905660377359	7.861635220125507e-4	8350	16602525	4528
ENSG00000125531	1.000066627742651	0.10048954972590188	1.7231227420897255	0.04629729558578057	0.0046523943869420745	3686	4664	0.2757468553459119	0.08352987421383651	8350	17191504	4529
ENSG00000123892	1.0000000525105355	0.06231630799378307	6.245531902862333	0.16780652331624993	0.010457082990341371	4924	3427	0.032429245283018826	0.32665094339622647	8351	16874548	4530
ENSG00000171388	1.000013201489585	0.0895275914805517	2.834398320293336	0.07615532755566606	0.006818003054471273	4105	4246	0.19339622641509435	0.16568396226415094	8351	17429830	4531
ENSG00000277215	1.000136891340478	0.08756751375014392	1.3359533407696214	0.03589473065128957	0.003143212319864512	3480	4872	0.3162342767295597	0.04264937106918243	8352	16954560	4532
ENSG00000141433	1.000000022959577	0.10411205803821974	3.796636480446137	0.10200898466107043	0.010620365331453233	4971	3386	0.023191823899371022	0.33470911949685533	8357	16831806	4533
ENSG00000164743	1.0000002533118681	0.08676289595945899	4.2040469016034825	0.1129553904116985	0.009800336786350268	4774	3588	0.06191037735849059	0.2950078616352201	8362	17129112	4534
ENSG00000133640	1.000010057500559	0.0778074922289276	3.3908760782617833	0.09110691203555804	0.007088800350208273	4171	4191	0.18042452830188682	0.17649371069182385	8362	17480661	4535
ENSG00000253414	1.00001707062505	0.10779477103583372	2.251124817425583	0.06048378825668799	0.00651983610650953	4045	4319	0.20518867924528306	0.15133647798742134	8364	17470355	4536
ENSG00000154319	1.000000036210252	0.0690294175868743	5.658338415994969	0.15202966090041634	0.010494518947885735	4947	3418	0.02790880503144655	0.3284198113207547	8365	16908846	4537
ENSG00000157423	1.000015550239517	0.08046575308195256	3.058269975751928	0.08217036754839152	0.006611900505802159	4068	4297	0.20066823899371067	0.1556603773584906	8365	17480196	4538
ENSG00000284237	1.0000231391872874	0.12206481883557065	1.8484315739988744	0.04966412482475342	0.006062242399360694	3963	4405	0.2213050314465409	0.13443396226415094	8368	17457015	4539
ENSG00000182541	1.0001326938317006	0.14232915175963143	0.8126488052152249	0.021834452661713858	0.00310767912647756	3498	4877	0.31269654088050314	0.04166666666666663	8375	17059746	4540
ENSG00000185332	1.0000085986620912	0.1101177608056877	2.420546279844695	0.06503584675640942	0.0071616018169176525	4206	4170	0.17354559748427678	0.18062106918238996	8376	17539020	4541
ENSG00000151224	1.000000004923782	0.07103226914795417	5.662486309669117	0.15214110755177765	0.010806928100085713	5027	3351	0.01218553459119498	0.3415880503144654	8378	16845477	4542
ENSG00000163596	1.0000520195053415	0.11215382225745614	1.6212237556254747	0.0435594479670407	0.0048853585849283915	3759	4624	0.26139937106918243	0.09139150943396224	8383	17381616	4543
ENSG00000158014	1.0000000606608064	0.07601481766560672	5.005878933264201	0.1344992152787086	0.01022393332557822	4910	3477	0.035180817610062864	0.31682389937106914	8387	17072070	4544
ENSG00000054179	1.0000059363988563	0.07528397793809259	3.6539646171611473	0.09817564112440014	0.007391052800467436	4272	4118	0.16057389937106914	0.19084119496855345	8390	17592096	4545
ENSG00000152766	1.0000003400998507	0.08510344650672878	4.116369635606722	0.11059965555842721	0.00941241187047924	4734	3657	0.06977201257861632	0.28144654088050314	8391	17312238	4546
ENSG00000116005	1.0002115772301705	0.12081363482454457	0.4907830134875654	0.01318648154823714	0.001593106766389317	3355	5040	0.3408018867924528	0.009630503144654079	8395	16909200	4547
ENSG00000173110	1.0000014799912191	0.0735536596463867	4.299260151444594	0.11551360397588763	0.00849644831136994	4532	3870	0.10947327044025157	0.23958333333333337	8402	17538840	4548
ENSG00000180616	1.0000006446393135	0.09704314139402345	3.4376663678139137	0.09236408531348257	0.008963300990805934	4645	3758	0.08726415094339623	0.26159591194968557	8403	17455910	4549
ENSG00000287566	1.0000027143532904	0.08764841116912166	3.413999192728574	0.09172818969569417	0.00803983008624739	4423	3980	0.13089622641509435	0.21796383647798745	8403	17603540	4550
ENSG00000283196	1.0000567971956882	0.08792963657269598	1.9406174777782608	0.052140998892900525	0.004584739083190087	3737	4672	0.26572327044025157	0.0819575471698113	8409	17459264	4551
ENSG00000236008	1.000003048338219	0.1103406200710671	2.668603961134297	0.07170072297936514	0.007911502233086959	4395	4015	0.13639937106918243	0.2110849056603774	8410	17645925	4552
ENSG00000176092	1.000016513151759	0.10060442682299611	2.3453657152993235	0.06301587642345349	0.006339676128330293	4055	4356	0.20322327044025157	0.14406446540880502	8411	17663580	4553
ENSG00000263325	1.0001899078221066	0.10923260591338271	0.5718743688622822	0.015365264497083708	0.0016783878815648352	3379	5034	0.3360849056603774	0.010809748427672905	8413	17009886	4554
ENSG00000287315	1.0000345445490175	0.07185755168636805	2.7956167541366326	0.07511333467391759	0.005397460328666495	3874	4539	0.2387971698113207	0.1080974842767296	8413	17584086	4555
ENSG00000132563	1.000006230165514	0.08459847305290133	3.195123993195487	0.08584739573850295	0.007262558595045498	4264	4150	0.16214622641509435	0.18455188679245282	8414	17695600	4556
ENSG00000186564	1.0000202942328735	0.11840390579938656	1.8886581355661154	0.05074494220693221	0.006008399356864916	3992	4424	0.2156053459119497	0.13069968553459121	8416	17660608	4557
ENSG00000170485	1.0000027554069004	0.10803741421255679	2.7389084253854303	0.0735896810221841	0.007950438850363634	4420	4002	0.13148584905660377	0.2136399371069182	8422	17688840	4558
ENSG00000137691	1.0000085372424172	0.07971126367722675	3.2593762547565905	0.08757374167596164	0.00698061361393392	4208	4214	0.1731525157232704	0.17197327044025157	8422	17732512	4559
ENSG00000204173	1.0000960709980788	0.12681933578716434	1.0338024702780324	0.027776465004302024	0.0035225928423609975	3594	4829	0.29382861635220126	0.05110062893081757	8423	17355426	4560
ENSG00000174844	1.0000457267718947	0.07818967565417138	2.3006831532507284	0.061815334098659504	0.0048333209236284275	3791	4633	0.2551100628930818	0.089622641509434	8424	17563703	4561
ENSG00000256139	1.0000252969619718	0.1280675855099882	1.650760156723842	0.04435303942677205	0.005680186669416008	3945	4487	0.2248427672955975	0.1183176100628931	8432	17701215	4562
ENSG00000169906	1.0000006530388459	0.08231226305456292	3.967494967904339	0.1065996535112758	0.008774458721345395	4644	3795	0.08746069182389937	0.25432389937106914	8439	17623980	4563
ENSG00000242715	1.0000197481414903	0.0782958054660707	2.8224376269990237	0.07583396463744116	0.005937481342973978	4000	4440	0.21403301886792447	0.1275550314465409	8440	17760000	4564
ENSG00000267750	1.0000102668182098	0.10129594747641386	2.466846640078893	0.06627985649009278	0.006713880861764688	4169	4271	0.1808176100628931	0.16077044025157228	8440	17805799	4565
ENSG00000128408	1.0000258928445422	0.08630945143526017	2.393883949215107	0.06431947654550568	0.005551378737245679	3936	4505	0.22661163522012584	0.11477987421383651	8441	17731680	4566
ENSG00000131650	1.0000078503089136	0.10795595820273023	2.4033670113450554	0.06457426984592728	0.006971177176458748	4227	4216	0.16941823899371067	0.1715801886792453	8443	17821032	4567
ENSG00000180938	1.0000022419620644	0.07023386234146888	4.256171647926433	0.1143558912169521	0.008031655921667403	4460	3984	0.12362421383647804	0.2171776729559748	8444	17768640	4568
ENSG00000228065	1.0000004131622862	0.08266401631285002	4.054743981863009	0.10894388198098634	0.009005738837261463	4704	3741	0.07566823899371067	0.264937106918239	8445	17597664	4569
ENSG00000183840	1.0000218629167053	0.10591623281158426	2.016035107571363	0.0541673387546075	0.005737200462316958	3974	4475	0.21914308176100628	0.12067610062893086	8449	17783650	4570
ENSG00000124406	1.0000007077030713	0.08742862852878777	3.6967596547547372	0.09932546896700188	0.008683889529763645	4632	3823	0.08981918238993714	0.24882075471698117	8455	17708136	4571
ENSG00000174567	1.0000016134803815	0.08010773806289152	3.8128583860590397	0.10244483890452054	0.00820662432085845	4513	3942	0.1132075471698113	0.2254323899371069	8455	17790246	4572
ENSG00000143429	1.0000565578873308	0.07519504697394244	2.1192701632386064	0.05694108421701403	0.004281687502445583	3739	4717	0.2653301886792453	0.07311320754716977	8456	17636863	4573
ENSG00000124749	1.0000032943729984	0.08860393548977494	3.1594739716495677	0.0848895419856419	0.007521547501852356	4377	4081	0.13993710691823902	0.19811320754716977	8458	17862537	4574
ENSG00000255277	1.0000838751945662	0.07572008076851329	1.6901417801407363	0.04541115479803614	0.0034385363090987564	3620	4840	0.28871855345911945	0.04893867924528306	8460	17520800	4575
ENSG00000215374	1.000013450565706	0.12162271832442473	1.9272923147075387	0.051782975057253294	0.006297986189389029	4099	4365	0.19457547169811318	0.14229559748427678	8464	17892135	4576
ENSG00000205869	1.0001176292532739	0.06745858163796538	1.4566381520570586	0.0391373205402214	0.0026401481327537443	3530	4937	0.3064072327044025	0.029874213836478036	8467	17427610	4577
ENSG00000144115	1.0000000036987846	0.1032747702617475	3.7565874212288843	0.10093293645671272	0.010423825824410565	5033	3435	0.011006289308176154	0.32507861635220126	8468	17288355	4578
ENSG00000277013	1.0000000542527094	0.06894743372411863	5.366665510961993	0.14419291986692595	0.009941731786012025	4919	3550	0.033411949685534625	0.30247641509433965	8469	17462450	4579
ENSG00000171847	1.000001282020576	0.09643389494625271	3.199211873905844	0.08595722994644642	0.008289190482526501	4549	3922	0.10613207547169812	0.22936320754716977	8471	17841178	4580
ENSG00000142233	1.0000667917699382	0.1104313236281729	1.293503398201564	0.03475417490870253	0.0038379495367730555	3685	4788	0.27594339622641506	0.05915880503144655	8473	17643780	4581
ENSG00000143994	1.0000612462825795	0.12504845743818824	1.2051814091528288	0.03238111747417855	0.00404920879027079	3711	4762	0.27083333333333337	0.06426886792452835	8473	17671782	4582
ENSG00000148655	1.0000002513875492	0.09261955372349753	3.705071231720809	0.09954878650914951	0.00922016418019316	4776	3698	0.06151729559748431	0.27338836477987416	8474	17661648	4583
ENSG00000273162	1.0001436580280694	0.10580950512936034	0.6929368526212636	0.018618001785050204	0.0019699615553737094	3464	5012	0.31937893081761004	0.015133647798742156	8476	17361568	4584
ENSG00000278259	1.0001466677219586	0.11276612154456862	0.6151145793483351	0.016527053357020836	0.0018636917076313825	3458	5020	0.320558176100629	0.013561320754716943	8478	17359160	4585
ENSG00000188064	1.0000147804476334	0.08909025565972845	2.542043153388773	0.06830025533846822	0.006084887209728866	4077	4402	0.19889937106918243	0.13502358490566035	8479	17946954	4586
ENSG00000163082	1.0000004593304366	0.09795585962973566	3.351967347728086	0.09006150246931818	0.008822051893927624	4691	3789	0.07822327044025157	0.2555031446540881	8480	17774199	4587
ENSG00000172031	1.0000006175611347	0.08304716450910825	3.8798414493872073	0.10424455671126501	0.008657214850379489	4651	3829	0.08608490566037741	0.24764150943396224	8480	17808679	4588
ENSG00000187867	1.0000013347947587	0.08276369838166747	3.6771211191687825	0.09879781584938811	0.008176872631726284	4545	3948	0.10691823899371067	0.22425314465408808	8493	17943660	4589
ENSG00000272360	1.0000507221826407	0.130542942353846	1.207218639753668	0.032435854298781694	0.004234271857923607	3766	4729	0.26002358490566035	0.07075471698113212	8495	17809414	4590
ENSG00000116675	1.0000134893756534	0.10310602743712032	2.1957599409400106	0.05899623081860659	0.006082866993469934	4096	4403	0.1951650943396226	0.13482704402515722	8499	18034688	4591
ENSG00000284633	1.0000740814215405	0.13384892366258433	0.9551408098062735	0.025662963709720595	0.003434960070538064	3663	4842	0.2802672955974843	0.04854559748427678	8505	17736246	4592
ENSG00000120885	1.0000032216277865	0.07832283252843313	3.4957348200492926	0.09392428310536462	0.007356415896014614	4381	4129	0.13915094339622647	0.18867924528301883	8510	18089149	4593
ENSG00000260430	1.000106305902876	0.0915559241771676	1.0366621881421927	0.027853300623735842	0.0025501346799906136	3565	4947	0.29952830188679247	0.02790880503144655	8512	17636055	4594
ENSG00000106327	1.0000001907978515	0.08299771102496445	4.113468808627989	0.1105217154089549	0.0091730493974958	4804	3710	0.056014150943396235	0.2710298742138365	8514	17822840	4595
ENSG00000079101	1.0000035387635378	0.09452248543056106	2.8475902602280865	0.07650977191856055	0.00723189380146769	4365	4159	0.14229559748427678	0.18278301886792447	8524	18154035	4596
ENSG00000163435	1.000001554603209	0.07850759560667758	3.766527814948261	0.1012000174574004	0.007944970045934302	4521	4005	0.1116352201257862	0.21305031446540879	8526	18106605	4597
ENSG00000286830	1.000058164331446	0.09557973495362401	1.4629389694500357	0.03930661248800273	0.003756915603528109	3727	4800	0.26768867924528306	0.056800314465408785	8527	17889600	4598
ENSG00000145358	1.0000000663547326	0.10255983613783859	3.4709913140348805	0.09325946835723559	0.009564675793020025	4904	3625	0.0363600628930818	0.28773584905660377	8529	17777000	4599
ENSG00000158683	1.000001836387878	0.1127269010963333	2.5576271817236007	0.06871897093464199	0.0077464766399911915	4489	4043	0.11792452830188682	0.20558176100628933	8532	18149027	4600
ENSG00000274922	1.0000408486238592	0.11596360916500477	1.3861363772864388	0.03724306110869707	0.004318839782517336	3825	4708	0.2484276729559748	0.07488207547169812	8533	18008100	4601
ENSG00000146555	1.0000000031707859	0.06406632510271856	5.903703839327556	0.15862220085887707	0.010162341488733542	5037	3497	0.010220125786163492	0.3128930817610063	8534	17614389	4602
ENSG00000255422	1.0001201947039373	0.0886821891631313	0.83432771807854	0.022416927149627626	0.0019879821739394107	3524	5010	0.30758647798742134	0.015526729559748431	8534	17655240	4603
ENSG00000169213	1.000000120661318	0.07628127395751641	4.534034475271749	0.12182157960680272	0.009292705287923912	4853	3684	0.046383647798742156	0.2761399371069182	8537	17878452	4604
ENSG00000113161	1.0001093854893393	0.11907156268743725	0.6815885940977228	0.018313093918410912	0.002180568710506991	3553	4988	0.30188679245283023	0.01985062893081757	8541	17722364	4605
ENSG00000085465	1.0000257386536557	0.12607400730118026	1.470077720381016	0.0394984182450111	0.004979723870206601	3939	4605	0.22602201257861632	0.09512578616352196	8544	18139095	4606
ENSG00000166349	1.0000098123177654	0.12630336323803154	1.844940203009894	0.0495703177901597	0.006260897853675197	4178	4376	0.17904874213836475	0.14013364779874216	8554	18282928	4607
ENSG00000279631	1.0000113305914256	0.13240521649287496	1.7006692081341364	0.04569400838336888	0.0060501250724272	4142	4414	0.18612421383647804	0.1326650943396226	8556	18282788	4608
ENSG00000156886	1.0000406903904988	0.09753141773399872	1.6146496546980718	0.04338281336846439	0.004231187293115804	3826	4731	0.24823113207547165	0.07036163522012584	8557	18100806	4609
ENSG00000188921	1.00000160179417	0.08232790103155758	3.493488484931152	0.093863928007954	0.007727620175472083	4515	4044	0.11281446540880502	0.2053852201257862	8559	18258660	4610
ENSG00000180535	1.0000002550097806	0.09472169684318268	3.4652876682469373	0.09310622136646071	0.008819179274488149	4772	3790	0.06230345911949686	0.25530660377358494	8562	18085880	4611
ENSG00000170231	1.0000007414343568	0.09492376321277683	3.2206098669286827	0.08653215660937201	0.008213957944278951	4628	3938	0.09060534591194969	0.22621855345911945	8566	18225064	4612
ENSG00000232445	1.000022500905628	0.12321408980509006	1.5253774171462304	0.04098422441795862	0.005049833908026318	3970	4596	0.21992924528301883	0.09689465408805031	8566	18246120	4613
ENSG00000137720	1.0001070246922652	0.09289899184662036	0.8093054420762189	0.02174462233929037	0.0020200534934055746	3561	5007	0.300314465408805	0.016116352201257844	8568	17829927	4614
ENSG00000247317	1.0000068689949384	0.09669925246414933	2.513246140982681	0.06752652996024278	0.00652976496865346	4253	4315	0.16430817610062898	0.152122641509434	8568	18351695	4615
ENSG00000205181	1.0000000218346425	0.07589733030596542	4.782434644448868	0.12849565788053263	0.009752477389041114	4974	3597	0.02260220125786161	0.29323899371069184	8571	17891478	4616
ENSG00000204420	1.0000425011337384	0.1143055878485768	1.3205384835180751	0.035480560386365816	0.004055626312160472	3812	4760	0.2509827044025157	0.06466194968553463	8572	18145120	4617
ENSG00000174738	1.0001174874875367	0.10206859271291817	0.5612402295842058	0.015079543766092496	0.0015391478109579191	3532	5044	0.30601415094339623	0.008844339622641528	8576	17815408	4618
ENSG00000186529	1.0000123776665215	0.05748566689051353	3.735679210091608	0.10037116937677827	0.0057699036082047885	4119	4468	0.1906446540880503	0.12205188679245282	8587	18403692	4619
ENSG00000286381	1.0000000037531298	0.07002380134457904	5.275243355128021	0.1417365663708299	0.009924933166813735	5032	3556	0.011202830188679291	0.3012971698113207	8588	17893792	4620
ENSG00000014257	1.0000059275359698	0.08641804843259268	2.810400008138518	0.07551053486373976	0.0065254730590256415	4273	4317	0.160377358490566	0.15172955974842772	8590	18446541	4621
ENSG00000165807	1.0000187586574818	0.10955259859670174	1.7602929771828244	0.04729599481890145	0.005181399135626796	4020	4571	0.2101022012578616	0.10180817610062898	8591	18375420	4622
ENSG00000259943	1.0001210795025366	0.08524803090592863	0.4511470586874819	0.012121532737348222	0.0010333367974206867	3521	5072	0.30817610062893086	0.0033411949685534514	8593	17858512	4623
ENSG00000005249	1.0000000550038026	0.08624565856926014	4.013366707113881	0.1078321469473745	0.00930005452841355	4918	3680	0.03360849056603776	0.27692610062893086	8598	18098240	4624
ENSG00000145681	1.0000000738798702	0.06988796867087273	4.894169546750331	0.1314977793619226	0.009190112684335382	4893	3705	0.038522012578616316	0.2720125786163522	8598	18128565	4625
ENSG00000063180	1.000002546277279	0.08566314052852798	3.139240612124197	0.08434590698869246	0.007225335283378513	4438	4160	0.12794811320754718	0.18258647798742134	8598	18462080	4626
ENSG00000115641	1.000001143097113	0.09209892441040575	3.1497849410024115	0.08462921467125274	0.0077942596449197075	4567	4036	0.10259433962264153	0.2069575471698113	8603	18432412	4627
ENSG00000254024	1.0000043915175858	0.10333886200357738	2.399675580695296	0.06447508755800793	0.00666278217582555	4319	4284	0.15133647798742134	0.1582154088050315	8603	18502596	4628
ENSG00000244968	1.0000201782310525	0.12265379497709995	1.5018057378532097	0.040350894605156826	0.004949190354043474	3994	4610	0.2152122641509434	0.09414308176100628	8604	18412340	4629
ENSG00000204950	1.0000000129673037	0.06049176025311097	5.916482656006175	0.1589655453221328	0.009616105656131503	4989	3616	0.019654088050314433	0.2895047169811321	8605	18040224	4630
ENSG00000225972	1.0000015806467213	0.07032982609286015	3.9623750776289084	0.10646209101055637	0.007487460346254679	4518	4087	0.11222484276729561	0.19693396226415094	8605	18465066	4631
ENSG00000220785	1.000025236082596	0.09462680084760647	1.8374729730677246	0.04936968637639265	0.004671695480647697	3946	4661	0.22464622641509435	0.08411949685534592	8607	18392306	4632
ENSG00000234690	1.0000099225610408	0.11011985307134825	2.0194442400624357	0.05425893618453804	0.00597498608044899	4174	4433	0.1798349056603774	0.12893081761006286	8607	18503342	4633
ENSG00000170965	1.0000023139601535	0.1016650455053787	2.658317080005259	0.07142433246773548	0.007261358010523625	4455	4153	0.12460691823899372	0.1839622641509434	8608	18501615	4634
ENSG00000234432	1.0000132427834616	0.10703894761223681	1.929586666746379	0.05184462028537628	0.005549393594702702	4103	4506	0.19378930817610063	0.11458333333333337	8609	18488118	4635
ENSG00000065320	1.0000001520470616	0.06836326062600233	4.8054751530164435	0.12911471606457478	0.008826702984974816	4828	3786	0.05129716981132071	0.2560927672955975	8614	18278808	4636
ENSG00000167393	1.0000876177818945	0.11340827532033765	0.6695403965330177	0.017989379913422178	0.002040144550063534	3613	5004	0.29009433962264153	0.016705974842767257	8617	18079452	4637
ENSG00000283897	1.00002887701885	0.1389681593262861	1.1749415011621058	0.031568624014173825	0.00438703357171333	3912	4705	0.23132861635220126	0.07547169811320753	8617	18405960	4638
ENSG00000132517	1.000000432380306	0.09069861782290999	3.388974701870905	0.0910558253760659	0.00825863750633343	4699	3928	0.07665094339622647	0.22818396226415094	8627	18457672	4639
ENSG00000227825	1.0000048418858332	0.10433469181316785	2.2977070985135297	0.06173537271083611	0.0064411410857561375	4304	4334	0.1542845911949685	0.14838836477987416	8638	18653536	4640
ENSG00000187653	1.0000479604768668	0.09126640926548198	1.3204495394362037	0.035478170614384734	0.0032379652392830333	3779	4860	0.25746855345911945	0.04500786163522008	8639	18365940	4641
ENSG00000283000	1.0000130316601679	0.08951652874595084	2.2591175941648673	0.06069854019409265	0.005433522618121747	4108	4531	0.19280660377358494	0.1096698113207547	8639	18613348	4642
ENSG00000261504	1.0000404982599036	0.12219925924121564	1.100174548487883	0.029559766709087946	0.0036121815951936933	3829	4817	0.24764150943396224	0.053459119496855334	8646	18444293	4643
ENSG00000275393	1.00004372999884	0.12591153049939194	1.0015942521208363	0.02691108649127363	0.0033884160875177743	3804	4846	0.2525550314465409	0.04775943396226412	8650	18434184	4644
ENSG00000103226	1.0000362441456567	0.08866490628524085	1.6093026206654601	0.0432391479120995	0.0038337949974799695	3863	4789	0.24095911949685533	0.05896226415094341	8652	18499907	4645
ENSG00000152128	1.0000000080712883	0.0953857236962852	3.6938960362720263	0.09924852854476696	0.009466892721034017	5006	3649	0.016312893081760982	0.28301886792452835	8655	18266894	4646
ENSG00000089356	1.0000071477892938	0.07841398889210233	2.87211360392914	0.07716867129023414	0.006051103333370715	4243	4412	0.16627358490566035	0.13305817610062898	8655	18720116	4647
ENSG00000139044	1.0000000252092796	0.06549072144603195	5.272392078934469	0.14165995756432698	0.009277412820902045	4967	3690	0.023977987421383684	0.2749606918238994	8657	18328230	4648
ENSG00000130433	1.0000005360647877	0.06428014698656585	4.62829487377169	0.12435419172130174	0.007993505722240866	4668	3990	0.08274371069182385	0.21599842767295596	8658	18625320	4649
ENSG00000005961	1.0000212750186819	0.10048005948007221	1.693944572642829	0.04551332918423643	0.004573182023568183	3983	4676	0.21737421383647804	0.08117138364779874	8659	18624508	4650
ENSG00000232140	1.0000138311698912	0.09924709939544121	1.9494034402155815	0.052377062343303894	0.0051982715124271025	4092	4567	0.19595125786163525	0.10259433962264153	8659	18688164	4651
ENSG00000009709	1.000000021907548	0.06355867513928586	5.433409513901047	0.1459862145389585	0.009278690384695752	4972	3689	0.022995283018867885	0.2751572327044025	8661	18341708	4652
ENSG00000223855	1.0000431471517484	0.10441935027634798	1.1644761220169941	0.03128743757291608	0.0032670139031756944	3807	4856	0.2519654088050315	0.04579402515723274	8663	18486792	4653
ENSG00000157927	1.000000438879144	0.08262430846462546	3.645513514759634	0.09794857477773114	0.00809293325610569	4695	3969	0.07743710691823902	0.22012578616352196	8664	18634455	4654
ENSG00000136689	1.0000001831984322	0.07038833594730572	4.515245778892735	0.12131676018292595	0.008539284871794513	4810	3855	0.05483490566037741	0.24253144654088055	8665	18542550	4655
ENSG00000079257	1.0000000896680568	0.08139769204699202	4.020768710688541	0.10803102584268028	0.008793476173063124	4875	3793	0.042059748427672905	0.2547169811320755	8668	18490875	4656
ENSG00000100373	1.0000000098593527	0.08886222186511064	3.9089672150954526	0.1050271151159678	0.009332942805287646	4999	3670	0.017688679245283057	0.27889150943396224	8669	18346330	4657
ENSG00000043355	1.0000017591844867	0.05196954143294785	5.110927799107952	0.13732169464951705	0.007136545499730689	4497	4174	0.11635220125786161	0.1798349056603774	8671	18770478	4658
ENSG00000230076	1.0000015916821359	0.08042117931024972	3.349817979935878	0.09000375271442972	0.007238207935642528	4517	4158	0.11242138364779874	0.18297955974842772	8675	18781686	4659
ENSG00000148175	1.0000008223319141	0.10034288991337693	2.8278349102228666	0.07597898020172499	0.0076239504461123354	4613	4064	0.09355345911949686	0.20145440251572322	8677	18747232	4660
ENSG00000198780	1.0000098190206552	0.09613358123590789	2.1596352949137105	0.058025624735732306	0.005578211109296828	4177	4500	0.17924528301886788	0.1157625786163522	8677	18796500	4661
ENSG00000261469	1.0000473919564172	0.12858048213379747	0.8597257731202397	0.0230993284857875	0.0029701227936695185	3782	4896	0.25687893081761004	0.0379323899371069	8678	18516672	4662
ENSG00000288007	1.0000706254681224	0.08745103464506095	0.8412778236643959	0.022603664336016637	0.0019767138329543194	3672	5011	0.27849842767295596	0.015330188679245293	8683	18400392	4663
ENSG00000267571	1.0000687290914196	0.09770891286278408	0.7784498855013396	0.020915587478153023	0.0020436393143767914	3680	5003	0.27692610062893086	0.016902515723270395	8683	18411040	4664
ENSG00000130720	1.000000065803706	0.07473527875958187	4.418094619405506	0.1187064783745466	0.008871561751890017	4905	3779	0.036163522012578664	0.25746855345911945	8684	18535995	4665
ENSG00000161905	1.000000172763569	0.06878986775681224	4.595520887025396	0.12347361199540395	0.008493733440619784	4816	3874	0.05365566037735847	0.2387971698113207	8690	18657184	4666
ENSG00000198331	1.0000588168451239	0.10458108704083106	0.8094082582604538	0.021747384830409694	0.0022743651458595254	3725	4971	0.26808176100628933	0.023191823899371022	8696	18516975	4667
ENSG00000214575	1.0000028520122182	0.12994302381409814	1.908469981705527	0.05127725187612268	0.006663121161660518	4414	4283	0.1326650943396226	0.15841194968553463	8697	18905162	4668
ENSG00000104321	1.0000000031248955	0.051562313169891405	6.79007198996064	0.18243736345020495	0.009406892468108767	5038	3660	0.010023584905660354	0.2808569182389937	8698	18439080	4669
ENSG00000187122	1.0000019757346623	0.06586120719362018	3.93479176429883	0.10572097560462243	0.006962911079007703	4480	4218	0.11969339622641506	0.17118710691823902	8698	18896640	4670
ENSG00000144648	1.0000001346808607	0.08251528361557751	3.8494255296561963	0.10342733412351585	0.008534335808805008	4843	3857	0.04834905660377353	0.24213836477987416	8700	18679451	4671
ENSG00000185818	1.0000004937408538	0.07486387302492235	3.930367259369777	0.10560209689243465	0.007905781972920774	4683	4017	0.07979559748427678	0.21069182389937102	8700	18811611	4672
ENSG00000100427	1.0000009985365856	0.07644157921726649	3.613539022772892	0.097089476078285	0.007421672876801123	4594	4106	0.09728773584905659	0.19319968553459121	8700	18862964	4673
ENSG00000246526	1.0000275338170925	0.12862756199844327	1.1367300294475644	0.030541948573403803	0.003928536383678764	3925	4776	0.22877358490566035	0.06151729559748431	8701	18745800	4674
ENSG00000233723	1.0000144449017476	0.1000989187863045	1.8255281663622147	0.04904875030303473	0.004909726873153202	4083	4620	0.1977201257861635	0.09217767295597479	8703	18863460	4675
ENSG00000275367	1.0000083547341243	0.1158965580233284	1.8246198038969141	0.04902434419166042	0.0056817527511643946	4217	4486	0.17138364779874216	0.11851415094339623	8703	18917462	4676
ENSG00000187642	1.0000418781298073	0.09522177634950246	1.1969243028127228	0.03215926346252092	0.003062262192992893	3816	4888	0.25019654088050314	0.039504716981132115	8704	18652608	4677
ENSG00000259250	1.0000818553924296	0.062298277600989424	0.556755075765051	0.014959035524258675	9.319221477333293e-4	3629	5079	0.2869496855345912	0.0019654088050314877	8708	18431691	4678
ENSG00000215915	1.0000001168011627	0.07873987463961461	4.046381402848198	0.10871919410295472	0.008560535714586584	4860	3849	0.04500786163522008	0.24371069182389937	8709	18706140	4679
ENSG00000086300	1.000000273060483	0.10621638200587823	2.867209824150329	0.07703691530073807	0.00818258242413768	4764	3946	0.06387578616352196	0.22464622641509435	8710	18798744	4680
ENSG00000140470	1.0000002702128952	0.09741673220529848	3.1216874796413996	0.0838742850066003	0.008170758761398863	4767	3949	0.06328616352201255	0.22405660377358494	8716	18824883	4681
ENSG00000167037	1.0000001401785479	0.08455601911310898	3.7288561247744334	0.10018784500294223	0.008471485336969982	4838	3879	0.04933176100628933	0.23781446540880502	8717	18766602	4682
ENSG00000166831	1.0000007463684815	0.09099300690991692	3.0545843730186113	0.08207134184639818	0.007467918175735463	4626	4092	0.09099842767295596	0.19595125786163525	8718	18929592	4683
ENSG00000198681	1.0000009669809342	0.059726622814738076	4.593417494469619	0.12341709751474099	0.007371286432152683	4599	4122	0.0963050314465409	0.1900550314465409	8721	18957078	4684
ENSG00000117266	1.0000029155417856	0.0992975336083222	2.4466536183475385	0.06573730529914697	0.006527552282262583	4408	4316	0.13384433962264153	0.15192610062893086	8724	19024928	4685
ENSG00000118156	1.0000001861305543	0.07723199807582716	3.997359836579261	0.10740207032053718	0.008294876488335582	4808	3918	0.055227987421383684	0.23014937106918243	8726	18837744	4686
ENSG00000144712	1.0000043287053144	0.10611038948576987	2.1385434807209966	0.057458924562687065	0.006096988864780194	4327	4401	0.14976415094339623	0.1352201257861635	8728	19043127	4687
ENSG00000287338	1.000001450350547	0.0956369203306062	2.7503722245896993	0.07389769326491756	0.007067347803392495	4536	4195	0.10868710691823902	0.1757075471698113	8731	19028520	4688
ENSG00000109107	1.0000005912288834	0.10102230474426466	2.7891617004248968	0.07493989866589885	0.007570601280530747	4657	4075	0.08490566037735847	0.1992924528301887	8732	18977275	4689
ENSG00000186777	1.0000192255184204	0.06560083528061726	2.401438816180242	0.06452246261286611	0.0042327274417664155	4010	4730	0.2120676100628931	0.07055817610062898	8740	18967300	4690
ENSG00000214922	1.0000110160942852	0.1242995621823585	1.522713157050558	0.04091264040704994	0.005085423290320578	4152	4591	0.18415880503144655	0.097877358490566	8743	19061832	4691
ENSG00000287091	1.0000478045284997	0.09772127591231262	0.8958826031820718	0.024070799297429953	0.0023522292195740533	3780	4965	0.2572720125786163	0.02437106918238996	8745	18767700	4692
ENSG00000283199	1.0000008570884364	0.11587522190993434	2.3495755054896885	0.06312898612599335	0.007315085276298646	4608	4137	0.09453616352201255	0.18710691823899372	8745	19063296	4693
ENSG00000172460	1.0000030170883092	0.1070406144988419	2.2157532401466993	0.05953341581448474	0.006372493411997519	4398	4349	0.1358097484276729	0.1454402515723271	8747	19126902	4694
ENSG00000119402	1.0000747722113064	0.11411063539975379	0.21448743371539084	0.005762902360695491	6.576084501257036e-4	3661	5087	0.2806603773584906	3.9308176100627534e-4	8748	18623507	4695
ENSG00000261150	1.0000005147924926	0.0767850070733393	3.6640831107479355	0.09844750735715743	0.007559292548771955	4674	4077	0.08156446540880502	0.19889937106918243	8751	19055898	4696
ENSG00000183914	1.0000000689293762	0.09113449659409485	3.4901513282871033	0.09377426444319935	0.0085460703835125	4901	3853	0.036949685534591215	0.24292452830188682	8754	18883553	4697
ENSG00000261888	1.0000046976875936	0.11479024022007406	1.9152642749448239	0.051459802657162636	0.005907083108693304	4307	4447	0.1536949685534591	0.12617924528301883	8754	19153229	4698
ENSG00000187556	1.0000250252340028	0.1055252954131506	1.3068644671160699	0.03511316347159891	0.0037053269482307236	3949	4808	0.22405660377358494	0.055227987421383684	8757	18986792	4699
ENSG00000232104	1.0000270863492937	0.0985349867130641	1.3236663619005278	0.03556460101010755	0.003504357487986373	3930	4832	0.22779088050314467	0.05051100628930816	8762	18989760	4700
ENSG00000172575	1.0000000218771328	0.06567611287682361	4.991369158227178	0.13410936299055554	0.008807781661606636	4973	3792	0.022798742138364747	0.25491352201257866	8765	18857616	4701
ENSG00000232040	1.0000003929372643	0.07022126364673546	4.056762490533173	0.10899811578004336	0.007653985425187822	4708	4057	0.07488207547169812	0.2028301886792453	8765	19100356	4702
ENSG00000143891	1.000002529802606	0.07738181535472399	3.1300999363317756	0.0841003130105744	0.00650783489265876	4439	4326	0.12775157232704404	0.14996069182389937	8765	19203114	4703
ENSG00000204387	1.0000594060713521	0.08719832556478027	0.6303086934258192	0.01693529263877754	0.0014767291610509505	3718	5048	0.2694575471698113	0.008058176100628978	8766	18768464	4704
ENSG00000189431	1.0000000072153041	0.06113444333439222	5.468278927594061	0.14692309472352996	0.008982061608889183	5014	3752	0.01474056603773588	0.2627751572327044	8766	18812528	4705
ENSG00000134030	1.0000340231794649	0.13991876799857214	0.8063765654008654	0.021665928543508482	0.0030314700293528054	3879	4889	0.23781446540880502	0.03930817610062898	8768	18964431	4706
ENSG00000174343	1.0000000714747874	0.07223628194129181	4.37087505941586	0.11743777135044922	0.008483267961828012	4898	3876	0.03753930817610063	0.23840408805031443	8774	18984648	4707
ENSG00000276945	1.0000548450521287	0.1316480884714441	0.48359691823752193	0.012993403732146478	0.0017105567640748115	3746	5032	0.2639544025157232	0.011202830188679291	8778	18849872	4708
ENSG00000144290	1.000000287848935	0.07942064900992643	3.688423523689559	0.09910149169913858	0.007870704788597423	4757	4021	0.06525157232704404	0.20990566037735847	8778	19127897	4709
ENSG00000177432	1.0000005429638295	0.09063611853512739	3.0316437481212892	0.08145496736195154	0.0073827620770927724	4667	4120	0.0829402515723271	0.19044811320754718	8787	19228040	4710
ENSG00000141622	1.0000003813325833	0.08606707283808658	3.2725936687576622	0.08792887048248249	0.007567780500386502	4712	4076	0.07409591194968557	0.19909591194968557	8788	19206112	4711
ENSG00000259038	1.000012292294558	0.10910583731610198	1.5790002327705435	0.0424249757263012	0.004628812499733394	4122	4667	0.1900550314465409	0.0829402515723271	8789	19237374	4712
ENSG00000181378	1.0000013766910825	0.09341297526907735	2.706292791783701	0.07271335596843576	0.006792370922811108	4543	4250	0.10731132075471694	0.1648977987421384	8793	19307750	4713
ENSG00000055732	1.0000025803697357	0.07576854135689802	3.098180150333284	0.08324268416539136	0.006307176757844655	4436	4361	0.12834119496855345	0.14308176100628933	8797	19345396	4714
ENSG00000185303	1.0000000654728887	0.08309953707106162	3.767916488537003	0.10123732868894515	0.008412775148362247	4906	3895	0.035966981132075526	0.2346698113207547	8801	19108870	4715
ENSG00000270872	1.0000354188296607	0.10142445800224215	0.9759853614420015	0.026223020370142826	0.0026596556282234914	3869	4933	0.2397798742138365	0.030660377358490587	8802	19085777	4716
ENSG00000137261	1.000000394636456	0.09796251663753407	2.8356973500005807	0.07619023021283723	0.007463786694842618	4707	4095	0.07507861635220126	0.19536163522012584	8802	19275165	4717
ENSG00000074416	1.0000024198584132	0.09652175921280413	2.4416217909868734	0.065602108894989	0.006332030958614285	4445	4357	0.1265723270440252	0.14386792452830188	8802	19366865	4718
ENSG00000270127	1.000008760625101	0.08995792952698653	2.063796587775019	0.055450606227429186	0.004988221727235755	4201	4604	0.17452830188679247	0.09532232704402521	8805	19341404	4719
ENSG00000087076	1.0000028574490794	0.08551130389032939	2.6684009613140303	0.07169526872909428	0.0061307559117924106	4413	4392	0.13286163522012584	0.13698899371069184	8805	19381896	4720
ENSG00000271387	1.0000323275610723	0.09882971844863223	1.052802958165327	0.02828697489573628	0.0027955937647091444	3889	4919	0.23584905660377353	0.033411949685534625	8808	19129991	4721
ENSG00000196381	1.0000102218500884	0.11393512238134848	1.5609652796212237	0.041940408065255105	0.004778485525638535	4170	4640	0.18062106918238996	0.08824685534591192	8810	19348800	4722
ENSG00000225439	1.000006578455315	0.09336598638709852	2.103111920540093	0.05650694048477322	0.005275826236077923	4259	4555	0.16312893081761004	0.10495283018867929	8814	19399745	4723
ENSG00000167721	1.0000567995051894	0.10490965384020005	0.32898536259673294	0.008839261535753694	9.273238679189152e-4	3736	5080	0.2659198113207547	0.00176886792452835	8816	18978880	4724
ENSG00000168754	1.0000003340238692	0.0766930834291415	3.647190285056741	0.0979936266641571	0.007515433385278345	4738	4082	0.06898584905660377	0.19791666666666663	8820	19340516	4725
ENSG00000171433	1.0000093368406766	0.11904372306208384	1.503050999082726	0.040384352597333584	0.004807503686638526	4189	4634	0.17688679245283023	0.08942610062893086	8823	19411826	4726
ENSG00000139304	1.0000002784687165	0.07531608462654396	3.7735821965224177	0.10138955635729184	0.007636264406853541	4762	4062	0.06426886792452835	0.2018474842767296	8824	19343244	4727
ENSG00000163485	1.0000000962196303	0.06957752604566692	4.352746411361317	0.11695068627110435	0.008137139420086382	4871	3958	0.04284591194968557	0.2222877358490566	8829	19279418	4728
ENSG00000004848	1.0000014863930735	0.06667537647353769	3.682631038043387	0.0989458577366897	0.006597252315090887	4530	4303	0.10986635220125784	0.15448113207547165	8833	19492590	4729
ENSG00000047617	1.0000000534508622	0.09055342898238465	3.420395281308951	0.09190004141372062	0.008321863873635559	4921	3913	0.03301886792452835	0.23113207547169812	8834	19255873	4730
ENSG00000179299	1.0000003314812003	0.08986781155245666	3.0917814787575013	0.08307076304679416	0.007465387679008078	4741	4094	0.06839622641509435	0.19555817610062898	8835	19409654	4731
ENSG00000249846	1.0000195272905268	0.11548330027338038	1.131201761835645	0.030393413687609228	0.0035099317192192458	4006	4831	0.21285377358490565	0.050707547169811296	8837	19352986	4732
ENSG00000286132	1.0000125011387964	0.09764019761059861	1.6245576760229317	0.043649024579507284	0.004261899385452967	4116	4721	0.19123427672955973	0.07232704402515722	8837	19431636	4733
ENSG00000188573	1.000000555995489	0.08090970276743624	3.280641931945963	0.0881451132437666	0.007131794912955163	4660	4177	0.08431603773584906	0.17924528301886788	8837	19464820	4734
ENSG00000049089	1.0000008758479557	0.09297900393007895	2.7530931160470007	0.07397079886150595	0.006877731198055042	4607	4230	0.09473270440251569	0.16882861635220126	8837	19487610	4735
ENSG00000273669	1.0000163301205087	0.12682127317585806	1.139902414510559	0.030627185013841735	0.003884178597247969	4060	4782	0.20224056603773588	0.060338050314465375	8842	19414920	4736
ENSG00000198088	1.0000002572794302	0.10504278199916862	2.6899148204912238	0.07227330851302137	0.0075917893904919615	4771	4071	0.0625	0.20007861635220126	8842	19422741	4737
ENSG00000021488	1.0000382797978171	0.07874105907897147	0.9891707688438617	0.026577289215299227	0.0020927239002607877	3845	4999	0.24449685534591192	0.017688679245283057	8844	19221155	4738
ENSG00000166268	1.0000066288989484	0.07549950692013108	2.5198743322946693	0.06770461787288796	0.005111665265618935	4258	4586	0.16332547169811318	0.0988600628930818	8844	19527188	4739
ENSG00000285928	1.0000214653241604	0.13005410772428996	0.9055481479344434	0.02433049558688606	0.0031642808940422415	3980	4867	0.21796383647798745	0.04363207547169812	8847	19370660	4740
ENSG00000167333	1.0000000404616665	0.07324847108206804	4.23363997537253	0.11375050456701155	0.008332050544347394	4941	3909	0.029088050314465375	0.23191823899371067	8850	19314369	4741
ENSG00000154478	1.0000002189800705	0.04421067435755858	6.414886124831036	0.17235677518262374	0.007620009260917912	4790	4065	0.05876572327044027	0.20125786163522008	8855	19471350	4742
ENSG00000162931	1.000002059843733	0.09823514372564403	2.3602897742123683	0.06341685979507268	0.006229764336597981	4473	4383	0.12106918238993714	0.13875786163522008	8856	19605159	4743
ENSG00000110455	1.0000380301108087	0.09424542838817611	0.771858560373588	0.020738490095426002	0.0019545078831673707	3847	5013	0.24410377358490565	0.014937106918239018	8860	19285011	4744
ENSG00000231527	1.000016219698409	0.10802529411477722	1.2948238047308152	0.034789651923708434	0.0037581623812093286	4061	4799	0.20204402515723274	0.05699685534591192	8860	19488739	4745
ENSG00000167080	1.0000001919285095	0.061196718580177105	4.647783072631433	0.12487780555391229	0.0076421119233928475	4803	4058	0.05621069182389937	0.20263364779874216	8861	19490574	4746
ENSG00000141682	1.0000016137253662	0.07192572115331014	3.295695062548165	0.0885495645460205	0.006368991287784108	4512	4350	0.11340408805031443	0.14524371069182385	8862	19627200	4747
ENSG00000088340	1.0000034397781719	0.08242487099327475	2.5320696302604606	0.06803228420848179	0.005607552249261914	4372	4494	0.1409198113207547	0.11694182389937102	8866	19647768	4748
ENSG00000287766	1.0000239507809399	0.13158622160172895	0.7997150841167888	0.02148694618751333	0.0028273860625745544	3958	4913	0.2222877358490566	0.03459119496855345	8871	19445654	4749
ENSG00000130713	1.0000463394288825	0.11274932995724486	0.24144957898886685	0.006487328066921749	7.314418927582558e-4	3787	5086	0.25589622641509435	5.89622641509413e-4	8873	19260682	4750
ENSG00000100078	1.00000004338811	0.06771124788251996	4.512059318025448	0.12123114555023505	0.008208712147433822	4937	3940	0.029874213836478036	0.22582547169811318	8877	19451780	4751
ENSG00000287576	1.0000254057335123	0.0897102982762457	1.1006652439604703	0.029572950838565235	0.0026529982406364376	3943	4934	0.22523584905660377	0.03046383647798745	8877	19454762	4752
ENSG00000127903	1.0000001585052563	0.06629113680944156	4.306163497371692	0.1156990848119946	0.007669823859999116	4822	4055	0.052476415094339646	0.20322327044025157	8877	19553210	4753
ENSG00000166582	1.00000105036028	0.08861969226875856	2.7786004500492925	0.07465613633228715	0.006616003827741772	4581	4296	0.09984276729559749	0.15585691823899372	8877	19679976	4754
ENSG00000178773	1.0000003330931606	0.06986115313637226	3.895950681598236	0.10467738361739096	0.007312882726809334	4740	4139	0.06859276729559749	0.18671383647798745	8879	19618860	4755
ENSG00000164749	1.0000000509896805	0.06602933266478274	4.595021939303026	0.1234602061424022	0.008151995022239329	4927	3954	0.03183962264150941	0.22307389937106914	8881	19481358	4756
ENSG00000168491	1.000001879239369	0.10710520840023674	2.124031924484992	0.05706902441683141	0.006112389753362928	4486	4396	0.11851415094339623	0.1362028301886793	8882	19720456	4757
ENSG00000172828	1.0000003035407228	0.06650272299583153	4.093129004746341	0.10997522043824644	0.007313651621210213	4753	4138	0.06603773584905659	0.1869103773584906	8891	19667914	4758
ENSG00000261104	1.0000003131803121	0.07348839538403121	3.6927140980375435	0.09921677193076067	0.0072912813643749895	4748	4143	0.06702044025157228	0.1859276729559748	8891	19670964	4759
ENSG00000147100	1.000000215932587	0.07725028286935945	3.5717457534030186	0.09596656399648716	0.00741344421472912	4791	4110	0.058569182389937136	0.19241352201257866	8901	19691010	4760
ENSG00000286519	1.0000203268420351	0.05572200478340011	1.9087966456220788	0.05128602876446173	0.002857760340134932	3991	4911	0.21580188679245282	0.03498427672955973	8902	19599801	4761
ENSG00000243069	1.0000012970965264	0.08851385236318726	2.6658293853839856	0.07162617497967852	0.0063399086774910815	4547	4355	0.10652515723270439	0.14426100628930816	8902	19802185	4762
ENSG00000139344	1.0000005538986512	0.09002174413575717	2.81999418773478	0.07576831369621721	0.006820795749158652	4661	4245	0.08411949685534592	0.16588050314465408	8906	19785945	4763
ENSG00000248213	1.0000336704460397	0.09270315580018212	0.7258658021290463	0.01950274508943152	0.001807966016556807	3884	5025	0.23683176100628933	0.012578616352201255	8909	19517100	4764
ENSG00000171126	1.000004686721272	0.10154511723902204	1.8315606967460605	0.04921083384792046	0.004997119892517117	4308	4603	0.15349842767295596	0.09551886792452835	8911	19829724	4765
ENSG00000123570	1.000004290842718	0.08595842781441246	2.2191673624794146	0.0596251473127366	0.0051252839212055775	4330	4584	0.14917452830188682	0.09925314465408808	8914	19848720	4766
ENSG00000262943	1.0000000322235092	0.06648593871896086	4.525887348711572	0.12160268055955675	0.008084868367744063	4953	3971	0.026729559748427723	0.2197327044025157	8924	19668363	4767
ENSG00000272501	1.0000289677415655	0.10440739756083557	0.6791822258575805	0.01824843901079418	0.001905272026664649	3910	5016	0.23172169811320753	0.014347484276729605	8926	19612560	4768
ENSG00000138769	1.0000002121299265	0.087862347822168535	3.1019567230309097	0.08334415407128508	0.007322813053955653	4796	4134	0.057586477987421336	0.18769654088050314	8930	19826664	4769
ENSG00000225742	1.0000018069889003	0.0855420699310316	2.5906334322588203	0.06960579118248701	0.005954223456937087	4493	4437	0.11713836477987416	0.1281446540880503	8930	19935441	4770
ENSG00000175772	1.0000215796231804	0.06903277059920163	1.3257228008104038	0.03561985392839308	0.0024589372050158303	3978	4954	0.21835691823899372	0.026533018867924474	8932	19707012	4771
ENSG00000285907	1.000011121566018	0.08066698331949927	1.7823873407118214	0.04788963173987965	0.003863112124737835	4146	4786	0.18533805031446537	0.059551886792452824	8932	19842756	4772
ENSG00000124224	1.0000025849907577	0.11318082196246679	1.8336762673615605	0.049267675531757565	0.005576156012864434	4435	4501	0.1285377358490566	0.11556603773584906	8936	19961935	4773
ENSG00000267128	1.0000063734551614	0.1091988577788763	1.5586643629344124	0.04187858645651795	0.004573093806445679	4262	4677	0.16253930817610063	0.08097484276729561	8939	19933374	4774
ENSG00000184515	1.0000007639060997	0.06858265149700396	3.5379440023513595	0.0950583700405199	0.006519355064362218	4621	4320	0.09198113207547165	0.1511399371069182	8941	19962720	4775
ENSG00000158813	1.0000032049665222	0.10113016471745265	1.9348021598683862	0.05198475146744305	0.005257226478698354	4382	4559	0.13895440251572322	0.10416666666666663	8941	19977538	4776
ENSG00000258986	1.0000007739718784	0.05417494254128099	4.4725387192079324	0.12016929615292365	0.006510164714310818	4620	4324	0.09217767295597479	0.15035377358490565	8944	19976880	4777
ENSG00000172818	1.0000001859505276	0.08064707856690029	3.3706018948883356	0.09056218017318214	0.0073035752596164	4809	4141	0.055031446540880546	0.18632075471698117	8950	19914069	4778
ENSG00000186326	1.0000125571141447	0.11391682426576348	1.1293927368548204	0.03034480834904947	0.003456784200076941	4114	4837	0.191627358490566	0.04952830188679247	8951	19899418	4779
ENSG00000196876	1.000000186458471	0.08108456979703038	3.345666482573727	0.089892209238272	0.0072888711141899255	4806	4145	0.05562106918238996	0.1855345911949685	8951	19920870	4780
ENSG00000277142	1.000025158556369	0.06494206098526856	1.1607356885241211	0.031186938664272763	0.0020253440726790317	3947	5006	0.22444968553459121	0.016312893081760982	8953	19758682	4781
ENSG00000259065	1.0000172939321854	0.10621436376884716	1.0068091951703069	0.027051202893853023	0.002873226304552596	4043	4910	0.20558176100628933	0.035180817610062864	8953	19851130	4782
ENSG00000117407	1.0000003471756012	0.08700398757932161	2.9573888119376717	0.07945986704482207	0.006913325285422245	4729	4225	0.07075471698113212	0.16981132075471694	8954	19980025	4783
ENSG00000227630	1.0000026662711057	0.08536329968155648	2.3702065941578288	0.0636833074096687	0.005436217255124235	4429	4529	0.12971698113207553	0.11006289308176098	8958	20058941	4784
ENSG00000286529	1.0000109042046301	0.12502573341288806	1.113376686701923	0.02991448508191754	0.0037400804370356392	4156	4804	0.183372641509434	0.056014150943396235	8960	19965424	4785
ENSG00000230521	1.0000087523557883	0.09653258076846363	1.5657956691508663	0.04207019218706242	0.004061144225242391	4202	4759	0.17433176100628933	0.06485849056603776	8961	19997318	4786
ENSG00000197587	1.0000040316771683	0.07358817553673434	2.4852997254587113	0.06677565863316183	0.0049138988890781625	4345	4618	0.14622641509433965	0.09257075471698117	8963	20065210	4787
ENSG00000173809	1.000000000344042	0.07855941743710386	3.9706250862640835	0.10668375431929127	0.008381013589326634	5063	3902	0.0051100628930818015	0.23329402515723274	8965	19755826	4788
ENSG00000166165	1.0000000869105026	0.07302653846143096	3.8187961974023557	0.10260437751438224	0.007492842520865217	4879	4086	0.041273584905660354	0.19713050314465408	8965	19935594	4789
ENSG00000148344	1.0000001401320826	0.06643950655040315	4.1064005362449585	0.110331803287314	0.00733039056722529	4839	4132	0.049135220125786194	0.1880896226415094	8971	19994748	4790
ENSG00000224746	1.0000093499975997	0.10939837835844794	1.317378620867447	0.03539566040125553	0.003872227848823686	4188	4784	0.17708333333333337	0.0599449685534591	8972	20035392	4791
ENSG00000205362	1.000000007474221	0.07248643606967227	4.159164210587685	0.11174947097143645	0.008100320883390725	5012	3967	0.015133647798742156	0.22051886792452835	8979	19882604	4792
ENSG00000272189	1.0000021823780985	0.09613622509617308	2.1289152038115753	0.057200229595016555	0.005499014147899293	4463	4517	0.12303459119496851	0.11242138364779874	8980	20159371	4793
ENSG00000100504	1.000000350060146	0.07051992192610612	3.5676017688131885	0.09585522237538731	0.006759702798121854	4726	4258	0.07134433962264153	0.16332547169811318	8984	20123308	4794
ENSG00000156509	1.0000112694871546	0.09621256709384819	1.3199746050904255	0.035465409958830005	0.0034122181351747636	4144	4845	0.18573113207547165	0.04795597484276726	8989	20077680	4795
ENSG00000184343	1.0000012686582098	0.09233371002209116	2.3961392627642137	0.06438007287765958	0.0059444509802869154	4551	4438	0.10573899371069184	0.12794811320754718	8989	20197338	4796
ENSG00000257556	1.0000043835997978	0.09481907288269949	1.7996346438907318	0.04835303662325041	0.004584790103679818	4320	4671	0.1511399371069182	0.08215408805031443	8991	20178720	4797
ENSG00000273492	1.0000040709480718	0.09013373132598512	1.9489111832715313	0.052363836259818275	0.004719747948640338	4341	4652	0.1470125786163522	0.08588836477987416	8993	20194332	4798
ENSG00000159208	1.0000005445800664	0.0928122015566838	2.5921472101280303	0.06964646374733113	0.006464041631027568	4665	4333	0.08333333333333337	0.1485849056603774	8998	20213445	4799
ENSG00000278530	1.0000000034550394	0.06394584971762002	4.715790437451631	0.12670504455098588	0.008102261737321693	5035	3966	0.010613207547169767	0.2207154088050315	9001	19968810	4800
ENSG00000276846	1.0000107664393563	0.09104469544842235	1.3964341077109754	0.037519743121929204	0.0034159735858390835	4160	4844	0.18258647798742134	0.048152515723270395	9004	20151040	4801
ENSG00000272279	1.0000021687138576	0.1000340588814999	2.005702050055934	0.05388970756420459	0.005390806179584452	4466	4544	0.1224449685534591	0.1071147798742138	9010	20293504	4802
ENSG00000142494	1.0000001659724762	0.08193324883903012	3.2133242059042315	0.08633640363499147	0.007073822042892701	4818	4194	0.053262578616352196	0.17590408805031443	9012	20206692	4803
ENSG00000124466	1.0000007354322553	0.07303348434397944	3.165265256684322	0.08504514368976099	0.00621114317019764	4630	4385	0.09021226415094341	0.1383647798742138	9015	20302550	4804
ENSG00000167701	1.000001489244741	0.0871853165043556	2.4007903670165214	0.06450503991750506	0.0056238923213337705	4529	4491	0.11006289308176098	0.11753144654088055	9020	20339739	4805
ENSG00000251359	1.0000120450631247	0.12330123574074751	0.9000128272199251	0.02418177119655543	0.002981642270935299	4127	4894	0.1890723270440252	0.03832547169811318	9021	20197538	4806
ENSG00000164796	1.0000002513503117	0.06874419933832109	3.6943465236600765	0.09926063235330757	0.006823592696943578	4777	4244	0.061320754716981174	0.16607704402515722	9021	20273588	4807
ENSG00000287104	1.0000209203358281	0.08509090174927454	0.7120788952176496	0.01913231500404104	0.0016279859362450272	3986	5038	0.2167845911949685	0.010023584905660354	9024	20081468	4808
ENSG00000204516	1.0000001322418322	0.07709239338189261	3.4342325027255156	0.0922718233619013	0.007113455704680204	4847	4182	0.04756289308176098	0.1782625786163522	9029	20270154	4809
ENSG00000273706	1.0000004368427926	0.06930986591313724	3.438208744064169	0.09237865801510355	0.006402752400262388	4696	4341	0.07724056603773588	0.1470125786163522	9037	20385336	4810
ENSG00000230650	1.000020632743831	0.04825923329170381	1.0750371236665754	0.028884368051296443	0.0013939374562709514	3987	5054	0.21658805031446537	0.0068789308176100405	9041	20150298	4811
ENSG00000263155	1.000003958893485	0.0846317590253009	1.9664603896866553	0.0528353527553359	0.004471548842406356	4350	4691	0.14524371069182385	0.07822327044025157	9041	20405850	4812
ENSG00000004139	1.0000062595619594	0.10285939834453356	1.4118613047452653	0.03793424493524194	0.0039018936106931554	4263	4779	0.1623427672955975	0.06092767295597479	9042	20372877	4813
ENSG00000255366	1.000003145963546	0.08891262809434732	1.9620768975384129	0.05271757598486684	0.0046872582275779605	4387	4659	0.13797169811320753	0.0845125786163522	9046	20439033	4814
ENSG00000173406	1.000000057605548	0.07399718562438533	3.684096175246096	0.09898522341186225	0.007324627950878823	4916	4133	0.03400157232704404	0.18789308176100628	9049	20317828	4815
ENSG00000124507	1.0000001863711783	0.07880057656531123	3.223225701121104	0.08660243950092218	0.006824322164635152	4807	4243	0.05542452830188682	0.16627358490566035	9050	20396101	4816
ENSG00000111254	1.000004434713796	0.09748103874793253	1.5911603438114574	0.04275169665074002	0.004167479797750645	4318	4742	0.15153301886792447	0.06819968553459121	9060	20475956	4817
ENSG00000135314	1.000001052596102	0.08909370225696445	2.38071716746164	0.06396570813895883	0.005698941755588285	4580	4480	0.10003930817610063	0.11969339622641506	9060	20518400	4818
ENSG00000136574	1.0000000716724529	0.061945664434928986	4.30982352801778	0.11579742343671119	0.007173148334639893	4897	4166	0.037735849056603765	0.1814072327044025	9063	20400902	4819
ENSG00000133665	1.000000338706751	0.07097202708307203	3.4025666201970926	0.09142101645906567	0.006488334856094782	4735	4330	0.06957547169811318	0.14917452830188682	9065	20502550	4820
ENSG00000224271	1.000000006390619	0.05792312446570132	4.948956604648582	0.13296981182474904	0.007702026960505821	5020	4049	0.013561320754716943	0.2044025157232704	9069	20325980	4821
ENSG00000174370	1.0000008787217873	0.0974868885207868	2.21205829878542	0.05943413919988454	0.005794049302508069	4606	4465	0.09492924528301883	0.12264150943396224	9071	20565790	4822
ENSG00000168679	1.0000023486735623	0.11269677733417818	1.613094876067755	0.04334103918484998	0.0048843954424469295	4450	4625	0.1255896226415094	0.0911949685534591	9075	20581250	4823
ENSG00000259985	1.000009715587283	0.10456116881202998	1.0555309993072493	0.028360272591850817	0.0029653832500317005	4179	4897	0.1788522012578616	0.037735849056603765	9076	20464563	4824
ENSG00000223496	1.0000195808381043	0.09879635679545289	0.3853684919919823	0.010354177649330963	0.0010229550293668055	4004	5073	0.21324685534591192	0.0031446540880503138	9077	20312292	4825
ENSG00000116329	1.0000002601269649	0.052186294262696185	4.674406396538858	0.12559312772238604	0.006554239920692824	4770	4308	0.06269654088050314	0.15349842767295596	9078	20549160	4826
ENSG00000116985	1.0000019655360843	0.092353222635953	2.03293267026413	0.054621346722558486	0.0050444573945440255	4481	4598	0.11949685534591192	0.09650157232704404	9079	20603638	4827
ENSG00000104899	1.0000007537050477	0.07220819306787941	3.015204696505479	0.08101327878503445	0.005849822475571707	4624	4458	0.09139150943396224	0.12401729559748431	9082	20613792	4828
ENSG00000238142	1.0000016953000581	0.09086479806366897	2.1111074505831984	0.05672176639863801	0.005154011849626847	4503	4579	0.11517295597484278	0.10023584905660377	9082	20619237	4829
ENSG00000266916	1.0000034518638037	0.07636918946997952	2.093955240923763	0.056260916511885826	0.0042966005928509075	4371	4712	0.14111635220125784	0.07409591194968557	9083	20596152	4830
ENSG00000116039	1.000010611952539	0.06015900561466874	1.700122529214376	0.04567932007654057	0.0027480224729588545	4163	4923	0.18199685534591192	0.032625786163521964	9086	20494449	4831
ENSG00000181449	1.0000000396756568	0.0545581451090422	4.972738062293578	0.13360877801511797	0.007289447098790614	4943	4144	0.0286949685534591	0.18573113207547165	9087	20483792	4832
ENSG00000196155	1.0000005862043426	0.08377045395538149	2.6550047317813648	0.07133533546185841	0.005975793434699303	4658	4432	0.08470911949685533	0.129127358490566	9090	20644256	4833
ENSG00000229660	1.00000788938039	0.09480863469240805	1.2411826658107694	0.033348408300443694	0.0031617170601300347	4223	4869	0.17020440251572322	0.04323899371069184	9092	20561787	4834
ENSG00000268686	1.000000000395138	0.06448044136443087	4.49284185116109	0.12071480581302627	0.007783743958045499	5062	4039	0.005306603773584939	0.20636792452830188	9101	20445418	4835
ENSG00000196436	1.0000000346070672	0.06872837384258464	3.9266171852370686	0.10550133895665345	0.0072509354647061165	4948	4155	0.02771226415094341	0.18356918238993714	9103	20558940	4836
ENSG00000189366	1.0000001752823633	0.07310844947396201	3.372710387556372	0.0906188316849451	0.006625002277628277	4814	4292	0.05404874213836475	0.15664308176100628	9106	20661688	4837
ENSG00000180767	1.0000067006560935	0.08224543128527997	1.5091725391025914	0.04054882767552574	0.0033349558202861113	4257	4851	0.16352201257861632	0.04677672955974843	9108	20650707	4838
ENSG00000146197	1.0000000626515282	0.07353326528628876	3.554900344184522	0.09551395730121115	0.007023453160773217	4908	4205	0.03557389937106914	0.17374213836477992	9113	20638140	4839
ENSG00000204540	1.0000010089052405	0.09266475704929178	2.1890201104542366	0.05881514335653786	0.005450090969952848	4592	4523	0.09768081761006286	0.11124213836477992	9115	20769616	4840
ENSG00000149150	1.0000005535252185	0.09514478198045853	2.2970731626460053	0.061718339962370604	0.005872177999915572	4663	4454	0.08372641509433965	0.12480345911949686	9117	20769002	4841
ENSG00000147485	1.0000000018561321	0.07176494190414079	3.944292782525896	0.10597625135398135	0.0076053795216370935	5050	4068	0.007665094339622591	0.20066823899371067	9118	20543400	4842
ENSG00000107165	1.000000006074275	0.07268514600970272	3.8131807490290073	0.10245350023394412	0.00744684762370934	5021	4099	0.013364779874213806	0.19457547169811318	9120	20581079	4843
ENSG00000165449	1.000000058380859	0.08621378282620595	3.0268897515631683	0.08132723578573302	0.007011528643886831	4915	4208	0.034198113207547176	0.1731525157232704	9123	20682320	4844
ENSG00000160469	1.0000020134445387	0.07213917837130349	2.43647710453267	0.06546388016429652	0.004722510528049823	4477	4651	0.12028301886792447	0.08608490566037741	9128	20822527	4845
ENSG00000230445	1.0000014988130146	0.08047603248330326	2.320808253475904	0.062356060357479835	0.005018168338859366	4527	4601	0.11045597484276726	0.09591194968553463	9128	20828727	4846
ENSG00000278291	1.000004249301767	0.0975493234238271	1.4302424460041447	0.038428114065559536	0.0037486365275489868	4333	4802	0.1485849056603774	0.05640723270440251	9135	20807066	4847
ENSG00000170379	1.0000006855235453	0.09551851333138958	2.173803929242433	0.05840631116946144	0.005578884012077491	4637	4499	0.08883647798742134	0.11595911949685533	9136	20861863	4848
ENSG00000144045	1.0000006661451801	0.08520076888395425	2.4420686924551025	0.0656141163561332	0.005590373163183788	4639	4498	0.08844339622641506	0.11615566037735847	9137	20866222	4849
ENSG00000182612	1.0000016796008364	0.08457868657914491	2.1300620965528365	0.057231044597889164	0.004840526583641932	4506	4632	0.11458333333333337	0.08981918238993714	9138	20871792	4850
ENSG00000164920	1.000000376317579	0.09099617840576628	2.450194435169297	0.06583244085682247	0.005990500533094474	4714	4429	0.07370283018867929	0.12971698113207553	9143	20878306	4851
ENSG00000103047	1.0000154754302195	0.08266086420641217	0.4447878479422449	0.011950671862279359	9.87852863983265e-4	4069	5076	0.20047169811320753	0.0025550314465409008	9145	20654244	4852
ENSG00000143450	1.0000054311128335	0.08546878635704479	1.388377086137584	0.03730326503814979	0.003188264789965843	4283	4865	0.15841194968553463	0.04402515723270439	9148	20836795	4853
ENSG00000188886	1.0000043618126164	0.0967910879030766	1.3613284359260698	0.03657651509547296	0.0035402806877941314	4324	4828	0.15035377358490565	0.05129716981132071	9152	20876272	4854
ENSG00000224616	1.000009377694148	0.08845416810810931	0.9726274009673881	0.026132797842831738	0.002311554893525075	4187	4968	0.1772798742138365	0.023781446540880546	9155	20801016	4855
ENSG00000212916	1.0000001547143031	0.07483565769951021	3.2210224309198057	0.08654324148253775	0.006476520395793248	4825	4331	0.05188679245283023	0.14897798742138368	9156	20897075	4856
ENSG00000143502	1.0000000077041125	0.0761651239843168	3.5546906568030714	0.09550832336786298	0.007274403290847505	5010	4147	0.015526729559748431	0.18514150943396224	9157	20776470	4857
ENSG00000269416	1.0000000768114552	0.05803138435263893	4.301633861708872	0.11557738142078805	0.006707115443701301	4890	4274	0.03911163522012584	0.16018081761006286	9164	20899860	4858
ENSG00000131914	1.0000004761194186	0.057514437075711355	3.689043234627	0.09911814224860184	0.005700724155418618	4688	4479	0.07881289308176098	0.1198899371069182	9167	20997552	4859
ENSG00000126778	1.0000003106609432	0.0659053037736083	3.4050266960720483	0.09148711439693408	0.0060294860657007935	4750	4420	0.066627358490566	0.13148584905660377	9170	20995000	4860
ENSG00000250303	1.000001737015551	0.10608077452404244	1.607431540022651	0.04318887524639264	0.004581509336959575	4500	4674	0.1157625786163522	0.08156446540880502	9174	21033000	4861
ENSG00000163995	1.000000287063226	0.07581187730671868	2.961595151878693	0.07957288404519407	0.0060325697221760045	4760	4418	0.06466194968553463	0.13187893081761004	9178	21029680	4862
ENSG00000241945	1.0000000097423911	0.06731056115995525	3.9402409360630943	0.10586738532327188	0.00712599311464664	5000	4179	0.01749213836477992	0.1788522012578616	9179	20895000	4863
ENSG00000205667	1.0000008326801728	0.07626514396268284	2.5213404873079583	0.0677440108948514	0.0051665067435053965	4612	4574	0.09375	0.10121855345911945	9186	21095288	4864
ENSG00000100346	1.0000000160090907	0.062206487426295774	4.204452380264159	0.11296628491442225	0.007027235782124354	4984	4203	0.020636792452830233	0.1741352201257862	9187	20947752	4865
ENSG00000133433	1.0000001337404503	0.07790838657596426	3.044771766109887	0.08180769425390612	0.006373505468821608	4845	4348	0.04795597484276726	0.14563679245283023	9193	21066060	4866
ENSG00000255495	1.000004471426303	0.11408096698866713	1.0105453779295845	0.02715158759271609	0.0030974793678545482	4315	4880	0.152122641509434	0.04107704402515722	9195	21057200	4867
ENSG00000187210	1.0000001420121194	0.07534335683360255	3.1119680351883594	0.08361314052641877	0.006299694682660124	4834	4364	0.05011792452830188	0.14249213836477992	9198	21095576	4868
ENSG00000266835	1.0000021197201048	0.10282949771091184	1.5296356285754862	0.041098635114533794	0.004226152005431553	4468	4732	0.12205188679245282	0.07016509433962259	9200	21142576	4869
ENSG00000253203	1.0000001487561636	0.09479262369201191	2.461593713857252	0.06613871954608225	0.006269462753403288	4829	4373	0.05110062893081757	0.14072327044025157	9202	21117217	4870
ENSG00000152782	1.0000026730956528	0.10371601924506887	1.4117163233695385	0.03793034953914362	0.003933984862774009	4427	4775	0.1301100628930818	0.06171383647798745	9202	21138925	4871
ENSG00000226383	1.0000000038148342	0.06334465378429688	4.192135590995701	0.1126353543199261	0.007134847523267327	5030	4175	0.011595911949685567	0.17963836477987416	9205	21000250	4872
ENSG00000143507	1.0000007993567568	0.0906857923914233	2.079088665691163	0.05586147762626286	0.005065842362693411	4615	4594	0.09316037735849059	0.09728773584905659	9209	21201310	4873
ENSG00000234261	1.0000010110493034	0.09671935378440183	1.8747015667917812	0.05036995360390037	0.004871749362719546	4591	4627	0.097877358490566	0.09080188679245282	9218	21242557	4874
ENSG00000142178	1.0000000012276673	0.06448030686234968	4.1580963741721755	0.11172078007382451	0.007203790182061286	5056	4163	0.006485849056603765	0.18199685534591192	9219	21048128	4875
ENSG00000158321	1.0000000200120933	0.06323115463695085	4.002868077182304	0.107550067115616	0.006800514925001958	4976	4248	0.022209119496855334	0.16529088050314467	9224	21138048	4876
ENSG00000178125	1.0000069833354406	0.07593572807093027	1.0932823558162634	0.029374585541456704	0.0022305805398723363	4248	4979	0.16529088050314467	0.02161949685534592	9227	21150792	4877
ENSG00000125851	1.0000002877195864	0.05607037246790743	3.8280335532523413	0.10285256911662363	0.00576698185965028	4758	4470	0.0650550314465409	0.12165880503144655	9228	21268260	4878
ENSG00000167103	1.0000040309004654	0.09750144357593869	1.1751452479387827	0.031574098333857534	0.0030785201671597504	4346	4883	0.1460298742138365	0.040487421383647804	9229	21221518	4879
ENSG00000200253	1.00001065228069	0.1179312994901194	0.34898923929749087	0.009376730730405108	0.0011058100400056108	4162	5070	0.18219339622641506	0.0037342767295597268	9232	21101340	4880
ENSG00000130700	1.0000000270271232	0.05507995882834864	4.5389288906717935	0.12195308399181283	0.006717170845259194	4963	4270	0.024764150943396235	0.16096698113207553	9233	21192010	4881
ENSG00000204792	1.000000000000131	0.0408519248133464	6.616254419548906	0.17776718921433196	0.0072621318480638125	5087	4151	3.9308176100627534e-4	0.1843553459119497	9238	21116137	4882
ENSG00000231752	1.0000044497363736	0.0640096423997056	1.5764004256371684	0.04235512345380789	0.0027111363060736264	4316	4927	0.15192610062893086	0.03183962264150941	9243	21264932	4883
ENSG00000165973	1.0000001417331565	0.05412596383564181	4.145223602804542	0.1113749112123337	0.006028274416476591	4835	4421	0.049921383647798745	0.13128930817610063	9256	21375535	4884
ENSG00000221890	1.0000002531085947	0.0524946165675647	4.040023589470199	0.10854837077270056	0.005698205102746762	4775	4481	0.06171383647798745	0.11949685534591192	9256	21396775	4885
ENSG00000230438	1.0000000084228848	0.07976913519045686	3.1419998438875183	0.08442004272227417	0.006734113800697232	5004	4264	0.016705974842767257	0.16214622641509435	9268	21337056	4886
ENSG00000231249	1.0000068383853873	0.10172197709899967	0.7043110643943368	0.018923606970130985	0.0019249467148461346	4254	5015	0.16411163522012584	0.014544025157232743	9269	21333810	4887
ENSG00000006740	1.0000000272362453	0.06579196198081103	3.705181013128306	0.09955173614364077	0.006549704039486144	4962	4309	0.024960691823899372	0.15330188679245282	9271	21381258	4888
ENSG00000186205	1.0000003822204542	0.0723512971884905	2.6916547599991	0.07232005764570347	0.005232449983413056	4710	4561	0.07448899371069184	0.10377358490566035	9271	21482310	4889
ENSG00000176595	1.000000012457927	0.06499568425799124	3.8151497889281005	0.1025064048936075	0.006662473926886721	4992	4285	0.01906446540880502	0.15801886792452835	9277	21390720	4890
ENSG00000273812	1.0000003405248454	0.06909121248636416	2.883027853736498	0.07746191810143661	0.005351937843147695	4732	4548	0.07016509433962259	0.10632861635220126	9280	21521136	4891
ENSG00000226686	1.000000487140218	0.06962589017357272	2.699060811543897	0.07251904530288986	0.0050492030837513534	4685	4597	0.0794025157232704	0.09669811320754718	9282	21536945	4892
ENSG00000134716	1.0000000610976851	0.058695002581361386	3.9724673964164454	0.10673325397221857	0.006264708617416469	4909	4374	0.035377358490566	0.14052672955974843	9283	21471966	4893
ENSG00000260317	1.000000954738868	0.06778644309766275	2.453447224951617	0.06591983763149903	0.004468471322614777	4600	4692	0.09610849056603776	0.07802672955974843	9292	21583200	4894
ENSG00000215861	1.0000000594295713	0.0864351047351978	2.6747021910869155	0.0718645717568028	0.006211621786549389	4911	4384	0.03498427672955973	0.13856132075471694	9295	21529824	4895
ENSG00000008300	1.000001471436535	0.07133784190635702	2.1042935586607867	0.05653868903524666	0.004033348059989107	4534	4763	0.1090801886792453	0.06407232704402521	9297	21595442	4896
ENSG00000253771	1.0000014857297488	0.11227290257712091	1.332527507617911	0.03580268450380506	0.004019671309295102	4531	4767	0.1096698113207547	0.06328616352201255	9298	21599277	4897
ENSG00000262001	1.0000007812461893	0.0832983530130817	2.0431598359436034	0.05489613278445742	0.004572757447732742	4619	4679	0.09237421383647804	0.08058176100628933	9298	21612301	4898
ENSG00000221953	1.0000031662126767	0.08237420649994265	1.2734326347052922	0.03421490858279224	0.002818425944975588	4385	4914	0.1383647798742138	0.034394654088050314	9299	21547890	4899
ENSG00000232124	1.000000686987267	0.07878083471338145	2.1664682000332425	0.05820921295048996	0.0045857703842485725	4636	4670	0.08903301886792447	0.08235062893081757	9306	21650120	4900
ENSG00000226496	1.0000003571870366	0.11066753200232812	1.7186891270021363	0.04617817209955999	0.00511042433863707	4721	4587	0.07232704402515722	0.09866352201257866	9308	21655227	4901
ENSG00000225489	1.000000003489982	0.0707485766219674	3.525382337879513	0.09472086007741815	0.0067013660268858705	5034	4276	0.010809748427672905	0.1597877358490566	9310	21525384	4902
ENSG00000277806	1.0000043321290542	0.07186049522098292	1.0959983754946003	0.02944756024186154	0.0021161162620298977	4325	4993	0.1501572327044025	0.018867924528301883	9318	21594725	4903
ENSG00000275160	1.0000018086390643	0.10251295485960926	1.2865526053340732	0.034567419256257545	0.0035436082898299176	4492	4827	0.11733490566037741	0.051493710691823846	9319	21682884	4904
ENSG00000247627	1.0000003493017915	0.056813984211400596	3.323163055125939	0.08928758148495253	0.005072783244760237	4727	4592	0.07114779874213839	0.09768081761006286	9319	21706384	4905
ENSG00000175970	1.0000059761202702	0.09486828674973026	0.5331403360194232	0.014324548752376884	0.001358945398600981	4268	5056	0.1613600628930818	0.006485849056603765	9324	21579008	4906
ENSG00000162496	1.000000077294395	0.09001264327662231	2.457807830256356	0.06603699947249568	0.005944164876576249	4889	4439	0.03930817610062898	0.12775157232704404	9328	21702271	4907
ENSG00000250486	1.000001165517995	0.09592083570049265	1.5529590580250845	0.04172529488805208	0.004002325155511449	4565	4770	0.1029874213836478	0.06269654088050314	9335	21775050	4908
ENSG00000109339	1.0000000344655455	0.06849569410281463	3.3406116277500177	0.08975639412644042	0.0061479265158563305	4949	4389	0.027515723270440273	0.13757861635220126	9338	21721161	4909
ENSG00000226887	1.0000000081316958	0.06428209123036624	3.7170011418307483	0.09986932233702782	0.006419808889583675	5005	4336	0.01650943396226412	0.14799528301886788	9341	21701680	4910
ENSG00000104313	1.000000006422485	0.060645490755014145	3.9836502900411745	0.10703371877313027	0.006491112402330655	5019	4329	0.013757861635220081	0.14937106918238996	9348	21727251	4911
ENSG00000145632	1.0000014789958194	0.08849584563993045	1.509361161674237	0.04055389563426154	0.0035888512881474583	4533	4821	0.10927672955974843	0.05267295597484278	9354	21853593	4912
ENSG00000100228	1.0000000058743925	0.06204611918856245	3.858826113942831	0.10367991138848162	0.0064329361394693235	5022	4335	0.013168238993710668	0.14819182389937102	9357	21770370	4913
ENSG00000168785	1.0000001069663453	0.08158097935131262	2.553065542417266	0.06859640766148539	0.0055961621170058625	4864	4497	0.04422169811320753	0.11635220125786161	9361	21873408	4914
ENSG00000164627	1.0000011368540416	0.06786100815237901	2.074081839766928	0.055726952966992364	0.003781687209600311	4568	4797	0.10239779874213839	0.0573899371069182	9365	21912696	4915
ENSG00000277072	1.000004495846514	0.07652992933202703	0.6809599007306685	0.0182962020267677	0.0014002070481530218	4314	5053	0.15231918238993714	0.007075471698113178	9367	21798642	4916
ENSG00000123201	1.0000000102516085	0.06483468656965591	3.5930312379522835	0.09653846775342369	0.006259041298708059	4998	4377	0.017885220125786194	0.13993710691823902	9375	21876246	4917
ENSG00000224596	1.0000009821203257	0.07137068312726198	2.023848591224304	0.05437727340023591	0.003880943149172729	4596	4783	0.09689465408805031	0.06014150943396224	9379	21982668	4918
ENSG00000256417	1.0000002073086738	0.05841664843095492	3.2718398286449104	0.08790861611657344	0.0051353267217336485	4798	4583	0.05719339622641506	0.09944968553459121	9381	21989234	4919
ENSG00000127561	1.0000002158798353	0.07573742901833398	2.509944754201891	0.0674378274691783	0.005107567671097545	4793	4588	0.05817610062893086	0.09846698113207553	9381	21990284	4920
ENSG00000272989	1.0000015241001747	0.08919328447679718	1.353167055872868	0.03635723308178846	0.00324282103305318	4524	4859	0.11104559748427678	0.04520440251572322	9383	21982116	4921
ENSG00000205847	1.0000002546301692	0.06814143774246863	2.7019380695095134	0.07259635219418487	0.0049468198133703735	4773	4611	0.062106918238993725	0.09394654088050314	9384	22008303	4922
ENSG00000213963	1.0000011124644175	0.08643421322565621	1.556824513921224	0.041829152930097493	0.003615469923408629	4571	4815	0.10180817610062898	0.05385220125786161	9386	22009365	4923
ENSG00000196353	1.0000000396864301	0.05979272381542119	3.6700191847950787	0.09860699928890826	0.005895981074749125	4942	4449	0.028891509433962237	0.12578616352201255	9391	21986958	4924
ENSG00000230513	1.0000037790506886	0.06942499710993189	0.8823780385608901	0.023707955255765297	0.0016459247251139001	4356	5037	0.14406446540880502	0.010220125786163492	9393	21941172	4925
ENSG00000130822	1.0000000249112273	0.06177235037417152	3.6131128334550806	0.09707802511641198	0.0059967377811236235	4968	4427	0.023781446540880546	0.1301100628930818	9395	21993336	4926
ENSG00000213640	1.0000022415159446	0.07319779412766855	1.3350870886313984	0.03587145597078336	0.002625711449209127	4461	4939	0.12342767295597479	0.02948113207547165	9400	22032879	4927
ENSG00000253773	1.0000021091961242	0.08755885467666909	1.1394311072714793	0.03061452181230281	0.002680572466359138	4469	4931	0.12185534591194969	0.031053459119496862	9400	22036639	4928
ENSG00000187994	1.0000001224634776	0.08025446195310752	2.462706260903826	0.06616861174018436	0.005310326333392569	4852	4552	0.046580188679245293	0.1055424528301887	9404	22086304	4929
ENSG00000060656	1.0000001695145164	0.08091989969430154	2.3247554972642885	0.06246211589720207	0.005054428153095428	4817	4595	0.053459119496855334	0.09709119496855345	9412	22134115	4930
ENSG00000170667	1.0000018698821866	0.09906391668045825	1.027662539250246	0.027611495791879586	0.002735302918549583	4488	4926	0.11812106918238996	0.03203616352201255	9414	22107888	4931
ENSG00000215548	1.000001698786509	0.05670702842824732	1.8465615047900696	0.04961387933450999	0.00281345566585769	4502	4916	0.11536949685534592	0.03400157232704404	9418	22131832	4932
ENSG00000112293	1.0000002876223502	0.08622560930857226	2.0218400409640735	0.05432330716624378	0.004684060260066099	4759	4660	0.06485849056603776	0.08431603773584906	9419	22176940	4933
ENSG00000227001	1.000001920376058	0.10132360410120497	0.9698661598661753	0.026058608121853753	0.002640352092767154	4484	4936	0.11890723270440251	0.030070754716981174	9420	22133024	4934
ENSG00000180229	1.0000000756783736	0.08033944465490282	2.502708899719039	0.06724341270949494	0.005402298433781257	4891	4536	0.03891509433962259	0.10868710691823902	9427	22185576	4935
ENSG00000119782	1.0000003648497398	0.09775666367433894	1.6417625577413144	0.04411128967239809	0.004312172508745961	4719	4709	0.07272012578616349	0.07468553459119498	9428	22221771	4936
ENSG00000205710	1.0000010419102805	0.09289859908013702	1.3529563463247172	0.036351571684608106	0.0033770100838612697	4583	4848	0.09944968553459121	0.047366352201257844	9431	22218384	4937
ENSG00000070886	1.000000002409702	0.06287177182330018	3.655748443927362	0.09822356943098676	0.006175489844935082	5044	4388	0.008844339622641528	0.1377751572327044	9432	22133072	4938
ENSG00000221947	1.0000002150826044	0.08367639806991788	2.126778454836402	0.057142818885680645	0.004781505259915435	4794	4639	0.05797955974842772	0.08844339622641506	9433	22239366	4939
ENSG00000281706	1.0000009522052424	0.07692121805891172	1.6864421344937517	0.045311751787503435	0.003485435139877835	4601	4834	0.09591194968553463	0.05011792452830188	9435	22241234	4940
ENSG00000135686	1.0000035216473269	0.1048300314389456	0.3595736696565791	0.009661115869648022	0.0010127750803504984	4368	5074	0.14170597484276726	0.002948113207547176	9442	22163232	4941
ENSG00000135253	1.0000003502964796	0.08268474427383636	1.920471280583688	0.05159970579539582	0.004266508478297496	4725	4720	0.07154088050314467	0.07252358490566035	9445	22302000	4942
ENSG00000232229	1.0000000096240709	0.059342286987430576	3.6731523028817477	0.09869118069434184	0.005856560367892001	5001	4456	0.01729559748427678	0.12441037735849059	9457	22284456	4943
ENSG00000162723	1.0000006639607648	0.08401984820578612	1.596189891027696	0.04288683179140356	0.0036033450971408097	4640	4818	0.08824685534591192	0.053262578616352196	9458	22355520	4944
ENSG00000213225	1.0000000000034395	0.05306044851851787	4.389456429911473	0.11793702029030188	0.0062577911935409606	5080	4379	0.00176886792452835	0.13954402515723274	9459	22245320	4945
ENSG00000227218	1.000000245214216	0.08387341818704713	2.0125027753746987	0.0540724311639748	0.0045352396314063785	4779	4681	0.06092767295597479	0.08018867924528306	9460	22370499	4946
ENSG00000182472	1.000000615642681	0.08619684379008836	1.5555737362776236	0.041795546721518514	0.0036026442118760713	4652	4819	0.08588836477987416	0.05306603773584906	9471	22417988	4947
ENSG00000159640	1.0000000480374072	0.062151544564863256	3.229196309157667	0.08676285930059377	0.005392445716395814	4930	4543	0.03125	0.10731132075471694	9473	22396990	4948
ENSG00000162390	1.0000002429407489	0.07172084993960447	2.3071234705789956	0.06198837416581769	0.004445858881546665	4782	4698	0.060338050314465375	0.0768474842767296	9480	22465836	4949
ENSG00000267751	1.0000003554722376	0.09695495681237615	1.5642937867884792	0.04202983923369	0.004075001247733526	4723	4757	0.07193396226415094	0.06525157232704404	9480	22467311	4950
ENSG00000276832	1.0000016600953099	0.09563475266498965	0.8581848951451543	0.02305792778847697	0.002205139221018187	4509	4981	0.11399371069182385	0.021226415094339646	9490	22459329	4951
ENSG00000224738	1.0000006113462048	0.08753721877275532	1.4670985655022344	0.03941837356180328	0.003450574790145768	4653	4838	0.08569182389937102	0.04933176100628933	9491	22511214	4952
ENSG00000223382	1.0000014255686411	0.08793998420552619	1.0009891408392981	0.026894828209040243	0.0023651307679133393	4537	4960	0.10849056603773588	0.025353773584905648	9497	22503520	4953
ENSG00000231806	1.0000000386425605	0.06689093674405056	2.9364249070905117	0.07889660357227102	0.005277467718873214	4945	4554	0.028301886792452824	0.10514937106918243	9499	22519530	4954
ENSG00000255150	1.000000230856854	0.1114791375356171	1.4192178529973898	0.03813190252549962	0.004250911606134917	4787	4724	0.059355345911949686	0.0717374213836478	9511	22613788	4955
ENSG00000230074	1.000000206822403	0.0835506578861903	1.908665508408997	0.051282505336810266	0.004284687058942563	4799	4716	0.05699685534591192	0.0733097484276729	9515	22632084	4956
ENSG00000154274	1.0000000016306683	0.055210728609256667	3.9153236963389504	0.10519790265409684	0.005808052853698342	5052	4464	0.007272012578616316	0.12283805031446537	9516	22552128	4957
ENSG00000164669	1.0000013798615914	0.05924103173622701	1.410575997855484	0.03789971098618473	0.002245217981326401	4542	4976	0.10750786163522008	0.022209119496855334	9518	22600992	4958
ENSG00000277287	1.0000002439870879	0.08555454122029368	1.8167650091572347	0.04881329958935453	0.004176199451815976	4781	4740	0.06053459119496851	0.06859276729559749	9521	22661940	4959
ENSG00000286015	1.000000197147472	0.04553415514513846	3.481263822207078	0.09353547269264284	0.00425905872516066	4801	4722	0.05660377358490565	0.07213050314465408	9523	22670322	4960
ENSG00000227910	1.0000019602181995	0.07142539146065503	0.7577582911628286	0.020359640512895436	0.001454195293631768	4483	5049	0.11910377358490565	0.00786163522012584	9532	22634667	4961
ENSG00000170222	1.0000021712591969	0.10093102888358976	0.42074449971963257	0.011304669129946916	0.0011409918864740977	4465	5069	0.12264150943396224	0.0039308176100628645	9534	22633085	4962
ENSG00000255346	1.0000000696415023	0.05573065706965528	3.1897061182271815	0.08570182691004546	0.004776219125766698	4899	4641	0.03734276729559749	0.08805031446540879	9540	22736259	4963
ENSG00000188681	1.0000002748093888	0.0710141092005951	2.056024500354048	0.05524178382618176	0.003922946069068139	4763	4777	0.06407232704402521	0.061320754716981174	9540	22752851	4964
ENSG00000147586	1.000001569602698	0.1015338443548303	0.6692292675356099	0.017981020421201196	0.0018256821287872674	4519	5023	0.11202830188679247	0.01297169811320753	9542	22698937	4965
ENSG00000161082	1.000000264378812	0.05161886535414288	2.843036283516017	0.07638741452591553	0.003943031665164332	4769	4774	0.06289308176100628	0.06191037735849059	9543	22767206	4966
ENSG00000166796	1.0000000002951137	0.06300764988270195	3.3677347641287465	0.09048514538220793	0.005701256359827543	5066	4478	0.0045204402515722775	0.12008647798742134	9544	22685548	4967
ENSG00000227375	1.000001555779854	0.0886458899799524	0.7250214858496302	0.019480059787101513	0.0017268272366902958	4520	5030	0.11183176100628933	0.011595911949685567	9550	22735600	4968
ENSG00000204588	1.0000009709282962	0.06083770329369154	1.4640496112938057	0.03933645349263633	0.0023931394862111055	4597	4958	0.09669811320754718	0.025746855345911923	9555	22791926	4969
ENSG00000116771	1.000000133864846	0.09034685354501752	1.7676643794504046	0.04749405151058551	0.004290938116086387	4844	4714	0.048152515723270395	0.07370283018867929	9558	22834616	4970
ENSG00000286342	1.0000000023042626	0.05268498729270766	3.9067697135217054	0.1049680720905205	0.005530241544229094	5045	4514	0.00864779874213839	0.11301100628930816	9559	22773130	4971
ENSG00000186862	1.0000005668979928	0.08354666820647795	1.313924834486056	0.03530286319935947	0.0029494365984555665	4659	4901	0.0845125786163522	0.036949685534591215	9560	22833759	4972
ENSG00000250790	1.0000003054900888	0.08700895790220986	1.5469405844659996	0.04156358902547247	0.003616404567782086	4752	4814	0.06623427672955973	0.05404874213836475	9566	22876128	4973
ENSG00000233058	1.0000000034015024	0.06944878237637454	2.9092902801326774	0.07816754358473164	0.0054286407233118	5036	4532	0.01041666666666663	0.10947327044025157	9568	22823152	4974
ENSG00000259711	1.000000792574453	0.07761045214269557	1.1494508258431195	0.03088373413308907	0.002396900569923843	4617	4957	0.09276729559748431	0.02594339622641506	9574	22886469	4975
ENSG00000253686	1.0000003557137305	0.07032288194971366	1.7301694283599298	0.04648662772630833	0.0032690736338374664	4722	4855	0.07213050314465408	0.04599056603773588	9577	22925310	4976
ENSG00000175497	1.0000000016749322	0.05513361555171993	3.674365187426844	0.09872376878161161	0.005442998313822264	5051	4527	0.0074685534591194536	0.11045597484276726	9578	22865877	4977
ENSG00000274512	1.0000000068587156	0.0689725911691666	2.799378486649477	0.07521440584999096	0.0051877324647232	5015	4569	0.014544025157232743	0.10220125786163525	9584	22913535	4978
ENSG00000286619	1.000000000854819	0.04191968286724387	4.831809917065384	0.12982228513413333	0.005442109021923777	5060	4528	0.0056996855345912145	0.11025943396226412	9588	22911680	4979
ENSG00000203875	1.0000005287533147	0.07774045844445769	1.3454303297578178	0.036149360777009816	0.0028102678792788402	4671	4917	0.08215408805031443	0.0338050314465409	9588	22967307	4980
ENSG00000142959	1.0000004203302042	0.0778028714468924	1.4655576818727292	0.039376972712568376	0.003063641545923747	4702	4887	0.07606132075471694	0.03970125786163525	9589	22978674	4981
ENSG00000287733	1.0000011119346257	0.09480653895183462	0.7403514281509018	0.019891948535766164	0.0018858867936840044	4572	5018	0.10161163522012584	0.013954402515723219	9590	22942296	4982
ENSG00000150401	1.000001602641457	0.06152898400632206	0.5062732283399126	0.013602676540148531	8.369588672819713e-4	4514	5084	0.11301100628930816	9.827044025156884e-4	9598	22949176	4983
ENSG00000285644	1.0000000253017793	0.08440934323806204	2.116924032612338	0.05687804778877012	0.004801038658513192	4966	4635	0.024174528301886822	0.08922955974842772	9601	23017410	4984
ENSG00000113231	1.0000001177808866	0.0862706474731287	1.7577792026434416	0.04722845409179998	0.004074429313654518	4859	4758	0.04520440251572322	0.0650550314465409	9617	23119122	4985
ENSG00000257512	1.0000003273617595	0.08015218865458285	1.4431438951072773	0.03877475344766661	0.0031078813533723104	4744	4876	0.06780660377358494	0.04186320754716977	9620	23131744	4986
ENSG00000270996	1.0000009888609207	0.07314806170117433	0.8955054160890048	0.024060664939666392	0.001759991003577999	4595	5028	0.09709119496855345	0.011988993710691842	9623	23103660	4987
ENSG00000163041	1.0000012639664144	0.07716080673024764	0.5094542211307258	0.013688144255184264	0.0010561882533700225	4553	5071	0.10534591194968557	0.003537735849056589	9624	23088263	4988
ENSG00000261456	1.0000003757798397	0.07758328926605529	1.3621258646900567	0.0365979406122357	0.002839388613060995	4715	4912	0.07350628930817615	0.03478773584905659	9627	23160080	4989
ENSG00000159247	1.000000012462834	0.0486506666191696	3.6614458915505788	0.09837664988791155	0.004786089596807553	4991	4638	0.019261006289308158	0.0886399371069182	9629	23148258	4990
ENSG00000265975	1.000000338482228	0.09739963765215603	1.1356074987714002	0.030511788136628734	0.0029718371086269917	4736	4895	0.06937893081761004	0.03812893081761004	9631	23182720	4991
ENSG00000253978	1.0000005314202138	0.08552238016599617	1.0272908910362206	0.027601510254112383	0.0023605468531078407	4669	4963	0.08254716981132071	0.024764150943396235	9632	23172247	4992
ENSG00000143001	1.0000001167786932	0.07536353330875259	1.9497703953108885	0.052386921785176	0.003948063524900128	4861	4773	0.04481132075471694	0.062106918238993725	9634	23201553	4993
ENSG00000183793	1.0000000811242629	0.0626221660067708	2.4233831694450227	0.06511206902030417	0.004077458795233806	4883	4754	0.040487421383647804	0.06584119496855345	9637	23213782	4994
ENSG00000254851	1.000000002293023	0.07039236244778589	2.622831441389225	0.07047089539681371	0.004960612810792517	5046	4608	0.008451257861635253	0.09453616352201255	9654	23251968	4995
ENSG00000128203	1.0000002377502764	0.08062751573816396	1.4304373081846855	0.03843334967167779	0.0030987855055235594	4784	4878	0.0599449685534591	0.04147012578616349	9662	23336352	4996
ENSG00000270659	1.0000004553058837	0.10013906504734849	0.8403462360468884	0.022578634205406505	0.0022610033193754893	4692	4974	0.07802672955974843	0.02260220125786161	9666	23338008	4997
ENSG00000272221	1.0000000460695648	0.08699327502017766	1.7980178284545774	0.0483095956191206	0.004202609937807728	4932	4737	0.030856918238993725	0.0691823899371069	9669	23362884	4998
ENSG00000184083	1.0000004673025749	0.08946023841956846	0.9110314870288619	0.024477823321962838	0.0021897919103748688	4689	4986	0.07861635220125784	0.020243710691823846	9675	23379354	4999
ENSG00000272768	1.000000487826185	0.07668011708708047	1.0293403135550574	0.027656574654237282	0.002120709382714497	4684	4992	0.07959905660377353	0.01906446540880502	9676	23382528	5000
ENSG00000181908	1.0000002414060487	0.09701916857900125	1.131481814659907	0.030400938217387513	0.002949473749872521	4783	4900	0.06014150943396224	0.03714622641509435	9683	23436700	5001
ENSG00000286388	1.0000004358636168	0.07118713192339063	1.0967812499206493	0.02946859470900889	0.002097784739147147	4697	4998	0.07704402515723274	0.017885220125786194	9695	23475606	5002
ENSG00000137709	1.0000000541776914	0.054497247049469025	2.678825956924376	0.07197537013537443	0.003922459527744475	4920	4778	0.03321540880503149	0.061124213836478036	9698	23507760	5003
ENSG00000175946	1.0000000051097802	0.05413994220241502	3.149856475815231	0.08463113668661061	0.004581924848737783	5026	4673	0.012382075471698117	0.08176100628930816	9699	23486498	5004
ENSG00000287346	1.0000001158664409	0.06545665428158608	1.9509174219621692	0.05241774038597672	0.0034310899106668106	4862	4843	0.044614779874213806	0.04834905660377353	9705	23546666	5005
ENSG00000166669	1.0000000028586051	0.04683595296375266	3.563716135438391	0.09575082219976616	0.004484581004788892	5041	4686	0.009433962264150941	0.07920597484276726	9727	23622126	5006
ENSG00000205129	1.0000004655663433	0.06002622807988199	1.008111490906699	0.027086193303517473	0.001625882017052712	4690	5039	0.0784198113207547	0.009827044025157217	9729	23632910	5007
ENSG00000260318	1.0000000000308862	0.048943449379512144	3.579387618084109	0.09617188754037928	0.004706983909564688	5076	4655	0.0025550314465409008	0.08529874213836475	9731	23628780	5008
ENSG00000239830	1.0000000143737047	0.0691995339313311	2.2108660560792814	0.05940210572273994	0.0041105980305532605	4987	4750	0.02004716981132071	0.066627358490566	9737	23688250	5009
ENSG00000254854	1.0000001741988662	0.07598826129800038	1.3419381676159063	0.03605553248551999	0.002739797223748234	4815	4925	0.05385220125786161	0.03223270440251569	9740	23713875	5010
ENSG00000253210	1.0000001060562778	0.07413743058312869	1.56875662051814	0.04214974777374079	0.0031248739996720906	4865	4875	0.04402515723270439	0.042059748427672905	9740	23716875	5011
ENSG00000203280	1.0000001281186783	0.07975819034842169	1.393814891627649	0.0374493693648829	0.002986893930232682	4849	4893	0.047169811320754707	0.038522012578616316	9742	23726157	5012
ENSG00000278071	1.0000001593663712	0.0639591603890628	1.610412863013837	0.04326897818299031	0.002767447515476736	4821	4922	0.05267295597484278	0.03282232704402521	9743	23728962	5013
ENSG00000064763	1.0000000044681645	0.06411297705147317	2.478961735142087	0.06660536791391063	0.00427026842456948	5029	4719	0.011792452830188704	0.07272012578616349	9748	23731851	5014
ENSG00000261572	1.0000000078820355	0.055173918941165016	2.8168624300492158	0.07568416884238297	0.004175792196839084	5008	4741	0.015919811320754707	0.06839622641509435	9749	23742928	5015
ENSG00000271361	1.000000156313702	0.06746278735113635	1.4814219248781269	0.03980321718704778	0.0026852359769809	4823	4929	0.05227987421383651	0.03144654088050314	9752	23772567	5016
ENSG00000166473	1.000000007218054	0.0648149536152454	2.3867051260919845	0.0641265941187517	0.00415636222331056	5013	4744	0.014937106918239018	0.06780660377358494	9757	23781672	5017
ENSG00000227403	1.000000000066248	0.051890391144977906	3.2084947423710886	0.0862066443930912	0.004473296496853518	5070	4690	0.0037342767295597268	0.0784198113207547	9760	23778300	5018
ENSG00000214725	1.000000042357637	0.07858402792879052	1.6942364160259755	0.045521170505718786	0.00357723693437264	4938	4823	0.029677672955974788	0.05227987421383651	9761	23815974	5019
ENSG00000167216	1.0000001196060462	0.079593759857479	1.3493527445314806	0.03625474920451444	0.0028856518018772507	4854	4908	0.04618710691823902	0.03557389937106914	9762	23823432	5020
ENSG00000258819	1.00000003817687	0.0861351171790434	1.5347398930385012	0.04123577777699184	0.003551848550790186	4946	4825	0.028105345911949686	0.05188679245283023	9771	23864450	5021
ENSG00000176920	1.0000000172071166	0.05451812219669649	2.590995272278134	0.06961551319120975	0.003795307054944109	4981	4794	0.021226415094339646	0.05797955974842772	9775	23878914	5022
ENSG00000277117	1.0000000037872632	0.07256798820244448	2.1244807181700955	0.057081082718534903	0.004142259337301398	5031	4745	0.011399371069182429	0.0676100628930818	9776	23872095	5023
ENSG00000178462	1.0000000078695603	0.05868387379099478	2.544333342643089	0.06836178871984873	0.004011734581362254	5009	4769	0.01572327044025157	0.06289308176100628	9778	23887921	5024
ENSG00000272138	1.0000001454004206	0.0827105927288054	1.11595223583692	0.02998368558440412	0.0024799684068802026	4831	4951	0.050707547169811296	0.027122641509433998	9782	23918281	5025
ENSG00000230606	1.0000001411726238	0.05503963344123263	1.662917243827333	0.044679679103299	0.0024591531601174787	4837	4953	0.04952830188679247	0.026729559748427723	9790	23957661	5026
ENSG00000283317	1.0000001389540591	0.08605415578726894	1.0689346391358334	0.028720404960782774	0.0024715102027686527	4842	4952	0.04854559748427678	0.02692610062893086	9794	23977584	5027
ENSG00000175518	1.0000000407133103	0.08011093103159744	1.5424427250143227	0.04144273940550573	0.0033200164382749353	4940	4854	0.029284591194968512	0.04618710691823902	9794	23978760	5028
ENSG00000277782	1.000000322621863	0.06113030054505979	0.8767824803648578	0.023557612389618125	0.00144008392550138	4746	5051	0.06741352201257866	0.0074685534591194536	9797	23972046	5029
ENSG00000272902	1.0000003129441055	0.07247587043193039	0.6955510423146722	0.01868824049178694	0.0013544464964835054	4749	5057	0.06682389937106914	0.0062893081761006275	9806	24015693	5030
ENSG00000188611	1.0000000984241608	0.08738916430304838	1.106361386182107	0.029725996221631763	0.0025977299678839735	4869	4943	0.04323899371069184	0.0286949685534591	9812	24067467	5031
ENSG00000278212	1.0000002443959326	0.05302161143987016	1.1872033512419307	0.031898078488720255	0.001691287523307406	4780	5033	0.06073113207547165	0.011006289308176154	9813	24057740	5032
ENSG00000261068	1.000000032224135	0.05910227881692274	2.0122019654276246	0.054064348926595736	0.003195326224315059	4952	4864	0.02692610062893086	0.04422169811320753	9816	24086528	5033
ENSG00000260265	1.0000000000008205	0.037154671008864965	4.2299943247202325	0.11365255230758795	0.004222723190306247	5086	4733	5.89622641509413e-4	0.06996855345911945	9819	24072038	5034
ENSG00000215193	1.0000003291415158	0.06685771397664017	0.3088821520582889	0.008299123414546623	5.548604195065955e-4	4742	5089	0.06819968553459121	0	9831	24132038	5035
ENSG00000160223	1.0000000088778582	0.0629285251368553	2.0504283649735098	0.055091425452096	0.003466822151387413	5003	4835	0.016902515723270395	0.049921383647798745	9838	24189505	5036
ENSG00000224237	1.000000055271249	0.0417129127960119	2.471474541997413	0.06640420012379346	0.002769912609052719	4917	4921	0.0338050314465409	0.03301886792452835	9838	24196557	5037
ENSG00000236438	1.0000000980062125	0.056539462614744164	1.501000882936433	0.04032926956065159	0.0022801952286044002	4870	4970	0.043042452830188704	0.02338836477987416	9840	24203900	5038
ENSG00000280310	1.0000002084051933	0.08546954041266083	0.6321222541465925	0.01698401984474	0.001451616370489439	4797	5050	0.0573899371069182	0.007665094339622591	9847	24224850	5039
ENSG00000169668	1.0000000479936273	0.07363343131402889	1.4184894384720486	0.03811233130067335	0.002806341729045644	4931	4918	0.031053459119496862	0.03360849056603776	9849	24250658	5040
ENSG00000163666	1.000000232151255	0.07600164808218829	0.5795918037464364	0.015572618480214585	0.0011835446694514508	4786	5065	0.059551886792452824	0.004716981132075526	9851	24241090	5041
ENSG00000247516	1.0000000000014335	0.038450993248727874	3.7653597704888426	0.10116863414483995	0.003890034468486261	5082	4781	0.0013757861635219637	0.06053459119496851	9863	24297042	5042
ENSG00000232453	1.0000000717652155	0.07298500004665799	1.1808401055790707	0.03172710920246902	0.002315603066622524	4896	4967	0.0379323899371069	0.023977987421383684	9863	24318432	5043
ENSG00000223393	1.0000001535850065	0.07085569538692418	0.8189621696312362	0.022004081726068464	0.001559114512051292	4827	5042	0.051493710691823846	0.009237421383647804	9869	24337734	5044
ENSG00000287168	1.0000000074867337	0.0693395988277236	1.7304990160015343	0.04649548317002807	0.003223978150310921	5011	4862	0.015330188679245293	0.044614779874213806	9873	24363482	5045
ENSG00000228217	1.000000005732872	0.07199868375576722	1.7224786172714601	0.046279989078021756	0.0033320982978488492	5024	4852	0.012775157232704393	0.046580188679245293	9876	24376448	5046
ENSG00000173988	1.0000000109676546	0.05664367070658243	2.0216582954243574	0.05431842398133297	0.003076794921299155	4997	4884	0.018081761006289332	0.040290880503144666	9881	24405348	5047
ENSG00000233435	1.000000077549224	0.07313729577005247	1.0764001000698855	0.02892098884439442	0.0021152029150748627	4888	4994	0.039504716981132115	0.018671383647798745	9882	24410672	5048
ENSG00000288046	1.000000015367023	0.06260372711210563	1.7615513577834645	0.04732980530564402	0.0029630222156236275	4985	4898	0.020440251572327095	0.03753930817610063	9883	24416530	5049
ENSG00000269514	1.0000000587892726	0.0590638736644949	1.3906900485446019	0.03736541029432965	0.0022069458730463037	4914	4980	0.034394654088050314	0.021422955974842783	9894	24471720	5050
ENSG00000265018	1.0000000150743291	0.06316067805451657	1.6952281550140846	0.04554781679849579	0.002876830992895894	4986	4909	0.020243710691823846	0.035377358490566	9895	24476274	5051
ENSG00000165985	1.0000000067231234	0.06991876486965334	1.6470727118288138	0.04425396422911414	0.003094182519485481	5017	4881	0.014150943396226467	0.04088050314465408	9898	24487977	5052
ENSG00000280303	1.0000000676273288	0.05887328119964286	1.3332800422731792	0.03582290379435382	0.0021090118884727455	4903	4996	0.03655660377358494	0.01827830188679247	9899	24495388	5053
ENSG00000233396	1.0000000790874333	0.06998482770943021	1.003092584082069	0.026951344051574115	0.0018861851699869911	4887	5017	0.03970125786163525	0.014150943396226467	9904	24518079	5054
ENSG00000221886	1.0000001188320986	0.09308233455583749	0.5251270660125307	0.01410924619669948	0.0013133215748118588	4855	5061	0.04599056603773588	0.005503144654088077	9916	24571155	5055
ENSG00000274225	1.000000051241234	0.06333897009812187	1.2529266286560743	0.033663948050408406	0.002132239798949546	4925	4991	0.03223270440251569	0.019261006289308158	9916	24580675	5056
ENSG00000237032	1.0000000272730347	0.06099814444922005	1.484632960088696	0.03988949208937991	0.0024331850004740163	4961	4955	0.02515723270440251	0.026336477987421336	9916	24581755	5057
ENSG00000234156	1.0000000009290366	0.0600322995896345	1.9718837075194893	0.05298106782404763	0.003180575336191972	5059	4866	0.005896226415094352	0.043828616352201255	9925	24617094	5058
ENSG00000227632	1.0000000897331538	0.061043306720047256	0.7179176016906222	0.019289190839299298	0.0011774759927848728	4874	5066	0.042256289308176154	0.0045204402515722775	9940	24691684	5059
ENSG00000242082	1.0000000028025753	0.06404827961203713	1.698311433044129	0.04563065908874203	0.002922565212197293	5042	4903	0.009237421383647804	0.03655660377358494	9945	24720926	5060
ENSG00000214263	1.0000000000000044	0.0291643998644408	4.167535318511973	0.11197438800635483	0.0032656658263933765	5089	4857	0	0.045597484276729605	9946	24717273	5061
ENSG00000100206	1.0000000232294266	0.049891889997825664	1.6373257332155375	0.04399207995418439	0.002194848013849719	4970	4982	0.02338836477987416	0.021029874213836508	9952	24760540	5062
ENSG00000213058	1.0000000000000566	0.03248271187403223	3.5840050378652135	0.09629594953737328	0.0031279535834588435	5088	4874	1.9654088050313767e-4	0.042256289308176154	9962	24798912	5063
ENSG00000224905	1.0000000262856867	0.07446830746994275	1.0244597358435505	0.027525442063726074	0.002049773082847649	4965	5001	0.02437106918238996	0.01729559748427678	9966	24829965	5064
ENSG00000271943	1.0000000078887739	0.07848506285530482	1.119712413453193	0.030084714983125014	0.0023612007464344975	5007	4962	0.016116352201257844	0.024960691823899372	9969	24844734	5065
ENSG00000128578	1.0000000030986596	0.05778277735533248	1.6939036364192437	0.04551222929947651	0.0026298230125564905	5039	4938	0.009827044025157217	0.029677672955974788	9977	24882582	5066
ENSG00000224969	1.0000000409123646	0.08012416396564778	0.5552114248544534	0.014917560323018789	0.001195257049288999	4939	5064	0.02948113207547165	0.004913522012578664	10003	25011096	5067
ENSG00000261172	1.000000000022129	0.05442952540206227	1.709636924778552	0.045934955251560355	0.0025002178137073982	5077	4950	0.002358490566037763	0.027319182389937136	10027	25131150	5068
ENSG00000234719	1.0000000000517204	0.04178888949324132	2.1510618765137552	0.05779527197202731	0.0024152002336708766	5073	4956	0.0031446540880503138	0.0261399371069182	10029	25141788	5069
ENSG00000236423	1.0000000068450061	0.05900809654561292	1.1620338917461326	0.03122181911523065	0.0018423401166811932	5016	5022	0.014347484276729605	0.013168238993710668	10038	25190352	5070
ENSG00000186676	1.000000000065664	0.03285674342550398	2.572504399075226	0.06911869575539782	0.002271015252340577	5071	4972	0.003537735849056589	0.022995283018867885	10043	25213012	5071
ENSG00000176753	1.0000000022809137	0.05870377224211377	1.3313336332978958	0.035770607188048094	0.0020998695773292927	5047	4997	0.008254716981132115	0.018081761006289332	10044	25219859	5072
ENSG00000223751	1.0000000003404783	0.052884163457732496	1.5422752460068045	0.04143823953737325	0.0021914266330951204	5064	4984	0.004913522012578664	0.020636792452830233	10048	25238976	5073
ENSG00000140876	1.0000000058381502	0.05091741155540931	1.313514085675009	0.03529182709690893	0.0017969684848356583	5023	5026	0.01297169811320753	0.012382075471698117	10049	25245598	5074
ENSG00000226465	1.000000000122993	0.050702428317362096	1.55235654309054	0.041709106365123275	0.002114752975658894	5068	4995	0.004127358490566002	0.018474842767295607	10063	25314660	5075
ENSG00000280670	1.0000000066113985	0.06398994122861933	0.8827998027335955	0.0237192873217257	0.001517795801701963	5018	5045	0.013954402515723219	0.00864779874213839	10063	25315810	5076
ENSG00000236397	1.0000000000085651	0.04470627325514657	1.8070697404973917	0.048552804670470254	0.0021706149529017995	5078	4989	0.0021619496855346254	0.019654088050314433	10067	25334142	5077
ENSG00000148200	1.000000000579428	0.0476475681423654	1.44754566871017	0.0388930214088611	0.0018531578878411854	5061	5021	0.005503144654088077	0.013364779874213806	10082	25411281	5078
ENSG00000249626	1.0000000030401144	0.05451521866948229	1.0581378020601564	0.02843031282441069	0.0015498847204645353	5040	5043	0.009630503144654079	0.009040880503144666	10083	25416720	5079
ENSG00000227582	1.0000000014189092	0.06169757385426724	1.0386468590947384	0.02790662526247811	0.001721771073155103	5054	5031	0.0068789308176100405	0.011399371069182429	10085	25426674	5080
ENSG00000215914	1.000000000316134	0.04540224359795853	1.350462202576812	0.0362845584025536	0.0016474003594370917	5065	5036	0.004716981132075526	0.01041666666666663	10101	25507340	5081
ENSG00000253570	1.0000000000029703	0.04347788118965975	1.4198952368148472	0.038150102644420814	0.0016586856301474523	5081	5035	0.0015723270440252124	0.010613207547169767	10116	25582835	5082
ENSG00000180015	1.0000000022052824	0.04829074503059613	0.7668194459945555	0.02060309790182423	9.949389476174041e-4	5048	5075	0.008058176100628978	0.0027515723270440384	10123	25618600	5083
ENSG00000236296	1.0000000000544815	0.045209579667280245	1.1387922258596175	0.030597356185707133	0.0013832936120858766	5072	5055	0.0033411949685534514	0.006682389937106903	10127	25638960	5084
ENSG00000244693	1.0000000012496135	0.03959770184205576	0.8330763383870442	0.02238330476507424	8.863274283272757e-4	5055	5082	0.006682389937106903	0.0013757861635219637	10137	25689510	5085
ENSG00000238072	1.0000000000068698	0.03798345186411286	1.3029172720274103	0.03500710924035315	0.0013296908487326943	5079	5060	0.0019654088050314877	0.0056996855345912145	10139	25699740	5086
ENSG00000239335	1.000000000039447	0.04617368827154673	0.9277110845946511	0.02492597494801514	0.001150924197114034	5074	5068	0.002948113207547176	0.004127358490566002	10142	25715032	5087
ENSG00000236496	1.0000000000012623	0.04184152301501491	1.0361228487423353	0.027838809516975812	0.0011648181891151595	5083	5067	0.001179245283018826	0.00432389937106914	10150	25755561	5088
ENSG00000198468	1.000000000001158	0.03593135124202489	0.954835197432933	0.02565475243954372	9.218099209324404e-4	5084	5081	9.827044025156884e-4	0.0015723270440252124	10165	25831804	5089
