## htsjdk.samtools.metrics.StringHeader
# CollectInsertSizeMetrics HISTOGRAM_FILE=/work/ugbogu/pipeline/data/nbl/GSE189367/results/picard/SRR17010973_insert_size_histogram.pdf MINIMUM_PCT=0.5 INPUT=/work/ugbogu/pipeline/data/nbl/GSE189367/results/star/SRR17010973.Aligned.sortedByCoord.out.bam OUTPUT=/work/ugbogu/pipeline/data/nbl/GSE189367/results/picard/SRR17010973_insert_size_metrics.txt    DEVIATIONS=10.0 METRIC_ACCUMULATION_LEVEL=[ALL_READS] INCLUDE_DUPLICATES=false ASSUME_SORTED=true STOP_AFTER=0 VERBOSITY=INFO QUIET=false VALIDATION_STRINGENCY=STRICT COMPRESSION_LEVEL=5 MAX_RECORDS_IN_RAM=500000 CREATE_INDEX=false CREATE_MD5_FILE=false USE_JDK_DEFLATER=false USE_JDK_INFLATER=false
## htsjdk.samtools.metrics.StringHeader
# Started on: Thu Apr 16 23:11:21 UTC 2026

## METRICS CLASS	picard.analysis.InsertSizeMetrics
MEDIAN_INSERT_SIZE	MODE_INSERT_SIZE	MEDIAN_ABSOLUTE_DEVIATION	MIN_INSERT_SIZE	MAX_INSERT_SIZE	MEAN_INSERT_SIZE	STANDARD_DEVIATION	READ_PAIRS	PAIR_ORIENTATION	WIDTH_OF_10_PERCENT	WIDTH_OF_20_PERCENT	WIDTH_OF_30_PERCENT	WIDTH_OF_40_PERCENT	WIDTH_OF_50_PERCENT	WIDTH_OF_60_PERCENT	WIDTH_OF_70_PERCENT	WIDTH_OF_80_PERCENT	WIDTH_OF_90_PERCENT	WIDTH_OF_95_PERCENT	WIDTH_OF_99_PERCENT	SAMPLE	LIBRARY	READ_GROUP
1437	77800	1256	24	3435938	2321.01587	3004.692356	48268459	FR	863	1655	2147	2367	2513	2639	5387	12397	38467	152623	215345			

## HISTOGRAM	java.lang.Integer
insert_size	All_Reads.fr_count
24	4
25	4
26	12
27	12
28	22
29	11
30	20
31	29
32	16
33	54
34	73
35	733
36	748
37	836
38	796
39	842
40	835
41	952
42	905
43	990
44	947
45	994
46	982
47	917
48	993
49	1014
50	1009
51	1177
52	1090
53	1191
54	1081
55	1114
56	1161
57	1323
58	1376
59	1478
60	1504
61	1558
62	1742
63	1865
64	1619
65	1868
66	2175
67	2459
68	2827
69	2735
70	3056
71	3253
72	2953
73	3566
74	3843
75	10513
76	5530
77	5037
78	6415
79	5220
80	5194
81	5669
82	5087
83	5739
84	5735
85	6286
86	6598
87	6921
88	7473
89	8122
90	9164
91	9941
92	10833
93	11994
94	13512
95	14362
96	15203
97	16992
98	18209
99	20209
100	21235
101	22492
102	23647
103	27642
104	35296
105	42644
106	38369
107	36601
108	35635
109	38145
110	39422
111	39464
112	42014
113	44137
114	46070
115	47478
116	48831
117	50969
118	52324
119	51856
120	55749
121	61387
122	60187
123	66419
124	67544
125	62464
126	61830
127	64122
128	63838
129	64678
130	66674
131	68098
132	67761
133	71875
134	71627
135	72133
136	76833
137	75096
138	73842
139	74335
140	74655
141	76350
142	75856
143	76177
144	75964
145	75411
146	75530
147	80351
148	75678
149	78467
150	74165
151	80646
152	77025
153	80187
154	77491
155	77779
156	78470
157	77965
158	76256
159	75402
160	75549
161	75935
162	76563
163	76786
164	75322
165	74618
166	75218
167	76724
168	77750
169	78755
170	82970
171	76980
172	75962
173	75533
174	74880
175	75564
176	74353
177	73863
178	75292
179	76042
180	77040
181	76207
182	76315
183	73656
184	71626
185	70258
186	71657
187	72419
188	72162
189	69738
190	70730
191	69081
192	69103
193	68662
194	68418
195	66702
196	66570
197	66232
198	66139
199	65833
200	67217
201	66632
202	66691
203	66096
204	63969
205	65494
206	63733
207	63647
208	64961
209	63506
210	62403
211	62518
212	63904
213	61574
214	61985
215	61313
216	60787
217	61551
218	59935
219	61041
220	60508
221	61934
222	61434
223	61906
224	60815
225	61245
226	61969
227	64244
228	60722
229	64212
230	66742
231	63455
232	63834
233	66307
234	62290
235	59618
236	61452
237	57797
238	57307
239	56274
240	55324
241	56425
242	55764
243	55261
244	54433
245	54352
246	53461
247	53365
248	53367
249	52514
250	53229
251	53105
252	52730
253	52444
254	51563
255	50783
256	51479
257	51384
258	50310
259	50021
260	49653
261	49972
262	49754
263	50193
264	49502
265	50182
266	49323
267	48789
268	49194
269	48709
270	48282
271	47818
272	47464
273	48060
274	48920
275	49136
276	48221
277	46354
278	47333
279	46790
280	46025
281	46345
282	46135
283	46307
284	45382
285	45107
286	45946
287	44963
288	44114
289	43992
290	43607
291	43583
292	43462
293	43299
294	42674
295	42258
296	42098
297	41903
298	42051
299	41839
300	42069
301	40796
302	40897
303	41482
304	41201
305	40532
306	40204
307	40557
308	40590
309	40240
310	39395
311	38648
312	39303
313	38190
314	38711
315	38859
316	38272
317	38196
318	37568
319	37487
320	37340
321	37260
322	37333
323	37151
324	36965
325	37257
326	36099
327	35676
328	35390
329	36365
330	35608
331	35254
332	34710
333	34906
334	34481
335	34803
336	34747
337	34265
338	34532
339	33470
340	34122
341	33739
342	33120
343	32649
344	32965
345	32714
346	32809
347	32770
348	32612
349	32070
350	31651
351	31608
352	32474
353	31833
354	31145
355	31308
356	31633
357	31621
358	31580
359	31434
360	30835
361	30881
362	30400
363	30273
364	30155
365	29752
366	30476
367	29109
368	29746
369	29004
370	28638
371	28784
372	28073
373	28384
374	28439
375	27998
376	27478
377	27328
378	27284
379	27386
380	27332
381	27075
382	26441
383	26404
384	26503
385	25986
386	26117
387	25704
388	25334
389	24765
390	25229
391	24895
392	24676
393	25221
394	24603
395	24687
396	24957
397	24604
398	24501
399	23963
400	24025
401	24113
402	23817
403	23567
404	23253
405	22990
406	22727
407	22190
408	22349
409	22047
410	22119
411	22200
412	22068
413	21742
414	22286
415	21114
416	21263
417	21605
418	21324
419	21108
420	20918
421	20630
422	20932
423	20984
424	21213
425	20181
426	20384
427	20046
428	20207
429	20116
430	20059
431	19495
432	19553
433	19093
434	18913
435	19030
436	18723
437	18699
438	18285
439	18451
440	18506
441	18705
442	18321
443	18444
444	18177
445	18059
446	17866
447	17787
448	17664
449	17537
450	17489
451	17347
452	17277
453	17317
454	18618
455	17352
456	16703
457	16794
458	16304
459	16506
460	16131
461	16011
462	15876
463	15598
464	15641
465	15500
466	15338
467	15791
468	15660
469	15440
470	15218
471	15218
472	15063
473	15089
474	14621
475	14973
476	14593
477	14790
478	14885
479	14636
480	14896
481	14070
482	14383
483	14449
484	14454
485	14070
486	14178
487	14056
488	13687
489	14056
490	13410
491	13881
492	13550
493	13396
494	13581
495	13115
496	13071
497	13121
498	12823
499	13351
500	12750
501	12752
502	12746
503	12925
504	12547
505	12875
506	12858
507	12992
508	12662
509	12625
510	12590
511	12288
512	12405
513	12104
514	11883
515	12144
516	11841
517	11766
518	12179
519	11838
520	11971
521	11670
522	11880
523	11685
524	11951
525	11697
526	11297
527	11345
528	11370
529	11128
530	11049
531	11043
532	11108
533	11445
534	11401
535	11386
536	11504
537	11499
538	11301
539	11100
540	11490
541	11035
542	11041
543	11515
544	10964
545	10915
546	10987
547	10651
548	10745
549	10795
550	10730
551	10961
552	10415
553	10683
554	10712
555	10479
556	10502
557	10732
558	10455
559	10178
560	10089
561	10081
562	10161
563	10648
564	10371
565	10070
566	9909
567	9913
568	10038
569	9642
570	10008
571	10081
572	10054
573	9921
574	9716
575	9723
576	9758
577	9785
578	9979
579	9739
580	9852
581	9729
582	9869
583	9671
584	9711
585	9620
586	9739
587	9667
588	9677
589	9491
590	9708
591	9546
592	9740
593	9468
594	9537
595	9251
596	9026
597	9222
598	8965
599	8970
600	9104
601	9430
602	8963
603	9090
604	8914
605	9171
606	9111
607	9159
608	8815
609	8891
610	8903
611	8699
612	8603
613	8837
614	9229
615	8834
616	8567
617	8643
618	8955
619	8547
620	8967
621	8611
622	8553
623	8544
624	9246
625	8963
626	8731
627	8861
628	8530
629	8262
630	8561
631	8497
632	8564
633	8748
634	9015
635	8744
636	8630
637	8316
638	8598
639	8624
640	8539
641	8637
642	8458
643	8276
644	8633
645	8517
646	8781
647	8625
648	8446
649	8747
650	8125
651	8312
652	8479
653	8358
654	8226
655	8264
656	8179
657	8392
658	8241
659	8542
660	8423
661	8199
662	8246
663	8383
664	8359
665	8022
666	8149
667	8240
668	8227
669	8746
670	8542
671	8136
672	8233
673	8123
674	8103
675	7799
676	7747
677	7931
678	8008
679	7775
680	8116
681	7734
682	7798
683	8168
684	8047
685	8207
686	7693
687	7768
688	7752
689	7775
690	8199
691	8123
692	8271
693	8202
694	8296
695	8162
696	7923
697	8228
698	8186
699	8306
700	8109
701	8228
702	8196
703	8302
704	7848
705	7921
706	7639
707	7919
708	7991
709	7985
710	8328
711	8297
712	8138
713	7985
714	8261
715	8013
716	8109
717	8041
718	8236
719	8034
720	7792
721	7959
722	7993
723	8011
724	7985
725	7930
726	7968
727	7819
728	8109
729	7764
730	7876
731	8057
732	7874
733	7957
734	8436
735	8107
736	7878
737	7751
738	7688
739	7519
740	7772
741	7669
742	7859
743	7751
744	7985
745	8061
746	7398
747	7635
748	7465
749	7913
750	7982
751	7879
752	7564
753	8044
754	7880
755	7675
756	8011
757	8019
758	7701
759	7974
760	7825
761	7732
762	8031
763	7932
764	7662
765	7552
766	7876
767	7684
768	7853
769	7814
770	7794
771	7944
772	8084
773	8771
774	7731
775	8521
776	7424
777	7682
778	7969
779	7849
780	8520
781	8268
782	8237
783	7816
784	8109
785	8359
786	8059
787	8085
788	8007
789	7823
790	7742
791	8074
792	8169
793	8460
794	8997
795	8439
796	8375
797	8156
798	8125
799	8041
800	7823
801	8199
802	8935
803	8647
804	8421
805	8341
806	8286
807	7929
808	7826
809	7618
810	7442
811	7526
812	7369
813	7528
814	7451
815	7198
816	7454
817	7601
818	7462
819	7527
820	7471
821	7729
822	7644
823	7844
824	7608
825	7449
826	7565
827	7846
828	7799
829	7604
830	7646
831	7355
832	7418
833	7745
834	7959
835	8159
836	8142
837	8811
838	7917
839	7970
840	7607
841	7627
842	7559
843	7746
844	7876
845	7695
846	7905
847	7734
848	8018
849	7548
850	7731
851	7501
852	7748
853	7835
854	7949
855	7950
856	7685
857	7652
858	7720
859	7799
860	8194
861	8053
862	7749
863	7828
864	8095
865	7966
866	7903
867	7889
868	7755
869	7659
870	7650
871	8048
872	7839
873	8165
874	7622
875	7675
876	8026
877	7882
878	7426
879	8095
880	7674
881	7585
882	8286
883	7459
884	7610
885	7685
886	7419
887	7486
888	7350
889	7331
890	7441
891	7406
892	7436
893	7551
894	7378
895	7164
896	7134
897	7250
898	7027
899	7194
900	7341
901	7271
902	7312
903	7411
904	6953
905	7116
906	7190
907	7307
908	7203
909	7133
910	7479
911	7260
912	7027
913	7222
914	7189
915	7189
916	7146
917	7612
918	7356
919	7590
920	7081
921	7249
922	7401
923	7441
924	7156
925	7133
926	7150
927	7176
928	7088
929	7234
930	6962
931	6970
932	7219
933	7092
934	7118
935	7181
936	7297
937	7300
938	7400
939	7165
940	7423
941	7447
942	7182
943	7164
944	7005
945	7204
946	6954
947	6881
948	7131
949	6904
950	7053
951	7093
952	6996
953	7135
954	6850
955	7157
956	7007
957	6838
958	6759
959	6595
960	6887
961	6863
962	7064
963	6731
964	6721
965	6837
966	6868
967	6990
968	6950
969	6846
970	6817
971	6896
972	7049
973	6885
974	7028
975	6938
976	6973
977	7099
978	7249
979	7216
980	7316
981	7047
982	6925
983	7061
984	6645
985	6633
986	6582
987	6762
988	6761
989	6788
990	6788
991	6839
992	7084
993	6865
994	6867
995	6809
996	6957
997	6611
998	6843
999	6886
1000	6689
1001	6764
1002	6724
1003	6613
1004	6464
1005	6917
1006	6437
1007	6618
1008	6828
1009	6646
1010	6715
1011	6674
1012	6511
1013	6522
1014	6946
1015	6372
1016	6296
1017	6715
1018	6700
1019	6530
1020	6683
1021	6474
1022	6837
1023	6249
1024	6412
1025	6245
1026	6643
1027	6653
1028	6336
1029	6871
1030	6541
1031	6221
1032	6545
1033	6464
1034	6563
1035	6642
1036	6578
1037	6758
1038	6304
1039	6337
1040	6473
1041	6617
1042	6398
1043	6646
1044	6748
1045	6958
1046	6655
1047	6809
1048	6926
1049	6846
1050	6918
1051	6703
1052	7082
1053	6858
1054	6631
1055	6549
1056	6646
1057	6861
1058	6200
1059	6393
1060	6270
1061	6099
1062	6270
1063	6447
1064	6089
1065	6221
1066	6240
1067	6411
1068	6427
1069	6229
1070	6115
1071	6024
1072	5865
1073	6033
1074	6060
1075	6091
1076	5980
1077	6072
1078	6292
1079	6040
1080	6286
1081	6096
1082	6184
1083	6157
1084	6022
1085	6066
1086	5970
1087	6086
1088	6131
1089	6087
1090	5836
1091	5812
1092	5621
1093	5856
1094	6367
1095	6259
1096	5921
1097	6044
1098	5800
1099	6193
1100	5635
1101	5666
1102	5996
1103	5783
1104	6285
1105	5923
1106	6030
1107	6024
1108	6133
1109	6252
1110	6115
1111	6130
1112	6093
1113	6077
1114	5909
1115	5813
1116	6030
1117	6130
1118	6251
1119	5878
1120	6104
1121	6088
1122	6123
1123	6222
1124	6068
1125	6103
1126	6360
1127	6088
1128	5985
1129	5970
1130	5937
1131	5746
1132	5681
1133	5831
1134	5890
1135	5893
1136	5943
1137	5705
1138	5708
1139	5891
1140	5618
1141	5939
1142	5767
1143	5837
1144	5677
1145	5827
1146	5650
1147	5632
1148	5609
1149	5662
1150	5692
1151	5868
1152	5796
1153	5857
1154	5750
1155	5649
1156	5837
1157	5918
1158	5716
1159	5910
1160	5898
1161	5763
1162	5871
1163	5743
1164	5995
1165	5894
1166	5946
1167	6033
1168	5829
1169	5868
1170	5808
1171	5961
1172	5892
1173	5923
1174	5967
1175	5692
1176	5741
1177	5817
1178	5776
1179	5758
1180	5792
1181	5742
1182	5575
1183	5729
1184	5820
1185	5899
1186	6164
1187	6025
1188	5958
1189	5490
1190	5667
1191	5817
1192	5725
1193	5682
1194	5615
1195	5589
1196	5564
1197	5634
1198	5684
1199	5656
1200	5710
1201	5788
1202	5695
1203	5960
1204	5624
1205	5560
1206	5532
1207	5782
1208	5812
1209	5727
1210	5826
1211	5732
1212	5807
1213	5710
1214	5854
1215	5555
1216	5771
1217	5945
1218	5816
1219	5718
1220	5576
1221	5618
1222	5397
1223	5617
1224	5775
1225	5654
1226	5650
1227	5730
1228	5716
1229	5659
1230	5537
1231	5723
1232	5570
1233	5373
1234	5910
1235	5609
1236	5362
1237	5559
1238	5472
1239	5423
1240	5373
1241	5462
1242	5548
1243	5508
1244	5304
1245	5565
1246	5347
1247	5620
1248	5548
1249	5655
1250	5869
1251	5705
1252	5748
1253	6326
1254	6302
1255	6830
1256	6034
1257	6519
1258	6308
1259	5946
1260	6215
1261	6055
1262	6077
1263	6365
1264	7234
1265	7168
1266	7109
1267	7386
1268	6317
1269	7097
1270	6256
1271	6169
1272	6191
1273	6124
1274	5750
1275	5854
1276	5532
1277	5592
1278	5767
1279	5592
1280	5719
1281	5810
1282	5576
1283	5582
1284	5565
1285	5600
1286	5955
1287	5763
1288	5876
1289	5665
1290	5608
1291	5707
1292	5611
1293	5476
1294	5364
1295	5510
1296	5516
1297	5551
1298	5724
1299	5919
1300	5472
1301	5910
1302	5572
1303	5499
1304	5567
1305	6099
1306	5718
1307	5609
1308	5821
1309	5864
1310	6044
1311	6147
1312	6068
1313	6209
1314	6204
1315	6198
1316	6251
1317	6685
1318	6054
1319	6132
1320	6152
1321	5955
1322	6076
1323	6038
1324	5933
1325	6023
1326	6930
1327	6578
1328	5870
1329	5818
1330	5480
1331	5681
1332	5998
1333	5632
1334	5611
1335	5535
1336	5629
1337	5681
1338	5455
1339	5683
1340	5757
1341	5580
1342	5710
1343	5614
1344	5549
1345	5606
1346	5773
1347	5638
1348	5974
1349	5822
1350	5785
1351	6241
1352	6088
1353	6132
1354	5725
1355	5576
1356	5745
1357	5834
1358	5672
1359	5766
1360	5683
1361	5640
1362	5631
1363	5845
1364	5843
1365	5505
1366	5558
1367	5662
1368	5986
1369	6323
1370	5634
1371	5738
1372	5770
1373	5781
1374	5440
1375	5628
1376	5761
1377	5755
1378	5656
1379	5648
1380	5692
1381	5471
1382	5427
1383	5753
1384	5290
1385	5724
1386	5492
1387	5452
1388	5617
1389	5462
1390	5363
1391	5633
1392	5432
1393	5442
1394	5443
1395	5584
1396	5442
1397	5641
1398	5585
1399	5350
1400	5452
1401	5536
1402	5371
1403	5215
1404	5303
1405	5438
1406	5373
1407	5543
1408	5283
1409	5391
1410	5292
1411	5158
1412	5257
1413	5326
1414	5174
1415	5122
1416	5150
1417	5106
1418	5295
1419	5092
1420	5172
1421	5423
1422	5161
1423	5269
1424	5396
1425	5084
1426	5280
1427	5344
1428	5279
1429	5056
1430	5296
1431	5090
1432	5080
1433	5161
1434	4891
1435	5452
1436	5251
1437	5206
1438	5293
1439	5081
1440	5305
1441	5319
1442	5194
1443	5295
1444	5096
1445	5153
1446	5211
1447	5157
1448	5124
1449	5044
1450	4870
1451	4969
1452	5035
1453	5087
1454	5054
1455	5145
1456	4995
1457	5155
1458	5221
1459	5380
1460	5546
1461	5560
1462	5441
1463	5340
1464	5428
1465	4926
1466	5132
1467	5260
1468	5109
1469	5183
1470	5212
1471	5460
1472	5345
1473	5432
1474	5330
1475	5219
1476	5089
1477	5128
1478	4995
1479	5342
1480	5146
1481	4954
1482	5470
1483	5800
1484	5877
1485	5790
1486	5586
1487	5963
1488	5744
1489	5562
1490	5513
1491	5652
1492	6170
1493	6632
1494	6073
1495	5371
1496	5550
1497	5714
1498	6337
1499	7018
1500	6694
1501	6181
1502	5358
1503	5457
1504	5723
1505	5429
1506	5759
1507	6312
1508	5456
1509	5577
1510	5699
1511	5595
1512	5317
1513	5468
1514	5273
1515	5291
1516	5317
1517	5407
1518	5089
1519	5089
1520	5400
1521	5578
1522	5379
1523	5588
1524	5760
1525	5479
1526	5822
1527	5273
1528	5729
1529	5300
1530	5358
1531	5494
1532	5460
1533	5594
1534	5916
1535	5869
1536	6062
1537	6629
1538	5928
1539	6589
1540	5842
1541	5666
1542	6315
1543	5452
1544	5818
1545	5469
1546	5429
1547	5675
1548	5562
1549	5739
1550	5698
1551	5785
1552	5649
1553	5616
1554	5852
1555	5568
1556	6107
1557	5768
1558	6258
1559	6138
1560	5998
1561	5582
1562	5582
1563	5558
1564	5669
1565	5545
1566	5430
1567	6093
1568	5604
1569	5603
1570	5399
1571	5582
1572	5320
1573	5814
1574	5938
1575	5946
1576	5477
1577	5227
1578	5384
1579	5225
1580	5336
1581	5621
1582	5459
1583	5736
1584	5558
1585	5989
1586	6071
1587	6090
1588	5465
1589	5709
1590	5583
1591	5859
1592	5672
1593	5707
1594	5656
1595	5523
1596	5219
1597	5191
1598	5842
1599	6167
1600	5811
1601	5896
1602	5524
1603	6114
1604	5701
1605	5937
1606	5499
1607	6056
1608	5280
1609	5645
1610	5198
1611	5260
1612	5351
1613	5497
1614	5660
1615	5457
1616	5457
1617	5341
1618	5225
1619	5316
1620	5331
1621	5840
1622	5609
1623	5624
1624	5637
1625	5456
1626	5515
1627	5423
1628	5649
1629	5917
1630	5552
1631	5505
1632	5690
1633	5542
1634	5765
1635	5572
1636	5551
1637	5684
1638	5608
1639	6322
1640	5995
1641	5744
1642	5825
1643	5706
1644	5676
1645	5685
1646	5389
1647	5415
1648	5276
1649	5340
1650	5178
1651	5474
1652	5033
1653	5254
1654	5234
1655	5254
1656	5236
1657	5035
1658	5250
1659	5292
1660	5122
1661	5291
1662	5123
1663	5372
1664	5215
1665	5246
1666	5361
1667	5402
1668	5506
1669	5303
1670	5453
1671	5287
1672	5541
1673	5241
1674	5358
1675	5094
1676	5483
1677	5214
1678	5254
1679	5508
1680	5383
1681	5259
1682	5419
1683	5636
1684	5310
1685	5147
1686	5328
1687	5233
1688	5314
1689	5127
1690	5398
1691	5470
1692	5368
1693	5730
1694	5339
1695	5435
1696	5425
1697	5221
1698	5109
1699	5060
1700	5014
1701	5288
1702	5277
1703	5525
1704	5276
1705	5240
1706	5346
1707	5303
1708	5334
1709	5482
1710	5249
1711	5471
1712	5538
1713	5602
1714	5494
1715	5572
1716	5572
1717	5479
1718	5279
1719	5239
1720	5167
1721	5116
1722	5349
1723	5581
1724	5444
1725	5070
1726	5328
1727	5323
1728	5385
1729	5170
1730	5080
1731	5320
1732	5157
1733	5100
1734	5177
1735	5196
1736	5032
1737	4811
1738	5099
1739	5012
1740	4946
1741	4815
1742	4858
1743	4810
1744	4719
1745	4897
1746	4814
1747	5001
1748	5043
1749	4787
1750	5028
1751	4810
1752	4978
1753	5069
1754	5178
1755	5236
1756	5058
1757	4790
1758	5270
1759	5248
1760	5640
1761	5085
1762	4934
1763	4790
1764	5010
1765	5178
1766	4768
1767	5014
1768	5045
1769	5132
1770	4992
1771	5388
1772	5423
1773	5430
1774	5033
1775	4859
1776	4983
1777	5112
1778	4876
1779	4983
1780	4839
1781	5039
1782	4806
1783	4641
1784	4753
1785	4713
1786	4696
1787	4705
1788	5022
1789	4956
1790	4843
1791	4728
1792	4882
1793	5029
1794	4680
1795	4780
1796	4892
1797	4921
1798	4775
1799	4698
1800	4973
1801	4934
1802	4928
1803	5245
1804	4915
1805	5022
1806	4934
1807	5025
1808	5217
1809	5062
1810	5314
1811	5133
1812	5036
1813	5218
1814	5978
1815	5586
1816	5355
1817	5637
1818	5059
1819	5550
1820	5023
1821	4735
1822	4929
1823	4887
1824	4907
1825	4824
1826	4834
1827	4886
1828	4825
1829	4659
1830	4428
1831	4548
1832	4595
1833	4495
1834	4493
1835	4501
1836	4573
1837	4737
1838	4403
1839	4422
1840	4434
1841	4387
1842	4591
1843	4492
1844	4475
1845	4500
1846	4441
1847	4470
1848	4360
1849	4442
1850	4469
1851	4297
1852	4609
1853	4804
1854	4867
1855	4599
1856	4553
1857	4543
1858	4541
1859	4648
1860	4757
1861	4878
1862	5127
1863	5163
1864	5063
1865	5258
1866	4854
1867	5196
1868	4949
1869	5137
1870	5257
1871	4800
1872	5324
1873	4979
1874	4956
1875	4552
1876	4574
1877	4396
1878	4532
1879	4408
1880	4489
1881	4298
1882	4367
1883	4381
1884	4373
1885	4389
1886	4408
1887	4461
1888	4353
1889	4461
1890	4321
1891	4369
1892	4349
1893	4327
1894	4454
1895	4234
1896	4352
1897	4331
1898	4218
1899	4361
1900	4199
1901	4213
1902	4294
1903	4480
1904	4262
1905	4459
1906	4268
1907	4347
1908	4306
1909	4446
1910	4463
1911	4230
1912	4431
1913	4147
1914	4445
1915	4570
1916	4605
1917	4577
1918	4406
1919	4469
1920	4245
1921	4557
1922	4502
1923	4312
1924	4225
1925	4243
1926	4110
1927	4218
1928	4284
1929	4254
1930	4264
1931	4328
1932	4139
1933	4146
1934	4242
1935	4218
1936	4415
1937	4501
1938	4424
1939	4364
1940	4120
1941	4227
1942	4489
1943	4378
1944	4370
1945	4414
1946	4345
1947	4421
1948	4304
1949	4139
1950	4376
1951	4028
1952	4168
1953	4247
1954	4300
1955	4351
1956	4387
1957	4323
1958	4383
1959	4331
1960	4411
1961	4475
1962	4488
1963	4472
1964	4549
1965	4434
1966	4398
1967	4293
1968	4356
1969	4468
1970	4356
1971	4397
1972	4205
1973	4275
1974	4409
1975	4332
1976	4491
1977	4645
1978	4564
1979	4605
1980	4714
1981	5006
1982	4900
1983	4710
1984	4612
1985	4800
1986	4482
1987	4587
1988	4473
1989	4633
1990	4662
1991	4632
1992	5039
1993	4777
1994	4875
1995	4605
1996	4812
1997	4880
1998	5101
1999	4942
2000	4838
2001	5041
2002	4841
2003	5086
2004	4951
2005	4766
2006	4787
2007	4740
2008	5151
2009	5179
2010	4854
2011	5088
2012	5121
2013	5112
2014	5133
2015	5300
2016	5026
2017	4882
2018	5041
2019	5139
2020	5411
2021	5377
2022	5545
2023	5302
2024	5281
2025	5334
2026	4877
2027	5122
2028	5026
2029	4928
2030	4928
2031	4647
2032	4684
2033	4821
2034	4951
2035	4921
2036	4974
2037	4801
2038	5065
2039	5060
2040	5116
2041	5078
2042	4970
2043	5123
2044	4883
2045	4839
2046	5138
2047	4978
2048	5039
2049	4864
2050	5116
2051	5135
2052	5066
2053	5233
2054	5252
2055	5288
2056	5235
2057	5707
2058	5862
2059	5203
2060	5197
2061	5218
2062	5167
2063	5116
2064	5500
2065	5266
2066	5175
2067	5156
2068	4949
2069	5106
2070	5000
2071	5063
2072	5046
2073	4911
2074	5144
2075	4888
2076	4709
2077	4733
2078	5139
2079	5062
2080	4924
2081	4853
2082	4889
2083	5028
2084	5027
2085	4910
2086	4751
2087	4723
2088	4875
2089	4797
2090	4936
2091	4735
2092	4466
2093	4485
2094	4396
2095	4588
2096	4483
2097	4429
2098	4694
2099	4510
2100	4699
2101	4505
2102	4602
2103	4398
2104	4297
2105	4760
2106	4580
2107	4357
2108	4367
2109	4236
2110	4366
2111	4228
2112	4252
2113	4227
2114	4247
2115	4298
2116	4308
2117	4198
2118	4519
2119	4572
2120	4709
2121	4386
2122	4594
2123	4420
2124	4267
2125	4205
2126	4407
2127	4432
2128	4392
2129	4401
2130	4314
2131	4219
2132	4299
2133	4397
2134	4273
2135	4202
2136	4115
2137	4123
2138	4176
2139	4110
2140	4012
2141	3969
2142	4101
2143	4291
2144	4377
2145	4332
2146	4262
2147	4333
2148	4174
2149	4060
2150	4014
2151	4062
2152	3960
2153	4277
2154	3880
2155	3881
2156	3957
2157	3837
2158	3865
2159	3792
2160	3846
2161	4065
2162	4075
2163	3932
2164	3981
2165	4206
2166	4161
2167	4134
2168	3954
2169	4122
2170	4543
2171	4528
2172	4300
2173	4074
2174	4210
2175	4088
2176	3799
2177	4035
2178	4071
2179	4104
2180	3907
2181	3902
2182	3913
2183	3832
2184	3873
2185	3756
2186	3841
2187	3578
2188	3738
2189	3804
2190	3857
2191	4018
2192	3671
2193	3765
2194	3708
2195	3690
2196	3748
2197	3778
2198	3753
2199	3896
2200	3924
2201	3859
2202	3879
2203	4030
2204	4139
2205	4202
2206	3816
2207	3828
2208	3929
2209	4045
2210	3957
2211	3886
2212	3939
2213	3835
2214	3977
2215	3650
2216	3844
2217	3865
2218	3841
2219	4128
2220	3681
2221	3834
2222	3770
2223	3819
2224	3693
2225	3636
2226	4220
2227	3484
2228	3497
2229	3573
2230	3417
2231	3582
2232	3707
2233	3796
2234	3719
2235	3595
2236	3772
2237	3808
2238	3654
2239	3800
2240	3859
2241	3683
2242	3908
2243	3804
2244	3732
2245	3682
2246	3811
2247	3701
2248	3722
2249	3703
2250	3741
2251	3878
2252	3782
2253	3766
2254	3891
2255	3799
2256	3939
2257	3859
2258	3874
2259	3975
2260	4032
2261	4051
2262	3937
2263	3785
2264	3910
2265	3826
2266	3841
2267	3623
2268	3879
2269	3717
2270	3767
2271	3790
2272	3936
2273	3921
2274	3729
2275	3844
2276	3954
2277	3900
2278	4156
2279	3779
2280	3846
2281	3786
2282	3842
2283	3850
2284	3689
2285	3774
2286	3809
2287	3882
2288	3893
2289	3960
2290	3842
2291	3730
2292	3786
2293	3731
2294	3859
2295	3861
2296	3858
2297	4020
2298	3758
2299	3867
2300	3703
2301	3864
2302	3803
2303	3652
2304	3689
2305	3716
2306	3891
2307	3697
2308	3742
2309	3920
2310	3812
2311	3897
2312	3924
2313	3845
2314	3866
2315	3718
2316	3853
2317	3591
2318	3866
2319	4002
2320	3926
2321	3587
2322	3716
2323	3981
2324	3887
2325	3922
2326	4116
2327	3843
2328	3955
2329	4023
2330	3749
2331	3673
2332	3668
2333	3695
2334	3624
2335	3838
2336	3835
2337	3713
2338	3993
2339	4070
2340	4073
2341	3881
2342	4072
2343	3998
2344	3766
2345	3842
2346	3820
2347	3855
2348	3845
2349	3787
2350	3834
2351	3900
2352	3892
2353	3841
2354	3767
2355	4173
2356	3662
2357	3778
2358	3972
2359	3852
2360	4123
2361	3908
2362	4141
2363	3837
2364	3774
2365	3881
2366	3995
2367	3776
2368	3826
2369	3918
2370	3703
2371	3971
2372	3721
2373	3762
2374	3827
2375	3731
2376	3900
2377	3948
2378	3907
2379	3885
2380	3736
2381	3965
2382	4060
2383	3955
2384	3766
2385	3870
2386	3901
2387	3568
2388	3764
2389	3797
2390	3536
2391	3856
2392	4093
2393	3814
2394	3737
2395	3626
2396	3796
2397	3963
2398	4700
2399	5408
2400	4922
2401	5382
2402	4592
2403	4510
2404	4380
2405	5728
2406	5054
2407	4024
2408	4107
2409	3783
2410	3567
2411	3721
2412	3512
2413	3829
2414	3941
2415	3818
2416	3890
2417	3715
2418	3748
2419	3850
2420	3602
2421	3482
2422	3445
2423	3635
2424	3591
2425	3624
2426	3677
2427	3861
2428	3682
2429	3707
2430	3589
2431	3640
2432	3600
2433	3506
2434	3435
2435	3558
2436	3399
2437	3307
2438	3397
2439	3399
2440	3340
2441	3332
2442	3382
2443	3265
2444	3404
2445	3216
2446	3307
2447	3357
2448	3241
2449	3490
2450	3220
2451	3239
2452	3346
2453	3425
2454	3367
2455	3227
2456	3126
2457	3154
2458	3089
2459	3172
2460	3175
2461	3187
2462	3184
2463	3207
2464	3018
2465	3058
2466	3174
2467	2962
2468	3118
2469	3104
2470	3176
2471	3185
2472	3192
2473	3216
2474	3220
2475	3129
2476	3163
2477	3028
2478	3266
2479	3079
2480	3253
2481	3249
2482	3181
2483	3282
2484	3317
2485	3147
2486	3103
2487	3306
2488	3127
2489	3390
2490	3271
2491	3399
2492	3530
2493	3409
2494	3231
2495	3492
2496	3383
2497	3350
2498	3487
2499	3218
2500	3324
2501	3181
2502	3543
2503	3412
2504	3366
2505	3362
2506	3267
2507	3361
2508	3339
2509	3402
2510	3348
2511	3238
2512	3607
2513	3561
2514	3395
2515	3383
2516	3364
2517	3459
2518	3386
2519	3339
2520	3470
2521	3534
2522	3588
2523	3619
2524	3555
2525	3407
2526	3542
2527	3515
2528	3574
2529	3579
2530	3487
2531	3759
2532	3831
2533	3716
2534	3552
2535	3776
2536	3549
2537	3497
2538	3581
2539	3505
2540	3519
2541	3629
2542	3763
2543	3572
2544	3539
2545	3562
2546	3632
2547	3990
2548	3794
2549	3685
2550	3617
2551	3669
2552	3668
2553	3552
2554	3577
2555	3596
2556	3489
2557	3688
2558	3658
2559	3786
2560	3634
2561	3911
2562	3687
2563	3745
2564	4183
2565	3959
2566	4651
2567	3922
2568	4381
2569	3942
2570	4276
2571	3974
2572	3779
2573	3800
2574	3717
2575	3926
2576	3652
2577	4000
2578	3761
2579	4049
2580	3763
2581	3885
2582	3740
2583	3700
2584	3882
2585	3509
2586	3696
2587	3399
2588	3614
2589	3584
2590	3663
2591	3651
2592	3586
2593	3487
2594	3306
2595	3758
2596	3399
2597	3529
2598	3405
2599	3350
2600	3276
2601	3554
2602	3403
2603	3271
2604	3476
2605	3365
2606	3361
2607	3309
2608	3191
2609	3340
2610	3338
2611	3299
2612	3435
2613	3267
2614	3148
2615	3219
2616	3493
2617	3401
2618	3451
2619	3318
2620	3192
2621	3202
2622	3343
2623	3552
2624	3451
2625	3411
2626	3628
2627	3275
2628	3368
2629	3625
2630	4137
2631	3322
2632	3365
2633	3490
2634	3393
2635	3361
2636	3486
2637	3267
2638	3391
2639	3415
2640	3341
2641	3250
2642	3354
2643	3352
2644	3388
2645	3310
2646	3265
2647	3321
2648	3274
2649	3327
2650	3431
2651	3522
2652	3712
2653	3674
2654	3576
2655	3292
2656	3460
2657	3623
2658	3482
2659	3310
2660	3537
2661	3374
2662	3618
2663	3441
2664	3558
2665	3761
2666	3585
2667	3508
2668	3565
2669	3468
2670	3658
2671	3361
2672	3608
2673	3212
2674	3384
2675	3454
2676	3520
2677	3327
2678	3544
2679	4115
2680	3356
2681	3387
2682	3604
2683	3570
2684	3724
2685	3768
2686	3632
2687	3447
2688	3534
2689	3537
2690	3540
2691	3667
2692	3365
2693	3410
2694	3251
2695	3453
2696	3330
2697	3485
2698	3516
2699	3488
2700	3594
2701	3561
2702	3724
2703	3544
2704	3527
2705	3563
2706	3496
2707	3616
2708	3637
2709	3815
2710	3807
2711	3814
2712	3500
2713	3270
2714	3599
2715	3508
2716	3606
2717	3552
2718	3906
2719	3815
2720	3842
2721	3738
2722	3869
2723	3570
2724	3591
2725	3548
2726	3457
2727	3508
2728	3571
2729	3718
2730	3504
2731	3435
2732	3438
2733	3441
2734	3548
2735	3353
2736	3482
2737	3503
2738	3572
2739	3806
2740	3530
2741	3546
2742	3596
2743	3515
2744	3499
2745	3401
2746	3518
2747	3809
2748	3416
2749	3390
2750	3305
2751	3396
2752	3406
2753	3261
2754	3289
2755	3205
2756	3458
2757	3472
2758	3335
2759	3380
2760	3468
2761	3724
2762	3857
2763	3819
2764	3826
2765	3958
2766	3923
2767	4111
2768	4108
2769	4443
2770	4477
2771	4027
2772	3730
2773	4142
2774	3759
2775	3952
2776	4136
2777	3607
2778	3649
2779	3572
2780	3532
2781	3659
2782	3384
2783	3684
2784	3726
2785	3402
2786	3184
2787	3166
2788	3199
2789	3361
2790	3468
2791	3284
2792	3200
2793	3224
2794	3113
2795	3265
2796	3273
2797	3120
2798	3082
2799	3108
2800	3236
2801	3213
2802	3315
2803	3355
2804	3241
2805	3193
2806	3229
2807	3256
2808	3370
2809	3412
2810	3528
2811	3343
2812	3556
2813	3489
2814	3666
2815	3844
2816	3917
2817	4485
2818	3585
2819	3839
2820	3629
2821	4317
2822	5089
2823	4915
2824	4456
2825	4057
2826	4251
2827	3790
2828	3645
2829	3206
2830	3311
2831	3012
2832	3082
2833	3070
2834	3081
2835	3144
2836	3053
2837	3043
2838	3112
2839	3152
2840	3299
2841	3377
2842	3197
2843	3312
2844	3183
2845	3223
2846	3390
2847	3467
2848	3470
2849	3223
2850	3358
2851	3047
2852	3191
2853	3189
2854	3225
2855	3230
2856	3391
2857	3267
2858	3224
2859	3211
2860	3358
2861	3606
2862	3684
2863	4094
2864	3440
2865	3594
2866	3210
2867	3412
2868	3380
2869	3127
2870	3291
2871	3107
2872	3053
2873	3181
2874	3249
2875	3075
2876	2945
2877	3060
2878	3086
2879	3072
2880	3213
2881	3232
2882	3136
2883	3181
2884	2978
2885	3141
2886	3234
2887	3283
2888	3442
2889	3245
2890	3321
2891	3291
2892	3341
2893	3753
2894	3181
2895	3125
2896	3129
2897	3035
2898	3304
2899	3080
2900	3179
2901	3370
2902	3046
2903	3233
2904	3041
2905	3006
2906	3083
2907	3035
2908	3121
2909	3176
2910	3140
2911	2999
2912	3103
2913	2779
2914	2805
2915	2767
2916	2736
2917	2988
2918	2990
2919	3158
2920	2971
2921	2831
2922	2967
2923	2701
2924	2865
2925	2644
2926	2789
2927	2662
2928	2818
2929	2756
2930	2838
2931	2756
2932	2648
2933	2718
2934	2767
2935	2780
2936	2752
2937	2652
2938	2723
2939	2666
2940	2815
2941	2745
2942	2662
2943	2822
2944	2854
2945	2820
2946	2876
2947	2784
2948	2776
2949	2739
2950	2669
2951	2631
2952	2823
2953	2747
2954	2785
2955	2725
2956	2665
2957	2609
2958	2731
2959	2779
2960	2626
2961	2761
2962	2900
2963	2796
2964	2707
2965	2694
2966	2742
2967	2648
2968	2791
2969	2948
2970	2878
2971	2734
2972	2680
2973	2732
2974	2921
2975	2853
2976	2775
2977	2922
2978	2854
2979	2838
2980	2791
2981	2800
2982	2777
2983	2826
2984	2720
2985	2766
2986	2742
2987	2774
2988	2811
2989	2796
2990	2763
2991	2811
2992	2650
2993	2725
2994	2807
2995	2770
2996	2802
2997	3081
2998	2839
2999	2888
3000	2976
3001	2993
3002	2805
3003	3001
3004	2887
3005	2941
3006	2954
3007	2754
3008	3046
3009	3077
3010	2907
3011	2883
3012	2903
3013	2966
3014	2770
3015	3013
3016	2988
3017	2781
3018	2918
3019	2946
3020	2933
3021	3039
3022	2824
3023	3032
3024	2927
3025	2999
3026	2809
3027	2797
3028	2758
3029	2865
3030	2869
3031	2874
3032	2674
3033	2768
3034	2658
3035	2793
3036	2692
3037	2837
3038	2863
3039	2784
3040	2940
3041	2872
3042	2994
3043	2986
3044	2945
3045	3110
3046	3064
3047	3099
3048	3337
3049	3183
3050	3271
3051	3579
3052	3482
3053	3879
3054	3966
3055	3849
3056	3712
3057	3738
3058	3787
3059	3731
3060	3745
3061	3361
3062	3438
3063	3442
3064	3321
3065	3353
3066	3331
3067	3155
3068	3118
3069	2994
3070	3105
3071	2982
3072	2972
3073	3052
3074	3217
3075	3254
3076	3378
3077	3350
3078	3237
3079	3038
3080	3293
3081	3058
3082	3172
3083	3156
3084	3161
3085	3154
3086	3060
3087	3137
3088	3280
3089	3018
3090	2947
3091	3047
3092	3004
3093	3095
3094	3113
3095	3287
3096	3363
3097	3093
3098	3161
3099	3164
3100	3090
3101	3176
3102	2982
3103	3114
3104	3305
3105	3030
3106	3050
3107	2945
3108	2961
3109	2962
3110	2865
3111	2767
3112	2970
3113	3015
3114	3055
3115	3190
3116	2955
3117	3132
3118	2901
3119	2981
3120	2722
3121	2889
3122	3026
3123	2983
3124	3019
3125	3076
3126	2987
3127	2928
3128	2880
3129	2805
3130	2853
3131	2958
3132	2901
3133	3105
3134	3163
3135	3027
3136	2892
3137	2893
3138	2998
3139	2866
3140	3084
3141	3133
3142	3112
3143	3017
3144	3148
3145	3110
3146	2818
3147	2971
3148	2873
3149	2938
3150	2808
3151	2869
3152	2894
3153	2756
3154	2848
3155	2859
3156	2918
3157	2813
3158	3033
3159	3032
3160	3306
3161	2884
3162	2978
3163	2913
3164	3247
3165	3050
3166	3301
3167	3065
3168	3038
3169	2925
3170	2947
3171	2935
3172	2760
3173	2844
3174	2752
3175	2703
3176	2971
3177	2931
3178	2906
3179	2848
3180	2809
3181	2827
3182	2860
3183	3054
3184	2868
3185	2752
3186	2690
3187	2910
3188	2981
3189	2862
3190	2958
3191	2896
3192	2912
3193	2837
3194	2772
3195	2911
3196	2826
3197	2883
3198	2639
3199	2868
3200	2956
3201	2824
3202	2620
3203	2731
3204	2888
3205	2815
3206	2987
3207	2996
3208	2831
3209	2764
3210	2821
3211	2874
3212	2989
3213	2689
3214	2765
3215	2774
3216	2654
3217	2796
3218	2845
3219	2794
3220	2880
3221	2774
3222	2822
3223	2730
3224	2845
3225	2786
3226	2831
3227	2724
3228	2753
3229	2655
3230	2877
3231	2874
3232	3019
3233	3016
3234	2908
3235	3118
3236	2971
3237	3030
3238	3082
3239	3115
3240	2957
3241	2932
3242	2997
3243	3194
3244	3058
3245	3077
3246	2862
3247	3002
3248	3056
3249	3032
3250	3036
3251	3071
3252	3066
3253	2773
3254	2841
3255	3052
3256	2963
3257	3031
3258	2860
3259	2908
3260	2906
3261	2969
3262	3090
3263	2870
3264	2912
3265	3051
3266	2847
3267	2878
3268	2916
3269	2826
3270	2915
3271	2924
3272	2771
3273	2764
3274	2874
3275	2966
3276	3056
3277	3025
3278	3042
3279	3086
3280	2922
3281	3152
3282	2991
3283	2959
3284	2984
3285	3142
3286	3213
3287	3000
3288	3049
3289	3142
3290	3050
3291	2954
3292	3009
3293	2923
3294	3050
3295	2941
3296	2927
3297	3024
3298	2768
3299	3119
3300	3000
3301	3067
3302	3058
3303	2988
3304	2899
3305	3006
3306	3005
3307	3041
3308	2818
3309	3050
3310	2953
3311	3065
3312	2915
3313	3109
3314	3139
3315	3377
3316	3174
3317	3631
3318	3254
3319	3441
3320	3300
3321	3218
3322	3452
3323	3265
3324	3136
3325	2921
3326	3187
3327	3015
3328	3058
3329	2894
3330	2957
3331	2904
3332	2896
3333	2961
3334	3099
3335	3311
3336	3073
3337	2989
3338	3465
3339	2990
3340	3585
3341	3164
3342	3307
3343	3309
3344	3419
3345	3364
3346	3317
3347	3358
3348	3212
3349	3443
3350	3318
3351	3377
3352	3253
3353	2986
3354	2846
3355	3141
3356	3135
3357	3078
3358	3302
3359	3356
3360	3417
3361	3207
3362	3078
3363	2996
3364	3009
3365	3030
3366	3143
3367	3054
3368	3030
3369	2936
3370	3123
3371	3174
3372	2949
3373	3075
3374	2905
3375	2901
3376	2932
3377	2748
3378	2856
3379	2922
3380	2871
3381	2749
3382	2884
3383	2830
3384	3378
3385	3420
3386	3365
3387	3178
3388	2931
3389	2767
3390	2884
3391	2663
3392	2570
3393	2682
3394	2582
3395	2417
3396	2453
3397	2505
3398	2553
3399	2593
3400	2545
3401	2646
3402	2662
3403	2553
3404	2522
3405	2582
3406	2504
3407	2507
3408	2559
3409	2518
3410	2589
3411	2665
3412	2668
3413	2618
3414	2558
3415	2650
3416	2600
3417	2557
3418	2558
3419	2746
3420	2565
3421	2552
3422	2490
3423	2546
3424	2587
3425	2455
3426	2553
3427	2474
3428	2408
3429	2525
3430	2593
3431	2399
3432	2400
3433	2599
3434	2537
3435	2676
3436	2597
3437	2551
3438	2424
3439	2491
3440	2471
3441	2510
3442	2507
3443	2474
3444	2553
3445	2442
3446	2426
3447	2574
3448	2434
3449	2577
3450	2416
3451	2484
3452	2520
3453	2402
3454	2364
3455	2451
3456	2522
3457	2566
3458	2426
3459	2403
3460	2509
3461	2460
3462	2495
3463	2488
3464	2539
3465	2601
3466	2401
3467	2418
3468	2485
3469	2547
3470	2439
3471	2490
3472	2364
3473	2430
3474	2528
3475	2444
3476	2441
3477	2399
3478	2464
3479	2591
3480	2553
3481	2417
3482	2248
3483	2454
3484	2410
3485	2421
3486	2395
3487	2416
3488	2417
3489	2554
3490	2434
3491	2427
3492	2395
3493	2525
3494	2546
3495	2488
3496	2495
3497	2455
3498	2442
3499	2514
3500	2578
3501	2574
3502	2411
3503	2585
3504	2411
3505	2537
3506	2531
3507	2608
3508	2547
3509	2456
3510	2495
3511	2450
3512	2310
3513	2486
3514	2546
3515	2597
3516	2352
3517	2467
3518	2449
3519	2421
3520	2364
3521	2388
3522	2312
3523	2594
3524	2706
3525	2480
3526	2528
3527	2592
3528	2474
3529	2456
3530	2418
3531	2521
3532	2425
3533	2436
3534	2437
3535	2455
3536	2353
3537	2445
3538	2419
3539	2498
3540	2356
3541	2359
3542	2504
3543	2400
3544	2366
3545	2454
3546	2567
3547	2637
3548	2488
3549	2538
3550	2416
3551	2258
3552	2411
3553	2386
3554	2439
3555	2395
3556	2522
3557	2552
3558	2403
3559	2325
3560	2351
3561	2419
3562	2430
3563	2553
3564	2553
3565	2559
3566	2541
3567	2372
3568	2435
3569	2376
3570	2656
3571	2511
3572	2602
3573	2596
3574	2560
3575	2545
3576	2609
3577	2616
3578	2546
3579	2576
3580	2727
3581	2544
3582	2445
3583	2538
3584	2463
3585	2442
3586	2382
3587	2487
3588	2437
3589	2436
3590	2430
3591	2520
3592	2550
3593	2534
3594	2486
3595	2505
3596	2545
3597	2603
3598	2568
3599	2408
3600	2490
3601	2471
3602	2588
3603	2424
3604	2568
3605	2478
3606	2487
3607	2527
3608	2320
3609	2547
3610	2559
3611	2451
3612	2414
3613	2476
3614	2421
3615	2436
3616	2330
3617	2599
3618	2675
3619	2646
3620	2605
3621	2598
3622	2794
3623	2978
3624	2950
3625	2757
3626	2726
3627	2567
3628	2752
3629	2545
3630	2409
3631	2398
3632	2422
3633	2424
3634	2376
3635	2411
3636	2496
3637	2497
3638	2515
3639	2469
3640	2463
3641	2426
3642	2429
3643	2512
3644	2521
3645	2312
3646	2431
3647	2399
3648	2376
3649	2267
3650	2352
3651	2394
3652	2306
3653	2349
3654	2387
3655	2495
3656	2519
3657	2281
3658	2338
3659	2322
3660	2293
3661	2423
3662	2356
3663	2321
3664	2397
3665	2351
3666	2528
3667	2524
3668	2365
3669	2530
3670	2423
3671	2582
3672	2578
3673	3126
3674	2966
3675	3718
3676	2916
3677	2871
3678	2687
3679	2694
3680	3010
3681	2626
3682	2504
3683	2527
3684	2458
3685	2442
3686	2471
3687	2394
3688	2251
3689	2424
3690	2523
3691	2555
3692	2504
3693	2580
3694	2611
3695	2478
3696	2635
3697	2583
3698	2834
3699	2844
3700	3150
3701	3064
3702	2614
3703	2559
3704	2495
3705	2549
3706	2542
3707	2461
3708	2519
3709	2481
3710	2674
3711	2657
3712	2980
3713	2694
3714	2562
3715	2773
3716	2904
3717	2676
3718	2844
3719	2488
3720	2545
3721	2481
3722	2262
3723	2490
3724	2594
3725	2462
3726	2728
3727	2583
3728	2411
3729	2524
3730	2428
3731	2365
3732	2484
3733	2369
3734	2439
3735	2439
3736	2478
3737	2493
3738	2505
3739	2424
3740	2496
3741	2377
3742	2449
3743	2393
3744	2630
3745	2411
3746	2476
3747	2662
3748	2616
3749	2588
3750	2526
3751	2419
3752	2540
3753	2766
3754	2517
3755	2970
3756	2591
3757	2526
3758	2559
3759	2556
3760	2578
3761	2447
3762	2524
3763	2395
3764	2440
3765	2336
3766	2479
3767	2556
3768	2683
3769	2746
3770	2411
3771	2922
3772	2856
3773	2828
3774	2953
3775	2769
3776	2463
3777	2574
3778	2367
3779	2371
3780	2471
3781	2385
3782	2513
3783	2585
3784	2561
3785	2475
3786	2736
3787	2544
3788	2586
3789	2618
3790	2500
3791	2687
3792	2565
3793	2362
3794	2506
3795	2420
3796	2474
3797	2285
3798	2355
3799	2397
3800	2469
3801	2652
3802	2499
3803	2485
3804	2276
3805	2497
3806	2477
3807	2417
3808	2483
3809	2287
3810	2408
3811	2491
3812	2454
3813	2379
3814	2527
3815	2675
3816	2605
3817	2542
3818	2337
3819	2546
3820	2388
3821	2219
3822	2239
3823	2373
3824	2208
3825	2248
3826	2333
3827	2248
3828	2631
3829	2325
3830	2171
3831	2265
3832	2295
3833	2400
3834	2300
3835	2344
3836	2604
3837	2442
3838	2351
3839	2353
3840	2365
3841	2384
3842	2287
3843	2178
3844	2269
3845	2228
3846	2254
3847	2308
3848	2226
3849	2215
3850	2270
3851	2240
3852	2253
3853	2216
3854	2137
3855	2259
3856	2199
3857	2171
3858	2131
3859	2181
3860	2177
3861	2141
3862	2135
3863	2275
3864	2076
3865	2132
3866	2189
3867	2116
3868	2063
3869	2077
3870	2152
3871	2110
3872	2123
3873	2114
3874	2035
3875	2174
3876	2101
3877	2224
3878	2239
3879	2079
3880	2309
3881	2248
3882	2284
3883	2185
3884	2167
3885	2133
3886	2206
3887	2182
3888	2100
3889	2178
3890	2217
3891	2190
3892	2237
3893	2273
3894	2385
3895	2285
3896	2339
3897	2268
3898	2420
3899	2279
3900	2289
3901	2373
3902	2295
3903	2349
3904	2291
3905	2363
3906	2385
3907	2432
3908	2496
3909	2385
3910	2465
3911	2294
3912	2418
3913	2336
3914	2347
3915	2357
3916	2405
3917	2487
3918	2338
3919	2397
3920	2379
3921	2283
3922	2197
3923	2268
3924	2348
3925	2260
3926	2180
3927	2399
3928	2205
3929	2295
3930	2280
3931	2335
3932	2369
3933	2357
3934	2143
3935	2386
3936	2483
3937	2522
3938	2466
3939	2445
3940	2413
3941	2401
3942	2260
3943	2238
3944	2241
3945	2280
3946	2291
3947	2312
3948	2218
3949	2299
3950	2393
3951	2433
3952	2262
3953	2394
3954	2506
3955	2390
3956	2717
3957	2728
3958	2539
3959	2489
3960	2462
3961	2412
3962	2347
3963	2360
3964	2442
3965	2370
3966	2530
3967	2276
3968	2541
3969	2281
3970	2309
3971	2555
3972	2255
3973	2399
3974	2446
3975	2392
3976	2352
3977	2288
3978	2606
3979	2242
3980	2428
3981	2360
3982	2147
3983	2343
3984	2265
3985	2435
3986	2373
3987	2461
3988	2420
3989	2366
3990	2519
3991	2283
3992	2314
3993	2333
3994	2380
3995	2490
3996	2167
3997	2343
3998	2391
3999	2471
4000	2583
4001	2534
4002	2649
4003	2533
4004	2480
4005	2288
4006	2176
4007	2419
4008	2538
4009	2657
4010	2749
4011	2360
4012	2936
4013	3084
4014	3108
4015	3450
4016	2880
4017	3259
4018	2978
4019	2921
4020	3005
4021	3163
4022	2927
4023	3086
4024	3204
4025	3271
4026	2813
4027	3136
4028	3418
4029	3015
4030	3947
4031	4102
4032	8161
4033	4868
4034	5777
4035	7929
4036	3606
4037	3909
4038	3549
4039	2933
4040	2991
4041	3171
4042	2875
4043	2784
4044	2882
4045	2537
4046	2649
4047	2541
4048	2435
4049	2403
4050	2468
4051	2445
4052	2488
4053	2416
4054	2506
4055	2570
4056	2555
4057	2595
4058	2483
4059	2431
4060	2443
4061	2709
4062	2586
4063	2494
4064	2620
4065	2779
4066	2748
4067	2840
4068	2787
4069	2738
4070	2658
4071	2649
4072	2771
4073	2703
4074	2626
4075	2752
4076	2633
4077	2677
4078	2617
4079	3010
4080	3164
4081	2826
4082	2720
4083	2746
4084	2441
4085	2502
4086	2720
4087	2859
4088	2635
4089	2617
4090	2674
4091	2812
4092	2644
4093	2906
4094	2669
4095	2533
4096	2859
4097	3673
4098	5124
4099	3028
4100	3154
4101	2729
4102	2688
4103	2800
4104	2755
4105	2631
4106	2670
4107	2747
4108	2797
4109	2893
4110	2682
4111	2729
4112	2700
4113	2468
4114	2614
4115	2548
4116	2746
4117	2561
4118	2510
4119	2616
4120	2577
4121	2551
4122	2828
4123	2624
4124	3080
4125	2748
4126	3186
4127	3126
4128	2718
4129	2773
4130	2657
4131	3077
4132	2581
4133	2519
4134	2734
4135	2448
4136	2325
4137	2448
4138	2144
4139	2300
4140	2395
4141	2475
4142	2512
4143	2573
4144	2845
4145	2528
4146	2872
4147	3046
4148	2774
4149	2600
4150	2838
4151	2428
4152	2388
4153	2407
4154	2524
4155	2397
4156	2393
4157	2487
4158	2456
4159	2467
4160	2382
4161	2227
4162	2290
4163	2136
4164	2367
4165	2353
4166	2246
4167	2882
4168	2427
4169	2588
4170	2450
4171	2676
4172	2387
4173	2378
4174	2317
4175	2245
4176	2167
4177	2113
4178	2132
4179	2057
4180	2112
4181	2219
4182	1977
4183	2068
4184	2030
4185	2142
4186	2259
4187	2091
4188	2011
4189	1986
4190	2039
4191	2062
4192	2031
4193	2014
4194	2061
4195	2080
4196	2153
4197	2048
4198	1943
4199	2109
4200	2084
4201	1938
4202	2035
4203	2050
4204	1971
4205	2039
4206	2107
4207	2126
4208	2018
4209	1933
4210	2070
4211	1969
4212	1955
4213	1869
4214	2007
4215	1904
4216	2062
4217	1999
4218	1979
4219	1877
4220	1918
4221	2064
4222	2084
4223	1979
4224	2085
4225	2133
4226	2231
4227	2193
4228	2167
4229	2118
4230	2000
4231	1984
4232	1886
4233	1962
4234	1949
4235	2066
4236	1979
4237	2050
4238	2035
4239	2039
4240	2036
4241	1962
4242	2008
4243	2107
4244	1985
4245	1904
4246	1933
4247	2042
4248	2123
4249	2129
4250	2082
4251	2111
4252	2069
4253	2062
4254	2054
4255	2077
4256	1920
4257	1926
4258	1932
4259	1938
4260	1994
4261	1880
4262	2047
4263	2160
4264	2000
4265	2061
4266	2165
4267	2136
4268	2189
4269	2044
4270	2076
4271	2015
4272	1951
4273	2026
4274	2052
4275	1983
4276	2154
4277	1954
4278	2039
4279	2144
4280	2075
4281	2124
4282	2057
4283	2102
4284	2006
4285	2035
4286	2057
4287	1930
4288	1999
4289	1958
4290	1959
4291	1966
4292	2151
4293	2126
4294	2122
4295	2156
4296	2031
4297	2046
4298	2027
4299	2112
4300	2076
4301	2024
4302	2116
4303	2046
4304	2161
4305	2044
4306	2202
4307	2006
4308	2033
4309	2050
4310	2025
4311	2186
4312	2076
4313	2071
4314	2021
4315	2023
4316	2044
4317	2069
4318	2087
4319	2050
4320	2030
4321	2016
4322	2062
4323	1983
4324	2027
4325	1982
4326	1903
4327	1833
4328	1906
4329	1914
4330	1833
4331	1919
4332	1929
4333	1870
4334	1852
4335	1978
4336	1934
4337	1911
4338	1930
4339	1899
4340	1806
4341	1855
4342	1887
4343	1826
4344	1881
4345	1922
4346	1812
4347	1845
4348	1763
4349	1762
4350	1848
4351	1842
4352	1919
4353	1807
4354	1837
4355	1815
4356	1822
4357	1771
4358	1833
4359	1768
4360	1859
4361	1801
4362	1808
4363	1848
4364	1887
4365	1730
4366	1807
4367	1852
4368	1896
4369	1831
4370	1857
4371	1889
4372	1887
4373	1860
4374	1924
4375	1940
4376	2114
4377	1966
4378	1995
4379	1914
4380	2009
4381	1977
4382	2007
4383	1900
4384	1870
4385	1907
4386	1816
4387	1775
4388	1732
4389	1734
4390	1815
4391	1840
4392	1879
4393	1824
4394	1793
4395	1871
4396	1837
4397	1770
4398	1815
4399	1746
4400	1762
4401	1846
4402	1734
4403	1847
4404	1902
4405	1783
4406	1871
4407	1798
4408	1772
4409	1884
4410	1826
4411	1946
4412	1957
4413	1827
4414	1857
4415	1803
4416	1749
4417	1908
4418	1744
4419	1740
4420	1814
4421	1778
4422	1920
4423	1875
4424	2018
4425	1884
4426	2124
4427	2246
4428	2378
4429	2041
4430	2131
4431	2148
4432	2065
4433	1840
4434	1905
4435	1723
4436	1648
4437	1664
4438	1764
4439	1648
4440	1828
4441	1734
4442	1906
4443	1694
4444	1756
4445	1668
4446	1648
4447	1684
4448	1772
4449	1822
4450	1782
4451	1908
4452	1797
4453	1766
4454	1688
4455	1694
4456	1813
4457	1796
4458	1883
4459	1819
4460	1907
4461	1787
4462	1799
4463	1814
4464	1976
4465	1956
4466	1940
4467	1773
4468	1711
4469	1753
4470	1710
4471	1636
4472	1729
4473	1777
4474	1731
4475	1783
4476	1638
4477	1730
4478	1704
4479	1764
4480	1758
4481	1818
4482	1795
4483	1700
4484	1796
4485	1681
4486	1665
4487	1776
4488	1657
4489	1775
4490	1786
4491	1827
4492	1738
4493	1721
4494	1776
4495	1735
4496	1779
4497	1679
4498	1725
4499	1664
4500	1784
4501	1720
4502	1699
4503	1724
4504	1760
4505	1668
4506	1763
4507	1794
4508	1712
4509	1803
4510	1704
4511	1700
4512	1678
4513	1628
4514	1677
4515	1728
4516	1718
4517	1685
4518	1706
4519	1734
4520	1719
4521	1828
4522	1695
4523	1716
4524	1759
4525	1692
4526	1680
4527	1745
4528	1679
4529	1684
4530	1727
4531	1702
4532	1689
4533	1732
4534	1784
4535	1765
4536	1630
4537	1604
4538	1659
4539	1691
4540	1658
4541	1663
4542	1661
4543	1669
4544	1638
4545	1681
4546	1814
4547	1760
4548	1752
4549	1674
4550	1740
4551	1638
4552	1675
4553	1695
4554	1737
4555	1699
4556	1710
4557	1660
4558	1693
4559	1685
4560	1744
4561	1802
4562	1675
4563	1719
4564	1695
4565	1789
4566	1759
4567	1750
4568	1645
4569	1652
4570	1694
4571	1608
4572	1742
4573	1704
4574	1649
4575	1643
4576	1683
4577	1693
4578	1675
4579	1719
4580	1812
4581	1721
4582	1724
4583	1743
4584	1691
4585	1740
4586	1770
4587	1733
4588	1597
4589	1725
4590	1743
4591	1757
4592	1758
4593	1806
4594	1800
4595	1795
4596	1753
4597	1804
4598	1790
4599	1704
4600	1718
4601	1748
4602	1747
4603	1768
4604	1856
4605	1762
4606	1804
4607	1785
4608	1685
4609	1830
4610	1765
4611	1789
4612	1807
4613	1906
4614	1723
4615	1805
4616	1771
4617	1705
4618	1702
4619	1829
4620	1832
4621	1825
4622	1846
4623	1786
4624	1747
4625	1871
4626	1810
4627	1910
4628	1795
4629	1720
4630	1879
4631	1915
4632	2153
4633	2014
4634	1982
4635	1924
4636	1967
4637	2011
4638	2081
4639	1982
4640	1822
4641	1836
4642	1849
4643	1993
4644	1862
4645	1920
4646	1828
4647	1717
4648	1769
4649	1785
4650	1764
4651	1657
4652	1751
4653	1693
4654	1818
4655	1780
4656	1726
4657	1898
4658	1798
4659	1843
4660	1919
4661	1934
4662	2183
4663	2042
4664	1921
4665	1847
4666	1862
4667	1798
4668	1779
4669	1773
4670	1903
4671	1890
4672	1957
4673	1933
4674	2038
4675	2111
4676	1978
4677	2124
4678	1738
4679	1747
4680	1851
4681	1653
4682	1727
4683	1810
4684	1782
4685	1820
4686	1767
4687	1740
4688	1809
4689	1687
4690	1773
4691	1662
4692	1840
4693	1733
4694	1913
4695	1737
4696	1877
4697	1822
4698	1995
4699	2049
4700	2520
4701	2223
4702	2004
4703	2003
4704	2082
4705	2103
4706	2090
4707	1933
4708	1806
4709	1799
4710	1768
4711	1750
4712	1720
4713	1879
4714	1804
4715	1771
4716	1769
4717	1722
4718	1753
4719	1859
4720	1702
4721	1658
4722	1810
4723	1695
4724	1780
4725	1929
4726	1915
4727	1691
4728	1688
4729	1722
4730	1709
4731	1738
4732	1712
4733	1829
4734	1653
4735	1860
4736	1863
4737	1877
4738	1788
4739	1865
4740	1750
4741	1817
4742	1740
4743	1660
4744	1794
4745	1769
4746	1778
4747	1723
4748	1728
4749	1642
4750	1658
4751	1644
4752	1644
4753	1754
4754	1676
4755	1690
4756	1822
4757	1772
4758	1844
4759	1789
4760	1846
4761	1857
4762	1693
4763	1699
4764	1646
4765	1676
4766	1702
4767	1671
4768	1669
4769	1674
4770	1706
4771	1633
4772	1669
4773	1612
4774	1635
4775	1644
4776	1681
4777	1680
4778	1767
4779	1663
4780	1734
4781	1692
4782	1751
4783	1726
4784	1720
4785	1817
4786	1682
4787	1805
4788	1591
4789	1740
4790	1707
4791	1694
4792	1761
4793	1759
4794	1741
4795	1761
4796	1648
4797	1703
4798	1633
4799	1654
4800	1726
4801	1704
4802	1662
4803	1715
4804	2192
4805	2053
4806	1907
4807	1739
4808	1821
4809	1722
4810	1672
4811	1721
4812	1725
4813	1696
4814	1659
4815	1878
4816	1754
4817	1877
4818	1703
4819	1719
4820	1806
4821	1687
4822	1714
4823	1692
4824	1759
4825	1768
4826	2109
4827	2178
4828	1795
4829	1746
4830	1664
4831	1819
4832	1730
4833	1755
4834	1587
4835	1687
4836	1700
4837	1740
4838	1771
4839	1679
4840	1682
4841	1551
4842	1710
4843	1632
4844	1687
4845	1724
4846	1754
4847	1702
4848	1682
4849	1828
4850	1648
4851	1656
4852	1816
4853	1752
4854	1698
4855	1815
4856	1668
4857	1624
4858	1779
4859	1801
4860	1678
4861	1675
4862	1823
4863	1798
4864	1809
4865	1668
4866	1697
4867	1679
4868	1572
4869	1936
4870	1669
4871	1617
4872	1668
4873	1618
4874	1768
4875	1761
4876	1710
4877	1634
4878	1632
4879	1664
4880	1621
4881	1531
4882	1413
4883	1624
4884	1664
4885	1583
4886	1717
4887	1642
4888	1495
4889	1605
4890	1682
4891	1574
4892	1615
4893	1685
4894	1655
4895	1606
4896	1594
4897	1563
4898	1629
4899	1699
4900	1682
4901	1695
4902	1726
4903	1648
4904	1599
4905	1613
4906	1668
4907	1627
4908	1678
4909	1777
4910	1643
4911	1652
4912	1755
4913	1744
4914	1654
4915	1613
4916	1829
4917	1605
4918	1611
4919	1671
4920	1555
4921	1703
4922	1588
4923	1747
4924	1535
4925	1665
4926	1490
4927	1528
4928	1530
4929	1616
4930	1578
4931	1602
4932	1617
4933	1593
4934	1595
4935	1667
4936	1507
4937	1634
4938	1636
4939	1696
4940	1617
4941	1572
4942	1640
4943	1494
4944	1560
4945	1567
4946	1546
4947	1710
4948	1670
4949	1676
4950	1746
4951	1569
4952	1670
4953	1696
4954	1710
4955	1606
4956	1577
4957	1606
4958	1673
4959	1687
4960	1666
4961	1752
4962	1714
4963	1696
4964	1684
4965	1674
4966	1618
4967	1682
4968	1762
4969	1792
4970	1763
4971	1665
4972	1652
4973	1615
4974	1701
4975	1560
4976	1646
4977	1681
4978	1691
4979	1495
4980	1677
4981	1718
4982	1631
4983	1640
4984	1725
4985	1632
4986	1721
4987	1915
4988	1972
4989	1673
4990	1606
4991	1604
4992	1577
4993	1748
4994	1675
4995	1744
4996	1768
4997	1594
4998	1540
4999	1593
5000	1666
5001	1567
5002	1631
5003	1575
5004	1782
5005	1599
5006	1603
5007	1591
5008	1647
5009	1662
5010	1681
5011	1694
5012	1644
5013	1667
5014	1531
5015	1617
5016	1591
5017	1547
5018	1584
5019	1480
5020	1557
5021	1648
5022	1520
5023	1411
5024	1600
5025	1558
5026	1463
5027	1508
5028	1574
5029	1450
5030	1513
5031	1473
5032	1545
5033	1522
5034	1504
5035	1460
5036	1510
5037	1519
5038	1451
5039	1555
5040	1379
5041	1494
5042	1442
5043	1544
5044	1499
5045	1601
5046	1532
5047	1452
5048	1498
5049	1466
5050	1567
5051	1512
5052	1405
5053	1455
5054	1404
5055	1507
5056	1606
5057	1458
5058	1529
5059	1513
5060	1424
5061	1386
5062	1451
5063	1487
5064	1465
5065	1562
5066	1471
5067	1517
5068	1425
5069	1485
5070	1432
5071	1427
5072	1491
5073	1505
5074	1425
5075	1467
5076	1474
5077	1572
5078	1511
5079	1537
5080	1591
5081	1573
5082	1419
5083	1554
5084	1555
5085	1586
5086	1543
5087	1560
5088	1662
5089	1552
5090	1644
5091	1545
5092	1552
5093	1523
5094	1474
5095	1532
5096	1599
5097	1536
5098	1553
5099	1530
5100	1605
5101	1512
5102	1501
5103	1497
5104	1511
5105	1525
5106	1467
5107	1512
5108	1384
5109	1456
5110	1419
5111	1425
5112	1432
5113	1510
5114	1544
5115	1504
5116	1496
5117	1479
5118	1515
5119	1367
5120	1474
5121	1545
5122	1487
5123	1546
5124	1492
5125	1573
5126	1423
5127	1456
5128	1490
5129	1303
5130	1429
5131	1468
5132	1390
5133	1418
5134	1345
5135	1442
5136	1380
5137	1405
5138	1434
5139	1509
5140	1476
5141	1447
5142	1410
5143	1394
5144	1457
5145	1396
5146	1366
5147	1315
5148	1411
5149	1404
5150	1432
5151	1503
5152	1433
5153	1437
5154	1392
5155	1496
5156	1417
5157	1442
5158	1382
5159	1372
5160	1314
5161	1475
5162	1374
5163	1518
5164	1437
5165	1478
5166	1423
5167	1442
5168	1451
5169	1467
5170	1406
5171	1467
5172	1358
5173	1341
5174	1402
5175	1375
5176	1340
5177	1442
5178	1452
5179	1376
5180	1391
5181	1379
5182	1456
5183	1447
5184	1416
5185	1433
5186	1432
5187	1393
5188	1378
5189	1400
5190	1453
5191	1398
5192	1422
5193	1332
5194	1385
5195	1366
5196	1348
5197	1370
5198	1305
5199	1413
5200	1391
5201	1302
5202	1410
5203	1308
5204	1331
5205	1330
5206	1490
5207	1342
5208	1475
5209	1390
5210	1351
5211	1326
5212	1304
5213	1309
5214	1414
5215	1341
5216	1360
5217	1358
5218	1361
5219	1436
5220	1312
5221	1394
5222	1371
5223	1357
5224	1409
5225	1364
5226	1331
5227	1370
5228	1297
5229	1426
5230	1359
5231	1335
5232	1443
5233	1397
5234	1356
5235	1374
5236	1385
5237	1324
5238	1451
5239	1385
5240	1394
5241	1318
5242	1469
5243	1365
5244	1382
5245	1396
5246	1368
5247	1421
5248	1380
5249	1380
5250	1412
5251	1294
5252	1347
5253	1379
5254	1271
5255	1306
5256	1279
5257	1334
5258	1345
5259	1380
5260	1413
5261	1337
5262	1357
5263	1397
5264	1386
5265	1369
5266	1337
5267	1424
5268	1419
5269	1397
5270	1371
5271	1434
5272	1329
5273	1356
5274	1329
5275	1344
5276	1439
5277	1353
5278	1365
5279	1310
5280	1386
5281	1358
5282	1373
5283	1408
5284	1417
5285	1371
5286	1404
5287	1359
5288	1346
5289	1421
5290	1363
5291	1399
5292	1420
5293	1412
5294	1399
5295	1376
5296	1332
5297	1376
5298	1479
5299	1394
5300	1407
5301	1449
5302	1523
5303	1550
5304	1415
5305	1358
5306	1437
5307	1442
5308	1572
5309	1509
5310	1439
5311	1441
5312	1489
5313	1514
5314	1359
5315	1463
5316	1445
5317	1464
5318	1524
5319	1536
5320	1546
5321	1384
5322	1566
5323	1460
5324	1383
5325	1355
5326	1423
5327	1451
5328	1447
5329	1449
5330	1486
5331	1487
5332	1401
5333	1414
5334	1456
5335	1417
5336	1399
5337	1542
5338	1363
5339	1468
5340	1369
5341	1440
5342	1434
5343	1465
5344	1363
5345	1414
5346	1438
5347	1480
5348	1392
5349	1402
5350	1326
5351	1510
5352	1424
5353	1364
5354	1403
5355	1466
5356	1518
5357	1325
5358	1373
5359	1417
5360	1372
5361	1324
5362	1358
5363	1381
5364	1331
5365	1370
5366	1443
5367	1442
5368	1366
5369	1385
5370	1370
5371	1353
5372	1432
5373	1426
5374	1479
5375	1509
5376	1443
5377	1435
5378	1608
5379	1495
5380	1272
5381	1581
5382	1482
5383	1459
5384	1484
5385	1452
5386	1451
5387	1499
5388	1589
5389	1454
5390	1594
5391	1651
5392	1629
5393	1544
5394	1519
5395	1607
5396	1527
5397	1450
5398	1581
5399	1482
5400	1536
5401	1470
5402	1521
5403	1443
5404	1511
5405	1449
5406	1455
5407	1450
5408	1372
5409	1452
5410	1500
5411	1514
5412	1449
5413	1459
5414	1481
5415	1440
5416	1436
5417	1490
5418	1477
5419	1450
5420	1441
5421	1447
5422	1380
5423	1433
5424	1422
5425	1468
5426	1467
5427	1405
5428	1501
5429	1578
5430	1385
5431	1379
5432	1416
5433	1469
5434	1664
5435	1522
5436	1534
5437	1521
5438	1516
5439	1512
5440	1494
5441	1603
5442	1559
5443	1584
5444	1509
5445	1584
5446	1555
5447	1620
5448	1566
5449	1578
5450	1557
5451	1574
5452	1497
5453	1594
5454	1449
5455	1585
5456	1479
5457	1479
5458	1622
5459	1552
5460	1531
5461	1506
5462	1514
5463	1596
5464	1741
5465	1654
5466	1531
5467	1669
5468	1538
5469	1760
5470	1794
5471	1723
5472	1793
5473	1584
5474	1737
5475	1881
5476	1746
5477	1988
5478	1898
5479	1684
5480	1686
5481	1589
5482	1677
5483	1670
5484	1678
5485	1747
5486	1752
5487	1781
5488	1780
5489	1742
5490	1760
5491	1609
5492	1674
5493	1716
5494	1643
5495	1675
5496	1729
5497	1686
5498	1764
5499	1687
5500	1731
5501	1654
5502	1590
5503	1681
5504	1723
5505	1671
5506	1805
5507	1707
5508	1631
5509	1694
5510	1614
5511	1802
5512	1602
5513	1624
5514	1511
5515	1630
5516	1616
5517	1641
5518	1725
5519	1707
5520	1750
5521	1830
5522	1860
5523	1686
5524	1753
5525	1710
5526	1753
5527	1764
5528	1788
5529	1962
5530	1796
5531	1794
5532	1743
5533	1709
5534	1785
5535	1867
5536	1984
5537	1862
5538	1872
5539	1802
5540	1993
5541	1817
5542	1740
5543	1941
5544	1876
5545	1860
5546	1895
5547	1817
5548	1795
5549	1789
5550	1859
5551	2051
5552	1833
5553	1775
5554	1837
5555	1862
5556	1947
5557	2001
5558	2013
5559	1863
5560	1750
5561	1729
5562	1697
5563	1624
5564	1672
5565	1792
5566	1798
5567	1709
5568	1776
5569	1725
5570	1786
5571	1796
5572	1821
5573	1883
5574	1870
5575	1816
5576	1594
5577	1744
5578	1648
5579	1637
5580	1670
5581	1660
5582	1763
5583	1597
5584	1631
5585	1629
5586	1608
5587	1635
5588	1640
5589	1567
5590	1696
5591	1599
5592	1603
5593	1736
5594	1738
5595	1530
5596	1630
5597	1639
5598	1745
5599	1675
5600	1609
5601	1804
5602	1989
5603	1816
5604	1857
5605	1963
5606	1924
5607	1785
5608	2000
5609	2106
5610	1743
5611	1651
5612	1607
5613	1623
5614	1488
5615	1600
5616	1482
5617	1616
5618	1561
5619	1691
5620	1642
5621	1560
5622	1551
5623	1516
5624	1568
5625	1576
5626	1574
5627	1606
5628	1677
5629	1706
5630	1753
5631	1456
5632	1650
5633	1565
5634	1556
5635	1657
5636	1568
5637	1599
5638	1553
5639	1590
5640	1711
5641	1595
5642	1576
5643	1467
5644	1625
5645	1685
5646	1607
5647	1620
5648	1605
5649	1526
5650	1712
5651	1675
5652	1545
5653	1463
5654	1453
5655	1509
5656	1617
5657	1519
5658	1468
5659	1465
5660	1511
5661	1512
5662	1605
5663	1503
5664	1441
5665	1410
5666	1458
5667	1554
5668	1475
5669	1409
5670	1469
5671	1406
5672	1483
5673	1414
5674	1424
5675	1474
5676	1418
5677	1438
5678	1485
5679	1469
5680	1521
5681	1528
5682	1419
5683	1457
5684	1418
5685	1483
5686	1417
5687	1484
5688	1441
5689	1449
5690	1439
5691	1373
5692	1419
5693	1337
5694	1422
5695	1429
5696	1496
5697	1438
5698	1510
5699	1497
5700	1474
5701	1443
5702	1339
5703	1506
5704	1461
5705	1435
5706	1453
5707	1478
5708	1397
5709	1315
5710	1474
5711	1393
5712	1477
5713	1396
5714	1450
5715	1604
5716	1547
5717	1485
5718	1384
5719	1383
5720	1473
5721	1448
5722	1537
5723	1456
5724	1436
5725	1278
5726	1400
5727	1482
5728	1315
5729	1399
5730	1476
5731	1433
5732	1371
5733	1424
5734	1493
5735	1389
5736	1508
5737	1375
5738	1385
5739	1523
5740	1422
5741	1391
5742	1393
5743	1434
5744	1365
5745	1449
5746	1378
5747	1341
5748	1351
5749	1388
5750	1457
5751	1347
5752	1469
5753	1433
5754	1366
5755	1487
5756	1370
5757	1463
5758	1390
5759	1447
5760	1438
5761	1320
5762	1365
5763	1341
5764	1331
5765	1288
5766	1313
5767	1447
5768	1353
5769	1410
5770	1271
5771	1442
5772	1460
5773	1467
5774	1444
5775	1401
5776	1488
5777	1458
5778	1431
5779	1470
5780	1450
5781	1471
5782	1429
5783	1349
5784	1372
5785	1419
5786	1521
5787	1523
5788	1481
5789	1493
5790	1450
5791	1521
5792	1481
5793	1504
5794	1404
5795	1227
5796	1473
5797	1364
5798	1358
5799	1354
5800	1438
5801	1394
5802	1452
5803	1374
5804	1415
5805	1460
5806	1436
5807	1497
5808	1534
5809	1496
5810	1475
5811	1336
5812	1298
5813	1399
5814	1464
5815	1459
5816	1331
5817	1446
5818	1386
5819	1419
5820	1484
5821	1362
5822	1478
5823	1351
5824	1468
5825	1477
5826	1406
5827	1514
5828	1356
5829	1489
5830	1538
5831	1527
5832	1360
5833	1489
5834	1544
5835	1488
5836	1537
5837	1477
5838	1403
5839	1501
5840	1412
5841	1461
5842	1492
5843	1390
5844	1430
5845	1463
5846	1554
5847	1530
5848	1457
5849	1494
5850	1467
5851	1539
5852	1447
5853	1407
5854	1469
5855	1405
5856	1411
5857	1443
5858	1434
5859	1393
5860	1371
5861	1373
5862	1433
5863	1384
5864	1349
5865	1395
5866	1410
5867	1352
5868	1443
5869	1369
5870	1460
5871	1407
5872	1375
5873	1363
5874	1311
5875	1474
5876	1383
5877	1345
5878	1327
5879	1400
5880	1335
5881	1276
5882	1345
5883	1360
5884	1308
5885	1303
5886	1226
5887	1388
5888	1309
5889	1299
5890	1256
5891	1319
5892	1335
5893	1377
5894	1358
5895	1335
5896	1271
5897	1300
5898	1324
5899	1310
5900	1211
5901	1397
5902	1366
5903	1385
5904	1385
5905	1244
5906	1263
5907	1345
5908	1310
5909	1313
5910	1214
5911	1290
5912	1257
5913	1338
5914	1266
5915	1244
5916	1361
5917	1316
5918	1357
5919	1255
5920	1291
5921	1267
5922	1285
5923	1304
5924	1226
5925	1186
5926	1224
5927	1246
5928	1171
5929	1297
5930	1316
5931	1234
5932	1324
5933	1216
5934	1246
5935	1354
5936	1225
5937	1228
5938	1269
5939	1248
5940	1310
5941	1246
5942	1282
5943	1343
5944	1241
5945	1250
5946	1204
5947	1291
5948	1297
5949	1264
5950	1313
5951	1227
5952	1302
5953	1266
5954	1328
5955	1296
5956	1281
5957	1263
5958	1272
5959	1336
5960	1296
5961	1265
5962	1245
5963	1266
5964	1265
5965	1284
5966	1226
5967	1303
5968	1374
5969	1293
5970	1357
5971	1336
5972	1314
5973	1269
5974	1368
5975	1356
5976	1250
5977	1358
5978	1350
5979	1326
5980	1333
5981	1373
5982	1315
5983	1304
5984	1330
5985	1373
5986	1301
5987	1306
5988	1367
5989	1359
5990	1299
5991	1332
5992	1301
5993	1409
5994	1242
5995	1360
5996	1257
5997	1245
5998	1244
5999	1262
6000	1258
6001	1233
6002	1293
6003	1206
6004	1295
6005	1205
6006	1214
6007	1272
6008	1322
6009	1354
6010	1239
6011	1244
6012	1296
6013	1295
6014	1363
6015	1201
6016	1288
6017	1264
6018	1354
6019	1298
6020	1343
6021	1269
6022	1192
6023	1359
6024	1185
6025	1200
6026	1377
6027	1140
6028	1204
6029	1285
6030	1213
6031	1237
6032	1225
6033	1191
6034	1308
6035	1317
6036	1189
6037	1273
6038	1326
6039	1240
6040	1217
6041	1200
6042	1251
6043	1151
6044	1258
6045	1143
6046	1230
6047	1273
6048	1196
6049	1338
6050	1226
6051	1257
6052	1292
6053	1203
6054	1314
6055	1247
6056	1224
6057	1267
6058	1243
6059	1223
6060	1239
6061	1226
6062	1240
6063	1265
6064	1241
6065	1250
6066	1256
6067	1237
6068	1184
6069	1302
6070	1356
6071	1313
6072	1255
6073	1228
6074	1289
6075	1334
6076	1310
6077	1307
6078	1250
6079	1255
6080	1198
6081	1278
6082	1278
6083	1264
6084	1340
6085	1310
6086	1258
6087	1314
6088	1205
6089	1359
6090	1297
6091	1298
6092	1257
6093	1195
6094	1292
6095	1215
6096	1155
6097	1250
6098	1230
6099	1171
6100	1197
6101	1241
6102	1170
6103	1187
6104	1213
6105	1185
6106	1308
6107	1214
6108	1196
6109	1231
6110	1209
6111	1247
6112	1137
6113	1148
6114	1179
6115	1216
6116	1208
6117	1154
6118	1231
6119	1269
6120	1259
6121	1210
6122	1239
6123	1242
6124	1207
6125	1279
6126	1238
6127	1246
6128	1391
6129	1260
6130	1339
6131	1441
6132	1304
6133	1410
6134	1220
6135	1276
6136	1223
6137	1302
6138	1230
6139	1312
6140	1248
6141	1245
6142	1212
6143	1306
6144	1273
6145	1248
6146	1242
6147	1271
6148	1164
6149	1221
6150	1238
6151	1245
6152	1222
6153	1262
6154	1226
6155	1214
6156	1195
6157	1155
6158	1220
6159	1218
6160	1195
6161	1139
6162	1116
6163	1200
6164	1144
6165	1282
6166	1218
6167	1243
6168	1196
6169	1160
6170	1213
6171	1164
6172	1135
6173	1100
6174	1094
6175	1106
6176	1098
6177	1121
6178	1153
6179	1101
6180	1089
6181	1074
6182	1136
6183	1173
6184	1204
6185	1178
6186	1105
6187	1129
6188	1230
6189	1139
6190	1151
6191	1146
6192	1112
6193	1130
6194	1111
6195	1090
6196	1204
6197	1110
6198	1122
6199	1140
6200	1082
6201	1113
6202	1277
6203	1090
6204	1083
6205	1101
6206	1217
6207	1169
6208	1070
6209	1147
6210	1022
6211	1138
6212	1155
6213	1119
6214	1029
6215	1094
6216	1048
6217	1100
6218	1043
6219	1130
6220	1071
6221	1038
6222	1034
6223	1122
6224	1037
6225	1085
6226	1173
6227	1145
6228	1103
6229	1103
6230	1100
6231	1053
6232	1107
6233	1051
6234	1046
6235	1110
6236	1070
6237	1041
6238	1074
6239	1108
6240	1032
6241	1020
6242	1111
6243	1060
6244	1028
6245	1080
6246	1084
6247	1022
6248	1065
6249	1164
6250	1068
6251	1011
6252	1057
6253	1132
6254	1060
6255	1145
6256	1123
6257	1159
6258	1123
6259	1109
6260	1143
6261	1159
6262	1078
6263	1052
6264	1124
6265	1163
6266	1123
6267	1147
6268	1075
6269	1118
6270	1175
6271	1151
6272	1135
6273	1089
6274	1151
6275	1080
6276	1072
6277	1080
6278	1120
6279	1074
6280	1172
6281	1108
6282	1129
6283	1073
6284	1036
6285	1128
6286	1049
6287	1083
6288	1086
6289	1092
6290	1102
6291	1095
6292	1183
6293	1060
6294	1054
6295	1095
6296	1149
6297	1140
6298	1137
6299	1171
6300	1200
6301	1156
6302	1138
6303	1099
6304	1102
6305	1052
6306	1145
6307	1117
6308	1208
6309	1115
6310	1136
6311	1175
6312	1151
6313	1144
6314	1123
6315	1116
6316	1038
6317	1218
6318	1177
6319	1133
6320	1127
6321	1200
6322	1167
6323	1115
6324	1265
6325	1216
6326	1280
6327	1305
6328	1298
6329	1364
6330	1267
6331	1172
6332	1211
6333	1170
6334	1113
6335	1202
6336	1214
6337	1181
6338	1152
6339	1312
6340	1225
6341	1206
6342	1230
6343	1295
6344	1182
6345	1175
6346	1121
6347	1301
6348	1251
6349	1222
6350	1262
6351	1184
6352	1155
6353	1253
6354	1238
6355	1158
6356	1174
6357	1209
6358	1265
6359	1300
6360	1341
6361	1144
6362	1178
6363	1214
6364	1315
6365	1259
6366	1221
6367	1242
6368	1233
6369	1189
6370	1204
6371	1177
6372	1172
6373	1227
6374	1274
6375	1212
6376	1216
6377	1134
6378	1211
6379	1280
6380	1202
6381	1187
6382	1287
6383	1348
6384	1249
6385	1205
6386	1204
6387	1213
6388	1241
6389	1225
6390	1220
6391	1288
6392	1191
6393	1265
6394	1172
6395	1158
6396	1140
6397	1257
6398	1243
6399	1181
6400	1102
6401	1194
6402	1290
6403	1296
6404	1217
6405	1180
6406	1060
6407	1165
6408	1227
6409	1222
6410	1115
6411	1185
6412	1253
6413	1218
6414	1462
6415	1239
6416	1221
6417	1218
6418	1235
6419	1209
6420	1191
6421	1172
6422	1229
6423	1175
6424	1172
6425	1142
6426	1172
6427	1221
6428	1194
6429	1187
6430	1105
6431	1271
6432	1255
6433	1158
6434	1186
6435	1157
6436	1158
6437	1207
6438	1204
6439	1269
6440	1202
6441	1233
6442	1237
6443	1144
6444	1170
6445	1172
6446	1215
6447	1191
6448	1121
6449	1222
6450	1087
6451	1159
6452	1046
6453	1161
6454	1194
6455	1171
6456	1159
6457	1083
6458	1187
6459	1167
6460	1211
6461	1139
6462	1089
6463	1254
6464	1076
6465	1161
6466	1152
6467	1214
6468	1240
6469	1134
6470	1120
6471	1104
6472	1115
6473	1091
6474	1085
6475	1096
6476	1173
6477	1096
6478	1190
6479	1158
6480	1159
6481	1203
6482	1205
6483	1148
6484	1123
6485	1100
6486	1067
6487	1190
6488	1158
6489	1142
6490	1137
6491	1174
6492	1109
6493	1144
6494	1048
6495	1189
6496	1092
6497	1202
6498	1124
6499	1189
6500	1162
6501	1194
6502	1209
6503	1146
6504	1204
6505	1174
6506	1209
6507	1185
6508	1293
6509	1127
6510	1178
6511	1130
6512	1204
6513	1186
6514	1153
6515	1103
6516	1120
6517	1187
6518	1165
6519	1169
6520	1162
6521	1129
6522	1136
6523	1214
6524	1203
6525	1124
6526	1059
6527	1130
6528	1172
6529	1120
6530	1119
6531	1123
6532	1126
6533	1069
6534	1151
6535	1228
6536	1154
6537	1096
6538	1124
6539	1201
6540	1106
6541	1143
6542	1164
6543	1136
6544	1139
6545	1185
6546	1048
6547	1132
6548	1082
6549	1138
6550	1103
6551	1088
6552	1095
6553	1146
6554	1134
6555	1111
6556	1147
6557	1167
6558	1076
6559	1210
6560	1223
6561	1162
6562	1162
6563	1105
6564	1166
6565	1050
6566	1153
6567	1176
6568	1190
6569	1143
6570	1142
6571	1029
6572	1122
6573	1095
6574	1124
6575	1156
6576	1132
6577	1073
6578	1153
6579	1138
6580	1145
6581	1169
6582	1110
6583	1133
6584	1123
6585	1120
6586	1166
6587	1125
6588	1166
6589	1140
6590	1099
6591	1150
6592	1181
6593	1187
6594	1189
6595	1375
6596	1190
6597	1229
6598	1251
6599	1235
6600	1437
6601	1217
6602	1402
6603	1281
6604	1172
6605	1204
6606	1108
6607	1212
6608	1161
6609	1226
6610	1188
6611	1205
6612	1217
6613	1075
6614	1141
6615	1205
6616	1115
6617	1235
6618	1058
6619	1217
6620	1175
6621	1103
6622	1128
6623	1163
6624	1136
6625	1081
6626	1039
6627	1063
6628	1114
6629	1151
6630	1070
6631	1098
6632	1062
6633	1040
6634	997
6635	998
6636	1014
6637	989
6638	1041
6639	1019
6640	1070
6641	959
6642	990
6643	1032
6644	1074
6645	1001
6646	992
6647	1006
6648	1034
6649	961
6650	1123
6651	1002
6652	1029
6653	1042
6654	1039
6655	1077
6656	982
6657	886
6658	1010
6659	970
6660	974
6661	1010
6662	997
6663	1046
6664	1024
6665	1071
6666	996
6667	973
6668	1050
6669	995
6670	1048
6671	1085
6672	982
6673	972
6674	1014
6675	964
6676	980
6677	977
6678	945
6679	925
6680	1102
6681	1001
6682	994
6683	1065
6684	1015
6685	986
6686	1022
6687	934
6688	1036
6689	1059
6690	1043
6691	1032
6692	955
6693	1013
6694	916
6695	939
6696	980
6697	956
6698	1013
6699	1003
6700	1022
6701	1021
6702	923
6703	984
6704	1009
6705	1001
6706	990
6707	1063
6708	1009
6709	990
6710	978
6711	971
6712	988
6713	1039
6714	955
6715	1030
6716	1003
6717	1020
6718	962
6719	1039
6720	1029
6721	1034
6722	1075
6723	1106
6724	1027
6725	1181
6726	1183
6727	1145
6728	1051
6729	1048
6730	1059
6731	1100
6732	1117
6733	1094
6734	1115
6735	1130
6736	1009
6737	1081
6738	1057
6739	1053
6740	1110
6741	1066
6742	1083
6743	1074
6744	1054
6745	1111
6746	1140
6747	1071
6748	1110
6749	1123
6750	1132
6751	1100
6752	1132
6753	1230
6754	1152
6755	1116
6756	1032
6757	1121
6758	1141
6759	1243
6760	1129
6761	1184
6762	1234
6763	1158
6764	1341
6765	1196
6766	1470
6767	1259
6768	1258
6769	1288
6770	1490
6771	1409
6772	1447
6773	1258
6774	1269
6775	1324
6776	1254
6777	1161
6778	1205
6779	1097
6780	1170
6781	1187
6782	1109
6783	1088
6784	1038
6785	1085
6786	1098
6787	1240
6788	1153
6789	1051
6790	1203
6791	1119
6792	1147
6793	1090
6794	1135
6795	1153
6796	1133
6797	1047
6798	1097
6799	1171
6800	1088
6801	1113
6802	1034
6803	1181
6804	1039
6805	1060
6806	1072
6807	1075
6808	992
6809	1060
6810	1094
6811	990
6812	1059
6813	1073
6814	1155
6815	1084
6816	1001
6817	1089
6818	1069
6819	1079
6820	1030
6821	996
6822	999
6823	1004
6824	1134
6825	1033
6826	1041
6827	1054
6828	1041
6829	1025
6830	1101
6831	1066
6832	1030
6833	1058
6834	1145
6835	994
6836	1043
6837	1170
6838	1039
6839	1099
6840	1152
6841	1112
6842	1039
6843	1047
6844	1005
6845	1038
6846	1044
6847	1143
6848	1141
6849	1100
6850	1065
6851	1083
6852	1053
6853	1028
6854	1086
6855	1113
6856	1039
6857	1135
6858	1087
6859	1112
6860	1061
6861	1076
6862	1033
6863	1113
6864	1087
6865	1058
6866	1095
6867	1000
6868	953
6869	1091
6870	969
6871	978
6872	1067
6873	1001
6874	1001
6875	1074
6876	1083
6877	1003
6878	1076
6879	1122
6880	1096
6881	1065
6882	1072
6883	992
6884	1088
6885	1033
6886	997
6887	1053
6888	1026
6889	1030
6890	1102
6891	960
6892	1012
6893	970
6894	1108
6895	1089
6896	1162
6897	1106
6898	944
6899	1023
6900	1051
6901	1096
6902	1097
6903	1058
6904	1001
6905	981
6906	1071
6907	1069
6908	1073
6909	993
6910	1033
6911	984
6912	968
6913	1010
6914	1100
6915	1015
6916	1011
6917	1093
6918	1065
6919	1051
6920	1026
6921	1083
6922	985
6923	936
6924	1046
6925	1100
6926	1006
6927	998
6928	1044
6929	1023
6930	1009
6931	1107
6932	1089
6933	1069
6934	1061
6935	1056
6936	1050
6937	1116
6938	1031
6939	1045
6940	1077
6941	1093
6942	1026
6943	1029
6944	1005
6945	984
6946	1021
6947	1054
6948	1081
6949	1066
6950	990
6951	990
6952	1030
6953	1103
6954	1047
6955	1013
6956	1048
6957	1035
6958	1121
6959	1052
6960	1113
6961	985
6962	1011
6963	1069
6964	1028
6965	1025
6966	1050
6967	984
6968	914
6969	996
6970	1001
6971	990
6972	1053
6973	971
6974	1017
6975	1019
6976	940
6977	954
6978	893
6979	1004
6980	1115
6981	1064
6982	1005
6983	987
6984	1039
6985	1117
6986	1073
6987	980
6988	1075
6989	976
6990	1131
6991	1052
6992	1151
6993	1089
6994	871
6995	995
6996	1052
6997	999
6998	1016
6999	1152
7000	1100
7001	1006
7002	1120
7003	1134
7004	1050
7005	1198
7006	1060
7007	1136
7008	1059
7009	1081
7010	1071
7011	1065
7012	1026
7013	1038
7014	1051
7015	1009
7016	1082
7017	1054
7018	1019
7019	1094
7020	1054
7021	1056
7022	1029
7023	1020
7024	1060
7025	1057
7026	1011
7027	1037
7028	1134
7029	1036
7030	965
7031	1060
7032	1059
7033	992
7034	952
7035	968
7036	986
7037	1064
7038	1049
7039	1031
7040	995
7041	1004
7042	1004
7043	973
7044	1038
7045	1038
7046	968
7047	1068
7048	1042
7049	1043
7050	1018
7051	1041
7052	1017
7053	1020
7054	1114
7055	977
7056	1022
7057	1061
7058	1012
7059	1061
7060	949
7061	1096
7062	1065
7063	1098
7064	1096
7065	1071
7066	1066
7067	1020
7068	1065
7069	1087
7070	1007
7071	1052
7072	987
7073	1092
7074	981
7075	1013
7076	1063
7077	1002
7078	929
7079	1008
7080	996
7081	1083
7082	1072
7083	1041
7084	987
7085	942
7086	979
7087	1033
7088	968
7089	1001
7090	1070
7091	1008
7092	1050
7093	1014
7094	1038
7095	1000
7096	1005
7097	1048
7098	1037
7099	1009
7100	1035
7101	1106
7102	1065
7103	927
7104	1048
7105	1100
7106	955
7107	1010
7108	1031
7109	1031
7110	993
7111	998
7112	1004
7113	1019
7114	963
7115	1005
7116	952
7117	896
7118	1041
7119	914
7120	1017
7121	1020
7122	946
7123	949
7124	947
7125	1001
7126	962
7127	893
7128	966
7129	993
7130	1028
7131	962
7132	923
7133	1014
7134	958
7135	952
7136	974
7137	1011
7138	909
7139	964
7140	960
7141	1034
7142	968
7143	1013
7144	1050
7145	1018
7146	994
7147	1053
7148	1020
7149	1033
7150	1014
7151	933
7152	1057
7153	1007
7154	1087
7155	1039
7156	963
7157	1023
7158	1032
7159	1069
7160	1019
7161	1058
7162	1020
7163	1054
7164	1017
7165	1016
7166	1037
7167	1044
7168	935
7169	945
7170	953
7171	992
7172	1063
7173	1098
7174	973
7175	1022
7176	939
7177	1010
7178	1019
7179	993
7180	1034
7181	986
7182	938
7183	1082
7184	940
7185	1036
7186	999
7187	841
7188	943
7189	956
7190	963
7191	907
7192	957
7193	979
7194	948
7195	963
7196	886
7197	1005
7198	983
7199	981
7200	951
7201	1015
7202	953
7203	1021
7204	1024
7205	917
7206	995
7207	954
7208	1014
7209	959
7210	946
7211	1045
7212	959
7213	1033
7214	963
7215	959
7216	1023
7217	981
7218	974
7219	1019
7220	996
7221	944
7222	972
7223	942
7224	1098
7225	1035
7226	953
7227	964
7228	934
7229	925
7230	1011
7231	1009
7232	1001
7233	949
7234	951
7235	926
7236	929
7237	927
7238	1013
7239	1068
7240	978
7241	958
7242	956
7243	957
7244	957
7245	951
7246	891
7247	1060
7248	929
7249	1048
7250	940
7251	996
7252	994
7253	1000
7254	976
7255	980
7256	995
7257	960
7258	992
7259	1022
7260	1050
7261	1014
7262	1054
7263	1055
7264	1005
7265	998
7266	1113
7267	989
7268	956
7269	1052
7270	951
7271	961
7272	1054
7273	1084
7274	1018
7275	1011
7276	1052
7277	957
7278	1054
7279	1035
7280	1057
7281	975
7282	1104
7283	1034
7284	1072
7285	1102
7286	1048
7287	1257
7288	1032
7289	1046
7290	1170
7291	949
7292	960
7293	1046
7294	1073
7295	954
7296	944
7297	976
7298	1009
7299	1066
7300	924
7301	973
7302	971
7303	983
7304	958
7305	939
7306	1002
7307	988
7308	1008
7309	1004
7310	1000
7311	1080
7312	965
7313	958
7314	1035
7315	1006
7316	1038
7317	1074
7318	1023
7319	949
7320	918
7321	1015
7322	1009
7323	913
7324	937
7325	987
7326	1002
7327	997
7328	956
7329	966
7330	917
7331	977
7332	972
7333	1007
7334	969
7335	990
7336	977
7337	984
7338	969
7339	990
7340	1020
7341	995
7342	998
7343	1009
7344	1013
7345	972
7346	981
7347	915
7348	960
7349	921
7350	957
7351	916
7352	960
7353	973
7354	1000
7355	1036
7356	937
7357	965
7358	958
7359	904
7360	995
7361	957
7362	914
7363	974
7364	996
7365	905
7366	960
7367	931
7368	900
7369	937
7370	884
7371	949
7372	891
7373	886
7374	894
7375	951
7376	943
7377	886
7378	919
7379	960
7380	874
7381	870
7382	903
7383	871
7384	967
7385	907
7386	945
7387	903
7388	873
7389	861
7390	893
7391	886
7392	874
7393	897
7394	866
7395	906
7396	936
7397	918
7398	880
7399	889
7400	867
7401	844
7402	800
7403	895
7404	911
7405	793
7406	881
7407	895
7408	910
7409	853
7410	858
7411	925
7412	921
7413	874
7414	899
7415	844
7416	944
7417	1015
7418	952
7419	972
7420	939
7421	898
7422	863
7423	845
7424	878
7425	851
7426	867
7427	899
7428	982
7429	927
7430	932
7431	881
7432	881
7433	910
7434	916
7435	855
7436	865
7437	865
7438	968
7439	974
7440	901
7441	872
7442	901
7443	964
7444	929
7445	860
7446	922
7447	959
7448	925
7449	924
7450	894
7451	893
7452	946
7453	989
7454	936
7455	1039
7456	874
7457	869
7458	971
7459	922
7460	936
7461	953
7462	993
7463	915
7464	864
7465	838
7466	842
7467	828
7468	817
7469	868
7470	843
7471	905
7472	843
7473	829
7474	954
7475	896
7476	865
7477	919
7478	873
7479	838
7480	840
7481	865
7482	873
7483	934
7484	895
7485	922
7486	831
7487	853
7488	774
7489	839
7490	835
7491	804
7492	894
7493	842
7494	845
7495	848
7496	822
7497	827
7498	815
7499	788
7500	771
7501	802
7502	864
7503	758
7504	930
7505	845
7506	900
7507	861
7508	941
7509	817
7510	834
7511	913
7512	810
7513	882
7514	818
7515	798
7516	909
7517	849
7518	872
7519	914
7520	934
7521	907
7522	939
7523	947
7524	859
7525	989
7526	823
7527	876
7528	914
7529	820
7530	855
7531	901
7532	911
7533	792
7534	850
7535	851
7536	776
7537	829
7538	824
7539	865
7540	839
7541	789
7542	781
7543	833
7544	779
7545	778
7546	765
7547	837
7548	892
7549	851
7550	860
7551	799
7552	775
7553	847
7554	823
7555	842
7556	857
7557	860
7558	802
7559	875
7560	811
7561	792
7562	857
7563	857
7564	826
7565	806
7566	912
7567	854
7568	889
7569	904
7570	888
7571	825
7572	816
7573	876
7574	776
7575	850
7576	718
7577	839
7578	823
7579	870
7580	835
7581	848
7582	808
7583	821
7584	804
7585	868
7586	871
7587	850
7588	777
7589	878
7590	827
7591	832
7592	839
7593	844
7594	852
7595	747
7596	810
7597	831
7598	896
7599	819
7600	828
7601	804
7602	870
7603	797
7604	804
7605	791
7606	727
7607	795
7608	827
7609	811
7610	835
7611	773
7612	868
7613	786
7614	833
7615	782
7616	780
7617	801
7618	922
7619	819
7620	841
7621	789
7622	783
7623	901
7624	792
7625	783
7626	862
7627	759
7628	839
7629	786
7630	897
7631	784
7632	790
7633	780
7634	790
7635	851
7636	869
7637	890
7638	859
7639	851
7640	872
7641	832
7642	820
7643	817
7644	856
7645	807
7646	857
7647	797
7648	816
7649	820
7650	896
7651	795
7652	809
7653	870
7654	834
7655	919
7656	870
7657	795
7658	794
7659	888
7660	799
7661	873
7662	884
7663	856
7664	870
7665	741
7666	821
7667	875
7668	819
7669	794
7670	845
7671	859
7672	917
7673	823
7674	839
7675	891
7676	760
7677	778
7678	762
7679	851
7680	862
7681	789
7682	885
7683	759
7684	868
7685	848
7686	888
7687	831
7688	832
7689	786
7690	820
7691	812
7692	835
7693	859
7694	895
7695	809
7696	827
7697	831
7698	845
7699	934
7700	826
7701	783
7702	791
7703	870
7704	827
7705	801
7706	819
7707	821
7708	776
7709	812
7710	764
7711	820
7712	816
7713	864
7714	849
7715	777
7716	862
7717	815
7718	819
7719	776
7720	817
7721	794
7722	801
7723	801
7724	850
7725	864
7726	749
7727	795
7728	874
7729	790
7730	807
7731	829
7732	805
7733	748
7734	803
7735	813
7736	774
7737	857
7738	848
7739	808
7740	846
7741	799
7742	840
7743	795
7744	852
7745	838
7746	840
7747	855
7748	834
7749	753
7750	856
7751	791
7752	845
7753	864
7754	776
7755	783
7756	878
7757	816
7758	850
7759	851
7760	863
7761	848
7762	780
7763	879
7764	879
7765	793
7766	861
7767	767
7768	799
7769	798
7770	824
7771	757
7772	893
7773	822
7774	867
7775	779
7776	829
7777	833
7778	893
7779	909
7780	832
7781	868
7782	865
7783	827
7784	880
7785	811
7786	826
7787	867
7788	842
7789	829
7790	827
7791	854
7792	790
7793	905
7794	909
7795	841
7796	879
7797	886
7798	837
7799	858
7800	779
7801	822
7802	842
7803	883
7804	931
7805	896
7806	887
7807	878
7808	850
7809	820
7810	911
7811	830
7812	844
7813	864
7814	826
7815	892
7816	844
7817	879
7818	817
7819	821
7820	925
7821	906
7822	890
7823	821
7824	905
7825	825
7826	826
7827	769
7828	858
7829	792
7830	885
7831	758
7832	827
7833	808
7834	815
7835	773
7836	851
7837	852
7838	853
7839	816
7840	870
7841	787
7842	839
7843	872
7844	884
7845	920
7846	856
7847	847
7848	793
7849	875
7850	875
7851	785
7852	893
7853	870
7854	898
7855	823
7856	853
7857	787
7858	811
7859	851
7860	878
7861	862
7862	835
7863	795
7864	796
7865	780
7866	850
7867	911
7868	861
7869	860
7870	857
7871	903
7872	873
7873	838
7874	776
7875	810
7876	902
7877	956
7878	832
7879	904
7880	811
7881	848
7882	837
7883	845
7884	857
7885	977
7886	839
7887	870
7888	954
7889	822
7890	874
7891	848
7892	837
7893	828
7894	879
7895	887
7896	877
7897	893
7898	925
7899	880
7900	880
7901	887
7902	849
7903	814
7904	886
7905	908
7906	855
7907	871
7908	820
7909	865
7910	855
7911	904
7912	923
7913	882
7914	875
7915	889
7916	855
7917	825
7918	825
7919	877
7920	857
7921	880
7922	880
7923	960
7924	883
7925	855
7926	858
7927	931
7928	924
7929	877
7930	893
7931	861
7932	847
7933	853
7934	873
7935	887
7936	822
7937	884
7938	906
7939	825
7940	811
7941	789
7942	835
7943	842
7944	880
7945	881
7946	903
7947	860
7948	831
7949	831
7950	769
7951	853
7952	821
7953	838
7954	841
7955	867
7956	846
7957	848
7958	942
7959	793
7960	859
7961	936
7962	849
7963	800
7964	897
7965	842
7966	811
7967	836
7968	809
7969	800
7970	850
7971	836
7972	910
7973	839
7974	855
7975	870
7976	841
7977	833
7978	872
7979	835
7980	864
7981	837
7982	767
7983	841
7984	892
7985	775
7986	812
7987	806
7988	833
7989	846
7990	837
7991	800
7992	832
7993	890
7994	809
7995	806
7996	828
7997	779
7998	700
7999	748
8000	779
8001	750
8002	744
8003	781
8004	864
8005	784
8006	752
8007	805
8008	758
8009	855
8010	788
8011	816
8012	783
8013	791
8014	792
8015	770
8016	795
8017	799
8018	774
8019	805
8020	825
8021	766
8022	788
8023	816
8024	811
8025	814
8026	791
8027	905
8028	831
8029	846
8030	844
8031	821
8032	823
8033	879
8034	822
8035	895
8036	809
8037	835
8038	830
8039	760
8040	827
8041	919
8042	860
8043	885
8044	861
8045	889
8046	997
8047	857
8048	827
8049	826
8050	838
8051	872
8052	970
8053	923
8054	876
8055	933
8056	881
8057	959
8058	908
8059	926
8060	865
8061	997
8062	938
8063	967
8064	876
8065	996
8066	950
8067	989
8068	941
8069	983
8070	983
8071	992
8072	907
8073	940
8074	915
8075	937
8076	961
8077	885
8078	909
8079	877
8080	894
8081	955
8082	938
8083	960
8084	916
8085	947
8086	932
8087	898
8088	935
8089	909
8090	896
8091	868
8092	929
8093	901
8094	834
8095	912
8096	984
8097	897
8098	914
8099	925
8100	855
8101	904
8102	906
8103	962
8104	878
8105	908
8106	920
8107	985
8108	921
8109	1001
8110	1033
8111	955
8112	885
8113	920
8114	907
8115	891
8116	940
8117	841
8118	889
8119	1000
8120	915
8121	977
8122	925
8123	876
8124	946
8125	896
8126	895
8127	926
8128	859
8129	930
8130	965
8131	857
8132	958
8133	925
8134	933
8135	898
8136	953
8137	1037
8138	1015
8139	918
8140	905
8141	918
8142	985
8143	925
8144	905
8145	943
8146	947
8147	964
8148	855
8149	1022
8150	948
8151	927
8152	989
8153	976
8154	867
8155	955
8156	883
8157	900
8158	922
8159	909
8160	901
8161	930
8162	989
8163	912
8164	940
8165	925
8166	945
8167	1008
8168	1137
8169	919
8170	972
8171	851
8172	964
8173	904
8174	889
8175	944
8176	881
8177	952
8178	930
8179	959
8180	934
8181	868
8182	867
8183	950
8184	856
8185	940
8186	892
8187	909
8188	984
8189	947
8190	905
8191	914
8192	917
8193	867
8194	953
8195	914
8196	1053
8197	829
8198	858
8199	814
8200	807
8201	859
8202	880
8203	968
8204	923
8205	922
8206	942
8207	906
8208	877
8209	910
8210	978
8211	941
8212	869
8213	914
8214	914
8215	952
8216	998
8217	984
8218	940
8219	894
8220	891
8221	921
8222	878
8223	884
8224	850
8225	980
8226	836
8227	910
8228	829
8229	807
8230	887
8231	865
8232	865
8233	885
8234	941
8235	865
8236	893
8237	926
8238	825
8239	897
8240	855
8241	880
8242	862
8243	794
8244	900
8245	849
8246	819
8247	913
8248	843
8249	847
8250	882
8251	799
8252	832
8253	848
8254	826
8255	937
8256	849
8257	818
8258	903
8259	804
8260	868
8261	798
8262	852
8263	795
8264	741
8265	791
8266	866
8267	790
8268	858
8269	778
8270	862
8271	793
8272	813
8273	764
8274	774
8275	823
8276	845
8277	858
8278	771
8279	812
8280	855
8281	811
8282	749
8283	838
8284	761
8285	824
8286	968
8287	746
8288	858
8289	801
8290	801
8291	813
8292	806
8293	759
8294	773
8295	790
8296	745
8297	773
8298	720
8299	754
8300	837
8301	759
8302	744
8303	781
8304	793
8305	764
8306	782
8307	791
8308	757
8309	750
8310	829
8311	766
8312	800
8313	770
8314	779
8315	765
8316	776
8317	756
8318	743
8319	729
8320	833
8321	747
8322	744
8323	760
8324	746
8325	726
8326	765
8327	698
8328	733
8329	776
8330	711
8331	700
8332	771
8333	883
8334	729
8335	783
8336	798
8337	704
8338	716
8339	840
8340	729
8341	742
8342	750
8343	748
8344	790
8345	714
8346	725
8347	710
8348	732
8349	828
8350	814
8351	710
8352	807
8353	736
8354	760
8355	719
8356	735
8357	706
8358	664
8359	746
8360	733
8361	785
8362	741
8363	740
8364	794
8365	724
8366	762
8367	807
8368	722
8369	681
8370	704
8371	691
8372	735
8373	671
8374	794
8375	746
8376	708
8377	786
8378	752
8379	734
8380	740
8381	740
8382	753
8383	758
8384	732
8385	743
8386	698
8387	724
8388	692
8389	743
8390	765
8391	763
8392	758
8393	726
8394	777
8395	803
8396	734
8397	741
8398	746
8399	718
8400	765
8401	744
8402	713
8403	834
8404	795
8405	801
8406	794
8407	690
8408	782
8409	810
8410	722
8411	836
8412	801
8413	819
8414	739
8415	722
8416	771
8417	815
8418	769
8419	754
8420	753
8421	749
8422	764
8423	788
8424	717
8425	679
8426	702
8427	724
8428	726
8429	692
8430	736
8431	666
8432	710
8433	747
8434	727
8435	747
8436	785
8437	698
8438	745
8439	808
8440	738
8441	732
8442	733
8443	717
8444	722
8445	727
8446	751
8447	736
8448	734
8449	736
8450	746
8451	758
8452	720
8453	693
8454	705
8455	682
8456	729
8457	713
8458	712
8459	677
8460	703
8461	764
8462	640
8463	693
8464	719
8465	716
8466	783
8467	727
8468	797
8469	712
8470	666
8471	711
8472	718
8473	779
8474	677
8475	723
8476	668
8477	722
8478	713
8479	672
8480	652
8481	675
8482	700
8483	704
8484	633
8485	648
8486	647
8487	619
8488	655
8489	716
8490	652
8491	694
8492	735
8493	683
8494	714
8495	672
8496	725
8497	701
8498	668
8499	746
8500	653
8501	696
8502	690
8503	704
8504	689
8505	737
8506	615
8507	636
8508	716
8509	708
8510	698
8511	683
8512	717
8513	698
8514	688
8515	629
8516	678
8517	646
8518	699
8519	622
8520	661
8521	655
8522	702
8523	670
8524	702
8525	713
8526	653
8527	706
8528	745
8529	688
8530	720
8531	678
8532	662
8533	677
8534	673
8535	722
8536	684
8537	696
8538	686
8539	638
8540	658
8541	652
8542	674
8543	726
8544	766
8545	768
8546	690
8547	708
8548	679
8549	688
8550	735
8551	704
8552	712
8553	750
8554	734
8555	776
8556	723
8557	674
8558	740
8559	682
8560	695
8561	764
8562	748
8563	692
8564	608
8565	662
8566	764
8567	770
8568	720
8569	677
8570	731
8571	687
8572	692
8573	707
8574	719
8575	703
8576	670
8577	748
8578	710
8579	725
8580	762
8581	770
8582	802
8583	813
8584	769
8585	729
8586	784
8587	740
8588	699
8589	757
8590	717
8591	738
8592	732
8593	669
8594	689
8595	637
8596	652
8597	628
8598	670
8599	665
8600	678
8601	659
8602	742
8603	679
8604	672
8605	660
8606	653
8607	621
8608	695
8609	703
8610	715
8611	726
8612	679
8613	699
8614	643
8615	665
8616	666
8617	702
8618	652
8619	666
8620	608
8621	697
8622	668
8623	698
8624	625
8625	654
8626	584
8627	662
8628	659
8629	641
8630	658
8631	631
8632	622
8633	597
8634	657
8635	689
8636	670
8637	587
8638	670
8639	598
8640	663
8641	637
8642	662
8643	659
8644	629
8645	604
8646	618
8647	678
8648	636
8649	610
8650	675
8651	627
8652	656
8653	656
8654	713
8655	738
8656	757
8657	651
8658	680
8659	672
8660	674
8661	620
8662	699
8663	646
8664	678
8665	711
8666	638
8667	722
8668	716
8669	659
8670	647
8671	672
8672	590
8673	685
8674	663
8675	648
8676	632
8677	695
8678	649
8679	721
8680	636
8681	633
8682	645
8683	700
8684	660
8685	679
8686	718
8687	675
8688	676
8689	704
8690	629
8691	651
8692	661
8693	683
8694	641
8695	675
8696	750
8697	705
8698	765
8699	667
8700	715
8701	676
8702	676
8703	567
8704	761
8705	643
8706	647
8707	685
8708	651
8709	757
8710	672
8711	698
8712	679
8713	605
8714	694
8715	634
8716	626
8717	680
8718	660
8719	657
8720	699
8721	695
8722	657
8723	757
8724	700
8725	726
8726	668
8727	683
8728	664
8729	680
8730	675
8731	686
8732	610
8733	743
8734	715
8735	730
8736	674
8737	737
8738	703
8739	675
8740	709
8741	700
8742	741
8743	729
8744	702
8745	735
8746	687
8747	661
8748	679
8749	644
8750	721
8751	745
8752	696
8753	695
8754	710
8755	749
8756	737
8757	696
8758	681
8759	652
8760	736
8761	729
8762	689
8763	705
8764	661
8765	638
8766	637
8767	692
8768	684
8769	707
8770	691
8771	730
8772	683
8773	702
8774	665
8775	739
8776	714
8777	775
8778	730
8779	752
8780	685
8781	768
8782	709
8783	679
8784	715
8785	718
8786	718
8787	687
8788	718
8789	740
8790	724
8791	740
8792	715
8793	689
8794	660
8795	692
8796	646
8797	631
8798	732
8799	732
8800	753
8801	736
8802	756
8803	668
8804	711
8805	702
8806	686
8807	752
8808	761
8809	705
8810	674
8811	733
8812	740
8813	675
8814	707
8815	750
8816	694
8817	700
8818	749
8819	724
8820	718
8821	741
8822	718
8823	730
8824	679
8825	777
8826	726
8827	674
8828	741
8829	690
8830	698
8831	753
8832	746
8833	692
8834	644
8835	749
8836	691
8837	682
8838	651
8839	702
8840	672
8841	707
8842	737
8843	645
8844	691
8845	649
8846	651
8847	781
8848	746
8849	694
8850	692
8851	751
8852	717
8853	684
8854	793
8855	847
8856	761
8857	814
8858	793
8859	715
8860	758
8861	822
8862	695
8863	714
8864	706
8865	721
8866	673
8867	732
8868	683
8869	767
8870	763
8871	737
8872	732
8873	743
8874	746
8875	684
8876	723
8877	685
8878	707
8879	676
8880	701
8881	674
8882	707
8883	626
8884	761
8885	624
8886	687
8887	683
8888	740
8889	639
8890	628
8891	665
8892	597
8893	660
8894	672
8895	666
8896	643
8897	662
8898	681
8899	662
8900	648
8901	634
8902	594
8903	672
8904	630
8905	644
8906	606
8907	697
8908	627
8909	726
8910	680
8911	614
8912	647
8913	683
8914	717
8915	698
8916	655
8917	669
8918	697
8919	686
8920	611
8921	622
8922	684
8923	719
8924	631
8925	664
8926	688
8927	630
8928	626
8929	688
8930	704
8931	628
8932	688
8933	659
8934	620
8935	607
8936	680
8937	667
8938	686
8939	676
8940	649
8941	680
8942	640
8943	649
8944	602
8945	616
8946	606
8947	650
8948	632
8949	620
8950	589
8951	611
8952	626
8953	638
8954	580
8955	604
8956	612
8957	606
8958	586
8959	608
8960	566
8961	614
8962	612
8963	566
8964	624
8965	655
8966	606
8967	629
8968	591
8969	590
8970	597
8971	662
8972	595
8973	675
8974	577
8975	623
8976	560
8977	606
8978	573
8979	646
8980	642
8981	590
8982	621
8983	627
8984	646
8985	643
8986	677
8987	628
8988	591
8989	621
8990	652
8991	664
8992	635
8993	678
8994	652
8995	620
8996	666
8997	659
8998	620
8999	615
9000	623
9001	624
9002	606
9003	595
9004	598
9005	590
9006	626
9007	582
9008	620
9009	616
9010	582
9011	609
9012	552
9013	606
9014	610
9015	607
9016	556
9017	623
9018	660
9019	667
9020	637
9021	583
9022	667
9023	609
9024	626
9025	602
9026	559
9027	609
9028	618
9029	608
9030	662
9031	599
9032	625
9033	606
9034	593
9035	601
9036	597
9037	601
9038	659
9039	594
9040	681
9041	603
9042	647
9043	597
9044	604
9045	597
9046	621
9047	605
9048	652
9049	632
9050	650
9051	633
9052	617
9053	665
9054	609
9055	670
9056	629
9057	635
9058	633
9059	732
9060	666
9061	734
9062	681
9063	702
9064	609
9065	652
9066	541
9067	575
9068	636
9069	707
9070	610
9071	630
9072	575
9073	607
9074	650
9075	606
9076	632
9077	612
9078	610
9079	641
9080	599
9081	662
9082	626
9083	659
9084	660
9085	700
9086	554
9087	649
9088	637
9089	652
9090	579
9091	607
9092	572
9093	617
9094	577
9095	595
9096	641
9097	623
9098	640
9099	628
9100	582
9101	654
9102	677
9103	663
9104	586
9105	636
9106	622
9107	623
9108	618
9109	572
9110	635
9111	639
9112	649
9113	577
9114	650
9115	612
9116	651
9117	594
9118	633
9119	543
9120	588
9121	587
9122	650
9123	610
9124	618
9125	608
9126	631
9127	636
9128	623
9129	659
9130	629
9131	648
9132	599
9133	566
9134	655
9135	619
9136	596
9137	643
9138	625
9139	607
9140	606
9141	652
9142	645
9143	628
9144	648
9145	601
9146	588
9147	621
9148	597
9149	618
9150	644
9151	629
9152	575
9153	614
9154	625
9155	597
9156	671
9157	614
9158	614
9159	591
9160	625
9161	607
9162	649
9163	623
9164	647
9165	693
9166	538
9167	596
9168	681
9169	643
9170	649
9171	592
9172	673
9173	672
9174	540
9175	609
9176	530
9177	639
9178	636
9179	627
9180	562
9181	612
9182	669
9183	555
9184	600
9185	580
9186	625
9187	669
9188	595
9189	608
9190	586
9191	647
9192	647
9193	605
9194	633
9195	601
9196	595
9197	606
9198	641
9199	590
9200	597
9201	582
9202	636
9203	604
9204	650
9205	668
9206	669
9207	646
9208	598
9209	584
9210	586
9211	571
9212	574
9213	595
9214	594
9215	608
9216	614
9217	646
9218	650
9219	699
9220	668
9221	645
9222	637
9223	648
9224	614
9225	572
9226	613
9227	640
9228	631
9229	608
9230	694
9231	600
9232	593
9233	626
9234	605
9235	629
9236	593
9237	598
9238	563
9239	627
9240	604
9241	661
9242	648
9243	652
9244	669
9245	660
9246	584
9247	623
9248	624
9249	617
9250	635
9251	660
9252	666
9253	662
9254	623
9255	589
9256	622
9257	676
9258	634
9259	590
9260	654
9261	643
9262	616
9263	643
9264	679
9265	620
9266	615
9267	718
9268	624
9269	625
9270	636
9271	687
9272	689
9273	722
9274	623
9275	679
9276	671
9277	567
9278	595
9279	540
9280	624
9281	631
9282	595
9283	587
9284	627
9285	606
9286	604
9287	614
9288	628
9289	681
9290	688
9291	654
9292	617
9293	633
9294	650
9295	633
9296	681
9297	616
9298	707
9299	668
9300	609
9301	640
9302	574
9303	663
9304	628
9305	692
9306	651
9307	640
9308	627
9309	656
9310	684
9311	596
9312	566
9313	603
9314	659
9315	596
9316	581
9317	656
9318	695
9319	655
9320	620
9321	572
9322	572
9323	575
9324	589
9325	537
9326	566
9327	535
9328	566
9329	559
9330	580
9331	638
9332	554
9333	478
9334	573
9335	554
9336	614
9337	614
9338	579
9339	521
9340	580
9341	601
9342	558
9343	585
9344	519
9345	554
9346	541
9347	622
9348	550
9349	546
9350	601
9351	582
9352	544
9353	607
9354	623
9355	577
9356	540
9357	536
9358	582
9359	520
9360	564
9361	535
9362	565
9363	517
9364	551
9365	558
9366	564
9367	529
9368	532
9369	545
9370	587
9371	623
9372	506
9373	511
9374	598
9375	569
9376	519
9377	562
9378	524
9379	586
9380	600
9381	559
9382	562
9383	514
9384	626
9385	562
9386	538
9387	588
9388	584
9389	555
9390	637
9391	514
9392	572
9393	636
9394	580
9395	557
9396	538
9397	536
9398	551
9399	577
9400	557
9401	576
9402	561
9403	641
9404	586
9405	631
9406	586
9407	598
9408	615
9409	633
9410	605
9411	600
9412	613
9413	634
9414	655
9415	607
9416	624
9417	553
9418	611
9419	599
9420	647
9421	630
9422	655
9423	621
9424	572
9425	524
9426	687
9427	589
9428	565
9429	595
9430	584
9431	611
9432	597
9433	605
9434	596
9435	631
9436	605
9437	632
9438	646
9439	589
9440	612
9441	585
9442	567
9443	574
9444	546
9445	630
9446	658
9447	630
9448	685
9449	628
9450	649
9451	620
9452	650
9453	622
9454	677
9455	705
9456	718
9457	731
9458	647
9459	612
9460	646
9461	580
9462	690
9463	715
9464	721
9465	702
9466	741
9467	689
9468	704
9469	696
9470	655
9471	630
9472	659
9473	622
9474	669
9475	619
9476	678
9477	629
9478	637
9479	590
9480	607
9481	644
9482	667
9483	616
9484	598
9485	660
9486	601
9487	592
9488	559
9489	614
9490	621
9491	596
9492	652
9493	641
9494	602
9495	590
9496	659
9497	583
9498	587
9499	586
9500	555
9501	628
9502	618
9503	627
9504	538
9505	619
9506	604
9507	538
9508	622
9509	571
9510	525
9511	605
9512	574
9513	609
9514	566
9515	611
9516	623
9517	648
9518	570
9519	590
9520	585
9521	547
9522	646
9523	616
9524	653
9525	600
9526	658
9527	570
9528	602
9529	583
9530	656
9531	616
9532	645
9533	583
9534	633
9535	639
9536	574
9537	635
9538	573
9539	617
9540	616
9541	662
9542	546
9543	624
9544	595
9545	652
9546	603
9547	587
9548	668
9549	601
9550	589
9551	591
9552	618
9553	640
9554	594
9555	628
9556	594
9557	555
9558	626
9559	660
9560	631
9561	602
9562	602
9563	626
9564	593
9565	641
9566	634
9567	676
9568	614
9569	611
9570	588
9571	624
9572	615
9573	583
9574	581
9575	593
9576	610
9577	583
9578	666
9579	646
9580	577
9581	618
9582	623
9583	676
9584	565
9585	598
9586	632
9587	577
9588	526
9589	623
9590	615
9591	651
9592	662
9593	622
9594	643
9595	615
9596	604
9597	573
9598	542
9599	623
9600	592
9601	641
9602	586
9603	639
9604	565
9605	530
9606	585
9607	577
9608	581
9609	608
9610	638
9611	603
9612	624
9613	643
9614	636
9615	638
9616	621
9617	625
9618	655
9619	638
9620	614
9621	540
9622	606
9623	584
9624	610
9625	618
9626	617
9627	654
9628	594
9629	633
9630	692
9631	644
9632	661
9633	617
9634	671
9635	641
9636	660
9637	626
9638	631
9639	642
9640	635
9641	621
9642	626
9643	571
9644	618
9645	671
9646	614
9647	659
9648	635
9649	597
9650	678
9651	623
9652	653
9653	652
9654	626
9655	622
9656	821
9657	666
9658	677
9659	622
9660	566
9661	606
9662	671
9663	669
9664	677
9665	626
9666	658
9667	594
9668	603
9669	586
9670	648
9671	655
9672	623
9673	623
9674	564
9675	593
9676	588
9677	646
9678	633
9679	680
9680	667
9681	622
9682	712
9683	616
9684	633
9685	639
9686	585
9687	645
9688	666
9689	691
9690	637
9691	704
9692	594
9693	685
9694	680
9695	633
9696	633
9697	619
9698	618
9699	658
9700	692
9701	687
9702	653
9703	645
9704	700
9705	630
9706	686
9707	640
9708	636
9709	610
9710	625
9711	687
9712	743
9713	666
9714	638
9715	601
9716	565
9717	663
9718	558
9719	638
9720	663
9721	635
9722	603
9723	613
9724	597
9725	633
9726	647
9727	599
9728	576
9729	575
9730	606
9731	567
9732	602
9733	602
9734	544
9735	655
9736	572
9737	653
9738	639
9739	638
9740	622
9741	652
9742	654
9743	646
9744	615
9745	599
9746	592
9747	665
9748	619
9749	630
9750	640
9751	632
9752	642
9753	587
9754	650
9755	636
9756	626
9757	602
9758	601
9759	577
9760	593
9761	585
9762	554
9763	549
9764	646
9765	573
9766	606
9767	598
9768	606
9769	602
9770	676
9771	574
9772	600
9773	636
9774	654
9775	592
9776	603
9777	602
9778	659
9779	565
9780	540
9781	568
9782	602
9783	620
9784	621
9785	570
9786	581
9787	549
9788	537
9789	609
9790	550
9791	627
9792	589
9793	563
9794	551
9795	529
9796	600
9797	624
9798	596
9799	638
9800	602
9801	590
9802	572
9803	563
9804	594
9805	622
9806	616
9807	592
9808	525
9809	601
9810	623
9811	607
9812	631
9813	613
9814	632
9815	643
9816	634
9817	573
9818	538
9819	600
9820	574
9821	582
9822	594
9823	641
9824	622
9825	622
9826	665
9827	597
9828	600
9829	647
9830	625
9831	644
9832	591
9833	550
9834	548
9835	585
9836	592
9837	585
9838	591
9839	569
9840	569
9841	585
9842	629
9843	608
9844	573
9845	612
9846	582
9847	630
9848	570
9849	642
9850	608
9851	620
9852	560
9853	600
9854	625
9855	612
9856	570
9857	644
9858	685
9859	626
9860	603
9861	598
9862	575
9863	597
9864	659
9865	543
9866	638
9867	580
9868	564
9869	618
9870	566
9871	576
9872	576
9873	577
9874	618
9875	633
9876	625
9877	615
9878	562
9879	626
9880	578
9881	622
9882	640
9883	629
9884	641
9885	566
9886	534
9887	581
9888	606
9889	585
9890	651
9891	619
9892	591
9893	629
9894	578
9895	630
9896	605
9897	669
9898	606
9899	627
9900	572
9901	556
9902	622
9903	589
9904	696
9905	600
9906	585
9907	589
9908	625
9909	603
9910	644
9911	633
9912	638
9913	584
9914	659
9915	551
9916	646
9917	588
9918	583
9919	645
9920	678
9921	598
9922	603
9923	616
9924	632
9925	610
9926	635
9927	608
9928	573
9929	618
9930	623
9931	659
9932	595
9933	623
9934	602
9935	585
9936	591
9937	641
9938	621
9939	636
9940	579
9941	602
9942	608
9943	655
9944	700
9945	620
9946	696
9947	596
9948	610
9949	678
9950	593
9951	621
9952	614
9953	639
9954	696
9955	586
9956	637
9957	635
9958	602
9959	622
9960	581
9961	674
9962	677
9963	596
9964	634
9965	611
9966	627
9967	625
9968	584
9969	644
9970	680
9971	673
9972	680
9973	664
9974	623
9975	611
9976	657
9977	683
9978	592
9979	652
9980	634
9981	672
9982	651
9983	611
9984	610
9985	662
9986	644
9987	609
9988	656
9989	625
9990	638
9991	677
9992	608
9993	673
9994	625
9995	624
9996	581
9997	567
9998	602
9999	589
10000	630
10001	602
10002	585
10003	606
10004	565
10005	632
10006	618
10007	616
10008	587
10009	605
10010	635
10011	642
10012	603
10013	617
10014	591
10015	613
10016	636
10017	541
10018	589
10019	573
10020	528
10021	562
10022	604
10023	531
10024	544
10025	640
10026	599
10027	625
10028	533
10029	531
10030	555
10031	527
10032	556
10033	546
10034	522
10035	563
10036	526
10037	569
10038	590
10039	593
10040	536
10041	537
10042	557
10043	519
10044	577
10045	595
10046	612
10047	494
10048	578
10049	500
10050	589
10051	553
10052	579
10053	481
10054	555
10055	498
10056	559
10057	551
10058	578
10059	553
10060	621
10061	523
10062	550
10063	554
10064	553
10065	525
10066	546
10067	549
10068	603
10069	566
10070	549
10071	549
10072	570
10073	575
10074	530
10075	574
10076	487
10077	528
10078	559
10079	575
10080	502
10081	621
10082	565
10083	521
10084	596
10085	541
10086	526
10087	547
10088	650
10089	551
10090	530
10091	542
10092	558
10093	555
10094	590
10095	566
10096	578
10097	577
10098	554
10099	573
10100	547
10101	594
10102	606
10103	597
10104	609
10105	586
10106	550
10107	636
10108	577
10109	530
10110	594
10111	606
10112	639
10113	585
10114	615
10115	573
10116	544
10117	571
10118	545
10119	638
10120	567
10121	646
10122	543
10123	583
10124	629
10125	614
10126	603
10127	519
10128	557
10129	534
10130	615
10131	604
10132	598
10133	593
10134	522
10135	565
10136	583
10137	560
10138	595
10139	560
10140	472
10141	581
10142	549
10143	666
10144	619
10145	588
10146	639
10147	565
10148	602
10149	662
10150	666
10151	632
10152	607
10153	588
10154	597
10155	533
10156	647
10157	632
10158	593
10159	580
10160	676
10161	627
10162	627
10163	731
10164	671
10165	589
10166	553
10167	628
10168	616
10169	654
10170	616
10171	574
10172	575
10173	531
10174	628
10175	563
10176	583
10177	631
10178	633
10179	610
10180	676
10181	668
10182	645
10183	629
10184	624
10185	662
10186	637
10187	590
10188	625
10189	594
10190	595
10191	561
10192	603
10193	649
10194	604
10195	588
10196	571
10197	600
10198	596
10199	555
10200	742
10201	651
10202	655
10203	692
10204	730
10205	697
10206	669
10207	662
10208	711
10209	622
10210	566
10211	633
10212	670
10213	654
10214	574
10215	598
10216	579
10217	613
10218	566
10219	631
10220	665
10221	594
10222	607
10223	599
10224	621
10225	616
10226	641
10227	552
10228	664
10229	562
10230	602
10231	610
10232	671
10233	623
10234	688
10235	678
10236	626
10237	631
10238	663
10239	664
10240	642
10241	596
10242	597
10243	558
10244	630
10245	638
10246	565
10247	586
10248	566
10249	583
10250	590
10251	665
10252	624
10253	652
10254	685
10255	637
10256	580
10257	640
10258	621
10259	576
10260	542
10261	596
10262	684
10263	639
10264	619
10265	621
10266	620
10267	602
10268	681
10269	652
10270	661
10271	583
10272	609
10273	646
10274	640
10275	674
10276	690
10277	625
10278	705
10279	617
10280	620
10281	692
10282	633
10283	668
10284	645
10285	633
10286	646
10287	627
10288	584
10289	669
10290	626
10291	624
10292	622
10293	649
10294	607
10295	667
10296	606
10297	622
10298	609
10299	586
10300	652
10301	603
10302	543
10303	593
10304	631
10305	637
10306	589
10307	610
10308	658
10309	602
10310	559
10311	610
10312	593
10313	623
10314	617
10315	546
10316	567
10317	625
10318	607
10319	588
10320	599
10321	617
10322	588
10323	596
10324	633
10325	583
10326	672
10327	597
10328	563
10329	598
10330	608
10331	589
10332	576
10333	591
10334	533
10335	583
10336	621
10337	563
10338	610
10339	576
10340	608
10341	681
10342	603
10343	586
10344	548
10345	573
10346	592
10347	619
10348	613
10349	623
10350	572
10351	562
10352	604
10353	597
10354	566
10355	597
10356	544
10357	609
10358	591
10359	583
10360	582
10361	608
10362	595
10363	543
10364	593
10365	544
10366	570
10367	550
10368	545
10369	562
10370	590
10371	587
10372	567
10373	641
10374	658
10375	583
10376	566
10377	605
10378	575
10379	605
10380	620
10381	584
10382	554
10383	585
10384	578
10385	630
10386	623
10387	597
10388	621
10389	615
10390	642
10391	625
10392	592
10393	598
10394	546
10395	552
10396	552
10397	606
10398	559
10399	593
10400	557
10401	559
10402	625
10403	656
10404	642
10405	561
10406	580
10407	568
10408	666
10409	661
10410	599
10411	714
10412	615
10413	629
10414	547
10415	605
10416	648
10417	602
10418	599
10419	588
10420	546
10421	577
10422	561
10423	565
10424	528
10425	573
10426	533
10427	540
10428	601
10429	559
10430	540
10431	529
10432	557
10433	559
10434	517
10435	554
10436	519
10437	585
10438	493
10439	574
10440	518
10441	560
10442	532
10443	530
10444	576
10445	571
10446	501
10447	486
10448	532
10449	528
10450	508
10451	515
10452	499
10453	543
10454	517
10455	548
10456	531
10457	517
10458	551
10459	552
10460	510
10461	558
10462	528
10463	497
10464	534
10465	571
10466	473
10467	556
10468	525
10469	507
10470	551
10471	527
10472	485
10473	525
10474	540
10475	528
10476	484
10477	484
10478	512
10479	499
10480	492
10481	524
10482	523
10483	570
10484	522
10485	511
10486	599
10487	543
10488	574
10489	567
10490	507
10491	494
10492	530
10493	490
10494	490
10495	510
10496	531
10497	512
10498	498
10499	517
10500	503
10501	496
10502	541
10503	468
10504	492
10505	466
10506	464
10507	476
10508	483
10509	503
10510	457
10511	509
10512	528
10513	514
10514	495
10515	532
10516	500
10517	517
10518	514
10519	590
10520	538
10521	532
10522	532
10523	549
10524	511
10525	485
10526	557
10527	494
10528	533
10529	510
10530	483
10531	503
10532	510
10533	473
10534	564
10535	562
10536	494
10537	538
10538	458
10539	523
10540	522
10541	523
10542	536
10543	501
10544	544
10545	568
10546	555
10547	542
10548	503
10549	551
10550	541
10551	530
10552	515
10553	529
10554	521
10555	496
10556	594
10557	583
10558	543
10559	509
10560	504
10561	544
10562	542
10563	531
10564	585
10565	517
10566	510
10567	560
10568	541
10569	568
10570	533
10571	537
10572	492
10573	503
10574	482
10575	558
10576	475
10577	542
10578	507
10579	561
10580	534
10581	467
10582	518
10583	528
10584	583
10585	502
10586	498
10587	530
10588	467
10589	574
10590	511
10591	594
10592	579
10593	597
10594	576
10595	531
10596	549
10597	476
10598	560
10599	488
10600	558
10601	552
10602	489
10603	494
10604	551
10605	492
10606	526
10607	498
10608	452
10609	512
10610	519
10611	467
10612	558
10613	491
10614	542
10615	528
10616	499
10617	554
10618	531
10619	508
10620	508
10621	527
10622	586
10623	500
10624	531
10625	513
10626	530
10627	530
10628	519
10629	504
10630	584
10631	482
10632	519
10633	468
10634	497
10635	581
10636	516
10637	566
10638	511
10639	553
10640	545
10641	520
10642	530
10643	539
10644	547
10645	532
10646	523
10647	498
10648	536
10649	463
10650	522
10651	521
10652	429
10653	483
10654	531
10655	500
10656	522
10657	501
10658	556
10659	560
10660	559
10661	545
10662	579
10663	563
10664	604
10665	606
10666	550
10667	534
10668	535
10669	575
10670	572
10671	535
10672	591
10673	631
10674	579
10675	518
10676	538
10677	570
10678	502
10679	634
10680	611
10681	635
10682	546
10683	549
10684	530
10685	510
10686	474
10687	522
10688	506
10689	522
10690	515
10691	543
10692	537
10693	455
10694	532
10695	480
10696	492
10697	491
10698	519
10699	484
10700	466
10701	488
10702	495
10703	500
10704	478
10705	439
10706	508
10707	484
10708	493
10709	526
10710	542
10711	537
10712	554
10713	537
10714	592
10715	523
10716	549
10717	556
10718	553
10719	542
10720	525
10721	510
10722	544
10723	478
10724	523
10725	544
10726	536
10727	506
10728	519
10729	522
10730	486
10731	506
10732	476
10733	454
10734	465
10735	546
10736	466
10737	498
10738	481
10739	520
10740	494
10741	504
10742	493
10743	487
10744	494
10745	440
10746	519
10747	447
10748	521
10749	463
10750	497
10751	418
10752	468
10753	442
10754	470
10755	505
10756	413
10757	477
10758	459
10759	488
10760	462
10761	437
10762	458
10763	458
10764	488
10765	499
10766	489
10767	476
10768	474
10769	459
10770	460
10771	486
10772	449
10773	540
10774	476
10775	492
10776	524
10777	520
10778	484
10779	462
10780	498
10781	528
10782	550
10783	502
10784	549
10785	497
10786	492
10787	530
10788	531
10789	505
10790	445
10791	461
10792	487
10793	474
10794	502
10795	490
10796	539
10797	465
10798	470
10799	522
10800	517
10801	488
10802	556
10803	509
10804	541
10805	495
10806	490
10807	516
10808	515
10809	494
10810	519
10811	528
10812	504
10813	520
10814	490
10815	542
10816	523
10817	582
10818	523
10819	590
10820	694
10821	710
10822	611
10823	589
10824	557
10825	580
10826	512
10827	542
10828	538
10829	516
10830	526
10831	542
10832	532
10833	535
10834	563
10835	606
10836	569
10837	568
10838	558
10839	535
10840	582
10841	492
10842	538
10843	601
10844	581
10845	611
10846	593
10847	555
10848	502
10849	542
10850	554
10851	567
10852	532
10853	570
10854	493
10855	563
10856	556
10857	568
10858	492
10859	529
10860	580
10861	484
10862	511
10863	540
10864	482
10865	510
10866	587
10867	519
10868	483
10869	523
10870	547
10871	523
10872	521
10873	588
10874	495
10875	596
10876	524
10877	529
10878	535
10879	574
10880	587
10881	547
10882	509
10883	522
10884	572
10885	464
10886	519
10887	499
10888	595
10889	531
10890	540
10891	481
10892	553
10893	435
10894	469
10895	442
10896	512
10897	533
10898	500
10899	484
10900	483
10901	532
10902	545
10903	500
10904	585
10905	655
10906	628
10907	531
10908	417
10909	461
10910	472
10911	448
10912	409
10913	495
10914	472
10915	635
10916	536
10917	543
10918	518
10919	536
10920	515
10921	490
10922	479
10923	502
10924	519
10925	527
10926	472
10927	449
10928	450
10929	440
10930	387
10931	482
10932	539
10933	447
10934	475
10935	477
10936	443
10937	429
10938	421
10939	383
10940	426
10941	451
10942	447
10943	392
10944	380
10945	424
10946	428
10947	434
10948	423
10949	430
10950	441
10951	409
10952	445
10953	416
10954	466
10955	446
10956	404
10957	446
10958	419
10959	396
10960	440
10961	394
10962	396
10963	432
10964	482
10965	432
10966	398
10967	424
10968	435
10969	425
10970	456
10971	461
10972	462
10973	435
10974	457
10975	418
10976	406
10977	448
10978	422
10979	431
10980	433
10981	476
10982	473
10983	485
10984	484
10985	417
10986	406
10987	470
10988	444
10989	435
10990	448
10991	468
10992	465
10993	422
10994	404
10995	390
10996	469
10997	424
10998	415
10999	420
11000	449
11001	468
11002	455
11003	481
11004	449
11005	409
11006	409
11007	462
11008	404
11009	419
11010	415
11011	446
11012	507
11013	497
11014	488
11015	412
11016	422
11017	425
11018	444
11019	455
11020	429
11021	456
11022	428
11023	455
11024	466
11025	451
11026	463
11027	469
11028	428
11029	431
11030	420
11031	434
11032	472
11033	493
11034	415
11035	433
11036	448
11037	377
11038	503
11039	391
11040	397
11041	416
11042	421
11043	468
11044	461
11045	469
11046	467
11047	439
11048	497
11049	416
11050	433
11051	452
11052	439
11053	456
11054	516
11055	493
11056	516
11057	442
11058	449
11059	449
11060	463
11061	415
11062	490
11063	460
11064	436
11065	479
11066	475
11067	420
11068	452
11069	436
11070	444
11071	488
11072	451
11073	432
11074	425
11075	465
11076	401
11077	461
11078	436
11079	501
11080	479
11081	474
11082	447
11083	473
11084	484
11085	470
11086	495
11087	473
11088	434
11089	471
11090	474
11091	533
11092	504
11093	508
11094	527
11095	543
11096	526
11097	557
11098	596
11099	604
11100	582
11101	600
11102	535
11103	514
11104	610
11105	608
11106	512
11107	638
11108	560
11109	571
11110	577
11111	629
11112	565
11113	487
11114	455
11115	505
11116	550
11117	562
11118	544
11119	534
11120	537
11121	502
11122	533
11123	493
11124	531
11125	531
11126	504
11127	535
11128	480
11129	512
11130	524
11131	549
11132	547
11133	605
11134	553
11135	553
11136	547
11137	566
11138	457
11139	459
11140	509
11141	471
11142	490
11143	470
11144	493
11145	500
11146	458
11147	484
11148	415
11149	433
11150	525
11151	451
11152	490
11153	455
11154	485
11155	477
11156	411
11157	493
11158	476
11159	507
11160	519
11161	440
11162	457
11163	476
11164	570
11165	432
11166	503
11167	455
11168	490
11169	487
11170	444
11171	472
11172	469
11173	483
11174	472
11175	495
11176	473
11177	488
11178	528
11179	484
11180	470
11181	463
11182	485
11183	446
11184	454
11185	475
11186	429
11187	452
11188	451
11189	489
11190	530
11191	461
11192	498
11193	448
11194	528
11195	459
11196	492
11197	492
11198	426
11199	507
11200	492
11201	393
11202	477
11203	429
11204	444
11205	437
11206	416
11207	454
11208	466
11209	431
11210	442
11211	461
11212	461
11213	428
11214	400
11215	409
11216	431
11217	426
11218	432
11219	424
11220	387
11221	413
11222	415
11223	427
11224	450
11225	426
11226	436
11227	390
11228	453
11229	437
11230	454
11231	426
11232	453
11233	426
11234	429
11235	407
11236	406
11237	389
11238	417
11239	424
11240	450
11241	436
11242	440
11243	424
11244	403
11245	440
11246	438
11247	429
11248	422
11249	399
11250	386
11251	398
11252	376
11253	443
11254	426
11255	443
11256	388
11257	439
11258	411
11259	374
11260	454
11261	429
11262	429
11263	454
11264	438
11265	425
11266	452
11267	468
11268	420
11269	448
11270	477
11271	462
11272	424
11273	429
11274	479
11275	472
11276	451
11277	465
11278	409
11279	451
11280	416
11281	472
11282	470
11283	430
11284	407
11285	464
11286	443
11287	422
11288	464
11289	467
11290	492
11291	508
11292	499
11293	448
11294	493
11295	470
11296	442
11297	432
11298	418
11299	437
11300	427
11301	412
11302	417
11303	453
11304	495
11305	522
11306	476
11307	477
11308	465
11309	405
11310	531
11311	467
11312	486
11313	520
11314	521
11315	496
11316	487
11317	477
11318	533
11319	488
11320	462
11321	470
11322	386
11323	495
11324	495
11325	535
11326	521
11327	524
11328	475
11329	509
11330	500
11331	427
11332	491
11333	462
11334	436
11335	396
11336	443
11337	471
11338	455
11339	429
11340	452
11341	457
11342	428
11343	462
11344	463
11345	459
11346	411
11347	450
11348	446
11349	429
11350	439
11351	483
11352	523
11353	499
11354	510
11355	526
11356	546
11357	491
11358	381
11359	469
11360	468
11361	470
11362	421
11363	483
11364	503
11365	491
11366	492
11367	456
11368	464
11369	489
11370	443
11371	454
11372	454
11373	479
11374	455
11375	436
11376	493
11377	469
11378	443
11379	480
11380	487
11381	516
11382	498
11383	478
11384	479
11385	483
11386	460
11387	558
11388	470
11389	462
11390	507
11391	526
11392	525
11393	455
11394	484
11395	445
11396	393
11397	478
11398	501
11399	432
11400	517
11401	498
11402	436
11403	457
11404	434
11405	451
11406	495
11407	490
11408	495
11409	436
11410	471
11411	479
11412	534
11413	454
11414	476
11415	468
11416	464
11417	489
11418	459
11419	445
11420	508
11421	537
11422	462
11423	506
11424	467
11425	445
11426	454
11427	419
11428	380
11429	401
11430	388
11431	403
11432	408
11433	442
11434	420
11435	426
11436	425
11437	425
11438	419
11439	365
11440	375
11441	431
11442	392
11443	395
11444	405
11445	393
11446	394
11447	391
11448	431
11449	351
11450	375
11451	434
11452	419
11453	394
11454	423
11455	377
11456	413
11457	392
11458	420
11459	390
11460	350
11461	384
11462	466
11463	426
11464	388
11465	410
11466	421
11467	422
11468	420
11469	380
11470	421
11471	365
11472	415
11473	367
11474	399
11475	390
11476	389
11477	460
11478	415
11479	432
11480	451
11481	374
11482	378
11483	377
11484	380
11485	432
11486	368
11487	428
11488	413
11489	391
11490	423
11491	416
11492	413
11493	404
11494	466
11495	393
11496	386
11497	439
11498	467
11499	409
11500	345
11501	409
11502	395
11503	365
11504	426
11505	379
11506	404
11507	420
11508	363
11509	378
11510	384
11511	399
11512	365
11513	392
11514	433
11515	393
11516	403
11517	445
11518	379
11519	438
11520	372
11521	383
11522	420
11523	428
11524	413
11525	398
11526	366
11527	379
11528	381
11529	355
11530	362
11531	350
11532	357
11533	409
11534	425
11535	363
11536	354
11537	358
11538	366
11539	349
11540	409
11541	321
11542	362
11543	415
11544	374
11545	346
11546	358
11547	332
11548	425
11549	425
11550	403
11551	421
11552	349
11553	399
11554	355
11555	409
11556	363
11557	371
11558	332
11559	380
11560	336
11561	371
11562	363
11563	392
11564	372
11565	386
11566	433
11567	345
11568	425
11569	361
11570	347
11571	368
11572	361
11573	368
11574	362
11575	366
11576	357
11577	360
11578	379
11579	367
11580	366
11581	384
11582	413
11583	416
11584	403
11585	395
11586	357
11587	345
11588	402
11589	418
11590	372
11591	408
11592	374
11593	353
11594	363
11595	369
11596	382
11597	417
11598	363
11599	395
11600	418
11601	368
11602	436
11603	381
11604	435
11605	352
11606	430
11607	443
11608	387
11609	390
11610	392
11611	364
11612	372
11613	372
11614	431
11615	426
11616	415
11617	413
11618	436
11619	454
11620	400
11621	431
11622	423
11623	384
11624	399
11625	475
11626	412
11627	418
11628	394
11629	467
11630	427
11631	403
11632	459
11633	402
11634	459
11635	445
11636	475
11637	457
11638	424
11639	552
11640	455
11641	459
11642	453
11643	465
11644	460
11645	389
11646	487
11647	461
11648	506
11649	480
11650	446
11651	434
11652	445
11653	463
11654	473
11655	480
11656	424
11657	420
11658	582
11659	687
11660	539
11661	432
11662	420
11663	388
11664	449
11665	408
11666	377
11667	393
11668	404
11669	385
11670	406
11671	401
11672	394
11673	426
11674	379
11675	364
11676	405
11677	418
11678	432
11679	432
11680	401
11681	395
11682	386
11683	404
11684	421
11685	396
11686	427
11687	440
11688	407
11689	364
11690	442
11691	425
11692	371
11693	375
11694	387
11695	417
11696	446
11697	430
11698	442
11699	418
11700	405
11701	425
11702	407
11703	432
11704	414
11705	446
11706	411
11707	399
11708	422
11709	442
11710	437
11711	404
11712	379
11713	385
11714	427
11715	411
11716	409
11717	443
11718	374
11719	431
11720	387
11721	393
11722	357
11723	376
11724	395
11725	404
11726	377
11727	423
11728	398
11729	374
11730	410
11731	468
11732	441
11733	424
11734	495
11735	410
11736	442
11737	409
11738	394
11739	455
11740	454
11741	465
11742	432
11743	488
11744	420
11745	406
11746	401
11747	397
11748	410
11749	388
11750	415
11751	392
11752	392
11753	379
11754	409
11755	444
11756	428
11757	416
11758	397
11759	426
11760	387
11761	411
11762	431
11763	432
11764	421
11765	419
11766	488
11767	455
11768	449
11769	452
11770	401
11771	457
11772	444
11773	445
11774	439
11775	437
11776	495
11777	461
11778	467
11779	530
11780	450
11781	477
11782	381
11783	449
11784	453
11785	462
11786	435
11787	441
11788	433
11789	435
11790	384
11791	475
11792	396
11793	370
11794	436
11795	414
11796	414
11797	516
11798	438
11799	401
11800	489
11801	495
11802	509
11803	455
11804	423
11805	456
11806	476
11807	506
11808	414
11809	436
11810	456
11811	456
11812	488
11813	494
11814	473
11815	428
11816	471
11817	468
11818	480
11819	434
11820	442
11821	412
11822	419
11823	460
11824	409
11825	500
11826	411
11827	466
11828	469
11829	439
11830	412
11831	417
11832	400
11833	437
11834	441
11835	451
11836	439
11837	452
11838	441
11839	448
11840	534
11841	472
11842	456
11843	492
11844	487
11845	437
11846	426
11847	440
11848	408
11849	403
11850	421
11851	427
11852	469
11853	410
11854	466
11855	470
11856	475
11857	431
11858	412
11859	452
11860	414
11861	431
11862	409
11863	476
11864	371
11865	402
11866	399
11867	401
11868	403
11869	417
11870	403
11871	431
11872	393
11873	339
11874	460
11875	428
11876	412
11877	381
11878	406
11879	423
11880	410
11881	399
11882	406
11883	372
11884	456
11885	428
11886	476
11887	422
11888	392
11889	375
11890	458
11891	438
11892	439
11893	404
11894	417
11895	455
11896	375
11897	396
11898	390
11899	430
11900	421
11901	454
11902	413
11903	411
11904	373
11905	425
11906	476
11907	370
11908	366
11909	413
11910	441
11911	417
11912	425
11913	425
11914	444
11915	443
11916	385
11917	418
11918	431
11919	431
11920	411
11921	406
11922	381
11923	440
11924	395
11925	461
11926	428
11927	378
11928	420
11929	439
11930	422
11931	419
11932	384
11933	439
11934	412
11935	444
11936	463
11937	440
11938	485
11939	488
11940	416
11941	437
11942	430
11943	438
11944	427
11945	439
11946	405
11947	431
11948	433
11949	425
11950	432
11951	491
11952	432
11953	424
11954	434
11955	424
11956	449
11957	448
11958	430
11959	415
11960	400
11961	381
11962	449
11963	490
11964	433
11965	443
11966	472
11967	443
11968	475
11969	412
11970	405
11971	460
11972	417
11973	467
11974	430
11975	416
11976	408
11977	424
11978	454
11979	427
11980	423
11981	436
11982	421
11983	427
11984	455
11985	421
11986	400
11987	392
11988	461
11989	397
11990	450
11991	419
11992	422
11993	395
11994	417
11995	414
11996	385
11997	399
11998	445
11999	416
12000	420
12001	417
12002	409
12003	398
12004	436
12005	414
12006	416
12007	427
12008	422
12009	422
12010	427
12011	441
12012	499
12013	442
12014	411
12015	420
12016	415
12017	435
12018	464
12019	439
12020	406
12021	467
12022	396
12023	446
12024	467
12025	434
12026	409
12027	406
12028	401
12029	341
12030	393
12031	417
12032	354
12033	394
12034	433
12035	396
12036	407
12037	461
12038	364
12039	402
12040	448
12041	378
12042	444
12043	419
12044	425
12045	413
12046	425
12047	415
12048	410
12049	411
12050	412
12051	455
12052	379
12053	386
12054	358
12055	424
12056	362
12057	372
12058	357
12059	357
12060	353
12061	393
12062	388
12063	357
12064	340
12065	392
12066	411
12067	391
12068	342
12069	369
12070	406
12071	374
12072	395
12073	430
12074	383
12075	356
12076	392
12077	345
12078	370
12079	402
12080	366
12081	398
12082	383
12083	384
12084	420
12085	377
12086	396
12087	379
12088	362
12089	390
12090	348
12091	409
12092	416
12093	413
12094	366
12095	380
12096	430
12097	433
12098	356
12099	410
12100	370
12101	364
12102	408
12103	344
12104	375
12105	371
12106	372
12107	352
12108	345
12109	422
12110	348
12111	386
12112	400
12113	393
12114	428
12115	362
12116	359
12117	379
12118	419
12119	443
12120	409
12121	382
12122	359
12123	390
12124	353
12125	379
12126	366
12127	434
12128	397
12129	382
12130	378
12131	357
12132	361
12133	384
12134	347
12135	389
12136	366
12137	364
12138	345
12139	408
12140	377
12141	380
12142	383
12143	392
12144	309
12145	369
12146	362
12147	369
12148	358
12149	396
12150	367
12151	413
12152	382
12153	365
12154	375
12155	335
12156	371
12157	382
12158	381
12159	356
12160	377
12161	344
12162	369
12163	346
12164	355
12165	388
12166	365
12167	378
12168	337
12169	429
12170	412
12171	346
12172	356
12173	340
12174	375
12175	362
12176	392
12177	375
12178	371
12179	375
12180	367
12181	380
12182	364
12183	446
12184	443
12185	395
12186	452
12187	463
12188	389
12189	347
12190	390
12191	382
12192	385
12193	359
12194	377
12195	357
12196	367
12197	359
12198	391
12199	396
12200	394
12201	392
12202	404
12203	403
12204	354
12205	428
12206	364
12207	398
12208	408
12209	384
12210	375
12211	393
12212	381
12213	359
12214	393
12215	341
12216	377
12217	402
12218	417
12219	374
12220	406
12221	404
12222	436
12223	388
12224	395
12225	402
12226	422
12227	357
12228	397
12229	361
12230	361
12231	377
12232	364
12233	385
12234	370
12235	367
12236	420
12237	368
12238	380
12239	426
12240	432
12241	360
12242	377
12243	334
12244	397
12245	349
12246	376
12247	330
12248	356
12249	398
12250	350
12251	381
12252	353
12253	351
12254	360
12255	346
12256	342
12257	379
12258	406
12259	360
12260	382
12261	372
12262	385
12263	383
12264	372
12265	392
12266	365
12267	362
12268	412
12269	360
12270	363
12271	347
12272	393
12273	429
12274	412
12275	440
12276	409
12277	352
12278	375
12279	381
12280	399
12281	325
12282	382
12283	378
12284	381
12285	415
12286	414
12287	385
12288	383
12289	354
12290	371
12291	366
12292	400
12293	414
12294	421
12295	362
12296	382
12297	403
12298	376
12299	342
12300	342
12301	321
12302	386
12303	397
12304	362
12305	423
12306	354
12307	351
12308	404
12309	381
12310	437
12311	357
12312	368
12313	440
12314	420
12315	418
12316	474
12317	391
12318	384
12319	390
12320	424
12321	438
12322	373
12323	422
12324	398
12325	384
12326	405
12327	431
12328	408
12329	360
12330	346
12331	402
12332	399
12333	433
12334	436
12335	427
12336	424
12337	423
12338	367
12339	427
12340	393
12341	402
12342	417
12343	375
12344	430
12345	406
12346	419
12347	436
12348	469
12349	421
12350	434
12351	412
12352	443
12353	460
12354	439
12355	483
12356	394
12357	427
12358	431
12359	442
12360	453
12361	449
12362	404
12363	399
12364	423
12365	370
12366	367
12367	432
12368	397
12369	406
12370	416
12371	432
12372	402
12373	414
12374	396
12375	364
12376	394
12377	379
12378	379
12379	363
12380	400
12381	412
12382	397
12383	400
12384	404
12385	418
12386	365
12387	406
12388	446
12389	393
12390	416
12391	424
12392	452
12393	375
12394	397
12395	425
12396	445
12397	372
12398	403
12399	379
12400	373
12401	379
12402	428
12403	412
12404	421
12405	395
12406	397
12407	364
12408	365
12409	354
12410	372
12411	386
12412	422
12413	353
12414	450
12415	396
12416	377
12417	385
12418	412
12419	369
12420	387
12421	346
12422	360
12423	406
12424	439
12425	398
12426	379
12427	456
12428	360
12429	378
12430	396
12431	413
12432	390
12433	331
12434	328
12435	355
12436	391
12437	319
12438	359
12439	345
12440	352
12441	372
12442	373
12443	405
12444	409
12445	382
12446	364
12447	405
12448	393
12449	423
12450	392
12451	386
12452	348
12453	350
12454	382
12455	369
12456	390
12457	331
12458	370
12459	356
12460	384
12461	414
12462	381
12463	375
12464	398
12465	343
12466	350
12467	394
12468	421
12469	385
12470	384
12471	404
12472	352
12473	384
12474	382
12475	376
12476	345
12477	386
12478	377
12479	362
12480	379
12481	374
12482	322
12483	366
12484	393
12485	422
12486	364
12487	377
12488	417
12489	423
12490	344
12491	394
12492	384
12493	351
12494	358
12495	369
12496	348
12497	391
12498	377
12499	338
12500	374
12501	430
12502	374
12503	404
12504	383
12505	362
12506	364
12507	333
12508	390
12509	409
12510	360
12511	343
12512	364
12513	397
12514	360
12515	367
12516	352
12517	347
12518	389
12519	359
12520	356
12521	373
12522	374
12523	349
12524	344
12525	400
12526	356
12527	320
12528	352
12529	352
12530	363
12531	329
12532	354
12533	358
12534	325
12535	353
12536	309
12537	369
12538	319
12539	319
12540	323
12541	412
12542	385
12543	303
12544	328
12545	353
12546	342
12547	345
12548	306
12549	303
12550	327
12551	347
12552	368
12553	364
12554	368
12555	314
12556	328
12557	330
12558	354
12559	359
12560	392
12561	350
12562	400
12563	328
12564	366
12565	386
12566	364
12567	340
12568	358
12569	367
12570	317
12571	339
12572	356
12573	309
12574	364
12575	356
12576	435
12577	402
12578	377
12579	329
12580	401
12581	368
12582	328
12583	375
12584	314
12585	324
12586	347
12587	368
12588	383
12589	401
12590	377
12591	347
12592	395
12593	354
12594	309
12595	351
12596	326
12597	336
12598	354
12599	358
12600	354
12601	301
12602	317
12603	398
12604	404
12605	369
12606	384
12607	375
12608	321
12609	335
12610	349
12611	325
12612	406
12613	392
12614	333
12615	356
12616	339
12617	352
12618	376
12619	370
12620	320
12621	370
12622	387
12623	379
12624	340
12625	362
12626	353
12627	377
12628	336
12629	347
12630	360
12631	342
12632	333
12633	371
12634	354
12635	321
12636	341
12637	384
12638	393
12639	376
12640	358
12641	351
12642	377
12643	395
12644	322
12645	350
12646	344
12647	339
12648	342
12649	364
12650	356
12651	388
12652	341
12653	376
12654	369
12655	322
12656	364
12657	352
12658	370
12659	394
12660	371
12661	364
12662	349
12663	353
12664	366
12665	357
12666	401
12667	392
12668	385
12669	366
12670	324
12671	432
12672	402
12673	420
12674	311
12675	422
12676	394
12677	408
12678	385
12679	398
12680	423
12681	377
12682	350
12683	370
12684	388
12685	400
12686	372
12687	375
12688	401
12689	381
12690	393
12691	376
12692	380
12693	390
12694	411
12695	391
12696	399
12697	394
12698	394
12699	425
12700	398
12701	362
12702	390
12703	383
12704	394
12705	430
12706	384
12707	408
12708	425
12709	449
12710	407
12711	375
12712	376
12713	391
12714	362
12715	450
12716	369
12717	410
12718	365
12719	370
12720	356
12721	354
12722	422
12723	411
12724	363
12725	394
12726	409
12727	395
12728	378
12729	400
12730	409
12731	392
12732	444
12733	394
12734	459
12735	394
12736	373
12737	388
12738	385
12739	367
12740	360
12741	461
12742	391
12743	382
12744	387
12745	448
12746	417
12747	425
12748	438
12749	370
12750	404
12751	413
12752	404
12753	351
12754	404
12755	323
12756	404
12757	375
12758	383
12759	342
12760	365
12761	372
12762	406
12763	441
12764	476
12765	410
12766	433
12767	429
12768	421
12769	434
12770	439
12771	495
12772	498
12773	422
12774	470
12775	430
12776	460
12777	426
12778	476
12779	420
12780	393
12781	468
12782	395
12783	399
12784	425
12785	420
12786	431
12787	369
12788	410
12789	427
12790	412
12791	434
12792	407
12793	427
12794	389
12795	394
12796	455
12797	424
12798	366
12799	418
12800	420
12801	416
12802	434
12803	408
12804	384
12805	404
12806	374
12807	377
12808	416
12809	426
12810	421
12811	407
12812	398
12813	395
12814	393
12815	391
12816	437
12817	362
12818	394
12819	437
12820	411
12821	395
12822	437
12823	443
12824	424
12825	409
12826	452
12827	416
12828	408
12829	430
12830	382
12831	472
12832	429
12833	434
12834	406
12835	486
12836	403
12837	372
12838	387
12839	413
12840	382
12841	368
12842	472
12843	383
12844	393
12845	435
12846	448
12847	466
12848	447
12849	396
12850	391
12851	414
12852	438
12853	379
12854	440
12855	366
12856	385
12857	455
12858	379
12859	454
12860	395
12861	475
12862	395
12863	380
12864	379
12865	415
12866	439
12867	425
12868	413
12869	473
12870	436
12871	428
12872	388
12873	425
12874	378
12875	376
12876	446
12877	491
12878	441
12879	428
12880	419
12881	415
12882	428
12883	441
12884	439
12885	509
12886	434
12887	443
12888	439
12889	420
12890	459
12891	442
12892	391
12893	387
12894	405
12895	444
12896	383
12897	401
12898	423
12899	456
12900	488
12901	443
12902	382
12903	390
12904	366
12905	380
12906	374
12907	357
12908	387
12909	385
12910	387
12911	390
12912	354
12913	394
12914	345
12915	364
12916	389
12917	339
12918	361
12919	404
12920	383
12921	324
12922	320
12923	335
12924	402
12925	345
12926	386
12927	414
12928	373
12929	364
12930	367
12931	346
12932	370
12933	356
12934	342
12935	375
12936	307
12937	378
12938	323
12939	314
12940	390
12941	366
12942	340
12943	345
12944	358
12945	383
12946	364
12947	371
12948	383
12949	401
12950	390
12951	333
12952	395
12953	357
12954	354
12955	408
12956	338
12957	348
12958	390
12959	380
12960	345
12961	390
12962	383
12963	369
12964	397
12965	358
12966	372
12967	339
12968	327
12969	358
12970	381
12971	378
12972	320
12973	372
12974	359
12975	370
12976	337
12977	327
12978	346
12979	335
12980	389
12981	316
12982	413
12983	356
12984	364
12985	353
12986	366
12987	377
12988	363
12989	388
12990	378
12991	341
12992	406
12993	405
12994	363
12995	385
12996	368
12997	382
12998	392
12999	404
13000	376
13001	377
13002	367
13003	380
13004	367
13005	427
13006	367
13007	345
13008	342
13009	339
13010	358
13011	364
13012	409
13013	389
13014	380
13015	350
13016	379
13017	385
13018	332
13019	399
13020	338
13021	371
13022	354
13023	370
13024	347
13025	345
13026	336
13027	392
13028	324
13029	367
13030	360
13031	350
13032	360
13033	348
13034	381
13035	422
13036	345
13037	339
13038	351
13039	361
13040	379
13041	384
13042	330
13043	351
13044	318
13045	327
13046	362
13047	371
13048	362
13049	322
13050	326
13051	358
13052	365
13053	345
13054	361
13055	333
13056	319
13057	340
13058	342
13059	341
13060	355
13061	345
13062	360
13063	337
13064	343
13065	333
13066	309
13067	305
13068	383
13069	378
13070	354
13071	379
13072	337
13073	340
13074	348
13075	369
13076	374
13077	359
13078	391
13079	348
13080	384
13081	368
13082	333
13083	392
13084	300
13085	340
13086	383
13087	339
13088	364
13089	409
13090	341
13091	375
13092	327
13093	379
13094	358
13095	417
13096	358
13097	378
13098	368
13099	313
13100	377
13101	352
13102	338
13103	340
13104	381
13105	393
13106	341
13107	412
13108	344
13109	396
13110	378
13111	362
13112	381
13113	340
13114	381
13115	404
13116	366
13117	381
13118	331
13119	353
13120	358
13121	346
13122	359
13123	362
13124	369
13125	337
13126	329
13127	323
13128	342
13129	340
13130	341
13131	306
13132	379
13133	365
13134	372
13135	389
13136	364
13137	382
13138	380
13139	393
13140	408
13141	418
13142	399
13143	349
13144	389
13145	345
13146	369
13147	382
13148	348
13149	347
13150	335
13151	403
13152	365
13153	408
13154	388
13155	379
13156	416
13157	369
13158	394
13159	427
13160	373
13161	328
13162	391
13163	363
13164	402
13165	370
13166	374
13167	379
13168	369
13169	365
13170	424
13171	395
13172	400
13173	393
13174	383
13175	377
13176	305
13177	403
13178	362
13179	366
13180	415
13181	406
13182	401
13183	400
13184	410
13185	365
13186	365
13187	369
13188	386
13189	370
13190	289
13191	355
13192	370
13193	420
13194	328
13195	383
13196	386
13197	384
13198	368
13199	424
13200	368
13201	373
13202	353
13203	337
13204	340
13205	373
13206	392
13207	436
13208	419
13209	414
13210	395
13211	373
13212	371
13213	418
13214	376
13215	372
13216	408
13217	405
13218	350
13219	376
13220	381
13221	397
13222	390
13223	376
13224	393
13225	358
13226	338
13227	346
13228	355
13229	345
13230	448
13231	380
13232	386
13233	410
13234	387
13235	348
13236	333
13237	361
13238	346
13239	337
13240	366
13241	372
13242	412
13243	371
13244	377
13245	392
13246	374
13247	380
13248	391
13249	383
13250	337
13251	390
13252	336
13253	409
13254	331
13255	324
13256	346
13257	315
13258	331
13259	323
13260	321
13261	354
13262	347
13263	310
13264	330
13265	327
13266	365
13267	397
13268	318
13269	339
13270	316
13271	332
13272	327
13273	322
13274	289
13275	290
13276	328
13277	357
13278	330
13279	347
13280	354
13281	334
13282	390
13283	383
13284	323
13285	335
13286	300
13287	335
13288	342
13289	303
13290	300
13291	342
13292	369
13293	326
13294	320
13295	375
13296	337
13297	357
13298	353
13299	310
13300	330
13301	303
13302	332
13303	326
13304	364
13305	333
13306	348
13307	293
13308	338
13309	334
13310	354
13311	312
13312	333
13313	396
13314	321
13315	330
13316	364
13317	355
13318	377
13319	314
13320	352
13321	305
13322	356
13323	424
13324	391
13325	355
13326	341
13327	365
13328	358
13329	362
13330	379
13331	359
13332	365
13333	357
13334	343
13335	435
13336	317
13337	380
13338	349
13339	332
13340	323
13341	346
13342	396
13343	372
13344	391
13345	350
13346	327
13347	333
13348	366
13349	343
13350	344
13351	406
13352	343
13353	399
13354	325
13355	385
13356	381
13357	356
13358	363
13359	392
13360	355
13361	342
13362	348
13363	367
13364	351
13365	374
13366	343
13367	380
13368	400
13369	329
13370	359
13371	367
13372	343
13373	331
13374	335
13375	372
13376	337
13377	385
13378	362
13379	349
13380	407
13381	320
13382	354
13383	378
13384	397
13385	416
13386	392
13387	453
13388	471
13389	485
13390	406
13391	384
13392	334
13393	380
13394	326
13395	372
13396	337
13397	362
13398	383
13399	339
13400	361
13401	350
13402	362
13403	378
13404	406
13405	398
13406	368
13407	341
13408	368
13409	391
13410	306
13411	347
13412	369
13413	403
13414	331
13415	325
13416	295
13417	305
13418	349
13419	293
13420	272
13421	386
13422	315
13423	387
13424	299
13425	341
13426	315
13427	324
13428	285
13429	355
13430	339
13431	330
13432	318
13433	301
13434	378
13435	327
13436	324
13437	312
13438	298
13439	310
13440	346
13441	340
13442	369
13443	285
13444	375
13445	328
13446	356
13447	361
13448	365
13449	330
13450	361
13451	339
13452	331
13453	333
13454	382
13455	365
13456	371
13457	360
13458	391
13459	385
13460	351
13461	353
13462	411
13463	340
13464	349
13465	329
13466	355
13467	376
13468	374
13469	371
13470	331
13471	325
13472	296
13473	299
13474	367
13475	371
13476	320
13477	392
13478	302
13479	378
13480	384
13481	342
13482	340
13483	299
13484	343
13485	316
13486	371
13487	339
13488	333
13489	366
13490	365
13491	323
13492	359
13493	373
13494	317
13495	333
13496	359
13497	369
13498	345
13499	373
13500	374
13501	373
13502	377
13503	362
13504	311
13505	318
13506	343
13507	386
13508	341
13509	387
13510	318
13511	375
13512	345
13513	373
13514	351
13515	323
13516	334
13517	294
13518	396
13519	336
13520	336
13521	337
13522	405
13523	378
13524	330
13525	336
13526	367
13527	380
13528	332
13529	352
13530	353
13531	339
13532	416
13533	385
13534	387
13535	349
13536	364
13537	344
13538	348
13539	323
13540	311
13541	312
13542	346
13543	351
13544	379
13545	353
13546	377
13547	356
13548	334
13549	339
13550	288
13551	337
13552	376
13553	352
13554	357
13555	375
13556	331
13557	380
13558	386
13559	362
13560	349
13561	383
13562	345
13563	324
13564	381
13565	374
13566	311
13567	324
13568	392
13569	397
13570	365
13571	334
13572	396
13573	374
13574	357
13575	343
13576	359
13577	322
13578	394
13579	415
13580	318
13581	315
13582	426
13583	359
13584	325
13585	373
13586	343
13587	356
13588	375
13589	401
13590	369
13591	320
13592	371
13593	333
13594	373
13595	355
13596	367
13597	331
13598	359
13599	328
13600	362
13601	366
13602	386
13603	366
13604	354
13605	388
13606	431
13607	325
13608	379
13609	362
13610	317
13611	365
13612	361
13613	329
13614	358
13615	361
13616	359
13617	343
13618	328
13619	356
13620	373
13621	343
13622	410
13623	341
13624	346
13625	376
13626	372
13627	357
13628	324
13629	322
13630	369
13631	334
13632	359
13633	348
13634	381
13635	366
13636	339
13637	360
13638	363
13639	352
13640	352
13641	393
13642	387
13643	317
13644	372
13645	332
13646	333
13647	332
13648	317
13649	329
13650	318
13651	325
13652	322
13653	339
13654	373
13655	295
13656	273
13657	330
13658	315
13659	357
13660	352
13661	317
13662	338
13663	346
13664	340
13665	350
13666	357
13667	365
13668	348
13669	340
13670	332
13671	366
13672	394
13673	326
13674	377
13675	357
13676	339
13677	348
13678	308
13679	331
13680	342
13681	345
13682	358
13683	314
13684	329
13685	344
13686	348
13687	341
13688	272
13689	323
13690	334
13691	343
13692	311
13693	335
13694	319
13695	362
13696	333
13697	353
13698	358
13699	288
13700	334
13701	317
13702	320
13703	346
13704	308
13705	344
13706	310
13707	288
13708	345
13709	328
13710	326
13711	375
13712	326
13713	406
13714	342
13715	374
13716	356
13717	293
13718	336
13719	374
13720	450
13721	403
13722	449
13723	373
13724	369
13725	431
13726	347
13727	335
13728	329
13729	337
13730	332
13731	364
13732	351
13733	397
13734	355
13735	332
13736	392
13737	317
13738	404
13739	368
13740	337
13741	357
13742	345
13743	408
13744	345
13745	421
13746	393
13747	356
13748	343
13749	331
13750	382
13751	372
13752	360
13753	339
13754	347
13755	360
13756	331
13757	336
13758	331
13759	385
13760	413
13761	378
13762	372
13763	357
13764	329
13765	314
13766	325
13767	358
13768	291
13769	327
13770	338
13771	347
13772	326
13773	333
13774	311
13775	337
13776	347
13777	303
13778	352
13779	344
13780	334
13781	336
13782	366
13783	333
13784	329
13785	303
13786	287
13787	339
13788	295
13789	327
13790	305
13791	302
13792	334
13793	321
13794	324
13795	286
13796	315
13797	310
13798	325
13799	271
13800	289
13801	277
13802	287
13803	267
13804	299
13805	317
13806	291
13807	260
13808	273
13809	313
13810	302
13811	295
13812	261
13813	303
13814	325
13815	251
13816	268
13817	287
13818	287
13819	300
13820	285
13821	281
13822	245
13823	263
13824	283
13825	275
13826	294
13827	324
13828	310
13829	329
13830	264
13831	319
13832	325
13833	313
13834	278
13835	298
13836	316
13837	279
13838	292
13839	304
13840	290
13841	285
13842	288
13843	267
13844	289
13845	257
13846	271
13847	270
13848	293
13849	295
13850	288
13851	280
13852	304
13853	322
13854	307
13855	273
13856	275
13857	297
13858	278
13859	292
13860	287
13861	313
13862	310
13863	288
13864	284
13865	266
13866	308
13867	304
13868	310
13869	309
13870	325
13871	299
13872	337
13873	352
13874	336
13875	310
13876	339
13877	278
13878	321
13879	307
13880	307
13881	299
13882	315
13883	315
13884	385
13885	336
13886	351
13887	329
13888	348
13889	346
13890	348
13891	308
13892	289
13893	357
13894	342
13895	335
13896	336
13897	347
13898	337
13899	365
13900	311
13901	315
13902	315
13903	330
13904	331
13905	317
13906	273
13907	314
13908	278
13909	275
13910	319
13911	314
13912	279
13913	317
13914	315
13915	349
13916	317
13917	283
13918	264
13919	275
13920	244
13921	294
13922	347
13923	287
13924	293
13925	337
13926	302
13927	336
13928	291
13929	303
13930	271
13931	349
13932	266
13933	288
13934	282
13935	271
13936	271
13937	316
13938	309
13939	336
13940	280
13941	335
13942	346
13943	317
13944	316
13945	361
13946	312
13947	298
13948	301
13949	321
13950	365
13951	325
13952	385
13953	315
13954	327
13955	323
13956	325
13957	332
13958	332
13959	301
13960	340
13961	274
13962	368
13963	372
13964	337
13965	335
13966	308
13967	377
13968	364
13969	330
13970	335
13971	349
13972	303
13973	330
13974	308
13975	384
13976	363
13977	338
13978	348
13979	294
13980	345
13981	334
13982	292
13983	357
13984	331
13985	320
13986	328
13987	284
13988	287
13989	271
13990	301
13991	283
13992	286
13993	323
13994	315
13995	309
13996	300
13997	390

