## htsjdk.samtools.metrics.StringHeader
# CollectInsertSizeMetrics HISTOGRAM_FILE=/work/ugbogu/pipeline/data/nbl/GSE189367/results/picard/SRR17010996_insert_size_histogram.pdf MINIMUM_PCT=0.5 INPUT=/work/ugbogu/pipeline/data/nbl/GSE189367/results/star/SRR17010996.Aligned.sortedByCoord.out.bam OUTPUT=/work/ugbogu/pipeline/data/nbl/GSE189367/results/picard/SRR17010996_insert_size_metrics.txt    DEVIATIONS=10.0 METRIC_ACCUMULATION_LEVEL=[ALL_READS] INCLUDE_DUPLICATES=false ASSUME_SORTED=true STOP_AFTER=0 VERBOSITY=INFO QUIET=false VALIDATION_STRINGENCY=STRICT COMPRESSION_LEVEL=5 MAX_RECORDS_IN_RAM=500000 CREATE_INDEX=false CREATE_MD5_FILE=false USE_JDK_DEFLATER=false USE_JDK_INFLATER=false
## htsjdk.samtools.metrics.StringHeader
# Started on: Thu Apr 16 15:23:42 UTC 2026

## METRICS CLASS	picard.analysis.InsertSizeMetrics
MEDIAN_INSERT_SIZE	MODE_INSERT_SIZE	MEDIAN_ABSOLUTE_DEVIATION	MIN_INSERT_SIZE	MAX_INSERT_SIZE	MEAN_INSERT_SIZE	STANDARD_DEVIATION	READ_PAIRS	PAIR_ORIENTATION	WIDTH_OF_10_PERCENT	WIDTH_OF_20_PERCENT	WIDTH_OF_30_PERCENT	WIDTH_OF_40_PERCENT	WIDTH_OF_50_PERCENT	WIDTH_OF_60_PERCENT	WIDTH_OF_70_PERCENT	WIDTH_OF_80_PERCENT	WIDTH_OF_90_PERCENT	WIDTH_OF_95_PERCENT	WIDTH_OF_99_PERCENT	SAMPLE	LIBRARY	READ_GROUP
1087	127	945	23	3029686	1804.286554	2313.35101	49972018	FR	671	1267	1635	1801	1891	1975	4219	9239	25393	75745	168295			

## HISTOGRAM	java.lang.Integer
insert_size	All_Reads.fr_count
23	2
26	2
27	5
29	2
30	2
31	6
32	10
33	4
34	65
35	190
36	290
37	316
38	290
39	266
40	392
41	344
42	385
43	474
44	536
45	520
46	616
47	497
48	625
49	641
50	622
51	750
52	940
53	923
54	853
55	1114
56	1141
57	1286
58	1646
59	1922
60	1822
61	1956
62	2554
63	2389
64	2548
65	3121
66	3753
67	4853
68	5043
69	4956
70	6379
71	7030
72	7239
73	10132
74	9791
75	46268
76	19900
77	13405
78	21064
79	16108
80	13979
81	15053
82	14537
83	15296
84	16878
85	18810
86	19818
87	22268
88	24797
89	26682
90	29562
91	32619
92	35801
93	38132
94	42870
95	46067
96	48042
97	52176
98	54842
99	59416
100	64431
101	65251
102	67262
103	72231
104	81202
105	88773
106	88344
107	93060
108	93713
109	99338
110	99354
111	99969
112	101910
113	106842
114	107843
115	111620
116	113932
117	114665
118	118552
119	119611
120	120416
121	126558
122	126518
123	126792
124	129766
125	130693
126	129262
127	135304
128	128622
129	130079
130	131665
131	135073
132	130900
133	134554
134	134972
135	129322
136	133978
137	131003
138	129277
139	133529
140	132522
141	132952
142	131095
143	128496
144	125834
145	125331
146	122364
147	120178
148	122400
149	119288
150	114873
151	122419
152	117901
153	118951
154	118104
155	119098
156	113590
157	115141
158	111093
159	108595
160	112860
161	107516
162	105708
163	107442
164	103606
165	101085
166	102305
167	102516
168	99051
169	102546
170	105797
171	98016
172	95900
173	96300
174	94144
175	93974
176	91819
177	89016
178	89110
179	89082
180	87930
181	84603
182	84598
183	84767
184	80879
185	80512
186	80903
187	81094
188	81597
189	79341
190	77579
191	76686
192	76249
193	74571
194	74278
195	73253
196	70447
197	72319
198	70445
199	70445
200	69709
201	69288
202	69029
203	68588
204	66891
205	66384
206	67208
207	64936
208	64943
209	63892
210	61018
211	60842
212	64175
213	61362
214	60413
215	61968
216	58617
217	59268
218	59071
219	57684
220	57959
221	58698
222	56086
223	55384
224	55615
225	54499
226	56399
227	56672
228	54539
229	53841
230	55473
231	54215
232	54431
233	57216
234	53518
235	50760
236	53644
237	51836
238	49583
239	49002
240	47919
241	46876
242	46906
243	45927
244	46759
245	45518
246	45180
247	45091
248	46216
249	44152
250	44751
251	44761
252	43732
253	44401
254	43839
255	43652
256	41840
257	41806
258	42691
259	41183
260	41427
261	41903
262	41120
263	41498
264	39971
265	39526
266	39519
267	38613
268	38503
269	39934
270	39405
271	38980
272	37172
273	37810
274	37887
275	36991
276	36139
277	36371
278	35761
279	36168
280	34587
281	35342
282	34438
283	35149
284	33744
285	33190
286	34815
287	32830
288	32549
289	34086
290	32307
291	32084
292	32056
293	32185
294	31459
295	30872
296	30733
297	31001
298	31219
299	30867
300	30386
301	30080
302	29589
303	29163
304	29435
305	29312
306	28586
307	29653
308	29898
309	28917
310	29405
311	27915
312	28508
313	27914
314	27492
315	26508
316	26691
317	26949
318	26422
319	26585
320	26589
321	26511
322	25479
323	25926
324	25466
325	26535
326	24813
327	25510
328	24914
329	24714
330	24915
331	25168
332	24578
333	24845
334	24075
335	23616
336	23358
337	23406
338	23132
339	23446
340	24382
341	22558
342	22213
343	22848
344	23279
345	22203
346	21891
347	22941
348	22347
349	22313
350	21999
351	21615
352	20659
353	21620
354	21849
355	20952
356	20921
357	21829
358	20515
359	20975
360	21155
361	20800
362	19814
363	21551
364	19722
365	19605
366	19588
367	19959
368	19800
369	19406
370	19784
371	18926
372	18445
373	19449
374	17741
375	18348
376	19267
377	19278
378	18279
379	18194
380	17985
381	18039
382	17799
383	17461
384	18187
385	17502
386	18222
387	18245
388	17614
389	16726
390	16642
391	17179
392	16765
393	17449
394	16806
395	17304
396	17005
397	15929
398	16578
399	15812
400	15805
401	17246
402	16305
403	15417
404	15494
405	16289
406	15614
407	15050
408	15617
409	15385
410	15385
411	15752
412	14908
413	14730
414	14837
415	14948
416	14315
417	14485
418	14649
419	14807
420	14671
421	14387
422	14747
423	14366
424	14657
425	14276
426	14161
427	14673
428	14053
429	14215
430	14422
431	13509
432	13909
433	14348
434	13952
435	13766
436	13632
437	13405
438	13315
439	13938
440	14311
441	13844
442	14232
443	12916
444	13129
445	13459
446	13534
447	13873
448	13516
449	13334
450	13066
451	13860
452	13586
453	14110
454	13632
455	14145
456	13158
457	12822
458	13223
459	13816
460	12814
461	13342
462	12718
463	13332
464	12625
465	12684
466	12965
467	12757
468	12467
469	12235
470	12573
471	12813
472	12274
473	13148
474	12803
475	12108
476	11974
477	13367
478	12503
479	12560
480	12121
481	11646
482	11860
483	12226
484	12144
485	12220
486	11700
487	11932
488	13088
489	11892
490	11868
491	11906
492	12424
493	11750
494	11541
495	12148
496	11986
497	12355
498	12586
499	12788
500	11938
501	11724
502	11758
503	11726
504	11724
505	11949
506	12092
507	12834
508	11903
509	12378
510	11919
511	11999
512	11856
513	11699
514	11467
515	11451
516	11393
517	11829
518	11109
519	11922
520	12246
521	11390
522	12120
523	11279
524	11794
525	11521
526	11598
527	11653
528	11159
529	11491
530	10838
531	11584
532	11492
533	11662
534	11744
535	12347
536	11588
537	11930
538	11967
539	11096
540	11721
541	11845
542	11604
543	12005
544	11534
545	11508
546	11616
547	11882
548	11529
549	11554
550	11152
551	11027
552	11241
553	11116
554	11105
555	11230
556	11486
557	11115
558	10914
559	11138
560	11229
561	10541
562	11009
563	10416
564	10974
565	10970
566	10709
567	10398
568	11082
569	10803
570	10692
571	10702
572	10712
573	10549
574	10336
575	10649
576	10334
577	10690
578	10197
579	10616
580	10501
581	11205
582	10894
583	11007
584	10406
585	11447
586	10868
587	10612
588	10820
589	10434
590	10579
591	10907
592	10978
593	11065
594	10524
595	10199
596	10831
597	10756
598	11033
599	9817
600	10602
601	10609
602	10612
603	10488
604	9786
605	10293
606	10295
607	10827
608	9520
609	10425
610	9666
611	10007
612	9778
613	9963
614	9806
615	10512
616	10485
617	10086
618	10190
619	9758
620	10184
621	9962
622	9706
623	9936
624	10506
625	11030
626	10276
627	10536
628	10173
629	9702
630	9642
631	10214
632	10032
633	10407
634	10065
635	10158
636	9938
637	10311
638	10059
639	10102
640	9993
641	9971
642	9987
643	9761
644	10599
645	10081
646	10158
647	10246
648	10056
649	11450
650	10032
651	9893
652	9907
653	9882
654	10974
655	9529
656	9713
657	10533
658	9691
659	10181
660	10418
661	10446
662	10061
663	10251
664	9998
665	9766
666	10030
667	9794
668	9817
669	9992
670	9839
671	10401
672	9840
673	9915
674	9970
675	9778
676	10447
677	9914
678	10720
679	9843
680	10034
681	9994
682	9860
683	9640
684	9749
685	10043
686	9348
687	10299
688	9432
689	10342
690	9810
691	10431
692	10789
693	10554
694	9805
695	9413
696	10232
697	9967
698	10045
699	10072
700	9747
701	10293
702	10299
703	10420
704	9685
705	10584
706	9930
707	9934
708	9930
709	10047
710	10244
711	9986
712	10318
713	9976
714	9236
715	9717
716	10116
717	9943
718	10266
719	10027
720	9509
721	9195
722	9149
723	9751
724	10313
725	9875
726	9321
727	9482
728	9904
729	9567
730	9655
731	9673
732	9340
733	9810
734	9889
735	9643
736	10060
737	9345
738	9479
739	8929
740	9527
741	9411
742	9443
743	9512
744	9676
745	9644
746	9094
747	9110
748	9209
749	9606
750	9198
751	9277
752	9097
753	10073
754	9229
755	9239
756	8700
757	8958
758	9842
759	9246
760	8970
761	9161
762	9603
763	9432
764	9150
765	9180
766	9328
767	8865
768	9192
769	8989
770	9246
771	8976
772	9346
773	9501
774	9737
775	8666
776	9093
777	9110
778	9007
779	8670
780	8977
781	8898
782	9040
783	8589
784	9004
785	9612
786	9082
787	9259
788	8730
789	8941
790	8843
791	9319
792	8894
793	8678
794	9037
795	8885
796	9197
797	8763
798	9091
799	8926
800	8324
801	9271
802	8823
803	9247
804	9010
805	8935
806	9184
807	9069
808	8757
809	8304
810	9009
811	8602
812	8620
813	8596
814	8956
815	8945
816	8477
817	8608
818	8597
819	9168
820	9064
821	8817
822	8266
823	8962
824	8521
825	8907
826	8755
827	8677
828	9075
829	8846
830	8901
831	8495
832	8803
833	8592
834	8433
835	8781
836	9103
837	8733
838	8344
839	8860
840	8766
841	8857
842	8686
843	8383
844	8524
845	7821
846	8881
847	8323
848	9548
849	8989
850	8831
851	7987
852	8254
853	8253
854	8272
855	8814
856	8928
857	9120
858	8908
859	8760
860	8354
861	8903
862	8484
863	8552
864	8810
865	8433
866	8533
867	8675
868	8616
869	8539
870	8446
871	9159
872	8143
873	8441
874	8370
875	7850
876	9227
877	8253
878	8641
879	8566
880	8133
881	8298
882	8519
883	8287
884	7991
885	8796
886	8771
887	8772
888	8768
889	8276
890	8452
891	8300
892	8459
893	8769
894	8475
895	8665
896	8194
897	8915
898	8704
899	8812
900	7396
901	8116
902	8113
903	8305
904	8390
905	7889
906	8320
907	8690
908	8145
909	8176
910	8461
911	8221
912	8556
913	8034
914	8528
915	7832
916	8563
917	8287
918	8292
919	8551
920	8037
921	8534
922	8116
923	7947
924	8827
925	8187
926	8400
927	7842
928	8120
929	7882
930	8576
931	8196
932	9030
933	8301
934	8388
935	8666
936	8023
937	8096
938	8274
939	8698
940	8073
941	8244
942	8297
943	7800
944	8047
945	8226
946	8381
947	7935
948	8326
949	8517
950	8272
951	7619
952	8065
953	8082
954	7932
955	8011
956	8119
957	7634
958	8423
959	7491
960	7739
961	7792
962	7934
963	8017
964	7375
965	7625
966	7949
967	8284
968	7818
969	7837
970	7969
971	7386
972	7993
973	8062
974	7742
975	7491
976	7582
977	8218
978	7795
979	7714
980	7542
981	7542
982	7346
983	8006
984	7248
985	7842
986	7572
987	8119
988	7982
989	8241
990	8514
991	7698
992	7913
993	7900
994	7958
995	7339
996	8191
997	7607
998	7712
999	7777
1000	7635
1001	7558
1002	7795
1003	7516
1004	7522
1005	7873
1006	7734
1007	7661
1008	7655
1009	7453
1010	7636
1011	7674
1012	7589
1013	7271
1014	7893
1015	7482
1016	7760
1017	7858
1018	7469
1019	7531
1020	7405
1021	7301
1022	7310
1023	7034
1024	7159
1025	7132
1026	7215
1027	7081
1028	7453
1029	7995
1030	7431
1031	6909
1032	7172
1033	6864
1034	7357
1035	6633
1036	7285
1037	7408
1038	6984
1039	7660
1040	7113
1041	6795
1042	6946
1043	6589
1044	6655
1045	7528
1046	7059
1047	7518
1048	7136
1049	7543
1050	7064
1051	7000
1052	7125
1053	7041
1054	7517
1055	6778
1056	6996
1057	6706
1058	7406
1059	6793
1060	7047
1061	6679
1062	6972
1063	7402
1064	6853
1065	6809
1066	7242
1067	7273
1068	7256
1069	6782
1070	6807
1071	6954
1072	6446
1073	6749
1074	6834
1075	6796
1076	7137
1077	6560
1078	7233
1079	7462
1080	6639
1081	6848
1082	6868
1083	7092
1084	6782
1085	6909
1086	6689
1087	6848
1088	6847
1089	6798
1090	6703
1091	6615
1092	6950
1093	6448
1094	6731
1095	6709
1096	6769
1097	7341
1098	6603
1099	6831
1100	6756
1101	6759
1102	6627
1103	6643
1104	7356
1105	7399
1106	6909
1107	6864
1108	6665
1109	6828
1110	7083
1111	6969
1112	6970
1113	7024
1114	7153
1115	6884
1116	6959
1117	6860
1118	6764
1119	6827
1120	6916
1121	6653
1122	6768
1123	7093
1124	7031
1125	6763
1126	6546
1127	6824
1128	6534
1129	6732
1130	6964
1131	6950
1132	6422
1133	6370
1134	6462
1135	6859
1136	7085
1137	6836
1138	6808
1139	6899
1140	6579
1141	6807
1142	6773
1143	7207
1144	6983
1145	6692
1146	6708
1147	6945
1148	6705
1149	7330
1150	6657
1151	7308
1152	7117
1153	6963
1154	6707
1155	7043
1156	7147
1157	7302
1158	6731
1159	7208
1160	7209
1161	7342
1162	7286
1163	7439
1164	7194
1165	7434
1166	7077
1167	7304
1168	6506
1169	6990
1170	6976
1171	6445
1172	6405
1173	7010
1174	7039
1175	7151
1176	6751
1177	7045
1178	7097
1179	6736
1180	6627
1181	6949
1182	6801
1183	6740
1184	7306
1185	7137
1186	7212
1187	7077
1188	7264
1189	6817
1190	6792
1191	7503
1192	7246
1193	6845
1194	6705
1195	7024
1196	7219
1197	7063
1198	6708
1199	6820
1200	7568
1201	7158
1202	7401
1203	7163
1204	7340
1205	7092
1206	7004
1207	6891
1208	7001
1209	7216
1210	7302
1211	6986
1212	7534
1213	7874
1214	6968
1215	7978
1216	8113
1217	7695
1218	7091
1219	7114
1220	7069
1221	6917
1222	7097
1223	6613
1224	6987
1225	7281
1226	6673
1227	7152
1228	6936
1229	6858
1230	6972
1231	6685
1232	7022
1233	6960
1234	6877
1235	7327
1236	6850
1237	7014
1238	6707
1239	6775
1240	6806
1241	6752
1242	6541
1243	6884
1244	6847
1245	6100
1246	6881
1247	6851
1248	6779
1249	6541
1250	6541
1251	6623
1252	6987
1253	7161
1254	7170
1255	7330
1256	7127
1257	7210
1258	7378
1259	7121
1260	7138
1261	6916
1262	6915
1263	7116
1264	7077
1265	7209
1266	6649
1267	6936
1268	6850
1269	6868
1270	7010
1271	6733
1272	6768
1273	6616
1274	6876
1275	6707
1276	6654
1277	6635
1278	6278
1279	6584
1280	6602
1281	6619
1282	6403
1283	6353
1284	6422
1285	6377
1286	6381
1287	6536
1288	6842
1289	6494
1290	6650
1291	6575
1292	7024
1293	7000
1294	6408
1295	6605
1296	6587
1297	6401
1298	6864
1299	6312
1300	6459
1301	7096
1302	6745
1303	6799
1304	6632
1305	7260
1306	6856
1307	7484
1308	6724
1309	6840
1310	6743
1311	7188
1312	6976
1313	7249
1314	8186
1315	8449
1316	8109
1317	7813
1318	7648
1319	7542
1320	7128
1321	7376
1322	6674
1323	6820
1324	7802
1325	8774
1326	9456
1327	8411
1328	9130
1329	8240
1330	7391
1331	8201
1332	7537
1333	7212
1334	7693
1335	6809
1336	7164
1337	7066
1338	6181
1339	6930
1340	7064
1341	7044
1342	7225
1343	7032
1344	6916
1345	7369
1346	7046
1347	6386
1348	6279
1349	6009
1350	6436
1351	6080
1352	6382
1353	6486
1354	6404
1355	6059
1356	5692
1357	6341
1358	5951
1359	6605
1360	6273
1361	6418
1362	6014
1363	5965
1364	6265
1365	5883
1366	6229
1367	6130
1368	5925
1369	6025
1370	5593
1371	5923
1372	6098
1373	6393
1374	5951
1375	6034
1376	6186
1377	6225
1378	6191
1379	5564
1380	6072
1381	5911
1382	6267
1383	5924
1384	5610
1385	6047
1386	5945
1387	5909
1388	5745
1389	5727
1390	5757
1391	5839
1392	5901
1393	6158
1394	5786
1395	5796
1396	6035
1397	5660
1398	5844
1399	5739
1400	5750
1401	6234
1402	5852
1403	5715
1404	5439
1405	6009
1406	6019
1407	5646
1408	6117
1409	5890
1410	6009
1411	5737
1412	5791
1413	5695
1414	5562
1415	5730
1416	5599
1417	5652
1418	6205
1419	5876
1420	6032
1421	5768
1422	6138
1423	5806
1424	5457
1425	5936
1426	6175
1427	5732
1428	6021
1429	5523
1430	5975
1431	5841
1432	6149
1433	5697
1434	5644
1435	5066
1436	5515
1437	5625
1438	5813
1439	5417
1440	5595
1441	5501
1442	5621
1443	6048
1444	5859
1445	5425
1446	5810
1447	5567
1448	5555
1449	5169
1450	5604
1451	5593
1452	5623
1453	5588
1454	5779
1455	5785
1456	5428
1457	5487
1458	6214
1459	5579
1460	6151
1461	5538
1462	5469
1463	5679
1464	5940
1465	5567
1466	5663
1467	5791
1468	5576
1469	5794
1470	5740
1471	5209
1472	5745
1473	5999
1474	5939
1475	6193
1476	6041
1477	5454
1478	5544
1479	5391
1480	5740
1481	5749
1482	5727
1483	5726
1484	5452
1485	5606
1486	5638
1487	6108
1488	6053
1489	5605
1490	5813
1491	6081
1492	6433
1493	6991
1494	6344
1495	6134
1496	6049
1497	6291
1498	6516
1499	6852
1500	6370
1501	6478
1502	5834
1503	6238
1504	6103
1505	5380
1506	6259
1507	6463
1508	6239
1509	5764
1510	5950
1511	5442
1512	5779
1513	6241
1514	5888
1515	5646
1516	5743
1517	6014
1518	6208
1519	5830
1520	6030
1521	6601
1522	6691
1523	6159
1524	5800
1525	6305
1526	6842
1527	5793
1528	6151
1529	5877
1530	6150
1531	6391
1532	6285
1533	6146
1534	5846
1535	6222
1536	6595
1537	6140
1538	6000
1539	6630
1540	6420
1541	6519
1542	6712
1543	6262
1544	6094
1545	6202
1546	6088
1547	6706
1548	6464
1549	6350
1550	6931
1551	6502
1552	6225
1553	6253
1554	6655
1555	6479
1556	7406
1557	6794
1558	6778
1559	6448
1560	6355
1561	6675
1562	6554
1563	6539
1564	6557
1565	6798
1566	6280
1567	6425
1568	6725
1569	6745
1570	6482
1571	6319
1572	6305
1573	7244
1574	6516
1575	7368
1576	6028
1577	5862
1578	5761
1579	6242
1580	6453
1581	6942
1582	7004
1583	6308
1584	6456
1585	6867
1586	6825
1587	6636
1588	6199
1589	6597
1590	6169
1591	5789
1592	6494
1593	5859
1594	6829
1595	6393
1596	5843
1597	5938
1598	5803
1599	6290
1600	6504
1601	5967
1602	6191
1603	6948
1604	6217
1605	6777
1606	5812
1607	7177
1608	5946
1609	6786
1610	6284
1611	5950
1612	5727
1613	6228
1614	5963
1615	5820
1616	5691
1617	5889
1618	5474
1619	6242
1620	5907
1621	5780
1622	5860
1623	6204
1624	5930
1625	5733
1626	5412
1627	6171
1628	5828
1629	6328
1630	5621
1631	5899
1632	5885
1633	5307
1634	6152
1635	5885
1636	5477
1637	5818
1638	5703
1639	6207
1640	6003
1641	6044
1642	5801
1643	5843
1644	5690
1645	6053
1646	6092
1647	5296
1648	6035
1649	5599
1650	5489
1651	6417
1652	5599
1653	5548
1654	5782
1655	5516
1656	5763
1657	5388
1658	5426
1659	5246
1660	5430
1661	5995
1662	5654
1663	5547
1664	5401
1665	6028
1666	6008
1667	6311
1668	5912
1669	5450
1670	6651
1671	6035
1672	6262
1673	5550
1674	6110
1675	5616
1676	5751
1677	5268
1678	5611
1679	6133
1680	5443
1681	5813
1682	5550
1683	5668
1684	5707
1685	5666
1686	5574
1687	5713
1688	6083
1689	5367
1690	5590
1691	5815
1692	6293
1693	6022
1694	6202
1695	5310
1696	5726
1697	5944
1698	5636
1699	5955
1700	5893
1701	5878
1702	5475
1703	6104
1704	6101
1705	6081
1706	5516
1707	5911
1708	5535
1709	5576
1710	5924
1711	5774
1712	5829
1713	6200
1714	6039
1715	6119
1716	5974
1717	5516
1718	5861
1719	5540
1720	5813
1721	5625
1722	5655
1723	5595
1724	5903
1725	5763
1726	5560
1727	6100
1728	5922
1729	6053
1730	5965
1731	5832
1732	5846
1733	5392
1734	5576
1735	5853
1736	5612
1737	5725
1738	6160
1739	6361
1740	5709
1741	6086
1742	5602
1743	5007
1744	5768
1745	5444
1746	5661
1747	5822
1748	5243
1749	5880
1750	5758
1751	5834
1752	5849
1753	5710
1754	5639
1755	5973
1756	6202
1757	5269
1758	5970
1759	5519
1760	5471
1761	5162
1762	5394
1763	5816
1764	5467
1765	5599
1766	5315
1767	5753
1768	5641
1769	5449
1770	5719
1771	5457
1772	5725
1773	5312
1774	5820
1775	5428
1776	5431
1777	4912
1778	5413
1779	5136
1780	5281
1781	5439
1782	4822
1783	5222
1784	4926
1785	5256
1786	5164
1787	5340
1788	5637
1789	4875
1790	5343
1791	5100
1792	5028
1793	4904
1794	5259
1795	5240
1796	4856
1797	5210
1798	5057
1799	4982
1800	5072
1801	4655
1802	4733
1803	4942
1804	4906
1805	5058
1806	4859
1807	5032
1808	5007
1809	5182
1810	5563
1811	4801
1812	4918
1813	5158
1814	5013
1815	4978
1816	4881
1817	4884
1818	4680
1819	5479
1820	5275
1821	5127
1822	5061
1823	5150
1824	4809
1825	4783
1826	5054
1827	4839
1828	4712
1829	5094
1830	4743
1831	4783
1832	5064
1833	4640
1834	5209
1835	4532
1836	4511
1837	4839
1838	4659
1839	4795
1840	4506
1841	4672
1842	5346
1843	4760
1844	5152
1845	5068
1846	5101
1847	4727
1848	4687
1849	4730
1850	4878
1851	4912
1852	4670
1853	5302
1854	4943
1855	4826
1856	4628
1857	5408
1858	4943
1859	4820
1860	4556
1861	5177
1862	5302
1863	5299
1864	5064
1865	4963
1866	4701
1867	4811
1868	5119
1869	5126
1870	4988
1871	4945
1872	4790
1873	5006
1874	4988
1875	4864
1876	4938
1877	4936
1878	4356
1879	4547
1880	4956
1881	4758
1882	4395
1883	5144
1884	4805
1885	4864
1886	4871
1887	4771
1888	4857
1889	4456
1890	5135
1891	5383
1892	4675
1893	4815
1894	4448
1895	4857
1896	4970
1897	4759
1898	4499
1899	4553
1900	4933
1901	5008
1902	4622
1903	4758
1904	5023
1905	4676
1906	4746
1907	4979
1908	4917
1909	5103
1910	4657
1911	5207
1912	4911
1913	5078
1914	4818
1915	4774
1916	4730
1917	5020
1918	4632
1919	4956
1920	4799
1921	5009
1922	5226
1923	4788
1924	5356
1925	4914
1926	4725
1927	5095
1928	5135
1929	4785
1930	5091
1931	4812
1932	4789
1933	4728
1934	5083
1935	5037
1936	4763
1937	4700
1938	5157
1939	4902
1940	4834
1941	4869
1942	4820
1943	4874
1944	4863
1945	4568
1946	4940
1947	4427
1948	4868
1949	4842
1950	5206
1951	4691
1952	4724
1953	5285
1954	4700
1955	5303
1956	4961
1957	4853
1958	4619
1959	4920
1960	4762
1961	4706
1962	4971
1963	5126
1964	4577
1965	4898
1966	4772
1967	4543
1968	4986
1969	4679
1970	4867
1971	4895
1972	5025
1973	5315
1974	4971
1975	5143
1976	5407
1977	4970
1978	4960
1979	5063
1980	5251
1981	4779
1982	5650
1983	5163
1984	4523
1985	5018
1986	5006
1987	5206
1988	5214
1989	4860
1990	4862
1991	5111
1992	5414
1993	5143
1994	5775
1995	5215
1996	5625
1997	5138
1998	5181
1999	5161
2000	4917
2001	5219
2002	5615
2003	5362
2004	5132
2005	5017
2006	5143
2007	4880
2008	5374
2009	5235
2010	5830
2011	5223
2012	4879
2013	5582
2014	5362
2015	5206
2016	5703
2017	5179
2018	5424
2019	5379
2020	5676
2021	5489
2022	5322
2023	5520
2024	5516
2025	5124
2026	5489
2027	5183
2028	5567
2029	5411
2030	5647
2031	5219
2032	5102
2033	5045
2034	5420
2035	5730
2036	5326
2037	5083
2038	5462
2039	5763
2040	5445
2041	5264
2042	5551
2043	5336
2044	5219
2045	5215
2046	5682
2047	5641
2048	5264
2049	5280
2050	5732
2051	5612
2052	5559
2053	5324
2054	6041
2055	5417
2056	5622
2057	6171
2058	5386
2059	5262
2060	5403
2061	5060
2062	5057
2063	5581
2064	5336
2065	5024
2066	5593
2067	5097
2068	5288
2069	4915
2070	5514
2071	5340
2072	5153
2073	5604
2074	5030
2075	5227
2076	4839
2077	4775
2078	5607
2079	5498
2080	5114
2081	5457
2082	5210
2083	4955
2084	4982
2085	5090
2086	5026
2087	4682
2088	4704
2089	4932
2090	4899
2091	4686
2092	4901
2093	4965
2094	4769
2095	4687
2096	4396
2097	5096
2098	4602
2099	5054
2100	4735
2101	5210
2102	4625
2103	4764
2104	4578
2105	4412
2106	4607
2107	5062
2108	4628
2109	4480
2110	4832
2111	4726
2112	4459
2113	4712
2114	4529
2115	4372
2116	4763
2117	4672
2118	4314
2119	4621
2120	4585
2121	4594
2122	4949
2123	4491
2124	4412
2125	4303
2126	4979
2127	5035
2128	4630
2129	4581
2130	4342
2131	4529
2132	4336
2133	4789
2134	4598
2135	5329
2136	4495
2137	4630
2138	4887
2139	4701
2140	4192
2141	4266
2142	4338
2143	4538
2144	4057
2145	4554
2146	4862
2147	4548
2148	4518
2149	4396
2150	4107
2151	4266
2152	4597
2153	4557
2154	4425
2155	4186
2156	4521
2157	4076
2158	4250
2159	4072
2160	4344
2161	4225
2162	4379
2163	4613
2164	4242
2165	4178
2166	4405
2167	4590
2168	4339
2169	4302
2170	4284
2171	5029
2172	4618
2173	4291
2174	4784
2175	4250
2176	4928
2177	4466
2178	5008
2179	4527
2180	4531
2181	4569
2182	4122
2183	4568
2184	4154
2185	4892
2186	4492
2187	4504
2188	4119
2189	4636
2190	4505
2191	4569
2192	4303
2193	4153
2194	4047
2195	4551
2196	4097
2197	4574
2198	4676
2199	4394
2200	4286
2201	4315
2202	4728
2203	4644
2204	4202
2205	5142
2206	4218
2207	4294
2208	4237
2209	4455
2210	4852
2211	4269
2212	4478
2213	4085
2214	4366
2215	4434
2216	4383
2217	4282
2218	4696
2219	4628
2220	4219
2221	4605
2222	4469
2223	4156
2224	4573
2225	4461
2226	4519
2227	4351
2228	4158
2229	4169
2230	4342
2231	4223
2232	4283
2233	5053
2234	4902
2235	4422
2236	4740
2237	4428
2238	4362
2239	4513
2240	4628
2241	3991
2242	4609
2243	4460
2244	4943
2245	4247
2246	4464
2247	4536
2248	4384
2249	4523
2250	4525
2251	4614
2252	4397
2253	3927
2254	4960
2255	4752
2256	4610
2257	4406
2258	4824
2259	5033
2260	4372
2261	4451
2262	4459
2263	4404
2264	4886
2265	4503
2266	4221
2267	4109
2268	4412
2269	4529
2270	4542
2271	4105
2272	4068
2273	4192
2274	4006
2275	4193
2276	4795
2277	4396
2278	4369
2279	4338
2280	4104
2281	4283
2282	4120
2283	4766
2284	4107
2285	4149
2286	4397
2287	4176
2288	4580
2289	4463
2290	4463
2291	4128
2292	3711
2293	4472
2294	4443
2295	4408
2296	4241
2297	4050
2298	4357
2299	4318
2300	4422
2301	4101
2302	4287
2303	4244
2304	4394
2305	3789
2306	4302
2307	4190
2308	4320
2309	4071
2310	4212
2311	4284
2312	4579
2313	4350
2314	4388
2315	4432
2316	4204
2317	4280
2318	4094
2319	4310
2320	4282
2321	4181
2322	4302
2323	3879
2324	4164
2325	4257
2326	4260
2327	4118
2328	4396
2329	4183
2330	4014
2331	4044
2332	4203
2333	3760
2334	4226
2335	3801
2336	4132
2337	4031
2338	3805
2339	3749
2340	4087
2341	4071
2342	4380
2343	3917
2344	3928
2345	3856
2346	3982
2347	3921
2348	4186
2349	3817
2350	3875
2351	4286
2352	4009
2353	4179
2354	3740
2355	3956
2356	3948
2357	4138
2358	3986
2359	3918
2360	3678
2361	4198
2362	3907
2363	4191
2364	3668
2365	3810
2366	3702
2367	3646
2368	3978
2369	3928
2370	4336
2371	4126
2372	3635
2373	4033
2374	3996
2375	3603
2376	3723
2377	4101
2378	3754
2379	3859
2380	3921
2381	3845
2382	3777
2383	4176
2384	3730
2385	3895
2386	3746
2387	3767
2388	4023
2389	3660
2390	3758
2391	3618
2392	4081
2393	3636
2394	3616
2395	3613
2396	3251
2397	3491
2398	3570
2399	3585
2400	3580
2401	3863
2402	4148
2403	3783
2404	4045
2405	4133
2406	4412
2407	3934
2408	3545
2409	3375
2410	3453
2411	3458
2412	3647
2413	3340
2414	3698
2415	3566
2416	3564
2417	3597
2418	3525
2419	3707
2420	3856
2421	3958
2422	3599
2423	3831
2424	3087
2425	3566
2426	3610
2427	3564
2428	4031
2429	3568
2430	3505
2431	3762
2432	3652
2433	3597
2434	3497
2435	3755
2436	3308
2437	3670
2438	3353
2439	3392
2440	3705
2441	3607
2442	3507
2443	3588
2444	3576
2445	3386
2446	3676
2447	3560
2448	3414
2449	3327
2450	3482
2451	3346
2452	3223
2453	3817
2454	3619
2455	3260
2456	3447
2457	3356
2458	3233
2459	3462
2460	3655
2461	3503
2462	3137
2463	3103
2464	3421
2465	3577
2466	3763
2467	3459
2468	3528
2469	3458
2470	3249
2471	3470
2472	3497
2473	3019
2474	3585
2475	3416
2476	3316
2477	3046
2478	3515
2479	3428
2480	3641
2481	3136
2482	3592
2483	3601
2484	3379
2485	3494
2486	3383
2487	3269
2488	3450
2489	3457
2490	3804
2491	3668
2492	3540
2493	3572
2494	3304
2495	3468
2496	3239
2497	3298
2498	3838
2499	3486
2500	3734
2501	3576
2502	3266
2503	3811
2504	3550
2505	3655
2506	3744
2507	3771
2508	3533
2509	3282
2510	3417
2511	3516
2512	3590
2513	4212
2514	3610
2515	3656
2516	3784
2517	3583
2518	3706
2519	3314
2520	3869
2521	3496
2522	4067
2523	3554
2524	3692
2525	3582
2526	3569
2527	3891
2528	4178
2529	3725
2530	3917
2531	3508
2532	3613
2533	3997
2534	3509
2535	3772
2536	3346
2537	3482
2538	3238
2539	3553
2540	3643
2541	3802
2542	3787
2543	3772
2544	3496
2545	3564
2546	3744
2547	3874
2548	3789
2549	3562
2550	3677
2551	3632
2552	3666
2553	3842
2554	3320
2555	3575
2556	3550
2557	3793
2558	3570
2559	3977
2560	3677
2561	3654
2562	3817
2563	3490
2564	3655
2565	3930
2566	3961
2567	3664
2568	3905
2569	3623
2570	3827
2571	3644
2572	3252
2573	3485
2574	3705
2575	3444
2576	3551
2577	3721
2578	3557
2579	3688
2580	3721
2581	3328
2582	3460
2583	3570
2584	3503
2585	3449
2586	3563
2587	3458
2588	3868
2589	3491
2590	3584
2591	3669
2592	3418
2593	3609
2594	3506
2595	3330
2596	3568
2597	3721
2598	3367
2599	3464
2600	3319
2601	3407
2602	3613
2603	3481
2604	3372
2605	3420
2606	3301
2607	3396
2608	3576
2609	3370
2610	3529
2611	3096
2612	3695
2613	3265
2614	3145
2615	3150
2616	3287
2617	3524
2618	3193
2619	3428
2620	3403
2621	3432
2622	3562
2623	3631
2624	3389
2625	3466
2626	3561
2627	3515
2628	3588
2629	3525
2630	3558
2631	3386
2632	3357
2633	3395
2634	3537
2635	3473
2636	3504
2637	3621
2638	3522
2639	3579
2640	3495
2641	3595
2642	3569
2643	3657
2644	3743
2645	3356
2646	3447
2647	3238
2648	3473
2649	3399
2650	3618
2651	3327
2652	4039
2653	3621
2654	4027
2655	3328
2656	3981
2657	3651
2658	3425
2659	3336
2660	3358
2661	3576
2662	3408
2663	3645
2664	3493
2665	3133
2666	3353
2667	3653
2668	3519
2669	3497
2670	3361
2671	3214
2672	3098
2673	3429
2674	3527
2675	3621
2676	3486
2677	3516
2678	3357
2679	3707
2680	3767
2681	3761
2682	3745
2683	3941
2684	3913
2685	4091
2686	3582
2687	3721
2688	3748
2689	3397
2690	3635
2691	3917
2692	3545
2693	3868
2694	3843
2695	3174
2696	3842
2697	3840
2698	3677
2699	4204
2700	3360
2701	4027
2702	3950
2703	3786
2704	4066
2705	3732
2706	3625
2707	3958
2708	4506
2709	4163
2710	4237
2711	3751
2712	3937
2713	3359
2714	3894
2715	3497
2716	3664
2717	3565
2718	3643
2719	3409
2720	3707
2721	3520
2722	3617
2723	3534
2724	3529
2725	3276
2726	3094
2727	3682
2728	3377
2729	3623
2730	3333
2731	3373
2732	3546
2733	3781
2734	3452
2735	3597
2736	4082
2737	7044
2738	5110
2739	3842
2740	3617
2741	3688
2742	3388
2743	3638
2744	3364
2745	3618
2746	3276
2747	3282
2748	3189
2749	3330
2750	3290
2751	3228
2752	3269
2753	3300
2754	3471
2755	2837
2756	3303
2757	3599
2758	3386
2759	3419
2760	3186
2761	3604
2762	3644
2763	3613
2764	3707
2765	3543
2766	3354
2767	3510
2768	3625
2769	3572
2770	3365
2771	3555
2772	3691
2773	3796
2774	3307
2775	3330
2776	3454
2777	3466
2778	3394
2779	3255
2780	2779
2781	3260
2782	3413
2783	3149
2784	3255
2785	3660
2786	3456
2787	3263
2788	3150
2789	3115
2790	3216
2791	3100
2792	3015
2793	3508
2794	3425
2795	2880
2796	3248
2797	3139
2798	3186
2799	3117
2800	3190
2801	3155
2802	3340
2803	3188
2804	3139
2805	3364
2806	3186
2807	3089
2808	3349
2809	3455
2810	3258
2811	3448
2812	3531
2813	3203
2814	3390
2815	3720
2816	3421
2817	3650
2818	3533
2819	3206
2820	3668
2821	3370
2822	3401
2823	3154
2824	3433
2825	3160
2826	3394
2827	3181
2828	3194
2829	3279
2830	3220
2831	3070
2832	3412
2833	3380
2834	3052
2835	3022
2836	3392
2837	3205
2838	3163
2839	2853
2840	3155
2841	2988
2842	3241
2843	3047
2844	2769
2845	3529
2846	3156
2847	3075
2848	2990
2849	3163
2850	3125
2851	3228
2852	3168
2853	3146
2854	3419
2855	3131
2856	3404
2857	3323
2858	2946
2859	3308
2860	3672
2861	3835
2862	3523
2863	3518
2864	3522
2865	3255
2866	3157
2867	3301
2868	3230
2869	3039
2870	2949
2871	3051
2872	3087
2873	2903
2874	3252
2875	3306
2876	3287
2877	3257
2878	2916
2879	3001
2880	2964
2881	3000
2882	3224
2883	3174
2884	3245
2885	3077
2886	3250
2887	3115
2888	2946
2889	3264
2890	3096
2891	2862
2892	2975
2893	3223
2894	3262
2895	2972
2896	2945
2897	3167
2898	3386
2899	3289
2900	3058
2901	3180
2902	2950
2903	3338
2904	3101
2905	3039
2906	2657
2907	2935
2908	3102
2909	3063
2910	3054
2911	3035
2912	2876
2913	2824
2914	2933
2915	2955
2916	3051
2917	2968
2918	3028
2919	3277
2920	2963
2921	3127
2922	2836
2923	3049
2924	2828
2925	2847
2926	2572
2927	3120
2928	2974
2929	3056
2930	2747
2931	2852
2932	2987
2933	3024
2934	2924
2935	3001
2936	2998
2937	3249
2938	2689
2939	3045
2940	3206
2941	3219
2942	3124
2943	2979
2944	2990
2945	2868
2946	3148
2947	2865
2948	3255
2949	2888
2950	2785
2951	3018
2952	3121
2953	3187
2954	2836
2955	3074
2956	2853
2957	3164
2958	3178
2959	3196
2960	3051
2961	3015
2962	3164
2963	2952
2964	3336
2965	3199
2966	3109
2967	3053
2968	3092
2969	3305
2970	3307
2971	3092
2972	3167
2973	3058
2974	3335
2975	3071
2976	3050
2977	3155
2978	3006
2979	3440
2980	2978
2981	3081
2982	3157
2983	3280
2984	3241
2985	3228
2986	3058
2987	3104
2988	3131
2989	3192
2990	3448
2991	3161
2992	3336
2993	3081
2994	3167
2995	2859
2996	3280
2997	2946
2998	3268
2999	3216
3000	2923
3001	3344
3002	3413
3003	3342
3004	3226
3005	3130
3006	3208
3007	3147
3008	3493
3009	3094
3010	3098
3011	3166
3012	3164
3013	3432
3014	3206
3015	3147
3016	3180
3017	3130
3018	3186
3019	2952
3020	3276
3021	3203
3022	3050
3023	3161
3024	3302
3025	3295
3026	2924
3027	2784
3028	3184
3029	3098
3030	3223
3031	3403
3032	3139
3033	3100
3034	3083
3035	3519
3036	3329
3037	3119
3038	3230
3039	2968
3040	3010
3041	3277
3042	2898
3043	3191
3044	2985
3045	3077
3046	3404
3047	3327
3048	3647
3049	3690
3050	3235
3051	3202
3052	3688
3053	3670
3054	3317
3055	3497
3056	3536
3057	3186
3058	3762
3059	3251
3060	3407
3061	3295
3062	3772
3063	3620
3064	3628
3065	3887
3066	3422
3067	3560
3068	3558
3069	3409
3070	3127
3071	3237
3072	3434
3073	3501
3074	3727
3075	2997
3076	3501
3077	3358
3078	3897
3079	3353
3080	3527
3081	3224
3082	3384
3083	3185
3084	3146
3085	3680
3086	3321
3087	3455
3088	3305
3089	3346
3090	3250
3091	3335
3092	3511
3093	3429
3094	3220
3095	4031
3096	3351
3097	3429
3098	3086
3099	3542
3100	3239
3101	3396
3102	3260
3103	3211
3104	3391
3105	3501
3106	3611
3107	3164
3108	3117
3109	3207
3110	3167
3111	2976
3112	3215
3113	3495
3114	3450
3115	3226
3116	3451
3117	3019
3118	3531
3119	3013
3120	3311
3121	3133
3122	3547
3123	3399
3124	3200
3125	3051
3126	3741
3127	3334
3128	3226
3129	3278
3130	3271
3131	2997
3132	3283
3133	3372
3134	3027
3135	3890
3136	3096
3137	3082
3138	3519
3139	3250
3140	3221
3141	3514
3142	3573
3143	3227
3144	3500
3145	3116
3146	2977
3147	2908
3148	2839
3149	3748
3150	3030
3151	3077
3152	3273
3153	3133
3154	3083
3155	3357
3156	3137
3157	3117
3158	3119
3159	3265
3160	3354
3161	3148
3162	3188
3163	3493
3164	3371
3165	2883
3166	3471
3167	2946
3168	3129
3169	3271
3170	2994
3171	3044
3172	3283
3173	3288
3174	3224
3175	2971
3176	3080
3177	3133
3178	2975
3179	2919
3180	2831
3181	2829
3182	3256
3183	3138
3184	3066
3185	3103
3186	2826
3187	3099
3188	3142
3189	2881
3190	2948
3191	3181
3192	3388
3193	3167
3194	2819
3195	3018
3196	3113
3197	3073
3198	2809
3199	3177
3200	2834
3201	3113
3202	2606
3203	3017
3204	3374
3205	3242
3206	2930
3207	3101
3208	2951
3209	2835
3210	3444
3211	3166
3212	2599
3213	2977
3214	2827
3215	2799
3216	2853
3217	2977
3218	3297
3219	3063
3220	2982
3221	3230
3222	2922
3223	3248
3224	2984
3225	3003
3226	3045
3227	3315
3228	2894
3229	3054
3230	3123
3231	2942
3232	2984
3233	3184
3234	2867
3235	3127
3236	3376
3237	3646
3238	3240
3239	3037
3240	3133
3241	3254
3242	3294
3243	3147
3244	3167
3245	3186
3246	2747
3247	3009
3248	2954
3249	2885
3250	2905
3251	2784
3252	3033
3253	3019
3254	3291
3255	3057
3256	3470
3257	2777
3258	3114
3259	2817
3260	2972
3261	3003
3262	3016
3263	2929
3264	3032
3265	3031
3266	3053
3267	3106
3268	3349
3269	3335
3270	2942
3271	2648
3272	3094
3273	3002
3274	3188
3275	3154
3276	3170
3277	2682
3278	2858
3279	2980
3280	3014
3281	3013
3282	3413
3283	3134
3284	3188
3285	2993
3286	2859
3287	3158
3288	2992
3289	3357
3290	3313
3291	3082
3292	3099
3293	3157
3294	3015
3295	3144
3296	2732
3297	3289
3298	2924
3299	3330
3300	3467
3301	3057
3302	3219
3303	3202
3304	3212
3305	3283
3306	3194
3307	2704
3308	3310
3309	2975
3310	3266
3311	3290
3312	3013
3313	2927
3314	2942
3315	3072
3316	3223
3317	3105
3318	3141
3319	3243
3320	3340
3321	3278
3322	3109
3323	3409
3324	2793
3325	3005
3326	3232
3327	2765
3328	2779
3329	2910
3330	3320
3331	2909
3332	3121
3333	3046
3334	3121
3335	3204
3336	2680
3337	3207
3338	3272
3339	2785
3340	3072
3341	2959
3342	3068
3343	2878
3344	3269
3345	3056
3346	3075
3347	3126
3348	2967
3349	3079
3350	2981
3351	3089
3352	3077
3353	2807
3354	2938
3355	2903
3356	2845
3357	2967
3358	3083
3359	2813
3360	2927
3361	2765
3362	2890
3363	3068
3364	2699
3365	2669
3366	2677
3367	3130
3368	3001
3369	2572
3370	2602
3371	2529
3372	2632
3373	2806
3374	2617
3375	2725
3376	2550
3377	2695
3378	2476
3379	2790
3380	2664
3381	2560
3382	2541
3383	2366
3384	2640
3385	2469
3386	2731
3387	2799
3388	2713
3389	2789
3390	2673
3391	2680
3392	2682
3393	2707
3394	2603
3395	2769
3396	2392
3397	2592
3398	2618
3399	2399
3400	2642
3401	2690
3402	2530
3403	2368
3404	2788
3405	2908
3406	2622
3407	2791
3408	2635
3409	2312
3410	2524
3411	2690
3412	2667
3413	2563
3414	2579
3415	2527
3416	2533
3417	2771
3418	2658
3419	2508
3420	2502
3421	2681
3422	2628
3423	2520
3424	2553
3425	2719
3426	2524
3427	2451
3428	2611
3429	2986
3430	2750
3431	2583
3432	2472
3433	2560
3434	2397
3435	2727
3436	2552
3437	2578
3438	2795
3439	2794
3440	2551
3441	2604
3442	2685
3443	2636
3444	2810
3445	2689
3446	2950
3447	2460
3448	2523
3449	2601
3450	2618
3451	2427
3452	2569
3453	2590
3454	2524
3455	2648
3456	2337
3457	2590
3458	2671
3459	2301
3460	2562
3461	2445
3462	2586
3463	2456
3464	2650
3465	2511
3466	2544
3467	2661
3468	2399
3469	2544
3470	3045
3471	2294
3472	2770
3473	2431
3474	2683
3475	2349
3476	2286
3477	2761
3478	2515
3479	2465
3480	2563
3481	2322
3482	2481
3483	2303
3484	2635
3485	2536
3486	2525
3487	2420
3488	2457
3489	2649
3490	2529
3491	2308
3492	2205
3493	2541
3494	2628
3495	2599
3496	2629
3497	2361
3498	2221
3499	2739
3500	2689
3501	2861
3502	2739
3503	2427
3504	2197
3505	2705
3506	2528
3507	2348
3508	2625
3509	2682
3510	2352
3511	2243
3512	2374
3513	2452
3514	2301
3515	2456
3516	2526
3517	2451
3518	2342
3519	2785
3520	2576
3521	2733
3522	2674
3523	2492
3524	2676
3525	2536
3526	2410
3527	2703
3528	2455
3529	2437
3530	2355
3531	2241
3532	2330
3533	2369
3534	2450
3535	2476
3536	2520
3537	2446
3538	2341
3539	2330
3540	2696
3541	2383
3542	2243
3543	2400
3544	2745
3545	2308
3546	2533
3547	2686
3548	2330
3549	2560
3550	2717
3551	2260
3552	2436
3553	2334
3554	2633
3555	2258
3556	2588
3557	2407
3558	2345
3559	2486
3560	2249
3561	2530
3562	2278
3563	2532
3564	2538
3565	2561
3566	2570
3567	2327
3568	2427
3569	2362
3570	2142
3571	2293
3572	2343
3573	2613
3574	2335
3575	2667
3576	2638
3577	2654
3578	2644
3579	2618
3580	2518
3581	2469
3582	2378
3583	2373
3584	2464
3585	2565
3586	2655
3587	2642
3588	2510
3589	2541
3590	2601
3591	2407
3592	2543
3593	2652
3594	2527
3595	2364
3596	2448
3597	2694
3598	2558
3599	2658
3600	2329
3601	2504
3602	2438
3603	2313
3604	2689
3605	2393
3606	2310
3607	2517
3608	2603
3609	2454
3610	2476
3611	2484
3612	2756
3613	2648
3614	2569
3615	2563
3616	2619
3617	2819
3618	2447
3619	2677
3620	2223
3621	2333
3622	2539
3623	2800
3624	2271
3625	2333
3626	2461
3627	2400
3628	2392
3629	2376
3630	2346
3631	2291
3632	2399
3633	2191
3634	2577
3635	2417
3636	2529
3637	2572
3638	2549
3639	2631
3640	2533
3641	2474
3642	2273
3643	2418
3644	2487
3645	2525
3646	2349
3647	2586
3648	2684
3649	2314
3650	2546
3651	2640
3652	2474
3653	2626
3654	2622
3655	2274
3656	2490
3657	2163
3658	2590
3659	2427
3660	2457
3661	2336
3662	2291
3663	2558
3664	2646
3665	2467
3666	2502
3667	2793
3668	2375
3669	2381
3670	2373
3671	2448
3672	2196
3673	2397
3674	2410
3675	2521
3676	2731
3677	2632
3678	2401
3679	2794
3680	2706
3681	2559
3682	2331
3683	2784
3684	2378
3685	2273
3686	2508
3687	2464
3688	2678
3689	2490
3690	2268
3691	2613
3692	2616
3693	2477
3694	2607
3695	2432
3696	2597
3697	2404
3698	2644
3699	2740
3700	2629
3701	2670
3702	2368
3703	2629
3704	2339
3705	2867
3706	2730
3707	3063
3708	2639
3709	2525
3710	2850
3711	2729
3712	2575
3713	2437
3714	2463
3715	2685
3716	2531
3717	2582
3718	2368
3719	2121
3720	2673
3721	2578
3722	2601
3723	2368
3724	2479
3725	2512
3726	2599
3727	2357
3728	2535
3729	2499
3730	2459
3731	2366
3732	2536
3733	2619
3734	2415
3735	2582
3736	2342
3737	2436
3738	2266
3739	2257
3740	2156
3741	2424
3742	2220
3743	2219
3744	2328
3745	2452
3746	2549
3747	2771
3748	2111
3749	2123
3750	2220
3751	2442
3752	2550
3753	2501
3754	2471
3755	2419
3756	2302
3757	2408
3758	2635
3759	2518
3760	2392
3761	2498
3762	2255
3763	2156
3764	2346
3765	2453
3766	2686
3767	2321
3768	2612
3769	2337
3770	2809
3771	2817
3772	2172
3773	2679
3774	2647
3775	2502
3776	2382
3777	2492
3778	2266
3779	2266
3780	2241
3781	2432
3782	2749
3783	2394
3784	2401
3785	2482
3786	2427
3787	2433
3788	2429
3789	2689
3790	2403
3791	2421
3792	2253
3793	2269
3794	2335
3795	2242
3796	2162
3797	2239
3798	2479
3799	2498
3800	2693
3801	2646
3802	2158
3803	2533
3804	2403
3805	2436
3806	2317
3807	2352
3808	2439
3809	2290
3810	2054
3811	2371
3812	2081
3813	2231
3814	2382
3815	2382
3816	2256
3817	2229
3818	2479
3819	2114
3820	2267
3821	2221
3822	2113
3823	2344
3824	2197
3825	2362
3826	2367
3827	2555
3828	2278
3829	2171
3830	2132
3831	2066
3832	2227
3833	2355
3834	2030
3835	2058
3836	2002
3837	2260
3838	2182
3839	1953
3840	2105
3841	2159
3842	1861
3843	2072
3844	2049
3845	2145
3846	2371
3847	2490
3848	2186
3849	2351
3850	2048
3851	2078
3852	2119
3853	2043
3854	2050
3855	2064
3856	2184
3857	2218
3858	2146
3859	2160
3860	2130
3861	1948
3862	2351
3863	2080
3864	2156
3865	2233
3866	1905
3867	1958
3868	2081
3869	2186
3870	2061
3871	2023
3872	2019
3873	2177
3874	2035
3875	1949
3876	2086
3877	2365
3878	2422
3879	2010
3880	2114
3881	2457
3882	2508
3883	2054
3884	2396
3885	2021
3886	2144
3887	2380
3888	2278
3889	2161
3890	2212
3891	2130
3892	2231
3893	2331
3894	2364
3895	2222
3896	2442
3897	2315
3898	2613
3899	2488
3900	2421
3901	2299
3902	2257
3903	2519
3904	2156
3905	2218
3906	2385
3907	2404
3908	2329
3909	2552
3910	2124
3911	2436
3912	2538
3913	2536
3914	2531
3915	2474
3916	2415
3917	2590
3918	2265
3919	2407
3920	2545
3921	2540
3922	2166
3923	2607
3924	2500
3925	2489
3926	2727
3927	2756
3928	2491
3929	2734
3930	2751
3931	2831
3932	2793
3933	2905
3934	2514
3935	2664
3936	2655
3937	2657
3938	2631
3939	2360
3940	2331
3941	2407
3942	2339
3943	2392
3944	2362
3945	2645
3946	2247
3947	2290
3948	2510
3949	2540
3950	2357
3951	2630
3952	2068
3953	2904
3954	2664
3955	2626
3956	2911
3957	2500
3958	2791
3959	2445
3960	2641
3961	2684
3962	2745
3963	2472
3964	2999
3965	2685
3966	2434
3967	2518
3968	2558
3969	2551
3970	2564
3971	2581
3972	2488
3973	2800
3974	2574
3975	2321
3976	2657
3977	2774
3978	2443
3979	2577
3980	2648
3981	2624
3982	2498
3983	2598
3984	2568
3985	2505
3986	2316
3987	2455
3988	2621
3989	2488
3990	2479
3991	2045
3992	2145
3993	2535
3994	2066
3995	2567
3996	2299
3997	2286
3998	2413
3999	2557
4000	2449
4001	2506
4002	2655
4003	2506
4004	2225
4005	2499
4006	2375
4007	2510
4008	2561
4009	2537
4010	2473
4011	2082
4012	2735
4013	2600
4014	2608
4015	3159
4016	2545
4017	2673
4018	2678
4019	2690
4020	2801
4021	2651
4022	2387
4023	2546
4024	2717
4025	2595
4026	2394
4027	2824
4028	2534
4029	2826
4030	2443
4031	2700
4032	3767
4033	2904
4034	3141
4035	4497
4036	2890
4037	2487
4038	2652
4039	2497
4040	2369
4041	2340
4042	2435
4043	2099
4044	2637
4045	2317
4046	2210
4047	2352
4048	2602
4049	2232
4050	2539
4051	2414
4052	2456
4053	2330
4054	2199
4055	2368
4056	2583
4057	2114
4058	2311
4059	2171
4060	2661
4061	2565
4062	2703
4063	2110
4064	2696
4065	2414
4066	2514
4067	2433
4068	2561
4069	2393
4070	2560
4071	2398
4072	2589
4073	2068
4074	2054
4075	2119
4076	2240
4077	2419
4078	2271
4079	2478
4080	2523
4081	2560
4082	2345
4083	2240
4084	2566
4085	2441
4086	2514
4087	2450
4088	2628
4089	1961
4090	2368
4091	2373
4092	2395
4093	2285
4094	2234
4095	2360
4096	2360
4097	2623
4098	2919
4099	2288
4100	2594
4101	2213
4102	2422
4103	2506
4104	2192
4105	2321
4106	2084
4107	2419
4108	2017
4109	2527
4110	2107
4111	2261
4112	2367
4113	2241
4114	2242
4115	2297
4116	2311
4117	2442
4118	2203
4119	2225
4120	2347
4121	2336
4122	2431
4123	2497
4124	2530
4125	2290
4126	2395
4127	2285
4128	2054
4129	2189
4130	2167
4131	2462
4132	2111
4133	2382
4134	2195
4135	2192
4136	2206
4137	2048
4138	1953
4139	2280
4140	2101
4141	1917
4142	2237
4143	2023
4144	2141
4145	1872
4146	2244
4147	2255
4148	1843
4149	2071
4150	2283
4151	2211
4152	2060
4153	2062
4154	2193
4155	2343
4156	2014
4157	2192
4158	1993
4159	1966
4160	2098
4161	2015
4162	2121
4163	2166
4164	2108
4165	2045
4166	1872
4167	2117
4168	1782
4169	2092
4170	2037
4171	2104
4172	2019
4173	2032
4174	1808
4175	1999
4176	2210
4177	2025
4178	1864
4179	1800
4180	2052
4181	2065
4182	1967
4183	2000
4184	2107
4185	2149
4186	1914
4187	2072
4188	2284
4189	2153
4190	1788
4191	1977
4192	2178
4193	2098
4194	2212
4195	1839
4196	1985
4197	2155
4198	1772
4199	2058
4200	2033
4201	1951
4202	2088
4203	1966
4204	2081
4205	2132
4206	1906
4207	1938
4208	1878
4209	2058
4210	1999
4211	2045
4212	1963
4213	2010
4214	1766
4215	1897
4216	1930
4217	1836
4218	2069
4219	2098
4220	2002
4221	2268
4222	1847
4223	2078
4224	1916
4225	1990
4226	1914
4227	2102
4228	2174
4229	1944
4230	2244
4231	1918
4232	2187
4233	1807
4234	1832
4235	2148
4236	2115
4237	2130
4238	2083
4239	2353
4240	2074
4241	1961
4242	2005
4243	2059
4244	2044
4245	2032
4246	1894
4247	2256
4248	2180
4249	1955
4250	1856
4251	1771
4252	1941
4253	1941
4254	1845
4255	1996
4256	2142
4257	2053
4258	1827
4259	2020
4260	1946
4261	1858
4262	2051
4263	1862
4264	2193
4265	1941
4266	2173
4267	2152
4268	2137
4269	1938
4270	2306
4271	1952
4272	2012
4273	2069
4274	1964
4275	1896
4276	2098
4277	1975
4278	1914
4279	2110
4280	2241
4281	2278
4282	2196
4283	2060
4284	2132
4285	1825
4286	2216
4287	1788
4288	2098
4289	1812
4290	2126
4291	2136
4292	2174
4293	2035
4294	2064
4295	2035
4296	1976
4297	1926
4298	1892
4299	2100
4300	2125
4301	1994
4302	1975
4303	2117
4304	2345
4305	2100
4306	2048
4307	2501
4308	2353
4309	2137
4310	2203
4311	2075
4312	2086
4313	1959
4314	2003
4315	2183
4316	2023
4317	2179
4318	2166
4319	1887
4320	2233
4321	2215
4322	1920
4323	1989
4324	1785
4325	1890
4326	1786
4327	1868
4328	1761
4329	1891
4330	1975
4331	1706
4332	1921
4333	2218
4334	2004
4335	2049
4336	1801
4337	1996
4338	1721
4339	2072
4340	1740
4341	1836
4342	1745
4343	1834
4344	2280
4345	1782
4346	1846
4347	1750
4348	1731
4349	1785
4350	1963
4351	1749
4352	1992
4353	2065
4354	1929
4355	1871
4356	1821
4357	1680
4358	1493
4359	1798
4360	1889
4361	1873
4362	1854
4363	1640
4364	1826
4365	1722
4366	1977
4367	1645
4368	1989
4369	1794
4370	2003
4371	1910
4372	1947
4373	1759
4374	1850
4375	1748
4376	1660
4377	1963
4378	1829
4379	2057
4380	1645
4381	1788
4382	1746
4383	1661
4384	1869
4385	1921
4386	1786
4387	1634
4388	1731
4389	1914
4390	1912
4391	1727
4392	1802
4393	1788
4394	1741
4395	1815
4396	1779
4397	1892
4398	1747
4399	1917
4400	1678
4401	1852
4402	1932
4403	1958
4404	1741
4405	1958
4406	1646
4407	1677
4408	1843
4409	1964
4410	1963
4411	1837
4412	1756
4413	1886
4414	1910
4415	1748
4416	1689
4417	1899
4418	1721
4419	1910
4420	1695
4421	1684
4422	1780
4423	1839
4424	1942
4425	1791
4426	1538
4427	1725
4428	1719
4429	1869
4430	1733
4431	2035
4432	1944
4433	1665
4434	1481
4435	1646
4436	1676
4437	1927
4438	1853
4439	1826
4440	1789
4441	1721
4442	1615
4443	1741
4444	1757
4445	1392
4446	1666
4447	1662
4448	1614
4449	1851
4450	1785
4451	1770
4452	1760
4453	1537
4454	1641
4455	1514
4456	1748
4457	1609
4458	1862
4459	1674
4460	1667
4461	1480
4462	1743
4463	1558
4464	1719
4465	1756
4466	1829
4467	1707
4468	1895
4469	1707
4470	1569
4471	1701
4472	1673
4473	1721
4474	1856
4475	1558
4476	1779
4477	1699
4478	1749
4479	1768
4480	1831
4481	1756
4482	1532
4483	1765
4484	1658
4485	1598
4486	1783
4487	1748
4488	1588
4489	1561
4490	1787
4491	1611
4492	1628
4493	1544
4494	1591
4495	1812
4496	1732
4497	1876
4498	1516
4499	1648
4500	1696
4501	1634
4502	1680
4503	1627
4504	1603
4505	1453
4506	1694
4507	1824
4508	1748
4509	1736
4510	1681
4511	1845
4512	1987
4513	1574
4514	1643
4515	1756
4516	1709
4517	1568
4518	1699
4519	1569
4520	2015
4521	1547
4522	1803
4523	1712
4524	1693
4525	1589
4526	1696
4527	1602
4528	1818
4529	1541
4530	1685
4531	1748
4532	1733
4533	1777
4534	1554
4535	1723
4536	1823
4537	1548
4538	1920
4539	1889
4540	1774
4541	1524
4542	1748
4543	1476
4544	2014
4545	1739
4546	1518
4547	1908
4548	1688
4549	1612
4550	1518
4551	1883
4552	1502
4553	1756
4554	1557
4555	1714
4556	1877
4557	1535
4558	1508
4559	1610
4560	1740
4561	1818
4562	1866
4563	1546
4564	1631
4565	1642
4566	1813
4567	1487
4568	1697
4569	1592
4570	1673
4571	1506
4572	1621
4573	1764
4574	1326
4575	1408
4576	1746
4577	1658
4578	1731
4579	1597
4580	1418
4581	1818
4582	1796
4583	1583
4584	1718
4585	1823
4586	1721
4587	1618
4588	1429
4589	1538
4590	1601
4591	1614
4592	1353
4593	1467
4594	1644
4595	1524
4596	1813
4597	1598
4598	1697
4599	1700
4600	1731
4601	1717
4602	1772
4603	1843
4604	1658
4605	1638
4606	1809
4607	1792
4608	1572
4609	1612
4610	1847
4611	1669
4612	1695
4613	1856
4614	1625
4615	1676
4616	1603
4617	1628
4618	1543
4619	1877
4620	1764
4621	1919
4622	1651
4623	1984
4624	1844
4625	1972
4626	1709
4627	1899
4628	1894
4629	1637
4630	1847
4631	1749
4632	1685
4633	1588
4634	1791
4635	1729
4636	1927
4637	2002
4638	1778
4639	1632
4640	1671
4641	1815
4642	1584
4643	1799
4644	1789
4645	1626
4646	1607
4647	1557
4648	1619
4649	1712
4650	1800
4651	1551
4652	1771
4653	1652
4654	1618
4655	1896
4656	1764
4657	1831
4658	1733
4659	1759
4660	1803
4661	1761
4662	1986
4663	1613
4664	1797
4665	1826
4666	1754
4667	1563
4668	1924
4669	1725
4670	1655
4671	1587
4672	1473
4673	1720
4674	1716
4675	1802
4676	1805
4677	1814
4678	1850
4679	1681
4680	1637
4681	1600
4682	1831
4683	1811
4684	1688
4685	1919
4686	1441
4687	1573
4688	1634
4689	1669
4690	1641
4691	1913
4692	1895
4693	1469
4694	1622
4695	1796
4696	1629
4697	1709
4698	1795
4699	1761
4700	1677
4701	1589
4702	1516
4703	1808
4704	1882
4705	1620
4706	1615
4707	1790
4708	1752
4709	1599
4710	1526
4711	1665
4712	1785
4713	1739
4714	1558
4715	1632
4716	1752
4717	1647
4718	1568
4719	1481
4720	1723
4721	1640
4722	1715
4723	1658
4724	1504
4725	1803
4726	1645
4727	1659
4728	1816
4729	1596
4730	1740
4731	1526
4732	1514
4733	1784
4734	1480
4735	1672
4736	1425
4737	1901
4738	1665
4739	1548
4740	1416
4741	1549
4742	1568
4743	1600
4744	1529
4745	1802
4746	1627
4747	1537
4748	1647
4749	1633
4750	1799
4751	1532
4752	1943
4753	1571
4754	1511
4755	1672
4756	1874
4757	1754
4758	1639
4759	1686
4760	1522
4761	2005
4762	1493
4763	1595
4764	1663
4765	1664
4766	1927
4767	1924
4768	1734
4769	1851
4770	1565
4771	1874
4772	1843
4773	1788
4774	1695
4775	1601
4776	1830
4777	1988
4778	1671
4779	1639
4780	1891
4781	1688
4782	1943
4783	1637
4784	1673
4785	1699
4786	1493
4787	1567
4788	1750
4789	1853
4790	1746
4791	1686
4792	1616
4793	1897
4794	1737
4795	1501
4796	1721
4797	1575
4798	1576
4799	1701
4800	1780
4801	1609
4802	1347
4803	1778
4804	1634
4805	1625
4806	1636
4807	1687
4808	1567
4809	1992
4810	1560
4811	1765
4812	1878
4813	1704
4814	1499
4815	1749
4816	1573
4817	1791
4818	2003
4819	1681
4820	1872
4821	1973
4822	1713
4823	1809
4824	1856
4825	1838
4826	1653
4827	1854
4828	1572
4829	1687
4830	1586
4831	1626
4832	1646
4833	1637
4834	1860
4835	1652
4836	1844
4837	1668
4838	1567
4839	1684
4840	1811
4841	1918
4842	1767
4843	1729
4844	1647
4845	1905
4846	1524
4847	1627
4848	1491
4849	1529
4850	1583
4851	1608
4852	1560
4853	1551
4854	1384
4855	1534
4856	1811
4857	1416
4858	1441
4859	1587
4860	1485
4861	1757
4862	1590
4863	1585
4864	1609
4865	1663
4866	1478
4867	1531
4868	1369
4869	1447
4870	1552
4871	1532
4872	1378
4873	1430
4874	1441
4875	1733
4876	1336
4877	1607
4878	1689
4879	1561
4880	1583
4881	1668
4882	1522
4883	1497
4884	1505
4885	1578
4886	1525
4887	1676
4888	1527
4889	1531
4890	1583
4891	1436
4892	1343
4893	1521
4894	1585
4895	1642
4896	1568
4897	1506
4898	1264
4899	1674
4900	1466
4901	1561
4902	1606
4903	1436
4904	1491
4905	1650
4906	1385
4907	1500
4908	1624
4909	1442
4910	1578
4911	1512
4912	1442
4913	1354
4914	1525
4915	1474
4916	1623
4917	1259
4918	1650
4919	1618
4920	1368
4921	1665
4922	1468
4923	1456
4924	1350
4925	1569
4926	1576
4927	1575
4928	1438
4929	1280
4930	1506
4931	1559
4932	1486
4933	1430
4934	1443
4935	1483
4936	1538
4937	1597
4938	1637
4939	1537
4940	1554
4941	1423
4942	1381
4943	1345
4944	1474
4945	1633
4946	1573
4947	1602
4948	1404
4949	1757
4950	1588
4951	1575
4952	1715
4953	1610
4954	1621
4955	1422
4956	1371
4957	1524
4958	1673
4959	1528
4960	1463
4961	1574
4962	1525
4963	1611
4964	1626
4965	1621
4966	1443
4967	1524
4968	1698
4969	1546
4970	1698
4971	1656
4972	1629
4973	1622
4974	1574
4975	1508
4976	1468
4977	1295
4978	1553
4979	1515
4980	1497
4981	1385
4982	1583
4983	1513
4984	1524
4985	1643
4986	1445
4987	1467
4988	1783
4989	1258
4990	1515
4991	1423
4992	1435
4993	1418
4994	1630
4995	1720
4996	1541
4997	1672
4998	1450
4999	1585
5000	1505
5001	1507
5002	1380
5003	1702
5004	1602
5005	1463
5006	1584
5007	1567
5008	1355
5009	1425
5010	1659
5011	1525
5012	1438
5013	1496
5014	1557
5015	1797
5016	1492
5017	1572
5018	1377
5019	1636
5020	1597
5021	1426
5022	1396
5023	1308
5024	1677
5025	1324
5026	1518
5027	1623
5028	1527
5029	1508
5030	1460
5031	1413
5032	1409
5033	1551
5034	1440
5035	1517
5036	1623
5037	1347
5038	1366
5039	1457
5040	1419
5041	1326
5042	1374
5043	1413
5044	1316
5045	1519
5046	1323
5047	1591
5048	1437
5049	1535
5050	1557
5051	1397
5052	1618
5053	1338
5054	1481
5055	1393
5056	1572
5057	1465
5058	1434
5059	1600
5060	1366
5061	1366
5062	1535
5063	1266
5064	1401
5065	1360
5066	1390
5067	1556
5068	1331
5069	1592
5070	1583
5071	1440
5072	1488
5073	1390
5074	1405
5075	1431
5076	1575
5077	1535
5078	1446
5079	1530
5080	1717
5081	1544
5082	1564
5083	1536
5084	1368
5085	1527
5086	1331
5087	1358
5088	1448
5089	1551
5090	1561
5091	1355
5092	1504
5093	1396
5094	1255
5095	1482
5096	1474
5097	1332
5098	1487
5099	1778
5100	1666
5101	1340
5102	1446
5103	1479
5104	1344
5105	1373
5106	1251
5107	1255
5108	1376
5109	1271
5110	1282
5111	1290
5112	1298
5113	1451
5114	1306
5115	1402
5116	1342
5117	1216
5118	1435
5119	1293
5120	1444
5121	1323
5122	1448
5123	1362
5124	1566
5125	1326
5126	1328
5127	1274
5128	1556
5129	1414
5130	1252
5131	1272
5132	1516
5133	1407
5134	1352
5135	1454
5136	1222
5137	1373
5138	1305
5139	1430
5140	1424
5141	1411
5142	1454
5143	1216
5144	1459
5145	1418
5146	1542
5147	1347
5148	1515
5149	1587
5150	1345
5151	1409
5152	1297
5153	1519
5154	1308
5155	1386
5156	1394
5157	1330
5158	1527
5159	1416
5160	1500
5161	1577
5162	1444
5163	1413
5164	1489
5165	1427
5166	1384
5167	1476
5168	1467
5169	1498
5170	1431
5171	1240
5172	1308
5173	1286
5174	1441
5175	1209
5176	1314
5177	1376
5178	1286
5179	1372
5180	1541
5181	1412
5182	1413
5183	1472
5184	1238
5185	1350
5186	1503
5187	1508
5188	1322
5189	1455
5190	1327
5191	1461
5192	1305
5193	1474
5194	1483
5195	1278
5196	1542
5197	1521
5198	1552
5199	1305
5200	1544
5201	1548
5202	1135
5203	1338
5204	1479
5205	1497
5206	1443
5207	1431
5208	1567
5209	1317
5210	1124
5211	1307
5212	1481
5213	1302
5214	1237
5215	1487
5216	1242
5217	1436
5218	1317
5219	1346
5220	1297
5221	1431
5222	1442
5223	1400
5224	1344
5225	1255
5226	1268
5227	1518
5228	1371
5229	1325
5230	1214
5231	1498
5232	1407
5233	1219
5234	1434
5235	1415
5236	1533
5237	1216
5238	1485
5239	1351
5240	1294
5241	1212
5242	1417
5243	1374
5244	1324
5245	1251
5246	1373
5247	1360
5248	1506
5249	1473
5250	1429
5251	1294
5252	1343
5253	1511
5254	1629
5255	1394
5256	1228
5257	1355
5258	1455
5259	1370
5260	1324
5261	1343
5262	1464
5263	1507
5264	1331
5265	1318
5266	1543
5267	1426
5268	1553
5269	1493
5270	1336
5271	1416
5272	1215
5273	1199
5274	1388
5275	1212
5276	1330
5277	1276
5278	1244
5279	1420
5280	1399
5281	1417
5282	1340
5283	1489
5284	1538
5285	1441
5286	1259
5287	1274
5288	1428
5289	1504
5290	1377
5291	1225
5292	1210
5293	1323
5294	1394
5295	1433
5296	1248
5297	1323
5298	1437
5299	1382
5300	1462
5301	1525
5302	1265
5303	1375
5304	1379
5305	1186
5306	1481
5307	1442
5308	1416
5309	1514
5310	1405
5311	1340
5312	1349
5313	1363
5314	1316
5315	1453
5316	1443
5317	1308
5318	1406
5319	1361
5320	1464
5321	1175
5322	1362
5323	1656
5324	1263
5325	1305
5326	1614
5327	1438
5328	1272
5329	1415
5330	1501
5331	1407
5332	1382
5333	1504
5334	1191
5335	1328
5336	1415
5337	1549
5338	1355
5339	1405
5340	1503
5341	1255
5342	1382
5343	1254
5344	1297
5345	1321
5346	1439
5347	1286
5348	1286
5349	1313
5350	1414
5351	1258
5352	1343
5353	1297
5354	1664
5355	1512
5356	1610
5357	1373
5358	1504
5359	1467
5360	1220
5361	1534
5362	1344
5363	1323
5364	1355
5365	1347
5366	1314
5367	1370
5368	1525
5369	1449
5370	1392
5371	1382
5372	1278
5373	1443
5374	1354
5375	1344
5376	1438
5377	1426
5378	1256
5379	1620
5380	1516
5381	1183
5382	1404
5383	1634
5384	1380
5385	1243
5386	1929
5387	3465
5388	2534
5389	1426
5390	1328
5391	1519
5392	1462
5393	1383
5394	1459
5395	1388
5396	1355
5397	1581
5398	1478
5399	1521
5400	1837
5401	1362
5402	1367
5403	1386
5404	1355
5405	1427
5406	1455
5407	1284
5408	1393
5409	1559
5410	1489
5411	1522
5412	1380
5413	1307
5414	1043
5415	1485
5416	1489
5417	1352
5418	1558
5419	1548
5420	1359
5421	1617
5422	1487
5423	1607
5424	1520
5425	1456
5426	1629
5427	1596
5428	1624
5429	1614
5430	1587
5431	1643
5432	1497
5433	1445
5434	1666
5435	1627
5436	1638
5437	1655
5438	1245
5439	1390
5440	1403
5441	1791
5442	1752
5443	1333
5444	1791
5445	1681
5446	1556
5447	1691
5448	1607
5449	1391
5450	1467
5451	1570
5452	1789
5453	1650
5454	1415
5455	1499
5456	1311
5457	1475
5458	1653
5459	1624
5460	1453
5461	1390
5462	1488
5463	1368
5464	1648
5465	1545
5466	1638
5467	1654
5468	1400
5469	1810
5470	1600
5471	1602
5472	1723
5473	1503
5474	1701
5475	1620
5476	1644
5477	1750
5478	1502
5479	1908
5480	1536
5481	1902
5482	1699
5483	1780
5484	1773
5485	1971
5486	1884
5487	1541
5488	1743
5489	1695
5490	1689
5491	1684
5492	1798
5493	1821
5494	1734
5495	1745
5496	1596
5497	1532
5498	1833
5499	1642
5500	1622
5501	1697
5502	1966
5503	1896
5504	1489
5505	1669
5506	1704
5507	1936
5508	1992
5509	1550
5510	1855
5511	1862
5512	1851
5513	1767
5514	1586
5515	1600
5516	1750
5517	1705
5518	1828
5519	1643
5520	1599
5521	1866
5522	1749
5523	1685
5524	2008
5525	1873
5526	1938
5527	1814
5528	1859
5529	1802
5530	1778
5531	1655
5532	1625
5533	1585
5534	1804
5535	1787
5536	1960
5537	1799
5538	1964
5539	1728
5540	1943
5541	1767
5542	1763
5543	1864
5544	1821
5545	1784
5546	2151
5547	1457
5548	1542
5549	1668
5550	1523
5551	1711
5552	1499
5553	1907
5554	1688
5555	1604
5556	1789
5557	2047
5558	2069
5559	1926
5560	1534
5561	1932
5562	1735
5563	1723
5564	1639
5565	1862
5566	1775
5567	1817
5568	1804
5569	1856
5570	1726
5571	1671
5572	1717
5573	1669
5574	1927
5575	1748
5576	1787
5577	1556
5578	1906
5579	1760
5580	1883
5581	1966
5582	1640
5583	1453
5584	1465
5585	1647
5586	1671
5587	1604
5588	1425
5589	1849
5590	1688
5591	1499
5592	1511
5593	1347
5594	1856
5595	1452
5596	1595
5597	1510
5598	1891
5599	1674
5600	1571
5601	1573
5602	1567
5603	1508
5604	1569
5605	1575
5606	1707
5607	1765
5608	1322
5609	1441
5610	1542
5611	1615
5612	1581
5613	1453
5614	1454
5615	1541
5616	1397
5617	1705
5618	1547
5619	1457
5620	1577
5621	1799
5622	1471
5623	1609
5624	1520
5625	1508
5626	1554
5627	1495
5628	1296
5629	1592
5630	1504
5631	1873
5632	1777
5633	1464
5634	1332
5635	1455
5636	1405
5637	1630
5638	1398
5639	1576
5640	1438
5641	1286
5642	1533
5643	1519
5644	1567
5645	1565
5646	1756
5647	1384
5648	1560
5649	1706
5650	1647
5651	1464
5652	1434
5653	1400
5654	1630
5655	1327
5656	1549
5657	1671
5658	1554
5659	1588
5660	1467
5661	1471
5662	1550
5663	1494
5664	1407
5665	1470
5666	1497
5667	1244
5668	1473
5669	1513
5670	1546
5671	1289
5672	1427
5673	1462
5674	1539
5675	1442
5676	1441
5677	1324
5678	1357
5679	1456
5680	1382
5681	1414
5682	1387
5683	1398
5684	1109
5685	1391
5686	1446
5687	1443
5688	1536
5689	1578
5690	1446
5691	1652
5692	1517
5693	1465
5694	1814
5695	1644
5696	1564
5697	1248
5698	1472
5699	1539
5700	1350
5701	1517
5702	1367
5703	1353
5704	1571
5705	1594
5706	1328
5707	1441
5708	1356
5709	1542
5710	1469
5711	1526
5712	1564
5713	1320
5714	1473
5715	1462
5716	1467
5717	1297
5718	1629
5719	1237
5720	1714
5721	1419
5722	1490
5723	1562
5724	1481
5725	1467
5726	1452
5727	1369
5728	1254
5729	1432
5730	1590
5731	1346
5732	1540
5733	1317
5734	1422
5735	1410
5736	1331
5737	1313
5738	1378
5739	1369
5740	1352
5741	1612
5742	1382
5743	1398
5744	1594
5745	1397
5746	1362
5747	1335
5748	1633
5749	1530
5750	1323
5751	1448
5752	1535
5753	1238
5754	1471
5755	1512
5756	1575
5757	1249
5758	1309
5759	1362
5760	1301
5761	1367
5762	1393
5763	1226
5764	1557
5765	1519
5766	1386
5767	1475
5768	1217
5769	1461
5770	1423
5771	1333
5772	1441
5773	1485
5774	1504
5775	1481
5776	1475
5777	1310
5778	1432
5779	1481
5780	1259
5781	1223
5782	1322
5783	1054
5784	1353
5785	1622
5786	1389
5787	1487
5788	1538
5789	1555
5790	1463
5791	1236
5792	1526
5793	1307
5794	1626
5795	1192
5796	1234
5797	1404
5798	1670
5799	1521
5800	1390
5801	1241
5802	1270
5803	1170
5804	1497
5805	1223
5806	1414
5807	1342
5808	1095
5809	1470
5810	1442
5811	1265
5812	1477
5813	1106
5814	1240
5815	1435
5816	1487
5817	1452
5818	1132
5819	1238
5820	1435
5821	1405
5822	1361
5823	1610
5824	1099
5825	1208
5826	1263
5827	1336
5828	1310
5829	1422
5830	1616
5831	1213
5832	1459
5833	1251
5834	1516
5835	1414
5836	1618
5837	1717
5838	1370
5839	1492
5840	1698
5841	1390
5842	1660
5843	1350
5844	1469
5845	1537
5846	1323
5847	1399
5848	1497
5849	1567
5850	1352
5851	1462
5852	1279
5853	1325
5854	1185
5855	1456
5856	1443
5857	1391
5858	1355
5859	1219
5860	1545
5861	1206
5862	1209
5863	1381
5864	1334
5865	1377
5866	1297
5867	1253
5868	1403
5869	1366
5870	1261
5871	1279
5872	1235
5873	1409
5874	1117
5875	1424
5876	1276
5877	1430
5878	1254
5879	1164
5880	1269
5881	1184
5882	1346
5883	1249
5884	1178
5885	1329
5886	1523
5887	1497
5888	1246
5889	1342
5890	1182
5891	1183
5892	1310
5893	1218
5894	1313
5895	1282
5896	1177
5897	1203
5898	1289
5899	1321
5900	1261
5901	1347
5902	1203
5903	1461
5904	1303
5905	1112
5906	1334
5907	1350
5908	1314
5909	997
5910	1359
5911	1328
5912	1229
5913	1329
5914	1215
5915	1243
5916	1271
5917	1243
5918	1121
5919	1131
5920	1282
5921	1268
5922	1373
5923	1234
5924	1094
5925	1409
5926	1298
5927	1366
5928	1232
5929	1081
5930	1275
5931	1257
5932	1208
5933	1439
5934	1297
5935	1124
5936	1217
5937	1252
5938	1243
5939	1161
5940	1181
5941	1290
5942	1109
5943	1301
5944	1325
5945	1159
5946	1405
5947	1018
5948	1327
5949	1144
5950	1256
5951	1229
5952	1344
5953	1232
5954	1125
5955	1163
5956	1146
5957	1265
5958	1182
5959	1117
5960	1215
5961	1215
5962	1347
5963	1343
5964	1350
5965	1231
5966	1068
5967	1306
5968	1146
5969	1217
5970	1289
5971	1070
5972	1298
5973	1309
5974	1214
5975	1232
5976	1354
5977	1417
5978	1337
5979	1461
5980	1469
5981	1330
5982	1313
5983	1213
5984	1246
5985	1274
5986	975
5987	1144
5988	1188
5989	1025
5990	1444
5991	1143
5992	1256
5993	1143
5994	1417
5995	1044
5996	1121
5997	1206
5998	1064
5999	1235
6000	1168
6001	1176
6002	1226
6003	986
6004	1303
6005	1129
6006	1161
6007	988
6008	1125
6009	1249
6010	1378
6011	1227
6012	1285
6013	1205
6014	1252
6015	1293
6016	1354
6017	1020
6018	1146
6019	1220
6020	1234
6021	1281
6022	998
6023	1201
6024	1206
6025	1189
6026	1175
6027	1103
6028	1345
6029	1366
6030	1143
6031	1143
6032	1208
6033	1229
6034	1331
6035	1076
6036	1221
6037	1213
6038	1213
6039	1091
6040	1054
6041	1128
6042	1311
6043	1260
6044	1221
6045	1212
6046	1105
6047	1108
6048	1097
6049	1072
6050	995
6051	1139
6052	1138
6053	1081
6054	1112
6055	1005
6056	1143
6057	1088
6058	1035
6059	926
6060	1235
6061	1181
6062	1141
6063	1168
6064	1071
6065	1107
6066	1195
6067	1049
6068	1175
6069	1156
6070	1238
6071	1205
6072	1059
6073	1148
6074	930
6075	1154
6076	1158
6077	1124
6078	1253
6079	1152
6080	1384
6081	1096
6082	963
6083	1217
6084	994
6085	1069
6086	1089
6087	1120
6088	1363
6089	1263
6090	1107
6091	1199
6092	1083
6093	952
6094	1055
6095	1101
6096	1359
6097	1055
6098	1170
6099	1139
6100	964
6101	1107
6102	1159
6103	1186
6104	1123
6105	976
6106	1166
6107	1103
6108	1057
6109	1257
6110	1159
6111	1354
6112	1051
6113	1101
6114	1192
6115	1227
6116	1102
6117	1284
6118	1120
6119	1138
6120	1144
6121	1192
6122	1140
6123	1204
6124	963
6125	1000
6126	1042
6127	1049
6128	1267
6129	1147
6130	1013
6131	1218
6132	1114
6133	1151
6134	973
6135	1054
6136	1164
6137	1119
6138	1150
6139	1097
6140	1092
6141	1163
6142	985
6143	990
6144	1013
6145	1040
6146	1275
6147	950
6148	1101
6149	1164
6150	1071
6151	1126
6152	1195
6153	1094
6154	1160
6155	1117
6156	1135
6157	1182
6158	1119
6159	881
6160	1117
6161	940
6162	1103
6163	886
6164	1337
6165	991
6166	996
6167	1193
6168	1195
6169	1114
6170	864
6171	950
6172	958
6173	890
6174	1003
6175	1031
6176	1221
6177	995
6178	1202
6179	1132
6180	1108
6181	1102
6182	997
6183	1028
6184	1174
6185	1297
6186	1159
6187	1067
6188	1145
6189	1090
6190	1018
6191	1143
6192	972
6193	1069
6194	1036
6195	984
6196	1198
6197	1036
6198	1098
6199	971
6200	1056
6201	992
6202	927
6203	1039
6204	1045
6205	1020
6206	1099
6207	1002
6208	956
6209	969
6210	1188
6211	983
6212	1351
6213	1020
6214	995
6215	1118
6216	1076
6217	1183
6218	1118
6219	1237
6220	996
6221	938
6222	1068
6223	1112
6224	1072
6225	1022
6226	1091
6227	1012
6228	1005
6229	1130
6230	1088
6231	1040
6232	1065
6233	1012
6234	980
6235	920
6236	1067
6237	978
6238	1166
6239	985
6240	1129
6241	1165
6242	968
6243	1032
6244	1119
6245	1089
6246	988
6247	1011
6248	1051
6249	925
6250	1055
6251	964
6252	997
6253	966
6254	1013
6255	1173
6256	1061
6257	1229
6258	1100
6259	1079
6260	920
6261	1150
6262	1102
6263	982
6264	1037
6265	1180
6266	1043
6267	1001
6268	991
6269	1107
6270	983
6271	1020
6272	1075
6273	1021
6274	991
6275	1187
6276	1068
6277	1159
6278	999
6279	909
6280	1151
6281	1207
6282	1132
6283	910
6284	1091
6285	1064
6286	1107
6287	1053
6288	1066
6289	1131
6290	1191
6291	1014
6292	1017
6293	1037
6294	1087
6295	1081
6296	1031
6297	1149
6298	969
6299	1159
6300	1231
6301	801
6302	1174
6303	994
6304	1006
6305	929
6306	1311
6307	1063
6308	1047
6309	1164
6310	934
6311	1199
6312	1092
6313	1086
6314	1086
6315	970
6316	1118
6317	1077
6318	1218
6319	930
6320	1347
6321	1043
6322	1213
6323	1201
6324	1031
6325	1176
6326	999
6327	1249
6328	1271
6329	1042
6330	1144
6331	1279
6332	1039
6333	1087
6334	1074
6335	1164
6336	1090
6337	1258
6338	1162
6339	1283
6340	1305
6341	1064
6342	1305
6343	1116
6344	1251
6345	1185
6346	1105
6347	1219
6348	1220
6349	1341
6350	1410
6351	1104
6352	1313
6353	1220
6354	1418
6355	1284
6356	1058
6357	1097
6358	1107
6359	1093
6360	1344
6361	1266
6362	1076
6363	1199
6364	1392
6365	1082
6366	1165
6367	1210
6368	1160
6369	1090
6370	1224
6371	1123
6372	1153
6373	1088
6374	1342
6375	1078
6376	1096
6377	1264
6378	1039
6379	1317
6380	1092
6381	1064
6382	1024
6383	1176
6384	1036
6385	1192
6386	1246
6387	1214
6388	1070
6389	1068
6390	1393
6391	1174
6392	1036
6393	1043
6394	1181
6395	930
6396	1031
6397	1188
6398	1126
6399	1187
6400	1216
6401	1114
6402	1064
6403	1229
6404	1129
6405	1097
6406	1097
6407	1388
6408	1282
6409	1227
6410	1245
6411	1200
6412	1131
6413	1248
6414	1214
6415	1152
6416	1159
6417	1108
6418	1185
6419	1288
6420	1058
6421	1070
6422	1101
6423	1186
6424	994
6425	978
6426	1313
6427	1137
6428	1142
6429	1095
6430	1054
6431	1203
6432	1187
6433	1009
6434	1049
6435	1305
6436	1225
6437	1024
6438	1165
6439	1206
6440	1222
6441	1222
6442	1082
6443	1127
6444	1170
6445	1185
6446	1019
6447	1110
6448	1006
6449	1062
6450	880
6451	1050
6452	974
6453	1271
6454	1396
6455	977
6456	1139
6457	1098
6458	1105
6459	1108
6460	1013
6461	937
6462	1136
6463	1116
6464	1251
6465	1139
6466	1002
6467	1299
6468	1082
6469	1130
6470	1074
6471	1074
6472	1182
6473	1272
6474	1084
6475	864
6476	971
6477	1240
6478	1020
6479	1124
6480	1138
6481	1089
6482	1085
6483	1089
6484	1188
6485	935
6486	970
6487	1218
6488	1045
6489	1319
6490	1171
6491	1134
6492	830
6493	1155
6494	1188
6495	1196
6496	1051
6497	1141
6498	1312
6499	1230
6500	1360
6501	1237
6502	1255
6503	1032
6504	1258
6505	1161
6506	880
6507	1114
6508	1016
6509	1262
6510	1427
6511	1042
6512	1263
6513	1280
6514	1274
6515	1199
6516	1062
6517	1186
6518	1111
6519	1121
6520	1260
6521	1167
6522	1192
6523	1405
6524	1207
6525	1144
6526	1076
6527	1285
6528	1108
6529	1204
6530	1235
6531	1064
6532	1083
6533	1284
6534	1286
6535	1304
6536	1280
6537	1085
6538	1379
6539	1199
6540	1120
6541	1187
6542	1179
6543	1128
6544	1312
6545	1181
6546	884
6547	1010
6548	1150
6549	1064
6550	1198
6551	997
6552	1024
6553	1131
6554	1268
6555	1045
6556	1254
6557	1080
6558	1073
6559	1135
6560	1163
6561	1044
6562	1106
6563	1107
6564	1318
6565	1291
6566	1150
6567	908
6568	1080
6569	1002
6570	1112
6571	1128
6572	1088
6573	992
6574	1090
6575	1028
6576	1148
6577	933
6578	900
6579	1000
6580	867
6581	1190
6582	1193
6583	1009
6584	1090
6585	931
6586	1090
6587	1085
6588	1119
6589	1140
6590	1016
6591	895
6592	938
6593	952
6594	1057
6595	1070
6596	1216
6597	1082
6598	1147
6599	1144
6600	1172
6601	1081
6602	1022
6603	1011
6604	1078
6605	987
6606	1057
6607	989
6608	1123
6609	981
6610	1128
6611	984
6612	939
6613	952
6614	1112
6615	964
6616	854
6617	908
6618	919
6619	957
6620	981
6621	1110
6622	1060
6623	996
6624	897
6625	1049
6626	888
6627	882
6628	1012
6629	998
6630	1033
6631	1028
6632	807
6633	910
6634	884
6635	1026
6636	979
6637	1128
6638	1016
6639	970
6640	912
6641	891
6642	928
6643	916
6644	930
6645	918
6646	848
6647	875
6648	965
6649	857
6650	800
6651	866
6652	803
6653	841
6654	921
6655	967
6656	908
6657	848
6658	829
6659	964
6660	917
6661	871
6662	892
6663	1127
6664	978
6665	967
6666	818
6667	865
6668	905
6669	864
6670	1026
6671	846
6672	760
6673	1093
6674	840
6675	976
6676	846
6677	1008
6678	833
6679	876
6680	969
6681	965
6682	766
6683	889
6684	730
6685	980
6686	851
6687	885
6688	1019
6689	972
6690	850
6691	935
6692	1136
6693	844
6694	922
6695	1049
6696	969
6697	796
6698	800
6699	900
6700	1101
6701	780
6702	1058
6703	882
6704	916
6705	1139
6706	939
6707	1128
6708	1037
6709	899
6710	949
6711	854
6712	962
6713	933
6714	899
6715	1108
6716	837
6717	1163
6718	1100
6719	846
6720	1111
6721	977
6722	943
6723	957
6724	979
6725	1015
6726	1077
6727	776
6728	860
6729	773
6730	1013
6731	851
6732	784
6733	953
6734	1045
6735	785
6736	1028
6737	967
6738	903
6739	885
6740	1134
6741	1042
6742	1101
6743	824
6744	1043
6745	946
6746	930
6747	1085
6748	1147
6749	867
6750	822
6751	880
6752	1232
6753	1001
6754	968
6755	977
6756	995
6757	1064
6758	896
6759	1117
6760	880
6761	1058
6762	968
6763	881
6764	936
6765	940
6766	1054
6767	698
6768	1033
6769	963
6770	1012
6771	873
6772	1072
6773	1033
6774	791
6775	1025
6776	984
6777	1031
6778	1077
6779	955
6780	1040
6781	980
6782	902
6783	977
6784	888
6785	815
6786	866
6787	984
6788	860
6789	927
6790	1047
6791	846
6792	1037
6793	924
6794	982
6795	860
6796	977
6797	911
6798	994
6799	888
6800	1122
6801	901
6802	954
6803	1081
6804	1031
6805	958
6806	975
6807	971
6808	789
6809	959
6810	960
6811	917
6812	1022
6813	1104
6814	980
6815	871
6816	859
6817	956
6818	1116
6819	911
6820	993
6821	991
6822	849
6823	930
6824	900
6825	953
6826	889
6827	957
6828	993
6829	995
6830	861
6831	948
6832	1137
6833	1106
6834	907
6835	1080
6836	1079
6837	987
6838	981
6839	917
6840	1067
6841	971
6842	1135
6843	923
6844	1095
6845	868
6846	960
6847	888
6848	868
6849	745
6850	918
6851	1122
6852	1020
6853	927
6854	1047
6855	943
6856	1001
6857	1047
6858	1006
6859	946
6860	1032
6861	914
6862	793
6863	985
6864	985
6865	1133
6866	986
6867	967
6868	1139
6869	1069
6870	1004
6871	945
6872	1038
6873	1026
6874	1072
6875	931
6876	1006
6877	1012
6878	935
6879	946
6880	1015
6881	825
6882	912
6883	866
6884	817
6885	795
6886	1190
6887	1081
6888	934
6889	1080
6890	1121
6891	1010
6892	1102
6893	1145
6894	1034
6895	939
6896	1009
6897	1040
6898	941
6899	1126
6900	900
6901	1018
6902	1011
6903	950
6904	1028
6905	942
6906	1186
6907	1056
6908	1111
6909	1202
6910	1014
6911	960
6912	959
6913	1001
6914	1000
6915	977
6916	1062
6917	1020
6918	1090
6919	1084
6920	895
6921	1060
6922	1205
6923	1091
6924	1105
6925	925
6926	1078
6927	885
6928	911
6929	1049
6930	942
6931	1079
6932	1078
6933	933
6934	1109
6935	977
6936	1044
6937	1076
6938	1151
6939	1146
6940	994
6941	1011
6942	959
6943	1100
6944	1040
6945	816
6946	1059
6947	1038
6948	1066
6949	1000
6950	1030
6951	1028
6952	1106
6953	959
6954	774
6955	1125
6956	1060
6957	1164
6958	1007
6959	974
6960	985
6961	909
6962	1026
6963	1049
6964	953
6965	1173
6966	1000
6967	997
6968	938
6969	927
6970	919
6971	1014
6972	941
6973	1009
6974	954
6975	1001
6976	1000
6977	833
6978	847
6979	1069
6980	1027
6981	1198
6982	974
6983	1039
6984	976
6985	870
6986	1078
6987	1098
6988	923
6989	950
6990	999
6991	1116
6992	1145
6993	889
6994	894
6995	898
6996	1022
6997	901
6998	951
6999	1038
7000	1036
7001	998
7002	1011
7003	1064
7004	826
7005	955
7006	1083
7007	1032
7008	1074
7009	825
7010	947
7011	862
7012	851
7013	899
7014	983
7015	887
7016	1046
7017	1025
7018	863
7019	932
7020	928
7021	1004
7022	890
7023	864
7024	831
7025	840
7026	972
7027	836
7028	1047
7029	747
7030	1047
7031	837
7032	919
7033	865
7034	760
7035	784
7036	789
7037	782
7038	773
7039	841
7040	956
7041	877
7042	890
7043	918
7044	790
7045	964
7046	879
7047	1058
7048	929
7049	905
7050	916
7051	843
7052	771
7053	874
7054	813
7055	847
7056	953
7057	916
7058	875
7059	840
7060	953
7061	1055
7062	1144
7063	756
7064	925
7065	919
7066	945
7067	964
7068	970
7069	989
7070	952
7071	1148
7072	930
7073	1080
7074	673
7075	833
7076	948
7077	950
7078	790
7079	956
7080	858
7081	848
7082	802
7083	829
7084	983
7085	920
7086	936
7087	1038
7088	905
7089	985
7090	932
7091	895
7092	1006
7093	885
7094	874
7095	892
7096	991
7097	866
7098	943
7099	942
7100	826
7101	1016
7102	838
7103	1038
7104	1111
7105	834
7106	897
7107	936
7108	851
7109	1019
7110	1064
7111	1003
7112	911
7113	776
7114	895
7115	830
7116	904
7117	950
7118	779
7119	974
7120	963
7121	877
7122	744
7123	923
7124	985
7125	791
7126	848
7127	916
7128	838
7129	965
7130	1044
7131	913
7132	735
7133	816
7134	984
7135	989
7136	911
7137	936
7138	1184
7139	1025
7140	1168
7141	1042
7142	920
7143	949
7144	1181
7145	973
7146	1066
7147	1019
7148	1100
7149	1026
7150	801
7151	981
7152	1097
7153	1090
7154	1017
7155	1042
7156	1052
7157	1065
7158	933
7159	1102
7160	1083
7161	1195
7162	1047
7163	974
7164	1099
7165	1102
7166	1113
7167	893
7168	810
7169	815
7170	962
7171	1063
7172	1060
7173	891
7174	957
7175	1062
7176	1083
7177	1111
7178	1083
7179	1118
7180	1191
7181	1064
7182	751
7183	994
7184	967
7185	933
7186	1055
7187	1032
7188	1075
7189	877
7190	1110
7191	885
7192	1006
7193	950
7194	997
7195	971
7196	1035
7197	960
7198	923
7199	1039
7200	1140
7201	1095
7202	920
7203	944
7204	876
7205	932
7206	952
7207	1214
7208	1103
7209	896
7210	1045
7211	1054
7212	1073
7213	861
7214	970
7215	1175
7216	1171
7217	907
7218	935
7219	963
7220	958
7221	1014
7222	892
7223	1027
7224	964
7225	836
7226	1048
7227	1084
7228	960
7229	1087
7230	952
7231	1011
7232	1004
7233	978
7234	880
7235	1120
7236	1146
7237	957
7238	1036
7239	1030
7240	1054
7241	900
7242	1060
7243	935
7244	892
7245	1061
7246	943
7247	986
7248	1049
7249	994
7250	920
7251	955
7252	810
7253	946
7254	943
7255	1006
7256	1059
7257	925
7258	900
7259	1066
7260	807
7261	1006
7262	1088
7263	1058
7264	885
7265	783
7266	911
7267	871
7268	918
7269	617
7270	834
7271	1033
7272	1050
7273	971
7274	970
7275	1022
7276	974
7277	1037
7278	1005
7279	936
7280	1003
7281	825
7282	877
7283	831
7284	726
7285	860
7286	846
7287	857
7288	908
7289	943
7290	1078
7291	945
7292	910
7293	864
7294	960
7295	873
7296	914
7297	986
7298	807
7299	895
7300	821
7301	827
7302	982
7303	755
7304	892
7305	863
7306	1018
7307	845
7308	913
7309	862
7310	778
7311	895
7312	1023
7313	799
7314	808
7315	869
7316	856
7317	944
7318	1110
7319	1052
7320	1063
7321	805
7322	994
7323	1067
7324	897
7325	872
7326	940
7327	860
7328	823
7329	801
7330	1003
7331	667
7332	923
7333	850
7334	942
7335	1009
7336	1133
7337	1000
7338	853
7339	793
7340	770
7341	1038
7342	914
7343	854
7344	986
7345	955
7346	794
7347	814
7348	843
7349	938
7350	857
7351	1033
7352	745
7353	917
7354	865
7355	802
7356	883
7357	840
7358	790
7359	823
7360	841
7361	759
7362	788
7363	779
7364	953
7365	895
7366	778
7367	736
7368	771
7369	889
7370	799
7371	793
7372	918
7373	783
7374	873
7375	755
7376	781
7377	828
7378	929
7379	737
7380	740
7381	882
7382	849
7383	729
7384	709
7385	732
7386	845
7387	801
7388	734
7389	731
7390	804
7391	744
7392	928
7393	709
7394	805
7395	914
7396	970
7397	894
7398	1026
7399	855
7400	957
7401	695
7402	912
7403	838
7404	800
7405	769
7406	858
7407	905
7408	796
7409	897
7410	862
7411	679
7412	796
7413	733
7414	819
7415	757
7416	781
7417	823
7418	986
7419	911
7420	799
7421	765
7422	680
7423	846
7424	852
7425	982
7426	794
7427	762
7428	718
7429	751
7430	658
7431	813
7432	736
7433	513
7434	763
7435	914
7436	993
7437	957
7438	608
7439	881
7440	866
7441	869
7442	857
7443	825
7444	883
7445	870
7446	904
7447	796
7448	805
7449	872
7450	869
7451	892
7452	1024
7453	763
7454	669
7455	683
7456	771
7457	839
7458	800
7459	831
7460	767
7461	732
7462	724
7463	830
7464	1063
7465	767
7466	888
7467	950
7468	725
7469	904
7470	818
7471	750
7472	890
7473	804
7474	823
7475	900
7476	786
7477	796
7478	758
7479	877
7480	841
7481	816
7482	723
7483	835
7484	769
7485	645
7486	768
7487	872
7488	705
7489	752
7490	774
7491	667
7492	616
7493	655
7494	774
7495	758
7496	707
7497	740
7498	907
7499	792
7500	721
7501	720
7502	835
7503	783
7504	764
7505	720
7506	984
7507	737
7508	858
7509	835
7510	650
7511	753
7512	866
7513	1103
7514	812
7515	778
7516	737
7517	882
7518	875
7519	922
7520	688
7521	744
7522	818
7523	837
7524	992
7525	837
7526	859
7527	785
7528	770
7529	807
7530	750
7531	796
7532	898
7533	820
7534	777
7535	828
7536	803
7537	658
7538	773
7539	814
7540	836
7541	735
7542	693
7543	773
7544	821
7545	819
7546	751
7547	644
7548	859
7549	842
7550	735
7551	869
7552	810
7553	704
7554	700
7555	863
7556	945
7557	714
7558	723
7559	867
7560	700
7561	833
7562	819
7563	881
7564	821
7565	813
7566	760
7567	787
7568	992
7569	946
7570	774
7571	943
7572	719
7573	709
7574	733
7575	774
7576	565
7577	751
7578	721
7579	913
7580	792
7581	769
7582	762
7583	678
7584	748
7585	870
7586	658
7587	840
7588	857
7589	1012
7590	645
7591	592
7592	812
7593	654
7594	721
7595	669
7596	728
7597	669
7598	871
7599	739
7600	699
7601	813
7602	853
7603	624
7604	745
7605	682
7606	725
7607	750
7608	923
7609	799
7610	796
7611	731
7612	798
7613	631
7614	620
7615	672
7616	768
7617	938
7618	723
7619	872
7620	795
7621	780
7622	738
7623	893
7624	786
7625	813
7626	812
7627	633
7628	745
7629	992
7630	930
7631	788
7632	829
7633	845
7634	846
7635	794
7636	788
7637	904
7638	827
7639	894
7640	768
7641	794
7642	740
7643	672
7644	939
7645	776
7646	805
7647	778
7648	646
7649	886
7650	759
7651	590
7652	798
7653	803
7654	629
7655	930
7656	618
7657	837
7658	812
7659	806
7660	666
7661	776
7662	629
7663	795
7664	658
7665	833
7666	737
7667	875
7668	836
7669	822
7670	657
7671	639
7672	838
7673	694
7674	890
7675	615
7676	739
7677	809
7678	808
7679	941
7680	759
7681	674
7682	687
7683	678
7684	694
7685	759
7686	637
7687	662
7688	801
7689	833
7690	733
7691	673
7692	801
7693	748
7694	865
7695	712
7696	676
7697	710
7698	738
7699	752
7700	835
7701	827
7702	735
7703	836
7704	823
7705	687
7706	707
7707	888
7708	835
7709	664
7710	932
7711	835
7712	657
7713	784
7714	785
7715	790
7716	668
7717	820
7718	757
7719	719
7720	777
7721	965
7722	860
7723	691
7724	860
7725	752
7726	876
7727	944
7728	828
7729	807
7730	840
7731	889
7732	835
7733	834
7734	744
7735	655
7736	690
7737	837
7738	642
7739	737
7740	812
7741	753
7742	816
7743	833
7744	909
7745	639
7746	678
7747	836
7748	891
7749	664
7750	780
7751	691
7752	882
7753	721
7754	751
7755	646
7756	975
7757	687
7758	731
7759	777
7760	897
7761	659
7762	837
7763	940
7764	719
7765	749
7766	747
7767	878
7768	733
7769	798
7770	768
7771	932
7772	988
7773	800
7774	914
7775	861
7776	685
7777	698
7778	799
7779	776
7780	738
7781	691
7782	815
7783	938
7784	627
7785	695
7786	907
7787	820
7788	799
7789	901
7790	870
7791	580
7792	824
7793	812
7794	812
7795	779
7796	888
7797	881
7798	816
7799	860
7800	856
7801	926
7802	812
7803	646
7804	797
7805	874
7806	794
7807	825
7808	838
7809	943
7810	904
7811	942
7812	863
7813	774
7814	738
7815	636
7816	831
7817	863
7818	735
7819	729
7820	874
7821	916
7822	897
7823	772
7824	849
7825	788
7826	822
7827	804
7828	906
7829	806
7830	919
7831	702
7832	845
7833	857
7834	895
7835	719
7836	812
7837	741
7838	912
7839	894
7840	768
7841	750
7842	774
7843	812
7844	849
7845	691
7846	841
7847	921
7848	793
7849	780
7850	777
7851	907
7852	798
7853	973
7854	812
7855	856
7856	879
7857	816
7858	939
7859	896
7860	854
7861	807
7862	848
7863	949
7864	978
7865	940
7866	986
7867	770
7868	810
7869	879
7870	711
7871	687
7872	779
7873	848
7874	756
7875	842
7876	810
7877	720
7878	782
7879	911
7880	880
7881	846
7882	788
7883	924
7884	957
7885	884
7886	867
7887	836
7888	893
7889	841
7890	812
7891	812
7892	837
7893	829
7894	989
7895	1052
7896	958
7897	788
7898	811
7899	804
7900	854
7901	824
7902	765
7903	662
7904	947
7905	843
7906	768
7907	942
7908	816
7909	886
7910	800
7911	916
7912	1002
7913	707
7914	952
7915	827
7916	833
7917	875
7918	1168
7919	1038
7920	1015
7921	1246
7922	1084
7923	965
7924	1004
7925	1020
7926	766
7927	960
7928	893
7929	829
7930	970
7931	929
7932	941
7933	977
7934	874
7935	1030
7936	1309
7937	983
7938	1050
7939	945
7940	891
7941	890
7942	684
7943	884
7944	1032
7945	956
7946	869
7947	933
7948	873
7949	872
7950	917
7951	812
7952	914
7953	746
7954	847
7955	1031
7956	854
7957	868
7958	940
7959	914
7960	991
7961	1073
7962	979
7963	853
7964	1040
7965	903
7966	869
7967	1074
7968	864
7969	992
7970	943
7971	834
7972	879
7973	673
7974	824
7975	953
7976	925
7977	780
7978	971
7979	642
7980	788
7981	780
7982	771
7983	831
7984	818
7985	813
7986	794
7987	693
7988	779
7989	735
7990	874
7991	800
7992	810
7993	805
7994	900
7995	763
7996	827
7997	796
7998	849
7999	912
8000	692
8001	832
8002	784
8003	749
8004	700
8005	835
8006	720
8007	878
8008	607
8009	938
8010	710
8011	838
8012	827
8013	805
8014	891
8015	864
8016	800
8017	998
8018	950
8019	944
8020	1003
8021	976
8022	753
8023	809
8024	876
8025	726
8026	808
8027	729
8028	765
8029	555
8030	707
8031	853
8032	844
8033	789
8034	710
8035	679
8036	784
8037	819
8038	949
8039	858
8040	677
8041	732
8042	729
8043	803
8044	813
8045	877
8046	988
8047	893
8048	781
8049	931
8050	795
8051	903
8052	854
8053	899
8054	806
8055	795
8056	908
8057	816
8058	706
8059	1014
8060	734
8061	943
8062	842
8063	965
8064	1011
8065	1075
8066	955
8067	798
8068	897
8069	948
8070	985
8071	801
8072	682
8073	609
8074	790
8075	809
8076	851
8077	961
8078	914
8079	781
8080	949
8081	889
8082	828
8083	837
8084	839
8085	639
8086	801
8087	1086
8088	790
8089	811
8090	834
8091	872
8092	876
8093	875
8094	843
8095	821
8096	827
8097	813
8098	964
8099	996
8100	855
8101	757
8102	895
8103	870
8104	803
8105	737
8106	868
8107	899
8108	893
8109	818
8110	854
8111	775
8112	990
8113	939
8114	751
8115	1003
8116	868
8117	681
8118	843
8119	947
8120	896
8121	918
8122	906
8123	885
8124	729
8125	978
8126	700
8127	952
8128	911
8129	819
8130	751
8131	899
8132	996
8133	771
8134	700
8135	950
8136	974
8137	872
8138	833
8139	925
8140	931
8141	927
8142	775
8143	912
8144	829
8145	1068
8146	747
8147	892
8148	560
8149	878
8150	871
8151	855
8152	1124
8153	980
8154	662
8155	878
8156	842
8157	886
8158	857
8159	833
8160	779
8161	762
8162	756
8163	783
8164	945
8165	770
8166	1020
8167	762
8168	913
8169	759
8170	768
8171	942
8172	807
8173	782
8174	686
8175	553
8176	628
8177	793
8178	758
8179	934
8180	828
8181	914
8182	537
8183	746
8184	694
8185	731
8186	748
8187	1023
8188	713
8189	645
8190	877
8191	866
8192	797
8193	927
8194	776
8195	711
8196	798
8197	703
8198	807
8199	599
8200	753
8201	718
8202	680
8203	677
8204	758
8205	977
8206	848
8207	773
8208	660
8209	795
8210	923
8211	690
8212	611
8213	706
8214	623
8215	773
8216	817
8217	678
8218	773
8219	789
8220	654
8221	810
8222	709
8223	655
8224	874
8225	698
8226	686
8227	866
8228	838
8229	699
8230	711
8231	732
8232	781
8233	690
8234	904
8235	746
8236	726
8237	715
8238	845
8239	846
8240	546
8241	868
8242	733
8243	787
8244	664
8245	765
8246	816
8247	625
8248	661
8249	577
8250	858
8251	811
8252	681
8253	701
8254	604
8255	835
8256	707
8257	736
8258	633
8259	732
8260	651
8261	724
8262	715
8263	924
8264	585
8265	607
8266	672
8267	671
8268	761
8269	700
8270	607
8271	706
8272	745
8273	610
8274	817
8275	722
8276	686
8277	825
8278	891
8279	743
8280	585
8281	612
8282	697
8283	729
8284	824
8285	830
8286	662
8287	860
8288	664
8289	805
8290	683
8291	700
8292	607
8293	651
8294	683
8295	784
8296	721
8297	791
8298	635
8299	746
8300	625
8301	782
8302	829
8303	694
8304	686
8305	804
8306	759
8307	715
8308	714
8309	802
8310	903
8311	658
8312	732
8313	841
8314	804
8315	720
8316	749
8317	706
8318	639
8319	797
8320	799
8321	638
8322	683
8323	797
8324	745
8325	657
8326	658
8327	736
8328	731
8329	843
8330	656
8331	757
8332	627
8333	687
8334	646
8335	786
8336	750
8337	692
8338	680
8339	603
8340	815
8341	787
8342	776
8343	698
8344	715
8345	693
8346	744
8347	836
8348	611
8349	678
8350	681
8351	654
8352	726
8353	602
8354	664
8355	713
8356	675
8357	696
8358	825
8359	754
8360	729
8361	828
8362	629
8363	630
8364	703
8365	704
8366	856
8367	778
8368	871
8369	557
8370	774
8371	645
8372	704
8373	773
8374	1059
8375	510
8376	725
8377	759
8378	607
8379	708
8380	659
8381	634
8382	726
8383	729
8384	697
8385	624
8386	639
8387	882
8388	849
8389	670
8390	573
8391	672
8392	719
8393	730
8394	648
8395	586
8396	649
8397	583
8398	700
8399	590
8400	708
8401	641
8402	663
8403	733
8404	671
8405	653
8406	755
8407	741
8408	710
8409	654
8410	922
8411	797
8412	720
8413	817
8414	738
8415	604
8416	556
8417	561
8418	826
8419	648
8420	880
8421	557
8422	753
8423	566
8424	659
8425	812
8426	711
8427	793
8428	705
8429	635
8430	552
8431	708
8432	646
8433	756
8434	643
8435	675
8436	514
8437	521
8438	657
8439	628
8440	578
8441	560
8442	711
8443	716
8444	720
8445	564
8446	689
8447	739
8448	486
8449	656
8450	657
8451	654
8452	562
8453	616
8454	780
8455	695
8456	631
8457	607
8458	572
8459	544
8460	585
8461	513
8462	599
8463	493
8464	768
8465	583
8466	588
8467	552
8468	526
8469	586
8470	660
8471	553
8472	715
8473	610
8474	658
8475	596
8476	656
8477	601
8478	458
8479	684
8480	696
8481	649
8482	718
8483	600
8484	579
8485	549
8486	585
8487	561
8488	569
8489	675
8490	735
8491	579
8492	660
8493	631
8494	694
8495	726
8496	391
8497	651
8498	764
8499	659
8500	611
8501	641
8502	530
8503	655
8504	629
8505	634
8506	671
8507	390
8508	615
8509	523
8510	641
8511	516
8512	570
8513	592
8514	542
8515	587
8516	690
8517	613
8518	499
8519	610
8520	636
8521	660
8522	525
8523	582
8524	566
8525	664
8526	740
8527	566
8528	533
8529	555
8530	518
8531	656
8532	656
8533	575
8534	748
8535	618
8536	510
8537	743
8538	606
8539	669
8540	552
8541	566
8542	638
8543	636
8544	668
8545	483
8546	526
8547	565
8548	575
8549	551
8550	612
8551	589
8552	423
8553	533
8554	657
8555	687
8556	491
8557	612
8558	696
8559	618
8560	677
8561	712
8562	694
8563	585
8564	638
8565	623
8566	549
8567	545
8568	547
8569	656
8570	661
8571	617
8572	508
8573	748
8574	679
8575	658
8576	525
8577	706
8578	850
8579	701
8580	678
8581	574
8582	576
8583	589
8584	528
8585	625
8586	592
8587	727
8588	552
8589	578
8590	459
8591	769
8592	464
8593	600
8594	656
8595	496
8596	632
8597	651
8598	643
8599	564
8600	629
8601	600
8602	491
8603	569
8604	583
8605	658
8606	681
8607	571
8608	652
8609	750
8610	520
8611	657
8612	666
8613	584
8614	668
8615	699
8616	678
8617	650
8618	698
8619	484
8620	633
8621	654
8622	518
8623	463
8624	509
8625	659
8626	569
8627	556
8628	555
8629	608
8630	569
8631	618
8632	572
8633	675
8634	622
8635	639
8636	629
8637	608
8638	605
8639	596
8640	575
8641	653
8642	656
8643	593
8644	622
8645	645
8646	552
8647	482
8648	591
8649	583
8650	629
8651	541
8652	576
8653	620
8654	644
8655	658
8656	604
8657	486
8658	539
8659	671
8660	587
8661	648
8662	562
8663	509
8664	666
8665	602
8666	609
8667	758
8668	620
8669	638
8670	532
8671	520
8672	623
8673	687
8674	552
8675	629
8676	660
8677	615
8678	645
8679	559
8680	582
8681	592
8682	649
8683	516
8684	539
8685	494
8686	481
8687	716
8688	470
8689	498
8690	526
8691	540
8692	643
8693	545
8694	533
8695	525
8696	577
8697	657
8698	579
8699	645
8700	628
8701	728
8702	646
8703	615
8704	532
8705	618
8706	590
8707	775
8708	550
8709	694
8710	709
8711	614
8712	706
8713	521
8714	709
8715	605
8716	710
8717	658
8718	560
8719	658
8720	719
8721	705
8722	543
8723	636
8724	665
8725	621
8726	600
8727	755
8728	579
8729	556
8730	466
8731	692
8732	635
8733	613
8734	559
8735	577
8736	618
8737	729
8738	644
8739	541
8740	494
8741	624
8742	550
8743	507
8744	631
8745	651
8746	652
8747	673
8748	669
8749	631
8750	560
8751	570
8752	622
8753	660
8754	751
8755	753
8756	650
8757	699
8758	662
8759	533
8760	635
8761	653
8762	506
8763	489
8764	595
8765	718
8766	610
8767	704
8768	513
8769	571
8770	603
8771	628
8772	690
8773	700
8774	651
8775	496
8776	701
8777	630
8778	675
8779	543
8780	575
8781	688
8782	674
8783	575
8784	564
8785	720
8786	733
8787	519
8788	541
8789	551
8790	636
8791	664
8792	560
8793	551
8794	614
8795	774
8796	561
8797	763
8798	748
8799	690
8800	509
8801	545
8802	509
8803	577
8804	633
8805	543
8806	602
8807	533
8808	624
8809	553
8810	673
8811	590
8812	805
8813	724
8814	897
8815	777
8816	552
8817	580
8818	724
8819	662
8820	539
8821	761
8822	646
8823	585
8824	625
8825	673
8826	660
8827	802
8828	603
8829	709
8830	638
8831	662
8832	600
8833	540
8834	600
8835	796
8836	744
8837	495
8838	637
8839	561
8840	644
8841	598
8842	467
8843	591
8844	696
8845	798
8846	707
8847	602
8848	717
8849	529
8850	603
8851	618
8852	711
8853	641
8854	547
8855	717
8856	662
8857	616
8858	673
8859	661
8860	658
8861	660
8862	702
8863	569
8864	644
8865	642
8866	621
8867	571
8868	614
8869	629
8870	696
8871	791
8872	590
8873	786
8874	798
8875	725
8876	516
8877	633
8878	563
8879	597
8880	613
8881	671
8882	513
8883	636
8884	671
8885	588
8886	646
8887	563
8888	732
8889	528
8890	674
8891	494
8892	650
8893	574
8894	609
8895	686
8896	463
8897	628
8898	458
8899	533
8900	434
8901	526
8902	590
8903	582
8904	448
8905	558
8906	606
8907	528
8908	625
8909	679
8910	635
8911	523
8912	602
8913	586
8914	585
8915	615
8916	509
8917	524
8918	666
8919	663
8920	596
8921	583
8922	492
8923	694
8924	598
8925	578
8926	619
8927	551
8928	642
8929	632
8930	512
8931	609
8932	447
8933	593
8934	536
8935	563
8936	578
8937	557
8938	563
8939	524
8940	596
8941	645
8942	637
8943	582
8944	572
8945	586
8946	553
8947	567
8948	627
8949	503
8950	562
8951	495
8952	553
8953	555
8954	669
8955	558
8956	785
8957	527
8958	563
8959	515
8960	526
8961	599
8962	555
8963	531
8964	561
8965	492
8966	525
8967	584
8968	605
8969	637
8970	562
8971	505
8972	489
8973	620
8974	534
8975	679
8976	585
8977	504
8978	477
8979	573
8980	468
8981	534
8982	470
8983	551
8984	571
8985	603
8986	605
8987	415
8988	576
8989	642
8990	435
8991	661
8992	570
8993	493
8994	686
8995	615
8996	623
8997	507
8998	559
8999	416
9000	582
9001	537
9002	465
9003	590
9004	539
9005	606
9006	566
9007	566
9008	453
9009	588
9010	604
9011	550
9012	620
9013	480
9014	556
9015	585
9016	628
9017	622
9018	553
9019	495
9020	561
9021	471
9022	560
9023	619
9024	574
9025	506
9026	534
9027	553
9028	527
9029	521
9030	587
9031	481
9032	483
9033	536
9034	452
9035	526
9036	650
9037	511
9038	547
9039	601
9040	615
9041	571
9042	666
9043	514
9044	482
9045	494
9046	631
9047	399
9048	533
9049	505
9050	593
9051	547
9052	462
9053	691
9054	535
9055	437
9056	593
9057	585
9058	763
9059	566
9060	632
9061	498
9062	508
9063	576
9064	669
9065	635
9066	412
9067	521
9068	423
9069	472
9070	468
9071	506
9072	566
9073	475
9074	566
9075	612
9076	681
9077	477
9078	516
9079	534
9080	640
9081	629
9082	631
9083	593
9084	521
9085	687
9086	631
9087	483
9088	453
9089	610
9090	528
9091	511
9092	560
9093	597
9094	523
9095	504
9096	648
9097	573
9098	414
9099	517
9100	573
9101	500
9102	493
9103	525
9104	512
9105	616
9106	580
9107	535
9108	504
9109	589
9110	600
9111	494
9112	469
9113	647
9114	525
9115	590
9116	429
9117	624
9118	696
9119	539
9120	496
9121	461
9122	588
9123	582
9124	666
9125	564
9126	612
9127	637
9128	464
9129	633
9130	628
9131	513
9132	595
9133	519
9134	684
9135	699
9136	563
9137	542
9138	627
9139	511
9140	690
9141	573
9142	614
9143	501
9144	513
9145	473
9146	504
9147	556
9148	632
9149	523
9150	541
9151	671
9152	637
9153	535
9154	514
9155	524
9156	717
9157	633
9158	445
9159	528
9160	521
9161	486
9162	543
9163	515
9164	426
9165	582
9166	624
9167	489
9168	536
9169	615
9170	512
9171	658
9172	498
9173	625
9174	661
9175	527
9176	589
9177	468
9178	460
9179	509
9180	502
9181	572
9182	435
9183	477
9184	642
9185	517
9186	529
9187	532
9188	644
9189	682
9190	511
9191	471
9192	403
9193	537
9194	504
9195	633
9196	642
9197	539
9198	709
9199	607
9200	529
9201	510
9202	533
9203	592
9204	547
9205	523
9206	621
9207	484
9208	658
9209	540
9210	629
9211	468
9212	402
9213	532
9214	590
9215	543
9216	629
9217	550
9218	510
9219	626
9220	540
9221	618
9222	502
9223	597
9224	646
9225	528
9226	482
9227	469
9228	602
9229	628
9230	529
9231	593
9232	649
9233	534
9234	575
9235	562
9236	648
9237	517
9238	611
9239	744
9240	653
9241	672
9242	517
9243	637
9244	650
9245	727
9246	498
9247	531
9248	583
9249	583
9250	696
9251	472
9252	580
9253	566
9254	583
9255	599
9256	611
9257	643
9258	611
9259	424
9260	490
9261	482
9262	670
9263	664
9264	475
9265	543
9266	538
9267	566
9268	777
9269	636
9270	688
9271	547
9272	762
9273	587
9274	692
9275	669
9276	656
9277	558
9278	555
9279	564
9280	615
9281	689
9282	572
9283	696
9284	523
9285	514
9286	519
9287	376
9288	610
9289	640
9290	551
9291	652
9292	636
9293	405
9294	529
9295	524
9296	508
9297	652
9298	598
9299	655
9300	509
9301	564
9302	579
9303	638
9304	450
9305	644
9306	523
9307	660
9308	561
9309	436
9310	610
9311	441
9312	487
9313	646
9314	617
9315	539
9316	618
9317	780
9318	682
9319	543
9320	626
9321	664
9322	635
9323	564
9324	467
9325	575
9326	537
9327	511
9328	574
9329	441
9330	542
9331	640
9332	532
9333	548
9334	585
9335	579
9336	548
9337	560
9338	522
9339	570
9340	492
9341	457
9342	513
9343	538
9344	524
9345	493
9346	497
9347	483
9348	503
9349	507
9350	477
9351	577
9352	648
9353	504
9354	459
9355	434
9356	448
9357	559
9358	631
9359	622
9360	576
9361	550
9362	559
9363	484
9364	558
9365	548
9366	401
9367	526
9368	423
9369	551
9370	545
9371	568
9372	461
9373	484
9374	417
9375	444
9376	502
9377	476
9378	471
9379	601
9380	535
9381	592
9382	545
9383	594
9384	562
9385	494
9386	563
9387	487
9388	495
9389	476
9390	440
9391	552
9392	529
9393	593
9394	531
9395	469
9396	421
9397	376
9398	520
9399	384
9400	455
9401	512
9402	490
9403	486
9404	510
9405	483
9406	447
9407	521
9408	586
9409	560
9410	547
9411	486
9412	564
9413	526
9414	513
9415	491
9416	574
9417	452
9418	571
9419	507
9420	493
9421	556
9422	488
9423	466
9424	617
9425	553
9426	554
9427	531
9428	471
9429	555
9430	452
9431	531
9432	473
9433	457
9434	513
9435	370
9436	432
9437	509
9438	480
9439	438
9440	546
9441	417
9442	637
9443	468
9444	573
9445	543
9446	523
9447	661
9448	614
9449	526
9450	587
9451	475
9452	681
9453	519
9454	450
9455	652
9456	586
9457	459
9458	539
9459	494
9460	447
9461	532
9462	653
9463	468
9464	607
9465	480
9466	480
9467	538
9468	477
9469	563
9470	632
9471	446
9472	484
9473	563
9474	616
9475	460
9476	566
9477	630
9478	663
9479	531
9480	433
9481	547
9482	495
9483	524
9484	462
9485	529
9486	631
9487	439
9488	554
9489	462
9490	557
9491	522
9492	510
9493	491
9494	518
9495	685
9496	647
9497	589
9498	573
9499	489
9500	529
9501	454
9502	688
9503	490
9504	573
9505	518
9506	538
9507	634
9508	522
9509	602
9510	468
9511	560
9512	484
9513	580
9514	523
9515	577
9516	530
9517	491
9518	569
9519	429
9520	520
9521	461
9522	652
9523	700
9524	576
9525	561
9526	364
9527	428
9528	531
9529	595
9530	601
9531	532
9532	501
9533	528
9534	589
9535	526
9536	566
9537	537
9538	456
9539	489
9540	505
9541	633
9542	511
9543	517
9544	564
9545	581
9546	429
9547	410
9548	449
9549	482
9550	557
9551	478
9552	502
9553	495
9554	532
9555	566
9556	499
9557	423
9558	594
9559	560
9560	561
9561	555
9562	585
9563	678
9564	489
9565	678
9566	484
9567	509
9568	581
9569	587
9570	527
9571	599
9572	501
9573	385
9574	391
9575	491
9576	600
9577	511
9578	485
9579	447
9580	564
9581	685
9582	564
9583	486
9584	506
9585	489
9586	516
9587	485
9588	468
9589	515
9590	619
9591	567
9592	617
9593	489
9594	531
9595	499
9596	463
9597	596
9598	580
9599	481
9600	491
9601	595
9602	558
9603	548
9604	540
9605	564
9606	555
9607	602
9608	544
9609	615
9610	557
9611	592
9612	469
9613	496
9614	587
9615	368
9616	539
9617	613
9618	608
9619	557
9620	595
9621	469
9622	632
9623	617
9624	597
9625	683
9626	555
9627	549
9628	621
9629	573
9630	1022
9631	629
9632	879
9633	605
9634	604
9635	501
9636	610
9637	739
9638	634
9639	642
9640	654
9641	574
9642	688
9643	509
9644	459
9645	582
9646	424
9647	439
9648	653
9649	586
9650	620
9651	651
9652	531
9653	574
9654	462
9655	531
9656	608
9657	613
9658	673
9659	498
9660	593
9661	448
9662	420
9663	632
9664	637
9665	543
9666	516
9667	422
9668	568
9669	666
9670	417
9671	676
9672	501
9673	665
9674	593
9675	643
9676	654
9677	452
9678	491
9679	608
9680	563
9681	707
9682	450
9683	498
9684	524
9685	478
9686	573
9687	579
9688	686
9689	689
9690	606
9691	662
9692	637
9693	711
9694	604
9695	670
9696	627
9697	462
9698	601
9699	615
9700	494
9701	519
9702	385
9703	604
9704	570
9705	462
9706	609
9707	590
9708	703
9709	622
9710	473
9711	638
9712	598
9713	475
9714	550
9715	490
9716	580
9717	575
9718	512
9719	738
9720	539
9721	761
9722	661
9723	482
9724	456
9725	513
9726	453
9727	472
9728	446
9729	512
9730	567
9731	547
9732	639
9733	528
9734	485
9735	515
9736	521
9737	532
9738	556
9739	487
9740	477
9741	460
9742	571
9743	514
9744	538
9745	587
9746	503
9747	553
9748	651
9749	500
9750	489
9751	595
9752	524
9753	569
9754	578
9755	510
9756	547
9757	480
9758	637
9759	483
9760	487
9761	469
9762	598
9763	380
9764	536
9765	701
9766	698
9767	585
9768	329
9769	677
9770	580
9771	539
9772	452
9773	612
9774	544
9775	579
9776	584
9777	673
9778	530
9779	543
9780	558
9781	493
9782	586
9783	552
9784	592
9785	533
9786	652
9787	616
9788	577
9789	478
9790	681
9791	448
9792	539
9793	503
9794	507
9795	652
9796	613
9797	500
9798	538
9799	409
9800	558
9801	614
9802	670
9803	710
9804	652
9805	623
9806	585
9807	556
9808	633
9809	680
9810	657
9811	592
9812	791
9813	610
9814	884
9815	709
9816	858
9817	795
9818	652
9819	511
9820	654
9821	622
9822	640
9823	476
9824	674
9825	524
9826	489
9827	620
9828	478
9829	730
9830	516
9831	525
9832	649
9833	471
9834	656
9835	509
9836	631
9837	543
9838	459
9839	461
9840	616
9841	554
9842	553
9843	550
9844	581
9845	699
9846	715
9847	510
9848	517
9849	525
9850	572
9851	541
9852	545
9853	553
9854	540
9855	705
9856	506
9857	659
9858	719
9859	581
9860	543
9861	627
9862	654
9863	524
9864	620
9865	633
9866	662
9867	564
9868	537
9869	823
9870	690
9871	626
9872	690
9873	477
9874	676
9875	570
9876	665
9877	599
9878	455
9879	583
9880	451
9881	771
9882	566
9883	554
9884	581
9885	546
9886	599
9887	618
9888	605
9889	722
9890	749
9891	619
9892	765
9893	620
9894	692
9895	567
9896	705
9897	499
9898	635
9899	684
9900	558
9901	629
9902	684
9903	769
9904	594
9905	525
9906	694
9907	856
9908	702
9909	825
9910	770
9911	546
9912	631
9913	632
9914	723
9915	510
9916	689
9917	668
9918	569
9919	564
9920	546
9921	658
9922	567
9923	598
9924	576
9925	550
9926	589
9927	679
9928	706
9929	612
9930	645
9931	756
9932	665
9933	737
9934	661
9935	650
9936	632
9937	782
9938	652
9939	627
9940	579
9941	662
9942	551
9943	551
9944	717
9945	591
9946	606
9947	575
9948	644
9949	560
9950	493
9951	617
9952	590
9953	591
9954	658
9955	588
9956	799
9957	630
9958	683
9959	646
9960	714
9961	636
9962	658
9963	428
9964	585
9965	535
9966	585
9967	520
9968	618
9969	484
9970	592
9971	515
9972	553
9973	576
9974	600
9975	621
9976	747
9977	622
9978	475
9979	630
9980	564
9981	585
9982	576
9983	572
9984	604
9985	651
9986	519
9987	483
9988	603
9989	612
9990	578
9991	667
9992	603
9993	550
9994	556
9995	510
9996	469
9997	556
9998	620
9999	574
10000	419
10001	537
10002	517
10003	712
10004	498
10005	511
10006	588
10007	596
10008	476
10009	671
10010	595
10011	463
10012	512
10013	487
10014	505
10015	550
10016	502
10017	454
10018	524
10019	506
10020	655
10021	496
10022	539
10023	567
10024	525
10025	477
10026	446
10027	466
10028	445
10029	508
10030	484
10031	431
10032	480
10033	516
10034	447
10035	470
10036	434
10037	503
10038	508
10039	505
10040	501
10041	399
10042	554
10043	436
10044	580
10045	626
10046	592
10047	467
10048	437
10049	566
10050	538
10051	503
10052	614
10053	511
10054	553
10055	460
10056	498
10057	464
10058	526
10059	410
10060	508
10061	495
10062	464
10063	451
10064	386
10065	446
10066	616
10067	432
10068	406
10069	468
10070	466
10071	566
10072	480
10073	522
10074	536
10075	623
10076	488
10077	498
10078	622
10079	568
10080	606
10081	675
10082	595
10083	539
10084	715
10085	560
10086	471
10087	530
10088	604
10089	498
10090	610
10091	531
10092	617
10093	487
10094	704
10095	516
10096	511
10097	626
10098	658
10099	635
10100	511
10101	623
10102	531
10103	639
10104	511
10105	480
10106	507
10107	435
10108	436
10109	518
10110	568
10111	531
10112	732
10113	497
10114	591
10115	584
10116	444
10117	679
10118	551
10119	608
10120	514
10121	595
10122	570
10123	607
10124	692
10125	405
10126	611
10127	467
10128	541
10129	608
10130	628
10131	562
10132	475
10133	458
10134	598
10135	354
10136	479
10137	575
10138	498
10139	513
10140	471
10141	495
10142	427
10143	620
10144	501
10145	498
10146	572
10147	598
10148	758
10149	600
10150	771
10151	715
10152	597
10153	548
10154	559
10155	547
10156	633
10157	551
10158	479
10159	635
10160	510
10161	490
10162	588
10163	614
10164	496
10165	585
10166	534
10167	630
10168	548
10169	668
10170	459
10171	604
10172	471
10173	551
10174	421
10175	562
10176	574
10177	669
10178	661
10179	611
10180	647
10181	467
10182	663
10183	649
10184	597
10185	739
10186	627
10187	566
10188	627
10189	580
10190	515
10191	637
10192	568
10193	635
10194	566
10195	502
10196	698
10197	536
10198	653
10199	700
10200	543
10201	747
10202	613
10203	487
10204	602
10205	467
10206	662
10207	578
10208	741
10209	542
10210	558
10211	503
10212	745
10213	628
10214	656
10215	678
10216	546
10217	538
10218	596
10219	497
10220	658
10221	576
10222	593
10223	577
10224	667
10225	536
10226	462
10227	568
10228	629
10229	729
10230	531
10231	528
10232	674
10233	573
10234	634
10235	591
10236	671
10237	777
10238	691
10239	613
10240	719
10241	667
10242	574
10243	673
10244	514
10245	617
10246	541
10247	690
10248	417
10249	670
10250	602
10251	412
10252	612
10253	595
10254	643
10255	558
10256	602
10257	629
10258	635
10259	611
10260	521
10261	604
10262	615
10263	596
10264	466
10265	387
10266	583
10267	509
10268	657
10269	507
10270	781
10271	530
10272	502
10273	524
10274	636
10275	617
10276	616
10277	632
10278	549
10279	549
10280	580
10281	726
10282	526
10283	513
10284	644
10285	449
10286	571
10287	559
10288	586
10289	548
10290	535
10291	680
10292	619
10293	515
10294	543
10295	437
10296	433
10297	520
10298	439
10299	554
10300	666
10301	495
10302	499
10303	361
10304	551
10305	483
10306	445
10307	458
10308	511
10309	510
10310	649
10311	565
10312	538
10313	521
10314	399
10315	372
10316	680
10317	454
10318	632
10319	699
10320	400
10321	516
10322	454
10323	615
10324	529
10325	515
10326	534
10327	473
10328	478
10329	466
10330	598
10331	496
10332	523
10333	568
10334	435
10335	602
10336	618
10337	514
10338	427
10339	529
10340	528
10341	549
10342	598
10343	515
10344	597
10345	572
10346	535
10347	466
10348	600
10349	458
10350	607
10351	550
10352	513
10353	535
10354	618
10355	497
10356	421
10357	506
10358	422
10359	561
10360	443
10361	449
10362	549
10363	546
10364	485
10365	570
10366	432
10367	476
10368	562
10369	445
10370	420
10371	432
10372	574
10373	527
10374	504
10375	562
10376	419
10377	408
10378	425
10379	466
10380	431
10381	417
10382	419
10383	539
10384	415
10385	479
10386	616
10387	443
10388	411
10389	502
10390	438
10391	697
10392	522
10393	470
10394	450
10395	336
10396	586
10397	489
10398	505
10399	548
10400	378
10401	440
10402	603
10403	477
10404	423
10405	415
10406	603
10407	549
10408	333
10409	345
10410	602
10411	414
10412	474
10413	522
10414	473
10415	514
10416	424
10417	511
10418	669
10419	477
10420	477
10421	405
10422	427
10423	373
10424	549
10425	373
10426	556
10427	370
10428	367
10429	382
10430	476
10431	415
10432	537
10433	323
10434	503
10435	460
10436	386
10437	471
10438	393
10439	421
10440	488
10441	479
10442	395
10443	378
10444	417
10445	499
10446	444
10447	456
10448	359
10449	386
10450	430
10451	530
10452	396
10453	498
10454	369
10455	470
10456	478
10457	574
10458	433
10459	523
10460	474
10461	404
10462	455
10463	493
10464	335
10465	407
10466	370
10467	400
10468	483
10469	450
10470	455
10471	403
10472	367
10473	431
10474	408
10475	406
10476	485
10477	625
10478	298
10479	410
10480	435
10481	512
10482	388
10483	456
10484	491
10485	452
10486	434
10487	409
10488	474
10489	456
10490	418
10491	455
10492	334
10493	484
10494	418
10495	312
10496	389
10497	431
10498	449
10499	403
10500	459
10501	394
10502	391
10503	494
10504	361
10505	345
10506	474
10507	401
10508	410
10509	511
10510	371
10511	372
10512	442
10513	390
10514	400
10515	540
10516	495
10517	437
10518	525
10519	402
10520	558
10521	496
10522	545
10523	559
10524	498
10525	486
10526	389
10527	351
10528	457
10529	300
10530	408
10531	413
10532	453
10533	424
10534	492
10535	410
10536	468
10537	535

