method	query_id	query_name	category	query_family	cohort	marker_source_class	evidence_class	contrast	direction	gene_count	gene_list_path	background_name	background_count	background_path	background_strategy	source_marker_table	ranked_genes_path	ordered	custom_background_available	skip	skipped_reason	minimum_query_size
ranked_marker_source_pan_cancer_panel	ranked_marker_source_panel__final_panel_all	ranked_marker_source_panel__final_panel_all	final_panel	final_panel	ALL	NA	NA	NA	ALL	379	results/unsupervised/pan_cancer/enrichment/ranked_marker_source_panel/query_genes/ranked_marker_source_panel__final_panel_all.tsv	ranked_marker_source_panel__eligible_marker_selection_universe	1346	results/unsupervised/pan_cancer/enrichment/ranked_marker_source_panel/backgrounds/ranked_marker_source_panel__eligible_marker_selection_universe.tsv	active eligible marker-selection universe	NA	results/unsupervised/pan_cancer/enrichment/ranked_marker_source_panel/query_genes/ranked_marker_source_panel__final_panel_all_ranked.tsv	FALSE	TRUE	FALSE	NA	3
ranked_marker_source_pan_cancer_panel	ranked_marker_source_panel__cohort_owner_brca	ranked_marker_source_panel__cohort_owner_brca	cohort_owner	cohort_owner	BRCA	NA	NA	NA	ALL	221	results/unsupervised/pan_cancer/enrichment/ranked_marker_source_panel/query_genes/ranked_marker_source_panel__cohort_owner_brca.tsv	ranked_marker_source_panel__eligible_marker_selection_universe	1346	results/unsupervised/pan_cancer/enrichment/ranked_marker_source_panel/backgrounds/ranked_marker_source_panel__eligible_marker_selection_universe.tsv	active eligible marker-selection universe	NA	results/unsupervised/pan_cancer/enrichment/ranked_marker_source_panel/query_genes/ranked_marker_source_panel__cohort_owner_brca_ranked.tsv	FALSE	TRUE	FALSE	NA	3
ranked_marker_source_pan_cancer_panel	ranked_marker_source_panel__cohort_owner_nbl	ranked_marker_source_panel__cohort_owner_nbl	cohort_owner	cohort_owner	NBL	NA	NA	NA	ALL	99	results/unsupervised/pan_cancer/enrichment/ranked_marker_source_panel/query_genes/ranked_marker_source_panel__cohort_owner_nbl.tsv	ranked_marker_source_panel__eligible_marker_selection_universe	1346	results/unsupervised/pan_cancer/enrichment/ranked_marker_source_panel/backgrounds/ranked_marker_source_panel__eligible_marker_selection_universe.tsv	active eligible marker-selection universe	NA	results/unsupervised/pan_cancer/enrichment/ranked_marker_source_panel/query_genes/ranked_marker_source_panel__cohort_owner_nbl_ranked.tsv	FALSE	TRUE	FALSE	NA	3
ranked_marker_source_pan_cancer_panel	ranked_marker_source_panel__cohort_owner_rbl	ranked_marker_source_panel__cohort_owner_rbl	cohort_owner	cohort_owner	RBL	NA	NA	NA	ALL	59	results/unsupervised/pan_cancer/enrichment/ranked_marker_source_panel/query_genes/ranked_marker_source_panel__cohort_owner_rbl.tsv	ranked_marker_source_panel__eligible_marker_selection_universe	1346	results/unsupervised/pan_cancer/enrichment/ranked_marker_source_panel/backgrounds/ranked_marker_source_panel__eligible_marker_selection_universe.tsv	active eligible marker-selection universe	NA	results/unsupervised/pan_cancer/enrichment/ranked_marker_source_panel/query_genes/ranked_marker_source_panel__cohort_owner_rbl_ranked.tsv	FALSE	TRUE	FALSE	NA	3
ranked_marker_source_pan_cancer_panel	ranked_marker_source_panel__marker_source_class_anchor	ranked_marker_source_panel__marker_source_class_anchor	marker_source_class	marker_source_class	ALL	anchor	NA	NA	ALL	277	results/unsupervised/pan_cancer/enrichment/ranked_marker_source_panel/query_genes/ranked_marker_source_panel__marker_source_class_anchor.tsv	ranked_marker_source_panel__eligible_marker_selection_universe	1346	results/unsupervised/pan_cancer/enrichment/ranked_marker_source_panel/backgrounds/ranked_marker_source_panel__eligible_marker_selection_universe.tsv	active eligible marker-selection universe	NA	results/unsupervised/pan_cancer/enrichment/ranked_marker_source_panel/query_genes/ranked_marker_source_panel__marker_source_class_anchor_ranked.tsv	FALSE	TRUE	FALSE	NA	3
ranked_marker_source_pan_cancer_panel	ranked_marker_source_panel__cohort_brca_marker_source_class_anchor	ranked_marker_source_panel__cohort_brca_marker_source_class_anchor	cohort_marker_source_class	cohort_marker_source_class	BRCA	anchor	NA	NA	ALL	182	results/unsupervised/pan_cancer/enrichment/ranked_marker_source_panel/query_genes/ranked_marker_source_panel__cohort_brca_marker_source_class_anchor.tsv	ranked_marker_source_panel__eligible_marker_selection_universe	1346	results/unsupervised/pan_cancer/enrichment/ranked_marker_source_panel/backgrounds/ranked_marker_source_panel__eligible_marker_selection_universe.tsv	active eligible marker-selection universe	NA	results/unsupervised/pan_cancer/enrichment/ranked_marker_source_panel/query_genes/ranked_marker_source_panel__cohort_brca_marker_source_class_anchor_ranked.tsv	FALSE	TRUE	FALSE	NA	3
ranked_marker_source_pan_cancer_panel	ranked_marker_source_panel__cohort_nbl_marker_source_class_anchor	ranked_marker_source_panel__cohort_nbl_marker_source_class_anchor	cohort_marker_source_class	cohort_marker_source_class	NBL	anchor	NA	NA	ALL	70	results/unsupervised/pan_cancer/enrichment/ranked_marker_source_panel/query_genes/ranked_marker_source_panel__cohort_nbl_marker_source_class_anchor.tsv	ranked_marker_source_panel__eligible_marker_selection_universe	1346	results/unsupervised/pan_cancer/enrichment/ranked_marker_source_panel/backgrounds/ranked_marker_source_panel__eligible_marker_selection_universe.tsv	active eligible marker-selection universe	NA	results/unsupervised/pan_cancer/enrichment/ranked_marker_source_panel/query_genes/ranked_marker_source_panel__cohort_nbl_marker_source_class_anchor_ranked.tsv	FALSE	TRUE	FALSE	NA	3
ranked_marker_source_pan_cancer_panel	ranked_marker_source_panel__cohort_rbl_marker_source_class_anchor	ranked_marker_source_panel__cohort_rbl_marker_source_class_anchor	cohort_marker_source_class	cohort_marker_source_class	RBL	anchor	NA	NA	ALL	25	results/unsupervised/pan_cancer/enrichment/ranked_marker_source_panel/query_genes/ranked_marker_source_panel__cohort_rbl_marker_source_class_anchor.tsv	ranked_marker_source_panel__eligible_marker_selection_universe	1346	results/unsupervised/pan_cancer/enrichment/ranked_marker_source_panel/backgrounds/ranked_marker_source_panel__eligible_marker_selection_universe.tsv	active eligible marker-selection universe	NA	results/unsupervised/pan_cancer/enrichment/ranked_marker_source_panel/query_genes/ranked_marker_source_panel__cohort_rbl_marker_source_class_anchor_ranked.tsv	FALSE	TRUE	FALSE	NA	3
ranked_marker_source_pan_cancer_panel	ranked_marker_source_panel__marker_source_class_isolate	ranked_marker_source_panel__marker_source_class_isolate	marker_source_class	marker_source_class	ALL	isolate	NA	NA	ALL	109	results/unsupervised/pan_cancer/enrichment/ranked_marker_source_panel/query_genes/ranked_marker_source_panel__marker_source_class_isolate.tsv	ranked_marker_source_panel__eligible_marker_selection_universe	1346	results/unsupervised/pan_cancer/enrichment/ranked_marker_source_panel/backgrounds/ranked_marker_source_panel__eligible_marker_selection_universe.tsv	active eligible marker-selection universe	NA	results/unsupervised/pan_cancer/enrichment/ranked_marker_source_panel/query_genes/ranked_marker_source_panel__marker_source_class_isolate_ranked.tsv	FALSE	TRUE	FALSE	NA	3
ranked_marker_source_pan_cancer_panel	ranked_marker_source_panel__cohort_brca_marker_source_class_isolate	ranked_marker_source_panel__cohort_brca_marker_source_class_isolate	cohort_marker_source_class	cohort_marker_source_class	BRCA	isolate	NA	NA	ALL	42	results/unsupervised/pan_cancer/enrichment/ranked_marker_source_panel/query_genes/ranked_marker_source_panel__cohort_brca_marker_source_class_isolate.tsv	ranked_marker_source_panel__eligible_marker_selection_universe	1346	results/unsupervised/pan_cancer/enrichment/ranked_marker_source_panel/backgrounds/ranked_marker_source_panel__eligible_marker_selection_universe.tsv	active eligible marker-selection universe	NA	results/unsupervised/pan_cancer/enrichment/ranked_marker_source_panel/query_genes/ranked_marker_source_panel__cohort_brca_marker_source_class_isolate_ranked.tsv	FALSE	TRUE	FALSE	NA	3
ranked_marker_source_pan_cancer_panel	ranked_marker_source_panel__cohort_nbl_marker_source_class_isolate	ranked_marker_source_panel__cohort_nbl_marker_source_class_isolate	cohort_marker_source_class	cohort_marker_source_class	NBL	isolate	NA	NA	ALL	31	results/unsupervised/pan_cancer/enrichment/ranked_marker_source_panel/query_genes/ranked_marker_source_panel__cohort_nbl_marker_source_class_isolate.tsv	ranked_marker_source_panel__eligible_marker_selection_universe	1346	results/unsupervised/pan_cancer/enrichment/ranked_marker_source_panel/backgrounds/ranked_marker_source_panel__eligible_marker_selection_universe.tsv	active eligible marker-selection universe	NA	results/unsupervised/pan_cancer/enrichment/ranked_marker_source_panel/query_genes/ranked_marker_source_panel__cohort_nbl_marker_source_class_isolate_ranked.tsv	FALSE	TRUE	FALSE	NA	3
ranked_marker_source_pan_cancer_panel	ranked_marker_source_panel__cohort_rbl_marker_source_class_isolate	ranked_marker_source_panel__cohort_rbl_marker_source_class_isolate	cohort_marker_source_class	cohort_marker_source_class	RBL	isolate	NA	NA	ALL	36	results/unsupervised/pan_cancer/enrichment/ranked_marker_source_panel/query_genes/ranked_marker_source_panel__cohort_rbl_marker_source_class_isolate.tsv	ranked_marker_source_panel__eligible_marker_selection_universe	1346	results/unsupervised/pan_cancer/enrichment/ranked_marker_source_panel/backgrounds/ranked_marker_source_panel__eligible_marker_selection_universe.tsv	active eligible marker-selection universe	NA	results/unsupervised/pan_cancer/enrichment/ranked_marker_source_panel/query_genes/ranked_marker_source_panel__cohort_rbl_marker_source_class_isolate_ranked.tsv	FALSE	TRUE	FALSE	NA	3
ranked_marker_source_pan_cancer_panel	ranked_marker_source_panel__evidence_anchor_source_recurrent	ranked_marker_source_panel__evidence_anchor_source_recurrent	evidence_class	evidence_class	ALL	NA	anchor_source_recurrent	NA	ALL	20	results/unsupervised/pan_cancer/enrichment/ranked_marker_source_panel/query_genes/ranked_marker_source_panel__evidence_anchor_source_recurrent.tsv	ranked_marker_source_panel__eligible_marker_selection_universe	1346	results/unsupervised/pan_cancer/enrichment/ranked_marker_source_panel/backgrounds/ranked_marker_source_panel__eligible_marker_selection_universe.tsv	active eligible marker-selection universe	NA	results/unsupervised/pan_cancer/enrichment/ranked_marker_source_panel/query_genes/ranked_marker_source_panel__evidence_anchor_source_recurrent_ranked.tsv	FALSE	TRUE	FALSE	NA	3
ranked_marker_source_pan_cancer_panel	ranked_marker_source_panel__cohort_brca_evidence_anchor_source_recurrent	ranked_marker_source_panel__cohort_brca_evidence_anchor_source_recurrent	cohort_evidence_class	cohort_evidence_class	BRCA	NA	anchor_source_recurrent	NA	ALL	18	results/unsupervised/pan_cancer/enrichment/ranked_marker_source_panel/query_genes/ranked_marker_source_panel__cohort_brca_evidence_anchor_source_recurrent.tsv	ranked_marker_source_panel__eligible_marker_selection_universe	1346	results/unsupervised/pan_cancer/enrichment/ranked_marker_source_panel/backgrounds/ranked_marker_source_panel__eligible_marker_selection_universe.tsv	active eligible marker-selection universe	NA	results/unsupervised/pan_cancer/enrichment/ranked_marker_source_panel/query_genes/ranked_marker_source_panel__cohort_brca_evidence_anchor_source_recurrent_ranked.tsv	FALSE	TRUE	FALSE	NA	3
ranked_marker_source_pan_cancer_panel	ranked_marker_source_panel__cohort_nbl_evidence_anchor_source_recurrent	ranked_marker_source_panel__cohort_nbl_evidence_anchor_source_recurrent	cohort_evidence_class	cohort_evidence_class	NBL	NA	anchor_source_recurrent	NA	ALL	2	results/unsupervised/pan_cancer/enrichment/ranked_marker_source_panel/query_genes/ranked_marker_source_panel__cohort_nbl_evidence_anchor_source_recurrent.tsv	ranked_marker_source_panel__eligible_marker_selection_universe	1346	results/unsupervised/pan_cancer/enrichment/ranked_marker_source_panel/backgrounds/ranked_marker_source_panel__eligible_marker_selection_universe.tsv	active eligible marker-selection universe	NA	results/unsupervised/pan_cancer/enrichment/ranked_marker_source_panel/query_genes/ranked_marker_source_panel__cohort_nbl_evidence_anchor_source_recurrent_ranked.tsv	FALSE	TRUE	TRUE	query_size_below_3	3
ranked_marker_source_pan_cancer_panel	ranked_marker_source_panel__cohort_rbl_evidence_anchor_source_recurrent	ranked_marker_source_panel__cohort_rbl_evidence_anchor_source_recurrent	cohort_evidence_class	cohort_evidence_class	RBL	NA	anchor_source_recurrent	NA	ALL	0	results/unsupervised/pan_cancer/enrichment/ranked_marker_source_panel/query_genes/ranked_marker_source_panel__cohort_rbl_evidence_anchor_source_recurrent.tsv	ranked_marker_source_panel__eligible_marker_selection_universe	1346	results/unsupervised/pan_cancer/enrichment/ranked_marker_source_panel/backgrounds/ranked_marker_source_panel__eligible_marker_selection_universe.tsv	active eligible marker-selection universe	NA	results/unsupervised/pan_cancer/enrichment/ranked_marker_source_panel/query_genes/ranked_marker_source_panel__cohort_rbl_evidence_anchor_source_recurrent_ranked.tsv	FALSE	TRUE	TRUE	query_size_below_3	3
ranked_marker_source_pan_cancer_panel	ranked_marker_source_panel__evidence_isolate_source_recurrent	ranked_marker_source_panel__evidence_isolate_source_recurrent	evidence_class	evidence_class	ALL	NA	isolate_source_recurrent	NA	ALL	4	results/unsupervised/pan_cancer/enrichment/ranked_marker_source_panel/query_genes/ranked_marker_source_panel__evidence_isolate_source_recurrent.tsv	ranked_marker_source_panel__eligible_marker_selection_universe	1346	results/unsupervised/pan_cancer/enrichment/ranked_marker_source_panel/backgrounds/ranked_marker_source_panel__eligible_marker_selection_universe.tsv	active eligible marker-selection universe	NA	results/unsupervised/pan_cancer/enrichment/ranked_marker_source_panel/query_genes/ranked_marker_source_panel__evidence_isolate_source_recurrent_ranked.tsv	FALSE	TRUE	FALSE	NA	3
ranked_marker_source_pan_cancer_panel	ranked_marker_source_panel__cohort_brca_evidence_isolate_source_recurrent	ranked_marker_source_panel__cohort_brca_evidence_isolate_source_recurrent	cohort_evidence_class	cohort_evidence_class	BRCA	NA	isolate_source_recurrent	NA	ALL	2	results/unsupervised/pan_cancer/enrichment/ranked_marker_source_panel/query_genes/ranked_marker_source_panel__cohort_brca_evidence_isolate_source_recurrent.tsv	ranked_marker_source_panel__eligible_marker_selection_universe	1346	results/unsupervised/pan_cancer/enrichment/ranked_marker_source_panel/backgrounds/ranked_marker_source_panel__eligible_marker_selection_universe.tsv	active eligible marker-selection universe	NA	results/unsupervised/pan_cancer/enrichment/ranked_marker_source_panel/query_genes/ranked_marker_source_panel__cohort_brca_evidence_isolate_source_recurrent_ranked.tsv	FALSE	TRUE	TRUE	query_size_below_3	3
ranked_marker_source_pan_cancer_panel	ranked_marker_source_panel__cohort_nbl_evidence_isolate_source_recurrent	ranked_marker_source_panel__cohort_nbl_evidence_isolate_source_recurrent	cohort_evidence_class	cohort_evidence_class	NBL	NA	isolate_source_recurrent	NA	ALL	2	results/unsupervised/pan_cancer/enrichment/ranked_marker_source_panel/query_genes/ranked_marker_source_panel__cohort_nbl_evidence_isolate_source_recurrent.tsv	ranked_marker_source_panel__eligible_marker_selection_universe	1346	results/unsupervised/pan_cancer/enrichment/ranked_marker_source_panel/backgrounds/ranked_marker_source_panel__eligible_marker_selection_universe.tsv	active eligible marker-selection universe	NA	results/unsupervised/pan_cancer/enrichment/ranked_marker_source_panel/query_genes/ranked_marker_source_panel__cohort_nbl_evidence_isolate_source_recurrent_ranked.tsv	FALSE	TRUE	TRUE	query_size_below_3	3
ranked_marker_source_pan_cancer_panel	ranked_marker_source_panel__cohort_rbl_evidence_isolate_source_recurrent	ranked_marker_source_panel__cohort_rbl_evidence_isolate_source_recurrent	cohort_evidence_class	cohort_evidence_class	RBL	NA	isolate_source_recurrent	NA	ALL	0	results/unsupervised/pan_cancer/enrichment/ranked_marker_source_panel/query_genes/ranked_marker_source_panel__cohort_rbl_evidence_isolate_source_recurrent.tsv	ranked_marker_source_panel__eligible_marker_selection_universe	1346	results/unsupervised/pan_cancer/enrichment/ranked_marker_source_panel/backgrounds/ranked_marker_source_panel__eligible_marker_selection_universe.tsv	active eligible marker-selection universe	NA	results/unsupervised/pan_cancer/enrichment/ranked_marker_source_panel/query_genes/ranked_marker_source_panel__cohort_rbl_evidence_isolate_source_recurrent_ranked.tsv	FALSE	TRUE	TRUE	query_size_below_3	3
ranked_marker_source_pan_cancer_panel	ranked_marker_source_panel__evidence_anchor_singleton_ranked	ranked_marker_source_panel__evidence_anchor_singleton_ranked	evidence_class	evidence_class	ALL	NA	anchor_singleton_ranked	NA	ALL	24	results/unsupervised/pan_cancer/enrichment/ranked_marker_source_panel/query_genes/ranked_marker_source_panel__evidence_anchor_singleton_ranked.tsv	ranked_marker_source_panel__eligible_marker_selection_universe	1346	results/unsupervised/pan_cancer/enrichment/ranked_marker_source_panel/backgrounds/ranked_marker_source_panel__eligible_marker_selection_universe.tsv	active eligible marker-selection universe	NA	results/unsupervised/pan_cancer/enrichment/ranked_marker_source_panel/query_genes/ranked_marker_source_panel__evidence_anchor_singleton_ranked_ranked.tsv	FALSE	TRUE	FALSE	NA	3
ranked_marker_source_pan_cancer_panel	ranked_marker_source_panel__cohort_brca_evidence_anchor_singleton_ranked	ranked_marker_source_panel__cohort_brca_evidence_anchor_singleton_ranked	cohort_evidence_class	cohort_evidence_class	BRCA	NA	anchor_singleton_ranked	NA	ALL	0	results/unsupervised/pan_cancer/enrichment/ranked_marker_source_panel/query_genes/ranked_marker_source_panel__cohort_brca_evidence_anchor_singleton_ranked.tsv	ranked_marker_source_panel__eligible_marker_selection_universe	1346	results/unsupervised/pan_cancer/enrichment/ranked_marker_source_panel/backgrounds/ranked_marker_source_panel__eligible_marker_selection_universe.tsv	active eligible marker-selection universe	NA	results/unsupervised/pan_cancer/enrichment/ranked_marker_source_panel/query_genes/ranked_marker_source_panel__cohort_brca_evidence_anchor_singleton_ranked_ranked.tsv	FALSE	TRUE	TRUE	query_size_below_3	3
ranked_marker_source_pan_cancer_panel	ranked_marker_source_panel__cohort_nbl_evidence_anchor_singleton_ranked	ranked_marker_source_panel__cohort_nbl_evidence_anchor_singleton_ranked	cohort_evidence_class	cohort_evidence_class	NBL	NA	anchor_singleton_ranked	NA	ALL	0	results/unsupervised/pan_cancer/enrichment/ranked_marker_source_panel/query_genes/ranked_marker_source_panel__cohort_nbl_evidence_anchor_singleton_ranked.tsv	ranked_marker_source_panel__eligible_marker_selection_universe	1346	results/unsupervised/pan_cancer/enrichment/ranked_marker_source_panel/backgrounds/ranked_marker_source_panel__eligible_marker_selection_universe.tsv	active eligible marker-selection universe	NA	results/unsupervised/pan_cancer/enrichment/ranked_marker_source_panel/query_genes/ranked_marker_source_panel__cohort_nbl_evidence_anchor_singleton_ranked_ranked.tsv	FALSE	TRUE	TRUE	query_size_below_3	3
ranked_marker_source_pan_cancer_panel	ranked_marker_source_panel__cohort_rbl_evidence_anchor_singleton_ranked	ranked_marker_source_panel__cohort_rbl_evidence_anchor_singleton_ranked	cohort_evidence_class	cohort_evidence_class	RBL	NA	anchor_singleton_ranked	NA	ALL	24	results/unsupervised/pan_cancer/enrichment/ranked_marker_source_panel/query_genes/ranked_marker_source_panel__cohort_rbl_evidence_anchor_singleton_ranked.tsv	ranked_marker_source_panel__eligible_marker_selection_universe	1346	results/unsupervised/pan_cancer/enrichment/ranked_marker_source_panel/backgrounds/ranked_marker_source_panel__eligible_marker_selection_universe.tsv	active eligible marker-selection universe	NA	results/unsupervised/pan_cancer/enrichment/ranked_marker_source_panel/query_genes/ranked_marker_source_panel__cohort_rbl_evidence_anchor_singleton_ranked_ranked.tsv	FALSE	TRUE	FALSE	NA	3
ranked_marker_source_pan_cancer_panel	ranked_marker_source_panel__evidence_ranked_nonrecurrent_marker	ranked_marker_source_panel__evidence_ranked_nonrecurrent_marker	evidence_class	evidence_class	ALL	NA	ranked_nonrecurrent_marker	NA	ALL	334	results/unsupervised/pan_cancer/enrichment/ranked_marker_source_panel/query_genes/ranked_marker_source_panel__evidence_ranked_nonrecurrent_marker.tsv	ranked_marker_source_panel__eligible_marker_selection_universe	1346	results/unsupervised/pan_cancer/enrichment/ranked_marker_source_panel/backgrounds/ranked_marker_source_panel__eligible_marker_selection_universe.tsv	active eligible marker-selection universe	NA	results/unsupervised/pan_cancer/enrichment/ranked_marker_source_panel/query_genes/ranked_marker_source_panel__evidence_ranked_nonrecurrent_marker_ranked.tsv	FALSE	TRUE	FALSE	NA	3
ranked_marker_source_pan_cancer_panel	ranked_marker_source_panel__cohort_brca_evidence_ranked_nonrecurrent_marker	ranked_marker_source_panel__cohort_brca_evidence_ranked_nonrecurrent_marker	cohort_evidence_class	cohort_evidence_class	BRCA	NA	ranked_nonrecurrent_marker	NA	ALL	201	results/unsupervised/pan_cancer/enrichment/ranked_marker_source_panel/query_genes/ranked_marker_source_panel__cohort_brca_evidence_ranked_nonrecurrent_marker.tsv	ranked_marker_source_panel__eligible_marker_selection_universe	1346	results/unsupervised/pan_cancer/enrichment/ranked_marker_source_panel/backgrounds/ranked_marker_source_panel__eligible_marker_selection_universe.tsv	active eligible marker-selection universe	NA	results/unsupervised/pan_cancer/enrichment/ranked_marker_source_panel/query_genes/ranked_marker_source_panel__cohort_brca_evidence_ranked_nonrecurrent_marker_ranked.tsv	FALSE	TRUE	FALSE	NA	3
ranked_marker_source_pan_cancer_panel	ranked_marker_source_panel__cohort_nbl_evidence_ranked_nonrecurrent_marker	ranked_marker_source_panel__cohort_nbl_evidence_ranked_nonrecurrent_marker	cohort_evidence_class	cohort_evidence_class	NBL	NA	ranked_nonrecurrent_marker	NA	ALL	95	results/unsupervised/pan_cancer/enrichment/ranked_marker_source_panel/query_genes/ranked_marker_source_panel__cohort_nbl_evidence_ranked_nonrecurrent_marker.tsv	ranked_marker_source_panel__eligible_marker_selection_universe	1346	results/unsupervised/pan_cancer/enrichment/ranked_marker_source_panel/backgrounds/ranked_marker_source_panel__eligible_marker_selection_universe.tsv	active eligible marker-selection universe	NA	results/unsupervised/pan_cancer/enrichment/ranked_marker_source_panel/query_genes/ranked_marker_source_panel__cohort_nbl_evidence_ranked_nonrecurrent_marker_ranked.tsv	FALSE	TRUE	FALSE	NA	3
ranked_marker_source_pan_cancer_panel	ranked_marker_source_panel__cohort_rbl_evidence_ranked_nonrecurrent_marker	ranked_marker_source_panel__cohort_rbl_evidence_ranked_nonrecurrent_marker	cohort_evidence_class	cohort_evidence_class	RBL	NA	ranked_nonrecurrent_marker	NA	ALL	38	results/unsupervised/pan_cancer/enrichment/ranked_marker_source_panel/query_genes/ranked_marker_source_panel__cohort_rbl_evidence_ranked_nonrecurrent_marker.tsv	ranked_marker_source_panel__eligible_marker_selection_universe	1346	results/unsupervised/pan_cancer/enrichment/ranked_marker_source_panel/backgrounds/ranked_marker_source_panel__eligible_marker_selection_universe.tsv	active eligible marker-selection universe	NA	results/unsupervised/pan_cancer/enrichment/ranked_marker_source_panel/query_genes/ranked_marker_source_panel__cohort_rbl_evidence_ranked_nonrecurrent_marker_ranked.tsv	FALSE	TRUE	FALSE	NA	3
ranked_marker_source_pan_cancer_panel	ranked_marker_source_panel__direction_up	ranked_marker_source_panel__direction_up	direction	direction	ALL	NA	NA	NA	UP	73	results/unsupervised/pan_cancer/enrichment/ranked_marker_source_panel/query_genes/ranked_marker_source_panel__direction_up.tsv	ranked_marker_source_panel__eligible_marker_selection_universe	1346	results/unsupervised/pan_cancer/enrichment/ranked_marker_source_panel/backgrounds/ranked_marker_source_panel__eligible_marker_selection_universe.tsv	active eligible marker-selection universe	NA	results/unsupervised/pan_cancer/enrichment/ranked_marker_source_panel/query_genes/ranked_marker_source_panel__direction_up_ranked.tsv	FALSE	TRUE	FALSE	NA	3
ranked_marker_source_pan_cancer_panel	ranked_marker_source_panel__cohort_brca_direction_up	ranked_marker_source_panel__cohort_brca_direction_up	cohort_direction	cohort_direction	BRCA	NA	NA	NA	UP	46	results/unsupervised/pan_cancer/enrichment/ranked_marker_source_panel/query_genes/ranked_marker_source_panel__cohort_brca_direction_up.tsv	ranked_marker_source_panel__eligible_marker_selection_universe	1346	results/unsupervised/pan_cancer/enrichment/ranked_marker_source_panel/backgrounds/ranked_marker_source_panel__eligible_marker_selection_universe.tsv	active eligible marker-selection universe	NA	results/unsupervised/pan_cancer/enrichment/ranked_marker_source_panel/query_genes/ranked_marker_source_panel__cohort_brca_direction_up_ranked.tsv	FALSE	TRUE	FALSE	NA	3
ranked_marker_source_pan_cancer_panel	ranked_marker_source_panel__cohort_nbl_direction_up	ranked_marker_source_panel__cohort_nbl_direction_up	cohort_direction	cohort_direction	NBL	NA	NA	NA	UP	11	results/unsupervised/pan_cancer/enrichment/ranked_marker_source_panel/query_genes/ranked_marker_source_panel__cohort_nbl_direction_up.tsv	ranked_marker_source_panel__eligible_marker_selection_universe	1346	results/unsupervised/pan_cancer/enrichment/ranked_marker_source_panel/backgrounds/ranked_marker_source_panel__eligible_marker_selection_universe.tsv	active eligible marker-selection universe	NA	results/unsupervised/pan_cancer/enrichment/ranked_marker_source_panel/query_genes/ranked_marker_source_panel__cohort_nbl_direction_up_ranked.tsv	FALSE	TRUE	FALSE	NA	3
ranked_marker_source_pan_cancer_panel	ranked_marker_source_panel__cohort_rbl_direction_up	ranked_marker_source_panel__cohort_rbl_direction_up	cohort_direction	cohort_direction	RBL	NA	NA	NA	UP	16	results/unsupervised/pan_cancer/enrichment/ranked_marker_source_panel/query_genes/ranked_marker_source_panel__cohort_rbl_direction_up.tsv	ranked_marker_source_panel__eligible_marker_selection_universe	1346	results/unsupervised/pan_cancer/enrichment/ranked_marker_source_panel/backgrounds/ranked_marker_source_panel__eligible_marker_selection_universe.tsv	active eligible marker-selection universe	NA	results/unsupervised/pan_cancer/enrichment/ranked_marker_source_panel/query_genes/ranked_marker_source_panel__cohort_rbl_direction_up_ranked.tsv	FALSE	TRUE	FALSE	NA	3
ranked_marker_source_pan_cancer_panel	ranked_marker_source_panel__marker_source_class_anchor_direction_up	ranked_marker_source_panel__marker_source_class_anchor_direction_up	marker_source_class_direction	marker_source_class_direction	ALL	anchor	NA	NA	UP	47	results/unsupervised/pan_cancer/enrichment/ranked_marker_source_panel/query_genes/ranked_marker_source_panel__marker_source_class_anchor_direction_up.tsv	ranked_marker_source_panel__eligible_marker_selection_universe	1346	results/unsupervised/pan_cancer/enrichment/ranked_marker_source_panel/backgrounds/ranked_marker_source_panel__eligible_marker_selection_universe.tsv	active eligible marker-selection universe	NA	results/unsupervised/pan_cancer/enrichment/ranked_marker_source_panel/query_genes/ranked_marker_source_panel__marker_source_class_anchor_direction_up_ranked.tsv	FALSE	TRUE	FALSE	NA	3
ranked_marker_source_pan_cancer_panel	ranked_marker_source_panel__cohort_brca_marker_source_class_anchor_direction_up	ranked_marker_source_panel__cohort_brca_marker_source_class_anchor_direction_up	cohort_marker_source_class_direction	cohort_marker_source_class_direction	BRCA	anchor	NA	NA	UP	35	results/unsupervised/pan_cancer/enrichment/ranked_marker_source_panel/query_genes/ranked_marker_source_panel__cohort_brca_marker_source_class_anchor_direction_up.tsv	ranked_marker_source_panel__eligible_marker_selection_universe	1346	results/unsupervised/pan_cancer/enrichment/ranked_marker_source_panel/backgrounds/ranked_marker_source_panel__eligible_marker_selection_universe.tsv	active eligible marker-selection universe	NA	results/unsupervised/pan_cancer/enrichment/ranked_marker_source_panel/query_genes/ranked_marker_source_panel__cohort_brca_marker_source_class_anchor_direction_up_ranked.tsv	FALSE	TRUE	FALSE	NA	3
ranked_marker_source_pan_cancer_panel	ranked_marker_source_panel__cohort_nbl_marker_source_class_anchor_direction_up	ranked_marker_source_panel__cohort_nbl_marker_source_class_anchor_direction_up	cohort_marker_source_class_direction	cohort_marker_source_class_direction	NBL	anchor	NA	NA	UP	8	results/unsupervised/pan_cancer/enrichment/ranked_marker_source_panel/query_genes/ranked_marker_source_panel__cohort_nbl_marker_source_class_anchor_direction_up.tsv	ranked_marker_source_panel__eligible_marker_selection_universe	1346	results/unsupervised/pan_cancer/enrichment/ranked_marker_source_panel/backgrounds/ranked_marker_source_panel__eligible_marker_selection_universe.tsv	active eligible marker-selection universe	NA	results/unsupervised/pan_cancer/enrichment/ranked_marker_source_panel/query_genes/ranked_marker_source_panel__cohort_nbl_marker_source_class_anchor_direction_up_ranked.tsv	FALSE	TRUE	FALSE	NA	3
ranked_marker_source_pan_cancer_panel	ranked_marker_source_panel__cohort_rbl_marker_source_class_anchor_direction_up	ranked_marker_source_panel__cohort_rbl_marker_source_class_anchor_direction_up	cohort_marker_source_class_direction	cohort_marker_source_class_direction	RBL	anchor	NA	NA	UP	4	results/unsupervised/pan_cancer/enrichment/ranked_marker_source_panel/query_genes/ranked_marker_source_panel__cohort_rbl_marker_source_class_anchor_direction_up.tsv	ranked_marker_source_panel__eligible_marker_selection_universe	1346	results/unsupervised/pan_cancer/enrichment/ranked_marker_source_panel/backgrounds/ranked_marker_source_panel__eligible_marker_selection_universe.tsv	active eligible marker-selection universe	NA	results/unsupervised/pan_cancer/enrichment/ranked_marker_source_panel/query_genes/ranked_marker_source_panel__cohort_rbl_marker_source_class_anchor_direction_up_ranked.tsv	FALSE	TRUE	FALSE	NA	3
ranked_marker_source_pan_cancer_panel	ranked_marker_source_panel__marker_source_class_isolate_direction_up	ranked_marker_source_panel__marker_source_class_isolate_direction_up	marker_source_class_direction	marker_source_class_direction	ALL	isolate	NA	NA	UP	27	results/unsupervised/pan_cancer/enrichment/ranked_marker_source_panel/query_genes/ranked_marker_source_panel__marker_source_class_isolate_direction_up.tsv	ranked_marker_source_panel__eligible_marker_selection_universe	1346	results/unsupervised/pan_cancer/enrichment/ranked_marker_source_panel/backgrounds/ranked_marker_source_panel__eligible_marker_selection_universe.tsv	active eligible marker-selection universe	NA	results/unsupervised/pan_cancer/enrichment/ranked_marker_source_panel/query_genes/ranked_marker_source_panel__marker_source_class_isolate_direction_up_ranked.tsv	FALSE	TRUE	FALSE	NA	3
ranked_marker_source_pan_cancer_panel	ranked_marker_source_panel__cohort_brca_marker_source_class_isolate_direction_up	ranked_marker_source_panel__cohort_brca_marker_source_class_isolate_direction_up	cohort_marker_source_class_direction	cohort_marker_source_class_direction	BRCA	isolate	NA	NA	UP	11	results/unsupervised/pan_cancer/enrichment/ranked_marker_source_panel/query_genes/ranked_marker_source_panel__cohort_brca_marker_source_class_isolate_direction_up.tsv	ranked_marker_source_panel__eligible_marker_selection_universe	1346	results/unsupervised/pan_cancer/enrichment/ranked_marker_source_panel/backgrounds/ranked_marker_source_panel__eligible_marker_selection_universe.tsv	active eligible marker-selection universe	NA	results/unsupervised/pan_cancer/enrichment/ranked_marker_source_panel/query_genes/ranked_marker_source_panel__cohort_brca_marker_source_class_isolate_direction_up_ranked.tsv	FALSE	TRUE	FALSE	NA	3
ranked_marker_source_pan_cancer_panel	ranked_marker_source_panel__cohort_nbl_marker_source_class_isolate_direction_up	ranked_marker_source_panel__cohort_nbl_marker_source_class_isolate_direction_up	cohort_marker_source_class_direction	cohort_marker_source_class_direction	NBL	isolate	NA	NA	UP	3	results/unsupervised/pan_cancer/enrichment/ranked_marker_source_panel/query_genes/ranked_marker_source_panel__cohort_nbl_marker_source_class_isolate_direction_up.tsv	ranked_marker_source_panel__eligible_marker_selection_universe	1346	results/unsupervised/pan_cancer/enrichment/ranked_marker_source_panel/backgrounds/ranked_marker_source_panel__eligible_marker_selection_universe.tsv	active eligible marker-selection universe	NA	results/unsupervised/pan_cancer/enrichment/ranked_marker_source_panel/query_genes/ranked_marker_source_panel__cohort_nbl_marker_source_class_isolate_direction_up_ranked.tsv	FALSE	TRUE	FALSE	NA	3
ranked_marker_source_pan_cancer_panel	ranked_marker_source_panel__cohort_rbl_marker_source_class_isolate_direction_up	ranked_marker_source_panel__cohort_rbl_marker_source_class_isolate_direction_up	cohort_marker_source_class_direction	cohort_marker_source_class_direction	RBL	isolate	NA	NA	UP	13	results/unsupervised/pan_cancer/enrichment/ranked_marker_source_panel/query_genes/ranked_marker_source_panel__cohort_rbl_marker_source_class_isolate_direction_up.tsv	ranked_marker_source_panel__eligible_marker_selection_universe	1346	results/unsupervised/pan_cancer/enrichment/ranked_marker_source_panel/backgrounds/ranked_marker_source_panel__eligible_marker_selection_universe.tsv	active eligible marker-selection universe	NA	results/unsupervised/pan_cancer/enrichment/ranked_marker_source_panel/query_genes/ranked_marker_source_panel__cohort_rbl_marker_source_class_isolate_direction_up_ranked.tsv	FALSE	TRUE	FALSE	NA	3
ranked_marker_source_pan_cancer_panel	ranked_marker_source_panel__direction_down	ranked_marker_source_panel__direction_down	direction	direction	ALL	NA	NA	NA	DOWN	304	results/unsupervised/pan_cancer/enrichment/ranked_marker_source_panel/query_genes/ranked_marker_source_panel__direction_down.tsv	ranked_marker_source_panel__eligible_marker_selection_universe	1346	results/unsupervised/pan_cancer/enrichment/ranked_marker_source_panel/backgrounds/ranked_marker_source_panel__eligible_marker_selection_universe.tsv	active eligible marker-selection universe	NA	results/unsupervised/pan_cancer/enrichment/ranked_marker_source_panel/query_genes/ranked_marker_source_panel__direction_down_ranked.tsv	FALSE	TRUE	FALSE	NA	3
ranked_marker_source_pan_cancer_panel	ranked_marker_source_panel__cohort_brca_direction_down	ranked_marker_source_panel__cohort_brca_direction_down	cohort_direction	cohort_direction	BRCA	NA	NA	NA	DOWN	173	results/unsupervised/pan_cancer/enrichment/ranked_marker_source_panel/query_genes/ranked_marker_source_panel__cohort_brca_direction_down.tsv	ranked_marker_source_panel__eligible_marker_selection_universe	1346	results/unsupervised/pan_cancer/enrichment/ranked_marker_source_panel/backgrounds/ranked_marker_source_panel__eligible_marker_selection_universe.tsv	active eligible marker-selection universe	NA	results/unsupervised/pan_cancer/enrichment/ranked_marker_source_panel/query_genes/ranked_marker_source_panel__cohort_brca_direction_down_ranked.tsv	FALSE	TRUE	FALSE	NA	3
ranked_marker_source_pan_cancer_panel	ranked_marker_source_panel__cohort_nbl_direction_down	ranked_marker_source_panel__cohort_nbl_direction_down	cohort_direction	cohort_direction	NBL	NA	NA	NA	DOWN	88	results/unsupervised/pan_cancer/enrichment/ranked_marker_source_panel/query_genes/ranked_marker_source_panel__cohort_nbl_direction_down.tsv	ranked_marker_source_panel__eligible_marker_selection_universe	1346	results/unsupervised/pan_cancer/enrichment/ranked_marker_source_panel/backgrounds/ranked_marker_source_panel__eligible_marker_selection_universe.tsv	active eligible marker-selection universe	NA	results/unsupervised/pan_cancer/enrichment/ranked_marker_source_panel/query_genes/ranked_marker_source_panel__cohort_nbl_direction_down_ranked.tsv	FALSE	TRUE	FALSE	NA	3
ranked_marker_source_pan_cancer_panel	ranked_marker_source_panel__cohort_rbl_direction_down	ranked_marker_source_panel__cohort_rbl_direction_down	cohort_direction	cohort_direction	RBL	NA	NA	NA	DOWN	43	results/unsupervised/pan_cancer/enrichment/ranked_marker_source_panel/query_genes/ranked_marker_source_panel__cohort_rbl_direction_down.tsv	ranked_marker_source_panel__eligible_marker_selection_universe	1346	results/unsupervised/pan_cancer/enrichment/ranked_marker_source_panel/backgrounds/ranked_marker_source_panel__eligible_marker_selection_universe.tsv	active eligible marker-selection universe	NA	results/unsupervised/pan_cancer/enrichment/ranked_marker_source_panel/query_genes/ranked_marker_source_panel__cohort_rbl_direction_down_ranked.tsv	FALSE	TRUE	FALSE	NA	3
ranked_marker_source_pan_cancer_panel	ranked_marker_source_panel__marker_source_class_anchor_direction_down	ranked_marker_source_panel__marker_source_class_anchor_direction_down	marker_source_class_direction	marker_source_class_direction	ALL	anchor	NA	NA	DOWN	228	results/unsupervised/pan_cancer/enrichment/ranked_marker_source_panel/query_genes/ranked_marker_source_panel__marker_source_class_anchor_direction_down.tsv	ranked_marker_source_panel__eligible_marker_selection_universe	1346	results/unsupervised/pan_cancer/enrichment/ranked_marker_source_panel/backgrounds/ranked_marker_source_panel__eligible_marker_selection_universe.tsv	active eligible marker-selection universe	NA	results/unsupervised/pan_cancer/enrichment/ranked_marker_source_panel/query_genes/ranked_marker_source_panel__marker_source_class_anchor_direction_down_ranked.tsv	FALSE	TRUE	FALSE	NA	3
ranked_marker_source_pan_cancer_panel	ranked_marker_source_panel__cohort_brca_marker_source_class_anchor_direction_down	ranked_marker_source_panel__cohort_brca_marker_source_class_anchor_direction_down	cohort_marker_source_class_direction	cohort_marker_source_class_direction	BRCA	anchor	NA	NA	DOWN	145	results/unsupervised/pan_cancer/enrichment/ranked_marker_source_panel/query_genes/ranked_marker_source_panel__cohort_brca_marker_source_class_anchor_direction_down.tsv	ranked_marker_source_panel__eligible_marker_selection_universe	1346	results/unsupervised/pan_cancer/enrichment/ranked_marker_source_panel/backgrounds/ranked_marker_source_panel__eligible_marker_selection_universe.tsv	active eligible marker-selection universe	NA	results/unsupervised/pan_cancer/enrichment/ranked_marker_source_panel/query_genes/ranked_marker_source_panel__cohort_brca_marker_source_class_anchor_direction_down_ranked.tsv	FALSE	TRUE	FALSE	NA	3
ranked_marker_source_pan_cancer_panel	ranked_marker_source_panel__cohort_nbl_marker_source_class_anchor_direction_down	ranked_marker_source_panel__cohort_nbl_marker_source_class_anchor_direction_down	cohort_marker_source_class_direction	cohort_marker_source_class_direction	NBL	anchor	NA	NA	DOWN	62	results/unsupervised/pan_cancer/enrichment/ranked_marker_source_panel/query_genes/ranked_marker_source_panel__cohort_nbl_marker_source_class_anchor_direction_down.tsv	ranked_marker_source_panel__eligible_marker_selection_universe	1346	results/unsupervised/pan_cancer/enrichment/ranked_marker_source_panel/backgrounds/ranked_marker_source_panel__eligible_marker_selection_universe.tsv	active eligible marker-selection universe	NA	results/unsupervised/pan_cancer/enrichment/ranked_marker_source_panel/query_genes/ranked_marker_source_panel__cohort_nbl_marker_source_class_anchor_direction_down_ranked.tsv	FALSE	TRUE	FALSE	NA	3
ranked_marker_source_pan_cancer_panel	ranked_marker_source_panel__cohort_rbl_marker_source_class_anchor_direction_down	ranked_marker_source_panel__cohort_rbl_marker_source_class_anchor_direction_down	cohort_marker_source_class_direction	cohort_marker_source_class_direction	RBL	anchor	NA	NA	DOWN	21	results/unsupervised/pan_cancer/enrichment/ranked_marker_source_panel/query_genes/ranked_marker_source_panel__cohort_rbl_marker_source_class_anchor_direction_down.tsv	ranked_marker_source_panel__eligible_marker_selection_universe	1346	results/unsupervised/pan_cancer/enrichment/ranked_marker_source_panel/backgrounds/ranked_marker_source_panel__eligible_marker_selection_universe.tsv	active eligible marker-selection universe	NA	results/unsupervised/pan_cancer/enrichment/ranked_marker_source_panel/query_genes/ranked_marker_source_panel__cohort_rbl_marker_source_class_anchor_direction_down_ranked.tsv	FALSE	TRUE	FALSE	NA	3
ranked_marker_source_pan_cancer_panel	ranked_marker_source_panel__marker_source_class_isolate_direction_down	ranked_marker_source_panel__marker_source_class_isolate_direction_down	marker_source_class_direction	marker_source_class_direction	ALL	isolate	NA	NA	DOWN	81	results/unsupervised/pan_cancer/enrichment/ranked_marker_source_panel/query_genes/ranked_marker_source_panel__marker_source_class_isolate_direction_down.tsv	ranked_marker_source_panel__eligible_marker_selection_universe	1346	results/unsupervised/pan_cancer/enrichment/ranked_marker_source_panel/backgrounds/ranked_marker_source_panel__eligible_marker_selection_universe.tsv	active eligible marker-selection universe	NA	results/unsupervised/pan_cancer/enrichment/ranked_marker_source_panel/query_genes/ranked_marker_source_panel__marker_source_class_isolate_direction_down_ranked.tsv	FALSE	TRUE	FALSE	NA	3
ranked_marker_source_pan_cancer_panel	ranked_marker_source_panel__cohort_brca_marker_source_class_isolate_direction_down	ranked_marker_source_panel__cohort_brca_marker_source_class_isolate_direction_down	cohort_marker_source_class_direction	cohort_marker_source_class_direction	BRCA	isolate	NA	NA	DOWN	30	results/unsupervised/pan_cancer/enrichment/ranked_marker_source_panel/query_genes/ranked_marker_source_panel__cohort_brca_marker_source_class_isolate_direction_down.tsv	ranked_marker_source_panel__eligible_marker_selection_universe	1346	results/unsupervised/pan_cancer/enrichment/ranked_marker_source_panel/backgrounds/ranked_marker_source_panel__eligible_marker_selection_universe.tsv	active eligible marker-selection universe	NA	results/unsupervised/pan_cancer/enrichment/ranked_marker_source_panel/query_genes/ranked_marker_source_panel__cohort_brca_marker_source_class_isolate_direction_down_ranked.tsv	FALSE	TRUE	FALSE	NA	3
ranked_marker_source_pan_cancer_panel	ranked_marker_source_panel__cohort_nbl_marker_source_class_isolate_direction_down	ranked_marker_source_panel__cohort_nbl_marker_source_class_isolate_direction_down	cohort_marker_source_class_direction	cohort_marker_source_class_direction	NBL	isolate	NA	NA	DOWN	28	results/unsupervised/pan_cancer/enrichment/ranked_marker_source_panel/query_genes/ranked_marker_source_panel__cohort_nbl_marker_source_class_isolate_direction_down.tsv	ranked_marker_source_panel__eligible_marker_selection_universe	1346	results/unsupervised/pan_cancer/enrichment/ranked_marker_source_panel/backgrounds/ranked_marker_source_panel__eligible_marker_selection_universe.tsv	active eligible marker-selection universe	NA	results/unsupervised/pan_cancer/enrichment/ranked_marker_source_panel/query_genes/ranked_marker_source_panel__cohort_nbl_marker_source_class_isolate_direction_down_ranked.tsv	FALSE	TRUE	FALSE	NA	3
ranked_marker_source_pan_cancer_panel	ranked_marker_source_panel__cohort_rbl_marker_source_class_isolate_direction_down	ranked_marker_source_panel__cohort_rbl_marker_source_class_isolate_direction_down	cohort_marker_source_class_direction	cohort_marker_source_class_direction	RBL	isolate	NA	NA	DOWN	23	results/unsupervised/pan_cancer/enrichment/ranked_marker_source_panel/query_genes/ranked_marker_source_panel__cohort_rbl_marker_source_class_isolate_direction_down.tsv	ranked_marker_source_panel__eligible_marker_selection_universe	1346	results/unsupervised/pan_cancer/enrichment/ranked_marker_source_panel/backgrounds/ranked_marker_source_panel__eligible_marker_selection_universe.tsv	active eligible marker-selection universe	NA	results/unsupervised/pan_cancer/enrichment/ranked_marker_source_panel/query_genes/ranked_marker_source_panel__cohort_rbl_marker_source_class_isolate_direction_down_ranked.tsv	FALSE	TRUE	FALSE	NA	3
ranked_marker_source_pan_cancer_panel	ranked_marker_source_panel__direction_mixed	ranked_marker_source_panel__direction_mixed	direction	direction	ALL	NA	NA	NA	MIXED	2	results/unsupervised/pan_cancer/enrichment/ranked_marker_source_panel/query_genes/ranked_marker_source_panel__direction_mixed.tsv	ranked_marker_source_panel__eligible_marker_selection_universe	1346	results/unsupervised/pan_cancer/enrichment/ranked_marker_source_panel/backgrounds/ranked_marker_source_panel__eligible_marker_selection_universe.tsv	active eligible marker-selection universe	NA	results/unsupervised/pan_cancer/enrichment/ranked_marker_source_panel/query_genes/ranked_marker_source_panel__direction_mixed_ranked.tsv	FALSE	TRUE	TRUE	query_size_below_3	3
ranked_marker_source_pan_cancer_panel	ranked_marker_source_panel__cohort_brca_direction_mixed	ranked_marker_source_panel__cohort_brca_direction_mixed	cohort_direction	cohort_direction	BRCA	NA	NA	NA	MIXED	2	results/unsupervised/pan_cancer/enrichment/ranked_marker_source_panel/query_genes/ranked_marker_source_panel__cohort_brca_direction_mixed.tsv	ranked_marker_source_panel__eligible_marker_selection_universe	1346	results/unsupervised/pan_cancer/enrichment/ranked_marker_source_panel/backgrounds/ranked_marker_source_panel__eligible_marker_selection_universe.tsv	active eligible marker-selection universe	NA	results/unsupervised/pan_cancer/enrichment/ranked_marker_source_panel/query_genes/ranked_marker_source_panel__cohort_brca_direction_mixed_ranked.tsv	FALSE	TRUE	TRUE	query_size_below_3	3
ranked_marker_source_pan_cancer_panel	ranked_marker_source_panel__cohort_nbl_direction_mixed	ranked_marker_source_panel__cohort_nbl_direction_mixed	cohort_direction	cohort_direction	NBL	NA	NA	NA	MIXED	0	results/unsupervised/pan_cancer/enrichment/ranked_marker_source_panel/query_genes/ranked_marker_source_panel__cohort_nbl_direction_mixed.tsv	ranked_marker_source_panel__eligible_marker_selection_universe	1346	results/unsupervised/pan_cancer/enrichment/ranked_marker_source_panel/backgrounds/ranked_marker_source_panel__eligible_marker_selection_universe.tsv	active eligible marker-selection universe	NA	results/unsupervised/pan_cancer/enrichment/ranked_marker_source_panel/query_genes/ranked_marker_source_panel__cohort_nbl_direction_mixed_ranked.tsv	FALSE	TRUE	TRUE	query_size_below_3	3
ranked_marker_source_pan_cancer_panel	ranked_marker_source_panel__cohort_rbl_direction_mixed	ranked_marker_source_panel__cohort_rbl_direction_mixed	cohort_direction	cohort_direction	RBL	NA	NA	NA	MIXED	0	results/unsupervised/pan_cancer/enrichment/ranked_marker_source_panel/query_genes/ranked_marker_source_panel__cohort_rbl_direction_mixed.tsv	ranked_marker_source_panel__eligible_marker_selection_universe	1346	results/unsupervised/pan_cancer/enrichment/ranked_marker_source_panel/backgrounds/ranked_marker_source_panel__eligible_marker_selection_universe.tsv	active eligible marker-selection universe	NA	results/unsupervised/pan_cancer/enrichment/ranked_marker_source_panel/query_genes/ranked_marker_source_panel__cohort_rbl_direction_mixed_ranked.tsv	FALSE	TRUE	TRUE	query_size_below_3	3
ranked_marker_source_pan_cancer_panel	ranked_marker_source_panel__marker_source_class_anchor_direction_mixed	ranked_marker_source_panel__marker_source_class_anchor_direction_mixed	marker_source_class_direction	marker_source_class_direction	ALL	anchor	NA	NA	MIXED	2	results/unsupervised/pan_cancer/enrichment/ranked_marker_source_panel/query_genes/ranked_marker_source_panel__marker_source_class_anchor_direction_mixed.tsv	ranked_marker_source_panel__eligible_marker_selection_universe	1346	results/unsupervised/pan_cancer/enrichment/ranked_marker_source_panel/backgrounds/ranked_marker_source_panel__eligible_marker_selection_universe.tsv	active eligible marker-selection universe	NA	results/unsupervised/pan_cancer/enrichment/ranked_marker_source_panel/query_genes/ranked_marker_source_panel__marker_source_class_anchor_direction_mixed_ranked.tsv	FALSE	TRUE	TRUE	query_size_below_3	3
ranked_marker_source_pan_cancer_panel	ranked_marker_source_panel__cohort_brca_marker_source_class_anchor_direction_mixed	ranked_marker_source_panel__cohort_brca_marker_source_class_anchor_direction_mixed	cohort_marker_source_class_direction	cohort_marker_source_class_direction	BRCA	anchor	NA	NA	MIXED	2	results/unsupervised/pan_cancer/enrichment/ranked_marker_source_panel/query_genes/ranked_marker_source_panel__cohort_brca_marker_source_class_anchor_direction_mixed.tsv	ranked_marker_source_panel__eligible_marker_selection_universe	1346	results/unsupervised/pan_cancer/enrichment/ranked_marker_source_panel/backgrounds/ranked_marker_source_panel__eligible_marker_selection_universe.tsv	active eligible marker-selection universe	NA	results/unsupervised/pan_cancer/enrichment/ranked_marker_source_panel/query_genes/ranked_marker_source_panel__cohort_brca_marker_source_class_anchor_direction_mixed_ranked.tsv	FALSE	TRUE	TRUE	query_size_below_3	3
ranked_marker_source_pan_cancer_panel	ranked_marker_source_panel__cohort_nbl_marker_source_class_anchor_direction_mixed	ranked_marker_source_panel__cohort_nbl_marker_source_class_anchor_direction_mixed	cohort_marker_source_class_direction	cohort_marker_source_class_direction	NBL	anchor	NA	NA	MIXED	0	results/unsupervised/pan_cancer/enrichment/ranked_marker_source_panel/query_genes/ranked_marker_source_panel__cohort_nbl_marker_source_class_anchor_direction_mixed.tsv	ranked_marker_source_panel__eligible_marker_selection_universe	1346	results/unsupervised/pan_cancer/enrichment/ranked_marker_source_panel/backgrounds/ranked_marker_source_panel__eligible_marker_selection_universe.tsv	active eligible marker-selection universe	NA	results/unsupervised/pan_cancer/enrichment/ranked_marker_source_panel/query_genes/ranked_marker_source_panel__cohort_nbl_marker_source_class_anchor_direction_mixed_ranked.tsv	FALSE	TRUE	TRUE	query_size_below_3	3
ranked_marker_source_pan_cancer_panel	ranked_marker_source_panel__cohort_rbl_marker_source_class_anchor_direction_mixed	ranked_marker_source_panel__cohort_rbl_marker_source_class_anchor_direction_mixed	cohort_marker_source_class_direction	cohort_marker_source_class_direction	RBL	anchor	NA	NA	MIXED	0	results/unsupervised/pan_cancer/enrichment/ranked_marker_source_panel/query_genes/ranked_marker_source_panel__cohort_rbl_marker_source_class_anchor_direction_mixed.tsv	ranked_marker_source_panel__eligible_marker_selection_universe	1346	results/unsupervised/pan_cancer/enrichment/ranked_marker_source_panel/backgrounds/ranked_marker_source_panel__eligible_marker_selection_universe.tsv	active eligible marker-selection universe	NA	results/unsupervised/pan_cancer/enrichment/ranked_marker_source_panel/query_genes/ranked_marker_source_panel__cohort_rbl_marker_source_class_anchor_direction_mixed_ranked.tsv	FALSE	TRUE	TRUE	query_size_below_3	3
ranked_marker_source_pan_cancer_panel	ranked_marker_source_panel__marker_source_class_isolate_direction_mixed	ranked_marker_source_panel__marker_source_class_isolate_direction_mixed	marker_source_class_direction	marker_source_class_direction	ALL	isolate	NA	NA	MIXED	1	results/unsupervised/pan_cancer/enrichment/ranked_marker_source_panel/query_genes/ranked_marker_source_panel__marker_source_class_isolate_direction_mixed.tsv	ranked_marker_source_panel__eligible_marker_selection_universe	1346	results/unsupervised/pan_cancer/enrichment/ranked_marker_source_panel/backgrounds/ranked_marker_source_panel__eligible_marker_selection_universe.tsv	active eligible marker-selection universe	NA	results/unsupervised/pan_cancer/enrichment/ranked_marker_source_panel/query_genes/ranked_marker_source_panel__marker_source_class_isolate_direction_mixed_ranked.tsv	FALSE	TRUE	TRUE	query_size_below_3	3
ranked_marker_source_pan_cancer_panel	ranked_marker_source_panel__cohort_brca_marker_source_class_isolate_direction_mixed	ranked_marker_source_panel__cohort_brca_marker_source_class_isolate_direction_mixed	cohort_marker_source_class_direction	cohort_marker_source_class_direction	BRCA	isolate	NA	NA	MIXED	1	results/unsupervised/pan_cancer/enrichment/ranked_marker_source_panel/query_genes/ranked_marker_source_panel__cohort_brca_marker_source_class_isolate_direction_mixed.tsv	ranked_marker_source_panel__eligible_marker_selection_universe	1346	results/unsupervised/pan_cancer/enrichment/ranked_marker_source_panel/backgrounds/ranked_marker_source_panel__eligible_marker_selection_universe.tsv	active eligible marker-selection universe	NA	results/unsupervised/pan_cancer/enrichment/ranked_marker_source_panel/query_genes/ranked_marker_source_panel__cohort_brca_marker_source_class_isolate_direction_mixed_ranked.tsv	FALSE	TRUE	TRUE	query_size_below_3	3
ranked_marker_source_pan_cancer_panel	ranked_marker_source_panel__cohort_nbl_marker_source_class_isolate_direction_mixed	ranked_marker_source_panel__cohort_nbl_marker_source_class_isolate_direction_mixed	cohort_marker_source_class_direction	cohort_marker_source_class_direction	NBL	isolate	NA	NA	MIXED	0	results/unsupervised/pan_cancer/enrichment/ranked_marker_source_panel/query_genes/ranked_marker_source_panel__cohort_nbl_marker_source_class_isolate_direction_mixed.tsv	ranked_marker_source_panel__eligible_marker_selection_universe	1346	results/unsupervised/pan_cancer/enrichment/ranked_marker_source_panel/backgrounds/ranked_marker_source_panel__eligible_marker_selection_universe.tsv	active eligible marker-selection universe	NA	results/unsupervised/pan_cancer/enrichment/ranked_marker_source_panel/query_genes/ranked_marker_source_panel__cohort_nbl_marker_source_class_isolate_direction_mixed_ranked.tsv	FALSE	TRUE	TRUE	query_size_below_3	3
ranked_marker_source_pan_cancer_panel	ranked_marker_source_panel__cohort_rbl_marker_source_class_isolate_direction_mixed	ranked_marker_source_panel__cohort_rbl_marker_source_class_isolate_direction_mixed	cohort_marker_source_class_direction	cohort_marker_source_class_direction	RBL	isolate	NA	NA	MIXED	0	results/unsupervised/pan_cancer/enrichment/ranked_marker_source_panel/query_genes/ranked_marker_source_panel__cohort_rbl_marker_source_class_isolate_direction_mixed.tsv	ranked_marker_source_panel__eligible_marker_selection_universe	1346	results/unsupervised/pan_cancer/enrichment/ranked_marker_source_panel/backgrounds/ranked_marker_source_panel__eligible_marker_selection_universe.tsv	active eligible marker-selection universe	NA	results/unsupervised/pan_cancer/enrichment/ranked_marker_source_panel/query_genes/ranked_marker_source_panel__cohort_rbl_marker_source_class_isolate_direction_mixed_ranked.tsv	FALSE	TRUE	TRUE	query_size_below_3	3
ranked_marker_source_pan_cancer_panel	ranked_marker_source_panel__contrast_brca_isolate_du_4475_vs_rest_all	ranked_marker_source_panel__contrast_brca_isolate_du_4475_vs_rest_all	per_contrast	per_contrast	BRCA	isolate	NA	isolate_DU_4475_vs_rest	ALL	50	results/unsupervised/pan_cancer/enrichment/ranked_marker_source_panel/query_genes/ranked_marker_source_panel__contrast_brca_isolate_du_4475_vs_rest_all.tsv	ranked_marker_source_panel__brca__isolate_du_4475_vs_rest__eligible_deseq2_background	18186	results/unsupervised/pan_cancer/enrichment/ranked_marker_source_panel/backgrounds/ranked_marker_source_panel__brca__isolate_du_4475_vs_rest__eligible_deseq2_background.tsv	contrast-specific eligible DESeq2-tested background	results/unsupervised/brca/deseq2_markers/markers/isolate_DU_4475_vs_rest_markers_top50.txt	results/unsupervised/pan_cancer/enrichment/ranked_marker_source_panel/query_genes/ranked_marker_source_panel__contrast_brca_isolate_du_4475_vs_rest_all_ranked.tsv	FALSE	TRUE	FALSE	NA	3
ranked_marker_source_pan_cancer_panel	ranked_marker_source_panel__contrast_brca_isolate_du_4475_vs_rest_up	ranked_marker_source_panel__contrast_brca_isolate_du_4475_vs_rest_up	per_contrast	per_contrast	BRCA	isolate	NA	isolate_DU_4475_vs_rest	UP	26	results/unsupervised/pan_cancer/enrichment/ranked_marker_source_panel/query_genes/ranked_marker_source_panel__contrast_brca_isolate_du_4475_vs_rest_up.tsv	ranked_marker_source_panel__brca__isolate_du_4475_vs_rest__eligible_deseq2_background	18186	results/unsupervised/pan_cancer/enrichment/ranked_marker_source_panel/backgrounds/ranked_marker_source_panel__brca__isolate_du_4475_vs_rest__eligible_deseq2_background.tsv	contrast-specific eligible DESeq2-tested background	results/unsupervised/brca/deseq2_markers/markers/isolate_DU_4475_vs_rest_markers_top50.txt	results/unsupervised/pan_cancer/enrichment/ranked_marker_source_panel/query_genes/ranked_marker_source_panel__contrast_brca_isolate_du_4475_vs_rest_up_ranked.tsv	FALSE	TRUE	FALSE	NA	3
ranked_marker_source_pan_cancer_panel	ranked_marker_source_panel__contrast_brca_isolate_du_4475_vs_rest_down	ranked_marker_source_panel__contrast_brca_isolate_du_4475_vs_rest_down	per_contrast	per_contrast	BRCA	isolate	NA	isolate_DU_4475_vs_rest	DOWN	24	results/unsupervised/pan_cancer/enrichment/ranked_marker_source_panel/query_genes/ranked_marker_source_panel__contrast_brca_isolate_du_4475_vs_rest_down.tsv	ranked_marker_source_panel__brca__isolate_du_4475_vs_rest__eligible_deseq2_background	18186	results/unsupervised/pan_cancer/enrichment/ranked_marker_source_panel/backgrounds/ranked_marker_source_panel__brca__isolate_du_4475_vs_rest__eligible_deseq2_background.tsv	contrast-specific eligible DESeq2-tested background	results/unsupervised/brca/deseq2_markers/markers/isolate_DU_4475_vs_rest_markers_top50.txt	results/unsupervised/pan_cancer/enrichment/ranked_marker_source_panel/query_genes/ranked_marker_source_panel__contrast_brca_isolate_du_4475_vs_rest_down_ranked.tsv	FALSE	TRUE	FALSE	NA	3
ranked_marker_source_pan_cancer_panel	ranked_marker_source_panel__contrast_brca_isolate_iph_926_vs_rest_all	ranked_marker_source_panel__contrast_brca_isolate_iph_926_vs_rest_all	per_contrast	per_contrast	BRCA	isolate	NA	isolate_IPH_926_vs_rest	ALL	50	results/unsupervised/pan_cancer/enrichment/ranked_marker_source_panel/query_genes/ranked_marker_source_panel__contrast_brca_isolate_iph_926_vs_rest_all.tsv	ranked_marker_source_panel__brca__isolate_iph_926_vs_rest__eligible_deseq2_background	17341	results/unsupervised/pan_cancer/enrichment/ranked_marker_source_panel/backgrounds/ranked_marker_source_panel__brca__isolate_iph_926_vs_rest__eligible_deseq2_background.tsv	contrast-specific eligible DESeq2-tested background	results/unsupervised/brca/deseq2_markers/markers/isolate_IPH_926_vs_rest_markers_top50.txt	results/unsupervised/pan_cancer/enrichment/ranked_marker_source_panel/query_genes/ranked_marker_source_panel__contrast_brca_isolate_iph_926_vs_rest_all_ranked.tsv	FALSE	TRUE	FALSE	NA	3
ranked_marker_source_pan_cancer_panel	ranked_marker_source_panel__contrast_brca_isolate_iph_926_vs_rest_up	ranked_marker_source_panel__contrast_brca_isolate_iph_926_vs_rest_up	per_contrast	per_contrast	BRCA	isolate	NA	isolate_IPH_926_vs_rest	UP	5	results/unsupervised/pan_cancer/enrichment/ranked_marker_source_panel/query_genes/ranked_marker_source_panel__contrast_brca_isolate_iph_926_vs_rest_up.tsv	ranked_marker_source_panel__brca__isolate_iph_926_vs_rest__eligible_deseq2_background	17341	results/unsupervised/pan_cancer/enrichment/ranked_marker_source_panel/backgrounds/ranked_marker_source_panel__brca__isolate_iph_926_vs_rest__eligible_deseq2_background.tsv	contrast-specific eligible DESeq2-tested background	results/unsupervised/brca/deseq2_markers/markers/isolate_IPH_926_vs_rest_markers_top50.txt	results/unsupervised/pan_cancer/enrichment/ranked_marker_source_panel/query_genes/ranked_marker_source_panel__contrast_brca_isolate_iph_926_vs_rest_up_ranked.tsv	FALSE	TRUE	FALSE	NA	3
ranked_marker_source_pan_cancer_panel	ranked_marker_source_panel__contrast_brca_isolate_iph_926_vs_rest_down	ranked_marker_source_panel__contrast_brca_isolate_iph_926_vs_rest_down	per_contrast	per_contrast	BRCA	isolate	NA	isolate_IPH_926_vs_rest	DOWN	45	results/unsupervised/pan_cancer/enrichment/ranked_marker_source_panel/query_genes/ranked_marker_source_panel__contrast_brca_isolate_iph_926_vs_rest_down.tsv	ranked_marker_source_panel__brca__isolate_iph_926_vs_rest__eligible_deseq2_background	17341	results/unsupervised/pan_cancer/enrichment/ranked_marker_source_panel/backgrounds/ranked_marker_source_panel__brca__isolate_iph_926_vs_rest__eligible_deseq2_background.tsv	contrast-specific eligible DESeq2-tested background	results/unsupervised/brca/deseq2_markers/markers/isolate_IPH_926_vs_rest_markers_top50.txt	results/unsupervised/pan_cancer/enrichment/ranked_marker_source_panel/query_genes/ranked_marker_source_panel__contrast_brca_isolate_iph_926_vs_rest_down_ranked.tsv	FALSE	TRUE	FALSE	NA	3
ranked_marker_source_pan_cancer_panel	ranked_marker_source_panel__contrast_brca_isolate_sk_br_3_vs_rest_all	ranked_marker_source_panel__contrast_brca_isolate_sk_br_3_vs_rest_all	per_contrast	per_contrast	BRCA	isolate	NA	isolate_SK_BR_3_vs_rest	ALL	50	results/unsupervised/pan_cancer/enrichment/ranked_marker_source_panel/query_genes/ranked_marker_source_panel__contrast_brca_isolate_sk_br_3_vs_rest_all.tsv	ranked_marker_source_panel__brca__isolate_sk_br_3_vs_rest__eligible_deseq2_background	17636	results/unsupervised/pan_cancer/enrichment/ranked_marker_source_panel/backgrounds/ranked_marker_source_panel__brca__isolate_sk_br_3_vs_rest__eligible_deseq2_background.tsv	contrast-specific eligible DESeq2-tested background	results/unsupervised/brca/deseq2_markers/markers/isolate_SK_BR_3_vs_rest_markers_top50.txt	results/unsupervised/pan_cancer/enrichment/ranked_marker_source_panel/query_genes/ranked_marker_source_panel__contrast_brca_isolate_sk_br_3_vs_rest_all_ranked.tsv	FALSE	TRUE	FALSE	NA	3
ranked_marker_source_pan_cancer_panel	ranked_marker_source_panel__contrast_brca_isolate_sk_br_3_vs_rest_up	ranked_marker_source_panel__contrast_brca_isolate_sk_br_3_vs_rest_up	per_contrast	per_contrast	BRCA	isolate	NA	isolate_SK_BR_3_vs_rest	UP	6	results/unsupervised/pan_cancer/enrichment/ranked_marker_source_panel/query_genes/ranked_marker_source_panel__contrast_brca_isolate_sk_br_3_vs_rest_up.tsv	ranked_marker_source_panel__brca__isolate_sk_br_3_vs_rest__eligible_deseq2_background	17636	results/unsupervised/pan_cancer/enrichment/ranked_marker_source_panel/backgrounds/ranked_marker_source_panel__brca__isolate_sk_br_3_vs_rest__eligible_deseq2_background.tsv	contrast-specific eligible DESeq2-tested background	results/unsupervised/brca/deseq2_markers/markers/isolate_SK_BR_3_vs_rest_markers_top50.txt	results/unsupervised/pan_cancer/enrichment/ranked_marker_source_panel/query_genes/ranked_marker_source_panel__contrast_brca_isolate_sk_br_3_vs_rest_up_ranked.tsv	FALSE	TRUE	FALSE	NA	3
ranked_marker_source_pan_cancer_panel	ranked_marker_source_panel__contrast_brca_isolate_sk_br_3_vs_rest_down	ranked_marker_source_panel__contrast_brca_isolate_sk_br_3_vs_rest_down	per_contrast	per_contrast	BRCA	isolate	NA	isolate_SK_BR_3_vs_rest	DOWN	44	results/unsupervised/pan_cancer/enrichment/ranked_marker_source_panel/query_genes/ranked_marker_source_panel__contrast_brca_isolate_sk_br_3_vs_rest_down.tsv	ranked_marker_source_panel__brca__isolate_sk_br_3_vs_rest__eligible_deseq2_background	17636	results/unsupervised/pan_cancer/enrichment/ranked_marker_source_panel/backgrounds/ranked_marker_source_panel__brca__isolate_sk_br_3_vs_rest__eligible_deseq2_background.tsv	contrast-specific eligible DESeq2-tested background	results/unsupervised/brca/deseq2_markers/markers/isolate_SK_BR_3_vs_rest_markers_top50.txt	results/unsupervised/pan_cancer/enrichment/ranked_marker_source_panel/query_genes/ranked_marker_source_panel__contrast_brca_isolate_sk_br_3_vs_rest_down_ranked.tsv	FALSE	TRUE	FALSE	NA	3
ranked_marker_source_pan_cancer_panel	ranked_marker_source_panel__contrast_brca_anchor_efm_192c_vs_outside_component_0_all	ranked_marker_source_panel__contrast_brca_anchor_efm_192c_vs_outside_component_0_all	per_contrast	per_contrast	BRCA	anchor	NA	anchor_EFM_192C_vs_outside_component_0	ALL	200	results/unsupervised/pan_cancer/enrichment/ranked_marker_source_panel/query_genes/ranked_marker_source_panel__contrast_brca_anchor_efm_192c_vs_outside_component_0_all.tsv	ranked_marker_source_panel__brca__anchor_efm_192c_vs_outside_component_0__eligible_deseq2_background	17359	results/unsupervised/pan_cancer/enrichment/ranked_marker_source_panel/backgrounds/ranked_marker_source_panel__brca__anchor_efm_192c_vs_outside_component_0__eligible_deseq2_background.tsv	contrast-specific eligible DESeq2-tested background	results/unsupervised/brca/deseq2_markers/markers/anchor_EFM_192C_vs_outside_component_0_markers_top200.txt	results/unsupervised/pan_cancer/enrichment/ranked_marker_source_panel/query_genes/ranked_marker_source_panel__contrast_brca_anchor_efm_192c_vs_outside_component_0_all_ranked.tsv	FALSE	TRUE	FALSE	NA	3
ranked_marker_source_pan_cancer_panel	ranked_marker_source_panel__contrast_brca_anchor_efm_192c_vs_outside_component_0_up	ranked_marker_source_panel__contrast_brca_anchor_efm_192c_vs_outside_component_0_up	per_contrast	per_contrast	BRCA	anchor	NA	anchor_EFM_192C_vs_outside_component_0	UP	35	results/unsupervised/pan_cancer/enrichment/ranked_marker_source_panel/query_genes/ranked_marker_source_panel__contrast_brca_anchor_efm_192c_vs_outside_component_0_up.tsv	ranked_marker_source_panel__brca__anchor_efm_192c_vs_outside_component_0__eligible_deseq2_background	17359	results/unsupervised/pan_cancer/enrichment/ranked_marker_source_panel/backgrounds/ranked_marker_source_panel__brca__anchor_efm_192c_vs_outside_component_0__eligible_deseq2_background.tsv	contrast-specific eligible DESeq2-tested background	results/unsupervised/brca/deseq2_markers/markers/anchor_EFM_192C_vs_outside_component_0_markers_top200.txt	results/unsupervised/pan_cancer/enrichment/ranked_marker_source_panel/query_genes/ranked_marker_source_panel__contrast_brca_anchor_efm_192c_vs_outside_component_0_up_ranked.tsv	FALSE	TRUE	FALSE	NA	3
ranked_marker_source_pan_cancer_panel	ranked_marker_source_panel__contrast_brca_anchor_efm_192c_vs_outside_component_0_down	ranked_marker_source_panel__contrast_brca_anchor_efm_192c_vs_outside_component_0_down	per_contrast	per_contrast	BRCA	anchor	NA	anchor_EFM_192C_vs_outside_component_0	DOWN	165	results/unsupervised/pan_cancer/enrichment/ranked_marker_source_panel/query_genes/ranked_marker_source_panel__contrast_brca_anchor_efm_192c_vs_outside_component_0_down.tsv	ranked_marker_source_panel__brca__anchor_efm_192c_vs_outside_component_0__eligible_deseq2_background	17359	results/unsupervised/pan_cancer/enrichment/ranked_marker_source_panel/backgrounds/ranked_marker_source_panel__brca__anchor_efm_192c_vs_outside_component_0__eligible_deseq2_background.tsv	contrast-specific eligible DESeq2-tested background	results/unsupervised/brca/deseq2_markers/markers/anchor_EFM_192C_vs_outside_component_0_markers_top200.txt	results/unsupervised/pan_cancer/enrichment/ranked_marker_source_panel/query_genes/ranked_marker_source_panel__contrast_brca_anchor_efm_192c_vs_outside_component_0_down_ranked.tsv	FALSE	TRUE	FALSE	NA	3
ranked_marker_source_pan_cancer_panel	ranked_marker_source_panel__contrast_brca_anchor_hcc_1143_vs_outside_component_1_all	ranked_marker_source_panel__contrast_brca_anchor_hcc_1143_vs_outside_component_1_all	per_contrast	per_contrast	BRCA	anchor	NA	anchor_HCC_1143_vs_outside_component_1	ALL	200	results/unsupervised/pan_cancer/enrichment/ranked_marker_source_panel/query_genes/ranked_marker_source_panel__contrast_brca_anchor_hcc_1143_vs_outside_component_1_all.tsv	ranked_marker_source_panel__brca__anchor_hcc_1143_vs_outside_component_1__eligible_deseq2_background	17109	results/unsupervised/pan_cancer/enrichment/ranked_marker_source_panel/backgrounds/ranked_marker_source_panel__brca__anchor_hcc_1143_vs_outside_component_1__eligible_deseq2_background.tsv	contrast-specific eligible DESeq2-tested background	results/unsupervised/brca/deseq2_markers/markers/anchor_HCC_1143_vs_outside_component_1_markers_top200.txt	results/unsupervised/pan_cancer/enrichment/ranked_marker_source_panel/query_genes/ranked_marker_source_panel__contrast_brca_anchor_hcc_1143_vs_outside_component_1_all_ranked.tsv	FALSE	TRUE	FALSE	NA	3
ranked_marker_source_pan_cancer_panel	ranked_marker_source_panel__contrast_brca_anchor_hcc_1143_vs_outside_component_1_up	ranked_marker_source_panel__contrast_brca_anchor_hcc_1143_vs_outside_component_1_up	per_contrast	per_contrast	BRCA	anchor	NA	anchor_HCC_1143_vs_outside_component_1	UP	61	results/unsupervised/pan_cancer/enrichment/ranked_marker_source_panel/query_genes/ranked_marker_source_panel__contrast_brca_anchor_hcc_1143_vs_outside_component_1_up.tsv	ranked_marker_source_panel__brca__anchor_hcc_1143_vs_outside_component_1__eligible_deseq2_background	17109	results/unsupervised/pan_cancer/enrichment/ranked_marker_source_panel/backgrounds/ranked_marker_source_panel__brca__anchor_hcc_1143_vs_outside_component_1__eligible_deseq2_background.tsv	contrast-specific eligible DESeq2-tested background	results/unsupervised/brca/deseq2_markers/markers/anchor_HCC_1143_vs_outside_component_1_markers_top200.txt	results/unsupervised/pan_cancer/enrichment/ranked_marker_source_panel/query_genes/ranked_marker_source_panel__contrast_brca_anchor_hcc_1143_vs_outside_component_1_up_ranked.tsv	FALSE	TRUE	FALSE	NA	3
ranked_marker_source_pan_cancer_panel	ranked_marker_source_panel__contrast_brca_anchor_hcc_1143_vs_outside_component_1_down	ranked_marker_source_panel__contrast_brca_anchor_hcc_1143_vs_outside_component_1_down	per_contrast	per_contrast	BRCA	anchor	NA	anchor_HCC_1143_vs_outside_component_1	DOWN	139	results/unsupervised/pan_cancer/enrichment/ranked_marker_source_panel/query_genes/ranked_marker_source_panel__contrast_brca_anchor_hcc_1143_vs_outside_component_1_down.tsv	ranked_marker_source_panel__brca__anchor_hcc_1143_vs_outside_component_1__eligible_deseq2_background	17109	results/unsupervised/pan_cancer/enrichment/ranked_marker_source_panel/backgrounds/ranked_marker_source_panel__brca__anchor_hcc_1143_vs_outside_component_1__eligible_deseq2_background.tsv	contrast-specific eligible DESeq2-tested background	results/unsupervised/brca/deseq2_markers/markers/anchor_HCC_1143_vs_outside_component_1_markers_top200.txt	results/unsupervised/pan_cancer/enrichment/ranked_marker_source_panel/query_genes/ranked_marker_source_panel__contrast_brca_anchor_hcc_1143_vs_outside_component_1_down_ranked.tsv	FALSE	TRUE	FALSE	NA	3
ranked_marker_source_pan_cancer_panel	ranked_marker_source_panel__contrast_brca_anchor_mda_mb_231_vs_outside_component_1_all	ranked_marker_source_panel__contrast_brca_anchor_mda_mb_231_vs_outside_component_1_all	per_contrast	per_contrast	BRCA	anchor	NA	anchor_MDA_MB_231_vs_outside_component_1	ALL	200	results/unsupervised/pan_cancer/enrichment/ranked_marker_source_panel/query_genes/ranked_marker_source_panel__contrast_brca_anchor_mda_mb_231_vs_outside_component_1_all.tsv	ranked_marker_source_panel__brca__anchor_mda_mb_231_vs_outside_component_1__eligible_deseq2_background	16268	results/unsupervised/pan_cancer/enrichment/ranked_marker_source_panel/backgrounds/ranked_marker_source_panel__brca__anchor_mda_mb_231_vs_outside_component_1__eligible_deseq2_background.tsv	contrast-specific eligible DESeq2-tested background	results/unsupervised/brca/deseq2_markers/markers/anchor_MDA_MB_231_vs_outside_component_1_markers_top200.txt	results/unsupervised/pan_cancer/enrichment/ranked_marker_source_panel/query_genes/ranked_marker_source_panel__contrast_brca_anchor_mda_mb_231_vs_outside_component_1_all_ranked.tsv	FALSE	TRUE	FALSE	NA	3
ranked_marker_source_pan_cancer_panel	ranked_marker_source_panel__contrast_brca_anchor_mda_mb_231_vs_outside_component_1_up	ranked_marker_source_panel__contrast_brca_anchor_mda_mb_231_vs_outside_component_1_up	per_contrast	per_contrast	BRCA	anchor	NA	anchor_MDA_MB_231_vs_outside_component_1	UP	57	results/unsupervised/pan_cancer/enrichment/ranked_marker_source_panel/query_genes/ranked_marker_source_panel__contrast_brca_anchor_mda_mb_231_vs_outside_component_1_up.tsv	ranked_marker_source_panel__brca__anchor_mda_mb_231_vs_outside_component_1__eligible_deseq2_background	16268	results/unsupervised/pan_cancer/enrichment/ranked_marker_source_panel/backgrounds/ranked_marker_source_panel__brca__anchor_mda_mb_231_vs_outside_component_1__eligible_deseq2_background.tsv	contrast-specific eligible DESeq2-tested background	results/unsupervised/brca/deseq2_markers/markers/anchor_MDA_MB_231_vs_outside_component_1_markers_top200.txt	results/unsupervised/pan_cancer/enrichment/ranked_marker_source_panel/query_genes/ranked_marker_source_panel__contrast_brca_anchor_mda_mb_231_vs_outside_component_1_up_ranked.tsv	FALSE	TRUE	FALSE	NA	3
ranked_marker_source_pan_cancer_panel	ranked_marker_source_panel__contrast_brca_anchor_mda_mb_231_vs_outside_component_1_down	ranked_marker_source_panel__contrast_brca_anchor_mda_mb_231_vs_outside_component_1_down	per_contrast	per_contrast	BRCA	anchor	NA	anchor_MDA_MB_231_vs_outside_component_1	DOWN	143	results/unsupervised/pan_cancer/enrichment/ranked_marker_source_panel/query_genes/ranked_marker_source_panel__contrast_brca_anchor_mda_mb_231_vs_outside_component_1_down.tsv	ranked_marker_source_panel__brca__anchor_mda_mb_231_vs_outside_component_1__eligible_deseq2_background	16268	results/unsupervised/pan_cancer/enrichment/ranked_marker_source_panel/backgrounds/ranked_marker_source_panel__brca__anchor_mda_mb_231_vs_outside_component_1__eligible_deseq2_background.tsv	contrast-specific eligible DESeq2-tested background	results/unsupervised/brca/deseq2_markers/markers/anchor_MDA_MB_231_vs_outside_component_1_markers_top200.txt	results/unsupervised/pan_cancer/enrichment/ranked_marker_source_panel/query_genes/ranked_marker_source_panel__contrast_brca_anchor_mda_mb_231_vs_outside_component_1_down_ranked.tsv	FALSE	TRUE	FALSE	NA	3
ranked_marker_source_pan_cancer_panel	ranked_marker_source_panel__contrast_brca_anchor_mda_mb_468_vs_outside_component_2_all	ranked_marker_source_panel__contrast_brca_anchor_mda_mb_468_vs_outside_component_2_all	per_contrast	per_contrast	BRCA	anchor	NA	anchor_MDA_MB_468_vs_outside_component_2	ALL	45	results/unsupervised/pan_cancer/enrichment/ranked_marker_source_panel/query_genes/ranked_marker_source_panel__contrast_brca_anchor_mda_mb_468_vs_outside_component_2_all.tsv	ranked_marker_source_panel__brca__anchor_mda_mb_468_vs_outside_component_2__eligible_deseq2_background	17485	results/unsupervised/pan_cancer/enrichment/ranked_marker_source_panel/backgrounds/ranked_marker_source_panel__brca__anchor_mda_mb_468_vs_outside_component_2__eligible_deseq2_background.tsv	contrast-specific eligible DESeq2-tested background	results/unsupervised/brca/deseq2_markers/markers/anchor_MDA_MB_468_vs_outside_component_2_markers_top200.txt	results/unsupervised/pan_cancer/enrichment/ranked_marker_source_panel/query_genes/ranked_marker_source_panel__contrast_brca_anchor_mda_mb_468_vs_outside_component_2_all_ranked.tsv	FALSE	TRUE	FALSE	NA	3
ranked_marker_source_pan_cancer_panel	ranked_marker_source_panel__contrast_brca_anchor_mda_mb_468_vs_outside_component_2_up	ranked_marker_source_panel__contrast_brca_anchor_mda_mb_468_vs_outside_component_2_up	per_contrast	per_contrast	BRCA	anchor	NA	anchor_MDA_MB_468_vs_outside_component_2	UP	14	results/unsupervised/pan_cancer/enrichment/ranked_marker_source_panel/query_genes/ranked_marker_source_panel__contrast_brca_anchor_mda_mb_468_vs_outside_component_2_up.tsv	ranked_marker_source_panel__brca__anchor_mda_mb_468_vs_outside_component_2__eligible_deseq2_background	17485	results/unsupervised/pan_cancer/enrichment/ranked_marker_source_panel/backgrounds/ranked_marker_source_panel__brca__anchor_mda_mb_468_vs_outside_component_2__eligible_deseq2_background.tsv	contrast-specific eligible DESeq2-tested background	results/unsupervised/brca/deseq2_markers/markers/anchor_MDA_MB_468_vs_outside_component_2_markers_top200.txt	results/unsupervised/pan_cancer/enrichment/ranked_marker_source_panel/query_genes/ranked_marker_source_panel__contrast_brca_anchor_mda_mb_468_vs_outside_component_2_up_ranked.tsv	FALSE	TRUE	FALSE	NA	3
ranked_marker_source_pan_cancer_panel	ranked_marker_source_panel__contrast_brca_anchor_mda_mb_468_vs_outside_component_2_down	ranked_marker_source_panel__contrast_brca_anchor_mda_mb_468_vs_outside_component_2_down	per_contrast	per_contrast	BRCA	anchor	NA	anchor_MDA_MB_468_vs_outside_component_2	DOWN	31	results/unsupervised/pan_cancer/enrichment/ranked_marker_source_panel/query_genes/ranked_marker_source_panel__contrast_brca_anchor_mda_mb_468_vs_outside_component_2_down.tsv	ranked_marker_source_panel__brca__anchor_mda_mb_468_vs_outside_component_2__eligible_deseq2_background	17485	results/unsupervised/pan_cancer/enrichment/ranked_marker_source_panel/backgrounds/ranked_marker_source_panel__brca__anchor_mda_mb_468_vs_outside_component_2__eligible_deseq2_background.tsv	contrast-specific eligible DESeq2-tested background	results/unsupervised/brca/deseq2_markers/markers/anchor_MDA_MB_468_vs_outside_component_2_markers_top200.txt	results/unsupervised/pan_cancer/enrichment/ranked_marker_source_panel/query_genes/ranked_marker_source_panel__contrast_brca_anchor_mda_mb_468_vs_outside_component_2_down_ranked.tsv	FALSE	TRUE	FALSE	NA	3
ranked_marker_source_pan_cancer_panel	ranked_marker_source_panel__contrast_nbl_isolate_lan6_vs_rest_all	ranked_marker_source_panel__contrast_nbl_isolate_lan6_vs_rest_all	per_contrast	per_contrast	NBL	isolate	NA	isolate_LAN6_vs_rest	ALL	50	results/unsupervised/pan_cancer/enrichment/ranked_marker_source_panel/query_genes/ranked_marker_source_panel__contrast_nbl_isolate_lan6_vs_rest_all.tsv	ranked_marker_source_panel__nbl__isolate_lan6_vs_rest__eligible_deseq2_background	17397	results/unsupervised/pan_cancer/enrichment/ranked_marker_source_panel/backgrounds/ranked_marker_source_panel__nbl__isolate_lan6_vs_rest__eligible_deseq2_background.tsv	contrast-specific eligible DESeq2-tested background	results/unsupervised/nbl/deseq2_markers/markers/isolate_LAN6_vs_rest_markers_top50.txt	results/unsupervised/pan_cancer/enrichment/ranked_marker_source_panel/query_genes/ranked_marker_source_panel__contrast_nbl_isolate_lan6_vs_rest_all_ranked.tsv	FALSE	TRUE	FALSE	NA	3
ranked_marker_source_pan_cancer_panel	ranked_marker_source_panel__contrast_nbl_isolate_lan6_vs_rest_up	ranked_marker_source_panel__contrast_nbl_isolate_lan6_vs_rest_up	per_contrast	per_contrast	NBL	isolate	NA	isolate_LAN6_vs_rest	UP	7	results/unsupervised/pan_cancer/enrichment/ranked_marker_source_panel/query_genes/ranked_marker_source_panel__contrast_nbl_isolate_lan6_vs_rest_up.tsv	ranked_marker_source_panel__nbl__isolate_lan6_vs_rest__eligible_deseq2_background	17397	results/unsupervised/pan_cancer/enrichment/ranked_marker_source_panel/backgrounds/ranked_marker_source_panel__nbl__isolate_lan6_vs_rest__eligible_deseq2_background.tsv	contrast-specific eligible DESeq2-tested background	results/unsupervised/nbl/deseq2_markers/markers/isolate_LAN6_vs_rest_markers_top50.txt	results/unsupervised/pan_cancer/enrichment/ranked_marker_source_panel/query_genes/ranked_marker_source_panel__contrast_nbl_isolate_lan6_vs_rest_up_ranked.tsv	FALSE	TRUE	FALSE	NA	3
ranked_marker_source_pan_cancer_panel	ranked_marker_source_panel__contrast_nbl_isolate_lan6_vs_rest_down	ranked_marker_source_panel__contrast_nbl_isolate_lan6_vs_rest_down	per_contrast	per_contrast	NBL	isolate	NA	isolate_LAN6_vs_rest	DOWN	43	results/unsupervised/pan_cancer/enrichment/ranked_marker_source_panel/query_genes/ranked_marker_source_panel__contrast_nbl_isolate_lan6_vs_rest_down.tsv	ranked_marker_source_panel__nbl__isolate_lan6_vs_rest__eligible_deseq2_background	17397	results/unsupervised/pan_cancer/enrichment/ranked_marker_source_panel/backgrounds/ranked_marker_source_panel__nbl__isolate_lan6_vs_rest__eligible_deseq2_background.tsv	contrast-specific eligible DESeq2-tested background	results/unsupervised/nbl/deseq2_markers/markers/isolate_LAN6_vs_rest_markers_top50.txt	results/unsupervised/pan_cancer/enrichment/ranked_marker_source_panel/query_genes/ranked_marker_source_panel__contrast_nbl_isolate_lan6_vs_rest_down_ranked.tsv	FALSE	TRUE	FALSE	NA	3
ranked_marker_source_pan_cancer_panel	ranked_marker_source_panel__contrast_nbl_isolate_mhh_nb_11_vs_rest_all	ranked_marker_source_panel__contrast_nbl_isolate_mhh_nb_11_vs_rest_all	per_contrast	per_contrast	NBL	isolate	NA	isolate_MHH_NB_11_vs_rest	ALL	15	results/unsupervised/pan_cancer/enrichment/ranked_marker_source_panel/query_genes/ranked_marker_source_panel__contrast_nbl_isolate_mhh_nb_11_vs_rest_all.tsv	ranked_marker_source_panel__nbl__isolate_mhh_nb_11_vs_rest__eligible_deseq2_background	17877	results/unsupervised/pan_cancer/enrichment/ranked_marker_source_panel/backgrounds/ranked_marker_source_panel__nbl__isolate_mhh_nb_11_vs_rest__eligible_deseq2_background.tsv	contrast-specific eligible DESeq2-tested background	results/unsupervised/nbl/deseq2_markers/markers/isolate_MHH_NB_11_vs_rest_markers_top50.txt	results/unsupervised/pan_cancer/enrichment/ranked_marker_source_panel/query_genes/ranked_marker_source_panel__contrast_nbl_isolate_mhh_nb_11_vs_rest_all_ranked.tsv	FALSE	TRUE	FALSE	NA	3
ranked_marker_source_pan_cancer_panel	ranked_marker_source_panel__contrast_nbl_isolate_mhh_nb_11_vs_rest_up	ranked_marker_source_panel__contrast_nbl_isolate_mhh_nb_11_vs_rest_up	per_contrast	per_contrast	NBL	isolate	NA	isolate_MHH_NB_11_vs_rest	UP	4	results/unsupervised/pan_cancer/enrichment/ranked_marker_source_panel/query_genes/ranked_marker_source_panel__contrast_nbl_isolate_mhh_nb_11_vs_rest_up.tsv	ranked_marker_source_panel__nbl__isolate_mhh_nb_11_vs_rest__eligible_deseq2_background	17877	results/unsupervised/pan_cancer/enrichment/ranked_marker_source_panel/backgrounds/ranked_marker_source_panel__nbl__isolate_mhh_nb_11_vs_rest__eligible_deseq2_background.tsv	contrast-specific eligible DESeq2-tested background	results/unsupervised/nbl/deseq2_markers/markers/isolate_MHH_NB_11_vs_rest_markers_top50.txt	results/unsupervised/pan_cancer/enrichment/ranked_marker_source_panel/query_genes/ranked_marker_source_panel__contrast_nbl_isolate_mhh_nb_11_vs_rest_up_ranked.tsv	FALSE	TRUE	FALSE	NA	3
ranked_marker_source_pan_cancer_panel	ranked_marker_source_panel__contrast_nbl_isolate_mhh_nb_11_vs_rest_down	ranked_marker_source_panel__contrast_nbl_isolate_mhh_nb_11_vs_rest_down	per_contrast	per_contrast	NBL	isolate	NA	isolate_MHH_NB_11_vs_rest	DOWN	11	results/unsupervised/pan_cancer/enrichment/ranked_marker_source_panel/query_genes/ranked_marker_source_panel__contrast_nbl_isolate_mhh_nb_11_vs_rest_down.tsv	ranked_marker_source_panel__nbl__isolate_mhh_nb_11_vs_rest__eligible_deseq2_background	17877	results/unsupervised/pan_cancer/enrichment/ranked_marker_source_panel/backgrounds/ranked_marker_source_panel__nbl__isolate_mhh_nb_11_vs_rest__eligible_deseq2_background.tsv	contrast-specific eligible DESeq2-tested background	results/unsupervised/nbl/deseq2_markers/markers/isolate_MHH_NB_11_vs_rest_markers_top50.txt	results/unsupervised/pan_cancer/enrichment/ranked_marker_source_panel/query_genes/ranked_marker_source_panel__contrast_nbl_isolate_mhh_nb_11_vs_rest_down_ranked.tsv	FALSE	TRUE	FALSE	NA	3
ranked_marker_source_pan_cancer_panel	ranked_marker_source_panel__contrast_nbl_isolate_sh_sy5y_vs_rest_all	ranked_marker_source_panel__contrast_nbl_isolate_sh_sy5y_vs_rest_all	per_contrast	per_contrast	NBL	isolate	NA	isolate_SH_SY5Y_vs_rest	ALL	6	results/unsupervised/pan_cancer/enrichment/ranked_marker_source_panel/query_genes/ranked_marker_source_panel__contrast_nbl_isolate_sh_sy5y_vs_rest_all.tsv	ranked_marker_source_panel__nbl__isolate_sh_sy5y_vs_rest__eligible_deseq2_background	16942	results/unsupervised/pan_cancer/enrichment/ranked_marker_source_panel/backgrounds/ranked_marker_source_panel__nbl__isolate_sh_sy5y_vs_rest__eligible_deseq2_background.tsv	contrast-specific eligible DESeq2-tested background	results/unsupervised/nbl/deseq2_markers/markers/isolate_SH_SY5Y_vs_rest_markers_top50.txt	results/unsupervised/pan_cancer/enrichment/ranked_marker_source_panel/query_genes/ranked_marker_source_panel__contrast_nbl_isolate_sh_sy5y_vs_rest_all_ranked.tsv	FALSE	TRUE	FALSE	NA	3
ranked_marker_source_pan_cancer_panel	ranked_marker_source_panel__contrast_nbl_isolate_sh_sy5y_vs_rest_up	ranked_marker_source_panel__contrast_nbl_isolate_sh_sy5y_vs_rest_up	per_contrast	per_contrast	NBL	isolate	NA	isolate_SH_SY5Y_vs_rest	UP	1	results/unsupervised/pan_cancer/enrichment/ranked_marker_source_panel/query_genes/ranked_marker_source_panel__contrast_nbl_isolate_sh_sy5y_vs_rest_up.tsv	ranked_marker_source_panel__nbl__isolate_sh_sy5y_vs_rest__eligible_deseq2_background	16942	results/unsupervised/pan_cancer/enrichment/ranked_marker_source_panel/backgrounds/ranked_marker_source_panel__nbl__isolate_sh_sy5y_vs_rest__eligible_deseq2_background.tsv	contrast-specific eligible DESeq2-tested background	results/unsupervised/nbl/deseq2_markers/markers/isolate_SH_SY5Y_vs_rest_markers_top50.txt	results/unsupervised/pan_cancer/enrichment/ranked_marker_source_panel/query_genes/ranked_marker_source_panel__contrast_nbl_isolate_sh_sy5y_vs_rest_up_ranked.tsv	FALSE	TRUE	TRUE	query_size_below_3	3
ranked_marker_source_pan_cancer_panel	ranked_marker_source_panel__contrast_nbl_isolate_sh_sy5y_vs_rest_down	ranked_marker_source_panel__contrast_nbl_isolate_sh_sy5y_vs_rest_down	per_contrast	per_contrast	NBL	isolate	NA	isolate_SH_SY5Y_vs_rest	DOWN	5	results/unsupervised/pan_cancer/enrichment/ranked_marker_source_panel/query_genes/ranked_marker_source_panel__contrast_nbl_isolate_sh_sy5y_vs_rest_down.tsv	ranked_marker_source_panel__nbl__isolate_sh_sy5y_vs_rest__eligible_deseq2_background	16942	results/unsupervised/pan_cancer/enrichment/ranked_marker_source_panel/backgrounds/ranked_marker_source_panel__nbl__isolate_sh_sy5y_vs_rest__eligible_deseq2_background.tsv	contrast-specific eligible DESeq2-tested background	results/unsupervised/nbl/deseq2_markers/markers/isolate_SH_SY5Y_vs_rest_markers_top50.txt	results/unsupervised/pan_cancer/enrichment/ranked_marker_source_panel/query_genes/ranked_marker_source_panel__contrast_nbl_isolate_sh_sy5y_vs_rest_down_ranked.tsv	FALSE	TRUE	FALSE	NA	3
ranked_marker_source_pan_cancer_panel	ranked_marker_source_panel__contrast_nbl_isolate_sima_vs_rest_all	ranked_marker_source_panel__contrast_nbl_isolate_sima_vs_rest_all	per_contrast	per_contrast	NBL	isolate	NA	isolate_SIMA_vs_rest	ALL	41	results/unsupervised/pan_cancer/enrichment/ranked_marker_source_panel/query_genes/ranked_marker_source_panel__contrast_nbl_isolate_sima_vs_rest_all.tsv	ranked_marker_source_panel__nbl__isolate_sima_vs_rest__eligible_deseq2_background	18060	results/unsupervised/pan_cancer/enrichment/ranked_marker_source_panel/backgrounds/ranked_marker_source_panel__nbl__isolate_sima_vs_rest__eligible_deseq2_background.tsv	contrast-specific eligible DESeq2-tested background	results/unsupervised/nbl/deseq2_markers/markers/isolate_SIMA_vs_rest_markers_top50.txt	results/unsupervised/pan_cancer/enrichment/ranked_marker_source_panel/query_genes/ranked_marker_source_panel__contrast_nbl_isolate_sima_vs_rest_all_ranked.tsv	FALSE	TRUE	FALSE	NA	3
ranked_marker_source_pan_cancer_panel	ranked_marker_source_panel__contrast_nbl_isolate_sima_vs_rest_up	ranked_marker_source_panel__contrast_nbl_isolate_sima_vs_rest_up	per_contrast	per_contrast	NBL	isolate	NA	isolate_SIMA_vs_rest	UP	11	results/unsupervised/pan_cancer/enrichment/ranked_marker_source_panel/query_genes/ranked_marker_source_panel__contrast_nbl_isolate_sima_vs_rest_up.tsv	ranked_marker_source_panel__nbl__isolate_sima_vs_rest__eligible_deseq2_background	18060	results/unsupervised/pan_cancer/enrichment/ranked_marker_source_panel/backgrounds/ranked_marker_source_panel__nbl__isolate_sima_vs_rest__eligible_deseq2_background.tsv	contrast-specific eligible DESeq2-tested background	results/unsupervised/nbl/deseq2_markers/markers/isolate_SIMA_vs_rest_markers_top50.txt	results/unsupervised/pan_cancer/enrichment/ranked_marker_source_panel/query_genes/ranked_marker_source_panel__contrast_nbl_isolate_sima_vs_rest_up_ranked.tsv	FALSE	TRUE	FALSE	NA	3
ranked_marker_source_pan_cancer_panel	ranked_marker_source_panel__contrast_nbl_isolate_sima_vs_rest_down	ranked_marker_source_panel__contrast_nbl_isolate_sima_vs_rest_down	per_contrast	per_contrast	NBL	isolate	NA	isolate_SIMA_vs_rest	DOWN	30	results/unsupervised/pan_cancer/enrichment/ranked_marker_source_panel/query_genes/ranked_marker_source_panel__contrast_nbl_isolate_sima_vs_rest_down.tsv	ranked_marker_source_panel__nbl__isolate_sima_vs_rest__eligible_deseq2_background	18060	results/unsupervised/pan_cancer/enrichment/ranked_marker_source_panel/backgrounds/ranked_marker_source_panel__nbl__isolate_sima_vs_rest__eligible_deseq2_background.tsv	contrast-specific eligible DESeq2-tested background	results/unsupervised/nbl/deseq2_markers/markers/isolate_SIMA_vs_rest_markers_top50.txt	results/unsupervised/pan_cancer/enrichment/ranked_marker_source_panel/query_genes/ranked_marker_source_panel__contrast_nbl_isolate_sima_vs_rest_down_ranked.tsv	FALSE	TRUE	FALSE	NA	3
ranked_marker_source_pan_cancer_panel	ranked_marker_source_panel__contrast_nbl_anchor_chp_134_vs_outside_component_0_all	ranked_marker_source_panel__contrast_nbl_anchor_chp_134_vs_outside_component_0_all	per_contrast	per_contrast	NBL	anchor	NA	anchor_CHP_134_vs_outside_component_0	ALL	131	results/unsupervised/pan_cancer/enrichment/ranked_marker_source_panel/query_genes/ranked_marker_source_panel__contrast_nbl_anchor_chp_134_vs_outside_component_0_all.tsv	ranked_marker_source_panel__nbl__anchor_chp_134_vs_outside_component_0__eligible_deseq2_background	17979	results/unsupervised/pan_cancer/enrichment/ranked_marker_source_panel/backgrounds/ranked_marker_source_panel__nbl__anchor_chp_134_vs_outside_component_0__eligible_deseq2_background.tsv	contrast-specific eligible DESeq2-tested background	results/unsupervised/nbl/deseq2_markers/markers/anchor_CHP_134_vs_outside_component_0_markers_top200.txt	results/unsupervised/pan_cancer/enrichment/ranked_marker_source_panel/query_genes/ranked_marker_source_panel__contrast_nbl_anchor_chp_134_vs_outside_component_0_all_ranked.tsv	FALSE	TRUE	FALSE	NA	3
ranked_marker_source_pan_cancer_panel	ranked_marker_source_panel__contrast_nbl_anchor_chp_134_vs_outside_component_0_up	ranked_marker_source_panel__contrast_nbl_anchor_chp_134_vs_outside_component_0_up	per_contrast	per_contrast	NBL	anchor	NA	anchor_CHP_134_vs_outside_component_0	UP	27	results/unsupervised/pan_cancer/enrichment/ranked_marker_source_panel/query_genes/ranked_marker_source_panel__contrast_nbl_anchor_chp_134_vs_outside_component_0_up.tsv	ranked_marker_source_panel__nbl__anchor_chp_134_vs_outside_component_0__eligible_deseq2_background	17979	results/unsupervised/pan_cancer/enrichment/ranked_marker_source_panel/backgrounds/ranked_marker_source_panel__nbl__anchor_chp_134_vs_outside_component_0__eligible_deseq2_background.tsv	contrast-specific eligible DESeq2-tested background	results/unsupervised/nbl/deseq2_markers/markers/anchor_CHP_134_vs_outside_component_0_markers_top200.txt	results/unsupervised/pan_cancer/enrichment/ranked_marker_source_panel/query_genes/ranked_marker_source_panel__contrast_nbl_anchor_chp_134_vs_outside_component_0_up_ranked.tsv	FALSE	TRUE	FALSE	NA	3
ranked_marker_source_pan_cancer_panel	ranked_marker_source_panel__contrast_nbl_anchor_chp_134_vs_outside_component_0_down	ranked_marker_source_panel__contrast_nbl_anchor_chp_134_vs_outside_component_0_down	per_contrast	per_contrast	NBL	anchor	NA	anchor_CHP_134_vs_outside_component_0	DOWN	104	results/unsupervised/pan_cancer/enrichment/ranked_marker_source_panel/query_genes/ranked_marker_source_panel__contrast_nbl_anchor_chp_134_vs_outside_component_0_down.tsv	ranked_marker_source_panel__nbl__anchor_chp_134_vs_outside_component_0__eligible_deseq2_background	17979	results/unsupervised/pan_cancer/enrichment/ranked_marker_source_panel/backgrounds/ranked_marker_source_panel__nbl__anchor_chp_134_vs_outside_component_0__eligible_deseq2_background.tsv	contrast-specific eligible DESeq2-tested background	results/unsupervised/nbl/deseq2_markers/markers/anchor_CHP_134_vs_outside_component_0_markers_top200.txt	results/unsupervised/pan_cancer/enrichment/ranked_marker_source_panel/query_genes/ranked_marker_source_panel__contrast_nbl_anchor_chp_134_vs_outside_component_0_down_ranked.tsv	FALSE	TRUE	FALSE	NA	3
ranked_marker_source_pan_cancer_panel	ranked_marker_source_panel__contrast_nbl_anchor_lan1_vs_outside_component_1_all	ranked_marker_source_panel__contrast_nbl_anchor_lan1_vs_outside_component_1_all	per_contrast	per_contrast	NBL	anchor	NA	anchor_LAN1_vs_outside_component_1	ALL	106	results/unsupervised/pan_cancer/enrichment/ranked_marker_source_panel/query_genes/ranked_marker_source_panel__contrast_nbl_anchor_lan1_vs_outside_component_1_all.tsv	ranked_marker_source_panel__nbl__anchor_lan1_vs_outside_component_1__eligible_deseq2_background	18863	results/unsupervised/pan_cancer/enrichment/ranked_marker_source_panel/backgrounds/ranked_marker_source_panel__nbl__anchor_lan1_vs_outside_component_1__eligible_deseq2_background.tsv	contrast-specific eligible DESeq2-tested background	results/unsupervised/nbl/deseq2_markers/markers/anchor_LAN1_vs_outside_component_1_markers_top200.txt	results/unsupervised/pan_cancer/enrichment/ranked_marker_source_panel/query_genes/ranked_marker_source_panel__contrast_nbl_anchor_lan1_vs_outside_component_1_all_ranked.tsv	FALSE	TRUE	FALSE	NA	3
ranked_marker_source_pan_cancer_panel	ranked_marker_source_panel__contrast_nbl_anchor_lan1_vs_outside_component_1_up	ranked_marker_source_panel__contrast_nbl_anchor_lan1_vs_outside_component_1_up	per_contrast	per_contrast	NBL	anchor	NA	anchor_LAN1_vs_outside_component_1	UP	23	results/unsupervised/pan_cancer/enrichment/ranked_marker_source_panel/query_genes/ranked_marker_source_panel__contrast_nbl_anchor_lan1_vs_outside_component_1_up.tsv	ranked_marker_source_panel__nbl__anchor_lan1_vs_outside_component_1__eligible_deseq2_background	18863	results/unsupervised/pan_cancer/enrichment/ranked_marker_source_panel/backgrounds/ranked_marker_source_panel__nbl__anchor_lan1_vs_outside_component_1__eligible_deseq2_background.tsv	contrast-specific eligible DESeq2-tested background	results/unsupervised/nbl/deseq2_markers/markers/anchor_LAN1_vs_outside_component_1_markers_top200.txt	results/unsupervised/pan_cancer/enrichment/ranked_marker_source_panel/query_genes/ranked_marker_source_panel__contrast_nbl_anchor_lan1_vs_outside_component_1_up_ranked.tsv	FALSE	TRUE	FALSE	NA	3
ranked_marker_source_pan_cancer_panel	ranked_marker_source_panel__contrast_nbl_anchor_lan1_vs_outside_component_1_down	ranked_marker_source_panel__contrast_nbl_anchor_lan1_vs_outside_component_1_down	per_contrast	per_contrast	NBL	anchor	NA	anchor_LAN1_vs_outside_component_1	DOWN	83	results/unsupervised/pan_cancer/enrichment/ranked_marker_source_panel/query_genes/ranked_marker_source_panel__contrast_nbl_anchor_lan1_vs_outside_component_1_down.tsv	ranked_marker_source_panel__nbl__anchor_lan1_vs_outside_component_1__eligible_deseq2_background	18863	results/unsupervised/pan_cancer/enrichment/ranked_marker_source_panel/backgrounds/ranked_marker_source_panel__nbl__anchor_lan1_vs_outside_component_1__eligible_deseq2_background.tsv	contrast-specific eligible DESeq2-tested background	results/unsupervised/nbl/deseq2_markers/markers/anchor_LAN1_vs_outside_component_1_markers_top200.txt	results/unsupervised/pan_cancer/enrichment/ranked_marker_source_panel/query_genes/ranked_marker_source_panel__contrast_nbl_anchor_lan1_vs_outside_component_1_down_ranked.tsv	FALSE	TRUE	FALSE	NA	3
ranked_marker_source_pan_cancer_panel	ranked_marker_source_panel__contrast_nbl_anchor_lan5_vs_outside_component_1_all	ranked_marker_source_panel__contrast_nbl_anchor_lan5_vs_outside_component_1_all	per_contrast	per_contrast	NBL	anchor	NA	anchor_LAN5_vs_outside_component_1	ALL	46	results/unsupervised/pan_cancer/enrichment/ranked_marker_source_panel/query_genes/ranked_marker_source_panel__contrast_nbl_anchor_lan5_vs_outside_component_1_all.tsv	ranked_marker_source_panel__nbl__anchor_lan5_vs_outside_component_1__eligible_deseq2_background	22598	results/unsupervised/pan_cancer/enrichment/ranked_marker_source_panel/backgrounds/ranked_marker_source_panel__nbl__anchor_lan5_vs_outside_component_1__eligible_deseq2_background.tsv	contrast-specific eligible DESeq2-tested background	results/unsupervised/nbl/deseq2_markers/markers/anchor_LAN5_vs_outside_component_1_markers_top200.txt	results/unsupervised/pan_cancer/enrichment/ranked_marker_source_panel/query_genes/ranked_marker_source_panel__contrast_nbl_anchor_lan5_vs_outside_component_1_all_ranked.tsv	FALSE	TRUE	FALSE	NA	3
ranked_marker_source_pan_cancer_panel	ranked_marker_source_panel__contrast_nbl_anchor_lan5_vs_outside_component_1_up	ranked_marker_source_panel__contrast_nbl_anchor_lan5_vs_outside_component_1_up	per_contrast	per_contrast	NBL	anchor	NA	anchor_LAN5_vs_outside_component_1	UP	9	results/unsupervised/pan_cancer/enrichment/ranked_marker_source_panel/query_genes/ranked_marker_source_panel__contrast_nbl_anchor_lan5_vs_outside_component_1_up.tsv	ranked_marker_source_panel__nbl__anchor_lan5_vs_outside_component_1__eligible_deseq2_background	22598	results/unsupervised/pan_cancer/enrichment/ranked_marker_source_panel/backgrounds/ranked_marker_source_panel__nbl__anchor_lan5_vs_outside_component_1__eligible_deseq2_background.tsv	contrast-specific eligible DESeq2-tested background	results/unsupervised/nbl/deseq2_markers/markers/anchor_LAN5_vs_outside_component_1_markers_top200.txt	results/unsupervised/pan_cancer/enrichment/ranked_marker_source_panel/query_genes/ranked_marker_source_panel__contrast_nbl_anchor_lan5_vs_outside_component_1_up_ranked.tsv	FALSE	TRUE	FALSE	NA	3
ranked_marker_source_pan_cancer_panel	ranked_marker_source_panel__contrast_nbl_anchor_lan5_vs_outside_component_1_down	ranked_marker_source_panel__contrast_nbl_anchor_lan5_vs_outside_component_1_down	per_contrast	per_contrast	NBL	anchor	NA	anchor_LAN5_vs_outside_component_1	DOWN	37	results/unsupervised/pan_cancer/enrichment/ranked_marker_source_panel/query_genes/ranked_marker_source_panel__contrast_nbl_anchor_lan5_vs_outside_component_1_down.tsv	ranked_marker_source_panel__nbl__anchor_lan5_vs_outside_component_1__eligible_deseq2_background	22598	results/unsupervised/pan_cancer/enrichment/ranked_marker_source_panel/backgrounds/ranked_marker_source_panel__nbl__anchor_lan5_vs_outside_component_1__eligible_deseq2_background.tsv	contrast-specific eligible DESeq2-tested background	results/unsupervised/nbl/deseq2_markers/markers/anchor_LAN5_vs_outside_component_1_markers_top200.txt	results/unsupervised/pan_cancer/enrichment/ranked_marker_source_panel/query_genes/ranked_marker_source_panel__contrast_nbl_anchor_lan5_vs_outside_component_1_down_ranked.tsv	FALSE	TRUE	FALSE	NA	3
ranked_marker_source_pan_cancer_panel	ranked_marker_source_panel__contrast_rbl_isolate_rbl_14_vs_rest_all	ranked_marker_source_panel__contrast_rbl_isolate_rbl_14_vs_rest_all	per_contrast	per_contrast	RBL	isolate	NA	isolate_RBL_14_vs_rest	ALL	23	results/unsupervised/pan_cancer/enrichment/ranked_marker_source_panel/query_genes/ranked_marker_source_panel__contrast_rbl_isolate_rbl_14_vs_rest_all.tsv	ranked_marker_source_panel__rbl__isolate_rbl_14_vs_rest__eligible_deseq2_background	22336	results/unsupervised/pan_cancer/enrichment/ranked_marker_source_panel/backgrounds/ranked_marker_source_panel__rbl__isolate_rbl_14_vs_rest__eligible_deseq2_background.tsv	contrast-specific eligible DESeq2-tested background	results/unsupervised/rbl/deseq2_markers/markers/isolate_RBL_14_vs_rest_markers_top50.txt	results/unsupervised/pan_cancer/enrichment/ranked_marker_source_panel/query_genes/ranked_marker_source_panel__contrast_rbl_isolate_rbl_14_vs_rest_all_ranked.tsv	FALSE	TRUE	FALSE	NA	3
ranked_marker_source_pan_cancer_panel	ranked_marker_source_panel__contrast_rbl_isolate_rbl_14_vs_rest_up	ranked_marker_source_panel__contrast_rbl_isolate_rbl_14_vs_rest_up	per_contrast	per_contrast	RBL	isolate	NA	isolate_RBL_14_vs_rest	UP	10	results/unsupervised/pan_cancer/enrichment/ranked_marker_source_panel/query_genes/ranked_marker_source_panel__contrast_rbl_isolate_rbl_14_vs_rest_up.tsv	ranked_marker_source_panel__rbl__isolate_rbl_14_vs_rest__eligible_deseq2_background	22336	results/unsupervised/pan_cancer/enrichment/ranked_marker_source_panel/backgrounds/ranked_marker_source_panel__rbl__isolate_rbl_14_vs_rest__eligible_deseq2_background.tsv	contrast-specific eligible DESeq2-tested background	results/unsupervised/rbl/deseq2_markers/markers/isolate_RBL_14_vs_rest_markers_top50.txt	results/unsupervised/pan_cancer/enrichment/ranked_marker_source_panel/query_genes/ranked_marker_source_panel__contrast_rbl_isolate_rbl_14_vs_rest_up_ranked.tsv	FALSE	TRUE	FALSE	NA	3
ranked_marker_source_pan_cancer_panel	ranked_marker_source_panel__contrast_rbl_isolate_rbl_14_vs_rest_down	ranked_marker_source_panel__contrast_rbl_isolate_rbl_14_vs_rest_down	per_contrast	per_contrast	RBL	isolate	NA	isolate_RBL_14_vs_rest	DOWN	13	results/unsupervised/pan_cancer/enrichment/ranked_marker_source_panel/query_genes/ranked_marker_source_panel__contrast_rbl_isolate_rbl_14_vs_rest_down.tsv	ranked_marker_source_panel__rbl__isolate_rbl_14_vs_rest__eligible_deseq2_background	22336	results/unsupervised/pan_cancer/enrichment/ranked_marker_source_panel/backgrounds/ranked_marker_source_panel__rbl__isolate_rbl_14_vs_rest__eligible_deseq2_background.tsv	contrast-specific eligible DESeq2-tested background	results/unsupervised/rbl/deseq2_markers/markers/isolate_RBL_14_vs_rest_markers_top50.txt	results/unsupervised/pan_cancer/enrichment/ranked_marker_source_panel/query_genes/ranked_marker_source_panel__contrast_rbl_isolate_rbl_14_vs_rest_down_ranked.tsv	FALSE	TRUE	FALSE	NA	3
ranked_marker_source_pan_cancer_panel	ranked_marker_source_panel__contrast_rbl_isolate_rbl_7_vs_rest_all	ranked_marker_source_panel__contrast_rbl_isolate_rbl_7_vs_rest_all	per_contrast	per_contrast	RBL	isolate	NA	isolate_RBL_7_vs_rest	ALL	21	results/unsupervised/pan_cancer/enrichment/ranked_marker_source_panel/query_genes/ranked_marker_source_panel__contrast_rbl_isolate_rbl_7_vs_rest_all.tsv	ranked_marker_source_panel__rbl__isolate_rbl_7_vs_rest__eligible_deseq2_background	18255	results/unsupervised/pan_cancer/enrichment/ranked_marker_source_panel/backgrounds/ranked_marker_source_panel__rbl__isolate_rbl_7_vs_rest__eligible_deseq2_background.tsv	contrast-specific eligible DESeq2-tested background	results/unsupervised/rbl/deseq2_markers/markers/isolate_RBL_7_vs_rest_markers_top50.txt	results/unsupervised/pan_cancer/enrichment/ranked_marker_source_panel/query_genes/ranked_marker_source_panel__contrast_rbl_isolate_rbl_7_vs_rest_all_ranked.tsv	FALSE	TRUE	FALSE	NA	3
ranked_marker_source_pan_cancer_panel	ranked_marker_source_panel__contrast_rbl_isolate_rbl_7_vs_rest_up	ranked_marker_source_panel__contrast_rbl_isolate_rbl_7_vs_rest_up	per_contrast	per_contrast	RBL	isolate	NA	isolate_RBL_7_vs_rest	UP	4	results/unsupervised/pan_cancer/enrichment/ranked_marker_source_panel/query_genes/ranked_marker_source_panel__contrast_rbl_isolate_rbl_7_vs_rest_up.tsv	ranked_marker_source_panel__rbl__isolate_rbl_7_vs_rest__eligible_deseq2_background	18255	results/unsupervised/pan_cancer/enrichment/ranked_marker_source_panel/backgrounds/ranked_marker_source_panel__rbl__isolate_rbl_7_vs_rest__eligible_deseq2_background.tsv	contrast-specific eligible DESeq2-tested background	results/unsupervised/rbl/deseq2_markers/markers/isolate_RBL_7_vs_rest_markers_top50.txt	results/unsupervised/pan_cancer/enrichment/ranked_marker_source_panel/query_genes/ranked_marker_source_panel__contrast_rbl_isolate_rbl_7_vs_rest_up_ranked.tsv	FALSE	TRUE	FALSE	NA	3
ranked_marker_source_pan_cancer_panel	ranked_marker_source_panel__contrast_rbl_isolate_rbl_7_vs_rest_down	ranked_marker_source_panel__contrast_rbl_isolate_rbl_7_vs_rest_down	per_contrast	per_contrast	RBL	isolate	NA	isolate_RBL_7_vs_rest	DOWN	17	results/unsupervised/pan_cancer/enrichment/ranked_marker_source_panel/query_genes/ranked_marker_source_panel__contrast_rbl_isolate_rbl_7_vs_rest_down.tsv	ranked_marker_source_panel__rbl__isolate_rbl_7_vs_rest__eligible_deseq2_background	18255	results/unsupervised/pan_cancer/enrichment/ranked_marker_source_panel/backgrounds/ranked_marker_source_panel__rbl__isolate_rbl_7_vs_rest__eligible_deseq2_background.tsv	contrast-specific eligible DESeq2-tested background	results/unsupervised/rbl/deseq2_markers/markers/isolate_RBL_7_vs_rest_markers_top50.txt	results/unsupervised/pan_cancer/enrichment/ranked_marker_source_panel/query_genes/ranked_marker_source_panel__contrast_rbl_isolate_rbl_7_vs_rest_down_ranked.tsv	FALSE	TRUE	FALSE	NA	3
ranked_marker_source_pan_cancer_panel	ranked_marker_source_panel__contrast_rbl_isolate_weri_rb1_vs_rest_all	ranked_marker_source_panel__contrast_rbl_isolate_weri_rb1_vs_rest_all	per_contrast	per_contrast	RBL	isolate	NA	isolate_WERI_RB1_vs_rest	ALL	50	results/unsupervised/pan_cancer/enrichment/ranked_marker_source_panel/query_genes/ranked_marker_source_panel__contrast_rbl_isolate_weri_rb1_vs_rest_all.tsv	ranked_marker_source_panel__rbl__isolate_weri_rb1_vs_rest__eligible_deseq2_background	19945	results/unsupervised/pan_cancer/enrichment/ranked_marker_source_panel/backgrounds/ranked_marker_source_panel__rbl__isolate_weri_rb1_vs_rest__eligible_deseq2_background.tsv	contrast-specific eligible DESeq2-tested background	results/unsupervised/rbl/deseq2_markers/markers/isolate_WERI_RB1_vs_rest_markers_top50.txt	results/unsupervised/pan_cancer/enrichment/ranked_marker_source_panel/query_genes/ranked_marker_source_panel__contrast_rbl_isolate_weri_rb1_vs_rest_all_ranked.tsv	FALSE	TRUE	FALSE	NA	3
ranked_marker_source_pan_cancer_panel	ranked_marker_source_panel__contrast_rbl_isolate_weri_rb1_vs_rest_up	ranked_marker_source_panel__contrast_rbl_isolate_weri_rb1_vs_rest_up	per_contrast	per_contrast	RBL	isolate	NA	isolate_WERI_RB1_vs_rest	UP	40	results/unsupervised/pan_cancer/enrichment/ranked_marker_source_panel/query_genes/ranked_marker_source_panel__contrast_rbl_isolate_weri_rb1_vs_rest_up.tsv	ranked_marker_source_panel__rbl__isolate_weri_rb1_vs_rest__eligible_deseq2_background	19945	results/unsupervised/pan_cancer/enrichment/ranked_marker_source_panel/backgrounds/ranked_marker_source_panel__rbl__isolate_weri_rb1_vs_rest__eligible_deseq2_background.tsv	contrast-specific eligible DESeq2-tested background	results/unsupervised/rbl/deseq2_markers/markers/isolate_WERI_RB1_vs_rest_markers_top50.txt	results/unsupervised/pan_cancer/enrichment/ranked_marker_source_panel/query_genes/ranked_marker_source_panel__contrast_rbl_isolate_weri_rb1_vs_rest_up_ranked.tsv	FALSE	TRUE	FALSE	NA	3
ranked_marker_source_pan_cancer_panel	ranked_marker_source_panel__contrast_rbl_isolate_weri_rb1_vs_rest_down	ranked_marker_source_panel__contrast_rbl_isolate_weri_rb1_vs_rest_down	per_contrast	per_contrast	RBL	isolate	NA	isolate_WERI_RB1_vs_rest	DOWN	10	results/unsupervised/pan_cancer/enrichment/ranked_marker_source_panel/query_genes/ranked_marker_source_panel__contrast_rbl_isolate_weri_rb1_vs_rest_down.tsv	ranked_marker_source_panel__rbl__isolate_weri_rb1_vs_rest__eligible_deseq2_background	19945	results/unsupervised/pan_cancer/enrichment/ranked_marker_source_panel/backgrounds/ranked_marker_source_panel__rbl__isolate_weri_rb1_vs_rest__eligible_deseq2_background.tsv	contrast-specific eligible DESeq2-tested background	results/unsupervised/rbl/deseq2_markers/markers/isolate_WERI_RB1_vs_rest_markers_top50.txt	results/unsupervised/pan_cancer/enrichment/ranked_marker_source_panel/query_genes/ranked_marker_source_panel__contrast_rbl_isolate_weri_rb1_vs_rest_down_ranked.tsv	FALSE	TRUE	FALSE	NA	3
ranked_marker_source_pan_cancer_panel	ranked_marker_source_panel__contrast_rbl_isolate_y_79_vs_rest_all	ranked_marker_source_panel__contrast_rbl_isolate_y_79_vs_rest_all	per_contrast	per_contrast	RBL	isolate	NA	isolate_Y_79_vs_rest	ALL	50	results/unsupervised/pan_cancer/enrichment/ranked_marker_source_panel/query_genes/ranked_marker_source_panel__contrast_rbl_isolate_y_79_vs_rest_all.tsv	ranked_marker_source_panel__rbl__isolate_y_79_vs_rest__eligible_deseq2_background	17829	results/unsupervised/pan_cancer/enrichment/ranked_marker_source_panel/backgrounds/ranked_marker_source_panel__rbl__isolate_y_79_vs_rest__eligible_deseq2_background.tsv	contrast-specific eligible DESeq2-tested background	results/unsupervised/rbl/deseq2_markers/markers/isolate_Y_79_vs_rest_markers_top50.txt	results/unsupervised/pan_cancer/enrichment/ranked_marker_source_panel/query_genes/ranked_marker_source_panel__contrast_rbl_isolate_y_79_vs_rest_all_ranked.tsv	FALSE	TRUE	FALSE	NA	3
ranked_marker_source_pan_cancer_panel	ranked_marker_source_panel__contrast_rbl_isolate_y_79_vs_rest_up	ranked_marker_source_panel__contrast_rbl_isolate_y_79_vs_rest_up	per_contrast	per_contrast	RBL	isolate	NA	isolate_Y_79_vs_rest	UP	23	results/unsupervised/pan_cancer/enrichment/ranked_marker_source_panel/query_genes/ranked_marker_source_panel__contrast_rbl_isolate_y_79_vs_rest_up.tsv	ranked_marker_source_panel__rbl__isolate_y_79_vs_rest__eligible_deseq2_background	17829	results/unsupervised/pan_cancer/enrichment/ranked_marker_source_panel/backgrounds/ranked_marker_source_panel__rbl__isolate_y_79_vs_rest__eligible_deseq2_background.tsv	contrast-specific eligible DESeq2-tested background	results/unsupervised/rbl/deseq2_markers/markers/isolate_Y_79_vs_rest_markers_top50.txt	results/unsupervised/pan_cancer/enrichment/ranked_marker_source_panel/query_genes/ranked_marker_source_panel__contrast_rbl_isolate_y_79_vs_rest_up_ranked.tsv	FALSE	TRUE	FALSE	NA	3
ranked_marker_source_pan_cancer_panel	ranked_marker_source_panel__contrast_rbl_isolate_y_79_vs_rest_down	ranked_marker_source_panel__contrast_rbl_isolate_y_79_vs_rest_down	per_contrast	per_contrast	RBL	isolate	NA	isolate_Y_79_vs_rest	DOWN	27	results/unsupervised/pan_cancer/enrichment/ranked_marker_source_panel/query_genes/ranked_marker_source_panel__contrast_rbl_isolate_y_79_vs_rest_down.tsv	ranked_marker_source_panel__rbl__isolate_y_79_vs_rest__eligible_deseq2_background	17829	results/unsupervised/pan_cancer/enrichment/ranked_marker_source_panel/backgrounds/ranked_marker_source_panel__rbl__isolate_y_79_vs_rest__eligible_deseq2_background.tsv	contrast-specific eligible DESeq2-tested background	results/unsupervised/rbl/deseq2_markers/markers/isolate_Y_79_vs_rest_markers_top50.txt	results/unsupervised/pan_cancer/enrichment/ranked_marker_source_panel/query_genes/ranked_marker_source_panel__contrast_rbl_isolate_y_79_vs_rest_down_ranked.tsv	FALSE	TRUE	FALSE	NA	3
ranked_marker_source_pan_cancer_panel	ranked_marker_source_panel__contrast_rbl_anchor_rbl_18_vs_outside_component_0_all	ranked_marker_source_panel__contrast_rbl_anchor_rbl_18_vs_outside_component_0_all	per_contrast	per_contrast	RBL	anchor	NA	anchor_RBL_18_vs_outside_component_0	ALL	101	results/unsupervised/pan_cancer/enrichment/ranked_marker_source_panel/query_genes/ranked_marker_source_panel__contrast_rbl_anchor_rbl_18_vs_outside_component_0_all.tsv	ranked_marker_source_panel__rbl__anchor_rbl_18_vs_outside_component_0__eligible_deseq2_background	18432	results/unsupervised/pan_cancer/enrichment/ranked_marker_source_panel/backgrounds/ranked_marker_source_panel__rbl__anchor_rbl_18_vs_outside_component_0__eligible_deseq2_background.tsv	contrast-specific eligible DESeq2-tested background	results/unsupervised/rbl/deseq2_markers/markers/anchor_RBL_18_vs_outside_component_0_markers_top200.txt	results/unsupervised/pan_cancer/enrichment/ranked_marker_source_panel/query_genes/ranked_marker_source_panel__contrast_rbl_anchor_rbl_18_vs_outside_component_0_all_ranked.tsv	FALSE	TRUE	FALSE	NA	3
ranked_marker_source_pan_cancer_panel	ranked_marker_source_panel__contrast_rbl_anchor_rbl_18_vs_outside_component_0_up	ranked_marker_source_panel__contrast_rbl_anchor_rbl_18_vs_outside_component_0_up	per_contrast	per_contrast	RBL	anchor	NA	anchor_RBL_18_vs_outside_component_0	UP	20	results/unsupervised/pan_cancer/enrichment/ranked_marker_source_panel/query_genes/ranked_marker_source_panel__contrast_rbl_anchor_rbl_18_vs_outside_component_0_up.tsv	ranked_marker_source_panel__rbl__anchor_rbl_18_vs_outside_component_0__eligible_deseq2_background	18432	results/unsupervised/pan_cancer/enrichment/ranked_marker_source_panel/backgrounds/ranked_marker_source_panel__rbl__anchor_rbl_18_vs_outside_component_0__eligible_deseq2_background.tsv	contrast-specific eligible DESeq2-tested background	results/unsupervised/rbl/deseq2_markers/markers/anchor_RBL_18_vs_outside_component_0_markers_top200.txt	results/unsupervised/pan_cancer/enrichment/ranked_marker_source_panel/query_genes/ranked_marker_source_panel__contrast_rbl_anchor_rbl_18_vs_outside_component_0_up_ranked.tsv	FALSE	TRUE	FALSE	NA	3
ranked_marker_source_pan_cancer_panel	ranked_marker_source_panel__contrast_rbl_anchor_rbl_18_vs_outside_component_0_down	ranked_marker_source_panel__contrast_rbl_anchor_rbl_18_vs_outside_component_0_down	per_contrast	per_contrast	RBL	anchor	NA	anchor_RBL_18_vs_outside_component_0	DOWN	81	results/unsupervised/pan_cancer/enrichment/ranked_marker_source_panel/query_genes/ranked_marker_source_panel__contrast_rbl_anchor_rbl_18_vs_outside_component_0_down.tsv	ranked_marker_source_panel__rbl__anchor_rbl_18_vs_outside_component_0__eligible_deseq2_background	18432	results/unsupervised/pan_cancer/enrichment/ranked_marker_source_panel/backgrounds/ranked_marker_source_panel__rbl__anchor_rbl_18_vs_outside_component_0__eligible_deseq2_background.tsv	contrast-specific eligible DESeq2-tested background	results/unsupervised/rbl/deseq2_markers/markers/anchor_RBL_18_vs_outside_component_0_markers_top200.txt	results/unsupervised/pan_cancer/enrichment/ranked_marker_source_panel/query_genes/ranked_marker_source_panel__contrast_rbl_anchor_rbl_18_vs_outside_component_0_down_ranked.tsv	FALSE	TRUE	FALSE	NA	3
