"","V1","V2","V3","V4","V5","V6","V7","V8","V9","V10","V11","V12","V13","V14","V15","V16","V17","V18","V19","V20","V21","V22","V23","V24","V25","V26","V27","V28","V29","V30","V31","V32","V33","V34","V35","V36","V37","V38","V39","V40","V41","V42","V43","V44","V45","V46","V47","V48","V49","V50","V51","V52","V53","V54","V55","V56","V57","V58","V59","V60","V61","V62","V63","V64","V65","V66","V67","V68","V69","V70","V71","V72","V73","V74","V75","V76","V77","V78","V79","V80","V81","V82","V83","V84","V85","V86","V87","V88","V89","V90","V91","V92","V93","V94","V95","V96","V97","V98","V99","V100","V101","V102","V103","V104","V105","V106","V107","V108","V109","V110","V111","V112","V113","V114","V115","V116","V117","V118","V119","V120","V121","V122","V123","V124","V125","V126","V127","V128","V129","V130","V131","V132","V133","V134","V135","V136","V137","V138","V139","V140","V141","V142","V143","V144","V145","V146","V147","V148","V149","V150","V151","V152","V153","V154","V155","V156","V157","V158","V159","V160","V161","V162","V163","V164","V165","V166","V167","V168","V169","V170","V171","V172","V173","V174","V175","V176","V177","V178","V179","V180","V181","V182","V183","V184","V185","V186","V187","V188","V189","V190","V191","V192","V193","V194","V195","V196","V197","V198","V199","V200","V201","V202","V203","V204","V205","V206","V207","V208","V209","V210","V211","V212","V213","V214","V215","V216","V217","V218","V219","V220","V221","V222","V223","V224","V225","V226","V227","V228","V229","V230","V231","V232","V233","V234","V235","V236","V237","V238","V239","V240","V241","V242","V243","V244"
"1",1,1,0.976851851851852,0.958860759493671,0,0,0,0,0,0,0,0,0,0,0,0,0,0,0,0,0,0,0,0,0,0,0,0,0,0,0,0,0,0,0,0,0,0,0,0,0,0,0,0,0,0,0,1,1,0.980243161094225,0.957680250783699,0.00479233226837061,0,0,0.00153374233128834,0.0047244094488189,0.00153609831029186,0.00308641975308642,0.00155763239875389,0.0015600624024961,0.00152671755725191,0,0.00153846153846154,0.0032258064516129,0.00308166409861325,0.0031055900621118,0.00154320987654321,0.00467289719626168,0.0031104199066874,0.00317965023847377,0,0.00311526479750779,0.00157728706624606,0.00310077519379845,0.00306278713629403,0.0031496062992126,0.00315457413249211,0.00308166409861325,0.00157728706624606,0.00309597523219814,0,0.0031055900621118,0.0015220700152207,0.00303030303030303,0,0.00462249614791988,0.00309597523219814,0.0015748031496063,0.00156985871271586,0,0.00473186119873817,0.00458715596330275,0.0015748031496063,0,0.00470219435736677,0,0.615625,0,0,0,0,0.0591054313099042,0.249607535321821,0.216174183514774,0,0.0535168195718654,0,0,0.0394321766561514,0.0311526479750779,0.613601236476043,0.00322061191626409,0,0,0,0.631336405529954,0.235747303543914,0,0.00157232704402516,0.259141494435612,0,0.621835443037975,0,0.641838351822504,0,0,0,0.615863141524106,0,0,0.19375,0.0156985871271586,0.213063763608087,0,0.26731078904992,0,0,0.252019386106624,0.00930232558139535,0.18266253869969,0.300155520995334,0.269645608628659,0,0,0,0,0,0.395866454689984,0.00154559505409583,0.203076923076923,0,0.627725856697819,0.144654088050314,0,0,0.63182527301092,0,0.0617469879518072,0,0,0.61875,0.595611285266458,0,0,0,0.287284144427002,0.288643533123028,0,0,0,0.274509803921569,0,0.2512,0.1936,0.00159489633173844,0,0.00154559505409583,0,0.263736263736264,0,0.00611620795107034,0,0.2326656394453,0.00623052959501558,0.625196850393701,0,0,0.246153846153846,0.251582278481013,0.261075949367089,0,0,0.0062402496099844,0,0,0,0.600315955766193,0.633173843700159,0.0566343042071197,0.591331269349845,0.62402496099844,0,0.622900763358779,0.157337367624811,0.632218844984802,0.0248833592534992,0,0.0564263322884013,0,0.243202416918429,0.258320126782884,0.0031104199066874,0,0,0,0.0108024691358025,0,0.00777604976671851,0.0563380281690141,0.624434389140271,0.046583850931677,0,0.633633633633634,0.0258751902587519,0,0.636075949367089,0.655226209048362,0,0,0,0.639570552147239,0,0.258675078864353,0,0.00490998363338789,0,0.611197511664075,0,0.0807453416149068,0,0.618296529968454,0.653312788906009,0,0
"2",1,1,0.976452119309262,0.962145110410095,0,0,0,0,0,0,0,0,0,0,0,0,0,0,0,0,0,0,0,0,0,0,0,0,0,0,0,0,0,0,0,0,0,0,0,0,0,0,0,0,0,0,0,1,1,0.982731554160126,0.963549920760697,0.00983606557377049,0,0,0.00315955766192733,0.0111642743221691,0.00465116279069767,0.0046875,0.00318471337579618,0.00475435816164818,0.00475435816164818,0.00479233226837061,0.00480769230769231,0.00318471337579618,0.00765696784073507,0.00796178343949045,0.00634920634920635,0.0126382306477093,0.00637958532695375,0.00477707006369427,0,0.00626959247648903,0.00475435816164818,0.00638977635782748,0.00467289719626168,0.00632911392405063,0.00789889415481832,0.00631911532385466,0.00324675324675325,0.00770416024653313,0,0.00789889415481832,0.00311526479750779,0.0061633281972265,0.00315955766192733,0.00773993808049536,0.00782472613458529,0.00317460317460317,0.00638977635782748,0,0.0111287758346582,0.0107692307692308,0.00476947535771065,0,0.00645161290322581,0.00312989045383412,0.61259842519685,0.0015625,0.0015527950310559,0.00159744408945687,0.0015625,0.067741935483871,0.240770465489567,0.2176,0,0.0527950310559006,0.00157728706624606,0.00157728706624606,0.0375816993464052,0.0347003154574132,0.605873261205564,0.00325732899022801,0.0015748031496063,0.00159489633173844,0.0016,0.625391849529781,0.234206471494607,0.00152905198776758,0.00464396284829721,0.259904912836767,0.00161812297734628,0.616883116883117,0.00158227848101266,0.635499207606973,0.00158730158730159,0.00162074554294976,0.00150829562594268,0.604465709728868,0.00155763239875389,0.00153139356814701,0.185714285714286,0.0220820189274448,0.21216848673947,0.00154798761609907,0.251223491027732,0,0.0015527950310559,0.247540983606557,0.0140845070422535,0.177952755905512,0.286594761171032,0.263157894736842,0,0,0.00156739811912226,0.0015625,0.00157232704402516,0.376190476190476,0.00625978090766823,0.20094191522763,0.00158982511923688,0.618380062305296,0.137876386687797,0.00152671755725191,0.00155763239875389,0.619651347068146,0.00161550888529887,0.0648148148148148,0.00158227848101266,0,0.613057324840764,0.569823434991974,0,0.00158982511923688,0.00154798761609907,0.279552715654952,0.279293739967897,0.00161812297734628,0.00159235668789809,0,0.260670731707317,0.00157232704402516,0.243862520458265,0.193181818181818,0.00324149108589951,0.00154798761609907,0.00322061191626409,0.00161290322580645,0.261904761904762,0,0.009375,0.00151975683890578,0.235015772870662,0.00947867298578199,0.623586429725363,0.00158982511923688,0.00159489633173844,0.238021638330757,0.244372990353698,0.256493506493506,0.0015600624024961,0.0015527950310559,0.009375,0.00154559505409583,0.00154320987654321,0.00162074554294976,0.5904,0.62779552715655,0.057660626029654,0.584905660377358,0.609872611464968,0.00158227848101266,0.615030674846626,0.14854517611026,0.62826420890937,0.031055900621118,0,0.0703125,0.00154798761609907,0.244204018547141,0.255250403877221,0.00314465408805031,0.00162074554294976,0.0015625,0.00155763239875389,0.0156739811912226,0.0016025641025641,0.00947867298578199,0.0528846153846154,0.623277182235835,0.0470957613814757,0.00158478605388273,0.619266055045872,0.0306278713629403,0.0016366612111293,0.628980891719745,0.647244094488189,0,0.0015748031496063,0.00157728706624606,0.630503144654088,0.00159744408945687,0.248,0.00156739811912226,0.00656814449917898,0.00155038759689922,0.606635071090047,0.00316957210776545,0.0736677115987461,0.00160771704180064,0.613636363636364,0.641421947449768,0.00155763239875389,0
"3",0.976851851851852,0.976452119309262,1,0.989079563182527,0,0,0,0,0,0,0,0,0,0,0,0,0,0,0,0,0,0.016,0.0172143974960876,0,0,0,0,0,0,0,0,0,0,0,0,0,0,0,0,0,0,0,0,0,0,0,0,0.975646879756469,0.973058637083994,1,0.987220447284345,0.00489396411092985,0.0077639751552795,0.0031055900621118,0,0.00477707006369427,0.00156739811912226,0.0234741784037559,0.00157728706624606,0.0015625,0.0015527950310559,0.00157728706624606,0.00156739811912226,0,0.00153846153846154,0.00159489633173844,0.00157232704402516,0.0063391442155309,0,0,0,0,0.00160771704180064,0.0016,0.00158478605388273,0.00159235668789809,0.00162074554294976,0.0015748031496063,0.00158730158730159,0.0015600624024961,0.00309119010819165,0.00159235668789809,0.00153374233128834,0.0015600624024961,0,0.00153846153846154,0.00154559505409583,0.00158982511923688,0.00153609831029186,0,0.00473186119873817,0.00460122699386503,0.00156985871271586,0,0.0015748031496063,0.00154559505409583,0.5776,0.0031104199066874,0.00159235668789809,0.008,0.00153139356814701,0.0555555555555556,0.215530903328051,0.193650793650794,0.0016,0.0470957613814757,0.00158982511923688,0.00156739811912226,0.0352564102564103,0.0341085271317829,0.589783281733746,0.00481540930979133,0.0108359133126935,0.00158982511923688,0.00161030595813205,0.606583072100313,0.208398133748056,0.00153139356814701,0.0047244094488189,0.227564102564103,0.0048,0.580441640378549,0.00157977883096367,0.606060606060606,0.0015600624024961,0.00476947535771065,0.00152439024390244,0.576,0.0015600624024961,0.0015552099533437,0.169572107765452,0.0204724409448819,0.191222570532915,0.00302571860816944,0.230894308943089,0.00313479623824451,0.00154559505409583,0.22824302134647,0.00961538461538462,0.166407465007776,0.264797507788162,0.241758241758242,0.00315457413249211,0,0.00157728706624606,0.00460829493087558,0.00462249614791988,0.3408,0.00613496932515337,0.178403755868545,0.00478468899521531,0.602201257861635,0.122065727699531,0.00154798761609907,0.00156739811912226,0.606583072100313,0.00160771704180064,0.0540958268933539,0.00158982511923688,0,0.580542264752791,0.534621578099839,0,0.0063391442155309,0.00153374233128834,0.256735340729002,0.260663507109005,0.00649350649350649,0.00477707006369427,0.00316957210776545,0.237082066869301,0.00153846153846154,0.220228384991843,0.172859450726979,0.00497512437810945,0.00469483568075117,0.00314465408805031,0.00160513643659711,0.231378763866878,0,0.00927357032457496,0.0015220700152207,0.211267605633803,0.00782472613458529,0.596463022508039,0.00158478605388273,0.00321543408360129,0.2125,0.213166144200627,0.229430379746835,0.0061633281972265,0.0077639751552795,0.0093167701863354,0.0031055900621118,0.00474683544303797,0.00321027287319422,0.574568288854003,0.599364069952305,0.0458265139116203,0.564742589703588,0.595611285266458,0.00156985871271586,0.592307692307692,0.145285935085008,0.603100775193798,0.0294117647058824,0,0.0751173708920188,0.00930232558139535,0.21483771251932,0.234349919743178,0.0031104199066874,0.00482315112540193,0.00154320987654321,0.00156985871271586,0.0125,0.00155763239875389,0.00956937799043062,0.0520504731861199,0.594135802469136,0.0484375,0.00158478605388273,0.590563165905632,0.0261941448382126,0.00161812297734628,0.60702875399361,0.612403100775194,0,0.0016025641025641,0.00157977883096367,0.602803738317757,0.00473186119873817,0.228295819935691,0.0063391442155309,0.00328407224958949,0.00155763239875389,0.581761006289308,0.0031201248049922,0.0753532182103611,0.0016,0.5936,0.604294478527607,0.00924499229583975,0
"4",0.958860759493671,0.962145110410095,0.989079563182527,1,0,0,0,0,0,0,0,0,0,0,0,0,0,0,0,0,0,0.0228013029315961,0.0218408736349454,0,0,0,0,0,0,0,0,0,0,0,0,0,0.00317965023847377,0.00313479623824451,0,0,0,0.00307692307692308,0.00313971742543171,0.00315955766192733,0,0,0,0.958652373660031,0.960191082802548,0.988976377952756,1,0.00491803278688525,0.00956937799043062,0.00473186119873817,0.0015748031496063,0.00477707006369427,0.0015625,0.0296875,0.00160513643659711,0.00156739811912226,0.0015600624024961,0,0.00158478605388273,0.00325732899022801,0.00313479623824451,0.0032,0.00159489633173844,0.00788643533123028,0.00317460317460317,0.0032,0,0.00315457413249211,0.00160513643659711,0.00322061191626409,0.0031104199066874,0.00317965023847377,0.00322061191626409,0.00322061191626409,0.00161030595813205,0.0031104199066874,0.004739336492891,0.00315955766192733,0.0015600624024961,0.0031496062992126,0,0.0046583850931677,0.00317460317460317,0.0016025641025641,0.00156985871271586,0,0.00483091787439614,0.00460829493087558,0.00160513643659711,0,0.00475435816164818,0,0.596491228070175,0.0015748031496063,0,0.00803858520900321,0,0.0432,0.192616372391653,0.176,0.00315955766192733,0.040625,0,0,0.0293159609120521,0.0266457680250784,0.598116169544741,0.00328407224958949,0.0110236220472441,0,0,0.604724409448819,0.183098591549296,0,0.00160771704180064,0.213716108452951,0.00483870967741936,0.5968,0,0.620414673046252,0,0.00317965023847377,0,0.5872,0,0,0.14873417721519,0.0127186009538951,0.1744,0.00154083204930663,0.212903225806452,0.00316455696202532,0,0.207177814029364,0.004739336492891,0.160771704180064,0.237795275590551,0.215530903328051,0.003125,0,0,0.00316455696202532,0.00470957613814757,0.316129032258064,0.00309597523219814,0.155309033280507,0.0031055900621118,0.59748427672956,0.105511811023622,0,0,0.613003095975232,0,0.0464396284829721,0,0,0.593004769475358,0.518225039619651,0,0.00479233226837061,0,0.237096774193548,0.237560192616372,0.0048780487804878,0.00313479623824451,0.00321543408360129,0.213395638629283,0,0.1996699669967,0.144480519480519,0.0048780487804878,0.00317965023847377,0,0,0.226771653543307,0,0.0078003120124805,0.00151745068285281,0.179407176287051,0.00783699059561128,0.603225806451613,0,0.00162866449511401,0.19811320754717,0.189710610932476,0.21486268174475,0.00618238021638331,0.00615384615384615,0.00770416024653313,0.0015625,0.00314465408805031,0.00162074554294976,0.587859424920128,0.592063492063492,0.0431893687707641,0.56687898089172,0.595238095238095,0,0.606153846153846,0.121306376360809,0.611801242236025,0.0235478806907378,0,0.0893141945773525,0.00789889415481832,0.19811320754717,0.218298555377207,0.00158478605388273,0.00332778702163062,0,0,0.00938967136150235,0,0.00801282051282051,0.0432692307692308,0.605222734254992,0.0363924050632911,0,0.60061919504644,0.0218408736349454,0.0016,0.593800978792822,0.605388272583201,0,0,0,0.613207547169811,0.00315457413249211,0.211382113821138,0.0062992125984252,0.00164473684210526,0,0.595541401273885,0.00158982511923688,0.0677165354330709,0,0.594507269789984,0.604068857589984,0.0093167701863354,0
"5",0,0,0,0,1,0.998430141287284,0.928343949044586,0.9312,0.995245641838352,0.995419847328244,0.921850079744817,0.990580847723705,0.925750394944708,0.992223950233281,0.998425196850394,0.998415213946117,0.899676375404531,0.996899224806202,0.993640699523052,0.998376623376623,0.998439937597504,0.733009708737864,0.737909516380655,0.929032258064516,0.998444790046656,1,0.9078125,0.901993355481728,0.996894409937888,0.932038834951456,0.904376012965964,0.893416927899687,0.900311526479751,0.995334370139969,0.995283018867924,1,0.766025641025641,0.796875,0.989045383411581,0.789049919484702,0.930926216640502,0.811550151975684,0.803149606299213,0.794628751974723,0.900787401574803,0.998397435897436,0.902927580893683,0,0,0,0,0.00163934426229508,0,0,0.0126782884310618,0.00635930047694754,0.0123839009287926,0.0031496062992126,0.0142405063291139,0.0157232704402516,0.0122511485451761,0.0096,0.0126382306477093,0.0112359550561798,0.0138674884437596,0.0158730158730159,0.0141955835962145,0,0.00956937799043062,0.0146341463414634,0.0046875,0.00947867298578199,0.0144694533762058,0.0126782884310618,0.0125,0.0125786163522013,0.0159744408945687,0.012779552715655,0.00949367088607595,0.0125391849529781,0,0.0158982511923688,0.00933125972006221,0.0123839009287926,0.0141287284144427,0.0123076923076923,0.0140405616224649,0.0127186009538951,0.0158982511923688,0.00310077519379845,0.00956937799043062,0.00923076923076923,0.00797448165869218,0.00483870967741936,0.0127388535031847,0.012326656394453,0,0,0,0,0,0,0,0,0,0,0,0,0,0,0,0,0,0,0,0,0,0,0,0,0,0,0,0,0,0,0,0,0,0,0,0,0,0,0,0,0,0,0,0,0,0,0,0,0,0,0,0,0,0,0,0,0,0,0,0,0,0,0,0,0,0,0,0,0,0,0,0,0,0,0,0,0,0,0,0,0,0,0,0,0,0,0,0,0,0,0,0,0,0,0,0,0,0,0,0,0,0,0,0,0,0,0,0,0,0,0,0,0,0,0,0,0,0,0,0,0,0,0,0,0,0,0,0,0,0,0,0,0,0,0,0,0,0,0,0,0,0,0,0,0,0,0,0
"6",0,0,0,0,0.998430141287284,1,0.912087912087912,0.923556942277691,0.996879875195008,0.987878787878788,0.906687402799378,0.978593272171254,0.910658307210031,0.983128834355828,0.998452012383901,1,0.884375,0.998454404945904,0.995283018867924,1,1,0.723270440251572,0.729813664596273,0.918238993710692,1,0.998412698412698,0.894736842105263,0.882926829268293,0.998489425981873,0.919937205651491,0.898858075040783,0.882995319812793,0.878971255673222,0.995356037151703,0.989010989010989,1,0.761829652996845,0.783076923076923,0.978625954198473,0.780448717948718,0.91131498470948,0.796380090497738,0.77984496124031,0.77511961722488,0.885802469135803,0.992138364779874,0.889728096676737,0,0,0,0,0.0016260162601626,0,0,0.0184615384615385,0.0078003120124805,0.0139751552795031,0.00461538461538462,0.0188679245283019,0.0201863354037267,0.0154559505409583,0.0107858243451464,0.0171339563862928,0.0156739811912226,0.0186046511627907,0.0188087774294671,0.0200617283950617,0.0015552099533437,0.0126984126984127,0.0158730158730159,0.00306748466257669,0.0138461538461538,0.0175438596491228,0.0185471406491499,0.0138036809815951,0.015527950310559,0.019047619047619,0.015625,0.0110759493670886,0.0168970814132104,0,0.0205047318611987,0.0152671755725191,0.0153139356814701,0.0172143974960876,0.0166666666666667,0.0171875,0.014218009478673,0.0203761755485893,0.00611620795107034,0.0109375,0.00766871165644172,0.0141955835962145,0.00623052959501558,0.0141287284144427,0.0153374233128834,0,0,0,0,0,0,0,0,0,0,0,0,0,0,0,0,0,0,0,0,0,0,0,0,0,0,0,0,0,0,0,0,0,0,0,0,0,0,0,0,0,0,0,0,0,0,0,0,0,0,0,0,0,0,0,0,0,0,0,0,0,0,0,0,0,0,0,0,0,0,0,0,0,0,0,0,0,0,0,0,0,0,0,0,0,0,0,0,0,0,0,0,0,0,0,0,0,0,0,0,0,0,0,0,0,0,0,0,0,0,0,0,0,0,0,0,0,0,0,0,0,0,0,0,0,0,0,0,0,0,0,0,0,0,0,0,0,0,0,0,0,0,0,0,0,0,0,0
"7",0,0,0,0,0.928343949044586,0.912087912087912,1,1,0.914790996784566,0.936236391912908,1,0.932283464566929,0.998422712933754,0.938967136150235,0.920127795527157,0.917207792207792,0.961227786752827,0.925465838509317,0.931637519872814,0.91437802907916,0.91283676703645,0.672609400324149,0.671875,1,0.922955974842767,0.909385113268608,0.973228346456693,0.969949916527546,0.915773353751914,0.9984,0.971666666666667,0.963779527559055,0.966824644549763,0.919129082426128,0.926100628930818,0.908527131782946,0.707592891760905,0.834384858044164,0.937205651491366,0.834437086092715,1,0.8546875,0.840944881889764,0.838095238095238,0.971608832807571,0.928802588996764,0.96937212863706,0,0,0,0,0.00164203612479475,0,0,0.0172143974960876,0.00807754442649435,0.0158478605388273,0.00634920634920635,0.0194174757281553,0.0203761755485893,0.0171606864274571,0.0128410914927769,0.016,0.0145867098865478,0.0190174326465927,0.0194489465153971,0.0190779014308426,0.00158478605388273,0.0173775671406003,0.0194489465153971,0.00635930047694754,0.014308426073132,0.0178282009724473,0.0176,0.0154559505409583,0.0159235668789809,0.019047619047619,0.0191387559808612,0.0144,0.0190779014308426,0,0.0210016155088853,0.0137614678899083,0.0156985871271586,0.0174050632911392,0.0153374233128834,0.0157232704402516,0.0175438596491228,0.0207336523125997,0.00772797527047913,0.0128205128205128,0.0109204368174727,0.0144927536231884,0.00818330605564648,0.0160513643659711,0.0170542635658915,0,0,0,0,0,0,0,0,0,0,0,0,0,0,0,0,0,0,0,0,0,0,0,0,0,0,0,0,0,0,0,0,0,0,0,0,0,0,0,0,0,0,0,0,0,0,0,0,0,0,0,0,0,0,0,0,0,0,0,0,0,0,0,0,0,0,0,0,0,0,0,0,0,0,0,0,0,0,0,0,0,0,0,0,0,0,0,0,0,0,0,0,0,0,0,0,0,0,0,0,0,0,0,0,0,0,0,0,0,0,0,0,0,0,0,0,0,0,0,0,0,0,0,0,0,0,0,0,0,0,0,0,0,0,0,0,0,0,0,0,0,0,0,0,0,0,0,0
"8",0,0,0,0,0.9312,0.923556942277691,1,1,0.925686591276252,0.940625,1,0.936708860759494,1,0.945820433436533,0.926984126984127,0.927302100161551,0.966237942122186,0.935433070866142,0.938808373590982,0.928104575163399,0.924528301886792,0.669902912621359,0.664586583463339,1,0.927018633540373,0.916398713826367,0.979719188767551,0.971524288107203,0.925984251968504,0.996732026143791,0.975083056478405,0.96513470681458,0.9671875,0.928684627575277,0.933014354066986,0.917057902973396,0.700159489633174,0.834645669291339,0.944,0.831385642737897,0.998454404945904,0.86286594761171,0.838141025641026,0.837133550488599,0.971875,0.933014354066986,0.975497702909648,0,0,0,0,0.0033167495854063,0,0,0.0173501577287066,0.00958466453674121,0.013953488372093,0.00315955766192733,0.0196399345335516,0.0207006369426752,0.0170542635658915,0.0112179487179487,0.0160513643659711,0.0146341463414634,0.0189873417721519,0.0192926045016077,0.0190779014308426,0.00158730158730159,0.014308426073132,0.0163934426229508,0.00477707006369427,0.0159744408945687,0.0178861788617886,0.0192616372391653,0.0142857142857143,0.0144927536231884,0.0191693290734824,0.0177133655394525,0.0146341463414634,0.0172143974960876,0,0.0206677265500795,0.015552099533437,0.015552099533437,0.0176565008025682,0.0170807453416149,0.0172955974842767,0.0143312101910828,0.0210355987055016,0.00627943485086342,0.011400651465798,0.00791139240506329,0.014446227929374,0.00818330605564648,0.016366612111293,0.015552099533437,0,0,0,0,0,0,0,0,0,0,0,0,0,0,0,0,0,0,0,0,0,0,0,0,0,0,0,0,0,0,0,0,0,0,0,0,0,0,0,0,0,0,0,0,0,0,0,0,0,0,0,0,0,0,0,0,0,0,0,0,0,0,0,0,0,0,0,0,0,0,0,0,0,0,0,0,0,0,0,0,0,0,0,0,0,0,0,0,0,0,0,0,0,0,0,0,0,0,0,0,0,0,0,0,0,0,0,0,0,0,0,0,0,0,0,0,0,0,0,0,0,0,0,0,0,0,0,0,0,0,0,0,0,0,0,0,0,0,0,0,0,0,0,0,0,0,0,0
"9",0,0,0,0,0.995245641838352,0.996879875195008,0.914790996784566,0.925686591276252,1,0.986046511627907,0.909379968203498,0.97444089456869,0.912280701754386,0.987361769352291,1,0.996774193548387,0.881685575364668,1,1,0.998381877022654,0.996899224806202,0.714975845410628,0.722480620155039,0.915470494417863,0.996865203761755,0.995176848874598,0.892913385826772,0.881383855024712,1,0.916264090177134,0.898193760262726,0.880763116057234,0.877934272300469,0.998425196850394,0.987261146496815,0.996969696969697,0.750392464678179,0.770206022187005,0.976152623211447,0.764991896272285,0.91496062992126,0.78516228748068,0.766192733017378,0.762135922330097,0.886970172684458,0.990275526742301,0.885145482388974,0,0,0,0,0.00321543408360129,0,0,0.0172955974842767,0.00798722044728434,0.0140845070422535,0.00465116279069767,0.0220820189274448,0.0220125786163522,0.0174050632911392,0.00966183574879227,0.0188976377952756,0.0177133655394525,0.0224719101123595,0.0203761755485893,0.0219092331768388,0.00159744408945687,0.0159744408945687,0.0179738562091503,0.00473186119873817,0.0154320987654321,0.0207336523125997,0.0206677265500795,0.0143769968051118,0.0189274447949527,0.0193236714975845,0.0175438596491228,0.0128410914927769,0.020440251572327,0,0.0221169036334913,0.0169491525423729,0.0171606864274571,0.01743264659271,0.0170278637770898,0.0172143974960876,0.0175438596491228,0.0222575516693164,0.0093167701863354,0.0128,0.0108527131782946,0.0144,0.00811688311688312,0.0159489633173844,0.01875,0,0,0,0,0,0,0,0,0,0,0,0,0,0,0,0,0,0,0,0,0,0,0,0,0,0,0,0,0,0,0,0,0,0,0,0,0,0,0,0,0,0,0,0,0,0,0,0,0,0,0,0,0,0,0,0,0,0,0,0,0,0,0,0,0,0,0,0,0,0,0,0,0,0,0,0,0,0,0,0,0,0,0,0,0,0,0,0,0,0,0,0,0,0,0,0,0,0,0,0,0,0,0,0,0,0,0,0,0,0,0,0,0,0,0,0,0,0,0,0,0,0,0,0,0,0,0,0,0,0,0,0,0,0,0,0,0,0,0,0,0,0,0,0,0,0,0,0
"10",0,0,0,0,0.995419847328244,0.987878787878788,0.936236391912908,0.940625,0.986046511627907,1,0.933232169954476,0.996978851963746,0.93944099378882,0.996965098634294,0.989280245022971,0.987577639751553,0.906976744186046,0.988095238095238,0.985981308411215,0.987460815047022,0.989312977099237,0.705246913580247,0.707462686567164,0.942006269592476,0.98956780923994,0.99079754601227,0.91566265060241,0.904761904761905,0.988112927191679,0.942546583850932,0.914012738853503,0.901065449010654,0.901812688821752,0.989263803680982,0.996894409937888,0.989583333333333,0.73159509202454,0.780635400907716,0.996904024767802,0.784037558685446,0.9375,0.806259314456036,0.784638554216867,0.791021671826625,0.901065449010654,0.993808049535604,0.912592592592593,0,0,0,0,0.00160513643659711,0,0,0.0151285930408472,0.00925925925925926,0.015015015015015,0.00606980273141123,0.0186625194401244,0.0201550387596899,0.018018018018018,0.0125391849529781,0.0183767228177642,0.0140845070422535,0.0182648401826484,0.0185758513931889,0.0182094081942337,0.00151745068285281,0.0138248847926267,0.0205371248025276,0.00459418070444104,0.0138674884437596,0.0186625194401244,0.0170807453416149,0.0165413533834586,0.013953488372093,0.0186915887850467,0.0168970814132104,0.0126182965299685,0.0184049079754601,0,0.0202177293934681,0.0134328358208955,0.0149253731343284,0.0184049079754601,0.0165165165165165,0.0167682926829268,0.0154320987654321,0.0200617283950617,0.00757575757575758,0.0140625,0.013677811550152,0.0124223602484472,0.00777604976671851,0.0170807453416149,0.0164424514200299,0,0,0,0,0,0,0,0,0,0,0,0,0,0,0,0,0,0,0,0,0,0,0,0,0,0,0,0,0,0,0,0,0,0,0,0,0,0,0,0,0,0,0,0,0,0,0,0,0,0,0,0,0,0,0,0,0,0,0,0,0,0,0,0,0,0,0,0,0,0,0,0,0,0,0,0,0,0,0,0,0,0,0,0,0,0,0,0,0,0,0,0,0,0,0,0,0,0,0,0,0,0,0,0,0,0,0,0,0,0,0,0,0,0,0,0,0,0,0,0,0,0,0,0,0,0,0,0,0,0,0,0,0,0,0,0,0,0,0,0,0,0,0,0,0,0,0,0
"11",0,0,0,0,0.921850079744817,0.906687402799378,1,1,0.909379968203498,0.933232169954476,1,0.929467084639498,0.998435054773083,0.940184049079755,0.914596273291925,0.911717495987159,0.969745222929936,0.921779141104294,0.925081433224756,0.909667194928685,0.912225705329154,0.660287081339713,0.658950617283951,1,0.918083462132921,0.902362204724409,0.982945736434109,0.97557003257329,0.909647779479326,0.996865203761755,0.980487804878049,0.970219435736677,0.969325153374233,0.919876733436055,0.924558587479936,0.904109589041096,0.692913385826772,0.826833073322933,0.93613707165109,0.833333333333333,0.9984375,0.856269113149847,0.831530139103555,0.833597464342314,0.978021978021978,0.923444976076555,0.980182926829268,0,0,0,0,0.0032520325203252,0,0,0.0155038759689922,0.0111111111111111,0.0138248847926267,0.0062015503875969,0.019047619047619,0.020440251572327,0.015600624024961,0.0111642743221691,0.0174880763116057,0.0142857142857143,0.0187793427230047,0.0203761755485893,0.01875,0.00155038759689922,0.014018691588785,0.0193548387096774,0.00470219435736677,0.0124416796267496,0.0189873417721519,0.017515923566879,0.0154559505409583,0.0156985871271586,0.0174880763116057,0.0158730158730159,0.0113452188006483,0.0187207488299532,0,0.0205371248025276,0.0137614678899083,0.0153846153846154,0.0186335403726708,0.0168453292496172,0.0172955974842767,0.0155763239875389,0.020440251572327,0.00771604938271605,0.0144230769230769,0.0138888888888889,0.0138461538461538,0.00791139240506329,0.015748031496063,0.0154559505409583,0,0,0,0,0,0,0,0,0,0,0,0,0,0,0,0,0,0,0,0,0,0,0,0,0,0,0,0,0,0,0,0,0,0,0,0,0,0,0,0,0,0,0,0,0,0,0,0,0,0,0,0,0,0,0,0,0,0,0,0,0,0,0,0,0,0,0,0,0,0,0,0,0,0,0,0,0,0,0,0,0,0,0,0,0,0,0,0,0,0,0,0,0,0,0,0,0,0,0,0,0,0,0,0,0,0,0,0,0,0,0,0,0,0,0,0,0,0,0,0,0,0,0,0,0,0,0,0,0,0,0,0,0,0,0,0,0,0,0,0,0,0,0,0,0,0,0,0
"12",0,0,0,0,0.990580847723705,0.978593272171254,0.932283464566929,0.936708860759494,0.97444089456869,0.996978851963746,0.929467084639498,1,0.936532507739938,0.992260061919505,0.979719188767551,0.981012658227848,0.901869158878505,0.978560490045942,0.977671451355662,0.979397781299525,0.979750778816199,0.688888888888889,0.696784073506891,0.938582677165354,0.980243161094225,0.982866043613707,0.911490683229814,0.896103896103896,0.981735159817352,0.940625,0.9136,0.894573643410853,0.895384615384615,0.979813664596273,0.993740219092332,0.978494623655914,0.7234375,0.769938650306748,1,0.772357723577236,0.937205651491366,0.795698924731183,0.783410138248848,0.778481012658228,0.903374233128834,0.985915492957746,0.904334828101644,0,0,0,0,0.00161030595813205,0,0,0.0167173252279635,0.0093603744149766,0.014018691588785,0.00464396284829721,0.0190779014308426,0.0204081632653061,0.0169230769230769,0.0124610591900312,0.015748031496063,0.0126382306477093,0.0182926829268293,0.0206022187004754,0.0184899845916795,0.00154320987654321,0.0124610591900312,0.0177705977382876,0.00615384615384615,0.0125195618153365,0.0170542635658915,0.0170807453416149,0.0139103554868624,0.015748031496063,0.0208,0.0171875,0.0112359550561798,0.0170542635658915,0,0.0203761755485893,0.0121765601217656,0.0186046511627907,0.0172413793103448,0.0166414523449319,0.0171875,0.0141065830721003,0.0203125,0.0078003120124805,0.0126582278481013,0.0121028744326778,0.0124804992199688,0.00946372239747634,0.0174603174603175,0.0153846153846154,0,0,0,0,0,0,0,0,0,0,0,0,0,0,0,0,0,0,0,0,0,0,0,0,0,0,0,0,0,0,0,0,0,0,0,0,0,0,0,0,0,0,0,0,0,0,0,0,0,0,0,0,0,0,0,0,0,0,0,0,0,0,0,0,0,0,0,0,0,0,0,0,0,0,0,0,0,0,0,0,0,0,0,0,0,0,0,0,0,0,0,0,0,0,0,0,0,0,0,0,0,0,0,0,0,0,0,0,0,0,0,0,0,0,0,0,0,0,0,0,0,0,0,0,0,0,0,0,0,0,0,0,0,0,0,0,0,0,0,0,0,0,0,0,0,0,0,0
"13",0,0,0,0,0.925750394944708,0.910658307210031,0.998422712933754,1,0.912280701754386,0.93944099378882,0.998435054773083,0.936532507739938,1,0.94435857805255,0.915094339622642,0.915605095541401,0.972843450479233,0.924499229583975,0.931034482758621,0.915739268680445,0.917701863354037,0.674015748031496,0.670807453416149,0.998397435897436,0.922239502332815,0.910828025477707,0.981132075471698,0.976666666666667,0.914634146341463,0.996835443037975,0.973553719008264,0.972136222910217,0.973724884080371,0.9203125,0.925632911392405,0.907834101382488,0.700159489633174,0.835130970724191,0.937597503900156,0.836065573770492,0.998425196850394,0.858461538461538,0.836990595611285,0.84044233807267,0.974882260596546,0.9328,0.981538461538462,0,0,0,0,0.00165016501650165,0,0,0.0170542635658915,0.00950871632329636,0.0140405616224649,0.00464396284829721,0.017741935483871,0.0188976377952756,0.0141065830721003,0.00941915227629513,0.0144694533762058,0.0128205128205128,0.0172684458398744,0.0188976377952756,0.0174603174603175,0.00152671755725191,0.0127388535031847,0.0146579804560261,0.00315457413249211,0.013953488372093,0.0159489633173844,0.0159489633173844,0.0124416796267496,0.0143312101910828,0.0175438596491228,0.016025641025641,0.0112903225806452,0.0155763239875389,0,0.0190779014308426,0.0137825421133231,0.0138888888888889,0.0154798761609907,0.0155038759689922,0.0171606864274571,0.0126984126984127,0.0192616372391653,0.0046801872074883,0.0112540192926045,0.00782472613458529,0.0110584518167457,0.00641025641025641,0.0159489633173844,0.0139318885448916,0,0,0,0,0,0,0,0,0,0,0,0,0,0,0,0,0,0,0,0,0,0,0,0,0,0,0,0,0,0,0,0,0,0,0,0,0,0,0,0,0,0,0,0,0,0,0,0,0,0,0,0,0,0,0,0,0,0,0,0,0,0,0,0,0,0,0,0,0,0,0,0,0,0,0,0,0,0,0,0,0,0,0,0,0,0,0,0,0,0,0,0,0,0,0,0,0,0,0,0,0,0,0,0,0,0,0,0,0,0,0,0,0,0,0,0,0,0,0,0,0,0,0,0,0,0,0,0,0,0,0,0,0,0,0,0,0,0,0,0,0,0,0,0,0,0,0,0
"14",0,0,0,0,0.992223950233281,0.983128834355828,0.938967136150235,0.945820433436533,0.987361769352291,0.996965098634294,0.940184049079755,0.992260061919505,0.94435857805255,1,0.989230769230769,0.982704402515723,0.906542056074766,0.987915407854985,0.987596899224806,0.984326018808777,0.984756097560976,0.68944099378882,0.696048632218845,0.942812982998454,0.984825493171472,0.987767584097859,0.913846153846154,0.909952606635071,0.989520958083832,0.947611710323575,0.920255183413078,0.906441717791411,0.909785932721712,0.990853658536585,0.993730407523511,0.984848484848485,0.736842105263158,0.784496124031008,0.989247311827957,0.789223454833597,0.945987654320988,0.809022556390977,0.789473684210526,0.792569659442725,0.911719939117199,0.990740740740741,0.910313901345291,0,0,0,0,0.00319488817891374,0,0,0.0182094081942337,0.00777604976671851,0.0153846153846154,0.0030441400304414,0.0202177293934681,0.021671826625387,0.0167173252279635,0.0123456790123457,0.0166666666666667,0.0142630744849445,0.0199081163859112,0.0203125,0.0200927357032458,0,0.0156739811912226,0.0173228346456693,0.00611620795107034,0.0140625,0.0188087774294671,0.0187793427230047,0.016793893129771,0.0167682926829268,0.0200617283950617,0.0169753086419753,0.0125588697017268,0.0183767228177642,0,0.0213740458015267,0.0135338345864662,0.0166163141993958,0.0186046511627907,0.0166919575113809,0.0167427701674277,0.0188679245283019,0.0217729393468118,0.00453857791225416,0.0125588697017268,0.0107033639143731,0.0125391849529781,0.0062402496099844,0.0156494522691706,0.0181818181818182,0,0,0,0,0,0,0,0,0,0,0,0,0,0,0,0,0,0,0,0,0,0,0,0,0,0,0,0,0,0,0,0,0,0,0,0,0,0,0,0,0,0,0,0,0,0,0,0,0,0,0,0,0,0,0,0,0,0,0,0,0,0,0,0,0,0,0,0,0,0,0,0,0,0,0,0,0,0,0,0,0,0,0,0,0,0,0,0,0,0,0,0,0,0,0,0,0,0,0,0,0,0,0,0,0,0,0,0,0,0,0,0,0,0,0,0,0,0,0,0,0,0,0,0,0,0,0,0,0,0,0,0,0,0,0,0,0,0,0,0,0,0,0,0,0,0,0,0
"15",0,0,0,0,0.998425196850394,0.998452012383901,0.920127795527157,0.926984126984127,1,0.989280245022971,0.914596273291925,0.979719188767551,0.915094339622642,0.989230769230769,1,0.998427672955975,0.885852090032154,1,0.9984,1,0.998447204968944,0.728139904610493,0.733436055469954,0.917329093799682,0.998473282442748,0.998435054773083,0.894333843797856,0.887480190174326,1,0.921135646687697,0.900813008130081,0.884194053208138,0.882896764252696,1,0.992223950233281,0.998482549317147,0.767405063291139,0.784615384615385,0.979813664596273,0.780645161290323,0.916795069337442,0.799086757990868,0.78416149068323,0.775080906148867,0.886996904024768,0.993650793650794,0.892215568862275,0,0,0,0,0.00321027287319422,0,0,0.0124223602484472,0.00634920634920635,0.00930232558139535,0.00311526479750779,0.0171606864274571,0.0171073094867807,0.013719512195122,0.009375,0.0155763239875389,0.0127591706539075,0.0170807453416149,0.0156985871271586,0.0172955974842767,0,0.0124031007751938,0.0144230769230769,0.0046656298600311,0.0123076923076923,0.0157232704402516,0.0156739811912226,0.0124223602484472,0.014018691588785,0.0141287284144427,0.0124610591900312,0.00947867298578199,0.0170542635658915,0,0.0171875,0.0137404580152672,0.0123839009287926,0.0138036809815951,0.0139318885448916,0.0139318885448916,0.0158982511923688,0.0171339563862928,0.00765696784073507,0.0111111111111111,0.0106221547799697,0.0109546165884194,0.0062015503875969,0.0125588697017268,0.0151515151515152,0,0,0,0,0,0,0,0,0,0,0,0,0,0,0,0,0,0,0,0,0,0,0,0,0,0,0,0,0,0,0,0,0,0,0,0,0,0,0,0,0,0,0,0,0,0,0,0,0,0,0,0,0,0,0,0,0,0,0,0,0,0,0,0,0,0,0,0,0,0,0,0,0,0,0,0,0,0,0,0,0,0,0,0,0,0,0,0,0,0,0,0,0,0,0,0,0,0,0,0,0,0,0,0,0,0,0,0,0,0,0,0,0,0,0,0,0,0,0,0,0,0,0,0,0,0,0,0,0,0,0,0,0,0,0,0,0,0,0,0,0,0,0,0,0,0,0,0
"16",0,0,0,0,0.998415213946117,1,0.917207792207792,0.927302100161551,0.996774193548387,0.987577639751553,0.911717495987159,0.981012658227848,0.915605095541401,0.982704402515723,0.998427672955975,1,0.88529886914378,0.998432601880878,0.995215311004785,1,1,0.719101123595506,0.730407523510972,0.920583468395462,1,0.998394863563403,0.894736842105263,0.884228187919463,0.998456790123457,0.923444976076555,0.904841402337229,0.881977671451356,0.879120879120879,0.995327102803738,0.988782051282051,1,0.758842443729904,0.779179810725552,0.982484076433121,0.777777777777778,0.919175911251981,0.792890262751159,0.775541795665635,0.780487804878049,0.8896,0.992012779552716,0.890743550834598,0,0,0,0,0.00328947368421053,0,0,0.0157232704402516,0.0095389507154213,0.0093603744149766,0.00317965023847377,0.017741935483871,0.0177705977382876,0.0139968895800933,0.0112903225806452,0.0161550888529887,0.0145867098865478,0.016,0.0160771704180064,0.0176282051282051,0.0015600624024961,0.0130718954248366,0.0128824476650564,0.00485436893203883,0.0142630744849445,0.0145161290322581,0.0158227848101266,0.0126382306477093,0.0126984126984127,0.0160513643659711,0.0145631067961165,0.00806451612903226,0.0158478605388273,0,0.0178571428571429,0.0138888888888889,0.0141065830721003,0.014218009478673,0.015527950310559,0.0156739811912226,0.0112179487179487,0.0176848874598071,0.00783699059561128,0.011400651465798,0.0078003120124805,0.0128824476650564,0.00810372771474878,0.012987012987013,0.014018691588785,0,0,0,0,0,0,0,0,0,0,0,0,0,0,0,0,0,0,0,0,0,0,0,0,0,0,0,0,0,0,0,0,0,0,0,0,0,0,0,0,0,0,0,0,0,0,0,0,0,0,0,0,0,0,0,0,0,0,0,0,0,0,0,0,0,0,0,0,0,0,0,0,0,0,0,0,0,0,0,0,0,0,0,0,0,0,0,0,0,0,0,0,0,0,0,0,0,0,0,0,0,0,0,0,0,0,0,0,0,0,0,0,0,0,0,0,0,0,0,0,0,0,0,0,0,0,0,0,0,0,0,0,0,0,0,0,0,0,0,0,0,0,0,0,0,0,0,0
"17",0,0,0,0,0.899676375404531,0.884375,0.961227786752827,0.966237942122186,0.881685575364668,0.906976744186046,0.969745222929936,0.901869158878505,0.972843450479233,0.906542056074766,0.885852090032154,0.88529886914378,1,0.888888888888889,0.896440129449838,0.890499194847021,0.881064162754304,0.656739811912226,0.64576802507837,0.960815047021944,0.889580093312597,0.878594249201278,0.990625,0.996753246753247,0.887864823348694,0.959612277867528,0.993431855500821,0.998412698412698,0.996865203761755,0.886292834890966,0.8976,0.886503067484663,0.697115384615385,0.857589984350548,0.909379968203498,0.869009584664537,0.965244865718799,0.89060092449923,0.866352201257862,0.86698717948718,0.990595611285266,0.903908794788274,0.99537037037037,0,0,0,0,0.0033500837520938,0,0,0.0141509433962264,0.00802568218298555,0.0124031007751938,0.00309119010819165,0.0159744408945687,0.0176282051282051,0.0139968895800933,0.0110935023771791,0.0144,0.00977198697068404,0.0156985871271586,0.0156739811912226,0.0158227848101266,0,0.0128,0.0130932896890344,0.00474683544303797,0.0126182965299685,0.0145161290322581,0.0146579804560261,0.0140405616224649,0.0125786163522013,0.0161290322580645,0.0144230769230769,0.00963081861958266,0.0141287284144427,0,0.017515923566879,0.0107858243451464,0.013953488372093,0.0142405063291139,0.0153374233128834,0.014218009478673,0.014308426073132,0.0176848874598071,0.00315457413249211,0.00961538461538462,0.00933125972006221,0.00964630225080386,0.00479233226837061,0.0145161290322581,0.0154320987654321,0,0,0,0,0,0,0,0,0,0,0,0,0,0,0,0,0,0,0,0,0,0,0,0,0,0,0,0,0,0,0,0,0,0,0,0,0,0,0,0,0,0,0,0,0,0,0,0,0,0,0,0,0,0,0,0,0,0,0,0,0,0,0,0,0,0,0,0,0,0,0,0,0,0,0,0,0,0,0,0,0,0,0,0,0,0,0,0,0,0,0,0,0,0,0,0,0,0,0,0,0,0,0,0,0,0,0,0,0,0,0,0,0,0,0,0,0,0,0,0,0,0,0,0,0,0,0,0,0,0,0,0,0,0,0,0,0,0,0,0,0,0,0,0,0,0,0,0
"18",0,0,0,0,0.996899224806202,0.998454404945904,0.925465838509317,0.935433070866142,1,0.988095238095238,0.921779141104294,0.978560490045942,0.924499229583975,0.987915407854985,1,0.998432601880878,0.888888888888889,1,0.998454404945904,1,0.998496240601504,0.732704402515723,0.742424242424242,0.928684627575277,0.998498498498498,0.996899224806202,0.901990811638591,0.89776357827476,1,0.930232558139535,0.909822866344606,0.894495412844037,0.889057750759878,1,0.990610328638498,0.998493975903614,0.767441860465116,0.789554531490015,0.97869101978691,0.782131661442006,0.928353658536585,0.806354009077156,0.785824345146379,0.7828125,0.898021308980213,0.992236024844721,0.900149031296572,0,0,0,0,0.00318979266347687,0,0,0.015220700152207,0.00784929356357928,0.0122511485451761,0.00303030303030303,0.0172684458398744,0.0185758513931889,0.0149925037481259,0.00930232558139535,0.0154798761609907,0.0140845070422535,0.0182926829268293,0.0168453292496172,0.0169230769230769,0.00153609831029186,0.0108527131782946,0.0156494522691706,0.00462962962962963,0.0121396054628225,0.0188383045525903,0.0172143974960876,0.0136363636363636,0.0139751552795031,0.0171073094867807,0.0138036809815951,0.0109546165884194,0.0155038759689922,0,0.0185471406491499,0.0104947526236882,0.0151745068285281,0.0168711656441718,0.0151285930408472,0.0136157337367625,0.0138888888888889,0.0187793427230047,0.00606980273141123,0.0124804992199688,0.00904977375565611,0.012326656394453,0.00770416024653313,0.0124031007751938,0.015220700152207,0,0,0,0,0,0,0,0,0,0,0,0,0,0,0,0,0,0,0,0,0,0,0,0,0,0,0,0,0,0,0,0,0,0,0,0,0,0,0,0,0,0,0,0,0,0,0,0,0,0,0,0,0,0,0,0,0,0,0,0,0,0,0,0,0,0,0,0,0,0,0,0,0,0,0,0,0,0,0,0,0,0,0,0,0,0,0,0,0,0,0,0,0,0,0,0,0,0,0,0,0,0,0,0,0,0,0,0,0,0,0,0,0,0,0,0,0,0,0,0,0,0,0,0,0,0,0,0,0,0,0,0,0,0,0,0,0,0,0,0,0,0,0,0,0,0,0,0
"19",0,0,0,0,0.993640699523052,0.995283018867924,0.931637519872814,0.938808373590982,1,0.985981308411215,0.925081433224756,0.977671451355662,0.931034482758621,0.987596899224806,0.9984,0.995215311004785,0.896440129449838,0.998454404945904,1,0.996768982229402,0.995268138801262,0.731391585760518,0.730109204368175,0.928455284552846,0.995275590551181,0.993569131832797,0.905901116427432,0.896039603960396,0.998466257668712,0.935691318327974,0.909539473684211,0.891509433962264,0.889589905362776,1,0.988745980707395,0.995319812792512,0.759289176090469,0.791139240506329,0.979527559055118,0.783251231527094,0.933333333333333,0.806201550387597,0.784251968503937,0.784345047923323,0.89589905362776,0.992,0.899845916795069,0,0,0,0,0,0,0,0.0142857142857143,0.00481540930979133,0.0110759493670886,0.00315457413249211,0.0128205128205128,0.0144230769230769,0.0125195618153365,0.00788643533123028,0.0112359550561798,0.0113636363636364,0.0127591706539075,0.0126582278481013,0.0140845070422535,0.00158227848101266,0.0096,0.0114192495921697,0.00161290322580645,0.0110935023771791,0.011400651465798,0.0144230769230769,0.00798722044728434,0.00950871632329636,0.0143312101910828,0.0142857142857143,0.00949367088607595,0.0111111111111111,0,0.0142630744849445,0.0108359133126935,0.0108359133126935,0.0110759493670886,0.0109717868338558,0.0109546165884194,0.00791139240506329,0.0145395799676898,0.00460829493087558,0.00644122383252818,0.00318471337579618,0.0113268608414239,0.00481540930979133,0.0111464968152866,0.0093603744149766,0,0,0,0,0,0,0,0,0,0,0,0,0,0,0,0,0,0,0,0,0,0,0,0,0,0,0,0,0,0,0,0,0,0,0,0,0,0,0,0,0,0,0,0,0,0,0,0,0,0,0,0,0,0,0,0,0,0,0,0,0,0,0,0,0,0,0,0,0,0,0,0,0,0,0,0,0,0,0,0,0,0,0,0,0,0,0,0,0,0,0,0,0,0,0,0,0,0,0,0,0,0,0,0,0,0,0,0,0,0,0,0,0,0,0,0,0,0,0,0,0,0,0,0,0,0,0,0,0,0,0,0,0,0,0,0,0,0,0,0,0,0,0,0,0,0,0,0
"20",0,0,0,0,0.998376623376623,1,0.91437802907916,0.928104575163399,0.998381877022654,0.987460815047022,0.909667194928685,0.979397781299525,0.915739268680445,0.984326018808777,1,1,0.890499194847021,1,0.996768982229402,1,1,0.712662337662338,0.729102167182663,0.9168,1,0.998381877022654,0.895148669796557,0.888333333333333,1,0.921135646687697,0.904362416107383,0.888188976377953,0.883280757097792,0.99685534591195,0.988941548183254,1,0.755267423014587,0.79559748427673,0.980582524271845,0.793103448275862,0.919937205651491,0.80370942812983,0.791208791208791,0.786752827140549,0.891891891891892,0.991909385113269,0.895061728395062,0,0,0,0,0.00328407224958949,0,0,0.0156739811912226,0.008,0.0141509433962264,0.00313479623824451,0.0206677265500795,0.0206349206349206,0.0156494522691706,0.0109717868338558,0.0158982511923688,0.0132231404958678,0.0186625194401244,0.0191693290734824,0.0193548387096774,0,0.0159744408945687,0.016366612111293,0.00625978090766823,0.0126984126984127,0.0177993527508091,0.0176565008025682,0.0139968895800933,0.0159744408945687,0.0176565008025682,0.0158478605388273,0.0112540192926045,0.019047619047619,0,0.020440251572327,0.0139318885448916,0.0169753086419753,0.0158227848101266,0.0172955974842767,0.0156985871271586,0.017741935483871,0.0210016155088853,0.0063391442155309,0.00975609756097561,0.0124416796267496,0.0128,0.00646203554119548,0.014446227929374,0.0172684458398744,0,0,0,0,0,0,0,0,0,0,0,0,0,0,0,0,0,0,0,0,0,0,0,0,0,0,0,0,0,0,0,0,0,0,0,0,0,0,0,0,0,0,0,0,0,0,0,0,0,0,0,0,0,0,0,0,0,0,0,0,0,0,0,0,0,0,0,0,0,0,0,0,0,0,0,0,0,0,0,0,0,0,0,0,0,0,0,0,0,0,0,0,0,0,0,0,0,0,0,0,0,0,0,0,0,0,0,0,0,0,0,0,0,0,0,0,0,0,0,0,0,0,0,0,0,0,0,0,0,0,0,0,0,0,0,0,0,0,0,0,0,0,0,0,0,0,0,0
"21",0,0,0,0,0.998439937597504,1,0.91283676703645,0.924528301886792,0.996899224806202,0.989312977099237,0.912225705329154,0.979750778816199,0.917701863354037,0.984756097560976,0.998447204968944,1,0.881064162754304,0.998496240601504,0.995268138801262,1,1,0.728125,0.726851851851852,0.91692789968652,1,0.998449612403101,0.893939393939394,0.891447368421053,0.998491704374057,0.921259842519685,0.903752039151713,0.883435582822086,0.881538461538461,0.995398773006135,0.990595611285266,1,0.759316770186335,0.773211567732116,0.981308411214953,0.770569620253165,0.92,0.785714285714286,0.770416024653313,0.772370486656201,0.890262751159196,0.992260061919505,0.892749244712991,0,0,0,0,0.00160513643659711,0,0,0.015527950310559,0.00625978090766823,0.010752688172043,0.00454545454545455,0.0154559505409583,0.0171073094867807,0.0137825421133231,0.00778816199376947,0.013953488372093,0.0125984251968504,0.0154320987654321,0.0172955974842767,0.0170278637770898,0.0015552099533437,0.0111287758346582,0.0127591706539075,0.00310077519379845,0.0108024691358025,0.0141955835962145,0.0171606864274571,0.00923076923076923,0.014018691588785,0.0139751552795031,0.0139103554868624,0.00789889415481832,0.014018691588785,0,0.0170542635658915,0.0106870229007634,0.0120481927710843,0.0125,0.013595166163142,0.013953488372093,0.0109204368174727,0.0171875,0.00749625187406297,0.0094488188976378,0.00755287009063444,0.0141065830721003,0.00634920634920635,0.0125588697017268,0.0122699386503067,0,0,0,0,0,0,0,0,0,0,0,0,0,0,0,0,0,0,0,0,0,0,0,0,0,0,0,0,0,0,0,0,0,0,0,0,0,0,0,0,0,0,0,0,0,0,0,0,0,0,0,0,0,0,0,0,0,0,0,0,0,0,0,0,0,0,0,0,0,0,0,0,0,0,0,0,0,0,0,0,0,0,0,0,0,0,0,0,0,0,0,0,0,0,0,0,0,0,0,0,0,0,0,0,0,0,0,0,0,0,0,0,0,0,0,0,0,0,0,0,0,0,0,0,0,0,0,0,0,0,0,0,0,0,0,0,0,0,0,0,0,0,0,0,0,0,0,0
"22",0,0,0.016,0.0228013029315961,0.733009708737864,0.723270440251572,0.672609400324149,0.669902912621359,0.714975845410628,0.705246913580247,0.660287081339713,0.688888888888889,0.674015748031496,0.68944099378882,0.728139904610493,0.719101123595506,0.656739811912226,0.732704402515723,0.731391585760518,0.712662337662338,0.728125,1,1,0.66031746031746,0.708722741433022,0.725552050473186,0.6546875,0.660033167495854,0.719512195121951,0.663961038961039,0.68,0.638932496075353,0.657407407407407,0.718799368088468,0.699523052464229,0.726993865030675,0.971383147853736,0.805255023183926,0.709320695102686,0.800653594771242,0.658767772511848,0.763322884012539,0.7984375,0.783018867924528,0.653061224489796,0.703225806451613,0.665629860031104,0,0,0.0125588697017268,0.0243111831442464,0,0.0829420970266041,0.0605590062111801,0.00615384615384615,0.00317965023847377,0.00470219435736677,0.0558139534883721,0.00635930047694754,0.00786163522012579,0.0062992125984252,0.00635930047694754,0.00794912559618442,0.00796178343949045,0.00789889415481832,0.00789889415481832,0.00797448165869218,0,0.00319488817891374,0.00813008130081301,0.00315955766192733,0.00634920634920635,0.00802568218298555,0.00632911392405063,0.00467289719626168,0.0063391442155309,0.00642054574638844,0.00636942675159236,0.0032520325203252,0.0062402496099844,0.0192,0.00789889415481832,0.00463678516228748,0.0046875,0.00625978090766823,0.00769230769230769,0.00782472613458529,0.00647249190938511,0.008,0.00622083981337481,0.0063391442155309,0.00613496932515337,0.00643086816720257,0.0032258064516129,0.0064,0.0062111801242236,0,0,0,0.00321543408360129,0,0,0,0,0,0,0,0,0,0,0,0,0.029595015576324,0,0,0,0,0,0,0,0,0,0,0,0,0,0,0,0,0,0,0,0,0,0,0.00155038759689922,0,0,0,0,0,0,0,0,0,0,0,0,0,0,0.0172143974960876,0,0,0,0,0,0,0,0,0,0,0,0,0,0,0,0,0,0,0,0,0,0,0,0,0.015625,0,0,0,0,0,0,0,0,0,0,0.00646203554119548,0,0,0,0.00154798761609907,0.0283464566929134,0,0,0,0.00974025974025974,0,0,0,0,0,0,0,0,0,0,0,0,0.0415384615384615,0,0,0,0.00164744645799012,0,0,0,0,0,0,0,0,0,0,0,0,0,0,0,0,0,0,0,0,0,0,0,0,0,0,0,0,0,0.00622083981337481,0
"23",0,0,0.0172143974960876,0.0218408736349454,0.737909516380655,0.729813664596273,0.671875,0.664586583463339,0.722480620155039,0.707462686567164,0.658950617283951,0.696784073506891,0.670807453416149,0.696048632218845,0.733436055469954,0.730407523510972,0.64576802507837,0.742424242424242,0.730109204368175,0.729102167182663,0.726851851851852,1,1,0.660910518053375,0.720789074355083,0.729393468118196,0.651162790697674,0.657556270096463,0.72781954887218,0.6671875,0.674679487179487,0.646879756468798,0.652042360060514,0.720247295208655,0.704334365325077,0.734724292101341,0.96875,0.802130898021309,0.707547169811321,0.790143084260731,0.663026521060842,0.760479041916168,0.796042617960426,0.769828926905132,0.64624808575804,0.714503816793893,0.664661654135338,0,0,0.013719512195122,0.0218068535825545,0,0.0875576036866359,0.0637329286798179,0.00924499229583975,0.00613496932515337,0.00921658986175115,0.0636363636363636,0.0093167701863354,0.0109204368174727,0.00907715582450832,0.00615384615384615,0.0108191653786708,0.00949367088607595,0.00916030534351145,0.0109204368174727,0.0109375,0.00154320987654321,0.00775193798449612,0.0109034267912773,0.00154320987654321,0.0107858243451464,0.00925925925925926,0.00933125972006221,0.00755287009063444,0.00783699059561128,0.0093603744149766,0.0108695652173913,0.00630914826498423,0.00928792569659443,0.0245022970903522,0.0107858243451464,0.00900900900900901,0.00609756097560976,0.00914634146341463,0.00920245398773006,0.0107692307692308,0.00622083981337481,0.0109034267912773,0.00599700149925037,0.00789889415481832,0.00614439324116743,0.00778816199376947,0.00474683544303797,0.0110410094637224,0.00758725341426404,0,0,0,0.00625978090766823,0,0,0,0,0,0,0,0,0,0,0,0,0.0334855403348554,0,0,0,0,0,0,0,0,0,0,0,0,0,0,0,0,0,0,0,0,0,0,0,0,0,0,0,0,0,0,0,0,0,0,0,0,0,0.0200308166409861,0,0,0,0,0,0,0,0,0,0,0,0,0.00158730158730159,0,0,0,0,0,0,0,0,0,0,0,0.0214395099540582,0,0,0,0,0,0,0,0,0,0,0.00631911532385466,0,0,0,0.00453857791225416,0.0333333333333333,0,0,0,0.0111287758346582,0,0,0,0,0,0,0,0,0,0,0,0,0.0468277945619335,0,0,0,0.0016025641025641,0,0,0,0,0,0,0,0,0,0,0,0,0,0,0,0,0,0,0,0,0,0,0,0,0,0,0,0,0,0.00599700149925037,0
"24",0,0,0,0,0.929032258064516,0.918238993710692,1,1,0.915470494417863,0.942006269592476,1,0.938582677165354,0.998397435897436,0.942812982998454,0.917329093799682,0.920583468395462,0.960815047021944,0.928684627575277,0.928455284552846,0.9168,0.91692789968652,0.66031746031746,0.660910518053375,1,0.923556942277691,0.914691943127962,0.976340694006309,0.969105691056911,0.920560747663551,1,0.966777408637874,0.965732087227414,0.970266040688576,0.918918918918919,0.930645161290323,0.909797822706065,0.696920583468395,0.834920634920635,0.939968404423381,0.83112582781457,1,0.861370716510903,0.837320574162679,0.841935483870968,0.97007874015748,0.93517017828201,0.972006220839813,0,0,0,0,0.00330578512396694,0,0,0.0174050632911392,0.00972447325769854,0.0141955835962145,0.00313479623824451,0.0225806451612903,0.0224358974358974,0.0175438596491228,0.0112540192926045,0.0176,0.0145631067961165,0.0209677419354839,0.0222222222222222,0.0206677265500795,0,0.0160513643659711,0.017741935483871,0.00627943485086342,0.0143312101910828,0.0196399345335516,0.0193548387096774,0.0142630744849445,0.0174050632911392,0.0192926045016077,0.0176,0.0112903225806452,0.0202177293934681,0,0.0223285486443381,0.0158478605388273,0.0172143974960876,0.0177133655394525,0.0171073094867807,0.0189274447949527,0.017741935483871,0.0226537216828479,0.00783699059561128,0.0131795716639209,0.0141955835962145,0.0129659643435981,0.00806451612903226,0.0177993527508091,0.0170542635658915,0,0,0,0,0,0,0,0,0,0,0,0,0,0,0,0,0,0,0,0,0,0,0,0,0,0,0,0,0,0,0,0,0,0,0,0,0,0,0,0,0,0,0,0,0,0,0,0,0,0,0,0,0,0,0,0,0,0,0,0,0,0,0,0,0,0,0,0,0,0,0,0,0,0,0,0,0,0,0,0,0,0,0,0,0,0,0,0,0,0,0,0,0,0,0,0,0,0,0,0,0,0,0,0,0,0,0,0,0,0,0,0,0,0,0,0,0,0,0,0,0,0,0,0,0,0,0,0,0,0,0,0,0,0,0,0,0,0,0,0,0,0,0,0,0,0,0,0
"25",0,0,0,0,0.998444790046656,1,0.922955974842767,0.927018633540373,0.996865203761755,0.98956780923994,0.918083462132921,0.980243161094225,0.922239502332815,0.984825493171472,0.998473282442748,1,0.889580093312597,0.998498498498498,0.995275590551181,1,1,0.708722741433022,0.720789074355083,0.923556942277691,1,0.998461538461539,0.898791540785498,0.888535031847134,0.998482549317147,0.927469135802469,0.901116427432217,0.887537993920973,0.889057750759878,0.995412844036697,0.990625,1,0.752721617418352,0.786482334869432,0.979907264296754,0.777602523659306,0.921779141104294,0.795216741405082,0.781345565749236,0.772797527047913,0.889230769230769,0.992295839753467,0.895522388059702,0,0,0,0,0.00160513643659711,0,0,0.016566265060241,0.00921658986175115,0.0152439024390244,0.00454545454545455,0.0219435736677116,0.0216049382716049,0.019578313253012,0.0122887864823349,0.0183767228177642,0.0138674884437596,0.0196374622356495,0.0201238390092879,0.0200927357032458,0.00149476831091181,0.0154798761609907,0.0189873417721519,0.0062111801242236,0.0154083204930663,0.0184615384615385,0.0185471406491499,0.0151515151515152,0.015527950310559,0.0202492211838006,0.0185471406491499,0.0125391849529781,0.0199386503067485,0,0.0213414634146341,0.015015015015015,0.0182370820668693,0.0166414523449319,0.0179910044977511,0.0181543116490166,0.0155038759689922,0.0214723926380368,0.00902255639097744,0.0123076923076923,0.0135746606334842,0.0124223602484472,0.00927357032457496,0.0187207488299532,0.0182926829268293,0,0,0,0,0,0,0,0,0,0,0,0,0,0,0,0,0,0,0,0,0,0,0,0,0,0,0,0,0,0,0,0,0,0,0,0,0,0,0,0,0,0,0,0,0,0,0,0,0,0,0,0,0,0,0,0,0,0,0,0,0,0,0,0,0,0,0,0,0,0,0,0,0,0,0,0,0,0,0,0,0,0,0,0,0,0,0,0,0,0,0,0,0,0,0,0,0,0,0,0,0,0,0,0,0,0,0,0,0,0,0,0,0,0,0,0,0,0,0,0,0,0,0,0,0,0,0,0,0,0,0,0,0,0,0,0,0,0,0,0,0,0,0,0,0,0,0,0
"26",0,0,0,0,1,0.998412698412698,0.909385113268608,0.916398713826367,0.995176848874598,0.99079754601227,0.902362204724409,0.982866043613707,0.910828025477707,0.987767584097859,0.998435054773083,0.998394863563403,0.878594249201278,0.996899224806202,0.993569131832797,0.998381877022654,0.998449612403101,0.725552050473186,0.729393468118196,0.914691943127962,0.998461538461539,1,0.883942766295707,0.877850162866449,0.996965098634294,0.911433172302738,0.890547263681592,0.875389408099688,0.870109546165884,0.993855606758833,0.991922455573506,1,0.759936406995231,0.778816199376947,0.984101748807631,0.769357495881384,0.913385826771654,0.788253477588872,0.776212832550861,0.779527559055118,0.880503144654088,0.996815286624204,0.878648233486943,0,0,0,0,0.00162866449511401,0,0,0.0154798761609907,0.00797448165869218,0.0124223602484472,0.00462249614791988,0.017515923566879,0.0192616372391653,0.0155038759689922,0.0113268608414239,0.0141287284144427,0.0128824476650564,0.0188976377952756,0.019047619047619,0.0172684458398744,0.00157728706624606,0.0129032258064516,0.0177705977382876,0.00635930047694754,0.0126782884310618,0.0176848874598071,0.0157977883096366,0.0141955835962145,0.0158982511923688,0.0192,0.0159235668789809,0.0126782884310618,0.0169491525423729,0,0.019047619047619,0.0122887864823349,0.015527950310559,0.0173775671406003,0.0141065830721003,0.015625,0.0157232704402516,0.0192,0.00773993808049536,0.014218009478673,0.0108695652173913,0.0111464968152866,0.00952380952380952,0.0158227848101266,0.0152439024390244,0,0,0,0,0,0,0,0,0,0,0,0,0,0,0,0,0,0,0,0,0,0,0,0,0,0,0,0,0,0,0,0,0,0,0,0,0,0,0,0,0,0,0,0,0,0,0,0,0,0,0,0,0,0,0,0,0,0,0,0,0,0,0,0,0,0,0,0,0,0,0,0,0,0,0,0,0,0,0,0,0,0,0,0,0,0,0,0,0,0,0,0,0,0,0,0,0,0,0,0,0,0,0,0,0,0,0,0,0,0,0,0,0,0,0,0,0,0,0,0,0,0,0,0,0,0,0,0,0,0,0,0,0,0,0,0,0,0,0,0,0,0,0,0,0,0,0,0
"27",0,0,0,0,0.9078125,0.894736842105263,0.973228346456693,0.979719188767551,0.892913385826772,0.91566265060241,0.982945736434109,0.911490683229814,0.981132075471698,0.913846153846154,0.894333843797856,0.894736842105263,0.990625,0.901990811638591,0.905901116427432,0.895148669796557,0.893939393939394,0.6546875,0.651162790697674,0.976340694006309,0.898791540785498,0.883942766295707,1,0.998394863563403,0.893617021276596,0.974960876369327,0.988636363636364,0.993759750390016,0.989230769230769,0.901515151515151,0.905660377358491,0.887878787878788,0.698142414860681,0.848297213622291,0.922360248447205,0.855325914149444,0.975,0.879336349924585,0.857805255023184,0.859154929577465,0.987730061349693,0.910543130990415,0.998491704374057,0,0,0,0,0.00328947368421053,0,0,0.016793893129771,0.0093167701863354,0.0138248847926267,0.0031104199066874,0.0221518987341772,0.0215716486902928,0.0167682926829268,0.0124610591900312,0.0172684458398744,0.0143312101910828,0.0199692780337942,0.0206022187004754,0.0201863354037267,0,0.0156494522691706,0.0174603174603175,0.00617283950617284,0.0140845070422535,0.0189873417721519,0.0185758513931889,0.0137614678899083,0.0157728706624606,0.018957345971564,0.0170807453416149,0.0112179487179487,0.0199386503067485,0,0.0216049382716049,0.0151515151515152,0.018348623853211,0.0173228346456693,0.0182926829268293,0.0171073094867807,0.0171875,0.0219435736677116,0.00769230769230769,0.0109546165884194,0.0135746606334842,0.0139103554868624,0.00784929356357928,0.0158982511923688,0.0167173252279635,0,0,0,0,0,0,0,0,0,0,0,0,0,0,0,0,0,0,0,0,0,0,0,0,0,0,0,0,0,0,0,0,0,0,0,0,0,0,0,0,0,0,0,0,0,0,0,0,0,0,0,0,0,0,0,0,0,0,0,0,0,0,0,0,0,0,0,0,0,0,0,0,0,0,0,0,0,0,0,0,0,0,0,0,0,0,0,0,0,0,0,0,0,0,0,0,0,0,0,0,0,0,0,0,0,0,0,0,0,0,0,0,0,0,0,0,0,0,0,0,0,0,0,0,0,0,0,0,0,0,0,0,0,0,0,0,0,0,0,0,0,0,0,0,0,0,0,0
"28",0,0,0,0,0.901993355481728,0.882926829268293,0.969949916527546,0.971524288107203,0.881383855024712,0.904761904761905,0.97557003257329,0.896103896103896,0.976666666666667,0.909952606635071,0.887480190174326,0.884228187919463,0.996753246753247,0.89776357827476,0.896039603960396,0.888333333333333,0.891447368421053,0.660033167495854,0.657556270096463,0.969105691056911,0.888535031847134,0.877850162866449,0.998394863563403,1,0.887323943661972,0.970443349753695,0.993197278911565,0.998415213946117,0.991961414790997,0.8912,0.895765472312704,0.885350318471338,0.715460526315789,0.872964169381108,0.905228758169935,0.878130217028381,0.966183574879227,0.909090909090909,0.877022653721683,0.888524590163934,0.991869918699187,0.902640264026403,1,0,0,0,0,0.00341296928327645,0,0,0.0145161290322581,0.00657894736842105,0.0128617363344051,0.00638977635782748,0.0180032733224223,0.0196078431372549,0.0158982511923688,0.00975609756097561,0.017741935483871,0.0149750415973378,0.0193861066235864,0.0180327868852459,0.0193236714975845,0.00161290322580645,0.0130293159609121,0.0149750415973378,0.00484652665589661,0.0147783251231527,0.0183028286189684,0.0181818181818182,0.0145161290322581,0.0177133655394525,0.0164473684210526,0.0149501661129568,0.011744966442953,0.0162074554294976,0,0.0195121951219512,0.0126382306477093,0.0145161290322581,0.0145867098865478,0.0174050632911392,0.0162337662337662,0.0162866449511401,0.019672131147541,0.00797448165869218,0.0115131578947368,0.00949367088607595,0.0131578947368421,0.00654664484451719,0.015,0.0190174326465927,0,0,0,0,0,0,0,0,0,0,0,0,0,0,0,0,0,0,0,0,0,0,0,0,0,0,0,0,0,0,0,0,0,0,0,0,0,0,0,0,0,0,0,0,0,0,0,0,0,0,0,0,0,0,0,0,0,0,0,0,0,0,0,0,0,0,0,0,0,0,0,0,0,0,0,0,0,0,0,0,0,0,0,0,0,0,0,0,0,0,0,0,0,0,0,0,0,0,0,0,0,0,0,0,0,0,0,0,0,0,0,0,0,0,0,0,0,0,0,0,0,0,0,0,0,0,0,0,0,0,0,0,0,0,0,0,0,0,0,0,0,0,0,0,0,0,0,0
"29",0,0,0,0,0.996894409937888,0.998489425981873,0.915773353751914,0.925984251968504,1,0.988112927191679,0.909647779479326,0.981735159817352,0.914634146341463,0.989520958083832,1,0.998456790123457,0.887864823348694,1,0.998466257668712,1,0.998491704374057,0.719512195121951,0.72781954887218,0.920560747663551,0.998482549317147,0.996965098634294,0.893617021276596,0.887323943661972,1,0.920245398773006,0.90521327014218,0.888721804511278,0.879699248120301,0.998477929984779,0.989263803680982,0.998525073746313,0.763157894736842,0.7821482602118,0.984802431610942,0.778294573643411,0.918429003021148,0.795827123695976,0.778787878787879,0.778637770897833,0.889057750759878,0.992223950233281,0.890855457227139,0,0,0,0,0.00315457413249211,0,0,0.0135338345864662,0.00465116279069767,0.0104947526236882,0.00149476831091181,0.0155038759689922,0.0167682926829268,0.0136363636363636,0.00930232558139535,0.0136363636363636,0.0112179487179487,0.0150375939849624,0.0154083204930663,0.0168453292496172,0,0.0124223602484472,0.0138036809815951,0.00457317073170732,0.00900900900900901,0.0139968895800933,0.0167427701674277,0.0134128166915052,0.0139318885448916,0.0155038759689922,0.0123456790123457,0.0109375,0.0151057401812689,0,0.0169491525423729,0.0117647058823529,0.0120481927710843,0.0151745068285281,0.012012012012012,0.0120300751879699,0.015552099533437,0.0169753086419753,0.00447093889716841,0.00920245398773006,0.00754147812971342,0.0123076923076923,0.00461538461538462,0.0106544901065449,0.013595166163142,0,0,0,0,0,0,0,0,0,0,0,0,0,0,0,0,0,0,0,0,0,0,0,0,0,0,0,0,0,0,0,0,0,0,0,0,0,0,0,0,0,0,0,0,0,0,0,0,0,0,0,0,0,0,0,0,0,0,0,0,0,0,0,0,0,0,0,0,0,0,0,0,0,0,0,0,0,0,0,0,0,0,0,0,0,0,0,0,0,0,0,0,0,0,0,0,0,0,0,0,0,0,0,0,0,0,0,0,0,0,0,0,0,0,0,0,0,0,0,0,0,0,0,0,0,0,0,0,0,0,0,0,0,0,0,0,0,0,0,0,0,0,0,0,0,0,0,0
"30",0,0,0,0,0.932038834951456,0.919937205651491,0.9984,0.996732026143791,0.916264090177134,0.942546583850932,0.996865203761755,0.940625,0.996835443037975,0.947611710323575,0.921135646687697,0.923444976076555,0.959612277867528,0.930232558139535,0.935691318327974,0.921135646687697,0.921259842519685,0.663961038961039,0.6671875,1,0.927469135802469,0.911433172302738,0.974960876369327,0.970443349753695,0.920245398773006,1,0.970247933884298,0.9703125,0.968602825745683,0.925750394944708,0.935379644588045,0.912636505460218,0.697749196141479,0.825545171339564,0.941915227629513,0.833060556464812,1,0.86015037593985,0.829652996845426,0.834130781499203,0.970125786163522,0.936608557844691,0.972179289026275,0,0,0,0,0.00163398692810458,0,0,0.0187207488299532,0.008,0.0171875,0.0062402496099844,0.0224358974358974,0.0238473767885533,0.0204724409448819,0.0124804992199688,0.0189873417721519,0.0175718849840256,0.0234009360374415,0.0224,0.0222222222222222,0.00157977883096367,0.016,0.0208667736757624,0.00628930817610063,0.0174880763116057,0.0229132569558101,0.0207667731629393,0.0154798761609907,0.0190174326465927,0.022508038585209,0.0205696202531646,0.0162337662337662,0.0206022187004754,0,0.0237717908082409,0.0154083204930663,0.0186915887850467,0.0189873417721519,0.0184615384615385,0.0190174326465927,0.0189873417721519,0.0238853503184713,0.00943396226415094,0.0145161290322581,0.0122699386503067,0.0142857142857143,0.00964630225080386,0.019047619047619,0.0200308166409861,0,0,0,0,0,0,0,0,0,0,0,0,0,0,0,0,0,0,0,0,0,0,0,0,0,0,0,0,0,0,0,0,0,0,0,0,0,0,0,0,0,0,0,0,0,0,0,0,0,0,0,0,0,0,0,0,0,0,0,0,0,0,0,0,0,0,0,0,0,0,0,0,0,0,0,0,0,0,0,0,0,0,0,0,0,0,0,0,0,0,0,0,0,0,0,0,0,0,0,0,0,0,0,0,0,0,0,0,0,0,0,0,0,0,0,0,0,0,0,0,0,0,0,0,0,0,0,0,0,0,0,0,0,0,0,0,0,0,0,0,0,0,0,0,0,0,0,0
"31",0,0,0,0,0.904376012965964,0.898858075040783,0.971666666666667,0.975083056478405,0.898193760262726,0.914012738853503,0.980487804878049,0.9136,0.973553719008264,0.920255183413078,0.900813008130081,0.904841402337229,0.993431855500821,0.909822866344606,0.909539473684211,0.904362416107383,0.903752039151713,0.68,0.674679487179487,0.966777408637874,0.901116427432217,0.890547263681592,0.988636363636364,0.993197278911565,0.90521327014218,0.970247933884298,1,0.991935483870968,0.99198717948718,0.905296950240771,0.906095551894563,0.9,0.71993410214168,0.855284552845528,0.920711974110032,0.867226890756303,0.972624798711755,0.882165605095541,0.858552631578947,0.864548494983278,0.998371335504886,0.908196721311475,0.992138364779874,0,0,0,0,0,0,0,0.0161812297734628,0.00485436893203883,0.0158730158730159,0.0048780487804878,0.0182421227197347,0.0194174757281553,0.017741935483871,0.00974025974025974,0.0146818923327896,0.0116279069767442,0.0177993527508091,0.0179153094462541,0.0178861788617886,0.00161030595813205,0.0132890365448505,0.016750418760469,0.00494233937397035,0.0114566284779051,0.0164473684210526,0.0181518151815182,0.0128617363344051,0.015025041736227,0.0180032733224223,0.016260162601626,0.0130932896890344,0.016260162601626,0,0.0193861066235864,0.0110935023771791,0.0158982511923688,0.0144694533762058,0.015748031496063,0.0146818923327896,0.0148514851485149,0.0192616372391653,0.00646203554119548,0.00837520938023451,0.00956937799043062,0.0130505709624796,0.00662251655629139,0.0147540983606557,0.016366612111293,0,0,0,0,0,0,0,0,0,0,0,0,0,0,0,0,0,0,0,0,0,0,0,0,0,0,0,0,0,0,0,0,0,0,0,0,0,0,0,0,0,0,0,0,0,0,0,0,0,0,0,0,0,0,0,0,0,0,0,0,0,0,0,0,0,0,0,0,0,0,0,0,0,0,0,0,0,0,0,0,0,0,0,0,0,0,0,0,0,0,0,0,0,0,0,0,0,0,0,0,0,0,0,0,0,0,0,0,0,0,0,0,0,0,0,0,0,0,0,0,0,0,0,0,0,0,0,0,0,0,0,0,0,0,0,0,0,0,0,0,0,0,0,0,0,0,0,0
"32",0,0,0,0,0.893416927899687,0.882995319812793,0.963779527559055,0.96513470681458,0.880763116057234,0.901065449010654,0.970219435736677,0.894573643410853,0.972136222910217,0.906441717791411,0.884194053208138,0.881977671451356,0.998412698412698,0.894495412844037,0.891509433962264,0.888188976377953,0.883435582822086,0.638932496075353,0.646879756468798,0.965732087227414,0.887537993920973,0.875389408099688,0.993759750390016,0.998415213946117,0.888721804511278,0.9703125,0.991935483870968,1,0.993855606758833,0.880434782608696,0.887147335423197,0.878603945371775,0.691588785046729,0.856481481481482,0.903576982892691,0.860353130016051,0.967492260061919,0.889908256880734,0.862229102167183,0.868878357030016,0.99075500770416,0.897515527950311,0.996992481203008,0,0,0,0,0.00160771704180064,0,0,0.0153139356814701,0.00941915227629513,0.0137404580152672,0.00460122699386503,0.0188383045525903,0.0187207488299532,0.0138888888888889,0.00771604938271605,0.0138674884437596,0.0112540192926045,0.0170015455950541,0.0188087774294671,0.0171339563862928,0.00154320987654321,0.0141955835962145,0.0142857142857143,0.00310077519379845,0.0124416796267496,0.0159235668789809,0.0157232704402516,0.0108527131782946,0.014308426073132,0.015748031496063,0.015527950310559,0.00963081861958266,0.0168453292496172,0,0.0188087774294671,0.0136157337367625,0.0154798761609907,0.0140625,0.0153139356814701,0.0155763239875389,0.0125195618153365,0.0192,0.00611620795107034,0.00950871632329636,0.0107033639143731,0.0110410094637224,0.00637958532695375,0.015625,0.0137614678899083,0,0,0,0,0,0,0,0,0,0,0,0,0,0,0,0,0,0,0,0,0,0,0,0,0,0,0,0,0,0,0,0,0,0,0,0,0,0,0,0,0,0,0,0,0,0,0,0,0,0,0,0,0,0,0,0,0,0,0,0,0,0,0,0,0,0,0,0,0,0,0,0,0,0,0,0,0,0,0,0,0,0,0,0,0,0,0,0,0,0,0,0,0,0,0,0,0,0,0,0,0,0,0,0,0,0,0,0,0,0,0,0,0,0,0,0,0,0,0,0,0,0,0,0,0,0,0,0,0,0,0,0,0,0,0,0,0,0,0,0,0,0,0,0,0,0,0,0
"33",0,0,0,0,0.900311526479751,0.878971255673222,0.966824644549763,0.9671875,0.877934272300469,0.901812688821752,0.969325153374233,0.895384615384615,0.973724884080371,0.909785932721712,0.882896764252696,0.879120879120879,0.996865203761755,0.889057750759878,0.889589905362776,0.883280757097792,0.881538461538461,0.657407407407407,0.652042360060514,0.970266040688576,0.889057750759878,0.870109546165884,0.989230769230769,0.991961414790997,0.879699248120301,0.968602825745683,0.99198717948718,0.993855606758833,1,0.88,0.887864823348694,0.87667161961367,0.702325581395349,0.867692307692308,0.898148148148148,0.874203821656051,0.967987804878049,0.897280966767372,0.873475609756098,0.876190476190476,0.987767584097859,0.893682588597843,0.98955223880597,0,0,0,0,0.00323101777059774,0,0,0.0168195718654434,0.00782472613458529,0.0151975683890578,0.00462962962962963,0.0204724409448819,0.0219092331768388,0.0168195718654434,0.0109034267912773,0.0171073094867807,0.0158982511923688,0.0216383307573416,0.0202492211838006,0.0201238390092879,0,0.015552099533437,0.0172955974842767,0.00463678516228748,0.0166919575113809,0.0204081632653061,0.0186335403726708,0.0137404580152672,0.0171073094867807,0.0188087774294671,0.0187793427230047,0.0139968895800933,0.0186625194401244,0,0.0216383307573416,0.0152671755725191,0.0151975683890578,0.0168970814132104,0.016566265060241,0.016793893129771,0.0183767228177642,0.0215384615384615,0.00601503759398496,0.0125786163522013,0.0107692307692308,0.0124416796267496,0.00623052959501558,0.0171073094867807,0.018348623853211,0,0,0,0,0,0,0,0,0,0,0,0,0,0,0,0,0,0,0,0,0,0,0,0,0,0,0,0,0,0,0,0,0,0,0,0,0,0,0,0,0,0,0,0,0,0,0,0,0,0,0,0,0,0,0,0,0,0,0,0,0,0,0,0,0,0,0,0,0,0,0,0,0,0,0,0,0,0,0,0,0,0,0,0,0,0,0,0,0,0,0,0,0,0,0,0,0,0,0,0,0,0,0,0,0,0,0,0,0,0,0,0,0,0,0,0,0,0,0,0,0,0,0,0,0,0,0,0,0,0,0,0,0,0,0,0,0,0,0,0,0,0,0,0,0,0,0,0
"34",0,0,0,0,0.995334370139969,0.995356037151703,0.919129082426128,0.928684627575277,0.998425196850394,0.989263803680982,0.919876733436055,0.979813664596273,0.9203125,0.990853658536585,1,0.995327102803738,0.886292834890966,1,1,0.99685534591195,0.995398773006135,0.718799368088468,0.720247295208655,0.918918918918919,0.995412844036697,0.993855606758833,0.901515151515151,0.8912,0.998477929984779,0.925750394944708,0.905296950240771,0.880434782608696,0.88,1,0.992260061919505,0.995529061102832,0.752738654147105,0.771121351766513,0.979938271604938,0.77491961414791,0.921296296296296,0.787650602409639,0.767584097859327,0.769230769230769,0.893518518518518,0.992125984251969,0.893175074183976,0,0,0,0,0.00162337662337662,0,0,0.015220700152207,0.0046583850931677,0.0121580547112462,0.00306278713629403,0.0171073094867807,0.0169230769230769,0.0120481927710843,0.0062992125984252,0.0139318885448916,0.0125786163522013,0.0165912518853695,0.015527950310559,0.0170807453416149,0.00150602409638554,0.0125786163522013,0.0124804992199688,0.00310077519379845,0.0108695652173913,0.015600624024961,0.0155763239875389,0.0122887864823349,0.0154559505409583,0.0158730158730159,0.0124610591900312,0.00950871632329636,0.0154083204930663,0,0.0172684458398744,0.0122699386503067,0.0135746606334842,0.0138888888888889,0.0122137404580153,0.0123647604327666,0.0139968895800933,0.0172143974960876,0.00453172205438067,0.0093167701863354,0.0060882800608828,0.00940438871473354,0.00473186119873817,0.0109204368174727,0.0150829562594268,0,0,0,0,0,0,0,0,0,0,0,0,0,0,0,0,0,0,0,0,0,0,0,0,0,0,0,0,0,0,0,0,0,0,0,0,0,0,0,0,0,0,0,0,0,0,0,0,0,0,0,0,0,0,0,0,0,0,0,0,0,0,0,0,0,0,0,0,0,0,0,0,0,0,0,0,0,0,0,0,0,0,0,0,0,0,0,0,0,0,0,0,0,0,0,0,0,0,0,0,0,0,0,0,0,0,0,0,0,0,0,0,0,0,0,0,0,0,0,0,0,0,0,0,0,0,0,0,0,0,0,0,0,0,0,0,0,0,0,0,0,0,0,0,0,0,0,0
"35",0,0,0,0,0.995283018867924,0.989010989010989,0.926100628930818,0.933014354066986,0.987261146496815,0.996894409937888,0.924558587479936,0.993740219092332,0.925632911392405,0.993730407523511,0.992223950233281,0.988782051282051,0.8976,0.990610328638498,0.988745980707395,0.988941548183254,0.990595611285266,0.699523052464229,0.704334365325077,0.930645161290323,0.990625,0.991922455573506,0.905660377358491,0.895765472312704,0.989263803680982,0.935379644588045,0.906095551894563,0.887147335423197,0.887864823348694,0.992260061919505,1,0.99075500770416,0.731319554848967,0.762360446570973,0.995260663507109,0.765650080256822,0.927672955974843,0.790519877675841,0.771875,0.769108280254777,0.897637795275591,0.995153473344103,0.901840490797546,0,0,0,0,0.00329489291598023,0,0,0.0139318885448916,0.00634920634920635,0.0140625,0.0031104199066874,0.0191693290734824,0.019047619047619,0.0139751552795031,0.00789889415481832,0.0157977883096366,0.0131147540983607,0.0172955974842767,0.017515923566879,0.0190174326465927,0,0.0156494522691706,0.0146818923327896,0.00311526479750779,0.0125391849529781,0.0159489633173844,0.0173501577287066,0.0125391849529781,0.0158478605388273,0.0159489633173844,0.0158478605388273,0.011400651465798,0.0173775671406003,0,0.0192616372391653,0.0152905198776758,0.0140625,0.0141065830721003,0.0139968895800933,0.0142405063291139,0.0157977883096366,0.0189873417721519,0.0046801872074883,0.00809061488673139,0.00930232558139535,0.0111287758346582,0.00321543408360129,0.014308426073132,0.0154798761609907,0,0,0,0,0,0,0,0,0,0,0,0,0,0,0,0,0,0,0,0,0,0,0,0,0,0,0,0,0,0,0,0,0,0,0,0,0,0,0,0,0,0,0,0,0,0,0,0,0,0,0,0,0,0,0,0,0,0,0,0,0,0,0,0,0,0,0,0,0,0,0,0,0,0,0,0,0,0,0,0,0,0,0,0,0,0,0,0,0,0,0,0,0,0,0,0,0,0,0,0,0,0,0,0,0,0,0,0,0,0,0,0,0,0,0,0,0,0,0,0,0,0,0,0,0,0,0,0,0,0,0,0,0,0,0,0,0,0,0,0,0,0,0,0,0,0,0,0
"36",0,0,0,0,1,1,0.908527131782946,0.917057902973396,0.996969696969697,0.989583333333333,0.904109589041096,0.978494623655914,0.907834101382488,0.984848484848485,0.998482549317147,1,0.886503067484663,0.998493975903614,0.995319812792512,1,1,0.726993865030675,0.734724292101341,0.909797822706065,1,1,0.887878787878788,0.885350318471338,0.998525073746313,0.912636505460218,0.9,0.878603945371775,0.87667161961367,0.995529061102832,0.99075500770416,1,0.758409785932722,0.78517397881997,0.980152671755725,0.78021978021978,0.907575757575758,0.788690476190476,0.777099236641221,0.772445820433437,0.885196374622356,0.993779160186625,0.886094674556213,0,0,0,0,0.00315955766192733,0,0,0.0167682926829268,0.00772797527047913,0.015220700152207,0.00448430493273543,0.0200617283950617,0.0214395099540582,0.0164917541229385,0.0108695652173913,0.0199692780337942,0.0170278637770898,0.0194610778443114,0.0201550387596899,0.021021021021021,0,0.0139318885448916,0.0188976377952756,0.00305810397553517,0.0137404580152672,0.0202492211838006,0.0200308166409861,0.0149925037481259,0.0169491525423729,0.0185185185185185,0.0168453292496172,0.0108695652173913,0.018018018018018,0,0.0212443095599393,0.0150375939849624,0.0150602409638554,0.0183206106870229,0.0165165165165165,0.0166163141993958,0.0171073094867807,0.0214395099540582,0.00596125186289121,0.0123647604327666,0.0119581464872945,0.0138674884437596,0.00460829493087558,0.0155763239875389,0.0164424514200299,0,0,0,0,0,0,0,0,0,0,0,0,0,0,0,0,0,0,0,0,0,0,0,0,0,0,0,0,0,0,0,0,0,0,0,0,0,0,0,0,0,0,0,0,0,0,0,0,0,0,0,0,0,0,0,0,0,0,0,0,0,0,0,0,0,0,0,0,0,0,0,0,0,0,0,0,0,0,0,0,0,0,0,0,0,0,0,0,0,0,0,0,0,0,0,0,0,0,0,0,0,0,0,0,0,0,0,0,0,0,0,0,0,0,0,0,0,0,0,0,0,0,0,0,0,0,0,0,0,0,0,0,0,0,0,0,0,0,0,0,0,0,0,0,0,0,0,0
"37",0,0,0,0.00317965023847377,0.766025641025641,0.761829652996845,0.707592891760905,0.700159489633174,0.750392464678179,0.73159509202454,0.692913385826772,0.7234375,0.700159489633174,0.736842105263158,0.767405063291139,0.758842443729904,0.697115384615385,0.767441860465116,0.759289176090469,0.755267423014587,0.759316770186335,0.971383147853736,0.96875,0.696920583468395,0.752721617418352,0.759936406995231,0.698142414860681,0.715460526315789,0.763157894736842,0.697749196141479,0.71993410214168,0.691588785046729,0.702325581395349,0.752738654147105,0.731319554848967,0.758409785932722,1,0.856697819314642,0.744075829383886,0.849757673667205,0.693522906793049,0.823255813953488,0.855572998430141,0.838095238095238,0.693522906793049,0.740566037735849,0.712098009188361,0,0,0,0.00322061191626409,0,0.0391849529780564,0.0251572327044025,0.0139751552795031,0.00638977635782748,0.0125588697017268,0.0311526479750779,0.0144,0.0158478605388273,0.0140625,0.00966183574879227,0.0158982511923688,0.0129449838187702,0.0141287284144427,0.0144230769230769,0.0157232704402516,0.00158478605388273,0.0112721417069243,0.0161030595813204,0.00157232704402516,0.0111821086261981,0.014218009478673,0.0143540669856459,0.0125984251968504,0.0111464968152866,0.0143769968051118,0.0143312101910828,0.00815660685154975,0.0138888888888889,0.0158227848101266,0.016,0.0108527131782946,0.0109546165884194,0.014218009478673,0.0124416796267496,0.0124031007751938,0.0111821086261981,0.0159235668789809,0.0062402496099844,0.0112,0.00924499229583975,0.0112359550561798,0.00487012987012987,0.0129449838187702,0.0124416796267496,0,0,0,0,0,0,0,0,0,0,0,0,0,0,0,0,0.013953488372093,0,0,0,0,0,0,0,0,0,0,0,0,0,0,0,0,0,0,0,0,0,0,0,0,0,0,0,0,0,0,0,0,0,0,0,0,0,0,0,0,0,0,0,0,0,0,0,0,0,0,0,0,0,0,0,0,0,0,0,0,0,0,0,0,0,0,0,0,0,0,0,0,0,0,0,0,0,0,0.00778816199376947,0,0,0,0,0,0,0,0,0,0,0,0,0,0,0,0,0.0123839009287926,0,0,0,0,0,0,0,0,0,0,0,0,0,0,0,0,0,0,0,0,0,0,0,0,0,0,0,0,0,0,0,0,0,0,0
"38",0,0,0,0.00313479623824451,0.796875,0.783076923076923,0.834384858044164,0.834645669291339,0.770206022187005,0.780635400907716,0.826833073322933,0.769938650306748,0.835130970724191,0.784496124031008,0.784615384615385,0.779179810725552,0.857589984350548,0.789554531490015,0.791139240506329,0.79559748427673,0.773211567732116,0.805255023183926,0.802130898021309,0.834920634920635,0.786482334869432,0.778816199376947,0.848297213622291,0.872964169381108,0.7821482602118,0.825545171339564,0.855284552845528,0.856481481481482,0.867692307692308,0.771121351766513,0.762360446570973,0.78517397881997,0.856697819314642,1,0.780185758513932,1,0.822327044025157,0.984779299847793,0.998475609756098,0.993680884676145,0.848062015503876,0.782270606531882,0.855421686746988,0,0,0,0.0031496062992126,0.0016260162601626,0,0,0.0152671755725191,0.00777604976671851,0.0109546165884194,0.0107692307692308,0.0158730158730159,0.0171339563862928,0.0152439024390244,0.0109375,0.0140845070422535,0.0128410914927769,0.015552099533437,0.0155038759689922,0.0156739811912226,0.00151515151515152,0.0125786163522013,0.0141509433962264,0.00470219435736677,0.0139103554868624,0.0142630744849445,0.0153139356814701,0.0121212121212121,0.0108191653786708,0.0141732283464567,0.014218009478673,0.010989010989011,0.0156494522691706,0,0.0170542635658915,0.0119760479041916,0.010752688172043,0.0138248847926267,0.0152905198776758,0.0154320987654321,0.0126382306477093,0.0170807453416149,0.00755287009063444,0.0109717868338558,0.00764525993883792,0.0139103554868624,0.0078003120124805,0.0126582278481013,0.0136986301369863,0,0,0,0,0,0,0,0,0,0,0,0,0,0,0,0,0,0,0,0,0,0,0,0,0,0,0,0,0,0,0,0,0,0,0,0,0,0,0,0,0,0,0,0,0,0,0,0,0,0,0,0,0,0,0,0,0,0,0,0,0,0,0,0,0,0,0,0,0,0,0,0,0,0,0,0,0,0,0,0,0,0,0,0,0,0,0,0,0,0,0,0,0,0,0,0,0,0,0,0,0,0,0,0,0,0,0,0,0,0,0,0,0,0,0,0,0,0,0,0,0,0,0,0,0,0,0,0,0,0,0,0,0,0,0,0,0,0,0,0,0,0,0,0,0,0,0,0
"39",0,0,0,0,0.989045383411581,0.978625954198473,0.937205651491366,0.944,0.976152623211447,0.996904024767802,0.93613707165109,1,0.937597503900156,0.989247311827957,0.979813664596273,0.982484076433121,0.909379968203498,0.97869101978691,0.979527559055118,0.980582524271845,0.981308411214953,0.709320695102686,0.707547169811321,0.939968404423381,0.979907264296754,0.984101748807631,0.922360248447205,0.905228758169935,0.984802431610942,0.941915227629513,0.920711974110032,0.903576982892691,0.898148148148148,0.979938271604938,0.995260663507109,0.980152671755725,0.744075829383886,0.780185758513932,1,0.784345047923323,0.940184049079755,0.802147239263804,0.792307692307692,0.785714285714286,0.907668231611894,0.988782051282051,0.911854103343465,0,0,0,0,0.00322061191626409,0,0,0.0172413793103448,0.00796178343949045,0.015527950310559,0.00465116279069767,0.0205371248025276,0.0220472440944882,0.0168970814132104,0.0111287758346582,0.0188679245283019,0.0176848874598071,0.0217729393468118,0.0203442879499218,0.0204724409448819,0,0.0141065830721003,0.0190779014308426,0.00474683544303797,0.015527950310559,0.0225442834138486,0.0188383045525903,0.015527950310559,0.0171073094867807,0.0189873417721519,0.0172684458398744,0.0127186009538951,0.0188679245283019,0,0.0222929936305732,0.0138036809815951,0.015552099533437,0.0186915887850467,0.0168970814132104,0.0170807453416149,0.018957345971564,0.0218408736349454,0.0062015503875969,0.014218009478673,0.0123076923076923,0.0125588697017268,0.00642054574638844,0.0158227848101266,0.0187207488299532,0,0,0,0,0,0,0,0,0,0,0,0,0,0,0,0,0,0,0,0,0,0,0,0,0,0,0,0,0,0,0,0,0,0,0,0,0,0,0,0,0,0,0,0,0,0,0,0,0,0,0,0,0,0,0,0,0,0,0,0,0,0,0,0,0,0,0,0,0,0,0,0,0,0,0,0,0,0,0,0,0,0,0,0,0,0,0,0,0,0,0,0,0,0,0,0,0,0,0,0,0,0,0,0,0,0,0,0,0,0,0,0,0,0,0,0,0,0,0,0,0,0,0,0,0,0,0,0,0,0,0,0,0,0,0,0,0,0,0,0,0,0,0,0,0,0,0,0
"40",0,0,0,0,0.789049919484702,0.780448717948718,0.834437086092715,0.831385642737897,0.764991896272285,0.784037558685446,0.833333333333333,0.772357723577236,0.836065573770492,0.789223454833597,0.780645161290323,0.777777777777778,0.869009584664537,0.782131661442006,0.783251231527094,0.793103448275862,0.770569620253165,0.800653594771242,0.790143084260731,0.83112582781457,0.777602523659306,0.769357495881384,0.855325914149444,0.878130217028381,0.778294573643411,0.833060556464812,0.867226890756303,0.860353130016051,0.874203821656051,0.77491961414791,0.765650080256822,0.78021978021978,0.849757673667205,1,0.784345047923323,1,0.833865814696486,0.98755832037325,0.998397435897436,0.996768982229402,0.8576,0.777777777777778,0.862229102167183,0,0,0,0,0.00336700336700337,0,0,0.0211382113821138,0.00964630225080386,0.0192,0.00801282051282051,0.0244299674267101,0.0257648953301127,0.0206677265500795,0.0130081300813008,0.0208333333333333,0.0180921052631579,0.0235849056603774,0.0240770465489567,0.0243111831442464,0.00157728706624606,0.0196399345335516,0.0209677419354839,0.00638977635782748,0.0175438596491228,0.0228758169934641,0.0226904376012966,0.019047619047619,0.0211726384364821,0.0226904376012966,0.0213815789473684,0.0164203612479475,0.0224719101123595,0,0.0258899676375405,0.0173775671406003,0.0191387559808612,0.0210355987055016,0.0206022187004754,0.0209677419354839,0.0209003215434084,0.0260162601626016,0.0078740157480315,0.0146579804560261,0.0125391849529781,0.016260162601626,0.00811688311688312,0.0198675496688742,0.0221518987341772,0,0,0,0,0,0,0,0,0,0,0,0,0,0,0,0,0,0,0,0,0,0,0,0,0,0,0,0,0,0,0,0,0,0,0,0,0,0,0,0,0,0,0,0,0,0,0,0,0,0,0,0,0,0,0,0,0,0,0,0,0,0,0,0,0,0,0,0,0,0,0,0,0,0,0,0,0,0,0,0,0,0,0,0,0,0,0,0,0,0,0,0,0,0,0,0,0,0,0,0,0,0,0,0,0,0,0,0,0,0,0,0,0,0,0,0,0,0,0,0,0,0,0,0,0,0,0,0,0,0,0,0,0,0,0,0,0,0,0,0,0,0,0,0,0,0,0,0
"41",0,0,0,0,0.930926216640502,0.91131498470948,1,0.998454404945904,0.91496062992126,0.9375,0.9984375,0.937205651491366,0.998425196850394,0.945987654320988,0.916795069337442,0.919175911251981,0.965244865718799,0.928353658536585,0.933333333333333,0.919937205651491,0.92,0.658767772511848,0.663026521060842,1,0.921779141104294,0.913385826771654,0.975,0.966183574879227,0.918429003021148,1,0.972624798711755,0.967492260061919,0.967987804878049,0.921296296296296,0.927672955974843,0.907575757575758,0.693522906793049,0.822327044025157,0.940184049079755,0.833865814696486,1,0.859327217125382,0.828173374613003,0.834384858044164,0.970496894409938,0.932707355242567,0.972809667673716,0,0,0,0,0.00321027287319422,0,0,0.0184615384615385,0.0109034267912773,0.0169230769230769,0.00617283950617284,0.0221169036334913,0.0235109717868339,0.0199081163859112,0.0123647604327666,0.0202492211838006,0.0162074554294976,0.0216383307573416,0.0217729393468118,0.0218408736349454,0.00154798761609907,0.0172684458398744,0.0192926045016077,0.00458715596330275,0.0186335403726708,0.0207667731629393,0.0204724409448819,0.0166919575113809,0.0173228346456693,0.0203125,0.020440251572327,0.0143540669856459,0.0202492211838006,0,0.0233644859813084,0.016566265060241,0.0167173252279635,0.0188679245283019,0.02,0.0201238390092879,0.0172684458398744,0.0235109717868339,0.00763358778625954,0.0142857142857143,0.0122511485451761,0.0140625,0.00802568218298555,0.0206349206349206,0.0199386503067485,0,0,0,0,0,0,0,0,0,0,0,0,0,0,0,0,0,0,0,0,0,0,0,0,0,0,0,0,0,0,0,0,0,0,0,0,0,0,0,0,0,0,0,0,0,0,0,0,0,0,0,0,0,0,0,0,0,0,0,0,0,0,0,0,0,0,0,0,0,0,0,0,0,0,0,0,0,0,0,0,0,0,0,0,0,0,0,0,0,0,0,0,0,0,0,0,0,0,0,0,0,0,0,0,0,0,0,0,0,0,0,0,0,0,0,0,0,0,0,0,0,0,0,0,0,0,0,0,0,0,0,0,0,0,0,0,0,0,0,0,0,0,0,0,0,0,0,0
"42",0,0,0,0.00307692307692308,0.811550151975684,0.796380090497738,0.8546875,0.86286594761171,0.78516228748068,0.806259314456036,0.856269113149847,0.795698924731183,0.858461538461538,0.809022556390977,0.799086757990868,0.792890262751159,0.89060092449923,0.806354009077156,0.806201550387597,0.80370942812983,0.785714285714286,0.763322884012539,0.760479041916168,0.861370716510903,0.795216741405082,0.788253477588872,0.879336349924585,0.909090909090909,0.795827123695976,0.86015037593985,0.882165605095541,0.889908256880734,0.897280966767372,0.787650602409639,0.790519877675841,0.788690476190476,0.823255813953488,0.984779299847793,0.802147239263804,0.98755832037325,0.859327217125382,1,0.987987987987988,1,0.879464285714286,0.800925925925926,0.884902840059791,0,0,0,0.00306278713629403,0.00159235668789809,0,0,0.0179910044977511,0.0078003120124805,0.0150829562594268,0.00611620795107034,0.0184049079754601,0.0196078431372549,0.014903129657228,0.0108527131782946,0.0153609831029186,0.0127591706539075,0.0181268882175227,0.0184331797235023,0.018348623853211,0,0.0139103554868624,0.0156739811912226,0.00301659125188537,0.0138248847926267,0.0170278637770898,0.0170542635658915,0.013595166163142,0.0137825421133231,0.0182926829268293,0.0169753086419753,0.0110935023771791,0.0169230769230769,0,0.0201238390092879,0.0134932533733133,0.0149253731343284,0.0167427701674277,0.0151285930408472,0.0151057401812689,0.0152439024390244,0.0198170731707317,0.00303030303030303,0.0108024691358025,0.00900900900900901,0.0107692307692308,0.0046875,0.0155763239875389,0.0151285930408472,0,0,0,0,0,0,0,0,0,0,0,0,0,0,0,0,0,0,0,0,0,0,0,0,0,0,0,0,0,0,0,0,0,0,0,0,0,0,0,0,0,0,0,0,0,0,0,0,0,0,0,0,0,0,0,0,0,0,0,0,0,0,0,0,0,0,0,0,0,0,0,0,0,0,0,0,0,0,0,0,0,0,0,0,0,0,0,0,0,0,0,0,0,0,0,0,0,0,0,0,0,0,0,0,0,0,0,0,0,0,0,0,0,0,0,0,0,0,0,0,0,0,0,0,0,0,0,0,0,0,0,0,0,0,0,0,0,0,0,0,0,0,0,0,0,0,0,0
"43",0,0,0,0.00313971742543171,0.803149606299213,0.77984496124031,0.840944881889764,0.838141025641026,0.766192733017378,0.784638554216867,0.831530139103555,0.783410138248848,0.836990595611285,0.789473684210526,0.78416149068323,0.775541795665635,0.866352201257862,0.785824345146379,0.784251968503937,0.791208791208791,0.770416024653313,0.7984375,0.796042617960426,0.837320574162679,0.781345565749236,0.776212832550861,0.857805255023184,0.877022653721683,0.778787878787879,0.829652996845426,0.858552631578947,0.862229102167183,0.873475609756098,0.767584097859327,0.771875,0.777099236641221,0.855572998430141,0.998475609756098,0.792307692307692,0.998397435897436,0.828173374613003,0.987987987987988,1,0.998435054773083,0.852255054432348,0.784375,0.864306784660767,0,0,0,0.00314465408805031,0.00161812297734628,0,0,0.0168453292496172,0.00773993808049536,0.0139751552795031,0.0123076923076923,0.0185758513931889,0.0201238390092879,0.0166414523449319,0.0108527131782946,0.0172413793103448,0.014218009478673,0.0200927357032458,0.0187207488299532,0.0188679245283019,0.00153374233128834,0.0141732283464567,0.0173228346456693,0.0046656298600311,0.0153846153846154,0.0187207488299532,0.0171875,0.0152671755725191,0.015552099533437,0.01743264659271,0.0153846153846154,0.0125984251968504,0.0184049079754601,0,0.0203125,0.0134328358208955,0.013719512195122,0.0166666666666667,0.0168711656441718,0.0169753086419753,0.0170542635658915,0.0202492211838006,0.00766871165644172,0.0140625,0.0106060606060606,0.0126182965299685,0.00794912559618442,0.0156739811912226,0.0184331797235023,0,0,0,0,0,0,0,0,0,0,0,0,0,0,0,0,0,0,0,0,0,0,0,0,0,0,0,0,0,0,0,0,0,0,0,0,0,0,0,0,0,0,0,0,0,0,0,0,0,0,0,0,0,0,0,0,0,0,0,0,0,0,0,0,0,0,0,0,0,0,0,0,0,0,0,0,0,0,0,0,0,0,0,0,0,0,0,0,0,0,0,0,0,0,0,0,0,0,0,0,0,0,0,0,0,0,0,0,0,0,0,0,0,0,0,0,0,0,0,0,0,0,0,0,0,0,0,0,0,0,0,0,0,0,0,0,0,0,0,0,0,0,0,0,0,0,0,0
"44",0,0,0,0.00315955766192733,0.794628751974723,0.77511961722488,0.838095238095238,0.837133550488599,0.762135922330097,0.791021671826625,0.833597464342314,0.778481012658228,0.84044233807267,0.792569659442725,0.775080906148867,0.780487804878049,0.86698717948718,0.7828125,0.784345047923323,0.786752827140549,0.772370486656201,0.783018867924528,0.769828926905132,0.841935483870968,0.772797527047913,0.779527559055118,0.859154929577465,0.888524590163934,0.778637770897833,0.834130781499203,0.864548494983278,0.868878357030016,0.876190476190476,0.769230769230769,0.769108280254777,0.772445820433437,0.838095238095238,0.993680884676145,0.785714285714286,0.996768982229402,0.834384858044164,1,0.998435054773083,1,0.856025039123631,0.783783783783784,0.873651771956857,0,0,0,0.00323101777059774,0.0033167495854063,0,0,0.015748031496063,0.00940438871473354,0.0125391849529781,0.0123076923076923,0.0176565008025682,0.0191387559808612,0.0141509433962264,0.0112,0.0158478605388273,0.0176848874598071,0.0189873417721519,0.01743264659271,0.017515923566879,0.0015748031496063,0.014446227929374,0.0179445350734095,0.00475435816164818,0.015527950310559,0.0192616372391653,0.0159744408945687,0.014218009478673,0.0144694533762058,0.016,0.0159744408945687,0.012987012987013,0.0172955974842767,0,0.0192,0.0138674884437596,0.0126984126984127,0.01743264659271,0.0153609831029186,0.0156739811912226,0.016,0.0192307692307692,0.00782472613458529,0.0144694533762058,0.009375,0.0146341463414634,0.008,0.0127591706539075,0.0154559505409583,0,0,0,0,0,0,0,0,0,0,0,0,0,0,0,0,0,0,0,0,0,0,0,0,0,0,0,0,0,0,0,0,0,0,0,0,0,0,0,0,0,0,0,0,0,0,0,0,0,0,0,0,0,0,0,0,0,0,0,0,0,0,0,0,0,0,0,0,0,0,0,0,0,0,0,0,0,0,0,0,0,0,0,0,0,0,0,0,0,0,0,0,0,0,0,0,0,0,0,0,0,0,0,0,0,0,0,0,0,0,0,0,0,0,0,0,0,0,0,0,0,0,0,0,0,0,0,0,0,0,0,0,0,0,0,0,0,0,0,0,0,0,0,0,0,0,0,0
"45",0,0,0,0,0.900787401574803,0.885802469135803,0.971608832807571,0.971875,0.886970172684458,0.901065449010654,0.978021978021978,0.903374233128834,0.974882260596546,0.911719939117199,0.886996904024768,0.8896,0.990595611285266,0.898021308980213,0.89589905362776,0.891891891891892,0.890262751159196,0.653061224489796,0.64624808575804,0.97007874015748,0.889230769230769,0.880503144654088,0.987730061349693,0.991869918699187,0.889057750759878,0.970125786163522,0.998371335504886,0.99075500770416,0.987767584097859,0.893518518518518,0.897637795275591,0.885196374622356,0.693522906793049,0.848062015503876,0.907668231611894,0.8576,0.970496894409938,0.879464285714286,0.852255054432348,0.856025039123631,1,0.90251572327044,0.991004497751124,0,0,0,0,0.00316957210776545,0,0,0.0139318885448916,0.00782472613458529,0.0123647604327666,0.00460829493087558,0.0174603174603175,0.0186335403726708,0.0138036809815951,0.00943396226415094,0.0172955974842767,0.014308426073132,0.0168970814132104,0.0187207488299532,0.0184899845916795,0,0.0110236220472441,0.016,0.00309119010819165,0.0109034267912773,0.0173501577287066,0.0172684458398744,0.0123456790123457,0.0154798761609907,0.0158227848101266,0.0140625,0.00789889415481832,0.0155038759689922,0,0.0188383045525903,0.0121765601217656,0.0137614678899083,0.015527950310559,0.0151285930408472,0.0155763239875389,0.0141732283464567,0.019047619047619,0.00611620795107034,0.0111642743221691,0.0121765601217656,0.0126182965299685,0.004739336492891,0.0142630744849445,0.013719512195122,0,0,0,0,0,0,0,0,0,0,0,0,0,0,0,0,0,0,0,0,0,0,0,0,0,0,0,0,0,0,0,0,0,0,0,0,0,0,0,0,0,0,0,0,0,0,0,0,0,0,0,0,0,0,0,0,0,0,0,0,0,0,0,0,0,0,0,0,0,0,0,0,0,0,0,0,0,0,0,0,0,0,0,0,0,0,0,0,0,0,0,0,0,0,0,0,0,0,0,0,0,0,0,0,0,0,0,0,0,0,0,0,0,0,0,0,0,0,0,0,0,0,0,0,0,0,0,0,0,0,0,0,0,0,0,0,0,0,0,0,0,0,0,0,0,0,0,0
"46",0,0,0,0,0.998397435897436,0.992138364779874,0.928802588996764,0.933014354066986,0.990275526742301,0.993808049535604,0.923444976076555,0.985915492957746,0.9328,0.990740740740741,0.993650793650794,0.992012779552716,0.903908794788274,0.992236024844721,0.992,0.991909385113269,0.992260061919505,0.703225806451613,0.714503816793893,0.93517017828201,0.992295839753467,0.996815286624204,0.910543130990415,0.902640264026403,0.992223950233281,0.936608557844691,0.908196721311475,0.897515527950311,0.893682588597843,0.992125984251969,0.995153473344103,0.993779160186625,0.740566037735849,0.782270606531882,0.988782051282051,0.777777777777778,0.932707355242567,0.800925925925926,0.784375,0.783783783783784,0.90251572327044,1,0.902290076335878,0,0,0,0,0.00321027287319422,0,0,0.0188383045525903,0.00952380952380952,0.0155038759689922,0.00470219435736677,0.0208667736757624,0.022508038585209,0.0172413793103448,0.0126182965299685,0.0173228346456693,0.0165562913907285,0.0207006369426752,0.0203442879499218,0.0205371248025276,0,0.0176565008025682,0.0179738562091503,0.004739336492891,0.0172955974842767,0.0192616372391653,0.0193548387096774,0.0141732283464567,0.0159489633173844,0.0191082802547771,0.0201863354037267,0.0127186009538951,0.0189873417721519,0,0.021978021978022,0.0154559505409583,0.0157728706624606,0.0172684458398744,0.0171606864274571,0.0172955974842767,0.0175438596491228,0.0220472440944882,0.00623052959501558,0.0128617363344051,0.010989010989011,0.0143312101910828,0.0063391442155309,0.0176848874598071,0.0173228346456693,0,0,0,0,0,0,0,0,0,0,0,0,0,0,0,0,0,0,0,0,0,0,0,0,0,0,0,0,0,0,0,0,0,0,0,0,0,0,0,0,0,0,0,0,0,0,0,0,0,0,0,0,0,0,0,0,0,0,0,0,0,0,0,0,0,0,0,0,0,0,0,0,0,0,0,0,0,0,0,0,0,0,0,0,0,0,0,0,0,0,0,0,0,0,0,0,0,0,0,0,0,0,0,0,0,0,0,0,0,0,0,0,0,0,0,0,0,0,0,0,0,0,0,0,0,0,0,0,0,0,0,0,0,0,0,0,0,0,0,0,0,0,0,0,0,0,0,0
"47",0,0,0,0,0.902927580893683,0.889728096676737,0.96937212863706,0.975497702909648,0.885145482388974,0.912592592592593,0.980182926829268,0.904334828101644,0.981538461538462,0.910313901345291,0.892215568862275,0.890743550834598,0.99537037037037,0.900149031296572,0.899845916795069,0.895061728395062,0.892749244712991,0.665629860031104,0.664661654135338,0.972006220839813,0.895522388059702,0.878648233486943,0.998491704374057,1,0.890855457227139,0.972179289026275,0.992138364779874,0.996992481203008,0.98955223880597,0.893175074183976,0.901840490797546,0.886094674556213,0.712098009188361,0.855421686746988,0.911854103343465,0.862229102167183,0.972809667673716,0.884902840059791,0.864306784660767,0.873651771956857,0.991004497751124,0.902290076335878,1,0,0,0,0,0.0031201248049922,0,0,0.0151515151515152,0.00611620795107034,0.0119760479041916,0.00301659125188537,0.0197568389057751,0.0200308166409861,0.0163934426229508,0.00754147812971342,0.016566265060241,0.0154320987654321,0.0194610778443114,0.0182094081942337,0.0195195195195195,0.00149476831091181,0.0137825421133231,0.0154559505409583,0.00451807228915663,0.0136986301369863,0.0185758513931889,0.0197869101978691,0.0120481927710843,0.0166414523449319,0.0168970814132104,0.0151285930408472,0.0124223602484472,0.0178306092124814,0,0.0198473282442748,0.0147492625368732,0.0149700598802395,0.0149700598802395,0.0147710487444609,0.0151515151515152,0.0151745068285281,0.0197268588770865,0.00899550224887556,0.0107692307692308,0.00892857142857143,0.0137825421133231,0.00764525993883792,0.0138461538461538,0.0164424514200299,0,0,0,0,0,0,0,0,0,0,0,0,0,0,0,0,0,0,0,0,0,0,0,0,0,0,0,0,0,0,0,0,0,0,0,0,0,0,0,0,0,0,0,0,0,0,0,0,0,0,0,0,0,0,0,0,0,0,0,0,0,0,0,0,0,0,0,0,0,0,0,0,0,0,0,0,0,0,0,0,0,0,0,0,0,0,0,0,0,0,0,0,0,0,0,0,0,0,0,0,0,0,0,0,0,0,0,0,0,0,0,0,0,0,0,0,0,0,0,0,0,0,0,0,0,0,0,0,0,0,0,0,0,0,0,0,0,0,0,0,0,0,0,0,0,0,0,0
"48",1,1,0.975646879756469,0.958652373660031,0,0,0,0,0,0,0,0,0,0,0,0,0,0,0,0,0,0,0,0,0,0,0,0,0,0,0,0,0,0,0,0,0,0,0,0,0,0,0,0,0,0,0,1,1,0.98030303030303,0.958333333333333,0.0109375,0,0,0.0029673590504451,0.0107197549770291,0.0045045045045045,0.00449775112443778,0.00305810397553517,0.00458715596330275,0.00446428571428571,0.0045662100456621,0.00458715596330275,0.0031055900621118,0.00749625187406297,0.0075187969924812,0.00609756097560976,0.0121028744326778,0.00614439324116743,0.00462962962962963,0,0.00602409638554217,0.00459418070444104,0.0061633281972265,0.00449775112443778,0.00602409638554217,0.00770416024653313,0.00599700149925037,0.00308166409861325,0.00747384155455904,0,0.00762195121951219,0.0029806259314456,0.00596125186289121,0.0029806259314456,0.00742942050520059,0.00753012048192771,0.00307692307692308,0.0060790273556231,0,0.010752688172043,0.0104477611940299,0.00454545454545455,0,0.00609756097560976,0.00301659125188537,0.620426829268293,0.00151515151515152,0.00149925037481259,0.00153609831029186,0.00148148148148148,0.071097372488408,0.254545454545455,0.225416036308623,0,0.0597014925373134,0.00150602409638554,0.0015015015015015,0.0425531914893617,0.0393343419062027,0.625377643504532,0.00319488817891374,0.00149925037481259,0.00155038759689922,0.0015625,0.638138138138138,0.243531202435312,0.00144927536231884,0.00455927051671732,0.262422360248447,0.00153609831029186,0.626543209876543,0.00154798761609907,0.649230769230769,0.00150375939849624,0.00151975683890578,0.00146627565982405,0.614088820826952,0.00153139356814701,0.0014792899408284,0.206060606060606,0.0197869101978691,0.225656877897991,0.00147058823529412,0.274570982839314,0,0.00151285930408472,0.269470404984424,0.015015015015015,0.191780821917808,0.312121212121212,0.276119402985075,0,0,0.00152439024390244,0.00149925037481259,0.0015015015015015,0.390769230769231,0.00605143721633888,0.210287443267776,0.00151975683890578,0.631578947368421,0.154198473282443,0.00146412884333821,0.00151057401812689,0.636363636363636,0.00155038759689922,0.0736377025036819,0.00151515151515152,0,0.616923076923077,0.5895865237366,0,0.0015600624024961,0.0014792899408284,0.299847792998478,0.294392523364486,0.0015552099533437,0.00151975683890578,0,0.277533039647577,0.00150602409638554,0.251980982567353,0.200920245398773,0.00467289719626168,0.0015015015015015,0.00299850074962519,0.00154798761609907,0.282608695652174,0,0.00895522388059702,0.00144927536231884,0.232277526395173,0.00745156482861401,0.620528771384137,0.00154083204930663,0.00154798761609907,0.255639097744361,0.247663551401869,0.271472392638037,0.00149253731343284,0.00147710487444609,0.00898203592814371,0.00150375939849624,0.00151057401812689,0.00156494522691706,0.605504587155963,0.637904468412943,0.0673981191222571,0.593939393939394,0.626707132018209,0.00151515151515152,0.627565982404692,0.166917293233083,0.635135135135135,0.0286144578313253,0,0.0590909090909091,0.00148588410104012,0.255223880597015,0.277862595419847,0.00451807228915663,0.00155038759689922,0.00147492625368732,0.00151745068285281,0.0135746606334842,0.00152905198776758,0.00923076923076923,0.0641221374045802,0.63001485884101,0.0561456752655539,0.00154798761609907,0.635431918008785,0.0326409495548961,0.00153139356814701,0.646511627906977,0.657311669128508,0,0.00151515151515152,0.00151057401812689,0.635400907715582,0.00149700598802395,0.272161741835148,0.00149925037481259,0.00632911392405063,0.00149700598802395,0.624808575803982,0.00303030303030303,0.0915915915915916,0.00154798761609907,0.626339969372129,0.649484536082474,0.00145772594752187,0
"49",1,1,0.973058637083994,0.960191082802548,0,0,0,0,0,0,0,0,0,0,0,0,0,0,0,0,0,0,0,0,0,0,0,0,0,0,0,0,0,0,0,0,0,0,0,0,0,0,0,0,0,0,0,1,1,0.978328173374613,0.957210776545166,0.0113268608414239,0,0,0.00313479623824451,0.0127186009538951,0.00462962962962963,0.0046583850931677,0.0032,0.00470219435736677,0.0046801872074883,0.00478468899521531,0.00474683544303797,0.00323624595469256,0.00770416024653313,0.00797448165869218,0.00628930817610063,0.013953488372093,0.00637958532695375,0.00477707006369427,0,0.00630914826498423,0.00476947535771065,0.0062992125984252,0.00470219435736677,0.00638977635782748,0.00807754442649435,0.00628930817610063,0.00326797385620915,0.00770416024653313,0,0.00792393026941363,0.00303030303030303,0.00622083981337481,0.00313971742543171,0.00764525993883792,0.00771604938271605,0.00320512820512821,0.00637958532695375,0,0.0111287758346582,0.0108527131782946,0.00473186119873817,0,0.0062992125984252,0.00304878048780488,0.618066561014263,0.00156985871271586,0.00154083204930663,0.0015748031496063,0.00155038759689922,0.0673076923076923,0.245253164556962,0.223662884927066,0,0.058641975308642,0.00158982511923688,0.0015600624024961,0.0419354838709677,0.0390015600624025,0.617737003058104,0.00485436893203883,0.0015552099533437,0.00157232704402516,0.00161290322580645,0.634375,0.2328125,0.00151057401812689,0.00318471337579618,0.266347687400319,0.00161290322580645,0.634340222575517,0.00156739811912226,0.636942675159236,0.0015527950310559,0.00158478605388273,0.00150829562594268,0.61128526645768,0.00156985871271586,0.00154083204930663,0.204081632653061,0.0140405616224649,0.216640502354788,0.00151745068285281,0.269354838709677,0,0.0015600624024961,0.25615763546798,0.0124416796267496,0.182965299684543,0.301223241590214,0.266982622432859,0,0,0.00156739811912226,0.0015552099533437,0.00155038759689922,0.390953150242326,0.0046801872074883,0.205607476635514,0.00158478605388273,0.628526645768025,0.151090342679128,0.00155763239875389,0.0015748031496063,0.630265210608424,0.00161030595813205,0.0762195121951219,0.0015748031496063,0,0.621664050235479,0.592,0,0.00158478605388273,0.00153846153846154,0.290625,0.287519747235387,0.00161550888529887,0.00156494522691706,0,0.275340393343419,0.00155038759689922,0.253225806451613,0.196428571428571,0.00161550888529887,0.00152439024390244,0.00313971742543171,0.0016,0.27115987460815,0,0.00918836140888208,0,0.233438485804416,0.00786163522012579,0.627831715210356,0.00158227848101266,0.00159235668789809,0.253086419753086,0.241157556270096,0.266666666666667,0.00153609831029186,0.00152671755725191,0.00933125972006221,0.00153374233128834,0.0015527950310559,0.00160513643659711,0.604465709728868,0.640449438202247,0.0685154975530179,0.589341692789969,0.625786163522013,0.00155763239875389,0.625391849529781,0.167441860465116,0.631498470948012,0.0311526479750779,0,0.0580847723704867,0.00152439024390244,0.248037676609105,0.261904761904762,0.00311526479750779,0.00160771704180064,0.00154798761609907,0.0015527950310559,0.0140625,0.00158227848101266,0.00950871632329636,0.0634920634920635,0.632218844984802,0.0602782071097372,0.00159744408945687,0.629909365558912,0.0321592649310873,0,0.64251968503937,0.657894736842105,0,0.00156985871271586,0.00157232704402516,0.638759689922481,0.00156739811912226,0.270531400966184,0.0015527950310559,0.00493421052631579,0.0015600624024961,0.621794871794872,0.00156985871271586,0.0907668231611894,0.00159744408945687,0.613057324840764,0.658423493044822,0.00154559505409583,0
"50",0.980243161094225,0.982731554160126,1,0.988976377952756,0,0,0,0,0,0,0,0,0,0,0,0,0,0,0,0,0,0.0125588697017268,0.013719512195122,0,0,0,0,0,0,0,0,0,0,0,0,0,0,0,0,0,0,0,0,0,0,0,0,0.98030303030303,0.978328173374613,1,0.985804416403785,0.00806451612903226,0.00453857791225416,0.00153139356814701,0,0.00775193798449612,0.00309597523219814,0.02,0.00158982511923688,0.0015527950310559,0.00306748466257669,0.00313971742543171,0.0031496062992126,0.00158730158730159,0.00458015267175573,0.0046875,0.00307692307692308,0.00924499229583975,0.00314465408805031,0.00156985871271586,0,0.0031055900621118,0.0046875,0.0046875,0.00303030303030303,0.00315955766192733,0.00471698113207547,0.00313479623824451,0.00158982511923688,0.0046583850931677,0.00156739811912226,0.00465116279069767,0.00151515151515152,0.00308166409861325,0.00157232704402516,0.00453172205438067,0.00458015267175573,0.00158478605388273,0.00458715596330275,0,0.00631911532385466,0.00606980273141123,0.0015625,0,0.00316957210776545,0.0030441400304414,0.599063962558502,0.00309597523219814,0.00153139356814701,0.00794912559618442,0.00153374233128834,0.0513643659711075,0.236306729264476,0.210031347962382,0.00158227848101266,0.0506134969325153,0.0015552099533437,0.00152671755725191,0.0411392405063291,0.0374414976599064,0.613707165109034,0.00483091787439614,0.00769230769230769,0.00155763239875389,0.00158478605388273,0.626339969372129,0.225114854517611,0.00149253731343284,0.00475435816164818,0.24405705229794,0.00480769230769231,0.615023474178404,0.00156739811912226,0.627358490566038,0.00153609831029186,0.00463678516228748,0.00148367952522255,0.608424336973479,0.00154320987654321,0.0015220700152207,0.19188767550702,0.0201238390092879,0.212074303405573,0.003003003003003,0.248826291079812,0.00308641975308642,0.00153374233128834,0.25,0.00920245398773006,0.182242990654206,0.292237442922374,0.259316770186335,0.00308166409861325,0,0.00154559505409583,0.0046875,0.00457317073170732,0.376190476190476,0.00618238021638331,0.195348837209302,0.0046656298600311,0.622119815668203,0.130769230769231,0.00152671755725191,0.00156739811912226,0.627145085803432,0.0016025641025641,0.0626865671641791,0.0015625,0,0.604327666151468,0.565420560747664,0,0.00625,0.00151975683890578,0.278740157480315,0.279937791601866,0.00641025641025641,0.00462962962962963,0.0031104199066874,0.258461538461538,0.00153374233128834,0.241883116883117,0.177672955974843,0.00320512820512821,0.00463678516228748,0.003125,0.00158478605388273,0.259493670886076,0,0.00914634146341463,0.00150602409638554,0.220700152207002,0.00917431192660551,0.615506329113924,0.00154798761609907,0.00317460317460317,0.232704402515723,0.232339089481947,0.253968253968254,0.00597014925373134,0.0062111801242236,0.00920245398773006,0.00307692307692308,0.00460122699386503,0.00315457413249211,0.598755832037325,0.631083202511774,0.0528846153846154,0.5875,0.616923076923077,0.00153846153846154,0.625954198473282,0.146084337349398,0.631498470948012,0.0278207109737249,0,0.0821705426356589,0.0060790273556231,0.236722306525038,0.251980982567353,0.00470219435736677,0.00477707006369427,0.00151515151515152,0.0015600624024961,0.0168970814132104,0.0015527950310559,0.0109204368174727,0.0544323483670296,0.62406015037594,0.053125,0.00156739811912226,0.623318385650224,0.0276497695852535,0.00161290322580645,0.624610591900312,0.638629283489097,0,0.00154798761609907,0.0015527950310559,0.631336405529954,0.00465116279069767,0.249201277955272,0.00614439324116743,0.00476190476190476,0.00152439024390244,0.609642301710731,0.00309119010819165,0.0819165378670788,0.00158730158730159,0.618296529968454,0.632307692307692,0.00606980273141123,0
"51",0.957680250783699,0.963549920760697,0.987220447284345,1,0,0,0,0,0,0,0,0,0,0,0,0,0,0,0,0,0,0.0243111831442464,0.0218068535825545,0,0,0,0,0,0,0,0,0,0,0,0,0,0.00322061191626409,0.0031496062992126,0,0,0,0.00306278713629403,0.00314465408805031,0.00323101777059774,0,0,0,0.958333333333333,0.957210776545166,0.985804416403785,1,0.00819672131147541,0.00958466453674121,0.00626959247648903,0,0.00794912559618442,0.00317460317460317,0.0297805642633229,0.00160513643659711,0.00158227848101266,0.0031055900621118,0.00319488817891374,0.0031496062992126,0.00165016501650165,0.00473186119873817,0.00483091787439614,0.00315457413249211,0.0062992125984252,0.00315457413249211,0.0016260162601626,0,0.00317460317460317,0.00486223662884927,0.00480769230769231,0.00317460317460317,0.00319488817891374,0.00480769230769231,0.00318979266347687,0.00159489633173844,0.004739336492891,0.00474683544303797,0.00483091787439614,0.00155763239875389,0.00313971742543171,0.00158227848101266,0.00469483568075117,0.00471698113207547,0.00159489633173844,0.00483091787439614,0,0.00801282051282051,0.00782472613458529,0.00164203612479475,0,0.0032258064516129,0.00312989045383412,0.592233009708738,0.00315457413249211,0.00157232704402516,0.00972447325769854,0.00158982511923688,0.0434083601286174,0.219903691813804,0.179738562091503,0.00323624595469256,0.0425867507886435,0.0016,0.00157232704402516,0.0309446254071661,0.0269413629160063,0.597464342313788,0.00498338870431894,0.0141509433962264,0.00160513643659711,0.00164744645799012,0.610223642172524,0.206022187004754,0.00153846153846154,0.00318471337579618,0.218597063621533,0.00644122383252818,0.590614886731392,0.00157728706624606,0.623397435897436,0.00158730158730159,0.00483870967741936,0.00153374233128834,0.589171974522293,0.00156985871271586,0.00153846153846154,0.173775671406003,0.0160771704180064,0.184,0.0031055900621118,0.237179487179487,0.00313971742543171,0.00157728706624606,0.226600985221675,0.004739336492891,0.168769716088328,0.264797507788162,0.235864297253635,0.0031104199066874,0,0.0015625,0.004739336492891,0.00628930817610063,0.325242718446602,0.00470219435736677,0.174050632911392,0.00483091787439614,0.601587301587302,0.115569823434992,0.00156985871271586,0.00157728706624606,0.599683544303797,0.00163398692810458,0.0509259259259259,0.00163398692810458,0,0.591194968553459,0.524879614767255,0,0.00643086816720257,0.0015625,0.253993610223642,0.256821829855538,0.00645161290322581,0.00476190476190476,0.00320512820512821,0.238244514106583,0.00156985871271586,0.215106732348112,0.16256157635468,0.00330578512396694,0.00474683544303797,0.00318471337579618,0.00164473684210526,0.240322580645161,0,0.00938967136150235,0,0.190625,0.00797448165869218,0.595779220779221,0.00159744408945687,0.00321027287319422,0.218553459119497,0.219001610305958,0.229132569558101,0.0077639751552795,0.0093167701863354,0.00949367088607595,0.00315457413249211,0.00464396284829721,0.0032626427406199,0.572123176661264,0.592,0.0446280991735537,0.564465408805031,0.596850393700787,0.00158730158730159,0.594679186228482,0.132192846034215,0.604361370716511,0.0234741784037559,0,0.0892018779342723,0.0108527131782946,0.21183800623053,0.233870967741935,0.00313479623824451,0.00494233937397035,0.00154320987654321,0.00157232704402516,0.0140625,0.00158730158730159,0.00972447325769854,0.0483870967741935,0.603030303030303,0.0363349131121643,0.00161290322580645,0.599695585996956,0.0219435736677116,0,0.591935483870968,0.5953125,0,0.00159235668789809,0.00159489633173844,0.608695652173913,0.00475435816164818,0.224025974025974,0.00792393026941363,0,0.0015600624024961,0.590690208667737,0.00157728706624606,0.069620253164557,0.00161812297734628,0.592471358428805,0.597156398104265,0.0124416796267496,0
"52",0.00479233226837061,0.00983606557377049,0.00489396411092985,0.00491803278688525,0.00163934426229508,0.0016260162601626,0.00164203612479475,0.0033167495854063,0.00321543408360129,0.00160513643659711,0.0032520325203252,0.00161030595813205,0.00165016501650165,0.00319488817891374,0.00321027287319422,0.00328947368421053,0.0033500837520938,0.00318979266347687,0,0.00328407224958949,0.00160513643659711,0,0,0.00330578512396694,0.00160513643659711,0.00162866449511401,0.00328947368421053,0.00341296928327645,0.00315457413249211,0.00163398692810458,0,0.00160771704180064,0.00323101777059774,0.00162337662337662,0.00329489291598023,0.00315955766192733,0,0.0016260162601626,0.00322061191626409,0.00336700336700337,0.00321027287319422,0.00159235668789809,0.00161812297734628,0.0033167495854063,0.00316957210776545,0.00321027287319422,0.0031201248049922,0.0109375,0.0113268608414239,0.00806451612903226,0.00819672131147541,1,0.138977635782748,0.285261489698891,0.876777251184834,0.99835255354201,0.976152623211447,0.811594202898551,0.860162601626016,0.982229402261712,0.976152623211447,0.980295566502463,0.986842105263158,0.866776315789474,0.983948635634029,0.980519480519481,0.982371794871795,0.987117552334944,0.977049180327869,0.952224052718287,0.845410628019324,0.875202593192869,0.983606557377049,0.983579638752053,0.9888,0.868852459016393,0.978547854785479,0.901771336553945,0.852941176470588,0.985342019543974,0.729200652528548,0.98202614379085,0.875590551181102,0.98389694041868,0.985342019543974,0.98705501618123,0.985365853658537,0.862520458265139,0.982229402261712,0.856459330143541,0.990243902439024,0.992012779552716,0.907166123778502,0.852596314907873,0.983633387888707,0.941082802547771,0.019672131147541,0,0,0,0,0.0115702479338843,0.0245901639344262,0.0213464696223317,0,0.012987012987013,0,0,0.00671140939597315,0.00970873786407767,0.0191387559808612,0.00172117039586919,0,0,0,0.0193548387096774,0.0210355987055016,0,0.00323624595469256,0.0267111853088481,0,0.0181219110378913,0,0.0131147540983607,0,0,0,0.0210355987055016,0,0,0.0209003215434084,0.0113085621970921,0.0228758169934641,0,0.0218120805369128,0,0.00158982511923688,0.0234505862646566,0.00643086816720257,0.0129449838187702,0.0256410256410256,0.0258899676375405,0,0.00166112956810631,0,0,0,0.0214521452145215,0.0016,0.0192926045016077,0,0.0211382113821138,0.0197044334975369,0,0,0.0161812297734628,0,0.0110759493670886,0,0,0.0178282009724473,0.0264026402640264,0,0,0,0.0293159609120521,0.026578073089701,0,0,0,0.0236220472440945,0,0.0267111853088481,0.0235294117647059,0.00335570469798658,0,0.00328947368421053,0.00167785234899329,0.0211726384364821,0,0.00643086816720257,0.00470219435736677,0.0225442834138486,0.00642054574638844,0.0131578947368421,0,0,0.0276872964169381,0.0236486486486486,0.0252100840336134,0,0,0.00485436893203883,0,0,0,0.0212765957446809,0.0182724252491694,0.011844331641286,0.0196399345335516,0.0147058823529412,0,0.0193861066235864,0.0177705977382876,0.0173775671406003,0.00645161290322581,0,0.0016260162601626,0,0.0207667731629393,0.0185185185185185,0.00484652665589661,0,0,0,0.00806451612903226,0,0.00654664484451719,0.0130932896890344,0.0188087774294671,0.0130081300813008,0,0.0174603174603175,0.00796178343949045,0.0016750418760469,0.0262295081967213,0.0192307692307692,0,0.00325732899022801,0,0.0144927536231884,0,0.0197044334975369,0,0.00841750841750842,0,0.0197044334975369,0.00326797385620915,0.0128824476650564,0,0.0197044334975369,0.0175718849840256,0,0
"53",0,0,0.0077639751552795,0.00956937799043062,0,0,0,0,0,0,0,0,0,0,0,0,0,0,0,0,0,0.0829420970266041,0.0875576036866359,0,0,0,0,0,0,0,0,0,0,0,0,0,0.0391849529780564,0,0,0,0,0,0,0,0,0,0,0,0,0.00453857791225416,0.00958466453674121,0.138977635782748,1,0.929555895865237,0.278890600924499,0.161490683229814,0.16,0.333333333333333,0.298273155416013,0.1671826625387,0.160493827160494,0.159126365054602,0.167721518987342,0.288676236044657,0.158218125960061,0.164319248826291,0.156105100463679,0.157894736842105,0.153846153846154,0.188498402555911,0.327102803738318,0.271875,0.165341812400636,0.158059467918623,0.166666666666667,0.274725274725275,0.152037617554859,0.239567233384853,0.294303797468354,0.164362519201229,0.430769230769231,0.145061728395062,0.272450532724505,0.152337858220211,0.159509202453988,0.151840490797546,0.154798761609907,0.302839116719243,0.156346749226006,0.325115562403698,0.147619047619048,0.151840490797546,0.224648985959438,0.3265625,0.160686427457098,0.177914110429448,0,0.358814352574103,0.63020030816641,0.566246056782334,0.0948012232415902,0,0,0,0.491338582677165,0,0.106918238993711,0.0293663060278207,0,0,0,0.00322061191626409,0.640432098765432,0.0313971742543171,0.403815580286169,0,0,0.624810892586989,0.00778816199376947,0,0.533762057877814,0,0.549770290964778,0,0.627943485086342,0.2578125,0.0209580838323353,0,0.111455108359133,0.0259146341463415,0,0.0172143974960876,0,0.543511450381679,0,0.640432098765432,0.0275229357798165,0,0.0155038759689922,0,0,0,0.560371517027864,0.0157977883096366,0.287519747235387,0.474258970358814,0.549770290964778,0,0.00773993808049536,0,0.688679245283019,0,0,0.0826952526799387,0.0417310664605873,0,0.0623003194888179,0,0.267605633802817,0.0791925465838509,0,0,0.0278207109737249,0.555205047318612,0.551829268292683,0,0,0.573667711598746,0.529780564263323,0.506211180124224,0,0.538699690402477,0,0,0.142172523961661,0.682588597842835,0.00471698113207547,0.0111642743221691,0,0.084375,0.00310077519379845,0.00451807228915663,0,0.00153139356814701,0,0.250793650793651,0.64968152866242,0,0,0,0.57469512195122,0.656923076923077,0.00311526479750779,0.630769230769231,0.249230769230769,0.674050632911392,0,0,0,0,0,0.0958268933539413,0,0,0,0,0.0620031796502385,0.032258064516129,0.722560975609756,0,0,0.262751159196291,0.643435980551053,0.08,0.0418604651162791,0,0.0830721003134796,0.00155038759689922,0,0,0,0.0189873417721519,0,0,0.00318471337579618,0,0,0.0223642172523962,0.01875,0.0262751159196291,0,0.55868544600939,0,0.562691131498471,0.0112359550561798,0.0642201834862385,0,0.00770416024653313,0,0.0588235294117647,0,0,0.575803981623277,0.414219474497682
"54",0,0,0.0031055900621118,0.00473186119873817,0,0,0,0,0,0,0,0,0,0,0,0,0,0,0,0,0,0.0605590062111801,0.0637329286798179,0,0,0,0,0,0,0,0,0,0,0,0,0,0.0251572327044025,0,0,0,0,0,0,0,0,0,0,0,0,0.00153139356814701,0.00626959247648903,0.285261489698891,0.929555895865237,1,0.444099378881988,0.303353658536585,0.316998468606432,0.485362095531587,0.467391304347826,0.325227963525836,0.315068493150685,0.325038880248834,0.317829457364341,0.449685534591195,0.317771084337349,0.311811023622047,0.302652106084243,0.316923076923077,0.309707241910632,0.349683544303797,0.476117103235747,0.44375,0.325471698113208,0.313084112149533,0.313253012048193,0.440494590417311,0.319685039370079,0.414483821263482,0.449139280125196,0.316770186335404,0.577812018489985,0.300623052959502,0.432634730538922,0.301492537313433,0.313725490196078,0.312217194570136,0.308527131782946,0.44969512195122,0.305555555555556,0.472644376899696,0.317683881064163,0.311649016641452,0.381761978361669,0.483720930232558,0.305426356589147,0.334360554699538,0,0.233128834355828,0.478195488721805,0.448818897637795,0.0442073170731707,0,0,0,0.377567140600316,0,0.0643185298621746,0.00454545454545455,0,0,0,0.00317460317460317,0.510703363914373,0.0062992125984252,0.265625,0,0,0.479351032448378,0.00617283950617284,0,0.406593406593407,0,0.43206106870229,0,0.490769230769231,0.138629283489097,0.00449775112443778,0,0.0426179604261796,0.00300751879699248,0,0.0078125,0,0.423192771084337,0,0.50381679389313,0.0106221547799697,0,0.00772797527047913,0,0,0,0.436641221374046,0.0046875,0.168970814132104,0.349618320610687,0.431164901664145,0,0.0061633281972265,0,0.551724137931034,0,0,0.030441400304414,0.00455927051671732,0,0.0159489633173844,0,0.15541601255887,0.0285714285714286,0,0,0.00610687022900763,0.415360501567398,0.428355957767722,0,0,0.450155763239875,0.405572755417957,0.395672333848532,0,0.415781487101669,0,0,0.0922098569157393,0.540090771558245,0.00303030303030303,0.0046656298600311,0,0.0197869101978691,0.00305343511450382,0.00294117647058824,0,0.00153139356814701,0,0.143079315707621,0.496062992125984,0,0,0,0.450151057401813,0.521936459909228,0.00303951367781155,0.505359877488515,0.146564885496183,0.543478260869565,0,0,0,0,0,0.0367534456355283,0,0,0,0,0.0186625194401244,0.0106221547799697,0.585329341317365,0,0,0.195121951219512,0.506514657980456,0.0288753799392097,0.0122324159021407,0,0.0341085271317829,0.00157728706624606,0,0,0,0.0015748031496063,0,0,0.00157232704402516,0,0,0.00473186119873817,0.0061633281972265,0.0045662100456621,0,0.428792569659443,0,0.430321592649311,0.00483870967741936,0.0213414634146341,0,0.00470219435736677,0,0.021978021978022,0,0,0.444947209653092,0.273425499231951
"55",0.00153374233128834,0.00315955766192733,0,0.0015748031496063,0.0126782884310618,0.0184615384615385,0.0172143974960876,0.0173501577287066,0.0172955974842767,0.0151285930408472,0.0155038759689922,0.0167173252279635,0.0170542635658915,0.0182094081942337,0.0124223602484472,0.0157232704402516,0.0141509433962264,0.015220700152207,0.0142857142857143,0.0156739811912226,0.015527950310559,0.00615384615384615,0.00924499229583975,0.0174050632911392,0.016566265060241,0.0154798761609907,0.016793893129771,0.0145161290322581,0.0135338345864662,0.0187207488299532,0.0161812297734628,0.0153139356814701,0.0168195718654434,0.015220700152207,0.0139318885448916,0.0167682926829268,0.0139751552795031,0.0152671755725191,0.0172413793103448,0.0211382113821138,0.0184615384615385,0.0179910044977511,0.0168453292496172,0.015748031496063,0.0139318885448916,0.0188383045525903,0.0151515151515152,0.0029673590504451,0.00313479623824451,0,0,0.876777251184834,0.278890600924499,0.444099378881988,1,0.872274143302181,0.897081413210445,0.930875576036866,0.984447900466563,0.880804953560371,0.899082568807339,0.893915756630265,0.878504672897196,0.990551181102362,0.886503067484663,0.884555382215289,0.883720930232558,0.858877086494689,0.886115444617785,0.91025641025641,0.953560371517028,0.978294573643411,0.881435257410296,0.883830455259027,0.878274268104777,0.990639625585023,0.890453834115806,0.978193146417445,0.982258064516129,0.864485981308411,0.863777089783282,0.881329113924051,0.995468277945619,0.879756468797565,0.878648233486943,0.87673343605547,0.877519379844961,0.978361669242658,0.882995319812793,0.962962962962963,0.8801261829653,0.876506024096386,0.967289719626168,0.966772151898734,0.887022900763359,0.918552036199095,0.0139318885448916,0.0015527950310559,0.00154798761609907,0.00158730158730159,0.00154083204930663,0.0078740157480315,0.0125195618153365,0.00943396226415094,0,0.00748502994011976,0.0015527950310559,0,0.0032,0.0062015503875969,0.0123839009287926,0.00161290322580645,0.0015220700152207,0.0015527950310559,0.00156985871271586,0.0122511485451761,0.0124416796267496,0.0014792899408284,0.00157728706624606,0.0140625,0.00157232704402516,0.0124416796267496,0.00153374233128834,0.00941915227629513,0.00154559505409583,0.00156494522691706,0,0.015600624024961,0.00154798761609907,0.00152905198776758,0.0107858243451464,0.0062992125984252,0.0109717868338558,0.00150829562594268,0.00801282051282051,0,0.00154083204930663,0.0111464968152866,0.00305343511450382,0.0108359133126935,0.0122137404580153,0.0153609831029186,0.00152671755725191,0.00158730158730159,0.00151975683890578,0.00153374233128834,0.00151057401812689,0.0156739811912226,0.0015600624024961,0.0106870229007634,0.00155763239875389,0.0137825421133231,0.00916030534351145,0.00150829562594268,0,0.0108024691358025,0.00159744408945687,0.00746268656716418,0.0015552099533437,0.00155038759689922,0.00940438871473354,0.00941915227629513,0.00155038759689922,0,0,0.0155763239875389,0.0142630744849445,0.00158730158730159,0.0015552099533437,0.00154798761609907,0.0105421686746988,0.00153374233128834,0.0161812297734628,0.0095389507154213,0,0.00153609831029186,0,0.00158730158730159,0.00934579439252336,0,0.00606060606060606,0,0.0106382978723404,0.00462249614791988,0.00777604976671851,0,0.00159744408945687,0.0152439024390244,0.014218009478673,0.0127186009538951,0.00151975683890578,0.00153609831029186,0.00458715596330275,0.00153846153846154,0.00153374233128834,0.0016,0.0157232704402516,0.0141287284144427,0.00479233226837061,0.0154083204930663,0.00941915227629513,0.00153374233128834,0.0138461538461538,0.00909090909090909,0.0121028744326778,0.00609756097560976,0.00156739811912226,0.00154320987654321,0.00306278713629403,0.0136157337367625,0.0140625,0.00153139356814701,0.0016,0.00152905198776758,0.00154798761609907,0.00458715596330275,0.00154798761609907,0.0046875,0.00770416024653313,0.0121580547112462,0.0077639751552795,0,0.0121580547112462,0.00453172205438067,0.00156985871271586,0.0111642743221691,0.010752688172043,0.00156739811912226,0.00154798761609907,0.00153139356814701,0.0138248847926267,0.0015552099533437,0.0157728706624606,0.00152671755725191,0.00323624595469256,0.00154559505409583,0.0153846153846154,0.00153139356814701,0.00917431192660551,0.00158478605388273,0.0125588697017268,0.0136363636363636,0.00154083204930663,0.0015625
"56",0.0047244094488189,0.0111642743221691,0.00477707006369427,0.00477707006369427,0.00635930047694754,0.0078003120124805,0.00807754442649435,0.00958466453674121,0.00798722044728434,0.00925925925925926,0.0111111111111111,0.0093603744149766,0.00950871632329636,0.00777604976671851,0.00634920634920635,0.0095389507154213,0.00802568218298555,0.00784929356357928,0.00481540930979133,0.008,0.00625978090766823,0.00317965023847377,0.00613496932515337,0.00972447325769854,0.00921658986175115,0.00797448165869218,0.0093167701863354,0.00657894736842105,0.00465116279069767,0.008,0.00485436893203883,0.00941915227629513,0.00782472613458529,0.0046583850931677,0.00634920634920635,0.00772797527047913,0.00638977635782748,0.00777604976671851,0.00796178343949045,0.00964630225080386,0.0109034267912773,0.0078003120124805,0.00773993808049536,0.00940438871473354,0.00782472613458529,0.00952380952380952,0.00611620795107034,0.0107197549770291,0.0127186009538951,0.00775193798449612,0.00794912559618442,0.99835255354201,0.161490683229814,0.303353658536585,0.872274143302181,1,0.982919254658385,0.797788309636651,0.842857142857143,0.988958990536278,0.9796875,0.979462875197472,0.992050874403816,0.859903381642512,0.992175273865415,0.987179487179487,0.988888888888889,0.989197530864197,0.984101748807631,0.957792207792208,0.821484992101106,0.874015748031496,0.990415335463259,0.992163009404389,0.993740219092332,0.865814696485623,0.982142857142857,0.89622641509434,0.850079744816587,0.990639625585023,0.72884012539185,0.989028213166144,0.868501529051988,0.989230769230769,0.992125984251969,0.989247311827957,0.988993710691824,0.85214626391097,0.990536277602524,0.839506172839506,0.993610223642173,0.992295839753467,0.914826498422713,0.8352,0.990476190476191,0.951638065522621,0.0224719101123595,0,0,0,0,0.0146103896103896,0.0189274447949527,0.014308426073132,0,0.0108864696734059,0,0,0.00487012987012987,0.00928792569659443,0.0232558139534884,0,0,0,0,0.0236220472440945,0.01743264659271,0,0.00157977883096367,0.0224358974358974,0,0.0221169036334913,0,0.0191387559808612,0,0,0,0.0266457680250784,0,0,0.0144,0.008,0.0174603174603175,0,0.0162074554294976,0,0,0.0178282009724473,0.00157232704402516,0.0141732283464567,0.0202177293934681,0.0235849056603774,0,0,0,0,0,0.023696682464455,0,0.0141509433962264,0,0.0233644859813084,0.014446227929374,0,0,0.0186915887850467,0,0.0107858243451464,0,0,0.0207667731629393,0.0257234726688103,0,0,0,0.0256,0.0237717908082409,0,0,0,0.0184049079754601,0,0.0214521452145215,0.0179445350734095,0,0,0.00155763239875389,0,0.0144230769230769,0,0.00623052959501558,0,0.0203442879499218,0.0062992125984252,0.0160771704180064,0,0,0.0234741784037559,0.0240384615384615,0.0195121951219512,0,0,0.00471698113207547,0,0,0,0.0273752012882448,0.0208333333333333,0.00977198697068404,0.0234375,0.0203761755485893,0,0.0219092331768388,0.0121951219512195,0.021671826625387,0.00625,0,0,0,0.0201238390092879,0.0205371248025276,0.00313479623824451,0,0,0,0.00773993808049536,0,0.00631911532385466,0.0111287758346582,0.0228310502283105,0.0125195618153365,0,0.0232919254658385,0.00763358778625954,0.00161550888529887,0.025974025974026,0.0220820189274448,0,0.00159744408945687,0,0.0214067278287462,0,0.0190779014308426,0,0.00164473684210526,0,0.0253968253968254,0.00158227848101266,0.0141065830721003,0,0.0239234449760766,0.0215716486902928,0,0
"57",0.00153609831029186,0.00465116279069767,0.00156739811912226,0.0015625,0.0123839009287926,0.0139751552795031,0.0158478605388273,0.013953488372093,0.0140845070422535,0.015015015015015,0.0138248847926267,0.014018691588785,0.0140405616224649,0.0153846153846154,0.00930232558139535,0.0093603744149766,0.0124031007751938,0.0122511485451761,0.0110759493670886,0.0141509433962264,0.010752688172043,0.00470219435736677,0.00921658986175115,0.0141955835962145,0.0152439024390244,0.0124223602484472,0.0138248847926267,0.0128617363344051,0.0104947526236882,0.0171875,0.0158730158730159,0.0137404580152672,0.0151975683890578,0.0121580547112462,0.0140625,0.015220700152207,0.0125588697017268,0.0109546165884194,0.015527950310559,0.0192,0.0169230769230769,0.0150829562594268,0.0139751552795031,0.0125391849529781,0.0123647604327666,0.0155038759689922,0.0119760479041916,0.0045045045045045,0.00462962962962963,0.00309597523219814,0.00317460317460317,0.976152623211447,0.16,0.316998468606432,0.897081413210445,0.982919254658385,1,0.826893353941267,0.881619937694704,0.992343032159265,0.998456790123457,0.989045383411581,0.992272024729521,0.892913385826772,0.992331288343558,0.993740219092332,0.992236024844721,0.973926380368098,0.99375,0.977952755905512,0.852713178294574,0.89618320610687,0.990580847723705,0.992175273865415,0.986259541984733,0.901743264659271,1,0.922018348623853,0.876190476190476,0.990867579908676,0.759750390015601,0.990580847723705,0.900751879699248,0.99390243902439,0.99079754601227,0.992412746585736,0.990712074303406,0.878357030015798,0.9953125,0.873282442748092,0.990506329113924,0.990922844175492,0.934883720930233,0.862068965517241,0.990551181102362,0.966767371601209,0.014018691588785,0,0,0,0,0.00792393026941363,0.0171875,0.00943396226415094,0,0.00610687022900763,0,0,0.00318471337579618,0.00615384615384615,0.0151745068285281,0,0,0,0,0.0138248847926267,0.0139103554868624,0,0,0.015600624024961,0,0.0156739811912226,0,0.0141287284144427,0,0,0,0.0171606864274571,0,0,0.0108527131782946,0.0077639751552795,0.0125588697017268,0,0.0129032258064516,0,0,0.0127591706539075,0.00307219662058372,0.0077639751552795,0.0153846153846154,0.0199692780337942,0,0,0,0,0,0.01875,0,0.0106870229007634,0,0.0168970814132104,0.00778816199376947,0,0,0.0122511485451761,0,0.00603318250377074,0,0,0.0108527131782946,0.0144,0,0,0,0.0203761755485893,0.018957345971564,0,0,0,0.0136157337367625,0,0.0160771704180064,0.0126182965299685,0,0,0,0,0.0124416796267496,0,0.00462249614791988,0,0.0154320987654321,0.00462249614791988,0.00793650793650794,0,0,0.018348623853211,0.0173228346456693,0.0142405063291139,0,0,0.00303030303030303,0,0,0,0.0174050632911392,0.0174880763116057,0.00481540930979133,0.0171606864274571,0.0109034267912773,0,0.0167427701674277,0.00907715582450832,0.0167427701674277,0.00462249614791988,0,0,0,0.0180451127819549,0.0157977883096366,0.00308166409861325,0,0,0,0.00455927051671732,0,0.00470219435736677,0.00627943485086342,0.0149925037481259,0.00925925925925926,0,0.0151285930408472,0.00303490136570561,0,0.0157232704402516,0.0139751552795031,0,0,0,0.0124804992199688,0,0.0158730158730159,0,0.00321027287319422,0,0.0156985871271586,0,0.00772797527047913,0,0.015748031496063,0.0135746606334842,0,0
"58",0.00308641975308642,0.0046875,0.0234741784037559,0.0296875,0.0031496062992126,0.00461538461538462,0.00634920634920635,0.00315955766192733,0.00465116279069767,0.00606980273141123,0.0062015503875969,0.00464396284829721,0.00464396284829721,0.0030441400304414,0.00311526479750779,0.00317965023847377,0.00309119010819165,0.00303030303030303,0.00315457413249211,0.00313479623824451,0.00454545454545455,0.0558139534883721,0.0636363636363636,0.00313479623824451,0.00454545454545455,0.00462249614791988,0.0031104199066874,0.00638977635782748,0.00149476831091181,0.0062402496099844,0.0048780487804878,0.00460122699386503,0.00462962962962963,0.00306278713629403,0.0031104199066874,0.00448430493273543,0.0311526479750779,0.0107692307692308,0.00465116279069767,0.00801282051282051,0.00617283950617284,0.00611620795107034,0.0123076923076923,0.0123076923076923,0.00460829493087558,0.00470219435736677,0.00301659125188537,0.00449775112443778,0.0046583850931677,0.02,0.0297805642633229,0.811594202898551,0.333333333333333,0.485362095531587,0.930875576036866,0.797788309636651,0.826893353941267,1,0.937205651491366,0.809076682316119,0.823170731707317,0.815503875968992,0.8015625,0.938291139240506,0.805855161787365,0.820276497695853,0.80184331797235,0.80184331797235,0.800312012480499,0.833070866141732,0.925696594427245,0.939907550077042,0.817322834645669,0.807511737089202,0.804314329738058,0.91588785046729,0.818325434439178,0.907120743034056,0.933021806853583,0.80030487804878,0.907975460122699,0.806748466257669,0.921450151057402,0.800925925925926,0.803405572755418,0.808510638297872,0.818181818181818,0.935023771790808,0.807383627608347,0.927051671732523,0.814285714285714,0.807866868381241,0.892857142857143,0.942006269592476,0.81377151799687,0.852760736196319,0.0108695652173913,0.00763358778625954,0.00305810397553517,0.0203125,0,0.00480769230769231,0.0125588697017268,0.00459418070444104,0.010989010989011,0.00467289719626168,0,0,0.00158730158730159,0.00309597523219814,0.0122511485451761,0,0.036979969183359,0,0,0.0108359133126935,0.00769230769230769,0.00293685756240822,0,0.0127388535031847,0.0126582278481013,0.00927357032457496,0.0046583850931677,0.00784929356357928,0.00308166409861325,0.00788643533123028,0,0.0140405616224649,0,0,0.0031104199066874,0.00458015267175573,0.0109546165884194,0.00747384155455904,0.0111821086261981,0.00464396284829721,0,0.011437908496732,0,0.00928792569659443,0.0107692307692308,0.0137825421133231,0.00612557427258806,0,0.00460122699386503,0.00771604938271605,0.0121028744326778,0.0125984251968504,0,0.00309597523219814,0.0139751552795031,0.0122887864823349,0.0046875,0,0,0.0093167701863354,0,0.0045045045045045,0.00156739811912226,0,0.00930232558139535,0.0110759493670886,0,0.014218009478673,0.0015015015015015,0.0141287284144427,0.0125195618153365,0.0110062893081761,0.0093603744149766,0.00773993808049536,0.010590015128593,0.00605143721633888,0.0113452188006483,0.00956937799043062,0.00480769230769231,0.0108527131782946,0,0,0.0078740157480315,0,0.00153139356814701,0,0.0106707317073171,0.00155038759689922,0.0111287758346582,0.0015527950310559,0,0.0137825421133231,0.0143769968051118,0.0124804992199688,0.0184049079754601,0.0287878787878788,0.0015220700152207,0.0060790273556231,0.00771604938271605,0.00626959247648903,0.012779552715655,0.0109204368174727,0.00322061191626409,0.0154320987654321,0.0109375,0,0.0122137404580153,0.00152439024390244,0.00918836140888208,0.00301204819277108,0,0.00463678516228748,0.0351145038167939,0.010590015128593,0.0111287758346582,0.00615384615384615,0.00806451612903226,0,0,0.00306278713629403,0,0.00155038759689922,0.00469483568075117,0.0121765601217656,0.00309119010819165,0,0.0121028744326778,0.00305343511450382,0,0.0142857142857143,0.0107692307692308,0,0,0,0.00923076923076923,0.00928792569659443,0.00956937799043062,0.0122137404580153,0,0,0.0110236220472441,0,0.0046801872074883,0,0.0125984251968504,0.00755287009063444,0.0181543116490166,0.00153139356814701
"59",0.00155763239875389,0.00318471337579618,0.00157728706624606,0.00160513643659711,0.0142405063291139,0.0188679245283019,0.0194174757281553,0.0196399345335516,0.0220820189274448,0.0186625194401244,0.019047619047619,0.0190779014308426,0.017741935483871,0.0202177293934681,0.0171606864274571,0.017741935483871,0.0159744408945687,0.0172684458398744,0.0128205128205128,0.0206677265500795,0.0154559505409583,0.00635930047694754,0.0093167701863354,0.0225806451612903,0.0219435736677116,0.017515923566879,0.0221518987341772,0.0180032733224223,0.0155038759689922,0.0224358974358974,0.0182421227197347,0.0188383045525903,0.0204724409448819,0.0171073094867807,0.0191693290734824,0.0200617283950617,0.0144,0.0158730158730159,0.0205371248025276,0.0244299674267101,0.0221169036334913,0.0184049079754601,0.0185758513931889,0.0176565008025682,0.0174603174603175,0.0208667736757624,0.0197568389057751,0.00305810397553517,0.0032,0.00158982511923688,0.00160513643659711,0.860162601626016,0.298273155416013,0.467391304347826,0.984447900466563,0.842857142857143,0.881619937694704,0.937205651491366,1,0.866877971473851,0.877551020408163,0.871589085072231,0.868044515103339,0.983818770226537,0.867601246105919,0.870813397129187,0.867088607594937,0.838862559241706,0.855987055016181,0.898858075040783,0.973058637083994,0.96594427244582,0.865695792880259,0.863924050632911,0.862284820031299,0.976152623211447,0.878048780487805,0.966292134831461,0.99184339314845,0.856466876971609,0.873239436619718,0.8625,0.983128834355828,0.858034321372855,0.866251944012442,0.857366771159875,0.861417322834646,0.996810207336523,0.866877971473851,0.9796875,0.866454689984102,0.858877086494689,0.949286846275753,0.987117552334944,0.869009584664537,0.898305084745763,0.00963081861958266,0.0062992125984252,0.00625978090766823,0.00809061488673139,0.00618238021638331,0.0032258064516129,0.00634920634920635,0.00484652665589661,0.00483091787439614,0.00314465408805031,0.0062992125984252,0.0064,0.00326797385620915,0.0031496062992126,0.00788643533123028,0.0065359477124183,0.00469483568075117,0.00803858520900321,0.00646203554119548,0.00934579439252336,0.00634920634920635,0.00765696784073507,0.00797448165869218,0.00797448165869218,0.00636942675159236,0.00802568218298555,0.00476947535771065,0.00477707006369427,0.00477707006369427,0.00632911392405063,0.00605143721633888,0.0096,0.0078740157480315,0.00460829493087558,0.00475435816164818,0.00634920634920635,0.00796178343949045,0.00757575757575758,0.00484652665589661,0.00470219435736677,0.00777604976671851,0.00646203554119548,0.00952380952380952,0.00783699059561128,0.00952380952380952,0.0112,0.00773993808049536,0.00632911392405063,0.00619195046439629,0.00625,0.0046583850931677,0.0111111111111111,0.0078003120124805,0.00462962962962963,0.00642054574638844,0.0109375,0.00469483568075117,0.0062015503875969,0.00476947535771065,0.00625978090766823,0.00638977635782748,0.00154320987654321,0.00791139240506329,0.00314465408805031,0.0064,0.00648298217179903,0.00464396284829721,0.00318979266347687,0.00619195046439629,0.0111642743221691,0.0096,0.00162866449511401,0.00635930047694754,0.00628930817610063,0.00766871165644172,0.00630914826498423,0.00981996726677578,0.00641025641025641,0.00490196078431373,0.0062015503875969,0.00316455696202532,0.00809061488673139,0.00647249190938511,0.00632911392405063,0.00771604938271605,0.00613496932515337,0.00783699059561128,0.00319488817891374,0.00632911392405063,0.004739336492891,0.0062992125984252,0.00941915227629513,0.00798722044728434,0.00963081861958266,0.00775193798449612,0.0062111801242236,0.00627943485086342,0.00625978090766823,0.00773993808049536,0.00798722044728434,0.0112903225806452,0.0113085621970921,0.0033003300330033,0.0110935023771791,0.00318979266347687,0.00628930817610063,0.0107197549770291,0.00463678516228748,0.00769230769230769,0.00313971742543171,0.00631911532385466,0.00792393026941363,0.013953488372093,0.0093167701863354,0.00815660685154975,0.00792393026941363,0.00656814449917898,0.00475435816164818,0.0078125,0.00309597523219814,0.00793650793650794,0.00646203554119548,0.00156739811912226,0.00772797527047913,0.0031104199066874,0.00481540930979133,0.00928792569659443,0.00155763239875389,0.00484652665589661,0.00964630225080386,0.00630914826498423,0.00801282051282051,0.00631911532385466,0.00793650793650794,0.0078125,0.008,0.0095389507154213,0.00630914826498423,0.00807754442649435,0.00469483568075117,0.0112,0.00632911392405063,0.00316957210776545,0.00645161290322581,0.00803858520900321,0.00934579439252336,0.00613496932515337,0.00637958532695375
"60",0.0015600624024961,0.00475435816164818,0.0015625,0.00156739811912226,0.0157232704402516,0.0201863354037267,0.0203761755485893,0.0207006369426752,0.0220125786163522,0.0201550387596899,0.020440251572327,0.0204081632653061,0.0188976377952756,0.021671826625387,0.0171073094867807,0.0177705977382876,0.0176282051282051,0.0185758513931889,0.0144230769230769,0.0206349206349206,0.0171073094867807,0.00786163522012579,0.0109204368174727,0.0224358974358974,0.0216049382716049,0.0192616372391653,0.0215716486902928,0.0196078431372549,0.0167682926829268,0.0238473767885533,0.0194174757281553,0.0187207488299532,0.0219092331768388,0.0169230769230769,0.019047619047619,0.0214395099540582,0.0158478605388273,0.0171339563862928,0.0220472440944882,0.0257648953301127,0.0235109717868339,0.0196078431372549,0.0201238390092879,0.0191387559808612,0.0186335403726708,0.022508038585209,0.0200308166409861,0.00458715596330275,0.00470219435736677,0.0015527950310559,0.00158227848101266,0.982229402261712,0.1671826625387,0.325227963525836,0.880804953560371,0.988958990536278,0.992343032159265,0.809076682316119,0.866877971473851,1,0.992272024729521,0.982594936708861,0.998435054773083,0.879807692307692,1,1,0.990476190476191,0.976780185758514,0.987341772151899,0.975728155339806,0.841194968553459,0.88135593220339,1,1,0.993779160186625,0.881877022653722,0.990476190476191,0.9136,0.861685214626391,0.998444790046656,0.740219092331768,1,0.885802469135803,0.993779160186625,1,0.996927803379416,0.998439937597504,0.873617693522907,1,0.854070660522273,0.995275590551181,0.995384615384615,0.917721518987342,0.853503184713376,0.996825396825397,0.953416149068323,0.0144,0,0,0,0,0.00970873786407767,0.014308426073132,0.0095389507154213,0,0.00778816199376947,0,0,0.00316957210776545,0.00627943485086342,0.0141065830721003,0,0,0,0,0.0171606864274571,0.0140625,0,0,0.014446227929374,0,0.0158730158730159,0,0.0110935023771791,0,0,0,0.0174880763116057,0,0,0.0111111111111111,0.00628930817610063,0.0110584518167457,0,0.0113085621970921,0,0,0.0144230769230769,0.0015600624024961,0.0108695652173913,0.0141065830721003,0.0186915887850467,0,0,0,0,0,0.0193236714975845,0,0.010752688172043,0,0.0169753086419753,0.00946372239747634,0,0,0.0125195618153365,0,0.00758725341426404,0,0,0.012779552715655,0.0126382306477093,0,0,0,0.0186335403726708,0.0189873417721519,0,0,0,0.0121951219512195,0,0.0162074554294976,0.012987012987013,0,0,0,0,0.00952380952380952,0,0.00462962962962963,0,0.0125984251968504,0.0046875,0.00950871632329636,0,0,0.0172413793103448,0.0158478605388273,0.0143312101910828,0,0,0.00308641975308642,0,0,0,0.0176,0.016,0.00483870967741936,0.0172413793103448,0.0110759493670886,0,0.0169753086419753,0.00911854103343465,0.0154320987654321,0.0061633281972265,0,0,0,0.0152671755725191,0.0159744408945687,0.0031055900621118,0,0,0,0.00470219435736677,0,0.00477707006369427,0.00784929356357928,0.0138248847926267,0.00943396226415094,0,0.0164670658682635,0.0045045045045045,0,0.014308426073132,0.0124610591900312,0,0,0,0.0138674884437596,0,0.016025641025641,0,0.00163398692810458,0,0.0174050632911392,0,0.00930232558139535,0,0.0176,0.0139103554868624,0,0
"61",0.00152671755725191,0.00475435816164818,0.0015527950310559,0.0015600624024961,0.0122511485451761,0.0154559505409583,0.0171606864274571,0.0170542635658915,0.0174050632911392,0.018018018018018,0.015600624024961,0.0169230769230769,0.0141065830721003,0.0167173252279635,0.013719512195122,0.0139968895800933,0.0139968895800933,0.0149925037481259,0.0125195618153365,0.0156494522691706,0.0137825421133231,0.0062992125984252,0.00907715582450832,0.0175438596491228,0.019578313253012,0.0155038759689922,0.0167682926829268,0.0158982511923688,0.0136363636363636,0.0204724409448819,0.017741935483871,0.0138888888888889,0.0168195718654434,0.0120481927710843,0.0139751552795031,0.0164917541229385,0.0140625,0.0152439024390244,0.0168970814132104,0.0206677265500795,0.0199081163859112,0.014903129657228,0.0166414523449319,0.0141509433962264,0.0138036809815951,0.0172413793103448,0.0163934426229508,0.00446428571428571,0.0046801872074883,0.00306748466257669,0.0031055900621118,0.976152623211447,0.160493827160494,0.315068493150685,0.899082568807339,0.9796875,0.998456790123457,0.823170731707317,0.877551020408163,0.992272024729521,1,0.986342943854325,0.992354740061162,0.8896,0.990839694656489,0.995290423861852,0.990783410138249,0.972350230414747,0.990639625585023,0.982539682539682,0.856920684292379,0.900928792569659,0.990536277602524,0.993808049535604,0.984615384615385,0.902476780185758,0.998425196850394,0.925925925925926,0.872641509433962,0.990825688073395,0.758887171561051,0.990769230769231,0.900302114803625,0.995384615384615,0.99236641221374,0.993920972644377,0.99079754601227,0.885220125786163,0.993846153846154,0.872503840245776,0.992138364779874,0.992401215805471,0.931464174454829,0.865203761755486,0.992175273865415,0.96996996996997,0.0172684458398744,0,0,0,0,0.0110410094637224,0.015552099533437,0.0121396054628225,0,0.00765696784073507,0,0,0.00315457413249211,0.00614439324116743,0.0184615384615385,0,0,0,0,0.0198776758409786,0.0152671755725191,0,0,0.0173775671406003,0,0.0189274447949527,0,0.0124416796267496,0,0,0,0.0202808112324493,0,0,0.0107361963190184,0.0078125,0.0141732283464567,0,0.0142857142857143,0,0,0.0156494522691706,0.00153846153846154,0.013677811550152,0.0170015455950541,0.0199081163859112,0,0,0,0,0,0.0207006369426752,0,0.0108527131782946,0,0.02,0.0123647604327666,0,0,0.0139968895800933,0,0.00906344410876133,0,0,0.015527950310559,0.0156739811912226,0,0,0,0.0219435736677116,0.0203125,0,0,0,0.0151515151515152,0,0.0176282051282051,0.0156494522691706,0,0,0,0,0.0109717868338558,0,0.00451807228915663,0,0.0153846153846154,0.00465116279069767,0.0141065830721003,0,0,0.0199386503067485,0.0192616372391653,0.0185185185185185,0,0,0.00306748466257669,0,0,0,0.0206022187004754,0.0173501577287066,0.00636942675159236,0.0200927357032458,0.0139318885448916,0,0.0195488721804511,0.00917431192660551,0.0151975683890578,0.0060882800608828,0,0,0,0.0164917541229385,0.0187207488299532,0.00308641975308642,0,0,0,0.00610687022900763,0,0.00461538461538462,0.00783699059561128,0.0165165165165165,0.009375,0,0.0176470588235294,0.0045662100456621,0,0.0188976377952756,0.015220700152207,0,0,0,0.0167173252279635,0,0.0173228346456693,0,0.00161290322580645,0,0.0200927357032458,0,0.0108024691358025,0,0.0186915887850467,0.0151515151515152,0,0
"62",0,0.00479233226837061,0.00157728706624606,0,0.0096,0.0107858243451464,0.0128410914927769,0.0112179487179487,0.00966183574879227,0.0125391849529781,0.0111642743221691,0.0124610591900312,0.00941915227629513,0.0123456790123457,0.009375,0.0112903225806452,0.0110935023771791,0.00930232558139535,0.00788643533123028,0.0109717868338558,0.00778816199376947,0.00635930047694754,0.00615384615384615,0.0112540192926045,0.0122887864823349,0.0113268608414239,0.0124610591900312,0.00975609756097561,0.00930232558139535,0.0124804992199688,0.00974025974025974,0.00771604938271605,0.0109034267912773,0.0062992125984252,0.00789889415481832,0.0108695652173913,0.00966183574879227,0.0109375,0.0111287758346582,0.0130081300813008,0.0123647604327666,0.0108527131782946,0.0108527131782946,0.0112,0.00943396226415094,0.0126182965299685,0.00754147812971342,0.0045662100456621,0.00478468899521531,0.00313971742543171,0.00319488817891374,0.980295566502463,0.159126365054602,0.325038880248834,0.893915756630265,0.979462875197472,0.989045383411581,0.815503875968992,0.871589085072231,0.982594936708861,0.986342943854325,1,0.980922098569157,0.886581469648562,0.981279251170047,0.982456140350877,0.988906497622821,0.97339593114241,0.992101105845182,0.967845659163987,0.862714508580343,0.8890625,0.979233226837061,0.983922829581994,0.984375,0.893081761006289,0.990506329113924,0.903785488958991,0.881219903691814,0.981191222570533,0.770800627943485,0.9796875,0.889908256880734,0.989197530864197,0.985915492957746,0.978294573643411,0.976635514018692,0.868253968253968,0.985736925515055,0.873282442748092,0.982511923688394,0.979969183359014,0.941732283464567,0.867954911433172,0.979133226324238,0.967542503863988,0.0096,0,0,0,0.00313479623824451,0.0144927536231884,0.0111821086261981,0.0126182965299685,0,0.0125,0.00319488817891374,0.00772797527047913,0.0109717868338558,0.0125,0.00938967136150235,0.00646203554119548,0,0.00789889415481832,0,0.0109717868338558,0.0111287758346582,0,0.00788643533123028,0.0111642743221691,0,0.0113268608414239,0,0.00789889415481832,0,0,0.00618238021638331,0.0112540192926045,0.0015625,0.00766871165644172,0.0127591706539075,0.00626959247648903,0.00798722044728434,0,0.00805152979066022,0,0.00470219435736677,0.0096,0.00628930817610063,0.00464396284829721,0.0110236220472441,0.0127388535031847,0,0.00478468899521531,0.0015748031496063,0,0,0.0111464968152866,0.00786163522012579,0.0109546165884194,0,0.0093603744149766,0.0111464968152866,0.00307692307692308,0.00315457413249211,0.0062111801242236,0.00642054574638844,0.0093167701863354,0.00315457413249211,0.0046583850931677,0.00796178343949045,0.0111464968152866,0.00473186119873817,0,0,0.0126782884310618,0.0126582278481013,0,0,0,0.0061633281972265,0,0.0114942528735632,0.0130081300813008,0.00325732899022801,0,0.00628930817610063,0.00480769230769231,0.00645161290322581,0.0063391442155309,0.0125,0.00769230769230769,0.00920245398773006,0.00784929356357928,0.00483870967741936,0.00157728706624606,0,0.0111464968152866,0.0113268608414239,0.00803858520900321,0,0,0.0109546165884194,0,0.003125,0,0.0113085621970921,0.0112359550561798,0.0146103896103896,0.0108527131782946,0.00797448165869218,0.00470957613814757,0.00930232558139535,0.0109204368174727,0.00924499229583975,0.009375,0.00802568218298555,0.00157232704402516,0,0.00930232558139535,0.0112540192926045,0.00309597523219814,0,0.00309597523219814,0.00784929356357928,0.0109034267912773,0.00316957210776545,0.0126182965299685,0.0141732283464567,0.00903614457831325,0.0125786163522013,0.00794912559618442,0.0121028744326778,0.00930232558139535,0.00803858520900321,0.00977198697068404,0.010989010989011,0.00489396411092985,0.00628930817610063,0.0078740157480315,0.00765696784073507,0,0.00809061488673139,0,0.00657894736842105,0.0046583850931677,0.0111642743221691,0.00938967136150235,0.0156739811912226,0.00644122383252818,0.0110759493670886,0.00772797527047913,0,0.0031104199066874
"63",0.00153846153846154,0.00480769230769231,0.00156739811912226,0.00158478605388273,0.0126382306477093,0.0171339563862928,0.016,0.0160513643659711,0.0188976377952756,0.0183767228177642,0.0174880763116057,0.015748031496063,0.0144694533762058,0.0166666666666667,0.0155763239875389,0.0161550888529887,0.0144,0.0154798761609907,0.0112359550561798,0.0158982511923688,0.013953488372093,0.00794912559618442,0.0108191653786708,0.0176,0.0183767228177642,0.0141287284144427,0.0172684458398744,0.017741935483871,0.0136363636363636,0.0189873417721519,0.0146818923327896,0.0138674884437596,0.0171073094867807,0.0139318885448916,0.0157977883096366,0.0199692780337942,0.0158982511923688,0.0140845070422535,0.0188679245283019,0.0208333333333333,0.0202492211838006,0.0153609831029186,0.0172413793103448,0.0158478605388273,0.0172955974842767,0.0173228346456693,0.016566265060241,0.00458715596330275,0.00474683544303797,0.0031496062992126,0.0031496062992126,0.986842105263158,0.167721518987342,0.317829457364341,0.878504672897196,0.992050874403816,0.992272024729521,0.8015625,0.868044515103339,0.998435054773083,0.992354740061162,0.980922098569157,1,0.879282218597064,1,0.998410174880763,0.993700787401575,0.979938271604938,0.985483870967742,0.9728,0.832807570977918,0.884012539184953,1,0.9984375,0.993779160186625,0.881889763779528,0.993640699523052,0.909937888198758,0.848287112561175,1,0.72386895475819,1,0.88208269525268,0.990683229813665,0.998425196850394,1,1,0.865293185419968,1,0.853881278538813,1,1,0.916403785488959,0.848966613672496,1,0.957680250783699,0.0157728706624606,0,0,0,0,0.011437908496732,0.0174880763116057,0.010989010989011,0,0.00628930817610063,0,0,0.00162337662337662,0.004739336492891,0.0172413793103448,0,0,0,0,0.015748031496063,0.015625,0,0,0.0178571428571429,0,0.0189274447949527,0,0.014218009478673,0,0,0,0.019047619047619,0,0,0.0124804992199688,0.00794912559618442,0.0143769968051118,0,0.0144694533762058,0,0,0.0146341463414634,0.00314465408805031,0.00940438871473354,0.0170015455950541,0.0205371248025276,0,0,0,0,0,0.0208,0,0.0125786163522013,0,0.0189873417721519,0.00947867298578199,0,0,0.015748031496063,0,0.00771604938271605,0,0,0.0128205128205128,0.01743264659271,0,0,0,0.0219092331768388,0.0209339774557166,0,0,0,0.0168970814132104,0,0.0161290322580645,0.0145161290322581,0,0,0,0,0.0128205128205128,0,0.003125,0,0.0171339563862928,0.00316957210776545,0.0113268608414239,0,0,0.0204724409448819,0.0192307692307692,0.0158982511923688,0,0,0.00154798761609907,0,0,0,0.0192616372391653,0.0159744408945687,0.00488599348534202,0.0189873417721519,0.0141287284144427,0,0.0185185185185185,0.00925925925925926,0.0181543116490166,0.00469483568075117,0,0,0,0.0183767228177642,0.01743264659271,0.00309119010819165,0,0,0,0.0031055900621118,0,0.00316455696202532,0.0064,0.0168970814132104,0.00938967136150235,0,0.0168195718654434,0.00458715596330275,0,0.0176565008025682,0.015748031496063,0,0,0,0.0156739811912226,0,0.0178861788617886,0,0.00328407224958949,0,0.0173775671406003,0,0.00952380952380952,0,0.017515923566879,0.0152671755725191,0,0
"64",0.0032258064516129,0.00318471337579618,0,0.00325732899022801,0.0112359550561798,0.0156739811912226,0.0145867098865478,0.0146341463414634,0.0177133655394525,0.0140845070422535,0.0142857142857143,0.0126382306477093,0.0128205128205128,0.0142630744849445,0.0127591706539075,0.0145867098865478,0.00977198697068404,0.0140845070422535,0.0113636363636364,0.0132231404958678,0.0125984251968504,0.00796178343949045,0.00949367088607595,0.0145631067961165,0.0138674884437596,0.0128824476650564,0.0143312101910828,0.0149750415973378,0.0112179487179487,0.0175718849840256,0.0116279069767442,0.0112540192926045,0.0158982511923688,0.0125786163522013,0.0131147540983607,0.0170278637770898,0.0129449838187702,0.0128410914927769,0.0176848874598071,0.0180921052631579,0.0162074554294976,0.0127591706539075,0.014218009478673,0.0176848874598071,0.014308426073132,0.0165562913907285,0.0154320987654321,0.0031055900621118,0.00323624595469256,0.00158730158730159,0.00165016501650165,0.866776315789474,0.288676236044657,0.449685534591195,0.990551181102362,0.859903381642512,0.892913385826772,0.938291139240506,0.983818770226537,0.879807692307692,0.8896,0.886581469648562,0.879282218597064,1,0.883177570093458,0.886363636363636,0.876386687797147,0.8544,0.876404494382023,0.905691056910569,0.959546925566343,0.977848101265823,0.877388535031847,0.87741935483871,0.869905956112853,0.99194847020934,0.88961038961039,0.972712680577849,0.978827361563518,0.865718799368088,0.876602564102564,0.87987012987013,0.9921875,0.872813990461049,0.86984126984127,0.869767441860465,0.880382775119617,0.988486842105263,0.875404530744337,0.968404423380727,0.880258899676375,0.871875,0.958199356913183,0.966996699669967,0.881877022653722,0.916535433070866,0.0129449838187702,0.0016025641025641,0.00314465408805031,0.0016260162601626,0.00158478605388273,0.00488599348534202,0.0161030595813204,0.00801282051282051,0,0.00627943485086342,0.00162074554294976,0,0.00325732899022801,0.00473186119873817,0.014308426073132,0.00164744645799012,0.00157232704402516,0.0016260162601626,0.00162337662337662,0.0126782884310618,0.0110759493670886,0.00154320987654321,0.00161030595813205,0.0163132137030995,0.00162337662337662,0.011437908496732,0.0016025641025641,0.0112903225806452,0.00315457413249211,0.00163132137030995,0,0.0160513643659711,0.00158478605388273,0.00154320987654321,0.00798722044728434,0.00794912559618442,0.011400651465798,0.00154083204930663,0.013136288998358,0,0.00159489633173844,0.0132669983416252,0.00318471337579618,0.00952380952380952,0.0126182965299685,0.0177993527508091,0.00159489633173844,0.00159489633173844,0.00157232704402516,0.00156739811912226,0.00155763239875389,0.0162337662337662,0.00160771704180064,0.00792393026941363,0.00324149108589951,0.015748031496063,0.00641025641025641,0.0015748031496063,0,0.0128205128205128,0.00163398692810458,0.0061633281972265,0.00161030595813205,0.00158478605388273,0.0113636363636364,0.0115131578947368,0.0015748031496063,0,0.0015600624024961,0.0177705977382876,0.0163398692810458,0.00164203612479475,0.00161550888529887,0.0016,0.0123839009287926,0.0016025641025641,0.015177065767285,0.0113268608414239,0,0.00317460317460317,0,0.0016366612111293,0.00975609756097561,0,0.0063391442155309,0,0.0124804992199688,0.00476947535771065,0.00981996726677578,0,0.00328407224958949,0.0176565008025682,0.0176848874598071,0.0149750415973378,0.00156739811912226,0.00157232704402516,0.0046801872074883,0.00156739811912226,0.00162337662337662,0.00328407224958949,0.0146103896103896,0.0131147540983607,0.00166112956810631,0.0142405063291139,0.0128,0.00159489633173844,0.0157977883096366,0.0046875,0.0125984251968504,0.00634920634920635,0.00164203612479475,0.00161030595813205,0.00470219435736677,0.0157977883096366,0.0132231404958678,0.00160771704180064,0.00169491525423729,0.00157728706624606,0.00157977883096367,0.00477707006369427,0.00161030595813205,0.00487012987012987,0.00634920634920635,0.0125,0.00478468899521531,0,0.0126182965299685,0.003125,0.00164473684210526,0.0161290322580645,0.0111111111111111,0.00165289256198347,0.00162866449511401,0.00163398692810458,0.0110935023771791,0.00160771704180064,0.014827018121911,0.00158730158730159,0.00336700336700337,0.00158227848101266,0.0128824476650564,0.00159489633173844,0.00638977635782748,0.00163132137030995,0.0146579804560261,0.0110236220472441,0.00158730158730159,0.00159235668789809
"65",0.00308166409861325,0.00765696784073507,0.00153846153846154,0.00313479623824451,0.0138674884437596,0.0186046511627907,0.0190174326465927,0.0189873417721519,0.0224719101123595,0.0182648401826484,0.0187793427230047,0.0182926829268293,0.0172684458398744,0.0199081163859112,0.0170807453416149,0.016,0.0156985871271586,0.0182926829268293,0.0127591706539075,0.0186625194401244,0.0154320987654321,0.00789889415481832,0.00916030534351145,0.0209677419354839,0.0196374622356495,0.0188976377952756,0.0199692780337942,0.0193861066235864,0.0150375939849624,0.0234009360374415,0.0177993527508091,0.0170015455950541,0.0216383307573416,0.0165912518853695,0.0172955974842767,0.0194610778443114,0.0141287284144427,0.015552099533437,0.0217729393468118,0.0235849056603774,0.0216383307573416,0.0181268882175227,0.0200927357032458,0.0189873417721519,0.0168970814132104,0.0207006369426752,0.0194610778443114,0.00749625187406297,0.00770416024653313,0.00458015267175573,0.00473186119873817,0.983948635634029,0.158218125960061,0.317771084337349,0.886503067484663,0.992175273865415,0.992331288343558,0.805855161787365,0.867601246105919,1,0.990839694656489,0.981279251170047,1,0.883177570093458,1,0.998432601880878,0.993874425727412,0.981566820276498,0.987381703470032,0.971291866028708,0.836193447737909,0.880804953560371,1,1,0.99390243902439,0.89010989010989,0.993710691823899,0.910377358490566,0.856012658227848,1,0.726708074534162,1,0.884498480243161,0.995433789954338,1,0.998480243161094,1,0.870662460567823,1,0.857791225416036,0.996840442338073,0.996974281391831,0.917829457364341,0.851500789889415,0.998412698412698,0.953917050691244,0.0204081632653061,0,0,0,0,0.0127186009538951,0.0202808112324493,0.014018691588785,0,0.00920245398773006,0,0,0.00316455696202532,0.00775193798449612,0.0196374622356495,0,0,0,0,0.0198170731707317,0.0186625194401244,0,0,0.0224719101123595,0,0.020440251572327,0,0.0154798761609907,0,0,0,0.0235109717868339,0,0,0.013953488372093,0.00933125972006221,0.0186335403726708,0,0.0175438596491228,0,0,0.0192616372391653,0.003125,0.0138674884437596,0.0213089802130898,0.0247678018575851,0,0,0,0,0,0.0234741784037559,0,0.0138674884437596,0,0.0218068535825545,0.0125,0,0,0.0171339563862928,0,0.0105263157894737,0,0,0.0172684458398744,0.0186625194401244,0,0,0,0.02660406885759,0.0250391236306729,0,0,0,0.0197869101978691,0,0.0212071778140294,0.0174050632911392,0,0,0,0,0.0157232704402516,0,0.00460829493087558,0,0.0197268588770865,0.0046801872074883,0.014218009478673,0,0,0.024653312788906,0.0238095238095238,0.0206677265500795,0,0,0.00306278713629403,0,0,0,0.0234375,0.0206349206349206,0.00807754442649435,0.0233644859813084,0.0170542635658915,0,0.0211800302571861,0.010752688172043,0.0181543116490166,0.00619195046439629,0,0,0,0.0210843373493976,0.0205696202531646,0.00304878048780488,0,0,0,0.00618238021638331,0,0.0046583850931677,0.00940438871473354,0.0196078431372549,0.0108024691358025,0,0.0209895052473763,0.00606060606060606,0,0.0222929936305732,0.0182926829268293,0,0,0,0.0185185185185185,0,0.0206349206349206,0,0.00323624595469256,0,0.0218408736349454,0,0.0123839009287926,0,0.0225806451612903,0.0182094081942337,0,0
"66",0.0031055900621118,0.00796178343949045,0.00159489633173844,0.0032,0.0158730158730159,0.0188087774294671,0.0194489465153971,0.0192926045016077,0.0203761755485893,0.0185758513931889,0.0203761755485893,0.0206022187004754,0.0188976377952756,0.0203125,0.0156985871271586,0.0160771704180064,0.0156739811912226,0.0168453292496172,0.0126582278481013,0.0191693290734824,0.0172955974842767,0.00789889415481832,0.0109204368174727,0.0222222222222222,0.0201238390092879,0.019047619047619,0.0206022187004754,0.0180327868852459,0.0154083204930663,0.0224,0.0179153094462541,0.0188087774294671,0.0202492211838006,0.015527950310559,0.017515923566879,0.0201550387596899,0.0144230769230769,0.0155038759689922,0.0203442879499218,0.0240770465489567,0.0217729393468118,0.0184331797235023,0.0187207488299532,0.01743264659271,0.0187207488299532,0.0203442879499218,0.0182094081942337,0.0075187969924812,0.00797448165869218,0.0046875,0.00483091787439614,0.980519480519481,0.164319248826291,0.311811023622047,0.884555382215289,0.987179487179487,0.993740219092332,0.820276497695853,0.870813397129187,1,0.995290423861852,0.982456140350877,0.998410174880763,0.886363636363636,0.998432601880878,1,0.988993710691824,0.973478939157566,0.987301587301587,0.975806451612903,0.849056603773585,0.890965732087227,0.998420221169036,1,0.990580847723705,0.894154818325434,0.993670886075949,0.9168,0.86762360446571,0.998449612403101,0.7484375,0.998447204968944,0.892355694227769,0.993779160186625,0.998430141287284,0.996860282574568,0.998459167950693,0.879807692307692,1,0.8625,0.996825396825397,0.995384615384615,0.922955974842767,0.860576923076923,0.998397435897436,0.958397534668721,0.01743264659271,0,0,0,0,0.012924071082391,0.0173775671406003,0.0125984251968504,0,0.00765696784073507,0,0,0.00321027287319422,0.0062992125984252,0.0172143974960876,0,0,0,0,0.0172684458398744,0.015552099533437,0,0,0.0192926045016077,0,0.017515923566879,0,0.0143769968051118,0,0,0,0.0205371248025276,0,0,0.0126182965299685,0.00792393026941363,0.019047619047619,0,0.0144,0,0,0.0162866449511401,0.00315955766192733,0.0108695652173913,0.0220820189274448,0.0221518987341772,0,0,0,0,0,0.0208667736757624,0,0.0124416796267496,0,0.0187207488299532,0.0111464968152866,0,0,0.0141955835962145,0,0.00907715582450832,0,0,0.0156739811912226,0.017515923566879,0,0,0,0.0238473767885533,0.0222575516693164,0,0,0,0.0169230769230769,0,0.0179445350734095,0.0159489633173844,0,0,0,0,0.0142630744849445,0,0.00313479623824451,0,0.0172143974960876,0.00310077519379845,0.012924071082391,0,0,0.0216383307573416,0.0210696920583468,0.0176,0,0,0.00313479623824451,0,0,0,0.0209677419354839,0.0174603174603175,0.00821018062397373,0.0200617283950617,0.0157977883096366,0,0.0186046511627907,0.00925925925925926,0.0152671755725191,0.00463678516228748,0,0,0,0.0182926829268293,0.0178861788617886,0.00315457413249211,0,0,0,0.00461538461538462,0,0.00316455696202532,0.00789889415481832,0.0168453292496172,0.00949367088607595,0,0.0200617283950617,0.00460122699386503,0,0.0210355987055016,0.0189274447949527,0,0,0,0.015748031496063,0,0.0177133655394525,0,0.00328947368421053,0,0.0188976377952756,0,0.0110584518167457,0,0.0192,0.0168970814132104,0,0
"67",0.00154320987654321,0.00634920634920635,0.00157232704402516,0.00159489633173844,0.0141955835962145,0.0200617283950617,0.0190779014308426,0.0190779014308426,0.0219092331768388,0.0182094081942337,0.01875,0.0184899845916795,0.0174603174603175,0.0200927357032458,0.0172955974842767,0.0176282051282051,0.0158227848101266,0.0169230769230769,0.0140845070422535,0.0193548387096774,0.0170278637770898,0.00797448165869218,0.0109375,0.0206677265500795,0.0200927357032458,0.0172684458398744,0.0201863354037267,0.0193236714975845,0.0168453292496172,0.0222222222222222,0.0178861788617886,0.0171339563862928,0.0201238390092879,0.0170807453416149,0.0190174326465927,0.021021021021021,0.0157232704402516,0.0156739811912226,0.0204724409448819,0.0243111831442464,0.0218408736349454,0.018348623853211,0.0188679245283019,0.017515923566879,0.0184899845916795,0.0205371248025276,0.0195195195195195,0.00609756097560976,0.00628930817610063,0.00307692307692308,0.00315457413249211,0.982371794871795,0.156105100463679,0.302652106084243,0.883720930232558,0.988888888888889,0.992236024844721,0.80184331797235,0.867088607594937,0.990476190476191,0.990783410138249,0.988906497622821,0.993700787401575,0.876386687797147,0.993874425727412,0.988993710691824,1,0.975077881619938,0.992076069730586,0.965079365079365,0.833850931677019,0.879120879120879,0.990445859872611,0.993710691823899,0.99075500770416,0.876971608832808,0.995192307692308,0.910216718266254,0.852564102564103,0.990726429675425,0.740683229813665,0.990610328638498,0.881638846737481,0.993788819875776,0.990783410138249,0.992378048780488,0.990811638591118,0.867834394904459,0.992248062015504,0.852760736196319,0.987381703470032,0.989197530864197,0.919614147909968,0.847003154574132,0.988871224165342,0.958588957055215,0.0161030595813204,0,0,0,0,0.011437908496732,0.0158982511923688,0.0124223602484472,0,0.00940438871473354,0,0,0.00323624595469256,0.00783699059561128,0.0138888888888889,0,0,0,0,0.0167682926829268,0.0169753086419753,0,0,0.0161550888529887,0,0.0156985871271586,0,0.00949367088607595,0,0,0,0.0172413793103448,0,0,0.0125588697017268,0.00791139240506329,0.0140625,0,0.0127388535031847,0,0,0.016025641025641,0.00309119010819165,0.0121765601217656,0.0170278637770898,0.0202808112324493,0,0,0,0,0,0.0175718849840256,0,0.0124031007751938,0,0.015552099533437,0.0111111111111111,0,0,0.0124610591900312,0,0.00910470409711684,0,0,0.0140625,0.0125786163522013,0,0,0,0.0203125,0.0203761755485893,0,0,0,0.0151975683890578,0,0.0191082802547771,0.0143769968051118,0,0,0,0,0.0125195618153365,0,0.00465116279069767,0,0.0138036809815951,0.0046583850931677,0.00947867298578199,0,0,0.0185758513931889,0.0175718849840256,0.0159744408945687,0,0,0.003125,0,0,0,0.0176848874598071,0.0157728706624606,0.00649350649350649,0.0186625194401244,0.0109546165884194,0,0.0154559505409583,0.00923076923076923,0.013719512195122,0.00618238021638331,0,0,0,0.0155038759689922,0.0161812297734628,0.0031201248049922,0,0,0,0.0062015503875969,0,0.0046875,0.00938967136150235,0.0138036809815951,0.0108864696734059,0,0.0167427701674277,0.00611620795107034,0,0.0157232704402516,0.0124416796267496,0,0,0,0.0138888888888889,0,0.016025641025641,0,0.0032520325203252,0,0.0186625194401244,0,0.0108191653786708,0,0.0174603174603175,0.0136986301369863,0,0
"68",0.00467289719626168,0.0126382306477093,0.0063391442155309,0.00788643533123028,0,0.0015552099533437,0.00158478605388273,0.00158730158730159,0.00159744408945687,0.00151745068285281,0.00155038759689922,0.00154320987654321,0.00152671755725191,0,0,0.0015600624024961,0,0.00153609831029186,0.00158227848101266,0,0.0015552099533437,0,0.00154320987654321,0,0.00149476831091181,0.00157728706624606,0,0.00161290322580645,0,0.00157977883096367,0.00161030595813205,0.00154320987654321,0,0.00150602409638554,0,0,0.00158478605388273,0.00151515151515152,0,0.00157728706624606,0.00154798761609907,0,0.00153374233128834,0.0015748031496063,0,0,0.00149476831091181,0.0121028744326778,0.013953488372093,0.00924499229583975,0.0062992125984252,0.987117552334944,0.157894736842105,0.316923076923077,0.858877086494689,0.989197530864197,0.973926380368098,0.80184331797235,0.838862559241706,0.976780185758514,0.972350230414747,0.97339593114241,0.979938271604938,0.8544,0.981566820276498,0.973478939157566,0.975077881619938,1,0.974643423137876,0.948031496062992,0.829754601226994,0.856481481481482,0.978021978021978,0.982866043613707,0.98310291858679,0.853125,0.970496894409938,0.879365079365079,0.850157728706625,0.97542242703533,0.726283048211509,0.976671850699845,0.855421686746988,0.98310291858679,0.98145285935085,0.977099236641221,0.976851851851852,0.846153846153846,0.976671850699845,0.844512195121951,0.979430379746835,0.978658536585366,0.911532385466035,0.838862559241706,0.976708074534162,0.933028919330289,0.0334394904458599,0,0,0,0,0.00958466453674121,0.0236593059936909,0.0140845070422535,0,0.00769230769230769,0,0,0.00159235668789809,0.00625,0.0327102803738318,0,0,0,0,0.032258064516129,0.0201863354037267,0,0,0.0241545893719807,0,0.0316455696202532,0,0.029595015576324,0,0,0,0.0358814352574103,0,0,0.0124416796267496,0.00789889415481832,0.0217729393468118,0,0.0208333333333333,0,0,0.0240384615384615,0.00154559505409583,0.0264797507788162,0.0232558139534884,0.0249221183800623,0,0,0,0,0,0.033175355450237,0,0.0123076923076923,0,0.0335365853658537,0.0110584518167457,0,0,0.0306278713629403,0,0.00899550224887556,0,0,0.0295489891135303,0.0237717908082409,0,0,0,0.0280811232449298,0.0254777070063694,0,0,0,0.0242057488653555,0,0.0226904376012966,0.017515923566879,0,0,0,0,0.0188087774294671,0,0.0030441400304414,0,0.0214723926380368,0.00313971742543171,0.0299212598425197,0,0,0.0262751159196291,0.0250783699059561,0.021978021978022,0,0,0.00152439024390244,0,0,0,0.0401284109149278,0.0331230283911672,0.00634920634920635,0.0340030911901082,0.0325077399380805,0,0.0277777777777778,0.0106870229007634,0.0332829046898638,0.00460829493087558,0,0.0123839009287926,0,0.0244274809160305,0.0226171243941842,0.00153846153846154,0,0,0,0.00461538461538462,0,0.00310077519379845,0.00794912559618442,0.0363636363636364,0.0078125,0,0.0301204819277108,0.00604229607250755,0,0.0323101777059774,0.0249221183800623,0,0,0,0.0307692307692308,0,0.0226537216828479,0,0.00163398692810458,0,0.0323574730354391,0,0.0091324200913242,0,0.0316957210776545,0.0259146341463415,0,0
"69",0.0031104199066874,0.00637958532695375,0,0.00317460317460317,0.00956937799043062,0.0126984126984127,0.0173775671406003,0.014308426073132,0.0159744408945687,0.0138248847926267,0.014018691588785,0.0124610591900312,0.0127388535031847,0.0156739811912226,0.0124031007751938,0.0130718954248366,0.0128,0.0108527131782946,0.0096,0.0159744408945687,0.0111287758346582,0.00319488817891374,0.00775193798449612,0.0160513643659711,0.0154798761609907,0.0129032258064516,0.0156494522691706,0.0130293159609121,0.0124223602484472,0.016,0.0132890365448505,0.0141955835962145,0.015552099533437,0.0125786163522013,0.0156494522691706,0.0139318885448916,0.0112721417069243,0.0125786163522013,0.0141065830721003,0.0196399345335516,0.0172684458398744,0.0139103554868624,0.0141732283464567,0.014446227929374,0.0110236220472441,0.0176565008025682,0.0137825421133231,0.00614439324116743,0.00637958532695375,0.00314465408805031,0.00315457413249211,0.977049180327869,0.153846153846154,0.309707241910632,0.886115444617785,0.984101748807631,0.99375,0.800312012480499,0.855987055016181,0.987341772151899,0.990639625585023,0.992101105845182,0.985483870967742,0.876404494382023,0.987381703470032,0.987301587301587,0.992076069730586,0.974643423137876,1,0.974317817014446,0.833597464342314,0.881889763779528,0.985245901639344,0.991935483870968,0.989147286821705,0.881516587677725,0.993630573248408,0.903328050713154,0.85828025477707,0.982839313572543,0.733333333333333,0.984025559105431,0.881619937694704,0.99375,0.987281399046105,0.981538461538462,0.981279251170047,0.857142857142857,0.990445859872611,0.853125,0.982171799027553,0.981424148606811,0.927215189873418,0.834670947030498,0.980582524271845,0.960876369327074,0.0177705977382876,0,0,0,0.00155763239875389,0.0111111111111111,0.0209003215434084,0.0128410914927769,0,0.0108864696734059,0.0016,0.0015748031496063,0.00483870967741936,0.00941915227629513,0.0187793427230047,0.00165289256198347,0,0.00159744408945687,0,0.0172955974842767,0.0171875,0,0.0016,0.0210355987055016,0,0.0175718849840256,0,0.014308426073132,0,0,0.00154559505409583,0.0221870047543582,0.0015748031496063,0.00154320987654321,0.0126182965299685,0.00802568218298555,0.0174880763116057,0,0.0164744645799012,0,0.00154559505409583,0.0176848874598071,0.00471698113207547,0.0125786163522013,0.0187793427230047,0.023696682464455,0,0,0,0,0,0.0209003215434084,0.0015625,0.0126182965299685,0,0.01875,0.0110584518167457,0.00155763239875389,0.00155763239875389,0.0140625,0.00160771704180064,0.00923076923076923,0.00156985871271586,0.00158478605388273,0.0142405063291139,0.0159489633173844,0,0,0,0.0236593059936909,0.0225806451612903,0,0,0,0.0169491525423729,0,0.0214168039538715,0.0163934426229508,0.00163934426229508,0,0,0.00162866449511401,0.0160513643659711,0.00155763239875389,0.00625,0.00153374233128834,0.0186625194401244,0.00469483568075117,0.012779552715655,0.0016025641025641,0,0.0237341772151899,0.0227642276422764,0.0193861066235864,0,0,0.00318471337579618,0,0.00158227848101266,0,0.0206349206349206,0.0193236714975845,0.00662251655629139,0.0206022187004754,0.0156739811912226,0.00157232704402516,0.0186046511627907,0.00925925925925926,0.0168195718654434,0.00773993808049536,0.00159744408945687,0.00156985871271586,0,0.0201863354037267,0.0191693290734824,0.00314465408805031,0,0,0.00157232704402516,0.00630914826498423,0.00158227848101266,0.00644122383252818,0.0095389507154213,0.018348623853211,0.0109204368174727,0.00160513643659711,0.0184049079754601,0.00773993808049536,0.00162074554294976,0.0193861066235864,0.0169491525423729,0.0016260162601626,0.00157232704402516,0.00158478605388273,0.0168711656441718,0,0.019047619047619,0,0.00492610837438424,0,0.0192307692307692,0.0016,0.0110584518167457,0.00162074554294976,0.0192616372391653,0.0154083204930663,0,0.0015748031496063
"70",0.00317965023847377,0.00477707006369427,0,0.0032,0.0146341463414634,0.0158730158730159,0.0194489465153971,0.0163934426229508,0.0179738562091503,0.0205371248025276,0.0193548387096774,0.0177705977382876,0.0146579804560261,0.0173228346456693,0.0144230769230769,0.0128824476650564,0.0130932896890344,0.0156494522691706,0.0114192495921697,0.016366612111293,0.0127591706539075,0.00813008130081301,0.0109034267912773,0.017741935483871,0.0189873417721519,0.0177705977382876,0.0174603174603175,0.0149750415973378,0.0138036809815951,0.0208667736757624,0.016750418760469,0.0142857142857143,0.0172955974842767,0.0124804992199688,0.0146818923327896,0.0188976377952756,0.0161030595813204,0.0141509433962264,0.0190779014308426,0.0209677419354839,0.0192926045016077,0.0156739811912226,0.0173228346456693,0.0179445350734095,0.016,0.0179738562091503,0.0154559505409583,0.00462962962962963,0.00477707006369427,0.00156985871271586,0.0016260162601626,0.952224052718287,0.188498402555911,0.349683544303797,0.91025641025641,0.957792207792208,0.977952755905512,0.833070866141732,0.898858075040783,0.975728155339806,0.982539682539682,0.967845659163987,0.9728,0.905691056910569,0.971291866028708,0.975806451612903,0.965079365079365,0.948031496062992,0.974317817014446,1,0.875202593192869,0.899676375404531,0.967741935483871,0.967845659163987,0.96875,0.913875598086124,0.972536348949919,0.941653160453809,0.89016393442623,0.963665086887836,0.762738853503185,0.967689822294023,0.916535433070866,0.969404186795491,0.9712,0.963949843260188,0.963317384370016,0.896103896103896,0.971246006389776,0.8921875,0.968903436988543,0.965244865718799,0.935691318327974,0.883116883116883,0.974151857835218,0.938582677165354,0.016260162601626,0.00159744408945687,0.00156739811912226,0.00160771704180064,0.0015600624024961,0.00814332247557003,0.0175438596491228,0.00805152979066022,0,0.00797448165869218,0.00161812297734628,0,0.0032520325203252,0.00635930047694754,0.0159235668789809,0.00165837479270315,0.00159744408945687,0.00161550888529887,0.00162337662337662,0.014446227929374,0.0126382306477093,0.0015220700152207,0.00158982511923688,0.0180327868852459,0.00161290322580645,0.0147299509001637,0.0016,0.0129449838187702,0.00159235668789809,0.00161550888529887,0,0.0191082802547771,0.00158227848101266,0.00156739811912226,0.00972447325769854,0.00798722044728434,0.0128824476650564,0.00153374233128834,0.0130081300813008,0,0.00157232704402516,0.014827018121911,0.00316455696202532,0.00958466453674121,0.0144694533762058,0.018957345971564,0.00158227848101266,0.00161550888529887,0.00155763239875389,0.00158982511923688,0.00156739811912226,0.0194489465153971,0.0015748031496063,0.0094488188976378,0.00158982511923688,0.0175718849840256,0.00809061488673139,0.00158982511923688,0,0.0144927536231884,0.0016260162601626,0.00765696784073507,0.00161550888529887,0.00157977883096367,0.0111642743221691,0.0128410914927769,0.00156739811912226,0,0,0.0194489465153971,0.0182119205298013,0.00163132137030995,0.00159744408945687,0.0015748031496063,0.0125984251968504,0.0015748031496063,0.0165016501650165,0.0115131578947368,0,0.00159489633173844,0,0.00163934426229508,0.011437908496732,0,0.0063391442155309,0,0.0140405616224649,0.00476947535771065,0.00970873786407767,0,0.0016260162601626,0.0189873417721519,0.0182421227197347,0.0144230769230769,0.00155763239875389,0.00154320987654321,0.00470219435736677,0.00158730158730159,0.00158478605388273,0.00164473684210526,0.0179738562091503,0.016366612111293,0.00494233937397035,0.0177705977382876,0.0144927536231884,0.00159744408945687,0.0173228346456693,0.00783699059561128,0.015748031496063,0.0064,0.00162074554294976,0.00158982511923688,0.0015600624024961,0.0170807453416149,0.016366612111293,0.00318471337579618,0.00164744645799012,0.00156739811912226,0.00157977883096367,0.00470219435736677,0.00159744408945687,0.00477707006369427,0.00807754442649435,0.0157232704402516,0.00793650793650794,0,0.015552099533437,0.0046656298600311,0.00163934426229508,0.014827018121911,0.014446227929374,0.00166666666666667,0.00162074554294976,0.00158478605388273,0.014308426073132,0.00157977883096367,0.0163934426229508,0.0015748031496063,0.00325732899022801,0.00159235668789809,0.0160513643659711,0.00160513643659711,0.00950871632329636,0.0016366612111293,0.0163132137030995,0.0141287284144427,0.0015625,0.00158730158730159
"71",0,0,0,0,0.0046875,0.00306748466257669,0.00635930047694754,0.00477707006369427,0.00473186119873817,0.00459418070444104,0.00470219435736677,0.00615384615384615,0.00315457413249211,0.00611620795107034,0.0046656298600311,0.00485436893203883,0.00474683544303797,0.00462962962962963,0.00161290322580645,0.00625978090766823,0.00310077519379845,0.00315955766192733,0.00154320987654321,0.00627943485086342,0.0062111801242236,0.00635930047694754,0.00617283950617284,0.00484652665589661,0.00457317073170732,0.00628930817610063,0.00494233937397035,0.00310077519379845,0.00463678516228748,0.00310077519379845,0.00311526479750779,0.00305810397553517,0.00157232704402516,0.00470219435736677,0.00474683544303797,0.00638977635782748,0.00458715596330275,0.00301659125188537,0.0046656298600311,0.00475435816164818,0.00309119010819165,0.004739336492891,0.00451807228915663,0,0,0,0,0.845410628019324,0.327102803738318,0.476117103235747,0.953560371517028,0.821484992101106,0.852713178294574,0.925696594427245,0.973058637083994,0.841194968553459,0.856920684292379,0.862714508580343,0.832807570977918,0.959546925566343,0.836193447737909,0.849056603773585,0.833850931677019,0.829754601226994,0.833597464342314,0.875202593192869,1,0.957746478873239,0.836767036450079,0.835703001579779,0.838006230529595,0.948995363214838,0.8528,0.931192660550459,0.9648,0.824961948249619,0.913312693498452,0.84044233807267,0.951293759512938,0.830745341614907,0.838212634822804,0.836140888208269,0.843558282208589,0.968944099378882,0.832543443917852,1,0.850793650793651,0.841221374045802,0.917591125198098,1,0.848726114649682,0.88,0,0.0205696202531646,0.0245775729646697,0.0316957210776545,0.0093167701863354,0,0,0,0.0267716535433071,0,0.00789889415481832,0.0062015503875969,0,0,0,0.0032626427406199,0.0301204819277108,0.00797448165869218,0.0175718849840256,0,0,0.0314842578710645,0.0078740157480315,0,0.0271565495207668,0,0.0264797507788162,0,0.0284810126582278,0.0188976377952756,0.00449775112443778,0,0.0093603744149766,0.00460122699386503,0,0.00789889415481832,0,0.0285285285285285,0,0.0290964777947933,0.00770416024653313,0,0.0126382306477093,0.00155038759689922,0,0,0.031104199066874,0.00634920634920635,0.015552099533437,0.0231481481481481,0.0231124807395994,0,0.00778816199376947,0,0.0302066772655008,0,0,0.00921658986175115,0.0046801872074883,0,0.00646203554119548,0,0.0126382306477093,0.00609756097560976,0,0,0.0062111801242236,0.0301587301587302,0.0243531202435312,0,0,0.0256821829855538,0.0263565891472868,0.0280811232449298,0,0.0340557275541796,0,0,0.0128,0.0324574961360124,0.00467289719626168,0.0064,0,0.00615384615384615,0.00309119010819165,0.00451127819548872,0,0,0,0.0141509433962264,0.0253968253968254,0,0,0,0.0338983050847458,0.0320121951219512,0.0030441400304414,0.0261538461538462,0.0153846153846154,0.0382165605095541,0,0,0,0,0,0.0108527131782946,0,0,0,0,0.00473186119873817,0.009375,0.0398773006134969,0,0,0.0200927357032458,0.0340356564019449,0.0077639751552795,0.00625,0.0015527950310559,0.0094488188976378,0.00158478605388273,0,0,0,0.00476190476190476,0,0,0.00483091787439614,0,0,0.00464396284829721,0.0062015503875969,0.00615384615384615,0,0.032967032967033,0,0.032258064516129,0.0128824476650564,0.00778816199376947,0,0.00782472613458529,0,0.0063391442155309,0,0,0.0290964777947933,0.0174050632911392
"72",0.00311526479750779,0.00626959247648903,0,0.00315457413249211,0.00947867298578199,0.0138461538461538,0.014308426073132,0.0159744408945687,0.0154320987654321,0.0138674884437596,0.0124416796267496,0.0125195618153365,0.013953488372093,0.0140625,0.0123076923076923,0.0142630744849445,0.0126182965299685,0.0121396054628225,0.0110935023771791,0.0126984126984127,0.0108024691358025,0.00634920634920635,0.0107858243451464,0.0143312101910828,0.0154083204930663,0.0126782884310618,0.0140845070422535,0.0147783251231527,0.00900900900900901,0.0174880763116057,0.0114566284779051,0.0124416796267496,0.0166919575113809,0.0108695652173913,0.0125391849529781,0.0137404580152672,0.0111821086261981,0.0139103554868624,0.015527950310559,0.0175438596491228,0.0186335403726708,0.0138248847926267,0.0153846153846154,0.015527950310559,0.0109034267912773,0.0172955974842767,0.0136986301369863,0.00602409638554217,0.00630914826498423,0.0031055900621118,0.00317460317460317,0.875202593192869,0.271875,0.44375,0.978294573643411,0.874015748031496,0.89618320610687,0.939907550077042,0.96594427244582,0.88135593220339,0.900928792569659,0.8890625,0.884012539184953,0.977848101265823,0.880804953560371,0.890965732087227,0.879120879120879,0.856481481481482,0.881889763779528,0.899676375404531,0.957746478873239,1,0.88503937007874,0.874804381846635,0.872503840245776,0.979397781299525,0.893819334389857,0.963893249607535,0.966613672496025,0.875192604006163,0.879310344827586,0.885400313971743,0.978494623655914,0.877708978328173,0.87673343605547,0.882896764252696,0.884969325153374,0.963549920760697,0.8765625,0.963246554364472,0.892455858747994,0.879756468797565,0.94770206022187,0.970172684458399,0.882629107981221,0.927692307692308,0.0156985871271586,0.004739336492891,0.00153846153846154,0.00967741935483871,0,0.00802568218298555,0.015527950310559,0.00946372239747634,0.00786163522012579,0.00782472613458529,0,0,0.00158227848101266,0.00622083981337481,0.0155763239875389,0,0.00778816199376947,0,0.00158730158730159,0.0140845070422535,0.0122887864823349,0.00451807228915663,0,0.0174880763116057,0.00803858520900321,0.0142405063291139,0.00314465408805031,0.0108024691358025,0.00462962962962963,0.00474683544303797,0,0.0187793427230047,0,0,0.00941915227629513,0.00628930817610063,0.014218009478673,0.00599700149925037,0.0130081300813008,0.00467289719626168,0,0.0144230769230769,0.0031201248049922,0.0125,0.0141065830721003,0.0187207488299532,0.00471698113207547,0,0.0046583850931677,0.00463678516228748,0.00604229607250755,0.0172143974960876,0,0.00933125972006221,0.00476947535771065,0.0152671755725191,0.0093167701863354,0,0,0.0108527131782946,0,0.00754147812971342,0,0,0.0109375,0.0125984251968504,0,0.00946372239747634,0,0.0189274447949527,0.0172684458398744,0.00632911392405063,0.0062992125984252,0.00315457413249211,0.013719512195122,0.00617283950617284,0.0160771704180064,0.010989010989011,0.00161030595813205,0.00463678516228748,0,0,0.0127591706539075,0,0.0031055900621118,0,0.0152905198776758,0.00315457413249211,0.0110410094637224,0.00156739811912226,0.00156494522691706,0.0185185185185185,0.0175438596491228,0.0157977883096366,0.00925925925925926,0.00612557427258806,0.00154798761609907,0.00309119010819165,0.00310077519379845,0.00474683544303797,0.019047619047619,0.0172955974842767,0.00644122383252818,0.0188087774294671,0.0126382306477093,0,0.0154320987654321,0.00775193798449612,0.0138248847926267,0.00464396284829721,0,0.0015625,0.0060882800608828,0.0152439024390244,0.0158227848101266,0.0062111801242236,0.0048780487804878,0,0,0.0046801872074883,0,0.0031496062992126,0.00789889415481832,0.0166163141993958,0.00777604976671851,0,0.0149700598802395,0.00614439324116743,0,0.0144694533762058,0.0138674884437596,0,0,0,0.0155763239875389,0.00623052959501558,0.016025641025641,0.0061633281972265,0.00328407224958949,0,0.0155763239875389,0,0.00933125972006221,0,0.0158227848101266,0.0138036809815951,0.0045662100456621,0.00158982511923688
"73",0.00157728706624606,0.00475435816164818,0.00160771704180064,0.00160513643659711,0.0144694533762058,0.0175438596491228,0.0178282009724473,0.0178861788617886,0.0207336523125997,0.0186625194401244,0.0189873417721519,0.0170542635658915,0.0159489633173844,0.0188087774294671,0.0157232704402516,0.0145161290322581,0.0145161290322581,0.0188383045525903,0.011400651465798,0.0177993527508091,0.0141955835962145,0.00802568218298555,0.00925925925925926,0.0196399345335516,0.0184615384615385,0.0176848874598071,0.0189873417721519,0.0183028286189684,0.0139968895800933,0.0229132569558101,0.0164473684210526,0.0159235668789809,0.0204081632653061,0.015600624024961,0.0159489633173844,0.0202492211838006,0.014218009478673,0.0142630744849445,0.0225442834138486,0.0228758169934641,0.0207667731629393,0.0170278637770898,0.0187207488299532,0.0192616372391653,0.0173501577287066,0.0192616372391653,0.0185758513931889,0.00459418070444104,0.00476947535771065,0.0046875,0.00486223662884927,0.983606557377049,0.165341812400636,0.325471698113208,0.881435257410296,0.990415335463259,0.990580847723705,0.817322834645669,0.865695792880259,1,0.990536277602524,0.979233226837061,1,0.877388535031847,1,0.998420221169036,0.990445859872611,0.978021978021978,0.985245901639344,0.967741935483871,0.836767036450079,0.88503937007874,1,1,0.99375,0.872813990461049,0.991909385113269,0.905511811023622,0.853181076672104,1,0.738437001594896,1,0.883435582822086,0.990476190476191,1,0.998463901689708,1,0.868852459016393,1,0.855140186915888,0.998405103668262,0.998442367601246,0.917065390749601,0.856682769726248,0.998389694041868,0.951486697965571,0.0143312101910828,0,0,0,0,0.00651465798045603,0.0143769968051118,0.00958466453674121,0,0.00632911392405063,0,0,0.00324149108589951,0.00630914826498423,0.0158478605388273,0,0,0,0,0.0139968895800933,0.0109204368174727,0,0,0.0145867098865478,0,0.0147058823529412,0,0.0113268608414239,0,0,0,0.016025641025641,0,0,0.00803858520900321,0.00476947535771065,0.00958466453674121,0,0.0113821138211382,0,0,0.00983606557377049,0.00157728706624606,0.00941915227629513,0.0126582278481013,0.0172684458398744,0,0,0,0,0,0.0162337662337662,0,0.00783699059561128,0,0.0156985871271586,0.0095389507154213,0,0,0.00947867298578199,0,0.0061633281972265,0,0,0.0111287758346582,0.0129032258064516,0,0,0,0.0173501577287066,0.0161550888529887,0,0,0,0.0107858243451464,0,0.0132890365448505,0.0111642743221691,0,0,0,0,0.00972447325769854,0,0.00471698113207547,0,0.012326656394453,0.00470957613814757,0.00805152979066022,0,0,0.0157977883096366,0.0145867098865478,0.0128205128205128,0,0,0.0031496062992126,0,0,0,0.0175438596491228,0.0176565008025682,0.0048780487804878,0.0159489633173844,0.0096,0,0.0157728706624606,0.00778816199376947,0.0138461538461538,0.00471698113207547,0,0,0,0.0141287284144427,0.0147783251231527,0.00156739811912226,0,0,0,0.0062992125984252,0,0.0048,0.00647249190938511,0.0138461538461538,0.0078740157480315,0,0.014018691588785,0.00307219662058372,0,0.0145161290322581,0.0126984126984127,0,0,0,0.0126382306477093,0,0.0130293159609121,0,0.00165289256198347,0,0.0143540669856459,0,0.00792393026941363,0,0.0145395799676898,0.0124416796267496,0,0
"74",0.00310077519379845,0.00638977635782748,0.0016,0.00322061191626409,0.0126782884310618,0.0185471406491499,0.0176,0.0192616372391653,0.0206677265500795,0.0170807453416149,0.017515923566879,0.0170807453416149,0.0159489633173844,0.0187793427230047,0.0156739811912226,0.0158227848101266,0.0146579804560261,0.0172143974960876,0.0144230769230769,0.0176565008025682,0.0171606864274571,0.00632911392405063,0.00933125972006221,0.0193548387096774,0.0185471406491499,0.0157977883096366,0.0185758513931889,0.0181818181818182,0.0167427701674277,0.0207667731629393,0.0181518151815182,0.0157232704402516,0.0186335403726708,0.0155763239875389,0.0173501577287066,0.0200308166409861,0.0143540669856459,0.0153139356814701,0.0188383045525903,0.0226904376012966,0.0204724409448819,0.0170542635658915,0.0171875,0.0159744408945687,0.0172684458398744,0.0193548387096774,0.0197869101978691,0.0061633281972265,0.0062992125984252,0.0046875,0.00480769230769231,0.983579638752053,0.158059467918623,0.313084112149533,0.883830455259027,0.992163009404389,0.992175273865415,0.807511737089202,0.863924050632911,1,0.993808049535604,0.983922829581994,0.9984375,0.87741935483871,1,1,0.993710691823899,0.982866043613707,0.991935483870968,0.967845659163987,0.835703001579779,0.874804381846635,1,1,0.995348837209302,0.876777251184834,0.990476190476191,0.903937007874016,0.859450726978998,0.998430141287284,0.730708661417323,1,0.879756468797565,0.996875,1,0.996908809891808,0.998454404945904,0.867834394904459,1,0.852307692307692,0.995192307692308,0.995426829268293,0.921383647798742,0.847860538827258,0.996820349761526,0.954128440366973,0.0158730158730159,0,0,0,0,0.00807754442649435,0.0125391849529781,0.00952380952380952,0,0.00470219435736677,0,0,0.00161290322580645,0.00478468899521531,0.0156985871271586,0,0,0,0,0.015600624024961,0.0127186009538951,0,0,0.0146103896103896,0,0.0142857142857143,0,0.0110759493670886,0,0,0,0.0170015455950541,0,0,0.00797448165869218,0.00796178343949045,0.0142857142857143,0,0.0130718954248366,0,0,0.013136288998358,0.00156494522691706,0.0110935023771791,0.0157232704402516,0.01743264659271,0,0,0,0,0,0.0176848874598071,0,0.00784929356357928,0,0.0171875,0.00950871632329636,0,0,0.0126582278481013,0,0.00618238021638331,0,0,0.0142405063291139,0.0128617363344051,0,0,0,0.0188679245283019,0.0174880763116057,0,0,0,0.0154083204930663,0,0.0144694533762058,0.0111642743221691,0,0,0,0,0.0125588697017268,0,0.0031496062992126,0,0.015625,0.00315457413249211,0.0113821138211382,0,0,0.0173501577287066,0.0162337662337662,0.0159235668789809,0,0,0.00153609831029186,0,0,0,0.0175718849840256,0.0159235668789809,0.00644122383252818,0.0186915887850467,0.0111111111111111,0,0.0172143974960876,0.00782472613458529,0.012326656394453,0.00311526479750779,0,0,0,0.0154559505409583,0.0145161290322581,0.0031055900621118,0,0,0,0.00469483568075117,0,0.00321543408360129,0.00473186119873817,0.0153846153846154,0.00794912559618442,0,0.015527950310559,0.00308166409861325,0,0.0163398692810458,0.0126984126984127,0,0,0,0.0124804992199688,0,0.012779552715655,0,0.00164744645799012,0,0.0171875,0,0.00792393026941363,0,0.0159744408945687,0.013953488372093,0,0
"75",0.00306278713629403,0.00467289719626168,0.00158478605388273,0.0031104199066874,0.0125,0.0138036809815951,0.0154559505409583,0.0142857142857143,0.0143769968051118,0.0165413533834586,0.0154559505409583,0.0139103554868624,0.0124416796267496,0.016793893129771,0.0124223602484472,0.0126382306477093,0.0140405616224649,0.0136363636363636,0.00798722044728434,0.0139968895800933,0.00923076923076923,0.00467289719626168,0.00755287009063444,0.0142630744849445,0.0151515151515152,0.0141955835962145,0.0137614678899083,0.0145161290322581,0.0134128166915052,0.0154798761609907,0.0128617363344051,0.0108527131782946,0.0137404580152672,0.0122887864823349,0.0125391849529781,0.0149925037481259,0.0125984251968504,0.0121212121212121,0.015527950310559,0.019047619047619,0.0166919575113809,0.013595166163142,0.0152671755725191,0.014218009478673,0.0123456790123457,0.0141732283464567,0.0120481927710843,0.00449775112443778,0.00470219435736677,0.00303030303030303,0.00317460317460317,0.9888,0.166666666666667,0.313253012048193,0.878274268104777,0.993740219092332,0.986259541984733,0.804314329738058,0.862284820031299,0.993779160186625,0.984615384615385,0.984375,0.993779160186625,0.869905956112853,0.99390243902439,0.990580847723705,0.99075500770416,0.98310291858679,0.989147286821705,0.96875,0.838006230529595,0.872503840245776,0.99375,0.995348837209302,1,0.870917573872473,0.98755832037325,0.900630914826498,0.856687898089172,0.992354740061162,0.727975270479134,0.992138364779874,0.875379939209726,0.992331288343558,0.996946564885496,0.990811638591118,0.990769230769231,0.864274570982839,0.992248062015504,0.853881278538813,0.993740219092332,0.992412746585736,0.918711656441718,0.851330203442879,0.990551181102362,0.949924127465857,0.0124031007751938,0,0,0,0,0.00789889415481832,0.0140625,0.0139968895800933,0,0.00910470409711684,0,0,0.00632911392405063,0.00772797527047913,0.0123647604327666,0.00317965023847377,0,0,0,0.0138888888888889,0.0124031007751938,0,0.00470957613814757,0.0174880763116057,0,0.0109375,0,0.0078003120124805,0,0,0,0.0141065830721003,0,0,0.0122324159021407,0.00623052959501558,0.0124804992199688,0,0.0126382306477093,0,0,0.0125984251968504,0.00463678516228748,0.00928792569659443,0.0137825421133231,0.0185471406491499,0,0,0,0,0,0.015748031496063,0.00153609831029186,0.0138248847926267,0,0.0153139356814701,0.0109375,0,0,0.00928792569659443,0,0.00601503759398496,0,0,0.010752688172043,0.0125,0,0,0,0.0184899845916795,0.018957345971564,0,0,0,0.0135542168674699,0,0.016,0.0126582278481013,0,0,0.00461538461538462,0.00157977883096367,0.0110062893081761,0,0.0076103500761035,0.00150602409638554,0.0167427701674277,0.00771604938271605,0.00789889415481832,0,0,0.015552099533437,0.01743264659271,0.0157232704402516,0,0,0.00605143721633888,0,0,0,0.015748031496063,0.014308426073132,0.00632911392405063,0.0138888888888889,0.00765696784073507,0,0.0151515151515152,0.0106544901065449,0.0121028744326778,0.00753012048192771,0,0,0,0.0151515151515152,0.0110410094637224,0.0015220700152207,0,0,0,0.00770416024653313,0,0.00630914826498423,0.00927357032457496,0.0119760479041916,0.00770416024653313,0,0.0137404580152672,0.0075642965204236,0.00318979266347687,0.014446227929374,0.00923076923076923,0,0.00461538461538462,0,0.0109204368174727,0,0.0158730158730159,0,0.00483870967741936,0,0.0124031007751938,0.00309119010819165,0.0108527131782946,0,0.0140845070422535,0.0123839009287926,0,0
"76",0.0031496062992126,0.00632911392405063,0.00159235668789809,0.00317965023847377,0.0125786163522013,0.015527950310559,0.0159235668789809,0.0144927536231884,0.0189274447949527,0.013953488372093,0.0156985871271586,0.015748031496063,0.0143312101910828,0.0167682926829268,0.014018691588785,0.0126984126984127,0.0125786163522013,0.0139751552795031,0.00950871632329636,0.0159744408945687,0.014018691588785,0.0063391442155309,0.00783699059561128,0.0174050632911392,0.015527950310559,0.0158982511923688,0.0157728706624606,0.0177133655394525,0.0139318885448916,0.0190174326465927,0.015025041736227,0.014308426073132,0.0171073094867807,0.0154559505409583,0.0158478605388273,0.0169491525423729,0.0111464968152866,0.0108191653786708,0.0171073094867807,0.0211726384364821,0.0173228346456693,0.0137825421133231,0.015552099533437,0.0144694533762058,0.0154798761609907,0.0159489633173844,0.0166414523449319,0.00602409638554217,0.00638977635782748,0.00315955766192733,0.00319488817891374,0.868852459016393,0.274725274725275,0.440494590417311,0.990639625585023,0.865814696485623,0.901743264659271,0.91588785046729,0.976152623211447,0.881877022653722,0.902476780185758,0.893081761006289,0.881889763779528,0.99194847020934,0.89010989010989,0.894154818325434,0.876971608832808,0.853125,0.881516587677725,0.913875598086124,0.948995363214838,0.979397781299525,0.872813990461049,0.876777251184834,0.870917573872473,1,0.898412698412698,0.985668789808917,0.968,0.872841444270016,0.8609375,0.8890625,0.995363214837713,0.88390092879257,0.882445141065831,0.87673343605547,0.88125,0.977777777777778,0.883572567783094,0.955725190839695,0.886942675159236,0.882170542635659,0.9552,0.954983922829582,0.885532591414944,0.926380368098159,0.0144,0.00158478605388273,0.00154083204930663,0.00161030595813205,0.00157232704402516,0.008,0.0156985871271586,0.00628930817610063,0,0.00476947535771065,0.00156985871271586,0,0.00161550888529887,0.00315955766192733,0.0124223602484472,0.00162866449511401,0.00158730158730159,0.00159489633173844,0.00160513643659711,0.0125984251968504,0.010989010989011,0.00152671755725191,0.0016,0.0160771704180064,0.00160513643659711,0.0141955835962145,0.00157232704402516,0.00947867298578199,0.00158227848101266,0.00157728706624606,0,0.0156494522691706,0.00156494522691706,0.00153139356814701,0.0078125,0.00634920634920635,0.0126984126984127,0.00152439024390244,0.0110759493670886,0,0.0015552099533437,0.0129449838187702,0.00476947535771065,0.00632911392405063,0.0156985871271586,0.0187793427230047,0.00155038759689922,0.0016025641025641,0.0015600624024961,0.00156494522691706,0.00154559505409583,0.0177133655394525,0.00154083204930663,0.00772797527047913,0.0015625,0.0154320987654321,0.0046801872074883,0.00155763239875389,0,0.014218009478673,0.0016025641025641,0.00461538461538462,0.0016,0.00157728706624606,0.00946372239747634,0.014218009478673,0.00155763239875389,0,0,0.018957345971564,0.0172955974842767,0.00161290322580645,0.00156739811912226,0.0015600624024961,0.0138888888888889,0.00156739811912226,0.0147058823529412,0.0112359550561798,0,0.00157728706624606,0,0.00161550888529887,0.0112721417069243,0,0.0031201248049922,0,0.0140625,0.0015552099533437,0.00972447325769854,0,0.00159744408945687,0.0170015455950541,0.0160771704180064,0.0128824476650564,0.00154559505409583,0.00153374233128834,0.00306748466257669,0.0015600624024961,0.00154320987654321,0.0016260162601626,0.0161290322580645,0.014308426073132,0.00326797385620915,0.0157232704402516,0.0125,0.00158478605388273,0.0153139356814701,0.0046583850931677,0.0154559505409583,0.00309597523219814,0.00157977883096367,0.0015527950310559,0.00310077519379845,0.0154320987654321,0.012779552715655,0.00313971742543171,0.0016260162601626,0.00155038759689922,0.00154320987654321,0.0015527950310559,0.00157728706624606,0.00157728706624606,0.00469483568075117,0.0122137404580153,0.00635930047694754,0,0.0152905198776758,0.00309119010819165,0.00159235668789809,0.0162337662337662,0.0123647604327666,0.00159235668789809,0.00157232704402516,0.00157728706624606,0.0124223602484472,0.00157977883096367,0.0144694533762058,0.00156739811912226,0.0048780487804878,0.00154559505409583,0.0140625,0.0015625,0.00626959247648903,0.00157977883096367,0.0140845070422535,0.0123839009287926,0.00154559505409583,0.00156739811912226
"77",0.00315457413249211,0.00789889415481832,0.00162074554294976,0.00322061191626409,0.0159744408945687,0.019047619047619,0.019047619047619,0.0191693290734824,0.0193236714975845,0.0186915887850467,0.0174880763116057,0.0208,0.0175438596491228,0.0200617283950617,0.0141287284144427,0.0160513643659711,0.0161290322580645,0.0171073094867807,0.0143312101910828,0.0176565008025682,0.0139751552795031,0.00642054574638844,0.0093603744149766,0.0192926045016077,0.0202492211838006,0.0192,0.018957345971564,0.0164473684210526,0.0155038759689922,0.022508038585209,0.0180032733224223,0.015748031496063,0.0188087774294671,0.0158730158730159,0.0159489633173844,0.0185185185185185,0.0143769968051118,0.0141732283464567,0.0189873417721519,0.0226904376012966,0.0203125,0.0182926829268293,0.01743264659271,0.016,0.0158227848101266,0.0191082802547771,0.0168970814132104,0.00770416024653313,0.00807754442649435,0.00471698113207547,0.00480769230769231,0.978547854785479,0.152037617554859,0.319685039370079,0.890453834115806,0.982142857142857,1,0.818325434439178,0.878048780487805,0.990476190476191,0.998425196850394,0.990506329113924,0.993640699523052,0.88961038961039,0.993710691823899,0.993670886075949,0.995192307692308,0.970496894409938,0.993630573248408,0.972536348949919,0.8528,0.893819334389857,0.991909385113269,0.990476190476191,0.98755832037325,0.898412698412698,1,0.92,0.877221324717286,0.992050874403816,0.748019017432647,0.992050874403816,0.892690513219285,0.992223950233281,0.9904,0.993730407523511,0.99211356466877,0.879365079365079,0.995153473344103,0.865414710485133,0.988727858293076,0.990712074303406,0.928,0.853269537480064,0.990369181380417,0.970266040688576,0.0145161290322581,0,0,0,0,0.00813008130081301,0.016,0.00645161290322581,0,0.00630914826498423,0,0,0.00164203612479475,0.00483870967741936,0.0125786163522013,0,0,0,0,0.0127591706539075,0.0109375,0,0,0.0163934426229508,0,0.0146103896103896,0,0.00963081861958266,0,0,0,0.0160513643659711,0,0,0.00632911392405063,0.00321543408360129,0.0127591706539075,0,0.0113636363636364,0,0,0.0131147540983607,0.00157728706624606,0.00801282051282051,0.016,0.019047619047619,0,0,0,0,0,0.016260162601626,0,0.00631911532385466,0,0.014218009478673,0.00484652665589661,0,0,0.014308426073132,0,0.00603318250377074,0,0,0.0112179487179487,0.0159744408945687,0,0,0,0.0191082802547771,0.0177133655394525,0,0,0,0.0155038759689922,0,0.0146818923327896,0.0112540192926045,0,0,0,0,0.011400651465798,0,0.0015600624024961,0,0.0141287284144427,0.00157232704402516,0.0113636363636364,0,0,0.0172413793103448,0.0178282009724473,0.0128824476650564,0,0,0.00157977883096367,0,0,0,0.0161812297734628,0.014308426073132,0.00327868852459016,0.0158730158730159,0.0142630744849445,0,0.0138888888888889,0.00311526479750779,0.0136363636363636,0.00308641975308642,0,0,0,0.0138888888888889,0.0130932896890344,0.00156985871271586,0,0,0,0.00309597523219814,0,0.00161030595813205,0.00630914826498423,0.0123839009287926,0.00635930047694754,0,0.0153846153846154,0.00462249614791988,0,0.0179445350734095,0.0125786163522013,0,0,0,0.0128,0,0.0129449838187702,0,0.00164473684210526,0,0.0145395799676898,0,0.00636942675159236,0,0.0161550888529887,0.0108359133126935,0,0
"78",0.00308166409861325,0.00631911532385466,0.0015748031496063,0.00322061191626409,0.012779552715655,0.015625,0.0191387559808612,0.0177133655394525,0.0175438596491228,0.0168970814132104,0.0158730158730159,0.0171875,0.016025641025641,0.0169753086419753,0.0124610591900312,0.0145631067961165,0.0144230769230769,0.0138036809815951,0.0142857142857143,0.0158478605388273,0.0139103554868624,0.00636942675159236,0.0108695652173913,0.0176,0.0185471406491499,0.0159235668789809,0.0170807453416149,0.0149501661129568,0.0123456790123457,0.0205696202531646,0.016260162601626,0.015527950310559,0.0187793427230047,0.0124610591900312,0.0158478605388273,0.0168453292496172,0.0143312101910828,0.014218009478673,0.0172684458398744,0.0213815789473684,0.020440251572327,0.0169753086419753,0.0153846153846154,0.0159744408945687,0.0140625,0.0201863354037267,0.0151285930408472,0.00599700149925037,0.00628930817610063,0.00313479623824451,0.00318979266347687,0.901771336553945,0.239567233384853,0.414483821263482,0.978193146417445,0.89622641509434,0.922018348623853,0.907120743034056,0.966292134831461,0.9136,0.925925925925926,0.903785488958991,0.909937888198758,0.972712680577849,0.910377358490566,0.9168,0.910216718266254,0.879365079365079,0.903328050713154,0.941653160453809,0.931192660550459,0.963893249607535,0.905511811023622,0.903937007874016,0.900630914826498,0.985668789808917,0.92,1,0.953301127214171,0.9015625,0.841521394611727,0.905660377358491,0.981651376146789,0.905572755417957,0.899068322981366,0.903726708074534,0.905511811023622,0.97092084006462,0.906050955414013,0.944186046511628,0.909235668789809,0.903374233128834,0.947115384615385,0.948356807511737,0.906050955414013,0.92093023255814,0.0140845070422535,0.0016,0.00154559505409583,0.00159489633173844,0.00309597523219814,0.00818330605564648,0.0157728706624606,0.00796178343949045,0,0.00626959247648903,0.00312989045383412,0.00156985871271586,0.00481540930979133,0.0062015503875969,0.014018691588785,0.00328407224958949,0.00155038759689922,0.00318979266347687,0.00158982511923688,0.0138036809815951,0.0125391849529781,0.00149700598802395,0.00311526479750779,0.0160513643659711,0.00161812297734628,0.0143540669856459,0.0015600624024961,0.0126984126984127,0.0015600624024961,0.00161290322580645,0.00151745068285281,0.0172413793103448,0.00316957210776545,0.00301204819277108,0.00940438871473354,0.00793650793650794,0.0143769968051118,0.00153374233128834,0.0113636363636364,0,0.00312989045383412,0.0128410914927769,0.00630914826498423,0.00775193798449612,0.0168453292496172,0.0202808112324493,0.00157977883096367,0.00157728706624606,0.00155763239875389,0.0015748031496063,0.00155763239875389,0.0193236714975845,0.00313479623824451,0.00928792569659443,0.00158730158730159,0.0171875,0.00630914826498423,0.00306278713629403,0.00154559505409583,0.0126382306477093,0.00323101777059774,0.00465116279069767,0.00318979266347687,0.00305810397553517,0.0110236220472441,0.0144694533762058,0.00154559505409583,0,0,0.020440251572327,0.0192616372391653,0.00160513643659711,0.00155038759689922,0.00159235668789809,0.0137825421133231,0.00151975683890578,0.0161550888529887,0.0129449838187702,0.00161550888529887,0.00154798761609907,0,0.0032,0.0127388535031847,0.0015527950310559,0.00615384615384615,0.00151057401812689,0.015527950310559,0.00313479623824451,0.00963081861958266,0.00156985871271586,0.00162337662337662,0.0186335403726708,0.0177133655394525,0.0144,0.00152439024390244,0.0015625,0.00462249614791988,0.00154559505409583,0.0031201248049922,0.00159489633173844,0.0174603174603175,0.01743264659271,0.00483870967741936,0.0172684458398744,0.0109034267912773,0.0031055900621118,0.0170807453416149,0.00765696784073507,0.0153374233128834,0.00475435816164818,0.00311526479750779,0.00311526479750779,0.00308166409861325,0.0183767228177642,0.0145631067961165,0.0031201248049922,0.00164744645799012,0.00154798761609907,0.00313479623824451,0.0031201248049922,0.00316957210776545,0.00476190476190476,0.00470219435736677,0.0136986301369863,0.0078125,0.0016025641025641,0.0169230769230769,0.00305810397553517,0.00322061191626409,0.0175718849840256,0.0139318885448916,0.0032,0.00316957210776545,0.00312989045383412,0.0124416796267496,0.0015748031496063,0.0161290322580645,0.00153609831029186,0.0065252854812398,0.00156739811912226,0.015625,0.0031104199066874,0.00628930817610063,0.00318979266347687,0.0158982511923688,0.0138036809815951,0.00154083204930663,0.0031201248049922
"79",0.00157728706624606,0.00324675324675325,0.00158730158730159,0.00161030595813205,0.00949367088607595,0.0110759493670886,0.0144,0.0146341463414634,0.0128410914927769,0.0126182965299685,0.0113452188006483,0.0112359550561798,0.0112903225806452,0.0125588697017268,0.00947867298578199,0.00806451612903226,0.00963081861958266,0.0109546165884194,0.00949367088607595,0.0112540192926045,0.00789889415481832,0.0032520325203252,0.00630914826498423,0.0112903225806452,0.0125391849529781,0.0126782884310618,0.0112179487179487,0.011744966442953,0.0109375,0.0162337662337662,0.0130932896890344,0.00963081861958266,0.0139968895800933,0.00950871632329636,0.011400651465798,0.0108695652173913,0.00815660685154975,0.010989010989011,0.0127186009538951,0.0164203612479475,0.0143540669856459,0.0110935023771791,0.0125984251968504,0.012987012987013,0.00789889415481832,0.0127186009538951,0.0124223602484472,0.00308166409861325,0.00326797385620915,0.00158982511923688,0.00159489633173844,0.852941176470588,0.294303797468354,0.449139280125196,0.982258064516129,0.850079744816587,0.876190476190476,0.933021806853583,0.99184339314845,0.861685214626391,0.872641509433962,0.881219903691814,0.848287112561175,0.978827361563518,0.856012658227848,0.86762360446571,0.852564102564103,0.850157728706625,0.85828025477707,0.89016393442623,0.9648,0.966613672496025,0.853181076672104,0.859450726978998,0.856687898089172,0.968,0.877221324717286,0.953301127214171,1,0.846875,0.883280757097792,0.856913183279743,0.975077881619938,0.861685214626391,0.854166666666667,0.842679127725857,0.853736089030207,0.983948635634029,0.859872611464968,0.970219435736677,0.859477124183007,0.850556438791733,0.962783171521036,0.976,0.86038961038961,0.895148669796557,0.00985221674876847,0.00638977635782748,0.00625978090766823,0.00636942675159236,0.0110759493670886,0.0033003300330033,0.00966183574879227,0.00318979266347687,0.00324149108589951,0.00802568218298555,0.00972447325769854,0.00949367088607595,0.00814332247557003,0.00950871632329636,0.00949367088607595,0.0114942528735632,0.00315955766192733,0.0128617363344051,0.00810372771474878,0.0111642743221691,0.0063391442155309,0.0060790273556231,0.0127388535031847,0.00986842105263158,0.00495867768595041,0.00967741935483871,0.00481540930979133,0.008,0.00474683544303797,0.00645161290322581,0.010752688172043,0.0113452188006483,0.0110759493670886,0.00941915227629513,0.00318471337579618,0.00650406504065041,0.00644122383252818,0.00622083981337481,0.00650406504065041,0.0031496062992126,0.0124610591900312,0.00819672131147541,0.0078125,0.00933125972006221,0.00952380952380952,0.0125588697017268,0.00623052959501558,0.00966183574879227,0.00642054574638844,0.00478468899521531,0.00467289719626168,0.0130293159609121,0.0128410914927769,0.00313971742543171,0.00480769230769231,0.0126984126984127,0.0032626427406199,0.0108024691358025,0.0062992125984252,0.00952380952380952,0.0099009900990099,0.00463678516228748,0.00796178343949045,0.00628930817610063,0.00797448165869218,0.00977198697068404,0.0094488188976378,0.00321543408360129,0.00631911532385466,0.0128617363344051,0.0114192495921697,0.00161812297734628,0.00476947535771065,0.00489396411092985,0.00789889415481832,0.00474683544303797,0.00995024875621891,0.00810372771474878,0.00492610837438424,0.004739336492891,0.00802568218298555,0.0129659643435981,0.00484652665589661,0.0110584518167457,0.0142857142857143,0.0107858243451464,0.00792393026941363,0.00474683544303797,0.00821018062397373,0.00641025641025641,0.00480769230769231,0.0111642743221691,0.0113268608414239,0.00977198697068404,0.00628930817610063,0.004739336492891,0.0111464968152866,0.0046801872074883,0.00946372239747634,0.00644122383252818,0.0111821086261981,0.0113452188006483,0.00491803278688525,0.0111111111111111,0.00802568218298555,0.00940438871473354,0.0125,0.00310077519379845,0.00924499229583975,0.00788643533123028,0.0111821086261981,0.00947867298578199,0.010989010989011,0.0108191653786708,0.00981996726677578,0.00630914826498423,0.00665557404326123,0.00938967136150235,0.0111287758346582,0.00943396226415094,0.0125786163522013,0.0112179487179487,0.008,0.00770416024653313,0.0032,0.00975609756097561,0.0109034267912773,0.00467289719626168,0.00490196078431373,0.0131147540983607,0.00786163522012579,0.0130081300813008,0.00974025974025974,0.0126182965299685,0.00793650793650794,0.00634920634920635,0.00967741935483871,0.00476190476190476,0.00664451827242525,0.00938967136150235,0.0112179487179487,0.00972447325769854,0.00625978090766823,0.0114754098360656,0.0111821086261981,0.0078740157480315,0.00471698113207547,0.00644122383252818
"80",0.00309597523219814,0.00770416024653313,0.0015600624024961,0.0031104199066874,0.0125391849529781,0.0168970814132104,0.0190779014308426,0.0172143974960876,0.020440251572327,0.0184049079754601,0.0187207488299532,0.0170542635658915,0.0155763239875389,0.0183767228177642,0.0170542635658915,0.0158478605388273,0.0141287284144427,0.0155038759689922,0.0111111111111111,0.019047619047619,0.014018691588785,0.0062402496099844,0.00928792569659443,0.0202177293934681,0.0199386503067485,0.0169491525423729,0.0199386503067485,0.0162074554294976,0.0151057401812689,0.0206022187004754,0.016260162601626,0.0168453292496172,0.0186625194401244,0.0154083204930663,0.0173775671406003,0.018018018018018,0.0138888888888889,0.0156494522691706,0.0188679245283019,0.0224719101123595,0.0202492211838006,0.0169230769230769,0.0184049079754601,0.0172955974842767,0.0155038759689922,0.0189873417721519,0.0178306092124814,0.00747384155455904,0.00770416024653313,0.0046583850931677,0.004739336492891,0.985342019543974,0.164362519201229,0.316770186335404,0.864485981308411,0.990639625585023,0.990867579908676,0.80030487804878,0.856466876971609,0.998444790046656,0.990825688073395,0.981191222570533,1,0.865718799368088,1,0.998449612403101,0.990726429675425,0.97542242703533,0.982839313572543,0.963665086887836,0.824961948249619,0.875192604006163,1,0.998430141287284,0.992354740061162,0.872841444270016,0.992050874403816,0.9015625,0.846875,1,0.740853658536585,1,0.87062404870624,0.989312977099237,0.998444790046656,0.998487140695915,1,0.859375,1,0.850453172205438,0.996850393700787,0.996974281391831,0.910236220472441,0.844339622641509,0.998402555910543,0.954268292682927,0.0157232704402516,0,0,0,0,0.00956937799043062,0.0169230769230769,0.0109375,0,0.00763358778625954,0,0,0.00316957210776545,0.00772797527047913,0.0156494522691706,0,0,0,0,0.015527950310559,0.0138036809815951,0,0,0.0173501577287066,0,0.0157728706624606,0,0.0140625,0,0,0,0.0188679245283019,0,0,0.010752688172043,0.00775193798449612,0.0156739811912226,0,0.012779552715655,0,0,0.0143540669856459,0.00306748466257669,0.0093603744149766,0.0185185185185185,0.0219092331768388,0,0,0,0,0,0.018957345971564,0,0.0107361963190184,0,0.0170015455950541,0.00938967136150235,0,0,0.0124416796267496,0,0.00750750750750751,0,0,0.0138674884437596,0.0142630744849445,0,0,0,0.0218408736349454,0.0206022187004754,0,0,0,0.0149925037481259,0,0.0176,0.0126182965299685,0,0,0,0,0.0156739811912226,0,0.00458715596330275,0,0.0170542635658915,0.00460122699386503,0.00955414012738853,0,0,0.0199081163859112,0.0190174326465927,0.0158227848101266,0,0,0.00309119010819165,0,0,0,0.0188976377952756,0.0188976377952756,0.00648298217179903,0.0187207488299532,0.0140405616224649,0,0.016793893129771,0.00917431192660551,0.0151515151515152,0.00462962962962963,0,0,0,0.0184331797235023,0.0158982511923688,0.00304878048780488,0,0,0,0.0060790273556231,0,0.0046801872074883,0.0078125,0.0151057401812689,0.0107197549770291,0,0.0163934426229508,0.00458715596330275,0,0.0173228346456693,0.0153609831029186,0,0,0,0.0138036809815951,0,0.0158730158730159,0,0.00322061191626409,0,0.0174050632911392,0,0.0094488188976378,0,0.0173775671406003,0.0153374233128834,0,0
"81",0,0,0.00309119010819165,0.004739336492891,0,0,0,0,0,0,0,0,0,0,0,0,0,0,0,0,0,0.0192,0.0245022970903522,0,0,0,0,0,0,0,0,0,0,0,0,0,0.0158227848101266,0,0,0,0,0,0,0,0,0,0,0,0,0.00156739811912226,0.00474683544303797,0.729200652528548,0.430769230769231,0.577812018489985,0.863777089783282,0.72884012539185,0.759750390015601,0.907975460122699,0.873239436619718,0.740219092331768,0.758887171561051,0.770800627943485,0.72386895475819,0.876602564102564,0.726708074534162,0.7484375,0.740683229813665,0.726283048211509,0.733333333333333,0.762738853503185,0.913312693498452,0.879310344827586,0.738437001594896,0.730708661417323,0.727975270479134,0.8609375,0.748019017432647,0.841521394611727,0.883280757097792,0.740853658536585,1,0.731669266770671,0.859784283513097,0.7339593114241,0.734567901234568,0.734848484848485,0.741486068111455,0.878164556962025,0.729984301412873,0.908385093167702,0.748427672955975,0.733333333333333,0.844094488188976,0.916139240506329,0.746835443037975,0.802773497688752,0,0.0535433070866142,0.0751533742331288,0.120253164556962,0.0279937791601866,0,0,0,0.0979133226324237,0,0.0261941448382126,0.0062111801242236,0,0,0,0.00323101777059774,0.136923076923077,0.00471698113207547,0.0419354838709677,0,0,0.095952023988006,0.0047244094488189,0,0.103668261562998,0,0.0970266040688576,0,0.0771653543307087,0.0409448818897638,0.00453172205438067,0,0.00778816199376947,0.00302114803625378,0,0.00631911532385466,0,0.101644245142003,0,0.0851393188854489,0.00765696784073507,0,0.00782472613458529,0,0,0,0.103186646433991,0.0062992125984252,0.0413476263399694,0.0913312693498452,0.1,0,0.00464396284829721,0,0.103833865814696,0,0,0.0229709035222052,0.00467289719626168,0,0.00950871632329636,0,0.0265210608424337,0.0216383307573416,0,0,0.00631911532385466,0.112698412698413,0.0684931506849315,0,0,0.107936507936508,0.0876369327073552,0.0984375,0,0.101382488479263,0,0,0.0263157894736842,0.100463678516229,0.00313479623824451,0.00476947535771065,0,0.00619195046439629,0.00308166409861325,0.00298507462686567,0,0.00155038759689922,0,0.03486529318542,0.0797448165869219,0,0,0,0.118279569892473,0.129429892141757,0.00310077519379845,0.109737248840804,0.0407523510971787,0.102728731942215,0,0,0,0,0,0.021671826625387,0,0,0,0,0.0126382306477093,0.0108191653786708,0.122511485451761,0,0,0.0430769230769231,0.104404567699837,0.0123839009287926,0.00933125972006221,0,0.0201550387596899,0.00155763239875389,0,0,0,0.0031496062992126,0,0,0.00317965023847377,0,0,0.00641025641025641,0.00470219435736677,0.00622083981337481,0,0.117554858934169,0,0.108191653786708,0.00649350649350649,0.0169230769230769,0,0.00308641975308642,0,0.0127388535031847,0,0,0.113808801213961,0.056782334384858
"82",0.0031055900621118,0.00789889415481832,0.00159235668789809,0.00315955766192733,0.0158982511923688,0.0205047318611987,0.0210016155088853,0.0206677265500795,0.0221169036334913,0.0202177293934681,0.0205371248025276,0.0203761755485893,0.0190779014308426,0.0213740458015267,0.0171875,0.0178571428571429,0.017515923566879,0.0185471406491499,0.0142630744849445,0.020440251572327,0.0170542635658915,0.00789889415481832,0.0107858243451464,0.0223285486443381,0.0213414634146341,0.019047619047619,0.0216049382716049,0.0195121951219512,0.0169491525423729,0.0237717908082409,0.0193861066235864,0.0188087774294671,0.0216383307573416,0.0172684458398744,0.0192616372391653,0.0212443095599393,0.016,0.0170542635658915,0.0222929936305732,0.0258899676375405,0.0233644859813084,0.0201238390092879,0.0203125,0.0192,0.0188383045525903,0.021978021978022,0.0198473282442748,0.00762195121951219,0.00792393026941363,0.00465116279069767,0.00483091787439614,0.98202614379085,0.145061728395062,0.300623052959502,0.881329113924051,0.989028213166144,0.990580847723705,0.806748466257669,0.8625,1,0.990769230769231,0.9796875,1,0.87987012987013,1,0.998447204968944,0.990610328638498,0.976671850699845,0.984025559105431,0.967689822294023,0.84044233807267,0.885400313971743,1,1,0.992138364779874,0.8890625,0.992050874403816,0.905660377358491,0.856913183279743,1,0.731669266770671,1,0.886676875957121,0.992295839753467,1,0.998480243161094,1,0.867954911433172,1,0.855365474339036,0.996815286624204,0.996932515337423,0.917721518987342,0.85781990521327,0.998410174880763,0.958397534668721,0.0141955835962145,0,0,0,0,0.00975609756097561,0.0141287284144427,0.00782472613458529,0,0.00782472613458529,0,0,0.00160513643659711,0.00631911532385466,0.0140845070422535,0,0,0,0,0.0138674884437596,0.0108527131782946,0,0,0.014308426073132,0,0.0158478605388273,0,0.0126182965299685,0,0,0,0.0174050632911392,0,0,0.00797448165869218,0.00318471337579618,0.0128,0,0.00969305331179321,0,0,0.0114192495921697,0,0.00943396226415094,0.0156739811912226,0.0187207488299532,0,0,0,0,0,0.0177705977382876,0,0.00782472613458529,0,0.015600624024961,0.00794912559618442,0,0,0.014218009478673,0,0.00768049155145929,0,0,0.0144230769230769,0.0161290322580645,0,0,0,0.018957345971564,0.0173228346456693,0,0,0,0.0152905198776758,0,0.0145867098865478,0.00952380952380952,0,0,0,0,0.0126582278481013,0,0.00308641975308642,0,0.0140625,0.00312989045383412,0.0111642743221691,0,0,0.0170278637770898,0.0176565008025682,0.0128,0,0,0.00154798761609907,0,0,0,0.0177993527508091,0.0160771704180064,0.00327868852459016,0.0171339563862928,0.0156739811912226,0,0.0153139356814701,0.00604229607250755,0.015527950310559,0.0046583850931677,0,0,0,0.0139103554868624,0.014446227929374,0.00157728706624606,0,0,0,0.0046656298600311,0,0.00312989045383412,0.00788643533123028,0.0137614678899083,0.00923076923076923,0,0.0152439024390244,0.00609756097560976,0,0.0158982511923688,0.014018691588785,0,0,0,0.0137825421133231,0,0.0128617363344051,0,0,0,0.0157232704402516,0,0.0078740157480315,0,0.017515923566879,0.0138248847926267,0,0
"83",0.0015220700152207,0.00311526479750779,0.00153374233128834,0.0015600624024961,0.00933125972006221,0.0152671755725191,0.0137614678899083,0.015552099533437,0.0169491525423729,0.0134328358208955,0.0137614678899083,0.0121765601217656,0.0137825421133231,0.0135338345864662,0.0137404580152672,0.0138888888888889,0.0107858243451464,0.0104947526236882,0.0108359133126935,0.0139318885448916,0.0106870229007634,0.00463678516228748,0.00900900900900901,0.0158478605388273,0.015015015015015,0.0122887864823349,0.0151515151515152,0.0126382306477093,0.0117647058823529,0.0154083204930663,0.0110935023771791,0.0136157337367625,0.0152671755725191,0.0122699386503067,0.0152905198776758,0.0150375939849624,0.0108527131782946,0.0119760479041916,0.0138036809815951,0.0173775671406003,0.016566265060241,0.0134932533733133,0.0134328358208955,0.0138674884437596,0.0121765601217656,0.0154559505409583,0.0147492625368732,0.0029806259314456,0.00303030303030303,0.00151515151515152,0.00155763239875389,0.875590551181102,0.272450532724505,0.432634730538922,0.995468277945619,0.868501529051988,0.900751879699248,0.921450151057402,0.983128834355828,0.885802469135803,0.900302114803625,0.889908256880734,0.88208269525268,0.9921875,0.884498480243161,0.892355694227769,0.881638846737481,0.855421686746988,0.881619937694704,0.916535433070866,0.951293759512938,0.978494623655914,0.883435582822086,0.879756468797565,0.875379939209726,0.995363214837713,0.892690513219285,0.981651376146789,0.975077881619938,0.87062404870624,0.859784283513097,0.886676875957121,1,0.878048780487805,0.881278538812785,0.880059970014992,0.876691729323308,0.978361669242658,0.880184331797235,0.962292609351433,0.885093167701863,0.880239520958084,0.964506172839506,0.962962962962963,0.885496183206107,0.92065868263473,0.0108527131782946,0.00152439024390244,0.003003003003003,0.00311526479750779,0.00301204819277108,0.0062402496099844,0.0123076923076923,0.00921658986175115,0.00153609831029186,0.00598802395209581,0.00458715596330275,0.00151745068285281,0.00470957613814757,0.00612557427258806,0.0121028744326778,0.00312989045383412,0.00304878048780488,0.00309119010819165,0.00156494522691706,0.0149253731343284,0.0122511485451761,0.00291970802919708,0.00306278713629403,0.0126382306477093,0.0031201248049922,0.0123647604327666,0.00150602409638554,0.009375,0.00152439024390244,0.00153846153846154,0.0014792899408284,0.0138036809815951,0.00306748466257669,0.00301659125188537,0.00923076923076923,0.00925925925925926,0.00933125972006221,0.0029806259314456,0.0110759493670886,0.00151975683890578,0.00301659125188537,0.0125786163522013,0.00609756097560976,0.00918836140888208,0.0121951219512195,0.0169753086419753,0.00299850074962519,0.0015625,0.00151285930408472,0.00305343511450382,0.00149925037481259,0.0157728706624606,0.00303951367781155,0.00918836140888208,0.00306278713629403,0.0152439024390244,0.00773993808049536,0.00301204819277108,0.00153139356814701,0.00910470409711684,0.00313479623824451,0.00445103857566766,0.00306748466257669,0.00304878048780488,0.0108191653786708,0.00927357032457496,0.00151285930408472,0,0.0014903129657228,0.0168195718654434,0.0168195718654434,0.0015600624024961,0.0030441400304414,0.00305343511450382,0.0104321907600596,0.00303030303030303,0.0143312101910828,0.0124804992199688,0.00157728706624606,0.00303951367781155,0,0.00315457413249211,0.00928792569659443,0.00149253731343284,0.00768049155145929,0.00147710487444609,0.0121396054628225,0.00455235204855842,0.00771604938271605,0.00153846153846154,0.00310077519379845,0.015015015015015,0.0138888888888889,0.0139318885448916,0.00303951367781155,0.003003003003003,0.00455235204855842,0.00299850074962519,0.00301204819277108,0.0031496062992126,0.0139751552795031,0.0138461538461538,0.00321543408360129,0.0136986301369863,0.00770416024653313,0.00307219662058372,0.0149700598802395,0.00750750750750751,0.0118694362017804,0.00602409638554217,0.00304878048780488,0.0030441400304414,0.00297619047619048,0.0148148148148148,0.0125786163522013,0.00448430493273543,0.00157232704402516,0.0015015015015015,0.003003003003003,0.0045662100456621,0.00308641975308642,0.00612557427258806,0.00462249614791988,0.0103703703703704,0.00759878419452888,0.00154559505409583,0.0134328358208955,0.00302114803625378,0.00314465408805031,0.0140845070422535,0.00921658986175115,0.00312989045383412,0.00308166409861325,0.00306748466257669,0.0104947526236882,0.00305343511450382,0.013953488372093,0.00303951367781155,0.0063391442155309,0.0015015015015015,0.0137825421133231,0.00306748466257669,0.00606060606060606,0.0031201248049922,0.0138888888888889,0.0104321907600596,0.00303030303030303,0.00305343511450382
"84",0.00303030303030303,0.0061633281972265,0.0015600624024961,0.0031496062992126,0.0123839009287926,0.0153139356814701,0.0156985871271586,0.015552099533437,0.0171606864274571,0.0149253731343284,0.0153846153846154,0.0186046511627907,0.0138888888888889,0.0166163141993958,0.0123839009287926,0.0141065830721003,0.013953488372093,0.0151745068285281,0.0108359133126935,0.0169753086419753,0.0120481927710843,0.0046875,0.00609756097560976,0.0172143974960876,0.0182370820668693,0.015527950310559,0.018348623853211,0.0145161290322581,0.0120481927710843,0.0186915887850467,0.0158982511923688,0.0154798761609907,0.0151975683890578,0.0135746606334842,0.0140625,0.0150602409638554,0.0109546165884194,0.010752688172043,0.015552099533437,0.0191387559808612,0.0167173252279635,0.0149253731343284,0.013719512195122,0.0126984126984127,0.0137614678899083,0.0157728706624606,0.0149700598802395,0.00596125186289121,0.00622083981337481,0.00308166409861325,0.00313971742543171,0.98389694041868,0.152337858220211,0.301492537313433,0.879756468797565,0.989230769230769,0.99390243902439,0.800925925925926,0.858034321372855,0.993779160186625,0.995384615384615,0.989197530864197,0.990683229813665,0.872813990461049,0.995433789954338,0.993779160186625,0.993788819875776,0.98310291858679,0.99375,0.969404186795491,0.830745341614907,0.877708978328173,0.990476190476191,0.996875,0.992331288343558,0.88390092879257,0.992223950233281,0.905572755417957,0.861685214626391,0.989312977099237,0.7339593114241,0.992295839753467,0.878048780487805,1,0.992260061919505,0.987915407854985,0.989096573208723,0.858461538461538,0.995297805642633,0.849315068493151,0.987616099071207,0.987987987987988,0.931357254290172,0.839370078740157,0.990668740279938,0.956390977443609,0.0171606864274571,0,0,0,0,0.00940438871473354,0.0170807453416149,0.0108359133126935,0,0.00769230769230769,0,0,0.00315457413249211,0.0062015503875969,0.0169230769230769,0,0,0,0,0.0168453292496172,0.0154559505409583,0,0,0.0188976377952756,0,0.0172413793103448,0,0.0154083204930663,0,0,0,0.0200927357032458,0,0,0.0123456790123457,0.0078125,0.0155038759689922,0,0.0143312101910828,0,0,0.0158478605388273,0.0015527950310559,0.0123456790123457,0.0182926829268293,0.0217054263565891,0,0,0,0,0,0.0221518987341772,0,0.0122699386503067,0,0.0197869101978691,0.00928792569659443,0,0,0.0166666666666667,0,0.00898203592814371,0,0,0.0156739811912226,0.01743264659271,0,0,0,0.0231481481481481,0.0221169036334913,0,0,0,0.0181268882175227,0,0.0176848874598071,0.0140845070422535,0,0,0,0,0.0125195618153365,0,0.00465116279069767,0,0.0166666666666667,0.00458715596330275,0.0127186009538951,0,0,0.021671826625387,0.0220472440944882,0.0171339563862928,0,0,0.0030441400304414,0,0,0,0.0206677265500795,0.0171875,0.00476190476190476,0.02,0.0155038759689922,0,0.0196671709531014,0.00916030534351145,0.0165165165165165,0.0060790273556231,0,0,0,0.0197568389057751,0.0172143974960876,0.00152905198776758,0,0,0,0.00455235204855842,0,0.00462249614791988,0.00759878419452888,0.0163934426229508,0.00764525993883792,0,0.0178571428571429,0.00449775112443778,0,0.0205696202531646,0.0153374233128834,0,0,0,0.0152439024390244,0,0.0188087774294671,0,0.00161030595813205,0,0.0186335403726708,0,0.00917431192660551,0,0.0199081163859112,0.0165165165165165,0,0
"85",0,0.00315955766192733,0,0,0.0141287284144427,0.0172143974960876,0.0174050632911392,0.0176565008025682,0.01743264659271,0.0184049079754601,0.0186335403726708,0.0172413793103448,0.0154798761609907,0.0186046511627907,0.0138036809815951,0.014218009478673,0.0142405063291139,0.0168711656441718,0.0110759493670886,0.0158227848101266,0.0125,0.00625978090766823,0.00914634146341463,0.0177133655394525,0.0166414523449319,0.0173775671406003,0.0173228346456693,0.0145867098865478,0.0151745068285281,0.0189873417721519,0.0144694533762058,0.0140625,0.0168970814132104,0.0138888888888889,0.0141065830721003,0.0183206106870229,0.014218009478673,0.0138248847926267,0.0186915887850467,0.0210355987055016,0.0188679245283019,0.0167427701674277,0.0166666666666667,0.01743264659271,0.015527950310559,0.0172684458398744,0.0149700598802395,0.0029806259314456,0.00313971742543171,0.00157232704402516,0.00158227848101266,0.985342019543974,0.159509202453988,0.313725490196078,0.878648233486943,0.992125984251969,0.99079754601227,0.803405572755418,0.866251944012442,1,0.99236641221374,0.985915492957746,0.998425196850394,0.86984126984127,1,0.998430141287284,0.990783410138249,0.98145285935085,0.987281399046105,0.9712,0.838212634822804,0.87673343605547,1,1,0.996946564885496,0.882445141065831,0.9904,0.899068322981366,0.854166666666667,0.998444790046656,0.734567901234568,1,0.881278538812785,0.992260061919505,1,0.996955859969559,0.998470948012232,0.8671875,1,0.854517611026034,0.996870109546166,0.996951219512195,0.919431279620853,0.851097178683386,0.996820349761526,0.95405819295559,0.0126582278481013,0,0,0,0,0.0111821086261981,0.0172413793103448,0.0124610591900312,0,0.00928792569659443,0,0,0.00318471337579618,0.00782472613458529,0.0154083204930663,0,0,0,0,0.0154083204930663,0.0171073094867807,0,0,0.0159235668789809,0,0.0154798761609907,0,0.0110935023771791,0,0,0,0.0171073094867807,0,0,0.0123839009287926,0.00797448165869218,0.0125,0,0.0142630744849445,0,0,0.0158982511923688,0.00312989045383412,0.0106382978723404,0.0139318885448916,0.0190779014308426,0,0,0,0,0,0.0159489633173844,0,0.0123839009287926,0,0.0141287284144427,0.0109717868338558,0,0,0.00923076923076923,0,0.00916030534351145,0,0,0.0108695652173913,0.0125,0,0,0,0.0186046511627907,0.0185471406491499,0,0,0,0.0121212121212121,0,0.0176282051282051,0.0158982511923688,0,0,0,0,0.0111464968152866,0,0.0046801872074883,0,0.0138674884437596,0.0046656298600311,0.00956937799043062,0,0,0.0185471406491499,0.0175718849840256,0.0158478605388273,0,0,0.003125,0,0,0,0.016025641025641,0.0141732283464567,0.00649350649350649,0.0157728706624606,0.0110410094637224,0,0.0137404580152672,0.00910470409711684,0.013595166163142,0.0062015503875969,0,0,0,0.0152439024390244,0.017515923566879,0.00308641975308642,0,0,0,0.00614439324116743,0,0.004739336492891,0.00930232558139535,0.0152439024390244,0.0109034267912773,0,0.0151515151515152,0.00610687022900763,0,0.0144230769230769,0.0138888888888889,0,0,0,0.0140625,0,0.0158730158730159,0,0.00323101777059774,0,0.015552099533437,0,0.0109034267912773,0,0.0159744408945687,0.0107197549770291,0,0
"86",0.00462249614791988,0.00773993808049536,0.00153846153846154,0.0046583850931677,0.0123076923076923,0.0166666666666667,0.0153374233128834,0.0170807453416149,0.0170278637770898,0.0165165165165165,0.0168453292496172,0.0166414523449319,0.0155038759689922,0.0166919575113809,0.0139318885448916,0.015527950310559,0.0153374233128834,0.0151285930408472,0.0109717868338558,0.0172955974842767,0.013595166163142,0.00769230769230769,0.00920245398773006,0.0171073094867807,0.0179910044977511,0.0141065830721003,0.0182926829268293,0.0174050632911392,0.012012012012012,0.0184615384615385,0.015748031496063,0.0153139356814701,0.016566265060241,0.0122137404580153,0.0139968895800933,0.0165165165165165,0.0124416796267496,0.0152905198776758,0.0168970814132104,0.0206022187004754,0.02,0.0151285930408472,0.0168711656441718,0.0153609831029186,0.0151285930408472,0.0171606864274571,0.0147710487444609,0.00742942050520059,0.00764525993883792,0.00453172205438067,0.00469483568075117,0.98705501618123,0.151840490797546,0.312217194570136,0.87673343605547,0.989247311827957,0.992412746585736,0.808510638297872,0.857366771159875,0.996927803379416,0.993920972644377,0.978294573643411,1,0.869767441860465,0.998480243161094,0.996860282574568,0.992378048780488,0.977099236641221,0.981538461538462,0.963949843260188,0.836140888208269,0.882896764252696,0.998463901689708,0.996908809891808,0.990811638591118,0.87673343605547,0.993730407523511,0.903726708074534,0.842679127725857,0.998487140695915,0.734848484848485,0.998480243161094,0.880059970014992,0.987915407854985,0.996955859969559,1,1,0.861325115562404,0.998461538461539,0.849170437405732,0.998435054773083,0.998480243161094,0.910631741140216,0.847222222222222,1,0.956060606060606,0.0140845070422535,0,0,0,0,0.0109375,0.0172684458398744,0.0107361963190184,0,0.00615384615384615,0,0,0,0.00460122699386503,0.0151057401812689,0,0,0,0,0.0151975683890578,0.0151515151515152,0,0,0.0188383045525903,0,0.015748031496063,0,0.0108024691358025,0,0,0,0.0184899845916795,0,0,0.0122699386503067,0.00778816199376947,0.0170015455950541,0,0.0173228346456693,0,0,0.0193548387096774,0.00309597523219814,0.0106870229007634,0.0168453292496172,0.0198776758409786,0,0,0,0,0,0.01743264659271,0,0.0122324159021407,0,0.0152439024390244,0.0108359133126935,0,0,0.0123647604327666,0,0.00736377025036819,0,0,0.0122511485451761,0.015625,0,0,0,0.021671826625387,0.0217391304347826,0,0,0,0.0179372197309417,0,0.0175718849840256,0.0156494522691706,0,0,0,0,0.015600624024961,0,0.0015220700152207,0,0.0180995475113122,0.00153139356814701,0.0126182965299685,0,0,0.0212121212121212,0.0202808112324493,0.0188087774294671,0,0,0,0,0,0,0.0172413793103448,0.0141732283464567,0.00645161290322581,0.0167682926829268,0.0137614678899083,0,0.0152671755725191,0.00903614457831325,0.0135135135135135,0.00303951367781155,0,0,0,0.0183206106870229,0.0171606864274571,0.00305810397553517,0,0,0,0.00303490136570561,0,0.00155038759689922,0.0062015503875969,0.0163690476190476,0.00911854103343465,0,0.0166414523449319,0.00594353640416048,0,0.0172684458398744,0.0153846153846154,0,0,0,0.0149700598802395,0,0.0172143974960876,0,0.00315955766192733,0,0.0153609831029186,0,0.00920245398773006,0,0.0172413793103448,0.0121028744326778,0,0
"87",0.00309597523219814,0.00782472613458529,0.00154559505409583,0.00317460317460317,0.0140405616224649,0.0171875,0.0157232704402516,0.0172955974842767,0.0172143974960876,0.0167682926829268,0.0172955974842767,0.0171875,0.0171606864274571,0.0167427701674277,0.0139318885448916,0.0156739811912226,0.014218009478673,0.0136157337367625,0.0109546165884194,0.0156985871271586,0.013953488372093,0.00782472613458529,0.0107692307692308,0.0189274447949527,0.0181543116490166,0.015625,0.0171073094867807,0.0162337662337662,0.0120300751879699,0.0190174326465927,0.0146818923327896,0.0155763239875389,0.016793893129771,0.0123647604327666,0.0142405063291139,0.0166163141993958,0.0124031007751938,0.0154320987654321,0.0170807453416149,0.0209677419354839,0.0201238390092879,0.0151057401812689,0.0169753086419753,0.0156739811912226,0.0155763239875389,0.0172955974842767,0.0151515151515152,0.00753012048192771,0.00771604938271605,0.00458015267175573,0.00471698113207547,0.985365853658537,0.154798761609907,0.308527131782946,0.877519379844961,0.988993710691824,0.990712074303406,0.818181818181818,0.861417322834646,0.998439937597504,0.99079754601227,0.976635514018692,1,0.880382775119617,1,0.998459167950693,0.990811638591118,0.976851851851852,0.981279251170047,0.963317384370016,0.843558282208589,0.884969325153374,1,0.998454404945904,0.990769230769231,0.88125,0.99211356466877,0.905511811023622,0.853736089030207,1,0.741486068111455,1,0.876691729323308,0.989096573208723,0.998470948012232,1,1,0.870662460567823,1,0.857142857142857,0.998420221169036,0.998463901689708,0.912908242612753,0.855555555555556,1,0.961832061068702,0.0189274447949527,0,0,0,0,0.0110935023771791,0.0172413793103448,0.0140625,0,0.00930232558139535,0,0,0.00317965023847377,0.00773993808049536,0.0168970814132104,0,0,0,0,0.0186625194401244,0.0170542635658915,0,0,0.0208333333333333,0,0.017515923566879,0,0.0125588697017268,0,0,0,0.0202177293934681,0,0,0.0141065830721003,0.0078740157480315,0.0157232704402516,0,0.0160771704180064,0,0,0.0177705977382876,0.00309597523219814,0.0138461538461538,0.0185185185185185,0.0219092331768388,0,0,0,0,0,0.0208333333333333,0,0.013953488372093,0,0.018348623853211,0.0125588697017268,0,0,0.0139751552795031,0,0.0106382978723404,0,0,0.0156739811912226,0.0159235668789809,0,0,0,0.0231124807395994,0.0232558139534884,0,0,0,0.0169491525423729,0,0.0177705977382876,0.0158227848101266,0,0,0,0,0.0126782884310618,0,0.00458015267175573,0,0.0168453292496172,0.0046801872074883,0.010989010989011,0,0,0.0215716486902928,0.0205047318611987,0.0173501577287066,0,0,0.00306748466257669,0,0,0,0.021875,0.0189873417721519,0.00814332247557003,0.0199386503067485,0.0140845070422535,0,0.0183767228177642,0.0107197549770291,0.0152671755725191,0.00618238021638331,0,0,0,0.0181268882175227,0.0174050632911392,0.00153374233128834,0,0,0,0.0062402496099844,0,0.0047244094488189,0.00918836140888208,0.0167173252279635,0.00938967136150235,0,0.0196374622356495,0.00615384615384615,0,0.0189274447949527,0.0154320987654321,0,0,0,0.0168970814132104,0,0.0191082802547771,0,0.00323101777059774,0,0.01875,0,0.0124031007751938,0,0.0205047318611987,0.0168970814132104,0,0
"88",0.0015748031496063,0.00317460317460317,0.00158982511923688,0.0016025641025641,0.0127186009538951,0.014218009478673,0.0175438596491228,0.0143312101910828,0.0175438596491228,0.0154320987654321,0.0155763239875389,0.0141065830721003,0.0126984126984127,0.0188679245283019,0.0158982511923688,0.0112179487179487,0.014308426073132,0.0138888888888889,0.00791139240506329,0.017741935483871,0.0109204368174727,0.00647249190938511,0.00622083981337481,0.017741935483871,0.0155038759689922,0.0157232704402516,0.0171875,0.0162866449511401,0.015552099533437,0.0189873417721519,0.0148514851485149,0.0125195618153365,0.0183767228177642,0.0139968895800933,0.0157977883096366,0.0171073094867807,0.0111821086261981,0.0126382306477093,0.018957345971564,0.0209003215434084,0.0172684458398744,0.0152439024390244,0.0170542635658915,0.016,0.0141732283464567,0.0175438596491228,0.0151745068285281,0.00307692307692308,0.00320512820512821,0.00158478605388273,0.00159489633173844,0.862520458265139,0.302839116719243,0.44969512195122,0.978361669242658,0.85214626391097,0.878357030015798,0.935023771790808,0.996810207336523,0.873617693522907,0.885220125786163,0.868253968253968,0.865293185419968,0.988486842105263,0.870662460567823,0.879807692307692,0.867834394904459,0.846153846153846,0.857142857142857,0.896103896103896,0.968944099378882,0.963549920760697,0.868852459016393,0.867834394904459,0.864274570982839,0.977777777777778,0.879365079365079,0.97092084006462,0.983948635634029,0.859375,0.878164556962025,0.867954911433172,0.978361669242658,0.858461538461538,0.8671875,0.861325115562404,0.870662460567823,1,0.872374798061389,0.976599063962558,0.873801916932907,0.864274570982839,0.943037974683544,0.979066022544283,0.872813990461049,0.905808477237049,0.00952380952380952,0.00483870967741936,0.0078740157480315,0.00981996726677578,0.00465116279069767,0.00479233226837061,0.0111287758346582,0.00632911392405063,0.00646203554119548,0.00156494522691706,0.00474683544303797,0.00469483568075117,0.00162074554294976,0.00158730158730159,0.0110410094637224,0.0032520325203252,0.0077639751552795,0.00645161290322581,0.0065252854812398,0.0127591706539075,0.00950871632329636,0.00914634146341463,0.00636942675159236,0.0112359550561798,0.00641025641025641,0.0112721417069243,0.00784929356357928,0.00794912559618442,0.00791139240506329,0.0064,0.00301204819277108,0.012779552715655,0.00627943485086342,0.00307692307692308,0.0063391442155309,0.0111642743221691,0.0111464968152866,0.00769230769230769,0.00975609756097561,0.00632911392405063,0.0046875,0.0112540192926045,0.00955414012738853,0.00792393026941363,0.0125786163522013,0.0158982511923688,0.009375,0.00476190476190476,0.00467289719626168,0.00778816199376947,0.0062402496099844,0.0142857142857143,0.00628930817610063,0.0062015503875969,0.0111642743221691,0.0141509433962264,0.00476947535771065,0.00463678516228748,0.0031201248049922,0.0078740157480315,0.00490196078431373,0.00154083204930663,0.00634920634920635,0.00158227848101266,0.00784929356357928,0.00969305331179321,0.00473186119873817,0.0048,0.0078125,0.0159489633173844,0.0144,0.00485436893203883,0.00783699059561128,0.00794912559618442,0.0107197549770291,0.0078740157480315,0.0132231404958678,0.0113636363636364,0.00164203612479475,0.00940438871473354,0.00319488817891374,0.00637958532695375,0.00969305331179321,0.00462962962962963,0.00470219435736677,0.00455235204855842,0.0125588697017268,0.00156985871271586,0.00967741935483871,0.00315955766192733,0.008,0.014218009478673,0.0129659643435981,0.0143540669856459,0.00941915227629513,0.00772797527047913,0.004739336492891,0.0078740157480315,0.00469483568075117,0.0113636363636364,0.0128824476650564,0.0126782884310618,0.00326797385620915,0.0125984251968504,0.00634920634920635,0.00625,0.0138888888888889,0.0046801872074883,0.0107692307692308,0.00155038759689922,0.00473186119873817,0.00630914826498423,0.015552099533437,0.0138461538461538,0.0112721417069243,0.0109034267912773,0.00823723228995058,0.0062015503875969,0.00625978090766823,0.00309119010819165,0.00483870967741936,0.00323101777059774,0.00158227848101266,0.0106707317073171,0.00476947535771065,0.00483870967741936,0.0122324159021407,0,0.00483870967741936,0.0147058823529412,0.00943396226415094,0.00487012987012987,0.0046801872074883,0.0062992125984252,0.00930232558139535,0.00955414012738853,0.012987012987013,0.00952380952380952,0.00981996726677578,0.00623052959501558,0.0126782884310618,0.0062992125984252,0.00312989045383412,0.00483091787439614,0.0113085621970921,0.00930232558139535,0.00778816199376947,0.00476947535771065
"89",0.00156985871271586,0.00638977635782748,0.00153609831029186,0.00156985871271586,0.0158982511923688,0.0203761755485893,0.0207336523125997,0.0210355987055016,0.0222575516693164,0.0200617283950617,0.020440251572327,0.0203125,0.0192616372391653,0.0217729393468118,0.0171339563862928,0.0176848874598071,0.0176848874598071,0.0187793427230047,0.0145395799676898,0.0210016155088853,0.0171875,0.008,0.0109034267912773,0.0226537216828479,0.0214723926380368,0.0192,0.0219435736677116,0.019672131147541,0.0169753086419753,0.0238853503184713,0.0192616372391653,0.0192,0.0215384615384615,0.0172143974960876,0.0189873417721519,0.0214395099540582,0.0159235668789809,0.0170807453416149,0.0218408736349454,0.0260162601626016,0.0235109717868339,0.0198170731707317,0.0202492211838006,0.0192307692307692,0.019047619047619,0.0220472440944882,0.0197268588770865,0.0060790273556231,0.00637958532695375,0.00458715596330275,0.00483091787439614,0.982229402261712,0.156346749226006,0.305555555555556,0.882995319812793,0.990536277602524,0.9953125,0.807383627608347,0.866877971473851,1,0.993846153846154,0.985736925515055,1,0.875404530744337,1,1,0.992248062015504,0.976671850699845,0.990445859872611,0.971246006389776,0.832543443917852,0.8765625,1,1,0.992248062015504,0.883572567783094,0.995153473344103,0.906050955414013,0.859872611464968,1,0.729984301412873,1,0.880184331797235,0.995297805642633,1,0.998461538461539,1,0.872374798061389,1,0.855365474339036,0.9968,0.996932515337423,0.919614147909968,0.852327447833066,0.998387096774194,0.959438377535101,0.0175718849840256,0,0,0,0,0.0112721417069243,0.0188976377952756,0.0125786163522013,0,0.00940438871473354,0,0,0.00317460317460317,0.00796178343949045,0.0172413793103448,0,0,0,0,0.015600624024961,0.0172413793103448,0,0,0.0175718849840256,0,0.0177133655394525,0,0.0128,0,0,0,0.0192,0,0,0.0127186009538951,0.00797448165869218,0.015748031496063,0,0.0146579804560261,0,0,0.0146341463414634,0.0031104199066874,0.0109717868338558,0.0185758513931889,0.0220820189274448,0,0,0,0,0,0.0195439739413681,0,0.0126182965299685,0,0.017515923566879,0.0111464968152866,0,0,0.0139318885448916,0,0.00925925925925926,0,0,0.0141955835962145,0.016,0,0,0,0.0220125786163522,0.0205047318611987,0,0,0,0.0171073094867807,0,0.019672131147541,0.0144,0,0,0,0,0.0142630744849445,0,0.0046875,0,0.0157232704402516,0.0047244094488189,0.00955414012738853,0,0,0.0207667731629393,0.0192926045016077,0.0161030595813204,0,0,0.00314465408805031,0,0,0,0.0192,0.0177993527508091,0.00654664484451719,0.0204081632653061,0.0124223602484472,0,0.0171606864274571,0.00923076923076923,0.0168453292496172,0.0062992125984252,0,0,0,0.0170542635658915,0.0178861788617886,0.00311526479750779,0,0,0,0.00625978090766823,0,0.00480769230769231,0.00963081861958266,0.0169753086419753,0.0110759493670886,0,0.0167427701674277,0.00609756097560976,0,0.0176848874598071,0.015527950310559,0,0,0,0.0141287284144427,0,0.016025641025641,0,0.0033112582781457,0,0.0188679245283019,0,0.0109034267912773,0,0.0174880763116057,0.015625,0,0
"90",0,0,0,0,0.00310077519379845,0.00611620795107034,0.00772797527047913,0.00627943485086342,0.0093167701863354,0.00757575757575758,0.00771604938271605,0.0078003120124805,0.0046801872074883,0.00453857791225416,0.00765696784073507,0.00783699059561128,0.00315457413249211,0.00606980273141123,0.00460829493087558,0.0063391442155309,0.00749625187406297,0.00622083981337481,0.00599700149925037,0.00783699059561128,0.00902255639097744,0.00773993808049536,0.00769230769230769,0.00797448165869218,0.00447093889716841,0.00943396226415094,0.00646203554119548,0.00611620795107034,0.00601503759398496,0.00453172205438067,0.0046801872074883,0.00596125186289121,0.0062402496099844,0.00755287009063444,0.0062015503875969,0.0078740157480315,0.00763358778625954,0.00303030303030303,0.00766871165644172,0.00782472613458529,0.00611620795107034,0.00623052959501558,0.00899550224887556,0,0,0,0,0.856459330143541,0.325115562403698,0.472644376899696,0.962962962962963,0.839506172839506,0.873282442748092,0.927051671732523,0.9796875,0.854070660522273,0.872503840245776,0.873282442748092,0.853881278538813,0.968404423380727,0.857791225416036,0.8625,0.852760736196319,0.844512195121951,0.853125,0.8921875,1,0.963246554364472,0.855140186915888,0.852307692307692,0.853881278538813,0.955725190839695,0.865414710485133,0.944186046511628,0.970219435736677,0.850453172205438,0.908385093167702,0.855365474339036,0.962292609351433,0.849315068493151,0.854517611026034,0.849170437405732,0.857142857142857,0.976599063962558,0.855365474339036,1,0.864992150706436,0.859756097560976,0.925696594427245,1,0.864696734059098,0.896024464831804,0,0.0168711656441718,0.0230061349693252,0.0292307692307692,0.00918836140888208,0,0,0,0.0232198142414861,0,0.0062111801242236,0.00611620795107034,0,0,0,0.0046656298600311,0.0259938837920489,0.00782472613458529,0.0141955835962145,0,0,0.0281899109792285,0.00768049155145929,0,0.0235478806907378,0,0.0201863354037267,0,0.0245022970903522,0.0168970814132104,0.00443131462333826,0,0.00918836140888208,0.00298953662182362,0,0.0077639751552795,0,0.024024024024024,0,0.0242057488653555,0.0091324200913242,0,0.0124031007751938,0.0015527950310559,0,0,0.0261941448382126,0.00777604976671851,0.0137404580152672,0.0200927357032458,0.0210843373493976,0,0.00763358778625954,0,0.0246153846153846,0,0,0.00906344410876133,0.00308641975308642,0,0.00630914826498423,0,0.012779552715655,0.00458015267175573,0,0,0.0060790273556231,0.0283464566929134,0.022189349112426,0,0,0.0222929936305732,0.0201863354037267,0.0232919254658385,0,0.0289634146341463,0,0,0.0128410914927769,0.0287443267776097,0.00467289719626168,0.00784929356357928,0,0.00612557427258806,0.00459418070444104,0.00590841949778434,0,0.00154320987654321,0,0.0124804992199688,0.0220820189274448,0,0,0,0.0287443267776097,0.0271084337349398,0.00455927051671732,0.0227617602427921,0.0138674884437596,0.0331230283911672,0,0,0,0,0,0.00921658986175115,0,0,0,0,0.00622083981337481,0.00906344410876133,0.0320610687022901,0,0,0.0166414523449319,0.0301587301587302,0.00594353640416048,0.00764525993883792,0.00153139356814701,0.00930232558139535,0.00309119010819165,0,0,0,0.00462249614791988,0,0,0.004739336492891,0,0,0.00619195046439629,0.0061633281972265,0.00773993808049536,0,0.0280373831775701,0,0.0259541984732824,0.0112721417069243,0.00613496932515337,0,0.00618238021638331,0,0.00465116279069767,0,0,0.0270676691729323,0.0152905198776758
"91",0.00473186119873817,0.0111287758346582,0.00473186119873817,0.00483091787439614,0.00956937799043062,0.0109375,0.0128205128205128,0.011400651465798,0.0128,0.0140625,0.0144230769230769,0.0126582278481013,0.0112540192926045,0.0125588697017268,0.0111111111111111,0.011400651465798,0.00961538461538462,0.0124804992199688,0.00644122383252818,0.00975609756097561,0.0094488188976378,0.0063391442155309,0.00789889415481832,0.0131795716639209,0.0123076923076923,0.014218009478673,0.0109546165884194,0.0115131578947368,0.00920245398773006,0.0145161290322581,0.00837520938023451,0.00950871632329636,0.0125786163522013,0.0093167701863354,0.00809061488673139,0.0123647604327666,0.0112,0.0109717868338558,0.014218009478673,0.0146579804560261,0.0142857142857143,0.0108024691358025,0.0140625,0.0144694533762058,0.0111642743221691,0.0128617363344051,0.0107692307692308,0.010752688172043,0.0111287758346582,0.00631911532385466,0.00801282051282051,0.990243902439024,0.147619047619048,0.317683881064163,0.8801261829653,0.993610223642173,0.990506329113924,0.814285714285714,0.866454689984102,0.995275590551181,0.992138364779874,0.982511923688394,1,0.880258899676375,0.996840442338073,0.996825396825397,0.987381703470032,0.979430379746835,0.982171799027553,0.968903436988543,0.850793650793651,0.892455858747994,0.998405103668262,0.995192307692308,0.993740219092332,0.886942675159236,0.988727858293076,0.909235668789809,0.859477124183007,0.996850393700787,0.748427672955975,0.996815286624204,0.885093167701863,0.987616099071207,0.996870109546166,0.998435054773083,0.998420221169036,0.873801916932907,0.9968,0.864992150706436,1,1,0.911858974358974,0.858974358974359,0.998384491114701,0.959119496855346,0.014308426073132,0,0,0,0,0.00972447325769854,0.0176282051282051,0.0112,0,0.00797448165869218,0,0,0.00325732899022801,0.00791139240506329,0.0144,0,0,0,0,0.0158478605388273,0.0142630744849445,0,0,0.0177993527508091,0,0.0144230769230769,0,0.0128205128205128,0,0,0,0.0176,0,0,0.0126382306477093,0.00802568218298555,0.0158982511923688,0,0.0144230769230769,0,0,0.0162866449511401,0.00320512820512821,0.00950871632329636,0.0187793427230047,0.0224358974358974,0,0,0,0,0,0.0177705977382876,0,0.0125,0,0.0158227848101266,0.0111287758346582,0,0,0.0110584518167457,0,0.00758725341426404,0,0,0.0142630744849445,0.0164473684210526,0,0,0,0.0221870047543582,0.022508038585209,0,0,0,0.0153139356814701,0,0.0180921052631579,0.0149501661129568,0,0,0,0,0.0160513643659711,0,0.0046875,0,0.0157728706624606,0.00479233226837061,0.00813008130081301,0,0,0.0205371248025276,0.0194805194805195,0.0159235668789809,0,0,0.0032,0,0,0,0.0179153094462541,0.0179738562091503,0.0066006600660066,0.0175438596491228,0.0131578947368421,0,0.015625,0.0109717868338558,0.0141287284144427,0.0047244094488189,0,0,0,0.0186625194401244,0.0160513643659711,0.00316455696202532,0,0,0,0.00628930817610063,0,0.00476947535771065,0.00792393026941363,0.0137404580152672,0.0110759493670886,0,0.0166666666666667,0.00460122699386503,0,0.0192926045016077,0.0173228346456693,0,0,0,0.0124804992199688,0,0.0162337662337662,0,0.0033167495854063,0,0.0159235668789809,0,0.00950871632329636,0,0.0177133655394525,0.0156494522691706,0,0
"92",0.00458715596330275,0.0107692307692308,0.00460122699386503,0.00460829493087558,0.00923076923076923,0.00766871165644172,0.0109204368174727,0.00791139240506329,0.0108527131782946,0.013677811550152,0.0138888888888889,0.0121028744326778,0.00782472613458529,0.0107033639143731,0.0106221547799697,0.0078003120124805,0.00933125972006221,0.00904977375565611,0.00318471337579618,0.0124416796267496,0.00755287009063444,0.00613496932515337,0.00614439324116743,0.0141955835962145,0.0135746606334842,0.0108695652173913,0.0135746606334842,0.00949367088607595,0.00754147812971342,0.0122699386503067,0.00956937799043062,0.0107033639143731,0.0107692307692308,0.0060882800608828,0.00930232558139535,0.0119581464872945,0.00924499229583975,0.00764525993883792,0.0123076923076923,0.0125391849529781,0.0122511485451761,0.00900900900900901,0.0106060606060606,0.009375,0.0121765601217656,0.010989010989011,0.00892857142857143,0.0104477611940299,0.0108527131782946,0.00606980273141123,0.00782472613458529,0.992012779552716,0.151840490797546,0.311649016641452,0.876506024096386,0.992295839753467,0.990922844175492,0.807866868381241,0.858877086494689,0.995384615384615,0.992401215805471,0.979969183359014,1,0.871875,0.996974281391831,0.995384615384615,0.989197530864197,0.978658536585366,0.981424148606811,0.965244865718799,0.841221374045802,0.879756468797565,0.998442367601246,0.995426829268293,0.992412746585736,0.882170542635659,0.990712074303406,0.903374233128834,0.850556438791733,0.996974281391831,0.733333333333333,0.996932515337423,0.880239520958084,0.987987987987988,0.996951219512195,0.998480243161094,0.998463901689708,0.864274570982839,0.996932515337423,0.859756097560976,1,1,0.913522012578616,0.85377358490566,0.9984375,0.959398496240601,0.0200927357032458,0,0,0,0,0.0110062893081761,0.0168970814132104,0.0124223602484472,0,0.00906344410876133,0,0,0.00316455696202532,0.00766871165644172,0.0168453292496172,0,0,0,0,0.0168195718654434,0.0154083204930663,0,0,0.0202492211838006,0,0.0169753086419753,0,0.0125195618153365,0,0,0,0.0199081163859112,0,0,0.0139968895800933,0.00617283950617284,0.0169230769230769,0,0.0141287284144427,0,0,0.0156985871271586,0.00151057401812689,0.0138248847926267,0.0196969696969697,0.0217054263565891,0,0,0,0,0,0.0203125,0,0.0136363636363636,0,0.0182094081942337,0.0138248847926267,0,0,0.0153846153846154,0,0.0104321907600596,0,0,0.0156739811912226,0.0188383045525903,0,0,0,0.0233281493001555,0.0217391304347826,0,0,0,0.0179372197309417,0,0.0189274447949527,0.0137825421133231,0,0,0,0,0.0138674884437596,0,0.00458015267175573,0,0.0153846153846154,0.00460122699386503,0.0109717868338558,0,0,0.0213089802130898,0.0202492211838006,0.0172413793103448,0,0,0.00299850074962519,0,0,0,0.0214723926380368,0.0185471406491499,0.00798722044728434,0.0214723926380368,0.0138461538461538,0,0.018348623853211,0.0120300751879699,0.0147710487444609,0.0060882800608828,0,0,0,0.0180451127819549,0.0187207488299532,0.00153139356814701,0,0,0,0.00610687022900763,0,0.00459418070444104,0.00921658986175115,0.0164670658682635,0.00918836140888208,0,0.0178041543026706,0.00597014925373134,0,0.0204081632653061,0.018348623853211,0,0,0,0.0170278637770898,0,0.0185185185185185,0,0.00159235668789809,0,0.0202492211838006,0,0.0122511485451761,0,0.0188679245283019,0.0193164933135215,0,0
"93",0.0015748031496063,0.00476947535771065,0.00156985871271586,0.00160513643659711,0.00797448165869218,0.0141955835962145,0.0144927536231884,0.014446227929374,0.0144,0.0124223602484472,0.0138461538461538,0.0124804992199688,0.0110584518167457,0.0125391849529781,0.0109546165884194,0.0128824476650564,0.00964630225080386,0.012326656394453,0.0113268608414239,0.0128,0.0141065830721003,0.00643086816720257,0.00778816199376947,0.0129659643435981,0.0124223602484472,0.0111464968152866,0.0139103554868624,0.0131578947368421,0.0123076923076923,0.0142857142857143,0.0130505709624796,0.0110410094637224,0.0124416796267496,0.00940438871473354,0.0111287758346582,0.0138674884437596,0.0112359550561798,0.0139103554868624,0.0125588697017268,0.016260162601626,0.0140625,0.0107692307692308,0.0126182965299685,0.0146341463414634,0.0126182965299685,0.0143312101910828,0.0137825421133231,0.00454545454545455,0.00473186119873817,0.0015625,0.00164203612479475,0.907166123778502,0.224648985959438,0.381761978361669,0.967289719626168,0.914826498422713,0.934883720930233,0.892857142857143,0.949286846275753,0.917721518987342,0.931464174454829,0.941732283464567,0.916403785488959,0.958199356913183,0.917829457364341,0.922955974842767,0.919614147909968,0.911532385466035,0.927215189873418,0.935691318327974,0.917591125198098,0.94770206022187,0.917065390749601,0.921383647798742,0.918711656441718,0.9552,0.928,0.947115384615385,0.962783171521036,0.910236220472441,0.844094488188976,0.917721518987342,0.964506172839506,0.931357254290172,0.919431279620853,0.910631741140216,0.912908242612753,0.943037974683544,0.919614147909968,0.925696594427245,0.911858974358974,0.913522012578616,1,0.923809523809524,0.922705314009662,0.949921752738654,0.0111464968152866,0,0,0,0.0015625,0.00811688311688312,0.0128205128205128,0.00796178343949045,0,0.00777604976671851,0.0016,0.00156494522691706,0.00476190476190476,0.00623052959501558,0.0109546165884194,0.00163132137030995,0,0.00161550888529887,0,0.0124804992199688,0.0110062893081761,0,0.00159744408945687,0.0128617363344051,0,0.0128,0,0.0109546165884194,0,0,0.00153139356814701,0.0142630744849445,0.00155763239875389,0.00153374233128834,0.00938967136150235,0.00474683544303797,0.0128205128205128,0,0.00823723228995058,0,0.0015552099533437,0.0113085621970921,0.00318471337579618,0.00793650793650794,0.015600624024961,0.0173228346456693,0,0,0,0,0,0.0160513643659711,0.00157232704402516,0.00941915227629513,0,0.0140845070422535,0.0063391442155309,0.00155038759689922,0.00157728706624606,0.0110062893081761,0.00161030595813205,0.00613496932515337,0.00157728706624606,0.00156739811912226,0.0111821086261981,0.0127591706539075,0,0,0,0.0175438596491228,0.0158730158730159,0,0,0,0.0122324159021407,0,0.0147299509001637,0.0111821086261981,0.00165837479270315,0,0,0.00161290322580645,0.00967741935483871,0.0015600624024961,0.00471698113207547,0.00150602409638554,0.0108695652173913,0.00317965023847377,0.00969305331179321,0.0016025641025641,0,0.0160771704180064,0.0158478605388273,0.0127591706539075,0,0,0.00314465408805031,0,0.00158730158730159,0,0.0143769968051118,0.0128824476650564,0.00324675324675325,0.0141509433962264,0.0111642743221691,0.0015748031496063,0.0139318885448916,0.0062015503875969,0.0122699386503067,0.00615384615384615,0.00156494522691706,0.00158227848101266,0,0.0138461538461538,0.0127591706539075,0.00152671755725191,0,0,0.00158982511923688,0.00314465408805031,0.00158730158730159,0.00480769230769231,0.00635930047694754,0.010752688172043,0.00634920634920635,0.0016025641025641,0.0139103554868624,0.00458015267175573,0.00161290322580645,0.0160513643659711,0.0123839009287926,0.00161550888529887,0.00158982511923688,0.00158730158730159,0.0109717868338558,0,0.0143540669856459,0,0.00327332242225859,0,0.0141509433962264,0.00156494522691706,0.0062402496099844,0.0016025641025641,0.0145631067961165,0.0123839009287926,0,0.00157232704402516
"94",0,0,0,0,0.00483870967741936,0.00623052959501558,0.00818330605564648,0.00818330605564648,0.00811688311688312,0.00777604976671851,0.00791139240506329,0.00946372239747634,0.00641025641025641,0.0062402496099844,0.0062015503875969,0.00810372771474878,0.00479233226837061,0.00770416024653313,0.00481540930979133,0.00646203554119548,0.00634920634920635,0.0032258064516129,0.00474683544303797,0.00806451612903226,0.00927357032457496,0.00952380952380952,0.00784929356357928,0.00654664484451719,0.00461538461538462,0.00964630225080386,0.00662251655629139,0.00637958532695375,0.00623052959501558,0.00473186119873817,0.00321543408360129,0.00460829493087558,0.00487012987012987,0.0078003120124805,0.00642054574638844,0.00811688311688312,0.00802568218298555,0.0046875,0.00794912559618442,0.008,0.004739336492891,0.0063391442155309,0.00764525993883792,0,0,0,0,0.852596314907873,0.3265625,0.483720930232558,0.966772151898734,0.8352,0.862068965517241,0.942006269592476,0.987117552334944,0.853503184713376,0.865203761755486,0.867954911433172,0.848966613672496,0.966996699669967,0.851500789889415,0.860576923076923,0.847003154574132,0.838862559241706,0.834670947030498,0.883116883116883,1,0.970172684458399,0.856682769726248,0.847860538827258,0.851330203442879,0.954983922829582,0.853269537480064,0.948356807511737,0.976,0.844339622641509,0.916139240506329,0.85781990521327,0.962962962962963,0.839370078740157,0.851097178683386,0.847222222222222,0.855555555555556,0.979066022544283,0.852327447833066,1,0.858974358974359,0.85377358490566,0.923809523809524,1,0.860128617363344,0.882260596546311,0,0.0142630744849445,0.0173775671406003,0.0239234449760766,0.0078003120124805,0,0,0,0.0178282009724473,0,0.00636942675159236,0.00631911532385466,0,0,0,0.00495867768595041,0.0203442879499218,0.00810372771474878,0.0113452188006483,0,0,0.0231839258114374,0.00791139240506329,0,0.0211038961038961,0,0.0141732283464567,0,0.0191082802547771,0.0146103896103896,0.0062015503875969,0,0.00791139240506329,0.00463678516228748,0,0.0048,0,0.0198170731707317,0,0.0204724409448819,0.00775193798449612,0,0.009375,0.00157728706624606,0,0,0.0221169036334913,0.00642054574638844,0.0110062893081761,0.0157232704402516,0.0156494522691706,0,0.00789889415481832,0,0.0208333333333333,0,0,0.00786163522012579,0.00476947535771065,0,0.00649350649350649,0,0.00955414012738853,0.004739336492891,0,0,0.00625,0.0209339774557166,0.0171875,0,0,0.0161030595813204,0.0176,0.019047619047619,0,0.0235478806907378,0,0,0.00993377483443709,0.0224358974358974,0.00481540930979133,0.00644122383252818,0,0.00626959247648903,0.00475435816164818,0.00458715596330275,0,0.00158478605388273,0,0.00964630225080386,0.0161290322580645,0,0,0,0.0262345679012346,0.0220125786163522,0.00470219435736677,0.0188976377952756,0.0125195618153365,0.0242718446601942,0,0,0,0,0,0.00786163522012579,0,0,0,0,0.00475435816164818,0.00809061488673139,0.0282131661442006,0,0,0.015625,0.0247524752475248,0.00628930817610063,0.00627943485086342,0.00156494522691706,0.00955414012738853,0.0032,0,0,0,0.00329489291598023,0,0,0.00327332242225859,0,0,0.00649350649350649,0.00635930047694754,0.00632911392405063,0,0.0236593059936909,0,0.0203761755485893,0.00829187396351575,0.0062992125984252,0,0.0063391442155309,0,0.00638977635782748,0,0,0.0219092331768388,0.00943396226415094
"95",0.00470219435736677,0.00645161290322581,0.0015748031496063,0.00475435816164818,0.0127388535031847,0.0141287284144427,0.0160513643659711,0.016366612111293,0.0159489633173844,0.0170807453416149,0.015748031496063,0.0174603174603175,0.0159489633173844,0.0156494522691706,0.0125588697017268,0.012987012987013,0.0145161290322581,0.0124031007751938,0.0111464968152866,0.014446227929374,0.0125588697017268,0.0064,0.0110410094637224,0.0177993527508091,0.0187207488299532,0.0158227848101266,0.0158982511923688,0.015,0.0106544901065449,0.019047619047619,0.0147540983606557,0.015625,0.0171073094867807,0.0109204368174727,0.014308426073132,0.0155763239875389,0.0129449838187702,0.0126582278481013,0.0158227848101266,0.0198675496688742,0.0206349206349206,0.0155763239875389,0.0156739811912226,0.0127591706539075,0.0142630744849445,0.0176848874598071,0.0138461538461538,0.00609756097560976,0.0062992125984252,0.00316957210776545,0.0032258064516129,0.983633387888707,0.160686427457098,0.305426356589147,0.887022900763359,0.990476190476191,0.990551181102362,0.81377151799687,0.869009584664537,0.996825396825397,0.992175273865415,0.979133226324238,1,0.881877022653722,0.998412698412698,0.998397435897436,0.988871224165342,0.976708074534162,0.980582524271845,0.974151857835218,0.848726114649682,0.882629107981221,0.998389694041868,0.996820349761526,0.990551181102362,0.885532591414944,0.990369181380417,0.906050955414013,0.86038961038961,0.998402555910543,0.746835443037975,0.998410174880763,0.885496183206107,0.990668740279938,0.996820349761526,1,1,0.872813990461049,0.998387096774194,0.864696734059098,0.998384491114701,0.9984375,0.922705314009662,0.860128617363344,1,0.9546875,0.0142630744849445,0,0,0,0,0.00809061488673139,0.0176282051282051,0.00805152979066022,0,0.00470957613814757,0,0,0,0.003125,0.0143312101910828,0,0,0,0,0.0127186009538951,0.0126382306477093,0,0,0.0194489465153971,0,0.0144,0,0.0112721417069243,0,0,0,0.0176282051282051,0,0,0.0110759493670886,0.00797448165869218,0.0162866449511401,0,0.016025641025641,0,0,0.0182421227197347,0.0031496062992126,0.00784929356357928,0.0156739811912226,0.0188383045525903,0,0,0,0,0,0.0178282009724473,0,0.0111287758346582,0,0.0157232704402516,0.00791139240506329,0,0,0.0141065830721003,0,0.00618238021638331,0,0,0.00963081861958266,0.0143769968051118,0,0,0,0.0208,0.0194489465153971,0,0,0,0.0168970814132104,0,0.0165289256198347,0.0129659643435981,0,0,0,0,0.0143769968051118,0,0.00158982511923688,0,0.0172413793103448,0.00157232704402516,0.0113085621970921,0,0,0.0204081632653061,0.0190779014308426,0.0177705977382876,0,0,0,0,0,0,0.0161030595813204,0.012987012987013,0.00496688741721854,0.0156739811912226,0.0141732283464567,0,0.0156739811912226,0.00775193798449612,0.0140405616224649,0.00309597523219814,0,0,0,0.0186915887850467,0.0161812297734628,0.0031201248049922,0,0,0,0.0015552099533437,0,0.00158478605388273,0.00478468899521531,0.0153139356814701,0.00627943485086342,0,0.0139103554868624,0.0046801872074883,0,0.016260162601626,0.0141509433962264,0,0,0,0.0139968895800933,0,0.0179153094462541,0,0.00332778702163062,0,0.0142857142857143,0,0.00805152979066022,0,0.0146103896103896,0.0123839009287926,0,0
"96",0,0.00312989045383412,0.00154559505409583,0,0.012326656394453,0.0153374233128834,0.0170542635658915,0.015552099533437,0.01875,0.0164424514200299,0.0154559505409583,0.0153846153846154,0.0139318885448916,0.0181818181818182,0.0151515151515152,0.014018691588785,0.0154320987654321,0.015220700152207,0.0093603744149766,0.0172684458398744,0.0122699386503067,0.0062111801242236,0.00758725341426404,0.0170542635658915,0.0182926829268293,0.0152439024390244,0.0167173252279635,0.0190174326465927,0.013595166163142,0.0200308166409861,0.016366612111293,0.0137614678899083,0.018348623853211,0.0150829562594268,0.0154798761609907,0.0164424514200299,0.0124416796267496,0.0136986301369863,0.0187207488299532,0.0221518987341772,0.0199386503067485,0.0151285930408472,0.0184331797235023,0.0154559505409583,0.013719512195122,0.0173228346456693,0.0164424514200299,0.00301659125188537,0.00304878048780488,0.0030441400304414,0.00312989045383412,0.941082802547771,0.177914110429448,0.334360554699538,0.918552036199095,0.951638065522621,0.966767371601209,0.852760736196319,0.898305084745763,0.953416149068323,0.96996996996997,0.967542503863988,0.957680250783699,0.916535433070866,0.953917050691244,0.958397534668721,0.958588957055215,0.933028919330289,0.960876369327074,0.938582677165354,0.88,0.927692307692308,0.951486697965571,0.954128440366973,0.949924127465857,0.926380368098159,0.970266040688576,0.92093023255814,0.895148669796557,0.954268292682927,0.802773497688752,0.958397534668721,0.92065868263473,0.956390977443609,0.95405819295559,0.956060606060606,0.961832061068702,0.905808477237049,0.959438377535101,0.896024464831804,0.959119496855346,0.959398496240601,0.949921752738654,0.882260596546311,0.9546875,1,0.015552099533437,0.00154798761609907,0,0.00156494522691706,0,0.0109717868338558,0.0137404580152672,0.0124031007751938,0.00159235668789809,0.0075187969924812,0,0,0.0031104199066874,0.0061633281972265,0.0167427701674277,0,0,0,0.00157232704402516,0.016793893129771,0.0155763239875389,0.00147275405007364,0,0.0141065830721003,0.00159235668789809,0.0172684458398744,0,0.0109546165884194,0.00153374233128834,0.00156985871271586,0,0.0168970814132104,0,0,0.0107858243451464,0.00928792569659443,0.0124223602484472,0.0015015015015015,0.0126582278481013,0.00151975683890578,0,0.0126782884310618,0.00303490136570561,0.0122137404580153,0.0151745068285281,0.0170542635658915,0,0,0.0015527950310559,0,0.00148367952522255,0.0171606864274571,0,0.0106544901065449,0,0.0166414523449319,0.0122137404580153,0,0,0.0123839009287926,0,0.00904977375565611,0,0,0.0138888888888889,0.0141955835962145,0,0.00155038759689922,0,0.0184899845916795,0.0174880763116057,0.00157977883096367,0.00153139356814701,0,0.0136363636363636,0.00153374233128834,0.0158982511923688,0.0139968895800933,0.00158730158730159,0,0,0,0.00940438871473354,0,0.00453172205438067,0,0.0122699386503067,0.00455235204855842,0.0109204368174727,0.00153374233128834,0,0.0167173252279635,0.015748031496063,0.0156739811912226,0.00151515151515152,0,0.00301204819277108,0,0,0,0.0171339563862928,0.0141509433962264,0.00642054574638844,0.018348623853211,0.0108864696734059,0,0.0166414523449319,0.00906344410876133,0.0135338345864662,0.0060790273556231,0,0,0,0.013719512195122,0.0173775671406003,0.00457317073170732,0.00159235668789809,0,0,0.00604229607250755,0,0.00470957613814757,0.00769230769230769,0.014792899408284,0.0093167701863354,0,0.0150602409638554,0.00452488687782805,0,0.0158478605388273,0.0138036809815951,0,0,0,0.0136363636363636,0.00155038759689922,0.0141732283464567,0.00152671755725191,0.00317965023847377,0,0.0186625194401244,0,0.010590015128593,0,0.0155763239875389,0.0136157337367625,0,0.00155763239875389
"97",0.615625,0.61259842519685,0.5776,0.596491228070175,0,0,0,0,0,0,0,0,0,0,0,0,0,0,0,0,0,0,0,0,0,0,0,0,0,0,0,0,0,0,0,0,0,0,0,0,0,0,0,0,0,0,0,0.620426829268293,0.618066561014263,0.599063962558502,0.592233009708738,0.019672131147541,0,0,0.0139318885448916,0.0224719101123595,0.014018691588785,0.0108695652173913,0.00963081861958266,0.0144,0.0172684458398744,0.0096,0.0157728706624606,0.0129449838187702,0.0204081632653061,0.01743264659271,0.0161030595813204,0.0334394904458599,0.0177705977382876,0.016260162601626,0,0.0156985871271586,0.0143312101910828,0.0158730158730159,0.0124031007751938,0.0144,0.0145161290322581,0.0140845070422535,0.00985221674876847,0.0157232704402516,0,0.0141955835962145,0.0108527131782946,0.0171606864274571,0.0126582278481013,0.0140845070422535,0.0189274447949527,0.00952380952380952,0.0175718849840256,0,0.014308426073132,0.0200927357032458,0.0111464968152866,0,0.0142630744849445,0.015552099533437,1,0.00636942675159236,0.003125,0.00316455696202532,0.00157728706624606,0.236628849270664,0.527156549520767,0.476038338658147,0.00159235668789809,0.1671875,0.00320512820512821,0.0031104199066874,0.151219512195122,0.127725856697819,1,0.057784911717496,0.00156985871271586,0.00315955766192733,0.00324149108589951,1,0.504761904761905,0.00152905198776758,0.010989010989011,0.5311004784689,0.0016260162601626,1,0.00318979266347687,1,0.00313479623824451,0.0206677265500795,0.0029940119760479,1,0.00308641975308642,0.00306748466257669,0.437699680511182,0.174603174603175,0.47741935483871,0.0031201248049922,0.534510433386838,0,0.00315457413249211,0.521103896103896,0.134493670886076,0.583201267828843,0.573872472783826,0.555379746835443,0.00158478605388273,0.00324675324675325,0.00469483568075117,0.00316957210776545,0.00309119010819165,0.744715447154472,0.014218009478673,0.427001569858713,0.00321543408360129,0.998417721518987,0.320813771517997,0.00305810397553517,0.00158227848101266,1,0.00328407224958949,0.171253822629969,0.00318979266347687,0.00154798761609907,1,0.857374392220421,0.00159235668789809,0.0032520325203252,0.00313971742543171,0.573717948717949,0.574675324675325,0.00325732899022801,0.0032,0.00156985871271586,0.536434108527132,0.0031201248049922,0.524046434494196,0.439222042139384,0.0245499181669394,0.0031496062992126,0.0143540669856459,0.0065359477124183,0.545310015898251,0.00156985871271586,0.0546875,0.0137614678899083,0.509493670886076,0.082018927444795,1,0.00160513643659711,0.00323101777059774,0.515772870662461,0.509803921568627,0.541871921182266,0.00311526479750779,0.003125,0.0490506329113924,0.00315955766192733,0.0173501577287066,0.00326797385620915,1,1,0.16887417218543,0.973186119873817,0.998410174880763,0.00157728706624606,1,0.352307692307692,0.996860282574568,0.115444617784711,0.00161290322580645,0.365203761755486,0.00308641975308642,0.517133956386293,0.521103896103896,0.0110410094637224,0.00324675324675325,0.00308641975308642,0.00159489633173844,0.0772870662460568,0.0032,0.0670926517571885,0.156398104265403,1,0.171701112877583,0.00322061191626409,1,0.108024691358025,0.00972447325769854,0.941558441558442,0.971428571428571,0.0016366612111293,0.00313479623824451,0.00317460317460317,1,0.00317460317460317,0.540229885057471,0.00312989045383412,0.0180032733224223,0.0031201248049922,1,0.0222222222222222,0.21993670886076,0.00320512820512821,1,0.982998454404946,0.00312989045383412,0.00161290322580645
"98",0,0.0015625,0.0031104199066874,0.0015748031496063,0,0,0,0,0,0,0,0,0,0,0,0,0,0,0,0,0,0,0,0,0,0,0,0,0,0,0,0,0,0,0,0,0,0,0,0,0,0,0,0,0,0,0,0.00151515151515152,0.00156985871271586,0.00309597523219814,0.00315457413249211,0,0.358814352574103,0.233128834355828,0.0015527950310559,0,0,0.00763358778625954,0.0062992125984252,0,0,0,0,0.0016025641025641,0,0,0,0,0,0.00159744408945687,0.0205696202531646,0.004739336492891,0,0,0,0.00158478605388273,0,0.0016,0.00638977635782748,0,0.0535433070866142,0,0.00152439024390244,0,0,0,0,0.00483870967741936,0,0.0168711656441718,0,0,0,0.0142630744849445,0,0.00154798761609907,0.00636942675159236,1,0.739788199697428,0.784911717495987,0.46875,0.176282051282051,0.177115987460815,0.177672955974843,0.870607028753994,0.183229813664596,0.509375,0.340590979782271,0.1536,0.115919629057187,0.00927357032457496,0.161858974358974,0.747663551401869,0.314814814814815,0.77491961414791,0.0078125,0.194099378881988,0.754518072289157,0.232227488151659,0.178628389154705,0.822966507177033,0.0063391442155309,0.802795031055901,0.00943396226415094,0.760869565217391,0.898251192368839,0.335338345864662,0.00475435816164818,0.488408037094281,0.350308641975309,0.162246489859594,0.438985736925515,0.224165341812401,0.821212121212121,0.169082125603865,0.741085271317829,0.444954128440367,0.177339901477833,0.424764890282132,0.23208722741433,0.157320872274143,0.169303797468354,0.799689440993789,0.463022508038585,0.925465838509317,0.896389324960754,0.809815950920245,0.130573248407643,0.221020092735703,0.15541601255887,0.684542586750789,0.0108359133126935,0.162717219589258,0.426153846153846,0.422291993720565,0.00946372239747634,0.410339256865913,0.166158536585366,0.867834394904459,0.424528301886792,0.00788643533123028,0.0128,0.335394126738794,0.800970873786408,0.6984375,0.14622641509434,0.167721518987342,0.7872,0.836734693877551,0.813990461049285,0.157733537519142,0.796583850931677,0.165573770491803,0.191247974068071,0.680577849117175,0.702325581395349,0.225196850393701,0.381028938906752,0.161949685534591,0.527216174183515,0.161787365177196,0.361027190332326,0.165891472868217,0.128930817610063,0.00478468899521531,0.671383647798742,0.729430379746835,0.182098765432099,0.174050632911392,0.17219589257504,0.788819875776398,0.719754977029097,0.1671875,0.755038759689923,0.903225806451613,0.705787781350482,0.00950871632329636,0.00630914826498423,0.144480519480519,0.0356037151702786,0.0110236220472441,0.435458786936236,0.0109034267912773,0.138719512195122,0.0138674884437596,0.100931677018634,0.418679549114332,0.336448598130841,0.653250773993808,0.187981510015408,0.168810289389068,0.831496062992126,0.741407528641571,0.452160493827161,0.350387596899225,0.134375,0.427001569858713,0.140157480314961,0.0932069510268562,0.00458015267175573,0.202211690363349,0.322327044025157,0.00754147812971342,0.221036585365854,0.2096,0.00952380952380952,0.00782472613458529,0.32753164556962,0.292569659442724,0.3375,0.00625978090766823,0.800940438871473,0.16852146263911,0.806800618238022,0.439935064935065,0.412307692307692,0.00623052959501558,0.377151799687011,0.130030959752322,0.3888,0.00955414012738853,0.0091324200913242,0.802795031055901,0.750778816199377
"99",0,0.0015527950310559,0.00159235668789809,0,0,0,0,0,0,0,0,0,0,0,0,0,0,0,0,0,0,0,0,0,0,0,0,0,0,0,0,0,0,0,0,0,0,0,0,0,0,0,0,0,0,0,0,0.00149925037481259,0.00154083204930663,0.00153139356814701,0.00157232704402516,0,0.63020030816641,0.478195488721805,0.00154798761609907,0,0,0.00305810397553517,0.00625978090766823,0,0,0,0,0.00314465408805031,0,0,0,0,0,0.00156739811912226,0.0245775729646697,0.00153846153846154,0,0,0,0.00154083204930663,0,0.00154559505409583,0.00625978090766823,0,0.0751533742331288,0,0.003003003003003,0,0,0,0,0.0078740157480315,0,0.0230061349693252,0,0,0,0.0173775671406003,0,0,0.003125,0.739788199697428,1,0.897151898734177,0.417310664605873,0.00798722044728434,0.0031104199066874,0.00308641975308642,0.868670886075949,0.0185758513931889,0.468944099378882,0.290964777947933,0.0303030303030303,0.0496124031007752,0.00307219662058372,0.121212121212121,0.902627511591963,0.2796875,0.831210191082803,0.00152905198776758,0.00303951367781155,0.971599402092676,0.170579029733959,0.00316957210776545,0.915064102564103,0.00155763239875389,0.928682170542636,0.0015625,0.993798449612403,0.655063291139241,0.27736131934033,0.00156739811912226,0.476708074534161,0.284857571214393,0.0031201248049922,0.195652173913043,0.0107692307692308,0.902548725637181,0.00315457413249211,0.981481481481482,0.320610687022901,0.0032258064516129,0.196567862714509,0.0202808112324493,0.00305810397553517,0.00153374233128834,0.919083969465649,0.279620853080569,0.679878048780488,0.844236760124611,0.912576687116564,0.00160513643659711,0.166926677067083,0.00153846153846154,0.96411856474259,0.00303490136570561,0.00156739811912226,0.399399399399399,0.357927786499215,0.0030441400304414,0.367670364500792,0.013677811550152,0.661993769470405,0.407066052227343,0.00155038759689922,0.00154559505409583,0.28416149068323,0.901898734177215,0.915915915915916,0.0031104199066874,0.00315457413249211,0.918918918918919,0.890625,0.892141756548536,0.00302114803625378,0.912442396313364,0.00161030595813205,0.00318979266347687,0.424878836833603,0.972434915773354,0.167441860465116,0.193798449612403,0.00154798761609907,0.423076923076923,0.122511485451761,0.169139465875371,0.00153609831029186,0.0865533230293663,0.00315457413249211,0.648351648351648,0.988888888888889,0.00152905198776758,0.00157728706624606,0.00157977883096367,0.904545454545455,0.91969696969697,0.12326656394453,0.978361669242658,0.651376146788991,0.979365079365079,0.0031496062992126,0.00157232704402516,0.00641025641025641,0.00309119010819165,0.0031104199066874,0.41358024691358,0.00305810397553517,0.00304878048780488,0.003003003003003,0.0602782071097372,0.380726698262243,0.25077399380805,0.937595129375951,0.00612557427258806,0.00157232704402516,0.587692307692308,0.982171799027553,0.414634146341463,0.316030534351145,0.0918836140888208,0.394216133942161,0.102918586789555,0.0185185185185185,0.00149253731343284,0.0172143974960876,0.272727272727273,0.00151515151515152,0.0617469879518072,0.161904761904762,0.00317460317460317,0.0015527950310559,0.277337559429477,0.244274809160305,0.286158631415241,0,0.919876733436055,0.00159489633173844,0.913312693498452,0.197068403908795,0.386018237082067,0.0015527950310559,0.176744186046512,0.00619195046439629,0.359497645211931,0.00316455696202532,0.0030441400304414,0.905487804878049,0.816901408450704
"100",0,0.00159744408945687,0.008,0.00803858520900321,0,0,0,0,0,0,0,0,0,0,0,0,0,0,0,0,0,0.00321543408360129,0.00625978090766823,0,0,0,0,0,0,0,0,0,0,0,0,0,0,0,0,0,0,0,0,0,0,0,0,0.00153609831029186,0.0015748031496063,0.00794912559618442,0.00972447325769854,0,0.566246056782334,0.448818897637795,0.00158730158730159,0,0,0.0203125,0.00809061488673139,0,0,0,0,0.0016260162601626,0,0,0,0,0,0.00160771704180064,0.0316957210776545,0.00967741935483871,0,0,0,0.00161030595813205,0,0.00159489633173844,0.00636942675159236,0,0.120253164556962,0,0.00311526479750779,0,0,0,0,0.00981996726677578,0,0.0292307692307692,0,0,0,0.0239234449760766,0,0.00156494522691706,0.00316455696202532,0.784911717495987,0.897151898734177,1,0.462025316455696,0.00162074554294976,0.0032,0.0032,0.946515397082658,0.00947867298578199,0.497584541062802,0.2896,0.0161290322580645,0.0299212598425197,0.0031104199066874,0.0912052117263844,0.960876369327074,0.2864,0.79344262295082,0.0015748031496063,0.0110236220472441,0.93587786259542,0.15311004784689,0.00327332242225859,0.982286634460548,0.00159744408945687,0.976377952755906,0.00160513643659711,0.90952380952381,0.692675159235669,0.288109756097561,0.00160771704180064,0.460587326120556,0.292834890965732,0.00315955766192733,0.219709208400646,0.028892455858748,0.969088098918083,0.00323624595469256,0.909657320872274,0.355694227769111,0.00334448160535117,0.212025316455696,0.055379746835443,0.00312989045383412,0.00161290322580645,0.985645933014354,0.254045307443366,0.740095087163233,0.911076443057722,0.99537037037037,0.00165562913907285,0.14873417721519,0.0015748031496063,0.89776357827476,0.00317460317460317,0.00160771704180064,0.42457231726283,0.3888,0.00315955766192733,0.348387096774194,0.00459418070444104,0.656,0.425867507886435,0.00161030595813205,0.00159744408945687,0.28414442700157,0.996830427892235,0.8328173374613,0.00317460317460317,0.00325732899022801,0.987034035656402,0.948717948717949,0.957074721780604,0.00311526479750779,0.976114649681529,0.00165016501650165,0.0033112582781457,0.487603305785124,0.894488188976378,0.158238172920065,0.1568,0.00163132137030995,0.371695178849145,0.103286384976526,0.155864197530864,0.0015748031496063,0.062200956937799,0.00324149108589951,0.674121405750799,0.896440129449838,0.0126984126984127,0.00161550888529887,0.00160771704180064,1,0.936236391912908,0.10062893081761,0.9375,0.705229793977813,0.908943089430894,0.0032626427406199,0.0016260162601626,0.00337268128161889,0.0095389507154213,0.00317460317460317,0.41692789968652,0.00313971742543171,0.00317460317460317,0.00309597523219814,0.0363349131121643,0.411111111111111,0.2976,0.875968992248062,0.00308166409861325,0.00162866449511401,0.625391849529781,0.919463087248322,0.441176470588235,0.325545171339564,0.0685358255451713,0.427899686520376,0.0780254777070064,0.00801282051282051,0.00153846153846154,0.0078740157480315,0.279032258064516,0.00154798761609907,0.036979969183359,0.147350993377483,0.00326797385620915,0.00158227848101266,0.295454545454545,0.238993710691824,0.298412698412698,0,0.992088607594937,0.00162337662337662,0.995260663507109,0.211475409836066,0.406645569620253,0.00157977883096367,0.153724247226624,0.00158730158730159,0.373590982286634,0.00323624595469256,0.00307692307692308,0.996850393700787,0.784929356357928
"101",0,0.0015625,0.00153139356814701,0,0,0,0,0,0,0,0,0,0,0,0,0,0,0,0,0,0,0,0,0,0,0,0,0,0,0,0,0,0,0,0,0,0,0,0,0,0,0,0,0,0,0,0,0.00148148148148148,0.00155038759689922,0.00153374233128834,0.00158982511923688,0,0.0948012232415902,0.0442073170731707,0.00154083204930663,0,0,0,0.00618238021638331,0,0,0.00313479623824451,0,0.00158478605388273,0,0,0,0,0.00155763239875389,0.0015600624024961,0.0093167701863354,0,0,0,0,0.00157232704402516,0,0.00309597523219814,0.0110759493670886,0,0.0279937791601866,0,0.00301204819277108,0,0,0,0,0.00465116279069767,0,0.00918836140888208,0,0,0.0015625,0.0078003120124805,0,0,0.00157728706624606,0.46875,0.417310664605873,0.462025316455696,1,0.181388012618297,0.00625,0.0078003120124805,0.496835443037975,0.30381679389313,0.973478939157566,0.844854070660522,0.361331220285261,0.521671826625387,0.00153609831029186,0.617834394904459,0.401538461538462,0.846761453396525,0.605055292259084,0,0.014018691588785,0.427503736920777,0.684782608695652,0.00638977635782748,0.496062992125984,0,0.488549618320611,0.00156739811912226,0.407066052227343,0.5640625,0.847730600292826,0,0.875195007800312,0.842987804878049,0.0170807453416149,0.28393135725429,0.0359937402190923,0.455489614243323,0.00318471337579618,0.398473282442748,0.830534351145038,0.00484652665589661,0.348367029548989,0.104072398190045,0.00153846153846154,0,0.469578783151326,0.583463338533541,0.548286604361371,0.480559875583204,0.471036585365854,0.00161030595813205,0.682515337423313,0.0137825421133231,0.37962962962963,0.00152905198776758,0.0862068965517241,0.972809667673716,0.940532081377152,0.00154320987654321,0.898089171974522,0.294117647058824,0.569640062597809,0.981337480559876,0,0.0015748031496063,0.852941176470588,0.474603174603175,0.524242424242424,0.00153846153846154,0.00158982511923688,0.443037974683544,0.463901689708141,0.480680061823802,0.0031104199066874,0.495398773006135,0.0016025641025641,0.015748031496063,0.420545746388443,0.389908256880734,0.690513219284603,0.489763779527559,0.00469483568075117,0.737003058103975,0.621165644171779,0.478518518518519,0.00462249614791988,0.606864274570983,0.0015748031496063,0.792511700468019,0.409448818897638,0.00927357032457496,0.00476947535771065,0.0046875,0.457703927492447,0.393893129770992,0.619047619047619,0.413010590015129,0.561832061068702,0.393081761006289,0.00157977883096367,0.00157728706624606,0.325281803542673,0.00307219662058372,0.0015527950310559,0.968992248062015,0.00151515151515152,0.0855365474339036,0.00151745068285281,0.549230769230769,0.955038759689922,0.629057187017002,0.343987823439878,0.00606060606060606,0.00481540930979133,0.360681114551084,0.397415185783522,0.983206106870229,0.901990811638591,0.612654320987654,0.981395348837209,0.609105180533752,0.419906687402799,0,0.271212121212121,0.837320574162679,0.00151285930408472,0.356495468277946,0.69551282051282,0.00157232704402516,0.00152439024390244,0.842948717948718,0.783076923076923,0.837672281776417,0,0.481651376146789,0.00318471337579618,0.447692307692308,0.44408945686901,0.958904109589041,0,0.434984520123839,0.281733746130031,0.95260663507109,0.00158478605388273,0.00152671755725191,0.472560975609756,0.595679012345679
"102",0.0591054313099042,0.067741935483871,0.0555555555555556,0.0432,0,0,0,0,0,0,0,0,0,0,0,0,0,0,0,0,0,0,0,0,0,0,0,0,0,0,0,0,0,0,0,0,0,0,0,0,0,0,0,0,0,0,0,0.071097372488408,0.0673076923076923,0.0513643659711075,0.0434083601286174,0.0115702479338843,0,0,0.0078740157480315,0.0146103896103896,0.00792393026941363,0.00480769230769231,0.0032258064516129,0.00970873786407767,0.0110410094637224,0.0144927536231884,0.011437908496732,0.00488599348534202,0.0127186009538951,0.012924071082391,0.011437908496732,0.00958466453674121,0.0111111111111111,0.00814332247557003,0,0.00802568218298555,0.00651465798045603,0.00807754442649435,0.00789889415481832,0.008,0.00813008130081301,0.00818330605564648,0.0033003300330033,0.00956937799043062,0,0.00975609756097561,0.0062402496099844,0.00940438871473354,0.0111821086261981,0.0109375,0.0110935023771791,0.00479233226837061,0.0112721417069243,0,0.00972447325769854,0.0110062893081761,0.00811688311688312,0,0.00809061488673139,0.0109717868338558,0.236628849270664,0.176282051282051,0.00798722044728434,0.00162074554294976,0.181388012618297,1,0.709208400646204,0.753225806451613,0.0260586319218241,0.865718799368088,0.135483870967742,0.348031496062992,0.825944170771757,0.666134185303514,0.23696682464455,0.561258278145695,0,0.34257748776509,0.0943089430894309,0.226837060702875,0.708133971291866,0.00311526479750779,0.493548387096774,0.698517298187809,0.00489396411092985,0.248366013071895,0.00480769230769231,0.234426229508197,0.00638977635782748,0.245928338762215,0.352574102964119,0.24232633279483,0.242902208201893,0.356143079315708,0.8,0.706362153344209,0.727714748784441,0.0185185185185185,0.711221122112211,0.00158730158730159,0.329073482428115,0.697674418604651,0.715179968701095,0.58908507223114,0.678683385579937,0.670926517571885,0.00317965023847377,0.5872,0.23482428115016,0.0609375,0.00159744408945687,0.501639344262295,0.496025437201908,0.804523424878837,0.0016,0.244131455399061,0.880064829821718,0.218700475435816,0.247191011235955,0.23015873015873,0.298850574712644,0.884914463452566,0.258064516129032,0.20919175911252,0.238325281803543,0.379421221864952,0.343450479233227,0.00160771704180064,0.00940438871473354,0.656451612903226,0.651315789473684,0.00162337662337662,0.0267295597484277,0.0210016155088853,0.693396226415094,0.0047244094488189,0.717171717171717,0.786535303776683,0.486133768352365,0.00161030595813205,0.488709677419355,0.70957095709571,0.697452229299363,0.394944707740916,0.555905511811024,0.708841463414634,0.725832012678288,0.573482428115016,0.230016313213703,0.101777059773829,0.00491803278688525,0.701587301587302,0.724590163934426,0.697115384615385,0.00157232704402516,0.00157232704402516,0.553968253968254,0.0031496062992126,0.241214057507987,0.0016366612111293,0.253634894991922,0.233333333333333,0.846787479406919,0.246794871794872,0.235668789808917,0.211111111111111,0.236044657097289,0.853125,0.2359375,0.619426751592357,0.243548387096774,0.202229299363057,0.00157977883096367,0.712480252764613,0.715702479338843,0.355877616747182,0.00166944908180301,0.206022187004754,0.2953125,0.577464788732394,0.200320512820513,0.56957928802589,0.744783306581059,0.235658914728682,0.923930269413629,0.353130016051364,0.239130434782609,0.846273291925466,0.504105090311987,0.295269168026101,0.254716981132075,0.347039473684211,0.421725239616613,0.358851674641148,0.231511254019293,0.00162074554294976,0.701986754966887,0.0016,0.698175787728027,0.224522292993631,0.244766505636071,0.760064412238325,0.841772151898734,0.245614035087719,0.239095315024233,0.246489859594384,0.0015748031496063,0.101748807631161
"103",0.249607535321821,0.240770465489567,0.215530903328051,0.192616372391653,0,0,0,0,0,0,0,0,0,0,0,0,0,0,0,0,0,0,0,0,0,0,0,0,0,0,0,0,0,0,0,0,0,0,0,0,0,0,0,0,0,0,0,0.254545454545455,0.245253164556962,0.236306729264476,0.219903691813804,0.0245901639344262,0,0,0.0125195618153365,0.0189274447949527,0.0171875,0.0125588697017268,0.00634920634920635,0.014308426073132,0.015552099533437,0.0111821086261981,0.0174880763116057,0.0161030595813204,0.0202808112324493,0.0173775671406003,0.0158982511923688,0.0236593059936909,0.0209003215434084,0.0175438596491228,0,0.015527950310559,0.0143769968051118,0.0125391849529781,0.0140625,0.0156985871271586,0.016,0.0157728706624606,0.00966183574879227,0.0169230769230769,0,0.0141287284144427,0.0123076923076923,0.0170807453416149,0.0172413793103448,0.0172684458398744,0.0172413793103448,0.0111287758346582,0.0188976377952756,0,0.0176282051282051,0.0168970814132104,0.0128205128205128,0,0.0176282051282051,0.0137404580152672,0.527156549520767,0.177115987460815,0.0031104199066874,0.0032,0.00625,0.709208400646204,1,0.957006369426752,0.0347551342812006,0.591194968553459,0.00806451612903226,0.0672926447574335,0.527508090614887,0.375,0.521875,0.268057784911718,0.00158227848101266,0.0531400966183575,0.0129659643435981,0.50390015600624,0.987381703470032,0.00151515151515152,0.213836477987421,0.988817891373802,0.00161550888529887,0.517460317460318,0.00318979266347687,0.506309148264984,0.00315457413249211,0.181089743589744,0.073394495412844,0.522012578616352,0.0247678018575851,0.0644171779141104,0.884914463452566,0.653605015673981,0.96656050955414,0.0214067278287462,0.985781990521327,0.0015552099533437,0.1546875,0.991789819376026,0.607476635514019,0.808544303797468,0.95253164556962,0.967136150234742,0.00156494522691706,0.353035143769968,0.1796875,0.0741324921135647,0.00310077519379845,0.790220820189274,0.222395023328149,0.886153846153846,0.00313479623824451,0.534810126582278,0.8,0.00925925925925926,0.0269413629160063,0.520440251572327,0.0330708661417323,0.610091743119266,0.156645569620253,0.00778816199376947,0.520700636942675,0.663461538461538,0.0623052959501558,0.00318979266347687,0.00310077519379845,0.960191082802548,0.939968404423381,0.00485436893203883,0.0220820189274448,0.020440251572327,0.986196319018405,0.00312989045383412,0.993322203672788,0.951768488745981,0.420711974110032,0.00308166409861325,0.205607476635514,0.42879746835443,0.984076433121019,0.129485179407176,0.259600614439324,0.425531914893617,0.974921630094044,0.274167987321712,0.512820512820513,0.00476947535771065,0.00321027287319422,0.981220657276995,0.9936,0.9872,0.00309119010819165,0.0031055900621118,0.254211332312404,0.0031201248049922,0.185534591194969,0.00321027287319422,0.52555910543131,0.519108280254777,0.555374592833876,0.544600938967136,0.523510971786834,0.00643086816720257,0.510108864696734,0.794712286158631,0.524539877300613,0.324451410658307,0.0048,0.234375,0.00309119010819165,0.993846153846154,0.998389694041868,0.354037267080745,0.00486223662884927,0.00772797527047913,0.0283464566929134,0.279620853080569,0.00789889415481832,0.262321144674086,0.45253164556962,0.518518518518518,0.642857142857143,0.0656,0.519877675840979,0.535101404056162,0.199021207177814,0.575856443719413,0.540372670807453,0.0779220779220779,0.115873015873016,0.0691823899371069,0.512578616352201,0.00316957210776545,0.985668789808917,0.00464396284829721,0.493506493506494,0.00928792569659443,0.541269841269841,0.470219435736677,0.595911949685535,0.00952380952380952,0.51496062992126,0.526153846153846,0.00308641975308642,0.0107858243451464
"104",0.216174183514774,0.2176,0.193650793650794,0.176,0,0,0,0,0,0,0,0,0,0,0,0,0,0,0,0,0,0,0,0,0,0,0,0,0,0,0,0,0,0,0,0,0,0,0,0,0,0,0,0,0,0,0,0.225416036308623,0.223662884927066,0.210031347962382,0.179738562091503,0.0213464696223317,0,0,0.00943396226415094,0.014308426073132,0.00943396226415094,0.00459418070444104,0.00484652665589661,0.0095389507154213,0.0121396054628225,0.0126182965299685,0.010989010989011,0.00801282051282051,0.014018691588785,0.0125984251968504,0.0124223602484472,0.0140845070422535,0.0128410914927769,0.00805152979066022,0,0.00946372239747634,0.00958466453674121,0.00952380952380952,0.0139968895800933,0.00628930817610063,0.00645161290322581,0.00796178343949045,0.00318979266347687,0.0109375,0,0.00782472613458529,0.00921658986175115,0.0108359133126935,0.0124610591900312,0.0107361963190184,0.0140625,0.00632911392405063,0.0125786163522013,0,0.0112,0.0124223602484472,0.00796178343949045,0,0.00805152979066022,0.0124031007751938,0.476038338658147,0.177672955974843,0.00308641975308642,0.0032,0.0078003120124805,0.753225806451613,0.957006369426752,1,0.0352,0.639370078740157,0.00949367088607595,0.0916149068322981,0.586038961038961,0.410015649452269,0.484326018808777,0.302134646962233,0.00156739811912226,0.0897435897435897,0.0126782884310618,0.472952086553323,0.954898911353033,0.00153609831029186,0.248427672955975,0.955128205128205,0.00164203612479475,0.490415335463259,0.00318979266347687,0.46129541864139,0.00314465408805031,0.191387559808612,0.0934150076569678,0.483253588516746,0.0284810126582278,0.0914728682170543,0.937799043062201,0.670364500792393,0.929373996789727,0.0167427701674277,0.938009787928222,0,0.1484375,0.938311688311688,0.630672926447574,0.775700934579439,0.906200317965024,0.922955974842767,0.00155038759689922,0.356913183279743,0.17981072555205,0.0681114551083591,0.00309597523219814,0.759615384615385,0.255451713395639,0.937888198757764,0.00313479623824451,0.480438184663537,0.848966613672496,0.0123076923076923,0.0390015600624025,0.480314960629921,0.0504885993485342,0.655384615384615,0.165341812400636,0.0125391849529781,0.482059282371295,0.631832797427653,0.087962962962963,0.00321027287319422,0.00310077519379845,0.905956112852665,0.89792663476874,0.0032626427406199,0.019047619047619,0.014218009478673,0.947611710323575,0.003125,0.96039603960396,0.969453376205788,0.423202614379085,0.00311526479750779,0.24,0.448613376835237,0.9408,0.146417445482866,0.309748427672956,0.460365853658537,0.981220657276995,0.32398753894081,0.4688995215311,0.00622083981337481,0.00323101777059774,0.934169278996865,0.959677419354839,0.948553054662379,0.00305810397553517,0.003125,0.291021671826625,0.0031201248049922,0.193447737909516,0.00324149108589951,0.486842105263158,0.477491961414791,0.615131578947368,0.493690851735016,0.486443381180223,0.0111642743221691,0.467075038284839,0.861370716510903,0.485981308411215,0.372274143302181,0.0190174326465927,0.224522292993631,0.00312989045383412,0.946483180428135,0.94888178913738,0.353312302839117,0.00326797385620915,0.012326656394453,0.0530421216848674,0.329721362229102,0.0142630744849445,0.299679487179487,0.501592356687898,0.480974124809741,0.669826224328594,0.0850722311396469,0.467987804878049,0.582434514637905,0.240829346092504,0.533653846153846,0.498432601880878,0.092948717948718,0.153488372093023,0.100158982511924,0.477987421383648,0.00314465408805031,0.949180327868852,0.0031201248049922,0.498338870431894,0.0186335403726708,0.498422712933754,0.501557632398754,0.65,0.0238853503184713,0.468599033816425,0.486862442040185,0.00308641975308642,0.0142630744849445
"105",0,0,0.0016,0.00315955766192733,0,0,0,0,0,0,0,0,0,0,0,0,0,0,0,0,0,0,0,0,0,0,0,0,0,0,0,0,0,0,0,0,0,0,0,0,0,0,0,0,0,0,0,0,0,0.00158227848101266,0.00323624595469256,0,0.491338582677165,0.377567140600316,0,0,0,0.010989010989011,0.00483091787439614,0,0,0,0,0,0,0,0,0,0,0,0.0267716535433071,0.00786163522012579,0,0,0,0,0,0,0.00324149108589951,0,0.0979133226324237,0,0.00153609831029186,0,0,0,0,0.00646203554119548,0,0.0232198142414861,0,0,0,0.0178282009724473,0,0.00159235668789809,0.00159235668789809,0.870607028753994,0.868670886075949,0.946515397082658,0.496835443037975,0.0260586319218241,0.0347551342812006,0.0352,1,0.0299684542586751,0.539074960127592,0.316037735849057,0.0356564019448947,0.0509554140127389,0.00156494522691706,0.115823817292007,0.908227848101266,0.304418985270049,0.813915857605178,0.00156985871271586,0.05,0.901215805471125,0.170382165605096,0.0390879478827362,0.966019417475728,0.00162866449511401,0.959183673469388,0,0.874801901743265,0.784469096671949,0.320552147239264,0.0016025641025641,0.502369668246445,0.321428571428571,0.0254777070063694,0.289902280130293,0.0727848101265823,0.982892690513219,0.034257748776509,0.88135593220339,0.426791277258567,0.0377049180327869,0.276357827476038,0.10223642172524,0.0301587301587302,0.0336,0.958860759493671,0.3296,0.809302325581395,0.981072555205047,0.962145110410095,0.0258899676375405,0.170144462279294,0.0223642172523962,0.838969404186795,0.00157977883096367,0.0205371248025276,0.454545454545455,0.425632911392405,0.00158982511923688,0.382594417077176,0.0344287949921753,0.765650080256822,0.456556082148499,0.00159235668789809,0,0.3140625,0.959807073954984,0.814641744548287,0.035031847133758,0.0308943089430894,0.954983922829582,0.9792663476874,0.973270440251572,0.0264385692068429,0.957142857142857,0.0360655737704918,0.0405186385737439,0.560581583198708,0.838050314465409,0.175632911392405,0.208881578947368,0.0323101777059774,0.430793157076205,0.117554858934169,0.20516717325228,0.0266875981161695,0.0888888888888889,0.00161812297734628,0.7140549273021,0.859903381642512,0.0458135860979463,0.033167495854063,0.0310965630114566,0.95141065830721,0.884914463452566,0.11993769470405,0.893915756630265,0.788976377952756,0.851132686084142,0.00161550888529887,0,0.0145867098865478,0.020440251572327,0.00162337662337662,0.4496,0.00157232704402516,0.015600624024961,0.00155763239875389,0.0595611285266458,0.44391785150079,0.334389857369255,0.809748427672956,0.0358814352574103,0.0289389067524116,0.694753577106518,0.877076411960133,0.482758620689655,0.349683544303797,0.0947867298578199,0.460420032310178,0.1,0.0176565008025682,0.00152905198776758,0.0503937007874016,0.306581059390048,0,0.0716510903426791,0.165316045380875,0.00165562913907285,0,0.318770226537217,0.257234726688103,0.310509554140127,0,0.952830188679245,0.0290791599353796,0.95800933125972,0.278333333333333,0.4359375,0.0015748031496063,0.199036918138042,0.0094488188976378,0.400662251655629,0.00161030595813205,0.00156985871271586,0.954041204437401,0.802861685214626
"106",0.0535168195718654,0.0527950310559006,0.0470957613814757,0.040625,0,0,0,0,0,0,0,0,0,0,0,0,0,0,0,0,0,0,0,0,0,0,0,0,0,0,0,0,0,0,0,0,0,0,0,0,0,0,0,0,0,0,0,0.0597014925373134,0.058641975308642,0.0506134969325153,0.0425867507886435,0.012987012987013,0,0,0.00748502994011976,0.0108864696734059,0.00610687022900763,0.00467289719626168,0.00314465408805031,0.00778816199376947,0.00765696784073507,0.0125,0.00628930817610063,0.00627943485086342,0.00920245398773006,0.00765696784073507,0.00940438871473354,0.00769230769230769,0.0108864696734059,0.00797448165869218,0,0.00782472613458529,0.00632911392405063,0.00470219435736677,0.00910470409711684,0.00476947535771065,0.00630914826498423,0.00626959247648903,0.00802568218298555,0.00763358778625954,0,0.00782472613458529,0.00598802395209581,0.00769230769230769,0.00928792569659443,0.00615384615384615,0.00930232558139535,0.00156494522691706,0.00940438871473354,0,0.00797448165869218,0.00906344410876133,0.00777604976671851,0,0.00470957613814757,0.0075187969924812,0.1671875,0.183229813664596,0.0185758513931889,0.00947867298578199,0.30381679389313,0.865718799368088,0.591194968553459,0.639370078740157,0.0299684542586751,1,0.258970358814353,0.471582181259601,0.961844197138315,0.807453416149068,0.167434715821813,0.684713375796178,0.00152905198776758,0.475357710651828,0.120634920634921,0.161695447409733,0.589984350547731,0.0104166666666667,0.620528771384137,0.580093312597201,0.0125984251968504,0.166144200626959,0.0124031007751938,0.166139240506329,0.0138036809815951,0.262166405023548,0.473604826546003,0.172741679873217,0.327102803738318,0.478658536585366,0.710077519379845,0.572981366459627,0.591679506933744,0.00753012048192771,0.5648,0.00459418070444104,0.402777777777778,0.567567567567568,0.599690880989181,0.509893455098935,0.539634146341463,0.543343653250774,0.0062402496099844,0.622611464968153,0.25,0.0523882896764253,0.00904977375565611,0.406593406593407,0.617737003058104,0.709428129829985,0.00778816199376947,0.171779141104294,0.82225656877898,0.330275229357798,0.372056514913658,0.160493827160494,0.394230769230769,0.971212121212121,0.28,0.324031007751938,0.15541601255887,0.312893081761006,0.463678516228748,0.0126182965299685,0.0167173252279635,0.528125,0.528662420382166,0.00796178343949045,0.0153609831029186,0.0107692307692308,0.55690440060698,0.0107361963190184,0.575757575757576,0.631578947368421,0.4416,0.0062015503875969,0.606431852986217,0.744038155802862,0.54746835443038,0.473118279569892,0.69218989280245,0.801470588235294,0.606153846153846,0.710323574730354,0.162162162162162,0.141965678627145,0.00783699059561128,0.574468085106383,0.591125198098257,0.557324840764331,0.0105740181268882,0.00457317073170732,0.688575899843505,0.0137404580152672,0.267801857585139,0.00943396226415094,0.182389937106918,0.165876777251185,0.955954323001631,0.169781931464174,0.169984686064319,0.327718223583461,0.161585365853659,0.801815431164902,0.173780487804878,0.760670731707317,0.3578125,0.2484375,0.00459418070444104,0.586259541984733,0.579527559055118,0.31937984496124,0.00974025974025974,0.318731117824773,0.405864197530864,0.711180124223602,0.32120253164557,0.710691823899371,0.883435582822086,0.165424739195231,0.916666666666667,0.480376766091052,0.172782874617737,0.942073170731707,0.610492845786963,0.207667731629393,0.165378670788253,0.4608,0.535603715170279,0.488299531981279,0.150769230769231,0.0123647604327666,0.568,0.00917431192660551,0.6976,0.344667697063369,0.176470588235294,0.766871165644172,0.927018633540373,0.371248025276461,0.166666666666667,0.176829268292683,0.0075642965204236,0.126168224299065
"107",0,0.00157728706624606,0.00158982511923688,0,0,0,0,0,0,0,0,0,0,0,0,0,0,0,0,0,0,0,0,0,0,0,0,0,0,0,0,0,0,0,0,0,0,0,0,0,0,0,0,0,0,0,0,0.00150602409638554,0.00158982511923688,0.0015552099533437,0.0016,0,0.106918238993711,0.0643185298621746,0.0015527950310559,0,0,0,0.0062992125984252,0,0,0.00319488817891374,0,0.00162074554294976,0,0,0,0,0.0016,0.00161812297734628,0.00789889415481832,0,0,0,0,0.00156985871271586,0,0.00312989045383412,0.00972447325769854,0,0.0261941448382126,0,0.00458715596330275,0,0,0,0,0.00474683544303797,0,0.0062111801242236,0,0,0.0016,0.00636942675159236,0,0,0.00320512820512821,0.509375,0.468944099378882,0.497584541062802,0.973478939157566,0.135483870967742,0.00806451612903226,0.00949367088607595,0.539074960127592,0.258970358814353,1,0.797191887675507,0.318840579710145,0.474763406940063,0.00309597523219814,0.576985413290113,0.442724458204334,0.789889415481833,0.648780487804878,0.00155763239875389,0.0108359133126935,0.472727272727273,0.641065830721003,0.00487012987012987,0.534181240063593,0.0016025641025641,0.524564183835182,0.00158982511923688,0.446909667194929,0.595238095238095,0.808095952023988,0.00159235668789809,0.846153846153846,0.793363499245852,0.0110236220472441,0.279434850863422,0.0334928229665072,0.505311077389985,0.00323624595469256,0.434169278996865,0.802469135802469,0.0032258064516129,0.32018927444795,0.100787401574803,0.003125,0.00157728706624606,0.515576323987539,0.545310015898251,0.571653543307087,0.5265625,0.514820592823713,0.00158730158730159,0.649149922720247,0.0078740157480315,0.415335463258786,0.00310077519379845,0.0440251572327044,0.939346811819596,0.900787401574803,0.0031201248049922,0.851791530944625,0.243451463790447,0.6,0.9421875,0.00158478605388273,0.00161290322580645,0.804381846635368,0.507861635220126,0.571207430340557,0.00317460317460317,0.00319488817891374,0.4816,0.507020280811232,0.530516431924883,0.00305810397553517,0.535384615384615,0.00161290322580645,0.0112,0.448613376835237,0.428794992175274,0.653907496012759,0.442834138486312,0.00320512820512821,0.691222570532915,0.588785046728972,0.44309559939302,0.00623052959501558,0.563981042654028,0.00317460317460317,0.837320574162679,0.456140350877193,0.0094488188976378,0.00482315112540193,0.00158730158730159,0.509984639016897,0.443410852713178,0.588419405320814,0.44375,0.581903276131045,0.43739837398374,0.00321027287319422,0.0016025641025641,0.26797385620915,0.00316455696202532,0.00316455696202532,0.932283464566929,0.00310077519379845,0.0397553516819572,0.00309119010819165,0.517295597484277,0.9072,0.618827160493827,0.386996904024768,0.00619195046439629,0.00486223662884927,0.391096979332273,0.446633825944171,0.953343701399689,0.844690966719493,0.572100313479624,0.9453125,0.570747217806041,0.3765625,0.00153374233128834,0.22848200312989,0.79073482428115,0.00154320987654321,0.306153846153846,0.647249190938511,0.00323624595469256,0.00157728706624606,0.792993630573248,0.73208722741433,0.779179810725552,0,0.520766773162939,0.0032626427406199,0.491338582677165,0.416531604538088,0.9258114374034,0.00157977883096367,0.395569620253165,0.229430379746835,0.905063291139241,0.00322061191626409,0.0031104199066874,0.509316770186335,0.640944881889764
"108",0,0.00157728706624606,0.00156739811912226,0,0,0,0,0,0,0,0,0,0,0,0,0,0,0,0,0,0,0,0,0,0,0,0,0,0,0,0,0,0,0,0,0,0,0,0,0,0,0,0,0,0,0,0,0.0015015015015015,0.0015600624024961,0.00152671755725191,0.00157232704402516,0,0.0293663060278207,0.00454545454545455,0,0,0,0,0.0064,0,0,0.00772797527047913,0,0,0,0,0,0,0.0015748031496063,0,0.0062015503875969,0,0,0,0,0,0,0.00156985871271586,0.00949367088607595,0,0.0062111801242236,0,0.00151745068285281,0,0,0,0,0.00469483568075117,0,0.00611620795107034,0,0,0.00156494522691706,0.00631911532385466,0,0,0.0031104199066874,0.340590979782271,0.290964777947933,0.2896,0.844854070660522,0.348031496062992,0.0672926447574335,0.0916149068322981,0.316037735849057,0.471582181259601,0.797191887675507,1,0.534810126582278,0.687975646879756,0.00307692307692308,0.799050632911392,0.247295208655332,0.9953125,0.469483568075117,0.00156494522691706,0.0668740279937792,0.291233283803863,0.86833855799373,0.0504731861198738,0.31974921630094,0.00155763239875389,0.310077519379845,0.00152671755725191,0.273993808049536,0.420886075949367,0.996996996996997,0.00157728706624606,0.811349693251534,1,0.169781931464174,0.291993720565149,0.081377151799687,0.281626506024096,0.0572337042925278,0.270061728395062,0.819018404907976,0.0597738287560582,0.383540372670807,0.113707165109034,0.015527950310559,0.031055900621118,0.292307692307692,0.651898734177215,0.3953125,0.297546012269939,0.297546012269939,0.00158478605388273,0.857142857142857,0.165137614678899,0.257716049382716,0.00305343511450382,0.271875,0.872146118721461,0.907120743034056,0.00310077519379845,0.933764135702746,0.463855421686747,0.450155763239875,0.867378048780488,0.00157728706624606,0.00628930817610063,1,0.311216429699842,0.38109756097561,0.0263975155279503,0.0205047318611987,0.277777777777778,0.306501547987616,0.31496062992126,0.052790346907994,0.312307692307692,0.0629032258064516,0.118858954041204,0.341935483870968,0.266355140186916,0.86046511627907,0.629570747217806,0.0514018691588785,0.792834890965732,0.796636085626911,0.629297458893871,0.0769230769230769,0.779342723004695,0.00319488817891374,0.609984399375975,0.277165354330709,0.0559875583203732,0.0660377358490566,0.0493630573248408,0.293394777265745,0.250759878419453,0.815625,0.278033794162826,0.433846153846154,0.262578616352201,0.00312989045383412,0.00157232704402516,0.515873015873016,0.003125,0.00315457413249211,0.86687306501548,0.00307692307692308,0.265553869499241,0.00303951367781155,0.739663093415008,0.884375,0.562691131498471,0.233433734939759,0.0678733031674208,0.0586370839936609,0.246932515337423,0.276872964169381,0.862595419847328,0.957878315132605,0.781591263650546,0.87207488299532,0.789391575663027,0.609034267912773,0.0014903129657228,0.423255813953488,1,0.00150829562594268,0.527047913446677,0.870047543581617,0.00321543408360129,0.00153846153846154,0.992012779552716,0.952904238618524,0.998442367601246,0,0.303490136570561,0.0555555555555556,0.286153846153846,0.504038772213247,0.899082568807339,0.00157977883096367,0.588419405320814,0.468217054263566,0.913793103448276,0.00315457413249211,0.00303951367781155,0.297297297297297,0.45141065830721
"109",0.0394321766561514,0.0375816993464052,0.0352564102564103,0.0293159609120521,0,0,0,0,0,0,0,0,0,0,0,0,0,0,0,0,0,0,0,0,0,0,0,0,0,0,0,0,0,0,0,0,0,0,0,0,0,0,0,0,0,0,0,0.0425531914893617,0.0419354838709677,0.0411392405063291,0.0309446254071661,0.00671140939597315,0,0,0.0032,0.00487012987012987,0.00318471337579618,0.00158730158730159,0.00326797385620915,0.00316957210776545,0.00315457413249211,0.0109717868338558,0.00162337662337662,0.00325732899022801,0.00316455696202532,0.00321027287319422,0.00323624595469256,0.00159235668789809,0.00483870967741936,0.0032520325203252,0,0.00158227848101266,0.00324149108589951,0.00161290322580645,0.00632911392405063,0.00161550888529887,0.00164203612479475,0.00481540930979133,0.00814332247557003,0.00316957210776545,0,0.00160513643659711,0.00470957613814757,0.00315457413249211,0.00318471337579618,0,0.00317965023847377,0.00162074554294976,0.00317460317460317,0,0.00325732899022801,0.00316455696202532,0.00476190476190476,0,0,0.0031104199066874,0.151219512195122,0.1536,0.0303030303030303,0.0161290322580645,0.361331220285261,0.825944170771757,0.527508090614887,0.586038961038961,0.0356564019448947,0.961844197138315,0.318840579710145,0.534810126582278,1,0.852564102564103,0.155309033280507,0.748760330578512,0.00643086816720257,0.545602605863192,0.153473344103393,0.1552,0.514240506329114,0.0171073094867807,0.674085850556439,0.510603588907015,0.0214521452145215,0.163934426229508,0.0227272727272727,0.153721682847896,0.0203761755485893,0.265905383360522,0.534267912772586,0.154838709677419,0.376190476190476,0.540498442367601,0.642394822006472,0.543831168831169,0.526829268292683,0.0186335403726708,0.499184339314845,0.00626959247648903,0.420127795527157,0.508250825082508,0.580031695721078,0.496038034865293,0.4739336492891,0.470588235294118,0.0145867098865478,0.62684124386252,0.229166666666667,0.0444444444444444,0.0142405063291139,0.34747145187602,0.678913738019169,0.645833333333333,0.0111642743221691,0.1568,0.754934210526316,0.397174254317111,0.4352,0.14937106918239,0.452459016393443,0.926216640502355,0.293354943273906,0.389857369255151,0.154351395730706,0.292483660130719,0.5168,0.0180623973727422,0.0326594090202177,0.472668810289389,0.450885668276973,0.0145395799676898,0.026984126984127,0.0243506493506494,0.496884735202492,0.0209003215434084,0.516447368421053,0.579638752052545,0.431893687707641,0.0109717868338558,0.668789808917197,0.742718446601942,0.487844408427877,0.499210110584518,0.740445859872611,0.805337519623234,0.547923322683706,0.764331210191083,0.143790849673203,0.174959871589085,0.014446227929374,0.497592295345104,0.528641571194763,0.497560975609756,0.015625,0.0125391849529781,0.76,0.0205696202531646,0.261562998405104,0.0164473684210526,0.169105691056911,0.156957928802589,0.957166392092257,0.161648177496038,0.158319870759289,0.388888888888889,0.156739811912226,0.749606299212598,0.171114599686028,0.815047021943574,0.420289855072464,0.318770226537217,0.0109034267912773,0.527472527472527,0.514754098360656,0.274418604651163,0.0164744645799012,0.378980891719745,0.475513428120063,0.774447949526814,0.38755980861244,0.762903225806452,0.908943089430894,0.151702786377709,0.868932038834951,0.542345276872964,0.15552099533437,0.910518053375196,0.667768595041322,0.185667752442997,0.149842271293375,0.52124183006536,0.591935483870968,0.546325878594249,0.1472,0.0207336523125997,0.500815660685155,0.0172413793103448,0.658249158249158,0.403508771929825,0.157894736842105,0.750402576489533,0.932148626817447,0.429508196721311,0.14968152866242,0.15748031496063,0.0141732283464567,0.163987138263666
"110",0.0311526479750779,0.0347003154574132,0.0341085271317829,0.0266457680250784,0,0,0,0,0,0,0,0,0,0,0,0,0,0,0,0,0,0,0,0,0,0,0,0,0,0,0,0,0,0,0,0,0,0,0,0,0,0,0,0,0,0,0,0.0393343419062027,0.0390015600624025,0.0374414976599064,0.0269413629160063,0.00970873786407767,0,0,0.0062015503875969,0.00928792569659443,0.00615384615384615,0.00309597523219814,0.0031496062992126,0.00627943485086342,0.00614439324116743,0.0125,0.004739336492891,0.00473186119873817,0.00775193798449612,0.0062992125984252,0.00783699059561128,0.00625,0.00941915227629513,0.00635930047694754,0,0.00622083981337481,0.00630914826498423,0.00478468899521531,0.00772797527047913,0.00315955766192733,0.00483870967741936,0.0062015503875969,0.00950871632329636,0.00772797527047913,0,0.00631911532385466,0.00612557427258806,0.0062015503875969,0.00782472613458529,0.00460122699386503,0.00773993808049536,0.00158730158730159,0.00796178343949045,0,0.00791139240506329,0.00766871165644172,0.00623052959501558,0,0.003125,0.0061633281972265,0.127725856697819,0.115919629057187,0.0496124031007752,0.0299212598425197,0.521671826625387,0.666134185303514,0.375,0.410015649452269,0.0509554140127389,0.807453416149068,0.474763406940063,0.687975646879756,0.852564102564103,1,0.124031007751938,0.901116427432217,0.018348623853211,0.705511811023622,0.18312101910828,0.111111111111111,0.364207221350078,0.036036036036036,0.835164835164835,0.356576862123613,0.042654028436019,0.127158555729984,0.0467289719626168,0.119122257053292,0.0342679127725857,0.188383045525903,0.686746987951807,0.123630672926448,0.496087636932707,0.689759036144578,0.4953125,0.423493044822257,0.386327503974563,0.0319148936170213,0.351351351351351,0.0298273155416013,0.541925465838509,0.349514563106796,0.449612403100775,0.335403726708075,0.322085889570552,0.320373250388802,0.0331230283911672,0.527646129541864,0.166666666666667,0.037037037037037,0.0337423312883436,0.206022187004754,0.833590138674884,0.483720930232558,0.0190174326465927,0.128834355828221,0.595611285266458,0.553680981595092,0.582417582417582,0.113003095975232,0.605519480519481,0.774583963691377,0.210608424336973,0.546165884194053,0.115141955835962,0.240566037735849,0.683720930232558,0.035426731078905,0.06797583081571,0.32755905511811,0.289308176100629,0.0321027287319422,0.0438871473354232,0.0408805031446541,0.343891402714932,0.0404984423676012,0.365853658536585,0.412903225806452,0.297385620915033,0.0203442879499218,0.836990595611285,0.631239935587762,0.345483359746434,0.500770416024653,0.901538461538462,0.700906344410876,0.401234567901235,0.937205651491366,0.113744075829384,0.272583201267829,0.0316455696202532,0.371695178849145,0.379807692307692,0.348031496062992,0.0354938271604938,0.0242057488653555,0.901538461538462,0.0349544072948328,0.203100775193798,0.0297805642633229,0.136012364760433,0.125796178343949,0.829821717990275,0.12241653418124,0.118670886075949,0.542056074766355,0.125766871165644,0.598461538461538,0.135593220338983,0.972307692307692,0.570093457943925,0.378086419753086,0.0166919575113809,0.38391502276176,0.364365971107544,0.170437405731523,0.0294599018003273,0.540625,0.642857142857143,0.922958397534669,0.549141965678627,0.918622848200313,0.942857142857143,0.12125748502994,0.726006191950464,0.704113924050633,0.123867069486405,0.817351598173516,0.83015873015873,0.157212317666126,0.118380062305296,0.669871794871795,0.754746835443038,0.693270735524257,0.114854517611026,0.0356589147286822,0.349282296650718,0.0341085271317829,0.547697368421053,0.564615384615385,0.125195618153365,0.642633228840125,0.805031446540881,0.594249201277955,0.127388535031847,0.128787878787879,0.0323574730354391,0.17601246105919
"111",0.613601236476043,0.605873261205564,0.589783281733746,0.598116169544741,0,0,0,0,0,0,0,0,0,0,0,0,0,0,0,0,0,0,0,0,0,0,0,0,0,0,0,0,0,0,0,0,0,0,0,0,0,0,0,0,0,0,0,0.625377643504532,0.617737003058104,0.613707165109034,0.597464342313788,0.0191387559808612,0,0,0.0123839009287926,0.0232558139534884,0.0151745068285281,0.0122511485451761,0.00788643533123028,0.0141065830721003,0.0184615384615385,0.00938967136150235,0.0172413793103448,0.014308426073132,0.0196374622356495,0.0172143974960876,0.0138888888888889,0.0327102803738318,0.0187793427230047,0.0159235668789809,0,0.0155763239875389,0.0158478605388273,0.0156985871271586,0.0123647604327666,0.0124223602484472,0.0125786163522013,0.014018691588785,0.00949367088607595,0.0156494522691706,0,0.0140845070422535,0.0121028744326778,0.0169230769230769,0.0154083204930663,0.0151057401812689,0.0168970814132104,0.0110410094637224,0.0172413793103448,0,0.0144,0.0168453292496172,0.0109546165884194,0,0.0143312101910828,0.0167427701674277,1,0.00927357032457496,0.00307219662058372,0.0031104199066874,0.00153609831029186,0.23696682464455,0.521875,0.484326018808777,0.00156494522691706,0.167434715821813,0.00309597523219814,0.00307692307692308,0.155309033280507,0.124031007751938,1,0.0448,0.00155038759689922,0.0031201248049922,0.00312989045383412,1,0.506153846153846,0.0015015015015015,0.00778816199376947,0.525236593059937,0.00155763239875389,1,0.00311526479750779,0.998435054773083,0.003125,0.0251572327044025,0.00302114803625378,1,0.00307692307692308,0.00302571860816944,0.434984520123839,0.18167701863354,0.478056426332288,0.0029940119760479,0.531645569620253,0,0.00307219662058372,0.512779552715655,0.135670731707317,0.575384615384615,0.56441717791411,0.560490045941807,0.00152905198776758,0.00157232704402516,0.00305810397553517,0.00303030303030303,0.00303490136570561,0.735015772870662,0.00910470409711684,0.435384615384615,0.00313971742543171,0.998466257668712,0.314728682170543,0.00303490136570561,0.00154798761609907,1,0.00317460317460317,0.170471841704718,0.00630914826498423,0.00152671755725191,1,0.844827586206897,0.00152439024390244,0.00312989045383412,0.00305343511450382,0.582554517133956,0.568037974683544,0.00316957210776545,0.00311526479750779,0.00155763239875389,0.534351145038168,0.00308166409861325,0.518518518518518,0.446945337620579,0.0333333333333333,0.00305343511450382,0.00946372239747634,0.00470957613814757,0.544600938967136,0.00153374233128834,0.0457317073170732,0.0106707317073171,0.508422664624809,0.0719754977029096,1,0.00157232704402516,0.0031496062992126,0.532507739938081,0.507109004739337,0.536231884057971,0.00305810397553517,0.00302571860816944,0.0395136778115502,0.00303030303030303,0.0154559505409583,0.00322061191626409,1,1,0.17124394184168,0.967840735068913,0.996894409937888,0.00155038759689922,0.998473282442748,0.343605546995377,0.996946564885496,0.112462006079027,0.00156494522691706,0.366153846153846,0.00305343511450382,0.507575757575758,0.526315789473684,0.0185471406491499,0.0032520325203252,0.00303490136570561,0.00154083204930663,0.0681114551083591,0.003125,0.0625,0.153605015673981,0.998489425981873,0.171073094867807,0.00312989045383412,1,0.0998487140695915,0.00645161290322581,0.940438871473354,0.978193146417445,0.00160513643659711,0.00309119010819165,0.00309597523219814,0.998468606431853,0.0031496062992126,0.528481012658228,0.00307219662058372,0.0176282051282051,0.00308641975308642,0.998447204968944,0.0156739811912226,0.207951070336391,0.0031496062992126,1,0.981566820276498,0.00300751879699248,0.00154559505409583
"112",0.00322061191626409,0.00325732899022801,0.00481540930979133,0.00328407224958949,0,0,0,0,0,0,0,0,0,0,0,0,0,0,0,0,0,0,0,0,0,0,0,0,0,0,0,0,0,0,0,0,0,0,0,0,0,0,0,0,0,0,0,0.00319488817891374,0.00485436893203883,0.00483091787439614,0.00498338870431894,0.00172117039586919,0.00322061191626409,0.00317460317460317,0.00161290322580645,0,0,0,0.0065359477124183,0,0,0.00646203554119548,0,0.00164744645799012,0,0,0,0,0.00165289256198347,0.00165837479270315,0.0032626427406199,0,0,0,0.00317965023847377,0.00162866449511401,0,0.00328407224958949,0.0114942528735632,0,0.00323101777059774,0,0.00312989045383412,0,0,0,0,0.0032520325203252,0,0.0046656298600311,0,0,0.00163132137030995,0.00495867768595041,0,0,0.057784911717496,0.161858974358974,0.121212121212121,0.0912052117263844,0.617834394904459,0.561258278145695,0.268057784911718,0.302134646962233,0.115823817292007,0.684713375796178,0.576985413290113,0.799050632911392,0.748760330578512,0.901116427432217,0.0448,1,0.0668789808917197,0.802955665024631,0.263333333333333,0.0486223662884927,0.256077795786062,0.0970266040688576,0.939837398373984,0.25,0.106035889070147,0.0503246753246753,0.112,0.0501618122977346,0.0941558441558442,0.229166666666667,0.79375,0.0537459283387622,0.609250398724083,0.785381026438569,0.392220421393841,0.432300163132137,0.285024154589372,0.0930599369085174,0.260296540362438,0.0932069510268562,0.650159744408946,0.254071661237785,0.486928104575163,0.236541598694943,0.2048,0.224025974025974,0.104669887278583,0.592775041050903,0.2176,0.104669887278583,0.105263157894737,0.0927152317880795,0.94912559618442,0.3856,0.0801963993453355,0.0596774193548387,0.502446982055465,0.658841940532081,0.695723684210526,0.0487804878048781,0.722495894909688,0.664586583463339,0.270181219110379,0.644012944983819,0.0554649265905383,0.150729335494327,0.790064102564103,0.101973684210526,0.168789808917197,0.219869706840391,0.175697865353038,0.0881863560732113,0.106623586429725,0.107667210440457,0.246835443037975,0.105691056910569,0.259696458684654,0.313432835820896,0.328881469115192,0.0806451612903226,0.954619124797407,0.697829716193656,0.249174917491749,0.580542264752791,0.993610223642173,0.725429017160686,0.296950240770466,0.987034035656402,0.0501618122977346,0.394524959742351,0.0904684975767367,0.256778309409888,0.281505728314239,0.233443708609272,0.0922098569157393,0.0732484076433121,0.985553772070626,0.098256735340729,0.250403877221325,0.0953947368421053,0.0644628099173554,0.0510708401976936,0.706270627062706,0.0465489566613162,0.0546623794212219,0.637820512820513,0.0477707006369427,0.489698890649762,0.0614173228346457,0.949206349206349,0.650485436893204,0.44,0.0650793650793651,0.277602523659306,0.252911813643927,0.195859872611465,0.0973154362416107,0.648089171974522,0.754838709677419,0.987361769352291,0.650485436893204,0.990243902439024,0.816993464052288,0.056782334384858,0.611650485436893,0.8112,0.054773082942097,0.740916271721959,0.934210526315789,0.0711920529801325,0.0436187399030695,0.797319932998325,0.862236628849271,0.801292407108239,0.0509554140127389,0.0964630225080386,0.251256281407035,0.0966183574879227,0.589830508474576,0.673633440514469,0.0499194847020934,0.684124386252046,0.682258064516129,0.702127659574468,0.0508196721311475,0.0554675118858954,0.0923566878980892,0.263327948303716
"113",0,0.0015748031496063,0.0108359133126935,0.0110236220472441,0,0,0,0,0,0,0,0,0,0,0,0,0,0,0,0,0,0.029595015576324,0.0334855403348554,0,0,0,0,0,0,0,0,0,0,0,0,0,0.013953488372093,0,0,0,0,0,0,0,0,0,0,0.00149925037481259,0.0015552099533437,0.00769230769230769,0.0141509433962264,0,0.640432098765432,0.510703363914373,0.0015220700152207,0,0,0.036979969183359,0.00469483568075117,0,0,0,0,0.00157232704402516,0,0,0,0,0,0.00159744408945687,0.0301204819277108,0.00778816199376947,0,0,0,0.00158730158730159,0,0.00155038759689922,0.00315955766192733,0,0.136923076923077,0,0.00304878048780488,0,0,0,0,0.0077639751552795,0,0.0259938837920489,0,0,0,0.0203442879499218,0,0,0.00156985871271586,0.747663551401869,0.902627511591963,0.960876369327074,0.401538461538462,0,0.00158227848101266,0.00156739811912226,0.908227848101266,0.00152905198776758,0.442724458204334,0.247295208655332,0.00643086816720257,0.018348623853211,0.00155038759689922,0.0668789808917197,1,0.248037676609105,0.752396166134185,0,0.00928792569659443,0.923416789396171,0.124233128834356,0.00159235668789809,0.946372239747634,0,0.938271604938272,0.00157232704402516,0.913178294573643,0.647619047619048,0.250374812593703,0,0.402157164869029,0.245083207261725,0.00155038759689922,0.171606864274571,0.0157728706624606,0.93161094224924,0.00158982511923688,0.91705069124424,0.299539170506912,0.00161030595813205,0.17298937784522,0.032258064516129,0.00154559505409583,0,0.947772657450077,0.203761755485893,0.679012345679012,0.879443585780526,0.951515151515152,0.00158982511923688,0.124615384615385,0.00154559505409583,0.929245283018868,0.00153609831029186,0,0.382621951219512,0.329787234042553,0.00154559505409583,0.293269230769231,0.00149700598802395,0.628930817610063,0.37442218798151,0,0.0015625,0.24922600619195,0.956112852664577,0.812688821752266,0.00156494522691706,0.00157232704402516,0.954113924050633,0.913713405238829,0.918711656441718,0.00152439024390244,0.936630602782071,0,0.00159235668789809,0.436392914653784,0.930015552099533,0.128325508607199,0.1408,0.00157232704402516,0.327160493827161,0.0756172839506173,0.125,0,0.0410958904109589,0.00159235668789809,0.613458528951487,0.916006339144215,0.00777604976671851,0.00158227848101266,0.00156985871271586,0.958841463414634,0.987673343605547,0.0817901234567901,0.930769230769231,0.658461538461538,0.926216640502355,0.00155763239875389,0.00156739811912226,0.00162337662337662,0.00941915227629513,0.00154798761609907,0.371385083713851,0.00153609831029186,0.00151745068285281,0.00152905198776758,0.0168970814132104,0.3609375,0.262015503875969,0.931714719271624,0.00149925037481259,0.0015600624024961,0.591117917304747,0.917741935483871,0.380090497737557,0.275115919629057,0.0494752623688156,0.37904468412943,0.0590062111801242,0.00157977883096367,0,0.00306748466257669,0.232227488151659,0.00148148148148148,0.0256024096385542,0.122611464968153,0.0015600624024961,0.00153846153846154,0.24251968503937,0.202492211838006,0.245341614906832,0,0.953416149068323,0,0.958461538461538,0.173633440514469,0.356374807987711,0,0.129429892141757,0.00154798761609907,0.333853354134165,0.00156739811912226,0.00152671755725191,0.964939024390244,0.75077399380805
"114",0,0.00159489633173844,0.00158982511923688,0,0,0,0,0,0,0,0,0,0,0,0,0,0,0,0,0,0,0,0,0,0,0,0,0,0,0,0,0,0,0,0,0,0,0,0,0,0,0,0,0,0,0,0,0.00155038759689922,0.00157232704402516,0.00155763239875389,0.00160513643659711,0,0.0313971742543171,0.0062992125984252,0.0015527950310559,0,0,0,0.00803858520900321,0,0,0.00789889415481832,0,0.0016260162601626,0,0,0,0,0.00159744408945687,0.00161550888529887,0.00797448165869218,0,0,0,0,0.00159489633173844,0,0.00318979266347687,0.0128617363344051,0,0.00471698113207547,0,0.00309119010819165,0,0,0,0,0.00645161290322581,0,0.00782472613458529,0,0,0.00161550888529887,0.00810372771474878,0,0,0.00315955766192733,0.314814814814815,0.2796875,0.2864,0.846761453396525,0.34257748776509,0.0531400966183575,0.0897435897435897,0.304418985270049,0.475357710651828,0.789889415481833,0.9953125,0.545602605863192,0.705511811023622,0.0031201248049922,0.802955665024631,0.248037676609105,1,0.461538461538462,0.00157232704402516,0.0582677165354331,0.275650842266462,0.869009584664537,0.0386473429951691,0.306451612903226,0.0016,0.301587301587302,0.00158730158730159,0.280507131537242,0.417197452229299,0.993817619783617,0.0016025641025641,0.805946791862285,0.996927803379416,0.168503937007874,0.279293739967897,0.0733652312599681,0.276234567901235,0.0422764227642276,0.263322884012539,0.80564263322884,0.0474631751227496,0.351822503961965,0.10410094637224,0.0109204368174727,0.0190174326465927,0.293563579277865,0.633550488599348,0.392744479495268,0.282574568288854,0.290769230769231,0.00159744408945687,0.85423197492163,0.167449139280125,0.262321144674086,0.00306278713629403,0.266875981161695,0.872841444270016,0.90282131661442,0.00311526479750779,0.925806451612903,0.471138845553822,0.433544303797468,0.862284820031299,0.00158227848101266,0.00646203554119548,0.996850393700787,0.298701298701299,0.376175548589342,0.0129449838187702,0.00801282051282051,0.274671052631579,0.296825396825397,0.304700162074554,0.0417310664605873,0.307332293291732,0.0498338870431894,0.115506329113924,0.320723684210526,0.260663507109005,0.863344051446945,0.611021069692058,0.0428571428571429,0.785150078988942,0.80690737833595,0.627118644067797,0.0686427457098284,0.787638668779715,0.00321027287319422,0.605304212168487,0.277867528271405,0.0488958990536278,0.0587301587301587,0.0384,0.281931464174455,0.245723172628305,0.830455259026688,0.272161741835148,0.419047619047619,0.271704180064309,0.00323624595469256,0.00159744408945687,0.516556291390728,0.00320512820512821,0.00317460317460317,0.871632329635499,0.00308641975308642,0.271875,0.0031201248049922,0.742589703588144,0.892109500805153,0.548031496062992,0.235294117647059,0.0634674922600619,0.0487804878048781,0.220496894409938,0.280788177339901,0.866043613707165,0.967289719626168,0.79047619047619,0.866141732283465,0.805295950155763,0.615262321144674,0.0015220700152207,0.420722135007849,0.995215311004785,0.00153374233128834,0.539170506912442,0.867313915857605,0.00324675324675325,0.00157728706624606,0.985099337748344,0.947619047619048,0.996865203761755,0,0.302694136291601,0.0470779220779221,0.279874213836478,0.496753246753247,0.893915756630265,0.00159489633173844,0.582938388625592,0.472353870458136,0.925806451612903,0.00317460317460317,0.0031104199066874,0.289922480620155,0.449206349206349
"115",0,0.0016,0.00161030595813205,0,0,0,0,0,0,0,0,0,0,0,0,0,0,0,0,0,0,0,0,0,0,0,0,0,0,0,0,0,0,0,0,0,0,0,0,0,0,0,0,0,0,0,0,0.0015625,0.00161290322580645,0.00158478605388273,0.00164744645799012,0,0.403815580286169,0.265625,0.00156985871271586,0,0,0,0.00646203554119548,0,0,0,0,0.00162337662337662,0,0,0,0,0,0.00162337662337662,0.0175718849840256,0.00158730158730159,0,0,0,0.00160513643659711,0,0.00158982511923688,0.00810372771474878,0,0.0419354838709677,0,0.00156494522691706,0,0,0,0,0.0065252854812398,0,0.0141955835962145,0,0,0,0.0113452188006483,0,0.00157232704402516,0.00324149108589951,0.77491961414791,0.831210191082803,0.79344262295082,0.605055292259084,0.0943089430894309,0.0129659643435981,0.0126782884310618,0.813915857605178,0.120634920634921,0.648780487804878,0.469483568075117,0.153473344103393,0.18312101910828,0.00312989045383412,0.263333333333333,0.752396166134185,0.461538461538462,1,0.0015748031496063,0.0158730158730159,0.825688073394495,0.329073482428115,0.00988467874794069,0.82843137254902,0.00161030595813205,0.819620253164557,0.0016,0.827974276527331,0.793548387096774,0.46417445482866,0.00160513643659711,0.693037974683544,0.479876160990712,0.0127591706539075,0.287539936102236,0.0354838709677419,0.811912225705329,0.0115131578947368,0.798092209856916,0.514018691588785,0.00827814569536424,0.302066772655008,0.0897435897435897,0.00476947535771065,0.00637958532695375,0.81377151799687,0.435351882160393,0.800947867298578,0.784469096671949,0.824921135646688,0.00166112956810631,0.329635499207607,0.0062992125984252,0.775244299674267,0.00314465408805031,0.0304,0.579439252336449,0.557993730407524,0.00317965023847377,0.572139303482587,0.101246105919003,0.839228295819936,0.586261980830671,0.00159489633173844,0.00160771704180064,0.458135860979463,0.812603648424544,0.821875,0.00644122383252818,0.00482315112540193,0.797385620915033,0.82670906200318,0.815409309791332,0.00628930817610063,0.825396825396825,0.00829187396351575,0.0145631067961165,0.53910149750416,0.778830963665087,0.322327044025157,0.342532467532468,0.00475435816164818,0.621236133122029,0.270998415213946,0.299373040752351,0.00791139240506329,0.2416,0.00324675324675325,0.845047923322684,0.803889789303079,0.0112,0.00492610837438424,0.00815660685154975,0.785488958990536,0.749606299212598,0.263736263736264,0.815336463223787,0.788309636650869,0.784565916398714,0.00329489291598023,0.0016025641025641,0.0981996726677578,0.00316455696202532,0.0032258064516129,0.616852146263911,0.00318979266347687,0.0218068535825545,0.00309597523219814,0.203761755485893,0.568881685575365,0.4112,0.731066460587326,0.0157232704402516,0.00494233937397035,0.576619273301738,0.788524590163934,0.597809076682316,0.503154574132492,0.239811912225705,0.579365079365079,0.249597423510467,0.124797406807131,0.00154320987654321,0.113964686998395,0.453376205787781,0.0015625,0.177847113884555,0.321192052980132,0.0032520325203252,0.00157977883096367,0.463054187192118,0.412974683544304,0.479233226837061,0,0.806349206349206,0.00655737704918033,0.798711755233494,0.343537414965986,0.58213716108453,0.00159235668789809,0.296296296296296,0.0881410256410256,0.543230016313214,0.00317965023847377,0.00315955766192733,0.794585987261146,1
"116",0.631336405529954,0.625391849529781,0.606583072100313,0.604724409448819,0,0,0,0,0,0,0,0,0,0,0,0,0,0,0,0,0,0,0,0,0,0,0,0,0,0,0,0,0,0,0,0,0,0,0,0,0,0,0,0,0,0,0,0.638138138138138,0.634375,0.626339969372129,0.610223642172524,0.0193548387096774,0,0,0.0122511485451761,0.0236220472440945,0.0138248847926267,0.0108359133126935,0.00934579439252336,0.0171606864274571,0.0198776758409786,0.0109717868338558,0.015748031496063,0.0126782884310618,0.0198170731707317,0.0172684458398744,0.0167682926829268,0.032258064516129,0.0172955974842767,0.014446227929374,0,0.0140845070422535,0.0139968895800933,0.015600624024961,0.0138888888888889,0.0125984251968504,0.0127591706539075,0.0138036809815951,0.0111642743221691,0.015527950310559,0,0.0138674884437596,0.0149253731343284,0.0168453292496172,0.0154083204930663,0.0151975683890578,0.0186625194401244,0.0127591706539075,0.015600624024961,0,0.0158478605388273,0.0168195718654434,0.0124804992199688,0,0.0127186009538951,0.016793893129771,1,0.0078125,0.00152905198776758,0.0015748031496063,0,0.226837060702875,0.50390015600624,0.472952086553323,0.00156985871271586,0.161695447409733,0.00155763239875389,0.00156494522691706,0.1552,0.111111111111111,1,0.0486223662884927,0,0.00157232704402516,0.0015748031496063,1,0.494590417310665,0,0.00775193798449612,0.508038585209003,0,1,0.0015552099533437,0.998427672955975,0.0015527950310559,0.021978021978022,0.00148588410104012,1,0.0015527950310559,0.00153374233128834,0.424528301886792,0.179012345679012,0.472,0.00151975683890578,0.515151515151515,0,0.00153609831029186,0.514285714285714,0.136363636363636,0.553654743390358,0.560250391236307,0.549618320610687,0.00154798761609907,0.00315955766192733,0.0030441400304414,0.00154559505409583,0.00154798761609907,0.728706624605678,0.0106870229007634,0.423493044822257,0.00158478605388273,0.998439937597504,0.315541601255887,0.0015220700152207,0,1,0.00158227848101266,0.165905631659056,0.0031201248049922,0.00152439024390244,1,0.849293563579278,0.00151515151515152,0.00158730158730159,0.00150375939849624,0.564742589703588,0.563091482649842,0.00158478605388273,0.00156985871271586,0.00156739811912226,0.521870286576169,0.00155038759689922,0.506472491909385,0.431061806656101,0.0256,0.00154559505409583,0.0078125,0.00317460317460317,0.533541341653666,0.0015600624024961,0.0476190476190476,0.0120663650075415,0.499241274658574,0.0738461538461539,1,0,0.00160771704180064,0.507042253521127,0.501572327044025,0.523809523809524,0.00153374233128834,0.00154083204930663,0.0414110429447853,0.00151515151515152,0.0156739811912226,0.00160771704180064,1,1,0.169329073482428,0.967592592592593,0.995327102803738,0,0.998459167950693,0.347352024922118,0.99537750385208,0.107858243451464,0.00155763239875389,0.325115562403698,0.00152905198776758,0.507645259938838,0.518987341772152,0.0154798761609907,0.00160771704180064,0.00153374233128834,0,0.0697674418604651,0.0015600624024961,0.0585443037974684,0.154818325434439,0.998484848484849,0.172839506172839,0.00159489633173844,1,0.0948795180722892,0.00792393026941363,0.940438871473354,0.973478939157566,0.0015625,0.0015625,0.00156739811912226,0.998459167950693,0.0015600624024961,0.5216,0.00154320987654321,0.0179153094462541,0.00152905198776758,0.998435054773083,0.01875,0.207165109034268,0.00158982511923688,1,0.982998454404946,0.00153139356814701,0.0015625
"117",0.235747303543914,0.234206471494607,0.208398133748056,0.183098591549296,0,0,0,0,0,0,0,0,0,0,0,0,0,0,0,0,0,0,0,0,0,0,0,0,0,0,0,0,0,0,0,0,0,0,0,0,0,0,0,0,0,0,0,0.243531202435312,0.2328125,0.225114854517611,0.206022187004754,0.0210355987055016,0,0,0.0124416796267496,0.01743264659271,0.0139103554868624,0.00769230769230769,0.00634920634920635,0.0140625,0.0152671755725191,0.0111287758346582,0.015625,0.0110759493670886,0.0186625194401244,0.015552099533437,0.0169753086419753,0.0201863354037267,0.0171875,0.0126382306477093,0,0.0122887864823349,0.0109204368174727,0.0127186009538951,0.0124031007751938,0.010989010989011,0.0109375,0.0125391849529781,0.0063391442155309,0.0138036809815951,0,0.0108527131782946,0.0122511485451761,0.0154559505409583,0.0171073094867807,0.0151515151515152,0.0170542635658915,0.00950871632329636,0.0172413793103448,0,0.0142630744849445,0.0154083204930663,0.0110062893081761,0,0.0126382306477093,0.0155763239875389,0.504761904761905,0.194099378881988,0.00303951367781155,0.0110236220472441,0.014018691588785,0.708133971291866,0.987381703470032,0.954898911353033,0.05,0.589984350547731,0.0108359133126935,0.0668740279937792,0.514240506329114,0.364207221350078,0.506153846153846,0.256077795786062,0.00928792569659443,0.0582677165354331,0.0158730158730159,0.494590417310665,1,0.00148367952522255,0.212732919254658,0.980891719745223,0.00805152979066022,0.505511811023622,0.00470957613814757,0.486571879936809,0.00309597523219814,0.204081632653061,0.0723981900452489,0.50788643533123,0.0231839258114374,0.0718654434250764,0.882170542635659,0.69701726844584,0.974683544303797,0.033587786259542,0.980891719745223,0.0015527950310559,0.180981595092025,0.983922829581994,0.641744548286604,0.829721362229102,0.945141065830721,0.952380952380952,0.00771604938271605,0.357371794871795,0.207165109034268,0.0847457627118644,0.0122699386503067,0.791139240506329,0.216923076923077,0.882716049382716,0.0031201248049922,0.513931888544892,0.795886075949367,0.0122324159021407,0.0357142857142857,0.50386398763524,0.0353130016051364,0.604826546003017,0.179968701095462,0.0123839009287926,0.504731861198738,0.622641509433962,0.0641221374045802,0.0094488188976378,0.00305343511450382,0.951181102362205,0.931854199683043,0.00813008130081301,0.0340030911901082,0.0291411042944785,0.979010494752624,0.00782472613458529,0.993620414673046,0.955414012738854,0.447452229299363,0.00306278713629403,0.196540880503145,0.422955974842767,0.979099678456592,0.133435582822086,0.251552795031056,0.437781109445277,0.95852534562212,0.2671875,0.495987158908507,0.00791139240506329,0.00320512820512821,0.986068111455108,0.988993710691824,0.980952380952381,0.0121765601217656,0.00454545454545455,0.228615863141524,0.00306748466257669,0.211656441717791,0.00317460317460317,0.522222222222222,0.503154574132492,0.541329011345219,0.544303797468354,0.511700468018721,0.0109375,0.5,0.782208588957055,0.507575757575758,0.31839258114374,0.00963081861958266,0.239938080495356,0.00303030303030303,0.983231707317073,0.990430622009569,0.391705069124424,0.00484652665589661,0.0123839009287926,0.0290964777947933,0.273570324574961,0.0093603744149766,0.247208931419458,0.451104100946372,0.505343511450382,0.644859813084112,0.0689102564102564,0.504559270516717,0.51963746223565,0.202247191011236,0.553968253968254,0.524332810047096,0.0755905511811024,0.107692307692308,0.0726429675425039,0.508580343213729,0.0093603744149766,0.9792,0.0106870229007634,0.504,0.0138036809815951,0.533858267716535,0.471608832807571,0.568037974683544,0.0111111111111111,0.500797448165869,0.51285930408472,0.0122887864823349,0.0157977883096366
"118",0,0.00152905198776758,0.00153139356814701,0,0,0,0,0,0,0,0,0,0,0,0,0,0,0,0,0,0,0,0,0,0,0,0,0,0,0,0,0,0,0,0,0,0,0,0,0,0,0,0,0,0,0,0,0.00144927536231884,0.00151057401812689,0.00149253731343284,0.00153846153846154,0,0.624810892586989,0.479351032448378,0.0014792899408284,0,0,0.00293685756240822,0.00765696784073507,0,0,0,0,0.00154320987654321,0,0,0,0,0,0.0015220700152207,0.0314842578710645,0.00451807228915663,0,0,0,0.00152671755725191,0,0.00149700598802395,0.0060790273556231,0,0.095952023988006,0,0.00291970802919708,0,0,0,0,0.00914634146341463,0,0.0281899109792285,0,0,0,0.0231839258114374,0,0.00147275405007364,0.00152905198776758,0.754518072289157,0.971599402092676,0.93587786259542,0.427503736920777,0.00311526479750779,0.00151515151515152,0.00153609831029186,0.901215805471125,0.0104166666666667,0.472727272727273,0.291233283803863,0.0171073094867807,0.036036036036036,0.0015015015015015,0.0970266040688576,0.923416789396171,0.275650842266462,0.825688073394495,0,0.00148367952522255,1,0.161144578313253,0.00153374233128834,0.945904173106646,0,0.958395245170877,0.0015220700152207,0.981762917933131,0.655538694992413,0.282798833819242,0,0.462006079027356,0.287812041116006,0.00150602409638554,0.193009118541033,0.00914634146341463,0.937042459736457,0.00154083204930663,0.965671641791045,0.324364723467862,0.0015600624024961,0.201793721973094,0.0271493212669683,0.00150375939849624,0,0.949177877428999,0.25531914893617,0.684053651266766,0.875375375375375,0.94962962962963,0.00152439024390244,0.159701492537313,0.00150829562594268,0.95475113122172,0.00148809523809524,0,0.403534609720177,0.357249626307922,0.00151975683890578,0.36547433903577,0.00585651537335286,0.655688622754491,0.393393393393393,0,0.0015220700152207,0.278688524590164,0.939209726443769,0.906295754026354,0.00151745068285281,0.00154320987654321,0.950844854070661,0.924812030075188,0.928571428571429,0.00146412884333821,0.949479940564636,0,0.00155038759689922,0.442218798151002,0.956390977443609,0.160606060606061,0.176197836166924,0.0015220700152207,0.404761904761905,0.104477611940299,0.159356725146199,0,0.072289156626506,0.00155763239875389,0.655487804878049,0.963133640552995,0.00150602409638554,0.00155038759689922,0.0015015015015015,0.940828402366864,0.936671575846834,0.111441307578009,0.980769230769231,0.651718983557549,0.960546282245827,0.00154320987654321,0.0015220700152207,0.0031201248049922,0.00149253731343284,0.00151745068285281,0.425816023738872,0.0014903129657228,0.00148809523809524,0.00145772594752187,0.0401785714285714,0.382397572078907,0.258928571428571,0.92330383480826,0.00147058823529412,0.00151975683890578,0.594879518072289,0.96417445482866,0.40922619047619,0.319940476190476,0.0797636632200886,0.402714932126697,0.0886850152905199,0.0091324200913242,0,0.0120481927710843,0.269645608628659,0.00145772594752187,0.0412979351032448,0.1578125,0.00153139356814701,0.00148809523809524,0.286585365853659,0.235294117647059,0.283803863298663,0,0.950892857142857,0,0.943452380952381,0.201863354037267,0.383233532934132,0,0.164901664145234,0.00151057401812689,0.362519201228879,0.00155038759689922,0.00146198830409357,0.93859649122807,0.812405446293495
"119",0.00157232704402516,0.00464396284829721,0.0047244094488189,0.00160771704180064,0,0,0,0,0,0,0,0,0,0,0,0,0,0,0,0,0,0,0,0,0,0,0,0,0,0,0,0,0,0,0,0,0,0,0,0,0,0,0,0,0,0,0,0.00455927051671732,0.00318471337579618,0.00475435816164818,0.00318471337579618,0.00323624595469256,0.00778816199376947,0.00617283950617284,0.00157728706624606,0.00157977883096367,0,0,0.00797448165869218,0,0,0.00788643533123028,0,0.00161030595813205,0,0,0,0,0.0016,0.00158982511923688,0.0078740157480315,0,0,0,0.00470957613814757,0.0016,0,0.00311526479750779,0.0127388535031847,0,0.0047244094488189,0,0.00306278713629403,0,0,0,0,0.00636942675159236,0,0.00768049155145929,0,0,0.00159744408945687,0.00791139240506329,0,0,0.010989010989011,0.232227488151659,0.170579029733959,0.15311004784689,0.684782608695652,0.493548387096774,0.213836477987421,0.248427672955975,0.170382165605096,0.620528771384137,0.641065830721003,0.86833855799373,0.674085850556439,0.835164835164835,0.00778816199376947,0.939837398373984,0.124233128834356,0.869009584664537,0.329073482428115,0.00775193798449612,0.212732919254658,0.161144578313253,1,0.198412698412698,0.1743264659271,0.00647249190938511,0.176377952755906,0.008,0.15600624024961,0.286858974358974,0.854740061162079,0.00963081861958266,0.671899529042386,0.844615384615385,0.321144674085851,0.436507936507937,0.227129337539432,0.158705701078582,0.197092084006462,0.150470219435737,0.705047318611987,0.200988467874794,0.506211180124224,0.187599364069952,0.14218009478673,0.170579029733959,0.168469860896445,0.645468998410175,0.269170579029734,0.160629921259843,0.169230769230769,0.0408496732026144,0.995356037151703,0.321428571428571,0.134069400630915,0.00934579439252336,0.43015873015873,0.726027397260274,0.749611197511664,0.00626959247648903,0.778688524590164,0.595419847328244,0.325914149443561,0.713178294573643,0.00791139240506329,0.0870967741935484,0.855572998430141,0.170692431561997,0.234472049689441,0.168557536466775,0.136363636363636,0.15569823434992,0.177777777777778,0.174726989079563,0.193893129770992,0.171073094867807,0.201626016260163,0.266347687400319,0.377235772357724,0.14576802507837,0.99211356466877,0.735909822866345,0.192982456140351,0.651419558359621,0.946540880503145,0.760180995475113,0.233908948194662,0.923076923076923,0.00806451612903226,0.48006379585327,0.143548387096774,0.202229299363057,0.223642172523962,0.18578352180937,0.159442724458204,0.124223602484472,0.949764521193093,0.155864197530864,0.309262166405024,0.152139461172742,0.0128205128205128,0.0112540192926045,0.634584013050571,0.00782472613458529,0.00796178343949045,0.719936708860759,0.0106382978723404,0.416282642089094,0.0108359133126935,0.883830455259027,0.728867623604466,0.462145110410095,0.115740740740741,0.215716486902928,0.207729468599034,0.258114374034003,0.154975530179445,0.711213517665131,0.805993690851735,0.928348909657321,0.716346153846154,0.93563579277865,0.745627980922099,0.00916030534351145,0.540625,0.862838915470494,0.0121028744326778,0.679447852760736,0.990196078431373,0.0253565768621236,0.0078740157480315,0.857142857142857,0.911392405063291,0.855140186915888,0.00155763239875389,0.165079365079365,0.191082802547771,0.155763239875389,0.634710743801653,0.726153846153846,0.00963081861958266,0.71875,0.608832807570978,0.762360446570973,0.00796178343949045,0.010752688172043,0.165634674922601,0.32807570977918
"120",0.259141494435612,0.259904912836767,0.227564102564103,0.213716108452951,0,0,0,0,0,0,0,0,0,0,0,0,0,0,0,0,0,0,0,0,0,0,0,0,0,0,0,0,0,0,0,0,0,0,0,0,0,0,0,0,0,0,0,0.262422360248447,0.266347687400319,0.24405705229794,0.218597063621533,0.0267111853088481,0,0,0.0140625,0.0224358974358974,0.015600624024961,0.0127388535031847,0.00797448165869218,0.014446227929374,0.0173775671406003,0.0111642743221691,0.0178571428571429,0.0163132137030995,0.0224719101123595,0.0192926045016077,0.0161550888529887,0.0241545893719807,0.0210355987055016,0.0180327868852459,0,0.0174880763116057,0.0145867098865478,0.0146103896103896,0.0174880763116057,0.0160771704180064,0.0163934426229508,0.0160513643659711,0.00986842105263158,0.0173501577287066,0,0.014308426073132,0.0126382306477093,0.0188976377952756,0.0159235668789809,0.0188383045525903,0.0208333333333333,0.0112359550561798,0.0175718849840256,0,0.0177993527508091,0.0202492211838006,0.0128617363344051,0,0.0194489465153971,0.0141065830721003,0.5311004784689,0.178628389154705,0.00316957210776545,0.00327332242225859,0.00638977635782748,0.698517298187809,0.988817891373802,0.955128205128205,0.0390879478827362,0.580093312597201,0.00487012987012987,0.0504731861198738,0.510603588907015,0.356576862123613,0.525236593059937,0.25,0.00159235668789809,0.0386473429951691,0.00988467874794069,0.508038585209003,0.980891719745223,0.00153374233128834,0.198412698412698,1,0.00163398692810458,0.52741935483871,0.00323624595469256,0.501623376623377,0.00316957210776545,0.183908045977011,0.0542635658914729,0.524879614767255,0.0126382306477093,0.0470957613814757,0.869009584664537,0.662358642972536,0.946774193548387,0.0247678018575851,0.995081967213115,0.00320512820512821,0.144674085850556,0.991762767710049,0.607655502392344,0.798732171156894,0.966666666666667,0.973015873015873,0.00160771704180064,0.338187702265372,0.185714285714286,0.0673076923076923,0.00312989045383412,0.801612903225806,0.205651491365777,0.874804381846635,0.00321027287319422,0.52555910543131,0.770700636942675,0.00778816199376947,0.0254777070063694,0.516746411483254,0.0164473684210526,0.60347551342812,0.15311004784689,0.00641025641025641,0.51219512195122,0.669934640522876,0.0507131537242472,0.00323101777059774,0.00313479623824451,0.967845659163987,0.958064516129032,0.00656814449917898,0.0262295081967213,0.0219092331768388,0.995275590551181,0.00316957210776545,0.988274706867672,0.942028985507246,0.419568822553897,0.00318471337579618,0.191626409017713,0.422258592471358,0.990243902439024,0.112359550561798,0.248037676609105,0.420647149460709,0.968454258675079,0.270015698587127,0.510603588907015,0.0048,0.0032258064516129,0.987421383647799,0.987179487179487,0.991869918699187,0.00317965023847377,0.0031055900621118,0.241214057507987,0.00316957210776545,0.1875,0.00323624595469256,0.536065573770492,0.520064205457464,0.538461538461538,0.548956661316212,0.529886914378029,0.00479233226837061,0.506230529595016,0.773993808049536,0.523956723338485,0.311708860759494,0.00647249190938511,0.220285261489699,0.0031496062992126,0.979782270606532,0.988599348534202,0.374009508716323,0.005,0.00628930817610063,0.014218009478673,0.2672,0.00642054574638844,0.253205128205128,0.435691318327974,0.51840490797546,0.634493670886076,0.0456769983686786,0.517940717628705,0.523219814241486,0.190082644628099,0.578688524590164,0.538338658146965,0.0562913907284768,0.0969793322734499,0.0492063492063492,0.513975155279503,0.00315457413249211,0.990228013029316,0.00626959247648903,0.48595041322314,0.00635930047694754,0.530844155844156,0.472266244057052,0.571428571428571,0.00809061488673139,0.508223684210526,0.527472527472527,0.00317460317460317,0.00966183574879227
"121",0,0.00161812297734628,0.0048,0.00483870967741936,0,0,0,0,0,0,0,0,0,0,0,0,0,0,0,0,0,0,0,0,0,0,0,0,0,0,0,0,0,0,0,0,0,0,0,0,0,0,0,0,0,0,0,0.00153609831029186,0.00161290322580645,0.00480769230769231,0.00644122383252818,0,0.533762057877814,0.406593406593407,0.00157232704402516,0,0,0.0126582278481013,0.00636942675159236,0,0,0,0,0.00162337662337662,0,0,0,0,0,0.00161290322580645,0.0271565495207668,0.00803858520900321,0,0,0,0.00160513643659711,0,0.00161812297734628,0.00495867768595041,0,0.103668261562998,0,0.0031201248049922,0,0,0,0,0.00641025641025641,0,0.0235478806907378,0,0,0,0.0211038961038961,0,0.00159235668789809,0.0016260162601626,0.822966507177033,0.915064102564103,0.982286634460548,0.496062992125984,0.00489396411092985,0.00161550888529887,0.00164203612479475,0.966019417475728,0.0125984251968504,0.534181240063593,0.31974921630094,0.0214521452145215,0.042654028436019,0.00155763239875389,0.106035889070147,0.946372239747634,0.306451612903226,0.82843137254902,0,0.00805152979066022,0.945904173106646,0.1743264659271,0.00163398692810458,1,0,0.990430622009569,0.00160771704180064,0.926163723916533,0.737096774193548,0.322429906542056,0,0.4944,0.32398753894081,0.0016260162601626,0.248397435897436,0.032258064516129,0.978193146417445,0.0016366612111293,0.917065390749601,0.384858044164038,0.00166666666666667,0.240829346092504,0.0590111642743222,0.00159235668789809,0,0.990580847723705,0.286407766990291,0.757009345794392,0.926984126984127,0.998425196850394,0.00162074554294976,0.166666666666667,0.0015748031496063,0.889430894308943,0.00157728706624606,0,0.456828885400314,0.414790996784566,0.00159489633173844,0.379934210526316,0.00933125972006221,0.71658615136876,0.448494453248811,0,0.00160771704180064,0.32120253164557,0.988654781199352,0.8578125,0.00162866449511401,0.00163398692810458,0.981937602627258,0.969936708860759,0.972929936305732,0.00157977883096367,0.984276729559748,0,0.00164744645799012,0.517587939698492,0.899841017488076,0.178282009724473,0.188216039279869,0.00163398692810458,0.430141287284144,0.112519809825674,0.181388012618297,0,0.0795454545454545,0.00161550888529887,0.711538461538462,0.909090909090909,0.00809061488673139,0.00163132137030995,0.00161550888529887,0.984152139461173,0.923317683881064,0.114285714285714,0.942947702060222,0.737089201877934,0.902800658978583,0.00162337662337662,0.00162337662337662,0.00493421052631579,0.008,0.0016025641025641,0.44888178913738,0.0015625,0.00158227848101266,0.00156739811912226,0.0499219968798752,0.424635332252836,0.332263242375602,0.8703125,0.00157728706624606,0.00164203612479475,0.638230647709321,0.919732441471572,0.463607594936709,0.345659163987138,0.0858505564387917,0.447833065810594,0.0882825040128411,0.00967741935483871,0,0.0129032258064516,0.3125,0.00155038759689922,0.0555555555555556,0.176470588235294,0.0016366612111293,0.00158730158730159,0.31900826446281,0.261363636363636,0.3168,0,0.985826771653543,0,0.988745980707395,0.231788079470199,0.433281004709576,0,0.172859450726979,0.00159489633173844,0.40327868852459,0.00160771704180064,0.00156985871271586,0.979365079365079,0.8208
"122",0.621835443037975,0.616883116883117,0.580441640378549,0.5968,0,0,0,0,0,0,0,0,0,0,0,0,0,0,0,0,0,0,0,0,0,0,0,0,0,0,0,0,0,0,0,0,0,0,0,0,0,0,0,0,0,0,0,0.626543209876543,0.634340222575517,0.615023474178404,0.590614886731392,0.0181219110378913,0,0,0.0124416796267496,0.0221169036334913,0.0156739811912226,0.00927357032457496,0.00802568218298555,0.0158730158730159,0.0189274447949527,0.0113268608414239,0.0189274447949527,0.011437908496732,0.020440251572327,0.017515923566879,0.0156985871271586,0.0316455696202532,0.0175718849840256,0.0147299509001637,0,0.0142405063291139,0.0147058823529412,0.0142857142857143,0.0109375,0.0141955835962145,0.0146103896103896,0.0143540669856459,0.00967741935483871,0.0157728706624606,0,0.0158478605388273,0.0123647604327666,0.0172413793103448,0.0154798761609907,0.015748031496063,0.017515923566879,0.0112721417069243,0.0177133655394525,0,0.0144230769230769,0.0169753086419753,0.0128,0,0.0144,0.0172684458398744,1,0.0063391442155309,0.00155763239875389,0.00159744408945687,0,0.248366013071895,0.517460317460318,0.490415335463259,0.00162866449511401,0.166144200626959,0.0016025641025641,0.00155763239875389,0.163934426229508,0.127158555729984,1,0.0503246753246753,0,0.0016,0.00161030595813205,1,0.505511811023622,0,0.00647249190938511,0.52741935483871,0,1,0.00158227848101266,1,0.00159489633173844,0.024,0.00152671755725191,1,0.00158478605388273,0.00154559505409583,0.446740858505564,0.184764991896272,0.480952380952381,0.00156494522691706,0.533117932148627,0,0.0015625,0.51461038961039,0.136792452830189,0.577464788732394,0.575899843505477,0.556438791732909,0.00158478605388273,0.00161550888529887,0.00158730158730159,0.00158227848101266,0.00156739811912226,0.75,0.00920245398773006,0.449367088607595,0.00158982511923688,1,0.328502415458937,0.00153846153846154,0,1,0.00163398692810458,0.176744186046512,0.0048,0.00155763239875389,1,0.862179487179487,0.00158982511923688,0.00158730158730159,0.00153609831029186,0.584126984126984,0.57051282051282,0.00162074554294976,0.00159235668789809,0.00158982511923688,0.536209553158706,0.00157728706624606,0.518821603927987,0.448780487804878,0.026578073089701,0.00159235668789809,0.00950871632329636,0.00323101777059774,0.544728434504792,0.00157977883096367,0.0473933649289099,0.0138674884437596,0.514150943396226,0.080952380952381,1,0,0.00164203612479475,0.522222222222222,0.508914100486224,0.540192926045016,0.0015527950310559,0.0015552099533437,0.0442338072669826,0.00158982511923688,0.0157232704402516,0.00162074554294976,1,1,0.177631578947368,0.976452119309262,0.998407643312102,0,1,0.373831775700935,0.998439937597504,0.117647058823529,0.00159235668789809,0.349606299212598,0.00157232704402516,0.51937984496124,0.530546623794212,0.0142405063291139,0.00164744645799012,0.0015552099533437,0,0.0782472613458529,0.00159235668789809,0.0642054574638844,0.158576051779935,1,0.17329093799682,0.00159489633173844,1,0.10989010989011,0.00645161290322581,0.940129449838188,0.97339593114241,0.00161812297734628,0.00161030595813205,0.0016025641025641,1,0.0015748031496063,0.536824877250409,0.00158730158730159,0.0216666666666667,0.00156985871271586,1,0.0206349206349206,0.222222222222222,0.00161812297734628,1,0.98297213622291,0.0015625,0.0015625
"123",0,0.00158227848101266,0.00157977883096367,0,0,0,0,0,0,0,0,0,0,0,0,0,0,0,0,0,0,0,0,0,0,0,0,0,0,0,0,0,0,0,0,0,0,0,0,0,0,0,0,0,0,0,0,0.00154798761609907,0.00156739811912226,0.00156739811912226,0.00157728706624606,0,0.549770290964778,0.43206106870229,0.00153374233128834,0,0,0.0046583850931677,0.00476947535771065,0,0,0,0,0.0016025641025641,0,0,0,0,0,0.0016,0.0264797507788162,0.00314465408805031,0,0,0,0.00157232704402516,0,0.0015600624024961,0.00481540930979133,0,0.0970266040688576,0,0.00150602409638554,0,0,0,0,0.00784929356357928,0,0.0201863354037267,0,0,0,0.0141732283464567,0,0,0.00318979266347687,0.802795031055901,0.928682170542636,0.976377952755906,0.488549618320611,0.00480769230769231,0.00318979266347687,0.00318979266347687,0.959183673469388,0.0124031007751938,0.524564183835182,0.310077519379845,0.0227272727272727,0.0467289719626168,0.00311526479750779,0.112,0.938271604938272,0.301587301587302,0.819620253164557,0.0015552099533437,0.00470957613814757,0.958395245170877,0.176377952755906,0.00323624595469256,0.990430622009569,0.00158227848101266,1,0.00158227848101266,0.93125,0.708006279434851,0.314199395770393,0.0015600624024961,0.491472868217054,0.323216995447648,0.0031496062992126,0.22992125984252,0.028169014084507,0.980213089802131,0.00318471337579618,0.923794712286159,0.370030581039755,0.00321027287319422,0.229102167182663,0.0479876160990712,0.00308166409861325,0.00158730158730159,0.996908809891808,0.275752773375594,0.742635658914729,0.924499229583975,0.992319508448541,0.00159489633173844,0.175193798449612,0.00154559505409583,0.904024767801858,0.00307219662058372,0.0015600624024961,0.452160493827161,0.406940063091483,0.00312989045383412,0.388272583201268,0.00900900900900901,0.688888888888889,0.447900466562986,0.00158478605388273,0.00158730158730159,0.314241486068111,0.984227129337539,0.874809160305344,0.00314465408805031,0.00318471337579618,0.982511923688394,0.97196261682243,0.979623824451411,0.00305343511450382,0.99537037037037,0.00160771704180064,0.0032258064516129,0.48626817447496,0.903785488958991,0.17007874015748,0.19422150882825,0.00159744408945687,0.421705426356589,0.12037037037037,0.175491679273828,0.00154083204930663,0.082018927444795,0.00313479623824451,0.69375,0.919484702093398,0.0078003120124805,0.00161030595813205,0.00158227848101266,0.980152671755725,0.930555555555556,0.119122257053292,0.946401225114854,0.720062208398134,0.911858974358974,0.00315457413249211,0.0015748031496063,0.00483870967741936,0.0046875,0.00313971742543171,0.440494590417311,0.00307692307692308,0.00305343511450382,0.00306278713629403,0.0553846153846154,0.434169278996865,0.3109375,0.878461538461539,0.00308641975308642,0.00157977883096367,0.630434782608696,0.923076923076923,0.466257668711656,0.341158059467919,0.0848765432098765,0.443396226415094,0.0943396226415094,0.0112903225806452,0.00151285930408472,0.0125195618153365,0.30173775671406,0.00151745068285281,0.0532724505327245,0.1744,0.00318979266347687,0.00154798761609907,0.312101910828025,0.258970358814353,0.310077519379845,0,0.990697674418605,0.00161030595813205,0.982892690513219,0.235104669887279,0.43213728549142,0.00156739811912226,0.181818181818182,0.0015600624024961,0.4016,0.00313971742543171,0.00303490136570561,0.979750778816199,0.812403100775194
"124",0.641838351822504,0.635499207606973,0.606060606060606,0.620414673046252,0,0,0,0,0,0,0,0,0,0,0,0,0,0,0,0,0,0,0,0,0,0,0,0,0,0,0,0,0,0,0,0,0,0,0,0,0,0,0,0,0,0,0,0.649230769230769,0.636942675159236,0.627358490566038,0.623397435897436,0.0131147540983607,0,0,0.00941915227629513,0.0191387559808612,0.0141287284144427,0.00784929356357928,0.00477707006369427,0.0110935023771791,0.0124416796267496,0.00789889415481832,0.014218009478673,0.0112903225806452,0.0154798761609907,0.0143769968051118,0.00949367088607595,0.029595015576324,0.014308426073132,0.0129449838187702,0,0.0108024691358025,0.0113268608414239,0.0110759493670886,0.0078003120124805,0.00947867298578199,0.00963081861958266,0.0126984126984127,0.008,0.0140625,0,0.0126182965299685,0.009375,0.0154083204930663,0.0110935023771791,0.0108024691358025,0.0125588697017268,0.00794912559618442,0.0128,0,0.0128205128205128,0.0125195618153365,0.0109546165884194,0,0.0112721417069243,0.0109546165884194,1,0.00943396226415094,0.0015625,0.00160513643659711,0.00156739811912226,0.234426229508197,0.506309148264984,0.46129541864139,0,0.166139240506329,0.00158982511923688,0.00152671755725191,0.153721682847896,0.119122257053292,0.998435054773083,0.0501618122977346,0.00157232704402516,0.00158730158730159,0.0016,0.998427672955975,0.486571879936809,0.0015220700152207,0.008,0.501623376623377,0.00160771704180064,1,0.00158227848101266,1,0.00156494522691706,0.0222575516693164,0.00150602409638554,1,0.00154798761609907,0.0015220700152207,0.424679487179487,0.177952755905512,0.466034755134281,0.00153139356814701,0.512116316639742,0,0.00156494522691706,0.497528830313015,0.123417721518987,0.567092651757188,0.556782334384858,0.536741214057508,0,0.00323624595469256,0.00315955766192733,0.00158730158730159,0.00152905198776758,0.73419773095624,0.00792393026941363,0.406885758998435,0.00158227848101266,1,0.308426073131955,0.00152671755725191,0.00158478605388273,0.998427672955975,0.0016260162601626,0.171993911719939,0.00476190476190476,0,1,0.849025974025974,0,0.0016,0.0015600624024961,0.559105431309904,0.55877616747182,0.00163934426229508,0.00156985871271586,0,0.516079632465544,0.00157232704402516,0.497553017944535,0.423510466988728,0.0293159609120521,0.00157977883096367,0.00783699059561128,0.00638977635782748,0.530546623794212,0,0.0462249614791988,0.0106870229007634,0.482919254658385,0.0736677115987461,0.998387096774194,0.00159235668789809,0.0016,0.504731861198738,0.49025974025974,0.529983792544571,0.0015527950310559,0.00156739811912226,0.0453834115805947,0.0015625,0.0168970814132104,0.00160513643659711,1,0.99836867862969,0.1664,0.977671451355662,0.998432601880878,0.00158227848101266,1,0.34585289514867,1,0.108695652173913,0,0.350547730829421,0.00152905198776758,0.496913580246914,0.509523809523809,0.0186335403726708,0.00165837479270315,0.00155038759689922,0.0015625,0.0716510903426791,0.00159235668789809,0.0608,0.158631415241058,1,0.174652241112828,0.0016025641025641,0.998473282442748,0.108396946564885,0.00646203554119548,0.938211382113821,0.972136222910217,0,0.00158982511923688,0.00157977883096367,1,0.00157728706624606,0.518032786885246,0.00157977883096367,0.0132013201320132,0.00154083204930663,1,0.0217054263565891,0.205651491365777,0.00158982511923688,1,0.981623277182236,0.00155763239875389,0
"125",0,0.00158730158730159,0.0015600624024961,0,0,0,0,0,0,0,0,0,0,0,0,0,0,0,0,0,0,0,0,0,0,0,0,0,0,0,0,0,0,0,0,0,0,0,0,0,0,0,0,0,0,0,0,0.00150375939849624,0.0015527950310559,0.00153609831029186,0.00158730158730159,0,0.627943485086342,0.490769230769231,0.00154559505409583,0,0,0.00308166409861325,0.00477707006369427,0,0,0,0,0.00315457413249211,0,0,0,0,0,0.00159235668789809,0.0284810126582278,0.00462962962962963,0,0,0,0.00158227848101266,0,0.0015600624024961,0.00474683544303797,0,0.0771653543307087,0,0.00152439024390244,0,0,0,0,0.00791139240506329,0,0.0245022970903522,0,0,0,0.0191082802547771,0,0.00153374233128834,0.00313479623824451,0.760869565217391,0.993798449612403,0.90952380952381,0.407066052227343,0.00638977635782748,0.00315457413249211,0.00314465408805031,0.874801901743265,0.0138036809815951,0.446909667194929,0.273993808049536,0.0203761755485893,0.0342679127725857,0.003125,0.0941558441558442,0.913178294573643,0.280507131537242,0.827974276527331,0.0015527950310559,0.00309597523219814,0.981762917933131,0.15600624024961,0.00316957210776545,0.926163723916533,0.00159489633173844,0.93125,0.00156494522691706,1,0.653481012658228,0.268945022288262,0.00159235668789809,0.458333333333333,0.278890600924499,0.00313971742543171,0.188473520249221,0.0110759493670886,0.915279878971256,0.00322061191626409,0.989247311827957,0.313084112149533,0.00317965023847377,0.190327613104524,0.0186915887850467,0.0031201248049922,0.00155763239875389,0.927899686520376,0.2703125,0.677914110429448,0.859969558599696,0.927927927927928,0.00159235668789809,0.155905511811024,0.00156985871271586,0.972222222222222,0.00309119010819165,0.00157728706624606,0.38719512195122,0.346938775510204,0.00309119010819165,0.360890302066773,0.0076103500761035,0.660964230171073,0.381761978361669,0.00156739811912226,0.00157232704402516,0.280431432973806,0.917065390749601,0.899536321483771,0.00313479623824451,0.00318979266347687,0.929032258064516,0.89776357827476,0.902053712480253,0.00297176820208024,0.918083462132921,0.00161290322580645,0.00317965023847377,0.429951690821256,0.975270479134467,0.154929577464789,0.174121405750799,0.00159489633173844,0.41471048513302,0.101538461538462,0.150455927051672,0.00155763239875389,0.0659340659340659,0.00318471337579618,0.639937106918239,0.991909385113269,0.00156739811912226,0.00160771704180064,0.0015748031496063,0.913846153846154,0.933028919330289,0.100931677018634,0.98780487804878,0.653543307086614,0.982484076433121,0.00317460317460317,0.00156985871271586,0.0048780487804878,0.00313479623824451,0.00314465408805031,0.400630914826498,0.00308641975308642,0.00307219662058372,0.00305343511450382,0.0463678516228748,0.37888198757764,0.239811912225705,0.942457231726283,0.00610687022900763,0.00158730158730159,0.597842835130971,0.988617886178862,0.398782343987823,0.314900153609831,0.0707692307692308,0.378461538461538,0.0794912559618442,0.010989010989011,0.00152671755725191,0.0077639751552795,0.268253968253968,0.00153139356814701,0.0473282442748092,0.1453125,0.00313479623824451,0.00154083204930663,0.280898876404494,0.23950233281493,0.280564263322884,0,0.919504643962848,0.00160771704180064,0.926380368098159,0.191803278688525,0.373271889400922,0.00158982511923688,0.157975460122699,0.0015527950310559,0.348726114649682,0.00316455696202532,0.00306278713629403,0.91271056661562,0.809597523219814
"126",0,0.00162074554294976,0.00476947535771065,0.00317965023847377,0,0,0,0,0,0,0,0,0,0,0,0,0,0,0,0,0,0,0,0,0,0,0,0,0,0,0,0,0,0,0,0,0,0,0,0,0,0,0,0,0,0,0,0.00151975683890578,0.00158478605388273,0.00463678516228748,0.00483870967741936,0,0.2578125,0.138629283489097,0.00156494522691706,0,0,0.00788643533123028,0.00632911392405063,0,0,0,0,0.00163132137030995,0,0,0,0,0,0.00161550888529887,0.0188976377952756,0.00474683544303797,0,0,0,0.00157728706624606,0,0.00161290322580645,0.00645161290322581,0,0.0409448818897638,0,0.00153846153846154,0,0,0,0,0.0064,0,0.0168970814132104,0,0,0,0.0146103896103896,0,0.00156985871271586,0.0206677265500795,0.898251192368839,0.655063291139241,0.692675159235669,0.5640625,0.245928338762215,0.181089743589744,0.191387559808612,0.784469096671949,0.262166405023548,0.595238095238095,0.420886075949367,0.265905383360522,0.188383045525903,0.0251572327044025,0.229166666666667,0.647619047619048,0.417197452229299,0.793548387096774,0.021978021978022,0.204081632653061,0.655538694992413,0.286858974358974,0.183908045977011,0.737096774193548,0.024,0.708006279434851,0.0222575516693164,0.653481012658228,1,0.428353658536585,0.0191082802547771,0.57433489827856,0.442249240121581,0.175911251980983,0.483974358974359,0.232854864433812,0.719568567026194,0.177884615384615,0.622874806800618,0.543887147335423,0.181672025723473,0.45839874411303,0.288676236044657,0.161137440758294,0.17219589257504,0.702160493827161,0.540192926045016,0.94375,0.787638668779715,0.722834645669291,0.135483870967742,0.286604361370716,0.172955974842767,0.577777777777778,0.0188383045525903,0.178343949044586,0.512539184952978,0.522292993630573,0.025518341307815,0.480582524271845,0.230414746543779,0.942857142857143,0.5265625,0.0254777070063694,0.0227272727272727,0.417061611374408,0.706539074960128,0.608628659476117,0.153968253968254,0.170886075949367,0.678048780487805,0.731319554848967,0.719936708860759,0.168970814132104,0.706624605678233,0.167479674796748,0.199362041467305,0.754071661237785,0.591549295774648,0.282988871224165,0.4352,0.158064516129032,0.59717868338558,0.247244094488189,0.434049079754601,0.1796875,0.214626391096979,0.0194489465153971,0.71405750798722,0.63258785942492,0.181388012618297,0.176848874598071,0.173354735152488,0.694915254237288,0.621538461538461,0.234108527131783,0.640625,0.99685534591195,0.597063621533442,0.0259319286871961,0.0194805194805195,0.218954248366013,0.0482115085536547,0.0252764612954186,0.529968454258675,0.029320987654321,0.156832298136646,0.0324574961360124,0.177847113884555,0.513385826771654,0.457627118644068,0.538819875776398,0.193343898573693,0.173419773095624,0.727699530516432,0.630818619582664,0.542319749216301,0.421135646687697,0.219435736677116,0.524720893141946,0.217806041335453,0.167721518987342,0.0182648401826484,0.265402843601896,0.403225806451613,0.0245022970903522,0.274570982839314,0.2608,0.0226904376012966,0.0221870047543582,0.402912621359223,0.386996904024768,0.4265625,0.0235849056603774,0.712933753943218,0.174267100977199,0.7,0.480392156862745,0.510046367851623,0.0238473767885533,0.408945686900958,0.2,0.470967741935484,0.0274636510500808,0.0229007633587786,0.698757763975155,0.780096308186196
"127",0,0.00150829562594268,0.00152439024390244,0,0,0,0,0,0,0,0,0,0,0,0,0,0,0,0,0,0,0,0,0,0,0,0,0,0,0,0,0,0,0,0,0,0,0,0,0,0,0,0,0,0,0,0,0.00146627565982405,0.00150829562594268,0.00148367952522255,0.00153374233128834,0,0.0209580838323353,0.00449775112443778,0,0,0,0,0.00605143721633888,0,0,0.00618238021638331,0,0,0,0,0,0,0.00154559505409583,0,0.00449775112443778,0,0,0,0,0,0,0.00151745068285281,0.010752688172043,0,0.00453172205438067,0,0.0014792899408284,0,0,0,0,0.00301204819277108,0,0.00443131462333826,0,0,0.00153139356814701,0.0062015503875969,0,0,0.0029940119760479,0.335338345864662,0.27736131934033,0.288109756097561,0.847730600292826,0.352574102964119,0.073394495412844,0.0934150076569678,0.320552147239264,0.473604826546003,0.808095952023988,0.996996996996997,0.534267912772586,0.686746987951807,0.00302114803625378,0.79375,0.250374812593703,0.993817619783617,0.46417445482866,0.00148588410104012,0.0723981900452489,0.282798833819242,0.854740061162079,0.0542635658914729,0.322429906542056,0.00152671755725191,0.314199395770393,0.00150602409638554,0.268945022288262,0.428353658536585,1,0.00154320987654321,0.810240963855422,0.992743105950653,0.162037037037037,0.298780487804878,0.086232980332829,0.288629737609329,0.0592823712948518,0.265367316341829,0.839097744360902,0.0629800307219662,0.382660687593423,0.114803625377644,0.0181268882175227,0.0330827067669173,0.298325722983257,0.662058371735791,0.406676783004552,0.303437967115097,0.301186943620178,0.00156494522691706,0.846153846153846,0.163418290854573,0.252663622526636,0.00299850074962519,0.267884322678843,0.871870397643594,0.913897280966767,0.00303490136570561,0.924148606811146,0.462882096069869,0.452599388379205,0.871449925261584,0.00153609831029186,0.00777604976671851,0.998496240601504,0.301369863013699,0.384155455904335,0.027231467473525,0.0201550387596899,0.289719626168224,0.307458143074581,0.316816816816817,0.0532544378698225,0.319402985074627,0.0642633228840125,0.126738794435858,0.349230769230769,0.256371814092954,0.852986217457887,0.628526645768025,0.0527131782945736,0.78422619047619,0.79607250755287,0.631732168850073,0.0785498489425982,0.763636363636364,0.0031055900621118,0.614916286149163,0.27613104524181,0.0594512195121951,0.0700934579439252,0.0492307692307692,0.293154761904762,0.247376311844078,0.811659192825112,0.267267267267267,0.433482810164425,0.259780907668232,0.00306278713629403,0.00153139356814701,0.503164556962025,0.00301204819277108,0.00303030303030303,0.878378378378378,0.00299850074962519,0.251479289940828,0.00295420974889217,0.736131934032983,0.887022900763359,0.555722891566265,0.236526946107784,0.0693215339233038,0.0628834355828221,0.243202416918429,0.277258566978193,0.86646884272997,0.957639939485628,0.774289985052317,0.873860182370821,0.786482334869432,0.602446483180428,0.00147058823529412,0.432228915662651,0.998470948012232,0.00147058823529412,0.519345238095238,0.858712715855573,0.00304878048780488,0.00148148148148148,0.992283950617284,0.942073170731707,0.996941896024465,0,0.302114803625378,0.0605590062111801,0.286144578313253,0.521806853582555,0.894345238095238,0.00153846153846154,0.577912254160363,0.467374810318665,0.912977099236641,0.00310077519379845,0.00294985250737463,0.297014925373134,0.455384615384615
"128",0.615863141524106,0.604465709728868,0.576,0.5872,0,0,0,0,0,0,0,0,0,0,0,0,0,0,0,0,0,0,0,0,0,0,0,0,0,0,0,0,0,0,0,0,0,0,0,0,0,0,0,0,0,0,0,0.614088820826952,0.61128526645768,0.608424336973479,0.589171974522293,0.0210355987055016,0,0,0.015600624024961,0.0266457680250784,0.0171606864274571,0.0140405616224649,0.0096,0.0174880763116057,0.0202808112324493,0.0112540192926045,0.019047619047619,0.0160513643659711,0.0235109717868339,0.0205371248025276,0.0172413793103448,0.0358814352574103,0.0221870047543582,0.0191082802547771,0,0.0187793427230047,0.016025641025641,0.0170015455950541,0.0141065830721003,0.0156494522691706,0.0160513643659711,0.0172413793103448,0.0113452188006483,0.0188679245283019,0,0.0174050632911392,0.0138036809815951,0.0200927357032458,0.0171073094867807,0.0184899845916795,0.0202177293934681,0.012779552715655,0.0192,0,0.0176,0.0199081163859112,0.0142630744849445,0,0.0176282051282051,0.0168970814132104,1,0.00475435816164818,0.00156739811912226,0.00160771704180064,0,0.24232633279483,0.522012578616352,0.483253588516746,0.0016025641025641,0.172741679873217,0.00159235668789809,0.00157728706624606,0.154838709677419,0.123630672926448,1,0.0537459283387622,0,0.0016025641025641,0.00160513643659711,1,0.50788643533123,0,0.00963081861958266,0.524879614767255,0,1,0.0015600624024961,1,0.00159235668789809,0.0191082802547771,0.00154320987654321,1,0.0015748031496063,0.00154559505409583,0.435736677115987,0.17384370015949,0.474339035769829,0.00154083204930663,0.519543973941368,0,0.0015552099533437,0.515447154471545,0.131455399061033,0.569640062597809,0.568111455108359,0.563182527301092,0.00155763239875389,0.00160513643659711,0.00156985871271586,0.00159489633173844,0.0015552099533437,0.747967479674797,0.0123076923076923,0.42566510172144,0.0015748031496063,0.998427672955975,0.327503974562798,0.00154083204930663,0,1,0.00162337662337662,0.173846153846154,0.00318471337579618,0.0015625,1,0.838050314465409,0.00156494522691706,0.00156494522691706,0.00152905198776758,0.582664526484751,0.565916398713826,0.00161030595813205,0.0015625,0.00157977883096367,0.530581039755352,0.00155038759689922,0.507269789983845,0.438906752411576,0.0293637846655791,0.00159235668789809,0.00966183574879227,0.0032,0.537480063795853,0.0015600624024961,0.0554699537750385,0.0106707317073171,0.506134969325153,0.0854430379746835,1,0,0.00161812297734628,0.525902668759812,0.503225806451613,0.540540540540541,0.00153609831029186,0.00154559505409583,0.0463678516228748,0.00156985871271586,0.00941915227629513,0.0016,1,1,0.175697865353038,0.976190476190476,1,0,1,0.357910906298003,0.998480243161094,0.117465224111283,0.00158478605388273,0.358609794628752,0.00154798761609907,0.515673981191223,0.519230769230769,0.0110236220472441,0.00165562913907285,0.00154320987654321,0,0.0803149606299213,0.00157728706624606,0.0688,0.159305993690852,1,0.17774343122102,0.0016260162601626,1,0.105666156202144,0.00977198697068404,0.9392,0.97626582278481,0.0016025641025641,0.00158982511923688,0.00158478605388273,1,0.00157232704402516,0.538461538461538,0.0015600624024961,0.0196078431372549,0.00157232704402516,1,0.0206022187004754,0.219284603421462,0.00161030595813205,1,0.979969183359014,0.00155763239875389,0.0015625
"129",0,0.00155763239875389,0.0015600624024961,0,0,0,0,0,0,0,0,0,0,0,0,0,0,0,0,0,0,0,0,0,0,0,0,0,0,0,0,0,0,0,0,0,0,0,0,0,0,0,0,0,0,0,0,0.00153139356814701,0.00156985871271586,0.00154320987654321,0.00156985871271586,0,0.111455108359133,0.0426179604261796,0.00154798761609907,0,0,0,0.0078740157480315,0,0,0.0015625,0,0.00158478605388273,0,0,0,0,0.0015748031496063,0.00158227848101266,0.0093603744149766,0,0,0,0,0.00156494522691706,0,0.00316957210776545,0.0110759493670886,0,0.00778816199376947,0,0.00306748466257669,0,0,0,0,0.00627943485086342,0,0.00918836140888208,0,0,0.00155763239875389,0.00791139240506329,0,0,0.00308641975308642,0.488408037094281,0.476708074534161,0.460587326120556,0.875195007800312,0.242902208201893,0.0247678018575851,0.0284810126582278,0.502369668246445,0.327102803738318,0.846153846153846,0.811349693251534,0.376190476190476,0.496087636932707,0.00307692307692308,0.609250398724083,0.402157164869029,0.805946791862285,0.693037974683544,0.0015527950310559,0.0231839258114374,0.462006079027356,0.671899529042386,0.0126382306477093,0.4944,0.00158478605388273,0.491472868217054,0.00154798761609907,0.458333333333333,0.57433489827856,0.810240963855422,0.0015748031496063,1,0.80365296803653,0.0482866043613707,0.313479623824451,0.0409448818897638,0.467374810318665,0.0143769968051118,0.442724458204334,0.795107033639144,0.0160513643659711,0.388198757763975,0.0917573872472784,0.00462249614791988,0.00473186119873817,0.472868217054264,0.640062597809077,0.551829268292683,0.479876160990712,0.470764617691154,0.00159489633173844,0.670229007633588,0.0451713395638629,0.410296411856474,0.00309119010819165,0.138629283489097,0.88719512195122,0.884735202492212,0.00311526479750779,0.909967845659164,0.310502283105023,0.626749611197512,0.9125,0.00155763239875389,0.0015748031496063,0.813479623824451,0.464342313787639,0.567484662576687,0.00470957613814757,0.00314465408805031,0.449044585987261,0.478672985781991,0.492211838006231,0.013677811550152,0.497659906396256,0.0195121951219512,0.0402576489533011,0.406451612903226,0.424196018376723,0.678627145085803,0.541935483870968,0.0125984251968504,0.849462365591398,0.601236476043277,0.503759398496241,0.02,0.594043887147335,0.00316957210776545,0.824451410658307,0.458003169572108,0.0171073094867807,0.0206349206349206,0.00946372239747634,0.446319018404908,0.408602150537634,0.607751937984496,0.455384615384615,0.576452599388379,0.433962264150943,0.00316455696202532,0.00158730158730159,0.331189710610932,0.00312989045383412,0.00314465408805031,0.9109375,0.00306278713629403,0.121165644171779,0.00306748466257669,0.535987748851455,0.887122416534181,0.549295774647887,0.388036809815951,0.0242424242424242,0.0173501577287066,0.342465753424658,0.444805194805195,0.911987860394537,0.863422291993721,0.587962962962963,0.88646967340591,0.59594383775351,0.411302982731554,0.00151057401812689,0.299392097264438,0.811708860759494,0.00152905198776758,0.39509954058193,0.678456591639871,0.00321543408360129,0.00154798761609907,0.807936507936508,0.765990639625585,0.812693498452012,0,0.481366459627329,0.0142857142857143,0.454545454545455,0.4896331738437,0.897709923664122,0.00156985871271586,0.496894409937888,0.298136645962733,0.888535031847134,0.00320512820512821,0.00304878048780488,0.459787556904401,0.666151468315301
"130",0,0.00153139356814701,0.0015552099533437,0,0,0,0,0,0,0,0,0,0,0,0,0,0,0,0,0,0,0,0,0,0,0,0,0,0,0,0,0,0,0,0,0,0,0,0,0,0,0,0,0,0,0,0,0.0014792899408284,0.00154083204930663,0.0015220700152207,0.00153846153846154,0,0.0259146341463415,0.00300751879699248,0.00152905198776758,0,0,0,0.00460829493087558,0,0,0.00766871165644172,0,0.00154320987654321,0,0,0,0,0.00154320987654321,0.00156739811912226,0.00460122699386503,0,0,0,0,0.00153139356814701,0,0.00301204819277108,0.00941915227629513,0,0.00302114803625378,0,0.00301659125188537,0,0,0,0,0.00307692307692308,0,0.00298953662182362,0,0,0.00153374233128834,0.00463678516228748,0,0,0.00306748466257669,0.350308641975309,0.284857571214393,0.292834890965732,0.842987804878049,0.356143079315708,0.0644171779141104,0.0914728682170543,0.321428571428571,0.478658536585366,0.793363499245852,1,0.540498442367601,0.689759036144578,0.00302571860816944,0.785381026438569,0.245083207261725,0.996927803379416,0.479876160990712,0.00153374233128834,0.0718654434250764,0.287812041116006,0.844615384615385,0.0470957613814757,0.32398753894081,0.00154559505409583,0.323216995447648,0.0015220700152207,0.278890600924499,0.442249240121581,0.992743105950653,0.00154559505409583,0.80365296803653,1,0.168970814132104,0.305810397553517,0.0811232449297972,0.299259259259259,0.0551181102362205,0.270553064275037,0.819423368740516,0.0587301587301587,0.377473363774734,0.126153846153846,0.0121580547112462,0.0295489891135303,0.298780487804878,0.659969088098918,0.404833836858006,0.303951367781155,0.30920060331825,0.00154798761609907,0.839393939393939,0.169207317073171,0.266563944530046,0.00301659125188537,0.279251170046802,0.86865671641791,0.907575757575758,0.00305810397553517,0.931034482758621,0.45360824742268,0.454404945904173,0.862951807228916,0.00154083204930663,0.00465116279069767,0.997019374068554,0.30030959752322,0.382660687593423,0.0217729393468118,0.0169491525423729,0.290171606864275,0.314503816793893,0.320493066255778,0.0508221225710015,0.31859756097561,0.0647709320695103,0.128125,0.34488188976378,0.264525993883792,0.848297213622291,0.625391849529781,0.048062015503876,0.795107033639144,0.790977443609023,0.636632200886263,0.0762331838565022,0.7673343605547,0.00312989045383412,0.619482496194825,0.280811232449298,0.0564885496183206,0.0646687697160883,0.0436817472698908,0.291540785498489,0.253414264036419,0.800904977375566,0.27710843373494,0.442424242424242,0.269890795631825,0.0031104199066874,0.0015552099533437,0.507131537242472,0.00300751879699248,0.00305810397553517,0.870170015455951,0.00302571860816944,0.268768768768769,0.00298953662182362,0.73644578313253,0.881278538812785,0.557427258805513,0.238095238095238,0.0716417910447761,0.0569620253164557,0.248475609756098,0.285031847133758,0.860606060606061,0.957317073170732,0.772382397572079,0.870170015455951,0.78494623655914,0.6156202143951,0.00148588410104012,0.428353658536585,0.998452012383901,0.0014903129657228,0.53204172876304,0.855799373040752,0.0031496062992126,0.00150829562594268,0.990521327014218,0.937404580152672,0.998461538461539,0,0.307346326836582,0.0559105431309904,0.29483282674772,0.500789889415482,0.892261001517451,0.00154559505409583,0.5895865237366,0.468702290076336,0.912636505460218,0.0031055900621118,0.00298507462686567,0.303759398496241,0.468118195956454
"131",0.19375,0.185714285714286,0.169572107765452,0.14873417721519,0,0,0,0,0,0,0,0,0,0,0,0,0,0,0,0,0,0,0,0,0,0,0,0,0,0,0,0,0,0,0,0,0,0,0,0,0,0,0,0,0,0,0,0.206060606060606,0.204081632653061,0.19188767550702,0.173775671406003,0.0209003215434084,0,0,0.0107858243451464,0.0144,0.0108527131782946,0.0031104199066874,0.00475435816164818,0.0111111111111111,0.0107361963190184,0.0127591706539075,0.0124804992199688,0.00798722044728434,0.013953488372093,0.0126182965299685,0.0125588697017268,0.0124416796267496,0.0126182965299685,0.00972447325769854,0,0.00941915227629513,0.00803858520900321,0.00797448165869218,0.0122324159021407,0.0078125,0.00632911392405063,0.00940438871473354,0.00318471337579618,0.010752688172043,0,0.00797448165869218,0.00923076923076923,0.0123456790123457,0.0123839009287926,0.0122699386503067,0.0141065830721003,0.0063391442155309,0.0127186009538951,0,0.0126382306477093,0.0139968895800933,0.00938967136150235,0,0.0110759493670886,0.0107858243451464,0.437699680511182,0.162246489859594,0.0031201248049922,0.00315955766192733,0.0170807453416149,0.8,0.884914463452566,0.937799043062201,0.0254777070063694,0.710077519379845,0.0110236220472441,0.169781931464174,0.642394822006472,0.4953125,0.434984520123839,0.392220421393841,0.00155038759689922,0.168503937007874,0.0127591706539075,0.424528301886792,0.882170542635659,0.00150602409638554,0.321144674085851,0.869009584664537,0.0016260162601626,0.446740858505564,0.0031496062992126,0.424679487179487,0.00313971742543171,0.175911251980983,0.162037037037037,0.435736677115987,0.0482866043613707,0.168970814132104,1,0.629984051036683,0.85691573926868,0.0121765601217656,0.8592,0,0.155038759689922,0.859903381642512,0.587677725118483,0.707278481012658,0.829192546583851,0.82807570977918,0.0015552099533437,0.370253164556962,0.164852255054432,0.0559875583203732,0.00306278713629403,0.688783570300158,0.324492979719189,1,0.0031496062992126,0.454258675078864,0.932907348242812,0.0353846153846154,0.0664556962025316,0.4296875,0.0929853181076672,0.716867469879518,0.15506329113924,0.028125,0.428571428571429,0.587579617834395,0.154205607476636,0.00314465408805031,0.00305343511450382,0.823809523809524,0.819047619047619,0.00320512820512821,0.0140845070422535,0.0125786163522013,0.865443425076453,0.00311526479750779,0.881107491856677,0.917741935483871,0.38961038961039,0.00314465408805031,0.307936507936508,0.488958990536278,0.856240126382307,0.184899845916795,0.394984326018809,0.527439024390244,0.916149068322981,0.407120743034056,0.4192,0.004739336492891,0.00319488817891374,0.857142857142857,0.888,0.866129032258064,0.00309119010819165,0.00309119010819165,0.385692068429238,0.00311526479750779,0.178849144634526,0.00316957210776545,0.447115384615385,0.438291139240506,0.684210526315789,0.456556082148499,0.430622009569378,0.029595015576324,0.42530487804878,0.934650455927052,0.434650455927052,0.452713178294574,0.055205047318612,0.183544303797468,0.00308641975308642,0.872534142640364,0.8784,0.325,0.00326797385620915,0.0279503105590062,0.111801242236025,0.412037037037037,0.028391167192429,0.388976377952756,0.591414944356121,0.448698315467075,0.714064914992272,0.160975609756098,0.43247344461305,0.666153846153846,0.311004784688995,0.491114701130856,0.456521739130435,0.164516129032258,0.22706065318818,0.178403755868545,0.426771653543307,0.00316957210776545,0.8608,0.00313971742543171,0.506472491909385,0.0423197492163009,0.4421875,0.52755905511811,0.733755942947702,0.073208722741433,0.426494345718901,0.43343653250774,0.00306278713629403,0.0140845070422535
"132",0.0156985871271586,0.0220820189274448,0.0204724409448819,0.0127186009538951,0,0,0,0,0,0,0,0,0,0,0,0,0,0,0,0,0,0,0,0,0,0,0,0,0,0,0,0,0,0,0,0,0,0,0,0,0,0,0,0,0,0,0,0.0197869101978691,0.0140405616224649,0.0201238390092879,0.0160771704180064,0.0113085621970921,0.0172143974960876,0.0078125,0.0062992125984252,0.008,0.0077639751552795,0.00458015267175573,0.00634920634920635,0.00628930817610063,0.0078125,0.00626959247648903,0.00794912559618442,0.00794912559618442,0.00933125972006221,0.00792393026941363,0.00791139240506329,0.00789889415481832,0.00802568218298555,0.00798722044728434,0.00789889415481832,0.00628930817610063,0.00476947535771065,0.00796178343949045,0.00623052959501558,0.00634920634920635,0.00321543408360129,0.00793650793650794,0.00650406504065041,0.00775193798449612,0.00631911532385466,0.00318471337579618,0.00925925925925926,0.0078125,0.00797448165869218,0.00778816199376947,0.0078740157480315,0.0111642743221691,0.00797448165869218,0.0077639751552795,0.00802568218298555,0.00617283950617284,0.00474683544303797,0.0048,0.00797448165869218,0.00928792569659443,0.174603174603175,0.438985736925515,0.195652173913043,0.219709208400646,0.28393135725429,0.706362153344209,0.653605015673981,0.670364500792393,0.289902280130293,0.572981366459627,0.279434850863422,0.291993720565149,0.543831168831169,0.423493044822257,0.18167701863354,0.432300163132137,0.171606864274571,0.279293739967897,0.287539936102236,0.179012345679012,0.69701726844584,0.193009118541033,0.436507936507937,0.662358642972536,0.248397435897436,0.184764991896272,0.22992125984252,0.177952755905512,0.188473520249221,0.483974358974359,0.298780487804878,0.17384370015949,0.313479623824451,0.305810397553517,0.629984051036683,1,0.700320512820513,0.253414264036419,0.663430420711974,0.194744976816074,0.46875,0.660194174757282,0.959311424100156,0.589424572317263,0.618973561430793,0.63265306122449,0.236391912908243,0.644444444444444,0.471786833855799,0.3015625,0.229102167182663,0.444094488188976,0.440251572327044,0.641860465116279,0.149206349206349,0.186813186813187,0.638801261829653,0.264797507788162,0.291139240506329,0.183385579937304,0.301948051948052,0.59789156626506,0.462757527733756,0.257009345794392,0.194620253164557,0.3088,0.292834890965732,0.223491027732463,0.173312883435583,0.59748427672956,0.610142630744849,0.221324717285945,0.26875,0.266561514195584,0.655963302752294,0.2296875,0.667215815485997,0.722222222222222,0.73095623987034,0.169230769230769,0.435483870967742,0.681744749596123,0.635071090047393,0.416796267496112,0.43701399688958,0.677710843373494,0.651017214397496,0.400621118012422,0.166394779771615,0.298412698412698,0.169082125603865,0.66304347826087,0.674267100977199,0.6432,0.214723926380368,0.171779141104294,0.417054263565891,0.19047619047619,0.491419656786271,0.164274322169059,0.195548489666137,0.171799027552674,0.531400966183575,0.218553459119497,0.188087774294671,0.2557781201849,0.185185185185185,0.603715170278638,0.188767550702028,0.395638629283489,0.271293375394322,0.328616352201258,0.135176651305684,0.66,0.654838709677419,0.610142630744849,0.202247191011236,0.283076923076923,0.2546875,0.403481012658228,0.255886970172684,0.415730337078652,0.434231378763867,0.175115207373272,0.650077760497667,0.288,0.186153846153846,0.610169491525424,0.434294871794872,0.231147540983607,0.192789968652038,0.305691056910569,0.342767295597484,0.294117647058824,0.178849144634526,0.215288611544462,0.6464,0.242138364779874,0.817292006525285,0.256651017214397,0.181240063593005,0.731012658227848,0.507836990595611,0.255150554675119,0.182965299684543,0.17984496124031,0.218408736349454,0.265822784810127
"133",0.213063763608087,0.21216848673947,0.191222570532915,0.1744,0,0,0,0,0,0,0,0,0,0,0,0,0,0,0,0,0,0,0,0,0,0,0,0,0,0,0,0,0,0,0,0,0,0,0,0,0,0,0,0,0,0,0,0.225656877897991,0.216640502354788,0.212074303405573,0.184,0.0228758169934641,0,0,0.0109717868338558,0.0174603174603175,0.0125588697017268,0.0109546165884194,0.00796178343949045,0.0110584518167457,0.0141732283464567,0.00798722044728434,0.0143769968051118,0.011400651465798,0.0186335403726708,0.019047619047619,0.0140625,0.0217729393468118,0.0174880763116057,0.0128824476650564,0,0.014218009478673,0.00958466453674121,0.0142857142857143,0.0124804992199688,0.0126984126984127,0.0127591706539075,0.0143769968051118,0.00644122383252818,0.0156739811912226,0,0.0128,0.00933125972006221,0.0155038759689922,0.0125,0.0170015455950541,0.0157232704402516,0.0111464968152866,0.015748031496063,0,0.0158982511923688,0.0169230769230769,0.0128205128205128,0,0.0162866449511401,0.0124223602484472,0.47741935483871,0.224165341812401,0.0107692307692308,0.028892455858748,0.0359937402190923,0.727714748784441,0.96656050955414,0.929373996789727,0.0727848101265823,0.591679506933744,0.0334928229665072,0.081377151799687,0.526829268292683,0.386327503974563,0.478056426332288,0.285024154589372,0.0157728706624606,0.0733652312599681,0.0354838709677419,0.472,0.974683544303797,0.00914634146341463,0.227129337539432,0.946774193548387,0.032258064516129,0.480952380952381,0.028169014084507,0.466034755134281,0.0110759493670886,0.232854864433812,0.086232980332829,0.474339035769829,0.0409448818897638,0.0811232449297972,0.85691573926868,0.700320512820513,1,0.0524691358024691,0.953150242326333,0.0124031007751938,0.195348837209302,0.954248366013072,0.659270998415214,0.817896389324961,0.9046875,0.920382165605096,0.029874213836478,0.379968203497615,0.2256,0.106180665610143,0.0309597523219814,0.744,0.236677115987461,0.865414710485133,0.00155763239875389,0.488262910798122,0.78003120124805,0.0229007633587786,0.0458860759493671,0.479623824451411,0.0486223662884927,0.625194401244168,0.203791469194313,0.021875,0.484944532488114,0.604166666666667,0.0829420970266041,0.0287081339712919,0.00772797527047913,0.909379968203498,0.893719806763285,0.025974025974026,0.0582677165354331,0.0555555555555556,0.955453149001536,0.0310077519379845,0.964052287581699,0.919871794871795,0.466448445171849,0.0015600624024961,0.207936507936508,0.442307692307692,0.9472,0.14756671899529,0.270015698587127,0.443425076452599,0.938080495356037,0.28816199376947,0.472668810289389,0.0300632911392405,0.00476190476190476,0.965299684542587,0.974025974025974,0.950949367088608,0.0294573643410853,0.00627943485086342,0.262015503875969,0.0109375,0.232558139534884,0.00162866449511401,0.502407704654896,0.470684039087948,0.561056105610561,0.511111111111111,0.489566613162119,0.0142630744849445,0.466049382716049,0.774343122102009,0.490853658536585,0.341614906832298,0.0190779014308426,0.266666666666667,0.00152439024390244,0.967492260061919,0.961352657004831,0.41692789968652,0.0131147540983607,0.0314465408805031,0.0379746835443038,0.293103448275862,0.0188383045525903,0.2688,0.457735247208931,0.478593272171254,0.652996845425868,0.0837359098228663,0.481651376146789,0.53953488372093,0.217320261437909,0.546474358974359,0.507020280811232,0.0866013071895425,0.145135566188198,0.0775316455696203,0.480314960629921,0.0236220472440945,0.946688206785137,0.0312989045383412,0.533551554828151,0.0202177293934681,0.495327102803738,0.484126984126984,0.588235294117647,0.0176282051282051,0.482371794871795,0.478395061728395,0.0266457680250784,0.03486529318542
"134",0,0.00154798761609907,0.00302571860816944,0.00154083204930663,0,0,0,0,0,0,0,0,0,0,0,0,0,0,0,0,0,0,0,0,0,0,0,0,0,0,0,0,0,0,0,0,0,0,0,0,0,0,0,0,0,0,0,0.00147058823529412,0.00151745068285281,0.003003003003003,0.0031055900621118,0,0.543511450381679,0.423192771084337,0.00150829562594268,0,0,0.00747384155455904,0.00757575757575758,0,0,0,0,0.00154083204930663,0,0,0,0,0,0.00153374233128834,0.0285285285285285,0.00599700149925037,0,0,0,0.00152439024390244,0,0.00153374233128834,0.00622083981337481,0,0.101644245142003,0,0.0029806259314456,0,0,0,0,0.00769230769230769,0,0.024024024024024,0,0,0,0.0198170731707317,0,0.0015015015015015,0.0031201248049922,0.821212121212121,0.902548725637181,0.969088098918083,0.455489614243323,0.0185185185185185,0.0214067278287462,0.0167427701674277,0.982892690513219,0.00753012048192771,0.505311077389985,0.281626506024096,0.0186335403726708,0.0319148936170213,0.0029940119760479,0.0930599369085174,0.93161094224924,0.276234567901235,0.811912225705329,0.00151975683890578,0.033587786259542,0.937042459736457,0.158705701078582,0.0247678018575851,0.978193146417445,0.00156494522691706,0.980213089802131,0.00153139356814701,0.915279878971256,0.719568567026194,0.288629737609329,0.00154083204930663,0.467374810318665,0.299259259259259,0.0121765601217656,0.253414264036419,0.0524691358024691,1,0.0247295208655332,0.919083969465649,0.376701966717095,0.0238095238095238,0.250379362670713,0.0728376327769348,0.0181543116490166,0.0229007633587786,0.978915662650602,0.292758089368259,0.748872180451128,0.947289156626506,0.979166666666667,0.0124223602484472,0.15210843373494,0.0104321907600596,0.889060092449923,0.0029673590504451,0.00766871165644172,0.421364985163205,0.383808095952024,0.00302114803625378,0.37245696400626,0.0132939438700148,0.709726443768997,0.413109756097561,0.00152671755725191,0.0015552099533437,0.298642533936652,0.975384615384615,0.837313432835821,0.0258358662613982,0.021505376344086,0.975116640746501,0.995461422087746,0.996965098634294,0.0178041543026706,0.972850678733032,0.0250391236306729,0.0279503105590062,0.5008,0.886706948640483,0.154446177847114,0.188562596599691,0.0185185185185185,0.4051593323217,0.103915662650602,0.179675994108984,0.0181268882175227,0.0666666666666667,0.00314465408805031,0.680981595092024,0.898928024502297,0.0303030303030303,0.024653312788906,0.0214723926380368,0.968796433878158,0.913690476190476,0.101190476190476,0.925595238095238,0.724397590361446,0.9,0.00306748466257669,0.00154559505409583,0.0031055900621118,0.0197869101978691,0.00308166409861325,0.419548872180451,0.00298953662182362,0.00301204819277108,0.00294117647058824,0.0408472012102874,0.404984423676012,0.305263157894737,0.860569715142429,0.0209580838323353,0.015600624024961,0.664156626506024,0.919558359621451,0.43328335832084,0.328290468986384,0.0714285714285714,0.423728813559322,0.080370942812983,0.00605143721633888,0.00147058823529412,0.0272727272727273,0.285271317829457,0.00149476831091181,0.0449101796407186,0.149068322981366,0.00311526479750779,0.00149925037481259,0.294851794071763,0.235920852359209,0.293494704992436,0,0.969512195121951,0.014018691588785,0.974397590361446,0.250793650793651,0.404511278195489,0.00152905198776758,0.171516079632466,0.0015220700152207,0.378086419753086,0.0031201248049922,0.00301659125188537,0.962235649546828,0.807044410413476
"135",0.26731078904992,0.251223491027732,0.230894308943089,0.212903225806452,0,0,0,0,0,0,0,0,0,0,0,0,0,0,0,0,0,0,0,0,0,0,0,0,0,0,0,0,0,0,0,0,0,0,0,0,0,0,0,0,0,0,0,0.274570982839314,0.269354838709677,0.248826291079812,0.237179487179487,0.0218120805369128,0,0,0.00801282051282051,0.0162074554294976,0.0129032258064516,0.0111821086261981,0.00484652665589661,0.0113085621970921,0.0142857142857143,0.00805152979066022,0.0144694533762058,0.013136288998358,0.0175438596491228,0.0144,0.0127388535031847,0.0208333333333333,0.0164744645799012,0.0130081300813008,0,0.0130081300813008,0.0113821138211382,0.0130718954248366,0.0126382306477093,0.0110759493670886,0.0113636363636364,0.0113636363636364,0.00650406504065041,0.012779552715655,0,0.00969305331179321,0.0110759493670886,0.0143312101910828,0.0142630744849445,0.0173228346456693,0.0160771704180064,0.00975609756097561,0.0146579804560261,0,0.0144230769230769,0.0141287284144427,0.00823723228995058,0,0.016025641025641,0.0126582278481013,0.534510433386838,0.169082125603865,0.00315457413249211,0.00323624595469256,0.00318471337579618,0.711221122112211,0.985781990521327,0.938009787928222,0.034257748776509,0.5648,0.00323624595469256,0.0572337042925278,0.499184339314845,0.351351351351351,0.531645569620253,0.260296540362438,0.00158982511923688,0.0422764227642276,0.0115131578947368,0.515151515151515,0.980891719745223,0.00154083204930663,0.197092084006462,0.995081967213115,0.0016366612111293,0.533117932148627,0.00318471337579618,0.512116316639742,0.00322061191626409,0.177884615384615,0.0592823712948518,0.519543973941368,0.0143769968051118,0.0551181102362205,0.8592,0.663430420711974,0.953150242326333,0.0247295208655332,1,0.00323624595469256,0.150242326332795,1,0.602218700475436,0.802250803858521,0.961844197138315,0.972447325769854,0.00159744408945687,0.347826086956522,0.170967741935484,0.0682926829268293,0.00313971742543171,0.795751633986928,0.212121212121212,0.8671875,0.00323624595469256,0.540192926045016,0.772213247172859,0.00470957613814757,0.0225442834138486,0.527910685805423,0.027823240589198,0.587869362363919,0.147727272727273,0.00317460317460317,0.52827140549273,0.663987138263666,0.0525477707006369,0.00321543408360129,0.0031201248049922,0.967532467532468,0.949919224555735,0.0065359477124183,0.0261011419249592,0.0226171243941842,0.998444790046656,0.00318979266347687,0.990016638935108,0.94281045751634,0.419463087248322,0.00318471337579618,0.201938610662359,0.420967741935484,0.995137763371151,0.111111111111111,0.244929797191888,0.405864197530864,0.955555555555556,0.269413629160063,0.516501650165016,0.00323624595469256,0.0032258064516129,0.992,0.985148514851485,1,0.0031201248049922,0.00315457413249211,0.239302694136292,0.0032,0.169303797468354,0.00323101777059774,0.540098199672668,0.532786885245902,0.529313232830821,0.559105431309904,0.539452495974235,0.0032258064516129,0.519047619047619,0.770932069510269,0.530903328050713,0.318181818181818,0.00323624595469256,0.215748031496063,0.00314465408805031,0.982704402515723,0.991816693944354,0.36231884057971,0.00497512437810945,0.00317460317460317,0.0174603174603175,0.269716088328076,0.00481540930979133,0.256493506493506,0.437299035369775,0.536098310291859,0.62621359223301,0.0541871921182266,0.523956723338485,0.506309148264984,0.197674418604651,0.572607260726073,0.547351524879615,0.0602605863192182,0.106687898089172,0.0561797752808989,0.527821939586645,0.00321543408360129,0.995081967213115,0.00637958532695375,0.491554054054054,0.00478468899521531,0.549019607843137,0.458199356913183,0.567043618739903,0.00487012987012987,0.517298187808896,0.524720893141946,0.00313479623824451,0.00956937799043062
"136",0,0,0.00313479623824451,0.00316455696202532,0,0,0,0,0,0,0,0,0,0,0,0,0,0,0,0,0,0.00155038759689922,0,0,0,0,0,0,0,0,0,0,0,0,0,0,0,0,0,0,0,0,0,0,0,0,0,0,0,0.00308641975308642,0.00313971742543171,0,0.640432098765432,0.50381679389313,0,0,0,0.00464396284829721,0.00470219435736677,0,0,0,0,0,0,0,0,0,0,0,0.0290964777947933,0.00467289719626168,0,0,0,0,0,0,0.0031496062992126,0,0.0851393188854489,0,0.00151975683890578,0,0,0,0,0.00632911392405063,0,0.0242057488653555,0,0,0,0.0204724409448819,0,0.00151975683890578,0,0.741085271317829,0.981481481481482,0.909657320872274,0.398473282442748,0.00158730158730159,0.0015552099533437,0,0.88135593220339,0.00459418070444104,0.434169278996865,0.270061728395062,0.00626959247648903,0.0298273155416013,0,0.0932069510268562,0.91705069124424,0.263322884012539,0.798092209856916,0,0.0015527950310559,0.965671641791045,0.150470219435737,0.00320512820512821,0.917065390749601,0,0.923794712286159,0,0.989247311827957,0.622874806800618,0.265367316341829,0,0.442724458204334,0.270553064275037,0,0.194744976816074,0.0124031007751938,0.919083969465649,0.00323624595469256,1,0.308527131782946,0.00323101777059774,0.200310559006211,0.0124610591900312,0,0.00306748466257669,0.925349922239502,0.262910798122066,0.665116279069767,0.855828220858896,0.919330289193303,0,0.151607963246554,0,0.974045801526718,0,0,0.383792048929664,0.338028169014085,0,0.346092503987241,0.0029940119760479,0.627692307692308,0.379573170731707,0,0,0.273570324574961,0.914826498422713,0.898305084745763,0.00154320987654321,0.0031496062992126,0.933227344992051,0.89922480620155,0.90077519379845,0.00302114803625378,0.910355486862442,0.0032520325203252,0.0032,0.41335453100159,0.970948012232416,0.159126365054602,0.176838810641628,0.00159489633173844,0.392966360856269,0.0961240310077519,0.155096011816839,0.00152439024390244,0.0657492354740061,0,0.631415241057543,0.97933227344992,0.00305810397553517,0.00319488817891374,0.00155763239875389,0.913109756097561,0.936630602782071,0.099388379204893,0.98613251155624,0.635802469135803,0.982731554160126,0,0,0,0,0,0.3875,0,0,0,0.0369230769230769,0.352395672333849,0.229583975346687,0.940639269406393,0.00155038759689922,0.00158478605388273,0.606431852986217,0.9967585089141,0.388719512195122,0.29595015576324,0.0627871362940276,0.377329192546584,0.0788253477588872,0.00316455696202532,0,0.00924499229583975,0.2578125,0,0.0424242424242424,0.15,0,0,0.272873194221509,0.218604651162791,0.268633540372671,0,0.921507064364207,0,0.930448222565688,0.196850393700787,0.353582554517134,0,0.159442724458204,0,0.340157480314961,0,0,0.914893617021277,0.777258566978193
"137",0,0.0015527950310559,0.00154559505409583,0,0,0,0,0,0,0,0,0,0,0,0,0,0,0,0,0,0,0,0,0,0,0,0,0,0,0,0,0,0,0,0,0,0,0,0,0,0,0,0,0,0,0,0,0.00151285930408472,0.0015600624024961,0.00153374233128834,0.00157728706624606,0.00158982511923688,0.0275229357798165,0.0106221547799697,0.00154083204930663,0,0,0,0.00777604976671851,0,0,0.00470219435736677,0,0.00159489633173844,0,0,0,0,0.00154559505409583,0.00157232704402516,0.00770416024653313,0,0,0,0,0.0015552099533437,0,0.00312989045383412,0.0124610591900312,0,0.00765696784073507,0,0.00301659125188537,0,0,0,0,0.0046875,0,0.0091324200913242,0,0,0.0015552099533437,0.00775193798449612,0,0,0.00315457413249211,0.444954128440367,0.320610687022901,0.355694227769111,0.830534351145038,0.329073482428115,0.1546875,0.1484375,0.426791277258567,0.402777777777778,0.802469135802469,0.819018404907976,0.420127795527157,0.541925465838509,0.00307219662058372,0.650159744408946,0.299539170506912,0.80564263322884,0.514018691588785,0.00153609831029186,0.180981595092025,0.324364723467862,0.705047318611987,0.144674085850556,0.384858044164038,0.0015625,0.370030581039755,0.00156494522691706,0.313084112149533,0.543887147335423,0.839097744360902,0.0015552099533437,0.795107033639144,0.819423368740516,0.155038759689922,0.46875,0.195348837209302,0.376701966717095,0.150242326332795,0.308527131782946,1,0.151419558359621,0.544049459041731,0.21141975308642,0.109062980030722,0.126738794435858,0.365030674846626,0.765990639625585,0.536585365853659,0.421296296296296,0.366564417177914,0.0509554140127389,0.705972434915773,0.147919876733436,0.274418604651163,0.00309597523219814,0.223765432098765,0.818181818181818,0.857805255023184,0.00307219662058372,0.835725677830941,0.406576980568012,0.573189522342065,0.827906976744186,0.00154320987654321,0.00949367088607595,0.828746177370031,0.370839936608558,0.407518796992481,0.107309486780715,0.113884555382215,0.361904761904762,0.400936037441498,0.41112828438949,0.145234493192133,0.388719512195122,0.149920255183413,0.206022187004754,0.562798092209857,0.28858024691358,0.708074534161491,0.645569620253165,0.136222910216718,0.765696784073507,0.653905053598775,0.627450980392157,0.133131618759455,0.625196850393701,0.00307219662058372,0.658267716535433,0.309262166405024,0.163297045101089,0.157392686804452,0.143307086614173,0.341389728096677,0.292867981790592,0.650695517774343,0.317484662576687,0.563944530046225,0.292527821939587,0.00315457413249211,0.00154798761609907,0.365971107544141,0.0199081163859112,0.0031104199066874,0.803680981595092,0.00305810397553517,0.184732824427481,0.0029940119760479,0.587155963302752,0.813374805598756,0.537267080745342,0.257229832572298,0.150829562594268,0.14968152866242,0.431432973805855,0.315705128205128,0.848024316109423,0.802469135802469,0.628614916286149,0.835365853658537,0.639191290824261,0.437403400309119,0.00150602409638554,0.426605504587156,0.817757009345794,0.00151057401812689,0.451127819548872,0.710862619808307,0.0031496062992126,0.0015220700152207,0.829153605015674,0.7734375,0.812982998454405,0,0.373250388802488,0.138755980861244,0.357910906298003,0.646774193548387,0.820668693009118,0.0015552099533437,0.602484472049689,0.32398753894081,0.80952380952381,0.00315955766192733,0.00300751879699248,0.358461538461538,0.495341614906832
"138",0.252019386106624,0.247540983606557,0.22824302134647,0.207177814029364,0,0,0,0,0,0,0,0,0,0,0,0,0,0,0,0,0,0,0,0,0,0,0,0,0,0,0,0,0,0,0,0,0,0,0,0,0,0,0,0,0,0,0,0.269470404984424,0.25615763546798,0.25,0.226600985221675,0.0234505862646566,0,0,0.0111464968152866,0.0178282009724473,0.0127591706539075,0.011437908496732,0.00646203554119548,0.0144230769230769,0.0156494522691706,0.0096,0.0146341463414634,0.0132669983416252,0.0192616372391653,0.0162866449511401,0.016025641025641,0.0240384615384615,0.0176848874598071,0.014827018121911,0,0.0144230769230769,0.00983606557377049,0.013136288998358,0.0125984251968504,0.0129449838187702,0.0131147540983607,0.0128410914927769,0.00819672131147541,0.0143540669856459,0,0.0114192495921697,0.0125786163522013,0.0158478605388273,0.0158982511923688,0.0193548387096774,0.0177705977382876,0.0112540192926045,0.0146341463414634,0,0.0162866449511401,0.0156985871271586,0.0113085621970921,0,0.0182421227197347,0.0126782884310618,0.521103896103896,0.177339901477833,0.0032258064516129,0.00334448160535117,0.00484652665589661,0.697674418604651,0.991789819376026,0.938311688311688,0.0377049180327869,0.567567567567568,0.0032258064516129,0.0597738287560582,0.508250825082508,0.349514563106796,0.512779552715655,0.254071661237785,0.00161030595813205,0.0474631751227496,0.00827814569536424,0.514285714285714,0.983922829581994,0.0015600624024961,0.200988467874794,0.991762767710049,0.00166666666666667,0.51461038961039,0.00321027287319422,0.497528830313015,0.00317965023847377,0.181672025723473,0.0629800307219662,0.515447154471545,0.0160513643659711,0.0587301587301587,0.859903381642512,0.660194174757282,0.954248366013072,0.0238095238095238,1,0.00323101777059774,0.151419558359621,1,0.617741935483871,0.79740680713128,0.954765751211632,0.967637540453074,0.0016025641025641,0.345335515548282,0.182707993474715,0.0721153846153846,0.00316957210776545,0.798045602605863,0.215334420880914,0.869218500797448,0.00322061191626409,0.517460317460318,0.757328990228013,0.00637958532695375,0.0277777777777778,0.519108280254777,0.028006589785832,0.589424572317263,0.157635467980296,0.0048,0.50814332247557,0.648692810457516,0.0512820512820513,0.0033003300330033,0.00316957210776545,0.965023847376789,0.945812807881773,0.00662251655629139,0.024232633279483,0.0210696920583468,0.998427672955975,0.0032258064516129,0.986688851913478,0.938842975206612,0.442404006677796,0.00324149108589951,0.201309328968903,0.418333333333333,0.991776315789474,0.118210862619808,0.2448,0.427672955974843,0.95389507154213,0.262479871175523,0.51063829787234,0.0032520325203252,0.00327868852459016,0.991961414790997,0.983361064891847,0.99835255354201,0.00315457413249211,0.0031496062992126,0.240770465489567,0.00318979266347687,0.184039087947883,0.00328407224958949,0.522314049586777,0.509181969949916,0.538720538720539,0.545751633986928,0.518225039619651,0.00480769230769231,0.495192307692308,0.762951334379906,0.519047619047619,0.294585987261146,0.00483870967741936,0.202852614896989,0.00321543408360129,0.9828125,0.991816693944354,0.379478827361564,0.0050251256281407,0.00476190476190476,0.0180032733224223,0.271268057784912,0.00651465798045603,0.251655629139073,0.425287356321839,0.510236220472441,0.632850241545894,0.0587248322147651,0.503974562798092,0.508634222919937,0.190789473684211,0.570480928689884,0.52411575562701,0.0654664484451719,0.099510603588907,0.0588235294117647,0.505636070853462,0.00324675324675325,0.995033112582781,0.00631911532385466,0.50761421319797,0.00480769230769231,0.529411764705882,0.472995090016367,0.569131832797428,0.00657894736842105,0.500815660685155,0.508716323296355,0.00317460317460317,0.00813008130081301
"139",0.00930232558139535,0.0140845070422535,0.00961538461538462,0.004739336492891,0,0,0,0,0,0,0,0,0,0,0,0,0,0,0,0,0,0,0,0,0,0,0,0,0,0,0,0,0,0,0,0,0,0,0,0,0,0,0,0,0,0,0,0.015015015015015,0.0124416796267496,0.00920245398773006,0.004739336492891,0.00643086816720257,0.0155038759689922,0.00772797527047913,0.00305343511450382,0.00157232704402516,0.00307219662058372,0,0.00952380952380952,0.0015600624024961,0.00153846153846154,0.00628930817610063,0.00314465408805031,0.00318471337579618,0.003125,0.00315955766192733,0.00309119010819165,0.00154559505409583,0.00471698113207547,0.00316455696202532,0.0126382306477093,0.0031201248049922,0.00157728706624606,0.00156494522691706,0.00463678516228748,0.00476947535771065,0.00157728706624606,0.00630914826498423,0.0078125,0.00306748466257669,0.00782472613458529,0,0.00609756097560976,0.0015527950310559,0.00312989045383412,0.00309597523219814,0.00309597523219814,0.00955414012738853,0.0031104199066874,0.0124031007751938,0.00320512820512821,0.00151057401812689,0.00318471337579618,0.009375,0.0031496062992126,0.00303490136570561,0.134493670886076,0.424764890282132,0.196567862714509,0.212025316455696,0.348367029548989,0.715179968701095,0.607476635514019,0.630672926447574,0.276357827476038,0.599690880989181,0.32018927444795,0.383540372670807,0.580031695721078,0.449612403100775,0.135670731707317,0.486928104575163,0.17298937784522,0.351822503961965,0.302066772655008,0.136363636363636,0.641744548286604,0.201793721973094,0.506211180124224,0.607655502392344,0.240829346092504,0.136792452830189,0.229102167182663,0.123417721518987,0.190327613104524,0.45839874411303,0.382660687593423,0.131455399061033,0.388198757763975,0.377473363774734,0.587677725118483,0.959311424100156,0.659270998415214,0.250379362670713,0.602218700475436,0.200310559006211,0.544049459041731,0.617741935483871,1,0.545031055900621,0.558641975308642,0.579352850539291,0.237209302325581,0.714511041009464,0.455676516329705,0.284389489953632,0.225114854517611,0.397151898734177,0.512383900928793,0.59190031152648,0.144859813084112,0.141085271317829,0.631911532385466,0.339908952959029,0.367441860465116,0.136363636363636,0.380417335473515,0.633233532934132,0.47196261682243,0.329230769230769,0.143987341772152,0.242088607594937,0.37111801242236,0.223454833597464,0.186153846153846,0.548989113530327,0.5616,0.214170692431562,0.264797507788162,0.263322884012539,0.610169491525424,0.23394495412844,0.610474631751228,0.674565560821485,0.73419773095624,0.165366614664587,0.511961722488038,0.753623188405797,0.59047619047619,0.485271317829457,0.492331288343558,0.744292237442922,0.6,0.445131375579598,0.127760252365931,0.315707620528771,0.169036334913112,0.614197530864197,0.615262321144674,0.59904912836767,0.211890243902439,0.158878504672897,0.468847352024922,0.184049079754601,0.483969465648855,0.176090468497577,0.152380952380952,0.133333333333333,0.559738134206219,0.165109034267913,0.136577708006279,0.331768388106416,0.135176651305684,0.589393939393939,0.14175654853621,0.435458786936236,0.344236760124611,0.363494539781591,0.14,0.61136712749616,0.597774244833068,0.593167701863354,0.202265372168285,0.351309707241911,0.330708661417323,0.456656346749226,0.327613104524181,0.474339035769829,0.467511885895404,0.128593040847201,0.682316118935837,0.370192307692308,0.138972809667674,0.637329286798179,0.505654281098546,0.181388012618297,0.145285935085008,0.393258426966292,0.420221169036335,0.381172839506173,0.135176651305684,0.212962962962963,0.595541401273885,0.228748068006182,0.890499194847021,0.323029366306028,0.134466769706337,0.795631825273011,0.517133956386293,0.325949367088608,0.134493670886076,0.140909090909091,0.223076923076923,0.289269051321928
"140",0.18266253869969,0.177952755905512,0.166407465007776,0.160771704180064,0,0,0,0,0,0,0,0,0,0,0,0,0,0,0,0,0,0,0,0,0,0,0,0,0,0,0,0,0,0,0,0,0,0,0,0,0,0,0,0,0,0,0,0.191780821917808,0.182965299684543,0.182242990654206,0.168769716088328,0.0129449838187702,0,0,0.0108359133126935,0.0141732283464567,0.0077639751552795,0.00928792569659443,0.00783699059561128,0.0108695652173913,0.013677811550152,0.00464396284829721,0.00940438871473354,0.00952380952380952,0.0138674884437596,0.0108695652173913,0.0121765601217656,0.0264797507788162,0.0125786163522013,0.00958466453674121,0.00155038759689922,0.0125,0.00941915227629513,0.0110935023771791,0.00928792569659443,0.00632911392405063,0.00801282051282051,0.00775193798449612,0.00933125972006221,0.0093603744149766,0,0.00943396226415094,0.00918836140888208,0.0123456790123457,0.0106382978723404,0.0106870229007634,0.0138461538461538,0.00792393026941363,0.0109717868338558,0.0015527950310559,0.00950871632329636,0.0138248847926267,0.00793650793650794,0.00157728706624606,0.00784929356357928,0.0122137404580153,0.583201267828843,0.23208722741433,0.0202808112324493,0.055379746835443,0.104072398190045,0.58908507223114,0.808544303797468,0.775700934579439,0.10223642172524,0.509893455098935,0.100787401574803,0.113707165109034,0.496038034865293,0.335403726708075,0.575384615384615,0.236541598694943,0.032258064516129,0.10410094637224,0.0897435897435897,0.553654743390358,0.829721362229102,0.0271493212669683,0.187599364069952,0.798732171156894,0.0590111642743222,0.577464788732394,0.0479876160990712,0.567092651757188,0.0186915887850467,0.288676236044657,0.114803625377644,0.569640062597809,0.0917573872472784,0.126153846153846,0.707278481012658,0.589424572317263,0.817896389324961,0.0728376327769348,0.802250803858521,0.0124610591900312,0.21141975308642,0.79740680713128,0.545031055900621,1,0.787596899224806,0.798449612403101,0.0457413249211356,0.325878594249201,0.265723270440252,0.121913580246914,0.0517503805175038,0.778301886792453,0.191424196018377,0.715821812596006,0.0110584518167457,0.572327044025157,0.632075471698113,0.0844854070660522,0.1078125,0.5625,0.104928457869634,0.507645259938838,0.255150554675119,0.0817901234567901,0.573482428115016,0.530326594090202,0.108191653786708,0.0561622464898596,0.0154320987654321,0.786707882534776,0.804107424960506,0.0412698412698413,0.0858034321372855,0.0720858895705521,0.800618238021638,0.0512422360248447,0.792270531400966,0.768982229402262,0.409756097560976,0.00923076923076923,0.188767550702028,0.343949044585987,0.785826771653543,0.177293934681182,0.22706065318818,0.38391502276176,0.789554531490015,0.255054432348367,0.568075117370892,0.0811232449297972,0.0172684458398744,0.803125,0.792721518987342,0.819776714513557,0.0557275541795666,0.0185758513931889,0.21875,0.0216383307573416,0.276923076923077,0.014308426073132,0.591414944356121,0.56386292834891,0.476422764227642,0.612752721617418,0.584251968503937,0.0847723704866562,0.561349693251534,0.629402756508423,0.57427258805513,0.294753086419753,0.0981308411214953,0.4578125,0.00766871165644172,0.798484848484848,0.796774193548387,0.329738058551618,0.0175438596491228,0.0953846153846154,0.0785824345146379,0.265432098765432,0.0899053627760252,0.2368,0.402208201892744,0.578549848942598,0.527047913446677,0.111811023622047,0.572948328267477,0.44947209653092,0.171428571428571,0.524879614767255,0.552755905511811,0.1216,0.151937984496124,0.124807395993837,0.570552147239264,0.0474732006125574,0.800322061191626,0.046583850931677,0.413008130081301,0.0989180834621329,0.594637223974763,0.376744186046512,0.484662576687117,0.0776545166402536,0.576433121019108,0.552995391705069,0.050381679389313,0.0803149606299213
"141",0.300155520995334,0.286594761171032,0.264797507788162,0.237795275590551,0,0,0,0,0,0,0,0,0,0,0,0,0,0,0,0,0,0,0,0,0,0,0,0,0,0,0,0,0,0,0,0,0,0,0,0,0,0,0,0,0,0,0,0.312121212121212,0.301223241590214,0.292237442922374,0.264797507788162,0.0256410256410256,0,0,0.0122137404580153,0.0202177293934681,0.0153846153846154,0.0107692307692308,0.00952380952380952,0.0141065830721003,0.0170015455950541,0.0110236220472441,0.0170015455950541,0.0126182965299685,0.0213089802130898,0.0220820189274448,0.0170278637770898,0.0232558139534884,0.0187793427230047,0.0144694533762058,0,0.0141065830721003,0.0126582278481013,0.0157232704402516,0.0137825421133231,0.0156985871271586,0.016,0.0168453292496172,0.00952380952380952,0.0185185185185185,0,0.0156739811912226,0.0121951219512195,0.0182926829268293,0.0139318885448916,0.0168453292496172,0.0185185185185185,0.0125786163522013,0.0185758513931889,0,0.0187793427230047,0.0196969696969697,0.015600624024961,0,0.0156739811912226,0.0151745068285281,0.573872472783826,0.157320872274143,0.00305810397553517,0.00312989045383412,0.00153846153846154,0.678683385579937,0.95253164556962,0.906200317965024,0.0301587301587302,0.539634146341463,0.003125,0.015527950310559,0.4739336492891,0.322085889570552,0.56441717791411,0.2048,0.00154559505409583,0.0109204368174727,0.00476947535771065,0.560250391236307,0.945141065830721,0.00150375939849624,0.14218009478673,0.966666666666667,0.00159235668789809,0.575899843505477,0.00308166409861325,0.556782334384858,0.0031201248049922,0.161137440758294,0.0181268882175227,0.568111455108359,0.00462249614791988,0.0121580547112462,0.829192546583851,0.618973561430793,0.9046875,0.0181543116490166,0.961844197138315,0,0.109062980030722,0.954765751211632,0.558641975308642,0.787596899224806,1,0.989180834621329,0.00154083204930663,0.304552590266876,0.163551401869159,0.0602782071097372,0.00302571860816944,0.845181674565561,0.162037037037037,0.827906976744186,0.00316455696202532,0.570552147239264,0.733333333333333,0.00302114803625378,0.00625978090766823,0.564341085271318,0.00483870967741936,0.55688622754491,0.126782884310618,0.00154559505409583,0.573846153846154,0.692913385826772,0.0140845070422535,0.00316455696202532,0.00305343511450382,0.995207667731629,0.988906497622821,0.00322061191626409,0.0185758513931889,0.0140625,0.959090909090909,0.00308641975308642,0.945945945945946,0.886942675159236,0.381260096930533,0.00308641975308642,0.143525741029641,0.378763866877971,0.964230171073095,0.0824261275272162,0.199074074074074,0.365443425076453,0.918461538461538,0.216923076923077,0.553259141494436,0.00156985871271586,0.00312989045383412,0.952380952380952,0.938193343898574,0.96474358974359,0.00304878048780488,0.00303490136570561,0.190108191653787,0.003003003003003,0.158139534883721,0.00316957210776545,0.585443037974684,0.568218298555377,0.50402576489533,0.601880877742947,0.571205007824726,0.00154320987654321,0.549079754601227,0.733031674208145,0.562403697996918,0.26905132192846,0.0015748031496063,0.212732919254658,0.00306748466257669,0.936630602782071,0.951486697965571,0.350387596899225,0.00322061191626409,0.00306748466257669,0.00308641975308642,0.212074303405573,0.00311526479750779,0.209702660406886,0.403726708074534,0.557228915662651,0.591962905718702,0.015625,0.56838905775076,0.477862595419847,0.145833333333333,0.625196850393701,0.596302003081664,0.0221870047543582,0.0559875583203732,0.015600624024961,0.562790697674419,0.00311526479750779,0.963375796178344,0.00303951367781155,0.453507340946166,0.00309119010819165,0.580343213728549,0.422360248447205,0.531881804043546,0.00314465408805031,0.567610062893082,0.577335375191424,0.00308166409861325,0.00315457413249211
"142",0.269645608628659,0.263157894736842,0.241758241758242,0.215530903328051,0,0,0,0,0,0,0,0,0,0,0,0,0,0,0,0,0,0,0,0,0,0,0,0,0,0,0,0,0,0,0,0,0,0,0,0,0,0,0,0,0,0,0,0.276119402985075,0.266982622432859,0.259316770186335,0.235864297253635,0.0258899676375405,0,0,0.0153609831029186,0.0235849056603774,0.0199692780337942,0.0137825421133231,0.0112,0.0186915887850467,0.0199081163859112,0.0127388535031847,0.0205371248025276,0.0177993527508091,0.0247678018575851,0.0221518987341772,0.0202808112324493,0.0249221183800623,0.023696682464455,0.018957345971564,0,0.0187207488299532,0.0172684458398744,0.01743264659271,0.0185471406491499,0.0187793427230047,0.019047619047619,0.0202808112324493,0.0125588697017268,0.0219092331768388,0,0.0187207488299532,0.0169753086419753,0.0217054263565891,0.0190779014308426,0.0198776758409786,0.0219092331768388,0.0158982511923688,0.0220820189274448,0,0.0224358974358974,0.0217054263565891,0.0173228346456693,0,0.0188383045525903,0.0170542635658915,0.555379746835443,0.169303797468354,0.00153374233128834,0.00161290322580645,0,0.670926517571885,0.967136150234742,0.922955974842767,0.0336,0.543343653250774,0.00157728706624606,0.031055900621118,0.470588235294118,0.320373250388802,0.560490045941807,0.224025974025974,0,0.0190174326465927,0.00637958532695375,0.549618320610687,0.952380952380952,0,0.170579029733959,0.973015873015873,0,0.556438791732909,0.00158730158730159,0.536741214057508,0.00155763239875389,0.17219589257504,0.0330827067669173,0.563182527301092,0.00473186119873817,0.0295489891135303,0.82807570977918,0.63265306122449,0.920382165605096,0.0229007633587786,0.972447325769854,0.00306748466257669,0.126738794435858,0.967637540453074,0.579352850539291,0.798449612403101,0.989180834621329,1,0.00152905198776758,0.31687898089172,0.177293934681182,0.0681114551083591,0.00153846153846154,0.819047619047619,0.182098765432099,0.833333333333333,0.0015625,0.557098765432099,0.739403453689168,0.00152671755725191,0.0140405616224649,0.557275541795666,0.00646203554119548,0.555555555555556,0.141955835962145,0.0015625,0.560126582278481,0.660883280757098,0.0305810397553517,0.00161290322580645,0.00155038759689922,0.996845425867508,0.977671451355662,0.00487012987012987,0.0222222222222222,0.0218408736349454,0.979041916167665,0.00155763239875389,0.965909090909091,0.907790143084261,0.402576489533011,0.00154798761609907,0.161442006269592,0.383147853736089,0.978125,0.102134146341463,0.218320610687023,0.376524390243902,0.936728395061728,0.237871674491393,0.544283413848631,0,0.00159489633173844,0.964285714285714,0.956318252730109,0.9744,0.00154083204930663,0.00153139356814701,0.19969040247678,0.00153846153846154,0.16796267496112,0.0016025641025641,0.565079365079365,0.5536,0.499184339314845,0.58740157480315,0.55868544600939,0,0.537037037037037,0.725460122699387,0.553706505295008,0.287051482059282,0.00157977883096367,0.229938271604938,0.0015527950310559,0.958652373660031,0.968051118210863,0.369496855345912,0.00326797385620915,0.00151745068285281,0,0.236842105263158,0.0015625,0.22432859399684,0.407348242811502,0.541411042944785,0.605633802816901,0.028436018957346,0.546296296296296,0.477726574500768,0.1696,0.615506329113924,0.573899371069182,0.0385852090032154,0.0708661417322835,0.0265210608424337,0.543035993740219,0.00156985871271586,0.97427652733119,0.0046583850931677,0.464516129032258,0.00156985871271586,0.558320373250389,0.436908517350158,0.533751962323391,0.00158227848101266,0.541139240506329,0.5600624024961,0.00151975683890578,0.00470957613814757
"143",0,0,0.00315457413249211,0.003125,0,0,0,0,0,0,0,0,0,0,0,0,0,0,0,0,0,0,0,0,0,0,0,0,0,0,0,0,0,0,0,0,0,0,0,0,0,0,0,0,0,0,0,0,0,0.00308166409861325,0.0031104199066874,0,0.560371517027864,0.436641221374046,0.00152671755725191,0,0,0.00612557427258806,0.00773993808049536,0,0,0,0,0.00159489633173844,0,0,0,0,0,0.00158227848101266,0.031104199066874,0.00471698113207547,0,0,0,0.00155038759689922,0,0.00157977883096367,0.00623052959501558,0,0.103186646433991,0,0.00299850074962519,0,0,0,0,0.009375,0,0.0261941448382126,0,0,0,0.0221169036334913,0,0,0.00158478605388273,0.799689440993789,0.919083969465649,0.985645933014354,0.469578783151326,0.00317965023847377,0.00156494522691706,0.00155038759689922,0.958860759493671,0.0062402496099844,0.515576323987539,0.292307692307692,0.0145867098865478,0.0331230283911672,0.00152905198776758,0.104669887278583,0.947772657450077,0.293563579277865,0.81377151799687,0.00154798761609907,0.00771604938271605,0.949177877428999,0.168469860896445,0.00160771704180064,0.990580847723705,0.00158478605388273,0.996908809891808,0,0.927899686520376,0.702160493827161,0.298325722983257,0.00155763239875389,0.472868217054264,0.298780487804878,0.0015552099533437,0.236391912908243,0.029874213836478,0.978915662650602,0.00159744408945687,0.925349922239502,0.365030674846626,0.0016025641025641,0.237209302325581,0.0457413249211356,0.00154083204930663,0.00152905198776758,1,0.287284144427002,0.737327188940092,0.927018633540373,0.99388379204893,0,0.165891472868217,0,0.9,0.00153846153846154,0.00156985871271586,0.430722891566265,0.391371340523883,0.0015527950310559,0.369354838709677,0.00453857791225416,0.685847589424572,0.437308868501529,0.00155763239875389,0,0.298937784522003,0.989045383411581,0.858447488584475,0.00157728706624606,0.0016025641025641,0.987117552334944,0.970679012345679,0.978494623655914,0.00153374233128834,0.989180834621329,0.00161290322580645,0.00158982511923688,0.499189627228525,0.90527950310559,0.173981191222571,0.179968701095462,0,0.411944869831547,0.110091743119266,0.175675675675676,0.00154083204930663,0.073959938366718,0.00159744408945687,0.691107644305772,0.918918918918919,0.0106382978723404,0,0,0.984848484848485,0.927692307692308,0.10958904109589,0.943251533742331,0.717125382262997,0.912140575079872,0.00160771704180064,0,0.00160771704180064,0.00463678516228748,0.0015552099533437,0.435458786936236,0.00149925037481259,0.00152905198776758,0.00150602409638554,0.0432766615146832,0.408736349453978,0.318461538461538,0.884848484848485,0.00150375939849624,0,0.648818897637795,0.925445705024311,0.445131375579598,0.319444444444444,0.0816640986132511,0.433021806853583,0.0919003115264797,0.00459418070444104,0.00150602409638554,0.00626959247648903,0.288401253918495,0,0.049079754601227,0.167449139280125,0.00157728706624606,0,0.297507788161994,0.240061162079511,0.299531981279251,0,0.993740219092332,0.0016,0.992343032159265,0.247191011235955,0.418070444104135,0.00153846153846154,0.176744186046512,0,0.378548895899054,0.0015600624024961,0.00152905198776758,0.986301369863014,0.800312012480499
"144",0,0,0,0,0,0,0,0,0,0,0,0,0,0,0,0,0,0,0,0,0,0,0,0,0,0,0,0,0,0,0,0,0,0,0,0,0,0,0,0,0,0,0,0,0,0,0,0,0,0,0,0.00166112956810631,0.0157977883096366,0.0046875,0.00158730158730159,0,0,0,0.00632911392405063,0,0,0.00478468899521531,0,0.00159489633173844,0,0,0,0,0,0.00161550888529887,0.00634920634920635,0,0,0,0,0.0016025641025641,0,0.00157728706624606,0.00966183574879227,0,0.0062992125984252,0,0.0015625,0,0,0,0,0.00476190476190476,0,0.00777604976671851,0,0,0,0.00642054574638844,0,0,0.00324675324675325,0.463022508038585,0.279620853080569,0.254045307443366,0.583463338533541,0.5872,0.353035143769968,0.356913183279743,0.3296,0.622611464968153,0.545310015898251,0.651898734177215,0.62684124386252,0.527646129541864,0.00157232704402516,0.592775041050903,0.203761755485893,0.633550488599348,0.435351882160393,0.00315955766192733,0.357371794871795,0.25531914893617,0.645468998410175,0.338187702265372,0.286407766990291,0.00161550888529887,0.275752773375594,0.00323624595469256,0.2703125,0.540192926045016,0.662058371735791,0.00160513643659711,0.640062597809077,0.659969088098918,0.370253164556962,0.644444444444444,0.379968203497615,0.292758089368259,0.347826086956522,0.262910798122066,0.765990639625585,0.345335515548282,0.714511041009464,0.325878594249201,0.304552590266876,0.31687898089172,0.287284144427002,1,0.52373417721519,0.352201257861635,0.276295133437991,0.170418006430868,0.655172413793103,0.367601246105919,0.215311004784689,0.0015748031496063,0.457278481012658,0.601866251944012,0.640378548895899,0.00160771704180064,0.679802955665025,0.618975903614458,0.590837282780411,0.614420062695925,0.00322061191626409,0.0478468899521531,0.650546021840874,0.255216693418941,0.304347826086957,0.297939778129952,0.303225806451613,0.257281553398058,0.294488188976378,0.314873417721519,0.330275229357798,0.282988871224165,0.3442088091354,0.419354838709677,0.670436187399031,0.223787167449139,0.6544,0.906300484652666,0.325434439178515,0.794712286158631,0.609794628751975,0.821981424148607,0.346456692913386,0.569620253164557,0.00160771704180064,0.464630225080386,0.26038338658147,0.336990595611285,0.372964169381107,0.325281803542673,0.246875,0.219242902208202,0.613707165109034,0.25194401244168,0.549382716049383,0.232633279483037,0.00321027287319422,0,0.565916398713826,0.0238473767885533,0.00634920634920635,0.605345911949686,0.0046656298600311,0.416149068322981,0.00762195121951219,0.55748031496063,0.608903020667727,0.389507154213037,0.197530864197531,0.366614664586583,0.362012987012987,0.572107765451664,0.265886287625418,0.61189358372457,0.628526645768025,0.577160493827161,0.604133545310016,0.5936,0.522292993630573,0.00455235204855842,0.656200941915228,0.654220779220779,0.00154559505409583,0.694915254237288,0.662903225806452,0.0178861788617886,0.00158478605388273,0.679674796747967,0.661904761904762,0.65751211631664,0.00315457413249211,0.271293375394322,0.3354943273906,0.2601246105919,0.85929648241206,0.608424336973479,0.00318471337579618,0.845541401273885,0.531645569620253,0.606451612903226,0.0032520325203252,0.0031104199066874,0.262830482115086,0.408653846153846
"145",0,0.00156739811912226,0.00157728706624606,0,0,0,0,0,0,0,0,0,0,0,0,0,0,0,0,0,0,0,0,0,0,0,0,0,0,0,0,0,0,0,0,0,0,0,0,0,0,0,0,0,0,0,0,0.00152439024390244,0.00156739811912226,0.00154559505409583,0.0015625,0,0.287519747235387,0.168970814132104,0.00151975683890578,0,0,0.00460122699386503,0.00619195046439629,0,0,0.0015748031496063,0,0.00157232704402516,0,0,0,0,0,0.00155763239875389,0.015552099533437,0.0046583850931677,0,0,0,0.0015600624024961,0,0.00155763239875389,0.00642054574638844,0,0.0413476263399694,0,0.00151285930408472,0,0,0,0,0.00467289719626168,0,0.0137404580152672,0,0,0,0.0110062893081761,0,0.0015527950310559,0.00469483568075117,0.925465838509317,0.679878048780488,0.740095087163233,0.548286604361371,0.23482428115016,0.1796875,0.17981072555205,0.809302325581395,0.25,0.571653543307087,0.3953125,0.229166666666667,0.166666666666667,0.00305810397553517,0.2176,0.679012345679012,0.392744479495268,0.800947867298578,0.0030441400304414,0.207165109034268,0.684053651266766,0.269170579029734,0.185714285714286,0.757009345794392,0.00158730158730159,0.742635658914729,0.00315955766192733,0.677914110429448,0.94375,0.406676783004552,0.00156985871271586,0.551829268292683,0.404833836858006,0.164852255054432,0.471786833855799,0.2256,0.748872180451128,0.170967741935484,0.665116279069767,0.536585365853659,0.182707993474715,0.455676516329705,0.265723270440252,0.163551401869159,0.177293934681182,0.737327188940092,0.52373417721519,1,0.808641975308642,0.741248097412481,0.134185303514377,0.26625386996904,0.161741835147745,0.611635220125786,0.0031055900621118,0.169544740973312,0.492378048780488,0.50231124807396,0.00307692307692308,0.458333333333333,0.234398782343988,0.914691943127962,0.49537037037037,0.003125,0.00782472613458529,0.396604938271605,0.73469387755102,0.643072289156627,0.146919431279621,0.181533646322379,0.72408293460925,0.755070202808112,0.752351097178683,0.171516079632466,0.741885625965997,0.177235772357724,0.195548489666137,0.7552,0.628526645768025,0.272870662460568,0.434504792332268,0.169572107765452,0.568147013782542,0.213846153846154,0.428358208955224,0.170542635658915,0.181395348837209,0.00315955766192733,0.71830985915493,0.664566929133858,0.181959564541213,0.183574879227053,0.179775280898876,0.726717557251908,0.656967840735069,0.213728549141966,0.672307692307692,0.955177743431221,0.630225080385852,0.0047244094488189,0.00158227848101266,0.202283849918434,0.0220820189274448,0.00769230769230769,0.507692307692308,0.00463678516228748,0.141321044546851,0.00611620795107034,0.153139356814701,0.490506329113924,0.396604938271605,0.582181259600614,0.189024390243902,0.1744,0.772445820433437,0.66721044045677,0.522205206738132,0.409020217729393,0.193846153846154,0.491392801251956,0.187106918238994,0.150470219435737,0.00303490136570561,0.277258566978193,0.3879173290938,0.0030441400304414,0.272727272727273,0.2656,0.0062992125984252,0.00309597523219814,0.394524959742351,0.353941267387944,0.408037094281298,0.00155038759689922,0.733436055469954,0.174603174603175,0.741140215716487,0.5,0.489984591679507,0.0015625,0.418856259659969,0.18125,0.460674157303371,0.004739336492891,0.00458715596330275,0.728527607361963,0.774143302180685
"146",0,0.0015625,0.00460829493087558,0.00316455696202532,0,0,0,0,0,0,0,0,0,0,0,0,0,0,0,0,0,0,0,0,0,0,0,0,0,0,0,0,0,0,0,0,0,0,0,0,0,0,0,0,0,0,0,0.00149925037481259,0.0015552099533437,0.0046875,0.004739336492891,0,0.474258970358814,0.349618320610687,0.00153374233128834,0,0,0.00771604938271605,0.00625,0,0,0,0,0.00156739811912226,0,0,0,0,0,0.00158982511923688,0.0231481481481481,0.00463678516228748,0,0,0,0.00156494522691706,0,0.0015748031496063,0.00478468899521531,0,0.0913312693498452,0,0.00305343511450382,0,0,0,0,0.00778816199376947,0,0.0200927357032458,0,0,0,0.0157232704402516,0,0,0.00316957210776545,0.896389324960754,0.844236760124611,0.911076443057722,0.480559875583204,0.0609375,0.0741324921135647,0.0681114551083591,0.981072555205047,0.0523882896764253,0.5265625,0.297546012269939,0.0444444444444444,0.037037037037037,0.00303030303030303,0.104669887278583,0.879443585780526,0.282574568288854,0.784469096671949,0.00154559505409583,0.0847457627118644,0.875375375375375,0.160629921259843,0.0673076923076923,0.926984126984127,0.00158227848101266,0.924499229583975,0.00158730158730159,0.859969558599696,0.787638668779715,0.303437967115097,0.00159489633173844,0.479876160990712,0.303951367781155,0.0559875583203732,0.3015625,0.106180665610143,0.947289156626506,0.0682926829268293,0.855828220858896,0.421296296296296,0.0721153846153846,0.284389489953632,0.121913580246914,0.0602782071097372,0.0681114551083591,0.927018633540373,0.352201257861635,0.808641975308642,1,0.93140243902439,0.0470957613814757,0.158950617283951,0.0463678516228748,0.818040435458787,0.00307692307692308,0.0512422360248447,0.436746987951807,0.398449612403101,0.00309597523219814,0.377777777777778,0.0552238805970149,0.758998435054773,0.441538461538462,0.00158478605388273,0.00159489633173844,0.302936630602782,0.92515923566879,0.799086757990868,0.0606531881804044,0.0758293838862559,0.9136,0.946875,0.940438871473354,0.0587349397590361,0.914728682170543,0.0643086816720257,0.0782747603833866,0.574162679425837,0.820940819423369,0.158139534883721,0.236044657097289,0.0627943485086342,0.444961240310077,0.113323124042879,0.220059880239521,0.0573643410852713,0.0684931506849315,0.00313479623824451,0.676609105180534,0.84748427672956,0.0723076923076923,0.0700636942675159,0.0719874804381847,0.914764079147641,0.855828220858896,0.10381679389313,0.867781155015198,0.795665634674923,0.818181818181818,0.00313971742543171,0.00156985871271586,0.0310965630114566,0.0279503105590062,0.0031496062992126,0.429892141756549,0.00307692307692308,0.0351145038167939,0.00306278713629403,0.0415384615384615,0.4203125,0.3203125,0.790273556231003,0.0727272727272727,0.062992125984252,0.721286370597244,0.852032520325203,0.455521472392638,0.343122102009274,0.0782208588957055,0.4421875,0.0856697819314642,0.0125195618153365,0.00152671755725191,0.0820433436532508,0.293929712460064,0.00151285930408472,0.0891238670694864,0.145367412140575,0.00321027287319422,0.00152905198776758,0.305111821086262,0.248475609756098,0.299065420560748,0,0.912307692307692,0.0649350649350649,0.926040061633282,0.298869143780291,0.421133231240429,0.0015527950310559,0.231726283048211,0.0172684458398744,0.394276629570747,0.00314465408805031,0.00307692307692308,0.924357034795764,0.772797527047913
"147",0,0.00157232704402516,0.00462249614791988,0.00470957613814757,0,0,0,0,0,0,0,0,0,0,0,0,0,0,0,0,0,0,0,0,0,0,0,0,0,0,0,0,0,0,0,0,0,0,0,0,0,0,0,0,0,0,0,0.0015015015015015,0.00155038759689922,0.00457317073170732,0.00628930817610063,0,0.549770290964778,0.431164901664145,0.00151057401812689,0,0,0.0121028744326778,0.0046583850931677,0,0,0,0,0.00155763239875389,0,0,0,0,0,0.00156739811912226,0.0231124807395994,0.00604229607250755,0,0,0,0.00154559505409583,0,0.00155763239875389,0.00467289719626168,0,0.1,0,0.00149925037481259,0,0,0,0,0.0062402496099844,0,0.0210843373493976,0,0,0,0.0156494522691706,0,0.00148367952522255,0.00309119010819165,0.809815950920245,0.912576687116564,0.99537037037037,0.471036585365854,0.00159744408945687,0.00310077519379845,0.00309597523219814,0.962145110410095,0.00904977375565611,0.514820592823713,0.297546012269939,0.0142405063291139,0.0337423312883436,0.00303490136570561,0.105263157894737,0.951515151515152,0.290769230769231,0.824921135646688,0.00154798761609907,0.0122699386503067,0.94962962962963,0.169230769230769,0.00312989045383412,0.998425196850394,0.00156739811912226,0.992319508448541,0.00152905198776758,0.927927927927928,0.722834645669291,0.301186943620178,0.0015552099533437,0.470764617691154,0.30920060331825,0.00306278713629403,0.229102167182663,0.0309597523219814,0.979166666666667,0.00313971742543171,0.919330289193303,0.366564417177914,0.00316957210776545,0.225114854517611,0.0517503805175038,0.00302571860816944,0.00153846153846154,0.99388379204893,0.276295133437991,0.741248097412481,0.93140243902439,1,0.00156739811912226,0.163608562691131,0.00153374233128834,0.901538461538462,0.00303030303030303,0.00153609831029186,0.435435435435435,0.393241167434716,0.00302114803625378,0.372274143302181,0.00591715976331361,0.692068429237947,0.430555555555556,0.00155763239875389,0.00154798761609907,0.300153139356815,0.998439937597504,0.862537764350453,0.003125,0.00314465408805031,0.995305164319249,0.972222222222222,0.976958525345622,0.00297176820208024,0.986068111455108,0.00159744408945687,0.00314465408805031,0.507109004739337,0.904615384615385,0.168469860896445,0.174603174603175,0.0015625,0.392694063926941,0.111278195488722,0.173333333333333,0.00151745068285281,0.0763358778625954,0.00313479623824451,0.696784073506891,0.914330218068536,0.0106221547799697,0.00156739811912226,0.00155038759689922,0.996951219512195,0.930618401206637,0.110105580693816,0.942161339421613,0.719754977029097,0.911490683229814,0.00313479623824451,0.0015748031496063,0.00327868852459016,0.00917431192660551,0.0031055900621118,0.428571428571429,0.00298953662182362,0.00303030303030303,0.00301659125188537,0.0440729483282675,0.423676012461059,0.311248073959938,0.874811463046757,0.00302571860816944,0.00156494522691706,0.644478063540091,0.9264,0.44578313253012,0.336906584992343,0.0840978593272171,0.433846153846154,0.0919003115264797,0.00771604938271605,0.00149925037481259,0.00766871165644172,0.287713841368585,0.00149476831091181,0.0461309523809524,0.159305993690852,0.00315955766192733,0.00153846153846154,0.3,0.248073959938367,0.30521472392638,0,0.995363214837713,0.00158982511923688,0.998480243161094,0.228070175438596,0.410769230769231,0.00152905198776758,0.161042944785276,0.00152439024390244,0.393650793650794,0.0031201248049922,0.003003003003003,0.993993993993994,0.817901234567901
"148",0.395866454689984,0.376190476190476,0.3408,0.316129032258064,0,0,0,0,0,0,0,0,0,0,0,0,0,0,0,0,0,0,0,0,0,0,0,0,0,0,0,0,0,0,0,0,0,0,0,0,0,0,0,0,0,0,0,0.390769230769231,0.390953150242326,0.376190476190476,0.325242718446602,0.0214521452145215,0,0,0.0156739811912226,0.023696682464455,0.01875,0.0125984251968504,0.0111111111111111,0.0193236714975845,0.0207006369426752,0.0111464968152866,0.0208,0.0162337662337662,0.0234741784037559,0.0208667736757624,0.0175718849840256,0.033175355450237,0.0209003215434084,0.0194489465153971,0,0.0172143974960876,0.0162337662337662,0.0176848874598071,0.015748031496063,0.0177133655394525,0.016260162601626,0.0193236714975845,0.0130293159609121,0.018957345971564,0,0.0177705977382876,0.0157728706624606,0.0221518987341772,0.0159489633173844,0.01743264659271,0.0208333333333333,0.0142857142857143,0.0195439739413681,0,0.0177705977382876,0.0203125,0.0160513643659711,0,0.0178282009724473,0.0171606864274571,0.744715447154472,0.130573248407643,0.00160513643659711,0.00165562913907285,0.00161030595813205,0.501639344262295,0.790220820189274,0.759615384615385,0.0258899676375405,0.406593406593407,0.00158730158730159,0.00158478605388273,0.34747145187602,0.206022187004754,0.735015772870662,0.0927152317880795,0.00158982511923688,0.00159744408945687,0.00166112956810631,0.728706624605678,0.791139240506329,0.00152439024390244,0.0408496732026144,0.801612903225806,0.00162074554294976,0.75,0.00159489633173844,0.73419773095624,0.00159235668789809,0.135483870967742,0.00156494522691706,0.747967479674797,0.00159489633173844,0.00154798761609907,0.688783570300158,0.444094488188976,0.744,0.0124223602484472,0.795751633986928,0,0.0509554140127389,0.798045602605863,0.397151898734177,0.778301886792453,0.845181674565561,0.819047619047619,0,0.170418006430868,0.134185303514377,0.0470957613814757,0.00156739811912226,1,0.0475435816164818,0.691573926868045,0.00162074554294976,0.74491392801252,0.592651757188498,0.0015748031496063,0.0015748031496063,0.733652312599681,0.00163132137030995,0.415625,0.11198738170347,0,0.746774193548387,0.720967741935484,0,0.00160513643659711,0.00156494522691706,0.832,0.858044164037855,0.00162074554294976,0.0129032258064516,0.00949367088607595,0.808411214953271,0.00157232704402516,0.782467532467532,0.728618421052632,0.265339966832504,0.00157728706624606,0.045958795562599,0.204213938411669,0.815112540192926,0.0637958532695375,0.0933544303797468,0.222741433021807,0.778996865203762,0.118483412322275,0.743421052631579,0.00161030595813205,0.00161812297734628,0.79304897314376,0.778846153846154,0.819645732689211,0.00157977883096367,0.00156494522691706,0.0838607594936709,0.00156494522691706,0.127388535031847,0.00163132137030995,0.754442649434572,0.741573033707865,0.369205298013245,0.781499202551834,0.75801282051282,0.00158478605388273,0.729264475743349,0.603149606299213,0.746081504702194,0.15955766192733,0,0.286168521462639,0.00156985871271586,0.794712286158631,0.801302931596091,0.237717908082409,0.00166666666666667,0.00156494522691706,0.0015748031496063,0.120634920634921,0.00159489633173844,0.109854604200323,0.284789644012945,0.737248840803709,0.43968253968254,0.00159744408945687,0.736434108527132,0.339563862928349,0.0324675324675325,0.753670473083197,0.758346581875994,0,0.00635930047694754,0.00156494522691706,0.726698262243286,0.00157977883096367,0.807504078303426,0.00157232704402516,0.270491803278689,0.00156739811912226,0.758842443729904,0.254045307443366,0.402866242038217,0.00164473684210526,0.733009708737864,0.746056782334385,0.00155038759689922,0
"149",0.00154559505409583,0.00625978090766823,0.00613496932515337,0.00309597523219814,0,0,0,0,0,0,0,0,0,0,0,0,0,0,0,0,0,0,0,0,0,0,0,0,0,0,0,0,0,0,0,0,0,0,0,0,0,0,0,0,0,0,0,0.00605143721633888,0.0046801872074883,0.00618238021638331,0.00470219435736677,0.0016,0.00773993808049536,0.0061633281972265,0.0015600624024961,0,0,0,0.0078003120124805,0,0,0.00786163522012579,0,0.00160771704180064,0,0,0,0,0.0015625,0.0015748031496063,0.00778816199376947,0,0,0,0.00153609831029186,0.00154083204930663,0,0.00313479623824451,0.0128410914927769,0,0.00464396284829721,0,0.00303951367781155,0,0,0,0,0.00628930817610063,0,0.00763358778625954,0,0,0.00157232704402516,0.00789889415481832,0,0,0.014218009478673,0.221020092735703,0.166926677067083,0.14873417721519,0.682515337423313,0.496025437201908,0.222395023328149,0.255451713395639,0.170144462279294,0.617737003058104,0.649149922720247,0.857142857142857,0.678913738019169,0.833590138674884,0.00910470409711684,0.94912559618442,0.124615384615385,0.85423197492163,0.329635499207607,0.0106870229007634,0.216923076923077,0.159701492537313,0.995356037151703,0.205651491365777,0.166666666666667,0.00920245398773006,0.175193798449612,0.00792393026941363,0.155905511811024,0.286604361370716,0.846153846153846,0.0123076923076923,0.670229007633588,0.839393939393939,0.324492979719189,0.440251572327044,0.236677115987461,0.15210843373494,0.212121212121212,0.151607963246554,0.705972434915773,0.215334420880914,0.512383900928793,0.191424196018377,0.162037037037037,0.182098765432099,0.165891472868217,0.655172413793103,0.26625386996904,0.158950617283951,0.163608562691131,0.0475435816164818,1,0.321156773211568,0.135725429017161,0.0123839009287926,0.423913043478261,0.716666666666667,0.762052877138414,0.00947867298578199,0.778129952456418,0.59606656580938,0.31911532385466,0.705972434915773,0.0109375,0.0956112852664577,0.845916795069337,0.15955766192733,0.244712990936556,0.180094786729858,0.142635658914729,0.148562300319489,0.1671875,0.166412213740458,0.198473282442748,0.165891472868217,0.203225806451613,0.263650546021841,0.375609756097561,0.146379044684129,0.998449612403101,0.7425431711146,0.195275590551181,0.649230769230769,0.949152542372881,0.764617691154423,0.23374613003096,0.919254658385093,0.0110236220472441,0.461897356143079,0.145569620253165,0.214506172839506,0.225705329153605,0.190551181102362,0.149162861491629,0.129573170731707,0.950617283950617,0.155725190839695,0.298761609907121,0.153968253968254,0.015748031496063,0.0124804992199688,0.626602564102564,0.0108359133126935,0.0109034267912773,0.710122699386503,0.0122137404580153,0.413476263399694,0.0136986301369863,0.880551301684533,0.730886850152905,0.463565891472868,0.117824773413897,0.216793893129771,0.210031347962382,0.26625386996904,0.15609756097561,0.711890243902439,0.80184331797235,0.929555895865237,0.712948517940718,0.932917316692668,0.747663551401869,0.0103550295857988,0.540706605222734,0.856918238993711,0.0134932533733133,0.683076923076923,0.990384615384615,0.031496062992126,0.00928792569659443,0.848966613672496,0.905132192846034,0.852534562211982,0.00154083204930663,0.1578125,0.200631911532385,0.156105100463679,0.645007923930269,0.726006191950464,0.0110062893081761,0.704334365325077,0.606299212598425,0.755102040816326,0.00930232558139535,0.013595166163142,0.158610271903323,0.323619631901841
"150",0.203076923076923,0.20094191522763,0.178403755868545,0.155309033280507,0,0,0,0,0,0,0,0,0,0,0,0,0,0,0,0,0,0,0,0,0,0,0,0,0,0,0,0,0,0,0,0,0,0,0,0,0,0,0,0,0,0,0,0.210287443267776,0.205607476635514,0.195348837209302,0.174050632911392,0.0192926045016077,0,0,0.0106870229007634,0.0141509433962264,0.0106870229007634,0.00309597523219814,0.00462962962962963,0.010752688172043,0.0108527131782946,0.0109546165884194,0.0125786163522013,0.00792393026941363,0.0138674884437596,0.0124416796267496,0.0124031007751938,0.0123076923076923,0.0126182965299685,0.0094488188976378,0,0.00933125972006221,0.00783699059561128,0.00784929356357928,0.0138248847926267,0.00772797527047913,0.00631911532385466,0.00928792569659443,0.00313971742543171,0.0107361963190184,0,0.00782472613458529,0.00918836140888208,0.0122699386503067,0.0123839009287926,0.0122324159021407,0.013953488372093,0.0062015503875969,0.0126182965299685,0,0.0125,0.0136363636363636,0.00941915227629513,0,0.0111287758346582,0.0106544901065449,0.427001569858713,0.15541601255887,0.00153846153846154,0.0015748031496063,0.0137825421133231,0.804523424878837,0.886153846153846,0.937888198757764,0.0223642172523962,0.709428129829985,0.0078740157480315,0.165137614678899,0.645833333333333,0.483720930232558,0.435384615384615,0.3856,0.00154559505409583,0.167449139280125,0.0062992125984252,0.423493044822257,0.882716049382716,0.00150829562594268,0.321428571428571,0.874804381846635,0.0015748031496063,0.449367088607595,0.00154559505409583,0.406885758998435,0.00156985871271586,0.172955974842767,0.163418290854573,0.42566510172144,0.0451713395638629,0.169207317073171,1,0.641860465116279,0.865414710485133,0.0104321907600596,0.8671875,0,0.147919876733436,0.869218500797448,0.59190031152648,0.715821812596006,0.827906976744186,0.833333333333333,0,0.367601246105919,0.161741835147745,0.0463678516228748,0.00153374233128834,0.691573926868045,0.321156773211568,1,0.0015625,0.449386503067485,0.925117004680187,0.0317220543806647,0.0652173913043478,0.420647149460709,0.0925039872408294,0.721481481481482,0.156589147286822,0.0262345679012346,0.421875,0.583067092651757,0.157320872274143,0.00159744408945687,0.00151975683890578,0.829953198127925,0.821036106750393,0.00159744408945687,0.0108359133126935,0.00782472613458529,0.869499241274659,0.00154320987654321,0.880327868852459,0.923930269413629,0.395534290271132,0.00153846153846154,0.3140625,0.489028213166144,0.8640625,0.176110260336907,0.375766871165644,0.518740629685157,0.917177914110429,0.396604938271605,0.415360501567398,0.00469483568075117,0.0015748031496063,0.867579908675799,0.897959183673469,0.874603174603175,0.00152439024390244,0.00151515151515152,0.380368098159509,0.00153374233128834,0.172360248447205,0.0015748031496063,0.438485804416404,0.4328125,0.681020733652313,0.442546583850932,0.428125,0.0297339593114241,0.416413373860182,0.936073059360731,0.429438543247344,0.451162790697674,0.0482115085536547,0.177914110429448,0.00150829562594268,0.876876876876877,0.888,0.311349693251534,0.00160771704180064,0.0276923076923077,0.108895705521472,0.403993855606759,0.0249609984399376,0.394944707740916,0.584639498432602,0.431784107946027,0.702194357366771,0.168486739469579,0.422960725075529,0.660550458715596,0.312796208530806,0.473015873015873,0.453292496171516,0.161858974358974,0.230171073094868,0.178125,0.425499231950845,0.00153609831029186,0.864779874213837,0.0015220700152207,0.501639344262295,0.0399385560675883,0.435458786936236,0.538461538461538,0.731366459627329,0.0643642072213501,0.418238993710692,0.425954198473282,0.0015220700152207,0.0062015503875969
"151",0,0.00158982511923688,0.00478468899521531,0.0031055900621118,0,0,0,0,0,0,0,0,0,0,0,0,0,0,0,0,0,0.0172143974960876,0.0200308166409861,0,0,0,0,0,0,0,0,0,0,0,0,0,0,0,0,0,0,0,0,0,0,0,0,0.00151975683890578,0.00158478605388273,0.0046656298600311,0.00483091787439614,0,0.688679245283019,0.551724137931034,0.00155763239875389,0,0,0.0139751552795031,0.00642054574638844,0,0,0,0,0.00324149108589951,0,0,0,0,0,0.00158982511923688,0.0302066772655008,0.00476947535771065,0,0,0,0.0015625,0,0.00158730158730159,0.00480769230769231,0,0.103833865814696,0,0.00306278713629403,0,0,0,0,0.0111642743221691,0,0.0246153846153846,0,0,0,0.0208333333333333,0,0,0.00321543408360129,0.684542586750789,0.96411856474259,0.89776357827476,0.37962962962963,0.0016,0.00313479623824451,0.00313479623824451,0.838969404186795,0.00778816199376947,0.415335463258786,0.257716049382716,0.0111642743221691,0.0190174326465927,0.00313971742543171,0.0801963993453355,0.929245283018868,0.262321144674086,0.775244299674267,0.00158478605388273,0.0031201248049922,0.95475113122172,0.134069400630915,0.00321027287319422,0.889430894308943,0.00158982511923688,0.904024767801858,0.00158227848101266,0.972222222222222,0.577777777777778,0.252663622526636,0.0015748031496063,0.410296411856474,0.266563944530046,0.0031496062992126,0.149206349206349,0.00155763239875389,0.889060092449923,0.00323624595469256,0.974045801526718,0.274418604651163,0.00322061191626409,0.144859813084112,0.0110584518167457,0.00316455696202532,0.0015625,0.9,0.215311004784689,0.611635220125786,0.818040435458787,0.901538461538462,0.00162074554294976,0.135725429017161,0.0015625,1,0.0031496062992126,0.00159489633173844,0.373271889400922,0.325949367088608,0.00312989045383412,0.3376,0.00301659125188537,0.576862123613312,0.365203761755486,0.00159489633173844,0.00159489633173844,0.265210608424337,0.896940418679549,0.886996904024768,0.00314465408805031,0.00321543408360129,0.909677419354839,0.867088607594937,0.865293185419968,0.00303951367781155,0.894984326018809,0.0016366612111293,0.00321543408360129,0.35,1,0.13258785942492,0.1536,0.0016025641025641,0.379905808477237,0.0876923076923077,0.129129129129129,0.00154320987654321,0.0512422360248447,0.00323101777059774,0.594976452119309,0.982142857142857,0.00157728706624606,0.00162337662337662,0.00159489633173844,0.901538461538462,0.956989247311828,0.0961240310077519,0.970588235294118,0.579937304075235,0.996763754045307,0.00323624595469256,0.00158730158730159,0.00488599348534202,0.0031496062992126,0.0031496062992126,0.376377952755906,0.00309119010819165,0.00307692307692308,0.00303490136570561,0.0216049382716049,0.350710900473934,0.216510903426791,0.978527607361963,0.003125,0.00161290322580645,0.535433070866142,0.981937602627258,0.365891472868217,0.29153605015674,0.0632716049382716,0.360374414976599,0.0695102685624013,0.00483091787439614,0.00153139356814701,0.0015600624024961,0.253611556982344,0.00154798761609907,0.0309119010819165,0.132165605095541,0.00324149108589951,0.00154320987654321,0.266339869281046,0.2125,0.26875,0,0.901869158878505,0.00161030595813205,0.90625,0.152733118971061,0.357254290171607,0.00159489633173844,0.137285491419657,0.00154320987654321,0.331210191082803,0.0032258064516129,0.00307219662058372,0.904173106646059,0.758942457231726
"152",0.627725856697819,0.618380062305296,0.602201257861635,0.59748427672956,0,0,0,0,0,0,0,0,0,0,0,0,0,0,0,0,0,0,0,0,0,0,0,0,0,0,0,0,0,0,0,0,0,0,0,0,0,0,0,0,0,0,0,0.631578947368421,0.628526645768025,0.622119815668203,0.601587301587302,0.0211382113821138,0,0,0.0137825421133231,0.0233644859813084,0.0168970814132104,0.0122887864823349,0.0109375,0.0169753086419753,0.02,0.0093603744149766,0.0189873417721519,0.015748031496063,0.0218068535825545,0.0187207488299532,0.015552099533437,0.0335365853658537,0.01875,0.0175718849840256,0,0.0152671755725191,0.0156985871271586,0.0171875,0.0153139356814701,0.0154320987654321,0.014218009478673,0.0171875,0.0126984126984127,0.0170015455950541,0,0.015600624024961,0.0152439024390244,0.0197869101978691,0.0141287284144427,0.0152439024390244,0.018348623853211,0.0141509433962264,0.017515923566879,0,0.0158227848101266,0.0182094081942337,0.0140845070422535,0,0.0157232704402516,0.0166414523449319,0.998417721518987,0.0108359133126935,0.00303490136570561,0.00317460317460317,0.00152905198776758,0.244131455399061,0.534810126582278,0.480438184663537,0.00157977883096367,0.171779141104294,0.00310077519379845,0.00305343511450382,0.1568,0.128834355828221,0.998466257668712,0.0596774193548387,0.00153609831029186,0.00306278713629403,0.00314465408805031,0.998439937597504,0.513931888544892,0.00148809523809524,0.00934579439252336,0.52555910543131,0.00157728706624606,1,0.00307219662058372,1,0.00309119010819165,0.0188383045525903,0.00299850074962519,0.998427672955975,0.00309119010819165,0.00301659125188537,0.454258675078864,0.186813186813187,0.488262910798122,0.0029673590504451,0.540192926045016,0,0.00309597523219814,0.517460317460318,0.141085271317829,0.572327044025157,0.570552147239264,0.557098765432099,0.00153846153846154,0.0015748031496063,0.0031055900621118,0.00307692307692308,0.00303030303030303,0.74491392801252,0.0123839009287926,0.449386503067485,0.0031496062992126,1,0.330203442879499,0.00304878048780488,0.00154559505409583,0.998454404945904,0.00317965023847377,0.175038051750381,0.0046656298600311,0.0015552099533437,0.998444790046656,0.858712715855573,0.0015527950310559,0.00317460317460317,0.00303490136570561,0.583724569640063,0.579113924050633,0.0032,0.0031055900621118,0.0015625,0.53857791225416,0.00307692307692308,0.516077170418006,0.450479233226837,0.0304975922953451,0.00308166409861325,0.0108695652173913,0.00478468899521531,0.550955414012739,0.00154083204930663,0.055045871559633,0.0135746606334842,0.520123839009288,0.0865533230293663,1,0.00156494522691706,0.00320512820512821,0.534456355283308,0.513931888544892,0.542452830188679,0.00304878048780488,0.00304878048780488,0.0509259259259259,0.00305810397553517,0.0108359133126935,0.003125,1,0.998447204968944,0.176,0.978361669242658,0.998432601880878,0.0015527950310559,0.998461538461539,0.369230769230769,0.996941896024465,0.123630672926448,0.0015527950310559,0.343167701863354,0.00305343511450382,0.519083969465649,0.533965244865719,0.0156494522691706,0.00323624595469256,0.00304878048780488,0.00153139356814701,0.0797546012269939,0.00313971742543171,0.0695517774343122,0.166144200626959,0.998502994011976,0.179289026275116,0.00315955766192733,0.998487140695915,0.113981762917933,0.00794912559618442,0.95024077046549,0.978494623655914,0.00159235668789809,0.003125,0.00308166409861325,0.998452012383901,0.00308641975308642,0.546899841017488,0.00306278713629403,0.0223285486443381,0.00305810397553517,0.998456790123457,0.0217729393468118,0.221705426356589,0.00315457413249211,0.998415213946117,0.986342943854325,0.00307692307692308,0.00155763239875389
"153",0.144654088050314,0.137876386687797,0.122065727699531,0.105511811023622,0,0,0,0,0,0,0,0,0,0,0,0,0,0,0,0,0,0,0,0,0,0,0,0,0,0,0,0,0,0,0,0,0,0,0,0,0,0,0,0,0,0,0,0.154198473282443,0.151090342679128,0.130769230769231,0.115569823434992,0.0197044334975369,0,0,0.00916030534351145,0.014446227929374,0.00778816199376947,0.0046875,0.00469483568075117,0.00946372239747634,0.0123647604327666,0.0111464968152866,0.00947867298578199,0.00641025641025641,0.0125,0.0111464968152866,0.0111111111111111,0.0110584518167457,0.0110584518167457,0.00809061488673139,0,0.0093167701863354,0.0095389507154213,0.00950871632329636,0.0109375,0.0046801872074883,0.00484652665589661,0.00630914826498423,0.0032626427406199,0.00938967136150235,0,0.00794912559618442,0.00773993808049536,0.00928792569659443,0.0109717868338558,0.0108359133126935,0.0125588697017268,0.00476947535771065,0.0111464968152866,0,0.0111287758346582,0.0138248847926267,0.0063391442155309,0,0.00791139240506329,0.0122137404580153,0.320813771517997,0.162717219589258,0.00156739811912226,0.00160771704180064,0.0862068965517241,0.880064829821718,0.8,0.848966613672496,0.0205371248025276,0.82225656877898,0.0440251572327044,0.271875,0.754934210526316,0.595611285266458,0.314728682170543,0.502446982055465,0,0.266875981161695,0.0304,0.315541601255887,0.795886075949367,0,0.43015873015873,0.770700636942675,0,0.328502415458937,0.0015600624024961,0.308426073131955,0.00157728706624606,0.178343949044586,0.267884322678843,0.327503974562798,0.138629283489097,0.279251170046802,0.932907348242812,0.638801261829653,0.78003120124805,0.00766871165644172,0.772213247172859,0,0.223765432098765,0.757328990228013,0.631911532385466,0.632075471698113,0.733333333333333,0.739403453689168,0.00156985871271586,0.457278481012658,0.169544740973312,0.0512422360248447,0.00153609831029186,0.592651757188498,0.423913043478261,0.925117004680187,0.00159489633173844,0.330203442879499,1,0.124416796267496,0.164576802507837,0.308176100628931,0.193811074918567,0.81651376146789,0.173633440514469,0.117739403453689,0.31911532385466,0.486223662884927,0.263565891472868,0.00160771704180064,0.00153609831029186,0.722852512155592,0.711356466876972,0.00159489633173844,0.00943396226415094,0.00793650793650794,0.771956856702619,0.00156739811912226,0.785245901639344,0.833870967741935,0.406807131280389,0.0015527950310559,0.416536661466459,0.576547231270358,0.756756756756757,0.285491419656786,0.49609984399376,0.617737003058104,0.815047021943574,0.5141065830721,0.310897435897436,0.0234741784037559,0.00159235668789809,0.769470404984424,0.80127186009539,0.7696,0.00155763239875389,0.00155038759689922,0.496062992125984,0.0015552099533437,0.1796875,0.00160513643659711,0.332810047095761,0.326332794830372,0.792207792207792,0.324324324324324,0.324921135646688,0.122448979591837,0.316358024691358,0.986068111455108,0.322530864197531,0.553291536050157,0.145367412140575,0.165884194053208,0.0015625,0.771739130434783,0.783870967741935,0.326530612244898,0.00163132137030995,0.109737248840804,0.214397496087637,0.507788161993769,0.113564668769716,0.503154574132492,0.688172043010753,0.332317073170732,0.790625,0.272292993630573,0.321928460342146,0.776911076443058,0.423701298701299,0.382636655948553,0.34850863422292,0.281150159744409,0.336990595611285,0.287735849056604,0.313664596273292,0.00157977883096367,0.763492063492063,0.00157977883096367,0.593800978792822,0.131375579598145,0.322169059011164,0.638888888888889,0.833068362480127,0.157556270096463,0.317965023847377,0.329738058551618,0.00154320987654321,0.0363349131121643
"154",0,0.00152671755725191,0.00154798761609907,0,0,0,0,0,0,0,0,0,0,0,0,0,0,0,0,0,0,0,0,0,0,0,0,0,0,0,0,0,0,0,0,0,0,0,0,0,0,0,0,0,0,0,0,0.00146412884333821,0.00155763239875389,0.00152671755725191,0.00156985871271586,0,0.0826952526799387,0.030441400304414,0.00150829562594268,0,0,0,0.0062015503875969,0,0,0.00307692307692308,0,0.0015748031496063,0,0,0,0,0.00155763239875389,0.00158982511923688,0.00921658986175115,0,0,0,0,0.00155763239875389,0,0.00306278713629403,0.0108024691358025,0,0.0229709035222052,0,0.00301204819277108,0,0,0,0,0.00463678516228748,0,0.00906344410876133,0,0,0.00155038759689922,0.00786163522012579,0,0,0.00305810397553517,0.426153846153846,0.399399399399399,0.42457231726283,0.972809667673716,0.218700475435816,0.00925925925925926,0.0123076923076923,0.454545454545455,0.330275229357798,0.939346811819596,0.872146118721461,0.397174254317111,0.553680981595092,0.00303490136570561,0.658841940532081,0.382621951219512,0.872841444270016,0.579439252336449,0.0015220700152207,0.0122324159021407,0.403534609720177,0.726027397260274,0.00778816199376947,0.456828885400314,0.00153846153846154,0.452160493827161,0.00152671755725191,0.38719512195122,0.512539184952978,0.871870397643594,0.00154083204930663,0.88719512195122,0.86865671641791,0.0353846153846154,0.264797507788162,0.0229007633587786,0.421364985163205,0.00470957613814757,0.383792048929664,0.818181818181818,0.00637958532695375,0.339908952959029,0.0844854070660522,0.00302114803625378,0.00152671755725191,0.430722891566265,0.601866251944012,0.492378048780488,0.436746987951807,0.435435435435435,0.0015748031496063,0.716666666666667,0.0317220543806647,0.373271889400922,0.00304878048780488,0.124416796267496,1,0.966049382716049,0.00305343511450382,0.928012519561815,0.31044776119403,0.520610687022901,0.995440729483283,0.00154320987654321,0.00156494522691706,0.880368098159509,0.437694704049844,0.493993993993994,0.00307219662058372,0.00316957210776545,0.409375,0.43701399688958,0.45468509984639,0.00451127819548872,0.454961832061069,0.00480769230769231,0.0250783699059561,0.3744,0.371212121212121,0.729393468118196,0.5109375,0.0046583850931677,0.761904761904762,0.657657657657658,0.510479041916168,0.00764525993883792,0.645990922844175,0.00308166409861325,0.746932515337423,0.393700787401575,0.00768049155145929,0.00783699059561128,0.00470957613814757,0.419062027231467,0.376899696048632,0.661068702290076,0.386706948640483,0.512977099236641,0.377503852080123,0.00313479623824451,0.00156739811912226,0.363057324840764,0.00305343511450382,0.00307692307692308,0.983358547655068,0.00301204819277108,0.119515885022693,0.0029806259314456,0.589393939393939,0.987673343605547,0.617151607963247,0.333834586466165,0.00742942050520059,0.0062402496099844,0.315467075038285,0.378205128205128,0.990977443609023,0.933232169954476,0.634036144578313,0.998466257668712,0.651305683563748,0.459876543209877,0.00149925037481259,0.29601226993865,0.869291338582677,0.00149700598802395,0.387878787878788,0.73186119873817,0.003125,0.00150829562594268,0.876369327073552,0.809160305343511,0.861751152073733,0,0.452453987730061,0.00470957613814757,0.415123456790123,0.457463884430177,0.991031390134529,0.00151975683890578,0.466666666666667,0.3267776096823,0.982758620689655,0.0031055900621118,0.00297619047619048,0.439393939393939,0.566358024691358
"155",0,0.00155763239875389,0.00156739811912226,0,0,0,0,0,0,0,0,0,0,0,0,0,0,0,0,0,0,0,0,0,0,0,0,0,0,0,0,0,0,0,0,0,0,0,0,0,0,0,0,0,0,0,0,0.00151057401812689,0.0015748031496063,0.00156739811912226,0.00157728706624606,0,0.0417310664605873,0.00455927051671732,0,0,0,0,0.00476947535771065,0,0,0.00315457413249211,0,0,0,0,0,0,0.00155763239875389,0,0.0046801872074883,0,0,0,0,0,0,0.00154559505409583,0.0062992125984252,0,0.00467289719626168,0,0.00153139356814701,0,0,0,0,0.0031201248049922,0,0.00308641975308642,0,0,0.00157728706624606,0.00476947535771065,0,0,0.00158227848101266,0.422291993720565,0.357927786499215,0.3888,0.940532081377152,0.247191011235955,0.0269413629160063,0.0390015600624025,0.425632911392405,0.372056514913658,0.900787401574803,0.907120743034056,0.4352,0.582417582417582,0.00154798761609907,0.695723684210526,0.329787234042553,0.90282131661442,0.557993730407524,0,0.0357142857142857,0.357249626307922,0.749611197511664,0.0254777070063694,0.414790996784566,0,0.406940063091483,0.00158478605388273,0.346938775510204,0.522292993630573,0.913897280966767,0,0.884735202492212,0.907575757575758,0.0664556962025316,0.291139240506329,0.0458860759493671,0.383808095952024,0.0225442834138486,0.338028169014085,0.857805255023184,0.0277777777777778,0.367441860465116,0.1078125,0.00625978090766823,0.0140405616224649,0.391371340523883,0.640378548895899,0.50231124807396,0.398449612403101,0.393241167434716,0.0015748031496063,0.762052877138414,0.0652173913043478,0.325949367088608,0.00154559505409583,0.164576802507837,0.966049382716049,1,0.00155038759689922,0.930645161290323,0.350531107738998,0.545886075949367,0.9629057187017,0,0.00158478605388273,0.908668730650155,0.400318979266348,0.457886676875957,0.0125984251968504,0.0110935023771791,0.374800637958533,0.3953125,0.409020217729393,0.0213089802130898,0.414976599063963,0.0226904376012966,0.0540540540540541,0.403225806451613,0.317757009345794,0.769716088328076,0.541062801932367,0.0253565768621236,0.788343558282209,0.684210526315789,0.555891238670695,0.0259146341463415,0.674491392801252,0.00161030595813205,0.727272727272727,0.350157728706625,0.0279503105590062,0.0192307692307692,0.0251572327044025,0.373456790123457,0.323076923076923,0.705607476635514,0.343511450381679,0.535101404056162,0.32695374800638,0.00157977883096367,0.00159744408945687,0.39968152866242,0.0015600624024961,0.0015600624024961,0.95046439628483,0.0015527950310559,0.158610271903323,0.00153139356814701,0.627511591962906,0.971563981042654,0.628526645768025,0.294207317073171,0.0256797583081571,0.0194805194805195,0.324534161490683,0.334967320261438,0.967987804878049,0.918836140888208,0.674347158218126,0.968404423380727,0.687598116169545,0.492845786963434,0,0.335925349922239,0.905511811023622,0.00153609831029186,0.413010590015129,0.750793650793651,0.00159489633173844,0.00155038759689922,0.9056,0.840694006309148,0.90726429675425,0,0.408385093167702,0.0258899676375405,0.383775351014041,0.499181669394435,0.967741935483871,0,0.504702194357367,0.361801242236025,0.957613814756672,0.00157232704402516,0.00153609831029186,0.3950233281493,0.537617554858934
"156",0.63182527301092,0.619651347068146,0.606583072100313,0.613003095975232,0,0,0,0,0,0,0,0,0,0,0,0,0,0,0,0,0,0,0,0,0,0,0,0,0,0,0,0,0,0,0,0,0,0,0,0,0,0,0,0,0,0,0,0.636363636363636,0.630265210608424,0.627145085803432,0.599683544303797,0.0161812297734628,0,0,0.0108024691358025,0.0186915887850467,0.0122511485451761,0.0093167701863354,0.00625978090766823,0.0125195618153365,0.0139968895800933,0.0062111801242236,0.015748031496063,0.0128205128205128,0.0171339563862928,0.0141955835962145,0.0124610591900312,0.0306278713629403,0.0140625,0.0144927536231884,0,0.0108527131782946,0.00947867298578199,0.0126582278481013,0.00928792569659443,0.014218009478673,0.014308426073132,0.0126382306477093,0.00952380952380952,0.0124416796267496,0,0.014218009478673,0.00910470409711684,0.0166666666666667,0.00923076923076923,0.0123647604327666,0.0139751552795031,0.0078740157480315,0.0139318885448916,0,0.0110584518167457,0.0153846153846154,0.0110062893081761,0,0.0141065830721003,0.0123839009287926,1,0.00946372239747634,0.0030441400304414,0.00315955766192733,0.00154320987654321,0.23015873015873,0.520440251572327,0.480314960629921,0.00158982511923688,0.160493827160494,0.0031201248049922,0.00310077519379845,0.14937106918239,0.113003095975232,1,0.0487804878048781,0.00154559505409583,0.00311526479750779,0.00317965023847377,1,0.50386398763524,0.00151975683890578,0.00626959247648903,0.516746411483254,0.00159489633173844,1,0.00312989045383412,0.998427672955975,0.00309119010819165,0.025518341307815,0.00303490136570561,1,0.00311526479750779,0.00305810397553517,0.4296875,0.183385579937304,0.479623824451411,0.00302114803625378,0.527910685805423,0,0.00307219662058372,0.519108280254777,0.136363636363636,0.5625,0.564341085271318,0.557275541795666,0.0015527950310559,0.00160771704180064,0.00307692307692308,0.00309597523219814,0.00302114803625378,0.733652312599681,0.00947867298578199,0.420647149460709,0.00312989045383412,0.998454404945904,0.308176100628931,0.00305343511450382,0.00155038759689922,1,0.00320512820512821,0.16036308623298,0.00626959247648903,0.00156494522691706,1,0.863422291993721,0.0015625,0.00314465408805031,0.00304878048780488,0.575757575757576,0.5632,0.00316455696202532,0.003125,0.00156985871271586,0.541033434650456,0.00309597523219814,0.513201320132013,0.42879746835443,0.0304975922953451,0.0031104199066874,0.00778816199376947,0.00483091787439614,0.556603773584906,0.00153846153846154,0.0432766615146832,0.0120300751879699,0.509118541033435,0.073094867807154,1,0.00155763239875389,0.00315457413249211,0.527301092043682,0.50801282051282,0.547619047619048,0.00303951367781155,0.0031104199066874,0.0383435582822086,0.00308641975308642,0.0155763239875389,0.00315955766192733,1,1,0.157980456026059,0.973270440251572,0.996894409937888,0.0015600624024961,0.998475609756098,0.357698289269051,0.995468277945619,0.107644305772231,0.00157728706624606,0.356589147286822,0.00304878048780488,0.513719512195122,0.52572347266881,0.0185185185185185,0.00325732899022801,0.00312989045383412,0.00154083204930663,0.0690737833594976,0.003125,0.062992125984252,0.152037617554859,0.998473282442748,0.1625,0.00318471337579618,1,0.101382488479263,0.00478468899521531,0.955342902711324,0.979813664596273,0.00159744408945687,0.0031055900621118,0.00310077519379845,0.998459167950693,0.0031201248049922,0.5328,0.00308641975308642,0.0179445350734095,0.0031055900621118,0.998447204968944,0.0201238390092879,0.204968944099379,0.00321027287319422,1,0.98780487804878,0.00307219662058372,0.00156494522691706
"157",0,0.00161550888529887,0.00160771704180064,0,0,0,0,0,0,0,0,0,0,0,0,0,0,0,0,0,0,0,0,0,0,0,0,0,0,0,0,0,0,0,0,0,0,0,0,0,0,0,0,0,0,0,0,0.00155038759689922,0.00161030595813205,0.0016025641025641,0.00163398692810458,0,0.0623003194888179,0.0159489633173844,0.00159744408945687,0,0,0,0.00638977635782748,0,0,0.00642054574638844,0,0.00163398692810458,0,0,0,0,0.00160771704180064,0.0016260162601626,0.00646203554119548,0,0,0,0,0.0016025641025641,0,0.00323101777059774,0.0099009900990099,0,0.00950871632329636,0,0.00313479623824451,0,0,0,0,0.00490196078431373,0,0.00630914826498423,0,0,0.00161030595813205,0.00649350649350649,0,0,0.00328407224958949,0.410339256865913,0.367670364500792,0.348387096774194,0.898089171974522,0.298850574712644,0.0330708661417323,0.0504885993485342,0.382594417077176,0.394230769230769,0.851791530944625,0.933764135702746,0.452459016393443,0.605519480519481,0.00317460317460317,0.722495894909688,0.293269230769231,0.925806451612903,0.572139303482587,0.00158227848101266,0.0353130016051364,0.36547433903577,0.778688524590164,0.0164473684210526,0.379934210526316,0.00163398692810458,0.388272583201268,0.0016260162601626,0.360890302066773,0.480582524271845,0.924148606811146,0.00162337662337662,0.909967845659164,0.931034482758621,0.0929853181076672,0.301948051948052,0.0486223662884927,0.37245696400626,0.027823240589198,0.346092503987241,0.835725677830941,0.028006589785832,0.380417335473515,0.104928457869634,0.00483870967741936,0.00646203554119548,0.369354838709677,0.679802955665025,0.458333333333333,0.377777777777778,0.372274143302181,0.00163132137030995,0.778129952456418,0.0925039872408294,0.3376,0.00317965023847377,0.193811074918567,0.928012519561815,0.930645161290323,0.00320512820512821,1,0.369565217391304,0.526655896607431,0.913875598086124,0.00161290322580645,0.00162074554294976,0.932907348242812,0.370786516853933,0.465299684542587,0.00474683544303797,0.00323101777059774,0.359143327841845,0.378029079159935,0.386581469648562,0.0234741784037559,0.394230769230769,0.0267558528428094,0.0669934640522876,0.359400998336107,0.3421875,0.788961038961039,0.603960396039604,0.0179153094462541,0.861198738170347,0.715421303656598,0.582945736434109,0.036741214057508,0.695652173913043,0.0033112582781457,0.703525641025641,0.367213114754098,0.0271132376395534,0.0388349514563107,0.0176282051282051,0.361669242658423,0.314285714285714,0.725961538461538,0.355450236966825,0.481658692185008,0.342105263157895,0.00328407224958949,0.00162866449511401,0.417348608837971,0.00318979266347687,0.00318979266347687,0.929260450160772,0.00315457413249211,0.181962025316456,0.00317965023847377,0.66031746031746,0.928687196110211,0.569400630914827,0.30379746835443,0.041335453100159,0.0293159609120521,0.298555377207063,0.35,0.923076923076923,0.969502407704655,0.698564593301435,0.918789808917197,0.719298245614035,0.503236245954693,0.00155763239875389,0.3552,0.924466338259442,0.0015527950310559,0.4625,0.791666666666667,0.00326797385620915,0.00156494522691706,0.924342105263158,0.867528271405493,0.924315619967794,0,0.378164556962025,0.0197368421052632,0.352564102564103,0.508169934640523,0.947284345047923,0.00161812297734628,0.544444444444444,0.374213836477987,0.945273631840796,0.00327332242225859,0.003125,0.365231259968102,0.556438791732909
"158",0.0617469879518072,0.0648148148148148,0.0540958268933539,0.0464396284829721,0,0,0,0,0,0,0,0,0,0,0,0,0,0,0,0,0,0,0,0,0,0,0,0,0,0,0,0,0,0,0,0,0,0,0,0,0,0,0,0,0,0,0,0.0736377025036819,0.0762195121951219,0.0626865671641791,0.0509259259259259,0.0110759493670886,0,0,0.00746268656716418,0.0107858243451464,0.00603318250377074,0.0045045045045045,0.00154320987654321,0.00758725341426404,0.00906344410876133,0.0093167701863354,0.00771604938271605,0.0061633281972265,0.0105263157894737,0.00907715582450832,0.00910470409711684,0.00899550224887556,0.00923076923076923,0.00765696784073507,0,0.00754147812971342,0.0061633281972265,0.00618238021638331,0.00601503759398496,0.00461538461538462,0.00603318250377074,0.00465116279069767,0.00463678516228748,0.00750750750750751,0,0.00768049155145929,0.00445103857566766,0.00898203592814371,0.00916030534351145,0.00736377025036819,0.0106382978723404,0.00154083204930663,0.00925925925925926,0,0.00758725341426404,0.0104321907600596,0.00613496932515337,0,0.00618238021638331,0.00904977375565611,0.171253822629969,0.166158536585366,0.013677811550152,0.00459418070444104,0.294117647058824,0.884914463452566,0.610091743119266,0.655384615384615,0.0344287949921753,0.971212121212121,0.243451463790447,0.463855421686747,0.926216640502355,0.774583963691377,0.170471841704718,0.664586583463339,0.00149700598802395,0.471138845553822,0.101246105919003,0.165905631659056,0.604826546003017,0.00585651537335286,0.595419847328244,0.60347551342812,0.00933125972006221,0.176744186046512,0.00900900900900901,0.171993911719939,0.0076103500761035,0.230414746543779,0.462882096069869,0.173846153846154,0.310502283105023,0.45360824742268,0.716867469879518,0.59789156626506,0.625194401244168,0.0132939438700148,0.587869362363919,0.0029940119760479,0.406576980568012,0.589424572317263,0.633233532934132,0.507645259938838,0.55688622754491,0.555555555555556,0.00453857791225416,0.618975903614458,0.234398782343988,0.0552238805970149,0.00591715976331361,0.415625,0.59606656580938,0.721481481481482,0.00301659125188537,0.175038051750381,0.81651376146789,0.31044776119403,0.350531107738998,0.16036308623298,0.369565217391304,1,0.259659969088099,0.308157099697885,0.163358778625954,0.314728682170543,0.437978560490046,0.0061633281972265,0.0164179104477612,0.55640243902439,0.545454545454545,0.00623052959501558,0.0210843373493976,0.0167682926829268,0.583333333333333,0.00754147812971342,0.602201257861635,0.65987460815047,0.456964006259781,0.00305343511450382,0.589230769230769,0.730650154798762,0.581538461538462,0.448948948948949,0.662632375189107,0.786337209302326,0.630075187969925,0.680786686838124,0.169491525423729,0.125574272588055,0.00470957613814757,0.596358118361153,0.611197511664075,0.585516178736518,0.00444444444444444,0.0029673590504451,0.669683257918552,0.00755287009063444,0.234939759036145,0.00313479623824451,0.183800623052959,0.171073094867807,0.949367088607595,0.184848484848485,0.1797583081571,0.310240963855422,0.165413533834586,0.803571428571429,0.175334323922734,0.733931240657698,0.337461300309598,0.216793893129771,0.00298507462686567,0.612855007473842,0.613251155624037,0.3125,0.00782472613458529,0.303892215568862,0.406626506024096,0.688821752265861,0.302431610942249,0.685496183206107,0.864197530864197,0.167164179104478,0.945454545454545,0.46801872074883,0.170839469808542,0.925925925925926,0.602503912363067,0.2203125,0.171686746987952,0.446676970633694,0.519817073170732,0.459459459459459,0.157894736842105,0.0060882800608828,0.592248062015504,0.0075187969924812,0.714285714285714,0.321752265861027,0.176829268292683,0.772865853658537,0.919207317073171,0.350547730829421,0.174506828528073,0.188905547226387,0.00297176820208024,0.108562691131498
"159",0,0.00158227848101266,0.00158982511923688,0,0,0,0,0,0,0,0,0,0,0,0,0,0,0,0,0,0,0,0,0,0,0,0,0,0,0,0,0,0,0,0,0,0,0,0,0,0,0,0,0,0,0,0,0.00151515151515152,0.0015748031496063,0.0015625,0.00163398692810458,0,0.267605633802817,0.15541601255887,0.0015552099533437,0,0,0.00156739811912226,0.00791139240506329,0,0,0.00315457413249211,0,0.00161030595813205,0,0,0,0,0.00156985871271586,0.00161550888529887,0.0126382306477093,0,0,0,0,0.0016,0,0.00318979266347687,0.00796178343949045,0,0.0265210608424337,0,0.00306748466257669,0,0,0,0,0.00634920634920635,0,0.012779552715655,0,0,0.00157728706624606,0.00955414012738853,0,0,0.00318979266347687,0.867834394904459,0.661993769470405,0.656,0.569640062597809,0.258064516129032,0.156645569620253,0.165341812400636,0.765650080256822,0.28,0.6,0.450155763239875,0.293354943273906,0.210608424336973,0.00630914826498423,0.270181219110379,0.628930817610063,0.433544303797468,0.839228295819936,0.0031201248049922,0.179968701095462,0.655688622754491,0.325914149443561,0.15311004784689,0.71658615136876,0.0048,0.688888888888889,0.00476190476190476,0.660964230171073,0.942857142857143,0.452599388379205,0.00318471337579618,0.626749611197512,0.454404945904173,0.15506329113924,0.462757527733756,0.203791469194313,0.709726443768997,0.147727272727273,0.627692307692308,0.573189522342065,0.157635467980296,0.47196261682243,0.255150554675119,0.126782884310618,0.141955835962145,0.685847589424572,0.590837282780411,0.914691943127962,0.758998435054773,0.692068429237947,0.11198738170347,0.31911532385466,0.156589147286822,0.576862123613312,0.0046656298600311,0.173633440514469,0.520610687022901,0.545886075949367,0.00626959247648903,0.526655896607431,0.259659969088099,1,0.534181240063593,0.00473186119873817,0.00632911392405063,0.440124416796268,0.686804451510334,0.632148377125193,0.127186009538951,0.143086816720257,0.661290322580645,0.725,0.708074534161491,0.135670731707317,0.694488188976378,0.146302250803859,0.181669394435352,0.730210016155089,0.60126582278481,0.332273449920509,0.48538961038961,0.14170692431562,0.650470219435737,0.279937791601866,0.466565349544073,0.147515527950311,0.246031746031746,0.0048,0.752,0.63751987281399,0.15600624024961,0.160655737704918,0.148562300319489,0.666666666666667,0.607963246554365,0.263239875389408,0.632148377125193,0.940625,0.594507269789984,0.00477707006369427,0.00486223662884927,0.236928104575163,0.026984126984127,0.00796178343949045,0.554330708661417,0.00763358778625954,0.143533123028391,0.0107858243451464,0.218553459119497,0.523584905660377,0.426332288401254,0.540706605222734,0.16796267496112,0.147619047619048,0.704791344667697,0.628899835796388,0.561832061068702,0.451104100946372,0.252321981424149,0.538827258320127,0.24483306836248,0.189873417721519,0.00464396284829721,0.286153846153846,0.42902711323764,0.00306278713629403,0.302325581395349,0.330605564648118,0.00807754442649435,0.0031496062992126,0.436187399030695,0.406995230524642,0.463375796178344,0.00315955766192733,0.677570093457944,0.144499178981938,0.6765625,0.505709624796085,0.528682170542636,0.0046801872074883,0.455259026687598,0.204437400950872,0.4976,0.00478468899521531,0.00617283950617284,0.674772036474164,0.826923076923077
"160",0,0,0,0,0,0,0,0,0,0,0,0,0,0,0,0,0,0,0,0,0,0,0,0,0,0,0,0,0,0,0,0,0,0,0,0,0,0,0,0,0,0,0,0,0,0,0,0,0,0,0,0,0.0791925465838509,0.0285714285714286,0.00155038759689922,0,0,0,0.00314465408805031,0,0,0.0046583850931677,0,0.00158478605388273,0,0,0,0,0.00158478605388273,0.00157977883096367,0.00609756097560976,0,0,0,0,0.00157728706624606,0,0.00305810397553517,0.00628930817610063,0,0.0216383307573416,0,0.00304878048780488,0,0,0,0,0.00158227848101266,0,0.00458015267175573,0,0,0.00156739811912226,0.004739336492891,0,0,0.00154798761609907,0.424528301886792,0.407066052227343,0.425867507886435,0.981337480559876,0.20919175911252,0.00778816199376947,0.0125391849529781,0.456556082148499,0.324031007751938,0.9421875,0.867378048780488,0.389857369255151,0.546165884194053,0.00152671755725191,0.644012944983819,0.37442218798151,0.862284820031299,0.586261980830671,0.00152439024390244,0.0123839009287926,0.393393393393393,0.713178294573643,0.00641025641025641,0.448494453248811,0.00155763239875389,0.447900466562986,0,0.381761978361669,0.5265625,0.871449925261584,0.0015625,0.9125,0.862951807228916,0.028125,0.257009345794392,0.021875,0.413109756097561,0.00317460317460317,0.379573170731707,0.827906976744186,0.0048,0.329230769230769,0.0817901234567901,0.00154559505409583,0.0015625,0.437308868501529,0.614420062695925,0.49537037037037,0.441538461538462,0.430555555555556,0,0.705972434915773,0.0262345679012346,0.365203761755486,0.0015552099533437,0.117739403453689,0.995440729483283,0.9629057187017,0.00156494522691706,0.913875598086124,0.308157099697885,0.534181240063593,1,0.00153846153846154,0,0.869029275808937,0.440758293838863,0.506079027355623,0.00154798761609907,0.0016,0.412140575079872,0.432348367029549,0.460093896713615,0.00304878048780488,0.458204334365325,0.00323624595469256,0.0234375,0.384737678855326,0.361538461538462,0.713395638629283,0.495207667731629,0.00313479623824451,0.763803680981595,0.651090342679128,0.486567164179104,0.00766871165644172,0.643625192012289,0.00159235668789809,0.761755485893417,0.387301587301587,0.00771604938271605,0.0047244094488189,0.00317460317460317,0.414264036418816,0.372699386503067,0.65296803652968,0.388973966309342,0.520123839009288,0.370429252782194,0.0016,0,0.358064516129032,0.00154559505409583,0.0015527950310559,0.989130434782609,0.00151975683890578,0.104863221884498,0.00151975683890578,0.58641975308642,0.979938271604938,0.602465331278891,0.329754601226994,0.0061633281972265,0.00473186119873817,0.3198127925117,0.377633711507293,0.996951219512195,0.914196567862715,0.630265210608424,0.9984375,0.646031746031746,0.44811320754717,0.00149700598802395,0.291731669266771,0.859399684044234,0,0.382530120481928,0.719685039370079,0.00158730158730159,0,0.862179487179487,0.806552262090484,0.858461538461538,0,0.446841294298921,0.00480769230769231,0.414110429447853,0.462662337662338,0.980152671755725,0.00157232704402516,0.459876543209877,0.313178294573643,0.967136150234742,0.00156739811912226,0.00154559505409583,0.430493273542601,0.584639498432602
"161",0.61875,0.613057324840764,0.580542264752791,0.593004769475358,0,0,0,0,0,0,0,0,0,0,0,0,0,0,0,0,0,0,0,0,0,0,0,0,0,0,0,0,0,0,0,0,0,0,0,0,0,0,0,0,0,0,0,0.616923076923077,0.621664050235479,0.604327666151468,0.591194968553459,0.0178282009724473,0,0,0.00940438871473354,0.0207667731629393,0.0108527131782946,0.00930232558139535,0.0064,0.012779552715655,0.015527950310559,0.00796178343949045,0.0128205128205128,0.0113636363636364,0.0172684458398744,0.0156739811912226,0.0140625,0.0295489891135303,0.0142405063291139,0.0111642743221691,0,0.0109375,0.0111287758346582,0.0142405063291139,0.010752688172043,0.00946372239747634,0.0112179487179487,0.0110236220472441,0.00797448165869218,0.0138674884437596,0,0.0144230769230769,0.0108191653786708,0.0156739811912226,0.0108695652173913,0.0122511485451761,0.0156739811912226,0.00784929356357928,0.0141955835962145,0,0.0142630744849445,0.0156739811912226,0.0111821086261981,0,0.00963081861958266,0.0138888888888889,1,0.00788643533123028,0.00155038759689922,0.00161030595813205,0,0.238325281803543,0.520700636942675,0.482059282371295,0.00159235668789809,0.15541601255887,0.00158478605388273,0.00157728706624606,0.154351395730706,0.115141955835962,1,0.0554649265905383,0,0.00158227848101266,0.00159489633173844,1,0.504731861198738,0,0.00791139240506329,0.51219512195122,0,1,0.00158478605388273,1,0.00156739811912226,0.0254777070063694,0.00153609831029186,1,0.00155763239875389,0.00154083204930663,0.428571428571429,0.194620253164557,0.484944532488114,0.00152671755725191,0.52827140549273,0,0.00154320987654321,0.50814332247557,0.143987341772152,0.573482428115016,0.573846153846154,0.560126582278481,0.00155763239875389,0.00322061191626409,0.003125,0.00158478605388273,0.00155763239875389,0.746774193548387,0.0109375,0.421875,0.00159489633173844,0.998444790046656,0.31911532385466,0.00154320987654321,0,1,0.00161290322580645,0.163358778625954,0.00473186119873817,0.00153846153846154,1,0.851674641148325,0.00157232704402516,0.00161550888529887,0.00152905198776758,0.580441640378549,0.572337042925278,0.00160513643659711,0.00158982511923688,0.00158478605388273,0.53858024691358,0.0015552099533437,0.50487012987013,0.442834138486312,0.0360065466448445,0.00157728706624606,0.00964630225080386,0.00322061191626409,0.544303797468354,0.00154083204930663,0.0535433070866142,0.0121212121212121,0.506230529595016,0.0788253477588872,1,0,0.00160513643659711,0.517884914463453,0.502415458937198,0.534733441033926,0.00154559505409583,0.00153609831029186,0.0467289719626168,0.00154083204930663,0.015600624024961,0.00160771704180064,1,1,0.170212765957447,0.978056426332288,1,0,1,0.34789391575663,1,0.110419906687403,0.00158227848101266,0.364779874213836,0.00154083204930663,0.516768292682927,0.520128824476651,0.015748031496063,0.00166112956810631,0.00153139356814701,0,0.073208722741433,0.00159744408945687,0.0663507109004739,0.151033386327504,1,0.168769716088328,0.0015748031496063,1,0.0984615384615385,0.00807754442649435,0.943986820428336,0.973684210526316,0.00159489633173844,0.00156985871271586,0.00158982511923688,1,0.00156739811912226,0.527004909983633,0.00156739811912226,0.0195758564437194,0.00156494522691706,1,0.01875,0.208074534161491,0.0016025641025641,1,0.982892690513219,0.00153374233128834,0.0015625
"162",0.595611285266458,0.569823434991974,0.534621578099839,0.518225039619651,0,0,0,0,0,0,0,0,0,0,0,0,0,0,0,0,0,0,0,0,0,0,0,0,0,0,0,0,0,0,0,0,0,0,0,0,0,0,0,0,0,0,0,0.5895865237366,0.592,0.565420560747664,0.524879614767255,0.0264026402640264,0,0,0.00941915227629513,0.0257234726688103,0.0144,0.0110759493670886,0.00648298217179903,0.0126382306477093,0.0156739811912226,0.0111464968152866,0.01743264659271,0.0115131578947368,0.0186625194401244,0.017515923566879,0.0125786163522013,0.0237717908082409,0.0159489633173844,0.0128410914927769,0,0.0125984251968504,0.0129032258064516,0.0128617363344051,0.0125,0.014218009478673,0.0159744408945687,0.0144694533762058,0.00977198697068404,0.0142630744849445,0,0.0161290322580645,0.00927357032457496,0.01743264659271,0.0125,0.015625,0.0159235668789809,0.00969305331179321,0.016,0,0.0164473684210526,0.0188383045525903,0.0127591706539075,0,0.0143769968051118,0.0141955835962145,0.857374392220421,0.0128,0.00154559505409583,0.00159744408945687,0.0015748031496063,0.379421221864952,0.663461538461538,0.631832797427653,0,0.312893081761006,0.00161290322580645,0.00628930817610063,0.292483660130719,0.240566037735849,0.844827586206897,0.150729335494327,0.0015625,0.00646203554119548,0.00160771704180064,0.849293563579278,0.622641509433962,0.0015220700152207,0.0870967741935484,0.669934640522876,0.00160771704180064,0.862179487179487,0.00158730158730159,0.849025974025974,0.00157232704402516,0.0227272727272727,0.00777604976671851,0.838050314465409,0.0015748031496063,0.00465116279069767,0.587579617834395,0.3088,0.604166666666667,0.0015552099533437,0.663987138263666,0,0.00949367088607595,0.648692810457516,0.242088607594937,0.530326594090202,0.692913385826772,0.660883280757098,0,0.0478468899521531,0.00782472613458529,0.00159489633173844,0.00154798761609907,0.720967741935484,0.0956112852664577,0.583067092651757,0.00159489633173844,0.858712715855573,0.486223662884927,0.00156494522691706,0.00158478605388273,0.863422291993721,0.00162074554294976,0.314728682170543,0.00632911392405063,0,0.851674641148325,1,0.00313971742543171,0.0016,0.0015552099533437,0.692551505546751,0.655948553054662,0.00163398692810458,0.00158478605388273,0,0.673374613003096,0.00157232704402516,0.655574043261231,0.57799671592775,0.092436974789916,0.0016,0.0936507936507937,0.106280193236715,0.678288431061807,0.0062992125984252,0.140378548895899,0.120743034055728,0.638888888888889,0.172248803827751,0.847266881028939,0.00158730158730159,0.00163132137030995,0.66403785488959,0.651612903225806,0.666131621187801,0.00155763239875389,0.0015600624024961,0.143307086614173,0.00156739811912226,0.0172413793103448,0.00161290322580645,0.855072463768116,0.848534201954397,0.331168831168831,0.814696485623003,0.84430176565008,0.00158478605388273,0.855365474339036,0.509375,0.85243328100471,0.213836477987421,0,0.231012658227848,0.00154798761609907,0.641744548286604,0.662379421221865,0.059375,0.00168350168350168,0.00156985871271586,0.00160513643659711,0.177847113884555,0.00159744408945687,0.154975530179445,0.298217179902755,0.848673946957878,0.296703296703297,0.00813008130081301,0.861586314152411,0.251170046801872,0.0870967741935484,0.91747572815534,0.884676145339652,0.00496688741721854,0.0363924050632911,0.00478468899521531,0.85214626391097,0.00156739811912226,0.658536585365854,0.00157728706624606,0.121710526315789,0.00156739811912226,0.845541401273885,0.126782884310618,0.359177215189873,0.00163398692810458,0.854812398042414,0.875,0.0015625,0
"163",0,0,0,0,0,0,0,0,0,0,0,0,0,0,0,0,0,0,0,0,0,0,0,0,0,0,0,0,0,0,0,0,0,0,0,0,0,0,0,0,0,0,0,0,0,0,0,0,0,0,0,0,0.0278207109737249,0.00610687022900763,0.00155038759689922,0,0,0,0.00464396284829721,0,0,0.00473186119873817,0,0.0015748031496063,0,0,0,0,0,0.00156739811912226,0.0062111801242236,0,0,0,0,0.00155763239875389,0,0.00154559505409583,0.0094488188976378,0,0.00631911532385466,0,0.00151285930408472,0,0,0,0,0.00473186119873817,0,0.0060790273556231,0,0,0,0.00625,0,0,0.00159235668789809,0.335394126738794,0.28416149068323,0.28414442700157,0.852941176470588,0.343450479233227,0.0623052959501558,0.087962962962963,0.3140625,0.463678516228748,0.804381846635368,1,0.5168,0.683720930232558,0.00152439024390244,0.790064102564103,0.24922600619195,0.996850393700787,0.458135860979463,0.00151515151515152,0.0641221374045802,0.278688524590164,0.855572998430141,0.0507131537242472,0.32120253164557,0.00158982511923688,0.314241486068111,0,0.280431432973806,0.417061611374408,0.998496240601504,0.00156494522691706,0.813479623824451,0.997019374068554,0.154205607476636,0.292834890965732,0.0829420970266041,0.298642533936652,0.0525477707006369,0.273570324574961,0.828746177370031,0.0512820512820513,0.37111801242236,0.108191653786708,0.0140845070422535,0.0305810397553517,0.298937784522003,0.650546021840874,0.396604938271605,0.302936630602782,0.300153139356815,0,0.845916795069337,0.157320872274143,0.265210608424337,0.0015527950310559,0.263565891472868,0.880368098159509,0.908668730650155,0.0015625,0.932907348242812,0.437978560490046,0.440124416796268,0.869029275808937,0.00157232704402516,0.00313971742543171,1,0.30298273155416,0.386806596701649,0.0205371248025276,0.0159744408945687,0.287066246056782,0.313572542901716,0.32093023255814,0.0501519756838906,0.312307692307692,0.0596774193548387,0.123809523809524,0.343499197431782,0.26840490797546,0.853543307086614,0.61875,0.0476947535771065,0.787692307692308,0.79320987654321,0.62962962962963,0.0706605222734255,0.76840490797546,0.00157977883096367,0.620743034055728,0.279179810725552,0.0540958268933539,0.0575079872204473,0.0412698412698413,0.284839203675345,0.249614791987673,0.800302571860817,0.275914634146341,0.417565485362096,0.269413629160063,0.00158227848101266,0,0.487261146496815,0.00154559505409583,0.00156739811912226,0.875389408099688,0.00149925037481259,0.252279635258359,0.00151285930408472,0.733436055469954,0.890282131661442,0.56298600311042,0.234756097560976,0.0666666666666667,0.0528,0.246153846153846,0.2859450726979,0.865963855421687,0.958841463414634,0.768518518518518,0.877742946708464,0.788888888888889,0.595238095238095,0.00151975683890578,0.4140625,1,0,0.518910741301059,0.862123613312203,0.00158478605388273,0,0.993759750390016,0.945820433436533,1,0,0.30625,0.0540540540540541,0.293846153846154,0.497560975609756,0.902627511591963,0.00159489633173844,0.564742589703588,0.463790446841294,0.921875,0.00159744408945687,0.00152905198776758,0.301515151515152,0.4578125
"164",0,0.00158982511923688,0.0063391442155309,0.00479233226837061,0,0,0,0,0,0,0,0,0,0,0,0,0,0,0,0,0,0,0.00158730158730159,0,0,0,0,0,0,0,0,0,0,0,0,0,0,0,0,0,0,0,0,0,0,0,0,0.0015600624024961,0.00158478605388273,0.00625,0.00643086816720257,0,0.555205047318612,0.415360501567398,0,0,0,0.014218009478673,0.00318979266347687,0,0,0,0,0,0,0,0,0,0,0,0.0301587301587302,0.00946372239747634,0,0,0,0,0,0,0.00321543408360129,0,0.112698412698413,0,0,0,0,0,0,0.0048,0,0.0283464566929134,0,0,0,0.0209339774557166,0,0.00155038759689922,0.0032520325203252,0.800970873786408,0.901898734177215,0.996830427892235,0.474603174603175,0.00160771704180064,0.00318979266347687,0.00321027287319422,0.959807073954984,0.0126182965299685,0.507861635220126,0.311216429699842,0.0180623973727422,0.035426731078905,0.00312989045383412,0.101973684210526,0.956112852664577,0.298701298701299,0.812603648424544,0.00158730158730159,0.0094488188976378,0.939209726443769,0.170692431561997,0.00323101777059774,0.988654781199352,0.00158730158730159,0.984227129337539,0.0016,0.917065390749601,0.706539074960128,0.301369863013699,0.00156494522691706,0.464342313787639,0.30030959752322,0.00314465408805031,0.223491027732463,0.0287081339712919,0.975384615384615,0.00321543408360129,0.914826498422713,0.370839936608558,0.0033003300330033,0.223454833597464,0.0561622464898596,0.00316455696202532,0.00161290322580645,0.989045383411581,0.255216693418941,0.73469387755102,0.92515923566879,0.998439937597504,0.00160513643659711,0.15955766192733,0.00159744408945687,0.896940418679549,0.00317460317460317,0.00160771704180064,0.437694704049844,0.400318979266348,0.00314465408805031,0.370786516853933,0.0061633281972265,0.686804451510334,0.440758293838863,0.00161550888529887,0.0016,0.30298273155416,1,0.8375,0.00322061191626409,0.00326797385620915,0.988599348534202,0.961538461538462,0.96998420221169,0.003125,0.981220657276995,0.00164203612479475,0.00324149108589951,0.491749174917492,0.902053712480253,0.166402535657686,0.170454545454545,0.00162866449511401,0.385826771653543,0.106349206349206,0.167692307692308,0.00155038759689922,0.0738993710691824,0.00321027287319422,0.680445151033386,0.900641025641026,0.00950871632329636,0.00161290322580645,0.00160771704180064,0.998435054773083,0.931746031746032,0.109350237717908,0.939157566302652,0.71606864274571,0.904684975767367,0.0032626427406199,0.0016260162601626,0.00503355704697987,0.00956937799043062,0.00317965023847377,0.426984126984127,0.00308166409861325,0.00311526479750779,0.00311526479750779,0.0448916408668731,0.41786283891547,0.3198127925117,0.869085173501577,0.00315457413249211,0.00158982511923688,0.626003210272873,0.922824302134647,0.454545454545455,0.337559429477021,0.0817610062893082,0.437699680511182,0.0842787682333874,0.00952380952380952,0.00154320987654321,0.0078740157480315,0.292682926829268,0.00151975683890578,0.0450310559006211,0.160655737704918,0.00320512820512821,0.00157728706624606,0.296416938110749,0.245641838351823,0.308917197452229,0,0.9952,0.00162337662337662,0.995297805642633,0.220563847429519,0.425,0.0016025641025641,0.161648177496038,0.00159489633173844,0.390675241157556,0.00323624595469256,0.00309597523219814,0.993680884676145,0.805466237942122
"165",0,0.00154798761609907,0.00153374233128834,0,0,0,0,0,0,0,0,0,0,0,0,0,0,0,0,0,0,0,0,0,0,0,0,0,0,0,0,0,0,0,0,0,0,0,0,0,0,0,0,0,0,0,0,0.0014792899408284,0.00153846153846154,0.00151975683890578,0.0015625,0,0.551829268292683,0.428355957767722,0,0,0,0.0015015015015015,0.00619195046439629,0,0,0,0,0.0015600624024961,0,0,0,0,0,0,0.0243531202435312,0,0,0,0,0,0,0,0.00631911532385466,0,0.0684931506849315,0,0.0014903129657228,0,0,0,0,0.0078125,0,0.022189349112426,0,0,0,0.0171875,0,0,0.00313971742543171,0.6984375,0.915915915915916,0.8328173374613,0.524242424242424,0.00940438871473354,0.00310077519379845,0.00310077519379845,0.814641744548287,0.0167173252279635,0.571207430340557,0.38109756097561,0.0326594090202177,0.06797583081571,0.00305343511450382,0.168789808917197,0.812688821752266,0.376175548589342,0.821875,0.00150375939849624,0.00305343511450382,0.906295754026354,0.234472049689441,0.00313479623824451,0.8578125,0.00153609831029186,0.874809160305344,0.0015600624024961,0.899536321483771,0.608628659476117,0.384155455904335,0.00152905198776758,0.567484662576687,0.382660687593423,0.00305343511450382,0.173312883435583,0.00772797527047913,0.837313432835821,0.0031201248049922,0.898305084745763,0.407518796992481,0.00316957210776545,0.186153846153846,0.0154320987654321,0.00305343511450382,0.00155038759689922,0.858447488584475,0.304347826086957,0.643072289156627,0.799086757990868,0.862537764350453,0.00156494522691706,0.244712990936556,0.00151975683890578,0.886996904024768,0.00303490136570561,0.00153609831029186,0.493993993993994,0.457886676875957,0.00304878048780488,0.465299684542587,0.0164179104477612,0.632148377125193,0.506079027355623,0.00152905198776758,0.0015552099533437,0.386806596701649,0.8375,1,0.0031055900621118,0.00308641975308642,0.855140186915888,0.836140888208269,0.852484472049689,0.00298507462686567,0.874622356495468,0.00156985871271586,0.00313479623824451,0.415064102564103,0.903225806451613,0.239130434782609,0.218461538461538,0.0015625,0.490015360983103,0.16969696969697,0.168639053254438,0.00150829562594268,0.150684931506849,0.00316455696202532,0.755384615384615,0.896875,0.00151745068285281,0.00156494522691706,0.00154320987654321,0.831111111111111,0.847432024169184,0.174962292609351,0.890909090909091,0.602760736196319,0.886970172684458,0.00310077519379845,0.00154559505409583,0.00946372239747634,0.0030441400304414,0.00309119010819165,0.52833078101072,0.00297619047619048,0.00307219662058372,0.00297176820208024,0.107575757575758,0.470679012345679,0.310291858678955,0.854572713643178,0.00299850074962519,0.00156494522691706,0.545176110260337,0.87741935483871,0.515015015015015,0.42530487804878,0.155120481927711,0.506891271056662,0.160796324655436,0.0338983050847458,0.00148588410104012,0.0199081163859112,0.366197183098592,0.00146842878120411,0.0610119047619048,0.236593059936909,0.00314465408805031,0.0015220700152207,0.390015600624025,0.325227963525836,0.384615384615385,0,0.855403348554033,0.00158478605388273,0.84031007751938,0.20414673046252,0.492354740061162,0.00152439024390244,0.18944099378882,0.00622083981337481,0.460093896713615,0.00309597523219814,0.00298953662182362,0.831091180866966,0.812121212121212
"166",0.287284144427002,0.279552715654952,0.256735340729002,0.237096774193548,0,0,0,0,0,0,0,0,0,0,0,0,0,0,0,0,0,0,0,0,0,0,0,0,0,0,0,0,0,0,0,0,0,0,0,0,0,0,0,0,0,0,0,0.299847792998478,0.290625,0.278740157480315,0.253993610223642,0.0293159609120521,0,0,0.0155763239875389,0.0256,0.0203761755485893,0.0141287284144427,0.0111642743221691,0.0186335403726708,0.0219435736677116,0.0126782884310618,0.0219092331768388,0.0177705977382876,0.02660406885759,0.0238473767885533,0.0203125,0.0280811232449298,0.0236593059936909,0.0194489465153971,0,0.0189274447949527,0.0173501577287066,0.0188679245283019,0.0184899845916795,0.018957345971564,0.0191082802547771,0.020440251572327,0.0128617363344051,0.0218408736349454,0,0.018957345971564,0.0168195718654434,0.0231481481481481,0.0186046511627907,0.021671826625387,0.0231124807395994,0.0159489633173844,0.0220125786163522,0,0.0221870047543582,0.0233281493001555,0.0175438596491228,0,0.0208,0.0184899845916795,0.573717948717949,0.14622641509434,0.0031104199066874,0.00317460317460317,0.00153846153846154,0.656451612903226,0.960191082802548,0.905956112852665,0.035031847133758,0.528125,0.00317460317460317,0.0263975155279503,0.472668810289389,0.32755905511811,0.582554517133956,0.219869706840391,0.00156494522691706,0.0129449838187702,0.00644122383252818,0.564742589703588,0.951181102362205,0.00151745068285281,0.168557536466775,0.967845659163987,0.00162866449511401,0.584126984126984,0.00314465408805031,0.559105431309904,0.00313479623824451,0.153968253968254,0.027231467473525,0.582664526484751,0.00470957613814757,0.0217729393468118,0.823809523809524,0.59748427672956,0.909379968203498,0.0258358662613982,0.967532467532468,0.00154320987654321,0.107309486780715,0.965023847376789,0.548989113530327,0.786707882534776,0.995207667731629,0.996845425867508,0.00157728706624606,0.297939778129952,0.146919431279621,0.0606531881804044,0.003125,0.832,0.180094786729858,0.829953198127925,0.00314465408805031,0.583724569640063,0.722852512155592,0.00307219662058372,0.0125984251968504,0.575757575757576,0.00474683544303797,0.55640243902439,0.127186009538951,0.00154798761609907,0.580441640378549,0.692551505546751,0.0205371248025276,0.00322061191626409,0.0031055900621118,1,0.985576923076923,0.00483091787439614,0.0253565768621236,0.0222575516693164,0.975497702909648,0.0031104199066874,0.961038961038961,0.897058823529412,0.378688524590164,0.00309597523219814,0.1632,0.367909238249595,0.971383147853736,0.0816640986132511,0.218210361067504,0.360606060606061,0.923076923076923,0.237209302325581,0.573743922204214,0.0015748031496063,0.00318979266347687,0.956181533646322,0.950980392156863,0.974522292993631,0.00309597523219814,0.00309597523219814,0.203442879499218,0.00311526479750779,0.146604938271605,0.00328407224958949,0.591054313099042,0.577170418006431,0.49344262295082,0.606918238993711,0.584518167456556,0.0015527950310559,0.568075117370892,0.730529595015576,0.584615384615385,0.286594761171032,0.00157977883096367,0.236593059936909,0.00309597523219814,0.951788491446345,0.962962962962963,0.332298136645963,0.00491803278688525,0.00310077519379845,0.00156494522691706,0.24537037037037,0.00315955766192733,0.222222222222222,0.402208201892744,0.573596358118361,0.584251968503937,0.0192307692307692,0.579754601226994,0.467275494672755,0.164012738853503,0.638263665594855,0.599369085173502,0.0327868852459016,0.0680379746835443,0.0221518987341772,0.578052550231839,0.0031201248049922,0.966074313408724,0.0046875,0.4368,0.00311526479750779,0.58740157480315,0.410377358490566,0.517884914463453,0.00325732899022801,0.569823434991974,0.592248062015504,0.00309119010819165,0.0047244094488189
"167",0.288643533123028,0.279293739967897,0.260663507109005,0.237560192616372,0,0,0,0,0,0,0,0,0,0,0,0,0,0,0,0,0,0,0,0,0,0,0,0,0,0,0,0,0,0,0,0,0,0,0,0,0,0,0,0,0,0,0,0.294392523364486,0.287519747235387,0.279937791601866,0.256821829855538,0.026578073089701,0,0,0.0142630744849445,0.0237717908082409,0.018957345971564,0.0125195618153365,0.0096,0.0189873417721519,0.0203125,0.0126582278481013,0.0209339774557166,0.0163398692810458,0.0250391236306729,0.0222575516693164,0.0203761755485893,0.0254777070063694,0.0225806451612903,0.0182119205298013,0,0.0172684458398744,0.0161550888529887,0.0174880763116057,0.018957345971564,0.0172955974842767,0.0177133655394525,0.0192616372391653,0.0114192495921697,0.0206022187004754,0,0.0173228346456693,0.0168195718654434,0.0221169036334913,0.0185471406491499,0.0217391304347826,0.0232558139534884,0.0144,0.0205047318611987,0,0.022508038585209,0.0217391304347826,0.0158730158730159,0,0.0194489465153971,0.0174880763116057,0.574675324675325,0.167721518987342,0.00315457413249211,0.00325732899022801,0.00158982511923688,0.651315789473684,0.939968404423381,0.89792663476874,0.0308943089430894,0.528662420382166,0.00319488817891374,0.0205047318611987,0.450885668276973,0.289308176100629,0.568037974683544,0.175697865353038,0.00157232704402516,0.00801282051282051,0.00482315112540193,0.563091482649842,0.931854199683043,0.00154320987654321,0.136363636363636,0.958064516129032,0.00163398692810458,0.57051282051282,0.00318471337579618,0.55877616747182,0.00318979266347687,0.170886075949367,0.0201550387596899,0.565916398713826,0.00314465408805031,0.0169491525423729,0.819047619047619,0.610142630744849,0.893719806763285,0.021505376344086,0.949919224555735,0.0031496062992126,0.113884555382215,0.945812807881773,0.5616,0.804107424960506,0.988906497622821,0.977671451355662,0.0016025641025641,0.303225806451613,0.181533646322379,0.0758293838862559,0.00314465408805031,0.858044164037855,0.142635658914729,0.821036106750393,0.00321543408360129,0.579113924050633,0.711356466876972,0.00316957210776545,0.0110935023771791,0.5632,0.00323101777059774,0.545454545454545,0.143086816720257,0.0016,0.572337042925278,0.655948553054662,0.0159744408945687,0.00326797385620915,0.00308641975308642,0.985576923076923,1,0.00648298217179903,0.0208,0.0193236714975845,0.95679012345679,0.00315955766192733,0.935537190082645,0.890322580645161,0.40567612687813,0.00313479623824451,0.13322632423756,0.36525974025974,0.951534733441034,0.0883280757097792,0.181674565560821,0.368258859784284,0.909235668789809,0.198412698412698,0.552117263843648,0.00161290322580645,0.00323101777059774,0.941915227629513,0.931089743589744,0.956869009584665,0.0031055900621118,0.0031201248049922,0.172741679873217,0.0031201248049922,0.167456556082148,0.0033003300330033,0.581993569131833,0.573692551505547,0.474631751227496,0.605678233438486,0.575277337559429,0.00158982511923688,0.55748031496063,0.717391304347826,0.570754716981132,0.2421875,0.00161290322580645,0.232594936708861,0.0031201248049922,0.9265625,0.941653160453809,0.359177215189873,0.00492610837438424,0.00312989045383412,0.00157728706624606,0.200636942675159,0.00315457413249211,0.185303514376997,0.378594249201278,0.565485362095532,0.584126984126984,0.014308426073132,0.569044006069803,0.456964006259781,0.13474025974026,0.621405750798722,0.585557299843014,0.0228384991843393,0.0518867924528302,0.0145161290322581,0.56782334384858,0.00317460317460317,0.951612903225806,0.00637958532695375,0.446488294314381,0.00317460317460317,0.581358609794629,0.417197452229299,0.504823151125402,0.0032520325203252,0.567092651757188,0.578616352201258,0.00314465408805031,0.00159235668789809
"168",0,0.00161812297734628,0.00649350649350649,0.0048780487804878,0,0,0,0,0,0,0,0,0,0,0,0,0,0,0,0,0,0,0,0,0,0,0,0,0,0,0,0,0,0,0,0,0,0,0,0,0,0,0,0,0,0,0,0.0015552099533437,0.00161550888529887,0.00641025641025641,0.00645161290322581,0,0.573667711598746,0.450155763239875,0.00158730158730159,0,0,0.0110062893081761,0.00162866449511401,0,0,0,0,0.00164203612479475,0,0,0,0,0,0.00163132137030995,0.0256821829855538,0.00632911392405063,0,0,0,0.00161290322580645,0,0.00160513643659711,0.00161812297734628,0,0.107936507936508,0,0.0015600624024961,0,0,0,0,0.00485436893203883,0,0.0222929936305732,0,0,0,0.0161030595813204,0,0.00157977883096367,0.00325732899022801,0.7872,0.918918918918919,0.987034035656402,0.443037974683544,0.00162337662337662,0.00485436893203883,0.0032626427406199,0.954983922829582,0.00796178343949045,0.4816,0.277777777777778,0.0145395799676898,0.0321027287319422,0.00316957210776545,0.0881863560732113,0.954113924050633,0.274671052631579,0.797385620915033,0.00158478605388273,0.00813008130081301,0.950844854070661,0.15569823434992,0.00656814449917898,0.981937602627258,0.00162074554294976,0.982511923688394,0.00163934426229508,0.929032258064516,0.678048780487805,0.289719626168224,0.00161030595813205,0.449044585987261,0.290171606864275,0.00320512820512821,0.221324717285945,0.025974025974026,0.975116640746501,0.0065359477124183,0.933227344992051,0.361904761904762,0.00662251655629139,0.214170692431562,0.0412698412698413,0.00322061191626409,0.00487012987012987,0.987117552334944,0.257281553398058,0.72408293460925,0.9136,0.995305164319249,0.00162074554294976,0.148562300319489,0.00159744408945687,0.909677419354839,0.0032,0.00159489633173844,0.409375,0.374800637958533,0.00316455696202532,0.359143327841845,0.00623052959501558,0.661290322580645,0.412140575079872,0.00160513643659711,0.00163398692810458,0.287066246056782,0.988599348534202,0.855140186915888,0.00483091787439614,0.00648298217179903,1,0.97092084006462,0.97275641025641,0.0062992125984252,0.976303317535545,0.00506756756756757,0.0066334991708126,0.483388704318937,0.911811023622047,0.1584,0.165562913907285,0.00319488817891374,0.371428571428571,0.0981012658227848,0.149691358024691,0.00311526479750779,0.0625,0.0032258064516129,0.665056360708535,0.916129032258065,0.0110759493670886,0.00487012987012987,0.00320512820512821,0.989028213166144,0.935023771790808,0.0984126984126984,0.950715421303657,0.682847896440129,0.911519198664441,0.00323624595469256,0.00162866449511401,0.00327332242225859,0.00955414012738853,0.00322061191626409,0.412044374009509,0.00314465408805031,0.0031496062992126,0.003125,0.0408163265306122,0.397394136807818,0.274322169059011,0.886255924170616,0.0047244094488189,0.00328947368421053,0.626391096979332,0.937710437710438,0.424528301886792,0.324881141045959,0.0643642072213501,0.414173228346457,0.0829268292682927,0.00641025641025641,0.0015552099533437,0.0113268608414239,0.27479674796748,0.00155038759689922,0.0404984423676012,0.143790849673203,0.00327332242225859,0.00159489633173844,0.29159802306425,0.23482428115016,0.288709677419355,0,0.990461049284579,0.00162074554294976,0.995275590551181,0.221476510067114,0.401253918495298,0.0016025641025641,0.159163987138264,0.00157728706624606,0.371753246753247,0.00320512820512821,0.0031104199066874,0.9858934169279,0.792452830188679
"169",0,0.00159235668789809,0.00477707006369427,0.00313479623824451,0,0,0,0,0,0,0,0,0,0,0,0,0,0,0,0,0,0,0,0,0,0,0,0,0,0,0,0,0,0,0,0,0,0,0,0,0,0,0,0,0,0,0,0.00151975683890578,0.00156494522691706,0.00462962962962963,0.00476190476190476,0,0.529780564263323,0.405572755417957,0.0015552099533437,0,0,0.0093603744149766,0.00635930047694754,0,0,0,0,0.00161550888529887,0,0,0,0,0,0.00159744408945687,0.0263565891472868,0.0062992125984252,0,0,0,0.00156739811912226,0,0.00155038759689922,0.00476947535771065,0,0.0876369327073552,0,0.0030441400304414,0,0,0,0,0.00783699059561128,0,0.0201863354037267,0,0,0,0.0176,0,0.00153139356814701,0.0032,0.836734693877551,0.890625,0.948717948717949,0.463901689708141,0.0267295597484277,0.0220820189274448,0.019047619047619,0.9792663476874,0.0153609831029186,0.507020280811232,0.306501547987616,0.026984126984127,0.0438871473354232,0.00311526479750779,0.106623586429725,0.913713405238829,0.296825396825397,0.82670906200318,0.00156985871271586,0.0340030911901082,0.924812030075188,0.177777777777778,0.0262295081967213,0.969936708860759,0.00159235668789809,0.97196261682243,0.00156985871271586,0.89776357827476,0.731319554848967,0.307458143074581,0.0015625,0.478672985781991,0.314503816793893,0.0140845070422535,0.26875,0.0582677165354331,0.995461422087746,0.0261011419249592,0.89922480620155,0.400936037441498,0.024232633279483,0.264797507788162,0.0858034321372855,0.0185758513931889,0.0222222222222222,0.970679012345679,0.294488188976378,0.755070202808112,0.946875,0.972222222222222,0.0129032258064516,0.1671875,0.0108359133126935,0.867088607594937,0.0031055900621118,0.00943396226415094,0.43701399688958,0.3953125,0.003125,0.378029079159935,0.0210843373493976,0.725,0.432348367029549,0.00158982511923688,0.00158478605388273,0.313572542901716,0.961538461538462,0.836140888208269,0.0253565768621236,0.0208,0.97092084006462,1,1,0.0167682926829268,0.968847352024922,0.0241935483870968,0.0292682926829268,0.532154340836013,0.872274143302181,0.177394034536892,0.207936507936508,0.0188679245283019,0.416796267496112,0.117829457364341,0.197268588770865,0.0168970814132104,0.0803149606299213,0.00315955766192733,0.695102685624013,0.880191693290735,0.0313479623824451,0.0253565768621236,0.0236593059936909,0.952453987730061,0.898021308980213,0.123839009287926,0.911353032659409,0.72952086553323,0.8743961352657,0.00320512820512821,0.00157728706624606,0.0112,0.0202492211838006,0.00317460317460317,0.431007751937985,0.00310077519379845,0.00464396284829721,0.0030441400304414,0.0520504731861199,0.421800947867299,0.319314641744548,0.833590138674884,0.0202177293934681,0.0144694533762058,0.658385093167702,0.898387096774194,0.443759630200308,0.354134165366615,0.093167701863354,0.4359375,0.0985691573926868,0.0155038759689922,0.00150602409638554,0.0387596899224806,0.293563579277865,0.00151975683890578,0.0554699537750385,0.182985553772071,0.00323101777059774,0.0015527950310559,0.304140127388535,0.248826291079812,0.3,0,0.957345971563981,0.0162337662337662,0.961300309597523,0.26904376012966,0.412403100775194,0.00157977883096367,0.199059561128527,0.0046875,0.38375796178344,0.00315457413249211,0.00306748466257669,0.947772657450077,0.819776714513557
"170",0,0,0.00316957210776545,0.00321543408360129,0,0,0,0,0,0,0,0,0,0,0,0,0,0,0,0,0,0,0,0,0,0,0,0,0,0,0,0,0,0,0,0,0,0,0,0,0,0,0,0,0,0,0,0,0,0.0031104199066874,0.00320512820512821,0,0.506211180124224,0.395672333848532,0.00154798761609907,0,0,0.00773993808049536,0.00628930817610063,0,0,0,0,0.0016,0,0,0,0,0,0.0015748031496063,0.0280811232449298,0.00315457413249211,0,0,0,0.0015600624024961,0,0.00159235668789809,0.00489396411092985,0,0.0984375,0,0.00305343511450382,0,0,0,0,0.00794912559618442,0,0.0232919254658385,0,0,0,0.019047619047619,0,0,0.00156985871271586,0.813990461049285,0.892141756548536,0.957074721780604,0.480680061823802,0.0210016155088853,0.020440251572327,0.014218009478673,0.973270440251572,0.0107692307692308,0.530516431924883,0.31496062992126,0.0243506493506494,0.0408805031446541,0.00155763239875389,0.107667210440457,0.918711656441718,0.304700162074554,0.815409309791332,0.00156739811912226,0.0291411042944785,0.928571428571429,0.174726989079563,0.0219092331768388,0.972929936305732,0.00158982511923688,0.979623824451411,0,0.902053712480253,0.719936708860759,0.316816816816817,0.00157977883096367,0.492211838006231,0.320493066255778,0.0125786163522013,0.266561514195584,0.0555555555555556,0.996965098634294,0.0226171243941842,0.90077519379845,0.41112828438949,0.0210696920583468,0.263322884012539,0.0720858895705521,0.0140625,0.0218408736349454,0.978494623655914,0.314873417721519,0.752351097178683,0.940438871473354,0.976958525345622,0.00949367088607595,0.166412213740458,0.00782472613458529,0.865293185419968,0.0015625,0.00793650793650794,0.45468509984639,0.409020217729393,0.00156985871271586,0.386581469648562,0.0167682926829268,0.708074534161491,0.460093896713615,0.00158478605388273,0,0.32093023255814,0.96998420221169,0.852484472049689,0.0222575516693164,0.0193236714975845,0.97275641025641,1,1,0.0153846153846154,0.980891719745223,0.0228384991843393,0.0254372019077901,0.558292282430213,0.868012422360248,0.170347003154574,0.203470031545741,0.0145867098865478,0.413522012578616,0.115919629057187,0.190045248868778,0.0153609831029186,0.0777604976671851,0.00157977883096367,0.696825396825397,0.888709677419355,0.0309119010819165,0.022508038585209,0.0194174757281553,0.958333333333333,0.897674418604651,0.117004680187207,0.916666666666667,0.721875,0.878980891719745,0.0016,0,0.00650406504065041,0.015552099533437,0.00158982511923688,0.444094488188976,0.00153846153846154,0.00309119010819165,0.00152905198776758,0.0542635658914729,0.431781701444623,0.31104199066874,0.841781874039939,0.0183767228177642,0.0112179487179487,0.6671826625387,0.899671052631579,0.462848297213622,0.354037267080745,0.0830769230769231,0.458730158730159,0.0927672955974843,0.0110236220472441,0.00153846153846154,0.0325581395348837,0.309904153354633,0,0.0532724505327245,0.171849427168576,0.00161812297734628,0,0.314285714285714,0.251956181533646,0.308527131782946,0,0.965732087227414,0.014446227929374,0.966153846153846,0.276083467094703,0.438167938931298,0.00158227848101266,0.186520376175549,0.0031201248049922,0.394321766561514,0.00158227848101266,0.00153846153846154,0.950155763239875,0.812101910828026
"171",0.274509803921569,0.260670731707317,0.237082066869301,0.213395638629283,0,0,0,0,0,0,0,0,0,0,0,0,0,0,0,0,0,0,0,0,0,0,0,0,0,0,0,0,0,0,0,0,0,0,0,0,0,0,0,0,0,0,0,0.277533039647577,0.275340393343419,0.258461538461538,0.238244514106583,0.0236220472440945,0,0,0.0105421686746988,0.0184049079754601,0.0136157337367625,0.010590015128593,0.00766871165644172,0.0121951219512195,0.0151515151515152,0.0061633281972265,0.0168970814132104,0.0123839009287926,0.0197869101978691,0.0169230769230769,0.0151975683890578,0.0242057488653555,0.0169491525423729,0.0125984251968504,0,0.013719512195122,0.0107858243451464,0.0154083204930663,0.0135542168674699,0.0138888888888889,0.0155038759689922,0.0137825421133231,0.00789889415481832,0.0149925037481259,0,0.0152905198776758,0.0104321907600596,0.0181268882175227,0.0121212121212121,0.0179372197309417,0.0169491525423729,0.0107197549770291,0.0171073094867807,0,0.0153139356814701,0.0179372197309417,0.0122324159021407,0,0.0168970814132104,0.0136363636363636,0.536434108527132,0.157733537519142,0.00302114803625378,0.00311526479750779,0.0031104199066874,0.693396226415094,0.986196319018405,0.947611710323575,0.0264385692068429,0.55690440060698,0.00305810397553517,0.052790346907994,0.496884735202492,0.343891402714932,0.534351145038168,0.246835443037975,0.00152439024390244,0.0417310664605873,0.00628930817610063,0.521870286576169,0.979010494752624,0.00146412884333821,0.193893129770992,0.995275590551181,0.00157977883096367,0.536209553158706,0.00305343511450382,0.516079632465544,0.00297176820208024,0.168970814132104,0.0532544378698225,0.530581039755352,0.013677811550152,0.0508221225710015,0.865443425076453,0.655963302752294,0.955453149001536,0.0178041543026706,0.998444790046656,0.00302114803625378,0.145234493192133,0.998427672955975,0.610169491525424,0.800618238021638,0.959090909090909,0.979041916167665,0.00153374233128834,0.330275229357798,0.171516079632466,0.0587349397590361,0.00297176820208024,0.808411214953271,0.198473282442748,0.869499241274659,0.00303951367781155,0.53857791225416,0.771956856702619,0.00451127819548872,0.0213089802130898,0.541033434650456,0.0234741784037559,0.583333333333333,0.135670731707317,0.00304878048780488,0.53858024691358,0.673374613003096,0.0501519756838906,0.003125,0.00298507462686567,0.975497702909648,0.95679012345679,0.0062992125984252,0.0167682926829268,0.0153846153846154,1,0.00301659125188537,0.990536277602524,0.945482866043614,0.420221169036335,0.0029940119760479,0.192248062015504,0.408385093167702,1,0.104790419161677,0.236526946107784,0.408163265306122,0.958146487294469,0.254263565891473,0.52276295133438,0.00154083204930663,0.00311526479750779,0.990881458966565,0.983024691358025,0.996927803379416,0.00301659125188537,0.00294985250737463,0.228228228228228,0.0029940119760479,0.164634146341463,0.003125,0.543778801843318,0.532710280373832,0.529133858267717,0.554711246200608,0.542813455657492,0.00305343511450382,0.518072289156627,0.769230769230769,0.540540540540541,0.305059523809524,0.00306748466257669,0.208206686930091,0.00298953662182362,0.983703703703704,0.990595611285266,0.35474006116208,0.00474683544303797,0.00451127819548872,0.0134932533733133,0.266666666666667,0.00457317073170732,0.238897396630934,0.423493044822257,0.529061102831595,0.619548872180451,0.0491551459293395,0.531851851851852,0.501501501501502,0.195046439628483,0.594976452119309,0.555052790346908,0.0581929555895865,0.100609756097561,0.0502283105022831,0.526636225266362,0.00301659125188537,0.995356037151703,0.00610687022900763,0.48489666136725,0.00303490136570561,0.547692307692308,0.452307692307692,0.559139784946237,0.00463678516228748,0.516228748068006,0.538345864661654,0.00297619047619048,0.00460122699386503
"172",0,0.00157232704402516,0.00153846153846154,0,0,0,0,0,0,0,0,0,0,0,0,0,0,0,0,0,0,0,0,0,0,0,0,0,0,0,0,0,0,0,0,0,0,0,0,0,0,0,0,0,0,0,0,0.00150602409638554,0.00155038759689922,0.00153374233128834,0.00156985871271586,0,0.538699690402477,0.415781487101669,0.00153374233128834,0,0,0.00605143721633888,0.00630914826498423,0,0,0,0,0.0016025641025641,0,0,0,0,0,0.0015748031496063,0.0340557275541796,0.00617283950617284,0,0,0,0.00156739811912226,0,0.00151975683890578,0.00474683544303797,0,0.101382488479263,0,0.00303030303030303,0,0,0,0,0.0078740157480315,0,0.0289634146341463,0,0,0,0.0235478806907378,0,0.00153374233128834,0.0031201248049922,0.796583850931677,0.912442396313364,0.976114649681529,0.495398773006135,0.0047244094488189,0.00312989045383412,0.003125,0.957142857142857,0.0107361963190184,0.535384615384615,0.312307692307692,0.0209003215434084,0.0404984423676012,0.00308166409861325,0.105691056910569,0.936630602782071,0.307332293291732,0.825396825396825,0.00155038759689922,0.00782472613458529,0.949479940564636,0.171073094867807,0.00316957210776545,0.984276729559748,0.00157728706624606,0.99537037037037,0.00157232704402516,0.918083462132921,0.706624605678233,0.319402985074627,0.00155038759689922,0.497659906396256,0.31859756097561,0.00311526479750779,0.2296875,0.0310077519379845,0.972850678733032,0.00318979266347687,0.910355486862442,0.388719512195122,0.0032258064516129,0.23394495412844,0.0512422360248447,0.00308641975308642,0.00155763239875389,0.989180834621329,0.282988871224165,0.741885625965997,0.914728682170543,0.986068111455108,0.00157232704402516,0.165891472868217,0.00154320987654321,0.894984326018809,0.00307692307692308,0.00156739811912226,0.454961832061069,0.414976599063963,0.00309597523219814,0.394230769230769,0.00754147812971342,0.694488188976378,0.458204334365325,0.0015552099533437,0.00157232704402516,0.312307692307692,0.981220657276995,0.874622356495468,0.0031104199066874,0.00315955766192733,0.976303317535545,0.968847352024922,0.980891719745223,0.00301659125188537,1,0.00160513643659711,0.00318979266347687,0.499189627228525,0.898305084745763,0.172360248447205,0.186009538950715,0.00156739811912226,0.408950617283951,0.11280487804878,0.177877428998505,0.00154798761609907,0.0781010719754977,0.0031201248049922,0.72107765451664,0.90894819466248,0.00921658986175115,0.00158227848101266,0.0015600624024961,0.974045801526718,0.926493108728943,0.116030534351145,0.934351145038168,0.710323574730354,0.901587301587302,0.0031496062992126,0.0015552099533437,0.00319488817891374,0.00307219662058372,0.00313479623824451,0.447368421052632,0.00306748466257669,0.0030441400304414,0.00302571860816944,0.0444104134762634,0.44031007751938,0.309597523219814,0.873303167420814,0.00306748466257669,0.00158478605388273,0.635367762128325,0.910112359550562,0.463746223564955,0.356374807987711,0.0900763358778626,0.446345256609642,0.0913385826771654,0.010989010989011,0.00152671755725191,0.0108695652173913,0.310236220472441,0.00153609831029186,0.0444104134762634,0.1669341894061,0.00316455696202532,0.00154320987654321,0.322734499205087,0.261275272161742,0.317111459968603,0,0.985981308411215,0.00158982511923688,0.978294573643411,0.237096774193548,0.4337899543379,0.00154798761609907,0.168730650154799,0.00153609831029186,0.401550387596899,0.00317965023847377,0.00303951367781155,0.972560975609756,0.820276497695853
"173",0.2512,0.243862520458265,0.220228384991843,0.1996699669967,0,0,0,0,0,0,0,0,0,0,0,0,0,0,0,0,0,0,0,0,0,0,0,0,0,0,0,0,0,0,0,0,0,0,0,0,0,0,0,0,0,0,0,0.251980982567353,0.253225806451613,0.241883116883117,0.215106732348112,0.0267111853088481,0,0,0.0161812297734628,0.0214521452145215,0.0160771704180064,0.0113452188006483,0.00981996726677578,0.0162074554294976,0.0176282051282051,0.0114942528735632,0.0161290322580645,0.015177065767285,0.0212071778140294,0.0179445350734095,0.0191082802547771,0.0226904376012966,0.0214168039538715,0.0165016501650165,0,0.0160771704180064,0.0132890365448505,0.0144694533762058,0.016,0.0147058823529412,0.0146818923327896,0.0161550888529887,0.00995024875621891,0.0176,0,0.0145867098865478,0.0143312101910828,0.0176848874598071,0.0176282051282051,0.0175718849840256,0.0177705977382876,0.0132231404958678,0.019672131147541,0,0.0180921052631579,0.0189274447949527,0.0147299509001637,0,0.0165289256198347,0.0158982511923688,0.524046434494196,0.165573770491803,0.00161030595813205,0.00165016501650165,0.0016025641025641,0.717171717171717,0.993322203672788,0.96039603960396,0.0360655737704918,0.575757575757576,0.00161290322580645,0.0629032258064516,0.516447368421053,0.365853658536585,0.518518518518518,0.259696458684654,0,0.0498338870431894,0.00829187396351575,0.506472491909385,0.993620414673046,0,0.201626016260163,0.988274706867672,0,0.518821603927987,0.00160771704180064,0.497553017944535,0.00161290322580645,0.167479674796748,0.0642633228840125,0.507269789983845,0.0195121951219512,0.0647709320695103,0.881107491856677,0.667215815485997,0.964052287581699,0.0250391236306729,0.990016638935108,0.0032520325203252,0.149920255183413,0.986688851913478,0.610474631751228,0.792270531400966,0.945945945945946,0.965909090909091,0.00161290322580645,0.3442088091354,0.177235772357724,0.0643086816720257,0.00159744408945687,0.782467532467532,0.203225806451613,0.880327868852459,0.0016366612111293,0.516077170418006,0.785245901639344,0.00480769230769231,0.0226904376012966,0.513201320132013,0.0267558528428094,0.602201257861635,0.146302250803859,0.00323624595469256,0.50487012987013,0.655574043261231,0.0596774193548387,0.00164203612479475,0.00156985871271586,0.961038961038961,0.935537190082645,0.00506756756756757,0.0241935483870968,0.0228384991843393,0.990536277602524,0.00160513643659711,1,0.96,0.424496644295302,0.00160513643659711,0.193910256410256,0.420621931260229,0.985197368421053,0.114886731391586,0.240322580645161,0.417840375586854,0.977455716586151,0.266990291262136,0.503367003367003,0,0.00165016501650165,0.977272727272727,1,0.985049833887043,0.0015748031496063,0.00158982511923688,0.244372990353698,0.0016,0.17524115755627,0.0016366612111293,0.534223706176962,0.514657980456026,0.53781512605042,0.535031847133758,0.516233766233766,0.0016025641025641,0.503194888178914,0.786858974358974,0.523809523809524,0.323101777059774,0.00328407224958949,0.227053140096618,0.00161030595813205,0.995184590690209,0.995098039215686,0.370731707317073,0.00333333333333333,0.00476947535771065,0.0226537216828479,0.270833333333333,0.00490998363338789,0.246280991735537,0.440650406504065,0.512578616352201,0.638436482084691,0.057660626029654,0.512698412698413,0.529042386185243,0.20957095709571,0.578512396694215,0.531707317073171,0.0721311475409836,0.104404567699837,0.0592105263157895,0.508828250401284,0.00161550888529887,0.983193277310924,0.00483091787439614,0.488255033557047,0.00161030595813205,0.535073409461664,0.460162601626016,0.576104746317512,0.00489396411092985,0.50655737704918,0.523659305993691,0.0016025641025641,0.00658978583196046
"174",0.1936,0.193181818181818,0.172859450726979,0.144480519480519,0,0,0,0,0,0,0,0,0,0,0,0,0,0,0,0,0,0,0,0,0,0,0,0,0,0,0,0,0,0,0,0,0,0,0,0,0,0,0,0,0,0,0,0.200920245398773,0.196428571428571,0.177672955974843,0.16256157635468,0.0235294117647059,0,0,0.0095389507154213,0.0179445350734095,0.0126182965299685,0.00956937799043062,0.00641025641025641,0.012987012987013,0.0156494522691706,0.0130081300813008,0.0145161290322581,0.0113268608414239,0.0174050632911392,0.0159489633173844,0.0143769968051118,0.017515923566879,0.0163934426229508,0.0115131578947368,0,0.010989010989011,0.0111642743221691,0.0111642743221691,0.0126582278481013,0.0112359550561798,0.0112540192926045,0.0129449838187702,0.00810372771474878,0.0126182965299685,0,0.00952380952380952,0.0124804992199688,0.0140845070422535,0.0158982511923688,0.0156494522691706,0.0158227848101266,0.0113636363636364,0.0144,0,0.0149501661129568,0.0137825421133231,0.0111821086261981,0,0.0129659643435981,0.0139968895800933,0.439222042139384,0.191247974068071,0.00318979266347687,0.0033112582781457,0.015748031496063,0.786535303776683,0.951768488745981,0.969453376205788,0.0405186385737439,0.631578947368421,0.0112,0.118858954041204,0.579638752052545,0.412903225806452,0.446945337620579,0.313432835820896,0.00159235668789809,0.115506329113924,0.0145631067961165,0.431061806656101,0.955414012738854,0.00155038759689922,0.266347687400319,0.942028985507246,0.00164744645799012,0.448780487804878,0.0032258064516129,0.423510466988728,0.00317965023847377,0.199362041467305,0.126738794435858,0.438906752411576,0.0402576489533011,0.128125,0.917741935483871,0.722222222222222,0.919871794871795,0.0279503105590062,0.94281045751634,0.0032,0.206022187004754,0.938842975206612,0.674565560821485,0.768982229402262,0.886942675159236,0.907790143084261,0.00158982511923688,0.419354838709677,0.195548489666137,0.0782747603833866,0.00314465408805031,0.728618421052632,0.263650546021841,0.923930269413629,0.00321543408360129,0.450479233226837,0.833870967741935,0.0250783699059561,0.0540540540540541,0.42879746835443,0.0669934640522876,0.65987460815047,0.181669394435352,0.0234375,0.442834138486312,0.57799671592775,0.123809523809524,0.00324149108589951,0.00313479623824451,0.897058823529412,0.890322580645161,0.0066334991708126,0.0292682926829268,0.0254372019077901,0.945482866043614,0.00318979266347687,0.96,1,0.459016393442623,0.00316455696202532,0.258957654723127,0.493464052287582,0.927512355848435,0.175438596491228,0.313725490196078,0.493001555209953,0.965023847376789,0.323763955342903,0.426256077795786,0.00647249190938511,0.0032626427406199,0.936,0.958881578947368,0.944894651539708,0.0031104199066874,0.00318979266347687,0.307692307692308,0.00318979266347687,0.20545746388443,0.00326797385620915,0.446633825944171,0.445171849427169,0.608623548922056,0.4672,0.443910256410256,0.0144230769230769,0.435658914728682,0.839009287925697,0.446676970633694,0.3765625,0.0288,0.211690363349131,0.0031055900621118,0.94488188976378,0.945634266886326,0.388178913738019,0.00498338870431894,0.0237341772151899,0.0718849840255591,0.331210191082803,0.0207006369426752,0.318840579710145,0.500797448165869,0.43613707165109,0.711783439490446,0.114942528735632,0.433229813664596,0.581358609794629,0.264274061990212,0.506410256410256,0.465189873417722,0.128289473684211,0.184,0.126602564102564,0.4368,0.00315457413249211,0.934959349593496,0.00632911392405063,0.551433389544688,0.0253968253968254,0.447325769854133,0.544728434504792,0.638230647709321,0.0324149108589951,0.428571428571429,0.447040498442368,0.003125,0.0160771704180064
"175",0.00159489633173844,0.00324149108589951,0.00497512437810945,0.0048780487804878,0,0,0,0,0,0,0,0,0,0,0,0,0,0,0,0,0,0,0,0,0,0,0,0,0,0,0,0,0,0,0,0,0,0,0,0,0,0,0,0,0,0,0,0.00467289719626168,0.00161550888529887,0.00320512820512821,0.00330578512396694,0.00335570469798658,0.142172523961661,0.0922098569157393,0,0,0,0.00480769230769231,0.00490196078431373,0,0,0.00325732899022801,0,0,0,0,0,0,0.00163934426229508,0,0.0128,0.00161030595813205,0,0,0,0,0,0.00161550888529887,0.00492610837438424,0,0.0263157894736842,0,0.00157728706624606,0,0,0,0,0.00164203612479475,0,0.0128410914927769,0,0,0.00165837479270315,0.00993377483443709,0,0.00158730158730159,0.0245499181669394,0.680577849117175,0.424878836833603,0.487603305785124,0.420545746388443,0.486133768352365,0.420711974110032,0.423202614379085,0.560581583198708,0.4416,0.448613376835237,0.341935483870968,0.431893687707641,0.297385620915033,0.0333333333333333,0.328881469115192,0.436392914653784,0.320723684210526,0.53910149750416,0.0256,0.447452229299363,0.442218798151002,0.377235772357724,0.419568822553897,0.517587939698492,0.026578073089701,0.48626817447496,0.0293159609120521,0.429951690821256,0.754071661237785,0.349230769230769,0.0293637846655791,0.406451612903226,0.34488188976378,0.38961038961039,0.73095623987034,0.466448445171849,0.5008,0.419463087248322,0.41335453100159,0.562798092209857,0.442404006677796,0.73419773095624,0.409756097560976,0.381260096930533,0.402576489533011,0.499189627228525,0.670436187399031,0.7552,0.574162679425837,0.507109004739337,0.265339966832504,0.375609756097561,0.395534290271132,0.35,0.0304975922953451,0.406807131280389,0.3744,0.403225806451613,0.0304975922953451,0.359400998336107,0.456964006259781,0.730210016155089,0.384737678855326,0.0360065466448445,0.092436974789916,0.343499197431782,0.491749174917492,0.415064102564103,0.378688524590164,0.40567612687813,0.483388704318937,0.532154340836013,0.558292282430213,0.420221169036335,0.499189627228525,0.424496644295302,0.459016393442623,1,0.382113821138211,0.365695792880259,0.622112211221122,0.39708265802269,0.463884430176565,0.325878594249201,0.627118644067797,0.40224358974359,0.290015847860539,0.0198675496688742,0.517857142857143,0.409539473684211,0.442307692307692,0.423841059602649,0.418032786885246,0.482758620689655,0.426984126984127,0.316455696202532,0.419047619047619,0.756714060031596,0.388333333333333,0.0328947368421053,0.0245499181669394,0.391666666666667,0.064,0.0368589743589744,0.37239165329053,0.0352,0.379310344827586,0.0392464678178964,0.274061990212072,0.364532019704433,0.341346153846154,0.346031746031746,0.415213946117274,0.418760469011725,0.826086956521739,0.421848739495798,0.404186795491143,0.31687898089172,0.288244766505636,0.379478827361564,0.300970873786408,0.290849673202614,0.0253565768621236,0.5,0.347402597402597,0.0253164556962025,0.468998410174881,0.361344537815126,0.0480132450331126,0.0317965023847377,0.332247557003257,0.323854660347551,0.340909090909091,0.0273752012882448,0.482315112540193,0.407590759075908,0.491255961844197,0.735537190082645,0.355769230769231,0.0325732899022801,0.628712871287129,0.373182552504039,0.33993399339934,0.0296052631578947,0.028391167192429,0.47626582278481,0.52442996742671
"176",0,0.00154798761609907,0.00469483568075117,0.00317965023847377,0,0,0,0,0,0,0,0,0,0,0,0,0,0,0,0,0,0.015625,0.0214395099540582,0,0,0,0,0,0,0,0,0,0,0,0,0,0,0,0,0,0,0,0,0,0,0,0,0.0015015015015015,0.00152439024390244,0.00463678516228748,0.00474683544303797,0,0.682588597842835,0.540090771558245,0.00153609831029186,0,0,0.0108527131782946,0.0062015503875969,0,0,0,0,0.00317460317460317,0,0,0,0,0,0.00159489633173844,0.0324574961360124,0.00463678516228748,0,0,0,0.00157728706624606,0,0.00154798761609907,0.004739336492891,0,0.100463678516229,0,0.00303951367781155,0,0,0,0,0.00940438871473354,0,0.0287443267776097,0,0,0,0.0224358974358974,0,0,0.0031496062992126,0.702325581395349,0.972434915773354,0.894488188976378,0.389908256880734,0.00161030595813205,0.00308166409861325,0.00311526479750779,0.838050314465409,0.0062015503875969,0.428794992175274,0.266355140186916,0.0109717868338558,0.0203442879499218,0.00305343511450382,0.0806451612903226,0.930015552099533,0.260663507109005,0.778830963665087,0.00154559505409583,0.00306278713629403,0.956390977443609,0.14576802507837,0.00318471337579618,0.899841017488076,0.00159235668789809,0.903785488958991,0.00157977883096367,0.975270479134467,0.591549295774648,0.256371814092954,0.00159235668789809,0.424196018376723,0.264525993883792,0.00314465408805031,0.169230769230769,0.0015600624024961,0.886706948640483,0.00318471337579618,0.970948012232416,0.28858024691358,0.00324149108589951,0.165366614664587,0.00923076923076923,0.00308641975308642,0.00154798761609907,0.90527950310559,0.223787167449139,0.628526645768025,0.820940819423369,0.904615384615385,0.00157728706624606,0.146379044684129,0.00153846153846154,1,0.00308166409861325,0.0015527950310559,0.371212121212121,0.317757009345794,0.0031104199066874,0.3421875,0.00305343511450382,0.60126582278481,0.361538461538462,0.00157728706624606,0.0016,0.26840490797546,0.902053712480253,0.903225806451613,0.00309597523219814,0.00313479623824451,0.911811023622047,0.872274143302181,0.868012422360248,0.0029940119760479,0.898305084745763,0.00160513643659711,0.00316455696202532,0.382113821138211,1,0.149300155520995,0.156985871271586,0.00158730158730159,0.371340523882897,0.0875576036866359,0.137108792846498,0.00154083204930663,0.0525502318392581,0.00321027287319422,0.617784711388456,0.985871271585557,0.00153609831029186,0.00158982511923688,0.00159744408945687,0.903963414634146,0.960122699386503,0.0885496183206107,0.96937212863706,0.588050314465409,0.996875,0.00319488817891374,0.00157232704402516,0.00481540930979133,0.00304878048780488,0.0031496062992126,0.385335413416537,0.00303030303030303,0.00306748466257669,0.00303490136570561,0.0244274809160305,0.348297213622291,0.218320610687023,0.978625954198473,0.0030441400304414,0.00156494522691706,0.552469135802469,0.982343499197432,0.379785604900459,0.29249617151608,0.0642201834862385,0.368584758942457,0.0734375,0.00470957613814757,0.00150602409638554,0.00154083204930663,0.251572327044025,0.00151285930408472,0.0308166409861325,0.138801261829653,0.00316957210776545,0.0015220700152207,0.26984126984127,0.21996879875195,0.262015503875969,0,0.905718701700155,0.00158227848101266,0.907012195121951,0.167197452229299,0.36055469953775,0.00154320987654321,0.145929339477727,0.00154559505409583,0.339171974522293,0.00313479623824451,0.00303030303030303,0.905631659056317,0.766091051805338
"177",0.00154559505409583,0.00322061191626409,0.00314465408805031,0,0,0,0,0,0,0,0,0,0,0,0,0,0,0,0,0,0,0,0,0,0,0,0,0,0,0,0,0,0,0,0,0,0,0,0,0,0,0,0,0,0,0,0,0.00299850074962519,0.00313971742543171,0.003125,0.00318471337579618,0.00328947368421053,0.00471698113207547,0.00303030303030303,0,0.00155763239875389,0,0,0.00316455696202532,0,0,0.00628930817610063,0,0,0,0,0,0,0,0,0.00467289719626168,0,0,0,0.00461538461538462,0,0,0,0.00802568218298555,0,0.00313479623824451,0,0,0,0,0,0,0.00319488817891374,0,0.00467289719626168,0,0,0,0.00481540930979133,0,0,0.0143540669856459,0.225196850393701,0.167441860465116,0.158238172920065,0.690513219284603,0.488709677419355,0.205607476635514,0.24,0.175632911392405,0.606431852986217,0.653907496012759,0.86046511627907,0.668789808917197,0.836990595611285,0.00946372239747634,0.954619124797407,0.128325508607199,0.863344051446945,0.322327044025157,0.0078125,0.196540880503145,0.160606060606061,0.99211356466877,0.191626409017713,0.178282009724473,0.00950871632329636,0.17007874015748,0.00783699059561128,0.154929577464789,0.282988871224165,0.852986217457887,0.00966183574879227,0.678627145085803,0.848297213622291,0.307936507936508,0.435483870967742,0.207936507936508,0.154446177847114,0.201938610662359,0.159126365054602,0.708074534161491,0.201309328968903,0.511961722488038,0.188767550702028,0.143525741029641,0.161442006269592,0.173981191222571,0.6544,0.272870662460568,0.158139534883721,0.168469860896445,0.045958795562599,0.998449612403101,0.3140625,0.13258785942492,0.0108695652173913,0.416536661466459,0.729393468118196,0.769716088328076,0.00778816199376947,0.788961038961039,0.589230769230769,0.332273449920509,0.713395638629283,0.00964630225080386,0.0936507936507937,0.853543307086614,0.166402535657686,0.239130434782609,0.1632,0.13322632423756,0.1584,0.177394034536892,0.170347003154574,0.192248062015504,0.172360248447205,0.193910256410256,0.258957654723127,0.365695792880259,0.149300155520995,1,0.743221690590112,0.18740157480315,0.65987460815047,0.951713395638629,0.76219512195122,0.219284603421462,0.918238993710692,0.00975609756097561,0.481421647819063,0.149277688603531,0.19620253164557,0.207455429497569,0.180936995153473,0.155145929339478,0.129082426127527,0.949921752738654,0.15748031496063,0.303543913713405,0.150470219435737,0.0144,0.0127388535031847,0.6272,0.0110410094637224,0.00961538461538462,0.724031007751938,0.0108359133126935,0.4,0.0122137404580153,0.878693623639191,0.735015772870662,0.471048513302034,0.119565217391304,0.204081632653061,0.201267828843106,0.261467889908257,0.157212317666126,0.716923076923077,0.801574803149606,0.923197492163009,0.727272727272727,0.934713375796178,0.7484375,0.00927357032457496,0.532608695652174,0.866666666666667,0.0123456790123457,0.665639445300462,0.982539682539682,0.025974025974026,0.00784929356357928,0.862179487179487,0.911811023622047,0.85243328100471,0.00157728706624606,0.158307210031348,0.187993680884676,0.159305993690852,0.64390243902439,0.736600306278714,0.00950871632329636,0.709779179810726,0.598425196850394,0.762738853503185,0.00792393026941363,0.013595166163142,0.163833075734158,0.317111459968603
"178",0,0.00161290322580645,0.00160513643659711,0,0,0,0,0,0,0,0,0,0,0,0,0,0,0,0,0,0,0,0,0,0,0,0,0,0,0,0,0,0,0,0,0,0,0,0,0,0,0,0,0,0,0,0,0.00154798761609907,0.0016,0.00158478605388273,0.00164473684210526,0.00167785234899329,0.0111642743221691,0.0046656298600311,0.00158730158730159,0,0,0,0.00809061488673139,0,0,0.00480769230769231,0,0.0016366612111293,0,0,0,0,0.00162866449511401,0.00163934426229508,0.0064,0,0,0,0.00157977883096367,0.00161550888529887,0,0.0032,0.0129659643435981,0,0.00476947535771065,0,0.00315457413249211,0,0,0,0,0.00637958532695375,0,0.00784929356357928,0,0,0.00161290322580645,0.00644122383252818,0,0,0.0065359477124183,0.381028938906752,0.193798449612403,0.1568,0.489763779527559,0.70957095709571,0.42879746835443,0.448613376835237,0.208881578947368,0.744038155802862,0.442834138486312,0.629570747217806,0.742718446601942,0.631239935587762,0.00470957613814757,0.697829716193656,0.1408,0.611021069692058,0.342532467532468,0.00317460317460317,0.422955974842767,0.176197836166924,0.735909822866345,0.422258592471358,0.188216039279869,0.00323101777059774,0.19422150882825,0.00638977635782748,0.174121405750799,0.4352,0.628526645768025,0.0032,0.541935483870968,0.625391849529781,0.488958990536278,0.681744749596123,0.442307692307692,0.188562596599691,0.420967741935484,0.176838810641628,0.645569620253165,0.418333333333333,0.753623188405797,0.343949044585987,0.378763866877971,0.383147853736089,0.179968701095462,0.906300484652666,0.434504792332268,0.236044657097289,0.174603174603175,0.204213938411669,0.7425431711146,0.489028213166144,0.1536,0.00478468899521531,0.576547231270358,0.5109375,0.541062801932367,0.00483091787439614,0.603960396039604,0.730650154798762,0.48538961038961,0.495207667731629,0.00322061191626409,0.106280193236715,0.61875,0.170454545454545,0.218461538461538,0.367909238249595,0.36525974025974,0.165562913907285,0.207936507936508,0.203470031545741,0.408385093167702,0.186009538950715,0.420621931260229,0.493464052287582,0.622112211221122,0.156985871271586,0.743221690590112,1,0.402576489533011,0.706624605678233,0.700156985871272,0.936532507739938,0.4203125,0.658064516129032,0.00328947368421053,0.353407290015848,0.161500815660685,0.405660377358491,0.440065681444992,0.393841166936791,0.163522012578616,0.137285491419657,0.708399366085578,0.166931637519873,0.457869634340223,0.160919540229885,0.00646203554119548,0.00328947368421053,0.690671031096563,0.0219092331768388,0.00961538461538462,0.507177033492823,0.0078125,0.54416403785489,0.00934579439252336,0.650470219435737,0.511182108626198,0.297906602254428,0.133748055987558,0.437795275590551,0.42671009771987,0.507154213036566,0.178333333333333,0.496062992125984,0.576619273301738,0.662460567823344,0.494417862838915,0.681672025723473,0.650717703349282,0.0046583850931677,0.752773375594295,0.633550488599348,0.0046875,0.8125,0.748784440842788,0.0313014827018122,0.00313971742543171,0.633387888707038,0.670866141732283,0.6336,0.00317460317460317,0.168810289389068,0.404220779220779,0.177115987460815,0.892976588628763,0.512618296529968,0.0048780487804878,0.960505529225908,0.6513470681458,0.512315270935961,0.00483091787439614,0.00627943485086342,0.1671875,0.330658105939005
"179",0.263736263736264,0.261904761904762,0.231378763866878,0.226771653543307,0,0,0,0,0,0,0,0,0,0,0,0,0,0,0,0,0,0,0,0,0,0,0,0,0,0,0,0,0,0,0,0,0,0,0,0,0,0,0,0,0,0,0,0.282608695652174,0.27115987460815,0.259493670886076,0.240322580645161,0.0211726384364821,0,0,0.00934579439252336,0.0144230769230769,0.0124416796267496,0.0078740157480315,0.00647249190938511,0.00952380952380952,0.0109717868338558,0.00645161290322581,0.0128205128205128,0.00975609756097561,0.0157232704402516,0.0142630744849445,0.0125195618153365,0.0188087774294671,0.0160513643659711,0.011437908496732,0,0.0127591706539075,0.00972447325769854,0.0125588697017268,0.0110062893081761,0.0112721417069243,0.011400651465798,0.0127388535031847,0.00484652665589661,0.0156739811912226,0,0.0126582278481013,0.00928792569659443,0.0125195618153365,0.0111464968152866,0.015600624024961,0.0126782884310618,0.00969305331179321,0.0142630744849445,0,0.0160513643659711,0.0138674884437596,0.00967741935483871,0,0.0143769968051118,0.00940438871473354,0.545310015898251,0.161949685534591,0.00154798761609907,0.00163132137030995,0.00469483568075117,0.697452229299363,0.984076433121019,0.9408,0.0323101777059774,0.54746835443038,0.00320512820512821,0.0514018691588785,0.487844408427877,0.345483359746434,0.544600938967136,0.249174917491749,0.00157232704402516,0.0428571428571429,0.00475435816164818,0.533541341653666,0.979099678456592,0.0015220700152207,0.192982456140351,0.990243902439024,0.00163398692810458,0.544728434504792,0.00159744408945687,0.530546623794212,0.00159489633173844,0.158064516129032,0.0527131782945736,0.537480063795853,0.0125984251968504,0.048062015503876,0.856240126382307,0.635071090047393,0.9472,0.0185185185185185,0.995137763371151,0.00159489633173844,0.136222910216718,0.991776315789474,0.59047619047619,0.785826771653543,0.964230171073095,0.978125,0,0.325434439178515,0.169572107765452,0.0627943485086342,0.0015625,0.815112540192926,0.195275590551181,0.8640625,0.0016025641025641,0.550955414012739,0.756756756756757,0.0046583850931677,0.0253565768621236,0.556603773584906,0.0179153094462541,0.581538461538462,0.14170692431562,0.00313479623824451,0.544303797468354,0.678288431061807,0.0476947535771065,0.00162866449511401,0.0015625,0.971383147853736,0.951534733441034,0.00319488817891374,0.0188679245283019,0.0145867098865478,1,0.00156739811912226,0.985197368421053,0.927512355848435,0.39708265802269,0.00158730158730159,0.18740157480315,0.402576489533011,1,0.110935023771791,0.224648985959438,0.395962732919255,0.949685534591195,0.256692913385827,0.52827140549273,0.00321543408360129,0.00157977883096367,0.988976377952756,0.980676328502415,0.992025518341308,0.0015552099533437,0.00157977883096367,0.226209048361934,0.00157728706624606,0.170616113744076,0.0016025641025641,0.55663430420712,0.542536115569823,0.517355371900826,0.566302652106084,0.555023923444976,0.003125,0.522906793048973,0.758513931888545,0.543343653250774,0.31104199066874,0.0032258064516129,0.219745222929936,0.0015527950310559,0.9828125,0.991922455573506,0.354330708661417,0.0016260162601626,0.0046583850931677,0.0158227848101266,0.255924170616114,0.0031055900621118,0.237639553429027,0.430359937402191,0.541411042944785,0.616822429906542,0.0504065040650407,0.537151702786378,0.503125,0.183574879227053,0.61038961038961,0.565977742448331,0.051948051948052,0.0977917981072555,0.0486656200941915,0.529411764705882,0.00160771704180064,0.995176848874598,0.00315955766192733,0.458471760797342,0.00305810397553517,0.559870550161812,0.443561208267091,0.551181102362205,0.00479233226837061,0.536392405063291,0.545741324921136,0.0015600624024961,0.00313971742543171
"180",0,0,0,0,0,0,0,0,0,0,0,0,0,0,0,0,0,0,0,0,0,0,0,0,0,0,0,0,0,0,0,0,0,0,0,0,0,0,0,0,0,0,0,0,0,0,0,0,0,0,0,0,0.084375,0.0197869101978691,0,0,0,0,0.00632911392405063,0,0,0.0063391442155309,0,0,0,0,0,0,0.00155763239875389,0,0.00615384615384615,0,0,0,0,0,0,0.0015527950310559,0.0110584518167457,0,0.00619195046439629,0,0.00149253731343284,0,0,0,0,0.00462962962962963,0,0.00612557427258806,0,0,0.0015600624024961,0.00626959247648903,0,0,0.00156985871271586,0.527216174183515,0.423076923076923,0.371695178849145,0.737003058103975,0.394944707740916,0.129485179407176,0.146417445482866,0.430793157076205,0.473118279569892,0.691222570532915,0.792834890965732,0.499210110584518,0.500770416024653,0.00153374233128834,0.580542264752791,0.327160493827161,0.785150078988942,0.621236133122029,0.0015600624024961,0.133435582822086,0.404761904761905,0.651419558359621,0.112359550561798,0.430141287284144,0.00157977883096367,0.421705426356589,0,0.41471048513302,0.59717868338558,0.78422619047619,0.0015600624024961,0.849462365591398,0.795107033639144,0.184899845916795,0.416796267496112,0.14756671899529,0.4051593323217,0.111111111111111,0.392966360856269,0.765696784073507,0.118210862619808,0.485271317829457,0.177293934681182,0.0824261275272162,0.102134146341463,0.411944869831547,0.794712286158631,0.568147013782542,0.444961240310077,0.392694063926941,0.0637958532695375,0.649230769230769,0.176110260336907,0.379905808477237,0.00154083204930663,0.285491419656786,0.761904761904762,0.788343558282209,0.00153846153846154,0.861198738170347,0.448948948948949,0.650470219435737,0.763803680981595,0.00154083204930663,0.0062992125984252,0.787692307692308,0.385826771653543,0.490015360983103,0.0816640986132511,0.0883280757097792,0.371428571428571,0.416796267496112,0.413522012578616,0.104790419161677,0.408950617283951,0.114886731391586,0.175438596491228,0.463884430176565,0.371340523882897,0.65987460815047,0.706624605678233,0.110935023771791,1,0.597243491577335,0.656580937972769,0.132420091324201,0.570987654320988,0.00159489633173844,0.654088050314465,0.419558359621451,0.116564417177914,0.133858267716535,0.110410094637224,0.368263473053892,0.340943683409437,0.603076923076923,0.404615384615385,0.596330275229358,0.38351822503962,0.00157728706624606,0,0.446227929373997,0.00470957613814757,0.0031201248049922,0.788253477588872,0.00154559505409583,0.262762762762763,0.003003003003003,0.53822629969419,0.764797507788162,0.471406491499227,0.332312404287902,0.140060240963855,0.116057233704293,0.413740458015267,0.391304347826087,0.767019667170953,0.78858024691358,0.567692307692308,0.761006289308176,0.578947368421053,0.463836477987421,0.00150602409638554,0.45226917057903,0.784469096671949,0,0.539634146341463,0.656597774244833,0.00476190476190476,0,0.800627943485086,0.746913580246914,0.813271604938272,0,0.407407407407407,0.116987179487179,0.387944358578053,0.614035087719298,0.777272727272727,0.00154083204930663,0.64797507788162,0.412403100775194,0.771293375394322,0.00158982511923688,0.00151285930408472,0.390839694656489,0.599063962558502
"181",0.00611620795107034,0.009375,0.00927357032457496,0.0078003120124805,0,0,0,0,0,0,0,0,0,0,0,0,0,0,0,0,0,0,0,0,0,0,0,0,0,0,0,0,0,0,0,0,0,0,0,0,0,0,0,0,0,0,0,0.00895522388059702,0.00918836140888208,0.00914634146341463,0.00938967136150235,0.00643086816720257,0.00310077519379845,0.00305343511450382,0.00606060606060606,0.00623052959501558,0.00462249614791988,0.00153139356814701,0.00771604938271605,0.00462962962962963,0.00451807228915663,0.0125,0.003125,0.0063391442155309,0.00460829493087558,0.00313479623824451,0.00465116279069767,0.0030441400304414,0.00625,0.0063391442155309,0.00309119010819165,0.0031055900621118,0.00471698113207547,0.0031496062992126,0.0076103500761035,0.0031201248049922,0.0015600624024961,0.00615384615384615,0.0142857142857143,0.00458715596330275,0.00308166409861325,0.00308641975308642,0.00768049155145929,0.00465116279069767,0.0046801872074883,0.0015220700152207,0.00458015267175573,0.00470219435736677,0.0046875,0.00459418070444104,0.0046875,0.00458015267175573,0.00471698113207547,0.00475435816164818,0.00158982511923688,0.00453172205438067,0.0546875,0.161787365177196,0.122511485451761,0.103286384976526,0.621165644171779,0.555905511811024,0.259600614439324,0.309748427672956,0.117554858934169,0.69218989280245,0.588785046728972,0.796636085626911,0.740445859872611,0.901538461538462,0.0457317073170732,0.993610223642173,0.0756172839506173,0.80690737833595,0.270998415213946,0.0476190476190476,0.251552795031056,0.104477611940299,0.946540880503145,0.248037676609105,0.112519809825674,0.0473933649289099,0.12037037037037,0.0462249614791988,0.101538461538462,0.247244094488189,0.79607250755287,0.0554699537750385,0.601236476043277,0.790977443609023,0.394984326018809,0.43701399688958,0.270015698587127,0.103915662650602,0.244929797191888,0.0961240310077519,0.653905053598775,0.2448,0.492331288343558,0.22706065318818,0.199074074074074,0.218320610687023,0.110091743119266,0.609794628751975,0.213846153846154,0.113323124042879,0.111278195488722,0.0933544303797468,0.949152542372881,0.375766871165644,0.0876923076923077,0.055045871559633,0.49609984399376,0.657657657657658,0.684210526315789,0.0432766615146832,0.715421303656598,0.662632375189107,0.279937791601866,0.651090342679128,0.0535433070866142,0.140378548895899,0.79320987654321,0.106349206349206,0.16969696969697,0.218210361067504,0.181674565560821,0.0981012658227848,0.117829457364341,0.115919629057187,0.236526946107784,0.11280487804878,0.240322580645161,0.313725490196078,0.325878594249201,0.0875576036866359,0.951713395638629,0.700156985871272,0.224648985959438,0.597243491577335,1,0.726597325408618,0.278963414634146,0.98297213622291,0.0457413249211356,0.384853168469861,0.0957613814756672,0.248466257668712,0.270015698587127,0.232704402515723,0.0974124809741248,0.0821917808219178,0.993846153846154,0.10381679389313,0.251533742331288,0.0993690851735016,0.0598425196850394,0.0475435816164818,0.703821656050955,0.052790346907994,0.0481366459627329,0.655436447166922,0.0492307692307692,0.49388379204893,0.0548780487804878,0.943683409436834,0.660990712074303,0.426153846153846,0.0758725341426404,0.26219512195122,0.25,0.214733542319749,0.105431309904153,0.643730886850153,0.761310452418097,0.981538461538462,0.647692307692308,0.988924050632911,0.81010719754977,0.0497737556561086,0.602484472049689,0.813479623824451,0.0549618320610687,0.735963581183611,0.9408,0.0743670886075949,0.0416666666666667,0.795886075949367,0.854294478527607,0.80184331797235,0.0388802488335925,0.101538461538462,0.2368,0.102167182662539,0.6016,0.671779141104294,0.0508474576271186,0.694402420574887,0.670229007633588,0.715396578538103,0.0518053375196232,0.0517503805175038,0.102409638554217,0.267387944358578
"182",0,0.00151975683890578,0.0015220700152207,0.00151745068285281,0,0,0,0,0,0,0,0,0,0,0,0,0,0,0,0,0,0,0,0,0,0,0,0,0,0,0,0,0,0,0,0,0,0,0,0,0,0,0,0,0,0,0,0.00144927536231884,0,0.00150602409638554,0,0.00470219435736677,0.00451807228915663,0.00294117647058824,0,0,0,0,0.00613496932515337,0,0,0.00769230769230769,0,0,0,0,0,0,0.00153374233128834,0,0.00451127819548872,0,0,0,0.00150602409638554,0,0,0.00151057401812689,0.0107858243451464,0,0.00298507462686567,0,0.00147710487444609,0,0,0,0,0.00455235204855842,0,0.00590841949778434,0,0,0.00150602409638554,0.00458715596330275,0,0,0.0137614678899083,0.361027190332326,0.169139465875371,0.155864197530864,0.478518518518519,0.708841463414634,0.425531914893617,0.460365853658537,0.20516717325228,0.801470588235294,0.44309559939302,0.629297458893871,0.805337519623234,0.700906344410876,0.0106707317073171,0.725429017160686,0.125,0.627118644067797,0.299373040752351,0.0120663650075415,0.437781109445277,0.159356725146199,0.760180995475113,0.420647149460709,0.181388012618297,0.0138674884437596,0.175491679273828,0.0106870229007634,0.150455927051672,0.434049079754601,0.631732168850073,0.0106707317073171,0.503759398496241,0.636632200886263,0.527439024390244,0.677710843373494,0.443425076452599,0.179675994108984,0.405864197530864,0.155096011816839,0.627450980392157,0.427672955974843,0.744292237442922,0.38391502276176,0.365443425076453,0.376524390243902,0.175675675675676,0.821981424148607,0.428358208955224,0.220059880239521,0.173333333333333,0.222741433021807,0.764617691154423,0.518740629685157,0.129129129129129,0.0135746606334842,0.617737003058104,0.510479041916168,0.555891238670695,0.0120300751879699,0.582945736434109,0.786337209302326,0.466565349544073,0.486567164179104,0.0121212121212121,0.120743034055728,0.62962962962963,0.167692307692308,0.168639053254438,0.360606060606061,0.368258859784284,0.149691358024691,0.197268588770865,0.190045248868778,0.408163265306122,0.177877428998505,0.417840375586854,0.493001555209953,0.627118644067797,0.137108792846498,0.76219512195122,0.936532507739938,0.395962732919255,0.656580937972769,0.726597325408618,1,0.426646706586826,0.69047619047619,0.00777604976671851,0.329803328290469,0.146604938271605,0.408408408408408,0.432307692307692,0.404580152671756,0.161961367013373,0.126865671641791,0.733433734939759,0.145209580838323,0.445454545454545,0.145038167938931,0.0153609831029186,0.0137404580152672,0.757527733755943,0.0241691842900302,0.0165912518853695,0.49925705794948,0.0164424514200299,0.587797619047619,0.0178571428571429,0.676204819277108,0.51896813353566,0.316590563165906,0.111111111111111,0.426008968609865,0.423963133640553,0.469357249626308,0.153125,0.502235469448584,0.574660633484163,0.702095808383233,0.487915407854985,0.709774436090226,0.71319018404908,0.0131578947368421,0.771428571428571,0.63109756097561,0.0117994100294985,0.845468053491828,0.765069551777434,0.0453834115805947,0.0105740181268882,0.619565217391304,0.677811550151976,0.641337386018237,0.00445103857566766,0.159509202453988,0.398763523956723,0.161527165932452,0.884259259259259,0.500754147812971,0.0135746606334842,0.929110105580694,0.713649851632048,0.519938650306748,0.0122887864823349,0.0148588410104012,0.165932452276065,0.293577981651376
"183",0.2326656394453,0.235015772870662,0.211267605633803,0.179407176287051,0,0,0,0,0,0,0,0,0,0,0,0,0,0,0,0,0,0,0,0,0,0,0,0,0,0,0,0,0,0,0,0,0,0,0,0,0,0,0,0,0,0,0,0.232277526395173,0.233438485804416,0.220700152207002,0.190625,0.0225442834138486,0,0,0.0106382978723404,0.0203442879499218,0.0154320987654321,0.0106707317073171,0.00783699059561128,0.0125984251968504,0.0153846153846154,0.00920245398773006,0.0171339563862928,0.0124804992199688,0.0197268588770865,0.0172143974960876,0.0138036809815951,0.0214723926380368,0.0186625194401244,0.0140405616224649,0,0.0152905198776758,0.012326656394453,0.015625,0.0167427701674277,0.0140625,0.0141287284144427,0.015527950310559,0.00792393026941363,0.0170542635658915,0,0.0140625,0.0121396054628225,0.0166666666666667,0.0138674884437596,0.0180995475113122,0.0168453292496172,0.0125588697017268,0.0157232704402516,0,0.0157728706624606,0.0153846153846154,0.0108695652173913,0,0.0172413793103448,0.0122699386503067,0.509493670886076,0.165891472868217,0.00153609831029186,0.0015748031496063,0.00462249614791988,0.725832012678288,0.974921630094044,0.981220657276995,0.0266875981161695,0.606153846153846,0.00623052959501558,0.0769230769230769,0.547923322683706,0.401234567901235,0.508422664624809,0.296950240770466,0,0.0686427457098284,0.00791139240506329,0.499241274658574,0.95852534562212,0,0.233908948194662,0.968454258675079,0,0.514150943396226,0.00154083204930663,0.482919254658385,0.00155763239875389,0.1796875,0.0785498489425982,0.506134969325153,0.02,0.0762331838565022,0.916149068322981,0.651017214397496,0.938080495356037,0.0181268882175227,0.955555555555556,0.00152439024390244,0.133131618759455,0.95389507154213,0.6,0.789554531490015,0.918461538461538,0.936728395061728,0.00154083204930663,0.346456692913386,0.170542635658915,0.0573643410852713,0.00151745068285281,0.778996865203762,0.23374613003096,0.917177914110429,0.00154320987654321,0.520123839009288,0.815047021943574,0.00764525993883792,0.0259146341463415,0.509118541033435,0.036741214057508,0.630075187969925,0.147515527950311,0.00766871165644172,0.506230529595016,0.638888888888889,0.0706605222734255,0.00155038759689922,0.00150829562594268,0.923076923076923,0.909235668789809,0.00311526479750779,0.0168970814132104,0.0153609831029186,0.958146487294469,0.00154798761609907,0.977455716586151,0.965023847376789,0.40224358974359,0.00154083204930663,0.219284603421462,0.4203125,0.949685534591195,0.132420091324201,0.278963414634146,0.426646706586826,1,0.29601226993865,0.4984375,0.00154559505409583,0.00157232704402516,0.945987654320988,0.978021978021978,0.957680250783699,0.00151745068285281,0.00152905198776758,0.278033794162826,0.00151975683890578,0.178736517719569,0.0016,0.521193092621664,0.515055467511886,0.580645161290323,0.534775888717156,0.51702786377709,0.00465116279069767,0.490045941807044,0.825077399380805,0.515060240963855,0.352134146341463,0.00773993808049536,0.226708074534162,0.00150602409638554,0.966867469879518,0.965354330708661,0.357032457496136,0.00322061191626409,0.00763358778625954,0.0366412213740458,0.316998468606432,0.00611620795107034,0.288854003139717,0.469578783151326,0.511380880121396,0.652373660030628,0.073094867807154,0.5,0.546003016591252,0.216772151898734,0.556089743589744,0.517829457364341,0.0783699059561129,0.146604938271605,0.0833333333333333,0.503805175038052,0.00153609831029186,0.954186413902054,0.00306748466257669,0.476874003189793,0.00755287009063444,0.520865533230294,0.473684210526316,0.623655913978495,0.0125786163522013,0.489130434782609,0.504518072289157,0.00151515151515152,0.0062111801242236
"184",0.00623052959501558,0.00947867298578199,0.00782472613458529,0.00783699059561128,0,0,0,0,0,0,0,0,0,0,0,0,0,0,0,0,0,0,0,0,0,0,0,0,0,0,0,0,0,0,0,0,0,0,0,0,0,0,0,0,0,0,0,0.00745156482861401,0.00786163522012579,0.00917431192660551,0.00797448165869218,0.00642054574638844,0.00153139356814701,0.00153139356814701,0.00462249614791988,0.0062992125984252,0.00462249614791988,0.00155038759689922,0.00319488817891374,0.0046875,0.00465116279069767,0.00784929356357928,0.00316957210776545,0.00476947535771065,0.0046801872074883,0.00310077519379845,0.0046583850931677,0.00313971742543171,0.00469483568075117,0.00476947535771065,0,0.00315457413249211,0.00470957613814757,0.00315457413249211,0.00771604938271605,0.0015552099533437,0.00157232704402516,0.00313479623824451,0.00474683544303797,0.00460122699386503,0.00155038759689922,0.00312989045383412,0.00455235204855842,0.00458715596330275,0.0046656298600311,0.00153139356814701,0.0046801872074883,0.00156985871271586,0.0047244094488189,0.00154320987654321,0.00479233226837061,0.00460122699386503,0.00317965023847377,0.00158478605388273,0.00157232704402516,0.00455235204855842,0.082018927444795,0.128930817610063,0.0865533230293663,0.062200956937799,0.606864274570983,0.573482428115016,0.274167987321712,0.32398753894081,0.0888888888888889,0.710323574730354,0.563981042654028,0.779342723004695,0.764331210191083,0.937205651491366,0.0719754977029096,0.987034035656402,0.0410958904109589,0.787638668779715,0.2416,0.0738461538461539,0.2671875,0.072289156626506,0.923076923076923,0.270015698587127,0.0795454545454545,0.080952380952381,0.082018927444795,0.0736677115987461,0.0659340659340659,0.214626391096979,0.763636363636364,0.0854430379746835,0.594043887147335,0.7673343605547,0.407120743034056,0.400621118012422,0.28816199376947,0.0666666666666667,0.269413629160063,0.0657492354740061,0.625196850393701,0.262479871175523,0.445131375579598,0.255054432348367,0.216923076923077,0.237871674491393,0.073959938366718,0.569620253164557,0.181395348837209,0.0684931506849315,0.0763358778625954,0.118483412322275,0.919254658385093,0.396604938271605,0.0512422360248447,0.0865533230293663,0.5141065830721,0.645990922844175,0.674491392801252,0.073094867807154,0.695652173913043,0.680786686838124,0.246031746031746,0.643625192012289,0.0788253477588872,0.172248803827751,0.76840490797546,0.0738993710691824,0.150684931506849,0.237209302325581,0.198412698412698,0.0625,0.0803149606299213,0.0777604976671851,0.254263565891473,0.0781010719754977,0.266990291262136,0.323763955342903,0.290015847860539,0.0525502318392581,0.918238993710692,0.658064516129032,0.256692913385827,0.570987654320988,0.98297213622291,0.69047619047619,0.29601226993865,1,0.0689102564102564,0.3828125,0.0619047619047619,0.263482280431433,0.286614173228346,0.251980982567353,0.0624048706240487,0.0509259259259259,0.977099236641221,0.0698757763975155,0.2203125,0.0653907496012759,0.0896,0.08,0.723228995057661,0.0755905511811024,0.0746500777604977,0.640062597809077,0.0828220858895705,0.500763358778626,0.0814132104454685,0.975308641975309,0.655172413793103,0.440625,0.0434782608695652,0.273148148148148,0.274167987321712,0.168486739469579,0.06645056726094,0.63482280431433,0.73374613003096,0.998447204968944,0.636075949367089,0.995215311004785,0.844827586206897,0.0806697108066971,0.632970451010886,0.786729857819905,0.0816944024205749,0.762121212121212,0.915873015873016,0.0959119496855346,0.0664605873261206,0.762820512820513,0.829420970266041,0.776898734177215,0.0683229813664596,0.0715396578538103,0.2608,0.0690184049079755,0.564437194127243,0.657935285053929,0.0791139240506329,0.652173913043478,0.708333333333333,0.691823899371069,0.0797448165869219,0.0819165378670788,0.0682852807283763,0.244582043343653
"185",0.625196850393701,0.623586429725363,0.596463022508039,0.603225806451613,0,0,0,0,0,0,0,0,0,0,0,0,0,0,0,0,0,0,0,0,0,0,0,0,0,0,0,0,0,0,0,0,0,0,0,0,0,0,0,0,0,0,0,0.620528771384137,0.627831715210356,0.615506329113924,0.595779220779221,0.0131578947368421,0,0,0.00777604976671851,0.0160771704180064,0.00793650793650794,0.0111287758346582,0.00632911392405063,0.00950871632329636,0.0141065830721003,0.00483870967741936,0.0113268608414239,0.00981996726677578,0.014218009478673,0.012924071082391,0.00947867298578199,0.0299212598425197,0.012779552715655,0.00970873786407767,0,0.0110410094637224,0.00805152979066022,0.0113821138211382,0.00789889415481832,0.00972447325769854,0.0113636363636364,0.00963081861958266,0.00821018062397373,0.00955414012738853,0,0.0111642743221691,0.00771604938271605,0.0127186009538951,0.00956937799043062,0.0126182965299685,0.010989010989011,0.00967741935483871,0.00955414012738853,0,0.00813008130081301,0.0109717868338558,0.00969305331179321,0,0.0113085621970921,0.0109204368174727,1,0.00478468899521531,0.00315457413249211,0.00324149108589951,0.0015748031496063,0.230016313213703,0.512820512820513,0.4688995215311,0.00161812297734628,0.162162162162162,0.00317460317460317,0.00319488817891374,0.143790849673203,0.113744075829384,1,0.0501618122977346,0.00159235668789809,0.00321027287319422,0.00324675324675325,1,0.495987158908507,0.00155763239875389,0.00806451612903226,0.510603588907015,0.00161550888529887,1,0.00313479623824451,0.998387096774194,0.00318471337579618,0.0194489465153971,0.0031055900621118,1,0.00316957210776545,0.00312989045383412,0.4192,0.166394779771615,0.472668810289389,0.00314465408805031,0.516501650165016,0,0.00307219662058372,0.51063829787234,0.127760252365931,0.568075117370892,0.553259141494436,0.544283413848631,0.00159744408945687,0.00160771704180064,0.00315955766192733,0.00313479623824451,0.00313479623824451,0.743421052631579,0.0110236220472441,0.415360501567398,0.00323101777059774,1,0.310897435897436,0.00308166409861325,0.00161030595813205,1,0.0033112582781457,0.169491525423729,0.0048,0.00159235668789809,1,0.847266881028939,0.00157977883096367,0.00321027287319422,0.00316455696202532,0.573743922204214,0.552117263843648,0.0032258064516129,0.00315955766192733,0.00157977883096367,0.52276295133438,0.0031201248049922,0.503367003367003,0.426256077795786,0.0198675496688742,0.00321027287319422,0.00975609756097561,0.00328947368421053,0.52827140549273,0.00159489633173844,0.0457413249211356,0.00777604976671851,0.4984375,0.0689102564102564,1,0.00161812297734628,0.00323624595469256,0.515923566878981,0.49025974025974,0.52258064516129,0.0031496062992126,0.00316455696202532,0.0397456279809221,0.00315457413249211,0.0126782884310618,0.0032520325203252,1,1,0.173913043478261,0.971107544141252,0.9952,0.0016,0.998430141287284,0.341653666146646,0.9953125,0.110236220472441,0.00161290322580645,0.358730158730159,0.003125,0.500780031201248,0.51227495908347,0.0128205128205128,0.0033167495854063,0.00314465408805031,0.00158478605388273,0.0712025316455696,0.0031496062992126,0.0570032573289902,0.156351791530945,0.998454404945904,0.167987321711569,0.00326797385620915,1,0.096875,0.00656814449917898,0.941368078175896,0.974723538704581,0.00163934426229508,0.00318979266347687,0.00317965023847377,0.9984,0.00315955766192733,0.521311475409836,0.00317460317460317,0.013355592654424,0.00315457413249211,0.998410174880763,0.0144230769230769,0.206624605678233,0.0032520325203252,1,0.981366459627329,0.003125,0.00158982511923688
"186",0,0.00158982511923688,0.00158478605388273,0,0,0,0,0,0,0,0,0,0,0,0,0,0,0,0,0,0,0,0,0,0,0,0,0,0,0,0,0,0,0,0,0,0,0,0,0,0,0,0,0,0,0,0,0.00154083204930663,0.00158227848101266,0.00154798761609907,0.00159744408945687,0,0.250793650793651,0.143079315707621,0,0,0,0.0015527950310559,0.004739336492891,0,0,0.00157728706624606,0,0,0,0,0,0,0.0016025641025641,0,0.0141509433962264,0.00156739811912226,0,0,0,0,0,0.00156985871271586,0.00641025641025641,0,0.03486529318542,0,0.00153846153846154,0,0,0,0,0.00315955766192733,0,0.0124804992199688,0,0,0.0016025641025641,0.00964630225080386,0,0.00153374233128834,0.00160513643659711,0.671383647798742,0.648351648351648,0.674121405750799,0.792511700468019,0.101777059773829,0.00476947535771065,0.00622083981337481,0.7140549273021,0.141965678627145,0.837320574162679,0.609984399375975,0.174959871589085,0.272583201267829,0.00157232704402516,0.394524959742351,0.613458528951487,0.605304212168487,0.845047923322684,0,0.00791139240506329,0.655487804878049,0.48006379585327,0.0048,0.711538461538462,0,0.69375,0.00159235668789809,0.639937106918239,0.71405750798722,0.614916286149163,0,0.824451410658307,0.619482496194825,0.004739336492891,0.298412698412698,0.0300632911392405,0.680981595092024,0.00323624595469256,0.631415241057543,0.658267716535433,0.0032520325203252,0.315707620528771,0.0811232449297972,0.00156985871271586,0,0.691107644305772,0.464630225080386,0.71830985915493,0.676609105180534,0.696784073506891,0.00161030595813205,0.461897356143079,0.00469483568075117,0.594976452119309,0.00156494522691706,0.0234741784037559,0.746932515337423,0.727272727272727,0.00155763239875389,0.703525641025641,0.125574272588055,0.752,0.761755485893417,0,0.00158730158730159,0.620743034055728,0.680445151033386,0.755384615384615,0.0015748031496063,0.00161290322580645,0.665056360708535,0.695102685624013,0.696825396825397,0.00154083204930663,0.72107765451664,0,0.00647249190938511,0.517857142857143,0.617784711388456,0.481421647819063,0.353407290015848,0.00321543408360129,0.654088050314465,0.384853168469861,0.329803328290469,0.00154559505409583,0.3828125,0.00161812297734628,1,0.619426751592357,0.0078125,0.00324149108589951,0.00316455696202532,0.662480376766091,0.620528771384137,0.38006230529595,0.64,0.719814241486068,0.612179487179487,0.0016025641025641,0.00156739811912226,0.124386252045827,0.00159235668789809,0.00159235668789809,0.762951334379906,0.00153846153846154,0.0138461538461538,0.0015552099533437,0.31201248049922,0.736263736263736,0.4953125,0.55607476635514,0.00304878048780488,0.00163132137030995,0.482649842271293,0.619902120717781,0.784375,0.66403785488959,0.381172839506173,0.771293375394322,0.383386581469649,0.197472353870458,0,0.141945773524721,0.600961538461538,0.00151285930408472,0.203076923076923,0.470873786407767,0.00159489633173844,0.00156494522691706,0.613268608414239,0.561815336463224,0.612698412698413,0,0.684458398744113,0.00322061191626409,0.671802773497689,0.37378640776699,0.754276827371695,0,0.308411214953271,0.100156494522692,0.7152,0.00158982511923688,0.00156494522691706,0.682588597842835,0.839116719242902
"187",0,0.00159489633173844,0.00321543408360129,0.00162866449511401,0,0,0,0,0,0,0,0,0,0,0,0,0,0,0,0,0,0.00646203554119548,0.00631911532385466,0,0,0,0,0,0,0,0,0,0,0,0,0,0,0,0,0,0,0,0,0,0,0,0,0.00154798761609907,0.00159235668789809,0.00317460317460317,0.00321027287319422,0,0.64968152866242,0.496062992125984,0.00159744408945687,0,0,0,0.0062992125984252,0,0,0,0,0.00328407224958949,0,0,0,0,0,0.0016260162601626,0.0253968253968254,0.00156494522691706,0,0,0,0.00159744408945687,0,0.00162337662337662,0.00480769230769231,0,0.0797448165869219,0,0.00310077519379845,0,0,0,0,0.008,0,0.0220820189274448,0,0,0,0.0161290322580645,0,0,0.00323101777059774,0.729430379746835,0.988888888888889,0.896440129449838,0.409448818897638,0.00491803278688525,0.00321027287319422,0.00323101777059774,0.859903381642512,0.00783699059561128,0.456140350877193,0.277165354330709,0.014446227929374,0.0316455696202532,0.0031496062992126,0.0904684975767367,0.916006339144215,0.277867528271405,0.803889789303079,0.00160771704180064,0.00320512820512821,0.963133640552995,0.143548387096774,0.0032258064516129,0.909090909090909,0.00164203612479475,0.919484702093398,0.0016,0.991909385113269,0.63258785942492,0.27613104524181,0.00161812297734628,0.458003169572108,0.280811232449298,0.00319488817891374,0.169082125603865,0.00476190476190476,0.898928024502297,0.0032258064516129,0.97933227344992,0.309262166405024,0.00327868852459016,0.169036334913112,0.0172684458398744,0.00312989045383412,0.00159489633173844,0.918918918918919,0.26038338658147,0.664566929133858,0.84748427672956,0.914330218068536,0.00161812297734628,0.145569620253165,0.0015748031496063,0.982142857142857,0.00320512820512821,0.00159235668789809,0.393700787401575,0.350157728706625,0.00315457413249211,0.367213114754098,0.00470957613814757,0.63751987281399,0.387301587301587,0.00160513643659711,0.00163132137030995,0.279179810725552,0.900641025641026,0.896875,0.00318979266347687,0.00323101777059774,0.916129032258065,0.880191693290735,0.888709677419355,0.00311526479750779,0.90894819466248,0.00165016501650165,0.0032626427406199,0.409539473684211,0.985871271585557,0.149277688603531,0.161500815660685,0.00157977883096367,0.419558359621451,0.0957613814756672,0.146604938271605,0.00157232704402516,0.0619047619047619,0.00323624595469256,0.619426751592357,1,0.0015748031496063,0.0016260162601626,0.0016366612111293,0.901098901098901,0.938967136150235,0.0995184590690209,0.979527559055118,0.63015873015873,0.9872,0.00323624595469256,0.00160771704180064,0.00330578512396694,0.00317460317460317,0.003125,0.422222222222222,0.00315457413249211,0.0031104199066874,0.0031104199066874,0.0376766091051805,0.372168284789644,0.25,0.95447409733124,0.00623052959501558,0.0016260162601626,0.573033707865168,0.978723404255319,0.405956112852665,0.315047021943574,0.0704225352112676,0.3872,0.076555023923445,0.00647249190938511,0.00152905198776758,0.00479233226837061,0.271844660194175,0.00154559505409583,0.04375,0.146818923327896,0.00326797385620915,0.00159744408945687,0.28500823723229,0.217460317460317,0.284345047923323,0,0.914149443561208,0.00160771704180064,0.912698412698413,0.180762852404643,0.377916018662519,0.00159489633173844,0.153846153846154,0.00158730158730159,0.360708534621578,0.00324149108589951,0.003125,0.90527950310559,0.780096308186196
"188",0.246153846153846,0.238021638330757,0.2125,0.19811320754717,0,0,0,0,0,0,0,0,0,0,0,0,0,0,0,0,0,0,0,0,0,0,0,0,0,0,0,0,0,0,0,0,0,0,0,0,0,0,0,0,0,0,0,0.255639097744361,0.253086419753086,0.232704402515723,0.218553459119497,0.0276872964169381,0,0,0.0152439024390244,0.0234741784037559,0.018348623853211,0.0137825421133231,0.00941915227629513,0.0172413793103448,0.0199386503067485,0.0111464968152866,0.0204724409448819,0.0176565008025682,0.024653312788906,0.0216383307573416,0.0185758513931889,0.0262751159196291,0.0237341772151899,0.0189873417721519,0,0.0185185185185185,0.0157977883096366,0.0173501577287066,0.015552099533437,0.0170015455950541,0.0172413793103448,0.0186335403726708,0.0111642743221691,0.0199081163859112,0,0.0170278637770898,0.015015015015015,0.021671826625387,0.0185471406491499,0.0212121212121212,0.0215716486902928,0.014218009478673,0.0207667731629393,0,0.0205371248025276,0.0213089802130898,0.0160771704180064,0,0.0204081632653061,0.0167173252279635,0.515772870662461,0.182098765432099,0.00152905198776758,0.0126984126984127,0.00927357032457496,0.701587301587302,0.981220657276995,0.934169278996865,0.0458135860979463,0.574468085106383,0.0094488188976378,0.0559875583203732,0.497592295345104,0.371695178849145,0.532507739938081,0.256778309409888,0.00777604976671851,0.0488958990536278,0.0112,0.507042253521127,0.986068111455108,0.00150602409638554,0.202229299363057,0.987421383647799,0.00809061488673139,0.522222222222222,0.0078003120124805,0.504731861198738,0.00156739811912226,0.181388012618297,0.0594512195121951,0.525902668759812,0.0171073094867807,0.0564885496183206,0.857142857142857,0.66304347826087,0.965299684542587,0.0303030303030303,0.992,0.00305810397553517,0.163297045101089,0.991961414790997,0.614197530864197,0.803125,0.952380952380952,0.964285714285714,0.0106382978723404,0.336990595611285,0.181959564541213,0.0723076923076923,0.0106221547799697,0.79304897314376,0.214506172839506,0.867579908675799,0.00157728706624606,0.534456355283308,0.769470404984424,0.00768049155145929,0.0279503105590062,0.527301092043682,0.0271132376395534,0.596358118361153,0.15600624024961,0.00771604938271605,0.517884914463453,0.66403785488959,0.0540958268933539,0.00950871632329636,0.00151745068285281,0.956181533646322,0.941915227629513,0.0110759493670886,0.0313479623824451,0.0309119010819165,0.990881458966565,0.00921658986175115,0.977272727272727,0.936,0.442307692307692,0.00153609831029186,0.19620253164557,0.405660377358491,0.988976377952756,0.116564417177914,0.248466257668712,0.408408408408408,0.945987654320988,0.263482280431433,0.515923566878981,0.0078125,0.0015748031496063,1,0.980922098569157,0.985871271585557,0.0121580547112462,0.0045662100456621,0.238244514106583,0.00153846153846154,0.182098765432099,0.00156985871271586,0.531746031746032,0.518927444794953,0.531502423263328,0.56043956043956,0.537267080745342,0.003125,0.511380880121396,0.772519083969466,0.526475037821483,0.32093023255814,0.0046875,0.234662576687117,0.00153609831029186,0.978593272171254,0.984251968503937,0.378125,0.00324675324675325,0.0108024691358025,0.0185758513931889,0.262910798122066,0.00469483568075117,0.249609984399376,0.443396226415094,0.518796992481203,0.631911532385466,0.0537124802527646,0.523664122137405,0.510606060606061,0.192982456140351,0.578274760383387,0.54375,0.0617088607594937,0.0956112852664577,0.0578125,0.524390243902439,0.0109546165884194,0.988871224165342,0.0135746606334842,0.481054365733114,0.00458715596330275,0.538461538461538,0.452012383900929,0.551459293394777,0.00628930817610063,0.521531100478469,0.519756838905775,0.0120663650075415,0.0110236220472441
"189",0.251582278481013,0.244372990353698,0.213166144200627,0.189710610932476,0,0,0,0,0,0,0,0,0,0,0,0,0,0,0,0,0,0,0,0,0,0,0,0,0,0,0,0,0,0,0,0,0,0,0,0,0,0,0,0,0,0,0,0.247663551401869,0.241157556270096,0.232339089481947,0.219001610305958,0.0236486486486486,0,0,0.014218009478673,0.0240384615384615,0.0173228346456693,0.0143769968051118,0.00798722044728434,0.0158478605388273,0.0192616372391653,0.0113268608414239,0.0192307692307692,0.0176848874598071,0.0238095238095238,0.0210696920583468,0.0175718849840256,0.0250783699059561,0.0227642276422764,0.0182421227197347,0,0.0175438596491228,0.0145867098865478,0.0162337662337662,0.01743264659271,0.0160771704180064,0.0178282009724473,0.0177133655394525,0.0113268608414239,0.0190174326465927,0,0.0176565008025682,0.0138888888888889,0.0220472440944882,0.0175718849840256,0.0202808112324493,0.0205047318611987,0.0129659643435981,0.0192926045016077,0,0.0194805194805195,0.0202492211838006,0.0158478605388273,0,0.0190779014308426,0.015748031496063,0.509803921568627,0.174050632911392,0.00157728706624606,0.00161550888529887,0.00476947535771065,0.724590163934426,0.9936,0.959677419354839,0.033167495854063,0.591125198098257,0.00482315112540193,0.0660377358490566,0.528641571194763,0.379807692307692,0.507109004739337,0.281505728314239,0.00158227848101266,0.0587301587301587,0.00492610837438424,0.501572327044025,0.988993710691824,0.00155038759689922,0.223642172523962,0.987179487179487,0.00163132137030995,0.508914100486224,0.00161030595813205,0.49025974025974,0.00160771704180064,0.176848874598071,0.0700934579439252,0.503225806451613,0.0206349206349206,0.0646687697160883,0.888,0.674267100977199,0.974025974025974,0.024653312788906,0.985148514851485,0.00319488817891374,0.157392686804452,0.983361064891847,0.615262321144674,0.792721518987342,0.938193343898574,0.956318252730109,0,0.372964169381107,0.183574879227053,0.0700636942675159,0.00156739811912226,0.778846153846154,0.225705329153605,0.897959183673469,0.00162337662337662,0.513931888544892,0.80127186009539,0.00783699059561128,0.0192307692307692,0.50801282051282,0.0388349514563107,0.611197511664075,0.160655737704918,0.0047244094488189,0.502415458937198,0.651612903225806,0.0575079872204473,0.00161290322580645,0.00156494522691706,0.950980392156863,0.931089743589744,0.00487012987012987,0.0253565768621236,0.022508038585209,0.983024691358025,0.00158227848101266,1,0.958881578947368,0.423841059602649,0.00158982511923688,0.207455429497569,0.440065681444992,0.980676328502415,0.133858267716535,0.270015698587127,0.432307692307692,0.978021978021978,0.286614173228346,0.49025974025974,0.00324149108589951,0.0016260162601626,0.980922098569157,1,0.983766233766234,0.00157232704402516,0.00158227848101266,0.265402843601896,0.00157232704402516,0.18341307814992,0.0016260162601626,0.513821138211382,0.506535947712418,0.551260504201681,0.530448717948718,0.5056,0.0063391442155309,0.49609984399376,0.795886075949367,0.507109004739337,0.34181240063593,0.00162337662337662,0.200631911532385,0.00157977883096367,0.996899224806202,0.995073891625616,0.371653543307087,0.00336700336700337,0.00625,0.0332278481012658,0.29570747217806,0.00796178343949045,0.27724358974359,0.455573505654281,0.502318392581144,0.6496,0.0682539682539682,0.513931888544892,0.540752351097179,0.211570247933884,0.558252427184466,0.528089887640449,0.0717781402936378,0.124401913875598,0.064873417721519,0.502384737678855,0.00159744408945687,0.980327868852459,0.00477707006369427,0.506535947712418,0.0062111801242236,0.521739130434783,0.485623003194888,0.594936708860759,0.00811688311688312,0.501612903225806,0.513178294573643,0.0015527950310559,0.00488599348534202
"190",0.261075949367089,0.256493506493506,0.229430379746835,0.21486268174475,0,0,0,0,0,0,0,0,0,0,0,0,0,0,0,0,0,0,0,0,0,0,0,0,0,0,0,0,0,0,0,0,0,0,0,0,0,0,0,0,0,0,0,0.271472392638037,0.266666666666667,0.253968253968254,0.229132569558101,0.0252100840336134,0,0,0.0127186009538951,0.0195121951219512,0.0142405063291139,0.0124804992199688,0.00963081861958266,0.0143312101910828,0.0185185185185185,0.00803858520900321,0.0158982511923688,0.0149750415973378,0.0206677265500795,0.0176,0.0159744408945687,0.021978021978022,0.0193861066235864,0.0144230769230769,0,0.0157977883096366,0.0128205128205128,0.0159235668789809,0.0157232704402516,0.0128824476650564,0.0128824476650564,0.0144,0.00977198697068404,0.0158227848101266,0,0.0128,0.0139318885448916,0.0171339563862928,0.0158478605388273,0.0188087774294671,0.0173501577287066,0.0143540669856459,0.0161030595813204,0,0.0159235668789809,0.0172413793103448,0.0127591706539075,0,0.0177705977382876,0.0156739811912226,0.541871921182266,0.17219589257504,0.00157977883096367,0.00160771704180064,0.0046875,0.697115384615385,0.9872,0.948553054662379,0.0310965630114566,0.557324840764331,0.00158730158730159,0.0493630573248408,0.497560975609756,0.348031496062992,0.536231884057971,0.233443708609272,0.00156985871271586,0.0384,0.00815660685154975,0.523809523809524,0.980952380952381,0.0015015015015015,0.18578352180937,0.991869918699187,0.00161550888529887,0.540192926045016,0.00158227848101266,0.529983792544571,0.0015748031496063,0.173354735152488,0.0492307692307692,0.540540540540541,0.00946372239747634,0.0436817472698908,0.866129032258064,0.6432,0.950949367088608,0.0214723926380368,1,0.00155763239875389,0.143307086614173,0.99835255354201,0.59904912836767,0.819776714513557,0.96474358974359,0.9744,0,0.325281803542673,0.179775280898876,0.0719874804381847,0.00155038759689922,0.819645732689211,0.190551181102362,0.874603174603175,0.00159489633173844,0.542452830188679,0.7696,0.00470957613814757,0.0251572327044025,0.547619047619048,0.0176282051282051,0.585516178736518,0.148562300319489,0.00317460317460317,0.534733441033926,0.666131621187801,0.0412698412698413,0.00160771704180064,0.00154320987654321,0.974522292993631,0.956869009584665,0.00320512820512821,0.0236593059936909,0.0194174757281553,0.996927803379416,0.0015600624024961,0.985049833887043,0.944894651539708,0.418032786885246,0.00159744408945687,0.180936995153473,0.393841166936791,0.992025518341308,0.110410094637224,0.232704402515723,0.404580152671756,0.957680250783699,0.251980982567353,0.52258064516129,0.00316455696202532,0.0016366612111293,0.985871271585557,0.983766233766234,1,0.00154798761609907,0.00154798761609907,0.22432859399684,0.00159235668789809,0.175911251980983,0.00162866449511401,0.547540983606557,0.534733441033926,0.524752475247525,0.555205047318612,0.551779935275081,0.0046656298600311,0.524844720496894,0.777080062794348,0.547546012269939,0.306477093206951,0.00321543408360129,0.224,0.0015552099533437,0.981308411214953,0.992,0.362776025236593,0.00164473684210526,0.00317460317460317,0.017515923566879,0.256735340729002,0.00476190476190476,0.233226837060703,0.42515923566879,0.53198127925117,0.619808306709265,0.040650406504065,0.536923076923077,0.505426356589147,0.184339314845024,0.590909090909091,0.554330708661417,0.0490998363338789,0.0936507936507937,0.0492063492063492,0.529595015576324,0.00159489633173844,0.99672131147541,0.00316957210776545,0.475409836065574,0.00313971742543171,0.555555555555556,0.452648475120385,0.558028616852146,0.0048,0.522508038585209,0.536050156739812,0.00157977883096367,0.00626959247648903
"191",0,0.0015600624024961,0.0061633281972265,0.00618238021638331,0,0,0,0,0,0,0,0,0,0,0,0,0,0,0,0,0,0.00154798761609907,0.00453857791225416,0,0,0,0,0,0,0,0,0,0,0,0,0,0,0,0,0,0,0,0,0,0,0,0,0.00149253731343284,0.00153609831029186,0.00597014925373134,0.0077639751552795,0,0.57469512195122,0.450151057401813,0.00151975683890578,0,0,0.0184049079754601,0.00775193798449612,0,0,0,0,0.00156739811912226,0,0,0,0,0,0.00155763239875389,0.0338983050847458,0.00925925925925926,0,0,0,0.00154559505409583,0,0.00152439024390244,0.00628930817610063,0,0.118279569892473,0,0.00303951367781155,0,0,0,0,0.00941915227629513,0,0.0287443267776097,0,0,0,0.0262345679012346,0,0.00151515151515152,0.00311526479750779,0.788819875776398,0.904545454545455,1,0.457703927492447,0.00157232704402516,0.00309119010819165,0.00305810397553517,0.95141065830721,0.0105740181268882,0.509984639016897,0.293394777265745,0.015625,0.0354938271604938,0.00305810397553517,0.0922098569157393,0.958841463414634,0.281931464174455,0.785488958990536,0.00153374233128834,0.0121765601217656,0.940828402366864,0.159442724458204,0.00317965023847377,0.984152139461173,0.0015527950310559,0.980152671755725,0.0015527950310559,0.913846153846154,0.694915254237288,0.293154761904762,0.00153609831029186,0.446319018404908,0.291540785498489,0.00309119010819165,0.214723926380368,0.0294573643410853,0.968796433878158,0.0031201248049922,0.913109756097561,0.341389728096677,0.00315457413249211,0.211890243902439,0.0557275541795666,0.00304878048780488,0.00154083204930663,0.984848484848485,0.246875,0.726717557251908,0.914764079147641,0.996951219512195,0.00157977883096367,0.149162861491629,0.00152439024390244,0.901538461538462,0.00304878048780488,0.00155763239875389,0.419062027231467,0.373456790123457,0.00303951367781155,0.361669242658423,0.00444444444444444,0.666666666666667,0.414264036418816,0.00154559505409583,0.00155763239875389,0.284839203675345,0.998435054773083,0.831111111111111,0.00309597523219814,0.0031055900621118,0.989028213166144,0.952453987730061,0.958333333333333,0.00301659125188537,0.974045801526718,0.0015748031496063,0.0031104199066874,0.482758620689655,0.903963414634146,0.155145929339478,0.163522012578616,0.0015552099533437,0.368263473053892,0.0974124809741248,0.161961367013373,0.00151745068285281,0.0624048706240487,0.0031496062992126,0.662480376766091,0.901098901098901,0.0121580547112462,0.00157232704402516,0.00154798761609907,1,0.935240963855422,0.0983358547655068,0.939485627836611,0.698170731707317,0.911392405063291,0.0031201248049922,0.00156739811912226,0.00470957613814757,0.0107197549770291,0.00306748466257669,0.419354838709677,0.0030441400304414,0.00299850074962519,0.00305810397553517,0.0438729198184569,0.400306748466258,0.309923664122137,0.876691729323308,0.00303030303030303,0.00154798761609907,0.628659476117103,0.924071082390953,0.433990895295903,0.327217125382263,0.0659509202453988,0.422839506172839,0.0778625954198473,0.00769230769230769,0.00149476831091181,0.00773993808049536,0.27742946708464,0.00147710487444609,0.0418535127055306,0.149606299212598,0.00313479623824451,0.00151285930408472,0.280125195618153,0.235114503816794,0.290123456790123,0,0.990895295902883,0.00156494522691706,0.993865030674847,0.214968152866242,0.413010590015129,0.00152439024390244,0.149922720247295,0.00152905198776758,0.38125,0.00313479623824451,0.00298507462686567,0.998493975903614,0.782407407407407
"192",0,0.0015527950310559,0.0077639751552795,0.00615384615384615,0,0,0,0,0,0,0,0,0,0,0,0,0,0,0,0,0,0.0283464566929134,0.0333333333333333,0,0,0,0,0,0,0,0,0,0,0,0,0,0.00778816199376947,0,0,0,0,0,0,0,0,0,0,0.00147710487444609,0.00152671755725191,0.0062111801242236,0.0093167701863354,0,0.656923076923077,0.521936459909228,0.00153609831029186,0,0,0.0287878787878788,0.0062111801242236,0,0,0,0,0.00157232704402516,0,0,0,0,0,0.00154320987654321,0.0320121951219512,0.00612557427258806,0,0,0,0.00153374233128834,0,0.0015625,0.004739336492891,0,0.129429892141757,0,0.003003003003003,0,0,0,0,0.00772797527047913,0,0.0271084337349398,0,0,0,0.0220125786163522,0,0,0.003125,0.719754977029097,0.91969696969697,0.936236391912908,0.393893129770992,0.00157232704402516,0.0031055900621118,0.003125,0.884914463452566,0.00457317073170732,0.443410852713178,0.250759878419453,0.0125391849529781,0.0242057488653555,0.00302571860816944,0.0732484076433121,0.987673343605547,0.245723172628305,0.749606299212598,0.00154083204930663,0.00454545454545455,0.936671575846834,0.124223602484472,0.0031055900621118,0.923317683881064,0.0015552099533437,0.930555555555556,0.00156739811912226,0.933028919330289,0.621538461538461,0.247376311844078,0.00154559505409583,0.408602150537634,0.253414264036419,0.00309119010819165,0.171779141104294,0.00627943485086342,0.913690476190476,0.00315457413249211,0.936630602782071,0.292867981790592,0.0031496062992126,0.158878504672897,0.0185758513931889,0.00303490136570561,0.00153139356814701,0.927692307692308,0.219242902208202,0.656967840735069,0.855828220858896,0.930618401206637,0.00156494522691706,0.129573170731707,0.00151515151515152,0.956989247311828,0.00304878048780488,0.00155038759689922,0.376899696048632,0.323076923076923,0.0031104199066874,0.314285714285714,0.0029673590504451,0.607963246554365,0.372699386503067,0.00153609831029186,0.0015600624024961,0.249614791987673,0.931746031746032,0.847432024169184,0.00309597523219814,0.0031201248049922,0.935023771790808,0.898021308980213,0.897674418604651,0.00294985250737463,0.926493108728943,0.00158982511923688,0.00318979266347687,0.426984126984127,0.960122699386503,0.129082426127527,0.137285491419657,0.00157977883096367,0.340943683409437,0.0821917808219178,0.126865671641791,0.00152905198776758,0.0509259259259259,0.00316455696202532,0.620528771384137,0.938967136150235,0.0045662100456621,0.00158227848101266,0.00154798761609907,0.935240963855422,1,0.0857580398162328,0.952599388379205,0.624808575803982,0.952904238618524,0.00314465408805031,0.0015625,0.0031496062992126,0.00465116279069767,0.00307692307692308,0.371695178849145,0.00303490136570561,0.00302571860816944,0.00297176820208024,0.0256797583081571,0.361635220125786,0.242009132420091,0.95475113122172,0.00301659125188537,0.0015625,0.577743902439024,0.945945945945946,0.380880121396055,0.286798179059181,0.0581039755351682,0.371294851794072,0.0684292379471229,0.00309119010819165,0.00150829562594268,0.00154798761609907,0.24804992199688,0.00149925037481259,0.0333333333333333,0.125,0.00311526479750779,0.0015220700152207,0.244514106583072,0.209553158705701,0.248073959938367,0,0.9359375,0.00157728706624606,0.934250764525994,0.158576051779935,0.357361963190184,0.00152905198776758,0.135007849293564,0.00151975683890578,0.333855799373041,0.00313971742543171,0.00302114803625378,0.94578313253012,0.74390243902439
"193",0.0062402496099844,0.009375,0.0093167701863354,0.00770416024653313,0,0,0,0,0,0,0,0,0,0,0,0,0,0,0,0,0,0,0,0,0,0,0,0,0,0,0,0,0,0,0,0,0,0,0,0,0,0,0,0,0,0,0,0.00898203592814371,0.00933125972006221,0.00920245398773006,0.00949367088607595,0.00485436893203883,0.00311526479750779,0.00303951367781155,0.00458715596330275,0.00471698113207547,0.00303030303030303,0.0015220700152207,0.00627943485086342,0.00308641975308642,0.00306748466257669,0.0109546165884194,0.00154798761609907,0.0046801872074883,0.00306278713629403,0.00313479623824451,0.003125,0.00152439024390244,0.00318471337579618,0.00470219435736677,0.0030441400304414,0.00154798761609907,0.0031496062992126,0.00153609831029186,0.00605143721633888,0.00306748466257669,0.00157977883096367,0.00462249614791988,0.0111464968152866,0.00309119010819165,0.00310077519379845,0.00154798761609907,0.00455235204855842,0.0030441400304414,0.003125,0,0.00306748466257669,0.004739336492891,0.00314465408805031,0.00455927051671732,0.0032,0.00299850074962519,0.00314465408805031,0.00470219435736677,0,0.00301204819277108,0.0490506329113924,0.1671875,0.12326656394453,0.10062893081761,0.619047619047619,0.553968253968254,0.254211332312404,0.291021671826625,0.11993769470405,0.688575899843505,0.588419405320814,0.815625,0.76,0.901538461538462,0.0395136778115502,0.985553772070626,0.0817901234567901,0.830455259026688,0.263736263736264,0.0414110429447853,0.228615863141524,0.111441307578009,0.949764521193093,0.241214057507987,0.114285714285714,0.0442338072669826,0.119122257053292,0.0453834115805947,0.100931677018634,0.234108527131783,0.811659192825112,0.0463678516228748,0.607751937984496,0.800904977375566,0.385692068429238,0.417054263565891,0.262015503875969,0.101190476190476,0.239302694136292,0.099388379204893,0.650695517774343,0.240770465489567,0.468847352024922,0.21875,0.190108191653787,0.19969040247678,0.10958904109589,0.613707165109034,0.213728549141966,0.10381679389313,0.110105580693816,0.0838607594936709,0.950617283950617,0.380368098159509,0.0961240310077519,0.0509259259259259,0.496062992125984,0.661068702290076,0.705607476635514,0.0383435582822086,0.725961538461538,0.669683257918552,0.263239875389408,0.65296803652968,0.0467289719626168,0.143307086614173,0.800302571860817,0.109350237717908,0.174962292609351,0.203442879499218,0.172741679873217,0.0984126984126984,0.123839009287926,0.117004680187207,0.228228228228228,0.116030534351145,0.244372990353698,0.307692307692308,0.316455696202532,0.0885496183206107,0.949921752738654,0.708399366085578,0.226209048361934,0.603076923076923,0.993846153846154,0.733433734939759,0.278033794162826,0.977099236641221,0.0397456279809221,0.38006230529595,0.0995184590690209,0.238244514106583,0.265402843601896,0.22432859399684,0.0983358547655068,0.0857580398162328,1,0.104704097116844,0.244992295839753,0.103503184713376,0.0551181102362205,0.0488188976377953,0.708133971291866,0.0455235204855842,0.046583850931677,0.654961832061069,0.0473282442748092,0.495398773006135,0.0501519756838906,0.940639269406393,0.672360248447205,0.437209302325581,0.0804248861911988,0.251524390243902,0.249602543720191,0.210200927357032,0.116693679092382,0.650381679389313,0.766513056835638,0.980122324159021,0.653061224489796,0.984251968503937,0.818611987381703,0.0466867469879518,0.615384615384615,0.829953198127925,0.0575757575757576,0.732330827067669,0.940251572327044,0.0714285714285714,0.043010752688172,0.806349206349206,0.867601246105919,0.814241486068111,0.0389408099688473,0.113003095975232,0.240887480190174,0.104134762633997,0.596122778675283,0.674922600619195,0.043343653250774,0.688372093023256,0.690076335877863,0.706161137440758,0.043956043956044,0.0485584218512898,0.102564102564103,0.270769230769231
"194",0,0.00154559505409583,0.0031055900621118,0.0015625,0,0,0,0,0,0,0,0,0,0,0,0,0,0,0,0,0,0,0,0,0,0,0,0,0,0,0,0,0,0,0,0,0,0,0,0,0,0,0,0,0,0,0,0.00150375939849624,0.00153374233128834,0.00307692307692308,0.00315457413249211,0,0.630769230769231,0.505359877488515,0.00153846153846154,0,0,0.0060790273556231,0.00625978090766823,0,0,0,0,0.00156739811912226,0,0,0,0,0,0.00158730158730159,0.0261538461538462,0.00309119010819165,0,0,0,0.0015600624024961,0,0.00154559505409583,0.0046801872074883,0,0.109737248840804,0,0.00299850074962519,0,0,0,0,0.0078740157480315,0,0.0227617602427921,0,0,0,0.0188976377952756,0,0,0.00315955766192733,0.755038759689923,0.978361669242658,0.9375,0.413010590015129,0.0031496062992126,0.0031201248049922,0.0031201248049922,0.893915756630265,0.0137404580152672,0.44375,0.278033794162826,0.0205696202531646,0.0349544072948328,0.00303030303030303,0.098256735340729,0.930769230769231,0.272161741835148,0.815336463223787,0.00151515151515152,0.00306748466257669,0.980769230769231,0.155864197530864,0.00316957210776545,0.942947702060222,0.00158982511923688,0.946401225114854,0.0015625,0.98780487804878,0.640625,0.267267267267267,0.00156985871271586,0.455384615384615,0.27710843373494,0.00311526479750779,0.19047619047619,0.0109375,0.925595238095238,0.0032,0.98613251155624,0.317484662576687,0.00318979266347687,0.184049079754601,0.0216383307573416,0.003003003003003,0.00153846153846154,0.943251533742331,0.25194401244168,0.672307692307692,0.867781155015198,0.942161339421613,0.00156494522691706,0.155725190839695,0.00153374233128834,0.970588235294118,0.00305810397553517,0.0015552099533437,0.386706948640483,0.343511450381679,0.00308641975308642,0.355450236966825,0.00755287009063444,0.632148377125193,0.388973966309342,0.00154083204930663,0.00156739811912226,0.275914634146341,0.939157566302652,0.890909090909091,0.00311526479750779,0.0031201248049922,0.950715421303657,0.911353032659409,0.916666666666667,0.0029940119760479,0.934351145038168,0.0016,0.00318979266347687,0.419047619047619,0.96937212863706,0.15748031496063,0.166931637519873,0.00157728706624606,0.404615384615385,0.10381679389313,0.145209580838323,0.00151975683890578,0.0698757763975155,0.00315457413249211,0.64,0.979527559055118,0.00153846153846154,0.00157232704402516,0.00159235668789809,0.939485627836611,0.952599388379205,0.104704097116844,1,0.638167938931298,0.981132075471698,0.00317460317460317,0.00156739811912226,0.00473186119873817,0.00308641975308642,0.003125,0.399385560675883,0.00301204819277108,0.00303951367781155,0.00302571860816944,0.0409711684370258,0.368421052631579,0.252293577981651,0.933130699088146,0.003003003003003,0.00158478605388273,0.590214067278288,0.99198717948718,0.393617021276596,0.30521472392638,0.0746951219512195,0.384853168469861,0.0838509316770186,0.0108864696734059,0.00148588410104012,0.00923076923076923,0.279365079365079,0.00147710487444609,0.0432835820895522,0.145110410094637,0.00312989045383412,0.00152439024390244,0.275316455696203,0.225656877897991,0.271056661562021,0,0.945454545454545,0.00159489633173844,0.948012232415902,0.187800963081862,0.370650529500756,0.00153609831029186,0.151001540832049,0.00153609831029186,0.350467289719626,0.00310077519379845,0.00302114803625378,0.937019969278034,0.796267496111975
"195",0,0.00154320987654321,0.00474683544303797,0.00314465408805031,0,0,0,0,0,0,0,0,0,0,0,0,0,0,0,0,0,0,0,0,0,0,0,0,0,0,0,0,0,0,0,0,0,0,0,0,0,0,0,0,0,0,0,0.00151057401812689,0.0015527950310559,0.00460122699386503,0.00464396284829721,0,0.249230769230769,0.146564885496183,0.00153374233128834,0,0,0.00771604938271605,0.00773993808049536,0,0,0.003125,0,0.00162337662337662,0,0,0,0,0.00158227848101266,0.00158478605388273,0.0153846153846154,0.00310077519379845,0,0,0,0.00154320987654321,0,0.0031201248049922,0.00946372239747634,0,0.0407523510971787,0,0.00301204819277108,0,0,0,0,0.00469483568075117,0,0.0138674884437596,0,0,0.00158730158730159,0.0125195618153365,0,0,0.0173501577287066,0.903225806451613,0.651376146788991,0.705229793977813,0.561832061068702,0.241214057507987,0.185534591194969,0.193447737909516,0.788976377952756,0.267801857585139,0.581903276131045,0.433846153846154,0.261562998405104,0.203100775193798,0.0154559505409583,0.250403877221325,0.658461538461538,0.419047619047619,0.788309636650869,0.0156739811912226,0.211656441717791,0.651718983557549,0.309262166405024,0.1875,0.737089201877934,0.0157232704402516,0.720062208398134,0.0168970814132104,0.653543307086614,0.99685534591195,0.433482810164425,0.00941915227629513,0.576452599388379,0.442424242424242,0.178849144634526,0.491419656786271,0.232558139534884,0.724397590361446,0.169303797468354,0.635802469135803,0.563944530046225,0.184039087947883,0.483969465648855,0.276923076923077,0.158139534883721,0.16796267496112,0.717125382262997,0.549382716049383,0.955177743431221,0.795665634674923,0.719754977029097,0.127388535031847,0.298761609907121,0.172360248447205,0.579937304075235,0.0108359133126935,0.1796875,0.512977099236641,0.535101404056162,0.0155763239875389,0.481658692185008,0.234939759036145,0.940625,0.520123839009288,0.015600624024961,0.0172413793103448,0.417565485362096,0.71606864274571,0.602760736196319,0.146604938271605,0.167456556082148,0.682847896440129,0.72952086553323,0.721875,0.164634146341463,0.710323574730354,0.17524115755627,0.20545746388443,0.756714060031596,0.588050314465409,0.303543913713405,0.457869634340223,0.170616113744076,0.596330275229358,0.251533742331288,0.445454545454545,0.178736517719569,0.2203125,0.0126782884310618,0.719814241486068,0.63015873015873,0.182098765432099,0.18341307814992,0.175911251980983,0.698170731707317,0.624808575803982,0.244992295839753,0.638167938931298,1,0.6,0.0175438596491228,0.010989010989011,0.228295819935691,0.0401234567901235,0.0217054263565891,0.526645768025078,0.0199692780337942,0.155487804878049,0.0240963855421687,0.182779456193353,0.511627906976744,0.452418096723869,0.548048048048048,0.189969604863222,0.167197452229299,0.736842105263158,0.631493506493506,0.539877300613497,0.419753086419753,0.228878648233487,0.509287925696594,0.224489795918367,0.162790697674419,0.0136157337367625,0.271317829457364,0.404458598726115,0.0152439024390244,0.289833080424886,0.282467532467532,0.014446227929374,0.015625,0.410742496050553,0.382488479262673,0.438948995363215,0.0169491525423729,0.713629402756508,0.18025078369906,0.709428129829985,0.5072,0.510835913312694,0.0171073094867807,0.435458786936236,0.189147286821705,0.47360248447205,0.0206677265500795,0.0166919575113809,0.714503816793893,0.778471138845554
"196",0,0.00162074554294976,0.00321027287319422,0.00162074554294976,0,0,0,0,0,0,0,0,0,0,0,0,0,0,0,0,0,0.00974025974025974,0.0111287758346582,0,0,0,0,0,0,0,0,0,0,0,0,0,0,0,0,0,0,0,0,0,0,0,0,0.00156494522691706,0.00160513643659711,0.00315457413249211,0.0032626427406199,0,0.674050632911392,0.543478260869565,0.0016,0,0,0.00626959247648903,0.00798722044728434,0,0,0,0,0.00328407224958949,0,0,0,0,0,0.00164473684210526,0.0382165605095541,0.00474683544303797,0,0,0,0.0016260162601626,0,0.00159489633173844,0.00644122383252818,0,0.102728731942215,0,0.0031496062992126,0,0,0,0,0.0113636363636364,0,0.0331230283911672,0,0,0,0.0242718446601942,0,0,0.00326797385620915,0.705787781350482,0.979365079365079,0.908943089430894,0.393081761006289,0.0016366612111293,0.00321027287319422,0.00324149108589951,0.851132686084142,0.00943396226415094,0.43739837398374,0.262578616352201,0.0164473684210526,0.0297805642633229,0.00322061191626409,0.0953947368421053,0.926216640502355,0.271704180064309,0.784565916398714,0.00160771704180064,0.00317460317460317,0.960546282245827,0.152139461172742,0.00323624595469256,0.902800658978583,0.00162074554294976,0.911858974358974,0.00160513643659711,0.982484076433121,0.597063621533442,0.259780907668232,0.0016,0.433962264150943,0.269890795631825,0.00316957210776545,0.164274322169059,0.00162866449511401,0.9,0.00323101777059774,0.982731554160126,0.292527821939587,0.00328407224958949,0.176090468497577,0.014308426073132,0.00316957210776545,0.0016025641025641,0.912140575079872,0.232633279483037,0.630225080385852,0.818181818181818,0.911490683229814,0.00163132137030995,0.153968253968254,0.0015748031496063,0.996763754045307,0.003125,0.00160513643659711,0.377503852080123,0.32695374800638,0.00315955766192733,0.342105263157895,0.00313479623824451,0.594507269789984,0.370429252782194,0.00160771704180064,0.00161290322580645,0.269413629160063,0.904684975767367,0.886970172684458,0.00328407224958949,0.0033003300330033,0.911519198664441,0.8743961352657,0.878980891719745,0.003125,0.901587301587302,0.0016366612111293,0.00326797385620915,0.388333333333333,0.996875,0.150470219435737,0.160919540229885,0.0016025641025641,0.38351822503962,0.0993690851735016,0.145038167938931,0.0016,0.0653907496012759,0.0032520325203252,0.612179487179487,0.9872,0.00156985871271586,0.0016260162601626,0.00162866449511401,0.911392405063291,0.952904238618524,0.103503184713376,0.981132075471698,0.6,1,0.0032520325203252,0.00160771704180064,0.00497512437810945,0.00323624595469256,0.00322061191626409,0.393939393939394,0.00310077519379845,0.0031055900621118,0.003125,0.033175355450237,0.351046698872786,0.222575516693164,0.9629057187017,0.00309119010819165,0.00161812297734628,0.541996830427892,0.98655462184874,0.376788553259142,0.302066772655008,0.0724409448818898,0.364365971107544,0.082670906200318,0.00651465798045603,0.00154320987654321,0.00476947535771065,0.264090177133655,0.00153609831029186,0.0376175548589342,0.143790849673203,0.0033003300330033,0.00158227848101266,0.277504105090312,0.228434504792332,0.274478330658106,0,0.9104,0.00163934426229508,0.913875598086124,0.176859504132231,0.353035143769968,0.00163398692810458,0.145339652448657,0.00161030595813205,0.339285714285714,0.0032520325203252,0.00308641975308642,0.91601866251944,0.7664
"197",0.600315955766193,0.5904,0.574568288854003,0.587859424920128,0,0,0,0,0,0,0,0,0,0,0,0,0,0,0,0,0,0,0,0,0,0,0,0,0,0,0,0,0,0,0,0,0,0,0,0,0,0,0,0,0,0,0,0.605504587155963,0.604465709728868,0.598755832037325,0.572123176661264,0.0212765957446809,0,0,0.0157232704402516,0.0273752012882448,0.0174050632911392,0.012779552715655,0.0112903225806452,0.0176,0.0206022187004754,0.0113085621970921,0.0192616372391653,0.0146103896103896,0.0234375,0.0209677419354839,0.0176848874598071,0.0401284109149278,0.0206349206349206,0.0179738562091503,0,0.019047619047619,0.0175438596491228,0.0175718849840256,0.015748031496063,0.0161290322580645,0.0161812297734628,0.0174603174603175,0.0111821086261981,0.0188976377952756,0,0.0177993527508091,0.0139751552795031,0.0206677265500795,0.016025641025641,0.0172413793103448,0.021875,0.0128824476650564,0.0192,0,0.0179153094462541,0.0214723926380368,0.0143769968051118,0,0.0161030595813204,0.0171339563862928,1,0.00950871632329636,0.0031496062992126,0.0032626427406199,0.00157977883096367,0.253634894991922,0.52555910543131,0.486842105263158,0.00161550888529887,0.182389937106918,0.00321027287319422,0.00312989045383412,0.169105691056911,0.136012364760433,1,0.0644628099173554,0.00155763239875389,0.00323624595469256,0.00329489291598023,1,0.522222222222222,0.00154320987654321,0.0128205128205128,0.536065573770492,0.00162337662337662,1,0.00315457413249211,1,0.00317460317460317,0.0259319286871961,0.00306278713629403,1,0.00316455696202532,0.0031104199066874,0.447115384615385,0.195548489666137,0.502407704654896,0.00306748466257669,0.540098199672668,0,0.00315457413249211,0.522314049586777,0.152380952380952,0.591414944356121,0.585443037974684,0.565079365079365,0.00160771704180064,0.00321027287319422,0.0047244094488189,0.00313971742543171,0.00313479623824451,0.754442649434572,0.015748031496063,0.438485804416404,0.00323624595469256,1,0.332810047095761,0.00313479623824451,0.00157977883096367,1,0.00328407224958949,0.183800623052959,0.00477707006369427,0.0016,1,0.855072463768116,0.00158227848101266,0.0032626427406199,0.00310077519379845,0.591054313099042,0.581993569131833,0.00323624595469256,0.00320512820512821,0.0016,0.543778801843318,0.0031496062992126,0.534223706176962,0.446633825944171,0.0328947368421053,0.00319488817891374,0.0144,0.00646203554119548,0.55663430420712,0.00157728706624606,0.0598425196850394,0.0153609831029186,0.521193092621664,0.0896,1,0.0016025641025641,0.00323624595469256,0.531746031746032,0.513821138211382,0.547540983606557,0.0031201248049922,0.00314465408805031,0.0551181102362205,0.00317460317460317,0.0175438596491228,0.0032520325203252,1,1,0.187192118226601,0.977382875605816,0.998402555910543,0.00159489633173844,1,0.368916797488226,0.996875,0.129952456418384,0.00159744408945687,0.367088607594937,0.00308641975308642,0.529503105590062,0.536423841059603,0.0140845070422535,0.00335570469798658,0.00310077519379845,0.00158478605388273,0.0833333333333333,0.00318471337579618,0.0726978998384491,0.176,1,0.186413902053712,0.00323101777059774,1,0.113385826771654,0.0115511551155116,0.946428571428571,0.97456279809221,0.00162074554294976,0.00318979266347687,0.00315457413249211,1,0.00317460317460317,0.550724637681159,0.00318471337579618,0.0228384991843393,0.00315457413249211,1,0.0269413629160063,0.231974921630094,0.00323101777059774,1,0.984472049689441,0.0031055900621118,0.0016025641025641
"198",0.633173843700159,0.62779552715655,0.599364069952305,0.592063492063492,0,0,0,0,0,0,0,0,0,0,0,0,0,0,0,0,0,0,0,0,0,0,0,0,0,0,0,0,0,0,0,0,0,0,0,0,0,0,0,0,0,0,0,0.637904468412943,0.640449438202247,0.631083202511774,0.592,0.0182724252491694,0,0,0.0141287284144427,0.0208333333333333,0.0174880763116057,0.0109204368174727,0.0113085621970921,0.016,0.0173501577287066,0.0112359550561798,0.0159744408945687,0.0131147540983607,0.0206349206349206,0.0174603174603175,0.0157728706624606,0.0331230283911672,0.0193236714975845,0.016366612111293,0,0.0172955974842767,0.0176565008025682,0.0159235668789809,0.014308426073132,0.014308426073132,0.014308426073132,0.01743264659271,0.0113452188006483,0.0188976377952756,0,0.0160771704180064,0.0138461538461538,0.0171875,0.0141732283464567,0.0141732283464567,0.0189873417721519,0.0126782884310618,0.0177993527508091,0,0.0179738562091503,0.0185471406491499,0.0128824476650564,0,0.012987012987013,0.0141509433962264,1,0.00630914826498423,0.00157232704402516,0.0016260162601626,0.00157728706624606,0.233333333333333,0.519108280254777,0.477491961414791,0,0.165876777251185,0.0016025641025641,0.00157232704402516,0.156957928802589,0.125796178343949,1,0.0510708401976936,0.00156739811912226,0.00159744408945687,0.0016025641025641,1,0.503154574132492,0.0015220700152207,0.0112540192926045,0.520064205457464,0.00162337662337662,1,0.0015748031496063,0.99836867862969,0.00156985871271586,0.0194805194805195,0.00153139356814701,1,0.00158730158730159,0.0015552099533437,0.438291139240506,0.171799027552674,0.470684039087948,0.00154559505409583,0.532786885245902,0,0.00154798761609907,0.509181969949916,0.133333333333333,0.56386292834891,0.568218298555377,0.5536,0,0,0.00158227848101266,0.00156985871271586,0.0015748031496063,0.741573033707865,0.0124804992199688,0.4328125,0.00158730158730159,0.998447204968944,0.326332794830372,0.00156739811912226,0.00159744408945687,1,0.00162866449511401,0.171073094867807,0.00486223662884927,0,1,0.848534201954397,0,0.0016260162601626,0.00154559505409583,0.577170418006431,0.573692551505547,0.00162866449511401,0.00157728706624606,0,0.532710280373832,0.0015552099533437,0.514657980456026,0.445171849427169,0.0245499181669394,0.00157232704402516,0.0127388535031847,0.00328947368421053,0.542536115569823,0,0.0475435816164818,0.0137404580152672,0.515055467511886,0.08,1,0.00156739811912226,0.00160771704180064,0.518927444794953,0.506535947712418,0.534733441033926,0.00156739811912226,0.0015625,0.0488188976377953,0.00156739811912226,0.010989010989011,0.00160771704180064,1,1,0.166666666666667,0.971518987341772,0.995215311004785,0.00156494522691706,0.998435054773083,0.355590062111801,0.996927803379416,0.11496062992126,0,0.344827586206897,0.00157232704402516,0.508448540706605,0.523424878836834,0.015625,0.00162866449511401,0.0015600624024961,0.0015625,0.0762052877138414,0.00160771704180064,0.062992125984252,0.159420289855072,0.998461538461539,0.172741679873217,0.00160513643659711,1,0.109230769230769,0.00974025974025974,0.946601941747573,0.981042654028436,0,0.00159489633173844,0.0016025641025641,0.998420221169036,0.00157728706624606,0.532679738562091,0.00157232704402516,0.0212071778140294,0.00156494522691706,0.998394863563403,0.019047619047619,0.219242902208202,0.00160771704180064,1,0.992199687987519,0.0015625,0
"199",0.0566343042071197,0.057660626029654,0.0458265139116203,0.0431893687707641,0,0,0,0,0,0,0,0,0,0,0,0,0,0,0,0,0,0,0,0,0,0,0,0,0,0,0,0,0,0,0,0,0,0,0,0,0,0,0,0,0,0,0,0.0673981191222571,0.0685154975530179,0.0528846153846154,0.0446280991735537,0.011844331641286,0,0,0.00479233226837061,0.00977198697068404,0.00481540930979133,0.00322061191626409,0.0033003300330033,0.00483870967741936,0.00636942675159236,0.0146103896103896,0.00488599348534202,0.00166112956810631,0.00807754442649435,0.00821018062397373,0.00649350649350649,0.00634920634920635,0.00662251655629139,0.00494233937397035,0,0.00644122383252818,0.0048780487804878,0.00644122383252818,0.00632911392405063,0.00326797385620915,0.00327868852459016,0.00483870967741936,0.00491803278688525,0.00648298217179903,0,0.00327868852459016,0.00321543408360129,0.00476190476190476,0.00649350649350649,0.00645161290322581,0.00814332247557003,0.00326797385620915,0.00654664484451719,0,0.0066006600660066,0.00798722044728434,0.00324675324675325,0,0.00496688741721854,0.00642054574638844,0.16887417218543,0.144480519480519,0.00641025641025641,0.00337268128161889,0.325281803542673,0.846787479406919,0.555374592833876,0.615131578947368,0.0145867098865478,0.955954323001631,0.26797385620915,0.515873015873016,0.957166392092257,0.829821717990275,0.17124394184168,0.706270627062706,0.00162337662337662,0.516556291390728,0.0981996726677578,0.169329073482428,0.541329011345219,0.0031201248049922,0.634584013050571,0.538461538461538,0.00493421052631579,0.177631578947368,0.00483870967741936,0.1664,0.0048780487804878,0.218954248366013,0.503164556962025,0.175697865353038,0.331189710610932,0.507131537242472,0.684210526315789,0.531400966183575,0.561056105610561,0.0031055900621118,0.529313232830821,0,0.365971107544141,0.538720538720539,0.559738134206219,0.476422764227642,0.50402576489533,0.499184339314845,0.00160771704180064,0.565916398713826,0.202283849918434,0.0310965630114566,0.00327868852459016,0.369205298013245,0.626602564102564,0.681020733652313,0.00488599348534202,0.176,0.792207792207792,0.363057324840764,0.39968152866242,0.157980456026059,0.417348608837971,0.949367088607595,0.236928104575163,0.358064516129032,0.170212765957447,0.331168831168831,0.487261146496815,0.00503355704697987,0.00946372239747634,0.49344262295082,0.474631751227496,0.00327332242225859,0.0112,0.00650406504065041,0.529133858267717,0.00319488817891374,0.53781512605042,0.608623548922056,0.391666666666667,0.00481540930979133,0.6272,0.690671031096563,0.517355371900826,0.446227929373997,0.703821656050955,0.757527733755943,0.580645161290323,0.723228995057661,0.173913043478261,0.124386252045827,0.00330578512396694,0.531502423263328,0.551260504201681,0.524752475247525,0.00470957613814757,0.0031496062992126,0.708133971291866,0.00473186119873817,0.228295819935691,0.00497512437810945,0.187192118226601,0.166666666666667,1,0.186688311688312,0.175122749590835,0.347967479674797,0.175523349436393,0.790996784565916,0.177215189873418,0.776527331189711,0.398026315789474,0.280388978930308,0.00315955766192733,0.545454545454545,0.536666666666667,0.242765273311897,0.00332778702163062,0.341307814992026,0.454106280193237,0.733652312599681,0.351219512195122,0.727714748784441,0.9024,0.175,0.877616747181965,0.513114754098361,0.169014084507042,0.893481717011129,0.639344262295082,0.208681135225376,0.178170144462279,0.48671096345515,0.563426688632619,0.504777070063694,0.163695299837925,0.00486223662884927,0.534653465346535,0.00323101777059774,0.636054421768708,0.368932038834951,0.178688524590164,0.722132471728595,0.980551053484603,0.398692810457516,0.165562913907285,0.184126984126984,0.00480769230769231,0.103896103896104
"200",0.591331269349845,0.584905660377358,0.564742589703588,0.56687898089172,0,0,0,0,0,0,0,0,0,0,0,0,0,0,0,0,0,0,0,0,0,0,0,0,0,0,0,0,0,0,0,0,0,0,0,0,0,0,0,0,0,0,0,0.593939393939394,0.589341692789969,0.5875,0.564465408805031,0.0196399345335516,0,0,0.0154083204930663,0.0234375,0.0171606864274571,0.0154320987654321,0.0110935023771791,0.0172413793103448,0.0200927357032458,0.0108527131782946,0.0189873417721519,0.0142405063291139,0.0233644859813084,0.0200617283950617,0.0186625194401244,0.0340030911901082,0.0206022187004754,0.0177705977382876,0,0.0188087774294671,0.0159489633173844,0.0186915887850467,0.0138888888888889,0.0157232704402516,0.0158730158730159,0.0172684458398744,0.0111111111111111,0.0187207488299532,0,0.0171339563862928,0.0136986301369863,0.02,0.0157728706624606,0.0167682926829268,0.0199386503067485,0.0125984251968504,0.0204081632653061,0,0.0175438596491228,0.0214723926380368,0.0141509433962264,0,0.0156739811912226,0.018348623853211,0.973186119873817,0.0356037151702786,0.00309119010819165,0.0095389507154213,0.00307219662058372,0.246794871794872,0.544600938967136,0.493690851735016,0.020440251572327,0.169781931464174,0.00316455696202532,0.003125,0.161648177496038,0.12241653418124,0.967840735068913,0.0465489566613162,0.00941915227629513,0.00320512820512821,0.00316455696202532,0.967592592592593,0.544303797468354,0.00149253731343284,0.00782472613458529,0.548956661316212,0.008,0.976452119309262,0.0046875,0.977671451355662,0.00313479623824451,0.0482115085536547,0.00301204819277108,0.976190476190476,0.00312989045383412,0.00300751879699248,0.456556082148499,0.218553459119497,0.511111111111111,0.0197869101978691,0.559105431309904,0,0.0199081163859112,0.545751633986928,0.165109034267913,0.612752721617418,0.601880877742947,0.58740157480315,0.00463678516228748,0.0238473767885533,0.0220820189274448,0.0279503105590062,0.00917431192660551,0.781499202551834,0.0108359133126935,0.442546583850932,0.0031496062992126,0.978361669242658,0.324324324324324,0.00305343511450382,0.0015600624024961,0.973270440251572,0.00318979266347687,0.184848484848485,0.026984126984127,0.00154559505409583,0.978056426332288,0.814696485623003,0.00154559505409583,0.00956937799043062,0.0030441400304414,0.606918238993711,0.605678233438486,0.00955414012738853,0.0202492211838006,0.015552099533437,0.554711246200608,0.00307219662058372,0.535031847133758,0.4672,0.064,0.00304878048780488,0.0110410094637224,0.0219092331768388,0.566302652106084,0.00470957613814757,0.052790346907994,0.0241691842900302,0.534775888717156,0.0755905511811024,0.971107544141252,0.00159235668789809,0.00317460317460317,0.56043956043956,0.530448717948718,0.555205047318612,0.0107197549770291,0.00465116279069767,0.0455235204855842,0.00308641975308642,0.0401234567901235,0.00323624595469256,0.977382875605816,0.971518987341772,0.186688311688312,1,0.979750778816199,0.00155763239875389,0.970633693972179,0.355932203389831,0.972727272727273,0.111455108359133,0.00159744408945687,0.364632237871674,0.00308166409861325,0.538940809968847,0.552166934189406,0.0488188976377953,0.0032626427406199,0.00311526479750779,0.00154798761609907,0.0690184049079755,0.0031496062992126,0.0644654088050314,0.157232704402516,0.972307692307692,0.207278481012658,0.00316455696202532,0.974045801526718,0.113178294573643,0.00635930047694754,0.9072,0.949074074074074,0.0016025641025641,0.00313479623824451,0.0031104199066874,0.975,0.00771604938271605,0.554119547657512,0.00930232558139535,0.0437601296596434,0.00306278713629403,0.981424148606811,0.0451713395638629,0.216640502354788,0.00313479623824451,0.979655712050078,0.95565749235474,0.0076103500761035,0.00156494522691706
"201",0.62402496099844,0.609872611464968,0.595611285266458,0.595238095238095,0,0,0,0,0,0,0,0,0,0,0,0,0,0,0,0,0,0,0,0,0,0,0,0,0,0,0,0,0,0,0,0,0,0,0,0,0,0,0,0,0,0,0,0.626707132018209,0.625786163522013,0.616923076923077,0.596850393700787,0.0147058823529412,0,0,0.00941915227629513,0.0203761755485893,0.0109034267912773,0.0109375,0.00318979266347687,0.0110759493670886,0.0139318885448916,0.00797448165869218,0.0141287284144427,0.0128,0.0170542635658915,0.0157977883096366,0.0109546165884194,0.0325077399380805,0.0156739811912226,0.0144927536231884,0,0.0126382306477093,0.0096,0.0111111111111111,0.00765696784073507,0.0125,0.0142630744849445,0.0109034267912773,0.00802568218298555,0.0140405616224649,0,0.0156739811912226,0.00770416024653313,0.0155038759689922,0.0110410094637224,0.0137614678899083,0.0140845070422535,0.00634920634920635,0.0124223602484472,0,0.0131578947368421,0.0138461538461538,0.0111642743221691,0,0.0141732283464567,0.0108864696734059,0.998410174880763,0.0110236220472441,0.0031104199066874,0.00317460317460317,0.0015527950310559,0.235668789808917,0.523510971786834,0.486443381180223,0.00162337662337662,0.169984686064319,0.00316455696202532,0.00315457413249211,0.158319870759289,0.118670886075949,0.996894409937888,0.0546623794212219,0.00154798761609907,0.00317460317460317,0.0032258064516129,0.995327102803738,0.511700468018721,0.00151745068285281,0.00796178343949045,0.529886914378029,0.0016025641025641,0.998407643312102,0.00313971742543171,0.998432601880878,0.00314465408805031,0.0252764612954186,0.00303030303030303,1,0.00314465408805031,0.00305810397553517,0.430622009569378,0.188087774294671,0.489566613162119,0.00308166409861325,0.539452495974235,0,0.0031104199066874,0.518225039619651,0.136577708006279,0.584251968503937,0.571205007824726,0.55868544600939,0.0015552099533437,0.00634920634920635,0.00769230769230769,0.0031496062992126,0.0031055900621118,0.75801282051282,0.0109034267912773,0.428125,0.0031496062992126,0.998432601880878,0.324921135646688,0.00307692307692308,0.0015600624024961,0.996894409937888,0.00318979266347687,0.1797583081571,0.00796178343949045,0.0015527950310559,1,0.84430176565008,0.00156739811912226,0.00317965023847377,0.00309119010819165,0.584518167456556,0.575277337559429,0.00322061191626409,0.00317460317460317,0.00158982511923688,0.542813455657492,0.00313479623824451,0.516233766233766,0.443910256410256,0.0368589743589744,0.0031496062992126,0.00961538461538462,0.00961538461538462,0.555023923444976,0.0031201248049922,0.0481366459627329,0.0165912518853695,0.51702786377709,0.0746500777604977,0.9952,0.00159235668789809,0.003125,0.537267080745342,0.5056,0.551779935275081,0.00306748466257669,0.00307692307692308,0.046583850931677,0.003125,0.0217054263565891,0.00322061191626409,0.998402555910543,0.995215311004785,0.175122749590835,0.979750778816199,1,0.00156494522691706,0.996899224806202,0.359013867488444,0.996941896024465,0.115625,0.00157977883096367,0.358695652173913,0.0031201248049922,0.522550544323484,0.531502423263328,0.0191693290734824,0.00324675324675325,0.00310077519379845,0.00158982511923688,0.0688073394495413,0.00311526479750779,0.0631911532385466,0.163779527559055,0.996951219512195,0.18125,0.00316455696202532,0.99537037037037,0.109923664122137,0.0065252854812398,0.941269841269841,0.971875,0.00159489633173844,0.00313971742543171,0.00310077519379845,1,0.00315457413249211,0.543408360128617,0.00312989045383412,0.017741935483871,0.003125,1,0.0277777777777778,0.214618973561431,0.00318471337579618,0.996747967479675,0.98145285935085,0.00310077519379845,0.00155038759689922
"202",0,0.00158227848101266,0.00156985871271586,0,0,0,0,0,0,0,0,0,0,0,0,0,0,0,0,0,0,0,0,0,0,0,0,0,0,0,0,0,0,0,0,0,0,0,0,0,0,0,0,0,0,0,0,0.00151515151515152,0.00155763239875389,0.00153846153846154,0.00158730158730159,0,0.0958268933539413,0.0367534456355283,0.00153374233128834,0,0,0,0.00628930817610063,0,0,0.00470957613814757,0,0.00159489633173844,0,0,0,0,0.00157232704402516,0.00159744408945687,0.0108527131782946,0,0,0,0,0.00158478605388273,0,0.0031055900621118,0.00940438871473354,0,0.021671826625387,0,0.00307219662058372,0,0,0,0,0.00625,0,0.00921658986175115,0,0,0.0015748031496063,0.00786163522012579,0,0,0.00157728706624606,0.435458786936236,0.41358024691358,0.41692789968652,0.968992248062015,0.211111111111111,0.00643086816720257,0.0111642743221691,0.4496,0.327718223583461,0.932283464566929,0.86687306501548,0.388888888888889,0.542056074766355,0.00155038759689922,0.637820512820513,0.371385083713851,0.871632329635499,0.616852146263911,0,0.0109375,0.425816023738872,0.719936708860759,0.00479233226837061,0.44888178913738,0,0.440494590417311,0.00158227848101266,0.400630914826498,0.529968454258675,0.878378378378378,0,0.9109375,0.870170015455951,0.029595015576324,0.2557781201849,0.0142630744849445,0.419548872180451,0.0032258064516129,0.3875,0.803680981595092,0.00480769230769231,0.331768388106416,0.0847723704866562,0.00154320987654321,0,0.435458786936236,0.605345911949686,0.507692307692308,0.429892141756549,0.428571428571429,0.00158478605388273,0.710122699386503,0.0297339593114241,0.376377952755906,0.0015527950310559,0.122448979591837,0.983358547655068,0.95046439628483,0.0015600624024961,0.929260450160772,0.310240963855422,0.554330708661417,0.989130434782609,0,0.00158478605388273,0.875389408099688,0.426984126984127,0.52833078101072,0.0015527950310559,0.00158982511923688,0.412044374009509,0.431007751937985,0.444094488188976,0.00305343511450382,0.447368421052632,0.0016025641025641,0.0144230769230769,0.37239165329053,0.385335413416537,0.724031007751938,0.507177033492823,0.003125,0.788253477588872,0.655436447166922,0.49925705794948,0.00465116279069767,0.640062597809077,0.0016,0.762951334379906,0.422222222222222,0.003125,0.0063391442155309,0.0046656298600311,0.419354838709677,0.371695178849145,0.654961832061069,0.399385560675883,0.526645768025078,0.393939393939394,0.00159489633173844,0.00156494522691706,0.347967479674797,0.00155763239875389,0.00156494522691706,1,0.00154559505409583,0.104134762633997,0.00153139356814701,0.576982892690513,0.969183359013868,0.627358490566038,0.337423312883436,0.0046656298600311,0.00630914826498423,0.316846986089645,0.399022801302932,0.98159509202454,0.919629057187017,0.633540372670807,0.985915492957746,0.64251968503937,0.45226917057903,0,0.291021671826625,0.869218500797448,0.00150602409638554,0.386996904024768,0.730645161290323,0.00159235668789809,0.0015600624024961,0.868878357030016,0.809375,0.868300153139357,0,0.441860465116279,0.00159489633173844,0.409375,0.442492012779553,0.979938271604938,0,0.467391304347826,0.310769230769231,0.968503937007874,0.00157232704402516,0.00154559505409583,0.433384379785605,0.609448818897638
"203",0.622900763358779,0.615030674846626,0.592307692307692,0.606153846153846,0,0,0,0,0,0,0,0,0,0,0,0,0,0,0,0,0,0,0,0,0,0,0,0,0,0,0,0,0,0,0,0,0,0,0,0,0,0,0,0,0,0,0,0.627565982404692,0.625391849529781,0.625954198473282,0.594679186228482,0.0193861066235864,0,0,0.0138461538461538,0.0219092331768388,0.0167427701674277,0.0122137404580153,0.0107197549770291,0.0169753086419753,0.0195488721804511,0.00930232558139535,0.0185185185185185,0.0157977883096366,0.0211800302571861,0.0186046511627907,0.0154559505409583,0.0277777777777778,0.0186046511627907,0.0173228346456693,0,0.0154320987654321,0.0157728706624606,0.0172143974960876,0.0151515151515152,0.0153139356814701,0.0138888888888889,0.0170807453416149,0.0125,0.016793893129771,0,0.0153139356814701,0.0149700598802395,0.0196671709531014,0.0137404580152672,0.0152671755725191,0.0183767228177642,0.0138888888888889,0.0171606864274571,0,0.015625,0.018348623853211,0.0139318885448916,0,0.0156739811912226,0.0166414523449319,1,0.0109034267912773,0.00305810397553517,0.00313971742543171,0.00151515151515152,0.236044657097289,0.510108864696734,0.467075038284839,0.00157232704402516,0.161585365853659,0.00310077519379845,0.00307692307692308,0.156739811912226,0.125766871165644,0.998473282442748,0.0477707006369427,0.00153609831029186,0.00308641975308642,0.00318979266347687,0.998459167950693,0.5,0.0014903129657228,0.0106382978723404,0.506230529595016,0.0015625,1,0.00307692307692308,1,0.00308641975308642,0.029320987654321,0.00299850074962519,1,0.00306278713629403,0.00302571860816944,0.42530487804878,0.185185185185185,0.466049382716049,0.00298953662182362,0.519047619047619,0,0.00305810397553517,0.495192307692308,0.135176651305684,0.561349693251534,0.549079754601227,0.537037037037037,0.00149925037481259,0.0046656298600311,0.00463678516228748,0.00307692307692308,0.00298953662182362,0.729264475743349,0.0122137404580153,0.416413373860182,0.00309119010819165,0.998461538461539,0.316358024691358,0.00301204819277108,0.0015527950310559,0.998475609756098,0.00315457413249211,0.165413533834586,0.00763358778625954,0.00151975683890578,1,0.855365474339036,0.00149925037481259,0.00308166409861325,0.00297619047619048,0.568075117370892,0.55748031496063,0.00314465408805031,0.00310077519379845,0.00153846153846154,0.518072289156627,0.00306748466257669,0.503194888178914,0.435658914728682,0.0352,0.00303030303030303,0.0108359133126935,0.0078125,0.522906793048973,0.00154559505409583,0.0492307692307692,0.0164424514200299,0.490045941807044,0.0828220858895705,0.998430141287284,0.00153846153846154,0.00315457413249211,0.511380880121396,0.49609984399376,0.524844720496894,0.0030441400304414,0.00303490136570561,0.0473282442748092,0.00301204819277108,0.0199692780337942,0.00310077519379845,1,0.998435054773083,0.175523349436393,0.970633693972179,0.996899224806202,0.00154559505409583,1,0.353658536585366,0.996987951807229,0.116138763197587,0.00156494522691706,0.356269113149847,0.00301204819277108,0.507507507507508,0.516535433070866,0.0230061349693252,0.00319488817891374,0.00301659125188537,0.00154798761609907,0.073394495412844,0.00311526479750779,0.0648148148148148,0.150769230769231,1,0.172093023255814,0.0031201248049922,0.998518518518518,0.106221547799697,0.00933125972006221,0.94488188976378,0.975683890577508,0.00158982511923688,0.00307219662058372,0.00309119010819165,1,0.00307692307692308,0.519047619047619,0.00306748466257669,0.0209677419354839,0.00307692307692308,1,0.0246913580246914,0.207373271889401,0.00313479623824451,1,0.984894259818731,0.00301204819277108,0.00155763239875389
"204",0.157337367624811,0.14854517611026,0.145285935085008,0.121306376360809,0,0,0,0,0,0,0,0,0,0,0,0,0,0,0,0,0,0,0,0,0,0,0,0,0,0,0,0,0,0,0,0,0,0,0,0,0,0,0,0,0,0,0,0.166917293233083,0.167441860465116,0.146084337349398,0.132192846034215,0.0177705977382876,0,0,0.00909090909090909,0.0121951219512195,0.00907715582450832,0.00152439024390244,0.00463678516228748,0.00911854103343465,0.00917431192660551,0.0109204368174727,0.00925925925925926,0.0046875,0.010752688172043,0.00925925925925926,0.00923076923076923,0.0106870229007634,0.00925925925925926,0.00783699059561128,0,0.00775193798449612,0.00778816199376947,0.00782472613458529,0.0106544901065449,0.0046583850931677,0.00311526479750779,0.00765696784073507,0.00310077519379845,0.00917431192660551,0,0.00604229607250755,0.00750750750750751,0.00916030534351145,0.00910470409711684,0.00903614457831325,0.0107197549770291,0.0046801872074883,0.00923076923076923,0,0.0109717868338558,0.0120300751879699,0.0062015503875969,0,0.00775193798449612,0.00906344410876133,0.352307692307692,0.138719512195122,0.00304878048780488,0.00317460317460317,0.0855365474339036,0.853125,0.794712286158631,0.861370716510903,0.015600624024961,0.801815431164902,0.0397553516819572,0.265553869499241,0.749606299212598,0.598461538461538,0.343605546995377,0.489698890649762,0.00151745068285281,0.271875,0.0218068535825545,0.347352024922118,0.782208588957055,0.00148809523809524,0.416282642089094,0.773993808049536,0.00158227848101266,0.373831775700935,0.00305343511450382,0.34585289514867,0.00307219662058372,0.156832298136646,0.251479289940828,0.357910906298003,0.121165644171779,0.268768768768769,0.934650455927052,0.603715170278638,0.774343122102009,0.00301204819277108,0.770932069510269,0,0.184732824427481,0.762951334379906,0.589393939393939,0.629402756508423,0.733031674208145,0.725460122699387,0.00152905198776758,0.416149068322981,0.141321044546851,0.0351145038167939,0.00303030303030303,0.603149606299213,0.413476263399694,0.936073059360731,0.00307692307692308,0.369230769230769,0.986068111455108,0.119515885022693,0.158610271903323,0.357698289269051,0.181962025316456,0.803571428571429,0.143533123028391,0.104863221884498,0.34789391575663,0.509375,0.252279635258359,0.00311526479750779,0.00307219662058372,0.730529595015576,0.717391304347826,0.0031496062992126,0.00464396284829721,0.00309119010819165,0.769230769230769,0.0030441400304414,0.786858974358974,0.839009287925697,0.379310344827586,0.00306748466257669,0.4,0.54416403785489,0.758513931888545,0.262762762762763,0.49388379204893,0.587797619047619,0.825077399380805,0.500763358778626,0.341653666146646,0.0138461538461538,0.0031104199066874,0.772519083969466,0.795886075949367,0.777080062794348,0.00299850074962519,0.00302571860816944,0.495398773006135,0.00303951367781155,0.155487804878049,0.0031055900621118,0.368916797488226,0.355590062111801,0.790996784565916,0.355932203389831,0.359013867488444,0.104134762633997,0.353658536585366,1,0.36036036036036,0.551671732522796,0.135303265940902,0.175491679273828,0.00304878048780488,0.775964391691395,0.795238095238095,0.289433384379786,0.00321027287319422,0.096969696969697,0.21483771251932,0.504615384615385,0.105990783410138,0.492354740061162,0.683881064162754,0.366515837104072,0.758942457231726,0.263322884012539,0.348802395209581,0.748511904761905,0.40625,0.414442700156986,0.391104294478528,0.2660406885759,0.327300150829563,0.285935085007728,0.345679012345679,0.0031055900621118,0.775541795665635,0.00303030303030303,0.529983792544571,0.127465857359636,0.367692307692308,0.595092024539877,0.833846153846154,0.153013910355487,0.351181102362205,0.359516616314199,0.00303490136570561,0.0229709035222052
"205",0.632218844984802,0.62826420890937,0.603100775193798,0.611801242236025,0,0,0,0,0,0,0,0,0,0,0,0,0,0,0,0,0,0,0,0,0,0,0,0,0,0,0,0,0,0,0,0,0,0,0,0,0,0,0,0,0,0,0,0.635135135135135,0.631498470948012,0.631498470948012,0.604361370716511,0.0173775671406003,0,0,0.0121028744326778,0.021671826625387,0.0167427701674277,0.00918836140888208,0.00769230769230769,0.0154320987654321,0.0151975683890578,0.00924499229583975,0.0181543116490166,0.0125984251968504,0.0181543116490166,0.0152671755725191,0.013719512195122,0.0332829046898638,0.0168195718654434,0.015748031496063,0,0.0138248847926267,0.0138461538461538,0.012326656394453,0.0121028744326778,0.0154559505409583,0.0136363636363636,0.0153374233128834,0.00924499229583975,0.0151515151515152,0,0.015527950310559,0.0118694362017804,0.0165165165165165,0.013595166163142,0.0135135135135135,0.0152671755725191,0.0107692307692308,0.0168453292496172,0,0.0141287284144427,0.0147710487444609,0.0122699386503067,0,0.0140405616224649,0.0135338345864662,0.996860282574568,0.0138674884437596,0.003003003003003,0.00309597523219814,0.00151745068285281,0.2359375,0.524539877300613,0.485981308411215,0.00155763239875389,0.173780487804878,0.00309119010819165,0.00303951367781155,0.171114599686028,0.135593220338983,0.996946564885496,0.0614173228346457,0.00152905198776758,0.0031201248049922,0.00309597523219814,0.99537750385208,0.507575757575758,0.00145772594752187,0.0108359133126935,0.523956723338485,0.00156739811912226,0.998439937597504,0.00306278713629403,1,0.00305343511450382,0.0324574961360124,0.00295420974889217,0.998480243161094,0.00306748466257669,0.00298953662182362,0.434650455927052,0.188767550702028,0.490853658536585,0.00294117647058824,0.530903328050713,0,0.0029940119760479,0.519047619047619,0.14175654853621,0.57427258805513,0.562403697996918,0.553706505295008,0.00150602409638554,0.00762195121951219,0.00611620795107034,0.00306278713629403,0.00301659125188537,0.746081504702194,0.0136986301369863,0.429438543247344,0.00303490136570561,0.996941896024465,0.322530864197531,0.0029806259314456,0.00153139356814701,0.995468277945619,0.00317965023847377,0.175334323922734,0.0107858243451464,0.00151975683890578,1,0.85243328100471,0.00151285930408472,0.00311526479750779,0.00297176820208024,0.584615384615385,0.570754716981132,0.003125,0.0030441400304414,0.00152905198776758,0.540540540540541,0.00302571860816944,0.523809523809524,0.446676970633694,0.0392464678178964,0.00303490136570561,0.0122137404580153,0.00934579439252336,0.543343653250774,0.003003003003003,0.0548780487804878,0.0178571428571429,0.515060240963855,0.0814132104454685,0.9953125,0.0015552099533437,0.0031104199066874,0.526475037821483,0.507109004739337,0.547546012269939,0.00305810397553517,0.00297176820208024,0.0501519756838906,0.00302571860816944,0.0240963855421687,0.003125,0.996875,0.996927803379416,0.177215189873418,0.972727272727273,0.996941896024465,0.00153139356814701,0.996987951807229,0.36036036036036,1,0.125757575757576,0.00154320987654321,0.358461538461538,0.00300751879699248,0.522455089820359,0.521806853582555,0.0227272727272727,0.00316957210776545,0.00303030303030303,0.00149476831091181,0.0788690476190476,0.00303951367781155,0.0707692307692308,0.15919629057187,0.998507462686567,0.175654853620955,0.00310077519379845,0.995488721804511,0.118618618618619,0.00956937799043062,0.939346811819596,0.974085365853659,0.0015527950310559,0.00309119010819165,0.00303951367781155,1,0.00308641975308642,0.536776212832551,0.00305343511450382,0.025518341307815,0.00301659125188537,0.998452012383901,0.0277349768875193,0.224397590361446,0.00310077519379845,0.998439937597504,0.979010494752624,0.00301659125188537,0.00153139356814701
"206",0.0248833592534992,0.031055900621118,0.0294117647058824,0.0235478806907378,0,0,0,0,0,0,0,0,0,0,0,0,0,0,0,0,0,0,0,0,0,0,0,0,0,0,0,0,0,0,0,0,0,0,0,0,0,0,0,0,0,0,0,0.0286144578313253,0.0311526479750779,0.0278207109737249,0.0234741784037559,0.00645161290322581,0,0,0.00609756097560976,0.00625,0.00462249614791988,0.00301204819277108,0.00313971742543171,0.0061633281972265,0.0060882800608828,0.009375,0.00469483568075117,0.00634920634920635,0.00619195046439629,0.00463678516228748,0.00618238021638331,0.00460829493087558,0.00773993808049536,0.0064,0,0.00464396284829721,0.00471698113207547,0.00311526479750779,0.00753012048192771,0.00309597523219814,0.00308641975308642,0.00475435816164818,0.00788643533123028,0.00462962962962963,0,0.0046583850931677,0.00602409638554217,0.0060790273556231,0.0062015503875969,0.00303951367781155,0.00618238021638331,0.00155038759689922,0.0062992125984252,0,0.0047244094488189,0.0060882800608828,0.00615384615384615,0,0.00309597523219814,0.0060790273556231,0.115444617784711,0.100931677018634,0.0602782071097372,0.0363349131121643,0.549230769230769,0.619426751592357,0.324451410658307,0.372274143302181,0.0595611285266458,0.760670731707317,0.517295597484277,0.739663093415008,0.815047021943574,0.972307692307692,0.112462006079027,0.949206349206349,0.0168970814132104,0.742589703588144,0.203761755485893,0.107858243451464,0.31839258114374,0.0401785714285714,0.883830455259027,0.311708860759494,0.0499219968798752,0.117647058823529,0.0553846153846154,0.108695652173913,0.0463678516228748,0.177847113884555,0.736131934032983,0.117465224111283,0.535987748851455,0.73644578313253,0.452713178294574,0.395638629283489,0.341614906832298,0.0408472012102874,0.318181818181818,0.0369230769230769,0.587155963302752,0.294585987261146,0.435458786936236,0.294753086419753,0.26905132192846,0.287051482059282,0.0432766615146832,0.55748031496063,0.153139356814701,0.0415384615384615,0.0440729483282675,0.15955766192733,0.880551301684533,0.451162790697674,0.0216049382716049,0.123630672926448,0.553291536050157,0.589393939393939,0.627511591962906,0.107644305772231,0.66031746031746,0.733931240657698,0.218553459119497,0.58641975308642,0.110419906687403,0.213836477987421,0.733436055469954,0.0448916408668731,0.107575757575758,0.286594761171032,0.2421875,0.0408163265306122,0.0520504731861199,0.0542635658914729,0.305059523809524,0.0444104134762634,0.323101777059774,0.3765625,0.274061990212072,0.0244274809160305,0.878693623639191,0.650470219435737,0.31104199066874,0.53822629969419,0.943683409436834,0.676204819277108,0.352134146341463,0.975308641975309,0.110236220472441,0.31201248049922,0.0376766091051805,0.32093023255814,0.34181240063593,0.306477093206951,0.0438729198184569,0.0256797583081571,0.940639269406393,0.0409711684370258,0.182779456193353,0.033175355450237,0.129952456418384,0.11496062992126,0.776527331189711,0.111455108359133,0.115625,0.576982892690513,0.116138763197587,0.551671732522796,0.125757575757576,1,0.603395061728395,0.395993836671803,0.0210843373493976,0.33433734939759,0.31911532385466,0.149460708782743,0.0343698854337152,0.588502269288956,0.698461538461538,0.967340590979782,0.582689335394127,0.955038759689922,0.894080996884735,0.114925373134328,0.676470588235294,0.75516693163752,0.112781954887218,0.793939393939394,0.877777777777778,0.146067415730337,0.109062980030722,0.7328,0.794435857805255,0.73208722741433,0.107644305772231,0.0458715596330275,0.316535433070866,0.0431432973805855,0.536115569823435,0.610852713178295,0.118012422360248,0.624223602484472,0.756923076923077,0.635792778649921,0.11875,0.121804511278195,0.0366412213740458,0.203442879499218
"207",0,0,0,0,0,0,0,0,0,0,0,0,0,0,0,0,0,0,0,0,0,0,0,0,0,0,0,0,0,0,0,0,0,0,0,0,0,0,0,0,0,0,0,0,0,0,0,0,0,0,0,0,0.0620031796502385,0.0186625194401244,0.00156739811912226,0,0,0,0.00631911532385466,0,0,0.00802568218298555,0,0.00164203612479475,0,0,0,0,0.00159744408945687,0.00162074554294976,0.00473186119873817,0,0,0,0,0.00157977883096367,0,0.00311526479750779,0.0111821086261981,0,0.0126382306477093,0,0.00304878048780488,0,0,0,0,0.00473186119873817,0,0.00622083981337481,0,0,0.00156494522691706,0.00475435816164818,0,0,0.00161290322580645,0.418679549114332,0.380726698262243,0.411111111111111,0.955038759689922,0.243548387096774,0.0048,0.0190174326465927,0.44391785150079,0.3578125,0.9072,0.884375,0.420289855072464,0.570093457943925,0.00156494522691706,0.650485436893204,0.3609375,0.892109500805153,0.568881685575365,0.00155763239875389,0.00963081861958266,0.382397572078907,0.728867623604466,0.00647249190938511,0.424635332252836,0.00159235668789809,0.434169278996865,0,0.37888198757764,0.513385826771654,0.887022900763359,0.00158478605388273,0.887122416534181,0.881278538812785,0.055205047318612,0.271293375394322,0.0190779014308426,0.404984423676012,0.00323624595469256,0.352395672333849,0.813374805598756,0.00483870967741936,0.344236760124611,0.0981308411214953,0.0015748031496063,0.00157977883096367,0.408736349453978,0.608903020667727,0.490506329113924,0.4203125,0.423676012461059,0,0.730886850152905,0.0482115085536547,0.350710900473934,0.0015527950310559,0.145367412140575,0.987673343605547,0.971563981042654,0.00157728706624606,0.928687196110211,0.337461300309598,0.523584905660377,0.979938271604938,0.00158227848101266,0,0.890282131661442,0.41786283891547,0.470679012345679,0.00157977883096367,0.00161290322580645,0.397394136807818,0.421800947867299,0.431781701444623,0.00306748466257669,0.44031007751938,0.00328407224958949,0.0288,0.364532019704433,0.348297213622291,0.735015772870662,0.511182108626198,0.0032258064516129,0.764797507788162,0.660990712074303,0.51896813353566,0.00773993808049536,0.655172413793103,0.00161290322580645,0.736263736263736,0.372168284789644,0.0046875,0.00162337662337662,0.00321543408360129,0.400306748466258,0.361635220125786,0.672360248447205,0.368421052631579,0.511627906976744,0.351046698872786,0.00159744408945687,0,0.398026315789474,0.00159744408945687,0.00157977883096367,0.969183359013868,0.00156494522691706,0.135303265940902,0.00154320987654321,0.603395061728395,1,0.605633802816901,0.315384615384615,0.00461538461538462,0.00161550888529887,0.305164319248826,0.370550161812298,0.975193798449612,0.936335403726708,0.642967542503864,0.982594936708861,0.664536741214057,0.489763779527559,0.00152671755725191,0.326498422712934,0.881493506493506,0,0.408668730650155,0.7264,0.00163398692810458,0,0.887820512820513,0.823809523809524,0.887675507020281,0,0.436923076923077,0.00483870967741936,0.398744113029827,0.459016393442623,0.992150706436421,0.00158478605388273,0.47581903276131,0.345201238390093,0.9904,0.0016025641025641,0.00155038759689922,0.41131498470948,0.557120500782473
"208",0.0564263322884013,0.0703125,0.0751173708920188,0.0893141945773525,0,0,0,0,0,0,0,0,0,0,0,0,0,0,0,0,0,0,0,0,0,0,0,0,0,0,0,0,0,0,0,0,0,0,0,0,0,0,0,0,0,0,0,0.0590909090909091,0.0580847723704867,0.0821705426356589,0.0892018779342723,0.0016260162601626,0.032258064516129,0.0106221547799697,0.00154320987654321,0,0,0.00463678516228748,0.00792393026941363,0,0,0.00157232704402516,0,0.00161030595813205,0,0,0,0.0123839009287926,0.00156985871271586,0.00158982511923688,0.009375,0.0015625,0,0,0,0.0015527950310559,0,0.00311526479750779,0.00947867298578199,0,0.0108191653786708,0,0.0030441400304414,0,0,0,0,0.00630914826498423,0,0.00906344410876133,0,0,0.00158227848101266,0.00809061488673139,0,0,0.365203761755486,0.336448598130841,0.25077399380805,0.2976,0.629057187017002,0.202229299363057,0.234375,0.224522292993631,0.334389857369255,0.2484375,0.618827160493827,0.562691131498471,0.318770226537217,0.378086419753086,0.366153846153846,0.44,0.262015503875969,0.548031496062992,0.4112,0.325115562403698,0.239938080495356,0.258928571428571,0.462145110410095,0.220285261489699,0.332263242375602,0.349606299212598,0.3109375,0.350547730829421,0.239811912225705,0.457627118644068,0.555722891566265,0.358609794628752,0.549295774647887,0.557427258805513,0.183544303797468,0.328616352201258,0.266666666666667,0.305263157894737,0.215748031496063,0.229583975346687,0.537267080745342,0.202852614896989,0.363494539781591,0.4578125,0.212732919254658,0.229938271604938,0.318461538461538,0.389507154213037,0.396604938271605,0.3203125,0.311248073959938,0.286168521462639,0.463565891472868,0.177914110429448,0.216510903426791,0.343167701863354,0.165884194053208,0.617151607963247,0.628526645768025,0.356589147286822,0.569400630914827,0.216793893129771,0.426332288401254,0.602465331278891,0.364779874213836,0.231012658227848,0.56298600311042,0.3198127925117,0.310291858678955,0.236593059936909,0.232594936708861,0.274322169059011,0.319314641744548,0.31104199066874,0.208206686930091,0.309597523219814,0.227053140096618,0.211690363349131,0.341346153846154,0.218320610687023,0.471048513302034,0.297906602254428,0.219745222929936,0.471406491499227,0.426153846153846,0.316590563165906,0.226708074534162,0.440625,0.358730158730159,0.4953125,0.25,0.234662576687117,0.200631911532385,0.224,0.309923664122137,0.242009132420091,0.437209302325581,0.252293577981651,0.452418096723869,0.222575516693164,0.367088607594937,0.344827586206897,0.280388978930308,0.364632237871674,0.358695652173913,0.627358490566038,0.356269113149847,0.175491679273828,0.358461538461538,0.395993836671803,0.605633802816901,1,0.175840978593272,0.228441754916793,0.207667731629393,0.266355140186916,0.244732576985413,0.614088820826952,0.552922590837283,0.4421875,0.616719242902208,0.427672955974843,0.302839116719243,0.348484848484849,0.211267605633803,0.553459119496855,0.352760736196319,0.234398782343988,0.458003169572108,0.286624203821656,0.311912225705329,0.545310015898251,0.508580343213729,0.538461538461538,0.352395672333849,0.325,0.218298555377207,0.303680981595092,0.298531810766721,0.619631901840491,0.360062893081761,0.248417721518987,0.235202492211838,0.58740157480315,0.354166666666667,0.319880418535127,0.313755795981453,0.380655226209048
"209",0,0.00154798761609907,0.00930232558139535,0.00789889415481832,0,0,0,0,0,0,0,0,0,0,0,0,0,0,0,0,0,0.0415384615384615,0.0468277945619335,0,0,0,0,0,0,0,0,0,0,0,0,0,0.0123839009287926,0,0,0,0,0,0,0,0,0,0,0.00148588410104012,0.00152439024390244,0.0060790273556231,0.0108527131782946,0,0.722560975609756,0.585329341317365,0.00306278713629403,0,0,0.0351145038167939,0.013953488372093,0,0,0,0,0.00470219435736677,0,0,0,0,0,0.0015600624024961,0.0398773006134969,0.0060882800608828,0,0,0,0.00310077519379845,0,0.00308166409861325,0.010989010989011,0,0.122511485451761,0,0.00297619047619048,0,0,0,0,0.015552099533437,0,0.0320610687022901,0,0,0,0.0282131661442006,0,0,0.00308641975308642,0.653250773993808,0.937595129375951,0.875968992248062,0.343987823439878,0.00157977883096367,0.00309119010819165,0.00312989045383412,0.809748427672956,0.00459418070444104,0.386996904024768,0.233433734939759,0.0109034267912773,0.0166919575113809,0.00305343511450382,0.0650793650793651,0.931714719271624,0.235294117647059,0.731066460587326,0.00152905198776758,0.00303030303030303,0.92330383480826,0.115740740740741,0.0031496062992126,0.8703125,0.00157232704402516,0.878461538461539,0.00152905198776758,0.942457231726283,0.538819875776398,0.236526946107784,0.00154798761609907,0.388036809815951,0.238095238095238,0.00308641975308642,0.135176651305684,0.00152439024390244,0.860569715142429,0.00314465408805031,0.940639269406393,0.257229832572298,0.00321543408360129,0.14,0.00766871165644172,0.00306748466257669,0.0015527950310559,0.884848484848485,0.197530864197531,0.582181259600614,0.790273556231003,0.874811463046757,0.00156985871271586,0.117824773413897,0.00150829562594268,0.978527607361963,0.00305343511450382,0.0015625,0.333834586466165,0.294207317073171,0.00304878048780488,0.30379746835443,0.00298507462686567,0.540706605222734,0.329754601226994,0.00154083204930663,0.00154798761609907,0.234756097560976,0.869085173501577,0.854572713643178,0.00309597523219814,0.0031201248049922,0.886255924170616,0.833590138674884,0.841781874039939,0.00298953662182362,0.873303167420814,0.00161030595813205,0.0031055900621118,0.346031746031746,0.978625954198473,0.119565217391304,0.133748055987558,0.0015527950310559,0.332312404287902,0.0758725341426404,0.111111111111111,0.00150602409638554,0.0434782608695652,0.003125,0.55607476635514,0.95447409733124,0.00153609831029186,0.00157977883096367,0.0015552099533437,0.876691729323308,0.95475113122172,0.0804248861911988,0.933130699088146,0.548048048048048,0.9629057187017,0.00308641975308642,0.00157232704402516,0.00315955766192733,0.00308166409861325,0.0031201248049922,0.337423312883436,0.00301204819277108,0.00304878048780488,0.00300751879699248,0.0210843373493976,0.315384615384615,0.175840978593272,1,0.0029940119760479,0.00155038759689922,0.524464831804281,0.952380952380952,0.328746177370031,0.261976047904192,0.0594512195121951,0.335403726708075,0.0648148148148148,0.00307692307692308,0.0014903129657228,0.00151975683890578,0.221879815100154,0.00148148148148148,0.0273141122913505,0.111459968602826,0.00316455696202532,0.00151515151515152,0.237341772151899,0.182795698924731,0.23394495412844,0,0.877862595419847,0.0015600624024961,0.881638846737481,0.141045958795563,0.318529862174579,0.00153609831029186,0.125776397515528,0.00152671755725191,0.3,0.0031201248049922,0.00299850074962519,0.88855421686747,0.711213517665131
"210",0.243202416918429,0.244204018547141,0.21483771251932,0.19811320754717,0,0,0,0,0,0,0,0,0,0,0,0,0,0,0,0,0,0,0,0,0,0,0,0,0,0,0,0,0,0,0,0,0,0,0,0,0,0,0,0,0,0,0,0.255223880597015,0.248037676609105,0.236722306525038,0.21183800623053,0.0207667731629393,0,0,0.0136157337367625,0.0201238390092879,0.0180451127819549,0.010590015128593,0.0093167701863354,0.0152671755725191,0.0164917541229385,0.00930232558139535,0.0183767228177642,0.0157977883096366,0.0210843373493976,0.0182926829268293,0.0155038759689922,0.0244274809160305,0.0201863354037267,0.0170807453416149,0,0.0152439024390244,0.0141287284144427,0.0154559505409583,0.0151515151515152,0.0154320987654321,0.0138888888888889,0.0183767228177642,0.0108191653786708,0.0184331797235023,0,0.0139103554868624,0.0148148148148148,0.0197568389057751,0.0152439024390244,0.0183206106870229,0.0181268882175227,0.0138461538461538,0.0170542635658915,0,0.0186625194401244,0.0180451127819549,0.0138461538461538,0,0.0186915887850467,0.013719512195122,0.517133956386293,0.187981510015408,0.00612557427258806,0.00308166409861325,0.00606060606060606,0.712480252764613,0.993846153846154,0.946483180428135,0.0358814352574103,0.586259541984733,0.00619195046439629,0.0678733031674208,0.527472527472527,0.38391502276176,0.507575757575758,0.277602523659306,0.00149925037481259,0.0634674922600619,0.0157232704402516,0.507645259938838,0.983231707317073,0.00147058823529412,0.215716486902928,0.979782270606532,0.00157728706624606,0.51937984496124,0.00308641975308642,0.496913580246914,0.00610687022900763,0.193343898573693,0.0693215339233038,0.515673981191223,0.0242424242424242,0.0716417910447761,0.872534142640364,0.66,0.967492260061919,0.0209580838323353,0.982704402515723,0.00155038759689922,0.150829562594268,0.9828125,0.61136712749616,0.798484848484848,0.936630602782071,0.958652373660031,0.00150375939849624,0.366614664586583,0.189024390243902,0.0727272727272727,0.00302571860816944,0.794712286158631,0.216793893129771,0.876876876876877,0.003125,0.519083969465649,0.771739130434783,0.00742942050520059,0.0256797583081571,0.513719512195122,0.041335453100159,0.612855007473842,0.16796267496112,0.0061633281972265,0.516768292682927,0.641744548286604,0.0666666666666667,0.00315457413249211,0.00299850074962519,0.951788491446345,0.9265625,0.0047244094488189,0.0202177293934681,0.0183767228177642,0.983703703703704,0.00306748466257669,0.995184590690209,0.94488188976378,0.415213946117274,0.0030441400304414,0.204081632653061,0.437795275590551,0.9828125,0.140060240963855,0.26219512195122,0.426008968609865,0.966867469879518,0.273148148148148,0.500780031201248,0.00304878048780488,0.00623052959501558,0.978593272171254,0.996899224806202,0.981308411214953,0.00303030303030303,0.00301659125188537,0.251524390243902,0.003003003003003,0.189969604863222,0.00309119010819165,0.529503105590062,0.508448540706605,0.545454545454545,0.538940809968847,0.522550544323484,0.0046656298600311,0.507507507507508,0.775964391691395,0.522455089820359,0.33433734939759,0.00461538461538462,0.228441754916793,0.0029940119760479,1,1,0.371559633027523,0.00483091787439614,0.00758725341426404,0.0316265060240964,0.284627092846271,0.0062015503875969,0.265745007680492,0.446808510638298,0.512084592145015,0.649691358024691,0.0682170542635659,0.503692762186115,0.537878787878788,0.210031347962382,0.576619273301738,0.534668721109399,0.0751173708920188,0.114329268292683,0.0736196319018405,0.504587155963303,0.00304878048780488,0.982677165354331,0.0045662100456621,0.495176848874598,0.00606980273141123,0.536923076923077,0.476479514415782,0.584097859327217,0.00777604976671851,0.504702194357367,0.511210762331839,0.00301659125188537,0.0122324159021407
"211",0.258320126782884,0.255250403877221,0.234349919743178,0.218298555377207,0,0,0,0,0,0,0,0,0,0,0,0,0,0,0,0,0,0,0,0,0,0,0,0,0,0,0,0,0,0,0,0,0,0,0,0,0,0,0,0,0,0,0,0.277862595419847,0.261904761904762,0.251980982567353,0.233870967741935,0.0185185185185185,0,0,0.0140625,0.0205371248025276,0.0157977883096366,0.0111287758346582,0.00815660685154975,0.0159744408945687,0.0187207488299532,0.0112540192926045,0.01743264659271,0.0132231404958678,0.0205696202531646,0.0178861788617886,0.0161812297734628,0.0226171243941842,0.0191693290734824,0.016366612111293,0,0.0158227848101266,0.0147783251231527,0.0145161290322581,0.0110410094637224,0.012779552715655,0.0130932896890344,0.0145631067961165,0.00981996726677578,0.0158982511923688,0,0.014446227929374,0.0125786163522013,0.0172143974960876,0.017515923566879,0.0171606864274571,0.0174050632911392,0.0112721417069243,0.0178861788617886,0,0.0160513643659711,0.0187207488299532,0.0127591706539075,0,0.0161812297734628,0.0173775671406003,0.521103896103896,0.168810289389068,0.00157232704402516,0.00162866449511401,0.00481540930979133,0.715702479338843,0.998389694041868,0.94888178913738,0.0289389067524116,0.579527559055118,0.00486223662884927,0.0586370839936609,0.514754098360656,0.364365971107544,0.526315789473684,0.252911813643927,0.0015600624024961,0.0487804878048781,0.00494233937397035,0.518987341772152,0.990430622009569,0.00151975683890578,0.207729468599034,0.988599348534202,0.00164203612479475,0.530546623794212,0.00157977883096367,0.509523809523809,0.00158730158730159,0.173419773095624,0.0628834355828221,0.519230769230769,0.0173501577287066,0.0569620253164557,0.8784,0.654838709677419,0.961352657004831,0.015600624024961,0.991816693944354,0.00158478605388273,0.14968152866242,0.991816693944354,0.597774244833068,0.796774193548387,0.951486697965571,0.968051118210863,0,0.362012987012987,0.1744,0.062992125984252,0.00156494522691706,0.801302931596091,0.210031347962382,0.888,0.00161290322580645,0.533965244865719,0.783870967741935,0.0062402496099844,0.0194805194805195,0.52572347266881,0.0293159609120521,0.613251155624037,0.147619047619048,0.00473186119873817,0.520128824476651,0.662379421221865,0.0528,0.00158982511923688,0.00156494522691706,0.962962962962963,0.941653160453809,0.00328947368421053,0.0144694533762058,0.0112179487179487,0.990595611285266,0.00158478605388273,0.995098039215686,0.945634266886326,0.418760469011725,0.00156494522691706,0.201267828843106,0.42671009771987,0.991922455573506,0.116057233704293,0.25,0.423963133640553,0.965354330708661,0.274167987321712,0.51227495908347,0.00163132137030995,0.0016260162601626,0.984251968503937,0.995073891625616,0.992,0.00154798761609907,0.0015625,0.249602543720191,0.00158478605388273,0.167197452229299,0.00161812297734628,0.536423841059603,0.523424878836834,0.536666666666667,0.552166934189406,0.531502423263328,0.00630914826498423,0.516535433070866,0.795238095238095,0.521806853582555,0.31911532385466,0.00161550888529887,0.207667731629393,0.00155038759689922,1,1,0.370786516853933,0.00334448160535117,0.00627943485086342,0.023961661341853,0.275477707006369,0.00641025641025641,0.248788368336026,0.449044585987261,0.516228748068006,0.637658227848101,0.0588235294117647,0.527522935779816,0.51937984496124,0.201652892561983,0.582381729200653,0.548031496062992,0.0684039087947883,0.101449275362319,0.0571428571428571,0.515151515151515,0.00160513643659711,0.99,0.00314465408805031,0.470881863560732,0.00463678516228748,0.543307086614173,0.471786833855799,0.580385852090032,0.00651465798045603,0.51207729468599,0.529230769230769,0.0015625,0.00160771704180064
"212",0.0031104199066874,0.00314465408805031,0.0031104199066874,0.00158478605388273,0,0,0,0,0,0,0,0,0,0,0,0,0,0,0,0,0,0,0,0,0,0,0,0,0,0,0,0,0,0,0,0,0,0,0,0,0,0,0,0,0,0,0,0.00451807228915663,0.00311526479750779,0.00470219435736677,0.00313479623824451,0.00484652665589661,0.262751159196291,0.195121951219512,0.00153139356814701,0.00313479623824451,0.00308166409861325,0.00615384615384615,0.00792393026941363,0.0031055900621118,0.00308641975308642,0.00309597523219814,0.00309119010819165,0.00160771704180064,0.00304878048780488,0.00315457413249211,0.0031201248049922,0.00153846153846154,0.00314465408805031,0.00318471337579618,0.0200927357032458,0.0062111801242236,0.00156739811912226,0.0031055900621118,0.0015220700152207,0.00313971742543171,0.00156985871271586,0.0031201248049922,0.00630914826498423,0.00304878048780488,0.0430769230769231,0.00157728706624606,0.00448430493273543,0.00152905198776758,0.00308641975308642,0.00305810397553517,0.00153374233128834,0.0109034267912773,0.00311526479750779,0.0166414523449319,0.00316455696202532,0.00153139356814701,0.00152671755725191,0.015625,0.0031201248049922,0.00457317073170732,0.0110410094637224,0.831496062992126,0.587692307692308,0.625391849529781,0.360681114551084,0.355877616747182,0.354037267080745,0.353312302839117,0.694753577106518,0.31937984496124,0.391096979332273,0.246932515337423,0.274418604651163,0.170437405731523,0.0185471406491499,0.195859872611465,0.591117917304747,0.220496894409938,0.576619273301738,0.0154798761609907,0.391705069124424,0.594879518072289,0.258114374034003,0.374009508716323,0.638230647709321,0.0142405063291139,0.630434782608696,0.0186335403726708,0.597842835130971,0.727699530516432,0.243202416918429,0.0110236220472441,0.342465753424658,0.248475609756098,0.325,0.610142630744849,0.41692789968652,0.664156626506024,0.36231884057971,0.606431852986217,0.431432973805855,0.379478827361564,0.593167701863354,0.329738058551618,0.350387596899225,0.369496855345912,0.648818897637795,0.572107765451664,0.772445820433437,0.721286370597244,0.644478063540091,0.237717908082409,0.26625386996904,0.311349693251534,0.535433070866142,0.0156494522691706,0.326530612244898,0.315467075038285,0.324534161490683,0.0185185185185185,0.298555377207063,0.3125,0.704791344667697,0.3198127925117,0.015748031496063,0.059375,0.246153846153846,0.626003210272873,0.545176110260337,0.332298136645963,0.359177215189873,0.626391096979332,0.658385093167702,0.6671826625387,0.35474006116208,0.635367762128325,0.370731707317073,0.388178913738019,0.826086956521739,0.552469135802469,0.261467889908257,0.507154213036566,0.354330708661417,0.413740458015267,0.214733542319749,0.469357249626308,0.357032457496136,0.168486739469579,0.0128205128205128,0.482649842271293,0.573033707865168,0.378125,0.371653543307087,0.362776025236593,0.628659476117103,0.577743902439024,0.210200927357032,0.590214067278288,0.736842105263158,0.541996830427892,0.0140845070422535,0.015625,0.242765273311897,0.0488188976377953,0.0191693290734824,0.316846986089645,0.0230061349693252,0.289433384379786,0.0227272727272727,0.149460708782743,0.305164319248826,0.266355140186916,0.524464831804281,0.371559633027523,0.370786516853933,1,0.606158833063209,0.339939024390244,0.243119266055046,0.170807453416149,0.312796208530806,0.185358255451713,0.162460567823344,0.0137614678899083,0.372093023255814,0.235387045813586,0.0181818181818182,0.335347432024169,0.244408945686901,0.0434083601286174,0.021505376344086,0.248417721518987,0.212933753943218,0.24079754601227,0.0151745068285281,0.633228840125392,0.361067503924647,0.644615384615385,0.609046849757674,0.299079754601227,0.0140625,0.511664074650078,0.236111111111111,0.281645569620253,0.0156985871271586,0.0181268882175227,0.623456790123457,0.544461778471139
"213",0,0.00162074554294976,0.00482315112540193,0.00332778702163062,0,0,0,0,0,0,0,0,0,0,0,0,0,0,0,0,0,0.00164744645799012,0.0016025641025641,0,0,0,0,0,0,0,0,0,0,0,0,0,0,0,0,0,0,0,0,0,0,0,0,0.00155038759689922,0.00160771704180064,0.00477707006369427,0.00494233937397035,0,0.643435980551053,0.506514657980456,0.0016,0,0,0.00806451612903226,0.00656814449917898,0,0,0,0,0.00169491525423729,0,0,0,0,0,0.00164744645799012,0.0340356564019449,0.0048780487804878,0,0,0,0.0016260162601626,0,0.00164744645799012,0.00665557404326123,0,0.104404567699837,0,0.00157232704402516,0,0,0,0,0.00823723228995058,0,0.0301587301587302,0,0,0,0.0247524752475248,0,0.00159235668789809,0.00324675324675325,0.741407528641571,0.982171799027553,0.919463087248322,0.397415185783522,0.00166944908180301,0.00486223662884927,0.00326797385620915,0.877076411960133,0.00974025974025974,0.446633825944171,0.276872964169381,0.0164744645799012,0.0294599018003273,0.0032520325203252,0.0973154362416107,0.917741935483871,0.280788177339901,0.788524590163934,0.00160771704180064,0.00484652665589661,0.96417445482866,0.154975530179445,0.005,0.919732441471572,0.00164744645799012,0.923076923076923,0.00165837479270315,0.988617886178862,0.630818619582664,0.277258566978193,0.00165562913907285,0.444805194805195,0.285031847133758,0.00326797385620915,0.202247191011236,0.0131147540983607,0.919558359621451,0.00497512437810945,0.9967585089141,0.315705128205128,0.0050251256281407,0.202265372168285,0.0175438596491228,0.00322061191626409,0.00326797385620915,0.925445705024311,0.265886287625418,0.66721044045677,0.852032520325203,0.9264,0.00166666666666667,0.15609756097561,0.00160771704180064,0.981937602627258,0.00323624595469256,0.00163132137030995,0.378205128205128,0.334967320261438,0.00325732899022801,0.35,0.00782472613458529,0.628899835796388,0.377633711507293,0.00166112956810631,0.00168350168350168,0.2859450726979,0.922824302134647,0.87741935483871,0.00491803278688525,0.00492610837438424,0.937710437710438,0.898387096774194,0.899671052631579,0.00474683544303797,0.910112359550562,0.00333333333333333,0.00498338870431894,0.421848739495798,0.982343499197432,0.157212317666126,0.178333333333333,0.0016260162601626,0.391304347826087,0.105431309904153,0.153125,0.00322061191626409,0.06645056726094,0.0033167495854063,0.619902120717781,0.978723404255319,0.00324675324675325,0.00336700336700337,0.00164473684210526,0.924071082390953,0.945945945945946,0.116693679092382,0.99198717948718,0.631493506493506,0.98655462184874,0.00335570469798658,0.00162866449511401,0.00332778702163062,0.0032626427406199,0.00324675324675325,0.399022801302932,0.00319488817891374,0.00321027287319422,0.00316957210776545,0.0343698854337152,0.370550161812298,0.244732576985413,0.952380952380952,0.00483091787439614,0.00334448160535117,0.606158833063209,1,0.395833333333333,0.298869143780291,0.0776699029126214,0.386473429951691,0.087893864013267,0.00981996726677578,0.00159489633173844,0.00961538461538462,0.276206322795341,0.00156739811912226,0.0401929260450161,0.147107438016529,0.0033003300330033,0.00160771704180064,0.280936454849498,0.234811165845649,0.276972624798712,0,0.931484502446982,0.00166944908180301,0.931419457735247,0.201709401709402,0.363782051282051,0.00164744645799012,0.166123778501629,0.00160771704180064,0.346534653465347,0.00330578512396694,0.00317965023847377,0.923076923076923,0.77491961414791
"214",0,0.0015625,0.00154320987654321,0,0,0,0,0,0,0,0,0,0,0,0,0,0,0,0,0,0,0,0,0,0,0,0,0,0,0,0,0,0,0,0,0,0,0,0,0,0,0,0,0,0,0,0,0.00147492625368732,0.00154798761609907,0.00151515151515152,0.00154320987654321,0,0.08,0.0288753799392097,0.00152905198776758,0,0,0,0.00475435816164818,0,0,0.00309597523219814,0,0.00157728706624606,0,0,0,0,0,0.00156739811912226,0.0077639751552795,0,0,0,0,0.00155038759689922,0,0.00154798761609907,0.00938967136150235,0,0.0123839009287926,0,0.0015015015015015,0,0,0,0,0.0062015503875969,0,0.00594353640416048,0,0,0,0.00628930817610063,0,0,0.00308641975308642,0.452160493827161,0.414634146341463,0.441176470588235,0.983206106870229,0.206022187004754,0.00772797527047913,0.012326656394453,0.482758620689655,0.318731117824773,0.953343701399689,0.862595419847328,0.378980891719745,0.540625,0.00303490136570561,0.648089171974522,0.380090497737557,0.866043613707165,0.597809076682316,0.00153374233128834,0.0123839009287926,0.40922619047619,0.711213517665131,0.00628930817610063,0.463607594936709,0.0015552099533437,0.466257668711656,0.00155038759689922,0.398782343987823,0.542319749216301,0.86646884272997,0.00154320987654321,0.911987860394537,0.860606060606061,0.0279503105590062,0.283076923076923,0.0314465408805031,0.43328335832084,0.00317460317460317,0.388719512195122,0.848024316109423,0.00476190476190476,0.351309707241911,0.0953846153846154,0.00306748466257669,0.00151745068285281,0.445131375579598,0.61189358372457,0.522205206738132,0.455521472392638,0.44578313253012,0.00156494522691706,0.711890243902439,0.0276923076923077,0.365891472868217,0.00304878048780488,0.109737248840804,0.990977443609023,0.967987804878049,0.00312989045383412,0.923076923076923,0.303892215568862,0.561832061068702,0.996951219512195,0.00153139356814701,0.00156985871271586,0.865963855421687,0.454545454545455,0.515015015015015,0.00310077519379845,0.00312989045383412,0.424528301886792,0.443759630200308,0.462848297213622,0.00451127819548872,0.463746223564955,0.00476947535771065,0.0237341772151899,0.404186795491143,0.379785604900459,0.716923076923077,0.496062992125984,0.0046583850931677,0.767019667170953,0.643730886850153,0.502235469448584,0.00763358778625954,0.63482280431433,0.00314465408805031,0.784375,0.405956112852665,0.0108024691358025,0.00625,0.00317460317460317,0.433990895295903,0.380880121396055,0.650381679389313,0.393617021276596,0.539877300613497,0.376788553259142,0.00310077519379845,0.0015600624024961,0.341307814992026,0.00311526479750779,0.00310077519379845,0.98159509202454,0.00301659125188537,0.096969696969697,0.00303030303030303,0.588502269288956,0.975193798449612,0.614088820826952,0.328746177370031,0.00758725341426404,0.00627943485086342,0.339939024390244,0.395833333333333,1,0.909785932721712,0.63030303030303,0.992295839753467,0.636222910216718,0.445652173913043,0.00147275405007364,0.290964777947933,0.8515625,0.00150602409638554,0.370090634441088,0.725239616613419,0.00317965023847377,0.00152905198776758,0.862284820031299,0.807692307692308,0.863354037267081,0,0.457627118644068,0.00317460317460317,0.42967542503864,0.459935897435897,0.974320241691843,0.0015552099533437,0.463076923076923,0.302936630602782,0.963076923076923,0.00311526479750779,0.00302571860816944,0.441400304414003,0.593220338983051
"215",0,0.00155763239875389,0.00156985871271586,0,0,0,0,0,0,0,0,0,0,0,0,0,0,0,0,0,0,0,0,0,0,0,0,0,0,0,0,0,0,0,0,0,0,0,0,0,0,0,0,0,0,0,0,0.00151745068285281,0.0015527950310559,0.0015600624024961,0.00157232704402516,0,0.0418604651162791,0.0122324159021407,0.00154798761609907,0,0,0,0.0078125,0,0,0.00784929356357928,0,0.00157977883096367,0,0,0,0,0.00157232704402516,0.00157977883096367,0.00625,0,0,0,0,0.00154320987654321,0,0.00313479623824451,0.0111287758346582,0,0.00933125972006221,0,0.003003003003003,0,0,0,0,0.00625978090766823,0,0.00764525993883792,0,0,0.00158982511923688,0.00627943485086342,0,0,0.00159489633173844,0.350387596899225,0.316030534351145,0.325545171339564,0.901990811638591,0.2953125,0.0283464566929134,0.0530421216848674,0.349683544303797,0.405864197530864,0.844690966719493,0.957878315132605,0.475513428120063,0.642857142857143,0.00154083204930663,0.754838709677419,0.275115919629057,0.967289719626168,0.503154574132492,0,0.0290964777947933,0.319940476190476,0.805993690851735,0.014218009478673,0.345659163987138,0,0.341158059467919,0.0015625,0.314900153609831,0.421135646687697,0.957639939485628,0,0.863422291993721,0.957317073170732,0.111801242236025,0.2546875,0.0379746835443038,0.328290468986384,0.0174603174603175,0.29595015576324,0.802469135802469,0.0180032733224223,0.330708661417323,0.0785824345146379,0.00308641975308642,0,0.319444444444444,0.628526645768025,0.409020217729393,0.343122102009274,0.336906584992343,0.0015748031496063,0.80184331797235,0.108895705521472,0.29153605015674,0.00153139356814701,0.214397496087637,0.933232169954476,0.918836140888208,0.00154083204930663,0.969502407704655,0.406626506024096,0.451104100946372,0.914196567862715,0,0.00160513643659711,0.958841463414634,0.337559429477021,0.42530487804878,0.00156494522691706,0.00157728706624606,0.324881141045959,0.354134165366615,0.354037267080745,0.0134932533733133,0.356374807987711,0.0226537216828479,0.0718849840255591,0.31687898089172,0.29249617151608,0.801574803149606,0.576619273301738,0.0158227848101266,0.78858024691358,0.761310452418097,0.574660633484163,0.0366412213740458,0.73374613003096,0.00158478605388273,0.66403785488959,0.315047021943574,0.0185758513931889,0.0332278481012658,0.017515923566879,0.327217125382263,0.286798179059181,0.766513056835638,0.30521472392638,0.419753086419753,0.302066772655008,0.00158478605388273,0.0015625,0.454106280193237,0.00154798761609907,0.00158982511923688,0.919629057187017,0.00154798761609907,0.21483771251932,0.00149476831091181,0.698461538461538,0.936335403726708,0.552922590837283,0.261976047904192,0.0316265060240964,0.023961661341853,0.243119266055046,0.298869143780291,0.909785932721712,1,0.725880551301684,0.924148606811146,0.755451713395639,0.554858934169279,0,0.370199692780338,0.960380348652932,0.0014903129657228,0.478787878787879,0.819620253164557,0.00161030595813205,0.00152905198776758,0.960629921259842,0.903426791277259,0.9609375,0,0.348367029548989,0.0142405063291139,0.325617283950617,0.465686274509804,0.944012441679627,0,0.537007874015748,0.429892141756549,0.966929133858268,0.00159489633173844,0.00151975683890578,0.330769230769231,0.49685534591195
"216",0.0108024691358025,0.0156739811912226,0.0125,0.00938967136150235,0,0,0,0,0,0,0,0,0,0,0,0,0,0,0,0,0,0,0,0,0,0,0,0,0,0,0,0,0,0,0,0,0,0,0,0,0,0,0,0,0,0,0,0.0135746606334842,0.0140625,0.0168970814132104,0.0140625,0.00806451612903226,0,0,0.00458715596330275,0.00773993808049536,0.00455927051671732,0.00306278713629403,0.00309597523219814,0.00470219435736677,0.00610687022900763,0.0109034267912773,0.0031055900621118,0.00477707006369427,0.00618238021638331,0.00461538461538462,0.0062015503875969,0.00461538461538462,0.00630914826498423,0.00470219435736677,0.0015527950310559,0.0046801872074883,0.0062992125984252,0.00469483568075117,0.00770416024653313,0.0015527950310559,0.00309597523219814,0.0031201248049922,0.00943396226415094,0.0060790273556231,0,0.0046656298600311,0.0045662100456621,0.00455235204855842,0.00614439324116743,0.00303490136570561,0.0062402496099844,0.00309119010819165,0.00625978090766823,0.00153139356814701,0.00628930817610063,0.00610687022900763,0.00314465408805031,0.00156494522691706,0.0015552099533437,0.00604229607250755,0.0772870662460568,0.134375,0.0918836140888208,0.0685358255451713,0.612654320987654,0.577464788732394,0.279620853080569,0.329721362229102,0.0947867298578199,0.711180124223602,0.572100313479624,0.781591263650546,0.774447949526814,0.922958397534669,0.0681114551083591,0.987361769352291,0.0494752623688156,0.79047619047619,0.239811912225705,0.0697674418604651,0.273570324574961,0.0797636632200886,0.928348909657321,0.2672,0.0858505564387917,0.0782472613458529,0.0848765432098765,0.0716510903426791,0.0707692307692308,0.219435736677116,0.774289985052317,0.0803149606299213,0.587962962962963,0.772382397572079,0.412037037037037,0.403481012658228,0.293103448275862,0.0714285714285714,0.269716088328076,0.0627871362940276,0.628614916286149,0.271268057784912,0.456656346749226,0.265432098765432,0.212074303405573,0.236842105263158,0.0816640986132511,0.577160493827161,0.193846153846154,0.0782208588957055,0.0840978593272171,0.120634920634921,0.929555895865237,0.403993855606759,0.0632716049382716,0.0797546012269939,0.507788161993769,0.634036144578313,0.674347158218126,0.0690737833594976,0.698564593301435,0.688821752265861,0.252321981424149,0.630265210608424,0.073208722741433,0.177847113884555,0.768518518518518,0.0817610062893082,0.155120481927711,0.24537037037037,0.200636942675159,0.0643642072213501,0.093167701863354,0.0830769230769231,0.266666666666667,0.0900763358778626,0.270833333333333,0.331210191082803,0.288244766505636,0.0642201834862385,0.923197492163009,0.662460567823344,0.255924170616114,0.567692307692308,0.981538461538462,0.702095808383233,0.316998468606432,0.998447204968944,0.0712025316455696,0.381172839506173,0.0704225352112676,0.262910798122066,0.29570747217806,0.256735340729002,0.0659509202453988,0.0581039755351682,0.980122324159021,0.0746951219512195,0.228878648233487,0.0724409448818898,0.0833333333333333,0.0762052877138414,0.733652312599681,0.0690184049079755,0.0688073394495413,0.633540372670807,0.073394495412844,0.504615384615385,0.0788690476190476,0.967340590979782,0.642967542503864,0.4421875,0.0594512195121951,0.284627092846271,0.275477707006369,0.170807453416149,0.0776699029126214,0.63030303030303,0.725880551301684,1,0.637770897832817,0.998427672955975,0.845911949685535,0.0741301059001513,0.62596599690881,0.790297339593114,0.0784313725490196,0.749249249249249,0.917065390749601,0.0981308411214953,0.0612557427258806,0.7648,0.833333333333333,0.778979907264297,0.0613496932515337,0.0783410138248848,0.272435897435897,0.0715396578538103,0.564593301435407,0.653030303030303,0.0777604976671851,0.655226209048362,0.708782742681048,0.683307332293292,0.0727848101265823,0.0785498489425982,0.0718654434250764,0.240625
"217",0,0.0016025641025641,0.00155763239875389,0,0,0,0,0,0,0,0,0,0,0,0,0,0,0,0,0,0,0,0,0,0,0,0,0,0,0,0,0,0,0,0,0,0,0,0,0,0,0,0,0,0,0,0,0.00152905198776758,0.00158227848101266,0.0015527950310559,0.00158730158730159,0,0.0830721003134796,0.0341085271317829,0.00154798761609907,0,0,0,0.00793650793650794,0,0,0.00316957210776545,0,0.00161030595813205,0,0,0,0,0.00158227848101266,0.00159744408945687,0.0094488188976378,0,0,0,0,0.00157728706624606,0,0.00316957210776545,0.0125786163522013,0,0.0201550387596899,0,0.00308641975308642,0,0,0,0,0.00483870967741936,0,0.00930232558139535,0,0,0.00158730158730159,0.00955414012738853,0,0,0.0032,0.427001569858713,0.394216133942161,0.427899686520376,0.981395348837209,0.200320512820513,0.00789889415481832,0.0142630744849445,0.460420032310178,0.32120253164557,0.9453125,0.87207488299532,0.38755980861244,0.549141965678627,0.003125,0.650485436893204,0.37904468412943,0.866141732283465,0.579365079365079,0.0015600624024961,0.0093603744149766,0.402714932126697,0.716346153846154,0.00642054574638844,0.447833065810594,0.00159235668789809,0.443396226415094,0.00159235668789809,0.378461538461538,0.524720893141946,0.873860182370821,0.00157728706624606,0.88646967340591,0.870170015455951,0.028391167192429,0.255886970172684,0.0188383045525903,0.423728813559322,0.00481540930979133,0.377329192546584,0.835365853658537,0.00651465798045603,0.327613104524181,0.0899053627760252,0.00311526479750779,0.0015625,0.433021806853583,0.604133545310016,0.491392801251956,0.4421875,0.433846153846154,0.00159489633173844,0.712948517940718,0.0249609984399376,0.360374414976599,0.00313971742543171,0.113564668769716,0.998466257668712,0.968404423380727,0.003125,0.918789808917197,0.302431610942249,0.538827258320127,0.9984375,0.00159744408945687,0.00159744408945687,0.877742946708464,0.437699680511182,0.506891271056662,0.00315955766192733,0.00315457413249211,0.414173228346457,0.4359375,0.458730158730159,0.00457317073170732,0.446345256609642,0.00490998363338789,0.0207006369426752,0.379478827361564,0.368584758942457,0.727272727272727,0.494417862838915,0.0031055900621118,0.761006289308176,0.647692307692308,0.487915407854985,0.00611620795107034,0.636075949367089,0.0031496062992126,0.771293375394322,0.3872,0.00469483568075117,0.00796178343949045,0.00476190476190476,0.422839506172839,0.371294851794072,0.653061224489796,0.384853168469861,0.509287925696594,0.364365971107544,0.00318471337579618,0.00160771704180064,0.351219512195122,0.0031496062992126,0.00311526479750779,0.985915492957746,0.00311526479750779,0.105990783410138,0.00303951367781155,0.582689335394127,0.982594936708861,0.616719242902208,0.335403726708075,0.0062015503875969,0.00641025641025641,0.312796208530806,0.386473429951691,0.992295839753467,0.924148606811146,0.637770897832817,1,0.648902821316614,0.455399061032864,0.00151745068285281,0.286384976525822,0.866559485530547,0.00153139356814701,0.367692307692308,0.72176759410802,0.00318979266347687,0.0015600624024961,0.873015873015873,0.809076682316119,0.858505564387917,0,0.450704225352113,0.00321027287319422,0.416012558869702,0.446774193548387,0.987635239567233,0.0015552099533437,0.452978056426332,0.31201248049922,0.974317817014446,0.00312989045383412,0.00306278713629403,0.432307692307692,0.577287066246057
"218",0.00777604976671851,0.00947867298578199,0.00956937799043062,0.00801282051282051,0,0,0,0,0,0,0,0,0,0,0,0,0,0,0,0,0,0,0,0,0,0,0,0,0,0,0,0,0,0,0,0,0,0,0,0,0,0,0,0,0,0,0,0.00923076923076923,0.00950871632329636,0.0109204368174727,0.00972447325769854,0.00654664484451719,0.00155038759689922,0.00157728706624606,0.0046875,0.00631911532385466,0.00470219435736677,0.00155038759689922,0.00646203554119548,0.00477707006369427,0.00461538461538462,0.0126182965299685,0.00316455696202532,0.00487012987012987,0.0046583850931677,0.00316455696202532,0.0046875,0.00310077519379845,0.00644122383252818,0.00477707006369427,0.00158478605388273,0.0031496062992126,0.0048,0.00321543408360129,0.00630914826498423,0.00157728706624606,0.00161030595813205,0.00476190476190476,0.0112179487179487,0.0046801872074883,0.00155763239875389,0.00312989045383412,0.00612557427258806,0.00462249614791988,0.004739336492891,0.00155038759689922,0.0047244094488189,0.00323101777059774,0.00480769230769231,0.00309119010819165,0.00476947535771065,0.00459418070444104,0.00480769230769231,0.0032,0.00158478605388273,0.00470957613814757,0.0670926517571885,0.140157480314961,0.102918586789555,0.0780254777070064,0.609105180533752,0.56957928802589,0.262321144674086,0.299679487179487,0.1,0.710691823899371,0.570747217806041,0.789391575663027,0.762903225806452,0.918622848200313,0.0625,0.990243902439024,0.0590062111801242,0.805295950155763,0.249597423510467,0.0585443037974684,0.247208931419458,0.0886850152905199,0.93563579277865,0.253205128205128,0.0882825040128411,0.0642054574638844,0.0943396226415094,0.0608,0.0794912559618442,0.217806041335453,0.786482334869432,0.0688,0.59594383775351,0.78494623655914,0.388976377952756,0.415730337078652,0.2688,0.080370942812983,0.256493506493506,0.0788253477588872,0.639191290824261,0.251655629139073,0.474339035769829,0.2368,0.209702660406886,0.22432859399684,0.0919003115264797,0.5936,0.187106918238994,0.0856697819314642,0.0919003115264797,0.109854604200323,0.932917316692668,0.394944707740916,0.0695102685624013,0.0695517774343122,0.503154574132492,0.651305683563748,0.687598116169545,0.062992125984252,0.719298245614035,0.685496183206107,0.24483306836248,0.646031746031746,0.0663507109004739,0.154975530179445,0.788888888888889,0.0842787682333874,0.160796324655436,0.222222222222222,0.185303514376997,0.0829268292682927,0.0985691573926868,0.0927672955974843,0.238897396630934,0.0913385826771654,0.246280991735537,0.318840579710145,0.300970873786408,0.0734375,0.934713375796178,0.681672025723473,0.237639553429027,0.578947368421053,0.988924050632911,0.709774436090226,0.288854003139717,0.995215311004785,0.0570032573289902,0.383386581469649,0.076555023923445,0.249609984399376,0.27724358974359,0.233226837060703,0.0778625954198473,0.0684292379471229,0.984251968503937,0.0838509316770186,0.224489795918367,0.082670906200318,0.0726978998384491,0.062992125984252,0.727714748784441,0.0644654088050314,0.0631911532385466,0.64251968503937,0.0648148148148148,0.492354740061162,0.0707692307692308,0.955038759689922,0.664536741214057,0.427672955974843,0.0648148148148148,0.265745007680492,0.248788368336026,0.185358255451713,0.087893864013267,0.636222910216718,0.755451713395639,0.998427672955975,0.648902821316614,1,0.831460674157303,0.0712074303405573,0.623028391167192,0.800324675324675,0.0637329286798179,0.74885145482389,0.92483660130719,0.0858995137763371,0.0572755417956656,0.788368336025848,0.84310618066561,0.789889415481833,0.0519685039370079,0.0855784469096672,0.244732576985413,0.0832025117739403,0.584967320261438,0.66407465007776,0.0634674922600619,0.669811320754717,0.703001579778831,0.702875399361022,0.0651828298887122,0.0657492354740061,0.08125,0.241214057507987
"219",0.0563380281690141,0.0528846153846154,0.0520504731861199,0.0432692307692308,0,0,0,0,0,0,0,0,0,0,0,0,0,0,0,0,0,0,0,0,0,0,0,0,0,0,0,0,0,0,0,0,0,0,0,0,0,0,0,0,0,0,0,0.0641221374045802,0.0634920634920635,0.0544323483670296,0.0483870967741935,0.0130932896890344,0,0,0.00770416024653313,0.0111287758346582,0.00627943485086342,0.00469483568075117,0.00156739811912226,0.00784929356357928,0.00783699059561128,0.0141732283464567,0.0064,0.00634920634920635,0.00940438871473354,0.00789889415481832,0.00938967136150235,0.00794912559618442,0.0095389507154213,0.00807754442649435,0,0.00789889415481832,0.00647249190938511,0.00473186119873817,0.00927357032457496,0.00469483568075117,0.00630914826498423,0.00470219435736677,0.008,0.0078125,0,0.00788643533123028,0.00462249614791988,0.00759878419452888,0.00930232558139535,0.0062015503875969,0.00918836140888208,0.00158227848101266,0.00963081861958266,0,0.00792393026941363,0.00921658986175115,0.00635930047694754,0,0.00478468899521531,0.00769230769230769,0.156398104265403,0.0932069510268562,0.0185185185185185,0.00801282051282051,0.419906687402799,0.744783306581059,0.45253164556962,0.501592356687898,0.0176565008025682,0.883435582822086,0.3765625,0.609034267912773,0.908943089430894,0.942857142857143,0.153605015673981,0.816993464052288,0.00157977883096367,0.615262321144674,0.124797406807131,0.154818325434439,0.451104100946372,0.0091324200913242,0.745627980922099,0.435691318327974,0.00967741935483871,0.158576051779935,0.0112903225806452,0.158631415241058,0.010989010989011,0.167721518987342,0.602446483180428,0.159305993690852,0.411302982731554,0.6156202143951,0.591414944356121,0.434231378763867,0.457735247208931,0.00605143721633888,0.437299035369775,0.00316455696202532,0.437403400309119,0.425287356321839,0.467511885895404,0.402208201892744,0.403726708074534,0.407348242811502,0.00459418070444104,0.522292993630573,0.150470219435737,0.0125195618153365,0.00771604938271605,0.284789644012945,0.747663551401869,0.584639498432602,0.00483091787439614,0.166144200626959,0.688172043010753,0.459876543209877,0.492845786963434,0.152037617554859,0.503236245954693,0.864197530864197,0.189873417721519,0.44811320754717,0.151033386327504,0.298217179902755,0.595238095238095,0.00952380952380952,0.0338983050847458,0.402208201892744,0.378594249201278,0.00641025641025641,0.0155038759689922,0.0110236220472441,0.423493044822257,0.010989010989011,0.440650406504065,0.500797448165869,0.290849673202614,0.00470957613814757,0.7484375,0.650717703349282,0.430359937402191,0.463836477987421,0.81010719754977,0.71319018404908,0.469578783151326,0.844827586206897,0.156351791530945,0.197472353870458,0.00647249190938511,0.443396226415094,0.455573505654281,0.42515923566879,0.00769230769230769,0.00309119010819165,0.818611987381703,0.0108864696734059,0.162790697674419,0.00651465798045603,0.176,0.159420289855072,0.9024,0.157232704402516,0.163779527559055,0.45226917057903,0.150769230769231,0.683881064162754,0.15919629057187,0.894080996884735,0.489763779527559,0.302839116719243,0.00307692307692308,0.446808510638298,0.449044585987261,0.162460567823344,0.00981996726677578,0.445652173913043,0.554858934169279,0.845911949685535,0.455399061032864,0.831460674157303,1,0.157492354740061,0.799065420560748,0.625607779578606,0.157975460122699,0.840625,0.742351046698873,0.200657894736842,0.153605015673981,0.595846645367412,0.6801872074883,0.597791798107255,0.141538461538462,0.00934579439252336,0.435275080906149,0.0078125,0.563311688311688,0.467075038284839,0.167721518987342,0.666146645865835,0.883647798742138,0.498397435897436,0.160828025477707,0.166666666666667,0.00462962962962963,0.128
"220",0.624434389140271,0.623277182235835,0.594135802469136,0.605222734254992,0,0,0,0,0,0,0,0,0,0,0,0,0,0,0,0,0,0,0,0,0,0,0,0,0,0,0,0,0,0,0,0,0,0,0,0,0,0,0,0,0,0,0,0.63001485884101,0.632218844984802,0.62406015037594,0.603030303030303,0.0188087774294671,0,0,0.0121580547112462,0.0228310502283105,0.0149925037481259,0.0121765601217656,0.00772797527047913,0.0138248847926267,0.0165165165165165,0.00903614457831325,0.0168970814132104,0.0125,0.0196078431372549,0.0168453292496172,0.0138036809815951,0.0363636363636364,0.018348623853211,0.0157232704402516,0,0.0166163141993958,0.0138461538461538,0.0153846153846154,0.0119760479041916,0.0122137404580153,0.0123839009287926,0.0136986301369863,0.00770416024653313,0.0151057401812689,0,0.0137614678899083,0.0103703703703704,0.0163934426229508,0.0152439024390244,0.0163690476190476,0.0167173252279635,0.0106707317073171,0.0169753086419753,0,0.0137404580152672,0.0164670658682635,0.010752688172043,0,0.0153139356814701,0.014792899408284,1,0.00458015267175573,0.00149253731343284,0.00153846153846154,0,0.235658914728682,0.518518518518518,0.480974124809741,0.00152905198776758,0.165424739195231,0.00153374233128834,0.0014903129657228,0.151702786377709,0.12125748502994,0.998489425981873,0.056782334384858,0,0.0015220700152207,0.00154320987654321,0.998484848484849,0.505343511450382,0,0.00916030534351145,0.51840490797546,0,1,0.00151285930408472,1,0.00152671755725191,0.0182648401826484,0.00147058823529412,1,0.00151057401812689,0.00148588410104012,0.448698315467075,0.175115207373272,0.478593272171254,0.00147058823529412,0.536098310291859,0,0.00150602409638554,0.510236220472441,0.128593040847201,0.578549848942598,0.557228915662651,0.541411042944785,0.00150602409638554,0.00455235204855842,0.00303490136570561,0.00152671755725191,0.00149925037481259,0.737248840803709,0.0103550295857988,0.431784107946027,0.00153139356814701,0.998502994011976,0.332317073170732,0.00149925037481259,0,0.998473282442748,0.00155763239875389,0.167164179104478,0.00464396284829721,0.00149700598802395,1,0.848673946957878,0.00151975683890578,0.00154320987654321,0.00148588410104012,0.573596358118361,0.565485362095532,0.0015552099533437,0.00150602409638554,0.00153846153846154,0.529061102831595,0.00152671755725191,0.512578616352201,0.43613707165109,0.0253565768621236,0.00150602409638554,0.00927357032457496,0.0046583850931677,0.541411042944785,0.00150602409638554,0.0497737556561086,0.0131578947368421,0.511380880121396,0.0806697108066971,0.998454404945904,0,0.00152905198776758,0.518796992481203,0.502318392581144,0.53198127925117,0.00149476831091181,0.00150829562594268,0.0466867469879518,0.00148588410104012,0.0136157337367625,0.00154320987654321,1,0.998461538461539,0.175,0.972307692307692,0.996951219512195,0,1,0.366515837104072,0.998507462686567,0.114925373134328,0.00152671755725191,0.348484848484849,0.0014903129657228,0.512084592145015,0.516228748068006,0.0137614678899083,0.00159489633173844,0.00147275405007364,0,0.0741301059001513,0.00151745068285281,0.0712074303405573,0.157492354740061,1,0.161339421613394,0.00153846153846154,0.998520710059172,0.106351550960118,0.00940438871473354,0.932496075353218,0.971212121212121,0.0015600624024961,0.00152671755725191,0.00152905198776758,1,0.00152439024390244,0.532710280373832,0.00151057401812689,0.0156739811912226,0.00150829562594268,1,0.0182094081942337,0.217987804878049,0.00154083204930663,1,0.980597014925373,0.00150602409638554,0.00153609831029186
"221",0.046583850931677,0.0470957613814757,0.0484375,0.0363924050632911,0,0,0,0,0,0,0,0,0,0,0,0,0,0,0,0,0,0,0,0,0,0,0,0,0,0,0,0,0,0,0,0,0,0,0,0,0,0,0,0,0,0,0,0.0561456752655539,0.0602782071097372,0.053125,0.0363349131121643,0.0130081300813008,0,0,0.0077639751552795,0.0125195618153365,0.00925925925925926,0.00309119010819165,0.0031104199066874,0.00943396226415094,0.009375,0.0125786163522013,0.00938967136150235,0.00478468899521531,0.0108024691358025,0.00949367088607595,0.0108864696734059,0.0078125,0.0109204368174727,0.00793650793650794,0,0.00777604976671851,0.0078740157480315,0.00794912559618442,0.00770416024653313,0.00635930047694754,0.00635930047694754,0.0078125,0.0032,0.0107197549770291,0,0.00923076923076923,0.00759878419452888,0.00764525993883792,0.0109034267912773,0.00911854103343465,0.00938967136150235,0.00476947535771065,0.0110759493670886,0,0.0110759493670886,0.00918836140888208,0.00634920634920635,0,0.00627943485086342,0.0093167701863354,0.171701112877583,0.202211690363349,0.0172143974960876,0.0078740157480315,0.271212121212121,0.923930269413629,0.642857142857143,0.669826224328594,0.0503937007874016,0.916666666666667,0.22848200312989,0.423255813953488,0.868932038834951,0.726006191950464,0.171073094867807,0.611650485436893,0.00306748466257669,0.420722135007849,0.113964686998395,0.172839506172839,0.644859813084112,0.0120481927710843,0.540625,0.634493670886076,0.0129032258064516,0.17329093799682,0.0125195618153365,0.174652241112828,0.0077639751552795,0.265402843601896,0.432228915662651,0.17774343122102,0.299392097264438,0.428353658536585,0.714064914992272,0.650077760497667,0.652996845425868,0.0272727272727273,0.62621359223301,0.00924499229583975,0.426605504587156,0.632850241545894,0.682316118935837,0.527047913446677,0.591962905718702,0.605633802816901,0.00626959247648903,0.656200941915228,0.277258566978193,0.0820433436532508,0.00766871165644172,0.43968253968254,0.540706605222734,0.702194357366771,0.0015600624024961,0.179289026275116,0.790625,0.29601226993865,0.335925349922239,0.1625,0.3552,0.945454545454545,0.286153846153846,0.291731669266771,0.168769716088328,0.296703296703297,0.4140625,0.0078740157480315,0.0199081163859112,0.584251968503937,0.584126984126984,0.0113268608414239,0.0387596899224806,0.0325581395348837,0.619548872180451,0.0108695652173913,0.638436482084691,0.711783439490446,0.5,0.00154083204930663,0.532608695652174,0.752773375594295,0.616822429906542,0.45226917057903,0.602484472049689,0.771428571428571,0.652373660030628,0.632970451010886,0.167987321711569,0.141945773524721,0.00479233226837061,0.631911532385466,0.6496,0.619808306709265,0.00773993808049536,0.00154798761609907,0.615384615384615,0.00923076923076923,0.271317829457364,0.00476947535771065,0.186413902053712,0.172741679873217,0.877616747181965,0.207278481012658,0.18125,0.291021671826625,0.172093023255814,0.758942457231726,0.175654853620955,0.676470588235294,0.326498422712934,0.211267605633803,0.00151975683890578,0.649691358024691,0.637658227848101,0.372093023255814,0.00961538461538462,0.290964777947933,0.370199692780338,0.62596599690881,0.286384976525822,0.623028391167192,0.799065420560748,0.161339421613394,1,0.432646592709984,0.177811550151976,0.886018237082067,0.557507987220447,0.227707006369427,0.181959564541213,0.406698564593301,0.488151658767773,0.421216848673947,0.166149068322981,0.0077639751552795,0.630894308943089,0.0108191653786708,0.764991896272285,0.313455657492355,0.187004754358162,0.804075235109718,0.857142857142857,0.330128205128205,0.169871794871795,0.18989280245023,0.00462962962962963,0.122065727699531
"222",0,0.00158478605388273,0.00158478605388273,0,0,0,0,0,0,0,0,0,0,0,0,0,0,0,0,0,0,0,0,0,0,0,0,0,0,0,0,0,0,0,0,0,0,0,0,0,0,0,0,0,0,0,0,0.00154798761609907,0.00159744408945687,0.00156739811912226,0.00161290322580645,0,0.0189873417721519,0.0015748031496063,0,0,0,0,0.00481540930979133,0,0,0.00794912559618442,0,0,0,0,0,0,0.00160513643659711,0,0.00476190476190476,0,0,0,0,0,0,0.0016025641025641,0.00975609756097561,0,0.0031496062992126,0,0.00154559505409583,0,0,0,0,0.00483870967741936,0,0.00462249614791988,0,0,0.0016025641025641,0.00329489291598023,0,0,0.00322061191626409,0.322327044025157,0.272727272727273,0.279032258064516,0.837320574162679,0.353130016051364,0.0656,0.0850722311396469,0.306581059390048,0.480376766091052,0.79073482428115,1,0.542345276872964,0.704113924050633,0.00312989045383412,0.8112,0.232227488151659,0.995215311004785,0.453376205787781,0.00159489633173844,0.0689102564102564,0.269645608628659,0.862838915470494,0.0456769983686786,0.3125,0.00159489633173844,0.30173775671406,0.0016025641025641,0.268253968253968,0.403225806451613,0.998470948012232,0.0016260162601626,0.811708860759494,0.998452012383901,0.160975609756098,0.288,0.0837359098228663,0.285271317829457,0.0541871921182266,0.2578125,0.817757009345794,0.0587248322147651,0.370192307692308,0.111811023622047,0.015625,0.028436018957346,0.288401253918495,0.654220779220779,0.3879173290938,0.293929712460064,0.287713841368585,0.00159744408945687,0.856918238993711,0.168486739469579,0.253611556982344,0.00315955766192733,0.272292993630573,0.869291338582677,0.905511811023622,0.00318471337579618,0.924466338259442,0.46801872074883,0.42902711323764,0.859399684044234,0.0015748031496063,0.00813008130081301,1,0.292682926829268,0.366197183098592,0.0192307692307692,0.014308426073132,0.27479674796748,0.293563579277865,0.309904153354633,0.0491551459293395,0.310236220472441,0.057660626029654,0.114942528735632,0.347402597402597,0.251572327044025,0.866666666666667,0.633550488599348,0.0504065040650407,0.784469096671949,0.813479623824451,0.63109756097561,0.073094867807154,0.786729857819905,0.00326797385620915,0.600961538461538,0.271844660194175,0.0537124802527646,0.0682539682539682,0.040650406504065,0.27742946708464,0.24804992199688,0.829953198127925,0.279365079365079,0.404458598726115,0.264090177133655,0.00323101777059774,0.00160513643659711,0.513114754098361,0.00316455696202532,0.00316455696202532,0.869218500797448,0.0031201248049922,0.263322884012539,0.00310077519379845,0.75516693163752,0.881493506493506,0.553459119496855,0.221879815100154,0.0682170542635659,0.0588235294117647,0.235387045813586,0.276206322795341,0.8515625,0.960380348652932,0.790297339593114,0.866559485530547,0.800324675324675,0.625607779578606,0.00153846153846154,0.432646592709984,1,0.00154083204930663,0.528125,0.871544715447155,0.00326797385620915,0.00159235668789809,0.996715927750411,0.952380952380952,0.998392282958199,0,0.298887122416534,0.0504065040650407,0.280254777070064,0.499168053244592,0.896331738437002,0.00160771704180064,0.595505617977528,0.477635782747604,0.920922570016474,0.00320512820512821,0.00309597523219814,0.290423861852433,0.442857142857143
"223",0.633633633633634,0.619266055045872,0.590563165905632,0.60061919504644,0,0,0,0,0,0,0,0,0,0,0,0,0,0,0,0,0,0,0,0,0,0,0,0,0,0,0,0,0,0,0,0,0,0,0,0,0,0,0,0,0,0,0,0.635431918008785,0.629909365558912,0.623318385650224,0.599695585996956,0.0174603174603175,0,0,0.0121580547112462,0.0232919254658385,0.0151285930408472,0.0121028744326778,0.00928792569659443,0.0164670658682635,0.0176470588235294,0.0121028744326778,0.0168195718654434,0.0126182965299685,0.0209895052473763,0.0200617283950617,0.0167427701674277,0.0301204819277108,0.0184049079754601,0.015552099533437,0,0.0149700598802395,0.014018691588785,0.015527950310559,0.0137404580152672,0.0152905198776758,0.0153846153846154,0.0169230769230769,0.0109034267912773,0.0163934426229508,0,0.0152439024390244,0.0134328358208955,0.0178571428571429,0.0151515151515152,0.0166414523449319,0.0196374622356495,0.0122324159021407,0.0167427701674277,0,0.0166666666666667,0.0178041543026706,0.0139103554868624,0,0.0139103554868624,0.0150602409638554,1,0.00754147812971342,0.00151515151515152,0.00154798761609907,0.00151285930408472,0.239130434782609,0.519877675840979,0.467987804878049,0,0.172782874617737,0.00154320987654321,0.00150829562594268,0.15552099533437,0.123867069486405,1,0.054773082942097,0.00148148148148148,0.00153374233128834,0.0015625,1,0.504559270516717,0.00145772594752187,0.0121028744326778,0.517940717628705,0.00155038759689922,1,0.00151745068285281,0.998473282442748,0.00153139356814701,0.0245022970903522,0.00147058823529412,1,0.00152905198776758,0.0014903129657228,0.43247344461305,0.186153846153846,0.481651376146789,0.00149476831091181,0.523956723338485,0,0.00151057401812689,0.503974562798092,0.138972809667674,0.572948328267477,0.56838905775076,0.546296296296296,0,0.00154559505409583,0.0030441400304414,0.00151285930408472,0.00149476831091181,0.736434108527132,0.0134932533733133,0.422960725075529,0.00154798761609907,0.998487140695915,0.321928460342146,0.00149700598802395,0.00153609831029186,1,0.0015527950310559,0.170839469808542,0.00306278713629403,0,1,0.861586314152411,0,0.00151975683890578,0.00146842878120411,0.579754601226994,0.569044006069803,0.00155038759689922,0.00151975683890578,0,0.531851851851852,0.00153609831029186,0.512698412698413,0.433229813664596,0.0253164556962025,0.00151285930408472,0.0123456790123457,0.0046875,0.537151702786378,0,0.0549618320610687,0.0117994100294985,0.5,0.0816944024205749,1,0.00151285930408472,0.00154559505409583,0.523664122137405,0.513931888544892,0.536923076923077,0.00147710487444609,0.00149925037481259,0.0575757575757576,0.00147710487444609,0.0152439024390244,0.00153609831029186,1,1,0.169014084507042,0.974045801526718,0.99537037037037,0.00150602409638554,0.998518518518518,0.348802395209581,0.995488721804511,0.112781954887218,0,0.352760736196319,0.00148148148148148,0.503692762186115,0.527522935779816,0.0181818181818182,0.00156739811912226,0.00150602409638554,0.0014903129657228,0.0784313725490196,0.00153139356814701,0.0637329286798179,0.157975460122699,0.998520710059172,0.177811550151976,0.00154083204930663,1,0.104105571847507,0.0108191653786708,0.94392523364486,0.975975975975976,0,0.0015220700152207,0.0015220700152207,0.998496240601504,0.0015015015015015,0.523956723338485,0.00151285930408472,0.0188976377952756,0.00151057401812689,0.998482549317147,0.0229357798165138,0.209969788519637,0.00154083204930663,1,0.981954887218045,0.0014792899408284,0
"224",0.0258751902587519,0.0306278713629403,0.0261941448382126,0.0218408736349454,0,0,0,0,0,0,0,0,0,0,0,0,0,0,0,0,0,0,0,0,0,0,0,0,0,0,0,0,0,0,0,0,0,0,0,0,0,0,0,0,0,0,0,0.0326409495548961,0.0321592649310873,0.0276497695852535,0.0219435736677116,0.00796178343949045,0,0,0.00453172205438067,0.00763358778625954,0.00303490136570561,0.00305343511450382,0.00155763239875389,0.0045045045045045,0.0045662100456621,0.00930232558139535,0.00458715596330275,0.003125,0.00606060606060606,0.00460122699386503,0.00611620795107034,0.00604229607250755,0.00773993808049536,0.0046656298600311,0,0.00614439324116743,0.00307219662058372,0.00308166409861325,0.0075642965204236,0.00309119010819165,0.00462249614791988,0.00305810397553517,0.00467289719626168,0.00458715596330275,0,0.00609756097560976,0.00302114803625378,0.00449775112443778,0.00610687022900763,0.00594353640416048,0.00615384615384615,0,0.00609756097560976,0,0.00460122699386503,0.00597014925373134,0.00458015267175573,0,0.0046801872074883,0.00452488687782805,0.108024691358025,0.221036585365854,0.0617469879518072,0.036979969183359,0.356495468277946,0.846273291925466,0.535101404056162,0.582434514637905,0.0716510903426791,0.942073170731707,0.306153846153846,0.527047913446677,0.910518053375196,0.817351598173516,0.0998487140695915,0.740916271721959,0.0256024096385542,0.539170506912442,0.177847113884555,0.0948795180722892,0.51963746223565,0.0412979351032448,0.679447852760736,0.523219814241486,0.0555555555555556,0.10989010989011,0.0532724505327245,0.108396946564885,0.0473282442748092,0.274570982839314,0.519345238095238,0.105666156202144,0.39509954058193,0.53204172876304,0.666153846153846,0.610169491525424,0.53953488372093,0.0449101796407186,0.506309148264984,0.0424242424242424,0.451127819548872,0.508634222919937,0.637329286798179,0.44947209653092,0.477862595419847,0.477726574500768,0.049079754601227,0.694915254237288,0.272727272727273,0.0891238670694864,0.0461309523809524,0.339563862928349,0.683076923076923,0.660550458715596,0.0309119010819165,0.113981762917933,0.776911076443058,0.387878787878788,0.413010590015129,0.101382488479263,0.4625,0.925925925925926,0.302325581395349,0.382530120481928,0.0984615384615385,0.251170046801872,0.518910741301059,0.0450310559006211,0.0610119047619048,0.467275494672755,0.456964006259781,0.0404984423676012,0.0554699537750385,0.0532724505327245,0.501501501501502,0.0444104134762634,0.529042386185243,0.581358609794629,0.468998410174881,0.0308166409861325,0.665639445300462,0.8125,0.503125,0.539634146341463,0.735963581183611,0.845468053491828,0.546003016591252,0.762121212121212,0.096875,0.203076923076923,0.04375,0.510606060606061,0.540752351097179,0.505426356589147,0.0418535127055306,0.0333333333333333,0.732330827067669,0.0432835820895522,0.289833080424886,0.0376175548589342,0.113385826771654,0.109230769230769,0.893481717011129,0.113178294573643,0.109923664122137,0.386996904024768,0.106221547799697,0.748511904761905,0.118618618618619,0.793939393939394,0.408668730650155,0.234398782343988,0.0273141122913505,0.537878787878788,0.51937984496124,0.335347432024169,0.0401929260450161,0.370090634441088,0.478787878787879,0.749249249249249,0.367692307692308,0.74885145482389,0.840625,0.106351550960118,0.886018237082067,0.528125,0.104105571847507,1,0.668231611893584,0.149136577708006,0.108728943338438,0.519500780031201,0.597243491577335,0.538343558282209,0.102255639097744,0.0459418070444104,0.51496062992126,0.047040971168437,0.75796178343949,0.398484848484848,0.109062980030722,0.84031007751938,0.873303167420814,0.425465838509317,0.0993788819875776,0.111111111111111,0.042042042042042,0.172839506172839
"225",0,0.0016366612111293,0.00161812297734628,0.0016,0,0,0,0,0,0,0,0,0,0,0,0,0,0,0,0,0,0,0,0,0,0,0,0,0,0,0,0,0,0,0,0,0,0,0,0,0,0,0,0,0,0,0,0.00153139356814701,0,0.00161290322580645,0,0.0016750418760469,0.00318471337579618,0.00157232704402516,0.00156985871271586,0.00161550888529887,0,0,0.00484652665589661,0,0,0.00803858520900321,0,0.00164473684210526,0,0,0,0,0.00162074554294976,0.00163934426229508,0.00483091787439614,0,0,0,0.00318979266347687,0.00159235668789809,0,0.00322061191626409,0.00490196078431373,0,0.00317965023847377,0,0.00314465408805031,0,0,0,0,0.00483870967741936,0,0.004739336492891,0,0,0.00161290322580645,0.00327332242225859,0,0,0.00972447325769854,0.2096,0.161904761904762,0.147350993377483,0.69551282051282,0.504105090311987,0.199021207177814,0.240829346092504,0.165316045380875,0.610492845786963,0.647249190938511,0.870047543581617,0.667768595041322,0.83015873015873,0.00645161290322581,0.934210526315789,0.122611464968153,0.867313915857605,0.321192052980132,0.00792393026941363,0.202247191011236,0.1578125,0.990196078431373,0.190082644628099,0.176470588235294,0.00645161290322581,0.1744,0.00646203554119548,0.1453125,0.2608,0.858712715855573,0.00977198697068404,0.678456591639871,0.855799373040752,0.311004784688995,0.434294871794872,0.217320261437909,0.149068322981366,0.197674418604651,0.15,0.710862619808307,0.190789473684211,0.505654281098546,0.171428571428571,0.145833333333333,0.1696,0.167449139280125,0.662903225806452,0.2656,0.145367412140575,0.159305993690852,0.0324675324675325,0.990384615384615,0.312796208530806,0.132165605095541,0.00794912559618442,0.423701298701299,0.73186119873817,0.750793650793651,0.00478468899521531,0.791666666666667,0.602503912363067,0.330605564648118,0.719685039370079,0.00807754442649435,0.0870967741935484,0.862123613312203,0.160655737704918,0.236593059936909,0.164012738853503,0.13474025974026,0.143790849673203,0.182985553772071,0.171849427168576,0.195046439628483,0.1669341894061,0.20957095709571,0.264274061990212,0.361344537815126,0.138801261829653,0.982539682539682,0.748784440842788,0.183574879227053,0.656597774244833,0.9408,0.765069551777434,0.216772151898734,0.915873015873016,0.00656814449917898,0.470873786407767,0.146818923327896,0.192982456140351,0.211570247933884,0.184339314845024,0.149606299212598,0.125,0.940251572327044,0.145110410094637,0.282467532467532,0.143790849673203,0.0115511551155116,0.00974025974025974,0.639344262295082,0.00635930047694754,0.0065252854812398,0.730645161290323,0.00933125972006221,0.40625,0.00956937799043062,0.877777777777778,0.7264,0.458003169572108,0.111459968602826,0.210031347962382,0.201652892561983,0.244408945686901,0.147107438016529,0.725239616613419,0.819620253164557,0.917065390749601,0.72176759410802,0.92483660130719,0.742351046698873,0.00940438871473354,0.557507987220447,0.871544715447155,0.0108191653786708,0.668231611893584,1,0.0285714285714286,0.00630914826498423,0.85924713584288,0.903381642512077,0.856677524429967,0.00158982511923688,0.154704944178628,0.181523500810373,0.1504,0.645973154362416,0.730462519936204,0.00969305331179321,0.713141025641026,0.610223642172524,0.764026402640264,0.00661157024793388,0.00947867298578199,0.162162162162162,0.312698412698413
"226",0.636075949367089,0.628980891719745,0.60702875399361,0.593800978792822,0,0,0,0,0,0,0,0,0,0,0,0,0,0,0,0,0,0,0,0,0,0,0,0,0,0,0,0,0,0,0,0,0,0,0,0,0,0,0,0,0,0,0,0.646511627906977,0.64251968503937,0.624610591900312,0.591935483870968,0.0262295081967213,0,0,0.0111642743221691,0.025974025974026,0.0157232704402516,0.0142857142857143,0.00964630225080386,0.014308426073132,0.0188976377952756,0.00977198697068404,0.0176565008025682,0.0161290322580645,0.0222929936305732,0.0210355987055016,0.0157232704402516,0.0323101777059774,0.0193861066235864,0.014827018121911,0,0.0144694533762058,0.0145161290322581,0.0163398692810458,0.014446227929374,0.0162337662337662,0.0179445350734095,0.0175718849840256,0.0131147540983607,0.0173228346456693,0,0.0158982511923688,0.0140845070422535,0.0205696202531646,0.0144230769230769,0.0172684458398744,0.0189274447949527,0.0147058823529412,0.0176848874598071,0,0.0192926045016077,0.0204081632653061,0.0160513643659711,0,0.016260162601626,0.0158478605388273,0.941558441558442,0.00952380952380952,0.00317460317460317,0.00326797385620915,0.00157232704402516,0.295269168026101,0.575856443719413,0.533653846153846,0.00165562913907285,0.207667731629393,0.00323624595469256,0.00321543408360129,0.185667752442997,0.157212317666126,0.940438871473354,0.0711920529801325,0.0015600624024961,0.00324675324675325,0.0032520325203252,0.940438871473354,0.553968253968254,0.00153139356814701,0.0253565768621236,0.578688524590164,0.0016366612111293,0.940129449838188,0.00318979266347687,0.938211382113821,0.00313479623824451,0.0226904376012966,0.00304878048780488,0.9392,0.00321543408360129,0.0031496062992126,0.491114701130856,0.231147540983607,0.546474358974359,0.00311526479750779,0.572607260726073,0,0.0031496062992126,0.570480928689884,0.181388012618297,0.524879614767255,0.625196850393701,0.615506329113924,0.00157728706624606,0.0178861788617886,0.0062992125984252,0.00321027287319422,0.00315955766192733,0.753670473083197,0.031496062992126,0.473015873015873,0.00324149108589951,0.95024077046549,0.382636655948553,0.003125,0.00159489633173844,0.955342902711324,0.00326797385620915,0.2203125,0.00807754442649435,0.00158730158730159,0.943986820428336,0.91747572815534,0.00158478605388273,0.00320512820512821,0.00314465408805031,0.638263665594855,0.621405750798722,0.00327332242225859,0.00323101777059774,0.00161812297734628,0.594976452119309,0.00316455696202532,0.578512396694215,0.506410256410256,0.0480132450331126,0.00316957210776545,0.025974025974026,0.0313014827018122,0.61038961038961,0.00476190476190476,0.0743670886075949,0.0453834115805947,0.556089743589744,0.0959119496855346,0.941368078175896,0.00159489633173844,0.00326797385620915,0.578274760383387,0.558252427184466,0.590909090909091,0.00313479623824451,0.00311526479750779,0.0714285714285714,0.00312989045383412,0.014446227929374,0.0033003300330033,0.946428571428571,0.946601941747573,0.208681135225376,0.9072,0.941269841269841,0.00159235668789809,0.94488188976378,0.414442700156986,0.939346811819596,0.146067415730337,0.00163398692810458,0.286624203821656,0.00316455696202532,0.576619273301738,0.582381729200653,0.0434083601286174,0.0033003300330033,0.00317965023847377,0.00161030595813205,0.0981308411214953,0.00318979266347687,0.0858995137763371,0.200657894736842,0.932496075353218,0.227707006369427,0.00326797385620915,0.94392523364486,0.149136577708006,0.0285714285714286,1,0.97258064516129,0.00165562913907285,0.00479233226837061,0.00317460317460317,0.938808373590982,0.00321027287319422,0.589108910891089,0.0031496062992126,0.0570469798657718,0.00318471337579618,0.938411669367909,0.0566037735849057,0.251192368839428,0.00328947368421053,0.943273905996759,0.967032967032967,0.00313971742543171,0.00161550888529887
"227",0.655226209048362,0.647244094488189,0.612403100775194,0.605388272583201,0,0,0,0,0,0,0,0,0,0,0,0,0,0,0,0,0,0,0,0,0,0,0,0,0,0,0,0,0,0,0,0,0,0,0,0,0,0,0,0,0,0,0,0.657311669128508,0.657894736842105,0.638629283489097,0.5953125,0.0192307692307692,0,0,0.010752688172043,0.0220820189274448,0.0139751552795031,0.0107692307692308,0.00630914826498423,0.0124610591900312,0.015220700152207,0.010989010989011,0.015748031496063,0.0111111111111111,0.0182926829268293,0.0189274447949527,0.0124416796267496,0.0249221183800623,0.0169491525423729,0.014446227929374,0,0.0138674884437596,0.0126984126984127,0.0126984126984127,0.00923076923076923,0.0123647604327666,0.0125786163522013,0.0139318885448916,0.00786163522012579,0.0153609831029186,0,0.014018691588785,0.00921658986175115,0.0153374233128834,0.0138888888888889,0.0153846153846154,0.0154320987654321,0.00943396226415094,0.015527950310559,0,0.0173228346456693,0.018348623853211,0.0123839009287926,0,0.0141509433962264,0.0138036809815951,0.971428571428571,0.00782472613458529,0.0015527950310559,0.00158227848101266,0.00152439024390244,0.254716981132075,0.540372670807453,0.498432601880878,0,0.165378670788253,0.00157728706624606,0.00153846153846154,0.149842271293375,0.118380062305296,0.978193146417445,0.0436187399030695,0.00153846153846154,0.00157728706624606,0.00157977883096367,0.973478939157566,0.524332810047096,0.00148809523809524,0.0078740157480315,0.538338658146965,0.00158730158730159,0.97339593114241,0.00154798761609907,0.972136222910217,0.00154083204930663,0.0221870047543582,0.00148148148148148,0.97626582278481,0.00154798761609907,0.00150829562594268,0.456521739130435,0.192789968652038,0.507020280811232,0.00149925037481259,0.547351524879615,0,0.0015220700152207,0.52411575562701,0.145285935085008,0.552755905511811,0.596302003081664,0.573899371069182,0,0.00158478605388273,0.00309597523219814,0.00152905198776758,0.00153846153846154,0.758346581875994,0.00928792569659443,0.453292496171516,0.00154320987654321,0.978494623655914,0.34850863422292,0.00150829562594268,0.00155038759689922,0.979813664596273,0.00156494522691706,0.171686746987952,0.0031496062992126,0,0.973684210526316,0.884676145339652,0,0.00157728706624606,0.0015220700152207,0.599369085173502,0.585557299843014,0.00159489633173844,0.0015527950310559,0,0.555052790346908,0.00154320987654321,0.531707317073171,0.465189873417722,0.0317965023847377,0.0015220700152207,0.00784929356357928,0.00313971742543171,0.565977742448331,0,0.0416666666666667,0.0105740181268882,0.517829457364341,0.0664605873261206,0.974723538704581,0.00156494522691706,0.00159744408945687,0.54375,0.528089887640449,0.554330708661417,0.00151285930408472,0.0015220700152207,0.043010752688172,0.00152439024390244,0.015625,0.00158227848101266,0.97456279809221,0.981042654028436,0.178170144462279,0.949074074074074,0.971875,0.0015600624024961,0.975683890577508,0.391104294478528,0.974085365853659,0.109062980030722,0,0.311912225705329,0.00151515151515152,0.534668721109399,0.548031496062992,0.021505376344086,0.00160771704180064,0.00152905198776758,0.00152905198776758,0.0612557427258806,0.0015600624024961,0.0572755417956656,0.153605015673981,0.971212121212121,0.181959564541213,0.00159235668789809,0.975975975975976,0.108728943338438,0.00630914826498423,0.97258064516129,1,0,0.00155038759689922,0.0015552099533437,0.972307692307692,0.00154559505409583,0.556270096463023,0.00155038759689922,0.0160513643659711,0.00152671755725191,0.971698113207547,0.015625,0.226917057902973,0.00160771704180064,0.974882260596546,0.996951219512195,0.00153846153846154,0
"228",0,0,0,0,0,0,0,0,0,0,0,0,0,0,0,0,0,0,0,0,0,0,0,0,0,0,0,0,0,0,0,0,0,0,0,0,0,0,0,0,0,0,0,0,0,0,0,0,0,0,0,0,0.0223642172523962,0.00473186119873817,0.00156739811912226,0,0,0,0.00801282051282051,0,0,0.00489396411092985,0,0.00165289256198347,0,0,0,0,0.0016260162601626,0.00166666666666667,0.00464396284829721,0,0,0,0,0.00159235668789809,0,0.0032,0.0130081300813008,0,0.00641025641025641,0,0.00312989045383412,0,0,0,0,0.00487012987012987,0,0.00619195046439629,0,0,0.00161550888529887,0.00649350649350649,0,0,0.0016366612111293,0.32753164556962,0.277337559429477,0.295454545454545,0.842948717948718,0.347039473684211,0.0779220779220779,0.092948717948718,0.318770226537217,0.4608,0.792993630573248,0.992012779552716,0.52124183006536,0.669871794871795,0.00160513643659711,0.797319932998325,0.24251968503937,0.985099337748344,0.463054187192118,0.0015625,0.0755905511811024,0.286585365853659,0.857142857142857,0.0562913907284768,0.31900826446281,0.00161812297734628,0.312101910828025,0,0.280898876404494,0.402912621359223,0.992283950617284,0.0016025641025641,0.807936507936508,0.990521327014218,0.164516129032258,0.305691056910569,0.0866013071895425,0.294851794071763,0.0602605863192182,0.272873194221509,0.829153605015674,0.0654664484451719,0.393258426966292,0.1216,0.0221870047543582,0.0385852090032154,0.297507788161994,0.679674796747967,0.394524959742351,0.305111821086262,0.3,0,0.848966613672496,0.161858974358974,0.266339869281046,0.00159235668789809,0.281150159744409,0.876369327073552,0.9056,0.00159744408945687,0.924342105263158,0.446676970633694,0.436187399030695,0.862179487179487,0.00159489633173844,0.00496688741721854,0.993759750390016,0.296416938110749,0.390015600624025,0.0327868852459016,0.0228384991843393,0.29159802306425,0.304140127388535,0.314285714285714,0.0581929555895865,0.322734499205087,0.0721311475409836,0.128289473684211,0.332247557003257,0.26984126984127,0.862179487179487,0.633387888707038,0.051948051948052,0.800627943485086,0.795886075949367,0.619565217391304,0.0783699059561129,0.762820512820513,0.00163934426229508,0.613268608414239,0.28500823723229,0.0617088607594937,0.0717781402936378,0.0490998363338789,0.280125195618153,0.244514106583072,0.806349206349206,0.275316455696203,0.410742496050553,0.277504105090312,0.00162074554294976,0,0.48671096345515,0.0016025641025641,0.00159489633173844,0.868878357030016,0.00158982511923688,0.2660406885759,0.0015527950310559,0.7328,0.887820512820513,0.545310015898251,0.237341772151899,0.0751173708920188,0.0684039087947883,0.248417721518987,0.280936454849498,0.862284820031299,0.960629921259842,0.7648,0.873015873015873,0.788368336025848,0.595846645367412,0.0015600624024961,0.406698564593301,0.996715927750411,0,0.519500780031201,0.85924713584288,0.00165562913907285,0,1,0.941915227629513,0.993527508090615,0,0.307073954983923,0.0636215334420881,0.29047619047619,0.512437810945274,0.889776357827476,0.00159489633173844,0.584690553745928,0.465927099841521,0.909688013136289,0.00164203612479475,0.00157232704402516,0.298107255520505,0.454983922829582
"229",0,0.0015748031496063,0.0016025641025641,0,0,0,0,0,0,0,0,0,0,0,0,0,0,0,0,0,0,0,0,0,0,0,0,0,0,0,0,0,0,0,0,0,0,0,0,0,0,0,0,0,0,0,0,0.00151515151515152,0.00156985871271586,0.00154798761609907,0.00159235668789809,0.00325732899022801,0.01875,0.0061633281972265,0.00154798761609907,0.00159744408945687,0,0,0.00631911532385466,0,0,0.00628930817610063,0,0.00162866449511401,0,0,0,0,0.00157232704402516,0.00162074554294976,0.0062015503875969,0,0,0,0.00461538461538462,0.00157232704402516,0,0.00316957210776545,0.00974025974025974,0,0.00470219435736677,0,0.00308166409861325,0,0,0,0,0.0046801872074883,0,0.0061633281972265,0,0,0.00158982511923688,0.00635930047694754,0,0,0.00313479623824451,0.292569659442724,0.244274809160305,0.238993710691824,0.783076923076923,0.421725239616613,0.115873015873016,0.153488372093023,0.257234726688103,0.535603715170279,0.73208722741433,0.952904238618524,0.591935483870968,0.754746835443038,0.00309119010819165,0.862236628849271,0.202492211838006,0.947619047619048,0.412974683544304,0.0015625,0.107692307692308,0.235294117647059,0.911392405063291,0.0969793322734499,0.261363636363636,0.00161030595813205,0.258970358814353,0.00158982511923688,0.23950233281493,0.386996904024768,0.942073170731707,0.00158982511923688,0.765990639625585,0.937404580152672,0.22706065318818,0.342767295597484,0.145135566188198,0.235920852359209,0.106687898089172,0.218604651162791,0.7734375,0.099510603588907,0.420221169036335,0.151937984496124,0.0559875583203732,0.0708661417322835,0.240061162079511,0.661904761904762,0.353941267387944,0.248475609756098,0.248073959938367,0.00635930047694754,0.905132192846034,0.230171073094868,0.2125,0.003125,0.336990595611285,0.809160305343511,0.840694006309148,0.0031055900621118,0.867528271405493,0.519817073170732,0.406995230524642,0.806552262090484,0.00156985871271586,0.0363924050632911,0.945820433436533,0.245641838351823,0.325227963525836,0.0680379746835443,0.0518867924528302,0.23482428115016,0.248826291079812,0.251956181533646,0.100609756097561,0.261275272161742,0.104404567699837,0.184,0.323854660347551,0.21996879875195,0.911811023622047,0.670866141732283,0.0977917981072555,0.746913580246914,0.854294478527607,0.677811550151976,0.146604938271605,0.829420970266041,0.00318979266347687,0.561815336463224,0.217460317460317,0.0956112852664577,0.124401913875598,0.0936507936507937,0.235114503816794,0.209553158705701,0.867601246105919,0.225656877897991,0.382488479262673,0.228434504792332,0.00318979266347687,0.00159489633173844,0.563426688632619,0.00313479623824451,0.00313971742543171,0.809375,0.00307219662058372,0.327300150829563,0.00309119010819165,0.794435857805255,0.823809523809524,0.508580343213729,0.182795698924731,0.114329268292683,0.101449275362319,0.212933753943218,0.234811165845649,0.807692307692308,0.903426791277259,0.833333333333333,0.809076682316119,0.84310618066561,0.6801872074883,0.00152671755725191,0.488151658767773,0.952380952380952,0.0015220700152207,0.597243491577335,0.903381642512077,0.00479233226837061,0.00155038759689922,0.941915227629513,1,0.94488188976378,0,0.254317111459969,0.100323624595469,0.236593059936909,0.559738134206219,0.825153374233129,0.0015748031496063,0.63265306122449,0.531446540880503,0.862559241706161,0.00317460317460317,0.00308166409861325,0.246932515337423,0.419558359621451
"230",0,0.00157728706624606,0.00157977883096367,0,0,0,0,0,0,0,0,0,0,0,0,0,0,0,0,0,0,0,0,0,0,0,0,0,0,0,0,0,0,0,0,0,0,0,0,0,0,0,0,0,0,0,0,0.00151057401812689,0.00157232704402516,0.0015527950310559,0.00159489633173844,0,0.0262751159196291,0.0045662100456621,0.00153139356814701,0,0,0,0.00793650793650794,0,0,0.0078740157480315,0,0.00163398692810458,0,0,0,0,0.00158478605388273,0.00158478605388273,0.00615384615384615,0,0,0,0,0.00157728706624606,0,0.00312989045383412,0.0126182965299685,0,0.00622083981337481,0,0.00306748466257669,0,0,0,0,0.0062992125984252,0,0.00773993808049536,0,0,0.00158730158730159,0.00632911392405063,0,0,0.00317460317460317,0.3375,0.286158631415241,0.298412698412698,0.837672281776417,0.358851674641148,0.0691823899371069,0.100158982511924,0.310509554140127,0.488299531981279,0.779179810725552,0.998442367601246,0.546325878594249,0.693270735524257,0.00309597523219814,0.801292407108239,0.245341614906832,0.996865203761755,0.479233226837061,0.00156739811912226,0.0726429675425039,0.283803863298663,0.855140186915888,0.0492063492063492,0.3168,0.0016025641025641,0.310077519379845,0.00157977883096367,0.280564263322884,0.4265625,0.996941896024465,0.00158478605388273,0.812693498452012,0.998461538461539,0.178403755868545,0.294117647058824,0.0775316455696203,0.293494704992436,0.0561797752808989,0.268633540372671,0.812982998454405,0.0588235294117647,0.381172839506173,0.124807395993837,0.015600624024961,0.0265210608424337,0.299531981279251,0.65751211631664,0.408037094281298,0.299065420560748,0.30521472392638,0.00156494522691706,0.852534562211982,0.178125,0.26875,0.00308166409861325,0.287735849056604,0.861751152073733,0.90726429675425,0.00310077519379845,0.924315619967794,0.459459459459459,0.463375796178344,0.858461538461538,0.00158982511923688,0.00478468899521531,1,0.308917197452229,0.384615384615385,0.0221518987341772,0.0145161290322581,0.288709677419355,0.3,0.308527131782946,0.0502283105022831,0.317111459968603,0.0592105263157895,0.126602564102564,0.340909090909091,0.262015503875969,0.85243328100471,0.6336,0.0486656200941915,0.813271604938272,0.80184331797235,0.641337386018237,0.0833333333333333,0.776898734177215,0.00317965023847377,0.612698412698413,0.284345047923323,0.0578125,0.064873417721519,0.0492063492063492,0.290123456790123,0.248073959938367,0.814241486068111,0.271056661562021,0.438948995363215,0.274478330658106,0.00315457413249211,0.0016025641025641,0.504777070063694,0.0031104199066874,0.00310077519379845,0.868300153139357,0.00309119010819165,0.285935085007728,0.00303951367781155,0.73208722741433,0.887675507020281,0.538461538461538,0.23394495412844,0.0736196319018405,0.0571428571428571,0.24079754601227,0.276972624798712,0.863354037267081,0.9609375,0.778979907264297,0.858505564387917,0.789889415481833,0.597791798107255,0.00152905198776758,0.421216848673947,0.998392282958199,0.0015220700152207,0.538343558282209,0.856677524429967,0.00317460317460317,0.0015552099533437,0.993527508090615,0.94488188976378,1,0,0.306853582554517,0.0557324840764331,0.28858024691358,0.510673234811166,0.889230769230769,0.00159744408945687,0.591679506933744,0.47581903276131,0.9136,0.00316455696202532,0.00304878048780488,0.305007587253414,0.466981132075472
"231",0.639570552147239,0.630503144654088,0.602803738317757,0.613207547169811,0,0,0,0,0,0,0,0,0,0,0,0,0,0,0,0,0,0,0,0,0,0,0,0,0,0,0,0,0,0,0,0,0,0,0,0,0,0,0,0,0,0,0,0.635400907715582,0.638759689922481,0.631336405529954,0.608695652173913,0.0144927536231884,0,0,0.0138248847926267,0.0214067278287462,0.0124804992199688,0.00923076923076923,0.0078125,0.0138674884437596,0.0167173252279635,0.00765696784073507,0.0156739811912226,0.0110935023771791,0.0185185185185185,0.015748031496063,0.0138888888888889,0.0307692307692308,0.0168711656441718,0.014308426073132,0,0.0155763239875389,0.0126382306477093,0.0124804992199688,0.0109204368174727,0.0124223602484472,0.0128,0.0124416796267496,0.00793650793650794,0.0138036809815951,0,0.0137825421133231,0.0104947526236882,0.0152439024390244,0.0140625,0.0149700598802395,0.0168970814132104,0.00930232558139535,0.0141287284144427,0,0.0124804992199688,0.0170278637770898,0.0109717868338558,0,0.0139968895800933,0.0136363636363636,1,0.00625978090766823,0,0,0,0.231511254019293,0.512578616352201,0.477987421383648,0,0.150769230769231,0,0,0.1472,0.114854517611026,0.998468606431853,0.0509554140127389,0,0,0,0.998459167950693,0.508580343213729,0,0.00155763239875389,0.513975155279503,0,1,0,1,0,0.0235849056603774,0,1,0,0,0.426771653543307,0.178849144634526,0.480314960629921,0,0.527821939586645,0,0,0.505636070853462,0.135176651305684,0.570552147239264,0.562790697674419,0.543035993740219,0,0.00315457413249211,0.00155038759689922,0,0,0.726698262243286,0.00154083204930663,0.425499231950845,0,0.998452012383901,0.313664596273292,0,0,0.998459167950693,0,0.157894736842105,0.00315955766192733,0,1,0.85214626391097,0,0,0,0.578052550231839,0.56782334384858,0,0,0,0.526636225266362,0,0.508828250401284,0.4368,0.0273752012882448,0,0.00157728706624606,0.00317460317460317,0.529411764705882,0,0.0388802488335925,0.00445103857566766,0.503805175038052,0.0683229813664596,0.9984,0,0,0.524390243902439,0.502384737678855,0.529595015576324,0,0,0.0389408099688473,0,0.0169491525423729,0,1,0.998420221169036,0.163695299837925,0.975,1,0,1,0.345679012345679,1,0.107644305772231,0,0.352395672333849,0,0.504587155963303,0.515151515151515,0.0151745068285281,0,0,0,0.0613496932515337,0,0.0519685039370079,0.141538461538462,1,0.166149068322981,0,0.998496240601504,0.102255639097744,0.00158982511923688,0.938808373590982,0.972307692307692,0,0,0,1,0,0.517460317460318,0,0.0112903225806452,0,1,0.0156494522691706,0.209553158705701,0,1,0.981651376146789,0,0
"232",0,0.00159744408945687,0.00473186119873817,0.00315457413249211,0,0,0,0,0,0,0,0,0,0,0,0,0,0,0,0,0,0,0,0,0,0,0,0,0,0,0,0,0,0,0,0,0,0,0,0,0,0,0,0,0,0,0,0.00149700598802395,0.00156739811912226,0.00465116279069767,0.00475435816164818,0,0.55868544600939,0.428792569659443,0.0015552099533437,0,0,0.00928792569659443,0.008,0,0,0,0,0.00160771704180064,0,0,0,0,0,0.00157977883096367,0.032967032967033,0.00623052959501558,0,0,0,0.00157977883096367,0,0.0015748031496063,0.00634920634920635,0,0.117554858934169,0,0.00305343511450382,0,0,0,0,0.00955414012738853,0,0.0280373831775701,0,0,0,0.0236593059936909,0,0.00155038759689922,0.00317460317460317,0.800940438871473,0.919876733436055,0.992088607594937,0.481651376146789,0.00162074554294976,0.00316957210776545,0.00314465408805031,0.952830188679245,0.0123647604327666,0.520766773162939,0.303490136570561,0.0207336523125997,0.0356589147286822,0.0031496062992126,0.0964630225080386,0.953416149068323,0.302694136291601,0.806349206349206,0.0015600624024961,0.0093603744149766,0.950892857142857,0.165079365079365,0.00315457413249211,0.985826771653543,0.0015748031496063,0.990697674418605,0.00157728706624606,0.919504643962848,0.712933753943218,0.302114803625378,0.00157232704402516,0.481366459627329,0.307346326836582,0.00316957210776545,0.215288611544462,0.0236220472440945,0.969512195121951,0.00321543408360129,0.921507064364207,0.373250388802488,0.00324675324675325,0.212962962962963,0.0474732006125574,0.00311526479750779,0.00156985871271586,0.993740219092332,0.271293375394322,0.733436055469954,0.912307692307692,0.995363214837713,0.00157977883096367,0.1578125,0.00153609831029186,0.901869158878505,0.00308641975308642,0.00157977883096367,0.452453987730061,0.408385093167702,0.0031201248049922,0.378164556962025,0.0060882800608828,0.677570093457944,0.446841294298921,0.00156739811912226,0.00156739811912226,0.30625,0.9952,0.855403348554033,0.0031201248049922,0.00317460317460317,0.990461049284579,0.957345971563981,0.965732087227414,0.00301659125188537,0.985981308411215,0.00161550888529887,0.00315457413249211,0.482315112540193,0.905718701700155,0.158307210031348,0.168810289389068,0.00160771704180064,0.407407407407407,0.101538461538462,0.159509202453988,0.00153609831029186,0.0715396578538103,0.00315955766192733,0.684458398744113,0.914149443561208,0.0109546165884194,0.00159744408945687,0.00159489633173844,0.990895295902883,0.9359375,0.113003095975232,0.945454545454545,0.713629402756508,0.9104,0.00317460317460317,0.00157728706624606,0.00486223662884927,0.00771604938271605,0.00315457413249211,0.441860465116279,0.00307692307692308,0.0031055900621118,0.00308641975308642,0.0458715596330275,0.436923076923077,0.325,0.877862595419847,0.00304878048780488,0.00160513643659711,0.633228840125392,0.931484502446982,0.457627118644068,0.348367029548989,0.0783410138248848,0.450704225352113,0.0855784469096672,0.00934579439252336,0.00152439024390244,0.0077639751552795,0.298887122416534,0.0015015015015015,0.0459418070444104,0.154704944178628,0.00321027287319422,0.00154559505409583,0.307073954983923,0.254317111459969,0.306853582554517,0,1,0.00162866449511401,0.99388379204893,0.213247172859451,0.436251920122888,0.00157977883096367,0.15527950310559,0.00156985871271586,0.4016,0.00317965023847377,0.00304878048780488,0.989280245022971,0.800314465408805
"233",0.258675078864353,0.248,0.228295819935691,0.211382113821138,0,0,0,0,0,0,0,0,0,0,0,0,0,0,0,0,0,0,0,0,0,0,0,0,0,0,0,0,0,0,0,0,0,0,0,0,0,0,0,0,0,0,0,0.272161741835148,0.270531400966184,0.249201277955272,0.224025974025974,0.0197044334975369,0,0,0.0157728706624606,0.0190779014308426,0.0158730158730159,0.00956937799043062,0.0095389507154213,0.016025641025641,0.0173228346456693,0.00809061488673139,0.0178861788617886,0.014827018121911,0.0206349206349206,0.0177133655394525,0.016025641025641,0.0226537216828479,0.019047619047619,0.0163934426229508,0,0.016025641025641,0.0130293159609121,0.012779552715655,0.0158730158730159,0.0144694533762058,0.0129449838187702,0.0161290322580645,0.00967741935483871,0.0158730158730159,0,0.0128617363344051,0.013953488372093,0.0188087774294671,0.0158730158730159,0.0172143974960876,0.0191082802547771,0.012987012987013,0.016025641025641,0,0.0162337662337662,0.0185185185185185,0.0143540669856459,0,0.0179153094462541,0.0141732283464567,0.540229885057471,0.16852146263911,0.00159489633173844,0.00162337662337662,0.00318471337579618,0.701986754966887,0.985668789808917,0.949180327868852,0.0290791599353796,0.568,0.0032626427406199,0.0555555555555556,0.500815660685155,0.349282296650718,0.528481012658228,0.251256281407035,0,0.0470779220779221,0.00655737704918033,0.5216,0.9792,0,0.191082802547771,0.990228013029316,0,0.536824877250409,0.00161030595813205,0.518032786885246,0.00160771704180064,0.174267100977199,0.0605590062111801,0.538461538461538,0.0142857142857143,0.0559105431309904,0.8608,0.6464,0.946688206785137,0.014018691588785,0.995081967213115,0,0.138755980861244,0.995033112582781,0.595541401273885,0.800322061191626,0.963375796178344,0.97427652733119,0.0016,0.3354943273906,0.174603174603175,0.0649350649350649,0.00158982511923688,0.807504078303426,0.200631911532385,0.864779874213837,0.00161030595813205,0.546899841017488,0.763492063492063,0.00470957613814757,0.0258899676375405,0.5328,0.0197368421052632,0.592248062015504,0.144499178981938,0.00480769230769231,0.527004909983633,0.658536585365854,0.0540540540540541,0.00162337662337662,0.00158478605388273,0.966074313408724,0.951612903225806,0.00162074554294976,0.0162337662337662,0.014446227929374,0.995356037151703,0.00158982511923688,0.983193277310924,0.934959349593496,0.407590759075908,0.00158227848101266,0.187993680884676,0.404220779220779,0.995176848874598,0.116987179487179,0.2368,0.398763523956723,0.954186413902054,0.2608,0.521311475409836,0.00322061191626409,0.00160771704180064,0.988871224165342,0.980327868852459,0.99672131147541,0.00156494522691706,0.00157728706624606,0.240887480190174,0.00159489633173844,0.18025078369906,0.00163934426229508,0.550724637681159,0.532679738562091,0.534653465346535,0.554119547657512,0.543408360128617,0.00159489633173844,0.519047619047619,0.775541795665635,0.536776212832551,0.316535433070866,0.00483870967741936,0.218298555377207,0.0015600624024961,0.982677165354331,0.99,0.361067503924647,0.00166944908180301,0.00317460317460317,0.0142405063291139,0.272435897435897,0.00321027287319422,0.244732576985413,0.435275080906149,0.532710280373832,0.630894308943089,0.0504065040650407,0.523956723338485,0.51496062992126,0.181523500810373,0.589108910891089,0.556270096463023,0.0636215334420881,0.100323624595469,0.0557324840764331,0.517460317460318,0.00162866449511401,1,0.0016,0.484193011647255,0.00479233226837061,0.551612903225806,0.447833065810594,0.57120253164557,0.00491803278688525,0.518760195758564,0.544881889763779,0.00158478605388273,0.00789889415481832
"234",0,0.00156739811912226,0.0063391442155309,0.0062992125984252,0,0,0,0,0,0,0,0,0,0,0,0,0,0,0,0,0,0,0,0,0,0,0,0,0,0,0,0,0,0,0,0,0,0,0,0,0,0,0,0,0,0,0,0.00149925037481259,0.0015527950310559,0.00614439324116743,0.00792393026941363,0,0.562691131498471,0.430321592649311,0.00152671755725191,0,0,0.0122137404580153,0.00630914826498423,0,0,0,0,0.00158730158730159,0,0,0,0,0,0.0015748031496063,0.032258064516129,0.0061633281972265,0,0,0,0.00156739811912226,0,0.00153609831029186,0.00476190476190476,0,0.108191653786708,0,0.00303951367781155,0,0,0,0,0.00952380952380952,0,0.0259541984732824,0,0,0,0.0203761755485893,0,0.00152671755725191,0.00312989045383412,0.806800618238022,0.913312693498452,0.995260663507109,0.447692307692308,0.0016,0.00464396284829721,0.0031201248049922,0.95800933125972,0.00917431192660551,0.491338582677165,0.286153846153846,0.0172413793103448,0.0341085271317829,0.00307219662058372,0.0966183574879227,0.958461538461538,0.279874213836478,0.798711755233494,0.00154320987654321,0.0106870229007634,0.943452380952381,0.155763239875389,0.00626959247648903,0.988745980707395,0.00158730158730159,0.982892690513219,0.00157977883096367,0.926380368098159,0.7,0.286144578313253,0.0015600624024961,0.454545454545455,0.29483282674772,0.00313971742543171,0.242138364779874,0.0312989045383412,0.974397590361446,0.00637958532695375,0.930448222565688,0.357910906298003,0.00631911532385466,0.228748068006182,0.046583850931677,0.00303951367781155,0.0046583850931677,0.992343032159265,0.2601246105919,0.741140215716487,0.926040061633282,0.998480243161094,0.00157232704402516,0.156105100463679,0.0015220700152207,0.90625,0.00306278713629403,0.00157977883096367,0.415123456790123,0.383775351014041,0.00308641975308642,0.352564102564103,0.0075187969924812,0.6765625,0.414110429447853,0.00156739811912226,0.00157728706624606,0.293846153846154,0.995297805642633,0.84031007751938,0.0046875,0.00637958532695375,0.995275590551181,0.961300309597523,0.966153846153846,0.00610687022900763,0.978294573643411,0.00483091787439614,0.00632911392405063,0.491255961844197,0.907012195121951,0.159305993690852,0.177115987460815,0.00315955766192733,0.387944358578053,0.102167182662539,0.161527165932452,0.00306748466257669,0.0690184049079755,0.00317460317460317,0.671802773497689,0.912698412698413,0.0135746606334842,0.00477707006369427,0.00316957210776545,0.993865030674847,0.934250764525994,0.104134762633997,0.948012232415902,0.709428129829985,0.913875598086124,0.00318471337579618,0.00157232704402516,0.00323101777059774,0.00930232558139535,0.00312989045383412,0.409375,0.00306748466257669,0.00303030303030303,0.00305343511450382,0.0431432973805855,0.398744113029827,0.303680981595092,0.881638846737481,0.0045662100456621,0.00314465408805031,0.644615384615385,0.931419457735247,0.42967542503864,0.325617283950617,0.0715396578538103,0.416012558869702,0.0832025117739403,0.0078125,0.00151057401812689,0.0108191653786708,0.280254777070064,0.00151285930408472,0.047040971168437,0.1504,0.0031496062992126,0.00155038759689922,0.29047619047619,0.236593059936909,0.28858024691358,0,0.99388379204893,0.0016,1,0.234726688102894,0.389830508474576,0.0015600624024961,0.162576687116564,0.00156985871271586,0.371610845295056,0.00315457413249211,0.00305343511450382,0.990963855421687,0.78806907378336
"235",0.00490998363338789,0.00656814449917898,0.00328407224958949,0.00164473684210526,0,0,0,0,0,0,0,0,0,0,0,0,0,0,0,0,0,0,0,0,0,0,0,0,0,0,0,0,0,0,0,0,0,0,0,0,0,0,0,0,0,0,0,0.00632911392405063,0.00493421052631579,0.00476190476190476,0,0.00841750841750842,0.0112359550561798,0.00483870967741936,0.00323624595469256,0.00164473684210526,0.00321027287319422,0,0.00807754442649435,0.00163398692810458,0.00161290322580645,0.00657894736842105,0.00328407224958949,0.00336700336700337,0.00323624595469256,0.00328947368421053,0.0032520325203252,0.00163398692810458,0.00492610837438424,0.00325732899022801,0.0128824476650564,0.00328407224958949,0.00165289256198347,0.00164744645799012,0.00483870967741936,0.0048780487804878,0.00164473684210526,0.0065252854812398,0.00664451827242525,0.00322061191626409,0.00649350649350649,0,0.0063391442155309,0.00161030595813205,0.00323101777059774,0.00315955766192733,0.00323101777059774,0.00981996726677578,0.0033112582781457,0.0112721417069243,0.0033167495854063,0.00159235668789809,0.00327332242225859,0.00829187396351575,0.00332778702163062,0.00317965023847377,0.0180032733224223,0.439935064935065,0.197068403908795,0.211475409836066,0.44408945686901,0.698175787728027,0.493506493506494,0.498338870431894,0.278333333333333,0.6976,0.416531604538088,0.504038772213247,0.658249158249158,0.547697368421053,0.0176282051282051,0.589830508474576,0.173633440514469,0.496753246753247,0.343537414965986,0.0179153094462541,0.504,0.201863354037267,0.634710743801653,0.48595041322314,0.231788079470199,0.0216666666666667,0.235104669887279,0.0132013201320132,0.191803278688525,0.480392156862745,0.521806853582555,0.0196078431372549,0.4896331738437,0.500789889415482,0.506472491909385,0.817292006525285,0.533551554828151,0.250793650793651,0.491554054054054,0.196850393700787,0.646774193548387,0.50761421319797,0.890499194847021,0.413008130081301,0.453507340946166,0.464516129032258,0.247191011235955,0.85929648241206,0.5,0.298869143780291,0.228070175438596,0.270491803278689,0.645007923930269,0.501639344262295,0.152733118971061,0.0223285486443381,0.593800978792822,0.457463884430177,0.499181669394435,0.0179445350734095,0.508169934640523,0.714285714285714,0.505709624796085,0.462662337662338,0.0195758564437194,0.121710526315789,0.497560975609756,0.220563847429519,0.20414673046252,0.4368,0.446488294314381,0.221476510067114,0.26904376012966,0.276083467094703,0.48489666136725,0.237096774193548,0.488255033557047,0.551433389544688,0.735537190082645,0.167197452229299,0.64390243902439,0.892976588628763,0.458471760797342,0.614035087719298,0.6016,0.884259259259259,0.476874003189793,0.564437194127243,0.013355592654424,0.37378640776699,0.180762852404643,0.481054365733114,0.506535947712418,0.475409836065574,0.214968152866242,0.158576051779935,0.596122778675283,0.187800963081862,0.5072,0.176859504132231,0.0228384991843393,0.0212071778140294,0.636054421768708,0.0437601296596434,0.017741935483871,0.442492012779553,0.0209677419354839,0.529983792544571,0.025518341307815,0.536115569823435,0.459016393442623,0.298531810766721,0.141045958795563,0.495176848874598,0.470881863560732,0.609046849757674,0.201709401709402,0.459935897435897,0.465686274509804,0.564593301435407,0.446774193548387,0.584967320261438,0.563311688311688,0.0156739811912226,0.764991896272285,0.499168053244592,0.0188976377952756,0.75796178343949,0.645973154362416,0.0570469798657718,0.0160513643659711,0.512437810945274,0.559738134206219,0.510673234811166,0.0112903225806452,0.213247172859451,0.484193011647255,0.234726688102894,1,0.456140350877193,0.0195121951219512,0.918032786885246,0.587947882736156,0.447368421052632,0.0182421227197347,0.0267295597484277,0.221690590111643,0.320388349514563
"236",0,0.00155038759689922,0.00155763239875389,0,0,0,0,0,0,0,0,0,0,0,0,0,0,0,0,0,0,0,0,0,0,0,0,0,0,0,0,0,0,0,0,0,0,0,0,0,0,0,0,0,0,0,0,0.00149700598802395,0.0015600624024961,0.00152439024390244,0.0015600624024961,0,0.0642201834862385,0.0213414634146341,0.00154559505409583,0,0,0,0.00469483568075117,0,0,0.0046583850931677,0,0.00158227848101266,0,0,0,0,0,0.00159235668789809,0.00778816199376947,0,0,0,0,0.00154559505409583,0,0.00156739811912226,0.00938967136150235,0,0.0169230769230769,0,0.0015015015015015,0,0,0,0,0.00623052959501558,0,0.00613496932515337,0,0,0,0.0062992125984252,0,0,0.0031201248049922,0.412307692307692,0.386018237082067,0.406645569620253,0.958904109589041,0.224522292993631,0.00928792569659443,0.0186335403726708,0.4359375,0.344667697063369,0.9258114374034,0.899082568807339,0.403508771929825,0.564615384615385,0.00308641975308642,0.673633440514469,0.356374807987711,0.893915756630265,0.58213716108453,0.00152905198776758,0.0138036809815951,0.383233532934132,0.726153846153846,0.00635930047694754,0.433281004709576,0.00156985871271586,0.43213728549142,0.00154083204930663,0.373271889400922,0.510046367851623,0.894345238095238,0.00157232704402516,0.897709923664122,0.892261001517451,0.0423197492163009,0.256651017214397,0.0202177293934681,0.404511278195489,0.00478468899521531,0.353582554517134,0.820668693009118,0.00480769230769231,0.323029366306028,0.0989180834621329,0.00309119010819165,0.00156985871271586,0.418070444104135,0.608424336973479,0.489984591679507,0.421133231240429,0.410769230769231,0.00156739811912226,0.726006191950464,0.0399385560675883,0.357254290171607,0.00305810397553517,0.131375579598145,0.991031390134529,0.967741935483871,0.0031055900621118,0.947284345047923,0.321752265861027,0.528682170542636,0.980152671755725,0.00156494522691706,0.00156739811912226,0.902627511591963,0.425,0.492354740061162,0.00311526479750779,0.00317460317460317,0.401253918495298,0.412403100775194,0.438167938931298,0.00303490136570561,0.4337899543379,0.00161030595813205,0.0253968253968254,0.355769230769231,0.36055469953775,0.736600306278714,0.512618296529968,0.00305810397553517,0.777272727272727,0.671779141104294,0.500754147812971,0.00755287009063444,0.657935285053929,0.00315457413249211,0.754276827371695,0.377916018662519,0.00458715596330275,0.0062111801242236,0.00313971742543171,0.413010590015129,0.357361963190184,0.674922600619195,0.370650529500756,0.510835913312694,0.353035143769968,0.00315457413249211,0.00156494522691706,0.368932038834951,0.00306278713629403,0.003125,0.979938271604938,0.00307692307692308,0.127465857359636,0.00301659125188537,0.610852713178295,0.992150706436421,0.619631901840491,0.318529862174579,0.00606980273141123,0.00463678516228748,0.299079754601227,0.363782051282051,0.974320241691843,0.944012441679627,0.653030303030303,0.987635239567233,0.66407465007776,0.467075038284839,0.00150829562594268,0.313455657492355,0.896331738437002,0.00151057401812689,0.398484848484848,0.730462519936204,0.00318471337579618,0.00152671755725191,0.889776357827476,0.825153374233129,0.889230769230769,0,0.436251920122888,0.00479233226837061,0.389830508474576,0.456140350877193,1,0.00154798761609907,0.459418070444104,0.33641975308642,0.990566037735849,0.00315955766192733,0.0029940119760479,0.412942989214176,0.573667711598746
"237",0.611197511664075,0.606635071090047,0.581761006289308,0.595541401273885,0,0,0,0,0,0,0,0,0,0,0,0,0,0,0,0,0,0,0,0,0,0,0,0,0,0,0,0,0,0,0,0,0,0,0,0,0,0,0,0,0,0,0,0.624808575803982,0.621794871794872,0.609642301710731,0.590690208667737,0.0197044334975369,0,0,0.0153846153846154,0.0253968253968254,0.0156985871271586,0.0110236220472441,0.0112,0.0174050632911392,0.0200927357032458,0.0111642743221691,0.0173775671406003,0.0128824476650564,0.0218408736349454,0.0188976377952756,0.0186625194401244,0.0323574730354391,0.0192307692307692,0.0160513643659711,0,0.0155763239875389,0.0143540669856459,0.0171875,0.0124031007751938,0.0140625,0.0145395799676898,0.015625,0.0112179487179487,0.0174050632911392,0,0.0157232704402516,0.0137825421133231,0.0186335403726708,0.015552099533437,0.0153609831029186,0.01875,0.0126782884310618,0.0188679245283019,0,0.0159235668789809,0.0202492211838006,0.0141509433962264,0,0.0142857142857143,0.0186625194401244,1,0.00623052959501558,0.0015527950310559,0.00157977883096367,0,0.244766505636071,0.541269841269841,0.498422712933754,0.0015748031496063,0.176470588235294,0.00157977883096367,0.00157977883096367,0.157894736842105,0.125195618153365,0.998447204968944,0.0499194847020934,0,0.00159489633173844,0.00159235668789809,0.998435054773083,0.533858267716535,0,0.00963081861958266,0.530844155844156,0,1,0.00156739811912226,1,0.00158982511923688,0.0238473767885533,0.00153846153846154,1,0.00156985871271586,0.00154559505409583,0.4421875,0.181240063593005,0.495327102803738,0.00152905198776758,0.549019607843137,0,0.0015552099533437,0.529411764705882,0.134466769706337,0.594637223974763,0.580343213728549,0.558320373250389,0.00153846153846154,0.00318471337579618,0.0015625,0.0015527950310559,0.00152905198776758,0.758842443729904,0.0110062893081761,0.435458786936236,0.00159489633173844,0.998456790123457,0.322169059011164,0.00151975683890578,0,0.998447204968944,0.00161812297734628,0.176829268292683,0.0046801872074883,0.00157232704402516,1,0.845541401273885,0.00159489633173844,0.0016025641025641,0.00152439024390244,0.58740157480315,0.581358609794629,0.0016025641025641,0.00157977883096367,0.00158227848101266,0.547692307692308,0.00154798761609907,0.535073409461664,0.447325769854133,0.0325732899022801,0.00154320987654321,0.00950871632329636,0.0048780487804878,0.559870550161812,0.00154083204930663,0.0508474576271186,0.0135746606334842,0.520865533230294,0.0791139240506329,0.998410174880763,0,0.00159489633173844,0.538461538461538,0.521739130434783,0.555555555555556,0.00152439024390244,0.00152905198776758,0.043343653250774,0.00153609831029186,0.0171073094867807,0.00163398692810458,1,0.998394863563403,0.178688524590164,0.981424148606811,1,0,1,0.367692307692308,0.998452012383901,0.118012422360248,0.00158478605388273,0.360062893081761,0.00153609831029186,0.536923076923077,0.543307086614173,0.0140625,0.00164744645799012,0.0015552099533437,0,0.0777604976671851,0.0015552099533437,0.0634674922600619,0.167721518987342,1,0.187004754358162,0.00160771704180064,0.998482549317147,0.109062980030722,0.00969305331179321,0.938411669367909,0.971698113207547,0.00159489633173844,0.0015748031496063,0.00159744408945687,1,0.00157977883096367,0.551612903225806,0.0015600624024961,0.0195121951219512,0.00154798761609907,1,0.0187207488299532,0.213728549141966,0.00160513643659711,1,0.978461538461538,0.00153609831029186,0.00154559505409583
"238",0,0.00316957210776545,0.0031201248049922,0.00158982511923688,0,0,0,0,0,0,0,0,0,0,0,0,0,0,0,0,0,0,0,0,0,0,0,0,0,0,0,0,0,0,0,0,0,0,0,0,0,0,0,0,0,0,0,0.00303030303030303,0.00156985871271586,0.00309119010819165,0.00157728706624606,0.00326797385620915,0.00770416024653313,0.00470219435736677,0.00153139356814701,0.00158227848101266,0,0,0.00632911392405063,0,0,0.00938967136150235,0,0.00159489633173844,0,0,0,0,0.0016,0.00160513643659711,0.00782472613458529,0,0,0,0.00309119010819165,0.0015625,0,0.0031104199066874,0.00972447325769854,0,0.00308641975308642,0,0.00306748466257669,0,0,0,0,0.0062992125984252,0,0.00618238021638331,0,0,0.00156494522691706,0.0063391442155309,0,0,0.0222222222222222,0.377151799687011,0.176744186046512,0.153724247226624,0.434984520123839,0.760064412238325,0.470219435736677,0.501557632398754,0.199036918138042,0.766871165644172,0.395569620253165,0.588419405320814,0.750402576489533,0.642633228840125,0.0156739811912226,0.684124386252046,0.129429892141757,0.582938388625592,0.296296296296296,0.01875,0.471608832807571,0.164901664145234,0.71875,0.472266244057052,0.172859450726979,0.0206349206349206,0.181818181818182,0.0217054263565891,0.157975460122699,0.408945686900958,0.577912254160363,0.0206022187004754,0.496894409937888,0.5895865237366,0.52755905511811,0.731012658227848,0.484126984126984,0.171516079632466,0.458199356913183,0.159442724458204,0.602484472049689,0.472995090016367,0.795631825273011,0.376744186046512,0.422360248447205,0.436908517350158,0.176744186046512,0.845541401273885,0.418856259659969,0.231726283048211,0.161042944785276,0.254045307443366,0.704334365325077,0.538461538461538,0.137285491419657,0.0217729393468118,0.638888888888889,0.466666666666667,0.504702194357367,0.0201238390092879,0.544444444444444,0.772865853658537,0.455259026687598,0.459876543209877,0.01875,0.126782884310618,0.564742589703588,0.161648177496038,0.18944099378882,0.410377358490566,0.417197452229299,0.159163987138264,0.199059561128527,0.186520376175549,0.452307692307692,0.168730650154799,0.460162601626016,0.544728434504792,0.628712871287129,0.145929339477727,0.709779179810726,0.960505529225908,0.443561208267091,0.64797507788162,0.694402420574887,0.929110105580694,0.473684210526316,0.652173913043478,0.0144230769230769,0.308411214953271,0.153846153846154,0.452012383900929,0.485623003194888,0.452648475120385,0.149922720247295,0.135007849293564,0.688372093023256,0.151001540832049,0.435458786936236,0.145339652448657,0.0269413629160063,0.019047619047619,0.722132471728595,0.0451713395638629,0.0277777777777778,0.467391304347826,0.0246913580246914,0.595092024539877,0.0277349768875193,0.624223602484472,0.47581903276131,0.248417721518987,0.125776397515528,0.476479514415782,0.471786833855799,0.511664074650078,0.166123778501629,0.463076923076923,0.537007874015748,0.655226209048362,0.452978056426332,0.669811320754717,0.666146645865835,0.0182094081942337,0.804075235109718,0.595505617977528,0.0229357798165138,0.84031007751938,0.713141025641026,0.0566037735849057,0.015625,0.584690553745928,0.63265306122449,0.591679506933744,0.0156494522691706,0.15527950310559,0.447833065810594,0.162576687116564,0.918032786885246,0.459418070444104,0.0187207488299532,1,0.685185185185185,0.483464566929134,0.0191387559808612,0.0229709035222052,0.160493827160494,0.287949921752739
"239",0.0807453416149068,0.0736677115987461,0.0753532182103611,0.0677165354330709,0,0,0,0,0,0,0,0,0,0,0,0,0,0,0,0,0,0,0,0,0,0,0,0,0,0,0,0,0,0,0,0,0,0,0,0,0,0,0,0,0,0,0,0.0915915915915916,0.0907668231611894,0.0819165378670788,0.069620253164557,0.0128824476650564,0,0,0.00917431192660551,0.0141065830721003,0.00772797527047913,0.0046801872074883,0.00316957210776545,0.00930232558139535,0.0108024691358025,0.0156739811912226,0.00952380952380952,0.00638977635782748,0.0123839009287926,0.0110584518167457,0.0108191653786708,0.0091324200913242,0.0110584518167457,0.00950871632329636,0,0.00933125972006221,0.00792393026941363,0.00792393026941363,0.0108527131782946,0.00626959247648903,0.00636942675159236,0.00628930817610063,0.00625978090766823,0.0094488188976378,0,0.0078740157480315,0.00606060606060606,0.00917431192660551,0.0109034267912773,0.00920245398773006,0.0124031007751938,0.00312989045383412,0.0109034267912773,0,0.00950871632329636,0.0122511485451761,0.0062402496099844,0,0.00805152979066022,0.010590015128593,0.21993670886076,0.130030959752322,0.00619195046439629,0.00158730158730159,0.281733746130031,0.841772151898734,0.595911949685535,0.65,0.0094488188976378,0.927018633540373,0.229430379746835,0.468217054263566,0.932148626817447,0.805031446540881,0.207951070336391,0.682258064516129,0.00154798761609907,0.472353870458136,0.0881410256410256,0.207165109034268,0.568037974683544,0.00151057401812689,0.608832807570978,0.571428571428571,0.00159489633173844,0.222222222222222,0.0015600624024961,0.205651491365777,0.0015527950310559,0.2,0.467374810318665,0.219284603421462,0.298136645962733,0.468702290076336,0.733755942947702,0.507836990595611,0.588235294117647,0.0015220700152207,0.567043618739903,0,0.32398753894081,0.569131832797428,0.517133956386293,0.484662576687117,0.531881804043546,0.533751962323391,0,0.531645569620253,0.18125,0.0172684458398744,0.00152439024390244,0.402866242038217,0.606299212598425,0.731366459627329,0.00154320987654321,0.221705426356589,0.833068362480127,0.3267776096823,0.361801242236025,0.204968944099379,0.374213836477987,0.919207317073171,0.204437400950872,0.313178294573643,0.208074534161491,0.359177215189873,0.463790446841294,0.00159489633173844,0.00622083981337481,0.517884914463453,0.504823151125402,0.00157728706624606,0.0046875,0.0031201248049922,0.559139784946237,0.00153609831029186,0.576104746317512,0.638230647709321,0.373182552504039,0.00154559505409583,0.598425196850394,0.6513470681458,0.551181102362205,0.412403100775194,0.670229007633588,0.713649851632048,0.623655913978495,0.708333333333333,0.206624605678233,0.100156494522692,0.00158730158730159,0.551459293394777,0.594936708860759,0.558028616852146,0.00152905198776758,0.00151975683890578,0.690076335877863,0.00153609831029186,0.189147286821705,0.00161030595813205,0.231974921630094,0.219242902208202,0.980551053484603,0.216640502354788,0.214618973561431,0.310769230769231,0.207373271889401,0.833846153846154,0.224397590361446,0.756923076923077,0.345201238390093,0.235202492211838,0.00152671755725191,0.584097859327217,0.580385852090032,0.236111111111111,0.00160771704180064,0.302936630602782,0.429892141756549,0.708782742681048,0.31201248049922,0.703001579778831,0.883647798742138,0.217987804878049,0.857142857142857,0.477635782747604,0.209969788519637,0.873303167420814,0.610223642172524,0.251192368839428,0.226917057902973,0.465927099841521,0.531446540880503,0.47581903276131,0.209553158705701,0.00156985871271586,0.57120253164557,0.00156985871271586,0.587947882736156,0.33641975308642,0.213728549141966,0.685185185185185,1,0.36650868878357,0.209856915739269,0.228787878787879,0.00153374233128834,0.0940438871473354
"240",0,0.00160771704180064,0.0016,0,0,0,0,0,0,0,0,0,0,0,0,0,0,0,0,0,0,0,0,0,0,0,0,0,0,0,0,0,0,0,0,0,0,0,0,0,0,0,0,0,0,0,0,0.00154798761609907,0.00159744408945687,0.00158730158730159,0.00161812297734628,0,0.0588235294117647,0.021978021978022,0.00158478605388273,0,0,0,0.00645161290322581,0,0,0.00644122383252818,0,0.00163132137030995,0,0,0,0,0.00162074554294976,0.0016366612111293,0.0063391442155309,0,0,0,0,0.00157977883096367,0,0.00318979266347687,0.0114754098360656,0,0.0127388535031847,0,0.0031201248049922,0,0,0,0,0.00483091787439614,0,0.00465116279069767,0,0,0.0016025641025641,0.00638977635782748,0,0,0.00320512820512821,0.3888,0.359497645211931,0.373590982286634,0.95260663507109,0.245614035087719,0.00952380952380952,0.0238853503184713,0.400662251655629,0.371248025276461,0.905063291139241,0.913793103448276,0.429508196721311,0.594249201277955,0.0031496062992126,0.702127659574468,0.333853354134165,0.925806451612903,0.543230016313214,0.00158982511923688,0.0111111111111111,0.362519201228879,0.762360446570973,0.00809061488673139,0.40327868852459,0.00161812297734628,0.4016,0.00158982511923688,0.348726114649682,0.470967741935484,0.912977099236641,0.00161030595813205,0.888535031847134,0.912636505460218,0.073208722741433,0.255150554675119,0.0176282051282051,0.378086419753086,0.00487012987012987,0.340157480314961,0.80952380952381,0.00657894736842105,0.325949367088608,0.0776545166402536,0.00314465408805031,0.00158227848101266,0.378548895899054,0.606451612903226,0.460674157303371,0.394276629570747,0.393650793650794,0.00164473684210526,0.755102040816326,0.0643642072213501,0.331210191082803,0.00315457413249211,0.157556270096463,0.982758620689655,0.957613814756672,0.00321027287319422,0.945273631840796,0.350547730829421,0.4976,0.967136150234742,0.0016025641025641,0.00163398692810458,0.921875,0.390675241157556,0.460093896713615,0.00325732899022801,0.0032520325203252,0.371753246753247,0.38375796178344,0.394321766561514,0.00463678516228748,0.401550387596899,0.00489396411092985,0.0324149108589951,0.33993399339934,0.339171974522293,0.762738853503185,0.512315270935961,0.00479233226837061,0.771293375394322,0.715396578538103,0.519938650306748,0.0125786163522013,0.691823899371069,0.0032520325203252,0.7152,0.360708534621578,0.00628930817610063,0.00811688311688312,0.0048,0.38125,0.333855799373041,0.706161137440758,0.350467289719626,0.47360248447205,0.339285714285714,0.00323101777059774,0.00160771704180064,0.398692810457516,0.00313479623824451,0.00318471337579618,0.968503937007874,0.00313479623824451,0.153013910355487,0.00310077519379845,0.635792778649921,0.9904,0.58740157480315,0.3,0.00777604976671851,0.00651465798045603,0.281645569620253,0.346534653465347,0.963076923076923,0.966929133858268,0.683307332293292,0.974317817014446,0.702875399361022,0.498397435897436,0.00154083204930663,0.330128205128205,0.920922570016474,0.00154083204930663,0.425465838509317,0.764026402640264,0.00328947368421053,0.00160771704180064,0.909688013136289,0.862559241706161,0.9136,0,0.4016,0.00491803278688525,0.371610845295056,0.447368421052632,0.990566037735849,0.00160513643659711,0.483464566929134,0.36650868878357,1,0.00323101777059774,0.00309119010819165,0.385335413416537,0.54140127388535
"241",0.618296529968454,0.613636363636364,0.5936,0.594507269789984,0,0,0,0,0,0,0,0,0,0,0,0,0,0,0,0,0,0,0,0,0,0,0,0,0,0,0,0,0,0,0,0,0,0,0,0,0,0,0,0,0,0,0,0.626339969372129,0.613057324840764,0.618296529968454,0.592471358428805,0.0197044334975369,0,0,0.0125588697017268,0.0239234449760766,0.015748031496063,0.0125984251968504,0.00803858520900321,0.0176,0.0186915887850467,0.0110759493670886,0.017515923566879,0.0146579804560261,0.0225806451612903,0.0192,0.0174603174603175,0.0316957210776545,0.0192616372391653,0.0163132137030995,0,0.0158227848101266,0.0145395799676898,0.0159744408945687,0.0140845070422535,0.0140845070422535,0.0161550888529887,0.0158982511923688,0.0111821086261981,0.0173775671406003,0,0.017515923566879,0.0138888888888889,0.0199081163859112,0.0159744408945687,0.0172413793103448,0.0205047318611987,0.0113085621970921,0.0174880763116057,0,0.0177133655394525,0.0188679245283019,0.0145631067961165,0,0.0146103896103896,0.0155763239875389,1,0.00955414012738853,0.00316455696202532,0.00323624595469256,0.00158478605388273,0.239095315024233,0.51496062992126,0.468599033816425,0.00161030595813205,0.166666666666667,0.00322061191626409,0.00315457413249211,0.14968152866242,0.127388535031847,1,0.0508196721311475,0.00156739811912226,0.00317460317460317,0.00317965023847377,1,0.500797448165869,0.00155038759689922,0.00796178343949045,0.508223684210526,0.00160771704180064,1,0.00313971742543171,1,0.00316455696202532,0.0274636510500808,0.00310077519379845,1,0.00320512820512821,0.0031055900621118,0.426494345718901,0.182965299684543,0.482371794871795,0.0031201248049922,0.517298187808896,0,0.00315955766192733,0.500815660685155,0.134493670886076,0.576433121019108,0.567610062893082,0.541139240506329,0.0015600624024961,0.0032520325203252,0.004739336492891,0.00314465408805031,0.0031201248049922,0.733009708737864,0.00930232558139535,0.418238993710692,0.0032258064516129,0.998415213946117,0.317965023847377,0.0031055900621118,0.00157232704402516,1,0.00327332242225859,0.174506828528073,0.00478468899521531,0.00156739811912226,1,0.854812398042414,0.00159744408945687,0.00323624595469256,0.00309597523219814,0.569823434991974,0.567092651757188,0.00320512820512821,0.00315457413249211,0.00158227848101266,0.516228748068006,0.00317965023847377,0.50655737704918,0.428571428571429,0.0296052631578947,0.00313479623824451,0.00792393026941363,0.00483091787439614,0.536392405063291,0.00158982511923688,0.0518053375196232,0.0122887864823349,0.489130434782609,0.0797448165869219,1,0.00158982511923688,0.00324149108589951,0.521531100478469,0.501612903225806,0.522508038585209,0.00313479623824451,0.00313971742543171,0.043956043956044,0.00310077519379845,0.0206677265500795,0.0032520325203252,1,1,0.165562913907285,0.979655712050078,0.996747967479675,0.00157232704402516,1,0.351181102362205,0.998439937597504,0.11875,0.0016025641025641,0.354166666666667,0.0031201248049922,0.504702194357367,0.51207729468599,0.0156985871271586,0.00330578512396694,0.00311526479750779,0.00159489633173844,0.0727848101265823,0.00312989045383412,0.0651828298887122,0.160828025477707,1,0.169871794871795,0.00320512820512821,1,0.0993788819875776,0.00661157024793388,0.943273905996759,0.974882260596546,0.00164203612479475,0.00317460317460317,0.00316455696202532,1,0.00317965023847377,0.518760195758564,0.00315457413249211,0.0182421227197347,0.00315955766192733,1,0.0191387559808612,0.209856915739269,0.00323101777059774,1,0.982539682539682,0.00307692307692308,0.00157977883096367
"242",0.653312788906009,0.641421947449768,0.604294478527607,0.604068857589984,0,0,0,0,0,0,0,0,0,0,0,0,0,0,0,0,0,0,0,0,0,0,0,0,0,0,0,0,0,0,0,0,0,0,0,0,0,0,0,0,0,0,0,0.649484536082474,0.658423493044822,0.632307692307692,0.597156398104265,0.0175718849840256,0,0,0.0136363636363636,0.0215716486902928,0.0135746606334842,0.00755287009063444,0.00934579439252336,0.0139103554868624,0.0151515151515152,0.00772797527047913,0.0152671755725191,0.0110236220472441,0.0182094081942337,0.0168970814132104,0.0136986301369863,0.0259146341463415,0.0154083204930663,0.0141287284144427,0,0.0138036809815951,0.0124416796267496,0.013953488372093,0.0123839009287926,0.0123839009287926,0.0108359133126935,0.0138036809815951,0.0078740157480315,0.0153374233128834,0,0.0138248847926267,0.0104321907600596,0.0165165165165165,0.0107197549770291,0.0121028744326778,0.0168970814132104,0.00930232558139535,0.015625,0,0.0156494522691706,0.0193164933135215,0.0123839009287926,0,0.0123839009287926,0.0136157337367625,0.982998454404946,0.0091324200913242,0.0030441400304414,0.00307692307692308,0.00152671755725191,0.246489859594384,0.526153846153846,0.486862442040185,0.00156985871271586,0.176829268292683,0.0031104199066874,0.00303951367781155,0.15748031496063,0.128787878787879,0.981566820276498,0.0554675118858954,0.00152671755725191,0.0031104199066874,0.00315955766192733,0.982998454404946,0.51285930408472,0.00146198830409357,0.010752688172043,0.527472527472527,0.00156985871271586,0.98297213622291,0.00303490136570561,0.981623277182236,0.00306278713629403,0.0229007633587786,0.00294985250737463,0.979969183359014,0.00304878048780488,0.00298507462686567,0.43343653250774,0.17984496124031,0.478395061728395,0.00301659125188537,0.524720893141946,0,0.00300751879699248,0.508716323296355,0.140909090909091,0.552995391705069,0.577335375191424,0.5600624024961,0.00152905198776758,0.0031104199066874,0.00458715596330275,0.00307692307692308,0.003003003003003,0.746056782334385,0.013595166163142,0.425954198473282,0.00307219662058372,0.986342943854325,0.329738058551618,0.00297619047619048,0.00153609831029186,0.98780487804878,0.003125,0.188905547226387,0.00617283950617284,0.00154559505409583,0.982892690513219,0.875,0.00152905198776758,0.00309597523219814,0.00298953662182362,0.592248062015504,0.578616352201258,0.0031104199066874,0.00306748466257669,0.00153846153846154,0.538345864661654,0.00303951367781155,0.523659305993691,0.447040498442368,0.028391167192429,0.00303030303030303,0.013595166163142,0.00627943485086342,0.545741324921136,0.00151285930408472,0.0517503805175038,0.0148588410104012,0.504518072289157,0.0819165378670788,0.981366459627329,0.00156494522691706,0.003125,0.519756838905775,0.513178294573643,0.536050156739812,0.00298507462686567,0.00302114803625378,0.0485584218512898,0.00302114803625378,0.0166919575113809,0.00308641975308642,0.984472049689441,0.992199687987519,0.184126984126984,0.95565749235474,0.98145285935085,0.00154559505409583,0.984894259818731,0.359516616314199,0.979010494752624,0.121804511278195,0.00155038759689922,0.319880418535127,0.00299850074962519,0.511210762331839,0.529230769230769,0.0181268882175227,0.00317965023847377,0.00302571860816944,0.00151975683890578,0.0785498489425982,0.00306278713629403,0.0657492354740061,0.166666666666667,0.980597014925373,0.18989280245023,0.00309597523219814,0.981954887218045,0.111111111111111,0.00947867298578199,0.967032967032967,0.996951219512195,0.00157232704402516,0.00308166409861325,0.00304878048780488,0.981651376146789,0.00304878048780488,0.544881889763779,0.00305343511450382,0.0267295597484277,0.0029940119760479,0.978461538461538,0.0229709035222052,0.228787878787879,0.00309119010819165,0.982539682539682,1,0.00303030303030303,0.00154083204930663
"243",0,0.00155763239875389,0.00924499229583975,0.0093167701863354,0,0,0,0,0,0,0,0,0,0,0,0,0,0,0,0,0,0.00622083981337481,0.00599700149925037,0,0,0,0,0,0,0,0,0,0,0,0,0,0,0,0,0,0,0,0,0,0,0,0,0.00145772594752187,0.00154559505409583,0.00606980273141123,0.0124416796267496,0,0.575803981623277,0.444947209653092,0.00154083204930663,0,0,0.0181543116490166,0.00613496932515337,0,0,0,0,0.00158730158730159,0,0,0,0,0,0.0015625,0.0290964777947933,0.0045662100456621,0,0,0,0.00154559505409583,0,0.00154083204930663,0.00471698113207547,0,0.113808801213961,0,0.00303030303030303,0,0,0,0,0.00778816199376947,0,0.0270676691729323,0,0,0,0.0219092331768388,0,0,0.00312989045383412,0.802795031055901,0.905487804878049,0.996850393700787,0.472560975609756,0.0015748031496063,0.00308641975308642,0.00308641975308642,0.954041204437401,0.0075642965204236,0.509316770186335,0.297297297297297,0.0141732283464567,0.0323574730354391,0.00300751879699248,0.0923566878980892,0.964939024390244,0.289922480620155,0.794585987261146,0.00153139356814701,0.0122887864823349,0.93859649122807,0.165634674922601,0.00317460317460317,0.979365079365079,0.0015625,0.979750778816199,0.00155763239875389,0.91271056661562,0.698757763975155,0.297014925373134,0.00155763239875389,0.459787556904401,0.303759398496241,0.00306278713629403,0.218408736349454,0.0266457680250784,0.962235649546828,0.00313479623824451,0.914893617021277,0.358461538461538,0.00317460317460317,0.223076923076923,0.050381679389313,0.00308166409861325,0.00151975683890578,0.986301369863014,0.262830482115086,0.728527607361963,0.924357034795764,0.993993993993994,0.00155038759689922,0.158610271903323,0.0015220700152207,0.904173106646059,0.00307692307692308,0.00154320987654321,0.439393939393939,0.3950233281493,0.00307219662058372,0.365231259968102,0.00297176820208024,0.674772036474164,0.430493273542601,0.00153374233128834,0.0015625,0.301515151515152,0.993680884676145,0.831091180866966,0.00309119010819165,0.00314465408805031,0.9858934169279,0.947772657450077,0.950155763239875,0.00297619047619048,0.972560975609756,0.0016025641025641,0.003125,0.47626582278481,0.905631659056317,0.163833075734158,0.1671875,0.0015600624024961,0.390839694656489,0.102409638554217,0.165932452276065,0.00151515151515152,0.0682852807283763,0.003125,0.682588597842835,0.90527950310559,0.0120663650075415,0.0015527950310559,0.00157977883096367,0.998493975903614,0.94578313253012,0.102564102564103,0.937019969278034,0.714503816793893,0.91601866251944,0.0031055900621118,0.0015625,0.00480769230769231,0.0076103500761035,0.00310077519379845,0.433384379785605,0.00301204819277108,0.00303490136570561,0.00301659125188537,0.0366412213740458,0.41131498470948,0.313755795981453,0.88855421686747,0.00301659125188537,0.0015625,0.623456790123457,0.923076923076923,0.441400304414003,0.330769230769231,0.0718654434250764,0.432307692307692,0.08125,0.00462962962962963,0.00150602409638554,0.00462962962962963,0.290423861852433,0.0014792899408284,0.042042042042042,0.162162162162162,0.00313971742543171,0.00153846153846154,0.298107255520505,0.246932515337423,0.305007587253414,0,0.989280245022971,0.00158478605388273,0.990963855421687,0.221690590111643,0.412942989214176,0.00153609831029186,0.160493827160494,0.00153374233128834,0.385335413416537,0.00307692307692308,0.00303030303030303,1,0.78816199376947
"244",0,0,0,0,0,0,0,0,0,0,0,0,0,0,0,0,0,0,0,0,0,0,0,0,0,0,0,0,0,0,0,0,0,0,0,0,0,0,0,0,0,0,0,0,0,0,0,0,0,0,0,0,0.414219474497682,0.273425499231951,0.0015625,0,0,0.00153139356814701,0.00637958532695375,0,0,0.0031104199066874,0,0.00159235668789809,0,0,0,0,0.0015748031496063,0.00158730158730159,0.0174050632911392,0.00158982511923688,0,0,0,0.00156739811912226,0,0.0031201248049922,0.00644122383252818,0,0.056782334384858,0,0.00305343511450382,0,0,0,0,0.00476947535771065,0,0.0152905198776758,0,0,0.00157232704402516,0.00943396226415094,0,0.00155763239875389,0.00161290322580645,0.750778816199377,0.816901408450704,0.784929356357928,0.595679012345679,0.101748807631161,0.0107858243451464,0.0142630744849445,0.802861685214626,0.126168224299065,0.640944881889764,0.45141065830721,0.163987138263666,0.17601246105919,0.00154559505409583,0.263327948303716,0.75077399380805,0.449206349206349,1,0.0015625,0.0157977883096366,0.812405446293495,0.32807570977918,0.00966183574879227,0.8208,0.0015625,0.812403100775194,0,0.809597523219814,0.780096308186196,0.455384615384615,0.0015625,0.666151468315301,0.468118195956454,0.0140845070422535,0.265822784810127,0.03486529318542,0.807044410413476,0.00956937799043062,0.777258566978193,0.495341614906832,0.00813008130081301,0.289269051321928,0.0803149606299213,0.00315457413249211,0.00470957613814757,0.800312012480499,0.408653846153846,0.774143302180685,0.772797527047913,0.817901234567901,0,0.323619631901841,0.0062015503875969,0.758942457231726,0.00155763239875389,0.0363349131121643,0.566358024691358,0.537617554858934,0.00156494522691706,0.556438791732909,0.108562691131498,0.826923076923077,0.584639498432602,0.0015625,0,0.4578125,0.805466237942122,0.812121212121212,0.0047244094488189,0.00159235668789809,0.792452830188679,0.819776714513557,0.812101910828026,0.00460122699386503,0.820276497695853,0.00658978583196046,0.0160771704180064,0.52442996742671,0.766091051805338,0.317111459968603,0.330658105939005,0.00313971742543171,0.599063962558502,0.267387944358578,0.293577981651376,0.0062111801242236,0.244582043343653,0.00158982511923688,0.839116719242902,0.780096308186196,0.0110236220472441,0.00488599348534202,0.00626959247648903,0.782407407407407,0.74390243902439,0.270769230769231,0.796267496111975,0.778471138845554,0.7664,0.0016025641025641,0,0.103896103896104,0.00156494522691706,0.00155038759689922,0.609448818897638,0.00155763239875389,0.0229709035222052,0.00153139356814701,0.203442879499218,0.557120500782473,0.380655226209048,0.711213517665131,0.0122324159021407,0.00160771704180064,0.544461778471139,0.77491961414791,0.593220338983051,0.49685534591195,0.240625,0.577287066246057,0.241214057507987,0.128,0.00153609831029186,0.122065727699531,0.442857142857143,0,0.172839506172839,0.312698412698413,0.00161550888529887,0,0.454983922829582,0.419558359621451,0.466981132075472,0,0.800314465408805,0.00789889415481832,0.78806907378336,0.320388349514563,0.573667711598746,0.00154559505409583,0.287949921752739,0.0940438871473354,0.54140127388535,0.00157977883096367,0.00154083204930663,0.78816199376947,1
