Sample	0	1	2	3	4	5	6	7	8	9	10	11	12	13	14	15	16	17	18	19	20	21	22	23	24	25	26	27	28	29	30	31	32	33	34	35
NALM_6_1 - illumina_universal_adapter	(1, 1.941835489574431e-05)	(2, 2.5891139860992413e-05)	(3, 3.883670979148862e-05)	(4, 0.0001068009519265937)	(5, 0.00018447437150957095)	(6, 0.00026862057605779626)	(7, 0.00033011203322765324)	(8, 0.0003818943129496381)	(9, 0.00040131266784538237)	(10, 0.000644689382538711)	(15, 0.0009398483769540247)	(20, 0.0024234106909888898)	(25, 0.003572330022320428)	(30, 0.004139993263772687)	(35, 0.0051879371496463544)	(40, 0.006093479766284564)	(45, 0.006776358580118239)	(50, 0.007639828094482336)	(55, 0.008812049451688769)	(60, 0.010573941519229302)	(65, 0.013614855895902861)	(70, 0.018813796779990136)	(75, 0.028224578840964354)	(80, 0.04532502944065332)	(85, 0.07726110318069093)	(90, 0.13586310914206118)	(95, 0.23995908423167772)	(100, 0.41566347939183396)	(105, 0.7262451785438442)	(110, 1.160627304776679)	(115, 1.7684949554835832)	(120, 2.5898577090917483)	(125, 3.6368267935496497)	(130, 4.924758243908842)	(135, 6.439668255530404)	(140, 7.444871047721546)
NALM_6_1 - polya	(1, 0.00399370832355808)	(2, 0.010997261655956526)	(3, 0.014884169027588013)	(4, 0.02022745301640032)	(5, 0.023392644864406644)	(6, 0.0258490667587183)	(7, 0.029998121921442335)	(8, 0.03548704357197272)	(9, 0.04455865170076794)	(10, 0.06029269739429303)	(15, 0.08066125712293576)	(20, 0.10245447682242959)	(25, 0.13265519691328417)	(30, 0.1573436933277335)	(35, 0.1740221183476883)	(40, 0.18907522706286928)	(45, 0.20578407417216074)	(50, 0.22117959321200337)	(55, 0.23902247224720624)	(60, 0.2533965858195327)	(65, 0.2712071009299094)	(70, 0.29067594354838266)	(75, 0.3102451143338173)	(80, 0.32684521865569255)	(85, 0.3438938869756595)	(90, 0.3611224987176604)	(95, 0.38430477807069646)	(100, 0.4044409648190868)	(105, 0.4248580704349689)	(110, 0.443477036387505)	(115, 0.4580789919906083)	(120, 0.47268806765717325)	(125, 0.48891210317256756)	(130, 0.5090282242875656)	(135, 0.5314052891909249)	(140, 0.5442900149427478)
NALM_6_2 - illumina_universal_adapter	(1, 1.941835489574431e-05)	(2, 2.265474737836836e-05)	(3, 3.2363924826240514e-05)	(4, 9.709177447872155e-05)	(5, 0.00017152880157907474)	(6, 0.0002589113986099241)	(7, 0.0003204028557797811)	(8, 0.0003624759580538938)	(9, 0.0003818943129496381)	(10, 0.0006265655846360164)	(15, 0.0009961616061516828)	(20, 0.0026771438616266154)	(25, 0.004337413205212753)	(30, 0.0056274392487867)	(35, 0.007501310496226027)	(40, 0.009320810349957269)	(45, 0.010894344375009083)	(50, 0.012779866635385852)	(55, 0.015044694094726165)	(60, 0.01785323549114732)	(65, 0.021947271981666745)	(70, 0.028216811499006057)	(75, 0.038693013965260106)	(80, 0.0567177782579865)	(85, 0.08959952588144686)	(90, 0.14901516091294878)	(95, 0.2535538744941882)	(100, 0.42947057700120467)	(105, 0.7402115066633599)	(110, 1.171738487448024)	(115, 1.773149535152093)	(120, 2.5876796169509424)	(125, 3.6271234416082465)	(130, 4.903559873147655)	(135, 6.399458668047787)	(140, 7.390231033437404)
NALM_6_2 - polya	(1, 0.009045716988934223)	(2, 0.013240081646414995)	(3, 0.01480973200048766)	(4, 0.017897250428911004)	(5, 0.020107706494543232)	(6, 0.021570555896689304)	(7, 0.023395881256889267)	(8, 0.028826547842732426)	(9, 0.03731236893217269)	(10, 0.049685097393244435)	(15, 0.0731877796020603)	(20, 0.09416478111743634)	(25, 0.11199083091172964)	(30, 0.12816696781838116)	(35, 0.14372948471032715)	(40, 0.16195749445096236)	(45, 0.1839694942822816)	(50, 0.20804048701104624)	(55, 0.236940177323886)	(60, 0.25709642970566854)	(65, 0.2803544406427981)	(70, 0.3086787003722272)	(75, 0.3357103449440963)	(80, 0.36039431040907)	(85, 0.3960360535417121)	(90, 0.42272269867493356)	(95, 0.4491018865223057)	(100, 0.4689306159848467)	(105, 0.48904026431487957)	(110, 0.510565510716812)	(115, 0.5325988707385166)	(120, 0.5543920904380104)	(125, 0.5783782896837304)	(130, 0.6041619813142997)	(135, 0.631499788615025)	(140, 0.6452719331855834)
NG-13640_BC3_lib236396_5774_5_1 - illumina_universal_adapter	(1, 4.0987456930599835e-05)	(2, 4.391513242564268e-05)	(3, 8.490258935624251e-05)	(4, 0.00021664798663317055)	(5, 0.0003366826819299272)	(6, 0.0004274406222762554)	(7, 0.0004889218076721552)	(8, 0.0005533306685630978)	(9, 0.000623594880444126)	(10, 0.0008870856749979821)	(15, 0.0013010589899970404)	(20, 0.0017642172533128184)	(25, 0.002396595160242073)	(30, 0.003168330420735367)	(35, 0.004140318685089591)	(40, 0.005090056615681491)	(45, 0.0060169586774120555)	(50, 0.006970209818598005)	(55, 0.008080384366318253)	(60, 0.00946868808606757)	(65, 0.01159242389017165)	(70, 0.015240307556995033)	(75, 0.022176556339850544)	(80, 0.0352316469073456)	(85, 0.06199235753733423)	(90, 0.11355809156662286)	(95, 0.2107182726855108)	(100, 0.37811631660597156)	(105, 0.6557741328803399)	(110, 1.0817105154872422)	(115, 1.6910809917711531)	(120, 2.5169835187386314)	(125, 3.568165405233765)	(130, 4.852982237119406)	(135, 6.367334683167398)	(140, 7.3753591196550055)
NG-13640_BC3_lib236396_5774_5_1 - polya	(1, 0.003481006163605943)	(2, 0.00834387516087211)	(3, 0.011426717457152225)	(4, 0.015332236567539381)	(5, 0.01807839618188957)	(6, 0.02006628784302366)	(7, 0.02323403272866002)	(8, 0.0281115401034014)	(9, 0.03610409420486837)	(10, 0.048399745748949306)	(15, 0.06336719394980635)	(20, 0.08036703447932214)	(25, 0.10390144671377355)	(30, 0.12391679300318348)	(35, 0.13828582433285375)	(40, 0.1511945311255967)	(45, 0.1658188557584347)	(50, 0.17932890709785937)	(55, 0.1938759410976283)	(60, 0.20639878026012454)	(65, 0.2232932244718188)	(70, 0.23966185816460334)	(75, 0.2544741395642231)	(80, 0.26741036650661937)	(85, 0.2803366393523326)	(90, 0.2937881371818565)	(95, 0.310432557906274)	(100, 0.326279479825842)	(105, 0.34216270492154843)	(110, 0.356488992188991)	(115, 0.3684959749292608)	(120, 0.38011943217967986)	(125, 0.39232139810791944)	(130, 0.4074703621894691)	(135, 0.42387354245309516)	(140, 0.4332813348888659)
NG-13640_BC3_lib236396_5774_5_2 - illumina_universal_adapter	(1, 3.8059781435556985e-05)	(2, 4.0987456930599835e-05)	(3, 8.490258935624251e-05)	(4, 0.00020493728465299918)	(5, 0.00032204430445471297)	(6, 0.000415729920296084)	(7, 0.0004801387811870266)	(8, 0.0005416199665829263)	(9, 0.0006118841784639547)	(10, 0.0008935265610870763)	(15, 0.0013871326495513)	(20, 0.0019861350558370663)	(25, 0.003235081422022344)	(30, 0.004913225015780903)	(35, 0.006877109737855644)	(40, 0.008901304575128267)	(45, 0.010997520229578943)	(50, 0.013104861050910781)	(55, 0.015350973690707656)	(60, 0.0178553073091673)	(65, 0.021090974266288656)	(70, 0.02584142052454518)	(75, 0.03370984118502233)	(80, 0.0476203985321689)	(85, 0.07494439392740378)	(90, 0.12649900278981124)	(95, 0.2223915004193456)	(100, 0.38663175355085316)	(105, 0.6582649991915225)	(110, 1.0746050470607735)	(115, 1.66967968390239)	(120, 2.4761324914861)	(125, 3.502148664960944)	(130, 4.752902577996862)	(135, 6.222995596980994)	(140, 7.2015459531898065)
NG-13640_BC3_lib236396_5774_5_2 - polya	(1, 0.011470632589577867)	(2, 0.01559865503758828)	(3, 0.01710055256654526)	(4, 0.019843784505400405)	(5, 0.021849242219504753)	(6, 0.023216466675689763)	(7, 0.025093106668012226)	(8, 0.029947192638793262)	(9, 0.03682430237664891)	(10, 0.04677371477900251)	(15, 0.06568298526638525)	(20, 0.08351779884708725)	(25, 0.09860176853264699)	(30, 0.11214109662702214)	(35, 0.1257559587491694)	(40, 0.14111395886106515)	(45, 0.15830058508716466)	(50, 0.17676953318009292)	(55, 0.19776213754974817)	(60, 0.2136371651540685)	(65, 0.2316370996326909)	(70, 0.256447978382981)	(75, 0.2768363105304593)	(80, 0.2953480026856153)	(85, 0.321091638848626)	(90, 0.3409442063805116)	(95, 0.3608231229918525)	(100, 0.37735629204745846)	(105, 0.39437721184053853)	(110, 0.41286899580232816)	(115, 0.43193753183664124)	(120, 0.45141242922966623)	(125, 0.4718786375453128)	(130, 0.4928361098090274)	(135, 0.5151912543540756)	(140, 0.5270899131010287)
NG-13640_BCBL_1_lib241208_5808_6_1 - illumina_universal_adapter	(1, 0.00011723939111271305)	(2, 0.00012325166758003168)	(3, 0.00015631918815028407)	(4, 0.00025552174986104124)	(5, 0.0003426997586371612)	(6, 0.0004058286615440067)	(7, 0.000456933011516215)	(8, 0.0005050312232547639)	(9, 0.0005411048820586756)	(10, 0.000743718599007313)	(15, 0.0010713876664761777)	(20, 0.0014555721327378375)	(25, 0.0020501862753556483)	(30, 0.0028071318825910628)	(35, 0.003833427475562351)	(40, 0.004919845833206825)	(45, 0.005879405157390877)	(50, 0.006799283456890626)	(55, 0.00786946866807334)	(60, 0.009052684676841644)	(65, 0.010487815069590598)	(70, 0.012453228246757053)	(75, 0.015355354097531748)	(80, 0.019779788349831524)	(85, 0.026826777597175673)	(90, 0.038072740729295146)	(95, 0.05729519105060623)	(100, 0.08831974007726377)	(105, 0.13693921618552923)	(110, 0.21108020466991548)	(115, 0.3202384949829056)	(120, 0.4752662461480096)	(125, 0.6856646586665313)	(130, 0.9625618550518305)	(135, 1.318200633874308)	(140, 1.5688494336585874)
NG-13640_BCBL_1_lib241208_5808_6_1 - polya	(1, 0.0024860763192362484)	(2, 0.0066616023257890285)	(3, 0.009273936450838969)	(4, 0.013338235342746354)	(5, 0.015707072270869888)	(6, 0.01795866980788071)	(7, 0.02118726227083081)	(8, 0.025988065029984724)	(9, 0.03328095638484221)	(10, 0.04633360859539092)	(15, 0.06033319434954233)	(20, 0.07426784751784668)	(25, 0.09327325465868758)	(30, 0.11055313845340801)	(35, 0.12393285850377886)	(40, 0.13645643038520355)	(45, 0.14989927933848124)	(50, 0.16281124427969468)	(55, 0.1761350501589195)	(60, 0.18769064552910586)	(65, 0.20305381558604516)	(70, 0.21713817443838573)	(75, 0.23086600529621432)	(80, 0.2431394664765986)	(85, 0.2549836511172162)	(90, 0.2671260446706129)	(95, 0.28169379055092597)	(100, 0.29594769559964484)	(105, 0.3106483127898857)	(110, 0.32434367735479075)	(115, 0.3362203282883319)	(120, 0.3483362678252725)	(125, 0.3601437775794395)	(130, 0.37404055340599973)	(135, 0.38825958725120824)	(140, 0.3962601235462691)
NG-13640_BCBL_1_lib241208_5808_6_2 - illumina_universal_adapter	(1, 0.00011723939111271305)	(2, 0.00011723939111271305)	(3, 0.00014730077344930615)	(4, 0.00024950947339372263)	(5, 0.0003426997586371612)	(6, 0.0004028225233103474)	(7, 0.00046595142621719287)	(8, 0.0005140496379557419)	(9, 0.0005531294349933128)	(10, 0.0008110560954412815)	(15, 0.001356970798673812)	(20, 0.002229953341728475)	(25, 0.003982531931951852)	(30, 0.006466804568247905)	(35, 0.009335261670805619)	(40, 0.012466455254985154)	(45, 0.015407660902797424)	(50, 0.01832601990003388)	(55, 0.021469839264794784)	(60, 0.024782603598287344)	(65, 0.028265515355805015)	(70, 0.03231538478419084)	(75, 0.037244850259745374)	(80, 0.043812661072644234)	(85, 0.05285452365184471)	(90, 0.06612842763639074)	(95, 0.08724654872784739)	(100, 0.12017217957347107)	(105, 0.17088392789236342)	(110, 0.24631034108546243)	(115, 0.35445796772429616)	(120, 0.5053727205581076)	(125, 0.7085221313399831)	(130, 0.9722524422618545)	(135, 1.3080693467992295)	(140, 1.5444395912012738)
NG-13640_BCBL_1_lib241208_5808_6_2 - polya	(1, 0.013611793922009351)	(2, 0.018737259610398474)	(3, 0.020637138974071156)	(4, 0.023772541151777814)	(5, 0.026156408771069648)	(6, 0.028035245167106714)	(7, 0.030079419165995044)	(8, 0.035379240871936404)	(9, 0.04229937108582014)	(10, 0.05375877003252942)	(15, 0.07351390804884493)	(20, 0.09260589197081523)	(25, 0.10796425220658064)	(30, 0.12141672080220603)	(35, 0.13506398715537254)	(40, 0.14992873949317112)	(45, 0.16582038865158766)	(50, 0.1826734008171285)	(55, 0.20173111476323508)	(60, 0.21754881292110362)	(65, 0.2339503031239488)	(70, 0.25825553197073103)	(75, 0.2768941902470655)	(80, 0.2941770801800196)	(85, 0.31745841834441746)	(90, 0.3357056774227295)	(95, 0.35451748926132265)	(100, 0.3707680713248382)	(105, 0.38689720540371386)	(110, 0.40415003395433136)	(115, 0.4216373412871742)	(120, 0.4400138643095337)	(125, 0.45889601978279454)	(130, 0.4773897821962666)	(135, 0.4980966635773586)	(140, 0.5096486515816646)
NG-13640_BJAB_lib227474_5697_7_1 - illumina_universal_adapter	(1, 5.752256803929747e-05)	(2, 6.194738096539727e-05)	(3, 7.96466326697965e-05)	(4, 0.0001570808588765431)	(5, 0.00022787786569414)	(6, 0.0002831880272703875)	(7, 0.0003340733759205353)	(8, 0.0003761090987184835)	(9, 0.000409295195664232)	(10, 0.0005265527382058769)	(15, 0.0007544306039000169)	(20, 0.0009938129832020163)	(25, 0.0013367359849747512)	(30, 0.0017407214051276634)	(35, 0.0025075414852207597)	(40, 0.003270379233680366)	(45, 0.003846047395365951)	(50, 0.00454074302476362)	(55, 0.005546945484158716)	(60, 0.007068196168151829)	(65, 0.009660694061553706)	(70, 0.014212056637339964)	(75, 0.0230006200711594)	(80, 0.03909056731433612)	(85, 0.06929124297884512)	(90, 0.1247518481945801)	(95, 0.22321986512683473)	(100, 0.38788087102707935)	(105, 0.6532382296491626)	(110, 1.055849302907228)	(115, 1.6299090450941758)	(120, 2.407619032279696)	(125, 3.3979284486068266)	(130, 4.612871015309388)	(135, 6.043247546314019)	(140, 6.989226531859726)
NG-13640_BJAB_lib227474_5697_7_1 - polya	(1, 0.004351803512819159)	(2, 0.010296539679034248)	(3, 0.013767805419559544)	(4, 0.018566515037914785)	(5, 0.02118379188370282)	(6, 0.02362628861890991)	(7, 0.027599770626547535)	(8, 0.03321043341684209)	(9, 0.04232776045107074)	(10, 0.056668579144560215)	(15, 0.07535323668760185)	(20, 0.0958511825677592)	(25, 0.12213943864301076)	(30, 0.1447112943416311)	(35, 0.1616729297312495)	(40, 0.17641109662550272)	(45, 0.1927563555745154)	(50, 0.2083547061016024)	(55, 0.22523050012045448)	(60, 0.23943901690745356)	(65, 0.25615153532933255)	(70, 0.2748003518876728)	(75, 0.29193013016848296)	(80, 0.3061731604963056)	(85, 0.32067592734289035)	(90, 0.3363618891659142)	(95, 0.35541380618182206)	(100, 0.373719257257097)	(105, 0.39215214294464357)	(110, 0.40842837481200905)	(115, 0.4218324606090432)	(120, 0.4350958373550274)	(125, 0.449222052621601)	(130, 0.4663752824109196)	(135, 0.4850462230338903)	(140, 0.4961409989647929)
NG-13640_BJAB_lib227474_5697_7_2 - illumina_universal_adapter	(1, 5.752256803929747e-05)	(2, 6.637219389149708e-05)	(3, 9.070866498504602e-05)	(4, 0.00018141732997009204)	(5, 0.0002544267432507388)	(6, 0.0003119493112900363)	(7, 0.00036504706640323395)	(8, 0.0004070827892011821)	(9, 0.00044469369907303044)	(10, 0.000592924932097374)	(15, 0.0008858475478051811)	(20, 0.0013327536533412614)	(25, 0.0022407252657769415)	(30, 0.003431442424190399)	(35, 0.005046056660924218)	(40, 0.006753149487813523)	(45, 0.008380153200740422)	(50, 0.01004344037966134)	(55, 0.012113810347783438)	(60, 0.01482135337726391)	(65, 0.01861828534915015)	(70, 0.0242731962687057)	(75, 0.033943624918696826)	(80, 0.050674727554865406)	(85, 0.08121478637080627)	(90, 0.13639397348444127)	(95, 0.23319914571906758)	(100, 0.39405083017123294)	(105, 0.6520930880638879)	(110, 1.0411022863871229)	(115, 1.5937202700967759)	(120, 2.345409259907781)	(125, 3.304541444357612)	(130, 4.478391215896777)	(135, 5.85520184658063)	(140, 6.76264292394647)
NG-13640_BJAB_lib227474_5697_7_2 - polya	(1, 0.008278824984732737)	(2, 0.011774427196351583)	(3, 0.013340810972190914)	(4, 0.01616605402550564)	(5, 0.018128458558230903)	(6, 0.01962183292078959)	(7, 0.021568750608273502)	(8, 0.02681657873862787)	(9, 0.035152926291399905)	(10, 0.04592734576645293)	(15, 0.06731158167570807)	(20, 0.08640243704536568)	(25, 0.10342646229724206)	(30, 0.11904339703861873)	(35, 0.13474396074429867)	(40, 0.15269896663582644)	(45, 0.17285664440196674)	(50, 0.19427185400170455)	(55, 0.22007205321120732)	(60, 0.23896113711143477)	(65, 0.2602736910512871)	(70, 0.28583495036278045)	(75, 0.31052673393429525)	(80, 0.33257469178246535)	(85, 0.3633076724419841)	(90, 0.38686006668502815)	(95, 0.40993104128171254)	(100, 0.42831481154577944)	(105, 0.4473552240480795)	(110, 0.4669509505726051)	(115, 0.487030751631246)	(120, 0.5072733858055674)	(125, 0.5298085155569011)	(130, 0.5530732969597486)	(135, 0.577680566604375)	(140, 0.5906771271309152)
NG-13640_BONNA12_lib236392_5774_5_1 - illumina_universal_adapter	(1, 4.0152594028813265e-05)	(2, 4.0152594028813265e-05)	(3, 9.211477453668925e-05)	(4, 0.00023855364687706704)	(5, 0.00032358266952631866)	(6, 0.000394440188400695)	(7, 0.0004936407148248219)	(8, 0.0005597743991075731)	(9, 0.000602288910432199)	(10, 0.0008791056175014294)	(15, 0.001364243430061326)	(20, 0.0020265250398071636)	(25, 0.0030997802590243843)	(30, 0.0042268871925861306)	(35, 0.005648761404665283)	(40, 0.007159443707066987)	(45, 0.008651703054561352)	(50, 0.010158606289289756)	(55, 0.01187099632875385)	(60, 0.01377375690226044)	(65, 0.016020885017496496)	(70, 0.019081929832869552)	(75, 0.023764194680088342)	(80, 0.031726217884272434)	(85, 0.045276065026889835)	(90, 0.06987307174548169)	(95, 0.11341737901108176)	(100, 0.18893873977776957)	(105, 0.3165720266088879)	(110, 0.5187370308597485)	(115, 0.8222509615070072)	(120, 1.2582911268553896)	(125, 1.8500118745392047)	(130, 2.622571875209989)	(135, 3.5869975035715145)	(140, 4.2538886311118596)
NG-13640_BONNA12_lib236392_5774_5_1 - polya	(1, 0.003743638913862884)	(2, 0.00958702230370312)	(3, 0.01315115550308425)	(4, 0.018111181824290595)	(5, 0.020957292165744712)	(6, 0.023512886679813886)	(7, 0.0276202608572319)	(8, 0.033553397104313015)	(9, 0.04341440181433039)	(10, 0.058031835574655063)	(15, 0.07656438344451863)	(20, 0.09563497607436829)	(25, 0.12167794856145656)	(30, 0.14386910632253375)	(35, 0.1594884653997421)	(40, 0.17340818879088377)	(45, 0.189399313650453)	(50, 0.20465115839643294)	(55, 0.22162295131722357)	(60, 0.2361619694233273)	(65, 0.2571806714387631)	(70, 0.2787393077480217)	(75, 0.2953657883601645)	(80, 0.3093336948641408)	(85, 0.32410370848177494)	(90, 0.33974810388231885)	(95, 0.35833875491765943)	(100, 0.3756775897862193)	(105, 0.39338819043714013)	(110, 0.40959472215408754)	(115, 0.42243268742374696)	(120, 0.4350254856781012)	(125, 0.44848321804618185)	(130, 0.46478564360533914)	(135, 0.4825354520833705)	(140, 0.49227316471054644)
NG-13640_BONNA12_lib236392_5774_5_2 - illumina_universal_adapter	(1, 4.487642862043836e-05)	(2, 4.9600263212063445e-05)	(3, 0.00011101011290318961)	(4, 0.0002550870679477549)	(5, 0.00034720184248444413)	(6, 0.0004156974440630079)	(7, 0.0005172598877829474)	(8, 0.0005833935720656986)	(9, 0.000628270000686137)	(10, 0.0009282334972543303)	(15, 0.0015286328738498792)	(20, 0.0025598459652016363)	(25, 0.005085207937884409)	(30, 0.007945489783113402)	(35, 0.011252646380710126)	(40, 0.014836147301916921)	(45, 0.01862182834364527)	(50, 0.02258559794947788)	(55, 0.026867281623326862)	(60, 0.031079052545219792)	(65, 0.03581800340753808)	(70, 0.04123293499991792)	(75, 0.04835033657911945)	(80, 0.05899927689901989)	(85, 0.07490064890134826)	(90, 0.10197719639708411)	(95, 0.14807568102637586)	(100, 0.2261630287432344)	(105, 0.35644213532912195)	(110, 0.5615401684779225)	(115, 0.8682828400685569)	(120, 1.3082702416017011)	(125, 1.904547127749139)	(130, 2.681487067853278)	(135, 3.649004445955022)	(140, 4.31756355948967)
NG-13640_BONNA12_lib236392_5774_5_2 - polya	(1, 0.010144434785514881)	(2, 0.014152608436508769)	(3, 0.01581303629546499)	(4, 0.018831566599513423)	(5, 0.02097618750411121)	(6, 0.022549224423122367)	(7, 0.024500168109463528)	(8, 0.03025379864206289)	(9, 0.0382016503424721)	(10, 0.04888318512105476)	(15, 0.06949469259469251)	(20, 0.08863047414190658)	(25, 0.10436745670044642)	(30, 0.11911621306241826)	(35, 0.13390417725150064)	(40, 0.15081975654065088)	(45, 0.1695762141701575)	(50, 0.1891919373118807)	(55, 0.21297361017995803)	(60, 0.23076923985352807)	(65, 0.2506494977323822)	(70, 0.2778923242057433)	(75, 0.3000830095833613)	(80, 0.3200086162742951)	(85, 0.3483563476586372)	(90, 0.3700595333063997)	(95, 0.39205134524771024)	(100, 0.409913108605563)	(105, 0.4281159328209311)	(110, 0.4479857982636838)	(115, 0.46892891892565364)	(120, 0.4896845033543359)	(125, 0.511811416964967)	(130, 0.5349100233510954)	(135, 0.5602283596118284)	(140, 0.5732562230320711)
NG-13640_BV_173_lib227468_5681_8_1 - illumina_universal_adapter	(1, 6.760526816305669e-05)	(2, 6.760526816305669e-05)	(3, 0.00010140790224458505)	(4, 0.0001859144874484059)	(5, 0.00023380155239723774)	(6, 0.00028168861734606955)	(7, 0.0003267587961214407)	(8, 0.0003661952025498904)	(9, 0.00039154717811103667)	(10, 0.000554363198937065)	(15, 0.0008129533496607567)	(20, 0.001040557752476381)	(25, 0.0013870347518120465)	(30, 0.0017397089007293257)	(35, 0.0024067475466048186)	(40, 0.003085053737174154)	(45, 0.0037222333896109634)	(50, 0.0044044832208231435)	(55, 0.005432083296901606)	(60, 0.007007286045100827)	(65, 0.00980783427875545)	(70, 0.01453006225994496)	(75, 0.023361563790978934)	(80, 0.03980034812206086)	(85, 0.07020919774180377)	(90, 0.1251615765909097)	(95, 0.2213976758210209)	(100, 0.3827984930335025)	(105, 0.641528361311398)	(110, 1.0310704798441654)	(115, 1.5796810338377887)	(120, 2.314381285599807)	(125, 3.242953164873024)	(130, 4.37255663293314)	(135, 5.7019111333257015)	(140, 6.584355938131265)
NG-13640_BV_173_lib227468_5681_8_1 - polya	(1, 0.0036985715457538934)	(2, 0.009523892152470612)	(3, 0.012906972446796908)	(4, 0.017467511161629774)	(5, 0.020247777814835482)	(6, 0.022698468785746287)	(7, 0.026180140096143705)	(8, 0.03138856263087253)	(9, 0.039456124631663966)	(10, 0.05398675026884362)	(15, 0.07365481290918088)	(20, 0.09428174360296418)	(25, 0.1219306081499503)	(30, 0.14537273488549018)	(35, 0.16144138037337938)	(40, 0.17556355751540723)	(45, 0.19121417709515487)	(50, 0.20551325468887605)	(55, 0.22045908934802377)	(60, 0.23357958176676905)	(65, 0.24910118795977215)	(70, 0.26574504160428203)	(75, 0.2803404556234513)	(80, 0.29236743282965905)	(85, 0.304847928709794)	(90, 0.31866700889955746)	(95, 0.33594015491521845)	(100, 0.35136486022385455)	(105, 0.3670537894555613)	(110, 0.3814486411791801)	(115, 0.39331449249626593)	(120, 0.40532062474479014)	(125, 0.4180394291951998)	(130, 0.4325847026404815)	(135, 0.4474629320314662)	(140, 0.45698344392052864)
NG-13640_BV_173_lib227468_5681_8_2 - illumina_universal_adapter	(1, 6.197149581613531e-05)	(2, 6.4788381989596e-05)	(3, 9.859101607112435e-05)	(4, 0.00017746382892802382)	(5, 0.00023098466622377704)	(6, 0.00028168861734606955)	(7, 0.0003267587961214407)	(8, 0.0003718289748968118)	(9, 0.0003943640642844974)	(10, 0.0005678842525696762)	(15, 0.0008963331803951934)	(20, 0.0012890071129756143)	(25, 0.0021188617796771354)	(30, 0.0031599829093882084)	(35, 0.004612932797659236)	(40, 0.00623658598804198)	(45, 0.007876577118230798)	(50, 0.009579103121470442)	(55, 0.011685007224749657)	(60, 0.014357668826129166)	(65, 0.018319337540484287)	(70, 0.024265784252659815)	(75, 0.034187420732823076)	(80, 0.05163127005059578)	(85, 0.08296011469459094)	(90, 0.13865446136178644)	(95, 0.23585956943556813)	(100, 0.39788404524685383)	(105, 0.6557057494224257)	(110, 1.0417594361179794)	(115, 1.5885632393199451)	(120, 2.3244961604714702)	(125, 3.2559333763603306)	(130, 4.386257403903619)	(135, 5.708071100009825)	(140, 6.5811024346009175)
NG-13640_BV_173_lib227468_5681_8_2 - polya	(1, 0.00838587013839249)	(2, 0.01210979365970753)	(3, 0.013614010876335542)	(4, 0.016690050577754623)	(5, 0.018636518923615963)	(6, 0.020112567278509366)	(7, 0.022098472030799156)	(8, 0.02729281013466068)	(9, 0.034329391795965496)	(10, 0.04468933576471924)	(15, 0.06400810451954739)	(20, 0.08122322268003508)	(25, 0.09575610182615349)	(30, 0.10960785789552914)	(35, 0.1238804567592198)	(40, 0.1395676958592224)	(45, 0.15708591097197444)	(50, 0.17615172334842583)	(55, 0.19800963330001142)	(60, 0.21386419543871762)	(65, 0.23189170357163139)	(70, 0.25364989575267655)	(75, 0.27388189900494064)	(80, 0.29257531902926043)	(85, 0.31878419136437347)	(90, 0.338422395011272)	(95, 0.35782792386024276)	(100, 0.37408586409898853)	(105, 0.39137084103657804)	(110, 0.4089758162434728)	(115, 0.4271340278948351)	(120, 0.4447992844658418)	(125, 0.4648341056859636)	(130, 0.4852734317605944)	(135, 0.5075493676203215)	(140, 0.5195436689469173)
NG-13640_CCRF_CEM_lib241217_5826_6_1 - illumina_universal_adapter	(1, 0.00015689140638931466)	(2, 0.00015689140638931466)	(3, 0.00017258054702824614)	(4, 0.00025416407835068973)	(5, 0.0003326097815453471)	(6, 0.00041105548474000444)	(7, 0.00046439856291237143)	(8, 0.0005114659848291658)	(9, 0.000545982094234815)	(10, 0.0007041286318752442)	(15, 0.0009614305383537202)	(20, 0.001205553566695494)	(25, 0.0014647381700506417)	(30, 0.0017596940140625534)	(35, 0.002348978136460819)	(40, 0.0030236111839348724)	(45, 0.0035539041375307555)	(50, 0.004103024059893357)	(55, 0.004785815460499655)	(60, 0.005641814973759755)	(65, 0.006771433099762821)	(70, 0.008451426279379604)	(75, 0.011166275175540303)	(80, 0.01558496474508896)	(85, 0.02264821586073591)	(90, 0.03449539974000584)	(95, 0.05479965798928539)	(100, 0.08715568651176653)	(105, 0.13805941709759245)	(110, 0.2129148173484367)	(115, 0.3184393497202642)	(120, 0.46224915064483774)	(125, 0.6505853602683245)	(130, 0.8905821446220591)	(135, 1.191354894417261)	(140, 1.404077676684277)
NG-13640_CCRF_CEM_lib241217_5826_6_1 - polya	(1, 0.003526918815631794)	(2, 0.008748264820268185)	(3, 0.011672720635365012)	(4, 0.016307292780105367)	(5, 0.019052892391918375)	(6, 0.021481571362824962)	(7, 0.02475118827197828)	(8, 0.029978809932870245)	(9, 0.03801792559625873)	(10, 0.052039624368084555)	(15, 0.06889540950492698)	(20, 0.0864113936798556)	(25, 0.10938468853463017)	(30, 0.12862020252358572)	(35, 0.14203253507299546)	(40, 0.15477902049368894)	(45, 0.17014873022921176)	(50, 0.18483313830162607)	(55, 0.20013444338396313)	(60, 0.21290101090467442)	(65, 0.22875143590937413)	(70, 0.2451691802395776)	(75, 0.26082443233472896)	(80, 0.2739336506869945)	(85, 0.2867190451764726)	(90, 0.3001382809477634)	(95, 0.3175262417350784)	(100, 0.33393771040902626)	(105, 0.3494900417415862)	(110, 0.36367616270730807)	(115, 0.37527106520510395)	(120, 0.3865929766557825)	(125, 0.3992923946545591)	(130, 0.4141236530833538)	(135, 0.42956741556269246)	(140, 0.43811611451403343)
NG-13640_CCRF_CEM_lib241217_5826_6_2 - illumina_universal_adapter	(1, 0.0001506157501337421)	(2, 0.00015375357826152839)	(3, 0.00016002923451710095)	(4, 0.0002478884220951172)	(5, 0.0003263341252897745)	(6, 0.00041733114099557704)	(7, 0.0004738120472957303)	(8, 0.0005302929535958836)	(9, 0.0005742225473848916)	(10, 0.0007700230225587563)	(15, 0.0011948849510610205)	(20, 0.0017804036797059429)	(25, 0.002802708083738717)	(30, 0.004126243988038976)	(35, 0.005880917477097071)	(40, 0.007769262444398862)	(45, 0.009690240824229632)	(50, 0.011880444857424465)	(55, 0.014375018219014565)	(60, 0.017071040146408548)	(65, 0.02000302674901206)	(70, 0.02347534735522037)	(75, 0.028052183462409463)	(80, 0.03434980451487655)	(85, 0.043296380072820835)	(90, 0.05705512884753818)	(95, 0.07895089352323093)	(100, 0.11262543742500786)	(105, 0.16461485654304783)	(110, 0.23978529473792184)	(115, 0.3444613583839959)	(120, 0.48558831625931226)	(125, 0.6690401826190868)	(130, 0.9033085479427347)	(135, 1.1967036362438854)	(140, 1.40306729602713)
NG-13640_CCRF_CEM_lib241217_5826_6_2 - polya	(1, 0.011754304166687454)	(2, 0.016012336936093455)	(3, 0.01755614837496431)	(4, 0.02075045740905076)	(5, 0.022749253926450625)	(6, 0.024490748537372018)	(7, 0.026511509851666393)	(8, 0.03178619893447515)	(9, 0.039539772238235085)	(10, 0.05141582413628064)	(15, 0.0728227151896643)	(20, 0.09208772476302103)	(25, 0.1073714580078425)	(30, 0.1208063829197723)	(35, 0.13444903205376152)	(40, 0.14887488308844624)	(45, 0.16502716715903895)	(50, 0.18248980825579525)	(55, 0.20274950934566022)	(60, 0.21867084926604785)	(65, 0.236159220553452)	(70, 0.25789432842900206)	(75, 0.27633408920475105)	(80, 0.2930160386633141)	(85, 0.3168685529594944)	(90, 0.3365766238644945)	(95, 0.35647986767904294)	(100, 0.37257504327771)	(105, 0.38882836541401744)	(110, 0.40603684243242305)	(115, 0.4236093075136518)	(120, 0.44146731495450914)	(125, 0.46157012463798486)	(130, 0.48234945006581126)	(135, 0.5052537127017744)	(140, 0.5173337234281262)
NG-13640_CMK_lib259808_5981_3_1 - illumina_universal_adapter	(1, 2.4522986666138755e-05)	(2, 2.4522986666138755e-05)	(3, 3.344043636291648e-05)	(4, 5.127533575647194e-05)	(5, 8.248640969519399e-05)	(6, 0.00010700939636133274)	(7, 0.0001382204703000548)	(8, 0.00015605536969361025)	(9, 0.00017834899393555457)	(10, 0.0003058685245994761)	(15, 0.0005546653711395748)	(20, 0.000989391043857489)	(25, 0.0013523312465163425)	(30, 0.0018013248387491014)	(35, 0.002230700041648949)	(40, 0.002848679305635645)	(45, 0.003587044140528841)	(50, 0.004487706559903392)	(55, 0.005435631462670865)	(60, 0.00655432552713163)	(65, 0.007918695330738624)	(70, 0.00974543490112354)	(75, 0.012184357393192248)	(80, 0.015865926500506937)	(85, 0.020999256418457034)	(90, 0.02952968879839461)	(95, 0.041493339311591604)	(100, 0.06074789669687408)	(105, 0.08916335015565631)	(110, 0.13386028327081534)	(115, 0.1974608721256886)	(120, 0.2891505357804421)	(125, 0.4176648079580391)	(130, 0.5887612400552044)	(135, 0.8185162103852885)	(140, 0.9693111765027698)
NG-13640_CMK_lib259808_5981_3_1 - polya	(1, 0.014259002065147589)	(2, 0.020189106113504777)	(3, 0.024531904115835532)	(4, 0.029318345240580978)	(5, 0.032802838709596875)	(6, 0.03574113838468514)	(7, 0.04097568135669366)	(8, 0.046756418122629824)	(9, 0.055693932081225306)	(10, 0.07105111807653106)	(15, 0.0891196546521421)	(20, 0.10464359695677761)	(25, 0.12447065461259321)	(30, 0.14220567856954475)	(35, 0.15641429704390558)	(40, 0.16921128323126644)	(45, 0.18440037529978795)	(50, 0.19810604961125047)	(55, 0.21208638137337377)	(60, 0.22458998346571063)	(65, 0.2550007162941469)	(70, 0.27361633840865524)	(75, 0.28754316547259784)	(80, 0.299694528301912)	(85, 0.31133492126360085)	(90, 0.3235397887910957)	(95, 0.33702475622256295)	(100, 0.3504138610697899)	(105, 0.3638551329977429)	(110, 0.37633599559335307)	(115, 0.38759293821808044)	(120, 0.3986345244326306)	(125, 0.40922890054488736)	(130, 0.421486826898078)	(135, 0.43393603254726465)	(140, 0.4410392271032329)
NG-13640_CMK_lib259808_5981_3_2 - illumina_universal_adapter	(1, 3.121107393872205e-05)	(2, 3.121107393872205e-05)	(3, 4.458724848388864e-05)	(4, 7.57983224226107e-05)	(5, 0.00012038557090649934)	(6, 0.0001538260072694158)	(7, 0.00019172516848072117)	(8, 0.00021178943029847105)	(9, 0.0002430005042371931)	(10, 0.00044631835732372526)	(15, 0.0009385615805858558)	(20, 0.0018303065502636288)	(25, 0.0031086229642967164)	(30, 0.004889437668743229)	(35, 0.006821403145550124)	(40, 0.009172488758105573)	(45, 0.01172778396871723)	(50, 0.014633089079927414)	(55, 0.01769712479574024)	(60, 0.021108941049727402)	(65, 0.024771783512678853)	(70, 0.028986170239376007)	(75, 0.0339268832438757)	(80, 0.0402181440049524)	(85, 0.04776408993836571)	(90, 0.05880968900527944)	(95, 0.07336029167551165)	(100, 0.09493606121686538)	(105, 0.12568877824117303)	(110, 0.17254997639774)	(115, 0.23805488663536017)	(120, 0.3318419344587958)	(125, 0.4630965389282126)	(130, 0.6369288445923493)	(135, 0.868686228251845)	(140, 1.0198998686325897)
NG-13640_CMK_lib259808_5981_3_2 - polya	(1, 0.029828869235721502)	(2, 0.03703862731556629)	(3, 0.040119606185803)	(4, 0.0431626858948284)	(5, 0.046564692954149105)	(6, 0.04884087198925162)	(7, 0.0520132547188803)	(8, 0.058320121016926345)	(9, 0.06817613229428993)	(10, 0.08194155351872086)	(15, 0.105705219343179)	(20, 0.1287942800980759)	(25, 0.14781921315366633)	(30, 0.1654606038888017)	(35, 0.18190081414978115)	(40, 0.1994445588107368)	(45, 0.21905715180134494)	(50, 0.24002787238077222)	(55, 0.264570031563759)	(60, 0.2843734579778782)	(65, 0.30563934614226895)	(70, 0.35639791568881257)	(75, 0.38129365175227664)	(80, 0.40445583559468706)	(85, 0.43334569737733786)	(90, 0.456907382966164)	(95, 0.4824607809447655)	(100, 0.5036303606524309)	(105, 0.52423635753926)	(110, 0.5470427351387691)	(115, 0.5698031878723397)	(120, 0.5930830820507477)	(125, 0.6161676840807961)	(130, 0.6406456376259662)	(135, 0.6668098809087969)	(140, 0.6812151291489716)
NG-13640_CML_T1_lib259818_5981_7_1 - illumina_universal_adapter	(1, 3.8699685997577174e-05)	(2, 4.3252590232586254e-05)	(3, 9.78874410526952e-05)	(4, 0.00020943359481041763)	(5, 0.0003050445837456083)	(6, 0.0003687852430357354)	(7, 0.00045301397138340334)	(8, 0.0005099252743210169)	(9, 0.0005713894814936394)	(10, 0.0008295391516186541)	(15, 0.0012060643318539052)	(20, 0.0016431431384147765)	(25, 0.0020196683186500274)	(30, 0.0024644870624104145)	(35, 0.0029826075643544477)	(40, 0.0036213800285262213)	(45, 0.004404479556947782)	(50, 0.005357857703758684)	(55, 0.006517482412415497)	(60, 0.007917955755104289)	(65, 0.009918046585543776)	(70, 0.012697594621016823)	(75, 0.017043797003756488)	(80, 0.024108538505220073)	(85, 0.035723452499151744)	(90, 0.054505548339834696)	(95, 0.08676742774910903)	(100, 0.13833544227651584)	(105, 0.2217865345808443)	(110, 0.35242073934384227)	(115, 0.5479306424227551)	(120, 0.831232376703654)	(125, 1.223352164524658)	(130, 1.7524337834144756)	(135, 2.429757964196189)	(140, 2.908816368965538)
NG-13640_CML_T1_lib259818_5981_7_1 - polya	(1, 0.0028023125566480882)	(2, 0.008302220872539056)	(3, 0.010988434371194412)	(4, 0.014496447084268907)	(5, 0.016351755560035108)	(6, 0.017699415213597795)	(7, 0.02036514064319561)	(8, 0.024269256024715895)	(9, 0.030258601545870338)	(10, 0.04027817789585482)	(15, 0.05361363440019641)	(20, 0.06961436104371233)	(25, 0.09080858554810309)	(30, 0.10854032638176944)	(35, 0.1214632897624192)	(40, 0.13336594730400345)	(45, 0.14794844427831405)	(50, 0.16092148960554892)	(55, 0.17542157901320582)	(60, 0.186561625095426)	(65, 0.20524401233336226)	(70, 0.2207166020856171)	(75, 0.23422552424131257)	(80, 0.24601208272490407)	(85, 0.2580176359021995)	(90, 0.2697436407594654)	(95, 0.28403247541061794)	(100, 0.29750133200904527)	(105, 0.3103232209156778)	(110, 0.32244623902223646)	(115, 0.33369145719228543)	(120, 0.3452294271046454)	(125, 0.35706652282524554)	(130, 0.37091782337941365)	(135, 0.38544158788909255)	(140, 0.3939969502370982)
NG-13640_CML_T1_lib259818_5981_7_2 - illumina_universal_adapter	(1, 3.4146781762568093e-05)	(2, 3.8699685997577174e-05)	(3, 8.650518046517251e-05)	(4, 0.00019805133422289494)	(5, 0.00029138587104058104)	(6, 0.00035512653033070816)	(7, 0.00043480235444336705)	(8, 0.0004962665616159896)	(9, 0.0005645601251411258)	(10, 0.0008331814750066615)	(15, 0.0012666179581795258)	(20, 0.0018780729969412452)	(25, 0.0026821158848438485)	(30, 0.003833545365877644)	(35, 0.005203058959768376)	(40, 0.006833453966325126)	(45, 0.00863503817211822)	(50, 0.010689308562954317)	(55, 0.01306319283108805)	(60, 0.015712072515016332)	(65, 0.018871788054112635)	(70, 0.022785919824949936)	(75, 0.028236201484679306)	(80, 0.03637315193348754)	(85, 0.04903842093443579)	(90, 0.0688030335090337)	(95, 0.10198687602589737)	(100, 0.15447275604708205)	(105, 0.23891729205548945)	(110, 0.37034142570326145)	(115, 0.5665060364111687)	(120, 0.8509409885561615)	(125, 1.2444662579145125)	(130, 1.7740405010425584)	(135, 2.449472950114625)	(140, 2.9263017976800905)
NG-13640_CML_T1_lib259818_5981_7_2 - polya	(1, 0.015181659171637774)	(2, 0.01924284974926587)	(3, 0.02044481646730827)	(4, 0.021890363561923653)	(5, 0.023194770625253755)	(6, 0.02400518757908537)	(7, 0.02524813043524285)	(8, 0.028655979255147145)	(9, 0.03350482226543181)	(10, 0.040408390956976084)	(15, 0.05485339022338938)	(20, 0.06887496939594684)	(25, 0.08147467657591097)	(30, 0.09344835942356133)	(35, 0.10490938525434972)	(40, 0.11716398229330013)	(45, 0.13195818931453865)	(50, 0.1472363700559586)	(55, 0.16526177321278307)	(60, 0.17864139288820424)	(65, 0.1937165141007428)	(70, 0.22056954327882633)	(75, 0.23827669842962368)	(80, 0.2549799381966015)	(85, 0.27809730944986005)	(90, 0.29486520045697506)	(95, 0.3124539800976621)	(100, 0.3268488974174903)	(105, 0.3408540861348017)	(110, 0.3566403709888487)	(115, 0.3741531171288111)	(120, 0.39261969670600794)	(125, 0.41167542209121494)	(130, 0.43171093246779585)	(135, 0.4537674770342973)	(140, 0.4646443652517341)
NG-13640_CRO_AP2_lib241209_5808_6_1 - illumina_universal_adapter	(1, 0.00011873087969044485)	(2, 0.00011873087969044485)	(3, 0.00015138187160531718)	(4, 0.00022855694340410634)	(5, 0.0002879223832493288)	(6, 0.0003235416471564622)	(7, 0.0003621291830558568)	(8, 0.0004066532629397736)	(9, 0.0004482090708314293)	(10, 0.0005758447664986576)	(15, 0.0007717507179878916)	(20, 0.0009646883974848645)	(25, 0.0012811061918599)	(30, 0.0016562957716817056)	(35, 0.0022469818981416686)	(40, 0.0029902372050038535)	(45, 0.003649787241684275)	(50, 0.004279654558442084)	(55, 0.005032408335679505)	(60, 0.005999471350758178)	(65, 0.007224180374765117)	(70, 0.00884782515453195)	(75, 0.011245001615482031)	(80, 0.014613396672299953)	(85, 0.019893358892134037)	(90, 0.028041859165289264)	(95, 0.04080067949682446)	(100, 0.06026363895008065)	(105, 0.08954801677133042)	(110, 0.13196343623194493)	(115, 0.1924378224934761)	(120, 0.2758634814535687)	(125, 0.38604276953430927)	(130, 0.529210245228243)	(135, 0.7104238440101829)	(140, 0.8380262950310978)
NG-13640_CRO_AP2_lib241209_5808_6_1 - polya	(1, 0.002715968872918926)	(2, 0.006981375725798157)	(3, 0.009789361030477178)	(4, 0.014226927658907554)	(5, 0.016871658004012212)	(6, 0.019703389484629324)	(7, 0.023603698882460437)	(8, 0.028967366372476284)	(9, 0.037049971007403315)	(10, 0.05086608982258193)	(15, 0.06568726553434016)	(20, 0.08023773484040417)	(25, 0.10006104251352085)	(30, 0.11814553645357095)	(35, 0.13139471531822772)	(40, 0.14375638085719838)	(45, 0.1580492041543341)	(50, 0.17155068613833305)	(55, 0.18592840201444746)	(60, 0.19865100942767708)	(65, 0.21566633179611477)	(70, 0.23057240008685165)	(75, 0.24434815040293553)	(80, 0.2567383113530319)	(85, 0.26878830833281514)	(90, 0.2817115709327216)	(95, 0.29650009565256497)	(100, 0.31145603091277185)	(105, 0.32737606091606514)	(110, 0.34197342891960686)	(115, 0.3539640604595449)	(120, 0.36576769086397043)	(125, 0.3779542283553977)	(130, 0.3923723127306069)	(135, 0.40724810464702277)	(140, 0.41556698373253376)
NG-13640_CRO_AP2_lib241209_5808_6_2 - illumina_universal_adapter	(1, 0.00012169915168270597)	(2, 0.00012169915168270597)	(3, 0.00015731841558983944)	(4, 0.0002374617593808897)	(5, 0.0002908906552415899)	(6, 0.00034135127911002897)	(7, 0.00038290708700168465)	(8, 0.0004303994388778626)	(9, 0.00048086006274630164)	(10, 0.0006773596686339879)	(15, 0.0010976669827381627)	(20, 0.0017649345265984627)	(25, 0.003008640491355873)	(30, 0.004635847197513419)	(35, 0.006772409377542974)	(40, 0.009331653489270514)	(45, 0.012032187347829681)	(50, 0.014795648572624786)	(55, 0.01782744158552029)	(60, 0.021113318680953355)	(65, 0.024774979010606674)	(70, 0.028817171809667873)	(75, 0.033504073285448174)	(80, 0.03926667653122392)	(85, 0.04687554495618608)	(90, 0.05717366780613682)	(95, 0.07179418833121819)	(100, 0.09287426236585822)	(105, 0.1235513534058769)	(110, 0.16641913751811205)	(115, 0.22545866109858417)	(120, 0.30563287491835395)	(125, 0.4099326098368238)	(130, 0.543078011976087)	(135, 0.7101175183405817)	(140, 0.8276492161461529)
NG-13640_CRO_AP2_lib241209_5808_6_2 - polya	(1, 0.012407376927651486)	(2, 0.017373295970704344)	(3, 0.01925221214180563)	(4, 0.02216111869422153)	(5, 0.02432795724857215)	(6, 0.026002062652207423)	(7, 0.027946280807138457)	(8, 0.03299827973796689)	(9, 0.03960565319274014)	(10, 0.0502564067553715)	(15, 0.06774130975298484)	(20, 0.08515972345797157)	(25, 0.09932906664022925)	(30, 0.1116687669664572)	(35, 0.1237341989606002)	(40, 0.1368444626960191)	(45, 0.15141155432523978)	(50, 0.16682638443545028)	(55, 0.18437777672569028)	(60, 0.1992126064886129)	(65, 0.21443984180891246)	(70, 0.2379764577443478)	(75, 0.2547709406765612)	(80, 0.27030034608567294)	(85, 0.29122310170472315)	(90, 0.3082022111548552)	(95, 0.32562834236702176)	(100, 0.34037649858777036)	(105, 0.3553330275023757)	(110, 0.37037207437836595)	(115, 0.3854811724733735)	(120, 0.4004976604822225)	(125, 0.4170344974055077)	(130, 0.43353215313849497)	(135, 0.45208147847253316)	(140, 0.4622044732749405)
NG-13640_CRO_AP5_lib227485_5684_6_1 - illumina_universal_adapter	(1, 0.004464579465707604)	(2, 0.0044661269802537765)	(3, 0.004472317038438466)	(4, 0.004478507096623156)	(5, 0.004548145251200918)	(6, 0.00455588282393178)	(7, 0.00456207288211647)	(8, 0.0045713579693935046)	(9, 0.0045806430566705395)	(10, 0.004639448609425094)	(15, 0.004749631645112574)	(20, 0.0049430709633841345)	(25, 0.005316021969011703)	(30, 0.0058037985539652675)	(35, 0.006847442363903988)	(40, 0.008121356338313172)	(45, 0.009180165790804384)	(50, 0.010309851409510294)	(55, 0.0117580155218185)	(60, 0.013813733844954023)	(65, 0.016973758548238228)	(70, 0.021817788580667324)	(75, 0.02954452870970651)	(80, 0.04216884287447237)	(85, 0.06399467853077978)	(90, 0.09944637976613588)	(95, 0.15893748146464454)	(100, 0.25505825247105574)	(105, 0.40726126013366687)	(110, 0.6346753317577158)	(115, 0.9638750061358952)	(120, 1.4120794776234658)	(125, 1.998153567544089)	(130, 2.7380701020375384)	(135, 3.634865614146314)	(140, 4.247857791088879)
NG-13640_CRO_AP5_lib227485_5684_6_1 - polya	(1, 0.006026021642795636)	(2, 0.010520003884880516)	(3, 0.0136305081226872)	(4, 0.017770109533698585)	(5, 0.020458142300400183)	(6, 0.023693995216446835)	(7, 0.028054891207560884)	(8, 0.03437803564322164)	(9, 0.043663122920256515)	(10, 0.058095243577861055)	(15, 0.07417113418641)	(20, 0.09085550751451398)	(25, 0.11406451167219037)	(30, 0.13405128104182643)	(35, 0.14828810536370396)	(40, 0.1610250785874312)	(45, 0.17533773112207124)	(50, 0.18859033619258309)	(55, 0.2025365372826895)	(60, 0.2151060694325208)	(65, 0.282416762132839)	(70, 0.3112017707032841)	(75, 0.32555032557539526)	(80, 0.33782335393818)	(85, 0.3501684964788163)	(90, 0.3634916682126337)	(95, 0.3799030599747929)	(100, 0.39692788650305477)	(105, 0.4150752800831102)	(110, 0.43074788840092665)	(115, 0.4427309125377586)	(120, 0.45482845275100725)	(125, 0.4679269253727204)	(130, 0.48427394052975875)	(135, 0.5019561512372348)	(140, 0.5122211247249061)
NG-13640_CRO_AP5_lib227485_5684_6_2 - illumina_universal_adapter	(1, 0.004493982242084881)	(2, 0.004497077271177226)	(3, 0.004504814843908089)	(4, 0.0045140999311851235)	(5, 0.00458683311485523)	(6, 0.004602308260316955)	(7, 0.004610045833047817)	(8, 0.004627068493055714)	(9, 0.004645638667609784)	(10, 0.0047530361771141545)	(15, 0.004989805902678543)	(20, 0.005469225909082777)	(25, 0.006631099830349074)	(30, 0.008257228115467117)	(35, 0.010689301976231786)	(40, 0.013299340009806291)	(45, 0.015718414748383112)	(50, 0.018259433633198326)	(55, 0.021180831593462728)	(60, 0.024780659930769153)	(65, 0.02947612856676569)	(70, 0.03585126949117783)	(75, 0.04503329229943763)	(80, 0.05917293270781558)	(85, 0.08239338847313363)	(90, 0.11923444826804339)	(95, 0.1803835570513212)	(100, 0.2782545670094535)	(105, 0.4323687551365877)	(110, 0.6618063567812118)	(115, 0.994197315656508)	(120, 1.4467533980479157)	(125, 2.0375118144998026)	(130, 2.7833686383301894)	(135, 3.684581375959559)	(140, 4.297045540938971)
NG-13640_CRO_AP5_lib227485_5684_6_2 - polya	(1, 0.02287381250697542)	(2, 0.027038174150725566)	(3, 0.028717227433322706)	(4, 0.03131086181270778)	(5, 0.033355128528201626)	(6, 0.0350775122180916)	(7, 0.03709082864266199)	(8, 0.0418757436194273)	(9, 0.04865230981711659)	(10, 0.058439410812929825)	(15, 0.07632620294340982)	(20, 0.0929821020038642)	(25, 0.1072690657970378)	(30, 0.11988347586870811)	(35, 0.13231837425302248)	(40, 0.14633514200643433)	(45, 0.1617078420052025)	(50, 0.1786444602043326)	(55, 0.19785716279797314)	(60, 0.2145907470886454)	(65, 0.23299595659209316)	(70, 0.33913502726751577)	(75, 0.3599382653117124)	(80, 0.37789624311131637)	(85, 0.4024020644586853)	(90, 0.4221774433413142)	(95, 0.4425436632776717)	(100, 0.45966288819325013)	(105, 0.4772355348708571)	(110, 0.49593105810316684)	(115, 0.5146460800187583)	(120, 0.5337721217978132)	(125, 0.5546202377638488)	(130, 0.5760465051643345)	(135, 0.600662509547391)	(140, 0.614323039452274)
NG-13640_DAUDI_lib227475_5697_7_1 - illumina_universal_adapter	(1, 9.031389058810104e-05)	(2, 9.322724189739462e-05)	(3, 0.00010488064713456895)	(4, 0.00013984086284609193)	(5, 0.00018062778117620208)	(6, 0.00019228118641337642)	(7, 0.0002097612942691379)	(8, 0.00023598145605278014)	(9, 0.00025054821259924806)	(10, 0.00033794875187805555)	(15, 0.0005144978412212466)	(20, 0.0007935968966515716)	(25, 0.0012288515822600327)	(30, 0.0017643255529081934)	(35, 0.002830612132109644)	(40, 0.0038473717390531043)	(45, 0.004649126019370698)	(50, 0.005541194190276393)	(55, 0.006643023655451224)	(60, 0.008059495062029767)	(65, 0.010164100047863448)	(70, 0.013722467337034628)	(75, 0.020169713784501324)	(80, 0.031267251591862444)	(85, 0.0519543765688943)	(90, 0.08930994972691847)	(95, 0.15545059916128695)	(100, 0.2670476864043013)	(105, 0.4463667901723688)	(110, 0.719588450671325)	(115, 1.111275132789824)	(120, 1.6461827479434579)	(125, 2.3369715555818926)	(130, 3.201576146365139)	(135, 4.241809790148101)	(140, 4.939202582534441)
NG-13640_DAUDI_lib227475_5697_7_1 - polya	(1, 0.004215619344547813)	(2, 0.009214930191295599)	(3, 0.012643944682334145)	(4, 0.017474281153142906)	(5, 0.020524559973973285)	(6, 0.023673892739319646)	(7, 0.028253680997529156)	(8, 0.03393180269934235)	(9, 0.04284665770578071)	(10, 0.05747517730000564)	(15, 0.07460801367969934)	(20, 0.09342534978642658)	(25, 0.12228850387785997)	(30, 0.14762242419321508)	(35, 0.16488461337104143)	(40, 0.17957489601302337)	(45, 0.195936859636278)	(50, 0.21084214760488584)	(55, 0.2266977707705852)	(60, 0.24011258820935844)	(65, 0.25563142796370353)	(70, 0.2731901963048159)	(75, 0.29124831306034127)	(80, 0.3073270989363325)	(85, 0.3224036919619268)	(90, 0.3378968942247501)	(95, 0.3579593966810694)	(100, 0.3767726540959636)	(105, 0.39636435898070116)	(110, 0.41483325827083684)	(115, 0.42920598562010576)	(120, 0.44320405599099966)	(125, 0.457426454412709)	(130, 0.47424989288335573)	(135, 0.49354268792375977)	(140, 0.5042748914769354)
NG-13640_DAUDI_lib227475_5697_7_2 - illumina_universal_adapter	(1, 9.031389058810104e-05)	(2, 9.322724189739462e-05)	(3, 9.614059320668821e-05)	(4, 0.00013401416022750477)	(5, 0.0001748010785576149)	(6, 0.00019228118641337642)	(7, 0.00020684794295984432)	(8, 0.00023889480736207373)	(9, 0.0002592882665271288)	(10, 0.0004008771401587969)	(15, 0.0007195977733955147)	(20, 0.0013016853649923724)	(25, 0.002629008221506528)	(30, 0.00446208886531405)	(35, 0.0069710670128776825)	(40, 0.00960998062883581)	(45, 0.012095651965925094)	(50, 0.014873823774467453)	(55, 0.017827379331829287)	(60, 0.02104954587990799)	(65, 0.024941200558862352)	(70, 0.03023126386627764)	(75, 0.03838748219177596)	(80, 0.051382777042010906)	(85, 0.07389540794944613)	(90, 0.11306658164342205)	(95, 0.18108401199123747)	(100, 0.2948946635590531)	(105, 0.47673847757175436)	(110, 0.7509104732678021)	(115, 1.1422784347530648)	(120, 1.6784859872609055)	(125, 2.3731437254380814)	(130, 3.241785055795485)	(135, 4.282513969301027)	(140, 4.978317237213017)
NG-13640_DAUDI_lib227475_5697_7_2 - polya	(1, 0.007732034374865166)	(2, 0.011871906585371347)	(3, 0.013459683048936348)	(4, 0.016611929165592003)	(5, 0.01893387015909899)	(6, 0.020882902185016396)	(7, 0.023201929827214085)	(8, 0.028932491852594562)	(9, 0.03761136540298014)	(10, 0.04977227643823341)	(15, 0.07242533087877659)	(20, 0.09285375025954319)	(25, 0.10982110828486902)	(30, 0.12573558114701613)	(35, 0.1417496906239411)	(40, 0.15974546166144754)	(45, 0.18007133107612702)	(50, 0.20219299023785503)	(55, 0.2282331069105829)	(60, 0.248098666818394)	(65, 0.2704137725070591)	(70, 0.29678659389930834)	(75, 0.32229123660138803)	(80, 0.3447572538878746)	(85, 0.3767289538263242)	(90, 0.40095929666571895)	(95, 0.42513661651128454)	(100, 0.4442394610463225)	(105, 0.46337027375392975)	(110, 0.4837689769513416)	(115, 0.5046326510177166)	(120, 0.5251915885371397)	(125, 0.5486609640145469)	(130, 0.5734605756997776)	(135, 0.6002371875834948)	(140, 0.6143616974012119)
NG-13640_DEL_lib250969_5908_5_1 - illumina_universal_adapter	(1, 5.816869701595166e-05)	(2, 5.816869701595166e-05)	(3, 9.694782835991943e-05)	(4, 0.00022685791836221149)	(5, 0.0003082940941845438)	(6, 0.0003858523568724793)	(7, 0.0004323873144852407)	(8, 0.0004963728812027875)	(9, 0.0005467857519499456)	(10, 0.0007612343482820874)	(15, 0.0011362285483782558)	(20, 0.0014480127643837566)	(25, 0.001769879554538689)	(30, 0.0021378935109929434)	(35, 0.0027416845860185218)	(40, 0.003343924495790341)	(45, 0.0038724840560086225)	(50, 0.004409187233809135)	(55, 0.004962177646774117)	(60, 0.005644302567114509)	(65, 0.006430743350770175)	(70, 0.00741301874771288)	(75, 0.008722977804512111)	(80, 0.01069916233780071)	(85, 0.013919381404603793)	(90, 0.019052962811918248)	(95, 0.027924464689477752)	(100, 0.04244220809071897)	(105, 0.06637901470409652)	(110, 0.1033812862498837)	(115, 0.1589285139869831)	(120, 0.23937543416873086)	(125, 0.350085588451311)	(130, 0.4968262092481985)	(135, 0.6861102516686126)	(140, 0.826429823897566)
NG-13640_DEL_lib250969_5908_5_1 - polya	(1, 0.004170695576043734)	(2, 0.009454352221659343)	(3, 0.012750578385896603)	(4, 0.017739513633298058)	(5, 0.020403639956628646)	(6, 0.0228641758404034)	(7, 0.02704068828614873)	(8, 0.032060646838625355)	(9, 0.040188752768321005)	(10, 0.05445443181582643)	(15, 0.06916800983035468)	(20, 0.08433685484686113)	(25, 0.10489057004179089)	(30, 0.12338045986659474)	(35, 0.13689227260077344)	(40, 0.14975143255443318)	(45, 0.16363979065396175)	(50, 0.1770135496805559)	(55, 0.19138470796531695)	(60, 0.20428419821557436)	(65, 0.2185886563944238)	(70, 0.23372764147979538)	(75, 0.24806700087685432)	(80, 0.2604371559842666)	(85, 0.27261070089576495)	(90, 0.2852550244617791)	(95, 0.30172801166538316)	(100, 0.3176522741604701)	(105, 0.3327885447066476)	(110, 0.3462526591092733)	(115, 0.3576471312720713)	(120, 0.3700296957015136)	(125, 0.38252200507265943)	(130, 0.39671594272717847)	(135, 0.4111619447354333)	(140, 0.4186808305117153)
NG-13640_DEL_lib250969_5908_5_2 - illumina_universal_adapter	(1, 5.816869701595166e-05)	(2, 6.010765358315005e-05)	(3, 0.00010664261119591137)	(4, 0.0002462474840341954)	(5, 0.0003315615729909245)	(6, 0.00042075357508205034)	(7, 0.000478922272098002)	(8, 0.0005564805347859376)	(9, 0.000608832362100294)	(10, 0.0009047171342547681)	(15, 0.0019428344803327855)	(20, 0.0029669913391269743)	(25, 0.004312627196762656)	(30, 0.005977803096672633)	(35, 0.007962906830170343)	(40, 0.01019154350850817)	(45, 0.012553580398669249)	(50, 0.014897391097098662)	(55, 0.017583621525295308)	(60, 0.020423417313614068)	(65, 0.023402042392144235)	(70, 0.02672308720044163)	(75, 0.030353977268177335)	(80, 0.034712363839925875)	(85, 0.040213183621067704)	(90, 0.04763628494293002)	(95, 0.058825227709605035)	(100, 0.07570113008787292)	(105, 0.10164902245274865)	(110, 0.14095361102642717)	(115, 0.19906375155404946)	(120, 0.28132824962188896)	(125, 0.39295204023893293)	(130, 0.5398904346056747)	(135, 0.7296448678892913)	(140, 0.8729240634224161)
NG-13640_DEL_lib250969_5908_5_2 - polya	(1, 0.01354942849158234)	(2, 0.01871093087346445)	(3, 0.02089031805499544)	(4, 0.024436669616401292)	(5, 0.026776990193009748)	(6, 0.02862481580154981)	(7, 0.030716949937556873)	(8, 0.03648922363810648)	(9, 0.044714277396162044)	(10, 0.05698981142309504)	(15, 0.07928277065880178)	(20, 0.09928970010178165)	(25, 0.11539700009681209)	(30, 0.1306092777404238)	(35, 0.14556406195191152)	(40, 0.16201843517247047)	(45, 0.17979944247630658)	(50, 0.1990288503358399)	(55, 0.22178793473030112)	(60, 0.23935837135093946)	(65, 0.25812010288646453)	(70, 0.2806852916242059)	(75, 0.3006580954316031)	(80, 0.3189044523115668)	(85, 0.3448306283628899)	(90, 0.36569341323463117)	(95, 0.38731161558495286)	(100, 0.40480565731684354)	(105, 0.42220003668118034)	(110, 0.4406953555843723)	(115, 0.4596149181844673)	(120, 0.47925499704493324)	(125, 0.5012908506398295)	(130, 0.5232759035726652)	(135, 0.5462393539893091)	(140, 0.5580801739538762)
NG-13640_DERL7_lib236383_5767_8_1 - illumina_universal_adapter	(1, 5.712570912172199e-05)	(2, 5.712570912172199e-05)	(3, 8.719187181736514e-05)	(4, 0.00014431758093908713)	(5, 0.00017438374363473028)	(6, 0.0002134697551390664)	(7, 0.00025255576664340247)	(8, 0.0003036682432259958)	(9, 0.00032471455711294603)	(10, 0.000553217393599834)	(15, 0.0010246548246675186)	(20, 0.0015808788345369168)	(25, 0.0023156958508184352)	(30, 0.003193627801531215)	(35, 0.004417320623243891)	(40, 0.0062242970012520455)	(45, 0.008369217047959229)	(50, 0.011242339555154888)	(55, 0.015594115943722276)	(60, 0.02291642920661921)	(65, 0.035541812245773685)	(70, 0.05785331025895655)	(75, 0.09446968715947252)	(80, 0.1598930558619381)	(85, 0.2614625666803598)	(90, 0.43528287042617375)	(95, 0.6904471773450502)	(100, 1.0844732593202624)	(105, 1.6298716466494674)	(110, 2.3873266794710437)	(115, 3.3574643352923146)	(120, 4.549540782960761)	(125, 5.99113511219384)	(130, 7.585669997827118)	(135, 9.438159330277427)	(140, 10.514052909410863)
NG-13640_DERL7_lib236383_5767_8_1 - polya	(1, 0.015944086077499562)	(2, 0.022615767579662778)	(3, 0.0268520899034789)	(4, 0.0318731390736513)	(5, 0.03510525156343294)	(6, 0.03796153701951904)	(7, 0.042784149515900205)	(8, 0.04942275823909821)	(9, 0.05991584901987767)	(10, 0.07695554606600648)	(15, 0.09573667525546692)	(20, 0.1148785983972751)	(25, 0.14238372535450336)	(30, 0.167822705611287)	(35, 0.18372048979823533)	(40, 0.1975437087591842)	(45, 0.21292615891752914)	(50, 0.22717812135851792)	(55, 0.24218534580642123)	(60, 0.25511319444229386)	(65, 0.2819562644969641)	(70, 0.3014836358445304)	(75, 0.31746199734750297)	(80, 0.3314872609217666)	(85, 0.3443140872509819)	(90, 0.35791662057774476)	(95, 0.37529967320185775)	(100, 0.3930146562621308)	(105, 0.4103628321375169)	(110, 0.4266226129233206)	(115, 0.43927265021588563)	(120, 0.4534416300478344)	(125, 0.469040556577588)	(130, 0.49029613095689983)	(135, 0.5185366762536635)	(140, 0.5389810655634469)
NG-13640_DERL7_lib236383_5767_8_2 - illumina_universal_adapter	(1, 6.01323253912863e-05)	(2, 6.01323253912863e-05)	(3, 9.019848808692945e-05)	(4, 0.00014131096466952283)	(5, 0.0001773903599042946)	(6, 0.00021948298767819502)	(7, 0.00026157561545209543)	(8, 0.0003307277896520747)	(9, 0.0003547807198085892)	(10, 0.0006349973561319834)	(15, 0.0013193032190848214)	(20, 0.0023644030343853775)	(25, 0.004209864100643955)	(30, 0.006766089253027535)	(35, 0.009932056184878758)	(40, 0.01400722387664623)	(45, 0.018586300455192682)	(50, 0.024036694428658873)	(55, 0.03120146099903064)	(60, 0.041362621343650194)	(65, 0.05685210704119163)	(70, 0.0817998061995285)	(75, 0.12045827687033255)	(80, 0.18717809850823425)	(85, 0.289437327098894)	(90, 0.4622371852828178)	(95, 0.713960119219551)	(100, 1.1000481329198595)	(105, 1.6326774209522248)	(110, 2.371488426286233)	(115, 3.318549700915343)	(120, 4.483697089303809)	(125, 5.890717135406662)	(130, 7.442648869823468)	(135, 9.241035345149475)	(140, 10.286584348920705)
NG-13640_DERL7_lib236383_5767_8_2 - polya	(1, 0.015799768496560476)	(2, 0.023117872496680018)	(3, 0.025559244907566243)	(4, 0.02833134510810454)	(5, 0.031157564401495)	(6, 0.03304271280251182)	(7, 0.03624475912959782)	(8, 0.043367433072195684)	(9, 0.055186441627853)	(10, 0.07014495889218939)	(15, 0.09664467336887536)	(20, 0.12197421279344689)	(25, 0.14254668395631373)	(30, 0.16131278006442637)	(35, 0.17962547843908871)	(40, 0.20001875527228954)	(45, 0.2242346440306145)	(50, 0.24952690141344336)	(55, 0.2804902384039245)	(60, 0.3029057653400343)	(65, 0.32771275485695556)	(70, 0.37648488133532004)	(75, 0.4048571164246907)	(80, 0.4317921889372095)	(85, 0.46733039324345976)	(90, 0.4933159763380502)	(95, 0.5212877301403147)	(100, 0.5442654943188332)	(105, 0.5659888981896892)	(110, 0.5900773064181847)	(115, 0.6155643925352814)	(120, 0.6419324172193603)	(125, 0.6686882954022132)	(130, 0.6980635376791106)	(135, 0.7327412484090114)	(140, 0.7548380740205474)
NG-13640_DND_41_lib241218_5808_7_1 - illumina_universal_adapter	(1, 0.00011974091766500203)	(2, 0.00012246230215738843)	(3, 0.00023403906634523124)	(4, 0.0004871278241371674)	(5, 0.0006721819696194432)	(6, 0.0008273008856854685)	(7, 0.0009660914947971755)	(8, 0.0010803896434774048)	(9, 0.0011647525627413835)	(10, 0.0016181352191729594)	(15, 0.0021923473470664917)	(20, 0.0026604254797569543)	(25, 0.003108365367203757)	(30, 0.0036205299286708797)	(35, 0.00442551546151878)	(40, 0.005393239787011387)	(45, 0.006295106607788243)	(50, 0.0074892501230474)	(55, 0.009037173622316787)	(60, 0.0109655466736218)	(65, 0.013637401968246777)	(70, 0.017512653485405025)	(75, 0.023223206704228665)	(80, 0.03212431110192614)	(85, 0.045807432329645)	(90, 0.06647961321071065)	(95, 0.09756925392863147)	(100, 0.14270450428865705)	(105, 0.20703422375038244)	(110, 0.2964170088490171)	(115, 0.41342184654537384)	(120, 0.5629738984937737)	(125, 0.7505094023562073)	(130, 0.9821541946250371)	(135, 1.2639736970568936)	(140, 1.457592583813608)
NG-13640_DND_41_lib241218_5808_7_1 - polya	(1, 0.0024819026570564056)	(2, 0.00871659452911367)	(3, 0.012417677438759187)	(4, 0.017958416265257918)	(5, 0.02073967121647683)	(6, 0.023112718493837777)	(7, 0.02696892031954932)	(8, 0.032792683133256235)	(9, 0.042497140233106176)	(10, 0.05847983135689157)	(15, 0.07703586365667754)	(20, 0.09785554357723052)	(25, 0.12474499946960216)	(30, 0.14734936334026214)	(35, 0.16335110415549425)	(40, 0.17827027821965502)	(45, 0.19644858235189777)	(50, 0.21369290732635352)	(55, 0.2319267277022409)	(60, 0.24673214789461992)	(65, 0.2667435766209342)	(70, 0.287566522202878)	(75, 0.3050029769224962)	(80, 0.3201610885450885)	(85, 0.3349414720001376)	(90, 0.35129916990697385)	(95, 0.3710270303691814)	(100, 0.3912142605337038)	(105, 0.41076142106561686)	(110, 0.42802425145462075)	(115, 0.4427453087277359)	(120, 0.45694277162451574)	(125, 0.4721411597375954)	(130, 0.4899586082861477)	(135, 0.5091797469558729)	(140, 0.5198960148099921)
NG-13640_DND_41_lib241218_5808_7_2 - illumina_universal_adapter	(1, 0.00012246230215738843)	(2, 0.00012246230215738843)	(3, 0.00023131768185284484)	(4, 0.0004952919776143265)	(5, 0.0006749033541118296)	(6, 0.0008300222701778549)	(7, 0.0009579273413200162)	(8, 0.0010803896434774048)	(9, 0.001175638100710929)	(10, 0.0016529689406755053)	(15, 0.002360528908695972)	(20, 0.0030953027216403025)	(25, 0.004211070363518731)	(30, 0.0057862077077119834)	(35, 0.007860446967808906)	(40, 0.010271049351164787)	(45, 0.012708321302546058)	(50, 0.015566863573348744)	(55, 0.018929406252141387)	(60, 0.02273444604939607)	(65, 0.02737603943961033)	(70, 0.03306645441319032)	(75, 0.04059108253463873)	(80, 0.051258909744793454)	(85, 0.06655526769959899)	(90, 0.08847384267817762)	(95, 0.12026668914893109)	(100, 0.1652136197020835)	(105, 0.22813856048883902)	(110, 0.3142861637029247)	(115, 0.4261905825836509)	(120, 0.5691411000304196)	(125, 0.7469536413784553)	(130, 0.9653398484003783)	(135, 1.229555803104784)	(140, 1.4096826098251451)
NG-13640_DND_41_lib241218_5808_7_2 - polya	(1, 0.011255646260510191)	(2, 0.016298371724902207)	(3, 0.01820061948508031)	(4, 0.021463559491451616)	(5, 0.023610731855944492)	(6, 0.025268055011807816)	(7, 0.027298207843128076)	(8, 0.03300495112366238)	(9, 0.04092145861201445)	(10, 0.05307897169330149)	(15, 0.07419691535422004)	(20, 0.09443367471650385)	(25, 0.11093887166282743)	(30, 0.12564360062898816)	(35, 0.14001523213328076)	(40, 0.15620638130918296)	(45, 0.1737048835952276)	(50, 0.19233820321459735)	(55, 0.21370869135640932)	(60, 0.23066128391328125)	(65, 0.24937842217501646)	(70, 0.27643605962901757)	(75, 0.2976340119940123)	(80, 0.31733139294990514)	(85, 0.3431556989519567)	(90, 0.3634675685262304)	(95, 0.38352362795821976)	(100, 0.4002715724012642)	(105, 0.41742500313367426)	(110, 0.43507209301300315)	(115, 0.453032686385855)	(120, 0.47157293465558514)	(125, 0.49175308922042726)	(130, 0.5124171059480158)	(135, 0.5353001395906961)	(140, 0.5478228624708614)
NG-13640_DOHH2_lib236386_5774_8_1 - illumina_universal_adapter	(1, 7.147613223043619e-05)	(2, 7.487975757474268e-05)	(3, 8.509063360766213e-05)	(4, 0.00014635588980517887)	(5, 0.0001871993939368567)	(6, 0.00022463927272422802)	(7, 0.0002722900275445188)	(8, 0.00029271177961035774)	(9, 0.00031653715702050314)	(10, 0.00048127262368493696)	(15, 0.0006943395702385229)	(20, 0.0009114908672052767)	(25, 0.0011926303206449924)	(30, 0.001530950679869057)	(35, 0.0025479539327478346)	(40, 0.003411113320063959)	(45, 0.0039332294478805745)	(50, 0.0044921047294157)	(55, 0.005163980372381799)	(60, 0.006114953293581031)	(65, 0.007519969835710749)	(70, 0.00980924824229129)	(75, 0.013952141011381144)	(80, 0.021764822626702252)	(85, 0.03638815855598063)	(90, 0.06395275876938114)	(95, 0.11478454183646077)	(100, 0.20383835679503334)	(105, 0.35342973285250995)	(110, 0.5864146949209775)	(115, 0.9309834295521199)	(120, 1.4093180438398516)	(125, 2.039316161294674)	(130, 2.8361034929466844)	(135, 3.791676754161281)	(140, 4.4338516816478935)
NG-13640_DOHH2_lib236386_5774_8_1 - polya	(1, 0.0040162779062816525)	(2, 0.010224490534296683)	(3, 0.013607694126537328)	(4, 0.020159672914327312)	(5, 0.023345466236598184)	(6, 0.026187493399094097)	(7, 0.03083344199407245)	(8, 0.03643921293614523)	(9, 0.04634716631342141)	(10, 0.06381184868012685)	(15, 0.08364749646167619)	(20, 0.10436332175726318)	(25, 0.13470391880148005)	(30, 0.16099352096090333)	(35, 0.1792737119601046)	(40, 0.1949154125923995)	(45, 0.213066946553586)	(50, 0.23041250203324068)	(55, 0.2483999812528316)	(60, 0.26330037228513653)	(65, 0.28119527289536234)	(70, 0.3008988600135526)	(75, 0.31942479276261276)	(80, 0.335574995021347)	(85, 0.3512929368613543)	(90, 0.3684308711950064)	(95, 0.3897076139473351)	(100, 0.4097556479503692)	(105, 0.429750585398032)	(110, 0.44840994026058906)	(115, 0.46306935461851706)	(120, 0.4781208666161092)	(125, 0.49358285583022476)	(130, 0.511018947744038)	(135, 0.5294434524578379)	(140, 0.5396924490946136)
NG-13640_DOHH2_lib236386_5774_8_2 - illumina_universal_adapter	(1, 7.828338291904917e-05)	(2, 7.828338291904917e-05)	(3, 8.509063360766213e-05)	(4, 0.0001361450137722594)	(5, 0.00017698851790393723)	(6, 0.00022463927272422802)	(7, 0.00026888640220021234)	(8, 0.00028930815426605127)	(9, 0.00031653715702050314)	(10, 0.0005078209013705276)	(15, 0.0007998519559120241)	(20, 0.0012089677222976635)	(25, 0.002030602880413249)	(30, 0.003132696766899689)	(35, 0.00509590786549567)	(40, 0.0069794741310348785)	(45, 0.008553310490242199)	(50, 0.010327280019694737)	(55, 0.012148219578898707)	(60, 0.014203328561790962)	(65, 0.016873813006933833)	(70, 0.020534752427269886)	(75, 0.025929498597995666)	(80, 0.035094100200075314)	(85, 0.05106731394090565)	(90, 0.07985177347770558)	(95, 0.1319592353238313)	(100, 0.22227307238486613)	(105, 0.3735213332599512)	(110, 0.6083183854617275)	(115, 0.9544452997754934)	(120, 1.4339963697612803)	(125, 2.064893725032068)	(130, 2.8580827439700776)	(135, 3.807355894672363)	(140, 4.448078835587095)
NG-13640_DOHH2_lib236386_5774_8_2 - polya	(1, 0.015983424616863254)	(2, 0.022957452947347242)	(3, 0.025384237817837767)	(4, 0.029754492759927295)	(5, 0.03256929091966876)	(6, 0.034825894522943955)	(7, 0.037412649784616885)	(8, 0.043835290809323225)	(9, 0.052916163227932925)	(10, 0.06750410145363052)	(15, 0.09137236454311418)	(20, 0.11401464178357863)	(25, 0.13231525453484574)	(30, 0.14863087298531333)	(35, 0.16473682811457163)	(40, 0.18211505839753167)	(45, 0.2015899218925845)	(50, 0.2228346705666767)	(55, 0.24765867165284164)	(60, 0.2664643824052038)	(65, 0.28729456951235954)	(70, 0.3126985483571943)	(75, 0.33587791767699027)	(80, 0.3578653374012102)	(85, 0.38938699243990144)	(90, 0.41320420114922046)	(95, 0.43734543499131756)	(100, 0.4566378641679155)	(105, 0.47578461817977724)	(110, 0.4962492559249544)	(115, 0.5171400275632387)	(120, 0.5385849094075763)	(125, 0.5620706050083598)	(130, 0.5857435000030803)	(135, 0.6110072494837295)	(140, 0.6245039854240425)
NG-13640_ELF_153_lib259809_5981_3_1 - illumina_universal_adapter	(1, 5.624530675099143e-05)	(2, 5.849511902103109e-05)	(3, 0.00011699023804206218)	(4, 0.00023848010062420367)	(5, 0.00034872090185614685)	(6, 0.0004049662086071383)	(7, 0.00046571113989820907)	(8, 0.0005197066343791608)	(9, 0.0005782017534001919)	(10, 0.0008702273860513393)	(15, 0.0013813847338043496)	(20, 0.0019361884395961292)	(25, 0.002446895824895131)	(30, 0.0029895505444286967)	(35, 0.003698241409491188)	(40, 0.00457026864535856)	(45, 0.005565135631170096)	(50, 0.006757986096745122)	(55, 0.008364802020007446)	(60, 0.0104215803972777)	(65, 0.013096607186354853)	(70, 0.016901939659899928)	(75, 0.022560667481503673)	(80, 0.03134213473392246)	(85, 0.04501379393649945)	(90, 0.06627137015119615)	(95, 0.09984036907000386)	(100, 0.15228124327235823)	(105, 0.23124155462657808)	(110, 0.3491218184026679)	(115, 0.5191864777823276)	(120, 0.7505999180663367)	(125, 1.062250213186586)	(130, 1.456081650906844)	(135, 1.9525094777279048)	(140, 2.2805109584643484)
NG-13640_ELF_153_lib259809_5981_3_1 - polya	(1, 0.006625697135266791)	(2, 0.013946586261975836)	(3, 0.01746304284004782)	(4, 0.02152620379973944)	(5, 0.024102238848934848)	(6, 0.02617656576191141)	(7, 0.029902254881097084)	(8, 0.03461336177456013)	(9, 0.041684521739294766)	(10, 0.05432936662182566)	(15, 0.06999840915774386)	(20, 0.08655297780314966)	(25, 0.10719995496775761)	(30, 0.12523310023703346)	(35, 0.13789324384300064)	(40, 0.14997878539519965)	(45, 0.16490359003218874)	(50, 0.17856624998568557)	(55, 0.1937605821326254)	(60, 0.20605400633857612)	(65, 0.23907270117613214)	(70, 0.2583135456719653)	(75, 0.2723420251005706)	(80, 0.2851097097330456)	(85, 0.29726184572843783)	(90, 0.30969745806985494)	(95, 0.324104355922281)	(100, 0.3383173199570294)	(105, 0.3520236262685651)	(110, 0.36498074509417744)	(115, 0.37677606086354143)	(120, 0.38937365968840143)	(125, 0.40174627728625756)	(130, 0.41568296437424523)	(135, 0.43064061627037686)	(140, 0.43950982620132717)
NG-13640_ELF_153_lib259809_5981_3_2 - illumina_universal_adapter	(1, 7.199399264126903e-05)	(2, 8.099324172142767e-05)	(3, 0.0001372385484724191)	(4, 0.00026772766013471923)	(5, 0.0003802182736367021)	(6, 0.0004364635803876935)	(7, 0.0004994583239488039)	(8, 0.000564702879779954)	(9, 0.000629947435611104)	(10, 0.000965169463847013)	(15, 0.001588817425102006)	(20, 0.00239694999250025)	(25, 0.0035061074416298022)	(30, 0.005006732225746253)	(35, 0.006785883768893613)	(40, 0.008932204674511448)	(45, 0.011322405230201579)	(50, 0.014039278527501467)	(55, 0.017148519084696272)	(60, 0.020778816163632266)	(65, 0.02515200125413535)	(70, 0.030678440114260762)	(75, 0.038127568540362075)	(80, 0.04879077877544204)	(85, 0.06433878141123209)	(90, 0.08731206446306103)	(95, 0.12259407044427695)	(100, 0.1766561593684219)	(105, 0.25710269670822994)	(110, 0.3759197823135643)	(115, 0.5460397870750671)	(120, 0.7775063229286491)	(125, 1.0900704917929884)	(130, 1.4844630326933945)	(135, 1.9782950261172836)	(140, 2.3021316543794295)
NG-13640_ELF_153_lib259809_5981_3_2 - polya	(1, 0.05306407220115535)	(2, 0.06213081564941517)	(3, 0.06468885220045026)	(4, 0.06678117761158714)	(5, 0.06974418037122937)	(6, 0.07146978638234978)	(7, 0.0738590870131319)	(8, 0.07867143545874673)	(9, 0.08661102295971668)	(10, 0.09805941767704049)	(15, 0.1188580321886491)	(20, 0.1381857194381058)	(25, 0.15346284467658305)	(30, 0.16823376215430144)	(35, 0.1818050797296347)	(40, 0.19629207089887402)	(45, 0.21346938758062678)	(50, 0.23170411602929822)	(55, 0.2536177375019385)	(60, 0.2690334511762502)	(65, 0.2857090597217841)	(70, 0.3361089042327586)	(75, 0.3574677219996071)	(80, 0.37784877135389633)	(85, 0.40427641616514415)	(90, 0.42435284093807)	(95, 0.44569366020675816)	(100, 0.46312475571257145)	(105, 0.48022602873959686)	(110, 0.5000086280300555)	(115, 0.5203289324530538)	(120, 0.541163543960983)	(125, 0.5618519176713598)	(130, 0.5839558732620453)	(135, 0.6079676696577245)	(140, 0.6204352293333764)
NG-13640_EM_2_lib259814_5981_7_1 - illumina_universal_adapter	(1, 3.203541182774198e-05)	(2, 3.203541182774198e-05)	(3, 6.989544398780069e-05)	(4, 0.00015726474897255154)	(5, 0.00025628329462193584)	(6, 0.0002912310166158362)	(7, 0.0003494772199390034)	(8, 0.000410635733428329)	(9, 0.000442671145256071)	(10, 0.0006296414579234379)	(15, 0.000977371291762746)	(20, 0.001367038391994735)	(25, 0.0017433088654623956)	(30, 0.0021970467893498687)	(35, 0.0027299995497568484)	(40, 0.0033654656280126026)	(45, 0.004055683137392134)	(50, 0.004915397098442083)	(55, 0.00583743449704782)	(60, 0.007024492120773969)	(65, 0.00854704787564156)	(70, 0.010697497702332893)	(75, 0.013885894872243069)	(80, 0.019015055536881178)	(85, 0.027365813707323668)	(90, 0.04106998042519845)	(95, 0.06355942199030655)	(100, 0.1005527506449165)	(105, 0.16132625673027598)	(110, 0.25810407093781806)	(115, 0.40601156734650273)	(120, 0.6264058813288359)	(125, 0.9387890066814801)	(130, 1.366680760306331)	(135, 1.9284980092321398)	(140, 2.330448068820918)
NG-13640_EM_2_lib259814_5981_7_1 - polya	(1, 0.003034627193137013)	(2, 0.0072400030730696875)	(3, 0.00976206367696283)	(4, 0.012613215329631864)	(5, 0.014456707664810107)	(6, 0.015915775058055446)	(7, 0.01857762654992419)	(8, 0.02239857748792396)	(9, 0.02849986728602573)	(10, 0.03814252624617607)	(15, 0.04998922154007505)	(20, 0.062342076340852356)	(25, 0.07915950262635044)	(30, 0.09447650671424372)	(35, 0.10641231869922714)	(40, 0.11729387440406125)	(45, 0.1298686472394998)	(50, 0.14130470679997048)	(55, 0.1539353959905993)	(60, 0.16399626269060996)	(65, 0.18044615543313886)	(70, 0.19301219133807895)	(75, 0.20452222357677002)	(80, 0.21465240325873527)	(85, 0.22455018058944107)	(90, 0.23453124999089905)	(95, 0.24594517599410687)	(100, 0.2570259337143062)	(105, 0.2677659511450651)	(110, 0.27779769474341415)	(115, 0.2867431466497862)	(120, 0.2956711246951612)	(125, 0.3044849401820229)	(130, 0.3151317636874646)	(135, 0.3258875075931207)	(140, 0.33200335894205324)
NG-13640_EM_2_lib259814_5981_7_2 - illumina_universal_adapter	(1, 3.4947721993900344e-05)	(2, 3.78600321600587e-05)	(3, 7.57200643201174e-05)	(4, 0.00017182629980334334)	(5, 0.0002766694657850444)	(6, 0.0003203541182774198)	(7, 0.000378600321600587)	(8, 0.00043975883508991264)	(9, 0.0004717942469176546)	(10, 0.0007036141361438602)	(15, 0.0011742434589950515)	(20, 0.0018580538860090347)	(25, 0.0029763809898138453)	(30, 0.004450592395923209)	(35, 0.0061222584312981086)	(40, 0.008140489376445853)	(45, 0.010371901425756388)	(50, 0.01276756776843826)	(55, 0.015348457037687798)	(60, 0.018301539546172377)	(65, 0.021503333342846882)	(70, 0.025452425928157617)	(75, 0.03026589217078416)	(80, 0.03714709863138314)	(85, 0.04690100783988072)	(90, 0.061806793732312446)	(95, 0.08565104198671741)	(100, 0.12350466706441057)	(105, 0.18455076538132248)	(110, 0.2808637748863456)	(115, 0.4272824983380902)	(120, 0.645367932820693)	(125, 0.9537786671066973)	(130, 1.374880078348133)	(135, 1.9260324474454702)	(140, 2.320054033837899)
NG-13640_EM_2_lib259814_5981_7_2 - polya	(1, 0.013749016294433626)	(2, 0.01861548658208425)	(3, 0.020045430873668005)	(4, 0.02168797380738132)	(5, 0.023315955190263846)	(6, 0.024338176058585428)	(7, 0.02588752506698168)	(8, 0.029373560335873235)	(9, 0.03519235604785764)	(10, 0.04272126028941024)	(15, 0.05889157125598793)	(20, 0.07475026503478667)	(25, 0.0889664158798721)	(30, 0.10240556237262648)	(35, 0.11529311731991046)	(40, 0.12963100272994132)	(45, 0.14611409580836437)	(50, 0.16312781179906152)	(55, 0.1840754763622054)	(60, 0.19945247403952154)	(65, 0.21652676608167482)	(70, 0.24616942387690108)	(75, 0.26640357244933616)	(80, 0.2848850927637771)	(85, 0.3108192147934173)	(90, 0.3295401270035165)	(95, 0.34971835922076133)	(100, 0.36588168064294024)	(105, 0.38198908570992884)	(110, 0.39986193319964275)	(115, 0.4190383307197291)	(120, 0.43861720950477856)	(125, 0.4577528346825387)	(130, 0.47904007461105663)	(135, 0.5018405509019104)	(140, 0.5139499365727969)
NG-13640_EOL_1_lib248390_5885_6_1 - illumina_universal_adapter	(1, 0.00011836501143474827)	(2, 0.00012387036080380634)	(3, 0.0001486444329645676)	(4, 0.00026700944439931587)	(5, 0.0003165575887208384)	(6, 0.00034133166088159966)	(7, 0.0003798691064650061)	(8, 0.0004018905039412383)	(9, 0.0004184065520484125)	(10, 0.0005031889323319067)	(15, 0.0006380699918738291)	(20, 0.0008175443813051217)	(25, 0.000989311281619733)	(30, 0.0012320971887951938)	(35, 0.0016774799527519905)	(40, 0.0021718603260934043)	(45, 0.002646421441706209)	(50, 0.0032046638677286966)	(55, 0.003957245126478932)	(60, 0.005105110469927539)	(65, 0.0069785808602179965)	(70, 0.010115528930707277)	(75, 0.015855956717824117)	(80, 0.026578725683938497)	(85, 0.046732158119249335)	(90, 0.08187280314194692)	(95, 0.14128212925332626)	(100, 0.23717650670332713)	(105, 0.38285520796278316)	(110, 0.5923023709640387)	(115, 0.8792703584310008)	(120, 1.2593761949188764)	(125, 1.7424105937455985)	(130, 2.34107329483571)	(135, 3.0690522483254994)	(140, 3.5668222652734425)
NG-13640_EOL_1_lib248390_5885_6_1 - polya	(1, 0.007479017117865374)	(2, 0.012543938537398788)	(3, 0.015877427580363444)	(4, 0.021088240758176897)	(5, 0.023821646719914224)	(6, 0.026370623477788104)	(7, 0.030403291890623133)	(8, 0.03612610255975898)	(9, 0.04481904921350166)	(10, 0.05939501220301978)	(15, 0.07634102809591739)	(20, 0.0930602235948098)	(25, 0.1179152243912962)	(30, 0.13949509284813)	(35, 0.1550438510711607)	(40, 0.16856388805169348)	(45, 0.18354504475477426)	(50, 0.19723739917055855)	(55, 0.21221965694351316)	(60, 0.2250306049253113)	(65, 0.24479480916022972)	(70, 0.2626051649040694)	(75, 0.27846497536645193)	(80, 0.2923869028509259)	(85, 0.3057406782805131)	(90, 0.3199180539757115)	(95, 0.3372483432545693)	(100, 0.3543507110695482)	(105, 0.37198379456370423)	(110, 0.38773074536402097)	(115, 0.39979571850631174)	(120, 0.4123396570437105)	(125, 0.4254033005615484)	(130, 0.4410770302152566)	(135, 0.4583186833692728)	(140, 0.4681611469712747)
NG-13640_EOL_1_lib248390_5885_6_2 - illumina_universal_adapter	(1, 0.0001293757101728644)	(2, 0.0001376337342264515)	(3, 0.00015965513170268373)	(4, 0.00024498804692308366)	(5, 0.0002972888659291352)	(6, 0.0003248156127744255)	(7, 0.00035784770898877384)	(8, 0.0003771164317804771)	(9, 0.00039638515457218027)	(10, 0.0004899760938461672)	(15, 0.0006760569025203296)	(20, 0.0009645372094589719)	(25, 0.0014159758577217327)	(30, 0.0021030434589801787)	(35, 0.003070883878060585)	(40, 0.004241871688859235)	(45, 0.005410106824973355)	(50, 0.006706616601386528)	(55, 0.008358771947040853)	(60, 0.010374280351053007)	(65, 0.01309887775379984)	(70, 0.017350108536586473)	(75, 0.024235648992467388)	(80, 0.036098025277976786)	(85, 0.05734702223773017)	(90, 0.09355075022359288)	(95, 0.15400719378496705)	(100, 0.25116174570554534)	(105, 0.39858123843549753)	(110, 0.6097003760401359)	(115, 0.8995223366200179)	(120, 1.2830679153936808)	(125, 1.769509024409976)	(130, 2.3729646826607893)	(135, 3.1011126503762094)	(140, 3.5962263362535816)
NG-13640_EOL_1_lib248390_5885_6_2 - polya	(1, 0.015084657271219081)	(2, 0.020259685678133656)	(3, 0.022574685087822573)	(4, 0.02638163417652622)	(5, 0.029117792812948077)	(6, 0.03128414778967242)	(7, 0.033863403969076125)	(8, 0.0406129622955413)	(9, 0.050195022872386856)	(10, 0.06448525822965087)	(15, 0.0900157653937207)	(20, 0.11299894740472738)	(25, 0.1322588616374401)	(30, 0.14942839471472147)	(35, 0.16635569241976428)	(40, 0.18537502288504917)	(45, 0.20550643392288376)	(50, 0.22770069936930443)	(55, 0.25381862731105276)	(60, 0.27385259366505504)	(65, 0.2962191765467272)	(70, 0.3318475955235234)	(75, 0.35614765710360874)	(80, 0.3781266633896992)	(85, 0.4093783296180942)	(90, 0.4341925908292496)	(95, 0.4589198675203738)	(100, 0.47839889465797514)	(105, 0.4979984889467587)	(110, 0.5190404847702356)	(115, 0.540072570964848)	(120, 0.5616606974457354)	(125, 0.5850727461725916)	(130, 0.6100290453974686)	(135, 0.6376664497650771)	(140, 0.6524582224498623)
NG-13640_F_36P_lib248396_5885_1_1 - illumina_universal_adapter	(1, 0.00011163582624816132)	(2, 0.00011382476401773311)	(3, 0.00017292608379617145)	(4, 0.0002998844744313353)	(5, 0.00040714242514035303)	(6, 0.00047499949599707857)	(7, 0.0005275340024668016)	(8, 0.0005778795711669527)	(9, 0.0006282251398671038)	(10, 0.0008602525434417138)	(15, 0.0011767729449217944)	(20, 0.0014919799837401324)	(25, 0.0018737307307534526)	(30, 0.0022388455507180273)	(35, 0.0029611950146767184)	(40, 0.0039856178908363165)	(45, 0.004950501659663562)	(50, 0.00610757416465921)	(55, 0.008007134361093609)	(60, 0.010874205051678743)	(65, 0.015634706912943476)	(70, 0.023670297465041516)	(75, 0.0378449828856806)	(80, 0.06330626923378575)	(85, 0.1079308301793841)	(90, 0.18454584105216634)	(95, 0.3104618595214601)	(100, 0.5072149687269744)	(105, 0.798402355612247)	(110, 1.205167407881126)	(115, 1.7443579417584512)	(120, 2.4409177787036014)	(125, 3.302486749319936)	(130, 4.346640710534453)	(135, 5.5824532471895845)	(140, 6.410766124060368)
NG-13640_F_36P_lib248396_5885_1_1 - polya	(1, 0.007656904317962124)	(2, 0.013100792550887167)	(3, 0.016570258915658456)	(4, 0.020906544637180172)	(5, 0.023736841173236496)	(6, 0.025737530294625114)	(7, 0.029200429846087686)	(8, 0.034696852585482454)	(9, 0.04326654395335601)	(10, 0.05753053803499364)	(15, 0.07394538236901249)	(20, 0.09119202305546861)	(25, 0.11384096215722794)	(30, 0.1344511246204081)	(35, 0.15028239814505912)	(40, 0.164299480046289)	(45, 0.1798247400707539)	(50, 0.1940917986652689)	(55, 0.20961268081419465)	(60, 0.22327471700920007)	(65, 0.2507323146031547)	(70, 0.271152039480382)	(75, 0.28639842883300354)	(80, 0.3002824233178435)	(85, 0.3142570398263437)	(90, 0.3293900422025013)	(95, 0.34532332022721435)	(100, 0.3613380267369555)	(105, 0.37779577425125793)	(110, 0.3923758509468217)	(115, 0.4045822435250619)	(120, 0.4168761936140849)	(125, 0.4301017556178376)	(130, 0.4456388359062582)	(135, 0.4637680563014056)	(140, 0.4755489193772411)
NG-13640_F_36P_lib248396_5885_1_2 - illumina_universal_adapter	(1, 0.00011382476401773311)	(2, 0.00011820263955687669)	(3, 0.00017511502156574324)	(4, 0.0002955065988921917)	(5, 0.0004005756118316377)	(6, 0.00047499949599707857)	(7, 0.0005275340024668016)	(8, 0.0005778795711669527)	(9, 0.0006260362020975321)	(10, 0.0008694460820739151)	(15, 0.0012271185136219459)	(20, 0.0016228784623605254)	(25, 0.0023364721752409294)	(30, 0.003185780029834784)	(35, 0.004442668097122906)	(40, 0.0060489106324346864)	(45, 0.007726950326588421)	(50, 0.009651026626042026)	(55, 0.012406461490378995)	(60, 0.016132471361744095)	(65, 0.02179437779651849)	(70, 0.030870151576717055)	(75, 0.046214605341415305)	(80, 0.07302996859377756)	(85, 0.1187489984241618)	(90, 0.19644928464309774)	(95, 0.32378898823772106)	(100, 0.5217503910920389)	(105, 0.8131746210439793)	(110, 1.2203209862723177)	(115, 1.759694515347179)	(120, 2.45640320006066)	(125, 3.182409503457197)	(130, 3.8468593744729445)	(135, 4.689993111193945)	(140, 5.454898589905989)
NG-13640_F_36P_lib248396_5885_1_2 - polya	(1, 0.014455745030252105)	(2, 0.01919260636360546)	(3, 0.021132005227446068)	(4, 0.024165872976072568)	(5, 0.026608727526914688)	(6, 0.028274509169558818)	(7, 0.030408723494891314)	(8, 0.0356709298929419)	(9, 0.044004215981701705)	(10, 0.05592473328723576)	(15, 0.07794544724912797)	(20, 0.09862259120805703)	(25, 0.11576022279358848)	(30, 0.13148949181817746)	(35, 0.14711237846716524)	(40, 0.16417558616853128)	(45, 0.1830043910748339)	(50, 0.20372881608958568)	(55, 0.22807593311297877)	(60, 0.2468333786479934)	(65, 0.2685988624659535)	(70, 0.31400662534550466)	(75, 0.3373371996687086)	(80, 0.3585414398425506)	(85, 0.387819795873235)	(90, 0.41175189029551734)	(95, 0.4353661509536578)	(100, 0.4557539173394495)	(105, 0.47547186876775216)	(110, 0.49696986439027063)	(115, 0.5204116367521688)	(120, 0.5449833387907199)	(125, 0.566917808604491)	(130, 0.5841692649540403)	(135, 0.6078001615392294)	(140, 0.627360509448123)
NG-13640_GRANTA_519_lib241206_5808_6_1 - illumina_universal_adapter	(1, 0.0001035739714567818)	(2, 0.00010610016588255696)	(3, 0.00013136211014030862)	(4, 0.00024756705372596625)	(5, 0.0003258790809249964)	(6, 0.00038650774714360037)	(7, 0.0004294530523817782)	(8, 0.0004774507464715064)	(9, 0.0005305008294127848)	(10, 0.0006527686396203029)	(15, 0.0009089247543939046)	(20, 0.0011453765526464603)	(25, 0.001491970427862813)	(30, 0.0018931301026759093)	(35, 0.0026853446745990013)	(40, 0.0034992845185837598)	(45, 0.004195503702327396)	(50, 0.005067546018104983)	(55, 0.005985565072431679)	(60, 0.007088501558725116)	(65, 0.008687582630240795)	(70, 0.010847478864278563)	(75, 0.014370004371579453)	(80, 0.019895296819634894)	(85, 0.02905073065752925)	(90, 0.04396487730842068)	(95, 0.06923793682164574)	(100, 0.10939988104150448)	(105, 0.1710516560025474)	(110, 0.26020105728815307)	(115, 0.3865143152491074)	(120, 0.556227088205994)	(125, 0.7750132088391039)	(130, 1.051366248046778)	(135, 1.389305381160425)	(140, 1.6212585323795603)
NG-13640_GRANTA_519_lib241206_5808_6_1 - polya	(1, 0.002614611230677297)	(2, 0.0075886880550285985)	(3, 0.011072310168172552)	(4, 0.016374792267874624)	(5, 0.0194390661063399)	(6, 0.02226082527993076)	(7, 0.026914075412208617)	(8, 0.032954206284237036)	(9, 0.04240975201991348)	(10, 0.058272737297126065)	(15, 0.07647346289595099)	(20, 0.09402596700512199)	(25, 0.1163974396009017)	(30, 0.13646401240260414)	(35, 0.15174950963408454)	(40, 0.1654899863547608)	(45, 0.18059157663204475)	(50, 0.19447352024056447)	(55, 0.20945738985760726)	(60, 0.22264260904349817)	(65, 0.23877236045207262)	(70, 0.2557226198101388)	(75, 0.2707645918989745)	(80, 0.28413018136686574)	(85, 0.2968657379449686)	(90, 0.3102894298846527)	(95, 0.32562595624353374)	(100, 0.3413626317994575)	(105, 0.3571978289379866)	(110, 0.37155974948740356)	(115, 0.38433623041520404)	(120, 0.3970495564823601)	(125, 0.40979319688262555)	(130, 0.42422888230927513)	(135, 0.43909149459388075)	(140, 0.44782353824601523)
NG-13640_GRANTA_519_lib241206_5808_6_2 - illumina_universal_adapter	(1, 0.00010610016588255696)	(2, 0.00010862636030833213)	(3, 0.00013641449899185897)	(4, 0.0002652504147063924)	(5, 0.0003435624419054226)	(6, 0.00041176969140135206)	(7, 0.000472398357619956)	(8, 0.0005279746349870097)	(9, 0.0005961818844829391)	(10, 0.0008008036329707277)	(15, 0.0012610762573469626)	(20, 0.001964874024367924)	(25, 0.0034507815856088765)	(30, 0.005378773171360483)	(35, 0.007985300579875298)	(40, 0.010910128486037788)	(45, 0.01397945471335461)	(50, 0.01745044585436969)	(55, 0.021262473242864417)	(60, 0.025355413451505344)	(65, 0.02980404183529541)	(70, 0.03484582067025749)	(75, 0.041296710755916954)	(80, 0.0498150383596308)	(85, 0.061792736610001175)	(90, 0.07943012085187824)	(95, 0.1073097077736181)	(100, 0.14981798137613683)	(105, 0.2137706142201758)	(110, 0.30407499159724577)	(115, 0.42884525000293666)	(120, 0.59403360874326)	(125, 0.805533174174664)	(130, 1.0678774548136443)	(135, 1.3863275031713216)	(140, 1.604722063668436)
NG-13640_GRANTA_519_lib241206_5808_6_2 - polya	(1, 0.01147650127629658)	(2, 0.01654909968325311)	(3, 0.018587738584853672)	(4, 0.021965260532115068)	(5, 0.024140313932707484)	(6, 0.025868230919937698)	(7, 0.027833610183190777)	(8, 0.03324977103205273)	(9, 0.040416584617976876)	(10, 0.05237912570179261)	(15, 0.07191418719631197)	(20, 0.09117288302065152)	(25, 0.10724200576300733)	(30, 0.12150843616313003)	(35, 0.1353504658997225)	(40, 0.15012870329050718)	(45, 0.16590983986832464)	(50, 0.18299903991980848)	(55, 0.20220973805005832)	(60, 0.21809444859933258)	(65, 0.23575052667996035)	(70, 0.25849082366190324)	(75, 0.27782075816904966)	(80, 0.2951949129517609)	(85, 0.31759669988065)	(90, 0.33579793071836)	(95, 0.3544392246250401)	(100, 0.3703254508909698)	(105, 0.38556345566724565)	(110, 0.40148454341625095)	(115, 0.41747686984806326)	(120, 0.4345221141165386)	(125, 0.4521958755581469)	(130, 0.469504349285788)	(135, 0.4887963908765478)	(140, 0.499196228088579)
NG-13640_HAIRM_lib236393_5774_5_1 - illumina_universal_adapter	(1, 4.658192609190838e-05)	(2, 4.8307182613830914e-05)	(3, 0.00013457000870995754)	(4, 0.00038300694786680227)	(5, 0.0005969387565851963)	(6, 0.0007487613305143792)	(7, 0.0008850565957462592)	(8, 0.0009851214740177663)	(9, 0.0010696590435919702)	(10, 0.0014885513271147611)	(15, 0.002047534440217662)	(20, 0.002499206597656981)	(25, 0.00295777978118399)	(30, 0.0034477526334099895)	(35, 0.004007425849121659)	(40, 0.0046920076370205194)	(45, 0.0054041935292701414)	(50, 0.006214373991964962)	(55, 0.007223649057289644)	(60, 0.008486191780032553)	(65, 0.010325660283706357)	(70, 0.013200972803142452)	(75, 0.01808275865757445)	(80, 0.026778051528064017)	(85, 0.04196893520359192)	(90, 0.06842539891596958)	(95, 0.11551731083575825)	(100, 0.19476213845200838)	(105, 0.3245963180092886)	(110, 0.528037876971785)	(115, 0.8289167485229001)	(120, 1.2512895645530175)	(125, 1.8151027058146922)	(130, 2.539308460252548)	(135, 3.434929146733844)	(140, 4.0499033899479135)
NG-13640_HAIRM_lib236393_5774_5_1 - polya	(1, 0.003921508074329917)	(2, 0.010499911192420533)	(3, 0.014176432840637451)	(4, 0.019626518193390733)	(5, 0.022592234154575567)	(6, 0.025231876633117042)	(7, 0.029432876263998407)	(8, 0.035283221129837714)	(9, 0.04486702110911739)	(10, 0.0598170589741849)	(15, 0.0783756433805056)	(20, 0.09732103029904131)	(25, 0.122190948113859)	(30, 0.14315143465000021)	(35, 0.15826502683334603)	(40, 0.17192250251218913)	(45, 0.1873883920773115)	(50, 0.20231669171020278)	(55, 0.21837330910843145)	(60, 0.23181892328638248)	(65, 0.25217522498854644)	(70, 0.27334826312818855)	(75, 0.2888921342881018)	(80, 0.3015303284137931)	(85, 0.31466712167432004)	(90, 0.3289636323688833)	(95, 0.3458345708454594)	(100, 0.36167139056279507)	(105, 0.3776206970053601)	(110, 0.39196033911297146)	(115, 0.40348056701245694)	(120, 0.4153924281424189)	(125, 0.42804649462811195)	(130, 0.44302689700796527)	(135, 0.4590810990470632)	(140, 0.46802586401062274)
NG-13640_HAIRM_lib236393_5774_5_2 - illumina_universal_adapter	(1, 4.313141304806332e-05)	(2, 4.4856669569985854e-05)	(3, 0.00013111949566611247)	(4, 0.00038128169134487975)	(5, 0.0005986640131071189)	(6, 0.0007573876131239919)	(7, 0.0008988586479216395)	(8, 0.0010023740392369916)	(9, 0.0010989884044646534)	(10, 0.0015406540740768217)	(15, 0.0022390379141510627)	(20, 0.0029929750142312097)	(25, 0.0041502770891368446)	(30, 0.005656771084079601)	(35, 0.007426539224267734)	(40, 0.009544464130579836)	(45, 0.01186010343430426)	(50, 0.014356549621526164)	(55, 0.01727809901574978)	(60, 0.020471203786524006)	(65, 0.02430713913736656)	(70, 0.029179263555275798)	(75, 0.035935713146428815)	(80, 0.04653292880668579)	(85, 0.06361607383545832)	(90, 0.09197169992716829)	(95, 0.14113322957065527)	(100, 0.2223486451862453)	(105, 0.3540685301219868)	(110, 0.5593126370985878)	(115, 0.8620879106186002)	(120, 1.2869661441698534)	(125, 1.8536487320787898)	(130, 2.580245692056031)	(135, 3.4770692273844097)	(140, 4.092342975130686)
NG-13640_HAIRM_lib236393_5774_5_2 - polya	(1, 0.010370516953276345)	(2, 0.014336881697176247)	(3, 0.015903414619081905)	(4, 0.019157248419427803)	(5, 0.021189600602252546)	(6, 0.022776836602421278)	(7, 0.024743629037412965)	(8, 0.030464579664108083)	(9, 0.038550856982358994)	(10, 0.04924675731566992)	(15, 0.06981630072394351)	(20, 0.08849565308679878)	(25, 0.10463335754155775)	(30, 0.11942501685791278)	(35, 0.1340438054707712)	(40, 0.15077120260472326)	(45, 0.1692017729771173)	(50, 0.18846943781394815)	(55, 0.21110307812504986)	(60, 0.22786774079987548)	(65, 0.2469766820366895)	(70, 0.27363638096734955)	(75, 0.2952904206253037)	(80, 0.31461639913257555)	(85, 0.3417357064006758)	(90, 0.3623390648367791)	(95, 0.3833875394555384)	(100, 0.40120805912178054)	(105, 0.4188860725993121)	(110, 0.4378638943404599)	(115, 0.45867014294354125)	(120, 0.4791989702978975)	(125, 0.5012888097532892)	(130, 0.5234904458313016)	(135, 0.5474566742799362)	(140, 0.5600493216334487)
NG-13640_HC1_lib236394_5774_5_1 - illumina_universal_adapter	(1, 3.341720709573778e-05)	(2, 3.598776148771761e-05)	(3, 7.711663175939488e-05)	(4, 0.0002467732216300636)	(5, 0.00036501872366113573)	(6, 0.0004498470185964701)	(7, 0.0005321047591398246)	(8, 0.0006117919452911994)	(9, 0.0006966202402265337)	(10, 0.0009619014534788522)	(15, 0.0013649643821412893)	(20, 0.0018662224885773557)	(25, 0.002572610835493413)	(30, 0.0033083035024780404)	(35, 0.004217251535482108)	(40, 0.005091240028755249)	(45, 0.006060339034531645)	(50, 0.007070052799701322)	(55, 0.008259191261431192)	(60, 0.009627240308842858)	(65, 0.011402979282822521)	(70, 0.014019289542979593)	(75, 0.018293607385963653)	(80, 0.02545722836553304)	(85, 0.03857271098429253)	(90, 0.062380671651931306)	(95, 0.10537576441218592)	(100, 0.17947867820242364)	(105, 0.3063473619968313)	(110, 0.5095985272162844)	(115, 0.8164399497672543)	(120, 1.2593773181580825)	(125, 1.8633995057440835)	(130, 2.6547780925221702)	(135, 3.647423890639979)	(140, 4.336455854301389)
NG-13640_HC1_lib236394_5774_5_1 - polya	(1, 0.00481207782178624)	(2, 0.01099683168888971)	(3, 0.014852663276859452)	(4, 0.02001433649595495)	(5, 0.023106713429506685)	(6, 0.025700402811014333)	(7, 0.030031786961500346)	(8, 0.035915785964742174)	(9, 0.04542683721506754)	(10, 0.0599335038707665)	(15, 0.07768678072353599)	(20, 0.09696028344372236)	(25, 0.12301336631731632)	(30, 0.14488158664076714)	(35, 0.1605470592163706)	(40, 0.17462135862333855)	(45, 0.19111146504788917)	(50, 0.2067342664205858)	(55, 0.2242777860349697)	(60, 0.2389721031612832)	(65, 0.25895250833926403)	(70, 0.2802516079203305)	(75, 0.2970702311961761)	(80, 0.3110334826534106)	(85, 0.3253699786083605)	(90, 0.34132643794113604)	(95, 0.3594992292706766)	(100, 0.3774817995752108)	(105, 0.39507878672094787)	(110, 0.4110342178319666)	(115, 0.42404327949889814)	(120, 0.4370703350465736)	(125, 0.45107882826110685)	(130, 0.46806762223770154)	(135, 0.48581215920553833)	(140, 0.4952635735939697)
NG-13640_HC1_lib236394_5774_5_2 - illumina_universal_adapter	(1, 3.855831587969744e-05)	(2, 4.112887027167727e-05)	(3, 8.482829493533436e-05)	(4, 0.00025962599358996273)	(5, 0.0003804420500130147)	(6, 0.0004678408993403289)	(7, 0.0005552397486676431)	(8, 0.0006349269348190178)	(9, 0.0007274668929302916)	(10, 0.0010148548739536364)	(15, 0.0015068589845785758)	(20, 0.002284194632713276)	(25, 0.004020347069056454)	(30, 0.006116891231155201)	(35, 0.008518817255021153)	(40, 0.011259028236871652)	(45, 0.014058876080616085)	(50, 0.01699290686362186)	(55, 0.020430252196577285)	(60, 0.023921065060885895)	(65, 0.027768670874801303)	(70, 0.03251494250415286)	(75, 0.03898245735437411)	(80, 0.04837423488091162)	(85, 0.06352970946514629)	(90, 0.08953035302914387)	(95, 0.1348939546061687)	(100, 0.21127335136594377)	(105, 0.3408683651484853)	(110, 0.5470314543831731)	(115, 0.8577415612940726)	(120, 1.3056421561049354)	(125, 1.9158151662400662)	(130, 2.714217535838798)	(135, 3.714225401735237)	(140, 4.407788738678828)
NG-13640_HC1_lib236394_5774_5_2 - polya	(1, 0.008917253185778027)	(2, 0.013009575777809916)	(3, 0.01459560783766147)	(4, 0.017562027606006194)	(5, 0.01960304779323818)	(6, 0.02122763816896943)	(7, 0.023284081682553293)	(8, 0.028975289106396636)	(9, 0.03689002607930253)	(10, 0.04756862313446514)	(15, 0.0687160600064048)	(20, 0.08842912752761972)	(25, 0.10501794324082234)	(30, 0.12021197614093673)	(35, 0.13502967987806522)	(40, 0.15176398896985394)	(45, 0.17047659672171028)	(50, 0.18999738677440509)	(55, 0.21324650891722746)	(60, 0.23089130837465546)	(65, 0.2506362507703309)	(70, 0.27655412248290673)	(75, 0.2981154186119552)	(80, 0.31741668331957484)	(85, 0.34527840826336587)	(90, 0.366640743482475)	(95, 0.3884986815883579)	(100, 0.4066288017149916)	(105, 0.4251378215590032)	(110, 0.4449722192475195)	(115, 0.4656086299063336)	(120, 0.4861458171656173)	(125, 0.5083173629073217)	(130, 0.5314605782091945)	(135, 0.5560443321923328)	(140, 0.5691027485035903)
NG-13640_HDLM_2_lib227487_5697_4_1 - illumina_universal_adapter	(1, 7.313190342314595e-05)	(2, 7.313190342314595e-05)	(3, 8.938343751717838e-05)	(4, 0.00017470399151084864)	(5, 0.00023564724436347028)	(6, 0.0002925276136925838)	(7, 0.00033721933245117297)	(8, 0.00036972240063923783)	(9, 0.0003981625853037946)	(10, 0.0005033912685626546)	(15, 0.0007162863651944795)	(20, 0.0008958658169335379)	(25, 0.0011380136749346212)	(30, 0.0014065702758385072)	(35, 0.0019530281097503474)	(40, 0.0025283324166790956)	(45, 0.0029370584991440115)	(50, 0.0034367931725355085)	(55, 0.004175831685461634)	(60, 0.005257371279419491)	(65, 0.006980846470091631)	(70, 0.009968691013279494)	(75, 0.015301631926236237)	(80, 0.02535076803328119)	(85, 0.044618180566813694)	(90, 0.08013428317591217)	(95, 0.14359814896651826)	(100, 0.25425768863125153)	(105, 0.4354236963862398)	(110, 0.7194436319805976)	(115, 1.1364543402382985)	(120, 1.7173085460601587)	(125, 2.480324572388619)	(130, 3.4416629447267852)	(135, 4.605151305642155)	(140, 5.391166096732137)
NG-13640_HDLM_2_lib227487_5697_4_1 - polya	(1, 0.0042010215633073835)	(2, 0.009925624447930308)	(3, 0.013340478049438872)	(4, 0.01787871894519743)	(5, 0.020474901516719112)	(6, 0.022835436843877323)	(7, 0.026743930793492122)	(8, 0.0323466471724098)	(9, 0.04119154460308695)	(10, 0.05558024660159092)	(15, 0.07378602767043076)	(20, 0.09343535125517302)	(25, 0.11878165011657835)	(30, 0.14017070042608676)	(35, 0.1555040228438064)	(40, 0.16976596287637688)	(45, 0.18520817057252653)	(50, 0.20036882044049703)	(55, 0.2175641623770404)	(60, 0.2319122355403093)	(65, 0.24830475169260743)	(70, 0.2673478930556423)	(75, 0.2845013872918935)	(80, 0.29893518729750845)	(85, 0.31407145986433793)	(90, 0.3305297947297169)	(95, 0.3512265296868195)	(100, 0.3699873006449706)	(105, 0.3886209033488358)	(110, 0.4056427601589254)	(115, 0.41961907947979327)	(120, 0.4339561828575487)	(125, 0.44847002166857675)	(130, 0.46556785440055587)	(135, 0.4837882618500804)	(140, 0.49376020317017866)
NG-13640_HDLM_2_lib227487_5697_4_2 - illumina_universal_adapter	(1, 7.110046166139189e-05)	(2, 7.110046166139189e-05)	(3, 8.938343751717838e-05)	(4, 0.00017876687503435676)	(5, 0.00023564724436347028)	(6, 0.00029659049721609187)	(7, 0.0003412822159746811)	(8, 0.0003758167259245)	(9, 0.00040425691058905677)	(10, 0.0005322377415795623)	(15, 0.000805669802711658)	(20, 0.0011217621408405886)	(25, 0.0018039202844376)	(30, 0.0027022238314852428)	(35, 0.003978781834571491)	(40, 0.00535163017716488)	(45, 0.006668410727133858)	(50, 0.008125767047016216)	(55, 0.009884995612695227)	(60, 0.011919687681268087)	(65, 0.01470276289487114)	(70, 0.018819682769241907)	(75, 0.025218318030414827)	(80, 0.036290894497031476)	(85, 0.05631969140286939)	(90, 0.09258092685017925)	(95, 0.15652461918491162)	(100, 0.26727719888233326)	(105, 0.4486028779597954)	(110, 0.7325955922345457)	(115, 1.1482769250033549)	(120, 1.7240248988128701)	(125, 2.48091409678788)	(130, 3.43825377916221)	(135, 4.593266558759188)	(140, 5.372356977460057)
NG-13640_HDLM_2_lib227487_5697_4_2 - polya	(1, 0.007601655072483671)	(2, 0.011061200392750825)	(3, 0.012554310087640054)	(4, 0.0153333224177196)	(5, 0.01720834316381859)	(6, 0.018774584762130966)	(7, 0.020487090167289636)	(8, 0.026055272036257498)	(9, 0.033122657925399854)	(10, 0.04352729634075177)	(15, 0.06394775521825587)	(20, 0.08203246235809517)	(25, 0.09763393508836629)	(30, 0.11201451131982323)	(35, 0.12624476086091038)	(40, 0.143314153408225)	(45, 0.16259416088068038)	(50, 0.18326773740169902)	(55, 0.2075613431421634)	(60, 0.2252096965915779)	(65, 0.2455082689633768)	(70, 0.26875324446642374)	(75, 0.2919888753373666)	(80, 0.31307320938261196)	(85, 0.342938247298863)	(90, 0.36537877186425527)	(95, 0.38691977401754296)	(100, 0.4049987931204494)	(105, 0.42328298784129287)	(110, 0.44281570666891046)	(115, 0.4634640933120834)	(120, 0.48423192873084747)	(125, 0.5069052565221368)	(130, 0.5294757933602814)	(135, 0.5524973102695354)	(140, 0.5646270490289688)
NG-13640_HEL_lib248397_5885_1_1 - illumina_universal_adapter	(1, 0.00013513605401392368)	(2, 0.00013728107074430343)	(3, 0.00015229618785696163)	(4, 0.00021450167303797412)	(5, 0.00023595184034177152)	(6, 0.00024882194072404996)	(7, 0.0002616920411063284)	(8, 0.00027885217494936636)	(9, 0.00029386729206202453)	(10, 0.00041141420888683435)	(15, 0.0005710034536270871)	(20, 0.0008043812738924029)	(25, 0.0010643573016144276)	(30, 0.001401124928284047)	(35, 0.0020077356596354375)	(40, 0.002739186364694929)	(45, 0.003402854541074421)	(50, 0.004109852055407584)	(55, 0.005137744072605556)	(60, 0.00669159419209264)	(65, 0.009415336436328836)	(70, 0.01432442172547591)	(75, 0.02405078558770981)	(80, 0.0424031197294928)	(85, 0.07809705612970384)	(90, 0.14461102191535707)	(95, 0.25990824519334466)	(100, 0.45156334503604406)	(105, 0.7502633597916143)	(110, 1.183686727342183)	(115, 1.7750802810049138)	(120, 2.5532009730739698)	(125, 3.5275392155712426)	(130, 4.716016623279056)	(135, 6.1207211554827605)	(140, 7.059576102222746)
NG-13640_HEL_lib248397_5885_1_1 - polya	(1, 0.007850761233189852)	(2, 0.013573665869843002)	(3, 0.016849106417132866)	(4, 0.02146518242091007)	(5, 0.024414580425182214)	(6, 0.026812709129746762)	(7, 0.030289781249692324)	(8, 0.03604915117076193)	(9, 0.044564867590369504)	(10, 0.06106047525033579)	(15, 0.07987012695903575)	(20, 0.09701953571842177)	(25, 0.11906086963311184)	(30, 0.13785035818454622)	(35, 0.15263338448697733)	(40, 0.16607663333961326)	(45, 0.18106729726154508)	(50, 0.19544105437181974)	(55, 0.21059945860206727)	(60, 0.2236132751052812)	(65, 0.24176826770786924)	(70, 0.25861480010492566)	(75, 0.2734004004274332)	(80, 0.28646612633552226)	(85, 0.299292468376501)	(90, 0.3128305269686197)	(95, 0.3284548288327057)	(100, 0.3446218199295778)	(105, 0.3610496450608641)	(110, 0.3753744957896862)	(115, 0.3873908795132734)	(120, 0.39903660434585103)	(125, 0.4115017255694339)	(130, 0.42625515064098574)	(135, 0.44235435920917776)	(140, 0.4524183487047735)
NG-13640_HEL_lib248397_5885_1_2 - illumina_universal_adapter	(1, 0.00013728107074430343)	(2, 0.00014371612093544265)	(3, 0.00015873123804810085)	(4, 0.00021664668976835384)	(5, 0.00024238689053291074)	(6, 0.0002574020076455689)	(7, 0.00027241712475822714)	(8, 0.00028957725860126503)	(9, 0.00030459237571392326)	(10, 0.0004324353728445558)	(15, 0.000622054851810125)	(20, 0.0009515294215964532)	(25, 0.001517384835070629)	(30, 0.0023650954469167026)	(35, 0.0036237912643035343)	(40, 0.0050746805807323925)	(45, 0.006519563850316186)	(50, 0.008138193475060737)	(55, 0.010101312786704276)	(60, 0.012678335886582497)	(65, 0.01641366802086578)	(70, 0.022455751146999433)	(75, 0.03340391653885764)	(80, 0.053254330365137825)	(85, 0.09042060624908153)	(90, 0.15836358218051377)	(95, 0.27567583417502)	(100, 0.4694253283532623)	(105, 0.7691523771193383)	(110, 1.2040116188692231)	(115, 1.7973283945324123)	(120, 2.576933009175545)	(125, 3.3924048775707036)	(130, 4.1324442296186366)	(135, 5.075083843877704)	(140, 5.939375435049612)
NG-13640_HEL_lib248397_5885_1_2 - polya	(1, 0.014753425071551859)	(2, 0.02005161639558982)	(3, 0.022301738945758168)	(4, 0.026306485181377143)	(5, 0.029019931345307518)	(6, 0.03090325603458093)	(7, 0.03324132427069485)	(8, 0.03993377646947964)	(9, 0.04941046038429733)	(10, 0.06388760730097628)	(15, 0.08900918524049166)	(20, 0.1125687619969445)	(25, 0.13251484356939963)	(30, 0.14978051223557226)	(35, 0.1674061147091026)	(40, 0.18731573099714124)	(45, 0.20846473795199336)	(50, 0.23170813924238823)	(55, 0.258362546137433)	(60, 0.27898859801341847)	(65, 0.30282874295820494)	(70, 0.33622365042679503)	(75, 0.3611444548003469)	(80, 0.3837263329310926)	(85, 0.41573470158516523)	(90, 0.4420021474620494)	(95, 0.4678517440798557)	(100, 0.4909677313764661)	(105, 0.5122827626262495)	(110, 0.5355956624587087)	(115, 0.5606443098293912)	(120, 0.5866981120399296)	(125, 0.6101757491572819)	(130, 0.6276018650748869)	(135, 0.6509079008538089)	(140, 0.670487184565369)
NG-13640_HG_3_lib227479_5697_4_1 - illumina_universal_adapter	(1, 9.716999724749788e-05)	(2, 0.00010364799706399774)	(3, 0.00012524132978566392)	(4, 0.0002224113270331618)	(5, 0.0002763946588373273)	(6, 0.00032821865736932615)	(7, 0.0003649273229961587)	(8, 0.00039515798880649137)	(9, 0.00041675132152815754)	(10, 0.0005476069178214546)	(15, 0.0007687226448913166)	(20, 0.0009522659730254792)	(25, 0.0012204551654285735)	(30, 0.0014873487578683676)	(35, 0.0022500252695976173)	(40, 0.0029859260487520014)	(45, 0.0035495120327874883)	(50, 0.0041891065480032415)	(55, 0.005155624120625021)	(60, 0.00658337528018159)	(65, 0.008729320686060776)	(70, 0.01266664897452939)	(75, 0.01991682636915603)	(80, 0.03335349358854004)	(85, 0.05843328581144645)	(90, 0.1041830798488406)	(95, 0.18420235664882792)	(100, 0.3196664020115831)	(105, 0.5372270027821497)	(110, 0.8684929112651574)	(115, 1.3396646136517671)	(120, 1.9795299092598495)	(125, 2.793877106858775)	(130, 3.7999074552946213)	(135, 4.9924173932481235)	(140, 5.788261264037852)
NG-13640_HG_3_lib227479_5697_4_1 - polya	(1, 0.0044136772083085704)	(2, 0.01053970570144527)	(3, 0.014048622268716027)	(4, 0.01916840145702308)	(5, 0.02210077604062535)	(6, 0.02511736462184212)	(7, 0.029680035825930186)	(8, 0.035492960994602724)	(9, 0.045194845386447344)	(10, 0.060428941621582855)	(15, 0.07955717947974364)	(20, 0.09907193799362224)	(25, 0.12421910141462025)	(30, 0.14596099626541154)	(35, 0.1620177984772425)	(40, 0.17650735660013495)	(45, 0.19228258175327542)	(50, 0.20714959133214256)	(55, 0.22333595354030358)	(60, 0.23729863434478737)	(65, 0.2546501727866094)	(70, 0.2740668975699317)	(75, 0.2899656365862401)	(80, 0.3038868581918983)	(85, 0.3183297747161119)	(90, 0.33444919759283576)	(95, 0.35228744975420423)	(100, 0.3693967110028892)	(105, 0.3864874019854335)	(110, 0.4017111334208626)	(115, 0.414727594385483)	(120, 0.4278567725469104)	(125, 0.441691620821682)	(130, 0.45767932436880365)	(135, 0.4746136796224431)	(140, 0.4844960842758409)
NG-13640_HG_3_lib227479_5697_4_2 - illumina_universal_adapter	(1, 9.932933051966449e-05)	(2, 0.00010364799706399774)	(3, 0.00012740066305783054)	(4, 0.00021809266048882856)	(5, 0.00027423532556516067)	(6, 0.00032821865736932615)	(7, 0.0003649273229961587)	(8, 0.0003994766553508246)	(9, 0.00042322932134465744)	(10, 0.0005804287835583872)	(15, 0.0008918046414048139)	(20, 0.0012433440981135396)	(25, 0.001950741678075324)	(30, 0.002855934185767571)	(35, 0.0043298950773485055)	(40, 0.005916141299082104)	(45, 0.007347779258528572)	(50, 0.008920205747320305)	(55, 0.010901609957860397)	(60, 0.013428893619604207)	(65, 0.016687759393958067)	(70, 0.021715550984870824)	(75, 0.030074761948082247)	(80, 0.04460793860307245)	(85, 0.07065381653194622)	(90, 0.1175441704036988)	(95, 0.19873682890378142)	(100, 0.33533711543435063)	(105, 0.554678302421146)	(110, 0.8885392976306434)	(115, 1.3623695711419446)	(120, 2.0020720530213056)	(125, 2.817030773802908)	(130, 3.828016360231723)	(135, 5.023291972240216)	(140, 5.819627739149345)
NG-13640_HG_3_lib227479_5697_4_2 - polya	(1, 0.006922822470566182)	(2, 0.00989406505306745)	(3, 0.01111408835184159)	(4, 0.013774386943150866)	(5, 0.015421958229813997)	(6, 0.0168643928556213)	(7, 0.01866311747133609)	(8, 0.023277612673956158)	(9, 0.02951808583051769)	(10, 0.0383942411790858)	(15, 0.05540115003067009)	(20, 0.07132061864639128)	(25, 0.08511616705560937)	(30, 0.0982069090847923)	(35, 0.11115297578474004)	(40, 0.12550563217817712)	(45, 0.14239766449968214)	(50, 0.16064187131621793)	(55, 0.18180895164995842)	(60, 0.1972127714802862)	(65, 0.21499401724326947)	(70, 0.23666854089596914)	(75, 0.25672010966130837)	(80, 0.2752605770027854)	(85, 0.30103697013929276)	(90, 0.3206255778510795)	(95, 0.3400988771661325)	(100, 0.3567896596266716)	(105, 0.37368687434802983)	(110, 0.3922191362230726)	(115, 0.41154991954216263)	(120, 0.43090445552724643)	(125, 0.4518676948000945)	(130, 0.47231183035431357)	(135, 0.493411107623308)	(140, 0.5050550963601393)
NG-13640_HH_lib241222_5808_1_1 - illumina_universal_adapter	(1, 0.0001359926753712521)	(2, 0.00013915529572872308)	(3, 0.0001802693603758458)	(4, 0.00026566011002756223)	(5, 0.0003257498968195108)	(6, 0.00038267706325398847)	(7, 0.00042695374825858215)	(8, 0.00045857995183329195)	(9, 0.0005091818775528276)	(10, 0.0006774332805702837)	(15, 0.0008760458390194611)	(20, 0.0010759234456116271)	(25, 0.0012941442502771247)	(30, 0.0014959194290837734)	(35, 0.0019184455088418957)	(40, 0.0024016938994634615)	(45, 0.0028242199792215842)	(50, 0.003320751375344528)	(55, 0.004030443383561015)	(60, 0.004886880976364158)	(65, 0.00617786260628381)	(70, 0.008127934318700417)	(75, 0.010994533410712113)	(80, 0.01571695812848778)	(85, 0.023992270555846344)	(90, 0.03758394780411362)	(95, 0.06058442061585706)	(100, 0.09770219817927946)	(105, 0.15655160526702794)	(110, 0.24570524062006335)	(115, 0.3735876923466169)	(120, 0.5498626632109769)	(125, 0.7852874900970449)	(130, 1.0896353024334782)	(135, 1.4740992461894378)	(140, 1.7446658454395805)
NG-13640_HH_lib241222_5808_1_1 - polya	(1, 0.0016160990026676703)	(2, 0.00610385728991899)	(3, 0.008874312723063568)	(4, 0.013131199724219505)	(5, 0.015123650549426222)	(6, 0.017002247041763983)	(7, 0.020145891677090137)	(8, 0.024263623382517353)	(9, 0.03075648297640527)	(10, 0.04126650294835283)	(15, 0.053272442349384164)	(20, 0.06512214830475642)	(25, 0.08260637868899899)	(30, 0.09854535276658123)	(35, 0.10980111861882043)	(40, 0.11962801259355427)	(45, 0.1312316666851153)	(50, 0.14215725497203452)	(55, 0.15410183953813092)	(60, 0.16429306737804542)	(65, 0.17845085367029995)	(70, 0.19197548336698889)	(75, 0.20327362833201823)	(80, 0.21335100183906372)	(85, 0.223346147216815)	(90, 0.2341591462190083)	(95, 0.24699432467776852)	(100, 0.2601052836317002)	(105, 0.273362355646147)	(110, 0.285403716395182)	(115, 0.2950895575019727)	(120, 0.3048399160640557)	(125, 0.3152499972327072)	(130, 0.3278821354645178)	(135, 0.34157058889572367)	(140, 0.3489413919008455)
NG-13640_HH_lib241222_5808_1_2 - illumina_universal_adapter	(1, 0.00014231791608619406)	(2, 0.00014864315680113602)	(3, 0.00018659460109078776)	(4, 0.0002688227303850332)	(5, 0.0003289125171769818)	(6, 0.0003921649243264014)	(7, 0.0004332789889735241)	(8, 0.0004680678129057049)	(9, 0.0005249949793401825)	(10, 0.0007210774415033832)	(15, 0.001043664717965423)	(20, 0.0014712509902954992)	(25, 0.0022245871594450866)	(30, 0.0033289741882739526)	(35, 0.004783147028639108)	(40, 0.0063151203297980504)	(45, 0.007934381952823193)	(50, 0.009698491588220504)	(55, 0.011770007922363995)	(60, 0.01392628248208771)	(65, 0.01658984134714977)	(70, 0.019948544166783946)	(75, 0.024311062687879414)	(80, 0.030564828182742525)	(85, 0.04020069988788511)	(90, 0.055208598532227884)	(95, 0.07958860634390016)	(100, 0.11797396214659694)	(105, 0.1779024553003145)	(110, 0.2683970416849176)	(115, 0.397771617696126)	(120, 0.5745127588011771)	(125, 0.8084334434452322)	(130, 1.1061043316829724)	(135, 1.4769835559554512)	(140, 1.7365948382873146)
NG-13640_HH_lib241222_5808_1_2 - polya	(1, 0.031211900307881093)	(2, 0.03821710439967931)	(3, 0.040978071971751476)	(4, 0.04510845415860858)	(5, 0.04838492884894851)	(6, 0.05077586983919657)	(7, 0.05341665783768484)	(8, 0.059757711654414146)	(9, 0.06773384019595596)	(10, 0.08192009007142778)	(15, 0.10662584777991957)	(20, 0.12937837115563727)	(25, 0.14770765369939612)	(30, 0.16339994338909558)	(35, 0.17900431223285743)	(40, 0.19580541661988624)	(45, 0.21431560104809239)	(50, 0.23405794236756922)	(55, 0.25702489140352347)	(60, 0.27541363121000273)	(65, 0.294837812921518)	(70, 0.322789684164918)	(75, 0.3448717320248519)	(80, 0.3645963626703269)	(85, 0.3919226676070191)	(90, 0.41298951433220477)	(95, 0.4343726230931376)	(100, 0.4516576083948595)	(105, 0.4683214550583741)	(110, 0.4854432491496505)	(115, 0.502819950441739)	(120, 0.5200777372083867)	(125, 0.5386511740437421)	(130, 0.557802105356372)	(135, 0.578934734584993)	(140, 0.5902018858705191)
NG-13640_HL60_lib236384_5767_8_1 - illumina_universal_adapter	(1, 4.7830233082515787e-05)	(2, 5.034761377106925e-05)	(3, 7.300403996805042e-05)	(4, 0.0001208342730505662)	(5, 0.00016362974475597506)	(6, 0.00019887307439572354)	(7, 0.00022404688128125816)	(8, 0.00024418592678968586)	(9, 0.0002743944950523274)	(10, 0.000571445416301636)	(15, 0.0010834806483534104)	(20, 0.0015285535540896626)	(25, 0.0019680882223110973)	(30, 0.0024811304066382927)	(35, 0.003125579862907979)	(40, 0.0038274255988766845)	(45, 0.004696425412565339)	(50, 0.005748690540380687)	(55, 0.007157920249832915)	(60, 0.00937774654099936)	(65, 0.012818502466114231)	(70, 0.01876556260475293)	(75, 0.028748487463280542)	(80, 0.0472849684253751)	(85, 0.07939717996470079)	(90, 0.13794742697135265)	(95, 0.23351273614635687)	(100, 0.3944962103225246)	(105, 0.6431097062672382)	(110, 1.023890723122386)	(115, 1.565625509061576)	(120, 2.300850202532087)	(125, 3.2695161385374)	(130, 4.448643659200124)	(135, 5.90033050439322)	(140, 6.815297185978723)
NG-13640_HL60_lib236384_5767_8_1 - polya	(1, 0.08317174056911784)	(2, 0.09028334101428137)	(3, 0.09444457129246026)	(4, 0.09947178052750151)	(5, 0.10254801972891385)	(6, 0.10529951682150278)	(7, 0.10994660157257247)	(8, 0.1160688714071345)	(9, 0.12622901986613627)	(10, 0.1428623610276844)	(15, 0.15987633014934186)	(20, 0.17788818897594189)	(25, 0.20311536433207383)	(30, 0.22390590796269913)	(35, 0.23918238093311697)	(40, 0.25347304762589734)	(45, 0.26924846544878644)	(50, 0.2843386522482513)	(55, 0.299498822230858)	(60, 0.31269593875253066)	(65, 0.3333087553065441)	(70, 0.35076276257256067)	(75, 0.3671680290437259)	(80, 0.3816067177209931)	(85, 0.3950872913081969)	(90, 0.4099826328423678)	(95, 0.42817977088764525)	(100, 0.4455225099272278)	(105, 0.4623758701609555)	(110, 0.4780309571869318)	(115, 0.4906717325764342)	(120, 0.5029948145230412)	(125, 0.5162125735663599)	(130, 0.5324924744792351)	(135, 0.5508119572259764)	(140, 0.5617535006507052)
NG-13640_HL60_lib236384_5767_8_2 - illumina_universal_adapter	(1, 4.7830233082515787e-05)	(2, 5.034761377106925e-05)	(3, 7.552142065660387e-05)	(4, 0.0001334211764933335)	(5, 0.00018376879026440275)	(6, 0.00021901211990415123)	(7, 0.0002467033074782393)	(8, 0.0002693597336752205)	(9, 0.00030208568262641547)	(10, 0.0006338764573777619)	(15, 0.0012944371500541905)	(20, 0.0020682799737155246)	(25, 0.003223757709761564)	(30, 0.004853006491393365)	(35, 0.006800955668196035)	(40, 0.008872759974875532)	(45, 0.01135640776220238)	(50, 0.014091290142246863)	(55, 0.01724506466886664)	(60, 0.02113542478495716)	(65, 0.026227078965625393)	(70, 0.03388243363951647)	(75, 0.045585232984463805)	(80, 0.06593221413776602)	(85, 0.09990779086275897)	(90, 0.1606083844535732)	(95, 0.25800634676984435)	(100, 0.42043580441351713)	(105, 0.6705849025782485)	(110, 1.0534986443527385)	(115, 1.5983091660172035)	(120, 2.337749968664904)	(125, 3.310345535925049)	(130, 4.491514652326189)	(135, 5.941370354806432)	(140, 6.8554896860521675)
NG-13640_HL60_lib236384_5767_8_2 - polya	(1, 0.01236789132286316)	(2, 0.017468104597872475)	(3, 0.01938886606323877)	(4, 0.022017011502088582)	(5, 0.024252445553524057)	(6, 0.025762873966656136)	(7, 0.027988238495337395)	(8, 0.033680036232156776)	(9, 0.042493386022782444)	(10, 0.054290838881619397)	(15, 0.07484374177524529)	(20, 0.09472450402502738)	(25, 0.11082113962377593)	(30, 0.12587406918905023)	(35, 0.14082479309836926)	(40, 0.1568026083286181)	(45, 0.17498564904203973)	(50, 0.1942667712118084)	(55, 0.21725549165967858)	(60, 0.23474474225533495)	(65, 0.25322231650931737)	(70, 0.2847525096334495)	(75, 0.3060037339300801)	(80, 0.3254464719400539)	(85, 0.3518331528413336)	(90, 0.3725622723831582)	(95, 0.3936443286975181)	(100, 0.41090550460279135)	(105, 0.4278525113981333)	(110, 0.44631850570094844)	(115, 0.4657723201859518)	(120, 0.4850660292591633)	(125, 0.5058666424125429)	(130, 0.5271229014705505)	(135, 0.5500668125421645)	(140, 0.562853596011603)
NG-13640_HPB_ALL_lib241219_5808_7_1 - illumina_universal_adapter	(1, 8.207690207064781e-05)	(2, 8.207690207064781e-05)	(3, 9.380217379502607e-05)	(4, 0.00014656589655472822)	(5, 0.00016122248621020107)	(6, 0.00019053566552114671)	(7, 0.0002257114806942815)	(8, 0.0002520933420741326)	(9, 0.00026968124966069996)	(10, 0.00038810649407692037)	(15, 0.0005428800808387135)	(20, 0.0007691778251192139)	(25, 0.001109796968712402)	(30, 0.001541873231755741)	(35, 0.0023720224698417216)	(40, 0.00331121673496442)	(45, 0.00419002585070657)	(50, 0.005135082751691458)	(55, 0.006316990141508787)	(60, 0.00765249859091547)	(65, 0.009505091523367235)	(70, 0.01188590794700224)	(75, 0.015655582806389852)	(80, 0.021502975815337288)	(85, 0.030903712420357554)	(90, 0.04648132216978029)	(95, 0.07137466030422154)	(100, 0.11037701790460716)	(105, 0.17091635460833077)	(110, 0.25960748245870036)	(115, 0.3840952786200106)	(120, 0.554448233921985)	(125, 0.7765571248789513)	(130, 1.0602940440192496)	(135, 1.4115087294061723)	(140, 1.6575488999525947)
NG-13640_HPB_ALL_lib241219_5808_7_1 - polya	(1, 0.002781820716608742)	(2, 0.008670838440177723)	(3, 0.012035991425074282)	(4, 0.017837069610710427)	(5, 0.02103806879146569)	(6, 0.024294763012911752)	(7, 0.02914902550680435)	(8, 0.03684959771178977)	(9, 0.04839019640650907)	(10, 0.0666147862477102)	(15, 0.08697044422481708)	(20, 0.10821956790732157)	(25, 0.13732286485440084)	(30, 0.1635487801203177)	(35, 0.18173760788275947)	(40, 0.1984490514079296)	(45, 0.21737246744390365)	(50, 0.23568206550510654)	(55, 0.2553271720157161)	(60, 0.27115628884362675)	(65, 0.2914896688044573)	(70, 0.311882261387496)	(75, 0.3323710011986745)	(80, 0.35004450326882985)	(85, 0.3666281413322043)	(90, 0.3837482105769689)	(95, 0.4046414722626386)	(100, 0.42546496858154814)	(105, 0.44780337000724746)	(110, 0.46780257972393313)	(115, 0.48383806133419294)	(120, 0.49961910454803354)	(125, 0.5160585217691981)	(130, 0.5360460062141594)	(135, 0.557691444080948)	(140, 0.5699683898399582)
NG-13640_HPB_ALL_lib241219_5808_7_2 - illumina_universal_adapter	(1, 8.207690207064781e-05)	(2, 8.207690207064781e-05)	(3, 9.08708558639315e-05)	(4, 0.00013777194276144453)	(5, 0.0001494972144858228)	(6, 0.00018760434759005213)	(7, 0.00022864279862537605)	(8, 0.00026088729586741624)	(9, 0.0002843378393161728)	(10, 0.0004332487902157766)	(15, 0.0007287256376701087)	(20, 0.0012493277022325034)	(25, 0.0024406153094293343)	(30, 0.004254514845190651)	(35, 0.006669334556826353)	(40, 0.00939897781426161)	(45, 0.012064718340799009)	(50, 0.015078113173964222)	(55, 0.01852475679734521)	(60, 0.02217014377645441)	(65, 0.026343754246746853)	(70, 0.0311036283032582)	(75, 0.037262327276487886)	(80, 0.04554447295900247)	(85, 0.05699830464296137)	(90, 0.07455689905021781)	(95, 0.10116271312000451)	(100, 0.14151933960455582)	(105, 0.20243447126704575)	(110, 0.29021982187670714)	(115, 0.4125665834211459)	(120, 0.5794447544476008)	(125, 0.7953638744612677)	(130, 1.0700834733819329)	(135, 1.4081723033370006)	(140, 1.6427926454874646)
NG-13640_HPB_ALL_lib241219_5808_7_2 - polya	(1, 0.019880198208683336)	(2, 0.026666199219167255)	(3, 0.0290698799226648)	(4, 0.033132686575161864)	(5, 0.0359203699276328)	(6, 0.038283012180095013)	(7, 0.04082153350842291)	(8, 0.04775116909753046)	(9, 0.057195875471517145)	(10, 0.07277348522093988)	(15, 0.0998260321434254)	(20, 0.1249339427504228)	(25, 0.14551531220822395)	(30, 0.16326502854458774)	(35, 0.18034581812907574)	(40, 0.19917074188256506)	(45, 0.21999834204657817)	(50, 0.24146614204674233)	(55, 0.2665441532108425)	(60, 0.2864589409711128)	(65, 0.30830722603873306)	(70, 0.3386745072777003)	(75, 0.3630566235649586)	(80, 0.3849705701542354)	(85, 0.41546800190934324)	(90, 0.43986067094115355)	(95, 0.4649451310047022)	(100, 0.4850592483842869)	(105, 0.5053545212120133)	(110, 0.5264963586582396)	(115, 0.5482062855195122)	(120, 0.5703447710623109)	(125, 0.5944067874314937)	(130, 0.619123660226483)	(135, 0.6466182498929776)	(140, 0.6612056604452766)
NG-13640_HT_1080_lib259823_5972_8_1 - illumina_universal_adapter	(1, 1.927537194721478e-05)	(2, 1.927537194721478e-05)	(3, 2.5700495929619705e-05)	(4, 5.140099185923941e-05)	(5, 8.352661177126405e-05)	(6, 8.352661177126405e-05)	(7, 8.995173575366897e-05)	(8, 0.00010280198371847882)	(9, 0.0001220773556656936)	(10, 0.00017733342191437597)	(15, 0.0002917006288011837)	(20, 0.00048059927388388845)	(25, 0.0005834012576023674)	(30, 0.0007234689604187947)	(35, 0.000958628498174815)	(40, 0.001222058581453417)	(45, 0.0015317495574053346)	(50, 0.0018645709796939098)	(55, 0.002287344137736154)	(60, 0.002704977196592474)	(65, 0.003297373627770209)	(70, 0.0041249295967039626)	(75, 0.0053816838476623665)	(80, 0.006922428578643068)	(85, 0.00923418818751236)	(90, 0.013496615437439788)	(95, 0.020746725339185507)	(100, 0.032566383417217605)	(105, 0.05235319523343183)	(110, 0.08512004251890046)	(115, 0.1358245509384472)	(120, 0.21251483079243236)	(125, 0.3235242678860353)	(130, 0.4791703263102017)	(135, 0.6898964025859324)	(140, 0.844653223850934)
NG-13640_HT_1080_lib259823_5972_8_1 - polya	(1, 0.004034977860950294)	(2, 0.009162226798909425)	(3, 0.012072807962938857)	(4, 0.016885225825760148)	(5, 0.019789381865807174)	(6, 0.022674262533906985)	(7, 0.02754450651256992)	(8, 0.03330784272478714)	(9, 0.0421231128286467)	(10, 0.056503825326065404)	(15, 0.07314361141569767)	(20, 0.08841741614667067)	(25, 0.10735996667159689)	(30, 0.1243955403985453)	(35, 0.13920673620278515)	(40, 0.15239751573866248)	(45, 0.1672472622867967)	(50, 0.18036222535968163)	(55, 0.19429446420312851)	(60, 0.2074595432430762)	(65, 0.22172203345921862)	(70, 0.23593055263390889)	(75, 0.249067361128334)	(80, 0.2615295316046066)	(85, 0.273667875832166)	(90, 0.28648985325145326)	(95, 0.29950201434061974)	(100, 0.3123741077269697)	(105, 0.3250611575426265)	(110, 0.33777262282941645)	(115, 0.34975547905660165)	(120, 0.36126416113388526)	(125, 0.37197741286214725)	(130, 0.38426481996609846)	(135, 0.39591228472140216)	(140, 0.402746046589088)
NG-13640_HT_1080_lib259823_5972_8_2 - illumina_universal_adapter	(1, 2.5700495929619705e-05)	(2, 2.5700495929619705e-05)	(3, 3.2125619912024635e-05)	(4, 6.425123982404927e-05)	(5, 9.637685973607389e-05)	(6, 0.00010280198371847882)	(7, 0.00011565223168328868)	(8, 0.00012850247964809854)	(9, 0.00015420297557771823)	(10, 0.0002261643641806534)	(15, 0.0004163480340598393)	(20, 0.0007761549770745151)	(25, 0.0011899329615413924)	(30, 0.0018658560044903904)	(35, 0.0027872187835672572)	(40, 0.0036803110171215415)	(45, 0.0045001568372764105)	(50, 0.005611703286232462)	(55, 0.007162728215585013)	(60, 0.00877671935996513)	(65, 0.010774932918493062)	(70, 0.013084122477769394)	(75, 0.0159355925011607)	(80, 0.01905434768222005)	(85, 0.022882436550936903)	(90, 0.02872287425094298)	(95, 0.03760625066901603)	(100, 0.05110029605686286)	(105, 0.07274139865439913)	(110, 0.10713123225782326)	(115, 0.1595306883839284)	(120, 0.2379197710188615)	(125, 0.35067555681088197)	(130, 0.5081232199997148)	(135, 0.719056185267679)	(140, 0.8726474890422723)
NG-13640_HT_1080_lib259823_5972_8_2 - polya	(1, 0.024698176588364536)	(2, 0.034554316777373695)	(3, 0.03727214422193098)	(4, 0.0410758176195147)	(5, 0.04426267911478754)	(6, 0.04703190755120406)	(7, 0.049736884747796535)	(8, 0.056117032862324626)	(9, 0.064167713212278)	(10, 0.07801000031997118)	(15, 0.10203096884059024)	(20, 0.1241590958359928)	(25, 0.1437557239823278)	(30, 0.16110355873482113)	(35, 0.17765981821268215)	(40, 0.1940310341198499)	(45, 0.20854924427049207)	(50, 0.22645220973506514)	(55, 0.2527335368726943)	(60, 0.2737642526919021)	(65, 0.2962187759856108)	(70, 0.3230526637857268)	(75, 0.34882126602955993)	(80, 0.37269831177297313)	(85, 0.4040773322782423)	(90, 0.4306092392511852)	(95, 0.458129330292622)	(100, 0.48083443342164456)	(105, 0.5030563672271902)	(110, 0.5279640028573811)	(115, 0.5543481319787287)	(120, 0.5830440207089456)	(125, 0.6122564894073479)	(130, 0.6404782039876633)	(135, 0.6706839968537454)	(140, 0.6868843044629811)
NG-13640_HT_1080_lib259823_5988_1_1 - illumina_universal_adapter	(1, 5.015192830124302e-05)	(2, 5.015192830124302e-05)	(3, 6.12968012570748e-05)	(4, 8.637276540769631e-05)	(5, 0.00011423494779727577)	(6, 0.00013652469370893931)	(7, 0.0001588144396206029)	(8, 0.00017831796729330851)	(9, 0.00018667662201018233)	(10, 0.0002713776564745039)	(15, 0.00039842920817098615)	(20, 0.0005689457643952124)	(25, 0.0007455920007451461)	(30, 0.001047060814200396)	(35, 0.0013814070028753491)	(40, 0.001782065185637502)	(45, 0.0022585085044993106)	(50, 0.002718234513927372)	(55, 0.00333844669391941)	(60, 0.003944170539068868)	(65, 0.00471316677302126)	(70, 0.005727350212001952)	(75, 0.006966660084690447)	(80, 0.008959920612840962)	(85, 0.012399228407010649)	(90, 0.01752252650480652)	(95, 0.026491920259659935)	(100, 0.04157817753632163)	(105, 0.06660120354040293)	(110, 0.10701139839095339)	(115, 0.1706463939941617)	(120, 0.2662682894679028)	(125, 0.4044886755970719)	(130, 0.6000633641751904)	(135, 0.8617672709240323)	(140, 1.053875904012887)
NG-13640_HT_1080_lib259823_5988_1_1 - polya	(1, 0.004101313247746096)	(2, 0.008355868498634879)	(3, 0.011362197978470502)	(4, 0.015900947489732996)	(5, 0.01882647664063884)	(6, 0.02152353589595013)	(7, 0.025516186632376866)	(8, 0.030963243289539647)	(9, 0.039204876840377254)	(10, 0.05318221925793367)	(15, 0.068531495536353)	(20, 0.0834132443942752)	(25, 0.10183126144108279)	(30, 0.11846554157130951)	(35, 0.13244845642534384)	(40, 0.1454444927791393)	(45, 0.1600348032092665)	(50, 0.17282465941337902)	(55, 0.18579784877761502)	(60, 0.1980354765267661)	(65, 0.21284756992871431)	(70, 0.2269241017155777)	(75, 0.23941304634988278)	(80, 0.25108618628382096)	(85, 0.262693014223672)	(90, 0.27490389427772904)	(95, 0.28731259582675217)	(100, 0.2993496158626983)	(105, 0.31123952357562745)	(110, 0.32335845842779887)	(115, 0.334975873996958)	(120, 0.34571284460260626)	(125, 0.3560781336951776)	(130, 0.3679440799312518)	(135, 0.3787038975264595)	(140, 0.38509436767933347)
NG-13640_HT_1080_lib259823_5988_1_2 - illumina_universal_adapter	(1, 4.736571006228507e-05)	(2, 5.015192830124302e-05)	(3, 6.408301949603275e-05)	(4, 9.19452018856122e-05)	(5, 0.0001225936025141496)	(6, 0.0001476695666647711)	(7, 0.00017553174905435057)	(8, 0.00019782149496601413)	(9, 0.00020896636792184592)	(10, 0.0003114991991154983)	(15, 0.000488145435465432)	(20, 0.0007773548886692668)	(25, 0.0012537982075310756)	(30, 0.0020389545072694243)	(35, 0.003077099423105155)	(40, 0.004332012117931814)	(45, 0.005693915593134457)	(50, 0.00724472466493845)	(55, 0.009161642813341517)	(60, 0.011037882175455796)	(65, 0.013198315797943788)	(70, 0.01568083624885532)	(75, 0.018377338260518815)	(80, 0.021858439328272875)	(85, 0.02675605374871315)	(90, 0.033434618867495346)	(95, 0.04402503439377449)	(100, 0.06057517073318469)	(105, 0.08676060698655925)	(110, 0.12796375954791714)	(115, 0.19215599879891704)	(120, 0.2880319973760511)	(125, 0.4260606916903799)	(130, 0.620909291795426)	(135, 0.879805247803046)	(140, 1.068790530246029)
NG-13640_HT_1080_lib259823_5988_1_2 - polya	(1, 0.020060771320497207)	(2, 0.02598148507828284)	(3, 0.02843614334680479)	(4, 0.03193841967317493)	(5, 0.034641051364964134)	(6, 0.03711521316115879)	(7, 0.039455636481883466)	(8, 0.0448664723019398)	(9, 0.05203262561253963)	(10, 0.06394649480232381)	(15, 0.0848169411430622)	(20, 0.10490390291500559)	(25, 0.12245150538396274)	(30, 0.13857423584551679)	(35, 0.1540973721420471)	(40, 0.17151346511012544)	(45, 0.1903315830960474)	(50, 0.20983176730686628)	(55, 0.23177992286243354)	(60, 0.25113243750658765)	(65, 0.27247709819159666)	(70, 0.29915959577880136)	(75, 0.32300628044239466)	(80, 0.3448396438065168)	(85, 0.3750567378516636)	(90, 0.3998267752396475)	(95, 0.42599772315817946)	(100, 0.4477625455536233)	(105, 0.4685410466924761)	(110, 0.49220216922135485)	(115, 0.5174965728819106)	(120, 0.5445663548043304)	(125, 0.5725366424615814)	(130, 0.599364023397212)	(135, 0.6278057391804946)	(140, 0.6431539009716184)
NG-13640_JEKO1_lib236395_5774_5_1 - illumina_universal_adapter	(1, 6.679924089342649e-05)	(2, 7.707604718472286e-05)	(3, 0.00015415209436944573)	(4, 0.0003262885997486601)	(5, 0.0004341950658072722)	(6, 0.0005446707334387082)	(7, 0.0005986239664680143)	(8, 0.0006654232073614408)	(9, 0.0007656220687015805)	(10, 0.001151002304625195)	(15, 0.0017259896166232276)	(20, 0.002152477077712027)	(25, 0.002559438606847364)	(30, 0.0030234364108993957)	(35, 0.0036883457779462716)	(40, 0.004613772184477511)	(45, 0.005726236465510345)	(50, 0.00727289581235045)	(55, 0.009693597534265313)	(60, 0.013791474042919746)	(65, 0.02147852514880944)	(70, 0.03537585029652954)	(75, 0.06135356123966854)	(80, 0.1089629217453573)	(85, 0.19652542206971899)	(90, 0.3472126911980541)	(95, 0.5999368284717275)	(100, 0.9975639344526795)	(105, 1.5873575551148975)	(110, 2.4085781735330207)	(115, 3.4838219175400362)	(120, 4.822698628698937)	(125, 6.407906789778011)	(130, 8.237589381880419)	(135, 10.282206753002459)	(140, 11.599508337033411)
NG-13640_JEKO1_lib236395_5774_5_1 - polya	(1, 0.003303993222651787)	(2, 0.009428969772264432)	(3, 0.013303325744083168)	(4, 0.017971565001904548)	(5, 0.02063068862977749)	(6, 0.022793956354095375)	(7, 0.026249532469543785)	(8, 0.031909483534475265)	(9, 0.04059595405219354)	(10, 0.05484731517664879)	(15, 0.07379620445685563)	(20, 0.09596276178686736)	(25, 0.12396757277096457)	(30, 0.14616701588110842)	(35, 0.16245061544966757)	(40, 0.17751384427113526)	(45, 0.1949330309348826)	(50, 0.21124951628357386)	(55, 0.2296408888224779)	(60, 0.24508538715735267)	(65, 0.2713133383336847)	(70, 0.2926485020347306)	(75, 0.3097619537113119)	(80, 0.32417363301391133)	(85, 0.33863053026419254)	(90, 0.35409147148913334)	(95, 0.37306142822223737)	(100, 0.3913911399233935)	(105, 0.40968539664284487)	(110, 0.4260666258711713)	(115, 0.43934939800267186)	(120, 0.4528299986552799)	(125, 0.46797184504487593)	(130, 0.4881930029439453)	(135, 0.5133742613995089)	(140, 0.5301521753506793)
NG-13640_JEKO1_lib236395_5774_5_2 - illumina_universal_adapter	(1, 6.679924089342649e-05)	(2, 7.450684561189878e-05)	(3, 0.00014130608650532526)	(4, 0.0003108733903117156)	(5, 0.0004213490579431517)	(6, 0.000536963128720236)	(7, 0.0005934855633223661)	(8, 0.0006602848042157926)	(9, 0.0007656220687015805)	(10, 0.0011689867156349635)	(15, 0.001807690226639034)	(20, 0.0023873021014681494)	(25, 0.0032032805209970825)	(30, 0.004330646171152296)	(35, 0.005789952664516382)	(40, 0.007563729430394138)	(45, 0.009658656392874904)	(50, 0.012274103594009836)	(55, 0.01587098579596357)	(60, 0.021081326585650834)	(65, 0.02984847003275578)	(70, 0.04485980098245241)	(75, 0.07191914578775034)	(80, 0.12059421110584653)	(85, 0.20921213943632438)	(90, 0.3614214035764005)	(95, 0.616311891616279)	(100, 1.0160354660806559)	(105, 1.6080658336321743)	(110, 2.4317600793246124)	(115, 3.5099460729728262)	(120, 4.85249160397772)	(125, 6.443002597103101)	(130, 8.27656776662236)	(135, 10.321887557454414)	(140, 11.638282727170473)
NG-13640_JEKO1_lib236395_5774_5_2 - polya	(1, 0.010050716552887862)	(2, 0.014739509423291837)	(3, 0.016525104516404585)	(4, 0.019726329676143406)	(5, 0.021989796261801434)	(6, 0.0237240073234577)	(7, 0.026002889118552672)	(8, 0.03243873905847703)	(9, 0.04169300312378942)	(10, 0.05431292124950138)	(15, 0.07989497515042547)	(20, 0.10324079600236347)	(25, 0.12276878331708485)	(30, 0.14118533403140252)	(35, 0.15935318603347084)	(40, 0.17971513617873094)	(45, 0.20267197991254332)	(50, 0.22697765447208842)	(55, 0.2553616796083345)	(60, 0.27624260847130505)	(65, 0.29978111944120484)	(70, 0.3388889919424186)	(75, 0.36471871687496293)	(80, 0.3893784274112432)	(85, 0.4226089943944646)	(90, 0.4475025022738719)	(95, 0.4721098010980665)	(100, 0.49276464022262856)	(105, 0.5133614153916447)	(110, 0.5352304591795234)	(115, 0.5579180505885039)	(120, 0.5804093549973206)	(125, 0.6051106865990806)	(130, 0.6319161942889835)	(135, 0.6628277999325738)	(140, 0.6805275434080736)
NG-13640_JURKAT_lib236382_5794_6_1 - illumina_universal_adapter	(1, 3.8935437187264376e-05)	(2, 4.42448149855277e-05)	(3, 9.02594225704765e-05)	(4, 0.0002849366085067984)	(5, 0.00043359918685817147)	(6, 0.0005380169502240168)	(7, 0.0006265065801950722)	(8, 0.0007149962101661276)	(9, 0.0007840181215435508)	(10, 0.0011447018533055726)	(15, 0.0015783010401637441)	(20, 0.0019623460342381247)	(25, 0.00233506435567621)	(30, 0.0027545052017390126)	(35, 0.0032220844065060693)	(40, 0.0037802769923634865)	(45, 0.004401474194760295)	(50, 0.0050814285114578845)	(55, 0.005924911664341985)	(60, 0.006923428648935375)	(65, 0.008309176254282102)	(70, 0.010269752495920804)	(75, 0.01323061551475232)	(80, 0.018217891059921002)	(85, 0.026778023904801017)	(90, 0.04181382787096287)	(95, 0.06837983062235323)	(100, 0.1135222844143073)	(105, 0.189467270482146)	(110, 0.311844181229877)	(115, 0.5000432183352779)	(120, 0.7763474864591398)	(125, 1.1603436342577762)	(130, 1.6700028437027488)	(135, 2.314723775372543)	(140, 2.7660141630130477)
NG-13640_JURKAT_lib236382_5794_6_1 - polya	(1, 0.003182087093759152)	(2, 0.00875516398933622)	(3, 0.011877078134715056)	(4, 0.01691213808006811)	(5, 0.019363300830266342)	(6, 0.021488821742171094)	(7, 0.024607196302351083)	(8, 0.02942457175797534)	(9, 0.03719396126943401)	(10, 0.05081888657533734)	(15, 0.06602423667252373)	(20, 0.08312220297553106)	(25, 0.10573094947461584)	(30, 0.12454950814278036)	(35, 0.13753376852769325)	(40, 0.14964729095369095)	(45, 0.16326513708919663)	(50, 0.17630886250545008)	(55, 0.19141050275631039)	(60, 0.20368507630885543)	(65, 0.21852903475724003)	(70, 0.23410356359066564)	(75, 0.24892805432045662)	(80, 0.2623823716197758)	(85, 0.2752020412929425)	(90, 0.288233378161)	(95, 0.3053401934270044)	(100, 0.3211603694732298)	(105, 0.33639368229348693)	(110, 0.3500242709357084)	(115, 0.36205921457029194)	(120, 0.3744445771395607)	(125, 0.3877569570724063)	(130, 0.40324476606846027)	(135, 0.41905927877836746)	(140, 0.4275641940941455)
NG-13640_JURKAT_lib236382_5794_6_2 - illumina_universal_adapter	(1, 3.8935437187264376e-05)	(2, 4.601460758494881e-05)	(3, 9.202921516989762e-05)	(4, 0.0002884761937056406)	(5, 0.00043713877205701365)	(6, 0.0005433263280222801)	(7, 0.0006335857505927567)	(8, 0.0007291545509614965)	(9, 0.0008017160475377619)	(10, 0.0011769120786150368)	(15, 0.0016982929784044951)	(20, 0.0023021462133269773)	(25, 0.003233411079142364)	(30, 0.004478637152095055)	(35, 0.005960307516330407)	(40, 0.007611524011590301)	(45, 0.009396890785886316)	(50, 0.011340477018570574)	(55, 0.013553071726366845)	(60, 0.015965299039377816)	(65, 0.0188167888755651)	(70, 0.022194261072300346)	(75, 0.026673606141435175)	(80, 0.03318148748802647)	(85, 0.043169489002119435)	(90, 0.059511399906654064)	(95, 0.08738988084977513)	(100, 0.13395595580870354)	(105, 0.21131677595607914)	(110, 0.3348040545806869)	(115, 0.5231227296658087)	(120, 0.7982950384430808)	(125, 1.1797883455476161)	(130, 1.6871195698073098)	(135, 2.3346689840094994)	(140, 2.7881206423724167)
NG-13640_JURKAT_lib236382_5794_6_2 - polya	(1, 0.013912339624049329)	(2, 0.01934560290427213)	(3, 0.02108884861470192)	(4, 0.02469568593232214)	(5, 0.026776962029241364)	(6, 0.028651172392028315)	(7, 0.030735988074146382)	(8, 0.03629490662892808)	(9, 0.043841302272859685)	(10, 0.05508337882290245)	(15, 0.07519990338348241)	(20, 0.0935682268143542)	(25, 0.1086857951986093)	(30, 0.12217480043287712)	(35, 0.13500792052979946)	(40, 0.14934005495843145)	(45, 0.16622033677171)	(50, 0.1838138450025552)	(55, 0.20545168328159757)	(60, 0.2211564688503406)	(65, 0.2391789748072855)	(70, 0.26170170938603843)	(75, 0.28165045760819324)	(80, 0.30018478758489076)	(85, 0.32646479185221466)	(90, 0.3463222187762394)	(95, 0.3662019450870168)	(100, 0.3822114889413802)	(105, 0.3983141238864731)	(110, 0.41540288726796337)	(115, 0.43357936518105794)	(120, 0.45215156871938306)	(125, 0.47197890916921753)	(130, 0.4921761362723311)	(135, 0.514041923838179)	(140, 0.5251417090632282)
NG-13640_JVM2_lib236381_5767_8_1 - illumina_universal_adapter	(1, 6.288354086452946e-05)	(2, 6.288354086452946e-05)	(3, 9.055229884492242e-05)	(4, 0.00017858925605526366)	(5, 0.0002565648467272802)	(6, 0.0002917796296114167)	(7, 0.000367239878648852)	(8, 0.0004074853448021509)	(9, 0.00045779217749377445)	(10, 0.0007113386142595572)	(15, 0.0010946766793697288)	(20, 0.001519769415613948)	(25, 0.0020842120784139648)	(30, 0.002719084306982254)	(35, 0.003680950948046096)	(40, 0.004715259428185877)	(45, 0.005653984926211573)	(50, 0.006615348498948499)	(55, 0.0078066142970861455)	(60, 0.00930927938958494)	(65, 0.011675209731071997)	(70, 0.015674099861729154)	(75, 0.023238738293568588)	(80, 0.037970088110656726)	(85, 0.06659517898051745)	(90, 0.12013472874090474)	(95, 0.21817519963197532)	(100, 0.3862105852568633)	(105, 0.656171135393269)	(110, 1.0624561591673978)	(115, 1.63050481573475)	(120, 2.377031550257117)	(125, 3.3113275316643156)	(130, 4.428151291058205)	(135, 5.711186310323583)	(140, 6.551788331184268)
NG-13640_JVM2_lib236381_5767_8_1 - polya	(1, 0.002351844428333402)	(2, 0.006992649744135676)	(3, 0.01013934212899673)	(4, 0.01502665092498796)	(5, 0.01760739144206825)	(6, 0.019994450653285787)	(7, 0.02413721832544099)	(8, 0.029384220975177327)	(9, 0.03914123117571772)	(10, 0.05445966173031709)	(15, 0.0721621330861725)	(20, 0.08833678593318332)	(25, 0.11109408783789307)	(30, 0.13235627067500774)	(35, 0.14750717947674405)	(40, 0.16087471105956225)	(45, 0.17639084746663972)	(50, 0.19108849170582445)	(55, 0.20585052869085446)	(60, 0.2192950297276909)	(65, 0.23683400387729853)	(70, 0.25740396469657645)	(75, 0.2724084806151802)	(80, 0.28509183927339227)	(85, 0.29810621689071526)	(90, 0.31319122374162556)	(95, 0.3296169076837675)	(100, 0.3457206278966831)	(105, 0.36156325564792924)	(110, 0.37648074074597637)	(115, 0.388056342948319)	(120, 0.39960427639268115)	(125, 0.4116743947603824)	(130, 0.4262477811228188)	(135, 0.44166078852287843)	(140, 0.4506938834009864)
NG-13640_JVM2_lib236381_5767_8_2 - illumina_universal_adapter	(1, 6.791422413369182e-05)	(2, 6.791422413369182e-05)	(3, 0.00010061366538324714)	(4, 0.00019619664749733192)	(5, 0.0002766875798039296)	(6, 0.00032196372922639084)	(7, 0.0004049700031675697)	(8, 0.0004527614942246121)	(9, 0.0005206757183583039)	(10, 0.0008416333109308623)	(15, 0.00140859131536546)	(20, 0.002277893384276715)	(25, 0.004051712304983362)	(30, 0.0063467100123752295)	(35, 0.009208665724201693)	(40, 0.01246049938938824)	(45, 0.01576565829722791)	(50, 0.019128166994336025)	(55, 0.023076247223974646)	(60, 0.02731912549318618)	(65, 0.03238955116017492)	(70, 0.03944357524019437)	(75, 0.04985407119739895)	(80, 0.0675912542678116)	(85, 0.09900233753213444)	(90, 0.15562217465822986)	(95, 0.2564441103288203)	(100, 0.4271880158258252)	(105, 0.7003787676893601)	(110, 1.1098955023955988)	(115, 1.6822992214690644)	(120, 2.4350795983633278)	(125, 3.3752846203384843)	(130, 4.495557416181711)	(135, 5.780462843486565)	(140, 6.623080659133202)
NG-13640_JVM2_lib236381_5767_8_2 - polya	(1, 0.009885292623904031)	(2, 0.014546220672782955)	(3, 0.016339659258239336)	(4, 0.019478805618196645)	(5, 0.02132506637797923)	(6, 0.022811633284016707)	(7, 0.02463777131072264)	(8, 0.029829436444498196)	(9, 0.036854785629883424)	(10, 0.04737847196064416)	(15, 0.06555583981710851)	(20, 0.08367434867932365)	(25, 0.09839362485656579)	(30, 0.11187233453963248)	(35, 0.1256574128337912)	(40, 0.14063174465277983)	(45, 0.15650455650364092)	(50, 0.17383224195594374)	(55, 0.1937371464470384)	(60, 0.20987909985279968)	(65, 0.22695927568825974)	(70, 0.24866768013134913)	(75, 0.26759361365826484)	(80, 0.28536550844323466)	(85, 0.3093764566186197)	(90, 0.32882105359058605)	(95, 0.34822942964301434)	(100, 0.36489507717709546)	(105, 0.3815194731083694)	(110, 0.3993502268875885)	(115, 0.4178344664234717)	(120, 0.43650635044529473)	(125, 0.45603747516949056)	(130, 0.4750952125980584)	(135, 0.49560027760316416)	(140, 0.5073368616701199)
NG-13640_JVM_13_lib227481_5697_4_1 - illumina_universal_adapter	(1, 3.570842717782676e-05)	(2, 3.570842717782676e-05)	(3, 6.317644808384734e-05)	(4, 0.0001455805108019091)	(5, 0.00018952934425154203)	(6, 0.00023347817770117497)	(7, 0.00027193340696960377)	(8, 0.00031588224041923673)	(9, 0.00035983107386886964)	(10, 0.0005521072202110137)	(15, 0.0008745817856476953)	(20, 0.001243751986624612)	(25, 0.0017085109003544805)	(30, 0.002222712251715186)	(35, 0.0032000244355513984)	(40, 0.004119653775484967)	(45, 0.004856346096184439)	(50, 0.005688077769218742)	(55, 0.006745047213682414)	(60, 0.008315119288670552)	(65, 0.010744391057599011)	(70, 0.014423457777751409)	(75, 0.02116301138725262)	(80, 0.03308083629795683)	(85, 0.05496900343712839)	(90, 0.09502671704521444)	(95, 0.16609362881452527)	(100, 0.28744349965439736)	(105, 0.48581534919600555)	(110, 0.792421089594861)	(115, 1.2337646142231828)	(120, 1.8408336961858893)	(125, 2.6291796301991335)	(130, 3.6110097541139674)	(135, 4.794089826800944)	(140, 5.594148124928514)
NG-13640_JVM_13_lib227481_5697_4_1 - polya	(1, 0.004172392375624527)	(2, 0.00998187879724788)	(3, 0.013396153795866238)	(4, 0.018046489735255522)	(5, 0.02061749649205905)	(6, 0.022957771873252004)	(7, 0.02630063001751471)	(8, 0.03129706302031985)	(9, 0.03968304980292794)	(10, 0.05275123542917628)	(15, 0.07007202005209476)	(20, 0.08830034808574813)	(25, 0.11365662754451385)	(30, 0.13555083764828474)	(35, 0.15084008744499394)	(40, 0.16417086735110384)	(45, 0.17917060420746359)	(50, 0.1926672909598458)	(55, 0.20766757717662365)	(60, 0.22019134662851467)	(65, 0.2351229627930275)	(70, 0.25190097932284294)	(75, 0.2678351782504255)	(80, 0.2812467141379991)	(85, 0.29477196763212365)	(90, 0.3098700400033269)	(95, 0.3274199079206016)	(100, 0.3438111747160603)	(105, 0.36003818274650107)	(110, 0.37409466776494804)	(115, 0.38625311253878897)	(120, 0.39902079801632545)	(125, 0.41191923127337454)	(130, 0.42707443712806237)	(135, 0.44300588925355433)	(140, 0.45228843223853493)
NG-13640_JVM_13_lib227481_5697_4_2 - illumina_universal_adapter	(1, 3.570842717782676e-05)	(2, 3.570842717782676e-05)	(3, 6.59232501744494e-05)	(4, 0.00016206132334552144)	(5, 0.0002115037609763585)	(6, 0.00026643980278839965)	(7, 0.00030489503205682845)	(8, 0.00035433746968766553)	(9, 0.00039828630313729844)	(10, 0.0006295670391659918)	(15, 0.001099270196658944)	(20, 0.0018337650756859343)	(25, 0.0032291405377117798)	(30, 0.005033240150819212)	(35, 0.007440537503022855)	(40, 0.01018074726860747)	(45, 0.012717144319069413)	(50, 0.015445817515873494)	(55, 0.018539815390727653)	(60, 0.02225733734014848)	(65, 0.026791758231314362)	(70, 0.0325875106424847)	(75, 0.04139265942411866)	(80, 0.05531125497761741)	(85, 0.07912273294062852)	(90, 0.12122351794370441)	(95, 0.1944351327853573)	(100, 0.31771051189074145)	(105, 0.5185336076180029)	(110, 0.8280745807308758)	(115, 1.2724873820152365)	(120, 1.8798981661580136)	(125, 2.669169772475791)	(130, 3.6564989941760104)	(135, 4.84415194298342)	(140, 5.645834699867374)
NG-13640_JVM_13_lib227481_5697_4_2 - polya	(1, 0.0072131022899210055)	(2, 0.010160420933137014)	(3, 0.011448671113629379)	(4, 0.014030665078795313)	(5, 0.015574367853713671)	(6, 0.01692030087810868)	(7, 0.01852443329902028)	(8, 0.023144554415412945)	(9, 0.029297391098361554)	(10, 0.03823218893867193)	(15, 0.05560955768465679)	(20, 0.07125973727607107)	(25, 0.08510911341688666)	(30, 0.0980503967865492)	(35, 0.1108428034829011)	(40, 0.12532504282539142)	(45, 0.1420657028467747)	(50, 0.16055937196238024)	(55, 0.18193663391269982)	(60, 0.19734344683888677)	(65, 0.21512349677135387)	(70, 0.2365007587216735)	(75, 0.25712210073665936)	(80, 0.27578662094230033)	(85, 0.30261134079870194)	(90, 0.32259817153075876)	(95, 0.3421565011366816)	(100, 0.3578852392678872)	(105, 0.37472038928118717)	(110, 0.39278335982898627)	(115, 0.411063327741943)	(120, 0.428975224174759)	(125, 0.44910543797594527)	(130, 0.4698278623078653)	(135, 0.49165944532397055)	(140, 0.5034256467592735)
NG-13640_JVM_3_lib227480_5697_4_1 - illumina_universal_adapter	(1, 3.7614435336986596e-05)	(2, 3.7614435336986596e-05)	(3, 5.266020947178124e-05)	(4, 0.00010030516089863092)	(5, 0.00014293485428054908)	(6, 0.00016550351548274102)	(7, 0.00020311795081972764)	(8, 0.00021816372495452225)	(9, 0.00024324001517918)	(10, 0.00035207111475419456)	(15, 0.0005075441141470726)	(20, 0.0006966193424409918)	(25, 0.001041167570127789)	(30, 0.0014423882137223128)	(35, 0.00233861482635158)	(40, 0.0031601140941113675)	(45, 0.0037985564432311534)	(50, 0.004603003833638173)	(55, 0.005531829623559496)	(60, 0.00674401749301945)	(65, 0.00855653175045771)	(70, 0.011499986697028038)	(75, 0.016948563037041668)	(80, 0.02655478829630355)	(85, 0.0444351862780935)	(90, 0.07745915592655425)	(95, 0.13699829333276362)	(100, 0.23965260109964043)	(105, 0.4070152727396376)	(110, 0.6675729739479663)	(115, 1.0479692630883253)	(120, 1.5759435324072308)	(125, 2.267257233362489)	(130, 3.13860515693407)	(135, 4.1939007089744305)	(140, 4.908811700556897)
NG-13640_JVM_3_lib227480_5697_4_1 - polya	(1, 0.004079912419551813)	(2, 0.01016843568609871)	(3, 0.013917341074685041)	(4, 0.01895516778081878)	(5, 0.02195679972071031)	(6, 0.024878187531882937)	(7, 0.02964519030359037)	(8, 0.03548295066789069)	(9, 0.04517995209776583)	(10, 0.06090980742988914)	(15, 0.08002245431331877)	(20, 0.10000374389013053)	(25, 0.12747933356348354)	(30, 0.15152398520829885)	(35, 0.168546272538601)	(40, 0.1839892551105542)	(45, 0.2003881458658714)	(50, 0.21582260249914823)	(55, 0.2326959366655159)	(60, 0.24683996740383182)	(65, 0.2640894459235694)	(70, 0.28474629075903346)	(75, 0.30254494003469107)	(80, 0.3178269328234019)	(85, 0.3339314279314817)	(90, 0.35104148227757015)	(95, 0.3718156841512856)	(100, 0.39080194653198286)	(105, 0.41009113049859414)	(110, 0.4274509446953202)	(115, 0.4419861655611408)	(120, 0.4567209936971497)	(125, 0.47171611372569044)	(130, 0.48920833073480274)	(135, 0.5084353255016568)	(140, 0.5188760896995953)
NG-13640_JVM_3_lib227480_5697_4_2 - illumina_universal_adapter	(1, 3.510680631452083e-05)	(2, 3.510680631452083e-05)	(3, 5.015258044931546e-05)	(4, 0.00010030516089863092)	(5, 0.00014795011232548061)	(6, 0.00017302640255013836)	(7, 0.00022067135397698805)	(8, 0.0002357171281117827)	(9, 0.00026580867638137195)	(10, 0.0004037282726169895)	(15, 0.0006755552586522794)	(20, 0.0011951359921071876)	(25, 0.0023581743327268133)	(30, 0.003927448574985894)	(35, 0.006148204837281583)	(40, 0.008623736208259795)	(45, 0.01092172744444743)	(50, 0.013440891560416543)	(55, 0.016259968107472565)	(60, 0.019476253091687167)	(65, 0.023377622324839416)	(70, 0.02842146734062707)	(75, 0.03602560158835229)	(80, 0.04773121386522251)	(85, 0.06758511588769303)	(90, 0.10249983781909297)	(95, 0.16379682317005081)	(100, 0.2681432790012876)	(105, 0.43754866524298536)	(110, 0.7008612476953949)	(115, 1.083624237107157)	(120, 1.611143120995583)	(125, 2.302968879797229)	(130, 3.1781785520634065)	(135, 4.23622246551239)	(140, 4.951980534178645)
NG-13640_JVM_3_lib227480_5697_4_2 - polya	(1, 0.008796762610809932)	(2, 0.012480469644812153)	(3, 0.01423831758956066)	(4, 0.01756594130237274)	(5, 0.01976763958409769)	(6, 0.02155307144809332)	(7, 0.023847552003649502)	(8, 0.02980567856102818)	(9, 0.03797553391622167)	(10, 0.04951564267760916)	(15, 0.07136361129874444)	(20, 0.09151893032971535)	(25, 0.10903421752583428)	(30, 0.12511163024047134)	(35, 0.14084950998546655)	(40, 0.15922340935887774)	(45, 0.18076093350703176)	(50, 0.2040126728549434)	(55, 0.23059203591566715)	(60, 0.2507639052981863)	(65, 0.27319865911057856)	(70, 0.29913807524476904)	(75, 0.3250634486564337)	(80, 0.348481694571437)	(85, 0.3824059030389631)	(90, 0.4075544129794678)	(95, 0.43242758525330577)	(100, 0.4521225035957519)	(105, 0.4725792396352233)	(110, 0.4949136882867169)	(115, 0.5172702040736082)	(120, 0.5393995286710642)	(125, 0.5636081792539487)	(130, 0.5891789739218367)	(135, 0.6154704611707814)	(140, 0.6292769650426735)
NG-13640_KASUMI_1_RNA_lib206691_5568_1_1 - illumina_universal_adapter	(1, 2.6632796851151163e-06)	(2, 2.6632796851151163e-06)	(3, 2.6632796851151163e-06)	(4, 1.0653118740460465e-05)	(5, 1.0653118740460465e-05)	(6, 1.0653118740460465e-05)	(7, 1.0653118740460465e-05)	(8, 1.0653118740460465e-05)	(9, 1.0653118740460465e-05)	(10, 2.5567484977105117e-05)	(15, 7.670245493131536e-05)	(20, 0.0002572728175821202)	(25, 0.00041227569525582007)	(30, 0.0006019012088360161)	(35, 0.0008096370242749954)	(40, 0.00107649764872353)	(45, 0.001369458414086193)	(50, 0.001698107127229398)	(55, 0.0020608458203420768)	(60, 0.00254236678741089)	(65, 0.003128288318136215)	(70, 0.003953905020521902)	(75, 0.005161436029753096)	(80, 0.007176473439511192)	(85, 0.010850201437158983)	(90, 0.01741997976440095)	(95, 0.028915760197231844)	(100, 0.050482999087294055)	(105, 0.08799263017245536)	(110, 0.15309596941915737)	(115, 0.2575476680456241)	(120, 0.4236063523481738)	(125, 0.6660521592673211)	(130, 1.0170042418055545)	(135, 1.493933182041292)	(140, 1.8327732012275588)
NG-13640_KASUMI_1_RNA_lib206691_5568_1_1 - polya	(1, 0.005299926573379081)	(2, 0.007792756358646831)	(3, 0.010357494695412688)	(4, 0.014152668246701729)	(5, 0.016120831934001798)	(6, 0.018033066747914453)	(7, 0.02065639723775284)	(8, 0.02430509040636055)	(9, 0.030875401389539543)	(10, 0.042676926330221646)	(15, 0.05558903889959675)	(20, 0.06902049100756931)	(25, 0.08912132810300713)	(30, 0.10572634428376286)	(35, 0.11691744552061656)	(40, 0.1282129473211268)	(45, 0.14005974801645588)	(50, 0.15174728458661507)	(55, 0.16300763109528177)	(60, 0.17314833482432607)	(65, 0.18503881330649102)	(70, 0.19912649752887596)	(75, 0.21227723995803735)	(80, 0.22336979984654182)	(85, 0.23410388228942977)	(90, 0.24650624312707387)	(95, 0.2619463407735602)	(100, 0.2766098260638671)	(105, 0.2918272735286778)	(110, 0.3058670187167306)	(115, 0.31674491826261486)	(120, 0.32747420680206957)	(125, 0.33876065345165046)	(130, 0.35274819835787496)	(135, 0.3673994325616302)	(140, 0.37532002634516265)
NG-13640_KASUMI_1_RNA_lib206691_5568_1_2 - illumina_universal_adapter	(1, 2.6632796851151163e-06)	(2, 2.6632796851151163e-06)	(3, 2.6632796851151163e-06)	(4, 2.6632796851151163e-06)	(5, 5.326559370230233e-06)	(6, 5.326559370230233e-06)	(7, 5.326559370230233e-06)	(8, 1.0653118740460465e-05)	(9, 1.8642957795805814e-05)	(10, 5.060231401718721e-05)	(15, 0.00016139474891797604)	(20, 0.00046554128895812233)	(25, 0.0009193641473017381)	(30, 0.0015926412516988394)	(35, 0.002379374070681845)	(40, 0.0032950096264244217)	(45, 0.004294804820216636)	(50, 0.00537556371643635)	(55, 0.00654527615413891)	(60, 0.007916865191973195)	(65, 0.009401377288456362)	(70, 0.011179382806239212)	(75, 0.013319061705260695)	(80, 0.016330165717251845)	(85, 0.021151767259184252)	(90, 0.028671803778075294)	(95, 0.04119188157780146)	(100, 0.06385319576250896)	(105, 0.10268487888336142)	(110, 0.1694522352773233)	(115, 0.27548858531643355)	(120, 0.4420160068435635)	(125, 0.6844048195774494)	(130, 1.0360514854575609)	(135, 1.5116732880238437)	(140, 1.8477754556938124)
NG-13640_KASUMI_1_RNA_lib206691_5568_1_2 - polya	(1, 0.0033770386407259672)	(2, 0.006253380700650293)	(3, 0.007347988651232606)	(4, 0.009100426684038352)	(5, 0.010298902542340154)	(6, 0.01124436683055602)	(7, 0.012517414520041046)	(8, 0.016030280424707884)	(9, 0.02110382822485218)	(10, 0.029888389938235883)	(15, 0.04475375182867441)	(20, 0.05920950130354223)	(25, 0.07081287823565179)	(30, 0.08173818415993102)	(35, 0.09384119236096815)	(40, 0.10674797837097302)	(45, 0.12030300665633491)	(50, 0.13507089251029825)	(55, 0.1506196519679373)	(60, 0.16374749019180673)	(65, 0.17746231525827555)	(70, 0.19297059286470084)	(75, 0.20792224501693712)	(80, 0.22209621950111974)	(85, 0.24017136606805903)	(90, 0.2557382358275569)	(95, 0.2708603378796406)	(100, 0.2834704345327236)	(105, 0.2962472524940948)	(110, 0.3098635362122144)	(115, 0.32327847598613924)	(120, 0.33643241435092286)	(125, 0.3506452727185081)	(130, 0.36524430664043517)	(135, 0.3803930414893699)	(140, 0.38858049589735083)
NG-13640_KCL_22_lib259815_5981_7_1 - illumina_universal_adapter	(1, 6.144005855899243e-05)	(2, 6.852929608503002e-05)	(3, 0.00011815395876729313)	(4, 0.0002906587385675411)	(5, 0.00042299117238690944)	(6, 0.0005435082103295484)	(7, 0.000602585189713195)	(8, 0.0006498467732201122)	(9, 0.0007136499109544506)	(10, 0.0010321929837910728)	(15, 0.0013852370125877447)	(20, 0.0016423400268653747)	(25, 0.0018758122493895458)	(30, 0.0021352783428425213)	(35, 0.002425464465574993)	(40, 0.0027605490926390364)	(45, 0.0031547106990867267)	(50, 0.0036088945165882015)	(55, 0.004175088287001071)	(60, 0.004824462444386113)	(65, 0.005736138390234547)	(70, 0.006948870623022044)	(75, 0.008803887775668547)	(80, 0.011779477073264056)	(85, 0.016485785558882877)	(90, 0.02416342979958158)	(95, 0.03712491907635364)	(100, 0.058397357812817095)	(105, 0.09336100467539941)	(110, 0.14889761883854283)	(115, 0.2340492864587907)	(120, 0.3591984322009426)	(125, 0.5342836944606683)	(130, 0.7742335896202975)	(135, 1.0858311001447434)	(140, 1.309235660150271)
NG-13640_KCL_22_lib259815_5981_7_1 - polya	(1, 0.0029373074149549074)	(2, 0.007951761425038827)	(3, 0.010574779309672735)	(4, 0.014795238716840445)	(5, 0.016846391441040654)	(6, 0.01838002982584012)	(7, 0.020551699587982968)	(8, 0.024075050638423648)	(9, 0.029389615703776493)	(10, 0.03855505459327296)	(15, 0.050447959466953615)	(20, 0.06276763643970174)	(25, 0.07885075330710567)	(30, 0.0926052919551238)	(35, 0.10289508391624982)	(40, 0.11286916849954964)	(45, 0.12423652456463338)	(50, 0.1341496417052093)	(55, 0.1456824133125672)	(60, 0.15496411569749072)	(65, 0.16770253030011012)	(70, 0.17961386719135847)	(75, 0.19082289695169402)	(80, 0.20064101830942102)	(85, 0.20994162532774724)	(90, 0.21938874325494498)	(95, 0.23115876801150764)	(100, 0.24238717502108104)	(105, 0.2532672641602084)	(110, 0.2629875540400761)	(115, 0.2717767907248575)	(120, 0.2806113985298056)	(125, 0.2895277688742206)	(130, 0.30019659873507204)	(135, 0.3108006802265191)	(140, 0.31667151412974837)
NG-13640_KCL_22_lib259815_5981_7_2 - illumina_universal_adapter	(1, 5.9076979383646565e-05)	(2, 6.144005855899243e-05)	(3, 0.0001134278004166014)	(4, 0.0002906587385675411)	(5, 0.00042062809321156356)	(6, 0.000550597447855586)	(7, 0.0006120375064145784)	(8, 0.0006758406441489167)	(9, 0.0007467330194092926)	(10, 0.001109701980742417)	(15, 0.001665025586948695)	(20, 0.0023120366651583923)	(25, 0.003222767379336687)	(30, 0.004307893336655507)	(35, 0.005583483475507204)	(40, 0.0071152313969663926)	(45, 0.008758044039666837)	(50, 0.010603608875611955)	(55, 0.012642946203935435)	(60, 0.014732853426611315)	(65, 0.017096405217792245)	(70, 0.019801658257728193)	(75, 0.023168100850925903)	(80, 0.027593675530513638)	(85, 0.03371216013131915)	(90, 0.04273345119111951)	(95, 0.057141617539038306)	(100, 0.07972367475447845)	(105, 0.11596622006675794)	(110, 0.17262198852734514)	(115, 0.2589764634478441)	(120, 0.38544893352818965)	(125, 0.5620234082842183)	(130, 0.8033717736998172)	(135, 1.1156295285458548)	(140, 1.3389041191967384)
NG-13640_KCL_22_lib259815_5981_7_2 - polya	(1, 0.018923538036169668)	(2, 0.023489007002937875)	(3, 0.02505100233784149)	(4, 0.02785597731897703)	(5, 0.0295857512753302)	(6, 0.03108158039332413)	(7, 0.032650664965753785)	(8, 0.036972736777461365)	(9, 0.04272210841107785)	(10, 0.05177837304267334)	(15, 0.06877411108759586)	(20, 0.08499995793719069)	(25, 0.09882727942380946)	(30, 0.11120272506509574)	(35, 0.12312729519972603)	(40, 0.13627263203634)	(45, 0.15134246055335562)	(50, 0.1672842652860739)	(55, 0.18633540959771222)	(60, 0.20048127415716763)	(65, 0.21627609536517936)	(70, 0.2387915137478748)	(75, 0.2574414072155394)	(80, 0.27443005602293585)	(85, 0.2986705222036337)	(90, 0.3169829679650589)	(95, 0.33545468526290245)	(100, 0.350653537902892)	(105, 0.36600504545760887)	(110, 0.38247239899892405)	(115, 0.40025740548841215)	(120, 0.41779287081698363)	(125, 0.43631799370419)	(130, 0.45499860720113405)	(135, 0.4747374075527981)	(140, 0.4850905300358233)
NG-13640_KG_1_lib248391_5885_6_1 - illumina_universal_adapter	(1, 7.102070305987759e-05)	(2, 7.102070305987759e-05)	(3, 8.95478429885413e-05)	(4, 0.00013277783615542332)	(5, 0.0002037985392153009)	(6, 0.00022850139245351919)	(7, 0.00025937995900129207)	(8, 0.00028408281223951036)	(9, 0.00032731280540639236)	(10, 0.0003872172245090717)	(15, 0.0005255532026430941)	(20, 0.0006608013241223394)	(25, 0.000847925437401843)	(30, 0.0011029823970864466)	(35, 0.0015204606168123358)	(40, 0.0020132825389147908)	(45, 0.0024424946139288335)	(50, 0.002898879827504916)	(55, 0.0034991591611936213)	(60, 0.004489743576046174)	(65, 0.006134336030380558)	(70, 0.009175874835336184)	(75, 0.014579623981196435)	(80, 0.024102573904529585)	(85, 0.04101908780206147)	(90, 0.07079343681008597)	(95, 0.12131015411091144)	(100, 0.20060137243494452)	(105, 0.32031139922735036)	(110, 0.4926990254075948)	(115, 0.7267492962697488)	(120, 1.0346314548902895)	(125, 1.4242473264487923)	(130, 1.9057615174814526)	(135, 2.493898163660911)	(140, 2.897586015566565)
NG-13640_KG_1_lib248391_5885_6_1 - polya	(1, 0.005851488360802958)	(2, 0.010316529083610913)	(3, 0.013447615731555082)	(4, 0.018131894276852224)	(5, 0.021059182385581094)	(6, 0.023375074876664056)	(7, 0.027102117858980243)	(8, 0.03275289553722267)	(9, 0.04136492774739653)	(10, 0.05664240733257263)	(15, 0.07320505285746705)	(20, 0.08967320996872526)	(25, 0.11184340317869523)	(30, 0.1315000810716765)	(35, 0.14566716740379465)	(40, 0.15845336423989645)	(45, 0.17325901932822257)	(50, 0.18676777462154223)	(55, 0.20166544783818074)	(60, 0.21439853353982036)	(65, 0.23248658025217472)	(70, 0.24841745030550175)	(75, 0.2626493816273702)	(80, 0.2754189040375362)	(85, 0.28749551141437024)	(90, 0.3005497342081066)	(95, 0.3167016947979157)	(100, 0.33358485984357594)	(105, 0.3502135855008826)	(110, 0.36574426933175047)	(115, 0.37845326975148275)	(120, 0.39135186456981846)	(125, 0.40468090660583017)	(130, 0.4204580013977492)	(135, 0.43758634226179877)	(140, 0.44755703140007463)
NG-13640_KG_1_lib248391_5885_6_2 - illumina_universal_adapter	(1, 6.79328464051003e-05)	(2, 6.79328464051003e-05)	(3, 8.645998633376402e-05)	(4, 0.00012351426619109146)	(5, 0.00019762282590574633)	(6, 0.00022850139245351919)	(7, 0.00025937995900129207)	(8, 0.0002871706688942876)	(9, 0.0003365763753707242)	(10, 0.00040389165044486905)	(15, 0.0005687831958099762)	(20, 0.00082384015549458)	(25, 0.0012579928011562664)	(30, 0.0020546598180888062)	(35, 0.0031347920759299008)	(40, 0.0043810510217980134)	(45, 0.0055130592714393665)	(50, 0.006796990068495762)	(55, 0.00840144038631804)	(60, 0.01044621906311156)	(65, 0.013095600072910472)	(70, 0.017249384844916876)	(75, 0.02387654279739989)	(80, 0.03450926840246)	(85, 0.052544203980352214)	(90, 0.0834474733813633)	(95, 0.13515116278028513)	(100, 0.2156892576215173)	(105, 0.3370012644464216)	(110, 0.5105888317227125)	(115, 0.747127297477286)	(120, 1.0574538034257484)	(125, 1.4489186835491317)	(130, 1.9328031133499994)	(135, 2.5190833401086055)	(140, 2.9193337899861613)
NG-13640_KG_1_lib248391_5885_6_2 - polya	(1, 0.02956005175618296)	(2, 0.0361217471475847)	(3, 0.03883906100378871)	(4, 0.04284401108503485)	(5, 0.04606773343262233)	(6, 0.0486275665994327)	(7, 0.05135105616894627)	(8, 0.05753912090511995)	(9, 0.06660198018689129)	(10, 0.08164478266630432)	(15, 0.10615310093527164)	(20, 0.12837887556502758)	(25, 0.1458715835143409)	(30, 0.16168696772877922)	(35, 0.17750791008519612)	(40, 0.19523220728361773)	(45, 0.21386186405322008)	(50, 0.23474936160879553)	(55, 0.25737532246101064)	(60, 0.27518422693177313)	(65, 0.29472109598654905)	(70, 0.32453373441709277)	(75, 0.3464130515301827)	(80, 0.36673855917458875)	(85, 0.39399506986630783)	(90, 0.41673095841543295)	(95, 0.43925007942739286)	(100, 0.45778524778335894)	(105, 0.4763383257079227)	(110, 0.4958029389169769)	(115, 0.5156658856344973)	(120, 0.5353200932421547)	(125, 0.5572698134869736)	(130, 0.5805436066653609)	(135, 0.6060598013464474)	(140, 0.6201435155488867)
NG-13640_KHYG_1_lib248382_5885_5_1 - illumina_universal_adapter	(1, 0.00011391009551328963)	(2, 0.00012041924382833475)	(3, 0.00017249243034869573)	(4, 0.0003059299708071207)	(5, 0.0003840397505876622)	(6, 0.00046865867868324876)	(7, 0.0005337501618337)	(8, 0.0005793142000390159)	(9, 0.0006281328124018542)	(10, 0.000851396599607902)	(15, 0.0011579774852465271)	(20, 0.0014196452475113413)	(25, 0.00172101881449793)	(30, 0.0021330479028402864)	(35, 0.002923258508286764)	(40, 0.003840397505876622)	(45, 0.004674870319865407)	(50, 0.005654497141279698)	(55, 0.007062425921823957)	(60, 0.009078960069824936)	(65, 0.012245660725094388)	(70, 0.01725445035352161)	(75, 0.025230760698777905)	(80, 0.038178758527065655)	(85, 0.05973640683166359)	(90, 0.09345965333708087)	(95, 0.1463360687595184)	(100, 0.22779480534815058)	(105, 0.34683085515953826)	(110, 0.5134090733491841)	(115, 0.7356938846486488)	(120, 1.0211291510710185)	(125, 1.3740388998419777)	(130, 1.7996473733991807)	(135, 2.303652029262788)	(140, 2.638886836699073)
NG-13640_KHYG_1_lib248382_5885_5_1 - polya	(1, 0.01799779509109976)	(2, 0.024380015014001503)	(3, 0.028376632079439208)	(4, 0.033447258616859356)	(5, 0.036786451702477505)	(6, 0.039458457085803526)	(7, 0.04421664450410151)	(8, 0.0501725152123678)	(9, 0.0592755591309584)	(10, 0.07567600922554608)	(15, 0.09381505283508232)	(20, 0.1110363065321972)	(25, 0.133436238628762)	(30, 0.15319020193526092)	(35, 0.16826018211425336)	(40, 0.18201726707810123)	(45, 0.19798485880973843)	(50, 0.21284068800916592)	(55, 0.23001312309391797)	(60, 0.24451225096568097)	(65, 0.2755166262199039)	(70, 0.2971517333894509)	(75, 0.3124391191221658)	(80, 0.326021107996339)	(85, 0.33943190626982644)	(90, 0.35347018644088424)	(95, 0.3699350771037909)	(100, 0.3864526918680494)	(105, 0.40354571534335787)	(110, 0.41877126416707994)	(115, 0.4316378976414296)	(120, 0.444750576922088)	(125, 0.45867234333830653)	(130, 0.4747252049128708)	(135, 0.49219055167179987)	(140, 0.5024574313091206)
NG-13640_KHYG_1_lib248382_5885_5_2 - illumina_universal_adapter	(1, 0.00011716466967081219)	(2, 0.0001236738179858573)	(3, 0.00017574700450621828)	(4, 0.0003124391191221658)	(5, 0.00038729432474518473)	(6, 0.0004751678269982939)	(7, 0.0005467684584637903)	(8, 0.0005955870708266286)	(9, 0.0006509148315045122)	(10, 0.0009086771047802989)	(15, 0.0012998769185145107)	(20, 0.001743800833600588)	(25, 0.0026010556666920307)	(30, 0.0038729432474518474)	(35, 0.005654497141279697)	(40, 0.007839618230640345)	(45, 0.009968109729660099)	(50, 0.012346552523977585)	(55, 0.01538046655362012)	(60, 0.01907505913723973)	(65, 0.023977098733300208)	(70, 0.03086117399129193)	(75, 0.040815614509490436)	(80, 0.05564931260464676)	(85, 0.07895401631700281)	(90, 0.11445035482343838)	(95, 0.1695294660356872)	(100, 0.2532227932408744)	(105, 0.3740013420561996)	(110, 0.5425537849297986)	(115, 0.7675021397197799)	(120, 1.0557057469205382)	(125, 1.4120301948975698)	(130, 1.8393948366701722)	(135, 2.344080349447533)	(140, 2.679383502941126)
NG-13640_KHYG_1_lib248382_5885_5_2 - polya	(1, 0.015163060999897612)	(2, 0.02005794053281154)	(3, 0.022118085974523322)	(4, 0.025213185998327278)	(5, 0.02805117466368695)	(6, 0.029818408431221702)	(7, 0.03247088636960259)	(8, 0.03844302994865649)	(9, 0.04751678269982939)	(10, 0.059411600330742845)	(15, 0.081503649712006)	(20, 0.10284844886670194)	(25, 0.12028580628787633)	(30, 0.1357762774480207)	(35, 0.15121858091063375)	(40, 0.1680414747308679)	(45, 0.18712759942024318)	(50, 0.20810593352480206)	(55, 0.2321683021010294)	(60, 0.25088535808094165)	(65, 0.2717628003866174)	(70, 0.3219945488486521)	(75, 0.3446144901582654)	(80, 0.3654450665960728)	(85, 0.39410159205305895)	(90, 0.41601984717431045)	(95, 0.43801621207534236)	(100, 0.45650805152355406)	(105, 0.4754477203758408)	(110, 0.4951997309378452)	(115, 0.5162001961466753)	(120, 0.5367105224873826)	(125, 0.5590902762241706)	(130, 0.5827406157120556)	(135, 0.6086060183715504)	(140, 0.6226553640947438)
NG-13640_KMS_12_BM_lib248379_5885_5_1 - illumina_universal_adapter	(1, 0.00021633206106044534)	(2, 0.00022167359343230818)	(3, 0.00026173508622127955)	(4, 0.0003471996041710851)	(5, 0.0004299933559349593)	(6, 0.0004700548487239306)	(7, 0.0004940917443973134)	(8, 0.0005074455753269706)	(9, 0.0005288117048144219)	(10, 0.00063403989254012)	(15, 0.0008220618320296923)	(20, 0.00103518897366702)	(25, 0.0012846385354330148)	(30, 0.0016243599942834923)	(35, 0.002137681255219512)	(40, 0.00278347251897773)	(45, 0.003462915436678684)	(50, 0.004264679445695298)	(55, 0.005171137489200423)	(60, 0.0063697773534464475)	(65, 0.00805129174410887)	(70, 0.01042934195606221)	(75, 0.013975051144504768)	(80, 0.019654702515506533)	(85, 0.028686165449852242)	(90, 0.0433743111660007)	(95, 0.06659448653972569)	(100, 0.10284265936842416)	(105, 0.15726165701972566)	(110, 0.2357768413537377)	(115, 0.342895397385838)	(120, 0.4846585982286037)	(125, 0.6663385363330631)	(130, 0.8957397246477452)	(135, 1.1778575642468163)	(140, 1.3729020163456767)
NG-13640_KMS_12_BM_lib248379_5885_5_1 - polya	(1, 0.035334236639872736)	(2, 0.040502169209650045)	(3, 0.0440168975103358)	(4, 0.048490430871770934)	(5, 0.05150305512950158)	(6, 0.05447828866062918)	(7, 0.05847642564096853)	(8, 0.06479011690451042)	(9, 0.07352886386487803)	(10, 0.08916299496408339)	(15, 0.1056565786219215)	(20, 0.12264745894358005)	(25, 0.14566999761954608)	(30, 0.16606396821531846)	(35, 0.1813562412427246)	(40, 0.19479767330328027)	(45, 0.21008674141126327)	(50, 0.22501846100356868)	(55, 0.2412519120348971)	(60, 0.25553410129078397)	(65, 0.2774979482506469)	(70, 0.2951228684648455)	(75, 0.31098294638338064)	(80, 0.32459477332659875)	(85, 0.3378465809879533)	(90, 0.3516288028138338)	(95, 0.36839694123558564)	(100, 0.38598073165052094)	(105, 0.4037840590459399)	(110, 0.4197087695061746)	(115, 0.43195743738809317)	(120, 0.4438498250608086)	(125, 0.456929101226552)	(130, 0.4724531967588971)	(135, 0.4888821478750356)	(140, 0.4978949154460798)
NG-13640_KMS_12_BM_lib248379_5885_5_2 - illumina_universal_adapter	(1, 0.00020831976250265108)	(2, 0.0002136612948745139)	(3, 0.0002510520214775539)	(4, 0.00033117500705549655)	(5, 0.0004139687588193707)	(6, 0.0004593717839802049)	(7, 0.00048340867965358775)	(8, 0.0005021040429551077)	(9, 0.0005341532371862848)	(10, 0.0006580767882135029)	(15, 0.0009438487701081653)	(20, 0.001397344868479321)	(25, 0.0022284873055411804)	(30, 0.0034543689848837043)	(35, 0.005080865592115941)	(40, 0.007099430675442911)	(45, 0.009292129714092611)	(50, 0.011747097992200774)	(55, 0.014373529459445738)	(60, 0.0174673450092287)	(65, 0.02113163621632661)	(70, 0.02555015179433156)	(75, 0.031238349617128302)	(80, 0.03898143494338069)	(85, 0.05001704082364933)	(90, 0.06646415314985224)	(95, 0.09136904783366276)	(100, 0.12890880318987766)	(105, 0.18397466041141178)	(110, 0.2627563872107797)	(115, 0.36968692130339054)	(120, 0.5102546872013333)	(125, 0.6899849659900628)	(130, 0.9154644012373232)	(135, 1.1914774034885922)	(140, 1.382276405658296)
NG-13640_KMS_12_BM_lib248379_5885_5_2 - polya	(1, 0.018802193948957224)	(2, 0.024306643058161888)	(3, 0.026528720524856834)	(4, 0.030494808310965)	(5, 0.03334451583135383)	(6, 0.03559864249227995)	(7, 0.038047735084779065)	(8, 0.043715100931325544)	(9, 0.05201584223720041)	(10, 0.06516188755759207)	(15, 0.08790346163079814)	(20, 0.10864997336311344)	(25, 0.12526320734608126)	(30, 0.1404673450893517)	(35, 0.15568376835707737)	(40, 0.17205075769770234)	(45, 0.19003997041966203)	(50, 0.20995266894872958)	(55, 0.2330270204887027)	(60, 0.2505867740079646)	(65, 0.27050588237587836)	(70, 0.30447589164797734)	(75, 0.3258516358936981)	(80, 0.3453845514711261)	(85, 0.37225513006778216)	(90, 0.3939652542399815)	(95, 0.41555626224028835)	(100, 0.43386115952542514)	(105, 0.45182152797257674)	(110, 0.47148264032692955)	(115, 0.4922264812930589)	(120, 0.5130659356886447)	(125, 0.5358555835531975)	(130, 0.5582547654013672)	(135, 0.5832499319822622)	(140, 0.5959814743905972)
NG-13640_KM_H2_lib248380_5885_5_1 - illumina_universal_adapter	(1, 9.798063943390053e-05)	(2, 9.798063943390053e-05)	(3, 0.0001428884325077716)	(4, 0.00023270401865551374)	(5, 0.00028169433837246403)	(6, 0.0003592623445909686)	(7, 0.00040825266430791885)	(8, 0.00048582067052642343)	(9, 0.0005388935168864529)	(10, 0.0007038275932668521)	(15, 0.0009675588144097677)	(20, 0.0012133269183231348)	(25, 0.001504819320638989)	(30, 0.0018469350533290249)	(35, 0.002480543188334915)	(40, 0.003305213570236911)	(45, 0.004173158734555546)	(50, 0.005191340879339495)	(55, 0.006532859134255317)	(60, 0.008387142735541886)	(65, 0.011100389942532313)	(70, 0.01532090598614758)	(75, 0.022061157473871322)	(80, 0.03267082771390552)	(85, 0.0495079840952927)	(90, 0.07651308133393293)	(95, 0.11789193837752635)	(100, 0.17940336730880047)	(105, 0.26852818994853367)	(110, 0.393155480781812)	(115, 0.5578952288940007)	(120, 0.7705916009771119)	(125, 1.0351646391138305)	(130, 1.3582615131844178)	(135, 1.7440202721942988)	(140, 2.0075171563079017)
NG-13640_KM_H2_lib248380_5885_5_1 - polya	(1, 0.011888317584646597)	(2, 0.01760793741160054)	(3, 0.020910701465851604)	(4, 0.025630102265251146)	(5, 0.028189846470461796)	(6, 0.030565876976733884)	(7, 0.03461574340666844)	(8, 0.04032311565369315)	(9, 0.04842284851356225)	(10, 0.06297052395351063)	(15, 0.07935451987751604)	(20, 0.09683589896318112)	(25, 0.12079053229411256)	(30, 0.14238546522534423)	(35, 0.15773004986602165)	(40, 0.17141712868960898)	(45, 0.18668822785071099)	(50, 0.20113955566188269)	(55, 0.21691035608409762)	(60, 0.23046271152846326)	(65, 0.26185162587644195)	(70, 0.2825949437499273)	(75, 0.2976121097538298)	(80, 0.310844395109378)	(85, 0.3244049156070299)	(90, 0.33815813136223505)	(95, 0.3553006607365246)	(100, 0.3721990550175579)	(105, 0.3891399075756793)	(110, 0.40511156830873374)	(115, 0.41835201871756816)	(120, 0.43112216205711984)	(125, 0.4446475728256412)	(130, 0.4609695143446718)	(135, 0.47829983994454295)	(140, 0.48840490989149254)
NG-13640_KM_H2_lib248380_5885_5_2 - illumina_universal_adapter	(1, 0.00011431074600621729)	(2, 0.00011431074600621729)	(3, 0.00016330106572316755)	(4, 0.00023678654529859293)	(5, 0.0002857768650155432)	(6, 0.00036742739787712695)	(7, 0.00041641771759407724)	(8, 0.0004939857238125818)	(9, 0.0005511410968156904)	(10, 0.0007634324822558084)	(15, 0.0011447404707194046)	(20, 0.0015889193694864205)	(25, 0.002465029587091214)	(30, 0.0036865215587005076)	(35, 0.0054771177443550395)	(40, 0.007846616207998201)	(45, 0.010347572029548512)	(50, 0.013113075577570354)	(55, 0.016392977482620176)	(60, 0.020264029245587862)	(65, 0.025198170946413367)	(70, 0.03169102131956651)	(75, 0.04062277310929515)	(80, 0.05361010686625868)	(85, 0.0727334781677702)	(90, 0.10187292033541225)	(95, 0.14577314583377135)	(100, 0.20970388005373422)	(105, 0.30119656814645335)	(110, 0.42821866910856193)	(115, 0.5953605758975383)	(120, 0.8106518019149908)	(125, 1.0779340047320567)	(130, 1.4021609221774483)	(135, 1.7877490315736488)	(140, 2.050632720185461)
NG-13640_KM_H2_lib248380_5885_5_2 - polya	(1, 0.016893495249061682)	(2, 0.022110964298916885)	(3, 0.0241481450938134)	(4, 0.02782650159922775)	(5, 0.030578124556663124)	(6, 0.032541819871984214)	(7, 0.035097481550551785)	(8, 0.04109471318923511)	(9, 0.04985989789192613)	(10, 0.06277374616931422)	(15, 0.08620744910058876)	(20, 0.10851029215173039)	(25, 0.12664324248963088)	(30, 0.14308602679729662)	(35, 0.1592144565534453)	(40, 0.17646313162045485)	(45, 0.19617601976922702)	(50, 0.21741005734521052)	(55, 0.24191338225697182)	(60, 0.26047744740838147)	(65, 0.28145591881650817)	(70, 0.3320465889775456)	(75, 0.35629271471079277)	(80, 0.378366936269922)	(85, 0.40806731759832304)	(90, 0.4304028208626093)	(95, 0.4536887363294044)	(100, 0.4732415894337678)	(105, 0.4929405969919535)	(110, 0.5139901043636699)	(115, 0.5360610599014846)	(120, 0.5583010320423227)	(125, 0.5815036639655989)	(130, 0.6057857159333053)	(135, 0.6326315946328654)	(140, 0.6469457495488298)
NG-13640_KM_H2_lib248380_5904_3_1 - illumina_universal_adapter	(1, 0.00018054297008660903)	(2, 0.00020633482295612463)	(3, 0.00022352939153580167)	(4, 0.00036108594017321806)	(5, 0.0004642533516512804)	(6, 0.000490045204520796)	(7, 0.0005416289102598271)	(8, 0.0005674207631293427)	(9, 0.0006104071845785354)	(10, 0.0007892306978071768)	(15, 0.0010058822619111076)	(20, 0.0012792759023279726)	(25, 0.001540633344739064)	(30, 0.0019206333103499267)	(35, 0.002553393434082042)	(40, 0.003334026847599381)	(45, 0.00416624396685575)	(50, 0.005032850223271473)	(55, 0.006019818459744935)	(60, 0.007682533241399707)	(65, 0.010167148401163041)	(70, 0.013353301958977198)	(75, 0.01906705709800388)	(80, 0.02780533685019576)	(85, 0.04184986046607598)	(90, 0.06450542402665846)	(95, 0.09890143901344443)	(100, 0.1503819773409975)	(105, 0.2232869481188282)	(110, 0.32446494801222187)	(115, 0.457353171280256)	(120, 0.6267729749526719)	(125, 0.837559471714075)	(130, 1.0972576382572274)	(135, 1.407782949521905)	(140, 1.6191437448738693)
NG-13640_KM_H2_lib248380_5904_3_1 - polya	(1, 0.014323075626870983)	(2, 0.019601808180831837)	(3, 0.023238459435433536)	(4, 0.02739954503171538)	(5, 0.03010768958301452)	(6, 0.03245474819414044)	(7, 0.036314928840277934)	(8, 0.04107782433684848)	(9, 0.04811900017022623)	(10, 0.05994542443932811)	(15, 0.07310442777335495)	(20, 0.08829067074292571)	(25, 0.11022062350944584)	(30, 0.12919998830769336)	(35, 0.14281636716593965)	(40, 0.15531509906650687)	(45, 0.1683141929127427)	(50, 0.1806323818432234)	(55, 0.19376903223809666)	(60, 0.20501084117548948)	(65, 0.23645454873714492)	(70, 0.255402963311949)	(75, 0.26901246434276344)	(80, 0.2807632325101147)	(85, 0.29256386492634706)	(90, 0.3051124610757954)	(95, 0.32082485784390424)	(100, 0.33597671167631565)	(105, 0.3508310994722987)	(110, 0.36450765932057383)	(115, 0.375680689983648)	(120, 0.38663019125518633)	(125, 0.39820557482302493)	(130, 0.4122449400683313)	(135, 0.42715606994062716)	(140, 0.43525471174165503)
NG-13640_KM_H2_lib248380_5904_3_2 - illumina_universal_adapter	(1, 0.00018914025437644758)	(2, 0.0001977375386662861)	(3, 0.00022352939153580167)	(4, 0.0003954750773325722)	(5, 0.000490045204520796)	(6, 0.00052443434168015)	(7, 0.0005760180474191812)	(8, 0.0006190044688683739)	(9, 0.0006791854588972436)	(10, 0.0009078732210069483)	(15, 0.0012964704709076496)	(20, 0.0021097735647263743)	(25, 0.0034131218630658955)	(30, 0.0051239814367437615)	(35, 0.007223438260322329)	(40, 0.009733845272955179)	(45, 0.012290677620753155)	(50, 0.015267057441895254)	(55, 0.018430858060555833)	(60, 0.022476740047353845)	(65, 0.02733420567111261)	(70, 0.03310814180016816)	(75, 0.04187393286208753)	(80, 0.05356623949626792)	(85, 0.06979963169234102)	(90, 0.09546080584065106)	(95, 0.1319923862450329)	(100, 0.18639428177427314)	(105, 0.26187156001162354)	(110, 0.3643219579799133)	(115, 0.49800800923004446)	(120, 0.670644916683718)	(125, 0.8851127705780298)	(130, 1.1464977242988486)	(135, 1.4586995060000447)	(140, 1.6720944188149847)
NG-13640_KM_H2_lib248380_5904_3_2 - polya	(1, 0.016833482639503832)	(2, 0.02087420625572794)	(3, 0.02308370831821644)	(4, 0.02587782571241396)	(5, 0.028207689754960203)	(6, 0.029712214505681945)	(7, 0.03199909212677899)	(8, 0.03732081110218904)	(9, 0.04606424922495482)	(10, 0.06006578641938585)	(15, 0.08373067115559538)	(20, 0.10573284111015013)	(25, 0.12271763595315513)	(30, 0.13795202371474896)	(35, 0.1533119318269745)	(40, 0.16972070862256028)	(45, 0.18832007345519697)	(50, 0.20865952862809695)	(55, 0.23154721886450505)	(60, 0.24929889146616366)	(65, 0.2688645910529782)	(70, 0.3208472107830579)	(75, 0.34450865660555147)	(80, 0.36585227458350456)	(85, 0.39468928554848093)	(90, 0.41674475866563265)	(95, 0.4389102770216944)	(100, 0.45871326165490844)	(105, 0.4777063821080197)	(110, 0.4980613123926415)	(115, 0.5209988668779306)	(120, 0.5444728919029057)	(125, 0.568681125006233)	(130, 0.5944127968857198)	(135, 0.6228508938596475)	(140, 0.6380732454232357)
NG-13640_KOPN_8_lib227470_5697_7_1 - illumina_universal_adapter	(1, 6.019761245006244e-05)	(2, 6.019761245006244e-05)	(3, 8.544177250976605e-05)	(4, 0.00017282540348566313)	(5, 0.0002427323082663808)	(6, 0.00029127876991965696)	(7, 0.0003262322223100158)	(8, 0.00036118567470037465)	(9, 0.00040390656095525766)	(10, 0.0005402250252776571)	(15, 0.0007600434036436916)	(20, 0.0009748129499977853)	(25, 0.0012622080029851802)	(30, 0.001575235587725505)	(35, 0.002417613790333153)	(40, 0.003186589742921047)	(45, 0.003748175211326146)	(50, 0.004403358257798761)	(55, 0.005327294515983913)	(60, 0.006850876668510331)	(65, 0.009529476236691498)	(70, 0.014328973621580993)	(75, 0.023447940978532388)	(80, 0.04085709049909044)	(85, 0.07457086044467123)	(90, 0.1356372603724807)	(95, 0.24524468474986114)	(100, 0.4279751198995655)	(105, 0.7161908022747474)	(110, 1.1452953070582148)	(115, 1.7379283737348963)	(120, 2.5182168170030836)	(125, 3.487098554501918)	(130, 4.649104330404577)	(135, 5.992081217686626)	(140, 6.871336089309488)
NG-13640_KOPN_8_lib227470_5697_7_1 - polya	(1, 0.004501227924491765)	(2, 0.010771488911628914)	(3, 0.014515392034329572)	(4, 0.019845793523859293)	(5, 0.022970243795864147)	(6, 0.02577817113788964)	(7, 0.030087155074234432)	(8, 0.03598069551894216)	(9, 0.045476383418322976)	(10, 0.06182333635790734)	(15, 0.08126211634726557)	(20, 0.10169823484482872)	(25, 0.12780535680688096)	(30, 0.150193431434599)	(35, 0.16679787480679237)	(40, 0.18163367348803355)	(45, 0.19837987252825448)	(50, 0.214201746938597)	(55, 0.2317410009763859)	(60, 0.24672399252935978)	(65, 0.26399255149697)	(70, 0.28354590113582995)	(75, 0.3004517209419668)	(80, 0.3151779988057182)	(85, 0.3297322280093704)	(90, 0.34569508134435406)	(95, 0.3646072293176975)	(100, 0.38295351973401043)	(105, 0.4010058127785511)	(110, 0.41727664486626315)	(115, 0.43055313119920113)	(120, 0.4440940986552261)	(125, 0.45865065808903765)	(130, 0.4757052242536802)	(135, 0.4942554098089369)	(140, 0.5052502124441708)
NG-13640_KOPN_8_lib227470_5697_7_2 - illumina_universal_adapter	(1, 6.602318784845558e-05)	(2, 6.602318784845558e-05)	(3, 9.320920637429022e-05)	(4, 0.00018641841274858045)	(5, 0.0002582671759954292)	(6, 0.0003106973545809674)	(7, 0.0003514763823697194)	(8, 0.00039225541015847136)	(9, 0.00044468558874400966)	(10, 0.0006120737885245059)	(15, 0.0009476269314719506)	(20, 0.0014241589990605093)	(25, 0.0022824604410904325)	(30, 0.003464663875271013)	(35, 0.005370015402238796)	(40, 0.0072734250707404465)	(45, 0.009024981407190652)	(50, 0.010933051536011018)	(55, 0.013205802684770795)	(60, 0.016160534526835794)	(65, 0.020207755941946123)	(70, 0.026333931030896346)	(75, 0.03675394356015554)	(80, 0.05551889866176629)	(85, 0.09060362068443559)	(90, 0.15332953285740064)	(95, 0.264159162953364)	(100, 0.44852270107308456)	(105, 0.7378930124922279)	(110, 1.1658832788878293)	(115, 1.7545895193743004)	(120, 2.5328564879792457)	(125, 3.5017304580442157)	(130, 4.66211051003903)	(135, 5.998192634651232)	(140, 6.870840915400625)
NG-13640_KOPN_8_lib227470_5697_7_2 - polya	(1, 0.00770141067667573)	(2, 0.011416185922384421)	(3, 0.013004626147679619)	(4, 0.016072762524166673)	(5, 0.01807093488581552)	(6, 0.019626363517186485)	(7, 0.021537152247859435)	(8, 0.02705979772553613)	(9, 0.03443497617990185)	(10, 0.04549075317097234)	(15, 0.06607950174397338)	(20, 0.08456910131508674)	(25, 0.10033893391853699)	(30, 0.11507996990663098)	(35, 0.1302524868458993)	(40, 0.14772455258075998)	(45, 0.16656213318900406)	(50, 0.18721340960461452)	(55, 0.2111980802631855)	(60, 0.22901230145977852)	(65, 0.2491408295763065)	(70, 0.2727584889847787)	(75, 0.29541648193928893)	(80, 0.3164782672346395)	(85, 0.3461669529516239)	(90, 0.3683969603001989)	(95, 0.39001489386024935)	(100, 0.40760424784646443)	(105, 0.4258891755352476)	(110, 0.44488288156416855)	(115, 0.4644226381937656)	(120, 0.484050555197725)	(125, 0.5059943326083923)	(130, 0.5283249282255127)	(135, 0.5514450834949625)	(140, 0.564005024053898)
NG-13640_KU812_lib236377_5767_8_1 - illumina_universal_adapter	(1, 5.972321457969346e-05)	(2, 6.491653758662333e-05)	(3, 8.309316811087786e-05)	(4, 0.0001791696437390804)	(5, 0.0002570694888430284)	(6, 0.0003297760109400465)	(7, 0.00037911257950588027)	(8, 0.00040248253303706464)	(9, 0.0004310458095751789)	(10, 0.0005852875028809959)	(15, 0.0008548209669406559)	(20, 0.0011560337013425883)	(25, 0.0014894450383874857)	(30, 0.0018924469037252434)	(35, 0.0027654445011901533)	(40, 0.003640519427857837)	(45, 0.004312016092653867)	(50, 0.005003247384876233)	(55, 0.005918830230997969)	(60, 0.007119007177899461)	(65, 0.008780351207816325)	(70, 0.011538005724496083)	(75, 0.01624575303027801)	(80, 0.024870304547886433)	(85, 0.04084081145879716)	(90, 0.07006727534489636)	(95, 0.12304280534168585)	(100, 0.21418406611640295)	(105, 0.36528068300922323)	(110, 0.5990524055108635)	(115, 0.9442577791044988)	(120, 1.4223737910852872)	(125, 2.0543518644600858)	(130, 2.8477893114557333)	(135, 3.805543498390641)	(140, 4.4520254842591935)
NG-13640_KU812_lib236377_5767_8_1 - polya	(1, 0.0027888144547213384)	(2, 0.008436553224757568)	(3, 0.01206408934509808)	(4, 0.017592381685974923)	(5, 0.020542189153911088)	(6, 0.02317520391842453)	(7, 0.0271610793262432)	(8, 0.0332035106448061)	(9, 0.042481382196686304)	(10, 0.05919609229449009)	(15, 0.07676614269153521)	(20, 0.09525125660240137)	(25, 0.11952640633369364)	(30, 0.1406164910648358)	(35, 0.15709334696892222)	(40, 0.1716393253790321)	(45, 0.18775368733723474)	(50, 0.20306723888776884)	(55, 0.21962511063076334)	(60, 0.233567624907468)	(65, 0.24984973119879447)	(70, 0.26688383066152443)	(75, 0.2828075976653728)	(80, 0.29645149586917896)	(85, 0.3100252842123915)	(90, 0.32470057636537397)	(95, 0.34193098343776585)	(100, 0.35871476473156183)	(105, 0.37593374649333844)	(110, 0.39144724097963934)	(115, 0.40453753095090683)	(120, 0.4178729457681013)	(125, 0.43123017254192486)	(130, 0.44664914854949966)	(135, 0.46283206237139385)	(140, 0.4721873144360773)
NG-13640_KU812_lib236377_5767_8_2 - illumina_universal_adapter	(1, 6.491653758662333e-05)	(2, 7.01098605935532e-05)	(3, 9.088315262127267e-05)	(4, 0.00019474961275987)	(5, 0.00027264945786381796)	(6, 0.00035574262597469584)	(7, 0.0004102725175474594)	(8, 0.0004414324555890386)	(9, 0.00048038237814101265)	(10, 0.0007068112612431548)	(15, 0.001164343018153676)	(20, 0.0018680382855926728)	(25, 0.003158059720514051)	(30, 0.0048936682694300125)	(35, 0.007369844679134173)	(40, 0.010040770701598204)	(45, 0.012652492841783233)	(50, 0.015356136799190923)	(55, 0.018370341472413017)	(60, 0.021699780852155754)	(65, 0.02541508413131338)	(70, 0.030321735708260723)	(75, 0.03714680080396794)	(80, 0.048028889832688784)	(85, 0.06621019434764956)	(90, 0.09777365358686721)	(95, 0.15326534858051422)	(100, 0.2468334491963696)	(105, 0.40058333481343034)	(110, 0.6376465854368629)	(115, 0.987299001521332)	(120, 1.4706810430311474)	(125, 2.108761270939089)	(130, 2.907071612912138)	(135, 3.869462917959934)	(140, 4.520185252063645)
NG-13640_KU812_lib236377_5767_8_2 - polya	(1, 0.011999172807511456)	(2, 0.017457355287794747)	(3, 0.019316564924275637)	(4, 0.023089514088810187)	(5, 0.025210986537141038)	(6, 0.027031246251069955)	(7, 0.02905144890076567)	(8, 0.03493288720611375)	(9, 0.04335645712335399)	(10, 0.05577473109752469)	(15, 0.07763498563059457)	(20, 0.09850383480164154)	(25, 0.11588277091203165)	(30, 0.13112984792807705)	(35, 0.14604870693008448)	(40, 0.16293220002561346)	(45, 0.18157571028819097)	(50, 0.20151235797949404)	(55, 0.22517677292517138)	(60, 0.24334769079411828)	(65, 0.26370499764898264)	(70, 0.28862515809773565)	(75, 0.3108058406603331)	(80, 0.3316861151419953)	(85, 0.3613051942474184)	(90, 0.38382707813157124)	(95, 0.4066039541753642)	(100, 0.42541417010646415)	(105, 0.4442373693450815)	(110, 0.4643412420372077)	(115, 0.48509272210829807)	(120, 0.5061558015598042)	(125, 0.5290297927438268)	(130, 0.5519157285707653)	(135, 0.576810961069085)	(140, 0.5903743627662837)
NG-13640_K_562_RNA_lib206692_5568_1_1 - illumina_universal_adapter	(1, 0.0)	(2, 2.9417583330820583e-06)	(3, 1.1767033332328233e-05)	(4, 2.0592308331574406e-05)	(5, 2.0592308331574406e-05)	(6, 2.0592308331574406e-05)	(7, 2.3534066664656467e-05)	(8, 2.3534066664656467e-05)	(9, 2.3534066664656467e-05)	(10, 2.7652528330971348e-05)	(15, 7.472066166028428e-05)	(20, 0.00030358945997406843)	(25, 0.0005242213349552227)	(30, 0.0007342628799372816)	(35, 0.001001962888247749)	(40, 0.0013314398215529394)	(45, 0.0017003363165214297)	(50, 0.002067467756490071)	(55, 0.00250696645145253)	(60, 0.0030164789947423423)	(65, 0.0036001238480258225)	(70, 0.004359685849627611)	(75, 0.005439899509535341)	(80, 0.007084930769394829)	(85, 0.009876071075823086)	(90, 0.014775275403737945)	(95, 0.023133987531357304)	(100, 0.038513500096710306)	(105, 0.06456100508115208)	(110, 0.11000999462393665)	(115, 0.18294030216270718)	(120, 0.2998040053510584)	(125, 0.47422674043615987)	(130, 0.7307927818075781)	(135, 1.0857459306289259)	(140, 1.3380999624190373)
NG-13640_K_562_RNA_lib206692_5568_1_1 - polya	(1, 0.00904884863256041)	(2, 0.012128869607297326)	(3, 0.014841170790398983)	(4, 0.01859485442341169)	(5, 0.02048346327325037)	(6, 0.022666247956397257)	(7, 0.025519753539486854)	(8, 0.029394049264155925)	(9, 0.036230695630238625)	(10, 0.04902734437914558)	(15, 0.06418446001451758)	(20, 0.08000111786816658)	(25, 0.10189780184462957)	(30, 0.12026731757972717)	(35, 0.13244443202368705)	(40, 0.1438549242460457)	(45, 0.15648095101163392)	(50, 0.16911168459055503)	(55, 0.181908333339462)	(60, 0.1933129420451545)	(65, 0.20552947605077768)	(70, 0.2197328736345645)	(75, 0.23383801649002636)	(80, 0.24627871248063035)	(85, 0.2578568849279747)	(90, 0.27133602161015674)	(95, 0.28776574190042)	(100, 0.3038300958057145)	(105, 0.3212317730492281)	(110, 0.3363635895629356)	(115, 0.34828771279025045)	(120, 0.3596899680892765)	(125, 0.3714175818599414)	(130, 0.38561038911372914)	(135, 0.40206599687732353)	(140, 0.4103635204316148)
NG-13640_K_562_RNA_lib206692_5568_1_2 - illumina_universal_adapter	(1, 0.0)	(2, 0.0)	(3, 2.9417583330820583e-06)	(4, 1.470879166541029e-05)	(5, 1.470879166541029e-05)	(6, 1.765054999849235e-05)	(7, 2.3534066664656467e-05)	(8, 2.3534066664656467e-05)	(9, 2.6475824997738524e-05)	(10, 3.647780333021753e-05)	(15, 0.00011531692665681667)	(20, 0.00045185407996140416)	(25, 0.0009395976115864093)	(30, 0.0016367943365268572)	(35, 0.0024551915047902858)	(40, 0.00344479900803909)	(45, 0.004556783657944108)	(50, 0.005747019079509109)	(55, 0.007094932747727307)	(60, 0.008703486204256577)	(65, 0.010369698124114254)	(70, 0.012204178620624227)	(75, 0.014338130115441952)	(80, 0.017095146025206457)	(85, 0.021052987686535057)	(90, 0.027145957546014614)	(95, 0.03664842531353628)	(100, 0.05317110516712498)	(105, 0.0804217893097973)	(110, 0.12736931054745387)	(115, 0.20193288231275158)	(120, 0.3197014703643588)	(125, 0.49459782854108647)	(130, 0.7521370035690883)	(135, 1.1068283358987918)	(140, 1.3577626751173577)
NG-13640_K_562_RNA_lib206692_5568_1_2 - polya	(1, 0.006021779307818973)	(2, 0.009613666232512166)	(3, 0.01096393330739683)	(4, 0.012961387215559549)	(5, 0.0142645861571149)	(6, 0.015370687290353754)	(7, 0.016912168656888753)	(8, 0.021027688564870552)	(9, 0.026911205231034668)	(10, 0.037233246870152996)	(15, 0.05425190717869932)	(20, 0.07054042306897468)	(25, 0.08333001159788223)	(30, 0.09494878031022314)	(35, 0.10733240618916536)	(40, 0.12117337914631646)	(45, 0.13644581170834527)	(50, 0.15291789331860492)	(55, 0.1710808976187202)	(60, 0.18591500818911974)	(65, 0.20208232363607212)	(70, 0.22040888969950673)	(75, 0.23822535486798496)	(80, 0.2545468184515908)	(85, 0.2771965925613228)	(90, 0.296698685254657)	(95, 0.3166349814779541)	(100, 0.33468855236807865)	(105, 0.3505699289050555)	(110, 0.36858937539851633)	(115, 0.38852861338014655)	(120, 0.41152316156651575)	(125, 0.43350750994130455)	(130, 0.45211589645304845)	(135, 0.47183097244969774)	(140, 0.48251308530878534)
NG-13640_LAMA_84_lib259816_5981_7_1 - illumina_universal_adapter	(1, 4.3796982300325545e-05)	(2, 4.3796982300325545e-05)	(3, 0.00011470638221513833)	(4, 0.0002836375996592511)	(5, 0.0004442265347604448)	(6, 0.0005339060699468257)	(7, 0.0006256711757189363)	(8, 0.0007341208461768853)	(9, 0.0008112869578488875)	(10, 0.0012021228856146497)	(15, 0.0018015158719533908)	(20, 0.002310812208988605)	(25, 0.002752118944929028)	(30, 0.0031892545396979915)	(35, 0.0036935455073274547)	(40, 0.004328393193623601)	(45, 0.005107979478569396)	(50, 0.006096122822088169)	(55, 0.0073282779241373285)	(60, 0.008940006872789308)	(65, 0.011023909002050513)	(70, 0.014019205477275634)	(75, 0.01844228357549137)	(80, 0.025609555450410354)	(85, 0.037438494698552566)	(90, 0.0565594229426404)	(95, 0.08774996528046368)	(100, 0.13753545496065372)	(105, 0.21653311472104378)	(110, 0.3390186752209542)	(115, 0.5224533676323492)	(120, 0.7862930628353846)	(125, 1.152264400963959)	(130, 1.6425703664737519)	(135, 2.2766263701755562)	(140, 2.7212358156955414)
NG-13640_LAMA_84_lib259816_5981_7_1 - polya	(1, 0.0028322048554210518)	(2, 0.008333940060576231)	(3, 0.010801170063494571)	(4, 0.013869044395103088)	(5, 0.015541672004858379)	(6, 0.01691606302085431)	(7, 0.01924981650628594)	(8, 0.02259924286696798)	(9, 0.027879907590035804)	(10, 0.03750731852788165)	(15, 0.05050709710285256)	(20, 0.06398822536900992)	(25, 0.08211058241665033)	(30, 0.09751502387696769)	(35, 0.1094311399755934)	(40, 0.12104609968163973)	(45, 0.13349487050786085)	(50, 0.14470439529204132)	(55, 0.15697672684670966)	(60, 0.16662082234924136)	(65, 0.18237230275502417)	(70, 0.195246112866617)	(75, 0.20673802390810522)	(80, 0.2167045486231908)	(85, 0.22645751091029753)	(90, 0.23644280576065463)	(95, 0.2479764282138575)	(100, 0.2591083697722488)	(105, 0.26930263879529603)	(110, 0.27909480980941453)	(115, 0.288084036148027)	(120, 0.29706074906312524)	(125, 0.3062635378297165)	(130, 0.3166993159265911)	(135, 0.327615609486418)	(140, 0.3340395840045829)
NG-13640_LAMA_84_lib259816_5981_7_2 - illumina_universal_adapter	(1, 4.3796982300325545e-05)	(2, 4.588255288605533e-05)	(3, 0.00011679195280086811)	(4, 0.000275295317316332)	(5, 0.0004317131112460661)	(6, 0.0005276493581896363)	(7, 0.0006235856051332065)	(8, 0.0007403775579340747)	(9, 0.0008217148107775363)	(10, 0.00123924604204064)	(15, 0.001956265209414541)	(20, 0.0026912202838257184)	(25, 0.003654336780315734)	(30, 0.004897336849410688)	(35, 0.006308016793598316)	(40, 0.008025692728005369)	(45, 0.010010738811502981)	(50, 0.012250641620576772)	(55, 0.014942696132636785)	(60, 0.01805395033242848)	(65, 0.021561880057625982)	(70, 0.026041685675773567)	(75, 0.03184332593115669)	(80, 0.04045965224904073)	(85, 0.053636287209681534)	(90, 0.07408113566159065)	(95, 0.10639997168629374)	(100, 0.1572040540405542)	(105, 0.23716816721037146)	(110, 0.3602681368048379)	(115, 0.5441128523933872)	(120, 0.8084618439334579)	(125, 1.1751185005565032)	(130, 1.6647207945506708)	(135, 2.2966190669244795)	(140, 2.7391320968916886)
NG-13640_LAMA_84_lib259816_5981_7_2 - polya	(1, 0.011795987232887679)	(2, 0.01633210325684997)	(3, 0.0177836603845179)	(4, 0.019385378594358377)	(5, 0.020713887057468253)	(6, 0.02173164550330439)	(7, 0.023247855319129943)	(8, 0.026895518273571343)	(9, 0.03288944813695875)	(10, 0.04108615765299396)	(15, 0.05838262874868538)	(20, 0.07530494848129689)	(25, 0.09024097078805933)	(30, 0.10472525850595271)	(35, 0.11788771158661053)	(40, 0.1327774342263698)	(45, 0.15017860096546484)	(50, 0.16833140734365695)	(55, 0.19010684982926163)	(60, 0.20560639330828825)	(65, 0.22312268354371562)	(70, 0.2523728110085759)	(75, 0.27322476283881947)	(80, 0.2927761528518019)	(85, 0.3202956738446236)	(90, 0.3400001447385987)	(95, 0.36060266232678895)	(100, 0.37715083069632055)	(105, 0.3940806584830406)	(110, 0.4126680977712988)	(115, 0.43353798550857964)	(120, 0.4547686769571917)	(125, 0.47634432178068353)	(130, 0.49867160624327234)	(135, 0.5222577411114078)	(140, 0.5337079407411813)
NG-13640_LP_1_lib241211_5808_7_1 - illumina_universal_adapter	(1, 0.0001434289798957493)	(2, 0.00014613518706359366)	(3, 0.00018402208741341423)	(4, 0.00028956416695934297)	(5, 0.00037616279633036144)	(6, 0.00046005521853353557)	(7, 0.000530416604897488)	(8, 0.0005953655769257519)	(9, 0.0006305462701077281)	(10, 0.0008270169104932261)	(15, 0.0011274059061239467)	(20, 0.0013926142085726905)	(25, 0.0016735185125949317)	(30, 0.00204156268742176)	(35, 0.002649918058753165)	(40, 0.003256649705783863)	(45, 0.003912634323269328)	(50, 0.004602175909636063)	(55, 0.0054032132313179835)	(60, 0.006246467384818276)	(65, 0.0073695433594736705)	(70, 0.008746461566472866)	(75, 0.010950937925398852)	(80, 0.01407281851422407)	(85, 0.018856851545539267)	(90, 0.026676707777742236)	(95, 0.0391745137202809)	(100, 0.0585612406292841)	(105, 0.0894661264860663)	(110, 0.13494014925165523)	(115, 0.20076539116086706)	(120, 0.292142641148865)	(125, 0.4140047736411958)	(130, 0.572436966075474)	(135, 0.7725544912403592)	(140, 0.9140783012899462)
NG-13640_LP_1_lib241211_5808_7_1 - polya	(1, 0.0027440940681941473)	(2, 0.00812403391786867)	(3, 0.011382307347953239)	(4, 0.016296779564758536)	(5, 0.019246545377708854)	(6, 0.022255847748351744)	(7, 0.026147373655711886)	(8, 0.03245554256395701)	(9, 0.04209234628865066)	(10, 0.059632898667750456)	(15, 0.08042631206259912)	(20, 0.10584625723159446)	(25, 0.14308096165396456)	(30, 0.17620764359554694)	(35, 0.19658538356941474)	(40, 0.21268839870095563)	(45, 0.23149004362027084)	(50, 0.24855213857209577)	(55, 0.26542912895364007)	(60, 0.27981749122363486)	(65, 0.2988139830590349)	(70, 0.3176702933631406)	(75, 0.33589659863857213)	(80, 0.3516153323522791)	(85, 0.367022852241684)	(90, 0.3838754867587178)	(95, 0.4069345367944857)	(100, 0.42927806565507554)	(105, 0.45094558396513806)	(110, 0.4705314877216945)	(115, 0.4870485525499156)	(120, 0.502825740338448)	(125, 0.5188448630477858)	(130, 0.5367523771188452)	(135, 0.554466126756687)	(140, 0.5639438054999114)
NG-13640_LP_1_lib241211_5808_7_2 - illumina_universal_adapter	(1, 0.0001515476013992823)	(2, 0.0001515476013992823)	(3, 0.00018943450174910287)	(4, 0.00029768278846287595)	(5, 0.0003869876250017387)	(6, 0.0004735862543727572)	(7, 0.0005439476407367097)	(8, 0.0006061904055971292)	(9, 0.0006521959274504828)	(10, 0.0008751873980808553)	(15, 0.0013352426166143908)	(20, 0.001965788886722119)	(25, 0.0030179622335799934)	(30, 0.004497175071523703)	(35, 0.006550103829050409)	(40, 0.00882494157434035)	(45, 0.01113333628851156)	(50, 0.01377730069149547)	(55, 0.016684308431193846)	(60, 0.01961025962106713)	(65, 0.02278572311181566)	(70, 0.026449927617076884)	(75, 0.03094872641290129)	(80, 0.03644990434369524)	(85, 0.0434476148383071)	(90, 0.05338318383433075)	(95, 0.06794907329453606)	(100, 0.08881393055861583)	(105, 0.12089493405054319)	(110, 0.1665378241434056)	(115, 0.23153875534929202)	(120, 0.3213296266954997)	(125, 0.44013266260529915)	(130, 0.5932228020902528)	(135, 0.7850663694601707)	(140, 0.9193229307812284)
NG-13640_LP_1_lib241211_5808_7_2 - polya	(1, 0.014039802786776367)	(2, 0.01929525710673005)	(3, 0.021357386968627427)	(4, 0.024696846613747325)	(5, 0.027086427542953866)	(6, 0.028934767038591543)	(7, 0.031083495529859936)	(8, 0.03665016367411572)	(9, 0.04416530097921941)	(10, 0.056074236242035155)	(15, 0.07600978196467718)	(20, 0.09518488347315494)	(25, 0.11126191901588452)	(30, 0.12579695771437638)	(35, 0.13968250669258567)	(40, 0.15496824725943753)	(45, 0.17176459266738012)	(50, 0.1893246297380884)	(55, 0.20927370649656965)	(60, 0.22556344992269178)	(65, 0.24303580588116186)	(70, 0.2694175370776091)	(75, 0.2889054761346897)	(80, 0.3058073636221782)	(85, 0.3288723673137154)	(90, 0.34751326352726075)	(95, 0.36682529911843137)	(100, 0.3825932858025931)	(105, 0.398275756340251)	(110, 0.41458119576794666)	(115, 0.4313769999344557)	(120, 0.44879252554240107)	(125, 0.4671351977260499)	(130, 0.48484786488102455)	(135, 0.5044933051952737)	(140, 0.5149776930049361)
NG-13640_L_1236_lib241215_5808_7_1 - illumina_universal_adapter	(1, 8.94044733843803e-05)	(2, 8.94044733843803e-05)	(3, 0.00011569990673272745)	(4, 0.0002471770734744632)	(5, 0.0003549883502026865)	(6, 0.0004365041935825627)	(7, 0.0005022427769534306)	(8, 0.0005706109036591331)	(9, 0.0006310904003603315)	(10, 0.0008698529351633237)	(15, 0.0012101158426909358)	(20, 0.0015445937548819115)	(25, 0.0018895898404122265)	(30, 0.0022719254412971934)	(35, 0.00352148443401065)	(40, 0.004772621152725008)	(45, 0.0057192567532655045)	(50, 0.006928846687289473)	(55, 0.008945180516440733)	(60, 0.012350439135051688)	(65, 0.018125968115682657)	(70, 0.028774040895762347)	(75, 0.04855609540372391)	(80, 0.08400549500929767)	(85, 0.1476556950636398)	(90, 0.25546171270519347)	(95, 0.43417494409656604)	(100, 0.7093124777589938)	(105, 1.1070908607407786)	(110, 1.6531071196805356)	(115, 2.3629449801978297)	(120, 3.2434175890732164)	(125, 4.291835975292495)	(130, 5.5072230005524405)	(135, 6.879140955539759)	(140, 7.776398465430065)
NG-13640_L_1236_lib241215_5808_7_1 - polya	(1, 0.0018433098777191352)	(2, 0.0066211901171138125)	(3, 0.009206031215256337)	(4, 0.01341855963766155)	(5, 0.015346014902095396)	(6, 0.01702103400638511)	(7, 0.019992417974748336)	(8, 0.023818403526932846)	(9, 0.030005718993798933)	(10, 0.03967665347065404)	(15, 0.05039887937277608)	(20, 0.06153499539580111)	(25, 0.07731330722214333)	(30, 0.09093066033591837)	(35, 0.10108543078638307)	(40, 0.11050655864642889)	(45, 0.12115673506117645)	(50, 0.13054104931453459)	(55, 0.14125012749998245)	(60, 0.15023422525777871)	(65, 0.1631836743645058)	(70, 0.17531954276343492)	(75, 0.1855815985819609)	(80, 0.19478394843654848)	(85, 0.20386165793706484)	(90, 0.2134736906432197)	(95, 0.22537132241601285)	(100, 0.23705964253935313)	(105, 0.24911609872957033)	(110, 0.2595248830661801)	(115, 0.2685242321753184)	(120, 0.2780947180967828)	(125, 0.288608158258119)	(130, 0.30182371715033124)	(135, 0.3185754859192293)	(140, 0.33034164052528076)
NG-13640_L_1236_lib241215_5808_7_2 - illumina_universal_adapter	(1, 8.94044733843803e-05)	(2, 8.94044733843803e-05)	(3, 0.00011307036339789274)	(4, 0.0002471770734744632)	(5, 0.0003576178935375212)	(6, 0.0004391337369173974)	(7, 0.0005101314069579347)	(8, 0.0005784995336636373)	(9, 0.0006442381170345051)	(10, 0.0009066665418510096)	(15, 0.0013179271194191592)	(20, 0.0018396285170503666)	(25, 0.0027310437075593347)	(30, 0.003936426372247568)	(35, 0.006121576883495216)	(40, 0.008399813228796014)	(45, 0.010457693842637662)	(50, 0.012837430560663079)	(55, 0.016025488899816687)	(60, 0.020509912103043808)	(65, 0.027445595603003848)	(70, 0.039327976024454966)	(75, 0.06028964367242338)	(80, 0.09676509108724965)	(85, 0.16112684556799806)	(90, 0.2688545028181736)	(95, 0.44566710028712775)	(100, 0.7168718889379766)	(105, 1.106273598672312)	(110, 1.637273061535495)	(115, 2.328638906034242)	(120, 3.186956560496313)	(125, 4.205142035177663)	(130, 5.379902090005745)	(135, 6.7002410265716135)	(140, 7.556863151491384)
NG-13640_L_1236_lib241215_5808_7_2 - polya	(1, 0.03710548599785266)	(2, 0.04500463417569615)	(3, 0.04779983874062545)	(4, 0.05211228980975438)	(5, 0.05544129167165513)	(6, 0.05787361925637724)	(7, 0.060537346654564804)	(8, 0.067232163985054)	(9, 0.07614368634680883)	(10, 0.09161381569430843)	(15, 0.1167617163313337)	(20, 0.14087778416376984)	(25, 0.15992882562464739)	(30, 0.17649284499943818)	(35, 0.19292749084215516)	(40, 0.2111128866372051)	(45, 0.23081026984978498)	(50, 0.2518539792498002)	(55, 0.27581017084747844)	(60, 0.2954575927366965)	(65, 0.31783395469880593)	(70, 0.34762983613448506)	(75, 0.3715213409661263)	(80, 0.3931677416984857)	(85, 0.4228784259301162)	(90, 0.44651118369760967)	(95, 0.47096751443757345)	(100, 0.4940664749080955)	(105, 0.5146668433018575)	(110, 0.5370957961306638)	(115, 0.5629131785007381)	(120, 0.5916540871504814)	(125, 0.6185338050278288)	(130, 0.6422564931773737)	(135, 0.6692392891534465)	(140, 0.6855324655647496)
NG-13640_L_363_lib241210_5808_6_1 - illumina_universal_adapter	(1, 5.175366052959957e-05)	(2, 5.7201414269557416e-05)	(3, 9.533569044926236e-05)	(4, 0.00023970116455814536)	(5, 0.00034593236248732344)	(6, 0.00043037254545667006)	(7, 0.0005093649746860589)	(8, 0.0005720141426955741)	(9, 0.0006264916800951527)	(10, 0.0009054166715809945)	(15, 0.0012431774034583811)	(20, 0.0015340874531721302)	(25, 0.001867489982057551)	(30, 0.0022047059385609416)	(35, 0.0028175782343061993)	(40, 0.003502360879418901)	(45, 0.004113054073668176)	(50, 0.0047384562030153374)	(55, 0.005497328298991465)	(60, 0.006414730028800368)	(65, 0.007637205968046909)	(70, 0.009499792971738499)	(75, 0.01223674445069332)	(80, 0.01625119418166826)	(85, 0.022698610732908374)	(90, 0.03320841724803506)	(95, 0.05022338650404541)	(100, 0.07729436438864394)	(105, 0.1183633455080642)	(110, 0.18021114894243165)	(115, 0.2703093689460986)	(120, 0.3964521067948225)	(125, 0.5646487796391512)	(130, 0.7833325102685392)	(135, 1.0614136447000617)	(140, 1.2596514107680137)
NG-13640_L_363_lib241210_5808_6_1 - polya	(1, 0.0023316386007019596)	(2, 0.007915586184158755)	(3, 0.011135208644473843)	(4, 0.01616620922332492)	(5, 0.01872120572736515)	(6, 0.021281649985145337)	(7, 0.02490168234534733)	(8, 0.030436600145144502)	(9, 0.0395615876595739)	(10, 0.05465840282374509)	(15, 0.07476715142867751)	(20, 0.10155430134342425)	(25, 0.14176253737193115)	(30, 0.1764423929051288)	(35, 0.19657020864815108)	(40, 0.21180485198194318)	(45, 0.22904317914129182)	(50, 0.24430124781616577)	(55, 0.2583771539294689)	(60, 0.2708508756678504)	(65, 0.2887963212626455)	(70, 0.30627707346342226)	(75, 0.3229161477113755)	(80, 0.3372241281340008)	(85, 0.3513043924502959)	(90, 0.366413737448069)	(95, 0.3900384663167702)	(100, 0.411510787682814)	(105, 0.430245612794529)	(110, 0.4475133578240734)	(115, 0.4641295515063189)	(120, 0.47867505399200627)	(125, 0.4939859658781579)	(130, 0.5106457415903229)	(135, 0.5270086147236603)	(140, 0.5360262814894126)
NG-13640_L_363_lib241210_5808_6_2 - illumina_universal_adapter	(1, 5.7201414269557416e-05)	(2, 6.809692174947311e-05)	(3, 0.00010623119792917806)	(4, 0.00026149217951797676)	(5, 0.00037044725431713374)	(6, 0.00045761131415645933)	(7, 0.0005338798665158692)	(8, 0.0005992529113953634)	(9, 0.0006564543256649208)	(10, 0.0009261181357928343)	(15, 0.0013428712968996098)	(20, 0.0018805645910334498)	(25, 0.002747846986434739)	(30, 0.003945263258477475)	(35, 0.005583947583456796)	(40, 0.007430736101302507)	(45, 0.009310211141587964)	(50, 0.011201126464727333)	(55, 0.013404198077166288)	(60, 0.0158322619190655)	(65, 0.018499482150148863)	(70, 0.02190814166524049)	(75, 0.026113262777113955)	(80, 0.03160895674998343)	(85, 0.03954361007223205)	(90, 0.051493802676203584)	(95, 0.06986526261346343)	(100, 0.0980454031595174)	(105, 0.14009552472750403)	(110, 0.20209259661434636)	(115, 0.28999918528842816)	(120, 0.4112269597129622)	(125, 0.571764635574284)	(130, 0.777659219523747)	(135, 1.0363234700753117)	(140, 1.2202995616274281)
NG-13640_L_363_lib241210_5808_6_2 - polya	(1, 0.015945575196856625)	(2, 0.021178142664086137)	(3, 0.023212878685960395)	(4, 0.026511493575504873)	(5, 0.02856529673546898)	(6, 0.030349436085305177)	(7, 0.0322207394949807)	(8, 0.03741789656290049)	(9, 0.04437195421195668)	(10, 0.055884147415235605)	(15, 0.07577444109519571)	(20, 0.09435237089919998)	(25, 0.10918987298534914)	(30, 0.12204875091314568)	(35, 0.13479322601240304)	(40, 0.14850304307438097)	(45, 0.1633884853934418)	(50, 0.17979711965819484)	(55, 0.19833201220765342)	(60, 0.21349365564133013)	(65, 0.22947845466511446)	(70, 0.2537296752139108)	(75, 0.27184509072539265)	(80, 0.28836050096344884)	(85, 0.3103781424788625)	(90, 0.3279324393551287)	(95, 0.34575149706315683)	(100, 0.36007091776863603)	(105, 0.374414308590571)	(110, 0.3889064230896069)	(115, 0.4042908796512479)	(120, 0.4197532390913702)	(125, 0.4362539403943286)	(130, 0.45346938698796935)	(135, 0.4729652632971565)	(140, 0.4834799727906492)
NG-13640_L_428_lib241214_5808_7_1 - illumina_universal_adapter	(1, 0.0001097633529551126)	(2, 0.00011475259627125408)	(3, 0.00020206435430373003)	(4, 0.0005313544131690678)	(5, 0.0007284295241566564)	(6, 0.0008830960669570423)	(7, 0.001030278744783216)	(8, 0.0011599990710028946)	(9, 0.0012547946940095827)	(10, 0.0017666910582456985)	(15, 0.0024492195438938534)	(20, 0.0029780793354048504)	(25, 0.003525399327185571)	(30, 0.004132590238759989)	(35, 0.004966292796887231)	(40, 0.005840408225875218)	(45, 0.006677104329992145)	(50, 0.0077068841504437475)	(55, 0.008969661633759157)	(60, 0.010505350726467504)	(65, 0.012667688779683222)	(70, 0.015636787477119017)	(75, 0.019877644295839277)	(80, 0.026094241467751567)	(85, 0.035539377989539)	(90, 0.05037688868741216)	(95, 0.07307644900286106)	(100, 0.10563575195966875)	(105, 0.15252316387177153)	(110, 0.2184126078777308)	(115, 0.30780837284335905)	(120, 0.4251947906612042)	(125, 0.5758230399215052)	(130, 0.7654402300001255)	(135, 0.9990021762829884)	(140, 1.1617278438119376)
NG-13640_L_428_lib241214_5808_7_1 - polya	(1, 0.0026692451741356926)	(2, 0.00982880933279872)	(3, 0.013673021307885731)	(4, 0.01982974756000432)	(5, 0.022431637949372103)	(6, 0.025243076558017826)	(7, 0.030159975846075257)	(8, 0.03634414293643262)	(9, 0.04725561806883405)	(10, 0.06459423644108893)	(15, 0.08461956233908599)	(20, 0.10290663586573937)	(25, 0.128369738053999)	(30, 0.15130578850263304)	(35, 0.1677588161862728)	(40, 0.18242719153572878)	(45, 0.19846212062947588)	(50, 0.2139033297686021)	(55, 0.23050753152472098)	(60, 0.2449434081356448)	(65, 0.2638361758008777)	(70, 0.28553289820978217)	(75, 0.30256767166408405)	(80, 0.3175568553587679)	(85, 0.3329536602323805)	(90, 0.34961274366497685)	(95, 0.36811036325957147)	(100, 0.3863859615265977)	(105, 0.4051345400599942)	(110, 0.4219413050947483)	(115, 0.43675386957604073)	(120, 0.4521711303472496)	(125, 0.46722617205370653)	(130, 0.4847653580072703)	(135, 0.5031791583141537)	(140, 0.5137224272898239)
NG-13640_L_428_lib241214_5808_7_2 - illumina_universal_adapter	(1, 0.00011225797461318334)	(2, 0.00011724721792932482)	(3, 0.00020455897596180074)	(4, 0.0005463221431174923)	(5, 0.000750881119079293)	(6, 0.0009130315268538912)	(7, 0.0010652034479962063)	(8, 0.0012073968825062386)	(9, 0.0013171602354613513)	(10, 0.0018884285951595511)	(15, 0.0027565569321681685)	(20, 0.003714990573198947)	(25, 0.00515738081589545)	(30, 0.007032837378433032)	(35, 0.00944413867312421)	(40, 0.012094424722658566)	(45, 0.01492132998558433)	(50, 0.01797724151672099)	(55, 0.021404851674910186)	(60, 0.02508292184756969)	(65, 0.029557275253485372)	(70, 0.03477402806484289)	(75, 0.04130045724668758)	(80, 0.049927357864627805)	(85, 0.06150190343374443)	(90, 0.07842292214043826)	(95, 0.10273899729031702)	(100, 0.13657005836840916)	(105, 0.18408910848433546)	(110, 0.2497979418822504)	(115, 0.3386403997641185)	(120, 0.45424116739911663)	(125, 0.6015735225247746)	(130, 0.7860567812310852)	(135, 1.0123663634296047)	(140, 1.1688150639425166)
NG-13640_L_428_lib241214_5808_7_2 - polya	(1, 0.014324117560642195)	(2, 0.020478349191102713)	(3, 0.022636196925333904)	(4, 0.026305785384355962)	(5, 0.028501052443458214)	(6, 0.030327115497165998)	(7, 0.03259971582766844)	(8, 0.03858181856372208)	(9, 0.047006155903026973)	(10, 0.06005252825040532)	(15, 0.08342563641353333)	(20, 0.1056512186139488)	(25, 0.1241263866136207)	(30, 0.14052253692345645)	(35, 0.15634592210059914)	(40, 0.1740148283803826)	(45, 0.19333417634914568)	(50, 0.2141522930100776)	(55, 0.2383715768396232)	(60, 0.2565773257002234)	(65, 0.27683664710974754)	(70, 0.30292190793953006)	(75, 0.3259742077574302)	(80, 0.3465099332466685)	(85, 0.37491020297514066)	(90, 0.39741817634724974)	(95, 0.42122235513289236)	(100, 0.44009666259785557)	(105, 0.45847903067184725)	(110, 0.47813565148878145)	(115, 0.49849825023494965)	(120, 0.5190798767626965)	(125, 0.5404991972432235)	(130, 0.5623540786652497)	(135, 0.5864955302990634)	(140, 0.5996297133288059)
NG-13640_MEC_1_lib227482_5697_4_1 - illumina_universal_adapter	(1, 4.1518481198017086e-05)	(2, 4.370366441896535e-05)	(3, 6.337031340749977e-05)	(4, 0.000155148008687327)	(5, 0.00019885167310629235)	(6, 0.0002425553375252577)	(7, 0.00026877753617663694)	(8, 0.0002928145516070679)	(9, 0.00031466638381655055)	(10, 0.00045233292673629144)	(15, 0.0006533697830635321)	(20, 0.0008579029325442898)	(25, 0.0011668878399863749)	(30, 0.0015584726731803047)	(35, 0.0022524868641534746)	(40, 0.0028525381766258693)	(45, 0.00343073765688878)	(50, 0.004054388948147416)	(55, 0.004837558614535276)	(60, 0.005836624383152823)	(65, 0.007293704554881128)	(70, 0.009556243261850964)	(75, 0.013184084445269278)	(80, 0.019432834383892945)	(85, 0.03059824656965021)	(90, 0.050487784246721346)	(95, 0.08498439768254326)	(100, 0.14417664077158993)	(105, 0.24167339757728298)	(110, 0.3932097354370267)	(115, 0.6187682808331046)	(120, 0.9400819920077798)	(125, 1.373764816989922)	(130, 1.9368568145364855)	(135, 2.640711759626874)	(140, 3.1274407813708236)
NG-13640_MEC_1_lib227482_5697_4_1 - polya	(1, 0.0048030327196442926)	(2, 0.010224472290816945)	(3, 0.013532839687332621)	(4, 0.018298724292220795)	(5, 0.020923129340579664)	(6, 0.02331153460107612)	(7, 0.02703508680957197)	(8, 0.03257671145789678)	(9, 0.04122348146318907)	(10, 0.05599969040324125)	(15, 0.07456413297512934)	(20, 0.0942172338276939)	(25, 0.11849418237578495)	(30, 0.13954274123324703)	(35, 0.15528654930353508)	(40, 0.16974984000634752)	(45, 0.18586862551735034)	(50, 0.2007374862259707)	(55, 0.2170188493686121)	(60, 0.23096905905114581)	(65, 0.24787538459497838)	(70, 0.2663170198698491)	(75, 0.28248256830178026)	(80, 0.2964113631887487)	(85, 0.31069896516059686)	(90, 0.32640125474968695)	(95, 0.34526506742284496)	(100, 0.3631547254161042)	(105, 0.38086082801880383)	(110, 0.3968371395838008)	(115, 0.4099775203646511)	(120, 0.4233171898552519)	(125, 0.43754142151369263)	(130, 0.45391456235161376)	(135, 0.47077805830431574)	(140, 0.4802967164147664)
NG-13640_MEC_1_lib227482_5697_4_2 - illumina_universal_adapter	(1, 4.1518481198017086e-05)	(2, 5.0259214081810155e-05)	(3, 7.211104629129284e-05)	(4, 0.00017044429123396488)	(5, 0.00021414795565293022)	(6, 0.00026877753617663694)	(7, 0.0002993701012699127)	(8, 0.00032777748314224015)	(9, 0.00035618486501456763)	(10, 0.0005379921089974636)	(15, 0.0008596510791210486)	(20, 0.0013076136394154433)	(25, 0.0022655979634791635)	(30, 0.0035618486501456763)	(35, 0.005268039709062084)	(40, 0.007029297385146388)	(45, 0.008898940148989724)	(50, 0.010914553151992407)	(55, 0.013080943797240521)	(60, 0.015513052722155942)	(65, 0.018456494520773255)	(70, 0.022235987419725385)	(75, 0.027382530941702742)	(80, 0.03517008690451818)	(85, 0.047838905146287865)	(90, 0.06930570807223944)	(95, 0.10560946803178559)	(100, 0.1663885911758849)	(105, 0.26597656832402544)	(110, 0.42021554079143797)	(115, 0.6486021503120671)	(120, 0.9711697196189224)	(125, 1.407471705209693)	(130, 1.9762154606389175)	(135, 2.6851754307700846)	(140, 3.1743741465903503)
NG-13640_MEC_1_lib227482_5697_4_2 - polya	(1, 0.007868844778634712)	(2, 0.011116027044963837)	(3, 0.012492692474161246)	(4, 0.015130208621845805)	(5, 0.016935169962349075)	(6, 0.01836427978884924)	(7, 0.02032220395481889)	(8, 0.025459569707268266)	(9, 0.03239315606733712)	(10, 0.04216485839477359)	(15, 0.06061173810937467)	(20, 0.07769593756739242)	(25, 0.09254076126058237)	(30, 0.10637253401254072)	(35, 0.11999584028522059)	(40, 0.1355071448607998)	(45, 0.15328055110670463)	(50, 0.17257222265452432)	(55, 0.19475008420057247)	(60, 0.2110100325476485)	(65, 0.22913569032877024)	(70, 0.25065887098182227)	(75, 0.2720915850495271)	(80, 0.29179713029939436)	(85, 0.3189406021967253)	(90, 0.33969940575908975)	(95, 0.3601116392626117)	(100, 0.37726926087685325)	(105, 0.3949792968093506)	(110, 0.41412980552109707)	(115, 0.4339542247381839)	(120, 0.45330183697645987)	(125, 0.47466462518109437)	(130, 0.4963333390366615)	(135, 0.5190732297071377)	(140, 0.5309601893924519)
NG-13640_MEGAL_lib259811_5981_3_1 - illumina_universal_adapter	(1, 0.0003131049921903726)	(2, 0.0003278973540261382)	(3, 0.00042897849323720336)	(4, 0.0008357684437207582)	(5, 0.0011291502867967766)	(6, 0.001314054809743847)	(7, 0.0014471860662657377)	(8, 0.00157538653550904)	(9, 0.0016912600365558707)	(10, 0.002157712513110347)	(15, 0.0028041387253333054)	(20, 0.003350469955800916)	(25, 0.003818894747266827)	(30, 0.004328738151872883)	(35, 0.004931773436044262)	(40, 0.005645751433983883)	(45, 0.006496805318268267)	(50, 0.007515505970024661)	(55, 0.008679664846499416)	(60, 0.010083953063441434)	(65, 0.011968993040045834)	(70, 0.014443262096441565)	(75, 0.01772371487288652)	(80, 0.022315263986708172)	(85, 0.028888003429066705)	(90, 0.038332926461203065)	(95, 0.052278672121235034)	(100, 0.07306736436649221)	(105, 0.10365303785557696)	(110, 0.146516864747075)	(115, 0.20590622520276264)	(120, 0.28546004023423804)	(125, 0.38982804224521034)	(130, 0.5218898110063752)	(135, 0.6832217192106973)	(140, 0.7948724940321449)
NG-13640_MEGAL_lib259811_5981_3_1 - polya	(1, 0.010431080487854065)	(2, 0.01846086757103551)	(3, 0.022629848215082123)	(4, 0.02923463777475148)	(5, 0.032602365486027456)	(6, 0.03580244642983142)	(7, 0.03996649628659945)	(8, 0.046452946951582676)	(9, 0.05573268860988632)	(10, 0.07190074009637816)	(15, 0.09193058417946054)	(20, 0.11397958565312494)	(25, 0.14097120829484647)	(30, 0.16416020778732057)	(35, 0.18159793699804894)	(40, 0.19851103044233553)	(45, 0.21733480395707513)	(50, 0.2350521088064995)	(55, 0.25511350992816484)	(60, 0.271259372871903)	(65, 0.2957540448357473)	(70, 0.3161596149094582)	(75, 0.33475854452429415)	(80, 0.35127125804155934)	(85, 0.36796246605830946)	(90, 0.38430506741446335)	(95, 0.4040237788202668)	(100, 0.42250584877660013)	(105, 0.4408005488163472)	(110, 0.45773237925229243)	(115, 0.47360704889570826)	(120, 0.4902908607315405)	(125, 0.5072443866315115)	(130, 0.5255494413245436)	(135, 0.5442726267788001)	(140, 0.5550932394616626)
NG-13640_MEGAL_lib259811_5981_3_2 - illumina_universal_adapter	(1, 0.00030817420491178403)	(2, 0.0003205011731082554)	(3, 0.000416651525040732)	(4, 0.0008308376564421697)	(5, 0.0011291502867967766)	(6, 0.0013165202033831413)	(7, 0.001449651459905032)	(8, 0.0015827827164269228)	(9, 0.0017060523983916363)	(10, 0.002218361196636986)	(15, 0.003000877137748988)	(20, 0.003999854640391027)	(25, 0.00548796624106905)	(30, 0.007361665406932697)	(35, 0.009680614664052888)	(40, 0.01222835245089959)	(45, 0.01518140095204627)	(50, 0.018487493822339888)	(55, 0.022036181426740065)	(60, 0.02583929765471541)	(65, 0.03017296659386688)	(70, 0.03512890088757623)	(75, 0.04100196161510304)	(80, 0.048162450901069326)	(85, 0.057070411198567386)	(90, 0.06891218992682564)	(95, 0.08534995547745627)	(100, 0.10860108288964054)	(105, 0.14163341302636093)	(110, 0.18663473620312715)	(115, 0.2478317232751453)	(120, 0.3290161496596499)	(125, 0.4351365534694326)	(130, 0.5686686829970726)	(135, 0.7307816279063231)	(140, 0.8420773860437123)
NG-13640_MEGAL_lib259811_5981_3_2 - polya	(1, 0.06415447328171556)	(2, 0.07228780689774736)	(3, 0.07479264683527033)	(4, 0.07922049381144285)	(5, 0.08223073944502116)	(6, 0.0846271020624152)	(7, 0.08725274628826359)	(8, 0.09432596063939885)	(9, 0.10301647321791116)	(10, 0.11715008187325737)	(15, 0.1438951651510495)	(20, 0.1673233078265351)	(25, 0.18677427748311118)	(30, 0.2039437718658844)	(35, 0.22041654600619295)	(40, 0.2395770922920602)	(45, 0.26091606039760784)	(50, 0.28350892770810054)	(55, 0.309966546087551)	(60, 0.3295195830407939)	(65, 0.3515143458543938)	(70, 0.38784192112939486)	(75, 0.4142808025171867)	(80, 0.4397138033001463)	(85, 0.4741957848967718)	(90, 0.4998447541625336)	(95, 0.5253462928886657)	(100, 0.5465003564712664)	(105, 0.5680271875721281)	(110, 0.5908843450807533)	(115, 0.6151950986791063)	(120, 0.6390951176971528)	(125, 0.66547285732269)	(130, 0.6922593592136221)	(135, 0.7203150457500632)	(140, 0.7349683593845726)
NG-13640_ME_1_lib248393_5885_6_1 - illumina_universal_adapter	(1, 0.00010659756933261364)	(2, 0.00010659756933261364)	(3, 0.00014509113603605747)	(4, 0.0003079485336275505)	(5, 0.00041750714655273676)	(6, 0.000497455323552197)	(7, 0.0005329878466630682)	(8, 0.0005803645441442299)	(9, 0.0006099749800699559)	(10, 0.0008415285890091332)	(15, 0.00112934202620719)	(20, 0.0013857684013239774)	(25, 0.0016664753338998602)	(30, 0.00195606539725346)	(35, 0.0023439621078804713)	(40, 0.0028177290826920873)	(45, 0.0033027480231554787)	(50, 0.0038369202872555763)	(55, 0.0044326822580811834)	(60, 0.005226834149609156)	(65, 0.006328342366046164)	(70, 0.007929082532190912)	(75, 0.010338779807826494)	(80, 0.014461144697406069)	(85, 0.0211430356684054)	(90, 0.03228840375084867)	(95, 0.050644505189924735)	(100, 0.0800044368277191)	(105, 0.12541559357213103)	(110, 0.19223095002981325)	(115, 0.28661184570819087)	(120, 0.41602662475645047)	(125, 0.5851584737206048)	(130, 0.8002007113788789)	(135, 1.0692127061815369)	(140, 1.2575226422860655)
NG-13640_ME_1_lib248393_5885_6_1 - polya	(1, 0.0037694084933449215)	(2, 0.008726195467311456)	(3, 0.011746459931735509)	(4, 0.01624724619244586)	(5, 0.019122419520833857)	(6, 0.02125437090748613)	(7, 0.02500897418286819)	(8, 0.030489865872720075)	(9, 0.03939372395558589)	(10, 0.05366773069794136)	(15, 0.0686257385101811)	(20, 0.08352570986800645)	(25, 0.10382070265149905)	(30, 0.12223424833627103)	(35, 0.13622754814605065)	(40, 0.14906011886754178)	(45, 0.1634946141726147)	(50, 0.17643200583728288)	(55, 0.19010432852162762)	(60, 0.20170925056963815)	(65, 0.21737494780050276)	(70, 0.23211324617817364)	(75, 0.24607101346484236)	(80, 0.2586572253594315)	(85, 0.2708389586992751)	(90, 0.2835898046176113)	(95, 0.29866447754739844)	(100, 0.3132659757110924)	(105, 0.3277762737321352)	(110, 0.34103464252223825)	(115, 0.3518614023141207)	(120, 0.36308553415612643)	(125, 0.3747366484841811)	(130, 0.38840068024646657)	(135, 0.40205878992156696)	(140, 0.4099387191301212)
NG-13640_ME_1_lib248393_5885_6_2 - illumina_universal_adapter	(1, 0.00011548070011033144)	(2, 0.00011844174370290404)	(3, 0.00015397426681377526)	(4, 0.0003109095772201231)	(5, 0.000423429233737882)	(6, 0.00051226054151506)	(7, 0.0005507541082185038)	(8, 0.0005981308056996654)	(9, 0.0006277412416253915)	(10, 0.0008746922772459463)	(15, 0.001250152604784152)	(20, 0.001661737664151744)	(25, 0.002337447811976811)	(30, 0.003305709066748053)	(35, 0.004506116139176984)	(40, 0.005946959951322812)	(45, 0.007601591110852382)	(50, 0.009233718339078401)	(55, 0.011113388811643487)	(60, 0.01334246242813214)	(65, 0.01596002496396632)	(70, 0.019171572844470564)	(75, 0.023297490986361226)	(80, 0.029099359801647982)	(85, 0.03749628722146536)	(90, 0.05042775679894843)	(95, 0.07059127924693082)	(100, 0.10182081380907551)	(105, 0.1491590177235337)	(110, 0.21814896459560126)	(115, 0.3150331265271397)	(120, 0.4471193591046183)	(125, 0.6190174149929542)	(130, 0.837911970365165)	(135, 1.1095646238436792)	(140, 1.298435381604641)
NG-13640_ME_1_lib248393_5885_6_2 - polya	(1, 0.012685110750581024)	(2, 0.01743758571666005)	(3, 0.019380030313387673)	(4, 0.022569074262588366)	(5, 0.024683259387685202)	(6, 0.026498379109932208)	(7, 0.028420096401511826)	(8, 0.03387137765543798)	(9, 0.041318402290758074)	(10, 0.05323837937701834)	(15, 0.07395087930706369)	(20, 0.09277186459017364)	(25, 0.10826345245779498)	(30, 0.12195413361241367)	(35, 0.13552814964948498)	(40, 0.15041331578934744)	(45, 0.16648526820111303)	(50, 0.18388554476850666)	(55, 0.20320872304491694)	(60, 0.21874058110539724)	(65, 0.23531709534533718)	(70, 0.2597172789655725)	(75, 0.27775654874024325)	(80, 0.29486486640940923)	(85, 0.3174410471766198)	(90, 0.3364396950752841)	(95, 0.35531161030818625)	(100, 0.3706936395628825)	(105, 0.38596492578721636)	(110, 0.4021701251606477)	(115, 0.4189266708510161)	(120, 0.43544514863654155)	(125, 0.45363187838212243)	(130, 0.4727347550152454)	(135, 0.49385884000465835)	(140, 0.5047187634847776)
NG-13640_MINO_lib248384_5885_5_1 - illumina_universal_adapter	(1, 0.00019054078265136372)	(2, 0.00019054078265136372)	(3, 0.00020932649361699113)	(4, 0.00029252035646476965)	(5, 0.0003247244324058452)	(6, 0.0003488774893616519)	(7, 0.0003837652382978171)	(8, 0.00042402033322416153)	(9, 0.00044548971718487857)	(10, 0.0005372713336169439)	(15, 0.0006693080449753537)	(20, 0.0008206672018984089)	(25, 0.0009607549322420874)	(30, 0.0011910140752207777)	(35, 0.0015404282991814476)	(40, 0.0020551567796396387)	(45, 0.0025543199567263095)	(50, 0.0030953484325363786)	(55, 0.0038725401319143365)	(60, 0.00511615419783887)	(65, 0.007050008958100458)	(70, 0.010060553323992003)	(75, 0.015343095247526431)	(80, 0.02411870594146952)	(85, 0.0392326155152153)	(90, 0.06327617861282231)	(95, 0.10088463523140936)	(100, 0.1564066090922197)	(105, 0.23525882576854223)	(110, 0.3419847436410636)	(115, 0.4809158109238587)	(120, 0.6579770408554863)	(125, 0.8766212471114286)	(130, 1.1451930425026173)	(135, 1.4702513238290518)	(140, 1.692367129471442)
NG-13640_MINO_lib248384_5885_5_1 - polya	(1, 0.008453569934532335)	(2, 0.013595487393124064)	(3, 0.016797109276265994)	(4, 0.02159283291849116)	(5, 0.024402638544350003)	(6, 0.027311740071027164)	(7, 0.03194644333354695)	(8, 0.03831479935089464)	(9, 0.047946501730271325)	(10, 0.06459869266480248)	(15, 0.08215742833707491)	(20, 0.09919660491749799)	(25, 0.1215129560754653)	(30, 0.14059601800894866)	(35, 0.1553046929604359)	(40, 0.1688588517894356)	(45, 0.18484441835198645)	(50, 0.1995976422751922)	(55, 0.2149756252716548)	(60, 0.22812079233620283)	(65, 0.2509631434012077)	(70, 0.26948370747492023)	(75, 0.2835096560164567)	(80, 0.2960402619651292)	(85, 0.30841628834928453)	(90, 0.3218384104669258)	(95, 0.3371487649039121)	(100, 0.3523469418097038)	(105, 0.36779899418083084)	(110, 0.38172886722914307)	(115, 0.39358479778684996)	(120, 0.40574881400439333)	(125, 0.41877804639555344)	(130, 0.4336268090773843)	(135, 0.4486950962102137)	(140, 0.45751525587587516)
NG-13640_MINO_lib248384_5885_5_2 - illumina_universal_adapter	(1, 0.0001878571096562741)	(2, 0.00019054078265136372)	(3, 0.00020932649361699113)	(4, 0.0002952040294598593)	(5, 0.00033009177839602447)	(6, 0.00035424483535183114)	(7, 0.0003864489112929067)	(8, 0.00042670400621925116)	(9, 0.0004481733901799682)	(10, 0.0005469325563992666)	(15, 0.0007170774242879492)	(20, 0.001006914107757629)	(25, 0.0015130548346315334)	(30, 0.002243013889295913)	(35, 0.0032531484046476496)	(40, 0.004582103271816034)	(45, 0.006028603016169345)	(50, 0.007628072121242763)	(55, 0.009486247303042823)	(60, 0.012001922368639843)	(65, 0.015323236067362767)	(70, 0.019767398547231196)	(75, 0.026566215712991264)	(80, 0.036932707758423486)	(85, 0.05358221501995954)	(90, 0.07926120844077418)	(95, 0.11869134228842808)	(100, 0.17609940153018738)	(105, 0.2567002995301103)	(110, 0.36538798236204234)	(115, 0.5067016145298779)	(120, 0.6860375256921435)	(125, 0.9071233376390182)	(130, 1.1766558879624491)	(135, 1.5013690489417149)	(140, 1.722579920050161)
NG-13640_MINO_lib248384_5885_5_2 - polya	(1, 0.016281844061208785)	(2, 0.021209067680193344)	(3, 0.02336405709525032)	(4, 0.02703532175253293)	(5, 0.029823657994431055)	(6, 0.031831045394758097)	(7, 0.03412558580555973)	(8, 0.04038391123010875)	(9, 0.04915147090506657)	(10, 0.06304860314283871)	(15, 0.08697676830165686)	(20, 0.10815953598649834)	(25, 0.12470223306282983)	(30, 0.13929336313713214)	(35, 0.15439278087670444)	(40, 0.17020337195997545)	(45, 0.18712446692861462)	(50, 0.20529669024756453)	(55, 0.2254279948529299)	(60, 0.24185153684827937)	(65, 0.2604713968228103)	(70, 0.29435598879341096)	(75, 0.31375518740571584)	(80, 0.33175243524538595)	(85, 0.3551610413123547)	(90, 0.3747110623469837)	(95, 0.39398466506311836)	(100, 0.41017633771169215)	(105, 0.42618605733119885)	(110, 0.44293647069735026)	(115, 0.46031110640215955)	(120, 0.47737336257034035)	(125, 0.4961456551709924)	(130, 0.5162350944776344)	(135, 0.5382310150799879)	(140, 0.5501341782824085)
NG-13640_MKPL_1_lib259812_5981_3_1 - illumina_universal_adapter	(1, 3.9980847911297395e-05)	(2, 3.9980847911297395e-05)	(3, 6.733616490323772e-05)	(4, 0.0001388808401129278)	(5, 0.00020200849470971316)	(6, 0.0002293638117016535)	(7, 0.00024409359777423674)	(8, 0.0002777616802258556)	(9, 0.00031563827298392683)	(10, 0.0004860829403952473)	(15, 0.0007356476015678721)	(20, 0.0010777994894824487)	(25, 0.001376603721240566)	(30, 0.0017385356075954692)	(35, 0.002227985356235878)	(40, 0.0029787835949069788)	(45, 0.0038343737402087427)	(50, 0.004895760039496028)	(55, 0.006322445033383377)	(60, 0.008210803607888551)	(65, 0.010924871904519675)	(70, 0.015215869012978497)	(75, 0.022303000369044267)	(80, 0.03420761347290605)	(85, 0.055045210553243615)	(90, 0.08978562143094652)	(95, 0.14996479370703136)	(100, 0.25023002665207494)	(105, 0.4120762866562826)	(110, 0.6646773880150127)	(115, 1.0424050761031232)	(120, 1.5807543476962636)	(125, 2.315936488024242)	(130, 3.2778912602581913)	(135, 4.4879739082461425)	(140, 5.323933878074491)
NG-13640_MKPL_1_lib259812_5981_3_1 - polya	(1, 0.004092776273024918)	(2, 0.009376560962775853)	(3, 0.012149969254727956)	(4, 0.015318977515486581)	(5, 0.01721280715339014)	(6, 0.018807832559535585)	(7, 0.021882149338399035)	(8, 0.025638244786907762)	(9, 0.031214520942957135)	(10, 0.04124718866250891)	(15, 0.05361263364492723)	(20, 0.06665228197843921)	(25, 0.08374514658809547)	(30, 0.09869293349455295)	(35, 0.11114254868310032)	(40, 0.1227273150036717)	(45, 0.13546773825439493)	(50, 0.14694434586009053)	(55, 0.15912798319727006)	(60, 0.16978940235660583)	(65, 0.19245096780375986)	(70, 0.20665511093906722)	(75, 0.2175374768894917)	(80, 0.22707396124391271)	(85, 0.23639034050930632)	(90, 0.24588305635654026)	(95, 0.2562141074568195)	(100, 0.2663726096345342)	(105, 0.2765997105302441)	(110, 0.2857805757637699)	(115, 0.2939434023541649)	(120, 0.30254349316540025)	(125, 0.31165281372371645)	(130, 0.32241060776906993)	(135, 0.3337188749625074)	(140, 0.3405947391011893)
NG-13640_MKPL_1_lib259812_5981_3_2 - illumina_universal_adapter	(1, 3.9980847911297395e-05)	(2, 3.9980847911297395e-05)	(3, 6.94404200564639e-05)	(4, 0.00014729786072583252)	(5, 0.0002104255153226179)	(6, 0.00024409359777423674)	(7, 0.00026513614930649855)	(8, 0.00029459572145166505)	(9, 0.00033036805905651005)	(10, 0.0005239595331533185)	(15, 0.0008736867396195094)	(20, 0.001427947546979285)	(25, 0.002226301952113297)	(30, 0.003306205696748972)	(35, 0.004628519635036302)	(40, 0.006348116946252737)	(45, 0.008214170416133712)	(50, 0.010274657062172786)	(55, 0.012820384946545815)	(60, 0.015797485137330213)	(65, 0.0196415384512438)	(70, 0.025086088234701216)	(75, 0.03324091865551395)	(80, 0.04620439295247915)	(85, 0.06795144911004106)	(90, 0.10364214161494092)	(95, 0.16473035211721948)	(100, 0.2656176028855567)	(105, 0.4280475832692693)	(110, 0.6804984408100591)	(115, 1.0568028107125271)	(120, 1.5935448522196336)	(125, 2.33019997115487)	(130, 3.2938356224052163)	(135, 4.500969788072467)	(140, 5.329872086116895)
NG-13640_MKPL_1_lib259812_5981_3_2 - polya	(1, 0.022425047167931388)	(2, 0.030141350814811785)	(3, 0.03269381231567514)	(4, 0.03538094614634497)	(5, 0.037788214041635716)	(6, 0.03959997772856346)	(7, 0.042013558389313886)	(8, 0.04790126430804073)	(9, 0.0576965720463086)	(10, 0.07065120847163024)	(15, 0.0969796489487962)	(20, 0.12311323539877342)	(25, 0.14602520720916135)	(30, 0.16766031699257158)	(35, 0.187290492465988)	(40, 0.20987756728071777)	(45, 0.23638402774384665)	(50, 0.2638765421717773)	(55, 0.29765825440167043)	(60, 0.3227624392306893)	(65, 0.3506997931980121)	(70, 0.40244258571378244)	(75, 0.4364279898425078)	(80, 0.4672549069862407)	(85, 0.5097823244839723)	(90, 0.540772110976565)	(95, 0.5734179462747466)	(100, 0.5992283191331882)	(105, 0.6248636179628815)	(110, 0.6542609041555126)	(115, 0.6849055928029759)	(120, 0.7169167847469445)	(125, 0.7486199137364808)	(130, 0.7827294689192466)	(135, 0.819156229876745)	(140, 0.8372726041929304)
NG-13640_MOLM13_lib236379_5767_8_1 - illumina_universal_adapter	(1, 5.035064453860074e-05)	(2, 5.035064453860074e-05)	(3, 6.625084807710623e-05)	(4, 0.00014310183184654946)	(5, 0.0002305529513083297)	(6, 0.00028090359584693043)	(7, 0.00033125424038553115)	(8, 0.0003710047492317949)	(9, 0.0004028051563088059)	(10, 0.0005734673409554316)	(15, 0.0008299906247099869)	(20, 0.0011098342069876838)	(25, 0.0014347283659578128)	(30, 0.001873573983620564)	(35, 0.003172620612716463)	(40, 0.004291464935042634)	(45, 0.004991073890736874)	(50, 0.0058136444204622256)	(55, 0.006872067969342074)	(60, 0.008396367481900136)	(65, 0.011032621228584347)	(70, 0.015779891998397473)	(75, 0.02460980503011419)	(80, 0.041662243318376715)	(85, 0.07426932072157455)	(90, 0.13596476048489897)	(95, 0.24825835795524015)	(100, 0.4403232765782635)	(105, 0.7558034550400279)	(110, 1.2375859823381599)	(115, 1.9321863739177725)	(120, 2.8767655254754914)	(125, 4.082225146564101)	(130, 5.565986030187172)	(135, 7.306657632524354)	(140, 8.458606178617693)
NG-13640_MOLM13_lib236379_5767_8_1 - polya	(1, 0.0039777009185494585)	(2, 0.008845813235255224)	(3, 0.011609798617032097)	(4, 0.01578360204588979)	(5, 0.018115631898203928)	(6, 0.01994415530513206)	(7, 0.023450150185372522)	(8, 0.02770080459799966)	(9, 0.03473929469771143)	(10, 0.04638248374217439)	(15, 0.059968677659042714)	(20, 0.07365504285820364)	(25, 0.09504346665141661)	(30, 0.11313895829180512)	(35, 0.12606052370076387)	(40, 0.13771590290127306)	(45, 0.15089134156006329)	(50, 0.1633088705168515)	(55, 0.17630728690957972)	(60, 0.18705264446090175)	(65, 0.20186103402309655)	(70, 0.2162443581440286)	(75, 0.22983161207446617)	(80, 0.24093048415112764)	(85, 0.2522805794436975)	(90, 0.26413471118843795)	(95, 0.2771437277168585)	(100, 0.28991795123969377)	(105, 0.3031803110111612)	(110, 0.31460195721965434)	(115, 0.3234864609501866)	(120, 0.33263755809338114)	(125, 0.3422105406371307)	(130, 0.3539501909163939)	(135, 0.3663708999138898)	(140, 0.3743013914321117)
NG-13640_MOLM13_lib236379_5767_8_2 - illumina_universal_adapter	(1, 5.035064453860074e-05)	(2, 5.035064453860074e-05)	(3, 6.095078023093774e-05)	(4, 0.00013250169615421247)	(5, 0.00022260284953907694)	(6, 0.0002703034601545934)	(7, 0.0003233041386162784)	(8, 0.00036305464746254216)	(9, 0.0004054551902318902)	(10, 0.0006206379447863313)	(15, 0.0009905826804488924)	(20, 0.0015253595261272939)	(25, 0.0024979219758992136)	(30, 0.003970810830349439)	(35, 0.006456542650202466)	(40, 0.00886330345914758)	(45, 0.011155582802615456)	(50, 0.013506162892391186)	(55, 0.016073515757075205)	(60, 0.019186245603129964)	(65, 0.023335138713110666)	(70, 0.029672429836774344)	(75, 0.04007487299844925)	(80, 0.05859172003260813)	(85, 0.09272892702299482)	(90, 0.1560498975947391)	(95, 0.26970296246762254)	(100, 0.46227297755638563)	(105, 0.7777982065948426)	(110, 1.2592849901071586)	(115, 1.954202325743972)	(120, 2.899928411983602)	(125, 4.104833645975502)	(130, 5.58341212325859)	(135, 7.314731225874422)	(140, 8.461584816747239)
NG-13640_MOLM13_lib236379_5767_8_2 - polya	(1, 0.007605597359251795)	(2, 0.011994053535879312)	(3, 0.013403871582960133)	(4, 0.015682900756812588)	(5, 0.017384222535432675)	(6, 0.018619138343589935)	(7, 0.02014820791720955)	(8, 0.024541964161683232)	(9, 0.031098148087393668)	(10, 0.0401326437379725)	(15, 0.05720469227726584)	(20, 0.0739597967593583)	(25, 0.08809030764402814)	(30, 0.10114967481698733)	(35, 0.11389527797345333)	(40, 0.12859713617194016)	(45, 0.14500773624403168)	(50, 0.1623749985623566)	(55, 0.1827791997565361)	(60, 0.19840167973990233)	(65, 0.21587176337444297)	(70, 0.2406220202024806)	(75, 0.2604024034111661)	(80, 0.27827052214095394)	(85, 0.302870787048945)	(90, 0.32170510814708936)	(95, 0.3408293429564192)	(100, 0.35615501914040004)	(105, 0.3715458861588887)	(110, 0.3876930728590257)	(115, 0.40440577679834877)	(120, 0.4215530863010578)	(125, 0.439506536123169)	(130, 0.45763329816384973)	(135, 0.4776405242763513)	(140, 0.4884966532456582)
NG-13640_MOLM_20_lib259817_5981_7_1 - illumina_universal_adapter	(1, 9.632835529034984e-05)	(2, 9.862188755916769e-05)	(3, 0.00013990546839788903)	(4, 0.0003142139208280459)	(5, 0.00044953232468829924)	(6, 0.0005206318250216527)	(7, 0.0006192537125808204)	(8, 0.0006811790838389024)	(9, 0.0007637462455163451)	(10, 0.0010444745952196501)	(15, 0.0014215313002133054)	(20, 0.0017531760662843668)	(25, 0.0021054626227747894)	(30, 0.0024893999245748978)	(35, 0.002961408865497612)	(40, 0.003478371038889156)	(45, 0.004065056593252762)	(50, 0.004775592890132534)	(55, 0.005673281420147841)	(60, 0.006630601789152414)	(65, 0.007866356975591472)	(70, 0.009557148964163995)	(75, 0.012091960827661485)	(80, 0.015932709965023863)	(85, 0.022167906791032074)	(90, 0.032445683594058645)	(95, 0.04886875075815576)	(100, 0.07520262956226859)	(105, 0.11633208503252539)	(110, 0.17865974185055805)	(115, 0.2696382037706634)	(120, 0.39577192830720875)	(125, 0.565405703267061)	(130, 0.7845247304589273)	(135, 1.0584990863370176)	(140, 1.2498168327791814)
NG-13640_MOLM_20_lib259817_5981_7_1 - polya	(1, 0.004206338181011943)	(2, 0.009648890254916708)	(3, 0.012951576722014416)	(4, 0.01843999944129554)	(5, 0.02130232771278022)	(6, 0.023838974402092764)	(7, 0.027724218065470208)	(8, 0.033444287543901934)	(9, 0.04195329226121617)	(10, 0.05598237044312121)	(15, 0.07254167342398611)	(20, 0.08968215748176947)	(25, 0.11371654083316551)	(30, 0.1343973213010961)	(35, 0.15008508201981022)	(40, 0.1651769830550854)	(45, 0.1826179198400839)	(50, 0.19797862285726459)	(55, 0.214899845230149)	(60, 0.22854865576188402)	(65, 0.24956612676687703)	(70, 0.2665680814756238)	(75, 0.2825374879569488)	(80, 0.2965417959903506)	(85, 0.3101539100057845)	(90, 0.32450454141177787)	(95, 0.3408574264884491)	(100, 0.3563800528838084)	(105, 0.3714641559093696)	(110, 0.38524645001914987)	(115, 0.39773656804867813)	(120, 0.41071016268047317)	(125, 0.4234704588112682)	(130, 0.43783347529151306)	(135, 0.45241988181474085)	(140, 0.46071558803105506)
NG-13640_MOLM_20_lib259817_5981_7_2 - illumina_universal_adapter	(1, 9.632835529034984e-05)	(2, 9.862188755916769e-05)	(3, 0.0001421990006667069)	(4, 0.0003325621789785887)	(5, 0.0004701741151076599)	(6, 0.0005550348090539205)	(7, 0.000655950228881906)	(8, 0.0007201691324088059)	(9, 0.0008004427618174307)	(10, 0.0011206198665444029)	(15, 0.0016651044271617614)	(20, 0.0023398616206479735)	(25, 0.0033480984060203023)	(30, 0.0047310983641174675)	(35, 0.00638473512993514)	(40, 0.00832460472290128)	(45, 0.010325940980671739)	(50, 0.012546997629794948)	(55, 0.015060708996419314)	(60, 0.01773634374122222)	(65, 0.020691330716367144)	(70, 0.024267864936361704)	(75, 0.028764105596152223)	(80, 0.03447041388097104)	(85, 0.0425762156254271)	(90, 0.054642030185224066)	(95, 0.07294716992911311)	(100, 0.10106679295772751)	(105, 0.1436544762444987)	(110, 0.20741421461118126)	(115, 0.2998242993734827)	(120, 0.42757588157245213)	(125, 0.5991142057283309)	(130, 0.8198432925729072)	(135, 1.0950267986631184)	(140, 1.2867037122585792)
NG-13640_MOLM_20_lib259817_5981_7_2 - polya	(1, 0.02058674564490905)	(2, 0.026572864866523646)	(3, 0.02865309863434144)	(4, 0.03232045673218119)	(5, 0.034721785017633476)	(6, 0.036769909333687824)	(7, 0.03912077990922612)	(8, 0.04518258569571171)	(9, 0.053404898879423714)	(10, 0.06590648457029606)	(15, 0.08964913061709848)	(20, 0.11094687126534106)	(25, 0.1299909871062432)	(30, 0.14715853484479863)	(35, 0.16348160400197526)	(40, 0.18142253082157606)	(45, 0.20171662174898394)	(50, 0.2236015066580439)	(55, 0.24903127504178874)	(60, 0.26827217595135544)	(65, 0.2901621066314068)	(70, 0.32514030855669407)	(75, 0.3493879904090903)	(80, 0.3718412126143632)	(85, 0.4032318713647657)	(90, 0.4275735880401833)	(95, 0.4518286091958396)	(100, 0.4711915260221075)	(105, 0.490956728408326)	(110, 0.512162269059362)	(115, 0.5347264982264458)	(120, 0.5571632069993834)	(125, 0.5810966749309514)	(130, 0.6059906741767005)	(135, 0.6322364813416907)	(140, 0.6458885028186021)
NG-13640_MOLT_4_lib241220_5808_2_1 - illumina_universal_adapter	(1, 0.0001347347485697472)	(2, 0.0001347347485697472)	(3, 0.0001390810307816745)	(4, 0.00019558269953672978)	(5, 0.00023904552165600307)	(6, 0.000278162061563349)	(7, 0.000304239754834913)	(8, 0.00033031744810647695)	(9, 0.0003585682824840046)	(10, 0.00047331013287888607)	(15, 0.000647596049577172)	(20, 0.0008809914043576694)	(25, 0.0011595880941422114)	(30, 0.0014751281827281352)	(35, 0.0020649186788866737)	(40, 0.0027225111775512787)	(45, 0.003299697455295228)	(50, 0.0039225196962644135)	(55, 0.004653998992531784)	(60, 0.005592795950308087)	(65, 0.006910154088743259)	(70, 0.008876846789640375)	(75, 0.01167976418811231)	(80, 0.01617121222591801)	(85, 0.023086581853315583)	(90, 0.034284777972346345)	(95, 0.052776904899433555)	(100, 0.08106729044508972)	(105, 0.12323361658054507)	(110, 0.18412633425431052)	(115, 0.26817952057899436)	(120, 0.3796255851725713)	(125, 0.525262548042717)	(130, 0.7099065245084681)	(135, 0.9382532378715908)	(140, 1.0974123539594849)
NG-13640_MOLT_4_lib241220_5808_2_1 - polya	(1, 0.0023013564312155204)	(2, 0.007549492202117769)	(3, 0.010961323738480723)	(4, 0.01624857604929032)	(5, 0.01918666282455319)	(6, 0.021985668569034392)	(7, 0.0262015623146039)	(8, 0.03246020869977925)	(9, 0.04240667554177494)	(10, 0.05878564005742307)	(15, 0.07731210261398451)	(20, 0.09685994149034885)	(25, 0.12439798558512041)	(30, 0.14863676685281793)	(35, 0.1651813247207405)	(40, 0.18031768715199864)	(45, 0.1980566033717588)	(50, 0.21483890287667382)	(55, 0.2331871678625462)	(60, 0.24807144592551253)	(65, 0.2682203756317864)	(70, 0.28679377803623674)	(75, 0.30486257707588216)	(80, 0.3207265071494169)	(85, 0.3352391780832635)	(90, 0.3500139298344892)	(95, 0.36895285457296256)	(100, 0.3874775786166393)	(105, 0.40689242125731856)	(110, 0.42509291264798543)	(115, 0.4393204674687296)	(120, 0.45374534350189527)	(125, 0.4684214346469102)	(130, 0.48593434419165016)	(135, 0.5049649754847951)	(140, 0.5153951835369784)
NG-13640_MOLT_4_lib241220_5808_2_2 - illumina_universal_adapter	(1, 0.0001390810307816745)	(2, 0.0001390810307816745)	(3, 0.00014994673631149282)	(4, 0.00020427526396058445)	(5, 0.0002499112271858214)	(6, 0.000291200908199131)	(7, 0.00031945174257665864)	(8, 0.0003520488591661136)	(9, 0.0003955116812853869)	(10, 0.0005541509820207344)	(15, 0.0009170655467166663)	(20, 0.0015033790171056628)	(25, 0.002591688082972266)	(30, 0.004006837571175805)	(35, 0.005875738922304556)	(40, 0.008065395900673542)	(45, 0.010223759647116654)	(50, 0.012566840387566678)	(55, 0.015080295390724252)	(60, 0.017951884048144635)	(65, 0.021420651881483836)	(70, 0.025475298556990843)	(75, 0.030397028533777348)	(80, 0.03695252599402734)	(85, 0.04583719609164918)	(90, 0.058915159267338514)	(95, 0.07901236821529048)	(100, 0.10897563778431749)	(105, 0.15259927234543208)	(110, 0.2146963448201226)	(115, 0.2990972337217605)	(120, 0.4095371339832764)	(125, 0.5515962373365635)	(130, 0.7293239749184746)	(135, 0.947314367027017)	(140, 1.0987879522795598)
NG-13640_MOLT_4_lib241220_5808_2_2 - polya	(1, 0.012280420389800666)	(2, 0.01823048073792918)	(3, 0.02047968178260157)	(4, 0.024413067184395804)	(5, 0.026940430290631544)	(6, 0.028915815555952518)	(7, 0.03129757820808869)	(8, 0.0377800581271783)	(9, 0.0468051131402454)	(10, 0.061094385168398865)	(15, 0.08515844589117691)	(20, 0.1079703427086987)	(25, 0.12705008699083847)	(30, 0.14372590258156123)	(35, 0.15997621714373633)	(40, 0.17809282528771303)	(45, 0.1982478397890836)	(50, 0.2190256765314234)	(55, 0.24281852924417718)	(60, 0.26230378165668977)	(65, 0.28343844816862884)	(70, 0.3142201226781617)	(75, 0.33721282483569964)	(80, 0.35843180922255014)	(85, 0.38604678251247276)	(90, 0.4079928999133785)	(95, 0.4306322493270868)	(100, 0.4482720703124151)	(105, 0.4657336937270543)	(110, 0.4839294042072881)	(115, 0.5019964647340488)	(120, 0.5201361081737487)	(125, 0.5400299111141824)	(130, 0.5606212923496307)	(135, 0.5832076171203533)	(140, 0.5954276241874082)
NG-13640_MONO_MAC_6_lib248394_5885_6_1 - illumina_universal_adapter	(1, 0.00010611598788749668)	(2, 0.00010965318748374657)	(3, 0.0001308763850612459)	(4, 0.00018039717940874434)	(5, 0.00023699237294874258)	(6, 0.00028297596769999114)	(7, 0.0003289595624512397)	(8, 0.0003466455604324891)	(9, 0.0003714059576062384)	(10, 0.0004994525829904844)	(15, 0.00063952568700198)	(20, 0.0007873806301252255)	(25, 0.0009309909337329707)	(30, 0.0011333187506384645)	(35, 0.0014580336735742045)	(40, 0.0017997271545719437)	(45, 0.0021315164767001836)	(50, 0.002500092674629422)	(55, 0.002993885738265906)	(60, 0.0037388199732361327)	(65, 0.004743384658571102)	(70, 0.006309656639790552)	(75, 0.00895760425754322)	(80, 0.013258838966583086)	(85, 0.020974886165842595)	(90, 0.03387010101393119)	(95, 0.055593458614340265)	(100, 0.09011511179390068)	(105, 0.142677897794174)	(110, 0.21838458075271042)	(115, 0.32168920240110765)	(120, 0.46084829403693234)	(125, 0.6421913206177139)	(130, 0.872226021960633)	(135, 1.161037661554517)	(140, 1.3637319323381822)
NG-13640_MONO_MAC_6_lib248394_5885_6_1 - polya	(1, 0.0038909195558748783)	(2, 0.008690899407985979)	(3, 0.011729353861164632)	(4, 0.015882026187162)	(5, 0.01817766872512818)	(6, 0.019971028920426875)	(7, 0.02269467260953929)	(8, 0.026617426961780415)	(9, 0.03297023743664522)	(10, 0.0431304895569134)	(15, 0.0542351739693803)	(20, 0.0654106023737722)	(25, 0.08110232722265595)	(30, 0.09513935010041402)	(35, 0.10586838391575919)	(40, 0.11544641298248463)	(45, 0.12702366726101053)	(50, 0.13731904040585544)	(55, 0.1479674260704061)	(60, 0.15724196341177335)	(65, 0.17056093477149267)	(70, 0.18194718027182105)	(75, 0.19262457097306096)	(80, 0.20204696325755145)	(85, 0.2110632850283924)	(90, 0.2203293330907286)	(95, 0.23149273501649326)	(100, 0.24333315694498014)	(105, 0.2549464906593878)	(110, 0.264911489361943)	(115, 0.27296144820308843)	(120, 0.2815922152179382)	(125, 0.2903729594956689)	(130, 0.3008543893392766)	(135, 0.311663363865497)	(140, 0.3177784745274938)
NG-13640_MONO_MAC_6_lib248394_5885_6_2 - illumina_universal_adapter	(1, 0.00010965318748374657)	(2, 0.00011319038707999645)	(3, 0.0001308763850612459)	(4, 0.00017685997981249445)	(5, 0.00023699237294874258)	(6, 0.00028651316729624106)	(7, 0.0003360339616437395)	(8, 0.00035018276002873904)	(9, 0.00037494315720248825)	(10, 0.000508649301940734)	(15, 0.0006932911208649784)	(20, 0.0009699001292917196)	(25, 0.0014559113538164543)	(30, 0.0020777510428371853)	(35, 0.002946487263676158)	(40, 0.003946099869576376)	(45, 0.005030605265786592)	(50, 0.006156849617232557)	(55, 0.007568899696055513)	(60, 0.009217234707907963)	(65, 0.011158449846329901)	(70, 0.013734946032238321)	(75, 0.01729195394622721)	(80, 0.022525594468838544)	(85, 0.031120989487725775)	(90, 0.04493446135100084)	(95, 0.06765460179763313)	(100, 0.10322255861776428)	(105, 0.15699648175979358)	(110, 0.23379403707381347)	(115, 0.33875760533285193)	(120, 0.47969237116599395)	(125, 0.6622606836869165)	(130, 0.8937470517441366)	(135, 1.1821427166655016)	(140, 1.3832537369098854)
NG-13640_MONO_MAC_6_lib248394_5885_6_2 - polya	(1, 0.03705570297031384)	(2, 0.04432111094101111)	(3, 0.04721807741033977)	(4, 0.051317691742393395)	(5, 0.054564840971750794)	(6, 0.056895855505679466)	(7, 0.059555829602059386)	(8, 0.06602536766360044)	(9, 0.07467735787602767)	(10, 0.08893722432834947)	(15, 0.11419282944557367)	(20, 0.13722282857683746)	(25, 0.1554677040942944)	(30, 0.17184989030436612)	(35, 0.18773899089072063)	(40, 0.2049941579611468)	(45, 0.22352059456646525)	(50, 0.24365433466831962)	(55, 0.2661091851452332)	(60, 0.2837343432934271)	(65, 0.303484650959048)	(70, 0.3325434530821601)	(75, 0.3542625660430537)	(80, 0.37392090651917204)	(85, 0.40089629808009297)	(90, 0.4228191537377305)	(95, 0.44464226036675375)	(100, 0.46264660631166576)	(105, 0.480510171712647)	(110, 0.49863690476358913)	(115, 0.5171640488088267)	(120, 0.535647331579071)	(125, 0.5563781509727723)	(130, 0.5788139005718661)	(135, 0.6033465020916169)	(140, 0.6161624836687495)
NG-13640_MONO_MAC_6_lib248394_5904_3_1 - illumina_universal_adapter	(1, 0.0002301162695325566)	(2, 0.0002301162695325566)	(3, 0.00026299002232292183)	(4, 0.0003616112806940175)	(5, 0.0003780481570892001)	(6, 0.00042735878627474797)	(7, 0.0004766694154602958)	(8, 0.000509543168250661)	(9, 0.0005588537974362089)	(10, 0.0007297973119461081)	(15, 0.0009336145792463726)	(20, 0.0015910896350536771)	(25, 0.0031953287712235003)	(30, 0.0034320197913141294)	(35, 0.0037804815708920012)	(40, 0.004194690856050603)	(45, 0.004582601138976913)	(50, 0.00509543168250661)	(55, 0.0055458020957346145)	(60, 0.006436680796353513)	(65, 0.007367008000320847)	(70, 0.008691820237772565)	(75, 0.010572198897381457)	(80, 0.014382266845784785)	(85, 0.02116740942171617)	(90, 0.05179259752122042)	(95, 0.07527103176409926)	(100, 0.11790500175792393)	(105, 0.1636521161409962)	(110, 0.2300373725258597)	(115, 0.31972354488853416)	(120, 0.4401631129865953)	(125, 0.5943410135734082)	(130, 0.7895453576425969)	(135, 1.0357796281682696)	(140, 1.2063352323952425)
NG-13640_MONO_MAC_6_lib248394_5904_3_1 - polya	(1, 0.005309111075643984)	(2, 0.010240173994198768)	(3, 0.013609733655211205)	(4, 0.01760389461924058)	(5, 0.020085862954913155)	(6, 0.02189391935838324)	(7, 0.024803246480330565)	(8, 0.028550854298432203)	(9, 0.034731119823020865)	(10, 0.04385687359762625)	(15, 0.05396226520538452)	(20, 0.06433064683546572)	(25, 0.07980432227389063)	(30, 0.09382169046370235)	(35, 0.10463058038117445)	(40, 0.11429546370154182)	(45, 0.1251668137493156)	(50, 0.13508811234144785)	(55, 0.14573920824552616)	(60, 0.15505562978631565)	(65, 0.16968116240274916)	(70, 0.18127573501191097)	(75, 0.19174273790036328)	(80, 0.20075343354020236)	(85, 0.2095307255352299)	(90, 0.2197281636508012)	(95, 0.23152655352726326)	(100, 0.24279567598380045)	(105, 0.25393659080445524)	(110, 0.2636935206326357)	(115, 0.272273570110921)	(120, 0.2806169285691157)	(125, 0.28918054117100583)	(130, 0.2993418181585077)	(135, 0.3097266366649841)	(140, 0.3158674536862243)
NG-13640_MONO_MAC_6_lib248394_5904_3_2 - illumina_universal_adapter	(1, 0.0002301162695325566)	(2, 0.0002301162695325566)	(3, 0.00026299002232292183)	(4, 0.0003287375279036523)	(5, 0.00034517440429883493)	(6, 0.0003944850334843827)	(7, 0.00044379566266993057)	(8, 0.0004602325390651132)	(9, 0.000509543168250661)	(10, 0.0007265099366670716)	(15, 0.001048672714012651)	(20, 0.002015161046049389)	(25, 0.004428094500862197)	(30, 0.005512928342944249)	(35, 0.006748981447861982)	(40, 0.008267748826776855)	(45, 0.00967145807092545)	(50, 0.01144992809688421)	(55, 0.013211961246447787)	(60, 0.015312594049752123)	(65, 0.01767950425065842)	(70, 0.020095725080750266)	(75, 0.023455422615925592)	(80, 0.028856580199382597)	(85, 0.03743662967766792)	(90, 0.06984686255368901)	(95, 0.09473886816655355)	(100, 0.13883572015954945)	(105, 0.18608187766986237)	(110, 0.25351251939345953)	(115, 0.34456295249693414)	(120, 0.4669387846343477)	(125, 0.623490170172625)	(130, 0.8213737250942286)	(135, 1.0699025835646687)	(140, 1.242216933565926)
NG-13640_MONO_MAC_6_lib248394_5904_3_2 - polya	(1, 0.03159167643154098)	(2, 0.03589813804707883)	(3, 0.03829792200077549)	(4, 0.04147023914504574)	(5, 0.044083702491879775)	(6, 0.04602325390651132)	(7, 0.048603843500554994)	(8, 0.05468548776677256)	(9, 0.06370933290772782)	(10, 0.07970570101551953)	(15, 0.10478508701928917)	(20, 0.12789862260619497)	(25, 0.1441875671138209)	(30, 0.15859284558655895)	(35, 0.17319536657603923)	(40, 0.1893495286972247)	(45, 0.20735119572522867)	(50, 0.2265691916064762)	(55, 0.24921591990375877)	(60, 0.26523858701378283)	(65, 0.2839963503559652)	(70, 0.31373394713012964)	(75, 0.3356969013693726)	(80, 0.35479983911585383)	(85, 0.3819732831723697)	(90, 0.40432086031926007)	(95, 0.4274442580320029)	(100, 0.44620530874946435)	(105, 0.4643286086627927)	(110, 0.48330333877339154)	(115, 0.5023865522681985)	(120, 0.5234191793034741)	(125, 0.5450270970125813)	(130, 0.5684299216240423)	(135, 0.5932791913582793)	(140, 0.606290622712706)
NG-13640_MOTN_1_lib250968_5908_5_1 - illumina_universal_adapter	(1, 7.842652264339612e-05)	(2, 8.24483955994677e-05)	(3, 0.00011462337924804047)	(4, 0.00021315926667179455)	(5, 0.0002855529798810833)	(6, 0.0003318045188759066)	(7, 0.0003720232484366226)	(8, 0.0004082201050412669)	(9, 0.0004403950886898397)	(10, 0.000632640615990062)	(15, 0.0009189979704623596)	(20, 0.0011438206687067617)	(25, 0.001426558337518595)	(30, 0.0017298075584063933)	(35, 0.0022542597918781293)	(40, 0.0027396998576759706)	(45, 0.0030992552999487715)	(50, 0.0035207475857450743)	(55, 0.003986078286762558)	(60, 0.004578500173191904)	(65, 0.005320535733587114)	(70, 0.006276937122540939)	(75, 0.007654026422699853)	(80, 0.009805326266902548)	(85, 0.013353422588748911)	(90, 0.01943972293317206)	(95, 0.030021270680596422)	(100, 0.04808873056115685)	(105, 0.07752160122828)	(110, 0.12352740378548736)	(115, 0.19313114372514922)	(120, 0.29510774346282254)	(125, 0.4368148173843448)	(130, 0.6263966582257608)	(135, 0.8715668161295204)	(140, 1.0531535757215618)
NG-13640_MOTN_1_lib250968_5908_5_1 - polya	(1, 0.0054436050460429045)	(2, 0.011991214218527462)	(3, 0.015828081018619763)	(4, 0.021147008003024447)	(5, 0.024322276701842973)	(6, 0.02702296439184505)	(7, 0.03136859812088041)	(8, 0.03673980945371402)	(9, 0.046167079662745844)	(10, 0.06188496136236925)	(15, 0.07958803955310959)	(20, 0.09630937855527286)	(25, 0.11851373695844854)	(30, 0.13874255136560182)	(35, 0.15378395403401396)	(40, 0.1678174753396346)	(45, 0.18280377834854858)	(50, 0.19744500465783163)	(55, 0.21358558520513818)	(60, 0.2272619641922596)	(65, 0.2421742647387819)	(70, 0.25841338117351215)	(75, 0.2732802345556308)	(80, 0.2865266753237482)	(85, 0.29955553276494207)	(90, 0.31287798693192925)	(95, 0.33016882314467233)	(100, 0.34707436392822366)	(105, 0.3632559675796821)	(110, 0.3781344843933734)	(115, 0.38985542874925283)	(120, 0.40191823230639834)	(125, 0.41486504353928844)	(130, 0.4295082807850495)	(135, 0.44411934304716205)	(140, 0.45233602949641627)
NG-13640_MOTN_1_lib250968_5908_5_2 - illumina_universal_adapter	(1, 8.24483955994677e-05)	(2, 8.44593320775035e-05)	(3, 0.00012266712516018365)	(4, 0.00023729050440822412)	(5, 0.0003116951540955486)	(6, 0.00035995762956840776)	(7, 0.0004082201050412669)	(8, 0.00045447164403609027)	(9, 0.0004946903735968063)	(10, 0.0007456552460556738)	(15, 0.0015154417298477772)	(20, 0.002296489457916881)	(25, 0.003444331999579714)	(30, 0.004765115078353626)	(35, 0.006434996729714553)	(40, 0.008459607575800995)	(45, 0.01054454651622851)	(50, 0.012810871926974854)	(55, 0.015319314089676706)	(60, 0.01813382078433561)	(65, 0.021128105200130913)	(70, 0.024439715392160263)	(75, 0.028133001327720807)	(80, 0.03258119281713599)	(85, 0.038436637653880626)	(90, 0.0469622039461612)	(95, 0.06010085851905589)	(100, 0.08052433157728305)	(105, 0.11216601487188071)	(110, 0.16077678454273564)	(115, 0.23326863145215254)	(120, 0.3370784008832033)	(125, 0.4795452066061275)	(130, 0.6693233148477997)	(135, 0.9150114899883015)	(140, 1.0987113416314627)
NG-13640_MOTN_1_lib250968_5908_5_2 - polya	(1, 0.01267091074810356)	(2, 0.017143233475255176)	(3, 0.01909786373190597)	(4, 0.022637111933248976)	(5, 0.02475462804462067)	(6, 0.02669719268240325)	(7, 0.028756391635911906)	(8, 0.034746971403980545)	(9, 0.042466956543159975)	(10, 0.054177444029353636)	(15, 0.07544953228131192)	(20, 0.09395014787924125)	(25, 0.10954013401886158)	(30, 0.12348678286863105)	(35, 0.1378931317972795)	(40, 0.15421188131654)	(45, 0.17159723154375067)	(50, 0.19068101872031043)	(55, 0.21348503838123634)	(60, 0.23023654143057018)	(65, 0.24906091780146325)	(70, 0.2710074741481547)	(75, 0.290729532562843)	(80, 0.30925025752555274)	(85, 0.33636250749702257)	(90, 0.3572271800185308)	(95, 0.37884032309716387)	(100, 0.3960740487139307)	(105, 0.41300090542414924)	(110, 0.4316161444013266)	(115, 0.4510409864045612)	(120, 0.4705008187025136)	(125, 0.49213326677133595)	(130, 0.514592209732631)	(135, 0.5384700694728279)	(140, 0.5509845293629404)
NG-13640_MUTZ_3_lib259806_5981_3_1 - illumina_universal_adapter	(1, 2.715556090218377e-05)	(2, 4.6552390118029316e-05)	(3, 5.431112180436754e-05)	(4, 0.00010086351192239686)	(5, 0.00012801907282458062)	(6, 0.00013965717035408794)	(7, 0.0001512952678835953)	(8, 0.00017845082878577905)	(9, 0.00020172702384479372)	(10, 0.00034681530637931845)	(15, 0.0006944064859272707)	(20, 0.0012126897625746637)	(25, 0.0017146797026807465)	(30, 0.002388913486223538)	(35, 0.0030274571040091736)	(40, 0.003786261062933051)	(45, 0.0048616212746595295)	(50, 0.006087500881100967)	(55, 0.007525969735748072)	(60, 0.009222028482381607)	(65, 0.011350248583944181)	(70, 0.014297790751584072)	(75, 0.018458022681798626)	(80, 0.024396555914521896)	(85, 0.03309487000807567)	(90, 0.04585565601259615)	(95, 0.06505075820459691)	(100, 0.09347875110334014)	(105, 0.13660876467452568)	(110, 0.19955690659212494)	(115, 0.2879816198749844)	(120, 0.4120414119200266)	(125, 0.5804927873084529)	(130, 0.8004148128308785)	(135, 1.07924888804767)	(140, 1.272614326754097)
NG-13640_MUTZ_3_lib259806_5981_3_1 - polya	(1, 0.033028920788741804)	(2, 0.037676401068858396)	(3, 0.041350160522339544)	(4, 0.04604419319257416)	(5, 0.04920199698891382)	(6, 0.052092124542074805)	(7, 0.056367185701247165)	(8, 0.06119699617599271)	(9, 0.06925443903225495)	(10, 0.08075443113774546)	(15, 0.09556041881478469)	(20, 0.1100793334194294)	(25, 0.13278914106534137)	(30, 0.14987231649232086)	(35, 0.16211404334702528)	(40, 0.17525112783833316)	(45, 0.19023323872465228)	(50, 0.20331213272831258)	(55, 0.2177301838210349)	(60, 0.23054450507419114)	(65, 0.26038924237885974)	(70, 0.2789333869823767)	(75, 0.2927788436766473)	(80, 0.3048754822488172)	(85, 0.31727471135675434)	(90, 0.33015963706825613)	(95, 0.34527442226641164)	(100, 0.3594566079158693)	(105, 0.3741601803346488)	(110, 0.3874819226400915)	(115, 0.39910915794523805)	(120, 0.41128648732694584)	(125, 0.42376951073709546)	(130, 0.4390340394567972)	(135, 0.4554297912563672)	(140, 0.46473638991412985)
NG-13640_MUTZ_3_lib259806_5981_3_2 - illumina_universal_adapter	(1, 3.103492674535288e-05)	(2, 5.043175596119843e-05)	(3, 5.8190487647536646e-05)	(4, 8.922541439288952e-05)	(5, 0.00011250160945190418)	(6, 0.00013189843866774972)	(7, 0.00014741590204042618)	(8, 0.00018620956047211726)	(9, 0.00021724448721747015)	(10, 0.00037940197946193893)	(15, 0.0008511328659913028)	(20, 0.0016386441321546322)	(25, 0.0028001262655994634)	(30, 0.004628083450900748)	(35, 0.006562335260304866)	(40, 0.008865902697978684)	(45, 0.01158145878819706)	(50, 0.01461201938488077)	(55, 0.01784818637125244)	(60, 0.02146608295659195)	(65, 0.02546881263357384)	(70, 0.03019698372322835)	(75, 0.0362542255507526)	(80, 0.043978818817670934)	(85, 0.054499658984345556)	(90, 0.06914736853498347)	(95, 0.09026896380470201)	(100, 0.12050163769368752)	(105, 0.16514305219737174)	(110, 0.22952423185743762)	(115, 0.3186999903675346)	(120, 0.44372652038069454)	(125, 0.6129436825865625)	(130, 0.8330821767230369)	(135, 1.1111419305175319)	(140, 1.3023729421370471)
NG-13640_MUTZ_3_lib259806_5981_3_2 - polya	(1, 0.1255867104409136)	(2, 0.13490882656204897)	(3, 0.13782223031026897)	(4, 0.14154254215386813)	(5, 0.1459184668249629)	(6, 0.1487465245246332)	(7, 0.15162501398026465)	(8, 0.15726561191623253)	(9, 0.1643920069701342)	(10, 0.1772800361743106)	(15, 0.197278942969016)	(20, 0.2139555608556314)	(25, 0.2270755761372293)	(30, 0.23869117334484624)	(35, 0.2497442625052037)	(40, 0.2624437545294021)	(45, 0.2765654220717063)	(50, 0.29063743373121786)	(55, 0.3071224109451807)	(60, 0.32067924282071947)	(65, 0.3360492902913555)	(70, 0.3780434255436611)	(75, 0.39549514072574177)	(80, 0.41261012695263516)	(85, 0.4362129646156446)	(90, 0.4544777948784534)	(95, 0.47237020602031804)	(100, 0.4871265378145647)	(105, 0.5022754614321401)	(110, 0.5187146621291535)	(115, 0.5357675785025563)	(120, 0.5530183425339606)	(125, 0.5716641265225686)	(130, 0.5922651108961339)	(135, 0.6149112969422179)	(140, 0.6269675901096189)
NG-13640_MUTZ_3_lib259806_5991_5_1 - illumina_universal_adapter	(1, 1.399727249148231e-05)	(2, 2.799454498296462e-05)	(3, 2.799454498296462e-05)	(4, 0.00011197817993185848)	(5, 0.0001259754524233408)	(6, 0.0001399727249148231)	(7, 0.0001399727249148231)	(8, 0.0001399727249148231)	(9, 0.0001399727249148231)	(10, 0.0002659481773381639)	(15, 0.0005990832626354429)	(20, 0.0009546139839190934)	(25, 0.0013493370681788945)	(30, 0.0017524585159335853)	(35, 0.0023123494155928774)	(40, 0.0030150124946652897)	(45, 0.0037736646637036306)	(50, 0.004834657918557989)	(55, 0.0060020304443476145)	(60, 0.007328971876540138)	(65, 0.008977850576036752)	(70, 0.011234210901663703)	(75, 0.013988874127987421)	(80, 0.018367220963323088)	(85, 0.0245288203140736)	(90, 0.03357385779806947)	(95, 0.04751514119958585)	(100, 0.06894216592954697)	(105, 0.09977535777378418)	(110, 0.14602794499463836)	(115, 0.21119084735148505)	(120, 0.3048381992284983)	(125, 0.4308528440148153)	(130, 0.5992512299053407)	(135, 0.8128888004883368)	(140, 0.9615006419849028)
NG-13640_MUTZ_3_lib259806_5991_5_1 - polya	(1, 0.03381741033942126)	(2, 0.038772444801406)	(3, 0.04250971655663177)	(4, 0.04761872101602282)	(5, 0.05109004459391043)	(6, 0.05456136817179804)	(7, 0.05944641627132537)	(8, 0.06559121889508611)	(9, 0.07610317053618931)	(10, 0.09078071047075766)	(15, 0.1079189709093286)	(20, 0.12514681389184504)	(25, 0.15085700400419974)	(30, 0.1710802632998934)	(35, 0.18494876088445406)	(40, 0.2000154249942856)	(45, 0.21701371270794173)	(50, 0.23213076699874263)	(55, 0.24800087454958528)	(60, 0.26177139122670556)	(65, 0.28861815986536865)	(70, 0.308177948444966)	(75, 0.32458835071397985)	(80, 0.3390643299246709)	(85, 0.3537558671317307)	(90, 0.3686349677901764)	(95, 0.38584601404570307)	(100, 0.40168812705156276)	(105, 0.4183504802254233)	(110, 0.4333275617913094)	(115, 0.44590551085215535)	(120, 0.45889777917874924)	(125, 0.4722931689530978)	(130, 0.48863918376865084)	(135, 0.5065137007402737)	(140, 0.5160934340334442)
NG-13640_MUTZ_3_lib259806_5991_5_2 - illumina_universal_adapter	(1, 1.399727249148231e-05)	(2, 2.799454498296462e-05)	(3, 2.799454498296462e-05)	(4, 5.598908996592924e-05)	(5, 6.998636245741155e-05)	(6, 6.998636245741155e-05)	(7, 6.998636245741155e-05)	(8, 6.998636245741155e-05)	(9, 6.998636245741155e-05)	(10, 0.00022955526886030988)	(15, 0.0007642510780349341)	(20, 0.0013969277946499347)	(25, 0.002368338505558807)	(30, 0.00379046139069341)	(35, 0.005433741181193432)	(40, 0.007264584423079319)	(45, 0.009285790570849365)	(50, 0.01168772253038773)	(55, 0.014322009213284697)	(60, 0.017152257711062425)	(65, 0.02054239710849944)	(70, 0.024442037224626408)	(75, 0.028954757875880303)	(80, 0.03527872558753201)	(85, 0.04313959381874848)	(90, 0.05378032036677334)	(95, 0.069471262829725)	(100, 0.09244638589724406)	(105, 0.12514681389184504)	(110, 0.17309587053866682)	(115, 0.2401288085003756)	(120, 0.3351478930815541)	(125, 0.4623467071206505)	(130, 0.6324667575276282)	(135, 0.8488589913369481)	(140, 0.9991812995319732)
NG-13640_MUTZ_3_lib259806_5991_5_2 - polya	(1, 0.11865487891029554)	(2, 0.12701125058771048)	(3, 0.130160636898294)	(4, 0.13389790865351978)	(5, 0.13945482583263824)	(6, 0.14277217941311957)	(7, 0.1458235848162627)	(8, 0.15129651836043229)	(9, 0.15902301277573053)	(10, 0.1724687927310484)	(15, 0.19368025946464074)	(20, 0.21121884189646806)	(25, 0.22490817439313773)	(30, 0.23693463091781936)	(35, 0.24903107380495831)	(40, 0.2621045263120029)	(45, 0.275656685538256)	(50, 0.2899143072980799)	(55, 0.3075172771833681)	(60, 0.3214529616758878)	(65, 0.33727827795475773)	(70, 0.37345842789074124)	(75, 0.39093262286910774)	(80, 0.4072534425941761)	(85, 0.43123916873558016)	(90, 0.44954760115443904)	(95, 0.46873226283126473)	(100, 0.48375413566912345)	(105, 0.5001617384836391)	(110, 0.5174903618280942)	(115, 0.534135918274965)	(120, 0.5519208527026424)	(125, 0.5713714625568062)	(130, 0.5919698487552715)	(135, 0.6138475856594584)	(140, 0.626279963086393)
NG-13640_M_07e_lib259810_5981_3_1 - illumina_universal_adapter	(1, 4.920224561410691e-05)	(2, 4.920224561410691e-05)	(3, 0.00012005347929842086)	(4, 0.00030899010245659137)	(5, 0.0004644691985971692)	(6, 0.000541224701755176)	(7, 0.0006927676182466253)	(8, 0.0008029806484222247)	(9, 0.0009171298582469527)	(10, 0.0013182265644931521)	(15, 0.001932270589757206)	(20, 0.002481761268775552)	(25, 0.002940719815863941)	(30, 0.0034846998433735073)	(35, 0.0040999247225323)	(40, 0.004780096565901714)	(45, 0.005561821844218644)	(50, 0.0065139837013428415)	(55, 0.007573209644923334)	(60, 0.008978032161697316)	(65, 0.010785525856577147)	(70, 0.013244850901352667)	(75, 0.016478816101076682)	(80, 0.021353380978557483)	(85, 0.029133240055060072)	(90, 0.04114685396216532)	(95, 0.060388474558965344)	(100, 0.09005073715886829)	(105, 0.13561004850770672)	(110, 0.20387403130864845)	(115, 0.304759496569708)	(120, 0.447080337761214)	(125, 0.6418913154277439)	(130, 0.9003503180206825)	(135, 1.2324178481421497)	(140, 1.465756545832315)
NG-13640_M_07e_lib259810_5981_3_1 - polya	(1, 0.003570114941759597)	(2, 0.009578693176154332)	(3, 0.012595774877211368)	(4, 0.016008442633005823)	(5, 0.0179765324575701)	(6, 0.01955100431722152)	(7, 0.02287904421055971)	(8, 0.02655543600284578)	(9, 0.032447896937591224)	(10, 0.04338063591304578)	(15, 0.05690967898506553)	(20, 0.07068512690312072)	(25, 0.08926979911648117)	(30, 0.10491611322176717)	(35, 0.11740403677659242)	(40, 0.12942237409927665)	(45, 0.142749884773261)	(50, 0.15505477597440176)	(55, 0.16806227524291198)	(60, 0.17854195994075184)	(65, 0.20079436435117026)	(70, 0.21613050750010493)	(75, 0.22786701435991152)	(80, 0.23822507110659333)	(85, 0.24849889360878374)	(90, 0.25887859934353574)	(95, 0.27061471258537745)	(100, 0.28203553783732394)	(105, 0.2928871915120065)	(110, 0.30275322580254715)	(115, 0.31197254577673605)	(120, 0.32159453692903084)	(125, 0.33141215620988723)	(130, 0.342163437303517)	(135, 0.3530654740777084)	(140, 0.3593161273605245)
NG-13640_M_07e_lib259810_5981_3_2 - illumina_universal_adapter	(1, 5.313842526323546e-05)	(2, 5.313842526323546e-05)	(3, 0.00012595774877211368)	(4, 0.0003306390905267984)	(5, 0.0004920224561410691)	(6, 0.0005766503185973329)	(7, 0.0007301613249133464)	(8, 0.0008443105347380745)	(9, 0.0009486192954399811)	(10, 0.0014044288988090676)	(15, 0.0021652924249856167)	(20, 0.0031001350916536477)	(25, 0.004364435994953739)	(30, 0.005986142010394703)	(35, 0.007793635705274535)	(40, 0.009899885435523222)	(45, 0.012240337854895058)	(50, 0.014912610218688435)	(55, 0.017900170572377007)	(60, 0.021113667637925555)	(65, 0.024743612510351905)	(70, 0.029011218485937084)	(75, 0.03424555018334823)	(80, 0.041124811356130206)	(85, 0.05060470642309141)	(90, 0.06448013330423447)	(95, 0.08551743905696693)	(100, 0.11677542888662659)	(105, 0.16387299924234447)	(110, 0.2335055917072882)	(115, 0.33517199501073486)	(120, 0.47812262494610136)	(125, 0.6739180411428783)	(130, 0.9329359812459934)	(135, 1.2642938181767225)	(140, 1.4954215637579722)
NG-13640_M_07e_lib259810_5981_3_2 - polya	(1, 0.01571716533897031)	(2, 0.021103827188802732)	(3, 0.022778671629506933)	(4, 0.024370856297579433)	(5, 0.02610867961266969)	(6, 0.027197033285653732)	(7, 0.028791186043550798)	(8, 0.03291630231583752)	(9, 0.03907642346672371)	(10, 0.04735539012273579)	(15, 0.06412430266395326)	(20, 0.08064287417948614)	(25, 0.0943100771571903)	(30, 0.10783715213938547)	(35, 0.12089621536129927)	(40, 0.13514046227556567)	(45, 0.15161022516344938)	(50, 0.16886486227336933)	(55, 0.18945619887185547)	(60, 0.20445776675061422)	(65, 0.22040401774516383)	(70, 0.2569900203478839)	(75, 0.2771928560150011)	(80, 0.2960050394120812)	(85, 0.3214981005276272)	(90, 0.34028824131867214)	(95, 0.359675106944525)	(100, 0.3755721556934605)	(105, 0.39101182036716725)	(110, 0.40876241611287734)	(115, 0.42797412174434396)	(120, 0.4476314029120919)	(125, 0.467631918945244)	(130, 0.4879453612605017)	(135, 0.5096313494194105)	(140, 0.5204101837705841)
NG-13640_NALM_1_lib265127_5989_8_1 - illumina_universal_adapter	(1, 9.120252775939964e-05)	(2, 9.120252775939964e-05)	(3, 0.00010106226049014556)	(4, 0.00014543105777850213)	(5, 0.0001824050555187993)	(6, 0.0002021245209802911)	(7, 0.0002243089196244694)	(8, 0.0002563530509993936)	(9, 0.00026867771691282597)	(10, 0.00035692232485300183)	(15, 0.0004747461309854154)	(20, 0.0005979927901197394)	(25, 0.0007296202220751972)	(30, 0.0008740653065806249)	(35, 0.0012428193107105218)	(40, 0.001577064250282808)	(45, 0.001870391299022499)	(50, 0.002193790532590964)	(55, 0.0026054343740996065)	(60, 0.0030338397612505157)	(65, 0.003587463754081899)	(70, 0.004377721332451183)	(75, 0.005527859155492693)	(80, 0.007166053748706125)	(85, 0.009830646519190207)	(90, 0.014313374005223834)	(95, 0.022129677127522653)	(100, 0.0352879834433396)	(105, 0.056725507333163894)	(110, 0.09077165743906605)	(115, 0.14283893404358905)	(120, 0.21953483703624227)	(125, 0.32694528644507853)	(130, 0.4731848423075019)	(135, 0.6633120405010213)	(140, 0.7995799556662048)
NG-13640_NALM_1_lib265127_5989_8_1 - polya	(1, 0.003298080598434506)	(2, 0.008089910705577017)	(3, 0.01086542546928199)	(4, 0.015447736255896152)	(5, 0.01795210836950561)	(6, 0.02026175076168284)	(7, 0.023320732841396758)	(8, 0.027737893104770924)	(9, 0.03468900467994679)	(10, 0.048719404355798225)	(15, 0.06449793464481088)	(20, 0.0792628844091029)	(25, 0.09879600092198362)	(30, 0.11473080797477861)	(35, 0.12759529425521934)	(40, 0.1403059687050604)	(45, 0.15449708202442303)	(50, 0.16754988920002095)	(55, 0.18145753520337463)	(60, 0.19282777898847078)	(65, 0.20688332098278567)	(70, 0.22050552772358417)	(75, 0.23378067187226045)	(80, 0.24563552152107282)	(85, 0.2567868792395464)	(90, 0.2675211702635095)	(95, 0.2805044663233557)	(100, 0.29308745723433366)	(105, 0.3061205449444701)	(110, 0.31821745103182225)	(115, 0.32843657102060386)	(120, 0.3389071141940195)	(125, 0.34969021089499974)	(130, 0.36195276049222846)	(135, 0.373208631377648)	(140, 0.3794715336082177)
NG-13640_NALM_1_lib265127_5989_8_2 - illumina_universal_adapter	(1, 9.61323941247726e-05)	(2, 9.859732730745908e-05)	(3, 0.00011338692640357794)	(4, 0.0001626855900573075)	(5, 0.00019965958779760462)	(6, 0.0002243089196244694)	(7, 0.00024895825145133417)	(8, 0.0002785374496435719)	(9, 0.00029332704873969074)	(10, 0.00040523501523365683)	(15, 0.0005950348703005155)	(20, 0.0009287868232362644)	(25, 0.0014390279920523652)	(30, 0.0022371733566062466)	(35, 0.0033685776874593397)	(40, 0.004597593372346817)	(45, 0.005859639161882293)	(50, 0.007456422877626594)	(55, 0.009278501486268437)	(60, 0.011117341640552548)	(65, 0.013217957698837962)	(70, 0.015651832723422594)	(75, 0.018559467905719558)	(80, 0.021982274123198)	(85, 0.026468452515687392)	(90, 0.03284819257911653)	(95, 0.04253242206725515)	(100, 0.05756802149500613)	(105, 0.08100312723607954)	(110, 0.11677127966340647)	(115, 0.170312586311176)	(120, 0.24820792579052445)	(125, 0.35631250038360524)	(130, 0.5026220603484168)	(135, 0.6924628333061081)	(140, 0.8279045028684551)
NG-13640_NALM_1_lib265127_5989_8_2 - polya	(1, 0.017242207612891906)	(2, 0.02262808661706186)	(3, 0.024787368085095213)	(4, 0.028373845865904038)	(5, 0.030796875184484842)	(6, 0.03275403213153791)	(7, 0.03491577853275395)	(8, 0.040353421133760316)	(9, 0.04783695827639646)	(10, 0.06044509150583778)	(15, 0.08103270643427178)	(20, 0.10038144594508755)	(25, 0.11639858176618427)	(30, 0.13147608505804093)	(35, 0.1469691760844985)	(40, 0.163406336519925)	(45, 0.18101631216367373)	(50, 0.19901081738392154)	(55, 0.2187588760703325)	(60, 0.23576297113777694)	(65, 0.2539803063177396)	(70, 0.2764930340618517)	(75, 0.2962519384542665)	(80, 0.3148582400904571)	(85, 0.34025346069840284)	(90, 0.36021498259843443)	(95, 0.37949716891331764)	(100, 0.39566663760510445)	(105, 0.4124843837239377)	(110, 0.43117695802152234)	(115, 0.4492360444911566)	(120, 0.4673892914083694)	(125, 0.487026921088196)	(130, 0.5071067597809966)	(135, 0.528613301799936)	(140, 0.5400520707275109)
NG-13640_NALM_6_lib227471_5697_7_1 - illumina_universal_adapter	(1, 2.5009585965887507e-05)	(2, 3.334611462118334e-05)	(3, 4.58509076041271e-05)	(4, 0.00010837487251884587)	(5, 0.00017089883743356463)	(6, 0.0002500958596588751)	(7, 0.00031678808890124176)	(8, 0.0003668072608330168)	(9, 0.00038348031814360847)	(10, 0.000564382989963528)	(15, 0.0007986394451773411)	(20, 0.0010337295532566837)	(25, 0.0013621887822753396)	(30, 0.0018031911481404892)	(35, 0.002825249561279759)	(40, 0.003713923515934295)	(45, 0.004382513114089022)	(50, 0.005251179399970848)	(55, 0.006389115561418729)	(60, 0.00806642512686425)	(65, 0.010925854455630723)	(70, 0.01589776014564916)	(75, 0.02502959363466022)	(80, 0.04163929332747164)	(85, 0.07264451070224791)	(90, 0.12959300525230483)	(95, 0.23052919325203022)	(100, 0.4012946462271102)	(105, 0.6757648483683392)	(110, 1.090898965816106)	(115, 1.680605828875826)	(120, 2.4763691716670904)	(125, 3.4930563593937527)	(130, 4.743355588669173)	(135, 6.212653758413485)	(140, 7.186592060848656)
NG-13640_NALM_6_lib227471_5697_7_1 - polya	(1, 0.004055721190801424)	(2, 0.011079246582888166)	(3, 0.014984910257894266)	(4, 0.020186904138798867)	(5, 0.02335061676348364)	(6, 0.025797387923812965)	(7, 0.029965652251460882)	(8, 0.035446919842317896)	(9, 0.04450038996196917)	(10, 0.060277270442116546)	(15, 0.0807459492494644)	(20, 0.10248761598247595)	(25, 0.1329117773099781)	(30, 0.15783799798931267)	(35, 0.17477699056400825)	(40, 0.18986944204155587)	(45, 0.20648997922161913)	(50, 0.22205928013824963)	(55, 0.2402054020622321)	(60, 0.25465677448618745)	(65, 0.27250945060150344)	(70, 0.2920744497026173)	(75, 0.3117711659564847)	(80, 0.3285734394612335)	(85, 0.34534069954563)	(90, 0.36207794812686744)	(95, 0.3852968477375974)	(100, 0.40561213441768784)	(105, 0.42623337169942765)	(110, 0.4451222783265969)	(115, 0.4599246186069402)	(120, 0.4746477618650582)	(125, 0.4910373772013698)	(130, 0.5112943081808732)	(135, 0.533887968142456)	(140, 0.5469679816026151)
NG-13640_NALM_6_lib227471_5697_7_2 - illumina_universal_adapter	(1, 2.5009585965887507e-05)	(2, 2.9177850293535426e-05)	(3, 3.7514378948831265e-05)	(4, 0.00010003834386355003)	(5, 0.00016256230877826882)	(6, 0.00024592759533122714)	(7, 0.00031261982457359385)	(8, 0.00035013420352242514)	(9, 0.0003668072608330168)	(10, 0.0005468762797874069)	(15, 0.000852826881436764)	(20, 0.0012446437282356685)	(25, 0.0020949696510758438)	(30, 0.003275422108665734)	(35, 0.0051269651230069395)	(40, 0.00696683699723073)	(45, 0.008489087129687751)	(50, 0.010383146440170963)	(55, 0.012639011094294017)	(60, 0.015349216560130694)	(65, 0.019287392696892447)	(70, 0.025344714417830407)	(75, 0.03555946297916439)	(80, 0.05313953460745224)	(85, 0.08520349112145109)	(90, 0.14318821618336125)	(95, 0.24462042763807673)	(100, 0.41572517732942726)	(105, 0.6901787064133458)	(110, 1.1023266792967854)	(115, 1.6848157758467508)	(120, 2.4741658271434956)	(125, 3.4851066456680626)	(130, 4.726034783082065)	(135, 6.178315596882323)	(140, 7.138607001908773)
NG-13640_NALM_6_lib227471_5697_7_2 - polya	(1, 0.008665821537180022)	(2, 0.012842422393483235)	(3, 0.014255464000555879)	(4, 0.017331643074360043)	(5, 0.01949497226040931)	(6, 0.020966369568069028)	(7, 0.022771228021940575)	(8, 0.027960717109862233)	(9, 0.03638061105171103)	(10, 0.04881287623535371)	(15, 0.07203677776327685)	(20, 0.09286809556713008)	(25, 0.1106274025615068)	(30, 0.12644513203206514)	(35, 0.1418668763914969)	(40, 0.1600846924619149)	(45, 0.18189471872989987)	(50, 0.20566966480193805)	(55, 0.2344515299843469)	(60, 0.2541599173783318)	(65, 0.2770495241071776)	(70, 0.30513945741119686)	(75, 0.33174715592030457)	(80, 0.3562999001158819)	(85, 0.3919669043146996)	(90, 0.4178384873435447)	(95, 0.44337077365611927)	(100, 0.46295661407887134)	(105, 0.4828283974345)	(110, 0.5042774520117106)	(115, 0.5260916465440233)	(120, 0.5477299403217091)	(125, 0.5715123892695371)	(130, 0.5971555514132272)	(135, 0.6243851549600199)	(140, 0.6381696050915515)
NG-13640_NALM_6_lib227471_5706_1_1 - illumina_universal_adapter	(1, 0.0)	(2, 0.0)	(3, 1.4476389009525464e-05)	(4, 0.00010133472306667824)	(5, 0.00023162222415240742)	(6, 0.0003329569472190857)	(7, 0.00037638611424766204)	(8, 0.0004342916702857639)	(9, 0.00046324444830481485)	(10, 0.0009235936188077245)	(15, 0.0014302672341411158)	(20, 0.007249775615970353)	(25, 0.011248154260401285)	(30, 0.012255710935464258)	(35, 0.01339355511161296)	(40, 0.014357682619647354)	(45, 0.015090187903529345)	(50, 0.015935609021685632)	(55, 0.017226902921335302)	(60, 0.01928255016068792)	(65, 0.022953762413503574)	(70, 0.028941196907843303)	(75, 0.03932076782767306)	(80, 0.058125597151046635)	(85, 0.09329453661078779)	(90, 0.1576391904803266)	(95, 0.2727091114392426)	(100, 0.4655664611019428)	(105, 0.9015634500130286)	(110, 1.4027939430788385)	(115, 2.073734039781117)	(120, 2.984003590144474)	(125, 4.136141752801182)	(130, 5.554769970178638)	(135, 7.2280899852340825)	(140, 8.341874402848953)
NG-13640_NALM_6_lib227471_5706_1_1 - polya	(1, 0.003778337531486146)	(2, 0.010712527867048844)	(3, 0.014534294565563566)	(4, 0.02036827933640233)	(5, 0.023538608529488404)	(6, 0.026028547439126783)	(7, 0.030110889139812965)	(8, 0.035626393352442165)	(9, 0.044760994817452736)	(10, 0.06034627522510785)	(15, 0.08036712122528156)	(20, 0.10233938446393931)	(25, 0.13176409276470077)	(30, 0.15562697240800255)	(35, 0.17140044587278147)	(40, 0.18631691710819653)	(45, 0.20333246474999278)	(50, 0.2181244390399259)	(55, 0.23491415501317353)	(60, 0.24901994846405512)	(65, 0.2666840383334781)	(70, 0.28581892932626884)	(75, 0.3049451344856539)	(80, 0.3208431048959147)	(85, 0.33886910449057583)	(90, 0.3578042213150352)	(95, 0.3808593184516054)	(100, 0.4003734908364458)	(105, 0.4200816468340137)	(110, 0.4377631083702481)	(115, 0.45166912765279826)	(120, 0.46588204638235037)	(125, 0.48153102290164745)	(130, 0.501158111120762)	(135, 0.5227829410231912)	(140, 0.534989432236023)
NG-13640_NALM_6_lib227471_5706_1_2 - illumina_universal_adapter	(1, 0.0)	(2, 0.0)	(3, 1.4476389009525464e-05)	(4, 8.685833405715279e-05)	(5, 0.0002026694461333565)	(6, 0.00030400416920003476)	(7, 0.00034743333622861116)	(8, 0.000405338892266713)	(9, 0.0004342916702857639)	(10, 0.000903326674194389)	(15, 0.0014939633457830277)	(20, 0.007652219230435161)	(25, 0.01212542343437853)	(30, 0.013795998726077768)	(35, 0.0157474159645618)	(40, 0.01749616375691248)	(45, 0.019247806827065055)	(50, 0.021103679898086224)	(55, 0.023399635194996958)	(60, 0.0265496974434697)	(65, 0.031185037204319754)	(70, 0.03819160948493008)	(75, 0.049575841802020904)	(80, 0.06914502446509743)	(85, 0.10486696198500245)	(90, 0.1692521497437679)	(95, 0.28457975042705347)	(100, 0.4772083731434032)	(105, 0.9139755059497958)	(110, 1.412805813717826)	(115, 2.0799328295549957)	(120, 2.9819131995714985)	(125, 4.120348012391789)	(130, 5.520104809056429)	(135, 7.167488925562407)	(140, 8.264121717478792)
NG-13640_NALM_6_lib227471_5706_1_2 - polya	(1, 0.010365094530820232)	(2, 0.014621152899620718)	(3, 0.016734705695011436)	(4, 0.019861605721068938)	(5, 0.022235733518631114)	(6, 0.023668896030574135)	(7, 0.025565302990821968)	(8, 0.03183357943194649)	(9, 0.04054836561568082)	(10, 0.05271432293928602)	(15, 0.07718521092098787)	(20, 0.09866817221112366)	(25, 0.11672601986160572)	(30, 0.13414690639566867)	(35, 0.1501983265294305)	(40, 0.16846173890384783)	(45, 0.19117519325979324)	(50, 0.21627435652450852)	(55, 0.24558325371319376)	(60, 0.26729494194968006)	(65, 0.29183242132082576)	(70, 0.32097049711919856)	(75, 0.3494745070789543)	(80, 0.37461420423289615)	(85, 0.4101682156402907)	(90, 0.43968557283071313)	(95, 0.46900605113060595)	(100, 0.4896783346362083)	(105, 0.5106140884217841)	(110, 0.5324039491589219)	(115, 0.5551984712933206)	(120, 0.5775297489794147)	(125, 0.602223573351863)	(130, 0.62849532412635)	(135, 0.6562089232461854)	(140, 0.6699383305828194)
NG-13640_NB4_lib236380_5767_8_1 - illumina_universal_adapter	(1, 7.032051774411234e-05)	(2, 7.032051774411234e-05)	(3, 9.980976712067558e-05)	(4, 0.00022457197602152008)	(5, 0.0003538709925187589)	(6, 0.00040604427987729386)	(7, 0.0004786332014196034)	(8, 0.0005512221229619129)	(9, 0.0006102006217150393)	(10, 0.000885584842816176)	(15, 0.0012548809811626757)	(20, 0.0015779016820259533)	(25, 0.0019676134545562273)	(30, 0.0023877218379823434)	(35, 0.0029843120369082)	(40, 0.0035736433436798255)	(45, 0.004140744293229119)	(50, 0.004703308435182017)	(55, 0.005421938758450881)	(60, 0.00633746653140326)	(65, 0.007597338000921971)	(70, 0.009662492818800677)	(75, 0.01302154516317105)	(80, 0.019355835929256833)	(85, 0.031622456308387864)	(90, 0.05524515978205358)	(95, 0.09912198708906221)	(100, 0.17709110875993578)	(105, 0.311520800967937)	(110, 0.5269864967819743)	(115, 0.8523454682804333)	(120, 1.31294395214285)	(125, 1.9296240424670597)	(130, 2.7211409018565567)	(135, 3.693084784631618)	(140, 4.357873636388754)
NG-13640_NB4_lib236380_5767_8_1 - polya	(1, 0.0023750187767124396)	(2, 0.008163985269711623)	(3, 0.011636911484751494)	(4, 0.016675036320547416)	(5, 0.01956044595185422)	(6, 0.02168594031076497)	(7, 0.025673794187995598)	(8, 0.03124045710877146)	(9, 0.04092880973087158)	(10, 0.05675863879621072)	(15, 0.07414504654787278)	(20, 0.09150196505015826)	(25, 0.11541048740239682)	(30, 0.13723026353725545)	(35, 0.15348337675133816)	(40, 0.1675692569766233)	(45, 0.18358963196101105)	(50, 0.19856971696354553)	(55, 0.21431516140759171)	(60, 0.22814879513051736)	(65, 0.24592446097395007)	(70, 0.26430352222770315)	(75, 0.27959846167742747)	(80, 0.29317259000583934)	(85, 0.30647224147466934)	(90, 0.3208539215552394)	(95, 0.33685524194772226)	(100, 0.3525557719965642)	(105, 0.3689672197957611)	(110, 0.3837699156212766)	(115, 0.3954236132941348)	(120, 0.4071204106391586)	(125, 0.4195009048889592)	(130, 0.4340459100429994)	(135, 0.4480442298816742)	(140, 0.4558107908059416)
NG-13640_NB4_lib236380_5767_8_2 - illumina_universal_adapter	(1, 7.258892154230952e-05)	(2, 7.258892154230952e-05)	(3, 0.00010207817091887276)	(4, 0.00022457197602152008)	(5, 0.00036067620391335044)	(6, 0.00041511789507008256)	(7, 0.0004899752204105892)	(8, 0.0005671009495492931)	(9, 0.0006260794483024196)	(10, 0.000920971942068052)	(15, 0.0013964293781701792)	(20, 0.0019585398393634386)	(25, 0.002941212364742454)	(30, 0.004390722391790446)	(35, 0.006242647252638618)	(40, 0.008339106042932445)	(45, 0.010404714541570789)	(50, 0.012679923551162556)	(55, 0.015302198341878487)	(60, 0.018173543869636467)	(65, 0.0215366793408436)	(70, 0.025642036534820833)	(75, 0.030938759403611238)	(80, 0.03933185345694078)	(85, 0.05378702982057244)	(90, 0.07934967222245637)	(95, 0.12528893226278587)	(100, 0.2048441218693589)	(105, 0.3407074452778207)	(110, 0.5575450717090078)	(115, 0.8844152538178257)	(120, 1.3473352221273172)	(125, 1.9667432948592392)	(130, 2.758764647253455)	(135, 3.729997158597402)	(140, 4.394642193553731)
NG-13640_NB4_lib236380_5767_8_2 - polya	(1, 0.008701596969884354)	(2, 0.013569591520815485)	(3, 0.01517108460234269)	(4, 0.018360460342607913)	(5, 0.02025684591790075)	(6, 0.021624693408213644)	(7, 0.02348932133033172)	(8, 0.028856364716866232)	(9, 0.036786704395363544)	(10, 0.04835647112768841)	(15, 0.06838103249665377)	(20, 0.08784302972366623)	(25, 0.10396049239061678)	(30, 0.11882443511868357)	(35, 0.13373193119967575)	(40, 0.1500844005001195)	(45, 0.1682157520591095)	(50, 0.18751578525493068)	(55, 0.20985729426337466)	(60, 0.2273770841583707)	(65, 0.246236593336582)	(70, 0.27171802688249047)	(75, 0.2928858637657472)	(80, 0.3124853262629304)	(85, 0.33990125456794146)	(90, 0.36153955839894425)	(95, 0.38378806285166217)	(100, 0.4019806613132034)	(105, 0.41990785653035567)	(110, 0.43883950094934965)	(115, 0.4587216065597882)	(120, 0.4788328209538448)	(125, 0.5002787641427605)	(130, 0.5220218682292399)	(135, 0.545222648596441)	(140, 0.5577551259007207)
NG-13640_NC_NC_lib259822_5972_8_1 - illumina_universal_adapter	(1, 5.5465576011301074e-05)	(2, 6.101213361243118e-05)	(3, 9.429147921921182e-05)	(4, 0.00023665312431488458)	(5, 0.0003457354238037767)	(6, 0.0004030498523487878)	(7, 0.0004585154283600889)	(8, 0.0005269229721073602)	(9, 0.0005823885481186612)	(10, 0.0008242184595279341)	(15, 0.0011681050307980004)	(20, 0.0016221832130771854)	(25, 0.0021864530063654885)	(30, 0.002889756510188786)	(35, 0.003705840018568396)	(40, 0.004713094878933623)	(45, 0.005892293024933884)	(50, 0.007047825858502657)	(55, 0.008374562436692979)	(60, 0.009893209907882401)	(65, 0.011780888344800348)	(70, 0.014424377697498958)	(75, 0.01854768861817908)	(80, 0.02486669680789324)	(85, 0.035421795922843835)	(90, 0.05307907716078817)	(95, 0.0832360806086393)	(100, 0.13297354169999995)	(105, 0.21387858903413762)	(110, 0.34149378632093913)	(115, 0.533887599601846)	(120, 0.8093466595172771)	(125, 1.185740495576047)	(130, 1.6846833032087467)	(135, 2.3122322930863155)	(140, 2.7518413554366856)
NG-13640_NC_NC_lib259822_5972_8_1 - polya	(1, 0.0030820371736946296)	(2, 0.008839363963667681)	(3, 0.012145112293941225)	(4, 0.017425435130217087)	(5, 0.020318889345473292)	(6, 0.022964597321212355)	(7, 0.027773462761392156)	(8, 0.03281713247335313)	(9, 0.04147900659378465)	(10, 0.0551849201966839)	(15, 0.07182348368855399)	(20, 0.08748030648502406)	(25, 0.10876799455816141)	(30, 0.12851410938869132)	(35, 0.1430283413193286)	(40, 0.15627019293626662)	(45, 0.17125181478742577)	(50, 0.18507679449349593)	(55, 0.19955811684903318)	(60, 0.21173428986554071)	(65, 0.22805965773820036)	(70, 0.2443114412800183)	(75, 0.2577699784139071)	(80, 0.26974795443880095)	(85, 0.2816963488231554)	(90, 0.2942441411989387)	(95, 0.3087809291304872)	(100, 0.3229191044557679)	(105, 0.3373353472021185)	(110, 0.3504803189462901)	(115, 0.36206079167643634)	(120, 0.37396851130504916)	(125, 0.385578195905228)	(130, 0.39837077635647444)	(135, 0.4116825145991867)	(140, 0.4194621162905318)
NG-13640_NC_NC_lib259822_5972_8_2 - illumina_universal_adapter	(1, 7.395410134840144e-05)	(2, 7.950065894953154e-05)	(3, 0.00011462885709002222)	(4, 0.00025699050218569496)	(5, 0.00036422394914087706)	(6, 0.00041968952515217814)	(7, 0.0004825505112983193)	(8, 0.0005472603499781706)	(9, 0.0006045747785231817)	(10, 0.0008345720337167101)	(15, 0.0012117379505935573)	(20, 0.001839978041548228)	(25, 0.003095348911937342)	(30, 0.004726036846669593)	(35, 0.006524230820955974)	(40, 0.008335366762978325)	(45, 0.010061825258956759)	(50, 0.0119010637594915)	(55, 0.014432882419154022)	(60, 0.01740694660487999)	(65, 0.02066647362181078)	(70, 0.02476390060701896)	(75, 0.03032376994639178)	(80, 0.03812814626168858)	(85, 0.049916060246117035)	(90, 0.06860167326331088)	(95, 0.09944053352559427)	(100, 0.14922310661877747)	(105, 0.22922369529342418)	(110, 0.3543392439546497)	(115, 0.5427868663876059)	(120, 0.8119945861160567)	(125, 1.178822459165411)	(130, 1.664449461079824)	(135, 2.2706497507506436)	(140, 2.6933547543853025)
NG-13640_NC_NC_lib259822_5972_8_2 - polya	(1, 0.018690050263274752)	(2, 0.026608685665154834)	(3, 0.02892160018482609)	(4, 0.03240114065326838)	(5, 0.03499877846313098)	(6, 0.03702142313500976)	(7, 0.03905331206955709)	(8, 0.044348425726102626)	(9, 0.051516426999296434)	(10, 0.06269274056557361)	(15, 0.08295690387604908)	(20, 0.1015866815467249)	(25, 0.11728233024640286)	(30, 0.13159540702137246)	(35, 0.14511569582988723)	(40, 0.1585709050292154)	(45, 0.1711993073754684)	(50, 0.18688423273045088)	(55, 0.20936258183529746)	(60, 0.22620156094182176)	(65, 0.24528393771274976)	(70, 0.2712765857136724)	(75, 0.2926711374632582)	(80, 0.311799735547529)	(85, 0.3379325265705069)	(90, 0.35921060061046894)	(95, 0.3812688904196566)	(100, 0.3986643741388276)	(105, 0.4161656122229268)	(110, 0.4353060429634133)	(115, 0.4556537744084125)	(120, 0.4759804289345274)	(125, 0.4967508080687327)	(130, 0.5179445744331576)	(135, 0.540787147487145)	(140, 0.5529400249617278)
NG-13640_NK_92_lib227486_5684_6_1 - illumina_universal_adapter	(1, 5.4534524939492153e-05)	(2, 5.596964401684721e-05)	(3, 9.471785910543373e-05)	(4, 0.00018226012282409219)	(5, 0.0002640619102333304)	(6, 0.000330077387791663)	(7, 0.00037887143642173493)	(8, 0.0004233601278197417)	(9, 0.00047071905737245854)	(10, 0.0007408084677306803)	(15, 0.001113939427842995)	(20, 0.001445738958527484)	(25, 0.0018131294423303786)	(30, 0.002273802666161352)	(35, 0.0028564610115675046)	(40, 0.0035062829297938746)	(45, 0.004153808657496476)	(50, 0.0048340551001627725)	(55, 0.005702302141962582)	(60, 0.00686245240409641)	(65, 0.008486433152031393)	(70, 0.011128774397257521)	(75, 0.015633900204890517)	(80, 0.023611440132091804)	(85, 0.039135410215656925)	(90, 0.06716787817744871)	(95, 0.11828079221271093)	(100, 0.20602225045930628)	(105, 0.35478095354162204)	(110, 0.5917923042858869)	(115, 0.9528174609330808)	(120, 1.4697889710496157)	(125, 2.176099472351204)	(130, 3.0973701457258658)	(135, 4.244918914265254)	(140, 5.041360921124865)
NG-13640_NK_92_lib227486_5684_6_1 - polya	(1, 0.003503125667823693)	(2, 0.008702562085081062)	(3, 0.011986114534069432)	(4, 0.016099165809769025)	(5, 0.018837373009362474)	(6, 0.02113212841405321)	(7, 0.024915102301961138)	(8, 0.030428829797159267)	(9, 0.038906078187095586)	(10, 0.05286261121437351)	(15, 0.06891240892788152)	(20, 0.08645386941039238)	(25, 0.10956301786540992)	(30, 0.129973568407369)	(35, 0.14474467502295366)	(40, 0.15791648493873384)	(45, 0.17379636455348302)	(50, 0.18796988758525704)	(55, 0.20326395159262986)	(60, 0.21678076413460623)	(65, 0.23706129288815694)	(70, 0.25460849384697715)	(75, 0.26974498177965645)	(80, 0.28333555944220884)	(85, 0.2966411224559985)	(90, 0.31024978261892555)	(95, 0.327107265349169)	(100, 0.3443484989206972)	(105, 0.36163651737414715)	(110, 0.37713494233813527)	(115, 0.3899129555790893)	(120, 0.40284108227553456)	(125, 0.41547673170401495)	(130, 0.43075156511575113)	(135, 0.447541023201728)	(140, 0.45735666364320565)
NG-13640_NK_92_lib227486_5684_6_2 - illumina_universal_adapter	(1, 5.4534524939492153e-05)	(2, 5.596964401684721e-05)	(3, 9.041250187336856e-05)	(4, 0.00018369524190144725)	(5, 0.00026980238654275064)	(6, 0.00033868810225579337)	(7, 0.00038891726996322036)	(8, 0.00044058155674800236)	(9, 0.0004893756053780743)	(10, 0.0007838620400513318)	(15, 0.0012669231214890437)	(20, 0.0018900518248766093)	(25, 0.003017194348231271)	(30, 0.004554493903894008)	(35, 0.0063173941785169595)	(40, 0.008453425413252225)	(45, 0.010599789505344447)	(50, 0.012895405981481598)	(55, 0.015408012462114828)	(60, 0.018208790853480962)	(65, 0.02157242294698574)	(70, 0.02598541410985254)	(75, 0.032117677927390696)	(80, 0.041750771222228776)	(85, 0.0588212256235517)	(90, 0.08842830623701747)	(95, 0.14123006840251112)	(100, 0.23067759620826617)	(105, 0.38111940694450386)	(110, 0.6201456648733753)	(115, 0.9847175748083445)	(120, 1.5060529950153003)	(125, 2.2173106388003476)	(130, 3.145090151238445)	(135, 4.2971170653468125)	(140, 5.0928443829059)
NG-13640_NK_92_lib227486_5684_6_2 - polya	(1, 0.015627011633319213)	(2, 0.02027249208671753)	(3, 0.021978848669692692)	(4, 0.024562063008931795)	(5, 0.026640115432941914)	(6, 0.028266105347585196)	(7, 0.030213561935556008)	(8, 0.035207776324751604)	(9, 0.042262821709029064)	(10, 0.05237811501385844)	(15, 0.07151313171986436)	(20, 0.08923570422993743)	(25, 0.10447552073618624)	(30, 0.1180991061375178)	(35, 0.1320665460697836)	(40, 0.1471869606687965)	(45, 0.1643329023335883)	(50, 0.18270960211911977)	(55, 0.20399959363168202)	(60, 0.2202758531355967)	(65, 0.23891661483136156)	(70, 0.26970824273127614)	(75, 0.2911216544844909)	(80, 0.31101068275373916)	(85, 0.3386677235648949)	(90, 0.3595168464968937)	(95, 0.38120235682717507)	(100, 0.3984961157569344)	(105, 0.4162275860052871)	(110, 0.43550726271429036)	(115, 0.45517987502667345)	(120, 0.4744707456644802)	(125, 0.49536665347840075)	(130, 0.5180567471628306)	(135, 0.5433231666149283)	(140, 0.5568649502288505)
NG-13640_NU_DHL_1_lib227484_5697_4_1 - illumina_universal_adapter	(1, 4.3341900582348445e-05)	(2, 4.6675892934836785e-05)	(3, 5.667786999230181e-05)	(4, 0.0001033537629271386)	(5, 0.00013669368645202203)	(6, 0.00016336562527192875)	(7, 0.00017003360997690543)	(8, 0.0002067075258542772)	(9, 0.00023337946467418393)	(10, 0.00030672729642892743)	(15, 0.00044808857217443313)	(20, 0.0005974514295659109)	(25, 0.0008735059963519455)	(30, 0.0011768993004283848)	(35, 0.0018450313678670485)	(40, 0.002509162644482726)	(45, 0.003101279686284656)	(50, 0.0037114002867900215)	(55, 0.00456423553055654)	(60, 0.005697792930402577)	(65, 0.007580165012617493)	(70, 0.010651438767729754)	(75, 0.0162152052055623)	(80, 0.026399885043943683)	(85, 0.04500956355706311)	(90, 0.07901428515703271)	(95, 0.14018837723590027)	(100, 0.24427428488364536)	(105, 0.41622894125405463)	(110, 0.6848367027215714)	(115, 1.0807456273856801)	(120, 1.6352719054133034)	(125, 2.3651228392812316)	(130, 3.297444461521894)	(135, 4.442078050761367)	(140, 5.218621547525895)
NG-13640_NU_DHL_1_lib227484_5697_4_1 - polya	(1, 0.004237504280012683)	(2, 0.00953188413576417)	(3, 0.012882546450014952)	(4, 0.01747678791174389)	(5, 0.02016731974020198)	(6, 0.022347750738729355)	(7, 0.026415221408765132)	(8, 0.031782949096271364)	(9, 0.0400945920310248)	(10, 0.05396266662043531)	(15, 0.0711247256541043)	(20, 0.08911428158966091)	(25, 0.11434926970564516)	(30, 0.13620759036702923)	(35, 0.15217474654156637)	(40, 0.166726289563237)	(45, 0.1824280599465161)	(50, 0.19742369074953814)	(55, 0.21342685404148223)	(60, 0.22694152544152893)	(65, 0.2442022706488316)	(70, 0.2624258728475328)	(75, 0.27916918244172934)	(80, 0.2930739309470172)	(85, 0.3071133727433456)	(90, 0.32198097824003213)	(95, 0.34031593578330643)	(100, 0.35762935806977847)	(105, 0.3749281107898995)	(110, 0.39068389184928887)	(115, 0.4041372177900498)	(120, 0.4177645781316107)	(125, 0.4318633649918134)	(130, 0.4486006733997753)	(135, 0.46651421430969525)	(140, 0.47722433134282877)
NG-13640_NU_DHL_1_lib227484_5697_4_2 - illumina_universal_adapter	(1, 4.6675892934836785e-05)	(2, 5.667786999230181e-05)	(3, 7.001383940225518e-05)	(4, 0.00011335573998460362)	(5, 0.00014669566350948704)	(6, 0.0001767015946818821)	(7, 0.00018336957938685881)	(8, 0.00021670950291174221)	(9, 0.00025004942643662567)	(10, 0.0003414008168948062)	(15, 0.000520769605458679)	(20, 0.0008154945294186484)	(25, 0.0014649562396833774)	(30, 0.002392472912145634)	(35, 0.0037227358607884826)	(40, 0.005119011858010601)	(45, 0.006469945559238877)	(50, 0.007940902985156732)	(55, 0.009697916954918088)	(60, 0.01173365268534747)	(65, 0.014623557256484366)	(70, 0.018729035439338508)	(75, 0.025201648192459375)	(80, 0.03630384272624555)	(85, 0.055711012210080194)	(90, 0.09056656865840482)	(95, 0.15250681217987422)	(100, 0.2572208439868281)	(105, 0.4299476529860735)	(110, 0.699646963549795)	(115, 1.0960693230361869)	(120, 1.6482324672843667)	(125, 2.3759409776665854)	(130, 3.3097655636597496)	(135, 4.453084226315402)	(140, 5.227876710296402)
NG-13640_NU_DHL_1_lib227484_5697_4_2 - polya	(1, 0.008358318827688274)	(2, 0.01174232106546394)	(3, 0.013182605761738903)	(4, 0.01547972649260337)	(5, 0.017406774072341633)	(6, 0.018747038998041945)	(7, 0.02052739091427072)	(8, 0.0250516185365974)	(9, 0.03178628308862385)	(10, 0.04129016168862712)	(15, 0.05868560018697029)	(20, 0.07555826868444329)	(25, 0.0897710780831011)	(30, 0.10314305461046133)	(35, 0.1165963805512223)	(40, 0.13182339042350705)	(45, 0.14916281785032842)	(50, 0.1682972667597295)	(55, 0.19035295976838087)	(60, 0.20681888119885034)	(65, 0.22594066093731194)	(70, 0.24952665643575545)	(75, 0.2708562059100349)	(80, 0.2906274473587612)	(85, 0.31874167127035447)	(90, 0.33951711121565026)	(95, 0.36045991757704104)	(100, 0.376792479313411)	(105, 0.3938098430789819)	(110, 0.41318167224388025)	(115, 0.4333543263718462)	(120, 0.4529208606901297)	(125, 0.4742564113506436)	(130, 0.49660349529090253)	(135, 0.5205182224353014)	(140, 0.533058701269951)
NG-13640_OCILY19_lib236388_5774_8_1 - illumina_universal_adapter	(1, 6.532595873841247e-05)	(2, 6.98311972720961e-05)	(3, 0.00011037834407524866)	(4, 0.00021625144961681368)	(5, 0.000283830027622068)	(6, 0.000331135032225746)	(7, 0.0004099767065652093)	(8, 0.00047079742676993814)	(9, 0.000520355050640458)	(10, 0.0007469685488847441)	(15, 0.0010695436278964912)	(20, 0.0013439126545978235)	(25, 0.001627292158366523)	(30, 0.0019899638603280544)	(35, 0.0026261035412841814)	(40, 0.0033383817534595613)	(45, 0.003972719339002216)	(50, 0.004609309543811711)	(55, 0.0054035830973001315)	(60, 0.0065952186894594495)	(65, 0.008492374635993621)	(70, 0.011722630664644776)	(75, 0.01774117882179272)	(80, 0.028787122658678214)	(85, 0.04929361689244594)	(90, 0.0871921339616459)	(95, 0.15602677247009117)	(100, 0.2745046343811962)	(105, 0.4705437818404918)	(110, 0.7775356912880805)	(115, 1.2361414920620175)	(120, 1.8819913136297928)	(125, 2.739447683886154)	(130, 3.8358470386819334)	(135, 5.177805320803844)	(140, 6.088399627993444)
NG-13640_OCILY19_lib236388_5774_8_1 - polya	(1, 0.003259540079120098)	(2, 0.009654726177683995)	(3, 0.013490936789115596)	(4, 0.01837912059816232)	(5, 0.02121291563584932)	(6, 0.023355156558615878)	(7, 0.027425639573799027)	(8, 0.03266973722700676)	(9, 0.04146396284475718)	(10, 0.05654299621699625)	(15, 0.07433958947275329)	(20, 0.09363057035013317)	(25, 0.1201677768850898)	(30, 0.14237139447449615)	(35, 0.15868351163340444)	(40, 0.173319229533929)	(45, 0.18983858766538675)	(50, 0.20557763848281047)	(55, 0.2225137311786339)	(60, 0.23663630241017194)	(65, 0.25598675243619645)	(70, 0.27542640618518793)	(75, 0.29198135570106176)	(80, 0.3062688186629326)	(85, 0.3202260476402844)	(90, 0.33583219392096453)	(95, 0.35429601300356006)	(100, 0.37213946074006743)	(105, 0.38990676994535545)	(110, 0.4058647753555163)	(115, 0.41880967723434936)	(120, 0.43136307388460543)	(125, 0.44496258692238283)	(130, 0.46093185542887777)	(135, 0.47755573509431687)	(140, 0.4870545800187355)
NG-13640_OCILY19_lib236388_5774_8_2 - illumina_universal_adapter	(1, 6.532595873841247e-05)	(2, 7.20838165389379e-05)	(3, 0.00011037834407524866)	(4, 0.00021850406888365551)	(5, 0.000283830027622068)	(6, 0.0003356402707594296)	(7, 0.00041673456436573474)	(8, 0.0004820605231041472)	(9, 0.0005338707662415088)	(10, 0.0007749010277935825)	(15, 0.0011276612049810099)	(20, 0.0015416926262265345)	(25, 0.0023116378916330648)	(30, 0.0033460406589668236)	(35, 0.00476879498790411)	(40, 0.006390230336176844)	(45, 0.008021126685370316)	(50, 0.009640759938229576)	(55, 0.011362662105803455)	(60, 0.013634203374486734)	(65, 0.01664910900122781)	(70, 0.020875022745823046)	(75, 0.027950499862973172)	(80, 0.04008626090115673)	(85, 0.06165824404814063)	(90, 0.10061684374431637)	(95, 0.1703489257686714)	(100, 0.28970801233696497)	(105, 0.48723478956008287)	(110, 0.7958724626440263)	(115, 1.256164574201121)	(120, 1.9045364283000523)	(125, 2.7642787565884044)	(130, 3.8575199391720716)	(135, 5.191518365852671)	(140, 6.101917596213761)
NG-13640_OCILY19_lib236388_5774_8_2 - polya	(1, 0.011724883283911618)	(2, 0.01714243262066617)	(3, 0.018989580419476453)	(4, 0.02163866067728242)	(5, 0.023526355622895855)	(6, 0.024783317173793586)	(7, 0.0268151797524849)	(8, 0.03184302595607582)	(9, 0.039463636935801655)	(10, 0.05024196960378635)	(15, 0.06954241148208697)	(20, 0.08886267640993581)	(25, 0.10474904852741099)	(30, 0.11955866863533578)	(35, 0.1340213853761669)	(40, 0.15018032442492996)	(45, 0.16831796423768683)	(50, 0.18750126991411167)	(55, 0.21042167095422712)	(60, 0.22744561580145736)	(65, 0.24604954780245053)	(70, 0.2728403992668535)	(75, 0.2941943288688071)	(80, 0.3140786496610732)	(85, 0.34216160353693664)	(90, 0.36303527471119956)	(95, 0.38427657334981113)	(100, 0.4013442190108181)	(105, 0.4180383803973828)	(110, 0.43666483859104427)	(115, 0.45633696264837387)	(120, 0.4763258049746213)	(125, 0.49708639466168875)	(130, 0.5185299785104627)	(135, 0.5416909592882767)	(140, 0.5537501312713877)
NG-13640_OCILY7_lib236387_5774_8_1 - illumina_universal_adapter	(1, 0.00011000733088853041)	(2, 0.00011000733088853041)	(3, 0.00014200946351064836)	(4, 0.00030802052648788513)	(5, 0.00042802852382082743)	(6, 0.0005160343885316518)	(7, 0.0006000399866647113)	(8, 0.0006800453182200062)	(9, 0.0007460497167531244)	(10, 0.001030868697089974)	(15, 0.0014688978873552134)	(20, 0.001784918946998628)	(25, 0.0021073404331664663)	(30, 0.0024117607197343635)	(35, 0.0029777984404880742)	(40, 0.003564237520788385)	(45, 0.004072271376164507)	(50, 0.004657910403149266)	(55, 0.005373158067253602)	(60, 0.006385225511428082)	(65, 0.007875724838303224)	(70, 0.010322287877264141)	(75, 0.014846189350058287)	(80, 0.022930328077063057)	(85, 0.03813094104591129)	(90, 0.06690845877969308)	(95, 0.11881311770616394)	(100, 0.20805506478951757)	(105, 0.3557181050545209)	(110, 0.5848905771080585)	(115, 0.9230123095403077)	(120, 1.3923615869761563)	(125, 2.0117972661698174)	(130, 2.7894734905134078)	(135, 3.7303517906433283)	(140, 4.36331277116307)
NG-13640_OCILY7_lib236387_5774_8_1 - polya	(1, 0.0032902192602115004)	(2, 0.010436695501388213)	(3, 0.01449296581124166)	(4, 0.021473430989441135)	(5, 0.02465764318534187)	(6, 0.02790585964648684)	(7, 0.03262617420824924)	(8, 0.039724647250492774)	(9, 0.05125541566089964)	(10, 0.07126754926948332)	(15, 0.09346862874941986)	(20, 0.11751023088178596)	(25, 0.15161930391041256)	(30, 0.18177211329362988)	(35, 0.20237588632906495)	(40, 0.22031988211694425)	(45, 0.23986238442929836)	(50, 0.2582512098606251)	(55, 0.277763710173646)	(60, 0.29432361372561866)	(65, 0.3141629358180429)	(70, 0.335715172059066)	(75, 0.35724620688722697)	(80, 0.3758646476201174)	(85, 0.3935974293326907)	(90, 0.41211866358774146)	(95, 0.4369731198887094)	(100, 0.46050028773917495)	(105, 0.48493831628939754)	(110, 0.5075286217073506)	(115, 0.5243645436531892)	(120, 0.5405400215870385)	(125, 0.5577023652856227)	(130, 0.5787613686576074)	(135, 0.6007608347020246)	(140, 0.6124788155882708)
NG-13640_OCILY7_lib236387_5774_8_2 - illumina_universal_adapter	(1, 0.00011000733088853041)	(2, 0.00011000733088853041)	(3, 0.00015000999666617783)	(4, 0.00032202145951006175)	(5, 0.000442029456843004)	(6, 0.0005380358547093578)	(7, 0.0006220414528424175)	(8, 0.0007020467843977123)	(9, 0.0007700513162197129)	(10, 0.0010732715228142804)	(15, 0.001575705004981532)	(20, 0.0020437361945800066)	(25, 0.002743782845688837)	(30, 0.003624641546112633)	(35, 0.004931128610410598)	(40, 0.006315620872974975)	(45, 0.0076905124957527176)	(50, 0.009209813741987765)	(55, 0.010959130316444288)	(60, 0.013067270802926306)	(65, 0.015691845704597755)	(70, 0.019238482052443974)	(75, 0.024952462832123132)	(80, 0.03430828630419931)	(85, 0.05081698644397663)	(90, 0.08091139193515856)	(95, 0.13397772827581228)	(100, 0.22445375759840633)	(105, 0.37365170014929794)	(110, 0.6040338528159517)	(115, 0.9433284634088016)	(120, 1.4135201969859272)	(125, 2.0333979056364315)	(130, 2.807141867934079)	(135, 3.7408556906232233)	(140, 4.37152731858051)
NG-13640_OCILY7_lib236387_5774_8_2 - polya	(1, 0.013570904365066888)	(2, 0.020563370342999657)	(3, 0.022719514028414853)	(4, 0.02756583698737684)	(5, 0.029879991202613743)	(6, 0.03194612889002923)	(7, 0.03448829830019873)	(8, 0.04191679333510785)	(9, 0.05248749776685118)	(10, 0.06857296970270098)	(15, 0.09582198557711885)	(20, 0.12127288162483149)	(25, 0.14180464986186678)	(30, 0.16026948035817107)	(35, 0.17895432551625243)	(40, 0.1997173091614825)	(45, 0.2226524375584389)	(50, 0.24732768191672294)	(55, 0.27657083068015653)	(60, 0.29844748854063635)	(65, 0.32192505308553765)	(70, 0.3508009773771324)	(75, 0.3776691678733471)	(80, 0.402180001275285)	(85, 0.43717753351083316)	(90, 0.4634040812479744)	(95, 0.4901550639334606)	(100, 0.5111392623204409)	(105, 0.5317334347160895)	(110, 0.5536916980147557)	(115, 0.576337207111482)	(120, 0.5997035642455213)	(125, 0.6249684478973678)	(130, 0.6505573531420135)	(135, 0.6777699665905736)	(140, 0.6922341304824553)
NG-13640_OCI_AML_3_lib248392_5885_6_1 - illumina_universal_adapter	(1, 0.0001675930527838044)	(2, 0.00016966210281817235)	(3, 0.00016966210281817235)	(4, 0.00020276690336805964)	(5, 0.0002151812035742674)	(6, 0.00023173360384921103)	(7, 0.0002503550541585226)	(8, 0.00026276935436473037)	(9, 0.00026690745443346626)	(10, 0.00031159893517581413)	(15, 0.00039560236657115315)	(20, 0.0005238834687019663)	(25, 0.0006637512510252403)	(30, 0.0008454138440427467)	(35, 0.0013150882018442725)	(40, 0.001971390872745788)	(45, 0.0024543071507672687)	(50, 0.002918188168472565)	(55, 0.003603871349862105)	(60, 0.004750538878908826)	(65, 0.006852279903819794)	(70, 0.01092748085151092)	(75, 0.01890946207409562)	(80, 0.03381076042161364)	(85, 0.062046258620619375)	(90, 0.11198443644011749)	(95, 0.1968365921595542)	(100, 0.3321268081867923)	(105, 0.5360780357945243)	(110, 0.8262031282836471)	(115, 1.2165621082577052)	(120, 1.722170071816106)	(125, 2.349051265038916)	(130, 3.1107583794612514)	(135, 4.018261518365333)	(140, 4.630956063122496)
NG-13640_OCI_AML_3_lib248392_5885_6_1 - polya	(1, 0.015375110805388278)	(2, 0.021133277051034297)	(3, 0.02471480266052523)	(4, 0.030344687804040437)	(5, 0.034294504319648866)	(6, 0.03830225423621959)	(7, 0.044780449893825666)	(8, 0.053619431640645566)	(9, 0.06571509814156064)	(10, 0.08674037078080092)	(15, 0.10870209546559614)	(20, 0.12631798745820494)	(25, 0.14957535127452137)	(30, 0.17020957345726612)	(35, 0.1859509061187375)	(40, 0.20078061533506641)	(45, 0.21772241082647809)	(50, 0.2341237704489129)	(55, 0.2503662270287082)	(60, 0.2654512570192781)	(65, 0.28759423048708393)	(70, 0.3082441774500899)	(75, 0.3237053607369079)	(80, 0.3378315929415517)	(85, 0.3515949137701674)	(90, 0.3670536141969441)	(95, 0.3841725203712977)	(100, 0.4008159588477535)	(105, 0.4182646715975853)	(110, 0.43372916536445827)	(115, 0.44658706989803454)	(120, 0.45947601018212625)	(125, 0.47268399798151756)	(130, 0.4881671131986998)	(135, 0.5042357695756082)	(140, 0.5148913772526033)
NG-13640_OCI_AML_3_lib248392_5885_6_2 - illumina_universal_adapter	(1, 0.00017380020288690828)	(2, 0.00017586925292127623)	(3, 0.0001820764030243801)	(4, 0.00021931930364300328)	(5, 0.00023173360384921103)	(6, 0.0002462169540897867)	(7, 0.00026483840439909834)	(8, 0.0002751836545709381)	(9, 0.0002834598547084099)	(10, 0.00033642753558822957)	(15, 0.00044981147747159356)	(20, 0.0006360259805647096)	(25, 0.0010308007271221155)	(30, 0.0016382738172125474)	(35, 0.002662039774217812)	(40, 0.003953954615677163)	(45, 0.0052011779763941664)	(50, 0.006491851387832898)	(55, 0.008094537544454316)	(60, 0.010197933809392778)	(65, 0.013320544121260897)	(70, 0.01843854628627347)	(75, 0.027461259676145256)	(80, 0.04349432839246255)	(85, 0.07269772819754562)	(90, 0.12340310976978734)	(95, 0.20887473906951387)	(100, 0.34496484984003867)	(105, 0.5494478233066031)	(110, 0.8391975901194917)	(115, 1.230101557872602)	(120, 1.7358187672728178)	(125, 2.3621889051371388)	(130, 3.122638450948586)	(135, 4.022993435793932)	(140, 4.626803479703519)
NG-13640_OCI_AML_3_lib248392_5885_6_2 - polya	(1, 0.03256270944088289)	(2, 0.04203275144818502)	(3, 0.046152230066611614)	(4, 0.05268008292504252)	(5, 0.05783408656065309)	(6, 0.06198666997962958)	(7, 0.06662341110664817)	(8, 0.07828043900027723)	(9, 0.09439420066793487)	(10, 0.11911189999850821)	(15, 0.1619892376707222)	(20, 0.20143236609589232)	(25, 0.2340451465476069)	(30, 0.2629129464371155)	(35, 0.29140169636032787)	(40, 0.3229861589449616)	(45, 0.3565676686227673)	(50, 0.39304171024861934)	(55, 0.4344674024167208)	(60, 0.46826947282819004)	(65, 0.5064471702523408)	(70, 0.556954750641297)	(75, 0.5982517478972607)	(80, 0.6350630446787148)	(85, 0.6880319669885551)	(90, 0.7306639153266928)	(95, 0.7734241447669618)	(100, 0.8074339478018816)	(105, 0.8413345049949867)	(110, 0.8788186568476173)	(115, 0.9159146549138004)	(120, 0.952999480109798)	(125, 0.9934820992722344)	(130, 1.036233224892352)	(135, 1.0844098135125892)	(140, 1.110320527092979)
NG-13640_OCI_LY_3_lib241204_5808_6_1 - illumina_universal_adapter	(1, 9.15744666872916e-05)	(2, 9.15744666872916e-05)	(3, 0.00010929855701386417)	(4, 0.00023041317424544338)	(5, 0.00035448180653145135)	(6, 0.00040765407751116906)	(7, 0.0004874124839807456)	(8, 0.0005553548302326071)	(9, 0.0006173891463756112)	(10, 0.0007993564737284228)	(15, 0.001075852282822955)	(20, 0.0013446676527759723)	(25, 0.001660156460588964)	(30, 0.0020506772507844456)	(35, 0.002805723498696437)	(40, 0.003516459520791997)	(45, 0.004149800348461524)	(50, 0.0048782604608836565)	(55, 0.005712474312254339)	(60, 0.00677769214088135)	(65, 0.008069187522677605)	(70, 0.009850458600498147)	(75, 0.012318242776967935)	(80, 0.01609406481953878)	(85, 0.021952467475481897)	(90, 0.03089781586330307)	(95, 0.045086540972735296)	(100, 0.06621542905104247)	(105, 0.09757288965681464)	(110, 0.142297268383877)	(115, 0.2040598151418735)	(120, 0.28622810709285307)	(125, 0.3909916601951582)	(130, 0.5222793144711793)	(135, 0.6835200905960969)	(140, 0.7946211875961735)
NG-13640_OCI_LY_3_lib241204_5808_6_1 - polya	(1, 0.002440016434958157)	(2, 0.0074677500575959085)	(3, 0.011027338198182565)	(4, 0.016486358018766918)	(5, 0.01967374026249555)	(6, 0.023044271439598765)	(7, 0.02768502909010635)	(8, 0.03326516352792228)	(9, 0.04216265687186171)	(10, 0.05715310166706591)	(15, 0.07440809440299519)	(20, 0.09181846833078741)	(25, 0.11559828951893894)	(30, 0.13767305321767417)	(35, 0.15444417828768803)	(40, 0.16935250146437913)	(45, 0.1858524479523964)	(50, 0.20150931854387974)	(55, 0.21723590389064756)	(60, 0.2306601299039936)	(65, 0.2494198979086489)	(70, 0.26736967498537983)	(75, 0.2840114141960097)	(80, 0.2991584217890987)	(85, 0.3135031188934047)	(90, 0.32833345607265885)	(95, 0.34611071867021115)	(100, 0.36420642409063086)	(105, 0.3822708169514736)	(110, 0.3985001756605052)	(115, 0.41213000112163944)	(120, 0.42573383125029485)	(125, 0.43954857805383635)	(130, 0.45637819262192797)	(135, 0.47456370010000226)	(140, 0.48393560826168297)
NG-13640_OCI_LY_3_lib241204_5808_6_2 - illumina_universal_adapter	(1, 9.15744666872916e-05)	(2, 9.748249679614913e-05)	(3, 0.00012111461723157921)	(4, 0.0002451832495175872)	(5, 0.0003781139269668814)	(6, 0.0004431022581643142)	(7, 0.0005228606646338908)	(8, 0.0005967110409946098)	(9, 0.0006705614173553289)	(10, 0.0009376043782756887)	(15, 0.0014675546790402084)	(20, 0.0022444606383549724)	(25, 0.0035649053676846286)	(30, 0.005370990171962373)	(35, 0.007814551424985845)	(40, 0.01057064747076788)	(45, 0.013357465273115973)	(50, 0.016323296387762448)	(55, 0.019535492357948284)	(60, 0.02315120678456909)	(65, 0.026813003846038984)	(70, 0.03109691647797157)	(75, 0.03617014193244753)	(80, 0.04254490641990479)	(85, 0.05088999894866604)	(90, 0.062347441738773435)	(95, 0.07890410531583576)	(100, 0.10227568162346523)	(105, 0.13572281247874032)	(110, 0.18186984485601557)	(115, 0.24355381481356425)	(120, 0.3242964990992765)	(125, 0.4257911391423508)	(130, 0.5512133011262981)	(135, 0.7035040024393074)	(140, 0.808183070711056)
NG-13640_OCI_LY_3_lib241204_5808_6_2 - polya	(1, 0.011928312789783338)	(2, 0.017443458896401837)	(3, 0.019455143148467823)	(4, 0.022689789633067316)	(5, 0.025268644775583625)	(6, 0.027274420997540752)	(7, 0.029608092890539475)	(8, 0.03520299740362755)	(9, 0.04342402130010279)	(10, 0.056610744503072775)	(15, 0.07809588679694404)	(20, 0.09914324405974898)	(25, 0.11639941840170002)	(30, 0.1315818741754421)	(35, 0.1460530031240777)	(40, 0.1616655634897446)	(45, 0.17942273878492676)	(50, 0.1982309526364747)	(55, 0.22009420885731285)	(60, 0.2380823881297513)	(65, 0.2567257679412621)	(70, 0.2845088703311755)	(75, 0.30546760714234755)	(80, 0.32418660973925173)	(85, 0.34937136048728956)	(90, 0.36929146560532455)	(95, 0.38995125609298836)	(100, 0.4066284434842714)	(105, 0.42294937665999033)	(110, 0.44016242238214665)	(115, 0.45754030214434016)	(120, 0.4746257344161453)	(125, 0.493000889660714)	(130, 0.5122238472259036)	(135, 0.5340575632961975)	(140, 0.545969924404687)
NG-13640_OCI_M2_lib259807_5981_3_1 - illumina_universal_adapter	(1, 4.9974045622448513e-05)	(2, 5.473347853887218e-05)	(3, 0.0001118466735359562)	(4, 0.00025462966102866624)	(5, 0.0003759952003974698)	(6, 0.0004426272612274011)	(7, 0.0004973607397662733)	(8, 0.000587789965178323)	(9, 0.00068773805642322)	(10, 0.0009937695929492618)	(15, 0.0015282539094636398)	(20, 0.0020341816284794754)	(25, 0.0025253551054543978)	(30, 0.003124567709632138)	(35, 0.0037723265295573996)	(40, 0.004537643342518325)	(45, 0.005398624757099366)	(50, 0.006451411318212282)	(55, 0.007763111029978645)	(60, 0.009310878614399623)	(65, 0.011287947047882012)	(70, 0.013950373821329413)	(75, 0.017882617296878643)	(80, 0.023794784865660126)	(85, 0.032923853142652365)	(90, 0.04715598539263406)	(95, 0.06929068005704561)	(100, 0.10469181803269652)	(105, 0.15991742193512687)	(110, 0.24426361613669548)	(115, 0.3692230033006906)	(120, 0.547970645626356)	(125, 0.7974015780804128)	(130, 1.1345845549310307)	(135, 1.5728754968282783)	(140, 1.8807256126716856)
NG-13640_OCI_M2_lib259807_5981_3_1 - polya	(1, 0.0045024235389367895)	(2, 0.011115655576307476)	(3, 0.014321133645518817)	(4, 0.01784311400367233)	(5, 0.01982541781336279)	(6, 0.021536433946817098)	(7, 0.024515838952498314)	(8, 0.02859943239478982)	(9, 0.03472244284176887)	(10, 0.04604037431702435)	(15, 0.06064992959727844)	(20, 0.07540559946806674)	(25, 0.09638613165024555)	(30, 0.11440486872853392)	(35, 0.1275180582998644)	(40, 0.13954942876929177)	(45, 0.15359737096540788)	(50, 0.16653826906516384)	(55, 0.18049245043282638)	(60, 0.19211070212510822)	(65, 0.21393412987678567)	(70, 0.22931518923279204)	(75, 0.2419115043893989)	(80, 0.25284011425209096)	(85, 0.264002888214271)	(90, 0.27487200516550775)	(95, 0.2874140627868673)	(100, 0.2991251234210195)	(105, 0.3103883214177361)	(110, 0.32091380731240704)	(115, 0.33068206743007494)	(120, 0.340840125103598)	(125, 0.350620283803557)	(130, 0.36188443368685685)	(135, 0.3735978740374672)	(140, 0.38030010747037496)
NG-13640_OCI_M2_lib259807_5981_3_2 - illumina_universal_adapter	(1, 5.235376208066035e-05)	(2, 5.711319499708401e-05)	(3, 0.0001261249722852272)	(4, 0.0002903254079018437)	(5, 0.00041169094727064727)	(6, 0.0004830824410170023)	(7, 0.00054495506893051)	(8, 0.0006425234437171951)	(9, 0.0007400918185038804)	(10, 0.0011256058847341976)	(15, 0.0019228108982351617)	(20, 0.0029203880375175627)	(25, 0.004425320725690726)	(30, 0.006475684426086042)	(35, 0.008758784396094475)	(40, 0.011305556949672781)	(45, 0.014085541716155846)	(50, 0.017213916972121122)	(55, 0.020622146883572112)	(60, 0.024228845147637967)	(65, 0.0282981602911802)	(70, 0.03309519272764362)	(75, 0.03908684282612938)	(80, 0.0470441387190981)	(85, 0.05814599193994795)	(90, 0.07424572566633429)	(95, 0.0982908567033983)	(100, 0.13548772871841583)	(105, 0.192454333181674)	(110, 0.27829641714887454)	(115, 0.4039321197302934)	(120, 0.583432704343337)	(125, 0.8343304940222357)	(130, 1.1728927545320331)	(135, 1.610771053595427)	(140, 1.9163333100359092)
NG-13640_OCI_M2_lib259807_5981_3_2 - polya	(1, 0.020158578117512444)	(2, 0.026726595542177108)	(3, 0.028746974815198955)	(4, 0.030603153652604183)	(5, 0.03255928058125431)	(6, 0.03382766945348122)	(7, 0.03586470674171055)	(8, 0.040255283607111385)	(9, 0.04730876318925126)	(10, 0.05704941859600393)	(15, 0.07643792046763902)	(20, 0.09528479887338512)	(25, 0.11122413971048799)	(30, 0.1260611958841471)	(35, 0.13993875038185527)	(40, 0.15561537052197155)	(45, 0.17361554581188585)	(50, 0.19279177697544841)	(55, 0.2163614406641617)	(60, 0.23274150498932542)	(65, 0.25062459822949573)	(70, 0.28729888451028995)	(75, 0.30957493433231925)	(80, 0.33054594764866524)	(85, 0.35923533332557545)	(90, 0.37984748540002305)	(95, 0.40166710560536745)	(100, 0.4193836186934628)	(105, 0.4362824612065167)	(110, 0.455790424844354)	(115, 0.47756245072053416)	(120, 0.500075996245093)	(125, 0.5227832506893504)	(130, 0.5459226616424189)	(135, 0.5706978896888624)	(140, 0.5828734709756573)
NG-13640_OPM2_lib236378_5767_8_1 - illumina_universal_adapter	(1, 0.00015998660852832317)	(2, 0.00015998660852832317)	(3, 0.00020146461814677736)	(4, 0.0003584885117023538)	(5, 0.00047699711061222283)	(6, 0.0005806921346583582)	(7, 0.0006784617287590002)	(8, 0.0007317905982684413)	(9, 0.0008117839025326029)	(10, 0.0011501259524202788)	(15, 0.0015969033703104852)	(20, 0.0019802786877839117)	(25, 0.0023926886119902554)	(30, 0.002882721668482564)	(35, 0.004675756769988883)	(40, 0.006238292646615505)	(45, 0.007152586487205145)	(50, 0.008330561960369243)	(55, 0.010128337405831956)	(60, 0.01292158508213757)	(65, 0.017405950464887014)	(70, 0.025325880130033562)	(75, 0.040280480226469934)	(80, 0.06706164595111669)	(85, 0.11641099670916435)	(90, 0.2033915679650518)	(95, 0.3516683418350909)	(100, 0.5881729899645436)	(105, 0.9486400027256977)	(110, 1.4652995712210757)	(115, 2.1587881903218475)	(120, 3.0409827918107597)	(125, 4.111800419668575)	(130, 5.357590068386868)	(135, 6.753936596418225)	(140, 7.649975964974783)
NG-13640_OPM2_lib236378_5767_8_1 - polya	(1, 0.0021864836498870837)	(2, 0.008446700387300915)	(3, 0.012013809214487973)	(4, 0.017314106300731866)	(5, 0.01996277348636744)	(6, 0.022300355599864603)	(7, 0.025346026591848238)	(8, 0.029911570364850943)	(9, 0.03708726602884351)	(10, 0.05028379106045198)	(15, 0.06542326457118774)	(20, 0.08391593888807826)	(25, 0.10988709833917605)	(30, 0.13153980444599822)	(35, 0.1458473475923867)	(40, 0.15788248835467847)	(45, 0.1716093393664086)	(50, 0.18402252255922283)	(55, 0.19735948028053946)	(60, 0.2082462727193946)	(65, 0.2225804803005378)	(70, 0.2365455335960768)	(75, 0.2506048012277491)	(80, 0.26338239836221117)	(85, 0.275130748315141)	(90, 0.28718662808224205)	(95, 0.30405869730904006)	(100, 0.32074174532057687)	(105, 0.3365259056093824)	(110, 0.3508310785837926)	(115, 0.36273763751626714)	(120, 0.37468389682937653)	(125, 0.38780279872869905)	(130, 0.4030447821774918)	(135, 0.42036836916613646)	(140, 0.43198754474625456)
NG-13640_OPM2_lib236378_5767_8_2 - illumina_universal_adapter	(1, 0.00016591203847381663)	(2, 0.00016591203847381663)	(3, 0.00021035276306501753)	(4, 0.0003703393715933407)	(5, 0.0004918106854759565)	(6, 0.0005955057095220919)	(7, 0.000690312588649987)	(8, 0.0007436414581594281)	(9, 0.0008295601923690831)	(10, 0.0012034548219297199)	(15, 0.0017545198068606113)	(20, 0.0024294262776523154)	(25, 0.0035540728813069715)	(30, 0.005154531509584753)	(35, 0.008267159859952463)	(40, 0.011331792227761678)	(45, 0.013834101293743562)	(50, 0.016719193134204325)	(55, 0.020557094109900427)	(60, 0.02546986807770905)	(65, 0.03212590353548185)	(70, 0.042118548595562)	(75, 0.059176083779654)	(80, 0.0881591392720461)	(85, 0.139894660669144)	(90, 0.22950967807879782)	(95, 0.38026979963899316)	(100, 0.6184424562981025)	(105, 0.9797378441656365)	(110, 1.49709365067961)	(115, 2.1916026288169954)	(120, 3.074613754552397)	(125, 4.144613080534741)	(130, 5.385132651859512)	(135, 6.771487719916777)	(140, 7.661329088750349)
NG-13640_OPM2_lib236378_5767_8_2 - polya	(1, 0.023639502767546124)	(2, 0.031861036816918285)	(3, 0.03453636843730858)	(4, 0.039943323262571356)	(5, 0.0429327026700728)	(6, 0.045291023788379195)	(7, 0.04828632862582614)	(8, 0.05593902140043093)	(9, 0.06638555439433588)	(10, 0.08348397504505178)	(15, 0.11257546590544645)	(20, 0.13979333581707604)	(25, 0.16125879833762063)	(30, 0.18058755081982028)	(35, 0.20012784115107402)	(40, 0.22184217172932935)	(45, 0.24590712036696188)	(50, 0.2721538123105251)	(55, 0.3027758417258407)	(60, 0.3260183406870388)	(65, 0.35197646419225653)	(70, 0.3848507495298542)	(75, 0.41390965052554857)	(80, 0.44061556328988766)	(85, 0.4789222828015136)	(90, 0.5078976352349767)	(95, 0.5372883603076187)	(100, 0.5618131223090215)	(105, 0.586021466351335)	(110, 0.6107168807351682)	(115, 0.6361956369577954)	(120, 0.6627427481995951)	(125, 0.6903102184780089)	(130, 0.7181846260275991)	(135, 0.7486259298295772)	(140, 0.765470742078626)
NG-13640_PGA_1_lib227483_5697_4_1 - illumina_universal_adapter	(1, 3.009428818281104e-05)	(2, 3.472417867247428e-05)	(3, 5.5558685875958844e-05)	(4, 0.00013195187895540225)	(5, 0.00017825078385203463)	(6, 0.000224549688748667)	(7, 0.0002708485936452994)	(8, 0.0003102026628074369)	(9, 0.0003472417867247428)	(10, 0.0004912313809532694)	(15, 0.0007551351388640739)	(20, 0.0010565410097411506)	(25, 0.0016176837370883352)	(30, 0.002229755259821815)	(35, 0.0033335211525575307)	(40, 0.004386358249906951)	(45, 0.005276686191069191)	(50, 0.006337857091300006)	(55, 0.007804606398425319)	(60, 0.009911206571222091)	(65, 0.013410014814260601)	(70, 0.019229324170718324)	(75, 0.029778992640464973)	(80, 0.048995816106861205)	(85, 0.08422187490841497)	(90, 0.1478412001268775)	(95, 0.260020205768075)	(100, 0.45026703587882705)	(105, 0.7583584686229775)	(110, 1.232500460789851)	(115, 1.9134411415680226)	(120, 2.844604716849093)	(125, 4.046560401111489)	(130, 5.539982044358704)	(135, 7.311719368632946)	(140, 8.489656570002115)
NG-13640_PGA_1_lib227483_5697_4_1 - polya	(1, 0.003569645567530356)	(2, 0.010130200391383163)	(3, 0.013722995411361835)	(4, 0.018001014223810667)	(5, 0.020371518154518244)	(6, 0.02233922161262512)	(7, 0.02637648611961146)	(8, 0.03144390126054787)	(9, 0.03963417753676214)	(10, 0.052488605492263155)	(15, 0.07048406384748622)	(20, 0.09000553410810229)	(25, 0.11523195543008143)	(30, 0.1367989113090307)	(35, 0.15214283138082366)	(40, 0.1661926970607557)	(45, 0.1819449734737369)	(50, 0.19698470974035898)	(55, 0.21343795157347523)	(60, 0.22782811420439755)	(65, 0.24695558078434326)	(70, 0.2680063038736951)	(75, 0.28437898561229125)	(80, 0.2983256047343038)	(85, 0.31302226611564177)	(90, 0.3287574119338113)	(95, 0.34624080440087757)	(100, 0.3626857124311125)	(105, 0.3789477397870056)	(110, 0.39329854834876576)	(115, 0.4059015732506781)	(120, 0.4186726631773651)	(125, 0.4317548817449576)	(130, 0.44795718351353403)	(135, 0.4661234848278258)	(140, 0.47695279868314805)
NG-13640_PGA_1_lib227483_5697_4_2 - illumina_universal_adapter	(1, 3.009428818281104e-05)	(2, 3.240923342764266e-05)	(3, 5.092879538629561e-05)	(4, 0.00012269209797607578)	(5, 0.0001736208933623714)	(6, 0.00021991979825900377)	(7, 0.0002662187031556361)	(8, 0.0002986279365832788)	(9, 0.00033335211525575305)	(10, 0.00048382355616980827)	(15, 0.0008250464852579888)	(20, 0.0013949860045355334)	(25, 0.002668205889192923)	(30, 0.004238201754237727)	(35, 0.006375822193315245)	(40, 0.008557426592044563)	(45, 0.01070245485590554)	(50, 0.013114627801020084)	(55, 0.015939786977812592)	(60, 0.019426094516529012)	(65, 0.024238865680533947)	(70, 0.031225833418484738)	(75, 0.04271861058097579)	(80, 0.06274010901447549)	(85, 0.09826201781831875)	(90, 0.16134566470712725)	(95, 0.2716328970942483)	(100, 0.4578095904755374)	(105, 0.7595571472707514)	(110, 1.2238314538370056)	(115, 1.8890629161837496)	(120, 2.7928453191089515)	(125, 3.961805162818665)	(130, 5.420173905168639)	(135, 7.146115130653426)	(140, 8.291101401407662)
NG-13640_PGA_1_lib227483_5697_4_2 - polya	(1, 0.004838235561698083)	(2, 0.008062954287748527)	(3, 0.009338489117650749)	(4, 0.011440459399957859)	(5, 0.0129590634805674)	(6, 0.014007733676476123)	(7, 0.015611990731144436)	(8, 0.020186322534931713)	(9, 0.027207551462506013)	(10, 0.035679788069540766)	(15, 0.053109936795975955)	(20, 0.0698849560181238)	(25, 0.08463439815104397)	(30, 0.09863703894798147)	(35, 0.11256143459564365)	(40, 0.12839566007029193)	(45, 0.14718745958973706)	(50, 0.1677339876047646)	(55, 0.19206406212794488)	(60, 0.20933077572009498)	(65, 0.22890780466658703)	(70, 0.2542721967251581)	(75, 0.2776475878293699)	(80, 0.298610805988467)	(85, 0.3280916336813977)	(90, 0.34966136749464083)	(95, 0.3709431221194268)	(100, 0.38817001865336576)	(105, 0.40567239367143976)	(110, 0.4245887372450568)	(115, 0.44440559451891337)	(120, 0.4635191714273902)	(125, 0.4847708317639934)	(130, 0.5072137629235869)	(135, 0.5306488796151154)	(140, 0.5433407984144292)
NG-13640_RAJI_lib227476_5684_6_1 - illumina_universal_adapter	(1, 5.716827779475102e-05)	(2, 6.085655378150915e-05)	(3, 9.773931364909046e-05)	(4, 0.0002010110412783181)	(5, 0.0002969062169340295)	(6, 0.0003503862187420224)	(7, 0.0004278400144639431)	(8, 0.0004923848442322104)	(9, 0.0005495531220269614)	(10, 0.0008195349242576565)	(15, 0.0012086480408606392)	(20, 0.0015715743979576393)	(25, 0.0019337630998572878)	(30, 0.0023317280788284897)	(35, 0.0029653738933535364)	(40, 0.0036779488139952075)	(45, 0.004365812285525598)	(50, 0.005054782239852017)	(55, 0.006031068893546895)	(60, 0.007250412934769133)	(65, 0.009008614097656733)	(70, 0.011623601772268247)	(75, 0.016045107025193895)	(80, 0.023477351966110203)	(85, 0.036570362891502894)	(90, 0.05978769140054665)	(95, 0.10037421801403046)	(100, 0.1688477993633925)	(105, 0.28125981254300414)	(110, 0.4579297076191133)	(115, 0.7234486959058312)	(120, 1.104422525061236)	(125, 1.627406413362388)	(130, 2.318354390100505)	(135, 3.192093324742355)	(140, 3.8066069452412914)
NG-13640_RAJI_lib227476_5684_6_1 - polya	(1, 0.0028528814757574138)	(2, 0.007892910611662399)	(3, 0.01088963485090338)	(4, 0.01489325843452933)	(5, 0.01714310678645179)	(6, 0.01907576340351305)	(7, 0.022513236623171628)	(8, 0.026819298837711746)	(9, 0.03373481631288324)	(10, 0.044962666071772336)	(15, 0.05910204089460831)	(20, 0.07568157911028346)	(25, 0.09834308442812276)	(30, 0.11685011567447771)	(35, 0.1299372253582916)	(40, 0.14209599597623843)	(45, 0.15613394320943855)	(50, 0.1690930697165119)	(55, 0.18244204699538563)	(60, 0.19362821923562434)	(65, 0.2163804561427379)	(70, 0.23319678167676292)	(75, 0.2465048190921836)	(80, 0.2578967971324834)	(85, 0.26944331393662846)	(90, 0.28164892565960714)	(95, 0.29668934630600813)	(100, 0.31104374761887205)	(105, 0.3253579467234804)	(110, 0.33815958384591915)	(115, 0.349321782292244)	(120, 0.360157199486142)	(125, 0.3717055604282804)	(130, 0.38580989662924214)	(135, 0.4003911269152917)	(140, 0.4084581241535291)
NG-13640_RAJI_lib227476_5684_6_2 - illumina_universal_adapter	(1, 5.9012415788130085e-05)	(2, 6.270069177488822e-05)	(3, 0.00010327172762922764)	(4, 0.0002120758692385925)	(5, 0.00030981518288768293)	(6, 0.0003651393226890549)	(7, 0.00044443725640435467)	(8, 0.0005126703621593801)	(9, 0.000564306225973994)	(10, 0.00084830347695437)	(15, 0.001307862664904433)	(20, 0.0018481950969644989)	(25, 0.0027558798173056747)	(30, 0.003919530891127865)	(35, 0.005464180874382171)	(40, 0.007239348106808858)	(45, 0.009066520030648836)	(50, 0.010988111819749822)	(55, 0.013284801276704108)	(60, 0.01579172246490361)	(65, 0.01888987429378044)	(70, 0.022873950014676573)	(75, 0.028605530898098707)	(80, 0.037402806781714204)	(85, 0.05175093802540067)	(90, 0.07622744395632366)	(95, 0.11814433171823113)	(100, 0.1880279409773308)	(105, 0.30193407475917816)	(110, 0.48005973236726074)	(115, 0.7477367309338308)	(120, 1.1312403485885532)	(125, 1.6569472910507286)	(130, 2.350751099885392)	(135, 3.2252247391038047)	(140, 3.83667745936133)
NG-13640_RAJI_lib227476_5684_6_2 - polya	(1, 0.011765600397758435)	(2, 0.01593888467677526)	(3, 0.017543284731015046)	(4, 0.01964929031945394)	(5, 0.021351429687342816)	(6, 0.02255011938303921)	(7, 0.02428360909681553)	(8, 0.02821346716070632)	(9, 0.03452595151204286)	(10, 0.04296730876293619)	(15, 0.058819887781621304)	(20, 0.07369765545700627)	(25, 0.08667190389562532)	(30, 0.09890739065409675)	(35, 0.11107870141039858)	(40, 0.12482453718544746)	(45, 0.1392279925689353)	(50, 0.15464129791759754)	(55, 0.1723885443106803)	(60, 0.18619597429470805)	(65, 0.2021492432478317)	(70, 0.2369864852531569)	(75, 0.25534303483925214)	(80, 0.27190781995098023)	(85, 0.29508236445857766)	(90, 0.3133234710062873)	(95, 0.33207097784697887)	(100, 0.3471652473227865)	(105, 0.3629436919941378)	(110, 0.3802155196125274)	(115, 0.3981335331837971)	(120, 0.4171211467912266)	(125, 0.4373092942323459)	(130, 0.45866957578205697)	(135, 0.4817142929749204)	(140, 0.4929934097700255)
NG-13640_RAMOS_lib227477_5697_7_1 - illumina_universal_adapter	(1, 5.138444015327275e-05)	(2, 5.408888437186606e-05)	(3, 7.301999390201917e-05)	(4, 0.0001730844299899714)	(5, 0.0002596266449849571)	(6, 0.0003380555273241628)	(7, 0.0003921444116960289)	(8, 0.00042730218653774186)	(9, 0.0004759821824724213)	(10, 0.0006285128364010835)	(15, 0.0008345914858578933)	(20, 0.001007135027004146)	(25, 0.0012370127855845766)	(30, 0.0014409278796665118)	(35, 0.0018833749538283763)	(40, 0.002353407359019892)	(45, 0.002810999320805879)	(50, 0.0033156486119953893)	(55, 0.004038816996047238)	(60, 0.005233099562978041)	(65, 0.007205180287176277)	(70, 0.01076206532347019)	(75, 0.017678951856944423)	(80, 0.030422833903799785)	(85, 0.0539017368319394)	(90, 0.09621655285373765)	(95, 0.17173004432529987)	(100, 0.2986712470576323)	(105, 0.5018620909778281)	(110, 0.8056301336098214)	(115, 1.2365871060645701)	(120, 1.8141568676088553)	(125, 2.553301485437623)	(130, 3.457148378845253)	(135, 4.530996635833659)	(140, 5.246494675192734)
NG-13640_RAMOS_lib227477_5697_7_1 - polya	(1, 0.0028342575410857814)	(2, 0.008202579314993488)	(3, 0.011602065697765269)	(4, 0.015931880891733148)	(5, 0.018152229595198247)	(6, 0.020048044992432155)	(7, 0.023014820300229007)	(8, 0.026795633317822445)	(9, 0.033280890554009186)	(10, 0.044440509177612594)	(15, 0.05914457239410438)	(20, 0.07691980246523072)	(25, 0.10225070879426304)	(30, 0.12282936574238319)	(35, 0.13735006764085436)	(40, 0.1492961386432247)	(45, 0.16299523038808722)	(50, 0.1753426409124968)	(55, 0.18816873806359738)	(60, 0.19902654071240575)	(65, 0.21148321078324656)	(70, 0.22477122700688285)	(75, 0.23864773029248512)	(80, 0.2502297831030328)	(85, 0.261828062578892)	(90, 0.2740732451118387)	(95, 0.29067096017018956)	(100, 0.30598622778008344)	(105, 0.32115058740257985)	(110, 0.33505954401880517)	(115, 0.3462050995324719)	(120, 0.35701205862997076)	(125, 0.36889917274837575)	(130, 0.3832695075482931)	(135, 0.39885792402426495)	(140, 0.407857232606056)
NG-13640_RAMOS_lib227477_5697_7_2 - illumina_universal_adapter	(1, 5.138444015327275e-05)	(2, 5.408888437186606e-05)	(3, 7.301999390201917e-05)	(4, 0.000178493318427158)	(5, 0.0002758533102965169)	(6, 0.0003488733041985361)	(7, 0.0004056666327889954)	(8, 0.00043811996341211506)	(9, 0.0004895044035653878)	(10, 0.0006555572785870167)	(15, 0.0009173474789468483)	(20, 0.001238094563272014)	(25, 0.0018108958487700756)	(30, 0.0025724673407259493)	(35, 0.003641263695914022)	(40, 0.004865295149249352)	(45, 0.006110962156333427)	(50, 0.0073923278271029345)	(55, 0.008905193922984026)	(60, 0.010909727977805383)	(65, 0.013849999732260022)	(70, 0.018286910917284193)	(75, 0.026019457827086166)	(80, 0.039411324708716486)	(85, 0.06359771024444011)	(90, 0.10666598442553847)	(95, 0.18238230921349516)	(100, 0.3093007946143914)	(105, 0.5116808461578529)	(110, 0.812294425053279)	(115, 1.2372112917902214)	(120, 1.8091000978089298)	(125, 2.5430267609623427)	(130, 3.438540720843643)	(135, 4.498701244752906)	(140, 5.2033425632408585)
NG-13640_RAMOS_lib227477_5697_7_2 - polya	(1, 0.012981332249247853)	(2, 0.017454482986801176)	(3, 0.019385456158876796)	(4, 0.02279846476274154)	(5, 0.0252784401111916)	(6, 0.026984944413123976)	(7, 0.029218815337682044)	(8, 0.03534979038123306)	(9, 0.04393910521948539)	(10, 0.05650287128138244)	(15, 0.07955825824489035)	(20, 0.10012393386076127)	(25, 0.11789862304304388)	(30, 0.13424915189981526)	(35, 0.1501685923481429)	(40, 0.1686123610301055)	(45, 0.18928459174818899)	(50, 0.21222314672145365)	(55, 0.23856876052130221)	(60, 0.2579893744550207)	(65, 0.2796741490885455)	(70, 0.3055556802604834)	(75, 0.33074379193477405)	(80, 0.3535968864707311)	(85, 0.3860134366524779)	(90, 0.41015871463607895)	(95, 0.43374038644452506)	(100, 0.45254871420715403)	(105, 0.47119747976088605)	(110, 0.4910984029878267)	(115, 0.512047568793894)	(120, 0.5329042426076857)	(125, 0.5571614845819364)	(130, 0.5815712572101159)	(135, 0.6069730199776754)	(140, 0.6205157948467032)
NG-13640_REC_1_lib241207_5808_6_1 - illumina_universal_adapter	(1, 8.261960402960018e-05)	(2, 8.646237631004671e-05)	(3, 0.00014026118823629797)	(4, 0.0003958055448859916)	(5, 0.0005572019806647454)	(6, 0.0007282053471446156)	(7, 0.0008358029709971182)	(8, 0.0009837497037943092)	(9, 0.0010529196048423466)	(10, 0.0014713975061829726)	(15, 0.0020677957641082726)	(20, 0.0025500636853043107)	(25, 0.003000436596572643)	(30, 0.003480783131628458)	(35, 0.004357319488798309)	(40, 0.005291881707402903)	(45, 0.006204155846780907)	(50, 0.0073008830556203445)	(55, 0.008707721987491816)	(60, 0.010424672642395319)	(65, 0.012845234901848582)	(70, 0.016381738231543517)	(75, 0.021617899740879944)	(80, 0.02957973962873709)	(85, 0.04196883746089667)	(90, 0.06119653284333888)	(95, 0.09127352720516575)	(100, 0.13693834304539587)	(105, 0.20381218765586645)	(110, 0.29747937771452226)	(115, 0.4269765765160615)	(120, 0.5994697858090609)	(125, 0.8199292472610497)	(130, 1.0947420326793582)	(135, 1.4274930643244148)	(140, 1.6555239400005677)
NG-13640_REC_1_lib241207_5808_6_1 - polya	(1, 0.0026784122794712246)	(2, 0.008780734660820298)	(3, 0.012204644762698148)	(4, 0.017736315460400914)	(5, 0.020407042195311247)	(6, 0.022741526355682506)	(7, 0.02618657170510281)	(8, 0.031420427551070974)	(9, 0.03983609884524885)	(10, 0.054224975372152796)	(15, 0.07037922148469389)	(20, 0.08750607326141598)	(25, 0.11114296555844252)	(30, 0.13181400620942046)	(35, 0.1470748077667577)	(40, 0.16086459609514003)	(45, 0.17659844292020027)	(50, 0.19123671536810521)	(55, 0.2069217589852038)	(60, 0.21995298406542596)	(65, 0.23732077766413204)	(70, 0.2545686767676882)	(75, 0.27000701440438213)	(80, 0.2834674771483302)	(85, 0.29661052690191336)	(90, 0.3103388308738086)	(95, 0.3272574043929305)	(100, 0.34414984706054536)	(105, 0.36116756410450274)	(110, 0.3764710204341529)	(115, 0.3894834159302009)	(120, 0.4032916495655294)	(125, 0.4170729837948948)	(130, 0.4331311606004247)	(135, 0.45062346002101733)	(140, 0.4606119780095819)
NG-13640_REC_1_lib241207_5808_6_2 - illumina_universal_adapter	(1, 8.838376245026996e-05)	(2, 9.222653473071649e-05)	(3, 0.0001537108912178608)	(4, 0.00042078356470889394)	(5, 0.0005841013866278711)	(6, 0.000760868911528411)	(7, 0.0008780734660820299)	(8, 0.0010394699018607836)	(9, 0.0011393819811523931)	(10, 0.001655466298416361)	(15, 0.0025481422991640874)	(20, 0.003699436874385865)	(25, 0.005496701469950702)	(30, 0.007795832125341856)	(35, 0.010851988919980972)	(40, 0.014230170031721506)	(45, 0.017798568371344147)	(50, 0.021614056968599495)	(55, 0.02596407519006496)	(60, 0.030644187550420775)	(65, 0.03604674109950054)	(70, 0.042640169778290674)	(75, 0.050864086735674274)	(80, 0.06174259078439033)	(85, 0.07701953198530546)	(90, 0.09914121917215195)	(95, 0.13194466046695563)	(100, 0.1799877680715541)	(105, 0.24939937949603158)	(110, 0.3445498796549398)	(115, 0.4726748244751316)	(120, 0.641106992022155)	(125, 0.8545664594880824)	(130, 1.1168552657671877)	(135, 1.4322554120115725)	(140, 1.6482342009845605)
NG-13640_REC_1_lib241207_5808_6_2 - polya	(1, 0.015027161002686118)	(2, 0.020820140215459245)	(3, 0.022995149326191976)	(4, 0.026759144774889342)	(5, 0.029072493687718148)	(6, 0.03099387982794141)	(7, 0.03326111547340486)	(8, 0.03935575231019304)	(9, 0.04764269073297596)	(10, 0.06050291244671828)	(15, 0.08261691408900387)	(20, 0.10418063074072952)	(25, 0.1216859955870756)	(30, 0.13775108938271033)	(35, 0.15397796389135182)	(40, 0.17064714148947274)	(45, 0.18914663152477035)	(50, 0.2089857119770316)	(55, 0.2317372295406433)	(60, 0.24986742915978993)	(65, 0.2693118568988494)	(70, 0.29597800658455187)	(75, 0.3177196435928622)	(80, 0.33737465525289007)	(85, 0.36404733765146935)	(90, 0.3849662371145361)	(95, 0.4065764513108552)	(100, 0.42412754514733847)	(105, 0.44182696999384713)	(110, 0.46062158494028305)	(115, 0.4796440762829494)	(120, 0.4985904807344629)	(125, 0.5192123339002512)	(130, 0.5403226034228841)	(135, 0.5634145906105432)	(140, 0.5762025682054133)
NG-13640_REH_lib227472_5697_7_1 - illumina_universal_adapter	(1, 6.108876631912759e-05)	(2, 6.54522496276367e-05)	(3, 0.0001352679825637825)	(4, 0.00032944298979243806)	(5, 0.0004974370971700389)	(6, 0.0006392503046965851)	(7, 0.0007745182872603676)	(8, 0.0008726966617018226)	(9, 0.0009708750361432777)	(10, 0.0014050416253399345)	(15, 0.0019565859155354867)	(20, 0.0023986067746874593)	(25, 0.0027791025191894543)	(30, 0.003233341131605253)	(35, 0.003924080539342246)	(40, 0.0045672579790164885)	(45, 0.00514716491071735)	(50, 0.005905974658067085)	(55, 0.0069584468320794835)	(60, 0.0084987564399832)	(65, 0.010926598552837669)	(70, 0.014825370888990563)	(75, 0.021577861308908413)	(80, 0.03355955012574359)	(85, 0.055513980044176334)	(90, 0.09458111880192013)	(95, 0.16389330576426397)	(100, 0.2816157219445314)	(105, 0.4742491105202905)	(110, 0.7727502038237597)	(115, 1.2090911167530467)	(120, 1.8175910818779062)	(125, 2.6187436349050826)	(130, 3.6333032478431684)	(135, 4.866985647477979)	(140, 5.701534556355162)
NG-13640_REH_lib227472_5697_7_1 - polya	(1, 0.003789685253440165)	(2, 0.010568356573209071)	(3, 0.014421312334622618)	(4, 0.019328049315041118)	(5, 0.021946139300146585)	(6, 0.023861708472582087)	(7, 0.027116867020729882)	(8, 0.03219596159183449)	(9, 0.04047567116973053)	(10, 0.054836331086364876)	(15, 0.07357705554808067)	(20, 0.09641639988147906)	(25, 0.12485409329969466)	(30, 0.14731512363024532)	(35, 0.16333870703575248)	(40, 0.17869685923671202)	(45, 0.1958907288655613)	(50, 0.2117319186687728)	(55, 0.23017985340048766)	(60, 0.24517801822849514)	(65, 0.2633615258717143)	(70, 0.2834501303274286)	(75, 0.30225674338710296)	(80, 0.31815771291164097)	(85, 0.3341791145754939)	(90, 0.3511897179053857)	(95, 0.37322574496168764)	(100, 0.39287232855824994)	(105, 0.4119372598297879)	(110, 0.4282850500451173)	(115, 0.44203918578186885)	(120, 0.45576408618045344)	(125, 0.47136877518834375)	(130, 0.490014375713934)	(135, 0.5102159943873387)	(140, 0.5213206230591635)
NG-13640_REH_lib227472_5697_7_2 - illumina_universal_adapter	(1, 6.327050797338214e-05)	(2, 6.763399128189126e-05)	(3, 0.00013308624090952796)	(4, 0.0003403516980637108)	(5, 0.0005061640637870572)	(6, 0.0006523407546221125)	(7, 0.0007876087371858949)	(8, 0.0008836053699730954)	(9, 0.000983965486068805)	(10, 0.001445622020109069)	(15, 0.0020656729982482143)	(20, 0.0026961963363277813)	(25, 0.003596819291204062)	(30, 0.004826012539211079)	(35, 0.006435701531720091)	(40, 0.00816800440519821)	(45, 0.009787729409316792)	(50, 0.011698935098443785)	(55, 0.014012017600284463)	(60, 0.01676843000626967)	(65, 0.020434628682079025)	(70, 0.025521141174808103)	(75, 0.033337885173671325)	(80, 0.04654396740687416)	(85, 0.06976468018143626)	(90, 0.11001126847747007)	(95, 0.1802825490710242)	(100, 0.2987720656169275)	(105, 0.4918605655017643)	(110, 0.7887140075079403)	(115, 1.220811432919702)	(120, 1.826178853377383)	(125, 2.6250392686225994)	(130, 3.6346232015439925)	(135, 4.858212427937891)	(140, 5.68364209304862)
NG-13640_REH_lib227472_5697_7_2 - polya	(1, 0.007007754193465636)	(2, 0.010886890854730238)	(3, 0.012342112538118026)	(4, 0.01552309187002117)	(5, 0.017344846151323725)	(6, 0.018791340868094496)	(7, 0.020715637007147014)	(8, 0.026394710533171627)	(9, 0.03469623752761021)	(10, 0.04624332340691788)	(15, 0.0695731232641927)	(20, 0.0903271589244546)	(25, 0.10718154955190189)	(30, 0.12349923173240258)	(35, 0.1398007690246618)	(40, 0.15909172873158056)	(45, 0.18153268703891207)	(50, 0.2053826141065612)	(55, 0.23379936280489594)	(60, 0.25368637433175706)	(65, 0.27581970706583875)	(70, 0.3029863177962856)	(75, 0.32914627292745946)	(80, 0.3539112224449029)	(85, 0.38766320218455175)	(90, 0.41212358056706133)	(95, 0.43565322795986583)	(100, 0.45534955526614507)	(105, 0.475699532372039)	(110, 0.4968968979364455)	(115, 0.519332183715476)	(120, 0.5420519686062212)	(125, 0.5672541391511773)	(130, 0.5929703280298757)	(135, 0.6193488936748058)	(140, 0.6330672488484277)
NG-13640_RPMI_8226_lib241212_5808_7_1 - illumina_universal_adapter	(1, 9.595541878344321e-05)	(2, 0.00010143858557106854)	(3, 0.00013159600290300782)	(4, 0.00023577617186788902)	(5, 0.00030157417331939295)	(6, 0.0003646305913770842)	(7, 0.00040575434228427414)	(8, 0.00047155234373577804)	(9, 0.0005071929278553426)	(10, 0.0007067801989249046)	(15, 0.0010072577388867726)	(20, 0.001311573495599978)	(25, 0.0016877187372310754)	(30, 0.002092924762836587)	(35, 0.0028682445466068083)	(40, 0.0036775599644603063)	(45, 0.004322928695363807)	(50, 0.005056028094869313)	(55, 0.005899339146806087)	(60, 0.007026129921663094)	(65, 0.008408436268823438)	(70, 0.010397180862695143)	(75, 0.01323033314186115)	(80, 0.017758880591760905)	(85, 0.024946215616980183)	(90, 0.036739959060483496)	(95, 0.05574735672978669)	(100, 0.08565035512278016)	(105, 0.13182410264137304)	(110, 0.20033407838603642)	(115, 0.2951106163101402)	(120, 0.42392829860185827)	(125, 0.5901285671015695)	(130, 0.8009333007852553)	(135, 1.06381112113434)	(140, 1.247357387766704)
NG-13640_RPMI_8226_lib241212_5808_7_1 - polya	(1, 0.0024180765533427686)	(2, 0.006662047646964771)	(3, 0.009587317128162883)	(4, 0.013417309129319172)	(5, 0.01573120551369706)	(6, 0.01792447222874719)	(7, 0.02148578905730984)	(8, 0.02684832617560741)	(9, 0.03518548127619172)	(10, 0.04800238364226592)	(15, 0.06195813975012989)	(20, 0.07702204386577295)	(25, 0.09888781638146522)	(30, 0.11816772744011339)	(35, 0.13151540035122972)	(40, 0.1428721354017593)	(45, 0.15574715933578234)	(50, 0.16771088094970205)	(55, 0.18083593728924077)	(60, 0.19228369290844496)	(65, 0.20732072950682862)	(70, 0.22197833096350866)	(75, 0.23566102536534891)	(80, 0.24801569677122628)	(85, 0.2598703033660722)	(90, 0.2729350448709471)	(95, 0.2882517229754996)	(100, 0.3030973970529952)	(105, 0.31800064438176084)	(110, 0.3319580454396612)	(115, 0.3440193674224006)	(120, 0.3558854886675006)	(125, 0.36806744031956773)	(130, 0.38205445047812114)	(135, 0.3966029369157275)	(140, 0.40491815934916126)
NG-13640_RPMI_8226_lib241212_5808_7_2 - illumina_universal_adapter	(1, 9.595541878344321e-05)	(2, 0.00010692175235869386)	(3, 0.00013707916969063315)	(4, 0.00024674250544313964)	(5, 0.00031528209028845624)	(6, 0.00038382167513377284)	(7, 0.00042494542604096274)	(8, 0.0004907434274924666)	(9, 0.0005318671783996566)	(10, 0.0008049288844233978)	(15, 0.0012874475617344265)	(20, 0.0019382994594255528)	(25, 0.0031018274517596468)	(30, 0.004850409340333363)	(35, 0.007152791074457238)	(40, 0.009813771916491808)	(45, 0.01235138150580481)	(50, 0.015018942147984531)	(55, 0.0178570292772594)	(60, 0.021080034715025564)	(65, 0.024606807592826175)	(70, 0.02876359633452493)	(75, 0.033868972930482875)	(80, 0.04070483696461537)	(85, 0.04993848983497642)	(90, 0.06381254675770479)	(95, 0.08489751632283922)	(100, 0.11641914555153968)	(105, 0.16331118791931148)	(110, 0.23153000750755198)	(115, 0.32537934192786827)	(120, 0.452004305821215)	(125, 0.6143806138032364)	(130, 0.8192245968720945)	(135, 1.0732312016754801)	(140, 1.2496466099005374)
NG-13640_RPMI_8226_lib241212_5808_7_2 - polya	(1, 0.018867576916218747)	(2, 0.024246563534879192)	(3, 0.02632468374738919)	(4, 0.029666673904446828)	(5, 0.0321286157920906)	(6, 0.034009342000246086)	(7, 0.03612858596366327)	(8, 0.041534988416261846)	(9, 0.04825186773110287)	(10, 0.060391050682226576)	(15, 0.07981407239403177)	(20, 0.09849467332279249)	(25, 0.11300477759288538)	(30, 0.12576684829108334)	(35, 0.13804036882850387)	(40, 0.15210743322215664)	(45, 0.16764727621496558)	(50, 0.18360219493359775)	(55, 0.20174873541724375)	(60, 0.2167780955821248)	(65, 0.23237167360945246)	(70, 0.2558193397433747)	(75, 0.27339892078118017)	(80, 0.2897579488920604)	(85, 0.3116928093092767)	(90, 0.32948897543519345)	(95, 0.34732462036198114)	(100, 0.36245651574579074)	(105, 0.3775226131281489)	(110, 0.3935186555976882)	(115, 0.410331141601905)	(120, 0.4275038716640688)	(125, 0.44547001596040187)	(130, 0.4637229298797278)	(135, 0.4841257934964817)	(140, 0.4953821865947977)
NG-13640_RPMI_8402_lib241221_5808_2_1 - illumina_universal_adapter	(1, 7.243778208228119e-05)	(2, 7.444994269567789e-05)	(3, 0.00010664451251002509)	(4, 0.00024548359483439735)	(5, 0.00034810378611762905)	(6, 0.00042657805004010037)	(7, 0.00048694286844200134)	(8, 0.0005332225625501255)	(9, 0.0005935873809520265)	(10, 0.0007992301956411691)	(15, 0.001067652421468289)	(20, 0.0013855737983849673)	(25, 0.0017453481160602975)	(30, 0.002194462364970441)	(35, 0.0028166224266327005)	(40, 0.003507598381273127)	(45, 0.004208635138980537)	(50, 0.0049519272695692776)	(55, 0.005817558765452538)	(60, 0.00697495355027832)	(65, 0.008427331081028057)	(70, 0.010445125744142266)	(75, 0.013320503260686154)	(80, 0.017550467302168696)	(85, 0.024077111467782228)	(90, 0.03422403500901911)	(95, 0.04999213043984101)	(100, 0.07308449050342689)	(105, 0.10650366126708732)	(110, 0.1540321022518854)	(115, 0.21863090901649573)	(120, 0.3020490515660827)	(125, 0.4092722614685207)	(130, 0.5426177428861972)	(135, 0.7070623738802879)	(140, 0.8214987771496304)
NG-13640_RPMI_8402_lib241221_5808_2_1 - polya	(1, 0.002593675030668346)	(2, 0.008380648954797254)	(3, 0.012066927198540009)	(4, 0.01754604054881922)	(5, 0.020511965292965957)	(6, 0.023391367130736633)	(7, 0.02752836935188025)	(8, 0.033902894175121)	(9, 0.04405424446970734)	(10, 0.060475487235637816)	(15, 0.07946022262303568)	(20, 0.10000438248581597)	(25, 0.12759190935973008)	(30, 0.1508939365592319)	(35, 0.1678757672720547)	(40, 0.18341970801054422)	(45, 0.2017279549997181)	(50, 0.21886673424038583)	(55, 0.23752630447265882)	(60, 0.25306461116143075)	(65, 0.2720533708700554)	(70, 0.29103126491136777)	(75, 0.30897289623678076)	(80, 0.324689077923777)	(85, 0.33985392760270255)	(90, 0.3556204133050338)	(95, 0.37440393263109195)	(100, 0.39287073787660154)	(105, 0.4116401720783659)	(110, 0.4290819827074112)	(115, 0.4435735634450942)	(120, 0.4578498429971439)	(125, 0.47301549754031474)	(130, 0.49077885143538086)	(135, 0.5087418116632958)	(140, 0.5189985991740241)
NG-13640_RPMI_8402_lib241221_5808_2_2 - illumina_universal_adapter	(1, 7.64621033090746e-05)	(2, 8.0486424535868e-05)	(3, 0.00011670531557700859)	(4, 0.00027969032526214125)	(5, 0.00039035915899895973)	(6, 0.00047486990476162114)	(7, 0.0005352347231635221)	(8, 0.0005915752203386297)	(9, 0.0006740738054878945)	(10, 0.0009593981804675465)	(15, 0.0015232055843413018)	(20, 0.002410970846971926)	(25, 0.0038967502439040485)	(30, 0.006032457518963306)	(35, 0.008517475876508232)	(40, 0.011253611878605064)	(45, 0.01426138956351045)	(50, 0.017347239080215626)	(55, 0.020711974057937586)	(60, 0.02444573929215651)	(65, 0.028539681276173436)	(70, 0.03319058931797856)	(75, 0.0388230293069986)	(80, 0.04576578828746258)	(85, 0.054871217495205314)	(90, 0.0675832433864003)	(95, 0.08577558992424254)	(100, 0.11129944487305701)	(105, 0.1472921690612518)	(110, 0.19714948473999522)	(115, 0.2636018938616666)	(120, 0.3485798633187588)	(125, 0.4555543701693809)	(130, 0.5870060060177285)	(135, 0.7483036178124667)	(140, 0.8601644554966614)
NG-13640_RPMI_8402_lib241221_5808_2_2 - polya	(1, 0.012298325669080628)	(2, 0.01834486831233771)	(3, 0.020405320780455934)	(4, 0.024055380133157545)	(5, 0.026596738987877577)	(6, 0.028633045528635038)	(7, 0.030842397882144615)	(8, 0.03716058220821025)	(9, 0.04624548737769635)	(10, 0.059700805399480084)	(15, 0.0840060958808215)	(20, 0.1072055028890401)	(25, 0.1259765468192952)	(30, 0.14266178505770336)	(35, 0.15894901792678157)	(40, 0.1765047168465451)	(45, 0.1958802138250646)	(50, 0.2168847560361901)	(55, 0.2407397249722533)	(60, 0.25973250900210476)	(65, 0.28051128679240717)	(70, 0.30861110975849204)	(75, 0.3315207656383815)	(80, 0.352505186243373)	(85, 0.38093017436458276)	(90, 0.4032724009514944)	(95, 0.4254202528231518)	(100, 0.44368906146430315)	(105, 0.4617904583424199)	(110, 0.48048745476210203)	(115, 0.49971123483037144)	(120, 0.518580874630683)	(125, 0.5391536071741736)	(130, 0.5606145074124174)	(135, 0.5845833646391989)	(140, 0.5973903645113462)
NG-13640_Ri_1_lib241203_5808_6_1 - illumina_universal_adapter	(1, 0.00011695764168482629)	(2, 0.00011695764168482629)	(3, 0.0001503741107376338)	(4, 0.00028403998694886387)	(5, 0.00038094774720200564)	(6, 0.00046783056673930514)	(7, 0.0005112719765079549)	(8, 0.0005346635048449202)	(9, 0.00057810491461357)	(10, 0.0007478605774018321)	(15, 0.0009483593917186771)	(20, 0.0011368282771765117)	(25, 0.0013506936791144795)	(30, 0.0016487685830655226)	(35, 0.0021553622539060846)	(40, 0.0027247788865659246)	(45, 0.003175901218778826)	(50, 0.003714574699910084)	(55, 0.004383572410347289)	(60, 0.005111383106317437)	(65, 0.00605172254546344)	(70, 0.007408431189007425)	(75, 0.009393369450744192)	(80, 0.012307285552149006)	(85, 0.0170063094303548)	(90, 0.024724177122791218)	(95, 0.03693856489097342)	(100, 0.05571795216927019)	(105, 0.08387333233440368)	(110, 0.124250451890911)	(115, 0.18084191056122156)	(120, 0.2575240187554611)	(125, 0.35499451234745216)	(130, 0.4787965152236745)	(135, 0.633035574771956)	(140, 0.7401848144604022)
NG-13640_Ri_1_lib241203_5808_6_1 - polya	(1, 0.0018713222669572206)	(2, 0.006422645351949603)	(3, 0.009506985445523737)	(4, 0.01419197440672735)	(5, 0.016624693353771737)	(6, 0.01889701324936265)	(7, 0.022409084146812717)	(8, 0.026930332409657573)	(9, 0.03389766620716794)	(10, 0.04534681683404085)	(15, 0.05835785322444198)	(20, 0.07248499968120689)	(25, 0.09251683621960288)	(30, 0.1101674151732958)	(35, 0.1224259126806277)	(40, 0.1332555219712616)	(45, 0.14668693754234702)	(50, 0.15949680678905026)	(55, 0.1731173595749746)	(60, 0.18464269975128791)	(65, 0.20253320895278)	(70, 0.21775374227695274)	(75, 0.23110963662797887)	(80, 0.24313622384008426)	(85, 0.25418370850894245)	(90, 0.2661354428303696)	(95, 0.28053794099212964)	(100, 0.29567025483800297)	(105, 0.31142277834949644)	(110, 0.32485486224996296)	(115, 0.3362558931613998)	(120, 0.3469758964335405)	(125, 0.3581303138033676)	(130, 0.3714494500384356)	(135, 0.38595687591302147)	(140, 0.3938331376687682)
NG-13640_Ri_1_lib241203_5808_6_2 - illumina_universal_adapter	(1, 0.00011027434787426479)	(2, 0.00011027434787426479)	(3, 0.0001436908169270723)	(4, 0.0002806983400435831)	(5, 0.00038428939410728636)	(6, 0.00047451386054986664)	(7, 0.0005179552703185164)	(8, 0.0005446884455607624)	(9, 0.0006014964429505352)	(10, 0.0008080102216968855)	(15, 0.0011334866302712308)	(20, 0.0016374069835875683)	(25, 0.0025971279747842)	(30, 0.003898365279700525)	(35, 0.005506365770521621)	(40, 0.007370336414287225)	(45, 0.009169479108090382)	(50, 0.01113303082963335)	(55, 0.013349879386596602)	(60, 0.0157077454429627)	(65, 0.01826811530178881)	(70, 0.02118604137947996)	(75, 0.024754920274319806)	(80, 0.029294213430453176)	(85, 0.03565670913810772)	(90, 0.04493378927654815)	(95, 0.0586044667660517)	(100, 0.07879536569713905)	(105, 0.1081049507033565)	(110, 0.1490006938595634)	(115, 0.20468055125411339)	(120, 0.27872409505194323)	(125, 0.3716339089476071)	(130, 0.4877822037519744)	(135, 0.631238437066296)	(140, 0.7305040633758039)
NG-13640_Ri_1_lib241203_5808_6_2 - polya	(1, 0.04717068771494308)	(2, 0.055865652962483595)	(3, 0.05957822267425051)	(4, 0.0647878501995832)	(5, 0.06925229046503828)	(6, 0.0727209199527197)	(7, 0.07640675648924437)	(8, 0.0840925443713901)	(9, 0.09434471707679144)	(10, 0.11386127166239315)	(15, 0.1440289915938867)	(20, 0.17289814753798818)	(25, 0.19593947127928002)	(30, 0.21512052451559152)	(35, 0.23340802136943095)	(40, 0.25298071562304136)	(45, 0.2747154554243685)	(50, 0.29736313316021823)	(55, 0.322474941324022)	(60, 0.3432720150037273)	(65, 0.36515044562198135)	(70, 0.39903006693586085)	(75, 0.4242200696372482)	(80, 0.4461960763451366)	(85, 0.4750478557253305)	(90, 0.498369877806666)	(95, 0.522128318973831)	(100, 0.5408442149609275)	(105, 0.5586912827526509)	(110, 0.5775167847582405)	(115, 0.5965160524029047)	(120, 0.6150595194096887)	(125, 0.6353814108994631)	(130, 0.656305467161569)	(135, 0.6789705214613263)	(140, 0.6912330289449445)
NG-13640_SEM_lib227473_5697_7_1 - illumina_universal_adapter	(1, 5.387544602976686e-05)	(2, 5.836506653224743e-05)	(3, 8.305797929589057e-05)	(4, 0.00021325697386782714)	(5, 0.00029182533266123716)	(6, 0.00036814888120340685)	(7, 0.00043549318874061543)	(8, 0.0004781445835141809)	(9, 0.0005252855987902268)	(10, 0.0007596437890197127)	(15, 0.001060448362685911)	(20, 0.0013617018984023572)	(25, 0.0017190756903998107)	(30, 0.002061633734739078)	(35, 0.0027436070890658774)	(40, 0.003371256035312661)	(45, 0.0039427847252784375)	(50, 0.004660675043625081)	(55, 0.0056587176813265114)	(60, 0.006928382359428017)	(65, 0.008823451173525067)	(70, 0.012051488314808598)	(75, 0.01777620341752157)	(80, 0.028222203440643124)	(85, 0.04688286209715337)	(90, 0.07987034873912936)	(95, 0.13951405919048326)	(100, 0.23887025883447882)	(105, 0.4008337674235157)	(110, 0.649720818561079)	(115, 1.0109103390235907)	(120, 1.5091976049221505)	(125, 2.1613383289340664)	(130, 2.98159738228187)	(135, 3.9705247434771147)	(140, 4.636278445814602)
NG-13640_SEM_lib227473_5697_7_1 - polya	(1, 0.0043279941643912705)	(2, 0.011004059851579881)	(3, 0.014853909432456971)	(4, 0.020225740363674975)	(5, 0.023074404572498895)	(6, 0.025478596351577242)	(7, 0.028800915523412865)	(8, 0.03444661330528218)	(9, 0.042875875798689456)	(10, 0.058101974770802055)	(15, 0.07753619503988972)	(20, 0.10011000692636203)	(25, 0.1280035701462236)	(30, 0.15025592520471825)	(35, 0.16692768197862962)	(40, 0.182790409137994)	(45, 0.20075742142687097)	(50, 0.21788352779563333)	(55, 0.23699674019879366)	(60, 0.252403321915106)	(65, 0.2698724352902579)	(70, 0.28946334331488216)	(75, 0.30796506940560453)	(80, 0.3238978346448076)	(85, 0.3400672028844914)	(90, 0.35708017081659127)	(95, 0.3780794727928437)	(100, 0.3977947433053866)	(105, 0.41727385977949905)	(110, 0.43485611159131343)	(115, 0.4497230409232277)	(120, 0.46481534920436635)	(125, 0.48129180748641975)	(130, 0.5000243000709697)	(135, 0.5197979356500448)	(140, 0.5309941512591309)
NG-13640_SEM_lib227473_5697_7_2 - illumina_universal_adapter	(1, 5.387544602976686e-05)	(2, 5.836506653224743e-05)	(3, 8.305797929589057e-05)	(4, 0.00020652254311410629)	(5, 0.0002895805224099969)	(6, 0.00036590407095216657)	(7, 0.00043324837848937516)	(8, 0.00048038939376542116)	(9, 0.0005320200295439477)	(10, 0.0007946628289390613)	(15, 0.0012112996115692582)	(20, 0.001750951995967423)	(25, 0.0026722221230764363)	(30, 0.003881276924394454)	(35, 0.005569823195377396)	(40, 0.007351304610761689)	(45, 0.009059605211955547)	(50, 0.010991488914172936)	(55, 0.013354376184628461)	(60, 0.016011782560046713)	(65, 0.019252839600787434)	(70, 0.023781968763689834)	(75, 0.03078757259576052)	(80, 0.042533317754350194)	(85, 0.06257049405692099)	(90, 0.09709522675894633)	(95, 0.15809974118460207)	(100, 0.25872021796209616)	(105, 0.42176796990248205)	(110, 0.6700579015132153)	(115, 1.0288948608324273)	(120, 1.52617420692818)	(125, 2.178529534800115)	(130, 2.9971548152470655)	(135, 3.98032603399608)	(140, 4.641113767095773)
NG-13640_SEM_lib227473_5697_7_2 - polya	(1, 0.01069203122665748)	(2, 0.014914519309240459)	(3, 0.016786691058774856)	(4, 0.019992280097545986)	(5, 0.02230443465632348)	(6, 0.02396559424224129)	(7, 0.026145304996195606)	(8, 0.03194364987514926)	(9, 0.04087574986483436)	(10, 0.05290254526687932)	(15, 0.07695254437456725)	(20, 0.09776642502406717)	(25, 0.11548875299555898)	(30, 0.13218026409968126)	(35, 0.14979977976166625)	(40, 0.16929595679368814)	(45, 0.19015024402771039)	(50, 0.21262932492158035)	(55, 0.23871177523074122)	(60, 0.2576126285841342)	(65, 0.27915741945143796)	(70, 0.3043549655595599)	(75, 0.32864605728823104)	(80, 0.35158173258720327)	(85, 0.38278190130714174)	(90, 0.4060322990033379)	(95, 0.4283367336596614)	(100, 0.44682454192682614)	(105, 0.4659018373659666)	(110, 0.4857895093058048)	(115, 0.5071924281652301)	(120, 0.5295529830778347)	(125, 0.5542656501716887)	(130, 0.5797837551836877)	(135, 0.6057216397126688)	(140, 0.618550730298507)
NG-13640_SET_2_lib259821_5981_7_1 - illumina_universal_adapter	(1, 0.00010620551866329855)	(2, 0.00010620551866329855)	(3, 0.0001244121790055783)	(4, 0.00020937659393621715)	(5, 0.0002518588014015366)	(6, 0.00029737545225723595)	(7, 0.0003337887729417955)	(8, 0.0003823398671878748)	(9, 0.0003975120841397746)	(10, 0.0005164622650426689)	(15, 0.0007082390873146823)	(20, 0.0009212570133193555)	(25, 0.0011257784978309646)	(30, 0.001394023293540553)	(35, 0.0017994249304953153)	(40, 0.0022369916673881055)	(45, 0.0027522401550746224)	(50, 0.0033591288331506148)	(55, 0.004061299033684537)	(60, 0.004841757873690262)	(65, 0.0058400897491252685)	(70, 0.007157038180550171)	(75, 0.00909361995229066)	(80, 0.011907155863850957)	(85, 0.016589302015207235)	(90, 0.024235492470286654)	(95, 0.037192565747209076)	(100, 0.05811869425594736)	(105, 0.09254263385377376)	(110, 0.14621101343338985)	(115, 0.22849176662957665)	(120, 0.34850643027381634)	(125, 0.5153571207598926)	(130, 0.7434331686449871)	(135, 1.0366508265687246)	(140, 1.2456602528547058)
NG-13640_SET_2_lib259821_5981_7_1 - polya	(1, 0.006175092299423216)	(2, 0.01171598593025702)	(3, 0.015069045876626875)	(4, 0.020176014102636346)	(5, 0.023277215247604663)	(6, 0.025986973195213967)	(7, 0.030326227243457307)	(8, 0.03575788091223744)	(9, 0.04406315247170738)	(10, 0.05819941045013146)	(15, 0.07533733983031939)	(20, 0.09237877391069324)	(25, 0.11496049473322283)	(30, 0.1354715113861571)	(35, 0.15043010352337416)	(40, 0.16406992656313207)	(45, 0.1792530675112372)	(50, 0.19336565683121634)	(55, 0.2096357354017556)	(60, 0.22299456898356432)	(65, 0.2415192389931559)	(70, 0.25855824551881745)	(75, 0.27367644937836844)	(80, 0.28736482351237247)	(85, 0.30091604080513135)	(90, 0.31448971297897893)	(95, 0.33044663699163096)	(100, 0.34625790772154474)	(105, 0.36256622027880286)	(110, 0.3774453099991919)	(115, 0.39054196767207183)	(120, 0.4041229225100563)	(125, 0.4177311873385544)	(130, 0.4331649733107049)	(135, 0.448691006361923)	(140, 0.45763351103337274)
NG-13640_SET_2_lib259821_5981_7_2 - illumina_universal_adapter	(1, 0.00010923996205367852)	(2, 0.00011227440544405847)	(3, 0.0001335155091767182)	(4, 0.000221514367497737)	(5, 0.0002700654617438163)	(6, 0.00031254766920913574)	(7, 0.00034896098989369527)	(8, 0.00040054652753015454)	(9, 0.0004187531878724343)	(10, 0.0005571238064737605)	(15, 0.0008332581549983367)	(20, 0.0012216669089669713)	(25, 0.0019062373378366901)	(30, 0.002990747405558487)	(35, 0.0043143716124422245)	(40, 0.005895923507508259)	(45, 0.007669252224846308)	(50, 0.009628895766353684)	(55, 0.011775461020708467)	(60, 0.01413383042371177)	(65, 0.016729493299842788)	(70, 0.01965287606213484)	(75, 0.023146734181818323)	(80, 0.02761828996188223)	(85, 0.033971200643981715)	(90, 0.043336099835372344)	(95, 0.05781889124897781)	(100, 0.08015907037763315)	(105, 0.11613846565736832)	(110, 0.17108798723640284)	(115, 0.2546189311094262)	(120, 0.376000308056693)	(125, 0.5440829825592635)	(130, 0.7727543882375507)	(135, 1.0657602420126395)	(140, 1.273950368583218)
NG-13640_SET_2_lib259821_5981_7_2 - polya	(1, 0.05212870300333731)	(2, 0.06128968759889441)	(3, 0.06418151214992651)	(4, 0.06845097400019111)	(5, 0.07185561948419743)	(6, 0.07448951634704723)	(7, 0.07747237419979072)	(8, 0.08446373177122615)	(9, 0.0929207255002151)	(10, 0.1087550579998958)	(15, 0.13598675987384362)	(20, 0.1610433727255671)	(25, 0.18150341072954299)	(30, 0.20011243826538716)	(35, 0.21721031299282206)	(40, 0.23652575894994668)	(45, 0.2579458948426388)	(50, 0.2804681405747169)	(55, 0.306544326405608)	(60, 0.32711117681692536)	(65, 0.35033802030424965)	(70, 0.38293279742635505)	(75, 0.40870189758613973)	(80, 0.4328712391905161)	(85, 0.4659836923550203)	(90, 0.4916277734471214)	(95, 0.5175722644348699)	(100, 0.5386756044376064)	(105, 0.5589268727363242)	(110, 0.5813483749478418)	(115, 0.6049605927457443)	(120, 0.6293787587081319)	(125, 0.6549220962796723)	(130, 0.6807233615393949)	(135, 0.7088441553267242)	(140, 0.7234143387099725)
NG-13640_SKNO_1_lib259805_5981_3_1 - illumina_universal_adapter	(1, 8.421384821384644e-05)	(2, 8.86461560145752e-05)	(3, 0.00017286000422842164)	(4, 0.0003102615460510132)	(5, 0.0004299338566706897)	(6, 0.0005008507814823499)	(7, 0.0005717677062940101)	(8, 0.0006692784779100427)	(9, 0.0007446277105224317)	(10, 0.001164810490031518)	(15, 0.0017764689665320872)	(20, 0.002361533596228283)	(25, 0.0029120262250787953)	(30, 0.003345505927990068)	(35, 0.0038853610181188306)	(40, 0.0045289321107846465)	(45, 0.00535688720796078)	(50, 0.006374545079008103)	(55, 0.007628001725054195)	(60, 0.009262636841962962)	(65, 0.011344935046745334)	(70, 0.014353585581880015)	(75, 0.019188346930914944)	(80, 0.02618873387138595)	(85, 0.03671103259031603)	(90, 0.05317439668534293)	(95, 0.07990032626217722)	(100, 0.11999498262756955)	(105, 0.1801520370221806)	(110, 0.26602622773818)	(115, 0.38816822026442266)	(120, 0.5529809264498412)	(125, 0.7668397778350038)	(130, 1.0385163115575529)	(135, 1.3738496499141684)	(140, 1.603533613071053)
NG-13640_SKNO_1_lib259805_5981_3_1 - polya	(1, 0.0036876800902063286)	(2, 0.00933000792053404)	(3, 0.012064741833583685)	(4, 0.015451024993340457)	(5, 0.017649449662501922)	(6, 0.01933815893457958)	(7, 0.022471800549694814)	(8, 0.02681102988660827)	(9, 0.0336279192841291)	(10, 0.04384172938012846)	(15, 0.05686828200647028)	(20, 0.07156581467368686)	(25, 0.09041110098082539)	(30, 0.10711380969709165)	(35, 0.11998168570416738)	(40, 0.13197462415137928)	(45, 0.1455436912525303)	(50, 0.15825909587126094)	(55, 0.1721694506730681)	(60, 0.1831917137119204)	(65, 0.20866330018114843)	(70, 0.22521176458594933)	(75, 0.2382994830599412)	(80, 0.25027025996814944)	(85, 0.2613333002387684)	(90, 0.27249562420412377)	(95, 0.2852828322092262)	(100, 0.2973830325052157)	(105, 0.3090470937136135)	(110, 0.32007733490650714)	(115, 0.329844368376193)	(120, 0.33934280399315475)	(125, 0.3492188722347386)	(130, 0.3607331214394717)	(135, 0.37264805126939077)	(140, 0.3797601323664402)
NG-13640_SKNO_1_lib259805_5981_3_2 - illumina_universal_adapter	(1, 7.091692481166016e-05)	(2, 7.978154041311769e-05)	(3, 0.00016842769642769288)	(4, 0.0002969646226488269)	(5, 0.0004122046254677747)	(6, 0.0004875538580801636)	(7, 0.0005629030906925525)	(8, 0.000664846170109314)	(9, 0.0007446277105224317)	(10, 0.0011967231061967654)	(15, 0.0019626258941626952)	(20, 0.0028437686849475726)	(25, 0.00403162717554288)	(30, 0.0053435902845585925)	(35, 0.006956950324023862)	(40, 0.00873341929055595)	(45, 0.010740368262725931)	(50, 0.01324905447793841)	(55, 0.016006836391551846)	(60, 0.019170617699712032)	(65, 0.022798904865388596)	(70, 0.027483854210758895)	(75, 0.03393552144549968)	(80, 0.042504058885868515)	(85, 0.054510294256482586)	(90, 0.07245493561851304)	(95, 0.10083500246657928)	(100, 0.1421512028618525)	(105, 0.20350852620890086)	(110, 0.290086567403656)	(115, 0.4119927611548998)	(120, 0.5769730085751859)	(125, 0.7915791470555514)	(130, 1.0633673749346788)	(135, 1.3967558166283347)	(140, 1.6234612689431296)
NG-13640_SKNO_1_lib259805_5981_3_2 - polya	(1, 0.01668763886974378)	(2, 0.022285643622064207)	(3, 0.024102889820363)	(4, 0.026070834483886567)	(5, 0.027976726838199933)	(6, 0.029253231484809815)	(7, 0.031017289989499864)	(8, 0.0349842054711521)	(9, 0.041326837933994956)	(10, 0.050195885843253206)	(15, 0.06876725552830672)	(20, 0.08717285690161296)	(25, 0.10226043265529365)	(30, 0.11682499608848836)	(35, 0.13015737795308047)	(40, 0.14533005401653515)	(45, 0.16310094891277704)	(50, 0.18141701766850857)	(55, 0.2038755212948012)	(60, 0.22068637832140525)	(65, 0.23887568307403595)	(70, 0.28021315854675266)	(75, 0.3014377076813224)	(80, 0.3216676469454086)	(85, 0.3486896546833315)	(90, 0.3686873410186595)	(95, 0.3891185070568989)	(100, 0.40559960038312876)	(105, 0.4221826367887752)	(110, 0.4401104353811629)	(115, 0.45887594014788835)	(120, 0.47830629108472317)	(125, 0.498120479877101)	(130, 0.518361056679909)	(135, 0.5414188083208601)	(140, 0.5533603319975835)
NG-13640_SKNO_1_lib259805_5991_5_1 - illumina_universal_adapter	(1, 4.976075443938497e-05)	(2, 4.976075443938497e-05)	(3, 9.122804980553912e-05)	(4, 0.0001990430177575399)	(5, 0.0003151514447827715)	(6, 0.0003732056582953873)	(7, 0.00041467295366154144)	(8, 0.000530781380686773)	(9, 0.0006468898077120047)	(10, 0.000890717504464991)	(15, 0.0013418816780487483)	(20, 0.0018046566943350282)	(25, 0.0021745449690011233)	(30, 0.0024847203383399565)	(35, 0.002819776084898482)	(40, 0.0032543533403357775)	(45, 0.0037884521046518426)	(50, 0.004586282867496649)	(55, 0.005438850460224779)	(60, 0.006589982579589216)	(65, 0.00817237457076166)	(70, 0.01038672814331429)	(75, 0.013869980954071237)	(80, 0.018995338661327892)	(85, 0.0271229285530941)	(90, 0.039536578093906004)	(95, 0.058779061835616174)	(100, 0.08786422280543668)	(105, 0.13209158135116206)	(110, 0.1963128110306323)	(115, 0.28687572541849826)	(120, 0.4113456178813613)	(125, 0.5751779257975923)	(130, 0.7860291705835982)	(135, 1.046553259142813)	(140, 1.2259805875003473)
NG-13640_SKNO_1_lib259805_5991_5_1 - polya	(1, 0.003508133187976641)	(2, 0.009462836802556376)	(3, 0.01260605779131086)	(4, 0.016379581669630886)	(5, 0.018469533356085057)	(6, 0.02062583271512507)	(7, 0.02460669307027587)	(8, 0.030072082599534984)	(9, 0.03811673790056889)	(10, 0.05088368879790043)	(15, 0.06684693882205514)	(20, 0.08467621713768678)	(25, 0.10690268745394538)	(30, 0.12702593654923267)	(35, 0.1420603191571855)	(40, 0.1570814322306212)	(45, 0.1736136135471995)	(50, 0.18909418425329222)	(55, 0.2053344358104928)	(60, 0.21800849996620414)	(65, 0.24170291253842463)	(70, 0.25939120204981136)	(75, 0.2751471155971353)	(80, 0.2891033485255681)	(85, 0.3026415911167101)	(90, 0.3162395466131794)	(95, 0.331589080665915)	(100, 0.3468921713478405)	(105, 0.3612448316199738)	(110, 0.3747200439221593)	(115, 0.38668252928938734)	(120, 0.39882747075622665)	(125, 0.41113994009634514)	(130, 0.4259321536993596)	(135, 0.4402433466761268)	(140, 0.44838586479422476)
NG-13640_SKNO_1_lib259805_5991_5_2 - illumina_universal_adapter	(1, 4.976075443938497e-05)	(2, 4.976075443938497e-05)	(3, 9.122804980553912e-05)	(4, 0.00021562993590400155)	(5, 0.000340031822002464)	(6, 0.000389792576441849)	(7, 0.0004312598718080031)	(8, 0.0005639552169796964)	(9, 0.000680063644004928)	(10, 0.0009238913407579143)	(15, 0.0014646248723325646)	(20, 0.002089951686454169)	(25, 0.002789919632234851)	(30, 0.003659074143109442)	(35, 0.004577989408423418)	(40, 0.005722486760529272)	(45, 0.0070676858222073115)	(50, 0.008895564201947388)	(55, 0.010746664267092509)	(60, 0.012941113537869387)	(65, 0.015621559510337588)	(70, 0.019005290812215768)	(75, 0.023651286585039677)	(80, 0.02994768071343652)	(85, 0.039097024763024776)	(90, 0.05245778732999965)	(95, 0.0727601751412687)	(100, 0.10269790370381734)	(105, 0.147739679930534)	(110, 0.21302578975500705)	(115, 0.3047381775704229)	(120, 0.4298732054509589)	(125, 0.59333064901708)	(130, 0.8042034567966763)	(135, 1.065913510003363)	(140, 1.2449311414826798)
NG-13640_SKNO_1_lib259805_5991_5_2 - polya	(1, 0.02162104780391277)	(2, 0.02828898889879036)	(3, 0.030569690143928834)	(4, 0.03273428296204208)	(5, 0.035255494520304256)	(6, 0.0367483171534858)	(7, 0.0387387473310612)	(8, 0.04339967133021693)	(9, 0.050449111542463135)	(10, 0.05984394198061902)	(15, 0.07962715925390383)	(20, 0.09773178041076673)	(25, 0.11381445624557596)	(30, 0.12848060927067734)	(35, 0.14155773553734777)	(40, 0.15711128868328483)	(45, 0.17623766399796975)	(50, 0.19470056258679622)	(55, 0.21768339637053352)	(60, 0.23440632724579613)	(65, 0.25240147474289243)	(70, 0.29006207239443366)	(75, 0.3113530405272318)	(80, 0.33106991012793074)	(85, 0.35819615606465416)	(90, 0.3781900271983991)	(95, 0.39873790139823573)	(100, 0.41528832832477514)	(105, 0.4316679099944061)	(110, 0.4488585919613989)	(115, 0.4678290502455071)	(120, 0.48672652608977085)	(125, 0.506222789679122)	(130, 0.5260624024741049)	(135, 0.5477962413214135)	(140, 0.5589791415357579)
NG-13640_SR_786_lib248387_5885_5_1 - illumina_universal_adapter	(1, 0.00011699517725532366)	(2, 0.00012208192409251164)	(3, 0.00014751565827845158)	(4, 0.00022127348741767737)	(5, 0.00025688071527799327)	(6, 0.0002772277026267452)	(7, 0.00032300842416143705)	(8, 0.00033572529125440703)	(9, 0.00036115902544034693)	(10, 0.00044000360141676075)	(15, 0.0005854845609603371)	(20, 0.0007787809407734806)	(25, 0.0010168406927538783)	(30, 0.0013464618878036595)	(35, 0.0018368242829085815)	(40, 0.0025098008894685517)	(45, 0.0031624305086797705)	(50, 0.003930020606411438)	(55, 0.004866490699137746)	(60, 0.0061839581299694335)	(65, 0.008191697106607531)	(70, 0.011519446887495911)	(75, 0.0175614847807078)	(80, 0.02861956373007076)	(85, 0.04852044338120132)	(90, 0.08293075971072687)	(95, 0.14091814763061877)	(100, 0.23480932075143462)	(105, 0.3782036967423964)	(110, 0.5861626243137341)	(115, 0.8711506679152935)	(120, 1.2484880916713168)	(125, 1.7292497607957302)	(130, 2.330198540815802)	(135, 3.0565081619396373)	(140, 3.5494861622682414)
NG-13640_SR_786_lib248387_5885_5_1 - polya	(1, 0.008464346737080807)	(2, 0.01370878272622162)	(3, 0.016913433233650053)	(4, 0.021331272861747817)	(5, 0.02408574627408511)	(6, 0.02631628476219204)	(7, 0.03008556416854834)	(8, 0.035686072436292314)	(9, 0.044834586622974903)	(10, 0.06091888012216331)	(15, 0.07919352680944487)	(20, 0.09615019739121103)	(25, 0.11905683574843598)	(30, 0.1392090006933236)	(35, 0.1540597580844939)	(40, 0.1675152208182236)	(45, 0.18290771674755443)	(50, 0.19758247269815804)	(55, 0.21333561897824552)	(60, 0.22774891614141768)	(65, 0.24708821894172264)	(70, 0.2646008709527935)	(75, 0.2792588406388344)	(80, 0.292262091578738)	(85, 0.30536707745538544)	(90, 0.3187879503106222)	(95, 0.3349536317592056)	(100, 0.3511864582660399)	(105, 0.36815431969084783)	(110, 0.38311189876559915)	(115, 0.39533280804194326)	(120, 0.4078874079108069)	(125, 0.42155753136106594)	(130, 0.43765861112481713)	(135, 0.4547210860407967)	(140, 0.46484218622274964)
NG-13640_SR_786_lib248387_5885_5_2 - illumina_universal_adapter	(1, 0.00011953855067391766)	(2, 0.00012462529751110563)	(3, 0.00015260240511563955)	(4, 0.00022636023425486534)	(5, 0.0002695975823709632)	(6, 0.00028740119630112115)	(7, 0.00032555179758003103)	(8, 0.000338268664673001)	(9, 0.00036624577227753496)	(10, 0.00047154143180732624)	(15, 0.0006678898597227824)	(20, 0.0009990370788237203)	(25, 0.0016903259739975674)	(30, 0.0027631208819605133)	(35, 0.004119247588754831)	(40, 0.005910799824812439)	(45, 0.0077857747089999305)	(50, 0.00984336380464247)	(55, 0.012335869754864583)	(60, 0.015223107259652485)	(65, 0.018751783540609787)	(70, 0.023724078573961044)	(75, 0.03131960895125015)	(80, 0.04394491460115073)	(85, 0.06512765445525265)	(90, 0.10071199195480121)	(95, 0.15961652032943804)	(100, 0.25372286284146695)	(105, 0.3963384578916553)	(110, 0.6021818074534067)	(115, 0.8844458981236517)	(120, 1.2575135065845395)	(125, 1.7326934884045062)	(130, 2.323471318123621)	(135, 3.035745078699604)	(140, 3.518108564403047)
NG-13640_SR_786_lib248387_5885_5_2 - polya	(1, 0.015227176657122234)	(2, 0.020545370475402273)	(3, 0.022750475229323264)	(4, 0.02653755824960972)	(5, 0.02910636540238965)	(6, 0.031133434017009066)	(7, 0.03355981225834773)	(8, 0.040009807247902096)	(9, 0.04867762385847042)	(10, 0.06186043696172681)	(15, 0.08565929071419451)	(20, 0.10793262909018955)	(25, 0.12595192108624426)	(30, 0.14224273650702252)	(35, 0.15910479359761695)	(40, 0.17722327715699684)	(45, 0.1968367556118263)	(50, 0.21814259473938816)	(55, 0.24230972896286826)	(60, 0.26118359442757055)	(65, 0.28279565571473114)	(70, 0.3143014396002224)	(75, 0.3377177699905336)	(80, 0.3594692081410331)	(85, 0.38848706414845574)	(90, 0.41168669912350264)	(95, 0.4357790581684761)	(100, 0.4557547129981133)	(105, 0.4759658842063123)	(110, 0.4973795623668226)	(115, 0.5195064024339067)	(120, 0.5426683954823585)	(125, 0.5673508171604457)	(130, 0.5921766850993416)	(135, 0.619868934880993)	(140, 0.6342537462618769)
NG-13640_SUDHL4_lib236389_5774_5_1 - illumina_universal_adapter	(1, 4.326898595101999e-05)	(2, 4.597329757295874e-05)	(3, 0.0001352155810969375)	(4, 0.00035156051085203743)	(5, 0.0005219321430341787)	(6, 0.000616583049802035)	(7, 0.0007274598263015237)	(8, 0.0008221107330693799)	(9, 0.0009005357701056037)	(10, 0.0013272761440475385)	(15, 0.0019416957445520223)	(20, 0.0024317170104473235)	(25, 0.0028946951601232377)	(30, 0.0034139229915354776)	(35, 0.004044568461771594)	(40, 0.004775814324343831)	(45, 0.005554656071462191)	(50, 0.006480612370814019)	(55, 0.007820869210646864)	(60, 0.009751747708711131)	(65, 0.012848184515830998)	(70, 0.017993407807731666)	(75, 0.027520156789497492)	(80, 0.04491807517807824)	(85, 0.077274622872251)	(90, 0.1361994096649988)	(95, 0.24057123498907607)	(100, 0.42041066215962486)	(105, 0.7107228416733448)	(110, 1.1554512147997673)	(115, 1.7953935675297845)	(120, 2.6648557153746633)	(125, 3.789049955585738)	(130, 5.178639388888314)	(135, 6.856297504783048)	(140, 7.958540306696522)
NG-13640_SUDHL4_lib236389_5774_5_1 - polya	(1, 0.00653091256698208)	(2, 0.01308345962693967)	(3, 0.016647742344654944)	(4, 0.021047657353549288)	(5, 0.023630274952500793)	(6, 0.025563857762187)	(7, 0.029769062334301755)	(8, 0.03499379238788742)	(9, 0.043160813486142445)	(10, 0.05737575709570129)	(15, 0.07495161918900561)	(20, 0.09375037099775063)	(25, 0.11970364963349682)	(30, 0.14143008920415273)	(35, 0.15673162522340656)	(40, 0.17058527280027438)	(45, 0.1858132515434115)	(50, 0.20059177369498235)	(55, 0.2167770787522858)	(60, 0.23029701427500635)	(65, 0.25298997481934316)	(70, 0.27462825383112394)	(75, 0.2900011836771969)	(80, 0.3035081385041322)	(85, 0.31740775937857296)	(90, 0.3323615209232455)	(95, 0.3491131088341829)	(100, 0.3647732365745058)	(105, 0.3800834263909499)	(110, 0.39435299709527183)	(115, 0.40618057440498323)	(120, 0.4181547254046035)	(125, 0.43089690090485455)	(130, 0.4464786036081412)	(135, 0.4633572941653098)	(140, 0.4730517104676358)
NG-13640_SUDHL4_lib236389_5774_5_2 - illumina_universal_adapter	(1, 4.056467432908125e-05)	(2, 4.326898595101999e-05)	(3, 0.00013251126947499874)	(4, 0.0003434475759862212)	(5, 0.0005138192081683624)	(6, 0.00060576580331428)	(7, 0.0007220512030576461)	(8, 0.0008194064214474411)	(9, 0.0008978314584836649)	(10, 0.0013332256296158037)	(15, 0.0020120078467224297)	(20, 0.002684840578260791)	(25, 0.003615664638532108)	(30, 0.004787713295480363)	(35, 0.006222621042081063)	(40, 0.007895508211412374)	(45, 0.009574344866311948)	(50, 0.011547951488002849)	(55, 0.013963983491042928)	(60, 0.016940889724473104)	(65, 0.02108551771625643)	(70, 0.02744659951338076)	(75, 0.03808211626014148)	(80, 0.056588261551392724)	(85, 0.08982749655896628)	(90, 0.14982210902935306)	(95, 0.25548551358406824)	(100, 0.4365873134197381)	(105, 0.7280693781411087)	(110, 1.174384641327285)	(115, 1.8161215752496207)	(120, 2.6882469291797846)	(125, 3.816089285768855)	(130, 5.209003399779442)	(135, 6.887838432092044)	(140, 7.990416027784314)
NG-13640_SUDHL4_lib236389_5774_5_2 - polya	(1, 0.008418522079095327)	(2, 0.01222348853116315)	(3, 0.013732494416204971)	(4, 0.015482184035599342)	(5, 0.017264325394456978)	(6, 0.018375797471073804)	(7, 0.020406735499149804)	(8, 0.024933753154275273)	(9, 0.032649154211666524)	(10, 0.04173401867440756)	(15, 0.06024016396565881)	(20, 0.0777695118990658)	(25, 0.09255019749993423)	(30, 0.10688413082085838)	(35, 0.12095141901585935)	(40, 0.13679814425809605)	(45, 0.15541678891281993)	(50, 0.1746293003997216)	(55, 0.19810056182885238)	(60, 0.21487270250811652)	(65, 0.23303377763640837)	(70, 0.26342158646980973)	(75, 0.2840765777758535)	(80, 0.3033869853434693)	(85, 0.3300769184650316)	(90, 0.3493024106477186)	(95, 0.36909905344495897)	(100, 0.3845130888276855)	(105, 0.40027111264872256)	(110, 0.4171038299083182)	(115, 0.4348273474161803)	(120, 0.45273313552736116)	(125, 0.4714421041902579)	(130, 0.4917449941231252)	(135, 0.5135314694117882)	(140, 0.5251773169805052)
NG-13640_SUDHL6_lib236390_5774_5_1 - illumina_universal_adapter	(1, 3.893012742868844e-05)	(2, 4.541848200013652e-05)	(3, 0.00010381367314316918)	(4, 0.00024006911914357872)	(5, 0.000350371146858196)	(6, 0.0004120105152869527)	(7, 0.0004931149474300536)	(8, 0.0005482659612873622)	(9, 0.0005969286205732227)	(10, 0.0009226440200599161)	(15, 0.0013417917253754617)	(20, 0.0016967047204336713)	(25, 0.0021184477675777963)	(30, 0.0026219440823221666)	(35, 0.0034141721754959763)	(40, 0.004286855865355743)	(45, 0.005031070134700837)	(50, 0.005894670128160575)	(55, 0.0070528414191640566)	(60, 0.008834543584483694)	(65, 0.011634268582063543)	(70, 0.01653946463807828)	(75, 0.02578926291513466)	(80, 0.04380093520547451)	(85, 0.07913391885975213)	(90, 0.14425753369337643)	(95, 0.26125813866755665)	(100, 0.45838019006726344)	(105, 0.7757736259806175)	(110, 1.2525820407017076)	(115, 1.9185681654852236)	(120, 2.797370373705865)	(125, 3.8957560191816527)	(130, 5.212083548206008)	(135, 6.73307584081938)	(140, 7.726264495957365)
NG-13640_SUDHL6_lib236390_5774_5_1 - polya	(1, 0.003506955645867684)	(2, 0.009453532610599844)	(3, 0.013184336489182486)	(4, 0.01846910128762694)	(5, 0.02111959413006348)	(6, 0.0237408893769285)	(7, 0.02814323795365602)	(8, 0.03445316277438927)	(9, 0.04411107855398973)	(10, 0.05992774049280869)	(15, 0.0796834824919538)	(20, 0.10061815851673099)	(25, 0.12812229354509938)	(30, 0.15129674956794048)	(35, 0.16861806093187823)	(40, 0.18409603076206765)	(45, 0.20201232424020715)	(50, 0.21924344747560184)	(55, 0.23720451060028439)	(60, 0.252212723559501)	(65, 0.27340888027350746)	(70, 0.2942085985231986)	(75, 0.3106565773618194)	(80, 0.3253883864162923)	(85, 0.3405886546708237)	(90, 0.35649939775092865)	(95, 0.37552909287352876)	(100, 0.39367182992621186)	(105, 0.41206112445261)	(110, 0.4286972655738028)	(115, 0.44201850634444284)	(120, 0.4552249032391682)	(125, 0.4699353007235554)	(130, 0.4879476218493524)	(135, 0.5071155189243243)	(140, 0.5188250524194166)
NG-13640_SUDHL6_lib236390_5774_5_2 - illumina_universal_adapter	(1, 4.2174304714412475e-05)	(2, 4.541848200013652e-05)	(3, 0.00010056949585744514)	(4, 0.0002465574737150268)	(5, 0.00035685950142964407)	(6, 0.0004152546925726767)	(7, 0.0004996033020015017)	(8, 0.0005579984931445343)	(9, 0.0006066611524303949)	(10, 0.0009278347037170745)	(15, 0.0013761800046041364)	(20, 0.001876432142062783)	(25, 0.002673850918893751)	(30, 0.003792443247011399)	(35, 0.005310069381273104)	(40, 0.006942539391449438)	(45, 0.008699585809397578)	(50, 0.010502050709345854)	(55, 0.01266656579438093)	(60, 0.015550639401389598)	(65, 0.019415752219601214)	(70, 0.025366222197076245)	(75, 0.03562820378727852)	(80, 0.05477923114036465)	(85, 0.09108936099310236)	(90, 0.15715703141687237)	(95, 0.27520226147705573)	(100, 0.4728836090408214)	(105, 0.789988962011203)	(110, 1.2657125238479474)	(115, 1.9299383580362293)	(120, 2.8065812418554934)	(125, 3.9011763905906407)	(130, 5.211430170900664)	(135, 6.722210442254033)	(140, 7.708155498348455)
NG-13640_SUDHL6_lib236390_5774_5_2 - polya	(1, 0.015598004389761168)	(2, 0.02086330412449128)	(3, 0.022790345432211357)	(4, 0.026764462607223302)	(5, 0.029324118485659568)	(6, 0.031186276247665165)	(7, 0.033580479084529505)	(8, 0.039737927572833724)	(9, 0.04870158941328924)	(10, 0.06168154273347111)	(15, 0.08538220431205665)	(20, 0.10731608694083686)	(25, 0.12596880866283575)	(30, 0.14246739666711392)	(35, 0.1589199173539348)	(40, 0.17795350548927774)	(45, 0.19880188639825466)	(50, 0.22084088037109234)	(55, 0.24671968257931304)	(60, 0.2664072968554579)	(65, 0.287749441547322)	(70, 0.3170690181847816)	(75, 0.3406412103428524)	(80, 0.36257119995888976)	(85, 0.3943154746996994)	(90, 0.4179363295170562)	(95, 0.4410244904240971)	(100, 0.45986796977049654)	(105, 0.47893399967869665)	(110, 0.49994458945195985)	(115, 0.5216312657715679)	(120, 0.5427664319526029)	(125, 0.5653653709249565)	(130, 0.589424189675886)	(135, 0.6157669092359651)	(140, 0.6296461484997496)
NG-13640_SUP_HD_1_lib241216_5808_7_1 - illumina_universal_adapter	(1, 0.00011978199326644064)	(2, 0.00012270350529732944)	(3, 0.00016652618576066137)	(4, 0.0002775436429344356)	(5, 0.00034765993167576675)	(6, 0.0003973256362008763)	(7, 0.0004353052926024306)	(8, 0.00047912797306576255)	(9, 0.0005112646054055393)	(10, 0.0006772064887600229)	(15, 0.0009319623378535259)	(20, 0.0012410583107215606)	(25, 0.001624360689174171)	(30, 0.0020906340093040225)	(35, 0.0028519800445536425)	(40, 0.0037354452826944148)	(45, 0.004562233187435944)	(50, 0.005473744941073248)	(55, 0.006623652076431079)	(60, 0.008038248201787435)	(65, 0.010051754293475993)	(70, 0.01283186514206977)	(75, 0.01714284829484928)	(80, 0.023750724206313557)	(85, 0.034601804191440724)	(90, 0.051590396651059064)	(95, 0.07780746131384894)	(100, 0.11797708313375754)	(105, 0.17651892551111342)	(110, 0.26045338185614236)	(115, 0.3758408367257201)	(120, 0.5291132910070513)	(125, 0.7269802892302752)	(130, 0.977445021452809)	(135, 1.2894800354239178)	(140, 1.5077865161176458)
NG-13640_SUP_HD_1_lib241216_5808_7_1 - polya	(1, 0.0025329509307805862)	(2, 0.008352602896311068)	(3, 0.011799987092759848)	(4, 0.017023650603989016)	(5, 0.019831223665673147)	(6, 0.022589131022832172)	(7, 0.02722849212788358)	(8, 0.033331530760410275)	(9, 0.04311567455185685)	(10, 0.05935519132675532)	(15, 0.07823926079201432)	(20, 0.09593661207032629)	(25, 0.12026754856597437)	(30, 0.14243890336838944)	(35, 0.15900270797871655)	(40, 0.17370083500611808)	(45, 0.1897264971003555)	(50, 0.20447370552987598)	(55, 0.22092473977581079)	(60, 0.23618730292757997)	(65, 0.2562732824423467)	(70, 0.2773683522125823)	(75, 0.2942541074487134)	(80, 0.30902936239373036)	(85, 0.32424751856263007)	(90, 0.3406944626917217)	(95, 0.3591958140809342)	(100, 0.3776737933738996)	(105, 0.3966519355265533)	(110, 0.41300480696825026)	(115, 0.42692464319062307)	(120, 0.441039052114253)	(125, 0.4549653156630937)	(130, 0.4711066696337543)	(135, 0.4887140383415149)	(140, 0.49879267054567505)
NG-13640_SUP_HD_1_lib241216_5808_7_2 - illumina_universal_adapter	(1, 0.00012270350529732944)	(2, 0.00012562501732821824)	(3, 0.00017821223388421657)	(4, 0.0002950727151197684)	(5, 0.0003710320279228771)	(6, 0.0004323837805715418)	(7, 0.00047912797306576255)	(8, 0.0005287936775908721)	(9, 0.0005726163580542041)	(10, 0.000801078598869708)	(15, 0.0012509914516265824)	(20, 0.0019258607307618945)	(25, 0.003298387082873451)	(30, 0.0050436983701264175)	(35, 0.007306701589252879)	(40, 0.009948917069988706)	(45, 0.012706240124741553)	(50, 0.015769153337925366)	(55, 0.019149927060069884)	(60, 0.022836290940645366)	(65, 0.027091765364837983)	(70, 0.03228738236057062)	(75, 0.038997511193116)	(80, 0.04798291359531759)	(85, 0.060985395039991265)	(90, 0.07978474065635448)	(95, 0.10776289277136412)	(100, 0.1492308345377997)	(105, 0.20828511012537348)	(110, 0.29128409831811186)	(115, 0.40459143662169667)	(120, 0.5548646666521175)	(125, 0.7478766961824105)	(130, 0.9908629419082751)	(135, 1.292377006753747)	(140, 1.501502343739204)
NG-13640_SUP_HD_1_lib241216_5808_7_2 - polya	(1, 0.013135118090876027)	(2, 0.01870936304581185)	(3, 0.020780715075712008)	(4, 0.024222256248099008)	(5, 0.026457212951728936)	(6, 0.028195512610107772)	(7, 0.030249335567822597)	(8, 0.036077752069445745)	(9, 0.04365615427757128)	(10, 0.05639102522021554)	(15, 0.07833041196737806)	(20, 0.09880378397744054)	(25, 0.1158397049319593)	(30, 0.13070202093549677)	(35, 0.14493445894517465)	(40, 0.1604412605027262)	(45, 0.17854820776776875)	(50, 0.1978278499620101)	(55, 0.21973042565758344)	(60, 0.23694923326523581)	(65, 0.2558829684350199)	(70, 0.28249093140754267)	(75, 0.3036777366555483)	(80, 0.3227628061485324)	(85, 0.34886067312046204)	(90, 0.37005448999734175)	(95, 0.39189571394026634)	(100, 0.40934824251038987)	(105, 0.42719984962393276)	(110, 0.44569243647705264)	(115, 0.4650293403070994)	(120, 0.4848804302545826)	(125, 0.5049220027864798)	(130, 0.5255689126111771)	(135, 0.549025148404777)	(140, 0.5614620251202707)
NG-13640_SUP_M2_lib248389_5885_6_1 - illumina_universal_adapter	(1, 9.357054339408807e-05)	(2, 9.357054339408807e-05)	(3, 0.00010105618686561511)	(4, 0.00014597004769477737)	(5, 0.00018339826505241262)	(6, 0.00022456930414581136)	(7, 0.0002470262345603925)	(8, 0.000250769056296156)	(9, 0.0002844544519180277)	(10, 0.0003555680648975346)	(15, 0.00048731538999641065)	(20, 0.0006707136550488232)	(25, 0.0008623461279199156)	(30, 0.001125092213770515)	(35, 0.001575727950756443)	(40, 0.002104962944193405)	(45, 0.0026289579872002984)	(50, 0.0033019173352905793)	(55, 0.004101384058049668)	(60, 0.005266150182219276)	(65, 0.0071106127336035396)	(70, 0.010339170762873153)	(75, 0.015927952178715246)	(80, 0.026335990861526447)	(85, 0.04484723860226568)	(90, 0.07799291932984029)	(95, 0.13381111700397602)	(100, 0.2230729240158531)	(105, 0.3586454129286794)	(110, 0.5525415443855615)	(115, 0.8169696543242129)	(120, 1.1625728306324508)	(125, 1.5978061076113648)	(130, 2.131782507623192)	(135, 2.776404203787661)	(140, 3.2175541333664697)
NG-13640_SUP_M2_lib248389_5885_6_1 - polya	(1, 0.006579880611472273)	(2, 0.011089980803067317)	(3, 0.014125409230771534)	(4, 0.01836976907912737)	(5, 0.02082506013778824)	(6, 0.023081981644453645)	(7, 0.026895916993196673)	(8, 0.03204978252334304)	(9, 0.04080798538502969)	(10, 0.054414639523224395)	(15, 0.07027297521765444)	(20, 0.08597635809222387)	(25, 0.10666967090491324)	(30, 0.1253673111680935)	(35, 0.13913715233396748)	(40, 0.15173174747481172)	(45, 0.16601061239674958)	(50, 0.17922576738138346)	(55, 0.1932111950792374)	(60, 0.20629310561007808)	(65, 0.22327877921132008)	(70, 0.23940360381333647)	(75, 0.2540507623940734)	(80, 0.26652259298198466)	(85, 0.2789749608968699)	(90, 0.29195806093388643)	(95, 0.3071464315376148)	(100, 0.3219477943738652)	(105, 0.33723347834272344)	(110, 0.3510871587154786)	(115, 0.362241516052401)	(120, 0.37408380402435676)	(125, 0.38637897342634)	(130, 0.400913847355004)	(135, 0.4167714344850869)	(140, 0.4258096004126087)
NG-13640_SUP_M2_lib248389_5885_6_2 - illumina_universal_adapter	(1, 9.731336512985159e-05)	(2, 9.731336512985159e-05)	(3, 0.00010854183033714216)	(4, 0.00016094133463783147)	(5, 0.00020211237373123021)	(6, 0.00024328341282462895)	(7, 0.0002657403432392101)	(8, 0.00027696880844650066)	(9, 0.0003106542040683724)	(10, 0.0003974876683380861)	(15, 0.0005861258838205676)	(20, 0.0008810602365987331)	(25, 0.0014207751308958332)	(30, 0.002301835367494566)	(35, 0.0034636072342755634)	(40, 0.004821502960010571)	(45, 0.006423430662917358)	(50, 0.008239447769109818)	(55, 0.010336925069831696)	(60, 0.012829644345850202)	(65, 0.01616898989849842)	(70, 0.020977018700260235)	(75, 0.028176710591174946)	(80, 0.0403296527671991)	(85, 0.06043609113172076)	(90, 0.09518669381959075)	(95, 0.1524301580107052)	(100, 0.24324373891422985)	(105, 0.3801958319188586)	(110, 0.5751556733130447)	(115, 0.8415555017420964)	(120, 1.1888085138714588)	(125, 1.624803829355774)	(130, 2.160462253455654)	(135, 2.8018838370360446)	(140, 3.2381508813783766)
NG-13640_SUP_M2_lib248389_5885_6_2 - polya	(1, 0.015353054760101969)	(2, 0.02078388909869484)	(3, 0.022819984122950197)	(4, 0.02679860362806682)	(5, 0.029564548890796065)	(6, 0.03171292856712433)	(7, 0.03431793249521574)	(8, 0.04051230246790437)	(9, 0.048926165729900765)	(10, 0.06260168778803353)	(15, 0.08650858734304945)	(20, 0.10919308131916501)	(25, 0.12758231307131834)	(30, 0.14364350970382675)	(35, 0.15986340197793159)	(40, 0.17798913907988717)	(45, 0.198165193928694)	(50, 0.22009962642896258)	(55, 0.2450964356734328)	(60, 0.2644093958299726)	(65, 0.2856506577447777)	(70, 0.31550714673096336)	(75, 0.3383263822895664)	(80, 0.35958635831305036)	(85, 0.38889938958320314)	(90, 0.41264983918966414)	(95, 0.4359137219704759)	(100, 0.45525737326524895)	(105, 0.4754701077670663)	(110, 0.4961686605301857)	(115, 0.5170790570035493)	(120, 0.5386579214389202)	(125, 0.5615325507592127)	(130, 0.5849117124494859)	(135, 0.6103995799056883)	(140, 0.6242577516645264)
NG-13640_SUP_M2_lib248389_5904_3_1 - illumina_universal_adapter	(1, 0.00010333987913179845)	(2, 0.00010333987913179845)	(3, 0.0001127344135983256)	(4, 0.00013152348253137985)	(5, 0.00015970708593096125)	(6, 0.00018789068933054264)	(7, 0.00021607429273012404)	(8, 0.00023486336166317833)	(9, 0.00024425789612970544)	(10, 0.0003100196373953954)	(15, 0.00036262903040794727)	(20, 0.0007365315021757272)	(25, 0.0017248365280543815)	(30, 0.002106254627395383)	(35, 0.0026323485575209028)	(40, 0.0032768136219246636)	(45, 0.0038386067830229868)	(50, 0.004464282778493693)	(55, 0.00528724399776147)	(60, 0.006493502223263553)	(65, 0.00828222158569032)	(70, 0.011504546907709128)	(75, 0.016759849488284403)	(80, 0.026357305899288523)	(85, 0.042872897491443226)	(90, 0.08673410000876511)	(95, 0.13945059071423543)	(100, 0.2261395969575612)	(105, 0.34508943455894114)	(110, 0.5155570202678627)	(115, 0.7446389854203401)	(120, 1.0425415522608088)	(125, 1.4201774120255866)	(130, 1.8842392310686271)	(135, 2.4399127924154542)	(140, 2.8175336209250856)
NG-13640_SUP_M2_lib248389_5904_3_1 - polya	(1, 0.010437327792311645)	(2, 0.01559492721443504)	(3, 0.018535416502458033)	(4, 0.022828718753660934)	(5, 0.025243114111558405)	(6, 0.02759174772819019)	(7, 0.031265010704602296)	(8, 0.0360092506101985)	(9, 0.043102124132426485)	(10, 0.05461606557460215)	(15, 0.06805024986173594)	(20, 0.08217775079249943)	(25, 0.10154176523490517)	(30, 0.119485326065972)	(35, 0.1321303694579175)	(40, 0.14371007264135888)	(45, 0.1564979129571956)	(50, 0.1683801201504591)	(55, 0.18099134321832513)	(60, 0.19270069097740455)	(65, 0.20900396609061572)	(70, 0.22331935771070976)	(75, 0.23630824106413018)	(80, 0.24805704586796903)	(85, 0.2594826786861593)	(90, 0.27167114770303163)	(95, 0.28562578919961107)	(100, 0.2989077820283871)	(105, 0.31290563838351254)	(110, 0.325261330113889)	(115, 0.33532099762064627)	(120, 0.3460721028641399)	(125, 0.3570092198900708)	(130, 0.3703832791566188)	(135, 0.38473249110079233)	(140, 0.3925975953561689)
NG-13640_SUP_M2_lib248389_5904_3_2 - illumina_universal_adapter	(1, 0.00012212894806485272)	(2, 0.00012212894806485272)	(3, 0.00013152348253137985)	(4, 0.00015031255146443412)	(5, 0.0001784961548640155)	(6, 0.00021607429273012404)	(7, 0.00024425789612970544)	(8, 0.0002536524305962326)	(9, 0.0002630469650627597)	(10, 0.00036638684419455813)	(15, 0.0005880978576045985)	(20, 0.001287051221914217)	(25, 0.0030419502602614854)	(30, 0.004208751441004155)	(35, 0.005713755862541802)	(40, 0.0076603034040062246)	(45, 0.009740253334895333)	(50, 0.01202876193094134)	(55, 0.014681778464288604)	(60, 0.017340431718315782)	(65, 0.020900960281129567)	(70, 0.025913883872468447)	(75, 0.03325665201150605)	(80, 0.04499794118777166)	(85, 0.06320079117011464)	(90, 0.10937680697998879)	(95, 0.16335028639708046)	(100, 0.2526133950842347)	(105, 0.37287658860403516)	(110, 0.5427466819208855)	(115, 0.7708779201853504)	(120, 1.0714785973246057)	(125, 1.4511718601375527)	(130, 1.9145685461403634)	(135, 2.4692481657406313)	(140, 2.8474552132009743)
NG-13640_SUP_M2_lib248389_5904_3_2 - polya	(1, 0.015050044215376467)	(2, 0.019540631690376436)	(3, 0.021475905790481024)	(4, 0.025167957835826187)	(5, 0.027244149952928686)	(6, 0.02906668963943495)	(7, 0.03151866313519853)	(8, 0.03794452471030309)	(9, 0.04692569966030303)	(10, 0.061827310231108365)	(15, 0.08691635397741573)	(20, 0.11054924488141138)	(25, 0.12846650101597193)	(30, 0.1441854360853651)	(35, 0.1598630352031056)	(40, 0.1777558655480532)	(45, 0.19757645436553214)	(50, 0.21818430517130608)	(55, 0.24217418838502974)	(60, 0.26065135877379525)	(65, 0.2803592131776759)	(70, 0.31034844610172385)	(75, 0.3323861450533031)	(80, 0.35318188654840765)	(85, 0.38256423254591787)	(90, 0.40613136170864783)	(95, 0.4300874245982921)	(100, 0.4510184473897145)	(105, 0.47091231357603236)	(110, 0.4908381211795364)	(115, 0.5116789564400801)	(120, 0.53459222600394)	(125, 0.5583059099043476)	(130, 0.583210820775111)	(135, 0.6106917129965963)	(140, 0.6263711910212301)
NG-13640_SU_DHL_1_lib248388_5885_6_1 - illumina_universal_adapter	(1, 0.00010839059121056755)	(2, 0.00011495971795060195)	(3, 0.00014780535165077391)	(4, 0.0001872201120909803)	(5, 0.0002299194359012039)	(6, 0.00024962681612130706)	(7, 0.00026604963297139305)	(8, 0.00028904157656151346)	(9, 0.00029561070330154783)	(10, 0.0003941476044020638)	(15, 0.0005130487983966863)	(20, 0.0006431175078493674)	(25, 0.0007896090341521344)	(30, 0.0009761722335691113)	(35, 0.0013105407846368622)	(40, 0.0017736642198092872)	(45, 0.002209197322673567)	(50, 0.0027156769943302195)	(55, 0.003403464564011821)	(60, 0.00436781236944887)	(65, 0.006104032566839961)	(70, 0.008962259611428927)	(75, 0.014134133093858008)	(80, 0.02366790673166993)	(85, 0.04134936826514651)	(90, 0.07239703197657107)	(95, 0.12437524730709323)	(100, 0.20661611570360586)	(105, 0.33042707502373014)	(110, 0.5077074414443643)	(115, 0.7501154441910478)	(120, 1.0704162103450148)	(125, 1.4741606520015949)	(130, 1.9761608361342173)	(135, 2.586817661110379)	(140, 3.0048532379899036)
NG-13640_SU_DHL_1_lib248388_5885_6_1 - polya	(1, 0.004463721619853372)	(2, 0.009275606956928568)	(3, 0.012044493877853066)	(4, 0.016399824906495872)	(5, 0.018702303828877928)	(6, 0.02043326872487699)	(7, 0.023267846913201832)	(8, 0.027590332308144467)	(9, 0.03429084158297955)	(10, 0.04484020221480079)	(15, 0.056954328836098224)	(20, 0.06975558611440325)	(25, 0.0880243275784389)	(30, 0.1047138509741703)	(35, 0.11585508992526863)	(40, 0.12628160788705123)	(45, 0.13812508648665928)	(50, 0.14880188817723713)	(55, 0.16034055929610758)	(60, 0.17016337451048097)	(65, 0.1859240233851715)	(70, 0.19906490451593634)	(75, 0.21072050609077936)	(80, 0.22092695830677084)	(85, 0.23107428838210192)	(90, 0.24145613628205229)	(95, 0.254204840546437)	(100, 0.26655874029374577)	(105, 0.27859797887020676)	(110, 0.2891631054062041)	(115, 0.2978770520268597)	(120, 0.3069923722913314)	(125, 0.31639410648166866)	(130, 0.32804773731848974)	(135, 0.341090081548154)	(140, 0.34854801113611505)
NG-13640_SU_DHL_1_lib248388_5885_6_2 - illumina_universal_adapter	(1, 0.00010839059121056755)	(2, 0.00011495971795060195)	(3, 0.00015437447839080831)	(4, 0.0001970738022010319)	(5, 0.0002463422527512899)	(6, 0.00026276506960137586)	(7, 0.00027918788645146184)	(8, 0.00030546439341159944)	(9, 0.0003120335201516338)	(10, 0.0004191102860141945)	(15, 0.0005780831531230268)	(20, 0.0008020903749581998)	(25, 0.0012691552861746453)	(30, 0.001927381785526092)	(35, 0.0028109293320607185)	(40, 0.003846223706290139)	(45, 0.004924217404329784)	(50, 0.006196657253874445)	(55, 0.007710840967452376)	(60, 0.009540999677225957)	(65, 0.012169964198587723)	(70, 0.015910424964363307)	(75, 0.02200723149178923)	(80, 0.03241469898602573)	(85, 0.050982335716732954)	(90, 0.08283668819183373)	(95, 0.13574706260676678)	(100, 0.21910731019978127)	(105, 0.34427216654102666)	(110, 0.5227940979155274)	(115, 0.7673915906046641)	(120, 1.0904395655613137)	(125, 1.4964904276163196)	(130, 2.001540000381666)	(135, 2.611377655253345)	(140, 3.026314575049596)
NG-13640_SU_DHL_1_lib248388_5885_6_2 - polya	(1, 0.04225262319190124)	(2, 0.04956406125355952)	(3, 0.05273694946899614)	(4, 0.05731891537017013)	(5, 0.06088595119000881)	(6, 0.06365483811093331)	(7, 0.06648613173588813)	(8, 0.07350195909424487)	(9, 0.08376950418891863)	(10, 0.09969503814478402)	(15, 0.1262802940617032)	(20, 0.15104984334767693)	(25, 0.17128012605628684)	(30, 0.18826000485392774)	(35, 0.20534564659208324)	(40, 0.22382460011179997)	(45, 0.2443183048026853)	(50, 0.2669640554136058)	(55, 0.2932858893482496)	(60, 0.31417177090551507)	(65, 0.3367518302490352)	(70, 0.3711852218822736)	(75, 0.39627271690246496)	(80, 0.41915758372672274)	(85, 0.4516583382730429)	(90, 0.47772397626482543)	(95, 0.5042862402381545)	(100, 0.5248751972667703)	(105, 0.5453623328309155)	(110, 0.5673682504973568)	(115, 0.5899167780325248)	(120, 0.6121276524532552)	(125, 0.6363440812677179)	(130, 0.6618112718134833)	(135, 0.6897734166951136)	(140, 0.7045848267558693)
NG-13640_TF_1_lib259824_5972_8_1 - illumina_universal_adapter	(1, 7.349650200748345e-05)	(2, 7.769630212219679e-05)	(3, 0.00010919480298254685)	(4, 0.0002267892061945204)	(5, 0.00031078520848878716)	(6, 0.000369582410094774)	(7, 0.00040738061112719404)	(8, 0.0004430789121022574)	(9, 0.0004724775129052508)	(10, 0.000604771216518721)	(15, 0.0008038417419561333)	(20, 0.0010344107682538958)	(25, 0.001222141833381582)	(30, 0.0014123927785780963)	(35, 0.001639601964784088)	(40, 0.0019373677929172641)	(45, 0.0023321490037003178)	(50, 0.0027554888552634225)	(55, 0.003231746188271915)	(60, 0.003825597924492382)	(65, 0.004590381525381681)	(70, 0.005799503978407652)	(75, 0.007608357887814688)	(80, 0.010437343245085594)	(85, 0.015042844050880244)	(90, 0.022466410733647545)	(95, 0.03532283884480802)	(100, 0.056443213641689936)	(105, 0.09092273262346352)	(110, 0.1451660909650666)	(115, 0.22681860479532334)	(120, 0.34596357420964907)	(125, 0.5121030469675827)	(130, 0.7355702112713648)	(135, 1.0253480195863558)	(140, 1.2320134635512157)
NG-13640_TF_1_lib259824_5972_8_1 - polya	(1, 0.0037525214024963695)	(2, 0.009430651157588807)	(3, 0.01233481293691308)	(4, 0.01696299266332718)	(5, 0.019400976629918274)	(6, 0.021740265293813607)	(7, 0.025152602887018195)	(8, 0.030186063324502133)	(9, 0.03745381742301357)	(10, 0.050018779406212945)	(15, 0.06441023445930114)	(20, 0.07976050387857841)	(25, 0.09990862494890418)	(30, 0.11699467175559246)	(35, 0.13090440973552306)	(40, 0.14371254014536433)	(45, 0.1586008315520231)	(50, 0.1725046898117931)	(55, 0.18685246694368826)	(60, 0.19883239677090808)	(65, 0.21391177908278633)	(70, 0.2276400856977613)	(75, 0.2406090684519961)	(80, 0.252081242445347)	(85, 0.262998202863533)	(90, 0.2747803221053497)	(95, 0.28773166569910275)	(100, 0.30060069321060734)	(105, 0.3132383117357912)	(110, 0.32469368652868336)	(115, 0.3346795512614373)	(120, 0.345027018784068)	(125, 0.3554492427487406)	(130, 0.36688949826121975)	(135, 0.37797571062402857)	(140, 0.38444550270074446)
NG-13640_TF_1_lib259824_5972_8_2 - illumina_universal_adapter	(1, 9.86953026957635e-05)	(2, 0.00010289510281047684)	(3, 0.0001322937036134702)	(4, 0.0002519880068828004)	(5, 0.0003443836094064939)	(6, 0.00040528071106983734)	(7, 0.0004430789121022574)	(8, 0.0004871768133067475)	(9, 0.0005165754141097409)	(10, 0.0006656683181820644)	(15, 0.0009037969846863109)	(20, 0.0012481805940928047)	(25, 0.0016878996661032915)	(30, 0.0022137146404654015)	(35, 0.002897442099140734)	(40, 0.00359838873828639)	(45, 0.004332513798338282)	(50, 0.005187173121682447)	(55, 0.0063584973736759975)	(60, 0.007782649592575292)	(65, 0.009470969238690053)	(70, 0.0116225268374577)	(75, 0.014473771135336582)	(80, 0.018493399825128723)	(85, 0.02426224526269897)	(90, 0.03273744189419049)	(95, 0.04666859885470611)	(100, 0.06887420200122994)	(105, 0.10427725702822901)	(110, 0.15929589847100817)	(115, 0.24196938370915175)	(120, 0.36227391793514974)	(125, 0.5295939545053292)	(130, 0.7542593217818392)	(135, 1.04323496827492)	(140, 1.2484031834988845)
NG-13640_TF_1_lib259824_5972_8_2 - polya	(1, 0.017907947689137685)	(2, 0.025217699788796254)	(3, 0.027225204243629227)	(4, 0.030591344035571972)	(5, 0.03279623909579647)	(6, 0.034637851446098274)	(7, 0.03657395929898113)	(8, 0.041580121035719425)	(9, 0.04778322580515103)	(10, 0.057900124301484)	(15, 0.07681896387823318)	(20, 0.09468323364617785)	(25, 0.10981049367936384)	(30, 0.12373661087974179)	(35, 0.13714909252609034)	(40, 0.15041038136830917)	(45, 0.16259190160103518)	(50, 0.17742055584606506)	(55, 0.19902264771610462)	(60, 0.21468328236385914)	(65, 0.23236150098672206)	(70, 0.2563952771231806)	(75, 0.276167096103228)	(80, 0.29459371910653287)	(85, 0.3187711284069146)	(90, 0.3381863843572229)	(95, 0.35801322071877306)	(100, 0.3749778933021462)	(105, 0.39176071454055217)	(110, 0.40970436053066484)	(115, 0.4289209659355473)	(120, 0.4487074842159962)	(125, 0.4695540320453988)	(130, 0.4896492356342792)	(135, 0.5107750701713103)	(140, 0.5219322591560577)
NG-13640_THP_1_lib248383_5885_5_1 - illumina_universal_adapter	(1, 0.000182780231060235)	(2, 0.000182780231060235)	(3, 0.00019207414111414528)	(4, 0.00028191527163527773)	(5, 0.00035936452208452983)	(6, 0.00041203001239002127)	(7, 0.00045849956265957254)	(8, 0.00048018535278536315)	(9, 0.0005018711429111537)	(10, 0.0006437581697341837)	(15, 0.0008321147468267648)	(20, 0.001019851729915752)	(25, 0.0013358446717487006)	(30, 0.001715036201948239)	(35, 0.0022664748651469143)	(40, 0.00291209181689188)	(45, 0.003541599324543401)	(50, 0.004185977088281179)	(55, 0.005102976213600323)	(60, 0.006357034476874614)	(65, 0.008059678798750972)	(70, 0.010424669110469336)	(75, 0.014081512919681224)	(80, 0.01953022258728701)	(85, 0.028610992303960924)	(90, 0.04312498183815077)	(95, 0.06610696261946004)	(100, 0.10097647395372414)	(105, 0.15265928816951546)	(110, 0.22657189604625297)	(115, 0.3261666753719624)	(120, 0.4573421610608589)	(125, 0.6232508474032288)	(130, 0.8301890486635946)	(135, 1.0843142900496736)	(140, 1.2601364804495476)
NG-13640_THP_1_lib248383_5885_5_1 - polya	(1, 0.00476777585765596)	(2, 0.00907085621261641)	(3, 0.012091376980137241)	(4, 0.016961385848386214)	(5, 0.019997396465996898)	(6, 0.02270502226170275)	(7, 0.027107237657238242)	(8, 0.03277342482010553)	(9, 0.04212619630435722)	(10, 0.05844072601299127)	(15, 0.07513506684582846)	(20, 0.09130275277561074)	(25, 0.11496009102083751)	(30, 0.13587076904813197)	(35, 0.1510186032479985)	(40, 0.16452637212035165)	(45, 0.180355140130168)	(50, 0.19539020822138045)	(55, 0.21120720394512854)	(60, 0.2243791528675337)	(65, 0.24713869940155275)	(70, 0.2652568672546489)	(75, 0.2806240377317878)	(80, 0.29439203608565045)	(85, 0.3078415631216658)	(90, 0.3223821951980102)	(95, 0.3399198034697388)	(100, 0.3575906244522402)	(105, 0.3752825116308637)	(110, 0.39186842351307194)	(115, 0.40448831417827497)	(120, 0.4175041254117744)	(125, 0.4313570081441295)	(130, 0.447599045354343)	(135, 0.4641576951003931)	(140, 0.4736238522873025)
NG-13640_THP_1_lib248383_5885_5_2 - illumina_universal_adapter	(1, 0.00018587820107820508)	(2, 0.00018587820107820508)	(3, 0.00019827008115008544)	(4, 0.00029120918168918796)	(5, 0.0003686584321384401)	(6, 0.00042132392244393155)	(7, 0.0004646955026955127)	(8, 0.0004894792628392734)	(9, 0.0005173609930010041)	(10, 0.0006598676138276281)	(15, 0.0008860194251394442)	(20, 0.0011964360209400467)	(25, 0.0019108279070839487)	(30, 0.0028495128225288838)	(35, 0.004134550785982875)	(40, 0.0055627149642670844)	(45, 0.007153832365496521)	(50, 0.008795756475020663)	(55, 0.010823687648783883)	(60, 0.013310118385206673)	(65, 0.01638082626701862)	(70, 0.020105205822622256)	(75, 0.025151798981895523)	(80, 0.03200698703765973)	(85, 0.04259460937107429)	(90, 0.058547915775613045)	(95, 0.08291654793696572)	(100, 0.11916155795920853)	(105, 0.17206001561005133)	(110, 0.24713374264952398)	(115, 0.3480718017750253)	(120, 0.4802429750276973)	(125, 0.6469298714385815)	(130, 0.8534634778146003)	(135, 1.1064269804439402)	(140, 1.2811655009315286)
NG-13640_THP_1_lib248383_5885_5_2 - polya	(1, 0.025239161736402282)	(2, 0.03180066223446292)	(3, 0.03449279818007892)	(4, 0.038126717011157836)	(5, 0.041453936810457705)	(6, 0.04392611688479783)	(7, 0.04650982387978488)	(8, 0.05256015932488046)	(9, 0.06020594932923063)	(10, 0.07376700328589289)	(15, 0.09583446331789738)	(20, 0.11665715899668153)	(25, 0.13343142745598233)	(30, 0.14761331460424582)	(35, 0.16150399257082007)	(40, 0.1769634825544944)	(45, 0.1936888030875113)	(50, 0.21180821012861467)	(55, 0.23111537887460787)	(60, 0.24701416100683032)	(65, 0.2653708725513103)	(70, 0.29948571838919685)	(75, 0.3193337927003276)	(80, 0.33773449541906275)	(85, 0.3627053729519088)	(90, 0.3828012848644772)	(95, 0.40354653129281204)	(100, 0.4200202966603698)	(105, 0.43625613793054735)	(110, 0.4540093649155267)	(115, 0.47241936154431574)	(120, 0.49123890980948043)	(125, 0.5120925851884442)	(130, 0.5333756392118987)	(135, 0.5570775882253842)	(140, 0.5702867127880051)
NG-13640_TK_6_lib259820_5981_7_1 - illumina_universal_adapter	(1, 9.929855276647235e-05)	(2, 0.00010606890863691365)	(3, 0.00021665138785412148)	(4, 0.0005506556107958921)	(5, 0.0007627934280697194)	(6, 0.0009185116130898692)	(7, 0.0010336076628873713)	(8, 0.0011532172832651676)	(9, 0.0012818540448035522)	(10, 0.0017553275986764132)	(15, 0.0024102466898771016)	(20, 0.002974443012413876)	(25, 0.0034871846303352965)	(30, 0.004014369674113659)	(35, 0.004622347631279287)	(40, 0.005323756499457006)	(45, 0.00609106349810702)	(50, 0.006936455267796124)	(55, 0.008000755210629493)	(60, 0.009348507385905343)	(65, 0.010993703862422578)	(70, 0.013254100009033912)	(75, 0.01645512426457856)	(80, 0.021114483174616255)	(85, 0.02828474139847162)	(90, 0.03933351082197378)	(95, 0.05687369745405506)	(100, 0.08460101288586035)	(105, 0.1268448740180078)	(110, 0.18955552094649936)	(115, 0.28078787172892794)	(120, 0.4071475369095542)	(125, 0.5757050248024089)	(130, 0.7950523683641402)	(135, 1.0727850041672669)	(140, 1.266343159504371)
NG-13640_TK_6_lib259820_5981_7_1 - polya	(1, 0.006517595917944822)	(2, 0.014558521906738935)	(3, 0.018580113293781064)	(4, 0.02524440025558545)	(5, 0.02826849254438256)	(6, 0.031012743457201432)	(7, 0.03554211153452666)	(8, 0.042012314961378396)	(9, 0.05285391149524506)	(10, 0.06910682779782644)	(15, 0.08877922517203869)	(20, 0.11043172595982602)	(25, 0.13798481756723197)	(30, 0.16145041965712345)	(35, 0.17947897462599255)	(40, 0.1963493473839582)	(45, 0.21569496224815715)	(50, 0.23373164164407076)	(55, 0.25352184321042875)	(60, 0.2693843356578146)	(65, 0.29112710785720786)	(70, 0.3115415362348205)	(75, 0.3306989352058212)	(80, 0.34717707868035924)	(85, 0.3629772838537371)	(90, 0.3786276384838492)	(95, 0.3976708441191685)	(100, 0.41541549549853707)	(105, 0.4326090399100518)	(110, 0.4480070859447253)	(115, 0.4615500544708982)	(120, 0.47588470327685445)	(125, 0.4905917216556851)	(130, 0.5069656016498184)	(135, 0.5241419944931279)	(140, 0.5336168818552816)
NG-13640_TK_6_lib259820_5981_7_2 - illumina_universal_adapter	(1, 0.00010381212334676655)	(2, 0.00011283926450735494)	(3, 0.00021665138785412148)	(4, 0.0005732234636973632)	(5, 0.0007898748515514846)	(6, 0.0009523633924420757)	(7, 0.001076486583400166)	(8, 0.0012186640566794334)	(9, 0.001369868671119289)	(10, 0.0019363217789462109)	(15, 0.002912155738405816)	(20, 0.004022945458216218)	(25, 0.005703347785259749)	(30, 0.007843682954435256)	(35, 0.010375344692922273)	(40, 0.01330961692717153)	(45, 0.016458735121042796)	(50, 0.019971647103685767)	(55, 0.023769365389945306)	(60, 0.027943966819659403)	(65, 0.032430907333529865)	(70, 0.03758585629328388)	(75, 0.04365841415201169)	(80, 0.05120555551932161)	(85, 0.06114895150770973)	(90, 0.07501779982977971)	(95, 0.09542320106623174)	(100, 0.12569165673474267)	(105, 0.17054661844759034)	(110, 0.23566706070890095)	(115, 0.32925323854895294)	(120, 0.4581016865475534)	(125, 0.6293203756545496)	(130, 0.8509484264305034)	(135, 1.1302770607908221)	(140, 1.32447117822269)
NG-13640_TK_6_lib259820_5981_7_2 - polya	(1, 0.022705516804169962)	(2, 0.0294826430304817)	(3, 0.03180036152346277)	(4, 0.036329729600787994)	(5, 0.03888892411981481)	(6, 0.04120664261279588)	(7, 0.043603348590932095)	(8, 0.050660316193222074)	(9, 0.06048635934652254)	(10, 0.07488374678354498)	(15, 0.10380264484854793)	(20, 0.12959273578729097)	(25, 0.15201209221667025)	(30, 0.17234527632383756)	(35, 0.1919034803623684)	(40, 0.21421044888429835)	(45, 0.23938172929648305)	(50, 0.2658271906834848)	(55, 0.2980084975639244)	(60, 0.3210899947974329)	(65, 0.34758149460435356)	(70, 0.38426328271040455)	(75, 0.41482015553899626)	(80, 0.44335855960408044)	(85, 0.4837338025159861)	(90, 0.5132737678928375)	(95, 0.5427582163515513)	(100, 0.5661908693762067)	(105, 0.5902120920045324)	(110, 0.6156225916574727)	(115, 0.6426818986433945)	(120, 0.6703974787916909)	(125, 0.7003563035183937)	(130, 0.7309953233315468)	(135, 0.7632398202001105)	(140, 0.7798456977220709)
NG-13640_U2946_lib236385_5767_8_1 - illumina_universal_adapter	(1, 0.0001249004450442028)	(2, 0.0001249004450442028)	(3, 0.00013818772643188395)	(4, 0.0002152539584804346)	(5, 0.00026043071519855053)	(6, 0.0002976351030840577)	(7, 0.00032686712213695626)	(8, 0.00036938642257753593)	(9, 0.000393303529075362)	(10, 0.0005240503779301445)	(15, 0.0007106038086131879)	(20, 0.0008828069753975355)	(25, 0.0011033758464330423)	(30, 0.0014754197252881147)	(35, 0.0023507858231085485)	(40, 0.0031081608622063744)	(45, 0.0036290222926034753)	(50, 0.0041939974972076775)	(55, 0.004951372536305504)	(60, 0.00585915960071188)	(65, 0.007085841418422603)	(70, 0.008780767032235211)	(75, 0.01160989498530028)	(80, 0.016705833143103754)	(85, 0.026040945554833023)	(90, 0.04320758161646156)	(95, 0.07424667093808472)	(100, 0.1295366432659925)	(105, 0.22463903107018157)	(110, 0.3757101055355611)	(115, 0.6032532048258343)	(120, 0.9266353388004296)	(125, 1.3667488972220814)	(130, 1.9380137693439565)	(135, 2.6482093926729147)	(140, 3.1378659084766745)
NG-13640_U2946_lib236385_5767_8_1 - polya	(1, 0.0030587321754442006)	(2, 0.008921080723689124)	(3, 0.012668094075015207)	(4, 0.01879884570729129)	(5, 0.021908069552008677)	(6, 0.024926939883289836)	(7, 0.029412726079770992)	(8, 0.03561257157526301)	(9, 0.04588895500049561)	(10, 0.06447786166186155)	(15, 0.08368861309217095)	(20, 0.10483027225373817)	(25, 0.13403040183130627)	(30, 0.1594048573517332)	(35, 0.17780986803869364)	(40, 0.19376523552902117)	(45, 0.21136237950761058)	(50, 0.22777536096892978)	(55, 0.24473896737095457)	(60, 0.2590727550407295)	(65, 0.27659708471731437)	(70, 0.29458593775121267)	(75, 0.311847710747577)	(80, 0.3268410790654364)	(85, 0.341220574983185)	(90, 0.3569479327248999)	(95, 0.37717702140076115)	(100, 0.39631230107278853)	(105, 0.4153519123188246)	(110, 0.43321905385521176)	(115, 0.4474720548541494)	(120, 0.4618632435795192)	(125, 0.47640218687391994)	(130, 0.4929076478136974)	(135, 0.5103251477479254)	(140, 0.5200216742133996)
NG-13640_U2946_lib236385_5767_8_2 - illumina_universal_adapter	(1, 0.00013553027015434773)	(2, 0.00013553027015434773)	(3, 0.0001514750078195651)	(4, 0.00023119869614565198)	(5, 0.0002763754528637679)	(6, 0.0003109223844717389)	(7, 0.0003507842286347823)	(8, 0.0003986184416304345)	(9, 0.0004305079169608692)	(10, 0.0005958016974236227)	(15, 0.0009115075031949268)	(20, 0.0013972905107285495)	(25, 0.002346002401808984)	(30, 0.003897425376634635)	(35, 0.006122247772187966)	(40, 0.008376833678049703)	(45, 0.01061015993369115)	(50, 0.013067775499156655)	(55, 0.015738519058080568)	(60, 0.01856924148491216)	(65, 0.021745433227823463)	(70, 0.025382959380515054)	(75, 0.030135554187260848)	(80, 0.037192695077886063)	(85, 0.0483965307439788)	(90, 0.06750842480076386)	(95, 0.10031047061690454)	(100, 0.15699879643805192)	(105, 0.2530387348169557)	(110, 0.404604096149957)	(115, 0.6324756570361337)	(120, 0.9558981843461474)	(125, 1.3956083409048692)	(130, 1.9641009546380186)	(135, 2.6692670762161117)	(140, 3.155832970369097)
NG-13640_U2946_lib236385_5767_8_2 - polya	(1, 0.012521933979750715)	(2, 0.018485265866542016)	(3, 0.020523534831412303)	(4, 0.024977431552563024)	(5, 0.027557821598050702)	(6, 0.029697073901467367)	(7, 0.032030320513144174)	(8, 0.03892110464079562)	(9, 0.04813716301129126)	(10, 0.06289986412426053)	(15, 0.08759294785512718)	(20, 0.11121773416242427)	(25, 0.12987786065202817)	(30, 0.14655871370612308)	(35, 0.1634909621240729)	(40, 0.18205116825764145)	(45, 0.20253165229735764)	(50, 0.2248978673116136)	(55, 0.25102066251979477)	(60, 0.27119925952638285)	(65, 0.29338211005748877)	(70, 0.3199396651126748)	(75, 0.3439205505611618)	(80, 0.3656952158080381)	(85, 0.3970170584775911)	(90, 0.4208087330391175)	(95, 0.44487837752727416)	(100, 0.4637006088498078)	(105, 0.48292730501778236)	(110, 0.5036804440715738)	(115, 0.5246855099804757)	(120, 0.5455231561438928)	(125, 0.5681795653836558)	(130, 0.5913945719329566)	(135, 0.6157836426656732)	(140, 0.6283209898918336)
NG-13640_UT_7_lib259813_5981_7_1 - illumina_universal_adapter	(1, 2.2063256459432015e-05)	(2, 3.585279174657702e-05)	(3, 4.964232703372203e-05)	(4, 9.376883995258606e-05)	(5, 0.00012686372464173408)	(6, 0.00013513744581402108)	(7, 0.0001516848881585951)	(8, 0.0001654744234457401)	(9, 0.0001875376799051721)	(10, 0.0002813065198577582)	(15, 0.00048759796775344757)	(20, 0.0008532964435685332)	(25, 0.0012123759424457893)	(30, 0.0016883907005580349)	(35, 0.0022945786717809297)	(40, 0.0031202960447751726)	(45, 0.004002826303152454)	(50, 0.005226233873827958)	(55, 0.006760181779169969)	(60, 0.008676927184083126)	(65, 0.011370299216368288)	(70, 0.015266118725692496)	(75, 0.021014700196197507)	(80, 0.030281267909158954)	(85, 0.04423021022422337)	(90, 0.06665585567100155)	(95, 0.10014456948795043)	(100, 0.15264519139599186)	(105, 0.22821570583942696)	(110, 0.3387906798185738)	(115, 0.4941943298534063)	(120, 0.7005696181236415)	(125, 0.9778236693512135)	(130, 1.3128746271999137)	(135, 1.7516455052458153)	(140, 2.0270285923256273)
NG-13640_UT_7_lib259813_5981_7_1 - polya	(1, 0.008215805124080997)	(2, 0.014567265077339988)	(3, 0.018064291226159962)	(4, 0.022041193202972584)	(5, 0.024741184212195576)	(6, 0.027044036605148793)	(7, 0.03144289836174805)	(8, 0.03679875386727517)	(9, 0.0446753364232924)	(10, 0.05815488295718239)	(15, 0.0734480291720377)	(20, 0.08787298624521434)	(25, 0.10612702147692543)	(30, 0.12293425866630922)	(35, 0.1360254918865132)	(40, 0.14745867138379093)	(45, 0.16058851530279888)	(50, 0.17276522654275944)	(55, 0.1862751100542811)	(60, 0.19785776811407146)	(65, 0.22108706767738445)	(70, 0.23705204005142946)	(75, 0.25016533652809286)	(80, 0.2615499768611597)	(85, 0.2723284292230038)	(90, 0.283588412157075)	(95, 0.2963944777875408)	(100, 0.3092060592321214)	(105, 0.3215532091282311)	(110, 0.3331667557470646)	(115, 0.3437350555911326)	(120, 0.35438829897256935)	(125, 0.3652721033840071)	(130, 0.3781476682723201)	(135, 0.39151579536109)	(140, 0.3996069430861752)
NG-13640_UT_7_lib259813_5981_7_2 - illumina_universal_adapter	(1, 2.7579070574290018e-05)	(2, 3.585279174657702e-05)	(3, 5.5158141148580037e-05)	(4, 9.101093289515706e-05)	(5, 0.00012686372464173408)	(6, 0.0001461690740437371)	(7, 0.00017650605167545612)	(8, 0.00019856930813488813)	(9, 0.00024269582105375216)	(10, 0.0003712142899299436)	(15, 0.0007104368579937109)	(20, 0.0013629576677814128)	(25, 0.0024142718380733485)	(30, 0.003893613183678265)	(35, 0.0056321977926815075)	(40, 0.007761853622428183)	(45, 0.009976452989543671)	(50, 0.012672031347474777)	(55, 0.01577688311272835)	(60, 0.019353888566213763)	(65, 0.023757714555516393)	(70, 0.02933365104422635)	(75, 0.03682743610067244)	(80, 0.047920841448474846)	(85, 0.0637561921908207)	(90, 0.08803184169172225)	(95, 0.12356085514975712)	(100, 0.1781194273040521)	(105, 0.2558615177645067)	(110, 0.36845307338404576)	(115, 0.5260895249725726)	(120, 0.7359204707857663)	(125, 1.0171348765478065)	(130, 1.3561996923278887)	(135, 1.7977908061307173)	(140, 2.0745749099957034)
NG-13640_UT_7_lib259813_5981_7_2 - polya	(1, 0.019680424761813357)	(2, 0.02661104519713244)	(3, 0.02898008735946395)	(4, 0.031296729287704314)	(5, 0.033718171684126975)	(6, 0.03536740010446952)	(7, 0.03766197877625045)	(8, 0.04286339148656155)	(9, 0.051457029877510316)	(10, 0.0625322330387337)	(15, 0.08346529918603132)	(20, 0.1039212474123937)	(25, 0.12046427710567582)	(30, 0.13623785072993527)	(35, 0.15072513650260982)	(40, 0.16624387951476277)	(45, 0.18444937558226313)	(50, 0.20335593162376192)	(55, 0.22661281025764918)	(60, 0.24373665517722584)	(65, 0.2625395139133653)	(70, 0.30244808377859744)	(75, 0.3253078237962149)	(80, 0.34651171641655204)	(85, 0.37265667532097896)	(90, 0.39309056029088196)	(95, 0.41539375466431033)	(100, 0.43427659270511515)	(105, 0.4524423749109886)	(110, 0.47395239521470034)	(115, 0.49591029962453853)	(120, 0.5191042979775166)	(125, 0.5415503519365196)	(130, 0.5644205720009554)	(135, 0.5891656172830314)	(140, 0.6022469220378286)
NG-13640_U_266_lib241213_5808_7_1 - illumina_universal_adapter	(1, 0.000167593730983896)	(2, 0.0001725965289237138)	(3, 0.00020511471553252944)	(4, 0.00032518186608815645)	(5, 0.00042773922385442117)	(6, 0.000480268602222508)	(7, 0.0005428035764702304)	(8, 0.0005953329548383172)	(9, 0.0006303525404170418)	(10, 0.0008489748103870792)	(15, 0.0011276306556349304)	(20, 0.001424296573466125)	(25, 0.0017544812374940995)	(30, 0.0021602081504133223)	(35, 0.0029411449088188797)	(40, 0.0038056283928193943)	(45, 0.00464809956588471)	(50, 0.005457051992753247)	(55, 0.006496133124853402)	(60, 0.007863898081599586)	(65, 0.009750453184704876)	(70, 0.012651575710005214)	(75, 0.017157595814399098)	(80, 0.024260068049558416)	(85, 0.03585905507302597)	(90, 0.05467057588632882)	(95, 0.08552633273974301)	(100, 0.13453824387634394)	(105, 0.21014202718225233)	(110, 0.32161837311562425)	(115, 0.4794481433603779)	(120, 0.6913616612931197)	(125, 0.9634968597062123)	(130, 1.3082606774904035)	(135, 1.7296138297746473)	(140, 2.022488627327048)
NG-13640_U_266_lib241213_5808_7_1 - polya	(1, 0.0029141297999438634)	(2, 0.00847473971005134)	(3, 0.01187163951118762)	(4, 0.01690445423864432)	(5, 0.020123754712917066)	(6, 0.02326551181912264)	(7, 0.027900604110363825)	(8, 0.03475193588894429)	(9, 0.04438732472103336)	(10, 0.06116871013035815)	(15, 0.08058556949437898)	(20, 0.10275346744550558)	(25, 0.1322249501089722)	(30, 0.1586812464541106)	(35, 0.1764131634720008)	(40, 0.1911459031249702)	(45, 0.20809088002692708)	(50, 0.22327387149448005)	(55, 0.23972107000142504)	(60, 0.254137132544804)	(65, 0.2748352084612121)	(70, 0.2943716346959946)	(75, 0.31213156738234776)	(80, 0.32779082521377145)	(85, 0.34322595769749126)	(90, 0.35899477680379693)	(95, 0.3791215331954779)	(100, 0.3993253326754321)	(105, 0.41917843601980503)	(110, 0.4373365914221676)	(115, 0.4518877295099217)	(120, 0.46644987375314334)	(125, 0.4817489301329001)	(130, 0.49877345152210006)	(135, 0.5171477277954628)	(140, 0.5275425413548163)
NG-13640_U_266_lib241213_5808_7_2 - illumina_universal_adapter	(1, 0.000167593730983896)	(2, 0.0001725965289237138)	(3, 0.00020761611450243836)	(4, 0.000335187461967792)	(5, 0.00044274761767387457)	(6, 0.0005052825919215969)	(7, 0.0005753217630790461)	(8, 0.0006453609342364951)	(9, 0.0006903861156948553)	(10, 0.0009470296500075079)	(15, 0.0013627621588063665)	(20, 0.001982108543755809)	(25, 0.0031182439558884293)	(30, 0.004692124187755106)	(35, 0.006968397250372202)	(40, 0.009444782230582007)	(45, 0.012086759822599786)	(50, 0.014862812399404676)	(55, 0.01793653145362873)	(60, 0.021507028343276686)	(65, 0.025693869939110194)	(70, 0.030816735029483615)	(75, 0.037646054497128885)	(80, 0.047130358831435445)	(85, 0.06090756407789967)	(90, 0.08156261593202538)	(95, 0.11403977959773452)	(100, 0.16414480208418564)	(105, 0.2398106200845478)	(110, 0.34927183900776104)	(115, 0.5033950362589037)	(120, 0.7096744031518227)	(125, 0.9728480896153198)	(130, 1.3046356501032115)	(135, 1.7074284220307312)	(140, 1.9854103903960887)
NG-13640_U_266_lib241213_5808_7_2 - polya	(1, 0.014998388223573739)	(2, 0.02095171777195691)	(3, 0.02308040829534938)	(4, 0.027110162035872614)	(5, 0.029559031627413423)	(6, 0.03159016759097945)	(7, 0.033826418270078)	(8, 0.039969854140174246)	(9, 0.04830701690688059)	(10, 0.06118571964335353)	(15, 0.08372782688037853)	(20, 0.1052898860009932)	(25, 0.12354409512380035)	(30, 0.13992425613835177)	(35, 0.15541141772064568)	(40, 0.17212776675675287)	(45, 0.19126046719779205)	(50, 0.21141073673979016)	(55, 0.23508447687080194)	(60, 0.2535232892375884)	(65, 0.27323981619820426)	(70, 0.30512915110598476)	(75, 0.32782934675790804)	(80, 0.3484408742699573)	(85, 0.376921302661546)	(90, 0.39870848768945255)	(95, 0.4213221349370169)	(100, 0.43985049738692605)	(105, 0.45768597232217056)	(110, 0.47664857763325585)	(115, 0.4970624946266823)	(120, 0.5182243299121116)	(125, 0.5404382536042845)	(130, 0.5622119310777535)	(135, 0.5855870041717581)	(140, 0.5982120650526823)
NG-13640_U_2932_lib241205_5808_6_1 - illumina_universal_adapter	(1, 0.0002999266275146794)	(2, 0.0002999266275146794)	(3, 0.0003260072038203037)	(4, 0.00046162620060955)	(5, 0.0005581243329403599)	(6, 0.0006207177160738582)	(7, 0.0006546224652711698)	(8, 0.000685919156837919)	(9, 0.0007276480789269179)	(10, 0.0008982150479657008)	(15, 0.001162672091704731)	(20, 0.001425564300865424)	(25, 0.001696280682917804)	(30, 0.002008725987059183)	(35, 0.0027619330307656125)	(40, 0.0035041862324236795)	(45, 0.004135857790545901)	(50, 0.004864027480998931)	(55, 0.005801885004949181)	(60, 0.00695777614681445)	(65, 0.008436023211817235)	(70, 0.010620010671650214)	(75, 0.013796624865675252)	(80, 0.01866221718125252)	(85, 0.02581611926188527)	(90, 0.036821600851332605)	(95, 0.05358723852364013)	(100, 0.07841281749743778)	(105, 0.11451563766578739)	(110, 0.16460755735294774)	(115, 0.23142703707100937)	(120, 0.3188042702562163)	(125, 0.42810118460324836)	(130, 0.56406966111499)	(135, 0.7303667182010162)	(140, 0.845589661096212)
NG-13640_U_2932_lib241205_5808_6_1 - polya	(1, 0.0030827241193247916)	(2, 0.008210165421010529)	(3, 0.011462413286321877)	(4, 0.016605502933790987)	(5, 0.020076827640069583)	(6, 0.023978481855390976)	(7, 0.0291972051741464)	(8, 0.036087693434092336)	(9, 0.04607394610151588)	(10, 0.06291156616442692)	(15, 0.08064479321767311)	(20, 0.0989930002602059)	(25, 0.12398340847625511)	(30, 0.14588222517703558)	(35, 0.16149510137663453)	(40, 0.17583315900641455)	(45, 0.1922988700512074)	(50, 0.2076723265603207)	(55, 0.22405405814940943)	(60, 0.23788719582191256)	(65, 0.26079428760266843)	(70, 0.27914614592588405)	(75, 0.2954021691371797)	(80, 0.3098069930423021)	(85, 0.32356032415131003)	(90, 0.33819935163165693)	(95, 0.3558976307126536)	(100, 0.3738848825791165)	(105, 0.39191177692156404)	(110, 0.4077682457038575)	(115, 0.421343707282461)	(120, 0.43509286549926013)	(125, 0.4490058097352584)	(130, 0.4657135485281675)	(135, 0.48316093246510405)	(140, 0.4931002400951774)
NG-13640_U_2932_lib241205_5808_6_2 - illumina_universal_adapter	(1, 0.00030514274277580424)	(2, 0.00030514274277580424)	(3, 0.00033383137671199096)	(4, 0.0004746664887623622)	(5, 0.0005711646210931721)	(6, 0.0006441902347489201)	(7, 0.000685919156837919)	(8, 0.0007250400212963553)	(9, 0.0007850253467992913)	(10, 0.0010061886338709855)	(15, 0.001439647812070461)	(20, 0.0019596945036046095)	(25, 0.0028746011204059097)	(30, 0.004217750800145561)	(35, 0.006135194770135059)	(40, 0.008295709711292978)	(45, 0.010423363126305806)	(50, 0.012814430362005441)	(55, 0.01563061099148675)	(60, 0.018755585644426653)	(65, 0.022247253200223638)	(70, 0.026479609123100344)	(75, 0.031638868727878945)	(80, 0.03843233724396796)	(85, 0.0475454122166792)	(90, 0.060470945833746605)	(95, 0.07904709711319055)	(100, 0.10561120730352114)	(105, 0.14344473451551196)	(110, 0.19444008536589916)	(115, 0.2605945103881674)	(120, 0.3457001253771545)	(125, 0.4513118542922017)	(130, 0.5803376813913863)	(135, 0.7365874572614336)	(140, 0.8448020276917821)
NG-13640_U_2932_lib241205_5808_6_2 - polya	(1, 0.014208697971304116)	(2, 0.019242249198289603)	(3, 0.02120350853647255)	(4, 0.024664401012228894)	(5, 0.027228121663071765)	(6, 0.029332824170935645)	(7, 0.03152620063823865)	(8, 0.03696139274033075)	(9, 0.04442565367900042)	(10, 0.056329871927939576)	(15, 0.07706705976006756)	(20, 0.09646683563924315)	(25, 0.11258411018459284)	(30, 0.1267912433213186)	(35, 0.14050128067365922)	(40, 0.15571042955204706)	(45, 0.1727525213331942)	(50, 0.19101987858917954)	(55, 0.21130169955901135)	(60, 0.22780392341063208)	(65, 0.24566285884167138)	(70, 0.2799191742075828)	(75, 0.29967260270146256)	(80, 0.31765516006419053)	(85, 0.34160756134327597)	(90, 0.36069332708373175)	(95, 0.379975740369532)	(100, 0.39564912350616)	(105, 0.4117058911144806)	(110, 0.427983822009873)	(115, 0.44484282814535464)	(120, 0.4615531749958942)	(125, 0.47991911683031485)	(130, 0.4986199332644997)	(135, 0.5193513833698404)	(140, 0.5308779548738742)
NG-13640_U_2940_lib248378_5885_5_1 - illumina_universal_adapter	(1, 0.00025158916149265365)	(2, 0.00025448099093509794)	(3, 0.00029496660312931805)	(4, 0.00037882965696020256)	(5, 0.0004771518580033086)	(6, 0.0005089619818701959)	(7, 0.0005523394235068602)	(8, 0.0005696904001615261)	(9, 0.0006101760123557461)	(10, 0.0007593944115858717)	(15, 0.0009826436445425713)	(20, 0.001196639023283449)	(25, 0.0014453363553336583)	(30, 0.0016998173462687565)	(35, 0.0021457374462936665)	(40, 0.002781361557742923)	(45, 0.0034343366458468444)	(50, 0.004163077665342806)	(55, 0.0052960964408924815)	(60, 0.007073414816218744)	(65, 0.009767443124799848)	(70, 0.014326701423757523)	(75, 0.022279810756367823)	(80, 0.035101604138277336)	(85, 0.055972515590286306)	(90, 0.08755881185832837)	(95, 0.13290443261352033)	(100, 0.194024982977246)	(105, 0.2739557271322948)	(110, 0.3748013385468777)	(115, 0.4976705446292279)	(120, 0.6464152621966811)	(125, 0.8245750904867892)	(130, 1.03775786515434)	(135, 1.2902203591386119)	(140, 1.460570512836455)
NG-13640_U_2940_lib248378_5885_5_1 - polya	(1, 0.007246924582765402)	(2, 0.012643078322366455)	(3, 0.015589852524217192)	(4, 0.020977330775490913)	(5, 0.023637813862539665)	(6, 0.02851922196138563)	(7, 0.03381705349994358)	(8, 0.04144859139855407)	(9, 0.050875955380922475)	(10, 0.06845596492742984)	(15, 0.0867305919060123)	(20, 0.1050086890799257)	(25, 0.12990329201815168)	(30, 0.15194712949201603)	(35, 0.16734438617536646)	(40, 0.18102273943812794)	(45, 0.19626904262458272)	(50, 0.21047428721175762)	(55, 0.22613874893558986)	(60, 0.23972051509497377)	(65, 0.26297198054400284)	(70, 0.2831384423438324)	(75, 0.2992413054111392)	(80, 0.31326147291399764)	(85, 0.3264245021701156)	(90, 0.3406997290297976)	(95, 0.3580819374424417)	(100, 0.3750720137826905)	(105, 0.3927410916760251)	(110, 0.408712665686645)	(115, 0.4217582866673997)	(120, 0.43468360754334867)	(125, 0.4493897169899549)	(130, 0.4666568305907898)	(135, 0.4853235896417677)	(140, 0.4957781314420923)
NG-13640_U_2940_lib248378_5885_5_2 - illumina_universal_adapter	(1, 0.0002573728203775422)	(2, 0.0002631564792624308)	(3, 0.0003036420914566509)	(4, 0.00039618063361486835)	(5, 0.0004973946641004187)	(6, 0.0005292047879673059)	(7, 0.0005725822296039704)	(8, 0.0005957168651435247)	(9, 0.0006390943067801891)	(10, 0.000815495902769291)	(15, 0.0010693985278159)	(20, 0.0014279853786789928)	(25, 0.0020329560980383394)	(30, 0.002943882372408292)	(35, 0.004182163739662939)	(40, 0.005772669933007302)	(45, 0.007442412253074636)	(50, 0.009242865263940454)	(55, 0.011628624553956999)	(60, 0.01486689516360612)	(65, 0.01906814497758919)	(70, 0.025161807978707807)	(75, 0.034783502899608465)	(80, 0.049307427091340686)	(85, 0.07184056210686664)	(90, 0.10498613281027465)	(95, 0.15221491289838637)	(100, 0.21492654782134485)	(105, 0.2964518467309574)	(110, 0.39859588956519787)	(115, 0.5232649702925254)	(120, 0.6740345468355781)	(125, 0.8540509296277353)	(130, 1.068085058883142)	(135, 1.321288439570568)	(140, 1.4917907034970836)
NG-13640_U_2940_lib248378_5885_5_2 - polya	(1, 0.01723241164752555)	(2, 0.022562053309950387)	(3, 0.02474538453899583)	(4, 0.02854524842636763)	(5, 0.031228866148955935)	(6, 0.033536546044026484)	(7, 0.036000384728989025)	(8, 0.042278546448535584)	(9, 0.05109573441854824)	(10, 0.06390885231213042)	(15, 0.08791971217274538)	(20, 0.10952688340080068)	(25, 0.1267882133427507)	(30, 0.14164527628625248)	(35, 0.15621778321261778)	(40, 0.1722518207391944)	(45, 0.19031418743670145)	(50, 0.2093279660207727)	(55, 0.23136544146986368)	(60, 0.24840525727652246)	(65, 0.26805870853326236)	(70, 0.30290583168060464)	(75, 0.32392422643417823)	(80, 0.3423804603017462)	(85, 0.3672629175563139)	(90, 0.3873825317191758)	(95, 0.4078520572445735)	(100, 0.42405902617180835)	(105, 0.44032903698088843)	(110, 0.45725144451218397)	(115, 0.4753381025770075)	(120, 0.4937399700510576)	(125, 0.514008224247261)	(130, 0.5360156246701507)	(135, 0.560191318808985)	(140, 0.5736550983271171)
NG-13640_U_937_lib248395_5885_6_1 - illumina_universal_adapter	(1, 9.160009360451919e-05)	(2, 9.160009360451919e-05)	(3, 0.00011584717720571544)	(4, 0.00018050606680890545)	(5, 0.00022361199321103213)	(6, 0.0002559414380126271)	(7, 0.0002828826420139563)	(8, 0.00030712972561515255)	(9, 0.0003206003276158171)	(10, 0.0004590781161826491)	(15, 0.000616953571630438)	(20, 0.00077590667523828)	(25, 0.0009952080758090995)	(30, 0.001223669485740371)	(35, 0.0015927639805585804)	(40, 0.002098180967623516)	(45, 0.002592282649007893)	(50, 0.0031580479330358055)	(55, 0.003966284053075681)	(60, 0.005062252231849751)	(65, 0.006639390314087561)	(70, 0.009095350470848728)	(75, 0.01362308921531211)	(80, 0.02135521476369358)	(85, 0.03501386636828744)	(90, 0.05884120601114299)	(95, 0.09894911523200176)	(100, 0.16270439685298718)	(105, 0.26260453658623584)	(110, 0.4089087449154539)	(115, 0.6146263904288032)	(120, 0.891173538909807)	(125, 1.2499673337901485)	(130, 1.7023931278807893)	(135, 2.2569961322668712)	(140, 2.641717064229932)
NG-13640_U_937_lib248395_5885_6_1 - polya	(1, 0.0070882307727497046)	(2, 0.012840177827033483)	(3, 0.01645029916321159)	(4, 0.021501774913460812)	(5, 0.024527272122810077)	(6, 0.026593662469712023)	(7, 0.03044086640110183)	(8, 0.03592070729497218)	(9, 0.0446954574382051)	(10, 0.0589527425957085)	(15, 0.07540627470340025)	(20, 0.09353986029261488)	(25, 0.11710371496033742)	(30, 0.1373721215546174)	(35, 0.15206854833734246)	(40, 0.16502618981382172)	(45, 0.18095382961940754)	(50, 0.19568797408773447)	(55, 0.2118112070343699)	(60, 0.2250646629307838)	(65, 0.24330493568784367)	(70, 0.25952515696888395)	(75, 0.27392469168351435)	(80, 0.28664417291662186)	(85, 0.299517757836617)	(90, 0.31320712241377235)	(95, 0.3293599906848093)	(100, 0.3457159956340162)	(105, 0.3620978641390645)	(110, 0.37659330953993964)	(115, 0.3880147635642631)	(120, 0.39974334731420175)	(125, 0.41197680922712526)	(130, 0.4259937788449368)	(135, 0.4409811706308762)	(140, 0.4497214360329875)
NG-13640_U_937_lib248395_5885_6_2 - illumina_universal_adapter	(1, 8.621185280425335e-05)	(2, 8.621185280425335e-05)	(3, 0.00010507069560518377)	(4, 0.0001751178260086396)	(5, 0.00021552963201063337)	(6, 0.0002505531972123613)	(7, 0.00027480028081355753)	(8, 0.0002990473644147538)	(9, 0.0003098238460152855)	(10, 0.0004741651904233934)	(15, 0.0007042430725947446)	(20, 0.001004906909249578)	(25, 0.0016283263698403348)	(30, 0.0024548825086011137)	(35, 0.003582102484016727)	(40, 0.004967419193765072)	(45, 0.006391531237275333)	(50, 0.008014469366315401)	(55, 0.00996878430457182)	(60, 0.01225393722796456)	(65, 0.015045045962502262)	(70, 0.018702044993642686)	(75, 0.02454936391009117)	(80, 0.03366734499230101)	(85, 0.048555054323435515)	(90, 0.07365078585067364)	(95, 0.11500822811311404)	(100, 0.1801790005923293)	(105, 0.2813286733671596)	(110, 0.4290268195914065)	(115, 0.636877669637581)	(120, 0.9157428393108592)	(125, 1.2768045447440324)	(130, 1.7317746661405589)	(135, 2.286048987837824)	(140, 2.668270314893642)
NG-13640_U_937_lib248395_5885_6_2 - polya	(1, 0.01335475482345887)	(2, 0.01858404252011686)	(3, 0.02067737407102014)	(4, 0.02435484841720157)	(5, 0.027038192335733957)	(6, 0.028837864763022743)	(7, 0.03114133770513639)	(8, 0.03772037972226097)	(9, 0.046864224360312096)	(10, 0.060383859352259095)	(15, 0.0859780031535218)	(20, 0.10940445768083758)	(25, 0.12856234784618276)	(30, 0.1454237697824546)	(35, 0.16248832839689653)	(40, 0.1813530982627072)	(45, 0.20249655516295037)	(50, 0.22523008192335192)	(55, 0.2519735374873114)	(60, 0.27237395598119785)	(65, 0.2953063088271292)	(70, 0.3277160384166482)	(75, 0.3523106635494616)	(80, 0.3744595661830344)	(85, 0.40539453426552063)	(90, 0.430009634713375)	(95, 0.4542755771573721)	(100, 0.473792324160015)	(105, 0.4939033941229273)	(110, 0.5151373734686148)	(115, 0.5366666284101569)	(120, 0.5575589932891077)	(125, 0.5808636735743375)	(130, 0.6057729719698864)	(135, 0.6332988000980444)	(140, 0.6475857205799493)
NG-13640_VAL_lib227478_5697_4_1 - illumina_universal_adapter	(1, 9.769884715055054e-05)	(2, 0.00010380502509745994)	(3, 0.0001312828258585523)	(4, 0.00023508785095601223)	(5, 0.00033278669810656275)	(6, 0.00040606083346947564)	(7, 0.00047933496883238854)	(8, 0.0005281843924076638)	(9, 0.0005831399939298485)	(10, 0.0007602191543902213)	(15, 0.0010411033399480541)	(20, 0.0013012265204863948)	(25, 0.001715225385286853)	(30, 0.002220206301496261)	(35, 0.003249707903345187)	(40, 0.004494757586720016)	(45, 0.00556211749183978)	(50, 0.00684014053612792)	(55, 0.009007833707280758)	(60, 0.012597655722268803)	(65, 0.019453061703263996)	(70, 0.03208674387541956)	(75, 0.05763987734764605)	(80, 0.10611682406815985)	(85, 0.19594419722734946)	(90, 0.35198085786487776)	(95, 0.6078321563115607)	(100, 1.0013044933256878)	(105, 1.5600197754678988)	(110, 2.3087990054745857)	(115, 3.241540279723401)	(120, 4.363404539815074)	(125, 5.640673471126769)	(130, 7.080138975388836)	(135, 8.651415489901861)	(140, 9.64948920447584)
NG-13640_VAL_lib227478_5697_4_1 - polya	(1, 0.004252952940022403)	(2, 0.008118163580416058)	(3, 0.011345278625357681)	(4, 0.016266858050566664)	(5, 0.019240566710711546)	(6, 0.021881488672749864)	(7, 0.026262671349657367)	(8, 0.030820933187025237)	(9, 0.038523876667051454)	(10, 0.05390839200428972)	(15, 0.07172988296013952)	(20, 0.09002216023569602)	(25, 0.11797502164105793)	(30, 0.14360814604438893)	(35, 0.1614052122884511)	(40, 0.17565153605638542)	(45, 0.1911221485026751)	(50, 0.20579773658027717)	(55, 0.22150404749531755)	(60, 0.23540354035586747)	(65, 0.2524605378327642)	(70, 0.2723678991752782)	(75, 0.29086412279426155)	(80, 0.30666019452512144)	(85, 0.3207660762002769)	(90, 0.3361719631603294)	(95, 0.3557056264124926)	(100, 0.374987715133243)	(105, 0.3956412514208695)	(110, 0.4154185511731144)	(115, 0.42891137258240003)	(120, 0.44292444035276246)	(125, 0.4576055239905167)	(130, 0.47697004611355054)	(135, 0.502264277640828)	(140, 0.5195655222356012)
NG-13640_VAL_lib227478_5697_4_2 - illumina_universal_adapter	(1, 0.00010075193612400524)	(2, 0.00010685811407091465)	(3, 0.0001312828258585523)	(4, 0.00023814093992946693)	(5, 0.00033278669810656275)	(6, 0.0004152201003898398)	(7, 0.0004946004136996621)	(8, 0.0005526091041953015)	(9, 0.0006167239726378503)	(10, 0.0008127322847336423)	(15, 0.0011925365530314075)	(20, 0.0017292695945647445)	(25, 0.002736788955804797)	(30, 0.00411495331842225)	(35, 0.0062063192652387226)	(40, 0.008642073648260886)	(45, 0.010929447907173151)	(50, 0.01349343202708041)	(55, 0.01701669670244714)	(60, 0.02213855876431475)	(65, 0.030502801315991257)	(70, 0.04463493955631839)	(75, 0.07140198120439048)	(80, 0.1209749868663745)	(85, 0.2117024106549386)	(90, 0.36851760898069785)	(95, 0.6247938974124857)	(100, 1.018188685966687)	(105, 1.5777307446029094)	(110, 2.328998852740756)	(115, 3.262614531671569)	(120, 4.379262283943198)	(125, 5.653434772418016)	(130, 7.094625882567878)	(135, 8.6644308081957)	(140, 9.659836123006878)
NG-13640_VAL_lib227478_5697_4_2 - polya	(1, 0.010307228374383082)	(2, 0.015253232511379703)	(3, 0.017518624529683093)	(4, 0.021264764700112015)	(5, 0.02389042121728306)	(6, 0.02590851302873662)	(7, 0.028350984207500384)	(8, 0.03419764959166614)	(9, 0.043689703210136814)	(10, 0.05768872677122133)	(15, 0.08029562938406402)	(20, 0.1015353587545937)	(25, 0.11900452324290685)	(30, 0.13535320407796209)	(35, 0.1519381939995627)	(40, 0.17060233751208603)	(45, 0.19111665294252286)	(50, 0.2144782791496036)	(55, 0.239877536937568)	(60, 0.26004074713605757)	(65, 0.28318194031925475)	(70, 0.3102506271579042)	(75, 0.3355112747064738)	(80, 0.3585901848746125)	(85, 0.3908045478691225)	(90, 0.4167057334843228)	(95, 0.44112739218298697)	(100, 0.460363073951341)	(105, 0.479764843759851)	(110, 0.500962440502547)	(115, 0.5225221335974949)	(120, 0.5442741712977701)	(125, 0.5679887345901822)	(130, 0.5940205924134464)	(135, 0.6237711126063784)	(140, 0.6418356294445152)
NG-13640_WSUDLCL2_lib236391_5774_5_1 - illumina_universal_adapter	(1, 5.819551423156752e-05)	(2, 5.819551423156752e-05)	(3, 9.699252371927919e-05)	(4, 0.0002740038795069637)	(5, 0.00042434229127184646)	(6, 0.0005310340673630536)	(7, 0.0006280265910823328)	(8, 0.0007080454231507381)	(9, 0.0007589664981033597)	(10, 0.001015026760722257)	(15, 0.0013768088741951683)	(20, 0.0016585721555996743)	(25, 0.0019514895772318973)	(30, 0.0022827190457332357)	(35, 0.0027861102438362945)	(40, 0.0032953209933625103)	(45, 0.003777373836247328)	(50, 0.00437193800664651)	(55, 0.005137693981410218)	(60, 0.00605912295674337)	(65, 0.007490732606839932)	(70, 0.009933489316709978)	(75, 0.01422443856605089)	(80, 0.022320889483517722)	(85, 0.037584117978602095)	(90, 0.06629293507427154)	(95, 0.11836967594700834)	(100, 0.20828756498620332)	(105, 0.3582098788243303)	(110, 0.5934264480959544)	(115, 0.9381955879458855)	(120, 1.4215209727419)	(125, 2.060278816648534)	(130, 2.869054370420074)	(135, 3.861717564948376)	(140, 4.540200636794715)
NG-13640_WSUDLCL2_lib236391_5774_5_1 - polya	(1, 0.005533423478184878)	(2, 0.011690023921266125)	(3, 0.015368465383319789)	(4, 0.020703054187880144)	(5, 0.023617679525644485)	(6, 0.026796609490543858)	(7, 0.031044882029448287)	(8, 0.037247553921296195)	(9, 0.0468813363397136)	(10, 0.06167900072094543)	(15, 0.07906200082191464)	(20, 0.09888096815609357)	(25, 0.12581676191817456)	(30, 0.14828217026203402)	(35, 0.16396101172125552)	(40, 0.17791338625827385)	(45, 0.19412229185962118)	(50, 0.20970026109417458)	(55, 0.22629665182778047)	(60, 0.24048859789838536)	(65, 0.2594613054631136)	(70, 0.2792540848158883)	(75, 0.295927584605851)	(80, 0.3100395118443875)	(85, 0.324352213607023)	(90, 0.33934192318521894)	(95, 0.3581065817865693)	(100, 0.37558317967292765)	(105, 0.39371205228129813)	(110, 0.4099233826957384)	(115, 0.42340582845533686)	(120, 0.43682328922404334)	(125, 0.4511505398652367)	(130, 0.4681567240115565)	(135, 0.48584913026319027)	(140, 0.4953941645224044)
NG-13640_WSUDLCL2_lib236391_5774_5_2 - illumina_universal_adapter	(1, 5.819551423156752e-05)	(2, 5.819551423156752e-05)	(3, 9.699252371927919e-05)	(4, 0.00028127831878590966)	(5, 0.00042919191745781045)	(6, 0.0005407333197349815)	(7, 0.0006401506565472427)	(8, 0.00072259430170863)	(9, 0.0007735153766612516)	(10, 0.0010465493309310225)	(15, 0.0014694367343470799)	(20, 0.0018515872778010398)	(25, 0.00244760633605601)	(30, 0.003320054086910927)	(35, 0.004496088437007187)	(40, 0.005751656656553256)	(45, 0.007035837670596512)	(50, 0.00850818418065517)	(55, 0.010223012000012027)	(60, 0.012097392520887098)	(65, 0.014549363520510474)	(70, 0.01804642896320908)	(75, 0.02349692383361398)	(80, 0.03278880760592093)	(85, 0.04915823583402368)	(90, 0.07913038055113673)	(95, 0.13256647164379923)	(100, 0.2237345943137357)	(105, 0.37478687105319236)	(110, 0.6112328205629582)	(115, 0.957348216642113)	(120, 1.442113940415359)	(125, 2.0821889427941)	(130, 2.8915289930536865)	(135, 3.882589871090146)	(140, 4.5595336715850605)
NG-13640_WSUDLCL2_lib236391_5774_5_2 - polya	(1, 0.011956753361494142)	(2, 0.01637476281690731)	(3, 0.018161850066435028)	(4, 0.021600235032283477)	(5, 0.023789841255246205)	(6, 0.02564239845828444)	(7, 0.027747136222992796)	(8, 0.03363458241275304)	(9, 0.04185227398486897)	(10, 0.053454519672169146)	(15, 0.07545872856574343)	(20, 0.0955371509008714)	(25, 0.11240754551398424)	(30, 0.12763973640147844)	(35, 0.1425809497178148)	(40, 0.16025007776375588)	(45, 0.17991773676093273)	(50, 0.20061254658429672)	(55, 0.22519724157142243)	(60, 0.24352543381603603)	(65, 0.2639113224513541)	(70, 0.290139555752903)	(75, 0.3129327988269336)	(80, 0.3337410899030492)	(85, 0.36246785061560666)	(90, 0.3846034843788205)	(95, 0.4066852872913703)	(100, 0.42419583256103033)	(105, 0.4421583629912222)	(110, 0.46106123593887266)	(115, 0.4810368461988581)	(120, 0.50099645269243)	(125, 0.5230176352776552)	(130, 0.5457846903702815)	(135, 0.570187039412815)	(140, 0.5829614397492627)
NG-13640_YT_lib248385_5885_5_1 - illumina_universal_adapter	(1, 0.00019726056135946409)	(2, 0.00019726056135946409)	(3, 0.00021756679561705597)	(4, 0.0003103952950803332)	(5, 0.0003771157790695637)	(6, 0.0004264309194094297)	(7, 0.0004641424973163861)	(8, 0.0004960522940068876)	(9, 0.0005221603094809344)	(10, 0.0006579219899459774)	(15, 0.0009114598291050533)	(20, 0.0011475923246147646)	(25, 0.0014405822760457333)	(30, 0.0018409051799811165)	(35, 0.002435587754667736)	(40, 0.003144565419318516)	(45, 0.003882551990051569)	(50, 0.004615316957689814)	(55, 0.005540120883592714)	(60, 0.006761395829656454)	(65, 0.008376611720317478)	(70, 0.010936937771138992)	(75, 0.014969755894696743)	(80, 0.02149211833823526)	(85, 0.03229851603200402)	(90, 0.04982279619630582)	(95, 0.07855959873952822)	(100, 0.12413897215411898)	(105, 0.19411367522765902)	(110, 0.29725484080318465)	(115, 0.43986958524110403)	(120, 0.62922928094)	(125, 0.8711583360630714)	(130, 1.1713842690272027)	(135, 1.534630890098831)	(140, 1.7824464324441176)
NG-13640_YT_lib248385_5885_5_1 - polya	(1, 0.007316046113949536)	(2, 0.011734102510279886)	(3, 0.014930883960546495)	(4, 0.01948818310607176)	(5, 0.02257473071322573)	(6, 0.0259687727248518)	(7, 0.030766845790859945)	(8, 0.03682390538083878)	(9, 0.04561360392376784)	(10, 0.061750098021093644)	(15, 0.07878992945382148)	(20, 0.09512832553747994)	(25, 0.11564632480947241)	(30, 0.13563404127828094)	(35, 0.15041581946156451)	(40, 0.16348549200787232)	(45, 0.17898320999326647)	(50, 0.19359093474005643)	(55, 0.209714664918706)	(60, 0.22533131941903747)	(65, 0.24448764063952805)	(70, 0.26118980840545813)	(75, 0.2750955176250571)	(80, 0.2889577134855326)	(85, 0.3016595531027172)	(90, 0.31522643829927516)	(95, 0.330421883483292)	(100, 0.34762184407759394)	(105, 0.3648189037812878)	(110, 0.3800955739023349)	(115, 0.3927266317886787)	(120, 0.4055781573612478)	(125, 0.4194217875218307)	(130, 0.4357334954118934)	(135, 0.45161123006696535)	(140, 0.4604844742594113)
NG-13640_YT_lib248385_5885_5_2 - illumina_universal_adapter	(1, 0.00020016145196769151)	(2, 0.00020016145196769151)	(3, 0.0002204676862252834)	(4, 0.00031329618568856063)	(5, 0.0003771157790695637)	(6, 0.0004264309194094297)	(7, 0.0004641424973163861)	(8, 0.0004960522940068876)	(9, 0.0005250612000891618)	(10, 0.0006811291148117966)	(15, 0.0009932649442570662)	(20, 0.0014336201385859876)	(25, 0.002281260374310037)	(30, 0.0035245820889963073)	(35, 0.00533241711604363)	(40, 0.007442524944468251)	(45, 0.009618773078760457)	(50, 0.011994602486898705)	(55, 0.014750448564714752)	(60, 0.017837576349990364)	(65, 0.021338951314120853)	(70, 0.02605405890873369)	(75, 0.03223469643862302)	(80, 0.04090951971346627)	(85, 0.05386779806041812)	(90, 0.07358689205890478)	(95, 0.10472563202573948)	(100, 0.15262803863939878)	(105, 0.22465135066046898)	(110, 0.329857370170931)	(115, 0.4750307001253069)	(120, 0.6671630670675466)	(125, 0.9118328836372713)	(130, 1.2135620581145858)	(135, 1.5775954007191655)	(140, 1.8251939564469566)
NG-13640_YT_lib248385_5885_5_2 - polya	(1, 0.037798604625203194)	(2, 0.04486227325623694)	(3, 0.04734543561687961)	(4, 0.05124133170372903)	(5, 0.054852940510972156)	(6, 0.05721716635667749)	(7, 0.05986858037259735)	(8, 0.06531645293484843)	(9, 0.0723714188940575)	(10, 0.08581298561634004)	(15, 0.10652882562781366)	(20, 0.12575592857914494)	(25, 0.14086724793552316)	(30, 0.15397347170349462)	(35, 0.16715569880540165)	(40, 0.18093260848199527)	(45, 0.1951881651089464)	(50, 0.21102528729550318)	(55, 0.22847762537272093)	(60, 0.2429669937826952)	(65, 0.25918065157019987)	(70, 0.2857371447322785)	(75, 0.3032167511812137)	(80, 0.31946347912165207)	(85, 0.3413959526542163)	(90, 0.3597365434356733)	(95, 0.37762633581661176)	(100, 0.39348608494991266)	(105, 0.40908243321598653)	(110, 0.4257265831697522)	(115, 0.4435049813513346)	(120, 0.46139129266354323)	(125, 0.4807477753360014)	(130, 0.4997735564791218)	(135, 0.5208659320915433)	(140, 0.5326093174517695)
NG-29643_BT_474_lib581288_7997_4_1 - illumina_universal_adapter	(1, 0.001542555130166106)	(2, 0.0017566637286749662)	(3, 0.0047030900104275755)	(4, 0.014963271373062383)	(5, 0.02096317823582203)	(6, 0.024739275336796474)	(7, 0.028201508696774975)	(8, 0.03089246449167042)	(9, 0.0332038641346638)	(10, 0.04309081528126157)	(15, 0.055275540978220336)	(20, 0.0636379415813448)	(25, 0.06967288439658773)	(30, 0.07463436455657939)	(35, 0.0785092435791386)	(40, 0.08224349218131359)	(45, 0.08651933821562575)	(50, 0.09154359112381663)	(55, 0.0980700104947276)	(60, 0.10727716684105974)	(65, 0.12109933670616013)	(70, 0.14210387683033046)	(75, 0.1747077502787183)	(80, 0.22395710742981656)	(85, 0.2973155793834636)	(90, 0.4013110453419239)	(95, 0.5451783984472456)	(100, 0.7341448081657516)	(105, 0.9778753312783124)	(110, 1.281521226020871)	(115, 1.653100859407584)	(120, 2.0963406942734073)	(125, 2.6164897975549675)	(130, 3.21844493022225)	(135, 3.905463949245751)	(140, 4.357925052160991)
NG-29643_BT_474_lib581288_7997_4_1 - polya	(1, 0.010058238025404861)	(2, 0.01648636208518223)	(3, 0.02022109729780837)	(4, 0.02547649017029857)	(5, 0.02853726990807296)	(6, 0.03109440782890037)	(7, 0.03498729143815237)	(8, 0.04127429846709436)	(9, 0.05272910848731837)	(10, 0.0717818540919)	(15, 0.09725834426219855)	(20, 0.12746955412224986)	(25, 0.16518283730778097)	(30, 0.1976436472835288)	(35, 0.22221990811918785)	(40, 0.24524485483655994)	(45, 0.2694931402281395)	(50, 0.2923613983802392)	(55, 0.31759166366225267)	(60, 0.34004970920402744)	(65, 0.36531403721762173)	(70, 0.39458365585468524)	(75, 0.4202591696995068)	(80, 0.4427814478208344)	(85, 0.4666779138562277)	(90, 0.4919631661192218)	(95, 0.5193379236594818)	(100, 0.5449599103546763)	(105, 0.570977997957112)	(110, 0.5940457663941859)	(115, 0.6145505575850185)	(120, 0.6345726312083039)	(125, 0.654895430090404)	(130, 0.6778172153921309)	(135, 0.7006299999527987)	(140, 0.7128137524288553)
NG-29643_BT_474_lib581288_7997_4_1 - polyg	(1, 0.0)	(2, 0.0)	(3, 0.00046471298085445776)	(4, 0.0006739554748517529)	(5, 0.0007980411398966605)	(6, 0.0009245598571973506)	(7, 0.001087574358334778)	(8, 0.0013260134794014632)	(9, 0.001591216175281756)	(10, 0.0021187019043354023)	(15, 0.003064672621383639)	(20, 0.003920620404967923)	(25, 0.004802358542463502)	(30, 0.005807695734552832)	(35, 0.00684222955371155)	(40, 0.008080166541453687)	(45, 0.009537078232216247)	(50, 0.011045084020350242)	(55, 0.012790069098197455)	(60, 0.014813395354106182)	(65, 0.017501918096745846)	(70, 0.1514803736136651)	(75, 0.2683890211144654)	(80, 0.29096093350181085)	(85, 0.3075436444563221)	(90, 0.32035317797256574)	(95, 0.32974086679627695)	(100, 0.33764925984847244)	(105, 0.34478248245197557)	(110, 0.35139697831454586)	(115, 0.3587963768348316)	(120, 0.36700111565178134)	(125, 0.376775659784162)	(130, 0.3890961497969934)	(135, 0.40551292658766036)	(140, 0.417884024087412)
NG-29643_BT_474_lib581288_7997_4_2 - illumina_universal_adapter	(1, 0.0015571534437008008)	(2, 0.0017688289899538785)	(3, 0.004722554428473836)	(4, 0.014973003582085514)	(5, 0.020982642653868292)	(6, 0.024749007545819605)	(7, 0.028201508696774975)	(8, 0.030887598387158856)	(9, 0.03321846244819849)	(10, 0.0431453156517911)	(15, 0.05539281409694905)	(20, 0.06385399662165829)	(25, 0.0700835836173638)	(30, 0.07525576610270623)	(35, 0.07939730765249922)	(40, 0.08348240238995804)	(45, 0.08819327816760411)	(50, 0.09371679339868155)	(55, 0.10083395785729651)	(60, 0.11071360984712694)	(65, 0.1252389318141485)	(70, 0.14697922694046744)	(75, 0.1804507268232673)	(80, 0.23067038521397162)	(85, 0.3052239724356591)	(90, 0.4106398543010452)	(95, 0.5561285934296203)	(100, 0.7470438780050082)	(105, 0.9930707158365767)	(110, 1.299496129476141)	(115, 1.6738698800733942)	(120, 2.119823541425318)	(125, 2.6423735806728836)	(130, 3.246535978346614)	(135, 3.934685880058602)	(140, 4.387588825263491)
NG-29643_BT_474_lib581288_7997_4_2 - polya	(1, 0.012505888594722058)	(2, 0.016863485184828518)	(3, 0.018707738794711652)	(4, 0.02219430267724798)	(5, 0.024697913448448173)	(6, 0.026809802806467383)	(7, 0.029152832128785933)	(8, 0.035269525499823144)	(9, 0.04322317332397614)	(10, 0.056742671488457186)	(15, 0.0816449613263911)	(20, 0.10423001219591774)	(25, 0.1237552565485723)	(30, 0.14167663285421506)	(35, 0.15964569698407113)	(40, 0.17884442572399972)	(45, 0.19996721218780106)	(50, 0.2220413220836134)	(55, 0.24826962540094874)	(60, 0.27023814082886016)	(65, 0.29528300752898284)	(70, 0.3218071700006214)	(75, 0.3480598038405146)	(80, 0.37148571756963966)	(85, 0.40417718089923566)	(90, 0.42876268733346673)	(95, 0.45280708294601163)	(100, 0.4722111612963283)	(105, 0.4918162097629725)	(110, 0.5121302496569518)	(115, 0.5339031476834983)	(120, 0.554790901299391)	(125, 0.5767453050242188)	(130, 0.5993147843593085)	(135, 0.6216886462930333)	(140, 0.6327784984748899)
NG-29643_BT_474_lib581288_7997_4_2 - polyg	(1, 0.29004659246408776)	(2, 0.29210738772473555)	(3, 0.2922533708600825)	(4, 0.2924236845179873)	(5, 0.29259156512363627)	(6, 0.2927813431995873)	(7, 0.2930514119999792)	(8, 0.2934650308834622)	(9, 0.29418521435117384)	(10, 0.29548495086621285)	(15, 0.29703237210089045)	(20, 0.29814330376088083)	(25, 0.29920800742801124)	(30, 0.30043037288131635)	(35, 0.30188290507801846)	(40, 0.3035286216238298)	(45, 0.30535876353062935)	(50, 0.30750958172474113)	(55, 0.31766222217767026)	(60, 0.33279483398773524)	(65, 0.34479270127144984)	(70, 0.35437114139201437)	(75, 0.36235009295962756)	(80, 0.3741917582885209)	(85, 0.3884703687568062)	(90, 0.4010799053776245)	(95, 0.4121678111176766)	(100, 0.4234878300429302)	(105, 0.4358472488918542)	(110, 0.4505740275856545)	(115, 0.4697046308624212)	(120, 0.49546384170484165)	(125, 0.5314194879407954)	(130, 0.5837150265161334)	(135, 0.6563270380377063)	(140, 0.7128745787352498)
NG-29643_CAL_120_lib581301_8005_3_1 - illumina_universal_adapter	(1, 0.0009047020083663297)	(2, 0.0009727092208403362)	(3, 0.0014281514619541378)	(4, 0.0031118451768409063)	(5, 0.00404127708065233)	(6, 0.004640977045195842)	(7, 0.005139696603338556)	(8, 0.005572469773627689)	(9, 0.005978452223851304)	(10, 0.007533550482423589)	(15, 0.0094233266593528)	(20, 0.010829221215406354)	(25, 0.011951134138765418)	(30, 0.013624523730550064)	(35, 0.014797957269419742)	(40, 0.01606660090575303)	(45, 0.017610982876299107)	(50, 0.019540739050864554)	(55, 0.02233315641153967)	(60, 0.02638061596605327)	(65, 0.032783598061712015)	(70, 0.0432789656886096)	(75, 0.06153457450617748)	(80, 0.09199933270498792)	(85, 0.1428497680490369)	(90, 0.22438629415612996)	(95, 0.3507247353463262)	(100, 0.5342976343897223)	(105, 0.7951848420578859)	(110, 1.1463819184072133)	(115, 1.5992501895701046)	(120, 2.1727991140102794)	(125, 2.87068871625361)	(130, 3.7050898143434012)	(135, 4.67366131151085)	(140, 5.318724559764068)
NG-29643_CAL_120_lib581301_8005_3_1 - polya	(1, 0.007068628448055833)	(2, 0.014170230090038458)	(3, 0.018623672094775674)	(4, 0.024488778964503636)	(5, 0.028214749878231027)	(6, 0.031450244532297396)	(7, 0.03600878859267626)	(8, 0.0442417829512719)	(9, 0.05881387384229313)	(10, 0.08166264857386299)	(15, 0.10994705432426437)	(20, 0.13907681033396385)	(25, 0.17892367869971856)	(30, 0.21407475208537416)	(35, 0.241880634358913)	(40, 0.26631294672881695)	(45, 0.2918778883101063)	(50, 0.3163563631515078)	(55, 0.34350525453605524)	(60, 0.36927669074431113)	(65, 0.3962351619339314)	(70, 0.4277418730608284)	(75, 0.45392423769839685)	(80, 0.4770829604528786)	(85, 0.502235737110083)	(90, 0.5286954887415605)	(95, 0.5557677174502282)	(100, 0.5809233792619013)	(105, 0.6073649956367191)	(110, 0.6314490286457713)	(115, 0.6523762905012573)	(120, 0.6723337282903719)	(125, 0.6929242514028806)	(130, 0.7164835984635729)	(135, 0.7395644220474026)	(140, 0.7520464246083892)
NG-29643_CAL_120_lib581301_8005_3_1 - polyg	(1, 0.0)	(2, 0.0)	(3, 0.0002658463760347529)	(4, 0.00034827936085173055)	(5, 0.0004142257487053127)	(6, 0.0004533814164933771)	(7, 0.0005255102782082325)	(8, 0.0007212886171485544)	(9, 0.0009521009746360919)	(10, 0.0015283075385067657)	(15, 0.002345630582967099)	(20, 0.00308093280753454)	(25, 0.003962553580152116)	(30, 0.0050197566104298545)	(35, 0.0066577000187432)	(40, 0.008069364883733943)	(45, 0.009738632826277741)	(50, 0.011520009628172626)	(55, 0.013327352820284863)	(60, 0.015186216627907706)	(65, 0.01748939422369406)	(70, 0.1051758331630577)	(75, 0.18479661670300418)	(80, 0.1932909236234696)	(85, 0.19884525814043758)	(90, 0.20331642323691046)	(95, 0.20723776032465407)	(100, 0.2112427668919869)	(105, 0.215705276525054)	(110, 0.2199110074104162)	(115, 0.22441349704111957)	(120, 0.2293129014937166)	(125, 0.23514050135535283)	(130, 0.24264849761248314)	(135, 0.2522898595166769)	(140, 0.25938981249896315)
NG-29643_CAL_120_lib581301_8005_3_2 - illumina_universal_adapter	(1, 0.000910884482227603)	(2, 0.0009788916947016096)	(3, 0.0014384555850562599)	(4, 0.0031139060014613307)	(5, 0.004051581203754451)	(6, 0.004640977045195842)	(7, 0.005139696603338556)	(8, 0.0055765914228685385)	(9, 0.005980513048471728)	(10, 0.007544266770449795)	(15, 0.009438164596619857)	(20, 0.010862194409333146)	(25, 0.012040986092215924)	(30, 0.013885011962571714)	(35, 0.015284311879839913)	(40, 0.01680190313032047)	(45, 0.018643456011131748)	(50, 0.02097507298667996)	(55, 0.02414091176857599)	(60, 0.028617847173986043)	(65, 0.035459784913795186)	(70, 0.0464101826168825)	(75, 0.06520737614469792)	(80, 0.09637487553907308)	(85, 0.14805788402977355)	(90, 0.23061740347844525)	(95, 0.35868075487593687)	(100, 0.5442885121495401)	(105, 0.8076820947210639)	(110, 1.1623339374640709)	(115, 1.620017531435046)	(120, 2.197832362839499)	(125, 2.898922837883273)	(130, 3.7357668374781157)	(135, 4.708604653774765)	(140, 5.35713626986416)
NG-29643_CAL_120_lib581301_8005_3_2 - polya	(1, 0.01579003824169207)	(2, 0.022141499721840197)	(3, 0.02482057172839197)	(4, 0.02882475396587666)	(5, 0.0315347383417348)	(6, 0.03404070108017092)	(7, 0.03673625968368609)	(8, 0.04395326750441248)	(9, 0.05401009165208376)	(10, 0.07015953770757785)	(15, 0.10033784128414927)	(20, 0.12765530812264753)	(25, 0.15271328684731236)	(30, 0.17631385040041309)	(35, 0.20037068052447574)	(40, 0.22520897534460338)	(45, 0.2526570984640365)	(50, 0.2814641293381775)	(55, 0.31457993232870196)	(60, 0.3419435616386977)	(65, 0.37334187339056035)	(70, 0.40737597983194596)	(75, 0.44220680107158755)	(80, 0.47262580896382456)	(85, 0.5151249586160656)	(90, 0.5475969599951694)	(95, 0.5818874330193358)	(100, 0.6122841840056722)	(105, 0.6405929074865947)	(110, 0.6727941165105746)	(115, 0.708997034782495)	(120, 0.7484552316248375)	(125, 0.7867132042082451)	(130, 0.8199332849245631)	(135, 0.8535704765440547)	(140, 0.870177013500359)
NG-29643_CAL_120_lib581301_8005_3_2 - polyg	(1, 0.23747706430999008)	(2, 0.23976870128790204)	(3, 0.2404899899050506)	(4, 0.24108968986959411)	(5, 0.24153482798760578)	(6, 0.24203973001960977)	(7, 0.24271361967048857)	(8, 0.2438037958946931)	(9, 0.24498877005143715)	(10, 0.24798891853385102)	(15, 0.25140205627019807)	(20, 0.25387009983561837)	(25, 0.2564337656634263)	(30, 0.2587892882045715)	(35, 0.261263102078929)	(40, 0.2639273361482137)	(45, 0.26669708443806417)	(50, 0.26965189477882867)	(55, 0.2730365931354138)	(60, 0.2768124360049554)	(65, 0.28072800278376187)	(70, 0.28450466998315177)	(75, 0.28898160538856177)	(80, 0.2958499216835123)	(85, 0.3035297907139861)	(90, 0.3111692675818995)	(95, 0.31907046917660675)	(100, 0.3268752241790782)	(105, 0.33500394081188045)	(110, 0.34456657921557393)	(115, 0.3553776651743205)	(120, 0.3676173147599454)	(125, 0.38338839341512954)	(130, 0.40409968085039516)	(135, 0.43190473879408586)	(140, 0.45336286907179324)
NG-29643_CAL_148_lib581302_7997_4_1 - illumina_universal_adapter	(1, 0.00477755951418046)	(2, 0.0048923965756736635)	(3, 0.005829669651096129)	(4, 0.008685397165581515)	(5, 0.010343779435968653)	(6, 0.011355358845298485)	(7, 0.012311208504197793)	(8, 0.013089736229909067)	(9, 0.013726406409069912)	(10, 0.016479456080337847)	(15, 0.020179235996798276)	(20, 0.02298565112605423)	(25, 0.025263140260315016)	(30, 0.027959109156899566)	(35, 0.03039162832417618)	(40, 0.03311259116943866)	(45, 0.03631147884415079)	(50, 0.040157844892046664)	(55, 0.045021532202347024)	(60, 0.051351080827001794)	(65, 0.05959671959827699)	(70, 0.07109022067343053)	(75, 0.08820904898143495)	(80, 0.11265042873994713)	(85, 0.15050612830511828)	(90, 0.20603660265834628)	(95, 0.28993622202921715)	(100, 0.41409636413535217)	(105, 0.5957402239082892)	(110, 0.849799996902777)	(115, 1.1977934463941358)	(120, 1.6532764119795118)	(125, 2.22682336048605)	(130, 2.9248496305784615)	(135, 3.7479432555628045)	(140, 4.298900065293314)
NG-29643_CAL_148_lib581302_7997_4_1 - polya	(1, 0.01097538327418127)	(2, 0.019439550218356763)	(3, 0.024098895110411866)	(4, 0.03106511391422749)	(5, 0.035025303755426916)	(6, 0.03822385367407584)	(7, 0.04296088246067046)	(8, 0.05165472352783236)	(9, 0.06596882548689689)	(10, 0.08874675663407372)	(15, 0.11870605719733429)	(20, 0.15507225252372597)	(25, 0.2023246635236101)	(30, 0.24234369067367525)	(35, 0.27233406479475164)	(40, 0.2992680842997928)	(45, 0.32676007682126557)	(50, 0.3533195248522009)	(55, 0.3832271487377895)	(60, 0.4094697815814289)	(65, 0.4375623043832985)	(70, 0.4699439914319393)	(75, 0.5003690576063737)	(80, 0.5271085296190028)	(85, 0.5551507267674534)	(90, 0.5841491113308666)	(95, 0.6176258035364512)	(100, 0.6485787824376912)	(105, 0.6787897112680472)	(110, 0.7057770962310763)	(115, 0.7299347608964878)	(120, 0.7534959483542608)	(125, 0.7778853136790378)	(130, 0.8058964372696724)	(135, 0.8347695143336328)	(140, 0.8498212755347595)
NG-29643_CAL_148_lib581302_7997_4_1 - polyg	(1, 0.0)	(2, 0.0)	(3, 0.0006180935956840044)	(4, 0.0008916760068883998)	(5, 0.0010385998943870567)	(6, 0.0012041003653625551)	(7, 0.0013408915709647528)	(8, 0.0015621217923707763)	(9, 0.001840770544523401)	(10, 0.0024531222871327454)	(15, 0.0034403832599110757)	(20, 0.00439859721125289)	(25, 0.005342963164002878)	(30, 0.006503155241147443)	(35, 0.007627882931654402)	(40, 0.009008291962015346)	(45, 0.010583248484788301)	(50, 0.012128820230061527)	(55, 0.013896297708867208)	(60, 0.01579246024775792)	(65, 0.018938995732671684)	(70, 0.39671915243898803)	(75, 0.6562184868315581)	(80, 0.6677018552248153)	(85, 0.6752135500707237)	(90, 0.6817109634587964)	(95, 0.6868283055725714)	(100, 0.6921689044441317)	(105, 0.697824629722672)	(110, 0.7036894260043425)	(115, 0.7106971888039337)	(120, 0.7183926229482311)	(125, 0.7271823867373463)	(130, 0.7375862867525672)	(135, 0.7503082066296348)	(140, 0.7592131452363062)
NG-29643_CAL_148_lib581302_7997_4_2 - illumina_universal_adapter	(1, 0.004846799507139597)	(2, 0.004956570227684571)	(3, 0.00589215452279096)	(4, 0.008732683014431659)	(5, 0.010404575527347408)	(6, 0.011417843716993316)	(7, 0.012377070936524777)	(8, 0.013164042563816434)	(9, 0.013797335182345126)	(10, 0.01656693490071061)	(15, 0.020329199688865866)	(20, 0.023232888564327828)	(25, 0.025740051821575023)	(30, 0.028712642933932903)	(35, 0.03153459484209676)	(40, 0.03470983959238382)	(45, 0.03851736369300993)	(50, 0.042925418074032856)	(55, 0.048392675469298964)	(60, 0.05542678324182086)	(65, 0.06433813921369343)	(70, 0.07659767104021926)	(75, 0.09438660737764284)	(80, 0.11964535680913606)	(85, 0.15836436087188552)	(90, 0.2148351481051049)	(95, 0.29987976053027565)	(100, 0.4255446058980349)	(105, 0.6092430358035107)	(110, 0.8655857020292705)	(115, 1.2163143001205468)	(120, 1.6747343924316431)	(125, 2.2517848845819137)	(130, 2.9533353014379133)	(135, 3.77935896027065)	(140, 4.332013669730942)
NG-29643_CAL_148_lib581302_7997_4_2 - polya	(1, 0.01425499464800186)	(2, 0.01964895897755025)	(3, 0.02198285337436799)	(4, 0.026794188494869985)	(5, 0.02986270232918101)	(6, 0.03287548641306151)	(7, 0.03631553191690937)	(8, 0.044362570123013964)	(9, 0.0543770373973477)	(10, 0.07253919418462418)	(15, 0.10635060264885529)	(20, 0.1366699511755034)	(25, 0.1639981320063168)	(30, 0.1894666279530667)	(35, 0.22210264531730858)	(40, 0.2512878089836797)	(45, 0.27991567514574556)	(50, 0.3085077391651106)	(55, 0.34185000445753566)	(60, 0.3681642415865767)	(65, 0.39919997072330443)	(70, 0.43498286132852326)	(75, 0.46876792481982366)	(80, 0.4984191918534318)	(85, 0.540659640631264)	(90, 0.571334984048541)	(95, 0.6016928367663957)	(100, 0.6269370626871708)	(105, 0.6513929659564013)	(110, 0.6769580601372307)	(115, 0.7043007644787622)	(120, 0.7324054464989076)	(125, 0.762074276847803)	(130, 0.7912155322259562)	(135, 0.8207137957629278)	(140, 0.8348873911996948)
NG-29643_CAL_148_lib581302_7997_4_2 - polyg	(1, 0.6797121230766882)	(2, 0.6825239423029557)	(3, 0.6826894427739311)	(4, 0.6828718310480674)	(5, 0.6830592856631519)	(6, 0.6833159802711954)	(7, 0.6836047617052445)	(8, 0.6840218904433155)	(9, 0.6847480659792283)	(10, 0.6867320450945551)	(15, 0.6888399806850818)	(20, 0.6899897023242666)	(25, 0.6911688087409513)	(30, 0.6924941635330082)	(35, 0.6939836677717877)	(40, 0.6955528824414859)	(45, 0.6973024588489413)	(50, 0.6990712873519997)	(55, 0.7011677392363771)	(60, 0.7036576769344003)	(65, 0.7061449125839179)	(70, 0.7088476366017666)	(75, 0.7136302624568954)	(80, 0.7247833054203279)	(85, 0.7348460718117014)	(90, 0.7441667881321908)	(95, 0.7531058401012471)	(100, 0.7619844337349878)	(105, 0.7711305301707949)	(110, 0.7810693400869685)	(115, 0.7921264603284478)	(120, 0.8043731574245717)	(125, 0.8186747624092969)	(130, 0.8354061845127936)	(135, 0.8551193171423547)	(140, 0.8691544325932034)
NG-29643_CAL_51_lib581295_7997_4_1 - illumina_universal_adapter	(1, 0.0006175945834667642)	(2, 0.0007129023895573143)	(3, 0.0018642206871311588)	(4, 0.006181664303033076)	(5, 0.008520517864495173)	(6, 0.0099977888588987)	(7, 0.0115055583512512)	(8, 0.012542507281516384)	(9, 0.013442212971011178)	(10, 0.017200009149549382)	(15, 0.02165050246275371)	(20, 0.02476592402824161)	(25, 0.026840584351220702)	(30, 0.028733397380179028)	(35, 0.03015843969684493)	(40, 0.03162160513594705)	(45, 0.0332136267288836)	(50, 0.03507975357213657)	(55, 0.03747312319868246)	(60, 0.04066631593394025)	(65, 0.04524985894444699)	(70, 0.05224545191149336)	(75, 0.0639614498985925)	(80, 0.08311374414810072)	(85, 0.11461068667368132)	(90, 0.16350473489180659)	(95, 0.23968807661222685)	(100, 0.35100187565762386)	(105, 0.5110465559571191)	(110, 0.7306936883358495)	(115, 1.0227320554462693)	(120, 1.3966283910517407)	(125, 1.8664466962502098)	(130, 2.441158866675816)	(135, 3.124843313966787)	(140, 3.586228784482364)
NG-29643_CAL_51_lib581295_7997_4_1 - polya	(1, 0.0086463241685347)	(2, 0.015462738460130838)	(3, 0.01956478643426811)	(4, 0.025258474770117573)	(5, 0.02868193116489013)	(6, 0.031508760693535844)	(7, 0.035938667520624606)	(8, 0.04313250072433933)	(9, 0.05634216264848956)	(10, 0.07690691858425973)	(15, 0.10406659347027158)	(20, 0.1352589322475868)	(25, 0.17460733183890692)	(30, 0.2079562956524391)	(35, 0.2331671165195114)	(40, 0.2561702273663022)	(45, 0.280925858151486)	(50, 0.3048866218338747)	(55, 0.33078975860438875)	(60, 0.354401695716486)	(65, 0.3809849489912621)	(70, 0.4124106012778871)	(75, 0.43828209585677913)	(80, 0.4614174939384236)	(85, 0.48690966344907516)	(90, 0.5143720359272306)	(95, 0.5430558732482424)	(100, 0.5694912088079663)	(105, 0.5956947557832777)	(110, 0.619377220671882)	(115, 0.6404257590313677)	(120, 0.6605166445552556)	(125, 0.6818789362123916)	(130, 0.7067882031809932)	(135, 0.7316547722524666)	(140, 0.7443634963478049)
NG-29643_CAL_51_lib581295_7997_4_1 - polyg	(1, 0.0)	(2, 0.0)	(3, 0.00032023422846424814)	(4, 0.0004860698110618052)	(5, 0.0005565975875688122)	(6, 0.0006519053936593623)	(7, 0.0007624624487244003)	(8, 0.0008901749088857374)	(9, 0.0011284444241121125)	(10, 0.0016087957668084844)	(15, 0.0025592052091434497)	(20, 0.0034009637525351877)	(25, 0.004465361330954451)	(30, 0.005497735486527288)	(35, 0.006591869100446802)	(40, 0.007892248806746268)	(45, 0.009636762889427695)	(50, 0.01127643838540952)	(55, 0.012949662229135217)	(60, 0.015144791619012762)	(65, 0.017723439620598684)	(70, 0.07068560623389299)	(75, 0.11443036430455802)	(80, 0.12447161352303397)	(85, 0.13197271909358466)	(90, 0.138338899309209)	(95, 0.14320531588819252)	(100, 0.14763941625874927)	(105, 0.15227785656556414)	(110, 0.15682098906628847)	(115, 0.16185629107766444)	(120, 0.16740091800478826)	(125, 0.17358029492047516)	(130, 0.18056597587568812)	(135, 0.18923746130503072)	(140, 0.19546487335498727)
NG-29643_CAL_51_lib581295_7997_4_2 - illumina_universal_adapter	(1, 0.0006309376763194412)	(2, 0.0007224331701663694)	(3, 0.0018737514677402139)	(4, 0.006179758146911265)	(5, 0.008528142488982418)	(6, 0.010003507327264132)	(7, 0.011499839882885768)	(8, 0.012538694969272764)	(9, 0.0134460252832548)	(10, 0.017178660200985102)	(15, 0.02163639690745231)	(20, 0.024804809613126554)	(25, 0.027018619332997852)	(30, 0.02912759046616954)	(35, 0.030852661756408495)	(40, 0.032643686048462114)	(45, 0.03461236409106851)	(50, 0.03694206810314592)	(55, 0.03986458666910654)	(60, 0.043630007472132)	(65, 0.04882161428549644)	(70, 0.056340637723592116)	(75, 0.06859340927459322)	(80, 0.08835033624593988)	(85, 0.1207610900163167)	(90, 0.170897189563414)	(95, 0.24834926879851169)	(100, 0.361277963310307)	(105, 0.5232615856169084)	(110, 0.7453497415252299)	(115, 1.040065114293121)	(120, 1.4166937340835966)	(125, 1.8899000411729723)	(130, 2.467875550879119)	(135, 3.1547733961602393)	(140, 3.618067310184973)
NG-29643_CAL_51_lib581295_7997_4_2 - polya	(1, 0.00994060417524437)	(2, 0.013832974975982433)	(3, 0.015718163380453513)	(4, 0.018851884044710797)	(5, 0.02133560547143053)	(6, 0.023649679003309085)	(7, 0.026083840370861734)	(8, 0.03212635527700261)	(9, 0.04022180032633393)	(10, 0.05394574317214877)	(15, 0.08008638699544048)	(20, 0.10309979108528906)	(25, 0.12360736233740488)	(30, 0.1417749363343855)	(35, 0.15959863976699146)	(40, 0.17849207801515773)	(45, 0.19929624715982736)	(50, 0.220713054882047)	(55, 0.24616900742638426)	(60, 0.26715502386507467)	(65, 0.290769248364518)	(70, 0.31577649175778094)	(75, 0.3411222684782774)	(80, 0.3642538542476783)	(85, 0.3966268661268432)	(90, 0.42028836329810754)	(95, 0.4436040837488754)	(100, 0.4630129466123793)	(105, 0.4826002256888848)	(110, 0.5026217271299389)	(115, 0.5237640483706179)	(120, 0.54523613462037)	(125, 0.5684081308995532)	(130, 0.5918946429388352)	(135, 0.6151657593363528)	(140, 0.6269118745901764)
NG-29643_CAL_51_lib581295_7997_4_2 - polyg	(1, 0.14796536895557894)	(2, 0.14961038168870183)	(3, 0.1497247510560105)	(4, 0.14987533738963357)	(5, 0.14999161291306404)	(6, 0.15014601155893073)	(7, 0.15037856260579166)	(8, 0.1506987968342559)	(9, 0.15113721274227243)	(10, 0.15225040791741007)	(15, 0.15356260579166475)	(20, 0.15457019991765403)	(25, 0.15555187032038673)	(30, 0.15664791009042806)	(35, 0.15792236607347088)	(40, 0.15947969562499048)	(45, 0.16542461533769462)	(50, 0.17419979566006374)	(55, 0.1811061805206094)	(60, 0.1871319212528783)	(65, 0.19198956951370144)	(70, 0.19640689571038625)	(75, 0.20094049743050152)	(80, 0.20566052121932996)	(85, 0.21143007456882748)	(90, 0.21785915793647162)	(95, 0.22470416456989492)	(100, 0.2325197859005444)	(105, 0.24157631486649284)	(110, 0.252712460161337)	(115, 0.2677066654467268)	(120, 0.2879077267944553)	(125, 0.3165149366393705)	(130, 0.35831160315354466)	(135, 0.4194637601598122)	(140, 0.467776430760785)
NG-29643_CAL_85_1_lib581300_7997_4_1 - illumina_universal_adapter	(1, 0.0013193307279537596)	(2, 0.0013946628837165514)	(3, 0.0020665442729522624)	(4, 0.004479209261571406)	(5, 0.005656019694838803)	(6, 0.006370657172480422)	(7, 0.007091402662751458)	(8, 0.007700167921483208)	(9, 0.008135872822381518)	(10, 0.010162918613663561)	(15, 0.012566625183759561)	(20, 0.014230040623170395)	(25, 0.01567275320623835)	(30, 0.017211157987167144)	(35, 0.018447419743360855)	(40, 0.01983882502034172)	(45, 0.021426908303989765)	(50, 0.023431558048963946)	(55, 0.026023798608887906)	(60, 0.029904015431934626)	(65, 0.03588009498855481)	(70, 0.04528562003617083)	(75, 0.06047421144131752)	(80, 0.08405806260517489)	(85, 0.12110153039921237)	(90, 0.17599383269892802)	(95, 0.2542158928371173)	(100, 0.36090007022585724)	(105, 0.5023001553959853)	(110, 0.6842293475673374)	(115, 0.9175717180446898)	(120, 1.2052008831697623)	(125, 1.5567695389012404)	(130, 1.980089833392147)	(135, 2.4810344171852434)	(140, 2.820144763156924)
NG-29643_CAL_85_1_lib581300_7997_4_1 - polya	(1, 0.008799610194778007)	(2, 0.015493992036617454)	(3, 0.01961282855305334)	(4, 0.02500823970903708)	(5, 0.02835746663416661)	(6, 0.03105517221215848)	(7, 0.03559546160002404)	(8, 0.0426481801827892)	(9, 0.05536099046881277)	(10, 0.07625405846899162)	(15, 0.10331214721646056)	(20, 0.1316305225697989)	(25, 0.1695299265336385)	(30, 0.20353241843991093)	(35, 0.23027777694075385)	(40, 0.2536250444154319)	(45, 0.2781947288176768)	(50, 0.30170039741987764)	(55, 0.32838263979021665)	(60, 0.3532479520037254)	(65, 0.3789899676299762)	(70, 0.4077652223279949)	(75, 0.432763282015983)	(80, 0.4553869535944962)	(85, 0.48015209440088247)	(90, 0.5056929528112046)	(95, 0.5322847965946282)	(100, 0.5576448578311196)	(105, 0.583905240129187)	(110, 0.606990270261642)	(115, 0.6274936470560643)	(120, 0.6471227636427959)	(125, 0.6680455573044379)	(130, 0.692175464797365)	(135, 0.7156717677802008)	(140, 0.728211517708391)
NG-29643_CAL_85_1_lib581300_7997_4_1 - polyg	(1, 0.0)	(2, 0.0)	(3, 0.0011727384248477863)	(4, 0.0016471274057323943)	(5, 0.0018792318856501852)	(6, 0.002127624399246418)	(7, 0.002308828773919079)	(8, 0.0026060853885506363)	(9, 0.0029746021505253745)	(10, 0.0037144860803685785)	(15, 0.004844061215968495)	(20, 0.005883644965495022)	(25, 0.007005890485939641)	(30, 0.00820387536298901)	(35, 0.009933664539639496)	(40, 0.01164675848176958)	(45, 0.013702715532830853)	(50, 0.015605972268156739)	(55, 0.01756664432219913)	(60, 0.019846561836338976)	(65, 0.02297630750765151)	(70, 0.10815498682990317)	(75, 0.17201100126370708)	(80, 0.1794656270774878)	(85, 0.1850316553862532)	(90, 0.18990218465694916)	(95, 0.19418512311269537)	(100, 0.19864967314395615)	(105, 0.20335976528291946)	(110, 0.20820179049467816)	(115, 0.21365135936264273)	(120, 0.21967385981524648)	(125, 0.2262595190322823)	(130, 0.23408795521898323)	(135, 0.243653102996648)	(140, 0.25096195090900664)
NG-29643_CAL_85_1_lib581300_7997_4_2 - illumina_universal_adapter	(1, 0.0013274747447929803)	(2, 0.0014028069005557722)	(3, 0.0020685802771620676)	(4, 0.004481245265781211)	(5, 0.005664163711678024)	(6, 0.0063767651851098376)	(7, 0.007099546679590679)	(8, 0.007718491959371455)	(9, 0.008150124851850153)	(10, 0.010176356241448272)	(15, 0.012598386849432519)	(20, 0.014289084745254746)	(25, 0.015820159911028246)	(30, 0.017566237121357166)	(35, 0.019103420299760088)	(40, 0.020897547209440415)	(45, 0.02293843782934913)	(50, 0.025425620572047142)	(55, 0.028437277999190973)	(60, 0.03282771747721487)	(65, 0.03939545985720443)	(70, 0.04935844285746512)	(75, 0.06510286341188862)	(80, 0.08931828308162756)	(85, 0.1271386900821267)	(90, 0.18294963748130644)	(95, 0.26211843957705516)	(100, 0.36976971896545247)	(105, 0.5124834340517469)	(110, 0.6952958448493124)	(115, 0.9296232341633688)	(120, 1.2182797670127088)	(125, 1.570723090152719)	(130, 1.9941284896195952)	(135, 2.494325859867694)	(140, 2.833260702276489)
NG-29643_CAL_85_1_lib581300_7997_4_2 - polya	(1, 0.010886514509828322)	(2, 0.015048107114670119)	(3, 0.017057643269747836)	(4, 0.02054328247693431)	(5, 0.023196195962310467)	(6, 0.025574248879362924)	(7, 0.02806631803216447)	(8, 0.03418043867420944)	(9, 0.042371283610255696)	(10, 0.05670516044812616)	(15, 0.0822728941140177)	(20, 0.10510993893371853)	(25, 0.1252619014015283)	(30, 0.1435142719415898)	(35, 0.16163796701559163)	(40, 0.18103945833166718)	(45, 0.20160758005996113)	(50, 0.22303489556479286)	(55, 0.24764163524365634)	(60, 0.268317257994228)	(65, 0.291256917426103)	(70, 0.316453691124968)	(75, 0.3417237609753861)	(80, 0.36375129052126837)	(85, 0.3942396391614171)	(90, 0.41777381182255524)	(95, 0.4403583921202402)	(100, 0.4589002824589361)	(105, 0.47821911200409345)	(110, 0.4979679456383618)	(115, 0.5188048199223501)	(120, 0.5399861861186374)	(125, 0.5633029135301683)	(130, 0.586453502998179)	(135, 0.6098761026286199)	(140, 0.6218954498807838)
NG-29643_CAL_85_1_lib581300_7997_4_2 - polyg	(1, 0.19836789016131912)	(2, 0.2006706109226088)	(3, 0.2008640313225403)	(4, 0.20100044360459723)	(5, 0.20116943195401107)	(6, 0.20142800448865633)	(7, 0.20178430522537222)	(8, 0.20229737828624314)	(9, 0.20297536768810825)	(10, 0.2042682303613345)	(15, 0.20592024417717045)	(20, 0.2070652929447649)	(25, 0.2081814304525801)	(30, 0.20938674494478476)	(35, 0.2108204991093296)	(40, 0.21224733085956107)	(45, 0.21378492123880594)	(50, 0.2153005227725849)	(55, 0.21694927898168515)	(60, 0.21895474312834326)	(65, 0.221079109920854)	(70, 0.2233500690164707)	(75, 0.22637475687055728)	(80, 0.23389534922073568)	(85, 0.24158289391611806)	(90, 0.24837744716507998)	(95, 0.2545754511805689)	(100, 0.2606822422074586)	(105, 0.2673183943288976)	(110, 0.274483907544886)	(115, 0.2828873113204359)	(120, 0.2921275128262157)	(125, 0.3020786870020596)	(130, 0.3138272456943194)	(135, 0.32760814378880676)	(140, 0.33727631337948766)
NG-29643_COLO_824_lib581290_7997_4_1 - illumina_universal_adapter	(1, 0.0010319410033305394)	(2, 0.0011443703733432051)	(3, 0.0026220135220810983)	(4, 0.0076994041785459506)	(5, 0.010620560131553606)	(6, 0.012529851754447268)	(7, 0.014140000946414375)	(8, 0.01540683902637852)	(9, 0.01646889503953388)	(10, 0.02134310976304727)	(15, 0.026874233234206096)	(20, 0.03070887781856666)	(25, 0.033752099944730926)	(30, 0.03738919006464066)	(35, 0.0405552814308902)	(40, 0.044112064857933744)	(45, 0.04856868477854295)	(50, 0.05468403944030331)	(55, 0.0635932639468784)	(60, 0.07752808129301966)	(65, 0.09882501470766887)	(70, 0.12984267176030603)	(75, 0.1737395146813584)	(80, 0.2334085920813304)	(85, 0.3119573714406794)	(90, 0.4097853785564145)	(95, 0.53073408408179)	(100, 0.6756579512289023)	(105, 0.848150704503513)	(110, 1.050505099986952)	(115, 1.28711110304475)	(120, 1.5595933180735895)	(125, 1.8718915914254857)	(130, 2.2281915079326247)	(135, 2.631304203378788)	(140, 2.8942371495589083)
NG-29643_COLO_824_lib581290_7997_4_1 - polya	(1, 0.0095605117857199)	(2, 0.01784013182022407)	(3, 0.022626410715048985)	(4, 0.029444448939388503)	(5, 0.03287555239209646)	(6, 0.03611191211460391)	(7, 0.04100861271211984)	(8, 0.049324370758413796)	(9, 0.06360490841734401)	(10, 0.08651921862631828)	(15, 0.11664788058892672)	(20, 0.15031846924039846)	(25, 0.19347488445322453)	(30, 0.2293755899655904)	(35, 0.2579442944192731)	(40, 0.28492172175381225)	(45, 0.313145910495099)	(50, 0.34025825307365337)	(55, 0.36950153374741207)	(60, 0.39656850304449703)	(65, 0.4254837308778973)	(70, 0.45916235019865564)	(75, 0.48944198874385253)	(80, 0.5159576525944111)	(85, 0.5445697226622416)	(90, 0.5739784351233046)	(95, 0.6065199116730777)	(100, 0.6364630651751653)	(105, 0.6658139568173647)	(110, 0.6916707042529562)	(115, 0.7158727322820397)	(120, 0.7392732995163188)	(125, 0.763332783165565)	(130, 0.791097617623657)	(135, 0.8200012009865919)	(140, 0.8352177131508774)
NG-29643_COLO_824_lib581290_7997_4_1 - polyg	(1, 0.0)	(2, 0.0)	(3, 0.0005701775193499479)	(4, 0.0008994349601013262)	(5, 0.0010761096844069439)	(6, 0.0012608150779991804)	(7, 0.0014435128042697622)	(8, 0.0016804175482250223)	(9, 0.001921337626823592)	(10, 0.002521630155998361)	(15, 0.003679652667128818)	(20, 0.004693123131100134)	(25, 0.005755982211184158)	(30, 0.007046510765543827)	(35, 0.008486811302098943)	(40, 0.010022676803164824)	(45, 0.01170470048524717)	(50, 0.013334524816966491)	(55, 0.015168328148565937)	(60, 0.017204504346188178)	(65, 0.0198281240021266)	(70, 0.12120046700751104)	(75, 0.1976829551594129)	(80, 0.20955308743196444)	(85, 0.21852414809204648)	(90, 0.22587983962512515)	(95, 0.23201085409199443)	(100, 0.23812781488761212)	(105, 0.24444433781500222)	(110, 0.2508387582344726)	(115, 0.258581126493702)	(120, 0.26771721740762405)	(125, 0.27939220441651075)	(130, 0.2955326450822219)	(135, 0.31873927165322913)	(140, 0.3366436488277461)
NG-29643_COLO_824_lib581290_7997_4_2 - illumina_universal_adapter	(1, 0.0010399716726171584)	(2, 0.0011564163772731337)	(3, 0.002642090195297646)	(4, 0.007757626530873938)	(5, 0.010680790151203249)	(6, 0.012596104776061877)	(7, 0.014208261635350636)	(8, 0.015475099715314782)	(9, 0.016543178730435107)	(10, 0.021390490711838326)	(15, 0.026939683188892043)	(20, 0.030843391529117532)	(25, 0.03407372824966002)	(30, 0.038041280410714126)	(35, 0.041679976664481186)	(40, 0.04584548482345045)	(45, 0.0510682305940031)	(50, 0.05791236849352414)	(55, 0.06768729914919676)	(60, 0.08256090173494378)	(65, 0.10485323660766943)	(70, 0.13703172690568738)	(75, 0.18205206045993774)	(80, 0.24313533872128335)	(85, 0.3235223382803394)	(90, 0.42321827907214216)	(95, 0.5460670409507317)	(100, 0.692877713846735)	(105, 0.8675660521043074)	(110, 1.0721742549230362)	(115, 1.3112709700600786)	(120, 1.5863675694751769)	(125, 1.9015440346993977)	(130, 2.2606486624548885)	(135, 2.6665315372714704)	(140, 2.931421156023276)
NG-29643_COLO_824_lib581290_7997_4_2 - polya	(1, 0.013903096202459116)	(2, 0.0194181583350447)	(3, 0.021793228776562267)	(4, 0.026196043212951124)	(5, 0.02919349052418166)	(6, 0.03214074615237083)	(7, 0.035049856101448555)	(8, 0.04294801934483832)	(9, 0.054781210538671396)	(10, 0.07220816442409891)	(15, 0.1068601008623955)	(20, 0.13711484433280385)	(25, 0.16441510457266512)	(30, 0.1891226632333414)	(35, 0.2145674373345293)	(40, 0.24000377923296626)	(45, 0.26761924324232733)	(50, 0.29601287910556173)	(55, 0.33022634100080894)	(60, 0.35730937163646714)	(65, 0.38910640514337064)	(70, 0.4232082407355338)	(75, 0.45650419866478475)	(80, 0.4865613876707423)	(85, 0.5289528816340179)	(90, 0.560103847796813)	(95, 0.5911612566624189)	(100, 0.6150789989987563)	(105, 0.6395588881851568)	(110, 0.6649811764123422)	(115, 0.6923203853982436)	(120, 0.7209714042121141)	(125, 0.7505403285254453)	(130, 0.7816390953378773)	(135, 0.8135806808919399)	(140, 0.8285442269736971)
NG-29643_COLO_824_lib581290_7997_4_2 - polyg	(1, 0.21287698144969602)	(2, 0.21466782070061205)	(3, 0.21477021173401645)	(4, 0.2149268097851055)	(5, 0.21505128515904812)	(6, 0.21523197521799703)	(7, 0.21547891829856056)	(8, 0.2157479457196623)	(9, 0.21625990088668426)	(10, 0.21743398473638798)	(15, 0.21891082481819718)	(20, 0.21997810076638885)	(25, 0.2209983972992538)	(30, 0.22211466033009386)	(35, 0.22352243665603816)	(40, 0.22503059634806516)	(45, 0.22662910106956669)	(50, 0.2282300149918542)	(55, 0.22995941962272762)	(60, 0.23205261357228482)	(65, 0.23456822072631822)	(70, 0.2371147459571051)	(75, 0.2404956577267717)	(80, 0.2528909957706681)	(85, 0.2655140032888401)	(90, 0.27642768284935537)	(95, 0.28520480284616556)	(100, 0.29331216502447177)	(105, 0.3019507559760878)	(110, 0.3115441935058828)	(115, 0.3222302035921224)	(120, 0.3348817199862619)	(125, 0.3496368702000313)	(130, 0.36847922954722545)	(135, 0.39271177411959823)	(140, 0.4107305883314496)
NG-29643_DU_4475_lib581298_7997_4_1 - illumina_universal_adapter	(1, 0.0008381006182100125)	(2, 0.0009609951800148461)	(3, 0.002347084663977559)	(4, 0.007186309868161333)	(5, 0.010163984660744021)	(6, 0.011999344428026044)	(7, 0.013550636437693615)	(8, 0.014757420741318129)	(9, 0.015742591900704418)	(10, 0.020342474909110907)	(15, 0.02602463592737898)	(20, 0.030060412750451813)	(25, 0.03284951490393725)	(30, 0.03527557443386152)	(35, 0.037397419556695136)	(40, 0.0394362604836868)	(45, 0.041626201281749986)	(50, 0.044362116280618244)	(55, 0.04777858509879262)	(60, 0.05239740595770674)	(65, 0.05899986592404773)	(70, 0.06869523951797528)	(75, 0.08315005758416087)	(80, 0.10385396338487485)	(85, 0.132998106517149)	(90, 0.17190249545466404)	(95, 0.22241699555232491)	(100, 0.2857745817580752)	(105, 0.36486791000370794)	(110, 0.45962485528409847)	(115, 0.5722538933148279)	(120, 0.7047918503579405)	(125, 0.8592360652425066)	(130, 1.0389764132093926)	(135, 1.245298653428169)	(140, 1.3825215123404775)
NG-29643_DU_4475_lib581298_7997_4_1 - polya	(1, 0.016286551436561877)	(2, 0.023859676974666292)	(3, 0.028497435684088045)	(4, 0.03479326364540124)	(5, 0.038586877741770116)	(6, 0.04202994013725308)	(7, 0.04724187835674659)	(8, 0.054853282528855796)	(9, 0.06832736169853984)	(10, 0.09032589119459457)	(15, 0.12030853787806825)	(20, 0.15494626938951322)	(25, 0.19847914957769097)	(30, 0.2364080377475683)	(35, 0.2643010739473703)	(40, 0.2907310604622105)	(45, 0.31918014418755564)	(50, 0.3451761718726784)	(55, 0.37399152168550087)	(60, 0.3990555653658546)	(65, 0.42694416930277174)	(70, 0.45888547324832185)	(75, 0.4884841247927791)	(80, 0.5140893074780636)	(85, 0.5410995174978184)	(90, 0.5694281242592959)	(95, 0.6018106398283747)	(100, 0.6315902082851282)	(105, 0.6617565924118249)	(110, 0.6886527723955443)	(115, 0.712240469602282)	(120, 0.7358233316131452)	(125, 0.7592059359282151)	(130, 0.7869921948857932)	(135, 0.8156274336522984)	(140, 0.830761193805832)
NG-29643_DU_4475_lib581298_7997_4_1 - polyg	(1, 0.0)	(2, 0.0)	(3, 0.00044524095342406915)	(4, 0.0006426781182908509)	(5, 0.0007514700254623429)	(6, 0.0009126432212719607)	(7, 0.001077845746976819)	(8, 0.0013296788654293468)	(9, 0.0016419519323104812)	(10, 0.0021859114681679415)	(15, 0.0030969429574818057)	(20, 0.003950757962283257)	(25, 0.005014903987616258)	(30, 0.006116925713964519)	(35, 0.007804006141101693)	(40, 0.009393979717763573)	(45, 0.013972507277725291)	(50, 0.03782372265961158)	(55, 0.06877864664680677)	(60, 0.07834226115315997)	(65, 0.08445153114032353)	(70, 0.12476054447931942)	(75, 0.17462954592776275)	(80, 0.1866200258300193)	(85, 0.19467425335761543)	(90, 0.2016083271743347)	(95, 0.20701367322879977)	(100, 0.2120185038916779)	(105, 0.2172667060802286)	(110, 0.2227695619181585)	(115, 0.2291226063639841)	(120, 0.23682708805667332)	(125, 0.2460598945786273)	(130, 0.2577111049037046)	(135, 0.2720623691915824)	(140, 0.2828569439809316)
NG-29643_DU_4475_lib581298_7997_4_2 - illumina_universal_adapter	(1, 0.0008481739429481136)	(2, 0.0009730831697005674)	(3, 0.0023591726536632803)	(4, 0.007226603167113738)	(5, 0.010220395279277388)	(6, 0.012063813706349891)	(7, 0.013619135045912703)	(8, 0.014813831359851495)	(9, 0.015805046514080646)	(10, 0.02040130312558142)	(15, 0.026084672942818066)	(20, 0.030158325466906156)	(25, 0.03308603656878786)	(30, 0.03581631050580279)	(35, 0.03834511794805569)	(40, 0.04082758809651333)	(45, 0.04358244094588922)	(50, 0.046955393001195)	(55, 0.05104959510774881)	(60, 0.05636307244060239)	(65, 0.06377059252001242)	(70, 0.07423677692289948)	(75, 0.08950269909699696)	(80, 0.11118170273235913)	(85, 0.14148669580745202)	(90, 0.18156926080633543)	(95, 0.23338886085706467)	(100, 0.2980515470158833)	(105, 0.378600269219677)	(110, 0.4748605574839816)	(115, 0.5888978463130977)	(120, 0.7228617832061358)	(125, 0.8788810631467514)	(130, 1.059940613721339)	(135, 1.2673745460582124)	(140, 1.4051421703723574)
NG-29643_DU_4475_lib581298_7997_4_2 - polya	(1, 0.01565999063785199)	(2, 0.02157101759416972)	(3, 0.023990630196261607)	(4, 0.02853974364798807)	(5, 0.03173500225491374)	(6, 0.034835571609301265)	(7, 0.03804291820591266)	(8, 0.0460572553675459)	(9, 0.057385716368014414)	(10, 0.07564744531922316)	(15, 0.10869117392411098)	(20, 0.13735300626792485)	(25, 0.1629835737315493)	(30, 0.1860232820725342)	(35, 0.2082929854705386)	(40, 0.23262369110995848)	(45, 0.25959521956271897)	(50, 0.28835174115907103)	(55, 0.3219027623977696)	(60, 0.34912692983496163)	(65, 0.3802877525798037)	(70, 0.4142026223080425)	(75, 0.4480647078146537)	(80, 0.47870856753393626)	(85, 0.5221205678252568)	(90, 0.5534357139050865)	(95, 0.5833961992741364)	(100, 0.607136205150914)	(105, 0.6313718186048062)	(110, 0.6559922330636939)	(115, 0.6814148871047241)	(120, 0.7076671801711841)	(125, 0.7367174399168991)	(130, 0.7669551431827415)	(135, 0.7984794114841343)	(140, 0.8136184097665315)
NG-29643_DU_4475_lib581298_7997_4_2 - polyg	(1, 0.19199354017831194)	(2, 0.19393970651771308)	(3, 0.19408879172383697)	(4, 0.194231832935118)	(5, 0.1943406248422895)	(6, 0.194507842032942)	(7, 0.19479190979055644)	(8, 0.19518476945534238)	(9, 0.19574887564067606)	(10, 0.19686661175361572)	(15, 0.1981930671551289)	(20, 0.19919757909801236)	(25, 0.20031048001507776)	(30, 0.20155514001971753)	(35, 0.20301174277684692)	(40, 0.20447962765768307)	(45, 0.20593824507976008)	(50, 0.20750041628014482)	(55, 0.2098398452173214)	(60, 0.21289327141193462)	(65, 0.21588666059110873)	(70, 0.21907104000731725)	(75, 0.22265714361408126)	(80, 0.23326193696536457)	(85, 0.24534992665108596)	(90, 0.2557085279457701)	(95, 0.26429785048345406)	(100, 0.2723879390471179)	(105, 0.2808128649250762)	(110, 0.2903946114159579)	(115, 0.30152764991650727)	(120, 0.3149332304779722)	(125, 0.33180403474934395)	(130, 0.35341977790535084)	(135, 0.38069552076520197)	(140, 0.40093041256610995)
NG-29643_EFM_192A_lib581292_7997_4_1 - illumina_universal_adapter	(1, 0.0033993652134782994)	(2, 0.0035037232132098675)	(3, 0.004535707877222041)	(4, 0.0077418175356418805)	(5, 0.009544891864337306)	(6, 0.010567213750596556)	(7, 0.011587603081305221)	(8, 0.012474646079023549)	(9, 0.013123984744019972)	(10, 0.016340143691302853)	(15, 0.020206027814692273)	(20, 0.022990067340864437)	(25, 0.025170376513033978)	(30, 0.027825321328427088)	(35, 0.03007636203374802)	(40, 0.03243717189434217)	(45, 0.035235512331588656)	(50, 0.038828906122345644)	(55, 0.04348636499925452)	(60, 0.050275432648458185)	(65, 0.06034018195590275)	(70, 0.07567578327201173)	(75, 0.09996182236509821)	(80, 0.1395320567966481)	(85, 0.2039970853197186)	(90, 0.3057762829245866)	(95, 0.4639196226955845)	(100, 0.6972007222733114)	(105, 1.0320202230343036)	(110, 1.48870744983738)	(115, 2.085297011080597)	(120, 2.827635660326693)	(125, 3.7229708674014694)	(130, 4.768836691422381)	(135, 5.966170421831461)	(140, 6.747734151087773)
NG-29643_EFM_192A_lib581292_7997_4_1 - polya	(1, 0.011981844413624479)	(2, 0.020029005726258726)	(3, 0.024616892603346548)	(4, 0.030480266143820205)	(5, 0.03418304257874028)	(6, 0.03725580590416979)	(7, 0.04186301833676346)	(8, 0.04905019242938756)	(9, 0.06105329495406847)	(10, 0.08168216592322866)	(15, 0.10913295798595243)	(20, 0.1412087419923353)	(25, 0.17942734707180633)	(30, 0.21259734403093017)	(35, 0.24057765631451417)	(40, 0.26697868420216037)	(45, 0.29346010640071096)	(50, 0.31859762946938497)	(55, 0.3448946858684098)	(60, 0.3704542790693315)	(65, 0.3992481972397116)	(70, 0.4302201055156005)	(75, 0.4582757874656573)	(80, 0.4835686880005984)	(85, 0.511108764129759)	(90, 0.5402099586326823)	(95, 0.5706751508432077)	(100, 0.5989372297260671)	(105, 0.6270412255648884)	(110, 0.6527306864988095)	(115, 0.6761505541941238)	(120, 0.6997528551334135)	(125, 0.7227019522966056)	(130, 0.7473084090999789)	(135, 0.7714638074378459)	(140, 0.7845016002043098)
NG-29643_EFM_192A_lib581292_7997_4_1 - polyg	(1, 0.0)	(2, 0.0)	(3, 0.0006164852206364853)	(4, 0.0009198964420782664)	(5, 0.0010706357750238646)	(6, 0.0012696889967340778)	(7, 0.0015170561072089057)	(8, 0.0018320626619541943)	(9, 0.00216252966110416)	(10, 0.002890716592564435)	(15, 0.004047157834034256)	(20, 0.0050350802314931)	(25, 0.00612504156202281)	(30, 0.007432608647548346)	(35, 0.008874295088284452)	(40, 0.010469426439736976)	(45, 0.01248585490121694)	(50, 0.014496485696045152)	(55, 0.016481606757605648)	(60, 0.018739218151798565)	(65, 0.021743569010737374)	(70, 0.1811171736452375)	(75, 0.2861372669084358)	(80, 0.2958019772169094)	(85, 0.303235745397788)	(90, 0.30998809449153064)	(95, 0.3155870944326843)	(100, 0.32122783757373063)	(105, 0.32726514111375693)	(110, 0.33320311129848307)	(115, 0.34024302465815265)	(120, 0.34811045830458254)	(125, 0.3571061178814437)	(130, 0.36786581416487846)	(135, 0.3818814800399382)	(140, 0.39242666265725806)
NG-29643_EFM_192A_lib581292_7997_4_2 - illumina_universal_adapter	(1, 0.0034515442133440837)	(2, 0.0035559022130756514)	(3, 0.004580156654885486)	(4, 0.007793996535507664)	(5, 0.009587408086450167)	(6, 0.010613595083810585)	(7, 0.011645579747822758)	(8, 0.01254615063439518)	(9, 0.013193556743841019)	(10, 0.016422470557757758)	(15, 0.020323527192167817)	(20, 0.023148923407122494)	(25, 0.025486929112219732)	(30, 0.028414364260245274)	(35, 0.030966110609237173)	(40, 0.03373314364656419)	(45, 0.03697674488266538)	(50, 0.04106062127216074)	(55, 0.04625339803658154)	(60, 0.05361682119541896)	(65, 0.06421379630149451)	(70, 0.08017941072709407)	(75, 0.10506956668529328)	(80, 0.14534982202612795)	(85, 0.21086152263539507)	(90, 0.3139838463479193)	(95, 0.473511282404246)	(100, 0.708644156710543)	(105, 1.045642034088154)	(110, 1.5045319877077872)	(115, 2.103794659788573)	(120, 2.8483070475179657)	(125, 3.7449815155892976)	(130, 4.791332797564516)	(135, 5.9871738220663255)	(140, 6.767550575703467)
NG-29643_EFM_192A_lib581292_7997_4_2 - polya	(1, 0.022052391387720794)	(2, 0.028988333258768897)	(3, 0.032006985028782034)	(4, 0.03750897068129637)	(5, 0.041213679671767034)	(6, 0.04472513310717924)	(7, 0.04830615854241249)	(8, 0.05852937740500499)	(9, 0.07194324548161266)	(10, 0.09293079876096133)	(15, 0.132087079793576)	(20, 0.16732916281403665)	(25, 0.19817274940136675)	(30, 0.2265500085950408)	(35, 0.2546493663005408)	(40, 0.28518335748866724)	(45, 0.31947655573379086)	(50, 0.356535240971801)	(55, 0.4028620761193048)	(60, 0.43949753169173694)	(65, 0.4804197819864758)	(70, 0.5257749282031456)	(75, 0.5729783705483944)	(80, 0.6141178400870191)	(85, 0.6756326293065672)	(90, 0.7190915520170034)	(95, 0.762112171128567)	(100, 0.7956350527312275)	(105, 0.8299556932651695)	(110, 0.8658440228617457)	(115, 0.9034774501204996)	(120, 0.9412349474456011)	(125, 0.9833932602704941)	(130, 1.0269805046694889)	(135, 1.0705824364906686)	(140, 1.0913063891929176)
NG-29643_EFM_192A_lib581292_7997_4_2 - polyg	(1, 0.3052452166592859)	(2, 0.3075314298756275)	(3, 0.3076667087641684)	(4, 0.3077826620972035)	(5, 0.30794113165235143)	(6, 0.3081498476518146)	(7, 0.30854022387303265)	(8, 0.30904462087173523)	(9, 0.3099335964250041)	(10, 0.31160023233182826)	(15, 0.3135173274380082)	(20, 0.31494896458988125)	(25, 0.31640147334170066)	(30, 0.31795370195993017)	(35, 0.3196725168666202)	(40, 0.3214408051954051)	(45, 0.3243554854767967)	(50, 0.32924678357532633)	(55, 0.33663764902298204)	(60, 0.34352605002748576)	(65, 0.34920196567955275)	(70, 0.3543804415328992)	(75, 0.3598569174521458)	(80, 0.36605694216953133)	(85, 0.3738354782606343)	(90, 0.3820762816394371)	(95, 0.39063904877296735)	(100, 0.4003493673924347)	(105, 0.4120919614288968)	(110, 0.4268377467909673)	(115, 0.44612155909692064)	(120, 0.4729141227391153)	(125, 0.5116158667062325)	(130, 0.5700493893559285)	(135, 0.6595336685479773)	(140, 0.7332772827805145)
NG-29643_EFM_192B_lib581293_7997_4_1 - illumina_universal_adapter	(1, 0.0009479384592416051)	(2, 0.001035126536706097)	(3, 0.0019478187518663119)	(4, 0.005055053427462571)	(5, 0.006923104363776263)	(6, 0.007976781555262038)	(7, 0.009024893550313912)	(8, 0.009811441312972308)	(9, 0.010499670605298404)	(10, 0.013615067568997724)	(15, 0.017363412873779696)	(20, 0.020061791118031823)	(25, 0.022182501972444747)	(30, 0.024483154178220556)	(35, 0.026168295658406608)	(40, 0.027855663217166225)	(45, 0.029765638633281993)	(50, 0.03203994890927066)	(55, 0.03466078541654373)	(60, 0.0380559262543206)	(65, 0.0425663324574518)	(70, 0.04895220985880855)	(75, 0.058559222956108804)	(80, 0.07346393204538981)	(85, 0.09702994185130304)	(90, 0.1343609085168338)	(95, 0.1929212445122294)	(100, 0.28387584692318746)	(105, 0.4211032026165772)	(110, 0.6200344882643272)	(115, 0.8987243141373075)	(120, 1.2732950543045376)	(125, 1.7569217548036409)	(130, 2.360194613435241)	(135, 3.0904730459635323)	(140, 3.5883922839441875)
NG-29643_EFM_192B_lib581293_7997_4_1 - polya	(1, 0.015343246568272633)	(2, 0.02263550896216451)	(3, 0.02717856431770794)	(4, 0.03291257171010677)	(5, 0.03660600707674089)	(6, 0.039574111841489554)	(7, 0.044102326673209236)	(8, 0.051715515394789566)	(9, 0.06414816422813054)	(10, 0.08574075537858149)	(15, 0.11310185813932146)	(20, 0.1437197138531819)	(25, 0.18355501891396936)	(30, 0.21855379726059881)	(35, 0.2463990721110884)	(40, 0.27155042087447306)	(45, 0.29781926108178547)	(50, 0.32216068825748934)	(55, 0.3477060529283943)	(60, 0.37250902039501654)	(65, 0.400064163004752)	(70, 0.4289723903741172)	(75, 0.45460902426653826)	(80, 0.47756249145162644)	(85, 0.5030763200094059)	(90, 0.5309983945706833)	(95, 0.5599986331877559)	(100, 0.5872966637222449)	(105, 0.614569094353138)	(110, 0.6390945440242563)	(115, 0.6611497885049124)	(120, 0.6833081746261435)	(125, 0.7050788520624793)	(130, 0.7290459270247294)	(135, 0.7522873003719981)	(140, 0.7644409473574527)
NG-29643_EFM_192B_lib581293_7997_4_1 - polyg	(1, 0.0)	(2, 0.0)	(3, 0.0008978516913364713)	(4, 0.001239183739282568)	(5, 0.0014246902870793596)	(6, 0.001636167751567702)	(7, 0.0018161091029305898)	(8, 0.002075818269846098)	(9, 0.002426425645182034)	(10, 0.003071988431514869)	(15, 0.004066303527705672)	(20, 0.00495747698332146)	(25, 0.005975907930725844)	(30, 0.00714237310327207)	(35, 0.008431272597364179)	(40, 0.00996689580002602)	(45, 0.011876129189950598)	(50, 0.013704481725035775)	(55, 0.015617425245916292)	(60, 0.017934773040993814)	(65, 0.02066913955551852)	(70, 0.13926644366677216)	(75, 0.2219444859412286)	(80, 0.2312402190513258)	(85, 0.23852209307854108)	(90, 0.24490203427036836)	(95, 0.2501956491182976)	(100, 0.25564954162352327)	(105, 0.26144736326836415)	(110, 0.2669164673105092)	(115, 0.27308196293308334)	(120, 0.2798228998669231)	(125, 0.2871919619716029)	(130, 0.29553753054388493)	(135, 0.3050232223589261)	(140, 0.31183836191188463)
NG-29643_EFM_192B_lib581293_7997_4_2 - illumina_universal_adapter	(1, 0.000949793524719573)	(2, 0.001036981602184065)	(3, 0.001945963686388344)	(4, 0.0050643287548524105)	(5, 0.006950930345945782)	(6, 0.008021303126733268)	(7, 0.009069415121785142)	(8, 0.009865238211833377)	(9, 0.010559032700593378)	(10, 0.013698916528601873)	(15, 0.017473232750075392)	(20, 0.02021019635626926)	(25, 0.02244703430960297)	(30, 0.02501889708825769)	(35, 0.027066147349743087)	(40, 0.02917758287676616)	(45, 0.03153945224331491)	(50, 0.034288288268567765)	(55, 0.03746378935375325)	(60, 0.04147184382545073)	(65, 0.04661742444823814)	(70, 0.0536852239192959)	(75, 0.0639188781350537)	(80, 0.07955299897027171)	(85, 0.10407585154972077)	(90, 0.1425120662270248)	(95, 0.20240100011774104)	(100, 0.295018112210054)	(105, 0.4347097368843763)	(110, 0.6366606981171623)	(115, 0.9193630306189874)	(120, 1.2990233284315702)	(125, 1.7892900503025122)	(130, 2.400319679723687)	(135, 3.1390182544564746)	(140, 3.6425286597877253)
NG-29643_EFM_192B_lib581293_7997_4_2 - polya	(1, 0.01396678798362044)	(2, 0.01849871294629606)	(3, 0.020650588900738842)	(4, 0.024447907934139167)	(5, 0.027430853222711573)	(6, 0.030180060261060026)	(7, 0.03309065799599169)	(8, 0.04025306580642581)	(9, 0.050186941440944)	(10, 0.06638648623384662)	(15, 0.09658695221516429)	(20, 0.12301978021072915)	(25, 0.14644072389626528)	(30, 0.16738738124728778)	(35, 0.18841120932219374)	(40, 0.21044159592544515)	(45, 0.23467468727723562)	(50, 0.26057919262467516)	(55, 0.2910234142097979)	(60, 0.31708337404429116)	(65, 0.3451367872414087)	(70, 0.3759071293375581)	(75, 0.4077270674811418)	(80, 0.4355578728209033)	(85, 0.474450804618883)	(90, 0.503652132333767)	(95, 0.5322780187373857)	(100, 0.5560428915625371)	(105, 0.5802485279452536)	(110, 0.6058777415757628)	(115, 0.6325843772358757)	(120, 0.6601521342908612)	(125, 0.6899296453432022)	(130, 0.7194682239619811)	(135, 0.7489993823188478)	(140, 0.7637916744401639)
NG-29643_EFM_192B_lib581293_7997_4_2 - polyg	(1, 0.25547590749478544)	(2, 0.2575461605681976)	(3, 0.25766117462783167)	(4, 0.25779473934224534)	(5, 0.25796169523526247)	(6, 0.25819914361644236)	(7, 0.2585033743548291)	(8, 0.2589244742183278)	(9, 0.25962754403447763)	(10, 0.26123328871220675)	(15, 0.26318889873908047)	(20, 0.26466182072858696)	(25, 0.26614921222882165)	(30, 0.26762769941476205)	(35, 0.2692749975591976)	(40, 0.271227268468211)	(45, 0.27529505604829907)	(50, 0.2790241086721102)	(55, 0.2849143125777539)	(60, 0.29132356380413305)	(65, 0.2969225224297358)	(70, 0.3020451002405965)	(75, 0.3071417071347655)	(80, 0.312535495518505)	(85, 0.31893250331272954)	(90, 0.32600438392783887)	(95, 0.33316419464660385)	(100, 0.34097735942670904)	(105, 0.34968058462314333)	(110, 0.35992128808771745)	(115, 0.3725772868046057)	(120, 0.3880867472397044)	(125, 0.40840416638060006)	(130, 0.4362761541739725)	(135, 0.4758328283999691)	(140, 0.5078371600520628)
NG-29643_EFM_192C_lib581294_7997_4_1 - illumina_universal_adapter	(1, 0.003800305116712604)	(2, 0.003865729531147028)	(3, 0.004847095747663381)	(4, 0.008195119042851057)	(5, 0.010027002647014917)	(6, 0.011307045538123204)	(7, 0.012331079851009834)	(8, 0.01330675698801015)	(9, 0.014054870944368995)	(10, 0.01735055470800913)	(15, 0.02142052219378188)	(20, 0.024387946069346692)	(25, 0.02677167038656613)	(30, 0.029202045155817064)	(35, 0.031317244919879555)	(40, 0.03356613805256892)	(45, 0.036110294412140594)	(50, 0.03902822329591588)	(55, 0.04266638964642143)	(60, 0.047146539765300435)	(65, 0.053131451416171184)	(70, 0.06132372591926423)	(75, 0.07331630553906987)	(80, 0.09013720694413598)	(85, 0.11559185542273957)	(90, 0.15335710306609526)	(95, 0.21062735983018324)	(100, 0.2947506408179167)	(105, 0.4175198389580883)	(110, 0.5881040437066948)	(115, 0.8186346482237328)	(120, 1.115882226041238)	(125, 1.4882683215668)	(130, 1.9408095651176591)	(135, 2.4718970850066815)	(140, 2.8294693863804348)
NG-29643_EFM_192C_lib581294_7997_4_1 - polya	(1, 0.012695180940036192)	(2, 0.020068227992819928)	(3, 0.024232634198558888)	(4, 0.029463742813554756)	(5, 0.03295683763640137)	(6, 0.03588671358716034)	(7, 0.040361174626523305)	(8, 0.0471254901710911)	(9, 0.05887059483194914)	(10, 0.07973813849677225)	(15, 0.10654109882067657)	(20, 0.13694581538618383)	(25, 0.17389468011898823)	(30, 0.2062285635483836)	(35, 0.2326577513480843)	(40, 0.25662527444119587)	(45, 0.2813466005701823)	(50, 0.30409097156734594)	(55, 0.32880376407705836)	(60, 0.35203568918874634)	(65, 0.3774419804914636)	(70, 0.4044707972721547)	(75, 0.42997664746640263)	(80, 0.4524968687306344)	(85, 0.477189180554089)	(90, 0.5033572396040036)	(95, 0.531825393502252)	(100, 0.5587387219687674)	(105, 0.5853613384720133)	(110, 0.6099495401403245)	(115, 0.6312494538483664)	(120, 0.6521272378563184)	(125, 0.6736643861801791)	(130, 0.6969406861120921)	(135, 0.7199109135660424)	(140, 0.7322072900320045)
NG-29643_EFM_192C_lib581294_7997_4_1 - polyg	(1, 0.0)	(2, 0.0)	(3, 0.0005091726166852965)	(4, 0.0007765593539390276)	(5, 0.000950076279178151)	(6, 0.0011520386019974586)	(7, 0.0013227109874785635)	(8, 0.00159863134400635)	(9, 0.0019598878932746886)	(10, 0.0025691883094422336)	(15, 0.003510730969346329)	(20, 0.004362955080848647)	(25, 0.005321564979300853)	(30, 0.006376889229525685)	(35, 0.007534616911039181)	(40, 0.008886342204049531)	(45, 0.010626062720053595)	(50, 0.012379437026896149)	(55, 0.01473699157834181)	(60, 0.017138352042060958)	(65, 0.020296928989364606)	(70, 0.22268934622008452)	(75, 0.38403221020284073)	(80, 0.39535859861131845)	(85, 0.4030798173304836)	(90, 0.4097889488037459)	(95, 0.41533978368754304)	(100, 0.4207136881983914)	(105, 0.426525082924023)	(110, 0.4325247861816354)	(115, 0.43914971927806035)	(120, 0.44648464949808664)	(125, 0.4545967079800036)	(130, 0.4639336252817232)	(135, 0.47508991021267144)	(140, 0.48312232158136387)
NG-29643_EFM_192C_lib581294_7997_4_2 - illumina_universal_adapter	(1, 0.0037832378781644934)	(2, 0.0038429732130828803)	(3, 0.004801583111535087)	(4, 0.008143917327206726)	(5, 0.009972956391612567)	(6, 0.011255843822478873)	(7, 0.012279878135365503)	(8, 0.013244177113333746)	(9, 0.013986601990176553)	(10, 0.01729650845260678)	(15, 0.021378991913314813)	(20, 0.024390790609104714)	(25, 0.02694234277204723)	(30, 0.029681634559018965)	(35, 0.03225252959231601)	(40, 0.03506009033348019)	(45, 0.03824313032270279)	(50, 0.04182611260190279)	(55, 0.04618963659070305)	(60, 0.05149925450302022)	(65, 0.05829429107697461)	(70, 0.06739681830263353)	(75, 0.08023308841466745)	(80, 0.09791588536641313)	(85, 0.1243689673000812)	(90, 0.16316962741535562)	(95, 0.22162548835058565)	(100, 0.3070231231499113)	(105, 0.43119752393054406)	(110, 0.6035914248732018)	(115, 0.8360170617770318)	(120, 1.1351505694541033)	(125, 1.5103265895743294)	(130, 1.9654501063175183)	(135, 2.498156738236804)	(140, 2.856745678120073)
NG-29643_EFM_192C_lib581294_7997_4_2 - polya	(1, 0.014714804168229267)	(2, 0.019425362007507763)	(3, 0.02169814927416448)	(4, 0.02578575290643694)	(5, 0.02909679718477038)	(6, 0.032106320248753865)	(7, 0.035525457037892)	(8, 0.04280463427866113)	(9, 0.05217454824157379)	(10, 0.06871440911854768)	(15, 0.09983594970307556)	(20, 0.12709403638826283)	(25, 0.15162648507731688)	(30, 0.17453925282815522)	(35, 0.20177401428732678)	(40, 0.22594008625554798)	(45, 0.25085996125964416)	(50, 0.27694495974862454)	(55, 0.30757211932320894)	(60, 0.33366963378712466)	(65, 0.36176458406912093)	(70, 0.39276665398381205)	(75, 0.42381139199487344)	(80, 0.4508134701018391)	(85, 0.48940306536706846)	(90, 0.5178604100142363)	(95, 0.545394985963903)	(100, 0.568283859580774)	(105, 0.5911021886116462)	(110, 0.6152233168516907)	(115, 0.6404919324301199)	(120, 0.6660501221559153)	(125, 0.6937707310057565)	(130, 0.7213639044744383)	(135, 0.7496841423052697)	(140, 0.7637503914086707)
NG-29643_EFM_192C_lib581294_7997_4_2 - polyg	(1, 0.4038620657639387)	(2, 0.4063026808763185)	(3, 0.40647619780155764)	(4, 0.40662411386897457)	(5, 0.40675211815808543)	(6, 0.40697683679896884)	(7, 0.4072669798542867)	(8, 0.40777899701073006)	(9, 0.40857831268273326)	(10, 0.41038857778473614)	(15, 0.4125151557078307)	(20, 0.4137570817661816)	(25, 0.4148903464057761)	(30, 0.41624719187035086)	(35, 0.4178298937917123)	(40, 0.41946493524462136)	(45, 0.42108234055103055)	(50, 0.42313268480861027)	(55, 0.4280383780752889)	(60, 0.43358124824776345)	(65, 0.4384317574431365)	(70, 0.4430933891985771)	(75, 0.448209578407349)	(80, 0.45687404651027314)	(85, 0.46615009066117113)	(90, 0.47507227406617175)	(95, 0.4834699243397937)	(100, 0.4922487429409902)	(105, 0.5015082887612918)	(110, 0.5122253767536018)	(115, 0.5248858543085901)	(120, 0.5402065454452774)	(125, 0.5587950438559761)	(130, 0.5828490409577316)	(135, 0.6142772229281738)	(140, 0.6378368390199856)
NG-29643_EFM_19_lib581291_7997_4_1 - illumina_universal_adapter	(1, 0.0017909085223373057)	(2, 0.001972407007537984)	(3, 0.004254102250060798)	(4, 0.011902966983517956)	(5, 0.016351531896293767)	(6, 0.019027708540324175)	(7, 0.021514978597717144)	(8, 0.0235522064928268)	(9, 0.02516346855532262)	(10, 0.03249452573714267)	(15, 0.04118311750724943)	(20, 0.04698032728658783)	(25, 0.050891434440126525)	(30, 0.05458289138606522)	(35, 0.05736981914657524)	(40, 0.059987101384183374)	(45, 0.06277847400555545)	(50, 0.06593284359732886)	(55, 0.06970578965907195)	(60, 0.07434548358891623)	(65, 0.08029641147306744)	(70, 0.08864941624808888)	(75, 0.10082463095940783)	(80, 0.11909004586188918)	(85, 0.146641886320424)	(90, 0.1882191148241092)	(95, 0.2519058220658117)	(100, 0.3469650980820592)	(105, 0.48608887265938494)	(110, 0.6802863253429614)	(115, 0.9435150600497926)	(120, 1.2869157501255535)	(125, 1.7182735693701379)	(130, 2.242257103308993)	(135, 2.859102299972881)	(140, 3.2742141527666453)
NG-29643_EFM_19_lib581291_7997_4_1 - polya	(1, 0.011269574310674772)	(2, 0.01919253879729214)	(3, 0.02398002435079983)	(4, 0.03061397918742054)	(5, 0.03438655484409178)	(6, 0.0375535182083077)	(7, 0.04254657857668555)	(8, 0.05043620660683748)	(9, 0.06397080793180235)	(10, 0.08720298444256103)	(15, 0.11635275238100547)	(20, 0.14884357406742976)	(25, 0.1906119315881834)	(30, 0.2271490582793673)	(35, 0.25680591076115816)	(40, 0.2827935306013206)	(45, 0.30943676741863657)	(50, 0.33496508496971966)	(55, 0.3623539471966457)	(60, 0.3877929971254159)	(65, 0.41545373667507113)	(70, 0.447309313663293)	(75, 0.4758556917397131)	(80, 0.5010980565753373)	(85, 0.5291143849939571)	(90, 0.5589568104167387)	(95, 0.5901493623263706)	(100, 0.6187794519490261)	(105, 0.6475399241569686)	(110, 0.6731630654064424)	(115, 0.6960222440098601)	(120, 0.7181635775840556)	(125, 0.741668372227687)	(130, 0.7690361213655182)	(135, 0.7964412814156052)	(140, 0.8106463159205971)
NG-29643_EFM_19_lib581291_7997_4_1 - polyg	(1, 0.0)	(2, 0.0)	(3, 0.00037040507183811903)	(4, 0.0005426434302428444)	(5, 0.0006370967235615648)	(6, 0.0007648864733457158)	(7, 0.0009260126795952976)	(8, 0.001144551671979788)	(9, 0.001437171678731902)	(10, 0.0020264861480263495)	(15, 0.0029887985246617827)	(20, 0.003855175987691143)	(25, 0.004887124517832143)	(30, 0.006001302973921205)	(35, 0.007316611384018365)	(40, 0.008689332580250436)	(45, 0.01024244104646767)	(50, 0.011836664475658933)	(55, 0.014555067297878888)	(60, 0.017141605914524474)	(65, 0.020200781402835495)	(70, 0.16654078758971141)	(75, 0.2992643329307462)	(80, 0.3179875685020194)	(85, 0.33111139060231587)	(90, 0.34143828400516263)	(95, 0.34873526392037363)	(100, 0.35514438287838856)	(105, 0.3614660862394497)	(110, 0.3672740377658715)	(115, 0.3735161040364874)	(120, 0.3804467533356505)	(125, 0.38805042865034334)	(130, 0.3965764125939132)	(135, 0.4067907028549212)	(140, 0.4140184170216984)
NG-29643_EFM_19_lib581291_7997_4_2 - illumina_universal_adapter	(1, 0.0018020206744924492)	(2, 0.001981667134333937)	(3, 0.004268918452934322)	(4, 0.012001124327555058)	(5, 0.01646080139248601)	(6, 0.019181426645136994)	(7, 0.021709441260432158)	(8, 0.0237688934598521)	(9, 0.02539126767450306)	(10, 0.03272639931211333)	(15, 0.041442030652464275)	(20, 0.04728480025563876)	(25, 0.051372220223372414)	(30, 0.05533259125146558)	(35, 0.05845029074112703)	(40, 0.06150539177364783)	(45, 0.06480347853329445)	(50, 0.06853901368278187)	(55, 0.07286015925084537)	(60, 0.07810250223257027)	(65, 0.08467126577654746)	(70, 0.09365803362948391)	(75, 0.1065184977237034)	(80, 0.12553583492201612)	(85, 0.15404813573182716)	(90, 0.19678547292050935)	(95, 0.2616852567724817)	(100, 0.35820837363263347)	(105, 0.49907934893381956)	(110, 0.6955536815939849)	(115, 0.9614282197289559)	(120, 1.30776362918889)	(125, 1.7424102750663253)	(130, 2.269744122879956)	(135, 2.8900251969902144)	(140, 3.3073505904932836)
NG-29643_EFM_19_lib581291_7997_4_2 - polya	(1, 0.015010665536239774)	(2, 0.020425987686513075)	(3, 0.022800284196995417)	(4, 0.0272544051858488)	(5, 0.030515821843383438)	(6, 0.03356055153389278)	(7, 0.03660157717368374)	(8, 0.04423562570426737)	(9, 0.054660676451151226)	(10, 0.0720482313333762)	(15, 0.10597918793910713)	(20, 0.13519488798033874)	(25, 0.1613010374434894)	(30, 0.18476249469371583)	(35, 0.21000078507354977)	(40, 0.23599877625572369)	(45, 0.262558671931876)	(50, 0.2903590541936142)	(55, 0.3243570541173478)	(60, 0.350770639790124)	(65, 0.3801293161890852)	(70, 0.412083791331488)	(75, 0.44504650907943394)	(80, 0.4744496340870157)	(85, 0.5172584594545626)	(90, 0.5482954412340224)	(95, 0.5790242459937127)	(100, 0.603698779854209)	(105, 0.6285799997447908)	(110, 0.6545046507227409)	(115, 0.6819094403677559)	(120, 0.7090793931972256)	(125, 0.7386569789936431)	(130, 0.7692165086355034)	(135, 0.8000082822574063)	(140, 0.8152245226085162)
NG-29643_EFM_19_lib581291_7997_4_2 - polyg	(1, 0.33190516867126496)	(2, 0.3339905492257136)	(3, 0.3341053747979834)	(4, 0.33423131252240834)	(5, 0.33434613809467817)	(6, 0.3344980041741318)	(7, 0.3347702519019328)	(8, 0.3352184420388569)	(9, 0.33579627395092443)	(10, 0.33716417988122255)	(15, 0.3386991384989198)	(20, 0.33974664404207794)	(25, 0.34077414771135695)	(30, 0.3420238944237387)	(35, 0.34348514243214007)	(40, 0.3452212310038454)	(45, 0.35399723837090585)	(50, 0.3678489064373642)	(55, 0.3796829780775203)	(60, 0.3900324661897491)	(65, 0.3979072780170275)	(70, 0.4045845702470533)	(75, 0.41093553560878976)	(80, 0.41707796291508126)	(85, 0.4243512369056946)	(90, 0.4328098071261898)	(95, 0.4419706653628902)	(100, 0.45180121596947387)	(105, 0.46288447652901415)	(110, 0.4755041773265388)	(115, 0.49094969841711655)	(120, 0.5111452941489463)	(125, 0.5375266545804728)	(130, 0.5741786068439263)	(135, 0.6250333711819409)	(140, 0.6651586118040207)
NG-29643_ETCC_006_lib581311_8005_3_1 - illumina_universal_adapter	(1, 0.0014381355528443878)	(2, 0.001556544917225288)	(3, 0.0030075978552748647)	(4, 0.008680482857887082)	(5, 0.011802184282474452)	(6, 0.013791461604073576)	(7, 0.015479333270884953)	(8, 0.01680982394701943)	(9, 0.017920719074665695)	(10, 0.022819422123980245)	(15, 0.028515988999468646)	(20, 0.03252296189011831)	(25, 0.03528728232402877)	(30, 0.03783803532254679)	(35, 0.039905678114390726)	(40, 0.04178860229780045)	(45, 0.04367281821973071)	(50, 0.045949292072391866)	(55, 0.048732127425096444)	(60, 0.052209056942826515)	(65, 0.05714737330677031)	(70, 0.06470189075427175)	(75, 0.07649933866217096)	(80, 0.09521576866547629)	(85, 0.1253033728649096)	(90, 0.17366692423215133)	(95, 0.25228600580649385)	(100, 0.37280994614548346)	(105, 0.5547577754531747)	(110, 0.8153660219678649)	(115, 1.1757726948393257)	(120, 1.6500581745207203)	(125, 2.2492732840550875)	(130, 2.9818117403487596)	(135, 3.844398555672714)	(140, 4.422912694256752)
NG-29643_ETCC_006_lib581311_8005_3_1 - polya	(1, 0.010669760179486206)	(2, 0.017813074197955785)	(3, 0.02180669912389342)	(4, 0.027374092147329925)	(5, 0.031161038909984534)	(6, 0.03404161581074171)	(7, 0.03884257731200366)	(8, 0.04625930931731641)	(9, 0.05994743183974847)	(10, 0.08319097477796575)	(15, 0.11062190342019851)	(20, 0.13674128688459775)	(25, 0.17179175047986472)	(30, 0.20370802584484596)	(35, 0.22972320906859003)	(40, 0.2521284137069905)	(45, 0.27624301898754433)	(50, 0.29905598241892206)	(55, 0.322791677733457)	(60, 0.3463973380369264)	(65, 0.3735346114554946)	(70, 0.40736567388739175)	(75, 0.4312860878103608)	(80, 0.4525214079286782)	(85, 0.4775682178415398)	(90, 0.5051791287176316)	(95, 0.5311013067678981)	(100, 0.5547956664497766)	(105, 0.5787866954118674)	(110, 0.6000646429013619)	(115, 0.6186273560207255)	(120, 0.638416790155075)	(125, 0.6575061020113037)	(130, 0.6790294798196965)	(135, 0.701598735250203)	(140, 0.7148007335094131)
NG-29643_ETCC_006_lib581311_8005_3_1 - polyg	(1, 0.0)	(2, 0.0)	(3, 0.0002712650893089713)	(4, 0.00037029837588208785)	(5, 0.0004478026871132225)	(6, 0.0005511417687547354)	(7, 0.0006587866454646447)	(8, 0.0007987249851875267)	(9, 0.0009817212755943725)	(10, 0.0014915274116925027)	(15, 0.0023578533794538525)	(20, 0.003174662703928644)	(25, 0.003966067837499897)	(30, 0.00491162043451974)	(35, 0.005934246763263877)	(40, 0.00727205729101463)	(45, 0.009087380491850542)	(50, 0.010863520957564043)	(55, 0.012640092002784386)	(60, 0.014935080774239651)	(65, 0.017838478388859325)	(70, 0.11665044709546027)	(75, 0.21270024826568493)	(80, 0.22826914207399254)	(85, 0.2382043336148103)	(90, 0.24587295463162423)	(95, 0.2519101098970228)	(100, 0.2571476790182202)	(105, 0.26245284912199135)	(110, 0.2674497242988654)	(115, 0.27260634447277676)	(120, 0.2779726568665192)	(125, 0.2841579314822706)	(130, 0.2912831611614529)	(135, 0.2998680553688216)	(140, 0.30612050038764)
NG-29643_ETCC_006_lib581311_8005_3_2 - illumina_universal_adapter	(1, 0.0014359826553101895)	(2, 0.0015543920196910898)	(3, 0.0030269739330826485)	(4, 0.008738611091310433)	(5, 0.0118646183109662)	(6, 0.013866813017770511)	(7, 0.015556837582116087)	(8, 0.01689378695085316)	(9, 0.018011140771102017)	(10, 0.022938692647374824)	(15, 0.028646885169547893)	(20, 0.032718014406716664)	(25, 0.03560461942056959)	(30, 0.038330187698864496)	(35, 0.040628190526867634)	(40, 0.04280735341098304)	(45, 0.045033018881837125)	(50, 0.04769787544966764)	(55, 0.05089923408302034)	(60, 0.05484893989926032)	(65, 0.060266491254316636)	(70, 0.0683252173043273)	(75, 0.08060319194185954)	(80, 0.09991769688016514)	(85, 0.13068518612089824)	(90, 0.17980052930708196)	(95, 0.25932641132282874)	(100, 0.3809181888387807)	(105, 0.5643734769999175)	(110, 0.8267867128072796)	(115, 1.1896308962669597)	(120, 1.665828148958722)	(125, 2.264835719170793)	(130, 2.9966783589814114)	(135, 3.8591588211671763)	(140, 4.43806048130737)
NG-29643_ETCC_006_lib581311_8005_3_2 - polya	(1, 0.012297350715340034)	(2, 0.01676676599633547)	(3, 0.018943345403409834)	(4, 0.022325547429635183)	(5, 0.024930553446014986)	(6, 0.027102827058020956)	(7, 0.029496849116049335)	(8, 0.03536780069180779)	(9, 0.04344977803518778)	(10, 0.056419263360704484)	(15, 0.08030049454855129)	(20, 0.10254595418991427)	(25, 0.12375113374275273)	(30, 0.1449924819741657)	(35, 0.16296788464620002)	(40, 0.18269230127501696)	(45, 0.20156761511634613)	(50, 0.22182896439019206)	(55, 0.24489295567405725)	(60, 0.26395643275987535)	(65, 0.2870027702839601)	(70, 0.31352991254133644)	(75, 0.3382408704388632)	(80, 0.35944648057120854)	(85, 0.3876563275413142)	(90, 0.41002493292163333)	(95, 0.43291712298226936)	(100, 0.4546484706924659)	(105, 0.47430959213377744)	(110, 0.4958708609387722)	(115, 0.5213831272985276)	(120, 0.5487787484211994)	(125, 0.5748201969948606)	(130, 0.5966419664014937)	(135, 0.6181382177009556)	(140, 0.6304717370948701)
NG-29643_ETCC_006_lib581311_8005_3_2 - polyg	(1, 0.24148836351347625)	(2, 0.24264662238687487)	(3, 0.24286191214029468)	(4, 0.24298678019727818)	(5, 0.24312456563946686)	(6, 0.24324943369645036)	(7, 0.243451806064665)	(8, 0.24388238557150463)	(9, 0.24447443239340913)	(10, 0.2459164431618151)	(15, 0.24739505318830238)	(20, 0.24848441934060667)	(25, 0.24968229152863453)	(30, 0.25083495286844426)	(35, 0.25227696363685015)	(40, 0.253891206207992)	(45, 0.2555627158535435)	(50, 0.25726135200802586)	(55, 0.26005796590494923)	(60, 0.26362531711911563)	(65, 0.26710267721635256)	(70, 0.2708943603535824)	(75, 0.27538702692794714)	(80, 0.2863904862252341)	(85, 0.29913563962768736)	(90, 0.3101360848684264)	(95, 0.3198043171150036)	(100, 0.32858512499798437)	(105, 0.33735732129082824)	(110, 0.34699756586946096)	(115, 0.35773966340609614)	(120, 0.36973560846664844)	(125, 0.38383062862304396)	(130, 0.4019640539740884)	(135, 0.4247576413276583)	(140, 0.4420264630289688)
NG-29643_ETCC_007_lib581312_7997_4_1 - illumina_universal_adapter	(1, 0.0009073512631196407)	(2, 0.0009816504980649215)	(3, 0.0021952046688378402)	(4, 0.006797254251509169)	(5, 0.009330182715552832)	(6, 0.010908478585148037)	(7, 0.012374199856341304)	(8, 0.01349544285642463)	(9, 0.014382530691831923)	(10, 0.01864460498732939)	(15, 0.023690648786097973)	(20, 0.02708950106104936)	(25, 0.029666558767666586)	(30, 0.03192795730036476)	(35, 0.03379264294829451)	(40, 0.03561139816007626)	(45, 0.03760171705982257)	(50, 0.0399004903591902)	(55, 0.042696393085100794)	(60, 0.046419910501843374)	(65, 0.05167669394882039)	(70, 0.05934752708392862)	(75, 0.07169200724629181)	(80, 0.091230004246539)	(85, 0.12358124203689506)	(90, 0.17636567003399056)	(95, 0.26103302549209)	(100, 0.38942615616307763)	(105, 0.579196308777984)	(110, 0.8472116611613559)	(115, 1.211181098238606)	(120, 1.6810841330088693)	(125, 2.2650067737261605)	(130, 2.975865379512725)	(135, 3.810771736471961)	(140, 4.368774751354796)
NG-29643_ETCC_007_lib581312_7997_4_1 - polya	(1, 0.009213105133214813)	(2, 0.016368346607642154)	(3, 0.02023640980873283)	(4, 0.025603966660537356)	(5, 0.028792079287280312)	(6, 0.031523139044511386)	(7, 0.03633457738021033)	(8, 0.04332545994097083)	(9, 0.055812234395714075)	(10, 0.07565643430361454)	(15, 0.10143331554729729)	(20, 0.12845482155091187)	(25, 0.16369517383465534)	(30, 0.19432762265661058)	(35, 0.21924173217814086)	(40, 0.24150673625007663)	(45, 0.26465252397990924)	(50, 0.28652396725583185)	(55, 0.311120166111475)	(60, 0.3340754776208115)	(65, 0.36072593774809336)	(70, 0.39140701879655826)	(75, 0.4153300215537577)	(80, 0.4367831376220188)	(85, 0.4616724807319006)	(90, 0.48800142780614647)	(95, 0.5129965910385261)	(100, 0.5367858551728242)	(105, 0.562149362491175)	(110, 0.5851861780097545)	(115, 0.6044994761115914)	(120, 0.6241221292098368)	(125, 0.6449043006716223)	(130, 0.6682166988070898)	(135, 0.6903470636593368)	(140, 0.7021705485802958)
NG-29643_ETCC_007_lib581312_7997_4_1 - polyg	(1, 0.0)	(2, 0.0)	(3, 0.0006957110181239925)	(4, 0.0010019139257772707)	(5, 0.0011865362671564532)	(6, 0.0013576496567274028)	(7, 0.0015062481266179643)	(8, 0.0017741756708145827)	(9, 0.0021569293053811806)	(10, 0.0029260389616632384)	(15, 0.004159406261754898)	(20, 0.0053468431256985674)	(25, 0.006728808895680789)	(30, 0.00815130152108771)	(35, 0.009629180848908386)	(40, 0.011466398294828057)	(45, 0.013694925044792871)	(50, 0.015868065092343932)	(55, 0.018719804819061887)	(60, 0.021640440200001835)	(65, 0.025265342268544315)	(70, 0.11955512409964805)	(75, 0.20082813026673224)	(80, 0.2131645050580105)	(85, 0.22205609713818936)	(90, 0.22941577408331462)	(95, 0.23527865916808768)	(100, 0.24078670911869784)	(105, 0.24632087637613723)	(110, 0.2518644998998424)	(115, 0.25771972991192416)	(120, 0.26420267588469504)	(125, 0.27108278504062805)	(130, 0.27882521562032)	(135, 0.28795681674429174)	(140, 0.2945784546222939)
NG-29643_ETCC_007_lib581312_7997_4_2 - illumina_universal_adapter	(1, 0.0009186087229598348)	(2, 0.0009929079579051156)	(3, 0.002222222572454306)	(4, 0.006828775139061713)	(5, 0.009384218522785762)	(6, 0.010969268868285085)	(7, 0.01243724163144639)	(8, 0.013556233139561679)	(9, 0.014443320974968971)	(10, 0.01869548870580707)	(15, 0.02372532176240577)	(20, 0.027163349997601033)	(25, 0.029876397819087804)	(30, 0.03232286899155877)	(35, 0.03442711338488784)	(40, 0.03655882598022699)	(45, 0.038950811047071425)	(50, 0.04172554974848246)	(55, 0.04501407891699995)	(60, 0.04927705380928463)	(65, 0.05504582652979366)	(70, 0.06329214101193262)	(75, 0.07627784608679325)	(80, 0.09654847857344027)	(85, 0.12968999004457799)	(90, 0.18333764006221953)	(95, 0.26888352768624774)	(100, 0.398388445091053)	(105, 0.5896995188088849)	(110, 0.8593255885461921)	(115, 1.224719769740817)	(120, 1.695673800961761)	(125, 2.2804637163851407)	(130, 2.9912196541379616)	(135, 3.8245711307440713)	(140, 4.381200735526402)
NG-29643_ETCC_007_lib581312_7997_4_2 - polya	(1, 0.010735113703609049)	(2, 0.015175055864581583)	(3, 0.017163123272359852)	(4, 0.020263427712349295)	(5, 0.02269503903783121)	(6, 0.024791178060075345)	(7, 0.027121472246995515)	(8, 0.03291906406469545)	(9, 0.04079928595283129)	(10, 0.053885407569466456)	(15, 0.07823889559095507)	(20, 0.09964337943270643)	(25, 0.11923766373215458)	(30, 0.13707938668368133)	(35, 0.15506520512116256)	(40, 0.17392145035348763)	(45, 0.19406464839474363)	(50, 0.21456403246534342)	(55, 0.2391750911679756)	(60, 0.2595425378092483)	(65, 0.2823442975663646)	(70, 0.3069499526882735)	(75, 0.33190954234755815)	(80, 0.3536260829760797)	(85, 0.3838631698084473)	(90, 0.40667573672701013)	(95, 0.4295815154130498)	(100, 0.4493081874402186)	(105, 0.4681121980588852)	(110, 0.48873766567969507)	(115, 0.5118244643199651)	(120, 0.535905521813321)	(125, 0.5597326110126821)	(130, 0.5816175632404129)	(135, 0.6034876556211548)	(140, 0.6148059057444859)
NG-29643_ETCC_007_lib581312_7997_4_2 - polyg	(1, 0.21731625624707404)	(2, 0.21924803635565135)	(3, 0.2193786228897976)	(4, 0.21948669450426345)	(5, 0.2196285384982499)	(6, 0.21982441829946928)	(7, 0.22007433390792158)	(8, 0.22045033306658407)	(9, 0.22106949335779474)	(10, 0.22231952169844987)	(15, 0.2237541723804842)	(20, 0.22482228017012185)	(25, 0.22585616528184524)	(30, 0.22695534366064182)	(35, 0.22817520200892524)	(40, 0.22950313197167455)	(45, 0.23105260874407882)	(50, 0.23287091365746698)	(55, 0.23857664460287092)	(60, 0.24565803714074658)	(65, 0.25163349682392167)	(70, 0.25679166492269856)	(75, 0.26143153957043286)	(80, 0.2681144180299657)	(85, 0.2764931202398253)	(90, 0.28437514332153563)	(95, 0.29168934012890646)	(100, 0.29941555996642844)	(105, 0.30788657334697767)	(110, 0.31814031806782006)	(115, 0.3311102626989044)	(120, 0.34689322139485645)	(125, 0.36746420291003984)	(130, 0.39622341041458686)	(135, 0.438363684983582)	(140, 0.4737229160432379)
NG-29643_EVSA_T_lib581299_7997_4_1 - illumina_universal_adapter	(1, 0.0009618780881147183)	(2, 0.0010801231485921777)	(3, 0.0023285181140176633)	(4, 0.006353398057192725)	(5, 0.008834270383748654)	(6, 0.010380551943838507)	(7, 0.01173809619585857)	(8, 0.01276137075768274)	(9, 0.013598181954907838)	(10, 0.017319263050394655)	(15, 0.021937642239427735)	(20, 0.025092511410705187)	(25, 0.027478787688879146)	(30, 0.029984218604918855)	(35, 0.0320835232170879)	(40, 0.034092779667816424)	(45, 0.03636854229331338)	(50, 0.03913502191979178)	(55, 0.042768783586002945)	(60, 0.0481907743975886)	(65, 0.05641108004424276)	(70, 0.06934799923786511)	(75, 0.09036014648470965)	(80, 0.12332232145888392)	(85, 0.17531785807168185)	(90, 0.2514785919478252)	(95, 0.35907250120843043)	(100, 0.5065672965497661)	(105, 0.7038414431973355)	(110, 0.9591234329942875)	(115, 1.281932448097752)	(120, 1.681208269868519)	(125, 2.165374949288218)	(130, 2.74586996722588)	(135, 3.4267996108009315)	(140, 3.8832405522708315)
NG-29643_EVSA_T_lib581299_7997_4_1 - polya	(1, 0.003988496847643536)	(2, 0.010646603329912793)	(3, 0.014425897378250053)	(4, 0.019753746930147892)	(5, 0.02289633680668345)	(6, 0.025716026710376712)	(7, 0.029759098201317537)	(8, 0.03672646099560476)	(9, 0.04846455719146334)	(10, 0.06825150369628374)	(15, 0.09379516549157985)	(20, 0.12313949640383799)	(25, 0.16042489270454582)	(30, 0.1925134185972693)	(35, 0.21818078291737258)	(40, 0.24047998216864488)	(45, 0.26462471394075376)	(50, 0.2879762942302755)	(55, 0.31231067288784253)	(60, 0.3350223654847035)	(65, 0.3595664017302709)	(70, 0.38556758095187593)	(75, 0.4100183855151438)	(80, 0.4318482428340594)	(85, 0.4557128247705756)	(90, 0.4808899268783916)	(95, 0.5080849264221248)	(100, 0.5333543506348521)	(105, 0.5590549145296279)	(110, 0.5826679983182823)	(115, 0.6036755976781855)	(120, 0.6249960916596596)	(125, 0.6461424015712767)	(130, 0.6696054050908637)	(135, 0.692728681455925)	(140, 0.7047746695977192)
NG-29643_EVSA_T_lib581299_7997_4_1 - polyg	(1, 0.0)	(2, 0.0)	(3, 0.0001227929474189002)	(4, 0.00019783308195267255)	(5, 0.0002751471599571653)	(6, 0.0003683788422567006)	(7, 0.0004388710898490322)	(8, 0.0005730337546215342)	(9, 0.0007253879671597994)	(10, 0.0012192884890002646)	(15, 0.002072017290520405)	(20, 0.00288063158870857)	(25, 0.003844328831599865)	(30, 0.004853504943905566)	(35, 0.0060350459712918735)	(40, 0.0073634837468867145)	(45, 0.009162173032226531)	(50, 0.011063189773748764)	(55, 0.015440530954885484)	(60, 0.01878959489856245)	(65, 0.02200586054354935)	(70, 0.09423358179273475)	(75, 0.16408685126979392)	(80, 0.17528829680656247)	(85, 0.18299832953838696)	(90, 0.1896405184163612)	(95, 0.1947464310855167)	(100, 0.1994039221022462)	(105, 0.2043179139424729)	(110, 0.2092037088836627)	(115, 0.214681183915934)	(120, 0.22093543803780324)	(125, 0.228204325736308)	(130, 0.23700494175669)	(135, 0.24841922840231798)	(140, 0.2572171156905351)
NG-29643_EVSA_T_lib581299_7997_4_2 - illumina_universal_adapter	(1, 0.0009686999185268794)	(2, 0.0010892189224750593)	(3, 0.0023239702270762223)	(4, 0.00638068537884137)	(5, 0.008882023196633781)	(6, 0.010437400530606517)	(7, 0.01179039689568514)	(8, 0.012811397514038588)	(9, 0.013652756598205126)	(10, 0.01739111966406942)	(15, 0.02203405744258628)	(20, 0.025266695480562363)	(25, 0.02779668498608585)	(30, 0.030527691094421022)	(35, 0.03296945159328056)	(40, 0.0354225818094937)	(45, 0.03822771847497435)	(50, 0.04164318156799636)	(55, 0.04585634403054706)	(60, 0.051895937888780386)	(65, 0.06086482572599568)	(70, 0.07460308259869988)	(75, 0.0965343577964096)	(80, 0.13055300690708055)	(85, 0.18390699734928684)	(90, 0.2619623809252344)	(95, 0.371748371691614)	(100, 0.5221438093242006)	(105, 0.7228884484967836)	(110, 0.9822407971063252)	(115, 1.3096681913988226)	(120, 1.7144351318626847)	(125, 2.204942020467447)	(130, 2.79215244826284)	(135, 3.479806142680811)	(140, 3.9405052706939827)
NG-29643_EVSA_T_lib581299_7997_4_2 - polya	(1, 0.009589219616027819)	(2, 0.013693687580678094)	(3, 0.01562653953079041)	(4, 0.01901698924563449)	(5, 0.021666133389023724)	(6, 0.02400829516386571)	(7, 0.026418675242829308)	(8, 0.03258106204848152)	(9, 0.04076498459960415)	(10, 0.05433178613461605)	(15, 0.08035161169268099)	(20, 0.10329843004441444)	(25, 0.12323818555046726)	(30, 0.14160118865392257)	(35, 0.15970769093388062)	(40, 0.17923449830565058)	(45, 0.20088835239993247)	(50, 0.22386336765070283)	(55, 0.25118752718357296)	(60, 0.27294825662097866)	(65, 0.29685649827213273)	(70, 0.3225643387860148)	(75, 0.34833448535099465)	(80, 0.37164240592587855)	(85, 0.4061317613349885)	(90, 0.4312138126057284)	(95, 0.4564436702020651)	(100, 0.4775631475807277)	(105, 0.4979072102358746)	(110, 0.5199644619018622)	(115, 0.5438840732703698)	(120, 0.5686086606275124)	(125, 0.5944461159192256)	(130, 0.6187400183830138)	(135, 0.6436728989620744)	(140, 0.655893980751114)
NG-29643_EVSA_T_lib581299_7997_4_2 - polyg	(1, 0.1899470459962143)	(2, 0.19195948596780182)	(3, 0.19207545708480855)	(4, 0.19218915425834457)	(5, 0.19231649509270493)	(6, 0.1924711232487139)	(7, 0.19266213450025443)	(8, 0.1929395556036823)	(9, 0.19334886542841198)	(10, 0.1942620811262533)	(15, 0.19531082385494952)	(20, 0.19610897801317234)	(25, 0.1969235045643844)	(30, 0.19786991983689822)	(35, 0.19896641537847956)	(40, 0.20025937963593118)	(45, 0.20329964205628434)	(50, 0.2122166839823672)	(55, 0.21940507408200846)	(60, 0.22609819929372682)	(65, 0.23137647687796292)	(70, 0.23608763296060142)	(75, 0.24119263605236863)	(80, 0.24654640855983265)	(85, 0.2528747932388475)	(90, 0.25988263222691355)	(95, 0.2674225739871282)	(100, 0.2761490594503647)	(105, 0.28662693617475)	(110, 0.3001855515132673)	(115, 0.318505804479473)	(120, 0.34445286384647505)	(125, 0.381132481606583)	(130, 0.4345460493677221)	(135, 0.5105735301564811)	(140, 0.5679719564557107)
NG-29643_HCC_1143_lib581306_7997_4_1 - illumina_universal_adapter	(1, 0.0006533468432830771)	(2, 0.0007456411928918389)	(3, 0.001896891764327447)	(4, 0.0058874079855694384)	(5, 0.008296776270092905)	(6, 0.009788058655876583)	(7, 0.011072893154377504)	(8, 0.012073558208030395)	(9, 0.012921208945226656)	(10, 0.016829631771290328)	(15, 0.02138411504461533)	(20, 0.024521151411843668)	(25, 0.026774590821501805)	(30, 0.028863843440803304)	(35, 0.030497939188613172)	(40, 0.03205091306071428)	(45, 0.03370443919791547)	(50, 0.03575531679816911)	(55, 0.038569322941766786)	(60, 0.042647275915269706)	(65, 0.04891551953290898)	(70, 0.05898143275708142)	(75, 0.07600148234440667)	(80, 0.10317585342763484)	(85, 0.14540537597099118)	(90, 0.2064580882371872)	(95, 0.2940259956265108)	(100, 0.4147484621939756)	(105, 0.5781662948904536)	(110, 0.791067500249802)	(115, 1.0643627276749803)	(120, 1.4081042891175877)	(125, 1.833753199760093)	(130, 2.3532654639547093)	(135, 2.9771344634922174)	(140, 3.4016078355765473)
NG-29643_HCC_1143_lib581306_7997_4_1 - polya	(1, 0.011378921787290767)	(2, 0.019163221537187653)	(3, 0.023773081420277915)	(4, 0.030046668394999802)	(5, 0.03412462136850273)	(6, 0.037221339677744075)	(7, 0.042006073065356204)	(8, 0.04930947067781796)	(9, 0.06336978620111065)	(10, 0.0875523630778106)	(15, 0.11700446155743607)	(20, 0.14812563048577576)	(25, 0.1873181831672691)	(30, 0.2235199131617037)	(35, 0.2520393529505459)	(40, 0.2780138974888602)	(45, 0.3058780473954802)	(50, 0.33254237075718623)	(55, 0.3610025478583849)	(60, 0.38752988697488217)	(65, 0.41485435781615826)	(70, 0.446414167785007)	(75, 0.47416513567342256)	(80, 0.4993410912077536)	(85, 0.5265135192520427)	(90, 0.5547167294535412)	(95, 0.585014049871689)	(100, 0.6128432250774045)	(105, 0.6413009733799293)	(110, 0.6671142456862957)	(115, 0.6901149691282686)	(120, 0.7126493632248501)	(125, 0.7353591165856881)	(130, 0.7607866956626368)	(135, 0.7866990629548989)	(140, 0.8009595114889221)
NG-29643_HCC_1143_lib581306_7997_4_1 - polyg	(1, 0.0)	(2, 0.0)	(3, 0.000835506743826686)	(4, 0.0011706809608269264)	(5, 0.0013285528746313873)	(6, 0.001547144755283718)	(7, 0.0017463062465447304)	(8, 0.002079051664871056)	(9, 0.00242636987524087)	(10, 0.0031341218088196386)	(15, 0.004274685666090021)	(20, 0.005448281185325646)	(25, 0.006687454268756968)	(30, 0.008038837850923155)	(35, 0.00980554600632877)	(40, 0.011622287414417027)	(45, 0.013605644411535842)	(50, 0.015523909604193739)	(55, 0.017465977023856)	(60, 0.019460506494874817)	(65, 0.022002487186994036)	(70, 0.0983571168585879)	(75, 0.15328245583023165)	(80, 0.16362185178508687)	(85, 0.17172140960285792)	(90, 0.1785647927464802)	(95, 0.18399121474374064)	(100, 0.18898045297969635)	(105, 0.1941183336944957)	(110, 0.1993475372394342)	(115, 0.20523300218606452)	(120, 0.21139194986337762)	(125, 0.2182771083441913)	(130, 0.2263790949606362)	(135, 0.23644792274321738)	(140, 0.24405540594965325)
NG-29643_HCC_1143_lib581306_7997_4_2 - illumina_universal_adapter	(1, 0.000655775641956992)	(2, 0.0007480699915657537)	(3, 0.00191875095239268)	(4, 0.005909267173634671)	(5, 0.008321064256832053)	(6, 0.009829348233333134)	(7, 0.011109325134486226)	(8, 0.012112418986813032)	(9, 0.012955212126661462)	(10, 0.016864606472194697)	(15, 0.021419089745519704)	(20, 0.024585757456569803)	(25, 0.026942177930001927)	(30, 0.029179587268412223)	(35, 0.03102984609820051)	(40, 0.0328655321359453)	(45, 0.03485034641226846)	(50, 0.03726165773573107)	(55, 0.04046815774503336)	(60, 0.04499155239533226)	(65, 0.051799960838050184)	(70, 0.06239389489393169)	(75, 0.07996722481917473)	(80, 0.1078002861027686)	(85, 0.15079925206602116)	(90, 0.21294200917707004)	(95, 0.30147269236073354)	(100, 0.4229587732312772)	(105, 0.5871052455299297)	(110, 0.8010479197606527)	(115, 1.0754812822444275)	(120, 1.4199092221922833)	(125, 1.8462401395024237)	(130, 2.3654434605057175)	(135, 2.98822921583466)	(140, 3.4115294781594896)
NG-29643_HCC_1143_lib581306_7997_4_2 - polya	(1, 0.014448923311119055)	(2, 0.0198117107831229)	(3, 0.021905335240037443)	(4, 0.026007576200279516)	(5, 0.029012000159912104)	(6, 0.03188769778982721)	(7, 0.034722105842285765)	(8, 0.04244811442400869)	(9, 0.05272436161334215)	(10, 0.0687495752638319)	(15, 0.09923342742013637)	(20, 0.12596818594338596)	(25, 0.14978498573979435)	(30, 0.17142703920357943)	(35, 0.19312204047845585)	(40, 0.21588668468932437)	(45, 0.24057007985258552)	(50, 0.2667811893817391)	(55, 0.2982773648253313)	(60, 0.3235271558393493)	(65, 0.35255470031077457)	(70, 0.38421603406419286)	(75, 0.41541541030983264)	(80, 0.44267284630770865)	(85, 0.4823016112310371)	(90, 0.5116823030296495)	(95, 0.5411412021455619)	(100, 0.565094986187179)	(105, 0.588397852184187)	(110, 0.6137161353208096)	(115, 0.6409803719549725)	(120, 0.6691379207414015)	(125, 0.6992584246160882)	(130, 0.7284316970079483)	(135, 0.7576875485547214)	(140, 0.7723871238889886)
NG-29643_HCC_1143_lib581306_7997_4_2 - polyg	(1, 0.1694669986737302)	(2, 0.17141489521020986)	(3, 0.17154119274125343)	(4, 0.17163348709086218)	(5, 0.17171120864842745)	(6, 0.17188122455560148)	(7, 0.17208524364421032)	(8, 0.17243013305590624)	(9, 0.1729668975628414)	(10, 0.17416283802987703)	(15, 0.1755239368067389)	(20, 0.1765153724254309)	(25, 0.17744365927860115)	(30, 0.17847104111766707)	(35, 0.17970001324666796)	(40, 0.18100330661509065)	(45, 0.1822619100879133)	(50, 0.18360843607273164)	(55, 0.18753871808686054)	(60, 0.19323862281480378)	(65, 0.19816568380470728)	(70, 0.20241753876326252)	(75, 0.20641436986105668)	(80, 0.21324269445290073)	(85, 0.22180372401871554)	(90, 0.22929802520694703)	(95, 0.2361161488443606)	(100, 0.24275162682149581)	(105, 0.2499641873635531)	(110, 0.2586136252010985)	(115, 0.2697511244002021)	(120, 0.2844783880393518)	(125, 0.3049313016723882)	(130, 0.3340249094677438)	(135, 0.3759600616118217)	(140, 0.40969461791329376)
NG-29643_HCC_1599_lib581304_7997_4_1 - illumina_universal_adapter	(1, 0.0007144297750481649)	(2, 0.0008634834691229619)	(3, 0.0022255258460133483)	(4, 0.007149437533035952)	(5, 0.009991737285565702)	(6, 0.011710994549980171)	(7, 0.013335165837140027)	(8, 0.014540444846124162)	(9, 0.015380799293752759)	(10, 0.0200359003531853)	(15, 0.025254321580569485)	(20, 0.029026921975428138)	(25, 0.031905200205838015)	(30, 0.03470278385014532)	(35, 0.036959662369739923)	(40, 0.039410824669887184)	(45, 0.04196324068635423)	(50, 0.04504865215370253)	(55, 0.048770882679529004)	(60, 0.053812495387045155)	(65, 0.06069312229249104)	(70, 0.0700264534328505)	(75, 0.0838457867866059)	(80, 0.10442599011229192)	(85, 0.13514081667855327)	(90, 0.18104986843184617)	(95, 0.25044412861051735)	(100, 0.35117769893579776)	(105, 0.49310868234684124)	(110, 0.6863254440412343)	(115, 0.9404147064392635)	(120, 1.2615272473236636)	(125, 1.6530512113542322)	(130, 2.1138358012170593)	(135, 2.6442274382563062)	(140, 2.99200876888022)
NG-29643_HCC_1599_lib581304_7997_4_1 - polya	(1, 0.00835985632457439)	(2, 0.016144057003066807)	(3, 0.020697904346179567)	(4, 0.026976148736261103)	(5, 0.030792437282831337)	(6, 0.0340433497484282)	(7, 0.03874625078561576)	(8, 0.046795150265654804)	(9, 0.06051579979436758)	(10, 0.08378924917850857)	(15, 0.11278019267605657)	(20, 0.14662360488312237)	(25, 0.19009023196661032)	(30, 0.226981535228378)	(35, 0.25513777803910714)	(40, 0.2807266994639618)	(45, 0.30806931469634474)	(50, 0.3340108252044246)	(55, 0.3619825498214542)	(60, 0.3871181424250193)	(65, 0.4142042825079425)	(70, 0.4458391301514242)	(75, 0.4750336090381226)	(80, 0.5000854231860525)	(85, 0.5270903547046177)	(90, 0.5548744772584154)	(95, 0.5868978924630024)	(100, 0.6155532081597543)	(105, 0.6445364419834709)	(110, 0.6706578448809515)	(115, 0.69324770318537)	(120, 0.7156463615787685)	(125, 0.7384937229891577)	(130, 0.7642805260423531)	(135, 0.7913353134516949)	(140, 0.8055324208231917)
NG-29643_HCC_1599_lib581304_7997_4_1 - polyg	(1, 0.0)	(2, 0.0)	(3, 0.0003829138002955992)	(4, 0.0006142040152392497)	(5, 0.0007195695576024682)	(6, 0.0008403544476285968)	(7, 0.0009894081417033938)	(8, 0.001143601618332494)	(9, 0.001403160637324813)	(10, 0.001974704457363345)	(15, 0.002918368534333439)	(20, 0.003848155198406914)	(25, 0.0049609181214135874)	(30, 0.006059803631523643)	(35, 0.007111917120389538)	(40, 0.008343922998656049)	(45, 0.00983702983068117)	(50, 0.011374852770928732)	(55, 0.012983090732170249)	(60, 0.014830328582186868)	(65, 0.01728714464314387)	(70, 0.09845921654500116)	(75, 0.1658890518314176)	(80, 0.17731324651486763)	(85, 0.18564945983969222)	(90, 0.19243088894184007)	(95, 0.19795769712248248)	(100, 0.2031714925455678)	(105, 0.20849836318484774)	(110, 0.2138571004759644)	(115, 0.21990302669459144)	(120, 0.22667006440558723)	(125, 0.2340081319583661)	(130, 0.2427524440180024)	(135, 0.25388521303062345)	(140, 0.26191817918474414)
NG-29643_HCC_1599_lib581304_7997_4_2 - illumina_universal_adapter	(1, 0.0007195695576024682)	(2, 0.0008686232516772652)	(3, 0.0022486548675077133)	(4, 0.007193125684747531)	(5, 0.010040565219831583)	(6, 0.011752112810414597)	(7, 0.01338399377140591)	(8, 0.014604692128052954)	(9, 0.015434767010572944)	(10, 0.020072392809320848)	(15, 0.025347351644802375)	(20, 0.029202702538785312)	(25, 0.03222746457199283)	(30, 0.035328295387004036)	(35, 0.03796705975038338)	(40, 0.04093271428421641)	(45, 0.044041768751314506)	(50, 0.047769653037950714)	(55, 0.052223788599510004)	(60, 0.058110381558953615)	(65, 0.06585397795526704)	(70, 0.07615358821583548)	(75, 0.09092943510294677)	(80, 0.11238134554984262)	(85, 0.14410254154023658)	(90, 0.1910606229128628)	(95, 0.26166375994830615)	(100, 0.36381796617159595)	(105, 0.5076640325623727)	(110, 0.7030939846246489)	(115, 0.9593769062168549)	(120, 1.2827411858382956)	(125, 1.6764032994114537)	(130, 2.1393666430990503)	(135, 2.6718111092904855)	(140, 3.0207966909668733)
NG-29643_HCC_1599_lib581304_7997_4_2 - polya	(1, 0.012168435197313168)	(2, 0.017467551010799918)	(3, 0.019600560770835804)	(4, 0.02363529007596393)	(5, 0.02644675113316786)	(6, 0.02898580371499371)	(7, 0.03189749053200656)	(8, 0.03917799252017724)	(9, 0.048853633178653294)	(10, 0.06488667087854713)	(15, 0.09497855579922694)	(20, 0.12190947444901017)	(25, 0.14582488267418364)	(30, 0.16693345564645204)	(35, 0.1895747117764137)	(40, 0.2124590796211939)	(45, 0.23744664648719502)	(50, 0.26308388186806014)	(55, 0.29376735576074026)	(60, 0.31752805653102917)	(65, 0.34382575397012227)	(70, 0.37271081794705163)	(75, 0.40177423237861526)	(80, 0.42789203742830767)	(85, 0.465144667403643)	(90, 0.49215011290046357)	(95, 0.5189432853777916)	(100, 0.5401644195879991)	(105, 0.5615227859924067)	(110, 0.5838129949739095)	(115, 0.6073650205724936)	(120, 0.6308641064107685)	(125, 0.6558861098198835)	(130, 0.6819494331745004)	(135, 0.7081016747673067)	(140, 0.7205795248743888)
NG-29643_HCC_1599_lib581304_7997_4_2 - polyg	(1, 0.20632372118612202)	(2, 0.2080738171458623)	(3, 0.20822544073121424)	(4, 0.2083873438816748)	(5, 0.20851069866297808)	(6, 0.20870087061748732)	(7, 0.208983558657974)	(8, 0.2094307197401984)	(9, 0.20997810658223168)	(10, 0.21135454035027412)	(15, 0.21296843207232535)	(20, 0.21395167247496363)	(25, 0.21504284831124218)	(30, 0.21624298753767204)	(35, 0.217645120218486)	(40, 0.21935255598302555)	(45, 0.22104817024769025)	(50, 0.2230285284658633)	(55, 0.2284772119516803)	(60, 0.23594428804657216)	(65, 0.24200974543890555)	(70, 0.24734843757806044)	(75, 0.25259923943553675)	(80, 0.26064608300255404)	(85, 0.27057871278874523)	(90, 0.2796637924317319)	(95, 0.28807607453836015)	(100, 0.2967931457504586)	(105, 0.3060807328260847)	(110, 0.31707575566625046)	(115, 0.33004188511599153)	(120, 0.3456298176466827)	(125, 0.3652735525909746)	(130, 0.3907226719303522)	(135, 0.42494437213341485)	(140, 0.4508154676205007)
NG-29643_HCC_1937_lib581305_7997_4_1 - illumina_universal_adapter	(1, 0.0015725959086199009)	(2, 0.0016875688436986792)	(3, 0.003209498713131322)	(4, 0.008040310680254908)	(5, 0.010737302920068964)	(6, 0.01241512829469317)	(7, 0.01388444343112366)	(8, 0.015040018863356128)	(9, 0.015979289282135302)	(10, 0.019854461802434602)	(15, 0.024224602551717118)	(20, 0.027285221057390497)	(25, 0.02937811821458724)	(30, 0.03159495229841128)	(35, 0.03341386310523385)	(40, 0.03531306009723008)	(45, 0.037601606113442244)	(50, 0.04029859835325629)	(55, 0.04370920226808474)	(60, 0.048370088134549516)	(65, 0.054810521192776)	(70, 0.06412138024034215)	(75, 0.07806818187354245)	(80, 0.0994243071297348)	(85, 0.13161867764560758)	(90, 0.17860207526147817)	(95, 0.24622993515234154)	(100, 0.3410705246906814)	(105, 0.4720266464392249)	(110, 0.6460442246317821)	(115, 0.8749288361377474)	(120, 1.1656720046261992)	(125, 1.5269777658907455)	(130, 1.9693694562705801)	(135, 2.497716861609124)	(140, 2.8545129556472415)
NG-29643_HCC_1937_lib581305_7997_4_1 - polya	(1, 0.01453920455292823)	(2, 0.022143007818646757)	(3, 0.026445723761933923)	(4, 0.03256851972833259)	(5, 0.03600406692399168)	(6, 0.039036234499967605)	(7, 0.0433974112577016)	(8, 0.050572501884143334)	(9, 0.06419582034407112)	(10, 0.0853683786429004)	(15, 0.11358780351515134)	(20, 0.14565706788810795)	(25, 0.18615287405543157)	(30, 0.2208236446712724)	(35, 0.24833530394995368)	(40, 0.273461372260441)	(45, 0.2991993304288052)	(50, 0.3232341302029516)	(55, 0.35053766898220207)	(60, 0.3760316506849416)	(65, 0.4033624711776006)	(70, 0.4344971419969337)	(75, 0.4613162354938014)	(80, 0.48532804068093205)	(85, 0.5119444700210508)	(90, 0.5398131300066207)	(95, 0.5688755598231949)	(100, 0.5964039778686844)	(105, 0.623519662564179)	(110, 0.6485050351812308)	(115, 0.6709746440832539)	(120, 0.6933807255669115)	(125, 0.7161862892826225)	(130, 0.7418739711505624)	(135, 0.7676415494649129)	(140, 0.781168992189148)
NG-29643_HCC_1937_lib581305_7997_4_1 - polyg	(1, 0.0)	(2, 0.0)	(3, 0.0002786632155299205)	(4, 0.00041896917020232803)	(5, 0.0005086090856874772)	(6, 0.0005846081444683647)	(7, 0.0007151706300662995)	(8, 0.000898347848666387)	(9, 0.0011653189013069401)	(10, 0.0017503167845382838)	(15, 0.0027893603266400573)	(20, 0.0037679943604800995)	(25, 0.004824965885678903)	(30, 0.005940398225324543)	(35, 0.0072012031235613155)	(40, 0.008566068271513457)	(45, 0.010329636173993026)	(50, 0.012043317514811292)	(55, 0.013921078874843678)	(60, 0.01603268349266341)	(65, 0.018660302232667222)	(70, 0.09436471850874258)	(75, 0.1611869883765286)	(80, 0.17267297946027999)	(85, 0.18030484391693302)	(90, 0.1866271861299769)	(95, 0.1912970359879902)	(100, 0.19583086701772384)	(105, 0.20072208849310919)	(110, 0.20563669429427325)	(115, 0.2113050548630385)	(120, 0.21763519185134195)	(125, 0.22487225094109733)	(130, 0.23330152090680517)	(135, 0.24371728934741657)	(140, 0.2512704265739478)
NG-29643_HCC_1937_lib581305_7997_4_2 - illumina_universal_adapter	(1, 0.0016037750096582137)	(2, 0.001718747944736992)	(3, 0.003244575201799424)	(4, 0.008059797618403855)	(5, 0.01075678985821791)	(6, 0.012422923069952749)	(7, 0.01388834081875345)	(8, 0.015045864944800811)	(9, 0.015979289282135302)	(10, 0.019853682324908643)	(15, 0.0242156385601686)	(20, 0.02730470799553944)	(25, 0.029581172110099252)	(30, 0.03209186922120939)	(35, 0.034233873462541475)	(40, 0.03660036723134942)	(45, 0.039368681664788616)	(50, 0.04254154493419991)	(55, 0.04655429523783077)	(60, 0.05192996199559887)	(65, 0.059054386582853335)	(70, 0.0691396565524586)	(75, 0.08390763775925544)	(80, 0.10616055190906226)	(85, 0.1393514844418722)	(90, 0.1874888985349233)	(95, 0.2564461573463077)	(100, 0.3527089036307576)	(105, 0.48543521884075125)	(110, 0.6615815501566994)	(115, 0.8930789703296751)	(120, 1.1866376116418864)	(125, 1.5516006814582268)	(130, 1.9983523793795066)	(135, 2.531414454533807)	(140, 2.8917758787756553)
NG-29643_HCC_1937_lib581305_7997_4_2 - polya	(1, 0.013221887534059514)	(2, 0.0177662415103936)	(3, 0.01971493532528815)	(4, 0.023234276354987708)	(5, 0.025944909451506022)	(6, 0.02843728884075615)	(7, 0.03097253949393396)	(8, 0.037424664715049814)	(9, 0.04611194174184971)	(10, 0.06016241388600239)	(15, 0.08752714165104059)	(20, 0.11133199555502941)	(25, 0.1323915296125948)	(30, 0.15154251294785245)	(35, 0.17053058548018496)	(40, 0.1904933946587277)	(45, 0.21284452297680517)	(50, 0.23583248443359023)	(55, 0.26323111947100764)	(60, 0.28492319954088774)	(65, 0.30959834010260845)	(70, 0.33699385722992203)	(75, 0.36400782010827915)	(80, 0.3885442136703794)	(85, 0.4223641845666373)	(90, 0.4480128925582794)	(95, 0.4730586746835931)	(100, 0.49288585477261904)	(105, 0.5133600012081901)	(110, 0.5349967383737273)	(115, 0.5570925878020536)	(120, 0.578945240242281)	(125, 0.6034843619757222)	(130, 0.628601856033424)	(135, 0.6540899916547188)	(140, 0.6667455887661698)
NG-29643_HCC_1937_lib581305_7997_4_2 - polyg	(1, 0.1805679175819438)	(2, 0.18312070647945566)	(3, 0.1832454228836089)	(4, 0.18336429320631747)	(5, 0.1834519844279877)	(6, 0.18361177732080908)	(7, 0.18386900490437516)	(8, 0.18425679497353917)	(9, 0.18473812234581813)	(10, 0.1857420893992518)	(15, 0.18690545960674382)	(20, 0.18776717201169021)	(25, 0.18864213553457784)	(30, 0.189748993621438)	(35, 0.19111113059804924)	(40, 0.19253601551550018)	(45, 0.19409652952246773)	(50, 0.1956901713242885)	(55, 0.19742801646841143)	(60, 0.19970058319534145)	(65, 0.20238549353350316)	(70, 0.2052181148628339)	(75, 0.20908393365282169)	(80, 0.22136577129057605)	(85, 0.23350496454108013)	(90, 0.24326831029246482)	(95, 0.2515775407191752)	(100, 0.25920161040056866)	(105, 0.26729726398516657)	(110, 0.27610458055096393)	(115, 0.28591781286400997)	(120, 0.2966367980622189)	(125, 0.3085780040211297)	(130, 0.32272318268468625)	(135, 0.3395598972453751)	(140, 0.35155995375749577)
NG-29643_HDQ_P1_lib581303_8005_3_1 - illumina_universal_adapter	(1, 0.0008318608614994782)	(2, 0.0008974724224064792)	(3, 0.001738706364035529)	(4, 0.0051364479110052284)	(5, 0.007081362037891332)	(6, 0.008302205724768032)	(7, 0.009387139749765943)	(8, 0.010237746771524564)	(9, 0.01093838451121004)	(10, 0.014275669691344)	(15, 0.018232515468042648)	(20, 0.021093179523587892)	(25, 0.023247113337363446)	(30, 0.025411826193288002)	(35, 0.027242388742593333)	(40, 0.029085604950073583)	(45, 0.031249849151991665)	(50, 0.03388883986247255)	(55, 0.03726502332514423)	(60, 0.041892981639120204)	(65, 0.04846632273398875)	(70, 0.05829399724984456)	(75, 0.07372349310513883)	(80, 0.09829502266481073)	(85, 0.13818778900428036)	(90, 0.20183568962413617)	(95, 0.30280063416385544)	(100, 0.4545217449132177)	(105, 0.6785355480859397)	(110, 0.9934621360134219)	(115, 1.418462427750541)	(120, 1.9632614625857339)	(125, 2.6337666242706628)	(130, 3.4360446389191934)	(135, 4.363379225964481)	(140, 4.973658598584862)
NG-29643_HDQ_P1_lib581303_8005_3_1 - polya	(1, 0.013851069161474409)	(2, 0.021073027401309317)	(3, 0.025382300990879854)	(4, 0.03150526558552249)	(5, 0.03513264759566669)	(6, 0.038202331338101386)	(7, 0.04285137908236889)	(8, 0.05076928852182449)	(9, 0.06470002886440025)	(10, 0.08439474483265606)	(15, 0.11050064760953886)	(20, 0.13972169356748476)	(25, 0.18149095054889458)	(30, 0.21744280534788585)	(35, 0.24397330865463823)	(40, 0.26726963066268195)	(45, 0.292471031207061)	(50, 0.31757354575607316)	(55, 0.34358384311563434)	(60, 0.3672841448772626)	(65, 0.3917961553781117)	(70, 0.42036061707298106)	(75, 0.4465461910309652)	(80, 0.46876507747811463)	(85, 0.49356671615496756)	(90, 0.5189860408123593)	(95, 0.5470110817457717)	(100, 0.5719753433628727)	(105, 0.597479494395437)	(110, 0.6204074543543886)	(115, 0.640416168506985)	(120, 0.6593975930773804)	(125, 0.6786803621739416)	(130, 0.7022316319615096)	(135, 0.7264441725522189)	(140, 0.7385120132190424)
NG-29643_HDQ_P1_lib581303_8005_3_1 - polyg	(1, 0.0)	(2, 0.0)	(3, 0.00025541643353082567)	(4, 0.0003772664752152563)	(5, 0.000452251116251829)	(6, 0.0005576982677095093)	(7, 0.0006678319592319754)	(8, 0.0008248310514022995)	(9, 0.0010310388142528743)	(10, 0.001591549006001255)	(15, 0.0024210665974683404)	(20, 0.00323933649277994)	(25, 0.004073540624311811)	(30, 0.005008505367236576)	(35, 0.006047511299599587)	(40, 0.007309596539046401)	(45, 0.008906300739118921)	(50, 0.010626260942895305)	(55, 0.0123898059692742)	(60, 0.014264421995188514)	(65, 0.016458660053521226)	(70, 0.09803585699922808)	(75, 0.16141381291135226)	(80, 0.1712447680052534)	(85, 0.1783514373594946)	(90, 0.18396169447104968)	(95, 0.18867447916019828)	(100, 0.19313606530187435)	(105, 0.19778979958620663)	(110, 0.20238823269777448)	(115, 0.20742532595940624)	(120, 0.21315743311264573)	(125, 0.2198441884770821)	(130, 0.22787504353209903)	(135, 0.2380387429706)	(140, 0.24554423688435442)
NG-29643_HDQ_P1_lib581303_8005_3_2 - illumina_universal_adapter	(1, 0.0008271743214346924)	(2, 0.0008951291523740864)	(3, 0.001736363094003136)	(4, 0.0051575373412967645)	(5, 0.007104794738215262)	(6, 0.008327981695124354)	(7, 0.009412915720122265)	(8, 0.010254149661751314)	(9, 0.010950100861372004)	(10, 0.01430941277981046)	(15, 0.01829718972093669)	(20, 0.02119347148097431)	(25, 0.02344347936607797)	(30, 0.025812994022833664)	(35, 0.027868510495248716)	(40, 0.02993293139378686)	(45, 0.032424764746233466)	(50, 0.03535291497871162)	(55, 0.039072153174125636)	(60, 0.04405535122501236)	(65, 0.05111281190857329)	(70, 0.06141476427898542)	(75, 0.07738040031769118)	(80, 0.10265444223307447)	(85, 0.14329424305887095)	(90, 0.20811893388899452)	(95, 0.3105526400850176)	(100, 0.46456312565602775)	(105, 0.691656922959327)	(110, 1.010615809958551)	(115, 1.4411710576344603)	(120, 1.9918292048586488)	(125, 2.667952590773243)	(130, 3.4767219320655087)	(135, 4.412950634845747)	(140, 5.029859587041773)
NG-29643_HDQ_P1_lib581303_8005_3_2 - polya	(1, 0.017218348198023002)	(2, 0.022837509735701166)	(3, 0.02529091345961653)	(4, 0.029897782343300965)	(5, 0.033056510346966585)	(6, 0.0361871191102435)	(7, 0.03935990673410348)	(8, 0.047331711384304115)	(9, 0.05768896492748071)	(10, 0.07524052612410999)	(15, 0.11122893593560657)	(20, 0.14340390809638695)	(25, 0.17240890455734623)	(30, 0.1971079080067803)	(35, 0.22036533173228628)	(40, 0.24541488837856634)	(45, 0.27292019201879414)	(50, 0.30196971061036887)	(55, 0.3360820984339317)	(60, 0.36263884636504684)	(65, 0.39307370619977233)	(70, 0.4269419252859598)	(75, 0.4603471142137464)	(80, 0.4901792849961404)	(85, 0.5326796422276568)	(90, 0.5643109757409221)	(95, 0.5966382604538081)	(100, 0.6212229123256614)	(105, 0.6461234369978812)	(110, 0.6727326741777219)	(115, 0.7001044114261034)	(120, 0.726793788441052)	(125, 0.7554571361312884)	(130, 0.7847901903967827)	(135, 0.8149579174478152)	(140, 0.8291590711521292)
NG-29643_HDQ_P1_lib581303_8005_3_2 - polyg	(1, 0.2056336616926386)	(2, 0.20687325153977446)	(3, 0.20713335451337006)	(4, 0.2072505180149897)	(5, 0.20737705459673894)	(6, 0.20753405368890926)	(7, 0.20776369415208376)	(8, 0.20815502024749336)	(9, 0.2087994195064014)	(10, 0.21041299525070717)	(15, 0.21221778182965617)	(20, 0.2132492892979155)	(25, 0.2143656231413475)	(30, 0.21546508544054627)	(35, 0.21669905143960433)	(40, 0.2180698644085542)	(45, 0.21945567430571136)	(50, 0.22097598790272785)	(55, 0.22272406734689296)	(60, 0.2245963401027749)	(65, 0.22672590390821354)	(70, 0.22918586878821962)	(75, 0.23256955071499497)	(80, 0.24152459147078767)	(85, 0.25103592453227047)	(90, 0.26049711161505995)	(95, 0.26870230596048694)	(100, 0.27638870032074214)	(105, 0.28412196008164514)	(110, 0.292536642767968)	(115, 0.3016514945399699)	(120, 0.3120143719312243)	(125, 0.32485924094078916)	(130, 0.3414889597066751)	(135, 0.36371675057994757)	(140, 0.3806360975218373)
NG-29643_IPH_926_lib581313_7997_4_1 - illumina_universal_adapter	(1, 0.004378262907539413)	(2, 0.004561028984384751)	(3, 0.006496318664758156)	(4, 0.013004821734639333)	(5, 0.016684512081792124)	(6, 0.01891425821930524)	(7, 0.021068867191893048)	(8, 0.02264268618695012)	(9, 0.023871280370188222)	(10, 0.029283186978997372)	(15, 0.03569665168891898)	(20, 0.03987509035244082)	(25, 0.04280625207820259)	(30, 0.04575772114583608)	(35, 0.04837980512831051)	(40, 0.05104453452871553)	(45, 0.05398869295327521)	(50, 0.05737270840277599)	(55, 0.06135213511595512)	(60, 0.06641353700405868)	(65, 0.07289848355736867)	(70, 0.08175573378813114)	(75, 0.09402705433436452)	(80, 0.11117254307664433)	(85, 0.1364815832513492)	(90, 0.17316923322360736)	(95, 0.22596426062166378)	(100, 0.30033055884951926)	(105, 0.40337447912175783)	(110, 0.5409323514923073)	(115, 0.7210113608611807)	(120, 0.9478053794717223)	(125, 1.2284305060626148)	(130, 1.5670006019502278)	(135, 1.9659740739415497)	(140, 2.2362241795701885)
NG-29643_IPH_926_lib581313_7997_4_1 - polya	(1, 0.01043391225368159)	(2, 0.01788670672059701)	(3, 0.022386813679366648)	(4, 0.0285196309246213)	(5, 0.0319170492197574)	(6, 0.03508093308336891)	(7, 0.03957088637120269)	(8, 0.046893713850139206)	(9, 0.059868074571970985)	(10, 0.08197870840188246)	(15, 0.1103261330674317)	(20, 0.14266395041077082)	(25, 0.18487113590375812)	(30, 0.2220120457465927)	(35, 0.25023397103937484)	(40, 0.2754573142313811)	(45, 0.3014848281615069)	(50, 0.32597182713724515)	(55, 0.35383350018522325)	(60, 0.37849960991626996)	(65, 0.40524194228027977)	(70, 0.436932361564749)	(75, 0.46594302401582804)	(80, 0.4905608022732201)	(85, 0.5177750772623282)	(90, 0.5455478041529084)	(95, 0.5774148973116613)	(100, 0.6063613885624258)	(105, 0.6358338399676675)	(110, 0.6628478845659205)	(115, 0.685780965741636)	(120, 0.7081113250105994)	(125, 0.7315070074341523)	(130, 0.7584962770753221)	(135, 0.7872474116972807)	(140, 0.8022801245912284)
NG-29643_IPH_926_lib581313_7997_4_1 - polyg	(1, 0.0)	(2, 0.0)	(3, 0.0005320523570386485)	(4, 0.0007574638518145645)	(5, 0.0008772771688576191)	(6, 0.0010295822328954)	(7, 0.0011879794994946924)	(8, 0.001386991449837393)	(9, 0.0016794171727899326)	(10, 0.0022894497226159253)	(15, 0.0033007553478267915)	(20, 0.0042446405980235994)	(25, 0.005355452198405816)	(30, 0.006427273702394362)	(35, 0.007523870163466384)	(40, 0.008919390696889896)	(45, 0.010552507130212342)	(50, 0.012365546612518088)	(55, 0.017917573880242)	(60, 0.02188684692248529)	(65, 0.02557262947219959)	(70, 0.19458413752099424)	(75, 0.3427201042725144)	(80, 0.35935587873381447)	(85, 0.36985964824353473)	(90, 0.37790379250575423)	(95, 0.3838635911982619)	(100, 0.38945217168135493)	(105, 0.3952255489754804)	(110, 0.4010809679307676)	(115, 0.4074968695217138)	(120, 0.4145540769689684)	(125, 0.4223435671641167)	(130, 0.43127351767877986)	(135, 0.44191659555373997)	(140, 0.44939132194987685)
NG-29643_IPH_926_lib581313_7997_4_2 - illumina_universal_adapter	(1, 0.004406693186159799)	(2, 0.004591489997192307)	(3, 0.006510533804068348)	(4, 0.013006852468826505)	(5, 0.016692635018540805)	(6, 0.01891425821930524)	(7, 0.021054652052582855)	(8, 0.02263659398438861)	(9, 0.023848942294129347)	(10, 0.029270190280199487)	(15, 0.03573523563847521)	(20, 0.03999652825683362)	(25, 0.04313888633806111)	(30, 0.04640674379205574)	(35, 0.04943944222717604)	(40, 0.052710142709032716)	(45, 0.05624890010359588)	(50, 0.060216142411652)	(55, 0.06498796160466502)	(60, 0.07083891294474043)	(65, 0.07810366142592387)	(70, 0.08768588376150618)	(75, 0.10075406440278523)	(80, 0.1188653703244833)	(85, 0.1452462320031767)	(90, 0.1831048033077573)	(95, 0.23706872130394901)	(100, 0.3127326586774064)	(105, 0.41708559020669506)	(110, 0.5561977865241048)	(115, 0.7382916903534887)	(120, 0.9669385508364046)	(125, 1.2490814481587882)	(130, 1.5896721245626355)	(135, 1.9903006449165015)	(140, 2.261368730275733)
NG-29643_IPH_926_lib581313_7997_4_2 - polya	(1, 0.013910529182117338)	(2, 0.01896299583979733)	(3, 0.021095266736326265)	(4, 0.025315132377266385)	(5, 0.028438401557134483)	(6, 0.031299706026857596)	(7, 0.034441251814410226)	(8, 0.04227988577688803)	(9, 0.052370603952937814)	(10, 0.06945110920122817)	(15, 0.10163215386531772)	(20, 0.13039303601137486)	(25, 0.15736890280690924)	(30, 0.18439228878242336)	(35, 0.2206343956740163)	(40, 0.24719314966750588)	(45, 0.2720200935461765)	(50, 0.2976280577932328)	(55, 0.32946062847080393)	(60, 0.35433021776740514)	(65, 0.38188484380628307)	(70, 0.4121724319142549)	(75, 0.44314762661800267)	(80, 0.4703350959158402)	(85, 0.5108697687322741)	(90, 0.5391436808202477)	(95, 0.5672864074797301)	(100, 0.5893539897448736)	(105, 0.6116112425830987)	(110, 0.6350556626271437)	(115, 0.6598440225562581)	(120, 0.6845247535734525)	(125, 0.7120058670347549)	(130, 0.7398935334803286)	(135, 0.7681755685050511)	(140, 0.7818631230734171)
NG-29643_IPH_926_lib581313_7997_4_2 - polyg	(1, 0.35068545604827167)	(2, 0.3532726114027268)	(3, 0.3534025783907057)	(4, 0.35355691418893065)	(5, 0.35366454310085066)	(6, 0.35387370872212925)	(7, 0.3540828743434078)	(8, 0.35450323632015207)	(9, 0.3551733786019183)	(10, 0.35681461797198943)	(15, 0.3585452096462961)	(20, 0.3595020915952908)	(25, 0.36050283740272826)	(30, 0.3616506083653171)	(35, 0.3629628687970666)	(40, 0.3643604200646773)	(45, 0.3661434046810129)	(50, 0.36937145974493896)	(55, 0.37942034479673303)	(60, 0.39005448744126964)	(65, 0.3980823858299917)	(70, 0.40465181092548796)	(75, 0.4104637721691698)	(80, 0.41798317471742436)	(85, 0.4274041567585454)	(90, 0.43698434835994043)	(95, 0.44635253131219504)	(100, 0.456128079542396)	(105, 0.46625372634646506)	(110, 0.47783540956273535)	(115, 0.4914088368697825)	(120, 0.5070930092909745)	(125, 0.526562470237052)	(130, 0.5516631570841533)	(135, 0.5837983071556128)	(140, 0.6082658110831543)
NG-29643_JIMT_1_B_lib581287_7997_4_1 - illumina_universal_adapter	(1, 0.0008362691428932566)	(2, 0.0009087630624010312)	(3, 0.0015327285838786623)	(4, 0.0036764773464657103)	(5, 0.004815667510159311)	(6, 0.005540606705237056)	(7, 0.006203408255022424)	(8, 0.006770414268315375)	(9, 0.007158774551392739)	(10, 0.009218119679124306)	(15, 0.011514623486388452)	(20, 0.01328243949495661)	(25, 0.01465412801478586)	(30, 0.016531202716326448)	(35, 0.018113123602728244)	(40, 0.019778930310274754)	(45, 0.021534836603495207)	(50, 0.023709654188728446)	(55, 0.026527078589027024)	(60, 0.030253783865437405)	(65, 0.03529366471236005)	(70, 0.04211275346948779)	(75, 0.05198642530644668)	(80, 0.06678295209169424)	(85, 0.08990592334612049)	(90, 0.1258675677453736)	(95, 0.1808500631823345)	(100, 0.26362465610373303)	(105, 0.3863428808602045)	(110, 0.5613204187486985)	(115, 0.800230344251099)	(120, 1.115698509077106)	(125, 1.5158778901027907)	(130, 2.0077424023848014)	(135, 2.5876223001549117)	(140, 2.979256719325473)
NG-29643_JIMT_1_B_lib581287_7997_4_1 - polya	(1, 0.04230279110134031)	(2, 0.04959101908042551)	(3, 0.05423839713458462)	(4, 0.06025021431662222)	(5, 0.06446780699084238)	(6, 0.06785171959072316)	(7, 0.0728589781738673)	(8, 0.08250843667406287)	(9, 0.09844156455445018)	(10, 0.12268870937495768)	(15, 0.1524712827635946)	(20, 0.18421170979265208)	(25, 0.22534579534878496)	(30, 0.2632409561440526)	(35, 0.29514345886458104)	(40, 0.3227802122357878)	(45, 0.35155978046666353)	(50, 0.37854771325827574)	(55, 0.40672092163384)	(60, 0.4333116913092917)	(65, 0.4617624478338286)	(70, 0.4938498100491019)	(75, 0.5209418233965789)	(80, 0.5461842061691858)	(85, 0.5743745023972056)	(90, 0.6035491624893987)	(95, 0.6324343647172715)	(100, 0.6600913128231982)	(105, 0.6889635697083019)	(110, 0.7154725248174519)	(115, 0.739709313363744)	(120, 0.7629591489773089)	(125, 0.7869981326860869)	(130, 0.8146146913225737)	(135, 0.8405188400175445)	(140, 0.8544910073752465)
NG-29643_JIMT_1_B_lib581287_7997_4_1 - polyg	(1, 0.0)	(2, 0.0)	(3, 0.0006239655214776311)	(4, 0.0009709007076934094)	(5, 0.0011391901636936003)	(6, 0.0013048905511399422)	(7, 0.0015016597612324733)	(8, 0.0017243196568634952)	(9, 0.0020401860204330843)	(10, 0.0028194956551416614)	(15, 0.003956096750281412)	(20, 0.0051895290093351195)	(25, 0.006590215096967477)	(30, 0.008274145284390928)	(35, 0.01003781878327293)	(40, 0.012007064325330549)	(45, 0.01434085071977012)	(50, 0.017369025300352017)	(55, 0.024972084015585264)	(60, 0.029447547917768796)	(65, 0.03351756368441957)	(70, 0.09856894672729954)	(75, 0.16724295449072515)	(80, 0.17628191062592308)	(85, 0.18261477230863798)	(90, 0.18808495634921035)	(95, 0.19279809674463724)	(100, 0.19769247193883357)	(105, 0.20318492196896903)	(110, 0.20886637400353547)	(115, 0.21551665549095228)	(120, 0.22269510696335426)	(125, 0.23060937171876014)	(130, 0.23992276912066615)	(135, 0.2509584149245925)	(140, 0.2588861428364784)
NG-29643_JIMT_1_B_lib581287_7997_4_2 - illumina_universal_adapter	(1, 0.000875105171200993)	(2, 0.0009424209536010694)	(3, 0.001576742749294097)	(4, 0.0037463821974196357)	(5, 0.004890750498220934)	(6, 0.005613100624744831)	(7, 0.006257778694653255)	(8, 0.006829962845053905)	(9, 0.007218323128131268)	(10, 0.009285435461524383)	(15, 0.011598509307533162)	(20, 0.013438819235609098)	(25, 0.014969476564644679)	(30, 0.0171137431409425)	(35, 0.019025511361104665)	(40, 0.021165635427716326)	(45, 0.023487512106808196)	(50, 0.02633341626119911)	(55, 0.029894938963873924)	(60, 0.034312925544162015)	(65, 0.04011917068302399)	(70, 0.047782813602417304)	(75, 0.058539357816238737)	(80, 0.07425759300665656)	(85, 0.09842395888828401)	(90, 0.13564078372244315)	(95, 0.191982022336464)	(100, 0.2763131632724366)	(105, 0.40064230648311316)	(110, 0.5773923207035722)	(115, 0.8183486459909348)	(120, 1.136071371713634)	(125, 1.5379196663291297)	(130, 2.031305515293382)	(135, 2.6118254308100033)	(140, 3.003280686436639)
NG-29643_JIMT_1_B_lib581287_7997_4_2 - polya	(1, 0.032055257765205604)	(2, 0.03968265372484503)	(3, 0.04261089025924835)	(4, 0.04800650912546986)	(5, 0.05157424559267391)	(6, 0.05486236265606226)	(7, 0.05844822260314325)	(8, 0.06850934300340082)	(9, 0.08159967361166183)	(10, 0.10273786491270735)	(15, 0.1430672679623039)	(20, 0.17955449327798836)	(25, 0.21246983961678265)	(30, 0.24245073565664438)	(35, 0.2722198458888012)	(40, 0.3045702574691456)	(45, 0.34050704681028177)	(50, 0.37780827527929645)	(55, 0.42249249163646707)	(60, 0.4582899890894062)	(65, 0.4978167808873096)	(70, 0.5411132564996171)	(75, 0.5873364152051957)	(80, 0.6268652782579421)	(85, 0.6846170414200999)	(90, 0.727361527616727)	(95, 0.7718018537161251)	(100, 0.806598417266146)	(105, 0.8412458504674654)	(110, 0.8793429586099333)	(115, 0.9207406113448477)	(120, 0.9633639291331548)	(125, 1.00790988922955)	(130, 1.0518412044512613)	(135, 1.0978303113595722)	(140, 1.1201475644800403)
NG-29643_JIMT_1_B_lib581287_7997_4_2 - polyg	(1, 0.23880791620137867)	(2, 0.24136850500113544)	(3, 0.2416351790621819)	(4, 0.2419096203288899)	(5, 0.24218665066415174)	(6, 0.24256465467301372)	(7, 0.2430125635328296)	(8, 0.24366241973984573)	(9, 0.2445634155965852)	(10, 0.2464803619538551)	(15, 0.2487960248684177)	(20, 0.2504727056638904)	(25, 0.2520965694608645)	(30, 0.25400160610278666)	(35, 0.2562515066760816)	(40, 0.2585412789051057)	(45, 0.260853317123693)	(50, 0.2630296881500585)	(55, 0.26542820125834427)	(60, 0.2684796774559108)	(65, 0.2716585358263267)	(70, 0.2750331277794137)	(75, 0.2788991249440211)	(80, 0.2861852816682632)	(85, 0.2946763908974667)	(90, 0.3025885843980295)	(95, 0.31018905404470887)	(100, 0.31788014109077306)	(105, 0.32617914143328086)	(110, 0.33565306108552556)	(115, 0.3466964740951134)	(120, 0.3593539124411708)	(125, 0.37368699595527943)	(130, 0.39098093826756986)	(135, 0.41108919809789424)	(140, 0.42542797756282125)
NG-29643_KPL_1_lib581296_7997_4_1 - illumina_universal_adapter	(1, 0.0007124388421564219)	(2, 0.0008049633671118014)	(3, 0.002303860671388949)	(4, 0.0076633437794293045)	(5, 0.01069814819796575)	(6, 0.012634223882657067)	(7, 0.014299665331853896)	(8, 0.015747674147405587)	(9, 0.016901917596223944)	(10, 0.021716431252277117)	(15, 0.027149471357656996)	(20, 0.030851840223746506)	(25, 0.03338654958489913)	(30, 0.035834748515218465)	(35, 0.03793551785433036)	(40, 0.04011817139802776)	(45, 0.0426024548930797)	(50, 0.045480892864441555)	(55, 0.04923091186088308)	(60, 0.054038486177564606)	(65, 0.06065398971187423)	(70, 0.07037924252993417)	(75, 0.08547461877640433)	(80, 0.10824259125479933)	(85, 0.14415922397460332)	(90, 0.19922519500179742)	(95, 0.2844102120150914)	(100, 0.4108449753666175)	(105, 0.5946023829089994)	(110, 0.850051955990432)	(115, 1.1964896842903605)	(120, 1.6476314033881692)	(125, 2.213762602100524)	(130, 2.9036939283163004)	(135, 3.7179819170531045)	(140, 4.263011972604136)
NG-29643_KPL_1_lib581296_7997_4_1 - polya	(1, 0.012726748407612447)	(2, 0.019989923616609735)	(3, 0.024185910823336192)	(4, 0.030093601741737173)	(5, 0.033646543500023746)	(6, 0.03664665122170192)	(7, 0.04116878737889609)	(8, 0.048175207031142205)	(9, 0.06023577885907592)	(10, 0.08076974668242329)	(15, 0.10692874300043295)	(20, 0.13749607030994165)	(25, 0.17724229311764877)	(30, 0.21231510216985972)	(35, 0.23887472968092616)	(40, 0.26215251229182535)	(45, 0.2870850960315514)	(50, 0.3104109913954274)	(55, 0.3357492951770828)	(60, 0.3596072065594521)	(65, 0.38594662570112487)	(70, 0.41493594723751953)	(75, 0.4415071403142054)	(80, 0.4644222267872795)	(85, 0.4897697830214304)	(90, 0.5163946403225904)	(95, 0.5456545960944797)	(100, 0.5729539571825644)	(105, 0.5998841454160772)	(110, 0.6243948173220066)	(115, 0.6454145389013698)	(120, 0.6669986600829608)	(125, 0.6885314301532015)	(130, 0.7135264679472725)	(135, 0.7382110859601181)	(140, 0.7509729936872136)
NG-29643_KPL_1_lib581296_7997_4_1 - polyg	(1, 0.0)	(2, 0.0)	(3, 0.0005158242266262406)	(4, 0.0006962470502892306)	(5, 0.0008165289327312238)	(6, 0.0009853861907747914)	(7, 0.0011912532588005107)	(8, 0.0013739891955873852)	(9, 0.0016608152229490615)	(10, 0.002262687257783805)	(15, 0.00335493927488206)	(20, 0.00437918576613811)	(25, 0.005309057241939674)	(30, 0.006404084994786591)	(35, 0.00778177517137219)	(40, 0.009174269271950652)	(45, 0.01085035104151735)	(50, 0.012459352530491399)	(55, 0.014171056242165919)	(60, 0.016013219534027522)	(65, 0.018524335141316524)	(70, 0.10106130025038755)	(75, 0.1638794386009681)	(80, 0.17637024946994434)	(85, 0.1852919267887668)	(90, 0.19239179621121785)	(95, 0.19792244969042566)	(100, 0.2029877048091079)	(105, 0.20844387604572664)	(110, 0.21391207547058952)	(115, 0.22016812122544754)	(120, 0.22707091340974364)	(125, 0.23477728109327717)	(130, 0.24372116429808893)	(135, 0.25465895101568914)	(140, 0.262503642864031)
NG-29643_KPL_1_lib581296_7997_4_2 - illumina_universal_adapter	(1, 0.0007332568602713823)	(2, 0.0008280944983506463)	(3, 0.002315426237008371)	(4, 0.00768184868442038)	(5, 0.010716653102956827)	(6, 0.01265735501389591)	(7, 0.014327422689340511)	(8, 0.015780057731139968)	(9, 0.016955119198073288)	(10, 0.02175714204325748)	(15, 0.027211925412001882)	(20, 0.030970271615689392)	(25, 0.03367106249913692)	(30, 0.03638341894820387)	(35, 0.038851510651388615)	(40, 0.0414990999329868)	(45, 0.04447931488179958)	(50, 0.047896245588401734)	(55, 0.052211589432320626)	(60, 0.05763954068882797)	(65, 0.06485460314484846)	(70, 0.0752205882982244)	(75, 0.09097103818137864)	(80, 0.1145666425354995)	(85, 0.15145894637095797)	(90, 0.20773698867506757)	(95, 0.2942043956042431)	(100, 0.42241146623128945)	(105, 0.6084315610314551)	(110, 0.8668881811739377)	(115, 1.2168057568574377)	(120, 1.6718982731708416)	(125, 2.2430771473421367)	(130, 2.939035521113507)	(135, 3.759494433042211)	(140, 4.308790794438933)
NG-29643_KPL_1_lib581296_7997_4_2 - polya	(1, 0.01185239164678411)	(2, 0.016191791867191406)	(3, 0.018183382266855952)	(4, 0.021914433735681627)	(5, 0.024738744859944584)	(6, 0.02724615948623537)	(7, 0.029795210148756072)	(8, 0.036692913484179614)	(9, 0.04515428129134907)	(10, 0.059838386024392565)	(15, 0.08700358655129198)	(20, 0.1120314705517221)	(25, 0.1341166120359464)	(30, 0.1542601263639821)	(35, 0.17428289618695098)	(40, 0.1953262115201777)	(45, 0.2181043616963178)	(50, 0.2418355144794983)	(55, 0.27019428137832213)	(60, 0.2934938072525858)	(65, 0.32014966026960584)	(70, 0.3486786722943475)	(75, 0.37777809801543916)	(80, 0.4032306695854144)	(85, 0.43963814491010683)	(90, 0.4667376530242879)	(95, 0.49386954472220335)	(100, 0.5179254585879771)	(105, 0.5404834003947234)	(110, 0.5642251934982739)	(115, 0.5908421862148127)	(120, 0.6198398349584534)	(125, 0.6501110837881049)	(130, 0.6763848105170591)	(135, 0.7029777468571096)	(140, 0.7166278900237767)
NG-29643_KPL_1_lib581296_7997_4_2 - polyg	(1, 0.19926081694390524)	(2, 0.20104885338866793)	(3, 0.20114831725299498)	(4, 0.20126628602231308)	(5, 0.2013657498866401)	(6, 0.201548485823427)	(7, 0.20174510043895716)	(8, 0.20208050184192042)	(9, 0.20261714408666162)	(10, 0.20384401928756996)	(15, 0.20530359366874107)	(20, 0.2064041728930853)	(25, 0.20750752785317822)	(30, 0.20881998823967027)	(35, 0.2103100957140766)	(40, 0.21199219157776544)	(45, 0.21375570902341495)	(50, 0.21592957273724162)	(55, 0.2219913169896933)	(60, 0.23024774297408657)	(65, 0.23673047381508527)	(70, 0.24229397350065224)	(75, 0.24747164591715526)	(80, 0.2550873395662326)	(85, 0.26456647714791115)	(90, 0.27327210970096283)	(95, 0.28140131446354244)	(100, 0.2896966007484171)	(105, 0.29875243862842477)	(110, 0.30928265481359657)	(115, 0.32229021515444856)	(120, 0.3381572459390466)	(125, 0.35883601464394904)	(130, 0.3872785162378575)	(135, 0.42690677027624646)	(140, 0.45834336549771104)
NG-29643_MCF_7_lib581315_7997_4_1 - illumina_universal_adapter	(1, 0.0011173602230295082)	(2, 0.0012319612715453552)	(3, 0.002281001638728878)	(4, 0.0064154548505698196)	(5, 0.008731718350380497)	(6, 0.010263405441121145)	(7, 0.011504182177936948)	(8, 0.012396748036569987)	(9, 0.01317471284668718)	(10, 0.016783764328409317)	(15, 0.021164169021295805)	(20, 0.024235036348256984)	(25, 0.026467993701261912)	(30, 0.02884288004512108)	(35, 0.030524870818722894)	(40, 0.032369066153300985)	(45, 0.03443497043943089)	(50, 0.03680544905065483)	(55, 0.03967973150208498)	(60, 0.04340250248579591)	(65, 0.048741148253580294)	(70, 0.056074293038803937)	(75, 0.06776536308047441)	(80, 0.08618483698981569)	(85, 0.11558132825392102)	(90, 0.16245756482953766)	(95, 0.2356329789464871)	(100, 0.34639180692420857)	(105, 0.5080198364717969)	(110, 0.7366696446042973)	(115, 1.0433821607996845)	(120, 1.4402372171180555)	(125, 1.9392238463272229)	(130, 2.5452575518619884)	(135, 3.260896581743837)	(140, 3.7414796048811496)
NG-29643_MCF_7_lib581315_7997_4_1 - polya	(1, 0.010093707734664985)	(2, 0.01709979875835494)	(3, 0.021379707147158304)	(4, 0.027105351840315428)	(5, 0.0306425572800834)	(6, 0.03349215642875628)	(7, 0.03797261665246238)	(8, 0.04482223316760185)	(9, 0.057366640247451875)	(10, 0.07753245782686924)	(15, 0.10346094505357964)	(20, 0.13318096389311046)	(25, 0.17075776615492963)	(30, 0.2042807767121325)	(35, 0.2305777503871477)	(40, 0.2539982377444151)	(45, 0.27820241996422557)	(50, 0.3008577249360179)	(55, 0.3253757377194563)	(60, 0.34926124086974)	(65, 0.37562521208081057)	(70, 0.4051737701208311)	(75, 0.4301374046736909)	(80, 0.45203149421937994)	(85, 0.47700174037119236)	(90, 0.5037262641118243)	(95, 0.5313301305131837)	(100, 0.5572004356691092)	(105, 0.5827674888197311)	(110, 0.6053981104887661)	(115, 0.6256952785007133)	(120, 0.6460365238390126)	(125, 0.6676401438040404)	(130, 0.692457000860147)	(135, 0.7156024457009764)	(140, 0.7277232696745813)
NG-29643_MCF_7_lib581315_7997_4_1 - polyg	(1, 0.0)	(2, 0.0)	(3, 0.0004099191350759143)	(4, 0.0006038593710258092)	(5, 0.0007030333553183691)	(6, 0.0008551001312336276)	(7, 0.0010049630408312737)	(8, 0.0012473883357686424)	(9, 0.001564745085504834)	(10, 0.0022192933818357295)	(15, 0.0034446430544282473)	(20, 0.004631204679830786)	(25, 0.005856995125686827)	(30, 0.007158157799605212)	(35, 0.008623288127553964)	(40, 0.010291614929986582)	(45, 0.012466390212206541)	(50, 0.014415930356766507)	(55, 0.016542661353262517)	(60, 0.018912699191222935)	(65, 0.021836789021431123)	(70, 0.10626602610263673)	(75, 0.1851397569704049)	(80, 0.19636801508537677)	(85, 0.20428121748539602)	(90, 0.211042679347831)	(95, 0.21633857010905372)	(100, 0.2215110443564901)	(105, 0.22713663351882762)	(110, 0.232347895813454)	(115, 0.23847728881599775)	(120, 0.24507742766398347)	(125, 0.2521452269445666)	(130, 0.2604282381126811)	(135, 0.2703059669482202)	(140, 0.27727944075040944)
NG-29643_MCF_7_lib581315_7997_4_2 - illumina_universal_adapter	(1, 0.0011305834209351829)	(2, 0.00124518446945103)	(3, 0.002281001638728878)	(4, 0.006433085781110719)	(5, 0.008766980211462296)	(6, 0.010292055703250105)	(7, 0.01155046337060681)	(8, 0.012462864026098362)	(9, 0.013236421103580328)	(10, 0.016876767487012563)	(15, 0.02127480311043995)	(20, 0.02438534003111815)	(25, 0.026751851682970396)	(30, 0.029370044868293976)	(35, 0.03137688553711186)	(40, 0.03358295572104192)	(45, 0.0360482005839232)	(50, 0.038901325918704266)	(55, 0.042288227675611065)	(60, 0.046589293181063515)	(65, 0.05252077898828563)	(70, 0.060492604232353364)	(75, 0.07282808478529373)	(80, 0.0919805646318729)	(85, 0.12231325830769997)	(90, 0.1701477359582145)	(95, 0.24459962944632513)	(100, 0.356934662614403)	(105, 0.5207489275490629)	(110, 0.752111695118544)	(115, 1.0619188803971225)	(120, 1.4626505375681742)	(125, 1.9661268832395813)	(130, 2.5767688732444745)	(135, 3.297230844175786)	(140, 3.7809728892927645)
NG-29643_MCF_7_lib581315_7997_4_2 - polya	(1, 0.011277183947222868)	(2, 0.015775275101469862)	(3, 0.017582445481912064)	(4, 0.021143893451173772)	(5, 0.023764290502814964)	(6, 0.026120223596342668)	(7, 0.028656873727914586)	(8, 0.034752767962430604)	(9, 0.042721948566917196)	(10, 0.05654680197730004)	(15, 0.08253831978069413)	(20, 0.1063766601917809)	(25, 0.12734027737817397)	(30, 0.14623446409232893)	(35, 0.1650061158392247)	(40, 0.18490306172789334)	(45, 0.20615494462863015)	(50, 0.22842677686115795)	(55, 0.2551085455952282)	(60, 0.2774738217596228)	(65, 0.3024061614107724)	(70, 0.3287886450989109)	(75, 0.3554488159430687)	(80, 0.3787317820421171)	(85, 0.412726419991289)	(90, 0.43820179230309825)	(95, 0.46488929108959437)	(100, 0.4903598148955049)	(105, 0.5128017856077525)	(110, 0.5375124163073501)	(115, 0.5667387690917358)	(120, 0.5996803997143525)	(125, 0.6309986624074158)	(130, 0.6555678048894229)	(135, 0.6808073635052476)	(140, 0.6938476405065604)
NG-29643_MCF_7_lib581315_7997_4_2 - polyg	(1, 0.20717445318715763)	(2, 0.20934085377737066)	(3, 0.20944663936061605)	(4, 0.2095612404091319)	(5, 0.20961413320075462)	(6, 0.20980586957038688)	(7, 0.21008135286008844)	(8, 0.2104273598719536)	(9, 0.2109959573818976)	(10, 0.2122265963336524)	(15, 0.2135991642762614)	(20, 0.21464423768407323)	(25, 0.21574000001719015)	(30, 0.21703587341194627)	(35, 0.21847896507671888)	(40, 0.22011643775070494)	(45, 0.2230612439242987)	(50, 0.22840209355840066)	(55, 0.23581634062411244)	(60, 0.24317108329924872)	(65, 0.24936791461111135)	(70, 0.25488022504472363)	(75, 0.26026250736559675)	(80, 0.2659537717441991)	(85, 0.2729338571453412)	(90, 0.28029212600658565)	(95, 0.2877967315913195)	(100, 0.2959272352102554)	(105, 0.3050754842946646)	(110, 0.31574484191148994)	(115, 0.32927834419468444)	(120, 0.3462798505152739)	(125, 0.36861471332448537)	(130, 0.3994851503818099)	(135, 0.44406231361489323)	(140, 0.47926378875958975)
NG-29643_MDA_MB_231_lib581314_8005_3_1 - illumina_universal_adapter	(1, 0.0012470828291630417)	(2, 0.0014476794857919805)	(3, 0.004072353812286289)	(4, 0.013749329874241364)	(5, 0.019109852577891804)	(6, 0.022355651491779333)	(7, 0.025147086894266372)	(8, 0.027445489550340117)	(9, 0.029340282065967685)	(10, 0.03795965455032248)	(15, 0.04809534441261698)	(20, 0.05493689881725794)	(25, 0.05931522295158308)	(30, 0.06304728749575665)	(35, 0.06589672675076291)	(40, 0.06840877693028241)	(45, 0.0709198603789266)	(50, 0.07358030374780775)	(55, 0.07702089893307229)	(60, 0.08170809358206224)	(65, 0.08836596912039237)	(70, 0.09830541261499685)	(75, 0.11392730019473343)	(80, 0.13908840468669195)	(85, 0.1792188534175459)	(90, 0.24209357945205787)	(95, 0.3367490996472834)	(100, 0.47445072889332857)	(105, 0.6698860093789328)	(110, 0.936538419987625)	(115, 1.2901062200382913)	(120, 1.7444199447987003)	(125, 2.31321732337259)	(130, 3.006964667581613)	(135, 3.834087520369624)	(140, 4.394669136599604)
NG-29643_MDA_MB_231_lib581314_8005_3_1 - polya	(1, 0.007008798846071358)	(2, 0.01455413332794542)	(3, 0.018860919377496854)	(4, 0.024654054147853075)	(5, 0.028061780483356738)	(6, 0.031114233222180227)	(7, 0.03528084329481024)	(8, 0.041931951717013125)	(9, 0.05393149870692495)	(10, 0.07453446712174878)	(15, 0.10088223376316283)	(20, 0.130824789164455)	(25, 0.16827594327435905)	(30, 0.20062807538238675)	(35, 0.22637018513041274)	(40, 0.24954417430815057)	(45, 0.27331511980139866)	(50, 0.29659448264454646)	(55, 0.32202143812721806)	(60, 0.34565994149054724)	(65, 0.37087179935346004)	(70, 0.40063115925387904)	(75, 0.42569607402374315)	(80, 0.44853750778037094)	(85, 0.47300788306191316)	(90, 0.49886358368778927)	(95, 0.527260819784882)	(100, 0.5531967590734098)	(105, 0.5786928358136667)	(110, 0.6018349228725189)	(115, 0.622430640805778)	(120, 0.6427334392838148)	(125, 0.6639831506542277)	(130, 0.6893815875760776)	(135, 0.7137287046710163)	(140, 0.7262831551833621)
NG-29643_MDA_MB_231_lib581314_8005_3_1 - polyg	(1, 0.0)	(2, 0.0)	(3, 0.00037702504137487305)	(4, 0.0005075337095430983)	(5, 0.000609040451451718)	(6, 0.0007105471933603377)	(7, 0.0008023866265157555)	(8, 0.0009739813568850887)	(9, 0.001259166965104544)	(10, 0.0018788414561847842)	(15, 0.0029040595494618424)	(20, 0.003838888305896464)	(25, 0.004988814682089827)	(30, 0.006198678372553041)	(35, 0.0073843737911332506)	(40, 0.008899241072759984)	(45, 0.011158007762945604)	(50, 0.013342336175731568)	(55, 0.015499596124008563)	(60, 0.018025180535782552)	(65, 0.021126453183809714)	(70, 0.16442593756339638)	(75, 0.28330918359045876)	(80, 0.3052776593666724)	(85, 0.3203045240926493)	(90, 0.33169793082373544)	(95, 0.3399639631731607)	(100, 0.3466218387114908)	(105, 0.3531506556779657)	(110, 0.35919949076484414)	(115, 0.36525170940978613)	(120, 0.3712478576639596)	(125, 0.3780444590828982)	(130, 0.3863162918175754)	(135, 0.39651626928307865)	(140, 0.40390741019033916)
NG-29643_MDA_MB_231_lib581314_8005_3_2 - illumina_universal_adapter	(1, 0.0012664174466694453)	(2, 0.0014670141032983842)	(3, 0.004089271602604392)	(4, 0.013824251517078678)	(5, 0.019206525665423822)	(6, 0.022478909678382654)	(7, 0.025313847970259106)	(8, 0.02760500014476795)	(9, 0.029497375833207214)	(10, 0.038109981201434766)	(15, 0.04826210548860971)	(20, 0.05514474595545178)	(25, 0.05964584491094257)	(30, 0.06356448851405297)	(35, 0.06662564183075433)	(40, 0.0694252944456816)	(45, 0.07225636581405677)	(50, 0.07522229613953908)	(55, 0.0789698283777178)	(60, 0.08402486412476706)	(65, 0.09114677048325089)	(70, 0.10154106085469354)	(75, 0.11769658387760681)	(80, 0.14362478931913195)	(85, 0.18470166757692436)	(90, 0.24895688530139357)	(95, 0.34536798876620056)	(100, 0.4856691573359816)	(105, 0.68434685317741)	(110, 0.9554273745605059)	(115, 1.3150232249842313)	(120, 1.7760673300986198)	(125, 2.3528953420537935)	(130, 3.0558604651589953)	(135, 3.8940900889735595)	(140, 4.4632417744132535)
NG-29643_MDA_MB_231_lib581314_8005_3_2 - polya	(1, 0.011180242573077967)	(2, 0.015909973380581983)	(3, 0.018077867368487502)	(4, 0.021814282201600026)	(5, 0.024538046442814654)	(6, 0.026983875557374727)	(7, 0.02967863787232975)	(8, 0.036097730884455795)	(9, 0.04479589193514918)	(10, 0.059144594952089055)	(15, 0.08566878997824903)	(20, 0.11017928459111706)	(25, 0.131608324538902)	(30, 0.15010091945290188)	(35, 0.1685466279194487)	(40, 0.18836219403632426)	(45, 0.2098584217799439)	(50, 0.2325683801375281)	(55, 0.2598746604418221)	(60, 0.2819726781553286)	(65, 0.30789073292266284)	(70, 0.33724744941351104)	(75, 0.36565096926129337)	(80, 0.3891299620301948)	(85, 0.4217421447436836)	(90, 0.4461607999233962)	(95, 0.4706253748196866)	(100, 0.4908242497286265)	(105, 0.5114151340075088)	(110, 0.5331032578298796)	(115, 0.5558194999381534)	(120, 0.5785831118593178)	(125, 0.6036538270144338)	(130, 0.6275750991587944)	(135, 0.6509873874972986)	(140, 0.6631556290249538)
NG-29643_MDA_MB_231_lib581314_8005_3_2 - polyg	(1, 0.2718205538681537)	(2, 0.27315222564890723)	(3, 0.27342532712118517)	(4, 0.2735630862709183)	(5, 0.273681510803145)	(6, 0.27379510168099513)	(7, 0.2739594459297996)	(8, 0.27432438683523297)	(9, 0.2749575955585677)	(10, 0.27686205538294845)	(15, 0.2787819829013343)	(20, 0.2797912499351686)	(25, 0.2809058906344128)	(30, 0.2820553336451685)	(35, 0.2833609036922884)	(40, 0.284784898271635)	(45, 0.2865138964421452)	(50, 0.2888234165032851)	(55, 0.2982910953307334)	(60, 0.3108208942057583)	(65, 0.321065824656964)	(70, 0.3291008083271877)	(75, 0.3359210946525717)	(80, 0.34479133379907206)	(85, 0.3564148224784843)	(90, 0.36880444537658785)	(95, 0.380311442985524)	(100, 0.39118909879462677)	(105, 0.4017511169729375)	(110, 0.4134886798956375)	(115, 0.4273322660302227)	(120, 0.4434844054950723)	(125, 0.46455768848073936)	(130, 0.4938834695835773)	(135, 0.53501400140495)	(140, 0.5669634901034069)
NG-29643_MDA_MB_453_lib581289_7997_4_1 - illumina_universal_adapter	(1, 0.0024183526751700465)	(2, 0.0024884498541604826)	(3, 0.003254845677789251)	(4, 0.00565917891716121)	(5, 0.007145239111758456)	(6, 0.00800743441334082)	(7, 0.008846263988593039)	(8, 0.00950517747110314)	(9, 0.010079974338824715)	(10, 0.012428229835004325)	(15, 0.01519473183249354)	(20, 0.01713689100505522)	(25, 0.018572948545305955)	(30, 0.02035435152071624)	(35, 0.021841346344366692)	(40, 0.023463862380731986)	(45, 0.02525835016288715)	(50, 0.027600063255694317)	(55, 0.03041843716563646)	(60, 0.034012085875212816)	(65, 0.03901608982607675)	(70, 0.046148244131090324)	(75, 0.05643710806330654)	(80, 0.07224028340943707)	(85, 0.09649437465465456)	(90, 0.13319118248520107)	(95, 0.18926191595965094)	(100, 0.27049146160282156)	(105, 0.3857069235077152)	(110, 0.5431082696726331)	(115, 0.7524726546231613)	(120, 1.022907571168264)	(125, 1.361850329998826)	(130, 1.7752059174730022)	(135, 2.261767727483104)	(140, 2.588969208832768)
NG-29643_MDA_MB_453_lib581289_7997_4_1 - polya	(1, 0.04240412014394783)	(2, 0.05008443438866661)	(3, 0.05497721748219905)	(4, 0.06126026129237515)	(5, 0.06539132170754484)	(6, 0.0688728149307365)	(7, 0.07404131359496467)	(8, 0.08267261290132037)	(9, 0.09967351537913414)	(10, 0.12462811109972942)	(15, 0.15564143965773136)	(20, 0.18951146191685692)	(25, 0.2308192621813943)	(30, 0.2682623713109257)	(35, 0.29979208242082384)	(40, 0.328871663467743)	(45, 0.35909850167747226)	(50, 0.3882248141770516)	(55, 0.4189161630262242)	(60, 0.4470302722611817)	(65, 0.47735150800528475)	(70, 0.5123164482002409)	(75, 0.5433629560896317)	(80, 0.5724359947331784)	(85, 0.6033128674494123)	(90, 0.6356706599004507)	(95, 0.6681719179111564)	(100, 0.6994974125729291)	(105, 0.731412190852748)	(110, 0.7599711835170315)	(115, 0.7863763235282022)	(120, 0.8110182858305002)	(125, 0.8366911439784841)	(130, 0.8649898424514497)	(135, 0.8935072441228655)	(140, 0.908742165004647)
NG-29643_MDA_MB_453_lib581289_7997_4_1 - polyg	(1, 0.0)	(2, 0.0)	(3, 0.0005701237224555472)	(4, 0.0008715415921144225)	(5, 0.0010584674027555856)	(6, 0.001273432084992923)	(7, 0.0014580213230010715)	(8, 0.0017267271757977433)	(9, 0.0020795496433829385)	(10, 0.0027622961667497863)	(15, 0.003755806850307568)	(20, 0.004667070177183237)	(25, 0.0056133820935541255)	(30, 0.006768583603316512)	(35, 0.008802803737618969)	(40, 0.01042952560472369)	(45, 0.01232915915536451)	(50, 0.014281599247511456)	(55, 0.01625880700956836)	(60, 0.018336954709371488)	(65, 0.020839891313856662)	(70, 0.13257853314082466)	(75, 0.22489558324217587)	(80, 0.2336951157781086)	(85, 0.24007442638076487)	(90, 0.24548452665524673)	(95, 0.24999037332075202)	(100, 0.2545121086801617)	(105, 0.25966144744879915)	(110, 0.2650042544314502)	(115, 0.27118448904577364)	(120, 0.27829701614066993)	(125, 0.28650165728423715)	(130, 0.2956091500932012)	(135, 0.30663730560650326)	(140, 0.3146171684627745)
NG-29643_MDA_MB_453_lib581289_7997_4_2 - illumina_universal_adapter	(1, 0.0024580744099312935)	(2, 0.0025305081615547443)	(3, 0.003299240557816527)	(4, 0.005717593232986574)	(5, 0.007205990000216834)	(6, 0.008056502438634126)	(7, 0.008902341731785389)	(8, 0.009558918641662473)	(9, 0.010145398372549122)	(10, 0.012483840263670071)	(15, 0.015274642616542633)	(20, 0.017275216104929686)	(25, 0.018873431785911627)	(30, 0.02096326234887983)	(35, 0.02283579165697768)	(40, 0.02491534130036062)	(45, 0.02714022576151706)	(50, 0.030012808156545133)	(55, 0.033453645015922344)	(60, 0.0377379845958178)	(65, 0.043487822531139975)	(70, 0.051373755167564025)	(75, 0.06263790451680053)	(80, 0.07945001192586672)	(85, 0.10471724106475933)	(90, 0.1425496231949509)	(95, 0.20002930996710852)	(100, 0.2830402585856894)	(105, 0.4002862021086727)	(110, 0.5601133779811863)	(115, 0.7721807101535856)	(120, 1.0452695058952661)	(125, 1.386991384215536)	(130, 1.8035172334381866)	(135, 2.292779654097526)	(140, 2.621632157669678)
NG-29643_MDA_MB_453_lib581289_7997_4_2 - polya	(1, 0.04060729578915965)	(2, 0.04948159864934886)	(3, 0.05325750002430035)	(4, 0.05993075146418987)	(5, 0.06439594176588066)	(6, 0.06869757198326042)	(7, 0.07326323490817083)	(8, 0.08591811228857756)	(9, 0.102704050084154)	(10, 0.12857458227689095)	(15, 0.1784061995066654)	(20, 0.22216740103586807)	(25, 0.26131574087297343)	(30, 0.29669378710944655)	(35, 0.3317087299587492)	(40, 0.370184604192073)	(45, 0.41479491621611314)	(50, 0.46243623025969977)	(55, 0.5212234630772923)	(60, 0.5664950251564755)	(65, 0.618474419950517)	(70, 0.6751148098328958)	(75, 0.7333038800564367)	(80, 0.7850622350793949)	(85, 0.864221110055188)	(90, 0.9182622965406015)	(95, 0.9739993674430568)	(100, 1.016912860421002)	(105, 1.060542746568229)	(110, 1.1085985685969124)	(115, 1.1595732371587577)	(120, 1.2104750046544528)	(125, 1.2653386647066873)	(130, 1.3227019901617205)	(135, 1.3826906886272095)	(140, 1.411500161877752)
NG-29643_MDA_MB_453_lib581289_7997_4_2 - polyg	(1, 0.2677852431792641)	(2, 0.2700867672227834)	(3, 0.2701989227091681)	(4, 0.27029004904185566)	(5, 0.27042557025457054)	(6, 0.2706288520736428)	(7, 0.2708905482085404)	(8, 0.2712901021287859)	(9, 0.2719326596028649)	(10, 0.2732074936314376)	(15, 0.2746514955186406)	(20, 0.27577258306796104)	(25, 0.27690628810949963)	(30, 0.2782512193170628)	(35, 0.27986906220816204)	(40, 0.2815612081089912)	(45, 0.28341784872318454)	(50, 0.28543290896189627)	(55, 0.2879353782518549)	(60, 0.29100283080447636)	(65, 0.29431281959640476)	(70, 0.297704121115962)	(75, 0.3020697734234864)	(80, 0.31120016464425404)	(85, 0.32040859739096433)	(90, 0.32869782246384666)	(95, 0.33605054922541683)	(100, 0.3435107583281057)	(105, 0.3515107157090208)	(110, 0.3609303746217556)	(115, 0.3716281387647494)	(120, 0.38402085269573183)	(125, 0.39899361012808904)	(130, 0.41854044214683545)	(135, 0.4428772480632617)	(140, 0.46028144297753376)
NG-29643_MFM_223_lib581297_7997_4_1 - illumina_universal_adapter	(1, 0.0014151315596935463)	(2, 0.0015707219406022608)	(3, 0.0031784892099923105)	(4, 0.008935333303614748)	(5, 0.012264473517344067)	(6, 0.014178482171379842)	(7, 0.016082612071072203)	(8, 0.0174483498590487)	(9, 0.018606633805813573)	(10, 0.024092800030426565)	(15, 0.029960286172695194)	(20, 0.03406441466466507)	(25, 0.036873932399930996)	(30, 0.039512547685055924)	(35, 0.0415841224708691)	(40, 0.04370904253013668)	(45, 0.04625726721301941)	(50, 0.04913198472695184)	(55, 0.05277279964021577)	(60, 0.057710694998769484)	(65, 0.06439169656121796)	(70, 0.07423340557584061)	(75, 0.08882975905594673)	(80, 0.11102485037700413)	(85, 0.14547996977595107)	(90, 0.19811199716677325)	(95, 0.2776764725240353)	(100, 0.3933473010687454)	(105, 0.5596981151460196)	(110, 0.7848532023278791)	(115, 1.0845331183387095)	(120, 1.4611823609407881)	(125, 1.9229790569173075)	(130, 2.4718545027424037)	(135, 3.1070060496256757)	(140, 3.5276414338172235)
NG-29643_MFM_223_lib581297_7997_4_1 - polya	(1, 0.010340586108964883)	(2, 0.017860787852886084)	(3, 0.022061728137421376)	(4, 0.028105056107002716)	(5, 0.03159472607881245)	(6, 0.03447191328133075)	(7, 0.038497505676270506)	(8, 0.045471906242718275)	(9, 0.057642531593799944)	(10, 0.07832814925118425)	(15, 0.10511933103051338)	(20, 0.13518383806153156)	(25, 0.17338695685836844)	(30, 0.20694706111380237)	(35, 0.23341323187523333)	(40, 0.2576161800165889)	(45, 0.2820651091410954)	(50, 0.3061875454345522)	(55, 0.3329293334421643)	(60, 0.3568206068839852)	(65, 0.38209638774703525)	(70, 0.41057831833223907)	(75, 0.43783478944114285)	(80, 0.4618865926410442)	(85, 0.48825842129849556)	(90, 0.5151943268289557)	(95, 0.5447184659973893)	(100, 0.5717057410504351)	(105, 0.5980983150920076)	(110, 0.6219446402015661)	(115, 0.6430135535274748)	(120, 0.6640152913238482)	(125, 0.6862538491640165)	(130, 0.7112480855282793)	(135, 0.7368898742397526)	(140, 0.7501703776413166)
NG-29643_MFM_223_lib581297_7997_4_1 - polyg	(1, 0.0)	(2, 0.0)	(3, 0.0003408170248476603)	(4, 0.00047664989706955394)	(5, 0.0005458011774734271)	(6, 0.0006273009008065633)	(7, 0.0007137400013114047)	(8, 0.0008643910050484139)	(9, 0.0010718448462600334)	(10, 0.0015628189371275324)	(15, 0.00238324948534777)	(20, 0.003077231977972354)	(25, 0.00402954389667712)	(30, 0.005025816272210064)	(35, 0.006136682198126568)	(40, 0.007421908138204267)	(45, 0.009084996431917415)	(50, 0.010718448462600333)	(55, 0.01238153675631348)	(60, 0.014191818489743446)	(65, 0.016536046895434742)	(70, 0.1274117280818534)	(75, 0.20903493584428218)	(80, 0.22231445137041167)	(85, 0.2319156127167723)	(90, 0.23935678442594624)	(95, 0.24494223213171046)	(100, 0.25003818755975876)	(105, 0.25526651829600866)	(110, 0.26021923178607753)	(115, 0.2660279393400029)	(120, 0.27227773327536153)	(125, 0.2791869340631428)	(130, 0.28747422108182985)	(135, 0.2975070839929974)	(140, 0.305031237238656)
NG-29643_MFM_223_lib581297_7997_4_2 - illumina_universal_adapter	(1, 0.0014472375113096301)	(2, 0.0016052975808041974)	(3, 0.0032501101789820363)	(4, 0.00904152991280641)	(5, 0.012417594209666928)	(6, 0.014361239126732935)	(7, 0.01628759622369797)	(8, 0.01765827338884617)	(9, 0.018816557335611044)	(10, 0.02433729920042597)	(15, 0.030262576055603552)	(20, 0.03442992857537125)	(25, 0.0373733034319904)	(30, 0.0403156904131752)	(35, 0.04278093355957328)	(40, 0.045337061245930725)	(45, 0.048298711798085175)	(50, 0.05163526107757205)	(55, 0.05581594991570336)	(60, 0.061345088721710184)	(65, 0.06877687561425785)	(70, 0.079404933474616)	(75, 0.0947955388039323)	(80, 0.11789107858339157)	(85, 0.15341310345142684)	(90, 0.2072987447684278)	(95, 0.2884833358380091)	(100, 0.4063393448434816)	(105, 0.5753287742058809)	(110, 0.8038011470962573)	(115, 1.1073984831419674)	(120, 1.489147632673832)	(125, 1.9568414510556498)	(130, 2.511570058829217)	(135, 3.1529289210041704)	(140, 3.5773686134933658)
NG-29643_MFM_223_lib581297_7997_4_2 - polya	(1, 0.013262227706028522)	(2, 0.01834731650429905)	(3, 0.020367521767526486)	(4, 0.024551174231960807)	(5, 0.027280180119327944)	(6, 0.02999189818659411)	(7, 0.03278017660002171)	(8, 0.03969530464040902)	(9, 0.04850715351473114)	(10, 0.06358608414451283)	(15, 0.09121350247901165)	(20, 0.11580666141693197)	(25, 0.13794198627421175)	(30, 0.1579681970791734)	(35, 0.17782152968312537)	(40, 0.19974643707289053)	(45, 0.2239093762591553)	(50, 0.24964402526145663)	(55, 0.2801787609992212)	(60, 0.30442171809566754)	(65, 0.330782186185624)	(70, 0.35977484837038215)	(75, 0.3888732132266147)	(80, 0.41559623160097436)	(85, 0.45420339145045674)	(90, 0.4826280252604688)	(95, 0.5102238315810687)	(100, 0.5325562375874995)	(105, 0.5549518676217282)	(110, 0.5780360468336926)	(115, 0.6030416437654502)	(120, 0.6277765628281985)	(125, 0.6543044758042758)	(130, 0.6811692543034632)	(135, 0.707487243749743)	(140, 0.7207316896979534)
NG-29643_MFM_223_lib581297_7997_4_2 - polyg	(1, 0.23351152548095025)	(2, 0.23567744237074298)	(3, 0.23577869960276293)	(4, 0.23590959309781312)	(5, 0.23601085032983307)	(6, 0.23618372853084277)	(7, 0.2363541370432666)	(8, 0.23674928721700303)	(9, 0.2372555733771028)	(10, 0.238304697088373)	(15, 0.23962202898006674)	(20, 0.240650901244933)	(25, 0.2417128673368496)	(30, 0.24285583921438217)	(35, 0.24422602244181318)	(40, 0.2457137628459308)	(45, 0.2502886139823642)	(50, 0.26353503568144326)	(55, 0.27351949269632825)	(60, 0.28140570228867273)	(65, 0.28776416252180886)	(70, 0.2929485328012307)	(75, 0.298183284727804)	(80, 0.303319249110943)	(85, 0.3095255765271906)	(90, 0.3164698468928909)	(95, 0.32379494323852975)	(100, 0.3322269540083478)	(105, 0.3423768801584849)	(110, 0.3548739983406162)	(115, 0.37129100624621286)	(120, 0.39212776884505135)	(125, 0.42037112751286176)	(130, 0.46054209417490605)	(135, 0.5181945045230494)	(140, 0.5639114038734843)
NG-29643_SK_BR_3_lib581307_7997_4_1 - illumina_universal_adapter	(1, 0.0009388839834268487)	(2, 0.001032532257988606)	(3, 0.0020194409976009714)	(4, 0.005678927418937333)	(5, 0.007739189459295993)	(6, 0.00897342569326377)	(7, 0.010195655738185165)	(8, 0.011117731056947083)	(9, 0.011857312302204038)	(10, 0.015091779631298579)	(15, 0.018729174664789603)	(20, 0.021055974101977883)	(25, 0.022814160425929642)	(30, 0.024529124469314437)	(35, 0.025986675819544863)	(40, 0.027456233358821674)	(45, 0.02916255294609308)	(50, 0.031167106269276535)	(55, 0.03388338647912935)	(60, 0.037797884355810815)	(65, 0.04382739249490242)	(70, 0.05390298634262378)	(75, 0.07051811124012695)	(80, 0.09679821831996532)	(85, 0.13769658093511306)	(90, 0.1972237464746227)	(95, 0.28140009837391056)	(100, 0.3955957648696411)	(105, 0.546072213673282)	(110, 0.7392076126538317)	(115, 0.9814910668670771)	(120, 1.2773984835895087)	(125, 1.6308040199026113)	(130, 2.0526150584312406)	(135, 2.5450762762795067)	(140, 2.876613259615973)
NG-29643_SK_BR_3_lib581307_7997_4_1 - polya	(1, 0.013434925542898258)	(2, 0.020136780268587093)	(3, 0.02418046473940759)	(4, 0.02959525599932458)	(5, 0.032827322090609845)	(6, 0.03593212257800349)	(7, 0.04043204223258639)	(8, 0.04742684797100688)	(9, 0.05987486477429277)	(10, 0.07975327185460178)	(15, 0.10524000996225542)	(20, 0.13340652946506087)	(25, 0.1707380934383103)	(30, 0.20301745306084343)	(35, 0.22827655382417772)	(40, 0.2510081116694683)	(45, 0.27441057535867047)	(50, 0.2972290580126568)	(55, 0.3207976873582609)	(60, 0.3428083936132069)	(65, 0.36673720863020237)	(70, 0.3951116753272911)	(75, 0.4192071362482503)	(80, 0.44062185527893405)	(85, 0.4638307792007086)	(90, 0.488920352574708)	(95, 0.5157268109823396)	(100, 0.5407827670270093)	(105, 0.566199388990632)	(110, 0.5892815275560769)	(115, 0.6097799342387409)	(120, 0.6294239805088646)	(125, 0.6498340216401473)	(130, 0.6734266633638442)	(135, 0.6965424192586188)	(140, 0.7088550062494615)
NG-29643_SK_BR_3_lib581307_7997_4_1 - polyg	(1, 0.0)	(2, 0.0)	(3, 0.00042742033005109737)	(4, 0.0006267230682209911)	(5, 0.000739581245256955)	(6, 0.0008620443735300222)	(7, 0.0009941124530401927)	(8, 0.0011934151912100866)	(9, 0.0014695575392768068)	(10, 0.0020520978318071224)	(15, 0.0030111522128318884)	(20, 0.003895287974207248)	(25, 0.004998896871350419)	(30, 0.006109229234359562)	(35, 0.007331459279280958)	(40, 0.008925881184640109)	(45, 0.011158552099704771)	(50, 0.013159263442393394)	(55, 0.01528627989384992)	(60, 0.01771825354708448)	(65, 0.020689064964720533)	(70, 0.09094928326413125)	(75, 0.15024641022151225)	(80, 0.16002857280894012)	(85, 0.167035384736407)	(90, 0.1728386962738648)	(95, 0.17742794197495276)	(100, 0.18201190495286035)	(105, 0.1870799574731179)	(110, 0.19201546166630346)	(115, 0.19737022198098852)	(120, 0.20331280531138435)	(125, 0.20985041537091872)	(130, 0.21766500369742597)	(135, 0.22759508253390526)	(140, 0.23529489169312912)
NG-29643_SK_BR_3_lib581307_7997_4_2 - illumina_universal_adapter	(1, 0.0009484889346639521)	(2, 0.0010445384470349852)	(3, 0.0020362496622659022)	(4, 0.00575576702883416)	(5, 0.007837640209476303)	(6, 0.00908148139468118)	(7, 0.01032532257988606)	(8, 0.011261805325503632)	(9, 0.011991781619523485)	(10, 0.015265149001128292)	(15, 0.018958252751794517)	(20, 0.021335958430539443)	(25, 0.023247343726722998)	(30, 0.02517169570707665)	(35, 0.026927000545657283)	(40, 0.028758184499011026)	(45, 0.03084774164064285)	(50, 0.03322352632914036)	(55, 0.036447428211874085)	(60, 0.04089932311027146)	(65, 0.04752914070168203)	(70, 0.05833855282391809)	(75, 0.0756365897543793)	(80, 0.10285317957983527)	(85, 0.14480616584081693)	(90, 0.20557861330821706)	(95, 0.29144255513986395)	(100, 0.40783631472620563)	(105, 0.5610295239872611)	(110, 0.7571909628550602)	(115, 1.0027847635121734)	(120, 1.3023550283888743)	(125, 1.6600102753768335)	(130, 2.086992619651519)	(135, 2.584780743455883)	(140, 2.91999402187835)
NG-29643_SK_BR_3_lib581307_7997_4_2 - polya	(1, 0.01190773829619883)	(2, 0.015917805437689465)	(3, 0.01771633255683706)	(4, 0.021310985557322974)	(5, 0.023755445647165765)	(6, 0.02610865870025608)	(7, 0.02861555097314004)	(8, 0.0345898306426183)	(9, 0.042312211437249364)	(10, 0.056056416409982344)	(15, 0.08085063753344084)	(20, 0.10323545663907197)	(25, 0.1226153667501753)	(30, 0.140528600807373)	(35, 0.1579370946770609)	(40, 0.17666771008453602)	(45, 0.19692695348139622)	(50, 0.21846701712572408)	(55, 0.24431057917183616)	(60, 0.2654765299654788)	(65, 0.2882450668730322)	(70, 0.3134542218899336)	(75, 0.3378733696675832)	(80, 0.3601467713388639)	(85, 0.3924885631444382)	(90, 0.41632565087711937)	(95, 0.4399912902302182)	(100, 0.45886838114405915)	(105, 0.4780110489596061)	(110, 0.49761235319672464)	(115, 0.5181333315147958)	(120, 0.5385347281899652)	(125, 0.5609425991785654)	(130, 0.5844665655009169)	(135, 0.6081629406979745)	(140, 0.6204270226850699)
NG-29643_SK_BR_3_lib581307_7997_4_2 - polyg	(1, 0.1881489885458075)	(2, 0.19012520726284152)	(3, 0.1902644790557795)	(4, 0.19041095456214532)	(5, 0.19056943625755754)	(6, 0.19073992414201613)	(7, 0.19097524544732514)	(8, 0.1913858571127113)	(9, 0.19192853685760766)	(10, 0.19315364838790017)	(15, 0.19456893795268737)	(20, 0.19563940976806254)	(25, 0.1967161248017418)	(30, 0.19789513256609625)	(35, 0.19928544925766695)	(40, 0.20067960792973247)	(45, 0.20228027305339574)	(50, 0.20393424565642496)	(55, 0.20596281135770117)	(60, 0.20845865793666246)	(65, 0.21120183200997916)	(70, 0.2141395063458472)	(75, 0.21773608033658057)	(80, 0.22700293729013782)	(85, 0.23759959974247202)	(90, 0.24674303307263257)	(95, 0.2543463124719235)	(100, 0.2615879654571376)	(105, 0.26942896739954686)	(110, 0.2777919984416927)	(115, 0.28797276650546033)	(120, 0.2994007374873659)	(125, 0.31254511325534173)	(130, 0.32877459936067527)	(135, 0.34908522924665386)	(140, 0.3638091392455714)
NG-29643_T_47D_lib581309_8005_3_1 - illumina_universal_adapter	(1, 0.000977846890533308)	(2, 0.0010820242832293506)	(3, 0.0023795063558982436)	(4, 0.006679191472625815)	(5, 0.009127360200982815)	(6, 0.010652138403170345)	(7, 0.01197329715599743)	(8, 0.013036380095100226)	(9, 0.013905314256905854)	(10, 0.01791614387570349)	(15, 0.022736715955911275)	(20, 0.025858249467967238)	(25, 0.028275164978515427)	(30, 0.030693974623476266)	(35, 0.0324517313584204)	(40, 0.03419670268607912)	(45, 0.03623573838130256)	(50, 0.03865407449266024)	(55, 0.041930927026553946)	(60, 0.04668473086871562)	(65, 0.05367692805303274)	(70, 0.06469226672982972)	(75, 0.08270643206138814)	(80, 0.11132585596940367)	(85, 0.15705736369495052)	(90, 0.225737730430626)	(95, 0.3269299672923237)	(100, 0.4699129652340389)	(105, 0.6675317967751935)	(110, 0.9308614658265834)	(115, 1.2723132881271324)	(120, 1.7054994606333875)	(125, 2.2410598098748378)	(130, 2.890448166644809)	(135, 3.652926765589572)	(140, 4.1686773100762675)
NG-29643_T_47D_lib581309_8005_3_1 - polya	(1, 0.005469313116542231)	(2, 0.012425521747018886)	(3, 0.01657841144676567)	(4, 0.022059562903387)	(5, 0.025658418287432105)	(6, 0.028376501169592484)	(7, 0.032903482415838695)	(8, 0.04051079975066562)	(9, 0.05380999099552177)	(10, 0.07448825637847988)	(15, 0.10111741855239784)	(20, 0.13051675230482418)	(25, 0.1675006737791256)	(30, 0.20019580140957222)	(35, 0.225876475776353)	(40, 0.24884143492898927)	(45, 0.2728997831713308)	(50, 0.29500433176701835)	(55, 0.31900822364499604)	(60, 0.3416061942551803)	(65, 0.366439717005901)	(70, 0.3948143240410808)	(75, 0.41942623306552085)	(80, 0.44096206780380864)	(85, 0.46424382093696154)	(90, 0.4887951176601966)	(95, 0.5147532827184313)	(100, 0.5391014335259092)	(105, 0.564345509910573)	(110, 0.5871556235749746)	(115, 0.6068408889920981)	(120, 0.6256581673146224)	(125, 0.6444484542217663)	(130, 0.6663953161276004)	(135, 0.688667969152411)	(140, 0.7005029944962846)
NG-29643_T_47D_lib581309_8005_3_1 - polyg	(1, 0.0)	(2, 0.0)	(3, 0.00026991415380338285)	(4, 0.00040487123070507425)	(5, 0.00046643059911637206)	(6, 0.000577710995859872)	(7, 0.0006676823804609997)	(8, 0.00083341914156834)	(9, 0.0010370385909287867)	(10, 0.0015015750556325034)	(15, 0.0022686994927579073)	(20, 0.0029842087671384534)	(25, 0.0037333389273436325)	(30, 0.004594223017895474)	(35, 0.005862819540771373)	(40, 0.007115315921139703)	(45, 0.008659982534660115)	(50, 0.010206069748990017)	(55, 0.011789566117969863)	(60, 0.013592782078817728)	(65, 0.01580891934162445)	(70, 0.11902361822243487)	(75, 0.20618742209040414)	(80, 0.21870717702445264)	(85, 0.2275002225016018)	(90, 0.2338735112665838)	(95, 0.2390610718892435)	(100, 0.24398298016052836)	(105, 0.24891767383909863)	(110, 0.2534242931404088)	(115, 0.2583215776643291)	(120, 0.26374827275658663)	(125, 0.270047690279475)	(130, 0.27804472576970574)	(135, 0.2882119657632363)	(140, 0.2956578081393844)
NG-29643_T_47D_lib581309_8005_3_2 - illumina_universal_adapter	(1, 0.0009920528986282228)	(2, 0.001091494955292627)	(3, 0.0023960800320089776)	(4, 0.006757324517147847)	(5, 0.009203125577489027)	(6, 0.010730271447692378)	(7, 0.012077474548693472)	(8, 0.01314055748779627)	(9, 0.013992917973491163)	(10, 0.018044945015764053)	(15, 0.022895823246574323)	(20, 0.026048136442835934)	(25, 0.02856970287968333)	(30, 0.031155196352957836)	(35, 0.03311894020527824)	(40, 0.03514329635880361)	(45, 0.037483499425639256)	(50, 0.04026314167621094)	(55, 0.04394344484000022)	(60, 0.04907134022866133)	(65, 0.05643857602668419)	(70, 0.06797764286858039)	(75, 0.08657709573364927)	(80, 0.11588835223588716)	(85, 0.16252620327788958)	(90, 0.23229332963282606)	(95, 0.33511783682462953)	(100, 0.48037995199837213)	(105, 0.6805999036217057)	(110, 0.9477168944311998)	(115, 1.2941858052572695)	(120, 1.7326878659926421)	(125, 2.272974554127271)	(130, 2.9267838206163796)	(135, 3.69633701159241)	(140, 4.218019511525938)
NG-29643_T_47D_lib581309_8005_3_2 - polya	(1, 0.009946573334456239)	(2, 0.014035535997775907)	(3, 0.016161701875981503)	(4, 0.01966821820740966)	(5, 0.022097445591640105)	(6, 0.02455034965602874)	(7, 0.026967738700180093)	(8, 0.033320191986622866)	(9, 0.041150070114936786)	(10, 0.0542612685193369)	(15, 0.07939264390644765)	(20, 0.10222122538137271)	(25, 0.12277968676273039)	(30, 0.14020951162798462)	(35, 0.15807782860976854)	(40, 0.17636143456152717)	(45, 0.19688864272507603)	(50, 0.21851634298237763)	(55, 0.24440205739932833)	(60, 0.26556900946075157)	(65, 0.2892546867574031)	(70, 0.31654821657655996)	(75, 0.34213844602513643)	(80, 0.36420321779815823)	(85, 0.39518225965073916)	(90, 0.41866526456523656)	(95, 0.44297742681887387)	(100, 0.4646013388073502)	(105, 0.48508877014823326)	(110, 0.50611555626312)	(115, 0.5299915940682434)	(120, 0.5554724372544891)	(125, 0.5816365894301001)	(130, 0.6041654241342226)	(135, 0.6277123560851472)	(140, 0.6397486332103653)
NG-29643_T_47D_lib581309_8005_3_2 - polyg	(1, 0.22095077923624287)	(2, 0.22232402668541795)	(3, 0.22259630850723716)	(4, 0.22271469190802812)	(5, 0.22284017831286654)	(6, 0.22302485641810044)	(7, 0.22326162321968235)	(8, 0.22364755310626086)	(9, 0.22417791074180435)	(10, 0.22572683915775324)	(15, 0.22733874754292294)	(20, 0.22838857154113712)	(25, 0.22950326964298476)	(30, 0.2305999734679122)	(35, 0.23188561720050202)	(40, 0.23328775019947012)	(45, 0.2348040047968007)	(50, 0.23639413063622486)	(55, 0.23950335227459854)	(60, 0.24368891579296365)	(65, 0.24745350793811607)	(70, 0.2510784076703352)	(75, 0.25503525445837216)	(80, 0.2630924287162047)	(85, 0.2732961307971789)	(90, 0.2829448514952451)	(95, 0.29150823317485974)	(100, 0.2995673015671049)	(105, 0.307689349928571)	(110, 0.31677172443725327)	(115, 0.3270957040534311)	(120, 0.339266938255551)	(125, 0.35513268162955514)	(130, 0.3764843117962121)	(135, 0.40563598747418383)	(140, 0.42783287512248835)
NG-30919_HS_578T_B_lib628473_10098_2_1 - illumina_universal_adapter	(1, 0.0005948674946955265)	(2, 0.000629186773235653)	(3, 0.0010781973341356418)	(4, 0.002453828415619047)	(5, 0.003246031761920301)	(6, 0.003706482082333665)	(7, 0.004215551380678875)	(8, 0.004621662843403706)	(9, 0.004959135749048283)	(10, 0.006552694249261493)	(15, 0.008506033186170362)	(20, 0.009784426311790074)	(25, 0.010754517918524316)	(30, 0.011632519461175887)	(35, 0.012461330037919943)	(40, 0.013230653865194448)	(45, 0.014090351792624614)	(50, 0.01518170485020064)	(55, 0.016533884424681625)	(60, 0.018218961001001836)	(65, 0.020453146033964077)	(70, 0.023845034729679908)	(75, 0.02888825271115151)	(80, 0.0364979807394489)	(85, 0.04843536979165623)	(90, 0.06689513773041464)	(95, 0.09613516304660244)	(100, 0.1403641332651905)	(105, 0.20525273717695908)	(110, 0.29718092866251766)	(115, 0.4246192776535452)	(120, 0.5929633467245251)	(125, 0.8121359832773596)	(130, 1.087568785128999)	(135, 1.4199916089363966)	(140, 1.6482005115288467)
NG-30919_HS_578T_B_lib628473_10098_2_1 - polya	(1, 0.031167624794191575)	(2, 0.03672448797781373)	(3, 0.04003057847717925)	(4, 0.04438340697201863)	(5, 0.04804127007642045)	(6, 0.050746773201333764)	(7, 0.05502810319921455)	(8, 0.06276710051001308)	(9, 0.07671502729669617)	(10, 0.09514505186071978)	(15, 0.11953290317930935)	(20, 0.1477719495380768)	(25, 0.18451645709503897)	(30, 0.21782674884608574)	(35, 0.24513745872034276)	(40, 0.2693914648526259)	(45, 0.2927382980554983)	(50, 0.3152162815233298)	(55, 0.33827483278646514)	(60, 0.3596906345834798)	(65, 0.3839463566796898)	(70, 0.4116357225938397)	(75, 0.43854318094525013)	(80, 0.4625786876708277)	(85, 0.4917769578647918)	(90, 0.5215437841065704)	(95, 0.5526084510651417)	(100, 0.5779429424834631)	(105, 0.603853425793283)	(110, 0.6288796156927189)	(115, 0.6500466027203176)	(120, 0.6721487900881348)	(125, 0.6976897691656726)	(130, 0.7250039109677837)	(135, 0.7502909273841245)	(140, 0.7638327427080828)
NG-30919_HS_578T_B_lib628473_10098_2_1 - polyg	(1, 0.0)	(2, 0.0)	(3, 0.0011582756507292704)	(4, 0.0016759247687095121)	(5, 0.0019418991773954928)	(6, 0.0022107335259598172)	(7, 0.0023851898585387937)	(8, 0.002819900720047063)	(9, 0.003692182382941946)	(10, 0.005234833953320634)	(15, 0.007276831026458162)	(20, 0.010389017602071969)	(25, 0.016916544380404037)	(30, 0.02051091681950662)	(35, 0.02493867573915861)	(40, 0.03267080919424912)	(45, 0.043823430743838904)	(50, 0.052062345545371945)	(55, 0.06045112119653021)	(60, 0.07476454829966565)	(65, 0.08522392042274486)	(70, 0.16270827154671555)	(75, 0.2146974026312019)	(80, 0.22645518745904925)	(85, 0.2363059643760169)	(90, 0.24481542949004126)	(95, 0.25281925723357446)	(100, 0.2616353079025573)	(105, 0.2736647870188473)	(110, 0.284895198933128)	(115, 0.29591855120021665)	(120, 0.30766947217235596)	(125, 0.3201502498014487)	(130, 0.33308918979905205)	(135, 0.3459783668427722)	(140, 0.3541692346543491)
NG-30919_HS_578T_B_lib628473_10098_2_2 - illumina_universal_adapter	(1, 0.0005948674946955265)	(2, 0.000629186773235653)	(3, 0.0010896370936490172)	(4, 0.0024910076340375173)	(5, 0.00327463116070374)	(6, 0.0037436613007521356)	(7, 0.004249870659219002)	(8, 0.004644542362430457)	(9, 0.004996314967466754)	(10, 0.006584153587923275)	(15, 0.008519188909610741)	(20, 0.00982274950615988)	(25, 0.010851183886412338)	(30, 0.011843011036221995)	(35, 0.0127661996289514)	(40, 0.013694536113461822)	(45, 0.014772733447597466)	(50, 0.016138640733494504)	(55, 0.017731055257756374)	(60, 0.019708417689643327)	(65, 0.022250332253515366)	(70, 0.02594423060038432)	(75, 0.03132206154762215)	(80, 0.039355632665890095)	(85, 0.05166824583013616)	(90, 0.07052039752020332)	(95, 0.10008016411478997)	(100, 0.14452134187235116)	(105, 0.2095289192830588)	(110, 0.3010018083399851)	(115, 0.42751582476233185)	(120, 0.594908105841799)	(125, 0.8118425534458416)	(130, 1.0840539190185143)	(135, 1.412539749589384)	(140, 1.6382422008724533)
NG-30919_HS_578T_B_lib628473_10098_2_2 - polya	(1, 0.010147066688364077)	(2, 0.013078505063666552)	(3, 0.014737270193106)	(4, 0.01784888478074414)	(5, 0.02061444664310267)	(6, 0.02313119373604528)	(7, 0.025768058303878336)	(8, 0.032491776957864794)	(9, 0.04083708152287223)	(10, 0.054041995929161576)	(15, 0.07890288130362924)	(20, 0.09980389392254195)	(25, 0.11861886639419066)	(30, 0.13529631980076515)	(35, 0.1519577575440209)	(40, 0.1704323971701467)	(45, 0.1902477766112401)	(50, 0.21065802354702895)	(55, 0.23153844459881764)	(60, 0.25005140741931325)	(65, 0.2722531206948967)	(70, 0.29587679607799283)	(75, 0.3183444837622623)	(80, 0.3362534272804517)	(85, 0.36139573073894843)	(90, 0.38048983334272346)	(95, 0.39875798530963286)	(100, 0.4139236744965148)	(105, 0.4301973043922671)	(110, 0.44744788975046157)	(115, 0.46401037357392677)	(120, 0.48129241827078306)	(125, 0.5012708142849421)	(130, 0.5210055434214663)	(135, 0.5400727625903847)	(140, 0.5500865560804181)
NG-30919_HS_578T_B_lib628473_10098_2_2 - polyg	(1, 0.15799451863922917)	(2, 0.1603825684376463)	(3, 0.16054844495059026)	(4, 0.16077724014085776)	(5, 0.16098029587222018)	(6, 0.16131776877786475)	(7, 0.16163808204423927)	(8, 0.16216717092173288)	(9, 0.16295937426803414)	(10, 0.16480346350159025)	(15, 0.166713903340324)	(20, 0.16808781845788037)	(25, 0.16953208809644402)	(30, 0.17115481798341634)	(35, 0.17290567317693847)	(40, 0.17480181331628047)	(45, 0.17683179864192894)	(50, 0.17887093577518814)	(55, 0.1815644271526124)	(60, 0.1854442215915737)	(65, 0.18982278954531817)	(70, 0.1943140391302694)	(75, 0.1989488576971135)	(80, 0.20462984227145578)	(85, 0.21290250436355324)	(90, 0.22301467978540152)	(95, 0.2342039085654341)	(100, 0.24608238285614759)	(105, 0.264200101985456)	(110, 0.2829184084892168)	(115, 0.3041883533524358)	(120, 0.3230479408861867)	(125, 0.34042951149080947)	(130, 0.3598502192286913)	(135, 0.383167309056829)	(140, 0.3985497816864894)
NG-30919_MDA_MB_468_B_lib628474_10098_2_1 - illumina_universal_adapter	(1, 0.00040084729250625546)	(2, 0.0004686829881611602)	(3, 0.0015478872372164634)	(4, 0.005059926207713578)	(5, 0.007054912348110096)	(6, 0.008260537666340448)	(7, 0.009543249002360466)	(8, 0.010610119488569424)	(9, 0.011760242873991217)	(10, 0.016080143310924017)	(15, 0.020873043553014198)	(20, 0.02414210739543829)	(25, 0.02618519521093556)	(30, 0.027876154097169637)	(35, 0.02912926440235843)	(40, 0.030237452994102642)	(45, 0.03145602876332165)	(50, 0.03276834113017291)	(55, 0.03426565993971935)	(60, 0.036220561350865245)	(65, 0.038662646394441814)	(70, 0.04209759934714927)	(75, 0.046992253132721803)	(80, 0.05421367127925758)	(85, 0.06553729894848813)	(90, 0.08286500237132008)	(95, 0.10993514506648099)	(100, 0.1515720783713192)	(105, 0.21427014511257844)	(110, 0.30381511344147966)	(115, 0.4286802784334629)	(120, 0.5943183966428978)	(125, 0.8087408637266286)	(130, 1.0727721917309336)	(135, 1.389516788764238)	(140, 1.60538723960613)
NG-30919_MDA_MB_468_B_lib628474_10098_2_1 - polya	(1, 0.04227088871514043)	(2, 0.048030755964384164)	(3, 0.05174013514042282)	(4, 0.05639304717420697)	(5, 0.0595813248699875)	(6, 0.06225775140764465)	(7, 0.06654990087817317)	(8, 0.07413208158796457)	(9, 0.08773005512606138)	(10, 0.10871965273797357)	(15, 0.138515557022177)	(20, 0.16931604629021532)	(25, 0.207457591204399)	(30, 0.2396548791147861)	(35, 0.26685452631983364)	(40, 0.2917107585840754)	(45, 0.31831653510807134)	(50, 0.3440478478462613)	(55, 0.3704538174121465)	(60, 0.3949468203605634)	(65, 0.4234939311565743)	(70, 0.4582572584271437)	(75, 0.48664156355358273)	(80, 0.5116488844126923)	(85, 0.5407923326423241)	(90, 0.5709348156625097)	(95, 0.6028484270274309)	(100, 0.6313400358906331)	(105, 0.6602059744562221)	(110, 0.6859416040114084)	(115, 0.708760915341576)	(120, 0.7314599724839919)	(125, 0.7566985513964702)	(130, 0.7849496518841688)	(135, 0.8129411266639519)	(140, 0.827626321396954)
NG-30919_MDA_MB_468_B_lib628474_10098_2_1 - polyg	(1, 0.0)	(2, 0.0)	(3, 0.0006105212608941429)	(4, 0.0009404494170339071)	(5, 0.0011038717747479958)	(6, 0.0013320463874054028)	(7, 0.0015263031522353573)	(8, 0.0018685650712214677)	(9, 0.002476002891404024)	(10, 0.0035015552720777205)	(15, 0.004926104880830721)	(20, 0.006557245017260021)	(25, 0.009686937339520401)	(30, 0.011675756598493745)	(35, 0.014333065803739059)	(40, 0.01859191411458245)	(45, 0.023889265257088187)	(50, 0.027975440888082726)	(55, 0.032847277212389524)	(60, 0.040325237626129294)	(65, 0.046201042246128685)	(70, 0.11323689338044789)	(75, 0.17028733011436512)	(80, 0.1845026084829216)	(85, 0.19554810979996703)	(90, 0.2041188416018931)	(95, 0.2107747567219239)	(100, 0.21761444490836523)	(105, 0.22556355506283543)	(110, 0.23293051161095812)	(115, 0.24031473542706566)	(120, 0.24810967354595653)	(125, 0.256626753479501)	(130, 0.2663321914632909)	(135, 0.27682020669968144)	(140, 0.2835932925667526)
NG-30919_MDA_MB_468_B_lib628474_10098_2_2 - illumina_universal_adapter	(1, 0.00039776385179466885)	(2, 0.00046559954744957366)	(3, 0.0015756382036207425)	(4, 0.00511234469981055)	(5, 0.007094997077360722)	(6, 0.008282121751321555)	(7, 0.009577166850187918)	(8, 0.010637870454973702)	(9, 0.011772576636837563)	(10, 0.016109744341755248)	(15, 0.020882293875148956)	(20, 0.024189592382396725)	(25, 0.026312849656395243)	(30, 0.028108028838680948)	(35, 0.029506060857314304)	(40, 0.03086092470598545)	(45, 0.03225895672461881)	(50, 0.03378094305985794)	(55, 0.035604489896690246)	(60, 0.03789918647425298)	(65, 0.04072978504748946)	(70, 0.044537217638156566)	(75, 0.0497556326984457)	(80, 0.05740503241574968)	(85, 0.0692152270292686)	(90, 0.08730269024343548)	(95, 0.11494943635166308)	(100, 0.1574472663031763)	(105, 0.2214570287231444)	(110, 0.31274352436594977)	(115, 0.4397060457299542)	(120, 0.6077147131584568)	(125, 0.8244824452474203)	(130, 1.0913863066186393)	(135, 1.4121134756750293)	(140, 1.6306683700004283)
NG-30919_MDA_MB_468_B_lib628474_10098_2_2 - polya	(1, 0.009851593073519124)	(2, 0.012654440680351327)	(3, 0.01418382727329827)	(4, 0.017011342405823165)	(5, 0.019320839498801513)	(6, 0.02137132757200659)	(7, 0.023739410038505084)	(8, 0.030445893586205895)	(9, 0.03946495766759664)	(10, 0.05273361973769601)	(15, 0.07818680612370094)	(20, 0.09885819265417736)	(25, 0.1179200231332056)	(30, 0.13485242945681214)	(35, 0.15161586322942375)	(40, 0.17003448797601503)	(45, 0.1900984366863089)	(50, 0.21102081529070849)	(55, 0.23313525207420746)	(60, 0.25171421573780123)	(65, 0.27412219607704325)	(70, 0.29807991371792864)	(75, 0.3196461147429075)	(80, 0.3382626963831826)	(85, 0.36465694887436373)	(90, 0.3844896395312886)	(95, 0.40321784172532327)	(100, 0.4194990253706427)	(105, 0.4369667170017807)	(110, 0.4542808532854816)	(115, 0.4713853156007947)	(120, 0.48859708165287097)	(125, 0.5096532815841535)	(130, 0.5302895168905178)	(135, 0.5504922204328331)	(140, 0.5614205510028382)
NG-30919_MDA_MB_468_B_lib628474_10098_2_2 - polyg	(1, 0.17069927779343308)	(2, 0.1729717735978724)	(3, 0.17317528068483712)	(4, 0.17339420497535976)	(5, 0.17362854646944034)	(6, 0.17394922430344534)	(7, 0.1742822359002967)	(8, 0.1748125877026896)	(9, 0.1753830242343331)	(10, 0.17703266501503193)	(15, 0.17895919877163122)	(20, 0.18039854889579982)	(25, 0.18194458606858938)	(30, 0.18364972878209673)	(35, 0.18562189746122754)	(40, 0.187644017879886)	(45, 0.18988629596535175)	(50, 0.19229014634410466)	(55, 0.1948537189517177)	(60, 0.1984668947775549)	(65, 0.20283921370658464)	(70, 0.2073589211016283)	(75, 0.21212283700102952)	(80, 0.22064485043971255)	(85, 0.23307851676511424)	(90, 0.24639281375774508)	(95, 0.25946906912744144)	(100, 0.27159069125283064)	(105, 0.28661938128110365)	(110, 0.3021253879315302)	(115, 0.31853854283930555)	(120, 0.3343911282257145)	(125, 0.35009200832911336)	(130, 0.3684514310140422)	(135, 0.38860788294568366)	(140, 0.40116797034026047)
NG-30919_RBL_13_lib628469_10098_1_1 - illumina_universal_adapter	(1, 0.00047516176288265135)	(2, 0.0005564394328494206)	(3, 0.0015817885001225104)	(4, 0.00526846024810238)	(5, 0.007233712627042469)	(6, 0.008273649994053184)	(7, 0.00948447887227608)	(8, 0.01039520558446783)	(9, 0.011262167397446702)	(10, 0.015384404094735672)	(15, 0.019850507857268655)	(20, 0.023104949124450887)	(25, 0.025359466646759886)	(30, 0.027120482829373228)	(35, 0.02860473812553561)	(40, 0.029872252968453285)	(45, 0.031301906342740556)	(50, 0.03292954378489561)	(55, 0.0349518989370944)	(60, 0.03747942606877895)	(65, 0.040831400539921306)	(70, 0.045308758133680474)	(75, 0.05191600748913292)	(80, 0.061560957658522875)	(85, 0.07572911436370452)	(90, 0.09716682923242681)	(95, 0.12988630150110062)	(100, 0.1780439461692573)	(105, 0.24841290240079444)	(110, 0.3483306681551734)	(115, 0.4868303186299319)	(120, 0.6701010441908984)	(125, 0.9061609911824355)	(130, 1.196613205341427)	(135, 1.5455386593173313)	(140, 1.780920875583915)
NG-30919_RBL_13_lib628469_10098_1_1 - polya	(1, 0.04888747646360191)	(2, 0.05590444863739966)	(3, 0.06019757684590081)	(4, 0.06550771795039641)	(5, 0.06921314608375322)	(6, 0.0722350081722613)	(7, 0.07689075983138342)	(8, 0.08612723760811988)	(9, 0.10187634919629618)	(10, 0.12512468046673975)	(15, 0.16205266880543648)	(20, 0.20334464280850278)	(25, 0.24984839109497675)	(30, 0.28864701626860095)	(35, 0.3208629837920447)	(40, 0.3515517647372411)	(45, 0.3833400866740904)	(50, 0.4147737045230335)	(55, 0.449448842573677)	(60, 0.4806136188988838)	(65, 0.5148394373176084)	(70, 0.554803876044551)	(75, 0.5904551797519234)	(80, 0.6205791850929917)	(85, 0.6556586274506493)	(90, 0.691131537092659)	(95, 0.7311180666734899)	(100, 0.7669906957283104)	(105, 0.8023285593956059)	(110, 0.8330906986480544)	(115, 0.860072801034202)	(120, 0.8877026239287004)	(125, 0.9196314103515949)	(130, 0.9559846196806292)	(135, 0.992402434337073)	(140, 1.0118528059729668)
NG-30919_RBL_13_lib628469_10098_1_1 - polyg	(1, 0.0)	(2, 0.0)	(3, 0.0007064905158649948)	(4, 0.0010128448103551252)	(5, 0.0012254171779605219)	(6, 0.001425485288647954)	(7, 0.0016047129711387787)	(8, 0.0018589661951373905)	(9, 0.002215337517299379)	(10, 0.002899320370712038)	(15, 0.003985106679755289)	(20, 0.005064640860339559)	(25, 0.006484290829092462)	(30, 0.007742219075039693)	(35, 0.009340263109155556)	(40, 0.011685644898401766)	(45, 0.015491523895666232)	(50, 0.018190776155690834)	(55, 0.02123389548095947)	(60, 0.02603219566894638)	(65, 0.029553811225609117)	(70, 0.09187544451330816)	(75, 0.1425443607791561)	(80, 0.15358145155207942)	(85, 0.1626028561098269)	(90, 0.16966942850273256)	(95, 0.17569397948580787)	(100, 0.181424680431311)	(105, 0.18757427398356596)	(110, 0.19299570297463145)	(115, 0.19874390987981974)	(120, 0.205210694749227)	(125, 0.21251484802357404)	(130, 0.22048714542590425)	(135, 0.2299441149329608)	(140, 0.23637213660592243)
NG-30919_RBL_13_lib628469_10098_1_2 - illumina_universal_adapter	(1, 0.0004980862338989197)	(2, 0.0005814479466853497)	(3, 0.0016067970139584395)	(4, 0.005301804933216952)	(5, 0.0072691413549767015)	(6, 0.008306994679167757)	(7, 0.009524075685849634)	(8, 0.010428550269582402)	(9, 0.011299680168200595)	(10, 0.015418999205542036)	(15, 0.01987926764817998)	(20, 0.023124539126955702)	(25, 0.025466586447690454)	(30, 0.02735639647655882)	(35, 0.028977364981690956)	(40, 0.030424524315663382)	(45, 0.03206841729181178)	(50, 0.0339874039201554)	(55, 0.036357794223237545)	(60, 0.0392225194831432)	(65, 0.042917944210965654)	(70, 0.04777376398077521)	(75, 0.05475864189515019)	(80, 0.0647737180693119)	(85, 0.0792407265148329)	(90, 0.10105315228253017)	(95, 0.1340385484149927)	(100, 0.18239876204522046)	(105, 0.25293777617084184)	(110, 0.3530789513154885)	(115, 0.4912955887753371)	(120, 0.6739206778707726)	(125, 0.9073372249498523)	(130, 1.194663374879352)	(135, 1.53996717924325)	(140, 1.7732515980075634)
NG-30919_RBL_13_lib628469_10098_1_2 - polya	(1, 0.013775523037957567)	(2, 0.017945692720098733)	(3, 0.020173534494316074)	(4, 0.024689655284520926)	(5, 0.027999115282142197)	(6, 0.03108141461242045)	(7, 0.03478059061731828)	(8, 0.04420880033346352)	(9, 0.05739245521063744)	(10, 0.07736717201995787)	(15, 0.11604117143296637)	(20, 0.14651612958486554)	(25, 0.1741413675851606)	(30, 0.19982261044327612)	(35, 0.22823228216089148)	(40, 0.25704209009988166)	(45, 0.28842402368689724)	(50, 0.320474101401896)	(55, 0.35525635925347)	(60, 0.38319837176235355)	(65, 0.41640967813646723)	(70, 0.4519930420479188)	(75, 0.4857999678598916)	(80, 0.5161477993997915)	(85, 0.5572843038085111)	(90, 0.5869860820743161)	(95, 0.6154103420916692)	(100, 0.6405559859451317)	(105, 0.6661738739015297)	(110, 0.6907364025740513)	(115, 0.7147033118087138)	(120, 0.7395813645641321)	(125, 0.7704160285067048)	(130, 0.8009009900641383)	(135, 0.8303468478716891)	(140, 0.8456753996188577)
NG-30919_RBL_13_lib628469_10098_1_2 - polyg	(1, 0.1489527924496129)	(2, 0.15097639802750348)	(3, 0.1511764661381909)	(4, 0.1514119629768126)	(5, 0.15164537577261458)	(6, 0.1519433938958261)	(7, 0.1522289077621196)	(8, 0.1527811791093297)	(9, 0.15347933345391604)	(10, 0.15495858704731125)	(15, 0.1569221721919956)	(20, 0.15855272729409817)	(25, 0.16035292348172114)	(30, 0.16225065287330426)	(35, 0.16448057869034124)	(40, 0.16667174131093251)	(45, 0.16917967844011228)	(50, 0.17170220386902968)	(55, 0.17448773550178823)	(60, 0.17796058445647092)	(65, 0.18173895408851587)	(70, 0.18557484330238344)	(75, 0.1896299738208793)	(80, 0.19843505473394601)	(85, 0.20968388425734688)	(90, 0.2210264957076325)	(95, 0.23160968195443368)	(100, 0.24189735092940703)	(105, 0.252961534258986)	(110, 0.26430206166645187)	(115, 0.2757738837715565)	(120, 0.28806431789622383)	(125, 0.301289653629791)	(130, 0.3163468630018399)	(135, 0.33285539979350054)	(140, 0.3441400748533996)
NG-30919_RBL_14_lib628470_10098_1_1 - illumina_universal_adapter	(1, 0.00040591570928648433)	(2, 0.0004930494479291328)	(3, 0.0011603663731435626)	(4, 0.003240950034878998)	(5, 0.004224923717599638)	(6, 0.004796606051620917)	(7, 0.005364037959366945)	(8, 0.005912342948874343)	(9, 0.006345886428949959)	(10, 0.008440921540021249)	(15, 0.010845387683930821)	(20, 0.012588487499411317)	(25, 0.0138287618865296)	(30, 0.014829312231723717)	(35, 0.015649219460219667)	(40, 0.016591113922815322)	(45, 0.017521107191840267)	(50, 0.018711651591538116)	(55, 0.020171673017086885)	(60, 0.022014232807408253)	(65, 0.024366843750759766)	(70, 0.027660499071451877)	(75, 0.032650074475969196)	(80, 0.03994763134794789)	(85, 0.0515019901345906)	(90, 0.06936695681209867)	(95, 0.0968183349108082)	(100, 0.1383501001315422)	(105, 0.2004199251142897)	(110, 0.2894408530231497)	(115, 0.4131737371941032)	(120, 0.5784643141860697)	(125, 0.7920550351994802)	(130, 1.054521832994631)	(135, 1.3708857361304765)	(140, 1.585211355846878)
NG-30919_RBL_14_lib628470_10098_1_1 - polya	(1, 0.17849665142917184)	(2, 0.18616654564286253)	(3, 0.19091427179231804)	(4, 0.19731328854970864)	(5, 0.2017379823022451)	(6, 0.2057928889688347)	(7, 0.21150758709590986)	(8, 0.2217766169769166)	(9, 0.23881657591439845)	(10, 0.2644211437965113)	(15, 0.3044087291514466)	(20, 0.34718884456922183)	(25, 0.3979657119812546)	(30, 0.43935678809227774)	(35, 0.4735943967820533)	(40, 0.5069194389505324)	(45, 0.5408242392629556)	(50, 0.574160757582378)	(55, 0.6108525624034834)	(60, 0.6420464408375517)	(65, 0.6771842898124254)	(70, 0.720269160794136)	(75, 0.760623982979253)	(80, 0.7952471053321938)	(85, 0.8356835357017955)	(90, 0.8753553143844796)	(95, 0.9211991370614558)	(100, 0.9600408074925835)	(105, 0.99886547621861)	(110, 1.0342953294785935)	(115, 1.0649672555660608)	(120, 1.0959112089351442)	(125, 1.1312441524760517)	(130, 1.1723602260070662)	(135, 1.2152993073675358)	(140, 1.2379982838478871)
NG-30919_RBL_14_lib628470_10098_1_1 - polyg	(1, 0.0)	(2, 0.0)	(3, 0.0013686372606308687)	(4, 0.002012576841331417)	(5, 0.002286729336085116)	(6, 0.002529003633774431)	(7, 0.0027223980292983584)	(8, 0.0030008009503273082)	(9, 0.003374838462549409)	(10, 0.004116537847580734)	(15, 0.00516086758340994)	(20, 0.006284255247958817)	(25, 0.007740026247232336)	(30, 0.009318634565860611)	(35, 0.011284031675536741)	(40, 0.013985177573458843)	(45, 0.018131043362338808)	(50, 0.021262757441943853)	(55, 0.024975929836003254)	(60, 0.03048660750186636)	(65, 0.03441825180647367)	(70, 0.076184215514974)	(75, 0.1086583223431478)	(80, 0.11638007175739655)	(85, 0.12279694030514321)	(90, 0.12821835901922604)	(95, 0.1333018688444264)	(100, 0.13851799196941464)	(105, 0.14453319523415004)	(110, 0.15033672727037797)	(115, 0.15655637603895295)	(120, 0.16402139970617652)	(125, 0.17262468752991236)	(130, 0.18200792857515682)	(135, 0.19352615873845988)	(140, 0.20146170459435378)
NG-30919_RBL_14_lib628470_10098_1_2 - illumina_universal_adapter	(1, 0.00041866698811223775)	(2, 0.0005121763661677629)	(3, 0.0011858689307950694)	(4, 0.003281329084493884)	(5, 0.004269553193489775)	(6, 0.004847611166923931)	(7, 0.005406542222119456)	(8, 0.005954847211626854)	(9, 0.006390515904840096)	(10, 0.00848597605853891)	(15, 0.010881516307270456)	(20, 0.012626741335888578)	(25, 0.013948198864864158)	(30, 0.015027807138777948)	(35, 0.01599137877537738)	(40, 0.017091814138039903)	(45, 0.01821520180258878)	(50, 0.01963356905064009)	(55, 0.021377093908748108)	(60, 0.02346405320989642)	(65, 0.026119294504045813)	(70, 0.029773811015506746)	(75, 0.03506091625929165)	(80, 0.042777990204637614)	(85, 0.0547144623134254)	(90, 0.07286590772188543)	(95, 0.10071682589046856)	(100, 0.14260350170518601)	(105, 0.20497468191084883)	(110, 0.29418857917260527)	(115, 0.4180051967411812)	(120, 0.5828970837485292)	(125, 0.7951875993643402)	(130, 1.0556758237283617)	(135, 1.369871159378574)	(140, 1.5831328973982801)
NG-30919_RBL_14_lib628470_10098_1_2 - polya	(1, 0.02958721730202322)	(2, 0.03475148522645336)	(3, 0.03742075292731108)	(4, 0.04304194167633072)	(5, 0.04717973165528771)	(6, 0.051092249041656386)	(7, 0.0556890850583405)	(8, 0.06770929056475074)	(9, 0.08398204755954974)	(10, 0.10833231464783602)	(15, 0.15622484278948337)	(20, 0.19300038100821132)	(25, 0.2262157621787889)	(30, 0.25558195731449906)	(35, 0.2849366762992661)	(40, 0.3191755601169241)	(45, 0.3569129698017414)	(50, 0.39727289249838865)	(55, 0.4416124893165535)	(60, 0.47558912183302865)	(65, 0.5163592106652376)	(70, 0.5592175339264774)	(75, 0.5999315171318531)	(80, 0.6366934539865003)	(85, 0.6906836436626229)	(90, 0.7282174579288557)	(95, 0.7639299645361433)	(100, 0.7933590659807273)	(105, 0.8248785270674797)	(110, 0.8555338764924734)	(115, 0.8848006116533427)	(120, 0.9155175922593276)	(125, 0.9535631578491006)	(130, 0.9927873666450008)	(135, 1.0293010786051735)	(140, 1.04854190826798)
NG-30919_RBL_14_lib628470_10098_1_2 - polyg	(1, 0.14262092845291455)	(2, 0.14443373525930917)	(3, 0.14460162709718158)	(4, 0.14475039201681536)	(5, 0.1449267847072383)	(6, 0.14520731284140487)	(7, 0.1455090931069477)	(8, 0.14615303268764823)	(9, 0.14683310089168844)	(10, 0.1483479528161879)	(15, 0.1502058141411002)	(20, 0.15173214221654288)	(25, 0.15330352481050324)	(30, 0.1551541604107476)	(35, 0.1574642670913466)	(40, 0.15970254156789385)	(45, 0.16224089613947382)	(50, 0.16491356418135172)	(55, 0.16768909253909076)	(60, 0.17109325894293942)	(65, 0.17481578227480435)	(70, 0.17858421021044202)	(75, 0.18273517651085228)	(80, 0.18983423847577674)	(85, 0.19831468898015783)	(90, 0.20716917699676102)	(95, 0.21582644523419253)	(100, 0.22502139239544333)	(105, 0.23544386266498668)	(110, 0.2472400707066912)	(115, 0.26046059659323234)	(120, 0.27600610565233585)	(125, 0.29444232962123773)	(130, 0.3168344253245158)	(135, 0.34339491407593264)	(140, 0.36271862705110697)
NG-30919_RBL_15_lib626622_10098_2_1 - illumina_universal_adapter	(1, 0.00013706852162004637)	(2, 0.0001472217454437535)	(3, 0.00015737496926746065)	(4, 0.000258907207504532)	(5, 0.000329979774270482)	(6, 0.00040105234103643195)	(7, 0.00043151201250755337)	(8, 0.0004416652363312605)	(9, 0.0004518184601549676)	(10, 0.0005929482713044968)	(15, 0.000794997425396269)	(20, 0.001025475606194421)	(25, 0.001298597327052143)	(30, 0.0016509141937347805)	(35, 0.002093594752448412)	(40, 0.0025616583707213105)	(45, 0.003122116325789945)	(50, 0.003956711324098671)	(55, 0.00494969661405723)	(60, 0.006200573789137949)	(65, 0.007866717818608291)	(70, 0.010476096341301023)	(75, 0.014630795529961988)	(80, 0.021408072432286502)	(85, 0.032507576716363146)	(90, 0.05055391674062021)	(95, 0.07947943609197947)	(100, 0.12495674092074611)	(105, 0.19370117346392007)	(110, 0.2968873718618733)	(115, 0.4385502272621471)	(120, 0.6307832445611592)	(125, 0.8742270921821852)	(130, 1.1780247481784736)	(135, 1.5337937109611717)	(140, 1.7726361175452936)
NG-30919_RBL_15_lib626622_10098_2_1 - polya	(1, 0.0052949062240632725)	(2, 0.01015830043561899)	(3, 0.01406729160774624)	(4, 0.01917436319107093)	(5, 0.02299705196069667)	(6, 0.026195317465164417)	(7, 0.031043481840984575)	(8, 0.03898837948303541)	(9, 0.05123824402633807)	(10, 0.07301792445057226)	(15, 0.10403399258723282)	(20, 0.13790108597359035)	(25, 0.1801567728830947)	(30, 0.21581591027433658)	(35, 0.24466121915748854)	(40, 0.2717185453252857)	(45, 0.3003983566601113)	(50, 0.3292050832927331)	(55, 0.3605541771708113)	(60, 0.3879739734291148)	(65, 0.41785592646466724)	(70, 0.45199512624950017)	(75, 0.48348230397158076)	(80, 0.509466434381212)	(85, 0.5386437536833991)	(90, 0.5696648984319717)	(95, 0.6051351858600925)	(100, 0.6361532846415179)	(105, 0.6686040033044682)	(110, 0.6971305009595559)	(115, 0.7206362294338202)	(120, 0.7434616919118963)	(125, 0.7687889087401337)	(130, 0.798133756235412)	(135, 0.8285802285155626)	(140, 0.8444233189700753)
NG-30919_RBL_15_lib626622_10098_2_2 - illumina_universal_adapter	(1, 0.00013706852162004637)	(2, 0.00014214513353189994)	(3, 0.00016752819309116777)	(4, 0.00025383059559267845)	(5, 0.0003249031623586284)	(6, 0.0003908991172127248)	(7, 0.00042135878868384624)	(8, 0.00043151201250755337)	(9, 0.0004518184601549676)	(10, 0.0005990402055987212)	(15, 0.0008092119387494588)	(20, 0.0010792876924600688)	(25, 0.001475263421584647)	(30, 0.0020509512123888423)	(35, 0.002696696247576616)	(40, 0.0034673259357959874)	(45, 0.004396345915665191)	(50, 0.005669560183158066)	(55, 0.007275800192068535)	(60, 0.009134855474189312)	(65, 0.011557414678525836)	(70, 0.014905947895584448)	(75, 0.019899303372083618)	(80, 0.02749086882506945)	(85, 0.03958640436625176)	(90, 0.05863080629237923)	(95, 0.08864982784955176)	(100, 0.1353759792086344)	(105, 0.2058464598018385)	(110, 0.3111790497161234)	(115, 0.4552624336759691)	(120, 0.6505871076292999)	(125, 0.8979815746401304)	(130, 1.2059633741741687)	(135, 1.567159235090638)	(140, 1.8098679893068277)
NG-30919_RBL_15_lib626622_10098_2_2 - polya	(1, 0.008432252385588777)	(2, 0.012112796021682616)	(3, 0.01423989641274926)	(4, 0.018585476209295917)	(5, 0.02223048356200678)	(6, 0.025428749066474528)	(7, 0.029236208000364704)	(8, 0.037059266956531056)	(9, 0.04777091809054208)	(10, 0.06540503722755664)	(15, 0.09776133090894654)	(20, 0.12547861662528464)	(25, 0.15122922288697072)	(30, 0.17445675302846553)	(35, 0.1971309324715683)	(40, 0.2228206193903121)	(45, 0.2504790164084727)	(50, 0.2820169602496718)	(55, 0.3181664983515987)	(60, 0.34488775281083117)	(65, 0.37536773072960006)	(70, 0.40846114846059106)	(75, 0.44311816266043297)	(80, 0.4748632322676357)	(85, 0.5197455581803331)	(90, 0.5517271979026283)	(95, 0.5824183628769302)	(100, 0.6072145660991878)	(105, 0.6332027577983486)	(110, 0.6595980937728398)	(115, 0.6840947768922983)	(120, 0.7097540041395709)	(125, 0.7418909881863688)	(130, 0.7731304272471509)	(135, 0.8042876251949609)	(140, 0.8194768480352268)
NG-30919_RBL_15_lib626622_10098_2_2 - polyg	(1, 0.07817982344254497)	(2, 0.0812156373658334)	(3, 0.08147962118524978)	(4, 0.08178929451187285)	(5, 0.08205835494320109)	(6, 0.08243402422467826)	(7, 0.08280461689424357)	(8, 0.08344934660704896)	(9, 0.0841346892151492)	(10, 0.0859165799962098)	(15, 0.08778071189024242)	(20, 0.08932400191144592)	(25, 0.09126326766177398)	(30, 0.09335077047992817)	(35, 0.09556315795111395)	(40, 0.09803749859695139)	(45, 0.10050676263087696)	(50, 0.1030288234286858)	(55, 0.10589304786935361)	(60, 0.10909740530811558)	(65, 0.11264088042258938)	(70, 0.11641787968500841)	(75, 0.12054211920219823)	(80, 0.12501359897415887)	(85, 0.13009325685315956)	(90, 0.13548563402593042)	(95, 0.14106686116182227)	(100, 0.14727454220763678)	(105, 0.15446302467482145)	(110, 0.16276328515070201)	(115, 0.1720859752656299)	(120, 0.18228793456369083)	(125, 0.19342906706544466)	(130, 0.20626781859052237)	(135, 0.22016859732755978)	(140, 0.22925979393930718)
NG-30919_RBL_15_lib626622_10102_4_1 - illumina_universal_adapter	(1, 0.00013267614416589824)	(2, 0.00016389406044022725)	(3, 0.000218525413920303)	(4, 0.00033559259994903675)	(5, 0.00039802843249769475)	(6, 0.000437050827840606)	(7, 0.000499486660389264)	(8, 0.0005229000975950107)	(9, 0.0005697269720065043)	(10, 0.0007944959691816731)	(15, 0.0010177040705431253)	(20, 0.0013408095039824308)	(25, 0.0017560077904310062)	(30, 0.0021415490564189693)	(35, 0.0026987888619157416)	(40, 0.0033668522701863824)	(45, 0.004320559612367133)	(50, 0.005302363079194781)	(55, 0.006505813751570164)	(60, 0.008177533168060481)	(65, 0.010458001951900215)	(70, 0.013754613910469357)	(75, 0.01853251599625541)	(80, 0.02590150513281077)	(85, 0.03760978463149786)	(90, 0.05585665669384317)	(95, 0.08562137896560215)	(100, 0.1326308781873005)	(105, 0.20347213469282158)	(110, 0.30859066326755585)	(115, 0.4504230222767148)	(120, 0.6418325541211357)	(125, 0.883317184565394)	(130, 1.186919224812312)	(135, 1.5462717808377406)	(140, 1.786804264835632)
NG-30919_RBL_15_lib626622_10102_4_1 - polya	(1, 0.005330459203841677)	(2, 0.009755598835727812)	(3, 0.01359540253747028)	(4, 0.0182468720623453)	(5, 0.022188133991979338)	(6, 0.025645518219361275)	(7, 0.030570144511636674)	(8, 0.03853851764065915)	(9, 0.050846181131813356)	(10, 0.07219299228019953)	(15, 0.10279279381229682)	(20, 0.13647224278485665)	(25, 0.17804982457482174)	(30, 0.21328704756947053)	(35, 0.24130981011312205)	(40, 0.2687191406019829)	(45, 0.29684648316515333)	(50, 0.3255747706166046)	(55, 0.3562135945440448)	(60, 0.38344342201432824)	(65, 0.4117549502835172)	(70, 0.4461461677471317)	(75, 0.477318818042863)	(80, 0.5035184542760935)	(85, 0.5313242523016384)	(90, 0.5612715993836023)	(95, 0.5962559572564291)	(100, 0.6271414027224365)	(105, 0.658196985832139)	(110, 0.68617760418882)	(115, 0.7097346438094287)	(120, 0.7315466019103023)	(125, 0.7563679671400213)	(130, 0.7857611962081158)	(135, 0.816169007555126)	(140, 0.831879423920182)
NG-30919_RBL_15_lib626622_10102_4_2 - illumina_universal_adapter	(1, 0.000124871665097316)	(2, 0.0001404806232344805)	(3, 0.00017950301857739176)	(4, 0.0002965702046061255)	(5, 0.000343397079017619)	(6, 0.0003902239534291125)	(7, 0.000437050827840606)	(8, 0.000468268744114935)	(9, 0.0005072911394578463)	(10, 0.0007211338659369999)	(15, 0.0009334156966024371)	(20, 0.001279934567247489)	(25, 0.001841857060185411)	(30, 0.0025021159893874696)	(35, 0.003423044519480175)	(40, 0.00449850173513081)	(45, 0.005954817529328257)	(50, 0.007515713343044707)	(55, 0.009366935778112418)	(60, 0.01163491739544242)	(65, 0.014581888691739075)	(70, 0.0185887082455492)	(75, 0.024301586923751412)	(80, 0.032543116820174266)	(85, 0.045162959474071764)	(90, 0.06336924824526044)	(95, 0.09249400323339567)	(100, 0.13948321080951567)	(105, 0.21123446957443348)	(110, 0.3163623635240501)	(115, 0.4535885189869318)	(120, 0.6426535853191505)	(125, 0.8935067124373347)	(130, 1.2002523968530778)	(135, 1.5431671590642586)	(140, 1.7723113472052745)
NG-30919_RBL_15_lib626622_10102_4_2 - polya	(1, 0.008335183645245842)	(2, 0.0116520872493933)	(3, 0.013821732430459165)	(4, 0.017989324253082088)	(5, 0.021290618899092378)	(6, 0.024326561256770872)	(7, 0.02775272756787848)	(8, 0.035447943929500576)	(9, 0.04648347733247588)	(10, 0.06346290199408343)	(15, 0.09568915696407326)	(20, 0.12273479872833819)	(25, 0.14704575102697187)	(30, 0.1700845732374267)	(35, 0.1924537711437971)	(40, 0.21755141493254393)	(45, 0.24537594370785337)	(50, 0.2766906355226328)	(55, 0.3137541066193299)	(60, 0.34014417214183396)	(65, 0.3698792373931323)	(70, 0.40213827117521017)	(75, 0.43722096548430106)	(80, 0.4695143389742807)	(85, 0.514922359091106)	(90, 0.5450257957544414)	(95, 0.5746625245694756)	(100, 0.600802846761785)	(105, 0.6267433742899386)	(110, 0.6528946227529442)	(115, 0.676417322665651)	(120, 0.7015149664543978)	(125, 0.7348213613274794)	(130, 0.7662983863068853)	(135, 0.7955152341480299)	(140, 0.8094649600352138)
NG-30919_RBL_15_lib626622_10102_4_2 - polyg	(1, 0.07480593187236087)	(2, 0.07678046507671217)	(3, 0.07699118601156389)	(4, 0.07722532038362137)	(5, 0.07745945475567884)	(6, 0.07778724287655929)	(7, 0.07813063995557691)	(8, 0.07880182515547497)	(9, 0.07973055816463627)	(10, 0.08122433545836291)	(15, 0.08291166383299038)	(20, 0.08443353725136393)	(25, 0.0860990130845994)	(30, 0.08794399193641222)	(35, 0.08988574632867549)	(40, 0.09191022819906572)	(45, 0.09415167458756254)	(50, 0.09651487084952926)	(55, 0.09886557994498624)	(60, 0.10143013176692235)	(65, 0.10427252304370001)	(70, 0.10785009624873812)	(75, 0.1115790763477067)	(80, 0.11560150485965401)	(85, 0.12020770840593124)	(90, 0.12453763339318066)	(95, 0.12894404227530223)	(100, 0.1345695107879363)	(105, 0.1409769881032423)	(110, 0.14770913174780137)	(115, 0.1551218259671408)	(120, 0.16401268852206968)	(125, 0.17443635076606814)	(130, 0.18508634290305548)	(135, 0.19641064203156833)	(140, 0.2041495634759745)
NG-30919_RBL_18_lib626623_10098_1_1 - illumina_universal_adapter	(1, 8.290612853537461e-05)	(2, 8.576496055383581e-05)	(3, 0.00011721211275690894)	(4, 0.0002715890417538134)	(5, 0.0003487775062522656)	(6, 0.0003945188185476447)	(7, 0.0004488366268984074)	(8, 0.00047456611506455814)	(9, 0.00050315443524917)	(10, 0.0006500984009980755)	(15, 0.0009405557340737327)	(20, 0.0012721802482152313)	(25, 0.0015883670694570393)	(30, 0.001937144575709305)	(35, 0.0023939859322594037)	(40, 0.0029120062940045715)	(45, 0.003432885487768202)	(50, 0.0041355863979059635)	(55, 0.0050183937252067795)	(60, 0.006248263259548785)	(65, 0.007936117683248273)	(70, 0.010056227508139092)	(75, 0.013538284906624828)	(80, 0.018811114681474655)	(85, 0.02770494109090743)	(90, 0.04205341899156416)	(95, 0.06515621229915276)	(100, 0.10139247989955207)	(105, 0.157578820857581)	(110, 0.24148782766503177)	(115, 0.3580744279763014)	(120, 0.5200792925648641)	(125, 0.7281685292910212)	(130, 0.9918534722801929)	(135, 1.3082404117632935)	(140, 1.5235287592783393)
NG-30919_RBL_18_lib626623_10098_1_1 - polya	(1, 0.010866420502170997)	(2, 0.015612081652816578)	(3, 0.019460069549665344)	(4, 0.024677437983357024)	(5, 0.02876556776975653)	(6, 0.031933153646211535)	(7, 0.03684462705392787)	(8, 0.04499801597057919)	(9, 0.05750826488336537)	(10, 0.08023483589732447)	(15, 0.11395418778867057)	(20, 0.15113558525437315)	(25, 0.19448062455187806)	(30, 0.2315219392486761)	(35, 0.26202682041846437)	(40, 0.2914281924291267)	(45, 0.32212976124178516)	(50, 0.352691247285539)	(55, 0.3852973699888963)	(60, 0.4130326146991994)	(65, 0.44446661627498757)	(70, 0.48219748125463846)	(75, 0.5156829806868745)	(80, 0.544114065110471)	(85, 0.5757298884026333)	(90, 0.607644173757523)	(95, 0.6437912457989464)	(100, 0.6767061223602975)	(105, 0.7081995876420697)	(110, 0.73674273828079)	(115, 0.760728910682083)	(120, 0.7850827288809502)	(125, 0.8128808678956595)	(130, 0.8434960999813604)	(135, 0.8744097941297888)	(140, 0.8904346911260711)
NG-30919_RBL_18_lib626623_10098_1_2 - illumina_universal_adapter	(1, 8.8623792572297e-05)	(2, 9.434145660921938e-05)	(3, 0.00012292977679383133)	(4, 0.0002687302097353522)	(5, 0.00034591867423380444)	(6, 0.00038594232249226115)	(7, 0.00044311896286148504)	(8, 0.00046884845102763577)	(9, 0.0005002956032307089)	(10, 0.000644380736961153)	(15, 0.0009422710332848093)	(20, 0.001288189707518614)	(25, 0.0016484025418447242)	(30, 0.0020972391687431313)	(35, 0.002701596257445828)	(40, 0.003379711212224823)	(45, 0.004110428676143504)	(50, 0.004996666601866475)	(55, 0.006104749892222034)	(60, 0.007559895389618781)	(65, 0.009483889338043163)	(70, 0.011884164700743181)	(75, 0.01562866287852365)	(80, 0.021151354571786986)	(85, 0.030201273209427743)	(90, 0.04475158465058783)	(95, 0.06796587240689642)	(100, 0.10429133556627172)	(105, 0.16021923810983174)	(110, 0.24371428604100936)	(115, 0.3595427241009831)	(120, 0.5195709922319816)	(125, 0.723449741161349)	(130, 0.9816680255648194)	(135, 1.2908975932065003)	(140, 1.5020960956359357)
NG-30919_RBL_18_lib626623_10098_1_2 - polya	(1, 0.010549090148121805)	(2, 0.014451395853321334)	(3, 0.016921426717271804)	(4, 0.021781441148655833)	(5, 0.025689464517892287)	(6, 0.028934238858845742)	(7, 0.03319389856635292)	(8, 0.04206199548761954)	(9, 0.054849551106196465)	(10, 0.07540569685173983)	(15, 0.11398677847368102)	(20, 0.14600055118281313)	(25, 0.17525269216211176)	(30, 0.2018444040650304)	(35, 0.2276527959948907)	(40, 0.25679630135748777)	(45, 0.2893326685595946)	(50, 0.32663871110130216)	(55, 0.3671369254748234)	(60, 0.3976435219438228)	(65, 0.4318740330000697)	(70, 0.46935617959411446)	(75, 0.5101402771694818)	(80, 0.5480718321568286)	(85, 0.6017309656105378)	(90, 0.6373851750119786)	(95, 0.6723698459546955)	(100, 0.7010290651733653)	(105, 0.7307637769973802)	(110, 0.7616814735106342)	(115, 0.7906185712014985)	(120, 0.8201966190309017)	(125, 0.8588388796580381)	(130, 0.8962930096983017)	(135, 0.9314543564597596)	(140, 0.948051591626138)
NG-30919_RBL_18_lib626623_10098_1_2 - polyg	(1, 0.06705962265704422)	(2, 0.06876062770802863)	(3, 0.06890071047693323)	(4, 0.06908081689409629)	(5, 0.06926664097529626)	(6, 0.06950392403282854)	(7, 0.0698012425627485)	(8, 0.07030153816597921)	(9, 0.07081612792930222)	(10, 0.07190591469473964)	(15, 0.07342281096373514)	(20, 0.07466240052693993)	(25, 0.07605007758870098)	(30, 0.07771448958984908)	(35, 0.07962304584537379)	(40, 0.08162365649189292)	(45, 0.08358538702296099)	(50, 0.08567633676126352)	(55, 0.08800456955709832)	(60, 0.0906947304864703)	(65, 0.0935381248120318)	(70, 0.09653875489860866)	(75, 0.0998875907250341)	(80, 0.10366925371905458)	(85, 0.10761329837172362)	(90, 0.11199645962242832)	(95, 0.11675298433474406)	(100, 0.12209385431163326)	(105, 0.12822319015921407)	(110, 0.13527535698235416)	(115, 0.14323834768657595)	(120, 0.15234315589897116)	(125, 0.16250744725740807)	(130, 0.1745591395144331)	(135, 0.18945880022824918)	(140, 0.20032979486164967)
NG-30919_RBL_20_lib626624_10098_1_1 - illumina_universal_adapter	(1, 0.00013100686109132907)	(2, 0.00013100686109132907)	(3, 0.0001834096055278607)	(4, 0.00026201372218265814)	(5, 0.00031878336198890077)	(6, 0.0003886536879042763)	(7, 0.00042795574623167497)	(8, 0.0004541571184499408)	(9, 0.0004672578045590737)	(10, 0.0005781769469497324)	(15, 0.0007240312522980788)	(20, 0.0010035125559595807)	(25, 0.0012506788338852216)	(30, 0.0014602898116313483)	(35, 0.0017362775989970811)	(40, 0.002063794751725404)	(45, 0.0025493935168372636)	(50, 0.0031555185941531463)	(55, 0.0038280204810886356)	(60, 0.004564279040421905)	(65, 0.005732860241356561)	(70, 0.007409748063325572)	(75, 0.009939927240536108)	(80, 0.013793275714769068)	(85, 0.020795155750563638)	(90, 0.031804098977604986)	(95, 0.04973631812378611)	(100, 0.0792242157972964)	(105, 0.12504866904889542)	(110, 0.19593298806911782)	(115, 0.2975253153291478)	(120, 0.44159443385035624)	(125, 0.6311718423983967)	(130, 0.8801110798441403)	(135, 1.1828024323956563)	(140, 1.3904587877743)
NG-30919_RBL_20_lib626624_10098_1_1 - polya	(1, 0.004851620755748887)	(2, 0.009161746485653613)	(3, 0.012537356606440193)	(4, 0.01738461046681937)	(5, 0.021292981822710687)	(6, 0.02451138371018767)	(7, 0.029205796232626962)	(8, 0.036267066045449596)	(9, 0.0474943540409765)	(10, 0.06823885380525149)	(15, 0.09695643113554478)	(20, 0.1289884820514487)	(25, 0.16686169221387798)	(30, 0.20025970800142745)	(35, 0.22659383383893247)	(40, 0.2514676698648062)	(45, 0.27799743261487425)	(50, 0.3041830840098091)	(55, 0.3317338268973156)	(60, 0.35645394820617543)	(65, 0.38429552632530467)	(70, 0.41638522026008884)	(75, 0.4460451736111657)	(80, 0.4717679340969112)	(85, 0.49855447029471833)	(90, 0.5264484511582841)	(95, 0.5589276721600462)	(100, 0.5880339031782439)	(105, 0.6167261525153929)	(110, 0.6434340845965452)	(115, 0.6660650831605353)	(120, 0.6874567568186014)	(125, 0.7109192122609845)	(130, 0.738031518853372)	(135, 0.7660643669896946)	(140, 0.7809056975931944)
NG-30919_RBL_20_lib626624_10098_1_2 - illumina_universal_adapter	(1, 0.00013100686109132907)	(2, 0.00013100686109132907)	(3, 0.00018777650089757167)	(4, 0.0002707475129220801)	(5, 0.00033188404809803365)	(6, 0.00040175437401340915)	(7, 0.0004410564323408079)	(8, 0.0004672578045590737)	(9, 0.0004934591767773395)	(10, 0.0006026315610201137)	(15, 0.0007467391082205757)	(20, 0.001018360000216598)	(25, 0.0013188024016527126)	(30, 0.0016297253519761336)	(35, 0.0020707817843169415)	(40, 0.0026314911497878303)	(45, 0.003292639108762071)	(50, 0.004069946484570623)	(55, 0.005014942642576077)	(60, 0.006088325524451033)	(65, 0.007552108852378151)	(70, 0.009612410087807787)	(75, 0.012537356606440193)	(80, 0.016745296984693684)	(85, 0.02424849660893107)	(90, 0.035744785359232166)	(95, 0.05426566200125034)	(100, 0.08446012334557985)	(105, 0.13107323790094866)	(110, 0.20281958206715203)	(115, 0.305423282294807)	(120, 0.45049067309753144)	(125, 0.6407126354021413)	(130, 0.8904920635170172)	(135, 1.1936139919519864)	(140, 1.40254635415766)
NG-30919_RBL_20_lib626624_10098_1_2 - polya	(1, 0.019978546316427682)	(2, 0.025978660554410556)	(3, 0.029275666558542336)	(4, 0.03646794323245631)	(5, 0.04208813757327432)	(6, 0.046568572222597776)	(7, 0.05246388097170759)	(8, 0.06628073792147308)	(9, 0.08647326211101661)	(10, 0.1178240773492456)	(15, 0.1769762952692025)	(20, 0.22587591624015196)	(25, 0.26914049542602647)	(30, 0.3078731105972149)	(35, 0.3454991544817186)	(40, 0.3917026542514085)	(45, 0.44382067710983486)	(50, 0.5038515143781777)	(55, 0.5750598570348326)	(60, 0.6257822201330995)	(65, 0.686951070334789)	(70, 0.7532973116868077)	(75, 0.8276140104676228)	(80, 0.8953358238611007)	(85, 1.004384188275375)	(90, 1.074216958890571)	(95, 1.1417492490250034)	(100, 1.191322245261962)	(105, 1.2438717173829161)	(110, 1.3008562084413484)	(115, 1.354633651540265)	(120, 1.4078678528551898)	(125, 1.478041241309223)	(130, 1.550339561050158)	(135, 1.6234457564344893)	(140, 1.656887441175736)
NG-30919_RBL_20_lib626624_10098_1_2 - polyg	(1, 0.07402324341197064)	(2, 0.0756826636524608)	(3, 0.07580930361818243)	(4, 0.07597961253760115)	(5, 0.07612808698017133)	(6, 0.07630276279495976)	(7, 0.07656040962177271)	(8, 0.07698836536800438)	(9, 0.07736828526516924)	(10, 0.07844428828426601)	(15, 0.0798390746653517)	(20, 0.08094826608925829)	(25, 0.08227667566072436)	(30, 0.08372299140717264)	(35, 0.08548721713653588)	(40, 0.08729947871496593)	(45, 0.08922353281486059)	(50, 0.09137379209490626)	(55, 0.09350571041439916)	(60, 0.09602453566364845)	(65, 0.0988490435887775)	(70, 0.10177486348648383)	(75, 0.10508322341857687)	(80, 0.10893744527188379)	(85, 0.11294538184220451)	(90, 0.11731402397006337)	(95, 0.12198136174121044)	(100, 0.12713342489839546)	(105, 0.13305755515694534)	(110, 0.13937295924062135)	(115, 0.14655650212379592)	(120, 0.1549732562593768)	(125, 0.16380748559230213)	(130, 0.1742766805516472)	(135, 0.18519391897592458)	(140, 0.19239667619872589)
NG-30919_RBL_20_lib626624_10102_3_1 - illumina_universal_adapter	(1, 0.00011237778620019712)	(2, 0.00011829240652652329)	(3, 0.00020701171142141576)	(4, 0.00030756025696896056)	(5, 0.00037262108055854834)	(6, 0.0004258526634954838)	(7, 0.000467255005779767)	(8, 0.0004909134870850717)	(9, 0.0004968281074113979)	(10, 0.0005961937288936774)	(15, 0.0008091200606414193)	(20, 0.001097753532566136)	(25, 0.0013473505103371002)	(30, 0.0016229718175438993)	(35, 0.0019470930114265732)	(40, 0.0024876893092527844)	(45, 0.0031359316970181322)	(50, 0.0038752592378089026)	(55, 0.004780196147736807)	(60, 0.005832998565822863)	(65, 0.007194544164943145)	(70, 0.008928710844621978)	(75, 0.011688472688885766)	(80, 0.015962377336689055)	(85, 0.023001958449082455)	(90, 0.03384227458317305)	(95, 0.051315245951205804)	(100, 0.08105987157230007)	(105, 0.12742576323443616)	(110, 0.19850767031622402)	(115, 0.3012434424604442)	(120, 0.44531176436909686)	(125, 0.6346446756351237)	(130, 0.8852826265835212)	(135, 1.1886517835892472)	(140, 1.3968677117091028)
NG-30919_RBL_20_lib626624_10102_3_1 - polya	(1, 0.004737610881387258)	(2, 0.008877845109815572)	(3, 0.012533080471485143)	(4, 0.01719380128863016)	(5, 0.020736658864099533)	(6, 0.023664395925630983)	(7, 0.027964324902870104)	(8, 0.03464784587161867)	(9, 0.04515221157117394)	(10, 0.06542279835355898)	(15, 0.09380232960333718)	(20, 0.12474052560628406)	(25, 0.1621895356644508)	(30, 0.19514934889493601)	(35, 0.22156522619637392)	(40, 0.2464314729723144)	(45, 0.2729656426802788)	(50, 0.29878887502501883)	(55, 0.3255821051032764)	(60, 0.3496025611725522)	(65, 0.37665840039329856)	(70, 0.40845894803982385)	(75, 0.4375860872988497)	(80, 0.46326736875575786)	(85, 0.4897471239567201)	(90, 0.516523793098064)	(95, 0.5472478798451978)	(100, 0.5754109359910325)	(105, 0.6034426875656227)	(110, 0.6298136137525806)	(115, 0.6519177328361266)	(120, 0.6730270127807848)	(125, 0.6952009243841816)	(130, 0.7213104243527158)	(135, 0.7493090540534785)	(140, 0.7636425449522974)
NG-30919_RBL_20_lib626624_10102_3_2 - illumina_universal_adapter	(1, 0.00011237778620019712)	(2, 0.00011829240652652329)	(3, 0.00020701171142141576)	(4, 0.00030756025696896056)	(5, 0.0003667064602322222)	(6, 0.00041993804316915766)	(7, 0.00046134038545344084)	(8, 0.0004909134870850717)	(9, 0.000502742727737724)	(10, 0.0006021083492200035)	(15, 0.0008221322253593368)	(20, 0.0011166803176103797)	(25, 0.0014502649040151756)	(30, 0.0018985931247506988)	(35, 0.0023658481305304656)	(40, 0.003114639063843358)	(45, 0.0040373198347502404)	(50, 0.005103134417554214)	(55, 0.006341655913886914)	(60, 0.007765896488466253)	(65, 0.00959351416930104)	(70, 0.011876557615262939)	(75, 0.015098842769045434)	(80, 0.01994055096817603)	(85, 0.027602350138898946)	(90, 0.039057786786927465)	(95, 0.057209756568422455)	(100, 0.08741808842310071)	(105, 0.13459783184213925)	(110, 0.20695847983847884)	(115, 0.3114674551565316)	(120, 0.460707521078524)	(125, 0.6571651839896433)	(130, 0.9122651245122212)	(135, 1.215954853939634)	(140, 1.423885697359761)
NG-30919_RBL_20_lib626624_10102_3_2 - polya	(1, 0.0194413570126341)	(2, 0.025308660376349656)	(3, 0.028265970539512738)	(4, 0.03490217454565069)	(5, 0.040219418219017915)	(6, 0.04456074953854132)	(7, 0.050049517201372004)	(8, 0.0629138164111314)	(9, 0.08263316057910285)	(10, 0.11322121105873122)	(15, 0.17058238190750763)	(20, 0.21793246639194436)	(25, 0.2593691134741202)	(30, 0.29833581510802226)	(35, 0.3350999121324004)	(40, 0.380223733526008)	(45, 0.43155199164193175)	(50, 0.49163388784081824)	(55, 0.5629062456971137)	(60, 0.6128966166952224)	(65, 0.6730151835401321)	(70, 0.7397711373152451)	(75, 0.8134684895053343)	(80, 0.8809271001752148)	(85, 0.9894816757964746)	(90, 1.0578842598704368)	(95, 1.1256563454176125)	(100, 1.175142790763918)	(105, 1.2281176791786912)	(110, 1.28609278761734)	(115, 1.340824318269032)	(120, 1.3949998746100492)	(125, 1.4658463798028492)	(130, 1.5397223535267934)	(135, 1.6139496556981214)	(140, 1.646500177202025)
NG-30919_RBL_20_lib626624_10102_3_2 - polyg	(1, 0.07555927466881675)	(2, 0.0769492104455034)	(3, 0.07716805139757747)	(4, 0.0773336607667146)	(5, 0.07751701399683071)	(6, 0.0777181110879258)	(7, 0.07803750058554741)	(8, 0.07848109711002188)	(9, 0.07945109484353936)	(10, 0.08069079926393732)	(15, 0.08218838113056312)	(20, 0.08340206122152524)	(25, 0.08476242389658026)	(30, 0.08625054237068393)	(35, 0.08795158717653533)	(40, 0.08970231479312787)	(45, 0.09149562767606997)	(50, 0.0932226968113572)	(55, 0.0952407652666997)	(60, 0.09756994275120694)	(65, 0.09990976655230158)	(70, 0.10253585797719038)	(75, 0.10555468019174725)	(80, 0.10921346432561263)	(85, 0.11292429711834966)	(90, 0.11710238491686646)	(95, 0.12133607014645073)	(100, 0.12573063304891108)	(105, 0.13068117026204606)	(110, 0.13638523010475506)	(115, 0.14274581280368617)	(120, 0.15035911208773323)	(125, 0.15850354427708435)	(130, 0.16727847499322185)	(135, 0.1775900240701389)	(140, 0.18408664303657554)
NG-30919_RBL_30_lib628471_10098_1_1 - illumina_universal_adapter	(1, 0.0003312290777158433)	(2, 0.0004037609925441302)	(3, 0.000962256736721939)	(4, 0.0029206184370856843)	(5, 0.003989255315555777)	(6, 0.004557421981710691)	(7, 0.005207791484670997)	(8, 0.005713097157974728)	(9, 0.00617971914337004)	(10, 0.008385656446347669)	(15, 0.010769055167605178)	(20, 0.012441641123545472)	(25, 0.013707081264249651)	(30, 0.014767497859039202)	(35, 0.015685268354666458)	(40, 0.016560486793594457)	(45, 0.017597209629540103)	(50, 0.018928412039688595)	(55, 0.020488331754595614)	(60, 0.022573382532859433)	(65, 0.025505122530218787)	(70, 0.029856553873817148)	(75, 0.03649757599549509)	(80, 0.04672602662458011)	(85, 0.06276476717750976)	(90, 0.0869942950989484)	(95, 0.12419446357608015)	(100, 0.17794206310213728)	(105, 0.2541600498419977)	(110, 0.3583434416630523)	(115, 0.4985732609693702)	(120, 0.677211630453859)	(125, 0.9065594793252976)	(130, 1.1886859013406872)	(135, 1.5239661282727397)	(140, 1.7514499069330913)
NG-30919_RBL_30_lib628471_10098_1_1 - polya	(1, 0.026805377990040544)	(2, 0.034041645359409296)	(3, 0.038393560249106506)	(4, 0.04361827584723744)	(5, 0.04724487158865178)	(6, 0.05027187016748562)	(7, 0.05477851980881651)	(8, 0.063281677957186)	(9, 0.07780014957531475)	(10, 0.09994414317239073)	(15, 0.13461439846031187)	(20, 0.1735964343117252)	(25, 0.21850045923581876)	(30, 0.255832635797938)	(35, 0.28735355534401485)	(40, 0.317614353756475)	(45, 0.3489810220970171)	(50, 0.37877713270847735)	(55, 0.41164666232426156)	(60, 0.4416840624390505)	(65, 0.4746072656718076)	(70, 0.5132928877646228)	(75, 0.5485255071655125)	(80, 0.5785962719611225)	(85, 0.6132413828519032)	(90, 0.6479435521823487)	(95, 0.688502431862129)	(100, 0.7250928487086042)	(105, 0.7620908949164147)	(110, 0.7950276374399396)	(115, 0.8224959571315107)	(120, 0.8508602877442606)	(125, 0.885188675940291)	(130, 0.9232597109414611)	(135, 0.9615033718999225)	(140, 0.9814970359953892)
NG-30919_RBL_30_lib628471_10098_1_1 - polyg	(1, 0.0)	(2, 0.0)	(3, 0.0008631297864566136)	(4, 0.0012209538996094955)	(5, 0.0014119546086573175)	(6, 0.0015932843957280347)	(7, 0.0017262595729132272)	(8, 0.0019825390053065076)	(9, 0.002437072338230438)	(10, 0.0030879253872895993)	(15, 0.004029389641760762)	(20, 0.005246958718678271)	(25, 0.007286072617550843)	(30, 0.008830035311195642)	(35, 0.011036456160272129)	(40, 0.014978323958140092)	(45, 0.023608654730508515)	(50, 0.029054350895816296)	(55, 0.034622384224134446)	(60, 0.04418886024388663)	(65, 0.05034488562841276)	(70, 0.09698822587008862)	(75, 0.13658823363583897)	(80, 0.1453926410037953)	(85, 0.15270144028799232)	(90, 0.1592070695019908)	(95, 0.16508505587967517)	(100, 0.17167820693756644)	(105, 0.17976648253311814)	(110, 0.186608176285821)	(115, 0.19328353018051767)	(120, 0.20064213471289677)	(125, 0.20845575612429873)	(130, 0.21735687271202608)	(135, 0.2275219788021611)	(140, 0.234343363618712)
NG-30919_RBL_30_lib628471_10098_1_2 - illumina_universal_adapter	(1, 0.00032881134722156707)	(2, 0.00040134326204985395)	(3, 0.0009670921977104914)	(4, 0.0029254538980742367)	(5, 0.003996508507038606)	(6, 0.004559839712204967)	(7, 0.005222297867636653)	(8, 0.005722768079951833)	(9, 0.0061942255263356975)	(10, 0.008384205808051107)	(15, 0.010767120983209758)	(20, 0.012446960130632881)	(25, 0.013764139703914569)	(30, 0.014920781972376318)	(35, 0.01596088963101395)	(40, 0.01699180991377333)	(45, 0.018236457572226736)	(50, 0.01976252906021389)	(55, 0.021557452179164566)	(60, 0.0238929798366354)	(65, 0.02715062990462319)	(70, 0.03186810564505497)	(75, 0.03886985315647893)	(80, 0.04943872023915803)	(85, 0.06591652064984824)	(90, 0.09052998417377796)	(95, 0.12794726484929572)	(100, 0.18180317870149643)	(105, 0.2579858665761404)	(110, 0.3617364846387196)	(115, 0.5009677812509014)	(120, 0.6780017447793885)	(125, 0.9040363357814707)	(130, 1.1824713668781996)	(135, 1.5133411698425934)	(140, 1.7384038331859768)
NG-30919_RBL_30_lib628471_10098_1_2 - polya	(1, 0.013386973746807477)	(2, 0.01758415388487101)	(3, 0.019849567358007837)	(4, 0.0240032283471744)	(5, 0.027247822670493096)	(6, 0.030516594298754557)	(7, 0.033942518409143974)	(8, 0.04321935031568186)	(9, 0.05590759994964351)	(10, 0.07446706631590554)	(15, 0.11099268798513424)	(20, 0.140152451930501)	(25, 0.1663509795664782)	(30, 0.19037209911931025)	(35, 0.21561417257175175)	(40, 0.24118505737141488)	(45, 0.26913885734623666)	(50, 0.29925942739002875)	(55, 0.3315076002687839)	(60, 0.35730768591930445)	(65, 0.38707430021873457)	(70, 0.4189482084169757)	(75, 0.4493028147726138)	(80, 0.4767803218400631)	(85, 0.514594593862741)	(90, 0.5413641894414664)	(95, 0.5671550877161085)	(100, 0.5903686852838523)	(105, 0.6144744254039841)	(110, 0.6370889093552462)	(115, 0.6587948101867593)	(120, 0.6810287433582223)	(125, 0.7081571301422982)	(130, 0.7350026424585437)	(135, 0.7614830774701536)	(140, 0.7756297021382627)
NG-30919_RBL_30_lib628471_10098_1_2 - polyg	(1, 0.14310546795620996)	(2, 0.14490909490494003)	(3, 0.14509284242250503)	(4, 0.1452910963230357)	(5, 0.1454820970320835)	(6, 0.14574321192546533)	(7, 0.14602850412378993)	(8, 0.1466111771729105)	(9, 0.1473751800091018)	(10, 0.14904002922746043)	(15, 0.15103949234622682)	(20, 0.15258877404695906)	(25, 0.15428070184685355)	(30, 0.1562791978734223)	(35, 0.15883667319026767)	(40, 0.16129357091855118)	(45, 0.16377803077446945)	(50, 0.1664559090699298)	(55, 0.16977932140736188)	(60, 0.17447648821164174)	(65, 0.17949521317166037)	(70, 0.18410340749375081)	(75, 0.18876672607111084)	(80, 0.19475205968274106)	(85, 0.20303810563272454)	(90, 0.21249481668803658)	(95, 0.22254483880664405)	(100, 0.23274379312369886)	(105, 0.24595862445931385)	(110, 0.26050997721216473)	(115, 0.27534952343993346)	(120, 0.28994391179558243)	(125, 0.3056872056821115)	(130, 0.32434144708374923)	(135, 0.3462784829505151)	(140, 0.3620672301703366)
NG-30919_RBL_7_lib628468_10098_1_1 - illumina_universal_adapter	(1, 0.0004090908126436221)	(2, 0.00043455289641812137)	(3, 0.0008300639310486771)	(4, 0.0018706144212998817)	(5, 0.0026191996842701614)	(6, 0.0029943410518811176)	(7, 0.003447566143067205)	(8, 0.003824404982929795)	(9, 0.004174084266766252)	(10, 0.0059523561975772825)	(15, 0.008064351173059417)	(20, 0.009610408899847015)	(25, 0.010716481819011265)	(30, 0.012097545242940108)	(35, 0.013121460505125304)	(40, 0.014091056655258238)	(45, 0.015345488649215238)	(50, 0.01705009028430538)	(55, 0.019393959969360625)	(60, 0.023157934940132276)	(65, 0.028907952445314872)	(70, 0.03835574350345542)	(75, 0.0539629823738725)	(80, 0.07865475324058062)	(85, 0.11665266959339174)	(90, 0.17358860486877478)	(95, 0.2565260806002262)	(100, 0.36986528435842975)	(105, 0.5228564214314358)	(110, 0.7204404940492989)	(115, 0.9731211210106749)	(120, 1.2859316470361075)	(125, 1.6705761433006074)	(130, 2.130051327317209)	(135, 2.6733622893808255)	(140, 3.03886744651371)
NG-30919_RBL_7_lib628468_10098_1_1 - polya	(1, 0.007528289435993626)	(2, 0.01387344071259885)	(3, 0.017614669555198616)	(4, 0.021695392848125036)	(5, 0.024603162815172854)	(6, 0.02717313580414565)	(7, 0.031243674263562272)	(8, 0.03788588318420332)	(9, 0.049172376185313046)	(10, 0.06729934286605459)	(15, 0.0989344542308435)	(20, 0.13427650549874917)	(25, 0.17528981155936166)	(30, 0.20743246712738891)	(35, 0.23399858685435052)	(40, 0.2610980523627753)	(45, 0.2897130210974582)	(50, 0.3173875902047364)	(55, 0.3479947123739362)	(60, 0.37484906288922504)	(65, 0.40401774707239085)	(70, 0.44058639178932674)	(75, 0.47351361903205885)	(80, 0.5012971658578919)	(85, 0.5347628312988422)	(90, 0.5664797608261598)	(95, 0.6045673037138571)	(100, 0.6372124110683679)	(105, 0.6688953911506528)	(110, 0.6969318613419792)	(115, 0.7208719914956639)	(120, 0.7456231738911793)	(125, 0.7755730348045466)	(130, 0.8112264024834019)	(135, 0.8469025162904291)	(140, 0.8641542662782284)
NG-30919_RBL_7_lib628468_10098_1_1 - polyg	(1, 0.0)	(2, 0.0)	(3, 0.0006280647331043161)	(4, 0.0009726516001858732)	(5, 0.0011203316860779692)	(6, 0.0013070536337576307)	(7, 0.0014937755814372921)	(8, 0.0017450014746790187)	(9, 0.0021456049260644744)	(10, 0.002919652272809253)	(15, 0.004094303070939488)	(20, 0.005470953067014083)	(25, 0.007167746329746716)	(30, 0.008629948927303628)	(35, 0.010365105062923175)	(40, 0.013296979135944187)	(45, 0.019181775937906466)	(50, 0.022967818047949347)	(55, 0.026773550836111177)	(60, 0.03257041857543885)	(65, 0.03690915765061353)	(70, 0.10081864843015645)	(75, 0.15663560999726284)	(80, 0.16471557791503727)	(85, 0.17110350549238368)	(90, 0.17708675568494064)	(95, 0.18219988160131045)	(100, 0.1879101782558048)	(105, 0.19466238337835173)	(110, 0.20047554685129504)	(115, 0.20598452329674574)	(120, 0.21216060633708828)	(125, 0.21914095173025466)	(130, 0.22775188896834003)	(135, 0.2386459263848721)	(140, 0.24630492118424152)
NG-30919_RBL_7_lib628468_10098_1_2 - illumina_universal_adapter	(1, 0.00042436806290832167)	(2, 0.0004515276189344542)	(3, 0.0008555260148231764)	(4, 0.0019164461720939806)	(5, 0.0026684263795675265)	(6, 0.0030350803859203164)	(7, 0.003495095366112937)	(8, 0.00386853926147226)	(9, 0.00422500843431525)	(10, 0.005990379576013868)	(15, 0.00813530551317769)	(20, 0.009704788357037825)	(25, 0.010859069488148462)	(30, 0.01232568551355962)	(35, 0.013488114511478095)	(40, 0.01458060765262928)	(45, 0.016024138055418226)	(50, 0.017972157211392586)	(55, 0.02058388801775556)	(60, 0.024619798043238862)	(65, 0.030722210787860534)	(70, 0.04052205759098982)	(75, 0.05637203499339046)	(80, 0.08135645007628016)	(85, 0.11979027730331071)	(90, 0.1769995056112067)	(95, 0.2598748538582483)	(100, 0.37303955746898404)	(105, 0.5257445007203648)	(110, 0.7225735376807012)	(115, 0.9739311547691543)	(120, 1.2838237259940293)	(125, 1.6628947418675164)	(130, 2.1153023304172174)	(135, 2.6505713479414967)	(140, 3.011789369155656)
NG-30919_RBL_7_lib628468_10098_1_2 - polya	(1, 0.010848545160188334)	(2, 0.015559030658470705)	(3, 0.018390414374195026)	(4, 0.02204846707646476)	(5, 0.02580836811383249)	(6, 0.02921349745060886)	(7, 0.033222926908966686)	(8, 0.04190719494832258)	(9, 0.0545448758617324)	(10, 0.07613095149685226)	(15, 0.11895512095550713)	(20, 0.1545735207059787)	(25, 0.1862809443886872)	(30, 0.21461243525734738)	(35, 0.2429323833146965)	(40, 0.2730886568538625)	(45, 0.3067240695199761)	(50, 0.34168792397021786)	(55, 0.37789398861420487)	(60, 0.4064346080642663)	(65, 0.43850596979772505)	(70, 0.47240041672943783)	(75, 0.5043274933215075)	(80, 0.5333905947306218)	(85, 0.5736077863052182)	(90, 0.6010562521085788)	(95, 0.6274994748445222)	(100, 0.6504374173808427)	(105, 0.6741273401246369)	(110, 0.6970988926115398)	(115, 0.7187443797754668)	(120, 0.7416711189949268)	(125, 0.768639200151075)	(130, 0.7961803479393749)	(135, 0.8222379049797471)	(140, 0.8355569512549624)
NG-30919_RBL_7_lib628468_10098_1_2 - polyg	(1, 0.7003346142176032)	(2, 0.7049025120467484)	(3, 0.7053200902206501)	(4, 0.7058157521181271)	(5, 0.7062180530417642)	(6, 0.7070650916953292)	(7, 0.707769542679757)	(8, 0.7096503419345667)	(9, 0.7113766712144778)	(10, 0.7161258590800973)	(15, 0.7213455862538698)	(20, 0.7244366832240939)	(25, 0.7277090702307925)	(30, 0.7312303066695807)	(35, 0.7350092193961666)	(40, 0.7386149899530862)	(45, 0.7423280407563088)	(50, 0.7461938640621784)	(55, 0.7504073296851825)	(60, 0.7558243031345947)	(65, 0.7619895223525268)	(70, 0.7678111731867283)	(75, 0.7739746949324087)	(80, 0.781610604109156)	(85, 0.7909813299270724)	(90, 0.8012870234611883)	(95, 0.8122445463399316)	(100, 0.8238019559124019)	(105, 0.8380339027645458)	(110, 0.8531210361370624)	(115, 0.8690942500249316)	(120, 0.8852294027656067)	(125, 0.9027636121360778)	(130, 0.9239453498808586)	(135, 0.9496586595485997)	(140, 0.9683128611106986)
NG-30919_WERI_RB1_lib628472_10098_1_1 - illumina_universal_adapter	(1, 0.000394497376863887)	(2, 0.00043249941775444495)	(3, 0.0011816825095968726)	(4, 0.0030618787231820955)	(5, 0.004220036159846718)	(6, 0.004822639951111279)	(7, 0.005629730914786938)	(8, 0.006297481061863884)	(9, 0.006988756281873081)	(10, 0.009944591214760573)	(15, 0.013432816644314833)	(20, 0.01606255787394144)	(25, 0.01803251128886817)	(30, 0.020025989776727152)	(35, 0.021483820450128744)	(40, 0.02299630167757295)	(45, 0.024729918590580307)	(50, 0.026694805066721627)	(55, 0.029175795450576626)	(60, 0.03246821988849478)	(65, 0.03680805295819649)	(70, 0.04275989641005577)	(75, 0.05135559613530102)	(80, 0.06399435108710268)	(85, 0.08294976908331296)	(90, 0.11147373905156677)	(95, 0.15546164426868603)	(100, 0.22019033955547385)	(105, 0.31745059146557403)	(110, 0.45850330952535634)	(115, 0.6571660358026276)	(120, 0.9242317118345049)	(125, 1.2760372340377404)	(130, 1.7177548611396378)	(135, 2.252988996237617)	(140, 2.613078239506596)
NG-30919_WERI_RB1_lib628472_10098_1_1 - polya	(1, 0.01292431314477927)	(2, 0.01922722306962752)	(3, 0.023306108791880737)	(4, 0.027180507341722858)	(5, 0.02975740763830164)	(6, 0.032182299771318194)	(7, 0.036098319604040446)	(8, 0.04294230620633045)	(9, 0.05340915404018698)	(10, 0.07065628981731695)	(15, 0.09945894141876818)	(20, 0.1311732732008341)	(25, 0.1672788312888537)	(30, 0.1958969015488365)	(35, 0.22019214917646862)	(40, 0.24414429266348883)	(45, 0.2694181833251026)	(50, 0.293651179990514)	(55, 0.32058666464954244)	(60, 0.34511137221931376)	(65, 0.37083332503923716)	(70, 0.4028835224779357)	(75, 0.4316159607847892)	(80, 0.45628978112453106)	(85, 0.48522779237639246)	(90, 0.5135172354637217)	(95, 0.5466998937209591)	(100, 0.5752368929603753)	(105, 0.6033721563389485)	(110, 0.6292472030950311)	(115, 0.65118234302126)	(120, 0.6731703238805368)	(125, 0.7001119612509475)	(130, 0.7310543087166368)	(135, 0.7616119307588338)	(140, 0.7762622604084423)
NG-30919_WERI_RB1_lib628472_10098_1_1 - polyg	(1, 0.0)	(2, 0.0)	(3, 0.0017028533560959527)	(4, 0.002366984261183322)	(5, 0.0026909064192504584)	(6, 0.0030546402392029417)	(7, 0.003362275808316982)	(8, 0.0037350577332434074)	(9, 0.004353948113461065)	(10, 0.005446597270114344)	(15, 0.007158860655383197)	(20, 0.009256211388343037)	(25, 0.012425581598615567)	(30, 0.014812471690741564)	(35, 0.018169318636074176)	(40, 0.023711463894713354)	(45, 0.03502521435413088)	(50, 0.042270936817263925)	(55, 0.05077181240238225)	(60, 0.06167803621377342)	(65, 0.07000772165278477)	(70, 0.17195199654579543)	(75, 0.2595485104195262)	(80, 0.27365378222550446)	(85, 0.2853490007906234)	(90, 0.295994639178765)	(95, 0.30493380496882116)	(100, 0.31577017740981345)	(105, 0.32800140571358877)	(110, 0.3384063645094235)	(115, 0.3487494342672365)	(120, 0.3594233027428969)	(125, 0.3705463191494637)	(130, 0.38393063795111815)	(135, 0.3984094155304207)	(140, 0.4079519089601393)
NG-30919_WERI_RB1_lib628472_10098_1_2 - illumina_universal_adapter	(1, 0.0003818300299003677)	(2, 0.0004198320707909256)	(3, 0.0011653959206437763)	(4, 0.003070926828156038)	(5, 0.00422908426482066)	(6, 0.004844355403048741)	(7, 0.005656875229708765)	(8, 0.006331863860764865)	(9, 0.007017710217789696)	(10, 0.00997933593786051)	(15, 0.01348493372896474)	(20, 0.01614905775749233)	(25, 0.01824894195984487)	(30, 0.02041722983580042)	(35, 0.022165685640965042)	(40, 0.023986164361722247)	(45, 0.0260722954445144)	(50, 0.028440365478294587)	(55, 0.03131802478420722)	(60, 0.03513596315901194)	(65, 0.0399973289994117)	(70, 0.04637009029465878)	(75, 0.05547682698883229)	(80, 0.06867801214581419)	(85, 0.08836849819010756)	(90, 0.11747082302829577)	(95, 0.16219958708068138)	(100, 0.22767999892870439)	(105, 0.3256058294406877)	(110, 0.46722532079603785)	(115, 0.6668493177457406)	(120, 0.9344198780351641)	(125, 1.2849955818103411)	(130, 1.725504744011919)	(135, 2.260535477710084)	(140, 2.621872997541268)
NG-30919_WERI_RB1_lib628472_10098_1_2 - polya	(1, 0.00982262275971183)	(2, 0.014543923935114953)	(3, 0.01843641869490496)	(4, 0.023876139405239107)	(5, 0.02961806682170293)	(6, 0.03522427266355762)	(7, 0.040783428359547805)	(8, 0.05135342459010727)	(9, 0.06620679371533106)	(10, 0.09442276619027187)	(15, 0.14940339510233316)	(20, 0.19498883373365167)	(25, 0.23645774652602536)	(30, 0.2723852379081578)	(35, 0.30604129301763167)	(40, 0.34016567804055686)	(45, 0.37691292773332846)	(50, 0.4147832282154658)	(55, 0.4521439394254706)	(60, 0.48285356963123)	(65, 0.5171270674241258)	(70, 0.5529890505262468)	(75, 0.5848000160694344)	(80, 0.6133837035305163)	(85, 0.6520473418567688)	(90, 0.6793121775368489)	(95, 0.7054575816695527)	(100, 0.7290525059722017)	(105, 0.7532138416462194)	(110, 0.7761688839651113)	(115, 0.798302720276568)	(120, 0.8209884909914352)	(125, 0.8469637907506289)	(130, 0.8728630864280416)	(135, 0.8975774422780667)	(140, 0.910715290700231)
NG-30919_WERI_RB1_lib628472_10098_1_2 - polyg	(1, 0.8304622188233518)	(2, 0.836021374519342)	(3, 0.8363489159193987)	(4, 0.8366674092144816)	(5, 0.8370130468244861)	(6, 0.8377640395373234)	(7, 0.8384806494512596)	(8, 0.8407426756947451)	(9, 0.8427911666608457)	(10, 0.8477412039299901)	(15, 0.8523264216065852)	(20, 0.8554595993969618)	(25, 0.8587132979455916)	(30, 0.8623821235504258)	(35, 0.8665692246081674)	(40, 0.8702083724286869)	(45, 0.8739173716196055)	(50, 0.8776220277201363)	(55, 0.8816676164160855)	(60, 0.8869310800415272)	(65, 0.8929006577791354)	(70, 0.8993888728938499)	(75, 0.9068785322670806)	(80, 0.917866912871635)	(85, 0.932162194882066)	(90, 0.9484100579458739)	(95, 0.9655533214779031)	(100, 0.9832420047777614)	(105, 1.0063421787004352)	(110, 1.029998992041106)	(115, 1.0536811400757036)	(120, 1.0754432802348308)	(125, 1.0979520700164078)	(130, 1.1214782287212548)	(135, 1.1467687678960208)	(140, 1.1632822833218635)
NG-30919_Y_79_lib626626_10098_1_1 - illumina_universal_adapter	(1, 4.4197042030881865e-05)	(2, 4.4197042030881865e-05)	(3, 5.9981699899053956e-05)	(4, 0.00012627726294537676)	(5, 0.0001862589628444307)	(6, 0.00023992679959621582)	(7, 0.0002872807732007321)	(8, 0.0003251639520843451)	(9, 0.0003567332678206893)	(10, 0.0005196309370202253)	(15, 0.0007305139661390044)	(20, 0.0014976483385321683)	(25, 0.0017950312927685302)	(30, 0.0020021260039989486)	(35, 0.002278673209849323)	(40, 0.0026152021155987524)	(45, 0.003000347767582152)	(50, 0.0035319750445821875)	(55, 0.004148208087755625)	(60, 0.005011313179987277)	(65, 0.006269034718923229)	(70, 0.008004715698107432)	(75, 0.01091477522268364)	(80, 0.01578086955028373)	(85, 0.024156209015135845)	(90, 0.038260747899819696)	(95, 0.0623430847161325)	(100, 0.10214378383757108)	(105, 0.1637241538855135)	(110, 0.2567803944952205)	(115, 0.3867670520396177)	(120, 0.5657524445383947)	(125, 0.7946533449205351)	(130, 1.0859352131976914)	(135, 1.4338006602280418)	(140, 1.670297769362661)
NG-30919_Y_79_lib626626_10098_1_1 - polya	(1, 0.007526124871544454)	(2, 0.012293091547732426)	(3, 0.01566785139994762)	(4, 0.02105357666456794)	(5, 0.024952387158006444)	(6, 0.028368187120678887)	(7, 0.033561339559307506)	(8, 0.04088542081013936)	(9, 0.05241769184862589)	(10, 0.0729333273730465)	(15, 0.09964854512177043)	(20, 0.1279952651077486)	(25, 0.16361681821200993)	(30, 0.1947561598680251)	(35, 0.22075791108110762)	(40, 0.24517172571265206)	(45, 0.27047958336584976)	(50, 0.296835542301494)	(55, 0.3223214508954447)	(60, 0.3457686130791423)	(65, 0.3709842883303898)	(70, 0.39931459227218513)	(75, 0.4270318201023805)	(80, 0.4504436246524534)	(85, 0.4750550632005073)	(90, 0.501826474331242)	(95, 0.5321166013939495)	(100, 0.5583361808856127)	(105, 0.5864417112993652)	(110, 0.6120014920921388)	(115, 0.6338973381005525)	(120, 0.6544268641238972)	(125, 0.6764982355278049)	(130, 0.7014701956615679)	(135, 0.7261630830442215)	(140, 0.7388545793565466)
NG-30919_Y_79_lib626626_10098_1_2 - illumina_universal_adapter	(1, 4.4197042030881865e-05)	(2, 4.4197042030881865e-05)	(3, 5.9981699899053956e-05)	(4, 0.00012627726294537676)	(5, 0.0001831020312707963)	(6, 0.0002367698680225814)	(7, 0.00028096691005346326)	(8, 0.0003283208836579795)	(9, 0.0003598901993943237)	(10, 0.0005240506412233136)	(15, 0.0007292511935095507)	(20, 0.0014862833848670843)	(25, 0.0018449108116319543)	(30, 0.002134717130091594)	(35, 0.0025337532809989846)	(40, 0.003052752831704483)	(45, 0.0036803508285430052)	(50, 0.004391291818925476)	(55, 0.005248083048009857)	(60, 0.006457187840711839)	(65, 0.008024920060178692)	(70, 0.01003525408626909)	(75, 0.01328499944816836)	(80, 0.018526137246716222)	(85, 0.027324505542435346)	(90, 0.041829974736970775)	(95, 0.06634607395150095)	(100, 0.10651171436285164)	(105, 0.1684355585660055)	(110, 0.2618718937371781)	(115, 0.39221528454939597)	(120, 0.5712196186376148)	(125, 0.7986961114937313)	(130, 1.0881235981645347)	(135, 1.433395310213987)	(140, 1.668457278255232)
NG-30919_Y_79_lib626626_10098_1_2 - polya	(1, 0.008823623748308201)	(2, 0.01168064682244735)	(3, 0.013802104839929679)	(4, 0.017606207386159152)	(5, 0.021085145980304282)	(6, 0.0239484829175907)	(7, 0.027149611533256002)	(8, 0.034426338810483334)	(9, 0.04434541781484268)	(10, 0.06051269578973926)	(15, 0.08891876608930176)	(20, 0.11310149332965613)	(25, 0.13403700075337013)	(30, 0.1539161988725461)	(35, 0.1739330392083325)	(40, 0.19631757822434467)	(45, 0.220038130682319)	(50, 0.24804769037623303)	(55, 0.2797218162408218)	(60, 0.3043736635130183)	(65, 0.33183959958995246)	(70, 0.36024061879899716)	(75, 0.3898829435027949)	(80, 0.4183843531358812)	(85, 0.4606607179973638)	(90, 0.49017739682453093)	(95, 0.5184969671989759)	(100, 0.5421480671623302)	(105, 0.566671743012637)	(110, 0.5926059358900438)	(115, 0.6179661986073638)	(120, 0.6443581465629477)	(125, 0.6754330868148606)	(130, 0.704512214925922)	(135, 0.7324479024210129)	(140, 0.7463175655966184)
NG-30919_Y_79_lib626626_10098_1_2 - polyg	(1, 0.06757727726521837)	(2, 0.06938619905691089)	(3, 0.06952826097772444)	(4, 0.06979344322990973)	(5, 0.0699923299190487)	(6, 0.07018805967661403)	(7, 0.07061424543905467)	(8, 0.07116039460129343)	(9, 0.07172232842140036)	(10, 0.07300719957186956)	(15, 0.07460650110707276)	(20, 0.07587874453124743)	(25, 0.07733661553195181)	(30, 0.07896117251974408)	(35, 0.08079282421876677)	(40, 0.08288208153419804)	(45, 0.08486400317612572)	(50, 0.08687307442958665)	(55, 0.0890721929637804)	(60, 0.09170317973724731)	(65, 0.09466690709857532)	(70, 0.09785035689742824)	(75, 0.10113293434769335)	(80, 0.10473436188689549)	(85, 0.10851131482159168)	(90, 0.11281294978382594)	(95, 0.11741701879081438)	(100, 0.12262406172836701)	(105, 0.12823582329365954)	(110, 0.13458820100612673)	(115, 0.14149114758503573)	(120, 0.14947123921686883)	(125, 0.15835610743770553)	(130, 0.16884343412531908)	(135, 0.1809622630501869)	(140, 0.18974737223329674)
NG-A0611_CHP126_libLAB6088_1 - illumina_universal_adapter	(1, 0.002788277291887092)	(2, 0.002835323590400372)	(3, 0.00345947115067656)	(4, 0.004566627375689095)	(5, 0.0052629125936856464)	(6, 0.005733375578818451)	(7, 0.0061599286853388615)	(8, 0.006599027471462813)	(9, 0.006875032422740726)	(10, 0.008251920759229401)	(15, 0.009975069852775822)	(20, 0.011194509910240054)	(25, 0.012176209339217172)	(30, 0.013822829787181991)	(35, 0.0157843467931957)	(40, 0.018306028393507538)	(45, 0.02192357510718872)	(50, 0.026995793370900533)	(55, 0.03417254938810644)	(60, 0.044300049248065285)	(65, 0.058605887699983615)	(70, 0.07883077778885283)	(75, 0.108808051917535)	(80, 0.1530309452360385)	(85, 0.2210391925148963)	(90, 0.32037525633175745)	(95, 0.4661786355481957)	(100, 0.6742518681928319)	(105, 0.9656108494535385)	(110, 1.362228709871938)	(115, 1.872805878253087)	(120, 2.5164676158686037)	(125, 3.28358385905481)	(130, 4.183550067266798)	(135, 5.199069512035164)	(140, 5.863195134935998)
NG-A0611_CHP126_libLAB6088_1 - polya	(1, 0.008672201025948042)	(2, 0.015722872963138346)	(3, 0.01971553549696542)	(4, 0.026022875917645894)	(5, 0.029955946473356143)	(6, 0.03361301207778848)	(7, 0.038941789489392725)	(8, 0.04696161517595661)	(9, 0.059846028128793693)	(10, 0.08186118669708826)	(15, 0.11094332658605774)	(20, 0.14223789707311174)	(25, 0.18160623966902492)	(30, 0.21683701713169007)	(35, 0.24449647695361792)	(40, 0.2708474223928964)	(45, 0.2978940257661913)	(50, 0.3236132962374315)	(55, 0.3514546684136107)	(60, 0.3752845595365576)	(65, 0.40085265456857505)	(70, 0.42964310740676226)	(75, 0.4598204851251209)	(80, 0.48511508434178124)	(85, 0.5110106216114512)	(90, 0.5379035404096026)	(95, 0.5686812288969907)	(100, 0.5959254267240415)	(105, 0.6227436987285518)	(110, 0.6486304540224993)	(115, 0.671683767577987)	(120, 0.6937359359011119)	(125, 0.7164912895660154)	(130, 0.7418630447122376)	(135, 0.7683193738601858)	(140, 0.7817871609145876)
NG-A0611_CHP126_libLAB6088_1 - polyg	(1, 0.0)	(2, 0.0)	(3, 7.527407762124882e-05)	(4, 0.00014741173534161227)	(5, 0.00020700371345843424)	(6, 0.0002791413711787977)	(7, 0.00037009754830447333)	(8, 0.0004892815045381173)	(9, 0.0006711938587894686)	(10, 0.001153575239545638)	(15, 0.002011699724427875)	(20, 0.0028265416146778933)	(25, 0.0036050010340776414)	(30, 0.004628728489726625)	(35, 0.00600373497427477)	(40, 0.007344240839913177)	(45, 0.00889551412289108)	(50, 0.010589808153349357)	(55, 0.01264165405250856)	(60, 0.015246764422183947)	(65, 0.017795419233643396)	(70, 0.04288364202082545)	(75, 0.13352241345253152)	(80, 0.14364552232462913)	(85, 0.14879677836984323)	(90, 0.15319905734272596)	(95, 0.1570010255465792)	(100, 0.16079672091063066)	(105, 0.1651814359320684)	(110, 0.17002657739495614)	(115, 0.1756583329689859)	(120, 0.18272155058577974)	(125, 0.19131220469430474)	(130, 0.20248413238125842)	(135, 0.21708918529172125)	(140, 0.2278295416003131)
NG-A0611_CHP126_libLAB6088_2 - illumina_universal_adapter	(1, 0.0028384600103012574)	(2, 0.0028980519884180796)	(3, 0.003509653869090726)	(4, 0.00461053725430149)	(5, 0.005316231732000698)	(6, 0.005771012617629076)	(7, 0.006200702144050371)	(8, 0.0066398009301743225)	(9, 0.00691266946155135)	(10, 0.008279521254357191)	(15, 0.009999533928002728)	(20, 0.01122963781312997)	(25, 0.012229528477532224)	(30, 0.013950795719138116)	(35, 0.016018951001781925)	(40, 0.018683653349574135)	(45, 0.022454884638398703)	(50, 0.027653814266106285)	(55, 0.03495728164730795)	(60, 0.04518828336399602)	(65, 0.05963588799543438)	(70, 0.07998560759635882)	(75, 0.11005383790216665)	(80, 0.15441096999242804)	(85, 0.2224806911013432)	(90, 0.321563959474193)	(95, 0.4670825517636309)	(100, 0.67428072325592)	(105, 0.9632108609453809)	(110, 1.3566408641765206)	(115, 1.8620567399687726)	(120, 2.4979545837616373)	(125, 3.2560228828177697)	(130, 4.143512412664036)	(135, 5.139425469347988)	(140, 5.789755862956767)
NG-A0611_CHP126_libLAB6088_2 - polya	(1, 0.01528691059691528)	(2, 0.01951794104320964)	(3, 0.0218420281897657)	(4, 0.026076195055960944)	(5, 0.029203205697143655)	(6, 0.03207302990645377)	(7, 0.03535372512277986)	(8, 0.04370287489893671)	(9, 0.05479325566846737)	(10, 0.07173055041722852)	(15, 0.10536739928626374)	(20, 0.13413338804922398)	(25, 0.1605721532457273)	(30, 0.1843041880677665)	(35, 0.208915675030014)	(40, 0.23473593822206268)	(45, 0.26296748103391204)	(50, 0.29312792208480587)	(55, 0.3294144184861091)	(60, 0.35584753812679076)	(65, 0.38725439244629645)	(70, 0.4218817227200313)	(75, 0.4578244675001974)	(80, 0.48924073107940586)	(85, 0.5323282403937888)	(90, 0.5633737791407125)	(95, 0.5940448293514704)	(100, 0.6186901896486476)	(105, 0.6438593320692725)	(110, 0.6704969462874918)	(115, 0.6968830196296603)	(120, 0.7236642818793403)	(125, 0.7533059590786277)	(130, 0.7835893477896363)	(135, 0.813459356357708)	(140, 0.8282971316248167)
NG-A0611_CHP126_libLAB6088_2 - polyg	(1, 0.16125902920402116)	(2, 0.16293074101119306)	(3, 0.16312833546494884)	(4, 0.1634388410351365)	(5, 0.16363643548889228)	(6, 0.16383716636254894)	(7, 0.16404103365610648)	(8, 0.1644268133039154)	(9, 0.1649192312283544)	(10, 0.1664265946327199)	(15, 0.16816918952965182)	(20, 0.16933154674491993)	(25, 0.17060806964458028)	(30, 0.1722716267600099)	(35, 0.17407506820301893)	(40, 0.17617333311671124)	(45, 0.17834185383618342)	(50, 0.18052229295127892)	(55, 0.1826381218164162)	(60, 0.1852971786083868)	(65, 0.1880459370095227)	(70, 0.19121309382543678)	(75, 0.19447497052235757)	(80, 0.20132867528977227)	(85, 0.20868357995734846)	(90, 0.2161488866054358)	(95, 0.22338586188473872)	(100, 0.23080035853043174)	(105, 0.238984532619802)	(110, 0.24865160603831088)	(115, 0.25963472124723125)	(120, 0.2730335070638136)	(125, 0.2901577324386675)	(130, 0.31349896934105637)	(135, 0.3449058236605621)	(140, 0.3699375908895282)
NG-A0611_CHP134_libLAB6074_1 - illumina_universal_adapter	(1, 0.0018884157585130675)	(2, 0.0019496616750053833)	(3, 0.0024294213541951894)	(4, 0.0033863887993876227)	(5, 0.003975880745626161)	(6, 0.004310181373146718)	(7, 0.004616410955608296)	(8, 0.004948159669941673)	(9, 0.005198247162285295)	(10, 0.006417040900482378)	(15, 0.007783335220898455)	(20, 0.008773477537524225)	(25, 0.009543644937415094)	(30, 0.010469479041723935)	(35, 0.011482588577034322)	(40, 0.012581952778071389)	(45, 0.014094726915431588)	(50, 0.01598926726559389)	(55, 0.018460539996058824)	(60, 0.02173566538048541)	(65, 0.026198451162225477)	(70, 0.032079079910762656)	(75, 0.04084796400454995)	(80, 0.05325281400743107)	(85, 0.07179195292965504)	(90, 0.09849108945920519)	(95, 0.1373429469687431)	(100, 0.1919135689460338)	(105, 0.2689588903628173)	(110, 0.37580188130102454)	(115, 0.517067118838463)	(120, 0.701395891409561)	(125, 0.9296410484014739)	(130, 1.2085723051171524)	(135, 1.536395156203372)	(140, 1.7567319342282144)
NG-A0611_CHP134_libLAB6074_1 - polya	(1, 0.04457171572728275)	(2, 0.0522300072020094)	(3, 0.057073538431276695)	(4, 0.06385397176961348)	(5, 0.06855204394721154)	(6, 0.07298471715334288)	(7, 0.07949975152021296)	(8, 0.08921743693699372)	(9, 0.10430434769960083)	(10, 0.12979949158743953)	(15, 0.16289831600779925)	(20, 0.19808664694582181)	(25, 0.24164117007669467)	(30, 0.2807523019660501)	(35, 0.312554244104685)	(40, 0.34189001733922936)	(45, 0.372666090376618)	(50, 0.4023315707949459)	(55, 0.4330305760540818)	(60, 0.4591141911228842)	(65, 0.48666821857013953)	(70, 0.5185548842265889)	(75, 0.5495723682514847)	(80, 0.5770952623578565)	(85, 0.6053571905232357)	(90, 0.6339585231425097)	(95, 0.6650653241289568)	(100, 0.693608473127563)	(105, 0.7227559151688935)	(110, 0.750280850805815)	(115, 0.7748792523996788)	(120, 0.7983517498953587)	(125, 0.8233222204319134)	(130, 0.8511549167992088)	(135, 0.8784001627508153)	(140, 0.8932844516063605)
NG-A0611_CHP134_libLAB6074_1 - polyg	(1, 0.0)	(2, 0.0)	(3, 0.00045424054731800815)	(4, 0.0006226668176718763)	(5, 0.0007426067374693279)	(6, 0.0008829619627642181)	(7, 0.0010335248408078275)	(8, 0.001270852767215551)	(9, 0.001597497655174568)	(10, 0.0022048529937233655)	(15, 0.00330830025585992)	(20, 0.004431652440856477)	(25, 0.005567764191788933)	(30, 0.006919767798356802)	(35, 0.008719376977956012)	(40, 0.010705786202856785)	(45, 0.013609353027229987)	(50, 0.016242927436399563)	(55, 0.018907124803815293)	(60, 0.0226523125973204)	(65, 0.026212741876073687)	(70, 0.048748176849421246)	(75, 0.12050848605555527)	(80, 0.1288680432741189)	(85, 0.13404434398299447)	(90, 0.1386444226942048)	(95, 0.14302401610604282)	(100, 0.14739442263040697)	(105, 0.15243904461882404)	(110, 0.15746733436284316)	(115, 0.16287636955438953)	(120, 0.16908415357352316)	(125, 0.17579772678635583)	(130, 0.18380767189827585)	(135, 0.19327424905743812)	(140, 0.19978417959793382)
NG-A0611_CHP134_libLAB6074_2 - illumina_universal_adapter	(1, 0.0018986234112617869)	(2, 0.0019598693277541024)	(3, 0.002442180920131089)	(4, 0.00341956367082096)	(5, 0.004006503703872319)	(6, 0.004351011984141595)	(7, 0.004659793479790353)	(8, 0.00499154219412373)	(9, 0.005244181599654532)	(10, 0.00646858954686341)	(15, 0.007845091520028205)	(20, 0.008828598862367308)	(25, 0.00963398266424126)	(30, 0.010652706408563445)	(35, 0.011749518696413334)	(40, 0.012922888379878613)	(45, 0.014542842871100364)	(50, 0.016564978880621656)	(55, 0.019208760942539947)	(60, 0.022660478719519372)	(65, 0.02729526345007537)	(70, 0.03331165398017051)	(75, 0.04226274467552245)	(80, 0.05492686905822103)	(85, 0.07365382879102142)	(90, 0.10049842437224084)	(95, 0.13949267863762338)	(100, 0.19430062854132182)	(105, 0.2713689171767899)	(110, 0.37808992666464997)	(115, 0.5189540034490637)	(120, 0.702467184565539)	(125, 0.9297283238324756)	(130, 1.2067798412944775)	(135, 1.5305625034227535)	(140, 1.747501664230185)
NG-A0611_CHP134_libLAB6074_2 - polya	(1, 0.02683847098957018)	(2, 0.030319280576883455)	(3, 0.032406745563996545)	(4, 0.036392833962371425)	(5, 0.03966183475514878)	(6, 0.042351551254436307)	(7, 0.045551650391159805)	(8, 0.052987925418601804)	(9, 0.06331296617393135)	(10, 0.0794180902982232)	(15, 0.1104942683264242)	(20, 0.13640027023739887)	(25, 0.16038161922260252)	(30, 0.18245668905698284)	(35, 0.20426891183308366)	(40, 0.22713252284230254)	(45, 0.252075943099073)	(50, 0.27864033861234005)	(55, 0.30907139298682196)	(60, 0.3325928872156958)	(65, 0.358997022580808)	(70, 0.38731662398421735)	(75, 0.416358927202236)	(80, 0.4420424022832886)	(85, 0.4766315440049612)	(90, 0.5029050214148899)	(95, 0.528931984010937)	(100, 0.5500858131847453)	(105, 0.571958771494701)	(110, 0.5943247594324198)	(115, 0.6167019757881621)	(120, 0.6391108358674257)	(125, 0.665928381168861)	(130, 0.6923590564311197)	(135, 0.7186978628186402)	(140, 0.7324552268107266)
NG-A0611_CHP134_libLAB6074_2 - polyg	(1, 0.13327877002684052)	(2, 0.13498089612268946)	(3, 0.13520036065678692)	(4, 0.13564949737773058)	(5, 0.13581537173489724)	(6, 0.13606801114042805)	(7, 0.13635637733057937)	(8, 0.13684379274933073)	(9, 0.13766295688241545)	(10, 0.13962741965390646)	(15, 0.1417807240012488)	(20, 0.14342058341533057)	(25, 0.14522580680394157)	(30, 0.14719945646290644)	(35, 0.14958243299709495)	(40, 0.15222723582428815)	(45, 0.15675637134889486)	(50, 0.16083024556090875)	(55, 0.165199631319998)	(60, 0.16971447613075658)	(65, 0.17423901821162638)	(70, 0.17905243686528496)	(75, 0.18385564786619482)	(80, 0.18924069507378166)	(85, 0.19543061570060505)	(90, 0.20298274758674503)	(95, 0.21131066108178764)	(100, 0.2205118392694832)	(105, 0.23113494348507535)	(110, 0.24295897804655434)	(115, 0.25689548634438075)	(120, 0.27365390024459063)	(125, 0.29417536533061595)	(130, 0.32065299579551887)	(135, 0.3551191353015695)	(140, 0.38174834940979097)
NG-A0611_GIMEN_libLAB6073_1 - illumina_universal_adapter	(1, 0.001398575958640956)	(2, 0.0014329340385497657)	(3, 0.0016613142167671473)	(4, 0.002211043495308101)	(5, 0.0024737817534342924)	(6, 0.0026496142800264354)	(7, 0.0028072572349021503)	(8, 0.002985110825018341)	(9, 0.0031185010176054844)	(10, 0.0038351701432327717)	(15, 0.004618534365153632)	(20, 0.005199388021964919)	(25, 0.005660594718152587)	(30, 0.00624508628930716)	(35, 0.006895868744050494)	(40, 0.007586668256569973)	(45, 0.008416516939543924)	(50, 0.009688574321579501)	(55, 0.01125530276542122)	(60, 0.013190673196049227)	(65, 0.015986612475216707)	(70, 0.01980844359919077)	(75, 0.025497737419384832)	(80, 0.033680619415548854)	(85, 0.046563282530533226)	(90, 0.06579208511102712)	(95, 0.09508982616832629)	(100, 0.13731509795084368)	(105, 0.19972271008450065)	(110, 0.2879599182681911)	(115, 0.4075409922209265)	(120, 0.5668076695318611)	(125, 0.7659289111116052)	(130, 1.016338681741106)	(135, 1.3132426145286171)	(140, 1.5168324275600307)
NG-A0611_GIMEN_libLAB6073_1 - polya	(1, 0.06784103931170661)	(2, 0.07487029824834425)	(3, 0.08002401023466568)	(4, 0.08687137345413903)	(5, 0.09236058198545238)	(6, 0.0977507584040874)	(7, 0.1064716475103529)	(8, 0.11583927694431363)	(9, 0.13213915426575773)	(10, 0.1613520106550469)	(15, 0.19687058523936465)	(20, 0.22792058837201315)	(25, 0.26936653805965777)	(30, 0.3101216882347829)	(35, 0.3450820450737587)	(40, 0.37557706416270376)	(45, 0.4066092819363406)	(50, 0.4362206920525719)	(55, 0.4668943731570428)	(60, 0.49491803576878224)	(65, 0.5243370406375243)	(70, 0.5603216724704874)	(75, 0.5898344546867452)	(80, 0.6167388523188674)	(85, 0.6468967580120011)	(90, 0.6799290202490355)	(95, 0.7091115606854639)	(100, 0.7369646455357739)	(105, 0.7659204226448042)	(110, 0.7923955463844183)	(115, 0.8173467882269009)	(120, 0.8412644581831852)	(125, 0.865306221439846)	(130, 0.890241294774136)	(135, 0.9147972165913147)	(140, 0.9287575107773213)
NG-A0611_GIMEN_libLAB6073_1 - polyg	(1, 0.0)	(2, 0.0)	(3, 0.0006548245817914303)	(4, 0.0008973522046771452)	(5, 0.001048931968980717)	(6, 0.001188385352140003)	(7, 0.001372302132828337)	(8, 0.0016370614544785756)	(9, 0.002027126714619767)	(10, 0.0028250425939137696)	(15, 0.004399046866442059)	(20, 0.005672721099296872)	(25, 0.006950437459199781)	(30, 0.008669149880049881)	(35, 0.010954568513042934)	(40, 0.013317595985359415)	(45, 0.0164360970029649)	(50, 0.019521048366071193)	(55, 0.02251100974354725)	(60, 0.026003811725806354)	(65, 0.029881828415748934)	(70, 0.052500358738775524)	(75, 0.11816552106049247)	(80, 0.12534716818684327)	(85, 0.13017144681874496)	(90, 0.13463193401631807)	(95, 0.1390940380647104)	(100, 0.1437736085482903)	(105, 0.14933597957917416)	(110, 0.15505195143788564)	(115, 0.1609328420801594)	(120, 0.1673691209788415)	(125, 0.17448973198676607)	(130, 0.18233711743793818)	(135, 0.19156650612685408)	(140, 0.19791062452883956)
NG-A0611_GIMEN_libLAB6073_2 - illumina_universal_adapter	(1, 0.0014127234033092895)	(2, 0.001447081483218099)	(3, 0.0016815248520076235)	(4, 0.0022292330670245298)	(5, 0.002481866007530483)	(6, 0.0026597195976466735)	(7, 0.002813320425474293)	(8, 0.002995216142638579)	(9, 0.0031245642081776273)	(10, 0.003843254397328962)	(15, 0.004630660746297917)	(20, 0.005210705977699586)	(25, 0.005703441264862396)	(30, 0.006320269852401731)	(35, 0.007039364254257875)	(40, 0.00782636639052202)	(45, 0.008746758719373308)	(50, 0.01012431561736417)	(55, 0.011804223618552556)	(60, 0.013877834794225417)	(65, 0.016870625660635137)	(70, 0.020905476880043815)	(75, 0.026812237135425403)	(80, 0.035261899516763714)	(85, 0.04835879536529712)	(90, 0.0677391777100946)	(95, 0.09726489473290634)	(100, 0.13969833605840068)	(105, 0.20210635240476243)	(110, 0.29035083641713944)	(115, 0.4096234960761052)	(120, 0.5681452093720758)	(125, 0.766332315391005)	(130, 1.0151943555737901)	(135, 1.3090877121358802)	(140, 1.5098739058467348)
NG-A0611_GIMEN_libLAB6073_2 - polya	(1, 0.03744626497355438)	(2, 0.04171677219986701)	(3, 0.04430171244712393)	(4, 0.04852169308533537)	(5, 0.05203632255365418)	(6, 0.05510227591963443)	(7, 0.058420862226120626)	(8, 0.06662031694318184)	(9, 0.07737843808168735)	(10, 0.09400411084320791)	(15, 0.12471942585627409)	(20, 0.1525090493119289)	(25, 0.1780949051009622)	(30, 0.20150245862377703)	(35, 0.22381217044032914)	(40, 0.2476405093888506)	(45, 0.27286136110544096)	(50, 0.30003981495142373)	(55, 0.33005099143271177)	(60, 0.3554743537144116)	(65, 0.383273274062277)	(70, 0.41318501421818193)	(75, 0.4439456010541868)	(80, 0.4715351392209608)	(85, 0.5082861583422428)	(90, 0.5374533386958885)	(95, 0.5659952019951939)	(100, 0.5888700031730697)	(105, 0.6128192017203293)	(110, 0.6380643061992082)	(115, 0.6633579162026642)	(120, 0.6898665895967776)	(125, 0.719535397917092)	(130, 0.7491015362103847)	(135, 0.7786405922524551)	(140, 0.7947347253071512)
NG-A0611_GIMEN_libLAB6073_2 - polyg	(1, 0.1302919022047782)	(2, 0.1319895955649782)	(3, 0.13218361766328676)	(4, 0.1324948614459901)	(5, 0.1326727150361063)	(6, 0.13285663181679463)	(7, 0.13314968602778154)	(8, 0.13366707828993774)	(9, 0.1344088086032632)	(10, 0.13622655313679163)	(15, 0.13839070795834182)	(20, 0.14005970221650035)	(25, 0.14192110172214822)	(30, 0.1439304430777564)	(35, 0.1462692177877843)	(40, 0.1487231931186829)	(45, 0.15129883647372921)	(50, 0.15393309067097288)	(55, 0.15765912338390708)	(60, 0.1617901772270604)	(65, 0.16565485489774429)	(70, 0.17000660887772362)	(75, 0.1742573096815006)	(80, 0.17918668361665277)	(85, 0.1855930507751789)	(90, 0.19265585936631574)	(95, 0.20002869910204146)	(100, 0.20800543261875265)	(105, 0.21656301979227507)	(110, 0.22610850281635203)	(115, 0.23634801905458688)	(120, 0.2482262135981196)	(125, 0.2618655628965074)	(130, 0.27953087073479804)	(135, 0.30168172695836004)	(140, 0.31797796636546083)
NG-A0611_IMR32_libLAB6079_1 - illumina_universal_adapter	(1, 0.0027069911710002168)	(2, 0.00276154665525262)	(3, 0.0033850379038515184)	(4, 0.004593052198011884)	(5, 0.005247718009040727)	(6, 0.005689357643464947)	(7, 0.0061699654809265975)	(8, 0.006551853870693423)	(9, 0.0068428164533729085)	(10, 0.008327245201078786)	(15, 0.010116665084557625)	(20, 0.011444181868032779)	(25, 0.012458913875127483)	(30, 0.013832672926207056)	(35, 0.01541997772993175)	(40, 0.017421384637934214)	(45, 0.020072781172601032)	(50, 0.02373942929040305)	(55, 0.028765288330150667)	(60, 0.0354802890775608)	(65, 0.04465859983297708)	(70, 0.05723026170889287)	(75, 0.0753187819828279)	(80, 0.1005712167031643)	(85, 0.1375177493670135)	(90, 0.1910481100915124)	(95, 0.26830179324915887)	(100, 0.3776938523918761)	(105, 0.5315247307024393)	(110, 0.7449982622779325)	(115, 1.0303769612501747)	(120, 1.405098838690396)	(125, 1.8737860430548765)	(130, 2.4530941038978544)	(135, 3.1338582194409663)	(140, 3.5919850407823026)
NG-A0611_IMR32_libLAB6079_1 - polya	(1, 0.023310779056991308)	(2, 0.03148890593444686)	(3, 0.036565163850122887)	(4, 0.043782075052655134)	(5, 0.048149111673049916)	(6, 0.052090095940235455)	(7, 0.05815354833285974)	(8, 0.06724093328118869)	(9, 0.08198390343035013)	(10, 0.10719061545912259)	(15, 0.1402361712109047)	(20, 0.17568840318227857)	(25, 0.2192444626573166)	(30, 0.2579980807900216)	(35, 0.29022218682177464)	(40, 0.32025783857094564)	(45, 0.3513040657188872)	(50, 0.38050527834701664)	(55, 0.4116465879103696)	(60, 0.43801403281361695)	(65, 0.4666317615482659)	(70, 0.4996092528387427)	(75, 0.5317876361789318)	(80, 0.5595376729259472)	(85, 0.5888978758224693)	(90, 0.6187438823168582)	(95, 0.6516096647586276)	(100, 0.6809038814980063)	(105, 0.7098432278017242)	(110, 0.737736147959877)	(115, 0.7626472212216053)	(120, 0.7871073024801806)	(125, 0.8128460603744241)	(130, 0.8416762957096372)	(135, 0.8705766738103176)	(140, 0.8855342288642052)
NG-A0611_IMR32_libLAB6079_1 - polyg	(1, 0.0)	(2, 0.0)	(3, 0.00048060783746165073)	(4, 0.0006702530922438157)	(5, 0.0007689725399386411)	(6, 0.000901464430265907)	(7, 0.0010391520809981637)	(8, 0.0011872312525404022)	(9, 0.0014833895956248787)	(10, 0.0021131157567097656)	(15, 0.0032276063635802966)	(20, 0.004380545597447759)	(25, 0.005561022361461674)	(30, 0.0068817846564103394)	(35, 0.008591709405692819)	(40, 0.010666896111446151)	(45, 0.013475724186384189)	(50, 0.01626117133949977)	(55, 0.01899102385628194)	(60, 0.022752234813454793)	(65, 0.026290028073213047)	(70, 0.054455725652627775)	(75, 0.14479597054232463)	(80, 0.1547203924918976)	(85, 0.16044456173007599)	(90, 0.16563356764654033)	(95, 0.17031442819539652)	(100, 0.17493709622771686)	(105, 0.18038692931651173)	(110, 0.1859614606550264)	(115, 0.19221299957431137)	(120, 0.1991602508118246)	(125, 0.20737838504439857)	(130, 0.2171432971495383)	(135, 0.22929618073681182)	(140, 0.23797621806938948)
NG-A0611_IMR32_libLAB6079_2 - illumina_universal_adapter	(1, 0.0027485572542401433)	(2, 0.0028083084988975377)	(3, 0.0034473870287114084)	(4, 0.004665792843681756)	(5, 0.0053282522953180846)	(6, 0.005764696169337314)	(7, 0.006250499767203955)	(8, 0.0066297902767682845)	(9, 0.006912959218840284)	(10, 0.008390113901979175)	(15, 0.010190964458348991)	(20, 0.011529911914715125)	(25, 0.012593484069616748)	(30, 0.014034788005961201)	(35, 0.01571613607301623)	(40, 0.017786127018364573)	(45, 0.02056014349858917)	(50, 0.024395134253512897)	(55, 0.02958102271373423)	(60, 0.036450337545172594)	(65, 0.04580686288248006)	(70, 0.05863363659428089)	(75, 0.07695804439060251)	(80, 0.10261315054232567)	(85, 0.13999041174374863)	(90, 0.19387876036015142)	(95, 0.2719559715419889)	(100, 0.3821289534735763)	(105, 0.5365459135578223)	(110, 0.7503758742970981)	(115, 1.0360855432071383)	(120, 1.4112371100328525)	(125, 1.8798453388391767)	(130, 2.4583496155475024)	(135, 3.1357972772241087)	(140, 3.590548413030323)
NG-A0611_IMR32_libLAB6079_2 - polya	(1, 0.02028165074088166)	(2, 0.024485020908519235)	(3, 0.02667763179942536)	(4, 0.031353816163917095)	(5, 0.03507398061389052)	(6, 0.03811609833101265)	(7, 0.04154270231810409)	(8, 0.05030275436091861)	(9, 0.06215168596450017)	(10, 0.08048180909726729)	(15, 0.1164666065101527)	(20, 0.147423986155169)	(25, 0.17693590525551686)	(30, 0.20296406700431832)	(35, 0.22857241131239664)	(40, 0.25538617203443276)	(45, 0.2843301945225151)	(50, 0.3151124770418832)	(55, 0.3516610144587101)	(60, 0.3788727704277685)	(65, 0.40939370619876553)	(70, 0.4431126324990345)	(75, 0.4776592434318184)	(80, 0.5087288515015825)	(85, 0.5498512168029229)	(90, 0.5805654348609857)	(95, 0.6100903433623459)	(100, 0.6351422217310497)	(105, 0.6609843752573525)	(110, 0.6874016994604879)	(115, 0.7129549687082732)	(120, 0.7389763759685481)	(125, 0.7692577871848751)	(130, 0.7997527441538475)	(135, 0.8298382752029061)	(140, 0.8452359111630964)
NG-A0611_IMR32_libLAB6079_2 - polyg	(1, 0.15090566520255333)	(2, 0.15242022936060817)	(3, 0.15258909157377037)	(4, 0.15293720752090476)	(5, 0.15309567821325698)	(6, 0.15326454042641918)	(7, 0.15350874116545374)	(8, 0.15394258715927048)	(9, 0.15469077665758915)	(10, 0.15645421773904303)	(15, 0.15849147539383993)	(20, 0.1600304596257982)	(25, 0.1617492171677692)	(30, 0.16374542831536665)	(35, 0.1660393565341701)	(40, 0.1684818835005563)	(45, 0.17126369362138838)	(50, 0.17399250698608956)	(55, 0.17711567856552954)	(60, 0.1809901570995312)	(65, 0.18507090732161097)	(70, 0.18945560952738272)	(75, 0.19379614776971205)	(80, 0.20114503128653105)	(85, 0.2096078858341801)	(90, 0.2189592154110826)	(95, 0.2282985947390536)	(100, 0.23774344800324593)	(105, 0.2484347641885955)	(110, 0.2606479185965669)	(115, 0.27438914613964616)	(120, 0.29087217644843905)	(125, 0.3108129853067533)	(130, 0.3373934563866053)	(135, 0.37164131109610227)	(140, 0.39741851761734276)
NG-A0611_KELLY_libLAB6075_1 - illumina_universal_adapter	(1, 0.0023143179431190115)	(2, 0.0023430260855431977)	(3, 0.0025550246757525727)	(4, 0.0028995223848428077)	(5, 0.0031115209750521827)	(6, 0.0032616866431171565)	(7, 0.003361060982277801)	(8, 0.003495768419806675)	(9, 0.00361060098950342)	(10, 0.004125139234490757)	(15, 0.004737726827449931)	(20, 0.005192640468940882)	(25, 0.0056272375788701005)	(30, 0.006298124784136852)	(35, 0.006986236874858115)	(40, 0.007813914704133885)	(45, 0.00895252379905007)	(50, 0.010609204448790415)	(55, 0.012659849145336516)	(60, 0.015160549182347938)	(65, 0.01834273635413658)	(70, 0.022461250632683293)	(75, 0.028479360612251925)	(80, 0.03637586643382155)	(85, 0.04796688935351913)	(90, 0.06442460490971068)	(95, 0.0887395182155372)	(100, 0.12287791619519065)	(105, 0.17135227717402346)	(110, 0.2379454509960842)	(115, 0.3276190879997315)	(120, 0.4458931014775419)	(125, 0.5949241354211662)	(130, 0.7808053826442054)	(135, 1.0017238135366402)	(140, 1.1523536701814265)
NG-A0611_KELLY_libLAB6075_1 - polya	(1, 0.21018776891800336)	(2, 0.2176231778058676)	(3, 0.2226360611368601)	(4, 0.22965630611889765)	(5, 0.23485027157902733)	(6, 0.23977261384545126)	(7, 0.24738689654380466)	(8, 0.25773286940975176)	(9, 0.27334126561391703)	(10, 0.2991600439190413)	(15, 0.33282586170801964)	(20, 0.367848470474338)	(25, 0.41133379796357683)	(30, 0.45035037183669396)	(35, 0.48321633661136154)	(40, 0.5137560585222108)	(45, 0.544756435703036)	(50, 0.573668185106569)	(55, 0.6042949147721501)	(60, 0.6303482165176935)	(65, 0.6579137748733972)	(70, 0.6902696180403733)	(75, 0.7216193512313144)	(80, 0.749002502466692)	(85, 0.7779248517997355)	(90, 0.8076267376155283)	(95, 0.8386090065834395)	(100, 0.8664603213721962)	(105, 0.895418003803608)	(110, 0.9229539706894283)	(115, 0.9483032604499847)	(120, 0.972604923843923)	(125, 0.9974524836076506)	(130, 1.0250100920162215)	(135, 1.0523380352853988)	(140, 1.06683873885572)
NG-A0611_KELLY_libLAB6075_1 - polyg	(1, 0.0)	(2, 0.0)	(3, 0.0006602872757562829)	(4, 0.0009451603813501307)	(5, 0.0011129925985992194)	(6, 0.0013073246396244798)	(7, 0.0015171149111858407)	(8, 0.0018108212913717457)	(9, 0.0022392351090865245)	(10, 0.0031967620748655353)	(15, 0.0046922354633008355)	(20, 0.006189475506654547)	(25, 0.007691573851033889)	(30, 0.009514320063104913)	(35, 0.012043286578810918)	(40, 0.014505561871346889)	(45, 0.0177751984615969)	(50, 0.02075996194625306)	(55, 0.023589701461818612)	(60, 0.027099603120972583)	(65, 0.030534863609823666)	(70, 0.054388679981944785)	(75, 0.12262925951542422)	(80, 0.12932090668263724)	(85, 0.1340484752443063)	(90, 0.1384121128927826)	(95, 0.14270199269841521)	(100, 0.14736066171826626)	(105, 0.15292474138380313)	(110, 0.15857627046780137)	(115, 0.164836853834922)	(120, 0.17252180273001183)	(125, 0.1810693208890161)	(130, 0.1912311199797188)	(135, 0.2032766148771777)	(140, 0.21151055178816394)
NG-A0611_KELLY_libLAB6075_2 - illumina_universal_adapter	(1, 0.0023408177668951835)	(2, 0.0023761508652634126)	(3, 0.0025793161808807304)	(4, 0.0029392721205070654)	(5, 0.003155687348012469)	(6, 0.0033080613347254576)	(7, 0.0034052273552380875)	(8, 0.003542143111414976)	(9, 0.0036569756811117207)	(10, 0.00417946387323191)	(15, 0.00480088474078314)	(20, 0.005252706736166872)	(25, 0.005726170254301143)	(30, 0.006465073673926736)	(35, 0.00724902679397182)	(40, 0.008224220308934946)	(45, 0.009511228416997693)	(50, 0.011330441319231893)	(55, 0.013590876287339354)	(60, 0.016246600293441382)	(65, 0.019677444144996437)	(70, 0.02403843181109512)	(75, 0.030230115636397686)	(80, 0.038348336650227945)	(85, 0.05015930810726775)	(90, 0.06680649740345893)	(95, 0.09133517595441323)	(100, 0.12548726550968436)	(105, 0.17381499413028903)	(110, 0.2401511196617209)	(115, 0.32960436646429636)	(120, 0.44718540955035985)	(125, 0.594885269012961)	(130, 0.7792317347756305)	(135, 0.9974352587221962)	(140, 1.1455984234371508)
NG-A0611_KELLY_libLAB6075_2 - polya	(1, 0.06674643113623295)	(2, 0.07088261196396377)	(3, 0.073230054686803)	(4, 0.07799118969192188)	(5, 0.08156204094576104)	(6, 0.08485022741265437)	(7, 0.08867061867371916)	(8, 0.09790359894106704)	(9, 0.1102768083258913)	(10, 0.12989904450468737)	(15, 0.1672240462934255)	(20, 0.1987676698616621)	(25, 0.22754912846496236)	(30, 0.2536059635203426)	(35, 0.27951793287241306)	(40, 0.30773450356555127)	(45, 0.33744080601864)	(50, 0.3693470355088805)	(55, 0.40560276940825)	(60, 0.4330729283983595)	(65, 0.46468589317214376)	(70, 0.49897180683748454)	(75, 0.5347372939969949)	(80, 0.5662932841496604)	(85, 0.6088467011694372)	(90, 0.6413911347489538)	(95, 0.672610577139662)	(100, 0.6985044382788188)	(105, 0.7248364298377417)	(110, 0.7519748993669193)	(115, 0.7790824524350246)	(120, 0.8063189713121741)	(125, 0.8382848254059111)	(130, 0.8709626414317679)	(135, 0.9038780725441511)	(140, 0.9211868741072872)
NG-A0611_KELLY_libLAB6075_2 - polyg	(1, 0.1320751217004407)	(2, 0.13388152635451642)	(3, 0.1341575661855182)	(4, 0.13455064690486476)	(5, 0.13474497894589002)	(6, 0.13498126904122754)	(7, 0.13531251683842968)	(8, 0.13591097119204157)	(9, 0.13669713263073469)	(10, 0.13859407834937895)	(15, 0.14092650450541172)	(20, 0.14272230922997697)	(25, 0.14455256372545122)	(30, 0.14666813299024895)	(35, 0.1490862419098246)	(40, 0.15207012206702158)	(45, 0.1549683194606756)	(50, 0.15792525813036679)	(55, 0.16195853130910015)	(60, 0.1663773769237768)	(65, 0.17054403254885023)	(70, 0.17486615380674386)	(75, 0.17942412349624542)	(80, 0.18502353626015053)	(85, 0.1917377082775733)	(90, 0.19898496841662666)	(95, 0.20700867339232198)	(100, 0.21528412669389083)	(105, 0.22500205373634263)	(110, 0.23600698888685723)	(115, 0.24849679749629666)	(120, 0.2632161246127714)	(125, 0.2809131485942285)	(130, 0.30349629841628223)	(135, 0.3317614521196767)	(140, 0.3523526985212215)
NG-A0611_LAN1_libLAB6085_1 - illumina_universal_adapter	(1, 0.002059884906463497)	(2, 0.00212742211651148)	(3, 0.0026267150622233584)	(4, 0.003372036415967176)	(5, 0.003871329361679054)	(6, 0.004211427455134971)	(7, 0.004520168986782896)	(8, 0.004812026215918824)	(9, 0.005004989673198778)	(10, 0.006083655399393714)	(15, 0.007332128967995008)	(20, 0.008249670207361184)	(25, 0.009011875863616996)	(30, 0.010350559848496671)	(35, 0.011940578736483482)	(40, 0.01394932832676779)	(45, 0.01663730928667754)	(50, 0.020441583846951807)	(55, 0.025266635096237028)	(60, 0.03184475935491062)	(65, 0.040885097328476415)	(70, 0.05331869769831017)	(75, 0.07160825658794731)	(80, 0.09771138827149292)	(85, 0.13751347819598558)	(90, 0.1964773218370208)	(95, 0.2837460102091659)	(100, 0.41022053142280857)	(105, 0.5929955181583799)	(110, 0.8488380476275783)	(115, 1.1889679800539463)	(120, 1.6334636455761065)	(125, 2.1822932052236075)	(130, 2.8460440814887575)	(135, 3.6222270457726444)	(140, 4.1406243385725245)
NG-A0611_LAN1_libLAB6085_1 - polya	(1, 0.014361305308060492)	(2, 0.021464772579178757)	(3, 0.026161020720729608)	(4, 0.032552935243128044)	(5, 0.036991094760566966)	(6, 0.040925137245862)	(7, 0.04688288398938054)	(8, 0.055411868801154465)	(9, 0.06926182094742307)	(10, 0.09258676125478058)	(15, 0.1227474320362804)	(20, 0.1563771033710306)	(25, 0.19852321689283148)	(30, 0.23553602004234248)	(35, 0.2652364729782296)	(40, 0.2937530951037042)	(45, 0.3229711393963915)	(50, 0.34999711881437845)	(55, 0.3795557436091649)	(60, 0.4044422406945604)	(65, 0.43066645694754924)	(70, 0.46053961217770195)	(75, 0.4902183567246451)	(80, 0.5164676582270802)	(85, 0.5440426186810287)	(90, 0.5717695378575851)	(95, 0.6029210759922174)	(100, 0.6317517461444153)	(105, 0.6602833229378291)	(110, 0.6875418233218384)	(115, 0.71194832380725)	(120, 0.735488900778118)	(125, 0.7595697754293697)	(130, 0.7869170390037278)	(135, 0.8148668309734424)	(140, 0.8294075922967734)
NG-A0611_LAN1_libLAB6085_1 - polyg	(1, 0.0)	(2, 0.0)	(3, 0.000593362631135855)	(4, 0.0008828078170557844)	(5, 0.0010468267557437443)	(6, 0.0011481325708157194)	(7, 0.0012663226883996906)	(8, 0.0015437076582396228)	(9, 0.0017945601527035615)	(10, 0.002528786107653782)	(15, 0.003736254941583087)	(20, 0.004946618227371591)	(25, 0.006122248090849704)	(30, 0.0073610734865870026)	(35, 0.009027795348842595)	(40, 0.010971902180938119)	(45, 0.013404688968595124)	(50, 0.015765114459772148)	(55, 0.018100937110145977)	(60, 0.02075177260452933)	(65, 0.02352803434614465)	(70, 0.05207118894699527)	(75, 0.13575172183101963)	(80, 0.14352477229889932)	(85, 0.14843424506074454)	(90, 0.15280004328170346)	(95, 0.15691016492176646)	(100, 0.1612118027931798)	(105, 0.16635138447783135)	(110, 0.1717804113484028)	(115, 0.17787082046880137)	(120, 0.18485706243962205)	(125, 0.1929571859675913)	(130, 0.20240371201873136)	(135, 0.21416097547079888)	(140, 0.22245550968197764)
NG-A0611_LAN1_libLAB6085_2 - illumina_universal_adapter	(1, 0.00212742211651148)	(2, 0.0021949593265594637)	(3, 0.0026870161426233437)	(4, 0.0034202772802871644)	(5, 0.003926806355647041)	(6, 0.004259668319454959)	(7, 0.004551525548590888)	(8, 0.004843382777726816)	(9, 0.00503393419179077)	(10, 0.00609716284140331)	(15, 0.0073644503470894004)	(20, 0.008288262898817175)	(25, 0.009095332558890579)	(30, 0.010508789883466232)	(35, 0.01218805437044502)	(40, 0.014265305988063715)	(45, 0.017051698311186234)	(50, 0.02095341941738688)	(55, 0.02587254035209608)	(60, 0.03258670384815204)	(65, 0.04180890988020419)	(70, 0.05446924231234189)	(75, 0.07297347304820298)	(80, 0.09921698564691976)	(85, 0.13928150587331317)	(90, 0.19858158833865866)	(95, 0.2862559823797348)	(100, 0.41314103334874064)	(105, 0.5960732853019952)	(110, 0.8518608201858686)	(115, 1.1919777275788703)	(120, 1.6361453552236545)	(125, 2.18379204887803)	(130, 2.8439576641069175)	(135, 3.6144983768999395)	(140, 4.127857393830239)
NG-A0611_LAN1_libLAB6085_2 - polya	(1, 0.01739565567378775)	(2, 0.021679444425402702)	(3, 0.02401912634492213)	(4, 0.028428341343769054)	(5, 0.03184861862405622)	(6, 0.03491191350837547)	(7, 0.03843590864695061)	(8, 0.04669233257531659)	(9, 0.05763336060308992)	(10, 0.07511826187586965)	(15, 0.10998096970263874)	(20, 0.1404841506208105)	(25, 0.16938380520898583)	(30, 0.19509522107425312)	(35, 0.21997110516949822)	(40, 0.2456627422803944)	(45, 0.2738870247680899)	(50, 0.3044196326134968)	(55, 0.3400088478569249)	(60, 0.3675736777293662)	(65, 0.3991492530613713)	(70, 0.4327191057243647)	(75, 0.4679701525089097)	(80, 0.499510029601318)	(85, 0.5404144232755224)	(90, 0.5710473721187148)	(95, 0.6012929468214179)	(100, 0.62660106906097)	(105, 0.6521634206554887)	(110, 0.6790755516336804)	(115, 0.7059351000697636)	(120, 0.7326687398499714)	(125, 0.7627474011621272)	(130, 0.7935356855884301)	(135, 0.8239544449940418)	(140, 0.839323501957747)
NG-A0611_LAN1_libLAB6085_2 - polyg	(1, 0.15705536992336963)	(2, 0.15865696661879325)	(3, 0.15888128663788118)	(4, 0.1592213847313371)	(5, 0.15939746388610507)	(6, 0.159616959818761)	(7, 0.15985575209714495)	(8, 0.16027303557351283)	(9, 0.16092911132826468)	(10, 0.16264407405484027)	(15, 0.16465427087105416)	(20, 0.1661449135785418)	(25, 0.16758152651799105)	(30, 0.1693929709732066)	(35, 0.17134093707444775)	(40, 0.17376504050652716)	(45, 0.1767675519018032)	(50, 0.18062247936961345)	(55, 0.1850712518772028)	(60, 0.18982683628186722)	(65, 0.19417044370523898)	(70, 0.19867372838950986)	(75, 0.2032537160480495)	(80, 0.20855683426274588)	(85, 0.21506645649408504)	(90, 0.22294853131532794)	(95, 0.23195703031844253)	(100, 0.2419414420067505)	(105, 0.25348065675209164)	(110, 0.2669345514022932)	(115, 0.2827995244512077)	(120, 0.3028546989749564)	(125, 0.3286847873664509)	(130, 0.36450218189811256)	(135, 0.4141126043561452)	(140, 0.45202413480793757)
NG-A0611_LAN2_libLAB6083_1 - illumina_universal_adapter	(1, 0.00226608091014854)	(2, 0.002293116582612351)	(3, 0.002504486385511239)	(4, 0.002885443588410397)	(5, 0.003123849063773096)	(6, 0.0033057254058023715)	(7, 0.0034384459797156264)	(8, 0.0036498157826145143)	(9, 0.003755500684063958)	(10, 0.004452529475949127)	(15, 0.005217884785515565)	(20, 0.005751224869574386)	(25, 0.006185761859720007)	(30, 0.006936370438851638)	(35, 0.0077145062481282405)	(40, 0.008661246342042793)	(45, 0.009938804755378164)	(50, 0.011791485655670971)	(55, 0.014149487852196468)	(60, 0.0174099899513321)	(65, 0.02200752894322349)	(70, 0.028253260840045043)	(75, 0.037793903873683435)	(80, 0.05147149635196611)	(85, 0.07232091539837616)	(90, 0.10356383005523757)	(95, 0.1511146623422699)	(100, 0.2207374176287577)	(105, 0.3239615813263136)	(110, 0.4717936214737956)	(115, 0.6743842041871619)	(120, 0.9511272462189077)	(125, 1.3042873538061373)	(130, 1.753790309112361)	(135, 2.2926191262390168)	(140, 2.663849385743377)
NG-A0611_LAN2_libLAB6083_1 - polya	(1, 0.05997003710154488)	(2, 0.06635045580300433)	(3, 0.07102025377402627)	(4, 0.07741541920592052)	(5, 0.08176324689578252)	(6, 0.08593902939723845)	(7, 0.09273235655087247)	(8, 0.10206457912769894)	(9, 0.11565369122337278)	(10, 0.14007575149645518)	(15, 0.17073272939737363)	(20, 0.2026987254032217)	(25, 0.2415312906571966)	(30, 0.2770630460821808)	(35, 0.30747916071933074)	(40, 0.33626281229734767)	(45, 0.36565009670782933)	(50, 0.3929354804736699)	(55, 0.4220238978140062)	(60, 0.4486707481520196)	(65, 0.47541541846858404)	(70, 0.5060940249074736)	(75, 0.5356631856599843)	(80, 0.5621104635794468)	(85, 0.5900835365412307)	(90, 0.6195430799308428)	(95, 0.6495772542497311)	(100, 0.6774780682323843)	(105, 0.7053469309657622)	(110, 0.7319746105542104)	(115, 0.7561100926991764)	(120, 0.7794153339206629)	(125, 0.8035547485270781)	(130, 0.8294745850546557)	(135, 0.8554892922146973)	(140, 0.8698236057550098)
NG-A0611_LAN2_libLAB6083_1 - polyg	(1, 0.0)	(2, 0.0)	(3, 0.0007889500782621273)	(4, 0.0010863424753640508)	(5, 0.0012264364144947088)	(6, 0.0013960238144949792)	(7, 0.0015410333304372392)	(8, 0.0018236789971043566)	(9, 0.0021702271623223004)	(10, 0.002902648107251004)	(15, 0.004083369657397815)	(20, 0.005161847209863302)	(25, 0.006306685049285417)	(30, 0.007767102920012382)	(35, 0.01014575053914661)	(40, 0.012441324910164761)	(45, 0.01545064103422753)	(50, 0.018245638009304448)	(55, 0.02094134033278701)	(60, 0.02399932066728464)	(65, 0.02728390909279712)	(70, 0.04845726465109175)	(75, 0.11916537929758128)	(80, 0.1272873868633913)	(85, 0.13226932396194999)	(90, 0.13683589481992828)	(95, 0.1413257826796456)	(100, 0.14611650384023292)	(105, 0.15152118054458935)	(110, 0.15690668649938058)	(115, 0.16299561149591205)	(120, 0.1696218090379516)	(125, 0.17722571480781876)	(130, 0.1859901882629052)	(135, 0.19640285462292179)	(140, 0.20359336038293327)
NG-A0611_LAN2_libLAB6083_2 - illumina_universal_adapter	(1, 0.0023103211014529586)	(2, 0.0023373567739167697)	(3, 0.0025511843652214583)	(4, 0.0029395149333380196)	(5, 0.003170547043483315)	(6, 0.003357338962324193)	(7, 0.0034876017478316468)	(8, 0.0036989715507305346)	(9, 0.0037972830869625754)	(10, 0.00448300605218106)	(15, 0.005246395131022856)	(20, 0.00576203913855991)	(25, 0.006202966378560613)	(30, 0.007028291725228596)	(35, 0.007876720282911108)	(40, 0.008879989510159083)	(45, 0.010252418555958374)	(50, 0.012214716819149906)	(55, 0.014667589648139325)	(60, 0.01802836951423164)	(65, 0.02277337581047109)	(70, 0.029177880838307392)	(75, 0.03886599117629384)	(80, 0.05266696463254773)	(85, 0.07362256013808839)	(90, 0.10485220273755846)	(95, 0.15239615321705452)	(100, 0.22176575629774486)	(105, 0.32448410714138687)	(110, 0.4715960152859692)	(115, 0.6728176098573047)	(120, 0.947271467767887)	(125, 1.2975874226119237)	(130, 1.7426142536735025)	(135, 2.274134099638988)	(140, 2.6396008453317443)
NG-A0611_LAN2_libLAB6083_2 - polya	(1, 0.043731429104417546)	(2, 0.04848724966964252)	(3, 0.051252261626168666)	(4, 0.0566544805421193)	(5, 0.060990019289952305)	(6, 0.0648561204522773)	(7, 0.06918920141170451)	(8, 0.07984371415085192)	(9, 0.09404973113638182)	(10, 0.11610838207844595)	(15, 0.15752703229300474)	(20, 0.192939339201467)	(25, 0.22576654426470774)	(30, 0.2547949915679424)	(35, 0.2827321808190014)	(40, 0.31315517726368763)	(45, 0.34759321684809036)	(50, 0.38454704864467104)	(55, 0.4271847619085071)	(60, 0.45982812439899395)	(65, 0.4978506025944169)	(70, 0.5398296285654982)	(75, 0.583018377989915)	(80, 0.6211313027986715)	(85, 0.6732826234236822)	(90, 0.7123609675182372)	(95, 0.7513793415756906)	(100, 0.7824300571792183)	(105, 0.8145287737589797)	(110, 0.8478037878697574)	(115, 0.8808939762924186)	(120, 0.9145627281058057)	(125, 0.9526653302032578)	(130, 0.9928133038120175)	(135, 1.0339276798219381)	(140, 1.0545018265668984)
NG-A0611_LAN2_libLAB6083_2 - polyg	(1, 0.13095588183788992)	(2, 0.13245267497702276)	(3, 0.13264192468426944)	(4, 0.13299093063789316)	(5, 0.13312119342340062)	(6, 0.1332858652465893)	(7, 0.13359800437412603)	(8, 0.134030575133547)	(9, 0.13474824934804092)	(10, 0.13662157567094244)	(15, 0.13885373910109094)	(20, 0.1406130240419633)	(25, 0.14242097319327054)	(30, 0.14438966170631712)	(35, 0.1465913485602337)	(40, 0.14883383470168657)	(45, 0.15128916531908176)	(50, 0.15362013184314344)	(55, 0.15618065580430693)	(60, 0.15902431698981873)	(65, 0.16206116034402648)	(70, 0.16541899086403183)	(75, 0.16907224755041447)	(80, 0.17533075994694616)	(85, 0.18123780860144834)	(90, 0.1877406251655167)	(95, 0.19449364458929558)	(100, 0.20134300931858187)	(105, 0.20865640449888337)	(110, 0.21670566152788173)	(115, 0.22562743344093938)	(120, 0.23603567578182555)	(125, 0.24854237786358463)	(130, 0.26441477538824765)	(135, 0.28470480179349733)	(140, 0.30017461357729014)
NG-A0611_LAN5_libLAB6087_1 - illumina_universal_adapter	(1, 0.0024266596429780574)	(2, 0.0024781082573168147)	(3, 0.0029297127609570184)	(4, 0.0037471740776728307)	(5, 0.00427595150282117)	(6, 0.0046218005214317065)	(7, 0.004879043593125494)	(8, 0.0051791605101015785)	(9, 0.005464986145316897)	(10, 0.006603143824744297)	(15, 0.00787792615780462)	(20, 0.008870884414542637)	(25, 0.009684344172365435)	(30, 0.010941405316042407)	(35, 0.012484863746205128)	(40, 0.014335298908589103)	(45, 0.017065505376165826)	(50, 0.02093158291808823)	(55, 0.026183343139534503)	(60, 0.033362711444872885)	(65, 0.043745041818434124)	(70, 0.058698867401629176)	(75, 0.08161636683319344)	(80, 0.1153072061072935)	(85, 0.16767446403763295)	(90, 0.24648402313301196)	(95, 0.36609176174775515)	(100, 0.542081465165072)	(105, 0.7947164559679177)	(110, 1.1486692029880783)	(115, 1.6162525029393593)	(120, 2.22113386172013)	(125, 2.9633550098731325)	(130, 3.8583636796792122)	(135, 4.888247750230697)	(140, 5.570278592817516)
NG-A0611_LAN5_libLAB6087_1 - polya	(1, 0.023237624143005425)	(2, 0.03081486173256353)	(3, 0.03568247230028041)	(4, 0.04264804303047773)	(5, 0.04730414262813527)	(6, 0.051497204696744)	(7, 0.05781966774770686)	(8, 0.06741483432188511)	(9, 0.08198622520516206)	(10, 0.10706856799784717)	(15, 0.13938858752545458)	(20, 0.17515509256248826)	(25, 0.21894014996985253)	(30, 0.25715275079305894)	(35, 0.2882042761515808)	(40, 0.31731275884190885)	(45, 0.34729643962726625)	(50, 0.3769377013016356)	(55, 0.40862318791906505)	(60, 0.4352044003428192)	(65, 0.4633359310119814)	(70, 0.4960646811979467)	(75, 0.5282206368109404)	(80, 0.5563464509673983)	(85, 0.5865347829075699)	(90, 0.6161577517412855)	(95, 0.6498674555073097)	(100, 0.6802867345607353)	(105, 0.7105996864778608)	(110, 0.7393657500572008)	(115, 0.7651146382312081)	(120, 0.7899054388759735)	(125, 0.8150472334007833)	(130, 0.8432239245203096)	(135, 0.872806877765095)	(140, 0.8881860118934906)
NG-A0611_LAN5_libLAB6087_1 - polyg	(1, 0.0)	(2, 0.0)	(3, 0.0006316746538258547)	(4, 0.0008889177255196417)	(5, 0.001028972286775148)	(6, 0.001209042436960799)	(7, 0.0013519552545684583)	(8, 0.0015520331992191815)	(9, 0.0018607248852517259)	(10, 0.0024958294467001645)	(15, 0.0035482394355629684)	(20, 0.004837313050384057)	(25, 0.005935455140881311)	(30, 0.0070513184207619175)	(35, 0.008752552601563494)	(40, 0.010572118595344215)	(45, 0.012842717441494709)	(50, 0.01507673060633764)	(55, 0.01713238857480621)	(60, 0.019556189961432116)	(65, 0.022267531937084632)	(70, 0.04515073229242307)	(75, 0.12179316142159953)	(80, 0.12991975588204147)	(85, 0.13471133683079106)	(90, 0.1390421668555736)	(95, 0.1431917834276296)	(100, 0.1473877037525905)	(105, 0.15217013828101317)	(110, 0.15727041091579536)	(115, 0.16301722113743455)	(120, 0.16976785098994993)	(125, 0.1776480637528363)	(130, 0.18748446716313627)	(135, 0.1998481408400101)	(140, 0.208749894423156)
NG-A0611_LAN5_libLAB6087_2 - illumina_universal_adapter	(1, 0.002463816975556049)	(2, 0.002512407333542653)	(3, 0.0029725866062393163)	(4, 0.003770040128490056)	(5, 0.004301675809990549)	(6, 0.0046560995976575445)	(7, 0.0049133426693513315)	(8, 0.00520774307362311)	(9, 0.0054878521961341225)	(10, 0.006613433547612048)	(15, 0.007898505603540123)	(20, 0.008885747347573834)	(25, 0.009705495269371369)	(30, 0.011024294750254848)	(35, 0.012644354450655277)	(40, 0.014577679047251695)	(45, 0.017396491461745166)	(50, 0.021320877433251496)	(55, 0.026652668832558058)	(60, 0.033923501341165334)	(65, 0.04445446104503854)	(70, 0.05948603120101217)	(75, 0.08250585620998352)	(80, 0.11646137002229298)	(85, 0.1689441015092594)	(90, 0.24769649547759537)	(95, 0.3672979459283638)	(100, 0.542738292474797)	(105, 0.7940762065450354)	(110, 1.1466489873983765)	(115, 1.6115300917943318)	(120, 2.212327573899146)	(125, 2.9497091223966825)	(130, 3.8374498179505068)	(135, 4.854056716094971)	(140, 5.526578711449446)
NG-A0611_LAN5_libLAB6087_2 - polya	(1, 0.019687669753631166)	(2, 0.024375210171162395)	(3, 0.027084837193003617)	(4, 0.03196959729883342)	(5, 0.035473819586573224)	(6, 0.03873223182802786)	(7, 0.042305052268219345)	(8, 0.05143146480064448)	(9, 0.06377913224194626)	(10, 0.08215429067866867)	(15, 0.11872110749430527)	(20, 0.15109429059006274)	(25, 0.1804022795737711)	(30, 0.206268927909487)	(35, 0.23113232826559718)	(40, 0.25892658468520524)	(45, 0.28880622493934427)	(50, 0.3225931016268767)	(55, 0.36188955325881955)	(60, 0.39175490223119774)	(65, 0.42590877903434665)	(70, 0.4635457270282294)	(75, 0.5024042937870223)	(80, 0.5370720850822885)	(85, 0.5833958457816352)	(90, 0.6180527757027631)	(95, 0.6511571007734013)	(100, 0.6778354939131288)	(105, 0.7052233062794606)	(110, 0.7342603325609848)	(115, 0.7628989179070189)	(120, 0.7918793507127705)	(125, 0.8243965899286765)	(130, 0.8572974071470416)	(135, 0.8892252739031333)	(140, 0.9057128398448938)
NG-A0611_LAN5_libLAB6087_2 - polyg	(1, 0.14155228758403451)	(2, 0.14318435196111398)	(3, 0.14332726477872165)	(4, 0.14364453123381066)	(5, 0.14381602661493986)	(6, 0.14396179768889966)	(7, 0.14422475727329775)	(8, 0.14469065305869871)	(9, 0.14537949283956764)	(10, 0.147107022978809)	(15, 0.14911637719437273)	(20, 0.15036943677915668)	(25, 0.15201636408926736)	(30, 0.15388795034865727)	(35, 0.15596075785523875)	(40, 0.15814046414939076)	(45, 0.1605608356283941)	(50, 0.1629949267378878)	(55, 0.16573199302070965)	(60, 0.16878175254845706)	(65, 0.1719950043395477)	(70, 0.1754712157150364)	(75, 0.1793647325179395)	(80, 0.1861233654882409)	(85, 0.19329187241944112)	(90, 0.200887402849653)	(95, 0.20893110787588248)	(100, 0.21716631607770626)	(105, 0.22637790464942556)	(110, 0.2370191930484919)	(115, 0.2497767344506924)	(120, 0.2655308718124904)	(125, 0.28602628481124)	(130, 0.31359016576886456)	(135, 0.35212403460605296)	(140, 0.3826433526318038)
NG-A0611_LAN6_libLAB6089_1 - illumina_universal_adapter	(1, 0.0025774222378265634)	(2, 0.002666211389720195)	(3, 0.003275051288419383)	(4, 0.004386184103545402)	(5, 0.005086349987049468)	(6, 0.005586106070565052)	(7, 0.0060097571667432365)	(8, 0.006443555594566408)	(9, 0.006851985693277113)	(10, 0.008570943673937821)	(15, 0.01059736580344162)	(20, 0.012053507894497177)	(25, 0.013248356195694335)	(30, 0.014889687089270895)	(35, 0.01676136241118865)	(40, 0.019128227517381743)	(45, 0.022278466626567794)	(50, 0.026495190291641924)	(55, 0.032305552391561174)	(60, 0.03974760541999425)	(65, 0.04953419942500145)	(70, 0.06329144430269186)	(75, 0.0835028994731759)	(80, 0.11166073005484886)	(85, 0.15366104310003012)	(90, 0.21462063059070405)	(95, 0.30460868971819083)	(100, 0.4325787185594442)	(105, 0.6139551685814258)	(110, 0.8646201359082862)	(115, 1.1965302214173135)	(120, 1.628869462949936)	(125, 2.1594450221376724)	(130, 2.8080660124512837)	(135, 3.56503818060373)	(140, 4.071109455968572)
NG-A0611_LAN6_libLAB6089_1 - polya	(1, 0.04476495355185781)	(2, 0.05214713732358547)	(3, 0.05661450008029076)	(4, 0.06309610816852587)	(5, 0.06722607214803536)	(6, 0.07089686937060921)	(7, 0.07680261638799134)	(8, 0.0854582902811648)	(9, 0.09942862912339992)	(10, 0.12157365833883615)	(15, 0.15212118552290338)	(20, 0.18553787072959063)	(25, 0.22589431604828403)	(30, 0.2621299299859484)	(35, 0.29178956565107944)	(40, 0.3192497671821596)	(45, 0.348757700239198)	(50, 0.3762757415606545)	(55, 0.40545946737163563)	(60, 0.43072327896815843)	(65, 0.45734835510485616)	(70, 0.4883535269461123)	(75, 0.518989335915491)	(80, 0.5459193393681205)	(85, 0.5743841267320544)	(90, 0.6030711406590133)	(95, 0.6358277419421943)	(100, 0.6647516960630636)	(105, 0.6937867634654458)	(110, 0.7217284558830804)	(115, 0.7472840032643966)	(120, 0.7715838183546457)	(125, 0.7960865800777945)	(130, 0.82314646937548)	(135, 0.8509694380128684)	(140, 0.8657348202894881)
NG-A0611_LAN6_libLAB6089_1 - polyg	(1, 0.0)	(2, 0.0)	(3, 0.0008777441872913297)	(4, 0.0011720168049959372)	(5, 0.0013115426151145012)	(6, 0.0015043419163692441)	(7, 0.001664162389777781)	(8, 0.0018950141847012233)	(9, 0.0021715289720271045)	(10, 0.002963020840336049)	(15, 0.004165479640266946)	(20, 0.005536384145504617)	(25, 0.0067408724117645116)	(30, 0.008175705106365599)	(35, 0.009992077470818175)	(40, 0.012184915839299754)	(45, 0.014881061857372656)	(50, 0.017414850569125777)	(55, 0.019890292123920232)	(60, 0.022730022884769694)	(65, 0.025841194767122544)	(70, 0.06023303854489294)	(75, 0.17289733969943097)	(80, 0.18317709402238452)	(85, 0.18966529787618885)	(90, 0.19529554483940958)	(95, 0.2004092926219005)	(100, 0.20566459568083903)	(105, 0.21179561346073986)	(110, 0.218037237155571)	(115, 0.22547573861792838)	(120, 0.23385185352428245)	(125, 0.24349993645233553)	(130, 0.25520843507090324)	(135, 0.2689702462478339)	(140, 0.2784757591662749)
NG-A0611_LAN6_libLAB6089_2 - illumina_universal_adapter	(1, 0.002607864232761523)	(2, 0.002701727050477648)	(3, 0.0033054932833543427)	(4, 0.004393794602279142)	(5, 0.005093960485783208)	(6, 0.005603863900943778)	(7, 0.0060351254958557025)	(8, 0.006466387090767628)	(9, 0.00687735402238958)	(10, 0.00862370979849175)	(15, 0.010668904491538775)	(20, 0.012125553949176582)	(25, 0.013368602075687425)	(30, 0.01508197902394339)	(35, 0.017042950864337027)	(40, 0.019543253381661692)	(45, 0.02277720797691888)	(50, 0.027116206988315093)	(55, 0.033100595825945864)	(60, 0.04071515349234371)	(65, 0.05067526686848019)	(70, 0.06465575304236029)	(75, 0.08511277363865302)	(80, 0.11360648089777503)	(85, 0.1557899532791483)	(90, 0.2167759238320992)	(95, 0.30693598023096846)	(100, 0.4347746011274193)	(105, 0.6156518024324675)	(110, 0.8651883864804055)	(115, 1.1952166493358698)	(120, 1.6246299077886603)	(125, 2.1505442901852723)	(130, 2.792334096835478)	(135, 3.5381558696098323)	(140, 4.035801815509841)
NG-A0611_LAN6_libLAB6089_2 - polya	(1, 0.03211376782347093)	(2, 0.036926139856105766)	(3, 0.039622793240760915)	(4, 0.0449983421796925)	(5, 0.04898624351617218)	(6, 0.052449020440023815)	(7, 0.056561226589154585)	(8, 0.0661885074873355)	(9, 0.07897414536001844)	(10, 0.09905875888494017)	(15, 0.13937106331097793)	(20, 0.17419822761631823)	(25, 0.2069842561612695)	(30, 0.23489702868371606)	(35, 0.2628087864729981)	(40, 0.2931721395877089)	(45, 0.3269323119705788)	(50, 0.3634855373887314)	(55, 0.4064873920672728)	(60, 0.43873611940162194)	(65, 0.47549330618583874)	(70, 0.5162252027753966)	(75, 0.5595659783308806)	(80, 0.5980482114947451)	(85, 0.6513693950896554)	(90, 0.6900763916494563)	(95, 0.7276184745364128)	(100, 0.7581487512566836)	(105, 0.7896511423485442)	(110, 0.822804504299044)	(115, 0.8555484214176685)	(120, 0.8881994904517414)	(125, 0.9261342750733588)	(130, 0.964994496340999)	(135, 1.0043539663255725)	(140, 1.0240991516069695)
NG-A0611_LAN6_libLAB6089_2 - polyg	(1, 0.18111718569845225)	(2, 0.18265196960975646)	(3, 0.182811790083165)	(4, 0.18316187302491702)	(5, 0.18332423033123682)	(6, 0.18350180863502408)	(7, 0.18377071292361621)	(8, 0.1842374901792856)	(9, 0.18496302439190213)	(10, 0.18711425870063925)	(15, 0.18940907775215293)	(20, 0.1909722741920631)	(25, 0.19266992277626932)	(30, 0.19457660639236232)	(35, 0.19687751384286298)	(40, 0.1994275382852481)	(45, 0.20386801061309417)	(50, 0.20963473918693998)	(55, 0.21502652385650353)	(60, 0.22049796507948022)	(65, 0.22544834082248685)	(70, 0.23036878193714086)	(75, 0.23578136863657662)	(80, 0.24201030816685157)	(85, 0.24930015122060983)	(90, 0.25770417128898765)	(95, 0.267550127184118)	(100, 0.27905720126953265)	(105, 0.29257598385356587)	(110, 0.30858593635644327)	(115, 0.32796429559887397)	(120, 0.3531195307467954)	(125, 0.38568688429479725)	(130, 0.4310094337205471)	(135, 0.4939233972860454)	(140, 0.5428898535055099)
NG-A0611_LS_libLAB6078_1 - illumina_universal_adapter	(1, 0.002444929635421525)	(2, 0.0025094658491483877)	(3, 0.0030828452864908977)	(4, 0.004060817140659508)	(5, 0.004681357657263956)	(6, 0.005043753318960953)	(7, 0.005406148980657951)	(8, 0.005704008428628085)	(9, 0.00596959976973479)	(10, 0.00727819561115025)	(15, 0.008871247225377188)	(20, 0.009998148803530865)	(25, 0.010947824010142312)	(30, 0.01230060233634001)	(35, 0.013902589734006052)	(40, 0.015739389663155218)	(45, 0.01823495540473167)	(50, 0.021685657109465684)	(55, 0.026200213475866357)	(60, 0.0324398724784274)	(65, 0.041013260255834454)	(70, 0.052815940881651056)	(75, 0.07024469004721023)	(80, 0.09510503243962426)	(85, 0.13180826648333083)	(90, 0.18406125300831838)	(95, 0.25897290417280733)	(100, 0.36303754880737327)	(105, 0.5059435618896581)	(110, 0.6964777971347808)	(115, 0.9419770291786591)	(120, 1.2572652263143533)	(125, 1.6454326803145534)	(130, 2.1223463639726288)	(135, 2.6840765183050266)	(140, 3.0653063293295895)
NG-A0611_LS_libLAB6078_1 - polya	(1, 0.0275395881269054)	(2, 0.036475371566009454)	(3, 0.042181862156703956)	(4, 0.04980954618680583)	(5, 0.05534973191905034)	(6, 0.059906981472993406)	(7, 0.06668328391431398)	(8, 0.07799697861304627)	(9, 0.0936693499004082)	(10, 0.12098455057650945)	(15, 0.15675052022393668)	(20, 0.1964397952335439)	(25, 0.24367980724919405)	(30, 0.2854481412056328)	(35, 0.32121609658271316)	(40, 0.35284479849783523)	(45, 0.3855959340993914)	(50, 0.41671479992607124)	(55, 0.4523318398495134)	(60, 0.4818303502792357)	(65, 0.5110543335844123)	(70, 0.545590143711723)	(75, 0.5792432970082153)	(80, 0.6083794117762407)	(85, 0.6397633725116139)	(90, 0.6715876687975697)	(95, 0.7074688107648788)	(100, 0.7392921141860079)	(105, 0.7709580485321262)	(110, 0.801570553297257)	(115, 0.8287164705204285)	(120, 0.8550189490734313)	(125, 0.8830773090722179)	(130, 0.9142304287354144)	(135, 0.9446532963186707)	(140, 0.9606041661898848)
NG-A0611_LS_libLAB6078_1 - polyg	(1, 0.0)	(2, 0.0)	(3, 0.0006627372717335504)	(4, 0.00097797185416861)	(5, 0.001087186985090993)	(6, 0.0012088129263454646)	(7, 0.0013329210296663542)	(8, 0.001501708050182764)	(9, 0.0017697815533558856)	(10, 0.0023779112596282446)	(15, 0.003663174777619377)	(20, 0.004830783813662307)	(25, 0.006093211440642395)	(30, 0.007534354736404567)	(35, 0.009273357480136869)	(40, 0.011346955670422293)	(45, 0.01432902517701663)	(50, 0.01729520884638589)	(55, 0.020208770679947096)	(60, 0.02405264685600169)	(65, 0.027729721741193)	(70, 0.05706987023107787)	(75, 0.15063298359504343)	(80, 0.16028611187134217)	(85, 0.16592210905935043)	(90, 0.17088345459770632)	(95, 0.17551119755433564)	(100, 0.18037325661003478)	(105, 0.18603804687801354)	(110, 0.1920046680532686)	(115, 0.19841609267082574)	(120, 0.2054192647250169)	(125, 0.21376379715990024)	(130, 0.22378676758409527)	(135, 0.23582872863311458)	(140, 0.24447807056975399)
NG-A0611_LS_libLAB6078_2 - illumina_universal_adapter	(1, 0.002472233418152121)	(2, 0.0025342874698125657)	(3, 0.0030977382588894043)	(4, 0.004060817140659508)	(5, 0.004683839819330373)	(6, 0.005048717643093789)	(7, 0.005406148980657951)	(8, 0.005718901401026592)	(9, 0.00599193922833255)	(10, 0.0073050029614675615)	(15, 0.008886140197775696)	(20, 0.00998623442561206)	(25, 0.010961227685300967)	(30, 0.012345281253535529)	(35, 0.01400137978424948)	(40, 0.015876901441634762)	(45, 0.0184121817762739)	(50, 0.021919476776122236)	(55, 0.02648764784315754)	(60, 0.032741206953290525)	(65, 0.04142927061816608)	(70, 0.05325429070258044)	(75, 0.07070984721845693)	(80, 0.09560345058256095)	(85, 0.13216271922641534)	(90, 0.1839495557153296)	(95, 0.2582525807411329)	(100, 0.36116103428516144)	(105, 0.5021205358749613)	(110, 0.6896071725349363)	(115, 0.9305446871331519)	(120, 1.2400231357361886)	(125, 1.6195759980686795)	(130, 2.0847063619650563)	(135, 2.6293746306853114)	(140, 2.997937968684944)
NG-A0611_LS_libLAB6078_2 - polya	(1, 0.02103135918875795)	(2, 0.02531805307746148)	(3, 0.027566891909635998)	(4, 0.032300374970294726)	(5, 0.035810152132209484)	(6, 0.03882846120497352)	(7, 0.042345684853087526)	(8, 0.05099353749248712)	(9, 0.062188088412031356)	(10, 0.07994547583518426)	(15, 0.11488786410897404)	(20, 0.1453251282322156)	(25, 0.17371510508307572)	(30, 0.1994342755504703)	(35, 0.22373613147794033)	(40, 0.2505990822255403)	(45, 0.2794611663014331)	(50, 0.3108128589299429)	(55, 0.347826859664365)	(60, 0.37570203610265007)	(65, 0.4063234766512198)	(70, 0.4398286930885538)	(75, 0.47503965129793)	(80, 0.5064270870601962)	(85, 0.5476121129310269)	(90, 0.5797690189338827)	(95, 0.609995795713892)	(100, 0.6354409354891539)	(105, 0.661416265081803)	(110, 0.6883368019893437)	(115, 0.7142664597999705)	(120, 0.7418685984109497)	(125, 0.7725014569050248)	(130, 0.8031204152915281)	(135, 0.8343534605732632)	(140, 0.8493015369696445)
NG-A0611_LS_libLAB6078_2 - polyg	(1, 0.1662130184535346)	(2, 0.16790585298283153)	(3, 0.16812180108260988)	(4, 0.16849412539257255)	(5, 0.16871503781648373)	(6, 0.16893098591626207)	(7, 0.16925366698489638)	(8, 0.16987420750150084)	(9, 0.17064119558002394)	(10, 0.17262742166557143)	(15, 0.17501377227622555)	(20, 0.17691907987840785)	(25, 0.17883233039920268)	(30, 0.18087068188814492)	(35, 0.1832669611470647)	(40, 0.18601570741941573)	(45, 0.18895260157640126)	(50, 0.1917638983328261)	(55, 0.19470228178705146)	(60, 0.19790824231203666)	(65, 0.2014393660677226)	(70, 0.20543663985948185)	(75, 0.2096116364551966)	(80, 0.217273574321815)	(85, 0.22555307411055817)	(90, 0.2341641907513748)	(95, 0.2427236784212099)	(100, 0.25116700090633665)	(105, 0.26039071514514517)	(110, 0.27076466328553167)	(115, 0.2824194070521898)	(120, 0.2957520923757463)	(125, 0.3108133553623562)	(130, 0.32934070945851185)	(135, 0.35219149344195405)	(140, 0.3689237479316764)
NG-A0611_MHHNB11_libLAB6084_1 - illumina_universal_adapter	(1, 0.002377595668303133)	(2, 0.0024053767277185546)	(3, 0.0025651178193572266)	(4, 0.0027827361181113593)	(5, 0.002935531944896176)	(6, 0.0030559165356963346)	(7, 0.0031600955085041645)	(8, 0.003268904657881231)	(9, 0.00335919310098135)	(10, 0.003873605717823566)	(15, 0.0043903334229504)	(20, 0.0048223288968602005)	(25, 0.005180241545662211)	(30, 0.005918754708455492)	(35, 0.0067281095727580965)	(40, 0.0076717395575685715)	(45, 0.008895958242474798)	(50, 0.0107744208766142)	(55, 0.013417788679991527)	(60, 0.017114984670527168)	(65, 0.02240172027728183)	(70, 0.030096147700039655)	(75, 0.04215266446867555)	(80, 0.0601038590276069)	(85, 0.08885679250491094)	(90, 0.132796242111655)	(95, 0.20015882894685455)	(100, 0.30013128634153247)	(105, 0.4463698570689959)	(110, 0.655420014081756)	(115, 0.9386395805041508)	(120, 1.3142848795310242)	(125, 1.7838736830417723)	(130, 2.36607301089293)	(135, 3.0527985747946107)	(140, 3.5169756279312345)
NG-A0611_MHHNB11_libLAB6084_1 - polya	(1, 0.045104865049220975)	(2, 0.051135670030652)	(3, 0.05562231112624253)	(4, 0.061541991870011865)	(5, 0.06608419508443324)	(6, 0.0703856291172543)	(7, 0.07684935560790897)	(8, 0.08547074437982802)	(9, 0.09809723588413696)	(10, 0.1212652503836275)	(15, 0.14856060427693576)	(20, 0.17688756150987)	(25, 0.21255566369332932)	(30, 0.2459359956339287)	(35, 0.27408885822785967)	(40, 0.301329576037651)	(45, 0.32868836334995777)	(50, 0.35417517027532214)	(55, 0.3797119831076342)	(60, 0.40294435706143716)	(65, 0.4278973046283685)	(70, 0.45581402821726835)	(75, 0.4834626645828094)	(80, 0.5078822158089646)	(85, 0.5331884458481289)	(90, 0.5588479583595257)	(95, 0.5866679112581286)	(100, 0.612718673689626)	(105, 0.638983813296279)	(110, 0.6639863037525011)	(115, 0.6874233315106644)	(120, 0.709844961547194)	(125, 0.7323003918726789)	(130, 0.7560342139489301)	(135, 0.7801565078393404)	(140, 0.7931561915751298)
NG-A0611_MHHNB11_libLAB6084_1 - polyg	(1, 0.0)	(2, 0.0)	(3, 0.001960879777071815)	(4, 0.0025674329076418446)	(5, 0.002875339649496097)	(6, 0.0031462049787964537)	(7, 0.003410125043242955)	(8, 0.003711086520243352)	(9, 0.004079185557497683)	(10, 0.004970957564732704)	(15, 0.0062183271324851176)	(20, 0.0073689260099404795)	(25, 0.00873019792129612)	(30, 0.010385949062455225)	(35, 0.012517219337274954)	(40, 0.015055019114873683)	(45, 0.018129456356846967)	(50, 0.023381002621675424)	(55, 0.03870133085396638)	(60, 0.04685970196896175)	(65, 0.05246591975899375)	(70, 0.06791867104116489)	(75, 0.11731663580538229)	(80, 0.1285054574849432)	(85, 0.13406583652693976)	(90, 0.13887381187643533)	(95, 0.14384152831756955)	(100, 0.14878840896414222)	(105, 0.15428628062245406)	(110, 0.15992027947190152)	(115, 0.16598719983057258)	(120, 0.17282550760567852)	(125, 0.18071486546200122)	(130, 0.19016644489278445)	(135, 0.20184189812977213)	(140, 0.2100572204165691)
NG-A0611_MHHNB11_libLAB6084_2 - illumina_universal_adapter	(1, 0.002430842698849357)	(2, 0.0024655690231186337)	(3, 0.002632255379611161)	(4, 0.0028683943846422415)	(5, 0.0030281354762809135)	(6, 0.0031600955085041645)	(7, 0.003275849922735086)	(8, 0.0034078099549583367)	(9, 0.003509673839481548)	(10, 0.004025475509294536)	(15, 0.004553315638187538)	(20, 0.004969105494105009)	(25, 0.005363596537803991)	(30, 0.006168784243194283)	(35, 0.007074446780137014)	(40, 0.0081199406494707)	(45, 0.009454357536724767)	(50, 0.01148191185639359)	(55, 0.01421186396161565)	(60, 0.017995644253996024)	(65, 0.02343286059925088)	(70, 0.03138194773331674)	(75, 0.04373340674941302)	(80, 0.061974450361578594)	(85, 0.09098898881504451)	(90, 0.13510392211376265)	(95, 0.20248456663758221)	(100, 0.3024352622023847)	(105, 0.4481922945666475)	(110, 0.6559881367468015)	(115, 0.9369537332152916)	(120, 1.3093171630898899)	(125, 1.7740072397903854)	(130, 2.349800255340347)	(135, 3.0249462106600227)	(140, 3.4802189712363476)
NG-A0611_MHHNB11_libLAB6084_2 - polya	(1, 0.03932177451424412)	(2, 0.045301647553413545)	(3, 0.04842933182593305)	(4, 0.05431660133371773)	(5, 0.0589467779029546)	(6, 0.06304679925501384)	(7, 0.06758205720458137)	(8, 0.07859493217451126)	(9, 0.0930781244830842)	(10, 0.11609751031470221)	(15, 0.15969247478469506)	(20, 0.19958978024649532)	(25, 0.23799524281768747)	(30, 0.27246690737565593)	(35, 0.30598614461333246)	(40, 0.34036427960460236)	(45, 0.3771778874712909)	(50, 0.41700759235518026)	(55, 0.4635792973415356)	(60, 0.5008082320464846)	(65, 0.5437100590840627)	(70, 0.590427151614692)	(75, 0.6391074390106776)	(80, 0.6823055973486868)	(85, 0.7410023457169027)	(90, 0.7857937478123862)	(95, 0.8304240197632605)	(100, 0.8668519339217315)	(105, 0.9027904384168343)	(110, 0.9409523537004846)	(115, 0.9783359363028461)	(120, 1.0161181771078192)	(125, 1.0581249910145636)	(130, 1.1014120487427022)	(135, 1.1466525779654018)	(140, 1.1701312773126882)
NG-A0611_MHHNB11_libLAB6084_2 - polyg	(1, 0.13812048214862047)	(2, 0.13981281168467655)	(3, 0.1400211696302922)	(4, 0.1404101044621081)	(5, 0.14060688696630066)	(6, 0.14084534105961638)	(7, 0.14125742677427847)	(8, 0.1419565834362332)	(9, 0.14302846931201155)	(10, 0.1453102203253315)	(15, 0.14799155557657656)	(20, 0.14998067943072074)	(25, 0.1520975961581758)	(30, 0.1544589862084866)	(35, 0.15710744720609013)	(40, 0.1597443327622705)	(45, 0.1624867863442295)	(50, 0.16509727989396525)	(55, 0.16799762249693523)	(60, 0.17110169286895163)	(65, 0.17460858860249162)	(70, 0.1781992905319348)	(75, 0.18218633557570468)	(80, 0.18855097628777767)	(85, 0.19447019401389012)	(90, 0.20106263941316954)	(95, 0.2078477001577293)	(100, 0.21477444430530762)	(105, 0.22248461432840086)	(110, 0.2312166643203247)	(115, 0.24109514603079152)	(120, 0.25233119551135863)	(125, 0.2657966750100133)	(130, 0.2830968667433099)	(135, 0.30582038429215375)	(140, 0.32341088809634155)
NG-A0611_NBLS_libLAB6077_1 - illumina_universal_adapter	(1, 0.0022666457424942174)	(2, 0.0023018264968123095)	(3, 0.002605888730561534)	(4, 0.003088367646923939)	(5, 0.003435149368059418)	(6, 0.003681414648286063)	(7, 0.0038774217080582898)	(8, 0.004050812568626029)	(9, 0.004178971030784793)	(10, 0.0051298565617823675)	(15, 0.006137031299688889)	(20, 0.0068914071887096915)	(25, 0.007573913822480678)	(30, 0.008730858057341362)	(35, 0.009996862630588133)	(40, 0.011659907145424798)	(45, 0.014027069328827852)	(50, 0.017440105079887323)	(55, 0.022082456903261844)	(60, 0.028792431916131088)	(65, 0.0380756278162665)	(70, 0.05174284828664072)	(75, 0.07197127943733912)	(80, 0.10186386379921741)	(85, 0.14878745132648405)	(90, 0.21906854680994114)	(95, 0.3242208059734911)	(100, 0.4770907325474874)	(105, 0.6956501635842253)	(110, 0.9967798301699343)	(115, 1.3922693056588118)	(120, 1.8985575513792932)	(125, 2.5092803688752348)	(130, 3.2439087979150885)	(135, 4.08016789261125)	(140, 4.633709922367383)
NG-A0611_NBLS_libLAB6077_1 - polya	(1, 0.04587067780874662)	(2, 0.05280379932043347)	(3, 0.05737981029280816)	(4, 0.06352890356540611)	(5, 0.06800691100789469)	(6, 0.07228388556856559)	(7, 0.07852595654900421)	(8, 0.08756489749773115)	(9, 0.10119241397394639)	(10, 0.12439713693995538)	(15, 0.15403340437751614)	(20, 0.18532216210361813)	(25, 0.2235646472117933)	(30, 0.2581015937258643)	(35, 0.2870724423246086)	(40, 0.31472652554744707)	(45, 0.3430048158683295)	(50, 0.36931951751605785)	(55, 0.3974822139298951)	(60, 0.4216840599897197)	(65, 0.4467619068320648)	(70, 0.4748798734296976)	(75, 0.5031742463811254)	(80, 0.5284229711730155)	(85, 0.5549115662635161)	(90, 0.5817755902608113)	(95, 0.6113440091007586)	(100, 0.6389473315209382)	(105, 0.6663285126067092)	(110, 0.692255723374734)	(115, 0.7154147113601294)	(120, 0.737688149501118)	(125, 0.7605038738408099)	(130, 0.7854153659734509)	(135, 0.8106480081347955)	(140, 0.8241317861005112)
NG-A0611_NBLS_libLAB6077_1 - polyg	(1, 0.0)	(2, 0.0)	(3, 0.0008518768367023722)	(4, 0.0011785552696560843)	(5, 0.0013695365073828699)	(6, 0.001547953189996051)	(7, 0.0017288827836319531)	(8, 0.0020103288181766896)	(9, 0.0023621363613576104)	(10, 0.0032959340974006825)	(15, 0.004768499956715107)	(20, 0.006164170738734274)	(25, 0.007641259837889597)	(30, 0.009404318211430554)	(35, 0.011868981342515175)	(40, 0.014451751291667675)	(45, 0.017932635640340616)	(50, 0.02120846644955953)	(55, 0.02452802191057379)	(60, 0.02842102366697295)	(65, 0.03235272425312201)	(70, 0.05853826227428247)	(75, 0.13647770539058363)	(80, 0.1445793305278357)	(85, 0.15016653689575327)	(90, 0.15541952609764897)	(95, 0.1606091899417721)	(100, 0.16607376625178089)	(105, 0.17250832621655993)	(110, 0.17881975354122565)	(115, 0.18580011778013966)	(120, 0.19383942272402824)	(125, 0.20318192332429982)	(130, 0.2143181398125896)	(135, 0.22826630373530402)	(140, 0.2382968393735966)
NG-A0611_NBLS_libLAB6077_2 - illumina_universal_adapter	(1, 0.0023420330731758433)	(2, 0.0023797267385166562)	(3, 0.002691327705334043)	(4, 0.0031763195327191695)	(5, 0.0035205883428319276)	(6, 0.003784444000217618)	(7, 0.0039779381489671245)	(8, 0.004153841920557585)	(9, 0.0042895391157845115)	(10, 0.005229870420486659)	(15, 0.006262174268620388)	(20, 0.00704067410345931)	(25, 0.007758361491548389)	(30, 0.009004765358817937)	(35, 0.010337613365269081)	(40, 0.012094640752355506)	(45, 0.01456081163005376)	(50, 0.018180911249385437)	(55, 0.022997659097736788)	(60, 0.02982925900410572)	(65, 0.03927428637410435)	(70, 0.05315359653479621)	(75, 0.0736162309928122)	(80, 0.10386414097330321)	(85, 0.1509666477653876)	(90, 0.2214935059468668)	(95, 0.32693525246023414)	(100, 0.4798870999335712)	(105, 0.698183177895128)	(110, 0.9991826756898601)	(115, 1.3932729623212865)	(120, 1.8967658458200929)	(125, 2.504530967042293)	(130, 3.2338727338725457)	(135, 4.060369169245436)	(140, 4.606610689898361)
NG-A0611_NBLS_libLAB6077_2 - polya	(1, 0.03568836234468168)	(2, 0.04141026074341708)	(3, 0.044325237529773284)	(4, 0.050016980996236034)	(5, 0.05435426542145225)	(6, 0.05817640308701068)	(7, 0.06271220748302184)	(8, 0.07358306056731229)	(9, 0.08846451964386523)	(10, 0.11174513252276037)	(15, 0.15798420308743788)	(20, 0.19779474467379082)	(25, 0.2352245543572181)	(30, 0.2686543122746783)	(35, 0.30035568999071105)	(40, 0.3349705367464863)	(45, 0.37302555869236653)	(50, 0.4144775337587608)	(55, 0.4626661206948651)	(60, 0.49983207472090674)	(65, 0.5427460614203199)	(70, 0.5887946533294751)	(75, 0.6376989173248504)	(80, 0.6797243386866295)	(85, 0.7389973761439557)	(90, 0.7832140559175473)	(95, 0.8268331654499361)	(100, 0.8624803160538452)	(105, 0.8985084239687987)	(110, 0.9364855456729746)	(115, 0.9735469626004708)	(120, 1.0105651574583763)	(125, 1.0531474399027905)	(130, 1.0974817239122456)	(135, 1.1419140114515869)	(140, 1.1642392155596435)
NG-A0611_NBLS_libLAB6077_2 - polyg	(1, 0.14195183076247878)	(2, 0.14374353632167874)	(3, 0.14392446591531466)	(4, 0.1442209894159957)	(5, 0.14440945774269978)	(6, 0.14459792606940383)	(7, 0.1448919366590622)	(8, 0.1454121092407654)	(9, 0.14614085343735445)	(10, 0.1481506796733266)	(15, 0.1505841827077295)	(20, 0.15236885211606582)	(25, 0.15432238914512902)	(30, 0.15653576117394158)	(35, 0.1589511712489809)	(40, 0.16161988275511044)	(45, 0.1643695099961716)	(50, 0.16726036283670967)	(55, 0.1711543697575179)	(60, 0.17545195018857512)	(65, 0.1798389902520412)	(70, 0.18436524558616604)	(75, 0.18902217229347232)	(80, 0.19507627752941142)	(85, 0.20231748193248386)	(90, 0.21044775425539494)	(95, 0.21945553510744015)	(100, 0.22906641460493832)	(105, 0.2402363041009326)	(110, 0.2532059404713995)	(115, 0.26878850172329155)	(120, 0.2873418263862442)	(125, 0.310811410174048)	(130, 0.34342648233794204)	(135, 0.388624202574804)	(140, 0.4237999310708506)
NG-A0611_NGP_libLAB6082_1 - illumina_universal_adapter	(1, 0.0026471014888956937)	(2, 0.002714836941528644)	(3, 0.003153762674590161)	(4, 0.003915109162184522)	(5, 0.004470539873774713)	(6, 0.00478754179209692)	(7, 0.005123509637156353)	(8, 0.005448639809794514)	(9, 0.005684359184957181)	(10, 0.0068597047590441326)	(15, 0.008198699186692292)	(20, 0.009113398739047651)	(25, 0.009974451812917715)	(30, 0.01119856691290039)	(35, 0.012478496025852619)	(40, 0.014050500410558126)	(45, 0.016183896226685528)	(50, 0.019194601625314896)	(55, 0.023219171278954266)	(60, 0.028829834291446792)	(65, 0.036591775279561825)	(70, 0.047882462408043024)	(75, 0.06537934264856567)	(80, 0.09102290124815847)	(85, 0.13040646094343997)	(90, 0.18841727011278278)	(95, 0.27625281190184514)	(100, 0.40324432226534235)	(105, 0.5831361373679315)	(110, 0.8284262610458235)	(115, 1.1498103922115717)	(120, 1.5644201815451022)	(125, 2.0665468850985094)	(130, 2.6707162352180243)	(135, 3.3620632804106307)	(140, 3.824495383070266)
NG-A0611_NGP_libLAB6082_1 - polya	(1, 0.06651079564934646)	(2, 0.07433017630129422)	(3, 0.07961354160666434)	(4, 0.08678266191333579)	(5, 0.09196577874880914)	(6, 0.09675332054090606)	(7, 0.10419609207621464)	(8, 0.11462735178168897)	(9, 0.13012251392600266)	(10, 0.15627219182766888)	(15, 0.1895064561911206)	(20, 0.22569073498764264)	(25, 0.26947818287130804)	(30, 0.30922534647632316)	(35, 0.34259779116314615)	(40, 0.3735864898009103)	(45, 0.4058784185473325)	(50, 0.436154540223398)	(55, 0.4688431277804387)	(60, 0.49640820570032307)	(65, 0.5255837617420085)	(70, 0.5589946801659269)	(75, 0.5917878512618329)	(80, 0.6208517792775792)	(85, 0.6505735540092965)	(90, 0.6811845597631795)	(95, 0.7156478161792036)	(100, 0.7477576720289484)	(105, 0.7795147616413806)	(110, 0.8093454549809319)	(115, 0.83670353335757)	(120, 0.8630667134059354)	(125, 0.8901782347349894)	(130, 0.9195954708716692)	(135, 0.9499718410176314)	(140, 0.9660159312700826)
NG-A0611_NGP_libLAB6082_1 - polyg	(1, 0.0)	(2, 0.0)	(3, 0.0011189896774963374)	(4, 0.0014793422855036323)	(5, 0.001709642824455663)	(6, 0.0019101397642491955)	(7, 0.0021648250661490884)	(8, 0.0025224682560510653)	(9, 0.003021001187429579)	(10, 0.004135655795957407)	(15, 0.007951058371866226)	(20, 0.01109181583955086)	(25, 0.013764927742257608)	(30, 0.017561364391429198)	(35, 0.02161953082957451)	(40, 0.02489575920252505)	(45, 0.028139474558211763)	(50, 0.03139673700442508)	(55, 0.03451365159278291)	(60, 0.03800609153053783)	(65, 0.041857800309057905)	(70, 0.073297346119547)	(75, 0.18010314971480396)	(80, 0.19140955146829597)	(85, 0.1978259954253101)	(90, 0.20336621356706436)	(95, 0.2086181496224128)	(100, 0.2141307316994928)	(105, 0.22082516195411253)	(110, 0.22793304941160378)	(115, 0.23567656635660267)	(120, 0.24456508339290894)	(125, 0.25468367624902954)	(130, 0.26614722425263004)	(135, 0.27986338246899195)	(140, 0.2893441783031207)
NG-A0611_NGP_libLAB6082_2 - illumina_universal_adapter	(1, 0.0026823239242648278)	(2, 0.002752768795003096)	(3, 0.0031889851099592952)	(4, 0.003942203343237701)	(5, 0.004500343472933211)	(6, 0.004820054809360736)	(7, 0.005156022654420169)	(8, 0.005473024572742376)	(9, 0.005703325111694407)	(10, 0.006880838220265613)	(15, 0.008195447884965911)	(20, 0.009086846441615535)	(25, 0.009922430985295608)	(30, 0.011192064309447627)	(35, 0.01257820261212832)	(40, 0.014237450259825068)	(45, 0.016450502968248817)	(50, 0.019550077280732617)	(55, 0.023697112632732355)	(60, 0.029384181235794858)	(65, 0.037264252853301746)	(70, 0.048724007671554805)	(75, 0.06634768867940632)	(80, 0.09209691458510653)	(85, 0.13164141371584392)	(90, 0.18973784049731476)	(95, 0.2777397405580436)	(100, 0.4047117431111825)	(105, 0.5839814758167907)	(110, 0.8283455203862851)	(115, 1.1481614403526752)	(120, 1.559895453309221)	(125, 2.05892529196825)	(130, 2.6589015466279746)	(135, 3.34278902189302)	(140, 3.799156904949332)
NG-A0611_NGP_libLAB6082_2 - polya	(1, 0.04048954416587231)	(2, 0.04575665296261052)	(3, 0.0487478505508816)	(4, 0.054440337990154734)	(5, 0.05879979172161141)	(6, 0.06260381474147789)	(7, 0.06722608202915041)	(8, 0.07776571845883747)	(9, 0.09164064857617098)	(10, 0.11419601241932234)	(15, 0.15711102767307533)	(20, 0.19442621758675707)	(25, 0.22806743654962752)	(30, 0.2587711044027123)	(35, 0.2901125692777889)	(40, 0.3229973187056546)	(45, 0.3582311336308311)	(50, 0.39699532034723684)	(55, 0.44190121602477755)	(60, 0.4768602959540747)	(65, 0.5159517803776029)	(70, 0.5588516228899663)	(75, 0.6046310349646613)	(80, 0.6451119089925966)	(85, 0.699625401271595)	(90, 0.7400016917606649)	(95, 0.7792394847618803)	(100, 0.8109743571458491)	(105, 0.8440736924876561)	(110, 0.8781549209508303)	(115, 0.911253172525395)	(120, 0.9455760810835635)	(125, 0.9849379654340025)	(130, 1.0252952899963352)	(135, 1.0663581470332928)	(140, 1.086790952732738)
NG-A0611_NGP_libLAB6082_2 - polyg	(1, 0.18186427148326065)	(2, 0.1837066757948769)	(3, 0.18391530098898637)	(4, 0.18425397825215112)	(5, 0.18442738101089148)	(6, 0.1846685192222648)	(7, 0.18499635881300827)	(8, 0.18565203799449523)	(9, 0.1866247190943044)	(10, 0.1889033397208768)	(15, 0.1915569438132253)	(20, 0.19332240065065048)	(25, 0.19526722096664778)	(30, 0.1973756901362062)	(35, 0.19970687347402186)	(40, 0.20218382350590355)	(45, 0.20488782277501097)	(50, 0.20758369378980235)	(55, 0.21092061312831203)	(60, 0.2147495627947474)	(65, 0.21862457256897322)	(70, 0.22277214980459403)	(75, 0.22703460636788036)	(80, 0.23415116396330862)	(85, 0.2420930103136168)	(90, 0.25053989219875616)	(95, 0.25925283894183787)	(100, 0.2682220966376826)	(105, 0.278023687575481)	(110, 0.2893533903246788)	(115, 0.3021998253292336)	(120, 0.3177112439821792)	(125, 0.33661539598660395)	(130, 0.36154637762449815)	(135, 0.3942555567591393)	(140, 0.41958861604386266)
NG-A0611_NMB_libLAB6080_1 - illumina_universal_adapter	(1, 0.0022764564011253734)	(2, 0.0023442657407333634)	(3, 0.0028019787830872948)	(4, 0.003574520902192608)	(5, 0.004078247424994818)	(6, 0.00440760707451934)	(7, 0.004661892098049302)	(8, 0.0048992247866772665)	(9, 0.0051268704267898035)	(10, 0.006308205993246141)	(15, 0.007528774106189959)	(20, 0.008520243521743924)	(25, 0.0093407365310006)	(30, 0.010417936325916099)	(35, 0.011514025865436676)	(40, 0.012957396094235315)	(45, 0.014972786537869931)	(50, 0.017928305039926744)	(55, 0.02195133628838363)	(60, 0.0279461662621557)	(65, 0.03707378772581691)	(70, 0.05071847991222177)	(75, 0.07230219270944495)	(80, 0.10512627225154399)	(85, 0.15482325289781396)	(90, 0.22514299112857677)	(95, 0.32360166788695227)	(100, 0.45391862545043865)	(105, 0.6209548247640774)	(110, 0.8304832623906371)	(115, 1.0829408242181637)	(120, 1.3878813618449972)	(125, 1.7395827357130749)	(130, 2.15423830047321)	(135, 2.623432917080051)	(140, 2.934286913473127)
NG-A0611_NMB_libLAB6080_1 - polya	(1, 0.030925902385501084)	(2, 0.03784729854977376)	(3, 0.042530986506982775)	(4, 0.04957831430195601)	(5, 0.054041621905439055)	(6, 0.05838384140247926)	(7, 0.06500251730064484)	(8, 0.0739920983229612)	(9, 0.08807706686439225)	(10, 0.11213630490973281)	(15, 0.14317021788618092)	(20, 0.17615413372878447)	(25, 0.21715989444701328)	(30, 0.254331521362836)	(35, 0.284863645226185)	(40, 0.31353876188912655)	(45, 0.3424613826416373)	(50, 0.3694214073649225)	(55, 0.3987615399084482)	(60, 0.4242549454864978)	(65, 0.4520611338976055)	(70, 0.48338420527223913)	(75, 0.5148506449649011)	(80, 0.5422988969333637)	(85, 0.5700396977669924)	(90, 0.5984145159259557)	(95, 0.6296814024191999)	(100, 0.6580160193268243)	(105, 0.6867802568361079)	(110, 0.7149419599277317)	(115, 0.7398483303657464)	(120, 0.7638828664373726)	(125, 0.7889810404359927)	(130, 0.8162195678040967)	(135, 0.8439254952630696)	(140, 0.8587520073683566)
NG-A0611_NMB_libLAB6080_1 - polyg	(1, 0.0)	(2, 0.0)	(3, 0.0009493307545118579)	(4, 0.00134649974364437)	(5, 0.0015475060003394827)	(6, 0.00177515164045202)	(7, 0.001968892610760562)	(8, 0.002182007678099959)	(9, 0.0025646460944593304)	(10, 0.0033275011650492166)	(15, 0.004667219974732787)	(20, 0.005994829973772074)	(25, 0.007313237276721704)	(30, 0.00882538554997988)	(35, 0.010786528521928098)	(40, 0.013010190508644395)	(45, 0.01618269889744678)	(50, 0.01924574363802483)	(55, 0.02210536035977892)	(60, 0.0259695240125828)	(65, 0.02972616142686544)	(70, 0.0612831750231466)	(75, 0.1542144218986194)	(80, 0.1625956562741669)	(85, 0.16803638707285656)	(90, 0.17279030613180243)	(95, 0.17756166187807604)	(100, 0.18267642349422158)	(105, 0.18858988226046403)	(110, 0.19424324377406732)	(115, 0.20052626344117336)	(120, 0.20739680260074006)	(125, 0.21570586846484763)	(130, 0.22557793960691944)	(135, 0.23835079742693588)	(140, 0.24764939529689436)
NG-A0611_NMB_libLAB6080_2 - illumina_universal_adapter	(1, 0.002303095784542798)	(2, 0.0023636398377642177)	(3, 0.002818931117989292)	(4, 0.003593894999223462)	(5, 0.0041097303326699565)	(6, 0.004446355268581049)	(7, 0.004710327340626438)	(8, 0.004940394742867832)	(9, 0.005168040382980369)	(10, 0.006324189623296596)	(15, 0.007557350899310469)	(20, 0.008547367257587122)	(25, 0.009374156848378825)	(30, 0.010500276238297229)	(35, 0.011681127452327794)	(40, 0.01319715054499214)	(45, 0.015290037376750169)	(50, 0.018350660355199368)	(55, 0.022515606864407258)	(60, 0.02866107044259423)	(65, 0.03798630769597014)	(70, 0.051842661892437095)	(75, 0.07365256727249549)	(80, 0.10681327175050562)	(85, 0.1566778383360925)	(90, 0.2272620329913264)	(95, 0.32585245360951176)	(100, 0.4563176230152841)	(105, 0.6232680919495615)	(110, 0.8323407539434703)	(115, 1.0836465257025127)	(120, 1.3869451086059812)	(125, 1.736451397280463)	(130, 2.1478990959247146)	(135, 2.6112403134661086)	(140, 2.9176372988372368)
NG-A0611_NMB_libLAB6080_2 - polya	(1, 0.025796610196582425)	(2, 0.030509359299337718)	(3, 0.033209624073013026)	(4, 0.037980495466860886)	(5, 0.041865001921547164)	(6, 0.04543710106161091)	(7, 0.04915208416727721)	(8, 0.05855578651362809)	(9, 0.07086075989034939)	(10, 0.09041745778571944)	(15, 0.12745540343202927)	(20, 0.16034826101858785)	(25, 0.1910256906096682)	(30, 0.21833251166980575)	(35, 0.24518065098273775)	(40, 0.27370804015581907)	(45, 0.30416896421257966)	(50, 0.33691942218596144)	(55, 0.37444123590561684)	(60, 0.4037920242025095)	(65, 0.43700310133279985)	(70, 0.47324961511539926)	(75, 0.510637263213116)	(80, 0.5442687582489759)	(85, 0.5887003436746855)	(90, 0.6222814660582652)	(95, 0.655309457971614)	(100, 0.6821052872225627)	(105, 0.7088052146932087)	(110, 0.7364050689709378)	(115, 0.7633679998087777)	(120, 0.7904573466297438)	(125, 0.8215673029370381)	(130, 0.853738959761623)	(135, 0.8869466464249329)	(140, 0.9040195850809475)
NG-A0611_NMB_libLAB6080_2 - polyg	(1, 0.1681405228443974)	(2, 0.169922939771236)	(3, 0.17015058541134853)	(4, 0.1704872103472596)	(5, 0.17066157722053732)	(6, 0.170920705768325)	(7, 0.17127670480126694)	(8, 0.17187972357135226)	(9, 0.1728363196122507)	(10, 0.17509194885906793)	(15, 0.17777090212600927)	(20, 0.1797136397057782)	(25, 0.1817353267309478)	(30, 0.1839744879952888)	(35, 0.18639043789503634)	(40, 0.18902725250093558)	(45, 0.19198567711754705)	(50, 0.19548560774617085)	(55, 0.2003518965678957)	(60, 0.20537995909982812)	(65, 0.2101735950576872)	(70, 0.21530676206601207)	(75, 0.22031835661546828)	(80, 0.22628315673884253)	(85, 0.23352422550412427)	(90, 0.24198779979205298)	(95, 0.25173393930342425)	(100, 0.26187191992724446)	(105, 0.2736678389044801)	(110, 0.2879368613677042)	(115, 0.3049468342083685)	(120, 0.3263038700703307)	(125, 0.35507827898055533)	(130, 0.3952044556935833)	(135, 0.4505034564963248)	(140, 0.4922958055540063)
NG-A0611_SHSY5Y_libLAB6081_1 - illumina_universal_adapter	(1, 0.0026928745210707105)	(2, 0.002726818317554795)	(3, 0.0029785681414784227)	(4, 0.0035103542863957476)	(5, 0.0038809073980136713)	(6, 0.004135485871644306)	(7, 0.004347634599669834)	(8, 0.004551297378574342)	(9, 0.004709701762166737)	(10, 0.00568162580149436)	(15, 0.006755946960215637)	(20, 0.0075191166511661385)	(25, 0.008128973527996857)	(30, 0.009141630123105381)	(35, 0.010225568690830482)	(40, 0.011442453794784915)	(45, 0.01297784485574834)	(50, 0.015223226993170538)	(55, 0.018442230359744557)	(60, 0.02275761835275451)	(65, 0.02840247170805778)	(70, 0.03600192201090292)	(75, 0.047138315907389663)	(80, 0.06313319854063174)	(85, 0.08772378190352681)	(90, 0.12481190540192041)	(95, 0.1790614466727258)	(100, 0.2592349967783094)	(105, 0.3762268172002382)	(110, 0.5440868110332161)	(115, 0.7706350632572349)	(120, 1.0774835890937111)	(125, 1.4646352171923518)	(130, 1.9532833226179367)	(135, 2.5343106016348407)	(140, 2.9290724289052132)
NG-A0611_SHSY5Y_libLAB6081_1 - polya	(1, 0.08346213825494998)	(2, 0.09032444244414908)	(3, 0.09552067195592104)	(4, 0.10218779931533666)	(5, 0.10716339414996205)	(6, 0.11181369426828164)	(7, 0.1195415652678249)	(8, 0.12854798593493535)	(9, 0.143259793061079)	(10, 0.1687442297313883)	(15, 0.1999125551229576)	(20, 0.2319724709021755)	(25, 0.2716092077865825)	(30, 0.30861416898359006)	(35, 0.3403685905944512)	(40, 0.3695031168466824)	(45, 0.3998296360854464)	(50, 0.42855570531998577)	(55, 0.4577609478148922)	(60, 0.4845516549198973)	(65, 0.5132873415634405)	(70, 0.5470467100866283)	(75, 0.5776430825074407)	(80, 0.6049056083835745)	(85, 0.6335032569214158)	(90, 0.663961025506585)	(95, 0.6948725095047581)	(100, 0.7238350538548032)	(105, 0.7528151358330317)	(110, 0.7808255566916985)	(115, 0.8065985156321224)	(120, 0.8311438405997054)	(125, 0.8557095318451788)	(130, 0.8821760756937611)	(135, 0.9093825943056963)	(140, 0.9240944014318399)
NG-A0611_SHSY5Y_libLAB6081_1 - polyg	(1, 0.0)	(2, 0.0)	(3, 0.0008938533074142274)	(4, 0.001216319374013031)	(5, 0.0014030102546754963)	(6, 0.0015840438359239475)	(7, 0.0018131644621915185)	(8, 0.002079057534650181)	(9, 0.002432638748026062)	(10, 0.0032065573078631907)	(15, 0.004274655437229052)	(20, 0.005359159734895555)	(25, 0.006532483633362079)	(30, 0.007947939946748406)	(35, 0.009994185144797305)	(40, 0.012276905458351995)	(45, 0.014921127204462184)	(50, 0.01751952482531886)	(55, 0.020077755620336035)	(60, 0.023220385444820864)	(65, 0.026604581954284102)	(70, 0.06221784749544425)	(75, 0.18422599530777928)	(80, 0.1940696962881638)	(85, 0.19982656417186456)	(90, 0.20491134488518042)	(95, 0.2098224465064861)	(100, 0.2149304221473994)	(105, 0.2207959101798492)	(110, 0.2267083537974354)	(115, 0.23329345031534773)	(120, 0.24046520878249344)	(125, 0.24900377078806493)	(130, 0.259048305897647)	(135, 0.2711351260956881)	(140, 0.27952716404643657)
NG-A0611_SHSY5Y_libLAB6081_2 - illumina_universal_adapter	(1, 0.0027522761649178586)	(2, 0.0027890486111089505)	(3, 0.0030294838362045495)	(4, 0.003566927280535889)	(5, 0.003931823092739799)	(6, 0.004177915617249411)	(7, 0.004384407045860926)	(8, 0.004585241175058426)	(9, 0.004743645558650821)	(10, 0.005716701057861246)	(15, 0.006776878968047488)	(20, 0.007525339680521553)	(25, 0.00816574597418795)	(30, 0.009240067132909226)	(35, 0.010418482600848364)	(40, 0.011736067634372247)	(45, 0.01334726650748346)	(50, 0.015672982296584658)	(55, 0.018954781686654237)	(60, 0.023378789828413262)	(65, 0.029158286909770063)	(70, 0.03694216517351206)	(75, 0.04821546571581795)	(80, 0.06440099933931229)	(85, 0.0891613016846278)	(90, 0.12634333635329406)	(95, 0.18072356124056316)	(100, 0.2609927197062436)	(105, 0.3778414104529978)	(110, 0.5452731467203348)	(115, 0.7710389944353955)	(120, 1.0765314656023324)	(125, 1.4613743498101142)	(130, 1.9468102406284218)	(135, 2.521168695096086)	(140, 2.9104118267880876)
NG-A0611_SHSY5Y_libLAB6081_2 - polya	(1, 0.050932666624368926)	(2, 0.05723772682128764)	(3, 0.06054724697848588)	(4, 0.06665995899532812)	(5, 0.07154220838962229)	(6, 0.07579649754896088)	(7, 0.08085129457538248)	(8, 0.09311914835467205)	(9, 0.10886058397416629)	(10, 0.1339116715093621)	(15, 0.18009277235590057)	(20, 0.22085191744404797)	(25, 0.25888990151405455)	(30, 0.2938480517830719)	(35, 0.32838473324574513)	(40, 0.3641275509434862)	(45, 0.40268770374940627)	(50, 0.4441624972134265)	(55, 0.4917296364163984)	(60, 0.5304498907957351)	(65, 0.5732948821778294)	(70, 0.620686645098967)	(75, 0.67067227980143)	(80, 0.7137565749487371)	(85, 0.7736130656687719)	(90, 0.8197845491063065)	(95, 0.8649778854751581)	(100, 0.901020540041842)	(105, 0.9371333451212595)	(110, 0.9751888668194495)	(115, 1.0128110393825263)	(120, 1.0511036019261635)	(125, 1.0950410178251038)	(130, 1.140901915524809)	(135, 1.1889301246300232)	(140, 1.2136604432884444)
NG-A0611_SHSY5Y_libLAB6081_2 - polyg	(1, 0.20395412982432926)	(2, 0.20570506399296662)	(3, 0.2059002408227501)	(4, 0.20629059448231707)	(5, 0.20648577131210055)	(6, 0.2066979200401261)	(7, 0.20701190015760387)	(8, 0.20760874524578235)	(9, 0.20851108450231762)	(10, 0.210824354232708)	(15, 0.21336561312948313)	(20, 0.21524836237446698)	(25, 0.21714299194822032)	(30, 0.21919602590556603)	(35, 0.22140237267703156)	(40, 0.22379937043874937)	(45, 0.22630668553904038)	(50, 0.22862787548861035)	(55, 0.23114650518772942)	(60, 0.23391971336047912)	(65, 0.237093458331741)	(70, 0.24056590871206285)	(75, 0.2443947689554676)	(80, 0.25126895347343614)	(85, 0.25839601927521116)	(90, 0.2663535766309633)	(95, 0.2743812844994493)	(100, 0.2825164810568016)	(105, 0.2909894183891705)	(110, 0.30066962341649006)	(115, 0.3107441422129664)	(120, 0.3218714844303907)	(125, 0.3351853728713315)	(130, 0.35187666906243864)	(135, 0.37192557245576324)	(140, 0.38604845471290805)
NG-A0611_SIMA_libLAB6086_1 - illumina_universal_adapter	(1, 0.002747423182934071)	(2, 0.002821755131691912)	(3, 0.003324925246360379)	(4, 0.004128282077166283)	(5, 0.004694348456168308)	(6, 0.005060290357745374)	(7, 0.005343323547246388)	(8, 0.005617779973429187)	(9, 0.0058321990563845)	(10, 0.007013505257412969)	(15, 0.008465837179296953)	(20, 0.009501338403915807)	(25, 0.010428772410725186)	(30, 0.011902260348794092)	(35, 0.013581018822278888)	(40, 0.015491921689576629)	(45, 0.018317107526595825)	(50, 0.022612350596356648)	(55, 0.028268440112607186)	(60, 0.03583486071193425)	(65, 0.04692232854549816)	(70, 0.06210434318717671)	(75, 0.08389503985764861)	(80, 0.11609506827532438)	(85, 0.1640940665093688)	(90, 0.23450414729390254)	(95, 0.33894396600399734)	(100, 0.4901328626405624)	(105, 0.7037337223753175)	(110, 0.9959126004946505)	(115, 1.3796770162469627)	(120, 1.872145617431185)	(125, 2.471314300351962)	(130, 3.1900916655874236)	(135, 4.013761130851961)	(140, 4.557789230615729)
NG-A0611_SIMA_libLAB6086_1 - polya	(1, 0.039178654837594695)	(2, 0.04573987877602726)	(3, 0.05005399072508815)	(4, 0.05589476654479086)	(5, 0.05990583285660824)	(6, 0.06356239295127283)	(7, 0.0697205090137494)	(8, 0.07832872046412868)	(9, 0.09200294011446548)	(10, 0.11379592392182222)	(15, 0.14110948438500176)	(20, 0.17096405392725705)	(25, 0.20784813868511928)	(30, 0.24123176044070838)	(35, 0.2691325432990749)	(40, 0.2952019012968924)	(45, 0.322123217784319)	(50, 0.34826347702556704)	(55, 0.3751819345918876)	(60, 0.39774453996099857)	(65, 0.42134035941784365)	(70, 0.44804782860653614)	(75, 0.4750514820218176)	(80, 0.49888459193046647)	(85, 0.5241037067913386)	(90, 0.550143903793874)	(95, 0.5790304426496138)	(100, 0.6052233060392136)	(105, 0.6316185810431232)	(110, 0.6568645697623923)	(115, 0.6802339626676364)	(120, 0.7017564925383588)	(125, 0.7233888049795544)	(130, 0.7484020775207894)	(135, 0.7726874687484188)	(140, 0.7858116319779475)
NG-A0611_SIMA_libLAB6086_1 - polyg	(1, 0.0)	(2, 0.0)	(3, 0.0009005601484123125)	(4, 0.0012007468645497499)	(5, 0.001355128604277575)	(6, 0.0014980746595811166)	(7, 0.001698199137006075)	(8, 0.0019469252732342375)	(9, 0.0022728422793263123)	(10, 0.0033643783576241563)	(15, 0.004625734349622609)	(20, 0.006283908591143692)	(25, 0.007512101098311722)	(30, 0.009222307703963295)	(35, 0.011593496869338443)	(40, 0.01391894329701646)	(45, 0.01711921958315215)	(50, 0.019964417867913843)	(55, 0.022646085865408287)	(60, 0.025611930620846168)	(65, 0.02856862682874462)	(70, 0.06174697804891786)	(75, 0.1686414664206851)	(80, 0.17853218987924774)	(85, 0.1844467258634871)	(90, 0.18963509588678443)	(95, 0.194273981273495)	(100, 0.19931883345726756)	(105, 0.2051973470355704)	(110, 0.21108443737719146)	(115, 0.21781205052399738)	(120, 0.22591652007548696)	(125, 0.23544930661156954)	(130, 0.2472417843898905)	(135, 0.26139001315961385)	(140, 0.2715746337078806)
NG-A0611_SIMA_libLAB6086_2 - illumina_universal_adapter	(1, 0.002816037289479771)	(2, 0.0029046638437679666)	(3, 0.0034078339584364334)	(4, 0.004248356763621258)	(5, 0.0048115642215172125)	(6, 0.0051975185708367745)	(7, 0.005486269602549929)	(8, 0.0057664438709448705)	(9, 0.005989439717218396)	(10, 0.007187899444883289)	(15, 0.008688261241349261)	(20, 0.009720903544862046)	(25, 0.010708946679120129)	(30, 0.012255622997504448)	(35, 0.014042448688798717)	(40, 0.016103159022054576)	(45, 0.019030694234671106)	(50, 0.0235266335660781)	(55, 0.02938742183352331)	(60, 0.037146533715399555)	(65, 0.04844956420036119)	(70, 0.06414961534645978)	(75, 0.086461779226679)	(80, 0.11921815369159616)	(85, 0.16773976270383034)	(90, 0.238745070862648)	(95, 0.34373494599355087)	(100, 0.4953635446962297)	(105, 0.7091765363770551)	(110, 1.0019649364762024)	(115, 1.3850500725737123)	(120, 1.87577416009901)	(125, 2.471895233120715)	(130, 3.1863796424233017)	(135, 4.00146948544852)	(140, 4.538259940540159)
NG-A0611_SIMA_libLAB6086_2 - polya	(1, 0.02649076296885234)	(2, 0.03087348902445893)	(3, 0.03318063835705809)	(4, 0.03766342665137715)	(5, 0.04093689131782826)	(6, 0.04390445142592979)	(7, 0.04734945135874514)	(8, 0.055503094353259154)	(9, 0.06620689497438835)	(10, 0.08302135356763336)	(15, 0.1166771446125204)	(20, 0.14710407016021104)	(25, 0.17518553683248123)	(30, 0.20006272472906722)	(35, 0.22474664955888274)	(40, 0.25013958682300397)	(45, 0.2786115821183633)	(50, 0.30981670599112643)	(55, 0.34592316420813746)	(60, 0.37295140434493107)	(65, 0.4040456020787787)	(70, 0.4386242528567054)	(75, 0.47421782062728735)	(80, 0.505979862331513)	(85, 0.548509744489644)	(90, 0.5809819421966177)	(95, 0.6121893532062657)	(100, 0.6386297991636513)	(105, 0.6657683936551393)	(110, 0.694257542477135)	(115, 0.7224830987731512)	(120, 0.751004267511535)	(125, 0.7828246312063246)	(130, 0.8149091592113151)	(135, 0.8460479561144174)	(140, 0.8622420288276451)
NG-A0611_SIMA_libLAB6086_2 - polyg	(1, 0.1803264487654178)	(2, 0.1820132122179996)	(3, 0.1822590794331217)	(4, 0.1825506893859409)	(5, 0.182756531705578)	(6, 0.18293664373526047)	(7, 0.18328543211020112)	(8, 0.18384863956809708)	(9, 0.18464627855669083)	(10, 0.186785323328253)	(15, 0.18927201290631343)	(20, 0.19079753320851284)	(25, 0.19242025682831865)	(30, 0.1942585430995222)	(35, 0.19638100612866918)	(40, 0.19892487412885101)	(45, 0.20142928901776905)	(50, 0.20399774373946306)	(55, 0.20690183579900984)	(60, 0.21041544983837088)	(65, 0.2141612082715449)	(70, 0.2182671907640838)	(75, 0.2227865732485606)	(80, 0.2306446038007069)	(85, 0.2390687007318552)	(90, 0.24795823001907183)	(95, 0.2570238688464225)	(100, 0.26633766202578)	(105, 0.27630157386465815)	(110, 0.2878464690751933)	(115, 0.3011976306405441)	(120, 0.3173316660105443)	(125, 0.33741901748601916)	(130, 0.3645038642607131)	(135, 0.4007115282848789)	(140, 0.4291698007589292)
NG-A0611_SKNBE2_libLAB6076_1 - illumina_universal_adapter	(1, 0.002104638843552252)	(2, 0.0021341924481758545)	(3, 0.0024423943249648502)	(4, 0.0030186896151250956)	(5, 0.003324780520155263)	(6, 0.003550654498349938)	(7, 0.003749085843679839)	(8, 0.003941184273733254)	(9, 0.004074175494539465)	(10, 0.004853546267899035)	(15, 0.005808127697241391)	(20, 0.006481527688307759)	(25, 0.00701940329245732)	(30, 0.007949075255045497)	(35, 0.009112642888511897)	(40, 0.010461976036755227)	(45, 0.012237725480281961)	(50, 0.014777224506152934)	(55, 0.018051763898448075)	(60, 0.02255953299225096)	(65, 0.02870752714266378)	(70, 0.037320291918685036)	(75, 0.049857775388720674)	(80, 0.06753716386891136)	(85, 0.09395428665324596)	(90, 0.13294055748399863)	(95, 0.19095048361096412)	(100, 0.27446854808291254)	(105, 0.3934201179155049)	(110, 0.5564943750624319)	(115, 0.7717231448716854)	(120, 1.0509456013554803)	(125, 1.3906549982280503)	(130, 1.8024029951480582)	(135, 2.280505167363329)	(140, 2.6002485711465457)
NG-A0611_SKNBE2_libLAB6076_1 - polya	(1, 0.030723082977993456)	(2, 0.03746130483217479)	(3, 0.04195767467848)	(4, 0.048128045129536404)	(5, 0.05273418550730071)	(6, 0.05684213654998144)	(7, 0.06305683740797324)	(8, 0.07227334010701951)	(9, 0.08647595810041926)	(10, 0.1106900707572402)	(15, 0.14081152678396744)	(20, 0.1723781540767889)	(25, 0.2112322780754389)	(30, 0.24703140374471194)	(35, 0.27734580259019614)	(40, 0.3053064679245863)	(45, 0.33336845990340025)	(50, 0.3596492139121145)	(55, 0.3866894955596553)	(60, 0.4108132586251984)	(65, 0.43692724586496523)	(70, 0.4676211974326868)	(75, 0.49546491493163786)	(80, 0.5203237183636051)	(85, 0.5468598999551376)	(90, 0.5745490943213424)	(95, 0.602534246928135)	(100, 0.6291274247571559)	(105, 0.655810529983103)	(110, 0.6809788018749144)	(115, 0.7035784433305832)	(120, 0.7251567966493305)	(125, 0.7480173542143904)	(130, 0.7721022753995711)	(135, 0.7967444931290825)	(140, 0.8097919873760512)
NG-A0611_SKNBE2_libLAB6076_1 - polyg	(1, 0.0)	(2, 0.0)	(3, 0.0006691780475487101)	(4, 0.0009457153479552748)	(5, 0.0010998162863497727)	(6, 0.0012708049988149005)	(7, 0.0014312388524858847)	(8, 0.001718331011686593)	(9, 0.002072974267169821)	(10, 0.002751440590457378)	(15, 0.003973271044467451)	(20, 0.005095463631460808)	(25, 0.006386533959160464)	(30, 0.00787434685478296)	(35, 0.009863304445951397)	(40, 0.012101356704661625)	(45, 0.015305811834563648)	(50, 0.018437649535961966)	(55, 0.021663214383452277)	(60, 0.02569305947105634)	(65, 0.029663797349413195)	(70, 0.049493843857498596)	(75, 0.11895072544388881)	(80, 0.12758502213185013)	(85, 0.1325943581155507)	(90, 0.1370282431977946)	(95, 0.1411893907287978)	(100, 0.14562243142233816)	(105, 0.15089563887589236)	(110, 0.15624146375795023)	(115, 0.16217498317766604)	(120, 0.16875361556687993)	(125, 0.17632229371098448)	(130, 0.18508282651012373)	(135, 0.19571410248193705)	(140, 0.2030754831993246)
NG-A0611_SKNBE2_libLAB6076_2 - illumina_universal_adapter	(1, 0.002163746052799457)	(2, 0.0021954106291818876)	(3, 0.00250994542124737)	(4, 0.0030989065419605877)	(5, 0.0034071084187495835)	(6, 0.0036372043404619163)	(7, 0.0038356356857918174)	(8, 0.00403195605936289)	(9, 0.004160725336651443)	(10, 0.004925319307699212)	(15, 0.005874834404820378)	(20, 0.006557100477273826)	(25, 0.0071431062375246854)	(30, 0.008157217070466011)	(35, 0.009414934044376173)	(40, 0.010865171642691514)	(45, 0.012738025787124374)	(50, 0.015449357914164002)	(55, 0.01892443962354787)	(60, 0.023566888715564033)	(65, 0.029893893271125533)	(70, 0.03873422080274852)	(75, 0.0515237543007883)	(80, 0.06945561500333491)	(85, 0.09613238731400545)	(90, 0.13535213162128457)	(95, 0.19373527755521097)	(100, 0.2775606995152449)	(105, 0.39683102608342036)	(110, 0.5600509402817065)	(115, 0.7746983484685785)	(120, 1.0531798538650246)	(125, 1.3915614495012913)	(130, 1.801404505506132)	(135, 2.2754932982135188)	(140, 2.5918426816028894)
NG-A0611_SKNBE2_libLAB6076_2 - polya	(1, 0.02434372632281301)	(2, 0.02819624978267546)	(3, 0.03030299959798654)	(4, 0.034341288572625916)	(5, 0.03766818006454001)	(6, 0.04060876372458844)	(7, 0.04364645208554299)	(8, 0.05126494916315591)	(9, 0.061317396678698365)	(10, 0.07750728348585947)	(15, 0.1083578691580862)	(20, 0.13565400058279706)	(25, 0.1619292660649384)	(30, 0.18519639679074876)	(35, 0.20757480840609216)	(40, 0.231652130092941)	(45, 0.2570454315742437)	(50, 0.2843563398012664)	(55, 0.3162024597549567)	(60, 0.3407631939745773)	(65, 0.3691143890843508)	(70, 0.39959597689313425)	(75, 0.4314104322704422)	(80, 0.4597856924582663)	(85, 0.49736774487504604)	(90, 0.526660855583609)	(95, 0.5556782733804688)	(100, 0.5799949792647687)	(105, 0.6040849667821706)	(110, 0.6302065535202692)	(115, 0.6563935803828913)	(120, 0.6838037042825791)	(125, 0.7136971753593528)	(130, 0.7427517462591681)	(135, 0.7723517922614646)	(140, 0.7878442139995088)
NG-A0611_SKNBE2_libLAB6076_2 - polyg	(1, 0.13138477129774184)	(2, 0.1328793393029926)	(3, 0.13305243898721655)	(4, 0.13344296876259987)	(5, 0.13360340261627085)	(6, 0.1337997229898419)	(7, 0.13413325652773686)	(8, 0.13474121639427955)	(9, 0.1355539405214286)	(10, 0.13748759065251573)	(15, 0.13975308554409072)	(20, 0.14143299686976665)	(25, 0.1432737642434653)	(30, 0.14528425374657378)	(35, 0.14758141321453122)	(40, 0.15010233568892448)	(45, 0.1528558872511407)	(50, 0.1555098009463402)	(55, 0.15946449543932997)	(60, 0.16353782654516588)	(65, 0.16754360655471928)	(70, 0.17166591220536004)	(75, 0.17580088368655378)	(80, 0.18113953126463167)	(85, 0.1875522412736016)	(90, 0.1950010162218047)	(95, 0.20301257624091154)	(100, 0.21169880283414005)	(105, 0.2218901522914134)	(110, 0.23307070311487393)	(115, 0.24681144048744197)	(120, 0.26301652629126665)	(125, 0.2831349315416081)	(130, 0.30968251238063826)	(135, 0.3446663807566517)	(140, 0.3713072665474221)
NG-A2798_CCLF_PEDS_0051_T_libLAI2540_1 - polya	(1, 0.008455042409386014)	(2, 0.012670663484016548)	(3, 0.01499713891122973)	(4, 0.01795729626426952)	(5, 0.019899992496967996)	(6, 0.021467834632698617)	(7, 0.024011487433551904)	(8, 0.028985741799665)	(9, 0.037181956380192255)	(10, 0.05162454923051082)	(15, 0.07346664295367417)	(20, 0.09608284013740127)	(25, 0.12097791222809169)	(30, 0.14186323549423235)	(35, 0.161261042502564)	(40, 0.17967470875472932)	(45, 0.19903622036637048)	(50, 0.21786103611219415)	(55, 0.23750874585183776)	(60, 0.2554130865373293)	(65, 0.27499237052911374)	(70, 0.2983725560628515)	(75, 0.31868369805347785)	(80, 0.3364523772562572)	(85, 0.35802195800099)	(90, 0.3782361139316072)	(95, 0.39886974944692655)	(100, 0.4163706757233003)	(105, 0.43455526447176307)	(110, 0.45152068489532554)	(115, 0.46735678297595945)	(120, 0.48428947804185024)	(125, 0.5019421309765205)	(130, 0.5198827670587025)	(135, 0.5377877027506972)	(140, 0.5438656941801046)
NG-A2798_CCLF_PEDS_0051_T_libLAI2540_1 - polyg	(1, 0.0)	(2, 0.0)	(3, 0.00022610247118695883)	(4, 0.000345103771811674)	(5, 0.00043732977979582825)	(6, 0.0006128566982172832)	(7, 0.0007943336816699738)	(8, 0.00113646242096603)	(9, 0.0015886673633399475)	(10, 0.0026233836722718467)	(15, 0.003962743310803016)	(20, 0.005514520270949301)	(25, 0.008082568338430655)	(30, 0.010185916326972497)	(35, 0.013507837633911418)	(40, 0.01856658292346806)	(45, 0.022235393021728028)	(50, 0.09801542125954667)	(55, 0.10150751442637893)	(60, 0.10407199245484153)	(65, 0.10719637160274345)	(70, 0.1222423010472293)	(75, 0.13597326611981203)	(80, 0.14240052636655293)	(85, 0.14613181214764084)	(90, 0.14898129829109968)	(95, 0.1516499024576089)	(100, 0.154481538405974)	(105, 0.15742503557692633)	(110, 0.16006448442478252)	(115, 0.16291873062026632)	(120, 0.16631740776610818)	(125, 0.1693091004638135)	(130, 0.1720247101440695)	(135, 0.17492834187931255)	(140, 0.1766068552246242)
NG-A2798_CCLF_PEDS_0051_T_libLAI2540_2 - illumina_universal_adapter	(1, 6.247568282797546e-05)	(2, 6.842574785921123e-05)	(3, 7.14007803748291e-05)	(4, 7.14007803748291e-05)	(5, 8.032587792168274e-05)	(6, 8.032587792168274e-05)	(7, 8.330091043730063e-05)	(8, 9.222600798415427e-05)	(9, 9.222600798415427e-05)	(10, 0.00010888619007161439)	(15, 0.00012376135264970377)	(20, 0.00015232166479963542)	(25, 0.00022491245818071168)	(30, 0.0003248735507054725)	(35, 0.00042721466924272746)	(40, 0.0005819163600548572)	(45, 0.000740783096388852)	(50, 0.0009591504830352042)	(55, 0.0012560587280938686)	(60, 0.0015279767000213429)	(65, 0.0018665354002986578)	(70, 0.0023104102516288455)	(75, 0.0028631712930306473)	(80, 0.003588484220338286)	(85, 0.005139071167478325)	(90, 0.007479826750766472)	(95, 0.010636931256340165)	(100, 0.015958074413774302)	(105, 0.024388126550029133)	(110, 0.03493997187642263)	(115, 0.05084866075043767)	(120, 0.07020065225802885)	(125, 0.09152806535599031)	(130, 0.09933336066396538)	(135, 0.10199720477844962)	(140, 0.1022667427243646)
NG-A2798_CCLF_PEDS_0051_T_libLAI2540_2 - polya	(1, 0.008252740198323998)	(2, 0.010293612504037862)	(3, 0.011358674144629063)	(4, 0.01304849261350002)	(5, 0.014271230977418968)	(6, 0.01534819274807264)	(7, 0.0167226577702881)	(8, 0.021378583657230082)	(9, 0.0275547511596528)	(10, 0.03584378675466733)	(15, 0.05277231677503619)	(20, 0.06651518197768144)	(25, 0.08040203875408257)	(30, 0.09394617178468452)	(35, 0.1074028388593273)	(40, 0.12380181309191618)	(45, 0.14209171799143178)	(50, 0.16197802533882794)	(55, 0.1839944559674065)	(60, 0.20097415654704398)	(65, 0.22016371127928241)	(70, 0.24184931829212425)	(75, 0.26527888936562133)	(80, 0.2842417466201697)	(85, 0.30935280607149396)	(90, 0.3280604055362023)	(95, 0.34550242616876686)	(100, 0.3615473715319971)	(105, 0.3785597974693065)	(110, 0.3967259410161723)	(115, 0.4159369159825232)	(120, 0.4339894132872925)	(125, 0.4552234103642636)	(130, 0.47539115578763713)	(135, 0.4932925214406131)	(140, 0.499017079007165)
NG-A2798_CCLF_PEDS_0051_T_libLAI2540_2 - polyg	(1, 0.8879520048714372)	(2, 0.8940389213983915)	(3, 0.8968771024182909)	(4, 0.8993939799265036)	(5, 0.9020209336377942)	(6, 0.9053767703154112)	(7, 0.9101606226005247)	(8, 0.9151943776169502)	(9, 0.9195587503173616)	(10, 0.9293049568385257)	(15, 0.9368978348248858)	(20, 0.9406785061457329)	(25, 0.9433637704943296)	(30, 0.9454617634243434)	(35, 0.9473181837140888)	(40, 0.9491085582819878)	(45, 0.9506805654632403)	(50, 0.9521686767275522)	(55, 0.9535657519968865)	(60, 0.9550235179295392)	(65, 0.9564075030558048)	(70, 0.9579920053736227)	(75, 0.9595616325288627)	(80, 0.9610497437931749)	(85, 0.9625902156297619)	(90, 0.9641955431751892)	(95, 0.9660067429706973)	(100, 0.9678524531433867)	(105, 0.9697124434721509)	(110, 0.9717265404852242)	(115, 0.9736739967699476)	(120, 0.975639898256268)	(125, 0.9776885056465225)	(130, 0.9797531782123613)	(135, 0.982230785291368)	(140, 0.983560624825849)
