Gene	WGCNA_kTotal	Spearman_meanAbs	Variance	Variance_scaled	MX_Score	Rank_kTotal	Rank_MX	Pctl_kTotal	Pctl_MX	Rank_Sum	Rank_Prod	Rank_Combo
ENSG00000164692	25.69276990746721	0.1787757448701279	34.100071227340024	0.9226995057483731	0.16495629143146426	7	2	0.9988223748773307	0.9998037291462217	9	14	1
ENSG00000163359	26.062096523064188	0.18936286707711103	24.391045122719447	0.6599870460497878	0.12497703927374111	6	7	0.9990186457311089	0.9988223748773307	13	42	2
ENSG00000168542	24.912983709358386	0.18537173616475555	36.95685433328861	1	0.18537173616475555	13	1	0.9976447497546614	1	14	13	3
ENSG00000139329	20.49784419611866	0.18271530545224962	26.221377230096934	0.7095132338273235	0.12963892724117282	43	5	0.991756624141315	0.9992149165848871	48	215	4
ENSG00000113140	20.077192284693698	0.18074491627124548	20.80471053262781	0.5629459245909931	0.10174961400543792	49	18	0.9905789990186458	0.9966633954857703	67	882	5
ENSG00000038427	21.14884231488464	0.1847088862045148	16.309017513971344	0.44129885533253077	0.08151182005179906	36	33	0.9931305201177625	0.9937193326790972	69	1188	6
ENSG00000101825	18.26329149781258	0.18309883873795801	20.932433960753706	0.5664019391904513	0.10370753732469914	68	15	0.9868498527968597	0.997252208047105	83	1020	7
ENSG00000140937	19.252107723096874	0.1823274410958394	17.4396619043405	0.4718924870353983	0.08603894963351574	59	28	0.9886162904808636	0.9947006869479882	87	1652	8
ENSG00000087245	17.850911254471757	0.20267669130456187	22.733815054558715	0.6151447536507836	0.12467550334330062	81	8	0.9842983316977428	0.9986261040235525	89	648	9
ENSG00000116132	19.42072572006279	0.18772027439998748	15.773771587561948	0.42681586060623783	0.08012199047126978	56	36	0.9892051030421982	0.9931305201177625	92	2016	10
ENSG00000129514	20.76327593955208	0.2273239097852883	11.896613108970824	0.32190545769083595	0.07317680722350353	40	59	0.9923454367026496	0.9886162904808636	99	2360	11
ENSG00000113721	18.12888523376947	0.19766370854707777	16.003618109038236	0.4330351810982759	0.08559533982724064	72	29	0.9860647693817468	0.99450441609421	101	2088	12
ENSG00000148848	22.378766948752133	0.18309697038795353	12.992860666406601	0.3515683599375875	0.06437110158883384	25	91	0.9952894995093229	0.9823356231599607	116	2275	13
ENSG00000133110	16.00232117019206	0.1756899087449412	30.93206861959265	0.8369778537057689	0.1470485627391033	121	3	0.9764474975466143	0.9996074582924436	124	363	14
ENSG00000011465	15.530913697442019	0.2076408571827655	26.10214349316124	0.7062869382162196	0.14665402526820678	137	4	0.9733071638861629	0.9994111874386653	141	548	15
ENSG00000108821	18.63897522937743	0.1762854402728203	14.097054936800948	0.38144628895276755	0.06724342698847206	63	82	0.9878312070657508	0.9841020608439647	145	5166	16
ENSG00000078098	23.685127087987894	0.18472891068481884	11.343255934400238	0.3069323983070411	0.056699287593138636	22	139	0.9958783120706575	0.9729146221786065	161	3058	17
ENSG00000211592	14.883014797581017	0.1607778336830478	28.364110527178305	0.7674925541925668	0.12339579023095006	153	9	0.9701668302257115	0.9984298331697743	162	1377	18
ENSG00000087116	18.21241795558269	0.17748369696278532	12.829004962002085	0.34713465724939835	0.061610742312532565	70	107	0.9864573110893032	0.9791952894995093	177	7490	19
ENSG00000091831	14.53879649474405	0.22580547745164772	16.374508282816105	0.4430709425414189	0.10004784572551667	161	19	0.9685966633954858	0.9964671246319922	180	3059	20
ENSG00000091986	16.725509642381684	0.21778827125351416	11.06689812635927	0.29945454844599273	0.06521768842505446	98	88	0.9809617271835133	0.9829244357212954	186	8624	21
ENSG00000196628	17.157425078630645	0.206449226395947	11.188740514761173	0.3027514304615206	0.06250279860904727	89	102	0.9827281648675171	0.9801766437684004	191	9078	22
ENSG00000143341	17.987466371923787	0.1980447332681862	11.094548621366151	0.3002027315775309	0.05945356990165301	76	120	0.985279685966634	0.9766437684003926	196	9120	23
ENSG00000130635	21.37049903590404	0.17281285260319088	11.241132576618442	0.30416908525932296	0.05256432729736678	34	176	0.9935230618253189	0.9656526005888125	210	5984	24
ENSG00000186340	15.098565270581568	0.1688732950519973	15.756205752062169	0.42634055404087473	0.07199753417517664	150	64	0.9707556427870461	0.9876349362119725	214	9600	25
ENSG00000115648	17.833244437322964	0.21738494363318692	9.435124066125601	0.2553010594742904	0.05549860642331152	82	149	0.9841020608439647	0.9709519136408243	231	12218	26
ENSG00000094755	11.966717060992128	0.20747290829219128	19.375829082553324	0.5242824215452961	0.1087743987644752	245	12	0.9521099116781158	0.9978410206084396	257	2940	27
ENSG00000122870	18.210843958723103	0.22066477333719725	8.646242169181242	0.2339550355451439	0.05162563488966511	71	189	0.9862610402355251	0.9631010794896958	260	13419	28
ENSG00000174348	12.709999868781763	0.2221065227241523	12.789409452525724	0.34606325898808327	0.07686290709643091	216	47	0.957801766437684	0.9909715407262022	263	10152	29
ENSG00000104332	11.536101336948448	0.2253046092406772	20.758156408701602	0.5616862361038084	0.1265504979412353	258	6	0.949558390578999	0.9990186457311089	264	1548	30
ENSG00000142173	12.653294921522637	0.18273660090497823	14.901907543435433	0.4032244576079261	0.0736838667850259	218	54	0.9574092247301276	0.9895976447497546	272	11772	31
ENSG00000148516	19.376248972980402	0.21553778979060018	8.52580791298109	0.23069625558746573	0.04972376104228976	57	219	0.9890088321884201	0.9572129538763494	276	12483	32
ENSG00000113657	13.257919969959184	0.19690957810252938	12.61377073923757	0.34131072481122426	0.06720735082444668	197	83	0.9615309126594701	0.9839057899901864	280	16351	33
ENSG00000116962	12.362496610297187	0.17746423893962246	15.578749070693023	0.42153882822923544	0.07480806733520151	231	51	0.9548577036310107	0.9901864573110893	282	11781	34
ENSG00000173068	17.889783457078178	0.19930667231774937	9.33599729643163	0.25261882984511214	0.050348618341233053	80	209	0.9844946025515211	0.9591756624141315	289	16720	35
ENSG00000107485	12.806446245450555	0.22140702361637704	11.42478471395102	0.3091384513118648	0.06844542439033627	214	76	0.9581943081452404	0.985279685966634	290	16264	36
ENSG00000166147	26.57696465622147	0.19020686557063798	8.873034665544889	0.24009171845431038	0.04566709321666248	5	288	0.9992149165848871	0.9436702649656526	293	1440	37
ENSG00000144810	12.814514716788047	0.15967253834585654	15.580585849777218	0.42158852886305104	0.06731611054105877	213	80	0.9583905789990187	0.9844946025515211	293	17040	38
ENSG00000104415	14.117125038384037	0.18252671792121217	11.958063232317215	0.32356821077020287	0.05905984353552415	173	122	0.9662414131501472	0.9762512266928361	295	21106	39
ENSG00000112769	13.38721921957801	0.17840882373807146	12.374032620906485	0.33482375175423595	0.059735511710041274	191	118	0.9627085377821394	0.977036310107949	309	22538	40
ENSG00000223865	11.886525876952113	0.16628076738695954	14.960536829468714	0.40481088283515304	0.06731226424442181	248	81	0.9515210991167812	0.9842983316977428	329	20088	41
ENSG00000211896	12.188935471399839	0.1535214311174703	15.009866384091909	0.4061456705359223	0.06235206458283939	238	104	0.9534838076545633	0.979784102060844	342	24752	42
ENSG00000074410	10.693771096511997	0.19853682917240686	14.36266326609493	0.3886332731830444	0.07715801776865541	300	45	0.941315014720314	0.9913640824337586	345	13500	43
ENSG00000211899	11.133051464593924	0.16148087993657323	16.253272722198506	0.4397904804240466	0.07101775376660333	283	67	0.9446516192345437	0.9870461236506379	350	18961	44
ENSG00000028137	16.34039466645289	0.1959743942422525	8.87047179380501	0.24002237078427419	0.04703823871903746	111	259	0.9784102060843964	0.9493621197252208	370	28749	45
ENSG00000007237	12.917840677670627	0.2185549674663107	9.094301873639848	0.24607889490876456	0.053781764870930726	208	166	0.9593719332679097	0.9676153091265947	374	34528	46
ENSG00000261175	15.000141330398316	0.21670492220963067	8.450660135089768	0.2286628634266066	0.04955236803109419	152	223	0.9703631010794896	0.9564278704612366	375	33896	47
ENSG00000136859	13.47517209274678	0.19216400454466218	9.937212888768657	0.2688868700553279	0.05167037771931202	189	188	0.9631010794896958	0.963297350343474	377	35532	48
ENSG00000169554	11.081720568351844	0.208778641106079	11.125333043904849	0.30103571433794324	0.06284982736387357	284	101	0.9444553483807655	0.9803729146221786	385	28684	49
ENSG00000124664	11.65100288623375	0.1717860940697557	12.466172270198134	0.33731691982694867	0.057946356120712444	253	132	0.9505397448478901	0.974288518155054	385	33396	50
ENSG00000183801	19.803319260269692	0.2087623120419646	7.650387029413016	0.20700860956453176	0.043215595945284	51	336	0.9901864573110893	0.9342492639842983	387	17136	51
ENSG00000115956	16.85794288574712	0.16092766464113495	10.421369617106	0.28198746362779664	0.045379583979698296	92	295	0.9821393523061825	0.9422963689892051	387	27140	52
ENSG00000151388	15.496312015018294	0.16061220849602387	11.008157132318257	0.29786510055870047	0.047840771634623115	139	250	0.9729146221786065	0.9511285574092248	389	34750	53
ENSG00000122641	11.154020719915575	0.15668067830951213	13.481263109758341	0.364783836529485	0.057154578943785894	280	134	0.9452404317958784	0.9738959764474976	414	37520	54
ENSG00000000971	10.214341449057876	0.20815782808741026	11.350021262878771	0.30711545848899063	0.0639284868111375	323	96	0.9368007850834151	0.9813542688910697	419	31008	55
ENSG00000121297	13.258819796790101	0.20178481970107393	9.016950260114827	0.24398587008507583	0.04923264480472667	196	226	0.9617271835132483	0.9558390578999019	422	44296	56
ENSG00000174099	20.895969199563375	0.21630045448645255	6.889621110898983	0.18642336408738144	0.04032345837899402	37	387	0.9929342492639843	0.9242394504416094	424	14319	57
ENSG00000106624	17.630944575210542	0.17457756194596946	9.093159347826468	0.2460479797826265	0.04295445643218212	84	341	0.9837095191364083	0.9332679097154073	425	28644	58
ENSG00000187955	9.68572740287551	0.22073885014600786	11.172210380746485	0.30230414850766124	0.06673027013594914	344	85	0.9326790971540726	0.98351324828263	429	29240	59
ENSG00000172061	14.19854313152693	0.16185889273356738	10.691314813723585	0.2892917973295542	0.046824449992665225	169	264	0.9670264965652601	0.9483807654563298	433	44616	60
ENSG00000170989	10.435447388114252	0.1886483451485379	11.495955409854707	0.31106422928154387	0.05868175208886862	316	124	0.9381746810598626	0.9758586849852797	440	39184	61
ENSG00000137809	12.238610793693812	0.14901590058441092	12.53516564508787	0.33918378258175813	0.050543776825047716	237	206	0.9536800785083415	0.9597644749754661	443	48822	62
ENSG00000165757	16.834710641878495	0.19483122222789895	7.948919116557581	0.2150864639309318	0.041905558652340344	93	359	0.9819430814524043	0.9297350343473995	452	33387	63
ENSG00000100146	9.066804666830784	0.19723216140052185	12.854066342401115	0.3478127826161576	0.06859986687811462	380	74	0.9256133464180569	0.9856722276741904	454	28120	64
ENSG00000115414	10.775589841736155	0.15514769786895594	13.032747908775344	0.3526476520767135	0.05471247137859464	297	157	0.9419038272816487	0.9693817468105986	454	46629	65
ENSG00000137507	10.049532893270387	0.20381186097430784	10.589803305607086	0.2865450400649603	0.058401277868597154	329	127	0.9356231599607459	0.975269872423945	456	41783	66
ENSG00000134853	8.81347624510476	0.22324084185278653	11.720883813392915	0.31715047248584183	0.07080093847174834	393	68	0.9230618253189401	0.9868498527968597	461	26724	67
ENSG00000148468	11.14381825796606	0.23507957336782906	8.217418694381637	0.22235168124089658	0.052270338363729484	281	183	0.9450441609421001	0.9642787046123651	464	51423	68
ENSG00000204287	13.248038504278291	0.15006242228502864	11.514834230549067	0.3115750633618502	0.04675570873169052	200	266	0.9609421000981354	0.9479882237487733	466	53200	69
ENSG00000106541	8.010393620920107	0.1800613492177106	19.077260545625364	0.5162035808995157	0.09294831324778043	446	23	0.9126594700686947	0.9956820412168793	469	10258	70
ENSG00000154096	8.738864698877535	0.15609537390415096	16.229018991637844	0.43913420891506116	0.06854681853470002	395	75	0.9226692836113837	0.9854759568204121	470	29625	71
ENSG00000043462	15.073239063324467	0.1585016469651153	10.198954623275993	0.27596922972119303	0.04374157742250334	151	322	0.9705593719332679	0.9369970559371933	473	48622	72
ENSG00000165633	9.858602393641688	0.19803769332539511	10.583558342400556	0.28637606022835915	0.05671325439123867	336	138	0.9342492639842983	0.9731108930323847	474	46368	73
ENSG00000163430	19.262388187652192	0.20857520804580312	6.8697511985564566	0.18588571247441316	0.038771151152093064	58	417	0.9888125613346418	0.918351324828263	475	24186	74
ENSG00000178033	16.986858116986383	0.1805201526014117	8.326674501095908	0.2253079882287416	0.0406726324173695	91	385	0.9823356231599607	0.9246319921491658	476	35035	75
ENSG00000170624	10.64325796467638	0.18841345111776772	10.35027504264617	0.2800637453962968	0.052767776803084115	303	173	0.9407262021589794	0.9662414131501472	476	52419	76
ENSG00000165617	21.97572410169425	0.18031310872495238	7.6764640567279505	0.20771421689462982	0.037453596174639725	29	455	0.99450441609421	0.9108930323846909	484	13195	77
ENSG00000211895	7.731071974920648	0.17140001338853111	22.35868999215038	0.6049944021347877	0.10369604862588899	471	16	0.9077526987242395	0.9970559371933267	487	7536	78
ENSG00000196126	9.805592044281177	0.14793929028835226	13.857341094200356	0.3749599727625752	0.05547131225703527	339	150	0.9336604514229637	0.9707556427870461	489	50850	79
ENSG00000119866	12.749642694393378	0.23005361336367997	7.454543848995014	0.20170937119722307	0.04640396969323696	215	276	0.9579980372914623	0.9460255152109912	491	59340	80
ENSG00000131016	13.76018814214461	0.21157208203926606	7.748067039800982	0.20965169194126915	0.04435644496706913	181	311	0.9646712463199215	0.9391560353287537	492	56291	81
ENSG00000122862	8.653735158565826	0.1757067966015735	12.731800983510043	0.3445044556198055	0.060531774311924975	398	114	0.9220804710500491	0.9778213935230619	512	45372	82
ENSG00000026751	17.703590557833277	0.16434392379918603	8.611426193243247	0.2330129646745007	0.03829426491068857	83	434	0.9839057899901864	0.9150147203140334	517	36022	83
ENSG00000277734	15.645019005045137	0.15244975800072802	9.690039845601907	0.2621987184897843	0.03997213118186863	130	390	0.9746810598626104	0.9236506378802748	520	50700	84
ENSG00000162618	9.332693820430967	0.18412746049947962	10.835681555236805	0.293198156355982	0.05398583195295632	357	164	0.9301275760549559	0.9680078508341511	521	58548	85
ENSG00000082074	13.080352046318186	0.16356987388310348	9.947831614958844	0.2691741977075795	0.044028789571614345	204	318	0.9601570166830226	0.9377821393523061	522	64872	86
ENSG00000157554	11.240338697507434	0.20477967718017398	8.521021066301634	0.2305667303135805	0.04721538060210325	271	258	0.9470068694798822	0.949558390578999	529	69918	87
ENSG00000138755	8.259515308787805	0.15186025651420237	14.898546789459294	0.4031335203775593	0.061219959814009586	422	108	0.917369970559372	0.9789990186457311	530	45576	88
ENSG00000169744	10.45592807000123	0.20598607106153835	8.936107251480243	0.24179837306745858	0.04980709685723788	314	217	0.938567222767419	0.9576054955839058	531	68138	89
ENSG00000119865	12.150721195920564	0.22441294379930518	7.492811590365158	0.2027448419389976	0.045498566819655285	240	291	0.9530912659470069	0.943081452404318	531	69840	90
ENSG00000134830	9.21496085314156	0.21085125521418566	9.449055125712434	0.25567801416478425	0.0539100302173151	367	165	0.9281648675171736	0.9678115799803729	532	60555	91
ENSG00000102243	10.859901379842428	0.21661853852021604	8.27005389146082	0.22377591493255505	0.04847401164871427	294	240	0.9424926398429834	0.9530912659470069	534	70560	92
ENSG00000182492	7.99584081151303	0.1690360398708079	14.4087515003568	0.3898803553574695	0.06590383129304997	448	87	0.9122669283611384	0.9831207065750736	535	38976	93
ENSG00000185811	11.600865714577917	0.18044489648601914	9.436531606490943	0.2553391455178873	0.04607464568180375	254	283	0.9503434739941119	0.9446516192345437	537	71882	94
ENSG00000186832	8.519690069063486	0.20939124620761174	10.231934557711876	0.27686161991594443	0.05797239962125774	408	130	0.920117762512267	0.9746810598626104	538	53040	95
ENSG00000180447	8.972935477578059	0.2184751729302403	9.197917477462724	0.24888258601538413	0.054374666019036455	384	160	0.9248282630029441	0.9687929342492639	544	61440	96
ENSG00000167601	9.239543403138361	0.19052059509585095	10.040399939798776	0.271678965131915	0.05176043811195738	364	187	0.9287536800785083	0.9634936211972522	551	68068	97
ENSG00000126785	8.584379604006735	0.20785364598461248	9.780630680454184	0.26464997784306427	0.05500846280442782	402	156	0.9212953876349362	0.9695780176643768	558	62712	98
ENSG00000115935	10.67616497334541	0.2168082198175153	8.003495682885383	0.21656322831773844	0.04695268800950299	301	262	0.9411187438665358	0.9487733071638862	563	78862	99
ENSG00000065371	16.41227417434403	0.21046876285097618	6.561564567749048	0.17754661986582468	0.037368017431532674	109	461	0.9788027477919529	0.9097154072620216	570	50249	100
ENSG00000162745	12.11093651398914	0.169819279999713	9.473883537784172	0.25634983573941905	0.04353314453331284	242	328	0.9526987242394505	0.935819430814524	570	79376	101
ENSG00000177469	10.026528138245531	0.21630269024277032	8.25387956611771	0.22333826065610488	0.04830866661405655	332	243	0.9350343473994112	0.9525024533856722	575	80676	102
ENSG00000182866	21.439380007405134	0.1941988128705474	6.591390999327248	0.17835368075118077	0.03463607307297191	33	545	0.9937193326790972	0.8932286555446516	578	17985	103
ENSG00000127920	7.760762869522144	0.19664882475436238	11.306025531871805	0.30592499648131544	0.060159791021033124	467	115	0.9085377821393523	0.9776251226692836	582	53705	104
ENSG00000165140	8.918711789624384	0.2018489470360403	9.355429855601102	0.25314464730225344	0.05109698050576966	388	196	0.9240431795878312	0.9617271835132483	584	76048	105
ENSG00000166033	15.949912487727651	0.197937439800522	6.950024206668536	0.18805778608728485	0.03722367671267139	122	463	0.9762512266928361	0.9093228655544652	585	56486	106
ENSG00000262655	14.070497113940686	0.1875541773472227	7.665293569092943	0.20741195936117557	0.03890097940996087	174	411	0.966045142296369	0.9195289499509323	585	71514	107
ENSG00000169083	6.944150449199995	0.18623203861687956	15.286001205834479	0.41361748670437376	0.0770288277565456	544	46	0.8934249263984299	0.9911678115799804	590	25024	108
ENSG00000154451	12.141256167148583	0.17962860640534786	8.7435905264061	0.23658914385823082	0.042498178201888365	241	350	0.9528949950932286	0.9315014720314033	591	84350	109
ENSG00000145147	11.161511872383421	0.20754497080957818	7.8663456699527945	0.21285214371904057	0.04417639195492441	278	315	0.9456329735034348	0.9383709519136408	593	87570	110
ENSG00000196735	9.62560590308429	0.1411268312764574	12.559544788954131	0.3398434475967078	0.047961028889390175	346	248	0.9322865554465162	0.9515210991167812	594	85808	111
ENSG00000050165	7.482884686723639	0.17925221628181548	12.782307613102285	0.34587109329780585	0.06199816002144627	491	105	0.9038272816486752	0.9795878312070657	596	51555	112
ENSG00000204385	6.905491961799319	0.18674954979040584	14.803883558480502	0.4005720677678461	0.07480665331425719	548	52	0.892639842983317	0.9899901864573111	600	28496	113
ENSG00000144642	12.475901838156595	0.22089261318769987	6.837964622579432	0.18502561286500477	0.0408707911324066	225	380	0.95603532875368	0.9256133464180569	605	85500	114
ENSG00000248360	10.811876920548606	0.20942620632110656	7.846336530460153	0.21231072481709093	0.044463429659727764	296	309	0.9421000981354268	0.9395485770363101	605	91464	115
ENSG00000197471	14.120453687649576	0.16605389999194664	8.519587758463981	0.23052794703877233	0.03828006466292507	171	435	0.9666339548577036	0.9148184494602551	606	74385	116
ENSG00000113083	14.826110557538348	0.18901077674555933	7.3111308225600125	0.19782881834654867	0.03739177861833732	155	459	0.9697742885181551	0.910107948969578	614	71145	117
ENSG00000184347	7.711759944890183	0.20003829967750783	10.353441803350213	0.2801494334441887	0.05604061632179265	475	142	0.9069676153091266	0.9723258096172719	617	67450	118
ENSG00000127951	7.717168366777793	0.1709367013994337	12.08062275712017	0.32688449747841875	0.055876557737572406	474	144	0.9071638861629048	0.9719332679097155	618	68256	119
ENSG00000163064	8.085099569075732	0.18005083662219312	10.697252730317505	0.2894524689208203	0.05211615919155305	439	184	0.9140333660451423	0.9640824337585868	623	80776	120
ENSG00000152377	10.904878171923281	0.16493661185680755	9.717522821823769	0.26294236880087446	0.043368823423619376	293	331	0.9426889106967615	0.9352306182531894	624	96983	121
ENSG00000157227	9.008005948625991	0.1717809051390898	10.34491121463542	0.2799186078268929	0.04808467181777756	382	247	0.9252208047105005	0.9517173699705593	629	94354	122
ENSG00000182326	7.743460782584089	0.235798714733982	8.502250442809542	0.2300588238959289	0.05424757498787154	469	161	0.9081452404317959	0.9685966633954858	630	75509	123
ENSG00000198844	10.551710653743337	0.19373738538615176	8.340206966219773	0.2256741575190666	0.04372152122696653	309	324	0.9395485770363101	0.9366045142296369	633	100116	124
ENSG00000234456	7.835099340266706	0.22076326378065594	8.801938022746306	0.23816794425650092	0.05257873270199447	461	174	0.9097154072620216	0.966045142296369	635	80214	125
ENSG00000163879	7.087026249323121	0.2013520108334309	11.2353508262531	0.3040126393044481	0.06121355624272916	528	110	0.8965652600588813	0.9786064769381747	638	58080	126
ENSG00000183853	8.12313968483002	0.21043130594131165	8.83631998737502	0.23909827139740547	0.0503137614984662	436	210	0.914622178606477	0.9589793915603533	646	91560	127
ENSG00000174607	10.045674956068646	0.19805205423880265	8.182058490976226	0.22139488434778115	0.043847711643040195	330	320	0.9354268891069676	0.9373895976447497	650	105600	128
ENSG00000122707	18.03892901968873	0.21510695433409538	5.7438913262498	0.15542154303636263	0.0334322547604575	74	578	0.9856722276741904	0.8867517173699706	652	42772	129
ENSG00000151702	7.902132358427931	0.21421601988792133	8.813891898513589	0.23849139916041343	0.051088678305645306	455	197	0.9108930323846909	0.9615309126594701	652	89635	130
ENSG00000144218	6.265150293603444	0.20652263418219335	16.168048770027752	0.4374844412952242	0.09035043923001483	628	25	0.8769381746810598	0.9952894995093229	653	15700	131
ENSG00000185479	6.589189539124947	0.19838538849599965	13.084034493467724	0.3540353942321974	0.07023544922608888	583	70	0.8857703631010795	0.9864573110893032	653	40810	132
ENSG00000198542	7.524736307553517	0.18072976239533547	10.817885886539262	0.29271663083064764	0.05290260713918608	487	172	0.9046123650637881	0.9664376840039254	659	83764	133
ENSG00000168685	7.349742256979355	0.18940854060152487	10.443223631866113	0.2825788022347848	0.05352283853621751	505	168	0.9010794896957802	0.9672227674190382	673	84840	134
ENSG00000142156	12.453133358731305	0.17431005303340927	7.95477021783518	0.2152447864230149	0.03751933013656058	227	453	0.9556427870461237	0.9112855740922473	680	102831	135
ENSG00000081237	19.747691369509262	0.17530961114217675	6.808770019799406	0.18423564836973846	0.032298279874225656	52	629	0.9899901864573111	0.8767419038272817	681	32708	136
ENSG00000168350	7.830224943756496	0.20083043068005055	9.142195025128846	0.24737481558039645	0.0496803907524091	462	220	0.9095191364082433	0.9570166830225711	682	101640	137
ENSG00000120262	6.474031417150858	0.21091344656364183	11.124152717288425	0.30100377637575143	0.06348574390408145	592	98	0.8840039254170755	0.9809617271835133	690	58016	138
ENSG00000139865	12.599993437842421	0.20154514733890325	6.752308084780135	0.18270786858334	0.03682388429360623	221	473	0.9568204121687929	0.907360157016683	694	104533	139
ENSG00000183722	13.253118035712209	0.22282477734469316	5.941070650920499	0.1607569355698416	0.03582062837496514	198	506	0.9613346418056918	0.900883218842002	704	100188	140
ENSG00000167613	8.038385036629657	0.15137362594110462	11.348414780574332	0.30707198935901675	0.04648260045422266	443	273	0.9132482826300294	0.9466143277723258	716	120939	141
ENSG00000178568	6.231360325223318	0.19993235114534835	11.97447065939158	0.32401217244849934	0.06478051543734054	633	90	0.8759568204121688	0.982531894013739	723	56970	142
ENSG00000176532	10.989555748205504	0.18824823340345528	7.431639011596103	0.20108959882178365	0.03785476173401032	290	442	0.9432777232580962	0.9134445534838076	732	128180	143
ENSG00000186081	5.680660686344157	0.19543390890221077	18.8508360286321	0.5100768549895858	0.09968631361116087	715	20	0.8598626104023552	0.9962708537782139	735	14300	144
ENSG00000211897	5.955061917909074	0.1386769543892999	18.614685443452284	0.5036869554854198	0.06984977295233688	663	72	0.8700686947988223	0.9860647693817468	735	47736	145
ENSG00000092068	7.237576021193825	0.19334003968030664	9.427213738705834	0.2550870172468749	0.049318534036441854	515	225	0.8991167811579981	0.95603532875368	740	115875	146
ENSG00000129009	5.85851358044329	0.1688424437900632	15.42273464687181	0.41731729945911267	0.0704608726765462	679	69	0.8669283611383709	0.9866535819430815	748	46851	147
ENSG00000163520	6.724791140215132	0.20906251153723482	9.253358343731291	0.25038273713129305	0.05234564387023539	567	181	0.8889106967615309	0.9646712463199215	748	102627	148
ENSG00000106823	18.410873133785106	0.20628143838632504	5.5694496470070485	0.1507013989009992	0.03108690133212946	67	682	0.9870461236506379	0.8663395485770363	749	45694	149
ENSG00000164694	5.795093178270567	0.17578828427158064	15.199493442089299	0.4112767094573433	0.07229762711636774	690	63	0.8647693817468106	0.9878312070657508	753	43470	150
ENSG00000107562	5.691470292363711	0.2040912439917651	14.107777291852443	0.38173642065485447	0.07790906096841298	713	41	0.8602551521099117	0.9921491658488715	754	29233	151
ENSG00000110777	16.230714758459406	0.18395084207238152	6.413717089772861	0.17354607705331007	0.031923947012314796	114	643	0.9778213935230619	0.8739941118743867	757	73302	152
ENSG00000211598	22.40045739593498	0.1630696684356819	6.7458899094734095	0.18253420187326658	0.02976579177764541	24	745	0.995485770363101	0.8539744847890088	769	17880	153
ENSG00000137699	6.4156385954097175	0.21899221294427024	9.009257126868317	0.24377770482357572	0.053385419045789945	604	169	0.881648675171737	0.9670264965652601	773	102076	154
ENSG00000182175	11.38956830701179	0.23962680504676911	5.511341114984676	0.14912906453784344	0.03573532127481686	263	510	0.9485770363101079	0.9000981354268891	773	134130	155
ENSG00000204291	5.927419126583642	0.1811155575068037	12.491326303210665	0.33799755224186373	0.061216615110220154	666	109	0.8694798822374877	0.9788027477919529	775	72594	156
ENSG00000243466	20.711335363139348	0.165343423120627	6.6930798522143755	0.18110523671344056	0.029944559783271714	41	737	0.9921491658488715	0.8555446516192345	778	30217	157
ENSG00000271503	16.38136998663166	0.1820280830871002	6.333214543111346	0.17136779245323241	0.031193750763129934	110	674	0.9786064769381747	0.867909715407262	784	74140	158
ENSG00000183160	5.6013465753045795	0.20920087149882657	13.00241866987223	0.35182698593912515	0.07360251207527038	731	55	0.8567222767419038	0.9894013738959765	786	40205	159
ENSG00000163453	5.9841331654929215	0.18100069236078528	11.924993400324878	0.3226733880752272	0.058404106648016485	661	126	0.8704612365063789	0.9754661432777233	787	83286	160
ENSG00000261371	8.1428311763878245	0.191593035768136	8.187389338944412	0.22153912952406454	0.04244535436694581	435	352	0.9148184494602551	0.9311089303238469	787	153120	161
ENSG00000160791	19.523064679789737	0.15732663642448697	7.047777511284344	0.19070285170175078	0.030002638214794198	54	734	0.9895976447497546	0.8561334641805691	788	39636	162
ENSG00000100368	13.61563418257645	0.20057525001445	6.011697688920436	0.16266800292863248	0.032627175356761746	185	611	0.9638861629048087	0.8802747791952895	796	113035	163
ENSG00000122786	11.33189207599457	0.21797701999308755	5.930136907395752	0.16046108399583744	0.03497682891427316	266	530	0.9479882237487733	0.8961727183513248	796	140980	164
ENSG00000198729	10.395899204296981	0.2230317664278853	6.081669798576149	0.16456134885641852	0.03670240832120249	318	478	0.9377821393523061	0.9063788027477919	796	152004	165
ENSG00000185070	6.2926724845394055	0.2106174550766653	9.204915752813736	0.24907194940892136	0.052458900115490946	621	177	0.8783120706575074	0.9654563297350344	798	109917	166
ENSG00000165124	10.838275633247399	0.20935949833303794	6.334325983805191	0.17139786646017635	0.03588377133745555	295	503	0.9422963689892051	0.9014720314033366	798	148385	167
ENSG00000163219	15.495178496427721	0.17679471460992738	6.566314764586013	0.1776751534470144	0.03141202804693997	140	661	0.9727183513248283	0.8704612365063789	801	92540	168
ENSG00000109846	6.679170738925782	0.21693405097298232	8.373602613224802	0.2265777963056326	0.04915243921311211	573	228	0.8877330716388616	0.9554465161923454	801	130644	169
ENSG00000280916	16.22730420508617	0.2121830430388004	5.385568305547107	0.14572583091023786	0.03092055025189195	115	692	0.9776251226692836	0.8643768400392542	807	79580	170
ENSG00000162733	10.183786938656446	0.20973723659679058	6.45447948474349	0.17464904957913763	0.036630409032984194	325	483	0.9364082433758587	0.9053974484789009	808	156975	171
ENSG00000154133	6.992944898291908	0.16774975372990478	10.129091179499552	0.27407882413779594	0.04597665525169715	538	287	0.8946025515210991	0.9438665358194308	825	154406	172
ENSG00000123384	15.518499239745088	0.209502625521539	5.442179615734694	0.14725765257658013	0.03085086484293216	138	694	0.9731108930323847	0.8639842983316978	832	95772	173
ENSG00000179776	10.629675265229832	0.17900732773817754	7.230596974681799	0.19564968677999447	0.035022727603298255	304	528	0.9405299313052011	0.8965652600588813	832	160512	174
ENSG00000211673	18.60157192735183	0.1585951065766749	6.8681178863380365	0.1858415173650651	0.029473555252883477	64	770	0.9876349362119725	0.8490677134445535	834	49280	175
ENSG00000168497	7.3782122298625294	0.18842611443059015	8.502662230082725	0.2300699662748086	0.0433511897923391	502	332	0.9016683022571148	0.9350343473994112	834	166664	176
ENSG00000211666	20.29596158532907	0.16489014484399048	6.56182952794928	0.17755378931260288	0.029276870037354456	46	789	0.9911678115799804	0.8453385672227675	835	36294	177
ENSG00000211893	5.4867019833631785	0.13048022036647736	18.469012595311746	0.4997452550683114	0.06520687100841471	751	89	0.8527968596663396	0.9827281648675171	840	66839	178
ENSG00000149131	5.2605384409023666	0.2230353517367945	12.273113724890374	0.33209302973157695	0.07406848569552002	792	53	0.8447497546614328	0.9897939156035329	845	41976	179
ENSG00000130300	5.717471774544458	0.14679453167878168	14.239345640535813	0.3852964733448601	0.05655941536214493	708	140	0.8612365063788028	0.9727183513248283	848	99120	180
ENSG00000124491	5.56244052053708	0.17278134927255503	12.958534602891286	0.35063954540143266	0.060583973762774856	739	112	0.8551521099116781	0.9782139352306183	851	82768	181
ENSG00000140511	10.932171722793049	0.25590576599821213	4.918837958770368	0.13309677047756094	0.03406023100094846	291	562	0.943081452404318	0.889892051030422	853	163542	182
ENSG00000102359	14.365496853547649	0.16984186270579724	6.724966921870356	0.18196805553910178	0.03090579350571301	166	693	0.9676153091265947	0.8641805691854759	859	115038	183
ENSG00000175356	5.453859965764085	0.2028906847077229	11.451135367431027	0.30985146257744406	0.062865975400027	762	100	0.8506378802747792	0.9805691854759568	862	76200	184
ENSG00000144681	9.85773818451112	0.23569938631487694	5.514245121675836	0.149207642835254	0.03516814984975872	337	525	0.9340529931305201	0.8971540726202158	862	176925	185
ENSG00000151617	9.448931485299116	0.17649519602326025	7.48857097089259	0.20263009679769511	0.0357632386545214	353	509	0.9309126594700687	0.9002944062806673	862	179677	186
ENSG00000181092	7.477899517429463	0.14281894747875198	10.610666137545003	0.28710955867224675	0.04100468498065927	493	378	0.9034347399411188	0.9260058881256134	871	186354	187
ENSG00000164330	6.8729752720008275	0.1968805959484726	8.17530896997978	0.22121225189385046	0.043552399983964915	554	327	0.8914622178606477	0.9360157016683023	881	181158	188
ENSG00000111799	10.507846849858703	0.15830256582874216	7.8549333771398695	0.21254334328083213	0.03364615659117487	312	570	0.9389597644749754	0.8883218842001963	882	177840	189
ENSG00000141338	8.707014252600478	0.2023469754056181	6.676221754910237	0.18064908053867237	0.03655379505680626	396	486	0.9224730127576055	0.9048086359175662	882	192456	190
ENSG00000128422	5.109641401593111	0.19922604258675058	13.339400032394764	0.3609452230997755	0.07190968838876007	820	65	0.8392541707556428	0.9874386653581944	885	53300	191
ENSG00000107742	11.550340549402394	0.1965027802681886	6.077613540126486	0.16445159226260556	0.032315195099132527	257	628	0.9497546614327772	0.8769381746810598	885	161396	192
ENSG00000211677	21.440694422916888	0.17022435806535416	6.097724752183279	0.16499577310319938	0.028086299559988943	32	857	0.9939156035328753	0.8319921491658488	889	27424	193
ENSG00000169245	6.461582062458761	0.17329316919791324	9.700947564846565	0.2624938658837235	0.04548839391400244	597	292	0.8830225711481845	0.9428851815505397	889	174324	194
ENSG00000182463	7.22355196435072	0.21065722368664203	7.252489015041276	0.19624205430570565	0.04133980633060319	518	371	0.8985279685966634	0.9273797841020608	889	192178	195
ENSG00000137573	6.045930667311448	0.14382753375853788	12.464369376044251	0.33726813607123113	0.048508444226464144	657	237	0.8712463199214917	0.9536800785083415	894	155709	196
ENSG00000164035	6.279782712547262	0.17260716617222469	9.99270340072765	0.27038836451312354	0.046670969364552777	626	268	0.8773307163886163	0.9475956820412169	894	167768	197
ENSG00000132465	4.992697429158277	0.16651570554230355	16.32935298916387	0.44184910441512676	0.07357481536491978	839	56	0.8355250245338567	0.9892051030421982	895	46984	198
ENSG00000013725	16.487573354889424	0.19557024260716446	5.500792920679839	0.14884364537825506	0.029109387837160095	103	800	0.9799803729146221	0.8431795878312071	903	82400	199
ENSG00000170801	6.875600455201828	0.1627244129846171	9.59462339514218	0.25961688483047907	0.04224600518493465	553	354	0.8916584887144259	0.9307163886162905	907	195762	200
ENSG00000086991	9.525428165603822	0.15451591436055323	8.199233792250114	0.22185962361154518	0.03428084260202609	350	558	0.9315014720314033	0.8906771344455349	908	195300	201
ENSG00000211772	8.677705700206644	0.15871369231174598	8.26603733632021	0.22366723265390687	0.03549905234365188	397	518	0.9222767419038272	0.8985279685966634	915	205646	202
ENSG00000134874	8.232767061585221	0.24104994391042192	5.5971948152520286	0.1514521437559256	0.03650753075747903	427	489	0.9163886162904809	0.9042198233562316	916	208803	203
ENSG00000105974	6.81848164668548	0.20015019642510656	7.70634494110844	0.20852275119549357	0.04173586961088166	559	360	0.8904808635917566	0.9295387634936212	919	201240	204
ENSG00000147168	16.425066701970994	0.1815470549904662	5.888935225355496	0.15934622498568773	0.02892883786999985	107	814	0.9791952894995093	0.8404317958783121	921	87098	205
ENSG00000211966	20.417796079111294	0.16222276616997297	6.326680924305214	0.17119100200599335	0.027771077888821633	45	879	0.9913640824337586	0.8276741903827282	924	39555	206
ENSG00000120156	10.74782708309633	0.19907957349202604	6.006436721809939	0.16252564862912822	0.03235553681060173	298	626	0.9417075564278705	0.8773307163886163	924	186548	207
ENSG00000196569	11.191936823235434	0.21334801505256695	5.480111176093865	0.14828402673757046	0.031636102768462425	276	651	0.9460255152109912	0.8724239450441609	927	179676	208
ENSG00000159403	5.515131847410432	0.23280116205428908	8.232709318302135	0.22276542381169556	0.051860049528878925	746	186	0.8537782139352306	0.9636898920510304	932	138756	209
ENSG00000239951	20.858047899596528	0.156767235576445	6.500999245705263	0.17590780825329977	0.02757658081618116	39	896	0.9925417075564279	0.8243375858684985	935	34944	210
ENSG00000206075	5.351484531491605	0.19269233410703027	10.43768762819393	0.2824290058364697	0.05442190435415742	776	159	0.8478900883218842	0.9689892051030422	935	123384	211
ENSG00000099139	9.314235756577652	0.2142797713750378	5.777999322732159	0.15634445698825802	0.033501454499198356	361	575	0.929342492639843	0.8873405299313052	936	207575	212
ENSG00000211947	18.0245736229237	0.15921765972042823	6.503225597327585	0.17596805016680905	0.028017221133126248	75	865	0.9854759568204121	0.8304219823356231	940	64875	213
ENSG00000196159	10.998779982206127	0.20878905050941773	5.587084227570084	0.1511785656101569	0.03156442917112037	289	656	0.9434739941118744	0.8714425907752699	945	189584	214
ENSG00000173467	4.598055467516856	0.19679824284065098	16.750840825724886	0.45325396676515	0.08919958421993635	920	26	0.8196270853778214	0.9950932286555446	946	23920	215
ENSG00000112936	5.515501742425914	0.1865939757621961	10.093967245061933	0.27312842034745005	0.050964117846279	745	201	0.8539744847890088	0.9607458292443573	946	149745	216
ENSG00000241351	19.55938648124198	0.16054241631926955	6.353988991885234	0.17192991953760323	0.027602044720144412	53	894	0.9897939156035329	0.824730127576055	947	47382	217
ENSG00000211949	20.231497562347013	0.1572919685032539	6.4434368617805156	0.1743502518821424	0.027423894327580325	47	905	0.9909715407262022	0.8225711481844946	952	42535	218
ENSG00000196616	6.6675275309998545	0.16002553897494767	9.484545508285402	0.25663833352132104	0.04106868764338178	575	377	0.8873405299313052	0.9262021589793916	952	216775	219
ENSG00000163513	11.571579661575987	0.22214252057198489	5.118168289435919	0.13849036617885974	0.03076459901790907	255	699	0.9501472031403336	0.8630029440628066	954	178245	220
ENSG00000079102	7.486108581025669	0.21891379042869674	6.221408395239956	0.1683424768551275	0.03685248969851111	490	471	0.9040235525024534	0.9077526987242395	961	230790	221
ENSG00000170323	6.290997438778743	0.1418341870699879	11.216642989976227	0.3035064318196833	0.04304758802765749	622	340	0.8781157998037291	0.9334641805691855	962	211480	222
ENSG00000077420	6.69207996987584	0.15822040271168797	9.286271972294296	0.2512733331832779	0.039756567966966375	570	393	0.8883218842001963	0.9230618253189401	963	224010	223
ENSG00000203805	9.852109673572784	0.14826531703725176	8.06445589362487	0.2182127250576322	0.03235337886223249	338	627	0.9338567222767419	0.8771344455348381	965	211926	224
ENSG00000011028	9.404974233302994	0.18679936211793755	6.452500342385413	0.1745954967972848	0.03261432743039721	355	612	0.9305201177625123	0.8800785083415112	967	217260	225
ENSG00000137033	6.282041591781252	0.18405363382966433	8.600827174680742	0.23272617028266962	0.042834097327786584	625	345	0.8775269872423945	0.9324828263002944	970	215625	226
ENSG00000145423	4.465078094668656	0.18165739443250642	21.45576769995078	0.5805626070459319	0.10546349050090707	957	14	0.8123650637880275	0.9974484789008832	971	13398	227
ENSG00000019549	5.772651510707972	0.19937215437909858	8.591391054399002	0.23247084226701542	0.04634821265309847	695	277	0.8637880274779195	0.9458292443572129	972	192515	228
ENSG00000087303	11.294240559639254	0.16284418683141288	6.947382888885706	0.18798631577871883	0.030612478728418668	267	707	0.9477919528949951	0.8614327772325809	974	188769	229
ENSG00000235687	4.498306030456956	0.18578776914287995	16.450277102862206	0.4451211392211144	0.08269806345422813	943	32	0.8151128557409224	0.9939156035328753	975	30176	230
ENSG00000134762	4.983957036535272	0.1955376757579879	10.729335269152234	0.2903205768648947	0.05676861082487978	840	137	0.8353287536800785	0.9733071638861629	977	115080	231
ENSG00000255248	5.379164888385775	0.21002469739957627	8.861588449742735	0.2397820001081836	0.050360142014586426	774	208	0.8482826300294406	0.9593719332679097	982	160992	232
ENSG00000110934	15.200733694523102	0.17638503156742963	5.9835467725776805	0.1619062791063374	0.028557844151136394	149	836	0.9709519136408243	0.8361138370951914	985	124564	233
ENSG00000167754	5.12785300249525	0.18646711679181574	10.525424704971316	0.28480304654854294	0.05310640294343209	815	170	0.8402355250245339	0.9668302257114818	985	138550	234
ENSG00000211945	17.949432776069447	0.15266969464842872	6.627827455498277	0.17933959951586873	0.027379721896459173	78	908	0.9848871442590775	0.8219823356231599	986	70824	235
ENSG00000123500	13.386391726312992	0.1590745324561874	6.775037065564464	0.18332288252850298	0.02916200182674218	192	795	0.9625122669283611	0.8441609421000982	987	152640	236
ENSG00000186469	5.724399714665717	0.2076445072589394	8.200067478774498	0.22188218198507087	0.04607261634782836	705	284	0.8618253189401374	0.9444553483807655	989	200220	237
ENSG00000120278	7.073763478219784	0.23856154448032185	5.791951505741975	0.15672198324858286	0.037387838377801054	531	460	0.8959764474975466	0.9099116781157998	991	244260	238
ENSG00000231389	7.356204238065073	0.1346174645215039	10.024722396063094	0.27125475306033825	0.036515627096389384	504	488	0.9012757605495584	0.9044160942100098	992	245952	239
ENSG00000149256	8.968781455132465	0.16351527108981723	7.38388077705344	0.1997973288111392	0.03266991438357478	385	608	0.9246319921491658	0.8808635917566241	993	234080	240
ENSG00000158258	4.745301210509382	0.19468363525687946	11.514528881932874	0.3115668010618871	0.06065695745608515	886	111	0.8263002944062807	0.9784102060843964	997	98346	241
ENSG00000211662	14.155932211443723	0.16079482845171555	6.590507014316955	0.17832976137204962	0.02867450338765409	170	828	0.9668302257114818	0.8376840039254171	998	140760	242
ENSG00000268104	5.469253279941493	0.20516633248186153	8.715152355697198	0.2358196473406853	0.04838225217205437	757	241	0.8516192345436703	0.9528949950932286	998	182437	243
ENSG00000022267	6.247911516659854	0.1921889919465774	7.984101616951623	0.2160384524328956	0.041520212394776816	631	367	0.8763493621197253	0.9281648675171736	998	231577	244
ENSG00000166923	4.9294917536799	0.1519351815100767	13.547870783882454	0.36658614560924113	0.05569733257221946	853	146	0.8327772325809617	0.971540726202159	999	124538	245
ENSG00000148513	4.49420592390336	0.17888155710738382	15.170650014915536	0.41049624727531764	0.07343020789934648	944	57	0.8149165848871442	0.9890088321884201	1001	53808	246
ENSG00000106483	4.514720298415917	0.18142668407404686	14.761480459037259	0.39942470010876885	0.07246629887800451	939	62	0.8158979391560354	0.9880274779195289	1001	58218	247
ENSG00000123342	6.571337994906534	0.19479191223714962	7.367515835681335	0.19935451673561674	0.038832647528043635	587	415	0.8849852796859666	0.9187438665358194	1002	243605	248
ENSG00000069122	7.035323636989102	0.16023148896617276	8.505122083125203	0.23013652640517832	0.036875118291404656	536	470	0.8949950932286556	0.9079489695780176	1006	251920	249
ENSG00000105851	7.436589999057296	0.16935830408859745	7.787880803565963	0.21072899585371602	0.035688705360078427	496	511	0.9028459273797841	0.8999018645731109	1007	253456	250
ENSG00000134954	4.384918443269062	0.2161690335941204	13.898543309681939	0.3760748462068897	0.0812957360636008	974	35	0.8090284592737979	0.9933267909715408	1009	34090	251
ENSG00000185862	17.471815029882094	0.15921129181384114	6.318192494336541	0.17096131714450266	0.027218972152772056	87	922	0.9831207065750736	0.8192345436702649	1009	80214	252
ENSG00000189184	5.529583124336394	0.1932402377611054	8.940924548845906	0.24192872229367302	0.04675036381726982	743	267	0.8543670264965653	0.9477919528949951	1010	198381	253
ENSG00000125810	4.512391336085419	0.16767693604124997	15.408572339222996	0.41693408752443084	0.06991023032725091	940	71	0.8157016683022571	0.9862610402355251	1011	66740	254
ENSG00000026025	4.4191764358737204	0.2114500912809924	13.348936392176363	0.3612032634539571	0.07637646302833158	970	48	0.8098135426889107	0.9907752698724239	1018	46560	255
ENSG00000211751	10.932126292880563	0.16230022798617827	6.866916318774066	0.18580900465299455	0.030156843817065872	292	728	0.9428851815505397	0.8573110893032385	1020	212576	256
ENSG00000156219	6.863979111954773	0.2051226858716484	6.693561408292827	0.18111826693712002	0.03715146537456023	556	464	0.8910696761530913	0.9091265947006869	1020	257984	257
ENSG00000134516	17.206119567748125	0.16434735703538245	6.092358330582373	0.16485056535492867	0.02709275472187111	88	934	0.9829244357212954	0.8168792934249264	1022	82192	258
ENSG00000287914	6.828676141825027	0.2151293409500407	6.377682430494093	0.17257103034198024	0.03712509202453968	558	465	0.8906771344455349	0.9089303238469087	1023	259470	259
ENSG00000072858	7.240950595304159	0.16823800002144745	7.837465080624434	0.21207067598188128	0.03567834639038812	514	512	0.8993130520117762	0.8997055937193327	1026	263168	260
ENSG00000101335	4.53906001661488	0.18077993546948892	13.04253157988168	0.3529123843241636	0.06379947806450577	931	97	0.8174681059862611	0.9811579980372914	1028	90307	261
ENSG00000166250	6.235222779010968	0.1991589554771773	7.3548437288031945	0.1990116275177234	0.03963494786424286	632	398	0.876153091265947	0.9220804710500491	1030	251536	262
ENSG00000113578	6.439946472094224	0.19681572355794066	7.192837884234118	0.194627979409904	0.03830584659218023	600	432	0.8824337585868498	0.9154072620215898	1032	259200	263
ENSG00000198286	9.638435315989597	0.1678428413700106	6.81928288104716	0.18452011146697467	0.030970379798528104	345	689	0.9324828263002944	0.8649656526005888	1034	237705	264
ENSG00000118849	4.53391457080927	0.2270141769509239	10.159471579139032	0.27490087461226276	0.06240639579319196	935	103	0.8166830225711482	0.9799803729146221	1038	96305	265
ENSG00000101955	6.290446085749131	0.20831971081281705	6.887113755841969	0.18635551861995062	0.038821527747280656	623	416	0.877919528949951	0.9185475956820413	1039	259168	266
ENSG00000211651	16.752681332516875	0.16294110857631036	6.092187107601059	0.16484593230418873	0.026860178953939922	96	949	0.9813542688910697	0.8139352306182532	1045	91104	267
ENSG00000224650	7.93247468248708	0.15471209981496015	7.878678081992477	0.21318584127696757	0.03298242915477846	452	594	0.9114818449460256	0.8836113837095192	1046	268488	268
ENSG00000224373	20.18463771668946	0.15807834918309127	6.125155898080209	0.16573802095929524	0.026199592750117972	48	999	0.9907752698724239	0.8041216879293425	1047	47952	269
ENSG00000137491	7.111739370261627	0.14675185132077007	8.918836859880146	0.24133106079449437	0.03541577995279736	527	520	0.8967615309126595	0.898135426889107	1047	274040	270
ENSG00000181847	19.941323141051335	0.17737084501610476	5.460178892311269	0.14774468744200053	0.026205600058227915	50	998	0.9903827281648675	0.8043179587831207	1048	49900	271
ENSG00000211660	18.09771364615582	0.15739320387242933	6.217827427211356	0.1682455809452022	0.02648071102234352	73	977	0.9858684985279687	0.8084396467124633	1050	71321	272
ENSG00000105639	11.001998119390256	0.21394352660128402	5.099260058205782	0.13797873629121787	0.029519657438131723	288	765	0.9436702649656526	0.8500490677134446	1053	220320	273
ENSG00000167755	6.129193005264358	0.19649168750724338	7.30508151619811	0.19766513270633299	0.038839555486810576	642	414	0.8741903827281648	0.9189401373895977	1056	265788	274
ENSG00000118257	7.8968346429903935	0.1903661401738778	6.383079201219697	0.17271705929446993	0.03287947992007102	456	600	0.9106967615309126	0.8824337585868498	1056	273600	275
ENSG00000204262	24.85756637270319	0.17709793916497918	5.361240027391402	0.14506754224918716	0.025691162772059597	15	1042	0.997252208047105	0.7956820412168792	1057	15630	276
ENSG00000225362	8.235876924610494	0.1997786813673809	5.93708463301142	0.16064907958531618	0.0320942612824379	426	636	0.9165848871442591	0.8753680078508341	1062	270936	277
ENSG00000110448	23.872462428905507	0.17145042213115239	5.537744275642751	0.14984349657310173	0.025690730741066176	20	1043	0.9962708537782139	0.7954857703631011	1063	20860	278
ENSG00000137673	4.163508999600958	0.19527581548164602	14.633771566932234	0.3959690788333945	0.07732318477470729	1019	44	0.8001962708537782	0.9915603532875368	1063	44836	279
ENSG00000078596	6.305264327525577	0.19268369615567157	7.245161286462864	0.19604377637565432	0.037774439440377	618	445	0.878900883218842	0.912855740922473	1063	275010	280
ENSG00000197629	5.308378377021896	0.14519117793283362	11.721354111658469	0.31716319808909027	0.04604929832749966	780	286	0.8471050049067713	0.9440628066732091	1066	223080	281
ENSG00000128591	6.806085376571817	0.19740521868279667	6.696131337229313	0.18118780556487524	0.03576741838019024	560	508	0.8902845927379784	0.9004906771344455	1068	284480	282
ENSG00000211679	15.315223011767896	0.16100753456338435	6.2444712643380464	0.1689665253439437	0.027204883669369975	144	926	0.9719332679097155	0.8184494602551521	1070	133344	283
ENSG00000114013	14.473252044306307	0.15262092959574344	6.623866521790941	0.17923242227422323	0.027354618901188784	162	911	0.9684003925417075	0.8213935230618253	1073	147582	284
ENSG00000153071	7.479989076142918	0.19653675369681314	6.276829554954868	0.16984209473967757	0.033380213941202816	492	582	0.9036310107948969	0.8859666339548578	1074	286344	285
ENSG00000048740	4.475311554264034	0.2185264789037343	9.964513538396512	0.2696255868676856	0.05892033012054828	952	123	0.8133464180569185	0.9760549558390579	1075	117096	286
ENSG00000211659	13.798177942103138	0.15572843778472395	6.543696056584612	0.17706312332677154	0.027573763584962045	179	897	0.9650637880274779	0.8241413150147203	1076	160563	287
ENSG00000054598	15.777443227292832	0.23217498555388436	4.272500128928644	0.11560778659346613	0.026841236182254542	126	952	0.9754661432777233	0.8133464180569185	1078	119952	288
ENSG00000211938	18.473829767002382	0.16284514983307477	5.905003377668257	0.15978100637070103	0.026019561922916285	66	1013	0.9872423945044161	0.8013738959764475	1079	66858	289
ENSG00000169851	8.830236237005913	0.17229123433095406	6.644752115054138	0.17979755677065098	0.030977542985705243	392	688	0.9232580961727184	0.865161923454367	1080	269696	290
ENSG00000163297	6.024672842877998	0.19099920599450548	7.442904735087126	0.20139443330226797	0.038466176852446576	660	427	0.870657507360157	0.9163886162904809	1087	281820	291
ENSG00000138964	8.023414420977986	0.16477366355693282	7.096388396568068	0.19201819323069522	0.031639541168204686	444	650	0.9130520117762513	0.8726202158979391	1094	288600	292
ENSG00000176971	4.706364169020673	0.1704404182378215	10.9950236454329	0.2975097270529655	0.05070768230872756	894	203	0.824730127576055	0.9603532875368008	1097	181482	293
ENSG00000206538	5.563279537015218	0.18202977462932254	8.460014580836777	0.22891598144532777	0.041669524511543196	737	362	0.8555446516192345	0.9291462217860648	1099	266794	294
ENSG00000138615	5.108467272796066	0.1894997158367613	9.012061808279894	0.2438535955199614	0.04621018705680522	821	281	0.8390578999018645	0.9450441609421001	1102	230701	295
ENSG00000186847	3.922002597108223	0.185655202271538	15.839652628437364	0.42859850802209415	0.07957154270012129	1066	37	0.7909715407262021	0.9929342492639843	1103	39442	296
ENSG00000211890	4.0113806885464305	0.17343599362126508	15.526025926174254	0.42011221480474603	0.07286257940709148	1044	61	0.7952894995093229	0.9882237487733072	1105	63684	297
ENSG00000244437	21.671618087766856	0.16527957122934442	5.627502436025395	0.1522722249376204	0.025167488047828188	31	1077	0.9941118743866536	0.7888125613346418	1108	33387	298
ENSG00000211663	15.54308802139372	0.15096829766412487	6.483507768145257	0.17543451370819962	0.026485049886060475	135	975	0.9736997055937193	0.8088321884200196	1110	131625	299
ENSG00000213949	5.643673482010234	0.15979367714890172	9.226882681636214	0.24966634331010062	0.03989510305784108	724	391	0.8580961727183514	0.9234543670264965	1115	283084	300
ENSG00000120279	5.900614076120244	0.1653053804692056	8.441674238843289	0.22841971783403422	0.037759008363223615	672	446	0.8683022571148185	0.9126594700686947	1118	299712	301
ENSG00000130592	4.423347991791978	0.18874425303455594	10.82334151381022	0.29286425235767904	0.05527644455177382	968	154	0.8102060843964671	0.9699705593719332	1122	149072	302
ENSG00000120820	23.807589117764874	0.20919406081398187	4.367903559519122	0.11818926795359759	0.024724492907844894	21	1105	0.9960745829244357	0.7833169774288518	1126	23205	303
ENSG00000130176	5.6455233657954444	0.1987331466076785	7.3232026775969885	0.19815546560197003	0.0393800591965891	723	406	0.8582924435721295	0.9205103042198234	1129	293538	304
ENSG00000211653	16.32600380828761	0.15693444768581344	6.107705301734062	0.1652658326017913	0.02593590216069822	113	1018	0.97801766437684	0.8003925417075564	1131	115034	305
ENSG00000198108	16.505113313824502	0.17816755289764294	5.349167272780691	0.14474087065257793	0.025788126728444074	102	1030	0.9801766437684004	0.7980372914622178	1132	105060	306
ENSG00000171115	6.387877780195834	0.18447203339243567	7.062817850872488	0.1911098219339168	0.03525441745341593	610	522	0.8804710500490677	0.8977428851815505	1132	318420	307
ENSG00000211640	12.8500141282076	0.1589158226295207	6.3280520785882715	0.17122810349387138	0.02721085492402128	211	924	0.9587831207065751	0.8188420019627085	1135	194964	308
ENSG00000080573	4.979666005685035	0.132890255126292	12.62683139849835	0.34166412770485244	0.04540383309819985	841	294	0.8351324828263003	0.9424926398429834	1135	247254	309
ENSG00000174175	6.5427208685733005	0.18544568088916863	6.89637921891692	0.18660622889392017	0.03460531917539308	588	549	0.8847890088321884	0.8924435721295387	1137	322812	310
ENSG00000020633	4.757124099365085	0.22751906911376338	7.71707700762309	0.20881314567598333	0.047508972522916394	884	256	0.826692836113837	0.9499509322865555	1140	226304	311
ENSG00000136944	4.964349597326257	0.1897993212824225	8.768563986679128	0.2372648902312259	0.04503271513003515	844	301	0.8345436702649657	0.9411187438665358	1145	254044	312
ENSG00000146648	6.4402876822294965	0.2447174670988817	5.228213061950753	0.14146802146094667	0.03461969588741311	599	547	0.8826300294406281	0.8928361138370952	1146	327653	313
ENSG00000112902	4.1662797304371635	0.18358057044840376	11.440554519074274	0.30956515984557914	0.056830148635402714	1018	135	0.8003925417075564	0.9736997055937193	1153	137430	314
ENSG00000184500	6.285115848728275	0.21611023662463477	5.966969338718261	0.16145771728584482	0.03489266548751731	624	533	0.8777232580961727	0.8955839057899901	1157	332592	315
ENSG00000088756	6.192824748052374	0.2058250835173709	6.353042348611123	0.1719043047148271	0.03538221787492486	637	521	0.875171736997056	0.8979391560353287	1158	331877	316
ENSG00000173706	13.956009015033688	0.2043595850833268	4.778385476174407	0.12929632573923672	0.02642294348086908	178	981	0.9652600588812561	0.8076545632973503	1159	174618	317
ENSG00000203747	5.896044749912511	0.13299365388051718	10.172428522441606	0.27525147109933723	0.03660669887748843	674	485	0.867909715407262	0.9050049067713445	1159	326890	318
ENSG00000019582	8.476589886613088	0.1475407018975752	7.437157601166247	0.20123892401922536	0.029690932098909315	410	751	0.9197252208047105	0.8527968596663396	1161	307910	319
ENSG00000167208	25.51327119883676	0.17524867829939123	5.122523329058686	0.13860820736695145	0.024290905142506185	8	1154	0.9986261040235525	0.7736997055937194	1162	9232	320
ENSG00000115085	16.656651106433685	0.17143603787873213	5.477661340258982	0.14821773765861396	0.025409861687542123	100	1062	0.9805691854759568	0.791756624141315	1162	106200	321
ENSG00000197614	4.337015403323388	0.13629527735814195	14.253936337384967	0.385691276882996	0.05256789955738386	987	175	0.806476938174681	0.9658488714425908	1162	172725	322
ENSG00000140682	8.020106002705786	0.19704572032370138	5.6830304304071095	0.1537747336165503	0.03030065315305845	445	721	0.912855740922473	0.858684985279686	1166	320845	323
ENSG00000175040	5.132665866533007	0.22284663050198783	6.977002053821042	0.188787768323035	0.042070718050778264	814	356	0.8404317958783121	0.930323846908734	1170	289784	324
ENSG00000155926	9.22561990071146	0.15924240165551612	6.717814382461977	0.1817745179792252	0.028946210802785616	365	810	0.9285574092247302	0.8412168792934249	1175	295650	325
ENSG00000169604	15.546394506449555	0.17585422800276432	5.378234879370008	0.1455273988112566	0.02559160837120393	134	1048	0.9738959764474976	0.7945044160942101	1182	140432	326
ENSG00000074047	7.702459272169583	0.22119401727028243	5.099151521912766	0.13797579945324903	0.03051942136714299	476	712	0.9067713444553483	0.8604514229636899	1188	338912	327
ENSG00000147065	3.779477043550553	0.223233836699712	10.64341679092477	0.2879957448471958	0.06429039507543083	1100	93	0.7842983316977429	0.9819430814524043	1193	102300	328
ENSG00000164691	9.194718572609212	0.18434619969142627	5.736102656499729	0.15521079269273677	0.028612519783999816	368	832	0.9279685966633955	0.8368989205103042	1200	306176	329
ENSG00000231826	5.896656470669236	0.20928232651883458	6.193522504865463	0.1675879242592001	0.035073190685427635	673	527	0.8681059862610403	0.8967615309126595	1200	354671	330
ENSG00000157368	6.189398881325729	0.21841849479148287	5.743874775642931	0.1554210952004424	0.03394684167252439	638	565	0.8749754661432777	0.8893032384690873	1203	360470	331
ENSG00000164237	6.7997162137379785	0.18401832523717201	6.3727739970111275	0.17243821510184373	0.03173179154992851	561	648	0.8900883218842002	0.8730127576054956	1209	363528	332
ENSG00000203697	4.535953885675565	0.19615447455449256	8.723539042614801	0.23604657917968788	0.0463015927093771	933	279	0.8170755642787046	0.9454367026496565	1212	260307	333
ENSG00000127329	8.87053357327277	0.2026297353014663	5.247998660611623	0.14200339166541368	0.028774109665073218	389	823	0.923846908734053	0.8386653581943082	1212	320147	334
ENSG00000169035	4.743645417909332	0.18692489024752676	8.55642851421984	0.2315248055761256	0.04327774887189725	888	333	0.8259077526987242	0.934838076545633	1221	295704	335
ENSG00000117228	6.116311238129339	0.20392813309528338	6.058071159317618	0.1639228031878475	0.033428471225843304	646	579	0.873405299313052	0.8865554465161923	1225	374034	336
ENSG00000162543	4.399156661716047	0.19672560024386995	8.950646663871558	0.24219178892098858	0.04764532504961813	973	254	0.8092247301275761	0.9503434739941119	1227	247142	337
ENSG00000129151	5.153532927176265	0.2116113612067238	6.748750455817166	0.18261160419538952	0.03864269013592985	810	421	0.8412168792934249	0.9175662414131501	1231	341010	338
ENSG00000169946	15.564202520877974	0.18571929790702385	4.924652970297542	0.13325411643224455	0.024747860947017267	133	1104	0.9740922473012757	0.78351324828263	1237	146832	339
ENSG00000174807	4.517605580876758	0.16800170611353363	9.908971610660906	0.2681227011719846	0.04504507124466256	938	300	0.8160942100098135	0.941315014720314	1238	281400	340
ENSG00000168918	10.26105882043892	0.18843786720504646	5.348250573006967	0.14471606605840287	0.027269986838350052	321	917	0.9371933267909716	0.8202158979391561	1238	294357	341
ENSG00000162849	6.421423187583235	0.15019576957490313	7.836570859288904	0.21204647962232465	0.03184848419252406	601	646	0.8822374877330716	0.873405299313052	1247	388246	342
ENSG00000140968	13.111955844481818	0.16361838194507886	5.7863810025620745	0.1565712533425778	0.025617935131025598	203	1046	0.9603532875368008	0.7948969578017664	1249	212338	343
ENSG00000186868	4.442855489362571	0.19489679416502548	8.638076315965774	0.23373407915254008	0.045554022713944375	962	289	0.8113837095191364	0.9434739941118744	1251	278018	344
ENSG00000276644	3.6128377494194357	0.19553240779549563	12.13372348401148	0.32832132774574696	0.06419745974473998	1163	94	0.7719332679097154	0.9817468105986261	1257	109322	345
ENSG00000175899	3.395321312914557	0.19225012962938132	15.975362957971496	0.4322706368323618	0.08310408596599676	1231	31	0.7585868498527969	0.9941118743866536	1262	38161	346
ENSG00000172986	14.1173584662065	0.1851007369724571	4.982888010737435	0.1348298739335381	0.024957109031001387	172	1090	0.9664376840039254	0.786261040235525	1262	187480	347
ENSG00000166535	5.618566501427625	0.18619590189800425	6.902178340161329	0.18676314488011614	0.03477453220226086	727	538	0.8575073601570167	0.8946025515210991	1265	391126	348
ENSG00000181104	7.597479286057895	0.19575330248977438	5.533393622414001	0.14972577407460347	0.029309314742941472	484	786	0.9052011776251226	0.845927379784102	1270	380424	349
ENSG00000228639	8.55239764861421	0.1923724141543856	5.370563836008289	0.14531983127067158	0.02795552676604707	404	867	0.9209028459273798	0.8300294406280667	1271	350268	350
ENSG00000149451	7.298115537656888	0.2185906847544458	4.995084191400597	0.13515988526386327	0.0295446918711602	509	762	0.9002944062806673	0.8506378802747792	1271	387858	351
ENSG00000211668	16.723921534039267	0.16527189045575558	5.366548456110139	0.14521118079241557	0.023999326364875024	99	1173	0.980765456329735	0.7699705593719333	1272	116127	352
ENSG00000154175	4.949046049458247	0.20107976142608192	7.069579052155054	0.191292770439804	0.038465104642570046	848	428	0.8337585868498528	0.9161923454367027	1276	362944	353
ENSG00000204161	6.647415046466311	0.20428588003561216	5.573045474337178	0.15079869688252387	0.030806044500869913	579	698	0.8865554465161923	0.8631992149165849	1277	404142	354
ENSG00000234918	3.9430496791999423	0.1819951432581788	10.040904348864926	0.27169261372499054	0.04944673615706869	1056	224	0.7929342492639843	0.9562315996074583	1280	236544	355
ENSG00000105664	3.646396844105095	0.13753310275391098	15.198170995219664	0.41124092592290856	0.056559240521568875	1144	141	0.7756624141315015	0.97252208047105	1285	161304	356
ENSG00000133048	3.4469517735403716	0.19845797520172243	12.666393662529657	0.3427346263916325	0.0680184199852022	1209	78	0.7629048086359176	0.9848871442590775	1287	94302	357
ENSG00000038945	4.063315367955616	0.1361807328065299	12.949157546252799	0.3503858155640953	0.04771579712853213	1035	252	0.7970559371933268	0.9507360157016683	1287	260820	358
ENSG00000064787	3.791757163102246	0.17684840829347656	10.75705867182839	0.2910707327744355	0.051475395791974785	1097	191	0.7848871442590775	0.9627085377821394	1288	209527	359
ENSG00000131386	6.103832937246676	0.18596268221982715	6.361079607627888	0.1721217815310161	0.03200822816196286	648	641	0.8730127576054956	0.8743866535819431	1289	415368	360
ENSG00000101938	4.33729751476137	0.16685155392637022	9.93776309307056	0.26890175780245434	0.04486667614287195	986	304	0.8066732090284593	0.9405299313052011	1290	299744	361
ENSG00000128815	11.251117708614858	0.16638745309897382	5.735817902978874	0.15520308766680876	0.025823846469977065	270	1027	0.9472031403336605	0.7986261040235525	1297	277290	362
ENSG00000211941	16.188009459697515	0.15237201658701746	5.793965077640041	0.1567764676448983	0.02388834652844245	118	1180	0.977036310107949	0.7685966633954857	1298	139240	363
ENSG00000135069	9.17254122891426	0.22795354176032406	4.400655810088657	0.1190754973462338	0.027143681356946062	369	930	0.9277723258096173	0.8176643768400392	1299	343170	364
ENSG00000153283	24.609215539039113	0.18146681692891328	4.638395777725515	0.12550840328278468	0.022775610441557306	18	1287	0.9966633954857703	0.7475956820412168	1305	23166	365
ENSG00000135374	3.6181673369468834	0.18026609385607245	11.39479148111969	0.3083268770214546	0.05558088175149924	1158	148	0.7729146221786065	0.9711481844946026	1306	171384	366
ENSG00000064989	3.642636084832071	0.16201799175038942	12.318425125926217	0.333319091901999	0.05400368988202536	1146	163	0.7752698724239451	0.9682041216879294	1309	186798	367
ENSG00000211937	15.762037484470794	0.15719185928382506	5.608221352865939	0.15175050620621613	0.02385394421781675	128	1182	0.9750736015701669	0.7682041216879294	1310	151296	368
ENSG00000286208	4.185190910108101	0.18159486351815185	9.179782398567623	0.24839187653206193	0.045106688917857414	1013	298	0.8013738959764475	0.9417075564278705	1311	301874	369
ENSG00000198795	3.604716241627592	0.20673635777174845	9.97926348728165	0.27002469953977937	0.055823922891264706	1168	145	0.7709519136408243	0.9717369970559372	1313	169360	370
ENSG00000006468	5.783203871085971	0.17741401769073317	6.741965507065226	0.18242801311670215	0.032365286746371895	694	625	0.8639842983316978	0.8775269872423945	1319	433750	371
ENSG00000007062	3.332155133584792	0.195076553506536	13.604668335429217	0.3681230067023024	0.07181216741394861	1256	66	0.7536800785083415	0.9872423945044161	1322	82896	372
ENSG00000162614	6.718456596086712	0.19499346752003402	5.608103233917331	0.15174731007519418	0.02958973417839991	568	756	0.8887144259077527	0.8518155053974485	1324	429408	373
ENSG00000169248	5.138879515314625	0.16459558696245383	7.991582918853269	0.21624088583900147	0.03559229552995142	811	514	0.8410206084396468	0.8993130520117762	1325	416854	374
ENSG00000169291	6.990455553357677	0.1983650206513145	5.44864641819789	0.14743263506845772	0.02924547770003233	539	790	0.8944062806673209	0.8451422963689892	1329	425810	375
ENSG00000132718	4.993608815434549	0.19392183804682028	6.902869201198504	0.1867818385987683	0.03622107745483767	838	493	0.835721295387635	0.9034347399411188	1331	413134	376
ENSG00000144057	5.0108476810428595	0.14432367712557695	9.228516796576509	0.24971056013996276	0.03603914625648695	834	497	0.8365063788027478	0.9026496565260059	1331	414498	377
ENSG00000140678	7.418974746850075	0.13562131163360283	7.7768178814472995	0.2104296488903924	0.028538744989113532	498	837	0.9024533856722277	0.8359175662414131	1335	416826	378
ENSG00000125869	4.107327406436378	0.19648193549094944	8.330560018685079	0.22541312481731945	0.0442896070491699	1027	312	0.7986261040235525	0.9389597644749754	1339	320424	379
ENSG00000204434	4.1499437861753705	0.1763886415066006	9.24033574882763	0.2500303642051176	0.04410251627754127	1022	317	0.7996074582924435	0.9379784102060844	1339	323974	380
ENSG00000155886	14.05650661746411	0.18266469330981536	4.868275763408173	0.13172862926872836	0.024062169665494633	175	1170	0.9658488714425908	0.770559371933268	1345	204750	381
ENSG00000107796	7.1519959804720035	0.18971163153233925	5.607950513172724	0.15174317766870662	0.02878744580943196	526	822	0.8969578017664377	0.8388616290480864	1348	432372	382
ENSG00000102024	5.280280575490195	0.22096286886062977	5.690222607509917	0.15396934371615312	0.03402150790410957	786	563	0.845927379784102	0.8896957801766437	1349	442518	383
ENSG00000085563	5.268291324815053	0.19353163556494793	6.483864951453302	0.1754441785813196	0.03395399883119159	789	564	0.8453385672227675	0.8894995093228656	1353	444996	384
ENSG00000224559	4.203943025238089	0.17766989010666762	8.909451659910228	0.2410771106101719	0.042832143749342196	1009	346	0.8021589793915603	0.9322865554465162	1355	349114	385
ENSG00000081189	4.294085895436855	0.18762622277007007	8.204111453278959	0.22199160619276967	0.041651446556610267	998	363	0.8043179587831207	0.9289499509322865	1361	362274	386
ENSG00000138080	9.27992211878997	0.19079485167703464	5.0643305429680225	0.1370335932083474	0.026145304090957742	362	1004	0.9291462217860648	0.8031403336604515	1366	363448	387
ENSG00000280411	13.026857548888913	0.1546022475825782	5.752241362409908	0.15564748315791097	0.02406345072678452	205	1169	0.9599607458292444	0.7707556427870461	1374	239645	388
ENSG00000131634	8.095494466502732	0.19991091843306127	5.001597605899191	0.13533612901123024	0.027055169847810305	438	936	0.9142296368989205	0.81648675171737	1374	409968	389
ENSG00000166501	7.420611263853394	0.1597878359913904	6.422026392445197	0.17377091498452032	0.02776647846362038	497	880	0.9026496565260059	0.8274779195289499	1377	437360	390
ENSG00000089472	3.3686104871651477	0.19090505965584764	10.998876465916004	0.29761397890428265	0.05681601439713626	1244	136	0.7560353287536801	0.9735034347399412	1380	169184	391
ENSG00000196208	3.204604059607376	0.1752661863955864	13.558441571077024	0.3668721761003441	0.0643002871997573	1289	92	0.7472031403336605	0.9821393523061825	1381	118588	392
ENSG00000146192	11.181527401602658	0.1555694459614015	5.871795983702277	0.1588824614440548	0.024717256499835336	277	1106	0.9458292443572129	0.7831207065750736	1383	306362	393
ENSG00000006210	3.377174719647714	0.20841656479685663	9.917580740175103	0.26835565199178535	0.05592976313194864	1241	143	0.7566241413150148	0.9721295387634936	1384	177463	394
ENSG00000182162	8.11028063756222	0.15799280092772447	6.277775279729783	0.16986768470916974	0.02683787129430932	437	953	0.9144259077526987	0.8131501472031404	1390	416461	395
ENSG00000124126	3.7179088447781297	0.17447875470661017	9.840788930733227	0.2662777746716719	0.04645981453076066	1118	274	0.780765456329735	0.9464180569185476	1392	306332	396
ENSG00000166086	11.357636826927532	0.20737398067860427	4.3744038508342555	0.11836515660625488	0.024545853699085466	265	1129	0.9481844946025515	0.7786064769381746	1394	299185	397
ENSG00000131459	6.473749194674313	0.19858230025287688	5.41724766599397	0.14658302941964474	0.029108795160188175	593	801	0.8838076545632974	0.8429833169774288	1394	474993	398
ENSG00000168386	8.243856299231513	0.1772903565933755	5.541691239459676	0.14995029580934974	0.026584741415321755	425	970	0.9167811579980373	0.8098135426889107	1395	412250	399
ENSG00000141750	3.1311595541433084	0.19298111552478	13.05026825940901	0.3531217278861875	0.06814582496351428	1319	77	0.741315014720314	0.9850834151128557	1396	101563	400
ENSG00000162511	13.703488978155669	0.147344290923087	5.923068244535504	0.16026981601624962	0.023614842397287915	182	1214	0.9644749754661432	0.7619234543670265	1396	220948	401
ENSG00000164125	3.8155794687024986	0.19344643747393622	8.499430600146441	0.2299825229576058	0.04448929974741659	1089	308	0.7864573110893033	0.9397448478900883	1397	335412	402
ENSG00000107738	5.119578778908324	0.20612758712305004	5.986692549789797	0.161991399370734	0.033390896286975766	818	581	0.8396467124631992	0.8861629048086359	1399	475258	403
ENSG00000105971	4.334976161554864	0.21928364593233707	6.547347238593766	0.17716191912730767	0.038848711546605866	989	413	0.8060843964671246	0.9191364082433758	1402	408457	404
ENSG00000164484	4.258181276897198	0.18556660169878555	7.877866696356096	0.21316388633380431	0.039556097991870265	1005	400	0.8029440628066732	0.9216879293424927	1405	402000	405
ENSG00000121807	14.301058505816895	0.1751024741640269	4.930697235279758	0.1334176656598846	0.023361763354234726	167	1239	0.9674190382728165	0.7570166830225711	1406	206913	406
ENSG00000108176	4.688011616535862	0.20365748903121486	6.469481278637709	0.17505497681956045	0.035651257021489205	898	513	0.8239450441609422	0.8995093228655544	1411	460674	407
ENSG00000241755	14.418143296126326	0.1607585609108741	5.328822766923402	0.14419037721301686	0.023179837537960685	164	1253	0.9680078508341511	0.7542688910696762	1417	205492	408
ENSG00000172724	4.4814507778044685	0.16365356825156882	8.321616432309385	0.22517112406977105	0.03685005792123475	949	472	0.8139352306182532	0.9075564278704612	1421	447928	409
ENSG00000123338	22.340721134943422	0.158595020880052	5.04225291675713	0.1364362039930265	0.021638102621069074	27	1401	0.9948969578017665	0.7252208047105004	1428	37827	410
ENSG00000068366	6.5818364536360345	0.23454359001446098	4.475472896407035	0.12109994146270685	0.02840321502120434	586	844	0.8851815505397449	0.8345436702649657	1430	494584	411
ENSG00000137959	5.6937832071101	0.10210505520947256	10.985175060139367	0.2972432383197872	0.030350037259284285	712	720	0.8604514229636899	0.8588812561334642	1432	512640	412
ENSG00000145536	4.898246684038858	0.15888208502973422	7.8092181949003106	0.21130635536440165	0.0335727943203301	862	573	0.8310107948969578	0.8877330716388616	1435	493926	413
ENSG00000184384	10.12081702088278	0.2455026860229341	3.7145159280214846	0.10050952644732163	0.024675358713710592	327	1109	0.9360157016683023	0.7825318940137389	1436	362643	414
ENSG00000154258	7.08673409241694	0.20757659986701094	4.878880652000259	0.13201558249522452	0.027403345743821594	529	907	0.896368989205103	0.8221786064769382	1436	479803	415
ENSG00000086570	4.815719698702375	0.19900994851664783	6.244729031223288	0.1689735001498327	0.03362740756549599	874	571	0.8286555446516193	0.888125613346418	1445	499054	416
ENSG00000160654	19.134761466590014	0.167492209285934	4.806458969077813	0.13005595459320332	0.02178335916560674	60	1386	0.9884200196270854	0.7281648675171737	1446	83160	417
ENSG00000164741	3.650912508215981	0.17748214334397125	9.27372543827797	0.25093384178871336	0.04453627607819783	1139	307	0.7766437684003925	0.9399411187438665	1446	349673	418
ENSG00000177575	3.878325114718019	0.1350973864164348	11.283572838268677	0.3053174584749515	0.041247590667274306	1074	374	0.7894013738959764	0.9267909715407262	1448	401676	419
ENSG00000248429	4.82618585295351	0.1956912088073794	6.322639899900981	0.17108165762381758	0.03347917638517508	872	576	0.8290480863591756	0.887144259077527	1448	502272	420
ENSG00000166741	2.9105350032082757	0.19524033270184318	15.002142136188855	0.40593666335599854	0.07925520920950127	1413	38	0.7228655544651619	0.9927379784102061	1451	53694	421
ENSG00000164220	3.0214100000398987	0.18636720090970213	12.49695688472194	0.33814990778220533	0.06302005180124351	1359	99	0.7334641805691855	0.980765456329735	1458	134541	422
ENSG00000163661	6.048497125905269	0.21836632318239793	4.906735604811301	0.13276929796461587	0.028992343428041398	655	807	0.871638861629048	0.8418056918547596	1462	528585	423
ENSG00000136250	12.64595297642488	0.145868407063782	5.901130849023209	0.159676221244507	0.023291716038900265	219	1244	0.9572129538763494	0.7560353287536801	1463	272436	424
ENSG00000154645	8.20295848679537	0.19022364413482654	4.998921692822102	0.13526372260312644	0.025730358232809017	430	1034	0.9157998037291463	0.797252208047105	1464	444620	425
ENSG00000135046	4.865936804871698	0.24029368992382893	5.0615600898721125	0.1369586286815799	0.03291029425280439	868	597	0.8298331697742886	0.8830225711481845	1465	518196	426
ENSG00000170500	3.2854537374905664	0.19162068984307026	9.875175351634256	0.2672082223929775	0.05120262390668288	1271	195	0.7507360157016683	0.9619234543670265	1466	247845	427
ENSG00000170962	3.82303747226038	0.19981267657378807	7.566821741377679	0.20474745153193197	0.04091113631225727	1088	379	0.7866535819430814	0.9258096172718351	1467	412352	428
ENSG00000088882	6.044021869851997	0.19665634174956534	5.437422533625586	0.1471289326897032	0.028933837668275068	658	812	0.8710500490677134	0.8408243375858685	1470	534296	429
ENSG00000253755	3.190381756592989	0.13038173734598138	14.857885026718092	0.40203327081696355	0.052417796320003145	1293	178	0.7464180569185477	0.9652600588812561	1471	230154	430
ENSG00000011600	3.3773049477434367	0.13557404635104545	13.323546964016193	0.360516261580605	0.04887664835783457	1240	232	0.7568204121687929	0.9546614327772326	1472	287680	431
ENSG00000211959	4.024963112040139	0.15395642180091879	9.220727756791323	0.24949979978371215	0.03841209641474597	1043	429	0.7954857703631011	0.9159960745829244	1472	447447	432
ENSG00000122694	6.413928212535892	0.24723403762150978	4.175758065925206	0.11299008374108083	0.027934994614499917	605	868	0.8814524043179588	0.8298331697742886	1473	525140	433
ENSG00000084207	2.809457519527991	0.19417179215566172	16.725473312951173	0.45256755789103587	0.08787585378721362	1455	27	0.7146221786064769	0.9948969578017665	1482	39285	434
ENSG00000242574	16.021024774107698	0.1445506562681203	5.612004538132554	0.15185287382745621	0.021950432567958866	119	1363	0.9768400392541707	0.7326790971540726	1482	162197	435
ENSG00000184985	7.733504130880729	0.18178791101292993	5.282487055770883	0.1429365986653448	0.02598414567866658	470	1014	0.9079489695780176	0.8011776251226693	1484	476580	436
ENSG00000171243	3.91437345512223	0.19129549427967266	7.472775869723338	0.2022027037888961	0.03868046616598312	1068	419	0.7905789990186457	0.9179587831207066	1487	447492	437
ENSG00000171812	14.04615591377556	0.179963487590862	4.609683299173836	0.12473148438452725	0.022447112942224668	176	1312	0.9656526005888125	0.7426889106967616	1488	230912	438
ENSG00000118971	3.36532724200634	0.2044746169357555	8.741043157614627	0.23652021567596454	0.04836238049790512	1247	242	0.7554465161923454	0.9526987242394505	1489	301774	439
ENSG00000176597	9.082642450046233	0.23036470413249588	3.9556231145076777	0.10703354454452796	0.0246567508212525	378	1111	0.9260058881256134	0.7821393523061826	1489	419958	440
ENSG00000129680	4.638235392692086	0.2267882157795876	5.435064583596896	0.1470651299101856	0.03335263841572426	907	584	0.8221786064769382	0.8855740922473012	1491	529688	441
ENSG00000197646	5.760688600943182	0.2122337988282918	5.077121353972195	0.13737969439133285	0.029156614422542342	698	796	0.8631992149165849	0.8439646712463199	1494	555608	442
ENSG00000179344	3.88850008922752	0.1336106640151744	10.659086334383378	0.2884197404426352	0.03853595303562474	1072	425	0.7897939156035328	0.9167811579980373	1497	455600	443
ENSG00000006071	3.7815786919746945	0.19277056076303456	7.573383642531333	0.2049250072593344	0.039503508563750823	1099	401	0.7844946025515211	0.9214916584887144	1500	440699	444
ENSG00000167895	16.34012257101016	0.16718007040052615	4.809223870187316	0.1301307688911024	0.021755271104489098	112	1390	0.9782139352306183	0.7273797841020608	1502	155680	445
ENSG00000104972	9.563803847396843	0.13453856284932142	6.669137523340193	0.18045739129190486	0.024278478079950528	348	1155	0.9318940137389597	0.7735034347399411	1503	401940	446
ENSG00000065618	3.6259868631006684	0.1864894617391775	8.41713259160936	0.22775565570870815	0.04247402964117041	1154	351	0.7736997055937194	0.9313052011776252	1505	405054	447
ENSG00000091972	3.601732786035254	0.1995995374147114	7.993779306116639	0.21630031695950652	0.04317344320777296	1169	337	0.7707556427870461	0.9340529931305201	1506	393953	448
ENSG00000164932	5.621131341297475	0.15722642469535278	6.8995054105579685	0.18669081920057493	0.029352730026352913	726	780	0.8577036310107948	0.8471050049067713	1506	566280	449
ENSG00000107249	6.6495547948367415	0.17248791236995653	5.80775081148391	0.15714949002714826	0.027106387464786108	578	933	0.8867517173699706	0.8170755642787046	1511	539274	450
ENSG00000256612	2.7310012153508	0.17942128491480208	19.024994322446602	0.5147893311176645	0.09236416324956286	1490	24	0.7077526987242395	0.995485770363101	1514	35760	451
ENSG00000114698	4.353001065039292	0.20309355238870014	6.350434022877144	0.17183372712425465	0.03489832206185542	982	532	0.8074582924435721	0.8957801766437684	1514	522424	452
ENSG00000122861	4.9381661599936795	0.153696146017521	7.552034563842236	0.20434733150542517	0.031407397301348595	852	662	0.83297350343474	0.8702649656526006	1514	564024	453
ENSG00000114547	10.6689508162208	0.18382035538676839	4.743961679048222	0.12836486667035224	0.02359607541051929	302	1216	0.9409224730127576	0.76153091265947	1518	367232	454
ENSG00000154655	4.476167509944865	0.16539018364831679	7.540880019491576	0.2040455053746061	0.03374712360651971	951	568	0.8135426889106967	0.8887144259077527	1519	540168	455
ENSG00000136869	3.160245438944194	0.1724219359078707	10.637143848435542	0.28782600793093516	0.049627517492085986	1301	221	0.7448478900883219	0.9568204121687929	1522	287521	456
ENSG00000185532	6.583204360194252	0.174459497495727	5.695058667245857	0.15410020062546492	0.026884243565109326	584	945	0.8855740922473012	0.8147203140333661	1529	551880	457
ENSG00000005513	6.156112983832364	0.17634188743599394	5.8052185598053265	0.15708097089249068	0.027699954887460233	640	889	0.8745829244357213	0.825711481844946	1529	568960	458
ENSG00000102935	3.395767367411336	0.20785294477591088	7.963576210220492	0.2154830640725653	0.04478878941681898	1229	305	0.7589793915603533	0.940333660451423	1534	374845	459
ENSG00000198947	5.340866832638908	0.21964239334118726	4.978084917473702	0.13469990905015228	0.029585810406615697	778	757	0.8474975466143277	0.8516192345436703	1535	588946	460
ENSG00000176887	3.0606582827872755	0.16996428925004733	11.176592797792562	0.30242273048995216	0.05140106444078334	1348	193	0.7356231599607459	0.962315996074583	1541	260164	461
ENSG00000123610	4.000366682340801	0.15554059914501153	8.580061871234177	0.23216429065786992	0.03611097286900169	1048	496	0.7945044160942101	0.9028459273797841	1544	519808	462
ENSG00000128052	4.194455755550127	0.14304792067719674	9.00812415543814	0.24374704822548002	0.03486750841985931	1010	534	0.8019627085377822	0.895387634936212	1544	539340	463
ENSG00000101463	4.9170207779281805	0.14622271871767203	7.815209187070818	0.2114684631054036	0.030921493598319836	855	691	0.8323846908734053	0.8645731108930323	1546	590805	464
ENSG00000125730	2.9015483932877735	0.1872181925181988	11.297486183911118	0.30569393385126375	0.057231465759411425	1417	133	0.722080471050049	0.9740922473012757	1550	188461	465
ENSG00000162654	5.724311206371637	0.12449070670627788	8.41411180476563	0.22767391750619537	0.028343286888933072	706	846	0.8616290480863592	0.8341511285574092	1552	597276	466
ENSG00000249669	3.585710073576438	0.1968601090273679	7.661161825016235	0.2073001602334834	0.04080913214495438	1173	382	0.7699705593719333	0.9252208047105005	1555	448086	467
ENSG00000103647	7.226678741238586	0.20980884181782566	4.52644036635503	0.12247904882634647	0.025697187381204672	517	1040	0.8987242394504416	0.7960745829244358	1557	537680	468
ENSG00000172201	3.8148554862881077	0.20421300125157826	6.699987676619597	0.18129215263282386	0.03702221459250818	1090	468	0.786261040235525	0.908341511285574	1558	510120	469
ENSG00000183876	6.091835863559249	0.18201661804423758	5.554527998922643	0.15029764029238396	0.027356668186049062	649	910	0.8728164867517174	0.8215897939156035	1559	590590	470
ENSG00000138722	4.954280304428233	0.18425099387517635	6.11993576350022	0.16559677153008484	0.03051136973693864	846	713	0.8341511285574092	0.8602551521099117	1559	603198	471
ENSG00000134757	3.0618767326066134	0.17672992674107535	10.507977811916318	0.28433095839683886	0.05024978944769307	1347	213	0.7358194308145241	0.9583905789990187	1560	286911	472
ENSG00000224389	3.0843438096913376	0.16873948474691908	10.902868263312877	0.2950161332722574	0.04978087032038912	1342	218	0.7368007850834151	0.9574092247301276	1560	292556	473
ENSG00000131203	4.190270701306788	0.18405551416062835	6.950261725206802	0.18806421300165707	0.03461425541923392	1012	548	0.8015701668302257	0.892639842983317	1560	554576	474
ENSG00000169515	2.981671200935412	0.19883498436380048	9.735589832161288	0.26343123644568495	0.052379345779614395	1383	180	0.7287536800785084	0.9648675171736997	1563	248940	475
ENSG00000225614	3.4843821863347246	0.17449783003928454	8.796306598922001	0.23801556592436476	0.041533199769373925	1198	366	0.765063788027478	0.9283611383709519	1564	438468	476
ENSG00000110324	21.25057565661081	0.16162854701829305	4.699575294468278	0.12716383413171534	0.02055330574398437	35	1531	0.9933267909715408	0.6997055937193326	1566	53585	477
ENSG00000182667	3.6410116770634118	0.1419152130440617	10.090736489850075	0.27304100069904813	0.03874867178396922	1148	418	0.7748773307163886	0.9181550539744848	1566	479864	478
ENSG00000204381	3.6643132089992863	0.18918269288121795	7.429518724405623	0.20103222686118985	0.03803181803350781	1134	437	0.7776251226692836	0.9144259077526987	1571	495558	479
ENSG00000258910	7.415968590451478	0.16718941088278974	5.560045961048878	0.15044694851208448	0.025153136690848805	499	1079	0.9022571148184495	0.7884200196270854	1578	538421	480
ENSG00000134533	3.433304184966458	0.18393472027078958	8.349446233948239	0.2259241589841573	0.041555296985164365	1216	365	0.76153091265947	0.9285574092247302	1581	443840	481
ENSG00000211637	13.252061980587474	0.15625336557899908	5.157900943328642	0.13956547537333827	0.02180757524571702	199	1384	0.9611383709519137	0.7285574092247301	1583	275416	482
ENSG00000106034	4.6844108763651855	0.19654025593212043	5.839734190798223	0.1580149148554055	0.031056291806773616	899	684	0.8237487733071639	0.8659470068694799	1583	614916	483
ENSG00000143452	5.710569759985742	0.1586434864470693	6.484797861889337	0.17546942181299785	0.02783708084126541	711	876	0.8606476938174681	0.8282630029440627	1587	622836	484
ENSG00000123243	3.453082123349407	0.15389697880676387	9.768373907339933	0.26431832696705315	0.040677791963487864	1208	384	0.7631010794896957	0.9248282630029441	1592	463872	485
ENSG00000186642	7.9083949186313935	0.18819418261127635	4.7951605184368615	0.12975023456251406	0.02441823933711371	453	1139	0.9112855740922473	0.7766437684003925	1592	515967	486
ENSG00000181804	4.57015964351217	0.18921794880957477	6.106573468383401	0.16523520679851128	0.03126546690154021	925	669	0.8186457311089304	0.8688910696761531	1594	618825	487
ENSG00000187720	10.549918716696153	0.21827698420969116	3.857968904572154	0.10439116029139735	0.02278618764655668	310	1285	0.9393523061825318	0.7479882237487734	1595	398350	488
ENSG00000259459	3.2644023461858844	0.18452083598760016	8.845699133894177	0.23935205778394616	0.04416544179764613	1279	316	0.7491658488714426	0.9381746810598626	1595	404164	489
ENSG00000144857	5.721814541631263	0.2328928316609205	4.393523222370728	0.11888249965076965	0.027686881978596138	707	892	0.8614327772325809	0.8251226692836113	1599	630644	490
ENSG00000091656	8.227343893957821	0.17978545484624367	4.935077847418499	0.13353619880394593	0.02400786624040584	428	1172	0.9161923454367027	0.7701668302257114	1600	501616	491
ENSG00000100234	3.144412623301981	0.14874682785839274	11.287661770574532	0.30542809917691655	0.04543146089138491	1309	293	0.7432777232580962	0.9426889106967615	1602	383537	492
ENSG00000163565	2.5805839325256743	0.2188403330756301	13.376231512260224	0.36194183064470625	0.07920747077229082	1564	39	0.6932286555446516	0.9925417075564279	1603	60996	493
ENSG00000060718	6.983063166613933	0.14016342615094	6.651700553206616	0.17998557164036405	0.025227394378848886	541	1072	0.8940137389597644	0.7897939156035328	1613	579952	494
ENSG00000281406	8.356463325191973	0.21177510556597567	4.135137432113114	0.11189094707090423	0.02369571712781774	417	1199	0.918351324828263	0.7648675171736997	1616	499983	495
ENSG00000118495	5.596779040336695	0.23960363465167417	4.272003257756877	0.1155943419651088	0.027696824480008618	732	890	0.8565260058881257	0.8255152109911679	1622	651480	496
ENSG00000062038	3.652103541603321	0.20515279622272886	6.5448252891009	0.1770936787551666	0.036331263389992104	1138	491	0.7768400392541708	0.9038272816486752	1629	558758	497
ENSG00000143867	3.9232960935260266	0.19305120003186382	6.483713703464278	0.17544008602550681	0.03386891914091751	1065	566	0.7911678115799804	0.8891069676153092	1631	602790	498
ENSG00000157303	2.8466974360743755	0.17222804376462933	10.952715651826272	0.29636493282277804	0.05104235262050285	1439	199	0.7177625122669284	0.9611383709519137	1638	286361	499
ENSG00000177098	5.281649407857877	0.19925059762869027	5.23677700712148	0.14169974965657434	0.028233759802908234	785	853	0.8461236506378803	0.8327772325809617	1638	669605	500
ENSG00000183044	5.672709038195833	0.19900113392472793	5.056632608302229	0.13682529802725943	0.027228389457013467	718	921	0.8592737978410206	0.8194308145240432	1639	661278	501
ENSG00000139117	3.3025119443879296	0.22654060803785062	6.582906282052615	0.17812409634991883	0.040352341093303296	1264	386	0.7521099116781158	0.9244357212953876	1650	487904	502
ENSG00000197308	3.1411628779111505	0.19893308095702372	8.001934907058356	0.21652099594014074	0.043073188814255425	1313	339	0.7424926398429833	0.9336604514229637	1652	445107	503
ENSG00000186310	8.436102854984771	0.19803336311703704	4.3513116380975285	0.11774031412024473	0.02331651037968843	412	1242	0.9193326790971541	0.7564278704612365	1654	511704	504
ENSG00000101336	4.941076881555957	0.145752186904552	7.369890040550161	0.19941875934802675	0.02906572028476747	851	804	0.8331697742885181	0.8423945044160942	1655	684204	505
ENSG00000081277	2.9597311547328657	0.19280977665528531	9.012043160121777	0.2438530909272829	0.0470172599983904	1396	260	0.7262021589793916	0.9491658488714426	1656	362960	506
ENSG00000018236	3.401929072548381	0.16525050840081557	8.49002927411435	0.22972813642493972	0.0379626913381932	1226	439	0.7595682041216879	0.9140333660451423	1665	538214	507
ENSG00000188959	3.887666840204109	0.16093700515259218	7.575892465079623	0.20499289243499533	0.03299094218605562	1073	592	0.7895976447497547	0.8840039254170755	1665	635216	508
ENSG00000178695	7.72764855638257	0.21603362254075784	4.056210845405758	0.10975530570934323	0.02371083628545774	473	1198	0.907360157016683	0.765063788027478	1671	566654	509
ENSG00000134013	5.060488089985669	0.15149781799762785	6.913200728231545	0.1870613950496466	0.028339393181613725	826	847	0.8380765456329735	0.833954857703631	1673	699622	510
ENSG00000069431	4.1328452200299255	0.16572733879308452	7.043699452990331	0.19059250523510524	0.03158638868652102	1024	654	0.7992149165848872	0.8718351324828263	1678	669696	511
ENSG00000249661	3.3946154350329083	0.18866381943207447	7.395392068956207	0.20010880802414135	0.03775329202383426	1232	447	0.7583905789990186	0.9124631992149166	1679	550704	512
ENSG00000120594	3.41879760085142	0.18001220844545235	7.686357022658502	0.2079819065048259	0.0374392823066293	1221	458	0.760549558390579	0.9103042198233562	1679	559218	513
ENSG00000020181	9.505717039903873	0.20165093447013172	4.066991239711163	0.11004700787122595	0.022191081972874654	351	1341	0.9313052011776252	0.7369970559371933	1692	470691	514
ENSG00000198821	24.385604322020804	0.1772280715571736	4.064641720109736	0.10998343320709902	0.01949215177053137	19	1679	0.9964671246319922	0.6706575073601571	1698	31901	515
ENSG00000167693	5.602702857364141	0.22860357640560522	4.29850317820056	0.116311392182768	0.026589200229695718	730	969	0.856918547595682	0.810009813542689	1699	707370	516
ENSG00000049540	2.60012594471156	0.1837787743559104	11.19920369563054	0.3030345492782632	0.05569131805385494	1553	147	0.695387634936212	0.9713444553483808	1700	228291	517
ENSG00000236313	4.7609551823347145	0.18449433074097135	5.773712439844164	0.1562284600246276	0.028823265174936264	882	818	0.8270853778213936	0.8396467124631992	1700	721476	518
ENSG00000079308	7.314509665372762	0.20802181801003666	4.216999714606109	0.11410602419177429	0.023736542598270113	507	1195	0.9006869479882238	0.7656526005888126	1702	605865	519
ENSG00000104213	5.92370713621371	0.17896440952667766	5.310325601175438	0.1436898701736149	0.025715372770585963	667	1035	0.8692836113837095	0.7970559371933268	1702	690345	520
ENSG00000167861	5.563121624222286	0.1738447053257242	5.670368715139739	0.15343212558088845	0.026673362659109065	738	966	0.8553483807654563	0.8105986261040236	1704	712908	521
ENSG00000139971	15.776513966946693	0.18385705023751311	4.054126032958968	0.10969889364494002	0.020168914999877347	127	1578	0.975269872423945	0.6904808635917566	1705	200406	522
ENSG00000205795	14.707588534041168	0.18256073487421562	4.1316797672573005	0.11179738756974564	0.020409813231750264	158	1549	0.9691854759568204	0.6961727183513249	1707	244742	523
ENSG00000116711	3.9961110911795323	0.22519004813057508	5.15028538253226	0.13935940911218678	0.03138235204542184	1049	663	0.7943081452404318	0.8700686947988223	1712	695487	524
ENSG00000184304	6.467602910777088	0.20135599433184745	4.514040433477541	0.12214352425042714	0.024594330776640878	595	1122	0.8834151128557409	0.7799803729146222	1717	667590	525
ENSG00000145362	3.9049447448833026	0.1929621658716573	6.051761681069254	0.1637520776658249	0.03159795557238141	1070	653	0.7901864573110893	0.8720314033366046	1723	698710	526
ENSG00000118523	5.932242240068495	0.19428920853000142	4.840497747940783	0.1309769956146062	0.025447416813599306	664	1059	0.8698724239450442	0.7923454367026497	1723	703176	527
ENSG00000117472	3.6756766420079816	0.16900111769121523	7.2117920476427075	0.1951408521570717	0.032979022121761306	1129	595	0.7786064769381746	0.8834151128557409	1724	671755	528
ENSG00000082175	2.3055702722291156	0.18273039949869477	21.829350588244818	0.5906712295202623	0.10793358974262277	1718	13	0.6630029440628067	0.9976447497546614	1731	22334	529
ENSG00000005102	4.577021405787962	0.16727241807236892	6.401773952344483	0.1732229127136	0.028975415475142766	924	809	0.8188420019627085	0.8414131501472031	1733	747516	530
ENSG00000115165	4.651690091968314	0.1601154602445347	6.606844730229106	0.17877183676528552	0.028624134922434524	904	831	0.8227674190382728	0.8370951913640825	1735	751224	531
ENSG00000072840	4.440662191406736	0.17611701206767516	6.178896589476256	0.1671921677573803	0.029445385026547317	963	773	0.8111874386653581	0.8484789008832189	1736	744399	532
ENSG00000160180	2.3060626914197906	0.17716673776354597	20.316891790406835	0.5497462421228461	0.09739674831467311	1717	22	0.6631992149165848	0.9958783120706575	1739	37774	533
ENSG00000154736	2.62180575173136	0.1955350331646827	9.617855567834804	0.26024551443415445	0.0508871152958423	1542	202	0.6975466143277723	0.960549558390579	1744	311484	534
ENSG00000061337	3.4547979494699135	0.18096944723923317	7.111739383906273	0.19243356914986207	0.03482459663932329	1207	537	0.763297350343474	0.8947988223748773	1744	648159	535
ENSG00000235584	2.5788004551588735	0.2014176429386152	9.554175567807016	0.25852242405818515	0.0520709773005768	1565	185	0.6930323846908735	0.9638861629048087	1750	289525	536
ENSG00000162078	3.576154550631333	0.17173595690854476	7.2014525290215285	0.19486107946516631	0.03346465394618232	1175	577	0.7695780176643768	0.8869479882237488	1752	677975	537
ENSG00000169413	4.3148794648315	0.13837944071496233	7.887460368471355	0.21342347747835191	0.029533421448896698	992	763	0.80549558390579	0.850441609421001	1755	756896	538
ENSG00000163220	2.477182624067632	0.1826205893194186	11.187673086985953	0.3027225473816569	0.0552833700031138	1604	152	0.6853778213935231	0.9703631010794896	1756	243808	539
ENSG00000075884	4.610813293317333	0.1573697609663111	6.674866095493608	0.18061239831987735	0.02842292995115127	914	842	0.8208047105004906	0.8349362119725221	1756	769588	540
ENSG00000211648	16.80878450576366	0.1617541551125053	4.477781938464488	0.12116242086197145	0.019598525017913978	95	1662	0.9815505397448478	0.6739941118743866	1757	157890	541
ENSG00000172985	3.8141174848780786	0.18706881515524915	6.170484224774554	0.16696454111400214	0.03123385887913626	1091	671	0.7860647693817469	0.8684985279685966	1762	732061	542
ENSG00000100055	14.779030311407258	0.1530935659497042	4.824812900993656	0.1305525859284983	0.01998676092374898	156	1609	0.9695780176643768	0.684396467124632	1765	251004	543
ENSG00000072952	8.347240150250132	0.18437562728693577	4.4352454043836085	0.12001144265107526	0.022127185020402118	418	1348	0.9181550539744848	0.7356231599607459	1766	563464	544
ENSG00000135318	3.933777175795719	0.1732118911081022	6.536470429952149	0.17686760813039415	0.03063557288003232	1061	706	0.7919528949950932	0.8616290480863592	1767	749066	545
ENSG00000165186	3.5527615648851896	0.1970836038663399	6.22012321569347	0.16830770172153806	0.033170688413741704	1180	588	0.7685966633954857	0.8847890088321884	1768	693840	546
ENSG00000196549	3.1021845341914345	0.19245324727821006	7.300072146252747	0.19752958626885248	0.03801521031096199	1334	438	0.7383709519136408	0.9142296368989205	1772	584292	547
ENSG00000120162	5.115494056321317	0.221298644506314	4.476487895937846	0.1211274059087243	0.026805330740166777	819	955	0.8394504416094211	0.8127576054955838	1774	782145	548
ENSG00000135074	3.392218246315366	0.18376268454508868	6.976874361027367	0.18878431313736027	0.03469151218212198	1233	542	0.7581943081452405	0.8938174681059863	1775	668286	549
ENSG00000170549	2.9583437345734778	0.18163779226815716	8.286366241211022	0.22421730395346823	0.040726336078426316	1398	383	0.7258096172718351	0.9250245338567222	1781	535434	550
ENSG00000127083	10.51155652825397	0.19478957747295197	3.992826642558212	0.10804021918504311	0.021045108645139667	311	1477	0.9391560353287537	0.7103042198233562	1788	459347	551
ENSG00000103522	5.931311195744172	0.17284891418060244	5.257616197074296	0.14226362854531527	0.024590113721450303	665	1123	0.869676153091266	0.779784102060844	1788	746795	552
ENSG00000229544	6.985246814545555	0.20144382136443936	4.25968499494269	0.11526102726513199	0.023218621786679022	540	1249	0.8942100098135427	0.7550539744847891	1789	674460	553
ENSG00000116157	2.6439832508874646	0.19755404711471353	8.78697922674337	0.23776318047795977	0.046971078558287	1532	261	0.6995093228655545	0.9489695780176644	1793	399852	554
ENSG00000197635	3.3219027862657375	0.18313372704441658	7.03074007581253	0.1902418428908232	0.0348396977283948	1258	535	0.7532875368007851	0.8951913640824337	1793	673030	555
ENSG00000163909	3.1403241569438918	0.15298392135853725	8.85734656681561	0.23966722077959488	0.03666523125596473	1314	480	0.742296368989205	0.9059862610402355	1794	630720	556
ENSG00000066294	3.161933410300118	0.1296329349733317	10.306623856784611	0.27888260629100664	0.03615237076651533	1300	494	0.7450441609421001	0.9032384690873405	1794	642200	557
ENSG00000211964	15.210246679957917	0.15532699165634892	4.6833023560919615	0.12672351152661585	0.019683581817557895	148	1649	0.9711481844946026	0.6765456329735035	1797	244052	558
ENSG00000101445	3.6534759266256787	0.1761690260837526	6.591343890333696	0.1783524060487094	0.03142016967329512	1137	660	0.7770363101079489	0.870657507360157	1797	750420	559
ENSG00000141506	11.402456279664365	0.14153923719197775	5.356751277542603	0.14494608305224585	0.020515558029179932	262	1538	0.9487733071638862	0.6983316977428852	1800	402956	560
ENSG00000187486	7.157137461791044	0.19536423019993449	4.343109550323408	0.1175183772719364	0.022958887310077333	525	1276	0.8971540726202158	0.7497546614327772	1801	669900	561
ENSG00000101017	2.7331660577140244	0.19300710549463035	8.46840728380846	0.22914307607021103	0.04422624185644733	1488	314	0.7081452404317958	0.938567222767419	1802	467232	562
ENSG00000120332	3.761805401206586	0.19740174652263295	5.770882371434314	0.15615188239211783	0.030824654307000834	1105	697	0.7833169774288518	0.8633954857703631	1802	770185	563
ENSG00000137727	6.7768055525825455	0.20925156477154383	4.124257312039194	0.11159654647133481	0.023351751972227115	563	1240	0.8896957801766437	0.7568204121687929	1803	698120	564
ENSG00000278196	12.935217771558634	0.15733544261064583	4.710399099750668	0.12745671093299224	0.020053458028339476	207	1598	0.959568204121688	0.6865554465161923	1805	330786	565
ENSG00000111344	3.9593423232896785	0.19917295342288072	5.50831505755739	0.14904718372082376	0.029686167781039177	1054	752	0.7933267909715407	0.8526005888125614	1806	792608	566
ENSG00000145936	2.9686160678939046	0.19680224164617527	7.237221187095282	0.19582892856160675	0.03853957212009292	1388	424	0.7277723258096173	0.9169774288518155	1812	588512	567
ENSG00000143297	10.086776768762569	0.16081140979271935	4.813451608417021	0.13024516548426418	0.020944908680210553	328	1488	0.935819430814524	0.7081452404317958	1816	488064	568
ENSG00000136960	2.7439072406097105	0.16875894093901625	9.440744636942329	0.2554531441394526	0.04311000206451588	1482	338	0.7093228655544652	0.9338567222767419	1820	500916	569
ENSG00000164626	4.46425460160859	0.18865203374795286	5.490270868659088	0.14855893359175237	0.028025944953511156	958	862	0.8121687929342493	0.8310107948969578	1820	825796	570
ENSG00000133106	5.854311777363829	0.15546049153423933	5.7937007066115935	0.15676931414027195	0.024371434633732255	682	1143	0.8663395485770363	0.7758586849852797	1825	779526	571
ENSG00000173482	3.062024693930943	0.18025535786912766	7.515267551077024	0.2033524683486847	0.036655371955762614	1346	481	0.7360157016683022	0.9057899901864573	1827	647426	572
ENSG00000160307	4.2386108291387306	0.20379236243270313	5.225524532446484	0.14139527367023855	0.0288152768580765	1007	821	0.8025515210991168	0.8390578999018645	1828	826747	573
ENSG00000162949	3.4232937459587056	0.15355660165838267	7.853363694344607	0.21250086989332173	0.032630911430268604	1220	609	0.7607458292443572	0.8806673209028459	1829	742980	574
ENSG00000078081	5.222145079350584	0.2134117378722343	4.4586605833799196	0.12064502414546181	0.025747064268520675	797	1033	0.8437684003925416	0.7974484789008832	1830	823301	575
ENSG00000073464	6.696906697899071	0.22914782925790786	3.727851420749133	0.10087036594430329	0.023114225392587895	569	1262	0.8885181550539745	0.7525024533856722	1831	718078	576
ENSG00000101311	4.8550536532733535	0.19788802474546033	4.992746799255121	0.13509663875147354	0.02673400699228011	869	963	0.8296368989205103	0.8111874386653581	1832	836847	577
ENSG00000010610	18.92738745513884	0.15172735769182646	4.585312132064469	0.12407203520929223	0.01882512206575317	62	1771	0.9880274779195289	0.6526005888125613	1833	109802	578
ENSG00000213203	3.762449906717689	0.18282258918378938	6.077492465879701	0.16444831616541145	0.030064866948274926	1104	730	0.78351324828263	0.856918547595682	1834	805920	579
ENSG00000211950	9.159996767534883	0.15303921834171716	5.102122308692939	0.13805618472504141	0.02112801059756005	372	1465	0.9271835132482826	0.7126594700686948	1837	544980	580
ENSG00000019991	5.783943897770564	0.20566729179246498	4.37305924686713	0.11832877353222483	0.024336358393496592	693	1147	0.8641805691854759	0.7750736015701668	1840	794871	581
ENSG00000154262	10.702230281223155	0.2187190694582517	3.4598293789769214	0.09361807008180634	0.020476057172770075	299	1542	0.9415112855740922	0.6975466143277723	1841	461058	582
ENSG00000277494	4.772209773162508	0.18319906502061004	5.366728393678592	0.14521604964750887	0.026603444521410113	880	968	0.8274779195289499	0.8102060843964671	1848	851840	583
ENSG00000179954	3.57425142720328	0.1765599064731746	6.533018222300896	0.1767741962934418	0.031211235564440692	1176	673	0.7693817468105986	0.8681059862610403	1849	791448	584
ENSG00000143546	2.4195117058828903	0.17826568198690654	10.452750878908354	0.28283659601117933	0.05042005867878805	1643	207	0.6777232580961727	0.959568204121688	1850	340101	585
ENSG00000211933	11.14327055566389	0.15845805097541624	4.7130676872926855	0.12752891912251918	0.02020798396715588	282	1572	0.9448478900883219	0.6916584887144259	1854	443304	586
ENSG00000129038	6.75613462720321	0.18416366399369716	4.551528453627357	0.12315789684317374	0.022681209532396666	566	1293	0.8891069676153092	0.7464180569185477	1859	731838	587
ENSG00000167286	8.160614225981282	0.15640428611730584	5.054324529207945	0.13676284468441083	0.021390295090237252	433	1429	0.9152109911678116	0.7197252208047105	1862	618757	588
ENSG00000239855	15.912762748724708	0.15371967019873845	4.56900100951382	0.12363067939465634	0.01900446726299254	124	1740	0.9758586849852797	0.6586849852796859	1864	215760	589
ENSG00000164176	2.4290366427340073	0.14338774109104305	12.6319675517062	0.3418031047173853	0.049010375083331115	1636	230	0.6790971540726203	0.955053974484789	1866	376280	590
ENSG00000174059	8.854265589775252	0.17587583447872981	4.426136999107344	0.11976498213811813	0.021063766174871698	391	1476	0.9234543670264965	0.7105004906771344	1867	577116	591
ENSG00000140368	15.326173941781182	0.18605153367149854	3.798789712175636	0.10278985537884117	0.019124210239104933	143	1725	0.9721295387634936	0.6616290480863591	1868	246675	592
ENSG00000106829	3.4797341407498608	0.2205643414283861	5.233169843803672	0.14160214493932002	0.031232383843387997	1199	672	0.7648675171736997	0.8683022571148185	1871	805728	593
ENSG00000240382	12.320147090202239	0.14922159318603137	4.897117243109042	0.1325090387549029	0.019773209874556188	234	1640	0.9542688910696762	0.6783120706575074	1874	383760	594
ENSG00000113532	3.1002351546627085	0.15925736260787335	8.061898464135876	0.21814352464717704	0.034740962405295034	1336	539	0.7379784102060845	0.8944062806673209	1875	720104	595
ENSG00000049249	5.393550104879029	0.18397813287364206	4.97275312038545	0.13455563819202762	0.024755295082190563	772	1103	0.848675171736997	0.7837095191364083	1875	851516	596
ENSG00000197872	6.201103178543061	0.24851578764528082	3.471782545445015	0.09394150579308999	0.02334594730475347	636	1241	0.8753680078508341	0.7566241413150148	1877	789276	597
ENSG00000149633	3.1153481202138886	0.2134359301908048	5.974963957509917	0.16167404031809096	0.03450704918299743	1326	552	0.7399411187438665	0.8918547595682041	1878	731952	598
ENSG00000149043	3.1132123054917384	0.1903654524856156	6.675889328260124	0.18064008554556188	0.0343876316219212	1328	553	0.7395485770363102	0.8916584887144259	1881	734384	599
ENSG00000251141	2.220943965992967	0.18555544479893338	11.967789483944632	0.3238313893280883	0.06008867748662999	1771	116	0.6526005888125613	0.9774288518155054	1887	205436	600
ENSG00000185483	5.094832508930661	0.21758299821940028	4.306923664473728	0.11653923858433748	0.025356956941386167	823	1066	0.8386653581943082	0.7909715407262021	1889	877318	601
ENSG00000101230	4.18375123934249	0.19430599808053525	5.298398484483362	0.14336713933227993	0.027857095099909815	1015	874	0.800981354268891	0.8286555446516193	1889	887110	602
ENSG00000116299	2.64174755518428	0.16898957704828263	9.186205714961975	0.24856568235266627	0.04200500952949484	1533	357	0.6993130520117763	0.9301275760549559	1890	547281	603
ENSG00000154330	4.224033866489508	0.1988184644920212	5.157124125937482	0.13954445579780422	0.027744014430094163	1008	884	0.8023552502453386	0.826692836113837	1892	891072	604
ENSG00000154548	11.778779644452033	0.2121794164465559	3.4367744359112273	0.09299423606017189	0.019731462740140537	249	1644	0.9513248282630029	0.6775269872423946	1893	409356	605
ENSG00000245750	4.467581447448531	0.1931679235379793	5.167957902591947	0.13983760241025026	0.02701213929011757	956	940	0.8125613346418057	0.8157016683022571	1896	898640	606
ENSG00000122224	20.8645296128379	0.17161039035866715	3.9320630389645617	0.1063960423553361	0.01825866636121651	38	1859	0.9927379784102061	0.6353287536800785	1897	70642	607
ENSG00000165474	3.4275538089767683	0.13579425435968917	8.4670223637118	0.22910560209896416	0.031111224406656476	1217	680	0.7613346418056919	0.8667320902845927	1897	827560	608
ENSG00000136883	2.7262393594143446	0.19016892425403525	7.564177527556969	0.2046759028606932	0.03892299626774144	1492	409	0.707360157016683	0.9199214916584887	1901	610228	609
ENSG00000254838	12.707075727677656	0.17488812550194982	4.098187816028874	0.11089114292764528	0.019393544121384682	217	1687	0.9576054955839058	0.6690873405299314	1904	366079	610
ENSG00000100219	13.666311045004582	0.20797768694129376	3.3989090311121557	0.0919696519746978	0.019127635486493436	184	1723	0.9640824337585868	0.6620215897939157	1907	317032	611
ENSG00000152977	2.9506145053479615	0.16598398122398406	7.98535953440657	0.21607248989299982	0.035864572105419164	1403	505	0.7248282630029441	0.9010794896957802	1908	708515	612
ENSG00000157404	2.1974266266413354	0.18524474847698402	11.839535644945167	0.32036102256356797	0.05934519704661755	1790	121	0.6488714425907753	0.9764474975466143	1911	216590	613
ENSG00000081985	4.758214299298214	0.21002722133279583	4.543147720961611	0.12293112611777146	0.025818882833827026	883	1028	0.8268891069676153	0.7984298331697743	1911	907724	614
ENSG00000211669	8.549382520898405	0.14170265472110916	5.426014272700464	0.14682024134865349	0.02080481796589816	405	1510	0.9207065750736015	0.7038272816486753	1915	611550	615
ENSG00000034053	2.892553676439779	0.19092054555283341	6.959381985660316	0.18831099429887635	0.03595243776513798	1421	500	0.7212953876349362	0.9020608439646712	1921	710500	616
ENSG00000204019	4.908619390783538	0.17794049828668482	5.272891388932086	0.1426769535464107	0.025388008208074502	857	1064	0.8319921491658488	0.7913640824337586	1921	911848	617
ENSG00000151892	2.0271851707443895	0.17440912114030613	25.79528703792651	0.6979838382697955	0.1217347478027726	1913	10	0.624730127576055	0.998233562315996	1923	19130	618
ENSG00000196917	3.0763487082915892	0.17181863601158293	7.189143901583314	0.19452802548478124	0.033423540004821554	1343	580	0.7366045142296369	0.8863591756624142	1923	778940	619
ENSG00000160182	2.0165841492630276	0.17719938099797186	21.355784563209625	0.577857205340487	0.10239593909155222	1922	17	0.622963689892051	0.9968596663395486	1939	32674	620
ENSG00000083857	3.4174777379587886	0.19806114053095286	5.6774219960658	0.15362297734717928	0.030426742105143064	1222	717	0.7603532875368008	0.8594700686947988	1939	876174	621
ENSG00000117122	4.052945609863341	0.1768774005853162	5.739425778491671	0.15530071165504813	0.027469186186594635	1038	901	0.7964671246319921	0.8233562315996075	1939	935238	622
ENSG00000089012	16.19109786322099	0.16813862499475274	4.056353333800057	0.10975916124296127	0.018454754451968865	117	1826	0.9772325809617272	0.6418056918547596	1943	213642	623
ENSG00000205426	2.4445522012339267	0.1825933937025083	8.859394620686711	0.2397226382091367	0.043771770057924854	1622	321	0.6818449460255152	0.9371933267909716	1943	520662	624
ENSG00000244575	13.676804612527922	0.15835508013926994	4.40034669699637	0.11906713318489313	0.01885488541744688	183	1763	0.9642787046123651	0.654170755642787	1946	322629	625
ENSG00000244731	2.81751948516109	0.1627404903318148	8.209317470786866	0.2221324736340556	0.03614994767782514	1453	495	0.7150147203140333	0.9030421982335624	1948	719235	626
ENSG00000185634	4.702041858426841	0.17793427728412553	5.2913649011680945	0.14317682055536682	0.025476064089358125	895	1054	0.8245338567222767	0.7933267909715407	1949	943330	627
ENSG00000260807	4.282829838729393	0.17711872458437536	5.608420663684672	0.15175589927395225	0.026878811327557355	1001	948	0.803729146221786	0.8141315014720314	1949	948948	628
ENSG00000211934	10.24095838664169	0.1495837455063796	4.901694929940427	0.13263290446030365	0.01983972662656202	322	1631	0.9369970559371933	0.6800785083415113	1953	525182	629
ENSG00000089225	7.243763631733746	0.1734581861451545	4.532421989769628	0.12264090306211703	0.021273068592358547	512	1445	0.8997055937193327	0.716584887144259	1957	739840	630
ENSG00000094963	2.333548379647824	0.1888173108860498	9.171096146788079	0.2481568388932735	0.0468563069978106	1696	263	0.6673209028459274	0.9485770363101079	1959	446048	631
ENSG00000072163	5.248492145073468	0.20305042786837485	4.380700427931214	0.11853553304143992	0.02406869070167026	795	1168	0.8441609421000982	0.7709519136408243	1963	928560	632
ENSG00000073792	4.560981699079577	0.21347134498185516	4.448089177837719	0.12035897692275005	0.02569319268433952	927	1041	0.8182531894013739	0.7958783120706575	1968	965007	633
ENSG00000105989	3.672534756923496	0.15829425409384668	6.6584772395125444	0.1801689391489949	0.0285197078334698	1131	838	0.7782139352306182	0.835721295387635	1969	947778	634
ENSG00000252621	4.437628483777713	0.18858295072003162	5.122520083200304	0.13860811953863272	0.026139128176350227	965	1005	0.8107948969578018	0.8029440628066732	1970	969825	635
ENSG00000111817	8.486519990308485	0.20813609984589856	3.6054400369275585	0.09755808772068529	0.020305359886607484	409	1562	0.9199214916584887	0.693621197252208	1971	638858	636
ENSG00000228649	8.05780987655179	0.23072381393548838	3.2863177173849705	0.08892309090346048	0.020516674680178537	442	1537	0.9134445534838076	0.6985279685966634	1979	679354	637
ENSG00000218336	2.9608713842766656	0.15755821956386024	7.801898737738986	0.21110830124715144	0.03326184807965223	1394	585	0.726594700686948	0.8853778213935231	1979	815490	638
ENSG00000137965	5.685358058693481	0.12349516298867266	6.902609277178457	0.1867748054238746	0.023065785037999015	714	1266	0.8600588812561335	0.7517173699705594	1980	903924	639
ENSG00000166106	2.8481619694653553	0.17664506576617278	7.256826426644643	0.19635941850462396	0.03468592239555674	1438	543	0.7179587831207066	0.893621197252208	1981	780834	640
ENSG00000100453	8.44971942752414	0.19125973746947014	3.9064033047017936	0.1057017263826789	0.020216484438020932	411	1571	0.9195289499509323	0.6918547595682041	1982	645681	641
ENSG00000161405	4.168402574655828	0.1503715098775169	6.558105684761058	0.1774530274037391	0.026683879663036633	1017	965	0.8005888125613346	0.8107948969578018	1982	981405	642
ENSG00000172716	2.4338449468387573	0.20394721858025439	7.6346715893879855	0.20658337207317756	0.04213210413925436	1632	355	0.6798822374877331	0.9305201177625123	1987	579360	643
ENSG00000122591	7.904477369890014	0.2424131022519597	3.132988797798791	0.08477422806455621	0.020550383616144217	454	1533	0.911089303238469	0.6993130520117763	1987	695982	644
ENSG00000134215	3.108040999640456	0.16812664941115826	6.9351173525696	0.18765442778290914	0.03154971019030868	1331	657	0.7389597644749755	0.8712463199214917	1988	874467	645
ENSG00000186910	2.2419000060662784	0.18215297796208882	9.89136193011782	0.267646208222009	0.04875255386790024	1755	234	0.6557409224730127	0.9542688910696762	1989	410670	646
ENSG00000164434	2.3864271853107852	0.1990762970564951	8.116898033684418	0.2196317349004778	0.0437234725000809	1671	323	0.6722276741903828	0.9368007850834151	1994	539733	647
ENSG00000173432	2.2331666903629523	0.1686964856625562	10.625084323842902	0.2874996943198284	0.04850018806081423	1758	238	0.6551521099116782	0.9534838076545633	1996	418404	648
ENSG00000124249	3.1035074688557325	0.17542204273472506	6.594215250521982	0.17843010097810982	0.03130057279894329	1333	667	0.738567222767419	0.8692836113837095	2000	889111	649
ENSG00000243290	16.42565962505534	0.15384313631547142	4.3226727385840285	0.11696538616627912	0.017994321848170635	106	1900	0.9793915603532876	0.6272816486751718	2006	201400	650
ENSG00000136928	4.72944307043761	0.18768367534143235	4.851891094461278	0.131285283393045	0.024640104505448197	891	1116	0.8253189401373896	0.7811579980372915	2007	994356	651
ENSG00000162493	2.212675411938648	0.16574023877103422	10.80909265728462	0.29247869853328967	0.048475489330348766	1775	239	0.6518155053974485	0.953287536800785	2014	424225	652
ENSG00000274173	3.8073347913093976	0.19307025198038213	5.194985501206029	0.14056893084990418	0.027139678899803912	1093	931	0.7856722276741903	0.8174681059862611	2024	1017583	653
ENSG00000113494	2.2925795106185176	0.16875968555560394	9.882866725216386	0.26741634004045817	0.04512909745765818	1728	297	0.6610402355250246	0.9419038272816487	2025	513216	654
ENSG00000132205	3.6887279303487883	0.19508171419763623	5.1923477942047285	0.1404975582439591	0.027408504502813777	1124	906	0.7795878312070658	0.8223748773307163	2030	1018344	655
ENSG00000157765	1.9861041015617003	0.18204233418642207	13.633637829616998	0.36890688007871386	0.06715666954695956	1949	84	0.6176643768400393	0.9837095191364083	2033	163716	656
ENSG00000154678	2.9958034390211763	0.18060149877306014	6.4436533125110005	0.17435610873155208	0.03148897455715694	1378	658	0.7297350343473994	0.8710500490677134	2036	906724	657
ENSG00000173210	2.9579006173631583	0.18197273047913332	6.507225818254957	0.17607629046484138	0.03204108334852417	1400	639	0.7254170755642787	0.8747791952894995	2039	894600	658
ENSG00000265190	4.4445612141135875	0.18373512265122	5.0600744037591685	0.13691842812501887	0.02515672418476259	961	1078	0.8115799803729147	0.7886162904808636	2039	1035958	659
ENSG00000064300	3.2810104700856657	0.1831194305671975	5.949255375455983	0.16097840259356802	0.029478273416551248	1272	769	0.7505397448478901	0.8492639842983317	2041	978168	660
ENSG00000024422	3.6183804125492736	0.18414072983407961	5.567673139113991	0.1506533291200315	0.027741413976096398	1157	885	0.7731108930323847	0.8264965652600589	2042	1023945	661
ENSG00000118513	4.193515296234059	0.18336044727081338	5.194441453613764	0.1405542096945981	0.025772082755397198	1011	1032	0.8017664376840039	0.7976447497546615	2043	1043352	662
ENSG00000116774	2.4120950976154547	0.1690890616331452	8.683998611684613	0.23497667126562138	0.03973198484998395	1650	394	0.6763493621197252	0.9228655544651619	2044	650100	663
ENSG00000172243	3.4030398712252565	0.17906608282407455	5.947653658790318	0.16093506241501224	0.028818011215704188	1225	819	0.7597644749754662	0.8394504416094211	2044	1003275	664
ENSG00000026559	4.053073778124076	0.18828084682775376	5.128465050680845	0.13876898191687861	0.026127541428735152	1037	1008	0.7966633954857704	0.8023552502453386	2045	1045296	665
ENSG00000110484	1.8889800182751642	0.1321545094045336	31.830497165158317	0.8612880543917731	0.11382310028413004	2036	11	0.6005888125613346	0.9980372914622179	2047	22396	666
ENSG00000153993	3.4909251318537606	0.17737727749933216	5.873023800353912	0.15891568441916415	0.028188031454214377	1195	855	0.7656526005888126	0.8323846908734053	2050	1021725	667
ENSG00000196664	4.904158723768098	0.1494069916456549	5.87873839615705	0.15907031326694437	0.023766216965346067	860	1192	0.8314033366045143	0.7662414131501472	2052	1025120	668
ENSG00000038295	5.842559396777474	0.1976627909763724	4.098305819281259	0.1108943359280917	0.021919683943018013	685	1368	0.8657507360157016	0.7316977428851815	2053	937080	669
ENSG00000163362	2.824134496267106	0.19828212285866506	6.11882314425785	0.16556666563329137	0.032828909936399794	1450	604	0.715603532875368	0.881648675171737	2054	875800	670
ENSG00000150667	5.498146556915725	0.19422610315309288	4.280872368188827	0.11583432749937442	0.02249805004156264	748	1306	0.8533856722276743	0.7438665358194307	2054	976888	671
ENSG00000136732	2.010824391321082	0.20788297045739135	10.424924070171322	0.2820836420804665	0.05864038543312697	1930	125	0.6213935230618253	0.9756624141315015	2055	241250	672
ENSG00000163017	2.341707538619869	0.16338597012180262	9.382062297441882	0.2538652833607394	0.04147802560214072	1689	369	0.6686947988223748	0.9277723258096173	2058	623241	673
ENSG00000239713	2.9852338757351915	0.13219557240206714	8.702962681271378	0.23548981205990385	0.031130710500114202	1381	679	0.7291462217860647	0.8669283611383709	2060	937699	674
ENSG00000243238	13.277427108651947	0.15929478783670725	4.225499967033122	0.11433602895219994	0.018213133474032306	195	1866	0.9619234543670265	0.633954857703631	2061	363870	675
ENSG00000133019	3.8677521046890355	0.15211782052263867	6.406502476091219	0.17335085985174364	0.026369754986372628	1078	985	0.7886162904808636	0.8068694798822375	2063	1061830	676
ENSG00000186007	8.807707820493698	0.19783220881858332	3.6502306931163195	0.09877005927499628	0.01953989899151492	394	1673	0.9228655544651619	0.6718351324828262	2067	659162	677
ENSG00000122863	9.75809493859466	0.24683182519000227	2.8601147952860453	0.07739064503414238	0.019102474166408947	342	1727	0.933071638861629	0.6612365063788028	2069	590634	678
ENSG00000188001	2.797562587101431	0.19196927821597848	6.281683898060762	0.16997344637101816	0.03262967981572668	1460	610	0.7136408243375858	0.8804710500490677	2070	890600	679
ENSG00000110427	3.2302976332222397	0.18253106677799835	5.915877130434755	0.1600752346799731	0.029218703350873926	1282	792	0.748577036310108	0.8447497546614328	2074	1015344	680
ENSG00000196090	1.8881239880391103	0.18049433700722273	15.877989803758103	0.4296358575479765	0.0775468392626516	2038	43	0.6001962708537782	0.991756624141315	2081	87634	681
ENSG00000169508	4.738681965116241	0.17346161291670883	5.066541777907483	0.13709342608588398	0.02378044680913504	890	1191	0.8255152109911679	0.7664376840039254	2081	1059990	682
ENSG00000019169	2.780741048209888	0.19136186772589137	6.2846809539490005	0.170054542447573	0.03254195485803944	1468	616	0.7120706575073601	0.8792934249263984	2084	904288	683
ENSG00000057657	5.016666957864321	0.20230068889481032	4.236424360103798	0.11463162751619448	0.023190057215659435	833	1251	0.836702649656526	0.7546614327772325	2084	1042083	684
ENSG00000106066	3.570976375170501	0.16617495413013458	6.088011576807685	0.16473294837012017	0.02737449013912655	1177	909	0.7691854759568204	0.8217860647693818	2086	1069893	685
ENSG00000090382	4.607225366508273	0.15569986371332814	5.710114115642898	0.15450757968054535	0.0240568090989371	916	1171	0.8204121687929342	0.7703631010794897	2087	1072636	686
ENSG00000110852	2.3302406190718683	0.1922619269852315	7.6191180595416155	0.20616251564134752	0.039637202529328404	1699	397	0.6667320902845928	0.9222767419038272	2096	674503	687
ENSG00000205420	2.284872298182889	0.17355934524065703	8.857604964793577	0.23967421266195688	0.04159769942067922	1733	364	0.6600588812561334	0.9287536800785083	2097	630812	688
ENSG00000166265	2.146494654163624	0.17460757894120857	9.832537066123178	0.2660544909328658	0.04645513052822343	1824	275	0.642198233562316	0.9462217860647694	2099	501600	689
ENSG00000183098	2.7533151027567824	0.1414347574395447	8.459530481923286	0.22890288241614296	0.0323748236517398	1476	624	0.7105004906771344	0.8777232580961727	2100	921024	690
ENSG00000119681	8.94205908114688	0.21364975608713618	3.3207149693770712	0.0898538316987104	0.019197249225924064	386	1715	0.9244357212953876	0.6635917566241414	2101	661990	691
ENSG00000031081	7.241964205087764	0.21809014312111386	3.407663706975579	0.09220654107203467	0.020109337739102905	513	1592	0.8995093228655544	0.6877330716388617	2105	816696	692
ENSG00000134363	2.7361880754802783	0.16774524115562406	7.152980188903286	0.1935494867716675	0.032467005334060633	1487	620	0.7083415112855741	0.8785083415112855	2107	921940	693
ENSG00000198502	2.110305108189616	0.11399160294490572	15.434592835706269	0.41763816521049724	0.04760724390331394	1853	255	0.6365063788027479	0.9501472031403336	2108	472515	694
ENSG00000009790	9.258007955717929	0.18883025679230023	3.714535626391487	0.10051005945724245	0.018979340337520457	363	1745	0.9289499509322865	0.6577036310107949	2108	633435	695
ENSG00000108932	4.348640097851114	0.1907549706431517	4.758748016849415	0.12876496397484263	0.024562556922887592	983	1126	0.8072620215897939	0.7791952894995093	2109	1106858	696
ENSG00000173269	9.110472127857893	0.19155404326016146	3.6728171894652326	0.09938121779366298	0.019036874092494844	376	1735	0.9263984298331698	0.6596663395485771	2111	652360	697
ENSG00000187800	6.051616718060013	0.19237014804345468	4.063846310612394	0.10996191055557224	0.02115338901271655	654	1458	0.8718351324828263	0.7140333660451423	2112	953532	698
ENSG00000124935	1.8701930539215643	0.1313387615717979	20.644795891557703	0.5586188614803738	0.07336830945748002	2055	58	0.5968596663395486	0.9888125613346418	2113	119190	699
ENSG00000171385	2.6507759463207736	0.18429943057822518	6.69068703186442	0.18104049039254494	0.03336565929094868	1530	583	0.6999018645731109	0.8857703631010795	2113	891990	700
ENSG00000077942	3.6254920096655527	0.17754600809113266	5.565401210009533	0.15059185394457503	0.026736982518902185	1155	961	0.7735034347399411	0.8115799803729147	2116	1109955	701
ENSG00000230882	5.794568350001101	0.18116716131575264	4.366498820155146	0.11815125770112025	0.021405127963597916	691	1427	0.8645731108930323	0.720117762512267	2118	986057	702
ENSG00000198771	3.3074046000271666	0.18587896245621813	5.602133760111037	0.15158578459057204	0.028176608362807307	1262	856	0.7525024533856722	0.8321884200196271	2118	1080272	703
ENSG00000237988	2.9669368620217393	0.15393997307472015	7.210427196363169	0.1951039212195187	0.03003429237930503	1389	731	0.727576054955839	0.8567222767419038	2120	1015359	704
ENSG00000109452	5.815907280992985	0.19534155424588606	4.035578991682619	0.10919703704456256	0.021330718935330447	688	1435	0.865161923454367	0.7185475956820413	2123	987280	705
ENSG00000129451	2.3051254375687154	0.17896843216098476	8.144526318987648	0.22037931706897268	0.03944094085654259	1720	404	0.6626104023552503	0.9209028459273798	2124	694880	706
ENSG00000187474	5.13447260140975	0.1672961296643324	4.939637659366035	0.13365958084037183	0.022360730567151165	813	1320	0.8406280667320902	0.7411187438665359	2133	1073160	707
ENSG00000117115	3.1766693755673723	0.19432616030995867	5.416829786168037	0.146571722184939	0.02848271998221718	1297	839	0.7456329735034347	0.8355250245338567	2136	1088183	708
ENSG00000225449	2.7157712631743145	0.18643028030359313	6.361256514029122	0.1721265683670287	0.03208960438836075	1502	637	0.705397448478901	0.875171736997056	2139	956774	709
ENSG00000157388	2.663703107227052	0.1853540106723945	6.4798973229128976	0.17533682018699787	0.03249938284020452	1523	618	0.7012757605495583	0.878900883218842	2141	941214	710
ENSG00000135919	2.4984796827146543	0.2067530059369507	6.192431827542848	0.16755841207959793	0.03464320536747914	1599	544	0.6863591756624141	0.8934249263984299	2143	869856	711
ENSG00000111728	5.731164487420131	0.21667904080302985	3.6302909657880864	0.09823051856765116	0.02128449454082287	704	1441	0.8620215897939156	0.7173699705593719	2145	1014464	712
ENSG00000185904	3.0187274598441105	0.1757972042686809	6.166468972509668	0.166855894089321	0.029332799696653748	1362	783	0.7328753680078508	0.8465161923454367	2145	1066446	713
ENSG00000253768	2.4726008414321496	0.18923976369419573	6.782168413509839	0.18351584667748227	0.034728495459387	1606	540	0.6849852796859666	0.8942100098135427	2146	867240	714
ENSG00000128606	8.168247952267627	0.19970365200532297	3.5512219913079104	0.09609102439514647	0.01918972849664333	432	1716	0.9154072620215898	0.6633954857703631	2148	741312	715
ENSG00000131831	2.068428646549071	0.1831287646928303	9.436820542350207	0.2553469637119537	0.04676137403263504	1884	265	0.6304219823356232	0.9481844946025515	2149	499260	716
ENSG00000115255	4.064189274201397	0.17762907929336233	5.126393326814177	0.13871292401086788	0.024639448978140594	1034	1117	0.797252208047105	0.7809617271835132	2151	1154978	717
ENSG00000105894	2.004507148099843	0.1724610527693485	10.682161095101097	0.28904411070179264	0.049848851628411274	1936	216	0.6202158979391561	0.957801766437684	2152	418176	718
ENSG00000162482	2.589575387232828	0.17401924257060947	7.0056898973702255	0.1895640206331063	0.03298778728921254	1559	593	0.6942100098135426	0.8838076545632974	2152	924487	719
ENSG00000140545	7.057391410271765	0.2329795551487661	3.1577581187550554	0.08544445071751489	0.019906810118097286	533	1620	0.8955839057899901	0.6822374877330717	2153	863460	720
ENSG00000165092	2.0045371461886297	0.1779259776108143	10.300048010798807	0.2787046732362477	0.04958880145026193	1935	222	0.6204121687929343	0.9566241413150147	2157	429570	721
ENSG00000117020	2.6638737262093475	0.18953059921456344	6.261761628933792	0.1694343780578088	0.03211299920084339	1522	635	0.7014720314033366	0.8755642787046124	2157	966470	722
ENSG00000167614	6.876974306148063	0.1851007760545974	3.9904893008287248	0.10797697403683845	0.019986621690245912	552	1610	0.8918547595682041	0.6842001962708537	2162	888720	723
ENSG00000235750	3.7140937175175632	0.18086471699519754	5.234508377600586	0.14163836376316374	0.025617382577687454	1119	1047	0.7805691854759569	0.7947006869479882	2166	1171593	724
ENSG00000171791	3.2999206353069686	0.18623026070123255	5.442648189907502	0.147270331528327	0.027426192234077284	1266	904	0.7517173699705594	0.8227674190382728	2170	1144464	725
ENSG00000103534	2.294443774869965	0.1607415920418924	8.690790978136569	0.23516046305673813	0.037800067217048705	1727	444	0.6612365063788028	0.9130520117762513	2171	766788	726
ENSG00000165949	3.464699159210773	0.11344395069673015	8.677928487204072	0.2348124223166768	0.02663804886027286	1204	967	0.7638861629048086	0.8104023552502453	2171	1164268	727
ENSG00000211965	12.953343499657775	0.1585871178445314	4.094945117283091	0.11080340010417498	0.01757199186989556	206	1966	0.9597644749754661	0.6143277723258096	2172	404996	728
ENSG00000049192	6.656544518548258	0.1684697146478371	4.405256732824952	0.11919999178222672	0.020081588601576265	577	1595	0.8869479882237488	0.687144259077527	2172	920315	729
ENSG00000165168	12.465089732971967	0.1452881362074005	4.516851144971488	0.12221957811227911	0.01775705471198783	226	1947	0.9558390578999019	0.6180569185475957	2173	440022	730
ENSG00000111716	3.8768309470025533	0.18516008633970052	4.9549468856163355	0.1340738267638002	0.024825121339479294	1075	1099	0.7892051030421983	0.7844946025515211	2174	1181425	731
ENSG00000010295	6.108805495448383	0.2034291485034242	3.7357161849576794	0.10108317529592233	0.020563264278471844	647	1528	0.8732090284592738	0.7002944062806673	2175	988616	732
ENSG00000158352	3.316449880174839	0.1738872258279282	5.800909777172042	0.15696438135285004	0.027294100827244077	1261	915	0.7526987242394505	0.8206084396467125	2176	1153815	733
ENSG00000166819	6.357755341785708	0.15839493995252157	4.73751272324254	0.12819036708368495	0.020304705496711976	614	1563	0.8796859666339548	0.6934249263984298	2177	959682	734
ENSG00000119699	3.6111037199069593	0.1960459173711102	4.890728508911098	0.1323361686794271	0.02594396559013627	1164	1016	0.7717369970559371	0.8007850834151129	2180	1182624	735
ENSG00000060982	2.291624446276108	0.16543804078795094	8.36372725298288	0.22631058308037097	0.03744037947439537	1729	457	0.6608439646712463	0.9105004906771345	2186	790153	736
ENSG00000126010	2.3133670203634065	0.162949390962883	8.334664640927027	0.22552419006667568	0.03674902941876227	1709	477	0.6647693817468106	0.9065750736015702	2186	815193	737
ENSG00000136235	2.7603690246950103	0.18191096290652733	6.184194150932795	0.16733551224792495	0.030440164161477025	1472	716	0.7112855740922472	0.8596663395485771	2188	1053952	738
ENSG00000137078	9.135052282677416	0.16803182788394716	4.076647142787791	0.11030828289722108	0.018535302405959606	374	1815	0.9267909715407262	0.6439646712463198	2189	678810	739
ENSG00000212719	3.01419671511823	0.2124325221469087	5.001469122066328	0.13533265242115836	0.02874905668265762	1366	825	0.732090284592738	0.8382728164867517	2191	1126950	740
ENSG00000108001	4.957973299189873	0.19120888366094116	4.277175820846819	0.11573430417734944	0.022129427103026785	845	1347	0.8343473994111874	0.7358194308145241	2192	1138215	741
ENSG00000187498	2.225970864084519	0.10997172379936396	12.893922030693062	0.34889122094677194	0.03836816898598127	1766	431	0.6535819430814525	0.915603532875368	2197	761146	742
ENSG00000154127	3.6233106527957846	0.20889728143213201	4.542218793624043	0.12290599066308176	0.025674727321240782	1156	1044	0.7733071638861629	0.7952894995093229	2200	1206864	743
ENSG00000162989	1.74722468072866	0.16097151892357936	17.81286842733024	0.4819909255990284	0.07758681140105753	2160	42	0.5762512266928361	0.9919528949950932	2202	90720	744
ENSG00000124107	2.106887209811513	0.16586451550386938	9.503437498794689	0.25714952395811835	0.04265198120336395	1856	347	0.6359175662414132	0.932090284592738	2203	644032	745
ENSG00000139567	6.923752378364885	0.19318541180165466	3.7567859732654845	0.10165329384870259	0.01963793343315622	545	1658	0.8932286555446516	0.6747791952894995	2203	903610	746
ENSG00000172578	14.423417913965125	0.1730276897983602	3.6622385523694985	0.0990949748953813	0.017146174576774326	163	2043	0.9682041216879294	0.5992149165848871	2206	333009	747
ENSG00000122122	27.46194838363978	0.1600970018436779	3.741196008359754	0.10123145153590359	0.016206851883181744	3	2205	0.9996074582924436	0.5674190382728165	2208	6615	748
ENSG00000130224	6.886230843632584	0.20324641897077303	3.5730993724744127	0.09668299526391157	0.019650472562758235	551	1657	0.8920510304219823	0.6749754661432777	2208	913007	749
ENSG00000066056	10.142428693869828	0.18188369624129888	3.6778900370512404	0.09951848184596189	0.01810078932246615	326	1883	0.9362119725220804	0.6306182531894013	2209	613858	750
ENSG00000134321	5.195244270849377	0.12177079396715886	6.558766218027206	0.1774709004959723	0.021610772459461195	804	1405	0.8423945044160942	0.7244357212953876	2209	1129620	751
ENSG00000184811	4.322512661321596	0.1342016548956034	6.487854886859228	0.1755521405677469	0.023559387784657226	991	1218	0.8056918547595682	0.7611383709519136	2209	1207038	752
ENSG00000176014	5.8459401557981385	0.23309138787708247	3.261404996973738	0.08824898806487574	0.020570079106789974	684	1526	0.8659470068694799	0.7006869479882237	2210	1043784	753
ENSG00000188910	4.161103289884412	0.18472352802367692	4.75905555133026	0.12877328542119929	0.023787455598203854	1021	1189	0.7998037291462218	0.7668302257114818	2210	1213969	754
ENSG00000136010	5.4849160082072554	0.19135564251905934	4.084562913584299	0.11052247241468166	0.021149098721706422	752	1461	0.8526005888125614	0.7134445534838076	2213	1098672	755
ENSG00000120708	2.3435070650827208	0.15216354577849753	8.533242321332208	0.23089742012068257	0.03513417015667046	1688	526	0.6688910696761531	0.8969578017664377	2214	887888	756
ENSG00000132554	2.0578119762256164	0.19772053928361152	8.143016689038182	0.2203384686261953	0.04356544084169645	1893	326	0.6286555446516192	0.9362119725220804	2219	617118	757
ENSG00000230630	5.096599141556203	0.19049071386459024	4.207497211375825	0.11384889994779544	0.021687158223753864	822	1397	0.8388616290480864	0.7260058881256133	2219	1148334	758
ENSG00000213626	2.1537377209221127	0.18906492662449903	7.7101144930227195	0.20862474991757865	0.03944362303522147	1820	403	0.6429833169774288	0.921099116781158	2223	733460	759
ENSG00000118473	2.894545414996997	0.1474491127226253	7.289647014811254	0.19724749701559852	0.02908396842170868	1420	803	0.7214916584887144	0.8425907752698725	2223	1140260	760
ENSG00000123689	2.723952929525565	0.12765083758419227	8.677637804426109	0.23480455685347093	0.029972998350930657	1493	735	0.7071638861629048	0.855937193326791	2228	1097355	761
ENSG00000137752	2.6516297541492846	0.1628188809733064	6.967325721101686	0.18852594049991747	0.03069558266663671	1529	702	0.7000981354268891	0.8624141315014721	2231	1073358	762
ENSG00000084636	4.682222568535359	0.1954520343288535	4.205975366093723	0.11380772097546252	0.02224395058698468	902	1336	0.8231599607458293	0.7379784102060845	2238	1205072	763
ENSG00000160191	3.2382618983349656	0.1817771838948886	5.449038050096714	0.14744323207152762	0.02680181551032281	1281	957	0.7487733071638862	0.8123650637880275	2238	1225917	764
ENSG00000132274	3.365333423845145	0.16112889733671304	6.026275668297526	0.16306246235003294	0.026274074755470094	1246	993	0.7556427870461236	0.8052993130520117	2239	1237278	765
ENSG00000162692	1.9171786939452886	0.17609034210024857	10.246708791576546	0.2772613897051	0.048823052964361395	2007	233	0.6062806673209029	0.9544651619234543	2240	467631	766
ENSG00000147443	11.726442247107695	0.17442444839042057	3.698405053743038	0.10007358906658155	0.01745528057138811	251	1989	0.9509322865554465	0.6098135426889106	2240	499239	767
ENSG00000153002	1.7038970837937808	0.1481215975610928	24.65166518078519	0.6670390547439095	0.0988028904243091	2222	21	0.5640824337585868	0.9960745829244357	2243	46662	768
ENSG00000272405	2.577401275259456	0.13718207686284256	8.394628892187878	0.2271467375573272	0.031160461210733188	1566	677	0.6928361138370952	0.8673209028459274	2243	1060182	769
ENSG00000037280	3.4158797599685733	0.14741647633775037	6.494014708087437	0.17571881658331515	0.025903848766951777	1223	1020	0.7601570166830226	0.8	2243	1247460	770
ENSG00000173320	3.742796370756543	0.19330122805111763	4.681053246384007	0.1266626538116255	0.024484046530000785	1108	1135	0.7827281648675172	0.7774288518155054	2243	1257580	771
ENSG00000162711	3.9398645796573097	0.17842277938667075	4.917303621274653	0.13305525348366645	0.023740088138553776	1058	1194	0.7925417075564278	0.7658488714425908	2252	1263252	772
ENSG00000183888	1.9220140609637741	0.1900947744512795	9.268389272152659	0.25078945271064984	0.04767376444779081	2002	253	0.6072620215897939	0.9505397448478901	2255	506506	773
ENSG00000271447	3.8004552767348416	0.1882146163534441	4.747553521702155	0.12846205683219722	0.024178436742646334	1094	1163	0.7854759568204122	0.7719332679097154	2257	1272322	774
ENSG00000161940	7.318075426885502	0.161728918248278	4.325609874938995	0.1170448609053486	0.018929538740742196	506	1753	0.900883218842002	0.6561334641805692	2259	887018	775
ENSG00000115596	4.786135185840113	0.20516121696912917	3.9332116131109385	0.10642712114077651	0.021834717691762644	878	1381	0.8278704612365064	0.7291462217860647	2259	1212518	776
ENSG00000149231	9.171369934242973	0.24246371833248812	2.743371570990723	0.07423173915859098	0.01799850349467933	370	1898	0.9275760549558391	0.6276741903827281	2268	702260	777
ENSG00000241294	10.506193008941661	0.15575999009738398	4.184838835277731	0.11323579646518422	0.01763760653608648	313	1956	0.9387634936211973	0.6162904808635918	2269	612228	778
ENSG00000171428	3.9237940325736402	0.19636006751216276	4.4543858693310945	0.12052935645333969	0.02366715257037531	1064	1205	0.7913640824337586	0.7636898920510304	2269	1282120	779
ENSG00000026652	4.637640271023186	0.22059754414961955	3.679702634075963	0.09956752814758638	0.02196435218640567	909	1361	0.8217860647693818	0.7330716388616291	2270	1237149	780
ENSG00000105122	14.836645395426402	0.17199609777126085	3.5970724226279027	0.0973316719596415	0.016740667766610786	154	2117	0.9699705593719332	0.5846908734052993	2271	326018	781
ENSG00000100060	7.677620602222227	0.19188889386058966	3.587656829096877	0.0970768993687139	0.018627978839278286	479	1800	0.9061825318940138	0.6469087340529931	2279	862200	782
ENSG00000103710	2.3850842049885	0.17816191016205882	6.7837425256655335	0.1835584399171963	0.0327031222820152	1672	607	0.6720314033366045	0.8810598626104024	2279	1014904	783
ENSG00000106819	15.531885465291946	0.17628054093422119	3.4749700234797762	0.09402775442253274	0.01657526341243418	136	2145	0.9735034347399412	0.5791952894995094	2281	291720	784
ENSG00000134802	5.163419362077039	0.20974166126584018	3.714169413350091	0.1005001502523601	0.021079068471396553	809	1473	0.8414131501472031	0.7110893032384691	2282	1191657	785
ENSG00000196196	4.6024229646242	0.19777333826656573	4.100845864980483	0.11096306595788043	0.02194553597878313	918	1364	0.8200196270853778	0.7324828263002945	2282	1252152	786
ENSG00000154734	2.0517566018910984	0.1913639274780294	7.690053268305584	0.20808192166341458	0.039819373766686664	1894	392	0.628459273797841	0.9232580961727184	2286	742448	787
ENSG00000101265	3.613360082503798	0.20118772528708323	4.50667087702874	0.12194411451759815	0.024533659011943154	1162	1131	0.7721295387634937	0.7782139352306182	2293	1314222	788
ENSG00000134061	2.8014751778444342	0.1753405463251541	6.023740114641448	0.16299385386855314	0.028579431384954442	1459	835	0.7138370951913641	0.8363101079489695	2294	1218265	789
ENSG00000141753	2.2983279632208746	0.17214740437476547	7.215669487316186	0.19524577016872147	0.033611052549697415	1725	572	0.6616290480863591	0.8879293424926399	2297	986700	790
ENSG00000100351	4.4125561608537085	0.16709841547601675	4.927913167113301	0.13334233272864135	0.02228129251483178	972	1329	0.8094210009813543	0.7393523061825319	2301	1291788	791
ENSG00000163638	2.414608916269123	0.19100896954590266	6.082652620663952	0.16458794262651968	0.031437773320771675	1647	659	0.6769381746810599	0.8708537782139352	2306	1085373	792
ENSG00000003989	1.659492872484595	0.16008719427532817	18.18912656667862	0.4921719365680672	0.07879042442623665	2268	40	0.555053974484789	0.9923454367026496	2308	90720	793
ENSG00000130052	8.869799475026584	0.20777772254150076	3.1800083990969834	0.08604651170845498	0.017878548235423355	390	1922	0.9236506378802748	0.622963689892051	2312	749580	794
ENSG00000121270	1.913937179209211	0.14901162401229823	11.130534085081633	0.30117644712677527	0.044878791500614856	2010	303	0.6056918547595682	0.9407262021589794	2313	609030	795
ENSG00000241644	5.266971370473958	0.18348188774692262	4.148659051776346	0.11225682289846495	0.020597093777882318	790	1523	0.8451422963689892	0.7012757605495583	2313	1203170	796
ENSG00000141639	2.9608496670737408	0.18686444606437874	5.392384941961167	0.14591027941206608	0.027265443537434455	1395	918	0.7263984298331698	0.8200196270853778	2313	1280610	797
ENSG00000254087	4.97551118366721	0.22201944837385218	3.5069542249968344	0.09489320149842871	0.021068136251109947	842	1474	0.8349362119725221	0.7108930323846909	2316	1241108	798
ENSG00000271605	5.755413465205244	0.15559543040920076	4.733975682963217	0.12809465979627827	0.01993094372412206	700	1618	0.8628066732090285	0.682630029440628	2318	1132600	799
ENSG00000214548	2.0793024845600194	0.18566129206000576	7.5450341998404395	0.20415791159596358	0.03790422165117903	1878	441	0.6315996074582925	0.9136408243375859	2319	828198	800
ENSG00000115232	2.222096405723608	0.15268849765863673	8.3613841444754	0.22624718189134255	0.034545342302489415	1770	550	0.6527968596663396	0.8922473012757606	2320	973500	801
ENSG00000224397	3.3562739545162352	0.20116618616356224	4.633078765931706	0.1253645324937327	0.025219104881942178	1249	1073	0.7550539744847891	0.7895976447497547	2322	1340177	802
ENSG00000110195	2.2484156797205035	0.1768361083025691	7.012848946299176	0.18975773433136608	0.03355601925947159	1751	574	0.6565260058881256	0.8875368007850835	2325	1005074	803
ENSG00000017483	2.5518555653309423	0.16605643442594856	6.585723284154794	0.17820032042669695	0.029591309823618822	1572	755	0.6916584887144259	0.8520117762512267	2327	1186860	804
ENSG00000139278	4.327473904717067	0.21801238888425598	3.7675854306052043	0.1019455118292246	0.02222538456991743	990	1337	0.8058881256133464	0.7377821393523062	2327	1323630	805
ENSG00000261039	7.271033174228247	0.16173669572389252	4.223386712172354	0.11427884727646231	0.018483083149630368	511	1818	0.8999018645731109	0.6433758586849853	2329	928998	806
ENSG00000187288	6.850295686257564	0.1357673418141457	5.116314451164424	0.13844020394765963	0.01879565849018195	557	1773	0.890873405299313	0.6522080471050049	2330	987561	807
ENSG00000163032	2.715947193391075	0.20822692781309127	5.086593973375992	0.13763601002140163	0.028659523523208306	1501	829	0.7055937193326791	0.8374877330716388	2330	1244329	808
ENSG00000129467	4.48121837778897	0.18485194923512746	4.363131344818283	0.11806013860027652	0.021823646747230425	950	1383	0.813738959764475	0.7287536800785084	2333	1313850	809
ENSG00000240864	13.978446950431298	0.1535653825832133	3.959463167319497	0.10713745092079008	0.016452603639641367	177	2157	0.9654563297350344	0.5768400392541708	2334	381789	810
ENSG00000173040	2.171754202677847	0.21022144826508526	6.1908872576857235	0.16751661821253352	0.03521558608910816	1811	523	0.6447497546614327	0.8975466143277724	2334	947153	811
ENSG00000161798	2.0924885307529086	0.1542094272988428	8.877755310711176	0.24021945240925455	0.03704410418207277	1868	467	0.6335623159960746	0.9085377821393523	2335	872356	812
ENSG00000175745	2.7083686461213468	0.17945647022026764	5.889188980924779	0.15935309125106287	0.028596943274603957	1504	833	0.7050049067713444	0.836702649656526	2337	1252832	813
ENSG00000143556	1.9186571302042448	0.13020827132058424	12.281981267774302	0.332332972850219	0.043272501897657675	2005	334	0.6066732090284592	0.9346418056918547	2339	669670	814
ENSG00000092607	8.618996143522573	0.186571513932382	3.520933294737404	0.09527145527550893	0.017774939645292923	399	1940	0.9218842001962708	0.6194308145240432	2339	774060	815
ENSG00000203727	2.2528491786143614	0.18628418968039506	6.568272898777369	0.17772813777770707	0.033107942129325774	1748	591	0.6571148184494602	0.8842001962708538	2339	1033068	816
ENSG00000175445	1.8541499874646155	0.13913018192177595	12.3501389920658	0.3341772240864533	0.04649413798126233	2069	272	0.5941118743866536	0.9468105986261041	2341	562768	817
ENSG00000170542	3.022584712932187	0.16595187603611572	5.871546614202947	0.15887571385950441	0.026365722771561868	1358	986	0.7336604514229637	0.8066732090284593	2344	1338988	818
ENSG00000119147	3.6173091616779067	0.18662685348267236	4.721115102019984	0.12774667073781423	0.023840959202685245	1159	1185	0.7727183513248282	0.7676153091265947	2344	1373415	819
ENSG00000138449	1.801660822601876	0.16854876472786912	10.750868730889257	0.2909032417622593	0.04903138205436147	2116	229	0.5848871442590775	0.9552502453385672	2345	484564	820
ENSG00000264230	4.373524714328812	0.18558667383338656	4.36234822657928	0.11803894853274693	0.02190645584098281	977	1369	0.8084396467124633	0.7315014720314033	2346	1337513	821
ENSG00000198467	4.312470520268725	0.1861311399578975	4.387978092268637	0.11873245630422062	0.02209980744190584	995	1351	0.8049067713444553	0.7350343473994112	2346	1344245	822
ENSG00000214313	2.693342267908966	0.1794209287041329	5.853279032950647	0.1583814190505481	0.028416941295527784	1507	843	0.7044160942100098	0.8347399411187438	2350	1270401	823
ENSG00000165731	1.7467821269475226	0.16313287569867715	11.679131176118982	0.31602070540941823	0.0515533664537629	2161	190	0.576054955839058	0.9629048086359175	2351	410590	824
ENSG00000127152	2.377441228654289	0.19894208421384185	5.792017074654685	0.15672375745025377	0.03117895095297811	1678	676	0.6708537782139352	0.8675171736997056	2354	1134328	825
ENSG00000211625	13.341256180553069	0.1570267386602665	3.8658160733873506	0.10460349353665757	0.016425545442531605	193	2163	0.962315996074583	0.5756624141315014	2356	417459	826
ENSG00000165548	2.522002122422274	0.16485865319763324	6.611866513811889	0.17890771909816738	0.02949448561718436	1589	767	0.6883218842001962	0.8496565260058881	2356	1218763	827
ENSG00000173391	2.8638284444205553	0.12719382936695656	7.887915153928229	0.21343578332702542	0.027147714605300383	1432	929	0.7191364082433759	0.8178606476938175	2361	1330328	828
ENSG00000271601	4.28635903467911	0.22701017203726523	3.573573329880368	0.0966958198783033	0.02195093470585804	999	1362	0.8041216879293425	0.7328753680078508	2361	1360638	829
ENSG00000161544	4.941703310716917	0.17134546777368462	4.480411346475817	0.12123356890903239	0.02077282257459138	850	1513	0.8333660451422964	0.7032384690873406	2363	1286050	830
ENSG00000180777	1.967271592797967	0.16842979641053824	8.71392958200848	0.23578656082099156	0.0397134824354206	1971	395	0.6133464180569186	0.9226692836113837	2366	778545	831
ENSG00000124839	5.525142289937604	0.19494697682386952	3.7681634551055785	0.10196115235141735	0.019877018404386788	744	1624	0.8541707556427871	0.6814524043179588	2368	1208256	832
ENSG00000255774	2.0473337010113277	0.1727466884702935	7.87427875585966	0.21306680175880016	0.03680658442678924	1896	474	0.6280667320902846	0.9071638861629048	2370	898704	833
ENSG00000227036	4.81062052802183	0.1970094861822933	3.917054132441373	0.10598992265727322	0.020881020203210404	875	1497	0.828459273797841	0.706378802747792	2372	1309875	834
ENSG00000115226	3.776807178160809	0.21489885582232057	3.933471100263529	0.10643414249465719	0.022872575442531656	1101	1279	0.7841020608439646	0.7491658488714426	2380	1408179	835
ENSG00000153956	2.5311647594960975	0.1687140652744478	6.386251505660351	0.17280289734800244	0.029154279302784587	1584	797	0.6893032384690874	0.8437684003925416	2381	1262448	836
ENSG00000010327	2.2324672423588003	0.14771887990363028	8.10336295160498	0.21926549479905103	0.03238965329323109	1760	622	0.6547595682041216	0.8781157998037291	2382	1094720	837
ENSG00000160801	5.438054574570956	0.19740889759053262	3.732021978683408	0.10098321531986604	0.01993498521144214	766	1617	0.8498527968596663	0.6828263002944063	2383	1238622	838
ENSG00000163491	3.0076059141789515	0.18408747166620393	5.234840463027124	0.1416473495232488	0.02607550244195395	1372	1011	0.7309126594700687	0.8017664376840039	2383	1387092	839
ENSG00000156298	3.666863917963829	0.17765882640745254	4.824411346291188	0.13054172042845205	0.023191888848528564	1133	1250	0.7778213935230618	0.7548577036310108	2383	1416250	840
ENSG00000163131	6.4890662841757925	0.1560084599814183	4.41751414859675	0.11953166004763849	0.018647950203054504	591	1794	0.8842001962708538	0.6480863591756625	2385	1060254	841
ENSG00000231475	10.422911148915606	0.14888324039021347	4.212249765624251	0.11397749731719181	0.01696933913215038	317	2074	0.9379784102060844	0.5931305201177626	2391	657458	842
ENSG00000149970	4.340337457028593	0.20965379890291116	3.808695657218078	0.10305789618537484	0.021606479442205673	985	1406	0.8068694798822375	0.7242394504416094	2391	1384910	843
ENSG00000174125	2.1944067565029903	0.16595390853152692	7.324736605425158	0.19819697151084245	0.03289156208133599	1793	599	0.6482826300294406	0.8826300294406281	2392	1074007	844
ENSG00000164530	2.774957735697092	0.1486290851179053	6.767672534997281	0.1831236087888939	0.0272174944377825	1469	923	0.7118743866535819	0.8190382728164868	2392	1355887	845
ENSG00000211652	9.577276645722058	0.1594712871872493	3.9675089724886434	0.10735515898372712	0.01712006538932675	347	2048	0.932090284592738	0.598233562315996	2395	710656	846
ENSG00000211967	13.285462781927636	0.15473711798686698	3.8618144602750744	0.10449521556807863	0.016169288500420882	194	2208	0.9621197252208047	0.5668302257114819	2402	428352	847
ENSG00000154589	3.007864315972853	0.18233247866009436	5.226661978713772	0.14142605135107225	0.02578656248995079	1371	1031	0.7311089303238469	0.7978410206084396	2402	1413501	848
ENSG00000124813	5.840614737597451	0.16136998485601695	4.389210879292305	0.11876581377053934	0.019165237569564463	686	1718	0.8655544651619235	0.6630029440628067	2404	1178548	849
ENSG00000050628	1.7708921735610799	0.17014437157841567	10.115378265364392	0.2737077721534606	0.046569836889178734	2136	271	0.5809617271835132	0.9470068694798822	2407	578856	850
ENSG00000139174	5.334867370907655	0.2241636573789318	3.2733233571288056	0.08857148196675343	0.019854507337139553	779	1628	0.8473012757605496	0.680667320902846	2407	1268212	851
ENSG00000047648	4.4867477160700115	0.2000091086045872	3.9042665886112142	0.10564390987937725	0.021129744244477586	947	1464	0.8143277723258096	0.712855740922473	2411	1386408	852
ENSG00000134242	7.868110714832502	0.18636539723034587	3.51302459649288	0.0950574571312621	0.017715420757974235	459	1953	0.910107948969578	0.6168792934249264	2412	896427	853
ENSG00000237187	4.5457423511544555	0.18273471667445704	4.243205572849085	0.11481511750384689	0.020980707967009952	930	1482	0.8176643768400392	0.7093228655544652	2412	1378260	854
ENSG00000154928	4.901405229981677	0.20510271330837337	3.676945726777679	0.09949293015086777	0.02040626992894345	861	1552	0.831207065750736	0.6955839057899902	2413	1336272	855
ENSG00000198732	2.045599898965072	0.17345436344503226	7.58036463851455	0.20511390309771557	0.035577901495540284	1898	516	0.6276741903827281	0.8989205103042198	2414	979368	856
ENSG00000065534	5.033549956421385	0.20250571753939162	3.677615770983944	0.09951106059563514	0.020151558729024972	831	1586	0.8370951913640825	0.6889106967615309	2417	1317966	857
ENSG00000167851	5.435789654522626	0.1397684453429798	5.200959442061964	0.14073057720654647	0.01966969398837919	767	1651	0.8496565260058881	0.676153091265947	2418	1266317	858
ENSG00000188783	1.874391900195731	0.17870657517403413	8.572903981807482	0.23197060833409466	0.041454672956423314	2050	370	0.5978410206084397	0.9275760549558391	2420	758500	859
ENSG00000140030	5.2930534309458634	0.1280238252701858	5.700267120913653	0.1542411339857781	0.019746539986870572	781	1642	0.8469087340529932	0.6779195289499509	2423	1282402	860
ENSG00000137440	3.3522131652846334	0.19516501537948225	4.535278736275777	0.12271820256603005	0.023950299891141672	1251	1175	0.7546614327772325	0.7695780176643768	2426	1469925	861
ENSG00000091592	2.2318070516515403	0.19036612891742064	6.075564250137452	0.1643961413854678	0.03129545704451247	1761	668	0.6545632973503435	0.8690873405299313	2429	1176348	862
ENSG00000090539	2.337734087386856	0.1769890089963054	6.253398955454614	0.16920809598835124	0.029947973223130007	1694	736	0.6677134445534838	0.8557409224730128	2430	1246784	863
ENSG00000154721	11.36107927544978	0.21853502436283734	2.7746962122111416	0.07507933946942705	0.016407465280096976	264	2168	0.9483807654563298	0.5746810598626104	2432	572352	864
ENSG00000256124	4.102005892300688	0.1823519178518956	4.380650314680699	0.11853417704804116	0.021614934515706452	1028	1404	0.7984298331697743	0.7246319921491658	2432	1443312	865
ENSG00000013297	3.1046258858999236	0.18794679484212798	4.87628581693637	0.1319453699430282	0.024798709375051	1332	1100	0.7387634936211973	0.7842983316977429	2432	1465200	866
ENSG00000107159	2.115103300129408	0.16848899281767066	7.294510494267927	0.19737909586361768	0.03325620506532341	1849	586	0.6372914622178607	0.8851815505397449	2435	1083514	867
ENSG00000105472	5.56522979828455	0.17016962939216784	4.1858433163157915	0.11326297629572397	0.01927391870009724	736	1701	0.8557409224730128	0.6663395485770363	2437	1251936	868
ENSG00000100365	14.644033798627127	0.1701986502724971	3.411435334296453	0.09230859595167515	0.015710798439524398	159	2281	0.9689892051030422	0.5525024533856722	2440	362679	869
ENSG00000171236	1.6787120903341333	0.1485093133427061	12.712158506948684	0.3439729580961197	0.05108318781531415	2246	198	0.5593719332679097	0.9613346418056918	2444	444708	870
ENSG00000128602	2.305569086665996	0.1797609463163182	6.212643812383748	0.16810531968863365	0.030218771348035984	1719	725	0.6628066732090285	0.8578999018645731	2444	1246275	871
ENSG00000088386	3.380015999926171	0.19005194333936629	4.597925227014543	0.12441332764820831	0.0236449946968593	1238	1209	0.7572129538763493	0.7629048086359176	2447	1496742	872
ENSG00000180644	3.57046653157926	0.15301253111790677	5.5616533631925025	0.15049044253160054	0.02302692352081409	1178	1270	0.7689892051030423	0.7509322865554465	2448	1496060	873
ENSG00000173918	2.3864279203956715	0.1890906643011393	5.737918299932087	0.155259921425826	0.02935820168175213	1670	779	0.6724239450441609	0.8473012757605496	2449	1300930	874
ENSG00000182771	3.3059521081639844	0.19325270099860228	4.548892238233396	0.12308656459800517	0.023786811065203438	1263	1190	0.752306182531894	0.7666339548577037	2453	1502970	875
ENSG00000118596	2.417657923198399	0.18912211175992588	5.654601452008602	0.1530054858298711	0.02893672059099864	1644	811	0.6775269872423946	0.8410206084396468	2455	1333284	876
ENSG00000142552	3.83285038169255	0.17207704475220467	4.700670507494387	0.1271934690410134	0.02188707626435862	1085	1373	0.7872423945044161	0.7307163886162904	2458	1489705	877
ENSG00000096996	22.352594594807883	0.16445013252767204	3.3766544159610943	0.09136747368997794	0.01502539315703546	26	2434	0.9950932286555446	0.5224730127576055	2460	63284	878
ENSG00000151692	4.272188787484162	0.19992215880697872	3.910069177732477	0.10580091970139655	0.021151948270467003	1002	1459	0.8035328753680079	0.7138370951913641	2461	1461918	879
ENSG00000069482	3.9715530418452	0.19905850063104652	4.008912422501078	0.10847547754869602	0.02159296591608018	1053	1408	0.793523061825319	0.723846908734053	2461	1482624	880
ENSG00000147041	1.8410821879783927	0.17470099611161186	8.639274659921105	0.23376650463833828	0.04083924121784743	2083	381	0.5913640824337586	0.9254170755642787	2464	793623	881
ENSG00000118503	3.7521590094897914	0.19648692429373582	4.132551381697222	0.11182097221880859	0.02197135890280898	1106	1360	0.7831207065750736	0.7332679097154073	2466	1504160	882
ENSG00000152049	1.6133825150969854	0.17395651728960002	11.743768903883383	0.3177697105379792	0.05527811214531117	2317	153	0.5454367026496565	0.9701668302257115	2470	354501	883
ENSG00000035862	14.411004963169706	0.19068606059445423	3.0220640664985354	0.08177276234726595	0.01559292591592666	165	2305	0.9678115799803729	0.547791952894995	2470	380325	884
ENSG00000168309	1.9921202390169523	0.17663540947300396	7.363507838498835	0.19924606602316286	0.03519391045788656	1946	524	0.6182531894013739	0.8973503434739941	2470	1019704	885
ENSG00000046889	2.3510589451734316	0.15272660372178684	7.09726183837585	0.19204182732573763	0.029329896059985747	1686	784	0.6692836113837095	0.8463199214916585	2470	1321824	886
ENSG00000140519	3.526863350472006	0.1906509011083533	4.417697950435223	0.11953663346439133	0.02278976688544515	1186	1284	0.7674190382728165	0.7481844946025515	2470	1522824	887
ENSG00000134755	3.6313466588649264	0.19684564431494864	4.197224237502206	0.11357092786226633	0.02235594247049437	1152	1321	0.7740922473012758	0.7409224730127576	2473	1521792	888
ENSG00000211951	7.730397168097221	0.14508572349308235	4.430131808112761	0.1198730759972272	0.017391871958398954	472	2005	0.9075564278704612	0.6066732090284592	2477	946360	889
ENSG00000188389	6.867163082253347	0.16495503691531913	3.9948669147668623	0.10809542605384885	0.017830884995089787	555	1928	0.8912659470068695	0.6217860647693818	2483	1070040	890
ENSG00000157680	5.793587526143927	0.18762181227693953	3.6692604542424943	0.09928497758905404	0.018628027427133646	692	1799	0.8643768400392542	0.6471050049067714	2491	1244908	891
ENSG00000122188	16.423875975501765	0.16934838511710126	3.3215350477560026	0.08987602185514351	0.015220359161917853	108	2387	0.9789990186457311	0.5316977428851816	2495	257796	892
ENSG00000168743	1.839687365565061	0.17287401128812305	8.262048507097102	0.22355930059921586	0.038647593055353736	2086	420	0.590775269872424	0.9177625122669284	2506	876120	893
ENSG00000105707	1.7334434771898748	0.1711438684786593	9.378999618391324	0.25378241161459625	0.04343330367556544	2178	330	0.5727183513248283	0.9354268891069676	2508	718740	894
ENSG00000178573	2.8777028757397836	0.18595024544201755	4.992313677589089	0.13508491909421794	0.025119073861084907	1430	1081	0.7195289499509323	0.788027477919529	2511	1545830	895
ENSG00000156103	2.942690279512827	0.16164529348275516	5.643324285071498	0.1527003417059854	0.024683291549981008	1405	1107	0.7244357212953876	0.7829244357212954	2512	1555335	896
ENSG00000159166	2.1274735098500854	0.17993198911224495	6.405697197915867	0.1733290701678033	0.031187444366268725	1839	675	0.6392541707556427	0.8677134445534838	2514	1241325	897
ENSG00000211638	4.3842838153629025	0.13464958725270182	5.616017057499171	0.15196144690379088	0.020461546103918805	975	1544	0.8088321884200196	0.6971540726202159	2519	1505400	898
ENSG00000225698	7.985645099062829	0.16650292200744912	3.770008409073106	0.10201107418596769	0.016985141929082286	449	2071	0.9120706575073602	0.5937193326790972	2520	929879	899
ENSG00000137726	2.4390580453889092	0.19718754925505558	5.190484237902483	0.14044713305664636	0.027694425967338798	1629	891	0.6804710500490677	0.8253189401373896	2520	1451439	900
ENSG00000138131	3.493272877542058	0.21271885668351992	3.874324640893724	0.10483372329132339	0.022300109760406802	1194	1326	0.7658488714425908	0.7399411187438665	2520	1583244	901
ENSG00000150637	11.557766697231541	0.1790483738011054	3.2730388141336215	0.08856378263735115	0.015857201258892298	256	2265	0.9499509322865555	0.5556427870461236	2521	579840	902
ENSG00000163564	14.7259567752391	0.16515381329162998	3.4267492964122566	0.09272297002089915	0.015313552078676981	157	2366	0.9693817468105986	0.5358194308145241	2523	371462	903
ENSG00000134198	2.535971380443269	0.1894086287876402	5.2662729922918885	0.14249786913136522	0.02699032599733249	1583	942	0.6894995093228655	0.8153091265947007	2525	1491186	904
ENSG00000142227	2.9864214793752404	0.1650054156510387	5.450790046226933	0.14749063859899933	0.024336754126665017	1380	1146	0.729342492639843	0.7752698724239451	2526	1581480	905
ENSG00000085662	1.731806815805274	0.19115212204566537	8.28217164274832	0.2241038040753435	0.04283791770750794	2183	344	0.5717369970559372	0.9326790971540726	2527	750952	906
ENSG00000140931	6.522383332071028	0.18061344384297945	3.640630835047968	0.09851030074734193	0.01779228467198506	589	1938	0.8845927379784102	0.6198233562315996	2527	1141482	907
ENSG00000171860	10.605226696678608	0.13384639961873132	4.446110334837948	0.12030543224110789	0.01610244896004753	307	2221	0.9399411187438665	0.5642787046123651	2528	681847	908
ENSG00000233117	4.36310745404429	0.16399313281285474	4.60134489720422	0.1245058590676532	0.020418105882060226	980	1548	0.8078508341511286	0.696368989205103	2528	1517040	909
ENSG00000073282	2.4725478195578003	0.16990986440252837	5.918183480704984	0.1601376412432977	0.027208964909389448	1607	925	0.6847890088321884	0.8186457311089304	2532	1486475	910
ENSG00000196878	1.9388646100674123	0.176411515568945	7.254361686795551	0.19629272614420648	0.034628297314259336	1990	546	0.6096172718351325	0.8930323846908734	2536	1086540	911
ENSG00000135114	5.566913208337586	0.12194288414212277	5.637145644792486	0.15253315647362523	0.018600333027695565	735	1802	0.855937193326791	0.6465161923454368	2537	1324470	912
ENSG00000172348	3.2804010264935304	0.168812885917917	5.059499416151541	0.1369028697768315	0.0231109685374717	1274	1263	0.7501472031403337	0.752306182531894	2537	1609062	913
ENSG00000175287	1.77550592448802	0.16859706635019373	8.573412487928747	0.23198436778766396	0.039111883848104524	2132	407	0.5817468105986261	0.9203140333660451	2539	867724	914
ENSG00000253125	2.23146682776974	0.16720709861704808	6.495822361669797	0.17576772912240893	0.029389612017065223	1762	777	0.6543670264965653	0.847693817468106	2539	1369074	915
ENSG00000027869	3.9375950424677013	0.2140066383344296	3.6252811581494484	0.09809496028681217	0.020992972688530044	1060	1479	0.7921491658488714	0.7099116781157998	2539	1567740	916
ENSG00000165071	2.5826006893949054	0.20859498149061342	4.690025239704558	0.12690542321076426	0.02647183440570783	1562	978	0.693621197252208	0.808243375858685	2540	1527636	917
ENSG00000179066	5.475835324191165	0.17259216034622143	4.000984037654174	0.10826094671294352	0.018684990674314082	755	1791	0.8520117762512267	0.6486751717369971	2546	1352205	918
ENSG00000152953	1.6479062282196384	0.18076789491812406	9.533748372753506	0.25796969316639196	0.04663263838636305	2278	269	0.5530912659470069	0.9473994111874386	2547	612782	919
ENSG00000254535	3.576313619399837	0.20568004436116333	3.9319430783608476	0.10639279639174212	0.021882875081561736	1174	1374	0.7697742885181551	0.7305201177625122	2548	1613076	920
ENSG00000167749	3.4443797384707433	0.1586543399742688	5.1736443363477065	0.13999146923301817	0.022210254153192655	1211	1339	0.7625122669283612	0.7373895976447498	2550	1621529	921
ENSG00000173762	11.527358853552391	0.18698490991106514	3.096570380970721	0.08378879741887307	0.01566724073692447	260	2292	0.9491658488714426	0.5503434739941119	2552	595920	922
ENSG00000137501	3.1183298508046695	0.1818523454632285	4.761517887655318	0.12883991274566936	0.02342984032207768	1324	1229	0.740333660451423	0.7589793915603533	2553	1627196	923
ENSG00000183688	2.969591270209013	0.16287807175870922	5.461560215890953	0.14778206409660502	0.024070457640576998	1387	1167	0.7279685966633955	0.7711481844946025	2554	1618629	924
ENSG00000077264	2.952901508155605	0.20542914282582836	4.3718269071788445	0.11829542817016636	0.024301328409211623	1402	1153	0.7250245338567223	0.7738959764474975	2555	1616506	925
ENSG00000146070	1.9396453778476637	0.17693895892852446	7.039989403998096	0.1904921165775973	0.03370547679133118	1988	569	0.6100098135426889	0.8885181550539745	2557	1131172	926
ENSG00000276775	6.66554687607967	0.14229657605597607	4.540551329815313	0.12286087146019473	0.017482681340039097	576	1984	0.887144259077527	0.6107948969578018	2560	1142784	927
ENSG00000186160	1.6148055505706569	0.1449877478185252	12.22203704096193	0.3307109671927088	0.04794903831215702	2316	249	0.5456329735034348	0.9513248282630029	2565	576684	928
ENSG00000164949	4.365278455741247	0.18963549630885893	3.926502537315124	0.10624558307654329	0.020147933877344388	979	1588	0.8080471050049067	0.6885181550539745	2567	1554652	929
ENSG00000116701	5.96292684585205	0.1638975140608739	4.049513040887821	0.10957407262988432	0.017958918109563685	662	1908	0.8702649656526006	0.6257114818449461	2570	1263096	930
ENSG00000165507	2.5191487691637415	0.2095094228166829	4.665307361148344	0.1262365925161034	0.02644775563639361	1591	979	0.6879293424926398	0.8080471050049067	2570	1557589	931
ENSG00000173335	1.5721398276619487	0.18359039719270687	10.202870969166163	0.27607520047982015	0.050684755711146355	2370	204	0.5350343473994112	0.9601570166830226	2574	483480	932
ENSG00000187045	2.5867723480741245	0.18659147740438597	5.140927997548196	0.13910621156188455	0.025956033531459116	1560	1015	0.6940137389597645	0.800981354268891	2575	1583400	933
ENSG00000198223	2.431384041464994	0.1502669080943208	6.6118405598972645	0.17890701682209187	0.026883804254234384	1633	946	0.6796859666339549	0.8145240431795878	2579	1544818	934
ENSG00000113739	2.025050286481836	0.16190447747309852	7.159008023565641	0.19371259141818295	0.03136293589352074	1915	665	0.6243375858684985	0.869676153091266	2580	1273475	935
ENSG00000004468	16.21099116523964	0.18703937156279943	2.9471041610603415	0.07974445374821199	0.014915352514684295	116	2465	0.9774288518155054	0.5163886162904809	2581	285940	936
ENSG00000233608	2.0443046130392415	0.19424561840293256	5.916940566414533	0.16010400974752045	0.03109950238219625	1900	681	0.6272816486751718	0.8665358194308146	2581	1293900	937
ENSG00000229124	4.004193406843562	0.21025049139925814	3.6083713213529203	0.09763740411484932	0.020528312194095018	1046	1536	0.7948969578017664	0.6987242394504416	2582	1606656	938
ENSG00000135426	6.451325083871161	0.15720796245044613	4.109084136725116	0.11118598189305005	0.017479321666458596	598	1986	0.8828263002944063	0.6104023552502453	2584	1187628	939
ENSG00000167656	2.4635247218442795	0.17941961001664128	5.454790224778881	0.14759887775041283	0.02648213308487298	1609	976	0.684396467124632	0.8086359175662414	2585	1570384	940
ENSG00000221818	2.8799907531184705	0.16120847650365697	5.550551811245128	0.15019005029996588	0.024211909194865107	1428	1159	0.7199214916584887	0.7727183513248282	2587	1655052	941
ENSG00000099998	2.2484305813721184	0.17440849192280627	6.026048966625089	0.16305632812469026	0.02843840828669749	1750	841	0.6567222767419039	0.8351324828263003	2591	1471750	942
ENSG00000166963	4.7156061732933185	0.16791099209497973	4.242029778483239	0.11478330217792002	0.019273378144632397	893	1702	0.8249263984298332	0.6661432777232581	2595	1519886	943
ENSG00000141968	3.6000144702203865	0.1261056053174413	6.264377266097244	0.1695051534852806	0.021375549984687107	1170	1431	0.770559371933268	0.7193326790971541	2601	1674270	944
ENSG00000104783	3.597159688678199	0.19608131129573847	4.030376788558176	0.1090562728150768	0.021383896978606053	1171	1430	0.7703631010794897	0.7195289499509323	2601	1674530	945
ENSG00000211976	7.399162820702533	0.14273381539646712	4.365536696448932	0.11812522399983343	0.01686046391605855	501	2102	0.9018645731108931	0.5876349362119726	2603	1053102	946
ENSG00000106123	2.9223104914396965	0.21917780129903822	4.0037326725374855	0.10833532086985967	0.02374469743128165	1410	1193	0.7234543670264966	0.766045142296369	2603	1682130	947
ENSG00000115363	3.3864794622800027	0.20350855612006885	3.974686269283881	0.10754936644333693	0.021887216276511683	1236	1372	0.7576054955839058	0.7309126594700687	2608	1695792	948
ENSG00000206432	2.3775315354650854	0.1889820656138665	5.287613941191597	0.14307532490471783	0.02703867043886865	1677	937	0.6710500490677134	0.8162904808635918	2614	1571349	949
ENSG00000174640	2.6873129457453033	0.1611977917445378	5.682131437928337	0.15375040815663252	0.024784226274670536	1512	1102	0.7034347399411187	0.7839057899901865	2614	1666224	950
ENSG00000131018	3.868907965993919	0.182799672748547	4.13025171664318	0.11175874654794107	0.020429462295751436	1077	1545	0.7888125613346418	0.6969578017664377	2622	1663965	951
ENSG00000004799	2.0305060552749805	0.1531864435643127	7.366841665678185	0.19933627465264428	0.03053561498739763	1912	711	0.6249263984298332	0.8606476938174681	2623	1359432	952
ENSG00000188641	2.423000332449915	0.17437218592283396	5.593628014794167	0.15135563120034673	0.026392212264134747	1640	983	0.6783120706575074	0.8072620215897939	2623	1612120	953
ENSG00000211935	3.3998679328560644	0.12882083024466726	6.223966362747037	0.16841169182358806	0.021694933963623653	1228	1396	0.7591756624141315	0.7262021589793916	2624	1714288	954
ENSG00000123329	22.622479038458433	0.17032213278238828	3.0849286085155425	0.0834737875874034	0.014217433533310597	23	2603	0.9956820412168793	0.4893032384690873	2626	59869	955
ENSG00000269113	2.550141685196143	0.1899475689268426	4.955337572337196	0.13408439819169657	0.025469005467531496	1573	1055	0.6914622178606478	0.7931305201177625	2628	1659515	956
ENSG00000057593	1.7852223359914574	0.17261830980282108	7.68056098166625	0.2078250738658794	0.03587441298537455	2125	504	0.5831207065750736	0.9012757605495584	2629	1071000	957
ENSG00000117090	6.397125775726235	0.15995927317023875	3.989494545260616	0.10795005736370555	0.01726761271458392	607	2023	0.8810598626104024	0.6031403336604515	2630	1227961	958
ENSG00000134760	2.4630334034736605	0.17693538512222215	5.409380417245161	0.1463701528398942	0.0258980593631252	1611	1021	0.6840039254170756	0.7998037291462218	2632	1644831	959
ENSG00000198053	2.9713172026314214	0.22198328644173385	3.872583775917049	0.10478661795706048	0.02326087782922269	1386	1246	0.7281648675171737	0.7556427870461236	2632	1726956	960
ENSG00000177409	2.1009939986316066	0.11834750502986174	9.185656917989398	0.248550832685873	0.02941537092146768	1860	775	0.6351324828263003	0.8480863591756624	2635	1441500	961
ENSG00000138696	1.5248370881963274	0.13569678450753336	13.702381613743075	0.3707669892618744	0.050311888244375505	2430	211	0.5232580961727183	0.9587831207065751	2641	512730	962
ENSG00000112799	2.4437887795822997	0.1424983315364875	6.72239184547988	0.1818983776285509	0.025920215321262447	1623	1019	0.681648675171737	0.8001962708537782	2642	1653837	963
ENSG00000211946	7.611651990707253	0.1529112412282625	3.97370902201006	0.10752292351978592	0.016441463695902003	483	2161	0.9053974484789009	0.576054955839058	2644	1043763	964
ENSG00000135480	1.737607768718357	0.17212416422795063	7.893445389087409	0.2135854236375699	0.03676321253488949	2170	476	0.574288518155054	0.9067713444553483	2646	1032920	965
ENSG00000142449	3.2777003673753673	0.1544067562316623	5.2363127687535265	0.14168718802555003	0.021877459102610807	1275	1376	0.7499509322865554	0.7301275760549558	2651	1754400	966
ENSG00000149564	7.672335599448926	0.16130551359724887	3.7540288962964357	0.10157869126093402	0.016385202964381337	480	2172	0.9059862610402355	0.5738959764474976	2652	1042560	967
ENSG00000106714	4.805576705526345	0.20331518975883187	3.4143981695542123	0.09238876606656207	0.018784039504407393	876	1776	0.8282630029440627	0.6516192345436702	2652	1555776	968
ENSG00000101134	2.2470609749748345	0.2005628156970548	5.067876442615784	0.13712954021768384	0.02750308670130119	1752	900	0.6563297350343473	0.8235525024533856	2652	1576800	969
ENSG00000118785	1.4137516499080405	0.12001580079187106	23.060227917130348	0.6239770222098968	0.07488710199624789	2604	50	0.48910696761530914	0.9903827281648675	2654	130200	970
ENSG00000172817	1.4775234478100105	0.1775618238501305	11.528374525455733	0.3119414445149796	0.05538889182252407	2504	151	0.5087340529931306	0.9705593719332679	2655	378104	971
ENSG00000109610	1.7498269721404085	0.1888447005135152	7.052664530894304	0.1908350875128912	0.0360381949488424	2157	498	0.5768400392541708	0.9024533856722277	2655	1074186	972
ENSG00000140945	2.564084784016687	0.1474848111001495	6.263646220620798	0.16948537243276318	0.02499651813748456	1569	1087	0.6922473012757606	0.7868498527968597	2656	1705503	973
ENSG00000164946	2.855083561145971	0.16556489872410965	5.243749296843782	0.1418884099158979	0.023491740217850592	1435	1225	0.7185475956820413	0.7597644749754662	2660	1757875	974
ENSG00000164294	3.1353330858001613	0.15544828453746717	5.26966764332619	0.14258972356799252	0.022165327921316088	1316	1344	0.7419038272816487	0.7364082433758588	2660	1768704	975
ENSG00000114654	2.4288275325929294	0.17765983144364886	5.3780230807159555	0.1455216678404293	0.025853354979929327	1637	1024	0.678900883218842	0.7992149165848872	2661	1676288	976
ENSG00000152580	3.6458214534704565	0.19619395035363163	3.894208222306527	0.10537174476992345	0.020673298862065904	1145	1517	0.7754661432777232	0.7024533856722277	2662	1736965	977
ENSG00000099256	2.8782276560166826	0.16383489913176655	5.277529448147536	0.14280245284279622	0.023396025457268366	1429	1233	0.7197252208047105	0.7581943081452405	2662	1761957	978
ENSG00000166432	2.0209919852525147	0.16864867022271623	6.525802979296525	0.17657896206329599	0.029779807141282325	1919	744	0.6235525024533857	0.8541707556427871	2663	1427736	979
ENSG00000166482	7.800814967645817	0.218987081290305	2.737919836694444	0.07408422296992641	0.016223487757844355	463	2201	0.9093228655544652	0.5682041216879293	2664	1019063	980
ENSG00000112182	6.371680062124559	0.23380465112447624	2.694394796976642	0.0729064972001604	0.017045878142591106	611	2057	0.8802747791952895	0.5964671246319921	2668	1256827	981
ENSG00000111335	5.57115030685517	0.09685375961787729	6.792065682027884	0.1837836527095863	0.017800137721229712	734	1935	0.8561334641805691	0.6204121687929343	2669	1420290	982
ENSG00000204252	9.218742706113465	0.16268281845512012	3.5371560207729504	0.09571041920596807	0.015570440751947945	366	2308	0.9283611383709519	0.5472031403336605	2674	844728	983
ENSG00000166426	1.5708120988295862	0.16189853769711643	10.273867472138047	0.2779962650361164	0.045007188794607265	2375	302	0.5340529931305201	0.9409224730127576	2677	717250	984
ENSG00000185133	4.053220496058424	0.17976836326461434	4.056111217318307	0.10975260991476742	0.019730047048397422	1036	1645	0.7968596663395486	0.6773307163886163	2681	1704220	985
ENSG00000112981	2.3019967811806743	0.17354264237173683	5.704581679906168	0.15435787982549717	0.02678767433581579	1723	959	0.6620215897939157	0.811972522080471	2682	1652357	986
ENSG00000077274	1.7523929365516342	0.17120053821912973	7.5348129598480895	0.2038813393558002	0.03490459503055003	2153	531	0.5776251226692837	0.8959764474975466	2684	1143243	987
ENSG00000161638	4.755219138785731	0.1562818079858719	4.40400327154689	0.11916607489994128	0.018623489635942653	885	1801	0.8264965652600589	0.6467124631992149	2686	1593885	988
ENSG00000058085	1.6023640228820213	0.15781748795942285	9.772888328788476	0.26444048080103016	0.041733332394800565	2333	361	0.5422963689892051	0.929342492639843	2694	842213	989
ENSG00000108691	1.9553845531901406	0.15863196285837067	7.085130637536026	0.19171357425716148	0.030411900591007526	1978	718	0.611972522080471	0.8592737978410206	2696	1420204	990
ENSG00000272068	2.3322801032176224	0.14439638618920936	6.699565180388138	0.1812807204847398	0.026176280923772607	1698	1000	0.666928361138371	0.8039254170755643	2698	1698000	991
ENSG00000198846	2.539386338685571	0.20200295989030398	4.5065181730512	0.12193998256480361	0.02463223740706239	1580	1118	0.6900883218842002	0.780765456329735	2698	1766440	992
ENSG00000172346	4.612110613189789	0.1910028490560602	3.6210647239910974	0.09798086956576957	0.018714625240052206	913	1787	0.8210009813542689	0.6494602551521099	2700	1631531	993
ENSG00000116824	26.6745258985808	0.1707931767713845	2.97452101040136	0.08048631475980579	0.013746513384448805	4	2698	0.9994111874386653	0.470657507360157	2702	10792	994
ENSG00000249992	3.165361298647023	0.1944269172984744	4.110388863020808	0.11122128593391689	0.021624411762103633	1299	1403	0.7452404317958783	0.7248282630029441	2702	1822497	995
ENSG00000128340	2.2194913133725644	0.12923930587519875	7.75329048367718	0.20979303091533583	0.027113505692952112	1773	932	0.6522080471050049	0.8172718351324828	2705	1652436	996
ENSG00000211973	6.29399489790134	0.14118239019895903	4.434141437436631	0.11998157087310896	0.016939284955691327	620	2088	0.8785083415112855	0.5903827281648675	2708	1294560	997
ENSG00000244402	3.650768044668505	0.18434690891625513	4.0665582283260555	0.11003529119801556	0.020284665804054185	1140	1568	0.7764474975466144	0.6924435721295388	2708	1787520	998
ENSG00000178726	1.6643650501808436	0.16994955034671147	8.206553398644605	0.222057681766833	0.037738603167306414	2263	449	0.5560353287536801	0.9120706575073602	2712	1016087	999
ENSG00000229391	2.2231597950061723	0.12263130773801743	8.108709900037033	0.21941017563102422	0.026906556768660585	1768	944	0.6531894013738959	0.8149165848871442	2712	1668992	1000
ENSG00000166341	3.4335367701206567	0.1570548405558045	4.90667123827631	0.13276755629757866	0.020851787385300014	1214	1502	0.7619234543670265	0.705397448478901	2716	1823428	1001
ENSG00000075618	5.665906985309749	0.21754896796808396	2.957691636263303	0.08003093579312524	0.017410647487314388	720	1999	0.8588812561334642	0.6078508341511286	2719	1439280	1002
ENSG00000102445	2.4091844208498148	0.210286658570825	4.453106135609598	0.12049472867604145	0.025338433868682928	1652	1067	0.6759568204121689	0.790775269872424	2719	1762684	1003
ENSG00000127084	2.1086622590455044	0.17196536574573693	5.990863179618204	0.16210425069164988	0.0278763167591282	1855	871	0.6361138370951913	0.8292443572129539	2726	1615705	1004
ENSG00000124102	2.0840864759362145	0.1850933152803188	5.6350048447506325	0.15247522946440126	0.02822214571969338	1874	854	0.6323846908734053	0.8325809617271835	2728	1600396	1005
ENSG00000186684	4.4538197076703065	0.20858944981434457	3.3376726689062672	0.09031268296825479	0.018838272851605595	959	1770	0.811972522080471	0.6527968596663396	2729	1697430	1006
ENSG00000148346	1.6426517657315647	0.15594929008931768	8.945155839500227	0.24204321501040052	0.03774646755180804	2283	448	0.55210991167811585	0.9122669283611384	2731	1022784	1007
ENSG00000259793	3.1570592832064936	0.20063508976881536	3.9417228958538066	0.10665742436588628	0.02139922191216023	1303	1428	0.7444553483807654	0.7199214916584887	2731	1860684	1008
ENSG00000197977	1.736127303685339	0.14229238377947626	8.851889509599474	0.23951956056027746	0.0340818092339345	2172	560	0.5738959764474976	0.8902845927379784	2732	1216320	1009
ENSG00000108622	2.112213115236035	0.18480338415114414	5.550160343853012	0.15017945774821387	0.02775367202185369	1851	881	0.6368989205103042	0.8272816486751717	2732	1630731	1010
ENSG00000041982	1.5130811231523758	0.15592245957753767	10.748636342258624	0.2908428364958776	0.04534893041694488	2447	296	0.5199214916584887	0.9421000981354268	2743	724312	1011
ENSG00000111319	2.5743517450894147	0.15148041257014727	5.8356336143396	0.15790395907920107	0.02391935686777703	1567	1178	0.6926398429833169	0.7689892051030423	2745	1845926	1012
ENSG00000198768	2.277896656956773	0.18044161259871186	5.351068635688608	0.14479231883295524	0.02612655950212528	1737	1009	0.6592737978410206	0.8021589793915603	2746	1752633	1013
ENSG00000188488	1.4058770625273456	0.15177875538538388	14.150502409827832	0.38289250167814937	0.05811494735110552	2619	129	0.4861629048086359	0.9748773307163886	2748	337851	1014
ENSG00000101210	1.5052069203480962	0.15630088621222024	10.89172200294359	0.29471453129421116	0.04606414242090432	2463	285	0.5167811579980373	0.9442590775269872	2748	701955	1015
ENSG00000165810	2.819653530032716	0.16675666976002199	5.0060345378236235	0.135456186088719	0.0225882224905486	1452	1299	0.7152109911678115	0.7452404317958783	2751	1886148	1016
ENSG00000157168	1.844023516508171	0.1817305555113683	6.332859326783883	0.1713581808038139	0.031141017388894587	2078	678	0.5923454367026497	0.8671246319921492	2756	1408884	1017
ENSG00000172116	4.472287147569795	0.17277721994607248	3.9765574448252266	0.10759999779644049	0.018590828485472513	953	1803	0.8131501472031404	0.6463199214916585	2756	1718259	1018
ENSG00000155629	6.402440972536181	0.18304416897030124	3.3342199102256296	0.09021925622122974	0.016514108780133676	606	2151	0.8812561334641805	0.57801766437684	2757	1303506	1019
ENSG00000211962	2.4009280067758048	0.14307900888683803	6.422853357119564	0.17379329147432948	0.02486617189532842	1662	1095	0.6739941118743866	0.785279685966634	2757	1819890	1020
ENSG00000171310	5.282402186093969	0.2149692306003559	3.011979823478285	0.08149989705063362	0.017519970162982925	784	1974	0.8463199214916585	0.6127576054955839	2758	1547616	1021
ENSG00000188042	5.183377060641412	0.24329027846126347	2.6943466268642906	0.07290519378532112	0.017737124897303152	807	1951	0.8418056918547596	0.6172718351324828	2758	1574457	1022
ENSG00000091513	1.7138232202317265	0.1759950078355448	7.247441086836097	0.19610546453646674	0.034513582767688615	2209	551	0.5666339548577036	0.8920510304219823	2760	1217159	1023
ENSG00000163600	5.226465002069448	0.16583173608146282	3.916923761761068	0.10598639501178887	0.01757590788582064	796	1965	0.8439646712463199	0.6145240431795878	2761	1564140	1024
ENSG00000136002	4.531724699336882	0.2182972494879877	3.1241757975527906	0.08453576079224666	0.01845392406432192	936	1827	0.81648675171737	0.6416094210009813	2763	1710072	1025
ENSG00000167779	2.2382404894872754	0.17012611510413622	5.677972886666975	0.15363788366458947	0.02613781628067784	1757	1006	0.6553483807654563	0.802747791952895	2763	1767542	1026
ENSG00000130005	4.140063893905136	0.19679597069387342	3.568720714844728	0.09656451500608994	0.019003507465206574	1023	1741	0.7994111874386653	0.6584887144259077	2764	1781043	1027
ENSG00000166770	1.7601568542641064	0.13175806588755923	9.08710600374584	0.24588418488747557	0.0323972246331128	2144	621	0.5793915603532875	0.8783120706575074	2765	1331424	1028
ENSG00000104044	5.8574551134990775	0.18815935307664144	3.3284887553637237	0.0900641793088329	0.016946417714128633	680	2085	0.8667320902845927	0.5909715407262022	2765	1417800	1029
ENSG00000211670	6.168190577442328	0.14685180023241942	4.195215898436938	0.1135165850589759	0.016670114872147177	639	2128	0.8747791952894995	0.582531894013739	2767	1359792	1030
ENSG00000166446	3.440011947609214	0.18225588388572747	4.1286145545068536	0.1117144472652813	0.020360615329139336	1212	1556	0.7623159960745829	0.6947988223748773	2768	1885872	1031
ENSG00000182578	9.053581430484956	0.15137773753721712	3.7121645582277676	0.10044590171961858	0.015205273347201526	381	2391	0.9254170755642787	0.5309126594700687	2772	910971	1032
ENSG00000211448	2.675610497571302	0.15344005415343354	5.580668982623573	0.1510049781914698	0.023170212031137175	1517	1255	0.7024533856722277	0.7538763493621197	2772	1903835	1033
ENSG00000099812	1.876678816133492	0.15233245390244832	7.3274487283738585	0.19827035770665452	0.03020301012557089	2047	726	0.5984298331697743	0.8577036310107948	2773	1486122	1034
ENSG00000101670	2.4496036219362742	0.21254876804635472	4.198500349543016	0.11360545764202794	0.024146700065155374	1619	1164	0.6824337585868498	0.7717369970559371	2783	1884516	1035
ENSG00000105880	3.13883470686621	0.1631666466197463	4.781495138675808	0.1293804687908438	0.021110577230692727	1315	1469	0.7421000981354269	0.7118743866535819	2784	1931735	1036
ENSG00000112562	1.495286941785754	0.16692980441436503	9.796523968233824	0.2650800276421167	0.044249757168453016	2475	313	0.5144259077526987	0.9387634936211973	2788	774675	1037
ENSG00000142798	6.086905535837014	0.17781823515902145	3.451574202360493	0.09339469672481063	0.016607280144817868	650	2138	0.8726202158979391	0.5805691854759568	2788	1389700	1038
ENSG00000144354	4.610123738317973	0.20510368131788798	3.2736171573168535	0.08857943178264951	0.018167967547668144	915	1873	0.8206084396467125	0.6325809617271836	2788	1713795	1039
ENSG00000281103	14.612868177390201	0.16680969980968013	3.1086361393055597	0.08411527970619184	0.014031244557197141	160	2630	0.9687929342492639	0.4840039254170756	2790	420800	1040
ENSG00000177363	6.41570754871065	0.21056352279231288	2.8633654229193484	0.07747860240205004	0.01631416746280061	603	2187	0.8818449460255152	0.5709519136408243	2790	1318761	1041
ENSG00000267795	3.1420300261598637	0.18005091676175897	4.307117421465835	0.11654448137341147	0.020983940714806477	1311	1480	0.7428851815505397	0.7097154072620215	2791	1940280	1042
ENSG00000106565	1.448426800926845	0.13334005559106557	13.382997132197664	0.36212489871311987	0.04828575412531639	2548	244	0.5000981354268892	0.952306182531894	2792	621712	1043
ENSG00000154822	2.3227914798422855	0.18555011672909066	4.958052129478708	0.13415785025330956	0.024893004774625454	1704	1093	0.6657507360157017	0.7856722276741903	2797	1862472	1044
ENSG00000136160	1.7193443212884734	0.13554398921608346	8.968314693296549	0.24266986070885382	0.03289244098298936	2203	598	0.5678115799803729	0.8828263002944063	2801	1317394	1045
ENSG00000269516	1.8726400876569793	0.17186468719295558	6.375846974622684	0.1725213655124237	0.029650330517894254	2052	754	0.5974484789008832	0.8522080471050049	2806	1547208	1046
ENSG00000105383	6.128858866219197	0.13467186203192646	4.507069637772656	0.12195490441709338	0.01642389406177558	643	2164	0.8739941118743867	0.5754661432777233	2807	1391452	1047
ENSG00000167157	1.956452972538985	0.17771570848982854	5.952618695812604	0.16106940926654645	0.028624564183842457	1977	830	0.6121687929342492	0.8372914622178607	2807	1640910	1048
ENSG00000106366	1.5410668282641673	0.13224630271346113	11.083660633884334	0.2999081180970754	0.03966173977209028	2412	396	0.5267909715407262	0.9224730127576055	2808	955152	1049
ENSG00000154198	1.544617003594816	0.16498392572564474	8.82561882592346	0.23880871316403815	0.03939959899529247	2404	405	0.5283611383709519	0.9207065750736015	2809	973620	1050
ENSG00000265107	1.728677386143766	0.15887640093628472	7.532979379429493	0.20383172527333362	0.03238405090806079	2186	623	0.5711481844946025	0.877919528949951	2809	1361878	1051
ENSG00000138670	2.732824371729213	0.1998771510321855	4.128705759643463	0.11171691514676783	0.022329658721640368	1489	1324	0.7079489695780177	0.740333660451423	2813	1971436	1052
ENSG00000176678	2.826783710924952	0.17879169121952448	4.532950936550975	0.12265521561092263	0.02192973343597228	1447	1366	0.7161923454367026	0.732090284592738	2813	1976602	1053
ENSG00000159763	1.3269707475495205	0.14702074669386725	21.12060390180893	0.5714935505965048	0.08402140853942754	2788	30	0.4529931305201178	0.9943081452404318	2818	83640	1054
ENSG00000204175	2.595662917723942	0.17068411257154062	5.004001234239453	0.13540116778099634	0.02311082816384964	1555	1264	0.6949950932286555	0.7521099116781158	2819	1965520	1055
ENSG00000148488	1.5021174157436623	0.1616117925771808	9.687022906599633	0.26211708440439746	0.04236121187569888	2468	353	0.5157998037291462	0.9309126594700687	2821	871204	1056
ENSG00000099250	4.620886833483786	0.1792789445965426	3.69621506771172	0.10001433115432613	0.0179304637338767	912	1913	0.8211972522080471	0.624730127576055	2825	1744656	1057
ENSG00000131477	1.8742577351199887	0.16155495379656137	6.71685249289221	0.18174849061333814	0.02936236900363261	2051	778	0.5976447497546614	0.8474975466143277	2829	1595678	1058
ENSG00000184454	2.5029670240237687	0.1571630430400892	5.503049145229918	0.1489046956107703	0.023402315085146876	1597	1232	0.6867517173699705	0.7583905789990186	2829	1967504	1059
ENSG00000102879	11.039717569323274	0.17216356419028697	3.110618492280326	0.08416891936277324	0.014490821151539898	286	2546	0.9440628066732091	0.5004906771344455	2832	728156	1060
ENSG00000145703	1.5417660436147824	0.16143065687051356	8.830520528186238	0.2389413462669146	0.03857245848139285	2409	423	0.5273797841020609	0.9171736997055937	2832	1019007	1061
ENSG00000100979	1.8271690557640317	0.1975362180324426	5.578158907716166	0.15093705912874952	0.029815535821232347	2094	740	0.5892051030421983	0.8549558390579	2834	1549560	1062
ENSG00000196730	1.8947351561263435	0.1834580532015732	5.852868107308534	0.15837029998618163	0.029054306920414018	2034	805	0.6009813542688911	0.8421982335623159	2839	1637370	1063
ENSG00000178776	1.9385562272603116	0.17171333473025133	6.09576593129451	0.16494277019144982	0.028322873109219344	1991	848	0.6094210009813543	0.8337585868498528	2839	1688368	1064
ENSG00000186377	1.5336695821822441	0.14431369197405214	9.883883440735493	0.2674438509186822	0.03859580952183303	2419	422	0.5254170755642786	0.917369970559372	2841	1020818	1065
ENSG00000132854	1.5689267151661144	0.15483805374647536	8.843793039918266	0.239300481587587	0.03705282082961623	2377	466	0.5336604514229637	0.9087340529931305	2843	1107682	1066
ENSG00000071967	2.3014029061357175	0.1895664887982461	4.79968547393037	0.1298726734327897	0.0246195066934952	1724	1120	0.6618253189401374	0.7803729146221786	2844	1930880	1067
ENSG00000084628	1.6388002543995013	0.15904500662539375	7.973581890675866	0.2157538035777499	0.034314565119477135	2288	557	0.5511285574092247	0.890873405299313	2845	1274416	1068
ENSG00000158186	6.597397641186516	0.23588344185782736	2.4848015422596346	0.06723520134724963	0.015859670707793275	581	2264	0.8861629048086359	0.5558390578999018	2845	1315384	1069
ENSG00000010319	2.8856160791544196	0.18153711603090394	4.367997259931068	0.11819180335369146	0.021456199119320868	1424	1423	0.7207065750736016	0.7209028459273799	2847	2026352	1070
ENSG00000170743	1.4577049686373693	0.17167331600926736	9.462577573621742	0.25604391240350766	0.04395590748629654	2531	319	0.5034347399411188	0.937585868498528	2850	807389	1071
ENSG00000188505	1.591670815663438	0.16428374741823712	8.05094883038033	0.21784724310609135	0.03578876146220041	2344	507	0.5401373895976447	0.9006869479882238	2851	1188408	1072
ENSG00000142973	1.4720904330532942	0.16332682181465477	9.708012818174916	0.26268504160621964	0.04290351298379421	2514	342	0.5067713444553483	0.933071638861629	2856	859788	1073
ENSG00000246228	6.313622137632797	0.1955564202968045	3.0241727901502924	0.08182982141492198	0.01600234694942894	617	2240	0.8790971540726202	0.5605495583905791	2857	1382080	1074
ENSG00000244509	1.7081478437156552	0.165121939637816	7.144122202226069	0.1933098022304094	0.031919689495287805	2216	644	0.5652600588812562	0.8737978410206084	2860	1427104	1075
ENSG00000170955	1.9115042781628306	0.16519833028615308	6.318650076172294	0.1709736986592178	0.02824456954135067	2013	851	0.6051030421982335	0.8331697742885181	2864	1713063	1076
ENSG00000064205	2.0797419334970706	0.1390359403941464	7.007639853883327	0.1896167836874376	0.026363547834496324	1877	987	0.6317958783120707	0.806476938174681	2864	1852599	1077
ENSG00000165125	1.6496642702445794	0.16989187129604302	7.21328079029384	0.1951811354192159	0.03315968833805697	2276	589	0.5534838076545633	0.8845927379784102	2865	1340564	1078
ENSG00000172260	1.5444598381074852	0.16659500460167861	8.258501141407557	0.22346331392087052	0.03722787181095378	2405	462	0.5281648675171737	0.9095191364082433	2867	1111110	1079
ENSG00000168329	2.0418182771731814	0.176900199059191	5.540875576306448	0.14992822512265458	0.026522332868788794	1901	972	0.6270853778213935	0.8094210009813543	2873	1847772	1080
ENSG00000168079	3.3804454879751047	0.16609850650075933	4.404908497897052	0.11919056903956687	0.019797375506447702	1237	1636	0.7574092247301276	0.6790971540726203	2873	2023732	1081
ENSG00000137960	4.066164257221363	0.1879739170181945	3.6043474304823495	0.09752852334176507	0.01833281855355199	1033	1845	0.7974484789008832	0.6380765456329736	2878	1905885	1082
ENSG00000065675	2.738689706689249	0.19389843545218707	4.142362829158531	0.11208645605498216	0.02173338846444136	1486	1393	0.7085377821393524	0.7267909715407261	2879	2069998	1083
ENSG00000132357	3.1558422981098815	0.2176567126263103	3.424955290413234	0.09267442676603109	0.02017121107442207	1304	1577	0.7442590775269873	0.6906771344455349	2881	2056408	1084
ENSG00000166927	1.3274222881903472	0.15906001079314783	14.900194672706402	0.40317810975825297	0.06412951448970866	2787	95	0.45318940137389596	0.9815505397448478	2882	264765	1085
ENSG00000150594	1.4844573766588383	0.17181721027980143	8.667754994048385	0.2345371420381136	0.04029751745198622	2494	388	0.5106967615309126	0.9240431795878312	2882	967672	1086
ENSG00000173890	5.201263357488289	0.16798716697423655	3.730262401735074	0.1009356036662208	0.016955886106722797	802	2080	0.8427870461236506	0.5919528949950932	2882	1668160	1087
ENSG00000132164	1.7960577625395244	0.15593782143043328	6.996476253820875	0.18931471252191642	0.029521323835396414	2119	764	0.5842983316977428	0.8502453385672227	2883	1618916	1088
ENSG00000079215	2.3659713086414516	0.16098931586693646	5.433821821028703	0.1470315025197972	0.0236705010015499	1680	1204	0.6704612365063788	0.7638861629048086	2884	2022720	1089
ENSG00000132530	2.486754448762981	0.1039045525907446	8.123273628292615	0.2198042494373131	0.022838662195328444	1603	1281	0.6855740922473013	0.7487733071638862	2884	2053443	1090
ENSG00000012779	1.6034652282371165	0.15281955509105258	8.309529941864676	0.22484408080099852	0.03436057239286527	2330	556	0.5428851815505398	0.8910696761530913	2886	1295480	1091
ENSG00000196754	2.752861046257981	0.17321098580691913	4.607122445645842	0.12466219132443887	0.02159286105215682	1477	1409	0.7103042198233562	0.7236506378802747	2886	2081093	1092
ENSG00000105088	2.379690618459878	0.18657943902838078	4.67874776231409	0.12660027068645133	0.02362100748551925	1675	1212	0.6714425907752699	0.7623159960745829	2887	2030100	1093
ENSG00000163364	2.036596922298734	0.1607019108502027	6.074150408526609	0.16435788483911531	0.02641262615694339	1906	982	0.6261040235525024	0.8074582924435721	2888	1871692	1094
ENSG00000164106	3.9861947907485633	0.1489509936043021	4.560244648352616	0.12339374469555461	0.018379620876958443	1051	1838	0.7939156035328754	0.639450441609421	2889	1931738	1095
ENSG00000179869	3.035609553980374	0.17485423467217415	4.343762629883986	0.11753604867748102	0.02055167583789235	1357	1532	0.7338567222767419	0.6995093228655545	2889	2078924	1096
ENSG00000120075	2.363220951205425	0.11342346801063519	7.703237558739343	0.2084386698410289	0.023641836800893292	1681	1210	0.6702649656526005	0.7627085377821393	2891	2034010	1097
ENSG00000173917	1.6555117554383505	0.12191651478827903	9.849297732511936	0.26650801076541447	0.03249172783567648	2273	619	0.5540726202158979	0.8787046123650638	2892	1406987	1098
ENSG00000130775	4.8463461445516876	0.1984177810013144	3.2142337375468983	0.08697260076736837	0.017256910452174447	870	2026	0.8294406280667321	0.6025515210991168	2896	1762620	1099
ENSG00000274576	6.463853058200378	0.14373784817368307	4.010634100664142	0.10852206371502765	0.015598727917765405	596	2303	0.8832188420019627	0.5481844946025516	2899	1372588	1100
ENSG00000105997	2.494132184242737	0.18899595333845243	4.412956092971361	0.11940832553479595	0.022567690320997032	1600	1300	0.686162904808636	0.7450441609421001	2900	2080000	1101
ENSG00000129450	5.7679221837326455	0.12307888587182098	4.848978276725301	0.13120646668127325	0.016148745738309312	696	2210	0.8635917566241413	0.5664376840039254	2906	1538160	1102
ENSG00000140563	1.7420144726793725	0.19323641439083786	5.699545043815653	0.15422159560484644	0.029801228156314325	2167	742	0.5748773307163886	0.8545632973503434	2909	1607914	1103
ENSG00000108244	1.4387128818026707	0.13974664106264895	11.272080544254765	0.305006493317845	0.04262363294346612	2562	348	0.4973503434739941	0.9318940137389597	2910	891576	1104
ENSG00000101871	5.731498873562525	0.229910776390314	2.599495478619668	0.07033865640123467	0.01617161510345939	703	2207	0.8622178606476938	0.56702649656526	2910	1551521	1105
ENSG00000017427	7.029491542664056	0.20618242597661546	2.73710388894774	0.07406214458253592	0.015270312643058104	537	2374	0.8947988223748773	0.5342492639842984	2911	1274838	1106
ENSG00000238178	2.1102223162923557	0.1564701154601761	6.0135258034624535	0.1627174691122403	0.02546042117937988	1854	1057	0.6363101079489696	0.7927379784102061	2911	1959678	1107
ENSG00000204472	12.500939492919814	0.15059238514098347	3.386562729602097	0.09163557858742528	0.013799620343254406	224	2690	0.9562315996074583	0.4722276741903827	2914	602560	1108
ENSG00000196932	1.3447097934164463	0.15571402105519655	12.440392683597008	0.3366193608202042	0.052416354238344086	2747	179	0.4610402355250245	0.9650637880274779	2926	491713	1109
ENSG00000165269	6.8887100299313	0.15069200206116787	3.7431790594206555	0.10128511008170452	0.015262856017197832	550	2377	0.8922473012757606	0.5336604514229637	2927	1307350	1110
ENSG00000099953	3.792443524573553	0.127707398037137	5.33474786825913	0.1443507020415938	0.018434652562565983	1096	1831	0.7850834151128557	0.6408243375858684	2927	2006776	1111
ENSG00000004838	6.206162375639328	0.1982742969696162	2.9177570738177034	0.0789503632399134	0.01565382776688966	635	2293	0.8755642787046124	0.5501472031403336	2928	1456055	1112
ENSG00000198046	1.7879792318840422	0.1300843900594257	8.2333539244751	0.2227828659394035	0.02898057323141811	2123	808	0.58351324828263	0.8416094210009814	2931	1715384	1113
ENSG00000110876	12.84682559842128	0.16161216128270597	3.125996639007156	0.08458503017643029	0.013669969538975804	212	2722	0.9585868498527969	0.4659470068694799	2934	577064	1114
ENSG00000131019	4.5981533628507325	0.208875846446269	3.066726853977407	0.08298127395585927	0.017332783836719844	919	2015	0.8198233562315996	0.6047105004906772	2934	1851785	1115
ENSG00000135362	5.4836716863568284	0.17540786834302152	3.445282981667123	0.09322446522630065	0.01635230472276353	754	2181	0.8522080471050049	0.5721295387634936	2935	1644474	1116
ENSG00000133067	1.507876633952842	0.1637357550388464	8.276049595568917	0.22393815017189728	0.036666682100398175	2457	479	0.5179587831207066	0.9061825318940138	2936	1176903	1117
ENSG00000103355	5.251378193901669	0.16319706380404325	3.7344570325749453	0.10104910442042576	0.01649091714144165	794	2155	0.8443572129538763	0.5772325809617271	2949	1711070	1118
ENSG00000171051	2.288431674404049	0.1405766660478713	6.183893126780966	0.1673273669618269	0.023522323386062353	1730	1219	0.6606476938174681	0.7609421000981355	2949	2108870	1119
ENSG00000107731	3.108551144780692	0.14227609670564412	5.1677690781601475	0.13983249308925402	0.01989482130935802	1330	1621	0.7391560353287536	0.6820412168792934	2951	2155930	1120
ENSG00000114251	1.6759263588717443	0.1532453714954256	7.402501856026157	0.2003011887664478	0.030695230083489667	2252	703	0.5581943081452405	0.8622178606476938	2955	1583156	1121
ENSG00000132965	3.8611772060652036	0.13309806738030414	5.038898905364458	0.13634544920739392	0.01814731578560355	1080	1875	0.7882237487733071	0.632188420019627	2955	2025000	1122
ENSG00000243264	5.762604370359044	0.14515368313994878	4.045321441075486	0.10946065389098046	0.01588861707118298	697	2259	0.8633954857703631	0.556820412168793	2956	1574523	1123
ENSG00000168589	5.023895151670397	0.2005460562665909	3.0751502486374496	0.08320919905424773	0.016687276715431125	832	2127	0.8368989205103042	0.5827281648675171	2959	1769664	1124
ENSG00000118515	2.39014586556352	0.19913199311626076	4.206264336639516	0.11381554010809722	0.022664315349329115	1669	1294	0.6726202158979391	0.7462217860647693	2963	2159686	1125
ENSG00000130045	3.530727491076695	0.19173517133790152	3.6168870279861842	0.09786782704415133	0.018764704586778466	1185	1779	0.7676153091265947	0.6510304219823356	2964	2108115	1126
ENSG00000134775	2.4067666956412666	0.1700647711844641	4.885834021247482	0.13220373079335931	0.02248319722710514	1656	1308	0.675171736997056	0.7434739941118744	2964	2166048	1127
ENSG00000138316	5.425698446431017	0.1352741593313223	4.439867513307603	0.12013651035522321	0.016251365443301517	769	2196	0.8492639842983317	0.5691854759568205	2965	1688724	1128
ENSG00000256916	2.9652565957578894	0.19353969580547256	3.858733876064265	0.10441185933372417	0.020207839493932768	1392	1573	0.7269872423945044	0.6914622178606478	2965	2189616	1129
ENSG00000285094	1.7720571909238878	0.18022770246922049	5.860478513616969	0.1585762267742086	0.028579829017753702	2135	834	0.5811579980372914	0.8365063788027478	2969	1780590	1130
ENSG00000134460	2.995631024505293	0.19030036051727617	3.9104980466846273	0.10581252428625332	0.020136161518917048	1379	1590	0.7295387634936212	0.688125613346418	2969	2192610	1131
ENSG00000273472	5.712594673871762	0.20332035690440167	2.8849097871743306	0.07806156230606914	0.015871504708585168	710	2262	0.8608439646712464	0.5562315996074583	2972	1606020	1132
ENSG00000102854	1.9347484082526578	0.13660364898150198	7.149549146436285	0.1934566476345467	0.026426883986607735	1992	980	0.609224730127576	0.8078508341511286	2972	1952160	1133
ENSG00000187957	2.500663059292245	0.17273091398260326	4.6814488079613055	0.12667335714621483	0.021880404757110415	1598	1375	0.6865554465161923	0.7303238469087341	2973	2197250	1134
ENSG00000227507	7.177923731906278	0.16410461873683946	3.3721560104821227	0.09124575322539501	0.014973849544409187	523	2453	0.8975466143277724	0.5187438665358195	2976	1282919	1135
ENSG00000244405	2.0977913696901918	0.18887931729035984	4.821605883467641	0.13046580858816806	0.02464229285586795	1862	1114	0.6347399411187439	0.7815505397448479	2976	2074268	1136
ENSG00000107099	2.1819634443227396	0.15440731078754757	5.740586347869139	0.1553321150144088	0.023984414158316904	1802	1174	0.6465161923454368	0.7697742885181551	2976	2115548	1137
ENSG00000132840	2.5499712085837554	0.18841758836067432	4.243459667791093	0.11482199295216608	0.021634483002813478	1574	1402	0.6912659470068695	0.7250245338567223	2976	2206748	1138
ENSG00000172935	7.883970394705273	0.2124867701321288	2.5369407914768023	0.06864601539400153	0.014586370093511778	458	2520	0.9103042198233562	0.5055937193326792	2978	1154160	1139
ENSG00000117114	2.1164960378339557	0.18648814042074935	4.855584732144747	0.13138522798384156	0.024501786845462812	1847	1132	0.637684003925417	0.7780176643768401	2979	2090804	1140
ENSG00000172403	1.9339930831767576	0.16776805481543045	5.78308496784516	0.15648206732346506	0.026252692048354963	1993	995	0.6090284592737978	0.8049067713444553	2988	1983035	1141
ENSG00000107719	1.830484646770167	0.17395744728939688	5.848396007322482	0.15824929131088367	0.027528642751797457	2091	898	0.5897939156035329	0.8239450441609422	2989	1877718	1142
ENSG00000151468	2.0012153693602266	0.18030888158773734	5.24459002671677	0.14191115887243533	0.025587842341108523	1940	1049	0.6194308145240432	0.7943081452404318	2989	2035060	1143
ENSG00000117215	11.224943557950494	0.15014499950580767	3.3640825363473996	0.09102729647953904	0.013667293384935398	273	2723	0.9466143277723258	0.4657507360157017	2996	743379	1144
ENSG00000002933	1.3763155058525047	0.12146636195130492	13.499776614076772	0.36528478566740324	0.044369813991181645	2686	310	0.47301275760549555	0.9393523061825318	2996	832660	1145
ENSG00000153563	13.562361103704795	0.15133375845108604	3.255567735035672	0.0880910400456687	0.013331148175976174	188	2809	0.963297350343474	0.44887144259077527	2997	528092	1146
ENSG00000147113	12.350131509816222	0.1912659817653506	2.610299196775246	0.07063098967338349	0.013509305582938032	232	2768	0.9546614327772326	0.45691854759568207	3000	642176	1147
ENSG00000104903	4.360544774153195	0.17430288082272644	3.6664706241256053	0.09920948874761398	0.01729249969365898	981	2020	0.8076545632973503	0.6037291462217861	3001	1981620	1148
ENSG00000136514	2.186299134221807	0.11505129568634141	7.604200495694905	0.20575886754640474	0.02367282431016817	1800	1203	0.6469087340529931	0.7640824337585869	3003	2165400	1149
ENSG00000183023	2.832083860906896	0.14763643985883923	5.089472751588554	0.13771390567200545	0.02033159075247089	1444	1559	0.7167811579980372	0.6942100098135426	3003	2251196	1150
ENSG00000165105	3.630755894476971	0.19826913300566637	3.411330618409538	0.09230576248847044	0.018301383500015995	1153	1851	0.7738959764474975	0.6368989205103042	3004	2134203	1151
ENSG00000085831	2.959028668135512	0.16742145669703404	4.414432637428468	0.11944827873113109	0.019998204825119315	1397	1607	0.7260058881256133	0.6847890088321884	3004	2244979	1152
ENSG00000232400	4.8310568613736535	0.2013575347029572	3.050008155347149	0.08252888971126195	0.016617813774031955	871	2134	0.8292443572129539	0.5813542688910697	3005	1858714	1153
ENSG00000092758	2.281875713334217	0.15870100680847768	5.357807895437269	0.14497467363209168	0.023007626667143413	1734	1272	0.6598626104023553	0.7505397448478901	3006	2205648	1154
ENSG00000134443	4.092558184935766	0.16546101523684076	3.9103725799784335	0.10580912933534482	0.017507285961152343	1030	1979	0.7980372914622178	0.6117762512266929	3009	2038370	1155
ENSG00000183486	2.667971460220245	0.13986389578491348	5.531709531727518	0.1496802049720144	0.02093485658927031	1520	1490	0.701864573110893	0.7077526987242395	3010	2264800	1156
ENSG00000204136	2.242429379900166	0.17194419797197816	4.971225355682634	0.13451429904857568	0.02312895326567017	1753	1258	0.6561334641805692	0.7532875368007851	3011	2205274	1157
ENSG00000214456	1.78197277841951	0.16085158898575858	6.3764458652591465	0.17253757064262937	0.027752942397609504	2129	883	0.5823356231599608	0.8268891069676153	3012	1879907	1158
ENSG00000130203	2.6191454990355796	0.13911982104398773	5.601518810129791	0.15156914491730064	0.02108627231668511	1543	1472	0.697350343473994	0.7112855740922472	3015	2271296	1159
ENSG00000134326	5.464857548848382	0.1196310789895037	4.911722222939251	0.13290422877022448	0.015899476290049796	760	2257	0.8510304219823356	0.5572129538763493	3017	1715320	1160
ENSG00000240583	4.434058199833361	0.1751778326009566	3.608389156192217	0.09763788670027544	0.01710399337189202	966	2052	0.8105986261040236	0.5974484789008832	3018	1982232	1161
ENSG00000124256	4.782787256168226	0.14267001495597437	4.295715363693384	0.11623595788086462	0.01658338584928496	879	2141	0.8276741903827282	0.5799803729146222	3020	1881939	1162
ENSG00000178187	4.546628918773207	0.19548690757120218	3.2006363031405396	0.08660467350051464	0.016930079803829247	929	2092	0.8178606476938175	0.5895976447497546	3021	1943468	1163
ENSG00000132000	7.374269163529933	0.1852466948927104	2.906415818892036	0.07864348498606126	0.01456844566851234	503	2524	0.9014720314033366	0.5048086359175663	3027	1269572	1164
ENSG00000008517	2.5490594297377718	0.18182747097718913	4.311911971688177	0.11667421509422826	0.02121457745883211	1575	1452	0.6910696761530912	0.7152109911678115	3027	2286900	1165
ENSG00000113361	1.8018469401362014	0.14303271912299884	7.056150234043474	0.190929405690454	0.0273091520564438	2115	914	0.5850834151128557	0.8208047105004906	3029	1933110	1166
ENSG00000178562	4.162477945810947	0.1449033290774122	4.428952308230537	0.1198411604052889	0.01736538310322652	1020	2009	0.8	0.6058881256133464	3029	2049180	1167
ENSG00000169418	4.995104963128925	0.15884744913615187	3.786941163539217	0.10246925047752665	0.01627697905324852	837	2193	0.8359175662414131	0.569774288518155	3030	1835541	1168
ENSG00000135218	2.154296096199956	0.11724388714163493	7.446573277454571	0.20149369884944796	0.02362390448765525	1819	1211	0.643179587831207	0.7625122669283612	3030	2202809	1169
ENSG00000130829	2.7588768051968735	0.19334982199932013	3.8891321192297696	0.10523439262866761	0.02034705108295945	1473	1557	0.7110893032384691	0.6946025515210992	3030	2293461	1170
ENSG00000161649	6.608011127084082	0.16712586732668555	3.3119962588120897	0.0896179157712791	0.014977471901284872	580	2452	0.8863591756624142	0.5189401373895977	3032	1422160	1171
ENSG00000135917	3.6579092036519154	0.1396182054262043	4.764593982259495	0.12892314749764355	0.018000018491518832	1135	1897	0.7774288518155054	0.6278704612365064	3032	2153095	1172
ENSG00000100599	2.965354131743612	0.2137324140448455	3.4188448442971717	0.0925090867708855	0.01977219043662544	1391	1641	0.7271835132482827	0.6781157998037292	3032	2282631	1173
ENSG00000245164	10.313463567832319	0.15781504086935585	3.207432654218117	0.08678857310994258	0.013696542212338667	320	2714	0.9373895976447497	0.4675171736997056	3034	868480	1174
ENSG00000102287	1.4540989297195372	0.177956976308494	7.465890332911186	0.20201639094013316	0.03595022609646074	2535	501	0.5026496565260059	0.9018645731108931	3036	1270035	1175
ENSG00000154277	1.7079545888716283	0.16703533228505776	6.375442298701603	0.17251041555663385	0.028815334585135733	2217	820	0.5650637880274779	0.8392541707556428	3037	1817940	1176
ENSG00000183671	4.630702399119057	0.14142405132359545	4.349580741163071	0.11769347850704974	0.01664468854483348	911	2130	0.8213935230618253	0.5821393523061825	3041	1940430	1177
ENSG00000005108	3.5263246291313712	0.17396161477803088	3.886430688155834	0.10516129573980436	0.018294028819046425	1187	1854	0.7672227674190383	0.6363101079489696	3041	2200698	1178
ENSG00000168306	1.6716277329574492	0.15916350312799485	6.800959792821674	0.1840243147181431	0.029289954591268277	2255	788	0.5576054955839058	0.8455348380765456	3043	1776940	1179
ENSG00000197253	1.7427785015966124	0.15016241795176805	6.84475905807699	0.1852094606415575	0.02781150043747909	2166	878	0.5750736015701668	0.8278704612365064	3044	1901748	1180
ENSG00000101680	1.5787082351680437	0.18614493487806746	6.1626515998783775	0.16675260140653841	0.031040152129568434	2362	685	0.536604514229637	0.8657507360157016	3047	1617970	1181
ENSG00000160862	1.3107440301736966	0.13233172628444417	13.968415660317554	0.3779654927972484	0.05001682613781053	2836	214	0.44357212953876346	0.9581943081452404	3050	606904	1182
ENSG00000181234	6.208837245957053	0.18314750128270124	3.045182384229336	0.08239831119734697	0.01509104480570852	634	2416	0.8757605495583906	0.5260058881256133	3050	1531744	1183
ENSG00000103528	1.9388727734285356	0.16871881128218724	5.567624382019721	0.15065200982229499	0.025417828014490006	1989	1061	0.6098135426889106	0.7919528949950932	3050	2110329	1184
ENSG00000128918	3.2226657886534134	0.1894599422664308	3.6769987808601368	0.09949436571900297	0.018850196784957453	1285	1766	0.7479882237487734	0.6535819430814525	3051	2269310	1185
ENSG00000168477	6.493919057095455	0.19341240155072636	2.849783047590214	0.07711108261244229	0.014914239674248922	590	2466	0.884396467124632	0.5161923454367027	3056	1454940	1186
ENSG00000136378	3.016416607487768	0.1523272070595421	4.698858994145367	0.12714445206211464	0.019367559275737762	1365	1691	0.7322865554465162	0.6683022571148185	3056	2308215	1187
ENSG00000197291	2.0351053790844476	0.15833738232711717	5.676578287967084	0.15360014780408268	0.024320645328356746	1907	1150	0.6259077526987242	0.7744847890088322	3057	2193050	1188
ENSG00000090530	1.8407753432339582	0.18670397899315377	5.248375645209954	0.14201359233333122	0.026514502759744575	2085	973	0.5909715407262022	0.8092247301275761	3058	2028705	1189
ENSG00000178175	5.0388207772682545	0.1771907861563007	3.346924256777853	0.09056301779892387	0.016046932320478373	829	2231	0.8374877330716388	0.5623159960745829	3060	1849499	1190
ENSG00000189001	2.233115120969885	0.1702847998801498	4.892910107523324	0.1323951996400319	0.022544890075795316	1759	1304	0.6549558390578999	0.7442590775269873	3063	2293736	1191
ENSG00000154783	1.3906797775882604	0.1654779966837972	8.684008136185284	0.23497692898508488	0.038883511475362724	2652	412	0.4796859666339549	0.9193326790971541	3064	1092624	1192
ENSG00000287900	1.6013699329060869	0.15158326827155227	7.331672473567494	0.19838464625393035	0.03007179305406652	2337	729	0.5415112855740922	0.8571148184494602	3066	1703673	1193
ENSG00000149380	13.406737015783333	0.17051120243664117	2.823354756305821	0.07639597057812102	0.013026368804589676	190	2877	0.9629048086359175	0.4355250245338568	3067	546630	1194
ENSG00000230873	1.6797190220114118	0.15568036898894289	6.829253920506358	0.1847899136359925	0.028768161940286203	2243	824	0.5599607458292444	0.8384690873405299	3067	1848232	1195
ENSG00000248538	4.0946830460326975	0.17616220586617967	3.5986350397348073	0.0973739541596581	0.017153610558677635	1029	2041	0.7982335623159961	0.5996074582924436	3070	2100189	1196
ENSG00000124785	1.3147634506005996	0.1926891683610772	9.252187754115724	0.25035106263851803	0.048239938058127985	2826	245	0.4455348380765456	0.9521099116781158	3071	692370	1197
ENSG00000160219	11.916872709270685	0.19709468540257086	2.4907800943193905	0.06739697247651943	0.013283585087345324	247	2824	0.9517173699705593	0.445927379784102	3071	697528	1198
ENSG00000154229	2.9189937330077975	0.21547884675201873	3.365114460914066	0.09105521889299341	0.019620473557814846	1411	1660	0.7232580961727184	0.6743866535819432	3071	2342260	1199
ENSG00000184254	1.9077022741701717	0.1974636552561718	4.770151080417977	0.12907351468280404	0.025487328006027644	2020	1053	0.6037291462217861	0.793523061825319	3073	2127060	1200
ENSG00000224853	6.756535306156172	0.1818031659560074	2.977894887499128	0.08057760708320923	0.014649264072886645	565	2510	0.8893032384690873	0.5075564278704612	3075	1418150	1201
ENSG00000059804	1.5824023739179138	0.17298412057881973	6.461103636758737	0.17482828972645936	0.03024251795063068	2355	724	0.5379784102060844	0.8580961727183514	3079	1705020	1202
ENSG00000175985	2.1317638127003455	0.17299424435887817	4.973614357991831	0.13457894205870993	0.023281382388063772	1837	1245	0.6396467124631993	0.7558390578999019	3082	2287065	1203
ENSG00000175592	2.5130676633251343	0.19064203160908944	4.060713305749658	0.10987713589281328	0.020947200413993925	1595	1487	0.687144259077527	0.7083415112855741	3082	2371765	1204
ENSG00000143412	5.529967216718378	0.1918595518098392	2.9748165310738184	0.08049431112956697	0.01544360245656047	742	2343	0.8545632973503434	0.540333660451423	3085	1738506	1205
ENSG00000169184	3.097625802668462	0.15956066583603323	4.384608348107257	0.11864127581220714	0.018930480964232235	1338	1752	0.7375858684985279	0.6563297350343473	3090	2344176	1206
ENSG00000165568	2.3980016405801146	0.17674716394537462	4.4775177290835275	0.12115527173129659	0.02141385067553789	1665	1426	0.6734052993130519	0.7203140333660452	3091	2374290	1207
ENSG00000005243	4.383831780162391	0.15931951705390315	3.8785929026170933	0.1049492163926809	0.0167204584708675	976	2122	0.8086359175662414	0.5837095191364082	3098	2071072	1208
ENSG00000213088	1.8097478584595512	0.13501368598156407	7.210177137282933	0.1950971549758882	0.02634078601781111	2110	988	0.5860647693817468	0.8062806673209029	3098	2084680	1209
ENSG00000211956	2.022240316141251	0.13077182960639852	6.749661863315001	0.182636265588094	0.023883678603435175	1918	1181	0.6237487733071638	0.7684003925417076	3099	2265158	1210
ENSG00000068615	2.1775460344214257	0.17016016492344824	4.9265395848642095	0.1333051655434501	0.022683228954021036	1807	1292	0.6455348380765457	0.7466143277723258	3099	2334644	1211
ENSG00000138207	3.1327177108324054	0.12458533093236095	5.5608196273512975	0.15046788282363174	0.01874609097627387	1317	1782	0.7417075564278705	0.650441609421001	3099	2346894	1212
ENSG00000124212	1.3504908860929337	0.1668308073386075	9.122996283026927	0.24685532488108589	0.041183073145745805	2731	375	0.464180569185476	0.9265947006869479	3106	1024125	1213
ENSG00000241361	2.077745904098653	0.10871237173209321	7.981067642568662	0.21595635739429733	0.023477127802957628	1879	1227	0.6314033366045142	0.7593719332679097	3106	2305533	1214
ENSG00000160013	2.59415653262986	0.17792925981110738	4.23914200790611	0.11470516320670004	0.02040940478588041	1556	1550	0.6947988223748773	0.6959764474975466	3106	2411800	1215
ENSG00000185686	1.2431392664425505	0.14765786180086543	15.496842418615838	0.41932255053042145	0.06191627121620738	3003	106	0.4107948969578018	0.9793915603532876	3109	318318	1216
ENSG00000183837	3.280674046232271	0.1914431456846223	3.548192654477871	0.09600905484214502	0.01838027547318766	1273	1837	0.7503434739941119	0.6396467124631993	3110	2338501	1217
ENSG00000146592	2.067137841471535	0.19834503219391802	4.374485663147664	0.11836737033128326	0.023477579879067796	1886	1226	0.6300294406280667	0.7595682041216879	3112	2312236	1218
ENSG00000137273	1.975513589921227	0.17837434710029085	5.03531203875822	0.13624839369033365	0.024303218267976653	1961	1152	0.6153091265947006	0.7740922473012758	3113	2259072	1219
ENSG00000106004	2.3991718888999256	0.17504363170410728	4.4662753310849626	0.12085106840551628	0.021154209909023065	1663	1457	0.6737978410206085	0.7142296368989205	3120	2422991	1220
ENSG00000162367	2.3164612620227403	0.16590202872459014	4.803518982075169	0.12997640271965558	0.021563348897515197	1708	1413	0.6649656526005888	0.7228655544651619	3121	2413404	1221
ENSG00000179913	1.5223180496802355	0.17042153130565008	6.719903874543698	0.18183105666790464	0.030987927116268743	2435	687	0.5222767419038272	0.8653581943081452	3122	1672845	1222
ENSG00000260710	2.5185502072928645	0.18508466726104383	4.104590219593463	0.11106438287677219	0.020556314349300553	1592	1530	0.6877330716388617	0.6999018645731109	3122	2435760	1223
ENSG00000149557	8.383901899291391	0.1925184889396572	2.6289034446556925	0.07113439420323518	0.013694686083644748	415	2716	0.9187438665358194	0.46712463199214915	3131	1127140	1224
ENSG00000150540	1.8947668129870832	0.17182012186547133	5.3400895287344445	0.14449523978896653	0.02482718970952073	2033	1098	0.6011776251226693	0.7846908734052993	3131	2232234	1225
ENSG00000158714	7.891204353322105	0.1792840154288184	2.849089000879118	0.07709230269397745	0.01382141758563019	457	2681	0.9105004906771345	0.47399411187438667	3138	1225217	1226
ENSG00000145244	7.848899148209106	0.1443994313992406	3.5418446376883206	0.09583728652192214	0.013838849680611663	460	2678	0.9099116781157998	0.47458292443572125	3138	1231880	1227
ENSG00000124019	4.3442290359265074	0.17267653264968166	3.5294973935873233	0.09550318762947729	0.01649115929685011	984	2154	0.8070657507360157	0.5774288518155054	3138	2119536	1228
ENSG00000211972	11.681938585439111	0.14762416158289865	3.2493720752307818	0.08792339428910577	0.012979617365451859	252	2888	0.9507360157016683	0.4333660451422964	3140	727776	1229
ENSG00000129455	3.6366508449976576	0.18283087358055536	3.5279909105053364	0.09546242433646537	0.017453478435553633	1151	1990	0.774288518155054	0.6096172718351325	3141	2290490	1230
ENSG00000182253	4.268381810790893	0.18959927533918144	3.2368234780783562	0.08758384706900803	0.016605833935701614	1003	2139	0.8033366045142296	0.5803729146221785	3142	2145417	1231
ENSG00000196611	1.2807333186091523	0.16212116036750468	11.086277687901543	0.299978931862598	0.04863293251936901	2910	235	0.4290480863591757	0.9540726202158979	3145	683850	1232
ENSG00000167608	2.9490195898563503	0.19041597909681024	3.6877507410385255	0.09978529849378473	0.019000715312161482	1404	1742	0.7246319921491658	0.6582924435721296	3146	2445768	1233
ENSG00000143851	28.408750020090036	0.16860813346531392	2.6111035008364594	0.07065275299917849	0.011912628807377345	1	3148	1	0.3823356231599607	3149	3148	1234
ENSG00000106278	1.691798052206599	0.16093907567902044	6.267063253134691	0.16957783248044683	0.027291699615054885	2232	916	0.5621197252208048	0.8204121687929342	3148	2044512	1235
ENSG00000196872	2.5305828098617416	0.1747465139019178	4.292720001274939	0.1161549076271977	0.020297665180452083	1585	1565	0.6891069676153092	0.6930323846908735	3150	2480525	1236
ENSG00000064886	1.7327740974252506	0.15152544703792853	6.469864069563062	0.17506533459844228	0.026526853085873502	2180	971	0.5723258096172719	0.8096172718351324	3151	2116780	1237
ENSG00000163739	2.164905614436256	0.19621032760333088	4.1906321026752265	0.11339255405459511	0.02224879017883051	1816	1335	0.6437684003925417	0.7381746810598626	3151	2424360	1238
ENSG00000198774	2.0683372602448777	0.18961757542169055	4.489230494814923	0.12147220254001116	0.02303326452676944	1885	1269	0.6302257114818449	0.7511285574092248	3154	2392065	1239
ENSG00000123095	1.6965658755840407	0.17242167832601177	5.818975901047139	0.15745322501124615	0.027148349314282234	2227	928	0.5631010794896958	0.8180569185475957	3155	2066656	1240
ENSG00000167077	12.860859623225496	0.17758839584871342	2.6421805754769125	0.07149365450990205	0.01269644341777564	210	2948	0.9589793915603533	0.4215897939156036	3158	619080	1241
ENSG00000183696	2.3980152691038614	0.18989890767659515	4.068345699838388	0.11008365763895267	0.02090476633868138	1664	1494	0.6736015701668302	0.7069676153091267	3158	2486016	1242
ENSG00000196503	3.466890531326614	0.1790709844278526	3.6372225939802103	0.09841807858370698	0.017623822217482165	1202	1958	0.764278704612365	0.6158979391560353	3160	2353516	1243
ENSG00000146411	3.210930651058689	0.21414514804584595	3.1361169887554374	0.08485887246985205	0.018172115808060028	1288	1872	0.7473994111874387	0.6327772325809617	3160	2411136	1244
ENSG00000249346	1.5081405462808501	0.17812236392455308	6.356372451616707	0.17199441257345466	0.03063605134939862	2456	705	0.5181550539744848	0.8618253189401374	3161	1731480	1245
ENSG00000171608	7.4992700119878455	0.22443980486631393	2.279841073180517	0.061689262095204006	0.013845525946994484	489	2676	0.9042198233562316	0.4749754661432777	3165	1308564	1246
ENSG00000141424	3.9936429272358756	0.2028121475546391	3.0546546639682886	0.08265461763656738	0.01676336050817978	1050	2115	0.7941118743866535	0.5850834151128557	3165	2220750	1247
ENSG00000176194	4.336095363654303	0.1335117236101111	4.531847172916573	0.1226253493343059	0.01637192174791517	988	2178	0.8062806673209029	0.5727183513248283	3166	2151864	1248
ENSG00000102452	1.9401908301417856	0.17680692753705626	4.99354828322779	0.13511832576967703	0.023889856033287648	1987	1179	0.6102060843964672	0.768792934249264	3166	2342673	1249
ENSG00000276600	3.1917662961012154	0.2212864162616619	3.033842615534591	0.08209147315879316	0.01816572790094975	1292	1874	0.7466143277723258	0.6323846908734053	3166	2421208	1250
ENSG00000178882	2.103845672544664	0.18625531223317654	4.463923857820088	0.12078744087803063	0.022497302514583945	1859	1307	0.6353287536800785	0.7436702649656526	3166	2429713	1251
ENSG00000181143	1.3672445380711045	0.1496261328093442	9.110587229062546	0.2465195535015071	0.03688576745231673	2704	469	0.4694798822374877	0.9081452404317959	3173	1268176	1252
ENSG00000259725	2.3282284866411396	0.19432502689523487	4.010309743647775	0.10851328707474754	0.021086847429290657	1702	1471	0.6661432777232581	0.7114818449460255	3173	2503642	1253
ENSG00000204642	4.649979784629101	0.16600650067061098	3.5104127459903527	0.0949867841654579	0.01576842364926227	905	2272	0.8225711481844946	0.5542688910696761	3177	2056160	1254
ENSG00000232629	1.623217155152798	0.12438659529423639	8.280186022419882	0.22405007600881133	0.027868826130150917	2308	873	0.5472031403336605	0.8288518155053974	3181	2014884	1255
ENSG00000114948	2.9811363803792164	0.18413464722148193	3.7392447781732865	0.10117865401777958	0.01863049576390822	1385	1798	0.7283611383709518	0.6473012757605496	3183	2490230	1256
ENSG00000231246	4.743720243813575	0.19229130247617154	3.0016696787323784	0.0812209191740826	0.015618076336296197	887	2298	0.8261040235525025	0.5491658488714426	3185	2038326	1257
ENSG00000156689	1.3246047487834585	0.15803708656953255	9.366541379999484	0.25344530937425164	0.04005375829822057	2798	389	0.45103042198233567	0.923846908734053	3187	1088422	1258
ENSG00000183087	2.4522364021405707	0.18050069831030818	4.142023149130729	0.11207726479577113	0.02023002456034601	1618	1570	0.682630029440628	0.6920510304219823	3188	2540260	1259
ENSG00000183580	1.2626704551773942	0.15927923752722245	11.364138649654425	0.3074974549286318	0.048977960162593925	2958	231	0.41962708537782134	0.9548577036310107	3189	683298	1260
ENSG00000129946	1.520048989876575	0.15437642915464664	7.116309100599616	0.19255721919464486	0.029726295907217856	2441	749	0.5210991167811581	0.853189401373896	3190	1828309	1261
ENSG00000119917	7.2928264851962625	0.10064323359262378	5.072254903455979	0.13724801515066135	0.013813084048931978	510	2686	0.9000981354268891	0.47301275760549555	3196	1369860	1262
ENSG00000237943	2.422237391785706	0.20886378698830094	3.602797686278329	0.09748658946422115	0.020361418256071028	1641	1555	0.6781157998037292	0.6949950932286555	3196	2551755	1263
ENSG00000280119	1.6072863845303573	0.1724424564318087	5.973447350833215	0.1616330030949814	0.02787239209414873	2325	872	0.5438665358194308	0.8290480863591756	3197	2027400	1264
ENSG00000225968	3.1862085515825185	0.15922571198941898	4.173404118781087	0.1129263892739357	0.0179807847345367	1294	1903	0.7462217860647693	0.6266928361138371	3197	2462482	1265
ENSG00000172137	1.571560522092793	0.1565911583530247	6.7709708114837515	0.1832128554671075	0.028689513262759658	2371	827	0.534838076545633	0.8378802747791954	3198	1960817	1266
ENSG00000156076	1.5825187835425132	0.17254169262276012	6.07431405113006	0.1643623127755943	0.028359351649692548	2354	845	0.5381746810598627	0.8343473994111874	3199	1989130	1267
ENSG00000103569	1.7140826956173478	0.16453766740962222	5.902207025825223	0.15970534106061224	0.0262775442909713	2208	991	0.5668302257114819	0.8056918547595682	3199	2188128	1268
ENSG00000111913	2.0225196102588168	0.1555675069322981	5.414454950272544	0.14650746249784344	0.02279180068776666	1917	1283	0.6239450441609421	0.7483807654563297	3200	2459511	1269
ENSG00000101098	1.342515306565101	0.14069697975720527	9.856352367102199	0.26669889915993644	0.037523729616374506	2752	451	0.4600588812561335	0.9116781157998037	3203	1241152	1270
ENSG00000164056	3.741917304369872	0.18058725946322932	3.458999908283494	0.09359562578267994	0.016902177557840136	1109	2094	0.7825318940137389	0.5892051030421983	3203	2322246	1271
ENSG00000135916	3.39558325401284	0.2203940551765241	2.938162236887631	0.07950249797751599	0.017521877925928155	1230	1973	0.758783120706575	0.612953876349362	3203	2426790	1272
ENSG00000134817	3.7248859816740425	0.1436686173847139	4.350573191123015	0.11772033279369962	0.016912717450539218	1113	2093	0.781746810598626	0.5894013738959765	3206	2329509	1273
ENSG00000163751	1.3030078518554287	0.15862110776730995	9.770874684085024	0.2643859944347044	0.041937199315394656	2850	358	0.4408243375858685	0.9299313052011776	3208	1020300	1274
ENSG00000180660	3.7753725718532127	0.20332964963224237	3.0588539063696074	0.08276824317307677	0.016829237885057937	1102	2107	0.7839057899901865	0.5866535819430814	3209	2321914	1275
ENSG00000164825	1.8615935897778275	0.1787100178225608	5.031658142572687	0.13614952444803882	0.024331283940642195	2063	1148	0.5952894995093229	0.7748773307163886	3211	2368324	1276
ENSG00000074527	1.6423755386264247	0.1642586250119152	6.115858512169624	0.16548644689872347	0.027182576225691635	2285	927	0.5517173699705593	0.8182531894013739	3212	2118195	1277
ENSG00000229807	1.198694589754055	0.1404549569259685	18.26143172955329	0.49412841160305254	0.06940278476760398	3141	73	0.3837095191364083	0.9858684985279687	3214	229293	1278
ENSG00000253552	2.6448770010849576	0.19955766773069777	3.607496153546265	0.09761372331672827	0.019479566963595926	1531	1682	0.6997055937193326	0.6700686947988224	3213	2575142	1279
ENSG00000139910	1.2144112817316215	0.17134682648523533	12.871402731792452	0.3482818806956368	0.059676994979506716	3095	119	0.3927379784102061	0.9768400392541707	3214	368305	1280
ENSG00000211952	15.294720854116619	0.15570063325364378	2.8974805857114543	0.07840171026411115	0.01220719593629081	146	3069	0.971540726202159	0.3978410206084396	3215	448074	1281
ENSG00000184497	3.614129475225052	0.17162135548706844	3.6785210438976512	0.09953555599520414	0.017082427039055936	1161	2054	0.7723258096172718	0.5970559371933268	3215	2384694	1282
ENSG00000168421	1.3516919441548234	0.1511497593850273	8.9039886841613	0.24092929024376133	0.036416404249149936	2729	490	0.46457311089303244	0.9040235525024534	3219	1337210	1283
ENSG00000157570	3.3198200875478383	0.17280462460896395	3.7678544326939623	0.10195279064376687	0.017617913715032428	1260	1959	0.7528949950932287	0.6157016683022571	3219	2468340	1284
ENSG00000135604	3.067303215908465	0.1482753495386489	4.520748453804871	0.12232503375518194	0.01813778713737663	1345	1876	0.7362119725220805	0.6319921491658489	3221	2523220	1285
ENSG00000093072	3.193324453017132	0.12345217466485117	5.333255582129137	0.14431032289794338	0.017815423188337978	1291	1933	0.746810598626104	0.6208047105004907	3224	2495503	1286
ENSG00000147697	2.403202018752863	0.17721522815207477	4.232500336930095	0.11452544902117663	0.020295653577506626	1661	1566	0.6741903827281649	0.6928361138370952	3227	2601126	1287
ENSG00000165816	1.3482202323594221	0.15197696142540348	8.825526143094363	0.23880620529829122	0.03629304145076539	2738	492	0.46280667320902846	0.9036310107948969	3230	1347096	1288
ENSG00000171840	2.2499689502126192	0.16754442982898565	4.6276825346791375	0.1252185181386173	0.020979665225565134	1749	1484	0.656918547595682	0.7089303238469087	3233	2595516	1289
ENSG00000211970	11.003859925998421	0.14856163425841962	3.1578216385391085	0.0854461694726741	0.012694022577982349	287	2950	0.9438665358194308	0.42119725220804716	3237	846650	1290
ENSG00000130600	1.3772922117769097	0.1404052178357444	9.04593351100674	0.24477011569836676	0.034367001414309546	2684	555	0.473405299313052	0.8912659470068695	3239	1489620	1291
ENSG00000144229	3.180225780248107	0.186924606837487	3.511367258949012	0.09501261193072306	0.017760195129753135	1295	1945	0.7460255152109911	0.6184494602551521	3240	2518775	1292
ENSG00000164318	1.412959614785249	0.1537034269879761	7.737010648801405	0.2093525217007539	0.03217820003398051	2609	632	0.488125613346418	0.876153091265947	3241	1648888	1293
ENSG00000206113	7.5947628589231195	0.20999121924976114	2.3849717269940336	0.06453394830321876	0.013551562487193962	485	2757	0.9050049067713445	0.45907752698724236	3242	1337145	1294
ENSG00000086205	1.736398494566868	0.15754027298820053	5.924907503354766	0.16031958374817495	0.02525679098904216	2171	1071	0.5740922473012757	0.7899901864573111	3242	2325141	1295
ENSG00000164742	1.326000337359056	0.1494609228633644	9.31475395097344	0.25204401508229135	0.037670731096387	2793	450	0.4520117762512267	0.9118743866535819	3243	1256850	1296
ENSG00000164687	2.9308966335314097	0.1870549979818768	3.6400490733891226	0.09849455910294766	0.01842389955422772	1409	1834	0.7236506378802747	0.6402355250245338	3243	2584106	1297
ENSG00000198885	1.8561964400506235	0.20363790250384484	4.341735183891766	0.11748118886787884	0.023923622884712892	2068	1176	0.5943081452404317	0.7693817468105986	3244	2431968	1298
ENSG00000079931	1.319512587318927	0.17803915575486562	7.949152306919479	0.21509277373099742	0.03829493584403912	2813	433	0.4480863591756624	0.9152109911678116	3246	1218029	1299
ENSG00000131435	1.5225359480781326	0.16142767273783518	6.623394610404934	0.179219653022226	0.028931011496260272	2433	813	0.5226692836113838	0.8406280667320902	3246	1978029	1300
ENSG00000211649	6.917039943470011	0.14892854144570522	3.40523925610526	0.09214093887417296	0.01372241563396846	546	2705	0.8930323846908734	0.46928361138370955	3251	1476930	1301
ENSG00000115604	3.1542542507565594	0.2118525390861139	3.0970855594367785	0.08380273741661778	0.017753822704077358	1305	1949	0.744062806673209	0.6176643768400393	3254	2543445	1302
ENSG00000073756	1.5424602741618842	0.17961385312601233	5.810848875670397	0.15723331924482323	0.028241282309355086	2407	852	0.5277723258096172	0.83297350343474	3259	2050764	1303
ENSG00000007312	2.0748335148048223	0.1860385368270423	4.343492770084954	0.1175287466545167	0.02186487606272243	1881	1378	0.6310107948969579	0.7297350343473994	3259	2592018	1304
ENSG00000155849	1.3467229029049086	0.1644030819118916	7.966881499076417	0.2155725004955389	0.035440783456919374	2742	519	0.4620215897939156	0.8983316977428852	3261	1423098	1305
ENSG00000164309	2.0128189169307023	0.16991002446430908	4.831042319688835	0.13072114515269523	0.022210832970896946	1926	1338	0.6221786064769381	0.7375858684985279	3264	2576988	1306
ENSG00000161031	1.350014523291178	0.16295105527119136	7.898453160018391	0.21372092680799185	0.03482605055689932	2732	536	0.46398429833169774	0.8949950932286556	3268	1464352	1307
ENSG00000140379	2.023670119021978	0.18908634404899483	4.318689871911002	0.11685761544972659	0.022096179279672133	1916	1352	0.6241413150147204	0.734838076545633	3268	2590432	1308
ENSG00000156738	3.288721679951945	0.12322767174191404	5.210872157120709	0.14099880120010794	0.017374953990290296	1268	2007	0.751324828263003	0.6062806673209029	3275	2544876	1309
ENSG00000204482	11.220495406978216	0.15916617767147073	2.899566157366686	0.07845814287161673	0.012487882708077384	274	3004	0.9464180569185476	0.41059862610402353	3278	823096	1310
ENSG00000167757	1.330676568682572	0.13709112338016186	9.688377037279885	0.2621537252577569	0.0359389486938802	2776	502	0.45534838076545636	0.9016683022571148	3278	1393552	1311
ENSG00000151067	1.4130114914762126	0.16827882103931052	6.8650475208464234	0.18575843763474162	0.03125921088327861	2608	670	0.4883218842001963	0.8686947988223749	3278	1747360	1312
ENSG00000114805	1.6807998566546292	0.17502949556484973	5.428538762459414	0.14688855045678761	0.025709828890703515	2242	1036	0.5601570166830225	0.7968596663395486	3278	2322712	1313
ENSG00000239697	1.8000892689850374	0.1631358689688332	5.4781795407628175	0.1482317594284097	0.024181916883132648	2117	1162	0.5846908734052993	0.7721295387634937	3279	2459954	1314
ENSG00000135925	2.899346668225841	0.21230524088340155	3.175796675598155	0.08593254845116999	0.01824393039865022	1418	1861	0.7218842001962709	0.6349362119725221	3279	2638898	1315
ENSG00000147642	2.8426331770938953	0.18507526247730482	3.6683885636226075	0.09926138546695339	0.018370826969157327	1440	1840	0.7175662414131502	0.6390578999018646	3280	2649600	1316
ENSG00000128805	2.614602732246237	0.1927867436645519	3.6466778518481417	0.0986739244352684	0.019023024576477452	1548	1736	0.696368989205103	0.65947006869479885	3284	2687328	1317
ENSG00000023445	2.5911796792456374	0.15448324279626166	4.565680486592337	0.12354083075950092	0.019084988153471854	1558	1728	0.6944062806673209	0.6610402355250246	3286	2692224	1318
ENSG00000112320	2.6321883073865227	0.2022942646997891	3.4604861531010354	0.09363584145699404	0.018941993697088638	1537	1750	0.6985279685966634	0.6567222767419039	3287	2689750	1319
ENSG00000144891	1.1899994181762528	0.17236356791676838	12.989783787092094	0.35148510395246607	0.06058322658684328	3176	113	0.37684003925417076	0.97801766437684	3289	358888	1320
ENSG00000286379	2.437871896695247	0.1917942298099313	3.7821566140129894	0.10233978736134586	0.01962818069588147	1630	1659	0.6802747791952894	0.6745829244357213	3289	2704170	1321
ENSG00000167641	1.9515786160459296	0.16698349437948237	4.969427877191195	0.13446566183299372	0.022453546086923085	1980	1311	0.6115799803729146	0.7428851815505397	3291	2595780	1322
ENSG00000211664	6.953872121540469	0.1501952313407881	3.336223232800385	0.09027346328541028	0.013558643702086337	542	2753	0.8938174681059863	0.4598626104023552	3295	1492126	1323
ENSG00000113263	25.082115388967523	0.17602480471501913	2.362557891887368	0.06392746175259055	0.011252818970926606	10	3289	0.998233562315996	0.3546614327772326	3299	32890	1324
ENSG00000152583	9.145311407195676	0.22192358703999493	2.128662987796255	0.05759859777564665	0.012782487426845379	373	2928	0.9269872423945045	0.42551521099116785	3301	1092144	1325
ENSG00000163823	5.661235116908313	0.15786728140697873	3.35502061793336	0.09078209383506297	0.014331522354174635	721	2580	0.858684985279686	0.49381746810598626	3301	1860180	1326
ENSG00000149090	2.6223130590106263	0.16717770938858922	4.168235500732815	0.11278653380892076	0.01885539437205405	1541	1762	0.6977428851815506	0.6543670264965653	3303	2715242	1327
ENSG00000204397	3.006326306005393	0.1624838454640991	4.053694228329078	0.10968720962481224	0.017822399618066236	1375	1930	0.7303238469087341	0.6213935230618253	3305	2653750	1328
ENSG00000186074	4.260796706329765	0.1257775269710711	4.5830087529420664	0.12400970904100882	0.015597634523580168	1004	2304	0.8031403336604515	0.5479882237487733	3308	2313216	1329
ENSG00000119771	3.871278069634014	0.2187148035852143	2.707359684382114	0.07325730864337877	0.01602245787111801	1076	2236	0.78900883218842	0.5613346418056919	3312	2405936	1330
ENSG00000225492	5.911332918263584	0.16960384144297946	3.041742260555664	0.08230522633566886	0.013959282557363319	670	2643	0.8686947988223749	0.48145240431795877	3313	1770810	1331
ENSG00000167676	4.524751791127329	0.1420548702958192	3.9691802258183295	0.10740038072567015	0.015256747153706673	937	2378	0.8162904808635918	0.5334641805691855	3315	2228186	1332
ENSG00000130508	2.0948578764409036	0.14275409458618896	5.495078296380762	0.1486890157594152	0.0212259658196469	1865	1450	0.6341511285574093	0.715603532875368	3315	2704250	1333
ENSG00000106809	4.582806452697122	0.20384296550166578	2.7546236821235177	0.07453620530799103	0.015193681127221893	923	2394	0.8190382728164868	0.5303238469087341	3317	2209662	1334
ENSG00000146233	3.2115744481907673	0.1890489075663379	3.366525810694883	0.09109340801396373	0.017221109271534536	1287	2030	0.7475956820412168	0.601766437684004	3317	2612610	1335
ENSG00000160593	15.363580899217748	0.18376925442245148	2.3711630092821805	0.06416030401013793	0.011790691231460872	142	3176	0.9723258096172719	0.37684003925417076	3318	450992	1336
ENSG00000185442	3.8511660096870637	0.17888520762491378	3.306804745384173	0.0894774407898021	0.01600619057342968	1081	2238	0.788027477919529	0.5609421000981354	3319	2419278	1337
ENSG00000189320	2.4646669790329883	0.17646813969538416	4.0248355758892576	0.10890633546870673	0.01921849842120411	1608	1711	0.6845927379784102	0.6643768400392542	3319	2751288	1338
ENSG00000120093	1.8095222982245138	0.10713451621296505	8.156830215465947	0.22071224303630038	0.023645899379972406	2112	1208	0.5856722276741904	0.7631010794896957	3320	2551296	1339
ENSG00000072041	2.0454119869941527	0.1476171117952953	5.361798053695742	0.14508264164859244	0.021416680531797037	1899	1425	0.6274779195289499	0.7205103042198233	3324	2706075	1340
ENSG00000163431	6.680508781454982	0.20623380067176403	2.4284775432552705	0.06571115391354716	0.013551861018118092	572	2756	0.8879293424926399	0.4592737978410206	3328	1576432	1341
ENSG00000126860	5.859730204792632	0.16272694638503338	3.1674283394935174	0.08570611315910835	0.013946694080911828	678	2651	0.8671246319921492	0.47988223748773307	3329	1797378	1342
ENSG00000254231	5.257457971193803	0.19837959313597686	2.7026046309516185	0.0731286436496644	0.01450723057380626	793	2542	0.8445534838076546	0.5012757605495584	3335	2015806	1343
ENSG00000155465	12.524646946023324	0.1527511430600087	2.9093945056537547	0.0787240840201364	0.012025193820428002	223	3114	0.9564278704612366	0.38900883218842	3337	694422	1344
ENSG00000174963	2.783459727383711	0.16241089435133524	4.135616477402925	0.11190390935620836	0.01817441399995255	1466	1871	0.7124631992149166	0.6329735034347399	3337	2742886	1345
ENSG00000233622	1.2463236526174475	0.13565527831011864	11.680976689846691	0.31607064239028426	0.042876650959111993	2995	343	0.4123650637880275	0.9328753680078509	3338	1027285	1346
ENSG00000120949	5.458757262381087	0.1999212600951319	2.6506917101423313	0.0717239537282463	0.014339143208355934	761	2579	0.8508341511285574	0.4940137389597645	3340	1962619	1347
ENSG00000130038	1.7257563380817411	0.13184634088431227	6.818963644284235	0.184511473373482	0.024327162615466816	2191	1149	0.5701668302257115	0.7746810598626104	3340	2517459	1348
ENSG00000003436	1.8333173020256355	0.17496174340881965	4.894235274190432	0.1324310567683242	0.023170368573658368	2089	1254	0.5901864573110893	0.7540726202158979	3343	2619606	1349
ENSG00000051523	1.6057800540097895	0.15458742075446907	6.187006684396048	0.16741161540967917	0.02587972983052143	2328	1022	0.5432777232580961	0.7996074582924435	3350	2379216	1350
ENSG00000230393	2.686091540995633	0.2014279444552336	3.370552030072499	0.09120235179314219	0.01837070225117572	1513	1841	0.7032384690873406	0.6388616290480864	3354	2785433	1351
ENSG00000211942	5.889348939786118	0.13873457999735414	3.6822875885120925	0.09963747334402591	0.013823163016381004	675	2680	0.8677134445534838	0.4741903827281648	3355	1809000	1352
ENSG00000121898	1.4461065588645454	0.16303966956742585	6.593855560504802	0.17842036827700014	0.029089597887980535	2553	802	0.49911678115799807	0.8427870461236506	3355	2047506	1353
ENSG00000167588	6.030041835533084	0.13336515399108181	3.8115843581738003	0.1031360603313184	0.013754756568119784	659	2697	0.8708537782139352	0.47085377821393526	3356	1777323	1354
ENSG00000275874	5.499482730454838	0.18587156398726656	2.8156865138480436	0.07618847882601942	0.014161271717202974	747	2613	0.8535819430814524	0.48734052993130517	3360	1951911	1355
ENSG00000145506	1.8184045651314211	0.14656308609557164	5.8308944099705045	0.15777572293858272	0.023124096864838555	2101	1259	0.5878312070657508	0.7530912659470068	3360	2645159	1356
ENSG00000260284	1.9110856815279298	0.16912220286980761	4.838671972650573	0.1309275927278306	0.022142762898571717	2014	1346	0.6049067713444554	0.7360157016683022	3360	2710844	1357
ENSG00000115295	1.8864976535459106	0.17553970997377924	4.704626317399555	0.12730050763984796	0.02234629419061378	2039	1322	0.6	0.7407262021589793	3361	2695558	1358
ENSG00000125735	5.034678178099319	0.17434930551711117	3.084142343006917	0.08345251235922693	0.014549887573489352	830	2532	0.8372914622178607	0.5032384690873406	3362	2101560	1359
ENSG00000177614	1.6285106286133761	0.1409297891057443	6.635131177209701	0.17953722785418877	0.025302143658120786	2299	1069	0.5489695780176644	0.7903827281648675	3368	2457631	1360
ENSG00000240671	8.207161129987922	0.15348215361798756	3.065255222370394	0.0829414536942715	0.01273003293720338	429	2940	0.9159960745829244	0.4231599607458293	3369	1261260	1361
ENSG00000133321	1.6292033856826205	0.1377675125588842	6.758535712111889	0.18287637933578638	0.02519442388686622	2297	1074	0.5493621197252208	0.7894013738959764	3371	2466978	1362
ENSG00000259807	3.682570715572858	0.15376139180427062	3.83994301552937	0.10390340533043069	0.015976332216810295	1126	2245	0.7791952894995093	0.559568204121688	3371	2527870	1363
ENSG00000171124	1.7086511309916268	0.16812882806253618	5.325043171725907	0.14408810673394934	0.02422536452292853	2214	1157	0.5656526005888125	0.7731108930323847	3371	2561598	1364
ENSG00000164099	2.6770730442154838	0.18838963505725545	3.5885205997334717	0.09710027177559695	0.01829268476376503	1515	1856	0.702845927379784	0.6359175662414132	3371	2811840	1365
ENSG00000143196	1.390228802396679	0.15512999273824096	7.260150400288818	0.1964493605114354	0.030475187869571055	2657	715	0.4787046123650638	0.8598626104023552	3372	1899755	1366
ENSG00000112559	1.40098648652704	0.1484644901130244	7.416189291821087	0.2006715513430755	0.029792599550339298	2631	743	0.48380765456329733	0.8543670264965653	3374	1954833	1367
ENSG00000110799	4.6321688422607945	0.17451861566937876	3.159566865657917	0.08549339284030893	0.014920188567369094	910	2464	0.8215897939156035	0.5165848871442591	3374	2242240	1368
ENSG00000134871	2.127412965971962	0.13154979184132792	5.771349524426364	0.15616452288873148	0.020543410479012914	1840	1534	0.6390578999018646	0.699116781157998	3374	2822560	1369
ENSG00000153707	1.4284647661342327	0.12604892929180378	8.544944158139373	0.23121405520822638	0.029144284096212943	2576	799	0.4946025515210991	0.8433758586849853	3375	2058224	1370
ENSG00000132185	6.331359248352249	0.15637131284230965	3.199863734533117	0.08658376889103529	0.013539217612326317	616	2763	0.8792934249263984	0.4578999018645731	3379	1702008	1371
ENSG00000018625	2.2107115921119647	0.18882037845303942	3.919202403511182	0.10604805182190492	0.020024033279219623	1778	1604	0.6512266928361139	0.6853778213935231	3382	2851912	1372
ENSG00000227038	6.141976665053512	0.19205891081618787	2.6167488996437647	0.07080550947451032	0.013598829029459723	641	2743	0.8743866535819431	0.46182531894013734	3384	1758263	1373
ENSG00000149968	1.2303409676472703	0.17700529614264207	8.893745356217671	0.24065212033500094	0.042596699827251575	3036	349	0.4043179587831207	0.9316977428851816	3385	1059564	1374
ENSG00000090661	1.7301300596733424	0.1726380522530852	5.07111888878245	0.1372172762067219	0.02368892329980208	2185	1202	0.5713444553483807	0.764278704612365	3387	2626370	1375
ENSG00000164116	1.1904729506302638	0.15419693044937216	11.976742966757522	0.32407365785917447	0.049971163281384755	3173	215	0.37742885181550545	0.9579980372914623	3388	682195	1376
ENSG00000146090	6.77962465886802	0.1906205268448538	2.574392153716397	0.06965939607575129	0.013278510779654053	562	2826	0.889892051030422	0.4455348380765456	3388	1588212	1377
ENSG00000170961	1.5497027797525043	0.17486019092956928	5.553519941038278	0.1502703636774623	0.02627630448369687	2396	992	0.5299313052011776	0.80549558390579	3388	2376832	1378
ENSG00000075461	1.365244207620583	0.13343116576158276	8.602625733720728	0.2327748367363609	0.031059417825694737	2706	683	0.4690873405299313	0.866143277723258	3389	1848198	1379
ENSG00000162739	28.16932497148972	0.17479345941836882	2.2893335426067654	0.06194611483869354	0.010827775710182794	2	3389	0.9998037291462217	0.3350343473994112	3391	6778	1380
ENSG00000187699	3.2895348279496104	0.20728713628086026	2.9785152839715257	0.08059439413079728	0.01670618115966394	1267	2123	0.7515210991167811	0.58351324828263	3390	2689841	1381
ENSG00000007402	3.947990026694252	0.2041347481716146	2.7997487078921974	0.07575722442833412	0.015464681930858475	1055	2336	0.7931305201177625	0.5417075564278704	3391	2464480	1382
ENSG00000011422	2.8256173922504195	0.19607795189728935	3.3497547210308314	0.09063960614238654	0.017772428333176122	1449	1942	0.7157998037291462	0.6190382728164867	3391	2813958	1383
ENSG00000066336	13.568953627157837	0.15529308667736288	2.7716136861005625	0.07499593069002229	0.01164634956509513	187	3206	0.9634936211972522	0.37095191364082436	3393	599522	1384
ENSG00000160255	12.003765628803276	0.16151127723489475	2.7216104430399284	0.07364291393676485	0.011894161089226323	244	3150	0.952306182531894	0.3819430814524043	3394	768600	1385
ENSG00000145934	1.559958040291195	0.1559375648846724	6.193904474388939	0.16759825981211354	0.026134864514009638	2387	1007	0.5316977428851816	0.8025515210991168	3394	2403709	1386
ENSG00000076706	2.001646024824163	0.15343493723421645	5.104015578340311	0.13810741391328069	0.021190502385364175	1939	1455	0.6196270853778214	0.7146221786064769	3394	2821245	1387
ENSG00000170959	2.8890879223392583	0.19444485122454672	3.328789191843938	0.09007230869337156	0.01751409666333408	1423	1976	0.7209028459273799	0.6123650637880275	3399	2811848	1388
ENSG00000105928	2.114203236056687	0.18654929104225085	4.043029711113306	0.109398642932431	0.02040823928002935	1850	1551	0.6370951913640824	0.6957801766437683	3401	2869350	1389
ENSG00000104368	1.3199970532803607	0.1621196517890026	7.547820602203546	0.20423330768725365	0.033110232725973784	2812	590	0.4482826300294406	0.884396467124632	3402	1659080	1390
ENSG00000081479	1.1628976548282222	0.13555416161205924	16.30124524668217	0.4410885488162056	0.05979138843146061	3286	117	0.3552502453385672	0.9772325809617272	3403	384462	1391
ENSG00000177465	3.0198050304530155	0.1773055327696637	3.574728836255812	0.09672708624001859	0.017150247559043704	1360	2042	0.7332679097154073	0.5994111874386654	3402	2777120	1392
ENSG00000138135	1.9156122204472446	0.18105959231227123	4.430084362724537	0.11987179219239372	0.021703937824096103	2008	1394	0.6060843964671246	0.726594700686948	3402	2799152	1393
ENSG00000127507	2.5133143616677236	0.17768653971837153	3.8596391761402504	0.10443635546826585	0.01855693462395399	1594	1809	0.6873405299313051	0.6451422963689892	3403	2883546	1394
ENSG00000163072	5.214792677906017	0.20348220411177192	2.5806306388282714	0.06982820062430983	0.014208796172193573	800	2604	0.8431795878312071	0.48910696761530914	3404	2083200	1395
ENSG00000204338	2.4631722193105645	0.15380397940938975	4.479700650754805	0.1212143384920006	0.01864324762154646	1610	1795	0.6842001962708537	0.6478900883218842	3405	2889950	1396
ENSG00000196684	1.4987077578366832	0.15859713997121544	6.299735472634586	0.17046189634598163	0.027034769234542465	2472	938	0.5150147203140334	0.8160942100098135	3410	2318736	1397
ENSG00000155093	1.1851917389968534	0.15500363695991515	11.991298703202023	0.32446751541840374	0.050293644965199925	3199	212	0.3723258096172718	0.9585868498527969	3411	678188	1398
ENSG00000050438	2.518360425387673	0.1638060599432801	4.169552970950832	0.11282218268222949	0.01848095721937698	1593	1820	0.6875368007850834	0.6429833169774288	3413	2899260	1399
ENSG00000115556	2.7196436375092876	0.18845132458091998	3.507507400428134	0.09490816964009767	0.01788557028222706	1494	1920	0.7069676153091267	0.6233562315996075	3414	2868480	1400
ENSG00000105388	1.1737442343392268	0.14357895165127207	13.81111592444946	0.37370918530826364	0.05365677304901146	3249	167	0.36251226692836114	0.9674190382728165	3416	542583	1401
ENSG00000145287	5.439680905991262	0.17679456627098364	2.9148375597837672	0.07887136533582755	0.013944028825747924	764	2652	0.8502453385672227	0.4796859666339549	3416	2026128	1402
ENSG00000187688	6.38793167822258	0.15987694921159726	3.0816456547673194	0.08338495552072867	0.013331332298798832	609	2808	0.8806673209028459	0.44906771344455343	3417	1710072	1403
ENSG00000163145	3.390511810060928	0.19473033480434837	3.1018399699656536	0.08393138501432722	0.016343986704432607	1234	2183	0.7579980372914622	0.5717369970559372	3417	2693822	1404
ENSG00000218416	1.4441249671572964	0.15270967261761048	6.781257625144821	0.1834912020376327	0.02802088139137871	2555	863	0.49872423945044164	0.8308145240431796	3418	2204965	1405
ENSG00000064225	3.7654806983088083	0.18648216225347758	3.079146007037802	0.08331731860263562	0.015537193726181382	1103	2316	0.7837095191364083	0.5456329735034348	3419	2554548	1406
ENSG00000124731	1.6483959366087746	0.14745199522908922	6.103225219841517	0.16514460794743782	0.02435090194317541	2277	1144	0.553287536800785	0.7756624141315015	3421	2604888	1407
ENSG00000182752	2.5260546191498934	0.16203946782346237	4.19633355896082	0.11354682736568852	0.018399067479378722	1587	1835	0.6887144259077527	0.6400392541707556	3422	2912145	1408
ENSG00000047457	1.1921266284605783	0.15263875366617982	11.481265532118089	0.31066674204942885	0.0474197843119574	3166	257	0.3788027477919529	0.9497546614327772	3423	813662	1409
ENSG00000154856	1.2715231772983613	0.15875511315624968	8.530587804246908	0.23082559265773453	0.03664474308173704	2942	482	0.42276741903827286	0.9055937193326791	3424	1418044	1410
ENSG00000144668	1.6014027298315268	0.16510656719151098	5.577272987086161	0.15091308737449752	0.02491674180067584	2336	1092	0.5417075564278704	0.7858684985279686	3428	2550912	1411
ENSG00000075340	1.4701571518860268	0.169219338485288	5.970209379988015	0.16154538820178732	0.0273366037268555	2517	912	0.5061825318940137	0.8211972522080471	3429	2295504	1412
ENSG00000152284	3.5460089790943874	0.19314573184672323	3.051357899868851	0.0825654118813993	0.015947156903059007	1181	2250	0.7684003925417076	0.5585868498527968	3431	2657250	1413
ENSG00000103742	3.0509994167444954	0.17747875992879966	3.531873359175675	0.09556747788445745	0.016961197464456495	1352	2079	0.734838076545633	0.5921491658488715	3431	2810808	1414
ENSG00000186827	2.1327771715381485	0.15099508414658047	4.906142291913539	0.13275324376009912	0.020045087212287673	1835	1600	0.6400392541707556	0.686162904808636	3435	2936000	1415
ENSG00000103888	2.341182929810809	0.12485781944692932	5.611677001992958	0.15184401116461588	0.01895891213008913	1691	1748	0.6683022571148185	0.6571148184494602	3439	2955868	1416
ENSG00000163508	12.871573178458586	0.15851910471131497	2.689459926704994	0.07277296661806205	0.011535905515481608	209	3232	0.9591756624141315	0.3658488714425908	3441	675488	1417
ENSG00000090104	1.1811366300990396	0.12188866492006606	14.917651363587932	0.40365046302523017	0.049200416032511796	3216	227	0.36898920510304223	0.9556427870461237	3443	730032	1418
ENSG00000118946	1.6928284932906148	0.1176388892008774	7.418801776701786	0.20074224147425218	0.023615094302725327	2230	1213	0.5625122669283611	0.7621197252208047	3443	2704990	1419
ENSG00000163710	1.9125780829276644	0.1614417759864314	4.884959989457256	0.1321800807342297	0.02133938698376393	2011	1433	0.6054955839057901	0.7189401373895976	3444	2881763	1420
ENSG00000134352	6.081111709613523	0.20878209338075868	2.371755990752626	0.06417634924670211	0.013398872541261141	651	2796	0.8724239450441609	0.4514229636898921	3447	1820196	1421
ENSG00000224577	2.8617811192971976	0.18030557856203897	3.553351874733047	0.09614865601622354	0.017336139050967654	1433	2014	0.7189401373895976	0.6049067713444554	3447	2886062	1422
ENSG00000103196	12.443688509194192	0.21037674925601002	2.032990715997272	0.05500984195416412	0.011572791727403926	229	3222	0.9552502453385672	0.36781157998037295	3451	737838	1423
ENSG00000139946	1.5109382387080843	0.1632173306360797	5.937340711882258	0.16065600871593236	0.026221844893261237	2454	997	0.5185475956820412	0.8045142296368989	3451	2446638	1424
ENSG00000162366	1.2294534896958331	0.13001064425320352	11.062795666693658	0.2993435417128813	0.0389178467111274	3043	410	0.40294406280667316	0.9197252208047105	3453	1247630	1425
ENSG00000173200	10.041370195501326	0.15735173208807	2.818440873188526	0.07626300787861798	0.012000116383946666	331	3124	0.9352306182531894	0.38704612365063784	3455	1034044	1426
ENSG00000250305	1.3232363001528304	0.1628659705342273	7.18454238399243	0.1944035149528678	0.03166171713806398	2806	649	0.44946025515210997	0.8728164867517174	3455	1821094	1427
ENSG00000172572	1.4441825198809666	0.1649284761424145	6.15313534142321	0.16649510496570644	0.02745978394716531	2554	902	0.4989205103042198	0.8231599607458293	3456	2303708	1428
ENSG00000187889	1.5713066920205385	0.17386096994200734	5.337520302426237	0.14442572017333483	0.025109995793908928	2373	1083	0.5344455348380766	0.7876349362119726	3456	2569959	1429
ENSG00000160179	2.1978657700649453	0.15543969598350588	4.651995139230833	0.1258763826941998	0.019566186657489857	1789	1667	0.6490677134445535	0.6730127576054956	3456	2982263	1430
ENSG00000134240	1.1513564273239059	0.14579703674765085	14.693766011688544	0.3975924433171587	0.05796780006890007	3327	131	0.3472031403336604	0.9744847890088322	3458	435837	1431
ENSG00000165138	3.2241718478835684	0.19390632223541757	3.1221705750796307	0.08448150231951314	0.01638149741169969	1284	2174	0.7481844946025515	0.5735034347399411	3458	2791416	1432
ENSG00000105855	1.4771350758742847	0.1418092488737432	6.993566887042943	0.18923598918816906	0.026835413486654042	2505	954	0.5085377821393523	0.8129538763493621	3459	2389770	1433
ENSG00000125845	2.135793694732186	0.1971718634962122	3.719387012378584	0.10064133107314747	0.019843638792431735	1829	1630	0.641216879293425	0.6802747791952894	3459	2981270	1434
ENSG00000157827	4.896424753727374	0.22112045815252254	2.3829526855208223	0.06447931590796664	0.01425769587493082	863	2598	0.8308145240431796	0.4902845927379784	3461	2242074	1435
ENSG00000169436	1.4506820417686757	0.13676458969868768	7.358896184313979	0.1991212812094104	0.027232740324882022	2541	920	0.5014720314033366	0.8196270853778214	3461	2337720	1436
ENSG00000118729	3.695295476500111	0.17429587860756135	3.2766924383081353	0.08866264451941407	0.015453533526181158	1122	2341	0.7799803729146222	0.5407262021589794	3463	2626602	1437
ENSG00000138685	1.3563089853171584	0.16768071636986037	6.569471795701231	0.17776057822604854	0.029807021099264423	2723	741	0.4657507360157017	0.8547595682041217	3464	2017743	1438
ENSG00000110848	1.6286310482925859	0.14364827034715175	6.1930380778918686	0.16757481635317473	0.024071832522875147	2298	1166	0.5491658488714426	0.7713444553483808	3464	2679468	1439
ENSG00000132975	2.982480240098264	0.1830255542663244	3.423060334122658	0.09262315193962171	0.016952403721643243	1382	2082	0.7289499509322865	0.5915603532875369	3464	2877324	1440
ENSG00000170153	2.125421310284763	0.17703812158279394	4.1503101233780555	0.11230149855150671	0.019881646354491606	1842	1622	0.6386653581943081	0.6818449460255152	3464	2987724	1441
ENSG00000136457	1.7730515930822626	0.1760159859344263	4.671948917482574	0.1264163035995829	0.022251290316266346	2133	1333	0.5815505397448479	0.738567222767419	3466	2843289	1442
ENSG00000177707	2.9647211929979314	0.18933513947063876	3.3110034768406713	0.08959105250087017	0.016962734420573573	1393	2077	0.7267909715407261	0.5925417075564279	3470	2893261	1443
ENSG00000167617	3.007870331571695	0.17970906766554465	3.470410401606108	0.0939043775292358	0.01687546813549229	1370	2101	0.7313052011776251	0.5878312070657508	3471	2878370	1444
ENSG00000143226	5.20099104992287	0.12211317337388466	4.201129186943075	0.11367659024915817	0.013881409173647498	803	2669	0.8425907752698725	0.47634936211972523	3472	2143207	1445
ENSG00000172123	1.8311176101582278	0.14247155656322544	5.662400101940575	0.15321650622304753	0.021828994132776697	2090	1382	0.5899901864573112	0.7289499509322865	3472	2888380	1446
ENSG00000103460	1.247802385020375	0.1364379895616767	9.918708979836227	0.2683861805549295	0.03661807090105175	2990	484	0.4133464180569185	0.9052011776251226	3474	1447160	1447
ENSG00000142871	2.7858444572833423	0.1881024299325443	3.4089352143720557	0.09224094625665916	0.017350746130154814	1465	2012	0.7126594700686948	0.6052993130520118	3477	2947580	1448
ENSG00000134539	1.734943710262476	0.17511086016408134	4.759966141132819	0.1287979246882307	0.022553915379504647	2176	1302	0.5731108930323847	0.7446516192345436	3478	2833152	1449
ENSG00000126562	1.7280090215048232	0.1643959549895258	5.109124404953014	0.1382456515069522	0.022727025902634583	2189	1290	0.5705593719332679	0.7470068694798823	3479	2823810	1450
ENSG00000154263	3.718827726983014	0.18149690850533975	3.118929813204604	0.08439381190501517	0.015317215957741392	1117	2363	0.7809617271835132	0.5364082433758587	3480	2639471	1451
ENSG00000176435	9.406086681579009	0.1844363741860728	2.402368987733846	0.06500469347495114	0.011989229969597054	354	3127	0.9307163886162905	0.38645731108930326	3481	1106958	1452
ENSG00000168779	4.5830867137908555	0.19103691145137247	2.789236872135479	0.07547278907942917	0.014418088524355022	922	2562	0.8192345436702649	0.4973503434739941	3484	2362164	1453
ENSG00000157399	1.7502654260803925	0.1672257221398072	4.925946984418289	0.1332891306168685	0.02228937112079292	2156	1328	0.577036310107949	0.7395485770363102	3484	2863168	1454
ENSG00000160185	24.930657145976802	0.18072402700840748	2.1366056411294108	0.05781351469637607	0.010448291191438832	12	3474	0.9978410206084396	0.318351324828263	3486	41688	1455
ENSG00000165695	3.6047896987933647	0.1806761262576576	3.1750474979708265	0.08591227676839709	0.015522297364489738	1167	2318	0.7711481844946025	0.5452404317958783	3485	2705106	1456
ENSG00000137745	2.658459651028223	0.12218153834293598	5.331836207840467	0.1442719166451852	0.01762736471539256	1528	1957	0.7002944062806673	0.6160942100098136	3485	2990296	1457
ENSG00000231106	2.444917232965385	0.1478973135271777	4.5453400081569635	0.12299044629625802	0.018189956596725183	1620	1868	0.6822374877330717	0.6335623159960746	3488	3026160	1458
ENSG00000157601	5.612569622006599	0.10820219905480283	4.62596387980613	0.12517201377822157	0.013543887150921653	729	2760	0.8571148184494602	0.4584887144259078	3489	2012040	1459
ENSG00000240065	6.369169118177974	0.1477768102708495	3.2554445078935896	0.08808770569418492	0.013017320171563993	612	2879	0.8800785083415112	0.43513248282630035	3491	1761948	1460
ENSG00000105976	2.691854961910051	0.20406044690803318	3.1664400763023317	0.08567937216047591	0.01748377097386641	1508	1983	0.7042198233562316	0.61099116781158	3491	2990364	1461
ENSG00000168994	3.1135050019237585	0.20763870428996914	2.9200981892804867	0.0790137104999824	0.016406304469359076	1327	2170	0.7397448478900883	0.574288518155054	3497	2879590	1462
ENSG00000134258	1.1580636507915	0.13952719442454148	13.57952384372922	0.36744263246175596	0.05126823961935676	3304	194	0.35171736997055936	0.9621197252208047	3498	640976	1463
ENSG00000162998	1.561379140664304	0.17242921820062407	5.283339559414735	0.1429596662034032	0.02465042347767499	2385	1113	0.532090284592738	0.781746810598626	3498	2654505	1464
ENSG00000257743	2.209772240396689	0.16330997911478534	4.336809089727004	0.11734789575477088	0.01916408240487564	1779	1719	0.6510304219823356	0.6628066732090285	3498	3058101	1465
ENSG00000165424	8.4237952484091565	0.22149044436263957	2.0267581179028458	0.05484119669993824	0.012146801026448243	413	3086	0.9191364082433758	0.39450441609421005	3499	1274518	1466
ENSG00000206337	3.0072638692549223	0.11411229245860315	5.405680200157434	0.1462700302197611	0.016691208466366098	1373	2126	0.7307163886162904	0.5829244357212954	3499	2918998	1467
ENSG00000152495	2.5458770115432534	0.1809153079568	3.6524016185980437	0.09882880143584542	0.017879643046767413	1578	1921	0.6904808635917566	0.6231599607458292	3499	3031338	1468
ENSG00000157152	1.7687523979539677	0.1694450085824649	4.7843547703863365	0.1294578463642904	0.021935985888264606	2138	1365	0.5805691854759568	0.7322865554465162	3503	2918370	1469
ENSG00000198121	1.3576265740817137	0.1406045584092253	7.705932502747378	0.20851159119910043	0.029317680203754425	2721	785	0.46614327772325814	0.8461236506378803	3506	2135985	1470
ENSG00000113396	1.8201104029400177	0.16069575853997844	4.9672709229882495	0.1344072977151093	0.0215986826596382	2100	1407	0.5880274779195289	0.7240431795878313	3507	2954700	1471
ENSG00000130513	1.5000810769069552	0.14342661566999954	6.624185379073139	0.17924105009950625	0.025707937204909014	2471	1037	0.5152109911678115	0.7966633954857704	3508	2562427	1472
ENSG00000134470	3.5961951138389048	0.1846332581407587	3.094643847820868	0.08373666816749041	0.015460573869615309	1172	2337	0.7701668302257114	0.5415112855740922	3509	2738964	1473
ENSG00000073861	21.690046396099714	0.17356787055734482	2.2203257091869877	0.06007886085659206	0.010427759944389702	30	3481	0.9943081452404318	0.31697742885181546	3511	104430	1474
ENSG00000165821	1.947128971739117	0.16777240630384951	4.529989382571078	0.12257508016559528	0.020564716152269177	1983	1527	0.61099116781158	0.7004906771344455	3510	3028041	1475
ENSG00000110076	2.4416361877815054	0.17981506822307092	3.7191252099425087	0.10063424707098338	0.01809555400264625	1625	1885	0.6812561334641806	0.6302257114818449	3510	3063125	1476
ENSG00000099864	1.8971862455531396	0.15988049710134628	4.847107466767383	0.13115584522033813	0.02096926173157489	2031	1485	0.6015701668302258	0.7087340529931305	3516	3016035	1477
ENSG00000121005	1.1980526755363814	0.15079248761238698	10.118022517847912	0.27377932187086007	0.041283865001739375	3144	373	0.3831207065750736	0.9269872423945045	3517	1172712	1478
ENSG00000197410	2.1974212421860977	0.18427731375890002	3.822989923039052	0.1034446787208164	0.019062507517324495	1791	1730	0.6486751717369971	0.6606476938174681	3521	3098430	1479
ENSG00000135905	1.678195801208416	0.14440232731465366	5.876879428097296	0.1590200122309582	0.022962859855755056	2247	1275	0.5591756624141315	0.7499509322865554	3522	2864925	1480
ENSG00000115355	2.1786461588407486	0.17505219865546945	4.047547834643869	0.10952089693949062	0.019171873807976907	1805	1717	0.6459273797841021	0.6631992149165848	3522	3099185	1481
ENSG00000077984	11.529026044553017	0.1856944765189584	2.26044916032314	0.06116454446955073	0.011357918066793775	259	3264	0.9493621197252208	0.3595682041216879	3523	845376	1482
ENSG00000189129	6.363546790800323	0.1999196755490764	2.3772658003803153	0.06432543687136844	0.012859920468876573	613	2912	0.8798822374877331	0.42865554465161926	3525	1785056	1483
ENSG00000130294	1.2137900715235854	0.13330061599661067	10.644681470844818	0.2880299652900031	0.0383945717986398	3097	430	0.39234543670264965	0.9157998037291463	3527	1331710	1484
ENSG00000168993	3.840872780643672	0.19492619294112104	2.842549213494725	0.07691534533376992	0.01499281544466339	1083	2444	0.7876349362119726	0.5205103042198234	3527	2646852	1485
ENSG00000154654	1.214634869359285	0.15186138576882993	9.225645673206676	0.24963287161853343	0.0379095938174429	3092	440	0.3933267909715408	0.9138370951913641	3532	1360480	1486
ENSG00000240184	3.4744250529485035	0.17378098069275605	3.2921048089425384	0.08907968138341253	0.015480354390607673	1201	2331	0.7644749754661433	0.5426889106967615	3532	2799531	1487
ENSG00000039537	3.9335249893878075	0.14861174050053821	3.6985534245096514	0.10007760376884152	0.014872706881210762	1062	2472	0.791756624141315	0.5150147203140334	3534	2625264	1488
ENSG00000104055	2.0329117301461372	0.1822293784771208	4.025509249442429	0.10892456411844775	0.01984925562019603	1908	1629	0.6257114818449461	0.6804710500490677	3537	3108132	1489
ENSG00000109943	7.409408130295352	0.15044426486665943	3.0372963900335144	0.08218492739241857	0.012364250984672195	500	3038	0.9020608439646712	0.4039254170755643	3538	1519000	1490
ENSG00000155307	11.960571292988131	0.1457366214983835	2.847930587616467	0.07706095767602208	0.011230603621133381	246	3293	0.9519136408243376	0.35387634936211976	3539	810078	1491
ENSG00000157214	1.3826734512511782	0.14890417773302367	6.925792401044299	0.18740210783594596	0.027904956772746965	2670	870	0.47615309126594696	0.8294406280667321	3540	2322900	1492
ENSG00000100342	2.8812216369156927	0.12089116343459792	5.125877872896806	0.1386989765598018	0.016767480643502464	1426	2114	0.7203140333660452	0.5852796859666339	3540	3014564	1493
ENSG00000104967	2.3378847806842376	0.14012741110744828	4.830089868108339	0.13069537316539606	0.01831400428538882	1692	1848	0.6681059862610402	0.6374877330716389	3540	3126816	1494
ENSG00000115353	2.106366821075573	0.1865281369456684	3.8476966354206947	0.1041132072746492	0.019420042584378527	1857	1685	0.635721295387635	0.6694798822374877	3542	3129045	1495
ENSG00000238164	2.2295722946800463	0.1789506260075264	3.8683698044217456	0.10467259387218301	0.01873122619925872	1764	1783	0.6539744847890088	0.6502453385672228	3547	3145212	1496
ENSG00000179023	1.1879862524868356	0.1455624195924211	10.536664729474992	0.28510718565092186	0.04150089178653379	3182	368	0.3756624141315015	0.9279685966633955	3550	1170976	1497
ENSG00000196557	1.1362273617195486	0.148337289066253	13.212773173759807	0.35751888011362754	0.05303338146605822	3381	171	0.3366045142296369	0.9666339548577036	3552	578151	1498
ENSG00000104894	16.48506055079733	0.16756364370418522	2.329739949027034	0.06303945481984753	0.010563120746739013	104	3449	0.979784102060844	0.3232580961727184	3553	358696	1499
ENSG00000136158	2.396405459563578	0.1871872559288452	3.5690255034673766	0.09657276215342288	0.018077190344968262	1666	1888	0.6732090284592738	0.6296368989205103	3554	3145408	1500
ENSG00000235531	2.0201726707940693	0.163296053677359	4.479880075374314	0.12121919346742387	0.019794615923182612	1920	1637	0.6233562315996075	0.678900883218842	3557	3143040	1501
ENSG00000159899	3.8247189489247906	0.20077818692623559	2.7351750786074986	0.0740099537136149	0.014859584321114217	1087	2474	0.7868498527968597	0.514622178606477	3561	2689238	1502
ENSG00000146281	2.6623525556096377	0.166500228431206	3.8120771423448963	0.10314939437124107	0.017174397725352192	1524	2037	0.7010794896957802	0.6003925417075564	3561	3104388	1503
ENSG00000236699	2.1710333546388783	0.16764489477815042	4.173585385756408	0.11293129410089112	0.01893235491670425	1812	1751	0.6445534838076545	0.6565260058881256	3563	3172812	1504
ENSG00000224041	12.073980356956943	0.15395759261379297	2.668467723995728	0.07220494742140772	0.01111649987980543	243	3325	0.9525024533856722	0.3475956820412168	3568	807975	1505
ENSG00000122176	1.1031142825929323	0.15509978191290147	17.919938573373585	0.48488809171272823	0.07520603727680711	3520	49	0.3093228655544652	0.9905789990186458	3569	172480	1506
ENSG00000143365	1.6678566204989906	0.1389658597138544	5.972797046624607	0.16161540678652012	0.022459023947093065	2259	1310	0.556820412168793	0.7430814524043179	3569	2959290	1507
ENSG00000109099	1.5767023439986207	0.13527438246698895	6.465712779911976	0.17495300659526192	0.0236666599279171	2365	1206	0.5360157016683023	0.7634936211972522	3571	2852190	1508
ENSG00000082556	4.070458124038585	0.16782338746244446	3.197731045748066	0.0865260613609025	0.014521096721369985	1032	2540	0.7976447497546615	0.5016683022571149	3572	2621280	1509
ENSG00000169403	7.201782301070021	0.14392844347491382	3.1528816001183624	0.08531249904779985	0.0122788951969049	520	3055	0.898135426889107	0.4005888125613346	3575	1588600	1510
ENSG00000061918	1.4519198507743543	0.14111864569656324	6.73237576283942	0.18216852825526558	0.025707375995919192	2537	1038	0.5022571148184495	0.7964671246319921	3575	2633406	1511
ENSG00000148803	2.0135490304082544	0.18772470095639784	3.874633471979506	0.10484207982196847	0.019681448082225824	1925	1650	0.6223748773307164	0.6763493621197252	3575	3176250	1512
ENSG00000005844	2.136321566798665	0.12038705668282884	5.822064810206627	0.15753680650689053	0.01896539245457687	1828	1747	0.6414131501472031	0.6573110893032384	3575	3193516	1513
ENSG00000178031	1.4816363680368656	0.14601934949689305	6.35554734367206	0.1719720863241152	0.025111252176670838	2496	1082	0.5103042198233563	0.7878312070657507	3578	2700672	1514
ENSG00000008196	1.1067321707378592	0.12786300363850536	19.552662280087347	0.5290672767696961	0.06764813113461778	3502	79	0.31285574092247304	0.9846908734052993	3581	276658	1515
ENSG00000168280	1.565765564153046	0.16303194690519815	5.370723865813936	0.14532416144997212	0.023692480973554298	2380	1200	0.533071638861629	0.7646712463199214	3580	2856000	1516
ENSG00000180353	17.021889526209858	0.17327128004659784	2.2158469634641205	0.05995767235709271	0.010388942637927969	90	3494	0.982531894013739	0.31442590775269874	3584	314460	1517
ENSG00000211658	4.949614668942116	0.14394526534929974	3.4984093271981824	0.09466198869764238	0.013626145081574545	847	2737	0.833954857703631	0.4630029440628066	3584	2318239	1518
ENSG00000086548	1.1355721880923746	0.11325094741834346	16.631447576492715	0.4500233549778089	0.05096557131161835	3385	200	0.33581943081452403	0.9609421000981354	3585	677000	1519
ENSG00000131773	2.5828450441407464	0.18307133618921384	3.485393028723042	0.09430978614388184	0.017265418565079453	1561	2024	0.6938174681059863	0.6029440628066732	3585	3159464	1520
ENSG00000187240	1.7958032303579763	0.16567392043624113	4.710857677878004	0.1274691194059429	0.021118308746537907	2120	1466	0.5841020608439647	0.7124631992149166	3586	3107920	1521
ENSG00000203688	2.5426042294713604	0.15711168690464256	4.086188459745524	0.11056645738554974	0.017371282634913995	1579	2008	0.6902845927379784	0.6060843964671246	3587	3170632	1522
ENSG00000111186	1.5098932668750855	0.1703487610926773	5.302510800036577	0.14347841275171463	0.02444136985579838	2455	1137	0.518351324828263	0.7770363101079489	3592	2791335	1523
ENSG00000198189	1.9208221151804812	0.17461873886672663	4.257327508911751	0.11519723704073469	0.02011559625298446	2003	1591	0.6070657507360158	0.6879293424926398	3594	3186773	1524
ENSG00000168907	1.6872792468313056	0.15235659725070527	5.333745317461022	0.1443235744406063	0.02198864870482964	2237	1358	0.5611383709519137	0.7336604514229637	3595	3037846	1525
ENSG00000120318	2.6997382353001136	0.1743438504958969	3.589041697699728	0.09711437194661142	0.016931293543662945	1506	2090	0.7046123650637881	0.5899901864573112	3596	3147540	1526
ENSG00000089127	4.879321433603117	0.1068303145120306	4.715188395771596	0.12758630248257968	0.013630084821641058	865	2733	0.8304219823356231	0.4637880274779196	3598	2364045	1527
ENSG00000172602	2.61508465219188	0.14536424620335145	4.3487721472071845	0.11767159910279648	0.01710524330312098	1547	2051	0.6965652600588812	0.5976447497546614	3598	3172897	1528
ENSG00000114248	1.2850207454751335	0.14112266502228601	8.035573025076676	0.21743119564802066	0.030684469788830753	2895	704	0.4319921491658488	0.8620215897939156	3599	2038080	1529
ENSG00000187527	1.3200121738818744	0.16887804842432144	6.3971720641929695	0.17309839215484216	0.029232518652497617	2811	791	0.44847890088321885	0.844946025515211	3602	2223501	1530
ENSG00000120149	1.6098974473610577	0.14352797397154818	5.877763178654005	0.15904392526610833	0.02282725236592685	2320	1282	0.5448478900883219	0.748577036310108	3602	2974240	1531
ENSG00000213759	1.2381508940422317	0.1191146619981355	10.304479723125919	0.2788245890788447	0.03321209668489561	3016	587	0.408243375858685	0.8849852796859666	3603	1770392	1532
ENSG00000100628	3.64754534822366	0.1869009578636383	2.9534624558727898	0.07991650017713982	0.014936470432217052	1143	2461	0.7758586849852797	0.5171736997055938	3604	2812923	1533
ENSG00000102755	2.4261431416071595	0.117984175562357	5.500275927037012	0.1488296562644045	0.017559544293584747	1639	1969	0.6785083415112856	0.6137389597644749	3608	3227191	1534
ENSG00000175183	4.294523065883541	0.21282927298899362	2.4565157093677117	0.06646982687471384	0.014146724929449616	996	2614	0.8047105004906772	0.487144259077527	3610	2603544	1535
ENSG00000161381	5.138202388449826	0.1766441195513314	2.799518635786198	0.0757509990038452	0.013380968524168018	812	2799	0.8408243375858685	0.4508341511285574	3611	2272788	1536
ENSG00000129951	1.4798751502527867	0.13663492939211988	6.672545660044887	0.1805496106316235	0.024669383300426614	2501	1110	0.5093228655544652	0.7823356231599607	3611	2776110	1537
ENSG00000105419	1.4978224207399549	0.15714857706412141	5.742618489764498	0.15538710188848182	0.02441886195589257	2473	1138	0.5148184494602552	0.7768400392541708	3611	2814274	1538
ENSG00000136542	1.1486325411824931	0.16393585440065384	10.438072656541847	0.28243942415682904	0.04630194831557844	3336	278	0.34543670264965654	0.9456329735034348	3614	927408	1539
ENSG00000142910	1.8626225208230902	0.1816771531431496	4.143827833489839	0.1121260969919	0.020370750094541062	2061	1553	0.5956820412168793	0.695387634936212	3614	3200733	1540
ENSG00000137077	1.9472935763158152	0.1619740973594878	4.521445029063077	0.12234388209254107	0.019816539869394946	1982	1635	0.6111874386653582	0.6792934249263984	3617	3240570	1541
ENSG00000162676	10.445216354730626	0.18293153134156798	2.260999548766808	0.061179437199291864	0.01119164813348175	315	3303	0.9383709519136408	0.3519136408243376	3618	1040445	1542
ENSG00000110446	5.87574999069415	0.14380796199444706	3.2709624866874867	0.08850760016501706	0.01272809760075049	677	2941	0.8673209028459274	0.422963689892051	3618	1991057	1543
ENSG00000134531	1.7340792180409834	0.1679193402103416	4.682137913456914	0.12669200336240502	0.02127403761454143	2177	1443	0.5729146221786066	0.7169774288518155	3620	3141411	1544
ENSG00000173372	9.315721299719687	0.14691304924604195	2.860506543139816	0.07740124517478848	0.011371252944068667	360	3261	0.9295387634936212	0.3601570166830226	3621	1173960	1545
ENSG00000275832	1.7159589470658951	0.17833088340101574	4.466869188744602	0.12086713735051587	0.0215543433778694	2207	1414	0.56702649656526	0.7226692836113837	3621	3120698	1546
ENSG00000174123	3.830730545615183	0.1601724597237827	3.3546049418985686	0.09077084623181614	0.014538989712159242	1086	2536	0.7870461236506379	0.5024533856722277	3622	2754096	1547
ENSG00000152784	2.6260258454284395	0.20968370666607278	2.9874985156647225	0.08083746762434149	0.016950299848970576	1540	2083	0.6979391560353287	0.5913640824337586	3623	3207820	1548
ENSG00000100385	4.872557590528759	0.13991547996074588	3.5778902156243957	0.09681262867661433	0.013545585407549965	866	2758	0.830225711481845	0.4588812561334642	3624	2388428	1549
ENSG00000129596	1.9689099512969215	0.1820397269120406	3.9905523392668445	0.10797867976746019	0.019656409377191136	1969	1656	0.6137389597644749	0.675171736997056	3625	3260664	1550
ENSG00000163347	1.2999902006712438	0.16094909535696553	6.76289148911923	0.1829942404764576	0.029452757460220854	2854	772	0.4400392541707556	0.848675171736997	3626	2203288	1551
ENSG00000106571	2.13346696518099	0.17536643483476624	3.931261576000625	0.1063743559055991	0.018654491553009477	1833	1793	0.6404317958783121	0.6482826300294406	3626	3286569	1552
ENSG00000119938	1.2785018786081577	0.1543916772822159	7.326749930063279	0.19825144921665488	0.030608373768189395	2920	708	0.42708537782139355	0.8612365063788028	3628	2067360	1553
ENSG00000157510	3.445902073654579	0.14821058394788206	3.7584870296263593	0.10169932201834965	0.0150729159034433	1210	2418	0.7627085377821393	0.5256133464180569	3628	2925780	1554
ENSG00000149591	7.177754959393344	0.19976722569101377	2.232779815398659	0.060415851286008924	0.012069106999166869	524	3105	0.8973503434739941	0.39077526987242395	3629	1627020	1555
ENSG00000106952	5.670789558600304	0.14646743650299576	3.2467761127152492	0.08785315122966891	0.012867625849319615	719	2910	0.8590775269872424	0.4290480863591757	3629	2092290	1556
ENSG00000135363	2.163704378188889	0.16442349034218776	4.1683459913472065	0.11278952352805093	0.01854524713251444	1817	1812	0.6435721295387635	0.6445534838076545	3629	3292404	1557
ENSG00000138772	1.548260774135173	0.17259874705319958	5.011585572387361	0.1356063892016159	0.02340549286860744	2399	1231	0.529342492639843	0.7585868498527969	3630	2953169	1558
ENSG00000197496	1.8107549693806508	0.1505538312275552	5.06227299292351	0.13697791882583754	0.0206225504728069	2109	1521	0.586261040235525	0.7016683022571149	3630	3207789	1559
ENSG00000163873	1.1125391380539464	0.14680533828070286	13.856457006514413	0.3749360506051867	0.055042613742725156	3480	155	0.3171736997055937	0.9697742885181551	3635	539400	1560
ENSG00000175600	3.036581916806733	0.142743330016953	4.071852822799522	0.11017855540621137	0.01572725389513997	1356	2278	0.7340529931305202	0.5530912659470069	3634	3088968	1561
ENSG00000198133	1.9103952120504961	0.15246668611726558	4.82796886968862	0.130637981959949	0.019917940190480547	2016	1619	0.6045142296368989	0.6824337585868498	3635	3263904	1562
ENSG00000154027	1.2830718307169322	0.16626906780604103	6.645222315857443	0.17981027973670932	0.029896887593766127	2899	738	0.431207065750736	0.8553483807654563	3637	2139462	1563
ENSG00000168824	2.0976090528034637	0.18342593351205244	3.783824912660552	0.10238492915378623	0.018780051207598594	1863	1777	0.6345436702649656	0.651422963689892	3640	3310551	1564
ENSG00000131746	1.5314293688897367	0.11886470923573353	7.309112686629446	0.19777421045399465	0.023508374019940846	2420	1221	0.5252208047105005	0.760549558390579	3641	2954820	1565
ENSG00000117707	1.390627122865462	0.1817005114839965	5.345465299477043	0.1446407005117358	0.02628128926438595	2653	990	0.47948969578017664	0.8058881256133464	3643	2626470	1566
ENSG00000222014	3.6381369085961106	0.19177894171849863	2.8475808908072087	0.07705149537692853	0.014776854241215142	1149	2494	0.7746810598626104	0.5106967615309126	3643	2865606	1567
ENSG00000100181	1.2091628940609132	0.12947845730990887	9.992204981719507	0.27037487800251175	0.03500772209912004	3116	529	0.38861629048086355	0.896368989205103	3645	1648364	1568
ENSG00000230838	8.56591227484875	0.14678673485340113	2.885478011441901	0.07807693764787844	0.011460658744684665	403	3243	0.921099116781158	0.3636898920510304	3646	1306929	1569
ENSG00000287906	2.4301488706296968	0.16289126187795386	3.9340119398338143	0.10644877684544386	0.017339575585719066	1634	2013	0.6794896957801766	0.6051030421982335	3647	3289242	1570
ENSG00000178372	1.1171744517721305	0.13253748621038897	14.576175186875094	0.3944106025751687	0.052274189800037625	3468	182	0.3195289499509323	0.9644749754661432	3650	631176	1571
ENSG00000164483	9.980610689117425	0.16027343090994842	2.568203476921631	0.06949193926952654	0.011137711527312794	333	3318	0.934838076545633	0.3489695780176644	3651	1104894	1572
ENSG00000134339	1.7591868274344706	0.16062070071970114	4.790608993675233	0.12962707676557114	0.020820791902332526	2146	1508	0.5789990186457311	0.7042198233562316	3654	3236168	1573
ENSG00000149596	1.8784951070595461	0.17260142658519095	4.278821752336931	0.11577884074627029	0.019983593081185885	2044	1611	0.5990186457311089	0.6840039254170756	3655	3292884	1574
ENSG00000080854	1.322592132240761	0.14858210630079902	7.044219181180199	0.1906065683419157	0.02832072539900903	2808	849	0.44906771344455343	0.8335623159960746	3657	2383992	1575
ENSG00000147027	1.2788125235400418	0.167394171830417	6.566615555427361	0.17768329242006214	0.029743147582758114	2917	747	0.42767419038272814	0.8535819430814524	3664	2178999	1576
ENSG00000106511	2.3176929258883274	0.15434940683591175	4.214261926419447	0.11403194353106733	0.017600762844366426	1707	1961	0.6651619234543671	0.6153091265947006	3668	3347427	1577
ENSG00000136546	1.6341113288764588	0.16690921281179288	4.843246210851577	0.13105136511819024	0.021873680189787987	2293	1377	0.5501472031403336	0.7299313052011775	3670	3157461	1578
ENSG00000137265	17.53895579580168	0.19104842306755976	1.938597142218737	0.05245568588538013	0.010021576069329127	85	3587	0.98351324828263	0.29617271835132486	3672	304895	1579
ENSG00000102802	1.234065695664089	0.16097640103580935	7.303525958907356	0.19762304153491655	0.031812645988041136	3026	647	0.40628066732090284	0.8732090284592738	3673	1957822	1580
ENSG00000196427	2.0899902611882717	0.12283920337732712	5.593094878443844	0.15134120528775374	0.018590633095712197	1870	1804	0.6331697742885182	0.6461236506378802	3674	3373480	1581
ENSG00000128284	2.2203160869342753	0.1178395129944241	5.636190590831881	0.15250731406961562	0.01797138761805119	1772	1904	0.6524043179587831	0.6264965652600589	3676	3373888	1582
ENSG00000287263	3.9382876577499126	0.225866397171933	2.3089984644886683	0.062478219700881174	0.014111730385554517	1059	2618	0.7923454367026497	0.48635917566241416	3677	2772462	1583
ENSG00000073910	2.658833012578075	0.18405242031956504	3.3159973219955186	0.08972617885956433	0.016514320385129004	1527	2150	0.7004906771344455	0.5782139352306183	3677	3283050	1584
ENSG00000090339	1.860846059731396	0.17597336968804378	4.196272967648563	0.11354518785081773	0.019980929317970325	2065	1612	0.5948969578017664	0.6838076545632974	3677	3328780	1585
ENSG00000081059	1.3604072587520084	0.1647021498624247	5.998800045252061	0.1623190110054547	0.026734290076140966	2716	962	0.46712463199214915	0.8113837095191364	3678	2612792	1586
ENSG00000150995	3.5084680694414354	0.18545450621734094	2.952917270863836	0.07990174824495325	0.014818139266670093	1191	2487	0.7664376840039254	0.5120706575073601	3678	2962017	1587
ENSG00000205403	1.6073303616808383	0.19096859672216074	4.27248410108477	0.11560735290277024	0.02207737395460565	2324	1354	0.544062806673209	0.7344455348380765	3678	3146696	1588
ENSG00000156968	1.2213256055290638	0.14056866552375735	8.572163454687999	0.23195057072178046	0.032604982193834585	3067	613	0.39823356231599605	0.8798822374877331	3680	1880071	1589
ENSG00000162383	2.2409810138889434	0.193395938747044	3.414460795419789	0.09239046063355666	0.017867939865498502	1756	1925	0.6555446516192345	0.6223748773307164	3681	3380300	1590
ENSG00000153823	2.16542443145456	0.19343261369507364	3.475223640788555	0.09403461694677497	0.018189361733829748	1815	1869	0.6439646712463198	0.6333660451422964	3684	3392235	1591
ENSG00000162738	1.1365974204468237	0.12570036946371826	13.155120657741442	0.3559588848960033	0.044744163345320775	3379	306	0.3369970559371933	0.9401373895976447	3685	1033974	1592
ENSG00000169550	1.2165092432743838	0.15564764766908148	7.799631250703071	0.21104694626776208	0.032848960734320205	3082	603	0.3952894995093229	0.8818449460255152	3685	1858446	1593
ENSG00000102245	7.084670368919819	0.16059290169743332	2.7252212427001035	0.07374061704828001	0.011842219664742507	530	3158	0.8961727183513248	0.3803729146221786	3688	1673740	1594
ENSG00000180730	1.1766250881317002	0.12816781822951548	10.800528736272685	0.29224697099136465	0.03745665665614771	3237	454	0.3648675171736997	0.911089303238469	3691	1469598	1595
ENSG00000010671	16.74710055025889	0.15111651356253436	2.4374774364415313	0.06595467824343458	0.009966841029286572	97	3595	0.9811579980372914	0.29460255152109915	3692	348715	1596
ENSG00000177455	6.901822491914935	0.15171432194717946	2.9042132043327364	0.07858388536377102	0.011922300883939401	549	3144	0.8924435721295387	0.3831207065750736	3693	1726056	1597
ENSG00000149575	2.414016961072185	0.19337629245961618	3.2759782641919357	0.08864331998194779	0.017141516569420475	1648	2045	0.6767419038272817	0.5988223748773307	3693	3370160	1598
ENSG00000157613	1.3108682452931504	0.1377366068093302	7.520355850608682	0.20349015050869135	0.028028042850187042	2834	861	0.4439646712463199	0.831207065750736	3695	2440074	1599
ENSG00000165359	2.773151537236714	0.20472697939050483	2.905262411494559	0.07861227541970923	0.016094053689691502	1471	2224	0.7114818449460255	0.5636898920510305	3695	3271504	1600
ENSG00000101057	7.448509115889852	0.20020501712003802	2.1512255878762856	0.05820910969520978	0.011653755803071646	495	3202	0.9030421982335624	0.3717369970559372	3697	1584990	1601
ENSG00000148053	1.1615286122288186	0.1508495719123042	9.574953782532372	0.2590846530438551	0.0390828090007134	3291	408	0.3542688910696762	0.920117762512267	3699	1342728	1602
ENSG00000100867	1.125295334278421	0.1375303895864105	12.514173901773281	0.3386157758156714	0.04656995956803393	3433	270	0.3263984298331698	0.9472031403336605	3703	926910	1603
ENSG00000076344	1.5224907501979226	0.15694022740100225	5.412343260965547	0.1464503231837678	0.02298394702341079	2434	1274	0.5224730127576055	0.7501472031403337	3708	3100916	1604
ENSG00000181031	2.747759598449821	0.18478730059819376	3.214462573157632	0.08697879273405121	0.01607257631861511	1479	2229	0.7099116781157998	0.5627085377821394	3708	3296691	1605
ENSG00000089101	3.6555447453361025	0.19928741689310625	2.6640589056965593	0.0720856510586976	0.014365763194545656	1136	2573	0.7772325809617272	0.4951913640824338	3709	2922928	1606
ENSG00000189058	1.0932729736168547	0.13859933011297507	15.528200115698406	0.42017104528594834	0.05823542540950095	3584	128	0.29676153091265944	0.9750736015701669	3712	458752	1607
ENSG00000139144	1.433571523222241	0.15870990169932372	5.6771839440308876	0.15361653599714536	0.024380465327497564	2570	1142	0.4957801766437684	0.7760549558390579	3712	2934940	1608
ENSG00000254290	2.1802193211611334	0.1816190441334767	3.6531037565606614	0.09884780029208697	0.017952643003745633	1804	1910	0.6461236506378802	0.6253189401373895	3714	3445640	1609
ENSG00000117091	24.73965041636499	0.16478252352439024	2.1211156705486713	0.05739437808802066	0.009457590457457013	16	3700	0.9970559371933267	0.2739941118743866	3716	59200	1610
ENSG00000241106	5.421794235029507	0.2165086984132774	2.169046053607088	0.05869130619305269	0.012707178312032965	771	2945	0.8488714425907753	0.42217860647693817	3716	2270595	1611
ENSG00000170011	1.6711504315236994	0.1662283220352351	4.702417281130163	0.12724073425520135	0.021151013749773382	2256	1460	0.5574092247301276	0.7136408243375858	3716	3293760	1612
ENSG00000234899	3.4872139527015245	0.17451380355593937	3.0886083297915747	0.08357335561997585	0.014584704165175127	1196	2521	0.7654563297350343	0.5053974484789009	3717	3015116	1613
ENSG00000168060	4.4683279077868665	0.21302482290147123	2.347112486019535	0.06350953100208506	0.013529106594274667	955	2764	0.8127576054955838	0.4577036310107949	3719	2639620	1614
ENSG00000148541	3.0065798043350025	0.1788105790138961	3.190908115321341	0.08634144255202897	0.015438763335623348	1374	2345	0.7305201177625122	0.5399411187438665	3719	3222030	1615
ENSG00000105967	11.256951057557295	0.15115280373299883	2.582553059952668	0.06988021861012268	0.010562590968394927	269	3452	0.9473994111874386	0.3226692836113837	3721	928588	1616
ENSG00000105926	4.603372678674594	0.20388290968999317	2.4203902536197863	0.06549232333985844	0.01335276544488819	917	2805	0.8202158979391561	0.4496565260058881	3722	2572185	1617
ENSG00000152402	1.9053963333752044	0.15794551733638884	4.518066652534794	0.12225246802093703	0.01930922930721723	2025	1697	0.602747791952895	0.6671246319921491	3722	3436425	1618
ENSG00000132681	1.3837762145107344	0.16295283255062926	5.7760643609108016	0.15629209966899305	0.025468240346347683	2667	1056	0.47674190382728165	0.7929342492639843	3723	2816352	1619
ENSG00000010810	3.286641280362291	0.2282275382653306	2.422497858201335	0.06554935212706368	0.014960167270847056	1270	2455	0.7509322865554465	0.518351324828263	3725	3117850	1620
ENSG00000211611	5.273576617949476	0.15137702062045272	3.108481927948478	0.08411110696584737	0.01273248877357818	787	2939	0.8457311089303239	0.42335623159960745	3726	2312993	1621
ENSG00000211632	15.786865050420058	0.14801576302796138	2.48215066094087	0.0671634722629813	0.009941252594612498	125	3602	0.9756624141315015	0.2932286555446516	3727	450250	1622
ENSG00000000938	8.536894531964345	0.17392005588743356	2.3641547743033184	0.06397067112321364	0.011125782696905949	407	3320	0.9203140333660451	0.34857703631010795	3727	1351240	1623
ENSG00000280202	1.6795557571171413	0.12700818140653003	6.104919221348706	0.165190445222762	0.02098053803347802	2245	1483	0.559568204121688	0.709126594700687	3728	3329335	1624
ENSG00000168961	2.7181766443798066	0.13666551200751487	4.333147055306364	0.11724880630339023	0.01602386814572276	1495	2234	0.7067713444553484	0.5617271835132482	3729	3339830	1625
ENSG00000165323	3.325738991687986	0.1735033492366227	3.1666170390104904	0.08568416052007391	0.014866488826761223	1257	2473	0.7534838076545634	0.5148184494602552	3730	3108561	1626
ENSG00000215386	2.4565300086769404	0.198213678129742	3.122762456003628	0.08449751777685319	0.01674856379138333	1614	2116	0.6834151128557409	0.5848871442590775	3730	3415224	1627
ENSG00000082269	2.165572442654572	0.17637966426493673	3.7504863630800456	0.10148283534245021	0.017899508426355223	1814	1917	0.6441609421000981	0.6239450441609421	3731	3477438	1628
ENSG00000119121	3.7315695971468017	0.2002269319934933	2.5971356293105097	0.07027480222988457	0.01407090804693929	1110	2624	0.7823356231599607	0.4851815505397449	3734	2912640	1629
ENSG00000128268	1.6188381440245576	0.18446388144615566	4.305955776144866	0.11651304890054748	0.021492449239320727	2312	1422	0.5464180569185476	0.721099116781158	3734	3287664	1630
ENSG00000282639	3.1975682542383255	0.12913011862143267	4.290783298103662	0.11610250318947657	0.014992330009102375	1290	2445	0.7470068694798823	0.5203140333660452	3735	3154050	1631
ENSG00000071991	1.7722324138474905	0.15484023995350674	4.77695024034686	0.12925749029575978	0.020014260813183513	2134	1605	0.5813542688910697	0.6851815505397448	3739	3425070	1632
ENSG00000006555	1.2769026833382602	0.13818001025518978	7.728460331474528	0.20912116225522948	0.028896364345004814	2929	815	0.4253189401373896	0.8402355250245339	3744	2387135	1633
ENSG00000244468	1.1053040155737572	0.12291607725709128	14.6219324762262	0.3956487298502461	0.04863158984494288	3509	236	0.3114818449460255	0.9538763493621197	3745	828124	1634
ENSG00000126353	9.324041788317102	0.14655872280753543	2.7308290632259276	0.07389235670867565	0.010829569424462325	358	3387	0.9299313052011776	0.3354268891069676	3745	1212546	1635
ENSG00000110169	1.7445712081224394	0.16606008755171853	4.486785200841419	0.1214060363573742	0.020160697026812682	2163	1583	0.5756624141315014	0.6894995093228655	3746	3424029	1636
ENSG00000135549	1.8593210752793197	0.17496070032048402	4.116790017567704	0.1113944920863986	0.019489658347280912	2066	1680	0.5947006869479883	0.6704612365063788	3746	3470880	1637
ENSG00000137462	1.9180248820544608	0.16630407849684792	4.221377692334361	0.11422448605242862	0.018995997894725197	2006	1743	0.6064769381746811	0.6580961727183513	3749	3496458	1638
ENSG00000158473	2.5610559670942274	0.1627293811316195	3.7153642284008623	0.10053248025101194	0.016359588294873932	1570	2180	0.6920510304219823	0.5723258096172719	3750	3422600	1639
ENSG00000105137	5.292416903622738	0.19691435766652646	2.3698889552638294	0.0641258299175417	0.01262729660804565	782	2969	0.8467124631992149	0.41746810598626105	3751	2321758	1640
ENSG00000148143	3.089517933810063	0.17865102481653855	3.1219637487622536	0.08447590589305562	0.015091707160099855	1340	2415	0.7371933267909716	0.5262021589793915	3755	3236100	1641
ENSG00000172215	15.305469879385509	0.1757213965001092	2.07320699729599	0.05609803741950419	0.009857625476270658	145	3612	0.9717369970559372	0.2912659470068695	3757	523740	1642
ENSG00000105369	20.428833023192862	0.16693132420921566	2.079456044754049	0.05626712777015208	0.009392746148120619	44	3714	0.9915603532875368	0.2712463199214916	3758	163416	1643
ENSG00000160188	3.703627200956249	0.1822459782295577	2.834347267606301	0.07669341232468706	0.01397706595287541	1120	2639	0.7803729146221786	0.4822374877330716	3759	2955680	1644
ENSG00000182916	2.3091620433343185	0.16814714275040268	3.766399564035679	0.10191342396376854	0.017136451047418098	1713	2046	0.6639842983316977	0.5986261040235525	3759	3504798	1645
ENSG00000160539	7.304538655276305	0.1962940035689134	2.1473331887223597	0.05810378690126138	0.011405424953363587	508	3253	0.9004906771344455	0.3617271835132483	3761	1652524	1646
ENSG00000184599	4.907545670991442	0.16477160949204267	2.893579987876797	0.07829616562550419	0.012900985227169872	858	2903	0.8317958783120707	0.4304219823356231	3761	2490774	1647
ENSG00000067798	1.3238667940197801	0.17849078121411407	5.5493087881037	0.15015641585883574	0.026801535970954977	2803	958	0.45004906771344455	0.8121687929342493	3761	2685274	1648
ENSG00000196562	1.2023882916948638	0.11903379545450687	9.992415730103342	0.27038058055451836	0.032184426720597355	3133	631	0.385279685966634	0.8763493621197253	3764	1976923	1649
ENSG00000154188	1.42492489806279	0.1813625515343645	4.855633318235734	0.13138654265447203	0.023828598613093662	2579	1186	0.4940137389597645	0.7674190382728165	3765	3058694	1650
ENSG00000171346	1.2273012318325884	0.13286804526224236	8.480800295727121	0.22947841337481215	0.0304903482149921	3052	714	0.4011776251226693	0.8600588812561335	3766	2179128	1651
ENSG00000183918	25.374602862280845	0.16705151666634796	2.0368880368095477	0.05511529792119877	0.009207094109253869	9	3760	0.9984298331697743	0.2622178606476938	3769	33840	1652
ENSG00000130303	1.6082099321033776	0.10467123735867627	7.483751182316204	0.20249968016285602	0.02119589208738233	2322	1453	0.5444553483807655	0.7150147203140333	3775	3373866	1653
ENSG00000170523	3.1311792828096165	0.1859373101415952	2.9713183997184087	0.0803996566623912	0.014949295896112803	1318	2458	0.7415112855740922	0.5177625122669284	3776	3239644	1654
ENSG00000081041	1.6021218977291685	0.17970681696795512	4.374730300146442	0.11837398986108882	0.021272612929733266	2334	1446	0.5421000981354269	0.7163886162904809	3780	3374964	1655
ENSG00000010030	3.3645797826040216	0.1512089589055181	3.555514296477446	0.09620716807801587	0.014547385724324974	1248	2533	0.7552502453385672	0.5030421982335623	3781	3161184	1656
ENSG00000156234	1.2858033363734054	0.1294842194178377	7.896321953338537	0.21366325938152111	0.02766602035928725	2891	893	0.4327772325809617	0.8249263984298332	3784	2581663	1657
ENSG00000173894	3.0995879799191504	0.19286440483288247	2.8712235054012747	0.07769123095563471	0.014983873018992504	1337	2448	0.7377821393523062	0.5197252208047105	3785	3272976	1658
ENSG00000196405	3.4649590644077226	0.1919615314997479	2.756248312857892	0.0745801655087084	0.014316522790556339	1203	2587	0.7640824337585869	0.4924435721295387	3790	3112161	1659
ENSG00000211650	5.36632703557352	0.15258354400912755	3.0132298289986306	0.08153372042502238	0.012440704018699305	775	3019	0.8480863591756624	0.4076545632973504	3794	2339725	1660
ENSG00000187244	3.3688767798049466	0.18196309038390437	2.940044812802329	0.07955343780853408	0.014475789394304602	1243	2551	0.7562315996074582	0.4995093228655545	3794	3170893	1661
ENSG00000204542	2.753995730347088	0.16994907646076599	3.373439104804718	0.09128047193578696	0.015513031904389862	1475	2321	0.7106967615309127	0.5446516192345436	3796	3423475	1662
ENSG00000111052	1.141984924391447	0.15131372027531587	9.289035496050214	0.25134811021194475	0.038032417640339475	3364	436	0.33994111874386657	0.914622178606477	3800	1466704	1663
ENSG00000183196	2.2423787071936965	0.1748156653048381	3.6172829968715123	0.09787854139991757	0.01711070233389373	1754	2049	0.655937193326791	0.5980372914622178	3803	3593946	1664
ENSG00000180543	1.0983958729319854	0.13448911635368888	13.139671237971335	0.355540845535002	0.047816374143645805	3553	251	0.3028459273797841	0.9509322865554465	3804	891803	1665
ENSG00000106333	9.79069947553541	0.1776437778486108	2.1864199308784387	0.059161418641332716	0.01050965791032957	340	3464	0.9334641805691855	0.32031403336604514	3804	1177760	1666
ENSG00000237541	1.340961187924467	0.09165038541841887	10.289391239014387	0.27841631612424045	0.025516962679562986	2755	1051	0.4594700686947988	0.7939156035328754	3806	2895505	1667
ENSG00000129538	1.1016132821127045	0.10948133080983193	15.61591917446656	0.4225445984562771	0.04626074496549927	3527	280	0.30794896957801765	0.9452404317958784	3807	987560	1668
ENSG00000176692	1.7618745866907195	0.16854333939337085	4.293030616709289	0.11616331243978126	0.01957855259359623	2141	1666	0.5799803729146222	0.6732090284592738	3807	3566906	1669
ENSG00000157873	2.01216881495701	0.15014652810984325	4.456461353018057	0.12058551609474868	0.01810549658196014	1928	1879	0.6217860647693818	0.6314033366045142	3807	3622712	1670
ENSG00000211968	5.125156864582513	0.1462415376367809	3.1702254916140284	0.08578180012356927	0.012544862351321772	816	2992	0.8400392541707556	0.4129538763493621	3808	2441472	1671
ENSG00000102010	7.767186557921478	0.1805193700060695	2.2525336438001515	0.06095036183237053	0.011002720919621511	466	3349	0.9087340529931305	0.3428851815505397	3815	1560634	1672
ENSG00000079819	2.3197552720794143	0.19206316663530815	3.2297331680373165	0.08739199334744674	0.016784782980882405	1706	2110	0.6653581943081452	0.5860647693817468	3816	3599660	1673
ENSG00000135424	3.14975781291342	0.16184722675474075	3.3448251634855555	0.09050621931511983	0.014648180600208496	1306	2511	0.7438665358194307	0.507360157016683	3817	3279366	1674
ENSG00000112655	2.6739077083689784	0.20063393590248324	2.8765693505809105	0.07783588193516411	0.01561651934709297	1518	2300	0.7022571148184494	0.5487733071638862	3818	3491400	1675
ENSG00000126895	5.848027267032269	0.18360931868015956	2.401711915759041	0.06498691404034669	0.011932203010074152	683	3139	0.866143277723258	0.3841020608439647	3822	2143937	1676
ENSG00000153064	3.921202688208328	0.15902172633751807	3.1506562565577143	0.085252284411008	0.013556965441255573	1067	2755	0.790775269872424	0.4594700686947988	3822	2939585	1677
ENSG00000177494	5.056590950716598	0.16472996638091808	2.810484244135993	0.07604771279476755	0.012527337172027772	828	2997	0.8376840039254171	0.4119725220804711	3825	2481516	1678
ENSG00000137801	2.015044327276936	0.13521670024652366	4.914654437571339	0.13298357033446162	0.017981599567627394	1923	1902	0.6227674190382728	0.6268891069676152	3825	3657546	1679
ENSG00000140284	1.5686352050684262	0.16471467099368967	4.760892014451464	0.128822977505505	0.02121903435624674	2378	1451	0.5334641805691855	0.7154072620215898	3829	3450478	1680
ENSG00000078549	2.527092091869265	0.16867347949108102	3.5010917158719863	0.09473457032619803	0.015979209605012337	1586	2244	0.6889106967615309	0.5597644749754662	3830	3558984	1681
ENSG00000171522	4.741537255503889	0.20796452719707792	2.2596233267117234	0.06114219858469893	0.012715408420456759	889	2943	0.825711481844946	0.4225711481844946	3832	2616327	1682
ENSG00000262406	1.4604534169988617	0.15404204420922227	5.408627707330373	0.14634978557843847	0.02254402014008402	2527	1305	0.5042198233562316	0.744062806673209	3832	3297735	1683
ENSG00000172349	8.547111518021007	0.2131294810929555	1.8411558880928967	0.049819063914065036	0.010617911240541464	406	3428	0.9205103042198234	0.3273797841020608	3834	1391768	1684
ENSG00000242371	12.16616918389168	0.14695076818769903	2.504265218952967	0.06776186080040013	0.00995765749844673	239	3597	0.953287536800785	0.29421000981354273	3836	859683	1685
ENSG00000182742	1.44989517380203	0.11396339889247638	7.355963009044241	0.19904191365168253	0.022683493001808535	2546	1291	0.5004906771344455	0.746810598626104	3837	3286886	1686
ENSG00000253973	2.0903596066378003	0.18534359835694503	3.5022993589183558	0.09476724743219517	0.01756450264546601	1869	1968	0.6333660451422964	0.6139352306182532	3837	3678192	1687
ENSG00000254615	5.491795235847015	0.19685920392507217	2.27431851421996	0.06153982949169417	0.012114681843419593	749	3095	0.853189401373896	0.3927379784102061	3844	2318155	1688
ENSG00000169429	1.3592450043576345	0.15099907889721012	6.013851874429898	0.16272629212960277	0.02457152022392835	2719	1125	0.46653581943081457	0.7793915603532875	3844	3058875	1689
ENSG00000163637	2.2183596450749983	0.1816875750193865	3.455243389712253	0.0934939797243503	0.016986694455028897	1774	2070	0.6520117762512267	0.5939156035328754	3844	3672180	1690
ENSG00000168539	1.5234097911590534	0.154020038905777	5.171561201805843	0.13993510257033964	0.021552809942167607	2432	1415	0.5228655544651619	0.7224730127576056	3847	3441280	1691
ENSG00000078589	3.9421667026412823	0.13275335736970173	3.7397067577065637	0.10119115452794505	0.013433465499701001	1057	2791	0.7927379784102061	0.4524043179587831	3848	2950087	1692
ENSG00000186818	11.758409174870417	0.1434494162391993	2.5622693743182707	0.06933137087942914	0.009945544679717533	250	3601	0.9511285574092248	0.2934249263984299	3851	900250	1693
ENSG00000135324	1.9014007558762513	0.18549516516847062	3.6794995547637446	0.09956203310976776	0.01846827577620511	2028	1823	0.6021589793915604	0.6423945044160941	3851	3697044	1694
ENSG00000287952	1.3707384998192356	0.17594645129088074	5.0840258656013075	0.13756652067169875	0.02420434112861898	2693	1160	0.4716388616290481	0.7725220804710501	3853	3123880	1695
ENSG00000223547	1.9987094468737643	0.18042575959096568	3.668780512794814	0.0992719910549905	0.017911224392204213	1942	1915	0.6190382728164867	0.6243375858684985	3857	3718930	1696
ENSG00000172638	6.419240968679935	0.18164870769783414	2.315828878190231	0.06266304099654568	0.011382660417438925	602	3256	0.8820412168792934	0.3611383709519136	3858	1960112	1697
ENSG00000138083	1.6916143489408884	0.14842357710134743	4.948740780080663	0.1339058983605951	0.019874792429648982	2233	1625	0.5619234543670265	0.6812561334641806	3858	3628625	1698
ENSG00000211655	4.312723392244384	0.14518735969285124	3.3282224910276352	0.09005697457399028	0.013075134360323886	994	2868	0.8051030421982336	0.43729146221786064	3862	2850792	1699
ENSG00000140092	2.382778732373538	0.20860153564405376	2.889035130683979	0.0781731882435054	0.016307047113786916	1674	2189	0.6716388616290481	0.5705593719332679	3863	3664386	1700
ENSG00000166448	1.7354581377938278	0.16982053297462454	4.209287186936713	0.11389733414473074	0.01934210598884708	2173	1693	0.5736997055937194	0.667909715407262	3866	3678889	1701
ENSG00000185924	1.952840115957179	0.15988135876000767	4.180795158187704	0.11312638030509765	0.018086799394780383	1979	1887	0.6117762512266929	0.6298331697742885	3866	3734373	1702
ENSG00000250722	1.2810046030457711	0.12909817808591295	7.656130453359585	0.20716401846093763	0.026744497348263483	2908	960	0.4294406280667321	0.8117762512266928	3868	2791680	1703
ENSG00000169122	1.2985205380201226	0.14896398783846354	6.464410176288323	0.17491775999088627	0.026056447072013666	2857	1012	0.43945044160942104	0.8015701668302257	3869	2891284	1704
ENSG00000146373	2.0599026304636032	0.18229336153414613	3.550641088089904	0.09607530597894233	0.017513890487323047	1892	1977	0.6288518155053975	0.6121687929342492	3869	3740484	1705
ENSG00000121440	1.1672513462697975	0.15708561257038622	7.706780863934957	0.2085345466481743	0.03275777700231624	3266	606	0.35917566241413146	0.8812561334641805	3872	1979196	1706
ENSG00000150048	4.638013361871456	0.18917581640835712	2.4692825877126507	0.0668152804739245	0.01263983523220803	908	2964	0.8219823356231599	0.41844946025515206	3872	2691312	1707
ENSG00000286288	4.471600552122581	0.20508784860420845	2.312189720997275	0.06256457057046079	0.012831233177141977	954	2918	0.8129538763493621	0.42747791952895	3872	2783772	1708
ENSG00000126709	4.417250773852633	0.10939447505840444	4.359859412851581	0.11797160476735895	0.012905441775322794	971	2902	0.8096172718351324	0.4306182531894014	3873	2817842	1709
ENSG00000234745	4.504417314766053	0.1411240559394125	3.3411818620097526	0.09040763675062594	0.01275869238614542	942	2932	0.8153091265947007	0.424730127576055	3874	2761944	1710
ENSG00000152661	1.0595765158496215	0.13315490135523175	20.28121296808641	0.5487808238543251	0.07307285646596548	3816	60	0.2512266928361139	0.9884200196270854	3876	228960	1711
ENSG00000136999	1.7039878739728291	0.17953483736283826	4.047197470161316	0.10951141657410579	0.019661114364006114	2221	1655	0.5642787046123651	0.6753680078508342	3876	3675755	1712
ENSG00000130487	1.2955320281340257	0.14159293676167592	6.817070421034036	0.18446024544068435	0.026118267867726037	2867	1010	0.4374877330716389	0.8019627085377822	3877	2895670	1713
ENSG00000112837	1.2300933401733423	0.16992577944740153	6.185436482426091	0.16736912797403877	0.028440329526420435	3038	840	0.4039254170755643	0.8353287536800785	3878	2551920	1714
ENSG00000168490	2.403675514655885	0.19323573993332496	3.0807273196095846	0.0833601066753845	0.016108151894338826	1659	2220	0.6745829244357213	0.5644749754661433	3879	3682980	1715
ENSG00000117152	1.2128133902807785	0.12201581780481167	8.888683206758573	0.240515145758825	0.029346652204206514	3101	781	0.3915603532875368	0.8469087340529932	3882	2421881	1716
ENSG00000237940	1.4081547561450691	0.15698029812008266	5.4187679043406884	0.14662416491058802	0.023017105119272272	2613	1271	0.48734052993130517	0.7507360157016683	3884	3321123	1717
ENSG00000171954	1.1662741545382251	0.14755047296944834	8.147762905254039	0.2204668944974303	0.032529994557201306	3269	617	0.3585868498527969	0.8790971540726202	3886	2016973	1718
ENSG00000223648	5.271767309007717	0.14666579462263718	3.050794080221321	0.0825501557223538	0.01210728418524146	788	3098	0.8455348380765456	0.3921491658488715	3886	2441224	1719
ENSG00000095637	1.6565461336661278	0.16496128378655847	4.470572301804053	0.12096733833153159	0.019954927427412415	2271	1615	0.5544651619234544	0.6832188420019627	3886	3667665	1720
ENSG00000042980	1.396513284223878	0.13766865659669072	6.242991129487467	0.16892647499665953	0.023255880876404584	2640	1247	0.48204121687929347	0.7554465161923454	3887	3292080	1721
ENSG00000122420	1.432484672212804	0.18482263279172376	4.476975624400648	0.12114060314835956	0.022389525211857195	2572	1315	0.49538763493621196	0.7421000981354269	3887	3382180	1722
ENSG00000165072	2.958274745680315	0.18811780299719918	2.909568183362267	0.07872878349230862	0.014810285783215261	1399	2489	0.725613346418057	0.5116781157998037	3888	3482111	1723
ENSG00000154493	3.4264553427781865	0.18944471358268156	2.7048492052378146	0.0731893786425822	0.013865340874238415	1219	2672	0.7609421000981355	0.47576054955839053	3891	3257168	1724
ENSG00000182107	1.6247136947500134	0.16505399554519937	4.511346226963421	0.12207062284789373	0.020148244039735964	2304	1587	0.5479882237487733	0.6887144259077527	3891	3656448	1725
ENSG00000085276	2.5823944314328555	0.15702621727792826	3.6438170594607	0.09859651545555269	0.015482237858770228	1563	2329	0.6934249263984298	0.5430814524043179	3892	3640227	1726
ENSG00000239819	13.134802924574535	0.15157006111346275	2.311144037591678	0.06253627586236235	0.009478627154266627	202	3692	0.960549558390579	0.2755642787046124	3894	745784	1727
ENSG00000164128	1.1028283189299701	0.10585947086175683	14.427742540270478	0.3903942259305007	0.04132692618448795	3522	372	0.30893032384690877	0.9271835132482826	3894	1310184	1728
ENSG00000143119	24.893032001283355	0.16467821262111815	1.936553214929864	0.05240038011529375	0.008629200938053756	14	3881	0.9974484789008832	0.23846908734052996	3895	54334	1729
ENSG00000154240	2.312459623983836	0.17360924752734844	3.4769331369684138	0.09408087348593931	0.016333309652609592	1710	2185	0.6645731108930324	0.5713444553483807	3895	3736350	1730
ENSG00000169347	1.0750917892227674	0.15138131694231338	12.342768099735613	0.33397777820657093	0.05055799589437856	3693	205	0.27536800785083415	0.9599607458292444	3898	757065	1731
ENSG00000131711	1.5989439940442507	0.15086471884927213	4.980451388742198	0.13476394240231895	0.020331124281545352	2339	1560	0.5411187438665358	0.6940137389597645	3899	3648840	1732
ENSG00000168874	3.486588218894951	0.17530182233118552	2.8940649181159794	0.07830928714918174	0.013727760742707647	1197	2704	0.7652600588812561	0.4694798822374877	3901	3236688	1733
ENSG00000168487	6.583042872925881	0.16993752089113656	2.417931277537289	0.06542578693878054	0.011118296034728067	585	3324	0.8853778213935231	0.3477919528949951	3909	1944540	1734
ENSG00000254164	2.086221052371883	0.17175818231193024	3.6960731752851745	0.10001049174674924	0.01717762027454395	1873	2036	0.6325809617271836	0.6005888125613346	3909	3813428	1735
ENSG00000149573	2.441118251868112	0.18381100677599668	3.158587072800219	0.08546688103687292	0.01570975344939195	1627	2283	0.6808635917566241	0.55210991167811585	3910	3714441	1736
ENSG00000125910	15.440617929240384	0.184870883828472	1.8296533544883278	0.049507821688175475	0.009152554751915395	141	3772	0.97252208047105	0.25986261040235525	3913	531852	1737
ENSG00000143147	4.3142471080104645	0.2081247247120289	2.2755101025257263	0.061572072179208105	0.01281467057224686	993	2920	0.8052993130520117	0.42708537782139355	3913	2899560	1738
ENSG00000254395	13.572974254154127	0.15218260787894242	2.270258254323827	0.06142996462442175	0.009348572218455678	186	3730	0.9636898920510304	0.2681059862610402	3916	693780	1739
ENSG00000155011	1.5021196547101912	0.1596989309427922	4.912706331117234	0.1329308573400997	0.021228915806522745	2467	1448	0.5159960745829244	0.7159960745829244	3915	3572216	1740
ENSG00000131042	12.443144434858523	0.16727636663870563	2.1034352761672266	0.05691597172199185	0.00952069695336611	230	3686	0.955053974484789	0.2767419038272817	3916	847780	1741
ENSG00000211685	3.019150168166184	0.13279859781008635	4.013637830551044	0.10860334038050933	0.014422371320023167	1361	2561	0.7330716388616291	0.49754661432777236	3922	3485521	1742
ENSG00000159388	2.2728776137231255	0.18419666786313216	3.2798217765866706	0.08874731996961104	0.01634696062018556	1741	2182	0.6584887144259077	0.5719332679097153	3923	3798862	1743
ENSG00000241684	4.769142206121006	0.19444633047223317	2.3452525492801763	0.06345920375500431	0.012339409304850349	881	3043	0.8272816486751717	0.40294406280667316	3924	2680883	1744
ENSG00000231852	2.075269725668853	0.15489472844120666	4.090963084439978	0.11069565194987588	0.017146172948398354	1880	2044	0.631207065750736	0.5990186457311089	3924	3842720	1745
ENSG00000173175	1.1906981975640754	0.14918762667988628	7.350177425207013	0.19888536396850193	0.02967123543182617	3172	753	0.3776251226692836	0.8524043179587831	3925	2388516	1746
ENSG00000145824	1.051601184809149	0.14152892532240247	21.26562000705696	0.5754174804835084	0.08143821762455544	3893	34	0.2361138370951914	0.9935230618253189	3927	132362	1747
ENSG00000165118	2.8524590373337118	0.17763850475607465	3.0810109962127843	0.08336778256144996	0.014809328239045525	1436	2490	0.718351324828263	0.5114818449460254	3926	3575640	1748
ENSG00000237125	1.9573714291439444	0.19442131857017586	3.3709139094800187	0.09121214373604555	0.017733585254774382	1976	1952	0.6123650637880275	0.6170755642787047	3928	3857152	1749
ENSG00000172551	1.0653161953288632	0.11686616756571155	17.096462958706088	0.4626060109046288	0.05406299158728573	3770	162	0.2602551521099117	0.9684003925417075	3932	610740	1750
ENSG00000071054	2.8268438747619165	0.1996583731291787	2.7438893178354666	0.07424574865301588	0.01482378538781906	1446	2486	0.7163886162904809	0.5122669283611383	3932	3594756	1751
ENSG00000158220	4.789147023356802	0.1945766729795782	2.3313956676791117	0.06308425621547352	0.012274724691798114	877	3056	0.8280667320902846	0.40039254170755645	3933	2680112	1752
ENSG00000156140	2.981419868365993	0.21155562490294397	2.5282959876853135	0.06841209927891427	0.014472964413872951	1384	2552	0.7285574092247301	0.4993130520117762	3936	3531968	1753
ENSG00000107954	1.1607027444217954	0.14337034688997813	8.24480291932366	0.22309265948257984	0.03198487197862524	3295	642	0.35348380765456333	0.8741903827281648	3937	2115390	1754
ENSG00000166148	1.5199234997339215	0.12468467623620792	6.185986493788538	0.1673840105004975	0.02087022115637256	2442	1499	0.5209028459273798	0.7059862610402355	3941	3660558	1755
ENSG00000182218	3.5026761366160213	0.1803639654263141	2.778462727540809	0.07518125602584443	0.013559989462552274	1192	2752	0.7662414131501472	0.4600588812561335	3944	3280384	1756
ENSG00000174004	1.9958476772292852	0.15397380259187596	4.176361082175413	0.1130064005045361	0.017400025202903912	1943	2003	0.6188420019627086	0.6070657507360158	3946	3891829	1757
ENSG00000100170	1.1062447693389559	0.13292040716198664	10.51795216402667	0.28460085020149306	0.03782926088743002	3504	443	0.3124631992149166	0.9132482826300294	3947	1552272	1758
ENSG00000090534	1.8828547619457825	0.16609699122601781	3.998526082891709	0.10819443794733542	0.0179707706104425	2043	1905	0.5992149165848871	0.6263002944062807	3948	3891915	1759
ENSG00000133561	5.18844572129343	0.18134321573711867	2.427984058953351	0.0656978009290786	0.011913850487336177	806	3147	0.8420019627085378	0.382531894013739	3953	2536482	1760
ENSG00000123388	2.455710913578109	0.09242793102354513	6.179664234007132	0.1672129391283404	0.015455146003998497	1615	2339	0.6832188420019627	0.5411187438665358	3954	3777485	1761
ENSG00000197859	1.1783458281574535	0.12993609059676903	8.613389114768129	0.23306607854364064	0.030283695096680177	3232	723	0.3658488714425908	0.8582924435721295	3955	2336736	1762
ENSG00000153162	1.7038442831610245	0.18473813769120184	3.81200036926791	0.1031473170007946	0.019055243250570838	2223	1732	0.5638861629048086	0.6602551521099117	3955	3850236	1763
ENSG00000118308	3.5233430279435822	0.17804553202916765	2.802169875940965	0.07582273779770621	0.013499899691100681	1188	2769	0.76702649656526	0.4567222767419038	3957	3289572	1764
ENSG00000159212	1.0540206953422238	0.12131109128770362	20.215415770647727	0.5470004451228102	0.06635722093270774	3873	86	0.24003925417075567	0.9833169774288518	3959	333078	1765
ENSG00000162755	2.1467642402260365	0.1762992132438001	3.481572700022976	0.09420641347407578	0.01660851657799969	1823	2136	0.6423945044160941	0.5809617271835132	3959	3893928	1766
ENSG00000181631	1.4845709953545818	0.14324179234867002	5.44705437319226	0.14738955659128883	0.02111234425961194	2493	1468	0.5108930323846909	0.7120706575073601	3961	3659724	1767
ENSG00000230314	1.9724767165429216	0.15473897125496597	4.1594132527599115	0.11254781630625285	0.01741553331222245	1964	1997	0.614720314033366	0.6082433758586849	3961	3922108	1768
ENSG00000225783	1.6015813429818322	0.1503647189591461	4.881950137470124	0.1320986384134091	0.01986297463991812	2335	1627	0.5419038272816487	0.6808635917566241	3962	3799045	1769
ENSG00000153404	1.278672708361156	0.1431075315289679	6.629369587660564	0.17938132742237234	0.025670818969805265	2918	1045	0.42747791952895	0.7950932286555447	3963	3049310	1770
ENSG00000235505	2.0610188342077826	0.17070025644695236	3.6731088136550616	0.09938910873013714	0.016965746348268442	1889	2076	0.6294406280667321	0.592737978410206	3965	3921564	1771
ENSG00000198959	1.132982143980403	0.1285412923258001	9.704412022662915	0.26258760919274826	0.03375335063437801	3401	567	0.3326790971540726	0.8889106967615309	3968	1928367	1772
ENSG00000171811	1.6649192098143357	0.1653132306067421	4.302071634054719	0.11640794953102	0.019243774205279507	2262	1706	0.5562315996074583	0.6653581943081452	3968	3858972	1773
ENSG00000145335	1.677516745147987	0.19293590972524782	3.670575421207329	0.09932055872788625	0.019162502352584636	2248	1720	0.5589793915603534	0.6626104023552503	3968	3866560	1774
ENSG00000112414	1.8752849239078693	0.1852117744418875	3.5690952156812	0.09657464846693849	0.017886762008663185	2049	1919	0.5980372914622178	0.6235525024533857	3968	3932031	1775
ENSG00000147138	19.422008847720416	0.17147894549105644	1.8331212452652141	0.04960165788823763	0.00850563998928313	55	3915	0.9894013738959765	0.2317958783120706	3970	215325	1776
ENSG00000116176	1.2153363768240404	0.17136039211561283	5.985467668089132	0.1619582558112303	0.027753230222173155	3088	882	0.3941118743866536	0.8270853778213936	3970	2723616	1777
ENSG00000212766	1.569389352686588	0.16396134752542169	4.523973046787224	0.12241228666240375	0.020070883474835922	2376	1596	0.5338567222767419	0.6869479882237488	3972	3792096	1778
ENSG00000187479	2.7437527276803655	0.1578880189054669	3.461638085345378	0.09366701110779695	0.014788898820606421	1483	2491	0.709126594700687	0.5112855740922473	3974	3694153	1779
ENSG00000241244	7.782126741666699	0.15324192199838266	2.4892064855243423	0.06735439285702972	0.010321516616445372	465	3511	0.9089303238469087	0.31108930323846906	3976	1632615	1780
ENSG00000133574	7.042234188191523	0.15748480986686247	2.482355744756413	0.06716902153981351	0.010578100586140721	534	3443	0.895387634936212	0.32443572129538767	3977	1838562	1781
ENSG00000248994	1.634877637465724	0.16816318810417816	4.261330243754918	0.11530554536175867	0.019390148114124272	2292	1688	0.5503434739941119	0.6688910696761531	3980	3868896	1782
ENSG00000132514	6.300344565053769	0.16491212561629637	2.452727486083469	0.06636732293187066	0.01094477629615796	619	3362	0.8787046123650638	0.340333660451423	3981	2081078	1783
ENSG00000211642	2.8835006377596244	0.13076499160957228	4.082397909286965	0.11046389047267412	0.014444809710819942	1425	2556	0.7205103042198233	0.4985279685966634	3981	3642300	1784
ENSG00000270547	1.3783252220114155	0.15197057904668926	5.4845555080376425	0.14840428404907477	0.022553084979947242	2679	1303	0.4743866535819431	0.7444553483807654	3982	3490737	1785
ENSG00000115523	6.331716711332997	0.15468307726579675	2.606816205521886	0.07053674487587044	0.010910840757712061	615	3369	0.8794896957801767	0.33895976447497544	3984	2071935	1786
ENSG00000179388	1.2963743865992303	0.15303721564703493	5.942335950017869	0.16079117276670796	0.024607033380838337	2864	1121	0.4380765456329735	0.7801766437684003	3985	3210544	1787
ENSG00000197594	2.062690738180055	0.16139309171883542	3.8700230416663413	0.1047173281244461	0.016900653342540116	1888	2097	0.6296368989205103	0.5886162904808636	3985	3959136	1788
ENSG00000185905	17.516526857236855	0.17109611891971638	1.8485589670754825	0.05001938071905668	0.00855812191179829	86	3901	0.9833169774288518	0.2345436702649657	3987	335486	1789
ENSG00000048462	18.969782092732864	0.1623698708683478	1.9225612997843475	0.05202177875979598	0.008446769499569831	61	3927	0.9882237487733072	0.22944062806673204	3988	239547	1790
ENSG00000184113	6.11822235623933	0.17949935174484108	2.261011206886644	0.06117975265146025	0.010981725940846837	644	3354	0.8737978410206084	0.3419038272816487	3998	2159976	1791
ENSG00000196132	1.2770823410534926	0.14030768067900526	6.635409594595817	0.17954476143330797	0.025191509054772753	2928	1075	0.42551521099116785	0.7892051030421983	4003	3147600	1792
ENSG00000206503	3.606101773127528	0.14864041614584325	3.286078400629173	0.08891661533187531	0.013216602705209812	1166	2838	0.7713444553483808	0.44317958783120703	4004	3309108	1793
ENSG00000026103	2.46303305434757	0.20452663362540233	2.7474829630859037	0.07434298759056257	0.015205120985552822	1612	2392	0.6838076545632974	0.5307163886162904	4004	3855904	1794
ENSG00000239445	5.877332565493642	0.18414556651602115	2.2233531344116413	0.060160778684266225	0.011078340672859174	676	3331	0.8675171736997056	0.34641805691854755	4007	2251756	1795
ENSG00000113296	2.5195365055017764	0.17349000389985653	3.2107425757859294	0.08687813488752144	0.015072487960448357	1590	2419	0.688125613346418	0.5254170755642786	4009	3846210	1796
ENSG00000121068	1.9001791440432543	0.1314747165231907	4.916007595545727	0.1330201848677816	0.01748879109735401	2029	1981	0.6019627085377821	0.6113837095191363	4010	4019449	1797
ENSG00000156127	1.3234552575076028	0.13895733412605504	6.293060781161691	0.17028128867270134	0.023661833925507792	2805	1207	0.4496565260058881	0.763297350343474	4012	3385635	1798
ENSG00000214100	1.3613826511612082	0.17018738217584248	4.9168862750000155	0.1330439606861011	0.02264240338347325	2715	1297	0.4673209028459274	0.7456329735034347	4012	3521355	1799
ENSG00000211445	2.27108075633678	0.14595833936776156	3.994122916012635	0.10807529450402814	0.015774490512489716	1743	2271	0.6580961727183513	0.5544651619234544	4014	3958353	1800
ENSG00000140853	4.924221921009081	0.16017782175160633	2.729356809937607	0.07385251962527446	0.011829535724444222	854	3164	0.8325809617271835	0.3791952894995093	4018	2702056	1801
ENSG00000226777	3.616027839532254	0.13432066753448857	3.6063843356075074	0.0975836391020727	0.013107499544635026	1160	2859	0.7725220804710501	0.4390578999018646	4019	3316440	1802
ENSG00000206052	2.039002762212042	0.1686655870458554	3.6660581101421004	0.0991983267049849	0.016731344007662834	1903	2118	0.6266928361138371	0.5844946025515211	4021	4030554	1803
ENSG00000150556	1.4391491044722071	0.16060599203200346	4.862718005364958	0.13157824422802405	0.021132254444071037	2560	1463	0.4977428851815505	0.7130520117762512	4023	3745280	1804
ENSG00000169071	1.271688750928766	0.1288545230735706	7.17671334196816	0.19419167219283023	0.0250224753052663	2941	1086	0.422963689892051	0.7870461236506379	4027	3193926	1805
ENSG00000099769	2.5222710640800337	0.18490941703387206	3.0008847044937563	0.08119967888583883	0.015014585286118069	1588	2439	0.6885181550539745	0.5214916584887144	4027	3873132	1806
ENSG00000176170	3.8902471361459203	0.20509157494428326	2.283626408379403	0.061791687890558465	0.012672954587940231	1071	2957	0.7899901864573111	0.4198233562315996	4028	3166947	1807
ENSG00000251546	9.556821552837398	0.14484204071422127	2.42907122434805	0.06572721808089825	0.009520064397305964	349	3687	0.9316977428851816	0.27654563297350343	4036	1286763	1808
ENSG00000185222	1.1445084083723331	0.13645505881979086	8.402195386131147	0.22735147613910778	0.03102325904932823	3354	686	0.3419038272816487	0.8655544651619235	4040	2300844	1809
ENSG00000108511	2.0864818628305626	0.10826657658812967	5.600524141962808	0.1515422306091181	0.016406958516578092	1872	2169	0.6327772325809617	0.5744847890088323	4041	4060368	1810
ENSG00000070193	1.0683006159129416	0.1445984036699391	11.519199183648729	0.31169317279454967	0.04507033522091037	3743	299	0.2655544651619235	0.9415112855740922	4042	1119157	1811
ENSG00000112379	2.454277068612975	0.1689599317160324	3.2930204403739864	0.08910445706976264	0.015055082982101236	1617	2425	0.6828263002944063	0.5242394504416095	4042	3921225	1812
ENSG00000221867	1.7237228603347805	0.09016738130380575	7.507519912847081	0.2031428282597293	0.018316856854828537	2196	1846	0.5691854759568205	0.6378802747791953	4042	4053816	1813
ENSG00000196358	2.9098630503124423	0.16229603941675005	3.19327996470142	0.08640562142825822	0.01402329014114938	1414	2632	0.7226692836113837	0.48361138370951917	4046	3721648	1814
ENSG00000116852	1.4661671254082764	0.16112293102456504	4.726938245843227	0.12790423674088172	0.020608305514150722	2524	1522	0.5048086359175663	0.7014720314033366	4046	3841528	1815
ENSG00000137975	1.082254641743322	0.14724345747640333	9.905521706539389	0.2680293516652759	0.039465568444354004	3645	402	0.2847890088321884	0.9212953876349362	4047	1465290	1816
ENSG00000134028	3.095372946119346	0.16729775836165436	3.0273012480255934	0.0819144730426576	0.013704107717412782	1339	2710	0.7373895976447498	0.46830225711481843	4049	3628690	1817
ENSG00000150630	2.4296972135183066	0.15836367594894166	3.5221958396743176	0.0953056179487042	0.015092947996942229	1635	2414	0.6792934249263984	0.5263984298331698	4049	3946890	1818
ENSG00000131771	1.0653363183997424	0.1254718490252778	13.590388798155558	0.36773662270043683	0.046140594004534755	3768	282	0.2606476938174681	0.9448478900883219	4050	1062576	1819
ENSG00000211898	1.2702960536922503	0.14762467663603146	6.177806750262776	0.1671626782558212	0.024677336323128574	2943	1108	0.4225711481844946	0.7827281648675172	4051	3260844	1820
ENSG00000181444	2.8809902027306604	0.1666568445988601	3.113598222923907	0.08424954664280927	0.01404076360237508	1427	2627	0.720117762512267	0.4845927379784102	4054	3748729	1821
ENSG00000128510	1.7351741459515222	0.15797050454208156	4.234708402094216	0.11458519612909354	0.018101081245566277	2174	1882	0.5735034347399411	0.6308145240431796	4056	4091468	1822
ENSG00000123572	1.2593802443300763	0.14617565251803494	6.318943272482402	0.1709816321350343	0.024993351645937252	2969	1088	0.41746810598626105	0.7866535819430814	4057	3230272	1823
ENSG00000158458	2.8043465286824905	0.19370517423229391	2.719642312666239	0.07358965912357268	0.014254697742226763	1457	2600	0.7142296368989205	0.489892051030422	4057	3788200	1824
ENSG00000183813	8.377346591911731	0.16707993098938545	2.1494951987365956	0.05816228782222013	0.009717751035521313	416	3642	0.9185475956820413	0.2853778213935231	4058	1515072	1825
ENSG00000126970	1.2496572339193455	0.14979983894238832	6.231506052835778	0.16861570513112625	0.025258605471799953	2988	1070	0.41373895976447495	0.7901864573110893	4058	3197160	1826
ENSG00000138944	1.259388087288293	0.1503707804028013	6.127549498791094	0.1658027883956495	0.02493189468401434	2968	1091	0.4176643768400392	0.7860647693817469	4059	3238088	1827
ENSG00000103489	1.5818223101365758	0.12944790158174607	5.500233791224808	0.14882851612915857	0.019265539108444626	2356	1703	0.5377821393523061	0.6659470068694799	4059	4012268	1828
ENSG00000158966	1.8107819617336034	0.16611104471352123	3.9336011113921883	0.10643766041118458	0.01768047096776487	2108	1954	0.5864573110893032	0.6166830225711482	4062	4119032	1829
ENSG00000254709	17.983813919730924	0.15422958899968087	1.961686347884783	0.05308044700432766	0.008186575525396797	77	3988	0.9850834151128557	0.2174681059862611	4065	307076	1830
ENSG00000174827	1.326262930275841	0.14919296611977287	5.6953465422939535	0.15410799011548754	0.022991828148086223	2791	1273	0.4524043179587831	0.7503434739941119	4064	3552943	1831
ENSG00000224842	1.8853426874890644	0.18021297056584287	3.5401334733757945	0.09579098484545655	0.01726277793242736	2041	2025	0.5996074582924436	0.602747791952895	4066	4133025	1832
ENSG00000198848	1.1511651621223535	0.15156167776410995	7.28672158588416	0.19716833906290288	0.02988316427033646	3328	739	0.34700686947988224	0.8551521099116781	4067	2459392	1833
ENSG00000171451	1.3774632444147958	0.15067853445977886	5.3401697550988105	0.14449741060046586	0.02177265806251111	2683	1387	0.47360157016683024	0.7279685966633955	4070	3721321	1834
ENSG00000112782	1.7249133781413217	0.1606560650615481	4.164956307576628	0.11269780349852652	0.01810558565115284	2193	1878	0.569774288518155	0.6315996074582925	4071	4118454	1835
ENSG00000133687	1.1716290625784527	0.1330440410993221	8.020904873329876	0.21703429629033946	0.028875119835614374	3256	816	0.3611383709519136	0.8400392541707556	4072	2656896	1836
ENSG00000251169	2.442282547184738	0.18784908613668772	2.947556599814095	0.07975669609843133	0.014982222475371853	1624	2449	0.6814524043179588	0.5195289499509324	4073	3977176	1837
ENSG00000171992	2.745789162449121	0.1901961502455733	2.776521741581923	0.07512873570197212	0.014289196303332256	1480	2594	0.7097154072620215	0.4910696761530913	4074	3839120	1838
ENSG00000223808	1.0687882861345968	0.16537403555362587	9.661250154613777	0.2614197103326372	0.04323203247096812	3740	335	0.2661432777232581	0.9344455348380766	4075	1252900	1839
ENSG00000166780	1.7110506118469055	0.1709286625673302	3.9397561885074146	0.1066042080577921	0.018221714707367807	2210	1865	0.5664376840039254	0.6341511285574093	4075	4121650	1840
ENSG00000105246	5.216866358143682	0.14198902212209208	2.944547331213892	0.07967526956323263	0.011313013612597489	799	3278	0.8433758586849853	0.3568204121687929	4077	2619122	1841
ENSG00000154864	1.0528555480953634	0.14476666993661427	13.12273828267778	0.35508266380933756	0.05140413479190014	3886	192	0.23748773307163884	0.9625122669283611	4078	746112	1842
ENSG00000175471	4.419612862847261	0.18472272262267736	2.4096456966038247	0.06520159088413957	0.012044215387448202	969	3109	0.810009813542689	0.3899901864573111	4078	3012621	1843
ENSG00000157551	1.4394062197106312	0.1801726066851525	4.235115132861037	0.11459620168609126	0.020647096374000532	2558	1520	0.49813542688910695	0.701864573110893	4078	3888160	1844
ENSG00000113319	15.237844698476515	0.19467032403656545	1.5988058136923153	0.043261415034780246	0.008421713683101014	147	3934	0.9713444553483808	0.2280667320902846	4081	578298	1845
ENSG00000174946	12.330348422933866	0.17434981749748701	1.865435586498797	0.05047603807606861	0.008800488026558768	233	3849	0.9544651619234543	0.24474975466143278	4082	896817	1846
ENSG00000171209	1.327938978281812	0.13188019381507057	6.347971275753541	0.1717670886841593	0.022652676946717343	2786	1296	0.45338567222767423	0.745829244357213	4082	3610656	1847
ENSG00000115112	1.1806750249445939	0.12103957853348646	8.555481690818096	0.23149918587935148	0.02802056388968194	3219	864	0.36840039254170753	0.8306182531894014	4083	2781216	1848
ENSG00000126878	1.992133629232758	0.17825020949807016	3.442385523411272	0.09314606412025087	0.016603305443355393	1945	2140	0.6184494602551521	0.5801766437684004	4085	4162300	1849
ENSG00000196639	1.9836117964410387	0.17702946733153044	3.4702578288554085	0.09390024912725323	0.016623111085295645	1953	2133	0.6168792934249264	0.5815505397448479	4086	4165749	1850
ENSG00000092929	1.9453317873256821	0.19332871449054914	3.2224640199586245	0.0871953005225343	0.016857355359638664	1985	2103	0.6105986261040235	0.5874386653581943	4088	4174455	1851
ENSG00000138378	7.699651058295675	0.1806248238518853	2.015265646319823	0.05453022673806378	0.009849512599166136	477	3613	0.9065750736015702	0.2910696761530913	4090	1723401	1852
ENSG00000170099	1.0722468046191922	0.1199572988086852	12.675511459895421	0.3429813410411949	0.04114311521308218	3715	376	0.27105004906771346	0.9263984298331698	4091	1396840	1853
ENSG00000227051	1.166353846565291	0.13850009792632378	7.661344860187869	0.20730511290532025	0.028711778438014462	3268	826	0.35878312070657503	0.8380765456329735	4094	2699368	1854
ENSG00000203635	2.592000257042377	0.16193547187955235	3.3172033767693487	0.08975881298916187	0.01453513573674842	1557	2537	0.6946025515210992	0.5022571148184495	4094	3950109	1855
ENSG00000222009	4.123589951906228	0.18339874282145593	2.458119875746191	0.06651323333901982	0.012198443375366384	1025	3071	0.7990186457311089	0.3974484789008832	4096	3147775	1856
ENSG00000153012	1.5122838748129581	0.16556010352842576	4.400013963644572	0.11905812989287055	0.01971127631096441	2450	1648	0.5193326790971541	0.6767419038272817	4098	4037600	1857
ENSG00000162576	5.4510807598100754	0.17433019227133437	2.343811490995888	0.06342021076411575	0.011056057536396848	763	3336	0.850441609421001	0.34543670264965654	4099	2545368	1858
ENSG00000233593	2.3210123612930174	0.19190358154830306	2.9248210493671913	0.07914150438752793	0.01518753814108735	1705	2396	0.6655544651619234	0.5299313052011776	4101	4085180	1859
ENSG00000162520	2.0605005335530393	0.17771472665995575	3.357129046290417	0.09083914491246371	0.0161434538081426	1890	2211	0.6292443572129538	0.5662414131501472	4101	4178790	1860
ENSG00000163563	1.6111594189519025	0.10332177194225185	6.6971962255829824	0.1812166199315977	0.01872362227671827	2318	1785	0.5452404317958783	0.6498527968596663	4103	4137630	1861
ENSG00000198483	1.5516921377783726	0.17684742811368676	4.015265065620362	0.10864737105083215	0.01921400814165309	2392	1712	0.5307163886162904	0.664180569185476	4104	4095104	1862
ENSG00000163577	1.9624347298016438	0.16965262565326245	3.621166495547821	0.09798362335958022	0.016623178973973123	1973	2132	0.612953876349362	0.5817468105986261	4105	4206436	1863
ENSG00000174498	1.2031664552951047	0.15374492016892713	6.366496403503249	0.17226835233562277	0.026485384077472935	3132	974	0.38547595682041214	0.8090284592737979	4106	3050568	1864
ENSG00000185745	5.731620859611721	0.09085004375531315	4.373428820501703	0.11833877366998655	0.010751082765868378	702	3405	0.8624141315014721	0.33189401373895977	4107	2390310	1865
ENSG00000151490	4.294332506859311	0.12740206037517957	3.4909756738768984	0.09446084459446075	0.012034506226113942	997	3110	0.8045142296368989	0.3897939156035328	4107	3100670	1866
ENSG00000287354	1.3400634714802917	0.1661524501293347	4.920397455951818	0.133138968256825	0.02212136578356319	2758	1349	0.4588812561334642	0.7354268891069676	4107	3720542	1867
ENSG00000259207	1.3651941770677234	0.1476084096756785	5.417590648722321	0.14659231004524284	0.021638257756462286	2707	1400	0.4688910696761531	0.7254170755642787	4107	3789800	1868
ENSG00000226237	2.411552856113811	0.19354132238098434	2.855452621790618	0.07726449323958264	0.014953872194685448	1651	2456	0.676153091265947	0.5181550539744848	4107	4054856	1869
ENSG00000143387	16.810612273400306	0.18680370839160523	1.5993355184384057	0.04327574809303551	0.008084070227199973	94	4015	0.9817468105986261	0.21216879293424928	4109	377410	1870
ENSG00000106538	6.048331055101019	0.1781669327443562	2.190604355738574	0.059274643236218394	0.01056078137491303	656	3453	0.8714425907752699	0.32247301275760554	4109	2265168	1871
ENSG00000150054	1.5207392040510623	0.15705497883292455	4.599984249047401	0.1244690418606326	0.01954848273477605	2438	1671	0.5216879293424926	0.6722276741903828	4109	4073898	1872
ENSG00000160856	4.492049671732915	0.1343934957230571	3.2466966985377734	0.08785100239479353	0.011806603314610963	945	3168	0.8147203140333661	0.37841020608439646	4113	2993760	1873
ENSG00000269404	3.928417861995734	0.18840915281883258	2.411579966782604	0.0652539294885385	0.012294437573035376	1063	3052	0.7915603532875368	0.4011776251226693	4115	3244276	1874
ENSG00000230937	1.0900899720864543	0.1372325748456959	9.565568266511962	0.25883069430765504	0.03552000262893871	3599	517	0.2938174681059863	0.8987242394504416	4116	1860683	1875
ENSG00000170412	1.3764178698646472	0.12764030345530025	6.185995279155527	0.16738424822005313	0.021364976236444882	2685	1432	0.4732090284592738	0.7191364082433759	4117	3844920	1876
ENSG00000267369	11.483182846453012	0.16798350234210271	1.9263211089464138	0.05212351385684075	0.00875589041204923	261	3859	0.9489695780176644	0.24278704612365065	4120	1007199	1877
ENSG00000065328	11.158714506523111	0.2086205273045853	1.5631104537952578	0.04229554928291875	0.008823719794039585	279	3845	0.9454367026496565	0.24553483807654564	4124	1072755	1878
ENSG00000124343	1.6033023248465645	0.144175444926097	4.783534129586128	0.12943564098953614	0.01866144112896093	2331	1792	0.5426889106967615	0.6484789008832188	4123	4177152	1879
ENSG00000163235	1.6170473280622597	0.15493588878367257	4.424351536846038	0.11971667006466069	0.01854840867868989	2313	1811	0.5462217860647693	0.6447497546614327	4124	4188843	1880
ENSG00000105374	16.430924216852315	0.1748500631573035	1.7029337347606195	0.04607896871857718	0.008056910590666632	105	4021	0.9795878312070657	0.21099116781158	4126	422205	1881
ENSG00000280339	3.00566824232059	0.19115336149742995	2.624338544843364	0.07101087449641272	0.013573967362861409	1376	2749	0.7301275760549558	0.46064769381746806	4125	3782624	1882
ENSG00000231367	4.483472264640038	0.17794228000965057	2.4482386696077008	0.06624586193209815	0.01178793971340206	948	3178	0.8141315014720314	0.37644749754661433	4126	3012744	1883
ENSG00000138395	2.5361032491632125	0.1652730183143212	3.2413396070725073	0.08770604710674455	0.014495443129749711	1582	2545	0.6896957801766438	0.5006869479882238	4127	4026190	1884
ENSG00000170367	1.131024181730307	0.15098896351998098	7.415953206382916	0.20066516320635686	0.030298225007095645	3408	722	0.3313052011776251	0.8584887144259077	4130	2460576	1885
ENSG00000204219	1.4200691950446087	0.16439090006720394	4.600027754704611	0.12447021906193921	0.02046177134315423	2589	1543	0.4920510304219823	0.697350343473994	4132	3994827	1886
ENSG00000125508	1.8573529039770371	0.1520040296747327	4.133220009683727	0.11183906434268027	0.01699998845513911	2067	2065	0.59450441609421	0.5948969578017664	4132	4268355	1887
ENSG00000127252	1.6866101350622085	0.16582422509625702	4.012228697346597	0.10856521123694805	0.018002742025778368	2238	1896	0.5609421000981354	0.6280667320902846	4134	4243248	1888
ENSG00000147872	1.924362677919714	0.18967354941710118	3.2378336250218314	0.08761118021090276	0.016617523519223222	1999	2135	0.6078508341511286	0.5811579980372914	4134	4267865	1889
ENSG00000174788	3.350925715049448	0.19381873258898494	2.4783389755645375	0.06706033346924206	0.012997548840003184	1253	2885	0.7542688910696762	0.43395485770363096	4138	3614905	1890
ENSG00000175318	1.3707143610001356	0.16980095755555102	4.630169843639279	0.12528582118713194	0.021273652405708547	2694	1444	0.47144259077526984	0.7167811579980372	4138	3890136	1891
ENSG00000127863	1.3137278516619797	0.12823869853847855	6.454023989324268	0.17463672451989112	0.022395186269453644	2828	1314	0.44514229636898917	0.742296368989205	4142	3715992	1892
ENSG00000029153	2.208949494175706	0.18811540487777448	3.010119695458815	0.08144956462778467	0.015321917827074172	1780	2362	0.6508341511285574	0.536604514229637	4142	4204360	1893
ENSG00000255974	1.1856291832748487	0.1295043815497457	7.670918933595095	0.20756417373665842	0.026880469951649916	3198	947	0.37252208047105007	0.8143277723258096	4145	3028506	1894
ENSG00000138792	1.4371164753322416	0.10709004155481998	6.960133844883956	0.18833133854183762	0.02016841087052026	2566	1579	0.49656526005888124	0.6902845927379784	4145	4051714	1895
ENSG00000115705	1.9889122212685668	0.17246751373784966	3.4800263044286592	0.09416457020515547	0.016240329305476357	1948	2197	0.6178606476938175	0.5689892051030422	4145	4279756	1896
ENSG00000126882	12.59625527843262	0.16228518736819375	1.9235754960563494	0.052049221470770665	0.008446817658752631	222	3926	0.9566241413150147	0.2296368989205103	4148	871572	1897
ENSG00000123096	2.7122595319412888	0.18378937155741318	2.806738867134071	0.07594636821148282	0.013958135285656328	1503	2644	0.7052011776251227	0.4812561334641806	4147	3973932	1898
ENSG00000203952	1.5483081349238055	0.14043708149426978	4.988202523790519	0.13497367711021424	0.018955309291908414	2398	1749	0.5295387634936213	0.656918547595682	4147	4194102	1899
ENSG00000228630	2.1121442313758196	0.10207868188307562	5.665271986291514	0.15329421533554502	0.015648071441752794	1852	2295	0.636702649656526	0.5497546614327773	4147	4250340	1900
ENSG00000248779	1.1059339515126745	0.16758455442501732	7.032682487288999	0.19029440178717708	0.03189040253307929	3506	645	0.3120706575073602	0.8736015701668303	4151	2261370	1901
ENSG00000148288	1.2778280413622456	0.17197954084677353	5.049083011715746	0.13662101666395948	0.023496019715887148	2927	1224	0.425711481844946	0.7599607458292443	4151	3582648	1902
ENSG00000196218	1.6938270671803926	0.1693683806482221	3.899758993675388	0.10552194076114073	0.017872080229572027	2229	1924	0.5627085377821394	0.6225711481844947	4153	4288596	1903
ENSG00000259495	1.3454280348869492	0.13073309200135386	6.10020256492521	0.16506281919753377	0.02157917272815402	2744	1410	0.4616290480863592	0.7234543670264966	4154	3869040	1904
ENSG00000167850	3.4777483693883076	0.12524646194294783	3.740409895287827	0.1012101804324477	0.012676217011771445	1200	2955	0.7646712463199214	0.42021589793915604	4155	3546000	1905
ENSG00000173641	1.9054325658344786	0.15129588333566218	4.062763346311089	0.10993260707937431	0.01663235089546621	2024	2131	0.6029440628066732	0.5819430814524043	4155	4313144	1906
ENSG00000173530	1.2920819780231798	0.16965170256428874	4.995250384228663	0.13516438220579904	0.022930867567264063	2879	1277	0.43513248282630035	0.7495583905789991	4156	3676483	1907
ENSG00000122691	1.3124810173550348	0.15397838929414162	5.349829799705191	0.14475879769037517	0.022289726504520477	2830	1327	0.44474975466143274	0.7397448478900883	4157	3755410	1908
ENSG00000135111	1.4685722688942127	0.15995200817776487	4.570389658306499	0.12366825425912276	0.019780985616585107	2521	1638	0.5053974484789009	0.6787046123650637	4159	4129398	1909
ENSG00000102109	1.2213291421805048	0.13809382026832362	6.648530057657098	0.17989978253285707	0.02484304823540287	3066	1096	0.3984298331697743	0.7850834151128557	4162	3360336	1910
ENSG00000116741	2.306734749173025	0.20218351786533206	2.739201191861875	0.07411889462124918	0.014985618854813998	1716	2446	0.6633954857703631	0.5201177625122669	4162	4197336	1911
ENSG00000272620	1.6993322642353843	0.13484735225822883	4.875152269865419	0.13191469776891054	0.017788347718082072	2224	1939	0.5636898920510305	0.6196270853778214	4163	4312336	1912
ENSG00000109654	3.261813887647276	0.1664318491057856	2.8823834521288103	0.07799320326710071	0.01298055303742697	1280	2887	0.7489695780176644	0.43356231599607453	4167	3695360	1913
ENSG00000278727	5.653493104111223	0.19754107590510983	1.9772482139652159	0.05350152900281408	0.010568749601784331	722	3448	0.8584887144259077	0.32345436702649655	4170	2489456	1914
ENSG00000012223	1.0857884659963237	0.12287911749009459	10.33759246537517	0.2797205728644405	0.03437181713740615	3617	554	0.29028459273797846	0.8914622178606477	4171	2003818	1915
ENSG00000231817	4.487647789588894	0.17712513724726547	2.413318214258593	0.06530096399694967	0.011566442210338451	946	3225	0.8145240431795878	0.36722276741903825	4171	3050850	1916
ENSG00000158859	1.2146975860946447	0.1441596886598487	6.4416352792547	0.1743015036172179	0.025127250494401628	3091	1080	0.39352306182531893	0.7882237487733071	4171	3338280	1917
ENSG00000117322	1.8286549284985665	0.1645160480473779	3.8102422766609876	0.10309974551132021	0.01696156268621279	2093	2078	0.5894013738959765	0.5923454367026497	4171	4349254	1918
ENSG00000148357	2.1418793355839183	0.17862527194993205	3.194158383448671	0.08642939019221547	0.015438473327551279	1826	2346	0.6418056918547596	0.5397448478900884	4172	4283796	1919
ENSG00000197172	1.7183676231801726	0.0954434550266552	6.7846965158337085	0.18358425353649332	0.01752191544601237	2204	1972	0.5676153091265947	0.6131501472031403	4176	4346288	1920
ENSG00000272622	1.4941133574264214	0.1500347623939559	4.751187196005444	0.12856037889907332	0.019288525901399407	2478	1699	0.513837095191364	0.6667320902845928	4177	4210122	1921
ENSG00000132334	1.3721069416509641	0.15603948637332424	4.956386567203198	0.13411278250321132	0.02092688969789844	2691	1492	0.47203140333660454	0.707360157016683	4183	4014972	1922
ENSG00000177374	8.272172503486267	0.205338144384733	1.6537349731654438	0.0447477200914217	0.009188413809019967	421	3765	0.9175662414131501	0.2612365063788028	4186	1585065	1923
ENSG00000163040	1.7320049661404997	0.16496455289483264	3.8949202890787573	0.10539101228565433	0.01738578122083678	2182	2006	0.5719332679097153	0.6064769381746811	4188	4377092	1924
ENSG00000144724	3.0088193361018942	0.16349653061267605	3.004775684326568	0.08130496327497329	0.013293079417049172	1369	2821	0.7315014720314033	0.4465161923454367	4190	3861949	1925
ENSG00000110436	1.4854605775837386	0.16184813263467318	4.40351964747348	0.1191529887192548	0.019284688722051666	2492	1700	0.5110893032384691	0.6665358194308145	4192	4236400	1926
ENSG00000243063	12.317168247712347	0.1607246982138044	1.910882524537026	0.05170576768531441	0.008310393907135238	235	3959	0.9540726202158979	0.22315996074582922	4194	930365	1927
ENSG00000189056	1.5210440706858095	0.15602214811580428	4.472627443858214	0.12102294755724187	0.018882260249187204	2437	1757	0.5218842001962709	0.6553483807654563	4194	4281809	1928
ENSG00000139629	1.6209039131581888	0.14084395723380844	4.74688549019844	0.12844398084830283	0.018090558545538475	2310	1886	0.546810598626104	0.6300294406280667	4196	4356660	1929
ENSG00000120217	2.487469506764589	0.1337577931994618	3.9387445058996158	0.10657683336300137	0.014255482036821839	1602	2599	0.6857703631010794	0.49008832188420015	4201	4163598	1930
ENSG00000237438	1.609695622305196	0.13734489175023043	4.871783467676582	0.13182354276533648	0.01810529021123701	2321	1880	0.5446516192345436	0.631207065750736	4201	4363480	1931
ENSG00000128709	1.1881858269745798	0.1477314857740554	6.464941192014341	0.1749321285223968	0.025842983256231696	3180	1025	0.3760549558390579	0.7990186457311089	4205	3259500	1932
ENSG00000158806	3.6505226332448077	0.19052263356744584	2.371970630718185	0.06418215709938413	0.012228153598614205	1141	3064	0.7762512266928361	0.39882237487733074	4205	3496024	1933
ENSG00000188175	1.187859213264522	0.1583216862956361	6.036055099634187	0.16332707987533604	0.02585821870360525	3184	1023	0.37526987242394505	0.7994111874386653	4207	3257232	1934
ENSG00000162804	2.791469615241569	0.17914961115579534	2.803299083142731	0.07585329254112627	0.013589087863629562	1463	2745	0.7130520117762512	0.4614327772325809	4208	4015935	1935
ENSG00000158270	1.1342038469690183	0.13011253277468104	8.188347309570403	0.22156505084889788	0.028828389940301097	3394	817	0.33405299313052017	0.8398429833169774	4211	2772898	1936
ENSG00000171199	1.2276793436630218	0.14104936635192944	6.336711861492972	0.17146242492249203	0.024184666388482774	3051	1161	0.40137389597644746	0.7723258096172718	4212	3542211	1937
ENSG00000100097	1.7434439298379432	0.13902994782167938	4.554628823500957	0.12324178844946794	0.017134299417579976	2165	2047	0.5752698724239451	0.5984298331697743	4212	4431755	1938
ENSG00000121904	2.3082528892192764	0.1406353509841234	3.8740474191089356	0.10482622206347839	0.014742272532236941	1715	2498	0.6635917566241414	0.5099116781157997	4213	4284070	1939
ENSG00000169047	1.7246161140859104	0.15813466814895694	4.044040599954836	0.10942599614903362	0.01730404358789647	2195	2018	0.5693817468105986	0.6041216879293425	4213	4429510	1940
ENSG00000185201	1.3349997025270488	0.14131963370928	5.551461680378109	0.15021467006670186	0.021228282151586654	2766	1449	0.4573110893032385	0.7157998037291462	4215	4007934	1941
ENSG00000006756	1.3056545092062222	0.14436667417834256	5.604641846631089	0.15165364985035398	0.021893733055902503	2846	1371	0.44160942100098133	0.7311089303238469	4217	3901866	1942
ENSG00000133116	1.6246971090387123	0.1674759623356417	3.9573397776582744	0.10707999501174346	0.01793332521148745	2305	1912	0.547791952894995	0.6249263984298332	4217	4407160	1943
ENSG00000231292	8.247278109467912	0.14851183822797406	2.253211447459562	0.06096870223692168	0.009054574043579233	423	3795	0.9171736997055937	0.2553483807654563	4218	1605285	1944
ENSG00000275385	1.9220984732005326	0.17089839382684172	3.4858090357121094	0.09432104270228142	0.016119314701892845	2001	2217	0.6074582924435721	0.5650637880274779	4218	4436217	1945
ENSG00000187513	5.1922677714901875	0.15307800065779048	2.580320950829327	0.0698198209068114	0.010687878590699688	805	3414	0.8421982335623159	0.3301275760549558	4219	2748270	1946
ENSG00000133392	4.655328956880644	0.19805105169042822	2.0790806981892027	0.05625697142509465	0.011141752355658363	903	3316	0.822963689892051	0.3493621197252208	4219	2994348	1947
ENSG00000132031	1.7224223521617832	0.1656221063139347	3.8569788704029726	0.10436437137261512	0.017285047010862226	2198	2021	0.5687929342492639	0.6035328753680078	4219	4442158	1948
ENSG00000186086	2.038091056840277	0.11803117881311694	4.856699809012893	0.13141540038049876	0.015511114621108005	1904	2322	0.6264965652600589	0.5444553483807655	4226	4421088	1949
ENSG00000133083	1.1474081328547898	0.14206813217359768	7.211101042844691	0.1951221545484553	0.027720640042387102	3341	886	0.3444553483807654	0.8263002944062807	4227	2960126	1950
ENSG00000138646	2.3542598090569036	0.13260687090705914	4.039815398168148	0.10931166818841816	0.01449547827209685	1683	2544	0.6698724239450442	0.500883218842002	4227	4281552	1951
ENSG00000186810	22.008549127089754	0.16702134525293608	1.6054951232616361	0.04344241825299234	0.007255811137655485	28	4202	0.9947006869479882	0.17546614327772325	4230	117656	1952
ENSG00000240225	1.2901785599910622	0.10880236546309724	7.510310356768656	0.20321833370985257	0.022110635413101033	2882	1350	0.43454367026496565	0.7352306182531894	4232	3890700	1953
ENSG00000147862	2.5476620009935305	0.18931521485655628	2.7180098285583014	0.07354548642171838	0.013923279563657557	1576	2656	0.6908734052993131	0.47890088321884206	4232	4185856	1954
ENSG00000166292	1.4950857160391764	0.17001821699334027	4.107422997132464	0.1111410338144698	0.018896000403932696	2476	1756	0.5142296368989205	0.6555446516192345	4232	4347856	1955
ENSG00000206190	1.075262030489807	0.11822421103508851	10.846997523170494	0.2935043503797384	0.03469932025901075	3692	541	0.2755642787046124	0.8940137389597644	4233	1997372	1956
ENSG00000007314	2.7174316704761536	0.15480233309008393	3.253330869630028	0.08803051364411214	0.013627328895227026	1498	2736	0.7061825318940138	0.4631992149165849	4234	4098528	1957
ENSG00000157502	1.1423391318622051	0.13802721603506252	7.455132029988035	0.20172528653968474	0.027843579704947954	3360	875	0.3407262021589794	0.828459273797841	4235	2940000	1958
ENSG00000107551	4.450195374705039	0.19791669118447705	2.114325872482878	0.0572106557937864	0.011322943695200234	960	3275	0.8117762512266928	0.3574092247301276	4235	3144000	1959
ENSG00000118777	1.970286546780189	0.17877229148589002	3.265235627362305	0.08835263948374437	0.015795003819335705	1967	2269	0.6141315014720314	0.5548577036310107	4236	4463123	1960
ENSG00000172379	1.3139844896846233	0.12040379805570901	6.621971090935363	0.17918113460675877	0.021574089146585	2827	1411	0.44533856722276743	0.7232580961727184	4238	3988897	1961
ENSG00000152217	1.4505689610720187	0.15952082193697523	4.476180226239707	0.12111908080357968	0.01932101532203795	2542	1696	0.5012757605495584	0.6673209028459274	4238	4311232	1962
ENSG00000184785	1.162325911629716	0.1791151089085543	5.540074052925384	0.1499065370381159	0.02685052570768636	3288	951	0.35485770363101077	0.8135426889106967	4239	3126888	1963
ENSG00000147251	5.26644564675617	0.19835216990591298	1.9680761197384666	0.05325334515729432	0.010562916566697871	791	3450	0.844946025515211	0.3230618253189401	4241	2728950	1964
ENSG00000233041	1.2040880987507683	0.17562808174628913	5.188015035241248	0.14038031993886943	0.024654726305793982	3130	1112	0.38586849852796856	0.7819430814524043	4242	3480560	1965
ENSG00000189157	4.693348908067148	0.19963019420396452	2.0364519472813662	0.055103497957807716	0.011000321998634916	896	3350	0.8243375858684985	0.34268891069676155	4246	3001600	1966
ENSG00000249599	1.545379407068383	0.13869183916456498	4.892245007894215	0.13237720298850117	0.018359637745936176	2403	1843	0.52855740922473	0.6384690873405299	4246	4428729	1967
ENSG00000270930	3.0392163103906538	0.17112381140428948	2.7990141472755043	0.07573734826111304	0.0129604637000957	1355	2893	0.7342492639842984	0.43238469087340525	4248	3920015	1968
ENSG00000106003	2.1571779435651743	0.16201534935115278	3.4318291342806244	0.09286042322031261	0.015044813908934848	1818	2430	0.6433758586849853	0.5232580961727183	4248	4417740	1969
ENSG00000178662	1.2977974085205843	0.1492446452269255	5.387733697445995	0.14578442334019306	0.02175754454101903	2860	1389	0.43886162904808634	0.727576054955839	4249	3972540	1970
ENSG00000197168	3.1451424862253905	0.18599881654409556	2.5281056232579746	0.06840694828782552	0.01272361142492869	1308	2942	0.7434739941118744	0.42276741903827286	4250	3848136	1971
ENSG00000147650	1.948342229978479	0.1720898408600783	3.3810042602515042	0.09148517429975338	0.015743669086301086	1981	2275	0.6113837095191363	0.5536800785083416	4256	4506775	1972
ENSG00000214530	3.0570587754981036	0.17434269029491622	2.7329198854048005	0.0739489313878953	0.012892455642599839	1351	2906	0.7350343473994112	0.42983316977428854	4257	3926006	1973
ENSG00000166928	1.2582003793234087	0.10685772936914455	7.862380331390538	0.21274484728827578	0.02273343131621056	2971	1289	0.4170755642787046	0.7472031403336605	4260	3829619	1974
ENSG00000101447	8.60601185365431	0.20022788300478014	1.6135374017317101	0.04366003088846034	0.008741955556719725	400	3861	0.9216879293424927	0.24239450441609423	4261	1544400	1975
ENSG00000135272	1.5854362464523142	0.16086561084828083	4.12429194586912	0.11159748361359303	0.017952197370631653	2351	1911	0.5387634936211972	0.6251226692836114	4262	4492761	1976
ENSG00000156113	1.1682123291429445	0.1373131587726152	7.043073798345272	0.1905755759088315	0.026168534312951963	3261	1002	0.3601570166830226	0.8035328753680079	4263	3267522	1977
ENSG00000006377	3.6676006246153054	0.13113352758884836	3.371771199724539	0.09123534079272112	0.011964012078920278	1132	3131	0.7780176643768401	0.3856722276741904	4263	3544292	1978
ENSG00000196739	1.3368194566513147	0.14385856804532315	5.363830638349856	0.14513764050308864	0.020879293132251227	2765	1498	0.45750736015701665	0.7061825318940138	4263	4141970	1979
ENSG00000221866	1.3371756447737313	0.14905022600615556	5.172673386810602	0.13996519671728	0.020861844203706605	2764	1501	0.4577036310107949	0.7055937193326791	4265	4148764	1980
ENSG00000175920	1.3694165589251943	0.14311655741880655	5.236981938118756	0.14170529479836122	0.020280373959558572	2696	1569	0.4710500490677134	0.6922473012757606	4265	4230024	1981
ENSG00000196368	1.385119226130705	0.17666606196474152	4.188988188644842	0.11334807207526974	0.020024757524833594	2664	1602	0.47733071638861624	0.6857703631010794	4266	4267728	1982
ENSG00000165863	1.105452922497323	0.13168442213345619	8.299958014559692	0.22458507804013955	0.029574356221512936	3508	759	0.31167811579980376	0.8512266928361139	4267	2662572	1983
ENSG00000180044	5.544744889895315	0.1459310124560673	2.5927283114709847	0.07015554646748179	0.010237869925408294	740	3529	0.8549558390579	0.3075564278704612	4269	2611460	1984
ENSG00000015285	17.911659967379077	0.16961775487149588	1.584814793325492	0.04288283789072334	0.007273690685542808	79	4196	0.9846908734052993	0.17664376840039253	4275	331484	1985
ENSG00000134138	1.9771042916859258	0.18773753597569026	3.05867064472683	0.08276328437325238	0.015537775077489753	1959	2315	0.6157016683022571	0.545829244357213	4274	4535085	1986
ENSG00000253522	2.0991964566873813	0.17975073243935483	3.1018797249707553	0.08393246072831367	0.015086921291351767	1861	2417	0.6349362119725221	0.5258096172718352	4278	4498037	1987
ENSG00000129465	1.1930370191549795	0.1447230240075088	6.292193371008135	0.17025781778565738	0.02464022625085975	3164	1115	0.3791952894995093	0.7813542688910697	4279	3527860	1988
ENSG00000138356	1.1792893402143498	0.16153484664903983	5.836813955875967	0.15793589744510533	0.025512150974173572	3228	1052	0.36663395485770367	0.7937193326790972	4280	3395856	1989
ENSG00000253451	6.3905971880686145	0.13604493688816977	2.596298261582964	0.0702521442482286	0.009557448530508859	608	3678	0.8808635917566241	0.2783120706575074	4286	2236224	1990
ENSG00000186526	1.0821666738622697	0.13674798205411393	8.6546332056148	0.23418208507587196	0.03202392756735032	3647	640	0.28439646712463196	0.8745829244357213	4287	2334080	1991
ENSG00000263618	1.5561512797565888	0.15749659247521347	4.222877044778058	0.11426505640049384	0.01799635702206586	2389	1899	0.5313052011776251	0.6274779195289499	4288	4536711	1992
ENSG00000197565	1.2581115418310147	0.16258574465552922	5.086635761821645	0.13763714075740197	0.02237783702230009	2972	1317	0.41687929342492636	0.7417075564278705	4289	3914124	1993
ENSG00000238117	1.2799814872037543	0.14500779558623983	5.572345837848236	0.15077976571260793	0.021864241444994985	2912	1379	0.42865554465161926	0.7295387634936212	4291	4015648	1994
ENSG00000092969	1.487693403152822	0.16304411840950858	4.209938353609471	0.11391495379024724	0.01857316321439077	2486	1806	0.5122669283611383	0.6457311089303239	4292	4489716	1995
ENSG00000243244	3.8486760585269586	0.21037974228306722	2.0411186137854496	0.05522977132680167	0.011619225058085271	1082	3214	0.7878312070657507	0.36938174681059865	4296	3477548	1996
ENSG00000124143	1.0645455103758197	0.13521383248154623	9.727376256942204	0.2632089887634279	0.03558949611429532	3784	515	0.2575073601570167	0.8991167811579981	4299	1948760	1997
ENSG00000011201	1.276215727526943	0.1440614785801277	5.625233459335769	0.1522108296503169	0.02192771717533259	2932	1367	0.424730127576055	0.7318940137389598	4299	4008044	1998
ENSG00000254122	3.1693153213614664	0.17580765250340863	2.6267419879967426	0.07107590825528472	0.012495688579909249	1298	3002	0.7454367026496564	0.41099116781157996	4300	3896596	1999
ENSG00000135773	1.3254854371280218	0.14546754054709846	5.290997721971071	0.14316688520768514	0.02082613467895073	2795	1505	0.45161923454367026	0.7048086359175663	4300	4206475	2000
ENSG00000154760	1.0599669173089996	0.13451528974804947	10.041114658528066	0.2716983044058381	0.03654757614120505	3814	487	0.2516192345436703	0.9046123650637881	4301	1857418	2001
ENSG00000074590	5.439289577941833	0.16580283849386748	2.2759889684320886	0.061585029610650835	0.010210972718174787	765	3537	0.8500490677134446	0.3059862610402355	4302	2705805	2002
ENSG00000155970	1.3831023135017333	0.16122020651403882	4.543377607314934	0.12293734651605671	0.019819984393606615	2668	1634	0.4765456329735034	0.6794896957801766	4302	4359512	2003
ENSG00000180875	1.5806013042767768	0.17610157730933895	3.727796100389843	0.1008688690539351	0.01776316694180714	2360	1944	0.5369970559371933	0.6186457311089304	4304	4587840	2004
ENSG00000160161	3.7241346492331866	0.1475329854526826	2.935809905476306	0.07943884722980595	0.011719850292732835	1115	3192	0.7813542688910697	0.37369970559371934	4307	3559080	2005
ENSG00000168143	1.2281502046444646	0.15469375257137635	5.523582980290916	0.1494603120297387	0.023120576528369102	3049	1260	0.4017664376840039	0.7528949950932287	4309	3841740	2006
ENSG00000197343	1.138458668025392	0.1300944173705241	7.676162453250035	0.2077060559327905	0.027021398330905874	3371	939	0.338567222767419	0.8158979391560354	4310	3165369	2007
ENSG00000163536	1.1218993627789569	0.13482152098540856	7.670969973061507	0.20756555479214417	0.027984303801257035	3445	866	0.32404317958783124	0.830225711481845	4311	2983370	2008
ENSG00000233101	2.1771574531857882	0.08827030436713741	6.158718254026224	0.16664617065307977	0.014709908205165273	1808	2505	0.6453385672227674	0.5085377821393523	4313	4529040	2009
ENSG00000168453	1.6708753764391038	0.16501413578125618	3.8181484012728015	0.10331367401672044	0.017048216632255545	2257	2056	0.5572129538763493	0.5966633954857703	4313	4640392	2010
ENSG00000244486	8.586610961305297	0.17934140424126221	1.7534320327608715	0.04744538095552902	0.008508921245326213	401	3913	0.9214916584887144	0.23218842001962714	4314	1569113	2011
ENSG00000187260	2.433887419863111	0.19638746083867956	2.6005550773106583	0.07036732763719632	0.013819260800672426	1631	2683	0.6800785083415113	0.47360157016683024	4314	4375973	2012
ENSG00000235649	1.9226526599789722	0.13578231362876167	4.230481746130984	0.1144708288205257	0.01554311398025291	2000	2314	0.6076545632973503	0.5460255152109912	4314	4628000	2013
ENSG00000140859	4.5348899744275615	0.22537325043565726	1.7813321962193356	0.04820031976084106	0.010863062736538791	934	3381	0.8168792934249264	0.3366045142296369	4315	3157854	2014
ENSG00000115257	4.683038313350066	0.19356105018688155	2.0386258487523716	0.05516232064470094	0.010677276714733811	901	3416	0.8233562315996075	0.32973503434739937	4317	3077816	2015
ENSG00000174705	3.5146957698064267	0.19797651448242576	2.2361178848841607	0.060506174706270774	0.0119788015730122	1189	3128	0.7668302257114818	0.386261040235525	4317	3719192	2016
ENSG00000174600	1.1256035019112485	0.11713756889441122	8.740944177302039	0.23651753740925668	0.02770508933301329	3430	888	0.3269872423945044	0.8259077526987242	4318	3045840	2017
ENSG00000070882	1.8150588162966435	0.17693145758326806	3.369324787082903	0.09116914434051301	0.01613068959478632	2106	2212	0.5868498527968596	0.566045142296369	4318	4658472	2018
ENSG00000164659	1.394087896766834	0.15137467242597397	4.767706054309002	0.12900735574820085	0.019528446216924993	2645	1676	0.48105986261040234	0.6712463199214916	4321	4433020	2019
ENSG00000180139	4.564614157951124	0.2051566094770078	1.9453363607944976	0.05263803957043634	0.010799041727787293	926	3396	0.8184494602551521	0.33366045142296374	4322	3144696	2020
ENSG00000170458	2.2855572225272534	0.14137887788664336	3.736709014564174	0.10111003985526879	0.01429482397781169	1732	2591	0.6602551521099117	0.49165848871442586	4323	4487612	2021
ENSG00000283526	1.6767992054245409	0.17071709689255482	3.673516703694133	0.09940014565539579	0.016969304296986266	2249	2075	0.5587831207065751	0.5929342492639843	4324	4666675	2022
ENSG00000154080	1.3263792770385627	0.14289793001465156	5.312079268053469	0.14373732190914998	0.02053976576666716	2790	1535	0.4526005888125614	0.6989205103042198	4325	4282650	2023
ENSG00000174697	3.3896711668071893	0.12086147654120476	3.7102207833874803	0.10039330593257573	0.012133683189863994	1235	3091	0.757801766437684	0.39352306182531893	4326	3817385	2024
ENSG00000143416	1.5491167484580632	0.137495934571885	4.790955750028618	0.12963645950010416	0.01782448615355714	2397	1929	0.5297350343473994	0.6215897939156035	4326	4623813	2025
ENSG00000113088	16.57138507154821	0.1509882413991718	1.7442593767421481	0.047197181908716176	0.007126219495393862	101	4227	0.9803729146221786	0.17055937193326787	4328	426927	2026
ENSG00000215217	1.3904582929745324	0.14860143671321713	4.857137930272417	0.1314272553196549	0.019530278963775526	2654	1675	0.4792934249263985	0.6714425907752699	4329	4445450	2027
ENSG00000198077	1.2620645426398833	0.13275881166160775	6.097005842140885	0.16497632041829524	0.02190206025103751	2961	1370	0.41903827281648676	0.7313052011776251	4331	4056570	2028
ENSG00000091490	2.2536049063563692	0.19590775040691233	2.7026615832368464	0.07313018469763115	0.014326769970954922	1746	2585	0.6575073601570167	0.49283611383709525	4331	4513410	2029
ENSG00000282600	12.242995484966292	0.15294344777583307	1.8466324190141477	0.04996725106419048	0.007642163653637956	236	4097	0.9538763493621197	0.1960745829244357	4333	966892	2030
ENSG00000177839	1.926172917154242	0.1613836347280534	3.542111017838042	0.0958444943905172	0.015467732873414191	1997	2335	0.6082433758586849	0.5419038272816487	4332	4662995	2031
ENSG00000124134	2.837213528268297	0.18931005061277842	2.5312963593285946	0.06849328507509224	0.012966467264201172	1442	2891	0.7171736997055937	0.4327772325809617	4333	4168822	2032
ENSG00000107611	2.1344943992495558	0.19487308812364731	2.7889762284325634	0.07546573643093898	0.014706241105822315	1830	2506	0.6410206084396467	0.508341511285574	4336	4585980	2033
ENSG00000138738	1.6024116332476577	0.15554267645248313	4.132866423605968	0.1118294968055038	0.017394259239462473	2332	2004	0.5424926398429832	0.6068694798822375	4336	4673328	2034
ENSG00000111846	1.2388845537712356	0.14450126047201037	5.710301891051426	0.15451266061646146	0.022327274217962635	3013	1325	0.40883218842001967	0.7401373895976447	4338	3992225	2035
ENSG00000149050	1.4378128745763663	0.15646572681675025	4.437673776534544	0.1200771509532223	0.018787958697980563	2565	1774	0.4967615309126595	0.6520117762512267	4339	4550310	2036
ENSG00000171488	2.129427574667037	0.1859644850545468	2.925863468378406	0.07916971076574979	0.014722754494470068	1838	2501	0.639450441609421	0.5093228655544652	4339	4596838	2037
ENSG00000197245	5.390180029080641	0.17353306585355568	2.14639434616576	0.05807838315482417	0.010078519888674142	773	3567	0.8484789008832189	0.3000981354268891	4340	2757291	2038
ENSG00000090376	1.13459923663463	0.17013952873607394	5.833341685447327	0.1578419427378858	0.026855153752210256	3391	950	0.33464180569185475	0.813738959764475	4341	3221450	2039
ENSG00000235123	1.0388789163062069	0.13394027839317313	12.043444553490009	0.3258785080807585	0.04364825809468872	4017	325	0.21177625122669286	0.9364082433758587	4342	1305525	2040
ENSG00000259439	1.2780449943928303	0.13145284390434742	6.05105178872055	0.163732868986907	0.02152315126894685	2924	1418	0.4263002944062807	0.7218842001962709	4342	4146232	2041
ENSG00000122877	2.1893373184209164	0.16996821413574037	3.150163508285932	0.0852389513424698	0.01448791233448286	1796	2547	0.647693817468106	0.5002944062806673	4343	4574412	2042
ENSG00000145428	2.031870597122436	0.19790497845470245	2.804810760072127	0.07589419637227389	0.01501983929789182	1910	2436	0.6253189401373895	0.5220804710500491	4346	4652760	2043
ENSG00000130755	9.096440951902244	0.17793311218163904	1.7155870621831246	0.04642134979106764	0.008259895239997145	377	3970	0.9262021589793916	0.22100098135426893	4347	1496690	2044
ENSG00000095970	2.40851797604771	0.13745361525484137	3.7021051670863145	0.10017370887953715	0.013769238438978386	1653	2694	0.6757605495583906	0.47144259077526984	4347	4453182	2045
ENSG00000240216	1.1166860170250765	0.1491527627716405	6.893586499612682	0.18653066187517306	0.027821563560304772	3471	877	0.3189401373895977	0.8280667320902846	4348	3044067	2046
ENSG00000267287	2.9984877256199196	0.20342951170384216	2.2924246733284948	0.06202975644665759	0.01261868306505181	1377	2971	0.7299313052011775	0.4170755642787046	4348	4091067	2047
ENSG00000125355	1.6425203227074068	0.16924950120112314	3.714322965647079	0.10050430515947431	0.017010303516806494	2284	2064	0.5519136408243376	0.5950932286555446	4348	4714176	2048
ENSG00000124253	2.545924196429226	0.11970944594128675	4.161650158532669	0.11260834380008618	0.01348028244467425	1577	2774	0.6906771344455349	0.4557409224730128	4351	4374598	2049
ENSG00000086696	1.3040233989868675	0.16927692833833335	4.548614947254125	0.12307906149785572	0.020834445473121847	2849	1503	0.44102060843964674	0.7052011776251227	4352	4282047	2050
ENSG00000139209	4.009944764905438	0.16341390436882236	2.524970116214126	0.06832210591959874	0.01116478208302186	1045	3309	0.7950932286555447	0.35073601570166835	4354	3457905	2051
ENSG00000136231	2.6760645389139763	0.17724853104130636	2.7544974322575895	0.07453278916589219	0.013210827394065785	1516	2839	0.7026496565260059	0.4429833169774289	4355	4303924	2052
ENSG00000166959	1.3755582940592508	0.1738634603478352	4.156751094076527	0.11247578207251163	0.01955542867645588	2687	1670	0.4728164867517174	0.6724239450441609	4357	4487290	2053
ENSG00000154553	1.16344026974408	0.1446389224996297	6.43513743293758	0.17412568112273502	0.025185350897106506	3282	1076	0.35603532875368005	0.78900883218842	4358	3531432	2054
ENSG00000240280	1.71093668809873	0.15367653372098616	3.9820720975851045	0.10774921646938665	0.016558526098167534	2211	2147	0.5662414131501472	0.5788027477919528	4358	4747017	2055
ENSG00000054219	1.3856503459755987	0.16402269008927722	4.349426891566573	0.11768931555543295	0.019303718132167934	2663	1698	0.4775269872423945	0.666928361138371	4361	4521774	2056
ENSG00000204103	1.9152362670469711	0.16722400131913398	3.4057875310848686	0.09215577441657774	0.01541065734260361	2009	2352	0.6058881256133464	0.538567222767419	4361	4725168	2057
ENSG00000204131	1.7268262328078368	0.1571900309482577	3.8554256226971653	0.10432234269528777	0.01639843227686703	2190	2171	0.5703631010794896	0.5740922473012757	4361	4754490	2058
ENSG00000163519	18.549831322770192	0.1591679572808096	1.5795045390273494	0.042739149949908545	0.0068027031934451586	65	4300	0.9874386653581944	0.15623159960745825	4365	279500	2059
ENSG00000121594	3.536439797288116	0.15596808359632228	2.7925487493103343	0.07556240377295767	0.01178532330839972	1184	3180	0.7678115799803729	0.3760549558390579	4364	3765120	2060
ENSG00000230479	8.074033306124042	0.16577692451906303	1.8840701527588537	0.050980262978220836	0.008451351207702499	440	3925	0.9138370951913641	0.22983316977428847	4365	1727000	2061
ENSG00000182575	1.5250038654778155	0.1646526858413837	3.9951160938205077	0.10810216848520943	0.01779931238636752	2429	1936	0.5234543670264966	0.6202158979391561	4365	4702544	2062
ENSG00000185885	1.7532887553107228	0.08663580755377377	6.8806426073753295	0.18618041853139114	0.016129890910166658	2152	2213	0.5778213935230618	0.5658488714425908	4365	4762376	2063
ENSG00000110665	3.2672154572079792	0.1546583606039384	2.896444775806746	0.07837368271892652	0.012121145283802391	1277	3093	0.7495583905789991	0.3931305201177625	4370	3949761	2064
ENSG00000101331	2.9373134683632127	0.15933554524254245	2.9294659146513236	0.07926718784646747	0.012630080595359928	1407	2968	0.7240431795878313	0.4176643768400392	4375	4175976	2065
ENSG00000114812	1.8502866089259675	0.161500166545266	3.571892096360636	0.09665032808658937	0.015609044082638784	2074	2301	0.5931305201177626	0.5485770363101079	4375	4772274	2066
ENSG00000272808	1.9711771637561288	0.16884753803901	3.3063600291988915	0.08946540740131965	0.015106013779369848	1966	2410	0.6143277723258096	0.5271835132482826	4376	4738060	2067
ENSG00000164007	3.462067161810494	0.17749682577330303	2.457219124258832	0.066488860282827425	0.011801561649486507	1206	3171	0.7634936211972522	0.3778213935230619	4377	3824226	2068
ENSG00000186517	9.96469745423275	0.1744431315798418	1.6741962742300673	0.045301373843445535	0.007902513518119773	334	4047	0.9346418056918547	0.20588812561334646	4381	1351698	2069
ENSG00000169439	1.175097996516605	0.12371102944040079	7.286541703198611	0.19716347169286302	0.024391296051167403	3243	1141	0.3636898920510304	0.7762512266928361	4384	3700263	2070
ENSG00000203709	2.850180274207922	0.18934032065022355	2.477874073189172	0.06704775387112007	0.012694843216835141	1437	2949	0.7181550539744848	0.4213935230618253	4386	4237713	2071
ENSG00000228613	2.5998035008975418	0.16183940662758997	3.0256585642857563	0.08187002435324743	0.013249796161915904	1554	2833	0.6951913640824338	0.44416094210009816	4387	4402482	2072
ENSG00000259969	3.3674693236192157	0.18961305446149757	2.3238690115635454	0.06288059558874137	0.011922981795939421	1245	3143	0.7558390578999019	0.38331697742885185	4388	3913035	2073
ENSG00000100842	1.090831054073781	0.12653680576231152	8.513517447522664	0.23036369304446394	0.029149485881456088	3594	798	0.2947988223748773	0.8435721295387635	4392	2868012	2074
ENSG00000052850	1.8434048991614533	0.17597582101506273	3.2645153651169934	0.0883331502101494	0.015544498631077902	2079	2313	0.5921491658488715	0.5462217860647693	4392	4808727	2075
ENSG00000224259	1.3965152191626826	0.159389538559072	4.384124725624402	0.11862818967455882	0.018908092412326	2639	1755	0.4822374877330716	0.6557409224730127	4394	4631445	2076
ENSG00000259583	2.1435960462446935	0.19760598985091207	2.6888306709497796	0.07275593985086104	0.014377009511762816	1825	2570	0.6420019627085378	0.4957801766437684	4395	4690250	2077
ENSG00000111452	1.3531852362126706	0.1696210711257374	4.261839719352117	0.11531933104797007	0.01956058845386019	2727	1669	0.46496565260058886	0.6726202158979391	4396	4551363	2078
ENSG00000101916	9.723108464470974	0.16185493131278922	1.7938347198353521	0.04853862029646741	0.00785621505410229	343	4054	0.9328753680078509	0.20451422963689891	4397	1390522	2079
ENSG00000158164	1.8230718693245698	0.14343045637067636	4.023850723585793	0.10887968676385262	0.015616663162035672	2097	2299	0.5886162904808636	0.5489695780176644	4396	4821003	2080
ENSG00000183943	5.203709042756727	0.20227949438133763	1.8197185444650021	0.049238999836247	0.00996003999071881	801	3596	0.8429833169774288	0.2944062806673209	4397	2880396	2081
ENSG00000079337	3.3013522136979394	0.190664662160129	2.3175124141692085	0.06270859508953733	0.011956313097282959	1265	3133	0.7519136408243376	0.385279685966634	4398	3963245	2082
ENSG00000120457	1.2158011600271792	0.1252431104043264	6.604933171021832	0.17872011268752622	0.0223834628047975	3087	1316	0.3943081452404318	0.7419038272816487	4403	4062492	2083
ENSG00000186265	18.212797088439405	0.1741660767477263	1.411718209569844	0.03819909012922264	0.006652985663139504	69	4336	0.9866535819430815	0.14916584887144257	4405	299184	2084
ENSG00000108018	1.0566864894228365	0.13597365105339104	9.259038173955075	0.25053642527186265	0.03406635246608023	3845	561	0.24553483807654564	0.8900883218842002	4406	2157045	2085
ENSG00000105523	1.2598398774526947	0.10905595380365087	7.212958302928217	0.19517240936903005	0.021284713259896178	2967	1440	0.4178606476938175	0.7175662414131502	4407	4272480	2086
ENSG00000142583	1.8968373875943194	0.16438124463158957	3.4319712919225633	0.09286426980424145	0.01526514425222495	2032	2376	0.6013738959764474	0.5338567222767419	4408	4828032	2087
ENSG00000167261	4.440361832750331	0.1592771262651603	2.4530450337652177	0.06637591532122515	0.010572165045584366	964	3445	0.81099116781158	0.32404317958783124	4409	3320980	2088
ENSG00000255310	1.8169975186697653	0.1299929432395996	4.427115655799431	0.11979146319852607	0.015572044876154583	2103	2307	0.5874386653581943	0.5473994111874387	4410	4851621	2089
ENSG00000197380	8.149682387594451	0.1911590298710418	1.5905752689259078	0.04303870818066918	0.008227237702719591	434	3977	0.9150147203140334	0.21962708537782138	4411	1726018	2090
ENSG00000180347	2.124217146932451	0.16786905713737615	3.1689725955054815	0.08574789853396839	0.014394418878408671	1843	2568	0.6384690873405299	0.4961727183513248	4411	4732824	2091
ENSG00000114737	1.9843453383408474	0.15651201458661004	3.5253342571199564	0.09539053906827069	0.014929765442077778	1950	2462	0.617468105986261	0.5169774288518155	4412	4800900	2092
ENSG00000136040	8.062884359663725	0.1803691189384378	1.6910081245998527	0.04575627864184019	0.008253019664530374	441	3972	0.9136408243375859	0.2206084396467125	4413	1751652	2093
ENSG00000115607	5.344120695794452	0.16937784182496704	2.125074096902723	0.05750148748424668	0.009739477851807057	777	3636	0.847693817468106	0.28655544651619236	4413	2825172	2094
ENSG00000204049	1.4158418665916312	0.14876870992721886	4.601657696463144	0.12451432297142875	0.01852383519592053	2598	1817	0.4902845927379784	0.6435721295387635	4415	4720566	2095
ENSG00000121413	1.285789560254353	0.12269032040435969	6.198311473338975	0.16771750694581958	0.020577314664603025	2892	1525	0.4325809617271835	0.700883218842002	4417	4410300	2096
ENSG00000136167	1.41792507821757	0.1218754119520812	5.597985005847441	0.15147352519137697	0.018460898282533018	2593	1825	0.49126594700686943	0.6420019627085378	4418	4732225	2097
ENSG00000198515	2.690932605812411	0.1867397455081075	2.5490678854351794	0.06897415733619745	0.012880216587597679	1510	2909	0.7038272816486753	0.42924435721295384	4419	4392590	2098
ENSG00000146955	1.8671644292986513	0.15135705451652234	3.739419499407961	0.10118338172628796	0.015314818624111859	2057	2364	0.5964671246319921	0.5362119725220804	4421	4862748	2099
ENSG00000188153	1.221413128036858	0.14521217020179514	5.60993505812195	0.15179687663700434	0.022042753886313573	3065	1357	0.3986261040235525	0.7338567222767419	4422	4159205	2100
ENSG00000165152	1.3222323458898266	0.16533757670061422	4.465187342987111	0.12082162899251754	0.019976355350643522	2809	1614	0.44887144259077527	0.6834151128557409	4423	4533726	2101
ENSG00000105810	2.8671992432292712	0.20362981093715507	2.276065112097002	0.06158708995010036	0.012540967482708498	1431	2993	0.7193326790971541	0.41275760549558393	4424	4282983	2102
ENSG00000136114	7.594494718505988	0.2046771778786236	1.5156001077582693	0.04100998678323939	0.008393808359633092	486	3940	0.9048086359175662	0.22688910696761533	4426	1914840	2103
ENSG00000124939	1.3379194294109376	0.09387919022338573	7.714573508759479	0.20874540455167026	0.019596849542163862	2762	1664	0.45809617271835135	0.6736015701668302	4426	4595968	2104
ENSG00000121742	1.6628422157359062	0.16292091166217568	3.73148438143774	0.10096866870177945	0.01644990755421009	2266	2160	0.5554465161923454	0.5762512266928361	4426	4894560	2105
ENSG00000086730	6.072762789826592	0.1370782768627005	2.4644999454293273	0.06668586896502843	0.009141184008817933	653	3775	0.8720314033366046	0.25927379784102056	4428	2465075	2106
ENSG00000153551	2.816927737600562	0.18796499840203273	2.47817724683961	0.06705595731959824	0.012604172910425059	1454	2974	0.7148184494602552	0.41648675171736993	4428	4324196	2107
ENSG00000137872	1.2796008176078513	0.17088502323434646	4.480831091275715	0.1212449266072854	0.020718942100332597	2913	1515	0.428459273797841	0.702845927379784	4428	4413195	2108
ENSG00000105695	1.7776728730726272	0.17467681056752665	3.3068503011324295	0.08947867346366135	0.01562984929444555	2131	2297	0.5819430814524043	0.5493621197252208	4428	4894907	2109
ENSG00000184330	1.7204123036140164	0.10758779146332509	5.521091786157082	0.14939290385394083	0.016072852585938362	2201	2227	0.5682041216879293	0.5631010794896958	4428	4901627	2110
ENSG00000162896	1.0476553536219257	0.13062049845760682	10.180032347627478	0.27545721981153276	0.03598035935552898	3931	499	0.2286555446516192	0.9022571148184495	4430	1961569	2111
ENSG00000237440	1.461741391529138	0.13743717804542785	4.831917304333303	0.1307448209947076	0.017969199241567223	2526	1906	0.5044160942100098	0.6261040235525024	4432	4814556	2112
ENSG00000105141	1.0586496466445932	0.10969425193840728	11.038157952514789	0.29867688015243904	0.032763136939619124	3828	605	0.24887144259077532	0.8814524043179588	4433	2315940	2113
ENSG00000101493	1.5354731469385632	0.14597603374918297	4.378173140631329	0.11846714823582055	0.017293364429041603	2416	2019	0.5260058881256133	0.6039254170755644	4435	4877904	2114
ENSG00000130598	1.5957925692530328	0.1827894632096818	3.417032923435191	0.09246005876526465	0.01690072451003836	2341	2096	0.5407262021589794	0.5888125613346418	4437	4906736	2115
ENSG00000135447	1.0945564857462133	0.1366262451992898	7.593506510328808	0.2054695034877201	0.028072526764489576	3579	859	0.29774288518155057	0.8315996074582924	4438	3074361	2116
ENSG00000166006	1.0638763312042547	0.13431053666659146	8.699302376420961	0.23539076940823747	0.03161546056558225	3787	652	0.256918547595682	0.8722276741903827	4439	2469124	2117
ENSG00000147180	1.1840913627469365	0.1420798501860012	6.082070633753366	0.1645721948871332	0.02338239279434528	3202	1237	0.3717369970559372	0.7574092247301276	4439	3960874	2118
ENSG00000163071	1.081880648727753	0.12182365900987414	8.86183561424969	0.23978868802877137	0.029211935364842134	3649	793	0.28400392541707553	0.8445534838076546	4442	2893657	2119
ENSG00000196154	1.908196291238067	0.16793916957434124	3.313528430489679	0.08965937416121054	0.015057320841188847	2019	2424	0.6039254170755644	0.5244357212953876	4443	4894056	2120
ENSG00000125999	1.0316208627927623	0.14294106995140052	11.25467348971521	0.30453548313979867	0.04353062779816951	4116	329	0.1923454367026497	0.9356231599607459	4445	1354164	2121
ENSG00000139970	1.0906983986638452	0.13587209950920376	7.697242704268438	0.20827645759166263	0.02829895957131884	3596	850	0.2944062806673209	0.8333660451422964	4446	3056600	2122
ENSG00000275004	1.6577156225596426	0.12996774665568597	4.656122456763726	0.12598806204590196	0.016374384529622633	2269	2177	0.5548577036310107	0.5729146221786066	4446	4939613	2123
ENSG00000175463	8.41864659220596	0.14998820507527497	1.9610671979924612	0.053063693687426326	0.007958928170841274	414	4033	0.9189401373895977	0.20863591756624145	4447	1669662	2124
ENSG00000123360	3.0577385804786554	0.17351814951913694	2.576408874723861	0.06971396568249533	0.012096638320867206	1350	3100	0.7352306182531894	0.39175662414131507	4450	4185000	2125
ENSG00000162891	1.1816935333286154	0.13089490647218052	6.600512525310144	0.17860049629182811	0.023377895258003864	3213	1238	0.3695780176643768	0.7572129538763493	4451	3977694	2126
ENSG00000105329	2.367423850385516	0.16688356356661346	2.986994508851629	0.08082382991566238	0.013488168757427598	1679	2772	0.6706575073601571	0.4561334641805692	4451	4654188	2127
ENSG00000197506	1.075897511760509	0.1553436085802803	7.016646858183508	0.18986050043397	0.02949361526427077	3685	768	0.27693817468105986	0.8494602551521099	4453	2830080	2128
ENSG00000117594	1.9583540722586796	0.1688082671371508	3.2499291948403553	0.08793846915463814	0.014844740592688251	1975	2478	0.6125613346418057	0.513837095191364	4453	4894050	2129
ENSG00000178947	1.274590217451437	0.15138157265145796	5.046122555293158	0.13654091091697435	0.020669777825874203	2936	1518	0.42394504416094214	0.7022571148184494	4454	4456848	2130
ENSG00000264589	1.2788904747789733	0.14507806368069215	5.216762932164982	0.14115819720798103	0.020478957923591175	2916	1541	0.4278704612365064	0.6977428851815506	4457	4493556	2131
ENSG00000115598	1.525123947186591	0.15155552588466636	4.202436787052203	0.11371197205133579	0.01723367772362268	2428	2029	0.5236506378802748	0.6019627085377821	4457	4926412	2132
ENSG00000160883	4.538359451480751	0.17197739442262308	2.201237239547604	0.059562353973532205	0.01024337844204604	932	3528	0.8172718351324828	0.3077526987242395	4460	3288096	2133
ENSG00000155760	2.9028249465131633	0.18980250131732568	2.4007617865893547	0.0649612048941862	0.01232979917750384	1415	3045	0.7224730127576056	0.40255152109911674	4460	4308675	2134
ENSG00000169026	1.7307791383679352	0.16098525393976157	3.6110934584532743	0.09771106127938516	0.015730040012785423	2184	2277	0.571540726202159	0.553287536800785	4461	4972968	2135
ENSG00000140538	1.0566015018514452	0.14523989376807966	8.292957435527553	0.22439565231226224	0.03259120070385191	3847	615	0.2451422963689892	0.8794896957801767	4462	2365905	2136
ENSG00000102760	1.3334266720878272	0.1576805191042212	4.529714510661651	0.12256764252204075	0.019326529498256	2771	1695	0.4563297350343474	0.6675171736997056	4466	4696845	2137
ENSG00000110148	2.938595736530861	0.1486145891735867	3.0456006611534736	0.08240962917696627	0.012247273184082466	1406	3062	0.7242394504416094	0.39921491658488717	4468	4305172	2138
ENSG00000164379	1.3451033516034296	0.16375527253611097	4.316935732390013	0.11681015092514421	0.019128278099731246	2746	1722	0.46123650637880276	0.6622178606476938	4468	4728612	2139
ENSG00000150337	4.721049047897343	0.1241758286318764	2.9885247030393147	0.08086523479752505	0.01004150753849392	892	3579	0.8251226692836113	0.29774288518155057	4471	3192468	2140
ENSG00000132329	1.1368955413807018	0.12598873095500207	7.2844143323049755	0.19710590805732062	0.02483312321987514	3377	1097	0.33738959764474974	0.7848871442590775	4474	3704569	2141
ENSG00000187134	1.4014130639601259	0.1511315897766943	4.48354197058156	0.12131827915188774	0.018335024397197582	2630	1844	0.4840039254170756	0.6382728164867517	4474	4849720	2142
ENSG00000112183	1.1463898124417273	0.12739839194162839	7.1199147974777315	0.1926547842321234	0.024543909711033905	3345	1130	0.34367026496565256	0.7784102060843965	4475	3779850	2143
ENSG00000188404	4.684170205761081	0.12441541597888592	2.9836196883143242	0.08073251206412477	0.010044369071478508	900	3577	0.8235525024533856	0.298135426889107	4477	3219300	2144
ENSG00000099958	3.346795579799696	0.1474997515775083	2.8988990437966846	0.07844009172570521	0.011569894043258483	1254	3223	0.7540726202158979	0.3676153091265947	4477	4041642	2145
ENSG00000105289	2.192750070652093	0.15065998002487752	3.3902116425629396	0.09173431299073612	0.013820689762780166	1795	2682	0.6478900883218842	0.4737978410206084	4477	4814190	2146
ENSG00000237970	3.862798615752187	0.17948243882110332	2.2199844389551235	0.060069626568717165	0.0107814430756263	1079	3399	0.7884200196270854	0.33307163886162905	4478	3667521	2147
ENSG00000127954	1.0354041190545213	0.12308915516162577	11.55175886740806	0.31257419160274413	0.03847449316970992	4054	426	0.20451422963689891	0.9165848871442591	4480	1727004	2148
ENSG00000205517	1.2916028766159067	0.14063172727246273	5.26984522027507	0.14259452854807225	0.020053314849317896	2881	1599	0.4347399411187438	0.6863591756624141	4480	4606719	2149
ENSG00000255399	15.931551939343779	0.18692837755019298	1.2857145273121118	0.03478960941093988	0.006503165242791917	123	4363	0.9760549558390579	0.14386653581943076	4486	536649	2150
ENSG00000196209	1.6764492881267061	0.11780299481492078	5.026627225985412	0.13601339498902415	0.016022785264651784	2250	2235	0.5585868498527968	0.5615309126594701	4485	5028750	2151
ENSG00000188883	1.2380372902190773	0.14814224817663513	5.261997392827961	0.14238217748116772	0.021092815872344857	3017	1470	0.4080471050049068	0.7116781157998038	4487	4434990	2152
ENSG00000235049	1.4046186330199568	0.17324409543937755	3.8887895767023815	0.10522512391428247	0.01822963141002628	2624	1864	0.4851815505397449	0.6343473994111875	4488	4891136	2153
ENSG00000101439	1.9998653728059463	0.17162731154961433	3.11886031825191	0.08439193147027721	0.014483960314722969	1941	2550	0.619234543670265	0.49970559371933265	4491	4949550	2154
ENSG00000100167	1.4855423297783121	0.15489219233996546	4.154062563317577	0.11240303424785363	0.01741035240031427	2491	2000	0.5112855740922473	0.6076545632973503	4491	4982000	2155
ENSG00000165621	1.6259237227122714	0.15778364065565786	3.8155755960274815	0.1032440575601325	0.0162902232779	2302	2190	0.5483807654563297	0.5703631010794896	4492	5041380	2156
ENSG00000150681	3.7884429630975425	0.14848706058349462	2.6884453997442512	0.07274551495911961	0.010801767686912309	1098	3395	0.7846908734052993	0.3338567222767419	4493	3727710	2157
ENSG00000159618	2.691716556618232	0.13937417061715965	3.331355445499072	0.09014174787323223	0.012563431347812857	1509	2985	0.7040235525024534	0.41432777232580964	4494	4504365	2158
ENSG00000188060	1.6251765723443317	0.1618567921669993	3.7191964687975276	0.10063617523441352	0.016288648499398192	2303	2192	0.5481844946025516	0.5699705593719333	4495	5048176	2159
ENSG00000243710	4.038945008236613	0.18878343557583346	2.0660006544394247	0.05590304401471989	0.010553568708245855	1042	3455	0.7956820412168792	0.3220804710500491	4497	3600110	2160
ENSG00000189233	10.569379577606155	0.17057666959932702	1.5780110781843903	0.042698739020193305	0.007283408698155406	308	4192	0.9397448478900883	0.17742885181550538	4500	1291136	2161
ENSG00000197329	3.537107509616188	0.19174907720079865	2.1469987990642467	0.058094738791941866	0.011139612553576293	1183	3317	0.7680078508341511	0.34916584887144264	4500	3924011	2162
ENSG00000088827	3.724724292677995	0.1244188154762982	3.2164562545053514	0.08703273892031857	0.010828510284123953	1114	3388	0.7815505397448479	0.33523061825318945	4502	3774232	2163
ENSG00000135636	1.563287195069508	0.1689227246841858	3.6602929550755015	0.09904232979532893	0.016730500208096678	2383	2119	0.5324828263002944	0.5842983316977428	4502	5049577	2164
ENSG00000146674	1.2226860254329102	0.15737661717590978	4.997556928646183	0.1352267940224737	0.02128153539480045	3061	1442	0.3994111874386653	0.7171736997055937	4503	4413962	2165
ENSG00000168646	1.244971330113911	0.1477686033539166	5.208384651535858	0.14093149283120787	0.020825249864250096	2997	1506	0.4119725220804711	0.7046123650637881	4503	4513482	2166
ENSG00000133800	1.5896332036718686	0.1342021172805322	4.538117648780401	0.12279501950718584	0.016479351609368594	2347	2156	0.5395485770363101	0.577036310107949	4503	5060132	2167
ENSG00000136244	1.3303044990282988	0.16332836959842076	4.325577563412026	0.11704398660131078	0.019116603502891495	2778	1726	0.45495583905789994	0.661432777232581	4504	4794828	2168
ENSG00000211892	1.068140754522498	0.06979835040963821	15.657225154314835	0.4236622796170102	0.029570928248054202	3746	760	0.2649656526005888	0.8510304219823356	4506	2846960	2169
ENSG00000135346	1.0636432590509195	0.1210659527530141	9.278450480876154	0.25106169473192036	0.03039502327250632	3789	719	0.2565260058881256	0.8590775269872424	4508	2724291	2170
ENSG00000197046	1.1043831710805028	0.1485978500191961	6.529575310220931	0.1766810359814489	0.026254422086007534	3514	994	0.3105004906771345	0.8051030421982336	4508	3492916	2171
ENSG00000173578	6.473537162731925	0.15380339822701103	2.042379224316144	0.05526388165771149	0.00849977279817141	594	3916	0.8836113837095192	0.23159960745829244	4510	2326104	2172
ENSG00000008311	1.3240957774333815	0.15918523379169544	4.462433261037282	0.1207471074457162	0.019221156528417303	2801	1710	0.450441609421001	0.6645731108930324	4511	4789710	2173
ENSG00000198944	1.1958473972314203	0.14820595716296142	5.483098046252719	0.14836484720275175	0.02198855418902034	3153	1359	0.3813542688910697	0.7334641805691855	4512	4284927	2174
ENSG00000211599	2.9662694282658055	0.14943568722153447	2.9687234910964495	0.08032944211981792	0.012004085387297468	1390	3123	0.7273797841020608	0.3872423945044161	4513	4340970	2175
ENSG00000129993	1.0600747751763846	0.11586213186348424	9.79110584368934	0.2649334208856102	0.03069575094569254	3813	701	0.25181550539744846	0.8626104023552502	4514	2672913	2176
ENSG00000088881	1.38000902073651	0.14848126658185903	4.574270174280506	0.12377325551109652	0.018378009747247678	2676	1839	0.4749754661432777	0.6392541707556427	4515	4921164	2177
ENSG00000242887	13.190929482538005	0.15291484709775965	1.6242373329851576	0.04394955583441359	0.006720539610433804	201	4316	0.9607458292443573	0.15309126594700684	4517	867516	2178
ENSG00000167191	2.001758684557321	0.18361982006690158	2.8866036027417894	0.07810739455012822	0.014342065733189033	1938	2578	0.6198233562315996	0.4942100098135427	4516	4996164	2179
ENSG00000067445	1.2311222479609059	0.14116839609435594	5.485616282029904	0.1484329870870199	0.020954046714568846	3031	1486	0.4052993130520117	0.7085377821393524	4517	4504066	2180
ENSG00000155962	5.680188069655647	0.1938084282057903	1.7219147046563832	0.04659256681122293	0.009030032139756387	717	3801	0.8594700686947988	0.254170755642787	4518	2725317	2181
ENSG00000145623	1.4690508135522988	0.1558493826982758	4.1280497610897084	0.11169916475741276	0.017408245875355784	2518	2001	0.5059862610402355	0.6074582924435721	4519	5038518	2182
ENSG00000140479	1.5033531413643622	0.14242275378805597	4.431524802939066	0.11991076845919224	0.017078021852800124	2465	2055	0.5163886162904809	0.5968596663395486	4520	5065575	2183
ENSG00000175544	1.1625849270956703	0.13849845433113162	6.239921753502351	0.1688434220409768	0.023384552976654205	3287	1235	0.35505397448478904	0.757801766437684	4522	4059445	2184
ENSG00000228971	1.1913667059215969	0.14730919528392586	5.541786119338213	0.14995286312413475	0.02208943559733697	3169	1353	0.3782139352306183	0.7346418056918548	4522	4287657	2185
ENSG00000046653	5.423992072884325	0.20711394800597435	1.6455967290685296	0.04452751076236136	0.009222268548871175	770	3755	0.8490677134445535	0.26319921491658493	4525	2891350	2186
ENSG00000143578	2.6326375289240707	0.1562160975716103	2.9687878494461635	0.08033118356537315	0.01254902400989127	1536	2990	0.6987242394504416	0.4133464180569185	4526	4592640	2187
ENSG00000116833	2.444595300934669	0.16213201539041214	2.939232306718733	0.0795314525476602	0.012894594688479076	1621	2905	0.6820412168792934	0.4300294406280667	4526	4709005	2188
ENSG00000142347	16.00803079798015	0.16345111294807352	1.408197861689447	0.038103834514427906	0.0062281141589724575	120	4409	0.9766437684003926	0.13483807654563296	4529	529080	2189
ENSG00000152931	1.2973640366574049	0.142557006255366	5.0664838635895615	0.1370918590066786	0.019543405001974837	2861	1672	0.4386653581943082	0.6720314033366045	4533	4783592	2190
ENSG00000165304	10.326312139169852	0.20193829852331474	1.3118608499911837	0.03549709177519297	0.007168222315608418	319	4217	0.937585868498528	0.17252208047105	4536	1345223	2191
ENSG00000128342	1.3303283476383492	0.1752541796850937	3.980123280353416	0.10769648424239261	0.018874259000869135	2777	1760	0.4551521099116781	0.6547595682041216	4537	4887520	2192
ENSG00000136155	1.676288028179566	0.1564457040897874	3.7036579860970127	0.10021572595698358	0.015678319808209478	2251	2290	0.5583905789990187	0.5507360157016683	4541	5154790	2193
ENSG00000261664	2.286999132154483	0.18335145209859208	2.685140072639738	0.07265607750119354	0.013321597313631682	1731	2811	0.66045142296369	0.44847890088321885	4542	4865841	2194
ENSG00000078399	1.2666606747050817	0.16525396027369482	4.4953604566302925	0.12163807060226796	0.020101172887076076	2950	1593	0.42119725220804716	0.6875368007850834	4543	4699350	2195
ENSG00000144063	1.8832268489489492	0.18500336745968066	2.939418381794453	0.07953648747498494	0.014714518018786928	2042	2503	0.5994111874386654	0.5089303238469087	4545	5111126	2196
ENSG00000189292	2.3288848946211482	0.18153611121206817	2.6866730679048243	0.07269755817623319	0.013197232005926464	1701	2845	0.6663395485770363	0.4418056918547596	4546	4839345	2197
ENSG00000211639	2.6167148248605754	0.12340430577882402	3.741005505474293	0.10122629679833466	0.012491760882959686	1546	3003	0.6967615309126595	0.4107948969578018	4549	4642638	2198
ENSG00000131668	1.3685374490151536	0.17932755682533907	3.7730842684803516	0.10209430257384688	0.018308321846354888	2700	1850	0.47026496565260056	0.6370951913640824	4550	4995000	2199
ENSG00000079263	15.640886121028753	0.15546430697371905	1.465901960928424	0.039665225500754374	0.006166526793431067	131	4421	0.9744847890088322	0.1324828263002944	4552	579151	2200
ENSG00000125538	1.3830584224084155	0.11276771369688136	5.9314434627589145	0.16049643752867276	0.018098816316602775	2669	1884	0.47634936211972523	0.6304219823356232	4553	5028396	2201
ENSG00000175414	1.5190493963302858	0.15164898149407724	4.088423269772594	0.11062692817148069	0.016776460983023486	2443	2111	0.5207065750736015	0.5858684985279685	4554	5157173	2202
ENSG00000012124	1.387564913371769	0.1477370129021813	4.503727440050571	0.12186446929261162	0.01800389267220004	2661	1895	0.47791952894995093	0.6282630029440628	4556	5042595	2203
ENSG00000174371	9.113682941261073	0.1962704944635264	1.3772643032740468	0.037266816348963075	0.007314376471892412	375	4183	0.9265947006869479	0.17919528949950936	4558	1568625	2204
ENSG00000172236	1.87723985662904	0.16090631049732154	3.3629995538871125	0.09099799251198487	0.014642151237766379	2046	2512	0.5986261040235525	0.5071638861629049	4558	5139552	2205
ENSG00000122223	7.218956168396574	0.17226749346036183	1.700281632564632	0.04600720659910484	0.007925546161940808	519	4040	0.8983316977428852	0.2072620215897939	4559	2096760	2206
ENSG00000053747	1.15890171634521	0.1318202378548963	6.4811909768834886	0.17537182462647002	0.02311755563530844	3301	1261	0.35230618253189405	0.7526987242394505	4562	4162561	2207
ENSG00000183833	1.434368733253439	0.15660650519785552	4.11304318679197	0.11129310816605884	0.017429224722493388	2568	1994	0.4961727183513248	0.6088321884200196	4562	5120592	2208
ENSG00000121966	1.1183888461178693	0.15165712107637366	6.040255489413193	0.16344073645825635	0.024786951557861463	3464	1101	0.32031403336604514	0.7841020608439646	4565	3813864	2209
ENSG00000172673	3.642395475709693	0.14130997532550227	2.7878702075596316	0.07543580907665288	0.01065983231928112	1147	3420	0.7750736015701668	0.3289499509322865	4567	3922740	2210
ENSG00000142512	8.302416731700156	0.12994655631378169	2.1200527855085176	0.057365617928117216	0.007454464500570968	420	4150	0.9177625122669284	0.18567222767419034	4570	1743000	2211
ENSG00000273203	1.877585829810447	0.14303599989352137	3.763620860670856	0.10183823619643954	0.01456653394175033	2045	2526	0.5988223748773307	0.5044160942100098	4571	5165670	2212
ENSG00000130595	2.3237478466476107	0.17529025441427865	2.756077541331508	0.07457554467369783	0.013072366198935896	1703	2870	0.6659470068694799	0.4368989205103042	4573	4887610	2213
ENSG00000156284	1.0733618717993503	0.13258296013403012	7.781486073868097	0.21055596354852585	0.0279161329211365	3707	869	0.27262021589793917	0.8296368989205103	4576	3221383	2214
ENSG00000136425	2.0071977579809	0.1806696169677659	2.8548361687283244	0.0772478128950724	0.01395633276735038	1933	2645	0.6208047105004907	0.48105986261040234	4578	5112785	2215
ENSG00000196092	2.208333173438584	0.13966857080602763	3.5443589679873497	0.09590532072949712	0.013394959078982558	1782	2798	0.650441609421001	0.45103042198233567	4580	4986036	2216
ENSG00000108381	2.0604204333759295	0.1675615948744475	3.0436510900182134	0.08235687655041213	0.013799849583665041	1891	2689	0.6290480863591756	0.47242394504416096	4580	5084899	2217
ENSG00000011426	7.640035469863333	0.18943730411939022	1.4886188071969992	0.0402799111031519	0.007630517769549789	482	4102	0.9055937193326791	0.19509322865554468	4584	1977164	2218
ENSG00000184564	1.04191511846527	0.11186334668099798	10.856548480160278	0.2937627857136456	0.03286128834026126	3982	602	0.21864573110893037	0.8820412168792934	4584	2397164	2219
ENSG00000228168	2.8957867928113936	0.149543703589289	2.9224608810299757	0.07907764158373162	0.011825563393537596	1419	3165	0.7216879293424927	0.37899901864573116	4584	4491135	2220
ENSG00000127955	1.3439721562835807	0.1591170067045357	4.269190433721567	0.11551823094088735	0.018380915127117276	2749	1836	0.46064769381746806	0.6398429833169774	4585	5047164	2221
ENSG00000176083	7.964625633194569	0.13782445127250148	2.012572738400374	0.05445736047365818	0.00750555582503075	450	4137	0.9118743866535819	0.18822374877330716	4587	1861650	2222
ENSG00000279685	1.4862159543180076	0.1805045111388639	3.4557274669385234	0.09350707816670974	0.016878449432505476	2489	2100	0.5116781157998037	0.5880274779195289	4589	5226900	2223
ENSG00000157150	1.418017078739809	0.1328852662943876	4.842380297635262	0.1310279347361424	0.017411681999415923	2592	1998	0.4914622178606477	0.6080471050049068	4590	5178816	2224
ENSG00000211597	15.663406811999318	0.1609881825254171	1.3712194823840091	0.03710325207924673	0.005973185118020335	129	4463	0.9748773307163886	0.12423945044160944	4592	575727	2225
ENSG00000100302	1.6658356066705513	0.14015405735752154	4.080027607024895	0.11039975345926129	0.015472973378585542	2261	2333	0.5564278704612364	0.5422963689892051	4594	5274913	2226
ENSG00000012171	1.906505421633403	0.1611673768667232	3.290523261845793	0.08903688696475118	0.014349841516487888	2021	2575	0.6035328753680078	0.4947988223748774	4596	5204075	2227
ENSG00000118193	7.226684842829674	0.18043136099429163	1.5825255873739708	0.042820895228318244	0.0077262324050394295	516	4082	0.8989205103042198	0.19901864573110895	4598	2106312	2228
ENSG00000169908	1.135702564891033	0.1235455328346601	7.061948212010442	0.19108629074118585	0.023607857607018584	3384	1215	0.3360157016683023	0.7617271835132483	4599	4111560	2229
ENSG00000187608	3.725329414567136	0.12563993749005878	3.059584743774603	0.0827880185954762	0.010401481481261453	1112	3491	0.7819430814524043	0.3150147203140333	4603	3881992	2230
ENSG00000134121	1.0883399151792683	0.15923532373280935	6.092065894471027	0.16484265244901117	0.026248773127693272	3608	996	0.2920510304219823	0.8047105004906772	4604	3593568	2231
ENSG00000254726	2.0930109541110458	0.17039494666548194	2.953528243150025	0.07991828028744472	0.013617671107176179	1866	2740	0.633954857703631	0.46241413150147204	4606	5112840	2232
ENSG00000131080	1.1472607317071737	0.15302926055370678	5.573064991675137	0.15079922499397466	0.0230766938929	3343	1265	0.344062806673209	0.7519136408243376	4608	4228895	2233
ENSG00000160460	2.139677466717603	0.1808417285638194	2.7499300717414075	0.07440920287591762	0.013456288869136863	1827	2781	0.6416094210009813	0.45436702649656524	4608	5080887	2234
ENSG00000137841	6.688432722634112	0.14651849640809514	2.000355425278231	0.05412677732900081	0.00793057402966097	571	4038	0.888125613346418	0.20765456329735033	4609	2305698	2235
ENSG00000121690	2.856788196477958	0.19486457991635697	2.236484653985091	0.06051609895733453	0.01179244420149768	1434	3175	0.7187438665358195	0.377036310107949	4609	4552950	2236
ENSG00000240694	1.088348720182375	0.15455981641285743	6.252680399814297	0.16918865289306406	0.02614976713029064	3607	1003	0.2922473012757606	0.8033366045142296	4610	3617821	2237
ENSG00000169679	11.289554029064472	0.19953114577706466	1.2265750811727756	0.033189379975663874	0.006622315014174579	268	4344	0.9475956820412169	0.14759568204121687	4612	1164192	2238
ENSG00000171408	2.1216687186872556	0.1626083332979194	3.0713184157096154	0.08310551509637411	0.013513649297686474	1844	2767	0.6382728164867517	0.4571148184494602	4611	5102348	2239
ENSG00000136490	2.6802726260127225	0.1904479716817683	2.3492185424404686	0.06356651789826245	0.012106114400596906	1514	3099	0.7030421982335624	0.3919528949950932	4613	4691886	2240
ENSG00000231764	3.6769894933916234	0.1406764288931653	2.7372138737292993	0.07406512061454792	0.010419216673596163	1128	3487	0.7788027477919529	0.3157998037291462	4615	3933336	2241
ENSG00000235568	3.1192588627817037	0.13443872579294164	3.0871675260591855	0.08353436951690021	0.01123025419776881	1322	3294	0.7407262021589793	0.3536800785083415	4616	4354668	2242
ENSG00000228203	1.413279655397456	0.17219580660614206	3.7240273418683794	0.10076689179993302	0.01735163621268331	2606	2011	0.4887144259077527	0.6054955839057901	4617	5240666	2243
ENSG00000149418	1.2298755432780244	0.1530242722843477	4.870788316968309	0.13179661540027182	0.02016808116116665	3039	1580	0.403729146221786	0.6900883218842002	4619	4801620	2244
ENSG00000005379	1.1354946904605785	0.1108567720054055	7.796332101187084	0.21095767596660941	0.023386086987420632	3387	1234	0.3354268891069676	0.7579980372914622	4621	4179558	2245
ENSG00000204677	1.4135793163182728	0.16661658458292583	3.839703508456401	0.1038969246091331	0.017310950727043493	2605	2017	0.48891069676153087	0.6043179587831207	4622	5254285	2246
ENSG00000243955	1.1828985608039606	0.15987029917162557	4.97857671081006	0.1347132162794939	0.021536642188974588	3208	1417	0.37055937193326793	0.722080471050049	4625	4545736	2247
ENSG00000251039	3.3540593319817202	0.13253934578757895	3.036466507264084	0.08216247194310067	0.010889760279628874	1250	3376	0.7548577036310108	0.337585868498528	4626	4220000	2248
ENSG00000101082	24.668493860900046	0.17443946968652219	1.1096669773117043	0.030026012693190177	0.005237721731000879	17	4611	0.9968596663395486	0.09519136408243378	4628	78387	2249
ENSG00000173376	1.1087074983806176	0.16259830302052924	5.567979985302561	0.15066163194217652	0.024497325684101467	3494	1133	0.31442590775269874	0.7778213935230618	4627	3958702	2250
ENSG00000137747	1.1538047209789464	0.14081799914525064	5.8802913484672565	0.1591123339512862	0.022405880506351058	3314	1313	0.3497546614327772	0.7424926398429833	4627	4351282	2251
ENSG00000188906	1.3164179895062191	0.1458003338835291	4.7068414939728305	0.1273604471723985	0.01856919572129127	2821	1807	0.4465161923454367	0.6455348380765457	4628	5097547	2252
ENSG00000137672	1.3692036529189304	0.1480845836876964	4.44731120550326	0.12033792609609031	0.01782019168778031	2697	1931	0.47085377821393526	0.6211972522080471	4628	5207907	2253
ENSG00000151632	1.2697217979980435	0.11873891510825012	6.052148499407233	0.16376254442077354	0.01944498685988927	2945	1684	0.42217860647693817	0.6696761530912659	4629	4959380	2254
ENSG00000183798	1.6863889054694354	0.17012733624309684	3.3014266248337925	0.08933191648457095	0.015197800993010848	2239	2393	0.5607458292443572	0.5305201177625123	4632	5357927	2255
ENSG00000185585	2.0880504496630494	0.1394343838934473	3.588928859004876	0.09711131869175821	0.01354065689086552	1871	2762	0.6329735034347399	0.45809617271835135	4633	5167702	2256
ENSG00000108798	7.670901728914628	0.16053737127752332	1.7146687509852339	0.046396501594042835	0.007448372402381057	481	4153	0.9057899901864573	0.18508341511285575	4634	1997593	2257
ENSG00000160183	1.0285456706281833	0.11610366832012495	11.704320901321047	0.3167023036042997	0.036770299213893125	4160	475	0.1837095191364082	0.9069676153091266	4635	1976000	2258
ENSG00000111404	1.6441729529046458	0.16265852683581744	3.501038623430192	0.09473313372011366	0.01540915197345419	2282	2353	0.552306182531894	0.5383709519136408	4635	5369546	2259
ENSG00000110079	5.484695122913996	0.13812202276602767	2.306574895259775	0.06241264135898452	0.00862056027067358	753	3883	0.8524043179587831	0.23807654563297354	4636	2923899	2260
ENSG00000117148	1.1748403455031364	0.13450507754153285	5.97402095938612	0.16164852412790623	0.021742547272298372	3244	1392	0.36349362119725226	0.7269872423945044	4636	4515648	2261
ENSG00000007516	1.6638496311765016	0.15567312555235463	3.6275468731326703	0.09815626731697195	0.015280292925785458	2264	2372	0.5558390578999018	0.5346418056918547	4636	5370208	2262
ENSG00000226329	3.7025702438642316	0.21160075418614757	1.7976570096606819	0.04864204603153834	0.01029269362543082	1121	3517	0.7801766437684003	0.3099116781157998	4638	3942557	2263
ENSG00000104951	5.0644717534787205	0.18954801001381555	1.7514518235476517	0.047391799306090956	0.008983021249443666	825	3814	0.8382728164867517	0.2516192345436703	4639	3146550	2264
ENSG00000185499	1.2538857319446826	0.1383757179791277	5.2356105397007795	0.14166818670453893	0.019603437050041687	2980	1661	0.41530912659470065	0.6741903827281649	4641	4949780	2265
ENSG00000028277	4.365434139330094	0.18120796530235048	1.9602938848389004	0.05304276893158573	0.00961177223209538	978	3666	0.808243375858685	0.28066732090284596	4644	3585348	2266
ENSG00000156427	1.8626176273261381	0.17788648440264682	2.9768862616443483	0.08055031509981465	0.014328812370631466	2062	2583	0.5954857703631011	0.4932286555446517	4645	5326146	2267
ENSG00000104870	1.178465642651283	0.13058742707217735	6.095105254484271	0.16492489321511736	0.021537117465115777	3231	1416	0.366045142296369	0.7222767419038273	4647	4575096	2268
ENSG00000174130	1.4783178489650715	0.15617530783667713	3.92304652401322	0.1061520682640883	0.016578331938643956	2503	2144	0.5089303238469087	0.5793915603532875	4647	5366432	2269
ENSG00000228314	1.3262122689921925	0.13310780227236962	5.078831387743635	0.137425965476962	0.018292468239796952	2792	1857	0.45220804710500495	0.635721295387635	4649	5184744	2270
ENSG00000145649	1.9662841643989186	0.11279282081161827	4.5347669397002965	0.12270435407744211	0.01384017022226229	1972	2677	0.6131501472031403	0.4747791952894995	4649	5279044	2271
ENSG00000153132	1.268534718927172	0.1394217845006167	5.101844550568861	0.13804866898461682	0.019246991777770214	2947	1705	0.42178606476938174	0.6655544651619234	4652	5024635	2272
ENSG00000249306	1.1846219478892852	0.156252322410777	5.011969411088527	0.13561677533182345	0.021190436103457985	3200	1456	0.37212953876349364	0.7144259077526987	4656	4659200	2273
ENSG00000244734	1.2430481149314088	0.10944335538951838	6.640617404822535	0.17968567738301927	0.019665403448236123	3004	1652	0.41059862610402353	0.6759568204121689	4656	4962608	2274
ENSG00000019505	1.017703217078938	0.10491123660616139	16.03116807278559	0.4337806439966844	0.04550846377750922	4368	290	0.14288518155053975	0.9432777232580962	4658	1266720	2275
ENSG00000115593	1.8883995522320187	0.1645165274571707	3.165589204980582	0.08565634879073572	0.014091885057712064	2037	2621	0.6003925417075564	0.48577036310107946	4658	5338977	2276
ENSG00000108700	3.228597048827439	0.16554546578613372	2.4301210504732986	0.06575562488510786	0.010885545549663466	1283	3377	0.7483807654563297	0.33738959764474974	4660	4332691	2277
ENSG00000233276	1.3118712625959301	0.1161571624760111	5.870338560175002	0.15884302563292943	0.01845075513662538	2832	1828	0.4443572129538763	0.6414131501472031	4660	5176896	2278
ENSG00000129116	5.856268052845006	0.17137625103756302	1.769191863842578	0.04787181960584215	0.008204092974395736	681	3982	0.8665358194308146	0.21864573110893037	4663	2711742	2279
ENSG00000075223	1.724793494301664	0.16070932122861714	3.4255977922379106	0.09269181195306249	0.014896438182427293	2194	2469	0.5695780176643768	0.5156035328753681	4663	5416986	2280
ENSG00000166509	1.0120609675145749	0.08933246847947363	22.60415245947736	0.6116362679471028	0.05463897762728744	4507	158	0.11560353287536795	0.9691854759568204	4665	712106	2281
ENSG00000141293	1.0744696920007295	0.118680584289067	8.312519560490237	0.22492497563578612	0.026694227529659255	3700	964	0.2739941118743866	0.81099116781158	4664	3566800	2282
ENSG00000152137	1.047152394484766	0.10817346512887713	10.256844639153414	0.27753565134775654	0.03002199310308674	3934	732	0.2280667320902846	0.8565260058881257	4666	2879688	2283
ENSG00000107957	3.9845775667613825	0.16881089011517267	2.1556384890593536	0.05832851653496056	0.00984648879536426	1052	3614	0.7937193326790972	0.29087340529931305	4666	3801928	2284
ENSG00000164342	1.2959996896606194	0.14510179476820687	4.7321612724121955	0.12804556442320733	0.01857964120991544	2865	1805	0.43788027477919533	0.6459273797841021	4670	5171325	2285
ENSG00000139193	20.581910882792872	0.16623842328151991	1.1406327395210922	0.030863902247591342	0.005130766445954543	42	4630	0.9919528949950932	0.09146221786064768	4672	194460	2286
ENSG00000081052	1.9108685073519744	0.1867381406147791	2.7548218660696375	0.07454156788415436	0.01391975378519732	2015	2657	0.6047105004906772	0.4787046123650638	4672	5353855	2287
ENSG00000142303	1.281628546624291	0.15460316839511345	4.505273296404478	0.12190629797045216	0.018847099913550693	2907	1767	0.42963689892051027	0.6533856722276742	4674	5136669	2288
ENSG00000164287	1.251433613297509	0.10679311687326104	6.70798095796367	0.18150843947563758	0.01938385199040499	2986	1689	0.41413150147203137	0.6686947988223748	4675	5043354	2289
ENSG00000271850	1.3167877269323613	0.16692979798966245	4.04989044578878	0.10958428467059414	0.018292882502903944	2820	1855	0.44671246319921487	0.6361138370951913	4675	5231100	2290
ENSG00000130208	1.6068789324558688	0.12167825283916787	4.682900122237586	0.12671262764968336	0.015418171145073505	2326	2349	0.5436702649656526	0.5391560353287537	4675	5463774	2291
ENSG00000092853	8.168648983651831	0.18322580451694856	1.415133674121157	0.03829150775006535	0.007015992313672695	431	4245	0.915603532875368	0.16702649656526003	4676	1829595	2292
ENSG00000109805	10.207367822820164	0.19438813446251718	1.2511294274674138	0.033853785719540216	0.006580774250515228	324	4353	0.9366045142296369	0.145829244357213	4677	1410372	2293
ENSG00000233237	1.3840776811913311	0.13404120837411776	4.784159579177464	0.12945256476734732	0.017351978208543978	2666	2010	0.4769381746810598	0.6056918547595682	4676	5358660	2294
ENSG00000112964	1.0688826752952567	0.12395377054280785	8.053063317940547	0.21790445813692563	0.02701007920415936	3737	941	0.26673209028459277	0.8155053974484789	4678	3516517	2295
ENSG00000111796	7.688586443456028	0.16946858370378562	1.5825432749515698	0.04282137382905194	0.007256877575059784	478	4201	0.9063788027477919	0.17566241413150152	4679	2008078	2296
ENSG00000170891	2.2038922493697233	0.16975300969678664	2.8173173357209187	0.07623260655015329	0.012940714398919492	1784	2896	0.6500490677134445	0.43179587831207067	4680	5166464	2297
ENSG00000254042	2.0368449820249372	0.18831840230322905	2.6448435527290313	0.07156571089295087	0.013477140335055303	1905	2775	0.6263002944062807	0.4555446516192345	4680	5286375	2298
ENSG00000131401	3.5566822773714297	0.15332734263995235	2.495152431871253	0.06751528172200963	0.010351938734023482	1179	3506	0.768792934249264	0.3120706575073602	4685	4133574	2299
ENSG00000164604	1.413842922392321	0.16204300316817627	3.865760253380301	0.1046019831265305	0.016950019483169904	2603	2084	0.4893032384690873	0.5911678115799803	4687	5424652	2300
ENSG00000151789	1.0410833702000026	0.15007662840130206	7.595239257478055	0.2055163891651	0.030843206767108097	3993	695	0.21648675171736997	0.8637880274779195	4688	2775135	2301
ENSG00000198851	24.970023354192598	0.17609576537374438	1.0127520918486066	0.027403633510452153	0.004825663817044661	11	4680	0.9980372914622179	0.08164867517173702	4691	51480	2302
ENSG00000165325	2.7164189561908514	0.16897764021001865	2.5667741747289625	0.0694532643817837	0.011736048720116351	1500	3190	0.7057899901864573	0.37409224730127577	4690	4785000	2303
ENSG00000221963	1.9774246678888452	0.12104457386407283	4.162564492694248	0.11263308438415574	0.013633623702276288	1958	2732	0.6158979391560353	0.46398429833169774	4690	5349256	2304
ENSG00000100336	1.0980856222977255	0.14460728320803243	6.258346219072518	0.1693419619168009	0.02448808104590667	3557	1134	0.30206084396467126	0.7776251226692836	4691	4033638	2305
ENSG00000188171	1.1876386203782896	0.11850009226382324	6.497070755714896	0.17580150889256577	0.020832495023888384	3187	1504	0.37468105986261036	0.7050049067713444	4691	4793248	2306
ENSG00000107984	1.124978138658862	0.1506737263269239	5.673821781940838	0.15352556066521564	0.023132268311858255	3435	1257	0.3260058881256134	0.7534838076545634	4692	4317795	2307
ENSG00000123685	2.4055032138258365	0.20712850732672652	2.207777033164987	0.059739311502395594	0.012373714420217544	1657	3035	0.6749754661432777	0.40451422963689887	4692	5028995	2308
ENSG00000112531	4.184342355072806	0.20807629774660266	1.6936073607270654	0.04582661028056063	0.009535431405455456	1014	3679	0.8011776251226693	0.27811579980372914	4693	3730506	2309
ENSG00000179639	2.3828976158471216	0.18748007341999237	2.452275809384843	0.06635510120178095	0.012440259245100917	1673	3020	0.6718351324828262	0.4074582924435721	4693	5052460	2310
ENSG00000129173	5.632775130300808	0.16969979309833028	1.7967999714162843	0.04861885579362825	0.00825060976885627	725	3973	0.8578999018645731	0.22041216879293424	4698	2880425	2311
ENSG00000140254	1.6684686770539947	0.14947443174372438	3.7079865005855432	0.10033284941260821	0.014997195651178283	2258	2443	0.5570166830225711	0.5207065750736015	4701	5516294	2312
ENSG00000152578	2.211712026302692	0.16064424061756857	2.941655395832399	0.07959701789832056	0.012786802495698722	1776	2926	0.6516192345436702	0.4259077526987243	4702	5196576	2313
ENSG00000162946	1.8154859431615034	0.18444676583631886	2.859187550292864	0.07736555510130289	0.014269826425566838	2105	2597	0.5870461236506379	0.4904808635917566	4702	5466685	2314
ENSG00000161835	6.259911135207147	0.19964881122659153	1.437234021581399	0.038889511770129774	0.007764244794088949	629	4074	0.8767419038272817	0.20058881256133465	4703	2562546	2315
ENSG00000223350	3.6500138457449127	0.13202857564874246	2.826710173400485	0.07648676340005342	0.010098438427691418	1142	3562	0.7760549558390579	0.30107948969578013	4704	4067804	2316
ENSG00000159674	2.7815653759381114	0.16753693942743747	2.5333220178261544	0.06854809651762714	0.011484338294139836	1467	3239	0.7122669283611384	0.36447497546614327	4706	4751613	2317
ENSG00000110811	1.1772801336623175	0.10600292139287926	7.344777095865406	0.1987392387249164	0.021066939900237978	3234	1475	0.3654563297350344	0.7106967615309127	4709	4770150	2318
ENSG00000173114	1.2639389282643858	0.17584310895182376	3.9681708506468683	0.1073730684668302	0.018880814176904456	2954	1758	0.4204121687929343	0.6551521099116782	4712	5193132	2319
ENSG00000205045	7.063208939964055	0.1681680254225372	1.6078663125465638	0.04350657926798413	0.007316415528385985	532	4182	0.8957801766437684	0.17939156035328752	4714	2224824	2320
ENSG00000238121	14.213465237438294	0.15841731946449875	1.289148932439115	0.03488253953686539	0.0055259984095446125	168	4550	0.9672227674190382	0.10716388616290484	4718	764400	2321
ENSG00000078898	1.0379622816515053	0.1343823380838254	8.50714961094759	0.23019138842898862	0.030933656983849527	4028	690	0.20961727183513246	0.8647693817468106	4718	2779320	2322
ENSG00000211974	2.6064917861429837	0.12965246233580305	3.367214586583222	0.09111204531144927	0.011812901023080658	1552	3167	0.6955839057899902	0.37860647693817473	4719	4915184	2323
ENSG00000231290	1.9189005617797503	0.163916898182534	3.0880101279969714	0.08355716912885276	0.013696431984514932	2004	2715	0.6068694798822375	0.4673209028459274	4719	5440860	2324
ENSG00000117154	1.0309107052448931	0.11752223079643631	10.35831452797098	0.2802812824532202	0.0329392815643885	4124	596	0.190775269872424	0.8832188420019627	4720	2457904	2325
ENSG00000091138	1.3171312731151625	0.17083498361722838	3.8922427216900606	0.10531856111422752	0.017992094662539124	2819	1901	0.44690873405299314	0.6270853778213935	4720	5358919	2326
ENSG00000171033	1.033333422297105	0.17473539462080817	6.80335821271586	0.18408921255475433	0.032166901201188834	4087	634	0.19803729146221782	0.8757605495583906	4721	2591158	2327
ENSG00000229953	2.176311847274889	0.13244564740389186	3.5872853561273956	0.09706684783764659	0.012856081503312163	1809	2913	0.6451422963689892	0.428459273797841	4722	5269617	2328
ENSG00000078018	2.017702902787299	0.15122107484197123	3.2690983413014463	0.08845715903793333	0.013376586667183468	1921	2802	0.6231599607458292	0.4502453385672228	4723	5382642	2329
ENSG00000079150	3.0846152349583433	0.17385758692327893	2.3066221229511807	0.062413919273251246	0.010851133395271793	1341	3385	0.7369970559371933	0.33581943081452403	4726	4539285	2330
ENSG00000229847	1.4332588659339018	0.14105486750127613	4.310271966149185	0.11662983887312994	0.01645120646894453	2571	2158	0.49558390578999023	0.5766437684003926	4729	5548218	2331
ENSG00000170390	2.5600661065109973	0.19968634262929155	2.191177716792002	0.05929015757215881	0.01183943471949879	1571	3160	0.6918547595682041	0.37998037291462217	4731	4964360	2332
ENSG00000064655	1.0329195531409305	0.12763413101225013	9.284930071039907	0.2512370232408167	0.03206641913944613	4094	638	0.1966633954857704	0.8749754661432777	4732	2611972	2333
ENSG00000111087	3.059810619077918	0.1897019919052976	2.1155214284053843	0.057243005839375354	0.010859112230376087	1349	3383	0.7354268891069676	0.33621197252208046	4732	4563667	2334
ENSG00000197142	1.3242804978146896	0.15322543599955624	4.29329111336894	0.1161703611094895	0.01780025423122742	2800	1934	0.45063788027477925	0.6206084396467124	4734	5415200	2335
ENSG00000162458	1.7535181514714795	0.17418548761476785	3.0401034890758853	0.08226088350646053	0.014328652105194442	2150	2584	0.5782139352306183	0.4930323846908734	4734	5555600	2336
ENSG00000007908	1.2431643670263754	0.12632440943980752	5.570628164005431	0.15073328789749643	0.01904129357657172	3002	1734	0.41099116781157996	0.6598626104023553	4736	5205468	2337
ENSG00000170381	1.1091263050432054	0.12934788659943758	6.644018525051648	0.179777706866872	0.02325386644092309	3490	1248	0.3152109911678116	0.7552502453385672	4738	4355520	2338
ENSG00000253159	4.595086890879268	0.16257900885039628	2.0302623742886095	0.05493601690173792	0.008931443178073168	921	3822	0.8194308145240432	0.2500490677134446	4743	3520062	2339
ENSG00000108924	1.1941077433454532	0.1364959170002956	5.456489649444825	0.14764486176871208	0.02015292079750224	3159	1585	0.38017664376840044	0.6891069676153092	4744	5007015	2340
ENSG00000226979	12.446745181511233	0.16609639056668415	1.264101293550316	0.03420478599586021	0.005681291494018245	228	4521	0.9554465161923454	0.11285574092247297	4749	1030788	2341
ENSG00000257108	2.0698921245757482	0.1740431647784027	2.7747404824705866	0.07508053735978443	0.013067254335359981	1883	2871	0.6306182531894013	0.43670264965652605	4754	5406093	2342
ENSG00000248124	1.5549954303379128	0.18279924239904755	3.0958127732784764	0.08376829763051413	0.015312781343915912	2390	2367	0.531108930323847	0.5356231599607458	4757	5657130	2343
ENSG00000156049	1.2838026192298966	0.15289265426515306	4.40666671205584	0.11923814381806212	0.01823063629799357	2897	1863	0.4315996074582924	0.6345436702649656	4760	5397111	2344
ENSG00000116748	5.908272321399307	0.16047223288258436	1.770167367339537	0.04789821534526741	0.007686333567545928	671	4090	0.8684985279685966	0.19744847890088324	4761	2744390	2345
ENSG00000188833	1.446112041631658	0.15255407148837713	3.9167171675584216	0.10598080486602637	0.016167803281927535	2552	2209	0.4993130520117762	0.5666339548577036	4761	5637368	2346
ENSG00000177359	1.4523047923018906	0.13701130846791623	4.335364985626235	0.11730882034841335	0.01607263497076383	2536	2228	0.5024533856722277	0.5629048086359176	4764	5650208	2347
ENSG00000148948	1.0710769813689924	0.14889065178793548	6.380176286576234	0.17263851054631937	0.025704260358939864	3727	1039	0.2686947988223749	0.7962708537782139	4766	3872353	2348
ENSG00000132746	1.0365658189276903	0.09205780928129796	12.113185524629085	0.32776559972849806	0.03017338306877632	4040	727	0.2072620215897939	0.8575073601570167	4767	2937080	2349
ENSG00000272636	1.0565956356770352	0.1349781244976631	7.457346470167029	0.2017852061464517	0.027236588677022375	3848	919	0.24494602551521094	0.8198233562315996	4767	3536312	2350
ENSG00000184371	1.6053128677600703	0.13182052526411822	4.2095563190678975	0.11390461647803642	0.015014966374142695	2329	2438	0.5430814524043179	0.5216879293424926	4767	5678102	2351
ENSG00000175928	1.031690727011636	0.12222716467044462	9.544182056534297	0.2582520138338031	0.03156541142133819	4114	655	0.19273797841020612	0.871638861629048	4769	2694670	2352
ENSG00000067057	1.9617960514017385	0.17906572731136605	2.7649250740612485	0.0748149463459817	0.01339679278120404	1974	2797	0.6127576054955839	0.45122669283611383	4771	5521278	2353
ENSG00000144908	2.1322516492692145	0.15420662010246733	3.054558933535501	0.08265202730699214	0.012745489775628093	1836	2936	0.6398429833169774	0.42394504416094214	4772	5390496	2354
ENSG00000174332	2.2946642018291605	0.17367423951137653	2.6220572075363546	0.07094914474835473	0.012322038758153082	1726	3047	0.661432777232581	0.4021589793915603	4773	5259122	2355
ENSG00000085265	3.8081943480080773	0.1644623591513353	2.141369049343035	0.05794240575865822	0.009529344745972848	1092	3682	0.7858684985279686	0.27752698724239455	4774	4020744	2356
ENSG00000162639	1.135518876353294	0.14935208060022626	5.385139570355831	0.14571422994476038	0.021762723415309753	3386	1388	0.3356231599607459	0.7277723258096173	4774	4699768	2357
ENSG00000196167	1.2169807701119664	0.17513244033127795	4.079114688036668	0.11037505116777312	0.019330252062701777	3081	1694	0.39548577036310106	0.6677134445534838	4775	5219214	2358
ENSG00000152669	1.5260916195918952	0.1078577305488576	5.2829192809913	0.14294829406605503	0.015418078583795422	2425	2350	0.5242394504416095	0.5389597644749755	4775	5698750	2359
ENSG00000162882	1.5427911397681076	0.19556485518855876	2.8914432158583905	0.07823834760887494	0.01530067112032175	2406	2369	0.5279685966633955	0.5352306182531894	4775	5699814	2360
ENSG00000130558	1.0295607542465794	0.10497760034752689	11.344548879352239	0.306967383561477	0.03222469931124273	4148	630	0.18606476938174676	0.8765456329735034	4778	2613240	2361
ENSG00000255197	5.468624614868594	0.16627547137120322	1.7927902385057326	0.04851035811483799	0.00806608266193056	758	4020	0.851422963689892	0.21118743866535816	4778	3047160	2362
ENSG00000158517	10.619790630174503	0.15426582557224508	1.4163959134588824	0.03832566215418054	0.00591233991281761	305	4474	0.940333660451423	0.12208047105004904	4779	1364570	2363
ENSG00000173198	1.1236943345858956	0.15111245743737994	5.418302491592124	0.146611571502492	0.022154834858497705	3438	1345	0.3254170755642787	0.7362119725220805	4783	4624110	2364
ENSG00000185565	1.1197042659952816	0.1534105366206888	5.366306427443064	0.14520463184036211	0.022275920490439506	3455	1330	0.3220804710500491	0.7391560353287536	4785	4595150	2365
ENSG00000121281	2.199832257197066	0.17806605670440362	2.5984365486449894	0.07031000325978684	0.012519825027344007	1787	2998	0.6494602551521099	0.4117762512266928	4785	5357426	2366
ENSG00000071242	1.512282013334182	0.15872944511948303	3.601461642719975	0.09745043802269679	0.015468253953993233	2451	2334	0.5191364082433758	0.5421000981354269	4785	5720634	2367
ENSG00000125740	1.975882622647181	0.13360061122241274	3.6726153185809025	0.09937575545418706	0.013276661669368407	1960	2828	0.6155053974484789	0.44514229636898917	4788	5542880	2368
ENSG00000133816	2.7267765630912764	0.14587698544147737	2.8395900463385315	0.07683527447250271	0.011208498215617197	1491	3299	0.7075564278704612	0.3526987242394505	4790	4918809	2369
ENSG00000134202	1.2113944677732682	0.14704807024801114	4.888932585934961	0.1322875735538804	0.019452632408889947	3107	1683	0.3903827281648675	0.6698724239450442	4790	5229081	2370
ENSG00000102837	1.0308408995325322	0.14449410927292689	8.011518678141007	0.21678031917680535	0.03132347912735328	4126	666	0.19038272816486757	0.8694798822374877	4792	2747916	2371
ENSG00000163815	3.1175532738144254	0.16607432099983388	2.337857469557162	0.06325910339861784	0.010505712643983742	1325	3467	0.7401373895976447	0.31972522080471055	4792	4593775	2372
ENSG00000162415	1.4178932160748388	0.15069364141902827	3.980749206714823	0.10771342092092488	0.01623172762827471	2594	2199	0.4910696761530913	0.5685966633954858	4793	5704206	2373
ENSG00000164197	1.1443822749594672	0.14028044770613346	5.611486093238854	0.1518388454448178	0.021300021218181444	3355	1439	0.34170755642787043	0.7177625122669284	4794	4827845	2374
ENSG00000100095	1.0738422097371179	0.1251499558185356	7.378458701380129	0.1996506151426973	0.024986265664252022	3706	1089	0.2728164867517173	0.7864573110893033	4795	4035834	2375
ENSG00000162777	1.576951963247107	0.15197070164863088	3.654059049074244	0.0988736491510014	0.01502589783603824	2364	2433	0.5362119725220804	0.5226692836113838	4797	5751612	2376
ENSG00000227039	3.6883909043687226	0.16823933634512594	2.104234964013672	0.05693761013957019	0.009579145742958803	1125	3673	0.7793915603532875	0.2792934249263984	4798	4132125	2377
ENSG00000102313	1.1171981183840405	0.13335448028046068	6.169964989698543	0.1669504913501524	0.022263596006567122	3467	1331	0.31972522080471055	0.7389597644749755	4798	4614577	2378
ENSG00000164188	1.163426351348057	0.148491438977748	5.1508023867050525	0.13937339851096325	0.020695756500112055	3283	1516	0.3558390578999019	0.7026496565260059	4799	4977028	2379
ENSG00000184709	1.2230373472195544	0.13861634301838685	5.066956987309238	0.13710466106270344	0.019004946727287367	3060	1739	0.3996074582924436	0.6588812561334642	4799	5321340	2380
ENSG00000132622	5.488838943086546	0.196588160621294	1.4807987267007356	0.040068310829336935	0.007876955525141623	750	4050	0.8529931305201177	0.20529931305201177	4800	3037500	2381
ENSG00000156535	1.195371580759572	0.1313585727600134	5.547741469771648	0.1501140064503423	0.01971876163860441	3154	1646	0.38115799803729145	0.677134445534838	4800	5191484	2382
ENSG00000165025	1.0695844486478852	0.11226352404899965	8.338695006815756	0.22563324604455687	0.025330383343576967	3733	1068	0.2675171736997056	0.7905789990186457	4801	3986844	2383
ENSG00000077063	1.108506150304784	0.16645931922414692	4.987765731174232	0.13496185812225742	0.022465659024256873	3495	1309	0.3142296368989205	0.7432777232580962	4804	4574955	2384
ENSG00000233823	1.5455352279230155	0.1946568328820558	2.879330414684019	0.07791059240911864	0.015165829166323773	2402	2402	0.5287536800785083	0.5287536800785083	4804	5769604	2385
ENSG00000269918	1.802101300219548	0.12724848392133156	4.006616106454818	0.10841334249722352	0.013795433469615759	2114	2691	0.5852796859666339	0.47203140333660454	4805	5688774	2386
ENSG00000087586	7.963688997227001	0.1969311731984768	1.2324209629840628	0.03334756123640017	0.006567174357592333	451	4356	0.9116781157998037	0.1452404317958783	4807	1964556	2387
ENSG00000183960	1.6546253762559424	0.16383973134695698	3.280144219352742	0.08875604481299634	0.014541766537579796	2274	2535	0.5538763493621197	0.5026496565260059	4809	5764590	2388
ENSG00000171345	1.1375988491142153	0.12691225355360627	6.209131581296734	0.1680102837027421	0.02132256372489573	3375	1436	0.33778213935230617	0.718351324828263	4811	4846500	2389
ENSG00000102001	1.425359722401438	0.15189945582593323	3.8990422729270824	0.10550254731542584	0.01602577952546296	2578	2233	0.4942100098135427	0.5619234543670265	4811	5756674	2390
ENSG00000182013	1.0275275160543895	0.10786637057249326	11.024560144643264	0.2983089427801482	0.032177502967012155	4180	633	0.17978410206084394	0.8759568204121688	4813	2645940	2391
ENSG00000113430	1.1033855172313813	0.13731685955937234	6.097552241105316	0.16499110519839322	0.02265606042107339	3519	1295	0.30951913640824336	0.7460255152109911	4814	4557105	2392
ENSG00000138639	2.428622656071086	0.1685151589582728	2.5852616243804527	0.06995350851741182	0.011788226607500542	1638	3177	0.6787046123650637	0.3766437684003925	4815	5203926	2393
ENSG00000137628	2.661396315399739	0.10634140445483649	3.9092054406795675	0.10577754820324034	0.011248533035721743	1525	3291	0.700883218842002	0.3542688910696762	4816	5018775	2394
ENSG00000132704	9.322120664439778	0.15628908872222422	1.4077986637850768	0.03809303278599155	0.005953525380788429	359	4467	0.9297350343473995	0.12345436702649659	4826	1603653	2395
ENSG00000124493	1.0652959815303469	0.13267767782592124	7.089799748986268	0.1918399137829267	0.025452874275043655	3771	1058	0.2600588812561334	0.7925417075564278	4829	3989718	2396
ENSG00000139737	1.0830870518934177	0.13633773212703287	6.4315187417822655	0.1740277644785672	0.02372655073614526	3634	1196	0.2869479882237488	0.7654563297350343	4830	4346264	2397
ENSG00000004776	3.4135316303192473	0.17534719574936258	2.078327685830718	0.056236595979941933	0.009860929403572695	1224	3611	0.7599607458292443	0.29146221786064774	4835	4419864	2398
ENSG00000170558	1.1531422517008458	0.13197317198902375	5.784250024063024	0.1565135920903556	0.020655595207560405	3317	1519	0.34916584887144264	0.7020608439646712	4836	5038523	2399
ENSG00000171659	3.426869777109737	0.17401457441038376	2.0821312961652936	0.0563395162745177	0.009803896946997088	1218	3619	0.7611383709519136	0.28989205103042204	4837	4407942	2400
ENSG00000183570	1.1838956634240039	0.17726005926500984	4.1329090971774205	0.11183065149175138	0.019823107911072512	3204	1633	0.3713444553483808	0.6796859666339549	4837	5232132	2401
ENSG00000154134	1.9926280202311486	0.19503785712070867	2.4496745509104785	0.0662847148412183	0.012928028742488452	1944	2898	0.6186457311089304	0.43140333660451424	4842	5633712	2402
ENSG00000260711	1.359534594771865	0.1265972659066319	4.8753948730010475	0.13192126226526732	0.01670087111773457	2717	2125	0.466928361138371	0.5831207065750736	4842	5773625	2403
ENSG00000163687	3.7314871536380005	0.1695934782248203	2.0348101284557067	0.05505907267174703	0.009337659642234727	1111	3732	0.7821393523061826	0.2677134445534838	4843	4146252	2404
ENSG00000131171	1.260064548524374	0.14983494816761347	4.468772689765917	0.12091864338520562	0.018117838664120423	2966	1877	0.41805691854759564	0.6317958783120707	4843	5567182	2405
ENSG00000169442	9.762872288996837	0.15973614774910008	1.3339938586565823	0.03609597956109044	0.005765832724318839	341	4505	0.9332679097154073	0.11599607458292449	4846	1536205	2406
ENSG00000175274	1.16569743686002	0.11433245517051864	6.52949108782696	0.17667875704306277	0.020200116069208927	3272	1574	0.3579980372914622	0.6912659470068695	4846	5150128	2407
ENSG00000144935	2.417285699709668	0.165928199730178	2.6024883167421806	0.07041963835103814	0.011684603817237958	1646	3200	0.677134445534838	0.37212953876349364	4846	5267200	2408
ENSG00000276566	2.705200159328848	0.12978984876046332	3.144410479649316	0.08508328255678979	0.011042946375089513	1505	3342	0.7048086359175663	0.34425907752698726	4847	5029710	2409
ENSG00000108405	4.172015701918998	0.1634796702354337	2.002295392918417	0.05417927009861509	0.008857209209318088	1016	3835	0.8007850834151129	0.24749754661432777	4851	3896360	2410
ENSG00000229891	2.7520963972197814	0.17377924540959996	2.3180418073099927	0.06272291971619548	0.010899941658167371	1478	3373	0.7101079489695781	0.3381746810598626	4851	4985294	2411
ENSG00000279118	4.429769602268603	0.20775947126250363	1.5317020193632827	0.04144568164676325	0.008610732905045585	967	3885	0.8104023552502453	0.2376840039254171	4852	3756795	2412
ENSG00000111981	2.120124845014288	0.18107098288468487	2.548057992860643	0.068946831077165	0.012484270469926602	1846	3006	0.6378802747791953	0.4102060843964671	4852	5549076	2413
ENSG00000130707	1.365717831981043	0.15779482794059235	3.8748431184948555	0.10484775255897848	0.01654443307500181	2705	2148	0.46928361138370955	0.5786064769381747	4853	5810340	2414
ENSG00000184922	8.245067250724967	0.16739687786168628	1.3551149100072248	0.03666748521901701	0.006138022544702978	424	4432	0.9169774288518155	0.130323846908734	4856	1879168	2415
ENSG00000266256	1.4516180793118096	0.16289130854959585	3.5237223835503126	0.09534692405831592	0.015531185226038023	2538	2317	0.5020608439646712	0.5454367026496565	4855	5880546	2416
ENSG00000144843	1.3181005760885365	0.17202149162491062	3.6876015979517187	0.09978126289363701	0.017164521679180783	2817	2039	0.44730127576054957	0.6	4856	5743863	2417
ENSG00000188916	1.2200934197533653	0.15490816463181933	4.465473220882127	0.12082936444241374	0.018717455079403526	3071	1786	0.3974484789008832	0.6496565260058882	4857	5484806	2418
ENSG00000067715	1.08482754909974	0.13110402093647008	6.591577604658048	0.17835873002645503	0.023383546675590575	3624	1236	0.2889106967615309	0.7576054955839058	4860	4479264	2419
ENSG00000099260	1.282776521611372	0.14767921704325657	4.407191048475043	0.11925233161701478	0.01761109096378353	2901	1960	0.43081452404317955	0.6155053974484789	4861	5685960	2420
ENSG00000240521	1.6388186165436824	0.1083208091250387	4.896890012367211	0.1325028902136937	0.014352820279353477	2287	2574	0.551324828263003	0.49499509322865554	4861	5886738	2421
ENSG00000121152	10.605821225307693	0.19399163685217138	1.046030632089784	0.028304103554278422	0.005490759378127833	306	4560	0.9401373895976447	0.10520117762512271	4866	1395360	2422
ENSG00000269353	1.560510841127281	0.14991295041907626	3.6591836575433896	0.09901231377929823	0.014843228086473956	2386	2479	0.5318940137389598	0.5136408243375858	4865	5914894	2423
ENSG00000168899	2.311470849736294	0.1652741390854515	2.654572621851587	0.07182896568825395	0.011871470465524607	1711	3155	0.6643768400392542	0.3809617271835133	4866	5398205	2424
ENSG00000197106	1.2669167242086217	0.15182171982962245	4.35704803653774	0.11789553291642468	0.01789910256760146	2949	1918	0.4213935230618253	0.6237487733071638	4867	5656182	2425
ENSG00000144278	1.276483243328902	0.13502701758068616	4.870050745424149	0.131776657761629	0.017793409084303543	2930	1937	0.4251226692836114	0.6200196270853778	4867	5675410	2426
ENSG00000064692	1.5042546797201501	0.17467743443918235	3.2069739960606234	0.0867761624714895	0.015157837430997443	2464	2403	0.5165848871442591	0.52855740922473	4867	5920992	2427
ENSG00000270504	2.405270512024401	0.19559836732690472	2.19721507814937	0.05945351999751356	0.011629011443351133	1658	3211	0.6747791952894995	0.36997055937193324	4869	5323838	2428
ENSG00000072694	2.1489883201366826	0.12610083369875305	3.6097724062096095	0.09767531548154881	0.012316938714012026	1821	3050	0.6427870461236507	0.40157016683022573	4871	5554050	2429
ENSG00000189223	1.3347012600338104	0.07017986464374139	8.874477549648407	0.24013076084927465	0.01685234429320073	2768	2104	0.45691854759568207	0.5872423945044161	4872	5823872	2430
ENSG00000183780	1.16733106899468	0.13992754224894985	5.279356706843266	0.14285189586841876	0.01998891469447075	3265	1608	0.3593719332679097	0.6845927379784102	4873	5250120	2431
ENSG00000168675	1.2338991177984886	0.14742150999977893	4.591788827985544	0.12424728540409147	0.018316722427644656	3027	1847	0.4060843964671247	0.637684003925417	4874	5590869	2432
ENSG00000197083	1.4470160862471675	0.17192488780036982	3.3322402210458058	0.09016568864315692	0.015501725903417835	2550	2324	0.49970559371933265	0.544062806673209	4874	5926200	2433
ENSG00000170893	1.033805601130759	0.1525426432236655	7.076128246374517	0.19146998233561094	0.029207337203462636	4081	794	0.1992149165848871	0.8443572129538763	4875	3240314	2434
ENSG00000124302	1.0711928526380667	0.11548445676603376	7.7826539540958235	0.21058756472911322	0.024319590514423613	3725	1151	0.26908734052993133	0.774288518155054	4876	4287475	2435
ENSG00000189369	1.0227828864751805	0.13314710048264713	9.046773178447362	0.244792835906993	0.032593456319940546	4263	614	0.1634936211972522	0.8796859666339548	4877	2617482	2436
ENSG00000069535	1.0074764385116586	0.10623167938304724	16.767494382494558	0.45370458836350047	0.04819780036564881	4636	246	0.0902845927379784	0.9519136408243376	4882	1140456	2437
ENSG00000139679	1.6270847760498832	0.17777519572421796	2.9790413972196177	0.0806086300082166	0.014330214976771774	2300	2581	0.5487733071638862	0.4936211972522081	4881	5936300	2438
ENSG00000170477	1.152147383346609	0.13849953561208453	5.416775107880831	0.14657024266812965	0.020299910544086495	3322	1564	0.3481844946025515	0.6932286555446516	4886	5195608	2439
ENSG00000149289	1.5352807105959145	0.16145522318828795	3.404791520604151	0.0921288237872916	0.014874679806651619	2417	2471	0.5258096172718352	0.5152109911678115	4888	5972407	2440
ENSG00000174469	1.0324285779800915	0.09966636158231686	10.861688498667508	0.29390186731569096	0.029292129777603766	4102	787	0.19509322865554468	0.8457311089303239	4889	3228274	2441
ENSG00000162551	1.0993279898071064	0.13669947042329592	5.993645066297404	0.16217952459494564	0.022169855125630963	3546	1343	0.30421982335623154	0.7366045142296369	4889	4762278	2442
ENSG00000068831	5.222036239451874	0.18794964214865842	1.509620458417662	0.040848185963107866	0.007677401934187976	798	4092	0.8435721295387635	0.1970559371933268	4890	3265416	2443
ENSG00000168062	2.636971332554163	0.1304463224776723	3.1107179262897744	0.0841716099058739	0.010979876969246462	1535	3355	0.6989205103042198	0.34170755642787043	4890	5149925	2444
ENSG00000261468	5.2918652662875445	0.1954016134613813	1.4394673404992722	0.03894994220876322	0.007610881551819892	783	4108	0.8465161923454367	0.1939156035328754	4891	3216564	2445
ENSG00000100450	8.929335893849736	0.14496471038614075	1.4650363007055727	0.039641801964350416	0.005746662340946803	387	4509	0.9242394504416094	0.11521099116781153	4896	1744983	2446
ENSG00000282651	1.6454139239414898	0.10627236118960874	4.908828881008649	0.13282593904609077	0.014115726169655113	2280	2616	0.5526987242394504	0.4867517173699706	4896	5964480	2447
ENSG00000003096	1.3264922242238382	0.1470824457703742	4.227321135915736	0.11438530719612704	0.01682407074260195	2789	2108	0.45279685966633954	0.5864573110893032	4897	5879212	2448
ENSG00000120328	2.6314644758215264	0.16959333073820312	2.387431216912029	0.06460049860795561	0.010955813726271846	1538	3360	0.6983316977428852	0.3407262021589794	4898	5167680	2449
ENSG00000197540	9.38735488861617	0.1685400124012641	1.2199699804176516	0.03301065532838851	0.005563616258420454	356	4544	0.930323846908734	0.10834151128557412	4900	1617664	2450
ENSG00000149257	3.3739540362736444	0.1953069827715562	1.8260649073265747	0.04941072340352735	0.009650259304502844	1242	3660	0.7564278704612365	0.28184494602551524	4902	4545720	2451
ENSG00000145777	2.6122659433696627	0.18538085628347	2.191042303903363	0.0592864934916768	0.010990580929531417	1549	3353	0.6961727183513249	0.34210009813542686	4902	5193797	2452
ENSG00000255690	1.0680755911919364	0.10072175430907784	8.9081757909357009	0.24104258740743872	0.024278232266876466	3747	1156	0.26476938174681064	0.7733071638861629	4903	4331532	2453
ENSG00000164199	1.0561986937733963	0.12227899500519353	7.726594491329887	0.20907067527038456	0.02556495205711979	3854	1050	0.24376840039254166	0.7941118743866535	4904	4046700	2454
ENSG00000182795	1.0818704350449195	0.12187395522902417	7.021528283079179	0.18999258486008613	0.02315514778108471	3650	1256	0.2838076545632974	0.7536800785083415	4906	4584400	2455
ENSG00000166394	1.4241466280989419	0.14839545305168453	3.8583711661523132	0.10440204491855018	0.015492788755210573	2582	2326	0.49342492639842983	0.5436702649656526	4908	6005732	2456
ENSG00000143674	2.3340320261702683	0.1745747690294262	2.4595795524131248	0.0665527301169049	0.011618427488436412	1695	3215	0.6675171736997056	0.3691854759568204	4910	5449425	2457
ENSG00000010310	2.351146896691925	0.17753244143791866	2.4050865128950654	0.06507822584696289	0.011553496319059584	1685	3227	0.6694798822374877	0.36683022571148183	4912	5437495	2458
ENSG00000117525	1.161449756850883	0.14986217662827428	4.902416553650572	0.13265243057320378	0.019879581980731354	3292	1623	0.3540726202158979	0.681648675171737	4915	5342916	2459
ENSG00000145103	1.298203096062427	0.15030205799881466	4.1909844106628285	0.11340208700846681	0.017044567058733206	2859	2058	0.4390578999018646	0.596270853778214	4917	5883822	2460
ENSG00000100362	1.0250285710179665	0.11528786511616851	9.883134917429388	0.26742359694091244	0.030830695573004527	4224	696	0.17114818449460256	0.8635917566241413	4920	2939904	2461
ENSG00000196263	1.2593498104826968	0.0998688223220897	6.533550803054252	0.1767886071723698	0.017655669998267114	2970	1955	0.4172718351324828	0.61648675171737	4925	5806350	2462
ENSG00000141665	1.6354591750694047	0.16550527007805563	3.124795939963138	0.08455254096527641	0.013993891128243934	2291	2634	0.5505397448478901	0.48321884200196275	4925	6034494	2463
ENSG00000172478	1.0276689577055855	0.11377983146513468	9.65233253106154	0.2611784121022247	0.02971683571132262	4176	750	0.1805691854759568	0.8529931305201177	4926	3132000	2464
ENSG00000187398	1.328297703821419	0.16182689849720733	3.7871672263019676	0.10247536741488046	0.01658327088111189	2784	2142	0.45377821393523066	0.579784102060844	4926	5963328	2465
ENSG00000005020	1.1965572784602907	0.1277078639299728	5.43399190129947	0.1470361046504124	0.018777666845488105	3149	1778	0.38213935230618257	0.6512266928361139	4927	5598922	2466
ENSG00000157833	1.8378329634858075	0.17474591482436339	2.793682428119132	0.07559307951171439	0.013209581833665371	2087	2840	0.5905789990186457	0.4427870461236506	4927	5927080	2467
ENSG00000165996	1.9259779838264968	0.16027967851303104	2.9464362275604215	0.07972638041616115	0.012778518622109923	1998	2930	0.6080471050049068	0.4251226692836114	4928	5854140	2468
ENSG00000137101	3.838371420972414	0.16507479057657973	1.9745111610117394	0.05342746823647307	0.008819528130172657	1084	3846	0.7874386653581943	0.24533856722276737	4930	4169064	2469
ENSG00000255833	11.206083434861824	0.16039979991964642	1.1457739250285177	0.031003015427004846	0.004972877471397289	275	4656	0.9462217860647694	0.08635917566241413	4931	1280400	2470
ENSG00000167183	1.526767424566343	0.12409140333401524	4.373960925374437	0.11835317167226066	0.014686611161842444	2423	2507	0.5246319921491658	0.5081452404317959	4930	6074461	2471
ENSG00000189221	1.1010995696196486	0.13294899353734085	6.023951125389999	0.16299956351977635	0.021670627916980125	3535	1398	0.30637880274779195	0.7258096172718351	4933	4941930	2472
ENSG00000139926	2.7949446075443967	0.1767474739300655	2.1867748713174273	0.05917102282560088	0.010458328814283203	1461	3472	0.7134445534838076	0.31874386653581943	4933	5072592	2473
ENSG00000171848	6.116693557129129	0.1799856706625741	1.4042196645386962	0.037996190148517475	0.006838769766503609	645	4291	0.8736015701668303	0.15799803729146222	4936	2767695	2474
ENSG00000204264	3.018468947119788	0.11838827375194388	3.1384181213958793	0.0849211378515236	0.010053666915292738	1363	3574	0.7326790971540726	0.2987242394504416	4937	4871362	2475
ENSG00000145476	1.1386649525775072	0.13624307733692342	5.504152554772826	0.148934552306174	0.02029130172799013	3370	1567	0.3387634936211973	0.6926398429833169	4937	5280790	2476
ENSG00000112276	1.3565612195020835	0.15987150401294586	3.7274149944414185	0.10085855686813629	0.01612440917908418	2722	2215	0.4659470068694799	0.5654563297350343	4937	6029230	2477
ENSG00000158481	3.6097395440854236	0.17299159699792327	1.9536910199655717	0.05286410478409682	0.009145045910466464	1165	3773	0.771540726202159	0.259666339548577	4938	4395545	2478
ENSG00000101144	1.0276531117398575	0.1347268562504378	8.110084701847356	0.21944737581581064	0.02956545505607252	4178	761	0.18017664376840037	0.8508341511285574	4939	3179458	2479
ENSG00000198521	1.3909004283738071	0.1430589552832575	4.042864027159444	0.10939415975990859	0.015649814209342288	2649	2294	0.4802747791952895	0.5499509322865554	4943	6076806	2480
ENSG00000249203	1.0395080715361336	0.1564431240246608	6.395935331964518	0.17306492793688413	0.027074817985548946	4010	935	0.2131501472031403	0.8166830225711482	4945	3749350	2481
ENSG00000134690	9.170239057588978	0.20684073529828464	0.96484630374941	0.026107370910092093	0.0054000677957484955	371	4575	0.9273797841020608	0.10225711481844946	4946	1697325	2482
ENSG00000133466	5.007643146409503	0.15955683179826408	1.759321487348037	0.047604741233707795	0.007595661689826601	835	4112	0.8363101079489695	0.19313052011776255	4947	3433520	2483
ENSG00000182487	7.194355347551379	0.14086401031346216	1.6138809622765025	0.04366932714895086	0.006151436549891767	521	4427	0.8979391560353287	0.13130520117762512	4948	2306467	2484
ENSG00000169715	1.0241545822736602	0.09371087404765434	12.053487161509235	0.32615024679338434	0.030563824697866216	4240	710	0.16800785083415115	0.8608439646712464	4950	3010400	2485
ENSG00000169252	1.3014523169418408	0.16935961938319322	3.6850564490999713	0.09971239477978742	0.0168872532276915	2853	2099	0.4402355250245339	0.5882237487733072	4952	5988447	2486
ENSG00000144366	1.8535934111126093	0.16397772742956912	2.9297751996098595	0.07927555665826479	0.012999425621536307	2071	2884	0.5937193326790972	0.4341511285574092	4955	5972764	2487
ENSG00000131620	1.1127477135980972	0.12301613324542826	6.319548027769453	0.17099799595435716	0.021035512255022402	3479	1478	0.3173699705593719	0.7101079489695781	4957	5141962	2488
ENSG00000169896	2.7174706996446334	0.12893195371620886	3.016286011210416	0.0816164163759338	0.010522964018664727	1497	3461	0.706378802747792	0.32090284592737983	4958	5181117	2489
ENSG00000025708	1.8159389755765478	0.13057376461603679	3.721352125914493	0.10069450425499318	0.013148060496719995	2104	2854	0.5872423945044161	0.4400392541707556	4958	6004816	2490
ENSG00000171102	1.0180368754170168	0.13316578397655215	9.12078822389596	0.24679557793641757	0.032864726617849324	4358	601	0.14484789008832188	0.8822374877330716	4959	2619158	2491
ENSG00000183072	1.363645439283712	0.13899012007573514	4.239566456222031	0.1147166481754177	0.015944480704587167	2709	2251	0.4684985279685967	0.5583905789990187	4960	6097959	2492
ENSG00000197928	1.051010893379989	0.13118322297676302	7.1544108810100155	0.19358819926851115	0.02539552391031113	3901	1063	0.2345436702649657	0.7915603532875368	4964	4146763	2493
ENSG00000146476	3.51466632223408	0.19828240015784077	1.7007491240541563	0.04601985625497945	0.009124927553156147	1190	3777	0.7666339548577037	0.25888125613346413	4967	4494630	2494
ENSG00000167964	2.011076240835658	0.16550308189466453	2.7569309370259387	0.07459863634937819	0.012346304220961437	1929	3041	0.6215897939156035	0.4033366045142296	4970	5866089	2495
ENSG00000182568	1.1227161342556533	0.14090128376317934	5.392375759959192	0.14591003096013097	0.020558910676207697	3442	1529	0.3246319921491658	0.7000981354268891	4971	5262818	2496
ENSG00000164756	1.0091082544539012	0.11566827039998111	12.64677666316625	0.342203818244746	0.039582123780639265	4575	399	0.10225711481844946	0.9218842001962708	4974	1825425	2497
ENSG00000145431	1.732921891427334	0.13677343698269123	3.622879436458999	0.09802997310828257	0.013407896349340602	2179	2794	0.57252208047105	0.4518155053974485	4973	6088126	2498
ENSG00000278962	1.4950095628084998	0.15814138203888953	3.443803518206146	0.09318443304586575	0.014736315026383577	2477	2499	0.5140333660451423	0.5097154072620216	4976	6190023	2499
ENSG00000155380	1.9055260239576117	0.16861524938556918	2.777783244075919	0.0751628701681423	0.012673606097936472	2023	2956	0.6031403336604515	0.42001962708537777	4979	5979988	2500
ENSG00000025039	1.5904659251328563	0.15889887123072752	3.2553212262694218	0.08808436986849326	0.013996506945173485	2346	2633	0.5397448478900884	0.4834151128557409	4979	6177018	2501
ENSG00000175879	1.05699697134159	0.13782114550646507	6.542903008905412	0.1770416645826899	0.02440008501515769	3842	1140	0.24612365063788022	0.7764474975466144	4982	4379880	2502
ENSG00000120738	2.3097271566546436	0.15981780613008378	2.622228336665704	0.07095377525959376	0.01133967669863529	1712	3270	0.664180569185476	0.3583905789990186	4982	5598240	2503
ENSG00000091651	6.591203712059282	0.2049967607873486	1.1340235695153884	0.030685067492173573	0.006290339440436753	582	4401	0.8859666339548578	0.13640824337585866	4983	2561382	2504
ENSG00000164236	1.502221914062227	0.1688580218393419	3.1943492690178554	0.08643455528466255	0.014595168023931354	2466	2517	0.5161923454367027	0.5061825318940137	4983	6206922	2505
ENSG00000211734	15.572308442520345	0.15279296023078814	0.891910220074552	0.024133824054153076	0.003687478418923049	132	4853	0.974288518155054	0.04769381746810597	4985	640596	2506
ENSG00000134020	1.2069944728423163	0.1556449933854808	4.329075996360964	0.11713864922917915	0.018232044284459743	3122	1862	0.38743866535819427	0.6347399411187439	4984	5813164	2507
ENSG00000104814	11.071382233919417	0.18084286969149665	0.9620500538388274	0.026031708358150708	0.004707648842460093	285	4701	0.9442590775269872	0.07752698724239449	4986	1339785	2508
ENSG00000198759	1.0989772712913302	0.13998398127054507	5.628574820868525	0.15230124214870278	0.021319734228424758	3548	1437	0.3038272816486751	0.7181550539744848	4985	5098476	2509
ENSG00000203710	1.4226188400511646	0.1626685440938485	3.4482857284000406	0.09330571528903159	0.01517790486170191	2585	2400	0.49283611383709525	0.5291462217860647	4985	6204000	2510
ENSG00000047346	5.059693968719587	0.1958997621743039	1.4012619814218903	0.037916159443248776	0.0074277666174954226	827	4160	0.8378802747791954	0.1837095191364082	4987	3440320	2511
ENSG00000077935	1.513359444536407	0.15466913028343496	3.469552995518262	0.09388117733800433	0.014520520048854053	2446	2541	0.5201177625122669	0.5014720314033366	4987	6215286	2512
ENSG00000153976	1.4077038602361693	0.1430805739579056	3.945636309553438	0.10676331578360108	0.015275756499966766	2615	2373	0.48694798822374874	0.5344455348380766	4988	6205395	2513
ENSG00000265369	1.3499030499861266	0.1550500779689424	3.7916238593558016	0.10259595757695548	0.015907511221605254	2734	2255	0.4635917566241413	0.5576054955839058	4989	6165170	2514
ENSG00000178199	5.538280750613118	0.14113565243522355	1.8347597101035023	0.04964599242016267	0.0070068195310138215	741	4249	0.8547595682041217	0.16624141315014718	4990	3148509	2515
ENSG00000196091	1.0211011141369557	0.12265737392800473	9.261674355236039	0.25060775659398193	0.030738889309806436	4293	700	0.1576054955839058	0.8628066732090285	4993	3005100	2516
ENSG00000169855	1.3384010786161757	0.1451445750814695	4.08272681341371	0.11047279015130419	0.016034526184575397	2761	2232	0.4582924435721295	0.5621197252208048	4993	6162552	2517
ENSG00000164326	1.0252179056228241	0.10661537278801118	10.206237051962345	0.2761662819004905	0.02944357109629978	4220	774	0.17193326790971541	0.8482826300294406	4994	3266280	2518
ENSG00000139549	5.796228281293877	0.18274833942715282	1.3642360323677183	0.036914289838215285	0.006746025169066465	689	4308	0.8649656526005888	0.15466143277723254	4997	2968212	2519
ENSG00000234883	3.5013555366820945	0.16784797571787008	1.9834363002274695	0.0536689698300676	0.009008227944840288	1193	3804	0.766045142296369	0.25358194308145243	4997	4538172	2520
ENSG00000234949	2.79187142663191	0.17424932282700123	2.1652717377069304	0.058589178564274556	0.010209124689815097	1462	3538	0.7132482826300295	0.30578999018645736	5000	5172556	2521
ENSG00000178860	1.1211377565842786	0.15150405029233371	4.967505808708662	0.13441365338916894	0.02036421290304896	3449	1554	0.3232580961727184	0.6951913640824338	5003	5359746	2522
ENSG00000246082	1.1087196016452172	0.13616100616450763	5.640809453951215	0.15263229394689845	0.02078256671700658	3493	1512	0.3146221786064769	0.7034347399411187	5005	5281416	2523
ENSG00000140527	2.095584901757995	0.16955790103871948	2.6001666921283944	0.07035681848566623	0.011929554466191745	1864	3141	0.6343473994111875	0.3837095191364083	5005	5854824	2524
ENSG00000135063	1.0719200064853978	0.12508981639747346	6.7167867985241605	0.1817467130170239	0.02273466296214382	3718	1288	0.27046123650637877	0.7473994111874387	5006	4788784	2525
ENSG00000172543	8.000751735128476	0.153137103535706	1.3248366423743811	0.03584819829162366	0.0054896892533528915	447	4561	0.9124631992149166	0.10500490677134444	5008	2038767	2526
ENSG00000261742	4.823369589593675	0.16995752594044525	1.6338027830269175	0.04420838332972733	0.007513547456547281	873	4135	0.8288518155053974	0.1886162904808636	5008	3609855	2527
ENSG00000044524	1.053376378830389	0.15357505238583607	5.908696224263159	0.1598809295557643	0.02455372213202267	3880	1128	0.23866535819430812	0.7788027477919529	5008	4376640	2528
ENSG00000163704	2.8333912698483585	0.18045727939814502	2.0650086069214995	0.05587620061757957	0.01008326714655336	1443	3565	0.7169774288518155	0.30049067713444555	5008	5144295	2529
ENSG00000117983	1.0249263360911982	0.09863102549558546	10.99235754332694	0.29743758611580895	0.029336574139533746	4227	782	0.17055937193326787	0.8467124631992149	5009	3305514	2530
ENSG00000079435	3.0400069845488935	0.1537002366509924	2.3285060455878193	0.06300606714490943	0.009684047430620896	1354	3656	0.7344455348380765	0.2826300294406281	5010	4950224	2531
ENSG00000171476	1.0864600539899507	0.121594752064445	6.596185931622496	0.17848342481034785	0.021702647787427257	3615	1395	0.2906771344455349	0.7263984298331698	5010	5042925	2532
ENSG00000186994	5.182656949906952	0.17300828326565432	1.5499232233056544	0.04193872155156811	0.007255746217993097	808	4203	0.8416094210009814	0.1752698724239451	5011	3396024	2533
ENSG00000268027	13.763608249955231	0.1609601587073573	0.8974000754734027	0.024282371745721777	0.003908494409982426	180	4832	0.9648675171736997	0.0518155053974485	5012	869760	2534
ENSG00000103490	1.203581066023442	0.12165142513571744	5.499257043383187	0.1488020867195337	0.01810198591259989	3131	1881	0.3856722276741904	0.6310107948969579	5012	5889411	2535
ENSG00000165194	1.051467822838461	0.15257315081724174	5.965330773557804	0.16141338003934433	0.02462734797666364	3894	1119	0.23591756624141313	0.7805691854759569	5013	4357386	2536
ENSG00000184588	1.0839607026789715	0.13661250877313771	5.899016348355707	0.1596190058590082	0.021805952838273277	3628	1385	0.28812561334641806	0.7283611383709518	5013	5024780	2537
ENSG00000101443	1.009617349948606	0.09386841865256079	14.77311030816287	0.3997393873118714	0.037522904160108894	4562	452	0.10480863591756628	0.9114818449460256	5014	2062024	2538
ENSG00000248290	1.7694353911126026	0.14277789171381652	3.372366816413099	0.09125145733454551	0.013028690694039688	2137	2876	0.5807654563297351	0.43572129538763493	5013	6146012	2539
ENSG00000077092	1.2637513531300577	0.15425120601164843	4.07548797597982	0.11027691748939938	0.017010347517986902	2955	2063	0.42021589793915604	0.5952894995093229	5018	6096165	2540
ENSG00000278030	12.601511180992219	0.15351241114757322	0.9851210949706135	0.026655977970594564	0.004092023449762567	220	4800	0.9570166830225711	0.058096172718351324	5020	1056000	2541
ENSG00000161681	3.1465957803953133	0.16435803596100618	2.114176907253059	0.05720662500619621	0.009402368529976191	1307	3712	0.7436702649656526	0.27163886162904805	5019	4851584	2542
ENSG00000170345	1.9465137110515571	0.14040857125697226	3.255358045234559	0.08808536613740742	0.01236794040800066	1984	3037	0.6107948969578018	0.40412168792934244	5021	6025408	2543
ENSG00000147889	1.536800410706007	0.1331702422367149	3.9370972656355843	0.10653226138051672	0.014186927054068437	2414	2607	0.5263984298331698	0.48851815505397445	5021	6293298	2544
ENSG00000184867	1.0220024009421835	0.10619036501969813	10.349926928298315	0.28005432591636176	0.02973907109440396	4274	748	0.1613346418056919	0.8533856722276743	5022	3196952	2545
ENSG00000272168	1.5202891998100698	0.16656226222956752	3.179526937533434	0.08603348404221457	0.014329931729562656	2440	2582	0.5212953876349362	0.49342492639842983	5022	6300080	2546
ENSG00000102230	1.6294548833699725	0.17673508533110874	2.854545362235787	0.07723994408432583	0.013651008108713393	2296	2729	0.549558390578999	0.46457311089303244	5025	6265784	2547
ENSG00000185477	1.055050553413421	0.12206512808596383	7.299000266923498	0.1975005827362579	0.024107933928753815	3861	1165	0.24239450441609423	0.771540726202159	5026	4498065	2548
ENSG00000110693	2.1756127593792307	0.15111744129023258	2.839359298668771	0.07682903076821772	0.011610206546501613	1810	3216	0.6449460255152111	0.36898920510304223	5026	5820960	2549
ENSG00000198796	1.3113432609939253	0.1317529630525488	4.564419593490627	0.1235067127826207	0.016272375365990382	2833	2194	0.44416094210009816	0.5695780176643768	5027	6215602	2550
ENSG00000122025	1.0430540136016089	0.12308384257755917	7.637211800253185	0.20665210657212305	0.02543553535364417	3969	1060	0.2211972522080471	0.7921491658488714	5029	4207140	2551
ENSG00000151917	2.889373879902227	0.18961725017643366	1.9290551523482682	0.052197493188988385	0.009897545124599103	1422	3607	0.721099116781158	0.2922473012757606	5029	5129154	2552
ENSG00000184408	1.1418297620368318	0.13864039738520703	5.224068440893548	0.1413558739004474	0.019597634530291244	3366	1663	0.33954857703631014	0.6737978410206085	5029	5597658	2553
ENSG00000152086	1.346926061994663	0.16575080394474148	3.497013726808565	0.09462422573283397	0.015684041487865924	2741	2288	0.46221786064769377	0.5511285574092247	5029	6271408	2554
ENSG00000172915	2.1878429049304375	0.16807979501376938	2.526093338859105	0.06835249872941013	0.011488673975118185	1798	3237	0.6473012757605496	0.3648675171736997	5035	5820126	2555
ENSG00000136531	1.1383611282168467	0.16046898688512448	4.505886422822638	0.12192288830069593	0.019564842363720872	3372	1668	0.33837095191364086	0.6728164867517173	5040	5624496	2556
ENSG00000117560	3.4629172517373368	0.12594530606166435	2.5984272430139077	0.07030975146262364	0.008855183167079686	1205	3836	0.7636898920510304	0.2473012757605496	5041	4622380	2557
ENSG00000211452	1.0594691427893546	0.1322013723926595	6.569620231540701	0.17776459468908762	0.023500723380722253	3818	1223	0.25083415112855745	0.7601570166830226	5041	4669414	2558
ENSG00000203883	1.9085260695741262	0.13833373611554514	3.3215758649142435	0.08987712630948567	0.01243303867371991	2018	3023	0.6041216879293425	0.40686947988223754	5041	6100414	2559
ENSG00000129595	1.530513389639783	0.1528670331729168	3.404500516546722	0.09212094963071961	0.014082256263119812	2421	2623	0.5250245338567223	0.48537782139352303	5044	6350283	2560
ENSG00000179455	1.1096776795900143	0.13118229807275175	5.728592711238005	0.1550075842379804	0.020334251119043918	3488	1558	0.315603532875368	0.6944062806673209	5046	5434304	2561
ENSG00000182511	1.3738800126352444	0.14992705655083502	3.791006762964434	0.10257925982487404	0.015379406488706688	2689	2357	0.47242394504416096	0.537585868498528	5046	6337973	2562
ENSG00000184613	1.037166009474132	0.11140287971641984	8.6044871817247	0.2328252048761161	0.025937398293764766	4035	1017	0.20824337585868502	0.8005888125613346	5052	4103595	2563
ENSG00000119630	2.202252148141422	0.14921844229686101	2.811256019218656	0.07606859593259371	0.011350837392770971	1785	3267	0.6498527968596663	0.3589793915603533	5052	5831595	2564
ENSG00000100583	4.640043432793805	0.19908932103514224	1.3837704234596917	0.03744286272257947	0.007454474117050384	906	4149	0.8223748773307163	0.1858684985279686	5055	3758994	2565
ENSG00000173559	1.9712952346408574	0.1991182310213795	2.252233811619406	0.0609422487993174	0.01213471277538487	1965	3090	0.6145240431795878	0.3937193326790972	5055	6071850	2566
ENSG00000069188	1.040945058727704	0.12815772520615748	7.318641305893689	0.19803204136076802	0.02537933593872772	3994	1065	0.2162904808635917	0.7911678115799804	5059	4253610	2567
ENSG00000109819	1.2215442034528587	0.15509701428768405	4.1498534752529	0.11228914230167449	0.017415710707914596	3064	1996	0.39882237487733074	0.6084396467124632	5060	6115744	2568
ENSG00000155966	1.190341716128689	0.16523609105698867	4.041132398859082	0.10934730435699075	0.018068121139567978	3174	1889	0.3772325809617272	0.6294406280667321	5063	5995686	2569
ENSG00000111057	2.957634052428321	0.16253767444687117	2.1874690401642036	0.0591898060488838	0.00962057342614692	1401	3664	0.7252208047105004	0.2810598626104024	5065	5133264	2570
ENSG00000170786	1.0336980493036563	0.10704868418157694	9.079451567142069	0.24567706670217926	0.0262994067240578	4082	989	0.19901864573110895	0.8060843964671246	5071	4037098	2571
ENSG00000058335	1.1879892909670935	0.17781081326837833	3.7462901880271535	0.10136929280403366	0.018024556393925598	3181	1893	0.37585868498527963	0.6286555446516192	5074	6021633	2572
ENSG00000106560	1.5254701728371036	0.1252191314973292	4.116807292756426	0.11139495952847486	0.013948780085335757	2427	2648	0.5238469087340529	0.48047105004906776	5075	6426696	2573
ENSG00000240505	4.888981816277236	0.16368763683989354	1.6206070648799489	0.04385132593442075	0.0071779199145012695	864	4214	0.8306182531894014	0.1731108930323847	5078	3640896	2574
ENSG00000144476	1.0664869759064612	0.11500817798521816	7.188096707460713	0.19449968989882585	0.0223690549539539	3760	1318	0.2622178606476938	0.7415112855740922	5078	4955680	2575
ENSG00000283632	3.678434050468634	0.13129124914094398	2.345876109026512	0.06347607639629332	0.00833385336063534	1127	3954	0.7789990186457312	0.22414131501472034	5081	4456158	2576
ENSG00000152076	1.6372757809262994	0.15791517465966332	3.1417260554056825	0.08501064584860504	0.013424470987113248	2289	2792	0.5509322865554465	0.45220804710500495	5081	6390888	2577
ENSG00000146374	1.1656485582736402	0.17538404404932764	3.9089554816051715	0.10577078466562585	0.018550507956928072	3273	1810	0.357801766437684	0.6449460255152111	5083	5924130	2578
ENSG00000154529	1.7165475518489144	0.17427222366028383	2.762188308604708	0.07474089335889954	0.013025261684011562	2205	2878	0.5674190382728165	0.4353287536800785	5083	6345990	2579
ENSG00000261754	1.5807047706876622	0.1450187448424963	3.482382272159254	0.09422831934650142	0.013664872600247546	2359	2725	0.5371933267909715	0.4653581943081453	5084	6428275	2580
ENSG00000110002	1.1021987622512301	0.13303895997750464	5.645663590984349	0.15276364000220277	0.020323515788270984	3526	1561	0.3081452404317959	0.6938174681059863	5087	5504086	2581
ENSG00000051180	7.039660033283723	0.1837113147057115	1.108697759509993	0.029999787035752706	0.0055113003172294894	535	4554	0.8951913640824337	0.10637880274779199	5089	2436390	2582
ENSG00000168004	1.0296919263529012	0.11489241818718283	8.669428507810412	0.234582424944146	0.026951742066046253	4146	943	0.1864573110893032	0.8151128557409224	5089	3909678	2583
ENSG00000138778	7.523976007829659	0.17861340755462274	1.0904444664153068	0.029505878844052404	0.005270145563230052	488	4602	0.9044160942100098	0.09695780176643765	5090	2245776	2584
ENSG00000158560	1.5869381744432982	0.16148024019273266	3.113335568034708	0.08424243957447412	0.013603489376907849	2349	2741	0.5391560353287537	0.46221786064769377	5090	6438609	2585
ENSG00000072195	1.398991778674642	0.15369947461179637	3.594307031521769	0.0972568444031294	0.014948325887162217	2634	2459	0.48321884200196275	0.5175662414131501	5093	6477006	2586
ENSG00000186854	2.228122761889178	0.2077330964079277	1.9734780497373343	0.05339951371239242	0.011092846330152872	1765	3329	0.6537782139352306	0.34681059862610397	5094	5875685	2587
ENSG00000170476	1.4162772438670226	0.10077829150586934	5.409084930609736	0.14636215739112685	0.01475012816299091	2597	2497	0.4904808635917566	0.510107948969578	5094	6484709	2588
ENSG00000188820	6.766222003302149	0.1466660018319998	1.4208811930700713	0.038447027451419834	0.005638871798624888	564	4531	0.8894995093228656	0.11089303238469084	5095	2555484	2589
ENSG00000102316	3.67534838446109	0.19106963700640228	1.6008544832984004	0.04331684912523636	0.008276534638620006	1130	3966	0.7784102060843965	0.22178606476938179	5096	4481580	2590
ENSG00000251442	2.901626414106046	0.12705625516394428	2.7727753967677806	0.07502736493106298	0.009532696022959503	1416	3680	0.7222767419038273	0.277919528949951	5096	5210880	2591
ENSG00000003400	1.8425247431960936	0.16472559338803686	2.795743006993479	0.07564883585005866	0.012461299374515108	2081	3015	0.591756624141315	0.40843964671246324	5096	6274215	2592
ENSG00000133317	2.0400346776331335	0.11545899259522782	3.7471481245858556	0.10139250734905324	0.011706676755225921	1902	3195	0.6268891069676152	0.37311089303238465	5097	6076890	2593
ENSG00000179277	2.127283080978658	0.15306875999218233	2.74736810283501	0.07433987963527347	0.011379113193739398	1841	3258	0.6388616290480864	0.36074582924435716	5099	5997978	2594
ENSG00000143473	1.3622337496095605	0.17216439321386953	3.265810001653553	0.08836818123646144	0.015213854301988634	2712	2390	0.467909715407262	0.531108930323847	5102	6481680	2595
ENSG00000136982	5.715459144569835	0.1981287448134833	1.1784176836939955	0.031886309182774374	0.006317594415117733	709	4397	0.8610402355250245	0.13719332679097151	5106	3117473	2596
ENSG00000115221	1.0490840064297347	0.11877506712382821	7.408311942829904	0.20045840146510854	0.02380946008955357	3918	1188	0.23120706575073602	0.76702649656526	5106	4654584	2597
ENSG00000138623	1.6556155323946418	0.17318032271078604	2.823901535707436	0.07641076565230899	0.013232841054245116	2272	2837	0.5542688910696761	0.4433758586849853	5109	6445664	2598
ENSG00000111341	1.0099715409365229	0.08399889134228054	15.075021871909117	0.40790868551629955	0.03426387735225613	4551	559	0.10696761530912657	0.8904808635917566	5110	2544009	2599
ENSG00000140807	1.092651267480899	0.1286901282278768	5.909988388525272	0.15991589368584042	0.020579596864106316	3586	1524	0.296368989205103	0.7010794896957802	5110	5465064	2600
ENSG00000162490	1.2854323457870482	0.153963924080021	3.8696132012006985	0.104706238423414	0.01612098334332709	2894	2216	0.4321884200196271	0.5652600588812562	5110	6413104	2601
ENSG00000127528	2.304735699629042	0.17210378068050644	2.3245234404592208	0.06289830350537771	0.010825035831665455	1721	3390	0.662414131501472	0.334838076545633	5111	5834190	2602
ENSG00000177602	7.794331095118263	0.19558781693045008	0.9406137217768106	0.025451671651868915	0.004978036895619663	464	4654	0.9091265947006869	0.08675171736997056	5118	2159456	2603
ENSG00000132321	1.0527019259817925	0.1429849754075556	6.050230186775193	0.16371063760492985	0.02340816149189614	3888	1230	0.2370951913640824	0.758783120706575	5118	4782240	2604
ENSG00000070190	1.2063957050249745	0.12882271140441542	5.00050987594818	0.13530669658331845	0.017430575525037635	3125	1993	0.3868498527968597	0.6090284592737978	5118	6228125	2605
ENSG00000136286	4.0013157518000435	0.1324755387623659	2.1704928803951136	0.058730455271461195	0.007780348703845854	1047	4072	0.7947006869479882	0.20098135426889108	5119	4263384	2606
ENSG00000136573	3.2210468356040303	0.13551664150383655	2.4156856352249023	0.06536502304659061	0.008858048395094834	1286	3834	0.7477919528949951	0.24769381746810604	5120	4930524	2607
ENSG00000151778	1.144031511205555	0.13402190821848656	5.198737782359094	0.14067046224971508	0.018852923780683394	3357	1765	0.341315014720314	0.6537782139352306	5122	5925105	2608
ENSG00000016402	1.0503663707871849	0.1168748893956814	7.4518015226384335	0.20163516774008222	0.023566087927901776	3907	1217	0.23336604514229642	0.7613346418056919	5124	4754819	2609
ENSG00000287331	1.455164769145222	0.16360637937003739	3.2305266493748825	0.08741346382570796	0.014301400324717816	2534	2590	0.5028459273797841	0.4918547595682041	5124	6563060	2610
ENSG00000179593	1.0065774997939418	0.10988138742598669	12.595539585255127	0.340817415672464	0.037449490493029564	4672	456	0.08321884200196272	0.9106967615309126	5128	2130432	2611
ENSG00000049768	5.430693036500976	0.16282836632147288	1.482663410418288	0.04011876652290696	0.006532473211757537	768	4361	0.8494602551521099	0.1442590775269872	5129	3349248	2612
ENSG00000175857	2.5090419349797313	0.1820693158842622	2.073860122847866	0.05611571006950805	0.010216948942714934	1596	3536	0.6869479882237488	0.3061825318940138	5132	5643456	2613
ENSG00000204257	7.181146734753113	0.15552947129570555	1.2433279520741005	0.03364268887339208	0.005232429613444585	522	4612	0.8977428851815505	0.09499509322865551	5134	2407464	2614
ENSG00000100721	5.119843069232166	0.15033697546503114	1.6495445847565011	0.044634334131373465	0.0067101907952062945	817	4318	0.8398429833169774	0.1526987242394504	5135	3527806	2615
ENSG00000250786	1.0250456991847132	0.13550046494044898	7.451425530459504	0.20162499392562447	0.02732028042053732	4222	913	0.171540726202159	0.8210009813542689	5135	3854686	2616
ENSG00000182871	3.1431423842004764	0.16482368067500816	1.9984029963779728	0.05407394737538379	0.008912667035037453	1310	3825	0.7430814524043179	0.2494602551521099	5135	5010750	2617
ENSG00000080200	2.4393961127846993	0.17306475125656665	2.2104482049193273	0.05981158961703844	0.010351277879332602	1628	3507	0.680667320902846	0.3118743866535819	5135	5709396	2618
ENSG00000260314	2.2562544604946817	0.15554839575723894	2.5718523288132245	0.06959067202039021	0.010824717392439872	1745	3391	0.6577036310107949	0.33464180569185475	5136	5917295	2619
ENSG00000085514	5.47148572470682	0.1393082651032068	1.6921604246534168	0.04578745824503835	0.006378571371601814	756	4382	0.8518155053974485	0.14013738959764477	5138	3312792	2620
ENSG00000165929	1.2879695987784714	0.11102207327765679	5.2964300751397015	0.1433138769705565	0.015911003750730214	2886	2254	0.4337585868498528	0.557801766437684	5140	6505044	2621
ENSG00000137807	9.070436559483678	0.1828320471969849	0.8662253197970273	0.02343882712487197	0.004285368747136562	379	4763	0.9258096172718351	0.06535819430814527	5142	1805177	2622
ENSG00000249242	1.0536248072095094	0.1041068960213488	8.182112048370016	0.22139633353480626	0.023048885074815933	3877	1267	0.23925417075564281	0.7515210991167811	5144	4912159	2623
ENSG00000117480	3.1189651449301667	0.19203621609724164	1.7215767080529252	0.046583421103084194	0.008945703921500682	1323	3821	0.7405299313052012	0.25024533856722275	5144	5055183	2624
ENSG00000171241	5.920597562772656	0.18841480548974845	1.1536973490763975	0.031217412030580028	0.005881822615635069	668	4479	0.8690873405299313	0.12109911678115803	5147	2991972	2625
ENSG00000170035	4.047196569549864	0.21306446607581586	1.3182399480909972	0.0356697011115365	0.00759994582241346	1039	4109	0.7962708537782139	0.19371933267909713	5148	4269251	2626
ENSG00000100985	1.114733012205519	0.12421307309216949	5.811875167594633	0.15726108924697169	0.01953388317318828	3475	1674	0.31815505397448474	0.6716388616290481	5149	5817150	2627
ENSG00000117385	3.3323129463260854	0.17412879525369485	1.8179674761105533	0.0491916184130702	0.008565677250847387	1255	3896	0.7538763493621197	0.2355250245338567	5151	4889480	2628
ENSG00000284395	1.8174455746169744	0.15933797857308185	2.856956046628695	0.07730517378085702	0.012317650123482566	2102	3049	0.5876349362119726	0.4017664376840039	5151	6408998	2629
ENSG00000159307	1.1365620649480088	0.1399308742910404	4.9715183898858015	0.13452222813800857	0.018823812994930335	3380	1772	0.33680078508341516	0.6524043179587831	5152	5989360	2630
ENSG00000133401	1.3280338759639798	0.1590221312197799	3.5515385560118107	0.09609959018651619	0.01528196164080725	2785	2370	0.4535819430814524	0.5350343473994112	5155	6600450	2631
ENSG00000159387	1.2202670941474396	0.1545728323494377	4.051194445970878	0.1096195690638582	0.01694420727112536	3070	2086	0.39764474975466146	0.590775269872424	5156	6404020	2632
ENSG00000205413	2.329850680571559	0.09847546256185635	3.9549579764798453	0.10701554685398228	0.010538405477755915	1700	3458	0.6665358194308145	0.3214916584887144	5158	5878600	2633
ENSG00000203797	1.1857730769336734	0.13500848126499765	4.815139984033195	0.13029085053096615	0.017590369852910553	3196	1962	0.3729146221786065	0.6151128557409224	5158	6270552	2634
ENSG00000168405	1.0820438975586515	0.15070090837020703	5.096744222544804	0.13791066135068616	0.020783261939484408	3648	1511	0.2842001962708538	0.703631010794897	5159	5512128	2635
ENSG00000089692	4.039363054004621	0.16994062200436527	1.6457450337557737	0.04453152367660743	0.007567714832404786	1041	4119	0.7958783120706575	0.191756624141315	5160	4287879	2636
ENSG00000123700	1.085466197371219	0.14785555307855958	5.1217411975872045	0.1385870439999498	0.02049086404013525	3620	1540	0.28969578017664377	0.6979391560353287	5160	5574800	2637
ENSG00000151715	1.21044399933143	0.1289375415332216	4.903985272598107	0.1326948778803633	0.01710935132794511	3111	2050	0.38959764474975467	0.5978410206084397	5161	6377550	2638
ENSG00000130653	1.7548238271725014	0.155064076132296	2.9703730547896825	0.080374076970997535	0.012463131990493781	2148	3014	0.5786064769381747	0.4086359175662414	5162	6474072	2639
ENSG00000125398	1.2181079128603411	0.1380570623830613	4.53468418007347	0.1227021147194578	0.01693989350635773	3077	2087	0.3962708537782139	0.5905789990186457	5164	6421699	2640
ENSG00000142089	1.4164785312098311	0.10476382111204044	5.069558668635117	0.13717505886502765	0.014370983327969374	2595	2572	0.490873405299313	0.49538763493621196	5167	6674340	2641
ENSG00000157703	1.466985245829903	0.16104936537373585	3.2020170749707386	0.08664203522556155	0.013953644787765554	2522	2646	0.5052011776251226	0.4808635917566242	5168	6673212	2642
ENSG00000121621	7.747593623400855	0.1818402008118075	0.9533765916203722	0.025797016786724334	0.004690934712843522	468	4704	0.908341511285574	0.0769381746810599	5172	2201472	2643
ENSG00000173083	2.454583626280405	0.16114449702607145	2.3208776532094046	0.0627996536793688	0.010119818605573361	1616	3558	0.6830225711481845	0.301864573110893	5174	5749728	2644
ENSG00000146410	6.25355833729071	0.20059145897204886	1.0166248232174873	0.027508424122065226	0.005517954928666966	630	4551	0.8765456329735034	0.10696761530912657	5181	2867130	2645
ENSG00000138795	1.0723832462697638	0.14059368080384	5.5504655641311125	0.1501877165755304	0.02111544388487771	3714	1467	0.2712463199214916	0.7122669283611384	5181	5448438	2646
ENSG00000177706	1.4068741477072146	0.1596596007271308	3.3327183093371224	0.09017862503344072	0.014397883266960789	2616	2567	0.4867517173699706	0.4963689892051031	5183	6715272	2647
ENSG00000105559	1.191682132035011	0.14890279356987993	4.300856226569362	0.11637506233032928	0.01732857188285493	3168	2016	0.37841020608439646	0.6045142296368989	5184	6386688	2648
ENSG00000100626	1.1335121768677432	0.1344264137382267	5.14475047455513	0.1392096423618239	0.018713452980481108	3398	1788	0.3332679097154072	0.6492639842983317	5186	6075624	2649
ENSG00000120251	1.0398087350739234	0.10174103936076259	8.66061431913463	0.23434392551461414	0.023842394549737973	4003	1184	0.21452404317958784	0.7678115799803729	5187	4739552	2650
ENSG00000135373	1.0581131438260318	0.102102654411374	7.980895969728976	0.21595171217102865	0.02204924303734305	3833	1356	0.2478900883218842	0.7340529931305202	5189	5197548	2651
ENSG00000153446	1.0246459768909757	0.11720920687913558	8.45108678121388	0.22867440786489304	0.026802745979400078	4236	956	0.168792934249264	0.8125613346418057	5192	4049616	2652
ENSG00000151376	1.2803115067877173	0.11500989838663224	5.04841029802394	0.136602813986704	0.015710675755938854	2911	2282	0.4288518155053974	0.552306182531894	5193	6642902	2653
ENSG00000152527	1.2070705259938592	0.1502991449816979	4.172866465160542	0.11291184113042499	0.016970553180212188	3121	2073	0.38763493621197254	0.5933267909715407	5194	6469833	2654
ENSG00000211955	1.3015703363306201	0.11643241188854679	4.904429939629339	0.13270690993880696	0.015451385598451457	2852	2342	0.44043179587831205	0.5405299313052012	5194	6679384	2655
ENSG00000128573	1.3347612985494066	0.1565999817730611	3.5513504006892496	0.09609449897066584	0.015048396787297708	2767	2427	0.4571148184494602	0.5238469087340529	5194	6715509	2656
ENSG00000013619	1.5657131966379885	0.17333856417271334	2.8368066051377463	0.07675995850606024	0.013305460993397536	2381	2816	0.5328753680078508	0.4474975466143277	5197	6704896	2657
ENSG00000163534	5.68045234344287	0.14043695610961293	1.5442763127599808	0.04178592417074268	0.005868287998766204	716	4485	0.8596663395485771	0.11992149165848875	5201	3211260	2658
ENSG00000251095	1.125401919789569	0.1610374340704399	4.324548009533618	0.11701612833531436	0.01884397705197632	3432	1769	0.32659470068694796	0.6529931305201178	5201	6071208	2659
ENSG00000111252	2.6392610877872364	0.15093326072526564	2.3509714262750343	0.06361394844575326	0.009601460666526482	1534	3669	0.699116781157998	0.28007850834151127	5203	5628246	2660
ENSG00000105996	2.198591894659008	0.17585838889829508	2.243578115020433	0.06070803794032727	0.010676017745362525	1788	3417	0.6492639842983317	0.3295387634936212	5205	6109596	2661
ENSG00000163599	1.840989044684668	0.13148567044733725	3.3747019830420277	0.09131464362761768	0.012006567139036983	2084	3122	0.5911678115799803	0.38743866535819427	5206	6506248	2662
ENSG00000173369	8.979038496153002	0.13399788295502532	1.0836887009304406	0.029323077423132195	0.003929230296426014	383	4825	0.9250245338567222	0.05318940137389594	5208	1847975	2663
ENSG00000013588	1.1255294595616958	0.11891917872556093	5.828673492737326	0.15771562807192688	0.01875541296249957	3431	1781	0.3267909715407262	0.6506378802747792	5212	6110611	2664
ENSG00000257588	1.7562811356193453	0.13337302952297975	3.382578737778485	0.09152777742589559	0.012207336960796691	2147	3068	0.5788027477919528	0.3980372914622179	5215	6586996	2665
ENSG00000166750	1.3317532987222072	0.16450382806406733	3.3727922128197005	0.09126296795725071	0.015013107589456056	2775	2440	0.4555446516192345	0.5212953876349362	5215	6771000	2666
ENSG00000196954	1.3255344095739527	0.1503159858933693	3.703347868408472	0.10020733461269482	0.015062764296053972	2794	2422	0.4518155053974485	0.524828263002944	5216	6767068	2667
ENSG00000125144	1.0201880661349463	0.10732573153340721	9.448802046681626	0.25567116620557956	0.027440094945013167	4314	903	0.15348380765456326	0.822963689892051	5217	3895542	2668
ENSG00000109738	1.1975841764248008	0.14987495888384772	4.185771948869456	0.11326104519396699	0.01697499449158742	3145	2072	0.3829244357212954	0.5935230618253189	5217	6516440	2669
ENSG00000135077	11.230436453981456	0.14240412425175872	0.7480130279609155	0.020240170367723867	0.0028822837359221143	272	4947	0.9468105986261041	0.02924435721295393	5219	1345584	2670
ENSG00000145246	1.689054805712378	0.14696828133309087	3.1608250331781202	0.0855274370668239	0.0125698204325352	2235	2983	0.5615309126594701	0.41472031403336607	5218	6667005	2671
ENSG00000162069	1.610397723671159	0.12372263955874045	3.8609299348095965	0.1044712815649976	0.012925462713305885	2319	2899	0.5450441609421002	0.431207065750736	5218	6722781	2672
ENSG00000140279	1.7516648403080186	0.15847033370597352	2.85166427897074	0.07716198606227491	0.012227885680704383	2154	3065	0.5774288518155054	0.3986261040235525	5219	6602010	2673
ENSG00000110042	1.175507905242849	0.15117651213515582	4.2779634491086345	0.11575561627969215	0.01749953032921932	3240	1980	0.3642787046123651	0.6115799803729146	5220	6415200	2674
ENSG00000171903	1.0704892402285267	0.11713218690484599	6.603825341225881	0.17869013638635187	0.02093036645325859	3731	1491	0.26790971540726205	0.7075564278704612	5222	5562921	2675
ENSG00000109743	1.6795660597352193	0.16730708706920883	2.7796910647780595	0.07521449308726132	0.012583917743816835	2244	2979	0.5597644749754662	0.4155053974484789	5223	6684876	2676
ENSG00000204577	5.594689786260627	0.1738084464421422	1.240729955609107	0.03357239077817099	0.0058351650845024005	733	4492	0.8563297350343474	0.1185475956820412	5225	3292636	2677
ENSG00000134627	2.115149041441871	0.19241308524809247	2.087515941611157	0.05648521713415534	0.010868494899691244	1848	3379	0.6374877330716389	0.3369970559371933	5227	6244392	2678
ENSG00000072818	9.475460670204859	0.16926887419573936	0.7689797338108763	0.02080749965557062	0.003522062041526673	352	4879	0.9311089303238469	0.04259077526987243	5231	1717408	2679
ENSG00000082397	1.0093594560567476	0.10358386696428254	11.192685701951772	0.30285818162478306	0.03137122159446605	4567	664	0.10382728164867516	0.8698724239450442	5231	3032488	2680
ENSG00000165795	1.8215102793098916	0.15312935763480703	2.885435623452287	0.07807579068906988	0.011955695675046918	2098	3134	0.5884200196270855	0.3850834151128557	5232	6575132	2681
ENSG00000268941	4.043507593885106	0.1622145088255498	1.6592303463826532	0.04489641708731995	0.007282850245846627	1040	4193	0.7960745829244358	0.17723258096172723	5233	4360720	2682
ENSG00000140798	1.251384728039375	0.11619769629819285	5.080986127773832	0.13748426968247596	0.015975355414343185	2987	2246	0.4139352306182532	0.5593719332679097	5233	6708802	2683
ENSG00000116729	1.278955496422434	0.14163998168889996	4.048785522448062	0.10955438701397129	0.015517281370597553	2915	2319	0.42806673209028456	0.5450441609421002	5234	6759885	2684
ENSG00000184828	1.0456592411726033	0.11904996968152687	7.073345908860803	0.1913946962333734	0.02278553278378815	3949	1286	0.22512266928361135	0.7477919528949951	5235	5078414	2685
ENSG00000274565	2.80406955677675	0.188776582594328	1.7862349905658041	0.04833298241395146	0.00912413524669751	1458	3778	0.7140333660451423	0.258684985279686	5236	5508324	2686
ENSG00000196636	1.07079748698122	0.12337030400931487	6.237398383587048	0.1687751432342216	0.02082184073002158	3729	1507	0.2683022571148185	0.7044160942100098	5236	5619603	2687
ENSG00000140557	1.2290014514515237	0.15712315970301033	3.831353183280579	0.10367097666722994	0.016289111423452227	3045	2191	0.40255152109911674	0.5701668302257115	5236	6671595	2688
ENSG00000089327	1.3406631662097903	0.1514286403200603	3.620942370868502	0.09797755886401201	0.014836608520656009	2756	2480	0.4592737978410206	0.5134445534838077	5236	6834880	2689
ENSG00000120875	1.3385358939662173	0.14257202207099165	3.848824985628234	0.1041437388290224	0.014847983430886972	2760	2477	0.4584887144259078	0.5140333660451423	5237	6836520	2690
ENSG00000205364	1.1289173912400368	0.15165854010605162	4.501243752274363	0.12179726422819222	0.018471595281758655	3417	1821	0.3295387634936212	0.6427870461236507	5238	6222357	2691
ENSG00000088002	1.230799535007975	0.12369017363983206	4.844632457227876	0.13108887497668084	0.01621440570811589	3034	2204	0.40471050049067714	0.5676153091265947	5238	6686936	2692
ENSG00000169313	1.4222025160192042	0.1646546258183953	3.1269036948977806	0.08460957382082288	0.013931357718121484	2586	2654	0.492639842983317	0.4792934249263985	5240	6863244	2693
ENSG00000181036	4.504514566177826	0.16719148932962147	1.5021553195072497	0.040646189904593545	0.006795697025723619	941	4301	0.8155053974484789	0.1560353287536801	5242	4047241	2694
ENSG00000132170	1.4760224941439417	0.13418174425011056	3.7536794929436157	0.10156923690235499	0.01362873736971069	2508	2734	0.5079489695780177	0.4635917566241413	5242	6856872	2695
ENSG00000148154	3.1255783178380017	0.19365096392680892	1.6171336168064914	0.043757339361804676	0.008473650946285972	1320	3923	0.7411187438665359	0.2302257114818449	5243	5178360	2696
ENSG00000139572	3.0695975112112257	0.1447716680168989	2.185355058599839	0.05913260470957878	0.008560725817989652	1344	3899	0.7364082433758588	0.23493621197252212	5243	5240256	2697
ENSG00000102962	1.2861883844468376	0.13272864723545733	4.282473997711949	0.11587766531997672	0.015380285762723577	2890	2356	0.43297350343473995	0.5377821393523061	5246	6808840	2698
ENSG00000185518	1.333406804294513	0.1554773613146487	3.530871516323676	0.09554036943948635	0.01485436453947804	2772	2475	0.4561334641805692	0.5144259077526987	5247	6860700	2699
ENSG00000115461	1.0181897976564065	0.09728618875389827	10.475980190484586	0.28346514819710794	0.02757724391265559	4353	895	0.145829244357213	0.8245338567222767	5248	3895935	2700
ENSG00000060558	1.0349071258931108	0.10845191669170921	8.128364415354396	0.2199419989063526	0.02385313134239975	4066	1183	0.20215897939156036	0.7680078508341511	5249	4810078	2701
ENSG00000144868	1.0584940600252113	0.13335121430571006	5.963406599899845	0.16136131463246187	0.02151772724820453	3831	1420	0.24828263002944062	0.7214916584887144	5251	5440020	2702
ENSG00000149554	6.278018387503857	0.1989192631447609	0.9551326383805497	0.025844532918490877	0.005140975444466723	627	4627	0.8771344455348381	0.09205103042198237	5254	2901129	2703
ENSG00000160886	1.0862183345582666	0.1306493491130645	5.59514019346499	0.15139654860790488	0.019779860533587205	3616	1639	0.2904808635917566	0.6785083415112856	5255	5926624	2704
ENSG00000184060	5.911756833587044	0.12506342404867254	1.5737191467770801	0.042582605450799	0.00532552644259059	669	4589	0.8688910696761531	0.09950932286555447	5258	3070041	2705
ENSG00000111275	1.04803584745916	0.12134911591245445	6.776082663393595	0.18335117492102376	0.022249502978176024	3925	1334	0.22983316977428847	0.7383709519136408	5259	5235950	2706
ENSG00000078053	1.0123879011186896	0.13326679924585344	8.185369056367868	0.22148446354631862	0.029516525539502788	4495	766	0.11795878312070662	0.8498527968596663	5261	3443170	2707
ENSG00000078725	1.0766214728181958	0.13813206767454325	5.395883386875975	0.14600494236371395	0.02016796457940232	3680	1581	0.277919528949951	0.6898920510304221	5261	5818080	2708
ENSG00000160111	1.125834721580069	0.13695390621588743	4.971886823244726	0.13453219742153044	0.018424709948685534	3428	1833	0.3273797841020608	0.6404317958783121	5261	6283524	2709
ENSG00000156042	2.4566586163347015	0.17879579541223714	2.0056000781727663	0.05426869018898713	0.009703013628320224	1613	3649	0.6836113837095191	0.28400392541707553	5262	5885837	2710
ENSG00000166825	1.010883284010582	0.1220157756050364	9.087949624695717	0.24590701207244836	0.030004534804736836	4531	733	0.11089303238469084	0.8563297350343474	5264	3321223	2711
ENSG00000131747	4.90426690868245	0.15809657250885006	1.4597041211886999	0.03949752075825031	0.006244422654476531	859	4405	0.8315996074582924	0.1356231599607458	5264	3783895	2712
ENSG00000088726	1.1858147207352707	0.14779750894134583	4.248808625402012	0.1149667281496664	0.016991796031657593	3195	2069	0.37311089303238465	0.5941118743866536	5264	6610455	2713
ENSG00000180818	2.050636730923056	0.0717714655010127	5.613610211505953	0.1518963210689048	0.01090182156732765	1895	3372	0.6282630029440628	0.33837095191364086	5267	6389940	2714
ENSG00000237499	2.0145087315852073	0.19486740147850826	2.0908445873354613	0.056575285560820816	0.011024678885141722	1924	3343	0.6225711481844947	0.344062806673209	5267	6431932	2715
ENSG00000109906	1.0276846649408657	0.1073362749192139	8.569074315117964	0.23186698299155387	0.024887738231070117	4174	1094	0.18096172718351322	0.7854759568204122	5268	4566356	2716
ENSG00000110031	4.68941546948736	0.1560176353395257	1.5172481933058115	0.041054581637895556	0.006405238746997976	897	4376	0.8241413150147203	0.14131501472031405	5273	3925272	2717
ENSG00000184731	1.379053087811436	0.13544451399301158	3.8967009582634526	0.1054391946652648	0.01428116047725133	2677	2596	0.4747791952894995	0.49067713444553485	5273	6949492	2718
ENSG00000110171	3.2867873506487597	0.16975412347697846	1.7683965055867252	0.04785029834083728	0.00812278545296075	1269	4005	0.7511285574092248	0.21413150147203142	5274	5082345	2719
ENSG00000132561	1.2098675704817403	0.14337203462417383	4.234118919695226	0.11456924557243432	0.01642602584307653	3113	2162	0.38920510304219824	0.5758586849852797	5275	6730306	2720
ENSG00000107807	1.2441853724867074	0.11599483877370062	5.011880291972269	0.1356143638950855	0.01573056627540841	2999	2276	0.41157998037291466	0.5534838076545633	5275	6825724	2721
ENSG00000150687	1.1947975454801436	0.15047560991426379	4.10772289182529	0.11114914853901105	0.01672523591785879	3156	2120	0.380765456329735	0.5841020608439647	5276	6690720	2722
ENSG00000280219	1.2608076307141929	0.13116008126948805	4.3852977755815985	0.11865993074068466	0.015563446159380025	2965	2311	0.4182531894013739	0.5466143277723259	5276	6852115	2723
ENSG00000198251	1.5807572028487025	0.13741224514257924	3.445715423633899	0.09323616649185958	0.01281179096613374	2358	2921	0.5373895976447498	0.4268891069676153	5279	6887718	2724
ENSG00000166246	3.1126752333930243	0.18366672710340606	1.6765856543064528	0.04536602707542348	0.008332229714627536	1329	3955	0.7393523061825319	0.22394504416094207	5284	5256195	2725
ENSG00000050555	1.1741463522228335	0.1426218368260288	4.447846612827501	0.12035241345801274	0.017164882273827446	3246	2038	0.36310107948969583	0.6001962708537782	5284	6615348	2726
ENSG00000168461	1.7601414076219999	0.1511948806050451	2.916522238697785	0.07891695035501843	0.011931838886641283	2145	3140	0.5791952894995094	0.38390578999018643	5285	6735300	2727
ENSG00000113368	6.669261396097919	0.16356528113273452	1.052163097769387	0.028470039367545927	0.004656709993012669	574	4712	0.8875368007850835	0.0753680078508342	5286	2704688	2728
ENSG00000198624	3.0171723395136447	0.16633570183551627	1.883375774587334	0.05096147409090761	0.008476712559483596	1364	3922	0.7324828263002945	0.23042198233562317	5286	5349608	2729
ENSG00000142606	1.3684381725992911	0.1458978816347419	3.62713359141874	0.09814508450064773	0.014319159921507243	2701	2586	0.4700686947988224	0.492639842983317	5287	6984786	2730
ENSG00000287826	1.041174022827466	0.1342153930299296	6.214054879354015	0.1681435011571521	0.02256744609323559	3990	1301	0.21707556427870456	0.7448478900883219	5291	5190990	2731
ENSG00000185149	1.5260182068442305	0.14705813975927645	3.288154419777074	0.08897278946209698	0.013084172907489738	2426	2865	0.5240431795878312	0.43788027477919533	5291	6950490	2732
ENSG00000180061	5.618077216421719	0.16784287078716428	1.2039525142408527	0.032577245438240705	0.005467858396692372	728	4564	0.8573110893032385	0.10441609421000986	5292	3322592	2733
ENSG00000176293	1.2389574694735481	0.07566101530235644	7.678016215944644	0.20775621611898737	0.015719046246938376	3012	2280	0.40902845927379783	0.5526987242394504	5292	6867360	2734
ENSG00000149294	1.1060939684729907	0.16104252834186633	4.294360813316112	0.1161993056710998	0.01871302997684328	3505	1789	0.31226692836113834	0.6490677134445535	5294	6270445	2735
ENSG00000163568	1.6630998109381714	0.14534967031725263	3.1524702321073366	0.08530136801355878	0.012398525718381407	2265	3029	0.5556427870461236	0.40569185475956815	5294	6860685	2736
ENSG00000136404	4.25262474936022	0.17546157340888538	1.4378843455121453	0.03890710861224413	0.00682670249389475	1006	4294	0.802747791952895	0.15740922473012753	5300	4319764	2737
ENSG00000150471	1.2632012584883878	0.15891077860120023	3.5912564148964585	0.09717429904908495	0.015442043521915961	2957	2344	0.4198233562315996	0.5401373895976447	5301	6931208	2738
ENSG00000035720	3.1418952655286754	0.1325541636954381	2.2784962209738153	0.06165287230416353	0.008172344927700035	1312	3990	0.7426889106967616	0.21707556427870456	5302	5234880	2739
ENSG00000137642	1.2122532937986843	0.1359823009785807	4.408263342231864	0.11928134636343098	0.016220151942322403	3102	2202	0.39136408243375864	0.5680078508341511	5304	6830604	2740
ENSG00000126262	1.0969560442187216	0.13316747467763593	5.266320213136293	0.14249914686036183	0.018976251531111956	3562	1746	0.30107948969578013	0.6575073601570167	5308	6219252	2741
ENSG00000169862	1.0204121451509927	0.09990928024466228	9.68183750382796	0.2619767747686014	0.026173911007948965	4308	1001	0.15466143277723254	0.803729146221786	5309	4312308	2742
ENSG00000165626	1.0586298703003583	0.11748427073829809	6.600645635250685	0.17860409805780475	0.020983172211192672	3829	1481	0.24867517173699705	0.7095191364082434	5310	5670749	2743
ENSG00000139219	1.0083459608125709	0.0759574422568029	14.890617395475	0.40291896223598195	0.030604693808210546	4602	709	0.09695780176643765	0.8610402355250245	5311	3262818	2744
ENSG00000137502	2.1204411287891487	0.1797895666528283	2.1597671804009093	0.058440233059974346	0.010506944176943077	1845	3466	0.6380765456329736	0.3199214916584887	5311	6394770	2745
ENSG00000211794	9.95302943277128	0.14786509592489203	0.6326204864787089	0.017117812051143128	0.002531126920966551	335	4978	0.9344455348380766	0.023159960745829267	5313	1667630	2746
ENSG00000066735	1.3980914175616823	0.1378288039844707	3.7138786727586957	0.10049228322480486	0.013850731206543542	2637	2675	0.48263002944062805	0.47517173699705595	5312	7053975	2747
ENSG00000158488	2.7179271462565886	0.1523804576742575	2.173358940094773	0.058808006777165994	0.008961190987615391	1496	3818	0.7065750736015701	0.25083415112855745	5314	5711728	2748
ENSG00000167759	1.2892761713858802	0.150851685207563	3.684597252256883	0.09969996956526707	0.01503990842406328	2883	2431	0.4343473994111874	0.5230618253189401	5314	7008573	2749
ENSG00000185352	1.0286562848162308	0.1044026424633668	8.57461010432987	0.23201677358687844	0.024223164258294794	4157	1158	0.1842983316977429	0.7729146221786065	5315	4813806	2750
ENSG00000204767	1.163251289801771	0.12951778033715475	4.913600988331448	0.1329550654939146	0.01722004496735285	3285	2032	0.35544651619234546	0.6013738959764474	5317	6675120	2751
ENSG00000104413	1.3445355258313898	0.16111451699742446	3.300010319502415	0.08929359327343928	0.01438649415121464	2748	2569	0.46084396467124633	0.49597644749754666	5317	7059612	2752
ENSG00000075213	1.2936330541921	0.13987660654078468	3.9592773923842737	0.10713242411484097	0.014985319935672084	2872	2447	0.4365063788027478	0.5199214916584887	5319	7027784	2753
ENSG00000182179	1.4182176712206742	0.13085251944099288	3.857127643570961	0.1043683969632849	0.013656867692663499	2591	2728	0.49165848871442586	0.4647693817468106	5319	7068248	2754
ENSG00000183018	1.471101903439683	0.1902449782924784	2.5928448461095375	0.07015869972932333	0.013347340307033627	2515	2806	0.5065750736015702	0.44946025515210997	5321	7057090	2755
ENSG00000198910	1.1357925994712166	0.1506691650332391	4.359501831990827	0.11796192913702719	0.017773225368786005	3383	1941	0.33621197252208046	0.619234543670265	5324	6566403	2756
ENSG00000204740	1.0307189533986583	0.15095716137536203	5.80587975407471	0.15709886187053285	0.023715198243275736	4130	1197	0.1895976447497547	0.7652600588812561	5327	4943610	2757
ENSG00000119946	1.1764009744364956	0.1563996893246289	4.001022122754973	0.10826197724169079	0.01693213960627048	3238	2089	0.36467124631992154	0.5901864573110893	5327	6764182	2758
ENSG00000167178	2.105377755200018	0.1760339894465428	2.200011477364912	0.05952918658943513	0.010479160203845901	1858	3470	0.6355250245338567	0.31913640824337586	5328	6447260	2759
ENSG00000112541	1.1081448217550773	0.1375699929707422	4.9531205982636095	0.13402441002134002	0.01843773714454362	3499	1830	0.3134445534838076	0.6410206084396467	5329	6403170	2760
ENSG00000187634	1.4863176188062817	0.11662714626182805	4.185671739831294	0.11325833367968988	0.013208996247432117	2488	2841	0.511874386653582	0.44259077526987245	5329	7068408	2761
ENSG00000169684	2.7749372568524464	0.18218064251816124	1.7756726958371198	0.0480471817169162	0.008753266436374644	1470	3860	0.7116781157998038	0.24259077526987238	5330	5674200	2762
ENSG00000266088	3.0141955744434847	0.148753244642964	2.0571058588853743	0.055662363477522805	0.008279957171777534	1367	3964	0.7318940137389598	0.2221786064769382	5331	5418788	2763
ENSG00000254810	6.952201677208642	0.18283435454799665	0.8413099157860167	0.022764651671887914	0.0041621603949396	543	4790	0.893621197252208	0.060058881256133456	5333	2600970	2764
ENSG00000120280	1.725002851535988	0.10953242145541359	4.023041498809054	0.10885779029048284	0.011923457364802196	2192	3142	0.5699705593719333	0.38351324828263	5334	6887264	2765
ENSG00000056558	3.4384786717410054	0.16523343563187598	1.6863943376134156	0.0456314361175055	0.007539838962511906	1213	4125	0.7621197252208047	0.19057899901864572	5338	5003625	2766
ENSG00000064201	2.34163475535022	0.1533984817162447	2.3381223611363966	0.06326627098860929	0.009704949913501165	1690	3648	0.6684985279685967	0.2842001962708538	5338	6165120	2767
ENSG00000114115	1.0228732225296588	0.10703490357256366	8.65342766940645	0.2341494649779199	0.02506216540547903	4259	1084	0.16427870461236505	0.7874386653581943	5343	4616756	2768
ENSG00000138311	1.3985064536565277	0.13284149714275736	3.815088291086286	0.1032308717803905	0.013713343558659098	2635	2708	0.4830225711481845	0.46869479882237486	5343	7135580	2769
ENSG00000279930	1.8859827967181786	0.15540449177614077	2.6614028655350572	0.0720137823834703	0.011191265252180801	2040	3304	0.5998037291462217	0.35171736997055936	5344	6740160	2770
ENSG00000106948	4.948978057262363	0.18244944413893915	1.1746509795741304	0.03178438751796233	0.005799043834948863	849	4498	0.8335623159960746	0.11736997055937193	5347	3818802	2771
ENSG00000198650	1.0278656534599084	0.11924261421799476	7.413477602416623	0.20059817687835482	0.02391985101833874	4170	1177	0.18174681059862607	0.7691854759568204	5347	4908090	2772
ENSG00000161642	1.761728981147507	0.15796277761525263	2.724601367483283	0.07372384410512771	0.011645623191319841	2142	3207	0.579784102060844	0.3707556427870461	5349	6869394	2773
ENSG00000101384	1.3589583823524378	0.14267312414480063	3.634624705690371	0.09834778341555196	0.01403158551261301	2720	2629	0.4663395485770363	0.48420019627085376	5349	7150880	2774
ENSG00000127249	1.0425230663070275	0.12272170504412293	6.582757898705824	0.1781200813072571	0.0218592000806244	3972	1380	0.2206084396467125	0.729342492639843	5352	5481360	2775
ENSG00000118402	1.437829920619955	0.1554143599856989	3.1951795205871787	0.08645702071318187	0.013436662540409474	2564	2788	0.49695780176643767	0.4529931305201178	5352	7148432	2776
ENSG00000226419	2.661251174788252	0.18537445361060736	1.7757641254789407	0.048049655673194955	0.008907178666596335	1526	3827	0.7006869479882237	0.24906771344455347	5353	5840002	2777
ENSG00000183549	1.362072409360236	0.1663766128143884	3.1042500583270023	0.08399659858309078	0.0139750695601845	2713	2640	0.46771344455348385	0.48204121687929347	5353	7162320	2778
ENSG00000198719	1.4320585434528683	0.16622655667795708	2.9902472263679005	0.08091184383283556	0.013449697194796852	2573	2784	0.4951913640824338	0.45377821393523066	5357	7163232	2779
ENSG00000109956	1.0330149275394966	0.16961221078105274	5.020074329793716	0.1358360829231053	0.023039458328426295	4092	1268	0.1970559371933268	0.751324828263003	5360	5188656	2780
ENSG00000128383	2.2746136109674184	0.14215926872419035	2.5481525987003177	0.06894939097684752	0.009801795000246931	1740	3620	0.6586849852796859	0.28969578017664377	5360	6298800	2781
ENSG00000135638	1.133948234111342	0.1439056998198398	4.515818719718336	0.12219164215095941	0.01758407377586925	3397	1963	0.3334641805691855	0.6149165848871443	5360	6668311	2782
ENSG00000205683	1.7285193614382077	0.19144800505234796	2.2773327880771657	0.061621391462039966	0.011797292463957339	2187	3173	0.5709519136408243	0.37742885181550545	5360	6939351	2783
ENSG00000184005	1.2572481814485652	0.13210119937077866	4.257965916329346	0.11521451143892447	0.01521997514600022	2974	2388	0.41648675171736993	0.5315014720314033	5362	7101912	2784
ENSG00000007264	1.0697769160604975	0.14118879546592386	5.189236205574896	0.14041336307405175	0.0198247935997448	3732	1632	0.2677134445534838	0.6798822374877331	5364	6090624	2785
ENSG00000150628	2.277128251503051	0.17929254436022662	2.011316827416998	0.05442337730582549	0.009757705789838068	1738	3629	0.6590775269872424	0.2879293424926398	5367	6307202	2786
ENSG00000173208	1.3105947641452347	0.17718744465650083	3.0352053694503476	0.08212834734466047	0.014552111999861905	2837	2530	0.4433758586849853	0.5036310107948969	5367	7177610	2787
ENSG00000165457	1.4766676438661912	0.12154431918482003	3.9833883756647452	0.10778483308512375	0.013100634155780833	2506	2862	0.508341511285574	0.4384690873405299	5368	7172172	2788
ENSG00000173013	4.91307732624659	0.19179451206043627	1.0999425094917359	0.029762882402601318	0.005708357507919065	856	4515	0.8321884200196271	0.11403336604514225	5371	3864840	2789
ENSG00000167083	5.753244359252488	0.13736848006073854	1.3106986213858092	0.035465643519481234	0.004871861544647119	701	4672	0.8626104023552502	0.08321884200196272	5373	3275072	2790
ENSG00000170909	3.637757106353432	0.13875260307081158	1.9016362784274163	0.05145557739513917	0.00713959530608717	1150	4225	0.7744847890088322	0.1709519136408243	5375	4858750	2791
ENSG00000141854	1.968772535593074	0.15765489354087328	2.5181214167713617	0.06813678983774284	0.010742098348086202	1970	3406	0.6135426889106967	0.3316977428851815	5376	6709820	2792
ENSG00000180155	1.0432561983144408	0.11622614431521686	6.857777732699573	0.1855617274904937	0.021567124118691064	3967	1412	0.22158979391560352	0.7230618253189401	5379	5601404	2793
ENSG00000196542	1.0077424116989568	0.09624517522676931	11.356343283734375	0.3072865233961548	0.02957484528908767	4622	758	0.09303238469087338	0.851422963689892	5380	3503476	2794
ENSG00000265519	2.1805254478237033	0.15934636504451988	2.32902050317808	0.06301998763677871	0.01004200595507127	1803	3578	0.6463199214916585	0.2979391560353287	5381	6451134	2795
ENSG00000111331	3.719057612201678	0.11515295509372683	2.220044399981775	0.060071249028954464	0.006917381841855275	1116	4267	0.7811579980372915	0.16270853778213934	5383	4761972	2796
ENSG00000185008	1.011016035819778	0.10921620100125722	9.490323573602518	0.25679467976402365	0.028046139361161085	4528	860	0.11148184494602553	0.8314033366045143	5388	3894080	2797
ENSG00000283787	1.2863850365856915	0.15364654094994123	3.543738693097603	0.09588853697176296	0.014732942022461932	2889	2500	0.4331697742885181	0.5095191364082434	5389	7222500	2798
ENSG00000134901	2.609021244961943	0.17575125073194156	1.8596170752204448	0.05031859742308773	0.008843556432184721	1551	3841	0.6957801766437683	0.2463199214916585	5392	5957391	2799
ENSG00000100448	1.3246538144209474	0.13819768003132024	3.819086629143073	0.10333906113061846	0.014281218504866251	2797	2595	0.45122669283611383	0.490873405299313	5392	7258215	2800
ENSG00000113763	1.0710208814409905	0.11479698861751801	6.307285658801031	0.1706661936624782	0.019591965091266636	3728	1665	0.26849852796859663	0.6734052993130519	5393	6207120	2801
ENSG00000114270	1.716063252472802	0.1473344449147682	2.947691795513426	0.07976035430207908	0.011751447527302063	2206	3187	0.5672227674190382	0.37468105986261036	5393	7030522	2802
ENSG00000247774	5.757305530371411	0.15929825483650528	1.100361545872772	0.029774220932045875	0.004742981433591454	699	4696	0.8630029440628066	0.0785083415112856	5395	3282504	2803
ENSG00000185630	1.4296815927046327	0.15434721328033812	3.1818675270763856	0.08609681707163973	0.013288803787314634	2575	2822	0.4947988223748774	0.44631992149165844	5397	7266650	2804
ENSG00000137225	2.4035324384479098	0.17468663849970636	1.9702933200210908	0.05331333944854619	0.009313128055460322	1660	3739	0.6743866535819432	0.26633954857703634	5399	6206740	2805
ENSG00000170419	1.0076155213634104	0.09449572643012334	11.518910827054018	0.31168537027455945	0.029452935481736466	4630	771	0.09146221786064768	0.8488714425907753	5401	3569730	2806
ENSG00000211793	8.340193073766057	0.14294595589182177	0.6355848768377204	0.017198024244861717	0.0024583880151324844	419	4983	0.9179587831207066	0.022178606476938145	5402	2087877	2807
ENSG00000204261	3.1775662287493907	0.12907235570706116	2.1821730064140645	0.05904650289590498	0.007621271225038265	1296	4106	0.745829244357213	0.19430814524043183	5402	5321376	2808
ENSG00000089041	1.7396200114915115	0.1257541276787618	3.3824311461592176	0.09152378380625642	0.01150949359441536	2168	3235	0.5746810598626104	0.3652600588812561	5403	7013480	2809
ENSG00000099960	1.0460343927181206	0.11651346961471536	6.704392718881258	0.18141134682132096	0.02113686544563057	3943	1462	0.22630029440628063	0.7132482826300295	5405	5764666	2810
ENSG00000172232	1.512089511398435	0.1508445451985115	3.1092466885241463	0.08413180030107474	0.012690823153147613	2453	2952	0.5187438665358195	0.42080471050049073	5405	7241256	2811
ENSG00000213366	1.5124115132822002	0.15412958732714688	3.038396679846931	0.08221469967237222	0.012671717732728047	2449	2958	0.5195289499509324	0.41962708537782134	5407	7244142	2812
ENSG00000102524	4.9722869920554045	0.17307166985889172	1.1648380088716914	0.03151886246504677	0.005455022158878388	843	4568	0.8347399411187438	0.103631010794897	5411	3850824	2813
ENSG00000239998	1.9299367361774025	0.15843694886436677	2.489105231827147	0.06735165307576257	0.010670990414295166	1995	3418	0.6086359175662415	0.32934249263984294	5413	6818910	2814
ENSG00000198598	1.282005868840338	0.14258867711712578	3.799560780838908	0.10281071940196171	0.014659644472985737	2905	2509	0.4300294406280667	0.5077526987242394	5414	7288645	2815
ENSG00000182621	1.0329138445680703	0.1176296036816446	7.018037403092675	0.18989812660465613	0.022337641372392473	4095	1323	0.19646712463199212	0.7405299313052012	5418	5417685	2816
ENSG00000145920	1.5415731854503796	0.07791592246144365	5.91706957882952	0.16010750064027401	0.01247492360538313	2410	3009	0.5271835132482826	0.4096172718351325	5419	7251690	2817
ENSG00000213654	3.100761747023861	0.14353138430263884	1.9863015265839687	0.05374649878668982	0.007714309372273689	1335	4085	0.7381746810598626	0.19842983316977425	5420	5453475	2818
ENSG00000137558	1.007177567706964	0.09855495811516689	11.022900274124286	0.2982640290408995	0.02939539888938677	4647	776	0.08812561334641811	0.8478900883218842	5423	3606072	2819
ENSG00000213145	2.3614159586865533	0.16906901634804414	2.0344807328629444	0.055050159694744395	0.00930727634939318	1682	3742	0.6700686947988224	0.26575073601570165	5424	6294044	2820
ENSG00000174680	1.4345315886373309	0.1606295022735316	3.0156890580063127	0.08160026366989663	0.013107409738684439	2567	2860	0.4963689892051031	0.43886162904808634	5427	7341620	2821
ENSG00000163606	5.839583605674409	0.16129504163082	1.0166760737659972	0.027509810889132787	0.004437196092618658	687	4741	0.8653581943081452	0.06967615309126596	5428	3257067	2822
ENSG00000021645	1.0825339192225372	0.13527497508746483	5.108736873108066	0.13823516544551817	0.01869975856185405	3638	1790	0.28616290480863593	0.6488714425907753	5428	6512020	2823
ENSG00000059377	1.9841295122121143	0.12179094655405281	3.165433043969201	0.08565212329551437	0.010431653170525133	1952	3478	0.6170755642787047	0.31756624141315015	5430	6789056	2824
ENSG00000133328	1.3538807431177133	0.13353376614506487	3.793832332533819	0.10265571572514906	0.013708004337096314	2726	2709	0.465161923454367	0.4684985279685967	5435	7384734	2825
ENSG00000144649	1.2316416832163926	0.08553751897898876	6.533940002281282	0.1767991383507953	0.015122959652150013	3029	2407	0.40569185475956815	0.5277723258096172	5436	7290803	2826
ENSG00000101417	1.0417865578973837	0.1283138640767593	6.103646644123162	0.1651560110900821	0.021191805958472545	3983	1454	0.2184494602551521	0.7148184494602552	5437	5791282	2827
ENSG00000153292	1.0768440625800426	0.15151300396017794	4.60450543326683	0.12459137868558678	0.01887721405219334	3678	1759	0.2783120706575074	0.6549558390578999	5437	6469602	2828
ENSG00000168447	1.095000239131892	0.07989745255424913	8.444389419101027	0.2284931867562875	0.018256023547829663	3577	1860	0.298135426889107	0.6351324828263003	5437	6653220	2829
ENSG00000157851	1.1724311071024085	0.1271659836243801	4.749219802020314	0.12850714401150992	0.016341737370983527	3253	2184	0.3617271835132483	0.571540726202159	5437	7104552	2830
ENSG00000159263	1.175115107135546	0.10557263926457705	5.689065456395685	0.15393803285014174	0.016251644411186626	3242	2195	0.3638861629048087	0.5693817468105986	5437	7116190	2831
ENSG00000139352	1.0556031974426088	0.0996041637342998	7.48193722249145	0.20245059698579787	0.020164922410280152	3856	1582	0.24337585868498524	0.6896957801766438	5438	6100192	2832
ENSG00000163121	1.2294770557861825	0.1582709524098287	3.5462699948102534	0.09595703040169133	0.015187210592094574	3042	2397	0.40314033366045143	0.5297350343473994	5439	7291674	2833
ENSG00000100298	4.996161085059009	0.12340771633123179	1.5764224354973242	0.04265575260493352	0.005264049017364837	836	4604	0.8361138370951914	0.09656526005888122	5440	3848944	2834
ENSG00000100079	3.6943425053802303	0.19452756057263876	1.275996102756885	0.034526642642513566	0.00671638356801141	1123	4317	0.779784102060844	0.15289499509322868	5440	4847991	2835
ENSG00000130612	1.2779194110505725	0.1414381718361547	3.814039138378277	0.10320248319789517	0.014596770552461766	2926	2516	0.4259077526987243	0.506378802747792	5442	7361816	2836
ENSG00000169900	1.069091274385057	0.09880809415315539	7.190576720283409	0.19456679552422163	0.019224774251235022	3735	1709	0.2671246319921492	0.6647693817468106	5444	6383115	2837
ENSG00000185052	1.054228762479479	0.0929706999355526	8.027374454730294	0.21720935397631222	0.020194105671726952	3870	1575	0.24062806673209025	0.6910696761530912	5445	6095250	2838
ENSG00000227191	1.8700692139542554	0.13032867881449342	3.0661695772055917	0.08296619483773982	0.010812874559468475	2056	3393	0.5966633954857703	0.33424926398429833	5449	6976008	2839
ENSG00000254415	2.0316617048379233	0.0982905207322426	3.8381373397335676	0.10385454630743272	0.010207917436968366	1911	3540	0.6251226692836114	0.30539744847890093	5451	6764940	2840
ENSG00000127585	1.1868750566564472	0.14055672771915387	4.171894717325624	0.11288554701388155	0.01586682309505789	3189	2263	0.37428851815505393	0.5560353287536801	5452	7216707	2841
ENSG00000003137	1.22680989884495	0.1535444125545342	3.653889122381962	0.09886905117600198	0.015180790382643401	3053	2399	0.40098135426889103	0.529342492639843	5452	7324147	2842
ENSG00000161800	6.910638429111383	0.16725556364058924	0.7123432080721589	0.01927499569222051	0.003223850268672271	547	4908	0.8928361138370952	0.03689892051030419	5455	2684676	2843
ENSG00000148735	1.0256912991496474	0.10400140601737973	8.237114626694401	0.22288462520130892	0.023180314400592834	4207	1252	0.17448478900883224	0.7544651619234544	5459	5267164	2844
ENSG00000137868	1.0649089236785914	0.12546997127973494	5.739713268326925	0.15530849072175826	0.01948655187035799	3778	1681	0.258684985279686	0.6702649656526005	5459	6350818	2845
ENSG00000204442	1.0495675165158374	0.1225402658817713	6.160615570338054	0.16669750933831307	0.020427157116145938	3913	1547	0.23218842001962714	0.6965652600588812	5460	6053411	2846
ENSG00000155511	1.1118616528502754	0.1434527614476117	4.510851639896227	0.12205724002416275	0.017509448136140103	3482	1978	0.3167811579980373	0.611972522080471	5460	6887396	2847
ENSG00000250208	1.0823570031530585	0.1255008345382199	5.43875969971388	0.14716511450529374	0.018469344685327054	3642	1822	0.2853778213935231	0.6425907752698724	5464	6635724	2848
ENSG00000132688	1.1861832022593228	0.13774820655496198	4.227599080049951	0.11439282796972179	0.01575740689557947	3193	2274	0.3735034347399411	0.5538763493621197	5467	7260882	2849
ENSG00000189057	3.3216839054437943	0.1522346737494475	1.7454701167539817	0.04722994281420111	0.007190034935524969	1259	4212	0.7530912659470068	0.17350343473994112	5471	5302908	2850
ENSG00000152270	1.1412517436985563	0.1280353637385567	4.8623744516261445	0.13156894815169365	0.016845478133301405	3368	2105	0.3391560353287537	0.5870461236506379	5473	7089640	2851
ENSG00000105929	1.0550184013168205	0.11629657942041689	6.348673586821494	0.1717860922243854	0.0199781349176963	3862	1613	0.24219823356231596	0.6836113837095191	5475	6229406	2852
ENSG00000196083	1.8478456137421055	0.16790895138856773	2.3708856807915395	0.06415279989498408	0.010771829359007395	2076	3401	0.592737978410206	0.3326790971540726	5477	7060476	2853
ENSG00000134057	6.075853878780357	0.17671517400015932	0.8197193565806052	0.022180441798106423	0.003919620631752783	652	4828	0.8722276741903827	0.052600588812561355	5480	3147856	2854
ENSG00000276231	1.2246822250309004	0.14950037745617012	3.723267282497023	0.10074632567261867	0.015061613715378733	3057	2423	0.4001962708537782	0.5246319921491658	5480	7407111	2855
ENSG00000177464	3.041874249722684	0.11429802047596178	2.43540544804788	0.06589861317969929	0.007532081038550755	1353	4129	0.7346418056918548	0.18979391560353287	5482	5586537	2856
ENSG00000164893	1.7973178216312498	0.1793219676835353	2.2523918670808296	0.0609465255556668	0.01092905088611704	2118	3365	0.5844946025515211	0.3397448478900883	5483	7127070	2857
ENSG00000136274	1.4148207565487325	0.15381922143471916	3.1235129151752306	0.08451782413639436	0.013000465906016695	2600	2883	0.489892051030422	0.4343473994111874	5483	7495800	2858
ENSG00000197467	1.194685658122241	0.13994321774906388	4.091281560410957	0.11070426945741878	0.015492311686430598	3157	2327	0.38056918547595686	0.5434739941118744	5484	7346339	2859
ENSG00000282122	1.2010678574000313	0.09865574134778594	5.774636290467492	0.1562534581106388	0.015415300748060285	3135	2351	0.38488714425907755	0.5387634936211972	5486	7370385	2860
ENSG00000204335	1.4061458750539018	0.1024859444674398	4.714269719452403	0.1275614444058909	0.013073255107568545	2618	2869	0.48635917566241416	0.4370951913640825	5487	7511042	2861
ENSG00000175264	1.007596130893733	0.10280038750064925	10.095525348318587	0.2731705804090885	0.028082041519831562	4631	858	0.09126594700686952	0.8317958783120707	5489	3973398	2862
ENSG00000111199	1.52658067618278	0.15234281038359002	2.9615747549293463	0.08013600747024971	0.012208144590938205	2424	3067	0.5244357212953876	0.39823356231599605	5491	7434408	2863
ENSG00000125257	1.333144280348629	0.17833651459535385	2.833878956652993	0.07668074049528609	0.01367497599652013	2773	2720	0.45593719332679095	0.4663395485770363	5493	7542560	2864
ENSG00000057019	1.200675010521904	0.14210252095088186	3.997885610726386	0.10817710768000405	0.015372239710503577	3137	2359	0.3844946025515211	0.5371933267909715	5496	7400183	2865
ENSG00000115380	1.041445152338204	0.12165121132301739	6.3217541386640415	0.17105769018251557	0.020809375216820438	3988	1509	0.2174681059862611	0.7040235525024534	5497	6017892	2866
ENSG00000185522	3.2697007693683484	0.17437748482200108	1.5144488257067554	0.04097883472573116	0.007145786130409476	1276	4223	0.7497546614327772	0.17134445534838072	5499	5388548	2867
ENSG00000211807	7.454289871292255	0.14192998280635855	0.5869412399424864	0.015881796503816707	0.0022541031047207906	494	5007	0.9032384690873405	0.01746810598626103	5501	2473458	2868
ENSG00000183873	1.7486365618995152	0.18489356098854465	2.1982817386681317	0.059482382316507	0.010997909482581017	2158	3351	0.5766437684003926	0.3424926398429833	5509	7231458	2869
ENSG00000107281	2.476238605023425	0.16653714281985707	1.8952309009724997	0.05128225697676289	0.008540400554263774	1605	3905	0.6851815505397448	0.23375858684985285	5510	6267525	2870
ENSG00000279806	1.5714826295437778	0.1303289797323643	3.3866833563541383	0.09163884257604708	0.011943196856790963	2372	3138	0.5346418056918547	0.38429833169774286	5510	7443336	2871
ENSG00000164736	1.3552800270716392	0.11794727936651304	4.210313600126274	0.11392510742814671	0.01343715647268763	2724	2787	0.46555446516192345	0.45318940137389596	5511	7591788	2872
ENSG00000144730	1.2648554753549142	0.14282652629339843	3.7352029064289347	0.10106928670778342	0.014435375135424254	2953	2559	0.42060843964671246	0.4979391560353288	5512	7556727	2873
ENSG00000161055	1.0168808595722933	0.12302821996750427	7.384275487530594	0.1998080091161672	0.024582023696812914	4390	1124	0.13856722276741906	0.7795878312070658	5514	4934360	2874
ENSG00000265972	1.245969749914028	0.14786975284780593	3.6471886305023444	0.098687745380352	0.01459293251849985	2996	2518	0.41216879293424924	0.5059862610402355	5514	7543928	2875
ENSG00000237807	1.1322620005292412	0.14654011068147538	4.229586189566283	0.11444659633156372	0.01677101689354548	3403	2112	0.3322865554465162	0.5856722276741904	5515	7187136	2876
ENSG00000275302	4.867992134679943	0.1499797608547036	1.233727041907102	0.0333829018774423	0.005006759640214832	867	4650	0.8300294406280667	0.08753680078508341	5517	4031550	2877
ENSG00000257671	1.491052892185879	0.1656303934970787	2.7602025312739635	0.0746871610441079	0.012370463872915278	2482	3036	0.5130520117762511	0.4043179587831207	5518	7535352	2878
ENSG00000154556	1.020880617711805	0.10508128704195104	8.26563196591067	0.2236562639062455	0.023502088066262534	4299	1222	0.15642787046123652	0.7603532875368008	5521	5253378	2879
ENSG00000141404	1.5955300386361775	0.1775030313425647	2.4528423954289864	0.06637043221559057	0.01178095290978354	2342	3181	0.5405299313052012	0.37585868498527963	5523	7449902	2880
ENSG00000153208	1.8131720734686303	0.12753454453971702	3.087440547055569	0.08354175707737603	0.010654459938910833	2107	3421	0.5866535819430814	0.32875368007850836	5528	7208047	2881
ENSG00000163395	1.872075641462413	0.16104644964178516	2.3958343032327853	0.06482787419152056	0.0104402989763687	2053	3477	0.597252208047105	0.3177625122669283	5530	7138281	2882
ENSG00000182636	1.0529754197428387	0.12438230934109361	5.857202682291833	0.15848758743018887	0.01971305212646537	3885	1647	0.2376840039254171	0.6769381746810599	5532	6398595	2883
ENSG00000146038	1.0298983280713354	0.11257466817462135	7.141804205682188	0.1932470805354573	0.021754725966993432	4143	1391	0.18704612365063789	0.7271835132482827	5534	5762913	2884
ENSG00000172987	1.3954834764562476	0.16061831740306587	2.9824788772957214	0.08070164333789837	0.012962162164595576	2642	2892	0.48164867517173704	0.4325809617271835	5534	7640664	2885
ENSG00000115457	1.0687275009875918	0.11217869374828757	6.139366620037017	0.1661225429164037	0.018635409866506008	3741	1796	0.2659470068694799	0.647693817468106	5537	6718836	2886
ENSG00000115468	1.0459106501867612	0.09695293117426974	7.658323473167631	0.20722335846288337	0.02009091201075296	3945	1594	0.2259077526987242	0.6873405299313051	5539	6288330	2887
ENSG00000180269	1.0607344033309627	0.14774765269529475	4.763911924326644	0.1289046919784941	0.019045365661232494	3806	1733	0.253189401373896	0.6600588812561334	5539	6595798	2888
ENSG00000056487	1.148020702857033	0.1284899363960635	4.667955053828574	0.12630823532034077	0.016229337122609606	3339	2200	0.34484789008832184	0.5684003925417076	5539	7345800	2889
ENSG00000267121	2.6647671127306594	0.13283653361213765	2.2365387758432473	0.060517563417963896	0.008038943347095033	1521	4023	0.7016683022571149	0.21059862610402358	5544	6118983	2890
ENSG00000238118	1.905167990252994	0.0996315073236734	3.8148899226237654	0.10322550421147537	0.010284512578835489	2026	3518	0.6025515210991168	0.3097154072620216	5544	7127468	2891
ENSG00000183484	1.1461733082608871	0.13759502093062398	4.360203975878531	0.11798092815359315	0.016233588278708095	3346	2198	0.3434739941118744	0.5687929342492639	5544	7354508	2892
ENSG00000173947	1.1615697751907939	0.13437529886224328	4.374832115694418	0.11837674484524027	0.015906910466918677	3290	2256	0.35446516192345434	0.5574092247301276	5546	7422240	2893
ENSG00000230006	1.1638215821980975	0.1245513901236555	4.691077480308429	0.12693389534733687	0.015809793119321413	3280	2267	0.3564278704612365	0.5552502453385673	5547	7435760	2894
ENSG00000223764	1.4480953781992263	0.1024761789822292	4.511413103337973	0.12207243242762551	0.012509516434249432	2549	3000	0.4999018645731109	0.4113837095191364	5549	7647000	2895
ENSG00000242258	3.9109489437194864	0.14470285274070013	1.5004945358576596	0.0406012514573271	0.00587511691071774	1069	4482	0.7903827281648675	0.12051030421982334	5551	4791258	2896
ENSG00000131055	2.739187037289765	0.14662124693876025	1.9666498183943137	0.053214751468251144	0.007802413215811205	1484	4068	0.7089303238469087	0.20176643768400393	5552	6036912	2897
ENSG00000184838	1.0953467329555462	0.1574577075209521	4.104733953270862	0.11106827210598261	0.01748855550412133	3573	1982	0.29892051030421984	0.6111874386653582	5555	7081686	2898
ENSG00000171631	1.623783030445909	0.17449308961207988	2.416962430686331	0.0653995713187437	0.011411773258713153	2307	3250	0.5473994111874387	0.36231599607458287	5557	7497750	2899
ENSG00000165895	1.3326886881668747	0.1406037787456851	3.5354808616261986	0.09566509177816145	0.013450873398062271	2774	2783	0.4557409224730128	0.4539744847890088	5557	7720042	2900
ENSG00000177076	2.2783497697199957	0.1745232057933311	1.8892673324960274	0.05112089128198024	0.008921781829543543	1736	3824	0.65947006869479885	0.24965652600588817	5560	6638464	2901
ENSG00000123407	1.0688003567580957	0.08328619239892374	8.193217821613178	0.2216968399887108	0.018464285669533176	3738	1824	0.2665358194308145	0.642198233562316	5562	6818112	2902
ENSG00000171044	1.8643775897334796	0.12171665680700126	3.1447853275365674	0.08509342540833963	0.010357287256959035	2059	3503	0.5960745829244357	0.31265947006869477	5562	7212677	2903
ENSG00000167741	1.0215015921450339	0.10090635478569983	8.37296892875505	0.2265606497037049	0.022861409299480707	4285	1280	0.1591756624141315	0.7489695780176644	5565	5484800	2904
ENSG00000168916	1.091100613912854	0.13588324368506657	4.763502533240549	0.12889361443703448	0.01751448241999657	3592	1975	0.29519136408243374	0.6125613346418057	5567	7094200	2905
ENSG00000125378	1.0998817218542012	0.13267501351266664	4.802246434388145	0.1299419693862461	0.01724005254418272	3539	2028	0.3055937193326791	0.6021589793915604	5567	7177092	2906
ENSG00000023902	2.2712798342140617	0.18583485362732868	1.7656698186022166	0.047776518062897004	0.00887854224104189	1742	3829	0.6582924435721296	0.24867517173699705	5571	6670118	2907
ENSG00000121858	1.0718563969362103	0.10025444622388031	6.7457802640882445	0.18253123502483903	0.018299567885976184	3719	1852	0.2702649656526006	0.636702649656526	5571	6887588	2908
ENSG00000159184	1.0141018233268557	0.09421686361435895	9.632144074646346	0.2606321411389785	0.024555942895209487	4445	1127	0.12777232580961728	0.7789990186457312	5572	5009515	2909
ENSG00000167748	1.2118986515356351	0.18046735617403825	3.0524841494406423	0.08259588659555205	0.014905861284749963	3104	2468	0.3909715407262021	0.5157998037291462	5572	7660672	2910
ENSG00000281990	1.3057228804332728	0.09699892543859033	5.20380253373056	0.14080750722994498	0.013658176894991202	2845	2727	0.4418056918547596	0.46496565260058886	5572	7758315	2911
ENSG00000189280	1.3472377862929918	0.1295990163898643	3.776048394529381	0.10217450761571267	0.01324171568711506	2740	2834	0.46241413150147204	0.4439646712463199	5574	7765160	2912
ENSG00000117600	1.1491316503598918	0.1308991844804895	4.5120621901161355	0.1220899957941477	0.015981480882680327	3334	2242	0.34582924435721296	0.5601570166830225	5576	7474828	2913
ENSG00000100968	1.2985496166721051	0.14256731520765073	3.5447465292162703	0.09591580758601974	0.013674459173512453	2856	2721	0.4396467124631992	0.46614327772325814	5577	7771176	2914
ENSG00000163132	1.161390649118536	0.12751248880842572	4.548670121541009	0.12308055443571203	0.015694307820018565	3293	2287	0.35387634936211976	0.551324828263003	5580	7531091	2915
ENSG00000010932	1.6906066619770508	0.17293699364007936	2.3527987059170252	0.06366339203815188	0.011009755624007751	2234	3348	0.5617271835132482	0.343081452404318	5582	7479432	2916
ENSG00000168243	1.050347407867543	0.10644312566195209	6.77048791115319	0.18319978886987479	0.019500358147919172	3908	1678	0.23316977428851815	0.6708537782139352	5586	6557624	2917
ENSG00000196440	1.0530565589203427	0.12580229744696708	5.655444219222333	0.15302828991395606	0.019251310445556214	3882	1704	0.2382728164867517	0.6657507360157017	5586	6614928	2918
ENSG00000286190	1.4749454719159922	0.17297147293155038	2.6028610445618594	0.07042972383656992	0.012182333070173823	2511	3076	0.507360157016683	0.3964671246319922	5587	7723836	2919
ENSG00000184956	1.003082754801188	0.0872261280936276	12.606012652639489	0.34110080200426357	0.029752902248463	4844	746	0.049460255152109944	0.8537782139352306	5590	3613624	2920
ENSG00000229314	1.4248232417948599	0.08043847917630596	5.731131162694254	0.155076271129818	0.012474099406015043	2580	3010	0.49381746810598626	0.40942100098135426	5590	7765800	2921
ENSG00000139626	3.751521309327609	0.1453869058591938	1.491883288678124	0.04036824333650933	0.0058690139936661105	1107	4484	0.7829244357212954	0.12011776251226691	5591	4963788	2922
ENSG00000120324	1.632807973249299	0.14829355141216896	2.79406573322338	0.075603451203547	0.011211504277990605	2295	3297	0.5497546614327773	0.3530912659470069	5592	7566615	2923
ENSG00000178163	1.0880113115288794	0.13289359681090512	4.861142367374496	0.1315356097013879	0.017480240281932822	3609	1985	0.29185475956820417	0.6105986261040235	5594	7163865	2924
ENSG00000188257	1.0118525159106493	0.13076268857533027	7.081287235364331	0.19160957725197716	0.025055383478250978	4511	1085	0.1148184494602551	0.7872423945044161	5596	4894435	2925
ENSG00000077943	1.0763121227456498	0.1140598062217632	5.8079257626896945	0.15715422395834833	0.017924980331620786	3682	1914	0.27752698724239455	0.6245338567222767	5596	7047348	2926
ENSG00000270550	1.1810916061741907	0.10499013961386527	5.370097710437567	0.14530721857462017	0.01525582516505181	3217	2379	0.36879293424926396	0.5332679097154073	5596	7653243	2927
ENSG00000283633	1.1939960901301414	0.08517715013282529	6.518840863302204	0.176390577090605	0.015024446666862153	3161	2435	0.379784102060844	0.5222767419038272	5596	7697035	2928
ENSG00000131781	1.721474446191607	0.16776447997132232	2.3784823682924543	0.06435835547156009	0.010797046037495785	2200	3397	0.5684003925417076	0.3334641805691855	5597	7473400	2929
ENSG00000129654	1.1261332240157915	0.08480683734126503	7.1397529115405325	0.19319157542879545	0.01638396651309259	3427	2173	0.3275760549558391	0.5736997055937194	5600	7446871	2930
ENSG00000144152	1.1422117515708803	0.13013088885886265	4.5386383980617655	0.12280911024328228	0.015981258675924377	3361	2243	0.34052993130520115	0.5599607458292444	5604	7538723	2931
ENSG00000172005	1.5915037967361834	0.18810911034545563	2.2348592578767272	0.060472118046683815	0.011375356326467065	2345	3260	0.5399411187438665	0.36035328753680074	5605	7644700	2932
ENSG00000228278	1.47452661467043	0.10523309278632857	4.255152185963072	0.1151383758906741	0.012116367393370485	2512	3094	0.5071638861629049	0.39293424926398435	5606	7772128	2933
ENSG00000074657	2.2798384677268437	0.17513103422104132	1.8314135325912402	0.04955544960820998	0.00867869714117451	1735	3874	0.6596663395485771	0.2398429833169774	5609	6721390	2934
ENSG00000078114	1.197269977251449	0.1409461593733079	3.9138212345167207	0.1059024450301057	0.014926542895236256	3147	2463	0.382531894013739	0.5167811579980373	5610	7751061	2935
ENSG00000196502	1.8614459204390035	0.16435130079506816	2.2870448932550524	0.0618841872370889	0.010170746671061114	2064	3548	0.5950932286555446	0.3038272816486751	5612	7323072	2936
ENSG00000115919	1.0517366227359963	0.14062857409207866	5.032588564882525	0.1361747003545553	0.019150053938277192	3892	1721	0.23631010794896956	0.662414131501472	5613	6698132	2937
ENSG00000135097	1.0671752091454791	0.10953153630908583	6.161679191503562	0.1667262894167233	0.01826178662292698	3756	1858	0.26300294406280667	0.6355250245338567	5614	6978648	2938
ENSG00000176928	1.1348934434903934	0.1478793981759315	4.0215661329583545	0.10881786898556349	0.01609192097637249	3389	2225	0.3350343473994112	0.5634936211972522	5614	7540525	2939
ENSG00000109255	1.3924220552831617	0.14747866782087787	3.1652949404500696	0.08564838641039191	0.012631309928812378	2648	2967	0.48047105004906776	0.4178606476938175	5615	7856616	2940
ENSG00000034239	1.260860030886567	0.16066460152726122	3.2056442153991647	0.08674018049506191	0.013936076535641839	2964	2653	0.41844946025515206	0.47948969578017664	5617	7863492	2941
ENSG00000196620	1.05124856429421	0.1413270280660758	5.000973415789579	0.13531923931320608	0.019124265932297504	3896	1724	0.2355250245338567	0.6618253189401374	5620	6716704	2942
ENSG00000120833	1.8055701541325362	0.1317756587143639	2.9028566424496414	0.07854717872551494	0.0103506062167096	2113	3508	0.5854759568204122	0.31167811579980376	5621	7412404	2943
ENSG00000168394	4.083717764730741	0.15371263947340805	1.2771237993274809	0.03455715651039924	0.005311871739909134	1031	4593	0.7978410206084396	0.09872423945044162	5624	4735383	2944
ENSG00000144619	1.0084149787356038	0.11963682075652142	7.96665018661469	0.21556624150878528	0.025789659796543553	4596	1029	0.09813542688910692	0.7982335623159961	5625	4729284	2945
ENSG00000276107	1.369727680621177	0.14243583383520883	3.3148754311101154	0.08969582208527596	0.01277589921025082	2695	2931	0.4712463199214917	0.42492639842983315	5626	7899045	2946
ENSG00000185291	2.1339411928599277	0.16152579191689775	2.070926927899959	0.05603634197931687	0.009051314514335258	1831	3796	0.6408243375858684	0.25515210991167814	5627	6950476	2947
ENSG00000124440	1.4754500841803047	0.16288969341238047	2.726351160616654	0.07377119102263294	0.012016566688342833	2510	3117	0.5075564278704612	0.3884200196270854	5627	7823670	2948
ENSG00000159753	1.4308517037534765	0.14978777149467512	3.0315729540639276	0.08203005934228717	0.012287099784457151	2574	3053	0.49499509322865554	0.40098135426889103	5627	7858422	2949
ENSG00000018869	1.4897632740924354	0.1338615860489817	3.286276239570294	0.0889219685726933	0.011903235747738432	2483	3149	0.512855740922473	0.38213935230618257	5632	7818967	2950
ENSG00000154917	1.6447016849508387	0.179413350237303	2.2639402296789686	0.06125900784904578	0.010990683830410545	2281	3352	0.5525024533856722	0.3422963689892051	5633	7645912	2951
ENSG00000135226	1.2171423653506093	0.11582855404484466	4.617321772042842	0.1249381706138291	0.014471407647207927	3080	2553	0.39568204121687933	0.49911678115799807	5633	7863240	2952
ENSG00000182580	1.5929554225801705	0.14508162997616247	2.858225547007641	0.07733952465843706	0.01122054429902766	2343	3296	0.540333660451423	0.35328753680078506	5639	7722528	2953
ENSG00000095321	1.2448363126090838	0.1344622095445873	3.8387171019430406	0.10387023384956616	0.01396662114932565	2998	2642	0.4117762512266928	0.48164867517173704	5640	7920716	2954
ENSG00000151882	1.0142314133996126	0.10363791813022294	8.448057993169892	0.22859245316126287	0.023690845945913783	4440	1201	0.1287536800785083	0.7644749754661433	5641	5332440	2955
ENSG00000142627	1.782599074397661	0.1833172841079454	2.07834190785701	0.0562369808077783	0.010309210588112568	2128	3514	0.582531894013739	0.3105004906771345	5642	7477792	2956
ENSG00000149527	1.049295529132298	0.12106314089317788	5.8253331507969905	0.1576252431622641	0.0190826070212746	3916	1729	0.23159960745829244	0.6608439646712463	5645	6770764	2957
ENSG00000233429	1.6148559881652644	0.1819040471997224	2.2517584325636237	0.06092938571710009	0.011083301855333466	2315	3330	0.545829244357213	0.3466143277723258	5645	7708950	2958
ENSG00000074370	1.0359468471127227	0.10202494676285324	7.253575601442933	0.19627145579079575	0.02002458482812364	4045	1603	0.2062806673209029	0.6855740922473013	5648	6484135	2959
ENSG00000203985	1.2137346090246832	0.15666079585580164	3.4092346443514288	0.09224904840671426	0.014451809340336226	3098	2554	0.3921491658488715	0.4989205103042198	5652	7912292	2960
ENSG00000156587	2.133341732104809	0.10608773155397279	3.116800379434716	0.08433619245097063	0.008947035345022758	1834	3820	0.6402355250245338	0.250441609421001	5654	7005880	2961
ENSG00000170561	1.322678191457405	0.08062201712549548	6.043544622982772	0.1635297357421217	0.013184097155529087	2807	2847	0.4492639842983317	0.44141315014720317	5654	7991529	2962
ENSG00000164283	1.0247142329992296	0.08191358011809628	9.707940597413725	0.2626830874149743	0.021517312126635386	4235	1421	0.16898920510304216	0.7212953876349362	5656	6017935	2963
ENSG00000171016	1.215141180040825	0.13055998905066793	4.077637030234566	0.11033506784590336	0.014405345249865845	3090	2566	0.3937193326790972	0.49656526005888124	5656	7928940	2964
ENSG00000163376	2.177938281092038	0.16941700489601158	1.9178662987703587	0.05189473869919862	0.008791851200279375	1806	3851	0.6457311089303239	0.24435721295387636	5657	6954906	2965
ENSG00000151835	2.0088603728117462	0.16273845009377833	2.1271213020672537	0.05755688194899383	0.009366717760609823	1932	3726	0.621000981354269	0.26889106967615306	5658	7198632	2966
ENSG00000078295	1.0045229814550303	0.10556866672946115	9.633631202298535	0.2606723807015445	0.027518835683856574	4760	899	0.06594700686947985	0.8237487733071639	5659	4279240	2967
ENSG00000224078	1.1324123767882528	0.1322237958858286	4.442877794253397	0.12021796428305608	0.015895675571172642	3402	2258	0.33248282630029435	0.5570166830225711	5660	7681716	2968
ENSG00000197405	2.8232785087728858	0.12480987741697223	2.1266037875084716	0.05754287873989722	0.007181919641746269	1451	4213	0.7154072620215898	0.17330716388616285	5664	6113063	2969
ENSG00000176907	1.0277964828093378	0.1153111858763137	6.704850239427789	0.18142372667763676	0.020920185069298505	4172	1493	0.18135426889106965	0.7071638861629048	5665	6228796	2970
ENSG00000145832	1.0365649018705054	0.11621252577883956	6.318439307929151	0.17096799556984654	0.01986862259251732	4041	1626	0.20706575073601574	0.6810598626104023	5667	6570666	2971
ENSG00000150093	2.93465114252376	0.1596743875195171	1.6123630471995718	0.04362825452238904	0.006966314819408072	1408	4260	0.723846908734053	0.1640824337585869	5668	5998080	2972
ENSG00000179348	1.4042255516416928	0.1282023182414302	3.5546431658991935	0.09618359652156258	0.012330960050862684	2625	3044	0.4849852796859666	0.402747791952895	5669	7990500	2973
ENSG00000181458	1.194239056245733	0.14781447055830338	3.6522838756240477	0.0988256154781626	0.014607856029503076	3158	2514	0.3803729146221786	0.5067713444553483	5672	7939212	2974
ENSG00000109321	1.027250427585483	0.10747620288975686	7.200191413129872	0.19482695545990647	0.02093926139340253	4186	1489	0.17860647693817466	0.7079489695780177	5675	6232954	2975
ENSG00000113262	2.2532852844764735	0.1737391637302581	1.7966742756531278	0.048615454644763606	0.00844640843434752	1747	3928	0.6573110893032384	0.2292443572129539	5675	6862216	2976
ENSG00000249751	2.3910148088451386	0.15058358961730772	1.9901449913497877	0.053850497485582245	0.008109001214056779	1668	4008	0.6728164867517173	0.21354268891069672	5676	6685344	2977
ENSG00000181617	1.0755315133032768	0.11572511896836636	5.575528150875817	0.15086587458429063	0.01745897128453367	3688	1988	0.2763493621197253	0.6100098135426889	5676	7331744	2978
ENSG00000109062	1.9696702025767738	0.15639878229100174	2.2253677357208863	0.06021529093498639	0.009417598177530268	1968	3709	0.6139352306182532	0.27222767419038274	5677	7299312	2979
ENSG00000248905	1.7844451783823243	0.16398393323683058	2.2870642613246392	0.061884711309549506	0.010148098367765701	2126	3551	0.5829244357212954	0.30323846908734053	5677	7549426	2980
ENSG00000125848	1.0273854346458084	0.11376554712941989	6.787598380567114	0.1836627738755686	0.020894495957260985	4183	1496	0.17919528949950936	0.7065750736015701	5679	6257768	2981
ENSG00000253998	1.5215755935574142	0.11800955397655986	3.5833854628001527	0.09696132226200986	0.011442362393117269	2436	3246	0.5220804710500491	0.36310107948969583	5682	7907256	2982
ENSG00000169860	1.1861464559983548	0.14723921132790446	3.7180952909975833	0.10060637892680538	0.014813203887739131	3194	2488	0.3733071638861629	0.511874386653582	5682	7946672	2983
ENSG00000156475	1.349658792362106	0.18506971185933183	2.535848423290015	0.06861645746201588	0.012698828011303377	2735	2947	0.46339548577036305	0.42178606476938174	5682	8060045	2984
ENSG00000068650	1.520360108587032	0.15443040872219535	2.7409351918294558	0.07416581419811423	0.01145345699982918	2439	3245	0.5214916584887144	0.363297350343474	5684	7914555	2985
ENSG00000113389	1.134032866066079	0.14096234078267536	4.111484246109883	0.11125092544487732	0.015682190864948806	3396	2289	0.33366045142296374	0.5509322865554465	5685	7773444	2986
ENSG00000119535	1.0227957774798377	0.11451602019964359	6.919475367537737	0.1872311778793649	0.021440969348036413	4262	1424	0.16368989205103046	0.7207065750736016	5686	6069088	2987
ENSG00000182168	1.0745565784528794	0.13315067668027952	4.846228119858568	0.1311320513416469	0.01746032137061344	3699	1987	0.27419038272816487	0.6102060843964672	5686	7349913	2988
ENSG00000253293	1.118579474003808	0.13486071104522177	4.403980450340521	0.11916545739050276	0.01607073831571228	3459	2230	0.32129538763493626	0.5625122669283611	5689	7713570	2989
ENSG00000169504	2.744818497405289	0.1873874590705572	1.4208925683193927	0.03844733524951376	0.007204548460440252	1481	4210	0.7095191364082434	0.17389597644749755	5691	6235010	2990
ENSG00000214578	2.0106967269367897	0.15099463769583923	2.250635137908382	0.060898990958793246	0.009195421075865176	1931	3763	0.6211972522080471	0.26162904808635923	5694	7266353	2991
ENSG00000186952	1.7901995404573767	0.16524316908519412	2.248684406442396	0.06084620693533731	0.010054420060808655	2121	3573	0.5839057899901865	0.29892051030421984	5694	7578333	2992
ENSG00000166974	1.538403949582598	0.16042205743516347	2.604493106625833	0.07047388511851388	0.011305565646161345	2413	3281	0.526594700686948	0.3562315996074583	5694	7917053	2993
ENSG00000179934	2.2046936111492696	0.14304172084558547	2.2013548651381565	0.05956553675498573	0.008520356880524129	1783	3912	0.6502453385672228	0.2323846908734053	5695	6975096	2994
ENSG00000175426	1.1295044279276991	0.08656264039712945	6.704595663509543	0.18141683821478355	0.01570392052837052	3411	2285	0.3307163886162905	0.5517173699705593	5696	7794135	2995
ENSG00000179855	1.3843252768958194	0.10807652658391255	4.238198997828279	0.11467964669305615	0.012394177884455782	2665	3032	0.4771344455348381	0.40510304219823356	5697	8080280	2996
ENSG00000140835	1.7818357154639062	0.14488213773525516	2.5698278089734368	0.06953589138831774	0.010074508593665994	2130	3568	0.5821393523061825	0.29990186457311085	5698	7599840	2997
ENSG00000152804	1.158376260082065	0.1481641630985254	3.789070575916777	0.10252686935272519	0.01519080779275838	3303	2395	0.3519136408243376	0.5301275760549559	5698	7910685	2998
ENSG00000104237	1.1012215993562815	0.13654411326148452	4.443392673194147	0.1202318961760713	0.016416957649108527	3534	2165	0.3065750736015702	0.5752698724239451	5699	7651110	2999
ENSG00000164430	1.2534607529060655	0.15018381081887325	3.3626528406209557	0.09098861094333105	0.013665016332585291	2983	2724	0.41472031403336607	0.46555446516192345	5707	8125692	3000
ENSG00000211753	5.086246478220759	0.12804975653304954	0.9999705560044897	0.02705778330012719	0.0034647425639053003	824	4885	0.8384690873405299	0.04141315014720315	5709	4025240	3001
ENSG00000173267	1.016740208383865	0.10401443952001774	7.946754948221606	0.21502790460885157	0.022366006979053533	4396	1319	0.13738959764474978	0.741315014720314	5715	5798324	3002
ENSG00000131037	1.4029879276124086	0.13706448190157403	3.2730045590311243	0.08856285574291939	0.012138821938127086	2627	3088	0.4845927379784102	0.3941118743866536	5715	8112176	3003
ENSG00000185187	2.9165745956697404	0.17424744306924217	1.433207085971241	0.038780548610715775	0.006757411436239675	1412	4305	0.7230618253189401	0.15525024533856724	5717	6078660	3004
ENSG00000102032	1.4149522011748559	0.1329494219705014	3.338550371098624	0.09033643234325411	0.012010176462912943	2599	3121	0.49008832188420015	0.38763493621197254	5720	8111479	3005
ENSG00000023171	1.2236029001806443	0.16293213771117165	3.1556990905805202	0.08538873633890555	0.013912569348153487	3059	2662	0.39980372914622175	0.47772325809617266	5721	8143058	3006
ENSG00000109944	1.0562644161805939	0.12068279460078803	5.566277187728069	0.1506155566577615	0.018176706287811983	3853	1870	0.24396467124631993	0.6331697742885182	5723	7205110	3007
ENSG00000229453	1.1063125743805042	0.11549686980771583	5.149906531093377	0.13934915793021477	0.016094391551280847	3503	2223	0.31265947006869477	0.5638861629048086	5726	7787169	3008
ENSG00000150782	1.3821144224091875	0.12829748040133082	3.5344222263354683	0.09563644661044281	0.012269915134656207	2672	3057	0.47576054955839053	0.4001962708537782	5729	8168304	3009
ENSG00000165685	2.231054705363765	0.11021224676093619	2.773700435514419	0.07505239516600386	0.008271693096034911	1763	3968	0.654170755642787	0.22139352306182536	5731	6995584	3010
ENSG00000172794	1.5017365863532703	0.15803270687953738	2.6582676719168603	0.07192894849609659	0.011367126433836973	2469	3262	0.5156035328753681	0.3599607458292443	5731	8053878	3011
ENSG00000230148	1.4142951708386196	0.14410029652087653	3.0654527739197963	0.08294679915867766	0.011952658354223041	2601	3135	0.4896957801766437	0.38488714425907755	5736	8154135	3012
ENSG00000162706	1.2397139320998511	0.1466410281658774	3.442879371170331	0.09315942693935352	0.013660994149730737	3010	2726	0.40942100098135426	0.465161923454367	5736	8205260	3013
ENSG00000163141	1.0815584718322413	0.12551243101576687	4.991790403929642	0.13507076005203517	0.01695305945327826	3656	2081	0.2826300294406281	0.591756624141315	5737	7608136	3014
ENSG00000178965	1.0299584881655526	0.1207565741043587	6.14069039441566	0.16615836237134715	0.020064714598754467	4141	1597	0.1874386653581943	0.6867517173699705	5738	6613177	3015
ENSG00000162670	1.0029831394179936	0.11420366124440166	8.96598661545732	0.24260686622836497	0.027706592366310064	4852	887	0.04789008832188424	0.8261040235525025	5739	4303724	3016
ENSG00000117318	2.072030766966879	0.16970516261548943	1.9078001480818079	0.05162236295537121	0.008760581499937088	1882	3858	0.6308145240431796	0.2429833169774288	5740	7260756	3017
ENSG00000136059	1.2927136304675433	0.14472722754638997	3.3452866032324993	0.0905187052194336	0.013100521247497564	2877	2863	0.4355250245338568	0.43827281648675176	5740	8236851	3018
ENSG00000166405	1.0187756561678065	0.11448130981319023	6.988671830644645	0.18910353591294837	0.021648820481619986	4342	1399	0.1479882237487733	0.725613346418057	5741	6074458	3019
ENSG00000256650	2.0821009669863844	0.1823187102806631	1.768651913531741	0.047857209317153405	0.008725264680335142	1875	3866	0.632188420019627	0.2414131501472031	5741	7248750	3020
ENSG00000163762	1.0210191892061127	0.10055980203599726	7.8023788638099925	0.21112129277686	0.02123031540722486	4295	1447	0.15721295387634937	0.7161923454367026	5742	6214865	3021
ENSG00000119547	1.0743513327944796	0.12197745727662088	5.199618741326689	0.14069429974842776	0.01716153293662794	3702	2040	0.2736015701668302	0.5998037291462217	5742	7552080	3022
ENSG00000089847	2.1336870634836047	0.17348100147178744	1.8155988288145584	0.049127526180689336	0.008522692441657443	1832	3911	0.6406280667320903	0.23258096172718357	5743	7164952	3023
ENSG00000138092	5.4677380225030605	0.18646688812826237	0.4803889361928048	0.012998642467253985	0.0024238164107607293	759	4987	0.8512266928361139	0.021393523061825293	5746	3785133	3024
ENSG00000100767	1.6975738661513289	0.1876148463637636	2.024020505224723	0.05476712078824311	0.010275124952471916	2226	3520	0.563297350343474	0.3093228655544652	5746	7835520	3025
ENSG00000240859	1.2822256194224633	0.13848359931371565	3.524922451396077	0.09537939619014137	0.013208482084779673	2904	2842	0.43022571148184496	0.4423945044160942	5746	8253168	3026
ENSG00000002587	1.1524406299925807	0.15508898215205183	3.585561077683668	0.09702019131141258	0.01504676271868432	3321	2428	0.3483807654563298	0.5236506378802748	5749	8063388	3027
ENSG00000185339	1.240987495963883	0.15866861058904333	3.166002541152839	0.08566753308062494	0.013592748446493667	3006	2744	0.4102060843964671	0.4616290480863592	5750	8248464	3028
ENSG00000167646	1.9319339883999047	0.15572258953871038	2.187217023660463	0.059182986840152774	0.009216127967384009	1994	3757	0.6088321884200196	0.2628066732090285	5751	7491458	3029
ENSG00000145911	1.2729370643817346	0.13056313904856778	3.767635061149241	0.1019468547612715	0.013310501373760034	2938	2814	0.4235525024533857	0.44789008832188415	5752	8267532	3030
ENSG00000168071	3.433373121120895	0.15450549694837762	1.3379461644894461	0.03620292334470418	0.00559355066235754	1215	4538	0.7617271835132483	0.1095191364082434	5753	5513670	3031
ENSG00000104921	3.3510463967753705	0.14561898384478905	1.4690653209171118	0.039750821530117685	0.0057884742382113	1252	4502	0.7544651619234544	0.11658488714425908	5754	5636504	3032
ENSG00000251151	1.9792572690391321	0.09949155409542088	3.353675213714139	0.09074568910734757	0.009028429636749916	1955	3802	0.61648675171737	0.25397448478900886	5757	7432910	3033
ENSG00000166816	1.283069021951416	0.13548479701388658	3.5825522203481306	0.09693877590445173	0.01313373037618928	2900	2857	0.4310107948969578	0.43945044160942104	5757	8285300	3034
ENSG00000267767	1.60620210425974	0.15341579875576464	2.55562517353326	0.06915158824086658	0.010608946145202287	2327	3431	0.5434739941118744	0.3267909715407262	5758	7983937	3035
ENSG00000246985	1.7383402788169227	0.12802234139348542	2.890670881615955	0.07821744934097935	0.01001358100245851	2169	3590	0.5744847890088323	0.29558390578999016	5759	7786710	3036
ENSG00000104998	1.4209508233914558	0.15821329766023398	2.756609812305979	0.07458994717044906	0.011801121514139385	2588	3172	0.49224730127576055	0.3776251226692836	5760	8209136	3037
ENSG00000172292	2.6882428292551017	0.17660867564235513	1.4637647260323623	0.03960739495931306	0.006995009569407971	1511	4250	0.703631010794897	0.16604514229636902	5761	6421750	3038
ENSG00000134827	1.0013809310111257	0.11573172841722516	9.273445066106431	0.2509262553158764	0.029040129232968313	4956	806	0.027477919528949957	0.8420019627085378	5762	3994536	3039
ENSG00000136630	1.85029235920783	0.14922613131931878	2.353261817983004	0.06367592319304408	0.009502111676284052	2073	3690	0.5933267909715407	0.27595682041216885	5763	7649370	3040
ENSG00000133246	4.111830524589179	0.15669994050425368	1.0499965850776969	0.028411416610529004	0.00445206729251146	1026	4738	0.7988223748773307	0.07026496565260054	5764	4861188	3041
ENSG00000127129	1.1184354779301002	0.1430625873436469	4.029883654462901	0.10904292930670273	0.015599963598147274	3462	2302	0.32070657507360156	0.5483807654563297	5764	7969524	3042
ENSG00000253154	1.0614168254943597	0.11656041742742347	5.573912381914795	0.15082215417057654	0.01757989324742562	3801	1964	0.254170755642787	0.614720314033366	5765	7465164	3043
ENSG00000183508	1.2760958596912741	0.13448775077685074	3.6412643787339065	0.09852744353985952	0.01325073427146886	2933	2832	0.4245338567222767	0.4443572129538763	5765	8306256	3044
ENSG00000175084	1.0822775958170623	0.14988552180647086	4.1185588420254255	0.11144235396451652	0.016703595375312984	3643	2124	0.2851815505397448	0.5833169774288518	5767	7737732	3045
ENSG00000106772	1.0266101784161321	0.12708330924208514	5.868867020759226	0.15880320786590563	0.020181237173858012	4195	1576	0.1768400392541708	0.6908734052993131	5771	6611320	3046
ENSG00000187980	1.3215804447340032	0.14560349692289395	3.2100287094041664	0.08685881867691204	0.012646947737949967	2810	2962	0.448675171736997	0.4188420019627085	5772	8323220	3047
ENSG00000178685	1.6339213219103204	0.12334814460053042	3.125360054329856	0.08456780509900463	0.010431281851901498	2294	3479	0.5499509322865554	0.3173699705593719	5773	7980826	3048
ENSG00000135083	1.2779329833797075	0.16111621655921862	3.0221102673036366	0.08177401247544744	0.013175119502910435	2925	2848	0.42610402355250243	0.4412168792934249	5773	8330400	3049
ENSG00000170369	1.0475209210849021	0.14698444938752067	4.6163825835435235	0.12491275750667316	0.018360232883595243	3932	1842	0.22845927379784103	0.6386653581943081	5774	7242744	3050
ENSG00000163406	1.32377650434844	0.15624883476120272	2.9842514620689973	0.08074960696481559	0.012617031995677534	2804	2972	0.4498527968596664	0.41687929342492636	5776	8333488	3051
ENSG00000205221	1.1300772955445118	0.12961565078860657	4.3568634899143115	0.11789053934684855	0.015280458979261604	3410	2371	0.33091265947006865	0.534838076545633	5781	8085110	3052
ENSG00000119632	1.183268734615928	0.11936415059292894	4.442225530281237	0.12020031494617592	0.01434760849455283	3207	2576	0.3707556427870461	0.4946025515210991	5783	8261232	3053
ENSG00000196482	1.0185328127134776	0.10043608612989391	7.842672632068073	0.21221158492928993	0.02131370102171946	4346	1438	0.14720314033366044	0.7179587831207066	5784	6249548	3054
ENSG00000166428	2.4069958292202696	0.1855095173597516	1.499883258310618	0.04058471115491043	0.00752885017853236	1655	4131	0.6753680078508342	0.18940137389597644	5786	6836805	3055
ENSG00000172164	1.102295723332363	0.13978123874475276	4.197978908787484	0.11359134819562243	0.01587793936147064	3525	2261	0.3083415112855741	0.5564278704612364	5786	7970025	3056
ENSG00000085871	1.7323435538539784	0.16398322081003466	2.232846161444437	0.06041764651579713	0.009907480269422583	2181	3606	0.5721295387634936	0.29244357212953875	5787	7864686	3057
ENSG00000242265	1.0071838860397322	0.09105192484702446	9.88215461857514	0.2673970714459283	0.02434701805360909	4645	1145	0.08851815505397453	0.7754661432777232	5790	5318525	3058
ENSG00000144824	1.1686730887581878	0.12911007919696812	4.162503495969786	0.11263143389940637	0.014541853350820437	3260	2534	0.36035328753680074	0.5028459273797841	5794	8260840	3059
ENSG00000108878	1.257042899041647	0.13392478970641775	3.6687487638424923	0.09927113197342378	0.013294865473458824	2975	2820	0.41629048086359177	0.44671246319921487	5795	8389500	3060
ENSG00000181634	1.0857361195918938	0.15474932725594956	3.907624519027706	0.10573477070822941	0.01636238463466058	3618	2179	0.2900883218842002	0.57252208047105	5797	7883622	3061
ENSG00000142185	1.2054204997007647	0.10373700553336622	4.939705339176074	0.13366141215992702	0.013865634652831893	3127	2671	0.38645731108930326	0.4759568204121688	5798	8352217	3062
ENSG00000179772	2.3790926739879494	0.1361373016908941	2.047400663219234	0.05539975466405032	0.007541973114301336	1676	4124	0.6712463199214916	0.190775269872424	5800	6911824	3063
ENSG00000179082	1.5052441568731258	0.17013291288599164	2.4002756923610695	0.06494805187461637	0.011049801251698974	2462	3338	0.5169774288518155	0.3450441609421001	5800	8218156	3064
ENSG00000133256	1.1645687749880624	0.1250180196034536	4.30729525681403	0.11654929334540971	0.014570761840225096	3278	2523	0.3568204121687929	0.5050049067713445	5801	8270394	3065
ENSG00000256235	2.304533157981404	0.16082076596915348	1.7763640225162147	0.0480658880351775	0.007729992930804816	1722	4080	0.6622178606476938	0.19941118743866537	5802	7025760	3066
ENSG00000156802	3.01046238519229	0.159558514117058	1.4164689463105713	0.03832763831944153	0.006115501019866104	1368	4436	0.7316977428851815	0.12953876349362115	5804	6068448	3067
ENSG00000136492	2.40719683179957	0.1447676185558444	1.9025066274384552	0.05147912780349345	0.007452510737443705	1654	4151	0.6755642787046123	0.18547595682041218	5805	6865754	3068
ENSG00000089820	1.8483796678420514	0.13722881152706123	2.5149332364084516	0.06805052220429768	0.009338492285891661	2075	3731	0.5929342492639843	0.26790971540726205	5806	7741825	3069
ENSG00000262823	1.4894107620686923	0.1500250419351127	2.740053152402781	0.07414194746371308	0.011123148777394478	2484	3322	0.5126594700686948	0.3481844946025515	5806	8251848	3070
ENSG00000075891	1.0492152203730083	0.1307175282019919	5.10329766258686	0.13808798813242346	0.018050520483056384	3917	1891	0.23140333660451418	0.6290480863591756	5808	7407047	3071
ENSG00000187017	1.0349173091516306	0.10459113051213068	6.706600944089427	0.18147109825980254	0.0189802673222707	4065	1744	0.2023552502453385	0.657899901864573	5809	7089360	3072
ENSG00000223485	1.4577344471710405	0.14979494939566526	2.7786935611070382	0.07518750205436589	0.011262708065420216	2530	3288	0.5036310107948969	0.35485770363101077	5818	8318640	3073
ENSG00000269190	1.3393922879193665	0.14657772435582778	3.0922864163269543	0.08367287941878755	0.012264580255505458	2759	3059	0.45868498527968593	0.39980372914622175	5818	8439781	3074
ENSG00000112280	1.5502071947053389	0.12493557824735081	3.1450296556520896	0.08510003658020286	0.010632022279018351	2395	3426	0.5301275760549559	0.32777232580961724	5821	8205270	3075
ENSG00000138829	1.0358336976916658	0.11011483479056755	6.3055638297016054	0.17061960341202298	0.018787749441747065	4047	1775	0.20588812561334646	0.6518155053974485	5822	7183425	3076
ENSG00000175164	1.0059673124336375	0.12606281873792455	7.167161360701587	0.19393320914344758	0.024447766991514443	4689	1136	0.07988223748773304	0.7772325809617272	5825	5326704	3077
ENSG00000167476	2.668254569616574	0.13419675531733874	1.8582863078027154	0.050282588746436624	0.0067477602587279265	1519	4306	0.7020608439646712	0.15505397448478897	5825	6540814	3078
ENSG00000117016	1.7221012393428605	0.16548579136654182	2.1820355880482687	0.05904278455005886	0.009770741925750719	2199	3626	0.5685966633954858	0.2885181550539745	5825	7973574	3079
ENSG00000123146	1.7534046942333998	0.17254103156670386	2.0504694598855475	0.05548279194418889	0.009573058156251158	2151	3675	0.57801766437684	0.278900883218842	5826	7904925	3080
ENSG00000227471	1.1798102353501179	0.14548854940334413	3.615361452248855	0.09782654713099716	0.014232642435226654	3225	2601	0.36722276741903825	0.4896957801766437	5826	8388225	3081
ENSG00000121797	1.5594140885996914	0.11468921177781859	3.4101079196528183	0.09227267799633014	0.01058268070802757	2388	3442	0.5315014720314033	0.3246319921491658	5830	8219496	3082
ENSG00000154065	1.3125380753429225	0.14872937605325726	3.105755839248279	0.08403734287663095	0.012498821571214964	2829	3001	0.444946025515211	0.41118743866535823	5830	8489829	3083
ENSG00000068079	2.201525268437889	0.12781028775270395	2.2860607293391175	0.06185755715902382	0.007906032180174168	1786	4045	0.6496565260058882	0.2062806673209029	5831	7224370	3084
ENSG00000129988	1.0616032459758518	0.11003867068608948	5.770611233351158	0.15614454578060025	0.017181938252580492	3799	2035	0.25456329735034344	0.6007850834151128	5834	7730965	3085
ENSG00000095713	1.072390177710964	0.1384100185736192	4.465711464686901	0.12083581098146778	0.016724886842303294	3713	2121	0.2714425907752699	0.5839057899901865	5834	7875273	3086
ENSG00000262714	2.6173106232306114	0.0909700959449852	2.775245319140515	0.0750941975232111	0.006831326353598184	1545	4292	0.6969578017664377	0.15780176643768395	5837	6631140	3087
ENSG00000197956	1.2308809046561255	0.13711075070226691	3.599412413016965	0.09739498877681321	0.01335390002582772	3033	2804	0.4049067713444553	0.4498527968596664	5837	8504532	3088
ENSG00000265206	1.607394160595535	0.13158085911596837	2.894203095500971	0.0783130260330095	0.010304495245394587	2323	3515	0.5442590775269873	0.3103042198233562	5838	8165345	3089
ENSG00000029725	4.283901133405093	0.20291904906789995	0.6815119518461172	0.018440745678731926	0.003741978577231268	1000	4847	0.8039254170755643	0.04887144259077525	5847	4847000	3090
ENSG00000286058	1.973540891951546	0.07530123983664991	4.210481608452495	0.11392965349488458	0.008579044162324724	1962	3892	0.6151128557409224	0.23631010794896956	5854	7636104	3091
ENSG00000197937	1.3805267986332803	0.11619648898143563	3.749122673557548	0.10144593584039303	0.011787661566089654	2675	3179	0.47517173699705595	0.37625122669283606	5854	8503825	3092
ENSG00000258414	1.302987904335151	0.1412698056719412	3.2661569261112495	0.08837756851965842	0.012485081930530812	2851	3005	0.4406280667320903	0.4104023552502454	5856	8567255	3093
ENSG00000198019	3.378980614240857	0.11547499189326793	1.6545363791702814	0.04476940499992636	0.005169746679432925	1239	4619	0.7570166830225711	0.09362119725220808	5858	5722941	3094
ENSG00000276070	1.184067665747341	0.10713666946497577	4.804801215481219	0.13001109813486833	0.013928956047653917	3203	2655	0.37154072620215894	0.4790971540726202	5858	8503965	3095
ENSG00000259964	1.8513525885947257	0.1774536589815468	1.8922744494637613	0.051202259597059624	0.00908602831362125	2072	3789	0.5935230618253189	0.2565260058881256	5861	7850808	3096
ENSG00000006042	1.0183421767253626	0.10159922244754954	7.545192787624362	0.20416220275620392	0.020742721053209276	4350	1514	0.1464180569185476	0.7030421982335624	5864	6585900	3097
ENSG00000197892	2.2110886316270806	0.17866443154589404	1.5941904107202496	0.043136528784169126	0.007706963394086673	1777	4087	0.651422963689892	0.19803729146221782	5864	7262599	3098
ENSG00000117791	1.213589350220311	0.13078093324109027	3.821350697790953	0.10340032361328165	0.013522790819575718	3099	2765	0.3919528949950932	0.45750736015701665	5864	8568735	3099
ENSG00000173905	2.2223479508839152	0.1647428349126128	1.7180978589652143	0.046489288386691786	0.0076587771618936125	1769	4096	0.6529931305201178	0.19627085377821396	5865	7245824	3100
ENSG00000180481	1.790026442000514	0.17358945762469583	1.980485271227193	0.05358911917574342	0.009302506132302487	2122	3743	0.5837095191364082	0.2655544651619235	5865	7942646	3101
ENSG00000205002	1.006299750463714	0.0806157593461132	10.922997649999129	0.29556080589251665	0.0238268587999744	4679	1187	0.08184494602551518	0.7672227674190383	5866	5553973	3102
ENSG00000067836	2.716799826195489	0.16392729679834903	1.4556760997926927	0.039388528219013036	0.006456854955808296	1499	4367	0.7059862610402355	0.1430814524043179	5866	6546133	3103
ENSG00000248727	1.1872362708390989	0.14005030286005835	3.649344702236822	0.09874608561989277	0.013829419197311236	3188	2679	0.3744847890088322	0.4743866535819431	5867	8540652	3104
ENSG00000285973	1.2784200668047778	0.13415881483109515	3.4993747339269907	0.09468811123285878	0.012703244781595242	2922	2946	0.4266928361138371	0.42198233562316	5868	8608212	3105
ENSG00000101115	1.8662809580324637	0.11519977723644179	2.8825609354377413	0.07799800571341636	0.008985352883072279	2058	3813	0.596270853778214	0.25181550539744846	5871	7847154	3106
ENSG00000179314	1.1012292586386765	0.1381745094902781	4.1334143673893555	0.11184432338620913	0.015454034523161487	3533	2340	0.30677134445534837	0.5409224730127575	5873	8267220	3107
ENSG00000288585	1.4383809585104141	0.16709098077387702	2.4692917758753667	0.06681552909256053	0.011164272287001452	2563	3310	0.49715407262021594	0.3505397448478901	5873	8483530	3108
ENSG00000177685	1.24677898897245	0.12616691672858557	3.812059519091604	0.10314891751103177	0.013013980886258087	2994	2880	0.41256133464180567	0.4349362119725221	5874	8622720	3109
ENSG00000086717	1.6200267715832377	0.12308132000543535	3.027545181110496	0.08192107352555321	0.010082953865787413	2311	3566	0.5466143277723259	0.3002944062806673	5877	8241026	3110
ENSG00000049283	1.319350263480193	0.1351517824760418	3.3489151338314005	0.090616888104973	0.012247033949819129	2814	3063	0.44789008832188415	0.3990186457311089	5877	8619282	3111
ENSG00000206341	1.842983163934215	0.11429339984005595	2.92381950191548	0.07911440393566914	0.009042254202127129	2080	3798	0.5919528949950932	0.2547595682041217	5878	7899840	3112
ENSG00000104147	4.548233166604102	0.17053451064866318	0.6191730780290466	0.01675394427364266	0.0028571256881406238	928	4953	0.8180569185475957	0.02806673209028454	5881	4596384	3113
ENSG00000183778	1.507760001073265	0.0637320394172213	6.169200029864673	0.16692979262328106	0.010638776123375526	2458	3423	0.5177625122669284	0.32836113837095193	5881	8413734	3114
ENSG00000130222	1.4007925339991423	0.14052953935894266	3.003626319787461	0.08127386310262795	0.011421378543734073	2632	3249	0.48361138370951917	0.36251226692836114	5881	8551368	3115
ENSG00000165029	1.382233536687016	0.12688677724892766	3.387450511757384	0.09165960071190808	0.011630391338257532	2671	3210	0.4759568204121688	0.3701668302257115	5881	8573910	3116
ENSG00000232415	1.6245748570044052	0.17021076389326653	2.1812573563685063	0.05902172670588349	0.010046133188908037	2306	3576	0.5475956820412169	0.29833169774288515	5882	8246256	3117
ENSG00000126264	2.337868218384395	0.1490024762752313	1.8081008036790824	0.04892464026762281	0.007289892550750694	1693	4190	0.667909715407262	0.1778213935230618	5883	7093670	3118
ENSG00000156453	1.1806314481132971	0.14438462391534165	3.5569540225596374	0.0962461250214074	0.013896460564524862	3220	2664	0.3682041216879294	0.47733071638861624	5884	8578080	3119
ENSG00000148700	1.2192786786113876	0.14450161369920458	3.407329768108679	0.09219750516048528	0.013322688274730864	3074	2810	0.3968596663395486	0.448675171736997	5884	8637940	3120
ENSG00000196653	1.0343690684492095	0.11568069133915691	5.9222022259041935	0.1602463827818217	0.018537412344800306	4072	1814	0.20098135426889108	0.6441609421000981	5886	7386608	3121
ENSG00000267259	1.1675098401608672	0.13661363935864496	3.810371237354193	0.10310323500455583	0.014085308163622008	3264	2622	0.3595682041216879	0.4855740922473013	5886	8558208	3122
ENSG00000211943	1.1665790486115128	0.10708837043966209	4.863991894043801	0.13161271384676798	0.014094191054991934	3267	2620	0.3589793915603533	0.48596663395485773	5887	8559540	3123
ENSG00000107282	1.350903595833576	0.13919163633284184	3.14882440420409	0.08520271708752576	0.011859505611416896	2730	3157	0.46437684003925417	0.38056918547595686	5887	8618610	3124
ENSG00000167619	1.2939494578905286	0.15706641115535827	2.927524670109994	0.07921466052572143	0.012441962439665092	2871	3018	0.43670264965652605	0.40785083415112855	5889	8664678	3125
ENSG00000162267	1.9123964624584275	0.17874621217379058	1.7895473124543162	0.04842260914080003	0.008655357967489972	2012	3878	0.6052993130520118	0.23905789990186455	5890	7802536	3126
ENSG00000165030	2.8418036957715413	0.20197525118661028	1.108365441716852	0.029990794988157314	0.006057398351019206	1441	4450	0.7173699705593719	0.12679097154072616	5891	6412450	3127
ENSG00000105711	1.4468446116837748	0.15597128672736985	2.611918329345975	0.07067480110159996	0.011023239667017482	2551	3344	0.4995093228655545	0.34386653581943083	5895	8530544	3128
ENSG00000162975	1.0315083082726983	0.08696676264035888	7.972609712085547	0.21572749780557698	0.018761122096656153	4118	1780	0.19195289499509327	0.6508341511285574	5898	7330040	3129
ENSG00000227719	2.026461721437455	0.16990612867852345	1.78332066654063	0.048254124944132955	0.008198671562027401	1914	3984	0.6245338567222767	0.21825318940137395	5898	7625376	3130
ENSG00000145451	1.0092551629833975	0.10073361957708393	8.167078147435703	0.22098953752347011	0.022261076003404955	4570	1332	0.10323846908734058	0.7387634936211973	5902	6087240	3131
ENSG00000135862	2.194992836669706	0.15706219166098423	1.788119154440188	0.048383965212903765	0.007599291617587485	1792	4110	0.6484789008832188	0.19352306182531898	5902	7365120	3132
ENSG00000135643	1.428111348902922	0.14262355373949667	2.8771210251869244	0.07785080946663199	0.011103359107627504	2577	3326	0.49440628066732095	0.34739941118743867	5903	8571102	3133
ENSG00000106018	1.0497079597028334	0.12826360396817846	5.026261555818974	0.13600350047356727	0.017444299123027602	3912	1992	0.2323846908734053	0.609224730127576	5904	7792704	3134
ENSG00000189420	1.310017747480832	0.13155161282399835	3.4320734000558626	0.09286703270533629	0.012216807930565992	2838	3066	0.44317958783120703	0.3984298331697743	5904	8701308	3135
ENSG00000095303	1.2526550721610707	0.11336239739266815	4.168625769597084	0.11279709393021109	0.012786948986854707	2984	2925	0.4145240431795878	0.42610402355250243	5909	8728200	3136
ENSG00000163749	1.3886465502148455	0.15550469506644388	2.711198203808985	0.07336117352842159	0.011408006919253673	2659	3252	0.47831207065750736	0.36192345436702644	5911	8647068	3137
ENSG00000138642	2.7388780607648853	0.09990906284243349	2.2751377578318346	0.061561997060516085	0.006150601433024807	1485	4428	0.7087340529931305	0.13110893032384696	5913	6575580	3138
ENSG00000100473	1.127863263876054	0.13255886570677228	4.120757233542548	0.11150183931728212	0.014780557344117703	3420	2493	0.3289499509322865	0.5108930323846909	5913	8526060	3139
ENSG00000121207	1.0817519325590979	0.11896410031745636	4.916743728047602	0.13304010356798365	0.015826996227106392	3654	2266	0.2830225711481845	0.5554465161923454	5920	8279964	3140
ENSG00000107736	1.4702999570093649	0.1666621788446064	2.384360980291783	0.06451742236470834	0.01075261418474003	2516	3404	0.506378802747792	0.33209028459273793	5920	8564464	3141
ENSG00000106686	1.7440479586384299	0.16491784692715336	2.063319629976125	0.055830499299763324	0.00920744573738491	2164	3759	0.5754661432777233	0.2624141315014721	5923	8134476	3142
ENSG00000156463	1.0750103997425615	0.13575168311687028	4.375817916984229	0.11840341922831736	0.016073463447036484	3697	2226	0.2745829244357213	0.563297350343474	5923	8229522	3143
ENSG00000083782	1.5676164591333412	0.11089749481575185	3.393607340154251	0.09182619574571	0.010183295066660089	2379	3546	0.5332679097154073	0.30421982335623154	5925	8435934	3144
ENSG00000205363	1.0318006660434142	0.13266701373943787	5.160864916019453	0.13964567626554847	0.01852637485177461	4111	1816	0.1933267909715407	0.6437684003925417	5927	7465576	3145
ENSG00000179456	1.035172241132731	0.1201715997558524	5.599026873877982	0.15150171666084417	0.01820620365689152	4060	1867	0.20333660451422964	0.6337585868498528	5927	7580020	3146
ENSG00000179750	1.1804201770294391	0.12730978874774032	3.9815507958423684	0.10773511078447	0.013715734194685275	3222	2706	0.36781157998037295	0.4690873405299313	5928	8718732	3147
ENSG00000272398	1.0231534156635786	0.10818352905933559	6.663316923963344	0.18029989413794376	0.01950547883686737	4253	1677	0.16545632973503432	0.6710500490677134	5930	7132281	3148
ENSG00000124225	1.7877379401367504	0.1447960927313277	2.298060047893477	0.062182241680226465	0.009003745632571902	2124	3807	0.5833169774288518	0.25299313052011774	5931	8086068	3149
ENSG00000204632	1.1816844959773853	0.10550577721355764	4.791076554968814	0.12963972831024442	0.01367774029312679	3214	2719	0.36938174681059865	0.46653581943081457	5933	8738866	3150
ENSG00000225556	1.546746224765231	0.14291876092833258	2.643107121524423	0.0715187255302642	0.010221367635958866	2400	3535	0.5291462217860647	0.30637880274779195	5935	8484000	3151
ENSG00000050767	1.364440133212328	0.17079080439994304	2.4992035435039672	0.06762489905026436	0.011549710906259595	2708	3229	0.46869479882237486	0.3664376840039254	5937	8744132	3152
ENSG00000103024	2.804428105333238	0.16501001127962048	1.3157398733534262	0.035602052639211866	0.005874695107573992	1456	4483	0.7144259077526987	0.12031403336604518	5939	6527248	3153
ENSG00000198879	1.0276671359478577	0.1161934714634654	5.996888041199557	0.16226727489081516	0.018854397974480228	4177	1764	0.18037291462217864	0.6539744847890088	5941	7368228	3154
ENSG00000069667	1.4766449016657375	0.14280787286078825	2.7418252562852956	0.07418989807840914	0.010594901532336292	2507	3434	0.5081452404317959	0.32620215897939153	5941	8609038	3155
ENSG00000175832	1.1213780020815929	0.125981888292826	4.32895830399645	0.11713546464091705	0.014756947021520282	3446	2496	0.323846908734053	0.5103042198233563	5942	8601216	3156
ENSG00000229754	1.4391990514207564	0.1062113305143143	3.77806539921134	0.10222908489828574	0.010857887124307724	2559	3384	0.4979391560353288	0.3360157016683023	5943	8659656	3157
ENSG00000232679	2.352199954836097	0.11430335898437356	2.2442221509886484	0.060725464639104366	0.006941124584136429	1684	4261	0.6696761530912659	0.16388616290480862	5945	7175524	3158
ENSG00000171564	1.2402742414774939	0.0698097875121074	6.743843383569131	0.1824788257883373	0.01273880805374269	3008	2938	0.4098135426889107	0.4235525024533857	5946	8837504	3159
ENSG00000171517	1.0397382329679585	0.12451338803488493	5.271021792969375	0.142626364934462	0.017758891921089773	4004	1946	0.21432777232580957	0.6182531894013739	5950	7791784	3160
ENSG00000141977	1.7104870509610546	0.17144904461154184	2.007771175378549	0.05432743699644545	0.009314387169234304	2212	3738	0.566045142296369	0.2665358194308145	5950	8268456	3161
ENSG00000204644	1.0518370082717756	0.129772275279945	4.847634314132083	0.1311701009619104	0.017022242450527216	3891	2062	0.23650637880274783	0.5954857703631011	5953	8023242	3162
ENSG00000127743	1.8627933179365845	0.1617081355362304	1.9589137519393802	0.05300542449509571	0.008571408368408364	2060	3895	0.5958783120706574	0.23572129538763498	5955	8023700	3163
ENSG00000162444	1.0238854922321379	0.10141381935611296	6.9998269926943015	0.18940537875782518	0.019208322866422236	4243	1713	0.16741903827281646	0.6639842983316977	5956	7268259	3164
ENSG00000144407	1.0831026150855754	0.12350744915489342	4.636948407649574	0.12546923950377664	0.015496385718515839	3633	2325	0.28714425907752694	0.5438665358194308	5958	8446725	3165
ENSG00000187116	2.8277817252834327	0.16462047179189457	1.281404634531079	0.03467298983227756	0.0057078839446250956	1445	4516	0.716584887144259	0.11383709519136409	5961	6525620	3166
ENSG00000151365	1.0203982893646397	0.1060423506848113	6.852567865301273	0.18542075587664056	0.019662452818913503	4309	1653	0.15446516192345439	0.6757605495583906	5962	7122777	3167
ENSG00000287252	1.063935360576804	0.11934713371142569	5.071459134311916	0.13722648276760496	0.016377587387614002	3786	2176	0.25711481844946027	0.5731108930323847	5962	8238336	3168
ENSG00000147257	1.0082385493444421	0.0995418122493287	8.190602838725223	0.22162608226500485	0.02206106187037739	4608	1355	0.09578017664376837	0.7342492639842984	5963	6243840	3169
ENSG00000180530	1.9090680533542088	0.165789937634465	1.8646551872097248	0.05045492157946328	0.00836491830201104	2017	3946	0.6043179587831207	0.22571148184494605	5963	7959082	3170
ENSG00000154930	1.0249057035161109	0.10203923171070625	6.885277468135136	0.1863058312821087	0.019010503887250837	4228	1738	0.1703631010794897	0.6590775269872424	5966	7348264	3171
ENSG00000256229	1.0263247240652345	0.09787220486997998	7.115896883759707	0.19254606519229955	0.018844907939409263	4199	1768	0.17605495583905795	0.6531894013738959	5967	7423832	3172
ENSG00000115896	1.0999625689546182	0.13322263474601595	4.17403562313787	0.11294347688510217	0.015046627568009062	3538	2429	0.30578999018645736	0.5234543670264966	5967	8593802	3173
ENSG00000183248	1.266366109347696	0.14393866488464058	3.1950763565193787	0.08645422923999886	0.01244410633043609	2951	3016	0.4210009813542689	0.408243375858685	5967	8900216	3174
ENSG00000105538	1.70864031864326	0.1581302942189948	2.159638269656696	0.058436744918287535	0.009240619667129158	2215	3753	0.5654563297350343	0.26359175662414136	5968	8312895	3175
ENSG00000175161	1.027118229296526	0.12977598882232058	5.333306017408059	0.14431168760497357	0.018728191957553268	4189	1784	0.17801766437684008	0.6500490677134445	5973	7473176	3176
ENSG00000123453	1.0349269638867087	0.10491062598568457	6.32541473265152	0.17115674065782027	0.017956160804081394	4064	1909	0.20255152109911678	0.6255152109911678	5973	7758176	3177
ENSG00000168334	1.5774073298026716	0.1675115729209987	2.1781534673886975	0.05893773987757237	0.009872753511300817	2363	3610	0.5364082433758587	0.2916584887144259	5973	8530430	3178
ENSG00000278828	1.7503878419279761	0.08244575944883416	4.01424378336223	0.1086197366031348	0.008955236675377778	2155	3819	0.5772325809617271	0.2506378802747792	5974	8229945	3179
ENSG00000122584	1.007523297898095	0.11005310651655237	7.445542057764877	0.20146579550896357	0.022171936652589926	4633	1342	0.09087340529931309	0.7368007850834151	5975	6217486	3180
ENSG00000112812	1.0419662018196931	0.10342544116545961	6.224299635474487	0.16842070971034986	0.01741898620319274	3980	1995	0.2190382728164868	0.6086359175662415	5975	7940100	3181
ENSG00000176485	1.247319329123086	0.1216025725942638	3.8144851557327235	0.10321455179416757	0.012551155027334662	2991	2989	0.41315014720314036	0.4135426889106968	5980	8940099	3182
ENSG00000139625	2.7583709103945084	0.18238831871502947	1.1628906400276047	0.031466169429364546	0.005739061738624058	1474	4511	0.7108930323846909	0.1148184494602551	5985	6649214	3183
ENSG00000203685	1.0012805608246582	0.11143645000453725	8.566231892748732	0.23179007107844574	0.025829862667281354	4963	1026	0.02610402355250241	0.7988223748773307	5989	5092038	3184
ENSG00000139292	1.1611477463451885	0.14912001067910957	3.4098630621653965	0.092266052500415	0.013758714734181169	3294	2696	0.3536800785083415	0.4710500490677134	5990	8880624	3185
ENSG00000075420	2.611837835697688	0.18472722721646423	1.2177925926489148	0.032951738307229174	0.006087083249456992	1550	4443	0.6959764474975466	0.1281648675171737	5993	6886650	3186
ENSG00000144331	1.0384739609510674	0.11970898038239006	5.4189504297322015	0.14662910378849864	0.017552820508904818	4023	1970	0.21059862610402358	0.6135426889106967	5993	7925310	3187
ENSG00000123364	1.6231983128860075	0.08038037490186763	4.380452785136286	0.11852883217905874	0.009527391967233293	2309	3684	0.5470068694798822	0.2771344455348381	5993	8506356	3188
ENSG00000019102	1.0344238631410951	0.13479105917376427	4.892919682799387	0.1323954587334054	0.017845724112472115	4070	1926	0.2013738959764475	0.6221786064769381	5996	7838820	3189
ENSG00000021300	1.0378075383583623	0.115431821814502	5.625530512521026	0.15221886748769825	0.017570901188645276	4029	1967	0.2094210009813543	0.6141315014720314	5996	7925043	3190
ENSG00000126947	1.0342310795381544	0.11787838525102087	5.604953946086084	0.15166209481842896	0.017877682840983625	4074	1923	0.20058881256133465	0.6227674190382728	5997	7834302	3191
ENSG00000169247	1.5511525977555791	0.1553279265975679	2.365001891448087	0.0639935929102556	0.009939992102278822	2394	3603	0.5303238469087341	0.29303238469087345	5997	8625582	3192
ENSG00000144452	1.0356337920076653	0.10255842021009635	6.395869714654839	0.17306315242565995	0.01774908350935479	4049	1950	0.20549558390579004	0.617468105986261	5999	7895550	3193
ENSG00000222033	1.4404142670584479	0.12084272072274722	3.234034067626102	0.08750836958309706	0.010574749466433145	2556	3444	0.4985279685966634	0.3242394504416094	6000	8802864	3194
ENSG00000177679	1.1726743603822027	0.1432811890129909	3.499114282648693	0.09468106379110551	0.013566015397004437	3252	2751	0.36192345436702644	0.46025515210991164	6003	8946252	3195
ENSG00000182534	1.1794351498314901	0.11798883903851529	4.2209724037110075	0.11421351951778531	0.013475920570406296	3226	2777	0.3670264965652601	0.4551521099116781	6003	8958602	3196
ENSG00000071246	1.583944063676527	0.14306025959452665	2.506035232874208	0.06780975486371187	0.009700881133843835	2353	3651	0.5383709519136408	0.2836113837095191	6004	8590803	3197
ENSG00000162645	1.284574344252127	0.12738782397051818	3.4967027715179615	0.09461581172422277	0.01205290236875298	2896	3108	0.43179587831207067	0.39018645731108925	6004	9000768	3198
ENSG00000039068	1.0053588621115632	0.1094573422829909	7.636297485618484	0.20662736651642308	0.02261688238182113	4709	1298	0.07595682041216878	0.7454367026496564	6007	6112282	3199
ENSG00000104518	1.4831931458884173	0.12357994181845387	3.086166650434692	0.08350728724373195	0.01031982569899731	2495	3512	0.5105004906771344	0.3108930323846909	6007	8762440	3200
ENSG00000182601	1.5543302935380392	0.15726958594110427	2.3085307788745353	0.062465564792270306	0.009823933510457572	2391	3617	0.5309126594700687	0.29028459273797846	6008	8648247	3201
ENSG00000204710	1.0130633070241104	0.10787802023334789	7.0220960912535055	0.1900079489430031	0.02049768136057022	4470	1539	0.1228655544651619	0.6981354268891069	6009	6879330	3202
ENSG00000187912	2.2238798529502604	0.14996722604290874	1.7368115395784147	0.046995654010898724	0.00704780786808678	1767	4242	0.6533856722276742	0.16761530912659472	6009	7495614	3203
ENSG00000146938	1.0044220729567304	0.11638735864231486	7.399413289230963	0.20021761653469505	0.023302799542133025	4767	1243	0.06457311089303241	0.7562315996074582	6010	5925381	3204
ENSG00000146530	1.1233453951809145	0.12885629587426953	4.121951084430429	0.11153414322705524	0.014371876559748585	3440	2571	0.32502453385672225	0.49558390578999023	6011	8844240	3205
ENSG00000185507	1.5067597098481564	0.11643808879163971	3.213498472164715	0.0869527055301939	0.010124606847198018	2460	3556	0.517369970559372	0.3022571148184494	6016	8747760	3206
ENSG00000166396	1.2536734459749368	0.12355745204092959	3.7017043087742154	0.10016286222282542	0.01237586804537899	2982	3034	0.4149165848871442	0.40471050049067714	6016	9047388	3207
ENSG00000071073	1.3410501526784695	0.1417528061359023	2.96118265757593	0.08012539787263948	0.011357999991202301	2754	3263	0.45966633954857705	0.35976447497546615	6017	8986302	3208
ENSG00000197766	1.3634024977673203	0.1468839635718258	2.8105495051741207	0.07604947866578946	0.01117044885400216	2710	3308	0.46830225711481843	0.3509322865554465	6018	8964680	3209
ENSG00000154639	1.0822608488473904	0.12964802343555615	4.352857287775051	0.11778213720571579	0.01527022128473653	3644	2375	0.28498527968596665	0.5340529931305201	6019	8654500	3210
ENSG00000198125	1.1003843266574806	0.11726252790415381	4.675047209286486	0.12650013897626217	0.014833726076583278	3537	2483	0.3059862610402355	0.512855740922473	6020	8782371	3211
ENSG00000189334	1.0111059610420952	0.08695212906314785	8.884077667471733	0.24039052640552974	0.020902468077571675	4527	1495	0.11167811579980369	0.7067713444553484	6022	6767865	3212
ENSG00000135472	1.0223191881780909	0.10366605651891883	6.741524724665853	0.18241608617088048	0.018910356298950465	4270	1754	0.16211972522080476	0.655937193326791	6024	7489580	3213
ENSG00000049323	1.4915495653331252	0.15907851033118947	2.3692067356087287	0.06410737002241783	0.010198104924416581	2481	3543	0.5132482826300294	0.30480863591756624	6024	8790183	3214
ENSG00000204186	1.0408396248265095	0.11695386518266138	5.441475240408152	0.14723859318044782	0.01722012257651082	3996	2031	0.21589793915603528	0.6015701668302258	6027	8115876	3215
ENSG00000121552	1.0433410440591184	0.15285141677111208	4.116818185212342	0.1113952542628648	0.017026922435657146	3966	2061	0.22178606476938179	0.5956820412168793	6027	8173926	3216
ENSG00000172322	1.765986899443272	0.12598825508815467	2.5209550220683052	0.06821346317339498	0.008594095198736131	2139	3889	0.5803729146221785	0.23689892051030426	6028	8318571	3217
ENSG00000267102	1.8989082529378092	0.143373532026593	2.098386475872768	0.05677935835525542	0.008140657153596614	2030	4000	0.601766437684004	0.21511285574092243	6030	8120000	3218
ENSG00000112303	1.4508954782533918	0.14161033432207468	2.716179232178129	0.07349595308309427	0.010407786487416495	2540	3490	0.5016683022571149	0.3152109911678116	6030	8864600	3219
ENSG00000197558	1.3550017027095334	0.13106382836649724	3.1444077210284367	0.085083207912426	0.011151330958705201	2725	3313	0.4653581943081453	0.3499509322865555	6038	9027925	3220
ENSG00000260228	1.1862909125310799	0.12782556154757163	3.8145865294420847	0.10321729482279351	0.01319380867214484	3192	2846	0.37369970559371934	0.44160942100098133	6038	9084432	3221
ENSG00000163239	1.2890069652227323	0.17072646519713625	2.5705032698179773	0.06955416839962528	0.011874737310594378	2884	3154	0.4341511285574092	0.38115799803729145	6038	9096136	3222
ENSG00000132470	1.1252290257450346	0.13722707223491637	3.82298655755221	0.1034445876555214	0.014195397902515373	3434	2606	0.32620215897939153	0.4887144259077527	6040	8949004	3223
ENSG00000167483	3.1254867529119084	0.13841260940364186	1.2196995006551443	0.03300333653009285	0.004568077928156687	1321	4720	0.7409224730127576	0.07379784102060849	6041	6235120	3224
ENSG00000163207	1.1799452159282071	0.1334899325225206	3.6824643492845066	0.09964225623952941	0.013301238061806487	3224	2817	0.3674190382728165	0.44730127576054957	6041	9082008	3225
ENSG00000156564	1.2286846748586748	0.1488190476655785	3.1122420993086646	0.08421285186345895	0.012532476415522398	3048	2996	0.40196270853778215	0.41216879293424924	6044	9131808	3226
ENSG00000198300	1.0033213662922442	0.0865528965704178	10.039275338731876	0.2716485350239637	0.023511967555434648	4826	1220	0.05299313052011778	0.7607458292443572	6046	5887720	3227
ENSG00000090006	1.8712947208172381	0.16978428127973696	1.7783554084648725	0.04811977211120569	0.00816998092324579	2054	3992	0.5970559371933268	0.21668302257114813	6046	8199568	3228
ENSG00000138411	1.7832581939421082	0.12369780256206994	2.5346286210933524	0.06858345134667765	0.008483622223706662	2127	3920	0.5827281648675171	0.2308145240431796	6047	8337840	3229
ENSG00000185567	1.129459900632636	0.10764185868808893	4.802978305125002	0.1299617727691384	0.013989326779269118	3412	2635	0.3305201177625122	0.4830225711481845	6047	8990620	3230
ENSG00000171766	1.0325952081569547	0.11062527806298822	5.931943895080702	0.16050997851669285	0.017756461005293413	4100	1948	0.1954857703631011	0.6178606476938175	6048	7986800	3231
ENSG00000104219	1.0265093693482255	0.09897644587456544	6.831936926446509	0.18486251196689898	0.018297034409927984	4196	1853	0.17664376840039253	0.6365063788027479	6049	7775188	3232
ENSG00000287226	1.0960831231838886	0.14380265903239073	3.8123397106978203	0.1031564990980275	0.014834178866768771	3568	2482	0.29990186457311085	0.5130520117762511	6050	8855776	3233
ENSG00000143768	1.233743967616277	0.17011105613415997	2.695578106876262	0.07293851588575925	0.012407647970184711	3028	3027	0.4058881256133464	0.4060843964671247	6055	9165756	3234
ENSG00000104140	1.0817166506662874	0.12560405011702463	4.465666991114722	0.12083460758975653	0.015177316107574786	3655	2401	0.28282630029440625	0.5289499509322866	6056	8775655	3235
ENSG00000166546	1.8095951976102782	0.13772520726417464	2.24159322867681	0.06065432973438195	0.008353630134137344	2111	3948	0.5858684985279685	0.22531894013738962	6059	8334228	3236
ENSG00000130287	1.2080111136776914	0.11303177052014926	4.15475500314099	0.11242177068621952	0.012707231785673607	3118	2944	0.3882237487733071	0.42237487733071644	6062	9179392	3237
ENSG00000149534	1.1450225188392238	0.11371485217621595	4.4524992687542335	0.12047830772067844	0.013700172952897606	3351	2712	0.3424926398429833	0.467909715407262	6063	9087912	3238
ENSG00000214128	1.0847071085856441	0.1138602881363045	4.87206041145047	0.1318310364706013	0.01501031979785033	3625	2441	0.28871442590775265	0.5210991167811581	6066	8848625	3239
ENSG00000163993	1.007170511276598	0.0812594794487897	9.7881256455121175	0.26485278095477777	0.021521799110949563	4648	1419	0.08792934249263984	0.7216879293424927	6067	6595512	3240
ENSG00000184557	1.3156865343402386	0.155569041074633	2.7151302054275126	0.07346756790882711	0.011429279089661714	2822	3248	0.44631992149165844	0.3627085377821394	6070	9165856	3241
ENSG00000022556	1.0000146557416798	0.06258208657106511	15.577120896680686	0.4214947721524478	0.02637802232009585	5087	984	0.0017664376840039742	0.8070657507360157	6071	5005608	3242
ENSG00000166840	1.0369348171944344	0.09522688300342462	6.678590966276044	0.18071318803398137	0.01720875361408782	4038	2033	0.20765456329735033	0.6011776251226693	6071	8209254	3243
ENSG00000225670	1.9806986228403038	0.15105071221899707	1.8529880673324874	0.05013922588274571	0.007573565779697912	1954	4118	0.6166830225711482	0.19195289499509327	6072	8046572	3244
ENSG00000234602	1.523800751598977	0.09154645014302018	3.9236896631425426	0.10616947069567846	0.00971943815575277	2431	3641	0.5230618253189401	0.28557409224730124	6072	8851271	3245
ENSG00000147255	1.0171630792988988	0.09023436693808413	7.930055831361317	0.21457605021914375	0.019362134051598985	4381	1692	0.14033366045142293	0.6681059862610402	6073	7412652	3246
ENSG00000164761	1.013606705923473	0.12072729887530084	6.107668993505403	0.16526485015268103	0.01995197895796453	4459	1616	0.1250245338567223	0.6830225711481845	6075	7205744	3247
ENSG00000171227	1.2818538353392213	0.11892031784308979	3.669039498033077	0.0992789988277822	0.011806290095743598	2906	3169	0.42983316977428854	0.3782139352306183	6075	9209114	3248
ENSG00000182600	1.76237979190801	0.15091135475743991	2.0615795999668904	0.055783416558533715	0.00841835096584693	2140	3937	0.5801766437684004	0.2274779195289499	6077	8425180	3249
ENSG00000135744	1.0048296415796008	0.0820811309509894	9.99371686193797	0.2704157873343729	0.02219603365140756	4739	1340	0.07006869479882238	0.7371933267909716	6079	6350260	3250
ENSG00000183742	1.082744620935445	0.09911014132580644	5.595665456410438	0.1514107614773421	0.015006341968267342	3637	2442	0.2863591756624141	0.5209028459273798	6079	8881554	3251
ENSG00000088543	2.0806434929126185	0.1735965108367799	1.5441181266795356	0.04178164388002804	0.007253147594597766	1876	4204	0.6319921491658489	0.17507360157016683	6080	7886704	3252
ENSG00000235961	1.4494891414705082	0.15960011118050002	2.3686510039857103	0.06409233271383072	0.01022914342694498	2547	3533	0.5002944062806673	0.30677134445534837	6080	8998551	3253
ENSG00000133134	1.0615790661968765	0.09185842158342597	6.319551722315153	0.1709980959235176	0.015707615185305595	3800	2284	0.2543670264965653	0.5519136408243376	6084	8679200	3254
ENSG00000141526	1.2066553560075803	0.1316766976823574	3.5533227071688644	0.09614786678335432	0.01266043358723532	3124	2960	0.38704612365063784	0.4192345436702649	6084	9247040	3255
ENSG00000168016	1.4164467019400324	0.14380791228302903	2.6715805619092494	0.07228917639515772	0.010395755538047254	2596	3492	0.49067713444553485	0.31481844946025517	6088	9065232	3256
ENSG00000180113	1.4783969809997681	0.16818859296667005	2.193576110117915	0.05935505468987028	0.009982843133749033	2502	3592	0.5091265947006869	0.29519136408243374	6094	8987184	3257
ENSG00000128944	3.800407641980972	0.18178491147311582	0.4642544790489021	0.012562066967662027	0.002283594231635794	1095	5000	0.785279685966634	0.018842001962708577	6095	5475000	3258
ENSG00000182963	1.3087702054433867	0.12572246438712958	3.3478628165702777	0.09058841389416401	0.01138899863969559	2841	3254	0.44259077526987245	0.36153091265947	6095	9244614	3259
ENSG00000101333	1.0951325052084053	0.12707689480761844	4.2388203886765705	0.11469646064704389	0.014575270064450545	3576	2522	0.29833169774288515	0.5052011776251226	6098	9018672	3260
ENSG00000102409	1.0750689390867678	0.08802106713816185	6.353556587751911	0.17191821929576384	0.015132425122905661	3694	2405	0.2751717369970559	0.5281648675171737	6099	8884070	3261
ENSG00000109182	1.1110066159252354	0.12740725954178173	4.1010244190165634	0.11096789737655231	0.0141381157018602	3484	2615	0.3163886162904809	0.48694798822374874	6099	9110660	3262
ENSG00000159147	3.5397704851805165	0.18362713436322317	0.6296843479839923	0.017038364312755072	0.0031287060129878224	1182	4919	0.7682041216879294	0.0347399411187439	6101	5814258	3263
ENSG00000166450	1.229645611900217	0.15080899087916486	3.002068356685839	0.08123170683338567	0.012250471734935053	3040	3061	0.40353287536800786	0.3994111874386653	6101	9305440	3264
ENSG00000257829	2.2087379018202378	0.17655789878647313	1.4026743258740526	0.03795437547861329	0.006701144784256804	1781	4321	0.6506378802747792	0.15210991167811583	6102	7695701	3265
ENSG00000166592	1.1634114179526414	0.1649194451175223	2.980042410050601	0.08063571599399763	0.013298397538384207	3284	2818	0.3556427870461236	0.4471050049067713	6102	9254312	3266
ENSG00000132970	1.1540379302431505	0.13658796686902344	3.6321028909634827	0.0982795466899869	0.013423803467194573	3312	2793	0.35014720314033365	0.4520117762512267	6105	9250416	3267
ENSG00000135127	1.3149204902282403	0.14909623262351435	2.802615008302565	0.07583478244732887	0.011306680364720548	2825	3280	0.44573110893032386	0.3564278704612365	6105	9266000	3268
ENSG00000125089	1.2959966614696223	0.13602092927689338	3.1187641336517604	0.08438932885157807	0.011478714931444998	2866	3240	0.43768400392541706	0.3642787046123651	6106	9285840	3269
ENSG00000169562	1.0150198785762576	0.09217145646489319	7.778825167063041	0.21048396318883456	0.019400613449617847	4421	1686	0.1324828263002944	0.6692836113837095	6107	7453806	3270
ENSG00000168917	1.4077388383974325	0.15902704184523633	2.411947259586218	0.06526386791025324	0.010378719853145818	2614	3497	0.487144259077527	0.31383709519136405	6111	9141158	3271
ENSG00000272141	1.5876463451544578	0.11736598215560208	2.8934634196418334	0.07829301145459147	0.009188936185287933	2348	3764	0.5393523061825318	0.26143277723258096	6112	8837872	3272
ENSG00000175806	1.07426032690008	0.13470575769914153	4.143821223659494	0.11212591813927673	0.01510400676066319	3703	2411	0.273405299313052	0.5269872423945043	6114	8927933	3273
ENSG00000132639	1.3903017952573713	0.0739508999606924	5.2592791945609765	0.14230862689586976	0.010523851031119965	2655	3460	0.4790971540726202	0.321099116781158	6115	9186300	3274
ENSG00000134917	1.0431613631993515	0.1410749760588437	4.326516446329652	0.11706939143986005	0.016515561594601658	3968	2149	0.22139352306182536	0.5784102060843965	6117	8527232	3275
ENSG00000095585	1.0592488928418295	0.11507856157264094	5.020706719682148	0.13585319449550076	0.01563379020759045	3821	2296	0.25024533856722275	0.549558390578999	6117	8773016	3276
ENSG00000006016	1.2294530865125741	0.14888275311551583	3.0249653332835247	0.08185126650670617	0.012186241903510224	3044	3074	0.402747791952895	0.3968596663395486	6118	9357256	3277
ENSG00000136541	1.2933052388509139	0.10351787867994683	4.080507663998427	0.11041274311929032	0.01142969294694283	2875	3247	0.4359175662414132	0.36290480863591756	6122	9335125	3278
ENSG00000259834	1.4686953166392689	0.10777529268161286	3.387040052553315	0.09164849426869277	0.009877443293637482	2520	3608	0.5055937193326792	0.2920510304219823	6128	9092160	3279
ENSG00000223756	1.4216295417750402	0.1680695177176877	2.242594322471522	0.06068141791092652	0.010198696642714876	2587	3541	0.4924435721295387	0.30520117762512267	6128	9160567	3280
ENSG00000173193	2.8258873384571146	0.11098750495933297	1.6040323478054104	0.043402837626269244	0.004817172656294682	1448	4683	0.7159960745829244	0.08105986261040232	6131	6780984	3281
ENSG00000250510	1.0480003791782395	0.12854305137339272	4.658809147511734	0.12606076008247669	0.016204234759450736	3926	2206	0.2296368989205103	0.5672227674190382	6132	8660756	3282
ENSG00000275395	1.080148925129474	0.11287228555993227	4.862037200780998	0.13155982262271587	0.014849457867285223	3659	2476	0.2820412168792934	0.5142296368989205	6135	9059684	3283
ENSG00000166828	1.095202455782971	0.07423933570368482	7.1841293678439	0.19439233932236621	0.014431558137177758	3575	2560	0.2985279685966634	0.4977428851815505	6135	9152000	3284
ENSG00000258498	1.1554836512324658	0.16214403987716441	3.02649400149909	0.08189263009793013	0.013278401880244657	3309	2827	0.35073601570166835	0.44533856722276743	6136	9354543	3285
ENSG00000181392	1.4805844062878986	0.15093086520972526	2.3814588269078296	0.06443889421515912	0.009725818057051926	2499	3639	0.5097154072620216	0.28596663395485766	6138	9093861	3286
ENSG00000180178	1.9918781141424096	0.08142726304116998	3.304915655890022	0.08942632471057321	0.007281740865012924	1947	4194	0.6180569185475957	0.17703631010794896	6141	8165718	3287
ENSG00000143494	1.2359900760422444	0.13900987155636274	3.19418736110991	0.0864301742865807	0.012014647426171629	3022	3119	0.4070657507360157	0.38802747791952896	6141	9425618	3288
ENSG00000163631	1.0887264968936832	0.09940147449921839	5.402669675698046	0.14618856970279615	0.0145313593833897	3605	2538	0.292639842983317	0.5020608439646712	6143	9149490	3289
ENSG00000165923	1.7604913046180988	0.17087309126574832	1.7599145751769418	0.047620789348180856	0.008137111484438683	2143	4002	0.5795878312070657	0.214720314033366	6145	8576286	3290
ENSG00000119888	1.1414464399072997	0.16120834491785213	3.088715086360197	0.08357624430112981	0.013473188018235207	3367	2778	0.33935230618253187	0.45495583905789994	6145	9353526	3291
ENSG00000178502	2.185341667576161	0.15692614454189976	1.5574068469966973	0.04214121778199815	0.006613058832829518	1801	4347	0.6467124631992149	0.14700686947988229	6148	7828947	3292
ENSG00000124772	1.6733253189249426	0.15611144745402786	2.0272098280413187	0.05485341933486272	0.008563246690168178	2253	3897	0.5579980372914622	0.23532875368007855	6150	8779941	3293
ENSG00000169435	1.0293830374815598	0.11675327435785283	5.508453428982863	0.14905092785511143	0.017402183873160355	4151	2002	0.18547595682041218	0.6072620215897939	6153	8310302	3294
ENSG00000164647	1.1248748286879	0.10961298800529652	4.613862369933799	0.124844564105065	0.013684585707774963	3436	2717	0.3258096172718351	0.466928361138371	6153	9335612	3295
ENSG00000101282	1.1446016976074107	0.13054141853812473	3.787171741796095	0.10247548959773961	0.013377295777477774	3352	2801	0.3422963689892051	0.450441609421001	6153	9388952	3296
ENSG00000152467	1.1981580633254512	0.11823840632448082	3.898780441313111	0.1054954625237493	0.012473615363272109	3142	3011	0.38351324828263	0.4092247301275761	6153	9460562	3297
ENSG00000143369	1.0679405395829176	0.13453576945498474	4.162432083228823	0.11262950157204109	0.015152696657325961	3750	2404	0.26418056918547594	0.5283611383709519	6154	9015000	3298
ENSG00000170421	1.5634965298091712	0.11885126706806783	2.843038512995088	0.07692858508345074	0.009143059810921783	2382	3774	0.5326790971540727	0.25947006869479883	6156	8989668	3299
ENSG00000176490	1.0865672324000122	0.12893453475097646	4.158066392860727	0.11251137218990469	0.014506601427499313	3614	2543	0.29087340529931305	0.5010794896957802	6157	9190402	3300
ENSG00000186197	1.0330429905279594	0.10676464796943168	5.882556335616738	0.1591736212872985	0.016994115642758063	4090	2068	0.19744847890088324	0.5943081452404317	6158	8458120	3301
ENSG00000184809	1.4855520301915164	0.07314488212022091	4.853664875744683	0.13133327939582728	0.009606357239869825	2490	3668	0.5114818449460254	0.28027477919528954	6158	9133320	3302
ENSG00000112164	1.0580120605220762	0.1366811685563323	4.192731684563075	0.11344936575910096	0.015506391883928673	3836	2323	0.2473012757605496	0.5442590775269873	6159	8911028	3303
ENSG00000187796	1.5762116768865073	0.16844665057927719	1.9903664175490663	0.05385648896411237	0.009071945177964533	2366	3794	0.5358194308145241	0.25554465161923456	6160	8976604	3304
ENSG00000081051	1.1078610500778816	0.12641904016283825	4.067954131804881	0.11007306236398756	0.013915330891839543	3500	2661	0.31324828263002946	0.47791952894995093	6161	9313500	3305
ENSG00000151136	1.0659138418251382	0.13494429316051781	4.157789516540308	0.11250388030983496	0.015181756606226176	3764	2398	0.26143277723258096	0.5295387634936213	6162	9026072	3306
ENSG00000166173	1.3152870857582368	0.15763457374063913	2.590295205542043	0.07008971007602381	0.011048561571438993	2823	3340	0.4461236506378803	0.3446516192345437	6163	9428820	3307
ENSG00000184368	1.188500137321597	0.13211506285785193	3.5155678150409777	0.09512627301383593	0.012567613538656118	3179	2984	0.37625122669283606	0.4145240431795878	6163	9486136	3308
ENSG00000113924	1.0354187948238747	0.10025447237249335	6.181249005599625	0.16725582079727794	0.0167681440652594	4053	2113	0.20471050049067718	0.5854759568204122	6166	8563989	3309
ENSG00000135144	1.1974039715829456	0.15731381308289644	2.922380772194817	0.07907547395240574	0.012439664328790203	3146	3021	0.38272816486751715	0.40726202158979397	6167	9504066	3310
ENSG00000246859	1.6958104641569662	0.14310272179664463	2.167069648443298	0.058637827475790494	0.008391232712027692	2228	3941	0.5629048086359176	0.22669283611383706	6169	8780548	3311
ENSG00000166402	1.0825151515587772	0.11023465275702041	4.87864523646167	0.13200921248503736	0.014551989699015817	3639	2531	0.28596663395485766	0.5034347399411188	6170	9210309	3312
ENSG00000235098	1.275745848612939	0.16082153033478938	2.6443832410897636	0.07155325551362891	0.011507304052138009	2935	3236	0.4241413150147203	0.36506378802747796	6171	9497660	3313
ENSG00000101974	1.6986469121571084	0.17109434178968055	1.805533537890284	0.04885517370086239	0.008358843787369563	2225	3947	0.5634936211972522	0.22551521099116778	6172	8782075	3314
ENSG00000158050	1.4915787473226807	0.1754899353087403	1.994919965792594	0.053979701513602166	0.009472894326607155	2480	3694	0.5134445534838077	0.2751717369970559	6174	9161120	3315
ENSG00000105825	1.0014943202037385	0.10370216210418318	8.36557147041152	0.2263604849852249	0.023474071707919316	4949	1228	0.028851815505397393	0.7591756624141315	6177	6077372	3316
ENSG00000114346	3.265890284163168	0.14961764739276975	0.8131401773076761	0.02200241854933108	0.0032919501003019543	1278	4899	0.7493621197252208	0.038665358194308164	6177	6260922	3317
ENSG00000186493	1.324334468758501	0.08308056163312244	4.836931145495882	0.1308804884169769	0.010873624484499815	2799	3378	0.4508341511285574	0.3371933267909716	6177	9455022	3318
ENSG00000265766	1.0972618870089106	0.10949118084122991	4.75767313469819	0.12873587919014934	0.014095443429163367	3560	2619	0.30147203140333656	0.4861629048086359	6179	9323640	3319
ENSG00000107317	1.8291752151410507	0.16912415941831743	1.6830604816552945	0.04554122670931141	0.007702121686091319	2092	4088	0.5895976447497546	0.19784102060843967	6180	8552096	3320
ENSG00000280027	2.194274450485269	0.08798614658172033	2.662723499516973	0.07204951686373763	0.00633935935191495	1794	4388	0.6480863591756625	0.1389597644749755	6182	7872072	3321
ENSG00000144554	3.4011732386046916	0.15318026063140977	0.6825678929945778	0.01846931794678639	0.0028291349367731136	1227	4957	0.7593719332679097	0.027281648675171688	6184	6082239	3322
ENSG00000162373	1.0651778130142628	0.12984968742778252	4.30157904557555	0.11639462078624302	0.015113805127368934	3775	2409	0.25927379784102056	0.5273797841020609	6184	9093975	3323
ENSG00000164120	1.0020160953917279	0.10948779822781508	7.729706651656559	0.20915488590959658	0.022899907946831593	4909	1278	0.03670264965652603	0.7493621197252208	6187	6273702	3324
ENSG00000113805	1.018009528659005	0.11416239177114415	5.972846395875964	0.16161674210718652	0.018450553829216596	4359	1829	0.14465161923454362	0.641216879293425	6188	7972611	3325
ENSG00000154310	1.243179412375325	0.10940092726306778	3.9677412024241105	0.10736144279601734	0.011745441394185105	3001	3188	0.41118743866535823	0.3744847890088322	6189	9567188	3326
ENSG00000169031	1.5516466763598562	0.17127289058201578	1.9514972694893358	0.05280474501130739	0.009044021314532894	2393	3797	0.5305201177625123	0.25495583905789987	6190	9086221	3327
ENSG00000168702	1.004573692133228	0.1082401149626017	7.2857765054399275	0.19714276652808405	0.021338755713045165	4757	1434	0.06653581943081455	0.7187438665358195	6191	6821538	3328
ENSG00000272674	1.1990355438769524	0.10347080810258126	4.39384656104279	0.11889124873609888	0.012301773583049144	3140	3051	0.38390578999018643	0.40137389597644746	6191	9580140	3329
ENSG00000095917	1.195916367087001	0.11594559189989137	3.936863136909991	0.10652592618966196	0.012351211564744495	3152	3040	0.38155053974484787	0.40353287536800786	6192	9582080	3330
ENSG00000187678	1.3594208018417666	0.1065150970463895	3.6179724431900935	0.09789719683829345	0.010427529421800323	2718	3482	0.4667320902845927	0.3167811579980373	6200	9464076	3331
ENSG00000169129	1.0796457328414062	0.14171726140314572	3.7892936816495766	0.10253290627704746	0.014530682681288576	3665	2539	0.2808635917566241	0.501864573110893	6204	9305435	3332
ENSG00000142279	1.586769074192013	0.1722387962054087	1.8831643036207186	0.05095575198683705	0.008776557381954176	2350	3857	0.5389597644749755	0.24317958783120708	6207	9063950	3333
ENSG00000225217	1.1972674654224775	0.10953132369063551	4.134600436314831	0.11187641672712985	0.012253972013887688	3148	3060	0.3823356231599607	0.3996074582924436	6208	9632880	3334
ENSG00000114450	1.3080610388661753	0.15701358556782746	2.5718961378114296	0.06959185742967343	0.010926867061358078	2843	3366	0.442198233562316	0.33954857703631014	6209	9569538	3335
ENSG00000237289	1.3959472644026596	0.0871440270576361	4.267157897905283	0.11546323340787346	0.010061931136257878	2641	3570	0.4818449460255152	0.29950932286555443	6211	9428370	3336
ENSG00000174944	1.9841782657995002	0.15142476282153766	1.6893061558424407	0.04571022578403841	0.006921660097866952	1951	4264	0.6172718351324828	0.16329735034347403	6215	8319064	3337
ENSG00000184293	2.7884279917047716	0.12032030642814556	1.3368132823961987	0.03617226916393894	0.004352258510006494	1464	4753	0.712855740922473	0.0673209028459274	6217	6958392	3338
ENSG00000235436	1.0362990384957544	0.13767527348027872	4.396911417875896	0.11897417940994537	0.016379802687355973	4043	2175	0.20667320902845931	0.5733071638861629	6218	8793525	3339
ENSG00000134824	1.0433654073637706	0.11894853605663006	4.946187954824084	0.13383682253413115	0.015919694110905897	3965	2253	0.22198233562315994	0.5579980372914622	6218	8933145	3340
ENSG00000188747	2.170348951838849	0.14459373846075374	1.5930742654655001	0.04310632747848754	0.00623290504142803	1813	4408	0.6443572129538764	0.13503434739941123	6221	7991704	3341
ENSG00000189377	1.0118520231571568	0.08147793857964251	8.711453371214581	0.2357195580730962	0.01920594367470021	4512	1714	0.11462217860647694	0.6637880274779195	6226	7733568	3342
ENSG00000111885	1.1653050193815053	0.13581982816386654	3.454015461616463	0.09346075373372036	0.012693823512179346	3275	2951	0.3574092247301276	0.4210009813542689	6226	9664525	3343
ENSG00000215845	1.4395807977134807	0.1443778508486998	2.4544255527729706	0.06641327020525567	0.009588605220068802	2557	3671	0.4983316977428852	0.27968596663395484	6228	9386747	3344
ENSG00000243064	1.010661041938782	0.10969100485539587	6.527401172474498	0.1766222069012781	0.01937386735477883	4540	1690	0.10912659470068697	0.6684985279685967	6230	7672600	3345
ENSG00000112246	1.048688724687808	0.13639965999902642	4.21788840582755	0.11413007091429635	0.015567302868374797	3922	2310	0.23042198233562317	0.546810598626104	6232	9059820	3346
ENSG00000156011	1.1103165428048138	0.1281652080358605	3.9173352845450147	0.1059975302339654	0.01358519551372359	3486	2746	0.31599607458292445	0.46123650637880276	6232	9572556	3347
ENSG00000225889	1.6396963068666974	0.17552924962882197	1.758132066946007	0.047572557206590566	0.008350375269397048	2286	3950	0.5515210991167812	0.2249263984298332	6236	9029700	3348
ENSG00000215559	1.3494712795199018	0.1399984102515914	2.736914119283621	0.07405700968489534	0.010367863623872056	2736	3501	0.4631992149165849	0.3130520117762512	6237	9578736	3349
ENSG00000108106	2.617781593123433	0.18263160218656607	0.9646291182268548	0.026101494178252405	0.004766957701237563	1544	4694	0.6971540726202159	0.07890088321884203	6238	7247536	3350
ENSG00000235978	1.044692201605032	0.1114243833456026	5.2076064205531	0.14091043500589245	0.01570085832749218	3953	2286	0.2243375858684985	0.5515210991167812	6239	9036558	3351
ENSG00000167772	1.1940353301465811	0.1426249598839978	3.1487906061158037	0.08520180255924958	0.012151903672057271	3160	3085	0.37998037291462217	0.3947006869479882	6245	9748600	3352
ENSG00000101307	1.2793605103256585	0.11203526395173952	3.649377956303949	0.09874698542772886	0.011063144576834178	2914	3333	0.42826300294406283	0.3460255152109911	6247	9712362	3353
ENSG00000130962	1.4139982540429272	0.16153656882406273	2.2223875356604843	0.06013465095319775	0.009713945182412217	2602	3646	0.48949950932286557	0.2845927379784102	6248	9486892	3354
ENSG00000170425	1.4020017967038827	0.14298943940596798	2.532469030966449	0.0685250159044339	0.009798353609460042	2629	3622	0.48420019627085376	0.28930323846908734	6251	9522238	3355
ENSG00000149927	1.2315261740652208	0.13522438720170354	3.164333266227632	0.0856223648714978	0.011578231820508957	3030	3221	0.40549558390579	0.3680078508341511	6251	9759630	3356
ENSG00000068078	1.0757147309705168	0.1219568555988493	4.366263525551845	0.11814489096327026	0.014408579406949347	3687	2565	0.27654563297350343	0.4967615309126595	6252	9457155	3357
ENSG00000188039	1.1308960660341112	0.1282816831658152	3.8025015647447327	0.10289029283857792	0.013198939946756399	3409	2844	0.3311089303238469	0.44200196270853775	6253	9695196	3358
ENSG00000184574	2.046776517713083	0.10908069854528495	2.223415424717888	0.060162464171501825	0.0065625636180330965	1897	4357	0.6278704612365064	0.14504416094210015	6254	8265229	3359
ENSG00000263961	1.1959754141914767	0.10026210139031581	4.452065501112919	0.12046657058424895	0.012078231514061604	3151	3104	0.38174681059862614	0.3909715407262021	6255	9780704	3360
ENSG00000215912	1.451188859665878	0.15807366430768433	2.194583378386973	0.05938230993892298	0.009386779327100178	2539	3717	0.501864573110893	0.27065750736015703	6256	9437463	3361
ENSG00000143217	1.098879131534388	0.11439467242099532	4.430313616132477	0.11987799546407567	0.0137134040215985	3549	2707	0.30363101079489696	0.4688910696761531	6256	9607143	3362
ENSG00000164855	1.4755393552495677	0.1344052984714838	2.5476185297839296	0.06893493983034106	0.009265221163010767	2509	3749	0.5077526987242394	0.2643768400392542	6258	9406241	3363
ENSG00000130701	1.1382395488372954	0.12125136986578337	3.9571182127025044	0.10707399977865972	0.012982869150171076	3373	2886	0.3381746810598626	0.4337585868498528	6259	9734478	3364
ENSG00000260577	2.3471166169915234	0.1874503581530167	1.06662124435013	0.028861256283638264	0.0054100528271139965	1687	4574	0.6690873405299314	0.10245338567222773	6261	7716338	3365
ENSG00000214652	1.0098896071029462	0.09051425312756262	7.853859344053534	0.2125142814706291	0.01923557146625461	4554	1708	0.10637880274779199	0.6649656526005888	6262	7778232	3366
ENSG00000076641	1.5361741903112716	0.15016453945086336	2.1681637835812135	0.05866743321896464	0.008809768090090108	2415	3848	0.5262021589793915	0.24494602551521094	6263	9292920	3367
ENSG00000164171	1.1595266146755652	0.12533470638043448	3.728335634513769	0.10088346808119701	0.012644199850596761	3300	2963	0.3525024533856722	0.41864573110893033	6263	9777900	3368
ENSG00000100033	1.0108305075983874	0.10404141109900507	6.770643905342204	0.18320400985111973	0.01906080370390652	4534	1731	0.11030421982335625	0.66045142296369	6265	7848354	3369
ENSG00000165905	1.1083156602317155	0.13157196402888152	3.7901492320588743	0.10255605625625246	0.013493501744691598	3498	2770	0.3136408243375859	0.45652600588812564	6268	9689460	3370
ENSG00000172824	1.2624225990818836	0.0947208321388725	4.35125095699996	0.11773867217591089	0.011152305003428193	2960	3312	0.4192345436702649	0.35014720314033365	6272	9803520	3371
ENSG00000259345	1.2624755642566554	0.1441753528504741	2.856086504937257	0.07728164521742474	0.011142108468087365	2959	3315	0.4194308145240432	0.34955839057899907	6274	9809085	3372
ENSG00000128274	1.0660827241858148	0.11286908574343568	4.791965569572748	0.12966378378303753	0.014635032729625968	3762	2513	0.2618253189401374	0.5069676153091266	6275	9453906	3373
ENSG00000150893	1.010663789554653	0.09746343409168581	7.210614098821381	0.19510897853463882	0.019015991070106913	4539	1737	0.10932286555446513	0.6592737978410206	6276	7884243	3374
ENSG00000082684	1.099836459715039	0.1255818977700411	4.010395547090682	0.10851560879407282	0.013627596090031027	3541	2735	0.30520117762512267	0.46339548577036305	6276	9684635	3375
ENSG00000145908	1.038202595888025	0.11336815203276397	5.194119975886164	0.14054551096378348	0.015933384854464702	4027	2252	0.20981354268891073	0.5581943081452405	6279	9068804	3376
ENSG00000126233	1.293330612845873	0.1445145285495335	2.745405767068967	0.07428678161593594	0.010735519222689135	2874	3407	0.43611383709519136	0.33150147203140334	6281	9791718	3377
ENSG00000153291	1.501715972066613	0.1481910032520917	2.2411698261561717	0.060642873063399626	0.008986728199354439	2470	3812	0.5154072620215898	0.2520117762512267	6282	9415640	3378
ENSG00000111348	1.077875848085622	0.11645211157964737	4.501913929759635	0.12181539827930023	0.014185660352540255	3674	2608	0.27909715407262026	0.4883218842001963	6282	9581792	3379
ENSG00000162552	1.263530603104942	0.09802818024082856	4.18586271309352	0.11326350114498614	0.011103014904947993	2956	3327	0.42001962708537777	0.3472031403336604	6283	9834612	3380
ENSG00000255815	2.4921160454124065	0.07635900126172684	2.3209566250308793	0.06280179054471892	0.004795482003442897	1601	4686	0.6859666339548577	0.08047105004906774	6287	7502286	3381
ENSG00000128872	1.1951354101053397	0.12574715197385622	3.51500076417015	0.09511092942247629	0.011959928496462838	3155	3132	0.3809617271835133	0.38547595682041214	6287	9881460	3382
ENSG00000141449	1.2197044389514011	0.14288422053658723	3.0016943010827113	0.08122158541991918	0.01160528292347099	3072	3217	0.39725220804710504	0.36879293424926396	6289	9882624	3383
ENSG00000224189	1.0364645342447703	0.10409262685899033	5.668663795465935	0.15338599287547935	0.015966350921783022	4042	2248	0.20686947988223747	0.5589793915603534	6290	9086416	3384
ENSG00000184012	1.0224994809565742	0.09832642396003823	6.483624952075552	0.1754376845389537	0.017250160148544604	4267	2027	0.16270853778213934	0.6023552502453386	6294	8649209	3385
ENSG00000261115	1.0261551363999668	0.1039607637362903	6.018840448878939	0.16286127587048213	0.01693118262256199	4203	2091	0.1752698724239451	0.5897939156035329	6294	8788473	3386
ENSG00000166391	1.0086410738866562	0.10346792183582304	6.870979133375213	0.18591893864695702	0.019236646211722528	4588	1707	0.09970559371933263	0.6651619234543671	6295	7831716	3387
ENSG00000224520	2.564345567630552	0.08555770513908395	1.9499800027001124	0.05276368992649037	0.004514340224780718	1568	4729	0.6924435721295388	0.07203140333660452	6297	7415072	3388
ENSG00000196747	1.7236339961143978	0.08794619421844596	3.2060871926324896	0.08675216682997369	0.007629522912899892	2197	4103	0.5689892051030422	0.1948969578017664	6300	9014291	3389
ENSG00000123560	1.0572445849127043	0.14010236379468652	3.9409502407820107	0.10663651741680377	0.014940028156927467	3841	2460	0.2463199214916585	0.517369970559372	6301	9448860	3390
ENSG00000248485	1.0796939058152921	0.13101349629410208	3.943402260521569	0.10670286558911966	0.013979515485430201	3664	2638	0.2810598626104024	0.4824337585868499	6302	9665632	3391
ENSG00000261762	1.9725918863955048	0.16665109043774803	1.4687718701711585	0.03974288116962848	0.006623194484056429	1963	4342	0.6149165848871443	0.1479882237487733	6305	8523346	3392
ENSG00000182986	1.2160208907697407	0.1191226389411503	3.598629452272531	0.09737380297086304	0.011599424373624826	3086	3219	0.39450441609421005	0.36840039254170753	6305	9933834	3393
ENSG00000053108	1.0510594298056037	0.11728427919965306	4.766538560761962	0.12897576503064379	0.015126829635842876	3900	2406	0.23473994111874386	0.5279685966633955	6306	9383400	3394
ENSG00000253361	1.0961059568203442	0.13738830909629685	3.66489047854706	0.09916673225204498	0.013624349662713664	3567	2739	0.3000981354268891	0.4626104023552502	6306	9770013	3395
ENSG00000261183	1.372027787881146	0.1465315371684019	2.4810570980388675	0.0671338820036984	0.009837230926084038	2692	3615	0.47183513248282627	0.2906771344455349	6307	9731580	3396
ENSG00000180801	1.168031625410688	0.13922189198078244	3.270062457356528	0.08848324664935142	0.012318805007124933	3262	3048	0.3599607458292443	0.40196270853778215	6310	9942576	3397
ENSG00000120334	3.1596164506937328	0.17065226470106615	0.4826146188861218	0.013058866280494286	0.002228525105194738	1302	5009	0.7446516192345436	0.017075564278704602	6311	6521718	3398
ENSG00000121361	1.0537369654398479	0.11376096034634219	4.878268241443791	0.13199901153518162	0.01501633431701016	3876	2437	0.23945044160942097	0.5218842001962709	6313	9445812	3399
ENSG00000111801	1.8444502000620562	0.12448085285366114	2.0976844338802447	0.056760362095828354	0.007065578281971335	2077	4237	0.5925417075564279	0.16859666339548574	6314	8800249	3400
ENSG00000185761	1.5816303759383528	0.1587542165026744	1.934892878791568	0.05235545377704746	0.008311649044017155	2357	3958	0.537585868498528	0.2233562315996075	6315	9329006	3401
ENSG00000134955	1.2382095161626565	0.1101881546828038	3.7504240903320434	0.10148115033031577	0.0111820206899857	3015	3305	0.40843964671246324	0.3515210991167812	6320	9964575	3402
ENSG00000261804	2.308673131137272	0.08196972209552598	2.3668379522625624	0.06404327410871252	0.00524960938077876	1714	4607	0.6637880274779195	0.09597644749754664	6321	7896398	3403
ENSG00000145864	1.2111077273557735	0.1026786723361658	4.1838746408631	0.113209706733468	0.011624222382959183	3109	3212	0.3899901864573111	0.3697742885181551	6321	9986108	3404
ENSG00000133169	1.0111161115734293	0.07067585797286136	9.743572145780426	0.26364722651743594	0.01863349393628511	4526	1797	0.11187438665358196	0.6474975466143278	6323	8133222	3405
ENSG00000106688	1.0573653261803397	0.11737932293008527	4.668010118828661	0.12630972530105156	0.014826150035322493	3838	2485	0.24690873405299318	0.5124631992149166	6323	9537430	3406
ENSG00000081853	1.1793700112610819	0.13331125971895505	3.356680298118549	0.09082700242414961	0.012108262109659968	3227	3096	0.36683022571148183	0.3925417075564279	6323	9990792	3407
ENSG00000147536	1.747805869172205	0.14740061938511728	1.856494171741721	0.05023409608943632	0.007404536877834411	2159	4166	0.5764474975466143	0.18253189401373893	6325	8994394	3408
ENSG00000081803	1.1866800921494531	0.1235586013233687	3.573982188442099	0.09670688301040982	0.011948967203108885	3190	3136	0.37409224730127577	0.3846908734052993	6326	10003840	3409
ENSG00000179862	1.0971217597765128	0.12581453578805146	3.971010635802047	0.10744990902067086	0.013518760423904068	3561	2766	0.3012757605495584	0.4573110893032385	6327	9849726	3410
ENSG00000127415	2.1864805858357212	0.16026025807950106	1.296204421751117	0.035073451058943904	0.0056208803184451	1799	4534	0.6471050049067714	0.11030421982335625	6333	8156666	3411
ENSG00000273032	1.3946636198213505	0.14227168572620852	2.4655224351841576	0.06671353608587181	0.009491447239693225	2643	3691	0.48145240431795877	0.2757605495583906	6334	9755313	3412
ENSG00000159713	1.0982539851884552	0.12622955541330938	3.9418068302627454	0.10665969551180637	0.013463605944974269	3554	2780	0.30264965652600584	0.4545632973503435	6334	9880120	3413
ENSG00000182557	2.066730213046318	0.1800947179476428	1.242510160124932	0.03362056058450165	0.006054885375707462	1887	4451	0.6298331697742885	0.126594700686948	6338	8399037	3414
ENSG00000282851	1.2823753704828924	0.11279489024192198	3.470580154946127	0.09390897081356916	0.01059245205564839	2903	3437	0.4304219823356231	0.32561334641805695	6340	9977611	3415
ENSG00000262370	1.9786797694354723	0.15183301099726426	1.545635936153202	0.041822713649115474	0.006350068541421584	1956	4386	0.6162904808635918	0.13935230618253192	6342	8579016	3416
ENSG00000178401	1.0813989863385365	0.11271158141532585	4.530036785920756	0.1225763628329254	0.013815775699037794	3657	2685	0.2824337585868498	0.4732090284592738	6342	9819045	3417
ENSG00000137135	2.538391302341956	0.16590714282494426	0.9595267744379713	0.025963432000587906	0.004307518821147266	1581	4762	0.6898920510304221	0.06555446516192343	6343	7528722	3418
ENSG00000076944	1.9059709990850218	0.1517139772405051	1.630686444245987	0.04412405962747642	0.006694236578081647	2022	4324	0.6033366045142297	0.15152109911678113	6346	8743128	3419
ENSG00000136717	1.3088343553551613	0.15090751551432796	2.5310242635245452	0.0684859225490072	0.010335040419577368	2840	3509	0.4427870461236506	0.3114818449460255	6349	9965560	3420
ENSG00000204851	1.03048189314989	0.12973787813199827	4.590759431983689	0.12421943141001036	0.016115965453898044	4132	2218	0.18920510304219829	0.5648675171736997	6350	9164776	3421
ENSG00000101000	1.116968927631958	0.12967472381715994	3.7083141775813204	0.10034171588681681	0.0130117842949629	3469	2882	0.3193326790971541	0.43454367026496565	6351	9997658	3422
ENSG00000137142	1.0338714935176836	0.12416400558647439	4.693183794336656	0.1269908892140018	0.015767697477798673	4079	2273	0.19960745829244353	0.5540726202158979	6352	9271567	3423
ENSG00000047597	1.1540065065187235	0.13436261529588614	3.397594578107638	0.09193408474290195	0.01235250406088993	3313	3039	0.3499509322865555	0.403729146221786	6352	10068207	3424
ENSG00000108679	1.2082457347220796	0.10134151758757395	4.184054540357557	0.11321457455833303	0.01147333679877301	3117	3241	0.3884200196270854	0.36408243375858684	6358	10102197	3425
ENSG00000233836	1.2784751689271234	0.13681697946147645	2.860076876249903	0.07738961899886891	0.010588213913099736	2921	3438	0.4268891069676153	0.3254170755642787	6359	10042398	3426
ENSG00000150627	1.046575580656218	0.09882794260685149	5.6340693897634075	0.152449917380781	0.015066311685327077	3939	2421	0.22708537782139349	0.5250245338567223	6360	9536319	3427
ENSG00000187730	1.0998014401425642	0.11703473726548598	4.198522972759845	0.11360606979415065	0.013295856530122885	3542	2819	0.3050049067713445	0.44690873405299314	6361	9984898	3428
ENSG00000233098	1.039830643651139	0.14602953586652037	3.885319349915955	0.10513122450511928	0.01535226391956152	4002	2360	0.214720314033366	0.5369970559371933	6362	9444720	3429
ENSG00000170579	1.0051386832451705	0.08103719352148707	9.002861496768903	0.24360464815479824	0.01974103701525415	4720	1643	0.07379784102060849	0.6777232580961727	6363	7754960	3430
ENSG00000108551	1.0564326313700243	0.10978890225602847	4.914299387779521	0.13297396319126117	0.014599065447402101	3849	2515	0.24474975466143278	0.5065750736015702	6364	9680235	3431
ENSG00000120129	1.8269236183556847	0.14279063370497935	1.7862790840989422	0.048334175522345924	0.006901667552443476	2095	4271	0.58900883218842	0.1619234543670265	6366	8947745	3432
ENSG00000218357	1.0674820301062689	0.13521937837614592	3.871103085040144	0.10474655256449347	0.014163763724815101	3755	2611	0.26319921491658493	0.4877330716388616	6366	9804305	3433
ENSG00000251429	1.6595879104556202	0.16828447731113366	1.6762063432064083	0.04535576345567317	0.007632670946185378	2267	4100	0.5552502453385673	0.1954857703631011	6367	9294700	3434
ENSG00000196268	1.5983305236156884	0.1515052436553328	1.9545765533163677	0.05288806605912337	0.008012819334746823	2340	4027	0.5409224730127575	0.20981354268891073	6367	9423180	3435
ENSG00000101194	1.008259370911807	0.08897635065869668	7.838372540074535	0.21209523054602025	0.018871459606099813	4607	1761	0.09597644749754664	0.6545632973503435	6368	8112927	3436
ENSG00000260231	1.1595894916361849	0.1385598162464965	3.253830325193093	0.0880440282024282	0.012199364369329805	3299	3070	0.3526987242394505	0.39764474975466146	6369	10127930	3437
ENSG00000133216	1.1184297866108086	0.14277189294827256	3.334933156898962	0.09023855566340899	0.012883529408982963	3463	2907	0.3205103042198234	0.42963689892051027	6370	10066941	3438
ENSG00000135547	1.0252348946835985	0.1261813834178881	4.8338101831255145	0.13079603960696123	0.016504025223187252	4219	2152	0.17212953876349357	0.5778213935230618	6371	9079288	3439
ENSG00000151790	1.0649034773496568	0.12906421597777748	4.091945332253627	0.11072223018093394	0.01429027782961325	3779	2592	0.2584887144259077	0.4914622178606477	6371	9795168	3440
ENSG00000066382	1.0041199360230144	0.11971523192925651	6.218284871330537	0.16825795873350247	0.02014304055372452	4783	1589	0.061432777232581004	0.6883218842001962	6372	7600187	3441
ENSG00000153898	1.2723711427121958	0.14624489294050277	2.6769803888475705	0.07243528804442374	0.010593290945171231	2939	3436	0.42335623159960745	0.3258096172718351	6375	10098404	3442
ENSG00000166317	1.025657414870742	0.11728717372544667	5.171362515656338	0.13992972640526583	0.016411962130248633	4209	2167	0.17409224730127582	0.5748773307163886	6376	9120903	3443
ENSG00000180914	1.1268568223215094	0.11029549325755258	4.250064029983828	0.11500069761499193	0.012684058668408186	3424	2954	0.32816486751717366	0.4204121687929343	6378	10114496	3444
ENSG00000205078	1.7194005689853664	0.16798535623835104	1.6136303756202781	0.04366254662986326	0.007334668449891194	2202	4179	0.5680078508341511	0.1799803729146222	6381	9202158	3445
ENSG00000174307	1.2173652730974356	0.12692628432371045	3.2597823602782716	0.08820508182001971	0.011195543293883965	3079	3302	0.3958783120706575	0.3521099116781158	6381	10166858	3446
ENSG00000276855	1.3239736302081133	0.14862299044115315	2.4956385186743826	0.0675284345406653	0.010036277881243335	2802	3581	0.4502453385672228	0.29735034347399414	6383	10033962	3447
ENSG00000127324	1.0041694491677131	0.1226324296349815	6.0291172153204	0.1631393505775116	0.02000617493039327	4778	1606	0.062414131501472014	0.6849852796859666	6384	7673468	3448
ENSG00000108576	1.0316272540890075	0.11271644917925021	5.175620542719627	0.14004494257125463	0.015785368652143836	4115	2270	0.19254170755642785	0.5546614327772326	6385	9341050	3449
ENSG00000255240	1.0809887889246688	0.10701223303823733	4.709904979505368	0.12744334074079883	0.01363799647852585	3658	2731	0.28223748773307167	0.464180569185476	6389	9989998	3450
ENSG00000272463	1.1013199891200718	0.1365130226027758	3.5539622659063954	0.09616517233462672	0.013127798344516729	3531	2858	0.3071638861629048	0.43925417075564277	6389	10091598	3451
ENSG00000123612	1.6516189890850186	0.12025021277770812	2.3312226113402357	0.06307957355668133	0.00758533214211802	2275	4115	0.5536800785083416	0.19254170755642785	6390	9361625	3452
ENSG00000170091	1.1193592109503	0.12872996695023167	3.6622299156173983	0.09909474119713355	0.012756462759248762	3457	2933	0.3216879293424927	0.4245338567222767	6390	10139381	3453
ENSG00000268355	1.283227901395587	0.160081137260625	2.397282896909619	0.06486707107943125	0.010383994509161153	2898	3495	0.43140333660451424	0.3142296368989205	6393	10128510	3454
ENSG00000151651	1.2471829532853227	0.11715236168185869	3.3980530352424045	0.09194648994196548	0.010771748445058522	2992	3402	0.4129538763493621	0.33248282630029435	6394	10178784	3455
ENSG00000235947	1.2348365589084127	0.14407457921103445	2.7987215048786505	0.07572942977340263	0.010910685728494568	3024	3370	0.40667320902845927	0.3387634936211973	6394	10190880	3456
ENSG00000129757	1.1090480664366833	0.13299583593107203	3.5846399908562856	0.09699526800979508	0.012899966750321066	3491	2904	0.3150147203140333	0.43022571148184496	6395	10137864	3457
ENSG00000268089	1.070496016490603	0.1323134141971244	3.881095288630811	0.10501692740485609	0.013895148213428066	3730	2666	0.2681059862610402	0.4769381746810598	6396	9944180	3458
ENSG00000137968	1.0174864344872023	0.10224437718612657	6.245069676833032	0.16898271753631997	0.017277532709720184	4375	2022	0.1415112855740922	0.6033366045142297	6397	8846250	3459
ENSG00000223573	1.0290189701365908	0.10615090502780007	5.564690012324315	0.1505726099451046	0.015983418818070784	4156	2241	0.18449460255152106	0.5603532875368008	6397	9313596	3460
ENSG00000260810	1.393841735732855	0.170767447287095	2.003917868727259	0.054223171990107524	0.009259552664559773	2647	3750	0.4806673209028459	0.26418056918547594	6397	9926250	3461
ENSG00000170954	1.1056647947583786	0.10622599934463121	4.511158424831042	0.12206554118886818	0.012966534098330765	3507	2890	0.3118743866535819	0.43297350343473995	6397	10135230	3462
ENSG00000171435	1.1341821766778417	0.13869134822910092	3.3258302736033176	0.08999224456740629	0.012481145729216561	3395	3007	0.3338567222767419	0.41000981354268895	6402	10208765	3463
ENSG00000081818	1.2071087087656343	0.13764118249887952	3.033905496218593	0.0820931746208125	0.011299401629895638	3120	3283	0.3878312070657507	0.3558390578999019	6403	10242960	3464
ENSG00000184905	1.165061153074821	0.15999835073515506	2.770619874460304	0.07496903955823667	0.011994922685516465	3277	3126	0.35701668302257117	0.3866535819430814	6403	10243902	3465
ENSG00000135913	2.4416197827556303	0.14114556858841656	1.1021145974932727	0.02982165601958582	0.004209194595132616	1626	4779	0.6810598626104023	0.06221786064769386	6405	7770654	3466
ENSG00000172361	2.0050256873578656	0.17415482927952222	1.25231905794613	0.03388597543103426	0.005901406266161856	1934	4476	0.6206084396467124	0.12168792934249262	6410	8656584	3467
ENSG00000169621	1.4688810438994269	0.15774785658044158	2.0117791985794486	0.0544358884129203	0.008587144718190273	2519	3891	0.5057899901864573	0.23650637880274783	6410	9801429	3468
ENSG00000171817	1.9780977456163267	0.17129056136596982	1.2998656976242613	0.03517251998510644	0.0060247206929046745	1957	4454	0.6160942100098136	0.1260058881256133	6411	8716478	3469
ENSG00000168404	1.9261837136855846	0.17227707391044342	1.3237437895861377	0.03581862724701072	0.006170728293603889	1996	4420	0.6084396467124632	0.13267909715407267	6416	8822320	3470
ENSG00000178445	1.0169716207285464	0.10408226273277217	6.102950191043432	0.16513716605869902	0.01718784990466694	4385	2034	0.13954857703631007	0.6009813542688911	6419	8919090	3471
ENSG00000107242	1.0219597381603875	0.1339613769851704	4.568521604172429	0.12361770736686772	0.016559998298615444	4275	2146	0.16113837095191363	0.5789990186457311	6421	9174150	3472
ENSG00000108771	1.5415260935707653	0.13021397361620593	2.297472959561181	0.062166355903612434	0.008094928227448657	2411	4012	0.5269872423945043	0.21275760549558387	6423	9672932	3473
ENSG00000103175	1.1042278114479158	0.12229598954470906	3.892762609787828	0.10533262854791868	0.012881758039612987	3515	2908	0.3103042198233562	0.4294406280667321	6423	10221620	3474
ENSG00000163803	1.3340429039895556	0.17712263368682352	2.0219544157358	0.054711215340493405	0.009690594553315132	2770	3654	0.45652600588812564	0.2830225711481845	6424	10121580	3475
ENSG00000181722	1.4501523993732506	0.13905296897645877	2.2928831251549764	0.062042161502086475	0.008627146758582076	2545	3882	0.5006869479882238	0.2382728164867517	6427	9879690	3476
ENSG00000092009	2.092851547599848	0.15915931621499507	1.2693004084092925	0.03434546666126775	0.005466400988892285	1867	4565	0.6337585868498528	0.10421982335623159	6432	8522855	3477
ENSG00000176890	2.2706139692943665	0.1405216135541173	1.2572905082514567	0.03402049581690078	0.004780614966101996	1744	4689	0.657899901864573	0.07988223748773304	6433	8177616	3478
ENSG00000124882	1.0193233140148006	0.13632390585850535	4.563146237661204	0.12347225758202543	0.01683222041874916	4327	2106	0.15093228655544655	0.5868498527968596	6433	9112662	3479
ENSG00000170373	1.0016224776711855	0.08237625283877911	9.36189490936114	0.2533195824767067	0.02086751797511515	4938	1500	0.031010794896957794	0.7057899901864573	6438	7407000	3480
ENSG00000127824	1.1213376560723385	0.13816272303908672	3.3566868070067426	0.0908271785454216	0.012548930313792764	3447	2991	0.3236506378802748	0.41315014720314036	6438	10309977	3481
ENSG00000179915	1.088490729252815	0.10625331985635662	4.604239999156738	0.12458419641548073	0.013237484470781232	3606	2835	0.29244357212953875	0.44376840039254173	6441	10223010	3482
ENSG00000167531	1.1291584014594596	0.11781693057117548	3.890921535735017	0.10528281169835113	0.012404097716202777	3415	3028	0.32993130520117764	0.4058881256133464	6443	10340620	3483
ENSG00000241399	1.3887921979977866	0.14582268012672137	2.306324117911868	0.06240585568005077	0.00910018913086638	2658	3787	0.47850834151128563	0.256918547595682	6445	10065846	3484
ENSG00000137285	1.0649346285276264	0.1360810507792598	3.7705563220752656	0.1020258999337767	0.013883791669687947	3777	2668	0.25888125613346413	0.4765456329735034	6445	10077036	3485
ENSG00000260549	1.042162220894382	0.11993227852618264	4.585511608851661	0.12407743276789918	0.014880889225533385	3978	2470	0.21943081452404323	0.5154072620215898	6448	9825660	3486
ENSG00000149403	1.140634556195712	0.1464954866074443	3.0720892474480244	0.08312637270864427	0.01217763841986462	3369	3079	0.33895976447497544	0.3958783120706575	6448	10373151	3487
ENSG00000113212	1.1527207956774523	0.13819536612740188	3.2000769514360976	0.08658953823766467	0.011966272939556735	3319	3130	0.3487733071638862	0.38586849852796856	6449	10388470	3488
ENSG00000007216	1.0097477940285648	0.10365944847133	6.429311097129527	0.17396802874909115	0.01803342991177527	4559	1892	0.10539744847890087	0.6288518155053975	6451	8625628	3489
ENSG00000272927	1.2867177454170242	0.12960956153746658	2.877705939153224	0.07786663640798973	0.010092260603236881	2888	3563	0.4333660451422964	0.300883218842002	6451	10289944	3490
ENSG00000270164	1.1458931814709106	0.13372533290999547	3.333549344979983	0.09020111167787657	0.012062173687975726	3348	3106	0.343081452404318	0.3905789990186457	6454	10398888	3491
ENSG00000283703	1.2854323915509518	0.15361331166369707	2.427260802730822	0.06567823064271151	0.010089050513239023	2893	3564	0.43238469087340525	0.3006869479882237	6457	10310652	3492
ENSG00000105048	1.0310573656918063	0.09480246801417806	6.025040145173068	0.1630290308487121	0.015455554482417477	4121	2338	0.19136408243375858	0.5413150147203141	6459	9634898	3493
ENSG00000117519	1.2003899629623256	0.1411746818086019	2.9114286855887785	0.07877912604066875	0.011121618051951155	3138	3323	0.38429833169774286	0.34798822374877336	6461	10427574	3494
ENSG00000151650	1.1661890021506256	0.14418993930095025	3.0074426230465634	0.08137712684971761	0.011733762980946512	3270	3191	0.3583905789990186	0.3738959764474975	6461	10434570	3495
ENSG00000069702	1.0442742849409667	0.1201864578888447	4.5246405352668235	0.12243034795283665	0.014714469858550206	3958	2504	0.2233562315996075	0.5087340529931306	6462	9910832	3496
ENSG00000223572	1.3938515759348578	0.08810527321526594	3.762292949621986	0.10180230480907376	0.008969319879147225	2646	3816	0.4808635917566242	0.2512266928361139	6462	10097136	3497
ENSG00000124429	1.0130083117882094	0.08936168574322746	7.2167284124891875	0.19527442318024274	0.017450051637922865	4473	1991	0.12227674190382731	0.6094210009813543	6464	8905743	3498
ENSG00000188536	1.2268085746409327	0.10086557625480759	3.9203689041098237	0.10607961567168829	0.010699781563613358	3054	3410	0.4007850834151129	0.33091265947006865	6464	10414140	3499
ENSG00000282608	1.7087745505412844	0.1385787423066044	1.862236332597048	0.05038947080838675	0.006982909490121593	2213	4254	0.5658488714425908	0.16526005888125617	6467	9414102	3500
ENSG00000227496	1.4667444065102406	0.14875069764289647	2.078793006049972	0.056249186884326216	0.008367105790889187	2523	3945	0.5050049067713445	0.2259077526987242	6468	9953235	3501
ENSG00000105219	1.0532587005023737	0.12518523533047216	4.223157214917543	0.1142726374066303	0.014305247005582729	3881	2588	0.23846908734052996	0.49224730127576055	6469	10044028	3502
ENSG00000183682	1.8237837034643378	0.11281845485417538	2.1006768987944904	0.05684133394714607	0.0064127514677672056	2096	4375	0.5888125613346418	0.1415112855740922	6471	9170000	3503
ENSG00000170054	1.129086743526695	0.1319689251506032	3.434917232392994	0.09294398277017366	0.012265717505396002	3416	3058	0.32973503434739937	0.4	6474	10446128	3504
ENSG00000183844	1.0022040766849183	0.07397591208351229	10.070976230129105	0.27250631613031384	0.0201589032842579	4891	1584	0.04023552502453387	0.6893032384690874	6475	7747344	3505
ENSG00000107554	1.4006734901784708	0.15932355987226704	2.050399798964722	0.05548090701858896	0.008839415611143838	2633	3843	0.4834151128557409	0.24592737978410206	6476	10118619	3506
ENSG00000113070	1.2304570104563683	0.13253339473310227	2.9510390201485395	0.07985092544768922	0.010582914222162117	3035	3441	0.40451422963689887	0.3248282630029441	6476	10443435	3507
ENSG00000186462	1.0188810631700473	0.12238910230387616	5.014970361367513	0.1356979767850619	0.016607953563175952	4340	2137	0.14838076545632972	0.5807654563297351	6477	9274580	3508
ENSG00000182732	1.1437485872633242	0.14872761907262833	2.98558346497745	0.08078564907209129	0.012015057241729023	3359	3118	0.3409224730127576	0.3882237487733071	6477	10473362	3509
ENSG00000082482	1.0024990914907854	0.10144536236534266	7.297315544541289	0.19745499654087945	0.020030893674936996	4877	1601	0.042983316977428854	0.6859666339548577	6478	7808077	3510
ENSG00000162595	1.0689427515958931	0.14592378208657325	3.4443964069839854	0.09320047577429963	0.013600165917253848	3736	2742	0.26692836113837093	0.4620215897939156	6478	10244112	3511
ENSG00000117069	1.0016915412818874	0.0872453215561988	8.653764305163246	0.23415857386348038	0.020429240071860272	4933	1546	0.031992149165848915	0.6967615309126595	6479	7626418	3512
ENSG00000125430	1.1244808224178031	0.13689764141126756	3.332360628293014	0.09016894669228964	0.012343916130712767	3437	3042	0.32561334641805695	0.40314033366045143	6479	10455354	3513
ENSG00000184156	1.0032875446153755	0.09762368174455416	7.443130648584357	0.20140054620070877	0.019661462825477368	4827	1654	0.05279685966633951	0.6755642787046123	6481	7983858	3514
ENSG00000183346	1.0817809995567773	0.13441077140568863	3.6461915525456337	0.0986607658666813	0.013261069647616667	3652	2830	0.28341511285574095	0.44474975466143274	6482	10335160	3515
ENSG00000015413	1.0620118870233295	0.14190570250817514	3.595472069722386	0.09728836868249881	0.013805774303764338	3797	2687	0.25495583905789987	0.4728164867517174	6484	10202539	3516
ENSG00000167680	1.1321299173028043	0.12669491967401333	3.5453687994707805	0.09593264533549102	0.012154178794895646	3404	3083	0.33209028459273793	0.39509322865554464	6487	10494532	3517
ENSG00000260586	1.7047460595988007	0.17613416498116394	1.4486648280963055	0.039198813162824614	0.006904250224686771	2219	4270	0.5646712463199215	0.16211972522080476	6489	9475130	3518
ENSG00000188282	1.3289245268499434	0.11531123227257081	3.011630172313079	0.08149043598660333	0.00939676259204428	2782	3713	0.4541707556427871	0.2714425907752699	6495	10329566	3519
ENSG00000280187	2.274757411079365	0.184573603162308	0.8659789618018546	0.023432161027347787	0.00432495839069699	1739	4760	0.6588812561334642	0.06594700686947985	6499	8277640	3520
ENSG00000286214	1.2783520739245733	0.1456194465424582	2.542153577423719	0.06878706597963596	0.010016734477234144	2923	3588	0.42649656526005886	0.2959764474975466	6511	10487724	3521
ENSG00000122756	1.0179975930678815	0.10303253166262777	5.919042109058444	0.1601608745073011	0.016501780373787654	4360	2153	0.14445534838076546	0.5776251226692837	6513	9387080	3522
ENSG00000183496	1.2562252762252417	0.1556088230668909	2.4284457887486535	0.0657102946816891	0.01022510161879622	2979	3534	0.4155053974484789	0.3065750736015702	6513	10527786	3523
ENSG00000237181	1.4235567533182791	0.13428324546817377	2.3195944785432028	0.06276493279499293	0.008428278877303465	2583	3932	0.4932286555446517	0.22845927379784103	6515	10156356	3524
ENSG00000233508	1.0371312274971067	0.12645674030098422	4.335403807789786	0.11730987082103206	0.014834623869157258	4036	2481	0.20804710500490675	0.5132482826300294	6517	10013316	3525
ENSG00000186204	1.032187116273052	0.13173659019589826	4.236626527342028	0.1146370978745861	0.01510190038395143	4107	2412	0.19411187438665356	0.5267909715407262	6519	9906084	3526
ENSG00000159259	2.412872983095965	0.17102922400476814	0.7690600052299328	0.0208096716861859	0.0035590620002823696	1649	4874	0.6765456329735035	0.04357212953876355	6523	8037226	3527
ENSG00000182983	1.0081802787280405	0.09743526800488077	6.790672236989244	0.18374594806551478	0.017903335694574335	4610	1916	0.09538763493621194	0.6241413150147204	6526	8832760	3528
ENSG00000141497	1.4806686006259622	0.15647353534493982	1.8852632346304194	0.051012546079504464	0.007982113432006712	2498	4028	0.5099116781157997	0.20961727183513246	6526	10061944	3529
ENSG00000105784	1.5185013151272817	0.1439592072743491	1.9816493159191457	0.05362061657217914	0.007719181455292735	2444	4083	0.5205103042198234	0.19882237487733068	6527	9978852	3530
ENSG00000181938	2.627223087904117	0.17071594168600054	0.5154387573317488	0.013947040856977679	0.0023809822136320684	1539	4990	0.6981354268891069	0.02080471050049071	6529	7679610	3531
ENSG00000162004	1.3864142909734458	0.13725833751426708	2.336240570086366	0.0632153523949146	0.00867683417510452	2662	3875	0.47772325809617266	0.23964671246319924	6537	10315250	3532
ENSG00000124191	1.1935228044573278	0.15013591697166143	2.68246951110399	0.07258381589819932	0.010897437757178411	3162	3375	0.37958783120706574	0.33778213935230617	6537	10671750	3533
ENSG00000249684	1.4592181110005145	0.15296985687195436	1.9578344218565709	0.05297621935568975	0.008103764692457119	2529	4009	0.5038272816486752	0.21334641805691856	6538	10138761	3534
ENSG00000150051	1.0058116560597476	0.10009829884077057	6.760543331751085	0.1829307026724289	0.018311052143256935	4692	1849	0.07929342492639846	0.6372914622178607	6541	8675508	3535
ENSG00000138166	1.704135808300147	0.14424935464693264	1.7140357878769923	0.0463793745111333	0.006690194842159376	2220	4325	0.5644749754661433	0.15132482826300298	6545	9601500	3536
ENSG00000126561	1.022878181899541	0.11705083870035587	4.9475286875641356	0.13387310085825369	0.015669958734875925	4257	2291	0.16467124631992147	0.5505397448478901	6548	9752787	3537
ENSG00000141668	1.0047818596898719	0.07933094292691834	8.648365548841067	0.2340124911835669	0.018564431582269527	4742	1808	0.06947988223748769	0.6453385672227674	6550	8573536	3538
ENSG00000155367	1.3452787088554599	0.15117669266731912	2.201801944465983	0.059577634086749806	0.00900674967817857	2745	3806	0.4614327772325809	0.253189401373896	6551	10447470	3539
ENSG00000231240	1.7280346566660552	0.09013059741407325	2.6555357628949934	0.0718550269172406	0.00647633650325521	2188	4366	0.5707556427870462	0.14327772325809618	6554	9552808	3540
ENSG00000158163	1.2562549006868333	0.15641640246713426	2.369751655379092	0.06412211477762478	0.010029750512100734	2978	3584	0.4157016683022571	0.29676153091265944	6562	10673152	3541
ENSG00000171798	1.006651321485261	0.09643651978582268	6.899829385498654	0.18669958550242963	0.01800465827130995	4669	1894	0.0838076545632973	0.628459273797841	6563	8843086	3542
ENSG00000152932	1.0391449071978704	0.13983977754548108	3.8191620598807554	0.10334110217926945	0.01445119674005387	4012	2555	0.21275760549558387	0.49872423945044164	6567	10250660	3543
ENSG00000135929	1.0396019096855802	0.11412871953405934	4.666903344844429	0.1262797775686431	0.014412149316955065	4007	2563	0.213738959764475	0.49715407262021594	6570	10269941	3544
ENSG00000127533	1.0545302770093	0.10033309953950036	5.056964735081536	0.13683428490629174	0.01372900792791932	3869	2702	0.24082433758586852	0.46987242394504414	6571	10454038	3545
ENSG00000160145	1.1907625730265212	0.14099010550156463	2.8247418331590426	0.07643350290813787	0.010776367638872505	3171	3400	0.3778213935230619	0.3328753680078508	6571	10781400	3546
ENSG00000058404	1.0388756148148781	0.11631978762349224	4.588892606958567	0.12416891777569815	0.014443302145108078	4018	2558	0.2115799803729146	0.49813542688910695	6576	10278044	3547
ENSG00000120915	1.1360743363991057	0.1362309892349814	3.1713364942036004	0.08581186227603367	0.011690234885960049	3382	3198	0.33640824337585873	0.37252208047105007	6580	10815636	3548
ENSG00000108375	1.0549219088105177	0.11400525926423655	4.43409426277752	0.11998029439382081	0.013678384568966969	3864	2718	0.24180569185475953	0.4667320902845927	6582	10502352	3549
ENSG00000288156	1.530049316422805	0.15709306431991285	1.7468868676253853	0.04726827808101324	0.00742551864887214	2422	4162	0.524828263002944	0.18331697742885178	6584	10080364	3550
ENSG00000163531	1.0080327688262078	0.07974136999624945	8.133768392916286	0.22008822286559857	0.017550136411342704	4614	1971	0.09460255152109909	0.6133464180569186	6585	9094194	3551
ENSG00000151025	1.0621528842539194	0.112967042270856	4.394943703607443	0.11892093585597004	0.01343414638773112	3796	2789	0.25515210991167814	0.45279685966633954	6585	10587044	3552
ENSG00000232044	1.0483856273796521	0.1433834811521334	3.58176699365219	0.0969175287850714	0.01389637266186563	3924	2665	0.23002944062806674	0.4771344455348381	6589	10457460	3553
ENSG00000283413	1.0800367509099593	0.15076328576971348	3.133383316111452	0.08478490316988588	0.012782450585558991	3660	2929	0.28184494602551524	0.4253189401373896	6589	10720140	3554
ENSG00000164879	1.2404098914529231	0.14678781070864164	2.526313029953216	0.06835844325845823	0.010034186229359986	3007	3583	0.41000981354268895	0.2969578017664377	6590	10774081	3555
ENSG00000266714	1.8415626799860694	0.13843378629634992	1.5326870592582915	0.04147233542757818	0.005741172419791899	2082	4510	0.5915603532875369	0.11501472031403337	6592	9389820	3556
ENSG00000212864	1.6729619915789988	0.14523489692444014	1.6925989071825047	0.0457993229596359	0.0066516599492518645	2254	4339	0.557801766437684	0.148577036310108	6593	9780106	3557
ENSG00000072832	1.0678341286193511	0.1335195655150171	3.6558467241745443	0.09892202110073983	0.013208025277238135	3752	2843	0.2637880274779195	0.442198233562316	6595	10666936	3558
ENSG00000145730	1.2278621136134802	0.1449802802592588	2.593368347107188	0.07017286492295506	0.010173681623125135	3050	3547	0.40157016683022573	0.3040235525024534	6597	10818350	3559
ENSG00000140459	1.1419974434539506	0.1746828319995448	2.437822235683729	0.06596400802131795	0.011522779731204509	3363	3234	0.3401373895976447	0.3654563297350344	6597	10875942	3560
ENSG00000213967	1.3193480580582038	0.09767553126517992	3.44528185010028	0.0932244346077087	0.009105746177203972	2815	3784	0.447693817468106	0.2575073601570167	6599	10651960	3561
ENSG00000139318	1.1083625411844142	0.12995114462351434	3.435250833191922	0.0929530095340838	0.012079349985154631	3496	3103	0.3140333660451423	0.3911678115799804	6599	10848088	3562
ENSG00000157992	1.0457752893991512	0.13559693579683899	3.7933311553349567	0.10264215458181304	0.013917961644879325	3947	2659	0.22551521099116778	0.47831207065750736	6606	10495073	3563
ENSG00000260997	1.9033639100325135	0.12197865881744735	1.6220134244742037	0.04388938002802872	0.0053535677121482024	2027	4583	0.6023552502453386	0.10068694798822375	6610	9289741	3564
ENSG00000139187	1.6674751222512694	0.13284913265470968	1.8342813347517555	0.04963304826243126	0.006593707412673339	2260	4351	0.5566241413150147	0.14622178606476943	6611	9833260	3565
ENSG00000104267	1.267154240253671	0.05327274934080272	6.671127072877575	0.18051122567725164	0.009616329278705298	2948	3665	0.4215897939156036	0.2808635917566241	6613	10804420	3566
ENSG00000115884	1.507231341116585	0.15100073468771058	1.821204068189569	0.04927919599880916	0.00744119480063987	2459	4155	0.5175662414131501	0.18469087340529933	6614	10217145	3567
ENSG00000100003	1.246949243268954	0.15253151563603684	2.3742798180992466	0.06424464043089922	0.00979933237641727	2993	3621	0.41275760549558393	0.2894995093228655	6614	10837653	3568
ENSG00000175785	1.0115647701163342	0.10611626701333284	5.886237769854888	0.15927323567019347	0.016901481204455737	4520	2095	0.11305201177625124	0.58900883218842	6615	9469400	3569
ENSG00000018280	1.8539629501834696	0.13197340738795924	1.5518286282697316	0.041990279104245444	0.005541600210558696	2070	4546	0.5939156035328754	0.1079489695780177	6616	9410220	3570
ENSG00000135333	1.058041951683895	0.10554667074498005	4.71151595139657	0.12748693135261535	0.013455821167762366	3834	2782	0.24769381746810604	0.4541707556427871	6616	10666188	3571
ENSG00000087077	1.1162068060826202	0.13669034325945992	3.2140753238073585	0.08696831431652191	0.011887728736621982	3472	3152	0.31874386653581943	0.38155053974484787	6624	10943744	3572
ENSG00000144596	1.0891487316534432	0.15468841637554143	2.96593314732306	0.08025393937956235	0.012414354790523201	3601	3025	0.2934249263984299	0.4064769381746811	6626	10893025	3573
ENSG00000143382	1.099699874961854	0.153399402119229	2.928035084110954	0.07922847160380607	0.012153600174844164	3543	3084	0.30480863591756624	0.3948969578017665	6627	10926612	3574
ENSG00000021826	1.016876595485609	0.1316575350117147	4.4952080380752415	0.12163394637260067	0.0160140255531637	4391	2237	0.1383709519136408	0.5611383709519137	6628	9822667	3575
ENSG00000008086	1.7351386836711613	0.14647442724955226	1.5165209017775356	0.041034902161885045	0.006010563791403526	2175	4456	0.5733071638861629	0.12561334641805688	6631	9691800	3576
ENSG00000160867	1.0157097061525595	0.0958496306704123	6.21327798248899	0.1681224794311681	0.016114477560871452	4412	2219	0.13424926398429837	0.5646712463199215	6631	9790228	3577
ENSG00000138759	1.0254989460370434	0.11538667349990975	4.827409479879398	0.1306228456660378	0.015072135644496203	4212	2420	0.17350343473994112	0.5252208047105005	6632	10193040	3578
ENSG00000183454	1.0281847584986	0.14888786993990022	3.7019014685095577	0.10016819708529948	0.01491382949975036	4166	2467	0.18253189401373893	0.5159960745829244	6633	10277522	3579
ENSG00000184489	1.1015792584818935	0.12458163126425513	3.5763649150562764	0.09677135620914826	0.012055933416189994	3528	3107	0.3077526987242395	0.3903827281648675	6635	10961496	3580
ENSG00000124479	1.0046996562725743	0.09057347472005843	7.369644591259409	0.19941211783875384	0.018061448413941684	4746	1890	0.06869479882237484	0.6292443572129538	6636	8969940	3581
ENSG00000206195	1.3973044543411424	0.12124380204261338	2.4827650154404672	0.0671800958233649	0.008145170239211852	2638	3998	0.4824337585868499	0.21550539744847885	6636	10546724	3582
ENSG00000248568	2.4172918431349264	0.06865599763712367	1.2641626204932723	0.03420644541585314	0.002348477635645213	1645	4992	0.6773307163886163	0.020412168792934282	6637	8211840	3583
ENSG00000115129	1.2757750372573065	0.1466272890473494	2.381270422518568	0.0644337962599175	0.009447752868620945	2934	3704	0.42433758586849857	0.27320902845927375	6638	10867536	3584
ENSG00000196668	1.1599655429813296	0.13863304725102932	2.944663360404197	0.07967840914836233	0.011046060660351761	3298	3341	0.35289499509322864	0.3444553483807654	6639	11018618	3585
ENSG00000091262	1.0469179468757328	0.11436430760282118	4.43631366855459	0.1200403483626206	0.013728331324892555	3937	2703	0.2274779195289499	0.469676153091266	6640	10641711	3586
ENSG00000214425	1.1724190037932953	0.16444335255571957	2.435727546257845	0.06590732869988564	0.010838022089400988	3254	3386	0.36153091265947	0.3356231599607459	6640	11018044	3587
ENSG00000101460	1.0335810975785504	0.09720205895377551	5.491488825063805	0.14859188976258153	0.014443437628755362	4084	2557	0.19862610402355252	0.4983316977428852	6641	10442788	3588
ENSG00000197249	1.055881019022471	0.09646286382311874	5.148532757445351	0.13931198556604016	0.013438433092585215	3855	2786	0.2435721295387635	0.45338567222767423	6641	10740030	3589
ENSG00000109472	1.1137083148266227	0.13736085648266302	3.1752519184679433	0.08591780809677459	0.011801743707286037	3476	3170	0.3179587831207066	0.37801766437684003	6646	11018920	3590
ENSG00000147852	1.1317342507212673	0.1325761274232539	3.1957028236187663	0.08647118055013304	0.011464014251053633	3405	3242	0.33189401373895977	0.3638861629048087	6647	11039010	3591
ENSG00000168411	2.420845183893627	0.1721482999836402	0.48537332659098803	0.013133512993658435	0.0022609119346713486	1642	5006	0.6779195289499509	0.017664376840039298	6648	8219852	3592
ENSG00000171649	1.0186670611964348	0.103106240659523	5.5840855277107675	0.15109742505007911	0.015579087470247695	4343	2306	0.14779195289499514	0.5475956820412169	6649	10014958	3593
ENSG00000159164	1.0227358256166714	0.11434304189265124	4.921510872078254	0.13316909571616975	0.01522695949028048	4264	2385	0.16329735034347403	0.532090284592738	6649	10169640	3594
ENSG00000182809	1.2884730143316143	0.12805114561865377	2.650295148383167	0.07171322333015592	0.009182960403432834	2885	3767	0.43395485770363096	0.26084396467124626	6652	10867795	3595
ENSG00000196136	1.0126505504397985	0.09489419341838991	6.391918479408094	0.1729562376105864	0.01641254266473599	4487	2166	0.11952894995093233	0.5750736015701668	6653	9718842	3596
ENSG00000230978	1.1877827591690666	0.14000715402537134	2.769112017800046	0.07492823909814719	0.010490489512264145	3186	3468	0.3748773307163886	0.3195289499509323	6654	11049048	3597
ENSG00000156265	1.1601688854240342	0.11010671806417177	3.6747109971952896	0.09943246154165565	0.010948182009393681	3296	3361	0.35328753680078506	0.34052993130520115	6657	11077856	3598
ENSG00000164440	1.008499722610112	0.09404362166163817	6.678893786695688	0.18072138192453582	0.01699569326787946	4591	2067	0.09911678115799805	0.59450441609421	6658	9489597	3599
ENSG00000162817	1.0352451226194008	0.09308017407946292	5.647054647368349	0.1528012800126716	0.014222769743144232	4057	2602	0.20392541707556433	0.48949950932286557	6659	10556314	3600
ENSG00000244119	1.8758287592520595	0.1631910231225966	1.1843887697469293	0.032047878292501206	0.005229926047461726	2048	4613	0.598233562315996	0.09479882237487736	6661	9447424	3601
ENSG00000263639	1.0140335635069913	0.09005580224482984	6.618082363921834	0.17907591117571514	0.016126824843652916	4448	2214	0.1271835132482826	0.5656526005888125	6662	9847872	3602
ENSG00000175538	1.0367224789592053	0.09435197180567678	5.507062029511513	0.14901327856118607	0.014059696657476488	4039	2625	0.20745829244357217	0.4849852796859666	6664	10602375	3603
ENSG00000130997	1.390244030387023	0.15309634935529937	1.9546058892823883	0.05288885984870719	0.008097091364401142	2656	4011	0.47890088321884206	0.21295387634936214	6667	10653216	3604
ENSG00000214787	1.438996403332076	0.17086942386213536	1.6479292807791222	0.0445906262994565	0.007619174625439914	2561	4107	0.49754661432777236	0.19411187438665356	6668	10518027	3605
ENSG00000245025	1.8345984839191543	0.19471269737837332	1.0143342475679753	0.027446444397577454	0.005344171222097849	2088	4586	0.5903827281648675	0.10009813542688906	6674	9575568	3606
ENSG00000223940	2.3922431943750424	0.07515770120725467	1.0822230114099962	0.029283417945969278	0.002200874376310318	1667	5013	0.6730127576054956	0.01629048086359175	6680	8356671	3607
ENSG00000076770	1.1636062171420247	0.14031768913758402	2.834285475529424	0.07669174031883072	0.010761207777478007	3281	3403	0.3562315996074583	0.3322865554465162	6684	11165243	3608
ENSG00000174871	1.466086002434812	0.13243508860061842	2.071882476566043	0.05606219776935426	0.007424602128729824	2525	4163	0.504612365063788	0.18312070657507362	6688	10511575	3609
ENSG00000134323	1.0339802551825057	0.12146574299924498	4.310546319147793	0.11663726247569454	0.014167431748008193	4078	2610	0.1998037291462218	0.48792934249263986	6688	10643580	3610
ENSG00000158406	1.5066100031937601	0.07711482386986648	3.4026100759836058	0.09206979699348303	0.007099946178886807	2461	4230	0.5171736997055938	0.16997055937193328	6691	10410030	3611
ENSG00000026508	1.0675445853604508	0.06920388415160135	6.805742818195449	0.1841537365929228	0.01274415385326114	3754	2937	0.2633954857703631	0.4237487733071639	6691	11025498	3612
ENSG00000128655	1.2826695441167377	0.16055652343452098	2.091414484179589	0.05659070616017671	0.009086007039782502	2902	3790	0.4306182531894014	0.2563297350343474	6692	10998580	3613
ENSG00000215218	1.007239049709042	0.10183208471828924	6.202007986157434	0.16781752933368632	0.017089208864321935	4641	2053	0.08930323846908739	0.597252208047105	6694	9527973	3614
ENSG00000106927	1.0377651266848011	0.1297666507655065	3.9601780275225074	0.10715679402279124	0.013905378267106866	4031	2663	0.20902845927379787	0.4775269872423945	6694	10734553	3615
ENSG00000091129	1.0093665778273542	0.09561928070494127	6.435735097602101	0.17414185307988078	0.016651318732123763	4566	2129	0.10402355250245343	0.5823356231599608	6695	9721014	3616
ENSG00000165028	1.512255433375609	0.174974887825266	1.4876794112503955	0.04025449238276699	0.007043525289137678	2452	4243	0.5189401373895977	0.16741903827281646	6695	10403836	3617
ENSG00000255471	1.533675381214545	0.15619827138453052	1.6282701080559185	0.044058677001339544	0.006881889187098607	2418	4278	0.5256133464180569	0.16054955839057905	6696	10344204	3618
ENSG00000185101	1.1477961252278501	0.11785264246518304	3.4404655077829647	0.09309411122374642	0.01097138700566617	3340	3357	0.3446516192345437	0.341315014720314	6697	11212380	3619
ENSG00000105877	1.0465005309470856	0.11923910821915865	4.1978209956503045	0.11358707529036498	0.013544021562845551	3940	2759	0.22688910696761533	0.45868498527968593	6699	10870460	3620
ENSG00000185669	2.3333791749734774	0.14330492082386986	0.5855559663308307	0.015844312966956053	0.002270568015238252	1697	5004	0.6671246319921491	0.018056918547595724	6701	8491788	3621
ENSG00000204866	1.2572570756559918	0.1081757481497408	3.197985920443065	0.08653295790823039	0.009360767461332853	2973	3728	0.4166830225711482	0.26849852796859663	6701	11083344	3622
ENSG00000243649	1.1899500894222619	0.12932842957979493	2.9284174551565556	0.07923881802133807	0.010247831896458807	3177	3526	0.3766437684003925	0.3081452404317959	6703	11202102	3623
ENSG00000135750	1.031772546522884	0.10209966305359941	5.172440149715588	0.1399588856526826	0.014289755066496143	4112	2593	0.19313052011776255	0.49126594700686943	6705	10662416	3624
ENSG00000284693	2.1473666465614607	0.18131005379141618	0.7063193059587245	0.019111997454894655	0.003465197286608359	1822	4884	0.6425907752698724	0.041609421000981306	6706	8898648	3625
ENSG00000185015	1.265776426387879	0.12873074967099846	2.650883274188415	0.07172913717931484	0.009233745602347087	2952	3754	0.42080471050049073	0.2633954857703631	6706	11081808	3626
ENSG00000186188	1.3618541093769498	0.11182487173930265	2.694665632939722	0.07291382563673776	0.008153579199850079	2714	3996	0.4675171736997056	0.21589793915603528	6710	10845144	3627
ENSG00000265743	2.03261530182299	0.12162480162946204	1.2414449074654865	0.03359173636018216	0.0040855882711963425	1909	4802	0.6255152109911678	0.0577036310107949	6711	9167018	3628
ENSG00000253802	1.0228612688304974	0.08579940778006859	6.452711087606726	0.17460119926371803	0.014980679494516754	4261	2450	0.16388616290480862	0.5193326790971541	6711	10439450	3629
ENSG00000165300	1.027257055227845	0.11221187014751188	4.794188667134785	0.12972393764629625	0.014556565646190123	4184	2528	0.1789990186457311	0.5040235525024535	6712	10577152	3630
ENSG00000011677	1.1195017674941512	0.10585121647292783	3.9719188428142793	0.10747448381277958	0.01137630485138271	3456	3259	0.32188420019627084	0.360549558390579	6715	11263104	3631
ENSG00000196139	1.0608187241474671	0.09946502324828121	4.779308394971694	0.12932129861135847	0.012862945972876686	3805	2911	0.25338567222767416	0.4288518155053974	6716	11076355	3632
ENSG00000224383	1.2610633862643421	0.13981399006451914	2.436864724174337	0.06593809911952785	0.009219068735170944	2963	3756	0.41864573110893033	0.26300294406280667	6719	11129028	3633
ENSG00000279970	1.3811606069969602	0.12998351854626242	2.237788682914094	0.06055138412844901	0.007870681961862112	2674	4051	0.4753680078508341	0.2051030421982336	6725	10832374	3634
ENSG00000116031	1.0262410672251103	0.11908440399269019	4.521091738794831	0.12233432255954997	0.014568109889853522	4202	2525	0.17546614327772325	0.504612365063788	6727	10610050	3635
ENSG00000254349	1.0326613677432512	0.12199068110711474	4.251643645525946	0.11504343976852786	0.014034227574268044	4099	2628	0.19568204121687927	0.484396467124632	6727	10772172	3636
ENSG00000125618	1.3346296290898547	0.06292400991777666	4.87667291731427	0.13195584432957658	0.00830319085730287	2769	3960	0.4567222767419038	0.22296368989205106	6729	10965240	3637
ENSG00000162409	1.012484989875422	0.10164890901800068	5.818809382704364	0.15744871926134457	0.016004490539197145	4491	2239	0.11874386653581948	0.5607458292443572	6730	10055349	3638
ENSG00000132932	1.0938458259064856	0.10614790548506545	4.139285027798817	0.11200317512062671	0.011888902446731518	3580	3151	0.2975466143277723	0.38174681059862614	6731	11280580	3639
ENSG00000007129	1.1963357007944901	0.1308994122748932	2.8333113825877674	0.07666538274702897	0.010035453543415831	3150	3582	0.3819430814524043	0.29715407262021587	6732	11283300	3640
ENSG00000101441	1.0085114561903679	0.12371309511866775	4.953214434443443	0.13402694909512014	0.01658088870186944	4590	2143	0.0993130520117762	0.5795878312070657	6733	9836370	3641
ENSG00000198075	1.017539041316731	0.1281311149043232	4.423698457235423	0.1196989986577621	0.015337166150950142	4373	2361	0.14190382728164863	0.5368007850834151	6734	10324653	3642
ENSG00000065833	1.0671395915559616	0.1294299201154539	3.594204014713514	0.09725405691458057	0.01258758481735797	3757	2978	0.2628066732090285	0.4157016683022571	6735	11188346	3643
ENSG00000213468	1.1811627670075444	0.12734180963035685	2.9800368945186984	0.08063556675153633	0.010268278990710072	3215	3521	0.3691854759568204	0.30912659470068693	6736	11320015	3644
ENSG00000181381	1.5844311788755945	0.09269355018103251	2.5398897006778896	0.06872580868956975	0.0063704391964986735	2352	4385	0.538567222767419	0.13954857703631007	6737	10313520	3645
ENSG00000258227	1.4564134285653874	0.11223287739600162	2.388212649519386	0.06462164306468642	0.007252672943207129	2532	4205	0.5032384690873406	0.17487733071638867	6737	10647060	3646
ENSG00000055163	1.0441701698738755	0.11368233874970458	4.379700741474537	0.11850848294546416	0.013472321502919845	3960	2779	0.22296368989205106	0.45475956820412167	6739	11004840	3647
ENSG00000174945	1.0720068536484586	0.1076934652518881	4.268544611800701	0.11550075591676755	0.012438676643889214	3717	3022	0.27065750736015703	0.4070657507360157	6739	11232774	3648
ENSG00000279741	2.001829164443021	0.09669988640561653	1.5569959000772589	0.04213009814189749	0.004073975704578963	1937	4803	0.6200196270853778	0.05750736015701663	6740	9303411	3649
ENSG00000072133	1.0116170941893832	0.1130275480436655	5.26418725979273	0.1424414321716514	0.016099805818189847	4518	2222	0.11344455348380766	0.5640824337585868	6740	10038996	3650
ENSG00000108387	1.209939768182641	0.1469365661464544	2.452630722381142	0.06636470464348891	0.009751401813637917	3112	3632	0.3894013738959764	0.2873405299313052	6744	11302784	3651
ENSG00000133962	1.209345105540178	0.09774125954642775	3.685319385850404	0.09971950947488731	0.009746710457427421	3115	3634	0.3888125613346418	0.2869479882237488	6749	11319910	3652
ENSG00000184160	1.03157252702176	0.10225814653083622	5.0541561772769805	0.1367582893202165	0.013984649188613193	4117	2637	0.19214916584887143	0.48263002944062805	6754	10856529	3653
ENSG00000104059	1.0658670597034257	0.09843106384772131	4.713521641770298	0.12754120248607384	0.012554016245121886	3766	2988	0.26104023552502453	0.41373895976447495	6754	11252808	3654
ENSG00000168389	1.077831213237744	0.12944129105615804	3.4758263335964634	0.09405092495834091	0.012174073151633484	3675	3080	0.278900883218842	0.39568204121687933	6755	11319000	3655
ENSG00000142273	1.0889282798858213	0.09018208611455245	4.86986826183809	0.1317717200149146	0.011883448601847722	3603	3153	0.29303238469087345	0.3813542688910697	6756	11360259	3656
ENSG00000171557	1.2396261123298644	0.06189357728898001	5.549008587992553	0.1501482928701084	0.00929321496956446	3011	3746	0.4092247301275761	0.2649656526005888	6757	11279206	3657
ENSG00000163818	2.1882427130473108	0.1802103718657863	0.5652380985744272	0.015294540316579196	0.002756234797966998	1797	4962	0.6474975466143278	0.026300294406280678	6759	8916714	3658
ENSG00000112796	1.0969323252805003	0.13758015860569084	3.1419265688576554	0.08501607145788889	0.0116965245952091	3563	3197	0.300883218842002	0.3727183513248282	6760	11390911	3659
ENSG00000134532	1.0034314155017612	0.10101843856230557	6.50157679983848	0.17592343604802516	0.017771510816087122	4818	1943	0.05456329735034349	0.6188420019627086	6761	9361374	3660
ENSG00000083307	1.050027635079662	0.11701775536903546	4.157702482133834	0.11250152528238352	0.013164675964137312	3910	2851	0.23277723258096172	0.4406280667320903	6761	11147410	3661
ENSG00000184678	1.2809480427979103	0.10852540446120403	2.9911306543302225	0.08093574813903963	0.008783584802159418	2909	3854	0.42924435721295384	0.24376840039254166	6763	11211286	3662
ENSG00000175643	1.6860690296782685	0.14801248565625807	1.4137658237107233	0.03825449566028904	0.005662142990205918	2240	4525	0.5605495583905791	0.11207065750736012	6765	10136000	3663
ENSG00000160321	1.0120972780872854	0.1156186930214659	5.078134294126434	0.13740710311354454	0.015886829673853815	4505	2260	0.11599607458292449	0.5566241413150147	6765	10181300	3664
ENSG00000215146	1.0320236302618722	0.1081247812753951	4.757263979094896	0.12872480802051992	0.01391834171193594	4108	2658	0.1939156035328754	0.47850834151128563	6766	10919064	3665
ENSG00000105366	1.5795279240365006	0.14824923159792872	1.5542965711433094	0.04205705813395726	0.006234926551628582	2361	4407	0.5368007850834151	0.13523061825318938	6768	10404927	3666
ENSG00000243479	1.3431802384437113	0.0853467978192628	3.471565998712451	0.09393564634600039	0.008017106616713867	2751	4026	0.46025515210991164	0.21000981354268888	6777	11075526	3667
ENSG00000143195	1.0680187699812826	0.11149601782379165	4.1094176050666	0.11119500507284985	0.01239780026751907	3748	3031	0.26457311089303237	0.4052993130520117	6779	11360188	3668
ENSG00000178718	1.1714479530235646	0.14306271789586059	2.6507556086348094	0.07172568273071772	0.01026127111439267	3257	3523	0.36094210009813543	0.3087340529931305	6780	11474411	3669
ENSG00000141574	1.1639588421935563	0.1038847234257811	3.684149116596651	0.09968784365064809	0.010356044066560086	3279	3504	0.35662414131501474	0.3124631992149166	6783	11489616	3670
ENSG00000271109	1.21638482332464	0.15139820095706472	2.307388716010312	0.06243466219287903	0.00945249553336395	3083	3702	0.39509322865554464	0.2736015701668302	6785	11413266	3671
ENSG00000181218	1.2972520603889615	0.07277934107021063	4.296215055491846	0.11624947883137506	0.008460560469102875	2862	3924	0.4384690873405299	0.23002944062806674	6786	11230488	3672
ENSG00000187372	1.2867946222459714	0.11415374391680051	2.768773060201298	0.07491906738684051	0.008552292032962913	2887	3902	0.43356231599607453	0.23434739941118743	6789	11265074	3673
ENSG00000204860	1.6572867160505635	0.06377309261026426	3.300485813239676	0.08930645945877455	0.00569534910975924	2270	4520	0.5546614327772326	0.11305201177625124	6790	10260400	3674
ENSG00000257951	1.5709794021145178	0.08910695755728608	2.5611939394992143	0.06930227114032911	0.006175314533124838	2374	4416	0.5342492639842984	0.13346418056918552	6790	10483584	3675
ENSG00000170571	1.0178809557558113	0.09644357217025441	5.768215283460053	0.15607971477876503	0.01505288523657855	4364	2426	0.1436702649656526	0.5240431795878312	6790	10587064	3676
ENSG00000130988	1.1419342672192014	0.14634452052360886	2.6854305610221596	0.0726639377043321	0.010633969122697866	3365	3425	0.3397448478900883	0.3279685966633955	6790	11525125	3677
ENSG00000083814	1.2255388125869824	0.1473002240165677	2.3401336019391135	0.06332069230879468	0.009327152161969611	3056	3736	0.40039254170755645	0.26692836113837093	6792	11417216	3678
ENSG00000149599	1.0552198673078739	0.11585462333554926	4.065945870096104	0.11001872165385389	0.012746177557065879	3859	2935	0.24278704612365065	0.4241413150147203	6794	11326165	3679
ENSG00000089199	1.0716871335717535	0.06445129168646385	6.987371596070785	0.18906835341169614	0.012185699594416661	3720	3075	0.27006869479882234	0.39666339548577034	6795	11439000	3680
ENSG00000198797	1.0049592818172173	0.07975879879272305	7.875595275973506	0.2131024249236392	0.016996793431725908	4731	2066	0.07163886162904809	0.5947006869479883	6797	9774246	3681
ENSG00000162722	1.0009996876771965	0.08114683105535174	8.444705852044546	0.22850174898240838	0.018542192820527884	4985	1813	0.02178606476938172	0.6443572129538764	6798	9037805	3682
ENSG00000272281	1.4039267989491415	0.16937321619926568	1.6088277462818323	0.043532594299636934	0.007373255506027327	2626	4173	0.48478900883218845	0.1811579980372915	6799	10958298	3683
ENSG00000130477	1.3247686640179728	0.0780267779639148	3.8491635472386503	0.10415289982544713	0.008126715188978024	2796	4003	0.4514229636898921	0.21452404317958784	6799	11192388	3684
ENSG00000269001	1.2361938055932133	0.11620832971060492	2.9004859598856316	0.07848303142167164	0.009120381992137383	3021	3780	0.40726202158979397	0.25829244357212955	6801	11419380	3685
ENSG00000160716	1.190174840807075	0.08523132415575509	4.2346622987916955	0.11458394863919344	0.009766141669513489	3175	3628	0.377036310107949	0.28812561334641806	6803	11518900	3686
ENSG00000104953	1.261088950199164	0.1415908134002888	2.3080299536329885	0.06245201317239946	0.008842631343565591	2962	3842	0.4188420019627085	0.24612365063788022	6804	11380004	3687
ENSG00000151322	1.0377781042524004	0.1339171553446626	3.7190760858240384	0.10063291784209319	0.01347647409144626	4030	2776	0.20922473012757603	0.45534838076545636	6806	11187280	3688
ENSG00000162426	1.2762547801616666	0.14252962544958664	2.239198071943473	0.06058952019426967	0.0086358016194594215	2931	3880	0.42492639842983315	0.23866535819430812	6811	11372280	3689
ENSG00000169583	1.0580301210375844	0.11995121456440185	3.881801379332835	0.10503603321661313	0.0125991997573596	3835	2976	0.24749754661432777	0.4160942100098135	6811	11412960	3690
ENSG00000174171	1.0912747356228858	0.1361288995325094	3.1392635978348156	0.08494401524339552	0.011563335316956136	3591	3226	0.295387634936212	0.3670264965652601	6817	11584566	3691
ENSG00000198185	1.000991987725852	0.08455435497275793	8.057331339796821	0.21801994474782016	0.018434535799348256	4986	1832	0.02158979391560356	0.6406280667320903	6818	9134352	3692
ENSG00000156414	1.0008533279808693	0.13938235045902594	4.90025911866328	0.13259405344597763	0.018481270826190072	5000	1819	0.018842001962708577	0.643179587831207	6819	9095000	3693
ENSG00000197461	1.3687318394458061	0.14354808512803086	1.9440026406043178	0.052601950995955625	0.007550909339467946	2699	4123	0.47046123650637883	0.19097154072620215	6822	11127977	3694
ENSG00000196867	1.293414245511424	0.08195189456038912	3.763161931143252	0.10182581821509662	0.008344818717888948	2873	3951	0.43631010794896963	0.22473012757605493	6824	11351223	3695
ENSG00000150764	1.7540119704849444	0.16744419001454522	1.0668379772541732	0.028867120768263733	0.004833631655093977	2149	4678	0.5784102060843965	0.08204121687929344	6827	10053022	3696
ENSG00000249158	1.2114986864579078	0.07228628246365926	4.792096624802575	0.1296673299514599	0.009373169239179736	3106	3721	0.3905789990186457	0.2698724239450442	6827	11557426	3697
ENSG00000099994	1.0174035870593185	0.1099486306492447	5.034551715004677	0.13622782040921275	0.014978062310324171	4378	2451	0.14092247301275762	0.5191364082433758	6829	10730478	3698
ENSG00000173404	1.020707318165542	0.07783782659965233	6.9100982199588445	0.18697744558130927	0.01455391798720388	4304	2529	0.1554465161923454	0.5038272816486752	6833	10884816	3699
ENSG00000138606	1.3983269947396868	0.16144066792117936	1.6645525652562287	0.04504042877255642	0.007271356904497814	2636	4197	0.4828263002944063	0.17644749754661437	6833	11063292	3700
ENSG00000111058	1.0138504123397023	0.09697297705084378	5.813320778398211	0.15730020542256773	0.015253869210535672	4455	2380	0.12580961727183515	0.533071638861629	6835	10602900	3701
ENSG00000159784	1.0263232967365465	0.1354886481526231	3.8156611762781107	0.10324637324019167	0.013988711536974731	4200	2636	0.17585868498527968	0.4828263002944063	6836	11071200	3702
ENSG00000197497	1.234165217415468	0.12268553247104923	2.7081043811889893	0.07327745908151291	0.008990084085540933	3025	3811	0.4064769381746811	0.2522080471050049	6836	11528275	3703
ENSG00000275763	1.3878861343472753	0.14805770914589494	1.830637899420893	0.049534462076009526	0.007333958978748182	2660	4180	0.4781157998037291	0.17978410206084394	6840	11118800	3704
ENSG00000100604	1.015805580374845	0.07634139844788171	7.276801966206064	0.1968999282401462	0.015031615876140318	4409	2432	0.13483807654563296	0.5228655544651619	6841	10722688	3705
ENSG00000283766	1.4339819202023798	0.14985979751483178	1.7016102650555969	0.04604315750766926	0.006900018261042822	2569	4272	0.49597644749754666	0.16172718351324833	6841	10974768	3706
ENSG00000070731	1.0824390905672363	0.11502416941772357	3.7429882477382255	0.1012799469885281	0.011649641781026518	3641	3204	0.28557409224730124	0.3713444553483808	6845	11665764	3707
ENSG00000118508	1.1578078811542574	0.15158537309726486	2.486403202613165	0.06727854000207902	0.010198442587654406	3305	3542	0.3515210991167812	0.3050049067713445	6847	11706310	3708
ENSG00000181790	1.0180933991787566	0.1151957867702283	4.736231327724302	0.12815569434052662	0.01476299603864186	4357	2495	0.14504416094210015	0.5105004906771344	6852	10870715	3709
ENSG00000168269	1.0018065665815792	0.06903170874529627	9.538542662268037	0.2580994198328256	0.01781704397722956	4921	1932	0.034347399411187474	0.621000981354269	6853	9507372	3710
ENSG00000203930	1.0193528774743055	0.13472930754830748	3.993135690291745	0.10804858157786872	0.014557310577563064	4326	2527	0.1511285574092247	0.5042198233562316	6853	10931802	3711
ENSG00000103723	1.0938407278890088	0.08105530986464757	5.164607307476853	0.13974694006423788	0.011327231529543133	3581	3273	0.29735034347399414	0.357801766437684	6854	11720613	3712
ENSG00000230454	1.6259724160050708	0.1554742010805752	1.3073351433680678	0.035374632580416766	0.0054998427389591825	2301	4557	0.5485770363101079	0.1057899901864573	6858	10485657	3713
ENSG00000158106	1.5457392899192477	0.13380998099768676	1.6598585164822481	0.04491341447822151	0.0060098631378720496	2401	4457	0.5289499509322866	0.12541707556427872	6858	10701257	3714
ENSG00000282826	1.012942688364992	0.11283121294279272	4.985666625068681	0.13490505929174496	0.015221501472006953	4476	2386	0.12168792934249262	0.5318940137389598	6862	10679736	3715
ENSG00000188158	1.2115604004062752	0.1247466050825748	2.7295049086851124	0.07385652696708364	0.00921335100233332	3105	3758	0.39077526987242395	0.26261040235525024	6863	11668590	3716
ENSG00000119714	1.1287719208260705	0.11459043928158576	3.4094844714005497	0.09225580837191227	0.010571633607615224	3418	3446	0.32934249263984294	0.323846908734053	6864	11778428	3717
ENSG00000288075	1.0904278465353698	0.12930385325192104	3.243507269052755	0.08776470096187786	0.011348314013873387	3597	3268	0.29421000981354273	0.35878312070657503	6865	11754996	3718
ENSG00000185559	1.003621295146913	0.1139910595245676	5.520285072606721	0.14937107533079094	0.01702696713928086	4806	2060	0.056918547595682045	0.5958783120706574	6866	9900360	3719
ENSG00000077279	1.012145399248621	0.10775309853997281	5.248660592475085	0.1420213026017042	0.015303235414016729	4501	2368	0.11678115799803734	0.5354268891069676	6869	10658368	3720
ENSG00000184986	1.2537852244622758	0.12296983952332437	2.58292003957239	0.06989014855752601	0.008594380352380273	2981	3888	0.4151128557409225	0.2370951913640824	6869	11590128	3721
ENSG00000278318	1.0327344150161706	0.07366567073850648	6.765858286066545	0.18307451778903835	0.013486307148058147	4097	2773	0.1960745829244357	0.45593719332679095	6870	11360981	3722
ENSG00000067840	1.0566202975220833	0.1217949005527255	3.765438384207953	0.1018874158024933	0.012409367675238864	3846	3026	0.24533856722276737	0.40628066732090284	6872	11637996	3723
ENSG00000016391	1.0283748097719208	0.11634918050101077	4.352072248956955	0.11776089517004315	0.013701383648099958	4164	2711	0.18292443572129535	0.4681059862610403	6875	11288604	3724
ENSG00000186891	1.0461713574137625	0.09814302077784746	4.800019735994238	0.1298817180895901	0.012746984157129167	3941	2934	0.22669283611383706	0.42433758586849857	6875	11562894	3725
ENSG00000139055	1.0130968740560178	0.09243418261471849	6.037163268880267	0.16335706536154884	0.015099776811033909	4468	2413	0.12325809617271832	0.526594700686948	6881	10781284	3726
ENSG00000229676	1.1751400059899335	0.11285309717691293	3.1835738961481836	0.0861429889957004	0.009721503108241518	3241	3640	0.36408243375858684	0.2857703631010795	6881	11797240	3727
ENSG00000165215	1.0436609093379212	0.09983280330420442	4.747941172998208	0.12847254612580852	0.012825774427368172	3963	2919	0.22237487733071637	0.4272816486751717	6882	11567997	3728
ENSG00000008735	1.0477138786462201	0.11482357915266225	4.082606489278728	0.1104695343510703	0.012684507321517864	3929	2953	0.22904808635917562	0.42060843964671246	6882	11602337	3729
ENSG00000226025	1.4242850900851929	0.10294395347289788	2.435561976428878	0.06590284861542081	0.006784299781597313	2581	4303	0.4936211972522081	0.15564278704612367	6884	11106043	3730
ENSG00000236548	1.4105967778807158	0.16726742929286764	1.523263598703815	0.04121734996616708	0.006894320171105232	2611	4274	0.4877330716388616	0.1613346418056919	6885	11159414	3731
ENSG00000166823	1.1786521098072724	0.10479395949018969	3.41750186606324	0.09247274768688715	0.009690585375046185	3230	3655	0.36624141315014724	0.28282630029440625	6885	11805650	3732
ENSG00000165188	1.030168287166577	0.11751075448703989	4.26770403634021	0.11547801113841304	0.013569908215537711	4138	2750	0.1880274779195289	0.4604514229636899	6888	11379500	3733
ENSG00000121316	1.0682010801933342	0.10539143579472371	4.179296600952985	0.11308583147425821	0.01191827814711223	3744	3145	0.2653581943081452	0.3829244357212954	6889	11774880	3734
ENSG00000147689	1.0169409785499386	0.08646057600338852	6.291289804482047	0.17023336855851431	0.014718475100566277	4388	2502	0.1389597644749755	0.5091265947006869	6890	10978776	3735
ENSG00000240207	1.3087355088914503	0.1409436544148794	2.071112284623148	0.056041357469042194	0.007898673720057404	2842	4048	0.4423945044160942	0.2056918547595682	6890	11504416	3736
ENSG00000173557	1.129388035038359	0.1291129619268488	2.9885602284952477	0.08086619606591691	0.01044087409382782	3414	3476	0.3301275760549558	0.3179587831207066	6890	11867064	3737
ENSG00000086289	1.0185702172789357	0.09366700536199597	5.7148154132523405	0.1546347901180746	0.014484177715140815	4345	2549	0.1473994111874387	0.4999018645731109	6894	11075405	3738
ENSG00000143333	1.1273358290364723	0.11369357097410028	3.3958079359696947	0.0918857407436581	0.01044681798674687	3421	3475	0.32875368007850836	0.31815505397448474	6896	11887975	3739
ENSG00000141744	1.0105039069487056	0.0961349797446029	5.915916150808471	0.1600762905158774	0.015388930946335044	4543	2354	0.10853778213935228	0.5381746810598627	6897	10694222	3740
ENSG00000176723	1.4801673049285207	0.16369669927100616	1.424619074957748	0.038548169227556064	0.006310208065491099	2500	4398	0.5095191364082434	0.13699705593719336	6898	10995000	3741
ENSG00000085552	1.0416106113255033	0.0945956156391185	5.01933339141365	0.13581603418266375	0.01284760136717264	3984	2915	0.21825318940137395	0.42806673209028456	6899	11613360	3742
ENSG00000283162	1.1655900084601754	0.1437972563804851	2.5161443620176023	0.06808329354349849	0.009790190816902277	3274	3625	0.35760549558390575	0.28871442590775265	6899	11868250	3743
ENSG00000224982	1.8212664988164993	0.1308940905627802	1.1553013890590147	0.03126081507479346	0.00409185595946634	2099	4801	0.5882237487733072	0.057899901864573056	6900	10077299	3744
ENSG00000268903	1.4557410784986735	0.08475127343951232	2.8087677993246456	0.07600126823550209	0.00644120426597676	2533	4369	0.5030421982335623	0.14268891069676148	6902	11066677	3745
ENSG00000183734	1.005142697673843	0.09378647511877429	6.434114813133819	0.17409801048295223	0.016328038728387506	4718	2186	0.07419038272816492	0.5711481844946025	6904	10313548	3746
ENSG00000146950	1.0738447685757524	0.11928922123363014	3.611683856462675	0.09772703661116194	0.01165778209081597	3705	3201	0.2730127576054956	0.37193326790971537	6906	11859705	3747
ENSG00000287382	1.3421553350987545	0.14445794704907894	1.904459861579617	0.05153197954578589	0.007444203972559357	2753	4154	0.4598626104023552	0.18488714425907748	6907	11435962	3748
ENSG00000171004	1.0083268361546631	0.11303178028486859	5.0836520923945185	0.1375564068994762	0.015548245561437576	4604	2312	0.09656526005888122	0.5464180569185476	6916	10644448	3749
ENSG00000198939	1.2982176631946507	0.1485328707376951	1.9521065534304956	0.0528212313695798	0.007845689131223682	2858	4058	0.43925417075564277	0.20372914622178606	6916	11597764	3750
ENSG00000100307	1.9430532047542024	0.16474038211457168	0.6799162465514054	0.01839756815933806	0.003030822408548229	1986	4933	0.6104023552502453	0.031992149165848915	6919	9796938	3751
ENSG00000180071	1.7068527887298353	0.06174298001746412	2.8128423188403935	0.07611151894783282	0.004699351993494884	2218	4702	0.5648675171736997	0.07733071638861633	6920	10429036	3752
ENSG00000256894	1.390742355895317	0.15522242227142835	1.6421675493881622	0.04443472202960175	0.006897265186392382	2650	4273	0.48007850834151133	0.16153091265947006	6923	11323450	3753
ENSG00000164764	1.0107763422000098	0.11507896998429265	4.88659854544472	0.13222441773252203	0.015216249799431475	4537	2389	0.10971540726202156	0.5313052011776251	6926	10838893	3754
ENSG00000205885	1.2948923735446145	0.11461649874816383	2.5288445817446026	0.0684269434551621	0.007842856678869265	2869	4059	0.4370951913640825	0.2035328753680079	6928	11645271	3755
ENSG00000055118	1.0323646818080943	0.08717666964210172	5.63001312322997	0.1523401605682326	0.013280507851081544	4104	2825	0.19470068694798826	0.44573110893032386	6929	11593800	3756
ENSG00000244300	1.2184894958193602	0.09023109970104538	3.5979897554467737	0.09735649368311933	0.008784583488065736	3076	3853	0.3964671246319922	0.24396467124631993	6929	11851828	3757
ENSG00000249641	1.3812507018986147	0.11272907697044057	2.287298822213003	0.061891058194115174	0.006976921862946426	2673	4257	0.4755642787046124	0.16467124631992147	6930	11378961	3758
ENSG00000205592	1.007724709081632	0.10039714881839873	5.730832927593265	0.15506820131147525	0.015568405284069593	4623	2309	0.09283611383709522	0.5470068694798822	6932	10674507	3759
ENSG00000211454	1.3689692562576856	0.1535727349739462	1.7050108415351177	0.04613517227843015	0.007085104585292702	2698	4234	0.470657507360157	0.16918547595682043	6932	11423332	3760
ENSG00000133937	1.035175777474818	0.11980529754443466	4.024529684443279	0.10889805848054049	0.013046564298272398	4059	2873	0.2035328753680079	0.43631010794896963	6932	11661507	3761
ENSG00000134594	1.7456766130675359	0.164752554253987	0.9531287204171073	0.025790309743937912	0.00424901940531526	2162	4773	0.5758586849852797	0.06339548577036314	6935	10319226	3762
ENSG00000198440	1.1599895501854647	0.10751502628778191	3.346590119069358	0.09055397650700324	0.00973591316461364	3297	3638	0.3530912659470069	0.28616290480863593	6935	11994486	3763
ENSG00000175602	1.6918289402405928	0.12183909452368026	1.4210644997361164	0.0384519874695099	0.004684955335920986	2231	4705	0.5623159960745829	0.07674190382728163	6936	10496855	3764
ENSG00000232810	1.0752736159948229	0.1149488713158301	3.6602639095369165	0.09904154386429911	0.011384713680578461	3691	3255	0.2757605495583906	0.36133464180569186	6946	12014205	3765
ENSG00000125850	1.1514782566974475	0.13799172278236335	2.6161109453339346	0.07078824733677326	0.009768192202745387	3324	3627	0.3477919528949951	0.2883218842001962	6951	12056148	3766
ENSG00000204140	1.0354559485498496	0.09236290891817912	5.164657901737502	0.13974830907308783	0.012907560342387157	4052	2901	0.20490677134445534	0.43081452404317955	6953	11754852	3767
ENSG00000077327	1.0053819472040004	0.08116300363717915	7.262425024216011	0.19651090860496848	0.015949415589850437	4705	2249	0.07674190382728163	0.5587831207065751	6954	10581545	3768
ENSG00000115844	1.0353966406852881	0.10044049987760902	4.751216912486369	0.12856118298485014	0.012912749483855112	4055	2900	0.20431795878312076	0.4310107948969578	6955	11759500	3769
ENSG00000143320	1.015770165520119	0.09088234775594688	5.891309184597636	0.1594104609517884	0.014487596948156224	4410	2548	0.1346418056918548	0.5000981354268892	6958	11236680	3770
ENSG00000043039	1.0045779157348116	0.08704119228821926	6.886746138443094	0.18634557141514907	0.016219740713604085	4756	2203	0.0667320902845927	0.5678115799803729	6959	10477468	3771
ENSG00000132821	1.0088841067614251	0.11279943685586753	4.997611993589693	0.13522828400165357	0.015253674282371843	4581	2381	0.10107948969578018	0.5328753680078508	6962	10907361	3772
ENSG00000205890	1.3674509151954155	0.10301283264861329	2.499453137209514	0.0676316527015166	0.006966928121490463	2703	4259	0.469676153091266	0.16427870461236505	6962	11512077	3773
ENSG00000171303	1.0653289677268263	0.0857048812122396	5.052777614561089	0.13672098737066582	0.011717655981823024	3769	3193	0.26045142296368984	0.3735034347399411	6962	12034417	3774
ENSG00000188554	2.0127226247924273	0.1790006123089231	0.40777539948025826	0.011033823274102569	0.0019750611221728068	1927	5037	0.62198233562316	0.011579980372914633	6964	9706299	3775
ENSG00000258647	1.1817326212610704	0.10274760372208434	3.3284270769491164	0.09006251037851619	0.00925370712658789	3212	3752	0.3697742885181551	0.2637880274779195	6964	12051424	3776
ENSG00000108852	1.149941209215307	0.13252562615796495	2.718652893012239	0.07356288683269865	0.009748967639490904	3331	3633	0.34641805691854755	0.28714425907752694	6964	12101523	3777
ENSG00000188211	1.1555037204806804	0.12081809949333813	2.9579216905171837	0.08003716073456116	0.009669937648792506	3308	3658	0.3509322865554465	0.28223748773307167	6966	12100664	3778
ENSG00000130675	1.3435585211963477	0.07952065353828713	3.3244706844543344	0.08995545601563394	0.0071533166516978535	2750	4219	0.4604514229636899	0.17212953876349357	6969	11602250	3779
ENSG00000105852	1.0002544071854418	0.0748633404234475	8.867456967792858	0.23994079387339962	0.017962769333216562	5063	1907	0.0064769381746810906	0.6259077526987242	6970	9655141	3780
ENSG00000162631	1.0019796284826061	0.10263514312055094	6.132872950939648	0.16594683345155564	0.017031977001702645	4911	2059	0.036310107948969605	0.5960745829244357	6970	10111749	3781
ENSG00000233493	1.473975524860544	0.12173918820141434	1.8191434082381919	0.04922343746663557	0.005992421317671298	2513	4461	0.5069676153091266	0.12463199214916587	6974	11210493	3782
ENSG00000113205	1.1576633953725626	0.10659756343096148	3.323592860403591	0.08993170334331972	0.009586500451593935	3306	3672	0.35132482826300293	0.2794896957801767	6978	12139632	3783
ENSG00000267454	1.2193715852591165	0.1298342646586542	2.42863592393063	0.06571543946972387	0.008532115760271899	3073	3909	0.39705593719332677	0.23297350343474	6982	12012357	3784
ENSG00000099985	1.4054186548269718	0.12108151528076697	1.9899829833875005	0.053846113780171984	0.006519769048483811	2622	4362	0.4855740922473013	0.14406280667320903	6984	11437164	3785
ENSG00000103316	1.0077049673352916	0.11631499584199893	4.8659691591353065	0.13166621583245305	0.01531475534708351	4626	2365	0.09224730127576053	0.5360157016683023	6991	10940490	3786
ENSG00000279205	1.377912278974587	0.16348216161523502	1.5202191174273034	0.04113497062594901	0.006724833915909341	2680	4314	0.4741903827281648	0.15348380765456326	6994	11561520	3787
ENSG00000244682	1.0967006725694932	0.09607364694340248	4.082347669096531	0.1104625310444614	0.01061253820804022	3565	3429	0.30049067713444555	0.32718351324828265	6994	12224385	3788
ENSG00000166961	1.0145429510049768	0.08051247376451502	6.614505499195862	0.17897912629533233	0.014410052210248764	4432	2564	0.130323846908734	0.49695780176643767	6996	11363648	3789
ENSG00000122824	1.0177188371969998	0.1313959084241817	3.9446745492355406	0.10673729191508609	0.014024843433919802	4367	2631	0.1430814524043179	0.48380765456329733	6998	11489577	3790
ENSG00000177989	1.5728280821537126	0.13302719888921014	1.4252075049969226	0.03856409130885303	0.005130073044524452	2369	4631	0.5352306182531894	0.09126594700686952	7000	10970839	3791
ENSG00000161682	1.240194656063383	0.13288897357774757	2.272300898612338	0.06148523567834018	0.00817070985948053	3009	3991	0.4096172718351325	0.2168792934249264	7000	12008919	3792
ENSG00000149054	1.0226991305388287	0.14150946940755413	3.558530248607212	0.096288775460034	0.01362577352525253	4265	2738	0.16310107948969577	0.46280667320902846	7003	11677570	3793
ENSG00000166206	1.0000685074487128	0.07506715920440588	8.781617686167307	0.23761810480329032	0.017837316103117794	5077	1927	0.003729146221786106	0.62198233562316	7004	9783379	3794
ENSG00000258072	1.574886038516518	0.09603501580926456	1.9519096705827483	0.05281590399929088	0.005072176175552498	2368	4636	0.5354268891069676	0.0902845927379784	7004	10978048	3795
ENSG00000242516	1.0730390769564646	0.11672988006629557	3.5553099285063974	0.09620163817091917	0.011229605685872557	3710	3295	0.27203140333660447	0.35348380765456333	7005	12224450	3796
ENSG00000111432	1.0769999465031845	0.08127003412239724	5.04442447169025	0.13649496318593657	0.01109295031565642	3677	3328	0.27850834151128556	0.34700686947988224	7005	12237056	3797
ENSG00000076716	1.0318877141228677	0.10037077828201624	4.763686612214178	0.1288985953526711	0.012937652335006279	4109	2897	0.19371933267909713	0.4315996074582924	7006	11903773	3798
ENSG00000166670	1.0286065643703226	0.0959977842511927	5.071540277213513	0.1372286783793003	0.013173649060132383	4158	2849	0.18410206084396463	0.44102060843964674	7007	11846142	3799
ENSG00000196972	1.2943313948383137	0.1646094779601424	1.6841966421579975	0.04557196959918122	0.0075015781253367	2870	4138	0.4368989205103042	0.1880274779195289	7008	11876060	3800
ENSG00000168032	1.075000001824387	0.12335972556263472	3.341932768307208	0.09042795520875777	0.011155167737742583	3698	3311	0.27438665358194303	0.3503434739941119	7009	12244078	3801
ENSG00000105963	1.1789612360751633	0.1192310768358131	2.824184590008497	0.07641842469976222	0.009111451067049147	3229	3782	0.3664376840039254	0.2578999018645731	7011	12212078	3802
ENSG00000267745	1.6461520929478977	0.12828605361734605	1.2862599157187742	0.03480436684677963	0.004464914871423753	2279	4736	0.5528949950932287	0.07065750736015697	7015	10793344	3803
ENSG00000152154	1.3298985313616931	0.16581677254781205	1.5735997356942037	0.04257937435645857	0.007060374432893031	2779	4239	0.45475956820412167	0.1682041216879293	7018	11780181	3804
ENSG00000135047	1.63629904141383	0.1487749730082456	1.1188678439982438	0.03027497508061534	0.0045041586004438555	2290	4731	0.5507360157016683	0.07163886162904809	7021	10833990	3805
ENSG00000267547	1.3526612684841157	0.1384089203089818	1.8229161379250718	0.049325522174734814	0.006827092267881785	2728	4293	0.4647693817468106	0.1576054955839058	7021	11711304	3806
ENSG00000286705	1.2566833593325004	0.15533974390887062	1.8813769097137882	0.05090738764579192	0.00790794055996692	2977	4044	0.41589793915603535	0.20647693817468105	7021	12038988	3807
ENSG00000287550	1.0059134137505512	0.08517753188946174	6.716287977285314	0.18173321562262046	0.01547958676907018	4691	2332	0.07948969578017662	0.5424926398429832	7023	10939412	3808
ENSG00000140403	1.0647512294589858	0.12124478541644312	3.4923577998916224	0.09449824296181797	0.011457419190136526	3783	3244	0.25770363101079485	0.36349362119725226	7027	12272052	3809
ENSG00000196553	1.126584374873024	0.13349316630874272	2.7451591939122695	0.07428010969644643	0.009915887037139375	3425	3605	0.3279685966633955	0.292639842983317	7030	12347125	3810
ENSG00000271420	1.2991248237802209	0.16002570923432782	1.6988234214599847	0.045967749477254134	0.007356021712003495	2855	4176	0.43984298331697746	0.1805691854759568	7031	11922480	3811
ENSG00000269825	1.5752705847586057	0.12557586526167686	1.4489834224833706	0.03920743387453866	0.004923507433485171	2367	4665	0.5356231599607458	0.08459273797841016	7032	11042055	3812
ENSG00000105696	1.1774875413214763	0.14109053502499963	2.3662542265648794	0.06402747932021621	0.009033671313591405	3233	3800	0.36565260058881255	0.2543670264965653	7033	12285400	3813
ENSG00000131153	1.4601897230491998	0.14930939335865476	1.4266243882873502	0.038602430158735906	0.005763705429170697	2528	4506	0.5040235525024535	0.11579980372914622	7034	11391168	3814
ENSG00000245468	1.4956069828067995	0.1609501578207403	1.2568703124780982	0.034009125915946306	0.005473774183516987	2474	4563	0.514622178606477	0.10461236506378802	7037	11288862	3815
ENSG00000099284	1.0299246091000747	0.1157747963133671	4.1309329419683705	0.11177717953790951	0.012940980193484138	4142	2895	0.18724239450441604	0.4319921491658488	7037	11991090	3816
ENSG00000254285	1.4933243191476957	0.09485615943140024	2.140729933023976	0.05792511217860146	0.005494553675895164	2479	4559	0.5136408243375858	0.10539744847890087	7038	11301761	3817
ENSG00000164129	1.0607192477372578	0.08285281382629728	5.150987322342004	0.13937840260669293	0.011547892842579037	3808	3230	0.2527968596663396	0.36624141315014724	7038	12299840	3818
ENSG00000096006	1.0024683331853197	0.06981874007899802	8.70789869392822	0.23562337355332338	0.016450927074656143	4880	2159	0.04239450441609416	0.5764474975466143	7039	10535920	3819
ENSG00000161634	1.0029127463712904	0.08022828619833336	7.512916288816632	0.20328884653068074	0.016309515760392523	4855	2188	0.047301275760549544	0.5707556427870462	7043	10622740	3820
ENSG00000186417	1.010991561952725	0.1205428048323803	4.472106368867434	0.12100884800791113	0.014586745948408803	4529	2519	0.11128557409224726	0.5057899901864573	7048	11408551	3821
ENSG00000279289	1.3726405572214184	0.12681647008467498	1.911364124861539	0.05171879910622945	0.006558795539670462	2690	4358	0.4722276741903827	0.14484789008832188	7048	11723020	3822
ENSG00000278989	1.291708699294648	0.12480119131244938	2.1892335860394057	0.05923755215463427	0.007392917079331709	2880	4171	0.4349362119725221	0.18155053974484792	7051	12012480	3823
ENSG00000130518	1.1533967656970392	0.13824305268392412	2.49392981666297	0.0674821994905714	0.009328945259402139	3316	3735	0.3493621197252208	0.2671246319921492	7051	12385260	3824
ENSG00000152611	1.095465047374324	0.1159640042109099	3.3240076544491295	0.08994292708118977	0.010430141974784653	3572	3480	0.299116781157998	0.3171736997055937	7052	12430560	3825
ENSG00000162924	1.600833266476537	0.1330756151270917	1.2809672924749118	0.03466115597725779	0.004612554652689652	2338	4716	0.5413150147203141	0.07458292443572134	7054	11026008	3826
ENSG00000197016	1.2923305768386149	0.08362433615343222	3.2484959779918965	0.08789968834186837	0.007350553085682328	2878	4177	0.4353287536800785	0.18037291462217864	7055	12021406	3827
ENSG00000175352	1.0327871193265434	0.0975835534938363	4.79673137105138	0.12979273960367238	0.012665636748226529	4096	2959	0.19627085377821396	0.4194308145240432	7055	12120064	3828
ENSG00000120327	1.3464679299155633	0.12241681528151598	2.0318287192266458	0.05497839997157147	0.006730280633793168	2743	4313	0.46182531894013734	0.15368007850834153	7056	11830559	3829
ENSG00000169783	1.001505094674061	0.06721144294209955	9.233910187996806	0.24985649765324938	0.0167932157357342	4948	2109	0.029048086359175662	0.586261040235525	7057	10435332	3830
ENSG00000185345	1.045732090614305	0.1267085242489922	3.5087915143584754	0.0949429159396274	0.012030076766606309	3948	3112	0.22531894013738962	0.3894013738959764	7060	12286176	3831
ENSG00000236609	1.025566053982771	0.10248922559531122	4.750184798148554	0.128533255436458	0.013173273812926906	4211	2850	0.17369970559371928	0.4408243375858685	7061	12001350	3832
ENSG00000240253	1.1460905782604005	0.10111767968220496	3.4328227027828304	0.09288730777312779	0.009392549033945522	3347	3715	0.34327772325809613	0.27105004906771346	7062	12434105	3833
ENSG00000260027	1.0648144528213632	0.08641303537173785	4.834270692957736	0.1308085003491031	0.01130355956759103	3782	3282	0.2578999018645731	0.35603532875368005	7064	12412524	3834
ENSG00000268416	1.023324049856532	0.09006359275968291	5.460022958146176	0.14774046808491764	0.013306037351724953	4250	2815	0.16604514229636902	0.447693817468106	7065	11963750	3835
ENSG00000198807	1.0636973194973414	0.10701086842425944	3.9072579564942864	0.10572485204658917	0.01131370823153185	3788	3277	0.25672227674190384	0.35701668302257117	7065	12413276	3836
ENSG00000139211	1.0428020598977412	0.11623214970747234	3.845813782161817	0.10406225993909142	0.012095380176138376	3971	3101	0.22080471050049066	0.3915603532875368	7072	12314071	3837
ENSG00000150773	1.688357761206521	0.1526044930661574	0.921521693085171	0.02493506846590883	0.003805203482809944	2236	4837	0.5613346418056919	0.05083415112855738	7073	10815532	3838
ENSG00000074211	1.0039099489537788	0.07209770938585786	8.059406367694526	0.21807609205621908	0.01572278670907287	4794	2279	0.0592737978410206	0.5528949950932287	7073	10925526	3839
ENSG00000108846	1.0224626320405437	0.11681900940855	4.220317261687989	0.1141957923049357	0.013340239335687107	4268	2807	0.16251226692836118	0.4492639842983317	7075	11980276	3840
ENSG00000115616	1.0046702312171378	0.08823697004291509	6.485894090123672	0.17549908419238894	0.015485507434442856	4749	2328	0.06810598626104025	0.5432777232580961	7077	11055672	3841
ENSG00000198788	1.0051111795534529	0.06562596055975771	8.663364270166108	0.23441833528463074	0.015383928425873236	4722	2355	0.07340529931305206	0.5379784102060844	7077	11120310	3842
ENSG00000120322	1.1499614856521758	0.08619976673931554	3.978504091575283	0.10765267129328361	0.009279635154345257	3330	3748	0.3466143277723258	0.26457311089303237	7078	12480840	3843
ENSG00000177932	1.1283162762703816	0.11970676118722465	2.9829165302057645	0.08071348560418262	0.009661949945808384	3419	3659	0.3291462217860648	0.2820412168792934	7078	12510121	3844
ENSG00000175315	1.0077087957653699	0.09578046636776903	5.774935784664936	0.1562615619983437	0.014966805283557415	4625	2454	0.0924435721295388	0.5185475956820412	7079	11349750	3845
ENSG00000107518	1.0077135545047597	0.08794569177741793	6.283727218059718	0.17002873570870172	0.014953294783941536	4624	2457	0.09263984298331696	0.5179587831207066	7081	11361168	3846
ENSG00000185950	1.0144865269549477	0.10089649362476635	5.108770386316362	0.13823607226534632	0.013947534984033255	4433	2649	0.13012757605495584	0.4802747791952895	7082	11743017	3847
ENSG00000159173	1.318768761683334	0.09850254505760346	2.5959357276762263	0.07024233459550577	0.006919048728445066	2816	4266	0.4474975466143277	0.1629048086359176	7082	12013056	3848
ENSG00000198915	1.0214376578101472	0.09768245554567372	5.069736800764788	0.13717987886751118	0.013400067419236565	4288	2795	0.1585868498527968	0.45161923454367026	7083	11984960	3849
ENSG00000258837	1.0228635769607588	0.12406118577976927	3.9582359989029334	0.10710424548600128	0.013287479697040819	4260	2823	0.1640824337585869	0.4461236506378803	7083	12025980	3850
ENSG00000147724	1.0065219680978046	0.12600739748656564	4.435056845641003	0.12000634051925135	0.015121686650717454	4676	2408	0.08243375858684987	0.527576054955839	7084	11259808	3851
ENSG00000278921	1.2699758917500181	0.14243176037138008	1.9391059439685812	0.052469453338238964	0.007473316604689361	2944	4142	0.42237487733071644	0.18724239450441604	7086	12194048	3852
ENSG00000178538	1.000943930138088	0.06257692527218882	9.980887801769759	0.27006865118332185	0.016900065803459558	4991	2098	0.02060843964671244	0.5884200196270855	7089	10471118	3853
ENSG00000182985	1.0163018299487525	0.09279735965970458	5.50297797189082	0.14890276976127953	0.01381778387986364	4405	2684	0.1356231599607458	0.473405299313052	7089	11823020	3854
ENSG00000074803	1.021879747657694	0.1161477107758661	4.2357632815658866	0.11461373966968164	0.013312123486094594	4276	2813	0.16094210009813548	0.4480863591756624	7089	12028388	3855
ENSG00000251664	1.2256297097071054	0.08171162975231458	3.5991578967230553	0.09738810192730989	0.00795774052696502	3055	4034	0.4005888125613346	0.20843964671246318	7089	12323870	3856
ENSG00000206077	1.174110783749781	0.10097122484451397	3.2320795668309645	0.08745548356694668	0.008830487295123871	3247	3844	0.36290480863591756	0.2457311089303238	7091	12481468	3857
ENSG00000100285	1.0192146616084454	0.14072118235240988	3.5567473273771197	0.09624053214327298	0.013543081473426482	4333	2761	0.14975466143277727	0.4582924435721295	7094	11963413	3858
ENSG00000184937	1.0032598697135084	0.0992435552755219	5.886462693589739	0.15927932178706974	0.015807446176022696	4828	2268	0.052600588812561355	0.555053974484789	7096	10949904	3859
ENSG00000172461	1.0124553021553737	0.10956687259652752	4.792347837963288	0.12967412742286932	0.014207988598407398	4492	2605	0.1185475956820412	0.48891069676153087	7097	11701660	3860
ENSG00000087494	1.0040921171987893	0.1018189594073212	5.631389935050317	0.1523774151410361	0.015514909846837685	4784	2320	0.061236506378802735	0.5448478900883219	7104	11098880	3861
ENSG00000184292	1.0182342828367723	0.10667912950736587	4.696691942341897	0.1270858147174985	0.013557404086797125	4352	2754	0.14602551521099116	0.45966633954857705	7106	11985408	3862
ENSG00000198963	1.0327163404320254	0.12684917050444613	3.63546711460672	0.09837057780461851	0.012478226196558938	4098	3008	0.19587831207065753	0.4098135426889107	7106	12326784	3863
ENSG00000166272	1.8934946265804118	0.17282151229702827	0.2975542842390178	0.00805139640824349	0.0013914545033755015	2035	5073	0.6007850834151128	0.004514229636898959	7108	10323555	3864
ENSG00000272449	1.3473450458873681	0.13057565662625098	1.8195906931138413	0.049235540360231866	0.006428963011885558	2739	4370	0.4626104023552502	0.14249263984298333	7109	11969430	3865
ENSG00000231789	1.2122350015248495	0.14224273977203786	2.1096946697493886	0.057085342024066614	0.008119975450327084	3103	4006	0.3911678115799804	0.21393523061825315	7109	12430618	3866
ENSG00000198865	1.186374430339774	0.146656671561884	2.141379521538719	0.057942689121403046	0.008497681927889956	3191	3918	0.3738959764474975	0.23120706575073602	7109	12502338	3867
ENSG00000178796	1.1026348711108118	0.13533137571080714	2.738198981969433	0.0740917762446849	0.010026942008050507	3524	3585	0.30853778213935235	0.2965652600588813	7109	12633540	3868
ENSG00000121895	1.0293620106267534	0.13096492059078446	3.5695323281619533	0.09658647610997356	0.012649440173886388	4152	2961	0.1852796859666339	0.41903827281648676	7113	12294072	3869
ENSG00000213401	1.293263329043508	0.060393134509499624	4.320165691616333	0.11689754903530782	0.0070598094027201725	2876	4240	0.43572129538763493	0.16800785083415115	7116	12194240	3870
ENSG00000167653	1.0176140883913054	0.10040377572140288	4.997465219919527	0.13522431251455558	0.013577031545792331	4370	2748	0.14249263984298333	0.46084396467124633	7118	12008760	3871
ENSG00000104324	1.0298293176662683	0.09729557906204345	4.791534649844908	0.12965212370710266	0.012614578452706245	4145	2973	0.18665358194308146	0.4166830225711482	7118	12323085	3872
ENSG00000132698	1.059255428571561	0.10668093462626756	3.882694246082271	0.10506019292299353	0.01120791957304093	3820	3300	0.250441609421001	0.3525024533856722	7120	12606000	3873
ENSG00000248771	1.0236814035357549	0.12406893893191234	3.8819890448051577	0.1050411111778116	0.013032339208060123	4247	2875	0.1666339548577036	0.4359175662414132	7122	12210125	3874
ENSG00000117245	1.4226200879624271	0.15464844784869905	1.3355534319016642	0.03613817939852836	0.005588713352060244	2584	4540	0.4930323846908734	0.10912659470068697	7124	11731360	3875
ENSG00000239467	1.3499360444500972	0.11416761308692266	2.050803213165015	0.05549182283400591	0.006335368958800847	2733	4391	0.4637880274779196	0.1383709519136408	7124	12000603	3876
ENSG00000184860	1.0041677157220044	0.10510517023650491	5.427432370413645	0.14685861305909162	0.015435599526272829	4779	2347	0.06221786064769386	0.5395485770363101	7126	11216313	3877
ENSG00000212978	1.1012936588431812	0.08833639117079614	4.170422661098876	0.11284571526268672	0.009968383245392974	3532	3594	0.30696761530912664	0.2947988223748773	7126	12694008	3878
ENSG00000112218	1.2426240832004782	0.1242324327546629	2.2465044703434662	0.06078722095998154	0.007551744340253743	3005	4122	0.4104023552502454	0.19116781157998042	7127	12386610	3879
ENSG00000286042	1.0262437918678595	0.11230030267315401	4.207345587302571	0.11384479721567742	0.012784805185084415	4201	2927	0.17566241413150152	0.425711481844946	7128	12296327	3880
ENSG00000242193	1.0389114740023055	0.11373906963123612	3.9048921228072184	0.10566083594647059	0.012017765177010234	4016	3116	0.21197252208047102	0.38861629048086355	7132	12513856	3881
ENSG00000155254	1.2003265268154646	0.1166707543302189	2.5803673849201347	0.06982107734737283	0.008146077762266548	3139	3997	0.3841020608439647	0.21570166830225712	7136	12546583	3882
ENSG00000155961	1.035744223357519	0.08737818522469758	5.1331770569011015	0.13889648211421043	0.012136522541234374	4048	3089	0.2056918547595682	0.39391560353287536	7137	12504272	3883
ENSG00000250120	1.0732610075965268	0.08676296862043206	4.519751435812713	0.1222980558640669	0.010610942383273885	3709	3430	0.27222767419038274	0.3269872423945044	7139	12721870	3884
ENSG00000009765	1.0191602316137744	0.09486215738937563	5.207580447002245	0.14090973219848843	0.01336700119350778	4337	2803	0.14896957801766442	0.45004906771344455	7140	12156611	3885
ENSG00000170837	1.0094535076392583	0.09133236560956166	5.805439593218089	0.15708695174277543	0.014347122909062735	4565	2577	0.10421982335623159	0.49440628066732095	7142	11764005	3886
ENSG00000150281	1.0130541278377314	0.09604978832482242	5.333423958979862	0.14431487893643102	0.013861413573966573	4471	2673	0.12266928361138374	0.4755642787046124	7144	11950983	3887
ENSG00000158373	1.3778158940601166	0.11295905827354186	1.9471722833615732	0.05268771702811493	0.005951554898078718	2681	4468	0.47399411187438667	0.12325809617271832	7149	11978708	3888
ENSG00000126217	1.060288835866274	0.10866411690786125	3.758688166474614	0.10170476449585168	0.011051658419263723	3812	3337	0.2520117762512267	0.34524043179587827	7149	12720644	3889
ENSG00000074966	1.6160692563822114	0.13032714067053858	1.0750146885892211	0.029088370966164987	0.0037910042147841945	2314	4838	0.5460255152109912	0.05063788027477922	7152	11195132	3890
ENSG00000176884	1.0684732910948722	0.103873842161514	3.8060562463662517	0.10298647747565395	0.010697601106076395	3742	3411	0.26575073601570165	0.3307163886162905	7153	12763962	3891
ENSG00000147381	1.040461491753552	0.10410773155767125	4.211317236181099	0.11395226439463994	0.011863311751985956	3998	3156	0.21550539744847885	0.380765456329735	7154	12617688	3892
ENSG00000198535	1.0126246009666329	0.09570983647470582	5.363484530581376	0.14512827531834216	0.013890203498574612	4488	2667	0.11933267909715406	0.47674190382728165	7155	11969496	3893
ENSG00000146966	1.0835209490486541	0.11571260464217985	3.274810986446442	0.08861173510367414	0.010253494670709015	3631	3525	0.28753680078508337	0.3083415112855741	7156	12799275	3894
ENSG00000196632	1.155506217943599	0.11960510570119699	2.7164670889229936	0.07350374207785743	0.008791422840655658	3307	3852	0.3511285574092248	0.2441609421000981	7159	12738564	3895
ENSG00000237330	1.084886990987	0.10792582787483115	3.4955939140961667	0.0945858076169523	0.010208251592269088	3623	3539	0.2891069676153091	0.3055937193326791	7162	12821797	3896
ENSG00000130475	1.1094700031322264	0.14010267263155274	2.524404166154213	0.06830679211461932	0.009569964134146038	3489	3676	0.31540726202158975	0.27870461236506383	7165	12825564	3897
ENSG00000255408	1.1484102299130325	0.10026030481877649	3.2723644690435396	0.0885455358167749	0.008877602411331743	3338	3830	0.3450441609421001	0.2484789008832189	7168	12784540	3898
ENSG00000112175	1.0098024890859079	0.12048083170581973	4.329618297189775	0.11715332311954656	0.01411472980654361	4557	2617	0.1057899901864573	0.4865554465161923	7174	11925669	3899
ENSG00000092096	1.0390151585482117	0.11759163814928493	3.7215593489889787	0.10070011141713466	0.011841491063356375	4015	3159	0.21216879293424928	0.38017664376840044	7174	12683385	3900
ENSG00000188338	1.0422226260666478	0.10365631199051378	4.1666323841843065	0.11274315575152302	0.011686539727374958	3977	3199	0.21962708537782138	0.3723258096172718	7176	12722423	3901
ENSG00000142765	1.3487436814931606	0.1403689716974103	1.606858434451202	0.0434793075178976	0.006103145686402768	2737	4441	0.4630029440628066	0.12855740922473013	7178	12155017	3902
ENSG00000213976	1.3149427631876751	0.1228340690859276	1.977104601398387	0.0534976430506837	0.006571333182421976	2824	4354	0.445927379784102	0.14563297350343474	7178	12295696	3903
ENSG00000076356	1.0372754549668517	0.10715899075175588	4.110337534220474	0.1112198970494661	0.011918211919334978	4034	3146	0.20843964671246318	0.38272816486751715	7180	12690964	3904
ENSG00000230061	1.185761491095233	0.05602025381059248	5.411316535888263	0.14642254146111294	0.008202627936243548	3197	3983	0.3727183513248282	0.2184494602551521	7180	12733651	3905
ENSG00000188385	1.0714857022697193	0.12192492746549355	3.19296637502385	0.0863971361368765	0.010533964556715038	3722	3459	0.2696761530912659	0.32129538763493626	7181	12874398	3906
ENSG00000250479	1.3091304664133863	0.13123885267519594	1.8648431063656645	0.050460006404980225	0.006622313346572643	2839	4345	0.4429833169774289	0.1473994111874387	7184	12335455	3907
ENSG00000164114	1.0199112311451453	0.11572430584849674	4.177026519934044	0.11302440630537157	0.013079670963627584	4318	2867	0.1526987242394504	0.4374877330716389	7185	12379706	3908
ENSG00000044459	1.0331435560597404	0.09852998040789689	4.541552991056952	0.1228879749910474	0.012108149768234022	4089	3097	0.1976447497546614	0.39234543670264965	7186	12663633	3909
ENSG00000150873	1.0546904506514851	0.10818818853769062	3.8028479719724	0.10289966612626479	0.011132528479333752	3867	3319	0.24121687929342495	0.3487733071638862	7186	12834573	3910
ENSG00000165272	1.0036787550734374	0.07393541714743865	7.614895853707499	0.20604826874695442	0.015234264702313621	4804	2384	0.05731108930323847	0.5322865554465162	7188	11452736	3911
ENSG00000117009	1.0391027004926556	0.1071493775466142	4.060887308605862	0.10988184416302034	0.011773771205741692	4013	3182	0.2125613346418057	0.3756624141315015	7195	12769366	3912
ENSG00000005471	1.230971169962011	0.14274825727767093	1.9135596637360541	0.05177820727053681	0.007391248852831159	3032	4172	0.40510304219823356	0.18135426889106965	7204	12649504	3913
ENSG00000237515	1.0083760971294862	0.08151757690961417	6.4258612663134125	0.17387468122592256	0.01417384269946879	4599	2609	0.09754661432777234	0.488125613346418	7208	11998791	3914
ENSG00000125266	1.0998424287877793	0.1306850121815969	2.7129938769146174	0.07340976189282723	0.009593555627212254	3540	3670	0.30539744847890093	0.2798822374877331	7210	12991800	3915
ENSG00000240086	1.1015166018786002	0.11093045342745823	3.1745024635959487	0.08589752891215471	0.009528651830523526	3529	3683	0.3075564278704612	0.2773307163886163	7212	12997307	3916
ENSG00000149328	1.0024246428795884	0.07723626018601751	7.407753817644155	0.20044329939011274	0.015481490824238551	4883	2330	0.041805691854759575	0.5428851815505398	7213	11377390	3917
ENSG00000279255	1.4131660870596499	0.16216968557283923	1.1943788513682265	0.032318195715385835	0.005241031637445601	2607	4609	0.48851815505397445	0.09558390578999021	7216	12015663	3918
ENSG00000228594	1.0587726900476708	0.10273504136690995	3.888154456982358	0.10520793847652049	0.01080854191151265	3823	3394	0.24985279685966633	0.33405299313052017	7217	12975262	3919
ENSG00000204334	1.3297518770140777	0.10559934845505017	2.13939614422423	0.0578890217476433	0.006113042979251362	2780	4438	0.4545632973503435	0.12914622178606472	7218	12337640	3920
ENSG00000163814	1.0143209252751983	0.10425132269939849	4.7651360267359895	0.1289378144514813	0.013441937702536544	4438	2785	0.12914622178606472	0.4535819430814524	7223	12359830	3921
ENSG00000197971	1.0296636616270551	0.10545528103067298	4.268832945943356	0.11550855782923702	0.012180987427329931	4147	3077	0.18626104023552503	0.3962708537782139	7224	12760319	3922
ENSG00000119698	1.0355660507057003	0.07356556786602834	5.924844816982372	0.16031788754395182	0.011793876436252888	4050	3174	0.20529931305201177	0.3772325809617272	7224	12854700	3923
ENSG00000066629	1.0545746761141281	0.09788800509653499	4.13692204782619	0.11193923623796868	0.010957508527364513	3868	3359	0.24102060843964668	0.3409224730127576	7227	12992612	3924
ENSG00000105717	1.2141319422008556	0.15800502692084525	1.7585661245240334	0.04758430218829578	0.00751855894827131	3096	4134	0.3925417075564279	0.18881256133464186	7230	12798864	3925
ENSG00000116396	1.2289939706945858	0.14672771472255478	1.8412636633547674	0.04982198015961177	0.0073102652917723	3046	4185	0.4023552502453386	0.17880274779195293	7231	12747510	3926
ENSG00000198682	1.019826845031739	0.10191749213244426	4.661076433600743	0.12612210962452813	0.01285404911538512	4320	2914	0.15230618253189399	0.42826300294406283	7234	12588480	3927
ENSG00000113749	1.0009833630287541	0.09456034033229657	6.240731453017968	0.16886533136010648	0.015967963203737702	4988	2247	0.021197252208047135	0.5591756624141315	7235	11208036	3928
ENSG00000241155	1.5127170379329322	0.14798040106890392	1.0398028887428548	0.02813558966262613	0.004163515842585522	2448	4788	0.5197252208047105	0.06045142296368988	7236	11721024	3929
ENSG00000142149	1.0259536110651128	0.09906254808746398	4.621025426934262	0.12503838625604852	0.012386621151268701	4205	3033	0.17487733071638867	0.4049067713444553	7238	12753765	3930
ENSG00000182389	1.0284217427376576	0.13157871229439685	3.414738200320316	0.09239796681625352	0.01215760549230305	4162	3082	0.18331697742885178	0.3952894995093229	7244	12827284	3931
ENSG00000140873	1.0021287719684928	0.11870811056702332	4.804698695892838	0.1300083241003832	0.015433042511941693	4897	2348	0.03905789990186459	0.5393523061825318	7245	11498156	3932
ENSG00000240024	1.3284959918361539	0.1616137920058997	1.3636421918712442	0.03689822135762658	0.005963261471879109	2783	4465	0.4539744847890088	0.12384690873405302	7248	12426095	3933
ENSG00000237529	1.5629779029579014	0.16624388645358903	0.7977931792135672	0.0215871505734448	0.003588731808788287	2384	4866	0.5322865554465162	0.045142296368989254	7250	11600544	3934
ENSG00000139178	1.0301793806504402	0.12100029071178581	3.6728097730550218	0.09938101711613387	0.01202513196228516	4137	3115	0.18822374877330716	0.3888125613346418	7252	12886755	3935
ENSG00000121236	1.0355526234350234	0.11645503043037532	3.696162694732462	0.10001291401587638	0.011647006945149394	4051	3205	0.2051030421982336	0.3711481844946025	7256	12983455	3936
ENSG00000065989	1.0658718486109133	0.11946988529302105	3.212082070827691	0.08691437972128575	0.010383650975616084	3765	3496	0.2612365063788028	0.3140333660451423	7261	13162440	3937
ENSG00000176402	1.1516424929646563	0.11756151230277755	2.6182356809911673	0.07084573966656062	0.008328732295409742	3323	3957	0.34798822374877336	0.22355250245338565	7280	13149111	3938
ENSG00000167549	1.0200908023095887	0.11688378601773623	3.995164489355167	0.10810347799965628	0.01263554379028488	4315	2966	0.1532875368007851	0.41805691854759564	7281	12798290	3939
ENSG00000160200	1.1175487427030235	0.12590040420375131	2.634091342551316	0.07127477135354233	0.008973522522940935	3466	3815	0.3199214916584887	0.25142296368989203	7281	13222790	3940
ENSG00000107105	1.027446113143213	0.0847576586988647	5.267191387926387	0.14252271961312477	0.012079892025803219	4181	3102	0.17958783120706578	0.39136408243375864	7283	12969462	3941
ENSG00000204967	1.0618393800554184	0.08161218501933164	4.721312862840507	0.12775202186479978	0.010426121645023741	3798	3485	0.2547595682041217	0.3161923454367026	7283	13236030	3942
ENSG00000147883	1.0652601666594688	0.11779457745049149	3.2409851614389367	0.08769645631120837	0.010330167015084277	3773	3510	0.259666339548577	0.31128557409224733	7283	13243230	3943
ENSG00000214796	1.0974674093818455	0.11413049855048805	3.03324162752734	0.08207521127671222	0.009367284781647804	3559	3725	0.30166830225711483	0.26908734052993133	7284	13257275	3944
ENSG00000272732	1.3946477948787859	0.14958802123011447	1.247098574083077	0.03374471655072012	0.005047805375793317	2644	4641	0.4812561334641806	0.08930323846908739	7285	12270804	3945
ENSG00000244306	1.3178281077243457	0.11513875191441593	1.9038560850452388	0.05151564221012054	0.005931446748142883	2818	4472	0.4471050049067713	0.12247301275760547	7290	12602096	3946
ENSG00000226891	1.3776062607689792	0.15037541695232046	1.287706957038304	0.034843521730106006	0.005239609108251929	2682	4610	0.4737978410206084	0.09538763493621194	7292	12364020	3947
ENSG00000104432	1.2223869220824979	0.15891458842323386	1.6511062482811854	0.044676590528809255	0.007099761996039071	3062	4231	0.39921491658488717	0.16977428851815501	7293	12955322	3948
ENSG00000177875	1.0539145245639017	0.13688547051585567	2.8799429861235923	0.07792716772242991	0.01066709701965282	3875	3419	0.23964671246319924	0.3291462217860648	7294	13248625	3949
ENSG00000167767	1.041945993690397	0.12693982387311198	3.245845208315707	0.0878279622784896	0.011148866062765793	3981	3314	0.21884200196270853	0.3497546614327772	7295	13193034	3950
ENSG00000237489	1.402097372645158	0.14423682455136155	1.2527443737524404	0.03389748387281004	0.004889265434095109	2628	4668	0.484396467124632	0.08400392541707558	7296	12267504	3951
ENSG00000282221	1.4128844874905186	0.11077206352611775	1.5961195622511497	0.04318872888522487	0.0047841046196864054	2610	4687	0.48792934249263986	0.08027477919528947	7297	12233070	3952
ENSG00000136449	1.1334569480555385	0.13440838635706087	2.354002165396179	0.06369595594276077	0.008561270655736917	3400	3898	0.3328753680078508	0.23513248282630028	7298	13253200	3953
ENSG00000176406	1.015734630674522	0.08235883349494526	5.818870044317373	0.1574503606784539	0.01296742803883586	4411	2889	0.13444553483807653	0.4331697742885181	7300	12743379	3954
ENSG00000179403	1.1488047065932214	0.11039250492488269	2.7702309588150986	0.07495851605313263	0.008274858352557342	3335	3967	0.3456329735034347	0.22158979391560352	7302	13229945	3955
ENSG00000100084	1.6832521032108174	0.16270874703378657	0.3545434664504533	0.009593442754977685	0.0015609370504027767	2241	5063	0.5603532875368008	0.0064769381746810906	7304	11346183	3956
ENSG00000286449	1.0081036556445007	0.10553816083169185	4.829170209694601	0.13067048851462343	0.01379072303281207	4612	2692	0.09499509322865551	0.47183513248282627	7304	12415504	3957
ENSG00000083454	1.2015691448210497	0.14666188486481907	1.8639700517843723	0.05043638278773676	0.007397094965412991	3134	4170	0.3850834151128557	0.18174681059862607	7304	13068780	3958
ENSG00000019186	1.0090256971848515	0.11814430967295074	4.26638649970536	0.11544236046795911	0.013638857984502968	4577	2730	0.10186457311089303	0.46437684003925417	7307	12495210	3959
ENSG00000230798	1.2356398977275542	0.06601307372273224	3.837500785835445	0.10383732206284789	0.006854620796505869	3023	4284	0.40686947988223754	0.15937193326790966	7307	12950532	3960
ENSG00000228221	1.0143220208726023	0.10844500479185405	4.449012520759999	0.12038396127109185	0.013055039256905928	4437	2872	0.129342492639843	0.4365063788027478	7309	12743064	3961
ENSG00000069011	1.0342650588278843	0.1039668662269447	4.083218646618962	0.11048609845944149	0.011486893418469795	4073	3238	0.2007850834151128	0.36467124631992154	7311	13188374	3962
ENSG00000152952	1.2152441982116045	0.14376827208252474	1.836459474382565	0.04969198562791065	0.007144130910074367	3089	4224	0.39391560353287536	0.17114818449460256	7313	13047936	3963
ENSG00000215030	1.1514147046178362	0.12450343253934634	2.4277739398213405	0.06569211540373286	0.008178893858535609	3326	3989	0.34739941118743867	0.21727183513248283	7315	13267414	3964
ENSG00000122679	1.0032431280593506	0.07156679230175379	7.658426971705621	0.2072261589863548	0.014830511479666663	4832	2484	0.0518155053974485	0.5126594700686948	7316	12002688	3965
ENSG00000135842	1.0212232417038378	0.105576697615834	4.3497891070383	0.11769911659175657	0.012426284042058673	4292	3024	0.15780176643768395	0.40667320902845927	7316	12979008	3966
ENSG00000279716	1.4812003857454552	0.12271904475074323	1.190700732767116	0.03221867104892099	0.00395384453426201	2497	4821	0.510107948969578	0.05397448478900879	7318	12038037	3967
ENSG00000132692	1.1347823759222089	0.08910382151251332	3.498360201574168	0.09466065942801431	0.008434626501930598	3390	3930	0.334838076545633	0.22885181550539746	7320	13322700	3968
ENSG00000204511	1.0632139028675311	0.12255379981558642	3.0850886665195176	0.08347811852971065	0.010230560627271955	3791	3531	0.25613346418056915	0.3071638861629048	7322	13386021	3969
ENSG00000283486	1.542406898650963	0.05687319095913934	2.0590236445555097	0.05571425603452563	0.0031686475225979577	2408	4915	0.527576054955839	0.03552502453385675	7323	11835320	3970
ENSG00000174950	1.1038550736123374	0.12579725586925986	2.6415981405168676	0.07147789464693341	0.008991723001896282	3518	3810	0.3097154072620216	0.25240431795878315	7328	13403580	3971
ENSG00000128849	1.038352739725654	0.1157319002990652	3.5680229024398336	0.09654563319329815	0.0111734095950369	4025	3307	0.21020608439646715	0.3511285574092248	7332	13310675	3972
ENSG00000274290	1.4082093241543254	0.0952539106864822	1.771582715101543	0.04793651264593164	0.004566140294196997	2612	4721	0.48753680078508344	0.07360157016683022	7333	12331252	3973
ENSG00000223652	1.3788914145280065	0.13451070898922785	1.3599526361591188	0.03679838721917822	0.0049497771545118025	2678	4659	0.47458292443572125	0.08577036310107944	7337	12476802	3974
ENSG00000226745	1.0092601773282481	0.08859507708298	5.628404891002525	0.15229664408782706	0.01349273292244021	4569	2771	0.10343473994111874	0.4563297350343474	7340	12660699	3975
ENSG00000144959	1.2144441922683613	0.1299370395083272	1.9942253761332807	0.053960906903729546	0.007011520492255071	3094	4248	0.39293424926398435	0.16643768400392545	7342	13143312	3976
ENSG00000002726	1.0032170288773625	0.13313157878900686	4.075016514831484	0.11026416042019418	0.014679641760584774	4835	2508	0.05122669283611381	0.5079489695780177	7343	12126180	3977
ENSG00000181007	1.019163129396386	0.09712906366233254	4.745700569768787	0.12841191858404824	0.012472529415152284	4336	3012	0.14916584887144257	0.40902845927379783	7348	13060032	3978
ENSG00000153714	1.0301336327315929	0.109889453667415	3.912358070549691	0.10586285389083193	0.011633211177736899	4139	3209	0.18783120706575074	0.37036310107948966	7348	13282051	3979
ENSG00000257335	1.0071538196185674	0.09503045608456276	5.345588756801351	0.14464404109162374	0.01374558919485124	4651	2699	0.08734052993130526	0.47046123650637883	7350	12553049	3980
ENSG00000276141	1.1739710494362636	0.13193138629110826	2.1353897423730896	0.05778061420259065	0.007623076532499483	3248	4104	0.3627085377821394	0.19470068694798826	7352	13329792	3981
ENSG00000170382	1.0073154053840765	0.08539516023904628	5.928897303484236	0.16042754207421345	0.013699735662183797	4640	2713	0.08949950932286554	0.46771344455348385	7353	12588320	3982
ENSG00000124151	1.3373312431747777	0.13094976134520211	1.501661093040593	0.04063281683820105	0.005320857667745738	2763	4591	0.4578999018645731	0.09911678115799805	7354	12684933	3983
ENSG00000130540	1.0208791873397796	0.09290121455727997	4.886993044023503	0.13223509230388097	0.012284800682124567	4300	3054	0.15623159960745825	0.4007850834151129	7354	13132200	3984
ENSG00000133424	1.0541746751275924	0.10614511358818632	3.630529401862938	0.09823697030926049	0.01042737437203574	3871	3483	0.2404317958783121	0.31658488714425903	7354	13482693	3985
ENSG00000054356	1.0553471313899265	0.10623981504189743	3.6050810168912353	0.09754837314830622	0.010363521120914047	3858	3502	0.2429833169774288	0.31285574092247304	7360	13510716	3986
ENSG00000279861	1.5150592880813376	0.13337123218934405	0.8701814095415242	0.0235458732957614	0.003140342134429869	2445	4918	0.5203140333660452	0.03493621197252206	7363	12024510	3987
ENSG00000158825	1.0595270484623545	0.10082483864074213	3.7216923976579426	0.10070371152518941	0.010153435465051066	3817	3550	0.2510304219823356	0.3034347399411187	7367	13550350	3988
ENSG00000109794	1.0181380077513926	0.11780369670634007	3.9113281573201957	0.10583498590130536	0.012467752580037154	4356	3013	0.1452404317958783	0.40883218842001967	7369	13124628	3989
ENSG00000164684	1.034050198559895	0.1026283959164862	4.047724117694346	0.10952566690851687	0.011240443506504461	4077	3292	0.19999999999999996	0.3540726202158979	7369	13421484	3990
ENSG00000128652	1.0181885034424731	0.12850974368070966	3.578254060055255	0.09682247379025896	0.012442631289318409	4354	3017	0.14563297350343474	0.4080471050049068	7371	13136018	3991
ENSG00000166342	1.092094887530459	0.09400750840555218	3.5790521112043883	0.09684406792113212	0.009104069529123694	3590	3785	0.29558390578999016	0.2573110893032384	7375	13588150	3992
ENSG00000237442	1.0048743128319526	0.10075350273576753	5.125445255004966	0.13868727053396043	0.013973228291159514	4735	2641	0.07085377821393524	0.4818449460255152	7376	12505135	3993
ENSG00000185697	1.2007978338101144	0.11721634611458234	2.2139034575101264	0.059905083845731136	0.007021855042084297	3136	4244	0.3846908734052993	0.1672227674190383	7380	13309184	3994
ENSG00000226278	1.0006544895427127	0.06427584129835995	8.839322326453313	0.2391795104295811	0.015373464254191184	5025	2358	0.013935230618253192	0.5373895976447498	7383	11848950	3995
ENSG00000240038	1.1235398144284283	0.11176491299629611	2.766770405541193	0.07486487839548198	0.008367266620349331	3439	3944	0.3252208047105005	0.22610402355250248	7383	13563416	3996
ENSG00000008441	1.0791768928536536	0.11439790016777578	3.032878785325521	0.08206539328196226	0.009388108667899176	3668	3716	0.28027477919528954	0.2708537782139352	7384	13630288	3997
ENSG00000166159	1.1040228537337988	0.08169584088209256	3.918664409045641	0.10603349445561262	0.008662495491217972	3517	3877	0.3099116781157998	0.23925417075564281	7394	13635409	3998
ENSG00000108797	1.1041661483531406	0.1287739111032593	2.480542749749505	0.06711996446935622	0.008643300337830801	3516	3879	0.31010794896957805	0.2388616290480864	7395	13638564	3999
ENSG00000122574	1.078064879589916	0.11749857733179772	2.947476602094945	0.07975453147374688	0.009371043983929343	3673	3723	0.2792934249263984	0.26947988223748776	7396	13674579	4000
ENSG00000122735	1.0873781319023665	0.12166134541619747	2.764846364892804	0.07481281658764959	0.009101827920428664	3612	3786	0.2912659470068695	0.25711481844946027	7398	13675032	4001
ENSG00000071909	1.004080278042163	0.10152807015763679	5.155019070124681	0.13948749597666207	0.014161896277631626	4787	2612	0.06064769381746815	0.48753680078508344	7399	12503644	4002
ENSG00000115828	1.0213829217670656	0.10807338247115347	4.115035692198403	0.11134702253302484	0.012033649353235738	4289	3111	0.15839057899901865	0.38959764474975467	7400	13343079	4003
ENSG00000167552	1.025278315154998	0.09769221357997135	4.45185383288116	0.12046084314246373	0.011768086416296994	4218	3184	0.17232580961727184	0.37526987242394505	7402	13430112	4004
ENSG00000212694	1.48679658322132	0.1281771597978562	0.9129099090051462	0.02470204581732622	0.0031662380740613886	2487	4916	0.5120706575073601	0.035328753680078484	7403	12226092	4005
ENSG00000224652	1.0408662848921255	0.11413282057650193	3.466571282456793	0.09380049641655526	0.010705715227497513	3995	3408	0.21609421000981355	0.3313052011776251	7403	13614960	4006
ENSG00000170356	1.406309330549018	0.09321127021511612	1.6504056757337182	0.04465763403047882	0.004162594792782727	2617	4789	0.4865554465161923	0.060255152109911725	7406	12532813	4007
ENSG00000176533	1.090260252307941	0.1351251972759709	2.4624769586936774	0.06663112981657694	0.009003544561185786	3598	3808	0.29401373895976446	0.2527968596663396	7406	13701184	4008
ENSG00000237423	1.0084244520464813	0.11344933304498148	4.338059644898686	0.1173817340019443	0.013316879434184005	4595	2812	0.0983316977428852	0.4482826300294406	7407	12921140	4009
ENSG00000196415	1.2062879126476511	0.12945746703736438	1.9590617452320847	0.053009428983447716	0.006862466405294191	3126	4283	0.3866535819430814	0.15956820412168793	7409	13388658	4010
ENSG00000219438	1.0005822617635682	0.07324994376950246	7.695120341230877	0.20821902946159448	0.015252032199802172	5032	2382	0.012561334641805644	0.5326790971540727	7414	11986224	4011
ENSG00000158089	1.0086964059309225	0.08777096723545463	5.584589906997886	0.15111107283737643	0.013263165022923766	4585	2829	0.10029440628066733	0.444946025515211	7414	12970965	4012
ENSG00000239911	1.0786903252566713	0.12063308937729908	2.8475208577150277	0.07704987096670034	0.009294763970835323	3669	3745	0.28007850834151127	0.26516192345436707	7414	13740405	4013
ENSG00000128394	1.0375370095019252	0.08562991012647089	4.687752373958242	0.1268439226911091	0.010861633700128695	4033	3382	0.20863591756624145	0.33640824337585873	7415	13639606	4014
ENSG00000213085	1.2567235329610151	0.13027954867524175	1.7313125821492663	0.046846860031314934	0.006103187781731931	2976	4440	0.4160942100098135	0.1287536800785083	7416	13213440	4015
ENSG00000242732	1.0639838859797892	0.12597647876856904	2.8607141259664592	0.0774068620713125	0.009751443916268253	3785	3631	0.2573110893032384	0.28753680078508337	7416	13743335	4016
ENSG00000166681	1.0985658495778996	0.07386519223624988	4.3597880143242005	0.11796967282459303	0.008713852561236067	3552	3869	0.30304219823356227	0.24082433758586852	7421	13742688	4017
ENSG00000134369	1.0649596213165877	0.11678655796592723	3.074210270307518	0.08318376457539695	0.00971474554340864	3776	3645	0.2590775269872424	0.2847890088321884	7421	13763520	4018
ENSG00000171487	1.0192503773906687	0.12049896752695274	3.7199666033208065	0.10065701398103231	0.01212906625906044	4330	3092	0.15034347399411185	0.3933267909715408	7422	13388360	4019
ENSG00000269985	1.0758881181983384	0.10649252642455467	3.233071819943585	0.08748233252718751	0.009316214608333194	3686	3737	0.2767419038272817	0.26673209028459277	7423	13774582	4020
ENSG00000111679	1.3080526118064455	0.13208052385123975	1.4965731363069401	0.04049514395382166	0.005348619826852129	2844	4585	0.44200196270853775	0.10029440628066733	7429	13039740	4021
ENSG00000285906	1.0621633482645771	0.12086841150626496	2.9786768555247782	0.08059876602759876	0.009741844819120975	3795	3635	0.2553483807654563	0.2867517173699705	7430	13794825	4022
ENSG00000197774	1.418500928144616	0.12703923067465636	1.0941316830001275	0.02960564968903743	0.0037610789601186943	2590	4844	0.4918547595682041	0.049460255152109944	7434	12545960	4023
ENSG00000152315	1.0837262754638428	0.11059664547140453	3.0099877037959124	0.081445993120813	0.009007653626249008	3630	3805	0.28773307163886164	0.25338567222767416	7435	13812150	4024
ENSG00000134184	1.0003517880646773	0.04493078885641545	12.532658626294781	0.33911594621315166	0.015236746977146656	5054	2383	0.008243375858684954	0.5324828263002944	7437	12043682	4025
ENSG00000145808	1.0046490766384264	0.09766991965160647	5.222431598703957	0.14131158327509197	0.01380189098431953	4752	2688	0.06751717369970556	0.4726202158979391	7440	12773376	4026
ENSG00000104723	1.0048031242140703	0.08524006034139184	5.954005612842181	0.16110693727196243	0.013732765054478907	4740	2701	0.06987242394504412	0.4700686947988224	7441	12802740	4027
ENSG00000179542	1.0029131818568133	0.08139210676635567	6.493865073935156	0.17571476769563302	0.014301795132708345	4854	2589	0.04749754661432781	0.4920510304219823	7443	12567006	4028
ENSG00000249267	1.0629545742185107	0.1283154306704044	2.792195391708851	0.07555284241802479	0.00969459551324205	3792	3653	0.255937193326791	0.2832188420019627	7445	13852176	4029
ENSG00000175556	1.0775876390325871	0.1525104279919701	2.221486840372238	0.06011027941767355	0.009167444440706303	3676	3769	0.27870461236506383	0.26045142296368984	7445	13854844	4030
ENSG00000269981	1.450364442992268	0.061240890079585955	1.9698494191419258	0.053301328121089536	0.003264220776559588	2543	4903	0.5010794896957802	0.03788027477919531	7446	12468329	4031
ENSG00000168398	1.0216841598184196	0.09800942972164575	4.4569278327743405	0.12059813837455846	0.011819754767582596	4280	3166	0.16015701668302262	0.3788027477919529	7446	13550480	4032
ENSG00000104549	1.1836497241519186	0.13180502102843442	1.9771871085453179	0.053499875576920555	0.007051552225434639	3205	4241	0.3711481844946025	0.16781157998037288	7446	13592405	4033
ENSG00000265778	1.2953439478065356	0.1243348048999043	1.5901263595939532	0.04302656133159198	0.005349699108677255	2868	4584	0.43729146221786064	0.10049067713444548	7452	13146912	4034
ENSG00000142621	1.2482624999668286	0.13012312310636617	1.6928458793266041	0.04580600567515796	0.005960420515479487	2989	4466	0.4135426889106968	0.12365063788027475	7455	13348874	4035
ENSG00000198734	1.0955673115238156	0.14175086451618849	2.2469369193734146	0.06079892241665987	0.008618299814214208	3571	3884	0.29931305201177627	0.23788027477919527	7455	13869764	4036
ENSG00000085741	1.0193049503804281	0.13445071641477613	3.290435992300001	0.08903452557476368	0.011970755749176684	4328	3129	0.15073601570166828	0.38606476938174683	7457	13542312	4037
ENSG00000161249	1.0128060130902086	0.09739355671615402	4.781333779060098	0.12937610262877128	0.012600398789090198	4484	2975	0.12011776251226691	0.41629048086359177	7459	13339900	4038
ENSG00000253549	1.237217110242816	0.07966991063055157	2.8320148795549502	0.0766303012159786	0.006105129249469261	3020	4439	0.4074582924435721	0.12894995093228656	7459	13405780	4039
ENSG00000134070	1.0277722345372176	0.1211150893088996	3.438217374745262	0.09303327993606623	0.011267734008156519	4173	3286	0.1811579980372915	0.3552502453385672	7459	13712478	4040
ENSG00000223749	1.0596946987019324	0.12902359055742244	2.783176513462453	0.07530880437936861	0.009716612341612677	3815	3644	0.25142296368989203	0.28498527968596665	7459	13901860	4041
ENSG00000095627	1.0011724823953885	0.08428038016948554	6.484906878312649	0.17547237164261076	0.014788878191280488	4969	2492	0.02492639842983313	0.5110893032384691	7461	12382748	4042
ENSG00000255026	1.1100691377509428	0.07213440908474816	4.223684208596142	0.11428689710724892	0.008244017788960814	3487	3974	0.3157998037291462	0.22021589793915608	7461	13857338	4043
ENSG00000162894	1.1013939443331902	0.10884360219732458	2.863019321521522	0.07746923738968439	0.008432030856972913	3530	3931	0.30736015701668307	0.2286555446516192	7461	13876430	4044
ENSG00000171208	1.1111062653230401	0.12782257890412713	2.373536052617891	0.06422451519311118	0.008209343160850764	3483	3980	0.31658488714425903	0.2190382728164868	7463	13862340	4045
ENSG00000141756	1.0123921017548176	0.08779621252301009	5.314888784284058	0.14381334342887273	0.012626266863325946	4494	2970	0.11815505397448478	0.4172718351324828	7464	13347180	4046
ENSG00000050030	1.0043657424194552	0.0804843577097192	6.318171061891258	0.1709607372129671	0.013759665128165748	4771	2695	0.06378802747791956	0.4712463199214917	7466	12857845	4047
ENSG00000141579	1.0279939887275504	0.10426582334185783	3.973074559727999	0.10750575587136164	0.011209176149916287	4168	3298	0.1821393523061825	0.35289499509322864	7466	13746064	4048
ENSG00000158055	1.0488066380917516	0.11588493185875921	3.242993884995828	0.08775080951829618	0.010168996581578712	3919	3549	0.23101079489695775	0.30363101079489696	7468	13908531	4049
ENSG00000056998	1.0202564428692256	0.08702531298260668	5.0263665668814	0.13600634192380215	0.011835994473538303	4311	3163	0.15407262021589796	0.3793915603532876	7474	13635693	4050
ENSG00000225756	1.092663217344784	0.11439400703216702	2.7758854447200303	0.07511151841242268	0.008592307565467423	3585	3890	0.2965652600588813	0.236702649656526	7475	13945650	4051
ENSG00000273796	1.312412028758401	0.15550302900675156	1.1943521278924354	0.032317472616077925	0.005025464881642865	2831	4645	0.4445534838076546	0.08851815505397453	7476	13149995	4052
ENSG00000102575	1.0680059122301988	0.11296641169338169	3.06415116653814	0.08291157951119581	0.009366223625210295	3749	3727	0.2643768400392542	0.2686947988223749	7476	13972523	4053
ENSG00000204832	1.0033415779917012	0.07302080981210009	7.043755203595914	0.19059401376732718	0.013917329230628784	4824	2660	0.05338567222767421	0.4781157998037291	7484	12831840	4054
ENSG00000198353	1.1202719285259026	0.09670303699767697	3.044321835438122	0.08237502596902496	0.007965915183967222	3454	4030	0.32227674190382727	0.20922473012757603	7484	13919620	4055
ENSG00000287401	1.3742001907841266	0.15649150325934413	0.9668682126346507	0.026162080893442043	0.00409414336740731	2688	4798	0.4726202158979391	0.05848871442590775	7486	12897024	4056
ENSG00000136866	1.068174676390083	0.12631958248310288	2.7210595041560874	0.07362800631289426	0.009300659016508067	3745	3744	0.26516192345436707	0.2653581943081452	7489	14021280	4057
ENSG00000124920	1.099046506241837	0.12998835427693953	2.380838330998739	0.06442210447695534	0.008374123340016483	3547	3943	0.3040235525024534	0.22630029440628063	7490	13985821	4058
ENSG00000134668	1.044801568186065	0.09286247223162256	4.053704369975388	0.10968748404336036	0.010185850941133093	3952	3544	0.22453385672227677	0.3046123650637881	7496	14005888	4059
ENSG00000177398	1.0536127419062953	0.10675698665370294	3.389762357664389	0.09172215597936012	0.009791980981737407	3878	3623	0.23905789990186455	0.2891069676153091	7501	14049994	4060
ENSG00000126016	1.0084668602032592	0.09013872106184602	5.261978836044797	0.1423816753609657	0.012834102119680401	4592	2917	0.09892051030421978	0.42767419038272814	7509	13394864	4061
ENSG00000172183	1.2094828399548339	0.1276233560499482	1.8295782458309002	0.04950578935455882	0.0063180949813305964	3114	4395	0.38900883218842	0.13758586849852794	7509	13686030	4062
ENSG00000196890	1.3045189918703686	0.054668578962969096	3.331975008609659	0.09015851237123305	0.00492883775275058	2847	4663	0.44141315014720317	0.08498527968596659	7510	13275561	4063
ENSG00000248712	1.2112342038592343	0.13229626331541178	1.7462090502127532	0.04724993730431944	0.006250990147248943	3108	4404	0.39018645731108925	0.13581943081452408	7512	13687632	4064
ENSG00000197261	1.0031438704206113	0.0870819221812483	5.879894816080105	0.1591016043479608	0.01385487352874088	4840	2674	0.0502453385672228	0.4753680078508341	7514	12942160	4065
ENSG00000171759	1.0241589781304734	0.08838176088602787	4.730022686070186	0.12798769731355772	0.011311778060320169	4239	3279	0.1682041216879293	0.35662414131501474	7518	13899681	4066
ENSG00000243896	1.405870074267332	0.08555032003682014	1.4177012161795233	0.038360981792287974	0.0032817942692568666	2620	4900	0.48596663395485773	0.038469087340529895	7520	12838000	4067
ENSG00000130054	1.014013570093574	0.09373689713524642	4.809205714815729	0.13013027763252763	0.012198008448621301	4450	3072	0.12679097154072616	0.39725220804710504	7522	13670400	4068
ENSG00000099365	1.1584720175186118	0.15077730682768736	1.751662262091197	0.04739749347425926	0.007146466416431699	3302	4221	0.3521099116781158	0.17173699705593715	7523	13937742	4069
ENSG00000248334	1.1536752078282362	0.13101149857961752	2.0286996646729936	0.05489373219856695	0.007191710117962459	3315	4211	0.34955839057899907	0.17369970559371928	7526	13959465	4070
ENSG00000163884	1.1118824189901608	0.12248114482946029	2.3826684332621593	0.06447162444548178	0.007896558371097626	3481	4049	0.31697742885181546	0.20549558390579004	7530	14094569	4071
ENSG00000215808	1.0040052991380815	0.08414158757357366	5.9638890611895246	0.16137436934987176	0.013578295630782456	4791	2747	0.0598626104023553	0.4610402355250245	7538	13160877	4072
ENSG00000225210	1.3289803000698381	0.11982804018490709	1.3350292990391548	0.036123997107530795	0.0043286677770406675	2781	4758	0.45436702649656524	0.06633954857703628	7539	13231998	4073
ENSG00000143590	1.0926182071849064	0.11904925873914242	2.586525001171893	0.06998769369940937	0.008331983055776834	3587	3956	0.29617271835132486	0.22374877330716392	7543	14190172	4074
ENSG00000183850	1.2187722668202225	0.072220873197719	3.0363116106882186	0.08215828066170891	0.005933542769811888	3075	4471	0.39666339548577034	0.12266928361138374	7546	13748325	4075
ENSG00000247287	1.136653393950183	0.1436979747221865	1.9035239613106176	0.05150665541347313	0.007401402067629632	3378	4168	0.3371933267909716	0.1821393523061825	7546	14079504	4076
ENSG00000052344	1.0334270490436066	0.09211536591683682	4.216832273501301	0.1141014934732424	0.010510500822945293	4086	3463	0.1982335623159961	0.3205103042198234	7549	14149818	4077
ENSG00000204241	1.0830174211853467	0.1340845593084847	2.3423055916140205	0.0633794632652002	0.008498207401122665	3635	3917	0.2867517173699705	0.23140333660451418	7552	14238295	4078
ENSG00000108799	1.488562258987153	0.15639474405374101	0.3323866174134314	0.008993909882477108	0.0014066002341124194	2485	5070	0.5124631992149166	0.005103042198233543	7555	12598950	4079
ENSG00000129682	1.001669689966744	0.06618446395080577	7.850458222880133	0.21242225196122524	0.014059052877276691	4936	2626	0.03140333660451422	0.48478900883218845	7562	12961936	4080
ENSG00000269397	1.3043960592577268	0.0868626972667897	1.9776096581053517	0.05351130916800012	0.004648136648609583	2848	4714	0.4412168792934249	0.07497546614327777	7562	13425472	4081
ENSG00000196748	1.0724711562399485	0.10194906862588768	3.1878279772091327	0.08625809838846918	0.008793932792144616	3712	3850	0.27163886162904805	0.24455348380765451	7562	14291200	4082
ENSG00000175591	1.03916263660971	0.0990821269961392	3.7721047146194207	0.102067797237324	0.010113094448084722	4011	3560	0.21295387634936214	0.30147203140333656	7571	14279160	4083
ENSG00000198417	1.0552198530690164	0.11452640369543185	3.035668760954944	0.08214088606076488	0.009407300276895628	3860	3711	0.24259077526987238	0.2718351324828263	7571	14324460	4084
ENSG00000029559	1.0057720984653091	0.08754589612905717	5.492831620931331	0.1486282239120039	0.013011791052446544	4694	2881	0.07890088321884203	0.4347399411187438	7575	13523414	4085
ENSG00000174428	1.4502983900209434	0.1484956117557124	0.5001047704776187	0.01353212494676943	0.0020094611723252636	2544	5032	0.500883218842002	0.012561334641805644	7576	12801408	4086
ENSG00000164398	1.041580575253235	0.10021421068489264	3.6826191587143566	0.09964644516287374	0.00998598984955283	3985	3591	0.21805691854759568	0.295387634936212	7576	14310135	4087
ENSG00000186281	1.0017089688464191	0.12724542187864954	4.052320861218386	0.10965004826096059	0.013952466649980212	4931	2647	0.03238469087340534	0.4806673209028459	7578	13052357	4088
ENSG00000080493	1.0020170376229622	0.10783074576234748	4.754689346703288	0.12865514212394796	0.013872979921386116	4908	2670	0.03689892051030419	0.47615309126594696	7578	13104360	4089
ENSG00000182782	1.0982485439222425	0.10412161241004442	2.851680191256734	0.07716241662613867	0.008034275236569178	3555	4024	0.3024533856722277	0.2104023552502453	7579	14305320	4090
ENSG00000143179	1.3675081013603292	0.14676079943784492	0.8802146876007513	0.02381735955291802	0.0034954547284848413	2702	4880	0.46987242394504414	0.04239450441609416	7582	13185760	4091
ENSG00000116014	1.0294039477701333	0.10744197792211539	3.64431929912027	0.0986101053475668	0.010594864761650745	4150	3435	0.18567222767419034	0.3260058881256134	7585	14255250	4092
ENSG00000118432	1.0078784021765557	0.11721905492061363	3.9690765752802775	0.1073975760892929	0.012589042369951606	4616	2977	0.09421000981354266	0.41589793915603535	7593	13741832	4093
ENSG00000005001	1.0390632205614467	0.09123582207288748	4.067004333549783	0.11004736217190594	0.01004026155470662	4014	3580	0.21236506378802744	0.2975466143277723	7594	14370120	4094
ENSG00000269896	1.2971504225657018	0.1429379369520402	1.1636610215429912	0.03148701485923904	0.004500688944757863	2863	4732	0.43827281648675176	0.07144259077526982	7595	13547716	4095
ENSG00000279662	1.1151311330136129	0.12178228517958634	2.293110021866412	0.06204830100490751	0.00755638388788846	3474	4121	0.318351324828263	0.19136408243375858	7595	14316354	4096
ENSG00000168772	1.0078399264549152	0.09503578011598444	4.889719068221086	0.1323088546477482	0.012574075217701144	4618	2981	0.09381746810598623	0.4151128557409225	7599	13766258	4097
ENSG00000185760	1.0050427270281246	0.08363925589960827	5.762659637339774	0.15592938688369648	0.013041817891834511	4726	2874	0.07262021589793921	0.43611383709519136	7600	13582524	4098
ENSG00000140057	1.0846311766594185	0.11860057091210649	2.5639785206010193	0.06937761795087453	0.008228225097495727	3626	3976	0.2885181550539745	0.21982335623159965	7602	14416976	4099
ENSG00000139289	1.0223338461686808	0.11021466147869532	3.7084545414031176	0.10034551393251981	0.011059546848978375	4269	3334	0.1623159960745829	0.34582924435721296	7603	14232846	4100
ENSG00000170190	1.0335592297105958	0.11813941103762766	3.214592885188562	0.08698231879256675	0.010276039912841008	4085	3519	0.19842983316977425	0.30951913640824336	7604	14375115	4101
ENSG00000105519	1.0184316798302095	0.09920484524796892	4.240011457663373	0.11472868928252408	0.011381641865775113	4348	3257	0.14681059862610402	0.36094210009813543	7605	14161436	4102
ENSG00000141576	1.0587169108772039	0.12168589763355014	2.770052022801194	0.07495367429868321	0.009120805137968023	3826	3779	0.24926398429833174	0.2584887144259077	7605	14458454	4103
ENSG00000133104	1.0329974505409576	0.10420601617444145	3.6597785455456173	0.09902841060390519	0.010319356157119772	4093	3513	0.19685966633954854	0.31069676153091264	7606	14378709	4104
ENSG00000151623	1.072009136176591	0.12348920232656094	2.566521941397292	0.0694464393059968	0.008575885394317473	3716	3894	0.2708537782139352	0.23591756624141313	7610	14470104	4105
ENSG00000188095	1.1652405563297732	0.0820421878313499	2.99768877018659	0.08111320144167261	0.006654704508279825	3276	4335	0.3572129538763493	0.14936211972522084	7611	14201460	4106
ENSG00000255571	1.005539470229818	0.0820164287798676	5.786641276362297	0.15657829598202636	0.012841992660882894	4698	2916	0.07811579980372918	0.4278704612365064	7614	13699368	4107
ENSG00000162981	1.035114422213697	0.11121296424814768	3.3707711298710694	0.0912082803225726	0.010143543218649298	4061	3553	0.20314033366045148	0.3028459273797841	7614	14428733	4108
ENSG00000267886	1.2203785880100257	0.07782832491785653	2.629546891921066	0.07115180497254933	0.005537625795895529	3069	4547	0.3978410206084396	0.10775269872423943	7616	13954743	4109
ENSG00000267221	1.1908536483363803	0.13954380587256252	1.6090329291111005	0.043538146255639947	0.006075478629148256	3170	4446	0.37801766437684003	0.127576054955839	7616	14093820	4110
ENSG00000198429	1.0122859935978894	0.10158600713086388	4.369970235916647	0.11824518928226065	0.01201205664161808	4497	3120	0.1175662414131502	0.3878312070657507	7617	14030640	4111
ENSG00000079385	1.013267169789932	0.07886701967575903	5.5475227372253	0.15010808785823557	0.011838577518606029	4462	3161	0.1244357212953876	0.379784102060844	7623	14104382	4112
ENSG00000173156	1.0978306430061286	0.10948204856752593	2.637428121609453	0.07136505985667209	0.007813192949252569	3558	4065	0.301864573110893	0.2023552502453385	7623	14463270	4113
ENSG00000197935	1.0628427445482758	0.11963007341971903	2.735008827530696	0.07400545519555103	0.008853278038503496	3793	3837	0.2557409224730127	0.24710500490677134	7630	14553741	4114
ENSG00000269834	1.1919985770084565	0.07080708308256504	3.105355120411292	0.08402649999391767	0.00594967136620648	3167	4470	0.37860647693817473	0.1228655544651619	7637	14156490	4115
ENSG00000113407	1.4052942810296136	0.1511517218510653	0.530481307909758	0.014354070915389866	0.002169642534433475	2623	5015	0.48537782139352303	0.015897939156035323	7638	13154345	4116
ENSG00000170271	1.0494112419339123	0.13615902386744214	2.5425158336145492	0.06879686811776069	0.009367314408051447	3915	3724	0.2317958783120706	0.2692836113837095	7639	14579460	4117
ENSG00000144837	1.02349683244369	0.10962953450544201	3.6479546830402434	0.09870847367424276	0.01082136402064991	4248	3392	0.16643768400392545	0.3344455348380766	7640	14409216	4118
ENSG00000138650	1.0009157807510696	0.09018805087614945	5.71517688789904	0.15464457110872495	0.013947092446873997	4994	2650	0.020019627085377856	0.48007850834151133	7644	13234100	4119
ENSG00000129675	1.031021705202561	0.1070612943263604	3.544453395504918	0.09590787580403666	0.010268021319671987	4122	3522	0.19116781157998042	0.30893032384690877	7644	14517684	4120
ENSG00000237361	1.0015528297680492	0.06832550496494101	7.428198640099165	0.20099650725435986	0.013733187854343567	4945	2700	0.029636898920510357	0.47026496565260056	7645	13351500	4121
ENSG00000129521	1.0209213889901383	0.09358587491623119	4.3483161168745985	0.11765925956955393	0.011011244748812652	4298	3347	0.15662414131501468	0.34327772325809613	7645	14385406	4122
ENSG00000284707	1.2177790483521311	0.13436663044831054	1.495072871817577	0.04045454892709581	0.00543574142564018	3078	4570	0.39607458292443576	0.10323846908734058	7648	14066460	4123
ENSG00000116661	1.0183497988004235	0.09305953925777599	4.440169658517098	0.12014468597554982	0.011180609121154848	4349	3306	0.14661432777232586	0.35132482826300293	7655	14377794	4124
ENSG00000175567	1.0191721197968029	0.09299565144933056	4.42054605051964	0.11961369900841008	0.01112355386155124	4334	3321	0.149558390578999	0.3483807654563298	7655	14393214	4125
ENSG00000160229	1.1824406866775257	0.09400474754947885	2.3881281907633793	0.06461935773067923	0.006074526410281966	3211	4447	0.36997055937193324	0.12737978410206086	7658	14279317	4126
ENSG00000198829	1.0452725219620111	0.10795082792207229	3.2281392940761524	0.08734886538133821	0.009429382335969098	3950	3708	0.2249263984298332	0.2724239450441609	7658	14646600	4127
ENSG00000187068	1.020736919618936	0.0992000068152289	4.083938937399645	0.1105055885051631	0.01096215513283306	4301	3358	0.1560353287536801	0.34111874386653585	7659	14442758	4128
ENSG00000141837	1.0890842373396215	0.1376024100274047	2.1035643071929084	0.0569194631183244	0.007832255302547414	3602	4061	0.2932286555446516	0.20314033366045148	7663	14627722	4129
ENSG00000006747	1.002716694638156	0.08618235475303503	5.737492559681391	0.15524840149918784	0.01337967281284462	4864	2800	0.04553483807654568	0.45063788027477925	7664	13619200	4130
ENSG00000172927	1.0046596042033493	0.1038524638965753	4.55501584234865	0.12325226062992471	0.012800050947240547	4750	2924	0.06790971540726198	0.4263002944062807	7674	13889000	4131
ENSG00000138798	1.0132702668704803	0.08728817648731399	4.92143741893928	0.13316710817853164	0.011623914040992904	4461	3213	0.12463199214916587	0.3695780176643768	7674	14333193	4132
ENSG00000109265	1.0424233101217195	0.09784026035672481	3.569690560944377	0.09659075766437743	0.009450464877936	3974	3703	0.22021589793915608	0.273405299313052	7677	14715722	4133
ENSG00000120436	1.4057520912633725	0.10316099615775805	0.5665375662270979	0.015329702066033079	0.001581427335933614	2621	5060	0.48577036310107946	0.007065750736015675	7681	13262260	4134
ENSG00000147234	1.0233768028376902	0.09437877148270317	4.151707811254648	0.11233931800074848	0.010602446822115363	4249	3433	0.16624141315014718	0.3263984298331698	7682	14586817	4135
ENSG00000081138	1.0125904493489901	0.09706995060501201	4.459119519572895	0.12065744230716023	0.01171221196488313	4489	3194	0.1191364082433759	0.3733071638861629	7683	14337866	4136
ENSG00000177990	1.0292155214676735	0.0974055158828974	3.8812940673576684	0.1050223060749416	0.010229751902441237	4153	3532	0.18508341511285575	0.30696761530912664	7685	14668396	4137
ENSG00000276547	1.0152814744808243	0.09799511250305754	4.27396868619513	0.11564752366776478	0.011332892092522619	4415	3271	0.13366045142296368	0.35819430814524045	7686	14441465	4138
ENSG00000253958	1.0648254533238424	0.11725964467519125	2.6901616710037763	0.0727919548223192	0.008535558757677725	3781	3908	0.2580961727183513	0.23316977428851815	7689	14776148	4139
ENSG00000273802	1.1767724044933434	0.04935492511420258	4.511201782466563	0.12206671438491809	0.006024593547404387	3235	4455	0.3652600588812561	0.12580961727183515	7690	14411925	4140
ENSG00000178162	1.1257695789084858	0.0821453969683777	3.1143424907428807	0.08426968547313995	0.006922366765591413	3429	4263	0.32718351324828265	0.1634936211972522	7692	14617827	4141
ENSG00000188549	1.0589666963889088	0.12026003227746448	2.676058751095735	0.07241034983557286	0.008708071008448488	3822	3871	0.2500490677134446	0.2404317958783121	7693	14794962	4142
ENSG00000167733	1.2378044849130663	0.1318967918922594	1.3591217373934938	0.03677590427844599	0.004850623793263842	3018	4676	0.40785083415112855	0.08243375858684987	7694	14112168	4143
ENSG00000104490	1.024742611357842	0.10204126149033552	3.808850231737742	0.10306207875238312	0.010516584527709478	4234	3462	0.16918547595682043	0.32070657507360156	7696	14658108	4144
ENSG00000134042	1.0740149111929935	0.09199839371795168	3.2766001348795037	0.08866014691970497	0.008156591103410459	3704	3994	0.27320902845927375	0.2162904808635917	7698	14793776	4145
ENSG00000134259	1.1273050979008579	0.12548975131198997	2.0238535163414895	0.05476260230618488	0.006872145344600548	3422	4280	0.3285574092247301	0.16015701668302262	7702	14646160	4146
ENSG00000092850	1.07435172126071	0.11306875008080798	2.66054744244399	0.07199063584931582	0.008139891213004746	3701	4001	0.27379784102060845	0.21491658488714427	7702	14807701	4147
ENSG00000184194	1.0184423499050752	0.09933463950402466	4.084873176580901	0.11053086769080024	0.010979543896132688	4347	3356	0.14700686947988229	0.34151128557409227	7703	14588532	4148
ENSG00000131398	1.0019139819492533	0.0864728408562467	5.741393384439646	0.15535395227802515	0.013433897591726612	4914	2790	0.03572129538763491	0.4526005888125614	7704	13710060	4149
ENSG00000198976	1.3622849789608196	0.10240311663982463	0.8444488150783175	0.02284958582954087	0.0023398688028741575	2711	4994	0.4681059862610403	0.020019627085377856	7705	13538734	4150
ENSG00000137878	1.2069636801137857	0.08742869388403904	2.2641857373534355	0.06126565093809911	0.005356375841473456	3123	4582	0.3872423945044161	0.10088321884200191	7705	14309586	4151
ENSG00000177202	1.278622350847054	0.11586018087991735	1.3289106403737048	0.035958434892460485	0.0041661507707992035	2919	4787	0.4272816486751717	0.06064769381746815	7706	13973253	4152
ENSG00000187140	1.238419854005398	0.0828637574318866	2.126831557920363	0.057549041883811936	0.004768729847097675	3014	4692	0.4086359175662414	0.07929342492639846	7706	14141688	4153
ENSG00000155761	1.0232310642414395	0.10826648804126339	3.603594667094029	0.09750815463339146	0.010556865457541737	4252	3454	0.1656526005888126	0.32227674190382727	7706	14686408	4154
ENSG00000163898	1.0209459554277072	0.08495482355560294	4.652869736876452	0.1259000480645728	0.010695816368967713	4297	3412	0.15682041216879294	0.3305201177625122	7709	14661364	4155
ENSG00000183145	1.0050518743770833	0.09742609660155692	4.764442149165625	0.12891903910972446	0.01256007875808391	4725	2986	0.07281648675171737	0.41413150147203137	7711	14108850	4156
ENSG00000282988	1.3404078392755008	0.05958397644160948	1.7652621576954342	0.04776548733763272	0.002846057672247504	2757	4955	0.45907752698724236	0.027674190382728114	7712	13660935	4157
ENSG00000178826	1.025404187523391	0.09173922489004314	4.179798430610966	0.11309941027221151	0.010375652233893667	4214	3499	0.1731108930323847	0.3134445534838076	7713	14744786	4158
ENSG00000214870	1.024819877855452	0.11787769021286486	3.269007454280314	0.0884546997641999	0.010426835696676325	4230	3484	0.16997055937193328	0.3163886162904809	7714	14737320	4159
ENSG00000163083	1.0127586017235695	0.0976585808868555	4.366942870513407	0.118163273073269	0.011539657561281435	4485	3231	0.11992149165848875	0.366045142296369	7716	14491035	4160
ENSG00000116035	1.042306080217894	0.112503892381589	3.0577862667510636	0.08273935436103352	0.009308499418755872	3975	3741	0.2200196270853778	0.2659470068694799	7716	14870475	4161
ENSG00000154874	1.1269641285782896	0.08403431955383939	3.001672706461592	0.08122100110013578	0.00682535156093155	3423	4295	0.32836113837095193	0.15721295387634937	7718	14701785	4162
ENSG00000170775	1.0395831992008147	0.10987345155582355	3.16720542548255	0.08570008142250661	0.009416163744505913	4009	3710	0.21334641805691856	0.27203140333660447	7719	14873390	4163
ENSG00000243742	1.098101870556985	0.08301811593326641	3.303013127138983	0.0893748449841365	0.007419731242410759	3556	4165	0.3022571148184494	0.1827281648675172	7721	14810740	4164
ENSG00000108947	1.0553925822074162	0.12146838242690043	2.657281960316208	0.07190227653988075	0.008733853224110986	3857	3864	0.24317958783120708	0.24180569185475953	7721	14903448	4165
ENSG00000244242	1.0476707414664184	0.12665113845480389	2.649651496587534	0.07169580702654339	0.00908035558234765	3930	3792	0.22885181550539746	0.255937193326791	7722	14902560	4166
ENSG00000156218	1.018140012777876	0.08970273116948872	4.495234926490115	0.12163467393492594	0.010910962456873079	4355	3368	0.14543670264965658	0.3391560353287537	7723	14667640	4167
ENSG00000112294	1.024964769062812	0.11114624015161605	3.450332424720868	0.09336109598519068	0.01037673479518808	4225	3498	0.1709519136408243	0.3136408243375859	7723	14779050	4168
ENSG00000116141	1.0422254572671272	0.12286635899553039	2.7916767531390456	0.07553880879478597	0.009281178399474902	3976	3747	0.21982335623159965	0.26476938174681064	7723	14898072	4169
ENSG00000069812	1.0121736662925576	0.09971508701471417	4.287035289819227	0.11600108740742342	0.01156705852463269	4500	3224	0.1169774288518155	0.3674190382728165	7724	14508000	4170
ENSG00000246898	1.045940778021505	0.14592661062503803	2.308216171519141	0.06245705196397174	0.009114145902734272	3944	3781	0.22610402355250248	0.2580961727183513	7725	14912264	4171
ENSG00000171714	1.0046869392071787	0.06312410438931329	7.362324395924082	0.19921404374756332	0.012575208093338413	4747	2980	0.06849852796859668	0.41530912659470065	7727	14146060	4172
ENSG00000133135	1.011602675110811	0.08408434167380278	5.117415004144324	0.13846998334852462	0.011643157391443126	4519	3208	0.1132482826300294	0.37055937193326793	7727	14496952	4173
ENSG00000177675	1.0192230403009965	0.11294826605163863	3.5319547596522503	0.09556968046576594	0.010794429695717422	4332	3398	0.14995093228655543	0.3332679097154072	7730	14720136	4174
ENSG00000087258	1.029854389495646	0.09164077944613469	4.042167368620839	0.10937530916910011	0.010023238584418297	4144	3586	0.18684985279685962	0.296368989205103	7730	14860384	4175
ENSG00000087237	1.080017519877978	0.12114172474102926	2.3754182376265143	0.06427544444676597	0.007786438198777441	3661	4071	0.281648675171737	0.20117762512266923	7732	14903931	4176
ENSG00000185274	1.0025690678964176	0.0924750393585412	5.238131825237685	0.14173640911097452	0.013107080011075667	4872	2861	0.043964671246319975	0.4386653581943082	7733	13938792	4177
ENSG00000286383	1.1617771753591442	0.13836418332776484	1.6240391122779378	0.04394419226354708	0.006080302274543974	3289	4444	0.3546614327772326	0.12796859666339544	7733	14616316	4178
ENSG00000171368	1.1687357286354747	0.10528811278362915	2.0740057564926184	0.056119650709137145	0.0059087321132415055	3259	4475	0.360549558390579	0.12188420019627089	7734	14584025	4179
ENSG00000228623	1.1845260099064712	0.12372487423823177	1.6755293532027693	0.045337445067491815	0.005609369689258166	3201	4537	0.37193326790971537	0.10971540726202156	7738	14522937	4180
ENSG00000067248	1.3907350598223256	0.1548611735048158	0.2405659854739829	0.006509373966314413	0.0010080492912051472	2651	5088	0.47988223748773307	0.0015701668302257055	7739	13488288	4181
ENSG00000225511	1.1924753193405957	0.15294268654019375	1.304378033854114	0.035294617396026726	0.005398053604956585	3165	4576	0.37899901864573116	0.1020608439646713	7741	14483040	4182
ENSG00000176771	1.0231107835330537	0.0981824294548821	3.9208709395160617	0.10609320003689725	0.01041648812826536	4255	3488	0.1650637880274779	0.315603532875368	7743	14841440	4183
ENSG00000261211	1.212874630555959	0.1046645713942895	1.7749507874348238	0.048027647900650734	0.005026793182597457	3100	4644	0.39175662414131507	0.08871442590775269	7744	14396400	4184
ENSG00000227388	1.1735019322468805	0.13099093726764446	1.6437310418206863	0.04447702791468666	0.005826087573423992	3251	4493	0.3621197252208047	0.11835132482826305	7744	14606743	4185
ENSG00000145794	1.0212806584233909	0.10272914704723823	3.794307205050357	0.1026685651011337	0.010547054121403316	4291	3456	0.15799803729146222	0.32188420019627084	7747	14829696	4186
ENSG00000231439	1.0603140916512703	0.1455671708009066	2.1340533774406105	0.05774445406513881	0.008405696807705166	3810	3939	0.25240431795878315	0.22708537782139349	7749	15007590	4187
ENSG00000185290	1.0021531883959827	0.08094276573106311	5.999651539082573	0.16234205121939807	0.013140414620151987	4896	2856	0.03925417075564275	0.4396467124631992	7752	13982976	4188
ENSG00000177181	1.010808516058003	0.08745976293256809	4.90239226236428	0.13265177328549002	0.011601692644133726	4535	3218	0.11010794896957798	0.3685966633954858	7753	14593630	4189
ENSG00000253123	1.00180865269209	0.10363777400189098	4.720045685596836	0.12771773384796145	0.01323638163656869	4920	2836	0.03454367026496563	0.44357212953876346	7756	13953120	4190
ENSG00000159167	1.0032390955942048	0.08292792252493665	5.706039196458319	0.15439731815374358	0.012803848837911642	4833	2923	0.051619234543670234	0.42649656526005886	7756	14126859	4191
ENSG00000070081	1.2375840286220212	0.1548774650000152	1.0631113836047874	0.028766284435826503	0.004455249210890202	3019	4737	0.4076545632973504	0.07046123650637881	7756	14301003	4192
ENSG00000149212	1.0167911723065624	0.10817506865077395	3.7342366414348374	0.10104314094912703	0.010930348708861644	4393	3364	0.13797841020608437	0.33994111874386657	7757	14778052	4193
ENSG00000115526	1.0107193087031827	0.09104191480509856	4.704268981787201	0.12729083864558963	0.011588801687441318	4538	3220	0.1095191364082434	0.3682041216879294	7758	14612360	4194
ENSG00000256870	1.0001784149674187	0.0625635692949575	8.144276765683326	0.22037256451092022	0.01378729421048645	5068	2693	0.005495583905789969	0.4716388616290481	7761	13648124	4195
ENSG00000252010	1.0712102310655902	0.07232614204442014	4.055900722404741	0.10974691422130639	0.007937570906906999	3724	4037	0.2692836113837095	0.2078508341511286	7761	15033788	4196
ENSG00000231205	1.0017002579452299	0.07455235113776484	6.573276149349272	0.1778635186336312	0.013260143495772854	4932	2831	0.03218842001962707	0.4445534838076546	7763	13962492	4197
ENSG00000167207	1.027099344277951	0.09058157780784826	4.099438074461989	0.11092497314549443	0.010047759085812083	4190	3575	0.1778213935230618	0.2985279685966634	7765	14979250	4198
ENSG00000134343	1.020355443076117	0.08518606012296502	4.572855513922718	0.12373497681061434	0.010540495173902676	4310	3457	0.15426889106967612	0.3216879293424927	7767	14899670	4199
ENSG00000162782	1.1029806321799862	0.05902507585221064	4.3900780197449025	0.11878927735985832	0.007011546106594925	3521	4247	0.30912659470068693	0.1666339548577036	7768	14953687	4200
ENSG00000109814	1.2051013795563237	0.1434711034884844	1.3035405931748565	0.035271957440401035	0.005060506656173194	3129	4640	0.38606476938174683	0.08949950932286554	7769	14518560	4201
ENSG00000165511	1.1470793553219516	0.1387126086293049	1.6415079984785073	0.04441687551854031	0.006161180670339836	3344	4425	0.34386653581943083	0.13169774288518155	7769	14797200	4202
ENSG00000153790	1.0458654485658838	0.1295259275296121	2.545952156441255	0.06888985013391703	0.008923021735971575	3946	3823	0.22571148184494605	0.24985279685966633	7769	15085558	4203
ENSG00000234290	1.2690363434532188	0.13687084229211946	1.0609978235241746	0.028709094501273305	0.003929437945833333	2946	4824	0.42198233562316	0.05338567222767421	7770	14211504	4204
ENSG00000113211	1.0252941708911225	0.11479865541230774	3.2647704387216763	0.08834005213969087	0.010141319204689673	4217	3554	0.17252208047105	0.30264965652600584	7771	14987218	4205
ENSG00000286472	1.2219944904373248	0.14094803232370678	1.2270517629553135	0.033202278307817336	0.004679795796150947	3063	4709	0.3990186457311089	0.07595682041216878	7772	14423667	4206
ENSG00000111674	1.019415432562658	0.1235944806323042	3.160977578402582	0.0855315647239856	0.01057122931972931	4325	3447	0.15132482826300298	0.3236506378802748	7772	14908275	4207
ENSG00000197134	1.056360908224019	0.06339121245912435	4.917951369855737	0.1330727806404759	0.008435644910106857	3851	3929	0.24435721295387636	0.22904808635917562	7780	15130579	4208
ENSG00000271133	1.1207515468088776	0.11427222454915255	2.1576727588258144	0.058383560986204036	0.00667161939099465	3451	4331	0.32286555446516196	0.1501472031403337	7782	14946281	4209
ENSG00000197415	1.0678776803140524	0.1282901032266808	2.2939657504492152	0.06207145580523456	0.007963153472683896	3751	4031	0.2639842983316978	0.20902845927379787	7782	15120281	4210
ENSG00000279368	1.2245485131438156	0.10807783022259006	1.5470349395654994	0.04186056869488536	0.004524199436426888	3058	4726	0.4	0.07262021589793921	7784	14452108	4211
ENSG00000163947	1.2162327511133058	0.1448992444089277	1.1973115376494687	0.032397550041779376	0.004694380521754256	3084	4703	0.3948969578017665	0.07713444553483806	7787	14504052	4212
ENSG00000279908	1.1766950830607636	0.13666651979583216	1.4914446207149112	0.04035637360432767	0.005515365132083847	3236	4553	0.36506378802747796	0.10657507360157015	7789	14733508	4213
ENSG00000272419	1.0609700282502843	0.12384375712561192	2.4435798474970545	0.06611980082125167	0.008188524554100927	3803	3987	0.2537782139352306	0.21766437684003925	7790	15162561	4214
ENSG00000263155	1.2206016127419188	0.08684071017263512	1.9403828219890504	0.05250400384432246	0.004559484980747727	3068	4723	0.3980372914622179	0.0732090284592738	7791	14490164	4215
ENSG00000177283	1.0113447332932695	0.11495880003039949	3.647586070116754	0.09869849953195876	0.011346261070994925	4523	3269	0.11246319921491654	0.3585868498527969	7792	14785687	4216
ENSG00000105357	1.0017217226828066	0.07100241674088217	6.816371275510033	0.18444132755558248	0.013095780003343022	4929	2864	0.03277723258096177	0.4380765456329735	7793	14116656	4217
ENSG00000204789	1.0222008761784422	0.09755559000029271	3.8807481232609486	0.10500753360291798	0.010244071895108226	4272	3527	0.16172718351324833	0.30794896957801765	7799	15067344	4218
ENSG00000133519	1.0318773099138323	0.10731693889363576	3.274974684382878	0.08861616453738513	0.009510015514646933	4110	3689	0.19352306182531898	0.276153091265947	7799	15161790	4219
ENSG00000147570	1.0587257972605437	0.11579139896142615	2.6297875434496563	0.0711583166611909	0.008239521033939453	3824	3975	0.24965652600588817	0.2200196270853778	7799	15200400	4220
ENSG00000280334	1.2736328454601094	0.07993057161865706	1.6757867827145463	0.0453444107445339	0.00362440467052177	2937	4863	0.4237487733071639	0.04573110893032384	7800	14282631	4221
ENSG00000137648	1.0020175153597337	0.06984204250705284	6.8526073108089784	0.18542182321606696	0.012950238858791785	4907	2894	0.03709519136408246	0.4321884200196271	7801	14200858	4222
ENSG00000146858	1.120427429936288	0.11329223754568309	2.15373257644456	0.058276945245975695	0.006602325524243845	3453	4350	0.32247301275760554	0.1464180569185476	7803	15020550	4223
ENSG00000204128	1.005252872206044	0.07713430284954653	5.818992844352967	0.1574536834730426	0.012145080105786306	4717	3087	0.07438665358194307	0.3943081452404318	7804	14561379	4224
ENSG00000225684	1.1445171728629413	0.1176706868608976	1.9003340582565948	0.051420341166452666	0.006050666863678174	3353	4452	0.34210009813542686	0.12639842983316973	7805	14927556	4225
ENSG00000251364	1.0396900394700266	0.11977323778491454	2.7896025983309505	0.07548268511095212	0.009040805592437896	4006	3799	0.21393523061825315	0.25456329735034344	7805	15218794	4226
ENSG00000240771	1.1377130025598428	0.13258207962811108	1.7090055556147628	0.046243263568982625	0.006131028052766583	3374	4433	0.33797841020608443	0.13012757605495584	7807	14956942	4227
ENSG00000015520	1.0244776101997062	0.11064713369573626	3.361454091169672	0.09095617448538815	0.010064039998737458	4238	3569	0.16840039254170758	0.2997055937193327	7807	15125422	4228
ENSG00000267530	1.0711221407213443	0.1254916019826245	2.2762712555201774	0.061592667898410475	0.0077293625649553	3726	4081	0.26889106967615306	0.1992149165848871	7807	15205806	4229
ENSG00000150625	1.003519453418659	0.1156374180079795	4.006888193289141	0.10842070478060051	0.012537490359434042	4813	2995	0.0555446516192345	0.4123650637880275	7808	14414935	4230
ENSG00000102383	1.0034380038967459	0.09240927351265232	5.015203662006057	0.135704289569057	0.01254033481162716	4817	2994	0.054759568204121645	0.41256133464180567	7811	14422098	4231
ENSG00000114656	1.1514647796318653	0.1263684287260857	1.7123948594015648	0.04633497331668561	0.005855277773094668	3325	4486	0.3475956820412168	0.11972522080471049	7811	14915950	4232
ENSG00000276085	1.0652712561215572	0.07816103401663074	3.7472916464985047	0.10139639084821025	0.007925246754250548	3772	4041	0.25986261040235525	0.20706575073601574	7813	15242652	4233
ENSG00000241935	1.0924137117843296	0.1373391142147359	1.9166201220045986	0.051861018925472166	0.007122546401498002	3588	4228	0.2959764474975466	0.1703631010794897	7816	15170064	4234
ENSG00000228340	1.0047151645110017	0.11949721495430003	3.7693366293503527	0.10199289678058857	0.012187867110401727	4745	3073	0.0688910696761531	0.39705593719332677	7818	14581385	4235
ENSG00000091622	1.1661137566433	0.13402424629714482	1.5265888031930561	0.04130732527789825	0.005536183136921311	3271	4548	0.35819430814524045	0.10755642787046127	7819	14876508	4236
ENSG00000258376	1.0276164863401067	0.1319519636734963	2.7205938749534324	0.0736154070478579	0.00971369751658859	4179	3647	0.1799803729146222	0.28439646712463196	7826	15240813	4237
ENSG00000267013	1.0322390828484003	0.08410126033059973	4.118607644953008	0.11144367450243738	0.009372553481528104	4105	3722	0.19450441609421	0.2696761530912659	7827	15278810	4238
ENSG00000176788	1.001099854487366	0.07239156317693571	6.712590774550381	0.18163317456659359	0.013148709431664952	4976	2853	0.023552502453385693	0.4402355250245339	7829	14196528	4239
ENSG00000255085	1.0164371383179076	0.10103726242125549	3.884021654965918	0.10509611072248144	0.010618623318520681	4402	3427	0.1362119725220805	0.3275760549558391	7829	15085654	4240
ENSG00000198431	1.1892675548504952	0.14081132731863436	1.3116923653151462	0.03549253281910547	0.004997750656158433	3178	4653	0.37644749754661433	0.08694798822374872	7831	14787234	4241
ENSG00000110492	1.0126919079798509	0.09468224924011738	4.300706626847016	0.11637101437427229	0.01101826938731013	4486	3345	0.11972522080471049	0.34367026496565256	7831	15005670	4242
ENSG00000231920	1.2160445352243177	0.12131519810134771	1.3418457338718734	0.036308440154854196	0.004404765610137065	3085	4747	0.3947006869479882	0.06849852796859668	7832	14644495	4243
ENSG00000166510	1.0076366251033542	0.10974497152273242	3.9237148471140038	0.10617015213818529	0.011651640322969312	4629	3203	0.09165848871442595	0.37154072620215894	7832	14826687	4244
ENSG00000128710	1.0358572794386076	0.10472632711554815	3.208485207052194	0.0868170536950212	0.009092031164472898	4046	3788	0.20608439646712462	0.25672227674190384	7834	15326248	4245
ENSG00000205978	1.003021021077034	0.07638323852453169	6.075401031151974	0.1643917249114896	0.012556772335373508	4848	2987	0.04867517173699709	0.4139352306182532	7835	14480976	4246
ENSG00000168913	1.0404678162710799	0.10460531672714388	3.1252775997936975	0.08456557399634057	0.008846008652099927	3997	3840	0.21570166830225712	0.24651619234543676	7837	15348480	4247
ENSG00000177191	1.1452369372030289	0.12541758111826032	1.7228655921962719	0.046618296477804216	0.00584675398010012	3350	4488	0.34268891069676155	0.11933267909715406	7838	15034800	4248
ENSG00000261437	1.0607222754381849	0.12468880130808867	2.359666193795062	0.06384921650838693	0.007961282270891393	3807	4032	0.25299313052011774	0.2088321884200196	7839	15349824	4249
ENSG00000163864	1.0169111494656402	0.109169892373947	3.575785946492304	0.0967556901419351	0.01056280827936202	4389	3451	0.13876349362119722	0.32286555446516196	7840	15146439	4250
ENSG00000169169	1.0310130566436504	0.12871889210837617	2.6920523584334606	0.07284311413941458	0.009376284949749436	4123	3719	0.19097154072620215	0.2702649656526006	7842	15333437	4251
ENSG00000174885	1.1294311730454571	0.10778256941805787	2.1058312719932366	0.05698080396676036	0.006141537459044096	3413	4430	0.33032384690873406	0.13071638861629054	7843	15119590	4252
ENSG00000145861	1.0569854483153598	0.14355889871009322	2.091506738644175	0.05659320243498825	0.008124457816044279	3843	4004	0.24592737978410206	0.21432777232580957	7847	15387372	4253
ENSG00000280649	1.1185313458046948	0.13134321421348302	1.783588835121221	0.0482613812051278	0.006338804929863664	3461	4389	0.32090284592737983	0.13876349362119722	7850	15190329	4254
ENSG00000106078	1.0022873172575006	0.07403484337954823	6.308156387546423	0.17068975434590486	0.012636989229492628	4887	2965	0.04102060843964672	0.4182531894013739	7852	14489955	4255
ENSG00000177025	1.0889166052099095	0.11923897777357433	2.16637846838253	0.05861912512481293	0.006989684557863941	3604	4252	0.2928361138370952	0.1656526005888126	7856	15324208	4256
ENSG00000205763	1.085448121631571	0.12236060211484645	2.1377575290514343	0.057844683147879966	0.007077910259117104	3621	4236	0.2894995093228655	0.168792934249264	7857	15338556	4257
ENSG00000230795	1.0213812526792416	0.11528805193923182	3.2242751417473667	0.08724430690636797	0.010058226186023632	4290	3572	0.15819430814524038	0.299116781157998	7862	15323880	4258
ENSG00000225285	1.0922101929140682	0.10754054215569478	2.365425568491607	0.06400505700943729	0.006883138531501038	3589	4276	0.29578017664376843	0.16094210009813548	7865	15346564	4259
ENSG00000232022	1.0986629568233568	0.12945474387220957	1.9136402705526137	0.05178038837653227	0.006703216914887522	3551	4320	0.30323846908734053	0.15230618253189399	7871	15340320	4260
ENSG00000273291	1.2286886230973655	0.09847638927791649	1.472381637607623	0.039840556350635783	0.003923354136233978	3047	4827	0.4021589793915603	0.05279685966633951	7874	14707869	4261
ENSG00000164308	1.0021912558422088	0.08379671511030164	5.544751651301114	0.15003310620803353	0.012572281458028214	4894	2982	0.039646712463199174	0.4149165848871442	7876	14593908	4262
ENSG00000255836	1.0174108120664156	0.10803882851444384	3.547306108602622	0.09598506616964454	0.01037011410384977	4376	3500	0.14131501472031405	0.31324828263002946	7876	15316000	4263
ENSG00000079689	1.0139186958968656	0.08666352844977852	4.535165395657851	0.12271513572985118	0.010634926656542391	4453	3424	0.12620215897939158	0.32816486751717366	7877	15247072	4264
ENSG00000165309	1.0397097047785417	0.09369236273048175	3.426733963829502	0.09272255514298187	0.008687395269753354	4005	3873	0.21413150147203142	0.24003925417075567	7878	15511365	4265
ENSG00000143643	1.3108159370606896	0.13937707756451476	0.49756199405602053	0.013463321027510864	0.0018764783391273443	2835	5044	0.44376840039254173	0.010206084396467086	7879	14299740	4266
ENSG00000237945	1.0006326768892264	0.08641495997194426	5.621550760853597	0.15211118105877391	0.013144681622479113	5028	2855	0.013346418056918496	0.43984298331697746	7883	14354940	4267
ENSG00000102038	1.003160799463409	0.07697074211224868	5.917162514807427	0.1601100153558683	0.012323786701544714	4838	3046	0.05063788027477922	0.4023552502453386	7884	14736548	4268
ENSG00000224848	1.180572647933552	0.08426848378989531	2.1608982174703795	0.05847083731701609	0.004927248806630576	3221	4664	0.3680078508341511	0.08478900883218843	7885	15022744	4269
ENSG00000079841	1.0070129863559747	0.08516357138636933	5.012527278170298	0.13563187042289207	0.011550894479026763	4657	3228	0.08616290480863587	0.36663395485770367	7885	15032796	4270
ENSG00000277147	1.0478477080490969	0.0733129742259897	4.1726242488852385	0.11290528710195928	0.008277422403283908	3928	3965	0.2292443572129539	0.22198233562315994	7893	15574520	4271
ENSG00000101298	1.0076671218263735	0.0916103720489336	4.579418027835571	0.1239125491184106	0.011351674726269355	4628	3266	0.0918547595682041	0.35917566241413146	7894	15115048	4272
ENSG00000204389	1.0195741871057438	0.09869419644586983	3.766640255045406	0.10191993672071362	0.01005890625646473	4323	3571	0.1517173699705594	0.29931305201177627	7894	15437433	4273
ENSG00000204179	1.0021110294274311	0.08129826350910663	5.686667317546798	0.15387314261821722	0.012509619295550169	4898	2999	0.03886162904808632	0.41157998037291466	7897	14689102	4274
ENSG00000196345	1.037760675112444	0.11870587341976173	2.7177730940970135	0.07353908072335583	0.008729520807752316	4032	3865	0.2088321884200196	0.24160942100098137	7897	15583680	4275
ENSG00000078814	1.1828149221790674	0.10385163380977303	1.700363234549896	0.046009414632952314	0.004778152880263376	3209	4690	0.37036310107948966	0.07968596663395489	7899	15050210	4276
ENSG00000272143	1.0129056780422248	0.11078337952189031	3.554256049962312	0.09617312171401024	0.010654383442648147	4479	3422	0.12109911678115803	0.3285574092247301	7901	15327138	4277
ENSG00000260400	1.1808625608462853	0.119973286888461	1.481209823803013	0.04007943453317195	0.004808461497575529	3218	4685	0.3685966633954858	0.0806673209028459	7903	15076330	4278
ENSG00000077522	1.000530366273097	0.10348482527962191	4.67118993141742	0.12639576651441028	0.013080043813827633	5038	2866	0.011383709519136365	0.43768400392541706	7904	14438908	4279
ENSG00000256967	1.271800779281548	0.0954957966652094	1.0579074129883719	0.028625472380517776	0.002733612289895493	2940	4965	0.4231599607458293	0.025711481844945983	7905	14597100	4280
ENSG00000131196	1.0130859188290946	0.10814211795439438	3.618382963032863	0.0979083049223059	0.010588011459622817	4469	3439	0.12306182531894017	0.3252208047105005	7908	15368891	4281
ENSG00000258484	1.0002870253886844	0.07983950721982681	6.090568485744571	0.16480213469517443	0.01315772122283825	5059	2852	0.007262021589793943	0.44043179587831205	7911	14428268	4282
ENSG00000280254	1.2295723562818996	0.13320625350674037	0.9803323434608847	0.02652640115470698	0.0035334825168353884	3041	4876	0.4033366045142296	0.04317958783120701	7917	14827916	4283
ENSG00000197360	1.065248413314385	0.07195274772952688	3.8363882664243207	0.10380721886734615	0.00746921463166594	3774	4145	0.25947006869479883	0.18665358194308146	7919	15643230	4284
ENSG00000223658	1.149697116573445	0.12133397559343657	1.6256750434503446	0.04398845823807114	0.005337294518251027	3333	4587	0.3460255152109911	0.0999018645731109	7920	15288471	4285
ENSG00000115290	1.0035828011636432	0.10507749643792375	4.230640131987612	0.11447511451690018	0.012028758437880491	4810	3113	0.05613346418056919	0.38920510304219824	7923	14973530	4286
ENSG00000224557	1.0414452685448896	0.09708460643249112	3.2047234726373035	0.08671526650336885	0.008418717520168144	3987	3936	0.21766437684003925	0.22767419038272818	7923	15692832	4287
ENSG00000166415	1.0007745766514515	0.07295238327430985	6.488984354278698	0.1755827023522885	0.012809176598343217	5005	2922	0.017860647693817455	0.4266928361138371	7927	14624610	4288
ENSG00000187984	1.174687872429782	0.13422111917619317	1.3268669604459	0.03590313581561336	0.00481895907110649	3245	4682	0.363297350343474	0.08125613346418059	7927	15193090	4289
ENSG00000170745	1.0247533284633519	0.09866981199329179	3.5458016826099965	0.0959443585385497	0.009466811818815679	4231	3696	0.16977428851815501	0.27477919528949946	7927	15637776	4290
ENSG00000196074	1.0036131066037561	0.07940077580472664	5.583984418165835	0.1510946891693675	0.011997035540021806	4807	3125	0.05672227674190378	0.3868498527968597	7932	15021875	4291
ENSG00000109113	1.0047225996291227	0.07217451121065266	6.0127827929092525	0.16269736430173612	0.011742602743739294	4743	3189	0.06928361138370953	0.37428851815505393	7932	15125427	4292
ENSG00000182541	1.2303405943370604	0.15124701099865984	0.8102435114267811	0.021924038883822432	0.0033159453501965374	3037	4897	0.40412168792934244	0.03905789990186459	7934	14872189	4293
ENSG00000156096	1.004312305671056	0.09937307545234382	4.4019679239629355	0.11911100128448691	0.01183642651784754	4774	3162	0.06319921491658487	0.37958783120706574	7936	15095388	4294
ENSG00000151689	1.07167945656622	0.1335528986108128	1.9847467608677258	0.05370442903415565	0.00717238216575018	3721	4215	0.2698724239450442	0.17291462217860643	7936	15684015	4295
ENSG00000237476	1.1155255131910329	0.11862232076275639	1.8604402313847237	0.050340870860021925	0.005971550930634017	3473	4464	0.31854759568204116	0.12404317958783118	7937	15503472	4296
ENSG00000126545	1.023905951816403	0.08686996997570182	4.029331212584252	0.1090279810139269	0.009471257437191218	4242	3695	0.16761530912659472	0.2749754661432777	7937	15674190	4297
ENSG00000236120	1.1543815059422442	0.09492559449825153	1.998552906118001	0.054078003720079044	0.005133386652407161	3311	4628	0.3503434739941119	0.0918547595682041	7939	15323308	4298
ENSG00000221869	1.0828736841608868	0.11752963056422193	2.1196308580845606	0.05735420117115647	0.0067408180749520845	3636	4309	0.28655544651619236	0.15446516192345439	7945	15667524	4299
ENSG00000077044	1.2440974502697462	0.14054003767661935	0.756010147719793	0.02045656107259168	0.0028749658638760997	3000	4948	0.4113837095191364	0.029048086359175662	7948	14844000	4300
ENSG00000163449	1.122812599301852	0.12076024775214042	1.7627226338808204	0.0476967714293005	0.005759873934779541	3441	4507	0.3248282630029441	0.11560353287536795	7948	15508587	4301
ENSG00000272108	1.187828886022894	0.08896646875369167	1.7786177758718626	0.0481268714006805	0.0042816778006815786	3185	4764	0.3750736015701668	0.065161923454367	7949	15173340	4302
ENSG00000064195	1.0271561134166298	0.08263349908900064	4.114357591543717	0.11132867409220325	0.009199477889177726	4188	3761	0.17821393523061824	0.26202158979391565	7949	15751068	4303
ENSG00000245848	1.0520427429381838	0.09274697183850697	3.1162040711687715	0.08432005719604425	0.007820429970182813	3890	4063	0.236702649656526	0.20274779195289494	7953	15805070	4304
ENSG00000285873	1.2525259528910004	0.08464197644562547	1.1645732094781331	0.03151169736946882	0.0026672123465082583	2985	4969	0.41432777232580964	0.02492639842983313	7954	14832465	4305
ENSG00000171533	1.0128362941161448	0.10920004183617228	3.543982062195884	0.09589512219398146	0.010471751355467627	4483	3471	0.12031403336604518	0.3189401373895977	7954	15560493	4306
ENSG00000231482	1.207902732297291	0.11681531254922844	1.203895457466935	0.03257570156295838	0.0038053407595873725	3119	4836	0.38802747791952896	0.05103042198233565	7955	15083484	4307
ENSG00000189419	1.1186196690526609	0.12954063159316828	1.6545239427265948	0.044769068487419794	0.0057994134076981676	3458	4497	0.3214916584887144	0.1175662414131502	7955	15550626	4308
ENSG00000165061	1.0222666681509367	0.08425805212908742	4.175037475460105	0.1129705855863244	0.009518681489386054	4271	3688	0.1619234543670265	0.2763493621197253	7959	15751448	4309
ENSG00000259527	1.0017146843724316	0.0761551051626356	6.0167689278707766	0.1628052234535345	0.012398448913130307	4930	3030	0.0325809617271835	0.40549558390579	7960	14937900	4310
ENSG00000244558	1.1735395401353916	0.1296307200952285	1.3285337725602415	0.03594823738457563	0.004659995898316753	3250	4711	0.36231599607458287	0.07556427870461235	7961	15310750	4311
ENSG00000162241	1.2146184382817822	0.1318942665258079	1.0044108849131848	0.027177932295186422	0.00358461344576168	3093	4869	0.3931305201177625	0.04455348380765456	7962	15059817	4312
ENSG00000286989	1.126274421277296	0.12323403266639293	1.6833617857963408	0.04554937957152011	0.00561323373005064	3426	4536	0.32777232580961724	0.10991167811579983	7962	15540336	4313
ENSG00000176153	1.007797190592509	0.10534309623119888	3.8635085098359294	0.10454105414366674	0.011012678326767257	4619	3346	0.09362119725220808	0.3434739941118744	7965	15455174	4314
ENSG00000088899	1.1500396097055907	0.12391824119586738	1.5107116066761668	0.040877710885566486	0.005065494037052561	3329	4638	0.34681059862610397	0.08989205103042197	7967	15439902	4315
ENSG00000180190	1.00223206667407	0.07270153371760722	6.191111491188113	0.16752268565269948	0.012179156179443847	4890	3078	0.04043179587831203	0.39607458292443576	7968	15051420	4316
ENSG00000254343	1.0572463705341661	0.11914927597303777	2.3374587046644657	0.0632483133868625	0.0075359907465604595	3840	4128	0.24651619234543676	0.18999018645731114	7968	15851520	4317
ENSG00000138028	1.0062957094873055	0.08536210269879076	4.870006526292657	0.13177546125472142	0.011248630456806052	4680	3290	0.08164867517173702	0.35446516192345434	7970	15397200	4318
ENSG00000280079	1.0947407997675698	0.09297320317246961	2.5181181374283135	0.06813670110337658	0.0063348873551860654	3578	4392	0.2979391560353287	0.13817468105986264	7970	15714576	4319
ENSG00000073150	1.0345926443498785	0.11506821274990237	2.746760799722223	0.07432344687540408	0.008552266197365063	4069	3903	0.20157016683022566	0.23415112855740927	7972	15881307	4320
ENSG00000102349	1.0186421099693859	0.11972943392428492	3.010261492897304	0.08145340146511966	0.009752369648626297	4344	3630	0.14759568204121687	0.28773307163886164	7974	15768720	4321
ENSG00000163053	1.0202085919585768	0.09518518440621038	3.7357296811241487	0.10108354048302261	0.009621655441309138	4312	3663	0.1538763493621197	0.28125613346418055	7975	15794856	4322
ENSG00000231324	1.1546504061391558	0.07261028450903523	2.487997524781427	0.06732168009603517	0.004888246345399368	3310	4669	0.3505397448478901	0.0838076545632973	7979	15454390	4323
ENSG00000188803	1.0149133254767042	0.09343270284333823	4.0024393531728615	0.10830032548434984	0.010118792128816069	4425	3559	0.13169774288518155	0.30166830225711483	7984	15748575	4324
ENSG00000204969	1.1981209157010966	0.07249595241472638	1.9157903267105336	0.05183856584311343	0.0037580862026100116	3143	4845	0.38331697742885185	0.049263984298331676	7988	15227835	4325
ENSG00000221923	1.0752893749375447	0.07014893445527494	3.592343385697627	0.09720371093547998	0.006818736747222477	3690	4298	0.27595682041216885	0.15662414131501468	7988	15859620	4326
ENSG00000138669	1.0877227227977404	0.09502159321644081	2.4819894705305257	0.0671591106793657	0.006381565695752613	3610	4381	0.2916584887144259	0.14033366045142293	7991	15815410	4327
ENSG00000158125	1.0168728605779764	0.08481683462667934	4.33399713247008	0.11727180818434173	0.009946623561142974	4392	3600	0.13817468105986264	0.29362119725220803	7992	15811200	4328
ENSG00000198691	1.0017993880721139	0.08664338667181795	5.188027676783825	0.14038066200106075	0.012163055979003688	4922	3081	0.034151128557409205	0.39548577036310106	8003	15164682	4329
ENSG00000158428	1.1498755472154778	0.1374461393453722	1.3121631361104311	0.035505271208337394	0.004880062453996373	3332	4671	0.3462217860647694	0.08341511285574088	8003	15563772	4330
ENSG00000251396	1.1441419253446357	0.11449240792459295	1.6189482016821017	0.04380643945185146	0.00501550473544536	3356	4648	0.34151128557409227	0.08792934249263984	8004	15598688	4331
ENSG00000272668	1.0780688422767999	0.10684883289266936	2.303119492579622	0.062319143069087035	0.006658727703803234	3672	4333	0.2794896957801767	0.14975466143277727	8005	15910776	4332
ENSG00000279673	1.1932458168140856	0.07873306365755744	1.765656736680916	0.047776164084682764	0.0037615637681932376	3163	4843	0.3793915603532876	0.0496565260058881	8006	15318409	4333
ENSG00000156413	1.0084273053294825	0.09512719910004924	4.152997692386644	0.11237422035256563	0.010689844833191317	4594	3413	0.09852796859666335	0.33032384690873406	8007	15679322	4334
ENSG00000186765	1.187870056703315	0.13115832348637751	1.1029618302137858	0.029844580933943318	0.003914365200449512	3183	4829	0.3754661432777232	0.052404317958783087	8012	15370707	4335
ENSG00000234869	1.122684024805647	0.13045702233604742	1.5428805487058435	0.04174815677740476	0.005446340221198703	3443	4569	0.32443572129538767	0.10343473994111874	8012	15731067	4336
ENSG00000185332	1.051228848003961	0.11611820729946666	2.413681675033514	0.0653107987294094	0.007583772865755304	3897	4116	0.23532875368007855	0.1923454367026497	8013	16040052	4337
ENSG00000234380	1.0430045087412148	0.12285650791955216	2.3800049401730257	0.06439955410461583	0.007911904328869361	3970	4043	0.22100098135426893	0.20667320902845931	8013	16050710	4338
ENSG00000138400	1.171772034627418	0.1216707529936641	1.31375828435247	0.035548433654676935	0.004325204690509853	3255	4759	0.36133464180569186	0.06614327772325812	8014	15490545	4339
ENSG00000170689	1.0232465301192417	0.0908571364015549	3.7363401072841707	0.1011000577481155	0.009185661737025607	4251	3766	0.16584887144259075	0.26104023552502453	8017	16009266	4340
ENSG00000171357	1.1134274273919482	0.15104754765246917	1.356310131802771	0.03669982622360488	0.005543418750347296	3477	4545	0.3177625122669283	0.10814524043179585	8022	15802965	4341
ENSG00000267383	1.1175956430691931	0.07360828775028008	2.753619992358396	0.07450904688817342	0.00548448336334378	3465	4562	0.320117762512267	0.10480863591756628	8027	15807330	4342
ENSG00000260337	1.1802447198719213	0.09278610298299467	1.6194558979520906	0.04382017699199517	0.004065903455112317	3223	4806	0.3676153091265947	0.056918547595682045	8029	15489738	4343
ENSG00000103485	1.0078868264794514	0.08594544196849882	4.595771842438591	0.12435506011936151	0.010687750602977766	4615	3415	0.09440628066732093	0.32993130520117764	8030	15760225	4344
ENSG00000251791	1.0987167133974518	0.10700181538919408	2.031376015702068	0.05496615045702959	0.005881477883857746	3550	4480	0.3034347399411187	0.12090284592737977	8030	15904000	4345
ENSG00000163701	1.026850764741183	0.10665638573938846	3.066589041904397	0.08297754495685498	0.008850085042625773	4194	3839	0.17703631010794896	0.24671246319921492	8033	16100766	4346
ENSG00000008394	1.004909178769567	0.08641449659161834	4.791771218140908	0.12965852490926846	0.011204376158846242	4734	3301	0.0710500490677134	0.35230618253189405	8035	15626934	4347
ENSG00000159374	1.003008982471484	0.10724056202514798	4.0516230578818755	0.10963116669354638	0.011756907931688597	4850	3186	0.048282630029440665	0.3748773307163886	8036	15452100	4348
ENSG00000142405	1.0792142466862438	0.12948800266713675	1.8343280528238015	0.049634312387121765	0.006427047974765122	3667	4371	0.2804710500490677	0.14229636898920506	8038	16028457	4349
ENSG00000125775	1.048790831045796	0.11802613747010554	2.3693265963183054	0.0641106132830183	0.007566728056634292	3920	4120	0.2308145240431796	0.19156035328753684	8040	16150400	4350
ENSG00000151640	1.009958747522416	0.10333537001386109	3.7238436119854548	0.10076192033019515	0.01041227032062791	4552	3489	0.10677134445534842	0.31540726202158975	8041	15881928	4351
ENSG00000262772	1.0308226541017456	0.11627455401862936	2.703647236436345	0.07315685507359469	0.008506280697087726	4127	3914	0.1901864573110893	0.23199214916584887	8041	16153078	4352
ENSG00000116574	1.011765663737798	0.095258233223147	3.9707383731257737	0.10744254197926041	0.01023478672194815	4513	3530	0.11442590775269867	0.30736015701668307	8043	15930890	4353
ENSG00000273983	1.0764059934630248	0.06773160236419563	3.547887520913548	0.09600079836118018	0.00650228790124478	3681	4364	0.2777232580961727	0.1436702649656526	8045	16063884	4354
ENSG00000177103	1.0141771947760587	0.10054484031805723	3.647518114365816	0.09869666074583468	0.009923439994615415	4442	3604	0.12836113837095187	0.2928361138370952	8046	16008968	4355
ENSG00000161243	1.0121435579254419	0.09721936969663895	3.871640452431389	0.10476109296304577	0.010184807426598308	4502	3545	0.11658488714425908	0.3044160942100098	8047	15959590	4356
ENSG00000111249	1.0027055247269114	0.09951827031481035	4.369805116862272	0.11824072139511622	0.011767112074017356	4865	3185	0.04533856722276741	0.3750736015701668	8050	15495025	4357
ENSG00000176593	1.1028058838731496	0.07928235634658326	2.635875095617743	0.0713230371786134	0.005654658449315434	3523	4527	0.3087340529931305	0.11167811579980369	8050	15948621	4358
ENSG00000141314	1.0060586796602815	0.10450133928123566	3.8694526651419867	0.10470189454562441	0.010941488205300453	4688	3363	0.08007850834151131	0.3401373895976447	8051	15765744	4359
ENSG00000267640	1.0042245810644035	0.06604338470434974	6.334524698283021	0.17140324339177443	0.011320050342896251	4777	3276	0.06261040235525028	0.3572129538763493	8053	15649452	4360
ENSG00000282933	1.0057930274648736	0.06582773674890889	6.128002557615196	0.16581504752409199	0.010915229297423744	4693	3367	0.07909715407262019	0.33935230618253187	8060	15801331	4361
ENSG00000183067	1.1833875908272633	0.058152551269431085	2.3211656354874775	0.0628074460708823	0.003652413227739011	3206	4857	0.37095191364082436	0.04690873405299312	8063	15571542	4362
ENSG00000162174	1.0061151797128949	0.1051610734086282	3.819083006758445	0.10333896311403415	0.010867236286006466	4685	3380	0.0806673209028459	0.33680078508341516	8065	15835300	4363
ENSG00000227695	1.135125869274046	0.13913705997891698	1.284844040858215	0.03476605528357702	0.004837246719221399	3388	4677	0.33523061825318945	0.0822374877330716	8065	15845676	4364
ENSG00000279631	1.079827962207935	0.13789850361988995	1.6796894628387578	0.045450011726939375	0.0062674886066513905	3663	4403	0.28125613346418055	0.13601570166830224	8066	16128189	4365
ENSG00000143632	1.0090325298247214	0.08756476018993509	4.387434137489033	0.11871773766029337	0.010395490228515214	4576	3493	0.1020608439646713	0.3146221786064769	8069	15983968	4366
ENSG00000273018	1.1046984312810142	0.06342451211670559	3.2035088234594453	0.08668239982140225	0.0054977889177776455	3511	4558	0.31108930323846906	0.10559371933267914	8069	16003138	4367
ENSG00000101695	1.0632800316073034	0.12548757390823798	2.023835119612364	0.054762104516817865	0.0068719636379248345	3790	4281	0.2563297350343474	0.15996074582924436	8071	16224990	4368
ENSG00000108830	1.0129179478028865	0.0939154034080633	3.9163252438276692	0.10597019996639888	0.009952234079077487	4478	3598	0.12129538763493619	0.29401373895976446	8076	16111844	4369
ENSG00000162878	1.0165298589257326	0.10809047609419406	3.2711020510214457	0.08851137657771443	0.00956723683403765	4399	3677	0.1368007850834151	0.27850834151128556	8076	16175123	4370
ENSG00000257698	1.0436323538459882	0.11007125808886566	2.547036945804782	0.0689192029937071	0.007586023379999257	3964	4114	0.2221786064769382	0.19273797841020612	8078	16307896	4371
ENSG00000254332	1.1675493968046182	0.12907712233410176	1.1414541936211118	0.030886129629083593	0.003986692732560148	3263	4816	0.35976447497546615	0.05495583905789991	8079	15714608	4372
ENSG00000275342	1.0935028653623287	0.1488304986120085	1.4379433032566447	0.03890870392509105	0.0057908018055183134	3582	4501	0.29715407262021587	0.11678115799803734	8083	16122582	4373
ENSG00000169918	1.0586552548530272	0.12025499712019944	2.1449905992038305	0.05804039975533703	0.006979648105433278	3827	4256	0.24906771344455347	0.16486751717369974	8083	16287712	4374
ENSG00000272360	1.1474080542557215	0.13884484868069982	1.1757335043621708	0.031813679101555394	0.0044171654608318005	3342	4745	0.34425907752698726	0.0688910696761531	8087	15857790	4375
ENSG00000253846	1.030195996551941	0.10118839155922767	3.0456828823157367	0.08241185396486411	0.008339122948118559	4135	3953	0.1886162904808636	0.2243375858684985	8088	16345655	4376
ENSG00000145284	1.0176986348701793	0.10711010629728021	3.2347684027328056	0.08752823964833804	0.009375159052747304	4369	3720	0.14268891069676148	0.27006869479882234	8089	16252680	4377
ENSG00000227953	1.1083334330603383	0.11820389608746544	1.6563980893686074	0.04481978023428848	0.005297872645476873	3497	4594	0.31383709519136405	0.09852796859666335	8091	16065218	4378
ENSG00000137843	1.152448839588692	0.04859539118420166	3.2314621407872357	0.08743877689494044	0.004249121567877765	3320	4772	0.34857703631010795	0.0635917566241413	8092	15843040	4379
ENSG00000101850	1.0317143704212208	0.07783539462735753	3.9040102980847804	0.1056369750216612	0.008222295638051309	4113	3979	0.19293424926398428	0.21923454367026496	8092	16365627	4380
ENSG00000188818	1.0675508224907326	0.11392146288993833	2.1529023083482546	0.05825447937025971	0.0066364355097517196	3753	4340	0.26359175662414136	0.14838076545632972	8093	16288020	4381
ENSG00000166833	1.0214790450401348	0.10277281932445236	3.2346676589663024	0.08752551366507132	0.00899524380218026	4286	3809	0.15897939156035323	0.2526005888125613	8095	16325374	4382
ENSG00000262884	1.1345119171843376	0.13192638869518342	1.3112983190150524	0.03548187048576562	0.004680995037337272	3392	4708	0.3344455348380766	0.07615309126594705	8100	15969536	4383
ENSG00000275713	1.0854834658744281	0.058468242182656525	3.714999071747779	0.10052259963049727	0.005877379700026134	3619	4481	0.28989205103042204	0.12070657507360161	8100	16216739	4384
ENSG00000204936	1.0143025835206374	0.08620028423319878	4.1330297709716834	0.1118339167532689	0.00964011541104367	4439	3661	0.12894995093228656	0.281648675171737	8100	16251179	4385
ENSG00000186564	1.0760876791731673	0.12050272652875985	1.8927665713060353	0.051215575715304856	0.006171616514434375	3683	4419	0.2773307163886163	0.13287536800785082	8102	16275177	4386
ENSG00000267251	1.0313945892385956	0.11094083716934716	2.7297530911420242	0.07386324243195178	0.008194449951443175	4119	3985	0.191756624141315	0.21805691854759568	8104	16414215	4387
ENSG00000253304	1.0065503462390262	0.10614744051708389	3.6921629994278087	0.09990468794044845	0.01060462692053658	4674	3432	0.0828263002944063	0.32659470068694796	8106	16041168	4388
ENSG00000167971	1.0439328227609845	0.12635061499611422	2.1829300726850787	0.059066988034174234	0.007463150264086034	3961	4148	0.2227674190382728	0.18606476938174676	8109	16430228	4389
ENSG00000138435	1.016375247267911	0.08902577012135442	3.9172891118689517	0.10599628086691575	0.009436400534176558	4403	3707	0.13601570166830224	0.27262021589793917	8110	16321921	4390
ENSG00000186510	1.0548979498826023	0.11432632074287216	2.267334811944656	0.06135086042489203	0.007014018146787389	3865	4246	0.24160942100098137	0.16683022571148187	8111	16410790	4391
ENSG00000204314	1.1343783582325384	0.12844405175680837	1.3123176914082435	0.03550945325522965	0.004560978051770685	3393	4722	0.33424926398429833	0.07340529931305206	8115	16021746	4392
ENSG00000099954	1.0022600824751158	0.06906847774087105	6.172485502240844	0.16701869284045162	0.011535726868760112	4888	3233	0.04082433758586845	0.36565260058881255	8121	15802904	4393
ENSG00000260025	1.079887075001143	0.11979778454677756	1.851575972912026	0.05010101661288398	0.006001990793764798	3662	4460	0.2814524043179588	0.12482826300294403	8122	16332520	4394
ENSG00000233820	1.182651597126137	0.08438837643986707	1.3887132341442812	0.037576608160976736	0.003171028954821886	3210	4914	0.3701668302257115	0.03572129538763491	8124	15773940	4395
ENSG00000166920	1.004054434995322	0.07896126031614044	5.175959773583776	0.14005412167673506	0.011058849960065084	4789	3335	0.060255152109911725	0.3456329735034347	8124	15971315	4396
ENSG00000287595	1.1439714821729925	0.12365639336934434	1.2774323877280342	0.03456550647432664	0.004274245865599954	3358	4766	0.34111874386653585	0.06476938174681057	8124	16004228	4397
ENSG00000233198	1.1486139612478943	0.12974233782641273	1.1852799578541693	0.03207199257720745	0.00416109529571825	3337	4791	0.34524043179587827	0.0598626104023553	8128	15987567	4398
ENSG00000165259	1.0201977652052263	0.10419878995516035	3.1800993022943262	0.0860489714198937	0.008966198698839101	4313	3817	0.15368007850834153	0.2510304219823356	8130	16462721	4399
ENSG00000258955	1.1456898581027852	0.145073923790676	1.0647944960697815	0.028811827069131147	0.004179844804497268	3349	4783	0.3428851815505397	0.061432777232581004	8132	16018267	4400
ENSG00000147256	1.0144267538583263	0.09319203116414002	3.751673778432399	0.10151496511577032	0.009460385792695454	4435	3698	0.12973503434739941	0.27438665358194303	8133	16400630	4401
ENSG00000119411	1.0091294683912844	0.0819568937286834	4.556888284983251	0.1233029262687725	0.010105524824645471	4574	3561	0.10245338567222773	0.3012757605495584	8135	16288014	4402
ENSG00000256139	1.0824653682789873	0.13325020916957672	1.6061128637880706	0.04345913343445404	0.005790938620469546	3640	4500	0.2857703631010795	0.1169774288518155	8140	16380000	4403
ENSG00000111879	1.0441779701332168	0.10707345975190502	2.524488293980766	0.06830906849414539	0.007314088296098	3959	4184	0.22315996074582922	0.1789990186457311	8143	16564456	4404
ENSG00000174939	1.0470146977319505	0.08849087848253122	3.0186323113090032	0.08167990392488553	0.00722792645268187	3936	4208	0.22767419038272818	0.17428851815505397	8144	16562688	4405
ENSG00000119042	1.0218355621075532	0.09816337332331858	3.2815325514423197	0.08879361110792656	0.008716280395912962	4277	3868	0.1607458292443572	0.24102060843964668	8145	16543436	4406
ENSG00000133477	1.0034668851258557	0.0804989606425228	5.081350253686579	0.13749412241262077	0.01106813394867177	4815	3332	0.05515210991167807	0.3462217860647694	8147	16043580	4407
ENSG00000007933	1.0026595162320546	0.11475352185114637	3.6287623429672005	0.09818915620474278	0.011267551482086574	4869	3287	0.04455348380765456	0.35505397448478904	8156	16004403	4408
ENSG00000117226	1.0072124967850429	0.07856967529109612	4.842978732680016	0.13104412753868336	0.010296094549519338	4642	3516	0.08910696761530912	0.31010794896957805	8158	16321272	4409
ENSG00000153060	1.0821702666573538	0.12108676877099929	1.7498403905993511	0.04734819621872405	0.005733240087260541	3646	4513	0.2845927379784102	0.11442590775269867	8159	16454398	4410
ENSG00000277977	1.205248811905726	0.08410059626325118	0.8800515615428995	0.02381294559342946	0.0020026829231917774	3128	5033	0.386261040235525	0.012365063788027486	8161	15743224	4411
ENSG00000203867	1.0011989102761873	0.0935872892481757	4.622540075545389	0.12507937049668405	0.011705839225652905	4967	3196	0.025318940137389556	0.3729146221786065	8163	15874532	4412
ENSG00000268119	1.0581928839337964	0.06114089636652762	4.0263489677410575	0.10894728570321943	0.006661134704595016	3832	4332	0.24808635917566246	0.14995093228655543	8164	16600224	4413
ENSG00000126803	1.0278196945525084	0.11469184665312825	2.6291466077994627	0.07114097385261707	0.008159289663858564	4171	3993	0.18155053974484792	0.21648675171736997	8164	16654803	4414
ENSG00000165078	1.0021022257674752	0.07774037618569166	5.39934098371102	0.14609850002432712	0.011357752352056471	4900	3265	0.038469087340529895	0.3593719332679097	8165	15998500	4415
ENSG00000180964	1.0733180385842425	0.054973475401797756	4.039827956097368	0.10931200798815074	0.006009260982257725	3708	4458	0.2724239450441609	0.12522080471050046	8166	16530264	4416
ENSG00000185156	1.0021775934566564	0.07404504798012392	5.655833340757894	0.15303881899016075	0.011331766694947952	4895	3272	0.039450441609421016	0.3579980372914622	8167	16016440	4417
ENSG00000227392	1.0585701412907085	0.10774754169603164	2.2817143787022807	0.06173995108255313	0.006652327953578347	3830	4338	0.2484789008832189	0.14877330716388615	8168	16614540	4418
ENSG00000253953	1.003788907842494	0.10608120193931693	3.7999243663219326	0.10282055750884564	0.010907328324609004	4798	3371	0.05848871442590775	0.338567222767419	8169	16174058	4419
ENSG00000267565	1.1372603846706597	0.11911216783497065	1.2834143407568945	0.03472736962899109	0.004136452279715449	3376	4793	0.337585868498528	0.05947006869479887	8169	16181168	4420
ENSG00000284237	1.0671345123612397	0.12732695627228824	1.7968864982360002	0.04862119708650279	0.006190789035339449	3758	4414	0.26261040235525024	0.13385672227674195	8172	16587812	4421
ENSG00000189376	1.1224813369425548	0.13428857981849465	1.2403455124783027	0.03356198829295573	0.004506991743745969	3444	4730	0.3242394504416094	0.07183513248282625	8174	16290120	4422
ENSG00000167554	1.0817936148334515	0.07200121690446769	2.9090416732212807	0.07871453687553118	0.005667542443109841	3651	4524	0.2836113837095191	0.11226692836113839	8175	16517124	4423
ENSG00000066468	1.0008618129701	0.0642717547207191	6.769716947870794	0.1831789276982111	0.01177323111102376	4997	3183	0.01943081452404316	0.3754661432777232	8180	15905451	4424
ENSG00000270021	1.175910586867729	0.13596997561902877	0.8030084920265745	0.021728269532487528	0.002954392278576015	3239	4944	0.36447497546614327	0.029833169774288515	8183	16013616	4425
ENSG00000170577	1.006270086740287	0.07336701179296425	5.215481455876768	0.14112352227930183	0.01035381112333019	4682	3505	0.08125613346418059	0.31226692836113834	8187	16410410	4426
ENSG00000255153	1.171428928416714	0.11570548118589749	0.9766024654166221	0.026425475951208182	0.0030575724105009047	3258	4931	0.36074582924435716	0.03238469087340534	8189	16065198	4427
ENSG00000133063	1.0403481308808287	0.08315427014645427	3.2279970829035807	0.08734501734894645	0.007263111168581028	3999	4200	0.2153091265947007	0.17585868498527968	8199	16795800	4428
ENSG00000130649	1.047896655331036	0.10508368834129893	2.422800285481357	0.06555753537981823	0.0068890276162764975	3927	4275	0.22944062806673204	0.16113837095191363	8202	16787925	4429
ENSG00000009950	1.035225568328891	0.1049902469111166	2.6292947779887172	0.07114498312753853	0.007469529345047494	4058	4144	0.20372914622178606	0.18684985279685962	8202	16816352	4430
ENSG00000145041	1.2104694139874077	0.11942666437753523	0.21203942745176754	0.005737485813579502	6.852087926292288e-4	3110	5094	0.3897939156035328	3.9254170755642637e-4	8204	15842340	4431
ENSG00000184058	1.0017882037863066	0.06659990865101595	6.258082511191868	0.16933482635601232	0.011277683966746069	4923	3284	0.03395485770363105	0.3556427870461236	8207	16167132	4432
ENSG00000211891	1.0070211638197157	0.09265981180409806	4.046943662843732	0.10950454890849509	0.010146670893553807	4656	3552	0.08635917566241413	0.30304219823356227	8208	16538112	4433
ENSG00000029534	1.0129730824426806	0.08909895365525707	3.870373124733145	0.10472680087512035	0.009331048377635683	4474	3734	0.12208047105004904	0.26732090284592736	8208	16705916	4434
ENSG00000155265	1.0384012181608042	0.10106409781121999	2.6697336098185835	0.07223920049423256	0.007300789624553451	4024	4187	0.2104023552502453	0.1784102060843965	8211	16848488	4435
ENSG00000205488	1.0092053534340528	0.10562471122357292	3.399940525301891	0.09199756274276352	0.009717215997976928	4572	3643	0.10284592737978415	0.2851815505397448	8215	16655796	4436
ENSG00000007038	1.0000614016616163	0.06286025731580448	7.022366160690569	0.1900152566384749	0.011944407926223158	5079	3137	0.0033366045142296796	0.3844946025515211	8216	15932823	4437
ENSG00000203995	1.016944667212192	0.10391092996775521	3.1543119533023622	0.08535120237387572	0.008868922812535502	4387	3833	0.13915603532875365	0.2478900883218842	8220	16815371	4438
ENSG00000183773	1.0782142631804752	0.10682189908428291	1.9066187045952554	0.051590394772259685	0.005510983944080641	3671	4555	0.27968596663395484	0.10618253189401372	8226	16721405	4439
ENSG00000287430	1.0386199767072444	0.1002469835695363	2.670699057374705	0.07226532413417808	0.0072443807611261655	4021	4207	0.21099116781158	0.17448478900883224	8228	16916347	4440
ENSG00000186973	1.060934829885167	0.10470972549694163	2.1722610142766743	0.05877829846356881	0.006154659497297596	3804	4426	0.25358194308145243	0.1315014720314034	8230	16836504	4441
ENSG00000151224	1.0010089408323128	0.07533843888265486	5.596879898277279	0.15144362254976693	0.011409526101633467	4982	3251	0.022374877330716414	0.3621197252208047	8233	16196482	4442
ENSG00000236008	1.0260477481535768	0.11185020135796515	2.6323582681166946	0.07122787682028493	0.007966852364649208	4204	4029	0.17507360157016683	0.2094210009813543	8233	16937916	4443
ENSG00000085465	1.0868918045497062	0.1291259750022752	1.4773535170414838	0.039975088348111074	0.005161822258751934	3613	4621	0.2910696761530913	0.09322865554465165	8234	16695673	4444
ENSG00000183117	1.0013321050468322	0.10509381306549537	3.982817323983434	0.10776938123751353	0.011325895205959351	4962	3274	0.026300294406280678	0.35760549558390575	8236	16245588	4445
ENSG00000149922	1.1204424775793376	0.11857307735825244	1.3008912682744622	0.03520027047060372	0.004173804393542304	3452	4784	0.3226692836113837	0.061236506378802735	8236	16514368	4446
ENSG00000066185	1.0759106179800788	0.12182136404384669	1.6735869538693702	0.04528488649971216	0.005516666643965713	3684	4552	0.2771344455348381	0.10677134445534842	8236	16769568	4447
ENSG00000180616	1.0108862834687813	0.10183240228771032	3.426078595136101	0.09270482179675357	0.009440354707217507	4530	3706	0.1110893032384691	0.2728164867517173	8236	16788180	4448
ENSG00000006047	1.0053051223222065	0.0824793845590708	4.594862509758269	0.12433045486827274	0.010254699399484464	4713	3524	0.07517173699705593	0.30853778213935235	8237	16608612	4449
ENSG00000084710	1.0062774249233502	0.09260679467360285	4.040401239703616	0.10932752022848045	0.01012447121797305	4681	3557	0.08145240431795875	0.30206084396467126	8238	16650317	4450
ENSG00000081842	1.0140365862411744	0.09122240651673934	3.679291558593481	0.0995564050287523	0.009081774850877996	4447	3791	0.12737978410206086	0.25613346418056915	8238	16858577	4451
ENSG00000171291	1.0174070000127542	0.08308768248288628	3.8864969919679613	0.10516308982680997	0.008737757416449235	4377	3862	0.14111874386653578	0.24219823356231596	8239	16903974	4452
ENSG00000152766	1.0083304583117463	0.08841411460024305	4.070707860747243	0.11014757435890811	0.009738600262307294	4603	3637	0.09676153091265949	0.2863591756624141	8240	16741111	4453
ENSG00000122547	1.0291987764617554	0.11262481703501233	2.5195206368462872	0.06817465074609577	0.007678157566704903	4154	4091	0.18488714425907748	0.19725220804710497	8245	16994014	4454
ENSG00000232445	1.0834561282902628	0.12627578581108928	1.5287456706929592	0.04136568704972146	0.005223484637819177	3632	4615	0.2873405299313052	0.09440628066732093	8247	16761680	4455
ENSG00000154269	1.0073691847224409	0.10091804734442188	3.6163406704666654	0.09785304338549382	0.009875138065173034	4639	3609	0.08969578017664381	0.29185475956820417	8248	16742151	4456
ENSG00000053918	1.0096510932801972	0.09673929919806917	3.6121048124725834	0.09773842708303794	0.009455146940734675	4561	3701	0.10500490677134444	0.27379784102060845	8262	16880261	4457
ENSG00000285128	1.0963217037035113	0.08963816919459998	1.9410723090738347	0.05252266038577391	0.004708035118210515	3566	4700	0.3002944062806673	0.07772325809617275	8266	16760200	4458
ENSG00000142619	1.0122075622989388	0.08701180007438016	3.897837505896403	0.10546994803032939	0.009177130031870286	4499	3768	0.11717369970559377	0.2606476938174681	8267	16952232	4459
ENSG00000270882	1.1104378004928126	0.10773860818613243	1.4297432202209253	0.03868682132215714	0.004168064284394802	3485	4786	0.3161923454367026	0.06084396467124631	8271	16679210	4460
ENSG00000154319	1.002091687590074	0.07114618567095973	5.661309267434786	0.15318698979029186	0.010898670017995517	4901	3374	0.03827281648675174	0.33797841020608443	8275	16535974	4461
ENSG00000256576	1.0794127275809595	0.11458499505155871	1.6685326152751558	0.04514812327444865	0.0051732974819898615	3666	4618	0.28066732090284596	0.09381746810598623	8284	16929588	4462
ENSG00000131650	1.0347826058932776	0.11057600832727658	2.3962501042797495	0.06483912517741926	0.007169651645551641	4068	4216	0.20176643768400393	0.17271835132482827	8284	17150688	4463
ENSG00000158683	1.0226066623797478	0.11601197949063598	2.5696330555871523	0.06953062163823219	0.008066385051465763	4266	4019	0.1629048086359176	0.21138370951913643	8285	17145054	4464
ENSG00000215374	1.0494118052661017	0.12553168820644364	1.891198164592007	0.05117313685674066	0.006423850260446038	3914	4372	0.23199214916584887	0.1421000981354269	8286	17112008	4465
ENSG00000186094	1.0183237295808274	0.1158351050342287	2.6836728861049526	0.0726163775169483	0.00841152571688091	4351	3938	0.14622178606476943	0.22728164867517175	8289	17134238	4466
ENSG00000272568	1.03239573821804	0.07190218340982538	3.7476532156999145	0.10140617439737677	0.007291325350408923	4103	4189	0.1948969578017664	0.17801766437684008	8292	17187467	4467
ENSG00000134769	1.0013928431323535	0.0600901454218241	6.7952396294364394	0.18386953521949725	0.011048747109982798	4954	3339	0.027870461236506383	0.34484789008832184	8293	16541406	4468
ENSG00000183690	1.0148964478019782	0.08736354527330835	3.6898058012582973	0.09984090550517262	0.00872245546822925	4426	3867	0.1315014720314034	0.24121687929342495	8293	17115342	4469
ENSG00000171847	1.0179810854674778	0.09851911261913464	3.159834742318076	0.08550064120235143	0.008423447299622683	4361	3933	0.1442590775269872	0.22826300294406277	8294	17151813	4470
ENSG00000170485	1.0217735167615054	0.10899770042197082	2.7267440061769026	0.07378182086565761	0.008042048807302464	4279	4022	0.16035328753680078	0.21079489695780174	8301	17210138	4471
ENSG00000204173	1.1212656415271711	0.13284028280292573	1.025517767679229	0.027749054571332973	0.003686192256769691	3448	4854	0.32345436702649655	0.04749754661432781	8302	16736592	4472
ENSG00000254221	1.0410875865867997	0.08265888985490816	3.0112990305879914	0.08148147576173945	0.00673516833020499	3992	4311	0.21668302257114813	0.15407262021589796	8303	17209512	4473
ENSG00000198520	1.1169102296038218	0.11657752000868882	1.228353510744224	0.0332375017545201	0.003874745525826397	3470	4834	0.31913640824337586	0.051422963689892076	8304	16773980	4474
ENSG00000143994	1.1046043642551022	0.12729638218240677	1.2061254157807237	0.03263604106841732	0.004154449956765974	3513	4792	0.31069676153091264	0.05966633954857703	8305	16834296	4475
ENSG00000196109	1.013827322513937	0.07846868993347535	4.135547693806948	0.11190204816977305	0.008780807120754743	4456	3855	0.12561334641805688	0.2435721295387635	8311	17177880	4476
ENSG00000198576	1.0073812289312065	0.09755680928768713	3.628134431436015	0.09817216581033522	0.009577363257318072	4638	3674	0.08989205103042197	0.27909715407262026	8312	17040012	4477
ENSG00000163596	1.0754118485894737	0.11683475013829385	1.6267601950356188	0.04401782089906734	0.005142811106374702	3689	4626	0.276153091265947	0.09224730127576053	8315	17065314	4478
ENSG00000163082	1.0104371430687265	0.10084611045014245	3.354770476471188	0.09077532536229425	0.009154338487633544	4546	3771	0.1079489695780177	0.2600588812561334	8317	17142966	4479
ENSG00000250091	1.0348029731857746	0.09532813739910163	2.7043239399763945	0.0731751657104781	0.0069756522510504865	4067	4258	0.2019627085377821	0.16447497546614331	8325	17317286	4480
ENSG00000244968	1.076772672169104	0.1274857656372454	1.4558464494569399	0.03939313763903323	0.005022064312765541	3679	4647	0.27811579980372914	0.08812561334641811	8326	17096313	4481
ENSG00000124749	1.0244835915090735	0.09232027280705661	3.0816561141536036	0.08338523853686933	0.007698147969805266	4237	4089	0.16859666339548574	0.1976447497546614	8326	17325093	4482
ENSG00000283897	1.090807125981681	0.1434656796820193	1.1515536124115795	0.0311594055605086	0.004470305297226057	3595	4733	0.29460255152109915	0.07124631992149166	8328	17015135	4483
ENSG00000226608	1.0875258851908554	0.12047687428415062	1.4097710976602333	0.0381464040458225	0.004595759524620972	3611	4717	0.29146221786064774	0.07438665358194307	8328	17033087	4484
ENSG00000254024	1.0361358155558564	0.1071225833289096	2.3638861858327216	0.06396340350059146	0.006851925021492776	4044	4287	0.20647693817468105	0.15878312070657508	8331	17336628	4485
ENSG00000156886	1.096726114568943	0.10085884811369888	1.5611902774159827	0.04224359203672138	0.004260640033008741	3564	4770	0.3006869479882237	0.06398429833169772	8334	17000280	4486
ENSG00000272695	1.0443632786122392	0.11561740112081274	2.0423789064020204	0.05526387305540674	0.0063894653785366365	3957	4379	0.22355250245338565	0.14072620215897935	8336	17327703	4487
ENSG00000267868	1.0660235663561695	0.0850467273148809	2.336056283751353	0.06321036586837338	0.005375834749481405	3763	4577	0.26162904808635923	0.10186457311089303	8340	17223251	4488
ENSG00000279878	1.060301552361452	0.11127985565851232	1.8736954139690463	0.05069953727856456	0.005641837190312029	3811	4530	0.2522080471050049	0.1110893032384691	8341	17263830	4489
ENSG00000266019	1.1420904403756884	0.04692944144666659	1.9806342229222516	0.05359314959710221	0.002515096575959651	3362	4980	0.340333660451423	0.02276741903827284	8342	16742760	4490
ENSG00000227141	1.104672948089735	0.0731948954401063	1.9747373511479727	0.05343358862037245	0.0039110659320578155	3512	4831	0.3108930323846909	0.05201177625122666	8343	16966472	4491
ENSG00000176753	1.152764375206542	0.058645904399418004	1.3079789910955975	0.03539205418566821	0.0020755990262717196	3318	5026	0.3489695780176644	0.013738959764474923	8344	16676268	4492
ENSG00000173227	1.0028249616199179	0.06294542400685665	6.120741477536866	0.16561857300781288	0.010424931301387327	4858	3486	0.04671246319921496	0.31599607458292445	8344	16934988	4493
ENSG00000181085	1.0204919037054847	0.08397028340171266	3.4899628421490987	0.09443343880611453	0.007929602619147727	4305	4039	0.15525024533856724	0.20745829244357217	8344	17387895	4494
ENSG00000171401	1.0060687093807963	0.07754617595175227	4.586653962163319	0.1241083432263856	0.00962412742091376	4686	3662	0.08047105004906774	0.2814524043179588	8348	17160132	4495
ENSG00000112852	1.016970559498744	0.07767186017148889	3.9449908078964917	0.10674584942536819	0.008291148690454005	4386	3963	0.13935230618253192	0.22237487733071637	8349	17381718	4496
ENSG00000280106	1.0908404312709794	0.13288202091988757	1.2005531246803167	0.03248526278382215	0.0043167073688279	3593	4761	0.2949950932286556	0.0657507360157017	8354	17106273	4497
ENSG00000183840	1.0509304255553114	0.11044534692078112	2.0168958104699737	0.05457433666515469	0.006027481545954515	3902	4453	0.23434739941118743	0.12620215897939158	8355	17375606	4498
ENSG00000234690	1.048786610593306	0.11296332385999401	2.001178109728175	0.054149038002014926	0.0061168553165287355	3921	4435	0.23061825318940132	0.12973503434739941	8356	17389635	4499
ENSG00000144410	1.1087911264651953	0.13028193142634567	1.0244428940719443	0.027719970017826574	0.00361141123300284	3492	4865	0.31481844946025517	0.04533856722276741	8357	16988580	4500
ENSG00000178222	1.0000849442886555	0.06009162300167197	6.933083654581819	0.18759939880318482	0.011273152348221295	5074	3285	0.00431795878312069	0.35544651619234546	8359	16668090	4501
ENSG00000186998	1.0067910407367484	0.08512248379617851	4.107317766510709	0.11113818642327124	0.009460358472951572	4666	3699	0.084396467124632	0.27419038272816487	8365	17259534	4502
ENSG00000155980	1.013230586490692	0.08266490979998646	3.820917198752944	0.1033885937448762	0.008546608776267636	4464	3904	0.12404317958783118	0.233954857703631	8368	17427456	4503
ENSG00000123892	1.0020603731097903	0.06354481321027836	6.111495169240418	0.1653683810349501	0.010508302883752043	4904	3465	0.03768400392541704	0.320117762512267	8369	16992360	4504
ENSG00000247317	1.0330400161700464	0.10072655533738958	2.514361729992484	0.06803505805221337	0.006852937039778783	4091	4285	0.19725220804710497	0.1591756624141315	8376	17529935	4505
ENSG00000213988	1.0664128843158476	0.05090791646088361	3.7629097679547856	0.10181899503728521	0.005183392893489238	3761	4617	0.26202158979391565	0.0940137389597645	8378	17364537	4506
ENSG00000183287	1.0010706924438966	0.10251713251384693	3.8587810210346634	0.1044131350096779	0.01070413519797334	4978	3409	0.023159960745829267	0.3311089303238469	8387	16970002	4507
ENSG00000146151	1.0044609104019377	0.08040314670107594	4.5004872264862845	0.12177679371462372	0.009791237409823553	4763	3624	0.06535819430814527	0.2889106967615309	8387	17261112	4508
ENSG00000166349	1.040197123259347	0.12839905084501882	1.824408838085723	0.04936591252146697	0.006338536311854589	4000	4390	0.21511285574092243	0.13856722276741906	8390	17560000	4509
ENSG00000238741	1.1005374660553666	0.050139917470351666	2.708789626095809	0.07329600083565248	0.003675055432806442	3536	4855	0.3061825318940138	0.047301275760549544	8391	17167280	4510
ENSG00000101276	1.0042696242425526	0.07699005246238452	4.718085877355538	0.12766470421985449	0.0098289122754814	4775	3616	0.06300294406280671	0.2904808635917566	8391	17266400	4511
ENSG00000148655	1.0068859622086719	0.09560377101139374	3.6181528891895263	0.0979020794508071	0.009359807985354239	4662	3729	0.08518155053974485	0.2683022571148185	8391	17384598	4512
ENSG00000285933	1.01957449997254	0.0999971560115753	2.8818944944131117	0.07797997276562758	0.007797775502422855	4322	4069	0.15191364082433756	0.20157016683022566	8391	17586218	4513
ENSG00000248663	1.0053423524951763	0.08626453313856554	4.0835260212971924	0.1104944155817663	0.009531749174579711	4711	3681	0.07556427870461235	0.2777232580961727	8392	17341191	4514
ENSG00000228065	1.0071648265067783	0.08679697867819854	3.94242156908902	0.10667632947152413	0.009259183094608362	4649	3751	0.08773307163886168	0.2639842983316978	8400	17438399	4515
ENSG00000132677	1.0229958363189742	0.10038631534087311	2.747605122875287	0.07434629306099795	0.007463350419646307	4256	4147	0.16486751717369974	0.18626104023552503	8403	17649632	4516
ENSG00000116675	1.0420599768392458	0.10434462665444343	2.1768550551637413	0.058902606686493754	0.006146170503675713	3979	4429	0.21923454367026496	0.1309126594700687	8408	17622991	4517
ENSG00000165238	1.0156113751626807	0.09252069502068652	3.2574624798033756	0.0881423091485695	0.008154987703153867	4413	3995	0.1340529931305201	0.21609421000981355	8408	17629935	4518
ENSG00000170965	1.024840634676892	0.10225521476557045	2.6476766188334895	0.07164236963882001	0.007325805893731924	4229	4181	0.17016683022571144	0.17958783120706578	8410	17681449	4519
ENSG00000124406	1.0085213630892933	0.09047911999240778	3.627167073150947	0.09814599046877763	0.008880162848398241	4589	3828	0.09950932286555447	0.24887144259077532	8417	17566692	4520
ENSG00000203814	1.057307630658356	0.0686213566929148	2.8925820332938526	0.0782691623915724	0.005370936110527763	3839	4578	0.24671246319921492	0.10166830225711487	8417	17574942	4521
ENSG00000170231	1.0116295653403444	0.09828520305784096	3.2185224561684174	0.08708864740334128	0.008559525394070112	4517	3900	0.11364082433758582	0.23473994111874386	8417	17616300	4522
ENSG00000137877	1.065714162334674	0.10129868334998106	1.823592515598848	0.049343823994139585	0.004998464402059544	3767	4652	0.26084396467124626	0.08714425907752699	8419	17524084	4523
ENSG00000214575	1.0304669620464793	0.1341542862134124	1.886764082777921	0.05105315689919075	0.006848999822752286	4133	4288	0.18900883218842002	0.1585868498527968	8421	17722304	4524
ENSG00000180535	1.0070235913128618	0.09889787627737304	3.422223030482976	0.09260049569209233	0.009157992366179962	4655	3770	0.08655544651619229	0.2602551521099117	8425	17549350	4525
ENSG00000273669	1.089816453748054	0.1316416124119285	1.1021731947143405	0.029823241577180616	0.0039259796085705225	3600	4826	0.29362119725220803	0.05299313052011778	8426	17373600	4526
ENSG00000140470	1.0098617699928736	0.10399720454257096	3.096522989541677	0.08378751507409836	0.008713667343274754	4556	3870	0.10598626104023556	0.24062806673209025	8426	17631720	4527
ENSG00000152503	1.025658970370396	0.09006892516171816	2.9264099949737807	0.07918449899935988	0.007132062714341491	4208	4226	0.17428851815505397	0.17075564278704614	8434	17783008	4528
ENSG00000269696	1.1074895317493219	0.08979451682471154	1.2361420712529172	0.03344824914222939	0.00300346937035906	3501	4936	0.3130520117762512	0.03140333660451422	8437	17280936	4529
ENSG00000152213	1.0011316968162067	0.06901133906651656	5.615214341400047	0.15193972654599514	0.010485563986339477	4973	3469	0.024141315014720277	0.3193326790971541	8442	17251337	4530
ENSG00000145358	1.0040232499028163	0.10563641880274563	3.3933794696703403	0.09182002989398855	0.009699539132361998	4790	3652	0.060058881256133456	0.28341511285574095	8442	17493080	4531
ENSG00000274265	1.061213210348171	0.09407761645091359	1.9730239451335942	0.05338722628663792	0.0050225429979724534	3802	4646	0.25397448478900886	0.08832188420019627	8448	17664092	4532
ENSG00000086300	1.0119397698843546	0.11110681506928999	2.7864755130802727	0.0753980706244897	0.008377239489456442	4509	3942	0.11521099116781153	0.2264965652600589	8451	17774478	4533
ENSG00000276945	1.1313718065972418	0.13779064422588141	0.4799428289038574	0.012986571437481694	0.0017894280446560335	3406	5050	0.3316977428851815	0.009028459273797806	8456	17200300	4534
ENSG00000275393	1.0952663369242406	0.12865380633579296	1.0031234632421344	0.027143096492890047	0.003492062679550017	3574	4882	0.2987242394504416	0.04200196270853773	8456	17448268	4535
ENSG00000202538	1.0593579957563457	0.04743049785616881	3.950120837515838	0.10688466074229148	0.005069592672194587	3819	4637	0.2506378802747792	0.09008832188420024	8456	17708703	4536
ENSG00000186715	1.0994356844172537	0.09712708985583804	1.2121607938260548	0.032799349828164626	0.0031857053979732117	3545	4912	0.3044160942100098	0.03611383709519134	8457	17413040	4537
ENSG00000005249	1.0031285657181306	0.09062349447735446	4.0038944444144695	0.10833969818713687	0.009818122040340247	4841	3618	0.05004906771344453	0.2900883218842002	8459	17514738	4538
ENSG00000261888	1.0382996467363228	0.11932804223344519	1.8938181651323354	0.051244030350994806	0.006114849817935455	4026	4437	0.21000981354268888	0.129342492639843	8463	17863362	4539
ENSG00000116005	1.131281399641013	0.12487774593080517	0.4913622843785917	0.013295565687147804	0.0016603202738859745	3407	5057	0.33150147203140334	0.00765456329735037	8464	17229199	4540
ENSG00000212402	1.0851089969315288	0.05175767113983947	2.693612043718123	0.07288531700848445	0.0037723742686480866	3622	4842	0.28930323846908734	0.04985279685966637	8464	17537724	4541
ENSG00000267750	1.0285974504992417	0.10137209996918946	2.459390338163054	0.06654761024797981	0.006746070998768866	4159	4307	0.18390578999018647	0.1548577036310108	8466	17912813	4542
ENSG00000158014	1.000568451524671	0.0785956813009717	4.977107952069937	0.13467347375360472	0.010584753422833094	5033	3440	0.012365063788027486	0.32502453385672225	8473	17313520	4543
ENSG00000164715	1.133499277559976	0.10919827883718491	0.4556771097603335	0.012329975534467654	0.001346412106468467	3399	5076	0.33307163886162905	0.003925417075564264	8475	17253324	4544
ENSG00000108813	1.033264850302581	0.0894198338975435	2.6222546767987236	0.07095448798619063	0.006344738530010411	4088	4387	0.19784102060843967	0.13915603532875365	8475	17934056	4545
ENSG00000204624	1.0150519554792368	0.08223473961476986	3.5230958361325793	0.09532997057488134	0.00783943530770904	4420	4060	0.13267909715407267	0.20333660451422964	8480	17945200	4546
ENSG00000176092	1.030239869967139	0.10444784750155205	2.3395833217395845	0.06330580250798624	0.006612154806317518	4134	4348	0.18881256133464186	0.14681059862610402	8482	17974632	4547
ENSG00000233554	1.0341351846203461	0.11342398090671468	2.021902666703973	0.05470981508517512	0.006205405021630793	4076	4411	0.20019627085377822	0.13444553483807653	8487	17979236	4548
ENSG00000255443	1.0750684548501865	0.08461673356161042	1.796318661219629	0.04860583222316106	0.004112866754767558	3695	4796	0.2749754661432777	0.05888125613346418	8491	17721220	4549
ENSG00000148175	1.0148901444912033	0.10544888889627353	2.7355281910141818	0.07401950843392467	0.007805274921005704	4427	4067	0.13130520117762512	0.2019627085377821	8494	18004609	4550
ENSG00000144115	1.000660995140592	0.10511955130967233	3.676203160211551	0.09947283735402335	0.010456540030154948	5024	3473	0.01413150147203135	0.31854759568204116	8497	17448352	4551
ENSG00000255422	1.1185467766026105	0.09182300662320064	0.7862133369182561	0.021273816484161108	0.0019534257919258803	3460	5038	0.321099116781158	0.011383709519136365	8498	17431480	4552
ENSG00000167393	1.1129596649049691	0.11722424610520137	0.6698933318734723	0.018126362320563385	0.0021248491576577712	3478	5020	0.31756624141315015	0.014916584887144313	8498	17459560	4553
ENSG00000106327	1.004160538013399	0.084731525023853893	4.093689274215092	0.11076941877403597	0.00938566177872998	4781	3718	0.06182531894013743	0.27046123650637877	8499	17775758	4554
ENSG00000205181	1.0018697694501006	0.07851332959633005	4.714439905306501	0.12756604939344107	0.010015635281328957	4915	3589	0.03552502453385675	0.29578017664376843	8504	17639935	4555
ENSG00000128408	1.0444386369973069	0.08705276907944288	2.3470439033878194	0.06350767525345731	0.005528518988611468	3956	4549	0.22374877330716392	0.107360157016683	8505	17995844	4556
ENSG00000163075	1.0272517872908027	0.07682332498625113	3.2220294511641074	0.08718354170803679	0.0066977295580888906	4185	4323	0.17880274779195293	0.1517173699705594	8508	18091755	4557
ENSG00000172031	1.007164231030796	0.08418699132982758	3.834507027367244	0.10375631520979696	0.008734932008982035	4650	3863	0.08753680078508341	0.2420019627085378	8513	17962950	4558
ENSG00000206053	1.1210896728760016	0.13196053809735092	0.4297024542036208	0.0116271382387805	0.0015343234185217598	3450	5065	0.3230618253189401	0.006084396467124664	8515	17474250	4559
ENSG00000139194	1.0145635134879856	0.11844387432610297	2.408165350678465	0.06516153482547155	0.007717984641764134	4431	4084	0.13052011776251227	0.19862610402355252	8515	18096204	4560
ENSG00000165807	1.0449197691756336	0.11446015593058204	1.7629201278435038	0.04770211533549182	0.005459991559519002	3951	4567	0.22473012757605493	0.10382728164867516	8518	18044217	4561
ENSG00000246526	1.0750428484046097	0.13052213812619098	1.113689803845814	0.030134864666841146	0.003933266968459513	3696	4823	0.27477919528949946	0.053581943081452366	8519	17825808	4562
ENSG00000267508	1.0238345718712443	0.06399085389476393	3.9745726887976427	0.10754629311666215	0.006881979129751784	4245	4277	0.16702649656526003	0.1607458292443572	8522	18155865	4563
ENSG00000196787	1.0325396740073345	0.087727834669928	2.597548285929943	0.07028596813203933	0.006166035791903375	4101	4422	0.19528949950932284	0.13228655544651624	8523	18134622	4564
ENSG00000196381	1.0548582227476486	0.1208481790971297	1.5113282178518068	0.04089439550839935	0.004942013232467901	3866	4661	0.2414131501472031	0.08537782139352301	8527	18019426	4565
ENSG00000261469	1.0932759452098126	0.12756557546810093	0.8548938921562544	0.023132214783394462	0.0029508742906954265	3583	4945	0.2969578017664377	0.029636898920510357	8528	17717935	4566
ENSG00000188921	1.0119139523147376	0.08591599596255683	3.471302191533205	0.09392850809833281	0.008069961322545349	4510	4018	0.11501472031403337	0.2115799803729146	8528	18121180	4567
ENSG00000248265	1.0539515330868752	0.08314458598954114	2.211623324818744	0.05984338669286148	0.004975653610789983	3874	4655	0.2398429833169774	0.08655544651619229	8529	18033470	4568
ENSG00000188732	1.0131736943136853	0.09725774507468062	2.968844179077489	0.08033270776520947	0.007812978012987559	4465	4066	0.12384690873405302	0.20215897939156036	8531	18154690	4569
ENSG00000147231	1.016122438781391	0.0911527070094248	3.0559904676286145	0.08269076258679176	0.007537486854459734	4406	4126	0.13542688910696765	0.19038272816486757	8532	18179156	4570
ENSG00000109107	1.0129595460806253	0.10402981386850814	2.7757415476558682	0.07510762476219844	0.007813432224117256	4475	4064	0.12188420019627089	0.20255152109911678	8539	18186400	4571
ENSG00000279529	1.0959188656123893	0.07191320105355632	1.3569480873153603	0.036717088393886904	0.0026404433597707884	3569	4972	0.2997055937193327	0.024337585868498546	8541	17745068	4572
ENSG00000242779	1.0053858136431315	0.06962166537844115	4.69879274135864	0.12714265935578392	0.008851883684993518	4704	3838	0.0769381746810599	0.24690873405299318	8542	18053952	4573
ENSG00000229852	1.0511493140228703	0.11330199065286573	1.6440735388317615	0.044486295397465	0.005040385825304203	3899	4643	0.23493621197252212	0.08891069676153096	8542	18103057	4574
ENSG00000197653	1.0500379678942335	0.09219992838115343	2.034092581402701	0.0550396568674003	0.005074652421297567	3909	4635	0.23297350343474	0.09048086359175667	8544	18118215	4575
ENSG00000134030	1.0846223825786898	0.14345275368935317	0.8056408696384024	0.02179949793272117	0.0031271980074942135	3627	4922	0.2883218842001962	0.034151128557409205	8549	17852094	4576
ENSG00000169906	1.0043124908304555	0.08638475522229985	3.906331153157133	0.10569977406433465	0.009130849109599947	4773	3776	0.06339548577036314	0.2590775269872424	8549	18022848	4577
ENSG00000283199	1.014000772735788	0.12029921639163754	2.347589843674923	0.06352244762239813	0.007641700672253334	4451	4098	0.126594700686948	0.19587831207065753	8549	18240198	4578
ENSG00000144355	1.0199301671667451	0.06327152687959613	4.139772020185731	0.11201635244309369	0.007087445654557515	4317	4232	0.15289499509322868	0.16957801766437686	8549	18269544	4579
ENSG00000143891	1.0255869974559466	0.07928580307452072	3.086822561628714	0.08352503526925671	0.006622349498150686	4210	4343	0.17389597644749755	0.14779195289499514	8553	18284030	4580
ENSG00000141433	1.0013449788793676	0.10124549769875249	3.6393723149105845	0.09847624697950678	0.009970276636945436	4961	3593	0.026496565260058835	0.2949950932286556	8554	17824873	4581
ENSG00000169213	1.0033425790504833	0.07653541021350597	4.506788173938968	0.12194728840542883	0.009333285742534217	4822	3733	0.053778213935230634	0.2675171736997056	8555	18000526	4582
ENSG00000234432	1.0370496090628463	0.10940583046838448	1.925652507049551	0.05210542243891775	0.005700637013835792	4037	4519	0.2078508341511286	0.1132482826300294	8556	18243203	4583
ENSG00000186446	1.0102721261780196	0.08553015158784869	3.501143101703087	0.0947359607538204	0.008102781084094743	4547	4010	0.10775269872423943	0.2131501472031403	8557	18233470	4584
ENSG00000132563	1.0166584738360644	0.08643007990532806	3.1757204742247236	0.0859304865502099	0.00742697881883836	4397	4161	0.13719332679097151	0.18351324828263005	8558	18295917	4585
ENSG00000275367	1.0349897182973355	0.11970406916092913	1.789628047457843	0.04842479371535279	0.005796644856006317	4063	4499	0.20274779195289494	0.11717369970559377	8562	18279437	4586
ENSG00000274922	1.060606912664659	0.11717372572849008	1.366029645018015	0.03696282244962537	0.004331071619863279	3809	4757	0.2526005888125613	0.06653581943081455	8566	18119413	4587
ENSG00000144712	1.028507574019147	0.10769790848482581	2.1400313162584745	0.05790620860095382	0.006236377554608758	4161	4406	0.18351324828263005	0.13542688910696765	8567	18333366	4588
ENSG00000113161	1.095756198500495	0.12308404984514643	0.685141675897757	0.018538960857407735	0.002281850382250392	3570	5001	0.29950932286555443	0.018645731108930308	8571	17853570	4589
ENSG00000118985	1.0350720743941149	0.10334647491655262	2.049807766680877	0.05546488746566636	0.005732100601219902	4062	4514	0.2029440628066732	0.11422963689892052	8576	18335868	4590
ENSG00000233834	1.0576643706069317	0.07912328293118916	2.0691704341134924	0.05598881375165371	0.004430018751453751	3837	4743	0.24710500490677134	0.06928361138370953	8580	18198891	4591
ENSG00000164743	1.0017585391436803	0.08659450438129479	4.132657101098526	0.1118238328356877	0.009683329382423134	4926	3657	0.03336604514229635	0.2824337585868498	8583	18014382	4592
ENSG00000079101	1.0151188531111122	0.09689745439623595	2.8299335100847522	0.07657398231363298	0.00741982395917343	4419	4164	0.13287536800785082	0.18292443572129535	8583	18400716	4593
ENSG00000187595	1.015483311153884	0.09020246368728436	3.0309988734928845	0.08201452553722179	0.007397912261601104	4414	4169	0.13385672227674195	0.18194308145240434	8583	18401966	4594
ENSG00000146555	1.0006094914675765	0.06411141384924951	5.843375589537155	0.15811344593454152	0.010136876567440329	5029	3555	0.013150147203140339	0.3024533856722277	8584	17878095	4595
ENSG00000214922	1.0445458924911815	0.12498716086717572	1.5024485965883427	0.04065412556595823	0.005081243732026783	3955	4634	0.22394504416094207	0.09067713444553482	8589	18327470	4596
ENSG00000260805	1.0474841692348797	0.11273677549985765	1.6280236827609371	0.0440520090827781	0.004966281458282845	3933	4658	0.22826300294406277	0.08596663395485771	8591	18319914	4597
ENSG00000074416	1.0247533228050116	0.1001386621283485	2.4142646401180823	0.06532657293679488	0.006541715615320617	4232	4359	0.16957801766437686	0.14465161923454362	8591	18447288	4598
ENSG00000198088	1.0105579007650147	0.1098019673063558	2.644750997991619	0.07156320649318303	0.007857780859702472	4541	4053	0.1089303238469087	0.20471050049067718	8594	18404673	4599
ENSG00000177432	1.012275259068036	0.09572225950369194	2.9482823367711704	0.07977633350995263	0.00763637089849276	4498	4099	0.11736997055937193	0.19568204121687927	8597	18437302	4600
ENSG00000237651	1.0995436121350413	0.07224050180636732	0.8324050726028375	0.022523699260114105	0.0016271233370863472	3544	5058	0.3046123650637881	0.007458292443572101	8602	17925552	4601
ENSG00000103342	1.1052716523434	0.12894615822246136	0.23937980445198778	0.006477277592221052	8.352200612573393e-4	3510	5093	0.31128557409224733	5.888125613346951e-4	8603	17876430	4602
ENSG00000145681	1.0018240533758178	0.07338461349557021	4.796671051293383	0.12979110743667427	0.00952467025440237	4919	3685	0.0347399411187439	0.27693817468105986	8604	18126515	4603
ENSG00000157927	1.006975295506396	0.08465383668616422	3.646480062461526	0.09866857253532496	0.008352673225462348	4659	3949	0.08577036310107944	0.22512266928361135	8608	18398391	4604
ENSG00000287712	1.081766502383233	0.12207179518651791	0.8609139831047293	0.023295109896008317	0.0028436758840729537	3653	4956	0.2832188420019627	0.027477919528949957	8609	18104268	4605
ENSG00000254910	1.078379058338133	0.10665881763493881	1.0334094434031633	0.027962592110344398	0.002982457012497402	3670	4940	0.2798822374877331	0.030618253189401368	8610	18129800	4606
ENSG00000115641	1.0097482601700918	0.09310958792723985	3.115595137615053	0.08430358031875845	0.007849471624270568	4558	4057	0.10559371933267914	0.20392541707556433	8615	18491806	4607
ENSG00000137691	1.0171224825192935	0.08171586153494344	3.2051276417203023	0.08672620274483987	0.007086906374948767	4383	4233	0.1399411187438665	0.1693817468105986	8616	18553239	4608
ENSG00000235280	1.058719339660763	0.06350386831035823	2.4070941739874323	0.06513255030526936	0.004136168897303608	3825	4794	0.2494602551521099	0.0592737978410206	8619	18337050	4609
ENSG00000173110	1.0039463091644119	0.07614860620896613	4.325309010139508	0.11703671993109863	0.008912183098022287	4793	3826	0.05947006869479887	0.24926398429833174	8619	18338018	4610
ENSG00000188322	1.0071471377980723	0.0755882530136842	4.04320578396893	0.10940340721388299	0.00826961242504211	4652	3969	0.08714425907752699	0.2211972522080471	8621	18463788	4611
ENSG00000256751	1.0567732950110402	0.05633956073848428	2.7608190213556045	0.07470384239030911	0.004208781665746977	3844	4780	0.2457311089303238	0.06202158979391559	8624	18374320	4612
ENSG00000243069	1.020736677796274	0.09371289414952125	2.641392044588404	0.07147231798376275	0.006697877769833282	4302	4322	0.15583905789990182	0.15191364082433756	8624	18593244	4613
ENSG00000132517	1.0051410358289485	0.09340527910420511	3.377574422429771	0.09139236775862294	0.008536529618488333	4719	3907	0.07399411187438665	0.23336604514229642	8626	18437133	4614
ENSG00000183914	1.004135900433982	0.09313414673115922	3.49600793810782	0.09459701051879886	0.008810211857986826	4782	3847	0.06162904808635916	0.2451422963689892	8629	18396354	4615
ENSG00000198074	1.008696571967664	0.06742804873437429	4.332053736119615	0.11721922263869601	0.007903863456687464	4584	4046	0.10049067713444548	0.20608439646712462	8630	18546864	4616
ENSG00000215861	1.0231113029668262	0.08860754987671778	2.6678439854854568	0.07218806994302045	0.006396408007980176	4254	4377	0.16526005888125617	0.14111874386653578	8631	18619758	4617
ENSG00000277013	1.001603947203026	0.06653056305692207	5.258409186043551	0.14228508570078915	0.009466306866275913	4940	3697	0.030618253189401368	0.2745829244357213	8637	18263180	4618
ENSG00000009709	1.0011517099099398	0.06537450270018251	5.433143638095883	0.14701315185264616	0.009610911692753158	4972	3667	0.024337585868498546	0.2804710500490677	8639	18232324	4619
ENSG00000065320	1.0032068311897246	0.06984184377495302	4.7691938014339295	0.12904761207281956	0.009012923161920604	4836	3803	0.05103042198233565	0.2537782139352306	8639	18391308	4620
ENSG00000211689	1.0099045520701198	0.07044169646356042	4.046714264630417	0.10949834171858532	0.007713248950603802	4553	4086	0.10657507360157015	0.1982335623159961	8639	18603558	4621
ENSG00000120885	1.012838125386885	0.07876532441953035	3.4901314530406857	0.09443800117741558	0.007438439800271127	4482	4157	0.12051030421982334	0.1842983316977429	8639	18631674	4622
ENSG00000286381	1.0004936826117095	0.07089150380999958	5.1880939242246384	0.14038245456273862	0.009951923312491477	5042	3599	0.010598626104023512	0.2938174681059863	8641	18146158	4623
ENSG00000287566	1.0083663877381475	0.08625644322297005	3.3909345283544363	0.09175387325376547	0.007914362758801011	4600	4042	0.09735034347399407	0.20686947988223747	8642	18593200	4624
ENSG00000170044	1.010162256015157	0.07225377012334273	3.919566216377742	0.10605789608146443	0.007663082843235503	4549	4095	0.107360157016683	0.19646712463199212	8644	18628155	4625
ENSG00000260196	1.051399584129047	0.08006193517042431	2.024538846637913	0.05478114637084587	0.0043858845893041875	3895	4752	0.23572129538763498	0.06751717369970556	8647	18509040	4626
ENSG00000171433	1.0445663807695478	0.12068441799562686	1.454324729058063	0.039351962045863054	0.00474916863649098	3954	4695	0.22414131501472034	0.07870461236506376	8649	18564030	4627
ENSG00000187867	1.0054814018642713	0.08378953915753282	3.679516776630105	0.09956249910901664	0.008342295917716775	4699	3952	0.07791952894995091	0.22453385672227677	8651	18570448	4628
ENSG00000063180	1.0129364016753941	0.08775602739513089	3.104944319934831	0.08401538431635605	0.007372856367678591	4477	4174	0.12149165848871446	0.18096172718351322	8651	18686998	4629
ENSG00000166831	1.0088907393523137	0.0950674177437268	3.0138765629221225	0.08155122012663821	0.007752863911289736	4580	4076	0.10127576054955834	0.20019627085377822	8656	18668080	4630
ENSG00000137261	1.008351748262684	0.10203538450096397	2.8431364567905395	0.07693123530347672	0.00784970817432438	4601	4056	0.09715407262021591	0.2041216879293425	8657	18661656	4631
ENSG00000220785	1.041110050837055	0.09811130495561418	1.8421275970820588	0.04984535697949747	0.004890393019236928	3991	4667	0.2168792934249264	0.08420019627085373	8658	18625997	4632
ENSG00000152128	1.0007049884711419	0.09711137017818115	3.6921716964574642	0.09990492326972125	0.009701903986268684	5017	3650	0.015505397448478897	0.2838076545632974	8667	18312050	4633
ENSG00000130720	1.0024050298314835	0.07660829567589211	4.393020420677893	0.1188688945509335	0.009106343420424354	4884	3783	0.041609421000981306	0.25770363101079485	8667	18476172	4634
ENSG00000278259	1.0839407973270603	0.11700373751590924	0.6140331570462514	0.01661486531047004	0.0019440013396484226	3629	5039	0.2879293424926398	0.011187438665358207	8668	18286531	4635
ENSG00000223855	1.0648432502479739	0.10830084373018604	1.1609854774231674	0.031414618434594914	0.0034022296819284856	3780	4888	0.25829244357212955	0.04082433758586845	8668	18476640	4636
ENSG00000136689	1.0042363970219663	0.0715317885462131	4.431436692259154	0.11990838430930985	0.00857726119133161	4776	3893	0.06280667320902844	0.2361138370951914	8669	18592968	4637
ENSG00000139044	1.0010549167236398	0.06730012704774607	5.203633265797386	0.1408029270800316	0.009476054881180652	4980	3693	0.02276741903827284	0.27536800785083415	8673	18391140	4638
ENSG00000171388	1.015124009081386	0.09263242338239733	2.785378993765113	0.07536840036886483	0.006981557572622718	4418	4255	0.1330716388616291	0.1650637880274779	8673	18798590	4639
ENSG00000167037	1.0036823336828034	0.087440940752902	3.666790654013342	0.0992181483019378	0.008675728227282388	4802	3876	0.0577036310107949	0.23945044160942097	8678	18612552	4640
ENSG00000285928	1.0666481915892527	0.1309740997972026	0.8825782823957133	0.023881315071795424	0.0031278337435017723	3759	4921	0.2624141315014721	0.034347399411187474	8680	18498039	4641
ENSG00000005961	1.0414237859003792	0.10424692871194602	1.6911777571512314	0.04576086865780445	0.004770430012766866	3989	4691	0.21727183513248283	0.07948969578017662	8680	18712399	4642
ENSG00000187122	1.01243393964174	0.06895159260580438	3.9069177047376513	0.10571564531720776	0.007289262107971821	4493	4191	0.11835132482826305	0.17762512266928365	8684	18830163	4643
ENSG00000049089	1.0128843659361508	0.09738073239741812	2.7497353735883134	0.07440393462036378	0.007245509646580639	4480	4206	0.12090284592737977	0.1746810598626104	8686	18842880	4644
ENSG00000231527	1.0562830129242002	0.10905318291578234	1.283693121662043	0.0347349130444191	0.00378795282579683	3852	4840	0.2441609421000981	0.0502453385672228	8692	18643680	4645
ENSG00000158856	1.0076799075289584	0.08385968028577911	3.4320887205041406	0.09286744725491185	0.007787834435753363	4627	4070	0.09205103042198237	0.2013738959764475	8697	18831890	4646
ENSG00000286830	1.052739146286544	0.10280228106111304	1.4402278485325446	0.03897052047623193	0.004006258399095456	3887	4812	0.23729146221786068	0.055740922473012766	8699	18704244	4647
ENSG00000259038	1.0401852089590187	0.11244898242045144	1.5543975117941784	0.04205978944463535	0.004729580523867689	4001	4698	0.21491658488714427	0.07811579980372918	8699	18796698	4648
ENSG00000117266	1.0172250040749675	0.1025685871343671	2.415889386839421	0.06537053627595481	0.006704963546040576	4380	4319	0.1405299313052012	0.15250245338567225	8699	18917220	4649
ENSG00000270872	1.069416819351527	0.1026940150269594	0.9719560689511451	0.026299751060675714	0.002700827030630323	3734	4967	0.26732090284592736	0.025318940137389556	8701	18546778	4650
ENSG00000087076	1.019793399388917	0.08854229635701609	2.659612111916069	0.07196532713338763	0.006371975322474019	4321	4384	0.15210991167811583	0.13974484789008834	8705	18943264	4651
ENSG00000188760	1.0687972523604201	0.08163688981962279	1.2172051198489335	0.03293584212746552	0.002688779714876393	3739	4968	0.26633954857703634	0.0251226692836114	8707	18575352	4652
ENSG00000130433	1.005363808431087	0.06584716086143698	4.569276292907	0.12363812817237692	0.008141219714373467	4708	3999	0.07615309126594705	0.2153091265947007	8707	18827292	4653
ENSG00000168491	1.020032457336389	0.11052287539926507	2.1175129694634145	0.05729689411244291	0.006332617488754412	4316	4393	0.15309126594700684	0.13797841020608437	8709	18960188	4654
ENSG00000133640	1.0116993888509824	0.07999830697153065	3.3603813853712987	0.09092714858971264	0.007274017944925812	4515	4195	0.11403336604514225	0.1768400392541708	8710	18940425	4655
ENSG00000283000	1.0274313409669285	0.09334055272106251	2.2315157200455467	0.06038164666075287	0.005636056273522571	4182	4532	0.17939156035328752	0.11069676153091268	8714	18952824	4656
ENSG00000174567	1.00595753700886	0.07926044806735773	3.7459449990014897	0.10135995247916318	0.008033835249584561	4690	4025	0.07968596663395489	0.21020608439646715	8715	18877250	4657
ENSG00000215915	1.0032485283019035	0.07893292889334477	4.02815735960995	0.10899621821929842	0.008603390742347372	4830	3886	0.05220804710500493	0.23748773307163884	8716	18769380	4658
ENSG00000139344	1.0108577934543677	0.09565348432480329	2.8243855505592634	0.07642386240690456	0.007310208724779769	4532	4186	0.11069676153091268	0.17860647693817466	8718	18970952	4659
ENSG00000185818	1.0052823936034416	0.07664180337291611	3.9153712616349057	0.10594438656290517	0.008119768843418394	4715	4007	0.0747791952894995	0.213738959764475	8722	18893005	4660
ENSG00000184702	1.0712535697874335	0.08654050307965204	0.9736745188643664	0.026346249875150666	0.002280017718457758	3723	5002	0.26947988223748776	0.01844946025515215	8725	18622446	4661
ENSG00000198780	1.0247532177566312	0.09952268244279347	2.1621674141910026	0.058505179978033096	0.0058225924482122665	4233	4495	0.1693817468105986	0.11795878312070662	8728	19027335	4662
ENSG00000157423	1.014850032365864	0.08229065131608736	3.0619893519510573	0.08285308387821831	0.006818034235885002	4429	4299	0.1309126594700687	0.15642787046123652	8728	19040271	4663
ENSG00000144648	1.0028261928858646	0.08428069527528097	3.8150355812802292	0.10322944552788586	0.008700249441971964	4857	3872	0.04690873405299312	0.24023552502453382	8729	18806304	4664
ENSG00000174343	1.0033466742219521	0.07503712943038832	4.199661820561954	0.11363688539852647	0.008526985677715435	4821	3910	0.05397448478900879	0.23277723258096172	8731	18850110	4665
ENSG00000181378	1.0140534467676583	0.0942866951426373	2.68597858288667	0.07267876639780174	0.006852640690692484	4446	4286	0.127576054955839	0.15897939156035323	8732	19055556	4666
ENSG00000144290	1.0052562591024021	0.08229187617289624	3.624724211543386	0.09807989010250914	0.008071178171366954	4716	4017	0.07458292443572134	0.21177625122669286	8733	18944172	4667
ENSG00000172575	1.0016008984136122	0.06689279964710679	5.015848342158188	0.13572173369853613	0.009078806740054159	4941	3793	0.03042198233562321	0.2557409224730127	8734	18741213	4668
ENSG00000180938	1.0045391989017267	0.07254735457913941	4.19045095143921	0.11338765235938095	0.008225974220612203	4758	3978	0.06633954857703628	0.21943081452404323	8736	18927324	4669
ENSG00000287338	1.011695482232074	0.09683733240747029	2.7299497423264842	0.0738685635337611	0.007153234641381162	4516	4220	0.11383709519136409	0.17193326790971541	8736	19057520	4670
ENSG00000287315	1.0279354456751106	0.07163886137698672	2.798381615375393	0.07572023284608322	0.005424511264293712	4169	4572	0.18194308145240434	0.10284592737978415	8741	19060668	4671
ENSG00000251661	1.053037455440249	0.10364520564785899	1.301521787783086	0.03521733143317747	0.0036501075587604876	3883	4860	0.23807654563297354	0.04631992149165853	8743	18871380	4672
ENSG00000204950	1.0005207397571783	0.05915988331184181	5.901583477688338	0.1596884687334585	0.009447151176518103	5039	3705	0.011187438665358207	0.2730127576054956	8744	18669495	4673
ENSG00000272734	1.0386564949201897	0.08611097086847452	1.9447324112555942	0.05262169755351421	0.004531305465080339	4020	4725	0.21118743866535816	0.07281648675171737	8745	18994500	4674
ENSG00000218014	1.0499513955234159	0.0929227939180517	1.5298172034736053	0.04139468120520295	0.0038465094309345213	3911	4835	0.23258096172718357	0.05122669283611381	8746	18909685	4675
ENSG00000100427	1.0082883407908763	0.07733948768225805	3.566963840030162	0.09651697646834748	0.00746457351270255	4605	4146	0.09636898920510306	0.1864573110893032	8751	19092330	4676
ENSG00000144802	1.0189273391679157	0.08922868230847104	2.567895479783114	0.06948360530431026	0.006199930543345494	4339	4413	0.148577036310108	0.1340529931305201	8752	19148007	4677
ENSG00000100373	1.0007099177654135	0.08897931621820089	3.8677003590799752	0.10465447963183849	0.009312084036812622	5014	3740	0.016094210009813592	0.2661432777232581	8754	18752360	4678
ENSG00000141622	1.0069075524444162	0.0873414468259873	3.2441042662299613	0.08778085485776474	0.007666906866899167	4661	4093	0.08537782139352301	0.19685966633954854	8754	19077473	4679
ENSG00000153093	1.03959487574962	0.09040304433467869	1.7780015331480117	0.04811019674762985	0.004349308249526096	4008	4754	0.21354268891069672	0.06712463199214913	8762	19054032	4680
ENSG00000158813	1.0269086880065161	0.10569020618329619	1.8969071990999407	0.051327615223769614	0.005424826235897103	4193	4571	0.17723258096172723	0.10304219823356231	8764	19166203	4681
ENSG00000261150	1.0049479872388396	0.08113403743334889	3.620618241928302	0.09796878839514914	0.007948603344951866	4732	4036	0.07144259077526982	0.20804710500490675	8768	19098352	4682
ENSG00000197888	1.0163454254761453	0.05268686433052688	4.548823695907208	0.12308470993998774	0.006484947413770387	4404	4365	0.13581943081452408	0.14347399411187434	8769	19223460	4683
ENSG00000267296	1.0305792686966397	0.0779091300374316	2.3942551043938343	0.06478514331338062	0.005047354154895814	4131	4642	0.18940137389597644	0.08910696761530912	8773	19176102	4684
ENSG00000249846	1.0505802024895143	0.11716625461174902	1.12736372613762	0.03050486158726327	0.0035741403796294507	3904	4870	0.233954857703631	0.0443572129538764	8774	19012480	4685
ENSG00000128594	1.017863902054632	0.09109047985612427	2.5167425926893143	0.06809948081599514	0.006203214385481926	4365	4412	0.14347399411187434	0.13424926398429837	8777	19258380	4686
ENSG00000167333	1.002805100143281	0.07666607081814239	4.088567470038291	0.11063083002590793	0.00848163104943613	4861	3921	0.046123650637880265	0.23061825318940132	8782	19059981	4687
ENSG00000129990	1.0239914630642228	0.05722159103540624	3.6015907222137713	0.09745393073050769	0.00557646896905392	4241	4541	0.16781157998037288	0.1089303238469087	8782	19258381	4688
ENSG00000189431	1.0006826970356857	0.06276768237181157	5.415526220089402	0.1465364495378982	0.00919775332048779	5022	3762	0.014524043179587887	0.2618253189401374	8784	18892764	4689
ENSG00000225439	1.025699132588686	0.09416636568143627	2.105797675976437	0.05697989490625168	0.005365589620231904	4206	4581	0.1746810598626104	0.10107948969578018	8787	19267686	4690
ENSG00000079257	1.0016382138059166	0.08250317970751032	3.9323991334664448	0.10640513659530718	0.00877876210632481	4937	3856	0.031207065750736063	0.24337585868498524	8793	19037072	4691
ENSG00000258405	1.0084142698465413	0.08501015801620665	3.1586508605859587	0.08546860704377719	0.0072656997902165715	4597	4199	0.09793915603532877	0.17605495583905795	8796	19302803	4692
ENSG00000230076	1.0069978669767874	0.08337680110299549	3.3206148133609896	0.0898511216191355	0.0074914990961197185	4658	4140	0.08596663395485771	0.18763493621197247	8798	19284120	4693
ENSG00000163485	1.0026891899789665	0.07208309419457358	4.317614340488804	0.11682851309668273	0.008421360714160154	4866	3935	0.045142296368989254	0.22787046123650634	8801	19147710	4694
ENSG00000047617	1.001861980077706	0.09651347079565378	3.2918477097474503	0.08907272464427102	0.008596717808644162	4916	3887	0.035328753680078484	0.23729146221786068	8803	19108492	4695
ENSG00000125531	1.0309098912920887	0.10393206228906454	1.7167054628291043	0.04645161212443329	0.004827811844744067	4125	4679	0.19057899901864572	0.08184494602551518	8804	19300875	4696
ENSG00000119402	1.0728413187109584	0.11763964384653273	0.21495179716592955	0.005816290402517113	6.842263314601198e-4	3711	5095	0.2718351324828263	1.962708537782687e-4	8806	18907545	4697
ENSG00000078900	1.0167687825210483	0.08400806661077628	2.715908282315358	0.07348862156455302	0.006173637015529101	4394	4418	0.1377821393523062	0.1330716388616291	8812	19412692	4698
ENSG00000254681	1.0529757483566753	0.0518358046905684	2.1827064708841726	0.059060937686953405	0.003061471230782747	3884	4930	0.23788027477919527	0.0325809617271835	8814	19148120	4699
ENSG00000188573	1.006574278354695	0.08474354149040234	3.260603752443796	0.08822730752565246	0.0074766944958866155	4673	4141	0.08302257114818445	0.1874386653581943	8814	19350893	4700
ENSG00000170629	1.0220266265317084	0.07813950367492302	2.6328782930417813	0.07124194795632906	0.005566810454142249	4273	4543	0.16153091265947006	0.10853778213935228	8816	19412239	4701
ENSG00000204581	1.0461494256104398	0.10936134813310454	1.191737602689399	0.03224672727667599	0.003526545567857841	3942	4877	0.2264965652600589	0.042983316977428854	8819	19225134	4702
ENSG00000147100	1.00529522458005	0.08036088554880154	3.5050550909803055	0.09484181362868736	0.007621572130255711	4714	4105	0.07497546614327777	0.19450441609421	8819	19350970	4703
ENSG00000168679	1.0271760816971327	0.11682377649142021	1.6179190652762454	0.04377859248206947	0.005114380503234254	4187	4632	0.1784102060843965	0.09106967615309125	8819	19394184	4704
ENSG00000135314	1.021083929812132	0.08873642382584082	2.3578552201438954	0.06380021413294569	0.005661402841480468	4294	4526	0.15740922473012753	0.11187438665358196	8820	19434644	4705
ENSG00000251359	1.0512024442550556	0.1284874046858636	0.8903080423417248	0.024090471399774587	0.00309532214781606	3898	4925	0.23513248282630028	0.03356231599607462	8823	19197650	4706
ENSG00000187556	1.0414917305256421	0.1081302527385608	1.289734882544408	0.03489839451467299	0.0037735722190415945	3986	4841	0.21786064769381752	0.05004906771344453	8827	19296226	4707
ENSG00000178773	1.0049174596157824	0.07315897037464772	3.872960621507554	0.10479681486362365	0.007666827073965284	4733	4094	0.07124631992149166	0.1966633954857704	8827	19376902	4708
ENSG00000124224	1.019473041277769	0.11751917975644209	1.8171623982138747	0.04916983414838636	0.005778398577878661	4324	4503	0.15152109911678113	0.11638861629048092	8827	19470972	4709
ENSG00000106484	1.011482013325959	0.06528070049290205	3.8113039199041947	0.10312847206996162	0.006732298897489779	4522	4312	0.11265947006869481	0.1538763493621197	8834	19498864	4710
ENSG00000227827	1.0526867141085028	0.04047137977234777	2.677355355781539	0.0724454341172087	0.0029319666769301533	3889	4946	0.23689892051030426	0.02944062806673209	8835	19234994	4711
ENSG00000014257	1.011535993074084	0.0895978591739066	2.773386806112687	0.07504390879974272	0.006723773572498839	4521	4315	0.11285574092247297	0.1532875368007851	8836	19508115	4712
ENSG00000259985	1.0504317334768893	0.10758379571118899	1.0433427909928048	0.028231374390894022	0.003037238415116035	3906	4932	0.23356231599607458	0.03218842001962707	8838	19264392	4713
ENSG00000184350	1.0016744737968444	0.08796072548440236	3.588140069224362	0.09708997516036887	0.00854010465236865	4935	3906	0.03159960745829249	0.23356231599607458	8841	19276110	4714
ENSG00000168754	1.0047189604669082	0.07744654145953891	3.641607563499083	0.09853672963228724	0.00763132891675431	4744	4101	0.06908734052993126	0.19528949950932284	8845	19455144	4715
ENSG00000237223	1.0199067693040424	0.08547487898544126	2.440707206653862	0.06604207123914801	0.005644938047114067	4319	4528	0.15250245338567225	0.11148184494602553	8847	19556432	4716
ENSG00000117407	1.0075647972235517	0.08961552883561724	2.9471483535786924	0.07974564953500576	0.007146448555419336	4632	4222	0.09106967615309125	0.171540726202159	8854	19556304	4717
ENSG00000163435	1.0036981493105563	0.07897830230603933	3.675205300379309	0.09944583668391103	0.007854063352698941	4800	4055	0.058096172718351324	0.20431795878312076	8855	19464000	4718
ENSG00000174738	1.0626922975383473	0.10368714826793415	0.5582868807978791	0.015106450234185824	0.0015663447452341941	3794	5062	0.25554465161923456	0.006673209028459248	8856	19205228	4719
ENSG00000116985	1.022874911844784	0.09631127794751981	2.0292214270634035	0.05490785034795555	0.005288245236362769	4258	4598	0.16447497546614331	0.0977428851815505	8856	19578284	4720
ENSG00000179299	1.005135366019527	0.09184862033625316	3.023135025086077	0.08180174096589739	0.007513377048821236	4721	4136	0.07360157016683022	0.18842001962708543	8857	19526056	4721
ENSG00000196876	1.0048636406586255	0.08384747035520838	3.321623554305713	0.08987841671670052	0.007536077881226613	4736	4127	0.07065750736015697	0.1901864573110893	8863	19545472	4722
ENSG00000166582	1.010795485972861	0.08921827868920942	2.7668311382904998	0.07486652173743849	0.0066794622008625425	4536	4329	0.10991167811579983	0.15053974484789012	8865	19636344	4723
ENSG00000100078	1.0014890861787908	0.06973180314072283	4.500612082519156	0.12178017214157925	0.008491950990219944	4950	3919	0.028655544651619236	0.23101079489695775	8869	19399050	4724
ENSG00000183784	1.0088410081394101	0.09211441942905324	2.745725155217705	0.07429542380571373	0.0068436798300987815	4582	4290	0.10088321884200191	0.15819430814524038	8872	19656780	4725
ENSG00000054179	1.006830910109768	0.0746157613639974	3.5774113137488928	0.09679967027189774	0.007222781097121556	4665	4209	0.08459273797841016	0.17409224730127582	8874	19634985	4726
ENSG00000259065	1.0467598106726355	0.10988472492962484	1.009040837313352	0.027303212232661963	0.003000205965881228	3938	4937	0.22728164867517175	0.031207065750736063	8875	19441906	4727
ENSG00000245105	1.0384765182509859	0.11516809093804559	1.1718353521144214	0.031708200637057454	0.003651772934450428	4022	4858	0.21079489695780174	0.04671246319921496	8880	19538876	4728
ENSG00000110455	1.0563843114630578	0.09755176631378455	0.7676990849175475	0.02077284711502213	0.0020264279274366127	3850	5031	0.24455348380765451	0.012757605495583912	8881	19369350	4729
ENSG00000104321	1.0003728727031371	0.05031472798946019	6.519990824400218	0.17642169340498726	0.008876609515111877	5052	3831	0.00863591756624138	0.24828263002944062	8883	19354212	4730
ENSG00000267571	1.0549735901055246	0.09926289652016797	0.7814428700764454	0.021144734425423393	0.0020988875852172356	3863	5022	0.2420019627085378	0.014524043179587887	8885	19399986	4731
ENSG00000204420	1.0322030596474465	0.11734129155926827	1.3223359364065093	0.03578053273910342	0.004198533924285078	4106	4781	0.19430814524043183	0.06182531894013743	8887	19630786	4732
ENSG00000187642	1.0437999722664488	0.0958939665769134	1.192043638065622	0.03225500815939028	0.0030930606743746407	3962	4926	0.22257114818449464	0.03336604514229635	8888	19516812	4733
ENSG00000204421	1.0077933336007474	0.08226927653931798	3.106911626406814	0.08406861683593797	0.006916264286753744	4620	4268	0.09342492639842981	0.16251226692836118	8888	19718160	4734
ENSG00000161905	1.0017557212734483	0.06727160491963	4.55691162025499	0.12330355768808997	0.008294828217977994	4927	3962	0.033169774288518195	0.22257114818449464	8889	19520774	4735
ENSG00000173809	1.000268407418157	0.08249842990360472	3.9756590186001906	0.10757568765854472	0.008874825327630526	5062	3832	0.006673209028459248	0.24808635917566246	8894	19397584	4736
ENSG00000224746	1.033688134039726	0.11241621179943809	1.317063711818462	0.03563787382824211	0.004006274772357316	4083	4811	0.19882237487733068	0.055937193326790924	8894	19643313	4737
ENSG00000112293	1.0250301227494711	0.08879082203276396	2.0189771339020046	0.054630654321772894	0.004850700705417985	4223	4675	0.17134445534838072	0.08263002944062803	8898	19742525	4738
ENSG00000138769	1.004088768578978	0.09122998481496745	3.074550173439413	0.08319296187148793	0.00758969264824801	4786	4113	0.06084396467124631	0.19293424926398428	8899	19684818	4739
ENSG00000261104	1.004842115804654	0.0745326109404123	3.67077084553698	0.09932584663274657	0.007403014683405562	4737	4167	0.07046123650637881	0.18233562315996077	8904	19739079	4740
ENSG00000185303	1.0017852595073404	0.08088821826027563	3.7492604015961493	0.10144966256554555	0.008206082448033163	4925	3981	0.03356231599607462	0.21884200196270853	8906	19606425	4741
ENSG00000262943	1.0015414637400017	0.06815083807697596	4.49902433181557	0.12173720986212583	0.008296492877256579	4946	3961	0.02944062806673209	0.2227674190382728	8907	19591106	4742
ENSG00000265148	1.033817565978583	0.08967651364883047	1.6003751069979968	0.04330387788325563	0.0038833407960450618	4080	4833	0.19941118743866537	0.051619234543670234	8913	19718640	4743
ENSG00000225972	1.004531084708464	0.07182887449244377	3.828381020938487	0.10359055417468531	0.007440792914416168	4759	4156	0.06614327772325812	0.18449460255152106	8915	19778404	4744
ENSG00000267128	1.0253496961366932	0.11391495314282044	1.5290779341871876	0.04137467762806539	0.00471319446330037	4216	4699	0.17271835132482827	0.07791952894995091	8915	19810984	4745
ENSG00000171126	1.0204797684556752	0.10592899944368869	1.8301023543631114	0.049519970987213065	0.005245600979155973	4307	4608	0.1548577036310108	0.09578017664376837	8915	19846656	4746
ENSG00000089356	1.0148090368237683	0.0765701478117033	2.8220042222905497	0.07635942704540874	0.005846852615683923	4430	4487	0.13071638861629054	0.11952894995093233	8917	19877410	4747
ENSG00000204516	1.0050363013404353	0.07878824892289811	3.4104102193764088	0.09228085779758877	0.0072706471949749866	4727	4198	0.07242394504416094	0.1762512266928361	8925	19843946	4748
ENSG00000118156	1.0018399715851123	0.07575920480235009	3.9465540201653013	0.10678814772962081	0.008090185154311959	4917	4014	0.035132482826300326	0.21236506378802744	8931	19736838	4749
ENSG00000257556	1.0249629773125648	0.09730464377809055	1.7783897683321048	0.04812070184042243	0.004682367750934011	4226	4707	0.17075564278704614	0.0763493621197252	8933	19891782	4750
ENSG00000088340	1.0152785519850456	0.08367557209510722	2.5206143636989817	0.0682042454416516	0.005707029256645306	4416	4517	0.13346418056918552	0.11364082433758582	8933	19947072	4751
ENSG00000111254	1.029553573074491	0.0976430576390137	1.577882777312898	0.04269526738079631	0.0041688964537761955	4149	4785	0.1858684985279686	0.06104023552502458	8934	19852965	4752
ENSG00000225742	1.012564281282338	0.08776638451811487	2.5602393599202795	0.06927644157241389	0.006080142809091196	4490	4445	0.11894013738959763	0.12777232580961728	8935	19958050	4753
ENSG00000004139	1.030793499238642	0.10625438890120326	1.4059613889000462	0.038043318736509374	0.0040422695841215	4129	4810	0.18979391560353287	0.05613346418056919	8939	19860490	4754
ENSG00000043355	1.003705783954195	0.05348779625481035	5.161261609093586	0.13965641021683542	0.0074699136153563075	4799	4143	0.05829244357212959	0.18704612365063789	8942	19882257	4755
ENSG00000164920	1.0104976515078077	0.09520780994505942	2.4434638023162707	0.06611666080344232	0.0062948224759760965	4544	4399	0.10834151128557412	0.1368007850834151	8943	19989056	4756
ENSG00000139304	1.0032530340918109	0.0752475374947935	3.7204095832950057	0.10066900039010827	0.0075750943814180535	4829	4117	0.052404317958783087	0.19214916584887143	8946	19880993	4757
ENSG00000167080	1.0025330804030383	0.06196891592751314	4.638286626978448	0.12550544981856168	0.007777436668251168	4874	4073	0.04357212953876355	0.2007850834151128	8947	19851802	4758
ENSG00000141682	1.0082815358928563	0.07456484471569433	3.287699293546146	0.08896047439256147	0.006633323958915848	4606	4341	0.09617271835132479	0.14818449460255156	8947	19994646	4759
ENSG00000055732	1.009150007518456	0.07681322971494364	3.0857902623816864	0.08349710271748383	0.0064136821315703306	4573	4374	0.10264965652600588	0.14170755642787047	8947	20002302	4760
ENSG00000166165	1.0026176069124513	0.07515577229335052	3.8093764236818863	0.10307631675920585	0.0077467801911921454	4871	4077	0.04416094210009813	0.19999999999999996	8948	19859067	4761
ENSG00000102931	1.0535562203154731	0.06656553339976563	0.7777092598456684	0.021043708234257174	0.001400785663322369	3879	5072	0.2388616290480864	0.004710500490677116	8951	19674288	4762
ENSG00000272106	1.0505343377760978	0.09540810971376111	0.7007046665991072	0.018960073286539238	0.0018089447523030868	3905	5047	0.23375858684985285	0.0096172718351325015	8952	19708535	4763
ENSG00000200253	1.0540414300479484	0.12433696071567805	0.3406520072133508	0.009217559593715504	0.001146083345098226	3872	5083	0.24023552502453382	0.002551521099116827	8955	19681376	4764
ENSG00000272189	1.0164538444660338	0.09661476564833735	2.1055661700830455	0.0569736306855119	0.005504493976815654	4401	4556	0.13640824337585866	0.10598626104023556	8957	20050956	4765
ENSG00000184343	1.0105055580383029	0.09540470801472804	2.393731520352169	0.06477097587269579	0.006179456040963536	4542	4415	0.10873405299313055	0.13366045142296368	8957	20052930	4766
ENSG00000187952	1.0471429358443862	0.060906491641853563	1.2646236416436196	0.03421891999353742	0.0020841543645796425	3935	5024	0.22787046123650634	0.01413150147203135	8959	19769440	4767
ENSG00000215182	1.0050968023620468	0.06696583417080329	3.908718528823048	0.1057643730598115	0.007082599467502311	4724	4235	0.07301275760549564	0.16898920510304216	8959	20006140	4768
ENSG00000164749	1.0015079126756044	0.06584897923508255	4.536318166614217	0.1227463280750105	0.008082720408593997	4947	4016	0.02924435721295393	0.21197252208047102	8963	19867152	4769
ENSG00000248213	1.0485866195351032	0.09576688296878605	0.7272447806663784	0.019678211086578277	0.00188452093816341	3923	5041	0.2302257114818449	0.01079489695780178	8964	19775843	4770
ENSG00000273355	1.0264135822824128	0.09041458310028033	1.7434861926431382	0.04717626064490846	0.004265421938439561	4197	4769	0.17644749754661437	0.06418056918547599	8966	20015493	4771
ENSG00000154478	1.00220073337906	0.04551115589852288	6.299729489456374	0.17046173444967527	0.00775791057127178	4892	4075	0.0400392541707556	0.20039254170755638	8967	19934900	4772
ENSG00000271387	1.038842016342981	0.10137116102186337	1.04181213026913	0.028189956885229964	0.002857648658612033	4019	4952	0.21138370951913643	0.02826300294406281	8971	19902088	4773
ENSG00000103226	1.0291295767712187	0.09055584389817892	1.6191086617473422	0.043810781273365636	0.003967322270048159	4155	4818	0.18469087340529933	0.05456329735034349	8973	20018790	4774
ENSG00000174672	1.0139194967612448	0.06331972052696115	3.3149807749063	0.08969867253881388	0.005679694876797099	4452	4522	0.12639842983316973	0.11265947006869481	8974	20131944	4775
ENSG00000146197	1.0034559448477425	0.07706606470807424	3.565174639541376	0.09646856324376266	0.007434452537238765	4816	4159	0.05495583905789991	0.18390578999018647	8975	20029744	4776
ENSG00000232040	1.001723558870514	0.07190996570323907	4.040201008240433	0.10932210224941283	0.007861348623361271	4928	4052	0.032973503434739926	0.20490677134445534	8980	19968256	4777
ENSG00000255495	1.0344040716406349	0.11821428029075648	1.0014487343110001	0.02709778070610714	0.0032033446436492024	4071	4909	0.20117762512266923	0.03670264965652603	8980	19984539	4778
ENSG00000149150	1.0108571612844865	0.09843342523961629	2.2758697698311505	0.06158180426576993	0.006061707926315348	4533	4448	0.11050049067713441	0.1271835132482826	8981	20162784	4779
ENSG00000148344	1.0029570479796142	0.06876221877608611	4.046724896098232	0.10949862939100785	0.007529368709866055	4853	4130	0.04769381746810597	0.1895976447497547	8983	20042890	4780
ENSG00000280132	1.0254978033547169	0.12051641777461317	1.306157181117882	0.035342758594618016	0.004259382660096285	4213	4771	0.17330716388616285	0.06378802747791956	8984	20100223	4781
ENSG00000232140	1.0173451273595637	0.10201813251651733	1.9047300744618687	0.05153929112268079	0.005257942231561014	4379	4605	0.14072620215897935	0.09636898920510306	8984	20165295	4782
ENSG00000103089	1.0086951057807778	0.07719175506733016	3.0094430116159643	0.0814312545238795	0.006285821454032728	4586	4402	0.10009813542688906	0.1362119725220805	8988	20187572	4783
ENSG00000152782	1.0269242603413467	0.10688264960727678	1.4200878278019384	0.038425560113832656	0.004107025677610126	4192	4797	0.17742885181550538	0.05868498527968602	8989	20109024	4784
ENSG00000127903	1.0013649379811007	0.069949253564739855	4.204259866303117	0.1137613019871164	0.007957518158551748	4959	4035	0.02688910696761526	0.20824337585868502	8994	20009565	4785
ENSG00000174370	1.012130151870618	0.09908916843338536	2.178455408429575	0.05894590997338612	0.005840901201812027	4503	4491	0.11638861629048092	0.11874386653581948	8994	20222973	4786
ENSG00000167721	1.0507583827112372	0.10776772165247983	0.3281539258953861	0.00887937926036643	9.569104725779716e-4	3903	5092	0.23415112855740927	7.850834151128527e-4	8995	19874076	4787
ENSG00000272279	1.0152753948668707	0.10161038069574874	1.9529077628100748	0.05284291095768418	0.005369388299481842	4417	4579	0.13326790971540725	0.1014720314033366	8996	20225443	4788
ENSG00000203799	1.0065851118190074	0.08796628020068369	2.8047667405916163	0.07589300526763837	0.006676025366645039	4671	4330	0.08341511285574088	0.15034347399411185	9001	20225430	4789
ENSG00000205362	1.0006973100923782	0.0741699028424274	4.082484881508739	0.11046624381749588	0.008193270571311567	5019	3986	0.01511285574092247	0.21786064769381752	9005	20005734	4790
ENSG00000272501	1.0424655816837083	0.10801540333666976	0.6810220651681121	0.018427490040857905	0.0019904527692457315	3973	5035	0.22041216879293424	0.01197252208047106	9008	20004055	4791
ENSG00000170379	1.0113047869311858	0.09956512300370711	2.170019882821371	0.058717656628766206	0.005846230704732546	4524	4489	0.11226692836113839	0.1191364082433759	9013	20308236	4792
ENSG00000253203	1.0067168232158494	0.09788618503992146	2.4848976054457848	0.06723780068065836	0.006581651799104281	4668	4352	0.08400392541707558	0.14602551521099116	9020	20315136	4793
ENSG00000164796	1.0043744984787797	0.07152298189435945	3.6141361657310735	0.09779339261771712	0.006994475049584966	4770	4251	0.06398429833169772	0.16584887144259075	9021	20277270	4794
ENSG00000180767	1.0307991448472145	0.08281514423930886	1.4862403406724483	0.04021555317638948	0.0033304568369662904	4128	4894	0.18999018645731114	0.039646712463199174	9022	20202432	4795
ENSG00000278530	1.0007432901069429	0.0642334222680321	4.654814035731674	0.12595265803071568	0.008090370269068003	5010	4013	0.016879293424926445	0.2125613346418057	9023	20105130	4796
ENSG00000123570	1.0160960928789726	0.08745070355996729	2.197289457209735	0.05945553258926972	0.0051994281554642	4407	4616	0.13523061825318938	0.09421000981354266	9023	20342712	4797
ENSG00000255366	1.017952731509068	0.09455264017093432	1.926893340217905	0.052138997622486236	0.0049298798810721405	4362	4662	0.14406280667320903	0.08518155053974485	9024	20335644	4798
ENSG00000165449	1.0031547300473462	0.0895355877770037	3.0113778504098163	0.0814836085141949	0.007295682782509702	4839	4188	0.050441609421000955	0.17821393523061824	9027	20265732	4799
ENSG00000249917	1.0141962599685073	0.07717548223006551	2.550966218159444	0.06902552352410796	0.005327078064155763	4441	4588	0.12855740922473013	0.09970559371933263	9029	20375308	4800
ENSG00000278291	1.0253831626109624	0.10182436475862296	1.435815221710116	0.03885112106029046	0.003955990722124434	4215	4820	0.17291462217860643	0.05417075564278706	9035	20316300	4801
ENSG00000268686	1.0002268912282097	0.06792170432170891	4.491650725107022	0.12153769053501941	0.008255047080462947	5065	3971	0.006084396467124664	0.22080471050049066	9036	20113115	4802
ENSG00000156509	1.0283244000450575	0.09973953363908605	1.318029245338106	0.03566399979423847	0.0035571107071818058	4165	4875	0.1827281648675172	0.04337585868498528	9040	20304375	4803
ENSG00000129991	1.017738294727057	0.0635134366588091	2.8250447133827685	0.07644169841690586	0.004855074970493938	4366	4674	0.14327772325809618	0.0828263002944063	9040	20406684	4804
ENSG00000197587	1.015930481536292	0.075414468240222493	2.4911791330942235	0.06740776989913648	0.005083521122202654	4408	4633	0.13503434739941123	0.09087340529931309	9041	20422264	4805
ENSG00000172828	1.0026869711717765	0.06691580389445656	4.057648464850928	0.10979420565012837	0.007346967534031625	4867	4178	0.044946025515210986	0.18017664376840037	9045	20334326	4806
ENSG00000250303	1.019227130104934	0.10681159352533331	1.6015481412319117	0.043335618523931814	0.00462874647094711	4331	4715	0.1501472031403337	0.0747791952894995	9046	20420665	4807
ENSG00000204540	1.0120244856529386	0.09417965118150408	2.186110357394805	0.059153042022455964	0.005571012863999756	4508	4542	0.1154072620215898	0.10873405299313055	9050	20475336	4808
ENSG00000133433	1.0049709923520838	0.08249085713888671	2.9941116479136443	0.0810164095924344	0.006683113069595037	4730	4327	0.07183513248282625	0.15093228655544655	9057	20466710	4809
ENSG00000286132	1.0207295426578253	0.10132459287083985	1.5855447274477013	0.04290258887157324	0.004347087350517183	4303	4755	0.15564278704612367	0.06692836113837097	9058	20460765	4810
ENSG00000273156	1.0269919448539993	0.11144859607939302	1.1894570166576193	0.03218501785705892	0.003586975054959411	4191	4868	0.17762512266928365	0.04474975466143283	9059	20401788	4811
ENSG00000253771	1.0215082316263921	0.11771323272684307	1.3244099092198593	0.0358366514984179	0.004218448097984036	4283	4778	0.15956820412168793	0.062414131501472014	9061	20464174	4812
ENSG00000227630	1.0104945375763246	0.0905403887049765	2.328742495306808	0.0630124651385497	0.005705173086903071	4545	4518	0.10814524043179585	0.11344455348380766	9063	20534310	4813
ENSG00000238142	1.013736053742725	0.0938630373014251	2.0672204441556588	0.05593604979235544	0.00525032752815423	4458	4606	0.12522080471050046	0.09617271835132479	9064	20533548	4814
ENSG00000144045	1.009318898809593	0.08725879341849029	2.442524756929829	0.06609125156871762	0.005767042867404202	4568	4504	0.103631010794897	0.11619234543670265	9072	20574272	4815
ENSG00000242715	1.008114541145276	0.07943006990398882	2.7822339304374304	0.0752832994211673	0.005979757735626239	4611	4462	0.09519136408243378	0.1244357212953876	9073	20574282	4816
ENSG00000232093	1.0299678757011137	0.09498807063519073	1.1695900429579433	0.031647445759593336	0.0030061298132356192	4140	4935	0.18763493621197247	0.03159960745829249	9075	20430900	4817
ENSG00000198681	1.0017861211000267	0.060598237756568835	4.544186197531965	0.12295922581914184	0.0074511124005519945	4924	4152	0.03375858684985278	0.1852796859666339	9076	20444448	4818
ENSG00000189366	1.0038328992755854	0.07543178773102782	3.367389464094319	0.09111677724857574	0.00687310140014991	4797	4279	0.05868498527968602	0.16035328753680078	9076	20526363	4819
ENSG00000270127	1.0138966643621439	0.09393089832507716	2.0269902668792392	0.054847478321590884	0.005151872909612227	4454	4623	0.1260058881256133	0.09283611383709522	9077	20590842	4820
ENSG00000143507	1.0128527444289062	0.0938647223624841	2.0773528497253264	0.056210218299184794	0.005276156534587604	4481	4600	0.12070657507360161	0.09735034347399407	9081	20612600	4821
ENSG00000282995	1.0352930840043524	0.054205340714391294	1.4085770363270307	0.0381140944416978	0.0020659874752327165	4056	5027	0.2041216879293425	0.013542688910696765	9083	20389512	4822
ENSG00000229660	1.0276704230073428	0.09663387620430497	1.222568914663459	0.03308097879862679	0.0031967432099437383	4175	4910	0.18076545632973506	0.03650637880274776	9085	20499250	4823
ENSG00000233030	1.0188440364002476	0.08501274611409987	1.9183502900738763	0.05190783481661037	0.004412827582597131	4341	4746	0.14818449460255156	0.06869479882237484	9087	20602386	4824
ENSG00000250770	1.0263675408814155	0.08507259428889596	1.4616216924087027	0.03954940751253707	0.00336457069968028	4198	4892	0.1762512266928361	0.0400392541707556	9090	20536616	4825
ENSG00000196436	1.0013740751913969	0.07082857328082581	3.9233377125087365	0.10615994741129305	0.007519157614709384	4958	4133	0.02708537782139353	0.18900883218842002	9091	20491414	4826
ENSG00000232386	1.0251191074053911	0.09625135760707067	1.3691892689240903	0.03704831738589838	0.0035659508454503586	4221	4872	0.17173699705593715	0.043964671246319975	9093	20564712	4827
ENSG00000275160	1.0238557387701106	0.10814060292757458	1.2717782412380956	0.03441251329912435	0.0037213899364204857	4244	4850	0.1672227674190383	0.048282630029440665	9094	20583400	4828
ENSG00000282870	1.0341858094868501	0.06206262837622661	1.2389553392118668	0.03352437217839417	0.0020806106520539877	4075	5025	0.20039254170755638	0.013935230618253192	9100	20476875	4829
ENSG00000182612	1.0130516078087786	0.08850747797376572	2.1433502373294333	0.05799601389230865	0.005133080922139719	4472	4629	0.12247301275760547	0.09165848871442595	9101	20700888	4830
ENSG00000266835	1.0190159400224565	0.10863824794322886	1.4540780340420352	0.0393452868290331	0.004274403025929955	4338	4765	0.14877330716388615	0.06496565260058884	9103	20670570	4831
ENSG00000167701	1.00819674303653	0.0888106658335908	2.4202351113322944	0.06548812540985897	0.005816044021843272	4609	4496	0.09558390578999021	0.11776251226692835	9105	20722064	4832
ENSG00000173406	1.0011795981507685	0.07495334734284138	3.6948540956144797	0.09997750518193772	0.007493648672372503	4968	4139	0.0251226692836114	0.18783120706575074	9107	20562552	4833
ENSG00000186777	1.0179518371896057	0.06860031456024955	2.381797485756263	0.0644480578427065	0.004421157040806824	4363	4744	0.14386653581943076	0.06908734052993126	9107	20698072	4834
ENSG00000258986	1.0036758453820482	0.05579676061254214	4.4902777522204556	0.12150053983831278	0.006779336535652978	4805	4304	0.0571148184494602	0.1554465161923454	9109	20680720	4835
ENSG00000196155	1.0069097230112993	0.08515795170681575	2.629283130673945	0.07114466796773983	0.00605853419899423	4660	4449	0.08557409224730128	0.12698724239450443	9109	20732340	4836
ENSG00000147485	1.0003969626386477	0.07421701732442341	3.897646060661091	0.10546476779411162	0.007827280498491875	5049	4062	0.009224730127576075	0.2029440628066732	9111	20509038	4837
ENSG00000268658	1.028384488094436	0.04706970295222473	2.255920516527396	0.061042005799053965	0.0028732290805694493	4163	4950	0.18312070657507362	0.028655544651619236	9113	20606850	4838
ENSG00000136574	1.0020330314470955	0.06205798877251498	4.2639885641940065	0.11537747573805952	0.007160094093953617	4905	4218	0.037487733071638885	0.17232580961727184	9123	20689290	4839
ENSG00000107165	1.0004244799180333	0.07517826573051366	3.8033688010712465	0.10291375902210893	0.007736877923090153	5047	4078	0.0096172718351325015	0.1998037291462218	9125	20581666	4840
ENSG00000143502	1.000917331996251	0.07814010516874327	3.5594378922052208	0.09631333500695387	0.007525934126595778	4993	4132	0.020215897939156013	0.18920510304219829	9125	20631076	4841
ENSG00000181449	1.0011245299776408	0.05551071066950842	4.9520143684363225	0.1339944770130458	0.007438128644783281	4974	4158	0.02394504416094212	0.18410206084396463	9132	20681892	4842
ENSG00000172818	1.0026281297192334	0.07806866949049392	3.278269856236521	0.08870532720864298	0.006925106871897666	4870	4262	0.0443572129538764	0.16368989205103046	9132	20755940	4843
ENSG00000224271	1.0006740333061175	0.05736362212859805	4.8953764573115155	0.13246193556311534	0.007598496418065252	5023	4111	0.014327772325809618	0.1933267909715407	9134	20649553	4844
ENSG00000124466	1.0053988930658722	0.0726253143675928	3.123896435983167	0.0845282016648625	0.00613888721883792	4703	4431	0.07713444553483806	0.13052011776251227	9134	20838993	4845
ENSG00000137720	1.0311491623907387	0.09751026744910869	0.808884527329923	0.021887266703901426	0.0021342332300273996	4120	5018	0.19156035328753684	0.01530912659470074	9138	20674160	4846
ENSG00000232104	1.021807975849747	0.1008150460503523	1.3242106176193076	0.03583125895069848	0.0036123300211567655	4278	4864	0.16054955839057905	0.04553483807654568	9142	20808192	4847
ENSG00000273706	1.003878561005896	0.07129341184735025	3.4060380982626586	0.09216255440860656	0.006570582948356612	4796	4355	0.05888125613346418	0.14543670264965658	9151	20886580	4848
ENSG00000100504	1.002386723287734	0.07343516820971333	3.4782280222232562	0.09411591124221491	0.006911417773282502	4885	4269	0.04141315014720315	0.1623159960745829	9154	20854065	4849
ENSG00000004848	1.0032379083753329	0.06683060431324421	3.695838573447282	0.10000414375414746	0.006683337360918221	4834	4326	0.051422963689892076	0.1511285574092247	9160	20911884	4850
ENSG00000283196	1.0131093689990809	0.09229035047618382	1.9092152807689364	0.051660654436414655	0.004767779903765729	4467	4693	0.12345436702649659	0.07909715407262019	9160	20963631	4851
ENSG00000186529	1.0055399860514382	0.05879371504931914	3.740375343054426	0.1012092454980756	0.005950467540170443	4697	4469	0.07831207065750734	0.12306182531894017	9166	20990893	4852
ENSG00000276846	1.0216249262824253	0.093165807290728625	1.3691307926788518	0.03704673510173775	0.0034514889832391706	4281	4886	0.15996074582924436	0.04121687929342488	9167	20916966	4853
ENSG00000250486	1.0175390631205123	0.0980402930453045	1.542698267187725	0.04174322449836189	0.004092517962475333	4372	4799	0.1421000981354269	0.05829244357212959	9171	20981228	4854
ENSG00000204792	1.0000047745753577	0.04282872583421996	6.6739577662641	0.1805878202207427	0.0077343462412335934	5094	4079	3.9254170755642637e-4	0.19960745829244353	9173	20778426	4855
ENSG00000269416	1.0015636429080357	0.062287495096779714	4.221439540018214	0.11422615956293077	0.007114861353700028	4944	4229	0.029833169774288515	0.17016683022571144	9173	20908176	4856
ENSG00000104899	1.0053801123755397	0.07284619030273078	3.005413281126848	0.08132221573900959	0.005924013603563621	4706	4473	0.07654563297350347	0.12227674190382731	9179	21049938	4857
ENSG00000187210	1.0033233292981822	0.07890568550091069	3.063339427473185	0.08288961500475718	0.006540461892856938	4825	4360	0.05318940137389594	0.14445534838076546	9185	21037000	4858
ENSG00000166268	1.0097361878954927	0.0752744358999701	2.5264745290530235	0.06836281319477239	0.005145972199771524	4560	4625	0.10520117762512271	0.0924435721295388	9185	21090000	4859
ENSG00000287104	1.0301843935606247	0.08826723033609993	0.7116424966845817	0.019256035437073847	0.0016996769152843	4136	5054	0.18842001962708543	0.008243375858684954	9190	20903344	4860
ENSG00000230445	1.0092234316664834	0.08314139202224585	2.291878985379579	0.06201499090562981	0.00515601267014098	4571	4622	0.10304219823356231	0.09303238469087338	9193	21127162	4861
ENSG00000234261	1.011749365977284	0.09617470593843713	1.848616338455319	0.05002093310712843	0.004810748532344311	4514	4684	0.11422963689892052	0.08086359175662416	9198	21143576	4862
ENSG00000168785	1.0051103394232996	0.08585663920484121	2.538706997863249	0.06869380643082838	0.005897819354338834	4723	4477	0.0732090284592738	0.12149165848871446	9200	21144871	4863
ENSG00000167103	1.0209922432541738	0.10023280488147354	1.1742219578733568	0.0317727787999447	0.0031846747379970764	4296	4913	0.1570166830225711	0.03591756624141318	9209	21106248	4864
ENSG00000184515	1.0027619281116908	0.06991521263463668	3.4902997200626373	0.09444255424409258	0.006602971261733942	4862	4349	0.04592737978410211	0.14661432777232586	9211	21144838	4865
ENSG00000165973	1.0036900960225732	0.05566283273909316	4.120843789442155	0.11150418139701722	0.0062066385988116726	4801	4410	0.057899901864573056	0.1346418056918548	9211	21172410	4866
ENSG00000241945	1.0005356384394546	0.0687402324621847	3.9557003681982565	0.10703563491969577	0.007357654426117422	5037	4175	0.011579980372914633	0.18076545632973506	9212	21029475	4867
ENSG00000126778	1.0035210056905763	0.06831297096283008	3.4051867343250577	0.09213951770938095	0.006294324197810108	4812	4400	0.055740922473012766	0.13660451422963693	9212	21172800	4868
ENSG00000198157	1.0143928908001913	0.05772763312203979	2.7013209704000074	0.07309390961791931	0.004219538397878781	4436	4777	0.12953876349362115	0.06261040235525028	9213	21190772	4869
ENSG00000133665	1.0033421988748383	0.07009200981408674	3.337396381793418	0.09030520703130523	0.0063296734575013815	4823	4394	0.053581943081452366	0.1377821393523062	9217	21192262	4870
ENSG00000006740	1.001688835020686	0.0681680702512405	3.6806056571828085	0.09959196267057639	0.006788991907786773	4934	4302	0.03179587831207065	0.15583905789990182	9236	21226068	4871
ENSG00000230521	1.0149557430356706	0.0975914408990676	1.514338107329811	0.04097583884366972	0.0039988911548017115	4423	4813	0.13209028459273797	0.0555446516192345	9236	21287899	4872
ENSG00000116329	1.0020605422641897	0.052413962621165155	4.690928870749733	0.12692987418370222	0.006652897680973764	4903	4337	0.03788027477919531	0.14896957801766442	9240	21264311	4873
ENSG00000115318	1.0087431476129798	0.07407756144422545	2.479298600642534	0.06708629956119734	0.00496958947781031	4583	4657	0.10068694798822375	0.08616290480863587	9240	21343031	4874
ENSG00000233930	1.010067069964964	0.05630788478149511	3.105816922887377	0.08403899571316695	0.004732058087769566	4550	4697	0.10716388616290484	0.07831207065750734	9247	21371350	4875
ENSG00000259943	1.028082128250703	0.08792492206741363	0.4518177027466888	0.01222554546098685	0.0010749301318888913	4167	5085	0.18233562315996077	0.0021589793915604005	9252	21189195	4876
ENSG00000188886	1.0175243851752813	0.09803995518960475	1.328998313790301	0.03596080721061846	0.0035255959275110487	4374	4878	0.14170755642787047	0.042787046123650585	9252	21336372	4877
ENSG00000100346	1.000696071599901	0.06250939402715648	4.175132172688779	0.11297314795886348	0.007061883020248847	5020	4238	0.014916584887144313	0.16840039254170758	9258	21274760	4878
ENSG00000225489	1.0010059274025802	0.07301136485597311	3.4744537605856807	0.09401378508170519	0.006864074764091419	4983	4282	0.022178606476938145	0.1597644749754662	9265	21337206	4879
ENSG00000224616	1.021504042210588	0.09191218621034365	0.9732134678372227	0.0263337744890427	0.00242039478445809	4284	4988	0.15937193326790966	0.021197252208047135	9272	21368592	4880
ENSG00000176595	1.0011160019021759	0.06731389720931301	3.7444816325246655	0.10132035586026193	0.0068202680195886866	4975	4297	0.02374877330716385	0.15682041216879294	9272	21377575	4881
ENSG00000172594	1.004090393064479	0.07853999921187763	2.7488655876872543	0.07438039944896593	0.005841836514100927	4785	4490	0.06104023552502458	0.11894013738959763	9275	21484650	4882
ENSG00000162997	1.017154467725751	0.09042958160968279	1.3591600049766808	0.036776939744907554	0.003325723274016504	4382	4895	0.14013738959764477	0.039450441609421016	9277	21449890	4883
ENSG00000163995	1.0028188050239197	0.07660750713206577	2.9784236125010883	0.08059191363097956	0.006173945598272095	4860	4417	0.04631992149165853	0.13326790971540725	9277	21466620	4884
ENSG00000124507	1.0021036955614533	0.07437093063513538	3.1723767476473896	0.08584001005707607	0.006384001433674128	4899	4380	0.038665358194308164	0.1405299313052012	9279	21457620	4885
ENSG00000231249	1.0237012540821226	0.10580560306352173	0.6982977096760525	0.018894944450049314	0.0019991909923892104	4246	5034	0.16683022571148187	0.012168792934249217	9280	21374364	4886
ENSG00000226383	1.000638474852012	0.06236961534404799	4.1395473489804555	0.11201027315930916	0.006986037651527855	5027	4253	0.013542688910696765	0.16545632973503432	9280	21379831	4887
ENSG00000230438	1.0011660418391144	0.08004706489235508	3.1098603497462207	0.08414840510235302	0.006735832843816236	4970	4310	0.024730127576054972	0.15426889106967612	9280	21420700	4888
ENSG00000226496	1.0067455019497078	0.11365077632283313	1.69914909327263	0.04597656169405452	0.005225271929183929	4667	4614	0.08420019627085373	0.09460255152109909	9281	21533538	4889
ENSG00000158321	1.000984372311887	0.06451146352911101	3.9078310164503822	0.10574035823526334	0.006821465263849324	4987	4296	0.021393523061825293	0.1570166830225711	9283	21424152	4890
ENSG00000187653	1.0167671870513142	0.09443272187091663	1.3186096157524727	0.03567970379353269	0.0033693315447713614	4395	4891	0.13758586849852794	0.04023552502453387	9286	21495945	4891
ENSG00000226887	1.0012423074019032	0.06704598752108809	3.6826227387282637	0.0996465420329665	0.0066809008136618515	4965	4328	0.025711481844945983	0.15073601570166828	9293	21488520	4892
ENSG00000227001	1.019168131756743	0.10507807502406202	0.9672992669833463	0.026173744612026102	0.0027502867000031178	4335	4963	0.14936211972522084	0.02610402355250241	9298	21514605	4893
ENSG00000221947	1.0071323322818524	0.0870427740205218	2.1244160524469398	0.057483681735687873	0.0050035391191870756	4653	4651	0.08694798822374872	0.08734052993130526	9304	21641103	4894
ENSG00000130700	1.0007077543586198	0.056097407363691	4.5120633561830035	0.12209002734626134	0.006848933999087397	5016	4289	0.015701668302257166	0.15839057899901865	9305	21513624	4895
ENSG00000262001	1.0089131763825152	0.08245348617134754	2.027326117478673	0.05485656596190802	0.004523115102947797	4579	4727	0.1014720314033366	0.07242394504416094	9306	21644933	4896
ENSG00000205667	1.005340849422921	0.07925306762621742	2.47002686080195	0.0668354194468627	0.005296912017248817	4712	4596	0.0753680078508342	0.09813542688910692	9308	21656352	4897
ENSG00000213963	1.0140158915372894	0.08869378313681793	1.5126089444895272	0.04092905015260068	0.0036301522982307094	4449	4861	0.12698724239450443	0.046123650637880265	9310	21626589	4898
ENSG00000273162	1.0215953259774349	0.10853525687152578	0.6959460539431956	0.01883131198523916	0.002043861283545774	4282	5030	0.1597644749754662	0.01295387634936207	9312	21538460	4899
ENSG00000255150	1.0095104115696216	0.11466699488782867	1.4188730856291663	0.038392690915555736	0.004402374492944015	4564	4748	0.10441609421000986	0.06830225711481841	9312	21669872	4900
ENSG00000160469	1.0075026024713976	0.07352440543267372	2.4249873365698718	0.06561671387668898	0.004824429874229428	4634	4681	0.09067713444553482	0.08145240431795875	9315	21691754	4901
ENSG00000142178	1.000316336878129	0.06161963511448678	4.150179732669491	0.11229797036408609	0.006919759957932435	5057	4265	0.00765456329735037	0.16310107948969577	9322	21568105	4902
ENSG00000205710	1.0141296758825868	0.09616803207277007	1.3157083820394178	0.03560120052897206	0.003423697394299304	4444	4887	0.12796859666339544	0.04102060843964672	9331	21717828	4903
ENSG00000226686	1.0053778821570982	0.07160682318450877	2.657597014008869	0.07191080144543197	0.005149304044159364	4707	4624	0.0763493621197252	0.09263984298331696	9331	21765168	4904
ENSG00000272989	1.0148504399852936	0.08915886237347623	1.3451121390614011	0.036396824441029374	0.0032450994611693137	4428	4905	0.13110893032384696	0.037487733071638885	9333	21719340	4905
ENSG00000109339	1.0014838188073085	0.07038320004590366	3.3468943529316335	0.09056220864330825	0.00637405804754083	4951	4383	0.028459273797840967	0.1399411187438665	9334	21700233	4906
ENSG00000125851	1.0028512641088876	0.05765310419332944	3.77384742040701	0.10211495238131632	0.005887243989336904	4856	4478	0.047105004906771386	0.12129538763493619	9334	21745168	4907
ENSG00000267751	1.0098796982882152	0.09943471557538183	1.5578042278878892	0.04215197034463804	0.004191369182161013	4555	4782	0.10618253189401372	0.06162904808635916	9337	21782010	4908
ENSG00000119782	1.0086769765717836	0.10233005907950823	1.5861334265806015	0.04291851823416431	0.004391854506506985	4587	4750	0.0999018645731109	0.06790971540726198	9337	21788250	4909
ENSG00000180229	1.003548852689578	0.08348430452088736	2.498256089585846	0.0675992622926124	0.005643477398623791	4811	4529	0.055937193326790924	0.11128557409224726	9340	21789019	4910
ENSG00000100228	1.000756846172696	0.06432657394189985	3.8243097780728523	0.10348039212385383	0.006656539095491874	5008	4334	0.01727183513248287	0.149558390578999	9342	21704672	4911
ENSG00000255277	1.013517647508813	0.07624280949097138	1.6904005184592883	0.045739837682469434	0.003487333730572471	4460	4883	0.12482826300294403	0.041805691854759575	9343	21778180	4912
ENSG00000134716	1.0012202474542935	0.06045930460210161	3.905936805712846	0.10568910358246054	0.0063898897066150505	4966	4378	0.025515210991167825	0.14092247301275762	9344	21741148	4913
ENSG00000060656	1.0045897749175319	0.08469342410900303	2.322415811425932	0.0628412740565431	0.005322242675220894	4754	4590	0.06712463199214913	0.0993130520117762	9344	21820860	4914
ENSG00000273812	1.0034043855156567	0.07261793162246052	2.8671868811166705	0.07758200563444799	0.005633844780295692	4819	4533	0.05436702649656522	0.11050049067713441	9352	21844527	4915
ENSG00000224738	1.0123362909678326	0.09113949424794428	1.4805356784905632	0.04006119311829475	0.0036511568797706092	4496	4859	0.11776251226692835	0.04651619234543669	9355	21846064	4916
ENSG00000143429	1.007781231881452	0.07845415490904287	2.1055958766557326	0.05697443450318586	0.00446988111036806	4621	4734	0.09322865554465165	0.0710500490677134	9355	21875814	4917
ENSG00000221890	1.0028192017754385	0.052982769977641814	4.0158964223637925	0.10866445466779091	0.005757343806409452	4859	4508	0.04651619234543669	0.1154072620215898	9367	21904372	4918
ENSG00000260430	1.0165539794519323	0.09454653474562888	1.0321318200306766	0.027928021436093697	0.002640497649084301	4398	4971	0.13699705593719336	0.024533856722276703	9369	21862458	4919
ENSG00000223496	1.0214646525335327	0.10315389098738206	0.38577406927561986	0.010438498520371544	0.0010767717384423552	4287	5084	0.15878312070657508	0.002355250245338558	9371	21795108	4920
ENSG00000175970	1.0204900314659415	0.09798027174319739	0.5336262124085532	0.014439167565403244	0.0014147535618037716	4306	5069	0.15505397448478897	0.0052993130520118115	9375	21827114	4921
ENSG00000104313	1.0007435980226647	0.0612150288325563	3.8758020957985817	0.10487370112308184	0.006419846638026347	5009	4373	0.017075564278704602	0.14190382728164863	9382	21904357	4922
ENSG00000257702	1.0040034430291989	0.07839332590365107	2.4956502330127357	0.06752875151402692	0.0052938034253057825	4792	4597	0.05966633954857703	0.09793915603532877	9389	22028824	4923
ENSG00000123201	1.00045371742651	0.06840834521516795	3.576291692762011	0.09676937491784016	0.006619832805635624	5044	4346	0.010206084396467086	0.14720314033366044	9390	21921224	4924
ENSG00000231359	1.0170101837112602	0.09026623843542766	0.9080385076603013	0.024570232614262093	0.0022178624755729032	4384	5011	0.13974484789008834	0.016683022571148176	9395	21968224	4925
ENSG00000288007	1.0176011691700584	0.09097546739253119	0.8306759648115842	0.022476912058593663	0.0020448475800713788	4371	5029	0.14229636898920506	0.013150147203140339	9400	21981759	4926
ENSG00000196353	1.0012533602205143	0.061233467731600495	3.679344349682585	0.0995578334806608	0.006096271383866099	4964	4442	0.02590775269872425	0.12836113837095187	9406	22050088	4927
ENSG00000176945	1.0009494269028951	0.062128169612581746	3.666166558070935	0.09920126115194448	0.006163192778630023	4990	4424	0.02080471050049071	0.13189401373895981	9414	22075760	4928
ENSG00000135686	1.0193025413854242	0.10735817406205937	0.35961940968369704	0.009730790571095023	0.0010446799078930656	4329	5086	0.15053974484789012	0.001962708537782132	9415	22017294	4929
ENSG00000130822	1.0008616985289325	0.06278792233296014	3.628579702609027	0.09818421421599757	0.006164782816516777	4998	4423	0.019234543670265003	0.13209028459273797	9421	22106154	4930
ENSG00000224596	1.0080730299001124	0.0737338668559989	2.0292712937915485	0.05490919967080904	0.0040486676176968925	4613	4808	0.09479882237487736	0.05652600588812562	9421	22179304	4931
ENSG00000287576	1.0132485771530892	0.09271300925634596	1.1031412725925287	0.02984943638990623	0.002767431072314086	4463	4961	0.12423945044160944	0.026496565260058835	9424	22140943	4932
ENSG00000131914	1.0022539453681216	0.056669443484488755	3.6635155193715705	0.09912952780918062	0.005617615173826417	4889	4535	0.040628066732090296	0.11010794896957798	9424	22171615	4933
ENSG00000276832	1.0149514742456067	0.0971231751180059	0.8641755745632153	0.02338336392945694	0.002271066549768709	4424	5003	0.13189401373895981	0.01825318940137388	9427	22133272	4934
ENSG00000205869	1.0138102095036046	0.06700320987526434	1.449460076423082	0.03922033145330477	0.002627888099743211	4457	4973	0.12541707556427872	0.024141315014720277	9430	22164661	4935
ENSG00000135253	1.006118756834671	0.08431876041153984	1.926672067638112	0.05213301030068126	0.004395790805075481	4684	4749	0.08086359175662416	0.06810598626104025	9433	22244316	4936
ENSG00000178125	1.0141609093789685	0.07849614491262359	1.0838253862958283	0.029326775935028124	0.0023020388536160096	4443	4998	0.1281648675171737	0.019234543670265003	9441	22206114	4937
ENSG00000231806	1.0025295709125728	0.06878561636456008	2.933926781594044	0.07938789257156369	0.005460745122418489	4876	4566	0.04317958783120701	0.10402355250245343	9442	22263816	4938
ENSG00000154274	1.000388880397636	0.05960119729327341	3.9175338197114087	0.10600290231365063	0.006317899894455479	5050	4396	0.009028459273797806	0.13738959764474978	9446	22199800	4939
ENSG00000287091	1.013170360719701	0.1032947529541247	0.8798559492078204	0.023807652601409227	0.00245920559388019	4466	4982	0.12365063788027475	0.022374877330716414	9448	22249612	4940
ENSG00000127561	1.0030154489413448	0.0779680732055805	2.4965869171019146	0.06755409685540072	0.005267062768958758	4849	4603	0.04847890088321882	0.09676153091265949	9452	22319947	4941
ENSG00000253878	1.0144335775615263	0.08815990128706161	0.8945933294013211	0.02420642518255464	0.0021340360546066597	4434	5019	0.12993130520117757	0.01511285574092247	9453	22254246	4942
ENSG00000213225	1.0000181946749744	0.05470768609313806	4.3601465592796504	0.11797937454195827	0.006454378587906217	5086	4368	0.001962708537782132	0.14288518155053975	9454	22215648	4943
ENSG00000155099	1.0074811666407268	0.0790535725144262	1.8435830811796112	0.049884740312408506	0.003943566935650305	4635	4822	0.09048086359175667	0.053778213935230634	9457	22349970	4944
ENSG00000277142	1.0150029268830352	0.06314351452771047	1.1631558350924045	0.03147334523124444	0.0019873376318447302	4422	5036	0.13228655544651624	0.011776251226692791	9458	22269192	4945
ENSG00000227218	1.0047951498061203	0.08334179438580812	2.014904989449464	0.05452046787528	0.004543833623479643	4741	4724	0.06967615309126596	0.07301275760549564	9465	22396484	4946
ENSG00000253773	1.0121246262646448	0.08951857584224354	1.1297639394592747	0.03056980795147514	0.002736565671586947	4504	4964	0.11619234543670265	0.02590775269872425	9468	22357856	4947
ENSG00000260317	1.0045820488976622	0.07057033355478975	2.4378840777619177	0.06596568138013878	0.004655220138165377	4755	4713	0.06692836113837097	0.07517173699705593	9468	22410315	4948
ENSG00000256417	1.0024482242053303	0.05981365954776093	3.285889280629309	0.08891149801322698	0.005318122072044581	4881	4592	0.042198233562316	0.09892051030421978	9473	22413552	4949
ENSG00000186205	1.0031851595048775	0.07110590958224428	2.632358147462927	0.07122787355556531	0.0050647227367775554	4837	4639	0.05083415112855738	0.08969578017664381	9476	22438843	4950
ENSG00000070886	1.0004380844231124	0.06243149255527878	3.6262659932266192	0.09812160852554724	0.006125878472174682	5045	4434	0.010009813542688928	0.12993130520117757	9479	22369530	4951
ENSG00000170222	1.0164839477599805	0.10330630676411236	0.4181947666243365	0.011315756553653722	0.0011689890177997663	4400	5081	0.13660451422963693	0.0029440628066732533	9481	22356400	4952
ENSG00000159640	1.0019680784900575	0.06363554774338882	3.149498978149172	0.08522097010059333	0.005423083111574218	4912	4573	0.03611383709519134	0.10264965652600588	9485	22462576	4953
ENSG00000279722	1.0095224191779633	0.0941443387527997	1.2255363880802852	0.03316127441551194	0.003121946252048506	4563	4923	0.10461236506378802	0.03395485770363105	9486	22463649	4954
ENSG00000145632	1.0074112670808946	0.0920609215886028	1.492446419875952	0.04038348086708348	0.0037177404655794138	4637	4851	0.09008832188420024	0.048086359175662396	9488	22494087	4955
ENSG00000162723	1.007052110440498	0.08904319257249844	1.572735201511323	0.04255598128909725	0.0037893204370367272	4654	4839	0.08675171736997056	0.050441609421000955	9493	22520706	4956
ENSG00000221953	1.0102181862835058	0.08306021065912388	1.2748030625458147	0.034494360668503796	0.0028651088636777225	4548	4951	0.10755642787046127	0.028459273797840967	9499	22517148	4957
ENSG00000266916	1.0050188075857613	0.07751830824568451	2.0229779218130175	0.05473890996157742	0.004243267695434328	4728	4774	0.07222767419038267	0.06319921491658487	9502	22571472	4958
ENSG00000277287	1.004411804507756	0.09079185485177248	1.8181073101757719	0.04919540212431244	0.004466541809045155	4768	4735	0.06437684003925415	0.07085377821393524	9503	22576480	4959
ENSG00000232229	1.0007413615025513	0.06006475942501209	3.5830736905849108	0.09695288614857796	0.005823451782074922	5011	4494	0.016683022571148176	0.11815505397448478	9505	22519434	4960
ENSG00000230074	1.0044401818950657	0.08656214757943205	1.893466166130479	0.05123450575783863	0.004434968848569289	4764	4742	0.065161923454367	0.06947988223748769	9506	22590888	4961
ENSG00000232124	1.0043566770535333	0.07673037384620553	2.143353531751295	0.057996103034686185	0.004450062667474526	4772	4739	0.0635917566241413	0.07006869479882238	9511	22614508	4962
ENSG00000164627	1.0054491606510692	0.07208167721019462	2.0476595364038466	0.05540675940482934	0.003993812146681823	4700	4814	0.07772325809617275	0.05534838076545634	9514	22625800	4963
ENSG00000166796	1.0002829874313626	0.06625199753077698	3.351628950005702	0.09069032011706546	0.0060084148644611955	5060	4459	0.007065750736015675	0.1250245338567223	9519	22562540	4964
ENSG00000182472	1.0068634581722404	0.08735759047133551	1.5544225606499038	0.042060467231102225	0.0036743010714076554	4664	4856	0.08478900883218843	0.047105004906771386	9520	22648384	4965
ENSG00000186523	1.0084096692548816	0.08815184028439402	1.2944195094294983	0.03502515386607349	0.0030875317695384357	4598	4927	0.0977428851815505	0.033169774288518195	9525	22654346	4966
ENSG00000187105	1.0078503965378054	0.08978164331709097	1.2973328647065323	0.03510398512294293	0.00315169347131653	4617	4917	0.0940137389597645	0.035132482826300326	9534	22701789	4967
ENSG00000250790	1.0060665896276881	0.08946658572850733	1.544821308248002	0.041800670974761936	0.0037397633132726666	4687	4848	0.08027477919528947	0.04867517173699709	9535	22722576	4968
ENSG00000285644	1.0024823533817013	0.08669632111141026	2.098167224813769	0.05677342573293259	0.004922047147937127	4879	4666	0.04259077526987243	0.084396467124632	9545	22765414	4969
ENSG00000287733	1.0120868465166022	0.09691796356159325	0.7412300482015342	0.0200566325671792	0.0019438479843141383	4506	5040	0.11579980372914622	0.010991167811579938	9546	22710240	4970
ENSG00000183578	1.002545871931533	0.0773862911121534	2.3219862342269026	0.06282965030753147	0.004862153609173429	4873	4673	0.043768400392541706	0.08302257114818445	9546	22771529	4971
ENSG00000233058	1.0005008220344855	0.07282689729726699	2.909454256759594	0.0787257008002146	0.0057333485268325985	5041	4512	0.01079489695780178	0.11462217860647694	9553	22744992	4972
ENSG00000272221	1.0035919405182148	0.0906205798238191	1.7664226459812986	0.047796888502769745	0.0043313817498954275	4808	4756	0.05652600588812562	0.0667320902845927	9564	22866848	4973
ENSG00000265975	1.0072069782785524	0.10347566256568445	1.1067778850611636	0.02994783795936446	0.0030988723752549932	4644	4924	0.08871442590775269	0.03375858684985278	9568	22867056	4974
ENSG00000186862	1.0072093545386989	0.08681362269406782	1.3133377879198742	0.03553705561831043	0.0030851005381061047	4643	4928	0.08891069676153096	0.032973503434739926	9571	22880704	4975
ENSG00000162390	1.0031028147096441	0.07269838756837836	2.2989364010397937	0.06220595455195557	0.004522272593078996	4843	4728	0.0496565260058881	0.07222767419038267	9571	22897704	4976
ENSG00000227375	1.0111713717502544	0.09181896351619177	0.7274325998463678	0.019683293206887966	0.0018072995808417515	4525	5048	0.11207065750736012	0.009421000981354233	9573	22842200	4977
ENSG00000260329	1.0089857891144627	0.08842241820662744	0.9631096907905623	0.026060380629393785	0.00230432187463615	4578	4997	0.10166830225711487	0.01943081452404316	9575	22876266	4978
ENSG00000205847	1.0018296456193196	0.06841035631109936	2.673299619050223	0.0723356916403534	0.004948510439126388	4918	4660	0.03493621197252206	0.08557409224730128	9578	22917880	4979
ENSG00000270659	1.008431946001355	0.10452860475346226	0.8407637744629928	0.022749873863200556	0.0023780125732376124	4593	4991	0.09872423945044162	0.02060843964671244	9584	22923663	4980
ENSG00000175497	1.000378386656157	0.05647076683351829	3.6593720600127524	0.09901741168259011	0.0055915891675860354	5051	4539	0.008832188420019649	0.10932286555446513	9590	22926489	4981
ENSG00000128203	1.006530231146076	0.08085820446965533	1.4297298348855694	0.03868645913398941	0.0031281176228630807	4675	4920	0.08263002944062803	0.03454367026496563	9595	23001000	4982
ENSG00000143001	1.0041661736470118	0.07664012140712159	1.9244991952814439	0.052074215460160674	0.0039909741950473225	4780	4815	0.06202158979391559	0.05515210991167807	9595	23015700	4983
ENSG00000286619	1.000086549643881	0.04338269021141514	4.838410902121652	0.1309205285300348	0.005679684731533237	5073	4523	0.004514229636898959	0.11246319921491654	9596	22945179	4984
ENSG00000148426	1.0008150979990371	0.05936153053834479	3.2879445832346055	0.08896711158322297	0.005281223911155819	5002	4599	0.01844946025515215	0.09754661432777234	9601	23004198	4985
ENSG00000247627	1.000765733165436	0.05880255905133787	3.329464254360481	0.0900905749264891	0.005297556352083854	5007	4595	0.01746810598626103	0.0983316977428852	9602	23007165	4986
ENSG00000274512	1.0007752549076652	0.06954698315777538	2.802207956414376	0.07582376820124292	0.005273314330050906	5004	4601	0.018056918547595724	0.09715407262021591	9605	23023404	4987
ENSG00000285907	1.004437134267719	0.07849887192130496	1.75382093207947	0.04745590401885825	0.003725234931486095	4765	4849	0.06496565260058884	0.04847890088321882	9614	23105485	4988
ENSG00000142959	1.0053479965379484	0.08044269799797939	1.4664209413323568	0.03967926837353928	0.003191907402553395	4710	4911	0.07576054955839062	0.036310107948969605	9621	23130810	4989
ENSG00000253686	1.0048387992318617	0.07307271730482692	1.7042557999508021	0.04611474192530792	0.0033697295002930758	4738	4890	0.07026496565260054	0.04043179587831203	9628	23168820	4990
ENSG00000253978	1.0071799119246874	0.08853821123442238	1.0043261185998227	0.02717563863911392	0.002406082434260199	4646	4989	0.08832188420019627	0.021000981354268866	9635	23178894	4991
ENSG00000286342	1.000249919200932	0.051368608082444284	3.8604367075923047	0.10445793553687402	0.005365858751694911	5064	4580	0.006280667320902822	0.10127576054955834	9644	23193120	4992
ENSG00000213640	1.0065987663287606	0.07315835691303328	1.3090647470296783	0.035421433199484945	0.002591373852379086	4670	4975	0.08361138370951915	0.02374877330716385	9645	23233250	4993
ENSG00000223382	1.0068734210995236	0.09137649018260284	0.9835016616721731	0.026612158405113266	0.002431725631242704	4663	4986	0.08498527968596659	0.02158979391560356	9649	23249718	4994
ENSG00000113231	1.0024426137470985	0.08999177112054736	1.7549582579878396	0.04748667844295054	0.004273410297713036	4882	4767	0.04200196270853773	0.06457311089303241	9649	23272494	4995
ENSG00000254851	1.0005517687899392	0.07243484597711534	2.6337242124067757	0.07126483733315117	0.0051620575158109845	5035	4620	0.01197252208047106	0.09342492639842981	9655	23261700	4996
ENSG00000281706	1.0035168868899413	0.07879978124197685	1.6825715650377782	0.04552799731989674	0.0035875962291931716	4814	4867	0.05534838076545634	0.044946025515210986	9681	23429738	4997
ENSG00000184083	1.0062263396298927	0.09092456160655853	0.9095647060914364	0.024611529376626428	0.0022377925190366944	4683	5008	0.08105986261040232	0.01727183513248287	9691	23452464	4998
ENSG00000188681	1.0021937403528065	0.07388845737399026	2.0272940782261757	0.05485569902523077	0.004053202979146203	4893	4807	0.03984298331697744	0.05672227674190378	9700	23520651	4999
ENSG00000272264	1.004479357452087	0.0836619729432198	1.3235342229633282	0.03581295667177941	0.0029961826120911117	4762	4939	0.06555446516192343	0.030814524043179636	9701	23519518	5000
ENSG00000261456	1.0046197766728295	0.07816301331461036	1.3482715702539403	0.03648231416274774	0.0028515676076506496	4753	4954	0.0673209028459274	0.027870461236506383	9707	23546362	5001
ENSG00000272768	1.0057662426223206	0.07810321291877309	1.0297681877857447	0.027864064903873293	0.0021762729939697285	4695	5014	0.07870461236506376	0.016094210009813592	9709	23540730	5002
ENSG00000286519	1.0044089878156675	0.05734486197588493	1.9052672637542287	0.05155382670213015	0.0029563470765623444	4769	4943	0.06418056918547599	0.030029440628066784	9712	23573167	5003
ENSG00000255346	1.000434684872185	0.05746870043025002	3.1428178088489513	0.08504018714650402	0.004887149039654838	5046	4670	0.00981354268891066	0.08361138370951915	9716	23564820	5004
ENSG00000203280	1.0040681440263588	0.08200119159666254	1.3567753587151086	0.03671241460323649	0.003010461743856107	4788	4934	0.06045142296368988	0.03179587831207065	9722	23623992	5005
ENSG00000230513	1.0064358875327841	0.07121544764038464	0.8787578960465952	0.023777940842087866	0.0016933567010358717	4677	5055	0.0822374877330716	0.008047105004906796	9732	23642235	5006
ENSG00000247746	1.0023454766160345	0.07109983927520362	1.9504720168852785	0.05277700313168714	0.003752436440089874	4886	4846	0.04121687929342488	0.04906771344455352	9732	23677556	5007
ENSG00000257512	1.0035887983663025	0.07880822496095825	1.4365309492023122	0.03887048762990544	0.003063314133479733	4809	4929	0.05632973503434735	0.03277723258096177	9738	23703561	5008
ENSG00000237667	1.000006898036595	0.052192752814405975	3.5498589569952714	0.09605414262213768	0.005013330122676929	5093	4649	5.888125613346951e-4	0.08773307163886168	9742	23677357	5009
ENSG00000227910	1.006435533947029	0.07340061373861817	0.7462658641647657	0.02019289459635022	0.0014821708565313325	4678	5067	0.08204121687929344	0.005691854759568238	9745	23703426	5010
ENSG00000283317	1.0044260443548254	0.08832876889482434	1.0553367587049793	0.028555914125905264	0.002522308739407536	4766	4979	0.06476938174681057	0.022963689892050998	9745	23729914	5011
ENSG00000175946	1.000509845067564	0.0553149031678574	3.1137064608068687	0.08425247540622582	0.004660417518747668	5040	4710	0.010991167811579938	0.07576054955839062	9750	23738400	5012
ENSG00000183793	1.001375716760513	0.06298072218876309	2.416475093146191	0.06538638465692057	0.004118081727005116	4957	4795	0.027281648675171688	0.059077526987242446	9752	23768815	5013
ENSG00000064763	1.000709004097447	0.0667834428385245	2.4605044613964067	0.06657775684063363	0.004446291818283639	5015	4740	0.015897939156035323	0.06987242394504412	9755	23771100	5014
ENSG00000286015	1.001022662027061	0.04525569079175518	3.4508061758356985	0.09337391501763749	0.004225701026053828	4981	4776	0.02257114818449457	0.06280667320902844	9757	23789256	5015
ENSG00000239830	1.0014446541689246	0.07197780159329545	2.089819675144927	0.05654755289230711	0.004070168542668861	4953	4805	0.02806673209028454	0.0571148184494602	9758	23799165	5016
ENSG00000260318	1.000065161331484	0.04952937919219095	3.5673886163780466	0.09652847031314427	0.00478099520898187	5078	4688	0.0035328753680078373	0.08007850834151131	9766	23805664	5017
ENSG00000166473	1.0009296096203202	0.065516936358825	2.384083517832436	0.06450991462455154	0.004226491970969977	4992	4775	0.020412168792934282	0.06300294406280671	9767	23836800	5018
ENSG00000280310	1.005417806195364	0.08875911578269935	0.6173069382622065	0.01670344918144648	0.001482583379866443	4702	5066	0.07733071638861633	0.0058881256133463955	9768	23820332	5019
ENSG00000277117	1.0008432117216433	0.07487247384018682	2.106209359185608	0.05699103446930698	0.004267059737428372	5001	4768	0.018645731108930308	0.06437684003925415	9769	23844768	5020
ENSG00000159247	1.0002015062574325	0.04773319664735367	3.6257846325225715	0.09810858358842173	0.004683036313219469	5066	4706	0.0058881256133463955	0.07654563297350347	9772	23840596	5021
ENSG00000258819	1.0020024946939943	0.08889312052905639	1.507008744198616	0.04077751668494115	0.0036248407055500817	4910	4862	0.03650637880274776	0.04592737978410211	9772	23872420	5022
ENSG00000166669	1.0003432084736201	0.047991935812295224	3.5270047070190955	0.09543573907052398	0.004580145863671542	5055	4719	0.008047105004906796	0.07399411187438665	9774	23854545	5023
ENSG00000108848	1.0050071728339658	0.08620013956289779	0.7833051940787821	0.021195126268450444	0.0018270228423936693	4729	5046	0.07203140333660452	0.00981354268891066	9775	23862534	5024
ENSG00000163666	1.005421429021207	0.07907927167785923	0.578715623220949	0.01565922299560207	0.0012383199495333969	4701	5079	0.07752698724239449	0.0033366045142296796	9780	23876379	5025
ENSG00000161082	1.0010562417156208	0.05303046361857802	2.836913457995981	0.07676284979267439	0.0040707695131887885	4979	4804	0.022963689892050998	0.05731108930323847	9783	23919116	5026
ENSG00000103047	1.0057340574882878	0.08241361005769497	0.4423995678034142	0.011970704103052572	9.86548940065024e-4	4696	5089	0.0785083415112856	0.0013738959764475478	9785	23897944	5027
ENSG00000167216	1.0030608266057217	0.08084877608403243	1.3523509620873806	0.03659269671307659	0.002958474742866439	4847	4941	0.04887144259077525	0.03042198233562321	9788	23949027	5028
ENSG00000271361	1.0032450721304886	0.06978780075779357	1.4841092644388807	0.040157889279610046	0.0028025307758989602	4831	4959	0.05201177625122666	0.02688910696761526	9790	23956929	5029
ENSG00000268182	1.0046495930909167	0.07328310637460524	0.9437569054719818	0.025536721739379743	0.0018714102956856598	4751	5045	0.06771344455348383	0.010009813542688928	9796	23968795	5030
ENSG00000227403	1.0000602241491547	0.05307917506512747	3.196992123923034	0.08650606718557664	0.0045916706843389015	5080	4718	0.003140333660451411	0.07419038272816492	9798	23967440	5031
ENSG00000278071	1.0030676043524158	0.06534768853601479	1.5792079218671367	0.04273112391074575	0.0027923801761132678	4845	4960	0.049263984298331676	0.026692836113837104	9805	24031200	5032
ENSG00000269514	1.0038809558686512	0.05987904545388663	1.363350882652642	0.03689033894382655	0.002208958282426674	4795	5012	0.059077526987242446	0.01648675171737002	9807	24032540	5033
ENSG00000231752	1.0030634372527227	0.06436520325698378	1.5630872354169854	0.04229492102657249	0.0027223211886134155	4846	4966	0.04906771344455352	0.025515210991167825	9812	24065236	5034
ENSG00000223393	1.0044793758605937	0.07258647458277862	0.8097671747799567	0.02191114989055129	0.0015904531246099536	4761	5059	0.0657507360157017	0.007262021589793943	9820	24085899	5035
ENSG00000221886	1.0046710337712834	0.09775461817113712	0.5257411555974295	0.014225809124773699	0.0013906385391677313	4748	5074	0.06830225711481841	0.00431795878312069	9822	24091352	5036
ENSG00000254854	1.0030035632273295	0.07237729998524563	1.3329585524239191	0.03606796564455614	0.002610501969313573	4851	4974	0.048086359175662396	0.02394504416094212	9825	24128874	5037
ENSG00000178460	1.0014772007853094	0.0689790948231529	1.909943248041314	0.051680352197101015	0.003564863914697769	4952	4873	0.02826300294406281	0.043768400392541706	9825	24131096	5038
ENSG00000287346	1.0015674756192843	0.0653563754031531	1.9136180357820602	0.051779786735214176	0.003384139180161865	4943	4889	0.030029440628066784	0.040628066732090296	9832	24166327	5039
ENSG00000253210	1.0015945481600625	0.07853463744172469	1.5690727625851264	0.042456880892370645	0.0033343357477888173	4942	4893	0.03022571148184494	0.03984298331697744	9835	24181206	5040
ENSG00000175518	1.0016058961994545	0.08208346995719501	1.4949208732545656	0.04045043606181673	0.003320312153235571	4939	4896	0.030814524043179636	0.03925417075564275	9835	24181344	5041
ENSG00000260265	1.0000104323006662	0.03815178930256863	4.252641848599118	0.11507044972625233	0.004390143552907795	5089	4751	0.0013738959764475478	0.06771344455348383	9840	24177839	5042
ENSG00000176920	1.0007323905649308	0.05510382032973434	2.624033512634892	0.0710026207579933	0.003912515657188729	5013	4830	0.01629048086359175	0.05220804710500493	9843	24212790	5043
ENSG00000175772	1.0026707603715812	0.07150576115685876	1.3158675542488925	0.03560550750293795	0.002545998915373824	4868	4977	0.04474975466143283	0.023356231599607424	9845	24228036	5044
ENSG00000261572	1.0003673175045706	0.05367864332042158	2.784593368550067	0.07534714246612341	0.0040445323856520285	5053	4809	0.008439646712463222	0.05632973503434735	9862	24299877	5045
ENSG00000164669	1.0025304299836613	0.060593810817115346	1.4068688779263299	0.038067874100937836	0.002306677561481992	4875	4996	0.04337585868498528	0.01962708537782143	9871	24355500	5046
ENSG00000137709	1.0006881715767872	0.05254894504907845	2.5995744460592873	0.07034079314801801	0.0036963344738437927	5021	4852	0.014720314033366044	0.04789008832188424	9873	24361892	5047
ENSG00000272902	1.0036808620202264	0.0745866566677937	0.6960528394122342	0.01883420144839735	0.0014047801170436758	4803	5071	0.05750736015701663	0.004906771344455385	9874	24356013	5048
ENSG00000178462	1.0003287915069767	0.05765071163225084	2.53657006963758	0.06863598418745243	0.003956913331986549	5056	4819	0.007850834151128527	0.05436702649656522	9875	24364864	5049
ENSG00000230606	1.0020839111752156	0.056531267227123434	1.6689007777548137	0.04515808522836219	0.0025528437835097583	4902	4976	0.03807654563297347	0.023552502453385693	9878	24392352	5050
ENSG00000261068	1.0010035248668712	0.059797190241760376	1.998207614319232	0.054068660614314284	0.0032331539848713276	4984	4906	0.021982335623159988	0.037291462217860616	9890	24451504	5051
ENSG00000224969	1.0033767189549636	0.08491149177697808	0.5586532733864128	0.015116364297358773	0.0012835530427329847	4820	5077	0.05417075564278706	0.003729146221786106	9897	24471140	5052
ENSG00000160223	1.0006444426363357	0.06457447350636104	2.0426940680005745	0.05527240088073819	0.003569186186306195	5026	4871	0.013738959764474923	0.04416094210009813	9897	24481646	5053
ENSG00000247516	1.0000105065264777	0.03946637701081065	3.731272848071958	0.10096294490927606	0.003984641647911195	5088	4817	0.0015701668302257055	0.054759568204121645	9905	24508896	5054
ENSG00000232453	1.0020317924826454	0.07210826759702205	1.1768700404427563	0.03184443215402939	0.0022962468352379648	4906	4999	0.037291462217860616	0.019038272816486734	9905	24525094	5055
ENSG00000265018	1.0011569838624355	0.06536619711977337	1.694574383540067	0.04585277654472047	0.002997221630111119	4971	4938	0.024533856722276703	0.031010794896957794	9909	24546798	5056
ENSG00000228217	1.000608113332678	0.07377871615006294	1.7493981512982106	0.04733622985120931	0.003492406265806508	5031	4881	0.012757605495583912	0.042198233562316	9912	24556311	5057
ENSG00000165985	1.0007704791678704	0.07244082002326734	1.6456032019917226	0.044527685910471494	0.003225622081093042	5006	4907	0.017664376840039298	0.03709519136408246	9913	24564442	5058
ENSG00000287168	1.000740102669369	0.07103314659960631	1.6970996743283109	0.04592110732756984	0.0032619207488155245	5012	4904	0.01648675171737002	0.03768400392541704	9916	24578848	5059
ENSG00000205129	1.0027590685744254	0.06219066922426404	1.000656077384071	0.027076332535227097	0.001683895240504487	4863	5056	0.04573110893032384	0.007850834151128527	9919	24587328	5060
ENSG00000233435	1.001966159732478	0.07424325406873086	1.0662417263264314	0.028850987064827704	0.0021419911627876707	4913	5017	0.03591756624141318	0.015505397448478897	9930	24648521	5061
ENSG00000259250	1.0031094307458568	0.06424957389952682	0.5573646692150094	0.01508149649828198	9.68979723781823e-4	4842	5090	0.04985279685966637	0.001177625122669279	9932	24645780	5062
ENSG00000204588	1.001381629686382	0.06207605149154853	1.448010517603341	0.0391811084499975	0.002432208505637992	4955	4985	0.027674190382728114	0.02178606476938172	9940	24700675	5063
ENSG00000288046	1.0008975339255073	0.0634556110635728	1.6743035368335406	0.045304276217184	0.0028748105311542987	4996	4949	0.01962708537782143	0.028851815505397393	9945	24725204	5064
ENSG00000234156	1.0001665753184936	0.061662110747770456	1.9646185497713275	0.05315978822368851	0.0032779447487771046	5069	4902	0.0052993130520118115	0.03807654563297347	9971	24848238	5065
ENSG00000215193	1.0024884526961753	0.06745122252153551	0.31048020352149036	0.008401153429387728	5.666680694031928e-4	4878	5096	0.042787046123650585	0	9974	24858288	5066
ENSG00000242082	1.0005615494561655	0.06500077344066105	1.6812398840948684	0.045491963924551446	0.002957012840430494	5034	4942	0.012168792934249217	0.03022571148184494	9976	24878028	5067
ENSG00000280303	1.001361663232128	0.05776861779098366	1.3399685302060704	0.03625764568926267	0.0020945540758239216	4960	5023	0.026692836113837104	0.014327772325809618	9983	24914080	5068
ENSG00000237032	1.0008575503910282	0.06794107513541509	1.3355569378717569	0.03613827426510064	0.00245527320710944	4999	4984	0.019038272816486734	0.021982335623159988	9983	24915016	5069
ENSG00000213058	1.0000037671212878	0.0339130588306733	3.611544626960534	0.09772326925853811	0.00331409497949053	5095	4898	1.962708537782687e-4	0.03886162904808632	9993	24955310	5070
ENSG00000214263	1.0000009747907201	0.02934016877354057	4.132952933926986	0.111831837651947	0.003281164990963314	5096	4901	0	0.03827281648675174	9997	24975496	5071
ENSG00000274225	1.0010882039637485	0.06389635637798961	1.22053602457116	0.03302597167940701	0.0021102392561567827	4977	5021	0.023356231599607424	0.014720314033366044	9998	24989517	5072
ENSG00000271943	1.0007977543838225	0.07797925956948228	1.1043452932469326	0.029882015479120522	0.0023301774415056264	5003	4995	0.01825318940137388	0.019823356231599587	9998	24989985	5073
ENSG00000224237	1.0002970026264941	0.042205396122990554	2.4599069543665113	0.06656158914885699	0.002809258236603259	5058	4958	0.007458292443572101	0.02708537782139353	10016	25077564	5074
ENSG00000236438	1.0006094090273605	0.057472161641679384	1.5070252823483243	0.0407779641837883	0.0023435977489892935	5030	4993	0.01295387634936207	0.020215897939156013	10023	25114790	5075
ENSG00000261172	1.0000778479771772	0.0573066505232768	1.7076199788798818	0.04620577183003792	0.002647898018422251	5075	4970	0.004121687929342532	0.024730127576054972	10045	25222750	5076
ENSG00000100206	1.0004199173951724	0.05052914520793445	1.6272556503153135	0.04403122721539574	0.002224860273650287	5048	5010	0.009421000981354233	0.016879293424926445	10058	25290480	5077
ENSG00000280670	1.0009065912255786	0.06516216876694597	0.8769340186777015	0.023728589310368055	0.0015462063412437534	4995	5064	0.019823356231599587	0.006280667320902822	10059	25294680	5078
ENSG00000236423	1.0007038989253245	0.05985354974273298	1.1623541176715637	0.031451651896264934	0.0018824930112642153	5018	5042	0.01530912659470074	0.010598626104023512	10060	25300756	5079
ENSG00000234719	1.0000373300618288	0.04289009240303624	2.1533675788414044	0.05826706892912622	0.0024990799704243056	5082	4981	0.0027477919528949846	0.02257114818449457	10063	25313442	5080
ENSG00000227632	1.000965425204399	0.06233690547908012	0.7206518278249175	0.01949981514459676	0.0012155581335282631	4989	5080	0.021000981354268866	0.003140333660451411	10069	25344120	5081
ENSG00000226465	1.0001145854473603	0.05204506401512521	1.5361875405405034	0.04156705348043635	0.0021633599593094428	5071	5016	0.004906771344455385	0.015701668302257166	10087	25436136	5082
ENSG00000236397	1.0000250861846653	0.04622633806353446	1.8136166368524895	0.049073890880882896	0.002268506269952694	5083	5005	0.002551521099116827	0.017860647693817455	10088	25440415	5083
ENSG00000227582	1.00047708436341	0.0640625218633787	1.0277507725262767	0.02780947651165586	0.0017815451970370699	5043	5051	0.010402355250245354	0.008832188420019649	10094	25472193	5084
ENSG00000249626	1.000542963449548	0.05491023462252654	1.0588148091515683	0.028650025232202968	0.0015731796074415704	5036	5061	0.011776251226692791	0.006869479882237517	10097	25487196	5085
ENSG00000140876	1.0002809247614584	0.05159332094155788	1.289832653529806	0.034901040058704313	0.0018006605609428997	5061	5049	0.006869479882237517	0.009224730127576075	10110	25552989	5086
ENSG00000148200	1.0001187578983337	0.04788095939437695	1.450020822019315	0.039235504432887286	0.0018786335945689728	5070	5043	0.005103042198233543	0.010402355250245354	10113	25568010	5087
ENSG00000186676	1.0000081148919948	0.03042862346409194	2.4900164855429523	0.06737631030734367	0.0020501683767419772	5091	5028	9.813542688911214e-4	0.013346418056918496	10119	25597548	5088
ENSG00000215914	1.0001042677261605	0.047726294175769964	1.3691283760103712	0.03704666971012029	0.0017681002568177876	5072	5053	0.004710500490677116	0.008439646712463222	10125	25628816	5089
ENSG00000253570	1.0000187181737432	0.046073158779523844	1.4207433661255569	0.038443298050013765	0.0017712041750668436	5085	5052	0.0021589793915604005	0.00863591756624138	10137	25689420	5090
ENSG00000236296	1.0000740318738388	0.04698384594820373	1.1222025637994861	0.030365207863177646	0.001426674248428723	5076	5068	0.003925417075564264	0.005495583905789969	10144	25725168	5091
ENSG00000180015	1.00019964732981	0.04930444134507582	0.7698195909331665	0.02083022499671346	0.0010270226065551909	5067	5087	0.005691854759568238	0.0017664376840039742	10154	25775829	5092
ENSG00000236496	1.0000212568219602	0.04471491229952164	1.02589795722612	0.027759341960607562	0.0012412565412609983	5084	5078	0.002355250245338558	0.0035328753680078373	10162	25816552	5093
ENSG00000239335	1.000048118798834	0.045746151134610925	0.9312541599522046	0.025198415199352734	0.0011527305100622672	5081	5082	0.0029440628066732533	0.0027477919528949846	10163	25821642	5094
ENSG00000238072	1.0000074595918724	0.03864272052638404	1.3124467316609425	0.03551294490123219	0.0013723168048871905	5092	5075	7.850834151128527e-4	0.004121687929342532	10167	25841900	5095
ENSG00000198468	1.0000084311831001	0.03706551914344912	0.9571196939139057	0.025898299819630138	9.599339277472857e-4	5090	5091	0.001177625122669279	9.813542688911214e-4	10181	25913190	5096
