"","V1","V2","V3","V4","V5","V6","V7","V8","V9","V10","V11","V12","V13","V14","V15","V16","V17","V18","V19","V20","V21","V22","V23","V24","V25","V26","V27","V28","V29","V30","V31","V32","V33","V34","V35","V36","V37","V38","V39","V40","V41","V42","V43","V44","V45","V46","V47","V48","V49","V50","V51","V52","V53","V54","V55","V56","V57","V58","V59","V60","V61","V62","V63","V64","V65","V66","V67","V68","V69","V70","V71","V72","V73","V74","V75","V76","V77","V78","V79","V80","V81","V82","V83","V84","V85","V86","V87","V88","V89","V90","V91","V92","V93","V94","V95","V96","V97","V98","V99","V100","V101","V102","V103","V104","V105","V106","V107","V108","V109","V110","V111","V112","V113","V114","V115","V116","V117","V118","V119","V120","V121","V122","V123","V124","V125","V126","V127","V128","V129","V130","V131","V132","V133","V134","V135","V136","V137","V138","V139","V140","V141","V142","V143","V144","V145","V146","V147","V148","V149","V150","V151","V152","V153","V154","V155","V156","V157","V158","V159","V160","V161","V162","V163","V164","V165","V166","V167","V168","V169","V170","V171","V172","V173","V174","V175","V176","V177","V178","V179","V180","V181","V182","V183","V184","V185","V186","V187","V188","V189","V190","V191","V192","V193","V194","V195","V196","V197","V198","V199","V200","V201","V202","V203","V204","V205","V206","V207","V208","V209","V210","V211","V212","V213","V214","V215","V216","V217","V218","V219","V220","V221","V222","V223","V224","V225","V226","V227","V228","V229","V230","V231","V232","V233","V234","V235","V236","V237","V238","V239","V240","V241","V242","V243","V244"
"1",1,1,1,1,0,0,0,0,0,0,0,0,0,0,0,0,0,0,0,0,0,0,0,0,0,0,0,0,0,0,0,0,0,0,0,0,0,0,0,0,0,0,0,0,0,0,0,1,1,1,1,0.00156739811912226,0,0,0,0,0,0,0,0,0,0,0,0,0,0,0,0,0,0,0,0,0,0,0,0,0,0,0,0,0,0,0,0,0,0,0,0,0,0,0,0,0,0,0,0,0.998463901689708,0.172876304023845,0.00626959247648903,0,0.0172955974842767,0.222929936305732,0.937984496124031,0.921135646687697,0.229329173166927,0.563552833078101,0.0182926829268293,0.0519685039370079,0.553125,0.534072900158479,0.998447204968944,0.490045941807044,0,0.0351681957186544,0.0470219435736677,0.998447204968944,0.975155279503106,0.00154559505409583,0.291118421052632,0.958132045088567,0.0246913580246914,0.998466257668712,0,0.993527508090615,0.0425867507886435,0.4770206022187,0.0420560747663551,0.998432601880878,0.0334855403348554,0.0623100303951368,0.564945226917058,0.951145038167939,0.960815047021944,0.0396341463414634,0.974723538704581,0.00156985871271586,0.65284178187404,0.971830985915493,0.894488188976378,0.499215070643642,0.976816074188563,0.972136222910217,0.00609756097560976,0.137987012987013,0.354166666666667,0.014446227929374,0.0110759493670886,0.972477064220184,0.297546012269939,0.591263650546022,0,0.987301587301587,0.592649310872894,0.019047619047619,0.0798771121351766,1,0.0110584518167457,0.890649762282092,0.201892744479495,0.0205371248025276,1,0.887147335423197,0.033175355450237,0.00464396284829721,0.00153139356814701,0.971742543171115,0.979462875197472,0.00305810397553517,0.158730158730159,0.142628205128205,0.971786833855799,0.00156739811912226,0.968404423380727,0.96031746031746,0.230061349693252,0,0.299236641221374,0.169161676646707,0.976303317535545,0.0580847723704867,0.329133858267717,0.635802469135803,0.943181818181818,0.374213836477987,0.998439937597504,0.00322061191626409,0.00928792569659443,0.950617283950617,0.958841463414634,0.964506172839506,0,0,0.5,0,0.451104100946372,0,0.998435054773083,0.998459167950693,0.545886075949367,0.526898734177215,0.984152139461173,0.0340557275541796,0.926677067082683,0.564102564102564,0.973312401883831,0.503205128205128,0.0327102803738318,0.562798092209857,0,0.950844854070661,0.964341085271318,0.655332302936631,0.0126182965299685,0.0062015503875969,0.0244698205546493,0.430577223088924,0.0125588697017268,0.502318392581144,0.507788161993769,1,0.928353658536585,0.034375,1,0.508396946564886,0.0799373040752351,0.993779160186625,0.9984,0.0477707006369427,0.361702127659574,0.283950617283951,0.998484848484849,0.00304878048780488,0.969512195121951,0.003125,0.920684292379471,0.015625,0.998463901689708,0.171561051004637,0.554858934169279,0.0216049382716049,0.998459167950693,0.996763754045307,0.00152439024390244,0.0251968503937008
"2",1,1,1,1,0,0,0,0,0,0,0,0,0,0,0,0,0,0,0,0,0,0,0,0,0,0,0,0,0,0,0,0,0,0,0,0,0,0,0,0,0,0,0,0,0,0,0,1,1,1,1,0.00158227848101266,0,0,0,0,0,0,0,0,0,0,0,0,0,0,0,0,0,0,0,0,0,0,0,0,0,0,0,0,0,0,0,0,0,0,0,0,0,0,0,0,0,0,0,0,0.998459167950693,0.167177914110429,0.00470957613814757,0,0.0188383045525903,0.219709208400646,0.930340557275542,0.919614147909968,0.244131455399061,0.552833078101072,0.0154083204930663,0.0496,0.550239234449761,0.523125996810207,0.998449612403101,0.5,0,0.0299684542586751,0.0509554140127389,0.9984375,0.967084639498433,0,0.28830313014827,0.959935897435897,0.0238095238095238,0.998454404945904,0,0.993610223642173,0.0443037974683544,0.451355661881978,0.0420560747663551,0.998410174880763,0.0358255451713396,0.0553064275037369,0.563091482649842,0.936746987951807,0.950155763239875,0.0390015600624025,0.962903225806452,0,0.629457364341085,0.965678627145086,0.884375,0.493589743589744,0.971786833855799,0.961119751166407,0.0060790273556231,0.126198083067093,0.359746434231379,0.0128410914927769,0.00950871632329636,0.962790697674419,0.298780487804878,0.587677725118483,0,0.980738362760835,0.592879256965944,0.0174603174603175,0.0762052877138414,1,0.0186625194401244,0.881977671451356,0.203442879499218,0.0158730158730159,1,0.894245723172628,0.0284810126582278,0.00469483568075117,0,0.967032967032967,0.967845659163987,0.0031104199066874,0.152350081037277,0.138486312399356,0.9629057187017,0.00154320987654321,0.957006369426752,0.953821656050955,0.227906976744186,0,0.302611367127496,0.164901664145234,0.965853658536585,0.0594855305466238,0.338632750397456,0.608695652173913,0.938808373590982,0.374213836477987,0.9984375,0.00157728706624606,0.0093167701863354,0.934920634920635,0.954198473282443,0.959752321981424,0,0,0.492088607594937,0,0.433333333333333,0,0.998430141287284,0.998444790046656,0.530903328050713,0.524486571879937,0.977777777777778,0.0375,0.920436817472699,0.548780487804878,0.971383147853736,0.503961965134707,0.0282574568288854,0.541269841269841,0,0.938461538461538,0.955974842767296,0.641421947449768,0.0123647604327666,0.00315955766192733,0.0211038961038961,0.432973805855162,0.0094488188976378,0.493769470404984,0.503912363067293,1,0.915384615384615,0.0278207109737249,1,0.499231950844854,0.0774091627172196,0.995341614906832,0.998392282958199,0.0526315789473684,0.355737704918033,0.28328173374613,0.998484848484849,0,0.96030534351145,0.00312989045383412,0.902208201892745,0.0170807453416149,0.998427672955975,0.166402535657686,0.545886075949367,0.0186625194401244,0.998425196850394,0.995222929936306,0.00154083204930663,0.0290791599353796
"3",1,1,1,1,0,0,0,0,0,0,0,0,0,0,0,0,0,0,0,0,0,0,0,0,0,0,0,0,0,0,0,0,0,0,0,0,0,0,0,0,0,0,0,0,0,0,0,1,1,1,1,0.0015748031496063,0,0,0,0,0,0,0,0,0,0,0,0,0,0,0,0,0,0,0,0,0,0,0,0,0,0,0,0,0,0,0,0,0,0,0,0,0,0,0,0,0,0,0,0,0.998463901689708,0.167427701674277,0.00469483568075117,0,0.0125391849529781,0.198425196850394,0.931782945736434,0.913539967373573,0.256211180124224,0.564296520423601,0.0121580547112462,0.0429252782193959,0.560126582278481,0.527821939586645,0.998432601880878,0.500756429652042,0,0.0231481481481481,0.0420560747663551,0.998449612403101,0.970172684458399,0.00156494522691706,0.306156405990017,0.95260663507109,0.0205696202531646,0.998480243161094,0,0.996742671009772,0.0372670807453416,0.465299684542587,0.0368098159509202,0.998432601880878,0.0322085889570552,0.0572755417956656,0.569620253164557,0.940998487140696,0.956112852664577,0.0401234567901235,0.968152866242038,0.00158982511923688,0.665151515151515,0.970266040688576,0.883359253499222,0.50314465408805,0.973805855161787,0.966153846153846,0.00455235204855842,0.123595505617978,0.364779874213836,0.0160513643659711,0.00946372239747634,0.970724191063174,0.305084745762712,0.592125984251968,0,0.985691573926868,0.599388379204893,0.0142630744849445,0.0773993808049536,1,0.0124223602484472,0.879936808846761,0.201550387596899,0.0124610591900312,1,0.900316455696203,0.0235109717868339,0.00465116279069767,0.00153609831029186,0.97045101088647,0.97427652733119,0.00307692307692308,0.169329073482428,0.14218009478673,0.96583850931677,0,0.960567823343849,0.960876369327074,0.230769230769231,0,0.314152410575428,0.157185628742515,0.968,0.0488188976377953,0.3472,0.623639191290824,0.931596091205212,0.385692068429238,0.998425196850394,0.00314465408805031,0.00789889415481832,0.93603744149766,0.957767722473605,0.961715160796325,0,0,0.508661417322835,0,0.436908517350158,0,0.998459167950693,0.998442367601246,0.536392405063291,0.528391167192429,0.981072555205047,0.0419906687402799,0.928792569659443,0.565284178187404,0.970358814352574,0.501587301587302,0.0263565891472868,0.549050632911392,0,0.944700460829493,0.963665086887836,0.646879756468798,0.0140405616224649,0.00316957210776545,0.0162337662337662,0.431888544891641,0.00930232558139535,0.49922480620155,0.507861635220126,1,0.917557251908397,0.0230061349693252,1,0.507692307692308,0.0775193798449612,0.995290423861852,1,0.0475435816164818,0.374800637958533,0.302003081664099,0.998468606431853,0.0015220700152207,0.966463414634146,0.003125,0.90809968847352,0.0169753086419753,0.998444790046656,0.149532710280374,0.552590266875981,0.0141287284144427,0.998444790046656,0.996810207336523,0,0.0254777070063694
"4",1,1,1,1,0.0016025641025641,0.00157977883096367,0.00162337662337662,0.00162337662337662,0,0.0016,0.00166112956810631,0.00159744408945687,0.00156985871271586,0.00154798761609907,0.00159235668789809,0.0015600624024961,0,0.00157977883096367,0,0.0016366612111293,0.00161290322580645,0.00159489633173844,0.00159235668789809,0.0016025641025641,0.0016,0.00155763239875389,0.00155763239875389,0.00165289256198347,0.00154559505409583,0.00163132137030995,0.0016,0,0.00159235668789809,0,0.00162337662337662,0.00162866449511401,0.00160771704180064,0,0.00162074554294976,0.00158227848101266,0,0,0.0016025641025641,0,0.00157728706624606,0.00161290322580645,0.00158730158730159,0.998447204968944,1,1,1,0.00161550888529887,0,0,0,0,0,0,0,0,0,0,0,0,0,0,0,0,0,0,0,0,0,0,0,0,0,0,0,0,0,0,0,0,0,0,0,0,0,0,0,0,0,0,0,0,0.996875,0.174803149606299,0.00476947535771065,0,0.0192616372391653,0.218241042345277,0.932584269662921,0.920255183413078,0.253588516746411,0.575427682737169,0.0188383045525903,0.0533117932148627,0.567307692307692,0.535031847133758,0.996805111821086,0.503134796238245,0,0.0365079365079365,0.0466988727858293,0.996810207336523,0.967391304347826,0,0.309401709401709,0.957585644371941,0.0285714285714286,0.9984375,0,0.99349593495935,0.0416666666666667,0.471153846153846,0.0427215189873418,0.9968,0.0359937402190923,0.0619195046439628,0.579545454545455,0.941628264208909,0.956239870340357,0.0362776025236593,0.965964343598055,0,0.635802469135803,0.965299684542587,0.888535031847134,0.501618122977346,0.97456279809221,0.963665086887836,0.00612557427258806,0.132686084142395,0.366449511400651,0.0130505709624796,0.00475435816164818,0.96551724137931,0.312111801242236,0.5952,0,0.983922829581994,0.600313479623824,0.0207006369426752,0.0755905511811024,1,0.0192926045016077,0.881685575364668,0.19935691318328,0.0191693290734824,0.998407643312102,0.885532591414944,0.0301587301587302,0.0031496062992126,0,0.966666666666667,0.972402597402597,0.00314465408805031,0.1456,0.130856219709208,0.964912280701754,0.00155038759689922,0.962903225806452,0.954838709677419,0.215408805031447,0,0.319554848966614,0.163358778625954,0.970684039087948,0.0567260940032415,0.355519480519481,0.637223974763407,0.933884297520661,0.3879173290938,0.996794871794872,0.0016025641025641,0.00796178343949045,0.939297124600639,0.953846153846154,0.957746478873239,0,0,0.504777070063694,0,0.446601941747573,0,0.9968,0.996835443037975,0.543973941368078,0.551219512195122,0.976489028213166,0.0431309904153355,0.92845786963434,0.571428571428571,0.972712680577849,0.509090909090909,0.032,0.555555555555556,0,0.9421875,0.954041204437401,0.637362637362637,0.0111287758346582,0.00792393026941363,0.0231788079470199,0.429699842022117,0.0110236220472441,0.507020280811232,0.520700636942675,0.998402555910543,0.918622848200313,0.0313971742543171,0.998392282958199,0.517774343122102,0.0915032679738562,0.993660855784469,0.996710526315789,0.0588235294117647,0.362745098039216,0.289269051321928,0.996889580093313,0.00312989045383412,0.963020030816641,0.00313479623824451,0.904991948470209,0.0172955974842767,0.996825396825397,0.169082125603865,0.561688311688312,0.0236593059936909,0.996889580093313,0.99344262295082,0.00155038759689922,0.025974025974026
"5",0,0,0,0.0016025641025641,1,1,1,1,1,1,1,1,1,1,1,1,1,1,1,1,1,0.969793322734499,0.953051643192488,1,1,1,1,1,1,1,1,1,1,1,1,1,0.9968,1,1,1,1,1,1,1,1,1,1,0,0,0,0.00160513643659711,0,0.00802568218298555,0.00630914826498423,0,0,0,0,0,0,0,0,0,0,0,0,0,0,0,0,0,0,0,0,0,0,0,0,0,0,0,0,0,0,0,0,0,0,0,0,0,0,0,0,0,0,0,0,0,0,0,0,0,0,0,0,0,0,0,0,0,0,0,0,0,0,0,0,0,0,0,0,0,0,0,0,0,0,0,0,0,0,0,0,0,0,0,0,0,0,0,0,0,0,0,0,0,0,0,0,0,0,0,0,0,0,0,0,0,0,0,0,0,0,0,0,0,0,0,0,0,0,0,0,0,0,0,0,0,0,0,0,0,0,0,0,0,0,0,0,0,0,0,0,0,0,0,0,0,0,0,0,0,0,0,0,0,0,0,0,0,0,0,0,0,0,0,0,0,0,0,0,0,0,0,0,0,0,0,0,0,0,0,0,0,0,0,0,0,0,0,0,0,0
"6",0,0,0,0.00157977883096367,1,1,1,1,1,1,1,1,1,1,1,1,1,1,1,1,1,0.961119751166407,0.9484375,1,1,1,1,1,1,1,1,1,1,1,1,1,0.996768982229402,1,1,1,1,1,1,1,1,1,1,0,0,0,0.00158730158730159,0,0.00788643533123028,0.00625978090766823,0,0,0,0,0,0,0,0,0,0,0,0,0,0,0,0,0,0,0,0,0,0,0,0,0,0,0,0,0,0,0,0,0,0,0,0,0,0,0,0,0,0,0,0,0,0,0,0,0,0,0,0,0,0,0,0,0,0,0,0,0,0,0,0,0,0,0,0,0,0,0,0,0,0,0,0,0,0,0,0,0,0,0,0,0,0,0,0,0,0,0,0,0,0,0,0,0,0,0,0,0,0,0,0,0,0,0,0,0,0,0,0,0,0,0,0,0,0,0,0,0,0,0,0,0,0,0,0,0,0,0,0,0,0,0,0,0,0,0,0,0,0,0,0,0,0,0,0,0,0,0,0,0,0,0,0,0,0,0,0,0,0,0,0,0,0,0,0,0,0,0,0,0,0,0,0,0,0,0,0,0,0,0,0,0,0,0,0,0,0
"7",0,0,0,0.00162337662337662,1,1,1,1,1,1,1,1,1,1,1,1,1,1,1,1,1,0.96656050955414,0.95016077170418,1,1,1,1,1,1,1,1,1,1,1,1,1,0.995184590690209,1,1,1,1,1,1,1,1,1,1,0,0,0,0.00164473684210526,0,0.0065359477124183,0.00482315112540193,0,0,0,0,0,0,0,0,0,0,0,0,0,0,0,0,0,0,0,0,0,0,0,0,0,0,0,0,0,0,0,0,0,0,0,0,0,0,0,0,0,0,0,0,0,0,0,0,0,0,0,0,0,0,0,0,0,0,0,0,0,0,0,0,0,0,0,0,0,0,0,0,0,0,0,0,0,0,0,0,0,0,0,0,0,0,0,0,0,0,0,0,0,0,0,0,0,0,0,0,0,0,0,0,0,0,0,0,0,0,0,0,0,0,0,0,0,0,0,0,0,0,0,0,0,0,0,0,0,0,0,0,0,0,0,0,0,0,0,0,0,0,0,0,0,0,0,0,0,0,0,0,0,0,0,0,0,0,0,0,0,0,0,0,0,0,0,0,0,0,0,0,0,0,0,0,0,0,0,0,0,0,0,0,0,0,0,0,0,0
"8",0,0,0,0.00162337662337662,1,1,1,1,1,1,1,1,1,1,1,1,1,1,1,1,1,0.964341085271318,0.951788491446345,1,1,1,1,1,1,1,1,1,1,1,1,1,0.996835443037975,1,1,1,1,1,1,1,1,1,1,0,0,0,0.00161290322580645,0,0.00791139240506329,0.0078125,0,0,0,0,0,0,0,0,0,0,0,0,0,0,0,0,0,0,0,0,0,0,0,0,0,0,0,0,0,0,0,0,0,0,0,0,0,0,0,0,0,0,0,0,0,0,0,0,0,0,0,0,0,0,0,0,0,0,0,0,0,0,0,0,0,0,0,0,0,0,0,0,0,0,0,0,0,0,0,0,0,0,0,0,0,0,0,0,0,0,0,0,0,0,0,0,0,0,0,0,0,0,0,0,0,0,0,0,0,0,0,0,0,0,0,0,0,0,0,0,0,0,0,0,0,0,0,0,0,0,0,0,0,0,0,0,0,0,0,0,0,0,0,0,0,0,0,0,0,0,0,0,0,0,0,0,0,0,0,0,0,0,0,0,0,0,0,0,0,0,0,0,0,0,0,0,0,0,0,0,0,0,0,0,0,0,0,0,0,0
"9",0,0,0,0,1,1,1,1,1,1,1,1,1,1,1,1,1,1,1,1,1,0.970679012345679,0.95679012345679,1,1,1,1,1,1,1,1,1,1,1,1,1,0.996879875195008,1,1,1,1,1,1,1,1,1,1,0,0,0,0,0,0.004739336492891,0.004739336492891,0,0,0,0,0,0,0,0,0,0,0,0,0,0,0,0,0,0,0,0,0,0,0,0,0,0,0,0,0,0,0,0,0,0,0,0,0,0,0,0,0,0,0,0,0,0,0,0,0,0,0,0,0,0,0,0,0,0,0,0,0,0,0,0,0,0,0,0,0,0,0,0,0,0,0,0,0,0,0,0,0,0,0,0,0,0,0,0,0,0,0,0,0,0,0,0,0,0,0,0,0,0,0,0,0,0,0,0,0,0,0,0,0,0,0,0,0,0,0,0,0,0,0,0,0,0,0,0,0,0,0,0,0,0,0,0,0,0,0,0,0,0,0,0,0,0,0,0,0,0,0,0,0,0,0,0,0,0,0,0,0,0,0,0,0,0,0,0,0,0,0,0,0,0,0,0,0,0,0,0,0,0,0,0,0,0,0,0,0,0
"10",0,0,0,0.0016,1,1,1,1,1,1,1,1,1,1,1,1,1,1,1,1,1,0.969088098918083,0.958652373660031,1,1,1,1,1,1,1,1,1,1,1,1,1,0.99537037037037,1,1,1,1,1,1,1,1,1,1,0,0,0,0.00158730158730159,0,0.00938967136150235,0.0077639751552795,0,0,0,0,0,0,0,0,0,0,0,0,0,0,0,0,0,0,0,0,0,0,0,0,0,0,0,0,0,0,0,0,0,0,0,0,0,0,0,0,0,0,0,0,0,0,0,0,0,0,0,0,0,0,0,0,0,0,0,0,0,0,0,0,0,0,0,0,0,0,0,0,0,0,0,0,0,0,0,0,0,0,0,0,0,0,0,0,0,0,0,0,0,0,0,0,0,0,0,0,0,0,0,0,0,0,0,0,0,0,0,0,0,0,0,0,0,0,0,0,0,0,0,0,0,0,0,0,0,0,0,0,0,0,0,0,0,0,0,0,0,0,0,0,0,0,0,0,0,0,0,0,0,0,0,0,0,0,0,0,0,0,0,0,0,0,0,0,0,0,0,0,0,0,0,0,0,0,0,0,0,0,0,0,0,0,0,0,0,0
"11",0,0,0,0.00166112956810631,1,1,1,1,1,1,1,1,1,1,1,1,1,1,1,1,1,0.97258064516129,0.958064516129032,1,1,1,1,1,1,1,1,1,1,1,1,1,0.99510603588907,1,1,1,1,1,1,1,1,1,1,0,0,0,0.00163132137030995,0,0.00816993464052288,0.00650406504065041,0,0,0,0,0,0,0,0,0,0,0,0,0,0,0,0,0,0,0,0,0,0,0,0,0,0,0,0,0,0,0,0,0,0,0,0,0,0,0,0,0,0,0,0,0,0,0,0,0,0,0,0,0,0,0,0,0,0,0,0,0,0,0,0,0,0,0,0,0,0,0,0,0,0,0,0,0,0,0,0,0,0,0,0,0,0,0,0,0,0,0,0,0,0,0,0,0,0,0,0,0,0,0,0,0,0,0,0,0,0,0,0,0,0,0,0,0,0,0,0,0,0,0,0,0,0,0,0,0,0,0,0,0,0,0,0,0,0,0,0,0,0,0,0,0,0,0,0,0,0,0,0,0,0,0,0,0,0,0,0,0,0,0,0,0,0,0,0,0,0,0,0,0,0,0,0,0,0,0,0,0,0,0,0,0,0,0,0,0,0
"12",0,0,0,0.00159744408945687,1,1,1,1,1,1,1,1,1,1,1,1,1,1,1,1,1,0.967791411042945,0.958268933539413,1,1,1,1,1,1,1,1,1,1,1,1,1,0.996875,1,1,1,1,1,1,1,1,1,1,0,0,0,0.0015552099533437,0,0.00927357032457496,0.00773993808049536,0,0,0,0,0,0,0,0,0,0,0,0,0,0,0,0,0,0,0,0,0,0,0,0,0,0,0,0,0,0,0,0,0,0,0,0,0,0,0,0,0,0,0,0,0,0,0,0,0,0,0,0,0,0,0,0,0,0,0,0,0,0,0,0,0,0,0,0,0,0,0,0,0,0,0,0,0,0,0,0,0,0,0,0,0,0,0,0,0,0,0,0,0,0,0,0,0,0,0,0,0,0,0,0,0,0,0,0,0,0,0,0,0,0,0,0,0,0,0,0,0,0,0,0,0,0,0,0,0,0,0,0,0,0,0,0,0,0,0,0,0,0,0,0,0,0,0,0,0,0,0,0,0,0,0,0,0,0,0,0,0,0,0,0,0,0,0,0,0,0,0,0,0,0,0,0,0,0,0,0,0,0,0,0,0,0,0,0,0,0
"13",0,0,0,0.00156985871271586,1,1,1,1,1,1,1,1,1,1,1,1,1,1,1,1,1,0.961597542242704,0.949074074074074,1,1,1,1,1,1,1,1,1,1,1,1,1,0.996860282574568,1,1,1,1,1,1,1,1,1,1,0,0,0,0.00156739811912226,0,0.00933125972006221,0.00786163522012579,0,0,0,0,0,0,0,0,0,0,0,0,0,0,0,0,0,0,0,0,0,0,0,0,0,0,0,0,0,0,0,0,0,0,0,0,0,0,0,0,0,0,0,0,0,0,0,0,0,0,0,0,0,0,0,0,0,0,0,0,0,0,0,0,0,0,0,0,0,0,0,0,0,0,0,0,0,0,0,0,0,0,0,0,0,0,0,0,0,0,0,0,0,0,0,0,0,0,0,0,0,0,0,0,0,0,0,0,0,0,0,0,0,0,0,0,0,0,0,0,0,0,0,0,0,0,0,0,0,0,0,0,0,0,0,0,0,0,0,0,0,0,0,0,0,0,0,0,0,0,0,0,0,0,0,0,0,0,0,0,0,0,0,0,0,0,0,0,0,0,0,0,0,0,0,0,0,0,0,0,0,0,0,0,0,0,0,0,0,0
"14",0,0,0,0.00154798761609907,1,1,1,1,1,1,1,1,1,1,1,1,1,1,1,1,1,0.966412213740458,0.950693374422188,1,1,1,1,1,1,1,1,1,1,1,1,1,0.996923076923077,1,1,1,1,1,1,1,1,1,1,0,0,0,0.00157232704402516,0,0.0062015503875969,0.00461538461538462,0,0,0,0,0,0,0,0,0,0,0,0,0,0,0,0,0,0,0,0,0,0,0,0,0,0,0,0,0,0,0,0,0,0,0,0,0,0,0,0,0,0,0,0,0,0,0,0,0,0,0,0,0,0,0,0,0,0,0,0,0,0,0,0,0,0,0,0,0,0,0,0,0,0,0,0,0,0,0,0,0,0,0,0,0,0,0,0,0,0,0,0,0,0,0,0,0,0,0,0,0,0,0,0,0,0,0,0,0,0,0,0,0,0,0,0,0,0,0,0,0,0,0,0,0,0,0,0,0,0,0,0,0,0,0,0,0,0,0,0,0,0,0,0,0,0,0,0,0,0,0,0,0,0,0,0,0,0,0,0,0,0,0,0,0,0,0,0,0,0,0,0,0,0,0,0,0,0,0,0,0,0,0,0,0,0,0,0,0,0
"15",0,0,0,0.00159235668789809,1,1,1,1,1,1,1,1,1,1,1,1,1,1,1,1,1,0.965571205007825,0.952086553323029,1,1,1,1,1,1,1,1,1,1,1,1,1,0.995268138801262,1,1,1,1,1,1,1,1,1,1,0,0,0,0.00159489633173844,0,0.00791139240506329,0.00635930047694754,0,0,0,0,0,0,0,0,0,0,0,0,0,0,0,0,0,0,0,0,0,0,0,0,0,0,0,0,0,0,0,0,0,0,0,0,0,0,0,0,0,0,0,0,0,0,0,0,0,0,0,0,0,0,0,0,0,0,0,0,0,0,0,0,0,0,0,0,0,0,0,0,0,0,0,0,0,0,0,0,0,0,0,0,0,0,0,0,0,0,0,0,0,0,0,0,0,0,0,0,0,0,0,0,0,0,0,0,0,0,0,0,0,0,0,0,0,0,0,0,0,0,0,0,0,0,0,0,0,0,0,0,0,0,0,0,0,0,0,0,0,0,0,0,0,0,0,0,0,0,0,0,0,0,0,0,0,0,0,0,0,0,0,0,0,0,0,0,0,0,0,0,0,0,0,0,0,0,0,0,0,0,0,0,0,0,0,0,0,0
"16",0,0,0,0.0015600624024961,1,1,1,1,1,1,1,1,1,1,1,1,1,1,1,1,1,0.970358814352574,0.958333333333333,1,1,1,1,1,1,1,1,1,1,1,1,1,0.995334370139969,1,1,1,1,1,1,1,1,1,1,0,0,0,0.0015748031496063,0,0.0078740157480315,0.00626959247648903,0,0,0,0,0,0,0,0,0,0,0,0,0,0,0,0,0,0,0,0,0,0,0,0,0,0,0,0,0,0,0,0,0,0,0,0,0,0,0,0,0,0,0,0,0,0,0,0,0,0,0,0,0,0,0,0,0,0,0,0,0,0,0,0,0,0,0,0,0,0,0,0,0,0,0,0,0,0,0,0,0,0,0,0,0,0,0,0,0,0,0,0,0,0,0,0,0,0,0,0,0,0,0,0,0,0,0,0,0,0,0,0,0,0,0,0,0,0,0,0,0,0,0,0,0,0,0,0,0,0,0,0,0,0,0,0,0,0,0,0,0,0,0,0,0,0,0,0,0,0,0,0,0,0,0,0,0,0,0,0,0,0,0,0,0,0,0,0,0,0,0,0,0,0,0,0,0,0,0,0,0,0,0,0,0,0,0,0,0,0
"17",0,0,0,0,1,1,1,1,1,1,1,1,1,1,1,1,1,1,1,1,1,0.968454258675079,0.955696202531646,1,1,1,1,1,1,1,1,1,1,1,1,1,0.995184590690209,1,1,1,1,1,1,1,1,1,1,0,0,0,0,0,0.00941915227629513,0.00796178343949045,0,0,0,0,0,0,0,0,0,0,0,0,0,0,0,0,0,0,0,0,0,0,0,0,0,0,0,0,0,0,0,0,0,0,0,0,0,0,0,0,0,0,0,0,0,0,0,0,0,0,0,0,0,0,0,0,0,0,0,0,0,0,0,0,0,0,0,0,0,0,0,0,0,0,0,0,0,0,0,0,0,0,0,0,0,0,0,0,0,0,0,0,0,0,0,0,0,0,0,0,0,0,0,0,0,0,0,0,0,0,0,0,0,0,0,0,0,0,0,0,0,0,0,0,0,0,0,0,0,0,0,0,0,0,0,0,0,0,0,0,0,0,0,0,0,0,0,0,0,0,0,0,0,0,0,0,0,0,0,0,0,0,0,0,0,0,0,0,0,0,0,0,0,0,0,0,0,0,0,0,0,0,0,0,0,0,0,0,0,0
"18",0,0,0,0.00157977883096367,1,1,1,1,1,1,1,1,1,1,1,1,1,1,1,1,1,0.961300309597523,0.94375,1,1,1,1,1,1,1,1,1,1,1,1,1,0.995260663507109,1,1,1,1,1,1,1,1,1,1,0,0,0,0.00158478605388273,0,0.0062111801242236,0.00470957613814757,0,0,0,0,0,0,0,0,0,0,0,0,0,0,0,0,0,0,0,0,0,0,0,0,0,0,0,0,0,0,0,0,0,0,0,0,0,0,0,0,0,0,0,0,0,0,0,0,0,0,0,0,0,0,0,0,0,0,0,0,0,0,0,0,0,0,0,0,0,0,0,0,0,0,0,0,0,0,0,0,0,0,0,0,0,0,0,0,0,0,0,0,0,0,0,0,0,0,0,0,0,0,0,0,0,0,0,0,0,0,0,0,0,0,0,0,0,0,0,0,0,0,0,0,0,0,0,0,0,0,0,0,0,0,0,0,0,0,0,0,0,0,0,0,0,0,0,0,0,0,0,0,0,0,0,0,0,0,0,0,0,0,0,0,0,0,0,0,0,0,0,0,0,0,0,0,0,0,0,0,0,0,0,0,0,0,0,0,0,0
"19",0,0,0,0,1,1,1,1,1,1,1,1,1,1,1,1,1,1,1,1,1,0.972265023112481,0.960815047021944,1,1,1,1,1,1,1,1,1,1,1,1,1,0.995305164319249,1,1,1,1,1,1,1,1,1,1,0,0,0,0,0,0.00625,0.00470219435736677,0,0,0,0,0,0,0,0,0,0,0,0,0,0,0,0,0,0,0,0,0,0,0,0,0,0,0,0,0,0,0,0,0,0,0,0,0,0,0,0,0,0,0,0,0,0,0,0,0,0,0,0,0,0,0,0,0,0,0,0,0,0,0,0,0,0,0,0,0,0,0,0,0,0,0,0,0,0,0,0,0,0,0,0,0,0,0,0,0,0,0,0,0,0,0,0,0,0,0,0,0,0,0,0,0,0,0,0,0,0,0,0,0,0,0,0,0,0,0,0,0,0,0,0,0,0,0,0,0,0,0,0,0,0,0,0,0,0,0,0,0,0,0,0,0,0,0,0,0,0,0,0,0,0,0,0,0,0,0,0,0,0,0,0,0,0,0,0,0,0,0,0,0,0,0,0,0,0,0,0,0,0,0,0,0,0,0,0,0,0
"20",0,0,0,0.0016366612111293,1,1,1,1,1,1,1,1,1,1,1,1,1,1,1,1,1,0.963141025641026,0.946601941747573,1,1,1,1,1,1,1,1,1,1,1,1,1,0.995169082125604,1,1,1,1,1,1,1,1,1,1,0,0,0,0.00163132137030995,0,0.00651465798045603,0.00482315112540193,0,0,0,0,0,0,0,0,0,0,0,0,0,0,0,0,0,0,0,0,0,0,0,0,0,0,0,0,0,0,0,0,0,0,0,0,0,0,0,0,0,0,0,0,0,0,0,0,0,0,0,0,0,0,0,0,0,0,0,0,0,0,0,0,0,0,0,0,0,0,0,0,0,0,0,0,0,0,0,0,0,0,0,0,0,0,0,0,0,0,0,0,0,0,0,0,0,0,0,0,0,0,0,0,0,0,0,0,0,0,0,0,0,0,0,0,0,0,0,0,0,0,0,0,0,0,0,0,0,0,0,0,0,0,0,0,0,0,0,0,0,0,0,0,0,0,0,0,0,0,0,0,0,0,0,0,0,0,0,0,0,0,0,0,0,0,0,0,0,0,0,0,0,0,0,0,0,0,0,0,0,0,0,0,0,0,0,0,0,0
"21",0,0,0,0.00161290322580645,1,1,1,1,1,1,1,1,1,1,1,1,1,1,1,1,1,0.968798751950078,0.95748031496063,1,1,1,1,1,1,1,1,1,1,1,1,1,0.995305164319249,1,1,1,1,1,1,1,1,1,1,0,0,0,0.00159744408945687,0,0.00784929356357928,0.00642054574638844,0,0,0,0,0,0,0,0,0,0,0,0,0,0,0,0,0,0,0,0,0,0,0,0,0,0,0,0,0,0,0,0,0,0,0,0,0,0,0,0,0,0,0,0,0,0,0,0,0,0,0,0,0,0,0,0,0,0,0,0,0,0,0,0,0,0,0,0,0,0,0,0,0,0,0,0,0,0,0,0,0,0,0,0,0,0,0,0,0,0,0,0,0,0,0,0,0,0,0,0,0,0,0,0,0,0,0,0,0,0,0,0,0,0,0,0,0,0,0,0,0,0,0,0,0,0,0,0,0,0,0,0,0,0,0,0,0,0,0,0,0,0,0,0,0,0,0,0,0,0,0,0,0,0,0,0,0,0,0,0,0,0,0,0,0,0,0,0,0,0,0,0,0,0,0,0,0,0,0,0,0,0,0,0,0,0,0,0,0,0
"22",0,0,0,0.00159489633173844,0.969793322734499,0.961119751166407,0.96656050955414,0.964341085271318,0.970679012345679,0.969088098918083,0.97258064516129,0.967791411042945,0.961597542242704,0.966412213740458,0.965571205007825,0.970358814352574,0.968454258675079,0.961300309597523,0.972265023112481,0.963141025641026,0.968798751950078,1,1,0.963779527559055,0.967238689547582,0.965204236006051,0.964831804281346,0.966292134831461,0.971342383107089,0.963022508038585,0.967289719626168,0.9625,0.966412213740458,0.9671875,0.973228346456693,0.966666666666667,0.979750778816199,0.963722397476341,0.97007874015748,0.970724191063174,0.968553459119497,0.96319018404908,0.975346687211094,0.961656441717791,0.961656441717791,0.968944099378882,0.965996908809892,0,0,0,0.00156985871271586,0.00955414012738853,0.0496894409937888,0.0482866043613707,0.00297619047619048,0.00769230769230769,0.00778816199376947,0.0121765601217656,0.00637958532695375,0.00765696784073507,0.00622083981337481,0.00914634146341463,0.0091324200913242,0.00453857791225416,0.00597907324364723,0.0062015503875969,0.00925925925925926,0.00806451612903226,0.00783699059561128,0.00623052959501558,0.00789889415481832,0.00314465408805031,0.00460122699386503,0.00753012048192771,0.00619195046439629,0.00920245398773006,0.00766871165644172,0.00618238021638331,0.00618238021638331,0.0062992125984252,0.00770416024653313,0.0076103500761035,0.00612557427258806,0.0031496062992126,0.00930232558139535,0.00789889415481832,0.0078740157480315,0.0062992125984252,0.00930232558139535,0.00946372239747634,0.00600600600600601,0.00783699059561128,0.00623052959501558,0.00625978090766823,0.00647249190938511,0.00783699059561128,0,0.0288753799392097,0.0265210608424337,0.0288,0.021671826625387,0.0189873417721519,0.0015748031496063,0.00158227848101266,0.0261941448382126,0.00758725341426404,0.0289193302891933,0.023696682464455,0.0110759493670886,0.0110236220472441,0,0.0122699386503067,0.0276073619631902,0.0260336906584992,0.0247295208655332,0,0,0.027906976744186,0.0183028286189684,0,0.028169014084507,0,0.0279146141215107,0,0.0186625194401244,0.0237341772151899,0.0244648318042813,0,0.0262345679012346,0.0258358662613982,0.0112,0.00300751879699248,0,0.0290076335877863,0,0.0172413793103448,0.0105740181268882,0,0.00461538461538462,0.0252365930599369,0,0,0.0237741456166419,0.0206677265500795,0.0250391236306729,0.0254777070063694,0.0231839258114374,0,0.0168195718654434,0.00771604938271605,0.0268562401263823,0,0.0093167701863354,0.02660406885759,0.0233281493001555,0,0.0280811232449298,0,0.0185471406491499,0.0280373831775701,0,0.00309119010819165,0.0250783699059561,0.0219092331768388,0.0284431137724551,0,0,0.0282574568288854,0.0220472440944882,0.028436018957346,0,0.0213740458015267,0,0,0.0258751902587519,0.0231124807395994,0.0180995475113122,0.0242057488653555,0,0.028125,0.0172684458398744,0.00925925925925926,0,0.0138674884437596,0,0.027906976744186,0.0248833592534992,0.00309119010819165,0,0,0.0231124807395994,0.0264797507788162,0.0139968895800933,0.0227272727272727,0.0237341772151899,0.0242792109256449,0,0,0.00946372239747634,0.0203761755485893,0,0.0278637770897833,0,0.0137614678899083,0,0.014308426073132,0.0231481481481481,0.020440251572327,0.0309597523219814,0.0015220700152207,0.00158227848101266,0.00914634146341463,0.0218068535825545,0.028169014084507,0.0238853503184713,0.0186335403726708,0.0290964777947933,0.013677811550152,0.0124416796267496,0,0,0.0245398773006135,0,0.0135135135135135,0.0230769230769231,0,0,0.028125,0.0207667731629393,0.0185471406491499,0,0.0307692307692308,0,0.0290519877675841,0.00462249614791988,0.0261941448382126,0,0.0247678018575851,0.00928792569659443,0.0199692780337942,0,0,0.0209580838323353,0.0272435897435897
"23",0,0,0,0.00159235668789809,0.953051643192488,0.9484375,0.95016077170418,0.951788491446345,0.95679012345679,0.958652373660031,0.958064516129032,0.958268933539413,0.949074074074074,0.950693374422188,0.952086553323029,0.958333333333333,0.955696202531646,0.94375,0.960815047021944,0.946601941747573,0.95748031496063,1,1,0.947967479674797,0.951937984496124,0.950078003120125,0.949230769230769,0.95024077046549,0.959276018099548,0.948356807511737,0.953632148377125,0.945773524720893,0.954758190327613,0.953271028037383,0.959627329192547,0.952305246422893,0.977987421383648,0.955414012738854,0.955625990491284,0.95583596214511,0.954983922829582,0.949618320610687,0.963020030816641,0.947692307692308,0.94556765163297,0.955108359133127,0.952086553323029,0,0,0,0.00156739811912226,0.0110062893081761,0.0681114551083591,0.0638629283489097,0.00452488687782805,0.010752688172043,0.0107197549770291,0.0214067278287462,0.00810372771474878,0.0108864696734059,0.00920245398773006,0.0122324159021407,0.0123076923076923,0.00619195046439629,0.0075187969924812,0.0093603744149766,0.0122887864823349,0.00981996726677578,0.00950871632329636,0.00775193798449612,0.0078740157480315,0.00475435816164818,0.00615384615384615,0.010752688172043,0.00768049155145929,0.0110236220472441,0.00925925925925926,0.00921658986175115,0.00947867298578199,0.0094488188976378,0.00927357032457496,0.0105263157894737,0.00923076923076923,0.00657894736842105,0.0124804992199688,0.00947867298578199,0.0112721417069243,0.00934579439252336,0.0110584518167457,0.0125984251968504,0.00927357032457496,0.00946372239747634,0.0093603744149766,0.0093603744149766,0.00974025974025974,0.00934579439252336,0,0.0410334346504559,0.0375,0.043338683788122,0.0312989045383412,0.0241545893719807,0.0015748031496063,0.00156494522691706,0.0373250388802488,0.0093167701863354,0.0393343419062027,0.035031847133758,0.0110062893081761,0.0125984251968504,0,0.0124610591900312,0.0395738203957382,0.0393081761006289,0.0345368916797488,0,0,0.0421875,0.0248344370860927,0,0.0427892234548336,0,0.0388978930307942,0,0.0294117647058824,0.028391167192429,0.0384024577572965,0,0.0369230769230769,0.0392156862745098,0.0110410094637224,0.00298953662182362,0,0.0412213740458015,0,0.0297339593114241,0.0122511485451761,0,0.00469483568075117,0.029595015576324,0,0,0.0344827586206897,0.0273311897106109,0.0364500792393027,0.0336,0.0345368916797488,0,0.0213414634146341,0.009375,0.0366826156299841,0,0.0107858243451464,0.0362204724409449,0.0344287949921753,0,0.0392464678178964,0,0.0268987341772152,0.0382165605095541,0,0.00316455696202532,0.0346456692913386,0.0342146189735614,0.039039039039039,0,0,0.0413476263399694,0.0316957210776545,0.0382775119617225,0,0.0352220520673813,0,0,0.0354938271604938,0.0356589147286822,0.0242424242424242,0.0330827067669173,0,0.0396196513470681,0.0237341772151899,0.012326656394453,0,0.0202808112324493,0,0.0423861852433281,0.0352760736196319,0.00311526479750779,0,0,0.036697247706422,0.0379939209726444,0.0170807453416149,0.0323624595469256,0.0283464566929134,0.0349013657056146,0,0,0.0125,0.0300632911392405,0,0.0375,0.00153846153846154,0.0152671755725191,0,0.015625,0.0352220520673813,0.0238095238095238,0.04375,0.00154559505409583,0.00155763239875389,0.0109375,0.0354938271604938,0.0385208012326656,0.032051282051282,0.0214723926380368,0.0408163265306122,0.0171606864274571,0.0138461538461538,0,0,0.0337941628264209,0,0.0152671755725191,0.0327102803738318,0,0,0.0403726708074534,0.0261437908496732,0.0261941448382126,0,0.0420560747663551,0,0.0416666666666667,0.0047244094488189,0.0358255451713396,0,0.030441400304414,0.0124223602484472,0.0279503105590062,0,0,0.032258064516129,0.0390015600624025
"24",0,0,0,0.0016025641025641,1,1,1,1,1,1,1,1,1,1,1,1,1,1,1,1,1,0.963779527559055,0.947967479674797,1,1,1,1,1,1,1,1,1,1,1,1,1,0.996789727126806,1,1,1,1,1,1,1,1,1,1,0,0,0,0.0016366612111293,0,0.00796178343949045,0.00638977635782748,0,0,0,0,0,0,0,0,0,0,0,0,0,0,0,0,0,0,0,0,0,0,0,0,0,0,0,0,0,0,0,0,0,0,0,0,0,0,0,0,0,0,0,0,0,0,0,0,0,0,0,0,0,0,0,0,0,0,0,0,0,0,0,0,0,0,0,0,0,0,0,0,0,0,0,0,0,0,0,0,0,0,0,0,0,0,0,0,0,0,0,0,0,0,0,0,0,0,0,0,0,0,0,0,0,0,0,0,0,0,0,0,0,0,0,0,0,0,0,0,0,0,0,0,0,0,0,0,0,0,0,0,0,0,0,0,0,0,0,0,0,0,0,0,0,0,0,0,0,0,0,0,0,0,0,0,0,0,0,0,0,0,0,0,0,0,0,0,0,0,0,0,0,0,0,0,0,0,0,0,0,0,0,0,0,0,0,0,0,0
"25",0,0,0,0.0016,1,1,1,1,1,1,1,1,1,1,1,1,1,1,1,1,1,0.967238689547582,0.951937984496124,1,1,1,1,1,1,1,1,1,1,1,1,1,0.996879875195008,1,1,1,1,1,1,1,1,1,1,0,0,0,0.00156985871271586,0,0.0094488188976378,0.00793650793650794,0,0,0,0,0,0,0,0,0,0,0,0,0,0,0,0,0,0,0,0,0,0,0,0,0,0,0,0,0,0,0,0,0,0,0,0,0,0,0,0,0,0,0,0,0,0,0,0,0,0,0,0,0,0,0,0,0,0,0,0,0,0,0,0,0,0,0,0,0,0,0,0,0,0,0,0,0,0,0,0,0,0,0,0,0,0,0,0,0,0,0,0,0,0,0,0,0,0,0,0,0,0,0,0,0,0,0,0,0,0,0,0,0,0,0,0,0,0,0,0,0,0,0,0,0,0,0,0,0,0,0,0,0,0,0,0,0,0,0,0,0,0,0,0,0,0,0,0,0,0,0,0,0,0,0,0,0,0,0,0,0,0,0,0,0,0,0,0,0,0,0,0,0,0,0,0,0,0,0,0,0,0,0,0,0,0,0,0,0,0
"26",0,0,0,0.00155763239875389,1,1,1,1,1,1,1,1,1,1,1,1,1,1,1,1,1,0.965204236006051,0.950078003120125,1,1,1,1,1,1,1,1,1,1,1,1,1,0.995319812792512,1,1,1,1,1,1,1,1,1,1,0,0,0,0.00157232704402516,0,0.00801282051282051,0.0077639751552795,0,0,0,0,0,0,0,0,0,0,0,0,0,0,0,0,0,0,0,0,0,0,0,0,0,0,0,0,0,0,0,0,0,0,0,0,0,0,0,0,0,0,0,0,0,0,0,0,0,0,0,0,0,0,0,0,0,0,0,0,0,0,0,0,0,0,0,0,0,0,0,0,0,0,0,0,0,0,0,0,0,0,0,0,0,0,0,0,0,0,0,0,0,0,0,0,0,0,0,0,0,0,0,0,0,0,0,0,0,0,0,0,0,0,0,0,0,0,0,0,0,0,0,0,0,0,0,0,0,0,0,0,0,0,0,0,0,0,0,0,0,0,0,0,0,0,0,0,0,0,0,0,0,0,0,0,0,0,0,0,0,0,0,0,0,0,0,0,0,0,0,0,0,0,0,0,0,0,0,0,0,0,0,0,0,0,0,0,0,0
"27",0,0,0,0.00155763239875389,1,1,1,1,1,1,1,1,1,1,1,1,1,1,1,1,1,0.964831804281346,0.949230769230769,1,1,1,1,1,1,1,1,1,1,1,1,1,0.99537750385208,1,1,1,1,1,1,1,1,1,1,0,0,0,0.00157728706624606,0,0.00613496932515337,0.00464396284829721,0,0,0,0,0,0,0,0,0,0,0,0,0,0,0,0,0,0,0,0,0,0,0,0,0,0,0,0,0,0,0,0,0,0,0,0,0,0,0,0,0,0,0,0,0,0,0,0,0,0,0,0,0,0,0,0,0,0,0,0,0,0,0,0,0,0,0,0,0,0,0,0,0,0,0,0,0,0,0,0,0,0,0,0,0,0,0,0,0,0,0,0,0,0,0,0,0,0,0,0,0,0,0,0,0,0,0,0,0,0,0,0,0,0,0,0,0,0,0,0,0,0,0,0,0,0,0,0,0,0,0,0,0,0,0,0,0,0,0,0,0,0,0,0,0,0,0,0,0,0,0,0,0,0,0,0,0,0,0,0,0,0,0,0,0,0,0,0,0,0,0,0,0,0,0,0,0,0,0,0,0,0,0,0,0,0,0,0,0,0
"28",0,0,0,0.00165289256198347,1,1,1,1,1,1,1,1,1,1,1,1,1,1,1,1,1,0.966292134831461,0.95024077046549,1,1,1,1,1,1,1,1,1,1,1,1,1,0.996763754045307,1,1,1,1,1,1,1,1,1,1,0,0,0,0.00163132137030995,0,0.00821018062397373,0.00654664484451719,0,0,0,0,0,0,0,0,0,0,0,0,0,0,0,0,0,0,0,0,0,0,0,0,0,0,0,0,0,0,0,0,0,0,0,0,0,0,0,0,0,0,0,0,0,0,0,0,0,0,0,0,0,0,0,0,0,0,0,0,0,0,0,0,0,0,0,0,0,0,0,0,0,0,0,0,0,0,0,0,0,0,0,0,0,0,0,0,0,0,0,0,0,0,0,0,0,0,0,0,0,0,0,0,0,0,0,0,0,0,0,0,0,0,0,0,0,0,0,0,0,0,0,0,0,0,0,0,0,0,0,0,0,0,0,0,0,0,0,0,0,0,0,0,0,0,0,0,0,0,0,0,0,0,0,0,0,0,0,0,0,0,0,0,0,0,0,0,0,0,0,0,0,0,0,0,0,0,0,0,0,0,0,0,0,0,0,0,0,0
"29",0,0,0,0.00154559505409583,1,1,1,1,1,1,1,1,1,1,1,1,1,1,1,1,1,0.971342383107089,0.959276018099548,1,1,1,1,1,1,1,1,1,1,1,1,1,0.996913580246914,1,1,1,1,1,1,1,1,1,1,0,0,0,0.00154083204930663,0,0.0077639751552795,0.00612557427258806,0,0,0,0,0,0,0,0,0,0,0,0,0,0,0,0,0,0,0,0,0,0,0,0,0,0,0,0,0,0,0,0,0,0,0,0,0,0,0,0,0,0,0,0,0,0,0,0,0,0,0,0,0,0,0,0,0,0,0,0,0,0,0,0,0,0,0,0,0,0,0,0,0,0,0,0,0,0,0,0,0,0,0,0,0,0,0,0,0,0,0,0,0,0,0,0,0,0,0,0,0,0,0,0,0,0,0,0,0,0,0,0,0,0,0,0,0,0,0,0,0,0,0,0,0,0,0,0,0,0,0,0,0,0,0,0,0,0,0,0,0,0,0,0,0,0,0,0,0,0,0,0,0,0,0,0,0,0,0,0,0,0,0,0,0,0,0,0,0,0,0,0,0,0,0,0,0,0,0,0,0,0,0,0,0,0,0,0,0,0
"30",0,0,0,0.00163132137030995,1,1,1,1,1,1,1,1,1,1,1,1,1,1,1,1,1,0.963022508038585,0.948356807511737,1,1,1,1,1,1,1,1,1,1,1,1,1,0.996805111821086,1,1,1,1,1,1,1,1,1,1,0,0,0,0.0016260162601626,0,0.00797448165869218,0.00643086816720257,0,0,0,0,0,0,0,0,0,0,0,0,0,0,0,0,0,0,0,0,0,0,0,0,0,0,0,0,0,0,0,0,0,0,0,0,0,0,0,0,0,0,0,0,0,0,0,0,0,0,0,0,0,0,0,0,0,0,0,0,0,0,0,0,0,0,0,0,0,0,0,0,0,0,0,0,0,0,0,0,0,0,0,0,0,0,0,0,0,0,0,0,0,0,0,0,0,0,0,0,0,0,0,0,0,0,0,0,0,0,0,0,0,0,0,0,0,0,0,0,0,0,0,0,0,0,0,0,0,0,0,0,0,0,0,0,0,0,0,0,0,0,0,0,0,0,0,0,0,0,0,0,0,0,0,0,0,0,0,0,0,0,0,0,0,0,0,0,0,0,0,0,0,0,0,0,0,0,0,0,0,0,0,0,0,0,0,0,0,0
"31",0,0,0,0.0016,1,1,1,1,1,1,1,1,1,1,1,1,1,1,1,1,1,0.967289719626168,0.953632148377125,1,1,1,1,1,1,1,1,1,1,1,1,1,0.995230524642289,1,1,1,1,1,1,1,1,1,1,0,0,0,0.00160771704180064,0,0.00791139240506329,0.00778816199376947,0,0,0,0,0,0,0,0,0,0,0,0,0,0,0,0,0,0,0,0,0,0,0,0,0,0,0,0,0,0,0,0,0,0,0,0,0,0,0,0,0,0,0,0,0,0,0,0,0,0,0,0,0,0,0,0,0,0,0,0,0,0,0,0,0,0,0,0,0,0,0,0,0,0,0,0,0,0,0,0,0,0,0,0,0,0,0,0,0,0,0,0,0,0,0,0,0,0,0,0,0,0,0,0,0,0,0,0,0,0,0,0,0,0,0,0,0,0,0,0,0,0,0,0,0,0,0,0,0,0,0,0,0,0,0,0,0,0,0,0,0,0,0,0,0,0,0,0,0,0,0,0,0,0,0,0,0,0,0,0,0,0,0,0,0,0,0,0,0,0,0,0,0,0,0,0,0,0,0,0,0,0,0,0,0,0,0,0,0,0
"32",0,0,0,0,1,1,1,1,1,1,1,1,1,1,1,1,1,1,1,1,1,0.9625,0.945773524720893,1,1,1,1,1,1,1,1,1,1,1,1,1,0.995275590551181,1,1,1,1,1,1,1,1,1,1,0,0,0,0,0,0.00316455696202532,0.00319488817891374,0,0,0,0,0,0,0,0,0,0,0,0,0,0,0,0,0,0,0,0,0,0,0,0,0,0,0,0,0,0,0,0,0,0,0,0,0,0,0,0,0,0,0,0,0,0,0,0,0,0,0,0,0,0,0,0,0,0,0,0,0,0,0,0,0,0,0,0,0,0,0,0,0,0,0,0,0,0,0,0,0,0,0,0,0,0,0,0,0,0,0,0,0,0,0,0,0,0,0,0,0,0,0,0,0,0,0,0,0,0,0,0,0,0,0,0,0,0,0,0,0,0,0,0,0,0,0,0,0,0,0,0,0,0,0,0,0,0,0,0,0,0,0,0,0,0,0,0,0,0,0,0,0,0,0,0,0,0,0,0,0,0,0,0,0,0,0,0,0,0,0,0,0,0,0,0,0,0,0,0,0,0,0,0,0,0,0,0,0,0
"33",0,0,0,0.00159235668789809,1,1,1,1,1,1,1,1,1,1,1,1,1,1,1,1,1,0.966412213740458,0.954758190327613,1,1,1,1,1,1,1,1,1,1,1,1,1,0.995327102803738,1,1,1,1,1,1,1,1,1,1,0,0,0,0.00161030595813205,0,0.00793650793650794,0.00628930817610063,0,0,0,0,0,0,0,0,0,0,0,0,0,0,0,0,0,0,0,0,0,0,0,0,0,0,0,0,0,0,0,0,0,0,0,0,0,0,0,0,0,0,0,0,0,0,0,0,0,0,0,0,0,0,0,0,0,0,0,0,0,0,0,0,0,0,0,0,0,0,0,0,0,0,0,0,0,0,0,0,0,0,0,0,0,0,0,0,0,0,0,0,0,0,0,0,0,0,0,0,0,0,0,0,0,0,0,0,0,0,0,0,0,0,0,0,0,0,0,0,0,0,0,0,0,0,0,0,0,0,0,0,0,0,0,0,0,0,0,0,0,0,0,0,0,0,0,0,0,0,0,0,0,0,0,0,0,0,0,0,0,0,0,0,0,0,0,0,0,0,0,0,0,0,0,0,0,0,0,0,0,0,0,0,0,0,0,0,0,0
"34",0,0,0,0,1,1,1,1,1,1,1,1,1,1,1,1,1,1,1,1,1,0.9671875,0.953271028037383,1,1,1,1,1,1,1,1,1,1,1,1,1,0.99537750385208,1,1,1,1,1,1,1,1,1,1,0,0,0,0,0,0.00930232558139535,0.0078740157480315,0,0,0,0,0,0,0,0,0,0,0,0,0,0,0,0,0,0,0,0,0,0,0,0,0,0,0,0,0,0,0,0,0,0,0,0,0,0,0,0,0,0,0,0,0,0,0,0,0,0,0,0,0,0,0,0,0,0,0,0,0,0,0,0,0,0,0,0,0,0,0,0,0,0,0,0,0,0,0,0,0,0,0,0,0,0,0,0,0,0,0,0,0,0,0,0,0,0,0,0,0,0,0,0,0,0,0,0,0,0,0,0,0,0,0,0,0,0,0,0,0,0,0,0,0,0,0,0,0,0,0,0,0,0,0,0,0,0,0,0,0,0,0,0,0,0,0,0,0,0,0,0,0,0,0,0,0,0,0,0,0,0,0,0,0,0,0,0,0,0,0,0,0,0,0,0,0,0,0,0,0,0,0,0,0,0,0,0,0,0
"35",0,0,0,0.00162337662337662,1,1,1,1,1,1,1,1,1,1,1,1,1,1,1,1,1,0.973228346456693,0.959627329192547,1,1,1,1,1,1,1,1,1,1,1,1,1,0.995268138801262,1,1,1,1,1,1,1,1,1,1,0,0,0,0.00159744408945687,0,0.0095389507154213,0.00789889415481832,0,0,0,0,0,0,0,0,0,0,0,0,0,0,0,0,0,0,0,0,0,0,0,0,0,0,0,0,0,0,0,0,0,0,0,0,0,0,0,0,0,0,0,0,0,0,0,0,0,0,0,0,0,0,0,0,0,0,0,0,0,0,0,0,0,0,0,0,0,0,0,0,0,0,0,0,0,0,0,0,0,0,0,0,0,0,0,0,0,0,0,0,0,0,0,0,0,0,0,0,0,0,0,0,0,0,0,0,0,0,0,0,0,0,0,0,0,0,0,0,0,0,0,0,0,0,0,0,0,0,0,0,0,0,0,0,0,0,0,0,0,0,0,0,0,0,0,0,0,0,0,0,0,0,0,0,0,0,0,0,0,0,0,0,0,0,0,0,0,0,0,0,0,0,0,0,0,0,0,0,0,0,0,0,0,0,0,0,0,0
"36",0,0,0,0.00162866449511401,1,1,1,1,1,1,1,1,1,1,1,1,1,1,1,1,1,0.966666666666667,0.952305246422893,1,1,1,1,1,1,1,1,1,1,1,1,1,0.998397435897436,1,1,1,1,1,1,1,1,1,1,0,0,0,0.00162866449511401,0,0.00815660685154975,0.00638977635782748,0,0,0,0,0,0,0,0,0,0,0,0,0,0,0,0,0,0,0,0,0,0,0,0,0,0,0,0,0,0,0,0,0,0,0,0,0,0,0,0,0,0,0,0,0,0,0,0,0,0,0,0,0,0,0,0,0,0,0,0,0,0,0,0,0,0,0,0,0,0,0,0,0,0,0,0,0,0,0,0,0,0,0,0,0,0,0,0,0,0,0,0,0,0,0,0,0,0,0,0,0,0,0,0,0,0,0,0,0,0,0,0,0,0,0,0,0,0,0,0,0,0,0,0,0,0,0,0,0,0,0,0,0,0,0,0,0,0,0,0,0,0,0,0,0,0,0,0,0,0,0,0,0,0,0,0,0,0,0,0,0,0,0,0,0,0,0,0,0,0,0,0,0,0,0,0,0,0,0,0,0,0,0,0,0,0,0,0,0,0
"37",0,0,0,0.00160771704180064,0.9968,0.996768982229402,0.995184590690209,0.996835443037975,0.996879875195008,0.99537037037037,0.99510603588907,0.996875,0.996860282574568,0.996923076923077,0.995268138801262,0.995334370139969,0.995184590690209,0.995260663507109,0.995305164319249,0.995169082125604,0.995305164319249,0.979750778816199,0.977987421383648,0.996789727126806,0.996879875195008,0.995319812792512,0.99537750385208,0.996763754045307,0.996913580246914,0.996805111821086,0.995230524642289,0.995275590551181,0.995327102803738,0.99537750385208,0.995268138801262,0.998397435897436,1,1,0.996840442338073,0.995290423861852,0.998389694041868,0.99537037037037,0.995230524642289,0.996879875195008,0.995260663507109,0.995230524642289,0.995305164319249,0,0,0,0.00159744408945687,0.00321027287319422,0.0127388535031847,0.0111464968152866,0.0015220700152207,0.0046583850931677,0.00473186119873817,0.00465116279069767,0.0032520325203252,0.00313971742543171,0.00311526479750779,0.00462249614791988,0.00473186119873817,0.00305343511450382,0.00152905198776758,0.00317965023847377,0.0046583850931677,0.00328407224958949,0.00320512820512821,0.00314465408805031,0.00158730158730159,0,0.00314465408805031,0.0046583850931677,0.0015552099533437,0.00320512820512821,0.00312989045383412,0.00470219435736677,0.00473186119873817,0.0046801872074883,0.003125,0.00460829493087558,0.00460829493087558,0.00327868852459016,0.00462249614791988,0.00321543408360129,0.00483091787439614,0.00474683544303797,0.00317460317460317,0.00477707006369427,0.00464396284829721,0.00313971742543171,0.0031201248049922,0.00161290322580645,0.00323624595469256,0.00325732899022801,0,0,0,0,0,0,0,0,0,0,0,0,0,0,0,0,0,0,0,0,0,0,0,0,0,0,0,0,0,0,0,0,0,0,0,0,0,0,0,0,0,0,0,0,0,0,0,0,0,0,0,0,0,0,0,0,0,0,0,0,0,0,0,0,0,0,0,0,0,0,0,0,0,0,0,0,0,0,0,0,0,0,0,0,0,0,0,0,0,0,0,0,0,0,0,0,0,0,0,0,0,0,0,0,0,0,0,0,0,0,0,0,0,0,0,0,0,0,0,0,0,0,0,0,0,0,0,0,0,0,0,0,0,0,0,0,0,0,0,0,0,0,0,0,0,0,0,0
"38",0,0,0,0,1,1,1,1,1,1,1,1,1,1,1,1,1,1,1,1,1,0.963722397476341,0.955414012738854,1,1,1,1,1,1,1,1,1,1,1,1,1,1,1,1,1,1,1,1,1,1,1,1,0,0,0,0,0,0.0094488188976378,0.00794912559618442,0,0,0,0,0,0,0,0,0,0,0,0,0,0,0,0,0,0,0,0,0,0,0,0,0,0,0,0,0,0,0,0,0,0,0,0,0,0,0,0,0,0,0,0,0,0,0,0,0,0,0,0,0,0,0,0,0,0,0,0,0,0,0,0,0,0,0,0,0,0,0,0,0,0,0,0,0,0,0,0,0,0,0,0,0,0,0,0,0,0,0,0,0,0,0,0,0,0,0,0,0,0,0,0,0,0,0,0,0,0,0,0,0,0,0,0,0,0,0,0,0,0,0,0,0,0,0,0,0,0,0,0,0,0,0,0,0,0,0,0,0,0,0,0,0,0,0,0,0,0,0,0,0,0,0,0,0,0,0,0,0,0,0,0,0,0,0,0,0,0,0,0,0,0,0,0,0,0,0,0,0,0,0,0,0,0,0,0,0,0
"39",0,0,0,0.00162074554294976,1,1,1,1,1,1,1,1,1,1,1,1,1,1,1,1,1,0.97007874015748,0.955625990491284,1,1,1,1,1,1,1,1,1,1,1,1,1,0.996840442338073,1,1,1,1,1,1,1,1,1,1,0,0,0,0.00161290322580645,0,0.0062992125984252,0.00632911392405063,0,0,0,0,0,0,0,0,0,0,0,0,0,0,0,0,0,0,0,0,0,0,0,0,0,0,0,0,0,0,0,0,0,0,0,0,0,0,0,0,0,0,0,0,0,0,0,0,0,0,0,0,0,0,0,0,0,0,0,0,0,0,0,0,0,0,0,0,0,0,0,0,0,0,0,0,0,0,0,0,0,0,0,0,0,0,0,0,0,0,0,0,0,0,0,0,0,0,0,0,0,0,0,0,0,0,0,0,0,0,0,0,0,0,0,0,0,0,0,0,0,0,0,0,0,0,0,0,0,0,0,0,0,0,0,0,0,0,0,0,0,0,0,0,0,0,0,0,0,0,0,0,0,0,0,0,0,0,0,0,0,0,0,0,0,0,0,0,0,0,0,0,0,0,0,0,0,0,0,0,0,0,0,0,0,0,0,0,0,0
"40",0,0,0,0.00158227848101266,1,1,1,1,1,1,1,1,1,1,1,1,1,1,1,1,1,0.970724191063174,0.95583596214511,1,1,1,1,1,1,1,1,1,1,1,1,1,0.995290423861852,1,1,1,1,1,1,1,1,1,1,0,0,0,0.0015748031496063,0,0.00789889415481832,0.00623052959501558,0,0,0,0,0,0,0,0,0,0,0,0,0,0,0,0,0,0,0,0,0,0,0,0,0,0,0,0,0,0,0,0,0,0,0,0,0,0,0,0,0,0,0,0,0,0,0,0,0,0,0,0,0,0,0,0,0,0,0,0,0,0,0,0,0,0,0,0,0,0,0,0,0,0,0,0,0,0,0,0,0,0,0,0,0,0,0,0,0,0,0,0,0,0,0,0,0,0,0,0,0,0,0,0,0,0,0,0,0,0,0,0,0,0,0,0,0,0,0,0,0,0,0,0,0,0,0,0,0,0,0,0,0,0,0,0,0,0,0,0,0,0,0,0,0,0,0,0,0,0,0,0,0,0,0,0,0,0,0,0,0,0,0,0,0,0,0,0,0,0,0,0,0,0,0,0,0,0,0,0,0,0,0,0,0,0,0,0,0,0
"41",0,0,0,0,1,1,1,1,1,1,1,1,1,1,1,1,1,1,1,1,1,0.968553459119497,0.954983922829582,1,1,1,1,1,1,1,1,1,1,1,1,1,0.998389694041868,1,1,1,1,1,1,1,1,1,1,0,0,0,0,0,0.00642054574638844,0.0048,0,0,0,0,0,0,0,0,0,0,0,0,0,0,0,0,0,0,0,0,0,0,0,0,0,0,0,0,0,0,0,0,0,0,0,0,0,0,0,0,0,0,0,0,0,0,0,0,0,0,0,0,0,0,0,0,0,0,0,0,0,0,0,0,0,0,0,0,0,0,0,0,0,0,0,0,0,0,0,0,0,0,0,0,0,0,0,0,0,0,0,0,0,0,0,0,0,0,0,0,0,0,0,0,0,0,0,0,0,0,0,0,0,0,0,0,0,0,0,0,0,0,0,0,0,0,0,0,0,0,0,0,0,0,0,0,0,0,0,0,0,0,0,0,0,0,0,0,0,0,0,0,0,0,0,0,0,0,0,0,0,0,0,0,0,0,0,0,0,0,0,0,0,0,0,0,0,0,0,0,0,0,0,0,0,0,0,0,0,0
"42",0,0,0,0,1,1,1,1,1,1,1,1,1,1,1,1,1,1,1,1,1,0.96319018404908,0.949618320610687,1,1,1,1,1,1,1,1,1,1,1,1,1,0.99537037037037,1,1,1,1,1,1,1,1,1,1,0,0,0,0,0,0.00923076923076923,0.00757575757575758,0,0,0,0,0,0,0,0,0,0,0,0,0,0,0,0,0,0,0,0,0,0,0,0,0,0,0,0,0,0,0,0,0,0,0,0,0,0,0,0,0,0,0,0,0,0,0,0,0,0,0,0,0,0,0,0,0,0,0,0,0,0,0,0,0,0,0,0,0,0,0,0,0,0,0,0,0,0,0,0,0,0,0,0,0,0,0,0,0,0,0,0,0,0,0,0,0,0,0,0,0,0,0,0,0,0,0,0,0,0,0,0,0,0,0,0,0,0,0,0,0,0,0,0,0,0,0,0,0,0,0,0,0,0,0,0,0,0,0,0,0,0,0,0,0,0,0,0,0,0,0,0,0,0,0,0,0,0,0,0,0,0,0,0,0,0,0,0,0,0,0,0,0,0,0,0,0,0,0,0,0,0,0,0,0,0,0,0,0,0
"43",0,0,0,0.0016025641025641,1,1,1,1,1,1,1,1,1,1,1,1,1,1,1,1,1,0.975346687211094,0.963020030816641,1,1,1,1,1,1,1,1,1,1,1,1,1,0.995230524642289,1,1,1,1,1,1,1,1,1,1,0,0,0,0.00158982511923688,0,0.00783699059561128,0.00632911392405063,0,0,0,0,0,0,0,0,0,0,0,0,0,0,0,0,0,0,0,0,0,0,0,0,0,0,0,0,0,0,0,0,0,0,0,0,0,0,0,0,0,0,0,0,0,0,0,0,0,0,0,0,0,0,0,0,0,0,0,0,0,0,0,0,0,0,0,0,0,0,0,0,0,0,0,0,0,0,0,0,0,0,0,0,0,0,0,0,0,0,0,0,0,0,0,0,0,0,0,0,0,0,0,0,0,0,0,0,0,0,0,0,0,0,0,0,0,0,0,0,0,0,0,0,0,0,0,0,0,0,0,0,0,0,0,0,0,0,0,0,0,0,0,0,0,0,0,0,0,0,0,0,0,0,0,0,0,0,0,0,0,0,0,0,0,0,0,0,0,0,0,0,0,0,0,0,0,0,0,0,0,0,0,0,0,0,0,0,0,0
"44",0,0,0,0,1,1,1,1,1,1,1,1,1,1,1,1,1,1,1,1,1,0.961656441717791,0.947692307692308,1,1,1,1,1,1,1,1,1,1,1,1,1,0.996879875195008,1,1,1,1,1,1,1,1,1,1,0,0,0,0,0,0.00940438871473354,0.00793650793650794,0,0,0,0,0,0,0,0,0,0,0,0,0,0,0,0,0,0,0,0,0,0,0,0,0,0,0,0,0,0,0,0,0,0,0,0,0,0,0,0,0,0,0,0,0,0,0,0,0,0,0,0,0,0,0,0,0,0,0,0,0,0,0,0,0,0,0,0,0,0,0,0,0,0,0,0,0,0,0,0,0,0,0,0,0,0,0,0,0,0,0,0,0,0,0,0,0,0,0,0,0,0,0,0,0,0,0,0,0,0,0,0,0,0,0,0,0,0,0,0,0,0,0,0,0,0,0,0,0,0,0,0,0,0,0,0,0,0,0,0,0,0,0,0,0,0,0,0,0,0,0,0,0,0,0,0,0,0,0,0,0,0,0,0,0,0,0,0,0,0,0,0,0,0,0,0,0,0,0,0,0,0,0,0,0,0,0,0,0,0
"45",0,0,0,0.00157728706624606,1,1,1,1,1,1,1,1,1,1,1,1,1,1,1,1,1,0.961656441717791,0.94556765163297,1,1,1,1,1,1,1,1,1,1,1,1,1,0.995260663507109,1,1,1,1,1,1,1,1,1,1,0,0,0,0.0015552099533437,0,0.009375,0.00782472613458529,0,0,0,0,0,0,0,0,0,0,0,0,0,0,0,0,0,0,0,0,0,0,0,0,0,0,0,0,0,0,0,0,0,0,0,0,0,0,0,0,0,0,0,0,0,0,0,0,0,0,0,0,0,0,0,0,0,0,0,0,0,0,0,0,0,0,0,0,0,0,0,0,0,0,0,0,0,0,0,0,0,0,0,0,0,0,0,0,0,0,0,0,0,0,0,0,0,0,0,0,0,0,0,0,0,0,0,0,0,0,0,0,0,0,0,0,0,0,0,0,0,0,0,0,0,0,0,0,0,0,0,0,0,0,0,0,0,0,0,0,0,0,0,0,0,0,0,0,0,0,0,0,0,0,0,0,0,0,0,0,0,0,0,0,0,0,0,0,0,0,0,0,0,0,0,0,0,0,0,0,0,0,0,0,0,0,0,0,0,0
"46",0,0,0,0.00161290322580645,1,1,1,1,1,1,1,1,1,1,1,1,1,1,1,1,1,0.968944099378882,0.955108359133127,1,1,1,1,1,1,1,1,1,1,1,1,1,0.995230524642289,1,1,1,1,1,1,1,1,1,1,0,0,0,0.00158982511923688,0,0.00940438871473354,0.00793650793650794,0,0,0,0,0,0,0,0,0,0,0,0,0,0,0,0,0,0,0,0,0,0,0,0,0,0,0,0,0,0,0,0,0,0,0,0,0,0,0,0,0,0,0,0,0,0,0,0,0,0,0,0,0,0,0,0,0,0,0,0,0,0,0,0,0,0,0,0,0,0,0,0,0,0,0,0,0,0,0,0,0,0,0,0,0,0,0,0,0,0,0,0,0,0,0,0,0,0,0,0,0,0,0,0,0,0,0,0,0,0,0,0,0,0,0,0,0,0,0,0,0,0,0,0,0,0,0,0,0,0,0,0,0,0,0,0,0,0,0,0,0,0,0,0,0,0,0,0,0,0,0,0,0,0,0,0,0,0,0,0,0,0,0,0,0,0,0,0,0,0,0,0,0,0,0,0,0,0,0,0,0,0,0,0,0,0,0,0,0,0
"47",0,0,0,0.00158730158730159,1,1,1,1,1,1,1,1,1,1,1,1,1,1,1,1,1,0.965996908809892,0.952086553323029,1,1,1,1,1,1,1,1,1,1,1,1,1,0.995305164319249,1,1,1,1,1,1,1,1,1,1,0,0,0,0.00156985871271586,0,0.00778816199376947,0.0061633281972265,0,0,0,0,0,0,0,0,0,0,0,0,0,0,0,0,0,0,0,0,0,0,0,0,0,0,0,0,0,0,0,0,0,0,0,0,0,0,0,0,0,0,0,0,0,0,0,0,0,0,0,0,0,0,0,0,0,0,0,0,0,0,0,0,0,0,0,0,0,0,0,0,0,0,0,0,0,0,0,0,0,0,0,0,0,0,0,0,0,0,0,0,0,0,0,0,0,0,0,0,0,0,0,0,0,0,0,0,0,0,0,0,0,0,0,0,0,0,0,0,0,0,0,0,0,0,0,0,0,0,0,0,0,0,0,0,0,0,0,0,0,0,0,0,0,0,0,0,0,0,0,0,0,0,0,0,0,0,0,0,0,0,0,0,0,0,0,0,0,0,0,0,0,0,0,0,0,0,0,0,0,0,0,0,0,0,0,0,0,0
"48",1,1,1,0.998447204968944,0,0,0,0,0,0,0,0,0,0,0,0,0,0,0,0,0,0,0,0,0,0,0,0,0,0,0,0,0,0,0,0,0,0,0,0,0,0,0,0,0,0,0,1,1,1,0.998427672955975,0.00154320987654321,0,0,0,0,0,0,0,0,0,0,0,0,0,0,0,0,0,0,0,0,0,0,0,0,0,0,0,0,0,0,0,0,0,0,0,0,0,0,0,0,0,0,0,0,0.998507462686567,0.156716417910448,0.00619195046439629,0,0.0167427701674277,0.221350078492936,0.932721712538226,0.921296296296296,0.240181268882175,0.558997050147493,0.0164424514200299,0.0511627906976744,0.556240369799692,0.528125,0.998484848484849,0.505343511450382,0,0.0363086232980333,0.0419254658385093,0.998473282442748,0.970948012232416,0.00153139356814701,0.297253634894992,0.959501557632399,0.013953488372093,0.998489425981873,0,0.993710691823899,0.0445468509984639,0.466248037676609,0.0393939393939394,0.998452012383901,0.039039039039039,0.0618401206636501,0.561919504643963,0.941353383458647,0.96048632218845,0.0419161676646707,0.967289719626168,0.00152905198776758,0.649624060150376,0.969418960244648,0.888036809815951,0.496111975116641,0.977099236641221,0.966360856269113,0.00443131462333826,0.131955484896661,0.352664576802508,0.0124223602484472,0.00766871165644172,0.970992366412214,0.306646525679758,0.580547112462006,0,0.98297213622291,0.589820359281437,0.0186625194401244,0.0707831325301205,1,0.0184049079754601,0.885448916408669,0.202453987730061,0.0170015455950541,1,0.891104294478528,0.0259541984732824,0.00306748466257669,0.00150829562594268,0.970769230769231,0.971875,0,0.149691358024691,0.131782945736434,0.96937212863706,0,0.961240310077519,0.96141975308642,0.213751868460389,0,0.309309309309309,0.161242603550296,0.975155279503106,0.0588235294117647,0.337461300309598,0.62178517397882,0.937205651491366,0.375375375375375,0.998444790046656,0.00307219662058372,0.00910470409711684,0.93944099378882,0.958579881656805,0.965465465465465,0,0,0.497723823975721,0,0.431464174454829,0,0.998482549317147,0.998491704374057,0.533333333333333,0.536923076923077,0.980091883614089,0.037037037037037,0.925869894099849,0.551051051051051,0.970814132104455,0.49375,0.0275229357798165,0.558823529411765,0,0.948717948717949,0.960061443932412,0.641566265060241,0.0152439024390244,0.0075642965204236,0.0237341772151899,0.431988041853513,0.00757575757575758,0.490909090909091,0.501529051987768,1,0.919939577039275,0.0301659125188537,1,0.508295625942685,0.0882352941176471,0.993930197268589,0.998447204968944,0.0523076923076923,0.361769352290679,0.290225563909774,0.998505231689088,0.0030441400304414,0.965256797583082,0.00151285930408472,0.907153729071537,0.0200308166409861,0.998475609756098,0.169184290030211,0.553323029366306,0.0195488721804511,0.998500749625187,0.995283018867924,0.0015015015015015,0.0233644859813084
"49",1,1,1,1,0,0,0,0,0,0,0,0,0,0,0,0,0,0,0,0,0,0,0,0,0,0,0,0,0,0,0,0,0,0,0,0,0,0,0,0,0,0,0,0,0,0,0,1,1,1,1,0.00154559505409583,0,0,0,0,0,0,0,0,0,0,0,0,0,0,0,0,0,0,0,0,0,0,0,0,0,0,0,0,0,0,0,0,0,0,0,0,0,0,0,0,0,0,0,0,0.998505231689088,0.176646706586826,0.00618238021638331,0,0.0199386503067485,0.215873015873016,0.9258114374034,0.914196567862715,0.238095238095238,0.57034795763994,0.021021021021021,0.0478395061728395,0.558823529411765,0.539906103286385,0.998468606431853,0.497709923664122,0,0.0364188163884674,0.0474006116207951,0.998487140695915,0.968181818181818,0.00152905198776758,0.284779050736498,0.953051643192488,0.021875,0.998496240601504,0,0.993710691823899,0.0435458786936236,0.464788732394366,0.0452488687782805,0.998447204968944,0.0418535127055306,0.0542168674698795,0.577639751552795,0.937219730941704,0.954682779456193,0.0406015037593985,0.965023847376789,0.00152439024390244,0.648809523809524,0.961890243902439,0.889230769230769,0.503076923076923,0.970769230769231,0.960665658093797,0.00444444444444444,0.130914826498423,0.356143079315708,0.0171339563862928,0.0106707317073171,0.966463414634146,0.291420118343195,0.602465331278891,0,0.983050847457627,0.605697151424288,0.0216049382716049,0.0833333333333333,1,0.02,0.882716049382716,0.208137715179969,0.0218408736349454,1,0.8887171561051,0.0323076923076923,0.00463678516228748,0.00149925037481259,0.964723926380368,0.968895800933126,0.00302114803625378,0.144215530903328,0.129283489096573,0.962349397590361,0.0015220700152207,0.956856702619414,0.954898911353033,0.208459214501511,0,0.292537313432836,0.160766961651917,0.964506172839506,0.0565749235474006,0.330696202531646,0.632930513595166,0.929936305732484,0.36687306501548,0.998452012383901,0.00312989045383412,0.00764525993883792,0.937116564417178,0.952095808383233,0.959276018099548,0,0,0.499229583975347,0,0.444790046656299,0,0.998461538461539,0.998475609756098,0.550769230769231,0.534883720930233,0.977029096477795,0.0398773006134969,0.926605504587156,0.572289156626506,0.965996908809892,0.512539184952978,0.033033033033033,0.54858934169279,0,0.948406676783004,0.96030534351145,0.642642642642643,0.0123647604327666,0.00612557427258806,0.0269413629160063,0.423600605143722,0.0122699386503067,0.509146341463415,0.503058103975535,1,0.917664670658683,0.0317700453857791,1,0.511940298507463,0.0737327188940092,0.993911719939117,0.998412698412698,0.0484375,0.358609794628752,0.283559577677225,0.998480243161094,0.00298953662182362,0.962686567164179,0.00302114803625378,0.905487804878049,0.0183767228177642,0.998463901689708,0.160990712074303,0.561051004636785,0.0230061349693252,0.998466257668712,0.995207667731629,0.00151515151515152,0.0282574568288854
"50",1,1,1,1,0,0,0,0,0,0,0,0,0,0,0,0,0,0,0,0,0,0,0,0,0,0,0,0,0,0,0,0,0,0,0,0,0,0,0,0,0,0,0,0,0,0,0,1,1,1,1,0.00162866449511401,0,0,0,0,0,0,0,0,0,0,0,0,0,0,0,0,0,0,0,0,0,0,0,0,0,0,0,0,0,0,0,0,0,0,0,0,0,0,0,0,0,0,0,0,0.998435054773083,0.160572337042925,0.00646203554119548,0,0.0193236714975845,0.226072607260726,0.927066450567261,0.917341977309562,0.239482200647249,0.579029733959311,0.0203761755485893,0.054635761589404,0.56260162601626,0.550653594771242,0.9984,0.507020280811232,0,0.0382165605095541,0.0483091787439614,0.998384491114701,0.969745222929936,0,0.302564102564103,0.954545454545455,0.0180327868852459,0.998405103668262,0,0.995114006514658,0.0421393841166937,0.456053067993366,0.0396196513470681,0.99836867862969,0.0360501567398119,0.0636942675159236,0.579710144927536,0.937007874015748,0.95016077170418,0.0400641025641026,0.968646864686469,0,0.6421875,0.964686998394864,0.883386581469649,0.505691056910569,0.970873786407767,0.963375796178344,0.00467289719626168,0.137190082644628,0.355263157894737,0.0164203612479475,0.00485436893203883,0.966453674121406,0.305732484076433,0.613486842105263,0,0.982229402261712,0.616747181964573,0.0193548387096774,0.0748407643312102,1,0.0127186009538951,0.890145395799677,0.199029126213592,0.0161550888529887,1,0.893092105263158,0.0277324632952692,0.00481540930979133,0,0.967845659163987,0.972039473684211,0.00324149108589951,0.160919540229885,0.140522875816993,0.962783171521036,0.00157977883096367,0.96260162601626,0.95417348608838,0.225705329153605,0,0.310236220472441,0.171383647798742,0.969105691056911,0.0604575163398693,0.344262295081967,0.630503144654088,0.935593220338983,0.377022653721683,0.998363338788871,0.00162337662337662,0.0113452188006483,0.933870967741935,0.955315870570108,0.962382445141066,0,0,0.520064205457464,0,0.428571428571429,0,0.998381877022654,0.998389694041868,0.550986842105263,0.526829268292683,0.980551053484603,0.0402576489533011,0.920583468395462,0.579454253611557,0.969502407704655,0.526578073089701,0.028892455858748,0.544117647058823,0,0.940705128205128,0.958132045088567,0.635499207606973,0.0113821138211382,0.00802568218298555,0.0245901639344262,0.435483870967742,0.0110935023771791,0.517405063291139,0.521880064829822,1,0.918238993710692,0.0293159609120521,1,0.521394611727417,0.0864600326264274,0.995176848874598,0.998349834983498,0.054726368159204,0.372881355932203,0.284552845528455,0.998415213946117,0.00318471337579618,0.961783439490446,0.00321027287319422,0.897106109324759,0.0194174757281553,0.998394863563403,0.176948051948052,0.571661237785016,0.0224,0.998384491114701,0.995161290322581,0.00160771704180064,0.0250417362270451
"51",1,1,1,1,0.00160513643659711,0.00158730158730159,0.00164473684210526,0.00161290322580645,0,0.00158730158730159,0.00163132137030995,0.0015552099533437,0.00156739811912226,0.00157232704402516,0.00159489633173844,0.0015748031496063,0,0.00158478605388273,0,0.00163132137030995,0.00159744408945687,0.00156985871271586,0.00156739811912226,0.0016366612111293,0.00156985871271586,0.00157232704402516,0.00157728706624606,0.00163132137030995,0.00154083204930663,0.0016260162601626,0.00160771704180064,0,0.00161030595813205,0,0.00159744408945687,0.00162866449511401,0.00159744408945687,0,0.00161290322580645,0.0015748031496063,0,0,0.00158982511923688,0,0.0015552099533437,0.00158982511923688,0.00156985871271586,0.998427672955975,1,1,1,0.00159489633173844,0,0,0,0,0,0,0,0,0,0,0,0,0,0,0,0,0,0,0,0,0,0,0,0,0,0,0,0,0,0,0,0,0,0,0,0,0,0,0,0,0,0,0,0,0.996860282574568,0.173643410852713,0.00482315112540193,0,0.0176565008025682,0.208064516129032,0.929712460063898,0.917207792207792,0.2432,0.552425665101721,0.0187793427230047,0.0467741935483871,0.541062801932367,0.517628205128205,0.996789727126806,0.496012759170654,0,0.0328125,0.0445859872611465,0.996810207336523,0.968203497615262,0,0.278877887788779,0.954397394136808,0.0290322580645161,0.998422712933754,0,0.993388429752066,0.035426731078905,0.48,0.0377358490566038,0.996784565916399,0.0410742496050553,0.0534591194968553,0.555915721231767,0.937019969278034,0.955414012738854,0.0328125,0.966019417475728,0,0.630094043887147,0.966019417475728,0.884194053208138,0.510500807754443,0.973101265822785,0.960815047021944,0.00458015267175573,0.136217948717949,0.359223300970874,0.0128617363344051,0.00809061488673139,0.962323390894819,0.288401253918495,0.575121163166397,0,0.984076433121019,0.585987261146497,0.0176,0.0758293838862559,1,0.016025641025641,0.888357256778309,0.19422150882825,0.0177133655394525,0.998410174880763,0.887301587301587,0.0272,0.00318979266347687,0,0.966346153846154,0.967689822294023,0.00311526479750779,0.145901639344262,0.122549019607843,0.961290322580645,0.0015527950310559,0.955128205128205,0.952845528455285,0.214733542319749,0,0.290220820189274,0.162576687116564,0.964968152866242,0.0522022838499184,0.32569558101473,0.625396825396825,0.934747145187602,0.362903225806452,0.996840442338073,0.0016025641025641,0.0048,0.936808846761453,0.952234206471495,0.957680250783699,0,0,0.480252764612954,0,0.454397394136808,0,0.996830427892235,0.996845425867508,0.524564183835182,0.54414125200642,0.975806451612903,0.0410742496050553,0.931637519872814,0.545741324921136,0.97444089456869,0.492659053833605,0.027027027027027,0.568822553897181,0,0.937984496124031,0.958132045088567,0.638364779874214,0.008,0.00792393026941363,0.021558872305141,0.410459587955626,0.0126984126984127,0.488188976377953,0.485849056603774,0.998427672955975,0.917956656346749,0.027906976744186,0.998392282958199,0.496875,0.0776545166402536,0.995153473344103,0.998376623376623,0.0533980582524272,0.349753694581281,0.272727272727273,0.996908809891808,0.0031201248049922,0.962674961119751,0.00318979266347687,0.89983844911147,0.0143769968051118,0.996840442338073,0.164012738853503,0.540192926045016,0.0217391304347826,0.996815286624204,0.995073891625616,0.00158227848101266,0.0226171243941842
"52",0.00156739811912226,0.00158227848101266,0.0015748031496063,0.00161550888529887,0,0,0,0,0,0,0,0,0,0,0,0,0,0,0,0,0,0.00955414012738853,0.0110062893081761,0,0,0,0,0,0,0,0,0,0,0,0,0,0.00321027287319422,0,0,0,0,0,0,0,0,0,0,0.00154320987654321,0.00154559505409583,0.00162866449511401,0.00159489633173844,1,0.276461295418641,0.446540880503145,0.998468606431853,0.998427672955975,0.998387096774194,0.935691318327974,1,0.9984375,0.998432601880878,0.998430141287284,0.998427672955975,0.998466257668712,0.998444790046656,0.998397435897436,0.998442367601246,0.998357963875205,0.998422712933754,0.998412698412698,0.995161290322581,0.990243902439024,0.998415213946117,0.998452012383901,1,1,0.998444790046656,0.998442367601246,0.998402555910543,0.998402555910543,0.967032967032967,0.998487140695915,0.998473282442748,0.998341625207297,0.998412698412698,0.998376623376623,0.998381877022654,0.996805111821086,0.998430141287284,0.995253164556962,0.998459167950693,1,0.998410174880763,0.974358974358974,0.998344370860927,0.998402555910543,0.00153139356814701,0.00152439024390244,0,0,0,0,0.00156494522691706,0.00161290322580645,0.0015748031496063,0.00153609831029186,0,0,0.00156985871271586,0,0.00158478605388273,0.0015552099533437,0,0,0,0.00156494522691706,0.00156985871271586,0,0,0.00159489633173844,0,0.00156985871271586,0,0.0016,0,0.00160771704180064,0,0.0016,0,0,0,0.00150829562594268,0.00155763239875389,0,0.0016,0,0.0015527950310559,0.00156494522691706,0.00157232704402516,0.00159235668789809,0.00156985871271586,0,0,0,0.00158478605388273,0,0,0.0015600624024961,0,0.00159744408945687,0,0.00159235668789809,0.00153846153846154,0,0,0.0015552099533437,0,0.0016,0,0,0.00157728706624606,0.00159489633173844,0,0,0,0.00155038759689922,0.00158982511923688,0,0.00160771704180064,0,0.00154559505409583,0,0.00158982511923688,0,0.00154559505409583,0,0,0,0.00158982511923688,0,0,0,0,0,0,0,0,0.00157232704402516,0.00152905198776758,0,0,0,0,0,0.00158982511923688,0,0.00157728706624606,0,0,0.00155763239875389,0.00158227848101266,0,0.00153609831029186,0,0.00159489633173844,0,0,0,0.0015527950310559,0.00157232704402516,0.00156985871271586,0,0,0,0,0,0,0,0,0.00157232704402516,0,0,0.00156739811912226,0,0,0,0.00162074554294976,0,0,0,0,0,0.00152439024390244,0,0.00158982511923688,0,0.00155763239875389,0,0,0,0.00156739811912226,0.00160771704180064,0,0
"53",0,0,0,0,0.00802568218298555,0.00788643533123028,0.0065359477124183,0.00791139240506329,0.004739336492891,0.00938967136150235,0.00816993464052288,0.00927357032457496,0.00933125972006221,0.0062015503875969,0.00791139240506329,0.0078740157480315,0.00941915227629513,0.0062111801242236,0.00625,0.00651465798045603,0.00784929356357928,0.0496894409937888,0.0681114551083591,0.00796178343949045,0.0094488188976378,0.00801282051282051,0.00613496932515337,0.00821018062397373,0.0077639751552795,0.00797448165869218,0.00791139240506329,0.00316455696202532,0.00793650793650794,0.00930232558139535,0.0095389507154213,0.00815660685154975,0.0127388535031847,0.0094488188976378,0.0062992125984252,0.00789889415481832,0.00642054574638844,0.00923076923076923,0.00783699059561128,0.00940438871473354,0.009375,0.00940438871473354,0.00778816199376947,0,0,0,0,0.276461295418641,1,1,0.270516717325228,0.318818040435459,0.293185419968304,0.37888198757764,0.29951690821256,0.2984375,0.298299845440495,0.304747320061256,0.291925465838509,0.293394777265745,0.310291858678955,0.297427652733119,0.3140625,0.299674267100977,0.29073482428115,0.299212598425197,0.315955766192733,0.289389067524116,0.297637795275591,0.29742033383915,0.292834890965732,0.286384976525822,0.279752704791345,0.287671232876712,0.304416403785489,0.305863708399366,0.362363919129082,0.283950617283951,0.271739130434783,0.306188925081433,0.317262830482115,0.30379746835443,0.307073954983923,0.30379746835443,0.294488188976378,0.324281150159744,0.275541795665635,0.2976,0.294209702660407,0.326892109500805,0.291325695581015,0.294488188976378,0,0.604327666151468,0.682389937106918,0.692058346839546,0.68088467614534,0.548231511254019,0.0476947535771065,0.0559105431309904,0.529042386185243,0.298165137614679,0.685670261941448,0.652312599681021,0.315372424722662,0.330658105939005,0,0.357698289269051,0.7046875,0.660436137071651,0.677672955974843,0,0.0217729393468118,0.703296703296703,0.491666666666667,0.0285714285714286,0.686900958466454,0,0.695723684210526,0.0016260162601626,0.663009404388715,0.368,0.65891472868217,0,0.659476117103236,0.653250773993808,0.304416403785489,0.0423600605143722,0.0296875,0.667706708268331,0.0227272727272727,0.705329153605016,0.22360248447205,0.0202808112324493,0.0697674418604651,0.345368916797488,0.0170542635658915,0.0220820189274448,0.669724770642202,0.596434359805511,0.463375796178344,0.668276972624799,0.668231611893584,0.0217054263565891,0.474654377880184,0.287974683544304,0.696540880503145,0.0096,0.280185758513932,0.677830940988836,0.63265306122449,0,0.694620253164557,0.08,0.564873417721519,0.679425837320574,0,0.0740157480314961,0.688679245283019,0.700315457413249,0.700310559006211,0.0188087774294671,0.017741935483871,0.70735524256651,0.59775641025641,0.607655502392344,0.0252764612954186,0.703416149068323,0.0252764612954186,0.0294117647058824,0.53822629969419,0.704334365325077,0.473846153846154,0.578386605783866,0.0241157556270096,0.68621236133122,0.447665056360709,0.267801857585139,0.0439024390243902,0.436908517350158,0,0.710900473933649,0.679447852760736,0.0449612403100775,0.0320610687022901,0.0262345679012346,0.702830188679245,0.692307692307692,0.342635658914729,0.679802955665025,0.380726698262243,0.686153846153846,0,0,0.323248407643312,0.330670926517572,0.0125786163522013,0.671826625386997,0.0514820592823713,0.308166409861325,0.0173228346456693,0.351524879614767,0.66358024691358,0.300632911392405,0.805379746835443,0.0402476780185759,0.0318471337579618,0.25077399380805,0.685534591194969,0.696540880503145,0.67205169628433,0.403426791277259,0.68895800933126,0.348982785602504,0.34748427672956,0,0.0574534161490683,0.671361502347418,0,0.345092024539877,0.643987341772152,0.00158227848101266,0,0.670988654781199,0.447882736156352,0.4884437596302,0,0.701726844583987,0.0260336906584992,0.692667706708268,0.0600315955766193,0.684292379471229,0,0.579113924050633,0.299524564183835,0.668740279937792,0,0,0.690513219284603,0.695024077046549
"54",0,0,0,0,0.00630914826498423,0.00625978090766823,0.00482315112540193,0.0078125,0.004739336492891,0.0077639751552795,0.00650406504065041,0.00773993808049536,0.00786163522012579,0.00461538461538462,0.00635930047694754,0.00626959247648903,0.00796178343949045,0.00470957613814757,0.00470219435736677,0.00482315112540193,0.00642054574638844,0.0482866043613707,0.0638629283489097,0.00638977635782748,0.00793650793650794,0.0077639751552795,0.00464396284829721,0.00654664484451719,0.00612557427258806,0.00643086816720257,0.00778816199376947,0.00319488817891374,0.00628930817610063,0.0078740157480315,0.00789889415481832,0.00638977635782748,0.0111464968152866,0.00794912559618442,0.00632911392405063,0.00623052959501558,0.0048,0.00757575757575758,0.00632911392405063,0.00793650793650794,0.00782472613458529,0.00793650793650794,0.0061633281972265,0,0,0,0,0.446540880503145,1,1,0.441860465116279,0.492260061919505,0.4784,0.546165884194053,0.466346153846154,0.472952086553323,0.474497681607419,0.471228615863142,0.476415094339623,0.464012251148545,0.478851963746224,0.484276729559748,0.489795918367347,0.474631751227496,0.459119496855346,0.474763406940063,0.489698890649762,0.470113085621971,0.471786833855799,0.473846153846154,0.468217054263566,0.462145110410095,0.456112852664577,0.458860759493671,0.479430379746835,0.480769230769231,0.539412673879444,0.469135802469136,0.450858034321373,0.475279106858054,0.487421383647799,0.474763406940063,0.476725521669342,0.4796875,0.474842767295597,0.501597444089457,0.465224111282844,0.474683544303797,0.464968152866242,0.5072,0.465686274509804,0.465489566613162,0,0.453703703703704,0.517460317460318,0.510603588907015,0.505511811023622,0.414910858995138,0.0361635220125786,0.0412698412698413,0.404984423676012,0.219284603421462,0.514637904468413,0.492868462757528,0.228525121555916,0.253634894991922,0,0.271186440677966,0.524922118380062,0.493001555209953,0.512618296529968,0,0.0203761755485893,0.523885350318471,0.37751677852349,0.0237341772151899,0.520766773162939,0,0.509868421052632,0.00161290322580645,0.492845786963434,0.27724358974359,0.498452012383901,0,0.492935635792779,0.489130434782609,0.220257234726688,0.0346385542168675,0.0206022187004754,0.494607087827427,0.017741935483871,0.527472527472527,0.175654853620955,0.0158227848101266,0.059375,0.261904761904762,0.0156494522691706,0.0187793427230047,0.501510574018127,0.453507340946166,0.360629921259843,0.491987179487179,0.499210110584518,0.0201863354037267,0.357910906298003,0.216981132075472,0.529695024077046,0.00950871632329636,0.213846153846154,0.506389776357827,0.477449455676516,0,0.519809825673534,0.0621019108280255,0.430599369085173,0.504672897196262,0,0.0575079872204473,0.51496062992126,0.528125,0.517884914463453,0.0189274447949527,0.0161030595813204,0.5260663507109,0.439297124600639,0.456279809220986,0.0204081632653061,0.52639751552795,0.0222929936305732,0.0225442834138486,0.406153846153846,0.531587057010786,0.362252663622527,0.434049079754601,0.0177705977382876,0.517405063291139,0.328548644338118,0.206842923794712,0.0355411954765751,0.339652448657188,0,0.531300160513644,0.518633540372671,0.0428571428571429,0.0257575757575758,0.0220472440944882,0.530232558139535,0.520504731861199,0.255451713395639,0.509803921568627,0.279293739967897,0.512383900928793,0,0,0.236677115987461,0.254746835443038,0.0096,0.514820592823713,0.0393081761006289,0.231839258114374,0.0124416796267496,0.261712439418417,0.504643962848297,0.221324717285945,0.610062893081761,0.031104199066874,0.0219092331768388,0.189147286821705,0.515873015873016,0.515248796147673,0.506451612903226,0.311424100156495,0.517996870109546,0.256923076923077,0.264150943396226,0,0.0460122699386503,0.491472868217054,0,0.258015267175572,0.471608832807571,0.0016025641025641,0,0.492753623188406,0.340872374798061,0.36817472698908,0,0.518927444794953,0.0211161387631976,0.516228748068006,0.0492845786963434,0.510172143974961,0,0.444961240310077,0.2192,0.50547730829421,0,0,0.51063829787234,0.520900321543408
"55",0,0,0,0,0,0,0,0,0,0,0,0,0,0,0,0,0,0,0,0,0,0.00297619047619048,0.00452488687782805,0,0,0,0,0,0,0,0,0,0,0,0,0,0.0015220700152207,0,0,0,0,0,0,0,0,0,0,0,0,0,0,0.998468606431853,0.270516717325228,0.441860465116279,1,1,1,0.938530734632684,1,1,1,1,1,1,1,1,1,1,1,1,0.996927803379416,0.993730407523511,1,1,1,1,1,1,1,1,0.969604863221885,1,1,1,1,1,1,0.998461538461539,1,0.996899224806202,1,1,1,0.978560490045942,1,1,0,0,0,0,0,0,0,0,0,0,0,0,0,0,0,0,0,0,0,0,0,0,0,0,0,0,0,0,0,0,0,0,0,0,0,0,0,0,0,0,0,0,0,0,0,0,0,0,0,0,0,0,0,0,0,0,0,0,0,0,0,0,0,0,0,0,0,0,0,0,0,0,0,0,0,0,0,0,0,0,0,0,0,0,0,0,0,0,0,0,0,0,0,0,0,0,0,0,0,0,0,0,0,0,0,0,0,0,0,0,0,0,0,0,0,0,0,0,0,0,0,0,0,0,0,0,0,0,0,0,0,0,0,0,0,0,0,0,0,0,0,0,0,0,0,0,0,0
"56",0,0,0,0,0,0,0,0,0,0,0,0,0,0,0,0,0,0,0,0,0,0.00769230769230769,0.010752688172043,0,0,0,0,0,0,0,0,0,0,0,0,0,0.0046583850931677,0,0,0,0,0,0,0,0,0,0,0,0,0,0,0.998427672955975,0.318818040435459,0.492260061919505,1,1,1,0.9421875,1,1,1,1,1,1,1,1,1,1,1,1,0.9984375,0.9952,1,1,1,1,1,1,1,1,0.970858895705521,1,1,1,1,1,1,0.998444790046656,1,0.998430141287284,1,1,1,0.981042654028436,1,1,0,0,0,0,0,0,0,0,0,0,0,0,0,0,0,0,0,0,0,0,0,0,0,0,0,0,0,0,0,0,0,0,0,0,0,0,0,0,0,0,0,0,0,0,0,0,0,0,0,0,0,0,0,0,0,0,0,0,0,0,0,0,0,0,0,0,0,0,0,0,0,0,0,0,0,0,0,0,0,0,0,0,0,0,0,0,0,0,0,0,0,0,0,0,0,0,0,0,0,0,0,0,0,0,0,0,0,0,0,0,0,0,0.00157728706624606,0,0,0,0,0,0,0,0,0,0,0,0,0,0,0,0,0,0,0,0,0,0,0,0,0,0,0,0,0,0,0,0,0,0,0
"57",0,0,0,0,0,0,0,0,0,0,0,0,0,0,0,0,0,0,0,0,0,0.00778816199376947,0.0107197549770291,0,0,0,0,0,0,0,0,0,0,0,0,0,0.00473186119873817,0,0,0,0,0,0,0,0,0,0,0,0,0,0,0.998387096774194,0.293185419968304,0.4784,1,1,1,0.95405819295559,1,1,1,1,1,1,1,1,1,1,1,1,1,0.993650793650794,1,1,1,1,1,1,1,1,0.976708074534162,1,1,1,1,1,1,1,1,1,1,1,1,0.985576923076923,1,1,0,0,0,0,0,0,0,0,0,0,0,0,0,0,0,0,0,0,0,0,0,0,0,0,0,0,0,0,0,0,0,0,0,0,0,0,0,0,0,0,0,0,0,0,0,0,0,0,0,0,0,0,0,0,0,0,0,0,0,0,0,0,0,0,0,0,0,0,0,0,0,0,0,0,0,0,0,0,0,0,0,0,0,0,0,0,0,0,0,0,0,0,0,0,0,0,0,0,0,0,0,0,0,0,0,0,0,0,0,0,0,0,0.00157728706624606,0,0,0,0,0,0,0,0,0,0,0,0,0,0,0,0,0,0,0,0,0,0,0,0,0,0,0,0,0,0,0,0,0,0,0
"58",0,0,0,0,0,0,0,0,0,0,0,0,0,0,0,0,0,0,0,0,0,0.0121765601217656,0.0214067278287462,0,0,0,0,0,0,0,0,0,0,0,0,0,0.00465116279069767,0,0,0,0,0,0,0,0,0,0,0,0,0,0,0.935691318327974,0.37888198757764,0.546165884194053,0.938530734632684,0.9421875,0.95405819295559,1,0.945686900958466,0.94435857805255,0.940275650842266,0.937878787878788,0.950155763239875,0.943251533742331,0.950301204819277,0.948598130841122,0.938837920489297,0.944715447154472,0.936908517350158,0.934065934065934,0.954616588419405,0.982539682539682,0.938461538461538,0.944530046224962,0.933333333333333,0.949152542372881,0.940275650842266,0.94,0.942724458204334,0.938775510204082,1,0.945288753799392,0.9375,0.9392,0.947611710323575,0.940809968847352,0.937898089171974,0.937694704049844,0.9390625,0.952904238618524,0.940366972477064,0.932601880877743,0.940809968847352,0.966929133858268,0.948635634028893,0.93944099378882,0,0.0471841704718417,0.0546875,0.0585443037974684,0.0610328638497653,0.0444444444444444,0.0062111801242236,0.00949367088607595,0.0405616224648986,0.0183206106870229,0.0592705167173252,0.0574534161490683,0.0272,0.0299684542586751,0,0.0289193302891933,0.0674846625766871,0.0590979782270607,0.05625,0,0.00614439324116743,0.0515625,0.0476973684210526,0.00473186119873817,0.0544,0,0.0566343042071197,0,0.0542635658914729,0.0295489891135303,0.0638297872340425,0,0.060882800608828,0.0518292682926829,0.023696682464455,0.00455927051671732,0.0046656298600311,0.055045871559633,0.00479233226837061,0.0589147286821705,0.0258358662613982,0.00156739811912226,0.00782472613458529,0.0314465408805031,0.00469483568075117,0.00611620795107034,0.0525525525525526,0.0484652665589661,0.0443037974683544,0.0521327014218009,0.048062015503876,0.00153374233128834,0.0467571644042232,0.0267716535433071,0.0642633228840125,0.00469483568075117,0.0229007633587786,0.0589171974522293,0.0566615620214395,0,0.0595611285266458,0.0125,0.0484375,0.0513219284603421,0,0.0062111801242236,0.057542768273717,0.0596546310832025,0.0659670164917541,0.0062111801242236,0.0032,0.053125,0.0473186119873817,0.0457413249211356,0.00618238021638331,0.0623052959501558,0.00476947535771065,0.00619195046439629,0.0452488687782805,0.0539291217257319,0.0487062404870624,0.0473372781065089,0.00319488817891374,0.0536277602523659,0.0393081761006289,0.015220700152207,0.00819672131147541,0.0369230769230769,0,0.0625978090766823,0.0552995391705069,0.00773993808049536,0.00600600600600601,0.00604229607250755,0.0629800307219662,0.0571870170015456,0.0263157894736842,0.0621931260229133,0.0268987341772152,0.0597243491577335,0,0,0.0250783699059561,0.0347003154574132,0,0.058641975308642,0.0031201248049922,0.0246153846153846,0.0046875,0.0268562401263823,0.0658499234303216,0.0267716535433071,0.0613207547169811,0.0061633281972265,0.00315955766192733,0.0165912518853695,0.0541795665634675,0.0589147286821705,0.0551948051948052,0.0321100917431193,0.06,0.0277777777777778,0.0308641975308642,0,0.00757575757575758,0.055045871559633,0,0.0304878048780488,0.0635658914728682,0,0,0.0546875,0.0386473429951691,0.0323076923076923,0,0.0611620795107034,0.00457317073170732,0.0623100303951368,0.0077639751552795,0.0622083981337481,0,0.0557275541795666,0.025,0.0587326120556414,0,0,0.0566615620214395,0.055205047318612
"59",0,0,0,0,0,0,0,0,0,0,0,0,0,0,0,0,0,0,0,0,0,0.00637958532695375,0.00810372771474878,0,0,0,0,0,0,0,0,0,0,0,0,0,0.0032520325203252,0,0,0,0,0,0,0,0,0,0,0,0,0,0,1,0.29951690821256,0.466346153846154,1,1,1,0.945686900958466,1,1,1,1,1,1,1,1,1,1,1,1,1,0.98993288590604,1,1,1,1,1,1,1,1,0.972624798711755,1,1,1,1,1,1,1,1,1,1,1,1,0.985507246376812,1,1,0,0,0,0,0,0,0,0,0,0,0,0,0,0,0,0,0,0,0,0,0,0,0,0,0,0,0,0,0,0,0,0,0,0,0,0,0,0,0,0,0,0,0,0,0,0,0,0,0,0,0,0,0,0,0,0,0,0,0,0,0,0,0,0,0,0,0,0,0,0,0,0,0,0,0,0,0,0,0,0,0,0,0,0,0,0,0,0,0,0,0,0,0,0,0,0,0,0,0,0,0,0,0,0,0,0,0,0,0,0,0,0,0,0,0,0,0,0,0,0,0,0,0,0,0,0,0,0,0,0,0,0,0,0,0,0,0,0,0,0,0,0,0,0,0,0,0,0
"60",0,0,0,0,0,0,0,0,0,0,0,0,0,0,0,0,0,0,0,0,0,0.00765696784073507,0.0108864696734059,0,0,0,0,0,0,0,0,0,0,0,0,0,0.00313971742543171,0,0,0,0,0,0,0,0,0,0,0,0,0,0,0.9984375,0.2984375,0.472952086553323,1,1,1,0.94435857805255,1,1,1,1,1,1,1,1,1,1,1,1,0.996850393700787,0.990625,1,1,1,1,1,1,1,1,0.968229954614221,1,1,1,1,1,1,0.998442367601246,1,0.996830427892235,1,1,1,0.979527559055118,1,1,0,0,0,0,0,0,0,0,0,0,0,0,0,0,0,0,0,0,0,0,0,0,0,0,0,0,0,0,0,0,0,0,0,0,0,0,0,0,0,0,0,0,0,0,0,0,0,0,0,0,0,0,0,0,0,0,0,0,0,0,0,0,0,0,0,0,0,0,0,0,0,0,0,0,0,0,0,0,0,0,0,0,0,0,0,0,0,0,0,0,0,0,0,0,0,0,0,0,0,0,0,0,0,0,0,0,0,0,0,0,0,0,0.00158227848101266,0,0,0,0,0,0,0,0,0,0,0,0,0,0,0,0,0,0,0,0,0,0,0,0,0,0,0,0,0,0,0,0,0,0,0
"61",0,0,0,0,0,0,0,0,0,0,0,0,0,0,0,0,0,0,0,0,0,0.00622083981337481,0.00920245398773006,0,0,0,0,0,0,0,0,0,0,0,0,0,0.00311526479750779,0,0,0,0,0,0,0,0,0,0,0,0,0,0,0.998432601880878,0.298299845440495,0.474497681607419,1,1,1,0.940275650842266,1,1,1,1,1,1,1,1,1,1,1,1,0.996860282574568,0.992150706436421,1,1,1,1,1,1,1,1,0.969183359013868,1,1,1,1,1,1,0.998444790046656,1,0.996879875195008,1,1,1,0.978461538461538,1,1,0,0,0,0,0,0,0,0,0,0,0,0,0,0,0,0,0,0,0,0,0,0,0,0,0,0,0,0,0,0,0,0,0,0,0,0,0,0,0,0,0,0,0,0,0,0,0,0,0,0,0,0,0,0,0,0,0,0,0,0,0,0,0,0,0,0,0,0,0,0,0,0,0,0,0,0,0,0,0,0,0,0,0,0,0,0,0,0,0,0,0,0,0,0,0,0,0,0,0,0,0,0,0,0,0,0,0,0,0,0,0,0,0.00155763239875389,0,0,0,0,0,0,0,0,0,0,0,0,0,0,0,0,0,0,0,0,0,0,0,0,0,0,0,0,0,0,0,0,0,0,0
"62",0,0,0,0,0,0,0,0,0,0,0,0,0,0,0,0,0,0,0,0,0,0.00914634146341463,0.0122324159021407,0,0,0,0,0,0,0,0,0,0,0,0,0,0.00462249614791988,0,0,0,0,0,0,0,0,0,0,0,0,0,0,0.998430141287284,0.304747320061256,0.471228615863142,1,1,1,0.937878787878788,1,1,1,1,1,1,1,1,1,1,1,1,0.996904024767802,0.990668740279938,1,1,1,1,1,1,1,1,0.968181818181818,1,1,1,1,1,1,0.998449612403101,1,0.996879875195008,1,1,1,0.979876160990712,1,1,0,0,0,0,0,0,0,0,0,0,0,0,0,0,0,0,0,0,0,0,0,0,0,0,0,0,0,0,0,0,0,0,0,0,0,0,0,0,0,0,0,0,0,0,0,0,0,0,0,0,0,0,0,0,0,0,0,0,0,0,0,0,0,0,0,0,0,0,0,0,0,0,0,0,0,0,0,0,0,0,0,0,0,0,0,0,0,0,0,0,0,0,0,0,0,0,0,0,0,0,0,0,0,0,0,0,0,0,0,0,0,0,0.00154559505409583,0,0,0,0,0,0,0,0,0,0,0,0,0,0,0,0,0,0,0,0,0,0,0,0,0,0,0,0,0,0,0,0,0,0,0
"63",0,0,0,0,0,0,0,0,0,0,0,0,0,0,0,0,0,0,0,0,0,0.0091324200913242,0.0123076923076923,0,0,0,0,0,0,0,0,0,0,0,0,0,0.00473186119873817,0,0,0,0,0,0,0,0,0,0,0,0,0,0,0.998427672955975,0.291925465838509,0.476415094339623,1,1,1,0.950155763239875,1,1,1,1,1,1,1,1,1,1,1,1,0.996894409937888,0.992138364779874,1,1,1,1,1,1,1,1,0.972477064220184,1,1,1,1,1,1,0.998432601880878,1,0.996850393700787,1,1,1,0.979430379746835,1,1,0,0,0,0,0,0,0,0,0,0,0,0,0,0,0,0,0,0,0,0,0,0,0,0,0,0,0,0,0,0,0,0,0,0,0,0,0,0,0,0,0,0,0,0,0,0,0,0,0,0,0,0,0,0,0,0,0,0,0,0,0,0,0,0,0,0,0,0,0,0,0,0,0,0,0,0,0,0,0,0,0,0,0,0,0,0,0,0,0,0,0,0,0,0,0,0,0,0,0,0,0,0,0,0,0,0,0,0,0,0,0,0,0.0015600624024961,0,0,0,0,0,0,0,0,0,0,0,0,0,0,0,0,0,0,0,0,0,0,0,0,0,0,0,0,0,0,0,0,0,0,0
"64",0,0,0,0,0,0,0,0,0,0,0,0,0,0,0,0,0,0,0,0,0,0.00453857791225416,0.00619195046439629,0,0,0,0,0,0,0,0,0,0,0,0,0,0.00305343511450382,0,0,0,0,0,0,0,0,0,0,0,0,0,0,0.998466257668712,0.293394777265745,0.464012251148545,1,1,1,0.943251533742331,1,1,1,1,1,1,1,1,1,1,1,1,0.998456790123457,0.992101105845182,1,1,1,1,1,1,1,1,0.969604863221885,1,1,1,1,1,1,0.998463901689708,1,0.998439937597504,1,1,1,0.9796875,1,1,0,0,0,0,0,0,0,0,0,0,0,0,0,0,0,0,0,0,0,0,0,0,0,0,0,0,0,0,0,0,0,0,0,0,0,0,0,0,0,0,0,0,0,0,0,0,0,0,0,0,0,0,0,0,0,0,0,0,0,0,0,0,0,0,0,0,0,0,0,0,0,0,0,0,0,0,0,0,0,0,0,0,0,0,0,0,0,0,0,0,0,0,0,0,0,0,0,0,0,0,0,0,0,0,0,0,0,0,0,0,0,0,0,0,0,0,0,0,0,0,0,0,0,0,0,0,0,0,0,0,0,0,0,0,0,0,0,0,0,0,0,0,0,0,0,0,0,0
"65",0,0,0,0,0,0,0,0,0,0,0,0,0,0,0,0,0,0,0,0,0,0.00597907324364723,0.0075187969924812,0,0,0,0,0,0,0,0,0,0,0,0,0,0.00152905198776758,0,0,0,0,0,0,0,0,0,0,0,0,0,0,0.998444790046656,0.310291858678955,0.478851963746224,1,1,1,0.950301204819277,1,1,1,1,1,1,1,1,1,1,1,1,0.996965098634294,0.992248062015504,1,1,1,1,1,1,1,1,0.968468468468468,1,1,1,1,1,1,0.998480243161094,1,0.996908809891808,1,1,1,0.981424148606811,1,1,0,0,0,0,0,0,0,0,0,0,0,0,0,0,0,0,0,0,0,0,0,0,0,0,0,0,0,0,0,0,0,0,0,0,0,0,0,0,0,0,0,0,0,0,0,0,0,0,0,0,0,0,0,0,0,0,0,0,0,0,0,0,0,0,0,0,0,0,0,0,0,0,0,0,0,0,0,0,0,0,0,0,0,0,0,0,0,0,0,0,0,0,0,0,0,0,0,0,0,0,0,0,0,0,0,0,0,0,0,0,0,0,0.00152671755725191,0,0,0,0,0,0,0,0,0,0,0,0,0,0,0,0,0,0,0,0,0,0,0,0,0,0,0,0,0,0,0,0,0,0,0
"66",0,0,0,0,0,0,0,0,0,0,0,0,0,0,0,0,0,0,0,0,0,0.0062015503875969,0.0093603744149766,0,0,0,0,0,0,0,0,0,0,0,0,0,0.00317965023847377,0,0,0,0,0,0,0,0,0,0,0,0,0,0,0.998397435897436,0.297427652733119,0.484276729559748,1,1,1,0.948598130841122,1,1,1,1,1,1,1,1,1,1,1,1,0.998425196850394,0.992025518341308,1,1,1,1,1,1,1,1,0.972093023255814,1,1,1,1,1,1,0.998425196850394,1,0.998402555910543,1,1,1,0.984276729559748,1,1,0,0,0,0,0,0,0,0,0,0,0,0,0,0,0,0,0,0,0,0,0,0,0,0,0,0,0,0,0,0,0,0,0,0,0,0,0,0,0,0,0,0,0,0,0,0,0,0,0,0,0,0,0,0,0,0,0,0,0,0,0,0,0,0,0,0,0,0,0,0,0,0,0,0,0,0,0,0,0,0,0,0,0,0,0,0,0,0,0,0,0,0,0,0,0,0,0,0,0,0,0,0,0,0,0,0,0,0,0,0,0,0,0.00156494522691706,0,0,0,0,0,0,0,0,0,0,0,0,0,0,0,0,0,0,0,0,0,0,0,0,0,0,0,0,0,0,0,0,0,0,0
"67",0,0,0,0,0,0,0,0,0,0,0,0,0,0,0,0,0,0,0,0,0,0.00925925925925926,0.0122887864823349,0,0,0,0,0,0,0,0,0,0,0,0,0,0.0046583850931677,0,0,0,0,0,0,0,0,0,0,0,0,0,0,0.998442367601246,0.3140625,0.489795918367347,1,1,1,0.938837920489297,1,1,1,1,1,1,1,1,1,1,1,1,1,0.988941548183254,1,1,1,1,1,1,1,1,0.967592592592593,1,1,1,1,1,1,1,1,1,1,1,1,0.979430379746835,1,1,0,0,0,0,0,0,0,0,0,0,0,0,0,0,0,0,0,0,0,0,0,0,0,0,0,0,0,0,0,0,0,0,0,0,0,0,0,0,0,0,0,0,0,0,0,0,0,0,0,0,0,0,0,0,0,0,0,0,0,0,0,0,0,0,0,0,0,0,0,0,0,0,0,0,0,0,0,0,0,0,0,0,0,0,0,0,0,0,0,0,0,0,0,0,0,0,0,0,0,0,0,0,0,0,0,0,0,0,0,0,0,0,0.00157728706624606,0,0,0,0,0,0,0,0,0,0,0,0,0,0,0,0,0,0,0,0,0,0,0,0,0,0,0,0,0,0,0,0,0,0,0
"68",0,0,0,0,0,0,0,0,0,0,0,0,0,0,0,0,0,0,0,0,0,0.00806451612903226,0.00981996726677578,0,0,0,0,0,0,0,0,0,0,0,0,0,0.00328407224958949,0,0,0,0,0,0,0,0,0,0,0,0,0,0,0.998357963875205,0.299674267100977,0.474631751227496,1,1,1,0.944715447154472,1,1,1,1,1,1,1,1,1,1,1,1,0.99673735725938,0.991708126036484,1,1,1,1,1,1,1,1,0.971337579617834,1,1,1,1,1,1,0.998381877022654,1,0.99670510708402,1,1,1,0.980327868852459,1,1,0,0,0,0,0,0,0,0,0,0,0,0,0,0,0,0,0,0,0,0,0,0,0,0,0,0,0,0,0,0,0,0,0,0,0,0,0,0,0,0,0,0,0,0,0,0,0,0,0,0,0,0,0,0,0,0,0,0,0,0,0,0,0,0,0,0,0,0,0,0,0,0,0,0,0,0,0,0,0,0,0,0,0,0,0,0,0,0,0,0,0,0,0,0,0,0,0,0,0,0,0,0,0,0,0,0,0,0,0,0,0,0,0.00165016501650165,0,0,0,0,0,0,0,0,0,0,0,0,0,0,0,0,0,0,0,0,0,0,0,0,0,0,0,0,0,0,0,0,0,0,0
"69",0,0,0,0,0,0,0,0,0,0,0,0,0,0,0,0,0,0,0,0,0,0.00783699059561128,0.00950871632329636,0,0,0,0,0,0,0,0,0,0,0,0,0,0.00320512820512821,0,0,0,0,0,0,0,0,0,0,0,0,0,0,0.998422712933754,0.29073482428115,0.459119496855346,1,1,1,0.936908517350158,1,1,1,1,1,1,1,1,1,1,1,1,0.996835443037975,0.9904,1,1,1,1,1,1,1,1,0.967084639498433,1,1,1,1,1,1,0.998422712933754,1,0.996784565916399,1,1,1,0.980645161290323,1,1,0,0,0,0,0,0,0,0,0,0,0,0,0,0,0,0,0,0,0,0,0,0,0,0,0,0,0,0,0,0,0,0,0,0,0,0,0,0,0,0,0,0,0,0,0,0,0,0,0,0,0,0,0,0,0,0,0,0,0,0,0,0,0,0,0,0,0,0,0,0,0,0,0,0,0,0,0,0,0,0,0,0,0,0,0,0,0,0,0,0,0,0,0,0,0,0,0,0,0,0,0,0,0,0,0,0,0,0,0,0,0,0,0,0,0,0,0,0,0,0,0,0,0,0,0,0,0,0,0,0,0,0,0,0,0,0,0,0,0,0,0,0,0,0,0,0,0,0
"70",0,0,0,0,0,0,0,0,0,0,0,0,0,0,0,0,0,0,0,0,0,0.00623052959501558,0.00775193798449612,0,0,0,0,0,0,0,0,0,0,0,0,0,0.00314465408805031,0,0,0,0,0,0,0,0,0,0,0,0,0,0,0.998412698412698,0.299212598425197,0.474763406940063,1,1,1,0.934065934065934,1,1,1,1,1,1,1,1,1,1,1,1,0.996815286624204,0.988871224165342,1,1,1,1,1,1,1,1,0.967032967032967,1,1,1,1,1,1,0.998427672955975,1,0.996870109546166,1,1,1,0.980487804878049,1,1,0,0,0,0,0,0,0,0,0,0,0,0,0,0,0,0,0,0,0,0,0,0,0,0,0,0,0,0,0,0,0,0,0,0,0,0,0,0,0,0,0,0,0,0,0,0,0,0,0,0,0,0,0,0,0,0,0,0,0,0,0,0,0,0,0,0,0,0,0,0,0,0,0,0,0,0,0,0,0,0,0,0,0,0,0,0,0,0,0,0,0,0,0,0,0,0,0,0,0,0,0,0,0,0,0,0,0,0,0,0,0,0,0.00158478605388273,0,0,0,0,0,0,0,0,0,0,0,0,0,0,0,0,0,0,0,0,0,0,0,0,0,0,0,0,0,0,0,0,0,0,0
"71",0,0,0,0,0,0,0,0,0,0,0,0,0,0,0,0,0,0,0,0,0,0.00789889415481832,0.0078740157480315,0,0,0,0,0,0,0,0,0,0,0,0,0,0.00158730158730159,0,0,0,0,0,0,0,0,0,0,0,0,0,0,0.995161290322581,0.315955766192733,0.489698890649762,0.996927803379416,0.9984375,1,0.954616588419405,1,0.996850393700787,0.996860282574568,0.996904024767802,0.996894409937888,0.998456790123457,0.996965098634294,0.998425196850394,1,0.99673735725938,0.996835443037975,0.996815286624204,1,0.991830065359477,0.998456790123457,0.998466257668712,0.996908809891808,0.998459167950693,0.996908809891808,0.996908809891808,0.998422712933754,0.99685534591195,0.979813664596273,0.996927803379416,0.998432601880878,0.9967585089141,0.996870109546166,0.996845425867508,0.996784565916399,1,0.996870109546166,1,0.996904024767802,0.996805111821086,0.996884735202492,0.992063492063492,0.996683250414594,0.996835443037975,0,0.00153609831029186,0.0031496062992126,0.00158478605388273,0.00316957210776545,0.00323624595469256,0.0015600624024961,0.00160513643659711,0.00156739811912226,0,0.00152439024390244,0.00321027287319422,0,0.00159235668789809,0,0.00153846153846154,0.00154798761609907,0.00309119010819165,0.00318471337579618,0,0.0015600624024961,0.0031104199066874,0.00164203612479475,0,0.00321027287319422,0,0.00166389351081531,0,0.00316455696202532,0,0.00308641975308642,0,0.00308166409861325,0.00308641975308642,0.00158730158730159,0.00151057401812689,0,0,0.00163132137030995,0.00321027287319422,0.00154559505409583,0,0.0015748031496063,0.00157232704402516,0.0015748031496063,0.00152671755725191,0,0.00323624595469256,0.0016025641025641,0.0016025641025641,0.0015748031496063,0,0.0015552099533437,0.00157977883096367,0.00161030595813205,0,0.0015552099533437,0.00318471337579618,0.00309597523219814,0,0.00319488817891374,0.0015748031496063,0.00154559505409583,0.00315457413249211,0,0.00157232704402516,0.00159744408945687,0.00313479623824451,0.0031104199066874,0.00156739811912226,0,0,0,0.00159235668789809,0.0016,0.00157232704402516,0.00158227848101266,0.00158982511923688,0.00155038759689922,0.00315955766192733,0.00155038759689922,0.00305343511450382,0,0.00322061191626409,0.00158982511923688,0.00156494522691706,0.00162337662337662,0.00158478605388273,0,0.00321027287319422,0.00158982511923688,0.0015748031496063,0.00152671755725191,0.00153846153846154,0.00314465408805031,0.00157232704402516,0.0015527950310559,0.00324149108589951,0,0.0015552099533437,0,0,0.00158730158730159,0.00159235668789809,0,0.00158982511923688,0,0.00152439024390244,0,0,0.0031104199066874,0,0.00314465408805031,0.00154559505409583,0.00157232704402516,0.0015552099533437,0.00156739811912226,0.0015625,0.00318471337579618,0.0015552099533437,0.00156739811912226,0.0015552099533437,0.00156494522691706,0,0.00153139356814701,0.00306748466257669,0,0.00307219662058372,0.00313479623824451,0,0,0.00324675324675325,0.00161812297734628,0,0,0.0031055900621118,0.00151515151515152,0.00310077519379845,0.0015600624024961,0.003125,0,0.00313479623824451,0.00158227848101266,0.00310077519379845,0,0,0.00308641975308642,0.00323101777059774
"72",0,0,0,0,0,0,0,0,0,0,0,0,0,0,0,0,0,0,0,0,0,0.00314465408805031,0.00475435816164818,0,0,0,0,0,0,0,0,0,0,0,0,0,0,0,0,0,0,0,0,0,0,0,0,0,0,0,0,0.990243902439024,0.289389067524116,0.470113085621971,0.993730407523511,0.9952,0.993650793650794,0.982539682539682,0.98993288590604,0.990625,0.992150706436421,0.990668740279938,0.992138364779874,0.992101105845182,0.992248062015504,0.992025518341308,0.988941548183254,0.991708126036484,0.9904,0.988871224165342,0.991830065359477,1,0.99203821656051,0.992272024729521,0.988835725677831,0.993630573248408,0.992138364779874,0.990551181102362,0.991909385113269,0.990306946688207,0.987519500780031,0.992211838006231,0.992236024844721,0.993431855500821,0.990445859872611,0.988636363636364,0.988599348534202,0.99021207177814,0.988817891373802,0.99021207177814,0.990769230769231,0.990384615384615,0.99349593495935,0.983766233766234,0.991776315789474,0.993453355155483,0,0.00777604976671851,0.00803858520900321,0.0115321252059308,0.00958466453674121,0.00643086816720257,0,0,0.00634920634920635,0,0.0108695652173913,0.00815660685154975,0.00160513643659711,0.0016366612111293,0,0.00321543408360129,0.00946372239747634,0.00788643533123028,0.00809061488673139,0,0,0.00627943485086342,0.00514579759862779,0,0.00488599348534202,0,0.00841750841750842,0,0.00788643533123028,0.0033167495854063,0.00949367088607595,0,0.00949367088607595,0.00625978090766823,0.00163398692810458,0,0,0.00628930817610063,0,0.0111642743221691,0.0031496062992126,0,0,0.00162337662337662,0,0,0.00618238021638331,0.00806451612903226,0.00650406504065041,0.00815660685154975,0.00958466453674121,0,0.00313479623824451,0.00158982511923688,0.0115894039735099,0,0.00157232704402516,0.0113636363636364,0.00950871632329636,0,0.00476190476190476,0.00162866449511401,0.00644122383252818,0.00791139240506329,0,0,0.00950871632329636,0.0111464968152866,0.0110236220472441,0,0,0.009375,0.00634920634920635,0.00811688311688312,0,0.00949367088607595,0,0,0.00788643533123028,0.00788643533123028,0.0046583850931677,0.00309597523219814,0,0.008,0.0048780487804878,0.00470219435736677,0,0.00158730158730159,0,0.00814332247557003,0.00947867298578199,0,0,0,0.0095389507154213,0.00642054574638844,0.00318979266347687,0.0116279069767442,0.00327868852459016,0.0108527131782946,0,0,0.00160513643659711,0.00646203554119548,0,0.00961538461538462,0,0.00156985871271586,0.00160771704180064,0.00329489291598023,0.00792393026941363,0.00489396411092985,0.00806451612903226,0,0,0.00156739811912226,0.00784929356357928,0.0111821086261981,0.00985221674876847,0.00157728706624606,0.00961538461538462,0.00158227848101266,0.00158730158730159,0,0,0.00941915227629513,0,0.00153846153846154,0.00801282051282051,0,0,0.0113636363636364,0.00327868852459016,0.00158982511923688,0,0.00802568218298555,0,0.0109375,0,0.00963081861958266,0,0.00638977635782748,0,0.00788643533123028,0,0,0.0078003120124805,0.00801282051282051
"73",0,0,0,0,0,0,0,0,0,0,0,0,0,0,0,0,0,0,0,0,0,0.00460122699386503,0.00615384615384615,0,0,0,0,0,0,0,0,0,0,0,0,0,0.00314465408805031,0,0,0,0,0,0,0,0,0,0,0,0,0,0,0.998415213946117,0.297637795275591,0.471786833855799,1,1,1,0.938461538461538,1,1,1,1,1,1,1,1,1,1,1,1,0.998456790123457,0.99203821656051,1,1,1,1,1,1,1,1,0.967136150234742,1,1,1,1,1,1,0.998427672955975,1,0.998417721518987,1,1,1,0.977883096366509,1,1,0,0,0,0,0,0,0,0,0,0,0,0,0,0,0,0,0,0,0,0,0,0,0,0,0,0,0,0,0,0,0,0,0,0,0,0,0,0,0,0,0,0,0,0,0,0,0,0,0,0,0,0,0,0,0,0,0,0,0,0,0,0,0,0,0,0,0,0,0,0,0,0,0,0,0,0,0,0,0,0,0,0,0,0,0,0,0,0,0,0,0,0,0,0,0,0,0,0,0,0,0,0,0,0,0,0,0,0,0,0,0,0,0.00155763239875389,0,0,0,0,0,0,0,0,0,0,0,0,0,0,0,0,0,0,0,0,0,0,0,0,0,0,0,0,0,0,0,0,0,0,0
"74",0,0,0,0,0,0,0,0,0,0,0,0,0,0,0,0,0,0,0,0,0,0.00753012048192771,0.010752688172043,0,0,0,0,0,0,0,0,0,0,0,0,0,0.0046583850931677,0,0,0,0,0,0,0,0,0,0,0,0,0,0,0.998452012383901,0.29742033383915,0.473846153846154,1,1,1,0.944530046224962,1,1,1,1,1,1,1,1,1,1,1,1,0.998466257668712,0.992272024729521,1,1,1,1,1,1,1,1,0.972560975609756,1,1,1,1,1,1,1,1,0.998461538461539,1,1,1,0.983076923076923,1,1,0,0,0,0,0,0,0,0,0,0,0,0,0,0,0,0,0,0,0,0,0,0,0,0,0,0,0,0,0,0,0,0,0,0,0,0,0,0,0,0,0,0,0,0,0,0,0,0,0,0,0,0,0,0,0,0,0,0,0,0,0,0,0,0,0,0,0,0,0,0,0,0,0,0,0,0,0,0,0,0,0,0,0,0,0,0,0,0,0,0,0,0,0,0,0,0,0,0,0,0,0,0,0,0,0,0,0,0,0,0,0,0,0.00154320987654321,0,0,0,0,0,0,0,0,0,0,0,0,0,0,0,0,0,0,0,0,0,0,0,0,0,0,0,0,0,0,0,0,0,0,0
"75",0,0,0,0,0,0,0,0,0,0,0,0,0,0,0,0,0,0,0,0,0,0.00619195046439629,0.00768049155145929,0,0,0,0,0,0,0,0,0,0,0,0,0,0.0015552099533437,0,0,0,0,0,0,0,0,0,0,0,0,0,0,1,0.292834890965732,0.468217054263566,1,1,1,0.933333333333333,1,1,1,1,1,1,1,1,1,1,1,1,0.996908809891808,0.988835725677831,1,1,1,1,1,1,1,1,0.96594427244582,1,1,1,1,1,1,0.998449612403101,1,0.996860282574568,1,1,1,0.980891719745223,1,1,0,0,0,0,0,0,0,0,0,0,0,0,0,0,0,0,0,0,0,0,0,0,0,0,0,0,0,0,0,0,0,0,0,0,0,0,0,0,0,0,0,0,0,0,0,0,0,0,0,0,0,0,0,0,0,0,0,0,0,0,0,0,0,0,0,0,0,0,0,0,0,0,0,0,0,0,0,0,0,0,0,0,0,0,0,0,0,0,0,0,0,0,0,0,0,0,0,0,0,0,0,0,0,0,0,0,0,0,0,0,0,0,0.00155763239875389,0,0,0,0,0,0,0,0,0,0,0,0,0,0,0,0,0,0,0,0,0,0,0,0,0,0,0,0,0,0,0,0,0,0,0
"76",0,0,0,0,0,0,0,0,0,0,0,0,0,0,0,0,0,0,0,0,0,0.00920245398773006,0.0110236220472441,0,0,0,0,0,0,0,0,0,0,0,0,0,0.00320512820512821,0,0,0,0,0,0,0,0,0,0,0,0,0,0,1,0.286384976525822,0.462145110410095,1,1,1,0.949152542372881,1,1,1,1,1,1,1,1,1,1,1,1,0.998459167950693,0.993630573248408,1,1,1,1,1,1,1,1,0.975384615384615,1,1,1,1,1,1,1,1,0.998402555910543,1,1,1,0.985668789808917,1,1,0,0,0,0,0,0,0,0,0,0,0,0,0,0,0,0,0,0,0,0,0,0,0,0,0,0,0,0,0,0,0,0,0,0,0,0,0,0,0,0,0,0,0,0,0,0,0,0,0,0,0,0,0,0,0,0,0,0,0,0,0,0,0,0,0,0,0,0,0,0,0,0,0,0,0,0,0,0,0,0,0,0,0,0,0,0,0,0,0,0,0,0,0,0,0,0,0,0,0,0,0,0,0,0,0,0,0,0,0,0,0,0,0.0015625,0,0,0,0,0,0,0,0,0,0,0,0,0,0,0,0,0,0,0,0,0,0,0,0,0,0,0,0,0,0,0,0,0,0,0
"77",0,0,0,0,0,0,0,0,0,0,0,0,0,0,0,0,0,0,0,0,0,0.00766871165644172,0.00925925925925926,0,0,0,0,0,0,0,0,0,0,0,0,0,0.00312989045383412,0,0,0,0,0,0,0,0,0,0,0,0,0,0,0.998444790046656,0.279752704791345,0.456112852664577,1,1,1,0.940275650842266,1,1,1,1,1,1,1,1,1,1,1,1,0.996908809891808,0.992138364779874,1,1,1,1,1,1,1,1,0.966205837173579,1,1,1,1,1,1,0.998444790046656,1,0.996840442338073,1,1,1,0.976415094339623,1,1,0,0,0,0,0,0,0,0,0,0,0,0,0,0,0,0,0,0,0,0,0,0,0,0,0,0,0,0,0,0,0,0,0,0,0,0,0,0,0,0,0,0,0,0,0,0,0,0,0,0,0,0,0,0,0,0,0,0,0,0,0,0,0,0,0,0,0,0,0,0,0,0,0,0,0,0,0,0,0,0,0,0,0,0,0,0,0,0,0,0,0,0,0,0,0,0,0,0,0,0,0,0,0,0,0,0,0,0,0,0,0,0,0.0015625,0,0,0,0,0,0,0,0,0,0,0,0,0,0,0,0,0,0,0,0,0,0,0,0,0,0,0,0,0,0,0,0,0,0,0
"78",0,0,0,0,0,0,0,0,0,0,0,0,0,0,0,0,0,0,0,0,0,0.00618238021638331,0.00921658986175115,0,0,0,0,0,0,0,0,0,0,0,0,0,0.00470219435736677,0,0,0,0,0,0,0,0,0,0,0,0,0,0,0.998442367601246,0.287671232876712,0.458860759493671,1,1,1,0.94,1,1,1,1,1,1,1,1,1,1,1,1,0.996908809891808,0.990551181102362,1,1,1,1,1,1,1,1,0.967542503863988,1,1,1,1,1,1,0.998452012383901,1,0.996860282574568,1,1,1,0.982998454404946,1,1,0,0,0,0,0,0,0,0,0,0,0,0,0,0,0,0,0,0,0,0,0,0,0,0,0,0,0,0,0,0,0,0,0,0,0,0,0,0,0,0,0,0,0,0,0,0,0,0,0,0,0,0,0,0,0,0,0,0,0,0,0,0,0,0,0,0,0,0,0,0,0,0,0,0,0,0,0,0,0,0,0,0,0,0,0,0,0,0,0,0,0,0,0,0,0,0,0,0,0,0,0,0,0,0,0,0,0,0,0,0,0,0,0.00157728706624606,0,0,0,0,0,0,0,0,0,0,0,0,0,0,0,0,0,0,0,0,0,0,0,0,0,0,0,0,0,0,0,0,0,0,0
"79",0,0,0,0,0,0,0,0,0,0,0,0,0,0,0,0,0,0,0,0,0,0.00618238021638331,0.00947867298578199,0,0,0,0,0,0,0,0,0,0,0,0,0,0.00473186119873817,0,0,0,0,0,0,0,0,0,0,0,0,0,0,0.998402555910543,0.304416403785489,0.479430379746835,1,1,1,0.942724458204334,1,1,1,1,1,1,1,1,1,1,1,1,0.998422712933754,0.991909385113269,1,1,1,1,1,1,1,1,0.972049689440994,1,1,1,1,1,1,1,1,0.998430141287284,1,1,1,0.984,1,1,0,0,0,0,0,0,0,0,0,0,0,0,0,0,0,0,0,0,0,0,0,0,0,0,0,0,0,0,0,0,0,0,0,0,0,0,0,0,0,0,0,0,0,0,0,0,0,0,0,0,0,0,0,0,0,0,0,0,0,0,0,0,0,0,0,0,0,0,0,0,0,0,0,0,0,0,0,0,0,0,0,0,0,0,0,0,0,0,0,0,0,0,0,0,0,0,0,0,0,0,0,0,0,0,0,0,0,0,0,0,0,0,0.00157977883096367,0,0,0,0,0,0,0,0,0,0,0,0,0,0,0,0,0,0,0,0,0,0,0,0,0,0,0,0,0,0,0,0,0,0,0
"80",0,0,0,0,0,0,0,0,0,0,0,0,0,0,0,0,0,0,0,0,0,0.0062992125984252,0.0094488188976378,0,0,0,0,0,0,0,0,0,0,0,0,0,0.0046801872074883,0,0,0,0,0,0,0,0,0,0,0,0,0,0,0.998402555910543,0.305863708399366,0.480769230769231,1,1,1,0.938775510204082,1,1,1,1,1,1,1,1,1,1,1,1,0.99685534591195,0.990306946688207,1,1,1,1,1,1,1,1,0.96594427244582,1,1,1,1,1,1,0.998412698412698,1,0.996825396825397,1,1,1,0.977455716586151,1,1,0,0,0,0,0,0,0,0,0,0,0,0,0,0,0,0,0,0,0,0,0,0,0,0,0,0,0,0,0,0,0,0,0,0,0,0,0,0,0,0,0,0,0,0,0,0,0,0,0,0,0,0,0,0,0,0,0,0,0,0,0,0,0,0,0,0,0,0,0,0,0,0,0,0,0,0,0,0,0,0,0,0,0,0,0,0,0,0,0,0,0,0,0,0,0,0,0,0,0,0,0,0,0,0,0,0,0,0,0,0,0,0,0.00157977883096367,0,0,0,0,0,0,0,0,0,0,0,0,0,0,0,0,0,0,0,0,0,0,0,0,0,0,0,0,0,0,0,0,0,0,0
"81",0,0,0,0,0,0,0,0,0,0,0,0,0,0,0,0,0,0,0,0,0,0.00770416024653313,0.00927357032457496,0,0,0,0,0,0,0,0,0,0,0,0,0,0.003125,0,0,0,0,0,0,0,0,0,0,0,0,0,0,0.967032967032967,0.362363919129082,0.539412673879444,0.969604863221885,0.970858895705521,0.976708074534162,1,0.972624798711755,0.968229954614221,0.969183359013868,0.968181818181818,0.972477064220184,0.969604863221885,0.968468468468468,0.972093023255814,0.967592592592593,0.971337579617834,0.967084639498433,0.967032967032967,0.979813664596273,0.987519500780031,0.967136150234742,0.972560975609756,0.96594427244582,0.975384615384615,0.966205837173579,0.967542503863988,0.972049689440994,0.96594427244582,1,0.969465648854962,0.966514459665145,0.967689822294023,0.972477064220184,0.968992248062015,0.967032967032967,0.968798751950078,0.966049382716049,0.979397781299525,0.965256797583082,0.963607594936709,0.969088098918083,0.995275590551181,0.96984126984127,0.963949843260188,0,0.0224887556221889,0.032258064516129,0.0316957210776545,0.0344287949921753,0.0297339593114241,0.0031104199066874,0.00626959247648903,0.0186046511627907,0.00597014925373134,0.0276923076923077,0.0313479623824451,0.0125786163522013,0.0172413793103448,0,0.0168970814132104,0.0351681957186544,0.0292758089368259,0.031496062992126,0,0.00459418070444104,0.0231481481481481,0.0263157894736842,0.00313971742543171,0.0249221183800623,0,0.0319488817891374,0,0.0326086956521739,0.0156985871271586,0.032258064516129,0,0.0358255451713396,0.0289193302891933,0.0093603744149766,0.003003003003003,0.0031055900621118,0.0259541984732824,0.00321027287319422,0.0344287949921753,0.0137614678899083,0.00156494522691706,0.00463678516228748,0.015748031496063,0.00304878048780488,0.00454545454545455,0.0253731343283582,0.0332805071315372,0.0189274447949527,0.0283464566929134,0.0263157894736842,0.00153374233128834,0.0287443267776097,0.0154798761609907,0.0349761526232114,0.00313479623824451,0.0121765601217656,0.0313971742543171,0.0274390243902439,0,0.0326086956521739,0.00947867298578199,0.0235849056603774,0.0305810397553517,0,0.0046875,0.0344287949921753,0.0358814352574103,0.0353846153846154,0.00467289719626168,0.0015748031496063,0.0264797507788162,0.0232919254658385,0.0221169036334913,0.00470219435736677,0.0323574730354391,0.0031496062992126,0.00471698113207547,0.0255255255255255,0.0305810397553517,0.0259938837920489,0.0253353204172876,0.00160771704180064,0.0271132376395534,0.018957345971564,0.0106870229007634,0.00646203554119548,0.0201863354037267,0,0.0315457413249211,0.0294117647058824,0.0046801872074883,0.0045045045045045,0.00454545454545455,0.0356589147286822,0.0307219662058372,0.0123456790123457,0.0337620578778135,0.0109034267912773,0.0332326283987915,0,0,0.010752688172043,0.0187793427230047,0,0.0338461538461538,0.0015600624024961,0.013719512195122,0.00311526479750779,0.0143769968051118,0.0341085271317829,0.015552099533437,0.0297339593114241,0.00458015267175573,0.0015552099533437,0.00910470409711684,0.0328638497652582,0.0324574961360124,0.0282574568288854,0.0153374233128834,0.0312989045383412,0.0123076923076923,0.0185758513931889,0,0.0060790273556231,0.031866464339909,0,0.016566265060241,0.0383386581469649,0,0,0.0317460317460317,0.0176848874598071,0.0138888888888889,0,0.0335365853658537,0.00303030303030303,0.0335365853658537,0.00618238021638331,0.0294117647058824,0,0.0325077399380805,0.0109546165884194,0.0282131661442006,0,0,0.0305343511450382,0.0270700636942675
"82",0,0,0,0,0,0,0,0,0,0,0,0,0,0,0,0,0,0,0,0,0,0.0076103500761035,0.0105263157894737,0,0,0,0,0,0,0,0,0,0,0,0,0,0.00460829493087558,0,0,0,0,0,0,0,0,0,0,0,0,0,0,0.998487140695915,0.283950617283951,0.469135802469136,1,1,1,0.945288753799392,1,1,1,1,1,1,1,1,1,1,1,1,0.996927803379416,0.992211838006231,1,1,1,1,1,1,1,1,0.969465648854962,1,1,1,1,1,1,0.998473282442748,1,0.996908809891808,1,1,1,0.980030721966206,1,1,0,0,0,0,0,0,0,0,0,0,0,0,0,0,0,0,0,0,0,0,0,0,0,0,0,0,0,0,0,0,0,0,0,0,0,0,0,0,0,0,0,0,0,0,0,0,0,0,0,0,0,0,0,0,0,0,0,0,0,0,0,0,0,0,0,0,0,0,0,0,0,0,0,0,0,0,0,0,0,0,0,0,0,0,0,0,0,0,0,0,0,0,0,0,0,0,0,0,0,0,0,0,0,0,0,0,0,0,0,0,0,0,0,0,0,0,0,0,0,0,0,0,0,0,0,0,0,0,0,0,0,0,0,0,0,0,0,0,0,0,0,0,0,0,0,0,0,0
"83",0,0,0,0,0,0,0,0,0,0,0,0,0,0,0,0,0,0,0,0,0,0.00612557427258806,0.00923076923076923,0,0,0,0,0,0,0,0,0,0,0,0,0,0.00460829493087558,0,0,0,0,0,0,0,0,0,0,0,0,0,0,0.998473282442748,0.271739130434783,0.450858034321373,1,1,1,0.9375,1,1,1,1,1,1,1,1,1,1,1,1,0.998432601880878,0.992236024844721,1,1,1,1,1,1,1,1,0.966514459665145,1,1,1,1,1,1,0.998466257668712,1,0.998444790046656,1,1,1,0.979299363057325,1,1,0,0,0,0,0,0,0,0,0,0,0,0,0,0,0,0,0,0,0,0,0,0,0,0,0,0,0,0,0,0,0,0,0,0,0,0,0,0,0,0,0,0,0,0,0,0,0,0,0,0,0,0,0,0,0,0,0,0,0,0,0,0,0,0,0,0,0,0,0,0,0,0,0,0,0,0,0,0,0,0,0,0,0,0,0,0,0,0,0,0,0,0,0,0,0,0,0,0,0,0,0,0,0,0,0,0,0,0,0,0,0,0,0.0015527950310559,0,0,0,0,0,0,0,0,0,0,0,0,0,0,0,0,0,0,0,0,0,0,0,0,0,0,0,0,0,0,0,0,0,0,0
"84",0,0,0,0,0,0,0,0,0,0,0,0,0,0,0,0,0,0,0,0,0,0.0031496062992126,0.00657894736842105,0,0,0,0,0,0,0,0,0,0,0,0,0,0.00327868852459016,0,0,0,0,0,0,0,0,0,0,0,0,0,0,0.998341625207297,0.306188925081433,0.475279106858054,1,1,1,0.9392,1,1,1,1,1,1,1,1,1,1,1,1,0.9967585089141,0.993431855500821,1,1,1,1,1,1,1,1,0.967689822294023,1,1,1,1,1,1,0.998373983739837,1,0.996672212978369,1,1,1,0.981757877280265,1,1,0,0,0,0,0,0,0,0,0,0,0,0,0,0,0,0,0,0,0,0,0,0,0,0,0,0,0,0,0,0,0,0,0,0,0,0,0,0,0,0,0,0,0,0,0,0,0,0,0,0,0,0,0,0,0,0,0,0,0,0,0,0,0,0,0,0,0,0,0,0,0,0,0,0,0,0,0,0,0,0,0,0,0,0,0,0,0,0,0,0,0,0,0,0,0,0,0,0,0,0,0,0,0,0,0,0,0,0,0,0,0,0,0.00164744645799012,0,0,0,0,0,0,0,0,0,0,0,0,0,0,0,0,0,0,0,0,0,0,0,0,0,0,0,0,0,0,0,0,0,0,0
"85",0,0,0,0,0,0,0,0,0,0,0,0,0,0,0,0,0,0,0,0,0,0.00930232558139535,0.0124804992199688,0,0,0,0,0,0,0,0,0,0,0,0,0,0.00462249614791988,0,0,0,0,0,0,0,0,0,0,0,0,0,0,0.998412698412698,0.317262830482115,0.487421383647799,1,1,1,0.947611710323575,1,1,1,1,1,1,1,1,1,1,1,1,0.996870109546166,0.990445859872611,1,1,1,1,1,1,1,1,0.972477064220184,1,1,1,1,1,1,0.998415213946117,1,0.996860282574568,1,1,1,0.984202211690363,1,1,0,0,0,0,0,0,0,0,0,0,0,0,0,0,0,0,0,0,0,0,0,0,0,0,0,0,0,0,0,0,0,0,0,0,0,0,0,0,0,0,0,0,0,0,0,0,0,0,0,0,0,0,0,0,0,0,0,0,0,0,0,0,0,0,0,0,0,0,0,0,0,0,0,0,0,0,0,0,0,0,0,0,0,0,0,0,0,0,0,0,0,0,0,0,0,0,0,0,0,0,0,0,0,0,0,0,0,0,0,0,0,0,0.00158227848101266,0,0,0,0,0,0,0,0,0,0,0,0,0,0,0,0,0,0,0,0,0,0,0,0,0,0,0,0,0,0,0,0,0,0,0
"86",0,0,0,0,0,0,0,0,0,0,0,0,0,0,0,0,0,0,0,0,0,0.00789889415481832,0.00947867298578199,0,0,0,0,0,0,0,0,0,0,0,0,0,0.00321543408360129,0,0,0,0,0,0,0,0,0,0,0,0,0,0,0.998376623376623,0.30379746835443,0.474763406940063,1,1,1,0.940809968847352,1,1,1,1,1,1,1,1,1,1,1,1,0.996845425867508,0.988636363636364,1,1,1,1,1,1,1,1,0.968992248062015,1,1,1,1,1,1,0.998410174880763,1,0.996779388083736,1,1,1,0.982343499197432,1,1,0,0,0,0,0,0,0,0,0,0,0,0,0,0,0,0,0,0,0,0,0,0,0,0,0,0,0,0,0,0,0,0,0,0,0,0,0,0,0,0,0,0,0,0,0,0,0,0,0,0,0,0,0,0,0,0,0,0,0,0,0,0,0,0,0,0,0,0,0,0,0,0,0,0,0,0,0,0,0,0,0,0,0,0,0,0,0,0,0,0,0,0,0,0,0,0,0,0,0,0,0,0,0,0,0,0,0,0,0,0,0,0,0.0016,0,0,0,0,0,0,0,0,0,0,0,0,0,0,0,0,0,0,0,0,0,0,0,0,0,0,0,0,0,0,0,0,0,0,0
"87",0,0,0,0,0,0,0,0,0,0,0,0,0,0,0,0,0,0,0,0,0,0.0078740157480315,0.0112721417069243,0,0,0,0,0,0,0,0,0,0,0,0,0,0.00483091787439614,0,0,0,0,0,0,0,0,0,0,0,0,0,0,0.998381877022654,0.307073954983923,0.476725521669342,1,1,1,0.937898089171974,1,1,1,1,1,1,1,1,1,1,1,1,0.996784565916399,0.988599348534202,1,1,1,1,1,1,1,1,0.967032967032967,1,1,1,1,1,1,0.99837925445705,1,0.996779388083736,1,1,1,0.982171799027553,1,1,0,0,0,0,0,0,0,0,0,0,0,0,0,0,0,0,0,0,0,0,0,0,0,0,0,0,0,0,0,0,0,0,0,0,0,0,0,0,0,0,0,0,0,0,0,0,0,0,0,0,0,0,0,0,0,0,0,0,0,0,0,0,0,0,0,0,0,0,0,0,0,0,0,0,0,0,0,0,0,0,0,0,0,0,0,0,0,0,0,0,0,0,0,0,0,0,0,0,0,0,0,0,0,0,0,0,0,0,0,0,0,0,0.00162074554294976,0,0,0,0,0,0,0,0,0,0,0,0,0,0,0,0,0,0,0,0,0,0,0,0,0,0,0,0,0,0,0,0,0,0,0
"88",0,0,0,0,0,0,0,0,0,0,0,0,0,0,0,0,0,0,0,0,0,0.0062992125984252,0.00934579439252336,0,0,0,0,0,0,0,0,0,0,0,0,0,0.00474683544303797,0,0,0,0,0,0,0,0,0,0,0,0,0,0,0.996805111821086,0.30379746835443,0.4796875,0.998461538461539,0.998444790046656,1,0.937694704049844,1,0.998442367601246,0.998444790046656,0.998449612403101,0.998432601880878,0.998463901689708,0.998480243161094,0.998425196850394,1,0.998381877022654,0.998422712933754,0.998427672955975,1,0.99021207177814,0.998427672955975,1,0.998449612403101,1,0.998444790046656,0.998452012383901,1,0.998412698412698,0.968798751950078,0.998473282442748,0.998466257668712,0.998373983739837,0.998415213946117,0.998410174880763,0.99837925445705,1,0.998425196850394,1,0.998482549317147,0.998402555910543,0.998397435897436,0.982484076433121,0.998360655737705,0.998407643312102,0,0.00153139356814701,0.00159744408945687,0,0.0015748031496063,0.00158982511923688,0,0,0,0,0,0.00157977883096367,0,0,0,0,0,0.00156739811912226,0.00156985871271586,0,0,0.00156739811912226,0,0,0.00158982511923688,0,0.00161030595813205,0,0.00158982511923688,0,0.00153609831029186,0,0.0015600624024961,0.00153374233128834,0,0,0,0,0,0.0015527950310559,0,0,0,0,0,0,0,0.00163132137030995,0,0.0016025641025641,0,0,0,0,0.0016,0,0,0.00158227848101266,0.00158478605388273,0,0.00157977883096367,0,0,0.00158478605388273,0,0,0,0.00157728706624606,0.00154320987654321,0,0,0,0,0,0,0,0,0,0,0.0015527950310559,0,0.00149476831091181,0,0.00157728706624606,0,0,0,0,0,0.00160513643659711,0.00159744408945687,0,0,0,0.00156494522691706,0,0,0.0016366612111293,0,0,0,0,0,0,0,0.00154320987654321,0,0,0,0,0.0015600624024961,0,0.00315457413249211,0,0,0,0,0.00156985871271586,0.00163132137030995,0,0,0,0,0,0,0.00157232704402516,0,0.00153846153846154,0.00156494522691706,0,0,0.00162337662337662,0,0,0,0.0015625,0,0.00157232704402516,0,0.00159744408945687,0,0.00156739811912226,0,0.00156494522691706,0,0,0.00154559505409583,0.0016
"89",0,0,0,0,0,0,0,0,0,0,0,0,0,0,0,0,0,0,0,0,0,0.00930232558139535,0.0110584518167457,0,0,0,0,0,0,0,0,0,0,0,0,0,0.00317460317460317,0,0,0,0,0,0,0,0,0,0,0,0,0,0,0.998430141287284,0.294488188976378,0.474842767295597,1,1,1,0.9390625,1,1,1,1,1,1,1,1,1,1,1,1,0.996870109546166,0.988817891373802,1,1,1,1,1,1,1,1,0.966049382716049,1,1,1,1,1,1,0.998425196850394,1,0.996825396825397,1,1,1,0.977883096366509,1,1,0,0,0,0,0,0,0,0,0,0,0,0,0,0,0,0,0,0,0,0,0,0,0,0,0,0,0,0,0,0,0,0,0,0,0,0,0,0,0,0,0,0,0,0,0,0,0,0,0,0,0,0,0,0,0,0,0,0,0,0,0,0,0,0,0,0,0,0,0,0,0,0,0,0,0,0,0,0,0,0,0,0,0,0,0,0,0,0,0,0,0,0,0,0,0,0,0,0,0,0,0,0,0,0,0,0,0,0,0,0,0,0,0.0015748031496063,0,0,0,0,0,0,0,0,0,0,0,0,0,0,0,0,0,0,0,0,0,0,0,0,0,0,0,0,0,0,0,0,0,0,0
"90",0,0,0,0,0,0,0,0,0,0,0,0,0,0,0,0,0,0,0,0,0,0.00946372239747634,0.0125984251968504,0,0,0,0,0,0,0,0,0,0,0,0,0,0.00477707006369427,0,0,0,0,0,0,0,0,0,0,0,0,0,0,0.995253164556962,0.324281150159744,0.501597444089457,0.996899224806202,0.998430141287284,1,0.952904238618524,1,0.996830427892235,0.996879875195008,0.996879875195008,0.996850393700787,0.998439937597504,0.996908809891808,0.998402555910543,1,0.99670510708402,0.996784565916399,0.996870109546166,1,0.99021207177814,0.998417721518987,0.998461538461539,0.996860282574568,0.998402555910543,0.996840442338073,0.996860282574568,0.998430141287284,0.996825396825397,0.979397781299525,0.996908809891808,0.998444790046656,0.996672212978369,0.996860282574568,0.996779388083736,0.996779388083736,1,0.996825396825397,1,0.996870109546166,0.996810207336523,0.996784565916399,0.99184339314845,0.996677740863787,0.996779388083736,0,0.0015527950310559,0.00321543408360129,0.00163132137030995,0.00316957210776545,0.00324149108589951,0.00157728706624606,0.00162866449511401,0.00157728706624606,0,0.0015527950310559,0.00320512820512821,0,0.00161550888529887,0,0.00155038759689922,0.00158227848101266,0.00318471337579618,0.00322061191626409,0,0.00156494522691706,0.00316957210776545,0.00165837479270315,0,0.00318471337579618,0,0.00165837479270315,0,0.0032,0,0.0031201248049922,0,0.00309119010819165,0.00313479623824451,0.00162866449511401,0.00154320987654321,0,0,0.00161290322580645,0.00320512820512821,0.00153846153846154,0,0.00156985871271586,0.00161812297734628,0.00157977883096367,0.00157232704402516,0,0.00327332242225859,0.00162074554294976,0.0016260162601626,0.00158982511923688,0,0.00155763239875389,0.00158730158730159,0.00163398692810458,0,0.00153846153846154,0.00319488817891374,0.00316455696202532,0,0.00320512820512821,0.0015748031496063,0.0015748031496063,0.0032258064516129,0,0.0016025641025641,0.00161550888529887,0.00313971742543171,0.00307692307692308,0.00158227848101266,0,0,0,0.00160771704180064,0.00157232704402516,0.0015748031496063,0.00161290322580645,0.00161290322580645,0.0015527950310559,0.00315457413249211,0.00153609831029186,0.00307219662058372,0,0.00327332242225859,0.00157728706624606,0.0015600624024961,0.00163934426229508,0.00157977883096367,0,0.00318979266347687,0.00158227848101266,0.00157728706624606,0.00154320987654321,0.00155763239875389,0.00311526479750779,0.00157728706624606,0.00158478605388273,0.00332778702163062,0,0.00156985871271586,0,0,0.0016260162601626,0.00159744408945687,0,0.00157232704402516,0,0.0015600624024961,0,0,0.00315955766192733,0,0.00323624595469256,0.0015600624024961,0.00159235668789809,0.0015625,0.00160771704180064,0.0015625,0.00330578512396694,0.00156494522691706,0.00159489633173844,0.0015600624024961,0.00159235668789809,0,0.00154798761609907,0.00312989045383412,0,0.0031055900621118,0.00317460317460317,0,0,0.0032626427406199,0.00164203612479475,0,0,0.00310077519379845,0.00155763239875389,0.00315457413249211,0.00158227848101266,0.00317965023847377,0,0.00315955766192733,0.00158982511923688,0.0031496062992126,0,0,0.0031055900621118,0.0032626427406199
"91",0,0,0,0,0,0,0,0,0,0,0,0,0,0,0,0,0,0,0,0,0,0.00600600600600601,0.00927357032457496,0,0,0,0,0,0,0,0,0,0,0,0,0,0.00464396284829721,0,0,0,0,0,0,0,0,0,0,0,0,0,0,0.998459167950693,0.275541795665635,0.465224111282844,1,1,1,0.940366972477064,1,1,1,1,1,1,1,1,1,1,1,1,0.996904024767802,0.990769230769231,1,1,1,1,1,1,1,1,0.965256797583082,1,1,1,1,1,1,0.998482549317147,1,0.996870109546166,1,1,1,0.98116169544741,1,1,0,0,0,0,0,0,0,0,0,0,0,0,0,0,0,0,0,0,0,0,0,0,0,0,0,0,0,0,0,0,0,0,0,0,0,0,0,0,0,0,0,0,0,0,0,0,0,0,0,0,0,0,0,0,0,0,0,0,0,0,0,0,0,0,0,0,0,0,0,0,0,0,0,0,0,0,0,0,0,0,0,0,0,0,0,0,0,0,0,0,0,0,0,0,0,0,0,0,0,0,0,0,0,0,0,0,0,0,0,0,0,0,0,0,0,0,0,0,0,0,0,0,0,0,0,0,0,0,0,0,0,0,0,0,0,0,0,0,0,0,0,0,0,0,0,0,0,0
"92",0,0,0,0,0,0,0,0,0,0,0,0,0,0,0,0,0,0,0,0,0,0.00783699059561128,0.00946372239747634,0,0,0,0,0,0,0,0,0,0,0,0,0,0.00313971742543171,0,0,0,0,0,0,0,0,0,0,0,0,0,0,1,0.2976,0.474683544303797,1,1,1,0.932601880877743,1,1,1,1,1,1,1,1,1,1,1,1,0.996805111821086,0.990384615384615,1,1,1,1,1,1,1,1,0.963607594936709,1,1,1,1,1,1,0.998402555910543,1,0.996810207336523,1,1,1,0.977272727272727,1,1,0,0,0,0,0,0,0,0,0,0,0,0,0,0,0,0,0,0,0,0,0,0,0,0,0,0,0,0,0,0,0,0,0,0,0,0,0,0,0,0,0,0,0,0,0,0,0,0,0,0,0,0,0,0,0,0,0,0,0,0,0,0,0,0,0,0,0,0,0,0,0,0,0,0,0,0,0,0,0,0,0,0,0,0,0,0,0,0,0,0,0,0,0,0,0,0,0,0,0,0,0,0,0,0,0,0,0,0,0,0,0,0,0,0,0,0,0,0,0,0,0,0,0,0,0,0,0,0,0,0,0,0,0,0,0,0,0,0,0,0,0,0,0,0,0,0,0,0
"93",0,0,0,0,0,0,0,0,0,0,0,0,0,0,0,0,0,0,0,0,0,0.00623052959501558,0.0093603744149766,0,0,0,0,0,0,0,0,0,0,0,0,0,0.0031201248049922,0,0,0,0,0,0,0,0,0,0,0,0,0,0,0.998410174880763,0.294209702660407,0.464968152866242,1,1,1,0.940809968847352,1,1,1,1,1,1,1,1,1,1,1,1,0.996884735202492,0.99349593495935,1,1,1,1,1,1,1,1,0.969088098918083,1,1,1,1,1,1,0.998397435897436,1,0.996784565916399,1,1,1,0.9792663476874,1,1,0,0,0,0,0,0,0,0,0,0,0,0,0,0,0,0,0,0,0,0,0,0,0,0,0,0,0,0,0,0,0,0,0,0,0,0,0,0,0,0,0,0,0,0,0,0,0,0,0,0,0,0,0,0,0,0,0,0,0,0,0,0,0,0,0,0,0,0,0,0,0,0,0,0,0,0,0,0,0,0,0,0,0,0,0,0,0,0,0,0,0,0,0,0,0,0,0,0,0,0,0,0,0,0,0,0,0,0,0,0,0,0,0,0,0,0,0,0,0,0,0,0,0,0,0,0,0,0,0,0,0,0,0,0,0,0,0,0,0,0,0,0,0,0,0,0,0,0
"94",0,0,0,0,0,0,0,0,0,0,0,0,0,0,0,0,0,0,0,0,0,0.00625978090766823,0.0093603744149766,0,0,0,0,0,0,0,0,0,0,0,0,0,0.00161290322580645,0,0,0,0,0,0,0,0,0,0,0,0,0,0,0.974358974358974,0.326892109500805,0.5072,0.978560490045942,0.981042654028436,0.985576923076923,0.966929133858268,0.985507246376812,0.979527559055118,0.978461538461538,0.979876160990712,0.979430379746835,0.9796875,0.981424148606811,0.984276729559748,0.979430379746835,0.980327868852459,0.980645161290323,0.980487804878049,0.992063492063492,0.983766233766234,0.977883096366509,0.983076923076923,0.980891719745223,0.985668789808917,0.976415094339623,0.982998454404946,0.984,0.977455716586151,0.995275590551181,0.980030721966206,0.979299363057325,0.981757877280265,0.984202211690363,0.982343499197432,0.982171799027553,0.982484076433121,0.977883096366509,0.99184339314845,0.98116169544741,0.977272727272727,0.9792663476874,1,0.983579638752053,0.977235772357724,0,0.0108024691358025,0.019047619047619,0.0193861066235864,0.0208,0.0163398692810458,0.00318979266347687,0.00481540930979133,0.0111642743221691,0.0046656298600311,0.0124223602484472,0.0177705977382876,0.00805152979066022,0.0146103896103896,0,0.0110062893081761,0.0217391304347826,0.0172955974842767,0.0174050632911392,0,0.00481540930979133,0.0173775671406003,0.015025041736227,0.00323624595469256,0.0160771704180064,0,0.0198347107438017,0,0.0209677419354839,0.00643086816720257,0.0235478806907378,0,0.0188679245283019,0.0189873417721519,0.00803858520900321,0.00308166409861325,0.00316957210776545,0.0153374233128834,0.0032520325203252,0.0208667736757624,0.00933125972006221,0.00159235668789809,0.00473186119873817,0.00788643533123028,0.00322061191626409,0.00475435816164818,0.0153609831029186,0.0213815789473684,0.0112903225806452,0.019672131147541,0.0158982511923688,0.0015527950310559,0.0188087774294671,0.0110236220472441,0.0211038961038961,0.00316455696202532,0.0094488188976378,0.0193861066235864,0.0172413793103448,0,0.0221169036334913,0.00805152979066022,0.014308426073132,0.0206349206349206,0,0.00481540930979133,0.0223285486443381,0.0207667731629393,0.0221169036334913,0.00476947535771065,0.00162337662337662,0.0141287284144427,0.0159489633173844,0.0129032258064516,0.0047244094488189,0.0203125,0.00318471337579618,0.0048780487804878,0.0171875,0.0205696202531646,0.015600624024961,0.0182926829268293,0.00162866449511401,0.0175438596491228,0.0128824476650564,0.00636942675159236,0.00499168053244592,0.0143769968051118,0,0.024,0.0158478605388273,0.0048,0.00459418070444104,0.0047244094488189,0.0222929936305732,0.0187207488299532,0.00798722044728434,0.0198675496688742,0.00319488817891374,0.0187793427230047,0,0,0.00803858520900321,0.00980392156862745,0,0.0193236714975845,0,0.0094488188976378,0,0.00981996726677578,0.0205371248025276,0.00493421052631579,0.0191693290734824,0.00470219435736677,0.00159489633173844,0.0062992125984252,0.0205047318611987,0.0191387559808612,0.0180921052631579,0.00946372239747634,0.0174603174603175,0.0109375,0.0141509433962264,0,0.00617283950617284,0.0188679245283019,0,0.0124804992199688,0.0223642172523962,0,0,0.0177993527508091,0.0114754098360656,0.00940438871473354,0,0.0203125,0.00309119010819165,0.0216383307573416,0.00634920634920635,0.0191693290734824,0,0.0188383045525903,0.00786163522012579,0.0220472440944882,0,0,0.0171875,0.0177705977382876
"95",0,0,0,0,0,0,0,0,0,0,0,0,0,0,0,0,0,0,0,0,0,0.00647249190938511,0.00974025974025974,0,0,0,0,0,0,0,0,0,0,0,0,0,0.00323624595469256,0,0,0,0,0,0,0,0,0,0,0,0,0,0,0.998344370860927,0.291325695581015,0.465686274509804,1,1,1,0.948635634028893,1,1,1,1,1,1,1,1,1,1,1,1,0.996683250414594,0.991776315789474,1,1,1,1,1,1,1,1,0.96984126984127,1,1,1,1,1,1,0.998360655737705,1,0.996677740863787,1,1,1,0.983579638752053,1,1,0,0,0,0,0,0,0,0,0,0,0,0,0,0,0,0,0,0,0,0,0,0,0,0,0,0,0,0,0,0,0,0,0,0,0,0,0,0,0,0,0,0,0,0,0,0,0,0,0,0,0,0,0,0,0,0,0,0,0,0,0,0,0,0,0,0,0,0,0,0,0,0,0,0,0,0,0,0,0,0,0,0,0,0,0,0,0,0,0,0,0,0,0,0,0,0,0,0,0,0,0,0,0,0,0,0,0,0,0,0,0,0,0.00164203612479475,0,0,0,0,0,0,0,0,0,0,0,0,0,0,0,0,0,0,0,0,0,0,0,0,0,0,0,0,0,0,0,0,0,0,0
"96",0,0,0,0,0,0,0,0,0,0,0,0,0,0,0,0,0,0,0,0,0,0.00783699059561128,0.00934579439252336,0,0,0,0,0,0,0,0,0,0,0,0,0,0.00325732899022801,0,0,0,0,0,0,0,0,0,0,0,0,0,0,0.998402555910543,0.294488188976378,0.465489566613162,1,1,1,0.93944099378882,1,1,1,1,1,1,1,1,1,1,1,1,0.996835443037975,0.993453355155483,1,1,1,1,1,1,1,1,0.963949843260188,1,1,1,1,1,1,0.998407643312102,1,0.996779388083736,1,1,1,0.977235772357724,1,1,0,0,0,0,0,0,0,0,0,0,0,0,0,0,0,0,0,0,0,0,0,0,0,0,0,0,0,0,0,0,0,0,0,0,0,0,0,0,0,0,0,0,0,0,0,0,0,0,0,0,0,0,0,0,0,0,0,0,0,0,0,0,0,0,0,0,0,0,0,0,0,0,0,0,0,0,0,0,0,0,0,0,0,0,0,0,0,0,0,0,0,0,0,0,0,0,0,0,0,0,0,0,0,0,0,0,0,0,0,0,0,0,0.00159744408945687,0,0,0,0,0,0,0,0,0,0,0,0,0,0,0,0,0,0,0,0,0,0,0,0,0,0,0,0,0,0,0,0,0,0,0
"97",0.998463901689708,0.998459167950693,0.998463901689708,0.996875,0,0,0,0,0,0,0,0,0,0,0,0,0,0,0,0,0,0,0,0,0,0,0,0,0,0,0,0,0,0,0,0,0,0,0,0,0,0,0,0,0,0,0,0.998507462686567,0.998505231689088,0.998435054773083,0.996860282574568,0.00153139356814701,0,0,0,0,0,0,0,0,0,0,0,0,0,0,0,0,0,0,0,0,0,0,0,0,0,0,0,0,0,0,0,0,0,0,0,0,0,0,0,0,0,0,0,0,1,0.170694864048338,0.0062111801242236,0.0015748031496063,0.0215716486902928,0.215070643642072,0.928792569659443,0.917591125198098,0.232415902140673,0.569069069069069,0.0196374622356495,0.054773082942097,0.564615384615385,0.544186046511628,1,0.496217851739788,0.00150375939849624,0.0351145038167939,0.0415384615384615,1,0.969465648854962,0,0.295454545454545,0.956454121306376,0.0312989045383412,1,0.00159744408945687,0.996932515337423,0.0383435582822086,0.469040247678019,0.0433482810164425,1,0.03725782414307,0.0675675675675676,0.581288343558282,0.936011904761905,0.956989247311828,0.0389805097451274,0.962145110410095,0.00154559505409583,0.639344262295082,0.964777947932619,0.882882882882883,0.511627906976744,0.972602739726027,0.963470319634703,0.00591715976331361,0.12597200622084,0.356576862123613,0.0157728706624606,0.00921658986175115,0.966565349544073,0.299698795180723,0.599383667180277,0,0.984496124031008,0.606875934230194,0.02,0.0765696784073507,1,0.02,0.888888888888889,0.19236641221374,0.0169230769230769,1,0.888888888888889,0.032258064516129,0.00455927051671732,0.00151285930408472,0.967840735068913,0.972477064220184,0.00455927051671732,0.152173913043478,0.1390625,0.964615384615385,0.00303951367781155,0.961180124223602,0.955384615384615,0.221889055472264,0.00152905198776758,0.299392097264438,0.15922619047619,0.969040247678019,0.0496124031007752,0.339089481946625,0.632530120481928,0.938291139240506,0.376923076923077,1,0.00304878048780488,0.00920245398773006,0.942635658914729,0.955357142857143,0.962406015037594,0.00151745068285281,0.0015220700152207,0.501538461538461,0.0016,0.440993788819876,0.0015015015015015,1,1,0.541284403669725,0.545454545454545,0.976780185758514,0.0442073170731707,0.937689969604863,0.57034795763994,0.979876160990712,0.511848341232227,0.0290076335877863,0.570754716981132,0.00155038759689922,0.944024205748865,0.957055214723926,0.641881638846737,0.0136157337367625,0.00613496932515337,0.024232633279483,0.425531914893617,0.00920245398773006,0.50920245398773,0.508527131782946,1,0.917664670658683,0.027231467473525,1,0.516272189349112,0.0835866261398176,0.995341614906832,0.998430141287284,0.057542768273717,0.36248012718601,0.284417549167927,1,0.00303951367781155,0.964232488822653,0.00455235204855842,0.904761904761905,0.0170015455950541,1,0.163884673748103,0.568535825545171,0.0198473282442748,1,0.996860282574568,0.00302571860816944,0.0266457680250784
"98",0.172876304023845,0.167177914110429,0.167427701674277,0.174803149606299,0,0,0,0,0,0,0,0,0,0,0,0,0,0,0,0,0,0.0288753799392097,0.0410334346504559,0,0,0,0,0,0,0,0,0,0,0,0,0,0,0,0,0,0,0,0,0,0,0,0,0.156716417910448,0.176646706586826,0.160572337042925,0.173643410852713,0.00152439024390244,0.604327666151468,0.453703703703704,0,0,0,0.0471841704718417,0,0,0,0,0,0,0,0,0,0,0,0,0.00153609831029186,0.00777604976671851,0,0,0,0,0,0,0,0,0.0224887556221889,0,0,0,0,0,0,0.00153139356814701,0,0.0015527950310559,0,0,0,0.0108024691358025,0,0,0.170694864048338,1,0.819722650231125,0.841940532081377,0.832049306625578,0.708333333333333,0.245801526717557,0.247278382581649,0.855828220858896,0.465361445783133,0.840236686390533,0.843894899536321,0.495412844036697,0.474497681607419,0.168437025796662,0.542296072507553,0.832585949177877,0.820089955022489,0.861538461538462,0.173978819969743,0.207373271889401,0.839150227617602,0.645161290322581,0.203732503888025,0.88646967340591,0.161434977578475,0.825471698113208,0.167974882260597,0.80952380952381,0.682170542635659,0.817365269461078,0.159817351598174,0.811746987951807,0.816568047337278,0.45625,0.234948604992658,0.226100151745068,0.801788375558867,0.213836477987421,0.840245775729647,0.432190760059613,0.199095022624434,0.264931087289433,0.675384615384615,0.197852760736196,0.208333333333333,0.831360946745562,0.772292993630573,0.811059907834101,0.833592534992224,0.820121951219512,0.220059880239521,0.630402384500745,0.447129909365559,0.832565284178187,0.181114551083591,0.43030303030303,0.828926905132193,0.806060606060606,0.176470588235294,0.831306990881459,0.264705882352941,0.789877300613497,0.830534351145038,0.168469860896445,0.231950844854071,0.835365853658537,0.814871016691957,0.836826347305389,0.203363914373089,0.2078125,0.825227963525836,0.74488188976378,0.752688172043011,0.214285714285714,0.825227963525836,0.206738131699847,0.213292117465224,0.701357466063348,0.831845238095238,0.628318584070796,0.736456808199122,0.190108191653787,0.809968847352025,0.611197511664075,0.460843373493976,0.225039619651347,0.597579425113464,0.168195718654434,0.832307692307692,0.822188449848024,0.240121580547112,0.216095380029806,0.216939078751857,0.824508320726172,0.821263482280431,0.523956723338485,0.824561403508772,0.705701078582434,0.81981981981982,0.173252279635258,0.165919282511211,0.48382126348228,0.702954898911353,0.197549770290965,0.820668693009118,0.241691842900302,0.457013574660633,0.19751166407465,0.511627906976744,0.820121951219512,0.583724569640063,0.830534351145038,0.22289156626506,0.206636500754148,0.448795180722892,0.842748091603053,0.849693251533742,0.822327044025157,0.563636363636364,0.823439878234399,0.49925705794948,0.501515151515151,0.156773211567732,0.234074074074074,0.828528072837633,0.173374613003096,0.514115898959881,0.793939393939394,0.174846625766871,0.1671826625387,0.812307692307692,0.610142630744849,0.657657657657658,0.163204747774481,0.834834834834835,0.20414201183432,0.833585476550681,0.26179604261796,0.824850299401198,0.17593984962406,0.745068285280728,0.469953775038521,0.829528158295282,0.158445440956652,0.171032357473035,0.83433734939759,0.855572998430141
"99",0.00626959247648903,0.00470957613814757,0.00469483568075117,0.00476947535771065,0,0,0,0,0,0,0,0,0,0,0,0,0,0,0,0,0,0.0265210608424337,0.0375,0,0,0,0,0,0,0,0,0,0,0,0,0,0,0,0,0,0,0,0,0,0,0,0,0.00619195046439629,0.00618238021638331,0.00646203554119548,0.00482315112540193,0,0.682389937106918,0.517460317460318,0,0,0,0.0546875,0,0,0,0,0,0,0,0,0,0,0,0,0.0031496062992126,0.00803858520900321,0,0,0,0,0,0,0,0,0.032258064516129,0,0,0,0,0,0,0.00159744408945687,0,0.00321543408360129,0,0,0,0.019047619047619,0,0,0.0062111801242236,0.819722650231125,1,0.996742671009772,0.979623824451411,0.793650793650794,0.0689655172413793,0.0853080568720379,0.745283018867924,0.443076923076923,0.974164133738602,0.94794952681388,0.444444444444444,0.482371794871795,0.00618238021638331,0.499227202472952,0.9921875,0.969230769230769,0.963893249607535,0.0078003120124805,0.043956043956044,0.996908809891808,0.708333333333333,0.0494417862838915,0.968102073365231,0.00921658986175115,0.993431855500821,0.0111642743221691,0.974723538704581,0.529411764705882,0.951486697965571,0.008,0.970031545741325,0.938461538461538,0.43338683788122,0.0729483282674772,0.0549450549450549,0.948678071539658,0.040453074433657,0.995184590690209,0.363496932515337,0.0455974842767296,0.122065727699531,0.502369668246445,0.0361635220125786,0.0470957613814757,0.986196319018405,0.867862969004894,0.62200956937799,0.977382875605816,0.982785602503912,0.0429447852760736,0.701863354037267,0.403481012658228,0.993660855784469,0.0220125786163522,0.412130637636081,0.976228209191759,0.913793103448276,0.0062992125984252,0.982919254658385,0.12379421221865,0.799687010954617,0.976190476190476,0.00632911392405063,0.120826709062003,0.971698113207547,0.988976377952756,0.995384615384615,0.0429936305732484,0.0363349131121643,0.988906497622821,0.8384,0.842356687898089,0.0463258785942492,0.990551181102362,0.0528846153846154,0.0526315789473684,0.768160741885626,0.992163009404389,0.699537750385208,0.844036697247706,0.0381558028616852,0.957210776545166,0.660194174757282,0.391849529780564,0.0723472668810289,0.632237871674491,0.00481540930979133,0.993670886075949,0.990683229813665,0.0708661417322835,0.0526315789473684,0.0483619344773791,0.993769470404984,0.99211356466877,0.50386398763524,0.993399339933993,0.549520766773163,0.995426829268293,0.00943396226415094,0.0047244094488189,0.468652037617555,0.457278481012658,0.0268562401263823,0.987381703470032,0.0749601275917065,0.448275862068966,0.0379746835443038,0.510500807754443,0.9640625,0.443381180223285,0.993690851735016,0.0652503793626707,0.0561622464898596,0.350308641975309,0.98256735340729,0.989010989010989,0.969255663430421,0.569875776397516,0.984177215189873,0.507836990595611,0.502354788069074,0.00625,0.0857580398162328,0.968992248062015,0.00483870967741936,0.492331288343558,0.919937205651491,0.0125,0.00956937799043062,0.945945945945946,0.643548387096774,0.719568567026194,0.0060790273556231,0.992223950233281,0.0457317073170732,0.989045383411581,0.108661417322835,0.98116169544741,0.00792393026941363,0.84458398744113,0.454833597464342,0.978260869565217,0.00925925925925926,0.011400651465798,0.990683229813665,0.980769230769231
"100",0,0,0,0,0,0,0,0,0,0,0,0,0,0,0,0,0,0,0,0,0,0.0288,0.043338683788122,0,0,0,0,0,0,0,0,0,0,0,0,0,0,0,0,0,0,0,0,0,0,0,0,0,0,0,0,0,0.692058346839546,0.510603588907015,0,0,0,0.0585443037974684,0,0,0,0,0,0,0,0,0,0,0,0,0.00158478605388273,0.0115321252059308,0,0,0,0,0,0,0,0,0.0316957210776545,0,0,0,0,0,0,0,0,0.00163132137030995,0,0,0,0.0193861066235864,0,0,0.0015748031496063,0.841940532081377,0.996742671009772,1,0.980707395498392,0.793780687397709,0.0650793650793651,0.0786516853932584,0.775974025974026,0.436447166921899,0.979623824451411,0.942903752039152,0.44281045751634,0.462157809983897,0.00160771704180064,0.493650793650794,1,0.962264150943396,0.956521739130435,0.00159489633173844,0.0303030303030303,0.99837925445705,0.710884353741497,0.0420711974110032,0.970540098199673,0.00157232704402516,1,0.00322061191626409,0.964458804523425,0.538709677419355,0.960753532182104,0.00163132137030995,0.96513470681458,0.932917316692668,0.419249592169657,0.0647149460708783,0.0431309904153355,0.962085308056872,0.0308943089430894,0.998407643312102,0.358814352574103,0.0317965023847377,0.114779874213836,0.499189627228525,0.0241545893719807,0.0333863275039746,0.995398773006135,0.862012987012987,0.650326797385621,0.985365853658537,0.991909385113269,0.0269413629160063,0.701095461658842,0.407232704402516,1,0.0160771704180064,0.393188854489164,0.978998384491115,0.917065390749601,0,0.979099678456592,0.108239095315024,0.816129032258065,0.980551053484603,0,0.10459587955626,0.968,0.998422712933754,0.998425196850394,0.0316455696202532,0.0275526742301459,0.99685534591195,0.847290640394089,0.861157024793388,0.036624203821656,0.998417721518987,0.0355411954765751,0.0419354838709677,0.773643410852713,1,0.68621236133122,0.839813374805599,0.0324675324675325,0.951845906902087,0.65415986949429,0.381475667189953,0.0581395348837209,0.6224,0.00160513643659711,0.996784565916399,0.990369181380417,0.0656,0.0436817472698908,0.0388802488335925,1,1,0.5,1,0.563897763578275,1,0.00159235668789809,0.00158478605388273,0.463054187192118,0.476575121163166,0.016025641025641,0.965079365079365,0.0688,0.428571428571429,0.0257234726688103,0.487012987012987,0.969745222929936,0.447882736156352,1,0.0550314465408805,0.0370967741935484,0.335987261146497,0.988853503184713,0.9936,0.973597359735974,0.563981042654028,0.987301587301587,0.488299531981279,0.494417862838915,0,0.0757341576506955,0.9640625,0,0.486656200941915,0.915064102564103,0.00642054574638844,0.00166112956810631,0.948635634028893,0.637417218543046,0.710691823899371,0.0015552099533437,0.996889580093313,0.0342679127725857,0.998397435897436,0.0971337579617834,0.97752808988764,0.00161550888529887,0.837539432176656,0.4368,0.977635782747604,0.00159235668789809,0.00490196078431373,0.998422712933754,0.975609756097561
"101",0.0172955974842767,0.0188383045525903,0.0125391849529781,0.0192616372391653,0,0,0,0,0,0,0,0,0,0,0,0,0,0,0,0,0,0.021671826625387,0.0312989045383412,0,0,0,0,0,0,0,0,0,0,0,0,0,0,0,0,0,0,0,0,0,0,0,0,0.0167427701674277,0.0199386503067485,0.0193236714975845,0.0176565008025682,0,0.68088467614534,0.505511811023622,0,0,0,0.0610328638497653,0,0,0,0,0,0,0,0,0,0,0,0,0.00316957210776545,0.00958466453674121,0,0,0,0,0,0,0,0,0.0344287949921753,0,0,0,0,0,0,0.0015748031496063,0,0.00316957210776545,0,0,0,0.0208,0,0,0.0215716486902928,0.832049306625578,0.979623824451411,0.980707395498392,1,0.787096774193548,0.090625,0.103503184713376,0.737421383647799,0.448012232415902,1,0.977564102564103,0.461661341853035,0.481658692185008,0.021671826625387,0.522550544323484,0.983154670750383,0.986089644513138,0.945859872611465,0.0170015455950541,0.0550314465408805,0.979719188767551,0.731218697829716,0.0608974358974359,0.967948717948718,0.0170278637770898,0.981848184818482,0.0193236714975845,0.945736434108527,0.5376,0.978227060653188,0.0207336523125997,0.958397534668721,0.961948249619482,0.4448,0.0856269113149847,0.0717628705148206,0.9546875,0.0508196721311475,0.977917981072555,0.371559633027523,0.055205047318612,0.137440758293839,0.500789889415482,0.0461783439490446,0.0579937304075235,0.978625954198473,0.882165605095541,0.644094488188976,0.971061093247588,0.972929936305732,0.0589147286821705,0.722308892355694,0.425431711145997,0.980613893376414,0.0345368916797488,0.411402157164869,1,0.935837245696401,0.0158227848101266,0.976152623211447,0.137380191693291,0.794952681388013,0.998402555910543,0.0171875,0.125776397515528,0.990566037735849,0.979907264296754,0.987616099071207,0.0519685039370079,0.0524642289348172,0.980030721966206,0.848,0.862123613312203,0.0603715170278638,0.97984496124031,0.0619047619047619,0.0641025641025641,0.78516228748068,0.978056426332288,0.716257668711656,0.846270928462709,0.0547504025764895,0.941915227629513,0.684126984126984,0.391304347826087,0.0864,0.644094488188976,0.0174603174603175,0.987261146496815,0.970358814352574,0.0907643312101911,0.0683890577507599,0.0629800307219662,0.979813664596273,0.981395348837209,0.515007898894155,0.978583196046129,0.55877616747182,0.978560490045942,0.0185758513931889,0.0170807453416149,0.481889763779528,0.45511811023622,0.0427892234548336,0.954545454545455,0.0909090909090909,0.445669291338583,0.0443740095087163,0.511217948717949,0.98740157480315,0.44408945686901,0.977777777777778,0.0770416024653313,0.0583596214511041,0.352201257861635,0.973101265822785,0.993798449612403,0.996715927750411,0.590266875981162,1,0.517241379310345,0.50392464678179,0.0174050632911392,0.0960365853658537,0.989164086687306,0.01743264659271,0.504658385093168,0.942277691107644,0.0269413629160063,0.0161290322580645,0.966453674121406,0.651050080775444,0.728813559322034,0.0168970814132104,0.982919254658385,0.0553846153846154,0.979559748427673,0.117554858934169,0.996845425867508,0.0199692780337942,0.840944881889764,0.456556082148499,1,0.0220820189274448,0.0161550888529887,0.98310291858679,0.96742671009772
"102",0.222929936305732,0.219709208400646,0.198425196850394,0.218241042345277,0,0,0,0,0,0,0,0,0,0,0,0,0,0,0,0,0,0.0189873417721519,0.0241545893719807,0,0,0,0,0,0,0,0,0,0,0,0,0,0,0,0,0,0,0,0,0,0,0,0,0.221350078492936,0.215873015873016,0.226072607260726,0.208064516129032,0,0.548231511254019,0.414910858995138,0,0,0,0.0444444444444444,0,0,0,0,0,0,0,0,0,0,0,0,0.00323624595469256,0.00643086816720257,0,0,0,0,0,0,0,0,0.0297339593114241,0,0,0,0,0,0,0.00158982511923688,0,0.00324149108589951,0,0,0,0.0163398692810458,0,0,0.215070643642072,0.708333333333333,0.793650793650794,0.793780687397709,0.787096774193548,1,0.278846153846154,0.288743882544861,0.6368,0.554330708661417,0.807453416149068,0.8,0.55877616747182,0.586429725363489,0.217115689381933,0.581102362204724,0.774091627172196,0.796474358974359,0.832543443917852,0.220985691573927,0.250798722044728,0.769230769230769,0.704584040747029,0.266990291262136,0.7776,0.221350078492936,0.791461412151067,0.207357859531773,0.842607313195548,0.545155993431856,0.800947867298578,0.219709208400646,0.838862559241706,0.775351014040562,0.564437194127243,0.273846153846154,0.24483306836248,0.748815165876777,0.246376811594203,0.783387622149837,0.425897035881435,0.246006389776358,0.287781350482315,0.507223113964687,0.245614035087719,0.253543307086614,0.768273716951788,0.947107438016529,0.572347266881029,0.774671052631579,0.769854132901134,0.259842519685039,0.719874804381847,0.559294871794872,0.784539473684211,0.232633279483037,0.5375,0.793831168831169,0.781299524564184,0.209003215434084,0.837925445705024,0.314009661835749,0.7392,0.797488226059655,0.214516129032258,0.311793214862682,0.814102564102564,0.782747603833866,0.76813880126183,0.23961661341853,0.270799347471452,0.768025078369906,0.704472843450479,0.697933227344992,0.241324921135647,0.784929356357928,0.258426966292135,0.259677419354839,0.658499234303216,0.780757097791798,0.709175738724728,1,0.235294117647059,0.882067851373183,0.700325732899023,0.480952380952381,0.278877887788779,0.669316375198728,0.213141025641026,0.761047463175123,0.805152979066023,0.274322169059011,0.251533742331288,0.251170046801872,0.779527559055118,0.786729857819905,0.614035087719298,0.797364085667216,0.561174551386623,0.773790951638066,0.211783439490446,0.205928237129485,0.579710144927536,0.500805152979066,0.247603833865815,0.778649921507064,0.263157894736842,0.551020408163265,0.230769230769231,0.608695652173913,0.795562599049128,0.473257698541329,0.77491961414791,0.297339593114241,0.254372019077901,0.403100775193798,0.779527559055118,0.793322734499205,0.804597701149425,0.660883280757098,0.786392405063291,0.611821086261981,0.604133545310016,0.220967741935484,0.292452830188679,0.805946791862285,0.21656050955414,0.64018691588785,0.805337519623234,0.206730769230769,0.219709208400646,0.820097244732577,0.695364238410596,0.699212598425197,0.2078125,0.780410742496051,0.253521126760563,0.783094098883573,0.293650793650794,0.808612440191388,0.204081632653061,0.998402555910543,0.571656050955414,0.804761904761905,0.225196850393701,0.208130081300813,0.79304897314376,0.818780889621087
"103",0.937984496124031,0.930340557275542,0.931782945736434,0.932584269662921,0,0,0,0,0,0,0,0,0,0,0,0,0,0,0,0,0,0.0015748031496063,0.0015748031496063,0,0,0,0,0,0,0,0,0,0,0,0,0,0,0,0,0,0,0,0,0,0,0,0,0.932721712538226,0.9258114374034,0.927066450567261,0.929712460063898,0.00156494522691706,0.0476947535771065,0.0361635220125786,0,0,0,0.0062111801242236,0,0,0,0,0,0,0,0,0,0,0,0,0.0015600624024961,0,0,0,0,0,0,0,0,0,0.0031104199066874,0,0,0,0,0,0,0,0,0.00157728706624606,0,0,0,0.00318979266347687,0,0,0.928792569659443,0.245801526717557,0.0689655172413793,0.0650793650793651,0.090625,0.278846153846154,1,1,0.31974921630094,0.644615384615385,0.0968229954614221,0.120443740095087,0.643659711075441,0.607874015748031,0.932496075353218,0.604327666151468,0.0757341576506955,0.0944272445820433,0.113924050632911,0.927357032457496,0.966719492868463,0.0706436420722135,0.377450980392157,0.995161290322581,0.0888888888888889,0.925925925925926,0.0621931260229133,0.930047694753577,0.117554858934169,0.5232,0.106317411402157,0.927330173775671,0.100470957613815,0.122670807453416,0.649842271293375,0.958966565349544,0.9609375,0.0969230769230769,0.968102073365231,0.0692913385826772,0.673343605546995,0.966981132075472,0.902973395931142,0.559485530546624,0.963665086887836,0.964506172839506,0.0701219512195122,0.191558441558442,0.418238993710692,0.0744336569579288,0.0758293838862559,0.975572519083969,0.379471228615863,0.663522012578616,0.073482428115016,0.950949367088608,0.670769230769231,0.0836012861736334,0.153364632237872,0.931142410015649,0.0937996820349762,0.931746031746032,0.263157894736842,0.083596214511041,0.937007874015748,0.8703125,0.101587301587302,0.0676100628930818,0.0588235294117647,0.962382445141066,0.968503937007874,0.0638629283489097,0.2112,0.200315457413249,0.973724884080371,0.0726429675425039,0.973143759873618,0.974358974358974,0.280245022970904,0.0717628705148206,0.378461538461538,0.221719457013575,0.960063897763578,0.122448979591837,0.41390205371248,0.685271317829457,0.985148514851485,0.447368421052632,0.929133858267717,0.0671875,0.0753532182103611,0.944267515923567,0.97112462006079,0.964230171073095,0.0639625585023401,0.0595611285266458,0.576138147566719,0.0604575163398693,0.495268138801262,0.0745341614906832,0.932707355242567,0.932917316692668,0.612852664576803,0.580188679245283,0.971786833855799,0.100308641975309,0.889922480620155,0.636785162287481,0.929797191887676,0.580906148867314,0.0925925925925926,0.587025316455696,0.0744849445324881,0.953846153846154,0.962204724409449,0.683641975308642,0.082018927444795,0.0697674418604651,0.0952380952380952,0.518518518518518,0.0686427457098284,0.575617283950617,0.586750788643533,0.932601880877743,0.972350230414747,0.0984615384615385,0.931464174454829,0.575987841945289,0.1421875,0.936532507739938,0.927652733118971,0.123595505617978,0.44299674267101,0.36979969183359,0.930981595092024,0.073094867807154,0.964831804281346,0.0709876543209877,0.921875,0.0821705426356589,0.927330173775671,0.2296875,0.631911532385466,0.0807453416149068,0.933649289099526,0.934959349593496,0.0698757763975155,0.0827922077922078
"104",0.921135646687697,0.919614147909968,0.913539967373573,0.920255183413078,0,0,0,0,0,0,0,0,0,0,0,0,0,0,0,0,0,0.00158227848101266,0.00156494522691706,0,0,0,0,0,0,0,0,0,0,0,0,0,0,0,0,0,0,0,0,0,0,0,0,0.921296296296296,0.914196567862715,0.917341977309562,0.917207792207792,0.00161290322580645,0.0559105431309904,0.0412698412698413,0,0,0,0.00949367088607595,0,0,0,0,0,0,0,0,0,0,0,0,0.00160513643659711,0,0,0,0,0,0,0,0,0,0.00626959247648903,0,0,0,0,0,0,0,0,0.00162866449511401,0,0,0,0.00481540930979133,0,0,0.917591125198098,0.247278382581649,0.0853080568720379,0.0786516853932584,0.103503184713376,0.288743882544861,1,1,0.312302839116719,0.663026521060842,0.110248447204969,0.141233766233766,0.653968253968254,0.615629984051037,0.915335463258786,0.629160063391442,0.0909090909090909,0.105845181674566,0.118589743589744,0.912420382165605,0.9629057187017,0.0826833073322933,0.379487179487179,0.983948635634029,0.104501607717042,0.909810126582278,0.0816666666666667,0.919354838709677,0.12480252764613,0.507223113964687,0.121069182389937,0.908360128617363,0.121835443037975,0.141287284144427,0.675806451612903,0.945904173106646,0.946287519747235,0.107476635514019,0.959415584415584,0.0837359098228663,0.675465838509317,0.9671875,0.892063492063492,0.536348949919225,0.952904238618524,0.951181102362205,0.0844854070660522,0.216260162601626,0.40952380952381,0.0897226753670473,0.0913385826771654,0.964506172839506,0.394126738794436,0.680817610062893,0.0827922077922078,0.93900481540931,0.695447409733124,0.0967741935483871,0.159744408945687,0.917197452229299,0.101426307448494,0.920967741935484,0.274881516587678,0.1008,0.923566878980892,0.873015873015873,0.12480252764613,0.0814696485623003,0.0769230769230769,0.958532695374801,0.961290322580645,0.0772870662460568,0.218241042345277,0.20650406504065,0.970826580226904,0.0890625,0.967845659163987,0.964686998394864,0.291139240506329,0.0846394984326019,0.385093167701863,0.234206471494607,0.951377633711507,0.136217948717949,0.419512195121951,0.681318681318681,0.991610738255034,0.45583596214511,0.9185303514377,0.082670906200318,0.0825396825396825,0.934169278996865,0.964939024390244,0.955038759689922,0.0770440251572327,0.0821256038647343,0.587677725118483,0.0801963993453355,0.462783171521036,0.0867507886435331,0.919093851132686,0.919558359621451,0.63275039745628,0.558544303797468,0.951923076923077,0.110248447204969,0.865293185419968,0.650470219435737,0.911717495987159,0.604838709677419,0.109350237717908,0.5536,0.0865384615384615,0.945482866043614,0.954113924050633,0.6734375,0.0920634920634921,0.0806962025316456,0.110569105691057,0.530326594090202,0.0851735015772871,0.595645412130638,0.605769230769231,0.9168,0.959938366718028,0.1198738170347,0.922222222222222,0.609717868338558,0.162379421221865,0.92515923566879,0.913461538461538,0.146964856230032,0.448220064724919,0.380503144654088,0.916537867078825,0.0863422291993721,0.954828660436137,0.0842607313195548,0.917851500789889,0.0881410256410256,0.914149443561208,0.2448,0.658064516129032,0.0901898734177215,0.91937984496124,0.920840064620355,0.0830721003134796,0.0852090032154341
"105",0.229329173166927,0.244131455399061,0.256211180124224,0.253588516746411,0,0,0,0,0,0,0,0,0,0,0,0,0,0,0,0,0,0.0261941448382126,0.0373250388802488,0,0,0,0,0,0,0,0,0,0,0,0,0,0,0,0,0,0,0,0,0,0,0,0,0.240181268882175,0.238095238095238,0.239482200647249,0.2432,0.0015748031496063,0.529042386185243,0.404984423676012,0,0,0,0.0405616224648986,0,0,0,0,0,0,0,0,0,0,0,0,0.00156739811912226,0.00634920634920635,0,0,0,0,0,0,0,0,0.0186046511627907,0,0,0,0,0,0,0,0,0.00157728706624606,0,0,0,0.0111642743221691,0,0,0.232415902140673,0.855828220858896,0.745283018867924,0.775974025974026,0.737421383647799,0.6368,0.31974921630094,0.312302839116719,1,0.48698315467075,0.757207890743551,0.764135702746365,0.511006289308176,0.498412698412698,0.25077399380805,0.56030534351145,0.753822629969419,0.757716049382716,0.771293375394322,0.254290171606864,0.286585365853659,0.758461538461538,0.631229235880399,0.273449920508744,0.78594249201278,0.240369799691834,0.742671009771987,0.24390243902439,0.727131782945736,0.72275641025641,0.737654320987654,0.255520504731861,0.738654147104851,0.73587786259542,0.487261146496815,0.314503816793893,0.31911532385466,0.721538461538462,0.277324632952692,0.75516693163752,0.466666666666667,0.269170579029734,0.335413416536661,0.750798722044728,0.266975308641975,0.280811232449298,0.762481089258699,0.706924315619968,1,0.742351046698873,0.75625,0.3109375,0.619847328244275,0.461778471138846,0.761513157894737,0.281889763779528,0.476335877862595,0.75,0.7515625,0.238317757009346,0.743390357698289,0.341732283464567,0.72755905511811,0.758241758241758,0.251592356687898,0.315541601255887,0.757433489827856,0.736923076923077,0.753067484662577,0.277165354330709,0.279179810725552,0.743348982785602,0.707936507936508,0.700315457413249,0.286384976525822,0.744582043343653,0.293375394321767,0.293929712460064,0.68030303030303,0.763157894736842,0.621913580246914,0.670731707317073,0.252396166134185,0.721958925750395,0.590837282780411,0.480739599383667,0.3042071197411,0.579365079365079,0.248811410459588,0.751962323390895,0.743710691823899,0.304075235109718,0.291858678955453,0.309815950920245,0.7453125,0.725677830940989,0.516587677725118,0.726973684210526,0.733333333333333,0.75920245398773,0.248818897637795,0.252293577981651,0.494556765163297,0.647515527950311,0.278560250391236,0.743827160493827,0.326053042121685,0.473684210526316,0.27115987460815,0.515151515151515,0.755868544600939,0.637658227848101,0.749603803486529,0.29984544049459,0.283489096573209,0.489984591679507,0.745736434108527,0.765079365079365,0.747967479674797,0.568075117370892,0.75,0.503888024883359,0.512539184952978,0.233176838810642,0.321752265861027,0.727411944869832,0.249609984399376,0.520801232665639,0.720247295208655,0.245696400625978,0.246006389776358,0.743630573248408,0.597738287560582,0.634674922600619,0.253048780487805,0.747648902821317,0.264525993883792,0.749608763693271,0.336434108527132,0.748043818466354,0.24294670846395,0.679186228482003,0.490566037735849,0.757387247278383,0.236593059936909,0.257281553398058,0.74079754601227,0.747217806041335
"106",0.563552833078101,0.552833078101072,0.564296520423601,0.575427682737169,0,0,0,0,0,0,0,0,0,0,0,0,0,0,0,0,0,0.00758725341426404,0.0093167701863354,0,0,0,0,0,0,0,0,0,0,0,0,0,0,0,0,0,0,0,0,0,0,0,0,0.558997050147493,0.57034795763994,0.579029733959311,0.552425665101721,0.00153609831029186,0.298165137614679,0.219284603421462,0,0,0,0.0183206106870229,0,0,0,0,0,0,0,0,0,0,0,0,0,0,0,0,0,0,0,0,0,0,0.00597014925373134,0,0,0,0,0,0,0,0,0,0,0,0,0.0046656298600311,0,0,0.569069069069069,0.465361445783133,0.443076923076923,0.436447166921899,0.448012232415902,0.554330708661417,0.644615384615385,0.663026521060842,0.48698315467075,1,0.440119760479042,0.5,1,0.984301412872841,0.568147013782542,0.800904977375566,0.448170731707317,0.475683890577508,0.482225656877898,0.572727272727273,0.585780525502318,0.443076923076923,0.756888168557536,0.626771653543307,0.437596302003082,0.551515151515152,0.405144694533762,0.5625,0.477519379844961,0.536209553158706,0.487951807228916,0.577399380804954,0.477203647416413,0.517397881996974,0.984591679506934,0.577777777777778,0.597243491577335,0.426204819277108,0.587025316455696,0.43778801843318,0.548872180451128,0.598784194528875,0.572085889570552,0.531446540880503,0.576631259484067,0.575342465753425,0.445427728613569,0.533965244865719,0.518633540372671,0.419003115264797,0.451162790697674,0.593373493975904,0.754147812971342,0.98,0.447900466562986,0.571865443425077,0.977544910179641,0.44,0.515105740181269,0.576036866359447,0.456488549618321,0.668702290076336,0.490769230769231,0.451219512195122,0.568147013782542,0.70398773006135,0.484756097560976,0.433130699088146,0.408748114630468,0.58179012345679,0.589783281733746,0.439393939393939,0.444617784711388,0.451313755795981,0.595744680851064,0.428139183055976,0.599690880989181,0.599071207430341,0.464071856287425,0.435114503816794,0.75,0.523529411764706,0.587326120556414,0.474497681607419,0.769349845201238,0.707831325301205,0.631746031746032,0.835147744945568,0.57469512195122,0.404615384615385,0.441221374045802,0.573795180722892,0.600299401197605,0.608888888888889,0.427921092564492,0.42185128983308,0.970948012232416,0.452648475120385,0.540909090909091,0.450682852807284,0.572948328267477,0.558103975535168,0.979907264296754,0.497674418604651,0.585889570552147,0.457186544342508,0.564759036144578,0.986567164179105,0.58887171561051,0.969936708860759,0.457317073170732,0.517665130568356,0.442546583850932,0.598496240601504,0.604938271604938,0.562686567164179,0.458841463414634,0.434312210200927,0.452418096723869,0.908952959028832,0.440729483282675,0.975903614457831,0.984825493171472,0.570776255707763,0.647761194029851,0.471471471471471,0.550769230769231,0.971342383107089,0.533950617283951,0.571428571428571,0.548031496062992,0.508500772797527,0.846635367762128,0.745068285280728,0.56,0.427503736920777,0.599402092675635,0.41820987654321,0.594180704441041,0.452307692307692,0.554531490015361,0.544186046511628,0.984615384615385,0.470229007633588,0.568807339449541,0.553125,0.441791044776119,0.464396284829721
"107",0.0182926829268293,0.0154083204930663,0.0121580547112462,0.0188383045525903,0,0,0,0,0,0,0,0,0,0,0,0,0,0,0,0,0,0.0289193302891933,0.0393343419062027,0,0,0,0,0,0,0,0,0,0,0,0,0,0,0,0,0,0,0,0,0,0,0,0,0.0164424514200299,0.021021021021021,0.0203761755485893,0.0187793427230047,0,0.685670261941448,0.514637904468413,0,0,0,0.0592705167173252,0,0,0,0,0,0,0,0,0,0,0,0,0.00152439024390244,0.0108695652173913,0,0,0,0,0,0,0,0,0.0276923076923077,0,0,0,0,0,0,0,0,0.0015527950310559,0,0,0,0.0124223602484472,0,0,0.0196374622356495,0.840236686390533,0.974164133738602,0.979623824451411,1,0.807453416149068,0.0968229954614221,0.110248447204969,0.757207890743551,0.440119760479042,1,0.967840735068913,0.455246913580247,0.47906976744186,0.0197869101978691,0.515151515151515,0.981818181818182,0.982008995502249,0.943251533742331,0.016566265060241,0.0578386605783866,0.978361669242658,0.7152,0.0672926447574335,0.971830985915493,0.019578313253012,0.982428115015974,0.0202808112324493,0.940639269406393,0.555209953343701,0.977477477477477,0.0202177293934681,0.958652373660031,0.953172205438066,0.438948995363215,0.0911808669656203,0.0712121212121212,0.939169139465875,0.0556414219474498,0.978527607361963,0.376681614349776,0.0598159509202454,0.137404580152672,0.519319938176198,0.044478527607362,0.0582089552238806,0.974550898203593,0.890127388535032,0.658878504672897,0.965996908809892,0.969040247678019,0.0611940298507463,0.709969788519637,0.418711656441718,0.977987421383648,0.0351145038167939,0.404511278195489,1,0.940184049079755,0.0168195718654434,0.978625954198473,0.134674922600619,0.806106870229008,1,0.0169491525423729,0.12788906009245,0.989296636085627,0.977341389728097,0.988059701492537,0.0556414219474498,0.0543478260869565,0.975757575757576,0.834633385335413,0.857361963190184,0.0583832335329341,0.983383685800604,0.0635658914728682,0.0684931506849315,0.776296296296296,0.977168949771689,0.712369597615499,0.857997010463378,0.0530421216848674,0.932618683001531,0.680916030534351,0.381598793363499,0.0877742946708464,0.640791476407915,0.0168711656441718,0.987730061349693,0.966309341500766,0.088145896656535,0.0728083209509658,0.0616541353383459,0.980243161094225,0.981762917933131,0.515290519877676,0.980922098569157,0.58,0.979073243647235,0.0181818181818182,0.0180451127819549,0.466049382716049,0.476263399693721,0.0476190476190476,0.951293759512938,0.099388379204893,0.445454545454545,0.0511627906976744,0.502362204724409,0.989312977099237,0.4578125,0.978361669242658,0.08649468892261,0.0672782874617737,0.362962962962963,0.972434915773354,0.995426829268293,0.995305164319249,0.59304084720121,1,0.508396946564886,0.506849315068493,0.0184331797235023,0.0971599402092676,0.986526946107784,0.0180995475113122,0.494047619047619,0.931818181818182,0.0276923076923077,0.0140625,0.964451313755796,0.655763239875389,0.717065868263473,0.0133729569093611,0.985029940119761,0.0594353640416048,0.977443609022556,0.124620060790274,0.995461422087746,0.0212765957446809,0.858447488584475,0.452599388379205,1,0.0212121212121212,0.0171606864274571,0.980683506686478,0.965244865718799
"108",0.0519685039370079,0.0496,0.0429252782193959,0.0533117932148627,0,0,0,0,0,0,0,0,0,0,0,0,0,0,0,0,0,0.023696682464455,0.035031847133758,0,0,0,0,0,0,0,0,0,0,0,0,0,0,0,0,0,0,0,0,0,0,0,0,0.0511627906976744,0.0478395061728395,0.054635761589404,0.0467741935483871,0,0.652312599681021,0.492868462757528,0,0,0,0.0574534161490683,0,0,0,0,0,0,0,0,0,0,0,0,0.00321027287319422,0.00815660685154975,0,0,0,0,0,0,0,0,0.0313479623824451,0,0,0,0,0,0,0.00157977883096367,0,0.00320512820512821,0,0,0,0.0177705977382876,0,0,0.054773082942097,0.843894899536321,0.94794952681388,0.942903752039152,0.977564102564103,0.8,0.120443740095087,0.141233766233766,0.764135702746365,0.5,0.967840735068913,1,0.489533011272142,0.534201954397394,0.0552922590837283,0.544303797468354,0.957613814756672,1,0.9296,0.045958795562599,0.0875796178343949,0.955056179775281,0.772344013490725,0.0917874396135266,0.937898089171974,0.0465116279069767,0.948333333333333,0.053921568627451,0.927652733118971,0.556982343499197,0.9609375,0.0523731587561375,0.933438985736926,0.987673343605547,0.491027732463295,0.115740740740741,0.107255520504732,0.907120743034056,0.0894308943089431,0.947619047619048,0.393416927899687,0.0834645669291339,0.159744408945687,0.524271844660194,0.0782747603833866,0.0861244019138756,0.947449768160742,0.88379705400982,0.662379421221865,0.937704918032787,0.942492012779553,0.0927672955974843,0.763975155279503,0.471061093247588,0.943639291465378,0.063391442155309,0.465625,0.974358974358974,0.925,0.0484652665589661,0.960191082802548,0.166666666666667,0.775444264943457,0.9712,0.0492063492063492,0.180511182108626,0.9952,0.940988835725678,0.956318252730109,0.0806962025316456,0.0861788617886179,0.94408945686901,0.812199036918138,0.82875605815832,0.0923566878980892,0.948517940717629,0.0875202593192869,0.094551282051282,0.750390015600624,0.94679186228482,0.758942457231726,0.846986089644513,0.0852090032154341,0.91025641025641,0.72875816993464,0.405023547880691,0.11404958677686,0.69551282051282,0.0446570972886762,0.952845528455285,0.93968253968254,0.119236883942766,0.101669195751138,0.0917721518987342,0.943307086614173,0.947368421052632,0.569157392686804,0.954697986577181,0.58908507223114,0.950233281493002,0.0509554140127389,0.046031746031746,0.515923566878981,0.500815660685155,0.0749601275917065,0.927215189873418,0.124416796267496,0.498427672955975,0.0814696485623003,0.550161812297735,0.963949843260188,0.467532467532468,0.943820224719101,0.103125,0.0937996820349762,0.374213836477987,0.941935483870968,0.965023847376789,0.983579638752053,0.643081761006289,0.969502407704655,0.567353407290016,0.558544303797468,0.0508744038155803,0.127105666156202,0.992199687987519,0.0513643659711075,0.544323483670295,0.966507177033493,0.0572337042925278,0.0426229508196721,0.972312703583062,0.692682926829268,0.756671899529042,0.0510835913312693,0.94794952681388,0.0835913312693498,0.94811320754717,0.14968152866242,0.977707006369427,0.0512422360248447,0.850961538461538,0.507936507936508,0.97444089456869,0.0579029733959311,0.0443349753694581,0.946372239747634,0.947452229299363
"109",0.553125,0.550239234449761,0.560126582278481,0.567307692307692,0,0,0,0,0,0,0,0,0,0,0,0,0,0,0,0,0,0.0110759493670886,0.0110062893081761,0,0,0,0,0,0,0,0,0,0,0,0,0,0,0,0,0,0,0,0,0,0,0,0,0.556240369799692,0.558823529411765,0.56260162601626,0.541062801932367,0.00156985871271586,0.315372424722662,0.228525121555916,0,0,0,0.0272,0,0,0,0,0,0,0,0,0,0,0,0,0,0.00160513643659711,0,0,0,0,0,0,0,0,0.0125786163522013,0,0,0,0,0,0,0,0,0,0,0,0,0.00805152979066022,0,0,0.564615384615385,0.495412844036697,0.444444444444444,0.44281045751634,0.461661341853035,0.55877616747182,0.643659711075441,0.653968253968254,0.511006289308176,1,0.455246913580247,0.489533011272142,1,0.918269230769231,0.564465408805031,0.782334384858044,0.452713178294574,0.475743348982786,0.504,0.570093457943925,0.572100313479624,0.446540880503145,0.73,0.606796116504854,0.44888178913738,0.552959501557632,0.408196721311475,0.552504038772213,0.4816,0.595846645367412,0.496124031007752,0.562998405103668,0.483412322274882,0.514866979655712,0.921474358974359,0.570762052877138,0.593167701863354,0.436420722135008,0.581993569131833,0.43879173290938,0.527692307692308,0.604395604395604,0.568965517241379,0.601286173633441,0.584251968503937,0.572784810126582,0.456488549618321,0.533117932148627,0.553945249597424,0.431596091205212,0.462264150943396,0.585139318885449,0.728549141965679,0.916139240506329,0.452188006482982,0.560629921259843,0.920807453416149,0.453821656050955,0.533858267716535,0.563694267515924,0.468998410174881,0.655502392344498,0.5718901453958,0.456,0.565079365079365,0.686708860759494,0.4896331738437,0.434645669291339,0.409937888198758,0.564668769716088,0.584394904458599,0.449139280125196,0.451456310679612,0.453225806451613,0.590837282780411,0.4399375975039,0.592233009708738,0.59967845659164,0.482866043613707,0.435054773082942,0.720247295208655,0.526073619631902,0.591054313099042,0.476874003189793,0.75,0.715179968701095,0.622331691297209,0.802547770700637,0.56043956043956,0.414239482200647,0.45511811023622,0.582417582417582,0.595712098009188,0.60625,0.428571428571429,0.434850863422292,0.908372827804107,0.459901800327332,0.593949044585987,0.468118195956454,0.554868624420402,0.559055118110236,0.9184,0.515923566878981,0.592417061611374,0.477777777777778,0.564742589703588,0.928012519561815,0.584541062801932,0.905073649754501,0.46031746031746,0.570048309178744,0.440705128205128,0.611801242236025,0.603174603174603,0.556414219474498,0.462757527733756,0.43859649122807,0.462418300653595,0.8609375,0.449367088607595,0.922480620155039,0.923676012461059,0.574132492113565,0.650077760497667,0.4765625,0.552674230145867,0.910769230769231,0.529133858267717,0.573482428115016,0.550819672131148,0.508943089430894,0.802631578947368,0.710077519379845,0.553516819571865,0.434782608695652,0.588957055214724,0.422118380062305,0.580542264752791,0.466248037676609,0.554848966613672,0.552166934189406,0.918238993710692,0.469291338582677,0.5703125,0.54885993485342,0.440993788819876,0.45928338762215
"110",0.534072900158479,0.523125996810207,0.527821939586645,0.535031847133758,0,0,0,0,0,0,0,0,0,0,0,0,0,0,0,0,0,0.0110236220472441,0.0125984251968504,0,0,0,0,0,0,0,0,0,0,0,0,0,0,0,0,0,0,0,0,0,0,0,0,0.528125,0.539906103286385,0.550653594771242,0.517628205128205,0,0.330658105939005,0.253634894991922,0,0,0,0.0299684542586751,0,0,0,0,0,0,0,0,0,0,0,0,0.00159235668789809,0.0016366612111293,0,0,0,0,0,0,0,0,0.0172413793103448,0,0,0,0,0,0,0,0,0.00161550888529887,0,0,0,0.0146103896103896,0,0,0.544186046511628,0.474497681607419,0.482371794871795,0.462157809983897,0.481658692185008,0.586429725363489,0.607874015748031,0.615629984051037,0.498412698412698,0.984301412872841,0.47906976744186,0.534201954397394,0.918269230769231,1,0.531746031746032,0.797822706065319,0.482003129890454,0.509463722397476,0.507987220447284,0.547169811320755,0.560821484992101,0.475279106858054,0.772802653399668,0.588045234248788,0.472089314194577,0.516431924882629,0.439469320066335,0.540098199672668,0.5086887835703,0.536704730831974,0.5140625,0.536231884057971,0.5,0.537007874015748,0.969502407704655,0.567119155354449,0.576923076923077,0.455259026687598,0.563517915309446,0.468497576736672,0.546707503828484,0.575516693163752,0.557877813504823,0.530546623794212,0.554140127388535,0.552215189873418,0.476407914764079,0.565853658536585,0.529886914378029,0.443181818181818,0.481178396072013,0.561320754716981,0.780373831775701,0.971473851030111,0.473856209150327,0.539184952978056,0.962145110410095,0.465378421900161,0.534700315457413,0.541269841269841,0.489731437598736,0.660194174757282,0.493610223642172,0.471246006389776,0.529411764705882,0.668238993710692,0.514469453376206,0.462025316455696,0.445482866043614,0.559105431309904,0.565640194489465,0.462875197472354,0.480327868852459,0.48006379585327,0.57007874015748,0.466141732283465,0.578947368421053,0.579032258064516,0.492138364779874,0.471048513302034,0.76791277258567,0.56793893129771,0.560457516339869,0.503194888178914,0.7856,0.709119496855346,0.620805369127517,0.860979462875197,0.541009463722397,0.433811802232855,0.4688995215311,0.560250391236307,0.574074074074074,0.591549295774648,0.462903225806452,0.447619047619048,0.996825396825397,0.488599348534202,0.5456,0.483516483516484,0.542857142857143,0.528481012658228,0.995184590690209,0.48966613672496,0.548644338118022,0.482704402515723,0.540284360189573,0.988976377952756,0.559485530546624,1,0.4770206022187,0.511254019292605,0.48130081300813,0.575039494470774,0.575757575757576,0.556426332288401,0.4816,0.468553459119497,0.480327868852459,0.928343949044586,0.468152866242038,0.9984375,0.980861244019139,0.546603475513428,0.624036979969183,0.506329113924051,0.519747235387046,0.952743902439024,0.560192616372392,0.543307086614173,0.517915309446254,0.528089887640449,0.864686468646865,0.765258215962441,0.527863777089783,0.455399061032864,0.570769230769231,0.458860759493671,0.577464788732394,0.485623003194888,0.514150943396226,0.582677165354331,1,0.505460218408736,0.541213063763608,0.523577235772358,0.470125786163522,0.492659053833605
"111",0.998447204968944,0.998449612403101,0.998432601880878,0.996805111821086,0,0,0,0,0,0,0,0,0,0,0,0,0,0,0,0,0,0,0,0,0,0,0,0,0,0,0,0,0,0,0,0,0,0,0,0,0,0,0,0,0,0,0,0.998484848484849,0.998468606431853,0.9984,0.996789727126806,0.00158478605388273,0,0,0,0,0,0,0,0,0,0,0,0,0,0,0,0,0,0,0,0,0,0,0,0,0,0,0,0,0,0,0,0,0,0,0,0,0,0,0,0,0,0,0,0,1,0.168437025796662,0.00618238021638331,0.00160771704180064,0.021671826625387,0.217115689381933,0.932496075353218,0.915335463258786,0.25077399380805,0.568147013782542,0.0197869101978691,0.0552922590837283,0.564465408805031,0.531746031746032,1,0.501547987616099,0.00154559505409583,0.0367534456355283,0.0455974842767296,1,0.967289719626168,0,0.290484140233723,0.955128205128205,0.0236220472440945,1,0.00163934426229508,0.996815286624204,0.0447530864197531,0.461661341853035,0.0404354587869362,1,0.0352220520673813,0.0598159509202454,0.572784810126582,0.931297709923664,0.9546875,0.0386996904024768,0.963492063492064,0.00156739811912226,0.637747336377473,0.96411856474259,0.8734375,0.494539781591264,0.968652037617555,0.962962962962963,0.00764525993883792,0.130645161290323,0.35625,0.0158478605388273,0.0093603744149766,0.965891472868217,0.291603053435115,0.601255886970173,0,0.985981308411215,0.606707317073171,0.0205371248025276,0.0713178294573643,1,0.0139103554868624,0.893081761006289,0.204081632653061,0.0156494522691706,1,0.896389324960754,0.0279937791601866,0.00464396284829721,0.00152671755725191,0.966929133858268,0.971428571428571,0.00460122699386503,0.146456692913386,0.131121642969984,0.961059190031153,0.00154320987654321,0.957278481012658,0.952755905511811,0.211981566820276,0.00155038759689922,0.307575757575758,0.16236722306525,0.965244865718799,0.061128526645768,0.335974643423138,0.618461538461539,0.93042071197411,0.36734693877551,1,0.00313971742543171,0.0093167701863354,0.932496075353218,0.953030303030303,0.957957957957958,0.00154559505409583,0.0015552099533437,0.496923076923077,0.00163934426229508,0.433903576982893,0.00154083204930663,1,1,0.545023696682464,0.528682170542636,0.975384615384615,0.040625,0.923676012461059,0.565950920245399,0.973186119873817,0.51188589540412,0.0308166409861325,0.552,0.00157728706624606,0.93603744149766,0.956454121306376,0.652905198776758,0.0153846153846154,0.00924499229583975,0.0246710526315789,0.431007751937985,0.00914634146341463,0.5,0.509316770186335,1,0.918674698795181,0.0290076335877863,1,0.513761467889908,0.08125,0.995305164319249,0.998402555910543,0.05103668261563,0.359300476947536,0.284178187403994,1,0.00462249614791988,0.961890243902439,0.0046656298600311,0.896551724137931,0.0186625194401244,1,0.163009404388715,0.549450549450549,0.0218408736349454,1,0.996789727126806,0.00307692307692308,0.028892455858748
"112",0.490045941807044,0.5,0.500756429652042,0.503134796238245,0,0,0,0,0,0,0,0,0,0,0,0,0,0,0,0,0,0.0122699386503067,0.0124610591900312,0,0,0,0,0,0,0,0,0,0,0,0,0,0,0,0,0,0,0,0,0,0,0,0,0.505343511450382,0.497709923664122,0.507020280811232,0.496012759170654,0.0015552099533437,0.357698289269051,0.271186440677966,0,0,0,0.0289193302891933,0,0,0,0,0,0,0,0,0,0,0,0,0.00153846153846154,0.00321543408360129,0,0,0,0,0,0,0,0,0.0168970814132104,0,0,0,0,0,0,0,0,0.00155038759689922,0,0,0,0.0110062893081761,0,0,0.496217851739788,0.542296072507553,0.499227202472952,0.493650793650794,0.522550544323484,0.581102362204724,0.604327666151468,0.629160063391442,0.56030534351145,0.800904977375566,0.515151515151515,0.544303797468354,0.782334384858044,0.797822706065319,0.501547987616099,1,0.494607087827427,0.520610687022901,0.538699690402477,0.508474576271186,0.529141104294479,0.495398773006135,0.746688741721854,0.568720379146919,0.521806853582555,0.498493975903614,0.476947535771065,0.503154574132492,0.527301092043682,0.551617873651772,0.552352048558422,0.4984375,0.532428355957768,0.559633027522936,0.796529968454259,0.535232383808096,0.543887147335423,0.490106544901065,0.527646129541864,0.509375,0.527272727272727,0.535987748851455,0.52803738317757,0.607255520504732,0.528125,0.517345399698341,0.506726457399103,0.590551181102362,0.574803149606299,0.477777777777778,0.507109004739337,0.548632218844985,0.719939117199391,0.786604361370717,0.49607535321821,0.52112676056338,0.790769230769231,0.458786936236392,0.573394495412844,0.4921875,0.515384615384615,0.610675039246468,0.542372881355932,0.516380655226209,0.5,0.59375,0.53405572755418,0.5,0.484894259818731,0.521604938271605,0.535714285714286,0.503852080123267,0.525157232704403,0.511700468018721,0.5265625,0.476923076923077,0.538102643856921,0.5390625,0.519025875190259,0.499231950844854,0.732824427480916,0.569506726457399,0.529968454258675,0.514913657770801,0.728971962616822,0.650986342943854,0.557692307692308,0.801872074882995,0.500780031201248,0.481481481481481,0.502332814930016,0.529503105590062,0.54585798816568,0.563718140929535,0.497681607418856,0.486821705426357,0.805255023183926,0.515297906602254,0.56656346749226,0.505263157894737,0.509345794392523,0.50611620795107,0.792393026941363,0.541341653666147,0.528951486697966,0.515479876160991,0.525423728813559,0.793313069908815,0.514774494556765,0.816745655608215,0.511244377811094,0.523584905660377,0.513719512195122,0.542372881355932,0.538341158059468,0.530581039755352,0.5078125,0.505443234836703,0.5072,0.805471124620061,0.503105590062112,0.794520547945205,0.796875,0.505359877488515,0.588059701492537,0.532507739938081,0.508474576271186,0.786259541984733,0.575193798449612,0.510140405616225,0.490506329113924,0.562401263823065,0.808,0.741085271317829,0.48644578313253,0.491551459293395,0.52790346907994,0.485407066052227,0.534456355283308,0.521875,0.489230769230769,0.576923076923077,0.766457680250784,0.524691358024691,0.509316770186335,0.509463722397476,0.490909090909091,0.50392464678179
"113",0,0,0,0,0,0,0,0,0,0,0,0,0,0,0,0,0,0,0,0,0,0.0276073619631902,0.0395738203957382,0,0,0,0,0,0,0,0,0,0,0,0,0,0,0,0,0,0,0,0,0,0,0,0,0,0,0,0,0,0.7046875,0.524922118380062,0,0,0,0.0674846625766871,0,0,0,0,0,0,0,0,0,0,0,0,0.00154798761609907,0.00946372239747634,0,0,0,0,0,0,0,0,0.0351681957186544,0,0,0,0,0,0,0,0,0.00158227848101266,0,0,0,0.0217391304347826,0,0,0.00150375939849624,0.832585949177877,0.9921875,1,0.983154670750383,0.774091627172196,0.0757341576506955,0.0909090909090909,0.753822629969419,0.448170731707317,0.981818181818182,0.957613814756672,0.452713178294574,0.482003129890454,0.00154559505409583,0.494607087827427,1,0.972307692307692,0.950078003120125,0.00155038759689922,0.0319148936170213,0.998477929984779,0.726229508196721,0.0488188976377953,0.96984126984127,0.00149476831091181,1,0.00636942675159236,0.953846153846154,0.535545023696682,0.959214501510574,0.00156985871271586,0.963076923076923,0.949771689497717,0.452418096723869,0.0634441087613293,0.0485133020344288,0.965996908809892,0.0359937402190923,0.998449612403101,0.361861861861862,0.0384615384615385,0.117283950617284,0.489922480620155,0.0287443267776097,0.036697247706422,0.99406528189911,0.862776025236593,0.655712050078247,0.982594936708861,0.9890625,0.0369230769230769,0.714932126696833,0.425465838509317,1,0.0170542635658915,0.408472012102874,0.981337480559876,0.923430321592649,0,0.984639016897081,0.114374034003091,0.797805642633229,0.9828125,0,0.102643856920684,0.9734375,0.995384615384615,0.998487140695915,0.0340030911901082,0.0300632911392405,0.996974281391831,0.86046511627907,0.886970172684458,0.0404984423676012,0.998477929984779,0.0406885758998435,0.047244094488189,0.79601226993865,1,0.71889400921659,0.831111111111111,0.0300632911392405,0.934477379095164,0.684458398744113,0.381761978361669,0.0672,0.637904468412943,0.00154320987654321,0.996899224806202,0.989130434782609,0.0661538461538462,0.0475482912332838,0.0422960725075529,1,1,0.515337423312883,1,0.553125,1,0.00153846153846154,0.00151975683890578,0.475894245723173,0.495341614906832,0.0217391304347826,0.960183767228178,0.0793893129770992,0.453717754172989,0.0324074074074074,0.51188589540412,0.972350230414747,0.444099378881988,0.998422712933754,0.0526315789473684,0.0376175548589342,0.352760736196319,0.98780487804878,0.992331288343558,0.975922953451043,0.588325652841782,0.98936170212766,0.519083969465649,0.509404388714734,0,0.0827067669172932,0.972727272727273,0,0.511177347242921,0.927469135802469,0.00615384615384615,0.0015600624024961,0.950078003120125,0.649762282091918,0.737248840803709,0.0015015015015015,0.996932515337423,0.0389221556886228,0.996899224806202,0.098159509202454,0.984662576687117,0.00153609831029186,0.823529411764706,0.460708782742681,0.980122324159021,0.0015527950310559,0.00467289719626168,0.998484848484849,0.971653543307087
"114",0.0351681957186544,0.0299684542586751,0.0231481481481481,0.0365079365079365,0,0,0,0,0,0,0,0,0,0,0,0,0,0,0,0,0,0.0260336906584992,0.0393081761006289,0,0,0,0,0,0,0,0,0,0,0,0,0,0,0,0,0,0,0,0,0,0,0,0,0.0363086232980333,0.0364188163884674,0.0382165605095541,0.0328125,0,0.660436137071651,0.493001555209953,0,0,0,0.0590979782270607,0,0,0,0,0,0,0,0,0,0,0,0,0.00309119010819165,0.00788643533123028,0,0,0,0,0,0,0,0,0.0292758089368259,0,0,0,0,0,0,0.00156739811912226,0,0.00318471337579618,0,0,0,0.0172955974842767,0,0,0.0351145038167939,0.820089955022489,0.969230769230769,0.962264150943396,0.986089644513138,0.796474358974359,0.0944272445820433,0.105845181674566,0.757716049382716,0.475683890577508,0.982008995502249,1,0.475743348982786,0.509463722397476,0.0367534456355283,0.520610687022901,0.972307692307692,1,0.937597503900156,0.0338461538461538,0.0604651162790698,0.968992248062015,0.742096505823627,0.0671875,0.948194662480377,0.0302571860816944,0.964227642276423,0.0398724082934609,0.933229813664596,0.551020408163265,0.970633693972179,0.0364500792393027,0.942901234567901,0.983483483483483,0.47068145800317,0.086232980332829,0.0760869565217391,0.920180722891566,0.0634920634920635,0.962790697674419,0.376327769347496,0.0590979782270607,0.130434782608696,0.511700468018721,0.0464396284829721,0.0554699537750385,0.963963963963964,0.87758346581876,0.653543307086614,0.957210776545166,0.956454121306376,0.0685975609756098,0.741935483870968,0.456521739130435,0.958730158730159,0.0442338072669826,0.440548780487805,0.987480438184664,0.933333333333333,0.0341085271317829,0.96594427244582,0.1515625,0.787136294027565,0.987480438184664,0.0336906584992343,0.15600624024961,1,0.961479198767334,0.973886328725038,0.0563380281690141,0.0507936507936508,0.95852534562212,0.817322834645669,0.845047923322684,0.0651162790697674,0.964506172839506,0.0672926447574335,0.0702028081123245,0.75642965204236,0.96319018404908,0.735562310030395,0.842578710644678,0.0649149922720247,0.9171875,0.703937007874016,0.38863287250384,0.0826580226904376,0.665634674922601,0.0293663060278207,0.968503937007874,0.949230769230769,0.0847457627118644,0.0716463414634146,0.0648567119155355,0.963076923076923,0.965891472868217,0.539755351681957,0.969305331179321,0.569875776397516,0.964831804281346,0.0338461538461538,0.0322085889570552,0.502332814930016,0.462264150943396,0.059190031152648,0.9390625,0.116822429906542,0.480122324159021,0.0668789808917197,0.521462639109698,0.975497702909648,0.451510333863275,0.959183673469388,0.08649468892261,0.0684292379471229,0.351515151515152,0.956856702619414,0.981220657276995,0.995169082125604,0.609984399375975,0.982919254658385,0.544629349470499,0.535714285714286,0.0356589147286822,0.100903614457831,1,0.0328125,0.51355421686747,0.962848297213622,0.0408163265306122,0.0254777070063694,0.976228209191759,0.67032967032967,0.736196319018405,0.0336906584992343,0.966101694915254,0.0599700149925037,0.967542503863988,0.11993769470405,0.986196319018405,0.0338983050847458,0.853395061728395,0.482115085536547,0.986301369863014,0.0401234567901235,0.0305958132045089,0.963855421686747,0.95440251572327
"115",0.0470219435736677,0.0509554140127389,0.0420560747663551,0.0466988727858293,0,0,0,0,0,0,0,0,0,0,0,0,0,0,0,0,0,0.0247295208655332,0.0345368916797488,0,0,0,0,0,0,0,0,0,0,0,0,0,0,0,0,0,0,0,0,0,0,0,0,0.0419254658385093,0.0474006116207951,0.0483091787439614,0.0445859872611465,0,0.677672955974843,0.512618296529968,0,0,0,0.05625,0,0,0,0,0,0,0,0,0,0,0,0,0.00318471337579618,0.00809061488673139,0,0,0,0,0,0,0,0,0.031496062992126,0,0,0,0,0,0,0.00156985871271586,0,0.00322061191626409,0,0,0,0.0174050632911392,0,0,0.0415384615384615,0.861538461538462,0.963893249607535,0.956521739130435,0.945859872611465,0.832543443917852,0.113924050632911,0.118589743589744,0.771293375394322,0.482225656877898,0.943251533742331,0.9296,0.504,0.507987220447284,0.0455974842767296,0.538699690402477,0.950078003120125,0.937597503900156,1,0.0425867507886435,0.0826833073322933,0.955555555555556,0.716417910447761,0.0843949044585987,0.936406995230525,0.048062015503876,0.949346405228758,0.0456026058631922,0.968152866242038,0.583198707592892,0.922958397534669,0.0465489566613162,0.962382445141066,0.909090909090909,0.482539682539683,0.100751879699248,0.0889235569422777,0.921658986175115,0.0814332247557003,0.965299684542587,0.380216383307573,0.0784929356357928,0.155172413793103,0.56031746031746,0.0753532182103611,0.0785824345146379,0.944615384615385,0.89776357827476,0.676328502415459,0.941463414634146,0.949367088607595,0.0779816513761468,0.717665615141956,0.461059190031153,0.949756888168558,0.0543130990415335,0.44392523364486,0.942215088282504,0.898278560250391,0.0467289719626168,0.963549920760697,0.162420382165605,0.944620253164557,0.942857142857143,0.0445151033386327,0.154574132492114,0.942006269592476,0.950233281493002,0.954545454545455,0.0704225352112676,0.0769230769230769,0.952307692307692,0.807017543859649,0.824561403508772,0.0860719874804382,0.945652173913043,0.0817307692307692,0.0836012861736334,0.742331288343558,0.9515625,0.711864406779661,0.876352395672334,0.0718849840255591,0.9616,0.675806451612903,0.41692789968652,0.106209150326797,0.650470219435737,0.05,0.95583596214511,0.956656346749226,0.109034267912773,0.0886850152905199,0.0808709175738725,0.947286821705426,0.948194662480377,0.54375,0.959612277867528,0.611111111111111,0.952160493827161,0.0482115085536547,0.0467289719626168,0.509404388714734,0.497637795275591,0.0724409448818898,0.94006309148265,0.124213836477987,0.479198767334361,0.0759493670886076,0.538961038961039,0.932496075353218,0.492012779552716,0.9546875,0.103875968992248,0.0916149068322981,0.381761978361669,0.958532695374801,0.955696202531646,0.938943894389439,0.616459627329193,0.953821656050955,0.533333333333333,0.525581395348837,0.0499219968798752,0.123456790123457,0.942546583850932,0.0429936305732484,0.545038167938931,0.902777777777778,0.0582677165354331,0.0529695024077047,0.92604501607717,0.664012738853503,0.722570532915361,0.0429447852760736,0.958074534161491,0.0755007704160247,0.951334379905808,0.138755980861244,0.948194662480377,0.0515625,0.878548895899054,0.481832543443918,0.947040498442368,0.0512422360248447,0.0451612903225806,0.949308755760369,1
"116",0.998447204968944,0.9984375,0.998449612403101,0.996810207336523,0,0,0,0,0,0,0,0,0,0,0,0,0,0,0,0,0,0,0,0,0,0,0,0,0,0,0,0,0,0,0,0,0,0,0,0,0,0,0,0,0,0,0,0.998473282442748,0.998487140695915,0.998384491114701,0.996810207336523,0.00156494522691706,0,0,0,0,0,0,0,0,0,0,0,0,0,0,0,0,0,0,0,0,0,0,0,0,0,0,0,0,0,0,0,0,0,0,0,0,0,0,0,0,0,0,0,0,1,0.173978819969743,0.0078003120124805,0.00159489633173844,0.0170015455950541,0.220985691573927,0.927357032457496,0.912420382165605,0.254290171606864,0.572727272727273,0.016566265060241,0.045958795562599,0.570093457943925,0.547169811320755,1,0.508474576271186,0.00155038759689922,0.0338461538461538,0.0425867507886435,1,0.968553459119497,0,0.300324675324675,0.9568,0.0235478806907378,1,0.0016260162601626,0.996825396825397,0.0485133020344288,0.475743348982786,0.0365853658536585,1,0.0353846153846154,0.0591805766312595,0.569620253164557,0.938066465256798,0.957746478873239,0.0444104134762634,0.96513470681458,0.0015527950310559,0.653030303030303,0.9703125,0.888024883359253,0.507911392405063,0.9734375,0.964506172839506,0.00597014925373134,0.13237639553429,0.365203761755486,0.0174603174603175,0.0108695652173913,0.967692307692308,0.293394777265745,0.597200622083981,0,0.987441130298273,0.609494640122512,0.0186915887850467,0.0718654434250764,1,0.0185471406491499,0.881141045958796,0.202830188679245,0.0125786163522013,1,0.894080996884735,0.028125,0.00613496932515337,0.00149925037481259,0.970219435736677,0.97007874015748,0.00303490136570561,0.148205928237129,0.131955484896661,0.96583850931677,0.0031104199066874,0.958268933539413,0.956112852664577,0.21319018404908,0.00157232704402516,0.305936073059361,0.16566265060241,0.96984126984127,0.0595611285266458,0.344444444444444,0.623839009287926,0.928115015974441,0.376766091051805,1,0.00156494522691706,0.00943396226415094,0.936236391912908,0.956456456456456,0.961890243902439,0.0015600624024961,0.00154559505409583,0.5,0.00161290322580645,0.458528951486698,0.00153139356814701,1,1,0.542944785276074,0.530708661417323,0.9765625,0.0401234567901235,0.929121725731895,0.575572519083969,0.977917981072555,0.515923566878981,0.0261136712749616,0.565977742448331,0.00157977883096367,0.941807044410414,0.956112852664577,0.641538461538462,0.0125195618153365,0.00615384615384615,0.0210355987055016,0.436728395061728,0.00459418070444104,0.511415525114155,0.52241112828439,1,0.917910447761194,0.0262345679012346,1,0.521870286576169,0.0808709175738725,0.996840442338073,1,0.0534591194968553,0.363489499192246,0.28,1,0.00154083204930663,0.964125560538117,0.00457317073170732,0.905132192846034,0.0154083204930663,1,0.162754303599374,0.567441860465116,0.0154083204930663,1,1,0.00152671755725191,0.0221169036334913
"117",0.975155279503106,0.967084639498433,0.970172684458399,0.967391304347826,0,0,0,0,0,0,0,0,0,0,0,0,0,0,0,0,0,0,0,0,0,0,0,0,0,0,0,0,0,0,0,0,0,0,0,0,0,0,0,0,0,0,0,0.970948012232416,0.968181818181818,0.969745222929936,0.968203497615262,0.00156985871271586,0.0217729393468118,0.0203761755485893,0,0,0,0.00614439324116743,0,0,0,0,0,0,0,0,0,0,0,0,0.0015600624024961,0,0,0,0,0,0,0,0,0,0.00459418070444104,0,0,0,0,0,0,0,0,0.00156494522691706,0,0,0,0.00481540930979133,0,0,0.969465648854962,0.207373271889401,0.043956043956044,0.0303030303030303,0.0550314465408805,0.250798722044728,0.966719492868463,0.9629057187017,0.286585365853659,0.585780525502318,0.0578386605783866,0.0875796178343949,0.572100313479624,0.560821484992101,0.967289719626168,0.529141104294479,0.0319148936170213,0.0604651162790698,0.0826833073322933,0.968553459119497,1,0.0247295208655332,0.327787021630616,0.985507246376812,0.0566929133858268,0.96551724137931,0.0304487179487179,0.966666666666667,0.0794392523364486,0.484227129337539,0.0736842105263158,0.961661341853035,0.0697674418604651,0.0931297709923664,0.606973058637084,0.974436090225564,0.988924050632911,0.0685975609756098,1,0.0294573643410853,0.674809160305344,1,0.919129082426128,0.516587677725118,0.995305164319249,0.993808049535604,0.0342771982116244,0.170347003154574,0.403755868544601,0.0441640378548896,0.0390015600624025,0.989280245022971,0.334862385321101,0.623052959501558,0.0303514376996805,0.984276729559748,0.631415241057543,0.0440944881889764,0.116743471582181,0.968602825745683,0.05,0.918876755070203,0.232594936708861,0.0502354788069074,0.971698113207547,0.886614173228346,0.0679304897314376,0.0329153605015674,0.0287443267776097,0.998477929984779,1,0.027906976744186,0.150316455696203,0.14756671899529,1,0.029595015576324,0.996815286624204,0.998412698412698,0.229954614220877,0.0354938271604938,0.352220520673813,0.2,0.998402555910543,0.0884676145339652,0.372056514913658,0.659056316590563,0.972357723577236,0.406885758998435,0.97196261682243,0.0345911949685535,0.035548686244204,0.968992248062015,0.997001499250375,1,0.032258064516129,0.0329153605015674,0.52639751552795,0.0289389067524116,0.446570972886762,0.0319148936170213,0.966876971608833,0.967840735068913,0.575039494470774,0.560629921259843,0.982649842271293,0.0660522273425499,0.904836193447738,0.592705167173252,0.95125786163522,0.534510433386838,0.0634674922600619,0.558139534883721,0.0330188679245283,0.981481481481482,0.989214175654854,0.694189602446483,0.0423197492163009,0.0370942812982998,0.0554649265905383,0.468944099378882,0.0332278481012658,0.522342064714946,0.535493827160494,0.971473851030111,0.954198473282443,0.0619195046439628,0.970219435736677,0.543511450381679,0.1201248049922,0.971653543307087,0.968102073365231,0.0890302066772655,0.393939393939394,0.314641744548287,0.971299093655589,0.0352760736196319,1,0.0340557275541796,0.9421875,0.0479134466769706,0.965571205007825,0.195618153364632,0.588328075709779,0.0491551459293395,0.964451313755796,0.967585089141005,0.0319634703196347,0.0512820512820513
"118",0.00154559505409583,0,0.00156494522691706,0,0,0,0,0,0,0,0,0,0,0,0,0,0,0,0,0,0,0.027906976744186,0.0421875,0,0,0,0,0,0,0,0,0,0,0,0,0,0,0,0,0,0,0,0,0,0,0,0,0.00153139356814701,0.00152905198776758,0,0,0,0.703296703296703,0.523885350318471,0,0,0,0.0515625,0,0,0,0,0,0,0,0,0,0,0,0,0.0031104199066874,0.00627943485086342,0,0,0,0,0,0,0,0,0.0231481481481481,0,0,0,0,0,0,0.00156739811912226,0,0.00316957210776545,0,0,0,0.0173775671406003,0,0,0,0.839150227617602,0.996908809891808,0.99837925445705,0.979719188767551,0.769230769230769,0.0706436420722135,0.0826833073322933,0.758461538461538,0.443076923076923,0.978361669242658,0.955056179775281,0.446540880503145,0.475279106858054,0,0.495398773006135,0.998477929984779,0.968992248062015,0.955555555555556,0,0.0247295208655332,1,0.705387205387205,0.0411392405063291,0.9792663476874,0.00153374233128834,1,0.00482315112540193,0.960876369327074,0.534072900158479,0.960061443932412,0.00158982511923688,0.972136222910217,0.946236559139785,0.433070866141732,0.0625,0.0455974842767296,0.967840735068913,0.0347003154574132,1,0.353302611367127,0.0341614906832298,0.108191653786708,0.495253164556962,0.0286168521462639,0.0353846153846154,0.995468277945619,0.857142857142857,0.650393700787402,0.987301587301587,0.993759750390016,0.0341614906832298,0.703416149068323,0.40952380952381,0.998407643312102,0.0110584518167457,0.406153846153846,0.977848101265823,0.922839506172839,0,0.984423676012461,0.111811023622047,0.797805642633229,0.979527559055118,0,0.103610675039246,0.970358814352574,0.995297805642633,1,0.028125,0.0269413629160063,0.996913580246914,0.847244094488189,0.864649681528662,0.0358255451713396,0.996899224806202,0.0351437699680511,0.0444444444444444,0.780337941628264,0.998447204968944,0.699846860643185,0.826347305389222,0.0317460317460317,0.940092165898618,0.6624,0.374613003095975,0.0636215334420881,0.628571428571429,0.0015552099533437,0.998432601880878,0.98755832037325,0.0533751962323391,0.0421686746987952,0.0387596899224806,0.998447204968944,0.998432601880878,0.511627906976744,1,0.55748031496063,1,0.00156494522691706,0,0.477379095163807,0.469194312796209,0.0234375,0.962558502340094,0.0756172839506173,0.440494590417311,0.031496062992126,0.5056,0.968798751950078,0.441823899371069,0.996835443037975,0.0476923076923077,0.0342146189735614,0.358461538461538,0.986003110419907,0.992163009404389,0.97427652733119,0.573208722741433,0.989079563182527,0.500770416024653,0.490654205607477,0.0015600624024961,0.0791925465838509,0.967441860465116,0,0.494672754946728,0.923076923076923,0.00622083981337481,0.00313479623824451,0.94888178913738,0.639871382636656,0.720820189274448,0,0.99537037037037,0.0333839150227618,0.99685534591195,0.0953125,0.984301412872841,0.0015625,0.824451410658307,0.451664025356577,0.976671850699845,0.00156739811912226,0.00486223662884927,0.996899224806202,0.97444089456869
"119",0.291118421052632,0.28830313014827,0.306156405990017,0.309401709401709,0,0,0,0,0,0,0,0,0,0,0,0,0,0,0,0,0,0.0183028286189684,0.0248344370860927,0,0,0,0,0,0,0,0,0,0,0,0,0,0,0,0,0,0,0,0,0,0,0,0,0.297253634894992,0.284779050736498,0.302564102564103,0.278877887788779,0,0.491666666666667,0.37751677852349,0,0,0,0.0476973684210526,0,0,0,0,0,0,0,0,0,0,0,0,0.00164203612479475,0.00514579759862779,0,0,0,0,0,0,0,0,0.0263157894736842,0,0,0,0,0,0,0,0,0.00165837479270315,0,0,0,0.015025041736227,0,0,0.295454545454545,0.645161290322581,0.708333333333333,0.710884353741497,0.731218697829716,0.704584040747029,0.377450980392157,0.379487179487179,0.631229235880399,0.756888168557536,0.7152,0.772344013490725,0.73,0.772802653399668,0.290484140233723,0.746688741721854,0.726229508196721,0.742096505823627,0.716417910447761,0.300324675324675,0.327787021630616,0.705387205387205,1,0.33843537414966,0.705685618729097,0.305057096247961,0.685567010309278,0.289115646258503,0.718494271685761,0.544093178036606,0.751219512195122,0.303030303030303,0.71499176276771,0.788961038961039,0.755852842809365,0.340872374798061,0.332786885245902,0.686885245901639,0.307820299500832,0.711920529801324,0.450657894736842,0.314144736842105,0.345394736842105,0.529510961214165,0.328308207705193,0.319286871961102,0.708399366085578,0.723440134907251,0.577371048252912,0.678391959798995,0.710963455149502,0.326194398682043,1,0.741350906095552,0.704584040747029,0.307046979865772,0.742622950819672,0.707357859531773,0.747508305647841,0.301980198019802,0.731788079470199,0.4,0.635157545605307,0.724080267558528,0.287145242070117,0.430485762144054,0.747028862478778,0.705,0.690821256038647,0.317275747508306,0.318027210884354,0.709836065573771,0.656514382402707,0.663316582914573,0.319604612850082,0.720812182741117,0.338383838383838,0.329450915141431,0.626229508196721,0.707920792079208,1,0.710144927536232,0.327181208053691,0.713087248322148,0.993231810490694,0.624796084828711,0.363945578231293,1,0.29,0.701492537313433,0.703947368421053,0.313333333333333,0.343548387096774,0.328025477707006,0.711409395973154,0.705,0.801313628899836,0.730834752981261,0.556492411467116,0.714518760195759,0.294407894736842,0.281505728314239,0.762852404643449,0.505766062602965,0.310855263157895,0.716857610474632,0.32436974789916,0.760195758564437,0.311475409836066,0.802385008517888,0.721044045676998,0.47571189279732,0.718801996672213,0.340909090909091,0.331658291457286,0.446982055464927,0.71869918699187,0.714521452145215,0.708474576271186,0.876666666666667,0.721311475409836,0.801626016260163,0.801292407108239,0.294892915980231,0.386942675159236,0.74512987012987,0.283557046979866,0.754414125200642,0.818333333333333,0.287625418060201,0.281618887015177,0.76578073089701,0.962134251290878,0.951298701298701,0.295161290322581,0.701468189233279,0.329032258064516,0.690397350993378,0.345963756177924,0.734557595993322,0.295867768595041,0.711666666666667,0.750836120401338,0.725752508361204,0.295681063122924,0.28956228956229,0.716393442622951,0.727891156462585
"120",0.958132045088567,0.959935897435897,0.95260663507109,0.957585644371941,0,0,0,0,0,0,0,0,0,0,0,0,0,0,0,0,0,0,0,0,0,0,0,0,0,0,0,0,0,0,0,0,0,0,0,0,0,0,0,0,0,0,0,0.959501557632399,0.953051643192488,0.954545454545455,0.954397394136808,0.00159489633173844,0.0285714285714286,0.0237341772151899,0,0,0,0.00473186119873817,0,0,0,0,0,0,0,0,0,0,0,0,0,0,0,0,0,0,0,0,0,0,0.00313971742543171,0,0,0,0,0,0,0,0,0,0,0,0,0.00323624595469256,0,0,0.956454121306376,0.203732503888025,0.0494417862838915,0.0420711974110032,0.0608974358974359,0.266990291262136,0.995161290322581,0.983948635634029,0.273449920508744,0.626771653543307,0.0672926447574335,0.0917874396135266,0.606796116504854,0.588045234248788,0.955128205128205,0.568720379146919,0.0488188976377953,0.0671875,0.0843949044585987,0.9568,0.985507246376812,0.0411392405063291,0.33843537414966,1,0.059967585089141,0.955038759689922,0.0431177446102819,0.960848287112561,0.0954692556634304,0.474193548387097,0.0817610062893082,0.95253682487725,0.0825396825396825,0.0904836193447738,0.640322580645161,0.9625,0.975961538461538,0.0746500777604977,0.981937602627258,0.0465489566613162,0.674528301886792,0.984227129337539,0.908082408874802,0.521669341894061,0.980707395498392,0.979750778816199,0.0482115085536547,0.186161449752883,0.383870967741935,0.0524590163934426,0.0572337042925278,0.984251968503937,0.336973478939158,0.650793650793651,0.0472312703583062,0.969793322734499,0.648062015503876,0.0581583198707593,0.119617224880383,0.95609756097561,0.0652866242038217,0.926829268292683,0.23968253968254,0.0635930047694754,0.955696202531646,0.876996805111821,0.0740740740740741,0.0430622009569378,0.0440251572327044,0.97933227344992,0.980613893376414,0.0398724082934609,0.184466019417476,0.166402535657686,0.985507246376812,0.0471698113207547,0.982428115015974,0.985413290113452,0.244865718799368,0.0464,0.342592592592593,0.211567732115677,0.978896103896104,0.0932896890343699,0.371980676328502,0.661949685534591,0.983388704318937,0.4096,0.953674121405751,0.0465489566613162,0.0461783439490446,0.9568,0.984615384615385,0.984447900466563,0.0388978930307942,0.0406885758998435,0.548489666136725,0.0384615384615385,0.442834138486312,0.0470957613814757,0.951923076923077,0.957413249211357,0.59349593495935,0.5648,0.976152623211447,0.0851735015772871,0.901929260450161,0.61993769470405,0.952845528455285,0.568438003220612,0.0697305863708399,0.553017944535073,0.0437601296596434,0.9671875,0.977635782747604,0.677777777777778,0.0591054313099042,0.0498392282958199,0.0619902120717781,0.488888888888889,0.0512820512820513,0.552215189873418,0.557692307692308,0.955414012738854,0.965678627145086,0.078740157480315,0.955056179775281,0.572317262830482,0.112698412698413,0.956730769230769,0.950657894736842,0.102941176470588,0.418032786885246,0.347417840375587,0.960691823899371,0.0386473429951691,0.982998454404946,0.0482866043613707,0.926517571884984,0.0534591194968553,0.952229299363057,0.217252396166134,0.613057324840764,0.0575079872204473,0.9546875,0.954248366013072,0.0457413249211356,0.0651465798045603
"121",0.0246913580246914,0.0238095238095238,0.0205696202531646,0.0285714285714286,0,0,0,0,0,0,0,0,0,0,0,0,0,0,0,0,0,0.028169014084507,0.0427892234548336,0,0,0,0,0,0,0,0,0,0,0,0,0,0,0,0,0,0,0,0,0,0,0,0,0.013953488372093,0.021875,0.0180327868852459,0.0290322580645161,0,0.686900958466454,0.520766773162939,0,0,0,0.0544,0,0,0,0,0,0,0,0,0,0,0,0,0.00321027287319422,0.00488599348534202,0,0,0,0,0,0,0,0,0.0249221183800623,0,0,0,0,0,0,0.00158982511923688,0,0.00318471337579618,0,0,0,0.0160771704180064,0,0,0.0312989045383412,0.88646967340591,0.968102073365231,0.970540098199673,0.967948717948718,0.7776,0.0888888888888889,0.104501607717042,0.78594249201278,0.437596302003082,0.971830985915493,0.937898089171974,0.44888178913738,0.472089314194577,0.0236220472440945,0.521806853582555,0.96984126984127,0.948194662480377,0.936406995230525,0.0235478806907378,0.0566929133858268,0.9792663476874,0.705685618729097,0.059967585089141,1,0.0218068535825545,0.974832214765101,0.0276422764227642,0.933438985736926,0.563291139240506,0.941732283464567,0.0225806451612903,0.942857142857143,0.923556942277691,0.431340872374798,0.086687306501548,0.0700636942675159,0.937402190923318,0.0470016207455429,0.975922953451043,0.369327073552426,0.0525477707006369,0.14218009478673,0.540064102564103,0.0496,0.0580847723704867,0.975232198142415,0.861157024793388,0.679032258064516,0.973941368078176,0.969551282051282,0.059748427672956,0.690140845070423,0.425867507886435,0.978512396694215,0.0354838709677419,0.410377358490566,0.967585089141005,0.904912836767036,0.0206349206349206,0.962025316455696,0.129032258064516,0.79304897314376,0.958266452648475,0.0206677265500795,0.120772946859903,0.953343701399689,0.967238689547582,0.971830985915493,0.0586370839936609,0.0533980582524272,0.976340694006309,0.824675324675325,0.850649350649351,0.0571428571428571,0.973228346456693,0.0612903225806452,0.0594855305466238,0.765822784810127,0.97456279809221,0.694099378881988,0.823348694316436,0.0540540540540541,0.918269230769231,0.646103896103896,0.384615384615385,0.0829187396351575,0.618819776714514,0.0268562401263823,0.9712,0.965189873417722,0.09375,0.0587326120556414,0.0642633228840125,0.969793322734499,0.976415094339623,0.50547730829421,0.971947194719472,0.585483870967742,0.97196261682243,0.0254777070063694,0.0223642172523962,0.462418300653595,0.531746031746032,0.0430622009569378,0.938095238095238,0.103833865814696,0.447530864197531,0.0528846153846154,0.499184339314845,0.950949367088608,0.476499189627229,0.976114649681529,0.071656050955414,0.0621019108280255,0.364341085271318,0.962204724409449,0.970172684458399,0.959016393442623,0.575709779179811,0.968203497615262,0.504716981132076,0.482649842271293,0.0206022187004754,0.102325581395349,0.950078003120125,0.0242718446601942,0.489164086687306,0.902053712480253,0.0300157977883096,0.024,0.933224755700326,0.635467980295567,0.703416149068323,0.0229709035222052,0.981191222570533,0.0540123456790123,0.975116640746501,0.121835443037975,0.963375796178344,0.0221518987341772,0.8256735340729,0.446909667194929,0.958990536277603,0.0236593059936909,0.0316666666666667,0.9796875,0.952224052718287
"122",0.998466257668712,0.998454404945904,0.998480243161094,0.9984375,0,0,0,0,0,0,0,0,0,0,0,0,0,0,0,0,0,0,0,0,0,0,0,0,0,0,0,0,0,0,0,0,0,0,0,0,0,0,0,0,0,0,0,0.998489425981873,0.998496240601504,0.998405103668262,0.998422712933754,0.00156985871271586,0,0,0,0,0,0,0,0,0,0,0,0,0,0,0,0,0,0,0,0,0,0,0,0,0,0,0,0,0,0,0,0,0,0,0,0,0,0,0,0,0,0,0,0,1,0.161434977578475,0.00921658986175115,0.00157232704402516,0.0170278637770898,0.221350078492936,0.925925925925926,0.909810126582278,0.240369799691834,0.551515151515152,0.019578313253012,0.0465116279069767,0.552959501557632,0.516431924882629,1,0.498493975903614,0.00149476831091181,0.0302571860816944,0.048062015503876,1,0.96551724137931,0.00153374233128834,0.305057096247961,0.955038759689922,0.0218068535825545,1,0.0016,0.995305164319249,0.0463678516228748,0.447574334898279,0.0379939209726444,1,0.0399385560675883,0.0559757942511346,0.562204724409449,0.936390532544379,0.950155763239875,0.0396341463414634,0.961844197138315,0.00311526479750779,0.639517345399698,0.963020030816641,0.887692307692308,0.488993710691824,0.971608832807571,0.960546282245827,0.00447093889716841,0.137658227848101,0.355242566510172,0.0110584518167457,0.0109717868338558,0.960183767228178,0.301204819277108,0.587326120556414,0,0.982945736434109,0.590634441087613,0.0218408736349454,0.0745814307458143,1,0.0170542635658915,0.873239436619718,0.192901234567901,0.0171606864274571,1,0.885625965996909,0.0283018867924528,0.00464396284829721,0.00303030303030303,0.966360856269113,0.967289719626168,0.00454545454545455,0.1546875,0.137931034482759,0.957746478873239,0.00308166409861325,0.95625,0.950387596899225,0.22272047832586,0.00153609831029186,0.312874251497006,0.171641791044776,0.968304278922345,0.0588235294117647,0.347286821705426,0.621052631578947,0.926517571884984,0.373676248108926,1,0.00462962962962963,0.0121951219512195,0.934049079754601,0.95067264573991,0.956060606060606,0.00153609831029186,0.00155038759689922,0.493192133131619,0.0016,0.425038639876352,0.00151515151515152,1,1,0.523584905660377,0.5328125,0.9734375,0.038109756097561,0.921296296296296,0.560422960725076,0.968847352024922,0.492979719188768,0.027906976744186,0.542264752791069,0.0015625,0.93984962406015,0.952904238618524,0.651057401812689,0.0123839009287926,0.00762195121951219,0.0238853503184713,0.421052631578947,0.0108191653786708,0.494736842105263,0.499229583975347,1,0.914285714285714,0.0307219662058372,1,0.490196078431373,0.0840978593272171,0.995440729483283,0.998432601880878,0.0579937304075235,0.366666666666667,0.28419452887538,1,0.00455235204855842,0.959881129271917,0.00303490136570561,0.906542056074766,0.0183206106870229,1,0.172573189522342,0.552795031055901,0.018348623853211,1,0.996805111821086,0.00305343511450382,0.0251177394034537
"123",0,0,0,0,0,0,0,0,0,0,0,0,0,0,0,0,0,0,0,0,0,0.0279146141215107,0.0388978930307942,0,0,0,0,0,0,0,0,0,0,0,0,0,0,0,0,0,0,0,0,0,0,0,0,0,0,0,0,0,0.695723684210526,0.509868421052632,0,0,0,0.0566343042071197,0,0,0,0,0,0,0,0,0,0,0,0,0.00166389351081531,0.00841750841750842,0,0,0,0,0,0,0,0,0.0319488817891374,0,0,0,0,0,0,0.00161030595813205,0,0.00165837479270315,0,0,0,0.0198347107438017,0,0,0.00159744408945687,0.825471698113208,0.993431855500821,1,0.981848184818482,0.791461412151067,0.0621931260229133,0.0816666666666667,0.742671009771987,0.405144694533762,0.982428115015974,0.948333333333333,0.408196721311475,0.439469320066335,0.00163934426229508,0.476947535771065,1,0.964227642276423,0.949346405228758,0.0016260162601626,0.0304487179487179,1,0.685567010309278,0.0431177446102819,0.974832214765101,0.0016,1,0.00668896321070234,0.950738916256158,0.53921568627451,0.955414012738854,0.0016366612111293,0.959216965742251,0.935379644588045,0.397708674304419,0.0584518167456556,0.0420032310177706,0.955484896661367,0.0287648054145516,1,0.36734693877551,0.0342019543973941,0.117549668874172,0.487644151565074,0.0227272727272727,0.0293159609120521,0.995238095238095,0.875,0.63681592039801,0.988294314381271,0.988467874794069,0.0336,0.676190476190476,0.380952380952381,1,0.0146579804560261,0.366559485530547,0.983686786296901,0.916129032258065,0,0.978930307941653,0.109243697478992,0.790697674418605,0.98531810766721,0,0.099510603588907,0.972222222222222,0.996768982229402,1,0.0232558139534884,0.026578073089701,0.998363338788871,0.853135313531353,0.860197368421053,0.0324149108589951,0.998371335504886,0.0362438220757825,0.0396694214876033,0.782958199356913,1,0.670382165605096,0.846031746031746,0.0283333333333333,0.936065573770492,0.634551495016611,0.355411954765751,0.0606060606060606,0.596059113300493,0.0016260162601626,1,0.990066225165563,0.0575657894736842,0.0436187399030695,0.035426731078905,1,1,0.465573770491803,1,0.553156146179402,1,0.00163132137030995,0.0016260162601626,0.435294117647059,0.468646864686469,0.0212418300653595,0.958266452648475,0.0746753246753247,0.403846153846154,0.0295566502463054,0.463986599664992,0.969004893964111,0.442786069651741,0.99836867862969,0.0535714285714286,0.040650406504065,0.334920634920635,0.986776859504132,0.993537964458804,0.978151260504202,0.546341463414634,0.988636363636364,0.470016207455429,0.459546925566343,0,0.0774091627172196,0.969004893964111,0,0.4640625,0.909836065573771,0.00323101777059774,0.00166389351081531,0.941569282136895,0.604340567612688,0.686591276252019,0.0015748031496063,0.998387096774194,0.0330188679245283,0.99837925445705,0.097682119205298,0.982055464926591,0.00162074554294976,0.842105263157895,0.409317803660566,0.980360065466448,0.0016260162601626,0.00336700336700337,0.998415213946117,0.971900826446281
"124",0.993527508090615,0.993610223642173,0.996742671009772,0.99349593495935,0,0,0,0,0,0,0,0,0,0,0,0,0,0,0,0,0,0,0,0,0,0,0,0,0,0,0,0,0,0,0,0,0,0,0,0,0,0,0,0,0,0,0,0.993710691823899,0.993710691823899,0.995114006514658,0.993388429752066,0.0016,0.0016260162601626,0.00161290322580645,0,0,0,0,0,0,0,0,0,0,0,0,0,0,0,0,0,0,0,0,0,0,0,0,0,0,0,0,0,0,0,0,0,0,0,0,0,0,0,0,0,0,0.996932515337423,0.167974882260597,0.0111642743221691,0.00322061191626409,0.0193236714975845,0.207357859531773,0.930047694753577,0.919354838709677,0.24390243902439,0.5625,0.0202808112324493,0.053921568627451,0.552504038772213,0.540098199672668,0.996815286624204,0.503154574132492,0.00636942675159236,0.0398724082934609,0.0456026058631922,0.996825396825397,0.966666666666667,0.00482315112540193,0.289115646258503,0.960848287112561,0.0276422764227642,0.995305164319249,0.00668896321070234,1,0.0447284345047923,0.43739837398374,0.0361635220125786,0.99836867862969,0.036624203821656,0.0580847723704867,0.579119086460033,0.941176470588235,0.959935897435897,0.0434782608695652,0.967051070840198,0.00476947535771065,0.626182965299685,0.971337579617834,0.879614767255217,0.46515397082658,0.971473851030111,0.968253968253968,0.00617283950617284,0.128978224455611,0.360258481421648,0.0179153094462541,0.0128824476650564,0.972972972972973,0.302507836990596,0.599348534201954,0.00484652665589661,0.980582524271845,0.606060606060606,0.024232633279483,0.0676100628930818,0.996835443037975,0.0228384991843393,0.885113268608414,0.202898550724638,0.0209339774557166,0.995215311004785,0.8944,0.0307941653160454,0.00966183574879227,0.00465116279069767,0.9664,0.972624798711755,0.00949367088607595,0.14759535655058,0.129568106312292,0.966129032258065,0.00636942675159236,0.964052287581699,0.95609756097561,0.218897637795276,0.00481540930979133,0.307570977917981,0.155038759689922,0.964401294498382,0.0551948051948052,0.33768352365416,0.623233908948195,0.940886699507389,0.379644588045234,0.995114006514658,0.00810372771474878,0.0145867098865478,0.93312101910828,0.957547169811321,0.9632,0.00476947535771065,0.00630914826498423,0.504065040650406,0.00501672240802676,0.415185783521809,0.00626959247648903,0.9968,0.995268138801262,0.542207792207792,0.521880064829822,0.985294117647059,0.0322061191626409,0.942583732057416,0.576138147566719,1,0.506535947712418,0.0318979266347687,0.540495867768595,0.00483091787439614,0.939393939393939,0.958333333333333,0.641955835962145,0.015748031496063,0.0112179487179487,0.0265339966832504,0.429951690821256,0.00961538461538462,0.508661417322835,0.518225039619651,0.995184590690209,0.920062695924765,0.0317460317460317,0.998363338788871,0.514866979655712,0.0821256038647343,0.99349593495935,0.993485342019544,0.0518638573743922,0.351485148514851,0.281931464174455,0.995275590551181,0.00777604976671851,0.967441860465116,0.00958466453674121,0.898550724637681,0.0175718849840256,0.996732026143791,0.166129032258065,0.566558441558442,0.0207006369426752,0.998412698412698,0.996677740863787,0.00789889415481832,0.0265339966832504
"125",0.0425867507886435,0.0443037974683544,0.0372670807453416,0.0416666666666667,0,0,0,0,0,0,0,0,0,0,0,0,0,0,0,0,0,0.0186625194401244,0.0294117647058824,0,0,0,0,0,0,0,0,0,0,0,0,0,0,0,0,0,0,0,0,0,0,0,0,0.0445468509984639,0.0435458786936236,0.0421393841166937,0.035426731078905,0,0.663009404388715,0.492845786963434,0,0,0,0.0542635658914729,0,0,0,0,0,0,0,0,0,0,0,0,0.00316455696202532,0.00788643533123028,0,0,0,0,0,0,0,0,0.0326086956521739,0,0,0,0,0,0,0.00158982511923688,0,0.0032,0,0,0,0.0209677419354839,0,0,0.0383435582822086,0.80952380952381,0.974723538704581,0.964458804523425,0.945736434108527,0.842607313195548,0.117554858934169,0.12480252764613,0.727131782945736,0.477519379844961,0.940639269406393,0.927652733118971,0.4816,0.5086887835703,0.0447530864197531,0.527301092043682,0.953846153846154,0.933229813664596,0.968152866242038,0.0485133020344288,0.0794392523364486,0.960876369327074,0.718494271685761,0.0954692556634304,0.933438985736926,0.0463678516228748,0.950738916256158,0.0447284345047923,1,0.527910685805423,0.920852359208524,0.046031746031746,0.98310291858679,0.914110429447853,0.458730158730159,0.105740181268882,0.0832025117739403,0.921779141104294,0.0781499202551834,0.959183673469388,0.371165644171779,0.0803149606299213,0.148669796557121,0.510301109350238,0.0804416403785489,0.0807453416149068,0.951588502269289,0.890850722311397,0.636075949367089,0.949685534591195,0.951026856240126,0.0790697674418605,0.711864406779661,0.441640378548896,0.956381260096931,0.0525477707006369,0.44375,0.937399678972713,0.901234567901235,0.0419254658385093,0.965891472868217,0.159810126582278,0.812302839116719,0.943396226415094,0.0427215189873418,0.154088050314465,0.946372239747634,0.954968944099379,0.960244648318043,0.0725552050473186,0.0755627009646302,0.952307692307692,0.819776714513557,0.829346092503987,0.0777604976671851,0.950769230769231,0.0833333333333333,0.0866141732283465,0.746177370030581,0.948598130841122,0.70015455950541,0.883969465648855,0.072,1,0.683544303797468,0.414596273291925,0.116086235489221,0.635646687697161,0.0443740095087163,0.95625,0.975193798449612,0.107981220657277,0.0842266462480858,0.0851393188854489,0.951070336391437,0.952830188679245,0.536050156739812,0.960912052117264,0.555735056542811,0.959090909090909,0.0497667185069984,0.043343653250774,0.497630331753554,0.479813664596273,0.0675039246467818,0.930926216640502,0.118296529968454,0.469230769230769,0.0741324921135647,0.527910685805423,0.937694704049844,0.449206349206349,0.961119751166407,0.106153846153846,0.089622641509434,0.371517027863777,0.948517940717629,0.950155763239875,0.948220064724919,0.599364069952305,0.944444444444444,0.530326594090202,0.528951486697966,0.0440944881889764,0.121951219512195,0.941267387944359,0.0382165605095541,0.531202435312024,0.899686520376176,0.0525477707006369,0.048,0.92515923566879,0.660287081339713,0.716049382716049,0.044478527607362,0.961597542242704,0.0785824345146379,0.956521739130435,0.136792452830189,0.944272445820433,0.0427480916030534,0.882260596546311,0.4734375,0.942277691107644,0.0470219435736677,0.0446570972886762,0.959152798789713,0.978998384491115
"126",0.4770206022187,0.451355661881978,0.465299684542587,0.471153846153846,0,0,0,0,0,0,0,0,0,0,0,0,0,0,0,0,0,0.0237341772151899,0.028391167192429,0,0,0,0,0,0,0,0,0,0,0,0,0,0,0,0,0,0,0,0,0,0,0,0,0.466248037676609,0.464788732394366,0.456053067993366,0.48,0.00160771704180064,0.368,0.27724358974359,0,0,0,0.0295489891135303,0,0,0,0,0,0,0,0,0,0,0,0,0,0.0033167495854063,0,0,0,0,0,0,0,0,0.0156985871271586,0,0,0,0,0,0,0,0,0,0,0,0,0.00643086816720257,0,0,0.469040247678019,0.682170542635659,0.529411764705882,0.538709677419355,0.5376,0.545155993431856,0.5232,0.507223113964687,0.72275641025641,0.536209553158706,0.555209953343701,0.556982343499197,0.595846645367412,0.536704730831974,0.461661341853035,0.551617873651772,0.535545023696682,0.551020408163265,0.583198707592892,0.475743348982786,0.484227129337539,0.534072900158479,0.544093178036606,0.474193548387097,0.563291139240506,0.447574334898279,0.53921568627451,0.43739837398374,0.527910685805423,1,0.536923076923077,0.473429951690821,0.520440251572327,0.552425665101721,0.54281098546042,0.486111111111111,0.503236245954693,0.524256651017214,0.495948136142626,0.540064102564103,0.544186046511628,0.496050552922591,0.495268138801262,0.959677419354839,0.482371794871795,0.474097331240188,0.537634408602151,0.557377049180328,0.7568,0.531707317073171,0.549450549450549,0.511485451761103,0.550314465408805,0.540540540540541,0.536184210526316,0.486443381180223,0.5320813771518,0.54071661237785,0.575949367088608,0.460063897763578,0.540930979133226,0.517684887459807,0.639553429027113,0.540064102564103,0.477707006369427,0.483037156704362,0.549363057324841,0.493650793650794,0.541213063763608,0.481481481481481,0.493589743589744,0.525078369905956,0.544728434504792,0.538336052202284,0.48489666136725,0.53343701399689,0.479871175523349,0.493589743589744,0.555729984301413,0.530063291139241,0.536891679748823,0.540123456790123,0.472312703583062,0.536231884057971,0.538961038961039,0.577464788732394,0.497576736672052,0.538709677419355,0.478468899521531,0.534090909090909,0.543130990415335,0.507109004739337,0.493865030674847,0.49452269170579,0.4765625,0.528125,0.534920634920635,0.517128874388255,1,0.547433903576983,0.465489566613162,0.46515397082658,0.53322528363047,0.680064308681672,0.495987158908507,0.57120253164557,0.603448275862069,0.517829457364341,0.518341307814992,0.539837398373984,0.521259842519685,0.946428571428571,0.533011272141707,0.505511811023622,0.5,0.536776212832551,0.526232114467409,0.545454545454545,0.528428093645485,0.555732484076433,0.538461538461538,0.521875,0.534181240063593,0.467408585055644,0.505460218408736,0.529141104294479,0.465489566613162,0.542944785276074,0.555205047318612,0.474603174603175,0.482142857142857,0.543408360128617,0.548281505728314,0.546310832025118,0.475232198142415,0.527692307692308,0.485451761102603,0.524332810047096,0.524038461538462,0.531400966183575,0.495268138801262,0.538585209003215,0.5408,0.5376,0.4679186228482,0.468189233278956,0.529595015576324,0.538211382113821
"127",0.0420560747663551,0.0420560747663551,0.0368098159509202,0.0427215189873418,0,0,0,0,0,0,0,0,0,0,0,0,0,0,0,0,0,0.0244648318042813,0.0384024577572965,0,0,0,0,0,0,0,0,0,0,0,0,0,0,0,0,0,0,0,0,0,0,0,0,0.0393939393939394,0.0452488687782805,0.0396196513470681,0.0377358490566038,0,0.65891472868217,0.498452012383901,0,0,0,0.0638297872340425,0,0,0,0,0,0,0,0,0,0,0,0,0.00308641975308642,0.00949367088607595,0,0,0,0,0,0,0,0,0.032258064516129,0,0,0,0,0,0,0.00153609831029186,0,0.0031201248049922,0,0,0,0.0235478806907378,0,0,0.0433482810164425,0.817365269461078,0.951486697965571,0.960753532182104,0.978227060653188,0.800947867298578,0.106317411402157,0.121069182389937,0.737654320987654,0.487951807228916,0.977477477477477,0.9609375,0.496124031007752,0.5140625,0.0404354587869362,0.552352048558422,0.959214501510574,0.970633693972179,0.922958397534669,0.0365853658536585,0.0736842105263158,0.960061443932412,0.751219512195122,0.0817610062893082,0.941732283464567,0.0379939209726444,0.955414012738854,0.0361635220125786,0.920852359208524,0.536923076923077,1,0.0436817472698908,0.93587786259542,0.951515151515152,0.486780715396579,0.0989505247376312,0.0796875,0.926093514328808,0.0676100628930818,0.954198473282443,0.38368580060423,0.0718654434250764,0.148773006134969,0.503105590062112,0.0652173913043478,0.0740181268882175,0.956127080181543,0.881329113924051,0.641860465116279,0.949921752738654,0.945987654320988,0.0762195121951219,0.73972602739726,0.462962962962963,0.957878315132605,0.0570987654320988,0.453857791225416,0.984423676012461,0.977064220183486,0.0389408099688473,0.951713395638629,0.15600624024961,0.775700934579439,0.978361669242658,0.0455927051671733,0.153250773993808,0.981337480559876,0.956589147286822,0.958841463414634,0.0668693009118541,0.0719874804381847,0.960426179604262,0.824534161490683,0.846034214618974,0.0746951219512195,0.95738203957382,0.0736677115987461,0.0821705426356589,0.767407407407407,0.955927051671733,0.73780487804878,0.848575712143928,0.0726698262243286,0.915756630265211,0.71183800623053,0.410060975609756,0.100478468899522,0.68348623853211,0.0358255451713396,0.961538461538462,0.943251533742331,0.107197549770291,0.0857988165680473,0.0806697108066971,0.95187969924812,0.963133640552995,0.554531490015361,0.958466453674121,0.563664596273292,0.953800298062593,0.0429447852760736,0.0385802469135802,0.50855365474339,0.476780185758514,0.0604651162790698,0.934250764525994,0.115207373271889,0.487101669195751,0.0646687697160883,0.540157480314961,0.993966817496229,0.448062015503876,0.954968944099379,0.0928462709284627,0.0807453416149068,0.365853658536585,0.94969512195122,0.973926380368098,0.980645161290323,0.625,0.977029096477795,0.549317147192716,0.553191489361702,0.0448916408668731,0.119760479041916,0.974242424242424,0.0403726708074534,0.531946508172363,0.939907550077042,0.0518867924528302,0.0283018867924528,0.959438377535101,0.697452229299363,0.751145038167939,0.0386329866270431,0.959276018099548,0.0707831325301205,0.955246913580247,0.137345679012346,0.975497702909648,0.0396341463414634,0.854938271604938,0.488372093023256,0.978658536585366,0.0440060698027314,0.0318979266347687,0.96274217585693,0.943485086342229
"128",0.998432601880878,0.998410174880763,0.998432601880878,0.9968,0,0,0,0,0,0,0,0,0,0,0,0,0,0,0,0,0,0,0,0,0,0,0,0,0,0,0,0,0,0,0,0,0,0,0,0,0,0,0,0,0,0,0,0.998452012383901,0.998447204968944,0.99836867862969,0.996784565916399,0.0016,0,0,0,0,0,0,0,0,0,0,0,0,0,0,0,0,0,0,0,0,0,0,0,0,0,0,0,0,0,0,0,0,0,0,0,0,0,0,0,0,0,0,0,0,1,0.159817351598174,0.008,0.00163132137030995,0.0207336523125997,0.219709208400646,0.927330173775671,0.908360128617363,0.255520504731861,0.577399380804954,0.0202177293934681,0.0523731587561375,0.562998405103668,0.536231884057971,1,0.4984375,0.00156985871271586,0.0364500792393027,0.0465489566613162,1,0.961661341853035,0.00158982511923688,0.303030303030303,0.95253682487725,0.0225806451612903,1,0.0016366612111293,0.99836867862969,0.046031746031746,0.473429951690821,0.0436817472698908,1,0.0359937402190923,0.0608424336973479,0.583333333333333,0.933539412673879,0.946031746031746,0.0354938271604938,0.959349593495935,0.00321543408360129,0.636363636363636,0.959871589085072,0.879614767255217,0.506451612903226,0.968051118210863,0.959375,0.00606980273141123,0.132569558101473,0.361022364217252,0.0147540983606557,0.0112359550561798,0.9625,0.29874213836478,0.604724409448819,0,0.980582524271845,0.618683001531394,0.0227272727272727,0.082018927444795,1,0.0191387559808612,0.878836833602585,0.201288244766506,0.0178571428571429,1,0.9008,0.0331230283911672,0.00475435816164818,0.00309119010819165,0.963258785942492,0.964401294498382,0.00469483568075117,0.154220779220779,0.136363636363636,0.955766192733017,0.00157232704402516,0.953748006379585,0.947619047619048,0.221528861154446,0.00156739811912226,0.310185185185185,0.164110429447853,0.96260162601626,0.0580645161290323,0.343598055105348,0.63258785942492,0.925864909390445,0.379968203497615,1,0.00476190476190476,0.0111821086261981,0.930599369085173,0.947530864197531,0.953488372093023,0.00157232704402516,0.00157977883096367,0.510433386837881,0.00165289256198347,0.448387096774194,0.00157977883096367,1,1,0.549679487179487,0.543130990415335,0.977491961414791,0.0431309904153355,0.930047694753577,0.579598145285935,0.975961538461538,0.508169934640523,0.0302066772655008,0.566558441558442,0.0016025641025641,0.940532081377152,0.952229299363057,0.643192488262911,0.015552099533437,0.00805152979066022,0.0264462809917355,0.4421875,0.00784929356357928,0.516483516483517,0.520376175548589,1,0.910631741140216,0.0299212598425197,1,0.523809523809524,0.087719298245614,0.995184590690209,0.998387096774194,0.0550161812297735,0.373355263157895,0.289514866979656,1,0.0031201248049922,0.956723338485317,0.00469483568075117,0.89968152866242,0.0223642172523962,1,0.1669341894061,0.573926868044515,0.0208,1,0.998366013071895,0.00153374233128834,0.0261011419249592
"129",0.0334855403348554,0.0358255451713396,0.0322085889570552,0.0359937402190923,0,0,0,0,0,0,0,0,0,0,0,0,0,0,0,0,0,0.0262345679012346,0.0369230769230769,0,0,0,0,0,0,0,0,0,0,0,0,0,0,0,0,0,0,0,0,0,0,0,0,0.039039039039039,0.0418535127055306,0.0360501567398119,0.0410742496050553,0,0.659476117103236,0.492935635792779,0,0,0,0.060882800608828,0,0,0,0,0,0,0,0,0,0,0,0,0.00308166409861325,0.00949367088607595,0,0,0,0,0,0,0,0,0.0358255451713396,0,0,0,0,0,0,0.0015600624024961,0,0.00309119010819165,0,0,0,0.0188679245283019,0,0,0.03725782414307,0.811746987951807,0.970031545741325,0.96513470681458,0.958397534668721,0.838862559241706,0.100470957613815,0.121835443037975,0.738654147104851,0.477203647416413,0.958652373660031,0.933438985736926,0.483412322274882,0.5,0.0352220520673813,0.532428355957768,0.963076923076923,0.942901234567901,0.962382445141066,0.0353846153846154,0.0697674418604651,0.972136222910217,0.71499176276771,0.0825396825396825,0.942857142857143,0.0399385560675883,0.959216965742251,0.036624203821656,0.98310291858679,0.520440251572327,0.93587786259542,0.0359937402190923,1,0.922374429223744,0.46875,0.0990990990990991,0.0772797527047913,0.921092564491654,0.0679304897314376,0.959375,0.365591397849462,0.0708782742681048,0.152777777777778,0.493788819875776,0.0687022900763359,0.0732824427480916,0.95952023988006,0.909952606635071,0.628304821150855,0.951026856240126,0.95046439628483,0.066358024691358,0.719879518072289,0.444961240310077,0.958795562599049,0.0485133020344288,0.433587786259542,0.959375,0.913846153846154,0.0341085271317829,1,0.142857142857143,0.804012345679012,0.957613814756672,0.0375,0.141975308641975,0.957943925233645,0.961538461538462,0.964017991004498,0.0632716049382716,0.0682539682539682,0.954545454545455,0.825949367088608,0.837795275590551,0.0640625,0.964669738863287,0.0728682170542636,0.0775193798449612,0.764525993883792,0.958461538461538,0.714285714285714,0.886397608370703,0.0644654088050314,0.982785602503912,0.687797147385103,0.394171779141104,0.112721417069243,0.648606811145511,0.037037037037037,0.962848297213622,0.963246554364472,0.101404056162246,0.0742942050520059,0.0742424242424242,0.957251908396947,0.956989247311828,0.537290715372907,0.969551282051282,0.544461778471139,0.957575757575758,0.0361635220125786,0.0337941628264209,0.501552795031056,0.461897356143079,0.0567484662576687,0.935285053929122,0.102009273570325,0.474242424242424,0.0662557781201849,0.528213166144201,0.950226244343891,0.450393700787402,0.96417445482866,0.0948012232415902,0.0699844479004666,0.356814701378254,0.950233281493002,0.958778625954198,0.956661316211878,0.608628659476117,0.96,0.53822629969419,0.528771384136858,0.0358255451713396,0.115151515151515,0.953846153846154,0.0358255451713396,0.52790346907994,0.914860681114551,0.0421875,0.0416,0.951104100946372,0.665064102564103,0.724505327245053,0.0379362670713202,0.96078431372549,0.0695915279878971,0.955792682926829,0.128637059724349,0.95852534562212,0.0353846153846154,0.888198757763975,0.481308411214953,0.954128440366973,0.035548686244204,0.0380952380952381,0.964831804281346,0.979233226837061
"130",0.0623100303951368,0.0553064275037369,0.0572755417956656,0.0619195046439628,0,0,0,0,0,0,0,0,0,0,0,0,0,0,0,0,0,0.0258358662613982,0.0392156862745098,0,0,0,0,0,0,0,0,0,0,0,0,0,0,0,0,0,0,0,0,0,0,0,0,0.0618401206636501,0.0542168674698795,0.0636942675159236,0.0534591194968553,0,0.653250773993808,0.489130434782609,0,0,0,0.0518292682926829,0,0,0,0,0,0,0,0,0,0,0,0,0.00308641975308642,0.00625978090766823,0,0,0,0,0,0,0,0,0.0289193302891933,0,0,0,0,0,0,0.00153374233128834,0,0.00313479623824451,0,0,0,0.0189873417721519,0,0,0.0675675675675676,0.816568047337278,0.938461538461538,0.932917316692668,0.961948249619482,0.775351014040562,0.122670807453416,0.141287284144427,0.73587786259542,0.517397881996974,0.953172205438066,0.987673343605547,0.514866979655712,0.537007874015748,0.0598159509202454,0.559633027522936,0.949771689497717,0.983483483483483,0.909090909090909,0.0591805766312595,0.0931297709923664,0.946236559139785,0.788961038961039,0.0904836193447738,0.923556942277691,0.0559757942511346,0.935379644588045,0.0580847723704867,0.914110429447853,0.552425665101721,0.951515151515152,0.0608424336973479,0.922374429223744,1,0.500782472613459,0.12035661218425,0.104229607250755,0.90273556231003,0.0933544303797468,0.940275650842266,0.379727685325265,0.0907715582450832,0.162861491628615,0.515384615384615,0.0826833073322933,0.0899390243902439,0.94213649851632,0.859399684044234,0.647692307692308,0.928909952606635,0.931570762052877,0.0940819423368741,0.786466165413534,0.481481481481481,0.939252336448598,0.0683229813664596,0.474962063732929,0.95748031496063,0.921212121212121,0.0591805766312595,0.941448382126348,0.1850699844479,0.76271186440678,0.954128440366973,0.0590062111801242,0.18140243902439,0.976708074534162,0.930091185410334,0.940298507462687,0.0874233128834356,0.0893416927899686,0.938461538461538,0.809006211180124,0.830745341614907,0.0931297709923664,0.942942942942943,0.0920436817472699,0.101880877742947,0.758208955223881,0.939393939393939,0.786786786786787,0.825185185185185,0.0907668231611894,0.902973395931142,0.758620689655172,0.432267884322679,0.120385232744783,0.718461538461538,0.0601851851851852,0.942812982998454,0.928134556574923,0.118098159509202,0.104011887072808,0.0963855421686747,0.9375,0.93394777265745,0.580893682588598,0.940226171243942,0.569206842923795,0.938622754491018,0.0634674922600619,0.0596330275229358,0.534246575342466,0.476635514018692,0.0853658536585366,0.914241960183767,0.128398791540786,0.517293233082707,0.0872274143302181,0.565420560747664,0.950995405819296,0.447204968944099,0.93558282208589,0.103030303030303,0.0955315870570108,0.358006042296073,0.931714719271624,0.952086553323029,0.968,0.652373660030628,0.957511380880121,0.581954887218045,0.572741194486983,0.0564263322884013,0.134529147982063,0.975794251134644,0.0635658914728682,0.545454545454545,0.972265023112481,0.0598159509202454,0.0537124802527646,0.968454258675079,0.711356466876972,0.77027027027027,0.0595238095238095,0.939209726443769,0.0880597014925373,0.938931297709924,0.147692307692308,0.975757575757576,0.0606980273141123,0.829984544049459,0.510869565217391,0.963470319634703,0.0641221374045802,0.0590111642743222,0.937125748502994,0.939102564102564
"131",0.564945226917058,0.563091482649842,0.569620253164557,0.579545454545455,0,0,0,0,0,0,0,0,0,0,0,0,0,0,0,0,0,0.0112,0.0110410094637224,0,0,0,0,0,0,0,0,0,0,0,0,0,0,0,0,0,0,0,0,0,0,0,0,0.561919504643963,0.577639751552795,0.579710144927536,0.555915721231767,0,0.304416403785489,0.220257234726688,0,0,0,0.023696682464455,0,0,0,0,0,0,0,0,0,0,0,0,0.00158730158730159,0.00163398692810458,0,0,0,0,0,0,0,0,0.0093603744149766,0,0,0,0,0,0,0,0,0.00162866449511401,0,0,0,0.00803858520900321,0,0,0.581288343558282,0.45625,0.43338683788122,0.419249592169657,0.4448,0.564437194127243,0.649842271293375,0.675806451612903,0.487261146496815,0.984591679506934,0.438948995363215,0.491027732463295,0.921474358974359,0.969502407704655,0.572784810126582,0.796529968454259,0.452418096723869,0.47068145800317,0.482539682539683,0.569620253164557,0.606973058637084,0.433070866141732,0.755852842809365,0.640322580645161,0.431340872374798,0.562204724409449,0.397708674304419,0.579119086460033,0.458730158730159,0.54281098546042,0.486780715396579,0.583333333333333,0.46875,0.500782472613459,1,0.599688473520249,0.605633802816901,0.421216848673947,0.600977198697068,0.43015873015873,0.563182527301092,0.613707165109034,0.588607594936709,0.537854889589905,0.592767295597484,0.593700787401575,0.431888544891641,0.528830313014827,0.525040387722132,0.408064516129032,0.437001594896332,0.598086124401914,0.75,1,0.431781701444623,0.591346153846154,1,0.443910256410256,0.506329113924051,0.563380281690141,0.451355661881978,0.680445151033386,0.486443381180223,0.450479233226837,0.571658615136876,0.677265500794913,0.478672985781991,0.428571428571429,0.4,0.592233009708738,0.602254428341385,0.426332288401254,0.4375,0.438202247191011,0.61189358372457,0.417840375586854,0.610576923076923,0.60731319554849,0.44794952681388,0.428348909657321,0.741835147744946,0.52887537993921,0.604200323101777,0.473170731707317,0.764135702746365,0.692307692307692,0.65415986949429,0.820754716981132,0.583067092651757,0.400641025641026,0.428346456692913,0.594249201277955,0.610687022900763,0.623255813953488,0.419968304278922,0.417721518987342,0.962441314553991,0.445901639344262,0.5456,0.44392523364486,0.579967689822294,0.564873417721519,0.979397781299525,0.507269789983845,0.5904,0.442492012779553,0.581210191082803,1,0.583465818759936,0.961227786752827,0.447619047619048,0.526315789473684,0.431528662420382,0.608150470219436,0.614767255216693,0.575193798449612,0.444094488188976,0.423380726698262,0.44297520661157,0.901869158878505,0.432389937106918,0.966876971608833,0.967948717948718,0.587677725118483,0.655384615384615,0.476038338658147,0.56661316211878,0.941267387944359,0.52724358974359,0.5728,0.552674230145867,0.5,0.838762214983713,0.740973312401884,0.564491654021244,0.420560747663551,0.609831029185868,0.411580594679186,0.613564668769716,0.44251968503937,0.559429477020602,0.550632911392405,0.97626582278481,0.468652037617555,0.577106518282989,0.563426688632619,0.429017160686427,0.448445171849427
"132",0.951145038167939,0.936746987951807,0.940998487140696,0.941628264208909,0,0,0,0,0,0,0,0,0,0,0,0,0,0,0,0,0,0.00300751879699248,0.00298953662182362,0,0,0,0,0,0,0,0,0,0,0,0,0,0,0,0,0,0,0,0,0,0,0,0,0.941353383458647,0.937219730941704,0.937007874015748,0.937019969278034,0.00150829562594268,0.0423600605143722,0.0346385542168675,0,0,0,0.00455927051671732,0,0,0,0,0,0,0,0,0,0,0,0,0.00151057401812689,0,0,0,0,0,0,0,0,0,0.003003003003003,0,0,0,0,0,0,0,0,0.00154320987654321,0,0,0,0.00308166409861325,0,0,0.936011904761905,0.234948604992658,0.0729483282674772,0.0647149460708783,0.0856269113149847,0.273846153846154,0.958966565349544,0.945904173106646,0.314503816793893,0.577777777777778,0.0911808669656203,0.115740740740741,0.570762052877138,0.567119155354449,0.931297709923664,0.535232383808096,0.0634441087613293,0.086232980332829,0.100751879699248,0.938066465256798,0.974436090225564,0.0625,0.340872374798061,0.9625,0.086687306501548,0.936390532544379,0.0584518167456556,0.941176470588235,0.105740181268882,0.486111111111111,0.0989505247376312,0.933539412673879,0.0990990990990991,0.12035661218425,0.599688473520249,1,0.960426179604262,0.0976331360946746,0.976780185758514,0.0623100303951368,0.709580838323353,0.970858895705521,0.974045801526718,0.527863777089783,0.972727272727273,0.974164133738602,0.0673499267935578,0.200626959247649,0.426810477657935,0.0825545171339564,0.0741885625965997,0.965309200603318,0.350591715976331,0.617960426179604,0.0631741140215717,0.956989247311828,0.620426829268293,0.0736196319018405,0.140030441400304,0.938461538461538,0.0817901234567901,0.907120743034056,0.230421686746988,0.0842266462480858,0.938837920489297,0.854740061162079,0.0984848484848485,0.0615615615615616,0.0638930163447251,0.968277945619335,0.970404984423676,0.0506134969325153,0.204018547140649,0.206471494607088,0.977272727272727,0.0632530120481928,0.986342943854325,0.993865030674847,0.280415430267062,0.0626865671641791,0.350903614457831,0.225146198830409,0.9671875,0.113671274961598,0.377708978328173,0.664167916041979,0.957142857142857,0.421133231240429,0.937784522003035,0.0652503793626707,0.0646616541353384,0.984894259818731,0.985163204747775,0.972727272727273,0.0656488549618321,0.0599078341013825,0.537290715372907,0.0559105431309904,0.462249614791988,0.0611940298507463,0.939301972685888,0.932533733133433,0.574886535552194,0.570987654320988,0.961832061068702,0.0998487140695915,0.884792626728111,0.586989409984871,0.929003021148036,0.536547433903577,0.0873493975903614,0.5609375,0.0672782874617737,0.951951951951952,0.967791411042945,0.690225563909774,0.0783132530120482,0.0655487804878049,0.0846394984326019,0.478915662650602,0.0621212121212121,0.528358208955224,0.532428355957768,0.940366972477064,0.941964285714286,0.0891238670694864,0.93587786259542,0.539259259259259,0.133834586466165,0.941628264208909,0.936708860759494,0.111111111111111,0.412322274881517,0.339820359281437,0.938144329896907,0.0699404761904762,0.971641791044776,0.0651515151515152,1,0.0810810810810811,0.932228915662651,0.231467473524962,0.590839694656489,0.0794602698650675,0.937689969604863,0.935534591194969,0.0673652694610778,0.0832049306625578
"133",0.960815047021944,0.950155763239875,0.956112852664577,0.956239870340357,0,0,0,0,0,0,0,0,0,0,0,0,0,0,0,0,0,0,0,0,0,0,0,0,0,0,0,0,0,0,0,0,0,0,0,0,0,0,0,0,0,0,0,0.96048632218845,0.954682779456193,0.95016077170418,0.955414012738854,0.00155763239875389,0.0296875,0.0206022187004754,0,0,0,0.0046656298600311,0,0,0,0,0,0,0,0,0,0,0,0,0,0,0,0,0,0,0,0,0,0,0.0031055900621118,0,0,0,0,0,0,0,0,0,0,0,0,0.00316957210776545,0,0,0.956989247311828,0.226100151745068,0.0549450549450549,0.0431309904153355,0.0717628705148206,0.24483306836248,0.9609375,0.946287519747235,0.31911532385466,0.597243491577335,0.0712121212121212,0.107255520504732,0.593167701863354,0.576923076923077,0.9546875,0.543887147335423,0.0485133020344288,0.0760869565217391,0.0889235569422777,0.957746478873239,0.988924050632911,0.0455974842767296,0.332786885245902,0.975961538461538,0.0700636942675159,0.950155763239875,0.0420032310177706,0.959935897435897,0.0832025117739403,0.503236245954693,0.0796875,0.946031746031746,0.0772797527047913,0.104229607250755,0.605633802816901,0.960426179604262,1,0.073394495412844,0.9856,0.0421875,0.674884437596302,0.986089644513138,0.911627906976744,0.535885167464115,0.982731554160126,0.981395348837209,0.0488549618320611,0.168012924071082,0.450236966824645,0.0630914826498423,0.0498442367601246,0.980152671755725,0.341463414634146,0.618153364632238,0.0440251572327044,0.973312401883831,0.621987951807229,0.0552922590837283,0.125588697017268,0.953632148377125,0.0640625,0.91692789968652,0.242424242424242,0.0653907496012759,0.954330708661417,0.868253968253968,0.0829420970266041,0.0512422360248447,0.0429447852760736,0.989028213166144,0.987158908507223,0.0395738203957382,0.192556634304207,0.173501577287066,0.989180834621329,0.0449612403100775,0.984152139461173,0.984152139461173,0.269349845201238,0.0477657935285054,0.346444780635401,0.189393939393939,0.987281399046105,0.0955414012738854,0.36741214057508,0.660964230171073,0.964630225080386,0.409162717219589,0.95141065830721,0.0499219968798752,0.0516431924882629,0.956589147286822,0.980152671755725,0.992378048780488,0.046875,0.0404984423676012,0.539308176100629,0.0373983739837398,0.475590551181102,0.0461538461538462,0.952755905511811,0.956521739130435,0.576086956521739,0.541864139020537,0.981366459627329,0.0802469135802469,0.910798122065728,0.596244131455399,0.94679186228482,0.5456,0.0700934579439252,0.576190476190476,0.046875,0.979938271604938,0.989164086687306,0.704097116843703,0.0682170542635659,0.046656298600311,0.0733652312599681,0.467817896389325,0.0464396284829721,0.531881804043546,0.536923076923077,0.957547169811321,0.952307692307692,0.0782208588957055,0.954041204437401,0.550769230769231,0.129082426127527,0.958268933539413,0.952681388012618,0.103833865814696,0.396468699839486,0.335889570552147,0.954268292682927,0.050381679389313,0.998461538461539,0.0500782472613459,0.930926216640502,0.0654205607476635,0.950769230769231,0.190625,0.60062893081761,0.0623052959501558,0.95141065830721,0.954911433172303,0.0428790199081164,0.0676328502415459
"134",0.0396341463414634,0.0390015600624025,0.0401234567901235,0.0362776025236593,0,0,0,0,0,0,0,0,0,0,0,0,0,0,0,0,0,0.0290076335877863,0.0412213740458015,0,0,0,0,0,0,0,0,0,0,0,0,0,0,0,0,0,0,0,0,0,0,0,0,0.0419161676646707,0.0406015037593985,0.0400641025641026,0.0328125,0,0.667706708268331,0.494607087827427,0,0,0,0.055045871559633,0,0,0,0,0,0,0,0,0,0,0,0,0,0.00628930817610063,0,0,0,0,0,0,0,0,0.0259541984732824,0,0,0,0,0,0,0,0,0,0,0,0,0.0153374233128834,0,0,0.0389805097451274,0.801788375558867,0.948678071539658,0.962085308056872,0.9546875,0.748815165876777,0.0969230769230769,0.107476635514019,0.721538461538462,0.426204819277108,0.939169139465875,0.907120743034056,0.436420722135008,0.455259026687598,0.0386996904024768,0.490106544901065,0.965996908809892,0.920180722891566,0.921658986175115,0.0444104134762634,0.0685975609756098,0.967840735068913,0.686885245901639,0.0746500777604977,0.937402190923318,0.0396341463414634,0.955484896661367,0.0434782608695652,0.921779141104294,0.524256651017214,0.926093514328808,0.0354938271604938,0.921092564491654,0.90273556231003,0.421216848673947,0.0976331360946746,0.073394495412844,1,0.0655226209048362,0.954268292682927,0.422492401215805,0.0706605222734255,0.163608562691131,0.492236024844721,0.0580152671755725,0.0726172465960666,0.964285714285714,0.8272,0.616224648985959,0.965299684542587,0.956656346749226,0.0637329286798179,0.678300455235205,0.4051593323217,0.956521739130435,0.0610328638497653,0.388804841149773,0.935837245696401,0.889393939393939,0.0368663594470046,0.938650306748466,0.133956386292835,0.777777777777778,0.941176470588235,0.0464396284829721,0.1287284144427,0.929984779299848,0.959752321981424,0.959276018099548,0.0627871362940276,0.0618066561014263,1,0.900311526479751,0.925233644859813,0.0658499234303216,0.972602739726027,0.0668740279937792,0.0794392523364486,0.84812030075188,0.959090909090909,0.675036927621861,0.800590841949778,0.0714285714285714,0.903875968992248,0.640552995391705,0.381818181818182,0.0907643312101911,0.597859327217125,0.0402476780185759,0.959752321981424,0.951219512195122,0.101669195751138,0.0799396681749623,0.0786686838124055,0.962178517397882,0.964939024390244,0.48159509202454,0.953225806451613,0.563271604938272,0.96078431372549,0.0416666666666667,0.0421052631578947,0.451313755795981,0.465007776049767,0.0526315789473684,0.919207317073171,0.105426356589147,0.428358208955224,0.0571870170015456,0.479365079365079,0.934848484848485,0.438871473354232,0.958397534668721,0.0855855855855856,0.0693374422187981,0.397897897897898,0.94969512195122,0.956989247311828,0.932283464566929,0.551671732522796,0.94969512195122,0.477996965098634,0.481707317073171,0.0386996904024768,0.0980392156862745,0.925644916540212,0.0374414976599064,0.481371087928465,0.880733944954128,0.0490045941807044,0.0380348652931854,0.904088050314465,0.616613418530351,0.69218989280245,0.0386329866270431,0.960960960960961,0.0676691729323308,0.962121212121212,0.13953488372093,0.940639269406393,0.0369230769230769,0.797564687975647,0.436532507739938,0.936923076923077,0.0426829268292683,0.042654028436019,0.960665658093797,0.935433070866142
"135",0.974723538704581,0.962903225806452,0.968152866242038,0.965964343598055,0,0,0,0,0,0,0,0,0,0,0,0,0,0,0,0,0,0,0,0,0,0,0,0,0,0,0,0,0,0,0,0,0,0,0,0,0,0,0,0,0,0,0,0.967289719626168,0.965023847376789,0.968646864686469,0.966019417475728,0.0016,0.0227272727272727,0.017741935483871,0,0,0,0.00479233226837061,0,0,0,0,0,0,0,0,0,0,0,0,0.00163132137030995,0,0,0,0,0,0,0,0,0,0.00321027287319422,0,0,0,0,0,0,0,0,0.00161290322580645,0,0,0,0.0032520325203252,0,0,0.962145110410095,0.213836477987421,0.040453074433657,0.0308943089430894,0.0508196721311475,0.246376811594203,0.968102073365231,0.959415584415584,0.277324632952692,0.587025316455696,0.0556414219474498,0.0894308943089431,0.581993569131833,0.563517915309446,0.963492063492064,0.527646129541864,0.0359937402190923,0.0634920634920635,0.0814332247557003,0.96513470681458,1,0.0347003154574132,0.307820299500832,0.981937602627258,0.0470016207455429,0.961844197138315,0.0287648054145516,0.967051070840198,0.0781499202551834,0.495948136142626,0.0676100628930818,0.959349593495935,0.0679304897314376,0.0933544303797468,0.600977198697068,0.976780185758514,0.9856,0.0655226209048362,1,0.0353697749196141,0.705426356589147,0.998384491114701,0.921630094043887,0.540849673202614,0.993589743589744,0.992088607594937,0.0338983050847458,0.15702479338843,0.399350649350649,0.0456769983686786,0.0370967741935484,0.992138364779874,0.334375,0.607936507936508,0.0362438220757825,0.983844911147011,0.618897637795276,0.039344262295082,0.101910828025478,0.962295081967213,0.0538827258320127,0.9232,0.250401284109149,0.0502431118314425,0.966772151898734,0.880064829821718,0.0650406504065041,0.031496062992126,0.0347003154574132,0.9968,0.996688741721854,0.0235478806907378,0.178104575163399,0.163430420711974,1,0.0334394904458599,1,1,0.255520504731861,0.0369774919614148,0.333855799373041,0.186915887850467,0.99185667752443,0.0831973898858075,0.351910828025478,0.647058823529412,0.973856209150327,0.405103668261563,0.964686998394864,0.0374592833876222,0.0412044374009509,0.974481658692185,1,0.998402555910543,0.0315955766192733,0.0273311897106109,0.52931854199683,0.0247524752475248,0.469354838709677,0.0326086956521739,0.963317384370016,0.96656050955414,0.57120253164557,0.567524115755627,0.985623003194888,0.0739549839228296,0.905901116427432,0.586206896551724,0.950479233226837,0.537704918032787,0.0507131537242472,0.579710144927536,0.0355411954765751,0.977777777777778,0.988727858293076,0.683962264150943,0.048,0.0396825396825397,0.0568561872909699,0.456869009584665,0.0317460317460317,0.524642289348172,0.5328,0.971473851030111,0.962962962962963,0.0669856459330144,0.964630225080386,0.537974683544304,0.116987179487179,0.969793322734499,0.964285714285714,0.0863192182410423,0.395348837209302,0.311605723370429,0.964506172839506,0.0390015600624025,0.9984375,0.0337620578778135,0.940609951845907,0.0509554140127389,0.960505529225908,0.193181818181818,0.590982286634461,0.0501567398119122,0.9616,0.965630114566285,0.0331230283911672,0.0611570247933884
"136",0.00156985871271586,0,0.00158982511923688,0,0,0,0,0,0,0,0,0,0,0,0,0,0,0,0,0,0,0.0172413793103448,0.0297339593114241,0,0,0,0,0,0,0,0,0,0,0,0,0,0,0,0,0,0,0,0,0,0,0,0,0.00152905198776758,0.00152439024390244,0,0,0,0.705329153605016,0.527472527472527,0,0,0,0.0589147286821705,0,0,0,0,0,0,0,0,0,0,0,0,0.00321027287319422,0.0111642743221691,0,0,0,0,0,0,0,0,0.0344287949921753,0,0,0,0,0,0,0.0015527950310559,0,0.00320512820512821,0,0,0,0.0208667736757624,0,0,0.00154559505409583,0.840245775729647,0.995184590690209,0.998407643312102,0.977917981072555,0.783387622149837,0.0692913385826772,0.0837359098228663,0.75516693163752,0.43778801843318,0.978527607361963,0.947619047619048,0.43879173290938,0.468497576736672,0.00156739811912226,0.509375,0.998449612403101,0.962790697674419,0.965299684542587,0.0015527950310559,0.0294573643410853,1,0.711920529801324,0.0465489566613162,0.975922953451043,0.00311526479750779,1,0.00476947535771065,0.959183673469388,0.540064102564103,0.954198473282443,0.00321543408360129,0.959375,0.940275650842266,0.43015873015873,0.0623100303951368,0.0421875,0.954268292682927,0.0353697749196141,1,0.359253499222395,0.0341085271317829,0.113884555382215,0.507861635220126,0.028436018957346,0.0372670807453416,0.992458521870287,0.870550161812298,0.639109697933227,0.980952380952381,0.988993710691824,0.0359375,0.695652173913043,0.407751937984496,0.998397435897436,0.0144230769230769,0.4,0.977987421383648,0.916279069767442,0,0.982371794871795,0.117460317460317,0.806709265175719,0.978998384491115,0,0.115264797507788,0.9671875,0.995319812792512,1,0.0347003154574132,0.0340909090909091,0.996870109546166,0.860979462875197,0.875796178343949,0.0358255451713396,0.996875,0.0441640378548896,0.0447284345047923,0.786271450858034,0.998442367601246,0.690076335877863,0.837386018237082,0.0305958132045089,0.941082802547771,0.66131621187801,0.373065015479876,0.0711974110032362,0.623417721518987,0.00312989045383412,0.998412698412698,0.992199687987519,0.0670826833073323,0.045662100456621,0.04,0.998449612403101,0.998415213946117,0.503115264797508,1,0.564387917329094,1,0.0031496062992126,0.00156494522691706,0.466988727858293,0.485668789808917,0.0265625,0.957547169811321,0.0782472613458529,0.438569206842924,0.029874213836478,0.49597423510467,0.965408805031447,0.44888178913738,0.996840442338073,0.0530421216848674,0.0407523510971787,0.411490683229814,1,0.992248062015504,0.973684210526316,0.573228346456693,0.987577639751553,0.501538461538461,0.494470774091627,0.00157977883096367,0.0843558282208589,0.967592592592593,0,0.498470948012232,0.913112164296998,0.00792393026941363,0.00323624595469256,0.943639291465378,0.643790849673203,0.724727838258165,0.00152905198776758,0.9953125,0.038109756097561,0.995305164319249,0.0927672955974843,0.98116169544741,0.0031104199066874,0.835680751173709,0.43968253968254,0.975039001560062,0.00315457413249211,0.00647249190938511,0.996918335901387,0.982315112540193
"137",0.65284178187404,0.629457364341085,0.665151515151515,0.635802469135803,0,0,0,0,0,0,0,0,0,0,0,0,0,0,0,0,0,0.0105740181268882,0.0122511485451761,0,0,0,0,0,0,0,0,0,0,0,0,0,0,0,0,0,0,0,0,0,0,0,0,0.649624060150376,0.648809523809524,0.6421875,0.630094043887147,0.0015527950310559,0.22360248447205,0.175654853620955,0,0,0,0.0258358662613982,0,0,0,0,0,0,0,0,0,0,0,0,0.00154559505409583,0.0031496062992126,0,0,0,0,0,0,0,0,0.0137614678899083,0,0,0,0,0,0,0,0,0.00153846153846154,0,0,0,0.00933125972006221,0,0,0.639344262295082,0.432190760059613,0.363496932515337,0.358814352574103,0.371559633027523,0.425897035881435,0.673343605546995,0.675465838509317,0.466666666666667,0.548872180451128,0.376681614349776,0.393416927899687,0.527692307692308,0.546707503828484,0.637747336377473,0.527272727272727,0.361861861861862,0.376327769347496,0.380216383307573,0.653030303030303,0.674809160305344,0.353302611367127,0.450657894736842,0.674528301886792,0.369327073552426,0.639517345399698,0.36734693877551,0.626182965299685,0.371165644171779,0.544186046511628,0.38368580060423,0.636363636363636,0.365591397849462,0.379727685325265,0.563182527301092,0.709580838323353,0.674884437596302,0.422492401215805,0.705426356589147,0.359253499222395,1,0.687595712098009,0.789634146341463,0.541538461538462,0.683001531393568,0.678843226788432,0.375186846038864,0.420970266040689,0.498452012383901,0.365891472868217,0.357473035439137,0.669161676646707,0.469172932330827,0.576323987538941,0.370486656200942,0.658986175115207,0.549317147192716,0.376344086021505,0.39209726443769,0.639016897081413,0.375,0.65527950310559,0.451463790446841,0.367283950617284,0.649310872894334,0.597523219814242,0.380804953560372,0.355932203389831,0.35575485799701,0.671779141104294,0.687306501547988,0.273556231003039,0.472049689440994,0.49375,0.689024390243902,0.382753403933434,0.685847589424572,0.708074534161491,0.512820512820513,0.355623100303951,0.474150664697194,0.425438596491228,0.665620094191523,0.383435582822086,0.465732087227414,0.524242424242424,0.690966719492868,0.484520123839009,0.641975308641975,0.352484472049689,0.36405529953917,0.694444444444444,0.71898355754858,0.700751879699248,0.366003062787136,0.364457831325301,0.53680981595092,0.3456,0.524409448818898,0.352238805970149,0.645357686453577,0.636225266362253,0.557603686635945,0.562305295950156,0.659509202453988,0.370481927710843,0.644716692189893,0.554878048780488,0.650695517774343,0.534181240063593,0.371559633027523,0.529874213836478,0.362928348909657,0.674772036474164,0.677862595419847,0.606334841628959,0.367781155015198,0.361832061068702,0.361331220285261,0.513761467889908,0.361408882082695,0.528528528528528,0.514503816793893,0.657320872274143,0.670118343195266,0.370650529500756,0.644067796610169,0.537091988130564,0.385560675883257,0.64451313755796,0.640127388535032,0.378834355828221,0.506269592476489,0.464071856287425,0.639760837070254,0.372549019607843,0.669161676646707,0.34947049924357,0.888379204892966,0.365591397849462,0.643835616438356,0.43010752688172,0.557427258805513,0.372549019607843,0.630769230769231,0.654574132492114,0.350148367952522,0.35981308411215
"138",0.971830985915493,0.965678627145086,0.970266040688576,0.965299684542587,0,0,0,0,0,0,0,0,0,0,0,0,0,0,0,0,0,0,0,0,0,0,0,0,0,0,0,0,0,0,0,0,0,0,0,0,0,0,0,0,0,0,0,0.969418960244648,0.961890243902439,0.964686998394864,0.966019417475728,0.00156494522691706,0.0202808112324493,0.0158227848101266,0,0,0,0.00156739811912226,0,0,0,0,0,0,0,0,0,0,0,0,0,0,0,0,0,0,0,0,0,0,0.00156494522691706,0,0,0,0,0,0,0,0,0,0,0,0,0.00159235668789809,0,0,0.964777947932619,0.199095022624434,0.0455974842767296,0.0317965023847377,0.055205047318612,0.246006389776358,0.966981132075472,0.9671875,0.269170579029734,0.598784194528875,0.0598159509202454,0.0834645669291339,0.604395604395604,0.575516693163752,0.96411856474259,0.535987748851455,0.0384615384615385,0.0590979782270607,0.0784929356357928,0.9703125,1,0.0341614906832298,0.314144736842105,0.984227129337539,0.0525477707006369,0.963020030816641,0.0342019543973941,0.971337579617834,0.0803149606299213,0.496050552922591,0.0718654434250764,0.959871589085072,0.0708782742681048,0.0907715582450832,0.613707165109034,0.970858895705521,0.986089644513138,0.0706605222734255,0.998384491114701,0.0341085271317829,0.687595712098009,1,0.921174652241113,0.527733755942948,0.995290423861852,0.992307692307692,0.0378787878787879,0.163232963549921,0.380348652931854,0.0522151898734177,0.0408163265306122,0.987711213517665,0.32572298325723,0.63751987281399,0.036624203821656,0.985714285714286,0.634556574923547,0.0442338072669826,0.116279069767442,0.965678627145086,0.0534591194968553,0.918876755070203,0.226415094339623,0.0527950310559006,0.968895800933126,0.887675507020281,0.0664556962025316,0.0372670807453416,0.0322085889570552,1,0.998430141287284,0.0246153846153846,0.19047619047619,0.162939297124601,1,0.0357698289269051,0.998427672955975,0.995268138801262,0.26625386996904,0.0383435582822086,0.330781010719755,0.201503759398496,0.993670886075949,0.0856697819314642,0.35828025477707,0.665639445300462,0.975688816855754,0.3984375,0.965408805031447,0.0365079365079365,0.0408163265306122,0.97045101088647,0.995468277945619,1,0.0336391437308868,0.0298273155416013,0.531152647975078,0.0260586319218241,0.463375796178344,0.0337423312883436,0.964006259780908,0.964723926380368,0.572337042925278,0.55205047318612,0.984276729559748,0.0744186046511628,0.916795069337442,0.601851851851852,0.95625,0.544585987261146,0.0587326120556414,0.577044025157233,0.0361067503924647,0.978461538461538,0.989028213166144,0.678407350689127,0.0455259026687598,0.0390015600624025,0.0551053484602917,0.456521739130435,0.0326086956521739,0.534456355283308,0.549844236760125,0.967238689547582,0.95230998509687,0.0662557781201849,0.963665086887836,0.551145038167939,0.116352201257862,0.967136150234742,0.963607594936709,0.0920634920634921,0.381410256410256,0.316998468606432,0.965465465465465,0.0388198757763975,1,0.0373250388802488,0.936532507739938,0.0512422360248447,0.96411856474259,0.192846034214619,0.5953125,0.04858934169279,0.9629057187017,0.9664,0.0353846153846154,0.0507936507936508
"139",0.894488188976378,0.884375,0.883359253499222,0.888535031847134,0,0,0,0,0,0,0,0,0,0,0,0,0,0,0,0,0,0.00461538461538462,0.00469483568075117,0,0,0,0,0,0,0,0,0,0,0,0,0,0,0,0,0,0,0,0,0,0,0,0,0.888036809815951,0.889230769230769,0.883386581469649,0.884194053208138,0.00157232704402516,0.0697674418604651,0.059375,0,0,0,0.00782472613458529,0,0,0,0,0,0,0,0,0,0,0,0,0.0015748031496063,0,0,0,0,0,0,0,0,0,0.00463678516228748,0,0,0,0,0,0,0,0,0.00156985871271586,0,0,0,0.00473186119873817,0,0,0.882882882882883,0.264931087289433,0.122065727699531,0.114779874213836,0.137440758293839,0.287781350482315,0.902973395931142,0.892063492063492,0.335413416536661,0.572085889570552,0.137404580152672,0.159744408945687,0.568965517241379,0.557877813504823,0.8734375,0.52803738317757,0.117283950617284,0.130434782608696,0.155172413793103,0.888024883359253,0.919129082426128,0.108191653786708,0.345394736842105,0.908082408874802,0.14218009478673,0.887692307692308,0.117549668874172,0.879614767255217,0.148669796557121,0.495268138801262,0.148773006134969,0.879614767255217,0.152777777777778,0.162861491628615,0.588607594936709,0.974045801526718,0.911627906976744,0.163608562691131,0.921630094043887,0.113884555382215,0.789634146341463,0.921174652241113,1,0.5296875,0.924031007751938,0.924382716049383,0.116941529235382,0.234177215189873,0.439102564102564,0.127962085308057,0.126365054602184,0.912442396313364,0.359447004608295,0.593700787401575,0.121019108280255,0.90282131661442,0.592933947772657,0.132701421800948,0.175465838509317,0.885579937304075,0.140405616224649,0.853503184713376,0.2864,0.134069400630915,0.883647798742138,0.800955414012739,0.143974960876369,0.116640746500778,0.123100303951368,0.908675799086758,0.916271721958926,0.0851393188854489,0.268488745980707,0.264,0.929467084639498,0.114728682170543,0.933014354066986,0.94620253164557,0.347626339969372,0.116459627329193,0.36404833836858,0.251134644478064,0.909952606635071,0.163009404388715,0.380726698262243,0.667706708268331,0.911147011308562,0.409733124018838,0.884735202492212,0.121684867394696,0.118380062305296,0.987441130298273,0.935143288084465,0.928353658536585,0.121913580246914,0.123824451410658,0.520801232665639,0.101806239737274,0.472178060413355,0.110271903323263,0.884375,0.877708978328173,0.560747663551402,0.572542901716069,0.906645569620253,0.142633228840125,0.843167701863354,0.576271186440678,0.881901840490798,0.525316455696203,0.129032258064516,0.554662379421222,0.1265625,0.902587519025875,0.918622848200313,0.68558282208589,0.131045241809672,0.119195046439628,0.13237639553429,0.471494607087827,0.111627906976744,0.52824427480916,0.521943573667712,0.887675507020281,0.884848484848485,0.136294027565084,0.880314960629921,0.528072837632777,0.180124223602484,0.887323943661972,0.882258064516129,0.166139240506329,0.415857605177994,0.349157733537519,0.885022692889561,0.119565217391304,0.916666666666667,0.109737248840804,0.987421383647799,0.130030959752322,0.878504672897196,0.25115562403698,0.578125,0.132192846034215,0.886792452830189,0.886035313001605,0.11854103343465,0.123376623376623
"140",0.499215070643642,0.493589743589744,0.50314465408805,0.501618122977346,0,0,0,0,0,0,0,0,0,0,0,0,0,0,0,0,0,0.0252365930599369,0.029595015576324,0,0,0,0,0,0,0,0,0,0,0,0,0,0,0,0,0,0,0,0,0,0,0,0,0.496111975116641,0.503076923076923,0.505691056910569,0.510500807754443,0.00159235668789809,0.345368916797488,0.261904761904762,0,0,0,0.0314465408805031,0,0,0,0,0,0,0,0,0,0,0,0,0.00157232704402516,0.00162337662337662,0,0,0,0,0,0,0,0,0.015748031496063,0,0,0,0,0,0,0,0,0.00161812297734628,0,0,0,0.00788643533123028,0,0,0.511627906976744,0.675384615384615,0.502369668246445,0.499189627228525,0.500789889415482,0.507223113964687,0.559485530546624,0.536348949919225,0.750798722044728,0.531446540880503,0.519319938176198,0.524271844660194,0.601286173633441,0.530546623794212,0.494539781591264,0.607255520504732,0.489922480620155,0.511700468018721,0.56031746031746,0.507911392405063,0.516587677725118,0.495253164556962,0.529510961214165,0.521669341894061,0.540064102564103,0.488993710691824,0.487644151565074,0.46515397082658,0.510301109350238,0.959677419354839,0.503105590062112,0.506451612903226,0.493788819875776,0.515384615384615,0.537854889589905,0.527863777089783,0.535885167464115,0.492236024844721,0.540849673202614,0.507861635220126,0.541538461538462,0.527733755942948,0.5296875,1,0.533018867924528,0.517996870109546,0.501533742331288,0.517799352750809,0.803542673107891,0.492753623188406,0.508607198748044,0.547318611987382,0.531446540880503,0.53198127925117,0.49512987012987,0.521060842433697,0.546439628482972,0.5,0.549606299212598,0.494539781591264,0.502362204724409,0.549520766773163,0.628346456692913,0.506289308176101,0.50314465408805,0.5104,0.524642289348172,0.458990536277603,0.507598784194529,0.507763975155279,0.529411764705882,0.489795918367347,0.5375,0.519108280254777,0.519047619047619,0.493023255813954,0.527821939586645,0.53160453808752,0.552755905511811,0.501557632398754,0.529411764705882,0.503058103975535,0.506430868167203,0.498392282958199,0.538336052202284,0.562401263823065,0.529411764705882,0.528951486697966,0.511041009463722,0.500789889415482,0.509433962264151,0.530421216848674,0.53323029366306,0.536661466458658,0.476043276661515,0.490595611285266,0.535714285714286,0.483552631578947,0.903381642512077,0.512383900928793,0.487421383647799,0.506269592476489,0.532591414944356,0.719745222929936,0.536741214057508,0.5392,0.612244897959184,0.510108864696734,0.558213716108453,0.542071197411003,0.494590417310665,0.908346972176759,0.499202551834131,0.541269841269841,0.535433070866142,0.548837209302326,0.496845425867508,0.507109004739337,0.497536945812808,0.560629921259843,0.510236220472441,0.53125,0.527646129541864,0.5,0.536697247706422,0.4921875,0.501597444089457,0.531587057010786,0.509523809523809,0.509554140127389,0.507364975450082,0.508885298869144,0.551386623164764,0.539657853810264,0.511664074650078,0.490683229813665,0.513097072419106,0.496147919876733,0.540412044374009,0.48811410459588,0.514866979655712,0.515007898894155,0.534920634920635,0.510204081632653,0.496845425867508,0.510569105691057,0.482866043613707,0.506514657980456
"141",0.976816074188563,0.971786833855799,0.973805855161787,0.97456279809221,0,0,0,0,0,0,0,0,0,0,0,0,0,0,0,0,0,0,0,0,0,0,0,0,0,0,0,0,0,0,0,0,0,0,0,0,0,0,0,0,0,0,0,0.977099236641221,0.970769230769231,0.970873786407767,0.973101265822785,0.00156985871271586,0.0170542635658915,0.0156494522691706,0,0,0,0.00469483568075117,0,0,0,0,0,0,0,0,0,0,0,0,0.0015748031496063,0,0,0,0,0,0,0,0,0,0.00304878048780488,0,0,0,0,0,0,0,0,0.00157977883096367,0,0,0,0.00322061191626409,0,0,0.972602739726027,0.197852760736196,0.0361635220125786,0.0241545893719807,0.0461783439490446,0.245614035087719,0.963665086887836,0.952904238618524,0.266975308641975,0.576631259484067,0.044478527607362,0.0782747603833866,0.584251968503937,0.554140127388535,0.968652037617555,0.528125,0.0287443267776097,0.0464396284829721,0.0753532182103611,0.9734375,0.995305164319249,0.0286168521462639,0.328308207705193,0.980707395498392,0.0496,0.971608832807571,0.0227272727272727,0.971473851030111,0.0804416403785489,0.482371794871795,0.0652173913043478,0.968051118210863,0.0687022900763359,0.0826833073322933,0.592767295597484,0.972727272727273,0.982731554160126,0.0580152671755725,0.993589743589744,0.028436018957346,0.683001531393568,0.995290423861852,0.924031007751938,0.533018867924528,1,1,0.0303030303030303,0.159420289855072,0.373397435897436,0.0453808752025932,0.0344827586206897,0.987767584097859,0.344135802469136,0.618670886075949,0.0287081339712919,0.99203821656051,0.622464898595944,0.03486529318542,0.0901898734177215,0.971608832807571,0.0442338072669826,0.911811023622047,0.220657276995305,0.0423197492163009,0.9765625,0.885895404120444,0.0541795665634675,0.031055900621118,0.0256410256410256,0.998427672955975,1,0.0199692780337942,0.182677165354331,0.165605095541401,0.995275590551181,0.0247678018575851,0.988906497622821,0.987261146496815,0.253048780487805,0.0289634146341463,0.343653250773994,0.19478527607362,0.99198717948718,0.0906200317965024,0.378861788617886,0.653188180404355,0.967585089141005,0.421630094043887,0.973228346456693,0.0285261489698891,0.0344827586206897,0.970219435736677,0.986342943854325,0.993865030674847,0.0263565891472868,0.0236220472440945,0.531782945736434,0.0194805194805195,0.461049284578696,0.0289634146341463,0.971608832807571,0.975460122699387,0.572755417956656,0.555732484076433,0.989130434782609,0.0595611285266458,0.911901081916538,0.584732824427481,0.9578125,0.53160453808752,0.0500782472613459,0.58161648177496,0.028436018957346,0.970404984423676,0.979813664596273,0.628086419753086,0.0406885758998435,0.02660406885759,0.0468497576736672,0.458143074581431,0.0294117647058824,0.515673981191223,0.535714285714286,0.976708074534162,0.956723338485317,0.0535168195718654,0.972049689440994,0.536474164133739,0.113564668769716,0.977952755905512,0.974522292993631,0.0825396825396825,0.39413680781759,0.316030534351145,0.97593984962406,0.0304878048780488,0.993911719939117,0.03125,0.94383775351014,0.0388802488335925,0.970814132104455,0.197492163009404,0.576190476190476,0.0388198757763975,0.972093023255814,0.974235104669887,0.0261941448382126,0.0508744038155803
"142",0.972136222910217,0.961119751166407,0.966153846153846,0.963665086887836,0,0,0,0,0,0,0,0,0,0,0,0,0,0,0,0,0,0,0,0,0,0,0,0,0,0,0,0,0,0,0,0,0,0,0,0,0,0,0,0,0,0,0,0.966360856269113,0.960665658093797,0.963375796178344,0.960815047021944,0,0.0220820189274448,0.0187793427230047,0,0,0,0.00611620795107034,0,0,0,0,0,0,0,0,0,0,0,0,0.00152671755725191,0,0,0,0,0,0,0,0,0,0.00454545454545455,0,0,0,0,0,0,0,0,0.00157232704402516,0,0,0,0.00475435816164818,0,0,0.963470319634703,0.208333333333333,0.0470957613814757,0.0333863275039746,0.0579937304075235,0.253543307086614,0.964506172839506,0.951181102362205,0.280811232449298,0.575342465753425,0.0582089552238806,0.0861244019138756,0.572784810126582,0.552215189873418,0.962962962962963,0.517345399698341,0.036697247706422,0.0554699537750385,0.0785824345146379,0.964506172839506,0.993808049535604,0.0353846153846154,0.319286871961102,0.979750778816199,0.0580847723704867,0.960546282245827,0.0293159609120521,0.968253968253968,0.0807453416149068,0.474097331240188,0.0740181268882175,0.959375,0.0732824427480916,0.0899390243902439,0.593700787401575,0.974164133738602,0.981395348837209,0.0726172465960666,0.992088607594937,0.0372670807453416,0.678843226788432,0.992307692307692,0.924382716049383,0.517996870109546,1,1,0.0375375375375375,0.162679425837321,0.389589905362776,0.04858934169279,0.0421875,0.992343032159265,0.313161875945537,0.606481481481482,0.0381558028616852,0.984301412872841,0.621580547112462,0.0438184663536776,0.10958904109589,0.961715160796325,0.057542768273717,0.911671924290221,0.232415902140673,0.0538461538461538,0.964912280701754,0.875,0.0684292379471229,0.0385802469135802,0.0347432024169184,0.995348837209302,0.996860282574568,0.0276923076923077,0.18167701863354,0.1671826625387,0.993836671802773,0.037037037037037,0.989113530326594,0.989096573208723,0.253393665158371,0.0410334346504559,0.322822822822823,0.19311377245509,0.990551181102362,0.0869565217391304,0.35031847133758,0.652905198776758,0.965079365079365,0.386435331230284,0.962790697674419,0.0451010886469673,0.0417956656346749,0.973765432098765,0.987915407854985,0.995454545454545,0.0368663594470046,0.0341085271317829,0.511520737327189,0.0286168521462639,0.451713395638629,0.0378787878787879,0.961119751166407,0.964777947932619,0.558869701726845,0.559006211180124,0.990639625585023,0.0725308641975309,0.908809891808346,0.583963691376702,0.956521739130435,0.524720893141946,0.0567484662576687,0.565560821484992,0.0399385560675883,0.970948012232416,0.981337480559876,0.708649468892261,0.0484375,0.0381679389312977,0.0576923076923077,0.452054794520548,0.0354938271604938,0.509893455098935,0.525660964230171,0.96411856474259,0.956456456456456,0.0625954198473282,0.962204724409449,0.522865853658537,0.11937984496124,0.965463108320251,0.962441314553991,0.0960629921259843,0.368760064412238,0.30030959752322,0.965151515151515,0.039453717754173,0.995535714285714,0.0412213740458015,0.939157566302652,0.0521472392638037,0.959814528593508,0.195987654320988,0.574303405572755,0.049306625577812,0.959938366718028,0.9671875,0.0363636363636364,0.0556438791732909
"143",0.00609756097560976,0.0060790273556231,0.00455235204855842,0.00612557427258806,0,0,0,0,0,0,0,0,0,0,0,0,0,0,0,0,0,0.0237741456166419,0.0344827586206897,0,0,0,0,0,0,0,0,0,0,0,0,0,0,0,0,0,0,0,0,0,0,0,0,0.00443131462333826,0.00444444444444444,0.00467289719626168,0.00458015267175573,0,0.669724770642202,0.501510574018127,0,0,0,0.0525525525525526,0,0,0,0,0,0,0,0,0,0,0,0,0,0.00618238021638331,0,0,0,0,0,0,0,0,0.0253731343283582,0,0,0,0,0,0,0,0,0,0,0,0,0.0153609831029186,0,0,0.00591715976331361,0.831360946745562,0.986196319018405,0.995398773006135,0.978625954198473,0.768273716951788,0.0701219512195122,0.0844854070660522,0.762481089258699,0.445427728613569,0.974550898203593,0.947449768160742,0.456488549618321,0.476407914764079,0.00764525993883792,0.506726457399103,0.99406528189911,0.963963963963964,0.944615384615385,0.00597014925373134,0.0342771982116244,0.995468277945619,0.708399366085578,0.0482115085536547,0.975232198142415,0.00447093889716841,0.995238095238095,0.00617283950617284,0.951588502269289,0.537634408602151,0.956127080181543,0.00606980273141123,0.95952023988006,0.94213649851632,0.431888544891641,0.0673499267935578,0.0488549618320611,0.964285714285714,0.0338983050847458,0.992458521870287,0.375186846038864,0.0378787878787879,0.116941529235382,0.501533742331288,0.0303030303030303,0.0375375375375375,1,0.865834633385335,0.643730886850153,1,0.993911719939117,0.0389221556886228,0.706948640483384,0.414893617021277,0.996879875195008,0.0214723926380368,0.393072289156627,0.978361669242658,0.916540212443096,0.00610687022900763,0.975646879756469,0.119515885022693,0.793939393939394,0.976047904191617,0.00461538461538462,0.107197549770291,0.966360856269113,0.993957703927492,0.992537313432836,0.0346907993966818,0.0352220520673813,1,0.858895705521472,0.877519379844961,0.0393343419062027,0.992469879518072,0.0379362670713202,0.0448916408668731,0.789705882352941,0.993957703927492,0.691616766467066,0.825958702064897,0.0338461538461538,0.938080495356037,0.66820987654321,0.369137670196672,0.0627871362940276,0.620795107033639,0.00763358778625954,0.992331288343558,0.984894259818731,0.0695915279878971,0.0455882352941176,0.0412371134020619,0.995426829268293,0.995508982035928,0.5,0.993759750390016,0.561538461538462,0.994082840236686,0.00612557427258806,0.00602409638554217,0.469604863221884,0.48297213622291,0.0262345679012346,0.953453453453453,0.0749235474006116,0.437313432835821,0.0227272727272727,0.504601226993865,0.965256797583082,0.452307692307692,0.99537037037037,0.0534124629080119,0.0443425076452599,0.357675111773472,0.982089552238806,0.989393939393939,0.970404984423676,0.575075075075075,0.985074626865672,0.507440476190476,0.502276176024279,0.00303030303030303,0.0888888888888889,0.963855421686747,0.00455927051671732,0.495548961424332,0.913636363636364,0.00911854103343465,0.00305810397553517,0.937212863705972,0.648648648648649,0.728486646884273,0.00589101620029455,0.995508982035928,0.0408163265306122,0.998502994011976,0.100151745068285,0.975794251134644,0.00612557427258806,0.822727272727273,0.444104134762634,0.97593984962406,0.00755287009063444,0.00930232558139535,0.994082840236686,0.966824644549763
"144",0.137987012987013,0.126198083067093,0.123595505617978,0.132686084142395,0,0,0,0,0,0,0,0,0,0,0,0,0,0,0,0,0,0.0206677265500795,0.0273311897106109,0,0,0,0,0,0,0,0,0,0,0,0,0,0,0,0,0,0,0,0,0,0,0,0,0.131955484896661,0.130914826498423,0.137190082644628,0.136217948717949,0,0.596434359805511,0.453507340946166,0,0,0,0.0484652665589661,0,0,0,0,0,0,0,0,0,0,0,0,0.00323624595469256,0.00806451612903226,0,0,0,0,0,0,0,0,0.0332805071315372,0,0,0,0,0,0,0.00163132137030995,0,0.00327332242225859,0,0,0,0.0213815789473684,0,0,0.12597200622084,0.772292993630573,0.867862969004894,0.862012987012987,0.882165605095541,0.947107438016529,0.191558441558442,0.216260162601626,0.706924315619968,0.533965244865719,0.890127388535032,0.88379705400982,0.533117932148627,0.565853658536585,0.130645161290323,0.590551181102362,0.862776025236593,0.87758346581876,0.89776357827476,0.13237639553429,0.170347003154574,0.857142857142857,0.723440134907251,0.186161449752883,0.861157024793388,0.137658227848101,0.875,0.128978224455611,0.890850722311397,0.557377049180328,0.881329113924051,0.132569558101473,0.909952606635071,0.859399684044234,0.528830313014827,0.200626959247649,0.168012924071082,0.8272,0.15702479338843,0.870550161812298,0.420970266040689,0.163232963549921,0.234177215189873,0.517799352750809,0.159420289855072,0.162679425837321,0.865834633385335,1,0.626016260162602,0.86088379705401,0.866129032258064,0.169278996865204,0.741214057507987,0.50983606557377,0.866776315789474,0.151368760064412,0.51033386327504,0.8743961352657,0.849921011058452,0.12540192926045,0.908945686900958,0.243464052287582,0.767479674796748,0.885807504078303,0.12520325203252,0.234527687296417,0.887278582930757,0.873217115689382,0.866251944012442,0.157303370786517,0.173419773095624,0.855095541401274,0.781818181818182,0.775974025974026,0.168300653594771,0.866454689984102,0.177993527508091,0.178104575163399,0.719551282051282,0.876386687797147,0.725552050473186,1,0.164179104477612,0.921440261865794,0.695507487520799,0.458003169572108,0.198319327731092,0.676282051282051,0.127625201938611,0.860615883306321,0.880573248407643,0.195758564437194,0.166666666666667,0.164296998420221,0.866129032258064,0.8784,0.600323624595469,0.882644628099174,0.574712643678161,0.859594383775351,0.128775834658188,0.12540192926045,0.55663430420712,0.489430894308943,0.161550888529887,0.843800322061192,0.19349593495935,0.530254777070064,0.1584,0.57825370675453,0.875,0.474878444084279,0.872756933115824,0.214285714285714,0.179032258064516,0.39171974522293,0.871499176276771,0.881219903691814,0.871074380165289,0.652733118971061,0.873194221508828,0.588697017268446,0.590614886731392,0.127062706270627,0.207430340557276,0.889245585874799,0.129449838187702,0.6,0.876006441223833,0.125806451612903,0.139573070607553,0.895934959349593,0.700826446280992,0.721337579617834,0.122257053291536,0.873817034700315,0.165634674922601,0.8624,0.2368,0.887987012987013,0.129133858267717,0.9728,0.542071197411003,0.883757961783439,0.135922330097087,0.122516556291391,0.873831775700935,0.891233766233766
"145",0.354166666666667,0.359746434231379,0.364779874213836,0.366449511400651,0,0,0,0,0,0,0,0,0,0,0,0,0,0,0,0,0,0.0250391236306729,0.0364500792393027,0,0,0,0,0,0,0,0,0,0,0,0,0,0,0,0,0,0,0,0,0,0,0,0,0.352664576802508,0.356143079315708,0.355263157894737,0.359223300970874,0.00158478605388273,0.463375796178344,0.360629921259843,0,0,0,0.0443037974683544,0,0,0,0,0,0,0,0,0,0,0,0,0.0016025641025641,0.00650406504065041,0,0,0,0,0,0,0,0,0.0189274447949527,0,0,0,0,0,0,0,0,0.00162074554294976,0,0,0,0.0112903225806452,0,0,0.356576862123613,0.811059907834101,0.62200956937799,0.650326797385621,0.644094488188976,0.572347266881029,0.418238993710692,0.40952380952381,1,0.518633540372671,0.658878504672897,0.662379421221865,0.553945249597424,0.529886914378029,0.35625,0.574803149606299,0.655712050078247,0.653543307086614,0.676328502415459,0.365203761755486,0.403755868544601,0.650393700787402,0.577371048252912,0.383870967741935,0.679032258064516,0.355242566510172,0.63681592039801,0.360258481421648,0.636075949367089,0.7568,0.641860465116279,0.361022364217252,0.628304821150855,0.647692307692308,0.525040387722132,0.426810477657935,0.450236966824645,0.616224648985959,0.399350649350649,0.639109697933227,0.498452012383901,0.380348652931854,0.439102564102564,0.803542673107891,0.373397435897436,0.389589905362776,0.643730886850153,0.626016260162602,1,0.633279483037157,0.633173843700159,0.419152276295133,0.570982839313573,0.504823151125402,0.636807817589576,0.392464678178964,0.515723270440252,0.640650406504065,0.655007949125596,0.348726114649682,0.639871382636656,0.443017656500803,0.673566878980892,0.658576051779935,0.362068965517241,0.407643312101911,0.660855784469097,0.632329635499208,0.638629283489097,0.390127388535032,0.393841166936791,0.633070866141732,0.624203821656051,0.617977528089888,0.398104265402844,0.6375,0.3952,0.409165302782324,0.62596599690881,0.65086887835703,0.582043343653251,0.587253414264036,0.37156704361874,0.635930047694754,0.562805872756933,0.524256651017214,0.407528641571195,0.563492063492063,0.363782051282051,0.646964856230032,0.63968253968254,0.417445482866044,0.407975460122699,0.417054263565891,0.628751974723539,0.608557844690967,0.537242472266244,0.615635179153095,0.746794871794872,0.6421875,0.360189573459716,0.359746434231379,0.521394611727417,0.692185007974482,0.385350318471338,0.639109697933227,0.428343949044586,0.510204081632653,0.389067524115756,0.530744336569579,0.63349131121643,0.672552166934189,0.636217948717949,0.429467084639498,0.399046104928458,0.521394611727417,0.648264984227129,0.653481012658228,0.638157894736842,0.561014263074485,0.65,0.522691705790297,0.52555910543131,0.352564102564103,0.416796267496112,0.622820919175911,0.359223300970874,0.544753086419753,0.633228840125392,0.372019077901431,0.355987055016181,0.651685393258427,0.563218390804598,0.581358609794629,0.366043613707165,0.628526645768025,0.383435582822086,0.6375,0.437400950871632,0.64873417721519,0.354889589905363,0.59904912836767,0.524642289348172,0.661466458658346,0.355905511811024,0.37785016286645,0.625,0.649837133550489
"146",0.014446227929374,0.0128410914927769,0.0160513643659711,0.0130505709624796,0,0,0,0,0,0,0,0,0,0,0,0,0,0,0,0,0,0.0254777070063694,0.0336,0,0,0,0,0,0,0,0,0,0,0,0,0,0,0,0,0,0,0,0,0,0,0,0,0.0124223602484472,0.0171339563862928,0.0164203612479475,0.0128617363344051,0,0.668276972624799,0.491987179487179,0,0,0,0.0521327014218009,0,0,0,0,0,0,0,0,0,0,0,0,0.0016025641025641,0.00815660685154975,0,0,0,0,0,0,0,0,0.0283464566929134,0,0,0,0,0,0,0.0016025641025641,0,0.0016260162601626,0,0,0,0.019672131147541,0,0,0.0157728706624606,0.833592534992224,0.977382875605816,0.985365853658537,0.971061093247588,0.774671052631579,0.0744336569579288,0.0897226753670473,0.742351046698873,0.419003115264797,0.965996908809892,0.937704918032787,0.431596091205212,0.443181818181818,0.0158478605388273,0.477777777777778,0.982594936708861,0.957210776545166,0.941463414634146,0.0174603174603175,0.0441640378548896,0.987301587301587,0.678391959798995,0.0524590163934426,0.973941368078176,0.0110584518167457,0.988294314381271,0.0179153094462541,0.949685534591195,0.531707317073171,0.949921752738654,0.0147540983606557,0.951026856240126,0.928909952606635,0.408064516129032,0.0825545171339564,0.0630914826498423,0.965299684542587,0.0456769983686786,0.980952380952381,0.365891472868217,0.0522151898734177,0.127962085308057,0.492753623188406,0.0453808752025932,0.04858934169279,1,0.86088379705401,0.633279483037157,1,0.98256735340729,0.0440251572327044,0.677067082683307,0.391653290529695,0.988562091503268,0.0339256865912763,0.38828967642527,0.967741935483871,0.916666666666667,0.0159744408945687,0.967793880837359,0.120192307692308,0.796116504854369,0.969745222929936,0.0144694533762058,0.123595505617978,0.963434022257552,0.980738362760835,0.982839313572543,0.0428571428571429,0.0510708401976936,0.987381703470032,0.844262295081967,0.86525974025974,0.0540540540540541,0.984447900466563,0.0499194847020934,0.0601626016260163,0.773082942097027,0.984076433121019,0.667697063369397,0.829493087557604,0.0472312703583062,0.938906752411576,0.630541871921182,0.37403400309119,0.0665557404326123,0.595779220779221,0.017741935483871,0.982428115015974,0.979430379746835,0.0817307692307692,0.0601851851851852,0.054858934169279,0.985849056603774,0.987261146496815,0.480645161290323,0.985049833887043,0.560655737704918,0.985714285714286,0.0173228346456693,0.018957345971564,0.448717948717949,0.4624,0.037037037037037,0.948553054662379,0.0904684975767367,0.417460317460317,0.0339256865912763,0.476422764227642,0.964968152866242,0.448220064724919,0.984126984126984,0.0697305863708399,0.0594855305466238,0.363636363636364,0.97444089456869,0.977777777777778,0.965174129353234,0.544740973312402,0.977671451355662,0.479935794542536,0.467845659163987,0.0128410914927769,0.0870917573872473,0.953846153846154,0.0146818923327896,0.471228615863142,0.8992,0.0207336523125997,0.00996677740863787,0.937908496732026,0.613861386138614,0.693290734824281,0.0172955974842767,0.984375,0.0552922590837283,1,0.113418530351438,0.971337579617834,0.0176,0.827361563517915,0.418238993710692,0.968102073365231,0.0159489633173844,0.0194805194805195,0.984350547730829,0.96661101836394
"147",0.0110759493670886,0.00950871632329636,0.00946372239747634,0.00475435816164818,0,0,0,0,0,0,0,0,0,0,0,0,0,0,0,0,0,0.0231839258114374,0.0345368916797488,0,0,0,0,0,0,0,0,0,0,0,0,0,0,0,0,0,0,0,0,0,0,0,0,0.00766871165644172,0.0106707317073171,0.00485436893203883,0.00809061488673139,0,0.668231611893584,0.499210110584518,0,0,0,0.048062015503876,0,0,0,0,0,0,0,0,0,0,0,0,0.0015748031496063,0.00958466453674121,0,0,0,0,0,0,0,0,0.0263157894736842,0,0,0,0,0,0,0,0,0.00158982511923688,0,0,0,0.0158982511923688,0,0,0.00921658986175115,0.820121951219512,0.982785602503912,0.991909385113269,0.972929936305732,0.769854132901134,0.0758293838862559,0.0913385826771654,0.75625,0.451162790697674,0.969040247678019,0.942492012779553,0.462264150943396,0.481178396072013,0.0093603744149766,0.507109004739337,0.9890625,0.956454121306376,0.949367088607595,0.0108695652173913,0.0390015600624025,0.993759750390016,0.710963455149502,0.0572337042925278,0.969551282051282,0.0109717868338558,0.988467874794069,0.0128824476650564,0.951026856240126,0.549450549450549,0.945987654320988,0.0112359550561798,0.95046439628483,0.931570762052877,0.437001594896332,0.0741885625965997,0.0498442367601246,0.956656346749226,0.0370967741935484,0.988993710691824,0.357473035439137,0.0408163265306122,0.126365054602184,0.508607198748044,0.0344827586206897,0.0421875,0.993911719939117,0.866129032258064,0.633173843700159,0.98256735340729,1,0.0375586854460094,0.698170731707317,0.425396825396825,0.988654781199352,0.0253164556962025,0.420731707317073,0.966666666666667,0.910798122065728,0.0110935023771791,0.974603174603175,0.124401913875598,0.800322061191626,0.969793322734499,0.0109717868338558,0.130708661417323,0.9671875,1,0.987673343605547,0.0420560747663551,0.037037037037037,0.990726429675425,0.852564102564103,0.859424920127795,0.0440944881889764,0.990740740740741,0.0473933649289099,0.0491283676703645,0.778125,0.989164086687306,0.69478527607362,0.828528072837633,0.0401929260450161,0.9328,0.666666666666667,0.385802469135802,0.0798045602605863,0.635792778649921,0.0125588697017268,0.987179487179487,0.9828125,0.0758293838862559,0.0520673813169985,0.0479876160990712,0.996860282574568,0.990625,0.511664074650078,0.995065789473684,0.589171974522293,0.992283950617284,0.0111821086261981,0.0125,0.47887323943662,0.4384,0.0330188679245283,0.94620253164557,0.0819165378670788,0.443234836702955,0.0380952380952381,0.513643659711075,0.962441314553991,0.468189233278956,0.990461049284579,0.0667701863354037,0.0517241379310345,0.350387596899225,0.976303317535545,0.984227129337539,0.964285714285714,0.590551181102362,0.984326018808777,0.513260530421217,0.50314465408805,0.00773993808049536,0.0920245398773006,0.958204334365325,0.00796178343949045,0.507645259938838,0.9078125,0.0125984251968504,0.00956937799043062,0.9328,0.649837133550489,0.723765432098765,0.0122887864823349,0.9890625,0.0476190476190476,0.990726429675425,0.111459968602826,0.971563981042654,0.0110584518167457,0.827371695178849,0.45859872611465,0.970266040688576,0.00775193798449612,0.0112540192926045,0.992272024729521,0.964516129032258
"148",0.972477064220184,0.962790697674419,0.970724191063174,0.96551724137931,0,0,0,0,0,0,0,0,0,0,0,0,0,0,0,0,0,0,0,0,0,0,0,0,0,0,0,0,0,0,0,0,0,0,0,0,0,0,0,0,0,0,0,0.970992366412214,0.966463414634146,0.966453674121406,0.962323390894819,0.0015600624024961,0.0217054263565891,0.0201863354037267,0,0,0,0.00153374233128834,0,0,0,0,0,0,0,0,0,0,0,0,0,0,0,0,0,0,0,0,0,0,0.00153374233128834,0,0,0,0,0,0,0,0,0,0,0,0,0.0015527950310559,0,0,0.966565349544073,0.220059880239521,0.0429447852760736,0.0269413629160063,0.0589147286821705,0.259842519685039,0.975572519083969,0.964506172839506,0.3109375,0.593373493975904,0.0611940298507463,0.0927672955974843,0.585139318885449,0.561320754716981,0.965891472868217,0.548632218844985,0.0369230769230769,0.0685975609756098,0.0779816513761468,0.967692307692308,0.989280245022971,0.0341614906832298,0.326194398682043,0.984251968503937,0.059748427672956,0.960183767228178,0.0336,0.972972972972973,0.0790697674418605,0.511485451761103,0.0762195121951219,0.9625,0.066358024691358,0.0940819423368741,0.598086124401914,0.965309200603318,0.980152671755725,0.0637329286798179,0.992138364779874,0.0359375,0.669161676646707,0.987711213517665,0.912442396313364,0.547318611987382,0.987767584097859,0.992343032159265,0.0389221556886228,0.169278996865204,0.419152276295133,0.0440251572327044,0.0375586854460094,1,0.340978593272171,0.609642301710731,0.0358255451713396,0.979813664596273,0.620060790273556,0.0513219284603421,0.115562403697997,0.963133640552995,0.0513219284603421,0.934782608695652,0.23943661971831,0.0558139534883721,0.970404984423676,0.878693623639191,0.0725308641975309,0.0338461538461538,0.0329835082458771,0.987692307692308,0.98755832037325,0.0290519877675841,0.194006309148265,0.169014084507042,0.990712074303406,0.0350609756097561,0.987421383647799,0.984544049459042,0.267884322678843,0.0353302611367127,0.338905775075988,0.201210287443268,0.984301412872841,0.0869565217391304,0.372827804107425,0.664652567975831,0.980551053484603,0.408536585365854,0.961300309597523,0.0391849529780564,0.0440729483282675,0.961656441717791,0.983655274888559,0.987897125567322,0.0305343511450382,0.033587786259542,0.52241112828439,0.0302547770700637,0.47887323943662,0.0349544072948328,0.967741935483871,0.967692307692308,0.574074074074074,0.568111455108359,1,0.0760869565217391,0.917682926829268,0.588323353293413,0.956589147286822,0.533858267716535,0.0625954198473282,0.576802507836991,0.0387596899224806,0.96793893129771,0.975308641975309,0.685410334346505,0.0509259259259259,0.0404354587869362,0.0603174603174603,0.458333333333333,0.037037037037037,0.519938650306748,0.541538461538462,0.964285714285714,0.981927710843373,0.0683890577507599,0.965996908809892,0.538805970149254,0.119010819165379,0.969040247678019,0.96417445482866,0.0924764890282132,0.391373801916933,0.324242424242424,0.967164179104478,0.0365296803652968,0.989409984871407,0.0366412213740458,0.930015552099533,0.0553846153846154,0.965732087227414,0.199685534591195,0.591263650546022,0.054380664652568,0.967741935483871,0.96984126984127,0.0331825037707391,0.0551181102362205
"149",0.297546012269939,0.298780487804878,0.305084745762712,0.312111801242236,0,0,0,0,0,0,0,0,0,0,0,0,0,0,0,0,0,0.0168195718654434,0.0213414634146341,0,0,0,0,0,0,0,0,0,0,0,0,0,0,0,0,0,0,0,0,0,0,0,0,0.306646525679758,0.291420118343195,0.305732484076433,0.288401253918495,0,0.474654377880184,0.357910906298003,0,0,0,0.0467571644042232,0,0,0,0,0,0,0,0,0,0,0,0,0.0015552099533437,0.00313479623824451,0,0,0,0,0,0,0,0,0.0287443267776097,0,0,0,0,0,0,0,0,0.00155763239875389,0,0,0,0.0188087774294671,0,0,0.299698795180723,0.630402384500745,0.701863354037267,0.701095461658842,0.722308892355694,0.719874804381847,0.379471228615863,0.394126738794436,0.619847328244275,0.754147812971342,0.709969788519637,0.763975155279503,0.728549141965679,0.780373831775701,0.291603053435115,0.719939117199391,0.714932126696833,0.741935483870968,0.717665615141956,0.293394777265745,0.334862385321101,0.703416149068323,1,0.336973478939158,0.690140845070423,0.301204819277108,0.676190476190476,0.302507836990596,0.711864406779661,0.550314465408805,0.73972602739726,0.29874213836478,0.719879518072289,0.786466165413534,0.75,0.350591715976331,0.341463414634146,0.678300455235205,0.334375,0.695652173913043,0.469172932330827,0.32572298325723,0.359447004608295,0.531446540880503,0.344135802469136,0.313161875945537,0.706948640483384,0.741214057507987,0.570982839313573,0.677067082683307,0.698170731707317,0.340978593272171,1,0.739197530864197,0.695046439628483,0.317901234567901,0.73820395738204,0.7109375,0.745839636913767,0.286798179059181,0.720062208398134,0.404945904173107,0.638065522620905,0.720062208398134,0.29984544049459,0.424196018376723,0.738532110091743,0.705069124423963,0.68609865470852,0.321044546850998,0.321259842519685,0.695915279878971,0.642405063291139,0.659409020217729,0.329173166926677,0.709428129829985,0.341614906832298,0.342105263157895,0.620060790273556,0.697289156626506,1,0.71513353115727,0.322884012539185,0.703245749613601,1,0.627450980392157,0.379585326953748,0.993720565149137,0.300613496932515,0.692068429237947,0.690769230769231,0.326687116564417,0.349042709867452,0.339339339339339,0.704441041347626,0.69242658423493,0.807692307692308,0.729200652528548,0.558320373250389,0.707025411061285,0.296875,0.287443267776097,0.764252696456086,0.489164086687306,0.331804281345566,0.709627329192547,0.3328173374613,0.765060240963855,0.332824427480916,0.804761904761905,0.723241590214067,0.481889763779528,0.704334365325077,0.340978593272171,0.335889570552147,0.429640718562874,0.711009174311927,0.708141321044547,0.713607594936709,0.867692307692308,0.715160796324655,0.797583081570997,0.825617283950617,0.303680981595092,0.376119402985075,0.745864661654135,0.290123456790123,0.756756756756757,0.8203125,0.292834890965732,0.286614173228346,0.761682242990654,0.942122186495177,0.921212121212121,0.312874251497006,0.695454545454545,0.340840840840841,0.6875,0.367378048780488,0.724884080370943,0.289634146341463,0.723926380368098,0.76103500761035,0.723664122137405,0.302290076335878,0.290625,0.707831325301205,0.713385826771654
"150",0.591263650546022,0.587677725118483,0.592125984251968,0.5952,0,0,0,0,0,0,0,0,0,0,0,0,0,0,0,0,0,0.00771604938271605,0.009375,0,0,0,0,0,0,0,0,0,0,0,0,0,0,0,0,0,0,0,0,0,0,0,0,0.580547112462006,0.602465331278891,0.613486842105263,0.575121163166397,0.00159744408945687,0.287974683544304,0.216981132075472,0,0,0,0.0267716535433071,0,0,0,0,0,0,0,0,0,0,0,0,0.00157977883096367,0.00158982511923688,0,0,0,0,0,0,0,0,0.0154798761609907,0,0,0,0,0,0,0,0,0.00158730158730159,0,0,0,0.0110236220472441,0,0,0.599383667180277,0.447129909365559,0.403481012658228,0.407232704402516,0.425431711145997,0.559294871794872,0.663522012578616,0.680817610062893,0.461778471138846,0.98,0.418711656441718,0.471061093247588,0.916139240506329,0.971473851030111,0.601255886970173,0.786604361370717,0.425465838509317,0.456521739130435,0.461059190031153,0.597200622083981,0.623052959501558,0.40952380952381,0.741350906095552,0.650793650793651,0.425867507886435,0.587326120556414,0.380952380952381,0.599348534201954,0.441640378548896,0.540540540540541,0.462962962962963,0.604724409448819,0.444961240310077,0.481481481481481,1,0.617960426179604,0.618153364632238,0.4051593323217,0.607936507936508,0.407751937984496,0.576323987538941,0.63751987281399,0.593700787401575,0.53198127925117,0.618670886075949,0.606481481481482,0.414893617021277,0.50983606557377,0.504823151125402,0.391653290529695,0.425396825396825,0.609642301710731,0.739197530864197,1,0.409756097560976,0.602893890675241,0.998482549317147,0.409677419354839,0.476263399693721,0.59375,0.426100628930818,0.687600644122383,0.474683544303797,0.417582417582418,0.58609794628752,0.75,0.458786936236392,0.4078125,0.38109756097561,0.611111111111111,0.633440514469453,0.406645569620253,0.423809523809524,0.427672955974843,0.624610591900312,0.410216718266254,0.63349131121643,0.629984051036683,0.437888198757764,0.409657320872274,0.729483282674772,0.509259259259259,0.618819776714514,0.4448,0.757575757575758,0.709828393135725,0.665032679738562,0.814173228346457,0.5953125,0.39258114374034,0.409448818897638,0.609448818897638,0.631818181818182,0.639016897081413,0.397815912636505,0.401574803149606,0.955315870570108,0.423645320197044,0.539556962025316,0.427258805513017,0.599369085173502,0.587774294670846,0.987361769352291,0.514240506329114,0.61259842519685,0.41692789968652,0.592709984152139,1,0.612954186413902,0.956591639871383,0.4328125,0.517460317460318,0.40829346092504,0.614906832298137,0.633070866141732,0.565485362095532,0.424148606811146,0.408805031446541,0.433224755700326,0.897196261682243,0.407874015748032,0.962674961119751,0.960876369327074,0.615384615384615,0.663622526636225,0.446153846153846,0.58908507223114,0.922018348623853,0.5,0.600313479623824,0.588328075709779,0.474959612277868,0.82475884244373,0.724191063174114,0.58641975308642,0.397515527950311,0.633082706766917,0.388888888888889,0.633385335413417,0.415748031496063,0.580031695721078,0.53448275862069,0.976228209191759,0.445482866043614,0.601880877742947,0.581993569131833,0.414634146341463,0.438311688311688
"151",0,0,0,0,0,0,0,0,0,0,0,0,0,0,0,0,0,0,0,0,0,0.0268562401263823,0.0366826156299841,0,0,0,0,0,0,0,0,0,0,0,0,0,0,0,0,0,0,0,0,0,0,0,0,0,0,0,0,0,0.696540880503145,0.529695024077046,0,0,0,0.0642633228840125,0,0,0,0,0,0,0,0,0,0,0,0,0.00161030595813205,0.0115894039735099,0,0,0,0,0,0,0,0,0.0349761526232114,0,0,0,0,0,0,0.0016,0,0.00163398692810458,0,0,0,0.0211038961038961,0,0,0,0.832565284178187,0.993660855784469,1,0.980613893376414,0.784539473684211,0.073482428115016,0.0827922077922078,0.761513157894737,0.447900466562986,0.977987421383648,0.943639291465378,0.452188006482982,0.473856209150327,0,0.49607535321821,1,0.958730158730159,0.949756888168558,0,0.0303514376996805,0.998407643312102,0.704584040747029,0.0472312703583062,0.978512396694215,0,1,0.00484652665589661,0.956381260096931,0.536184210526316,0.957878315132605,0,0.958795562599049,0.939252336448598,0.431781701444623,0.0631741140215717,0.0440251572327044,0.956521739130435,0.0362438220757825,0.998397435897436,0.370486656200942,0.036624203821656,0.121019108280255,0.49512987012987,0.0287081339712919,0.0381558028616852,0.996879875195008,0.866776315789474,0.636807817589576,0.988562091503268,0.988654781199352,0.0358255451713396,0.695046439628483,0.409756097560976,1,0.0191693290734824,0.39937106918239,0.977382875605816,0.917591125198098,0,0.982142857142857,0.114886731391586,0.799674267100977,0.980456026058632,0,0.113085621970921,0.966453674121406,0.996810207336523,0.998430141287284,0.0301587301587302,0.0324149108589951,0.996825396825397,0.858784893267652,0.874183006535948,0.0384,0.998422712933754,0.0390243902439024,0.0482315112540193,0.794992175273865,1,0.683641975308642,0.841538461538462,0.0293159609120521,0.940032414910859,0.655172413793103,0.376947040498442,0.0643564356435644,0.616613418530351,0,0.996763754045307,0.990445859872611,0.0690208667736758,0.0485133020344288,0.0397456279809221,1,1,0.506410256410256,1,0.554471544715447,1,0,0,0.458670988654781,0.459770114942529,0.0223642172523962,0.967032967032967,0.0669856459330144,0.435257410296412,0.0271565495207668,0.501633986928105,0.97007874015748,0.451298701298701,1,0.0532915360501567,0.0401284109149278,0.338028169014085,0.984076433121019,0.992050874403816,0.972085385878489,0.575079872204473,0.988817891373802,0.499219968798752,0.497630331753554,0,0.0795631825273011,0.966666666666667,0,0.499222395023328,0.911858974358974,0.00482315112540193,0.00165016501650165,0.94345718901454,0.64026402640264,0.722488038277512,0,0.996820349761526,0.0373831775700935,0.996820349761526,0.0988654781199352,0.9826224328594,0,0.842356687898089,0.447284345047923,0.976228209191759,0,0.00163934426229508,1,0.970636215334421
"152",0.987301587301587,0.980738362760835,0.985691573926868,0.983922829581994,0,0,0,0,0,0,0,0,0,0,0,0,0,0,0,0,0,0,0,0,0,0,0,0,0,0,0,0,0,0,0,0,0,0,0,0,0,0,0,0,0,0,0,0.98297213622291,0.983050847457627,0.982229402261712,0.984076433121019,0.00159235668789809,0.0096,0.00950871632329636,0,0,0,0.00469483568075117,0,0,0,0,0,0,0,0,0,0,0,0,0,0,0,0,0,0,0,0,0,0,0.00313479623824451,0,0,0,0,0,0,0,0,0,0,0,0,0.00316455696202532,0,0,0.984496124031008,0.181114551083591,0.0220125786163522,0.0160771704180064,0.0345368916797488,0.232633279483037,0.950949367088608,0.93900481540931,0.281889763779528,0.571865443425077,0.0351145038167939,0.063391442155309,0.560629921259843,0.539184952978056,0.985981308411215,0.52112676056338,0.0170542635658915,0.0442338072669826,0.0543130990415335,0.987441130298273,0.984276729559748,0.0110584518167457,0.307046979865772,0.969793322734499,0.0354838709677419,0.982945736434109,0.0146579804560261,0.980582524271845,0.0525477707006369,0.486443381180223,0.0570987654320988,0.980582524271845,0.0485133020344288,0.0683229813664596,0.591346153846154,0.956989247311828,0.973312401883831,0.0610328638497653,0.983844911147011,0.0144230769230769,0.658986175115207,0.985714285714286,0.90282131661442,0.521060842433697,0.99203821656051,0.984301412872841,0.0214723926380368,0.151368760064412,0.392464678178964,0.0339256865912763,0.0253164556962025,0.979813664596273,0.317901234567901,0.602893890675241,0.0191693290734824,1,0.614173228346457,0.0288,0.0876369327073552,0.982484076433121,0.0362204724409449,0.895666131621188,0.213141025641026,0.032051282051282,0.982511923688394,0.87797147385103,0.0432692307692308,0.0189873417721519,0.0124610591900312,0.992138364779874,0.990322580645161,0.0141065830721003,0.176565008025682,0.164781906300485,0.981072555205047,0.0173775671406003,0.97933227344992,0.973941368078176,0.254290171606864,0.0190174326465927,0.325617283950617,0.182926829268293,0.984101748807631,0.0636942675159236,0.34991974317817,0.648818897637795,0.951060358890702,0.3921875,0.982731554160126,0.0190174326465927,0.0237341772151899,0.9568,0.972350230414747,0.981191222570533,0.0143769968051118,0.0143540669856459,0.506230529595016,0.0147299509001637,0.462639109697933,0.0171606864274571,0.98256735340729,0.982704402515723,0.553054662379421,0.550239234449761,0.982649842271293,0.0500782472613459,0.912280701754386,0.569182389937107,0.961783439490446,0.504078303425775,0.0423861852433281,0.563402889245586,0.0207336523125997,0.962323390894819,0.966666666666667,0.679127725856698,0.0269413629160063,0.021875,0.0407166123778502,0.442006269592476,0.0173228346456693,0.5046875,0.51702786377709,0.985691573926868,0.931464174454829,0.0417956656346749,0.982758620689655,0.50855365474339,0.0956112852664577,0.984101748807631,0.983606557377049,0.0737179487179487,0.377235772357724,0.294209702660407,0.984639016897081,0.0217729393468118,0.981566820276498,0.0219092331768388,0.926517571884984,0.026813880126183,0.981012658227848,0.178628389154705,0.570977917981073,0.031496062992126,0.98125,0.982113821138211,0.0170015455950541,0.0325732899022801
"153",0.592649310872894,0.592879256965944,0.599388379204893,0.600313479623824,0,0,0,0,0,0,0,0,0,0,0,0,0,0,0,0,0,0.0093167701863354,0.0107858243451464,0,0,0,0,0,0,0,0,0,0,0,0,0,0,0,0,0,0,0,0,0,0,0,0,0.589820359281437,0.605697151424288,0.616747181964573,0.585987261146497,0.00153846153846154,0.280185758513932,0.213846153846154,0,0,0,0.0229007633587786,0,0,0,0,0,0,0,0,0,0,0,0,0.0015552099533437,0.00157232704402516,0,0,0,0,0,0,0,0,0.0121765601217656,0,0,0,0,0,0,0,0,0.00153846153846154,0,0,0,0.0094488188976378,0,0,0.606875934230194,0.43030303030303,0.412130637636081,0.393188854489164,0.411402157164869,0.5375,0.670769230769231,0.695447409733124,0.476335877862595,0.977544910179641,0.404511278195489,0.465625,0.920807453416149,0.962145110410095,0.606707317073171,0.790769230769231,0.408472012102874,0.440548780487805,0.44392523364486,0.609494640122512,0.631415241057543,0.406153846153846,0.742622950819672,0.648062015503876,0.410377358490566,0.590634441087613,0.366559485530547,0.606060606060606,0.44375,0.5320813771518,0.453857791225416,0.618683001531394,0.433587786259542,0.474962063732929,1,0.620426829268293,0.621987951807229,0.388804841149773,0.618897637795276,0.4,0.549317147192716,0.634556574923547,0.592933947772657,0.546439628482972,0.622464898595944,0.621580547112462,0.393072289156627,0.51033386327504,0.515723270440252,0.38828967642527,0.420731707317073,0.620060790273556,0.73820395738204,0.998482549317147,0.39937106918239,0.614173228346457,1,0.4078125,0.475683890577508,0.598765432098765,0.424100156494523,0.695924764890282,0.458914728682171,0.41692789968652,0.600308641975309,0.763608087091757,0.45468509984639,0.395419847328244,0.371601208459215,0.625,0.638095238095238,0.400304414003044,0.419003115264797,0.408736349453978,0.63013698630137,0.393019726858877,0.636363636363636,0.630030959752322,0.427710843373494,0.404255319148936,0.728915662650602,0.500747384155456,0.631160572337043,0.442040185471406,0.752738654147105,0.70516717325228,0.673076923076923,0.808219178082192,0.617784711388456,0.373065015479876,0.403426791277259,0.608087091757387,0.634730538922156,0.649016641452345,0.388973966309342,0.393665158371041,0.950387596899225,0.410628019323671,0.529411764705882,0.41743119266055,0.610248447204969,0.590138674884438,0.975039001560062,0.503115264797508,0.624036979969183,0.42185128983308,0.603744149765991,0.993975903614458,0.621283255086072,0.954186413902054,0.412942989214176,0.516431924882629,0.407120743034056,0.629573170731707,0.641185647425897,0.576452599388379,0.416282642089094,0.396284829721362,0.42246835443038,0.886018237082067,0.398763523956723,0.95398773006135,0.954614220877458,0.612403100775194,0.677710843373494,0.447647951441578,0.605345911949686,0.919523099850969,0.50229709035222,0.59472049689441,0.586370839936609,0.466876971608833,0.8208,0.725609756097561,0.601503759398496,0.385560675883257,0.626686656671664,0.381679389312977,0.62596599690881,0.406201550387597,0.584097859327217,0.520061728395062,0.970496894409938,0.427692307692308,0.608562691131499,0.595576619273302,0.397881996974281,0.423380726698262
"154",0.019047619047619,0.0174603174603175,0.0142630744849445,0.0207006369426752,0,0,0,0,0,0,0,0,0,0,0,0,0,0,0,0,0,0.02660406885759,0.0362204724409449,0,0,0,0,0,0,0,0,0,0,0,0,0,0,0,0,0,0,0,0,0,0,0,0,0.0186625194401244,0.0216049382716049,0.0193548387096774,0.0176,0,0.677830940988836,0.506389776357827,0,0,0,0.0589171974522293,0,0,0,0,0,0,0,0,0,0,0,0,0.00318471337579618,0.0113636363636364,0,0,0,0,0,0,0,0,0.0313971742543171,0,0,0,0,0,0,0.00158227848101266,0,0.00319488817891374,0,0,0,0.0193861066235864,0,0,0.02,0.828926905132193,0.976228209191759,0.978998384491115,1,0.793831168831169,0.0836012861736334,0.0967741935483871,0.75,0.44,1,0.974358974358974,0.453821656050955,0.465378421900161,0.0205371248025276,0.458786936236392,0.981337480559876,0.987480438184664,0.942215088282504,0.0186915887850467,0.0440944881889764,0.977848101265823,0.707357859531773,0.0581583198707593,0.967585089141005,0.0218408736349454,0.983686786296901,0.024232633279483,0.937399678972713,0.54071661237785,0.984423676012461,0.0227272727272727,0.959375,0.95748031496063,0.443910256410256,0.0736196319018405,0.0552922590837283,0.935837245696401,0.039344262295082,0.977987421383648,0.376344086021505,0.0442338072669826,0.132701421800948,0.5,0.03486529318542,0.0438184663536776,0.978361669242658,0.8743961352657,0.640650406504065,0.967741935483871,0.966666666666667,0.0513219284603421,0.7109375,0.409677419354839,0.977382875605816,0.0288,0.4078125,1,0.944444444444444,0.017515923566879,0.979495268138801,0.121212121212121,0.790220820189274,1,0.0178282009724473,0.128164556962025,0.990521327014218,0.974683544303797,0.986068111455108,0.0447284345047923,0.0448717948717949,0.976303317535545,0.834670947030498,0.850079744816587,0.048,0.982484076433121,0.0532258064516129,0.0560897435897436,0.771604938271605,0.97626582278481,0.707430340557275,0.839449541284404,0.0387096774193548,0.928802588996764,0.674718196457327,0.381987577639752,0.0751633986928105,0.629213483146067,0.0161550888529887,0.985691573926868,0.965079365079365,0.0816326530612245,0.0571870170015456,0.0481366459627329,0.9792,0.981132075471698,0.501547987616099,0.979865771812081,0.565217391304348,0.978395061728395,0.0192307692307692,0.0173501577287066,0.4688995215311,0.4624,0.0396196513470681,0.951181102362205,0.0797448165869219,0.444617784711388,0.0473186119873817,0.494271685761047,1,0.458804523424879,0.975922953451043,0.0644654088050314,0.0535433070866142,0.357142857142857,0.972536348949919,0.993730407523511,0.99673735725938,0.580031695721078,1,0.510869565217391,0.501592356687898,0.0192,0.0830769230769231,0.992163009404389,0.0193236714975845,0.48698315467075,0.937699680511182,0.0287539936102236,0.0162337662337662,0.962962962962963,0.62843295638126,0.70735524256651,0.0141287284144427,0.982998454404946,0.044822256568779,0.9765625,0.110410094637224,0.995275590551181,0.0206022187004754,0.847376788553259,0.442122186495177,1,0.0219092331768388,0.0160513643659711,0.97984496124031,0.967741935483871
"155",0.0798771121351766,0.0762052877138414,0.0773993808049536,0.0755905511811024,0,0,0,0,0,0,0,0,0,0,0,0,0,0,0,0,0,0.0233281493001555,0.0344287949921753,0,0,0,0,0,0,0,0,0,0,0,0,0,0,0,0,0,0,0,0,0,0,0,0,0.0707831325301205,0.0833333333333333,0.0748407643312102,0.0758293838862559,0,0.63265306122449,0.477449455676516,0,0,0,0.0566615620214395,0,0,0,0,0,0,0,0,0,0,0,0,0.00309597523219814,0.00950871632329636,0,0,0,0,0,0,0,0,0.0274390243902439,0,0,0,0,0,0,0.00158478605388273,0,0.00316455696202532,0,0,0,0.0172413793103448,0,0,0.0765696784073507,0.806060606060606,0.913793103448276,0.917065390749601,0.935837245696401,0.781299524564184,0.153364632237872,0.159744408945687,0.7515625,0.515105740181269,0.940184049079755,0.925,0.533858267716535,0.534700315457413,0.0713178294573643,0.573394495412844,0.923430321592649,0.933333333333333,0.898278560250391,0.0718654434250764,0.116743471582181,0.922839506172839,0.747508305647841,0.119617224880383,0.904912836767036,0.0745814307458143,0.916129032258065,0.0676100628930818,0.901234567901235,0.575949367088608,0.977064220183486,0.082018927444795,0.913846153846154,0.921212121212121,0.506329113924051,0.140030441400304,0.125588697017268,0.889393939393939,0.101910828025478,0.916279069767442,0.39209726443769,0.116279069767442,0.175465838509317,0.549606299212598,0.0901898734177215,0.10958904109589,0.916540212443096,0.849921011058452,0.655007949125596,0.916666666666667,0.910798122065728,0.115562403697997,0.745839636913767,0.476263399693721,0.917591125198098,0.0876369327073552,0.475683890577508,0.944444444444444,1,0.0817901234567901,0.915514592933948,0.194053208137715,0.763322884012539,0.942277691107644,0.0858034321372855,0.195007800312012,0.944272445820433,0.913446676970634,0.91981845688351,0.102167182662539,0.115141955835962,0.927580893682589,0.799682034976153,0.818611987381703,0.111975116640746,0.91588785046729,0.114467408585056,0.125596184419714,0.754147812971342,0.919207317073171,0.74079754601227,0.81858407079646,0.111111111111111,0.886075949367089,0.724842767295597,0.480122324159021,0.128246753246753,0.687106918238994,0.073208722741433,0.921011058451817,0.913846153846154,0.14375,0.119402985074627,0.114854517611026,0.922720247295209,0.924290220820189,0.562691131498471,0.925566343042071,0.593059936908517,0.921212121212121,0.0759493670886076,0.0694444444444444,0.530421216848674,0.482649842271293,0.0990566037735849,0.898305084745763,0.138461538461538,0.496951219512195,0.105015673981191,0.5488,0.981395348837209,0.477635782747604,0.926677067082683,0.138248847926267,0.12210200927357,0.385779122541604,0.918876755070203,0.936728395061728,0.947797716150082,0.63125,0.929555895865237,0.563358778625954,0.556240369799692,0.0793157076205288,0.158778625954198,0.938744257274119,0.0743670886075949,0.547226386806597,0.914196567862715,0.0845070422535211,0.0654952076677316,0.922712933753943,0.702093397745572,0.765337423312883,0.0695517774343122,0.92530487804878,0.108108108108108,0.916795069337442,0.172628304821151,0.941358024691358,0.0676923076923077,0.823348694316436,0.503154574132492,0.942367601246106,0.073959938366718,0.0653907496012759,0.926605504587156,0.913738019169329
"156",1,1,1,1,0,0,0,0,0,0,0,0,0,0,0,0,0,0,0,0,0,0,0,0,0,0,0,0,0,0,0,0,0,0,0,0,0,0,0,0,0,0,0,0,0,0,0,1,1,1,1,0.0015552099533437,0,0,0,0,0,0,0,0,0,0,0,0,0,0,0,0,0,0,0,0,0,0,0,0,0,0,0,0,0,0,0,0,0,0,0,0,0,0,0,0,0,0,0,0,1,0.176470588235294,0.0062992125984252,0,0.0158227848101266,0.209003215434084,0.931142410015649,0.917197452229299,0.238317757009346,0.576036866359447,0.0168195718654434,0.0484652665589661,0.563694267515924,0.541269841269841,1,0.4921875,0,0.0341085271317829,0.0467289719626168,1,0.968602825745683,0,0.301980198019802,0.95609756097561,0.0206349206349206,1,0,0.996835443037975,0.0419254658385093,0.460063897763578,0.0389408099688473,1,0.0341085271317829,0.0591805766312595,0.563380281690141,0.938461538461538,0.953632148377125,0.0368663594470046,0.962295081967213,0,0.639016897081413,0.965678627145086,0.885579937304075,0.494539781591264,0.971608832807571,0.961715160796325,0.00610687022900763,0.12540192926045,0.348726114649682,0.0159744408945687,0.0110935023771791,0.963133640552995,0.286798179059181,0.59375,0,0.982484076433121,0.598765432098765,0.017515923566879,0.0817901234567901,1,0.0187207488299532,0.884126984126984,0.188709677419355,0.015748031496063,1,0.89776357827476,0.0283464566929134,0.00462249614791988,0,0.9671875,0.96875,0.00308166409861325,0.155448717948718,0.142857142857143,0.95968992248062,0.00156985871271586,0.955974842767296,0.954186413902054,0.224458204334365,0,0.308282208588957,0.155354449472097,0.964573268921095,0.0582677165354331,0.341232227488152,0.637904468412943,0.932565789473684,0.376360808709176,1,0.0015748031496063,0.00770416024653313,0.938967136150235,0.953030303030303,0.960183767228178,0,0,0.503888024883359,0,0.443217665615142,0,1,1,0.537124802527646,0.530063291139241,0.977812995245642,0.0375586854460094,0.928571428571429,0.570121951219512,0.974803149606299,0.5104,0.0296411856474259,0.553398058252427,0,0.938366718027735,0.957613814756672,0.653495440729483,0.0108527131782946,0.00627943485086342,0.0195758564437194,0.429699842022117,0.00947867298578199,0.51468315301391,0.510172143974961,1,0.91969696969697,0.0279937791601866,1,0.511450381679389,0.0792393026941363,0.996904024767802,0.998412698412698,0.0485133020344288,0.367647058823529,0.287037037037037,1,0.00305343511450382,0.963470319634703,0.00310077519379845,0.905956112852665,0.0140405616224649,1,0.156739811912226,0.566246056782334,0.0172143974960876,1,0.996789727126806,0.00152671755725191,0.0272435897435897
"157",0.0110584518167457,0.0186625194401244,0.0124223602484472,0.0192926045016077,0,0,0,0,0,0,0,0,0,0,0,0,0,0,0,0,0,0.0280811232449298,0.0392464678178964,0,0,0,0,0,0,0,0,0,0,0,0,0,0,0,0,0,0,0,0,0,0,0,0,0.0184049079754601,0.02,0.0127186009538951,0.016025641025641,0,0.694620253164557,0.519809825673534,0,0,0,0.0595611285266458,0,0,0,0,0,0,0,0,0,0,0,0,0.00319488817891374,0.00476190476190476,0,0,0,0,0,0,0,0,0.0326086956521739,0,0,0,0,0,0,0.00157977883096367,0,0.00320512820512821,0,0,0,0.0221169036334913,0,0,0.02,0.831306990881459,0.982919254658385,0.979099678456592,0.976152623211447,0.837925445705024,0.0937996820349762,0.101426307448494,0.743390357698289,0.456488549618321,0.978625954198473,0.960191082802548,0.468998410174881,0.489731437598736,0.0139103554868624,0.515384615384615,0.984639016897081,0.96594427244582,0.963549920760697,0.0185471406491499,0.05,0.984423676012461,0.731788079470199,0.0652866242038217,0.962025316455696,0.0170542635658915,0.978930307941653,0.0228384991843393,0.965891472868217,0.540930979133226,0.951713395638629,0.0191387559808612,1,0.941448382126348,0.451355661881978,0.0817901234567901,0.0640625,0.938650306748466,0.0538827258320127,0.982371794871795,0.375,0.0534591194968553,0.140405616224649,0.502362204724409,0.0442338072669826,0.057542768273717,0.975646879756469,0.908945686900958,0.639871382636656,0.967793880837359,0.974603174603175,0.0513219284603421,0.720062208398134,0.426100628930818,0.982142857142857,0.0362204724409449,0.424100156494523,0.979495268138801,0.915514592933948,0.0187207488299532,1,0.137876386687797,0.804761904761905,0.979559748427673,0.0142405063291139,0.1296,0.976152623211447,0.981337480559876,0.983154670750383,0.0516431924882629,0.0506329113924051,0.976340694006309,0.8368,0.851437699680511,0.0532915360501567,0.986024844720497,0.0654952076677316,0.0650793650793651,0.771028037383178,0.98116169544741,0.714723926380368,0.882706766917293,0.0466988727858293,0.96417445482866,0.688783570300158,0.389147286821705,0.0923824959481361,0.649206349206349,0.0158478605388273,0.982677165354331,0.975155279503106,0.0921875,0.0694864048338369,0.053680981595092,0.982649842271293,0.979655712050078,0.511737089201878,0.985245901639344,0.564945226917058,0.978428351309707,0.0188087774294671,0.0187793427230047,0.484126984126984,0.473767885532591,0.0376175548589342,0.9484375,0.0996884735202492,0.453416149068323,0.0475435816164818,0.509463722397476,0.965463108320251,0.455555555555556,0.987117552334944,0.081377151799687,0.062402496099844,0.356923076923077,0.971291866028708,0.980952380952381,0.975247524752475,0.592823712948518,0.979495268138801,0.519440124416796,0.516431924882629,0.0172143974960876,0.107361963190184,0.973643410852713,0.0173228346456693,0.508448540706605,0.940345368916798,0.0205371248025276,0.0191693290734824,0.970826580226904,0.658105939004815,0.728527607361963,0.0152905198776758,0.979750778816199,0.0559757942511346,0.978090766823161,0.121306376360809,0.976671850699845,0.021505376344086,0.883386581469649,0.461783439490446,0.978593272171254,0.0186335403726708,0.0191387559808612,0.978527607361963,0.980830670926518
"158",0.890649762282092,0.881977671451356,0.879936808846761,0.881685575364668,0,0,0,0,0,0,0,0,0,0,0,0,0,0,0,0,0,0,0,0,0,0,0,0,0,0,0,0,0,0,0,0,0,0,0,0,0,0,0,0,0,0,0,0.885448916408669,0.882716049382716,0.890145395799677,0.888357256778309,0.0016,0.08,0.0621019108280255,0,0,0,0.0125,0,0,0,0,0,0,0,0,0,0,0,0,0.0015748031496063,0.00162866449511401,0,0,0,0,0,0,0,0,0.00947867298578199,0,0,0,0,0,0,0,0,0.0015748031496063,0,0,0,0.00805152979066022,0,0,0.888888888888889,0.264705882352941,0.12379421221865,0.108239095315024,0.137380191693291,0.314009661835749,0.931746031746032,0.920967741935484,0.341732283464567,0.668702290076336,0.134674922600619,0.166666666666667,0.655502392344498,0.660194174757282,0.893081761006289,0.610675039246468,0.114374034003091,0.1515625,0.162420382165605,0.881141045958796,0.918876755070203,0.111811023622047,0.4,0.926829268292683,0.129032258064516,0.873239436619718,0.109243697478992,0.885113268608414,0.159810126582278,0.517684887459807,0.15600624024961,0.878836833602585,0.142857142857143,0.1850699844479,0.680445151033386,0.907120743034056,0.91692789968652,0.133956386292835,0.9232,0.117460317460317,0.65527950310559,0.918876755070203,0.853503184713376,0.549520766773163,0.911811023622047,0.911671924290221,0.119515885022693,0.243464052287582,0.443017656500803,0.120192307692308,0.124401913875598,0.934782608695652,0.404945904173107,0.687600644122383,0.114886731391586,0.895666131621188,0.695924764890282,0.121212121212121,0.194053208137715,0.884126984126984,0.137876386687797,1,0.278740157480315,0.130781499202552,0.881889763779528,0.852564102564103,0.152623211446741,0.117924528301887,0.1,0.913249211356467,0.923076923076923,0.0981012658227848,0.233118971061093,0.212698412698413,0.926905132192846,0.11214953271028,0.918269230769231,0.9216,0.284389489953632,0.113029827315542,0.410493827160494,0.259938837920489,0.918789808917197,0.175632911392405,0.441786283891547,0.652037617554859,0.947454844006568,0.4816,0.8912,0.110754414125201,0.115323854660348,0.888540031397174,0.929555895865237,0.913109756097561,0.102523659305994,0.102685624012638,0.621621621621622,0.118506493506494,0.487883683360259,0.122448979591837,0.886614173228346,0.872868217054264,0.662939297124601,0.544871794871795,0.919685039370079,0.146919431279621,0.848341232227488,0.66510172143975,0.892405063291139,0.629449838187702,0.125391849529781,0.567307692307692,0.123397435897436,0.9125,0.918238993710692,0.666666666666667,0.138582677165354,0.117174959871589,0.130505709624796,0.556438791732909,0.116459627329193,0.616954474097331,0.607874015748031,0.88503937007874,0.990726429675425,0.148606811145511,0.881219903691814,0.626934984520124,0.199362041467305,0.889776357827476,0.877777777777778,0.170731707317073,0.473429951690821,0.394409937888199,0.888024883359253,0.125193199381762,0.912576687116564,0.113418530351438,0.869634340222575,0.127186009538951,0.883464566929134,0.270440251572327,0.650943396226415,0.132605304212168,0.884310618066561,0.889070146818923,0.121684867394696,0.139384116693679
"159",0.201892744479495,0.203442879499218,0.201550387596899,0.19935691318328,0,0,0,0,0,0,0,0,0,0,0,0,0,0,0,0,0,0.0185471406491499,0.0268987341772152,0,0,0,0,0,0,0,0,0,0,0,0,0,0,0,0,0,0,0,0,0,0,0,0,0.202453987730061,0.208137715179969,0.199029126213592,0.19422150882825,0,0.564873417721519,0.430599369085173,0,0,0,0.0484375,0,0,0,0,0,0,0,0,0,0,0,0,0.00154559505409583,0.00644122383252818,0,0,0,0,0,0,0,0,0.0235849056603774,0,0,0,0,0,0,0,0,0.0015748031496063,0,0,0,0.014308426073132,0,0,0.19236641221374,0.789877300613497,0.799687010954617,0.816129032258065,0.794952681388013,0.7392,0.263157894736842,0.274881516587678,0.72755905511811,0.490769230769231,0.806106870229008,0.775444264943457,0.5718901453958,0.493610223642172,0.204081632653061,0.542372881355932,0.797805642633229,0.787136294027565,0.944620253164557,0.202830188679245,0.232594936708861,0.797805642633229,0.635157545605307,0.23968253968254,0.79304897314376,0.192901234567901,0.790697674418605,0.202898550724638,0.812302839116719,0.639553429027113,0.775700934579439,0.201288244766506,0.804012345679012,0.76271186440678,0.486443381180223,0.230421686746988,0.242424242424242,0.777777777777778,0.250401284109149,0.806709265175719,0.451463790446841,0.226415094339623,0.2864,0.628346456692913,0.220657276995305,0.232415902140673,0.793939393939394,0.767479674796748,0.673566878980892,0.796116504854369,0.800322061191626,0.23943661971831,0.638065522620905,0.474683544303797,0.799674267100977,0.213141025641026,0.458914728682171,0.790220820189274,0.763322884012539,0.188709677419355,0.804761904761905,0.278740157480315,1,0.797805642633229,0.196540880503145,0.259493670886076,0.8096,0.803149606299213,0.782742681047766,0.20859872611465,0.227707006369427,0.80188679245283,0.707006369426752,0.7,0.234009360374415,0.797507788161994,0.235015772870662,0.236421725239617,0.6609375,0.803767660910518,0.629107981220657,0.75,0.223454833597464,0.804173354735153,0.614886731391586,0.447574334898279,0.261865793780687,0.593059936908517,0.188888888888889,0.806709265175719,0.80370942812983,0.248417721518987,0.237442922374429,0.241590214067278,0.803459119496855,0.796238244514107,0.524031007751938,0.804838709677419,0.650563607085346,0.800618238021638,0.190251572327044,0.197836166924266,0.499207606973059,0.543443917851501,0.241269841269841,0.82398753894081,0.2703125,0.486111111111111,0.232963549920761,0.52411575562701,0.775351014040562,0.544444444444444,0.797169811320755,0.251920122887865,0.23961661341853,0.432766615146832,0.809375,0.799684542586751,0.787337662337662,0.574074074074074,0.798107255520505,0.514592933947773,0.503125,0.202830188679245,0.269938650306748,0.786604361370717,0.186413902053712,0.526636225266362,0.776212832550861,0.200949367088608,0.203821656050955,0.782113821138211,0.61525974025974,0.644961240310078,0.195121951219512,0.805295950155763,0.235562310030395,0.7900466562986,0.267828843106181,0.791601866251944,0.20125786163522,0.76813880126183,0.479365079365079,0.800623052959502,0.1984375,0.196078431372549,0.797235023041475,0.838658146964856
"160",0.0205371248025276,0.0158730158730159,0.0124610591900312,0.0191693290734824,0,0,0,0,0,0,0,0,0,0,0,0,0,0,0,0,0,0.0280373831775701,0.0382165605095541,0,0,0,0,0,0,0,0,0,0,0,0,0,0,0,0,0,0,0,0,0,0,0,0,0.0170015455950541,0.0218408736349454,0.0161550888529887,0.0177133655394525,0,0.679425837320574,0.504672897196262,0,0,0,0.0513219284603421,0,0,0,0,0,0,0,0,0,0,0,0,0.00315457413249211,0.00791139240506329,0,0,0,0,0,0,0,0,0.0305810397553517,0,0,0,0,0,0,0.00158478605388273,0,0.0032258064516129,0,0,0,0.0206349206349206,0,0,0.0169230769230769,0.830534351145038,0.976190476190476,0.980551053484603,0.998402555910543,0.797488226059655,0.083596214511041,0.1008,0.758241758241758,0.451219512195122,1,0.9712,0.456,0.471246006389776,0.0156494522691706,0.516380655226209,0.9828125,0.987480438184664,0.942857142857143,0.0125786163522013,0.0502354788069074,0.979527559055118,0.724080267558528,0.0635930047694754,0.958266452648475,0.0171606864274571,0.98531810766721,0.0209339774557166,0.943396226415094,0.540064102564103,0.978361669242658,0.0178571428571429,0.957613814756672,0.954128440366973,0.450479233226837,0.0842266462480858,0.0653907496012759,0.941176470588235,0.0502431118314425,0.978998384491115,0.367283950617284,0.0527950310559006,0.134069400630915,0.506289308176101,0.0423197492163009,0.0538461538461538,0.976047904191617,0.885807504078303,0.658576051779935,0.969745222929936,0.969793322734499,0.0558139534883721,0.720062208398134,0.417582417582418,0.980456026058632,0.032051282051282,0.41692789968652,1,0.942277691107644,0.015748031496063,0.979559748427673,0.130781499202552,0.797805642633229,1,0.018957345971564,0.125786163522013,0.992050874403816,0.977848101265823,0.986196319018405,0.0492063492063492,0.0496794871794872,0.978125,0.831460674157303,0.843354430379747,0.0545171339563863,0.985826771653543,0.0518867924528302,0.0599369085173502,0.765696784073507,0.978494623655914,0.711180124223602,0.844984802431611,0.0499194847020934,0.9296,0.670947030497592,0.3828125,0.0762987012987013,0.645962732919255,0.016025641025641,0.988835725677831,0.966666666666667,0.0775316455696203,0.0606060606060606,0.0557275541795666,0.98116169544741,0.98125,0.517884914463453,0.981878088962109,0.5625,0.980152671755725,0.0157977883096366,0.0156985871271586,0.477917981072555,0.471698113207547,0.0441640378548896,0.946236559139785,0.0941915227629513,0.453846153846154,0.0427892234548336,0.5,0.990668740279938,0.454258675078864,0.978159126365055,0.0741885625965997,0.0599369085173502,0.35981308411215,0.968847352024922,0.995230524642289,0.998376623376623,0.587677725118483,1,0.516975308641975,0.5046875,0.0185471406491499,0.0940819423368741,0.992223950233281,0.0205047318611987,0.491603053435115,0.929133858267717,0.0253565768621236,0.016,0.961783439490446,0.651888341543514,0.727131782945736,0.0138036809815951,0.983024691358025,0.0504587155963303,0.978193146417445,0.113707165109034,0.995327102803738,0.0158227848101266,0.844444444444444,0.4592,1,0.0186915887850467,0.00958466453674121,0.981566820276498,0.962264150943396
"161",1,1,1,0.998407643312102,0,0,0,0,0,0,0,0,0,0,0,0,0,0,0,0,0,0,0,0,0,0,0,0,0,0,0,0,0,0,0,0,0,0,0,0,0,0,0,0,0,0,0,1,1,1,0.998410174880763,0.00157728706624606,0,0,0,0,0,0,0,0,0,0,0,0,0,0,0,0,0,0,0,0,0,0,0,0,0,0,0,0,0,0,0,0,0,0,0,0,0,0,0,0,0,0,0,0,1,0.168469860896445,0.00632911392405063,0,0.0171875,0.214516129032258,0.937007874015748,0.923566878980892,0.251592356687898,0.568147013782542,0.0169491525423729,0.0492063492063492,0.565079365079365,0.529411764705882,1,0.5,0,0.0336906584992343,0.0445151033386327,1,0.971698113207547,0,0.287145242070117,0.955696202531646,0.0206677265500795,1,0,0.995215311004785,0.0427215189873418,0.477707006369427,0.0455927051671733,1,0.0375,0.0590062111801242,0.571658615136876,0.938837920489297,0.954330708661417,0.0464396284829721,0.966772151898734,0,0.649310872894334,0.968895800933126,0.883647798742138,0.50314465408805,0.9765625,0.964912280701754,0.00461538461538462,0.12520325203252,0.362068965517241,0.0144694533762058,0.0109717868338558,0.970404984423676,0.29984544049459,0.58609794628752,0,0.982511923688394,0.600308641975309,0.0178282009724473,0.0858034321372855,1,0.0142405063291139,0.881889763779528,0.196540880503145,0.018957345971564,1,0.890995260663507,0.0314465408805031,0.00476190476190476,0,0.971563981042654,0.97444089456869,0.00306748466257669,0.148562300319489,0.136507936507936,0.96411856474259,0.00157232704402516,0.959935897435897,0.958730158730159,0.222910216718266,0,0.301538461538462,0.162650602409639,0.969502407704655,0.057784911717496,0.337539432176656,0.631172839506173,0.938311688311688,0.371875,1,0.00157977883096367,0.00796178343949045,0.933544303797468,0.958841463414634,0.962848297213622,0,0,0.501557632398754,0,0.451968503937008,0,1,1,0.542857142857143,0.533762057877814,0.981042654028436,0.0422535211267606,0.923197492163009,0.562596599690881,0.972886762360447,0.505564387917329,0.0309119010819165,0.560509554140127,0,0.945482866043614,0.961119751166407,0.643076923076923,0.0110062893081761,0.0062992125984252,0.024390243902439,0.427001569858713,0.0109375,0.497681607418856,0.506998444790047,1,0.920245398773006,0.0325581395348837,1,0.505343511450382,0.0770440251572327,0.996850393700787,1,0.0483091787439614,0.359223300970874,0.279434850863422,1,0.00308166409861325,0.964777947932619,0.00311526479750779,0.902053712480253,0.0112540192926045,1,0.15955766192733,0.5484375,0.0202808112324493,1,0.998381877022654,0.00153609831029186,0.0285261489698891
"162",0.887147335423197,0.894245723172628,0.900316455696203,0.885532591414944,0,0,0,0,0,0,0,0,0,0,0,0,0,0,0,0,0,0.00309119010819165,0.00316455696202532,0,0,0,0,0,0,0,0,0,0,0,0,0,0,0,0,0,0,0,0,0,0,0,0,0.891104294478528,0.8887171561051,0.893092105263158,0.887301587301587,0.00159489633173844,0.0740157480314961,0.0575079872204473,0,0,0,0.0062111801242236,0,0,0,0,0,0,0,0,0,0,0,0,0.00157232704402516,0,0,0,0,0,0,0,0,0,0.0046875,0,0,0,0,0,0,0,0,0.0016025641025641,0,0,0,0.00481540930979133,0,0,0.888888888888889,0.231950844854071,0.120826709062003,0.10459587955626,0.125776397515528,0.311793214862682,0.8703125,0.873015873015873,0.315541601255887,0.70398773006135,0.12788906009245,0.180511182108626,0.686708860759494,0.668238993710692,0.896389324960754,0.59375,0.102643856920684,0.15600624024961,0.154574132492114,0.894080996884735,0.886614173228346,0.103610675039246,0.430485762144054,0.876996805111821,0.120772946859903,0.885625965996909,0.099510603588907,0.8944,0.154088050314465,0.483037156704362,0.153250773993808,0.9008,0.141975308641975,0.18140243902439,0.677265500794913,0.854740061162079,0.868253968253968,0.1287284144427,0.880064829821718,0.115264797507788,0.597523219814242,0.887675507020281,0.800955414012739,0.5104,0.885895404120444,0.875,0.107197549770291,0.234527687296417,0.407643312101911,0.123595505617978,0.130708661417323,0.878693623639191,0.424196018376723,0.75,0.113085621970921,0.87797147385103,0.763608087091757,0.128164556962025,0.195007800312012,0.89776357827476,0.1296,0.852564102564103,0.259493670886076,0.125786163522013,0.890995260663507,1,0.145085803432137,0.101910828025478,0.098310291858679,0.87962962962963,0.878980891719745,0.106084243369735,0.222929936305732,0.208530805687204,0.878693623639191,0.108150470219436,0.87207488299532,0.8768,0.274268104776579,0.106646058732612,0.441717791411043,0.262048192771084,0.876602564102564,0.159375,0.463108320251177,0.677570093457944,0.87741935483871,0.51033386327504,0.900943396226415,0.114467408585056,0.100313479623824,0.85126582278481,0.874809160305344,0.893846153846154,0.104524180967239,0.114779874213836,0.632970451010886,0.12046204620462,0.466453674121406,0.11609907120743,0.889589905362776,0.894654088050314,0.680445151033386,0.515151515151515,0.884493670886076,0.143759873617694,0.834890965732087,0.67629179331307,0.887122416534181,0.638126009693053,0.135007849293564,0.539936102236422,0.113744075829384,0.850769230769231,0.872239747634069,0.625386996904025,0.117739403453689,0.1078125,0.131147540983607,0.568535825545171,0.119195046439628,0.646058732612056,0.658653846153846,0.903937007874016,0.869431643625192,0.139498432601881,0.901116427432217,0.648773006134969,0.205974842767296,0.890302066772655,0.939837398373984,0.162640901771337,0.507246376811594,0.421461897356143,0.888208269525268,0.108024691358025,0.880184331797235,0.105919003115265,0.825196850393701,0.13125,0.875,0.266982622432859,0.701892744479495,0.135220125786164,0.892575039494471,0.889250814332248,0.111450381679389,0.146730462519936
"163",0.033175355450237,0.0284810126582278,0.0235109717868339,0.0301587301587302,0,0,0,0,0,0,0,0,0,0,0,0,0,0,0,0,0,0.0250783699059561,0.0346456692913386,0,0,0,0,0,0,0,0,0,0,0,0,0,0,0,0,0,0,0,0,0,0,0,0,0.0259541984732824,0.0323076923076923,0.0277324632952692,0.0272,0,0.688679245283019,0.51496062992126,0,0,0,0.057542768273717,0,0,0,0,0,0,0,0,0,0,0,0,0.00159744408945687,0.00950871632329636,0,0,0,0,0,0,0,0,0.0344287949921753,0,0,0,0,0,0,0,0,0.00161550888529887,0,0,0,0.0223285486443381,0,0,0.032258064516129,0.835365853658537,0.971698113207547,0.968,0.990566037735849,0.814102564102564,0.101587301587302,0.12480252764613,0.757433489827856,0.484756097560976,0.989296636085627,0.9952,0.4896331738437,0.514469453376206,0.0279937791601866,0.53405572755418,0.9734375,1,0.942006269592476,0.028125,0.0679304897314376,0.970358814352574,0.747028862478778,0.0740740740740741,0.953343701399689,0.0283018867924528,0.972222222222222,0.0307941653160454,0.946372239747634,0.549363057324841,0.981337480559876,0.0331230283911672,0.957943925233645,0.976708074534162,0.478672985781991,0.0984848484848485,0.0829420970266041,0.929984779299848,0.0650406504065041,0.9671875,0.380804953560372,0.0664556962025316,0.143974960876369,0.524642289348172,0.0541795665634675,0.0684292379471229,0.966360856269113,0.887278582930757,0.660855784469097,0.963434022257552,0.9671875,0.0725308641975309,0.738532110091743,0.458786936236392,0.966453674121406,0.0432692307692308,0.45468509984639,0.990521327014218,0.944272445820433,0.0283464566929134,0.976152623211447,0.152623211446741,0.8096,0.992050874403816,0.0314465408805031,0.145085803432137,1,0.965625,0.972727272727273,0.0636645962732919,0.0620031796502385,0.968503937007874,0.8352,0.846645367412141,0.0683229813664596,0.970679012345679,0.0717703349282297,0.0737833594976452,0.774539877300613,0.966360856269113,0.737248840803709,0.858662613981763,0.0702875399361022,0.93125,0.709470304975923,0.410769230769231,0.0963081861958267,0.669303797468354,0.0283018867924528,0.976489028213166,0.959876543209877,0.0992125984251968,0.0821917808219178,0.0744186046511628,0.968354430379747,0.97191887675507,0.549141965678627,0.970731707317073,0.578778135048232,0.966360856269113,0.0297339593114241,0.0277777777777778,0.505529225908373,0.473851030110935,0.0537124802527646,0.942006269592476,0.100931677018634,0.493920972644377,0.0610328638497653,0.546474358974359,0.982866043613707,0.466882067851373,0.966772151898734,0.0917721518987342,0.0734375,0.36322188449848,0.962616822429907,0.9826224328594,1,0.619344773790952,0.989130434782609,0.548286604361371,0.547286821705426,0.0265210608424337,0.10752688172043,1,0.0282574568288854,0.533434650455927,0.966824644549763,0.0393700787401575,0.0252764612954186,0.981042654028436,0.677316293929712,0.751524390243902,0.0277349768875193,0.967542503863988,0.0667678300455235,0.970219435736677,0.135725429017161,0.990580847723705,0.0283018867924528,0.863636363636364,0.48503937007874,0.989214175654854,0.0354938271604938,0.0243111831442464,0.969465648854962,0.959481361426256
"164",0.00464396284829721,0.00469483568075117,0.00465116279069767,0.0031496062992126,0,0,0,0,0,0,0,0,0,0,0,0,0,0,0,0,0,0.0219092331768388,0.0342146189735614,0,0,0,0,0,0,0,0,0,0,0,0,0,0,0,0,0,0,0,0,0,0,0,0,0.00306748466257669,0.00463678516228748,0.00481540930979133,0.00318979266347687,0,0.700315457413249,0.528125,0,0,0,0.0596546310832025,0,0,0,0,0,0,0,0,0,0,0,0,0.00313479623824451,0.0111464968152866,0,0,0,0,0,0,0,0,0.0358814352574103,0,0,0,0,0,0,0.00157728706624606,0,0.00313971742543171,0,0,0,0.0207667731629393,0,0,0.00455927051671732,0.814871016691957,0.988976377952756,0.998422712933754,0.979907264296754,0.782747603833866,0.0676100628930818,0.0814696485623003,0.736923076923077,0.433130699088146,0.977341389728097,0.940988835725678,0.434645669291339,0.462025316455696,0.00464396284829721,0.5,0.995384615384615,0.961479198767334,0.950233281493002,0.00613496932515337,0.0329153605015674,0.995297805642633,0.705,0.0430622009569378,0.967238689547582,0.00464396284829721,0.996768982229402,0.00966183574879227,0.954968944099379,0.493650793650794,0.956589147286822,0.00475435816164818,0.961538461538462,0.930091185410334,0.428571428571429,0.0615615615615616,0.0512422360248447,0.959752321981424,0.031496062992126,0.995319812792512,0.355932203389831,0.0372670807453416,0.116640746500778,0.458990536277603,0.031055900621118,0.0385802469135802,0.993957703927492,0.873217115689382,0.632329635499208,0.980738362760835,1,0.0338461538461538,0.705069124423963,0.4078125,0.996810207336523,0.0189873417721519,0.395419847328244,0.974683544303797,0.913446676970634,0.00462249614791988,0.981337480559876,0.117924528301887,0.803149606299213,0.977848101265823,0.00476190476190476,0.101910828025478,0.965625,1,0.993855606758833,0.0373831775700935,0.0328125,0.993874425727412,0.851612903225806,0.865414710485133,0.0414746543778802,0.995419847328244,0.043956043956044,0.0448,0.775729646697389,0.996884735202492,0.696923076923077,0.840978593272171,0.0361635220125786,0.942277691107644,0.662379421221865,0.374617737003058,0.0666666666666667,0.623233908948195,0.0046875,0.993720565149137,0.989147286821705,0.0572755417956656,0.0458015267175573,0.0446841294298921,1,0.995319812792512,0.488299531981279,0.996815286624204,0.513428120063191,0.995384615384615,0.00625,0.00614439324116743,0.45141065830721,0.45440251572327,0.0251177394034537,0.948678071539658,0.0869565217391304,0.43140243902439,0.0315457413249211,0.495222929936306,0.970769230769231,0.419457735247209,0.996850393700787,0.0643185298621746,0.04375,0.35,0.985981308411215,0.989147286821705,0.970540098199673,0.569875776397516,0.984639016897081,0.492163009404389,0.487577639751553,0.00313479623824451,0.0833333333333333,0.964506172839506,0.00156739811912226,0.487951807228916,0.907834101382488,0.00788643533123028,0.00318979266347687,0.935534591194969,0.634615384615385,0.709480122324159,0.00606980273141123,0.995412844036697,0.0396341463414634,0.996932515337423,0.096875,0.976887519260401,0.00618238021638331,0.8359375,0.427444794952681,0.975346687211094,0.00462249614791988,0.00796178343949045,0.996946564885496,0.968
"165",0.00153139356814701,0,0.00153609831029186,0,0,0,0,0,0,0,0,0,0,0,0,0,0,0,0,0,0,0.0284431137724551,0.039039039039039,0,0,0,0,0,0,0,0,0,0,0,0,0,0,0,0,0,0,0,0,0,0,0,0,0.00150829562594268,0.00149925037481259,0,0,0,0.700310559006211,0.517884914463453,0,0,0,0.0659670164917541,0,0,0,0,0,0,0,0,0,0,0,0,0.0031104199066874,0.0110236220472441,0,0,0,0,0,0,0,0,0.0353846153846154,0,0,0,0,0,0,0.00154320987654321,0,0.00307692307692308,0,0,0,0.0221169036334913,0,0,0.00151285930408472,0.836826347305389,0.995384615384615,0.998425196850394,0.987616099071207,0.76813880126183,0.0588235294117647,0.0769230769230769,0.753067484662577,0.408748114630468,0.988059701492537,0.956318252730109,0.409937888198758,0.445482866043614,0.00152671755725191,0.484894259818731,0.998487140695915,0.973886328725038,0.954545454545455,0.00149925037481259,0.0287443267776097,1,0.690821256038647,0.0440251572327044,0.971830985915493,0.00303030303030303,1,0.00465116279069767,0.960244648318043,0.541213063763608,0.958841463414634,0.00309119010819165,0.964017991004498,0.940298507462687,0.4,0.0638930163447251,0.0429447852760736,0.959276018099548,0.0347003154574132,1,0.35575485799701,0.0322085889570552,0.123100303951368,0.507598784194529,0.0256410256410256,0.0347432024169184,0.992537313432836,0.866251944012442,0.638629283489097,0.982839313572543,0.987673343605547,0.0329835082458771,0.68609865470852,0.38109756097561,0.998430141287284,0.0124610591900312,0.371601208459215,0.986068111455108,0.91981845688351,0,0.983154670750383,0.1,0.782742681047766,0.986196319018405,0,0.098310291858679,0.972727272727273,0.993855606758833,1,0.0318181818181818,0.0276923076923077,0.995391705069124,0.853810264385692,0.868131868131868,0.0369230769230769,0.996946564885496,0.043343653250774,0.0418604651162791,0.781679389312977,0.998493975903614,0.683506686478455,0.830357142857143,0.03125,0.944012441679627,0.643518518518518,0.36405529953917,0.0644122383252818,0.610852713178295,0.00307219662058372,1,0.989263803680982,0.0688073394495413,0.0432190760059613,0.0404191616766467,0.998473282442748,0.998468606431853,0.476479514415782,1,0.569206842923795,1,0.00307692307692308,0.00151745068285281,0.432721712538226,0.45679012345679,0.0217391304347826,0.958652373660031,0.081039755351682,0.414050822122571,0.0291411042944785,0.475460122699386,0.974474474474474,0.465625,0.996923076923077,0.0588235294117647,0.0438729198184569,0.365817091454273,0.986259541984733,0.998470948012232,0.979397781299525,0.551145038167939,0.989409984871407,0.478195488721805,0.471556886227545,0.00153846153846154,0.0655737704918033,0.976011994002999,0,0.462686567164179,0.922600619195046,0.00614439324116743,0.00155763239875389,0.952887537993921,0.622641509433962,0.704819277108434,0.00149253731343284,0.996987951807229,0.0358744394618834,0.995419847328244,0.100303951367781,0.986322188449848,0.00305343511450382,0.823802163833076,0.418856259659969,0.984939759036145,0.00303490136570561,0.00470957613814757,0.998505231689088,0.973228346456693
"166",0.971742543171115,0.967032967032967,0.97045101088647,0.966666666666667,0,0,0,0,0,0,0,0,0,0,0,0,0,0,0,0,0,0,0,0,0,0,0,0,0,0,0,0,0,0,0,0,0,0,0,0,0,0,0,0,0,0,0,0.970769230769231,0.964723926380368,0.967845659163987,0.966346153846154,0.00155038759689922,0.0188087774294671,0.0189274447949527,0,0,0,0.0062111801242236,0,0,0,0,0,0,0,0,0,0,0,0,0.00156739811912226,0,0,0,0,0,0,0,0,0,0.00467289719626168,0,0,0,0,0,0,0,0,0.00158227848101266,0,0,0,0.00476947535771065,0,0,0.967840735068913,0.203363914373089,0.0429936305732484,0.0316455696202532,0.0519685039370079,0.23961661341853,0.962382445141066,0.958532695374801,0.277165354330709,0.58179012345679,0.0556414219474498,0.0806962025316456,0.564668769716088,0.559105431309904,0.966929133858268,0.521604938271605,0.0340030911901082,0.0563380281690141,0.0704225352112676,0.970219435736677,0.998477929984779,0.028125,0.317275747508306,0.97933227344992,0.0586370839936609,0.966360856269113,0.0232558139534884,0.9664,0.0725552050473186,0.481481481481481,0.0668693009118541,0.963258785942492,0.0632716049382716,0.0874233128834356,0.592233009708738,0.968277945619335,0.989028213166144,0.0627871362940276,0.9968,0.0347003154574132,0.671779141104294,1,0.908675799086758,0.507763975155279,0.998427672955975,0.995348837209302,0.0346907993966818,0.157303370786517,0.390127388535032,0.0428571428571429,0.0420560747663551,0.987692307692308,0.321044546850998,0.611111111111111,0.0301587301587302,0.992138364779874,0.625,0.0447284345047923,0.102167182662539,0.9671875,0.0516431924882629,0.913249211356467,0.20859872611465,0.0492063492063492,0.971563981042654,0.87962962962963,0.0636645962732919,0.0373831775700935,0.0318181818181818,1,1,0.024653312788906,0.171428571428571,0.158227848101266,0.998439937597504,0.0326594090202177,0.993740219092332,0.993610223642173,0.240740740740741,0.0372093023255814,0.338414634146341,0.186259541984733,0.993680884676145,0.0779014308426073,0.356576862123613,0.693846153846154,0.972176759410802,0.402208201892744,0.969040247678019,0.0363924050632911,0.0346456692913386,0.962264150943396,0.992378048780488,0.998466257668712,0.0342146189735614,0.0296875,0.525502318392581,0.0258899676375405,0.451816745655608,0.0349544072948328,0.965625,0.967136150234742,0.565830721003135,0.552425665101721,0.985781990521327,0.062111801242236,0.906009244992296,0.586687306501548,0.954258675078864,0.52555910543131,0.0559875583203732,0.552547770700637,0.0330708661417323,0.977029096477795,0.985915492957746,0.677115987460815,0.04375,0.03486529318542,0.0555555555555556,0.453968253968254,0.0342146189735614,0.515576323987539,0.5296875,0.970125786163522,0.954476479514416,0.0607476635514019,0.966613672496025,0.526555386949924,0.105678233438486,0.974723538704581,0.9696,0.083596214511041,0.383870967741935,0.296875,0.967391304347826,0.0384024577572965,0.998484848484849,0.0384024577572965,0.931528662420382,0.0484375,0.965625,0.187697160883281,0.586477987421384,0.0455974842767296,0.965732087227414,0.969793322734499,0.0353302611367127,0.0543130990415335
"167",0.979462875197472,0.967845659163987,0.97427652733119,0.972402597402597,0,0,0,0,0,0,0,0,0,0,0,0,0,0,0,0,0,0,0,0,0,0,0,0,0,0,0,0,0,0,0,0,0,0,0,0,0,0,0,0,0,0,0,0.971875,0.968895800933126,0.972039473684211,0.967689822294023,0.00158982511923688,0.017741935483871,0.0161030595813204,0,0,0,0.0032,0,0,0,0,0,0,0,0,0,0,0,0,0,0,0,0,0,0,0,0,0,0,0.0015748031496063,0,0,0,0,0,0,0,0,0,0,0,0,0.00162337662337662,0,0,0.972477064220184,0.2078125,0.0363349131121643,0.0275526742301459,0.0524642289348172,0.270799347471452,0.968503937007874,0.961290322580645,0.279179810725552,0.589783281733746,0.0543478260869565,0.0861788617886179,0.584394904458599,0.565640194489465,0.971428571428571,0.535714285714286,0.0300632911392405,0.0507936507936508,0.0769230769230769,0.97007874015748,1,0.0269413629160063,0.318027210884354,0.980613893376414,0.0533980582524272,0.967289719626168,0.026578073089701,0.972624798711755,0.0755627009646302,0.493589743589744,0.0719874804381847,0.964401294498382,0.0682539682539682,0.0893416927899686,0.602254428341385,0.970404984423676,0.987158908507223,0.0618066561014263,0.996688741721854,0.0340909090909091,0.687306501547988,0.998430141287284,0.916271721958926,0.529411764705882,1,0.996860282574568,0.0352220520673813,0.173419773095624,0.393841166936791,0.0510708401976936,0.037037037037037,0.98755832037325,0.321259842519685,0.633440514469453,0.0324149108589951,0.990322580645161,0.638095238095238,0.0448717948717949,0.115141955835962,0.96875,0.0506329113924051,0.923076923076923,0.227707006369427,0.0496794871794872,0.97444089456869,0.878980891719745,0.0620031796502385,0.0328125,0.0276923076923077,1,1,0.0235109717868339,0.180194805194805,0.164781906300485,0.998425196850394,0.0297805642633229,0.99512987012987,0.993558776167472,0.252713178294574,0.0332278481012658,0.335913312693498,0.208791208791209,0.995090016366612,0.0852090032154341,0.363784665579119,0.650943396226415,0.970345963756178,0.407051282051282,0.966292134831461,0.0335463258785942,0.0380952380952381,0.9728,0.993798449612403,0.998439937597504,0.0286168521462639,0.028436018957346,0.534290271132376,0.0232172470978441,0.4656,0.0292307692307692,0.969648562300319,0.973015873015873,0.57097288676236,0.545893719806763,0.992076069730586,0.0566343042071197,0.914330218068536,0.598116169544741,0.954838709677419,0.538842975206612,0.0613207547169811,0.581548599670511,0.0349761526232114,0.978090766823161,0.987240829346092,0.685534591194969,0.0403225806451613,0.0333863275039746,0.0550918196994992,0.465299684542587,0.035031847133758,0.529133858267717,0.544585987261146,0.971428571428571,0.955589586523737,0.0609375,0.969648562300319,0.542242703533026,0.111287758346582,0.972843450479233,0.969105691056911,0.0864,0.388524590163934,0.311248073959938,0.972049689440994,0.0344827586206897,0.998452012383901,0.0345368916797488,0.936708860759494,0.0461783439490446,0.968602825745683,0.209779179810726,0.591346153846154,0.0489731437598736,0.968253968253968,0.970099667774086,0.0295489891135303,0.0487012987012987
"168",0.00305810397553517,0.0031104199066874,0.00307692307692308,0.00314465408805031,0,0,0,0,0,0,0,0,0,0,0,0,0,0,0,0,0,0.0282574568288854,0.0413476263399694,0,0,0,0,0,0,0,0,0,0,0,0,0,0,0,0,0,0,0,0,0,0,0,0,0,0.00302114803625378,0.00324149108589951,0.00311526479750779,0,0.70735524256651,0.5260663507109,0,0,0,0.053125,0,0,0,0,0,0,0,0,0,0,0,0,0,0.009375,0,0,0,0,0,0,0,0,0.0264797507788162,0,0,0,0,0,0,0,0,0,0,0,0,0.0141287284144427,0,0,0.00455927051671732,0.825227963525836,0.988906497622821,0.99685534591195,0.980030721966206,0.768025078369906,0.0638629283489097,0.0772870662460568,0.743348982785602,0.439393939393939,0.975757575757576,0.94408945686901,0.449139280125196,0.462875197472354,0.00460122699386503,0.503852080123267,0.996974281391831,0.95852534562212,0.952307692307692,0.00303490136570561,0.027906976744186,0.996913580246914,0.709836065573771,0.0398724082934609,0.976340694006309,0.00454545454545455,0.998363338788871,0.00949367088607595,0.952307692307692,0.525078369905956,0.960426179604262,0.00469483568075117,0.954545454545455,0.938461538461538,0.426332288401254,0.0506134969325153,0.0395738203957382,1,0.0235478806907378,0.996870109546166,0.273556231003039,0.0246153846153846,0.0851393188854489,0.489795918367347,0.0199692780337942,0.0276923076923077,1,0.855095541401274,0.633070866141732,0.987381703470032,0.990726429675425,0.0290519877675841,0.695915279878971,0.406645569620253,0.996825396825397,0.0141065830721003,0.400304414003044,0.976303317535545,0.927580893682589,0.00308166409861325,0.976340694006309,0.0981012658227848,0.80188679245283,0.978125,0.00306748466257669,0.106084243369735,0.968503937007874,0.993874425727412,0.995391705069124,0.024653312788906,0.0235109717868339,1,0.875590551181102,0.901273885350318,0.029320987654321,0.995348837209302,0.0324074074074074,0.0362204724409449,0.806697108066971,0.996927803379416,0.692073170731707,0.819548872180451,0.0299684542586751,0.936808846761453,0.656200941915228,0.3843797856049,0.0593900481540931,0.623839009287926,0.00465116279069767,0.993710691823899,0.987616099071207,0.0527950310559006,0.0346907993966818,0.0321592649310873,0.996899224806202,0.998449612403101,0.493087557603687,0.996763754045307,0.552959501557632,0.996960486322188,0.0031055900621118,0.00465116279069767,0.457231726283048,0.448916408668731,0.0171073094867807,0.958268933539413,0.0632716049382716,0.436170212765957,0.0245775729646697,0.492935635792779,0.971036585365854,0.438985736925515,0.995305164319249,0.0484848484848485,0.0398773006134969,0.330246913580247,0.985915492957746,0.989230769230769,0.974151857835218,0.574961360123648,0.987654320987654,0.495384615384615,0.49306625577812,0.00153374233128834,0.0706766917293233,0.963246554364472,0.003125,0.48411497730711,0.911214953271028,0.00631911532385466,0.00159744408945687,0.938080495356037,0.632911392405063,0.711864406779661,0.0045662100456621,0.995440729483283,0.030441400304414,1,0.0778816199376947,0.978328173374613,0.00464396284829721,0.81733746130031,0.445131375579598,0.975077881619938,0.0046656298600311,0.00476947535771065,0.996987951807229,0.9703125
"169",0.158730158730159,0.152350081037277,0.169329073482428,0.1456,0,0,0,0,0,0,0,0,0,0,0,0,0,0,0,0,0,0.0220472440944882,0.0316957210776545,0,0,0,0,0,0,0,0,0,0,0,0,0,0,0,0,0,0,0,0,0,0,0,0,0.149691358024691,0.144215530903328,0.160919540229885,0.145901639344262,0.00160771704180064,0.59775641025641,0.439297124600639,0,0,0,0.0473186119873817,0,0,0,0,0,0,0,0,0,0,0,0,0,0.00634920634920635,0,0,0,0,0,0,0,0,0.0232919254658385,0,0,0,0,0,0,0,0,0,0,0,0,0.0159489633173844,0,0,0.152173913043478,0.74488188976378,0.8384,0.847290640394089,0.848,0.704472843450479,0.2112,0.218241042345277,0.707936507936508,0.444617784711388,0.834633385335413,0.812199036918138,0.451456310679612,0.480327868852459,0.146456692913386,0.525157232704403,0.86046511627907,0.817322834645669,0.807017543859649,0.148205928237129,0.150316455696203,0.847244094488189,0.656514382402707,0.184466019417476,0.824675324675325,0.1546875,0.853135313531353,0.14759535655058,0.819776714513557,0.544728434504792,0.824534161490683,0.154220779220779,0.825949367088608,0.809006211180124,0.4375,0.204018547140649,0.192556634304207,0.900311526479751,0.178104575163399,0.860979462875197,0.472049689440994,0.19047619047619,0.268488745980707,0.5375,0.182677165354331,0.18167701863354,0.858895705521472,0.781818181818182,0.624203821656051,0.844262295081967,0.852564102564103,0.194006309148265,0.642405063291139,0.423809523809524,0.858784893267652,0.176565008025682,0.419003115264797,0.834670947030498,0.799682034976153,0.155448717948718,0.8368,0.233118971061093,0.707006369426752,0.831460674157303,0.148562300319489,0.222929936305732,0.8352,0.851612903225806,0.853810264385692,0.171428571428571,0.180194805194805,0.875590551181102,1,1,0.167464114832536,0.862123613312203,0.184887459807074,0.193290734824281,1,0.852201257861635,0.634375,0.753869969040248,0.169934640522876,0.801292407108239,0.606158833063209,0.430622009569378,0.216039279869067,0.598726114649682,0.148969889064976,0.845295055821372,0.842948717948718,0.215070643642072,0.192604006163328,0.197183098591549,0.858475894245723,0.857594936708861,0.497645211930926,0.828046744574291,0.583198707592892,0.847589424572317,0.156299840510367,0.14622641509434,0.4768,0.504012841091493,0.167731629392971,0.816455696202532,0.21939586645469,0.443573667711599,0.175718849840256,0.495114006514658,0.824367088607595,0.483253588516746,0.860095389507154,0.207278481012658,0.176848874598071,0.419003115264797,0.831210191082803,0.856687898089172,0.831147540983607,0.546899841017488,0.834130781499203,0.507020280811232,0.500784929356358,0.157051282051282,0.205837173579109,0.82574568288854,0.153846153846154,0.502283105022831,0.79967689822294,0.155948553054662,0.154975530179445,0.809983896940419,0.601639344262295,0.656200941915228,0.145085803432137,0.837245696400626,0.166924265842349,0.85179407176287,0.241324921135647,0.829073482428115,0.14785373608903,0.749201277955272,0.463607594936709,0.833333333333333,0.147151898734177,0.153094462540717,0.84984520123839,0.830894308943089
"170",0.142628205128205,0.138486312399356,0.14218009478673,0.130856219709208,0,0,0,0,0,0,0,0,0,0,0,0,0,0,0,0,0,0.028436018957346,0.0382775119617225,0,0,0,0,0,0,0,0,0,0,0,0,0,0,0,0,0,0,0,0,0,0,0,0,0.131782945736434,0.129283489096573,0.140522875816993,0.122549019607843,0,0.607655502392344,0.456279809220986,0,0,0,0.0457413249211356,0,0,0,0,0,0,0,0,0,0,0,0,0.00159235668789809,0.00811688311688312,0,0,0,0,0,0,0,0,0.0221169036334913,0,0,0,0,0,0,0,0,0.00160771704180064,0,0,0,0.0129032258064516,0,0,0.1390625,0.752688172043011,0.842356687898089,0.861157024793388,0.862123613312203,0.697933227344992,0.200315457413249,0.20650406504065,0.700315457413249,0.451313755795981,0.857361963190184,0.82875605815832,0.453225806451613,0.48006379585327,0.131121642969984,0.511700468018721,0.886970172684458,0.845047923322684,0.824561403508772,0.131955484896661,0.14756671899529,0.864649681528662,0.663316582914573,0.166402535657686,0.850649350649351,0.137931034482759,0.860197368421053,0.129568106312292,0.829346092503987,0.538336052202284,0.846034214618974,0.136363636363636,0.837795275590551,0.830745341614907,0.438202247191011,0.206471494607088,0.173501577287066,0.925233644859813,0.163430420711974,0.875796178343949,0.49375,0.162939297124601,0.264,0.519108280254777,0.165605095541401,0.1671826625387,0.877519379844961,0.775974025974026,0.617977528089888,0.86525974025974,0.859424920127795,0.169014084507042,0.659409020217729,0.427672955974843,0.874183006535948,0.164781906300485,0.408736349453978,0.850079744816587,0.818611987381703,0.142857142857143,0.851437699680511,0.212698412698413,0.7,0.843354430379747,0.136507936507936,0.208530805687204,0.846645367412141,0.865414710485133,0.868131868131868,0.158227848101266,0.164781906300485,0.901273885350318,1,1,0.148264984227129,0.876369327073552,0.165861513687601,0.178743961352657,1,0.862284820031299,0.658878504672897,0.75,0.158319870759289,0.813504823151125,0.630573248407643,0.41259842519685,0.193388429752066,0.607936507936508,0.121405750798722,0.860615883306321,0.857369255150555,0.197767145135566,0.175465838509317,0.175911251980983,0.86741214057508,0.875,0.506329113924051,0.844112769485904,0.571656050955414,0.858034321372855,0.133116883116883,0.13302034428795,0.470967741935484,0.504,0.150793650793651,0.825396825396825,0.185303514376997,0.440944881889764,0.157977883096367,0.501623376623377,0.849840255591054,0.470494417862839,0.878594249201278,0.183544303797468,0.169572107765452,0.422047244094488,0.848966613672496,0.8624,0.847790507364975,0.552425665101721,0.853035143769968,0.504716981132076,0.502377179080824,0.133870967741935,0.183641975308642,0.848062015503876,0.138933764135703,0.5,0.812400635930048,0.145339652448657,0.128712871287129,0.828150572831424,0.611570247933884,0.658805031446541,0.130970724191063,0.862559241706161,0.155864197530864,0.868544600938967,0.250401284109149,0.85031847133758,0.129485179407176,0.746411483253589,0.469648562300319,0.851735015772871,0.126760563380282,0.144262295081967,0.86833855799373,0.84375
"171",0.971786833855799,0.9629057187017,0.96583850931677,0.964912280701754,0,0,0,0,0,0,0,0,0,0,0,0,0,0,0,0,0,0,0,0,0,0,0,0,0,0,0,0,0,0,0,0,0,0,0,0,0,0,0,0,0,0,0,0.96937212863706,0.962349397590361,0.962783171521036,0.961290322580645,0.00154559505409583,0.0252764612954186,0.0204081632653061,0,0,0,0.00618238021638331,0,0,0,0,0,0,0,0,0,0,0,0,0.0016,0,0,0,0,0,0,0,0,0,0.00470219435736677,0,0,0,0,0,0,0,0,0.00157232704402516,0,0,0,0.0047244094488189,0,0,0.964615384615385,0.214285714285714,0.0463258785942492,0.036624203821656,0.0603715170278638,0.241324921135647,0.973724884080371,0.970826580226904,0.286384976525822,0.595744680851064,0.0583832335329341,0.0923566878980892,0.590837282780411,0.57007874015748,0.961059190031153,0.5265625,0.0404984423676012,0.0651162790697674,0.0860719874804382,0.96583850931677,1,0.0358255451713396,0.319604612850082,0.985507246376812,0.0571428571428571,0.957746478873239,0.0324149108589951,0.966129032258065,0.0777604976671851,0.48489666136725,0.0746951219512195,0.955766192733017,0.0640625,0.0931297709923664,0.61189358372457,0.977272727272727,0.989180834621329,0.0658499234303216,1,0.0358255451713396,0.689024390243902,1,0.929467084639498,0.519047619047619,0.995275590551181,0.993836671802773,0.0393343419062027,0.168300653594771,0.398104265402844,0.0540540540540541,0.0440944881889764,0.990712074303406,0.329173166926677,0.624610591900312,0.0384,0.981072555205047,0.63013698630137,0.048,0.111975116640746,0.95968992248062,0.0532915360501567,0.926905132192846,0.234009360374415,0.0545171339563863,0.96411856474259,0.878693623639191,0.0683229813664596,0.0414746543778802,0.0369230769230769,0.998439937597504,0.998425196850394,0.029320987654321,0.167464114832536,0.148264984227129,1,0.0371517027863777,0.996870109546166,1,0.237160120845921,0.0387596899224806,0.331325301204819,0.189024390243902,0.993690851735016,0.0852713178294574,0.352664576802508,0.652373660030628,0.975806451612903,0.403426791277259,0.961180124223602,0.0424528301886792,0.0390015600624025,0.967592592592593,0.998480243161094,1,0.0371517027863777,0.037037037037037,0.536776212832551,0.0318979266347687,0.459375,0.0354938271604938,0.958204334365325,0.962790697674419,0.581358609794629,0.55868544600939,0.984423676012461,0.0781010719754977,0.906832298136646,0.602134146341463,0.951026856240126,0.536858974358974,0.06,0.575277337559429,0.0375,0.979782270606532,0.990580847723705,0.688372093023256,0.0521472392638037,0.0393700787401575,0.0544554455445545,0.463223787167449,0.0405616224648986,0.531347962382445,0.532385466034755,0.963836477987421,0.963525835866261,0.0690184049079755,0.961661341853035,0.550151975683891,0.117647058823529,0.964230171073095,0.962145110410095,0.0901771336553945,0.388443017656501,0.313271604938272,0.964831804281346,0.0416666666666667,1,0.0418604651162791,0.945820433436533,0.0540958268933539,0.957878315132605,0.188854489164087,0.601255886970173,0.0497667185069984,0.957413249211357,0.961538461538462,0.0350609756097561,0.0589171974522293
"172",0.00156739811912226,0.00154320987654321,0,0.00155038759689922,0,0,0,0,0,0,0,0,0,0,0,0,0,0,0,0,0,0.0213740458015267,0.0352220520673813,0,0,0,0,0,0,0,0,0,0,0,0,0,0,0,0,0,0,0,0,0,0,0,0,0,0.0015220700152207,0.00157977883096367,0.0015527950310559,0,0.703416149068323,0.52639751552795,0,0,0,0.0623052959501558,0,0,0,0,0,0,0,0,0,0,0,0,0.00157232704402516,0.00949367088607595,0,0,0,0,0,0,0,0,0.0323574730354391,0,0,0,0,0,0,0,0,0.0015748031496063,0,0,0,0.0203125,0,0,0.00303951367781155,0.825227963525836,0.990551181102362,0.998417721518987,0.97984496124031,0.784929356357928,0.0726429675425039,0.0890625,0.744582043343653,0.428139183055976,0.983383685800604,0.948517940717629,0.4399375975039,0.466141732283465,0.00154320987654321,0.476923076923077,0.998477929984779,0.964506172839506,0.945652173913043,0.0031104199066874,0.029595015576324,0.996899224806202,0.720812182741117,0.0471698113207547,0.973228346456693,0.00308166409861325,0.998371335504886,0.00636942675159236,0.950769230769231,0.53343701399689,0.95738203957382,0.00157232704402516,0.964669738863287,0.942942942942943,0.417840375586854,0.0632530120481928,0.0449612403100775,0.972602739726027,0.0334394904458599,0.996875,0.382753403933434,0.0357698289269051,0.114728682170543,0.493023255813954,0.0247678018575851,0.037037037037037,0.992469879518072,0.866454689984102,0.6375,0.984447900466563,0.990740740740741,0.0350609756097561,0.709428129829985,0.410216718266254,0.998422712933754,0.0173775671406003,0.393019726858877,0.982484076433121,0.91588785046729,0.00156985871271586,0.986024844720497,0.11214953271028,0.797507788161994,0.985826771653543,0.00157232704402516,0.108150470219436,0.970679012345679,0.995419847328244,0.996946564885496,0.0326594090202177,0.0297805642633229,0.995348837209302,0.862123613312203,0.876369327073552,0.0371517027863777,1,0.0376175548589342,0.0457413249211356,0.797546012269939,0.998466257668712,0.703196347031963,0.838323353293413,0.0346456692913386,0.936630602782071,0.666666666666667,0.364599092284418,0.0646203554119548,0.624405705229794,0.00309597523219814,0.995348837209302,0.987616099071207,0.06,0.0451807228915663,0.0395738203957382,0.998466257668712,1,0.492979719188768,0.998405103668262,0.550632911392405,0.998487140695915,0.00315955766192733,0.00307219662058372,0.454263565891473,0.465818759936407,0.0234009360374415,0.953488372093023,0.0662557781201849,0.4375,0.0304878048780488,0.490536277602524,0.972049689440994,0.41786283891547,0.996894409937888,0.0564885496183206,0.04375,0.361280487804878,0.984544049459042,0.995290423861852,0.9792,0.578947368421053,0.993893129770992,0.496894409937888,0.483024691358025,0.00157232704402516,0.081570996978852,0.97125567322239,0.0015600624024961,0.481315396113602,0.9171875,0.00618238021638331,0,0.94524959742351,0.639291465378422,0.716257668711656,0.00151515151515152,0.998459167950693,0.0346385542168675,0.996894409937888,0.0948678071539658,0.981538461538462,0.00306278713629403,0.832550860719875,0.440124416796268,0.98297213622291,0.0031055900621118,0.00482315112540193,0.996978851963746,0.969551282051282
"173",0.968404423380727,0.957006369426752,0.960567823343849,0.962903225806452,0,0,0,0,0,0,0,0,0,0,0,0,0,0,0,0,0,0,0,0,0,0,0,0,0,0,0,0,0,0,0,0,0,0,0,0,0,0,0,0,0,0,0,0.961240310077519,0.956856702619414,0.96260162601626,0.955128205128205,0.00158982511923688,0.0252764612954186,0.0222929936305732,0,0,0,0.00476947535771065,0,0,0,0,0,0,0,0,0,0,0,0,0.00158227848101266,0,0,0,0,0,0,0,0,0,0.0031496062992126,0,0,0,0,0,0,0,0,0.00161290322580645,0,0,0,0.00318471337579618,0,0,0.961180124223602,0.206738131699847,0.0528846153846154,0.0355411954765751,0.0619047619047619,0.258426966292135,0.973143759873618,0.967845659163987,0.293375394321767,0.599690880989181,0.0635658914728682,0.0875202593192869,0.592233009708738,0.578947368421053,0.957278481012658,0.538102643856921,0.0406885758998435,0.0672926447574335,0.0817307692307692,0.958268933539413,0.996815286624204,0.0351437699680511,0.338383838383838,0.982428115015974,0.0612903225806452,0.95625,0.0362438220757825,0.964052287581699,0.0833333333333333,0.479871175523349,0.0736677115987461,0.953748006379585,0.0728682170542636,0.0920436817472699,0.610576923076923,0.986342943854325,0.984152139461173,0.0668740279937792,1,0.0441640378548896,0.685847589424572,0.998427672955975,0.933014354066986,0.527821939586645,0.988906497622821,0.989113530326594,0.0379362670713202,0.177993527508091,0.3952,0.0499194847020934,0.0473933649289099,0.987421383647799,0.341614906832298,0.63349131121643,0.0390243902439024,0.97933227344992,0.636363636363636,0.0532258064516129,0.114467408585056,0.955974842767296,0.0654952076677316,0.918269230769231,0.235015772870662,0.0518867924528302,0.959935897435897,0.87207488299532,0.0717703349282297,0.043956043956044,0.043343653250774,0.993740219092332,0.99512987012987,0.0324074074074074,0.184887459807074,0.165861513687601,0.996870109546166,0.0376175548589342,1,1,0.253894080996885,0.0438184663536776,0.345794392523364,0.200305810397554,0.990306946688207,0.0849358974358974,0.379807692307692,0.685714285714286,0.977049180327869,0.420221169036335,0.960254372019078,0.0473933649289099,0.0434083601286174,0.976635514018692,1,0.993730407523511,0.0425196850393701,0.037914691943128,0.552425665101721,0.0332225913621262,0.453821656050955,0.0404354587869362,0.955625990491284,0.959055118110236,0.589341692789969,0.55448717948718,0.984076433121019,0.0805687203791469,0.907232704402516,0.60741885625966,0.954041204437401,0.558252427184466,0.0580847723704867,0.562197092084006,0.042654028436019,0.971786833855799,0.982343499197432,0.671826625386997,0.0550314465408805,0.0430622009569378,0.0604575163398693,0.487381703470032,0.0394944707740916,0.546728971962617,0.553090332805071,0.961476725521669,0.956923076923077,0.073015873015873,0.958064516129032,0.553846153846154,0.118110236220472,0.961904761904762,0.956239870340357,0.100961538461538,0.403305785123967,0.327586206896552,0.956856702619414,0.0450310559006211,0.993808049535604,0.0435458786936236,0.958795562599049,0.0618066561014263,0.955625990491284,0.208064516129032,0.609448818897638,0.0533751962323391,0.957142857142857,0.956521739130435,0.0421216848673947,0.057784911717496
"174",0.96031746031746,0.953821656050955,0.960876369327074,0.954838709677419,0,0,0,0,0,0,0,0,0,0,0,0,0,0,0,0,0,0,0,0,0,0,0,0,0,0,0,0,0,0,0,0,0,0,0,0,0,0,0,0,0,0,0,0.96141975308642,0.954898911353033,0.95417348608838,0.952845528455285,0,0.0294117647058824,0.0225442834138486,0,0,0,0.00619195046439629,0,0,0,0,0,0,0,0,0,0,0,0,0.00158982511923688,0,0,0,0,0,0,0,0,0,0.00471698113207547,0,0,0,0,0,0,0,0,0.00161290322580645,0,0,0,0.0048780487804878,0,0,0.955384615384615,0.213292117465224,0.0526315789473684,0.0419354838709677,0.0641025641025641,0.259677419354839,0.974358974358974,0.964686998394864,0.293929712460064,0.599071207430341,0.0684931506849315,0.094551282051282,0.59967845659164,0.579032258064516,0.952755905511811,0.5390625,0.047244094488189,0.0702028081123245,0.0836012861736334,0.956112852664577,0.998412698412698,0.0444444444444444,0.329450915141431,0.985413290113452,0.0594855305466238,0.950387596899225,0.0396694214876033,0.95609756097561,0.0866141732283465,0.493589743589744,0.0821705426356589,0.947619047619048,0.0775193798449612,0.101880877742947,0.60731319554849,0.993865030674847,0.984152139461173,0.0794392523364486,1,0.0447284345047923,0.708074534161491,0.995268138801262,0.94620253164557,0.53160453808752,0.987261146496815,0.989096573208723,0.0448916408668731,0.178104575163399,0.409165302782324,0.0601626016260163,0.0491283676703645,0.984544049459042,0.342105263157895,0.629984051036683,0.0482315112540193,0.973941368078176,0.630030959752322,0.0560897435897436,0.125596184419714,0.954186413902054,0.0650793650793651,0.9216,0.236421725239617,0.0599369085173502,0.958730158730159,0.8768,0.0737833594976452,0.0448,0.0418604651162791,0.993610223642173,0.993558776167472,0.0362204724409449,0.193290734824281,0.178743961352657,1,0.0457413249211356,1,1,0.269767441860465,0.0448916408668731,0.345794392523364,0.198461538461538,0.990243902439024,0.0998415213946117,0.363636363636364,0.674922600619195,0.973684210526316,0.403453689167975,0.955271565495208,0.046474358974359,0.0443037974683544,0.980707395498392,1,0.995334370139969,0.0421875,0.0390015600624025,0.541139240506329,0.0397350993377483,0.45,0.0438184663536776,0.953821656050955,0.953125,0.583198707592892,0.565705128205128,0.979299363057325,0.0880503144654088,0.901273885350318,0.595054095826893,0.947535771065183,0.541329011345219,0.0631911532385466,0.5568,0.0457516339869281,0.982785602503912,0.992,0.691244239631336,0.061128526645768,0.0477707006369427,0.0636215334420881,0.47244094488189,0.0425196850393701,0.539308176100629,0.544600938967136,0.957278481012658,0.960183767228178,0.0724409448818898,0.953968253968254,0.554033485540335,0.124605678233438,0.958730158730159,0.953451043338684,0.105095541401274,0.397394136807818,0.32018927444795,0.957746478873239,0.0502354788069074,0.993865030674847,0.0431309904153355,0.962025316455696,0.0606060606060606,0.95,0.203125,0.594551282051282,0.0592823712948518,0.952681388012618,0.955810147299509,0.0451713395638629,0.0636215334420881
"175",0.230061349693252,0.227906976744186,0.230769230769231,0.215408805031447,0,0,0,0,0,0,0,0,0,0,0,0,0,0,0,0,0,0.0258751902587519,0.0354938271604938,0,0,0,0,0,0,0,0,0,0,0,0,0,0,0,0,0,0,0,0,0,0,0,0,0.213751868460389,0.208459214501511,0.225705329153605,0.214733542319749,0.00154559505409583,0.53822629969419,0.406153846153846,0,0,0,0.0452488687782805,0,0,0,0,0,0,0,0,0,0,0,0,0.00155038759689922,0.00788643533123028,0,0,0,0,0,0,0,0,0.0255255255255255,0,0,0,0,0,0,0,0,0.0015527950310559,0,0,0,0.0171875,0,0,0.221889055472264,0.701357466063348,0.768160741885626,0.773643410852713,0.78516228748068,0.658499234303216,0.280245022970904,0.291139240506329,0.68030303030303,0.464071856287425,0.776296296296296,0.750390015600624,0.482866043613707,0.492138364779874,0.211981566820276,0.519025875190259,0.79601226993865,0.75642965204236,0.742331288343558,0.21319018404908,0.229954614220877,0.780337941628264,0.626229508196721,0.244865718799368,0.765822784810127,0.22272047832586,0.782958199356913,0.218897637795276,0.746177370030581,0.555729984301413,0.767407407407407,0.221528861154446,0.764525993883792,0.758208955223881,0.44794952681388,0.280415430267062,0.269349845201238,0.84812030075188,0.255520504731861,0.786271450858034,0.512820512820513,0.26625386996904,0.347626339969372,0.552755905511811,0.253048780487805,0.253393665158371,0.789705882352941,0.719551282051282,0.62596599690881,0.773082942097027,0.778125,0.267884322678843,0.620060790273556,0.437888198757764,0.794992175273865,0.254290171606864,0.427710843373494,0.771604938271605,0.754147812971342,0.224458204334365,0.771028037383178,0.284389489953632,0.6609375,0.765696784073507,0.222910216718266,0.274268104776579,0.774539877300613,0.775729646697389,0.781679389312977,0.240740740740741,0.252713178294574,0.806697108066971,1,1,0.237160120845921,0.797546012269939,0.253894080996885,0.269767441860465,1,0.784403669724771,0.614803625377644,0.698365527488856,0.248407643312102,0.729102167182663,0.592248062015504,0.476335877862595,0.286168521462639,0.584234930448223,0.214511041009464,0.770416024653313,0.767441860465116,0.302290076335878,0.26497005988024,0.280060882800609,0.789712556732224,0.789312977099237,0.512937595129376,0.759554140127389,0.583203732503888,0.778614457831325,0.220364741641337,0.219364599092284,0.483282674772036,0.523076923076923,0.236760124610592,0.758358662613982,0.273700305810398,0.457831325301205,0.233846153846154,0.49609984399376,0.767123287671233,0.491551459293395,0.794071762870515,0.28030303030303,0.258566978193146,0.452631578947368,0.766153846153846,0.779661016949153,0.769592476489028,0.535276073619632,0.762917933130699,0.510769230769231,0.509954058192956,0.226502311248074,0.266866566716642,0.764795144157815,0.223420647149461,0.504491017964072,0.742725880551302,0.222049689440994,0.218266253869969,0.74488188976378,0.585173501577287,0.620637329286798,0.214285714285714,0.769461077844311,0.236526946107784,0.793626707132018,0.317484662576687,0.766666666666667,0.214506172839506,0.697247706422018,0.4828125,0.7673343605547,0.211656441717791,0.227769110764431,0.783458646616541,0.756714060031596
"176",0,0,0,0,0,0,0,0,0,0,0,0,0,0,0,0,0,0,0,0,0,0.0231124807395994,0.0356589147286822,0,0,0,0,0,0,0,0,0,0,0,0,0,0,0,0,0,0,0,0,0,0,0,0,0,0,0,0,0,0.704334365325077,0.531587057010786,0,0,0,0.0539291217257319,0,0,0,0,0,0,0,0,0,0,0,0,0.00315955766192733,0.00788643533123028,0,0,0,0,0,0,0,0,0.0305810397553517,0,0,0,0,0,0,0.0015527950310559,0,0.00315457413249211,0,0,0,0.0205696202531646,0,0,0.00152905198776758,0.831845238095238,0.992163009404389,1,0.978056426332288,0.780757097791798,0.0717628705148206,0.0846394984326019,0.763157894736842,0.435114503816794,0.977168949771689,0.94679186228482,0.435054773082942,0.471048513302034,0.00155038759689922,0.499231950844854,1,0.96319018404908,0.9515625,0.00157232704402516,0.0354938271604938,0.998447204968944,0.707920792079208,0.0464,0.97456279809221,0.00153609831029186,1,0.00481540930979133,0.948598130841122,0.530063291139241,0.955927051671733,0.00156739811912226,0.958461538461538,0.939393939393939,0.428348909657321,0.0626865671641791,0.0477657935285054,0.959090909090909,0.0369774919614148,0.998442367601246,0.355623100303951,0.0383435582822086,0.116459627329193,0.501557632398754,0.0289634146341463,0.0410334346504559,0.993957703927492,0.876386687797147,0.65086887835703,0.984076433121019,0.989164086687306,0.0353302611367127,0.697289156626506,0.409657320872274,1,0.0190174326465927,0.404255319148936,0.97626582278481,0.919207317073171,0,0.98116169544741,0.113029827315542,0.803767660910518,0.978494623655914,0,0.106646058732612,0.966360856269113,0.996884735202492,0.998493975903614,0.0372093023255814,0.0332278481012658,0.996927803379416,0.852201257861635,0.862284820031299,0.0387596899224806,0.998466257668712,0.0438184663536776,0.0448916408668731,0.784403669724771,1,0.692424242424242,0.83987915407855,0.0354838709677419,0.934984520123839,0.65987460815047,0.389057750759878,0.0709677419354839,0.628086419753086,0.00152905198776758,0.996870109546166,0.990712074303406,0.0667701863354037,0.0478325859491779,0.0440729483282675,1,1,0.500777604976672,1,0.565354330708661,1,0.00154320987654321,0.00155038759689922,0.466353677621283,0.462875197472354,0.0261136712749616,0.959752321981424,0.0737327188940092,0.437308868501529,0.0261941448382126,0.496784565916399,0.966153846153846,0.441823899371069,1,0.0611620795107034,0.0502354788069074,0.387692307692308,0.987692307692308,0.992272024729521,0.9712,0.566666666666667,0.987519500780031,0.504658385093168,0.496923076923077,0,0.0834597875569044,0.964777947932619,0,0.490196078431373,0.917956656346749,0.00628930817610063,0.00158227848101266,0.940438871473354,0.632258064516129,0.720430107526882,0.00149700598802395,0.996937212863706,0.0422960725075529,0.996927803379416,0.0970724191063174,0.979623824451411,0.00154559505409583,0.834597875569044,0.443217665615142,0.975270479134467,0.00154320987654321,0.00470957613814757,0.998477929984779,0.96998420221169
"177",0.299236641221374,0.302611367127496,0.314152410575428,0.319554848966614,0,0,0,0,0,0,0,0,0,0,0,0,0,0,0,0,0,0.0180995475113122,0.0242424242424242,0,0,0,0,0,0,0,0,0,0,0,0,0,0,0,0,0,0,0,0,0,0,0,0,0.309309309309309,0.292537313432836,0.310236220472441,0.290220820189274,0,0.473846153846154,0.362252663622527,0,0,0,0.0487062404870624,0,0,0,0,0,0,0,0,0,0,0,0,0.00155038759689922,0.0046583850931677,0,0,0,0,0,0,0,0,0.0259938837920489,0,0,0,0,0,0,0,0,0.00153609831029186,0,0,0,0.015600624024961,0,0,0.299392097264438,0.628318584070796,0.699537750385208,0.68621236133122,0.716257668711656,0.709175738724728,0.378461538461538,0.385093167701863,0.621913580246914,0.75,0.712369597615499,0.758942457231726,0.720247295208655,0.76791277258567,0.307575757575758,0.732824427480916,0.71889400921659,0.735562310030395,0.711864406779661,0.305936073059361,0.352220520673813,0.699846860643185,1,0.342592592592593,0.694099378881988,0.312874251497006,0.670382165605096,0.307570977917981,0.70015455950541,0.536891679748823,0.73780487804878,0.310185185185185,0.714285714285714,0.786786786786787,0.741835147744946,0.350903614457831,0.346444780635401,0.675036927621861,0.333855799373041,0.690076335877863,0.474150664697194,0.330781010719755,0.36404833836858,0.529411764705882,0.343653250773994,0.322822822822823,0.691616766467066,0.725552050473186,0.582043343653251,0.667697063369397,0.69478527607362,0.338905775075988,1,0.729483282674772,0.683641975308642,0.325617283950617,0.728915662650602,0.707430340557275,0.74079754601227,0.308282208588957,0.714723926380368,0.410493827160494,0.629107981220657,0.711180124223602,0.301538461538462,0.441717791411043,0.737248840803709,0.696923076923077,0.683506686478455,0.338414634146341,0.335913312693498,0.692073170731707,0.634375,0.658878504672897,0.331325301204819,0.703196347031963,0.345794392523364,0.345794392523364,0.614803625377644,0.692424242424242,1,0.714071856287425,0.335413416536661,0.704334365325077,1,0.614567526555387,0.373397435897436,0.993798449612403,0.307458143074581,0.685410334346505,0.688449848024316,0.329787234042553,0.353891336270191,0.343939393939394,0.69359756097561,0.689024390243902,0.799694189602447,0.715421303656598,0.548989113530327,0.702095808383233,0.30640243902439,0.298192771084337,0.751533742331288,0.496894409937888,0.327217125382263,0.694402420574887,0.335901386748844,0.760119940029985,0.329721362229102,0.790551181102362,0.720789074355083,0.479938271604938,0.703245749613601,0.353658536585366,0.340978593272171,0.45059880239521,0.707241910631741,0.700906344410876,0.702060221870048,0.874809160305344,0.70257966616085,0.793939393939394,0.80030487804878,0.313755795981453,0.381954887218045,0.740573152337858,0.294851794071763,0.74888558692422,0.821374045801527,0.306976744186047,0.291139240506329,0.761006289308176,0.942367601246106,0.914893617021277,0.308270676691729,0.686274509803922,0.347761194029851,0.67427701674277,0.369631901840491,0.723241590214067,0.298761609907121,0.722983257229833,0.752279635258359,0.719568567026194,0.317147192716237,0.292452830188679,0.700906344410876,0.708399366085578
"178",0.169161676646707,0.164901664145234,0.157185628742515,0.163358778625954,0,0,0,0,0,0,0,0,0,0,0,0,0,0,0,0,0,0.0242057488653555,0.0330827067669173,0,0,0,0,0,0,0,0,0,0,0,0,0,0,0,0,0,0,0,0,0,0,0,0,0.161242603550296,0.160766961651917,0.171383647798742,0.162576687116564,0,0.578386605783866,0.434049079754601,0,0,0,0.0473372781065089,0,0,0,0,0,0,0,0,0,0,0,0,0.00305343511450382,0.00309597523219814,0,0,0,0,0,0,0,0,0.0253353204172876,0,0,0,0,0,0,0.00149476831091181,0,0.00307219662058372,0,0,0,0.0182926829268293,0,0,0.15922619047619,0.736456808199122,0.844036697247706,0.839813374805599,0.846270928462709,1,0.221719457013575,0.234206471494607,0.670731707317073,0.523529411764706,0.857997010463378,0.846986089644513,0.526073619631902,0.56793893129771,0.16236722306525,0.569506726457399,0.831111111111111,0.842578710644678,0.876352395672334,0.16566265060241,0.2,0.826347305389222,0.710144927536232,0.211567732115677,0.823348694316436,0.171641791044776,0.846031746031746,0.155038759689922,0.883969465648855,0.540123456790123,0.848575712143928,0.164110429447853,0.886397608370703,0.825185185185185,0.52887537993921,0.225146198830409,0.189393939393939,0.800590841949778,0.186915887850467,0.837386018237082,0.425438596491228,0.201503759398496,0.251134644478064,0.503058103975535,0.19478527607362,0.19311377245509,0.825958702064897,1,0.587253414264036,0.829493087557604,0.828528072837633,0.201210287443268,0.71513353115727,0.509259259259259,0.841538461538462,0.182926829268293,0.500747384155456,0.839449541284404,0.81858407079646,0.155354449472097,0.882706766917293,0.259938837920489,0.75,0.844984802431611,0.162650602409639,0.262048192771084,0.858662613981763,0.840978593272171,0.830357142857143,0.186259541984733,0.208791208791209,0.819548872180451,0.753869969040248,0.75,0.189024390243902,0.838323353293413,0.200305810397554,0.198461538461538,0.698365527488856,0.83987915407855,0.714071856287425,1,0.18167701863354,0.924846625766871,0.689393939393939,0.451851851851852,0.214968152866242,0.664133738601824,0.155120481927711,0.821100917431193,0.862595419847328,0.223404255319149,0.196193265007321,0.199101796407186,0.832835820895522,0.843226788432268,0.590977443609023,0.844444444444444,0.556923076923077,0.827586206896552,0.161585365853659,0.158753709198813,0.555725190839695,0.483076923076923,0.193061840120664,0.818318318318318,0.215477996965099,0.512667660208644,0.173252279635258,0.579192546583851,0.843939393939394,0.466049382716049,0.832822085889571,0.241071428571429,0.206373292867982,0.386666666666667,0.828528072837633,0.845801526717557,0.846275752773376,0.638266068759342,0.841704718417047,0.590163934426229,0.584848484848485,0.162327718223583,0.228148148148148,0.847988077496274,0.161787365177196,0.591776798825257,0.846504559270517,0.155354449472097,0.166666666666667,0.866359447004608,0.686614173228347,0.705089820359281,0.153392330383481,0.838323353293413,0.2,0.832831325301205,0.2473604826546,0.858858858858859,0.152337858220211,1,0.545176110260337,0.853293413173653,0.171686746987952,0.15748031496063,0.847858197932053,0.86687306501548
"179",0.976303317535545,0.965853658536585,0.968,0.970684039087948,0,0,0,0,0,0,0,0,0,0,0,0,0,0,0,0,0,0,0,0,0,0,0,0,0,0,0,0,0,0,0,0,0,0,0,0,0,0,0,0,0,0,0,0.975155279503106,0.964506172839506,0.969105691056911,0.964968152866242,0.00158982511923688,0.0241157556270096,0.0177705977382876,0,0,0,0.00319488817891374,0,0,0,0,0,0,0,0,0,0,0,0,0,0,0,0,0,0,0,0,0,0,0.00160771704180064,0,0,0,0,0,0,0,0,0,0,0,0,0.00162866449511401,0,0,0.969040247678019,0.190108191653787,0.0381558028616852,0.0324675324675325,0.0547504025764895,0.235294117647059,0.960063897763578,0.951377633711507,0.252396166134185,0.587326120556414,0.0530421216848674,0.0852090032154341,0.591054313099042,0.560457516339869,0.965244865718799,0.529968454258675,0.0300632911392405,0.0649149922720247,0.0718849840255591,0.96984126984127,0.998402555910543,0.0317460317460317,0.327181208053691,0.978896103896104,0.0540540540540541,0.968304278922345,0.0283333333333333,0.964401294498382,0.072,0.472312703583062,0.0726698262243286,0.96260162601626,0.0644654088050314,0.0907668231611894,0.604200323101777,0.9671875,0.987281399046105,0.0714285714285714,0.99185667752443,0.0305958132045089,0.665620094191523,0.993670886075949,0.909952606635071,0.506430868167203,0.99198717948718,0.990551181102362,0.0338461538461538,0.164179104477612,0.37156704361874,0.0472312703583062,0.0401929260450161,0.984301412872841,0.322884012539185,0.618819776714514,0.0293159609120521,0.984101748807631,0.631160572337043,0.0387096774193548,0.111111111111111,0.964573268921095,0.0466988727858293,0.918789808917197,0.223454833597464,0.0499194847020934,0.969502407704655,0.876602564102564,0.0702875399361022,0.0361635220125786,0.03125,0.993680884676145,0.995090016366612,0.0299684542586751,0.169934640522876,0.158319870759289,0.993690851735016,0.0346456692913386,0.990306946688207,0.990243902439024,0.248407643312102,0.0354838709677419,0.335413416536661,0.18167701863354,1,0.0842787682333874,0.355737704918033,0.66347687400319,0.96843853820598,0.407407407407407,0.96474358974359,0.0373983739837398,0.0347551342812006,0.960443037974684,0.989096573208723,0.995297805642633,0.03486529318542,0.0304,0.528391167192429,0.0333889816360601,0.4432,0.0296875,0.965023847376789,0.968602825745683,0.576190476190476,0.549363057324841,0.982315112540193,0.0729001584786054,0.904761904761905,0.590837282780411,0.951845906902087,0.541598694942904,0.0587301587301587,0.558064516129032,0.033175355450237,1,1,0.645412130637636,0.0507936507936508,0.03486529318542,0.0521885521885522,0.461783439490446,0.0301109350237718,0.520376175548589,0.544426494345719,0.97191887675507,0.956989247311828,0.0645669291338583,0.969551282051282,0.546583850931677,0.114779874213836,0.966876971608833,0.967320261437909,0.0871710526315789,0.390728476821192,0.308777429467085,0.970404984423676,0.0356589147286822,0.995348837209302,0.035031847133758,0.931309904153355,0.0492063492063492,0.964912280701754,0.184294871794872,0.586261980830671,0.0444444444444444,0.96551724137931,0.965573770491803,0.0329153605015674,0.0508196721311475
"180",0.0580847723704867,0.0594855305466238,0.0488188976377953,0.0567260940032415,0,0,0,0,0,0,0,0,0,0,0,0,0,0,0,0,0,0.028125,0.0396196513470681,0,0,0,0,0,0,0,0,0,0,0,0,0,0,0,0,0,0,0,0,0,0,0,0,0.0588235294117647,0.0565749235474006,0.0604575163398693,0.0522022838499184,0,0.68621236133122,0.517405063291139,0,0,0,0.0536277602523659,0,0,0,0,0,0,0,0,0,0,0,0,0.00322061191626409,0.008,0,0,0,0,0,0,0,0,0.0271132376395534,0,0,0,0,0,0,0.00157728706624606,0,0.00327332242225859,0,0,0,0.0175438596491228,0,0,0.0496124031007752,0.809968847352025,0.957210776545166,0.951845906902087,0.941915227629513,0.882067851373183,0.122448979591837,0.136217948717949,0.721958925750395,0.474497681607419,0.932618683001531,0.91025641025641,0.476874003189793,0.503194888178914,0.061128526645768,0.514913657770801,0.934477379095164,0.9171875,0.9616,0.0595611285266458,0.0884676145339652,0.940092165898618,0.713087248322148,0.0932896890343699,0.918269230769231,0.0588235294117647,0.936065573770492,0.0551948051948052,1,0.536231884057971,0.915756630265211,0.0580645161290323,0.982785602503912,0.902973395931142,0.473170731707317,0.113671274961598,0.0955414012738854,0.903875968992248,0.0831973898858075,0.941082802547771,0.383435582822086,0.0856697819314642,0.163009404388715,0.498392282958199,0.0906200317965024,0.0869565217391304,0.938080495356037,0.921440261865794,0.635930047694754,0.938906752411576,0.9328,0.0869565217391304,0.703245749613601,0.4448,0.940032414910859,0.0636942675159236,0.442040185471406,0.928802588996764,0.886075949367089,0.0582677165354331,0.96417445482866,0.175632911392405,0.804173354735153,0.9296,0.057784911717496,0.159375,0.93125,0.942277691107644,0.944012441679627,0.0779014308426073,0.0852090032154341,0.936808846761453,0.801292407108239,0.813504823151125,0.0852713178294574,0.936630602782071,0.0849358974358974,0.0998415213946117,0.729102167182663,0.934984520123839,0.704334365325077,0.924846625766871,0.0842787682333874,1,0.677993527508091,0.41471048513302,0.113673805601318,0.642857142857143,0.0581761006289308,0.943037974683544,0.974842767295597,0.11875,0.0958268933539413,0.0909090909090909,0.93613707165109,0.941082802547771,0.537974683544304,0.942148760330578,0.560064935064935,0.943573667711599,0.0570522979397781,0.05320813771518,0.495161290322581,0.468152866242038,0.0714285714285714,0.931034482758621,0.125195618153365,0.46656298600311,0.0754716981132075,0.536858974358974,0.923676012461059,0.455716586151369,0.950949367088608,0.127300613496933,0.098256735340729,0.362790697674419,0.9296875,0.941640378548896,0.936274509803922,0.606583072100313,0.934065934065934,0.531645569620253,0.522222222222222,0.0581761006289308,0.127725856697819,0.924528301886792,0.0550314465408805,0.532824427480916,0.896062992125984,0.0625978090766823,0.0608974358974359,0.925925925925926,0.662358642972536,0.714733542319749,0.0519877675840979,0.946957878315133,0.0869565217391304,0.941362916006339,0.151658767772512,0.940993788819876,0.0535433070866142,0.922345483359746,0.476725521669342,0.93603744149766,0.0617088607594937,0.0569105691056911,0.951638065522621,0.967637540453074
"181",0.329133858267717,0.338632750397456,0.3472,0.355519480519481,0,0,0,0,0,0,0,0,0,0,0,0,0,0,0,0,0,0.0172684458398744,0.0237341772151899,0,0,0,0,0,0,0,0,0,0,0,0,0,0,0,0,0,0,0,0,0,0,0,0,0.337461300309598,0.330696202531646,0.344262295081967,0.32569558101473,0,0.447665056360709,0.328548644338118,0,0,0,0.0393081761006289,0,0,0,0,0,0,0,0,0,0,0,0,0.00158982511923688,0.0048780487804878,0,0,0,0,0,0,0,0,0.018957345971564,0,0,0,0,0,0,0,0,0.00157728706624606,0,0,0,0.0128824476650564,0,0,0.339089481946625,0.611197511664075,0.660194174757282,0.65415986949429,0.684126984126984,0.700325732899023,0.41390205371248,0.419512195121951,0.590837282780411,0.769349845201238,0.680916030534351,0.72875816993464,0.75,0.7856,0.335974643423138,0.728971962616822,0.684458398744113,0.703937007874016,0.675806451612903,0.344444444444444,0.372056514913658,0.6624,0.993231810490694,0.371980676328502,0.646103896103896,0.347286821705426,0.634551495016611,0.33768352365416,0.683544303797468,0.538961038961039,0.71183800623053,0.343598055105348,0.687797147385103,0.758620689655172,0.764135702746365,0.377708978328173,0.36741214057508,0.640552995391705,0.351910828025478,0.66131621187801,0.465732087227414,0.35828025477707,0.380726698262243,0.538336052202284,0.378861788617886,0.35031847133758,0.66820987654321,0.695507487520799,0.562805872756933,0.630541871921182,0.666666666666667,0.372827804107425,1,0.757575757575758,0.655172413793103,0.34991974317817,0.752738654147105,0.674718196457327,0.724842767295597,0.341232227488152,0.688783570300158,0.441786283891547,0.614886731391586,0.670947030497592,0.337539432176656,0.463108320251177,0.709470304975923,0.662379421221865,0.643518518518518,0.356576862123613,0.363784665579119,0.656200941915228,0.606158833063209,0.630573248407643,0.352664576802508,0.666666666666667,0.379807692307692,0.363636363636364,0.592248062015504,0.65987460815047,1,0.689393939393939,0.355737704918033,0.677993527508091,1,0.625786163522013,0.404255319148936,0.987341772151899,0.339171974522293,0.6528,0.653968253968254,0.361904761904762,0.380952380952381,0.36734693877551,0.66824644549763,0.657686212361331,0.816455696202532,0.683134582623509,0.543548387096774,0.669781931464174,0.338658146964856,0.328502415458937,0.781906300484653,0.494308943089431,0.360576923076923,0.666666666666667,0.360759493670886,0.777777777777778,0.36608557844691,0.815359477124183,0.683962264150943,0.47275641025641,0.667731629392971,0.3734375,0.375198728139905,0.446177847113885,0.676703645007924,0.666666666666667,0.67483660130719,0.880573248407643,0.679127725856698,0.813291139240506,0.83968253968254,0.34493670886076,0.415384615384615,0.71496062992126,0.323671497584541,0.764705882352941,0.796178343949045,0.336538461538462,0.319422150882825,0.738636363636364,0.945990180032733,0.924764890282132,0.341121495327103,0.654574132492114,0.372163388804841,0.64873417721519,0.391373801916933,0.691082802547771,0.333865814696486,0.697637795275591,0.763578274760383,0.688783570300158,0.341346153846154,0.322006472491909,0.6671826625387,0.674917491749175
"182",0.635802469135803,0.608695652173913,0.623639191290824,0.637223974763407,0,0,0,0,0,0,0,0,0,0,0,0,0,0,0,0,0,0.00925925925925926,0.012326656394453,0,0,0,0,0,0,0,0,0,0,0,0,0,0,0,0,0,0,0,0,0,0,0,0,0.62178517397882,0.632930513595166,0.630503144654088,0.625396825396825,0,0.267801857585139,0.206842923794712,0,0,0,0.015220700152207,0,0,0,0,0,0,0,0,0,0,0,0,0.00156494522691706,0.00470219435736677,0,0,0,0,0,0,0,0,0.0106870229007634,0,0,0,0,0,0,0,0,0.0015600624024961,0,0,0,0.00636942675159236,0,0,0.632530120481928,0.460843373493976,0.391849529780564,0.381475667189953,0.391304347826087,0.480952380952381,0.685271317829457,0.681318681318681,0.480739599383667,0.707831325301205,0.381598793363499,0.405023547880691,0.715179968701095,0.709119496855346,0.618461538461539,0.650986342943854,0.381761978361669,0.38863287250384,0.41692789968652,0.623839009287926,0.659056316590563,0.374613003095975,0.624796084828711,0.661949685534591,0.384615384615385,0.621052631578947,0.355411954765751,0.623233908948195,0.414596273291925,0.577464788732394,0.410060975609756,0.63258785942492,0.394171779141104,0.432267884322679,0.692307692307692,0.664167916041979,0.660964230171073,0.381818181818182,0.647058823529412,0.373065015479876,0.524242424242424,0.665639445300462,0.667706708268331,0.562401263823065,0.653188180404355,0.652905198776758,0.369137670196672,0.458003169572108,0.524256651017214,0.37403400309119,0.385802469135802,0.664652567975831,0.627450980392157,0.709828393135725,0.376947040498442,0.648818897637795,0.70516717325228,0.381987577639752,0.480122324159021,0.637904468412943,0.389147286821705,0.652037617554859,0.447574334898279,0.3828125,0.631172839506173,0.677570093457944,0.410769230769231,0.374617737003058,0.36405529953917,0.693846153846154,0.650943396226415,0.3843797856049,0.430622009569378,0.41259842519685,0.652373660030628,0.364599092284418,0.685714285714286,0.674922600619195,0.476335877862595,0.389057750759878,0.614567526555387,0.451851851851852,0.66347687400319,0.41471048513302,0.625786163522013,1,0.648953301127214,0.662538699690402,0.635802469135803,0.364632237871674,0.376722817764165,0.73394495412844,0.668168168168168,0.688922610015175,0.372128637059724,0.369969040247678,0.699846860643185,0.371382636655949,0.57120253164557,0.382175226586103,0.624036979969183,0.622119815668203,0.702194357366771,0.54773082942097,0.644067796610169,0.397515527950311,0.623255813953488,0.703647416413374,0.634375,0.693037974683544,0.373065015479876,0.552755905511811,0.384136858475894,0.659574468085106,0.66407465007776,0.577912254160363,0.404651162790698,0.389751552795031,0.380875202593193,0.66973886328725,0.367029548989114,0.694444444444444,0.710280373831776,0.626749611197512,0.662632375189107,0.389570552147239,0.630434782608696,0.68215892053973,0.457231726283048,0.643302180685358,0.632,0.436908517350158,0.672523961661342,0.625194401244168,0.620481927710843,0.36890243902439,0.657099697885196,0.3625,0.67032967032967,0.396899224806202,0.624806201550388,0.470496894409938,0.703416149068323,0.392248062015504,0.634969325153374,0.619273301737757,0.377300613496933,0.404458598726115
"183",0.943181818181818,0.938808373590982,0.931596091205212,0.933884297520661,0,0,0,0,0,0,0,0,0,0,0,0,0,0,0,0,0,0,0,0,0,0,0,0,0,0,0,0,0,0,0,0,0,0,0,0,0,0,0,0,0,0,0,0.937205651491366,0.929936305732484,0.935593220338983,0.934747145187602,0,0.0439024390243902,0.0355411954765751,0,0,0,0.00819672131147541,0,0,0,0,0,0,0,0,0,0,0,0,0.00162337662337662,0,0,0,0,0,0,0,0,0,0.00646203554119548,0,0,0,0,0,0,0,0,0.00163934426229508,0,0,0,0.00499168053244592,0,0,0.938291139240506,0.225039619651347,0.0723472668810289,0.0581395348837209,0.0864,0.278877887788779,0.985148514851485,0.991610738255034,0.3042071197411,0.631746031746032,0.0877742946708464,0.11404958677686,0.622331691297209,0.620805369127517,0.93042071197411,0.557692307692308,0.0672,0.0826580226904376,0.106209150326797,0.928115015974441,0.972357723577236,0.0636215334420881,0.363945578231293,0.983388704318937,0.0829187396351575,0.926517571884984,0.0606060606060606,0.940886699507389,0.116086235489221,0.497576736672052,0.100478468899522,0.925864909390445,0.112721417069243,0.120385232744783,0.65415986949429,0.957142857142857,0.964630225080386,0.0907643312101911,0.973856209150327,0.0711974110032362,0.690966719492868,0.975688816855754,0.911147011308562,0.529411764705882,0.967585089141005,0.965079365079365,0.0627871362940276,0.198319327731092,0.407528641571195,0.0665557404326123,0.0798045602605863,0.980551053484603,0.379585326953748,0.665032679738562,0.0643564356435644,0.951060358890702,0.673076923076923,0.0751633986928105,0.128246753246753,0.932565789473684,0.0923824959481361,0.947454844006568,0.261865793780687,0.0762987012987013,0.938311688311688,0.87741935483871,0.0963081861958267,0.0666666666666667,0.0644122383252818,0.972176759410802,0.970345963756178,0.0593900481540931,0.216039279869067,0.193388429752066,0.975806451612903,0.0646203554119548,0.977049180327869,0.973684210526316,0.286168521462639,0.0709677419354839,0.373397435897436,0.214968152866242,0.96843853820598,0.113673805601318,0.404255319148936,0.648953301127214,1,0.448675496688742,0.936378466557912,0.0676567656765677,0.0601626016260163,0.947882736156352,0.975,0.968304278922345,0.0633116883116883,0.0618066561014263,0.566666666666667,0.0638655462184874,0.478618421052632,0.0679304897314376,0.930533117932149,0.931147540983607,0.617647058823529,0.559602649006622,0.962479608482871,0.0936995153473344,0.888709677419355,0.637083993660856,0.931372549019608,0.57379767827529,0.0838709677419355,0.57001647446458,0.0713101160862355,0.955696202531646,0.967585089141005,0.691813804173355,0.082258064516129,0.0612903225806452,0.0770519262981574,0.514563106796116,0.0605095541401274,0.57258064516129,0.57328990228013,0.933977455716586,0.976340694006309,0.0932475884244373,0.935430463576159,0.585557299843014,0.14170692431562,0.941558441558442,0.929392446633826,0.120915032679739,0.432659932659933,0.352564102564103,0.936708860759494,0.0691318327974277,0.970172684458399,0.0672,0.921348314606742,0.0744336569579288,0.931818181818182,0.228758169934641,0.645214521452145,0.072,0.936585365853659,0.939443535188216,0.0686427457098284,0.0770519262981574
"184",0.374213836477987,0.374213836477987,0.385692068429238,0.3879173290938,0,0,0,0,0,0,0,0,0,0,0,0,0,0,0,0,0,0.0138674884437596,0.0202808112324493,0,0,0,0,0,0,0,0,0,0,0,0,0,0,0,0,0,0,0,0,0,0,0,0,0.375375375375375,0.36687306501548,0.377022653721683,0.362903225806452,0,0.436908517350158,0.339652448657188,0,0,0,0.0369230769230769,0,0,0,0,0,0,0,0,0,0,0,0,0.00158478605388273,0.00158730158730159,0,0,0,0,0,0,0,0,0.0201863354037267,0,0,0,0,0,0,0,0,0.00157977883096367,0,0,0,0.0143769968051118,0,0,0.376923076923077,0.597579425113464,0.632237871674491,0.6224,0.644094488188976,0.669316375198728,0.447368421052632,0.45583596214511,0.579365079365079,0.835147744945568,0.640791476407915,0.69551282051282,0.802547770700637,0.860979462875197,0.36734693877551,0.801872074882995,0.637904468412943,0.665634674922601,0.650470219435737,0.376766091051805,0.406885758998435,0.628571428571429,1,0.4096,0.618819776714514,0.373676248108926,0.596059113300493,0.379644588045234,0.635646687697161,0.538709677419355,0.68348623853211,0.379968203497615,0.648606811145511,0.718461538461538,0.820754716981132,0.421133231240429,0.409162717219589,0.597859327217125,0.405103668261563,0.623417721518987,0.484520123839009,0.3984375,0.409733124018838,0.528951486697966,0.421630094043887,0.386435331230284,0.620795107033639,0.676282051282051,0.563492063492063,0.595779220779221,0.635792778649921,0.408536585365854,0.993720565149137,0.814173228346457,0.616613418530351,0.3921875,0.808219178082192,0.629213483146067,0.687106918238994,0.376360808709176,0.649206349206349,0.4816,0.593059936908517,0.645962732919255,0.371875,0.51033386327504,0.669303797468354,0.623233908948195,0.610852713178295,0.402208201892744,0.407051282051282,0.623839009287926,0.598726114649682,0.607936507936508,0.403426791277259,0.624405705229794,0.420221169036335,0.403453689167975,0.584234930448223,0.628086419753086,0.993798449612403,0.664133738601824,0.407407407407407,0.642857142857143,0.987341772151899,0.662538699690402,0.448675496688742,1,0.379746835443038,0.620472440944882,0.628705148205928,0.40506329113924,0.421052631578947,0.410958904109589,0.631415241057543,0.61741835147745,0.881804043545879,0.643207855973813,0.5472,0.637480798771121,0.384615384615385,0.370253164556962,0.845047923322684,0.495253164556962,0.397798742138365,0.633956386292835,0.394654088050314,0.841538461538462,0.391785150078989,0.87620578778135,0.644757433489828,0.479299363057325,0.63849765258216,0.416012558869702,0.416275430359937,0.466666666666667,0.642301710730949,0.633333333333333,0.636952998379254,0.91937984496124,0.629513343799058,0.875,0.888364779874214,0.374805598755832,0.454961832061069,0.676056338028169,0.364207221350078,0.827426810477658,0.752365930599369,0.378548895899054,0.359424920127796,0.691082802547771,0.985365853658537,0.934782608695652,0.377675840978593,0.604651162790698,0.409160305343511,0.611455108359133,0.428346456692913,0.650717703349282,0.366614664586583,0.681318681318681,0.838607594936709,0.65,0.381026438569207,0.357945425361156,0.629107981220657,0.644904458598726
"185",0.998439937597504,0.9984375,0.998425196850394,0.996794871794872,0,0,0,0,0,0,0,0,0,0,0,0,0,0,0,0,0,0,0,0,0,0,0,0,0,0,0,0,0,0,0,0,0,0,0,0,0,0,0,0,0,0,0,0.998444790046656,0.998452012383901,0.998363338788871,0.996840442338073,0,0,0,0,0,0,0,0,0,0,0,0,0,0,0,0,0,0,0,0,0,0,0,0,0,0,0,0,0,0,0,0,0,0,0,0,0,0,0,0,0,0,0,0,0,1,0.168195718654434,0.00481540930979133,0.00160513643659711,0.0174603174603175,0.213141025641026,0.929133858267717,0.9185303514377,0.248811410459588,0.57469512195122,0.0168711656441718,0.0446570972886762,0.56043956043956,0.541009463722397,1,0.500780031201248,0.00154320987654321,0.0293663060278207,0.05,1,0.97196261682243,0.0015552099533437,0.29,0.953674121405751,0.0268562401263823,1,0.0016260162601626,0.995114006514658,0.0443740095087163,0.478468899521531,0.0358255451713396,1,0.037037037037037,0.0601851851851852,0.583067092651757,0.937784522003035,0.95141065830721,0.0402476780185759,0.964686998394864,0.00312989045383412,0.641975308641975,0.965408805031447,0.884735202492212,0.511041009463722,0.973228346456693,0.962790697674419,0.00763358778625954,0.127625201938611,0.363782051282051,0.017741935483871,0.0125588697017268,0.961300309597523,0.300613496932515,0.5953125,0,0.982731554160126,0.617784711388456,0.0161550888529887,0.073208722741433,1,0.0158478605388273,0.8912,0.188888888888889,0.016025641025641,1,0.900943396226415,0.0283018867924528,0.0046875,0.00307219662058372,0.969040247678019,0.966292134831461,0.00465116279069767,0.148969889064976,0.121405750798722,0.961180124223602,0.00309597523219814,0.960254372019078,0.955271565495208,0.214511041009464,0.00152905198776758,0.307458143074581,0.155120481927711,0.96474358974359,0.0581761006289308,0.339171974522293,0.635802469135803,0.936378466557912,0.379746835443038,1,0.00479233226837061,0.0124223602484472,0.934272300469484,0.956060606060606,0.961538461538462,0.00155763239875389,0.0015748031496063,0.506998444790047,0.00163132137030995,0.460691823899371,0.00153374233128834,1,1,0.549114331723027,0.537854889589905,0.974882260596546,0.0357142857142857,0.924382716049383,0.569908814589666,0.974683544303797,0.50974025974026,0.0265210608424337,0.574193548387097,0.0015527950310559,0.93944099378882,0.955696202531646,0.647515527950311,0.0126582278481013,0.00479233226837061,0.0211382113821138,0.43217665615142,0.00793650793650794,0.503888024883359,0.522691705790297,1,0.923195084485407,0.0261941448382126,1,0.520865533230294,0.0775193798449612,0.995319812792512,0.998376623376623,0.0475435816164818,0.36084142394822,0.2828125,1,0.00310077519379845,0.962006079027356,0.0046875,0.910094637223975,0.0110062893081761,1,0.159810126582278,0.57345971563981,0.0156985871271586,1,0.996820349761526,0.0031104199066874,0.0318979266347687
"186",0.00322061191626409,0.00157728706624606,0.00314465408805031,0.0016025641025641,0,0,0,0,0,0,0,0,0,0,0,0,0,0,0,0,0,0.027906976744186,0.0423861852433281,0,0,0,0,0,0,0,0,0,0,0,0,0,0,0,0,0,0,0,0,0,0,0,0,0.00307219662058372,0.00312989045383412,0.00162337662337662,0.0016025641025641,0,0.710900473933649,0.531300160513644,0,0,0,0.0625978090766823,0,0,0,0,0,0,0,0,0,0,0,0,0.00321027287319422,0.00814332247557003,0,0,0,0,0,0,0,0,0.0315457413249211,0,0,0,0,0,0,0.00160513643659711,0,0.00318979266347687,0,0,0,0.024,0,0,0.00304878048780488,0.832307692307692,0.993670886075949,0.996784565916399,0.987261146496815,0.761047463175123,0.0671875,0.082670906200318,0.751962323390895,0.404615384615385,0.987730061349693,0.952845528455285,0.414239482200647,0.433811802232855,0.00313971742543171,0.481481481481481,0.996899224806202,0.968503937007874,0.95583596214511,0.00156494522691706,0.0345911949685535,0.998432601880878,0.701492537313433,0.0465489566613162,0.9712,0.00462962962962963,1,0.00810372771474878,0.95625,0.534090909090909,0.961538461538462,0.00476190476190476,0.962848297213622,0.942812982998454,0.400641025641026,0.0652503793626707,0.0499219968798752,0.959752321981424,0.0374592833876222,0.998412698412698,0.352484472049689,0.0365079365079365,0.121684867394696,0.500789889415482,0.0285261489698891,0.0451010886469673,0.992331288343558,0.860615883306321,0.646964856230032,0.982428115015974,0.987179487179487,0.0391849529780564,0.692068429237947,0.39258114374034,0.996763754045307,0.0190174326465927,0.373065015479876,0.985691573926868,0.921011058451817,0.0015748031496063,0.982677165354331,0.110754414125201,0.806709265175719,0.988835725677831,0.00157977883096367,0.114467408585056,0.976489028213166,0.993720565149137,1,0.0363924050632911,0.0335463258785942,0.993710691823899,0.845295055821372,0.860615883306321,0.0424528301886792,0.995348837209302,0.0473933649289099,0.046474358974359,0.770416024653313,0.996870109546166,0.685410334346505,0.821100917431193,0.0373983739837398,0.943037974683544,0.6528,0.364632237871674,0.0676567656765677,0.620472440944882,0.00479233226837061,1,0.98740157480315,0.073208722741433,0.048411497730711,0.0417310664605873,0.996815286624204,0.996860282574568,0.474683544303797,1,0.559485530546624,0.998442367601246,0.0046801872074883,0.00315457413249211,0.43312101910828,0.472527472527473,0.023961661341853,0.96031746031746,0.076555023923445,0.409090909090909,0.0316455696202532,0.461912479740681,0.973228346456693,0.46353322528363,0.995290423861852,0.0606531881804044,0.0445151033386327,0.357361963190184,0.988941548183254,0.993700787401575,0.980519480519481,0.54858934169279,0.992150706436421,0.460587326120556,0.46993670886076,0.00321027287319422,0.0825545171339564,0.97360248447205,0.0016025641025641,0.46676970633694,0.922222222222222,0.00786163522012579,0.00320512820512821,0.94770206022187,0.620689655172414,0.708978328173375,0.00305810397553517,0.995319812792512,0.0390625,0.995297805642633,0.0957613814756672,0.984101748807631,0.00318979266347687,0.822884012539185,0.4140625,0.984423676012461,0.00470957613814757,0.00815660685154975,0.99537037037037,0.977235772357724
"187",0.00928792569659443,0.0093167701863354,0.00789889415481832,0.00796178343949045,0,0,0,0,0,0,0,0,0,0,0,0,0,0,0,0,0,0.0248833592534992,0.0352760736196319,0,0,0,0,0,0,0,0,0,0,0,0,0,0,0,0,0,0,0,0,0,0,0,0,0.00910470409711684,0.00764525993883792,0.0113452188006483,0.0048,0,0.679447852760736,0.518633540372671,0,0,0,0.0552995391705069,0,0,0,0,0,0,0,0,0,0,0,0,0.00158982511923688,0.00947867298578199,0,0,0,0,0,0,0,0,0.0294117647058824,0,0,0,0,0,0,0.00159744408945687,0,0.00158227848101266,0,0,0,0.0158478605388273,0,0,0.00920245398773006,0.822188449848024,0.990683229813665,0.990369181380417,0.970358814352574,0.805152979066023,0.0753532182103611,0.0825396825396825,0.743710691823899,0.441221374045802,0.966309341500766,0.93968253968254,0.45511811023622,0.4688995215311,0.0093167701863354,0.502332814930016,0.989130434782609,0.949230769230769,0.956656346749226,0.00943396226415094,0.035548686244204,0.98755832037325,0.703947368421053,0.0461783439490446,0.965189873417722,0.0121951219512195,0.990066225165563,0.0145867098865478,0.975193798449612,0.543130990415335,0.943251533742331,0.0111821086261981,0.963246554364472,0.928134556574923,0.428346456692913,0.0646616541353384,0.0516431924882629,0.951219512195122,0.0412044374009509,0.992199687987519,0.36405529953917,0.0408163265306122,0.118380062305296,0.509433962264151,0.0344827586206897,0.0417956656346749,0.984894259818731,0.880573248407643,0.63968253968254,0.979430379746835,0.9828125,0.0440729483282675,0.690769230769231,0.409448818897638,0.990445859872611,0.0237341772151899,0.403426791277259,0.965079365079365,0.913846153846154,0.00770416024653313,0.975155279503106,0.115323854660348,0.80370942812983,0.966666666666667,0.00796178343949045,0.100313479623824,0.959876543209877,0.989147286821705,0.989263803680982,0.0346456692913386,0.0380952380952381,0.987616099071207,0.842948717948718,0.857369255150555,0.0390015600624025,0.987616099071207,0.0434083601286174,0.0443037974683544,0.767441860465116,0.990712074303406,0.688449848024316,0.862595419847328,0.0347551342812006,0.974842767295597,0.653968253968254,0.376722817764165,0.0601626016260163,0.628705148205928,0.0124223602484472,0.98740157480315,1,0.0681114551083591,0.0481927710843374,0.0425531914893617,0.990668740279938,0.993700787401575,0.498456790123457,0.988636363636364,0.565977742448331,0.992354740061162,0.00786163522012579,0.00775193798449612,0.463722397476341,0.44794952681388,0.0297805642633229,0.962204724409449,0.0860719874804382,0.442249240121581,0.0376766091051805,0.5008,0.958074534161491,0.454983922829582,0.988993710691824,0.0634674922600619,0.0458135860979463,0.353120243531202,0.9796875,0.986046511627907,0.961352657004831,0.576036866359447,0.97626582278481,0.50611620795107,0.494505494505495,0.0093603744149766,0.0757575757575758,0.954968944099379,0.00786163522012579,0.503030303030303,0.911764705882353,0.0172955974842767,0.0126182965299685,0.937996820349762,0.631921824104234,0.716692189892802,0.00763358778625954,0.990769230769231,0.0412213740458015,0.990769230769231,0.0998439937597504,0.970588235294118,0.00928792569659443,0.855572998430141,0.445839874411303,0.964451313755796,0.0109546165884194,0.0127388535031847,0.992319508448541,0.974522292993631
"188",0.950617283950617,0.934920634920635,0.93603744149766,0.939297124600639,0,0,0,0,0,0,0,0,0,0,0,0,0,0,0,0,0,0.00309119010819165,0.00311526479750779,0,0,0,0,0,0,0,0,0,0,0,0,0,0,0,0,0,0,0,0,0,0,0,0,0.93944099378882,0.937116564417178,0.933870967741935,0.936808846761453,0.00157232704402516,0.0449612403100775,0.0428571428571429,0,0,0,0.00773993808049536,0,0,0,0,0,0,0,0,0,0,0,0,0.0015748031496063,0,0,0,0,0,0,0,0,0,0.0046801872074883,0,0,0,0,0,0,0,0,0.00157728706624606,0,0,0,0.0048,0,0,0.942635658914729,0.240121580547112,0.0708661417322835,0.0656,0.0907643312101911,0.274322169059011,0.944267515923567,0.934169278996865,0.304075235109718,0.573795180722892,0.088145896656535,0.119236883942766,0.582417582417582,0.560250391236307,0.932496075353218,0.529503105590062,0.0661538461538462,0.0847457627118644,0.109034267912773,0.936236391912908,0.968992248062015,0.0533751962323391,0.313333333333333,0.9568,0.09375,0.934049079754601,0.0575657894736842,0.93312101910828,0.107981220657277,0.507109004739337,0.107197549770291,0.930599369085173,0.101404056162246,0.118098159509202,0.594249201277955,0.984894259818731,0.956589147286822,0.101669195751138,0.974481658692185,0.0670826833073323,0.694444444444444,0.97045101088647,0.987441130298273,0.530421216848674,0.970219435736677,0.973765432098765,0.0695915279878971,0.195758564437194,0.417445482866044,0.0817307692307692,0.0758293838862559,0.961656441717791,0.326687116564417,0.609448818897638,0.0690208667736758,0.9568,0.608087091757387,0.0816326530612245,0.14375,0.938967136150235,0.0921875,0.888540031397174,0.248417721518987,0.0775316455696203,0.933544303797468,0.85126582278481,0.0992125984251968,0.0572755417956656,0.0688073394495413,0.962264150943396,0.9728,0.0527950310559006,0.215070643642072,0.197767145135566,0.967592592592593,0.06,0.976635514018692,0.980707395498392,0.302290076335878,0.0667701863354037,0.329787234042553,0.223404255319149,0.960443037974684,0.11875,0.361904761904762,0.73394495412844,0.947882736156352,0.40506329113924,0.934272300469484,0.073208722741433,0.0681114551083591,1,0.975384615384615,0.969183359013868,0.0673981191222571,0.0699523052464229,0.526148969889065,0.0542763157894737,0.465489566613162,0.0631741140215717,0.932601880877743,0.932098765432099,0.570300157977883,0.570754716981132,0.95253164556962,0.0985915492957746,0.886645962732919,0.584758942457232,0.930645161290323,0.524879614767255,0.0847457627118644,0.56828885400314,0.065625,0.950617283950617,0.961119751166407,0.691131498470948,0.078125,0.0653188180404355,0.0898692810457516,0.453125,0.0636645962732919,0.526881720430108,0.535433070866142,0.937694704049844,0.930091185410334,0.0967741935483871,0.930599369085173,0.537065052950076,0.136577708006279,0.938095238095238,0.932692307692308,0.123222748815166,0.387722132471729,0.31619937694704,0.930555555555556,0.0676923076923077,0.966463414634146,0.0666666666666667,0.968847352024922,0.0832025117739403,0.934375,0.2265625,0.579937304075235,0.0869565217391304,0.938461538461538,0.930979133226324,0.0669710806697108,0.0806451612903226
"189",0.958841463414634,0.954198473282443,0.957767722473605,0.953846153846154,0,0,0,0,0,0,0,0,0,0,0,0,0,0,0,0,0,0,0,0,0,0,0,0,0,0,0,0,0,0,0,0,0,0,0,0,0,0,0,0,0,0,0,0.958579881656805,0.952095808383233,0.955315870570108,0.952234206471495,0.00152905198776758,0.0320610687022901,0.0257575757575758,0,0,0,0.00600600600600601,0,0,0,0,0,0,0,0,0,0,0,0,0.00152671755725191,0,0,0,0,0,0,0,0,0,0.0045045045045045,0,0,0,0,0,0,0,0,0.00154320987654321,0,0,0,0.00459418070444104,0,0,0.955357142857143,0.216095380029806,0.0526315789473684,0.0436817472698908,0.0683890577507599,0.251533742331288,0.97112462006079,0.964939024390244,0.291858678955453,0.600299401197605,0.0728083209509658,0.101669195751138,0.595712098009188,0.574074074074074,0.953030303030303,0.54585798816568,0.0475482912332838,0.0716463414634146,0.0886850152905199,0.956456456456456,0.997001499250375,0.0421686746987952,0.343548387096774,0.984615384615385,0.0587326120556414,0.95067264573991,0.0436187399030695,0.957547169811321,0.0842266462480858,0.493865030674847,0.0857988165680473,0.947530864197531,0.0742942050520059,0.104011887072808,0.610687022900763,0.985163204747775,0.980152671755725,0.0799396681749623,1,0.045662100456621,0.71898355754858,0.995468277945619,0.935143288084465,0.53323029366306,0.986342943854325,0.987915407854985,0.0455882352941176,0.166666666666667,0.407975460122699,0.0601851851851852,0.0520673813169985,0.983655274888559,0.349042709867452,0.631818181818182,0.0485133020344288,0.972350230414747,0.634730538922156,0.0571870170015456,0.119402985074627,0.953030303030303,0.0694864048338369,0.929555895865237,0.237442922374429,0.0606060606060606,0.958841463414634,0.874809160305344,0.0821917808219178,0.0458015267175573,0.0432190760059613,0.992378048780488,0.993798449612403,0.0346907993966818,0.192604006163328,0.175465838509317,0.998480243161094,0.0451807228915663,1,1,0.26497005988024,0.0478325859491779,0.353891336270191,0.196193265007321,0.989096573208723,0.0958268933539413,0.380952380952381,0.668168168168168,0.975,0.421052631578947,0.956060606060606,0.048411497730711,0.0481927710843374,0.975384615384615,1,0.994020926756353,0.0473282442748092,0.0438066465256798,0.542168674698795,0.0428571428571429,0.463678516228748,0.0455882352941176,0.952307692307692,0.952815829528158,0.587155963302752,0.574102964118565,0.978851963746224,0.0787878787878788,0.906626506024096,0.602941176470588,0.948406676783004,0.54601226993865,0.0645645645645646,0.56468797564688,0.0474732006125574,0.974397590361446,0.984894259818731,0.695716395864106,0.0593607305936073,0.0486322188449848,0.0679304897314376,0.473841554559043,0.0438066465256798,0.538805970149254,0.547692307692308,0.957251908396947,0.955817378497791,0.0781954887218045,0.953101361573374,0.55952380952381,0.122541603630862,0.958715596330275,0.953775038520801,0.106481481481481,0.399038461538462,0.331334332833583,0.956780923994039,0.0476190476190476,0.992636229749632,0.0451127819548872,0.958083832335329,0.062874251497006,0.951515151515152,0.201515151515152,0.601809954751131,0.0599700149925037,0.95166163141994,0.955246913580247,0.0461309523809524,0.0619195046439628
"190",0.964506172839506,0.959752321981424,0.961715160796325,0.957746478873239,0,0,0,0,0,0,0,0,0,0,0,0,0,0,0,0,0,0,0,0,0,0,0,0,0,0,0,0,0,0,0,0,0,0,0,0,0,0,0,0,0,0,0,0.965465465465465,0.959276018099548,0.962382445141066,0.957680250783699,0,0.0262345679012346,0.0220472440944882,0,0,0,0.00604229607250755,0,0,0,0,0,0,0,0,0,0,0,0,0.00153846153846154,0,0,0,0,0,0,0,0,0,0.00454545454545455,0,0,0,0,0,0,0,0,0.00155763239875389,0,0,0,0.0047244094488189,0,0,0.962406015037594,0.216939078751857,0.0483619344773791,0.0388802488335925,0.0629800307219662,0.251170046801872,0.964230171073095,0.955038759689922,0.309815950920245,0.608888888888889,0.0616541353383459,0.0917721518987342,0.60625,0.591549295774648,0.957957957957958,0.563718140929535,0.0422960725075529,0.0648567119155355,0.0808709175738725,0.961890243902439,1,0.0387596899224806,0.328025477707006,0.984447900466563,0.0642633228840125,0.956060606060606,0.035426731078905,0.9632,0.0851393188854489,0.49452269170579,0.0806697108066971,0.953488372093023,0.0742424242424242,0.0963855421686747,0.623255813953488,0.972727272727273,0.992378048780488,0.0786686838124055,0.998402555910543,0.04,0.700751879699248,1,0.928353658536585,0.536661466458658,0.993865030674847,0.995454545454545,0.0412371134020619,0.164296998420221,0.417054263565891,0.054858934169279,0.0479876160990712,0.987897125567322,0.339339339339339,0.639016897081413,0.0397456279809221,0.981191222570533,0.649016641452345,0.0481366459627329,0.114854517611026,0.960183767228178,0.053680981595092,0.913109756097561,0.241590214067278,0.0557275541795666,0.962848297213622,0.893846153846154,0.0744186046511628,0.0446841294298921,0.0404191616766467,0.998466257668712,0.998439937597504,0.0321592649310873,0.197183098591549,0.175911251980983,1,0.0395738203957382,0.993730407523511,0.995334370139969,0.280060882800609,0.0440729483282675,0.343939393939394,0.199101796407186,0.995297805642633,0.0909090909090909,0.36734693877551,0.688922610015175,0.968304278922345,0.410958904109589,0.961538461538462,0.0417310664605873,0.0425531914893617,0.969183359013868,0.994020926756353,1,0.0423600605143722,0.0378787878787879,0.551083591331269,0.0333333333333333,0.463722397476341,0.0402985074626866,0.957120980091884,0.959152798789713,0.589312977099237,0.56298600311042,0.981679389312977,0.083969465648855,0.90381679389313,0.608169440242057,0.948275862068966,0.559748427672956,0.0620272314674735,0.576923076923077,0.0411585365853659,0.977272727272727,0.986175115207373,0.67218045112782,0.0506134969325153,0.0398773006134969,0.0589171974522293,0.478787878787879,0.037821482602118,0.542424242424242,0.557603686635945,0.962674961119751,0.951038575667656,0.0704647676161919,0.961360123647604,0.565809379727685,0.119815668202765,0.964669738863287,0.961300309597523,0.0926216640502355,0.401929260450161,0.323170731707317,0.962852897473997,0.0458015267175573,1,0.0424886191198786,0.941176470588235,0.0580152671755725,0.957251908396947,0.202786377708978,0.618098159509202,0.0524691358024691,0.956856702619414,0.962264150943396,0.0422322775263952,0.0546875
"191",0,0,0,0,0,0,0,0,0,0,0,0,0,0,0,0,0,0,0,0,0,0.0231124807395994,0.036697247706422,0,0,0,0,0,0,0,0,0,0,0,0,0,0,0,0,0,0,0,0,0,0,0,0,0,0,0,0,0,0.702830188679245,0.530232558139535,0,0,0,0.0629800307219662,0,0,0,0,0,0,0,0,0,0,0,0,0.00314465408805031,0.0095389507154213,0,0,0,0,0,0,0,0,0.0356589147286822,0,0,0,0,0,0,0.00156494522691706,0,0.00311526479750779,0,0,0,0.0222929936305732,0,0,0.00151745068285281,0.824508320726172,0.993769470404984,1,0.979813664596273,0.779527559055118,0.0639625585023401,0.0770440251572327,0.7453125,0.427921092564492,0.980243161094225,0.943307086614173,0.428571428571429,0.462903225806452,0.00154559505409583,0.497681607418856,1,0.963076923076923,0.947286821705426,0.0015600624024961,0.032258064516129,0.998447204968944,0.711409395973154,0.0388978930307942,0.969793322734499,0.00153609831029186,1,0.00476947535771065,0.951070336391437,0.4765625,0.95187969924812,0.00157232704402516,0.957251908396947,0.9375,0.419968304278922,0.0656488549618321,0.046875,0.962178517397882,0.0315955766192733,0.998449612403101,0.366003062787136,0.0336391437308868,0.121913580246914,0.476043276661515,0.0263565891472868,0.0368663594470046,0.995426829268293,0.866129032258064,0.628751974723539,0.985849056603774,0.996860282574568,0.0305343511450382,0.704441041347626,0.397815912636505,1,0.0143769968051118,0.388973966309342,0.9792,0.922720247295209,0,0.982649842271293,0.102523659305994,0.803459119496855,0.98116169544741,0,0.104524180967239,0.968354430379747,1,0.998473282442748,0.0342146189735614,0.0286168521462639,0.996899224806202,0.858475894245723,0.86741214057508,0.0371517027863777,0.998466257668712,0.0425196850393701,0.0421875,0.789712556732224,1,0.69359756097561,0.832835820895522,0.03486529318542,0.93613707165109,0.66824644549763,0.372128637059724,0.0633116883116883,0.631415241057543,0.00155763239875389,0.996815286624204,0.990668740279938,0.0673981191222571,0.0473282442748092,0.0423600605143722,1,1,0.490740740740741,1,0.49685534591195,1,0.00155038759689922,0.00152905198776758,0.451863354037267,0.466463414634146,0.0205047318611987,0.954898911353033,0.081377151799687,0.43247344461305,0.0314465408805031,0.491961414790997,0.970814132104455,0.358044164037855,0.9984375,0.0570987654320988,0.04375,0.367534456355283,0.989028213166144,0.993855606758833,0.973983739837398,0.565891472868217,0.989164086687306,0.48714069591528,0.48062015503876,0,0.072289156626506,0.966205837173579,0,0.479638009049774,0.914826498422713,0.00614439324116743,0.00159744408945687,0.942766295707472,0.641025641025641,0.719814241486068,0.0015220700152207,0.998475609756098,0.038109756097561,0.998456790123457,0.101088646967341,0.979559748427673,0.00154798761609907,0.825545171339564,0.437106918238994,0.978494623655914,0.00154798761609907,0.00476947535771065,0.998482549317147,0.971291866028708
"192",0,0,0,0,0,0,0,0,0,0,0,0,0,0,0,0,0,0,0,0,0,0.0264797507788162,0.0379939209726444,0,0,0,0,0,0,0,0,0,0,0,0,0,0,0,0,0,0,0,0,0,0,0,0,0,0,0,0,0,0.692307692307692,0.520504731861199,0,0,0,0.0571870170015456,0,0,0,0,0,0,0,0,0,0,0,0,0.00157232704402516,0.00642054574638844,0,0,0,0,0,0,0,0,0.0307219662058372,0,0,0,0,0,0,0,0,0.00157728706624606,0,0,0,0.0187207488299532,0,0,0.0015220700152207,0.821263482280431,0.99211356466877,1,0.981395348837209,0.786729857819905,0.0595611285266458,0.0821256038647343,0.725677830940989,0.42185128983308,0.981762917933131,0.947368421052632,0.434850863422292,0.447619047619048,0.0015552099533437,0.486821705426357,1,0.965891472868217,0.948194662480377,0.00154559505409583,0.0329153605015674,0.998432601880878,0.705,0.0406885758998435,0.976415094339623,0.00155038759689922,1,0.00630914826498423,0.952830188679245,0.528125,0.963133640552995,0.00157977883096367,0.956989247311828,0.93394777265745,0.417721518987342,0.0599078341013825,0.0404984423676012,0.964939024390244,0.0273311897106109,0.998415213946117,0.364457831325301,0.0298273155416013,0.123824451410658,0.490595611285266,0.0236220472440945,0.0341085271317829,0.995508982035928,0.8784,0.608557844690967,0.987261146496815,0.990625,0.033587786259542,0.69242658423493,0.401574803149606,1,0.0143540669856459,0.393665158371041,0.981132075471698,0.924290220820189,0,0.979655712050078,0.102685624012638,0.796238244514107,0.98125,0,0.114779874213836,0.97191887675507,0.995319812792512,0.998468606431853,0.0296875,0.028436018957346,0.998449612403101,0.857594936708861,0.875,0.037037037037037,1,0.037914691943128,0.0390015600624025,0.789312977099237,1,0.689024390243902,0.843226788432268,0.0304,0.941082802547771,0.657686212361331,0.369969040247678,0.0618066561014263,0.61741835147745,0.0015748031496063,0.996860282574568,0.993700787401575,0.0699523052464229,0.0438066465256798,0.0378787878787879,1,1,0.489795918367347,1,0.551834130781499,1,0.00156739811912226,0.00154798761609907,0.448657187993681,0.456964006259781,0.0220472440944882,0.961119751166407,0.073094867807154,0.424846625766871,0.0252365930599369,0.479299363057325,0.970903522205207,0.441640378548896,1,0.0574534161490683,0.0455259026687598,0.353395061728395,0.987441130298273,0.992211838006231,0.975688816855754,0.557427258805513,0.989079563182527,0.490712074303406,0.487692307692308,0,0.0757575757575758,0.969418960244648,0,0.475757575757576,0.918083462132921,0.00470219435736677,0.00160771704180064,0.950479233226837,0.631663974151858,0.707882534775889,0.00153139356814701,0.996913580246914,0.0344827586206897,0.998480243161094,0.101404056162246,0.979591836734694,0.00154798761609907,0.844339622641509,0.428346456692913,0.976489028213166,0.00156494522691706,0.00316957210776545,0.998482549317147,0.969404186795491
"193",0.5,0.492088607594937,0.508661417322835,0.504777070063694,0,0,0,0,0,0,0,0,0,0,0,0,0,0,0,0,0,0.0139968895800933,0.0170807453416149,0,0,0,0,0,0,0,0,0,0,0,0,0,0,0,0,0,0,0,0,0,0,0,0,0.497723823975721,0.499229583975347,0.520064205457464,0.480252764612954,0,0.342635658914729,0.255451713395639,0,0,0,0.0263157894736842,0,0,0,0,0,0,0,0,0,0,0,0,0.0015527950310559,0.00318979266347687,0,0,0,0,0,0,0,0,0.0123456790123457,0,0,0,0,0,0,0,0,0.00158478605388273,0,0,0,0.00798722044728434,0,0,0.501538461538461,0.523956723338485,0.50386398763524,0.5,0.515007898894155,0.614035087719298,0.576138147566719,0.587677725118483,0.516587677725118,0.970948012232416,0.515290519877676,0.569157392686804,0.908372827804107,0.996825396825397,0.496923076923077,0.805255023183926,0.515337423312883,0.539755351681957,0.54375,0.5,0.52639751552795,0.511627906976744,0.801313628899836,0.548489666136725,0.50547730829421,0.493192133131619,0.465573770491803,0.504065040650406,0.536050156739812,0.534920634920635,0.554531490015361,0.510433386837881,0.537290715372907,0.580893682588598,0.962441314553991,0.537290715372907,0.539308176100629,0.48159509202454,0.52931854199683,0.503115264797508,0.53680981595092,0.531152647975078,0.520801232665639,0.535714285714286,0.531782945736434,0.511520737327189,0.5,0.600323624595469,0.537242472266244,0.480645161290323,0.511664074650078,0.52241112828439,0.807692307692308,0.955315870570108,0.506410256410256,0.506230529595016,0.950387596899225,0.501547987616099,0.562691131498471,0.503888024883359,0.511737089201878,0.621621621621622,0.524031007751938,0.517884914463453,0.501557632398754,0.632970451010886,0.549141965678627,0.488299531981279,0.476479514415782,0.525502318392581,0.534290271132376,0.493087557603687,0.497645211930926,0.506329113924051,0.536776212832551,0.492979719188768,0.552425665101721,0.541139240506329,0.512937595129376,0.500777604976672,0.799694189602447,0.590977443609023,0.528391167192429,0.537974683544304,0.816455696202532,0.699846860643185,0.566666666666667,0.881804043545879,0.506998444790047,0.474683544303797,0.498456790123457,0.526148969889065,0.542168674698795,0.551083591331269,0.490740740740741,0.489795918367347,1,0.514469453376206,0.541864139020537,0.517503805175038,0.503875968992248,0.490015360983103,0.985871271585557,0.516483516483517,0.516431924882629,0.506211180124224,0.500770416024653,0.981538461538462,0.525,0.995245641838352,0.514637904468413,0.501607717041801,0.510172143974961,0.535101404056162,0.540498442367601,0.532012195121951,0.520440251572327,0.495327102803738,0.511217948717949,0.953416149068323,0.504643962848297,1,0.9796875,0.508500772797527,0.584218512898331,0.543478260869565,0.494556765163297,0.949464012251149,0.590979782270607,0.504658385093168,0.481774960380349,0.563291139240506,0.903536977491961,0.789312977099237,0.503782148260212,0.48,0.544227886056971,0.486196319018405,0.551242236024845,0.517940717628705,0.486111111111111,0.617784711388456,0.992150706436421,0.529051987767584,0.501543209876543,0.4896,0.511346444780635,0.532695374800638
"194",0,0,0,0,0,0,0,0,0,0,0,0,0,0,0,0,0,0,0,0,0,0.0227272727272727,0.0323624595469256,0,0,0,0,0,0,0,0,0,0,0,0,0,0,0,0,0,0,0,0,0,0,0,0,0,0,0,0,0,0.679802955665025,0.509803921568627,0,0,0,0.0621931260229133,0,0,0,0,0,0,0,0,0,0,0,0,0.00324149108589951,0.0116279069767442,0,0,0,0,0,0,0,0,0.0337620578778135,0,0,0,0,0,0,0.0016366612111293,0,0.00332778702163062,0,0,0,0.0198675496688742,0,0,0.0016,0.824561403508772,0.993399339933993,1,0.978583196046129,0.797364085667216,0.0604575163398693,0.0801963993453355,0.726973684210526,0.452648475120385,0.980922098569157,0.954697986577181,0.459901800327332,0.488599348534202,0.00163934426229508,0.515297906602254,1,0.969305331179321,0.959612277867528,0.00161290322580645,0.0289389067524116,1,0.730834752981261,0.0384615384615385,0.971947194719472,0.0016,1,0.00501672240802676,0.960912052117264,0.517128874388255,0.958466453674121,0.00165289256198347,0.969551282051282,0.940226171243942,0.445901639344262,0.0559105431309904,0.0373983739837398,0.953225806451613,0.0247524752475248,1,0.3456,0.0260586319218241,0.101806239737274,0.483552631578947,0.0194805194805195,0.0286168521462639,0.993759750390016,0.882644628099174,0.615635179153095,0.985049833887043,0.995065789473684,0.0302547770700637,0.729200652528548,0.423645320197044,1,0.0147299509001637,0.410628019323671,0.979865771812081,0.925566343042071,0,0.985245901639344,0.118506493506494,0.804838709677419,0.981878088962109,0,0.12046204620462,0.970731707317073,0.996815286624204,1,0.0258899676375405,0.0232172470978441,0.996763754045307,0.828046744574291,0.844112769485904,0.0318979266347687,0.998405103668262,0.0332225913621262,0.0397350993377483,0.759554140127389,1,0.715421303656598,0.844444444444444,0.0333889816360601,0.942148760330578,0.683134582623509,0.371382636655949,0.0638655462184874,0.643207855973813,0.00163132137030995,1,0.988636363636364,0.0542763157894737,0.0428571428571429,0.0333333333333333,1,1,0.514469453376206,1,0.55008210180624,1,0.00161030595813205,0.00161030595813205,0.481967213114754,0.467661691542289,0.0147540983606557,0.955271565495208,0.0704,0.450479233226837,0.0291734197730956,0.518945634266886,0.966183574879227,0.440789473684211,1,0.0526315789473684,0.0378289473684211,0.31810766721044,0.998366013071895,0.99344262295082,0.974662162162162,0.583606557377049,0.988673139158576,0.519872813990461,0.504038772213247,0,0.0818619582664527,0.971014492753623,0,0.510301109350238,0.920840064620355,0.00655737704918033,0.00165289256198347,0.948590381426202,0.652246256239601,0.730031948881789,0.00157232704402516,0.998376623376623,0.0298273155416013,0.99673735725938,0.0904684975767367,0.980613893376414,0.00160771704180064,0.849180327868852,0.459807073954984,0.97741935483871,0.00160513643659711,0.00343642611683849,0.998394863563403,0.976897689768977
"195",0.451104100946372,0.433333333333333,0.436908517350158,0.446601941747573,0,0,0,0,0,0,0,0,0,0,0,0,0,0,0,0,0,0.0237341772151899,0.0283464566929134,0,0,0,0,0,0,0,0,0,0,0,0,0,0,0,0,0,0,0,0,0,0,0,0,0.431464174454829,0.444790046656299,0.428571428571429,0.454397394136808,0.00158982511923688,0.380726698262243,0.279293739967897,0,0,0,0.0268987341772152,0,0,0,0,0,0,0,0,0,0,0,0,0,0.00327868852459016,0,0,0,0,0,0,0,0,0.0109034267912773,0,0,0,0,0,0,0,0,0,0,0,0,0.00319488817891374,0,0,0.440993788819876,0.705701078582434,0.549520766773163,0.563897763578275,0.55877616747182,0.561174551386623,0.495268138801262,0.462783171521036,0.733333333333333,0.540909090909091,0.58,0.58908507223114,0.593949044585987,0.5456,0.433903576982893,0.56656346749226,0.553125,0.569875776397516,0.611111111111111,0.458528951486698,0.446570972886762,0.55748031496063,0.556492411467116,0.442834138486312,0.585483870967742,0.425038639876352,0.553156146179402,0.415185783521809,0.555735056542811,1,0.563664596273292,0.448387096774194,0.544461778471139,0.569206842923795,0.5456,0.462249614791988,0.475590551181102,0.563271604938272,0.469354838709677,0.564387917329094,0.524409448818898,0.463375796178344,0.472178060413355,0.903381642512077,0.461049284578696,0.451713395638629,0.561538461538462,0.574712643678161,0.746794871794872,0.560655737704918,0.589171974522293,0.47887323943662,0.558320373250389,0.539556962025316,0.554471544715447,0.462639109697933,0.529411764705882,0.565217391304348,0.593059936908517,0.443217665615142,0.564945226917058,0.487883683360259,0.650563607085346,0.5625,0.451968503937008,0.466453674121406,0.578778135048232,0.513428120063191,0.569206842923795,0.451816745655608,0.4656,0.552959501557632,0.583198707592892,0.571656050955414,0.459375,0.550632911392405,0.453821656050955,0.45,0.583203732503888,0.565354330708661,0.548989113530327,0.556923076923077,0.4432,0.560064935064935,0.543548387096774,0.57120253164557,0.478618421052632,0.5472,0.460691823899371,0.559485530546624,0.565977742448331,0.465489566613162,0.463678516228748,0.463722397476341,0.49685534591195,0.551834130781499,0.541864139020537,0.55008210180624,1,0.567233384853168,0.436018957345972,0.43581616481775,0.534290271132376,0.673015873015873,0.468699839486356,0.60031847133758,0.578864353312303,0.511848341232227,0.504,0.545602605863192,0.550079491255962,0.9536,0.558966074313409,0.477093206951027,0.471819645732689,0.53125,0.557324840764331,0.564102564102564,0.562189054726368,0.56031746031746,0.562893081761006,0.538461538461538,0.549920760697306,0.441935483870968,0.471138845553822,0.555382215288612,0.443017656500803,0.548286604361371,0.581210191082803,0.457463884430177,0.450406504065041,0.582113821138211,0.54885993485342,0.553459119496855,0.451070336391437,0.552590266875981,0.459968602825746,0.553990610328638,0.495283018867925,0.553654743390358,0.472843450479233,0.564668769716088,0.539808917197452,0.56269592476489,0.42515923566879,0.446254071661238,0.555038759689922,0.571197411003236
"196",0,0,0,0,0,0,0,0,0,0,0,0,0,0,0,0,0,0,0,0,0,0.0242792109256449,0.0349013657056146,0,0,0,0,0,0,0,0,0,0,0,0,0,0,0,0,0,0,0,0,0,0,0,0,0,0,0,0,0,0.686153846153846,0.512383900928793,0,0,0,0.0597243491577335,0,0,0,0,0,0,0,0,0,0,0,0,0.0015552099533437,0.0108527131782946,0,0,0,0,0,0,0,0,0.0332326283987915,0,0,0,0,0,0,0,0,0.00156985871271586,0,0,0,0.0187793427230047,0,0,0.0015015015015015,0.81981981981982,0.995426829268293,1,0.978560490045942,0.773790951638066,0.0745341614906832,0.0867507886435331,0.75920245398773,0.450682852807284,0.979073243647235,0.950233281493002,0.468118195956454,0.483516483516484,0.00154083204930663,0.505263157894737,1,0.964831804281346,0.952160493827161,0.00153139356814701,0.0319148936170213,1,0.714518760195759,0.0470957613814757,0.97196261682243,0.00151515151515152,1,0.00626959247648903,0.959090909090909,0.547433903576983,0.953800298062593,0.00157977883096367,0.957575757575758,0.938622754491018,0.44392523364486,0.0611940298507463,0.0461538461538462,0.96078431372549,0.0326086956521739,1,0.352238805970149,0.0337423312883436,0.110271903323263,0.512383900928793,0.0289634146341463,0.0378787878787879,0.994082840236686,0.859594383775351,0.6421875,0.985714285714286,0.992283950617284,0.0349544072948328,0.707025411061285,0.427258805513017,1,0.0171606864274571,0.41743119266055,0.978395061728395,0.921212121212121,0,0.978428351309707,0.122448979591837,0.800618238021638,0.980152671755725,0,0.11609907120743,0.966360856269113,0.995384615384615,1,0.0349544072948328,0.0292307692307692,0.996960486322188,0.847589424572317,0.858034321372855,0.0354938271604938,0.998487140695915,0.0404354587869362,0.0438184663536776,0.778614457831325,1,0.702095808383233,0.827586206896552,0.0296875,0.943573667711599,0.669781931464174,0.382175226586103,0.0679304897314376,0.637480798771121,0.00153374233128834,0.998442367601246,0.992354740061162,0.0631741140215717,0.0455882352941176,0.0402985074626866,1,1,0.517503805175038,1,0.567233384853168,1,0.0015527950310559,0.00153609831029186,0.472222222222222,0.464285714285714,0.0227617602427921,0.958841463414634,0.0755007704160247,0.457575757575758,0.0264797507788162,0.510204081632653,0.965413533834587,0.458461538461538,0.998466257668712,0.0535168195718654,0.0428134556574924,0.39039039039039,0.989296636085627,0.992447129909366,0.974763406940063,0.588325652841782,0.987841945288754,0.509774436090226,0.508396946564886,0,0.0858433734939759,0.967987804878049,0,0.504491017964072,0.915773353751914,0.00614439324116743,0.00158478605388273,0.939346811819596,0.63751987281399,0.721633888048411,0.0014903129657228,0.996946564885496,0.0374251497005988,0.996992481203008,0.0942249240121581,0.980091883614089,0.00151975683890578,0.825563909774436,0.458715596330275,0.975757575757576,0.00154320987654321,0.00316957210776545,0.99851411589896,0.971742543171115
"197",0.998435054773083,0.998430141287284,0.998459167950693,0.9968,0,0,0,0,0,0,0,0,0,0,0,0,0,0,0,0,0,0,0,0,0,0,0,0,0,0,0,0,0,0,0,0,0,0,0,0,0,0,0,0,0,0,0,0.998482549317147,0.998461538461539,0.998381877022654,0.996830427892235,0.00157728706624606,0,0,0,0,0,0,0,0,0,0,0,0,0,0,0,0,0,0,0,0,0,0,0,0,0,0,0,0,0,0,0,0,0,0,0,0,0,0,0,0,0,0,0,0,1,0.173252279635258,0.00943396226415094,0.00159235668789809,0.0185758513931889,0.211783439490446,0.932707355242567,0.919093851132686,0.248818897637795,0.572948328267477,0.0181818181818182,0.0509554140127389,0.554868624420402,0.542857142857143,1,0.509345794392523,0.00153846153846154,0.0338461538461538,0.0482115085536547,1,0.966876971608833,0.00156494522691706,0.294407894736842,0.951923076923077,0.0254777070063694,1,0.00163132137030995,0.9968,0.0497667185069984,0.465489566613162,0.0429447852760736,1,0.0361635220125786,0.0634674922600619,0.579967689822294,0.939301972685888,0.952755905511811,0.0416666666666667,0.963317384370016,0.0031496062992126,0.645357686453577,0.964006259780908,0.884375,0.487421383647799,0.971608832807571,0.961119751166407,0.00612557427258806,0.128775834658188,0.360189573459716,0.0173228346456693,0.0111821086261981,0.967741935483871,0.296875,0.599369085173502,0,0.98256735340729,0.610248447204969,0.0192307692307692,0.0759493670886076,1,0.0188087774294671,0.886614173228346,0.190251572327044,0.0157977883096366,1,0.889589905362776,0.0297339593114241,0.00625,0.00307692307692308,0.965625,0.969648562300319,0.0031055900621118,0.156299840510367,0.133116883116883,0.958204334365325,0.00315955766192733,0.955625990491284,0.953821656050955,0.220364741641337,0.00154320987654321,0.30640243902439,0.161585365853659,0.965023847376789,0.0570522979397781,0.338658146964856,0.624036979969183,0.930533117932149,0.384615384615385,1,0.0046801872074883,0.00786163522012579,0.932601880877743,0.952307692307692,0.957120980091884,0.00155038759689922,0.00156739811912226,0.503875968992248,0.00161030595813205,0.436018957345972,0.0015527950310559,1,1,0.537854889589905,0.529503105590062,0.979365079365079,0.0450310559006211,0.922480620155039,0.575384615384615,0.97007874015748,0.513556618819777,0.0278637770897833,0.5472,0.00161812297734628,0.943076923076923,0.957345971563981,0.666666666666667,0.0142857142857143,0.0063391442155309,0.0226171243941842,0.428348909657321,0.0062015503875969,0.507692307692308,0.509463722397476,1,0.920610687022901,0.0310077519379845,1,0.515151515151515,0.0833333333333333,0.996825396825397,1,0.0495207667731629,0.367741935483871,0.281538461538462,1,0.00309597523219814,0.960546282245827,0.00314465408805031,0.905132192846034,0.0184615384615385,1,0.165366614664587,0.554868624420402,0.0171875,1,0.998402555910543,0.00306278713629403,0.0261011419249592
"198",0.998459167950693,0.998444790046656,0.998442367601246,0.996835443037975,0,0,0,0,0,0,0,0,0,0,0,0,0,0,0,0,0,0,0,0,0,0,0,0,0,0,0,0,0,0,0,0,0,0,0,0,0,0,0,0,0,0,0,0.998491704374057,0.998475609756098,0.998389694041868,0.996845425867508,0,0,0,0,0,0,0,0,0,0,0,0,0,0,0,0,0,0,0,0,0,0,0,0,0,0,0,0,0,0,0,0,0,0,0,0,0,0,0,0,0,0,0,0,0,1,0.165919282511211,0.0047244094488189,0.00158478605388273,0.0170807453416149,0.205928237129485,0.932917316692668,0.919558359621451,0.252293577981651,0.558103975535168,0.0180451127819549,0.046031746031746,0.559055118110236,0.528481012658228,1,0.50611620795107,0.00151975683890578,0.0322085889570552,0.0467289719626168,1,0.967840735068913,0,0.281505728314239,0.957413249211357,0.0223642172523962,1,0.0016260162601626,0.995268138801262,0.043343653250774,0.46515397082658,0.0385802469135802,1,0.0337941628264209,0.0596330275229358,0.564873417721519,0.932533733133433,0.956521739130435,0.0421052631578947,0.96656050955414,0.00156494522691706,0.636225266362253,0.964723926380368,0.877708978328173,0.506269592476489,0.975460122699387,0.964777947932619,0.00602409638554217,0.12540192926045,0.359746434231379,0.018957345971564,0.0125,0.967692307692308,0.287443267776097,0.587774294670846,0,0.982704402515723,0.590138674884438,0.0173501577287066,0.0694444444444444,1,0.0187793427230047,0.872868217054264,0.197836166924266,0.0156985871271586,1,0.894654088050314,0.0277777777777778,0.00614439324116743,0.00151745068285281,0.967136150234742,0.973015873015873,0.00465116279069767,0.14622641509434,0.13302034428795,0.962790697674419,0.00307219662058372,0.959055118110236,0.953125,0.219364599092284,0.00155038759689922,0.298192771084337,0.158753709198813,0.968602825745683,0.05320813771518,0.328502415458937,0.622119815668203,0.931147540983607,0.370253164556962,1,0.00315457413249211,0.00775193798449612,0.932098765432099,0.952815829528158,0.959152798789713,0.00152905198776758,0.00154798761609907,0.490015360983103,0.00161030595813205,0.43581616481775,0.00153609831029186,1,1,0.541213063763608,0.504702194357367,0.981337480559876,0.0396946564885496,0.926153846153846,0.557251908396947,0.973228346456693,0.499205087440382,0.0262751159196291,0.562401263823065,0.00153846153846154,0.944272445820433,0.959247648902821,0.64741641337386,0.0137404580152672,0.00622083981337481,0.0241935483870968,0.427906976744186,0.00916030534351145,0.5,0.503076923076923,1,0.915902140672783,0.0288315629742033,1,0.508422664624809,0.0783699059561129,0.996932515337423,0.998430141287284,0.0517241379310345,0.360128617363344,0.281818181818182,1,0.00453172205438067,0.962006079027356,0.0046875,0.899068322981366,0.0169491525423729,1,0.161240310077519,0.551181102362205,0.0183767228177642,1,0.996789727126806,0.00304878048780488,0.0283464566929134
"199",0.545886075949367,0.530903328050713,0.536392405063291,0.543973941368078,0,0,0,0,0,0,0,0,0,0,0,0,0,0,0,0,0,0.00946372239747634,0.0125,0,0,0,0,0,0,0,0,0,0,0,0,0,0,0,0,0,0,0,0,0,0,0,0,0.533333333333333,0.550769230769231,0.550986842105263,0.524564183835182,0,0.323248407643312,0.236677115987461,0,0,0,0.0250783699059561,0,0,0,0,0,0,0,0,0,0,0,0,0.00158730158730159,0.00160513643659711,0,0,0,0,0,0,0,0,0.010752688172043,0,0,0,0,0,0,0,0,0.0016260162601626,0,0,0,0.00803858520900321,0,0,0.541284403669725,0.48382126348228,0.468652037617555,0.463054187192118,0.481889763779528,0.579710144927536,0.612852664576803,0.63275039745628,0.494556765163297,0.979907264296754,0.466049382716049,0.515923566878981,0.9184,0.995184590690209,0.545023696682464,0.792393026941363,0.475894245723173,0.502332814930016,0.509404388714734,0.542944785276074,0.575039494470774,0.477379095163807,0.762852404643449,0.59349593495935,0.462418300653595,0.523584905660377,0.435294117647059,0.542207792207792,0.497630331753554,0.53322528363047,0.50855365474339,0.549679487179487,0.501552795031056,0.534246575342466,0.979397781299525,0.574886535552194,0.576086956521739,0.451313755795981,0.57120253164557,0.466988727858293,0.557603686635945,0.572337042925278,0.560747663551402,0.532591414944356,0.572755417956656,0.558869701726845,0.469604863221884,0.55663430420712,0.521394611727417,0.448717948717949,0.47887323943662,0.574074074074074,0.764252696456086,0.987361769352291,0.458670988654781,0.553054662379421,0.975039001560062,0.4688995215311,0.530421216848674,0.537124802527646,0.484126984126984,0.662939297124601,0.499207606973059,0.477917981072555,0.542857142857143,0.680445151033386,0.505529225908373,0.45141065830721,0.432721712538226,0.565830721003135,0.57097288676236,0.457231726283048,0.4768,0.470967741935484,0.581358609794629,0.454263565891473,0.589341692789969,0.583198707592892,0.483282674772036,0.466353677621283,0.751533742331288,0.555725190839695,0.576190476190476,0.495161290322581,0.781906300484653,0.702194357366771,0.617647058823529,0.845047923322684,0.549114331723027,0.43312101910828,0.463722397476341,0.570300157977883,0.587155963302752,0.589312977099237,0.451863354037267,0.448657187993681,0.985871271585557,0.481967213114754,0.534290271132376,0.472222222222222,0.537854889589905,0.541213063763608,1,0.496784565916399,0.558544303797468,0.4609375,0.534267912772586,0.998442367601246,0.559190031152648,0.9936,0.479134466769706,0.502384737678855,0.464342313787639,0.572317262830482,0.586750788643533,0.553846153846154,0.478056426332288,0.462519936204147,0.474464579901153,0.919685039370079,0.455538221528861,0.987538940809969,0.971830985915493,0.558544303797468,0.622874806800618,0.489827856025039,0.537842190016103,0.939209726443769,0.551724137931034,0.550955414012739,0.530844155844156,0.519872813990461,0.85024154589372,0.7546875,0.542113323124043,0.452160493827161,0.575193798449612,0.450549450549451,0.586206896551724,0.475667189952904,0.519747235387046,0.578199052132701,0.998405103668262,0.499219968798752,0.54746835443038,0.526829268292683,0.468509984639017,0.488076311605723
"200",0.526898734177215,0.524486571879937,0.528391167192429,0.551219512195122,0,0,0,0,0,0,0,0,0,0,0,0,0,0,0,0,0,0.0203761755485893,0.0300632911392405,0,0,0,0,0,0,0,0,0,0,0,0,0,0,0,0,0,0,0,0,0,0,0,0,0.536923076923077,0.534883720930233,0.526829268292683,0.54414125200642,0.00155763239875389,0.330670926517572,0.254746835443038,0,0,0,0.0347003154574132,0,0,0,0,0,0,0,0,0,0,0,0,0.00159235668789809,0.00646203554119548,0,0,0,0,0,0,0,0,0.0187793427230047,0,0,0,0,0,0,0,0,0.00159744408945687,0,0,0,0.00980392156862745,0,0,0.545454545454545,0.702954898911353,0.457278481012658,0.476575121163166,0.45511811023622,0.500805152979066,0.580188679245283,0.558544303797468,0.647515527950311,0.497674418604651,0.476263399693721,0.500815660685155,0.515923566878981,0.48966613672496,0.528682170542636,0.541341653666147,0.495341614906832,0.462264150943396,0.497637795275591,0.530708661417323,0.560629921259843,0.469194312796209,0.505766062602965,0.5648,0.531746031746032,0.5328125,0.468646864686469,0.521880064829822,0.479813664596273,0.680064308681672,0.476780185758514,0.543130990415335,0.461897356143079,0.476635514018692,0.507269789983845,0.570987654320988,0.541864139020537,0.465007776049767,0.567524115755627,0.485668789808917,0.562305295950156,0.55205047318612,0.572542901716069,0.719745222929936,0.555732484076433,0.559006211180124,0.48297213622291,0.489430894308943,0.692185007974482,0.4624,0.4384,0.568111455108359,0.489164086687306,0.514240506329114,0.459770114942529,0.550239234449761,0.503115264797508,0.4624,0.482649842271293,0.530063291139241,0.473767885532591,0.544871794871795,0.543443917851501,0.471698113207547,0.533762057877814,0.515151515151515,0.473851030110935,0.45440251572327,0.45679012345679,0.552425665101721,0.545893719806763,0.448916408668731,0.504012841091493,0.504,0.55868544600939,0.465818759936407,0.55448717948718,0.565705128205128,0.523076923076923,0.462875197472354,0.496894409937888,0.483076923076923,0.549363057324841,0.468152866242038,0.494308943089431,0.54773082942097,0.559602649006622,0.495253164556962,0.537854889589905,0.472527472527473,0.44794952681388,0.570754716981132,0.574102964118565,0.56298600311042,0.466463414634146,0.456964006259781,0.516483516483517,0.467661691542289,0.673015873015873,0.464285714285714,0.529503105590062,0.504702194357367,0.496784565916399,1,0.567307692307692,0.482919254658385,0.57484076433121,0.506912442396313,0.570063694267516,0.503974562798092,0.452950558213716,0.671009771986971,0.46031746031746,0.565354330708661,0.547657512116317,0.56055900621118,0.465625,0.457869634340223,0.467105263157895,0.488924050632911,0.457547169811321,0.484375,0.502369668246445,0.530254777070064,0.562596599690881,0.457231726283048,0.527156549520767,0.523006134969325,0.480376766091052,0.535211267605634,0.528363047001621,0.476650563607085,0.514657980456026,0.499229583975347,0.537267080745342,0.470957613814757,0.555209953343701,0.482866043613707,0.582938388625592,0.463607594936709,0.536507936507936,0.480127186009539,0.50801282051282,0.472527472527473,0.52931854199683,0.540192926045016,0.471582181259601,0.46677471636953
"201",0.984152139461173,0.977777777777778,0.981072555205047,0.976489028213166,0,0,0,0,0,0,0,0,0,0,0,0,0,0,0,0,0,0,0,0,0,0,0,0,0,0,0,0,0,0,0,0,0,0,0,0,0,0,0,0,0,0,0,0.980091883614089,0.977029096477795,0.980551053484603,0.975806451612903,0.00158227848101266,0.0125786163522013,0.0096,0,0,0,0,0,0,0,0,0,0,0,0,0,0,0,0,0,0,0,0,0,0,0,0,0,0,0,0,0,0,0,0,0,0,0,0,0,0,0,0,0,0,0.976780185758514,0.197549770290965,0.0268562401263823,0.016025641025641,0.0427892234548336,0.247603833865815,0.971786833855799,0.951923076923077,0.278560250391236,0.585889570552147,0.0476190476190476,0.0749601275917065,0.592417061611374,0.548644338118022,0.975384615384615,0.528951486697966,0.0217391304347826,0.059190031152648,0.0724409448818898,0.9765625,0.982649842271293,0.0234375,0.310855263157895,0.976152623211447,0.0430622009569378,0.9734375,0.0212418300653595,0.985294117647059,0.0675039246467818,0.495987158908507,0.0604651162790698,0.977491961414791,0.0567484662576687,0.0853658536585366,0.5904,0.961832061068702,0.981366459627329,0.0526315789473684,0.985623003194888,0.0265625,0.659509202453988,0.984276729559748,0.906645569620253,0.536741214057508,0.989130434782609,0.990639625585023,0.0262345679012346,0.161550888529887,0.385350318471338,0.037037037037037,0.0330188679245283,1,0.331804281345566,0.61259842519685,0.0223642172523962,0.982649842271293,0.624036979969183,0.0396196513470681,0.0990566037735849,0.977812995245642,0.0376175548589342,0.919685039370079,0.241269841269841,0.0441640378548896,0.981042654028436,0.884493670886076,0.0537124802527646,0.0251177394034537,0.0217391304347826,0.985781990521327,0.992076069730586,0.0171073094867807,0.167731629392971,0.150793650793651,0.984423676012461,0.0234009360374415,0.984076433121019,0.979299363057325,0.236760124610592,0.0261136712749616,0.327217125382263,0.193061840120664,0.982315112540193,0.0714285714285714,0.360576923076923,0.644067796610169,0.962479608482871,0.397798742138365,0.974882260596546,0.023961661341853,0.0297805642633229,0.95253164556962,0.978851963746224,0.981679389312977,0.0205047318611987,0.0220472440944882,0.516431924882629,0.0147540983606557,0.468699839486356,0.0227617602427921,0.979365079365079,0.981337480559876,0.558544303797468,0.567307692307692,1,0.0638629283489097,0.939157566302652,0.588235294117647,0.963779527559055,0.518459069020867,0.0515625,0.580696202531646,0.0232919254658385,0.968847352024922,0.975460122699387,0.665644171779141,0.0377358490566038,0.0297339593114241,0.0476973684210526,0.454545454545455,0.0296875,0.523219814241486,0.526479750778816,0.977848101265823,0.955246913580247,0.0573643410852713,0.976152623211447,0.527692307692308,0.111811023622047,0.979397781299525,0.978930307941653,0.0817307692307692,0.379254457050243,0.310344827586207,0.978494623655914,0.0217054263565891,0.983257229832572,0.026813880126183,0.919685039370079,0.0408163265306122,0.976887519260401,0.190551181102362,0.575277337559429,0.0417956656346749,0.975077881619938,0.982200647249191,0.0242792109256449,0.0473933649289099
"202",0.0340557275541796,0.0375,0.0419906687402799,0.0431309904153355,0,0,0,0,0,0,0,0,0,0,0,0,0,0,0,0,0,0.0278637770897833,0.0375,0,0,0,0,0,0,0,0,0,0,0,0,0,0,0,0,0,0,0,0,0,0,0,0,0.037037037037037,0.0398773006134969,0.0402576489533011,0.0410742496050553,0,0.671826625386997,0.514820592823713,0,0,0,0.058641975308642,0,0,0,0,0,0,0,0,0,0,0,0,0.00158982511923688,0.00961538461538462,0,0,0,0,0,0,0,0,0.0338461538461538,0,0,0,0,0,0,0.00154320987654321,0,0.00157232704402516,0,0,0,0.0193236714975845,0,0,0.0442073170731707,0.820668693009118,0.987381703470032,0.965079365079365,0.954545454545455,0.778649921507064,0.100308641975309,0.110248447204969,0.743827160493827,0.457186544342508,0.951293759512938,0.927215189873418,0.477777777777778,0.482704402515723,0.040625,0.515479876160991,0.960183767228178,0.9390625,0.94006309148265,0.0401234567901235,0.0660522273425499,0.962558502340094,0.716857610474632,0.0851735015772871,0.938095238095238,0.038109756097561,0.958266452648475,0.0322061191626409,0.930926216640502,0.57120253164557,0.934250764525994,0.0431309904153355,0.935285053929122,0.914241960183767,0.442492012779553,0.0998487140695915,0.0802469135802469,0.919207317073171,0.0739549839228296,0.957547169811321,0.370481927710843,0.0744186046511628,0.142633228840125,0.5392,0.0595611285266458,0.0725308641975309,0.953453453453453,0.843800322061192,0.639109697933227,0.948553054662379,0.94620253164557,0.0760869565217391,0.709627329192547,0.41692789968652,0.967032967032967,0.0500782472613459,0.42185128983308,0.951181102362205,0.898305084745763,0.0375586854460094,0.9484375,0.146919431279621,0.82398753894081,0.946236559139785,0.0422535211267606,0.143759873617694,0.942006269592476,0.948678071539658,0.958652373660031,0.062111801242236,0.0566343042071197,0.958268933539413,0.816455696202532,0.825396825396825,0.0781010719754977,0.953488372093023,0.0805687203791469,0.0880503144654088,0.758358662613982,0.959752321981424,0.694402420574887,0.818318318318318,0.0729001584786054,0.931034482758621,0.666666666666667,0.397515527950311,0.0936995153473344,0.633956386292835,0.0357142857142857,0.96031746031746,0.962204724409449,0.0985915492957746,0.0787878787878788,0.083969465648855,0.954898911353033,0.961119751166407,0.506211180124224,0.955271565495208,0.60031847133758,0.958841463414634,0.0450310559006211,0.0396946564885496,0.4609375,0.482919254658385,0.0638629283489097,1,0.108832807570978,0.441400304414003,0.0637636080870918,0.497584541062802,0.938080495356037,0.492163009404389,0.96031746031746,0.0916149068322981,0.080952380952381,0.361832061068702,0.953416149068323,0.968992248062015,0.941368078175896,0.584234930448223,0.953917050691244,0.513677811550152,0.49613601236476,0.0425196850393701,0.110773899848255,0.936532507739938,0.0390015600624025,0.501506024096386,0.892018779342723,0.0407523510971787,0.041335453100159,0.917721518987342,0.646103896103896,0.723664122137405,0.04,0.96,0.0768072289156626,0.957413249211357,0.125195618153365,0.960505529225908,0.0493827160493827,0.822605965463108,0.451043338683788,0.942546583850932,0.0445468509984639,0.0395569620253165,0.958397534668721,0.944267515923567
"203",0.926677067082683,0.920436817472699,0.928792569659443,0.92845786963434,0,0,0,0,0,0,0,0,0,0,0,0,0,0,0,0,0,0,0.00153846153846154,0,0,0,0,0,0,0,0,0,0,0,0,0,0,0,0,0,0,0,0,0,0,0,0,0.925869894099849,0.926605504587156,0.920583468395462,0.931637519872814,0.00153609831029186,0.0514820592823713,0.0393081761006289,0,0,0,0.0031201248049922,0,0,0,0,0,0,0,0,0,0,0,0,0,0,0,0,0,0,0,0,0,0,0.0015600624024961,0,0,0,0,0,0,0,0,0,0,0,0,0,0,0,0.937689969604863,0.241691842900302,0.0749601275917065,0.0688,0.0909090909090909,0.263157894736842,0.889922480620155,0.865293185419968,0.326053042121685,0.564759036144578,0.099388379204893,0.124416796267496,0.564742589703588,0.540284360189573,0.923676012461059,0.525423728813559,0.0793893129770992,0.116822429906542,0.124213836477987,0.929121725731895,0.904836193447738,0.0756172839506173,0.32436974789916,0.901929260450161,0.103833865814696,0.921296296296296,0.0746753246753247,0.942583732057416,0.118296529968454,0.603448275862069,0.115207373271889,0.930047694753577,0.102009273570325,0.128398791540786,0.581210191082803,0.884792626728111,0.910798122065728,0.105426356589147,0.905901116427432,0.0782472613458529,0.644716692189893,0.916795069337442,0.843167701863354,0.612244897959184,0.911901081916538,0.908809891808346,0.0749235474006116,0.19349593495935,0.428343949044586,0.0904684975767367,0.0819165378670788,0.917682926829268,0.3328173374613,0.592709984152139,0.0669856459330144,0.912280701754386,0.603744149765991,0.0797448165869219,0.138461538461538,0.928571428571429,0.0996884735202492,0.848341232227488,0.2703125,0.0941915227629513,0.923197492163009,0.834890965732087,0.100931677018634,0.0869565217391304,0.081039755351682,0.906009244992296,0.914330218068536,0.0632716049382716,0.21939586645469,0.185303514376997,0.906832298136646,0.0662557781201849,0.907232704402516,0.901273885350318,0.273700305810398,0.0737327188940092,0.335901386748844,0.215477996965099,0.904761904761905,0.125195618153365,0.360759493670886,0.623255813953488,0.888709677419355,0.394654088050314,0.924382716049383,0.076555023923445,0.0860719874804382,0.886645962732919,0.906626506024096,0.90381679389313,0.081377151799687,0.073094867807154,0.500770416024653,0.0704,0.578864353312303,0.0755007704160247,0.922480620155039,0.926153846153846,0.534267912772586,0.57484076433121,0.939157566302652,0.108832807570978,1,0.56838905775076,1,0.518282988871224,0.093558282208589,0.726984126984127,0.0764430577223089,0.894171779141104,0.9015625,0.653905053598775,0.0815047021943574,0.0817610062893082,0.0932475884244373,0.446177847113885,0.0809968847352025,0.510802469135803,0.5203125,0.933333333333333,0.873475609756098,0.0961832061068702,0.926634768740032,0.52,0.141509433962264,0.91588785046729,0.924920127795527,0.115805946791862,0.383147853736089,0.320493066255778,0.926380368098159,0.0782208588957055,0.909090909090909,0.073208722741433,0.85981308411215,0.0950155763239875,0.930875576036866,0.213953488372093,0.556962025316456,0.0948678071539658,0.930599369085173,0.919743178170145,0.08,0.102362204724409
"204",0.564102564102564,0.548780487804878,0.565284178187404,0.571428571428571,0,0,0,0,0,0,0,0,0,0,0,0,0,0,0,0,0,0.0137614678899083,0.0152671755725191,0,0,0,0,0,0,0,0,0,0,0,0,0,0,0,0,0,0,0,0,0,0,0,0,0.551051051051051,0.572289156626506,0.579454253611557,0.545741324921136,0,0.308166409861325,0.231839258114374,0,0,0,0.0246153846153846,0,0,0,0,0,0,0,0,0,0,0,0,0.00152439024390244,0.00156985871271586,0,0,0,0,0,0,0,0,0.013719512195122,0,0,0,0,0,0,0,0,0.0015600624024961,0,0,0,0.0094488188976378,0,0,0.57034795763994,0.457013574660633,0.448275862068966,0.428571428571429,0.445669291338583,0.551020408163265,0.636785162287481,0.650470219435737,0.473684210526316,0.986567164179105,0.445454545454545,0.498427672955975,0.928012519561815,0.988976377952756,0.565950920245399,0.793313069908815,0.453717754172989,0.480122324159021,0.479198767334361,0.575572519083969,0.592705167173252,0.440494590417311,0.760195758564437,0.61993769470405,0.447530864197531,0.560422960725076,0.403846153846154,0.576138147566719,0.469230769230769,0.517829457364341,0.487101669195751,0.579598145285935,0.474242424242424,0.517293233082707,1,0.586989409984871,0.596244131455399,0.428358208955224,0.586206896551724,0.438569206842924,0.554878048780488,0.601851851851852,0.576271186440678,0.510108864696734,0.584732824427481,0.583963691376702,0.437313432835821,0.530254777070064,0.510204081632653,0.417460317460317,0.443234836702955,0.588323353293413,0.765060240963855,1,0.435257410296412,0.569182389937107,0.993975903614458,0.444617784711388,0.496951219512195,0.570121951219512,0.453416149068323,0.66510172143975,0.486111111111111,0.453846153846154,0.562596599690881,0.67629179331307,0.493920972644377,0.43140243902439,0.414050822122571,0.586687306501548,0.598116169544741,0.436170212765957,0.443573667711599,0.440944881889764,0.602134146341463,0.4375,0.60741885625966,0.595054095826893,0.457831325301205,0.437308868501529,0.760119940029985,0.512667660208644,0.590837282780411,0.46656298600311,0.777777777777778,0.703647416413374,0.637083993660856,0.841538461538462,0.569908814589666,0.409090909090909,0.442249240121581,0.584758942457232,0.602941176470588,0.608169440242057,0.43247344461305,0.424846625766871,0.981538461538462,0.450479233226837,0.511848341232227,0.457575757575758,0.575384615384615,0.557251908396947,0.998442367601246,0.506912442396313,0.588235294117647,0.441400304414003,0.56838905775076,1,0.578625954198473,0.982594936708861,0.455370650529501,0.495327102803738,0.441538461538462,0.590563165905632,0.601851851851852,0.573770491803279,0.462132921174652,0.429906542056075,0.457142857142857,0.915644171779141,0.433587786259542,0.986342943854325,0.970948012232416,0.585253456221198,0.645645645645646,0.476479514415782,0.55868544600939,0.940652818991098,0.544615384615385,0.56989247311828,0.545031055900621,0.510268562401264,0.848726114649682,0.746585735963581,0.557548579970105,0.425981873111782,0.600297176820208,0.421133231240429,0.600931677018634,0.452200303490137,0.556574923547401,0.535603715170279,0.996913580246914,0.472868217054264,0.574500768049155,0.553627760252366,0.435897435897436,0.45583596214511
"205",0.973312401883831,0.971383147853736,0.970358814352574,0.972712680577849,0,0,0,0,0,0,0,0,0,0,0,0,0,0,0,0,0,0,0,0,0,0,0,0,0,0,0,0,0,0,0,0,0,0,0,0,0,0,0,0,0,0,0,0.970814132104455,0.965996908809892,0.969502407704655,0.97444089456869,0.00159489633173844,0.0173228346456693,0.0124416796267496,0,0,0,0.0046875,0,0,0,0,0,0,0,0,0,0,0,0,0,0.00160771704180064,0,0,0,0,0,0,0,0,0.00311526479750779,0,0,0,0,0,0,0,0,0,0,0,0,0,0,0,0.979876160990712,0.19751166407465,0.0379746835443038,0.0257234726688103,0.0443740095087163,0.230769230769231,0.929797191887676,0.911717495987159,0.27115987460815,0.58887171561051,0.0511627906976744,0.0814696485623003,0.584541062801932,0.559485530546624,0.973186119873817,0.514774494556765,0.0324074074074074,0.0668789808917197,0.0759493670886076,0.977917981072555,0.95125786163522,0.031496062992126,0.311475409836066,0.952845528455285,0.0528846153846154,0.968847352024922,0.0295566502463054,1,0.0741324921135647,0.518341307814992,0.0646687697160883,0.975961538461538,0.0662557781201849,0.0872274143302181,0.583465818759936,0.929003021148036,0.94679186228482,0.0571870170015456,0.950479233226837,0.029874213836478,0.650695517774343,0.95625,0.881901840490798,0.558213716108453,0.9578125,0.956521739130435,0.0227272727272727,0.1584,0.389067524115756,0.0339256865912763,0.0380952380952381,0.956589147286822,0.332824427480916,0.612954186413902,0.0271565495207668,0.961783439490446,0.621283255086072,0.0473186119873817,0.105015673981191,0.974803149606299,0.0475435816164818,0.892405063291139,0.232963549920761,0.0427892234548336,0.972886762360447,0.887122416534181,0.0610328638497653,0.0315457413249211,0.0291411042944785,0.954258675078864,0.954838709677419,0.0245775729646697,0.175718849840256,0.157977883096367,0.951026856240126,0.0304878048780488,0.954041204437401,0.947535771065183,0.233846153846154,0.0261941448382126,0.329721362229102,0.173252279635258,0.951845906902087,0.0754716981132075,0.36608557844691,0.634375,0.931372549019608,0.391785150078989,0.974683544303797,0.0316455696202532,0.0376766091051805,0.930645161290323,0.948406676783004,0.948275862068966,0.0314465408805031,0.0252365930599369,0.525,0.0291734197730956,0.504,0.0264797507788162,0.97007874015748,0.973228346456693,0.559190031152648,0.570063694267516,0.963779527559055,0.0637636080870918,1,0.578625954198473,1,0.5328,0.0577223088923557,0.60126582278481,0.0304,0.934477379095164,0.944794952681388,0.646417445482866,0.0390625,0.0393700787401575,0.0552845528455285,0.45125786163522,0.0386996904024768,0.528861154446178,0.539184952978056,0.973270440251572,0.914110429447853,0.0558139534883721,0.974603174603175,0.52887537993921,0.105511811023622,0.968602825745683,0.969354838709677,0.073482428115016,0.384359400998336,0.304482225656878,0.972727272727273,0.0251572327044025,0.955725190839695,0.0296875,0.904912836767036,0.0458860759493671,0.971786833855799,0.17774343122102,0.576377952755906,0.0462519936204147,0.9734375,0.972402597402597,0.0325077399380805,0.0567260940032415
"206",0.503205128205128,0.503961965134707,0.501587301587302,0.509090909090909,0,0,0,0,0,0,0,0,0,0,0,0,0,0,0,0,0,0.014308426073132,0.015625,0,0,0,0,0,0,0,0,0,0,0,0,0,0,0,0,0,0,0,0,0,0,0,0,0.49375,0.512539184952978,0.526578073089701,0.492659053833605,0,0.351524879614767,0.261712439418417,0,0,0,0.0268562401263823,0,0,0,0,0,0,0,0,0,0,0,0,0,0.00329489291598023,0,0,0,0,0,0,0,0,0.0143769968051118,0,0,0,0,0,0,0,0,0,0,0,0,0.00981996726677578,0,0,0.511848341232227,0.511627906976744,0.510500807754443,0.487012987012987,0.511217948717949,0.608695652173913,0.580906148867314,0.604838709677419,0.515151515151515,0.969936708860759,0.502362204724409,0.550161812297735,0.905073649754501,1,0.51188589540412,0.816745655608215,0.51188589540412,0.521462639109698,0.538961038961039,0.515923566878981,0.534510433386838,0.5056,0.802385008517888,0.568438003220612,0.499184339314845,0.492979719188768,0.463986599664992,0.506535947712418,0.527910685805423,0.539837398373984,0.540157480314961,0.508169934640523,0.528213166144201,0.565420560747664,0.961227786752827,0.536547433903577,0.5456,0.479365079365079,0.537704918032787,0.49597423510467,0.534181240063593,0.544585987261146,0.525316455696203,0.542071197411003,0.53160453808752,0.524720893141946,0.504601226993865,0.57825370675453,0.530744336569579,0.476422764227642,0.513643659711075,0.533858267716535,0.804761904761905,0.956591639871383,0.501633986928105,0.504078303425775,0.954186413902054,0.494271685761047,0.5488,0.5104,0.509463722397476,0.629449838187702,0.52411575562701,0.5,0.505564387917329,0.638126009693053,0.546474358974359,0.495222929936306,0.475460122699386,0.52555910543131,0.538842975206612,0.492935635792779,0.495114006514658,0.501623376623377,0.536858974358974,0.490536277602524,0.558252427184466,0.541329011345219,0.49609984399376,0.496784565916399,0.790551181102362,0.579192546583851,0.541598694942904,0.536858974358974,0.815359477124183,0.693037974683544,0.57379767827529,0.87620578778135,0.50974025974026,0.461912479740681,0.5008,0.524879614767255,0.54601226993865,0.559748427672956,0.491961414790997,0.479299363057325,0.995245641838352,0.518945634266886,0.545602605863192,0.510204081632653,0.513556618819777,0.499205087440382,0.9936,0.503974562798092,0.518459069020867,0.497584541062802,0.518282988871224,0.982594936708861,0.5328,1,0.498432601880878,0.511437908496732,0.504038772213247,0.543035993740219,0.547231270358306,0.537854889589905,0.5216,0.495192307692308,0.502471169686985,0.937898089171974,0.496794871794872,0.998420221169036,0.970031545741325,0.51685393258427,0.605828220858896,0.526570048309179,0.498387096774194,0.955038759689922,0.585483870967742,0.510433386837881,0.482758620689655,0.551053484602917,0.897180762852405,0.798449612403101,0.5,0.477848101265823,0.534883720930233,0.48006379585327,0.552547770700637,0.504731861198738,0.485623003194888,0.590764331210191,0.995137763371151,0.533546325878594,0.514423076923077,0.495081967213115,0.499205087440382,0.519354838709677
"207",0.0327102803738318,0.0282574568288854,0.0263565891472868,0.032,0,0,0,0,0,0,0,0,0,0,0,0,0,0,0,0,0,0.0231481481481481,0.0352220520673813,0,0,0,0,0,0,0,0,0,0,0,0,0,0,0,0,0,0,0,0,0,0,0,0,0.0275229357798165,0.033033033033033,0.028892455858748,0.027027027027027,0,0.66358024691358,0.504643962848297,0,0,0,0.0658499234303216,0,0,0,0,0,0,0,0,0,0,0,0,0.0031104199066874,0.00792393026941363,0,0,0,0,0,0,0,0,0.0341085271317829,0,0,0,0,0,0,0.0015600624024961,0,0.00315955766192733,0,0,0,0.0205371248025276,0,0,0.0290076335877863,0.820121951219512,0.9640625,0.969745222929936,0.98740157480315,0.795562599049128,0.0925925925925926,0.109350237717908,0.755868544600939,0.457317073170732,0.989312977099237,0.963949843260188,0.46031746031746,0.4770206022187,0.0308166409861325,0.511244377811094,0.972350230414747,0.975497702909648,0.932496075353218,0.0261136712749616,0.0634674922600619,0.968798751950078,0.721044045676998,0.0697305863708399,0.950949367088608,0.027906976744186,0.969004893964111,0.0318979266347687,0.937694704049844,0.521259842519685,0.993966817496229,0.0302066772655008,0.950226244343891,0.950995405819296,0.447619047619048,0.0873493975903614,0.0700934579439252,0.934848484848485,0.0507131537242472,0.965408805031447,0.371559633027523,0.0587326120556414,0.129032258064516,0.494590417310665,0.0500782472613459,0.0567484662576687,0.965256797583082,0.875,0.63349131121643,0.964968152866242,0.962441314553991,0.0625954198473282,0.723241590214067,0.4328125,0.97007874015748,0.0423861852433281,0.412942989214176,1,0.981395348837209,0.0296411856474259,0.965463108320251,0.125391849529781,0.775351014040562,0.990668740279938,0.0309119010819165,0.135007849293564,0.982866043613707,0.970769230769231,0.974474474474474,0.0559875583203732,0.0613207547169811,0.971036585365854,0.824367088607595,0.849840255591054,0.06,0.972049689440994,0.0580847723704867,0.0631911532385466,0.767123287671233,0.966153846153846,0.720789074355083,0.843939393939394,0.0587301587301587,0.923676012461059,0.683962264150943,0.373065015479876,0.0838709677419355,0.644757433489828,0.0265210608424337,0.973228346456693,0.958074534161491,0.0847457627118644,0.0645645645645646,0.0620272314674735,0.970814132104455,0.970903522205207,0.514637904468413,0.966183574879227,0.550079491255962,0.965413533834587,0.0278637770897833,0.0262751159196291,0.479134466769706,0.452950558213716,0.0515625,0.938080495356037,0.093558282208589,0.455370650529501,0.0577223088923557,0.498432601880878,1,0.445652173913043,0.968944099378882,0.0806697108066971,0.0671875,0.344410876132931,0.960753532182104,0.981481481481482,0.982371794871795,0.594224924012158,0.987673343605547,0.515197568389058,0.519440124416796,0.0295489891135303,0.0936555891238671,0.983076923076923,0.0313479623824451,0.496171516079632,0.93953488372093,0.0362204724409449,0.0223285486443381,0.962264150943396,0.662420382165605,0.726172465960666,0.03003003003003,0.976708074534162,0.0602409638554217,0.970948012232416,0.115740740740741,0.989096573208723,0.0245022970903522,0.847457627118644,0.456923076923077,0.989096573208723,0.0296875,0.017515923566879,0.972685887708649,0.95859872611465
"208",0.562798092209857,0.541269841269841,0.549050632911392,0.555555555555556,0,0,0,0,0,0,0,0,0,0,0,0,0,0,0,0,0,0.020440251572327,0.0238095238095238,0,0,0,0,0,0,0,0,0,0,0,0,0,0,0,0,0,0,0,0,0,0,0,0,0.558823529411765,0.54858934169279,0.544117647058823,0.568822553897181,0,0.300632911392405,0.221324717285945,0,0,0,0.0267716535433071,0,0,0,0,0,0,0,0,0,0,0,0,0,0.00489396411092985,0,0,0,0,0,0,0,0,0.015552099533437,0,0,0,0,0,0,0,0,0,0,0,0,0.00493421052631579,0,0,0.570754716981132,0.583724569640063,0.443381180223285,0.447882736156352,0.44408945686901,0.473257698541329,0.587025316455696,0.5536,0.637658227848101,0.517665130568356,0.4578125,0.467532467532468,0.570048309178744,0.511254019292605,0.552,0.523584905660377,0.444099378881988,0.451510333863275,0.492012779552716,0.565977742448331,0.558139534883721,0.441823899371069,0.47571189279732,0.553017944535073,0.476499189627229,0.542264752791069,0.442786069651741,0.540495867768595,0.449206349206349,0.946428571428571,0.448062015503876,0.566558441558442,0.450393700787402,0.447204968944099,0.526315789473684,0.5609375,0.576190476190476,0.438871473354232,0.579710144927536,0.44888178913738,0.529874213836478,0.577044025157233,0.554662379421222,0.908346972176759,0.58161648177496,0.565560821484992,0.452307692307692,0.474878444084279,0.672552166934189,0.448220064724919,0.468189233278956,0.576802507836991,0.481889763779528,0.517460317460318,0.451298701298701,0.563402889245586,0.516431924882629,0.458804523424879,0.477635782747604,0.553398058252427,0.455555555555556,0.567307692307692,0.544444444444444,0.454258675078864,0.560509554140127,0.539936102236422,0.466882067851373,0.419457735247209,0.465625,0.552547770700637,0.581548599670511,0.438985736925515,0.483253588516746,0.470494417862839,0.575277337559429,0.41786283891547,0.562197092084006,0.5568,0.491551459293395,0.441823899371069,0.479938271604938,0.466049382716049,0.558064516129032,0.455716586151369,0.47275641025641,0.552755905511811,0.57001647446458,0.479299363057325,0.574193548387097,0.46353322528363,0.454983922829582,0.56828885400314,0.56468797564688,0.576923076923077,0.358044164037855,0.441640378548896,0.501607717041801,0.440789473684211,0.9536,0.458461538461538,0.5472,0.562401263823065,0.502384737678855,0.671009771986971,0.580696202531646,0.492163009404389,0.726984126984127,0.495327102803738,0.60126582278481,0.511437908496732,0.445652173913043,1,0.434782608695652,0.586583463338534,0.567901234567901,0.542635658914729,0.429936305732484,0.453543307086614,0.445171849427169,0.514195583596215,0.457142857142857,0.4928,0.512658227848101,0.56031746031746,0.563076923076923,0.441679626749611,0.552334943639291,0.516079632465544,0.47588424437299,0.565495207667732,0.559157212317666,0.471061093247588,0.486088379705401,0.48503937007874,0.567441860465116,0.438485804416404,0.575663026521061,0.441786283891547,0.570747217806041,0.44391785150079,0.595813204508857,0.483464566929134,0.517405063291139,0.442492012779553,0.543859649122807,0.556105610561056,0.442879499217527,0.458804523424879
"209",0,0,0,0,0,0,0,0,0,0,0,0,0,0,0,0,0,0,0,0,0,0.0309597523219814,0.04375,0,0,0,0,0,0,0,0,0,0,0,0,0,0,0,0,0,0,0,0,0,0,0,0,0,0,0,0,0.0015527950310559,0.805379746835443,0.610062893081761,0,0.00157728706624606,0.00157728706624606,0.0613207547169811,0,0.00158227848101266,0.00155763239875389,0.00154559505409583,0.0015600624024961,0,0.00152671755725191,0.00156494522691706,0.00157728706624606,0.00165016501650165,0,0.00158478605388273,0.00314465408805031,0.00806451612903226,0.00155763239875389,0.00154320987654321,0.00155763239875389,0.0015625,0.0015625,0.00157728706624606,0.00157977883096367,0.00157977883096367,0.0297339593114241,0,0.0015527950310559,0.00164744645799012,0.00158227848101266,0.0016,0.00162074554294976,0.00315457413249211,0.0015748031496063,0.00323624595469256,0,0,0,0.0191693290734824,0.00164203612479475,0.00159744408945687,0.00155038759689922,0.830534351145038,0.993690851735016,1,0.977777777777778,0.77491961414791,0.0744849445324881,0.0865384615384615,0.749603803486529,0.442546583850932,0.978361669242658,0.943820224719101,0.440705128205128,0.48130081300813,0.00157728706624606,0.513719512195122,0.998422712933754,0.959183673469388,0.9546875,0.00157977883096367,0.0330188679245283,0.996835443037975,0.718801996672213,0.0437601296596434,0.976114649681529,0.0015625,0.99836867862969,0.00483091787439614,0.961119751166407,0.533011272141707,0.954968944099379,0.0016025641025641,0.96417445482866,0.93558282208589,0.431528662420382,0.0672782874617737,0.046875,0.958397534668721,0.0355411954765751,0.996840442338073,0.362928348909657,0.0361067503924647,0.1265625,0.499202551834131,0.028436018957346,0.0399385560675883,0.99537037037037,0.872756933115824,0.636217948717949,0.984126984126984,0.990461049284579,0.0387596899224806,0.704334365325077,0.40829346092504,1,0.0207336523125997,0.407120743034056,0.975922953451043,0.926677067082683,0,0.987117552334944,0.123397435897436,0.797169811320755,0.978159126365055,0,0.113744075829384,0.966772151898734,0.996850393700787,0.996923076923077,0.0330708661417323,0.0349761526232114,0.995305164319249,0.860095389507154,0.878594249201278,0.0375,0.996894409937888,0.042654028436019,0.0457516339869281,0.794071762870515,1,0.703245749613601,0.832822085889571,0.033175355450237,0.950949367088608,0.667731629392971,0.384136858475894,0.0713101160862355,0.63849765258216,0.0015527950310559,0.995290423861852,0.988993710691824,0.065625,0.0474732006125574,0.0411585365853659,0.9984375,1,0.510172143974961,1,0.558966074313409,0.998466257668712,0.00161812297734628,0.00153846153846154,0.464342313787639,0.46031746031746,0.0232919254658385,0.96031746031746,0.0764430577223089,0.441538461538462,0.0304,0.504038772213247,0.968944099378882,0.434782608695652,1,0.059190031152648,0.0455259026687598,0.359877488514548,0.987654320987654,0.990566037735849,0.970731707317073,0.578864353312303,0.985915492957746,0.500784929356358,0.496147919876733,0,0.0829493087557604,0.964006259780908,0,0.495398773006135,0.912636505460218,0.00635930047694754,0.00162074554294976,0.942215088282504,0.646677471636953,0.721003134796238,0.00151515151515152,0.995384615384615,0.0385802469135802,0.996894409937888,0.103286384976526,0.978056426332288,0.0015748031496063,0.827102803738318,0.44408945686901,0.974921630094044,0.0015600624024961,0.0048,0.996889580093313,0.971107544141252
"210",0.950844854070661,0.938461538461538,0.944700460829493,0.9421875,0,0,0,0,0,0,0,0,0,0,0,0,0,0,0,0,0,0.0015220700152207,0.00154559505409583,0,0,0,0,0,0,0,0,0,0,0,0,0,0,0,0,0,0,0,0,0,0,0,0,0.948717948717949,0.948406676783004,0.940705128205128,0.937984496124031,0.00157232704402516,0.0402476780185759,0.031104199066874,0,0,0,0.0061633281972265,0,0,0,0,0,0,0,0,0,0,0,0,0.00154559505409583,0,0,0,0,0,0,0,0,0,0.00458015267175573,0,0,0,0,0,0,0,0,0.0015600624024961,0,0,0,0.00470219435736677,0,0,0.944024205748865,0.22289156626506,0.0652503793626707,0.0550314465408805,0.0770416024653313,0.297339593114241,0.953846153846154,0.945482866043614,0.29984544049459,0.598496240601504,0.08649468892261,0.103125,0.611801242236025,0.575039494470774,0.93603744149766,0.542372881355932,0.0526315789473684,0.08649468892261,0.103875968992248,0.941807044410414,0.981481481481482,0.0476923076923077,0.340909090909091,0.9671875,0.071656050955414,0.93984962406015,0.0535714285714286,0.939393939393939,0.106153846153846,0.505511811023622,0.0928462709284627,0.940532081377152,0.0948012232415902,0.103030303030303,0.608150470219436,0.951951951951952,0.979938271604938,0.0855855855855856,0.977777777777778,0.0530421216848674,0.674772036474164,0.978461538461538,0.902587519025875,0.541269841269841,0.970404984423676,0.970948012232416,0.0534124629080119,0.214285714285714,0.429467084639498,0.0697305863708399,0.0667701863354037,0.96793893129771,0.340978593272171,0.614906832298137,0.0532915360501567,0.962323390894819,0.629573170731707,0.0644654088050314,0.138248847926267,0.938366718027735,0.081377151799687,0.9125,0.251920122887865,0.0741885625965997,0.945482866043614,0.850769230769231,0.0917721518987342,0.0643185298621746,0.0588235294117647,0.977029096477795,0.978090766823161,0.0484848484848485,0.207278481012658,0.183544303797468,0.979782270606532,0.0564885496183206,0.971786833855799,0.982785602503912,0.28030303030303,0.0611620795107034,0.353658536585366,0.241071428571429,1,0.127300613496933,0.3734375,0.659574468085106,0.955696202531646,0.416012558869702,0.93944099378882,0.0606531881804044,0.0634674922600619,0.950617283950617,0.974397590361446,0.977272727272727,0.0570987654320988,0.0574534161490683,0.535101404056162,0.0526315789473684,0.477093206951027,0.0535168195718654,0.943076923076923,0.944272445820433,0.572317262830482,0.565354330708661,0.968847352024922,0.0916149068322981,0.894171779141104,0.590563165905632,0.934477379095164,0.543035993740219,0.0806697108066971,0.586583463338534,0.059190031152648,1,1,0.677661169415292,0.0740740740740741,0.0618238021638331,0.0801282051282051,0.473444613050076,0.0538461538461538,0.536585365853659,0.546439628482972,0.953632148377125,0.952095808383233,0.0840978593272171,0.946287519747235,0.563063063063063,0.140866873065015,0.948995363214838,0.946287519747235,0.115987460815047,0.413738019169329,0.333333333333333,0.941265060240964,0.0606060606060606,0.981927710843373,0.0605590062111801,0.920807453416149,0.0723076923076923,0.94478527607362,0.24191063174114,0.594383775351014,0.0781010719754977,0.937888198757764,0.939393939393939,0.0581929555895865,0.0837282780410742
"211",0.964341085271318,0.955974842767296,0.963665086887836,0.954041204437401,0,0,0,0,0,0,0,0,0,0,0,0,0,0,0,0,0,0.00158227848101266,0.00155763239875389,0,0,0,0,0,0,0,0,0,0,0,0,0,0,0,0,0,0,0,0,0,0,0,0,0.960061443932412,0.96030534351145,0.958132045088567,0.958132045088567,0.00156985871271586,0.0318471337579618,0.0219092331768388,0,0,0,0.00315955766192733,0,0,0,0,0,0,0,0,0,0,0,0,0.00157232704402516,0,0,0,0,0,0,0,0,0,0.0015552099533437,0,0,0,0,0,0,0,0,0.00159235668789809,0,0,0,0.00159489633173844,0,0,0.957055214723926,0.206636500754148,0.0561622464898596,0.0370967741935484,0.0583596214511041,0.254372019077901,0.962204724409449,0.954113924050633,0.283489096573209,0.604938271604938,0.0672782874617737,0.0937996820349762,0.603174603174603,0.575757575757576,0.956454121306376,0.538341158059468,0.0376175548589342,0.0684292379471229,0.0916149068322981,0.956112852664577,0.989214175654854,0.0342146189735614,0.331658291457286,0.977635782747604,0.0621019108280255,0.952904238618524,0.040650406504065,0.958333333333333,0.089622641509434,0.5,0.0807453416149068,0.952229299363057,0.0699844479004666,0.0955315870570108,0.614767255216693,0.967791411042945,0.989164086687306,0.0693374422187981,0.988727858293076,0.0407523510971787,0.677862595419847,0.989028213166144,0.918622848200313,0.535433070866142,0.979813664596273,0.981337480559876,0.0443425076452599,0.179032258064516,0.399046104928458,0.0594855305466238,0.0517241379310345,0.975308641975309,0.335889570552147,0.633070866141732,0.0401284109149278,0.966666666666667,0.641185647425897,0.0535433070866142,0.12210200927357,0.957613814756672,0.062402496099844,0.918238993710692,0.23961661341853,0.0599369085173502,0.961119751166407,0.872239747634069,0.0734375,0.04375,0.0438729198184569,0.985915492957746,0.987240829346092,0.0398773006134969,0.176848874598071,0.169572107765452,0.990580847723705,0.04375,0.982343499197432,0.992,0.258566978193146,0.0502354788069074,0.340978593272171,0.206373292867982,1,0.098256735340729,0.375198728139905,0.66407465007776,0.967585089141005,0.416275430359937,0.955696202531646,0.0445151033386327,0.0458135860979463,0.961119751166407,0.984894259818731,0.986175115207373,0.04375,0.0455259026687598,0.540498442367601,0.0378289473684211,0.471819645732689,0.0428134556574924,0.957345971563981,0.959247648902821,0.586750788643533,0.547657512116317,0.975460122699387,0.080952380952381,0.9015625,0.601851851851852,0.944794952681388,0.547231270358306,0.0671875,0.567901234567901,0.0455259026687598,1,1,0.703076923076923,0.0632911392405063,0.0449612403100775,0.0643086816720257,0.474015748031496,0.0394944707740916,0.543343653250774,0.547433903576983,0.962558502340094,0.951293759512938,0.0688073394495413,0.958532695374801,0.55030487804878,0.128571428571429,0.960505529225908,0.958664546899841,0.0956937799043062,0.409385113268608,0.337984496124031,0.958139534883721,0.0436817472698908,0.990977443609023,0.0451713395638629,0.936406995230525,0.061633281972265,0.959501557632399,0.202852614896989,0.6,0.0519685039370079,0.952160493827161,0.9584,0.043343653250774,0.0656
"212",0.655332302936631,0.641421947449768,0.646879756468798,0.637362637362637,0,0,0,0,0,0,0,0,0,0,0,0,0,0,0,0,0,0.00914634146341463,0.0109375,0,0,0,0,0,0,0,0,0,0,0,0,0,0,0,0,0,0,0,0,0,0,0,0,0.641566265060241,0.642642642642643,0.635499207606973,0.638364779874214,0,0.25077399380805,0.189147286821705,0,0,0,0.0165912518853695,0,0,0,0,0,0,0,0,0,0,0,0,0.0015552099533437,0.00156739811912226,0,0,0,0,0,0,0,0,0.00910470409711684,0,0,0,0,0,0,0,0,0.0015625,0,0,0,0.0062992125984252,0,0,0.641881638846737,0.448795180722892,0.350308641975309,0.335987261146497,0.352201257861635,0.403100775193798,0.683641975308642,0.6734375,0.489984591679507,0.562686567164179,0.362962962962963,0.374213836477987,0.556414219474498,0.556426332288401,0.652905198776758,0.530581039755352,0.352760736196319,0.351515151515152,0.381761978361669,0.641538461538462,0.694189602446483,0.358461538461538,0.446982055464927,0.677777777777778,0.364341085271318,0.651057401812689,0.334920634920635,0.641955835962145,0.371517027863777,0.536776212832551,0.365853658536585,0.643192488262911,0.356814701378254,0.358006042296073,0.575193798449612,0.690225563909774,0.704097116843703,0.397897897897898,0.683962264150943,0.411490683229814,0.606334841628959,0.678407350689127,0.68558282208589,0.548837209302326,0.628086419753086,0.708649468892261,0.357675111773472,0.39171974522293,0.521394611727417,0.363636363636364,0.350387596899225,0.685410334346505,0.429640718562874,0.565485362095532,0.338028169014085,0.679127725856698,0.576452599388379,0.357142857142857,0.385779122541604,0.653495440729483,0.356923076923077,0.666666666666667,0.432766615146832,0.35981308411215,0.643076923076923,0.625386996904025,0.36322188449848,0.35,0.365817091454273,0.677115987460815,0.685534591194969,0.330246913580247,0.419003115264797,0.422047244094488,0.688372093023256,0.361280487804878,0.671826625386997,0.691244239631336,0.452631578947368,0.387692307692308,0.45059880239521,0.386666666666667,0.645412130637636,0.362790697674419,0.446177847113885,0.577912254160363,0.691813804173355,0.466666666666667,0.647515527950311,0.357361963190184,0.353120243531202,0.691131498470948,0.695716395864106,0.67218045112782,0.367534456355283,0.353395061728395,0.532012195121951,0.31810766721044,0.53125,0.39039039039039,0.666666666666667,0.64741641337386,0.553846153846154,0.56055900621118,0.665644171779141,0.361832061068702,0.653905053598775,0.573770491803279,0.646417445482866,0.537854889589905,0.344410876132931,0.542635658914729,0.359877488514548,0.677661169415292,0.703076923076923,1,0.42572741194487,0.360123647604328,0.351437699680511,0.511415525114155,0.334351145038168,0.536953242835596,0.519938650306748,0.64797507788162,0.685543964232489,0.368024132730015,0.640746500777605,0.544095665171898,0.36055469953775,0.637480798771121,0.630602782071097,0.3453125,0.486443381180223,0.460960960960961,0.63499245852187,0.342424242424242,0.679640718562874,0.351226993865031,0.687789799072643,0.350850077279753,0.645705521472393,0.381538461538462,0.563076923076923,0.353395061728395,0.641768292682927,0.64622641509434,0.352422907488987,0.367834394904459
"213",0.0126182965299685,0.0123647604327666,0.0140405616224649,0.0111287758346582,0,0,0,0,0,0,0,0,0,0,0,0,0,0,0,0,0,0.0218068535825545,0.0354938271604938,0,0,0,0,0,0,0,0,0,0,0,0,0,0,0,0,0,0,0,0,0,0,0,0,0.0152439024390244,0.0123647604327666,0.0113821138211382,0.008,0,0.685534591194969,0.515873015873016,0,0,0,0.0541795665634675,0,0,0,0,0,0,0,0,0,0,0,0,0.00156739811912226,0.00784929356357928,0,0,0,0,0,0,0,0,0.0328638497652582,0,0,0,0,0,0,0,0,0.00160771704180064,0,0,0,0.0205047318611987,0,0,0.0136157337367625,0.842748091603053,0.98256735340729,0.988853503184713,0.973101265822785,0.779527559055118,0.082018927444795,0.0920634920634921,0.745736434108527,0.458841463414634,0.972434915773354,0.941935483870968,0.462757527733756,0.4816,0.0153846153846154,0.5078125,0.98780487804878,0.956856702619414,0.958532695374801,0.0125195618153365,0.0423197492163009,0.986003110419907,0.71869918699187,0.0591054313099042,0.962204724409449,0.0123839009287926,0.986776859504132,0.015748031496063,0.948517940717629,0.526232114467409,0.94969512195122,0.015552099533437,0.950233281493002,0.931714719271624,0.444094488188976,0.0783132530120482,0.0682170542635659,0.94969512195122,0.048,1,0.367781155015198,0.0455259026687598,0.131045241809672,0.496845425867508,0.0406885758998435,0.0484375,0.982089552238806,0.871499176276771,0.648264984227129,0.97444089456869,0.976303317535545,0.0509259259259259,0.711009174311927,0.424148606811146,0.984076433121019,0.0269413629160063,0.416282642089094,0.972536348949919,0.918876755070203,0.0108527131782946,0.971291866028708,0.138582677165354,0.809375,0.968847352024922,0.0110062893081761,0.117739403453689,0.962616822429907,0.985981308411215,0.986259541984733,0.04375,0.0403225806451613,0.985915492957746,0.831210191082803,0.848966613672496,0.0521472392638037,0.984544049459042,0.0550314465408805,0.061128526645768,0.766153846153846,0.987692307692308,0.707241910631741,0.828528072837633,0.0507936507936508,0.9296875,0.676703645007924,0.404651162790698,0.082258064516129,0.642301710730949,0.0126582278481013,0.988941548183254,0.9796875,0.078125,0.0593607305936073,0.0506134969325153,0.989028213166144,0.987441130298273,0.520440251572327,0.998366013071895,0.557324840764331,0.989296636085627,0.0142857142857143,0.0137404580152672,0.478056426332288,0.465625,0.0377358490566038,0.953416149068323,0.0815047021943574,0.462132921174652,0.0390625,0.5216,0.960753532182104,0.429936305732484,0.987654320987654,0.0740740740740741,0.0632911392405063,0.42572741194487,1,0.981102362204724,0.962356792144026,0.58,0.978593272171254,0.519319938176198,0.513888888888889,0.0124416796267496,0.105828220858896,0.958268933539413,0.00943396226415094,0.508371385083714,0.91304347826087,0.0202177293934681,0.0156494522691706,0.933333333333333,0.657467532467532,0.732307692307692,0.0120845921450151,0.989247311827957,0.0436746987951807,0.982649842271293,0.117829457364341,0.970219435736677,0.0156739811912226,0.826356589147287,0.45583596214511,0.969512195121951,0.0110236220472441,0.016025641025641,0.989263803680982,0.974235104669887
"214",0.0062015503875969,0.00315955766192733,0.00316957210776545,0.00792393026941363,0,0,0,0,0,0,0,0,0,0,0,0,0,0,0,0,0,0.028169014084507,0.0385208012326656,0,0,0,0,0,0,0,0,0,0,0,0,0,0,0,0,0,0,0,0,0,0,0,0,0.0075642965204236,0.00612557427258806,0.00802568218298555,0.00792393026941363,0,0.696540880503145,0.515248796147673,0,0,0,0.0589147286821705,0,0,0,0,0,0,0,0,0,0,0,0,0.0015625,0.0111821086261981,0,0,0,0,0,0,0,0,0.0324574961360124,0,0,0,0,0,0,0.00156985871271586,0,0.0015625,0,0,0,0.0191387559808612,0,0,0.00613496932515337,0.849693251533742,0.989010989010989,0.9936,0.993798449612403,0.793322734499205,0.0697674418604651,0.0806962025316456,0.765079365079365,0.434312210200927,0.995426829268293,0.965023847376789,0.43859649122807,0.468553459119497,0.00924499229583975,0.505443234836703,0.992331288343558,0.981220657276995,0.955696202531646,0.00615384615384615,0.0370942812982998,0.992163009404389,0.714521452145215,0.0498392282958199,0.970172684458399,0.00762195121951219,0.993537964458804,0.0112179487179487,0.950155763239875,0.545454545454545,0.973926380368098,0.00805152979066022,0.958778625954198,0.952086553323029,0.423380726698262,0.0655487804878049,0.046656298600311,0.956989247311828,0.0396825396825397,0.992248062015504,0.361832061068702,0.0390015600624025,0.119195046439628,0.507109004739337,0.02660406885759,0.0381679389312977,0.989393939393939,0.881219903691814,0.653481012658228,0.977777777777778,0.984227129337539,0.0404354587869362,0.708141321044547,0.408805031446541,0.992050874403816,0.021875,0.396284829721362,0.993730407523511,0.936728395061728,0.00627943485086342,0.980952380952381,0.117174959871589,0.799684542586751,0.995230524642289,0.0062992125984252,0.1078125,0.9826224328594,0.989147286821705,0.998470948012232,0.03486529318542,0.0333863275039746,0.989230769230769,0.856687898089172,0.8624,0.0393700787401575,0.995290423861852,0.0430622009569378,0.0477707006369427,0.779661016949153,0.992272024729521,0.700906344410876,0.845801526717557,0.03486529318542,0.941640378548896,0.666666666666667,0.389751552795031,0.0612903225806452,0.633333333333333,0.00479233226837061,0.993700787401575,0.986046511627907,0.0653188180404355,0.0486322188449848,0.0398773006134969,0.993855606758833,0.992211838006231,0.495327102803738,0.99344262295082,0.564102564102564,0.992447129909366,0.0063391442155309,0.00622083981337481,0.462519936204147,0.457869634340223,0.0297339593114241,0.968992248062015,0.0817610062893082,0.429906542056075,0.0393700787401575,0.495192307692308,0.981481481481482,0.453543307086614,0.990566037735849,0.0618238021638331,0.0449612403100775,0.360123647604328,0.981102362204724,1,0.988562091503268,0.579192546583851,0.993865030674847,0.496894409937888,0.49144634525661,0.00789889415481832,0.0748091603053435,0.984375,0.00637958532695375,0.493957703927492,0.932389937106918,0.0125195618153365,0.00641025641025641,0.96031746031746,0.646003262642741,0.724191063174114,0.0060882800608828,0.998452012383901,0.0409711684370258,0.989096573208723,0.0954616588419405,0.987519500780031,0.00783699059561128,0.841121495327103,0.442338072669826,0.993730407523511,0.00625978090766823,0.00805152979066022,0.992283950617284,0.974522292993631
"215",0.0244698205546493,0.0211038961038961,0.0162337662337662,0.0231788079470199,0,0,0,0,0,0,0,0,0,0,0,0,0,0,0,0,0,0.0238853503184713,0.032051282051282,0,0,0,0,0,0,0,0,0,0,0,0,0,0,0,0,0,0,0,0,0,0,0,0,0.0237341772151899,0.0269413629160063,0.0245901639344262,0.021558872305141,0,0.67205169628433,0.506451612903226,0,0,0,0.0551948051948052,0,0,0,0,0,0,0,0,0,0,0,0,0.00318471337579618,0.00985221674876847,0,0,0,0,0,0,0,0,0.0282574568288854,0,0,0,0,0,0,0.00163132137030995,0,0.00330578512396694,0,0,0,0.0180921052631579,0,0,0.024232633279483,0.822327044025157,0.969255663430421,0.973597359735974,0.996715927750411,0.804597701149425,0.0952380952380952,0.110569105691057,0.747967479674797,0.452418096723869,0.995305164319249,0.983579638752053,0.462418300653595,0.480327868852459,0.0246710526315789,0.5072,0.975922953451043,0.995169082125604,0.938943894389439,0.0210355987055016,0.0554649265905383,0.97427652733119,0.708474576271186,0.0619902120717781,0.959016393442623,0.0238853503184713,0.978151260504202,0.0265339966832504,0.948220064724919,0.528428093645485,0.980645161290323,0.0264462809917355,0.956661316211878,0.968,0.44297520661157,0.0846394984326019,0.0733652312599681,0.932283464566929,0.0568561872909699,0.973684210526316,0.361331220285261,0.0551053484602917,0.13237639553429,0.497536945812808,0.0468497576736672,0.0576923076923077,0.970404984423676,0.871074380165289,0.638157894736842,0.965174129353234,0.964285714285714,0.0603174603174603,0.713607594936709,0.433224755700326,0.972085385878489,0.0407166123778502,0.42246835443038,0.99673735725938,0.947797716150082,0.0195758564437194,0.975247524752475,0.130505709624796,0.787337662337662,0.998376623376623,0.024390243902439,0.131147540983607,1,0.970540098199673,0.979397781299525,0.0555555555555556,0.0550918196994992,0.974151857835218,0.831147540983607,0.847790507364975,0.0544554455445545,0.9792,0.0604575163398693,0.0636215334420881,0.769592476489028,0.9712,0.702060221870048,0.846275752773376,0.0521885521885522,0.936274509803922,0.67483660130719,0.380875202593193,0.0770519262981574,0.636952998379254,0.0211382113821138,0.980519480519481,0.961352657004831,0.0898692810457516,0.0679304897314376,0.0589171974522293,0.973983739837398,0.975688816855754,0.511217948717949,0.974662162162162,0.562189054726368,0.974763406940063,0.0226171243941842,0.0241935483870968,0.474464579901153,0.467105263157895,0.0476973684210526,0.941368078175896,0.0932475884244373,0.457142857142857,0.0552845528455285,0.502471169686985,0.982371794871795,0.445171849427169,0.970731707317073,0.0801282051282051,0.0643086816720257,0.351437699680511,0.962356792144026,0.988562091503268,1,0.59047619047619,0.996753246753247,0.513513513513513,0.505636070853462,0.0241545893719807,0.089922480620155,0.996779388083736,0.0211038961038961,0.499222395023328,0.949429037520392,0.0324149108589951,0.0213114754098361,0.970588235294118,0.65,0.723127035830619,0.019047619047619,0.97741935483871,0.0552922590837283,0.974481658692185,0.111821086261981,0.991922455573506,0.0259319286871961,0.847266881028939,0.450320512820513,0.996784565916399,0.0273311897106109,0.0147783251231527,0.972886762360447,0.963087248322148
"216",0.430577223088924,0.432973805855162,0.431888544891641,0.429699842022117,0,0,0,0,0,0,0,0,0,0,0,0,0,0,0,0,0,0.0186335403726708,0.0214723926380368,0,0,0,0,0,0,0,0,0,0,0,0,0,0,0,0,0,0,0,0,0,0,0,0,0.431988041853513,0.423600605143722,0.435483870967742,0.410459587955626,0,0.403426791277259,0.311424100156495,0,0,0,0.0321100917431193,0,0,0,0,0,0,0,0,0,0,0,0,0.0015552099533437,0.00157728706624606,0,0,0,0,0,0,0,0,0.0153374233128834,0,0,0,0,0,0,0,0,0.00156494522691706,0,0,0,0.00946372239747634,0,0,0.425531914893617,0.563636363636364,0.569875776397516,0.563981042654028,0.590266875981162,0.660883280757098,0.518518518518518,0.530326594090202,0.568075117370892,0.908952959028832,0.59304084720121,0.643081761006289,0.8609375,0.928343949044586,0.431007751937985,0.805471124620061,0.588325652841782,0.609984399375975,0.616459627329193,0.436728395061728,0.468944099378882,0.573208722741433,0.876666666666667,0.488888888888889,0.575709779179811,0.421052631578947,0.546341463414634,0.429951690821256,0.599364069952305,0.555732484076433,0.625,0.4421875,0.608628659476117,0.652373660030628,0.901869158878505,0.478915662650602,0.467817896389325,0.551671732522796,0.456869009584665,0.573228346456693,0.513761467889908,0.456521739130435,0.471494607087827,0.560629921259843,0.458143074581431,0.452054794520548,0.575075075075075,0.652733118971061,0.561014263074485,0.544740973312402,0.590551181102362,0.458333333333333,0.867692307692308,0.897196261682243,0.575079872204473,0.442006269592476,0.886018237082067,0.580031695721078,0.63125,0.429699842022117,0.592823712948518,0.556438791732909,0.574074074074074,0.587677725118483,0.427001569858713,0.568535825545171,0.619344773790952,0.569875776397516,0.551145038167939,0.453968253968254,0.465299684542587,0.574961360123648,0.546899841017488,0.552425665101721,0.463223787167449,0.578947368421053,0.487381703470032,0.47244094488189,0.535276073619632,0.566666666666667,0.874809160305344,0.638266068759342,0.461783439490446,0.606583072100313,0.880573248407643,0.66973886328725,0.514563106796116,0.91937984496124,0.43217665615142,0.54858934169279,0.576036866359447,0.453125,0.473841554559043,0.478787878787879,0.565891472868217,0.557427258805513,0.953416149068323,0.583606557377049,0.56031746031746,0.588325652841782,0.428348909657321,0.427906976744186,0.919685039370079,0.488924050632911,0.454545454545455,0.584234930448223,0.446177847113885,0.915644171779141,0.45125786163522,0.937898089171974,0.594224924012158,0.514195583596215,0.578864353312303,0.473444613050076,0.474015748031496,0.511415525114155,0.58,0.579192546583851,0.59047619047619,1,0.577464788732394,0.952234206471495,0.930124223602484,0.433229813664596,0.50834597875569,0.604545454545454,0.419656786271451,0.891768292682927,0.674961119751166,0.43701399688958,0.412974683544304,0.63349131121643,0.963081861958267,0.869158878504673,0.427503736920777,0.546296296296296,0.468277945619335,0.559505409582689,0.489197530864198,0.6015625,0.408668730650155,0.653846153846154,0.9171875,0.593272171253823,0.430340557275542,0.425837320574163,0.574730354391371,0.596825396825397
"217",0.0125588697017268,0.0094488188976378,0.00930232558139535,0.0110236220472441,0,0,0,0,0,0,0,0,0,0,0,0,0,0,0,0,0,0.0290964777947933,0.0408163265306122,0,0,0,0,0,0,0,0,0,0,0,0,0,0,0,0,0,0,0,0,0,0,0,0,0.00757575757575758,0.0122699386503067,0.0110935023771791,0.0126984126984127,0,0.68895800933126,0.517996870109546,0,0,0,0.06,0,0,0,0,0,0,0,0,0,0,0,0,0.00156739811912226,0.00961538461538462,0,0,0,0,0,0,0,0,0.0312989045383412,0,0,0,0,0,0,0,0,0.00159489633173844,0,0,0,0.0174603174603175,0,0,0.00920245398773006,0.823439878234399,0.984177215189873,0.987301587301587,1,0.786392405063291,0.0686427457098284,0.0851735015772871,0.75,0.440729483282675,1,0.969502407704655,0.449367088607595,0.468152866242038,0.00914634146341463,0.503105590062112,0.98936170212766,0.982919254658385,0.953821656050955,0.00459418070444104,0.0332278481012658,0.989079563182527,0.721311475409836,0.0512820512820513,0.968203497615262,0.0108191653786708,0.988636363636364,0.00961538461538462,0.944444444444444,0.538461538461538,0.977029096477795,0.00784929356357928,0.96,0.957511380880121,0.432389937106918,0.0621212121212121,0.0464396284829721,0.94969512195122,0.0317460317460317,0.987577639751553,0.361408882082695,0.0326086956521739,0.111627906976744,0.510236220472441,0.0294117647058824,0.0354938271604938,0.985074626865672,0.873194221508828,0.65,0.977671451355662,0.984326018808777,0.037037037037037,0.715160796324655,0.407874015748032,0.988817891373802,0.0173228346456693,0.398763523956723,1,0.929555895865237,0.00947867298578199,0.979495268138801,0.116459627329193,0.798107255520505,1,0.0109375,0.119195046439628,0.989130434782609,0.984639016897081,0.989409984871407,0.0342146189735614,0.035031847133758,0.987654320987654,0.834130781499203,0.853035143769968,0.0405616224648986,0.993893129770992,0.0394944707740916,0.0425196850393701,0.762917933130699,0.987519500780031,0.70257966616085,0.841704718417047,0.0301109350237718,0.934065934065934,0.679127725856698,0.367029548989114,0.0605095541401274,0.629513343799058,0.00793650793650794,0.992150706436421,0.97626582278481,0.0636645962732919,0.0438066465256798,0.037821482602118,0.989164086687306,0.989079563182527,0.504643962848297,0.988673139158576,0.562893081761006,0.987841945288754,0.0062015503875969,0.00916030534351145,0.455538221528861,0.457547169811321,0.0296875,0.953917050691244,0.0809968847352025,0.433587786259542,0.0386996904024768,0.496794871794872,0.987673343605547,0.457142857142857,0.985915492957746,0.0538461538461538,0.0394944707740916,0.334351145038168,0.978593272171254,0.993865030674847,0.996753246753247,0.577464788732394,1,0.5,0.5,0.0109034267912773,0.0780780780780781,0.987616099071207,0.0110584518167457,0.48411497730711,0.93603744149766,0.0156739811912226,0.00805152979066022,0.96551724137931,0.651685393258427,0.724615384615385,0.00759878419452888,0.990825688073395,0.0362537764350453,0.987577639751553,0.09375,0.995327102803738,0.00934579439252336,0.84080370942813,0.437106918238994,1,0.0109546165884194,0.00645161290322581,0.990740740740741,0.974358974358974
"218",0.502318392581144,0.493769470404984,0.49922480620155,0.507020280811232,0,0,0,0,0,0,0,0,0,0,0,0,0,0,0,0,0,0.013677811550152,0.0171606864274571,0,0,0,0,0,0,0,0,0,0,0,0,0,0,0,0,0,0,0,0,0,0,0,0,0.490909090909091,0.509146341463415,0.517405063291139,0.488188976377953,0,0.348982785602504,0.256923076923077,0,0,0,0.0277777777777778,0,0,0,0,0,0,0,0,0,0,0,0,0.0015552099533437,0.00158227848101266,0,0,0,0,0,0,0,0,0.0123076923076923,0,0,0,0,0,0,0,0,0.0015600624024961,0,0,0,0.0109375,0,0,0.50920245398773,0.49925705794948,0.507836990595611,0.488299531981279,0.517241379310345,0.611821086261981,0.575617283950617,0.595645412130638,0.503888024883359,0.975903614457831,0.508396946564886,0.567353407290016,0.922480620155039,0.9984375,0.5,0.794520547945205,0.519083969465649,0.544629349470499,0.533333333333333,0.511415525114155,0.522342064714946,0.500770416024653,0.801626016260163,0.552215189873418,0.504716981132076,0.494736842105263,0.470016207455429,0.508661417322835,0.530326594090202,0.521875,0.549317147192716,0.516483516483517,0.53822629969419,0.581954887218045,0.966876971608833,0.528358208955224,0.531881804043546,0.477996965098634,0.524642289348172,0.501538461538461,0.528528528528528,0.534456355283308,0.52824427480916,0.53125,0.515673981191223,0.509893455098935,0.507440476190476,0.588697017268446,0.522691705790297,0.479935794542536,0.513260530421217,0.519938650306748,0.797583081570997,0.962674961119751,0.499219968798752,0.5046875,0.95398773006135,0.510869565217391,0.563358778625954,0.51468315301391,0.519440124416796,0.616954474097331,0.514592933947773,0.516975308641975,0.497681607418856,0.646058732612056,0.548286604361371,0.492163009404389,0.478195488721805,0.515576323987539,0.529133858267717,0.495384615384615,0.507020280811232,0.504716981132076,0.531347962382445,0.496894409937888,0.546728971962617,0.539308176100629,0.510769230769231,0.504658385093168,0.793939393939394,0.590163934426229,0.520376175548589,0.531645569620253,0.813291139240506,0.694444444444444,0.57258064516129,0.875,0.503888024883359,0.460587326120556,0.50611620795107,0.526881720430108,0.538805970149254,0.542424242424242,0.48714069591528,0.490712074303406,1,0.519872813990461,0.538461538461538,0.509774436090226,0.507692307692308,0.5,0.987538940809969,0.484375,0.523219814241486,0.513677811550152,0.510802469135803,0.986342943854325,0.528861154446178,0.998420221169036,0.515197568389058,0.4928,0.500784929356358,0.536585365853659,0.543343653250774,0.536953242835596,0.519319938176198,0.496894409937888,0.513513513513513,0.952234206471495,0.5,1,0.979719188767551,0.514820592823713,0.581570996978852,0.541411042944785,0.499219968798752,0.944444444444444,0.597200622083981,0.5125,0.490353697749196,0.558869701726845,0.890499194847021,0.789799072642968,0.497757847533632,0.483180428134557,0.527987897125567,0.48780487804878,0.54531490015361,0.523956723338485,0.486943164362519,0.603100775193798,0.993779160186625,0.534142640364188,0.511485451761103,0.491255961844197,0.504518072289157,0.519809825673534
"219",0.507788161993769,0.503912363067293,0.507861635220126,0.520700636942675,0,0,0,0,0,0,0,0,0,0,0,0,0,0,0,0,0,0.0124416796267496,0.0138461538461538,0,0,0,0,0,0,0,0,0,0,0,0,0,0,0,0,0,0,0,0,0,0,0,0,0.501529051987768,0.503058103975535,0.521880064829822,0.485849056603774,0,0.34748427672956,0.264150943396226,0,0,0,0.0308641975308642,0,0,0,0,0,0,0,0,0,0,0,0,0.00156494522691706,0.00158730158730159,0,0,0,0,0,0,0,0,0.0185758513931889,0,0,0,0,0,0,0,0,0.00159235668789809,0,0,0,0.0141509433962264,0,0,0.508527131782946,0.501515151515151,0.502354788069074,0.494417862838915,0.50392464678179,0.604133545310016,0.586750788643533,0.605769230769231,0.512539184952978,0.984825493171472,0.506849315068493,0.558544303797468,0.923676012461059,0.980861244019139,0.509316770186335,0.796875,0.509404388714734,0.535714285714286,0.525581395348837,0.52241112828439,0.535493827160494,0.490654205607477,0.801292407108239,0.557692307692308,0.482649842271293,0.499229583975347,0.459546925566343,0.518225039619651,0.528951486697966,0.534181240063593,0.553191489361702,0.520376175548589,0.528771384136858,0.572741194486983,0.967948717948718,0.532428355957768,0.536923076923077,0.481707317073171,0.5328,0.494470774091627,0.514503816793893,0.549844236760125,0.521943573667712,0.527646129541864,0.535714285714286,0.525660964230171,0.502276176024279,0.590614886731392,0.52555910543131,0.467845659163987,0.50314465408805,0.541538461538462,0.825617283950617,0.960876369327074,0.497630331753554,0.51702786377709,0.954614220877458,0.501592356687898,0.556240369799692,0.510172143974961,0.516431924882629,0.607874015748031,0.503125,0.5046875,0.506998444790047,0.658653846153846,0.547286821705426,0.487577639751553,0.471556886227545,0.5296875,0.544585987261146,0.49306625577812,0.500784929356358,0.502377179080824,0.532385466034755,0.483024691358025,0.553090332805071,0.544600938967136,0.509954058192956,0.496923076923077,0.80030487804878,0.584848484848485,0.544426494345719,0.522222222222222,0.83968253968254,0.710280373831776,0.57328990228013,0.888364779874214,0.522691705790297,0.46993670886076,0.494505494505495,0.535433070866142,0.547692307692308,0.557603686635945,0.48062015503876,0.487692307692308,0.9796875,0.504038772213247,0.549920760697306,0.508396946564886,0.509463722397476,0.503076923076923,0.971830985915493,0.502369668246445,0.526479750778816,0.49613601236476,0.5203125,0.970948012232416,0.539184952978056,0.970031545741325,0.519440124416796,0.512658227848101,0.496147919876733,0.546439628482972,0.547433903576983,0.519938650306748,0.513888888888889,0.49144634525661,0.505636070853462,0.930124223602484,0.5,0.979719188767551,1,0.519623233908948,0.595712098009188,0.54,0.502384737678855,0.942249240121581,0.597503900156006,0.510236220472441,0.487883683360259,0.564873417721519,0.882636655948553,0.782874617737003,0.509923664122137,0.480798771121352,0.547511312217195,0.481481481481481,0.544025157232704,0.515625,0.49607535321821,0.607255520504732,0.976190476190476,0.531782945736434,0.517774343122102,0.495948136142626,0.498466257668712,0.52112676056338
"220",1,1,1,0.998402555910543,0,0,0,0,0,0,0,0,0,0,0,0,0,0,0,0,0,0,0,0,0,0,0,0,0,0,0,0,0,0,0,0,0,0,0,0,0,0,0,0,0,0,0,1,1,1,0.998427672955975,0.00157232704402516,0,0,0,0,0,0,0,0,0,0,0,0,0,0,0,0,0,0,0,0,0,0,0,0,0,0,0,0,0,0,0,0,0,0,0,0,0,0,0,0,0,0,0,0,1,0.156773211567732,0.00625,0,0.0174050632911392,0.220967741935484,0.932601880877743,0.9168,0.233176838810642,0.570776255707763,0.0184331797235023,0.0508744038155803,0.574132492113565,0.546603475513428,1,0.505359877488515,0,0.0356589147286822,0.0499219968798752,1,0.971473851030111,0.0015600624024961,0.294892915980231,0.955414012738854,0.0206022187004754,1,0,0.995184590690209,0.0440944881889764,0.467408585055644,0.0448916408668731,1,0.0358255451713396,0.0564263322884013,0.587677725118483,0.940366972477064,0.957547169811321,0.0386996904024768,0.971473851030111,0.00157977883096367,0.657320872274143,0.967238689547582,0.887675507020281,0.5,0.976708074534162,0.96411856474259,0.00303030303030303,0.127062706270627,0.352564102564103,0.0128410914927769,0.00773993808049536,0.964285714285714,0.303680981595092,0.615384615384615,0,0.985691573926868,0.612403100775194,0.0192,0.0793157076205288,1,0.0172143974960876,0.88503937007874,0.202830188679245,0.0185471406491499,1,0.903937007874016,0.0265210608424337,0.00313479623824451,0.00153846153846154,0.970125786163522,0.971428571428571,0.00153374233128834,0.157051282051282,0.133870967741935,0.963836477987421,0.00157232704402516,0.961476725521669,0.957278481012658,0.226502311248074,0,0.313755795981453,0.162327718223583,0.97191887675507,0.0581761006289308,0.34493670886076,0.626749611197512,0.933977455716586,0.374805598755832,1,0.00321027287319422,0.0093603744149766,0.937694704049844,0.957251908396947,0.962674961119751,0,0,0.508500772797527,0,0.441935483870968,0,1,1,0.558544303797468,0.530254777070064,0.977848101265823,0.0425196850393701,0.933333333333333,0.585253456221198,0.973270440251572,0.51685393258427,0.0295489891135303,0.56031746031746,0,0.953632148377125,0.962558502340094,0.64797507788162,0.0124416796267496,0.00789889415481832,0.0241545893719807,0.433229813664596,0.0109034267912773,0.514820592823713,0.519623233908948,1,0.921898928024502,0.0310077519379845,1,0.521406727828746,0.0777604976671851,0.9953125,0.998407643312102,0.0480769230769231,0.358642972536349,0.279320987654321,1,0.00304878048780488,0.965361445783133,0,0.906832298136646,0.0188383045525903,1,0.164869029275809,0.577777777777778,0.021978021978022,1,0.996810207336523,0.00154083204930663,0.0287081339712919
"221",0.928353658536585,0.915384615384615,0.917557251908397,0.918622848200313,0,0,0,0,0,0,0,0,0,0,0,0,0,0,0,0,0,0,0,0,0,0,0,0,0,0,0,0,0,0,0,0,0,0,0,0,0,0,0,0,0,0,0,0.919939577039275,0.917664670658683,0.918238993710692,0.917956656346749,0,0.0574534161490683,0.0460122699386503,0,0,0,0.00757575757575758,0,0,0,0,0,0,0,0,0,0,0,0,0.00153139356814701,0,0,0,0,0,0,0,0,0,0.0060790273556231,0,0,0,0,0,0,0,0,0.00154798761609907,0,0,0,0.00617283950617284,0,0,0.917664670658683,0.234074074074074,0.0857580398162328,0.0757341576506955,0.0960365853658537,0.292452830188679,0.972350230414747,0.959938366718028,0.321752265861027,0.647761194029851,0.0971599402092676,0.127105666156202,0.650077760497667,0.624036979969183,0.918674698795181,0.588059701492537,0.0827067669172932,0.100903614457831,0.123456790123457,0.917910447761194,0.954198473282443,0.0791925465838509,0.386942675159236,0.965678627145086,0.102325581395349,0.914285714285714,0.0774091627172196,0.920062695924765,0.121951219512195,0.505460218408736,0.119760479041916,0.910631741140216,0.115151515151515,0.134529147982063,0.655384615384615,0.941964285714286,0.952307692307692,0.0980392156862745,0.962962962962963,0.0843558282208589,0.670118343195266,0.95230998509687,0.884848484848485,0.536697247706422,0.956723338485317,0.956456456456456,0.0888888888888889,0.207430340557276,0.416796267496112,0.0870917573872473,0.0920245398773006,0.981927710843373,0.376119402985075,0.663622526636225,0.0795631825273011,0.931464174454829,0.677710843373494,0.0830769230769231,0.158778625954198,0.91969696969697,0.107361963190184,0.990726429675425,0.269938650306748,0.0940819423368741,0.920245398773006,0.869431643625192,0.10752688172043,0.0833333333333333,0.0655737704918033,0.954476479514416,0.955589586523737,0.0706766917293233,0.205837173579109,0.183641975308642,0.963525835866261,0.081570996978852,0.956923076923077,0.960183767228178,0.266866566716642,0.0834597875569044,0.381954887218045,0.228148148148148,0.956989247311828,0.127725856697819,0.415384615384615,0.662632375189107,0.976340694006309,0.454961832061069,0.923195084485407,0.0825545171339564,0.0757575757575758,0.930091185410334,0.955817378497791,0.951038575667656,0.072289156626506,0.0757575757575758,0.584218512898331,0.0818619582664527,0.471138845553822,0.0858433734939759,0.920610687022901,0.915902140672783,0.622874806800618,0.562596599690881,0.955246913580247,0.110773899848255,0.873475609756098,0.645645645645646,0.914110429447853,0.605828220858896,0.0936555891238671,0.563076923076923,0.0829493087557604,0.952095808383233,0.951293759512938,0.685543964232489,0.105828220858896,0.0748091603053435,0.089922480620155,0.50834597875569,0.0780780780780781,0.581570996978852,0.595712098009188,0.921898928024502,1,0.105182926829268,0.918461538461538,0.597080291970803,0.147692307692308,0.926153846153846,0.91820987654321,0.131782945736434,0.452119309262166,0.380664652567976,0.919236417033774,0.0810810810810811,0.955489614243323,0.0787878787878788,0.905631659056317,0.091044776119403,0.919452887537994,0.237654320987654,0.642424242424242,0.0900763358778626,0.915644171779141,0.919129082426128,0.0798192771084337,0.101538461538462
"222",0.034375,0.0278207109737249,0.0230061349693252,0.0313971742543171,0,0,0,0,0,0,0,0,0,0,0,0,0,0,0,0,0,0.0245398773006135,0.0337941628264209,0,0,0,0,0,0,0,0,0,0,0,0,0,0,0,0,0,0,0,0,0,0,0,0,0.0301659125188537,0.0317700453857791,0.0293159609120521,0.027906976744186,0,0.671361502347418,0.491472868217054,0,0,0,0.055045871559633,0,0,0,0,0,0,0,0,0,0,0,0,0.00306748466257669,0.00941915227629513,0,0,0,0,0,0,0,0,0.031866464339909,0,0,0,0,0,0,0.00157232704402516,0,0.00312989045383412,0,0,0,0.0188679245283019,0,0,0.027231467473525,0.828528072837633,0.968992248062015,0.9640625,0.989164086687306,0.805946791862285,0.0984615384615385,0.1198738170347,0.727411944869832,0.471471471471471,0.986526946107784,0.992199687987519,0.4765625,0.506329113924051,0.0290076335877863,0.532507739938081,0.972727272727273,1,0.942546583850932,0.0262345679012346,0.0619195046439628,0.967441860465116,0.74512987012987,0.078740157480315,0.950078003120125,0.0307219662058372,0.969004893964111,0.0317460317460317,0.941267387944359,0.529141104294479,0.974242424242424,0.0299212598425197,0.953846153846154,0.975794251134644,0.476038338658147,0.0891238670694864,0.0782208588957055,0.925644916540212,0.0669856459330144,0.967592592592593,0.370650529500756,0.0662557781201849,0.136294027565084,0.4921875,0.0535168195718654,0.0625954198473282,0.963855421686747,0.889245585874799,0.622820919175911,0.953846153846154,0.958204334365325,0.0683890577507599,0.745864661654135,0.446153846153846,0.966666666666667,0.0417956656346749,0.447647951441578,0.992163009404389,0.938744257274119,0.0279937791601866,0.973643410852713,0.148606811145511,0.786604361370717,0.992223950233281,0.0325581395348837,0.139498432601881,1,0.964506172839506,0.976011994002999,0.0607476635514019,0.0609375,0.963246554364472,0.82574568288854,0.848062015503876,0.0690184049079755,0.97125567322239,0.073015873015873,0.0724409448818898,0.764795144157815,0.964777947932619,0.740573152337858,0.847988077496274,0.0645669291338583,0.924528301886792,0.71496062992126,0.389570552147239,0.0932475884244373,0.676056338028169,0.0261941448382126,0.97360248447205,0.954968944099379,0.0967741935483871,0.0781954887218045,0.0704647676161919,0.966205837173579,0.969418960244648,0.543478260869565,0.971014492753623,0.555382215288612,0.967987804878049,0.0310077519379845,0.0288315629742033,0.489827856025039,0.457231726283048,0.0573643410852713,0.936532507739938,0.0961832061068702,0.476479514415782,0.0558139534883721,0.526570048309179,0.983076923076923,0.441679626749611,0.964006259780908,0.0840978593272171,0.0688073394495413,0.368024132730015,0.958268933539413,0.984375,0.996779388083736,0.604545454545454,0.987616099071207,0.541411042944785,0.54,0.0310077519379845,0.105182926829268,1,0.0314465408805031,0.516717325227964,0.966205837173579,0.0341614906832298,0.0207336523125997,0.979750778816199,0.680445151033386,0.738601823708207,0.0287443267776097,0.971080669710807,0.0631578947368421,0.969278033794163,0.11937984496124,0.989180834621329,0.0277777777777778,0.855572998430141,0.479938271604938,0.990726429675425,0.0356589147286822,0.0236593059936909,0.96793893129771,0.958925750394945
"223",1,1,1,0.998392282958199,0,0,0,0,0,0,0,0,0,0,0,0,0,0,0,0,0,0,0,0,0,0,0,0,0,0,0,0,0,0,0,0,0,0,0,0,0,0,0,0,0,0,0,1,1,1,0.998392282958199,0.00156739811912226,0,0,0,0,0,0,0,0,0,0,0,0,0,0,0,0,0,0,0,0,0,0,0,0,0,0,0,0,0,0,0,0,0,0,0,0,0,0,0,0,0,0,0,0,1,0.173374613003096,0.00483870967741936,0,0.01743264659271,0.21656050955414,0.931464174454829,0.922222222222222,0.249609984399376,0.550769230769231,0.0180995475113122,0.0513643659711075,0.552674230145867,0.519747235387046,1,0.508474576271186,0,0.0328125,0.0429936305732484,1,0.970219435736677,0,0.283557046979866,0.955056179775281,0.0242718446601942,1,0,0.998363338788871,0.0382165605095541,0.465489566613162,0.0403726708074534,1,0.0358255451713396,0.0635658914728682,0.56661316211878,0.93587786259542,0.954041204437401,0.0374414976599064,0.964630225080386,0,0.644067796610169,0.963665086887836,0.880314960629921,0.501597444089457,0.972049689440994,0.962204724409449,0.00455927051671732,0.129449838187702,0.359223300970874,0.0146818923327896,0.00796178343949045,0.965996908809892,0.290123456790123,0.58908507223114,0,0.982758620689655,0.605345911949686,0.0193236714975845,0.0743670886075949,1,0.0173228346456693,0.881219903691814,0.186413902053712,0.0205047318611987,1,0.901116427432217,0.0282574568288854,0.00156739811912226,0,0.966613672496025,0.969648562300319,0.003125,0.153846153846154,0.138933764135703,0.961661341853035,0.0015600624024961,0.958064516129032,0.953968253968254,0.223420647149461,0,0.294851794071763,0.161787365177196,0.969551282051282,0.0550314465408805,0.323671497584541,0.630434782608696,0.935430463576159,0.364207221350078,1,0.0016025641025641,0.00786163522012579,0.930599369085173,0.953101361573374,0.961360123647604,0,0,0.494556765163297,0,0.443017656500803,0,1,1,0.537842190016103,0.527156549520767,0.976152623211447,0.0390015600624025,0.926634768740032,0.55868544600939,0.974603174603175,0.498387096774194,0.0313479623824451,0.552334943639291,0,0.946287519747235,0.958532695374801,0.640746500777605,0.00943396226415094,0.00637958532695375,0.0211038961038961,0.419656786271451,0.0110584518167457,0.499219968798752,0.502384737678855,1,0.918461538461538,0.0314465408805031,1,0.508500772797527,0.0760697305863708,0.995245641838352,0.998394863563403,0.0516129032258065,0.352365415986949,0.277089783281734,1,0.0031201248049922,0.964615384615385,0.00313971742543171,0.903125,0.0158227848101266,1,0.164835164835165,0.563607085346216,0.0218408736349454,1,0.996763754045307,0.00153609831029186,0.0253565768621236
"224",0.508396946564886,0.499231950844854,0.507692307692308,0.517774343122102,0,0,0,0,0,0,0,0,0,0,0,0,0,0,0,0,0,0.0135135135135135,0.0152671755725191,0,0,0,0,0,0,0,0,0,0,0,0,0,0,0,0,0,0,0,0,0,0,0,0,0.508295625942685,0.511940298507463,0.521394611727417,0.496875,0,0.345092024539877,0.258015267175572,0,0,0,0.0304878048780488,0,0,0,0,0,0,0,0,0,0,0,0,0.00307219662058372,0.00153846153846154,0,0,0,0,0,0,0,0,0.016566265060241,0,0,0,0,0,0,0.00153846153846154,0,0.0031055900621118,0,0,0,0.0124804992199688,0,0,0.516272189349112,0.514115898959881,0.492331288343558,0.486656200941915,0.504658385093168,0.64018691588785,0.575987841945289,0.609717868338558,0.520801232665639,0.971342383107089,0.494047619047619,0.544323483670295,0.910769230769231,0.952743902439024,0.513761467889908,0.786259541984733,0.511177347242921,0.51355421686747,0.545038167938931,0.521870286576169,0.543511450381679,0.494672754946728,0.754414125200642,0.572317262830482,0.489164086687306,0.490196078431373,0.4640625,0.514866979655712,0.531202435312024,0.542944785276074,0.531946508172363,0.523809523809524,0.52790346907994,0.545454545454545,0.941267387944359,0.539259259259259,0.550769230769231,0.481371087928465,0.537974683544304,0.498470948012232,0.537091988130564,0.551145038167939,0.528072837632777,0.531587057010786,0.536474164133739,0.522865853658537,0.495548961424332,0.6,0.544753086419753,0.471228615863142,0.507645259938838,0.538805970149254,0.756756756756757,0.922018348623853,0.499222395023328,0.50855365474339,0.919523099850969,0.48698315467075,0.547226386806597,0.511450381679389,0.508448540706605,0.626934984520124,0.526636225266362,0.491603053435115,0.505343511450382,0.648773006134969,0.533434650455927,0.487951807228916,0.462686567164179,0.526555386949924,0.542242703533026,0.48411497730711,0.502283105022831,0.5,0.550151975683891,0.481315396113602,0.553846153846154,0.554033485540335,0.504491017964072,0.490196078431373,0.74888558692422,0.591776798825257,0.546583850931677,0.532824427480916,0.764705882352941,0.68215892053973,0.585557299843014,0.827426810477658,0.520865533230294,0.46676970633694,0.503030303030303,0.537065052950076,0.55952380952381,0.565809379727685,0.479638009049774,0.475757575757576,0.949464012251149,0.510301109350238,0.548286604361371,0.504491017964072,0.515151515151515,0.508422664624809,0.939209726443769,0.523006134969325,0.527692307692308,0.501506024096386,0.52,0.940652818991098,0.52887537993921,0.955038759689922,0.496171516079632,0.516079632465544,0.495398773006135,0.563063063063063,0.55030487804878,0.544095665171898,0.508371385083714,0.493957703927492,0.499222395023328,0.891768292682927,0.48411497730711,0.944444444444444,0.942249240121581,0.521406727828746,0.597080291970803,0.516717325227964,0.508500772797527,1,0.577981651376147,0.509863429438543,0.507042253521127,0.540372670807453,0.851968503937008,0.751131221719457,0.507507507507508,0.474242424242424,0.548725637181409,0.478063540090772,0.557781201848998,0.500756429652042,0.498470948012232,0.627272727272727,0.948249619482496,0.518461538461538,0.517241379310345,0.50077519379845,0.49479940564636,0.523219814241486
"225",0.0799373040752351,0.0774091627172196,0.0775193798449612,0.0915032679738562,0,0,0,0,0,0,0,0,0,0,0,0,0,0,0,0,0,0.0230769230769231,0.0327102803738318,0,0,0,0,0,0,0,0,0,0,0,0,0,0,0,0,0,0,0,0,0,0,0,0,0.0882352941176471,0.0737327188940092,0.0864600326264274,0.0776545166402536,0,0.643987341772152,0.471608832807571,0,0,0,0.0635658914728682,0,0,0,0,0,0,0,0,0,0,0,0,0.00313479623824451,0.00801282051282051,0,0,0,0,0,0,0,0,0.0383386581469649,0,0,0,0,0,0,0.00156494522691706,0,0.00317460317460317,0,0,0,0.0223642172523962,0,0,0.0835866261398176,0.793939393939394,0.919937205651491,0.915064102564103,0.942277691107644,0.805337519623234,0.1421875,0.162379421221865,0.720247295208655,0.533950617283951,0.931818181818182,0.966507177033493,0.529133858267717,0.560192616372392,0.08125,0.575193798449612,0.927469135802469,0.962848297213622,0.902777777777778,0.0808709175738725,0.1201248049922,0.923076923076923,0.818333333333333,0.112698412698413,0.902053712480253,0.0840978593272171,0.909836065573771,0.0821256038647343,0.899686520376176,0.555205047318612,0.939907550077042,0.087719298245614,0.914860681114551,0.972265023112481,0.52724358974359,0.133834586466165,0.129082426127527,0.880733944954128,0.116987179487179,0.913112164296998,0.385560675883257,0.116352201257862,0.180124223602484,0.509523809523809,0.113564668769716,0.11937984496124,0.913636363636364,0.876006441223833,0.633228840125392,0.8992,0.9078125,0.119010819165379,0.8203125,0.5,0.911858974358974,0.0956112852664577,0.50229709035222,0.937699680511182,0.914196567862715,0.0792393026941363,0.940345368916798,0.199362041467305,0.776212832550861,0.929133858267717,0.0770440251572327,0.205974842767296,0.966824644549763,0.907834101382488,0.922600619195046,0.105678233438486,0.111287758346582,0.911214953271028,0.79967689822294,0.812400635930048,0.117647058823529,0.9171875,0.118110236220472,0.124605678233438,0.742725880551302,0.917956656346749,0.821374045801527,0.846504559270517,0.114779874213836,0.896062992125984,0.796178343949045,0.457231726283048,0.14170692431562,0.752365930599369,0.0775193798449612,0.922222222222222,0.911764705882353,0.136577708006279,0.122541603630862,0.119815668202765,0.914826498422713,0.918083462132921,0.590979782270607,0.920840064620355,0.581210191082803,0.915773353751914,0.0833333333333333,0.0783699059561129,0.551724137931034,0.480376766091052,0.111811023622047,0.892018779342723,0.141509433962264,0.544615384615385,0.105511811023622,0.585483870967742,0.93953488372093,0.47588424437299,0.912636505460218,0.140866873065015,0.128571428571429,0.36055469953775,0.91304347826087,0.932389937106918,0.949429037520392,0.674961119751166,0.93603744149766,0.597200622083981,0.597503900156006,0.0777604976671851,0.147692307692308,0.966205837173579,0.0760697305863708,0.577981651376147,1,0.0899053627760252,0.0784,1,0.747572815533981,0.799368088467615,0.0828220858895705,0.919129082426128,0.122324159021407,0.914463452566096,0.153481012658228,0.937984496124031,0.0846394984326019,0.856692913385827,0.5296875,0.941358024691358,0.0881889763779528,0.0756843800322061,0.912307692307692,0.923701298701299
"226",0.993779160186625,0.995341614906832,0.995290423861852,0.993660855784469,0,0,0,0,0,0,0,0,0,0,0,0,0,0,0,0,0,0,0,0,0,0,0,0,0,0,0,0,0,0,0,0,0,0,0,0,0,0,0,0,0,0,0,0.993930197268589,0.993911719939117,0.995176848874598,0.995153473344103,0,0.00158227848101266,0.0016025641025641,0,0,0,0,0,0,0,0,0,0,0,0,0,0,0,0,0,0,0,0,0,0,0,0,0,0,0,0,0,0,0,0,0,0,0,0,0,0,0,0,0,0,0.995341614906832,0.174846625766871,0.0125,0.00642054574638844,0.0269413629160063,0.206730769230769,0.936532507739938,0.92515923566879,0.245696400625978,0.571428571428571,0.0276923076923077,0.0572337042925278,0.573482428115016,0.543307086614173,0.995305164319249,0.510140405616225,0.00615384615384615,0.0408163265306122,0.0582677165354331,0.996840442338073,0.971653543307087,0.00622083981337481,0.287625418060201,0.956730769230769,0.0300157977883096,0.995440729483283,0.00323101777059774,0.99349593495935,0.0525477707006369,0.474603174603175,0.0518867924528302,0.995184590690209,0.0421875,0.0598159509202454,0.5728,0.941628264208909,0.958268933539413,0.0490045941807044,0.969793322734499,0.00792393026941363,0.64451313755796,0.967136150234742,0.887323943661972,0.509554140127389,0.977952755905512,0.965463108320251,0.00911854103343465,0.125806451612903,0.372019077901431,0.0207336523125997,0.0125984251968504,0.969040247678019,0.292834890965732,0.600313479623824,0.00482315112540193,0.984101748807631,0.59472049689441,0.0287539936102236,0.0845070422535211,0.996904024767802,0.0205371248025276,0.889776357827476,0.200949367088608,0.0253565768621236,0.996850393700787,0.890302066772655,0.0393700787401575,0.00788643533123028,0.00614439324116743,0.974723538704581,0.972843450479233,0.00631911532385466,0.155948553054662,0.145339652448657,0.964230171073095,0.00618238021638331,0.961904761904762,0.958730158730159,0.222049689440994,0.00628930817610063,0.306976744186047,0.155354449472097,0.966876971608833,0.0625978090766823,0.336538461538462,0.643302180685358,0.941558441558442,0.378548895899054,0.995319812792512,0.00786163522012579,0.0172955974842767,0.938095238095238,0.958715596330275,0.964669738863287,0.00614439324116743,0.00470219435736677,0.504658385093168,0.00655737704918033,0.457463884430177,0.00614439324116743,0.996825396825397,0.996932515337423,0.550955414012739,0.535211267605634,0.979397781299525,0.0407523510971787,0.91588785046729,0.56989247311828,0.968602825745683,0.510433386837881,0.0362204724409449,0.565495207667732,0.00635930047694754,0.948995363214838,0.960505529225908,0.637480798771121,0.0202177293934681,0.0125195618153365,0.0324149108589951,0.43701399688958,0.0156739811912226,0.5125,0.510236220472441,0.9953125,0.926153846153846,0.0341614906832298,0.995245641838352,0.509863429438543,0.0899053627760252,1,1,0.0619047619047619,0.370967741935484,0.290123456790123,0.996908809891808,0.00934579439252336,0.965151515151515,0.0062111801242236,0.908517350157729,0.0267295597484277,0.995297805642633,0.166666666666667,0.560629921259843,0.0250783699059561,0.995363214837713,0.99837925445705,0.00766871165644172,0.0339256865912763
"227",0.9984,0.998392282958199,1,0.996710526315789,0,0,0,0,0,0,0,0,0,0,0,0,0,0,0,0,0,0,0,0,0,0,0,0,0,0,0,0,0,0,0,0,0,0,0,0,0,0,0,0,0,0,0,0.998447204968944,0.998412698412698,0.998349834983498,0.998376623376623,0.00162074554294976,0,0,0,0,0,0,0,0,0,0,0,0,0,0,0,0,0,0,0,0,0,0,0,0,0,0,0,0,0,0,0,0,0,0,0,0,0,0,0,0,0,0,0,0,0.998430141287284,0.1671826625387,0.00956937799043062,0.00166112956810631,0.0161290322580645,0.219709208400646,0.927652733118971,0.913461538461538,0.246006389776358,0.548031496062992,0.0140625,0.0426229508196721,0.550819672131148,0.517915309446254,0.998402555910543,0.490506329113924,0.0015600624024961,0.0254777070063694,0.0529695024077047,1,0.968102073365231,0.00313479623824451,0.281618887015177,0.950657894736842,0.024,0.998432601880878,0.00166389351081531,0.993485342019544,0.048,0.482142857142857,0.0283018867924528,0.998387096774194,0.0416,0.0537124802527646,0.552674230145867,0.936708860759494,0.952681388012618,0.0380348652931854,0.964285714285714,0.00323624595469256,0.640127388535032,0.963607594936709,0.882258064516129,0.507364975450082,0.974522292993631,0.962441314553991,0.00305810397553517,0.139573070607553,0.355987055016181,0.00996677740863787,0.00956937799043062,0.96417445482866,0.286614173228346,0.588328075709779,0.00165016501650165,0.983606557377049,0.586370839936609,0.0162337662337662,0.0654952076677316,0.998412698412698,0.0191693290734824,0.877777777777778,0.203821656050955,0.016,1,0.939837398373984,0.0252764612954186,0.00318979266347687,0.00155763239875389,0.9696,0.969105691056911,0.00159744408945687,0.154975530179445,0.128712871287129,0.962145110410095,0,0.956239870340357,0.953451043338684,0.218266253869969,0.00158227848101266,0.291139240506329,0.166666666666667,0.967320261437909,0.0608974358974359,0.319422150882825,0.632,0.929392446633826,0.359424920127796,0.998376623376623,0.00320512820512821,0.0126182965299685,0.932692307692308,0.953775038520801,0.961300309597523,0.00159744408945687,0.00160771704180064,0.481774960380349,0.00165289256198347,0.450406504065041,0.00158478605388273,1,0.998430141287284,0.530844155844156,0.528363047001621,0.978930307941653,0.041335453100159,0.924920127795527,0.545031055900621,0.969354838709677,0.482758620689655,0.0223285486443381,0.559157212317666,0.00162074554294976,0.946287519747235,0.958664546899841,0.630602782071097,0.0156494522691706,0.00641025641025641,0.0213114754098361,0.412974683544304,0.00805152979066022,0.490353697749196,0.487883683360259,0.998407643312102,0.91820987654321,0.0207336523125997,0.998394863563403,0.507042253521127,0.0784,1,1,0.0562700964630225,0.346600331674959,0.266875981161695,0.998432601880878,0.00158227848101266,0.962382445141066,0.00157232704402516,0.89540412044374,0.0175718849840256,0.998402555910543,0.1696,0.558631921824104,0.0158478605388273,0.9984,0.998366013071895,0.0015527950310559,0.028006589785832
"228",0.0477707006369427,0.0526315789473684,0.0475435816164818,0.0588235294117647,0,0,0,0,0,0,0,0,0,0,0,0,0,0,0,0,0,0.028125,0.0403726708074534,0,0,0,0,0,0,0,0,0,0,0,0,0,0,0,0,0,0,0,0,0,0,0,0,0.0523076923076923,0.0484375,0.054726368159204,0.0533980582524272,0,0.670988654781199,0.492753623188406,0,0,0,0.0546875,0,0,0,0,0,0,0,0,0,0,0,0,0.00324675324675325,0.0113636363636364,0,0,0,0,0,0,0,0,0.0317460317460317,0,0,0,0,0,0,0.00162337662337662,0,0.0032626427406199,0,0,0,0.0177993527508091,0,0,0.057542768273717,0.812307692307692,0.945945945945946,0.948635634028893,0.966453674121406,0.820097244732577,0.123595505617978,0.146964856230032,0.743630573248408,0.508500772797527,0.964451313755796,0.972312703583062,0.508943089430894,0.528089887640449,0.05103668261563,0.562401263823065,0.950078003120125,0.976228209191759,0.92604501607717,0.0534591194968553,0.0890302066772655,0.94888178913738,0.76578073089701,0.102941176470588,0.933224755700326,0.0579937304075235,0.941569282136895,0.0518638573743922,0.92515923566879,0.543408360128617,0.959438377535101,0.0550161812297735,0.951104100946372,0.968454258675079,0.5,0.111111111111111,0.103833865814696,0.904088050314465,0.0863192182410423,0.943639291465378,0.378834355828221,0.0920634920634921,0.166139240506329,0.508885298869144,0.0825396825396825,0.0960629921259843,0.937212863705972,0.895934959349593,0.651685393258427,0.937908496732026,0.9328,0.0924764890282132,0.761682242990654,0.474959612277868,0.94345718901454,0.0737179487179487,0.466876971608833,0.962962962962963,0.922712933753943,0.0485133020344288,0.970826580226904,0.170731707317073,0.782113821138211,0.961783439490446,0.0483091787439614,0.162640901771337,0.981042654028436,0.935534591194969,0.952887537993921,0.083596214511041,0.0864,0.938080495356037,0.809983896940419,0.828150572831424,0.0901771336553945,0.94524959742351,0.100961538461538,0.105095541401274,0.74488188976378,0.940438871473354,0.761006289308176,0.866359447004608,0.0871710526315789,0.925925925925926,0.738636363636364,0.436908517350158,0.120915032679739,0.691082802547771,0.0475435816164818,0.94770206022187,0.937996820349762,0.123222748815166,0.106481481481481,0.0926216640502355,0.942766295707472,0.950479233226837,0.563291139240506,0.948590381426202,0.582113821138211,0.939346811819596,0.0495207667731629,0.0517241379310345,0.519872813990461,0.476650563607085,0.0817307692307692,0.917721518987342,0.115805946791862,0.510268562401264,0.073482428115016,0.551053484602917,0.962264150943396,0.471061093247588,0.942215088282504,0.115987460815047,0.0956937799043062,0.3453125,0.933333333333333,0.96031746031746,0.970588235294118,0.63349131121643,0.96551724137931,0.558869701726845,0.564873417721519,0.0480769230769231,0.131782945736434,0.979750778816199,0.0516129032258065,0.540372670807453,1,0.0619047619047619,0.0562700964630225,1,0.690437601296596,0.753894080996885,0.0525502318392581,0.94556765163297,0.0974842767295598,0.941732283464567,0.152996845425868,0.963607594936709,0.0590111642743222,0.869362363919129,0.495192307692308,0.960815047021944,0.0582677165354331,0.0507364975450082,0.94375,0.943273905996759
"229",0.361702127659574,0.355737704918033,0.374800637958533,0.362745098039216,0,0,0,0,0,0,0,0,0,0,0,0,0,0,0,0,0,0.0207667731629393,0.0261437908496732,0,0,0,0,0,0,0,0,0,0,0,0,0,0,0,0,0,0,0,0,0,0,0,0,0.361769352290679,0.358609794628752,0.372881355932203,0.349753694581281,0,0.447882736156352,0.340872374798061,0,0,0,0.0386473429951691,0,0,0,0,0,0,0,0,0,0,0,0,0.00161812297734628,0.00327868852459016,0,0,0,0,0,0,0,0,0.0176848874598071,0,0,0,0,0,0,0,0,0.00164203612479475,0,0,0,0.0114754098360656,0,0,0.36248012718601,0.610142630744849,0.643548387096774,0.637417218543046,0.651050080775444,0.695364238410596,0.44299674267101,0.448220064724919,0.597738287560582,0.846635367762128,0.655763239875389,0.692682926829268,0.802631578947368,0.864686468646865,0.359300476947536,0.808,0.649762282091918,0.67032967032967,0.664012738853503,0.363489499192246,0.393939393939394,0.639871382636656,0.962134251290878,0.418032786885246,0.635467980295567,0.366666666666667,0.604340567612688,0.351485148514851,0.660287081339713,0.548281505728314,0.697452229299363,0.373355263157895,0.665064102564103,0.711356466876972,0.838762214983713,0.412322274881517,0.396468699839486,0.616613418530351,0.395348837209302,0.643790849673203,0.506269592476489,0.381410256410256,0.415857605177994,0.551386623164764,0.39413680781759,0.368760064412238,0.648648648648649,0.700826446280992,0.563218390804598,0.613861386138614,0.649837133550489,0.391373801916933,0.942122186495177,0.82475884244373,0.64026402640264,0.377235772357724,0.8208,0.62843295638126,0.702093397745572,0.367647058823529,0.658105939004815,0.473429951690821,0.61525974025974,0.651888341543514,0.359223300970874,0.507246376811594,0.677316293929712,0.634615384615385,0.622641509433962,0.383870967741935,0.388524590163934,0.632911392405063,0.601639344262295,0.611570247933884,0.388443017656501,0.639291465378422,0.403305785123967,0.397394136807818,0.585173501577287,0.632258064516129,0.942367601246106,0.686614173228347,0.390728476821192,0.662358642972536,0.945990180032733,0.672523961661342,0.432659932659933,0.985365853658537,0.36084142394822,0.620689655172414,0.631921824104234,0.387722132471729,0.399038461538462,0.401929260450161,0.641025641025641,0.631663974151858,0.903536977491961,0.652246256239601,0.54885993485342,0.63751987281399,0.367741935483871,0.360128617363344,0.85024154589372,0.514657980456026,0.379254457050243,0.646103896103896,0.383147853736089,0.848726114649682,0.384359400998336,0.897180762852405,0.662420382165605,0.486088379705401,0.646677471636953,0.413738019169329,0.409385113268608,0.486443381180223,0.657467532467532,0.646003262642741,0.65,0.963081861958267,0.651685393258427,0.890499194847021,0.882636655948553,0.358642972536349,0.452119309262166,0.680445151033386,0.352365415986949,0.851968503937008,0.747572815533981,0.370967741935484,0.346600331674959,0.690437601296596,1,1,0.358044164037855,0.628205128205128,0.39652448657188,0.616,0.435772357723577,0.664526484751204,0.357371794871795,0.696574225122349,0.852941176470588,0.6704,0.365695792880259,0.352253756260434,0.645211930926217,0.663920922570016
"230",0.283950617283951,0.28328173374613,0.302003081664099,0.289269051321928,0,0,0,0,0,0,0,0,0,0,0,0,0,0,0,0,0,0.0185471406491499,0.0261941448382126,0,0,0,0,0,0,0,0,0,0,0,0,0,0,0,0,0,0,0,0,0,0,0,0,0.290225563909774,0.283559577677225,0.284552845528455,0.272727272727273,0,0.4884437596302,0.36817472698908,0,0,0,0.0323076923076923,0,0,0,0,0,0,0,0,0,0,0,0,0,0.00158982511923688,0,0,0,0,0,0,0,0,0.0138888888888889,0,0,0,0,0,0,0,0,0,0,0,0,0.00940438871473354,0,0,0.284417549167927,0.657657657657658,0.719568567026194,0.710691823899371,0.728813559322034,0.699212598425197,0.36979969183359,0.380503144654088,0.634674922600619,0.745068285280728,0.717065868263473,0.756671899529042,0.710077519379845,0.765258215962441,0.284178187403994,0.741085271317829,0.737248840803709,0.736196319018405,0.722570532915361,0.28,0.314641744548287,0.720820189274448,0.951298701298701,0.347417840375587,0.703416149068323,0.28419452887538,0.686591276252019,0.281931464174455,0.716049382716049,0.546310832025118,0.751145038167939,0.289514866979656,0.724505327245053,0.77027027027027,0.740973312401884,0.339820359281437,0.335889570552147,0.69218989280245,0.311605723370429,0.724727838258165,0.464071856287425,0.316998468606432,0.349157733537519,0.539657853810264,0.316030534351145,0.30030959752322,0.728486646884273,0.721337579617834,0.581358609794629,0.693290734824281,0.723765432098765,0.324242424242424,0.921212121212121,0.724191063174114,0.722488038277512,0.294209702660407,0.725609756097561,0.70735524256651,0.765337423312883,0.287037037037037,0.728527607361963,0.394409937888199,0.644961240310078,0.727131782945736,0.279434850863422,0.421461897356143,0.751524390243902,0.709480122324159,0.704819277108434,0.296875,0.311248073959938,0.711864406779661,0.656200941915228,0.658805031446541,0.313271604938272,0.716257668711656,0.327586206896552,0.32018927444795,0.620637329286798,0.720430107526882,0.914893617021277,0.705089820359281,0.308777429467085,0.714733542319749,0.924764890282132,0.625194401244168,0.352564102564103,0.934782608695652,0.2828125,0.708978328173375,0.716692189892802,0.31619937694704,0.331334332833583,0.323170731707317,0.719814241486068,0.707882534775889,0.789312977099237,0.730031948881789,0.553459119496855,0.721633888048411,0.281538461538462,0.281818181818182,0.7546875,0.499229583975347,0.310344827586207,0.723664122137405,0.320493066255778,0.746585735963581,0.304482225656878,0.798449612403101,0.726172465960666,0.48503937007874,0.721003134796238,0.333333333333333,0.337984496124031,0.460960960960961,0.732307692307692,0.724191063174114,0.723127035830619,0.869158878504673,0.724615384615385,0.789799072642968,0.782874617737003,0.279320987654321,0.380664652567976,0.738601823708207,0.277089783281734,0.751131221719457,0.799368088467615,0.290123456790123,0.266875981161695,0.753894080996885,1,1,0.289317507418398,0.706870229007634,0.316023738872404,0.699386503067485,0.361111111111111,0.741194486983155,0.285060975609756,0.711627906976744,0.737984496124031,0.732522796352584,0.285276073619632,0.2736,0.720121028744327,0.73015873015873
"231",0.998484848484849,0.998484848484849,0.998468606431853,0.996889580093313,0,0,0,0,0,0,0,0,0,0,0,0,0,0,0,0,0,0,0,0,0,0,0,0,0,0,0,0,0,0,0,0,0,0,0,0,0,0,0,0,0,0,0,0.998505231689088,0.998480243161094,0.998415213946117,0.996908809891808,0,0,0,0,0,0,0,0,0,0,0,0,0,0,0,0,0,0,0,0,0,0,0,0,0,0,0,0,0,0,0,0,0,0,0,0,0,0,0,0,0,0,0,0,0,1,0.163204747774481,0.0060790273556231,0.0015552099533437,0.0168970814132104,0.2078125,0.930981595092024,0.916537867078825,0.253048780487805,0.56,0.0133729569093611,0.0510835913312693,0.553516819571865,0.527863777089783,1,0.48644578313253,0.0015015015015015,0.0336906584992343,0.0429447852760736,1,0.971299093655589,0,0.295161290322581,0.960691823899371,0.0229709035222052,1,0.0015748031496063,0.995275590551181,0.044478527607362,0.475232198142415,0.0386329866270431,1,0.0379362670713202,0.0595238095238095,0.564491654021244,0.938144329896907,0.954268292682927,0.0386329866270431,0.964506172839506,0.00152905198776758,0.639760837070254,0.965465465465465,0.885022692889561,0.511664074650078,0.97593984962406,0.965151515151515,0.00589101620029455,0.122257053291536,0.366043613707165,0.0172955974842767,0.0122887864823349,0.967164179104478,0.312874251497006,0.58641975308642,0,0.984639016897081,0.601503759398496,0.0141287284144427,0.0695517774343122,1,0.0152905198776758,0.888024883359253,0.195121951219512,0.0138036809815951,1,0.888208269525268,0.0277349768875193,0.00606980273141123,0.00149253731343284,0.967391304347826,0.972049689440994,0.0045662100456621,0.145085803432137,0.130970724191063,0.964831804281346,0.00151515151515152,0.956856702619414,0.957746478873239,0.214285714285714,0.00149700598802395,0.308270676691729,0.153392330383481,0.970404984423676,0.0519877675840979,0.341121495327103,0.620481927710843,0.936708860759494,0.377675840978593,1,0.00305810397553517,0.00763358778625954,0.930555555555556,0.956780923994039,0.962852897473997,0.0015220700152207,0.00153139356814701,0.503782148260212,0.00157232704402516,0.451070336391437,0.0014903129657228,1,1,0.542113323124043,0.537267080745342,0.978494623655914,0.04,0.926380368098159,0.557548579970105,0.972727272727273,0.5,0.03003003003003,0.567441860465116,0.00151515151515152,0.941265060240964,0.958139534883721,0.63499245852187,0.0120845921450151,0.0060882800608828,0.019047619047619,0.427503736920777,0.00759878419452888,0.497757847533632,0.509923664122137,1,0.919236417033774,0.0287443267776097,1,0.507507507507508,0.0828220858895705,0.996908809891808,0.998432601880878,0.0525502318392581,0.358044164037855,0.289317507418398,1,0.00305810397553517,0.962797619047619,0.00453857791225416,0.903323262839879,0.0152671755725191,1,0.150076569678407,0.550989345509893,0.0150375939849624,1,0.996835443037975,0.0029806259314456,0.0215716486902928
"232",0.00304878048780488,0,0.0015220700152207,0.00312989045383412,0,0,0,0,0,0,0,0,0,0,0,0,0,0,0,0,0,0.0307692307692308,0.0420560747663551,0,0,0,0,0,0,0,0,0,0,0,0,0,0,0,0,0,0,0,0,0,0,0,0,0.0030441400304414,0.00298953662182362,0.00318471337579618,0.0031201248049922,0,0.701726844583987,0.518927444794953,0,0,0,0.0611620795107034,0,0,0,0,0,0,0,0,0,0,0,0,0.0031055900621118,0.00802568218298555,0,0,0,0,0,0,0,0,0.0335365853658537,0,0,0,0,0,0,0.0015625,0,0.00310077519379845,0,0,0,0.0203125,0,0,0.00303951367781155,0.834834834834835,0.992223950233281,0.996889580093313,0.982919254658385,0.780410742496051,0.073094867807154,0.0863422291993721,0.747648902821317,0.427503736920777,0.985029940119761,0.94794952681388,0.434782608695652,0.455399061032864,0.00462249614791988,0.491551459293395,0.996932515337423,0.966101694915254,0.958074534161491,0.00154083204930663,0.0352760736196319,0.99537037037037,0.701468189233279,0.0386473429951691,0.981191222570533,0.00455235204855842,0.998387096774194,0.00777604976671851,0.961597542242704,0.527692307692308,0.959276018099548,0.0031201248049922,0.96078431372549,0.939209726443769,0.420560747663551,0.0699404761904762,0.050381679389313,0.960960960960961,0.0390015600624025,0.9953125,0.372549019607843,0.0388198757763975,0.119565217391304,0.490683229813665,0.0304878048780488,0.039453717754173,0.995508982035928,0.873817034700315,0.628526645768025,0.984375,0.9890625,0.0365296803652968,0.695454545454545,0.397515527950311,0.996820349761526,0.0217729393468118,0.385560675883257,0.982998454404946,0.92530487804878,0.00305343511450382,0.979750778816199,0.125193199381762,0.805295950155763,0.983024691358025,0.00308166409861325,0.108024691358025,0.967542503863988,0.995412844036697,0.996987951807229,0.0384024577572965,0.0344827586206897,0.995440729483283,0.837245696400626,0.862559241706161,0.0416666666666667,0.998459167950693,0.0450310559006211,0.0502354788069074,0.769461077844311,0.996937212863706,0.686274509803922,0.838323353293413,0.0356589147286822,0.946957878315133,0.654574132492114,0.36890243902439,0.0691318327974277,0.604651162790698,0.00310077519379845,0.995319812792512,0.990769230769231,0.0676923076923077,0.0476190476190476,0.0458015267175573,0.998475609756098,0.996913580246914,0.48,0.998376623376623,0.552590266875981,0.996946564885496,0.00309597523219814,0.00453172205438067,0.452160493827161,0.470957613814757,0.0217054263565891,0.96,0.0782208588957055,0.425981873111782,0.0251572327044025,0.477848101265823,0.976708074534162,0.438485804416404,0.995384615384615,0.0606060606060606,0.0436817472698908,0.342424242424242,0.989247311827957,0.998452012383901,0.97741935483871,0.546296296296296,0.990825688073395,0.483180428134557,0.480798771121352,0.00304878048780488,0.0810810810810811,0.971080669710807,0.0031201248049922,0.474242424242424,0.919129082426128,0.00934579439252336,0.00158227848101266,0.94556765163297,0.628205128205128,0.706870229007634,0.00305810397553517,1,0.0418535127055306,0.996941896024465,0.0992248062015504,0.983180428134557,0.00308641975308642,0.833850931677019,0.427906976744186,0.982998454404946,0.0031104199066874,0.00476947535771065,0.995481927710843,0.974603174603175
"233",0.969512195121951,0.96030534351145,0.966463414634146,0.963020030816641,0,0,0,0,0,0,0,0,0,0,0,0,0,0,0,0,0,0,0,0,0,0,0,0,0,0,0,0,0,0,0,0,0,0,0,0,0,0,0,0,0,0,0,0.965256797583082,0.962686567164179,0.961783439490446,0.962674961119751,0.00152439024390244,0.0260336906584992,0.0211161387631976,0,0,0,0.00457317073170732,0,0,0,0,0,0,0,0,0,0,0,0,0.00151515151515152,0,0,0,0,0,0,0,0,0,0.00303030303030303,0,0,0,0,0,0,0,0,0.00155763239875389,0,0,0,0.00309119010819165,0,0,0.964232488822653,0.20414201183432,0.0457317073170732,0.0342679127725857,0.0553846153846154,0.253521126760563,0.964831804281346,0.954828660436137,0.264525993883792,0.599402092675635,0.0594353640416048,0.0835913312693498,0.588957055214724,0.570769230769231,0.961890243902439,0.52790346907994,0.0389221556886228,0.0599700149925037,0.0755007704160247,0.964125560538117,1,0.0333839150227618,0.329032258064516,0.982998454404946,0.0540123456790123,0.959881129271917,0.0330188679245283,0.967441860465116,0.0785824345146379,0.485451761102603,0.0707831325301205,0.956723338485317,0.0695915279878971,0.0880597014925373,0.609831029185868,0.971641791044776,0.998461538461539,0.0676691729323308,0.9984375,0.038109756097561,0.669161676646707,1,0.916666666666667,0.513097072419106,0.993911719939117,0.995535714285714,0.0408163265306122,0.165634674922601,0.383435582822086,0.0552922590837283,0.0476190476190476,0.989409984871407,0.340840840840841,0.633082706766917,0.0373831775700935,0.981566820276498,0.626686656671664,0.044822256568779,0.108108108108108,0.963470319634703,0.0559757942511346,0.912576687116564,0.235562310030395,0.0504587155963303,0.964777947932619,0.880184331797235,0.0667678300455235,0.0396341463414634,0.0358744394618834,0.998484848484849,0.998452012383901,0.030441400304414,0.166924265842349,0.155864197530864,1,0.0346385542168675,0.993808049535604,0.993865030674847,0.236526946107784,0.0422960725075529,0.347761194029851,0.2,0.995348837209302,0.0869565217391304,0.372163388804841,0.657099697885196,0.970172684458399,0.409160305343511,0.962006079027356,0.0390625,0.0412213740458015,0.966463414634146,0.992636229749632,1,0.038109756097561,0.0344827586206897,0.544227886056971,0.0298273155416013,0.459968602825746,0.0374251497005988,0.960546282245827,0.962006079027356,0.575193798449612,0.555209953343701,0.983257229832572,0.0768072289156626,0.909090909090909,0.600297176820208,0.955725190839695,0.534883720930233,0.0602409638554217,0.575663026521061,0.0385802469135802,0.981927710843373,0.990977443609023,0.679640718562874,0.0436746987951807,0.0409711684370258,0.0552922590837283,0.468277945619335,0.0362537764350453,0.527987897125567,0.547511312217195,0.965361445783133,0.955489614243323,0.0631578947368421,0.964615384615385,0.548725637181409,0.122324159021407,0.965151515151515,0.962382445141066,0.0974842767295598,0.39652448657188,0.316023738872404,0.962797619047619,0.0418535127055306,1,0.039453717754173,0.935483870967742,0.0523952095808383,0.959881129271917,0.199697428139183,0.600308641975309,0.0499243570347958,0.959152798789713,0.96417445482866,0.0357142857142857,0.0517241379310345
"234",0.003125,0.00312989045383412,0.003125,0.00313479623824451,0,0,0,0,0,0,0,0,0,0,0,0,0,0,0,0,0,0.0290519877675841,0.0416666666666667,0,0,0,0,0,0,0,0,0,0,0,0,0,0,0,0,0,0,0,0,0,0,0,0,0.00151285930408472,0.00302114803625378,0.00321027287319422,0.00318979266347687,0,0.692667706708268,0.516228748068006,0,0,0,0.0623100303951368,0,0,0,0,0,0,0,0,0,0,0,0,0.00310077519379845,0.0109375,0,0,0,0,0,0,0,0,0.0335365853658537,0,0,0,0,0,0,0.00157232704402516,0,0.00315457413249211,0,0,0,0.0216383307573416,0,0,0.00455235204855842,0.833585476550681,0.989045383411581,0.998397435897436,0.979559748427673,0.783094098883573,0.0709876543209877,0.0842607313195548,0.749608763693271,0.41820987654321,0.977443609022556,0.94811320754717,0.422118380062305,0.458860759493671,0.0046656298600311,0.485407066052227,0.996899224806202,0.967542503863988,0.951334379905808,0.00457317073170732,0.0340557275541796,0.99685534591195,0.690397350993378,0.0482866043613707,0.975116640746501,0.00303490136570561,0.99837925445705,0.00958466453674121,0.956521739130435,0.524332810047096,0.955246913580247,0.00469483568075117,0.955792682926829,0.938931297709924,0.411580594679186,0.0651515151515152,0.0500782472613459,0.962121212121212,0.0337620578778135,0.995305164319249,0.34947049924357,0.0373250388802488,0.109737248840804,0.496147919876733,0.03125,0.0412213740458015,0.998502994011976,0.8624,0.6375,1,0.990726429675425,0.0366412213740458,0.6875,0.388888888888889,0.996820349761526,0.0219092331768388,0.381679389312977,0.9765625,0.916795069337442,0.00310077519379845,0.978090766823161,0.113418530351438,0.7900466562986,0.978193146417445,0.00311526479750779,0.105919003115265,0.970219435736677,0.996932515337423,0.995419847328244,0.0384024577572965,0.0345368916797488,1,0.85179407176287,0.868544600938967,0.0418604651162791,0.996894409937888,0.0435458786936236,0.0431309904153355,0.793626707132018,0.996927803379416,0.67427701674277,0.832831325301205,0.035031847133758,0.941362916006339,0.64873417721519,0.3625,0.0672,0.611455108359133,0.0046875,0.995297805642633,0.990769230769231,0.0666666666666667,0.0451127819548872,0.0424886191198786,0.998456790123457,0.998480243161094,0.486196319018405,0.99673735725938,0.553990610328638,0.996992481203008,0.00314465408805031,0.0046875,0.450549450549451,0.482866043613707,0.026813880126183,0.957413249211357,0.073208722741433,0.421133231240429,0.0296875,0.48006379585327,0.970948012232416,0.441786283891547,0.996894409937888,0.0605590062111801,0.0451713395638629,0.351226993865031,0.982649842271293,0.989096573208723,0.974481658692185,0.559505409582689,0.987577639751553,0.48780487804878,0.481481481481481,0,0.0787878787878788,0.969278033794163,0.00313971742543171,0.478063540090772,0.914463452566096,0.0062111801242236,0.00157232704402516,0.941732283464567,0.616,0.699386503067485,0.00453857791225416,0.996941896024465,0.039453717754173,1,0.0990712074303406,0.978294573643411,0.0046656298600311,0.834101382488479,0.430817610062893,0.976993865030675,0.00463678516228748,0.00798722044728434,0.996946564885496,0.971383147853736
"235",0.920684292379471,0.902208201892745,0.90809968847352,0.904991948470209,0,0,0,0,0,0,0,0,0,0,0,0,0,0,0,0,0,0.00462249614791988,0.0047244094488189,0,0,0,0,0,0,0,0,0,0,0,0,0,0,0,0,0,0,0,0,0,0,0,0,0.907153729071537,0.905487804878049,0.897106109324759,0.89983844911147,0.00158982511923688,0.0600315955766193,0.0492845786963434,0,0,0,0.0077639751552795,0,0,0,0,0,0,0,0,0,0,0,0,0.0015600624024961,0,0,0,0,0,0,0,0,0,0.00618238021638331,0,0,0,0,0,0,0,0,0.00158227848101266,0,0,0,0.00634920634920635,0,0,0.904761904761905,0.26179604261796,0.108661417322835,0.0971337579617834,0.117554858934169,0.293650793650794,0.921875,0.917851500789889,0.336434108527132,0.594180704441041,0.124620060790274,0.14968152866242,0.580542264752791,0.577464788732394,0.896551724137931,0.534456355283308,0.098159509202454,0.11993769470405,0.138755980861244,0.905132192846034,0.9421875,0.0953125,0.345963756177924,0.926517571884984,0.121835443037975,0.906542056074766,0.097682119205298,0.898550724637681,0.136792452830189,0.524038461538462,0.137345679012346,0.89968152866242,0.128637059724349,0.147692307692308,0.613564668769716,1,0.930926216640502,0.13953488372093,0.940609951845907,0.0927672955974843,0.888379204892966,0.936532507739938,0.987421383647799,0.540412044374009,0.94383775351014,0.939157566302652,0.100151745068285,0.2368,0.437400950871632,0.113418530351438,0.111459968602826,0.930015552099533,0.367378048780488,0.633385335413417,0.0988654781199352,0.926517571884984,0.62596599690881,0.110410094637224,0.172628304821151,0.905956112852665,0.121306376360809,0.869634340222575,0.267828843106181,0.113707165109034,0.902053712480253,0.825196850393701,0.135725429017161,0.096875,0.100303951367781,0.931528662420382,0.936708860759494,0.0778816199376947,0.241324921135647,0.250401284109149,0.945820433436533,0.0948678071539658,0.958795562599049,0.962025316455696,0.317484662576687,0.0970724191063174,0.369631901840491,0.2473604826546,0.931309904153355,0.151658767772512,0.391373801916933,0.67032967032967,0.921348314606742,0.428346456692913,0.910094637223975,0.0957613814756672,0.0998439937597504,0.968847352024922,0.958083832335329,0.941176470588235,0.101088646967341,0.101404056162246,0.551242236024845,0.0904684975767367,0.495283018867925,0.0942249240121581,0.905132192846034,0.899068322981366,0.586206896551724,0.582938388625592,0.919685039370079,0.125195618153365,0.85981308411215,0.600931677018634,0.904912836767036,0.552547770700637,0.115740740740741,0.570747217806041,0.103286384976526,0.920807453416149,0.936406995230525,0.687789799072643,0.117829457364341,0.0954616588419405,0.111821086261981,0.489197530864198,0.09375,0.54531490015361,0.544025157232704,0.906832298136646,0.905631659056317,0.11937984496124,0.903125,0.557781201848998,0.153481012658228,0.908517350157729,0.89540412044374,0.152996845425868,0.435772357723577,0.361111111111111,0.903323262839879,0.0992248062015504,0.935483870967742,0.0990712074303406,1,0.1078125,0.902021772939347,0.25585023400936,0.599369085173502,0.111975116640746,0.903937007874016,0.903691813804173,0.100763358778626,0.115015974440895
"236",0.015625,0.0170807453416149,0.0169753086419753,0.0172955974842767,0,0,0,0,0,0,0,0,0,0,0,0,0,0,0,0,0,0.0261941448382126,0.0358255451713396,0,0,0,0,0,0,0,0,0,0,0,0,0,0,0,0,0,0,0,0,0,0,0,0,0.0200308166409861,0.0183767228177642,0.0194174757281553,0.0143769968051118,0,0.684292379471229,0.510172143974961,0,0,0,0.0622083981337481,0,0,0,0,0,0,0,0,0,0,0,0,0.003125,0.00963081861958266,0,0,0,0,0,0,0,0,0.0294117647058824,0,0,0,0,0,0,0.00159744408945687,0,0.00317965023847377,0,0,0,0.0191693290734824,0,0,0.0170015455950541,0.824850299401198,0.98116169544741,0.97752808988764,0.996845425867508,0.808612440191388,0.0821705426356589,0.0881410256410256,0.748043818466354,0.452307692307692,0.995461422087746,0.977707006369427,0.466248037676609,0.485623003194888,0.0186625194401244,0.521875,0.984662576687117,0.986196319018405,0.948194662480377,0.0154083204930663,0.0479134466769706,0.984301412872841,0.734557595993322,0.0534591194968553,0.963375796178344,0.0183206106870229,0.982055464926591,0.0175718849840256,0.944272445820433,0.531400966183575,0.975497702909648,0.0223642172523962,0.95852534562212,0.975757575757576,0.44251968503937,0.0810810810810811,0.0654205607476635,0.940639269406393,0.0509554140127389,0.98116169544741,0.365591397849462,0.0512422360248447,0.130030959752322,0.48811410459588,0.0388802488335925,0.0521472392638037,0.975794251134644,0.887987012987013,0.64873417721519,0.971337579617834,0.971563981042654,0.0553846153846154,0.724884080370943,0.415748031496063,0.9826224328594,0.026813880126183,0.406201550387597,0.995275590551181,0.941358024691358,0.0140405616224649,0.976671850699845,0.127186009538951,0.791601866251944,0.995327102803738,0.0112540192926045,0.13125,0.990580847723705,0.976887519260401,0.986322188449848,0.0484375,0.0461783439490446,0.978328173374613,0.829073482428115,0.85031847133758,0.0540958268933539,0.981538461538462,0.0618066561014263,0.0606060606060606,0.766666666666667,0.979623824451411,0.723241590214067,0.858858858858859,0.0492063492063492,0.940993788819876,0.691082802547771,0.396899224806202,0.0744336569579288,0.650717703349282,0.0110062893081761,0.984101748807631,0.970588235294118,0.0832025117739403,0.062874251497006,0.0580152671755725,0.979559748427673,0.979591836734694,0.517940717628705,0.980613893376414,0.553654743390358,0.980091883614089,0.0184615384615385,0.0169491525423729,0.475667189952904,0.463607594936709,0.0408163265306122,0.960505529225908,0.0950155763239875,0.452200303490137,0.0458860759493671,0.504731861198738,0.989096573208723,0.44391785150079,0.978056426332288,0.0723076923076923,0.061633281972265,0.350850077279753,0.970219435736677,0.987519500780031,0.991922455573506,0.6015625,0.995327102803738,0.523956723338485,0.515625,0.0188383045525903,0.091044776119403,0.989180834621329,0.0158227848101266,0.500756429652042,0.937984496124031,0.0267295597484277,0.0175718849840256,0.963607594936709,0.664526484751204,0.741194486983155,0.0152671755725191,0.983180428134557,0.0523952095808383,0.978294573643411,0.1078125,1,0.0186625194401244,0.851330203442879,0.457231726283048,0.996879875195008,0.0203125,0.017741935483871,0.980061349693252,0.966237942122186
"237",0.998463901689708,0.998427672955975,0.998444790046656,0.996825396825397,0,0,0,0,0,0,0,0,0,0,0,0,0,0,0,0,0,0,0,0,0,0,0,0,0,0,0,0,0,0,0,0,0,0,0,0,0,0,0,0,0,0,0,0.998475609756098,0.998463901689708,0.998394863563403,0.996840442338073,0.00155763239875389,0,0,0,0,0,0,0,0,0,0,0,0,0,0,0,0,0,0,0,0,0,0,0,0,0,0,0,0,0,0,0,0,0,0,0,0,0,0,0,0,0,0,0,0,1,0.17593984962406,0.00792393026941363,0.00161550888529887,0.0199692780337942,0.204081632653061,0.927330173775671,0.914149443561208,0.24294670846395,0.554531490015361,0.0212765957446809,0.0512422360248447,0.554848966613672,0.514150943396226,1,0.489230769230769,0.00153609831029186,0.0338983050847458,0.0515625,1,0.965571205007825,0.0015625,0.295867768595041,0.952229299363057,0.0221518987341772,1,0.00162074554294976,0.996732026143791,0.0427480916030534,0.495268138801262,0.0396341463414634,1,0.0353846153846154,0.0606980273141123,0.559429477020602,0.932228915662651,0.950769230769231,0.0369230769230769,0.960505529225908,0.0031104199066874,0.643835616438356,0.96411856474259,0.878504672897196,0.514866979655712,0.970814132104455,0.959814528593508,0.00612557427258806,0.129133858267717,0.354889589905363,0.0176,0.0110584518167457,0.965732087227414,0.289634146341463,0.580031695721078,0,0.981012658227848,0.584097859327217,0.0206022187004754,0.0676923076923077,1,0.021505376344086,0.883464566929134,0.20125786163522,0.0158227848101266,1,0.875,0.0283018867924528,0.00618238021638331,0.00305343511450382,0.965625,0.968602825745683,0.00464396284829721,0.14785373608903,0.129485179407176,0.957878315132605,0.00306278713629403,0.955625990491284,0.95,0.214506172839506,0.00154559505409583,0.298761609907121,0.152337858220211,0.964912280701754,0.0535433070866142,0.333865814696486,0.624806201550388,0.931818181818182,0.366614664586583,1,0.00318979266347687,0.00928792569659443,0.934375,0.951515151515152,0.957251908396947,0.00154798761609907,0.00154798761609907,0.486111111111111,0.00160771704180064,0.472843450479233,0.00151975683890578,1,1,0.519747235387046,0.536507936507936,0.976887519260401,0.0493827160493827,0.930875576036866,0.556574923547401,0.971786833855799,0.485623003194888,0.0245022970903522,0.595813204508857,0.0015748031496063,0.94478527607362,0.959501557632399,0.645705521472393,0.0156739811912226,0.00783699059561128,0.0259319286871961,0.408668730650155,0.00934579439252336,0.486943164362519,0.49607535321821,1,0.919452887537994,0.0277777777777778,1,0.498470948012232,0.0846394984326019,0.995297805642633,0.998402555910543,0.0590111642743222,0.357371794871795,0.285060975609756,1,0.00308641975308642,0.959881129271917,0.0046656298600311,0.902021772939347,0.0186625194401244,1,0.158878504672897,0.548686244204019,0.0186625194401244,1,0.996784565916399,0.00302114803625378,0.0302066772655008
"238",0.171561051004637,0.166402535657686,0.149532710280374,0.169082125603865,0,0,0,0,0,0,0,0,0,0,0,0,0,0,0,0,0,0.0247678018575851,0.030441400304414,0,0,0,0,0,0,0,0,0,0,0,0,0,0,0,0,0,0,0,0,0,0,0,0,0.169184290030211,0.160990712074303,0.176948051948052,0.164012738853503,0,0.579113924050633,0.444961240310077,0,0,0,0.0557275541795666,0,0,0,0,0,0,0,0,0,0,0,0,0.00313479623824451,0.00638977635782748,0,0,0,0,0,0,0,0,0.0325077399380805,0,0,0,0,0,0,0.00156739811912226,0,0.00315955766192733,0,0,0,0.0188383045525903,0,0,0.163884673748103,0.745068285280728,0.84458398744113,0.837539432176656,0.840944881889764,0.998402555910543,0.2296875,0.2448,0.679186228482003,0.544186046511628,0.858447488584475,0.850961538461538,0.552166934189406,0.582677165354331,0.163009404388715,0.576923076923077,0.823529411764706,0.853395061728395,0.878548895899054,0.162754303599374,0.195618153364632,0.824451410658307,0.711666666666667,0.217252396166134,0.8256735340729,0.172573189522342,0.842105263157895,0.166129032258065,0.882260596546311,0.538585209003215,0.854938271604938,0.1669341894061,0.888198757763975,0.829984544049459,0.550632911392405,0.231467473524962,0.190625,0.797564687975647,0.193181818181818,0.835680751173709,0.43010752688172,0.192846034214619,0.25115562403698,0.515007898894155,0.197492163009404,0.195987654320988,0.822727272727273,0.9728,0.59904912836767,0.827361563517915,0.827371695178849,0.199685534591195,0.723926380368098,0.53448275862069,0.842356687898089,0.178628389154705,0.520061728395062,0.847376788553259,0.823348694316436,0.156739811912226,0.883386581469649,0.270440251572327,0.76813880126183,0.844444444444444,0.15955766192733,0.266982622432859,0.863636363636364,0.8359375,0.823802163833076,0.187697160883281,0.209779179810726,0.81733746130031,0.749201277955272,0.746411483253589,0.188854489164087,0.832550860719875,0.208064516129032,0.203125,0.697247706422018,0.834597875569044,0.722983257229833,1,0.184294871794872,0.922345483359746,0.697637795275591,0.470496894409938,0.228758169934641,0.681318681318681,0.159810126582278,0.822884012539185,0.855572998430141,0.2265625,0.201515151515152,0.202786377708978,0.825545171339564,0.844339622641509,0.617784711388456,0.849180327868852,0.564668769716088,0.825563909774436,0.165366614664587,0.161240310077519,0.578199052132701,0.480127186009539,0.190551181102362,0.822605965463108,0.213953488372093,0.535603715170279,0.17774343122102,0.590764331210191,0.847457627118644,0.483464566929134,0.827102803738318,0.24191063174114,0.202852614896989,0.381538461538462,0.826356589147287,0.841121495327103,0.847266881028939,0.653846153846154,0.84080370942813,0.603100775193798,0.607255520504732,0.164869029275809,0.237654320987654,0.855572998430141,0.164835164835165,0.627272727272727,0.856692913385827,0.166666666666667,0.1696,0.869362363919129,0.696574225122349,0.711627906976744,0.150076569678407,0.833850931677019,0.199697428139183,0.834101382488479,0.25585023400936,0.851330203442879,0.158878504672897,1,0.563182527301092,0.846749226006192,0.175548589341693,0.162903225806452,0.850769230769231,0.870866141732283
"239",0.554858934169279,0.545886075949367,0.552590266875981,0.561688311688312,0,0,0,0,0,0,0,0,0,0,0,0,0,0,0,0,0,0.00928792569659443,0.0124223602484472,0,0,0,0,0,0,0,0,0,0,0,0,0,0,0,0,0,0,0,0,0,0,0,0,0.553323029366306,0.561051004636785,0.571661237785016,0.540192926045016,0,0.299524564183835,0.2192,0,0,0,0.025,0,0,0,0,0,0,0,0,0,0,0,0,0.00158227848101266,0,0,0,0,0,0,0,0,0,0.0109546165884194,0,0,0,0,0,0,0,0,0.00158982511923688,0,0,0,0.00786163522012579,0,0,0.568535825545171,0.469953775038521,0.454833597464342,0.4368,0.456556082148499,0.571656050955414,0.631911532385466,0.658064516129032,0.490566037735849,0.984615384615385,0.452599388379205,0.507936507936508,0.918238993710692,1,0.549450549450549,0.766457680250784,0.460708782742681,0.482115085536547,0.481832543443918,0.567441860465116,0.588328075709779,0.451664025356577,0.750836120401338,0.613057324840764,0.446909667194929,0.552795031055901,0.409317803660566,0.566558441558442,0.4734375,0.5408,0.488372093023256,0.573926868044515,0.481308411214953,0.510869565217391,0.97626582278481,0.590839694656489,0.60062893081761,0.436532507739938,0.590982286634461,0.43968253968254,0.557427258805513,0.5953125,0.578125,0.534920634920635,0.576190476190476,0.574303405572755,0.444104134762634,0.542071197411003,0.524642289348172,0.418238993710692,0.45859872611465,0.591263650546022,0.76103500761035,0.976228209191759,0.447284345047923,0.570977917981073,0.970496894409938,0.442122186495177,0.503154574132492,0.566246056782334,0.461783439490446,0.650943396226415,0.479365079365079,0.4592,0.5484375,0.701892744479495,0.48503937007874,0.427444794952681,0.418856259659969,0.586477987421384,0.591346153846154,0.445131375579598,0.463607594936709,0.469648562300319,0.601255886970173,0.440124416796268,0.609448818897638,0.594551282051282,0.4828125,0.443217665615142,0.752279635258359,0.545176110260337,0.586261980830671,0.476725521669342,0.763578274760383,0.703416149068323,0.645214521452145,0.838607594936709,0.57345971563981,0.4140625,0.445839874411303,0.579937304075235,0.601809954751131,0.618098159509202,0.437106918238994,0.428346456692913,0.992150706436421,0.459807073954984,0.539808917197452,0.458715596330275,0.554868624420402,0.551181102362205,0.998405103668262,0.50801282051282,0.575277337559429,0.451043338683788,0.556962025316456,0.996913580246914,0.576377952755906,0.995137763371151,0.456923076923077,0.517405063291139,0.44408945686901,0.594383775351014,0.6,0.563076923076923,0.45583596214511,0.442338072669826,0.450320512820513,0.9171875,0.437106918238994,0.993779160186625,0.976190476190476,0.577777777777778,0.642424242424242,0.479938271604938,0.563607085346216,0.948249619482496,0.5296875,0.560629921259843,0.558631921824104,0.495192307692308,0.852941176470588,0.737984496124031,0.550989345509893,0.427906976744186,0.600308641975309,0.430817610062893,0.599369085173502,0.457231726283048,0.548686244204019,0.563182527301092,1,0.469040247678019,0.565625,0.553366174055829,0.447166921898928,0.466988727858293
"240",0.0216049382716049,0.0186625194401244,0.0141287284144427,0.0236593059936909,0,0,0,0,0,0,0,0,0,0,0,0,0,0,0,0,0,0.0199692780337942,0.0279503105590062,0,0,0,0,0,0,0,0,0,0,0,0,0,0,0,0,0,0,0,0,0,0,0,0,0.0195488721804511,0.0230061349693252,0.0224,0.0217391304347826,0,0.668740279937792,0.50547730829421,0,0,0,0.0587326120556414,0,0,0,0,0,0,0,0,0,0,0,0,0.00310077519379845,0.00788643533123028,0,0,0,0,0,0,0,0,0.0282131661442006,0,0,0,0,0,0,0.00156494522691706,0,0.0031496062992126,0,0,0,0.0220472440944882,0,0,0.0198473282442748,0.829528158295282,0.978260869565217,0.977635782747604,1,0.804761904761905,0.0807453416149068,0.0901898734177215,0.757387247278383,0.470229007633588,1,0.97444089456869,0.469291338582677,0.505460218408736,0.0218408736349454,0.524691358024691,0.980122324159021,0.986301369863014,0.947040498442368,0.0154083204930663,0.0491551459293395,0.976671850699845,0.725752508361204,0.0575079872204473,0.958990536277603,0.018348623853211,0.980360065466448,0.0207006369426752,0.942277691107644,0.5376,0.978658536585366,0.0208,0.954128440366973,0.963470319634703,0.468652037617555,0.0794602698650675,0.0623052959501558,0.936923076923077,0.0501567398119122,0.975039001560062,0.372549019607843,0.04858934169279,0.132192846034215,0.510204081632653,0.0388198757763975,0.049306625577812,0.97593984962406,0.883757961783439,0.661466458658346,0.968102073365231,0.970266040688576,0.054380664652568,0.723664122137405,0.445482866043614,0.976228209191759,0.031496062992126,0.427692307692308,1,0.942367601246106,0.0172143974960876,0.978593272171254,0.132605304212168,0.800623052959502,1,0.0202808112324493,0.135220125786164,0.989214175654854,0.975346687211094,0.984939759036145,0.0455974842767296,0.0489731437598736,0.975077881619938,0.833333333333333,0.851735015772871,0.0497667185069984,0.98297213622291,0.0533751962323391,0.0592823712948518,0.7673343605547,0.975270479134467,0.719568567026194,0.853293413173653,0.0444444444444444,0.93603744149766,0.688783570300158,0.392248062015504,0.072,0.65,0.0156985871271586,0.984423676012461,0.964451313755796,0.0869565217391304,0.0599700149925037,0.0524691358024691,0.978494623655914,0.976489028213166,0.529051987767584,0.97741935483871,0.56269592476489,0.975757575757576,0.0171875,0.0183767228177642,0.499219968798752,0.472527472527473,0.0417956656346749,0.942546583850932,0.0948678071539658,0.472868217054264,0.0462519936204147,0.533546325878594,0.989096573208723,0.442492012779553,0.974921630094044,0.0781010719754977,0.0519685039370079,0.353395061728395,0.969512195121951,0.993730407523511,0.996784565916399,0.593272171253823,1,0.534142640364188,0.531782945736434,0.021978021978022,0.0900763358778626,0.990726429675425,0.0218408736349454,0.518461538461538,0.941358024691358,0.0250783699059561,0.0158478605388273,0.960815047021944,0.6704,0.732522796352584,0.0150375939849624,0.982998454404946,0.0499243570347958,0.976993865030675,0.111975116640746,0.996879875195008,0.0186625194401244,0.846749226006192,0.469040247678019,1,0.0219092331768388,0.0111642743221691,0.980182926829268,0.96551724137931
"241",0.998459167950693,0.998425196850394,0.998444790046656,0.996889580093313,0,0,0,0,0,0,0,0,0,0,0,0,0,0,0,0,0,0,0,0,0,0,0,0,0,0,0,0,0,0,0,0,0,0,0,0,0,0,0,0,0,0,0,0.998500749625187,0.998466257668712,0.998384491114701,0.996815286624204,0.00156739811912226,0,0,0,0,0,0,0,0,0,0,0,0,0,0,0,0,0,0,0,0,0,0,0,0,0,0,0,0,0,0,0,0,0,0,0,0,0,0,0,0,0,0,0,0,1,0.158445440956652,0.00925925925925926,0.00159235668789809,0.0220820189274448,0.225196850393701,0.933649289099526,0.91937984496124,0.236593059936909,0.568807339449541,0.0212121212121212,0.0579029733959311,0.5703125,0.541213063763608,1,0.509316770186335,0.0015527950310559,0.0401234567901235,0.0512422360248447,1,0.964451313755796,0.00156739811912226,0.295681063122924,0.9546875,0.0236593059936909,1,0.0016260162601626,0.998412698412698,0.0470219435736677,0.4679186228482,0.0440060698027314,1,0.035548686244204,0.0641221374045802,0.577106518282989,0.937689969604863,0.95141065830721,0.0426829268292683,0.9616,0.00315457413249211,0.630769230769231,0.9629057187017,0.886792452830189,0.496845425867508,0.972093023255814,0.959938366718028,0.00755287009063444,0.135922330097087,0.355905511811024,0.0159489633173844,0.00775193798449612,0.967741935483871,0.302290076335878,0.601880877742947,0,0.98125,0.608562691131499,0.0219092331768388,0.073959938366718,1,0.0186335403726708,0.884310618066561,0.1984375,0.0186915887850467,1,0.892575039494471,0.0354938271604938,0.00462249614791988,0.00303490136570561,0.965732087227414,0.968253968253968,0.0046656298600311,0.147151898734177,0.126760563380282,0.957413249211357,0.0031055900621118,0.957142857142857,0.952681388012618,0.211656441717791,0.00154320987654321,0.317147192716237,0.171686746987952,0.96551724137931,0.0617088607594937,0.341346153846154,0.634969325153374,0.936585365853659,0.381026438569207,1,0.00470957613814757,0.0109546165884194,0.938461538461538,0.95166163141994,0.956856702619414,0.00154798761609907,0.00156494522691706,0.501543209876543,0.00160513643659711,0.42515923566879,0.00154320987654321,1,1,0.54746835443038,0.52931854199683,0.975077881619938,0.0445468509984639,0.930599369085173,0.574500768049155,0.9734375,0.514423076923077,0.0296875,0.543859649122807,0.0015600624024961,0.937888198757764,0.952160493827161,0.641768292682927,0.0110236220472441,0.00625978090766823,0.0273311897106109,0.430340557275542,0.0109546165884194,0.511485451761103,0.517774343122102,1,0.915644171779141,0.0356589147286822,1,0.517241379310345,0.0881889763779528,0.995363214837713,0.9984,0.0582677165354331,0.365695792880259,0.285276073619632,1,0.0031104199066874,0.959152798789713,0.00463678516228748,0.903937007874016,0.0203125,1,0.175548589341693,0.565625,0.0219092331768388,1,0.996810207336523,0.00303951367781155,0.0272873194221509
"242",0.996763754045307,0.995222929936306,0.996810207336523,0.99344262295082,0,0,0,0,0,0,0,0,0,0,0,0,0,0,0,0,0,0,0,0,0,0,0,0,0,0,0,0,0,0,0,0,0,0,0,0,0,0,0,0,0,0,0,0.995283018867924,0.995207667731629,0.995161290322581,0.995073891625616,0.00160771704180064,0,0,0,0,0,0,0,0,0,0,0,0,0,0,0,0,0,0,0,0,0,0,0,0,0,0,0,0,0,0,0,0,0,0,0,0,0,0,0,0,0,0,0,0,0.996860282574568,0.171032357473035,0.011400651465798,0.00490196078431373,0.0161550888529887,0.208130081300813,0.934959349593496,0.920840064620355,0.257281553398058,0.553125,0.0171606864274571,0.0443349753694581,0.54885993485342,0.523577235772358,0.996789727126806,0.509463722397476,0.00467289719626168,0.0305958132045089,0.0451612903225806,1,0.967585089141005,0.00486223662884927,0.28956228956229,0.954248366013072,0.0316666666666667,0.996805111821086,0.00336700336700337,0.996677740863787,0.0446570972886762,0.468189233278956,0.0318979266347687,0.998366013071895,0.0380952380952381,0.0590111642743222,0.563426688632619,0.935534591194969,0.954911433172303,0.042654028436019,0.965630114566285,0.00647249190938511,0.654574132492114,0.9664,0.886035313001605,0.510569105691057,0.974235104669887,0.9671875,0.00930232558139535,0.122516556291391,0.37785016286645,0.0194805194805195,0.0112540192926045,0.96984126984127,0.290625,0.581993569131833,0.00163934426229508,0.982113821138211,0.595576619273302,0.0160513643659711,0.0653907496012759,0.996789727126806,0.0191387559808612,0.889070146818923,0.196078431372549,0.00958466453674121,0.998381877022654,0.889250814332248,0.0243111831442464,0.00796178343949045,0.00470957613814757,0.969793322734499,0.970099667774086,0.00476947535771065,0.153094462540717,0.144262295081967,0.961538461538462,0.00482315112540193,0.956521739130435,0.955810147299509,0.227769110764431,0.00470957613814757,0.292452830188679,0.15748031496063,0.965573770491803,0.0569105691056911,0.322006472491909,0.619273301737757,0.939443535188216,0.357945425361156,0.996820349761526,0.00815660685154975,0.0127388535031847,0.930979133226324,0.955246913580247,0.962264150943396,0.00476947535771065,0.00316957210776545,0.4896,0.00343642611683849,0.446254071661238,0.00316957210776545,0.998402555910543,0.996789727126806,0.526829268292683,0.540192926045016,0.982200647249191,0.0395569620253165,0.919743178170145,0.553627760252366,0.972402597402597,0.495081967213115,0.017515923566879,0.556105610561056,0.0048,0.939393939393939,0.9584,0.64622641509434,0.016025641025641,0.00805152979066022,0.0147783251231527,0.425837320574163,0.00645161290322581,0.491255961844197,0.495948136142626,0.996810207336523,0.919129082426128,0.0236593059936909,0.996763754045307,0.50077519379845,0.0756843800322061,0.99837925445705,0.998366013071895,0.0507364975450082,0.352253756260434,0.2736,0.996835443037975,0.00476947535771065,0.96417445482866,0.00798722044728434,0.903691813804173,0.017741935483871,0.996784565916399,0.162903225806452,0.553366174055829,0.0111642743221691,0.996810207336523,1,0.0062402496099844,0.0248344370860927
"243",0.00152439024390244,0.00154083204930663,0,0.00155038759689922,0,0,0,0,0,0,0,0,0,0,0,0,0,0,0,0,0,0.0209580838323353,0.032258064516129,0,0,0,0,0,0,0,0,0,0,0,0,0,0,0,0,0,0,0,0,0,0,0,0,0.0015015015015015,0.00151515151515152,0.00160771704180064,0.00158227848101266,0,0.690513219284603,0.51063829787234,0,0,0,0.0566615620214395,0,0,0,0,0,0,0,0,0,0,0,0,0.00308641975308642,0.0078003120124805,0,0,0,0,0,0,0,0,0.0305343511450382,0,0,0,0,0,0,0.00154559505409583,0,0.0031055900621118,0,0,0,0.0171875,0,0,0.00302571860816944,0.83433734939759,0.990683229813665,0.998422712933754,0.98310291858679,0.79304897314376,0.0698757763975155,0.0830721003134796,0.74079754601227,0.441791044776119,0.980683506686478,0.946372239747634,0.440993788819876,0.470125786163522,0.00307692307692308,0.490909090909091,0.998484848484849,0.963855421686747,0.949308755760369,0.00152671755725191,0.0319634703196347,0.996899224806202,0.716393442622951,0.0457413249211356,0.9796875,0.00305343511450382,0.998415213946117,0.00789889415481832,0.959152798789713,0.529595015576324,0.96274217585693,0.00153374233128834,0.964831804281346,0.937125748502994,0.429017160686427,0.0673652694610778,0.0428790199081164,0.960665658093797,0.0331230283911672,0.996918335901387,0.350148367952522,0.0353846153846154,0.11854103343465,0.482866043613707,0.0261941448382126,0.0363636363636364,0.994082840236686,0.873831775700935,0.625,0.984350547730829,0.992272024729521,0.0331825037707391,0.707831325301205,0.414634146341463,1,0.0170015455950541,0.397881996974281,0.97984496124031,0.926605504587156,0.00152671755725191,0.978527607361963,0.121684867394696,0.797235023041475,0.981566820276498,0.00153609831029186,0.111450381679389,0.969465648854962,0.996946564885496,0.998505231689088,0.0353302611367127,0.0295489891135303,0.996987951807229,0.84984520123839,0.86833855799373,0.0350609756097561,0.996978851963746,0.0421216848673947,0.0451713395638629,0.783458646616541,0.998477929984779,0.700906344410876,0.847858197932053,0.0329153605015674,0.951638065522621,0.6671826625387,0.377300613496933,0.0686427457098284,0.629107981220657,0.0031104199066874,0.99537037037037,0.992319508448541,0.0669710806697108,0.0461309523809524,0.0422322775263952,0.998482549317147,0.998482549317147,0.511346444780635,0.998394863563403,0.555038759689922,0.99851411589896,0.00306278713629403,0.00304878048780488,0.468509984639017,0.471582181259601,0.0242792109256449,0.958397534668721,0.08,0.435897435897436,0.0325077399380805,0.499205087440382,0.972685887708649,0.442879499217527,0.996889580093313,0.0581929555895865,0.043343653250774,0.352422907488987,0.989263803680982,0.992283950617284,0.972886762360447,0.574730354391371,0.990740740740741,0.504518072289157,0.498466257668712,0.00154083204930663,0.0798192771084337,0.96793893129771,0.00153609831029186,0.49479940564636,0.912307692307692,0.00766871165644172,0.0015527950310559,0.94375,0.645211930926217,0.720121028744327,0.0029806259314456,0.995481927710843,0.0357142857142857,0.996946564885496,0.100763358778626,0.980061349693252,0.00302114803625378,0.850769230769231,0.447166921898928,0.980182926829268,0.00303951367781155,0.0062402496099844,1,0.971830985915493
"244",0.0251968503937008,0.0290791599353796,0.0254777070063694,0.025974025974026,0,0,0,0,0,0,0,0,0,0,0,0,0,0,0,0,0,0.0272435897435897,0.0390015600624025,0,0,0,0,0,0,0,0,0,0,0,0,0,0,0,0,0,0,0,0,0,0,0,0,0.0233644859813084,0.0282574568288854,0.0250417362270451,0.0226171243941842,0,0.695024077046549,0.520900321543408,0,0,0,0.055205047318612,0,0,0,0,0,0,0,0,0,0,0,0,0.00323101777059774,0.00801282051282051,0,0,0,0,0,0,0,0,0.0270700636942675,0,0,0,0,0,0,0.0016,0,0.0032626427406199,0,0,0,0.0177705977382876,0,0,0.0266457680250784,0.855572998430141,0.980769230769231,0.975609756097561,0.96742671009772,0.818780889621087,0.0827922077922078,0.0852090032154341,0.747217806041335,0.464396284829721,0.965244865718799,0.947452229299363,0.45928338762215,0.492659053833605,0.028892455858748,0.50392464678179,0.971653543307087,0.95440251572327,1,0.0221169036334913,0.0512820512820513,0.97444089456869,0.727891156462585,0.0651465798045603,0.952224052718287,0.0251177394034537,0.971900826446281,0.0265339966832504,0.978998384491115,0.538211382113821,0.943485086342229,0.0261011419249592,0.979233226837061,0.939102564102564,0.448445171849427,0.0832049306625578,0.0676328502415459,0.935433070866142,0.0611570247933884,0.982315112540193,0.35981308411215,0.0507936507936508,0.123376623376623,0.506514657980456,0.0508744038155803,0.0556438791732909,0.966824644549763,0.891233766233766,0.649837133550489,0.96661101836394,0.964516129032258,0.0551181102362205,0.713385826771654,0.438311688311688,0.970636215334421,0.0325732899022801,0.423380726698262,0.967741935483871,0.913738019169329,0.0272435897435897,0.980830670926518,0.139384116693679,0.838658146964856,0.962264150943396,0.0285261489698891,0.146730462519936,0.959481361426256,0.968,0.973228346456693,0.0543130990415335,0.0487012987012987,0.9703125,0.830894308943089,0.84375,0.0589171974522293,0.969551282051282,0.057784911717496,0.0636215334420881,0.756714060031596,0.96998420221169,0.708399366085578,0.86687306501548,0.0508196721311475,0.967637540453074,0.674917491749175,0.404458598726115,0.0770519262981574,0.644904458598726,0.0318979266347687,0.977235772357724,0.974522292993631,0.0806451612903226,0.0619195046439628,0.0546875,0.971291866028708,0.969404186795491,0.532695374800638,0.976897689768977,0.571197411003236,0.971742543171115,0.0261011419249592,0.0283464566929134,0.488076311605723,0.46677471636953,0.0473933649289099,0.944267515923567,0.102362204724409,0.45583596214511,0.0567260940032415,0.519354838709677,0.95859872611465,0.458804523424879,0.971107544141252,0.0837282780410742,0.0656,0.367834394904459,0.974235104669887,0.974522292993631,0.963087248322148,0.596825396825397,0.974358974358974,0.519809825673534,0.52112676056338,0.0287081339712919,0.101538461538462,0.958925750394945,0.0253565768621236,0.523219814241486,0.923701298701299,0.0339256865912763,0.028006589785832,0.943273905996759,0.663920922570016,0.73015873015873,0.0215716486902928,0.974603174603175,0.0517241379310345,0.971383147853736,0.115015974440895,0.966237942122186,0.0302066772655008,0.870866141732283,0.466988727858293,0.96551724137931,0.0272873194221509,0.0248344370860927,0.971830985915493,1
