Sample	0.0	1.0	2.0	3.0	4.0	5.0	6.0	7.0	8.0	9.0	10.0	11.0	12.0	13.0	14.0	15.0	16.0	17.0	18.0	19.0	20.0	21.0	22.0	23.0	24.0	25.0	26.0	27.0	28.0	29.0	30.0	31.0	32.0	33.0	34.0	35.0	36.0	37.0	38.0	39.0	40.0	41.0	42.0	43.0	44.0	45.0	46.0	47.0	48.0	49.0	50.0	51.0	52.0	53.0	54.0	55.0	56.0	57.0	58.0	59.0	60.0	61.0	62.0	63.0	64.0	65.0	66.0	67.0	68.0	69.0	70.0	71.0	72.0	73.0	74.0	75.0	76.0	77.0	78.0	79.0	80.0	81.0	82.0	83.0	84.0	85.0	86.0	87.0	88.0	89.0	90.0	91.0	92.0	93.0	94.0	95.0	96.0	97.0	98.0	99.0	100.0
SRR17010968_1	0.012808398568807578	0.006466821832817125	0.00013776960650933837	0.00015864378931378358	0.0001795179721182288	0.00017743055383778427	0.00016490604415511713	0.00019412990008134043	0.00021500408288578564	0.00021500408288578564	0.00024214052053156442	0.0003694730356386802	0.0005406413346351309	0.0006596241766204685	0.0009268137165173672	0.0013359476994844932	0.0018640645244369569	0.002452716479522312	0.0033043831379436766	0.004473337374992608	0.0060472507584477765	0.008157630639977187	0.011407740902629306	0.016041809485216142	0.021928329036069692	0.030722622251582458	0.04788746277167775	0.07554575498756766	0.10298486828401088	0.13430449216380047	0.19265827019362705	0.2721283715484304	0.3741008419664257	0.5099855097685226	0.6880297645807576	0.8990594030605769	1.1576258180409593	1.4854214602922842	1.8556042181463155	2.2315044146704843	2.6206492801840735	2.9874024098033343	3.2692915492311236	3.4804526950626107	3.680097554240885	3.792713770470867	3.8130034761567884	3.811538108523916	3.794216711632788	3.806693210695004	3.778417042668103	3.80723593944792	3.8084988275075893	3.6984188244883467	3.6858504790217905	3.7543825085870646	3.6835772805143865	3.8491178998267586	3.5996630656405166	2.9456185580836767	2.6940366446696613	2.4464166511519303	2.1855499012264983	1.9166319789933914	1.6549448736837447	1.4028786792286663	1.1578387347055645	0.9279972826823792	0.7836564834262016	0.6590543114299072	0.4833291783272461	0.34340326873420857	0.2591968153010766	0.1949523428838356	0.1386337976774424	0.10978150220513823	0.10508272365585762	0.0944995129740039	0.07728248699689749	0.060777270653422664	0.04504231165543187	0.04601504857411901	0.06460142094319703	0.058038577869479455	0.04227022017900154	0.04474589825960875	0.03677822268315201	0.021976339656519916	0.012211396940600448	0.01246188713425379	0.012572520303117347	0.011107152670245295	0.009629260527690574	0.008412295670191418	0.007351887183725602	0.006431335722049569	0.006539881472632684	0.008752544849903876	0.009053133082287886	0.005592193573310871	0.00960003667176435
SRR17010968_2	0.04542471692666289	0.023261581548643707	0.0014409274861804612	0.002478812936371315	0.003815325387321308	0.005227016663637238	0.00594330380531825	0.005824270665155517	0.005337696600981535	0.004684058480438804	0.004168248206400291	0.003779824275342949	0.0036691443379986526	0.0037902657788659957	0.003913475520437948	0.004009537352849979	0.004303987752199899	0.004897065152308959	0.005627970398922237	0.00679741879350348	0.008879454595999016	0.011567097602831268	0.015380334689447966	0.02265388604360238	0.031174152918408585	0.045527043661188746	0.06623045684668598	0.09117938536465406	0.12079984255883329	0.15881526858554215	0.21352874704630748	0.29176902124520193	0.3918111548002181	0.5253558965592824	0.7095753432163974	0.9399629418510164	1.2055634669667583	1.5235114258449431	1.905616158970137	2.2831266305451905	2.609820392774279	2.9048471631186716	3.1716985803564746	3.3889507675591006	3.546951598869845	3.7158345651523086	3.8389712161996	3.889664715803992	3.9045689179327896	3.8460108778748383	3.8349658554481594	3.8976232297892586	3.8413790269120147	3.761094306323308	3.712729262004555	3.668123158954099	3.6173711869299776	3.383648572070097	3.0454545378607247	2.8524746697477736	2.6959544436365968	2.4843699045462806	2.2076888558918815	1.8571634060217903	1.609751980043196	1.39814029304372	1.177557266217242	0.9779470433671561	0.8110458744533665	0.674539922295166	0.5335420353213511	0.4033886939065724	0.3063913027788767	0.23829808170367914	0.19089156740834196	0.15254618987030483	0.12788753515027745	0.11115815820565184	0.09285837913115999	0.07873311316518224	0.0675962055075005	0.060890671944999836	0.06307294618131663	0.056018666401146194	0.0443346239588568	0.04577763974574187	0.05035101828883638	0.039316437365680496	0.027931021924150246	0.031740082409357724	0.029405362221604454	0.02610584710832166	0.027891344210762666	0.02767207263677868	0.021254724571514106	0.01796147436034514	0.021910450992761447	0.023804539731842142	0.016781584462240852	0.00962288964683995	0.01810139050755397
SRR17010969_1	0.022788106227627225	0.011490029389813508	0.00017943390730415138	0.0002044711966954283	0.00022533560452149244	0.00022742204530409884	0.00024202713078234374	0.000283755946434472	0.0003046203542605361	0.0003484356106952707	0.0004506712090429849	0.0005842034191297952	0.0006822661359122966	0.0008324898722599582	0.001162147515911771	0.0015439661791287447	0.0021010458680846564	0.0028605103129533903	0.003864088329387074	0.0052974731470376785	0.007150232561992173	0.009397329284859278	0.01379554645459359	0.01998392981580421	0.027313596285100532	0.03789393749369764	0.056363111301329594	0.08412320591390791	0.11459984642543976	0.150741173661748	0.21277731745098444	0.29565491821767637	0.40137904555390835	0.5429064967196665	0.7277964466703336	0.9406092336146223	1.1895842122030456	1.502567021120268	1.865749595267001	2.229614435549646	2.5954300979640283	2.943757213738603	3.2100183542109204	3.4093089184431373	3.5849663679307713	3.6952681463440413	3.7415266249352084	3.755509951060236	3.738659855299907	3.715986503315323	3.6698803349012867	3.690894966463698	3.6864299831889205	3.610771467530047	3.6443610776892275	3.766805941457267	3.870863002608197	4.37346154984869	3.9218723068613586	2.915700844534895	2.704087761040605	2.4795575226611986	2.2364078867378123	1.931668605352668	1.6543222050023627	1.4220262340300953	1.1962733413520816	0.9676349010717233	0.7944957856086954	0.6589647652521482	0.48437348700442623	0.33641145246510995	0.2478795971775547	0.18765448398762066	0.1347882474379394	0.10162635763919309	0.09431546913694022	0.08361828724451716	0.06397236083549518	0.04415743272308209	0.027609870876230645	0.021365153613889652	0.017834895809719607	0.0130173040426814	0.008723408912077405	0.007463198679383134	0.0074339885084266435	0.005533240955472203	0.002996128963822807	0.002562149281040673	0.0027624475961708886	0.002927276417996795	0.0025684086033884923	0.0017213136456502897	0.0011412831080857071	0.0018861424674761961	0.003521912041039622	0.00515142229225523	0.004992852792777142	0.0031171425292139785	0.004287635808256176
SRR17010969_2	0.07428303546372703	0.0387137557943958	0.0032904398709230082	0.003546919024359973	0.0037596090540394068	0.003959787905502404	0.003934765549069529	0.003920169174483686	0.003899317210789624	0.0038617836761403114	0.0038200797487521875	0.0038284205342298118	0.004195415095245306	0.00451862053250327	0.004741736544029734	0.005187968567082664	0.005746801194083531	0.006603816901909486	0.007927916596482431	0.009779570972515151	0.011998219909563365	0.015198996336601905	0.020447435598397352	0.02884035098525737	0.03878882286369442	0.05757227175930561	0.08012158529806443	0.1044349749653409	0.13582135071764326	0.17495631617865912	0.23141926346944064	0.3062006608654558	0.4021718237673768	0.5389711315822716	0.7241115468291106	0.955672603651671	1.222010565523188	1.5278567430058447	1.8818188267125497	2.2400764149402317	2.5602541470698172	2.8430964382051847	3.0934263475487707	3.30261950291671	3.4578978209572826	3.6710695309980492	3.852075001844356	3.974659526009009	4.039934513156901	3.859133391554796	3.730658187646571	3.7794017379778113	3.730493457133388	3.6813558046883306	3.7058255840833123	3.7560996685496963	3.767334706588057	3.48301609642315	3.034140044373813	2.8107237645701533	2.6981210754258482	2.5665180769635136	2.3211425941936374	1.9222341027443812	1.6374233862362944	1.4475037009107763	1.2401913926680408	1.044009862645196	0.8688429416332266	0.7083015879562728	0.5485692904706485	0.39875627211428943	0.29747202886312135	0.2270466066827958	0.17803615121627211	0.1410322564447894	0.11510909518033133	0.09559374235905856	0.07820111944184131	0.06526664636241455	0.05056601195810073	0.03850523615745518	0.030552297204539874	0.024369689969250444	0.01893775342694725	0.01600805252793152	0.01426065797036911	0.011983623534977521	0.010476026559896828	0.009827530489011495	0.009754548616082277	0.00972535586691059	0.009596073692007405	0.009258271880163597	0.009081030188764069	0.011230867645621877	0.017079843461806313	0.022326197527232354	0.018612462793319882	0.011239208431099502	0.01601222292067033
SRR17010970_1	0.020617419659061012	0.010417394956271656	0.0002084372293665902	0.0001816381570194572	0.00016228327143541667	0.00016377210878803518	0.00016674978349327219	0.00019503769319302372	0.00021290374142444573	0.00029032328376060783	0.000394541898443903	0.00047345027813268354	0.0007161307666094993	0.0010406973094803326	0.0014188619970454319	0.0019191113475252486	0.0025667555959142966	0.0033349956698654434	0.004429291124040042	0.005915150801953307	0.008252625445564354	0.011563799717787902	0.016420387162029454	0.02270179195272691	0.030248708493150096	0.042012012416188876	0.06356144425798907	0.09590941341833126	0.12873827704356922	0.16790363244155151	0.2345722802544554	0.3235898655675156	0.4379965942547791	0.5866108499558054	0.7797070992410146	1.0098277558111408	1.2694229254510552	1.5904103033261938	1.9574801749395803	2.314455729302213	2.6615900687640375	3.007691155103145	3.2971985559945174	3.4980858911459793	3.6808079217581433	3.777406666870737	3.799840468099992	3.8062677789512467	3.7865064407699407	3.757119769103957	3.662285296254216	3.6692158341306556	3.633336342769902	3.4899181294295145	3.51897576804057	3.6727235349334246	3.938227900025882	4.682339875840493	4.0946511076413925	2.7837715061066746	2.507331630659235	2.271810961011161	2.039588066099138	1.792974069336704	1.5505734822821804	1.3001004191017593	1.07047256769535	0.8918373956161244	0.7236166408184651	0.5736698756868454	0.43127300477035396	0.31155410440894765	0.2349325788937891	0.17820340924696632	0.13115466006686904	0.10517742593838142	0.1037674969654517	0.09542703011608286	0.07237089487343275	0.0494413108057552	0.03301794596902051	0.028192624109183946	0.025661600609732493	0.019747938645131805	0.014395568362468292	0.01382087714435755	0.013725591553789968	0.01078216010766319	0.006016391741931366	0.003921597586797133	0.0035166338268849007	0.0032977747360499812	0.003004473777584136	0.0029181212111322632	0.0025861104814983373	0.0025652667585616784	0.002982141217294859	0.0029181212111322632	0.0025786662947352447	0.0020754392695501913	0.0028273021326225348
SRR17010970_2	0.020940060996640267	0.010954064625198375	0.0010112589912317739	0.001124448510132532	0.0012287020143832304	0.0012257233428332106	0.00125551005833341	0.0013091261462337693	0.0013940182854093378	0.0015444411986853456	0.0017395441852116522	0.001958476544138119	0.002214642297439835	0.0025959122558423886	0.0030754783753956013	0.0036652553422995516	0.004488858025880069	0.005555222440787212	0.007133918362297787	0.00949153689413858	0.012820202351285876	0.017020129236814008	0.023299168864256068	0.03405068382405309	0.045636226817855695	0.06312996483112288	0.08699210261833272	0.11688158228700793	0.1527507450923482	0.1949406489268308	0.25670936085959456	0.34235361460154323	0.44957387571606144	0.591769698170914	0.7796300448233474	1.016359966261183	1.2815674770529846	1.5787197508829751	1.9354871571150651	2.2867350849649677	2.5883702594777382	2.8728542432054938	3.132656954469784	3.3505497570252936	3.5445908471440184	3.8764788992545665	4.1160996214316965	4.256030164172759	4.271191602362361	3.9608542389162067	3.7730400616727984	3.805617792415367	3.7333641566265325	3.6461814190289985	3.6762555763337756	3.7416820969299636	3.6994251729856056	3.334738968437788	2.8922394376530236	2.6878176771824793	2.5384507029709535	2.3584153264804226	2.0935488735810988	1.7464025764555733	1.5241207013711093	1.3445648910001315	1.1380997618462736	0.9494098551671597	0.7829125408714693	0.6320532522133838	0.4926782317164002	0.37449645929780856	0.2910206784442744	0.2292743065481358	0.1882386379392859	0.15358775179790382	0.12713714843372664	0.10759557372982073	0.08890887776077055	0.07453678753192428	0.060425331063704756	0.04703769178214008	0.037319775850199986	0.031109245668408385	0.026586132919703086	0.022557479648301102	0.018510954347598998	0.015433986636428384	0.013378703266914618	0.012480633794583602	0.012080002471105918	0.012091917157305997	0.013888056101968029	0.01514356616030144	0.014275283403470625	0.013770398575742242	0.016238227954933772	0.020244541189710606	0.018318830032622708	0.013036156038662323	0.020247519861260627
SRR17010971_1	0.022958675812352773	0.011644842311213054	0.0003071952266148229	0.0002667121347353501	0.00025718670135194474	0.00025123330548731644	0.00026075873887072175	0.0002798096056375325	0.0003119579433065256	0.0003512503560130727	0.00035363171435892404	0.0004381699356366466	0.0006370133575152335	0.0008168059126270096	0.0010870900848811368	0.0015204973038260808	0.0020265359523194905	0.0026956976475037172	0.0035934697438896727	0.0050770559933550575	0.007100019908155771	0.009808815026561672	0.014962074486983971	0.021823958560554607	0.02938119927111384	0.04022471449894791	0.06090443037432095	0.09266936934963199	0.12666802245335157	0.16631049483673885	0.23591878996514645	0.3321494807209991	0.44998147303206926	0.6051424480935321	0.8089760063858505	1.0429349384323614	1.322024183170274	1.6654124846045184	2.038860672438444	2.410534748304711	2.7893719500752985	3.1461756337508966	3.4247421703318945	3.6337456575930562	3.800315720489493	3.8452448084006705	3.834266746426296	3.8319592101891655	3.7972187639607133	3.7674517846375717	3.7017072434253078	3.6903445920780777	3.6321537195388545	3.4943052196517312	3.484898854185618	3.56255852188135	3.562735933078115	4.189060563657995	3.8997064737702902	2.807084493451741	2.5704084315326137	2.318585739854699	2.0541370862270805	1.8132138716981276	1.5648762979593662	1.3232422479641768	1.0801222303611757	0.8531990215474828	0.7104949319931684	0.5892397370599368	0.429000515325946	0.3022086622386102	0.22537651656806254	0.1683215519598103	0.11938225659421939	0.09109886352054303	0.08141864184465733	0.07027507546524599	0.05292807059489189	0.03608591369385829	0.023670701957762323	0.01837098895907017	0.014313154337739482	0.010245794283025392	0.007239329371388074	0.005884336472598662	0.005775984667862426	0.004941318567641531	0.002768329077052183	0.0016455186169832762	0.0014228616116461759	0.0013407047487143046	0.0012121113980383324	0.0012764080733763184	0.0011597215144296027	0.0016371838627727963	0.002508761017354387	0.0024670872463019885	0.0018646035848015996	0.0014502472326234663	0.0032172151252451604
SRR17010971_2	0.0239653868448987	0.01252340933675131	0.0010921508665526344	0.0011100159298004966	0.0012243523345868137	0.001322014680341793	0.0013434527562392275	0.001417295017663724	0.0015316314224500414	0.0016185747302563034	0.001788888333219255	0.0019151347801708136	0.0021223695138460137	0.002530883960113793	0.002816724972079586	0.003359822894814593	0.004105391534358703	0.004900982350996827	0.006250390128318675	0.00823817616569746	0.010979867872136026	0.014905417769799586	0.020632957047064165	0.03047303388398659	0.041751843814470176	0.05809599467783092	0.08131938589583508	0.11183648693583308	0.14688416801548887	0.19047373133605577	0.2531765303234021	0.34152522310516265	0.45438835567563945	0.6040273164439487	0.8068017393282658	1.0565350764616965	1.342342740309427	1.6699427421149893	2.046400118890805	2.412992407741151	2.738092491696229	3.0262059397071503	3.2780687923797265	3.4851582235405103	3.630090335645116	3.8313760032587783	3.990506076628568	4.074239628071298	4.069452982125087	3.87770844929	3.759704942521005	3.7619797605745657	3.6843941728975342	3.578385269593154	3.5740297671733248	3.6322508172938908	3.582665738747341	3.276690800501208	2.900463287539181	2.7161518120194215	2.578993384436069	2.387871746806224	2.125987784655814	1.79358088983236	1.5495488898834304	1.3494220693724464	1.136073911053828	0.944454433661476	0.7822384683666719	0.6425813139370515	0.5069759558520462	0.3845990815999746	0.29149470898163315	0.22465197933764897	0.18147212146756636	0.14659475399087352	0.11830602183999217	0.09776477211760037	0.08099305074050747	0.06632226080136314	0.05216122066689115	0.0399867755655814	0.03098278368865892	0.02468832640432885	0.019042966418004438	0.015595009211167061	0.013391651410597406	0.011201394656409515	0.009734077461651778	0.008961115725127613	0.008540691236694592	0.00833583851145244	0.008746734966153268	0.008903947522734454	0.008682420738460964	0.009585201934586262	0.012619880678289765	0.01672289020421542	0.016104759015839392	0.012436466028945046	0.02537077182039718
SRR17010972_1	0.036605124947359804	0.018559328999130684	0.0004964152825381816	0.0005306508192649528	0.0006211304520428479	0.0005868949153160768	0.0004964152825381816	0.0004829656073955215	0.0004634024435516523	0.00047685211869431235	0.0006553659887696191	0.0008913466526362917	0.0011175457345810294	0.0015528261301071197	0.0021739565821499674	0.0029149114127365147	0.0038967376981507013	0.005057077853640195	0.006406936158867171	0.00829967226076152	0.010878341794931532	0.013954649309379967	0.019041071908785966	0.025533596909470067	0.032220530850852615	0.042372590188080504	0.06262291016196564	0.09188818057465375	0.12143100337437676	0.15766442820870308	0.21942900455701894	0.30419497079476404	0.41524160226126694	0.5606118046918385	0.7441008318721891	0.9595890816124086	1.2199002078121535	1.5471026819850477	1.9083634017123783	2.2708101382477435	2.619853662154578	2.9557067228396834	3.2454787510905545	3.500202148617394	3.7079935160827917	3.7212793497282592	3.7020487596697356	3.723772430420612	3.709326256619655	3.7150350323688444	3.691307360021711	3.728830730971992	3.7019472757572953	3.5626404314205837	3.545570348269067	3.667986846022079	3.7147978290072374	3.6599329360071056	3.376179026033705	2.9956522580133838	2.782196131917446	2.5505646039128136	2.3068149186046445	2.038283595497254	1.7507906758341933	1.4922487932645787	1.2471602539308448	1.0111600269003285	0.8558064974206824	0.7164103961489325	0.5150712046587914	0.35828467342758197	0.26981148764142365	0.20058111889119118	0.14188184577766155	0.11022497858506042	0.09935641837205084	0.08671861452891132	0.06996276469663733	0.052774079864317716	0.037212805724259994	0.03540443576644233	0.03506208039917462	0.026574112686415862	0.024731507191871428	0.025894292742841402	0.019355305228028117	0.012214750425015847	0.00970577466203962	0.011053187571786112	0.008937920481167753	0.006359250946997741	0.004519090847933792	0.0029809370907095734	0.001968543361789341	0.002153170720565857	0.003012727231955861	0.0036411938704401597	0.0031680098449665727	0.0018695048448297527	0.0033000612009126897
SRR17010972_2	0.08932986410562142	0.04695616204922723	0.004544578323558946	0.004604455800798631	0.004817081944466083	0.005018710184150737	0.004922173026968388	0.004689995053998181	0.0045531322488789015	0.004493254771639216	0.0045470223022217905	0.004691217043329603	0.005002824322842249	0.005446406450148487	0.006040293265219648	0.006824810415992663	0.007709530691942293	0.009067160839152294	0.010634973151366902	0.012650033558882015	0.015571810050312357	0.019506615697491653	0.025526135144077124	0.033684135920651344	0.04340261707345164	0.059321472093887884	0.08064029796987858	0.10760960251436524	0.13895118488668035	0.1797827364068198	0.2380777374623131	0.3187180354321916	0.42089956133637974	0.557577846066615	0.7409886687984271	0.9679695211420958	1.2272145578033031	1.527392571099158	1.8864973539348513	2.2415487981582176	2.5459500065834675	2.8398726564917727	3.1093432998783204	3.343642646327876	3.5165077011295156	3.624564551739181	3.73288168607644	3.836535709124991	3.848362121874495	3.8010760227057836	3.804581910097634	3.8286318821293532	3.7849445415416803	3.6729272235088755	3.613527544097776	3.6054844103183554	3.5136299162540165	3.2755460688450455	3.0021137360460277	2.8638908568008747	2.747039348972964	2.5700219744231525	2.3110995429454406	1.9787832102331833	1.7240167644716378	1.5005576853811278	1.2786566426881811	1.0821326524408779	0.9103563901335359	0.7518081623388387	0.5839691496573389	0.43299603372812756	0.326268707511049	0.251859333142092	0.20117976960002149	0.16414493893261065	0.13555283255599537	0.11476679402850473	0.09720314136797428	0.08125373661425249	0.06419965350492507	0.05162416129525982	0.044411980261206324	0.038148062948336434	0.031506550932057086	0.030368878864503072	0.029330187932794252	0.022256091693191475	0.017467115503348098	0.017990126937196774	0.017696849497655463	0.017222717637063668	0.01930009950048131	0.01902637389024275	0.014882608067390269	0.013441882645643562	0.01616203089738925	0.017676075679021283	0.013223146555318997	0.007995476195495075	0.010963688281519458
SRR17010973_1	0.0416606581991964	0.02104097287700987	0.00036570100245081105	0.00030328803136587265	0.0003188912741371073	0.00034034573294755484	0.00031108965275149	0.00031401526077109646	0.00032961850354233104	0.00038813066393446083	0.0005305102542219767	0.0007587076797512828	0.0010541940897315382	0.0014335479296071795	0.002019644736201679	0.002712038634175215	0.003675538875298952	0.005148094911834218	0.007126781135761406	0.009763729164100055	0.013678192694333537	0.01858833815390643	0.026242703935870203	0.0359332928994801	0.047245643908625186	0.06388260151345408	0.09258574179381335	0.13121644528737061	0.16933029136413077	0.21982433537719234	0.3019432268795269	0.4006893239599583	0.5223273285911373	0.6889660605772301	0.9032005342316277	1.135754190102128	1.4053002089752056	1.7400814354694691	2.1328706425738164	2.494729346492211	2.8219078929461903	3.1566627889682772	3.4184588721974176	3.547755143421253	3.693754686031695	3.790363138852468	3.7898180005581477	3.7606964983309843	3.687418794263901	3.6600536320511754	3.601520992402908	3.617850761165678	3.5784428211415786	3.413313702893603	3.3807604624594414	3.4169122007577184	3.6503298861966758	4.542120549151838	4.022173690285988	2.7103095998356275	2.50836950628229	2.290640881449809	2.0042170299116213	1.7143039032087162	1.4720421047264884	1.2839225834577717	1.1101190374316625	0.9079166143592332	0.7228572790790249	0.5677659219463189	0.40407620284398943	0.28259032982982996	0.20097074209617494	0.1445494162353906	0.10318131883815486	0.07727310941919299	0.07385892486031222	0.06286351471995782	0.04030512648344539	0.026432868457144626	0.0182138603273968	0.013550441144144054	0.010590701030975489	0.00820145448163019	0.006359296631951304	0.0060004220482129085	0.006381726293434955	0.005713712462291473	0.0035048784074885736	0.0022731974312342417	0.0018226537962148426	0.0015739771145482908	0.001340903675652974	0.0012541106377379815	0.0011994992880386603	0.0017036790700841785	0.002036223181646116	0.0014949856980189158	0.0010015331453786212	0.0008825584192479574	0.0020342727762997117
SRR17010973_2	0.041224768922704436	0.02125127864184558	0.0012660834294356985	0.0012241407580445313	0.0012641326075105278	0.0013265589091159859	0.001315829388527548	0.0013889852107214441	0.0015021328823813373	0.0015801657593881597	0.0017771987738303872	0.002030805624102561	0.002336109255391755	0.0027691917227796207	0.0033271267933784035	0.004204996659705159	0.005419383308123837	0.0070649016020052115	0.009290789418624828	0.012228727237931706	0.01625814992437151	0.021948697480094058	0.030176288949500925	0.043338484478626746	0.058510026590678256	0.08380926072725275	0.11202594905291983	0.14387409239229196	0.182578399387676	0.22864900997250415	0.29341922412105476	0.3820548182911795	0.49749568112411036	0.6447037281865189	0.8245597555776193	1.0444798128459478	1.300484223264156	1.5935610781373435	1.925866035692823	2.2401151609198866	2.514969388190056	2.7809190887827837	3.0287476045126023	3.21969502995926	3.393466443765753	3.708727070161018	4.087286990973254	4.3055381200845995	4.312141652301301	3.9370444404062432	3.6322821622012844	3.687229012545638	3.648775386167639	3.568541006618261	3.516824717381989	3.439714579145772	3.3650566240694944	3.1541201017665763	2.9048674860313835	2.804489894693657	2.7201987809508874	2.5833788606400123	2.284118875674997	1.9002078503220172	1.6471267465586767	1.4352577313755275	1.2313744057430636	1.0660051819682796	0.8879380582825608	0.7024246473084657	0.5499854712537123	0.4343934197215807	0.3464406132252656	0.26819899827244964	0.2139222552593915	0.17367387271023496	0.14102491697058034	0.11712247133242797	0.09518742960581009	0.07727303186696878	0.060191635090175284	0.0452307817460422	0.034416400403859154	0.026017136605037273	0.019692571923634297	0.015453435880238653	0.012137038607448688	0.01001844599671345	0.00874846092342741	0.007874492700950997	0.007183901739440616	0.006604507627664957	0.0066269420798044185	0.006664007696382659	0.006225072763219282	0.005970490501984522	0.006603532216702372	0.007688189207097207	0.007262910027410023	0.006664007696382659	0.015334435742803248
SRR17010974_1	0.017744040723962816	0.008951412043072964	0.00015216738875881608	0.000150513395402742	0.00018690124923637194	0.00021171114957748327	0.00018690124923637194	0.00019351722266066832	0.0002199811163578537	0.00026133095025970593	0.00034899259813163256	0.00042342229915496655	0.0005309318672997822	0.0007641449305062287	0.0010436698076827496	0.0014141643194433453	0.001878936452500164	0.0025818836288316513	0.003445268160702325	0.004546827735847668	0.006319908613559091	0.008936526102868297	0.013509817732413151	0.01924255870456594	0.025640205005860513	0.035942929620846005	0.05431548782011698	0.08047008475971652	0.10972261125524285	0.14765364089008992	0.2079747785861119	0.29184712767927284	0.4012042064028233	0.5443606393577478	0.7351934308015078	0.9614646838925113	1.2241403307507055	1.5468757843546617	1.9075869254140794	2.262123709275272	2.6042820068596066	2.932864326977285	3.206974029906019	3.4304880760724474	3.6383619610638385	3.683936093997104	3.6874706777990345	3.7488222533558906	3.757874558993684	3.763479942477419	3.7278843514613484	3.7369631209928396	3.7087278004112982	3.594261536210835	3.5803613760463886	3.6650656837976547	3.796090075485776	3.8695985022097763	3.4811565085424205	2.9848526461454057	2.750294886340471	2.509941533815853	2.267270936599375	1.9926948075442277	1.7039059135803356	1.4414436318650752	1.209290778399872	0.987663938652725	0.8242791669530143	0.6841247319393643	0.5145374851543758	0.37699635964332295	0.2834928072377426	0.2113654649660638	0.1538776178889967	0.12172894902698465	0.11451423000778949	0.10046521044129618	0.07941483699854125	0.06102408487235347	0.04353475912522607	0.04154500511786894	0.04672365831573691	0.03823205642565254	0.02826013048188187	0.029995169512403587	0.026369616075889182	0.01919790088395194	0.02139109607410618	0.02577583246105859	0.019143319103201495	0.01114295323987113	0.006862418434351391	0.004465782061400038	0.003033423815039877	0.0028184046787502457	0.003028461834971655	0.0031128154961314334	0.002740666991014764	0.0018541265521590524	0.0031673972768818783
SRR17010974_2	0.0667921975155339	0.03538303687125682	0.0040201609750477275	0.004102812310883412	0.004314399730622766	0.004483008455727564	0.004430111600792726	0.004291257356588774	0.0042185241810533715	0.00409289415058313	0.003871388570543494	0.003864776463676639	0.003997018601013735	0.004273074062704924	0.004676412581583068	0.005058261753143932	0.0054219276308209476	0.006076526210639574	0.007332826515341989	0.008850305041285169	0.011200909032452055	0.014533410893346883	0.019333800478683476	0.026461651681152967	0.03534501725677241	0.04886842882620722	0.06884360367097561	0.0952473994170436	0.12608130676390433	0.16830456818892242	0.2269721393918085	0.3064116443169189	0.41072589527513714	0.5483387164148363	0.7357506204222524	0.9661263418237744	1.225489539729588	1.5279802046744622	1.8856174939156218	2.237087340476723	2.5338816753558016	2.815549162750233	3.0824898351254624	3.2982379231107846	3.455958161232589	3.5938172833530793	3.729142315516846	3.880232263477912	3.913234941877101	3.7988306158400627	3.7597778596577007	3.8049087950774183	3.762262358812922	3.718855530258737	3.7339741126098005	3.70912085592401	3.616247202872167	3.3707479400394313	3.0623493576090226	2.8753011194792832	2.7183462327273173	2.5167761548912484	2.264220121004862	1.9459182555146213	1.6879221107035298	1.4684943852468026	1.2457291988490307	1.0492983810752243	0.8838535491062166	0.7321288388859327	0.5816422456764673	0.44947780059505654	0.34554705183511586	0.2673324397070903	0.21316440722709892	0.17088824894714597	0.1424032925647354	0.12236695573144861	0.10140988301695229	0.08623344473080377	0.07671201084253285	0.07111816843317366	0.05813199054667081	0.04430938114151082	0.04585992020178827	0.04100993981495027	0.027084842753354033	0.02201831586662653	0.02229106527488429	0.02097029692823004	0.01682285289599536	0.016146764968859455	0.019985093005068677	0.025054925945229605	0.023507692938385578	0.018024603319046224	0.01721957930800665	0.018422982757774226	0.0144391883704942	0.00849821035062515	0.01002891309030204
SRR17010975_1	0.011373017580519968	0.005718873666698573	9.223989784997698e-05	0.00013593248104207134	0.00017477033276837745	0.00020389872156310703	0.00019742574627538932	0.0001941892586315305	0.00022655413507011892	0.0003123210576323782	0.00046929070835953203	0.00064244279730598	0.0008835611267734636	0.0013043045204751131	0.0020098588268363405	0.002744541521992298	0.003597356016149103	0.004893569317514569	0.006429282704525589	0.008029725844413785	0.010188463102867633	0.013318146654479134	0.01804018212686918	0.023364204301016978	0.029487638923197907	0.039286105264980546	0.05763860844948211	0.08328130005177571	0.1096441101548279	0.14414345019454122	0.20257014338530294	0.2821359556219287	0.3879869022581541	0.5256848873099504	0.7075722564071735	0.9192175111458567	1.1659996939900932	1.473881908818919	1.833054361583798	2.1950296126482587	2.5419212130485147	2.8577651874812333	3.117145398479191	3.3525141076473592	3.586240299336269	3.6547971988523087	3.664009860930553	3.6880310722232736	3.6466881790606207	3.6269941517477395	3.5937182040374047	3.5984272935592196	3.5394050866419877	3.476508804015057	3.628961936235206	3.8898972795460374	3.995767645108126	5.125873072884002	4.641637882828952	2.8592232251647918	2.621121302181385	2.383254024552157	2.110112268092512	1.8558068697201255	1.604551860952076	1.3736656871706519	1.1551461326764128	0.9167205609286195	0.7542116615990013	0.6204136441580548	0.4372090245897813	0.3047072204502003	0.22960128818681202	0.17520564035647646	0.12771342067049182	0.10488485507453348	0.1132964864609226	0.10728794715009866	0.09103106971499571	0.0724228840066293	0.04844374705327914	0.0493273081800526	0.06167612678519602	0.05013481184719538	0.040444767841482016	0.04573480689536929	0.03813067917612294	0.024005028854501027	0.013395822357931747	0.014373241626377115	0.015862025942552184	0.015117633784464648	0.013413623039972969	0.01078559507315959	0.008178604276031292	0.006472975287717683	0.00558941416094422	0.005497174263094242	0.0048709139040075565	0.0033837478316544193	0.010112405643236951
SRR17010975_2	0.04640241064634586	0.023696501041666786	0.0013499236249146242	0.0023308033811475525	0.003596559106187404	0.004810519200535088	0.0055680302994080425	0.005642486518528033	0.005161758321166351	0.004554778273992509	0.004182497178392553	0.003968840201787361	0.003946179613359537	0.004108040959272562	0.004397772768456876	0.004970761932988982	0.005862617948969747	0.007053917454889608	0.008554372131503344	0.010407684542207474	0.012664031704235034	0.01605988274149029	0.020977230430327974	0.028037622339054102	0.03685906569131393	0.05217600485506345	0.0720121127967046	0.0972462966245451	0.1256092602688844	0.1600646849733899	0.21160457473901514	0.2821065211783512	0.3758663244119298	0.5053861547980729	0.6761110280132946	0.8888389204929461	1.1424885984463287	1.4421845920850482	1.794689468441351	2.1434877199762457	2.437919982645874	2.712172991320525	2.9745987914493117	3.1968522241359447	3.388039608701491	3.635871989882759	3.8849571778813945	4.126488296866269	4.204087863323891	3.9629694907710946	3.763936686769145	3.7417697754463553	3.684744404667738	3.6291498881869915	3.754173210383671	3.989265485028125	4.1476063466675415	3.8058798173355863	3.1150733977268485	2.7955089238773048	2.655314337728198	2.45689175100034	2.1937294817476487	1.8334439304933066	1.6006322822127668	1.435533709381482	1.2289096082562105	1.0236435238231494	0.8291525491875184	0.653385695047106	0.5019724990127672	0.3740907054472639	0.28491643414340134	0.2239189859360781	0.18357990130763413	0.1501798125784815	0.1240359679866098	0.1050917160609494	0.08898974936952174	0.07624964283270758	0.06535151841238362	0.058932097433473093	0.0566207174138351	0.048569734068121255	0.04549598710923292	0.05552329748854479	0.04559795975715813	0.029308233904471345	0.028774091462958364	0.03159857194914064	0.03351339167129172	0.03482446857318722	0.03988263563296923	0.03614363854237837	0.024473435502049303	0.021992101069202637	0.02895699478384008	0.034618904663877674	0.025124118112619657	0.013109150405495854	0.02182376526945309
SRR17010976_1	0.011984214460715544	0.006051475102038867	0.00011738647355125561	0.00015381675844647287	0.00018350069428702028	0.00017270653579954848	0.00018484996409795423	0.0001861992339088882	0.00019699339239636	0.0002644568829430586	0.000342714531977229	0.00042636926025513527	0.0005680425904032024	0.0008082126167494495	0.0011941037826765657	0.0016582525976378522	0.002207405410687979	0.002988632631218749	0.00412336854221422	0.00549557593993407	0.007195655901710876	0.009648628417988837	0.013600639694214442	0.018804773354986776	0.02451623246467028	0.03334855264704407	0.0507298463514955	0.07376458056376027	0.09793539995683147	0.12985507587409645	0.18487020314511823	0.2597573761915756	0.3589448985329538	0.48639422633415497	0.6488152783649537	0.8466465673139036	1.0788936813303465	1.3649496754068362	1.6962547818628075	2.0320880378042734	2.359383114382149	2.6724541886131585	2.9353836981302397	3.1454407208360626	3.343645757522641	3.4770925896334437	3.5564755296899335	3.5880443954563557	3.598284004051534	3.6408291797299035	3.643663995602676	3.7050287866039526	3.717900820600263	3.621016501826149	3.647216623014865	3.818973272867516	3.9190364713161903	4.180773226320405	3.9105738510620123	3.2926177225429294	3.1147299906693946	2.8600796007122042	2.52000154194554	2.1572584488948072	1.8483296329833647	1.5760132533916158	1.3097024737283338	1.0462467489849883	0.8675440581456492	0.731263759431885	0.5323651980624863	0.37145802675955547	0.2771980377677081	0.20496892624879073	0.14699619955220164	0.11724884803054035	0.1215408752991213	0.11332652069015528	0.09664684728738951	0.0804893413014552	0.05722927903076445	0.06421849665140243	0.07861115772463512	0.05919921295472804	0.05108875212120394	0.06298526404420877	0.05173370309083038	0.030113003640424397	0.017110090472453706	0.02471052731744477	0.031582358464531494	0.03003069818195743	0.0269557122828389	0.02228723873700736	0.017145171487537986	0.012774886569922851	0.009817287144355584	0.00825348343348311	0.006622216232063937	0.004289328728959098	0.009676963084018452
SRR17010976_2	0.046324588245715434	0.023700826571725512	0.0014536327003273563	0.0022904500394201706	0.003584817504242765	0.0049210258360200005	0.005613424698850023	0.0057753893451260516	0.00540826948023372	0.004799552351312979	0.004296112242471658	0.003951937369135097	0.0036631004166095124	0.0035551239857588264	0.0037629786151463962	0.004155742882365766	0.004698324447390462	0.00535563097019401	0.006284228275509907	0.007767554494321202	0.009935181343648717	0.01256305772947728	0.016752543246483887	0.022889653634959733	0.03032518060441508	0.04306235032863909	0.05972581301967116	0.08194601278335664	0.10854195740726616	0.14219281208188236	0.19214270899340957	0.2611990353439656	0.3501108776225771	0.47308253530765176	0.6368004488796183	0.8405816674133463	1.0754924909613268	1.348085739170811	1.676158627256763	2.009049963569427	2.2972822480822477	2.568910456941004	2.8283008870682202	3.0446478627421967	3.218701820157345	3.4027638430069667	3.566277951065702	3.71847208005513	3.8325370319004084	3.7738248476253475	3.7248710332884185	3.796482351933979	3.7786770384867006	3.7311525621531567	3.7365014445964224	3.766095084881824	3.77655665132587	3.57630626208096	3.263933147040697	3.1242467378599366	3.0550716374354447	2.9358724063032158	2.6367142566936916	2.1656454818214055	1.8372905053098558	1.609315817738646	1.3663715477353744	1.1430924852007842	0.9576821066709148	0.7960670340897653	0.6097982429346331	0.43841535247765345	0.330213520827567	0.2515121997912735	0.1982312299880026	0.15988609998215284	0.13456292753689578	0.11495845681056815	0.0966591511921482	0.08410014257882782	0.07555785719315294	0.0769548022672837	0.08152085558688207	0.07104984120513683	0.06363590952185162	0.08044244098376085	0.07219034225599719	0.04564028761519921	0.041588472047527233	0.045943971326966766	0.050392600278015016	0.0529934825561309	0.052449551285720576	0.040326497511959845	0.025652500559351653	0.023433584905370064	0.027890312088732116	0.028768970294779574	0.019576126913229318	0.011468446661728453	0.022519834359296137
SRR17010977_1	0.010940689707163886	0.005503929491541818	8.099824449146249e-05	8.890051224672714e-05	9.877834694080792e-05	0.00010865618163488873	0.00011063174857370487	9.48272130631756e-05	0.00011063174857370487	0.00017977659143227044	0.0003022617416388723	0.0004267224587842903	0.0005472320420520759	0.0008139335787922573	0.0013196787151291938	0.001967664671060894	0.002605772792298513	0.003504655749459865	0.004660362408667317	0.005987943391551776	0.007789660439752113	0.010213681073679539	0.014160863817434224	0.01928350888978452	0.025546056085831746	0.034242501750500476	0.05136869154309775	0.07735134792240787	0.10265045814088761	0.13315716281008672	0.19172679584516938	0.27018841238719193	0.36826148193084246	0.501248745984191	0.6760962979041151	0.8880291923994961	1.1444617321917112	1.4599202609818753	1.8262200049424735	2.203509827783706	2.563993502676429	2.920450972147845	3.2471978904264045	3.495333049075592	3.696378594171157	3.82383427079582	3.877943073683056	3.871022662696383	3.863076932468464	3.8792489234296137	3.825009733124416	3.833370332409486	3.817862131939779	3.6910228322000265	3.6480819092179186	3.7294851449318376	3.793584389828667	4.076096388780194	3.7201881269177695	2.925194308367942	2.640773911753519	2.3932630322569977	2.1479312030939908	1.8863740426624864	1.6348863469181285	1.3827941276904925	1.131826006051043	0.9140078976449287	0.7771011087849689	0.6626525648854712	0.48836409840923206	0.3439541063156485	0.2613912128086435	0.1963772804191426	0.1408816295408579	0.10942665274102702	0.09816394562283609	0.08554797515155611	0.06644226728626504	0.04848041267854853	0.03534486810235989	0.030366439416543173	0.027114656235251774	0.021571215404933633	0.017035313713411732	0.016156186425638545	0.015701806029710826	0.01145828824513372	0.0060432592658386285	0.005168083111943071	0.0056027078384826255	0.005861507107467542	0.0054565158850102295	0.004674191377239031	0.003433535339662483	0.002846791958834084	0.004235615516821844	0.007115992113615803	0.007351084579334926	0.004464781281724518	0.009101436887126042
SRR17010977_2	0.04569195527934953	0.02332024756732133	0.0013477170443956569	0.0021816416671742015	0.0034661227212169827	0.004890908628855207	0.00553117303117807	0.0054758415396193045	0.0052446349498916035	0.004616227295759904	0.003964106145245876	0.003756613051900504	0.003721042807327012	0.0037506846778049227	0.004025366010900224	0.00453718230781881	0.004989714863781575	0.005829567860655701	0.0069994336821838955	0.00889453726807163	0.011558353361686508	0.014326904064323335	0.019229669441369703	0.02840481641663222	0.03791985684004144	0.05369526030838533	0.07332805918825461	0.0962194876959955	0.12580009830825148	0.16236235748040465	0.2170772981332301	0.2925000495019237	0.3898716178971607	0.5223767073075155	0.7043283889244218	0.9328711625585077	1.195729341582521	1.4976970045150892	1.8663312102771765	2.241832449366646	2.5554335583994447	2.854804593478148	3.141722090706732	3.370170010355289	3.5427607892752713	3.7426062800373425	3.916509205757147	4.004804433412048	4.03629595660778	3.9703586037920173	3.898567969619217	3.9126024072281584	3.86089710449119	3.780939146939376	3.7549076562856754	3.7492183932786154	3.707670371492077	3.421825909974794	3.008946272212679	2.7867982381030276	2.632028151714365	2.425525096842955	2.1536735743159436	1.8186809154215864	1.5780976139993734	1.3674545778845482	1.1506005818422518	0.9588848680899218	0.8001170814361384	0.6757397929108265	0.5415391885091352	0.41043912375943337	0.31235219822332955	0.24175909561783676	0.1959347399836859	0.15789829178643133	0.13049932284134955	0.11306595075094121	0.09578276413762096	0.07983346169580667	0.0649413859677045	0.052479943618791006	0.04446478184156404	0.03780721773222538	0.029679416847182363	0.02573704807362029	0.022073312882550572	0.01717252363020273	0.014392116179374735	0.013690591911397524	0.013734066654765125	0.014210312707110219	0.014643084016087712	0.013279557974103835	0.011562305611083562	0.013939583623411972	0.019986525200905682	0.023976320967232415	0.018727733767943757	0.01267091156695741	0.027391064446287687
SRR17010978_1	0.011269301132305173	0.005687005042957721	0.00010907182667736327	0.00011779757281155232	0.0001265233189457414	0.00012434188241219413	0.0001199790093450996	0.00016142630348249762	0.00021814365335472654	0.00022905083602246286	0.00034902984536756246	0.0005649920621887417	0.0009009332883550206	0.001389575071869608	0.0019349342052564244	0.002635175332525097	0.003507749945944003	0.004629008324187297	0.006221456993676801	0.007831357155434683	0.009785924289493032	0.012951188699670114	0.017560564095055485	0.022516787899274873	0.02873170058335103	0.03775630352263607	0.054073448793569616	0.07715741019156677	0.10096997139176873	0.13298255252157484	0.18907383010867568	0.26404762233016166	0.35973633587421244	0.48467811333313204	0.6541931834820229	0.8575881444334365	1.0896777215471305	1.3765780730027333	1.7036713925889446	2.0519028321852284	2.416370703900705	2.727131608160248	2.9873748051759033	3.210980775610632	3.4218602453086464	3.5965824044631147	3.687810080296061	3.722150254207162	3.729957615560728	3.7364146677000276	3.716164392359109	3.7677968136716387	3.7718411970048353	3.6965663665417194	3.7592455824601334	3.943280294176315	4.0947068925890315	4.460272026880883	3.97297400827096	3.0516202925254037	2.814851534047251	2.5976502612750165	2.3545335224842407	2.047033865842351	1.7690468640628225	1.5299614199860423	1.26906815488339	1.010698811850052	0.8341027987132666	0.6688917028450645	0.4800643750646796	0.34066403626140873	0.24804242248352534	0.18478512588372176	0.13767918537830212	0.11032833412068649	0.10903037938322588	0.09710010298125588	0.07552351422793988	0.055026736558729764	0.035193115595718034	0.03272591087627607	0.02851137549346276	0.0205011405422772	0.01802957294976815	0.015704161605006765	0.01380849325735419	0.010230937342336675	0.00547976857227073	0.004203628200145581	0.0038175139337077143	0.003601551716886535	0.003197985958180291	0.0025108334501129023	0.0018411324343138918	0.0019109384033874043	0.0023712215119658774	0.003091095568036475	0.0031390871717745152	0.0021967065892820963	0.00898969995474828
SRR17010978_2	0.04832268592795953	0.024634795322945234	0.001309084863498994	0.00222544426794829	0.003490892969330651	0.004880704732745416	0.005548338013129902	0.005417429526780004	0.00518833967566768	0.0048065232571471396	0.004239253149630909	0.003951254479661131	0.004062526693058545	0.004141071784868484	0.004402888757568283	0.0049439771678145335	0.005722882661596435	0.0068901499982163715	0.008227598367091176	0.010132316843482213	0.012818122621760982	0.015957744486052736	0.019823908449586435	0.02648060498047882	0.03484347545013156	0.04743905364509771	0.06346007056621956	0.08535015129202858	0.11256820741227849	0.14517969317014429	0.19436637510801313	0.26141333820021995	0.34688785255428095	0.4673629325420934	0.634271252638215	0.8440106476599182	1.0874567961086143	1.3707733058832783	1.7008372361334914	2.036128778605277	2.3306859637411854	2.5893916780820687	2.8383490738060955	3.067473833848113	3.2902429868778422	3.5825834549782263	3.80700423674407	3.980896524586959	4.051148563786633	3.873370475707258	3.777785462590773	3.8653523309183266	3.856900006316334	3.8378680942091647	3.9109281204410435	3.9501963027298017	3.8969274578259223	3.5677842505963704	3.1391353210841535	2.967429204963308	2.857407167610535	2.7145358274163605	2.454728299982033	2.0414763902726705	1.7526224515254059	1.5576429883396539	1.3130928449894068	1.0779288401104477	0.8937776905539381	0.7148279715217315	0.549990187318044	0.4043086782835585	0.3030204187784296	0.2408367059541216	0.2011714345901021	0.16258834004657507	0.13005539938051924	0.10850786252732578	0.0911690335102816	0.07790364022682514	0.06203316806500566	0.04766159807189254	0.0386921849488186	0.03145949107798666	0.024776612849824294	0.025579518232770347	0.02310316603265141	0.01682174049596207	0.015560655410791376	0.013505392175097955	0.012412306314076296	0.014275570436456528	0.017561373443839005	0.016051562234603498	0.012503942254521224	0.01493447648441769	0.022911166919338227	0.03010677005237103	0.023853708021057504	0.013444301548134668	0.023738072191448426
SRR17010979_1	0.03555482857672195	0.0180711730823476	0.0005783376256611659	0.0005825103358030214	0.0006133883908527517	0.0006000357183988144	0.0005674885792923417	0.0006217338111364626	0.0006517773241578219	0.0006367555676471422	0.0007035189299168295	0.0007794622544985987	0.0008796072979031298	0.0010690483383433672	0.001359468964216507	0.0017316747088700134	0.0022315653838642967	0.003115345391909282	0.00460500291255168	0.006798179363110906	0.010469329745915334	0.015043454603417284	0.021971822522954078	0.032399425167450854	0.042938021901720996	0.05765517057204518	0.08455830194064404	0.1223038033418401	0.1594826507057722	0.20245655791471315	0.2732799671524258	0.3630549913124175	0.4775007469151154	0.6219866773710591	0.809903844067491	1.0180152587664466	1.2634824437393493	1.5704228290640947	1.940411195548219	2.2679681071418436	2.547156631855137	2.8975257497942852	3.1973166135619757	3.3776644840610817	3.6862480826396897	3.7849310084105143	3.676604949501862	3.6794315433519547	3.638891995239772	3.6400620231635483	3.5961517597987753	3.70865720518551	3.7494938502597925	3.553835471708191	3.587488379002255	4.4152172062537245	4.94603100156727	3.9389131926072927	2.9811293356544732	2.7320193747277304	2.5422745609891657	2.3464334177333503	2.0938826400236343	1.79304859872048	1.5068741226876927	1.2908328896351549	1.1704201585296037	1.0126216136370845	0.806750944284305	0.6430830653062519	0.48055350165489685	0.33684703345345174	0.23835354872306724	0.1822472881556788	0.1337962816145384	0.10842536941002887	0.12060551031410492	0.11121607795290178	0.06899743127963667	0.0422737264471376	0.03258218987166413	0.028259262164701877	0.024622328005060663	0.01791678280709895	0.0129212142252696	0.012311164002530331	0.01259240466609139	0.011887216652117817	0.00846225616768286	0.00589854305652687	0.005043972019474873	0.0042720206432316134	0.003652790458180264	0.00333566448739925	0.0030410711513842547	0.0032179940613989264	0.0027898740008445565	0.0017809126885439078	0.001250143958499894	0.0009063126428110046	0.0018927413203456338
SRR17010979_2	0.03723326911040984	0.019817788531124748	0.002282943797179099	0.0021919599310392377	0.0022353650781885294	0.0022462163649758526	0.0023221753724871133	0.0023271836586966467	0.002282943797179099	0.002357233375953849	0.002483275245560446	0.002621837830690878	0.0027220035548815515	0.0029048060015295306	0.003286270467822345	0.0037620576577280444	0.004399779435075332	0.005580065551788768	0.007254502574509525	0.009558314230895015	0.013049924433308243	0.01818508722681677	0.026303519172470854	0.0404853162891337	0.056272269135952104	0.08531198200756485	0.11228911567521799	0.13862852756552382	0.1746765022730107	0.2151317688448872	0.2712613018238676	0.3515917084816829	0.45697773633142696	0.5907014822690808	0.7427831013077804	0.919917837395304	1.136228222928168	1.3910314615531396	1.6896780723707376	1.9581347339172661	2.1919490797524506	2.4692236638852316	2.7642075480549235	2.968821081145422	3.2093991175065812	3.710007373866729	4.366299876478967	4.384773774877201	3.8610673025186837	3.5962641857620095	3.6009143795075618	3.749572834922045	3.8273748917584145	3.906827178900825	3.809682286008868	3.5444676550686443	3.5442155713294317	3.379011407707385	3.0437967951308775	2.962225168207466	2.8471906769750555	2.646969410890318	2.3285275488295385	1.9229381678654	1.6805679997555956	1.4899968664822616	1.3000718021299573	1.1352557806891503	0.9523765403192916	0.7679881363716269	0.6180400472581887	0.5121448436438086	0.4314613528082212	0.34539311958301677	0.2798605292456369	0.23242371169767045	0.19367126243703542	0.1659645884115269	0.13698247083132375	0.11566637000918019	0.0943861619048716	0.07118694546794338	0.05549181120163311	0.044004472065699365	0.033316789294554505	0.0248452731711283	0.01949224992750506	0.018731825138024193	0.01864167598625259	0.016342872616076632	0.012853766556768172	0.010691021628617882	0.010420574173303063	0.010060812280584894	0.008469846694689698	0.007307089579709629	0.007196907283099888	0.007411428875741581	0.006735310237454536	0.0062945810510155725	0.01401652367174824
SRR17010980_1	0.006832915554344168	0.003449993559033896	9.431938648634589e-05	0.0001509110183781534	0.00019702271843814474	0.00019283074570541827	0.00019283074570541827	0.00020121469117087123	0.00021379060936905066	0.00027667020035994794	0.00036889360047993056	0.0004045253687081057	0.0004820768642635456	0.0007587470646234936	0.0010521851559143476	0.0013393352881061115	0.0018926756888260072	0.0026514227534495008	0.0035359290000547892	0.004743217147080017	0.006547861408518768	0.009140596543710097	0.01386914178622557	0.019911870480450795	0.026635794743744078	0.03709686269826302	0.05658115195997571	0.0860674881619738	0.11674434462006622	0.1529315492353276	0.2153646951301895	0.3000509282767299	0.40882423674551666	0.5481968501768405	0.7302814737819143	0.9495908152535995	1.2055631502457105	1.5305814681185592	1.8967775341449802	2.255872398362163	2.6124960946534026	2.9593629744092222	3.2444569439755844	3.4687149092582525	3.6800343507013613	3.783859035359164	3.8099876014022485	3.8468580975729445	3.8586081971427766	3.8456675773168496	3.7813040279785675	3.792188485179092	3.7739869395735934	3.638948825947909	3.609185819545551	3.678648903713195	3.7026521395807865	3.9213096292925327	3.580221383948777	2.8842050952841687	2.634931532718955	2.386800282723409	2.1438440230664138	1.878877810576238	1.614647289300656	1.3630807176506408	1.126705855184026	0.917782126157671	0.7796629125734323	0.6593260473214195	0.4913138761801084	0.3567955671732819	0.2793027592361002	0.21826763624760254	0.1615418612283478	0.1281213586166859	0.12000989137886013	0.10659767462050176	0.08509075851524853	0.06415185471527975	0.04681804746545574	0.045164314222395134	0.04937934280515162	0.042609306841798346	0.031664066036649494	0.03466132654054893	0.032844106360912	0.020368795508317983	0.01240614330250403	0.011460853451274206	0.011423125696679668	0.011251254814637884	0.010178109795059903	0.008656423693080189	0.0069943065045541385	0.005610955502754399	0.005636107339150757	0.006971250654524142	0.0071577934411304715	0.005089054897529951	0.008444729070077501
SRR17010980_2	0.04258495543465125	0.02199062611038091	0.0017275503780106653	0.0025032708147387553	0.003671044553272664	0.005008638171198398	0.0059520819455974264	0.006014978197224028	0.005585187144442248	0.005042182838732585	0.004574654034974844	0.004289524360934249	0.004054711688194935	0.004151152607355725	0.004484502740976715	0.004912197252037608	0.005383919139237122	0.00589757186085437	0.006943746179576849	0.00893126773097747	0.011602261883387163	0.014902218552062876	0.02021275873106896	0.030097952945049897	0.041257844525329955	0.057973571665959844	0.07967277847713751	0.1064204577522104	0.1389986195530693	0.18081414417615513	0.24274389006942823	0.3263581669818328	0.4331853538278952	0.5741735914740861	0.7603150481630143	0.9912554083438503	1.2540422372649556	1.5604392305222259	1.9230780519840036	2.2763830697043934	2.5905708119964785	2.886233511642809	3.1468462267993544	3.3702641952856496	3.5345471079926125	3.725965560193013	3.891284164510094	3.994543037347207	4.004820284862994	3.85956768135652	3.7902560120640043	3.834832682133498	3.786670925721288	3.7306701998146825	3.734381078660652	3.7153738314190927	3.5819100820091645	3.283702180713678	2.967059388066434	2.778146303222494	2.6223690602771677	2.416002265606845	2.1369211144310083	1.7956250876878572	1.5556192811059073	1.3562130049489287	1.1468146109502038	0.957259984339672	0.8010110195071467	0.6738494745102038	0.5403437942658578	0.4198492519413347	0.32878386575289875	0.26127522234034606	0.21634842980346433	0.17436308530098665	0.14961131374419792	0.1350655072846858	0.11604358425108048	0.09845779229628261	0.08223475246006108	0.07018802373184593	0.06443720979145365	0.05691272155519117	0.04538803171547681	0.045805243517933275	0.041071252312171035	0.02795109422286188	0.0244561591741437	0.025028515063945784	0.023001159219848313	0.02172017222838652	0.022927780259617277	0.023940409910805566	0.020627873991804536	0.018151858219437305	0.02117716792267686	0.02302212463705718	0.018088961967810707	0.012537319490902643	0.024229732668287936
SRR17010981_1	0.024467609365099497	0.012742190847881769	0.0009923697947281046	0.0009618666248081834	0.0008215520431765456	0.0006527678362863147	0.0005978621304304565	0.0005002519866867084	0.0004209437448949132	0.00038230639632967964	0.0004107760215882728	0.0005226209779613174	0.0006059963090757688	0.0006975058188355325	0.0008845919276777161	0.00127299895799138	0.0018017205699366818	0.0024727903081749494	0.003493629728161647	0.0049191445357526335	0.007154010118552196	0.010198226476560338	0.015198712798766093	0.021612512660594867	0.028866166467552138	0.03892407836248084	0.05607702758078322	0.08219384166621979	0.11293900340083908	0.14980716811071723	0.2071165237562653	0.2873866321728687	0.38769325613753775	0.529083582895018	0.7170258140396208	0.9247300322030099	1.1690685574402244	1.4829217733802782	1.8448479851141275	2.202428511906719	2.5686577041439387	2.9774347513301263	3.3682128947188987	3.574141828392948	3.690145383598409	3.736862005103099	3.771633585267148	3.871984947214366	3.916198275240961	3.858020596025026	3.7052261508068183	3.7027675953112724	3.6740132738000932	3.566780396718941	3.5576701166361913	3.7183831847656106	4.17828964537157	4.515636402783947	3.7060395686713496	2.75440777414363	2.536674113710571	2.314285669547732	2.069058485293517	1.8280305707649447	1.6166151335946317	1.3889008359637742	1.1525033026290459	0.9278901606067137	0.7841490562207383	0.6556920735093045	0.48345084069481586	0.35132330986968496	0.2618941162984599	0.1948644171717636	0.14633794091849153	0.1103340326896778	0.08969762146652042	0.07022236424498136	0.0466474809862049	0.03217067654221028	0.023461004757742095	0.017148882128979727	0.012184999610677875	0.00926076238768809	0.007914555821888901	0.008498183139690061	0.009964368840507607	0.00995216757253964	0.007774241240257262	0.007363465218668989	0.008831684464147865	0.009466150398482228	0.008723906597097477	0.00768069818583617	0.007151976573890869	0.007420404469186175	0.007605457033367031	0.006167740957808076	0.005069626840690912	0.005358390182599499	0.004858138195912791
SRR17010981_2	0.028540367270105328	0.0152058000079324	0.0017797050571081929	0.001623091012082672	0.0015722422961652947	0.0015559707070717343	0.0015030880425176624	0.001389186918862738	0.0013139308193050201	0.0014380016861434198	0.001627158909356062	0.0017715692625614125	0.001968862280320835	0.0021478497603500016	0.0023512446240195094	0.002782441734998866	0.0033966942232807793	0.004096372554303887	0.005194704818119228	0.006978477772500811	0.009465996955178892	0.013145410038960286	0.018584188693482922	0.026880665182562144	0.036267338140909926	0.050799901150096256	0.06870881889619641	0.09025850470198075	0.12002330905137654	0.1587029102754068	0.21199033060818115	0.28640234148167054	0.38223183149955914	0.5058003130246952	0.6756818050073782	0.8988710568092023	1.1516623970694868	1.4426553606241783	1.7842834754893935	2.1168564510240424	2.4215806018250623	2.7672908516041246	3.1400688898403253	3.371469192288487	3.603099330932596	3.998948448554829	4.293604553604208	4.52571267017794	4.449927743974682	4.018010615177935	3.795580026217598	3.7475361254702237	3.6443010284661277	3.5676394704004544	3.57162397577974	3.545526380822305	3.410899320559458	3.1437828800509298	2.8565771288577646	2.710921999086757	2.595696774869344	2.4226891038320613	2.197303187502606	1.8933600729780773	1.6703355710158252	1.4768887501283932	1.254244596561203	1.0727065449416207	0.9051946031206873	0.7433716156365904	0.5954445652383941	0.4746971704723541	0.3673880743489585	0.28175883674409574	0.23061519827439797	0.18860805708073455	0.15198274397976627	0.12604583096463065	0.10428054660335663	0.0847078588724399	0.0657819668079922	0.051263641439262736	0.040072856040166416	0.03003125162080282	0.02421822641712829	0.0248751918267808	0.023107690461492775	0.01742077007329334	0.01543767015251564	0.015396991179781737	0.015541401532987088	0.014062720874109766	0.01168096702053983	0.009887024322974773	0.008662587243684336	0.008422581304554316	0.009480234595635757	0.010672128496739071	0.01037923989305498	0.010210422156209289	0.024464334202168394
SRR17010982_1	0.02224001784725889	0.011278430968568821	0.0002376330674090676	0.00016045309679757553	0.0001767015116631528	0.00015435994122298406	0.00016654625237216703	0.00019498097838692725	0.00017873256352134997	0.0002112293932525045	0.00026200568970743347	0.00034121671217712265	0.0005077629645492898	0.0007860170691223004	0.0011069232627174516	0.0015273509973642635	0.0021569770734053825	0.0028576899644834025	0.003722918056075392	0.004935456015419096	0.0065643596056932174	0.008636032501054318	0.012170062734317375	0.016766333089417544	0.0218033416977465	0.029815841278334292	0.04484359397713507	0.0668398856014103	0.09132421575197704	0.12211089981852957	0.17253379325013224	0.24151643856194055	0.33258067967606836	0.45152923175138493	0.6101056366319862	0.8038537665409878	1.0358750376658568	1.3210611222308943	1.6499838775103495	2.0046786498184685	2.3554677094032748	2.655092541628236	2.9376260724664682	3.2215346254126995	3.4900863952591026	3.6422832662531066	3.702995468398336	3.7501503993900993	3.7725589945415887	3.7883626090502207	3.755305209006204	3.8116019044117126	3.8198601612671426	3.7296550550890317	3.75977149204238	3.8505432616889266	4.098213787381204	4.1326401163776465	3.5257252622148885	2.9868343968868687	2.776303685473584	2.571610217100758	2.3694047872542234	2.1288937193620905	1.8746344614418209	1.605061072510745	1.3611033096152514	1.132331721463498	0.9211632597667394	0.7493545520299836	0.5629852335218123	0.407861616800146	0.3088519008167509	0.23775289946870118	0.17522696801410167	0.13872084191486594	0.1501861296543889	0.1396084115768981	0.09989931669728545	0.07143209385279407	0.04634860340405916	0.040635254526950555	0.039382095530442904	0.031970787299881474	0.023686126770295267	0.022315166766012185	0.024988031011399646	0.021299640836913606	0.011942584926199293	0.008209511610832916	0.007561606068068022	0.006921824732735917	0.006330788642000544	0.006044410329994744	0.005199492756984727	0.005022791245321574	0.005603672076765961	0.005808808314443874	0.005420877409528216	0.004348482028400117	0.004468314088033749
SRR17010982_2	0.02225443749908069	0.011633093766636482	0.0010544141922606241	0.0010645723251340407	0.0010909834706049233	0.0011214578692251725	0.0011722485335922547	0.0012149126916606036	0.001310399140670718	0.0014587078806225975	0.0015704473422301782	0.001771578373123823	0.0019727094040174684	0.0022022832069566794	0.0026350196673642187	0.0032546657726426204	0.004028715497596951	0.004890125165262664	0.006066436952004285	0.00777097164816356	0.009922464190753157	0.012929271521284418	0.01745979878282814	0.02467410474952848	0.03217487006325916	0.04424476354345255	0.06077204572850106	0.08186845608001228	0.10906177778214803	0.1421854174557843	0.19034512540865153	0.25724658851297205	0.3435704016712648	0.4600029206663638	0.6181894290243536	0.821813265725135	1.0636804410677547	1.340001971490428	1.6625003423290776	1.9954026728566807	2.2919531090834755	2.553492524548753	2.8160233737824765	3.064601011701275	3.2787161680337213	3.545816145433907	3.7772976457267458	3.957027522282677	4.03824992111194	3.9559893611030144	3.917272653469275	3.944301413418861	3.931780498839088	3.875975780085687	3.849995339448638	3.808084914839496	3.661375065001892	3.3828756308911587	3.074876978916023	2.910156759493852	2.7925702766043328	2.6537634541422466	2.4077700452264454	2.068699696418104	1.8401417067662347	1.642106874772407	1.3909714189960822	1.1592847244192006	0.9574202763320948	0.7834947569000337	0.6240770828377857	0.47530513202687824	0.3624584339360953	0.280589977856083	0.23051647766986408	0.18487598666960411	0.15534019952685854	0.13470496840780044	0.11113403688832499	0.09453158452001319	0.07776457039915205	0.062114950894366715	0.051286381251304816	0.04238988848076672	0.033594977038962776	0.032034687829606015	0.02841636090009509	0.02137067993909346	0.019503615116959524	0.018658458461891278	0.016953923765732	0.01683405779782569	0.019548310901602556	0.021856238690442766	0.020541776296622682	0.02091153233321504	0.02933465611185193	0.03927337331520256	0.03309519690159069	0.018680806354212796	0.02263232004197178
SRR17010983_1	0.026761844875310404	0.013459565492737288	0.00015857534057535312	0.00018822764003253295	0.00022690455236798492	0.0002372183956574388	0.0002449537781245292	0.0002617137734698917	0.0003287537548513418	0.0004641229480254237	0.0006059382932554143	0.0008354213064457628	0.0012608673421357344	0.001821682570999788	0.002534626988383286	0.0033855190597632295	0.004534223356126153	0.006000078333639784	0.007785662453126483	0.00991804955322107	0.012764670301110335	0.016293293936514738	0.021861480082408638	0.029164970361753154	0.0363743468210814	0.04664048858532154	0.06842848253429282	0.09981866458574563	0.13239493861548565	0.17221281986483347	0.24119824993675681	0.33550416528428934	0.4561980486878896	0.6153238906488173	0.8206918489980114	1.0612557975724668	1.3380587237748294	1.6865518854517747	2.0725255536425955	2.4362200310977844	2.7957902604676033	3.1716292883961246	3.4867649024141536	3.7032241099907446	3.8755129944498377	3.898323348114876	3.87399943794711	3.872833973655402	3.837764328010436	3.8285772721003553	3.7722830261961047	3.76777200898738	3.716659180105669	3.5617349400547824	3.5314393146224226	3.6422963699887068	3.749446887922843	3.6524387456334733	3.178240461944664	2.741166857176245	2.539997922276269	2.2994829644574386	2.029083645707416	1.7492613418820655	1.5026844226698584	1.2875002639699267	1.0751201814143152	0.8631320249037029	0.7182689389816787	0.603956746113428	0.4516354622627175	0.3250240112717931	0.24335255395384145	0.17926491021399754	0.1267958109397234	0.09763084057797024	0.08638875139246553	0.07444661009368915	0.057984426973309605	0.042139785219886115	0.02954013641140704	0.025502266763585853	0.024369033232157108	0.01925723465182154	0.016418349286399365	0.016018687858933026	0.01314241481158658	0.008935655979900588	0.005534666155203178	0.00549856770369009	0.005243300082276106	0.0044452664577546135	0.0037026697409139357	0.0028040761443202684	0.002192980929420127	0.0026687069511461864	0.0042866911171792615	0.0061895952040834975	0.005774463011682981	0.003293983700569327	0.0036356297595324855
SRR17010983_2	0.07803322567862578	0.04072755134976751	0.0034643928122081754	0.003747831420867825	0.00411630161212537	0.004224523626340872	0.004161394118048496	0.0040750741781385115	0.00392691308724824	0.0038264212169052732	0.004032558386839564	0.004233542127525498	0.004487348518007093	0.005045207234141768	0.005792454475153572	0.006762587531156828	0.007688916438549048	0.008934757959339418	0.010984534442873523	0.013344805038621153	0.016375021436655226	0.020562182700945508	0.026596848350771873	0.035093564824000924	0.0449971674820315	0.061432741712354924	0.08437967379797776	0.11326335637770818	0.1465493558928478	0.19081473642161256	0.2545252938617414	0.3412768334712756	0.4560965254819877	0.6087488299622026	0.8129895379330979	1.0630352134207048	1.34000240330173	1.660443922321897	2.0405041759589975	2.4092255968923997	2.729351468371105	3.041655722608116	3.3206056943924462	3.5359778095397933	3.699442008583062	3.813973108555866	3.913387912185926	4.004902508778255	3.9960695310465706	3.893094996163207	3.8403483594489582	3.836135431038427	3.76138236307638	3.650180378398015	3.586593503259847	3.56698599332716	3.482437544721298	3.2154332219346595	2.889636001568137	2.721904763107229	2.5730131736210025	2.345241907702108	2.069490927123695	1.7530433157710048	1.5139641377239021	1.310519634571878	1.1117029108848786	0.9338026681596495	0.7817017806090087	0.651322597340194	0.5143302759884248	0.3919363313399396	0.3012514368565968	0.22869759482628685	0.1782326389117483	0.14240728713448064	0.11614927675678824	0.09738177579158316	0.08159682200386484	0.06775986447202556	0.053870084290390634	0.04368819645294876	0.03756463414858823	0.03086775284034796	0.02502762914464708	0.023440372936153045	0.01901228885450206	0.013416953048098153	0.011462515005658659	0.011453496504474034	0.011202266828616615	0.010894349431027269	0.011242205905291385	0.010957478939319646	0.00979795735843926	0.00983531972048985	0.012356634980248646	0.01440898817840693	0.011636443242790716	0.0072212427342606255	0.009075188906357152
SRR17010984_1	0.03088810715000827	0.015508649021688322	0.00014210998270521513	0.00017368997886192957	0.0001980927031648453	0.00020383452064788428	0.0001980927031648453	0.0002368499711753585	0.00032010632467942393	0.00038039540825133335	0.00046078085301387925	0.0006100681075728932	0.0008684498943096479	0.0012287489413703447	0.001701013429350302	0.0022522279077220454	0.0029541650950235623	0.0039704667895214645	0.005359986620416902	0.00696626006129706	0.009077813440684649	0.012296102139928006	0.0174709151465169	0.024521867015688783	0.03226040152845459	0.04339809199117948	0.06621894557751797	0.09922147701565533	0.13133115583518015	0.16983865478518118	0.23819642737513114	0.3314823005676949	0.45223989950785876	0.6107341584009256	0.8128274728970785	1.046350060841016	1.3174944723881954	1.6643849401716255	2.041676896073376	2.388145340271803	2.73293286740207	3.0638395507670904	3.331201540047318	3.5497379843605237	3.754166783117902	3.7912632304214466	3.763869019209868	3.773510966218261	3.7373073715333294	3.7216810152532385	3.6774460533639064	3.6968146391885677	3.6826093827355293	3.5787858390072183	3.6150827382262487	4.172639054008009	4.161768358058246	3.434393483852495	3.0517487186021808	2.8102091179975504	2.6024945641855024	2.3630823069583378	2.1188569712260157	1.860414895405689	1.611181259373786	1.3620021706079721	1.120376442741096	0.911981483557308	0.7684719328406021	0.6451864987535303	0.47440331499238925	0.33698870353392935	0.2536089009539786	0.1878148498702055	0.1349140499445965	0.10406326460822798	0.09500985389184624	0.08389656615342427	0.0643629030761256	0.04480627272889479	0.030341199034748807	0.025582667795680237	0.021745698262639432	0.016269439838190992	0.01387079558465145	0.012953540241735971	0.011215204998745915	0.00810026901419726	0.004722644879799572	0.0038857749816466392	0.0030316796310445888	0.0024273533409547346	0.0019837979403899723	0.0014282770989059498	0.0008698853486804076	0.0013766007415585988	0.002187632461037857	0.0025594151430646315	0.0022177770028238113	0.001329230747323527	0.0031867087030866418
SRR17010984_2	0.08327905333852953	0.04359326221162175	0.003928987995973411	0.004233093675106804	0.004736589398577658	0.004799705671605343	0.004575929794507186	0.004461172934456849	0.004316292398643298	0.0042574795078675004	0.004284734262129456	0.004452566169953074	0.004717941408819478	0.005043563999212308	0.005483943449655477	0.00604338314240087	0.006879673760017701	0.007872320599453114	0.009200631254535765	0.011236131059678616	0.01425136755750122	0.018318063785535035	0.024153450119094668	0.03273295986860798	0.04291045889432225	0.059768241635716736	0.0831112214307059	0.11351605150104267	0.14670947327060263	0.18953529898063776	0.2528007559263885	0.33821715578335554	0.4513430339602271	0.6024778186465208	0.8015221579430796	1.0450878555569172	1.319494459309283	1.637596171986565	2.0038957658849887	2.358285032170938	2.6732997853128664	2.9598720506913185	3.2090393175363627	3.4169156316745455	3.5638919146447656	3.7070955658408304	3.8938953481700187	4.054834672086863	3.9958381703349843	3.800421582276767	3.752985399714209	3.8071864991767344	3.7997402134202183	3.8166711536598945	3.7932779677386335	3.606991722358171	3.3727184614869095	3.1368142187421824	2.9009544442807247	2.7403278328075173	2.608660114968013	2.434474980479858	2.168603418193736	1.8324332379015287	1.596193331341154	1.3829435272311144	1.1552831304202533	0.9619336003036926	0.810245113767656	0.6798497626139594	0.5356405544317034	0.4058620214007773	0.3108146520640857	0.24046439347097728	0.19150481359125165	0.15329938595899326	0.1264032468846955	0.1071628248365059	0.08888205703048722	0.07406838085873936	0.05934077233202924	0.04541215844341959	0.0357094659261636	0.028514210801007474	0.023308552736974065	0.02050848535174584	0.016210840942860724	0.012289025250640458	0.010596361564897988	0.009752898643528012	0.008936690476419991	0.008794678862107698	0.010127292899442236	0.010428529657074371	0.009018454739205855	0.009148990667513113	0.011571794875325852	0.01343229046889194	0.010711118424948325	0.006522493033111027	0.00904714395421844
SRR17010985_1	0.03784333910926133	0.019140417179539692	0.00041490717985461824	0.00039113026410363724	0.0004018298761915787	0.00040539641355422584	0.0003875637267409901	0.00034119874102657714	0.00033644335787638095	0.00035308719890206764	0.00035546489047716574	0.0004256067919425596	0.0005504355996352098	0.0007026078604414881	0.0009534543216143374	0.0013136745952416994	0.0017416590787593571	0.0024264342523876094	0.003677100020889209	0.005528132912103079	0.00863934233811894	0.012556589208093058	0.018559071589428208	0.02754674574329902	0.038323632807431146	0.05365142154630105	0.08231092694674598	0.12273525026077631	0.1596227573568482	0.2037229918459802	0.28115489568062485	0.3774276275563469	0.4970195695548435	0.6568646410739634	0.8524392838920823	1.077770736772554	1.3495432614978418	1.6886603335504204	2.071232096829492	2.416180457469999	2.7366195733543948	3.1051677117235377	3.4341023196057585	3.6375875422942294	3.840544917453028	3.834770693462902	3.7206355536292555	3.717199789303239	3.690274809906828	3.6676522634155573	3.6177837491652367	3.6792351879236476	3.65433600174922	3.4703799488128175	3.4273389759203923	3.468609757435157	3.534452792532774	4.613108030571265	4.216262984766879	2.6355141833522855	2.392762573146858	2.214740049536113	1.9940985932875224	1.7332515613498103	1.497241895605573	1.292458453317099	1.1200853248887874	0.9371576235586151	0.7615151692145435	0.6053543307910381	0.4343483750184078	0.3083010003935198	0.2272122069163743	0.1677497071605335	0.12039916828824242	0.09159343485592895	0.07762568569801517	0.060276859120311894	0.039183168311829115	0.026376921488350753	0.020285275672949427	0.01571891900297353	0.012813379898203654	0.009725947387938772	0.007311401593426653	0.007412453485368321	0.0072935689066134166	0.006387668416501042	0.004682863557155705	0.0037365423102666616	0.003362055887188711	0.0028805733432313465	0.002539374602204769	0.002465666163376728	0.00240027964506153	0.0029626037025722307	0.0031219090381038035	0.002283772757881724	0.0016180191168542561	0.0013422068941428766	0.0026951134003736946
SRR17010985_2	0.03201536737634064	0.01684505991914609	0.0017151939276520733	0.0017532564836055173	0.0017663404872145139	0.0018270026857653153	0.0019590321767288246	0.00205775693123307	0.0020375361983828028	0.0020684620250949765	0.002218333339161662	0.002331331552148449	0.0024633610431119583	0.002748830212762789	0.0031354030466649555	0.003617132270450732	0.0043545942920487106	0.005337084017596986	0.006701388757553247	0.00910527705698795	0.012681967861738147	0.01766578378189223	0.025658920532115482	0.03944589197137705	0.05486836386176318	0.07954717357807747	0.1074922263771467	0.14064233370284937	0.1822637386379405	0.2302047173161768	0.2948468318738603	0.38179122531051496	0.49617396377010853	0.6440767300210773	0.8267520200452645	1.051507844585731	1.2952925681931726	1.5722595144079026	1.9292767736122196	2.27289125530143	2.551686393656799	2.855154394454114	3.1790560405240615	3.3894325450982405	3.5061549412940978	3.810444855409033	4.170950785757458	4.376875160739957	4.416058183184282	4.054689898052537	3.7512516336270596	3.7562330706374665	3.668570246457191	3.5158418617842497	3.459801884872044	3.423012045633293	3.3493919256900915	3.116446704345267	2.800601236133841	2.6421610891581357	2.498103830513338	2.333686672798069	2.1117510457627775	1.8713217743536066	1.6610344788949432	1.414265413009777	1.2056909325690182	1.0398273977275179	0.8627270826956369	0.6941456434680859	0.5570050649129534	0.4398949064283208	0.34520835121976096	0.2676927665656986	0.21068338393155417	0.16889783422391388	0.13560380285851223	0.11040282245271163	0.08870240773975431	0.07167536122495582	0.05729485180379524	0.04418230127783375	0.03459053717756585	0.02728490534425167	0.021033130528898485	0.016815323547307463	0.01412120825872775	0.013374230598141409	0.013763182341790667	0.012982899944745063	0.011032193952131055	0.009340789121949885	0.008195344078725927	0.0077647614145025905	0.007491186793587211	0.007084393226834778	0.007148623790006215	0.007799255605835399	0.008247680093161913	0.00870205185485615	0.018217690843217168
SRR17010986_1	0.032304846893018394	0.016245553194240453	0.00020302285005414003	0.00024399993905589308	0.0002756640532845204	0.0002980151927400221	0.00028683962301227127	0.0002644884835567696	0.0002924274078761467	0.00033899228174177513	0.0003632060161519019	0.0004637861437016594	0.0006221067148447961	0.0008009158304888095	0.0010039386805429493	0.0012609767842812183	0.0016577095096163728	0.002372945972192426	0.0032632663605032418	0.0042001516226796865	0.0057963954987934295	0.008068761343436098	0.01162259251686086	0.016850896554493622	0.022800024839566314	0.03195281644659424	0.04942395712097804	0.07361720298660396	0.09941041791825286	0.13361138647507964	0.19206334134112574	0.27279938224430694	0.37529425740741906	0.5089447583765458	0.6835444094231062	0.8968767225510965	1.153201452421744	1.4612802457016059	1.8119714863533816	2.170278877774619	2.5391564955633545	2.887642423788854	3.165299453674823	3.3872555814427283	3.59610649110989	3.633330451278074	3.605115862905412	3.66547325241004	3.683437980747399	3.681215904966531	3.6521836374087893	3.6806198745810508	3.6739890365425856	3.597235223652393	3.6516602482265395	3.8508387022943333	3.937576024141317	4.0730891200650685	3.677520516576555	3.009873355091174	2.807358993459647	2.56524213790288	2.304327974064036	2.0435386040871517	1.7874392482060137	1.5133565380379699	1.25741736532293	1.044783525302924	0.8530908403577687	0.6950217195335064	0.5305992873190177	0.38690939954446146	0.2904139427301969	0.21623982385216003	0.15737437290618717	0.12311752650072162	0.11364436856149816	0.10046837185247995	0.08388382637649772	0.06507906771460233	0.046276171647661554	0.05075012472867113	0.04671015627208921	0.03266619031421567	0.03662420459279409	0.03418606779718979	0.021501796156192594	0.014520790266257577	0.012058439736243143	0.012710347970361944	0.011281737640164461	0.010048699780202619	0.008694593248190144	0.006040395437849322	0.0032409152210477405	0.0025610680626095648	0.0032278770563653643	0.003963602063442294	0.0034737395903758823	0.0020302285005414002	0.003334044968778997
SRR17010986_2	0.08464021838851651	0.04417411529751232	0.003747102696636985	0.004026320483271634	0.0041659293765889584	0.004162206472767163	0.004242248904935762	0.004173375184232549	0.004031904839004327	0.0041659293765889584	0.004182682443787038	0.004141730501747288	0.004402333769272961	0.0045773102488973405	0.004754148180432618	0.005210203898602545	0.005826344481109669	0.006448069419349487	0.007350873596134852	0.008752546885040787	0.011097976292771837	0.013800804467395237	0.017905305930924573	0.025077480143613252	0.03367366506813863	0.0488817271801725	0.06849956886912291	0.09241922592415781	0.12198838952876712	0.15757190425748674	0.21050415079577256	0.28434608664917177	0.37882035548296056	0.5102053542579391	0.6863489642304518	0.9022476026640058	1.1598018119596276	1.4610442976040174	1.8111089439674308	2.1746114116756146	2.500201688314546	2.7904113484830453	3.0495961896526134	3.2594171875970863	3.4073207106293704	3.5442788964255767	3.6874115182102303	3.8645342518878754	3.91505964110537	3.7983224074172455	3.7536308084885035	3.7742259124306754	3.7620464325776717	3.729649723520409	3.7350981932636063	3.7583104985925	3.684008784117109	3.4343638839908914	3.1060838093407135	2.915569790616071	2.7847488117700943	2.6174657128934546	2.3459710902371205	1.9877663146673514	1.7488824680380333	1.5267777489335463	1.2796439474351295	1.0721274269563479	0.9011921594305268	0.7462132576849204	0.5894976213064466	0.45460750858324783	0.3506882327535643	0.2698658522342989	0.2149902499010359	0.1725510077844802	0.1409938135390322	0.11713930730087871	0.09695372277910452	0.08171587743649629	0.06599033169323287	0.05537074854156174	0.05207039430354019	0.04534683000137785	0.041357738556324165	0.04608768786191512	0.03721973095839867	0.025390204064644057	0.027072956592095538	0.02921548774153874	0.02674534105577755	0.024898780760167074	0.02638049648124161	0.024033205621599663	0.017466003279952725	0.01577208204103586	0.01969416121729722	0.021885090116423762	0.016656271698712245	0.010280798903887764	0.014601228789081228
SRR17010987_1	0.02643152186368558	0.013294120876997098	0.00015956934285968008	0.00017809078444160724	0.0001723918793394758	0.00016526824796181153	0.00019233804719693583	0.00025930018214698013	0.00033338594847468877	0.00039607390459813456	0.0006197559298567933	0.0008904539222080362	0.0012252645969582578	0.0016982737204351665	0.002360771438557946	0.0033908485357682016	0.004607564775073262	0.005956780558002879	0.007636532836856119	0.009719482651685157	0.012600279180812596	0.01628319660306503	0.021856725792949575	0.029043045126737308	0.03657272349292846	0.047923517730098744	0.07024470428887203	0.10125244694956916	0.13230578085108333	0.17090019092899292	0.2371328660259644	0.32988824546825557	0.44500755325758606	0.5903324828144887	0.7852834780007516	1.0117679398433836	1.2696262989995244	1.5972620522261627	1.946550795388349	2.2688395509029124	2.6051746827679545	2.9447325454682516	3.2058635008792913	3.4182289253313924	3.604517584762416	3.6511488757606063	3.6755487379553817	3.7096467119077094	3.691222151712519	3.6861729217920303	3.6374444337162553	3.632507757171534	3.6119617795520744	3.537893109939673	3.5752123900009805	3.725887166722509	4.1771350210669285	4.572153203494893	3.806552318990628	2.8834550683575833	2.65405276710266	2.4164810853838317	2.1393775236977928	1.8582761800826089	1.602829882510945	1.3735330110004111	1.1529711362851696	0.9237469258146881	0.7616800377939988	0.6345816314799881	0.47758676900019587	0.3424115894301894	0.25324224602341444	0.18765212247670826	0.13537179179603004	0.10586001172464242	0.09526004823467794	0.08367417416204474	0.06476805648572373	0.043857348939727966	0.028356327061930472	0.022061886376626306	0.01714800545231348	0.013049067957605446	0.01047886175654417	0.009133920152441152	0.008830453455752655	0.00690422353123223	0.003638750907710919	0.0024747495406005743	0.001974670617888541	0.0016954242678841008	0.0012252645969582578	0.0007337340318994219	0.0005684657839376103	0.001173974451039075	0.0018735150523257083	0.0021399388658503524	0.001916256840591694	0.0012993503632859663	0.0032882682439298364
SRR17010987_2	0.07850881542777381	0.04096997282687232	0.0035450266650071957	0.003750040255272672	0.004063255462622705	0.00427681128581591	0.00425260829252068	0.004114508860189075	0.003992070188224971	0.0040447472912792945	0.004135864442508395	0.004393555135828195	0.00474378668586505	0.005293337004215563	0.005983834165873591	0.0067184661976582155	0.007816143128871288	0.009258356788169395	0.011193172546299828	0.013560794772768489	0.016772674353594284	0.020925623261958137	0.027419143992519508	0.03649953759469457	0.045934433863370344	0.0626829052236694	0.08659403889386853	0.11453141168400356	0.1458899487616937	0.18743509860569973	0.2464790126021569	0.3290226093827944	0.43585035067147504	0.575102984448324	0.7658681301903497	0.9970764777287046	1.256862865526774	1.5604253496684746	1.9082024314440962	2.2389904356319543	2.5317526899420306	2.809758236869456	3.050018503900227	3.2598513372424303	3.4374956132074654	3.6351230194014326	3.8527136239475004	4.077328791371137	4.112330590792504	3.869388062622426	3.718197658329077	3.713523633212122	3.6881403880673775	3.6899570362700076	3.772561852386627	3.8580140794791564	3.7659501641005657	3.426144409352003	3.0385235057904807	2.8351044656715136	2.687511765146226	2.472456780074205	2.195977445429867	1.873009855487344	1.6229801213982278	1.4040811315087296	1.1873134287346991	0.9984047949489663	0.8329246586730159	0.6879928637047158	0.5439651217212668	0.4139708447325872	0.32156524003688763	0.2513751357752331	0.19834780117087247	0.15661472220245645	0.12646775849501574	0.10505949907264095	0.08622245176151236	0.07174051953803717	0.05724007914321859	0.04378463857655875	0.03327626836996513	0.025994014799076856	0.021187585071741802	0.0170047383481309	0.01298561775563479	0.010533996905376803	0.008686027182011606	0.0074360137635873826	0.00702313917208052	0.007109985206845757	0.007520012387376709	0.007658111819708315	0.007344896612358282	0.00801403819169699	0.011046530881040493	0.014039159816721266	0.011838111132343307	0.007326388441014871	0.009910413901652647
SRR17010988_1	0.023751145750933438	0.011994000431475818	0.0002297209218971695	0.00021117202758249123	0.0002168793796793153	0.00021830621770352131	0.00019404997129201897	0.0002040378374614611	0.00022401356980034543	0.00025397716830867186	0.0003210385554463549	0.00039666097072927405	0.000519369040810992	0.0006748943854494483	0.000920310525612884	0.0012627516514223292	0.0017507302557007887	0.0024598687537311812	0.0032717395895044076	0.004503100804394205	0.00640222221461242	0.0090989460803618	0.01363629099733695	0.019833048536463702	0.026914445650598185	0.03698934893951691	0.05417275926503003	0.08055784800864778	0.11152165997194265	0.14954546647900893	0.2109936728294655	0.29265018611675186	0.4013352920965729	0.5428747704217619	0.7215034763481623	0.9379348288878767	1.1934986410794657	1.5039215216257278	1.856791406554095	2.2195835231027905	2.5657986354862605	2.8776925860354794	3.1527084810110693	3.3747687095562764	3.5688258150384162	3.6968688324926404	3.7414903380236355	3.7351508966820877	3.7283805502572305	3.736094036616088	3.692850856616476	3.7055597028980793	3.699464250858671	3.620560108120078	3.6446651097010148	3.7907790307318083	4.173678148717615	3.8616729048025085	3.160160856011497	2.9790166346484215	2.787560654884409	2.5566340548567856	2.311263573510124	2.0383080326414884	1.759998995506031	1.4957485934230756	1.243620607193775	1.0153664747854891	0.8584999024042792	0.7158146731456528	0.5254288218997949	0.3718439769742587	0.27723462810323	0.2088248790326723	0.15429826393763918	0.12352422143156372	0.11737026903316315	0.10338440271989571	0.08004418631993361	0.05804662450074938	0.0394049857144977	0.03596059872406437	0.03138472918043565	0.023070544013387165	0.019544827255574087	0.019042580271053565	0.01762430327499278	0.013507875575158408	0.007656412837889513	0.004879786042784594	0.0038410479611626102	0.0035085947015226072	0.0033915939835377136	0.0034786311030142814	0.0032303612868024335	0.003119067920914364	0.0034757774269658687	0.003567095060515054	0.002972103604421143	0.00210173240965547	0.00289790802716243
SRR17010988_2	0.024184358460720964	0.012727332648385789	0.0012189236381878956	0.0012446152371192562	0.0013017076791889469	0.0013588001212586377	0.0014059013859661325	0.0014544299617253696	0.0015786060232269466	0.0016756631747454208	0.0017798568815226062	0.0019240152977485752	0.002158094310234307	0.002437847276375791	0.002703327131999853	0.0032157317995753264	0.0039051230375668415	0.00476721891281917	0.005943323219454798	0.0076903519467873315	0.010360850924597114	0.014183189921162902	0.019789667732406525	0.02829929622289392	0.038507424864954606	0.052771971516066815	0.0719150673420341	0.09726982086518371	0.12924016111315875	0.17141434807003925	0.22989128185991992	0.30794806865760094	0.4097767210220495	0.5479875320954084	0.7330269914653793	0.9590673881076985	1.2180272868474014	1.5208641546287134	1.8796030870625628	2.22819811985168	2.516823251490794	2.7987029110993746	3.069804944956249	3.2807957738689977	3.427851631530003	3.623020717434189	3.781188191633009	3.8685638922875145	3.85836860944492	3.7403728047973863	3.7268775788031636	3.7767963555267974	3.7551283464502982	3.737816490703716	3.75759616725876	3.6752603019279557	3.4954619287399824	3.2897293137418524	3.051145707576822	2.8827073030496657	2.7616870262834903	2.586584506455749	2.319594555738944	1.985620897363875	1.742509860542718	1.5366188140178445	1.3051175252915592	1.0953013733743944	0.9152703484849872	0.7548962514001744	0.6002856363422968	0.4570335626341842	0.3475759326981733	0.26998302199230845	0.22080501970452865	0.178936277312721	0.1473356106271472	0.12665815542055697	0.10617624182805546	0.08826777006184525	0.07125136770297395	0.056377359232767786	0.04647610246683168	0.03986337036410976	0.03558857376414167	0.03216159992890849	0.025484638828858167	0.020387711063086535	0.018497951230579773	0.018116859179764588	0.018045493627177476	0.019360047105832102	0.020895833797506782	0.019782531177147813	0.017430322563876558	0.01758304484641298	0.02146104897399672	0.024616833709398867	0.02059895309874439	0.015162325302658097	0.027769763822697538
SRR17010989_1	0.021229401160167825	0.010666715213658003	0.00011331759457212438	0.0001541862352374807	0.0001931972104180481	0.00019877020687241487	0.00019877020687241487	0.00021177386526593738	0.00023963884753777122	0.0002897958156270722	0.0003455257801707399	0.00042912072698624145	0.0005721609693149887	0.0007672158452178257	0.0010328620095426417	0.0014025374410156378	0.0017945048583061008	0.002325797186955733	0.003308502228409074	0.004512269462552297	0.006184168398862329	0.009160148505494186	0.013908341484614674	0.01972283445200401	0.026947295522348137	0.03791495254454194	0.05983726293053603	0.09065779098866908	0.12120895755150772	0.15994871357129595	0.22185355818640207	0.30938675582965613	0.42557815890674905	0.5695249419920732	0.754776917131679	0.973674929531782	1.230643938377149	1.54091308531208	1.8848208388455685	2.238078222764	2.59368183818972	2.910792767105128	3.1530397769835434	3.3288065121578168	3.505474215092213	3.618665488411372	3.645269115819034	3.668114685950968	3.6592331872681925	3.6283383525906676	3.5821344966529978	3.5989723766071244	3.5771002231892197	3.508037793461222	3.6091969674354027	3.8557166079288323	4.04328509192797	4.453782722429202	3.988554551415118	3.0496086781214653	2.829237536991925	2.578515857171903	2.2699501894865235	1.9459417486260937	1.676615548975911	1.397536605530586	1.138498157335164	0.9367742623419347	0.7565862833138635	0.605249706930049	0.4523954178451619	0.3292414845310802	0.25501102942439957	0.19874605722111266	0.14723856632437013	0.12218794726199149	0.12383569654699927	0.11764967048265215	0.09139156885516071	0.06143485524745451	0.041619137521211054	0.03635079820634966	0.028591329476386332	0.021192247850472044	0.018929611289999138	0.01766639876034267	0.01830357802162527	0.014569670397199532	0.007739034409630659	0.0061470150891665505	0.005528412482731839	0.004688747683607245	0.003265775922258929	0.0019226837767565364	0.001322657825169714	0.0019616947519371037	0.002871950839483677	0.0030595750534473582	0.002530140390282515	0.0015418623523748068	0.00362616302630798
SRR17010989_2	0.07268144618033773	0.03802075754034269	0.003386058383554761	0.003736916406850731	0.004015375155498327	0.0040859180384890505	0.004195445146290439	0.004072923296885496	0.004017231547155977	0.003950401447480554	0.0037461983651389846	0.0037721878483460937	0.004004236805552423	0.004312397820722429	0.004537021211298156	0.004856320576414066	0.005558036623006006	0.0063340083359039725	0.007208368806657421	0.008608088116526	0.010928577688589297	0.014420450396630143	0.01948654323035873	0.027389202516977493	0.03702387522018429	0.053863203946733225	0.07676365143551148	0.10558970109551057	0.13841998756106205	0.1795446319529966	0.2358675548461169	0.3137803127177141	0.4181206622276258	0.5543538204159754	0.7342567359588986	0.9545046113975432	1.2108221767443395	1.5127308648113778	1.855225843689632	2.199324744960096	2.500472312447498	2.7645031851318325	3.0097863584655533	3.2056412475226685	3.363024275866632	3.579522240156822	3.7966736543105055	3.971300704762385	3.9894487896075783	3.781770542082886	3.6625270803453547	3.69845197170421	3.6845049011802806	3.7133105305320457	3.7678438918671913	3.7860773707286355	3.8346220125762	3.620520649916036	3.1699484051210196	2.952401579544257	2.838318886614995	2.667658945135514	2.355334043477398	1.901644917089186	1.6260765702525528	1.4281536608888148	1.20322025290626	0.997598887338245	0.8277631837547612	0.6889013749791782	0.5394711284965903	0.3972993733954162	0.3047099830784331	0.2450771138597217	0.20360718061946415	0.1658444615195349	0.13959693987201258	0.12352058811675806	0.10462623382518987	0.08869468061923211	0.07236029042356416	0.055695462512834394	0.04276940740061302	0.0358729123924409	0.028306259995856904	0.02448766235606955	0.021652952294837022	0.015890712589489448	0.01242297297299806	0.011723113318063768	0.011569032810478767	0.011301712411777076	0.011002833354895323	0.01044034668262718	0.01046819255749194	0.012872219754149513	0.016579433894477833	0.017986578770977014	0.013492254567804826	0.007557370438295742	0.008561678325084737
SRR17010990_1	0.030614767489616015	0.015530075160562058	0.0004621730572990757	0.0004939861166925111	0.00048161437137284177	0.00048161437137284177	0.00044008065494252326	0.000390593673663846	0.0003994306346064669	0.00041710455649170884	0.00044538283150809586	0.0005222643917088981	0.0006769112082047648	0.0008050471418727686	0.0010648537935858244	0.001451912682872622	0.0019520846722249677	0.0026175078312043252	0.0034826463074869164	0.004648241455818619	0.00640326189902314	0.008844030511375047	0.013286370777230598	0.019468708652688214	0.02600540866194493	0.03535668073142642	0.05323473641444287	0.08072210342646532	0.10992560825354478	0.14408311338505755	0.20380064434700712	0.287265740450062	0.39638806895392253	0.5397076689135376	0.7228413127040372	0.9408323489327051	1.2024585309038467	1.5228072020347987	1.8773169130816405	2.230358804915913	2.568694226349476	2.8891524757961164	3.172269263083618	3.439018231313197	3.669443755284226	3.7132096880486514	3.7122561799629423	3.7480184772016347	3.7381352200834077	3.741619633783083	3.724409652347329	3.777784012744665	3.769906745760413	3.6588411695452696	3.656436632472783	3.8372002033384716	3.9560617464971943	3.7866156715107206	3.346584503549476	2.9432523506868415	2.735359309727307	2.5062036570437316	2.2594951488398287	1.998917914132576	1.7360969750419921	1.479442467297169	1.2386503044443506	1.0081867815412675	0.8420519158199937	0.6980182894162148	0.5137862113805476	0.3737327521853252	0.2828295860568663	0.2098371723669115	0.15011699031667913	0.11579158292725655	0.10199178471925968	0.08707234355983273	0.06697532698412419	0.047473037879854005	0.03297865454176713	0.027991957481846123	0.02654446327944481	0.020710301665126458	0.014769212823402392	0.014439594180242632	0.014745353028857317	0.011893665732673536	0.0068389240734943535	0.004668566465986648	0.003950121541351564	0.0035895735348926297	0.003347440805064816	0.00322283965577386	0.0029170808071591753	0.0032325603128107432	0.0036496648693024525	0.0033333016675566223	0.002748294853155115	0.0020961271355896894	0.0029073601501222925
SRR17010990_2	0.02916009597248297	0.015232450545742253	0.0012977330045354089	0.001269444546670877	0.0012252438312575454	0.0012243598169492788	0.001237620031573278	0.0012685605323626101	0.0013985106356778044	0.0014745358661887344	0.0015152005243689991	0.0016822792286313917	0.0018979787198484487	0.00209688193920844	0.00232230558781643	0.0027263001266942784	0.0033415740852478512	0.004213212193198746	0.005354474665170961	0.006957192606058356	0.009128331747161194	0.012089779679854395	0.01672820275532939	0.02405137728501013	0.03285881183827054	0.04683242600904112	0.0658546458943224	0.09032858201868398	0.11933485950152856	0.1581687240493732	0.2138519013127798	0.29170969348474646	0.39469117229765066	0.5307400903255763	0.7101525622169049	0.9305214170102263	1.19010779856118	1.4936809640628645	1.844177609047342	2.1878885602015643	2.4838972152674113	2.7705317826083995	3.041506920492752	3.266650336565022	3.4369707212958276	3.5833007257288942	3.773553865082496	3.913485373952329	3.8761242772420568	3.8162747405437893	3.845660260164881	3.8971487895355623	3.9003020685731493	3.812393033716191	3.723407269431764	3.6685630217469027	3.5482530944633557	3.3160923728120655	3.0449033034651123	2.8900973698443853	2.7700057940949807	2.58310748904125	2.313639595552492	1.9897703455473141	1.7482213919422327	1.5267528233494274	1.290644977811727	1.088452341210676	0.9129145040324799	0.7543241051580635	0.6023434812665566	0.4626727566176626	0.3547186973207586	0.27201739075379905	0.2137617318533366	0.17242168674155606	0.14181092328920755	0.11950724229164054	0.09894595349566705	0.080653929429014	0.06469393510756832	0.05082728666809801	0.041807688680853605	0.03479126711614138	0.028180608118923547	0.02509186212583995	0.020453439050364956	0.01556130386841744	0.013289387096172207	0.012598971921415974	0.012177297096372792	0.01191032477527627	0.012831467684490096	0.012928709258399425	0.011135928241234704	0.010679776858169125	0.013345964011901272	0.015960878335753957	0.013202753693962078	0.008731409322749477	0.014202573876611634
SRR17010991_1	0.06561515481578672	0.032956879798154856	0.00030347333672714976	0.00030509618879520937	0.00027588485157013613	0.0002320678457325263	0.0002255764374602878	0.00025641062675342064	0.0003180790053396864	0.0003651417153134155	0.0003521588987689385	0.0004008444608107272	0.0005533925552083319	0.0006621236437683268	0.0008244088505742892	0.0011716991931390488	0.001624474920127684	0.0022281758894458644	0.0035021147628726697	0.0052580407005131825	0.008033117736895141	0.011713746227254369	0.01728175167276694	0.024724151256888382	0.03450508067108374	0.04868880774592485	0.07442886439741855	0.10833511265538828	0.13582460383625025	0.17436571760059827	0.24534602135339012	0.32647564193982687	0.4315488219384153	0.5607018809228725	0.7343032351994147	0.9298487951402592	1.1403294626634564	1.4270014119299848	1.8150886326336952	2.1535506599482104	2.4248606915384867	2.714612814030192	2.9885502431186572	3.1990974475766447	3.5056249918958824	3.6910796576775327	3.642889065516502	3.578586798023775	3.5264689038580403	3.572179778059076	3.5620466897461114	3.6921020544804097	3.7619593446021047	3.572751021987033	3.5476211577131296	3.7320485581356975	4.997938085304927	5.031703145432975	3.3775056896787796	2.7372710746044406	2.601241991407615	2.467811094371753	2.2359639565204823	1.9400855674718518	1.6543143011030965	1.4519462710681292	1.304993770601194	1.0989937976379096	0.9657706256667589	0.8072958755166004	0.5418524541523599	0.36863733866801596	0.2553362986843652	0.1871992317548138	0.13634067079389323	0.10552433287350901	0.11343573670529969	0.10141527143718206	0.06246357609961495	0.04140057910826908	0.02833986566452522	0.020236965288703515	0.01620904645577953	0.012737765882199992	0.009436884775766716	0.009547238716394771	0.010555029850659797	0.009346005059955377	0.006497899680510736	0.006321008805092237	0.007059406496059366	0.006950675407499371	0.00630802598854776	0.005795204735040919	0.00544466868834004	0.0062869289116629845	0.005428440167659443	0.002921133722507324	0.0021324276174303465	0.0016764061863055921	0.0023223013093933227
SRR17010991_2	0.06705528933573371	0.03419151021149376	0.0012985145107616907	0.0012481970734696752	0.001334223659807637	0.0014202502461455992	0.0013001376539001426	0.001317992228423116	0.001417003959868695	0.0013975262422072695	0.0015014074030682046	0.001652359714944251	0.0017854574522973244	0.0020013354897114558	0.00223506810164856	0.0025450884410929135	0.00304177024145926	0.003900412961700428	0.004960325431109658	0.006330258239963241	0.008536109765119662	0.0119447103558691	0.017833473662173367	0.030521583575453537	0.043391485520240344	0.07163742241558402	0.09309537470592096	0.11088826978963302	0.13698516516966608	0.1621390143862585	0.20745230138242615	0.2763287573195031	0.36496698096723457	0.47999264261678204	0.6189288258388675	0.7883784769207144	0.9927776460597121	1.2263089882476483	1.5206627501196621	1.7795557038459129	1.9877108262072885	2.255302204012504	2.548670717999477	2.7627097342377422	2.9456704288040645	3.396058563718618	3.927834341881438	4.46383353849051	4.422662512783672	3.765391799728289	3.610610493188634	3.77727158435862	3.814900911737355	3.882409058008717	3.8254627041392633	3.6296483390595387	3.536671453802725	3.3348969071186043	3.113248595847276	3.058689885534485	2.9589720868236795	2.8401823562360615	2.5715894991144213	2.1612702757156965	1.9400196345132885	1.7703200193881201	1.5693115962653488	1.3947441748679628	1.153324357027149	0.8801526131119354	0.6867518618790891	0.5420178113664526	0.44176437541995783	0.3637041756055188	0.2924644232588556	0.2345669075102687	0.18922278079447047	0.15880670152301632	0.13008193740182927	0.10716802571630077	0.08548607967285744	0.0636661664626457	0.0482771463669812	0.03655805290735695	0.027752501381254235	0.023318074327003058	0.01904271530032019	0.015674693288032056	0.015273776932834385	0.014695937975545432	0.013155575137154379	0.011566518004609758	0.01050822867833898	0.00960900737963651	0.008669207502472737	0.00866433807305738	0.009969345156372881	0.011685007453716765	0.010539068397969571	0.008471184039581579	0.01706735010082397
SRR17010992_1	0.008415700479897679	0.004279409783444869	0.00013790120361214088	0.000134174144055056	0.00012597461302946925	0.00012672002494088622	0.0001282108487637202	0.00012299296538380132	0.00013864661552355785	0.00015728191330898232	0.00018709838976566144	0.0002579125213502743	0.0003741967795313229	0.000537441988131641	0.0007767192116964908	0.0010979917455172083	0.0014915692347453725	0.0020700088780049473	0.0027967854916365006	0.0036651903684372803	0.004883193431692622	0.00650893681049305	0.009190183455859919	0.012642186017631942	0.016828419312149692	0.023037700534253115	0.03335420138826409	0.04858893003380428	0.06787049994642724	0.09614322833456179	0.14276278009840243	0.20618466175749312	0.2903640289138124	0.40794157676116943	0.5749198082138638	0.7776934650647128	1.0194991258330892	1.3233267846909151	1.6732208996743103	2.0571594674759415	2.442344363993462	2.753684284094548	3.0518371220707565	3.3751595386478703	3.6638926062995028	3.82847359304508	3.9418813066599707	3.988488186421317	3.9765727770173167	4.000519880083499	3.9651232500579523	4.027311475003648	4.033096616848155	3.910758123122578	3.871351177013608	3.891378904249559	3.8246466482918655	4.245556901487867	3.879525364034206	2.8715376343491297	2.6208190833559404	2.3790693284809206	2.1539310780518277	1.9263530944366674	1.6843439362164745	1.4248489053782616	1.1497747655914343	0.9202721284209953	0.7759462195443515	0.6330902629570219	0.45931536569602754	0.327206758047508	0.24392635765635756	0.18235682459713803	0.1355926629224825	0.10583581941871675	0.09583388239132376	0.08465046748433483	0.06090089857467851	0.041954764022193176	0.02981722186859053	0.026365219306818503	0.02736556209194009	0.02231166933253298	0.01486574974938879	0.015289143715073632	0.01671288046588006	0.015104281561042222	0.010362716392518826	0.006919658773683805	0.005266335154160948	0.003867196996431281	0.00354666987452198	0.004202632356568921	0.004438927932488103	0.004882448019781205	0.004485888882907373	0.003399078316061419	0.003763584740744321	0.004251084130811025	0.004477689351881785
SRR17010992_2	0.07374719769518875	0.03713448464671419	0.0005225169862371113	0.0005113361662748336	0.0005240077622320817	0.0005575502221189147	0.0005672402660862221	0.0006253805298900662	0.0007312256255329618	0.0008318530051934611	0.0009578235767684565	0.0011188273842252555	0.0013558607674255428	0.0016629606223894369	0.002096776436925812	0.002736319338768096	0.0034675449643010578	0.004332940429381352	0.00554121437330483	0.0069395622565870275	0.008715821854594212	0.011141314398410988	0.014293560239775816	0.01888440491628704	0.024188585906391582	0.033061684628455164	0.04465172260135223	0.05903994711680867	0.07826573973594392	0.10681559081562128	0.1507345970154456	0.21272106288631318	0.29726893266506216	0.41712359572069174	0.581223744919044	0.7910169237512356	1.0451323636898908	1.346663424924573	1.6970062191745725	2.0474757293841446	2.350289603362499	2.635796313427245	2.9287196340669683	3.2056133858207736	3.4480292157509007	3.703801653207966	3.960892682032582	4.104661628211528	4.189766302824398	4.13449354664688	4.044522979186427	4.11990183120811	4.113521309949637	4.002514402424157	3.9675035281822777	3.9670734393077294	3.84628182353926	3.473389551589339	3.0424390085152972	2.8248103110535423	2.661027697142118	2.4568152382470987	2.1988334707654875	1.8884062037808198	1.657426861896107	1.4578387901374852	1.2225302347633786	1.004572821194732	0.8227547992961569	0.6720835602604976	0.5354763019613886	0.40432230225188126	0.30539142567365823	0.24113898029043565	0.19976472871402579	0.16063036807005884	0.13019021302875905	0.11272502685968379	0.09603877114798055	0.08069719538374057	0.0640981500677431	0.049028640922585215	0.039547305594573715	0.03309746325233446	0.028888257230535643	0.027690418718576956	0.023588548568416013	0.01856537885336338	0.016701163471652947	0.016778683823391406	0.01662215234391952	0.015705325107012745	0.016116779281624565	0.015960247802152678	0.014191442084120345	0.013158334319605884	0.014867508997839403	0.018083858206987956	0.016569975184095555	0.013062179267930298	0.023603456328365715
SRR17010993_1	0.00624931903827135	0.003313524097189544	0.00036618743189333465	0.00038297539438701195	0.00042914229124462426	0.00046691520685539803	0.0005046881224661719	0.0005246238279274136	0.0004931463982517687	0.00046481671154368845	0.0004920971505959139	0.0005025896271544622	0.0005330178091742521	0.0006673215091236701	0.0008477921059307004	0.0009915390347828117	0.0012601464346816474	0.0017428003563748678	0.002341920767867974	0.003225387294097739	0.0045096664248640474	0.006354243803856833	0.009508282257356443	0.014244586175885135	0.01968493527149241	0.02705380155856086	0.041017189362676905	0.06241029981790097	0.08766988788495007	0.12146615488003405	0.1774917827120584	0.2541540134394355	0.35326804550679414	0.49198907808736086	0.6845868793007612	0.9065594178874733	1.162078502527176	1.4874481021124462	1.8569112851873595	2.2422716194961296	2.624043526821876	2.9737147513643998	3.2703580486276764	3.5006867955456165	3.7358294907086185	3.9118491789595122	3.987135846010063	3.9394559340327087	3.848010853081993	3.8145188679071067	3.758166924054111	3.773387310549942	3.754558561365627	3.6587171327368795	3.7173595842226055	3.8825930065713123	3.8050903284715956	4.188097200288283	3.9496798031913585	2.936842090242349	2.583364195204384	2.3323715649520396	2.070781533375561	1.818948455750876	1.5776813020206497	1.3470724059785963	1.1158969162023815	0.8906129520137915	0.7329939199036237	0.5969726015415715	0.4204345849486851	0.28652540211786864	0.21212220159354697	0.15659391715039783	0.11360624069002555	0.09028671153865202	0.08767408487557349	0.07948890391225	0.06030655826791204	0.04460246860273285	0.03098952951567232	0.02850805880957565	0.03559048048659574	0.03475632860019115	0.022838973724992023	0.018492989934441328	0.020199066622861275	0.018405902379005377	0.013031655885716953	0.009351944356634074	0.008658391656114033	0.0073531275722306284	0.005678528313486324	0.006123409319568771	0.006453922331163041	0.007442313622978288	0.008848305481823757	0.007578715818239415	0.006617604965476394	0.008278564004694587	0.00989230689939931
SRR17010993_2	0.07176913251560997	0.036389273306841635	0.0009684919049081554	0.0009244218507303196	0.0008929432406032938	0.000855168908450863	0.0009317668597599588	0.0010188576811113964	0.0010734206053315742	0.001222419359932829	0.0014144388817076852	0.0015728812193470478	0.0018435972664394681	0.0021993055608748578	0.002569703873369526	0.0030649673393680623	0.0037239195780271327	0.004551807024367907	0.005552826826407322	0.0070826872785807685	0.009574743913636965	0.012572556884734038	0.01646646095744711	0.023510324616871213	0.031399913601708074	0.04678455965778973	0.06305270537143658	0.08047191892872833	0.10618679554149557	0.13940617280854573	0.18897973732358994	0.2596492170587625	0.35378704993063687	0.4859132695038058	0.6622658870184415	0.8851921575030159	1.1562754550469183	1.482048640538511	1.853773251806531	2.2069758488758096	2.512008827441709	2.8203701443850395	3.110262960766844	3.341086165245285	3.5168774142126553	3.727132494834098	3.978441978783207	4.118595243938768	4.152490362036544	3.99222856073184	3.8490292154029873	3.8955808333458375	3.807272839069488	3.7333463724731724	3.7448916773807612	3.777136267020878	3.8489599624607083	3.582233304558386	3.071267258541485	2.8241286904342062	2.676553818297698	2.4496990172692703	2.1621104351487643	1.8227311450732668	1.588260618968108	1.3860651118261886	1.178883392840148	0.9943631252845536	0.8040822720757133	0.6335280145464756	0.4884074247128705	0.3647416062548418	0.2804639233617561	0.2179033335953053	0.17596333203606485	0.14261174460648118	0.1160763255564028	0.09901596815455914	0.084144423443548	0.07263164643309049	0.062369619531680125	0.05471612012279596	0.049925075661462655	0.04223485120743029	0.0352403040372052	0.03757811548263897	0.03318789865692313	0.024409563579499912	0.024829278381193587	0.026066387759185693	0.024096876052238127	0.021237568965699963	0.021982562738706236	0.026008676973952812	0.026133542127456683	0.022214455166641993	0.020509363784761436	0.021727585996677328	0.020337280716067028	0.01714325107517816	0.03256567146341226
SRR17010994_1	0.011243643742190848	0.005768885933051399	0.00031320670492245435	0.0003465942216908378	0.00036487786182590496	0.0003744171523311574	0.00036885256620309344	0.00035931327569784107	0.0003680576253276558	0.0003744171523311574	0.00040382996472235227	0.0004491415946223013	0.0005151216872836305	0.0006351577594747234	0.0007957358163131392	0.0010850942949724625	0.0014793849691895624	0.002026304291490701	0.002933331830365118	0.004248164038339076	0.006523284823841778	0.009916887421085326	0.015797065076698	0.024589906099914415	0.032805620047563065	0.04443242529171488	0.06904776949964331	0.10631936738541538	0.14534778460590475	0.1943845074481548	0.2767077895676077	0.38337852081996654	0.5162862756661468	0.707295464157193	0.9528765488061622	1.2120662263017492	1.5341063142320672	1.9507523157482263	2.4151782385825684	2.8881569302957444	3.3411627325135487	3.7310239961727096	4.0214914173532685	4.234711253904044	4.546954490485468	4.477495736553223	4.180160821149758	4.090571779428805	3.971581849429788	3.866687811034032	3.7077703856844058	3.671544135049834	3.5744341577063645	3.3271781326328487	3.2650892755567864	3.2963304519614884	3.299900531433079	4.474090209842848	3.9837515992918635	2.1392741342400283	1.8715555360918699	1.6890498301453807	1.4468520138622745	1.2100987476350409	1.0298459041295422	0.8599964518608967	0.70808881515088	0.564362709930868	0.4942314360180031	0.4161817560449034	0.26944361984785803	0.17374704738091665	0.12009012817062267	0.08865498619231421	0.06905571890839768	0.05829539921847295	0.055463024879288426	0.04810902684061425	0.02879037368572723	0.015140443913586462	0.010265866465402475	0.007189445277458572	0.005048669499904842	0.0039373421560429354	0.0033983722424961735	0.003661497672266053	0.004669482702321058	0.0050741076079188485	0.0034611725716557516	0.0016304237355227254	0.0010660157139619575	0.0008219688652025833	0.0007249860783991837	0.0008903337804902256	0.0008513816775937782	0.0011153020482390949	0.0015405954165982655	0.0012925738634617025	0.0009038477753726664	0.001035807960695325	0.0027401611976337567
SRR17010994_2	0.07591559864493877	0.038509536943786664	0.0010215891115168741	0.0009548081890519579	0.0010017138369737442	0.0010597496386396835	0.0010915500779086912	0.0011495858795746302	0.001263272449961333	0.0013682138995490588	0.0015200609970585706	0.0017450491048868005	0.0019986576080571372	0.0023238170995827415	0.0027984386556726827	0.003474993001120822	0.004392435674031696	0.005588927201528113	0.007201209472466806	0.00973649949318845	0.01326316820812141	0.018017333878838068	0.025044435946307057	0.039130440520514044	0.05380475322119767	0.08592240187191377	0.1126951916924914	0.13552552205469381	0.17424971196354627	0.22073718410894524	0.2906432947430233	0.3862211049879895	0.5111888812053728	0.6777715072611612	0.8935820083163555	1.1651267542453945	1.4822908203277885	1.867933157321082	2.320538474294107	2.747774195829299	3.080582488010082	3.3996005197018584	3.7268516851203817	3.8975341828089274	3.9203772333468376	4.037341634011193	4.431036637238382	4.752512047874671	4.823369786653874	4.4427407889113395	3.9504373935768484	3.8107372688571157	3.6532010727623785	3.4410452371901745	3.3028460932039394	3.241954612091643	3.162885999893182	2.8446454889415325	2.4267416063098306	2.252998316341643	2.1172144157178883	1.9419144942474833	1.6829396669505015	1.3476048298697965	1.1542215886090699	1.0122008268336813	0.8702969316726064	0.7538031775094319	0.6098330488068531	0.4692615920511495	0.3672871234472223	0.2959913336170886	0.23894452561241566	0.18997741421501577	0.15966762053674277	0.13273741854178356	0.10811115837186394	0.09173075210439804	0.0774531498835953	0.06279473740254617	0.047578227212325956	0.03543522947745534	0.027148035003951916	0.02130390927729002	0.0168224323733051	0.013698834226106814	0.011871103979120595	0.010786709000047431	0.009941612326473549	0.00932945387054515	0.00886278242427246	0.008522517724094078	0.008396905988981497	0.008297529616265849	0.008296734605284123	0.008691855063201545	0.009469375803328784	0.010642017001373445	0.011362296950816472	0.01262636441175953	0.03191412583939446
SRR17010995_1	0.009829026300672075	0.0051358303768864	0.0005061704990003503	0.0006406551294878912	0.0007052501094858438	0.0006808946252243207	0.0006988965048958812	0.000661833811454433	0.0006078281724397513	0.0006353604589962557	0.0006755999547326852	0.0007476074734189275	0.0008037309806302634	0.0008365579376784032	0.0009805729750508878	0.0012590726429109133	0.0015661635314257703	0.001962204884200103	0.0025308524950017515	0.0033292888051403794	0.0045375326113315925	0.0061767625955419314	0.0090327078587301	0.012975119506801868	0.017394051499120825	0.024066395252679836	0.03672595239818023	0.05662226517164797	0.07803179477162514	0.10590399917369253	0.15626584595603074	0.2250234958945072	0.3126778248176307	0.43491058778752695	0.6016641170533892	0.7950720765082427	1.0299913115516166	1.3315958625030409	1.6831090364427193	2.0480251392649236	2.3913421632835505	2.7000352190891763	2.98247306286088	3.258627191693111	3.587231385349581	3.6728430303970314	3.6348294141352855	3.6904139238905733	3.6659144245916773	3.620803832002943	3.5657816162538674	3.6108106709170307	3.5914512377314147	3.521032120192663	3.6409638193668945	3.913394735909407	4.189057519320015	5.9238118306722445	5.31370694992109	2.9066449099478735	2.6262995199544643	2.3871699629361416	2.114680805018221	1.8447966249821848	1.6129461809557628	1.392871084102738	1.1579518490593643	0.9257561925168877	0.7800299176415064	0.6595645156817179	0.48140520724277464	0.33653878685523503	0.2539154538332636	0.1928361350417569	0.14541600718457134	0.11381000115180263	0.10259694798461702	0.0928399292026312	0.06868352455159356	0.04726340561063313	0.03376517265925768	0.031205728943601095	0.02853721501581682	0.02216454961208438	0.017183323613553736	0.01688576313192382	0.018521816313839177	0.018493225093184348	0.013701548298254254	0.008297807594491098	0.00627947920307966	0.005531871729660733	0.005374090549009996	0.006569627146021283	0.006697758171918861	0.006034865426366102	0.005701301185393067	0.005540343202447349	0.006569627146021283	0.007145687295511223	0.006662813346674067
SRR17010995_2	0.07374697198038764	0.037582122976417706	0.0013696078074551322	0.0013081714170201765	0.0012149575832567955	0.0011778838993736327	0.0012382610416976408	0.001253090515250906	0.0012891049510231215	0.0013907927696740826	0.0015623909636475791	0.0017159819397349683	0.00185580269038004	0.0021651031387767135	0.0025898616312666654	0.002987079672871982	0.0036745316968769173	0.004550529884630509	0.005468897996822001	0.006943371367260937	0.008890269395182462	0.01131382907303037	0.014798755358047682	0.020204098468212833	0.02658289059233875	0.03910849950429307	0.05363714659404914	0.06993685652530944	0.09233571707940552	0.12381233394432177	0.16871068362305394	0.23188953720051825	0.3170890997564704	0.4324751149782047	0.5904852741844668	0.7949148633567817	1.0375875463267457	1.333084932589662	1.6828327701028662	2.009679663457385	2.2976796915910147	2.6154964947997064	2.9221742448736734	3.1520384996860598	3.328758158275988	3.6056201925230047	4.0378929911120185	4.310424819081482	4.329692542219617	3.9859040345786036	3.660827144817478	3.698415623282562	3.6760178219765764	3.719457587006534	3.927269355397104	4.332842746101575	4.371253201100753	3.744724891445076	3.1102373914837385	2.8093272473738806	2.669012887109107	2.4735000485347483	2.2022710957417506	1.85156569793625	1.6168373757983925	1.4291756842223766	1.2081328476779607	1.0190909558133803	0.8464875353825942	0.6985857808991043	0.5608612822655978	0.42830697366162623	0.33101079767865355	0.26058456852608636	0.2141375981091489	0.17270404900132605	0.1431531452021124	0.12755995376085408	0.10955485437096825	0.09258993662603292	0.07726897194928813	0.06256660816933665	0.0515853830031438	0.04442486577313863	0.037827868538157526	0.03510771938924431	0.03176896934353776	0.027045782016822808	0.02478534654806082	0.023949599788523235	0.023496241597037698	0.022637191379059268	0.02236708311076765	0.02211710055658404	0.021108696354962007	0.020146899070221665	0.021527099358786276	0.02582129120056749	0.028038297496780627	0.026900665025623	0.043876175251667815
SRR17010996_1	0.011140851771178325	0.005691601926607252	0.0002643840894940143	0.0003359881137319765	0.0003938221333087921	0.00036628212398649897	0.0003919861326873059	0.00042595214418480077	0.00043146014604925943	0.0004663441578574974	0.000488376165315332	0.0005893561994970735	0.0007408262507696858	0.0008675102936522344	0.0010520283561115985	0.0013411984539956768	0.0018295746193110086	0.002457486831859293	0.0033103091205396377	0.004555117541907288	0.006538916213423138	0.009099219080085659	0.013658926623546662	0.021657463331051337	0.02888304377691032	0.03654375637006153	0.0538489802278798	0.08390798240285204	0.11756921779718023	0.15895817980734386	0.22644038265006955	0.3226211112072462	0.45285597929174903	0.6292644270060086	0.8697685744166624	1.1315271830219515	1.4176284058672153	1.7897820598412273	2.2333827600000644	2.652732645950001	3.0209168665803596	3.361371051824101	3.6171672484111137	3.7929854219255654	3.9768581301664776	4.067275652772809	4.076978916057363	4.044877363190987	3.926348835069081	3.839102085536056	3.7354589324528487	3.676693142560629	3.607099539003194	3.476411178765184	3.543855743595169	3.956867755399735	4.362934176853219	3.689210076797611	2.78959731227869	2.5776512365349435	2.3601999129276705	2.105065594564704	1.847875873505983	1.598175198982305	1.378211308524528	1.166055010709621	0.9406831804212565	0.7263943678844935	0.5761351590217514	0.45838509516335474	0.3229919833327864	0.2262145545736267	0.17267310444984585	0.12609560468336217	0.09107297482820198	0.07243297851856323	0.06664590455963869	0.05840960577165156	0.04138253600798844	0.028216575551310824	0.020358492891349843	0.01857206428664376	0.01975077668563791	0.015359981199353636	0.009304851149692114	0.009826275326194197	0.010747029637869531	0.010694703620157175	0.008118794748212022	0.005622751903301519	0.004877335650978118	0.004385287484419813	0.004789207621146779	0.005663143916974216	0.006250664115849802	0.007968242697250154	0.007472522529448877	0.0054070218302768895	0.0059807720244913305	0.008763230966353683	0.013299988502046107
SRR17010996_2	0.07535104001312395	0.038371003049991734	0.001356972860166115	0.0013845349358634633	0.0015205078426370482	0.0016730179948290424	0.001865033788853902	0.0020579683187353405	0.0023436951701311846	0.002803063098420323	0.0032661059701357747	0.00382837231436168	0.004606541584883481	0.005500471573334144	0.006374189372940086	0.007421548249439322	0.009011880017176318	0.010882426221169689	0.013138841484925938	0.01578204454430164	0.01923097894989649	0.023786071326811587	0.02968894920532702	0.039266770510155556	0.049171661779925956	0.06880964071428664	0.08943526069446894	0.11157128242286596	0.14313445277561265	0.1857803337662631	0.2502948843510463	0.3421455016124595	0.4620763615943312	0.6167106310867342	0.827012943600928	1.0865751165372795	1.389842472906916	1.7471002606242316	2.1523454596023437	2.5344330025795436	2.837988842008146	3.150712746549543	3.4245483997536943	3.5846941656497098	3.718924230503366	3.8655636605718255	4.120691095528473	4.265052060672618	4.092665058223552	3.844723056401204	3.726008602693441	3.7140172622933814	3.646458021079898	3.633140944838796	3.62017666316662	3.4540012338438806	3.269485999352126	3.0402200600222997	2.758694587698588	2.5833685492443292	2.437503613502966	2.221031070975992	1.9412466031004967	1.613684195739504	1.386977854506105	1.208366416628722	1.0089841985058177	0.8361038349017701	0.6844122763579874	0.5601881637183254	0.44283895149343866	0.33816461914590584	0.2664352358794135	0.2170862580791679	0.1849424466650637	0.15701103915337095	0.13664909636402658	0.12357089144563482	0.11051841113122725	0.10037189233117676	0.09040268955144587	0.08056119105577937	0.07317363603303345	0.0672753518338009	0.061943008922220585	0.06260909241823984	0.06016066136045872	0.05424124623652489	0.052346812900260484	0.05219246527635533	0.05212447882296854	0.05125627343850207	0.05067471364128802	0.05006283556080689	0.049066007156419456	0.04803518552533863	0.04839257377354758	0.05123514251380077	0.05457750356003254	0.060945261781976574	0.12455026386874726
SRR17010997_1	0.00799722309658671	0.004078547027314844	0.00016722134691851806	0.0001727341385751725	0.00020489208990565676	0.0002140800760000808	0.00019202890937346307	0.00020121689546788712	0.0002251056593133897	0.00024440043011168024	0.0002747207842232797	0.0003224983119142848	0.00042172856173406477	0.0005549543601032138	0.0007589276513994282	0.0010189476578716294	0.0013533903517086653	0.0018431100105414683	0.0024063335581296637	0.003190987570593479	0.004384506964259166	0.006079690398680407	0.00888662015052696	0.01264266886592752	0.01691875759427248	0.023238254430017355	0.03380719483443336	0.050054310645203444	0.07138054516897116	0.10136737538534299	0.15205841346689	0.2196204316150185	0.30781958532983295	0.43690068317178726	0.6177983473918556	0.8320704523013098	1.0890161586263167	1.4103301391330303	1.7750702171164299	2.1725764911097643	2.566559172435887	2.8978375238620036	3.1847682228061633	3.483688324804937	3.7940300123176893	4.046638989206128	4.121715861180887	4.013402368308159	3.942931433762536	3.930086629202531	3.8474829590192208	3.868191760877443	3.8875820867311157	3.754886435159615	3.704799047764472	3.776252178023589	3.738145924495574	4.397540122534107	4.004833652476499	2.7428977579559026	2.521131012789226	2.274497902056601	1.9982721257110547	1.764055659386434	1.5399726229253539	1.3042033869507756	1.0640358620327965	0.8440359665920784	0.6997533457568993	0.5759259383637367	0.4165685887434363	0.2897449790848819	0.21747779325779884	0.1681824102639948	0.12729679094241714	0.1026913641815495	0.10951803784970658	0.10626457197367102	0.0883158411382136	0.0730150878951692	0.055092083420776164	0.06193437666529377	0.09015895114875506	0.07285797333295455	0.041370744987363255	0.05270688223066367	0.05462809012300775	0.0428472543527372	0.02811799384476598	0.020502990969707313	0.015651734311851403	0.010237254106407297	0.009304673517823254	0.01079128966790107	0.01239459324137807	0.016373910018873134	0.013877534197018114	0.00763429764585696	0.008273781478028874	0.009739265260089513	0.008410682470835793
SRR17010997_2	0.07304768476491415	0.0368343942723059	0.0006183474019770983	0.0006697997860940634	0.0007019575261671665	0.0006973635632995804	0.0007249273405050974	0.0008030247092540623	0.0009279804992524061	0.0010318040600598535	0.0011319524505732318	0.0012954975286592996	0.0015224392943180563	0.0018936314940190188	0.002346596232763015	0.0028445818076093554	0.0035649151852468666	0.004546185653763272	0.005618416587057884	0.007011306128510011	0.008958227591793029	0.011373733267569837	0.014372672227530088	0.01906862107077667	0.024383836108573868	0.034474016150940125	0.04653041230063326	0.06108684304286681	0.08108895736833698	0.10912131878634777	0.1547228317951551	0.21775659630130492	0.3050703733552212	0.4318031081907473	0.599245704373675	0.8127142957343749	1.0834833859424773	1.4027031649298638	1.7635506790455957	2.1212357091232814	2.4228780673867094	2.722376882576122	3.0220401616361947	3.286295931290633	3.5163138144855255	3.801033851129914	4.078266647092709	4.197114304062311	4.238789816404479	4.093520441398243	3.9700420698581143	4.088361421097943	4.011667967401313	3.9269764243522154	3.920192059989364	3.8845980356913064	3.8404693471778466	3.436111491950633	2.9367302711851195	2.710006259366286	2.5560533757477386	2.3565504315045005	2.0954305009034764	1.7737162000789903	1.543936284160639	1.360587550944981	1.1513637812739306	0.9559467076051237	0.7803250199327455	0.6325069143275723	0.5010993628779906	0.3808790298035546	0.2973001445609859	0.24005936723086227	0.19743474216025075	0.1573404718371057	0.12975004964695672	0.11490879320693284	0.09924154224331695	0.08617998701819597	0.07701503109736156	0.07689650685537784	0.0824809281172156	0.07562306034848296	0.07133413661530451	0.08836211938029939	0.07456277371864407	0.04617667715982913	0.043601301576260326	0.04473968557484818	0.04478103124065645	0.044056103900151355	0.047281984625770365	0.045696148643879615	0.034755166678436394	0.025300791096944063	0.022635373841170568	0.024009887531152352	0.020400870302376656	0.016039361955890348	0.02927824414770017
SRR17010998_1	0.005701906842632667	0.0029326426310961715	0.00015112503809269962	0.000138871656625724	0.000138871656625724	0.00012934124881807627	0.0001415946302850519	0.00017154734053765906	0.00017835477468597887	0.00016065544590034735	0.00016337841955967527	0.00022464532689455351	0.00027365885276245606	0.00032403386546002265	0.0004247838908551558	0.0005582096001622239	0.0007597096509524901	0.0010687671612862092	0.0015412030911796035	0.0020953282308528356	0.002773348672025488	0.004260092290018533	0.006781565898556188	0.010510678325005776	0.014974993639473903	0.02048084637863496	0.031857430327307014	0.048975404236671995	0.06824044287641703	0.09692016294328837	0.14652729706892442	0.21255804682079688	0.30275246482554524	0.4305688483943979	0.6022359997730674	0.8132569279631737	1.0671687757481836	1.3831753148605075	1.7378807556191997	2.1194673923427776	2.4963392001752287	2.831623031308765	3.127188207160514	3.436885616304175	3.7130400744254057	3.7983276938960446	3.8296024078602553	3.8524168426649346	3.8377032544967564	3.8022542219127957	3.7061060220019266	3.719454038879952	3.754815936306814	3.6952631408904826	3.7038513998120033	3.815108019071653	3.8842552121766265	5.007101991823918	4.505916906035339	2.7444306917634256	2.4741850864829367	2.2542709263214658	2.0473657728174337	1.8077631516121917	1.5747582955835016	1.3644017729662712	1.138114492955143	0.9033342581005709	0.7349823271521333	0.6007696784575193	0.45388567183922285	0.3229011084177422	0.2354310255591514	0.1766869533196405	0.1474762533892002	0.12356309871298242	0.12141058803528369	0.11606947520251198	0.10057847805459542	0.09049394510727447	0.06815194623248888	0.07096341653574496	0.11596327922979818	0.10162137696611802	0.05540842950683421	0.07119486929678782	0.07411525854641703	0.056361470287598976	0.03685544847900342	0.027817898903694047	0.020702768731870186	0.012077749665948996	0.010344576931786774	0.011658411722412497	0.013319425654602528	0.0168375076224542	0.013902142017698703	0.007633856653925827	0.008318684529246799	0.009828573423344132	0.008151221649198133
SRR17010998_2	0.07087806396900494	0.03569500778030262	0.0005350983390928794	0.0005541603664396996	0.0005704992470226884	0.0006004538614248343	0.0006521936499376317	0.0006957639981589349	0.0007121028787419236	0.0007570348003451426	0.0008645990975164847	0.0010429652105474446	0.0012158850300507415	0.0014405446380668361	0.0017577912360531999	0.00203146748581826	0.002514826036398342	0.0033113464648190406	0.0041650529752802	0.0053809380053309415	0.00721225420400759	0.009413918362565315	0.012149319286834005	0.01669152808890486	0.021913162008551663	0.0318226930821343	0.04415174005538118	0.05806702001855988	0.07770226975916654	0.10685083271921834	0.1527930417718187	0.21695718739459718	0.3036240563002968	0.43017140956230804	0.5992938009034421	0.8092565858351383	1.0673441819506457	1.383576407767482	1.7423414628886018	2.0870755043090803	2.387847064374264	2.66982891176901	2.9536543295228705	3.237735723072531	3.4804702177335565	3.734611974188272	4.032705319411227	4.209859632132282	4.22430047942088	3.998162202712025	3.797203502554938	3.837367194174688	3.817143744733094	3.797036029028962	3.883210008370409	4.058298814271097	4.095622263816171	3.6403407179445733	3.0037534221104596	2.7082443431663803	2.5363511499930476	2.3240845828991503	2.097795171544903	1.8164941108411141	1.6038558342139537	1.4221388890900992	1.2126921404701492	1.0055369198519633	0.8163272364074264	0.6485228480999871	0.522667174115989	0.4101413035409458	0.32025839830716124	0.2534391845896471	0.20794357160631513	0.16734145335758824	0.13380998568114968	0.11914856350468117	0.10450756492894138	0.09289334398120026	0.08483963742716875	0.08713525014907866	0.101104993047534	0.09637897183890452	0.0910252653012119	0.11762360131693556	0.09973525022532678	0.05878456919082947	0.05372087778348489	0.05426006084272351	0.05543373709793487	0.055115128926566594	0.059082753761469015	0.06032178553901232	0.049562632675114265	0.03430484135736667	0.027318608334757084	0.02900559775495067	0.026059152956485043	0.021711649148028134	0.04034614245292673
SRR17010999_1	0.017559858607960162	0.008852837166167998	0.00014308167954378998	0.00015492920714932674	0.00016495403820016553	0.00017042212786425943	0.00016768808303221246	0.00014125898298909204	0.00016039729681342063	0.00018044695891509822	0.00021052145206761457	0.0003116811108533514	0.0004228656006899271	0.0005978444699409314	0.000802897832344452	0.0010763023155491464	0.0015310651059462876	0.0021662748552585273	0.002996513135923449	0.004085574327355481	0.005679522464438849	0.007795673164443182	0.011701711881160913	0.016293995850722425	0.021817677759734602	0.030076315849071063	0.04628099956861329	0.07036702319066951	0.09373399302189737	0.12599845608488336	0.18172831459305086	0.25617270997657976	0.3499367774916296	0.48642849764190915	0.6742209236724401	0.8746163850304303	1.1197207701786065	1.4315312924873413	1.7856730309306592	2.20875735520715	2.6677369540835856	2.966202603567099	3.1964629479738154	3.4642453236555437	3.856531544247303	4.034580745844696	4.02004474082098	4.048085104618453	3.986194531755407	3.973249740823942	3.8707977901809243	3.8900053664743313	3.8909076012689066	3.792471962484166	3.742726928113349	3.6568970587008995	3.92673087935494	4.178560103441675	4.204714887653313	3.3815249745654086	2.335029215775238	2.1002376477335427	1.9035395263367578	1.681266238232728	1.4778104693594	1.2525142390194037	1.0356133490103465	0.8996556789505934	0.7621906388401052	0.5612693295260848	0.37358899933366774	0.2539718038867819	0.1788092660607021	0.1273991983871687	0.094916011737619	0.07783369962698972	0.07438333504894647	0.06244284991912012	0.03522452226781546	0.019593987963003087	0.01426260054051155	0.010770313941710257	0.007728233391919357	0.005736937405911834	0.005232961808537848	0.006394930862157798	0.008826408066124879	0.009878103978185603	0.006956321401004771	0.0037447300716269625	0.002634707869815904	0.0021079485655081925	0.0018473029581863843	0.0020058775584451067	0.001950285313526819	0.002240094065723795	0.002416895631529497	0.0018199625098659147	0.0015985048784701123	0.002000409468781013	0.0034558326677073354
SRR17010999_2	0.08073415512459466	0.040676948563181936	0.0006069826076151454	0.0006151850752856204	0.0006543746430445562	0.000658020184231434	0.0006552860283412757	0.0007473359433099389	0.0008840437378178544	0.0010316881558864034	0.001241306774131874	0.001434520457036395	0.0016951766518981542	0.002049705532322015	0.0024762338511867123	0.0031725322178803627	0.004029234396796634	0.005035403764374893	0.006654024051348614	0.00868732464832968	0.010992218063733137	0.01416566166691022	0.019003294821896995	0.027383482625232224	0.03637612134796291	0.05486266070661999	0.07133412717423038	0.08735172376407449	0.11315942121127881	0.14635389648839417	0.1952916413810411	0.26151745396715903	0.34978694272503	0.47284127410279175	0.6390970913156483	0.8518025715611077	1.0952363184707596	1.3804579926202944	1.7198587885039098	2.062751101459257	2.343701112723068	2.61160190930845	2.9240612444357423	3.203660582689815	3.4356154317872853	3.8295307391941735	4.450953335450542	4.79965481828718	4.854195759984057	4.402433916409089	3.9523225916064804	4.068875100277445	3.9990702776311107	3.8642618100815582	3.772292097019006	3.594952011827448	3.483374755491274	3.2498851335541277	2.8802445735253617	2.69887434255171	2.5754727733758984	2.4105165915961635	2.129097216904542	1.7608620130033175	1.5530479376453512	1.3864293890844002	1.1726831068300874	0.9764372450433809	0.7909010718784246	0.625431780176637	0.494117563854707	0.37609681347072677	0.291533017329317	0.22847700280518926	0.18789574969816286	0.15023184092593536	0.11197188616965338	0.09291026268876636	0.07755159766845038	0.06391089393245057	0.05058552950911566	0.038094994017575774	0.030070246479961125	0.024141685124801183	0.019227495604889976	0.015698611735992313	0.013584197847603218	0.012343802458768063	0.011529935388797607	0.01116720404070327	0.01090745923113823	0.010458146279855546	0.009816531030965062	0.009333496823703762	0.009096536646556708	0.009151219764359874	0.009798303325030674	0.010443564115108037	0.010475462600493216	0.011192722829011414	0.024382290843135115
SRR17011000_1	0.005100064634535206	0.0026148034930367527	0.00014462605000508676	0.00016059702485227427	0.00015793519571107633	0.0001490624319070833	0.00015793519571107633	0.00016592068313467007	0.00017124434141706593	0.00019608808006824646	0.0002182699895782291	0.00026174653221779505	0.00031320856228095475	0.00039483798927769084	0.00047735469265482617	0.0005971370040087324	0.0008047596770221698	0.0011197427920639233	0.001540311796373194	0.0022164163982374644	0.003398268536929339	0.00493059484587894	0.007800046660090292	0.01181408500501675	0.01667635956960494	0.023553638794079956	0.03629581489299438	0.05590107379429743	0.07749738089321652	0.10649179845190501	0.1599963387427439	0.23131650147562047	0.3225391606972339	0.45447006025156733	0.6348116463968674	0.8537373332202116	1.0979601569251203	1.3945287379680664	1.7522661526757406	2.1173954669085218	2.4706627832117443	2.82615893778253	3.1321699140656856	3.3758284299926604	3.624226776343728	3.773631696933646	3.8850762721409393	3.890666113337455	3.772547445196798	3.6981848117555316	3.582639245118032	3.5731489369532814	3.6430059809348796	3.5737753540778434	3.509613737182028	3.6340684459551174	3.8847533035384743	5.173271146852812	4.634669540211783	2.747426468167798	2.4910861109357754	2.33561931811497	2.1139625945927567	1.8635146398029663	1.595665420640785	1.387174991327317	1.2586991459982584	1.0847841026761906	0.8735466656890064	0.6878237482965845	0.49173744278109893	0.3166023944359821	0.2210853175332361	0.16992318688665134	0.1449463567784109	0.12406519444209366	0.12937376902602268	0.1338536274706588	0.10066239263268158	0.07067245097518506	0.05138306246530417	0.054829243926775066	0.0819834502725154	0.06851636937081475	0.03561083752732611	0.044642423803410644	0.04890401225846851	0.04088569560879999	0.0278382964350282	0.020592797512687475	0.015816588756998016	0.010774197087188764	0.010375809992389476	0.012151250029568485	0.01427716423700522	0.01883865210863805	0.016036633299337043	0.00922057614510958	0.010707651358658817	0.014570852718917391	0.011377545025860292
SRR17011000_2	0.0690078895944744	0.03479672704930941	0.000574917876796341	0.000562496811556914	0.0005891133799271149	0.0006192788240800093	0.0006254893566997229	0.0006325871082651099	0.000681384150277145	0.0007789782343012152	0.0008703617857055719	0.001032722852763798	0.0012500914944537727	0.0014763323256004807	0.0017327386009000838	0.0021240021559420378	0.0026900478432816456	0.003321747732601082	0.004208079459328775	0.005417358882281572	0.00708266884331048	0.009464851712443467	0.012652629384247872	0.017970619744614027	0.023891918988038073	0.03478075710828729	0.04720359678560576	0.0630085150838311	0.08365321273070465	0.11363943865657308	0.16389063252056685	0.228759645733475	0.3179686235019863	0.44882277136145965	0.6179178302173465	0.8297857144441463	1.0839269197754449	1.3917333374736884	1.7392978105654469	2.067087947796037	2.347056983854833	2.62843669803725	2.920104603113695	3.1904774790560877	3.4128677799785736	3.7499612950734953	4.181658079126622	4.385372421242683	4.3799674834256415	4.004781222898234	3.695141810858229	3.843098878333448	3.8249383937344597	3.8223663460109525	3.8767519801617842	3.8801163144037774	3.8729067732512363	3.448010522416696	2.9065727397542847	2.677700417214709	2.533695910142465	2.387415686474569	2.2116957637513392	1.940408165075957	1.67043187600228	1.4711784707450644	1.3317085397041568	1.1759820959216762	0.9391851337593463	0.6953001794400318	0.5419763245624347	0.39829476518641577	0.2933891098310514	0.23524610344529298	0.1922000146391126	0.14859586511610368	0.12215407887820036	0.11109045862565349	0.09343923770148188	0.08202339152750267	0.07526633203725433	0.07226309590614999	0.07436048149372182	0.06661772175483034	0.06130416748919256	0.07639487453615085	0.0670258424698401	0.0441143004167711	0.04044476285746606	0.041538703817481315	0.042223636843541155	0.041624764055211635	0.04493941403624733	0.0447672935607867	0.035239449303200415	0.02385465579231979	0.01851803383409449	0.019241117274818285	0.01645081369067555	0.01279192275871859	0.021787435648900847
SRR17011001_1	0.009205564446583612	0.004635032157125691	4.479157476928576e-05	5.5541552713914346e-05	9.674980150165726e-05	0.00011108310542782869	0.00013974971328017157	0.0001469163652432573	0.00014512470225248587	0.00019529126599408594	0.00027054111160648605	0.0003332493162834861	0.00046762404059134336	0.0006772486105116008	0.0009101647993118867	0.0013132889722354585	0.0018991627702177165	0.0025441614468954313	0.0034471595942442324	0.004686990383858063	0.006403403529017093	0.008558774106915124	0.012195849978181128	0.017592338906384675	0.023675034760053684	0.03315472364422532	0.05084202068912089	0.07804304821501275	0.10673473934922643	0.14136758496083818	0.20451116374459571	0.2892729481750013	0.392666236046439	0.5367661070682037	0.7285277969704699	0.9476015975040558	1.212443429136898	1.5494659876789485	1.934926155176505	2.3203056978394767	2.6978897148296017	3.0565304790183006	3.3547420338542606	3.596401538049511	3.763409612071279	3.826807606999726	3.8601146219981675	3.8535750520818515	3.8287784362895745	3.8242204456410525	3.7663371893982003	3.7688688092041596	3.734463504792376	3.5968906620459915	3.5597046966725303	3.6408204469167162	3.6297820112305734	4.0017097481588335	3.7200728676505	2.874006603496452	2.6382398788778483	2.3953226272630763	2.1296064640907377	1.8531922812005033	1.6001736336437618	1.3659495308602125	1.125646315548976	0.8939592075603591	0.7577910285987396	0.648791627229178	0.4726568219324203	0.33275660896102394	0.2552349346763257	0.19097694151230832	0.13573638818084358	0.10533903387941548	0.09308585068552967	0.08013033559926146	0.06207395597826698	0.045291448743710994	0.03250076665259375	0.027960692633978945	0.026513028937435634	0.021870830128346855	0.01708350661700559	0.01669650741099896	0.015872342435244102	0.011126227172690583	0.006254695500783064	0.005346322364461948	0.005439488839982063	0.005425155536055892	0.005066822937901606	0.004203241376349776	0.0032697849581578608	0.002834410851400403	0.003508076135930461	0.005606113498123806	0.006089862505632092	0.00427132456999909	0.009599730304553326
SRR17011001_2	0.04423741534782394	0.022719077716916385	0.0015484170661367639	0.0025215541806185497	0.003677490532074814	0.00497142238595299	0.005849575583183331	0.0058298619399802	0.005340605158666153	0.0046721334391418325	0.0041595787158604505	0.003883587711016629	0.0037348393123021015	0.0037957723912935945	0.0039391443418618135	0.004057426201080594	0.004380013089859087	0.005000096776066634	0.005969649591784213	0.007586168334440882	0.009985856357076446	0.012826413127709282	0.017722565239613956	0.025633112612215434	0.034262311887040105	0.04835756677727813	0.0685765961061612	0.09473122418856852	0.1269504857800115	0.168877820574305	0.22581799074247316	0.3070561222331902	0.4149309699901002	0.5571236862648954	0.7462205361680835	0.9868578101511642	1.260588914624154	1.5814410028007713	1.967097212634223	2.348825031022106	2.6889122585168312	2.9956296645168043	3.2599251024930234	3.4770404158360053	3.6227296155552833	3.779336589310331	3.9224988584008433	3.981847677338558	3.9853835880694466	3.8784352815430836	3.7969982214709534	3.8276511445024384	3.7676947869241917	3.6749259663090257	3.6535223262385723	3.6863545029186944	3.6158047503428383	3.3073095321558195	2.958992754698478	2.766438848637214	2.626755141497362	2.4374880374028742	2.159667248039926	1.8062105861547142	1.5571143670881087	1.35307636778633	1.1418410965660268	0.9504538797525114	0.8013040395763933	0.6799074247315181	0.5343042481825813	0.40131780328364774	0.30682672711228104	0.23614793978091334	0.1873351670605811	0.1505297952003372	0.12622466528025988	0.10929781436629957	0.09220608570918577	0.07660542533798145	0.062189375708347046	0.050110288872974605	0.041939879839968226	0.035228280403993485	0.027939608866981654	0.025719135782556364	0.022183225051667668	0.016480605717816763	0.014192030956871566	0.01357911586819243	0.012933942090635446	0.012530708479662329	0.012993083020244838	0.012758311451189377	0.01120631008628841	0.011767252842886565	0.01581034184891034	0.01960432209082183	0.016425049086971576	0.010917774035769868	0.01968855311178066
SRR17011002_1	0.0099539098424616	0.0050442577096940465	0.0001535884146981766	0.00018810266519214886	0.00019500551529094332	0.00019327980276624468	0.00021053692801323084	0.0002415997534578059	0.0002450511785072031	0.0002640340162788878	0.0003071768293963532	0.0003744796178595991	0.0005073594822613924	0.0007213478353240204	0.0010388789398685654	0.0014478728082221368	0.0018810266519214884	0.002566134524226838	0.0035135507002863765	0.004723275180100105	0.006319559265446322	0.008569888397653314	0.012563187179805906	0.017716164778555966	0.02348177032357403	0.032479635427352604	0.048875630124514124	0.07338074797523443	0.1012009595859008	0.13563410159121222	0.19606165135605888	0.2803092110993205	0.38801610690333505	0.5320199142393355	0.7263610302082698	0.9587765416096298	1.2257321891928323	1.5600423966150219	1.943017697233712	2.328704092228704	2.704895616912804	3.062856714485988	3.366985935563724	3.59681460389056	3.7710149289837367	3.865480432585739	3.912556144546993	3.9103178954024584	3.8787891275762147	3.866679802790405	3.801206269603339	3.8079710627001577	3.7772706368857696	3.6305540094609428	3.5811917284044634	3.6190538611963516	3.597223597758914	3.9425835424767484	3.6578789415770205	2.8586048314877095	2.6303638186835956	2.3884430826961958	2.124805980297989	1.8508473912895593	1.588092127991473	1.3493777658749633	1.1125823960859185	0.8892113440265039	0.7392693598930156	0.6141983446654835	0.452564658177162	0.3221818997986076	0.24431602497168148	0.18285822482958977	0.1307952036719573	0.09941139569778833	0.08633739761067162	0.07407793583521267	0.0566223536478862	0.040057239123304215	0.02833447394302653	0.023231542007492733	0.018960403508863664	0.015257024430860442	0.012207690399717992	0.010364629423339872	0.010331840885370598	0.007762254936094363	0.003891481743195373	0.0030545111687165457	0.0031183625321303944	0.0032150024335135165	0.0029216313043147527	0.0023348890459172237	0.001843060976378119	0.002043243629243158	0.0035325335380580617	0.006098668062284899	0.006564610443953525	0.004333264149518218	0.011222308548115083
SRR17011002_2	0.04651214895570076	0.02381879104281581	0.0014085175368459817	0.0023734210945627753	0.0036800972898966087	0.004950524872149847	0.00569793675138307	0.005666866511599703	0.005107602195499092	0.004565599123722576	0.004317037205455638	0.004054666291729425	0.0038078304978948966	0.0037232504007068414	0.003930385332595956	0.0042203742372407165	0.00462773960328931	0.00545455320641336	0.006359042408995829	0.007788273439030722	0.010084018934135078	0.01288206663907054	0.017359633416740242	0.025044339389826403	0.03368531829846732	0.047518479499795374	0.06641954203467712	0.0899155478086324	0.11984999771547432	0.15954395516315836	0.21721895082325002	0.2984572711101609	0.40710299513486653	0.5523287481311898	0.7489671173468239	0.990386332712452	1.2645397718142901	1.5900954703888446	1.9745068337352585	2.356339367179653	2.6782322297086347	2.9834783482114617	3.268806716888718	3.4852817080815988	3.6319142524903354	3.810776992301019	3.955452111603404	4.004772665010634	4.026772120901691	3.932565427754089	3.833656771652604	3.8418800284486023	3.769046208023092	3.6770593108955683	3.6419205958250127	3.6320178199562805	3.5933802506612307	3.3334000192739057	2.9798224166636187	2.788650683525425	2.633251153124481	2.427621401740427	2.156959912365353	1.8163852051044056	1.5640137302151402	1.354322408041627	1.142459621332143	0.948009977896804	0.7793986910901997	0.642580890204142	0.5081296059149175	0.3872232200468087	0.29768224124000914	0.2268248332896077	0.17871256698506355	0.1408966329198408	0.11608186807952484	0.09922453687261569	0.08282117639143019	0.06882748561788807	0.05552769686617448	0.04380558584568299	0.0357808333594122	0.030374611637106298	0.024293475261728363	0.020414873662104687	0.017376894661064336	0.014057557377541267	0.011822226237571235	0.011294032161253992	0.011242248428281714	0.011430395991414325	0.011337185272064225	0.010218656639863004	0.009878610126678374	0.012117393515513225	0.0169246500597731	0.02025952246318785	0.01636883799253731	0.011823952362003644	0.02902650845539464
SRR17011003_1	0.012840958554403962	0.006516475889086267	0.00021081608884392314	0.00024093267296448363	0.0002616378245473689	0.00022963895391927343	0.0002465795324870887	0.0002823429761302542	0.0002804606896227192	0.0003256355658035599	0.0003821041610296107	0.0005289225086173429	0.000739738597461266	0.0010089055680387751	0.0014324200322341563	0.0019820476924343844	0.0026483771161017844	0.0037024575603214	0.004765949437078691	0.006200251755820383	0.008368645812500736	0.01075914967707022	0.01501123489759185	0.020309871416302954	0.026771760996670706	0.03711492535557569	0.05548604166911756	0.08290719151088785	0.11173629166029435	0.14620283989976826	0.20593155535686977	0.2869056386245191	0.3906158606166841	0.5266204722186276	0.7027610790207405	0.9170763384821713	1.1794614307730316	1.49870663388351	1.8626147312447796	2.245693916685293	2.6189061562533085	2.964804536310483	3.251333717633495	3.4905629213086597	3.6913332470618685	3.727518322882722	3.7348441819700486	3.7845854852181686	3.787922779196028	3.795843440819736	3.7603246944225495	3.7811578414879476	3.7332197687140454	3.5902958719104032	3.576542004399845	3.655818265237697	3.683314706539769	4.253852687552204	3.9548194769596368	2.92354858063833	2.6828323706222132	2.4440944437255157	2.164403609284378	1.8794875474983237	1.608906979753656	1.3603999858828513	1.1293926096725997	0.9143940802089338	0.7633104713951272	0.6303928096655412	0.4612128983682929	0.3308137359857887	0.2550968789336847	0.19553192240273876	0.14339635071703352	0.11291836758702634	0.10788513346587769	0.09926426126136724	0.08232744726656706	0.06188769808124419	0.04594284907591497	0.04924061503711634	0.054454548662988364	0.041929814241850286	0.036721527475500865	0.04177170217521735	0.03179370139877416	0.01909956119195793	0.011724762655435692	0.011779348964154206	0.012014634777596084	0.011246661882521793	0.01064621248661812	0.009434019975765562	0.007794548427702551	0.005968730515393574	0.005961201369363435	0.007625142642024399	0.0068929331905932725	0.004201263484818182	0.009375669094031976
SRR17011003_2	0.0466782942504769	0.02406408231226683	0.001869767897971906	0.002811242166839936	0.004174496908160842	0.005545283443632693	0.006138412233019552	0.00622502786575541	0.005754290731321395	0.005031238492830749	0.004618872763066551	0.004398567784151433	0.004298771511651422	0.004291239717500478	0.004632053402830704	0.005093375794576039	0.005630016127830815	0.006460396432972418	0.007588282607076316	0.009695302020802966	0.012325781128020241	0.015511730053869651	0.020616403539672108	0.02898422684137115	0.038873472561560936	0.05511766959660991	0.07747391758515013	0.10417977669586065	0.1351166211708641	0.1737848523418118	0.2294787041909689	0.30931195629390235	0.4115635936871213	0.5485462168588818	0.7361368478793744	0.9646665460073244	1.2262457568696177	1.5390637633407847	1.9127838573164864	2.2768689036245933	2.5900879781342976	2.883562454277302	3.148736213898134	3.35962833307311	3.5050540974880784	3.684077312661872	3.8660435764001475	3.9709727666140266	4.023670847339646	3.9581028133586007	3.8637313155958073	3.8523093497659007	3.792569041509149	3.6924300723752697	3.671546290143239	3.7353048105795197	3.716454612768244	3.4080671842063697	3.003007294768589	2.791249019266254	2.640404128959681	2.4456488787531026	2.1711187478482605	1.8172618779971363	1.559476808438381	1.3636558093594442	1.1664922679731016	0.9782670832953919	0.8027988749608441	0.6537107756399785	0.5164796032612368	0.39371700744645893	0.30381562951225083	0.23884637316620583	0.19349932353190832	0.1543396427926115	0.12920981160798609	0.11346836183251263	0.09752167066642596	0.08324703780184889	0.0695504701383568	0.060796642386421865	0.05885343949547825	0.05040088350958108	0.04315718048491046	0.05069838937854338	0.0413156568150046	0.025963977386842512	0.025715428179861353	0.02757954723222005	0.02794860514561632	0.028385449206371084	0.030880356018871364	0.026410236190285957	0.017368317312077407	0.01537427481061492	0.018023583403209552	0.01841711964759639	0.013173107970001466	0.009335658850095378	0.019416965321134235
SRR17011004_1	0.011961885380941534	0.006014061917095523	9.156492066844496e-05	0.00010325405947718262	0.00011689138808737654	0.00016559613312378346	0.00018118165153543364	0.00015780337391795834	0.0001675443229252397	0.0001948189801456276	0.00025326467418931587	0.00037210425207814867	0.0005065293483786317	0.000734467555149016	0.001003317747749982	0.001334510013997549	0.0018741585890009371	0.002563817778716459	0.0035281717304373158	0.004763324064560594	0.006450456432621729	0.008648014528664408	0.012484000247731816	0.01790581246518463	0.024143916209447624	0.03328871913748339	0.05135038678678452	0.07991669384553789	0.1091142143999631	0.14196264264231737	0.20133372684169737	0.28600595199259005	0.39475195852007783	0.533114346409304	0.7195580585984711	0.940248999307438	1.1900030354745297	1.5009691952033775	1.8606849083340655	2.2238352800847214	2.5825983284024976	2.9322535893984654	3.22247932050101	3.4517130734893624	3.65295328722059	3.7395074637196895	3.774002112344274	3.8135795881608585	3.8151030725855977	3.8192332349646843	3.784576886586579	3.821282730635817	3.7884946962773074	3.644685169703209	3.6679699342102148	3.7947425409705775	3.7713175067978675	4.063927822217394	3.76797636128837	2.9490859492830475	2.6836392442652257	2.434533955302019	2.160260002293799	1.884614523665353	1.633611697835528	1.3722522950211613	1.115040588294095	0.8999448486949106	0.7367196625594995	0.5945641491268379	0.4420734887974508	0.31784521791778997	0.23991372947993597	0.18162973518976858	0.13252561124406315	0.1099870034310155	0.11216118324944072	0.10287611065570011	0.08748930760379843	0.06836587651270364	0.047253343634321966	0.05177509216350198	0.059558110420319804	0.045811683181244324	0.04135422491551236	0.04609027432285257	0.035766816564935765	0.022108057866925816	0.011993056417764833	0.01362174309178228	0.015345891066071085	0.013908126992596352	0.011807978386626488	0.009271435265130416	0.006916073795169779	0.005225045047505731	0.004272380234593613	0.0039353433989416774	0.0033119226624756686	0.002421599923210151	0.008862315406824599
SRR17011004_2	0.0467862452882435	0.024016783332792828	0.0015572027820256	0.002479051237467538	0.003786789744024707	0.005002928086933311	0.005724035758209246	0.005706495301340372	0.005193924172838829	0.004790493664854724	0.004394858915479008	0.0039193176403673115	0.0037146789768971135	0.0037809429250684153	0.0038647473301085915	0.004100569028012343	0.004570263484167749	0.005201719931447218	0.006187883395408361	0.007600864643178773	0.009853838881003047	0.013022814755312966	0.017503427015484248	0.025168606667182222	0.03444555941116453	0.049037270586415674	0.06896712746876084	0.09506927622929759	0.1255117135950546	0.16339715149217057	0.219894963066814	0.29959100332036953	0.40301343489855534	0.5400784627512417	0.7235009691687102	0.9512345675162589	1.2082704735330878	1.5063393549851694	1.8636637976196118	2.2179771284915644	2.516057703581559	2.7975391596546415	3.073727295632629	3.3079021395303587	3.492113966506926	3.698436513836536	3.8715900572271047	4.0009645692126155	4.028963036254643	3.918103450964055	3.8578773178349492	3.8675888841213495	3.8130302675005425	3.7191362018814593	3.6977154061652597	3.739623455504305	3.7330555288767373	3.456035195667304	3.0464031617102276	2.8545417465991783	2.708685051975882	2.5015829287854334	2.217002658665516	1.8503739781319615	1.5994616405020219	1.3879178838444441	1.1622793956228998	0.9662745348114923	0.7953505783829227	0.6491801044756386	0.5134384066467262	0.38795202926714883	0.29744522076341057	0.2341280693460793	0.19270920385971127	0.15653493497713658	0.12751717249706254	0.10994358365410282	0.09358418421439958	0.08069194841577712	0.06972331605377452	0.06297413803856218	0.06284161014221959	0.055020515318353835	0.048458435509742825	0.05962196183695514	0.050582779730528694	0.030563271624187056	0.028859898368254172	0.031019323502777783	0.032344602466203826	0.034153218463349955	0.03719746219992566	0.03174432905335791	0.02140910207828688	0.019495243339927505	0.023860868160625055	0.026565996397735863	0.01977589064982949	0.013340491918604796	0.03006824095255439
SRR17011005_1	0.010666856827461543	0.005382413422818752	9.648562396117454e-05	0.00015437699833787928	0.00020187761321107287	0.00019445564213713639	0.00018851806527798718	0.00019445564213713639	0.00022117473800330778	0.000256800199158203	0.0003295355156827807	0.0004853969082354473	0.0006828213388021583	0.0009559498743230216	0.001426502840410596	0.002073698718057859	0.002775817181652252	0.003662000527880271	0.0049593610716043715	0.006513521814486675	0.008438781111065803	0.01083310897951772	0.014827613811510345	0.020750346728511677	0.027618638760332513	0.03790400627459372	0.05536048224049238	0.07939727776054313	0.10735138961341759	0.14488726612274405	0.20715463464464173	0.2934929397535303	0.402699822135432	0.5496696933415227	0.7470763111776562	0.9763870138722132	1.250830722667378	1.591000438504895	1.971382393621	2.344760976831738	2.706513784552263	3.0698118466503805	3.3704595665191857	3.5857397750955733	3.7593856947356064	3.829729652180162	3.851798140971405	3.8713416752032943	3.856453201228977	3.8426616945793883	3.7603446133983587	3.7333360606603043	3.7083151117758493	3.6060032405216345	3.6026544471730744	3.7294855420671458	4.099404002363214	3.8224724488640662	3.1141328891154996	2.8513208933874084	2.621573778793704	2.373316268341602	2.1123508590167055	1.8320200427656943	1.5700363390094538	1.330634724442773	1.1002166636639845	0.8876825843849536	0.7417428827639254	0.6247162116585242	0.4703852295413033	0.33804851650458595	0.2533638265509704	0.18946659318123626	0.13653161108770634	0.1068689614936117	0.09797892454125057	0.08550555995439288	0.06970418353798206	0.05505915021489056	0.041672883185938675	0.04289453962470863	0.0465684153063072	0.03687977426639048	0.03229002735426815	0.03404458131614674	0.02485766552082814	0.014189324299151807	0.008701518887083157	0.00849073490858336	0.00822651273835122	0.0075644729185560845	0.006663445630180192	0.005483352229424288	0.004353728231971153	0.00359074960557048	0.0034007471460777055	0.0035803588460669696	0.0031587908890673756	0.0022295601106105257	0.009345745976300845
SRR17011005_2	0.044897797964660875	0.02299237675898958	0.001401756888432328	0.0024204064916787016	0.0038444370594823067	0.005235799564208038	0.0058906457377235644	0.005688697711423992	0.0052254051805014435	0.0047517182658722975	0.0043582165969797484	0.0041711176902610265	0.004056779469488475	0.00422160469683592	0.004687867051674639	0.0052046164130882516	0.005859462586603778	0.006748924849496749	0.007999220718204397	0.009858330489726935	0.012624721467639462	0.015872223919971562	0.020555636235771946	0.028681074470413574	0.03848594812964944	0.053811724449045695	0.0731259742878585	0.09655936989839936	0.128661681520241	0.17248588813920634	0.2333836124522341	0.31779937235741357	0.42939793056729875	0.5767576234637471	0.7706811855418281	1.0116393338922542	1.2864252615598168	1.6075745952946703	1.98732746436731	2.356974022653223	2.675527730285344	2.9816066925575915	3.2518710633127847	3.453526561956615	3.6109242596897184	3.7941193328706344	3.9343202652171545	4.042252575802528	4.014717853363757	3.848287436189621	3.7920671845445613	3.796073477007475	3.7514399933713527	3.7219704306511963	3.7359686956800644	3.6592106267427296	3.442844105330151	3.174075040916749	2.9269559928522275	2.768998483310926	2.6156724141668914	2.404491205311946	2.1333581610612726	1.8028835802296443	1.5541623121623496	1.3434146975991645	1.1280311879028382	0.9435472111423041	0.7922703205004272	0.6602794663701594	0.5259810590570274	0.4040133606438341	0.3108217710663717	0.24034636462369507	0.19202732950760615	0.15343298280501652	0.12604823647401123	0.10754029382843862	0.09004803096219623	0.07673728016992146	0.06482234661824667	0.05646377720618567	0.05456902954766909	0.04722168517906405	0.0455036420435596	0.046841547717794266	0.03262054589521333	0.02342003140291809	0.023690285379289577	0.024983643694781694	0.024780210756524035	0.02588350034138126	0.027793097119478687	0.024011026362235958	0.017524930929320268	0.015722247812204968	0.017273980808403887	0.017257646776864952	0.013471121283747965	0.010793825023320542	0.025146984010171052
SRR17011006_1	0.022124028647422998	0.011101125747366342	6.192642078683515e-05	6.844499139597569e-05	9.777855913710813e-05	0.00010918605770310408	0.00012711212687824058	0.0001287417695305257	0.0001613346225762284	0.00026074282436562167	0.00038622530859157707	0.0006257827784774921	0.0009435630956730935	0.0013737887558763692	0.001984904750483295	0.002755725725014164	0.00367158489559841	0.004760186187324881	0.005971010677972737	0.007501245128468478	0.009481260950994918	0.012005577419384593	0.015372419139005682	0.01991586285357664	0.024927014009353432	0.030995803246463276	0.042237078261926145	0.059687291782595374	0.08149516975547506	0.11225793410266156	0.1636829376381713	0.23731508159637055	0.3333417748822722	0.4700264227000356	0.6611655797439069	0.8727746781431317	1.118123898015268	1.4362203658854127	1.809124975437211	2.1830839637850383	2.550465714388242	2.931160015817963	3.2583661861143822	3.522171109023647	3.749592630077995	3.870199223488313	3.9358184145252264	3.943875367798124	3.8594663969803635	3.8097329625179253	3.776414918491956	3.807295017110107	3.814647964757217	3.756332832087846	3.849250167193188	4.608927645267731	4.985296875098288	3.8626295333684486	2.88585106115648	2.664728108953214	2.452483449919598	2.2109247788566773	1.9764257197634554	1.723651847967508	1.492162738853057	1.2795090395137174	1.098811002943037	0.9008322356875249	0.7604760029741631	0.6711406224185441	0.5042652148245463	0.346714622486924	0.25134630483254555	0.19223101762090228	0.13690301993316967	0.10954294944395453	0.12369313659374634	0.1237208405188352	0.09172117739856428	0.058676913338178587	0.03779630203444915	0.039008756167749285	0.03666044110580641	0.02607591207921445	0.026401840609671476	0.026644657364861966	0.02156995014564605	0.015703236597419564	0.009965264818723604	0.00978926341227681	0.008827774247428578	0.007247020874711997	0.005850417121703637	0.0039388462905731725	0.0023043147103311815	0.0023059443529834666	0.0031598771027808777	0.003689510964773547	0.003153358532171737	0.0018349776264730627	0.003168025316042303
SRR17011006_2	0.07008784893211484	0.036110846959562466	0.0023488583750141674	0.002725131804021291	0.002997156317632502	0.0031665608051508606	0.0031486430228171887	0.003046022996724336	0.0029922696497233186	0.0030215896571784188	0.0032333452665763676	0.0034630186583079884	0.0036438253709477754	0.003990778792499799	0.004453383354569163	0.005279230231221162	0.006419452743363962	0.007437508557777176	0.008732475553710784	0.010245713716254585	0.012184091986897344	0.014764252642946195	0.017574086690726666	0.022099141174630518	0.02794685377262002	0.039178045517226597	0.05246978223020552	0.0676998972138272	0.08776944231684354	0.11724582314503797	0.16243609907986323	0.22733430669242527	0.3161071448199545	0.4413931655649022	0.6135586204519496	0.829119315261849	1.0931101468303621	1.4125499991643797	1.7713242703887178	2.120274710226294	2.4424038587996657	2.775878221368858	3.0849795132963465	3.34557573955728	3.5499508515230587	3.8369106511540374	4.245501243933894	4.344386226854827	4.117320686897406	3.9245172045405745	3.90573611087628	4.013004987040068	4.062484128509853	4.193992506392495	4.224389209676919	3.9437087783092406	3.575125335701869	3.2241192375638295	2.9117520225837032	2.733411448348751	2.5743748412443765	2.3341364734931007	2.0584274122783652	1.7406848625981377	1.525140456681269	1.337213868897802	1.1395562964178476	0.9605478775686402	0.8159253119070539	0.6901099021386111	0.5362091830067883	0.4017622888214246	0.30807509166656	0.2384710228574543	0.1868726964043865	0.14751221528521705	0.12301860683508666	0.10476527330498349	0.08571704179498649	0.0712753092340464	0.05878172827956745	0.05008997495843318	0.0432861043395468	0.03581764688501146	0.032090748159607566	0.032944286154411605	0.026616051212019064	0.019173655986332704	0.018176775732859286	0.01840644912459091	0.018453686914379683	0.01954830052603677	0.021481792128770345	0.019861047272224507	0.016114601875183883	0.017104966571445054	0.022250627879815205	0.024107561685304906	0.017093564346323628	0.009126666765051581	0.011846911901163689
SRR17011007_1	0.032326413200463075	0.016247561887684527	0.0001674880345081099	0.00020294170604632294	0.0002481757007674913	0.00023839537758453598	0.00023106013519731949	0.00026651380673553256	0.00032397320543539506	0.00035453671538213045	0.00041933135646920946	0.000541585396256151	0.0006968480267855666	0.0009169052984020615	0.0012408785038374565	0.0016589873199087967	0.002149226019454432	0.0028252908594762188	0.003913351813579998	0.00529115484197883	0.007168976893106251	0.009842672743246662	0.014751172440692364	0.021235526710991746	0.027696652713731604	0.03791464535912417	0.05653393561867537	0.08313396959551811	0.11269621895639843	0.14974530571383107	0.21215966064625832	0.3003745081353217	0.4140732102179731	0.5608660808709495	0.7544810262219267	0.9850937116336259	1.2558167249590229	1.5955399183401695	1.9690247873488782	2.330378387989528	2.683819707175168	3.0316434532325975	3.3141908772861868	3.51095264162128	3.686824858177978	3.7729968406622025	3.808985984894682	3.8409272978698166	3.8270306811672343	3.813970282096796	3.7653364025291527	3.7744369932508923	3.76052937368473	3.6540118738991634	3.6233383353166198	3.686296720726099	3.6795324047046876	4.048465755812128	3.7307898559661585	2.8589852953818977	2.6108438257455466	2.3551605043947395	2.085142896878913	1.8223382777105164	1.574051325766819	1.339951955140396	1.113184159279996	0.8954167058287107	0.750676480503757	0.6314384478783593	0.47328328676758463	0.34387494057231127	0.25708557518716363	0.19065395250733744	0.1389160428695038	0.10823639158497082	0.09565767343129239	0.0829579237782249	0.06490222464209153	0.046175350827527814	0.03106719659065758	0.02470998652173662	0.02084431378367353	0.01637348354866508	0.013319577634787281	0.012219291276704805	0.011874534884505631	0.009142157095267488	0.004888939051079792	0.0041969811858857025	0.0039695886718819915	0.0035319192094447407	0.002893753121756906	0.0018387007583956004	0.001189531807126941	0.0016149758655854976	0.002558777052740686	0.0034438963007981426	0.0032531799987305142	0.0019719576617633666	0.0032959689126559433
SRR17011007_2	0.08307046867809088	0.04337166009687286	0.0037877044905289424	0.004013744919802444	0.004376631446798281	0.004522030425628263	0.004380296967272986	0.004415730331861806	0.004270331353031824	0.004033294362334206	0.00393676898983363	0.00410293925135361	0.004369300405848871	0.004600228195755313	0.005074302177150548	0.0056497888916793	0.006221610085733347	0.006964488901940314	0.00813256809321311	0.009955553609299944	0.01250431217937845	0.015637110345093356	0.02031064895034278	0.028042453471654762	0.03758502510747123	0.05456005042583207	0.07549261601671653	0.10003327559486937	0.12963357526827396	0.1686481533608803	0.22680407937239838	0.30550036028400746	0.4115560860188178	0.5536267722577674	0.742303329492438	0.9774855668298548	1.2477456132700442	1.561161054099099	1.9300688093947194	2.291881338891468	2.6014406521811324	2.909643722895156	3.1951132356250564	3.408215599463006	3.552901023640579	3.697713519194608	3.842952436963861	3.972031296800296	4.01797737411057	3.893413213658814	3.8081324361344757	3.856378016622549	3.804389939729802	3.7277426847635535	3.7249654420838842	3.759558180643838	3.719834935259455	3.4025841381737005	3.006750691311052	2.787486587555123	2.6189105227635787	2.403771351381851	2.1300974835395525	1.8092410361468458	1.5751401273494674	1.3722352414721484	1.157819399464096	0.9690719755002476	0.809276054085781	0.6688145313352272	0.5348006590996802	0.4185706703672458	0.32573403330438144	0.24983576635513083	0.19841095777533013	0.16093223276162535	0.13114010418337788	0.10883296841447887	0.0902121244029753	0.0754877286560836	0.059899491917319636	0.04638593976723896	0.037358984678197725	0.030068264454008627	0.023755016356407647	0.02066498259623097	0.017318362402824916	0.01331194852397188	0.011218936332915081	0.010597019692373392	0.010252460767751083	0.010038638740059934	0.009806489109995256	0.00924199895689062	0.008771590495970089	0.010331880378036368	0.014505686358567615	0.01750286026671842	0.013660172969068898	0.007764794205584333	0.010154713555092272
SRR17011008_1	0.023056840679318548	0.01156410651932081	7.315666830614923e-05	0.00010170561203537819	0.00013203886474768398	0.00013739179169691443	0.00013739179169691443	0.00014988195457845207	0.00015523488152768253	0.00017843089830768107	0.00024088171271536941	0.00031939130797074914	0.0004478615547522795	0.0006066650542461157	0.0007993704244184112	0.0010795069347614705	0.0014809764559537528	0.0020073476059614117	0.00272999274410752	0.0036721078871720762	0.00495681035498738	0.006684021450605733	0.009704856558954773	0.013978276573423735	0.017571874865340432	0.023270957757287766	0.03555949372373776	0.05361670063247509	0.07470723281244299	0.10331505873811349	0.15082942264846588	0.22366669964664437	0.3178978413519138	0.4417199632325291	0.6122784903068753	0.8149884809472825	1.0647043074378653	1.3864134327776312	1.7607578888091797	2.1285610681087688	2.475989223130604	2.815218478375201	3.104405003880426	3.3595344238256635	3.588282835456111	3.6873173369438232	3.7247414335548763	3.770689174178087	3.7593837924613127	3.7265685659535466	3.7030727852643914	3.7644904847708784	3.7959246561257425	3.71995948548023	3.7211888743695702	3.8610822672607585	3.9049726996264815	4.637117498798491	4.245274324569908	2.929872820700768	2.6925418828617214	2.4352284687211974	2.152160338718943	1.898745639706442	1.6690622501688628	1.4114615622820634	1.151785723047946	0.9352937298222533	0.7942119871483361	0.6773665133915512	0.5030984079413883	0.3577325393991036	0.27178951292022596	0.2072510570023377	0.1496660531914998	0.11835143053850178	0.12350273057264453	0.11691149318915879	0.09615462678902624	0.07649689472246902	0.05658757508929797	0.0716899663220601	0.079353573404375	0.05749935697965023	0.060357819970539274	0.06503270950620052	0.043885079438774156	0.026329263354281415	0.019033223922480337	0.019322281977738782	0.016758229969057407	0.013200317856802247	0.010388246899473192	0.0069837853597626365	0.004307321885147421	0.003459775118185936	0.0038505387854797573	0.0044322235139627976	0.0037898722800551454	0.0022571508635921655	0.0033295205624213286
SRR17011008_2	0.07083127806227481	0.03644111956507356	0.002152617399062486	0.0024754208367015165	0.0028321097180706114	0.003046123046892068	0.003083575379435823	0.0030782250462152868	0.0029498170489224125	0.002732236831287265	0.0028214090516295383	0.0029676514929908673	0.003117460823165887	0.0033760602621584804	0.0037416663655618024	0.0040751704696419064	0.004290967242870208	0.004838484675771768	0.005614282992749549	0.006498871418544904	0.007711613615199826	0.009206140028136332	0.011203597763803263	0.015243099345308257	0.020643369009236353	0.030671676908928445	0.04291858965073631	0.05695786402142388	0.07646517894349966	0.10569761621610381	0.14993952161671945	0.21418988981773446	0.2986698679255977	0.41284776229625175	0.5761702507419396	0.7856536307700088	1.0385121622169668	1.3504223214189854	1.7074197386704644	2.061256892433013	2.3749362284866224	2.6930670417797176	2.9937700363291193	3.2324805032965718	3.405438941872446	3.604665733116747	3.8161269529920077	3.9952632429931945	4.057710548898888	3.8819610198263015	3.773657791331797	3.855837126154829	3.8536149544239	3.845651875147335	3.9132533353888124	4.041759422124063	4.072375812256379	3.677032556813316	3.1501513591433645	2.9070607527126993	2.763363286519939	2.54251579873145	2.239549613229762	1.893388404194276	1.6693217992514313	1.4515561033979716	1.207593392652359	1.0079332244171946	0.8507529185086824	0.7205418589204875	0.5759063009697265	0.44084783948372563	0.3390131638528492	0.2684297845631259	0.21803142907007964	0.17455818820881439	0.14343173297614034	0.1234197032869273	0.10572258443779965	0.08933273033888975	0.07425192443460442	0.06715381569535946	0.06815076111878607	0.05949570541236498	0.06578234694649528	0.07338338700847068	0.04834382753636024	0.03433665516499589	0.03688163033356438	0.03860443763057711	0.03898431128923519	0.03970482282960077	0.04565082648202358	0.04583808814474235	0.033423531628691015	0.023537899281546554	0.023603886724599836	0.02604542211757129	0.019778398471916297	0.011148310987191053	0.012109587522480763
SRR17011009_1	0.023287145300338555	0.011676730306097519	8.202156992775121e-05	0.00010296324735611322	0.00014310146242714041	0.00014135632264144357	0.00010819866671320371	0.00012914034414156575	0.00016404313985550242	0.00019545565599804547	0.0002478098495689505	0.0003193605807825207	0.00044501064535269275	0.0006998010540644306	0.0009441206240619873	0.0012442846672018428	0.0016474119576978116	0.002200621269763708	0.0029300897001849845	0.0037764824962479493	0.004991099787092946	0.006430840110292835	0.008519772433771946	0.01139576280060033	0.014652193640710623	0.01927855921259293	0.02852081951764336	0.04190255139436669	0.0592091026491222	0.08585389689714147	0.12851209381871487	0.18987818924295835	0.2715838888694984	0.38696031552127325	0.5468779449233884	0.7358294649401417	0.9661948972112666	1.2624707689085897	1.6123154514676625	1.9574587274440682	2.2772538480332276	2.5902813165334546	2.8821402394331788	3.160266657359254	3.427430107151583	3.5768437401835884	3.6448954661268367	3.680763324142264	3.6681459634916758	3.67311612160134	3.687342501134341	3.733220480960525	3.7646783707374962	3.7569456563470736	3.8444242783846985	4.115425290565774	4.337431503263412	4.728147359603504	4.131115842378975	3.0816044815189696	2.8654758996195593	2.6208160273637917	2.3566193152071477	2.074498272311612	1.8095476597675475	1.5559788489057973	1.2984363547520157	1.0461170639768247	0.8882831314788314	0.7576210254441381	0.5551132595720918	0.3923248752225053	0.2914086768350145	0.219053436180238	0.15799099507870581	0.12757320861400998	0.13529545216571848	0.12787860807650692	0.1021430316568357	0.07610729119402464	0.05041708840878154	0.049930194408572125	0.04866671320372762	0.03502321035914977	0.030679557432550346	0.03071096994869289	0.027075843775086383	0.019920770653729363	0.012374786220376252	0.014140867683501448	0.01485637499563715	0.012692401661373075	0.01023175456354054	0.006462252626435377	0.003685735227391714	0.0033541586681093156	0.004369830023384873	0.005464032669016789	0.004786918432166417	0.002631670796830826	0.003448396216536945
SRR17011009_2	0.06970445641905915	0.03551682775646805	0.0015472435646572938	0.0019624002370230618	0.002330459303700276	0.0025886239571041984	0.002677586101182577	0.0026060675147666257	0.0026008344474678976	0.002693285303078762	0.002674097389650092	0.002637465918558995	0.002724683706871131	0.0030125024083011796	0.003354396138484753	0.003786996368512948	0.004219596598541143	0.004655685540101823	0.00535866091389764	0.006155831499070563	0.007305361949024518	0.008918891032799034	0.010912689673614464	0.013872861408928362	0.017375527787543747	0.0233307583734964	0.03230023572351647	0.04420895253965553	0.06064950563649318	0.0878230797630223	0.12639776317771384	0.18319921999387556	0.2609277129376512	0.367158979101833	0.5146180938011614	0.7055762082432846	0.9425120519720335	1.232621092523159	1.569114297254445	1.8968490916834262	2.1911951723907555	2.493171065219631	2.7813142168222007	3.038057220276636	3.2362701103505622	3.460367495639765	3.690983538427416	3.9103798849265945	4.000535168349083	3.819811189187506	3.7577661989380187	3.871908118502111	3.8606064374926246	3.915148953591502	4.06747830959018	4.190097798178212	4.177461685007549	3.7968415124576222	3.295630537075802	3.060168673969528	2.922029652129235	2.7038630764452574	2.411598012167056	2.0687850064946725	1.8344168544538333	1.6068918100839638	1.3475305286243986	1.122016726453007	0.9520065804076926	0.8065098659453871	0.631139314630409	0.473787958380718	0.3614619131692842	0.2787463070898206	0.22239140534981702	0.17957444871162317	0.1516699895190384	0.13109705761197174	0.11058517815672356	0.09421439929053563	0.07643418096522356	0.062140929816630705	0.05383081894625038	0.04528696440319353	0.038590382616587725	0.0402387988156871	0.0344492820275275	0.02448028882345035	0.023210397825625652	0.025157098860752528	0.026378147897122433	0.027735256683259272	0.028816757258329755	0.026269997839615384	0.022380084480894114	0.02376161424775835	0.03279388840536316	0.03883110371232922	0.028256819057365844	0.013827508159006052	0.013140231987106421
SRR17011010_1	0.02250430221879132	0.011275463577163743	5.43957581255315e-05	6.605199200957397e-05	9.843041946524748e-05	0.00011008665334928994	0.00012433316142978628	0.00015541645178723286	0.0001890900163411333	0.00022276358089503374	0.0003147183148691465	0.0005258256618801378	0.0007097351298283634	0.0009946652914382902	0.0014829319774698469	0.002100712373324097	0.0027664128418127447	0.0036380401089194754	0.004769989932769822	0.005956335514745699	0.007652965113422991	0.009743316389961273	0.01312232907923536	0.017764100439280717	0.021621018717800547	0.02704375774807674	0.03823244713965929	0.05606130443385135	0.07863165864465223	0.10892232509798391	0.15924617218668993	0.23396910706889326	0.3301304463380471	0.4643157156740458	0.6557745377678361	0.8782868620658139	1.1430633952902314	1.4807833450238883	1.8727773099958434	2.249729552708991	2.617605474637764	2.9885469860780405	3.2847370696199523	3.531745616993794	3.775294853178272	3.8489985151641712	3.865104840117721	3.905465197509767	3.847799218211213	3.82008069403496	3.789553017492653	3.8037658520085946	3.8159595677884015	3.7660916089582717	3.8207515750518417	3.927051247525916	4.218734253965998	4.007458539132237	3.2050213812240838	2.7615651436540816	2.5441310519182516	2.3071598170556684	2.0608610048116547	1.802852858062571	1.560034079201493	1.3322596128734192	1.1264131127554258	0.9278193803875031	0.8017028151734584	0.7092649950617069	0.5417908168899813	0.38723433613597114	0.2841310620203209	0.2113093883983147	0.15014783407164567	0.1152814482502782	0.11330247876418743	0.10204385196930063	0.07821073908772848	0.05594085668371625	0.03768201387291283	0.0357380130884742	0.034440285716050796	0.025655370778777463	0.022767215049731386	0.02398852933335939	0.020455395329396296	0.013824293386474363	0.008408030041689298	0.009248574018438583	0.009572358292995317	0.008692960203299224	0.00734860789533966	0.0048347467876811686	0.0026265380352042352	0.0023623300671659396	0.0029736347775290556	0.003393259197354584	0.0028959265516354388	0.00171864692934715	0.0032197108261921743
SRR17011010_2	0.07060742736390031	0.036393646103033354	0.0022083428864227246	0.002467234197843912	0.0028931104051317645	0.0031131680198397734	0.003089867801811866	0.002996666929700239	0.0029112327969312473	0.0028659268174325396	0.002939710841187578	0.0030303228001849936	0.0031843631304806	0.0035972947721973933	0.004029643262270776	0.0046121487129684455	0.005356461233304358	0.006187502342966369	0.007260606828807188	0.00864179197523922	0.010323291042919831	0.012311576314634547	0.014922495190317216	0.018808453774749233	0.02426070479327943	0.03410504691007006	0.04653830214107257	0.06185431212475	0.08271189062939792	0.11422284659902769	0.16046989601475142	0.2271693590327489	0.31986798200021915	0.44820428844137283	0.6247798129396364	0.8476243926150941	1.1215210444462533	1.461313301773447	1.8416311105339562	2.201307515034854	2.5389561523034803	2.892886464147385	3.187841335249543	3.4036285377756594	3.561400786325403	3.7268659901940255	3.9132522009385946	4.096351786484672	4.0821166477261785	3.896644323310926	3.8734153003936593	3.9202888667830225	3.8943803187925474	3.9102969566187222	3.943714647096969	3.8714063038170314	3.675003588233576	3.3621903944695846	2.9985788420350845	2.767611547463787	2.605067932044552	2.3881351354653964	2.115437150406118	1.7928236260482768	1.5781147058342295	1.3925284692419517	1.1968040488944203	1.023887953083095	0.8656587613686941	0.7286250013203457	0.5799566657367291	0.445493696410793	0.34377788906652285	0.2629571994670567	0.2058056480142726	0.16359471414360516	0.1355787908781614	0.11468755650302873	0.09406039126554565	0.07844018399094833	0.06427494588653809	0.051972430767803286	0.04366072521462607	0.0363599902325486	0.03131031520327835	0.031101907697584297	0.025019256335743506	0.01825830973797921	0.01754247526189963	0.018470600613344584	0.018673830292810216	0.018767031164921844	0.01965373390653941	0.01814051419128257	0.014560047354327555	0.014022847883128593	0.018197470279795232	0.021363711018476346	0.016398175665417982	0.009274781231664024	0.012376299142489841
SRR17011011_1	0.030613100111482657	0.015375241209178247	0.00016671111395926417	0.00020993251387462893	0.00022922778169398822	0.00025238210307721934	0.0002678183173327068	0.0002894290172903892	0.000326475931503559	0.0003658382778550519	0.000455368320536879	0.0006066432202406557	0.0007895623591681817	0.001023421005138816	0.0013491251259296006	0.001821473282147516	0.0024427809059308844	0.003429926807569305	0.004914890618947195	0.0068035114331060804	0.009605956131189823	0.01426383378278315	0.023706166042864806	0.03324729007418158	0.04135053074759971	0.05710318739532462	0.09028873261248425	0.13016664852011045	0.16308128817708628	0.20666389550602948	0.28141916571321673	0.38985085275088815	0.5236573605924425	0.6755504806771515	0.8641092404829197	1.0783893641026068	1.3201243383971037	1.624022491119874	1.9718359015887932	2.292852815920899	2.597589926888455	2.8965963433136612	3.1208359123709886	3.299952339916676	3.503400871993287	3.6479818573851714	3.7042144422964864	3.7093153392972122	3.6867059162772	3.7006841800962564	3.720394682079089	3.7571158921714676	3.7149626782825824	3.567732838524456	3.498066888157303	3.575748864587331	3.99961187182876	3.9345744703061145	3.2181458070375815	2.804203654698154	2.575142584118125	2.3640971191956757	2.1344348080703957	1.8887057133372913	1.6718963660118424	1.4523324262525024	1.2442576607635214	1.030673710406757	0.8575172051851139	0.7172259437348293	0.5466573198331188	0.405175926263736	0.30718375092705075	0.22832785040289327	0.1678726890819896	0.13350087079929573	0.12335927803344052	0.10746692364670342	0.08612558562777929	0.06673152603718491	0.04974165681688266	0.05070410477571231	0.04900380577547037	0.031851084494772745	0.026887569800920764	0.030908703614475237	0.02486851297630301	0.015652321255064244	0.010778336603894092	0.012291857411644635	0.013209540349133362	0.012089643004897748	0.009998035973279203	0.007035826457651166	0.0044734148912402545	0.003415262404026592	0.0028564714479779475	0.002073855385224735	0.0017311714287529143	0.0025739887271025276	0.008312401376579976
SRR17011011_2	0.04583213563380816	0.023742240390099097	0.0016847440708290474	0.0018166539774736297	0.001889165855980008	0.0019647633463377215	0.0020851022085397962	0.002119815341867318	0.002197727041113533	0.002259439278140238	0.0023628072751599692	0.00248237473439921	0.002598856581787116	0.0028935325135896325	0.003155809520953129	0.0035299399579275283	0.00409074991190771	0.004862924277704357	0.006096397615275624	0.00785133935572255	0.010788070435230874	0.014783937782710026	0.02117963974756517	0.030576099237843844	0.04070847715466598	0.05656620786164067	0.08550924702716534	0.12233988148766574	0.15840451280607215	0.20304328805637642	0.26075580072078813	0.3413365542184082	0.4480655539472061	0.5896503965516499	0.768682995986861	0.9919979825035471	1.2414743291017791	1.5104347717352677	1.8313677175867218	2.151071047115418	2.442886616731747	2.721900754179849	2.967473030383179	3.159216036437003	3.3039127185935184	3.4556044828170105	3.647947640375919	3.8827588452477175	3.949033159396622	3.821575790653517	3.8356731797993047	3.924139214383012	3.8751512692282506	3.818344383642206	3.781915650125342	3.690326976348083	3.5048624190087634	3.2387422820844294	2.9766858959683034	2.793805538554477	2.658791506387452	2.4765861265661053	2.233026440692808	1.956089691423618	1.736396441817437	1.5377493792462502	1.325036555050752	1.129617042476062	0.9612444605842515	0.806499483433863	0.6430453668330807	0.49890718042165705	0.3911360152900707	0.30730688391595745	0.24234318340090785	0.1959232387094203	0.1644553976465406	0.14005977894692126	0.116313681542008	0.09445520718714906	0.07632415194870312	0.06237024375400228	0.053286973866634134	0.04411344983261443	0.03828010062766513	0.043483985014942036	0.0382747008069253	0.026837880479951184	0.0259461386549153	0.029540876461720867	0.0320695353738901	0.03154498135916311	0.02761776887537617	0.018990398139042807	0.010805812703376052	0.0075196360817040096	0.006228307521920206	0.004859067262890188	0.0034304289757219665	0.0028109923965664143	0.004472594378510448
SRR17011012_1	0.04359792859945942	0.02220707696328862	0.0007782880936038929	0.0007254058893117524	0.0006736732981563976	0.0006610275536517553	0.0006897678820713969	0.0006299879989585424	0.0006311376120953281	0.0007024136265760391	0.0007219570499013954	0.0008127764877074626	0.0010174076260553104	0.0012415821877285143	0.001511741274873145	0.0019382477486206253	0.0024808651491834573	0.003283295118659849	0.004535223824619434	0.006435534339726132	0.009457867276335637	0.013568883853481163	0.0204527673165537	0.029787625987253277	0.04006171859070673	0.055050374668118185	0.0816110365804141	0.11326563430180728	0.1425048948228138	0.18146643364161666	0.24465262047876696	0.32925035198855024	0.4389073506539873	0.5745881418968414	0.7411532900594424	0.9194927759690019	1.1092410226480225	1.3475937631372041	1.6410106736521453	1.927640268207504	2.200122723501578	2.464132529977542	2.673404656558594	2.8396801022107248	3.080783866936234	3.180576035274913	3.1407821765450774	3.164392931148382	3.1702502100803045	3.2231151701753933	3.287199204872373	3.3789026951806287	3.3936729247620505	3.287592372565154	3.265432429740473	3.373066109285168	4.026298136256379	6.853696921326822	6.653165303424753	3.497589905035517	2.702595633327855	2.486859232078658	2.247562659204175	2.01677207392877	1.8097934255556059	1.6009179155067454	1.4392673635039033	1.2725136787868694	1.1102434853032996	0.8916227046939073	0.5941200690908298	0.4036245738728986	0.28606973295774396	0.20660157526429834	0.1496095040081492	0.11499695168580651	0.1049033483448284	0.08696363534528814	0.05890962596830765	0.04255063103184769	0.030709615722955372	0.021037920403177604	0.01547724166054536	0.010963860485524852	0.008040394278678916	0.006991947097930393	0.0065424483614472	0.005507796538340104	0.004519129240704435	0.005057148188720125	0.006135485311025075	0.0067942136384032585	0.005681388121994739	0.0038213140666755385	0.002596976075998809	0.002407289908429175	0.0024797155360466714	0.001935948522347054	0.0017313173839992061	0.003095908177363786	0.012085882907027659
SRR17011012_2	0.05986060669028228	0.03140567609910157	0.0026002870266452088	0.0022394871475614284	0.002192376335324374	0.0021234336832701485	0.0021130922854620147	0.002122284639069245	0.002190078246922567	0.002327963551031018	0.002273958473588541	0.0022486795011686586	0.002387713849478013	0.0025313443745909833	0.0027220857119410074	0.002976024480340739	0.00341036318828236	0.0041365591232535364	0.005159208462057883	0.00673224997309513	0.009240613463668038	0.012841717989300422	0.018636347894458085	0.02776665311483936	0.038552731028722954	0.055864230959539005	0.0936631889924691	0.12628110672352413	0.14209080588375894	0.17278522362250112	0.21624896956588674	0.2719753152213173	0.34784785285119346	0.4530727245931562	0.585816055902563	0.7464581804099133	0.9336179469857203	1.1515387758639222	1.4009192859186679	1.643274539729088	1.869046787632065	2.1005102514621186	2.3445890715738944	2.5802844651958763	2.777119183943293	3.0411166852777356	3.6014147675666277	4.367391761817293	5.122052968777459	4.559290186677627	3.6164994198360922	3.9243674287610406	3.96039800776878	3.800089106079692	3.9325693062670917	3.8533530500125854	3.8247441474984836	3.557848756689362	3.0402951186740896	2.862303575777293	2.8771400344993627	2.8443853805084003	2.5812898788716674	2.206501535686084	1.9610312230470137	1.7583168451235727	1.5647810322769504	1.3789978206538258	1.160412844227502	0.9336604616211539	0.740587713587496	0.5747921258390923	0.4461669689457246	0.34534178744902233	0.2677089141033616	0.21442543641905246	0.17216933593081668	0.13824955112013768	0.10701048643016718	0.08386873622396544	0.06539095642923208	0.050530367778943756	0.03934557152734655	0.02975335053820196	0.021300981396353905	0.015539673773022452	0.01292904534856911	0.010946944102010123	0.009454335685036137	0.008818914241936359	0.00841904686002185	0.0076962980576533845	0.006521974884329741	0.005123588091829866	0.004141155300057151	0.0037355426971381234	0.0036643019566820908	0.003229963248740469	0.0025531762144081547	0.0024244832639069335	0.004112429195034557
SRR17011013_1	0.04122459758982788	0.02070978447255962	0.00017492757110252282	0.00020317108518678434	0.00027332432984769194	0.00029245703293703036	0.00030065676283246116	0.00030430108723043033	0.0003398332501106303	0.00042729703566189166	0.0005548483895908146	0.0006678224459278606	0.0008208840706425681	0.0010778089406993986	0.001406709217616121	0.001929669768724705	0.0026230024854383503	0.003572348991109334	0.005035545236893977	0.00720482933478516	0.010482899130758477	0.015102991386283963	0.024050718864397906	0.03589477315779789	0.04667104040259289	0.06291926073093868	0.0974383014285032	0.13872576361419603	0.17019268262846132	0.21208419158311756	0.28634094551613853	0.3919826211644704	0.5201097783482724	0.6625891960923768	0.8426999075699113	1.0388711566692963	1.2590411930104082	1.5385681629834436	1.8547497477512536	2.154170173531704	2.4348396392035028	2.7116798310141355	2.9311437795031408	3.1440133229940206	3.3758789074093154	3.417547201494596	3.389369285249497	3.4055692182795703	3.4032669163411535	3.447652965346219	3.488443888332689	3.5540007288466584	3.5386481012391133	3.4017891427977767	3.3111147074519045	3.3192734386978584	3.6188715252927093	6.050834881465115	6.039339771232821	3.2789927211271044	2.552851062939642	2.3012478175849456	2.0517145484882966	1.817935693764068	1.6063489524612733	1.377078127017333	1.1893307337638537	1.023791853391599	0.8470439422522907	0.6530128226556132	0.4635717296381779	0.33890485847024765	0.24868049718752452	0.17848898712043826	0.13211951456177734	0.10352796749750975	0.08691804797266553	0.06752022028337483	0.04738988339009232	0.03608701126979077	0.02643866242616724	0.01980234769746528	0.014581852997374363	0.009843320198914879	0.00884021990837385	0.009129943698012403	0.009099878021729157	0.009388690730268217	0.009118099643719003	0.008056690162810465	0.006069622284817745	0.004114442245307256	0.0027305100551784423	0.0019232922010282588	0.0016089692217034132	0.0019642908505054127	0.0021492403137023507	0.0016791224663643208	0.00167092273646889	0.0030967646571743498	0.011029547790453861
SRR17011013_2	0.05503981617382543	0.028491541782976245	0.0018931831809897597	0.0018822557167416229	0.001905021267258575	0.001904110645237897	0.0019323399278789182	0.0019778710289128226	0.002093520025538941	0.0022974993581708343	0.0024495732356240763	0.002531529217485105	0.0026726756306902095	0.003012337644403139	0.0034321343959357407	0.003855573635551055	0.004327275842262309	0.005122248866314286	0.006375264766767345	0.008162815793358447	0.011056772575073431	0.015333053584177768	0.022088958355588557	0.0327459678635843	0.04543366447769221	0.06354593646897952	0.10245044105840978	0.14276276729180837	0.17132533759239751	0.2122113556988233	0.2632253119192309	0.3363591876439301	0.4333650196407055	0.5622426223612144	0.7158026349522029	0.9000606264822707	1.1153762926495856	1.3573577034484172	1.6490445066239419	1.9343168882858104	2.19516365548703	2.45450698573211	2.7177596163119615	2.9571421118637775	3.0958425943213412	3.242210514193014	3.6946275677503464	4.207411576302471	4.766535318242863	4.590026720108766	3.8954807349852523	3.9923763817175253	4.0479079337825175	3.7989311246208364	3.7542077453192735	3.730162770863268	3.6290045024522004	3.386593278059609	2.9779571100124373	2.73167027829984	2.657073032987911	2.5201937945717034	2.249998581706203	1.9272613888695964	1.7056087040603827	1.5071932719748322	1.2983412009102906	1.124640050465944	0.9523722190821445	0.7835410752043843	0.624636621974036	0.503007570538125	0.4063587023734552	0.3156006480605522	0.24867175078475356	0.20541993666860608	0.1694458137417179	0.14064192860564909	0.11464366991528947	0.09151751307814858	0.0724973509322452	0.0571652079700881	0.04614668151988316	0.035139082533926336	0.0249555964766832	0.01891726185756675	0.016520504699142003	0.01472566869638548	0.012174105794445457	0.010610567784941165	0.009118968915070446	0.007274959323197303	0.006008284092434073	0.004995672405440031	0.00417338072076771	0.0038291655969513905	0.0036024207138025447	0.003173517742063162	0.002735508550116998	0.0025861665387257905	0.004500294026191147
SRR17011014_1	0.043456440814255114	0.021768475392624633	9.471761293429624e-05	0.00010537334438940456	0.0001160290758445129	0.0001183970161678703	0.00014444435972480176	0.00020127492748537953	0.00026520931621602946	0.0003208559138149285	0.00036703075012039794	0.00045346057192294323	0.0005955369913243876	0.0007920760381630522	0.001052549473732367	0.0014811466722600573	0.0020352447079256906	0.002905462776759537	0.0042386131788097565	0.005928138599525266	0.008719940240763648	0.013164564227705497	0.021841881542648715	0.030773752442352847	0.03922848336690047	0.05406836537338133	0.08244102632784976	0.11755876529340177	0.14961594139101433	0.19323458611741942	0.2648197900328372	0.36421645304608763	0.48578177336661016	0.6317937095854745	0.8227112660964887	1.0362023977100692	1.268569565611293	1.5549257728850656	1.8798711196384326	2.1926772203241076	2.4948264055845124	2.7743428172342677	2.993960994434535	3.194055503668721	3.3840389077221706	3.4934566941838696	3.5553368946840074	3.5808763150415786	3.581860194245933	3.6052791240439386	3.613748062610426	3.634101693659845	3.585265292430921	3.479507157738971	3.4535048050481834	3.482219633379377	3.635971182545135	4.8276122869013545	4.660204825890794	3.070575703596764	2.5699339207309246	2.349262010086763	2.137339638937407	1.911132667787397	1.7066929880598503	1.48238273710885	1.2649347772149395	1.067823872788184	0.8847074956724706	0.7101630625273112	0.5369553316946871	0.40308382551367605	0.3105660291397789	0.23470314103021603	0.17361501656824166	0.14133407011007182	0.13274555055725448	0.11393463262850327	0.08874211552830383	0.06632482448707927	0.04721199416709996	0.0471930506445131	0.04129095938854476	0.02565900134390085	0.023986051505448844	0.024994794083199098	0.02097876729478494	0.015565655715589908	0.01029698849611968	0.009105914513470904	0.0077621083799655766	0.005813293493842432	0.004451727807911923	0.00333169203496387	0.002480417488716883	0.0026094702363398613	0.0027704901783281648	0.002292166233009969	0.00217258524668042	0.0034252256777364876	0.010828591098713416
SRR17011014_2	0.058793793101252954	0.03022761152440233	0.0016555131742342177	0.0017466314833235923	0.0018921841069338915	0.0019537185494358064	0.002033003311890197	0.0020614038238141582	0.0020756040797761384	0.002151338778240034	0.0021903894821354805	0.002249557215310399	0.0023619759083427436	0.002596280131715421	0.002912235826869485	0.0031891408181281035	0.0035098299319361614	0.0042730936898926096	0.005405564102860548	0.006888307496224004	0.009703508240686623	0.013447642395995461	0.01896917525587885	0.027725999765766778	0.03726975512688112	0.05204985487397575	0.07809075759892084	0.11066259471171344	0.1439953288731355	0.18664934771893418	0.24117359719428502	0.31647045443268623	0.4190661204033313	0.5536277458990578	0.7245739772333686	0.9380274914352043	1.1806932988601608	1.4434217012500687	1.7527636271898406	2.0598110284370894	2.328972146777774	2.5868026442154624	2.8329131970658628	3.0468140193305007	3.2182702765247795	3.4053834992718053	3.681938217550028	3.965955170336271	4.195101150730759	4.039422561264904	3.769875669303918	3.8802767426349987	3.8666539637488055	3.7370269271998673	3.790838797167792	3.9587804910114808	3.9585331698868096	3.533570393195266	3.002982562594521	2.731770690621994	2.6063398297098206	2.460806139774137	2.2375579990225254	1.95974064131835	1.7487023539847144	1.5581337356202734	1.3395409121148645	1.1315722467783436	0.9467748491077843	0.7809596435944024	0.627818166527088	0.48925916897806404	0.38476303541784057	0.30731957281985334	0.24783233388579032	0.19931124261836675	0.1632792764695049	0.1373886597868241	0.11295475269490979	0.09312882866265812	0.07535247490758562	0.0602836366225974	0.048022898954090794	0.03795136741305618	0.03317061457252277	0.03299902814631551	0.026968652781127825	0.020044844644998866	0.019138394972759116	0.020092178831538802	0.019762022880422756	0.020328849764238474	0.020175013657983687	0.015374143788170806	0.009431336668081998	0.007124978428923678	0.006606669086311392	0.0051629763968433825	0.0031891408181281035	0.0021903894821354805	0.003204524428753583
SRR17011015_1	0.03835013467739429	0.01928750226616417	0.0002532514871101979	0.0002532514871101979	0.00025106828463511	0.00024015227225967044	0.00020194622894563198	0.00022050344998387922	0.00028490792299897265	0.0003187475613628353	0.00034603759230143424	0.0004333656913049508	0.0005359762076340826	0.0006658767549018135	0.0008918382110734125	0.0012487918157502863	0.0017007147280934845	0.002305461813692836	0.0033533990017350344	0.004818327862519025	0.0070910416390855425	0.010176998337622306	0.0159854085225937	0.023229274334935397	0.02992078992107985	0.04160419796651282	0.06420907639357308	0.09305682229814721	0.1220028123141003	0.16104611377733502	0.22316586540224895	0.30774640409086734	0.4184500519951502	0.5610688452815056	0.7437210223535482	0.9471856686206037	1.192013268980675	1.4961814042148733	1.8531874057511493	2.1998952412124355	2.5244359303429165	2.8493335730780744	3.085073593135592	3.3291785534764093	3.6616660996162107	3.6923957660543105	3.599612935666787	3.6273428819041156	3.6090782099975303	3.624425031796161	3.6717677774684425	3.7430962771332768	3.675605847419647	3.513608948964411	3.4593607338634267	3.4891876460780775	3.7926855381524236	6.121482511500238	5.944371302309968	3.115429931950452	2.3976519046083737	2.1512633144786144	1.879941460482114	1.614522985978251	1.3894337191954498	1.1752735640029384	1.0122265451571852	0.8612493611949558	0.7501429124340192	0.5983470275436318	0.37504252878421473	0.2535363950331969	0.18028449398780969	0.1286550302556932	0.09423684323593222	0.0757549426830755	0.07854289224376276	0.07009499026641008	0.0475315926863765	0.03425117203041673	0.023509815852984194	0.01671132334556043	0.012017438024121418	0.008399871522900747	0.007033186773495712	0.0064666457312103996	0.0064131572705707456	0.005908837498825437	0.004612015228623216	0.0036612305507224305	0.0027988655730627047	0.0021875688800380893	0.0015588065672127698	0.0010916012375439565	0.0008907466098358686	0.0011068836548695721	0.0012880894603018687	0.0010446623843295665	0.0009966319298776324	0.001784768023384369	0.006496118964624085
SRR17011015_2	0.052489199866491115	0.026992014016905524	0.001369349890501109	0.0012929718089592145	0.0013398897733349496	0.0013660765441493134	0.001451183549295996	0.0014915548209681402	0.001459912472900784	0.0015221060535848979	0.0015701151334112317	0.0016355820604471414	0.0017556047600129755	0.0018625340741716277	0.002028383622662599	0.0021713197466910017	0.0025368434226414965	0.0030638521852805684	0.0037654394200154003	0.004998399879191697	0.006986412230182152	0.009778576668263697	0.014024106886542433	0.02124620005405386	0.030192255633510905	0.04487321402131363	0.07642827285262205	0.1060105949492484	0.1253538896574585	0.1589416965732319	0.2051307958279673	0.26810670629016053	0.35475873091489046	0.47374923526445856	0.6279052994713654	0.8201172883642466	1.0547212947437803	1.3330146548807285	1.6557109582797824	1.9758245914072694	2.2694339391242684	2.564735606905146	2.845694562087906	3.1055753489960045	3.2721537626079753	3.4219366360888834	3.8710124776689585	4.426413155448055	5.105796190763206	4.885908058465894	4.056891632486566	4.111852208848663	4.14276678291047	3.9497833753940155	3.9196544044566393	3.832380444025068	3.7552025748578846	3.511393918537102	2.9979684521425307	2.679719535320116	2.588812160438052	2.44910355591252	2.1173891833142697	1.7349815868812135	1.5285032634717568	1.3439279916176148	1.1444862717490678	0.9759263924788103	0.8028787553602411	0.6406658946661149	0.4993162525028825	0.39479612125915164	0.3131697743998783	0.24355006195899087	0.19233419382334818	0.15897115669039807	0.13155360764775914	0.11113229087435772	0.09172898481636473	0.07252207953947945	0.057289016733673884	0.04457533950330024	0.03350924660333032	0.024839243232874696	0.01811797205718798	0.013312699612752214	0.009793852284572075	0.007488325337457458	0.006548874934492155	0.006098244253394979	0.0057567251173576495	0.005728356115642089	0.005429390482178102	0.004343730608832601	0.0031860571157476	0.002755066512761195	0.002621950427788179	0.0021669552848886074	0.0015701151334112317	0.0013497098123903361	0.0024593742256490037
SRR17011016_1	0.03613181452541512	0.01818794475447012	0.00023753726075212593	0.0002280938834133564	0.0002208297469989183	0.00021574485150881162	0.0002121127833015926	0.00023027312433768785	0.0002658673927684345	0.0003464993069686975	0.0004641783168825947	0.0005353668537440881	0.0006683005501283054	0.0009436113202355093	0.0012145636084940506	0.0014956856877328052	0.0021015146646969425	0.0030400410894423457	0.004264048075275166	0.005867969395583098	0.008422766172540978	0.012229900067347988	0.01938943291741818	0.026745097450678205	0.03372883819951899	0.0462507565507274	0.0698337754202007	0.09999882829479635	0.1293081658997712	0.170007669402585	0.23337200493208712	0.32104940504071355	0.4316248159549318	0.5691959370261264	0.7505974043947575	0.9587759314142904	1.1971914262589218	1.484742266224454	1.8052969835753445	2.1250708062616828	2.4386882733367847	2.7158107190657494	2.9382342175939957	3.1405338790133235	3.3473750785189584	3.5159437224978434	3.5944995465108596	3.6044506869849986	3.587654550767535	3.6010467126611925	3.634564164491052	3.6869407672800745	3.6885795564551724	3.6126206612103173	3.5845970757506977	3.609415724224267	3.687544417016115	4.45716877392121	4.283740422681066	3.14090434997046	2.7488472850649726	2.521890239000476	2.2924837261370303	2.0524221779808873	1.8335660968457717	1.5994030274581523	1.3497927719852303	1.1152410712994383	0.9294092071316415	0.7541699066833781	0.5613593866622305	0.41356399358771434	0.3136072972841217	0.2292481546896106	0.1648196231753933	0.12837908285236457	0.11196721945122456	0.09267875802996707	0.07028269905061296	0.050675342040761635	0.03585650375530791	0.03346587646131634	0.029198196317833953	0.019552149573101595	0.016690079825812984	0.017008975414406817	0.014991724732117353	0.011050930727284684	0.007938248273697957	0.007634607371574445	0.006162893334009285	0.004305453652837463	0.003053116534988334	0.00208771280550951	0.0015022234105057995	0.001794968108007655	0.0020034488231020285	0.001585034565630394	0.0013896292960820088	0.0020978825964897236	0.006805769406687058
SRR17011016_2	0.0503111176141523	0.025897606405668537	0.0014325439452277677	0.0013483193645656183	0.0013192764057166012	0.0013933359507815946	0.0014986166766092815	0.0015508940025375124	0.0015980888106671652	0.001645283618796818	0.0016750526516170604	0.0017963070048117068	0.002036637489287323	0.0022297731656332866	0.0024149220282957706	0.0026625132524836417	0.0030669364544562046	0.003697168661479875	0.004660668821296016	0.006167998385560003	0.00833605526363913	0.011463255857707043	0.01638458523467299	0.02313562101912701	0.031026592938404953	0.043634867448734495	0.06532923163497903	0.09275304552816341	0.12155422174476244	0.15879818609877072	0.20746837653795358	0.2772934582027604	0.3711682880164671	0.49660700550728554	0.6595227570968757	0.8630209611601686	1.1006243117998624	1.3669649441466871	1.6766108063593101	1.9871301355593174	2.2711535734013664	2.532031225188691	2.776949771088481	2.9949498505790593	3.1718831862571273	3.356983401963539	3.5755490930777025	3.780071061440423	3.955725054781192	3.877783918266027	3.743322279534791	3.879650654446048	3.8885138394127967	3.7976703684289563	3.821489225055006	3.8989467963053346	3.884155943437502	3.5852523456291587	3.1832266399095825	2.958875591392695	2.843596100907263	2.682565237346974	2.431763314058345	2.1316377337564294	1.9005596098961384	1.6947924246727661	1.4483200804745537	1.2117433984301729	1.007629483639281	0.8275101353754755	0.6607795911410669	0.5082445191180868	0.39572483579728235	0.30974751256859456	0.24376481435951264	0.19488478854264565	0.15680293482584323	0.12919905458779496	0.1058223770102211	0.08505738750714512	0.06692949866755987	0.05151785255432896	0.03920291192837449	0.03017781246604243	0.02505826489493194	0.024386646471548423	0.020532645832283855	0.015283131020324015	0.014552700605271238	0.015779039542670983	0.016044782616139487	0.016367159459363578	0.01584946871787985	0.012482663713307543	0.00846457035654603	0.006464962639791203	0.00565248586598995	0.004475519958633533	0.00305168890106047	0.0023466710750005807	0.0038206012365881972
SRR17011017_1	0.048127860619525724	0.024135967221332277	0.00015127751429577012	0.00018369412450200658	0.00018189320171277124	0.0001602821282419469	0.00018549504729124193	0.00021430981191900768	0.0002773421095422452	0.0003367725615870121	0.0003980039364210142	0.0005042583809859004	0.0007095635789587313	0.0009256743136669744	0.001159794276267571	0.0014605483820698758	0.002074663053199133	0.0029355041464536346	0.003947622754003907	0.005458596974172372	0.00763591262635792	0.011443063402801469	0.019995645728880188	0.027997145681452888	0.03458672216726506	0.048358378736547844	0.07899207538144129	0.11498531824709918	0.14007217270114772	0.17627432261035691	0.2427517855294017	0.3337938352936168	0.4411198289180979	0.5629306445363992	0.7189914097603783	0.9011583517371133	1.1028761115137875	1.3458386050095297	1.6353549526070057	1.9136407456908107	2.1671458411947366	2.3980799713811756	2.582312571797164	2.7282485491000616	2.905711480751314	3.06397117270095	3.1362872273026956	3.170067136060383	3.2102007004184934	3.284935394326182	3.3566265287200627	3.471284079019522	3.5384134759882695	3.5053179178904914	3.5749812132236936	3.811134417653337	4.720895777554627	5.2797689430468795	4.350698088999407	3.452248325137304	3.2209305983967575	3.0123369154107826	2.6408083449143174	2.2315882613619453	1.9108529172130744	1.6781466790020274	1.467098338254325	1.230734425858341	1.0467341444821643	0.8350158604568664	0.5663794116777848	0.38925325258811966	0.29054467451012966	0.22273813057262914	0.1665961635410061	0.13805153733162565	0.1494639850470101	0.14165338291009635	0.11917966742322833	0.10067158391825655	0.0748409483522538	0.0808200120125152	0.10565293635328155	0.07950894022195185	0.05491013584378609	0.07247813765277701	0.06635680109216602	0.041120470046610944	0.023487635017207548	0.02707507321336438	0.03273357261714188	0.03183671306810267	0.027546914984144043	0.019783136839750415	0.012321913723948325	0.007931263963792519	0.005543240345266434	0.003684688026775544	0.0025230928277187375	0.0026455555773867417	0.007765579067182867
SRR17011017_2	0.06742168465907204	0.034373215653112785	0.0013319463571924103	0.001405743385090909	0.0015299383832615527	0.0015299383832615527	0.0015173388906935161	0.0016451337438835986	0.0017477296119376088	0.0017549293219764866	0.001819726712326388	0.0020051192458274934	0.0022589090246979394	0.002413702790533814	0.00246230083329624	0.002615294671622395	0.0028258861902595734	0.0034486611086225116	0.004361224356050284	0.00557437549760121	0.007856683579925501	0.011141551285163542	0.016319942730626466	0.024061430949929925	0.03216470459868699	0.04563356215391781	0.07124833054473564	0.10491417468652868	0.13637330770140563	0.17102731204603466	0.21703885897699357	0.2829612040204693	0.37007229570836264	0.4873339731115669	0.6340604638488789	0.8201207704560907	1.026901842555193	1.239863865722672	1.5021439026564645	1.7711682679691758	2.004197682942517	2.2186572457980827	2.428658388212073	2.61160662015498	2.755145439272579	2.9559435523293733	3.2045567396818657	3.5091008744713816	3.7921520748673365	3.7042112165974626	3.5747388309683217	3.7370454942297653	3.8224250556533086	3.829559968301836	3.9065986656453395	3.985228498907435	3.9561056718001737	3.7483112405131	3.415445246358148	3.2045063417115935	3.170935893727816	3.140895103590598	2.872061530593917	2.406638075058165	2.060884599933622	1.8295885151521407	1.6010517192430591	1.390132613799112	1.1833641411925775	0.9518736642400464	0.727307508417406	0.5159204218209316	0.3771226117639338	0.2940397578427926	0.23559611160220134	0.19235825296372014	0.1586474106341841	0.13445638490355438	0.11448978903823627	0.09935419860900521	0.08766726928839667	0.08291186080771784	0.08275706704188196	0.07206369770663856	0.07311305544480502	0.0996205878804437	0.08674930625843975	0.0546259999924763	0.05004518448024025	0.054823992018545445	0.06416201593897007	0.0726954722625501	0.06699510183926853	0.045172780711429626	0.02393183616923012	0.01452721493094587	0.011274745920882782	0.008047475895955766	0.004564616164648585	0.0027700884374582697	0.004118234142238155
SRR17011018_1	0.021712039903728345	0.01102866772961655	0.00033896815003739086	0.00033625640483709175	0.00033354465963679263	0.00036608560204038216	0.0003986265444439717	0.00037060517737421404	0.0003877795636427752	0.00046009276898408523	0.0005513881907274892	0.0006851676206089128	0.0008370253518256639	0.0010883137403867164	0.001440840616425603	0.001844890651270173	0.0023818162009294	0.003227880703422728	0.0045195753338318784	0.006587733006593347	0.009782168852545719	0.01445540974772788	0.023210731084426995	0.03283019522495477	0.0416388475505931	0.056964727507617004	0.08716904946361545	0.1259461019128262	0.1627517156014195	0.2122528164027465	0.28808315526884454	0.3914051669755751	0.520246508847254	0.6753411599180956	0.8722436906570155	1.0973483714790464	1.3542455530293842	1.6660591905460462	2.002852520932797	2.3245360070634815	2.6598749381078055	2.969106090278716	3.1675958958748778	3.3124717871159253	3.475490157662041	3.5907637343815564	3.6381026703431782	3.646942055781087	3.616984502638316	3.615470444901482	3.614676807472861	3.625650336383405	3.5931247605359506	3.4985083548372464	3.4873992386666877	3.5821665981815416	4.012177977658709	4.1285995265130175	3.4558146384037376	2.8785030674764553	2.612271155031621	2.38840212610586	2.138654912733644	1.8889989947831716	1.678893880579062	1.4579670951956254	1.2383374279329986	1.0295267201044984	0.8680178877198826	0.7213368780905026	0.5497114282786376	0.41462222546546945	0.3158143656021702	0.2316743355272889	0.1685656973108608	0.13341515210951677	0.11761110108217344	0.09710488387751144	0.07291882843604354	0.05142463206340588	0.036165641821322696	0.03207542614420484	0.02824011451591511	0.021026872283119433	0.016348207897536673	0.016231602853923808	0.016302108229131584	0.012856383994618161	0.008209356636372223	0.0068073843678175755	0.006022786089864362	0.004987803338416861	0.0038371194584232646	0.0030823503776733407	0.0028419089699134852	0.0035912545602628113	0.003886834787095416	0.002615026288155125	0.0018720081032731642	0.002774115339906007	0.007271996712135493
SRR17011018_2	0.027813132156437347	0.014384669246827086	0.0009977805257914744	0.0010041070327484855	0.0010375471409498301	0.0011324447453049974	0.0012237272028275872	0.001311394513517599	0.0013954466773750329	0.0015011897222279335	0.0016123554873297013	0.0017388856264699245	0.0019250656883476813	0.002208854714705039	0.002521564915723019	0.002893925039478533	0.0034416197846140707	0.004264969475733666	0.005554673108255798	0.007647843124318347	0.010700834624430304	0.0147326271294627	0.021287792123634405	0.03123938756701296	0.04228366114053816	0.058747039816097475	0.08811106996371071	0.12510034856793867	0.16261472724959855	0.20971557154454662	0.268718382999049	0.34986758394992296	0.45848918946826384	0.6033589684901542	0.7898164928873117	1.0208713723978569	1.2784388349918197	1.559829211425762	1.88263742133384	2.2080548634683312	2.517676825304582	2.785582704053009	3.011109120269835	3.199195268315068	3.3417748518185206	3.4960268406576587	3.685496686153061	3.8536697016577484	3.8584914037456985	3.776603809054271	3.747255143280696	3.7402336243451217	3.751226382076283	3.7672785377996365	3.7493808496182517	3.715551209345697	3.5425700485536815	3.288228200721086	3.041085014018862	2.8324494675905476	2.7003294076604507	2.5109472294757382	2.244403357296485	1.9461754344898112	1.7407862899171522	1.553090577729837	1.317715597754361	1.1106463136912614	0.9379254434711918	0.7840910040912166	0.6360742397515672	0.4975851948891765	0.3883191894479287	0.30090132388936475	0.23585669829091677	0.19054083274455397	0.15949033659954318	0.13543063064202973	0.11166375157795509	0.09203260049034948	0.07431205450376123	0.059016368255124525	0.04561863409359118	0.03535613602261094	0.026940074196369804	0.024366993438282553	0.021915923885794802	0.01742681530644131	0.014860964842019212	0.013931872106046718	0.013593855877200694	0.013502573419678102	0.01363994899931606	0.012417125583196617	0.009769934315041518	0.007756297529295682	0.006912160743888764	0.0059532430465475015	0.004802722567079615	0.004179109738459943	0.008609472181784044
SRR17011019_1	0.018069786341017437	0.009241435276985763	0.0004395639701947383	0.000450155873090997	0.0004325027015972325	0.00039896167575907975	0.00038307382141469163	0.00038836977286282095	0.00041308421295409146	0.00045898245883787934	0.00044132928734411477	0.0005101766561697968	0.0006708205167630545	0.0007414332027381129	0.0009020770633313706	0.0012551404932066624	0.00164527558321886	0.002310800148533785	0.0033452759980683896	0.004630426882814452	0.005883802058871739	0.0077126706256257505	0.01165109318588463	0.016846421556499548	0.022491905800205464	0.03029107696615066	0.0454886923051326	0.06886149136287692	0.09471985696694328	0.1280896470416065	0.1872030571056266	0.2658691199161404	0.35877599617067407	0.48890458451981034	0.6678883249779402	0.8710727982368719	1.0993494894570406	1.3902719903571317	1.746474154124015	2.10082979615265	2.448740265268912	2.800292583664338	3.104082481266234	3.326117011046207	3.560718833612592	3.710809628286877	3.735654701847201	3.7131151324839626	3.663529139075127	3.5943551865768106	3.469741449002327	3.4527732205625203	3.429031470220556	3.3609361265005084	3.4638135140147206	3.7242578143308265	3.995041577190831	6.058942703895676	5.461637054501254	2.7243203948237724	2.4084539626029917	2.2023161137531533	2.032109530161723	1.8241357514765335	1.6149138935667342	1.4244185199775206	1.2599333292672195	1.0760614256224663	0.8400861863138669	0.6458324525136306	0.4755499602847774	0.3285555318904984	0.24145301842311456	0.1847739807080846	0.14197210110430297	0.11636617585259743	0.11698580217202857	0.11056004774829827	0.0831181926612412	0.05761289048705012	0.0400815258765925	0.036512054600553304	0.04221579431018865	0.035539364851246875	0.023517555063993188	0.025988999073120227	0.028497514742384177	0.023291594468873	0.013600003318796242	0.009585672121114172	0.008770095598102249	0.008512359294293287	0.00842056280252571	0.008408205582480075	0.007988060100928477	0.008189306255957393	0.007940396537895312	0.006879440931120061	0.0064381116437759464	0.0057708217613116446	0.0049287654810590735
SRR17011019_2	0.020446570401223333	0.010899540508355064	0.001324259741011874	0.0012448041565511615	0.0012306787193137015	0.0012342100786230665	0.001204193524493464	0.0012112562431121942	0.0012695236717167166	0.001363104693414889	0.001419606442364729	0.0015255472216456787	0.0017745080529559109	0.002007577767374001	0.0022194593259359007	0.00260790884996605	0.003084642356730325	0.0036196432920991223	0.004567813266663624	0.006156924955877873	0.00833224229044671	0.011083171192442044	0.01484760021622513	0.02150421251437815	0.02970579451037836	0.0441084434536235	0.0608965256103447	0.08054147744834217	0.1062250537053538	0.14288232901621714	0.1946114458594503	0.26170197569842124	0.3503479227617561	0.47434101083217983	0.6340661580744134	0.8263822203827764	1.0691649385812745	1.3639522196491365	1.6975049975355525	2.0140860625811605	2.293315940211615	2.6075256974809844	2.9216754216420946	3.1620974261422825	3.360095445579413	3.844560863551543	4.306218997424138	4.58621341434507	4.644925794222573	4.018741630126662	3.551230268198794	3.610994993150487	3.539956403603646	3.5563242540025533	3.789692368282284	4.053799199670383	4.166689694072163	3.634134225025101	2.9335919936315467	2.700298037897312	2.5751466639734164	2.403271875027313	2.1853463950074348	1.9170266519632637	1.7084045380439075	1.4959791501483657	1.2877472514326944	1.1028541063926167	0.8995767047879848	0.709315893597672	0.555883628644727	0.4155915516819291	0.31368711609158334	0.24610749298826537	0.20329682408083352	0.16123480334698703	0.13235887827430945	0.11582681966751723	0.09661975638388101	0.08191870757899453	0.06943711810004394	0.05845635632757348	0.05123825789923143	0.044048410345364296	0.037031599397656045	0.04028927836054525	0.03431598408875436	0.02363715353723461	0.022249329328654165	0.02204274480905631	0.02228817428105718	0.022554791908914237	0.024519993364575856	0.024993195512030768	0.020695531232533565	0.017549090087889352	0.02020996932749588	0.02397792971058833	0.019789737569681446	0.012813537254030892	0.021887364999444252
SRR17011020_1	0.03417162172189694	0.018122087643114924	0.00196807548312973	0.0018830351844759759	0.0019377039478962466	0.0019668606217203904	0.00196807548312973	0.0019571417304456756	0.001918266165346817	0.0018988283827973875	0.0019717200673577476	0.0020919913468823424	0.002129652050571862	0.00229851778647003	0.0027030666357800302	0.003213308427702553	0.003847466083377688	0.004703943376961922	0.0061666365138064875	0.00836796538752937	0.011260550403166336	0.014855325313401443	0.02028575581314829	0.02769884013293694	0.036272117098644654	0.047933571766892974	0.06797635529817339	0.0961161901227005	0.1257746017089018	0.16182682889245603	0.22249457795204397	0.3023802196459709	0.40218715873024435	0.5401091596711303	0.724195894166911	0.9135478380107684	1.1181450776804251	1.379092448960878	1.7044590613329587	2.0391740322499055	2.3523592292705406	2.708407166535486	3.0104861005519408	3.2018765818406694	3.50228994086492	3.6782055175214845	3.611570369219222	3.5487608194949685	3.548070778214464	3.5615460209668557	3.4633074679620393	3.5320892763746046	3.587314446320353	3.4483124335865636	3.4903575721023894	3.720417092050389	4.076439517225738	6.638860432785145	6.012242207016369	2.789986325034032	2.4415847254794683	2.2380237625919777	1.996286994777408	1.728561911694251	1.4904393565724658	1.328402356656194	1.1897149930274245	0.9446895953777731	0.7384474333598708	0.61005966475948	0.4434183401018122	0.3069116527028066	0.21872000355322666	0.16352277541989377	0.1218736817235132	0.10010579499097091	0.10102787480065947	0.08387646142360668	0.04787161383501667	0.02856260659497721	0.0213669824674603	0.016011873375092495	0.011939657930987028	0.009519654003583063	0.007730163147626216	0.007744741484538289	0.0090482877767594	0.008364320803301352	0.00559200706718898	0.004022406126322553	0.003631220752515286	0.0035777668505043545	0.003435628065611652	0.0031877963381064267	0.002799040687117838	0.003275266359578859	0.0035534696223175678	0.002635034396857027	0.0018344407281024027	0.0017579044593140241	0.002899874184093003
SRR17011020_2	0.05056227846276435	0.02841561658334363	0.0056068267361636176	0.004673773012789044	0.00434574631316517	0.00413556624266543	0.0038038948019346237	0.0034418505186460525	0.0032535388947879025	0.0032984907017733957	0.003398113625362869	0.003410262762385975	0.0035730611984956017	0.003907162466631029	0.004225469856636417	0.004651904566147453	0.0053322562394414125	0.0063297003890384505	0.007765728385169632	0.009834726420204656	0.012898738777432098	0.017028230451585975	0.02250263159419773	0.03148934825018956	0.04224497925674568	0.06158033082901957	0.08103960359892914	0.10145865819366413	0.13010146363933983	0.16935411044729443	0.22036955172102063	0.28387309094079793	0.3681237114549341	0.4806040667559604	0.6283740203680039	0.8158631476496894	1.0262376043418002	1.2749158602403612	1.561452042016624	1.8282592401810644	2.0722017624680187	2.3736971766608326	2.6960793872237705	2.904132143830766	3.0874091653065405	3.776799796545692	4.610248820036328	5.036909503495993	5.13335299792652	4.3431816303395925	3.692991404619197	3.859840363012326	3.8192245830303797	3.783453878893247	3.8722179038114675	3.8066502262114645	3.8613662946224285	3.4862872022217664	2.8885496606849297	2.8063862619113635	2.6974400905703586	2.4539616653176872	2.1815282017978466	1.8801822219904167	1.659009612312169	1.4474481849329002	1.243642766629183	1.073641107178557	0.8797906917515731	0.6864456804247503	0.5295614442179724	0.41219227617884807	0.3239336553607891	0.2504714685231714	0.20049720829232545	0.16074037229791197	0.1286241285773301	0.10417763505943534	0.08141987158775238	0.06643877072455984	0.05467233151768126	0.04197526841483272	0.03228876146630996	0.025333380520581532	0.01874125877184398	0.014591113564750824	0.012122408921655599	0.010157893465019288	0.009281940685653313	0.008593084616443179	0.007866566222461414	0.0070926661940895344	0.0062373669476628426	0.0055059888988718345	0.005167027975927166	0.0054792607974210004	0.006284748582052958	0.006807161474046534	0.006480349688124971	0.006454836500376447	0.015002969309834132
SRR17011021_1	0.008544842222262665	0.0043242080336905004	9.062711447854342e-05	0.00011467104280958555	0.00013316637229500257	0.00014796263588333618	0.00017385609716292003	0.00017940469600854516	0.00019050189369979536	0.00019790002549396215	0.00026078414574438007	0.000342163595480215	0.00044018884175292517	0.0005826028787906363	0.0008415374915864747	0.0011726038893754393	0.0016016955334371146	0.0021343610226171247	0.0028908199985706808	0.003980194905261744	0.005383990413204896	0.007357442069298892	0.010718043436799166	0.015175417842784667	0.019899124993360176	0.026936597862561352	0.04080624544367558	0.061369352765562234	0.08552980167236249	0.11814631521989542	0.16990734431778348	0.24420123332775512	0.3422856646548187	0.4737042283134494	0.6557556059713577	0.8699592644067149	1.1223372828999731	1.4370020225012698	1.794520440520278	2.1572360461246882	2.5095572765582945	2.848376916467546	3.1341242084183936	3.368879876977946	3.597326788650023	3.708964597424	3.768084918124136	3.79475148417621	3.7454984217565443	3.7247559097386493	3.707155754200326	3.762514124883128	3.7588631468427067	3.646357907115864	3.6466075940639167	3.784355259472457	3.8425471146324246	4.602394434947709	4.2476133256925435	2.9800266717447443	2.7366632768426786	2.490849250783795	2.206441020687692	1.888587686283109	1.6144758061115376	1.3724089338063996	1.1486191460987505	0.9267861642506589	0.7801681388209124	0.6694643441859488	0.48992648180510867	0.3415366038106593	0.25862574079343187	0.1975338179701509	0.14448736347302632	0.11716791229011686	0.11568088779948932	0.10512005466331621	0.08431280899222204	0.06352220911766476	0.047455316393683	0.056379312870396714	0.05084735982130848	0.03145130778995165	0.032085697591301456	0.031135037655751017	0.0237720469876065	0.01709893210926804	0.011049109834588131	0.010423967697981035	0.009556536745114976	0.008622522606101416	0.008041769260259322	0.006930199958185759	0.005419131539227188	0.00431311083599925	0.004557249185206755	0.005689163349714276	0.005104710937975099	0.003112763952395685	0.00924581520975997
SRR17011021_2	0.0442811253969032	0.02262336718205891	0.001185738214529825	0.002071804680613735	0.0033185871401973576	0.004435881807242623	0.005247955249018899	0.005321948273326532	0.004837293964111533	0.004335991224427317	0.0039660261028891496	0.0036571052264047807	0.003414778071797281	0.0031909491732666903	0.0032686418487897053	0.0035701634228433115	0.0038235895310969555	0.0043285919219965534	0.004988979663942182	0.005910192816572218	0.007282763417478817	0.00923987891041572	0.012325388024044034	0.016822314076340453	0.022125764093590076	0.033801863329334624	0.04857272080674595	0.06606837140428586	0.08970544301935936	0.12335747047447101	0.17049842626086426	0.23644285934943482	0.33013097690215254	0.4575266166782127	0.6275644363627619	0.8435167774558053	1.0979787880497567	1.4062318774897495	1.7644450569422567	2.111971793859134	2.421765788030333	2.7267964812617294	3.005259979115469	3.231525097971389	3.396462948455534	3.6122136585573394	3.8591413294511665	4.0504928397875295	4.111890401532396	3.9031375817044847	3.763022541049942	3.8448051809915618	3.805311404267363	3.778592523189876	3.8537583369327852	3.956919411422488	3.9844022704759507	3.608375270421381	3.103857533830998	2.8778328923040783	2.7435891981283467	2.559653638653216	2.272771584458875	1.8971755937708972	1.6364334252388355	1.4229395023784133	1.2188075469185142	1.0423119860375163	0.8796901172141997	0.7347229839906844	0.5710948100367838	0.4239504320730163	0.32429477710988797	0.25664110515981103	0.20836250662468794	0.16890942606385784	0.1455239307314303	0.1281244710654903	0.108022416186714	0.09033438372597423	0.07398747483081032	0.06146600529235107	0.051809915620204906	0.04407209510323414	0.039292145732961026	0.03729803372787031	0.029430725418361184	0.022360691945766814	0.02253087590167437	0.023864600164819463	0.022477230959051336	0.026581993982517295	0.038568863920353906	0.03549075410915636	0.021169404254413916	0.017845267637393483	0.0215356697247367	0.02248832991269748	0.01579751068967973	0.010286880204368734	0.019339926728407678
SRR17011022_1	0.018300533983438016	0.009283505826309171	0.00022866664855338725	0.00022326507417811037	0.00025387399563801263	0.00026827819397208427	0.00027367976834736114	0.00027728081793087903	0.0002844829170979148	0.00030969026418254026	0.0003943149293952111	0.0005095485160677843	0.0006463884002414648	0.0009056639702547544	0.0012819736517323758	0.0017068975025874892	0.002238052316156381	0.0030176795509880084	0.004105196525210417	0.005277338164645496	0.006780776365764223	0.00907644547525689	0.01278192549669682	0.01806826628530111	0.02346263856141094	0.029814890026736537	0.04194682607360837	0.06152213160961173	0.08502618224123312	0.1145187783302448	0.16593096323413	0.2399559389977159	0.331406393695945	0.4533649404657378	0.6284461706915868	0.833291876250003	1.0681001148680802	1.361241755689564	1.6859591997841243	2.016847042340043	2.3475962444869958	2.6617716159258076	2.9249813326090903	3.1403871160711727	3.3451499974891683	3.4672795941141783	3.530159321416776	3.57708639906439	3.5799492334832865	3.5594214503324424	3.4997484576839675	3.548765944614813	3.602862711983211	3.5794036744713833	3.671896633024041	3.910730845076491	4.264827452198182	4.788655930389407	4.184669888993866	3.1483670419482483	2.9415425596436893	2.6724973421103155	2.3774093339889406	2.1262397265881496	1.8810946751405846	1.6543941996597982	1.3967337003847164	1.1040043797405454	0.899457561297561	0.7597584437545674	0.5840524314259781	0.40963559484828804	0.29687953028917524	0.2262737511051396	0.1721391727161149	0.1387502409777368	0.13070369568336604	0.11878422156192177	0.09412423401399113	0.06829390535141715	0.04843951847269116	0.04660118266030527	0.04802719829537836	0.03646062703311883	0.02794594529289074	0.03151458543015699	0.028815598767310314	0.02116696945191827	0.01283414071565783	0.009272702677558618	0.007744057129355265	0.007007642489525852	0.007169689720784158	0.007198498117452301	0.006435075605746504	0.005975941783847971	0.005682456242791262	0.005156703003597647	0.0047515849254518815	0.0040583828806246836	0.003932346145201557
SRR17011022_2	0.019857078381197518	0.010485027238829308	0.0010553462662236301	0.0009959155037912414	0.0009977164359861622	0.0009292810125791692	0.0009076698262401188	0.0010319341476896589	0.0010859621135372848	0.00117961058767317	0.0013254860954617607	0.0015037783827589269	0.001725293042734194	0.0018801732114973888	0.0023934388870498367	0.003005755833322933	0.003483002864976963	0.004311431674640564	0.005458625482805159	0.006845343272894229	0.009096508516545317	0.012044634519630783	0.015542044842167113	0.021533746254668848	0.02854837715388564	0.03940259549267373	0.05305546246236884	0.06976451136684468	0.09298933295254423	0.12731149872334618	0.17506141493947813	0.23933308311181417	0.32845221277747344	0.45066887432138847	0.6148328485494005	0.8211008165624675	1.064179838639717	1.3486388797596636	1.6709048904475838	1.9786085634073736	2.253400200504985	2.53049883174429	2.783075970217552	3.0079601743295163	3.2100679889723156	3.5454177720563362	3.8181635501805173	3.9592972034998812	3.961517752896219	3.680356218625172	3.5507053089806244	3.6480583006414617	3.6743591144160854	3.75404496124475	3.905117959347882	3.980405929756549	3.8955333982065126	3.5406759175871096	3.189234805341471	3.0787962403523386	2.9572171088054255	2.697257949265183	2.413650749073434	2.1212874165499795	1.9049072142624321	1.7090738473867366	1.450816568770694	1.1975766872497007	0.9861076270577024	0.8059459721422083	0.6454000706937923	0.4989896860433104	0.3871716069928684	0.30737770423250943	0.2530777976234503	0.20922509867712705	0.17153158783743322	0.14493542118284183	0.12138102900547175	0.1008558047799586	0.08341017460776012	0.06823732086555179	0.059704504126016696	0.051704763316178196	0.046725185797221985	0.0461308781728981	0.035642249069678944	0.0275956840227725	0.027293127414025793	0.02705360343210132	0.02559304742202049	0.025175231152798853	0.027336349786703892	0.026907727924312726	0.021739052524889828	0.017586102883402302	0.01890978804666914	0.022189285573620047	0.018980024402271055	0.013915803070153568	0.02616754479220025
SRR17011023_1	0.017626507843262817	0.008876860509051376	0.0001309547388058159	0.00019830289019166403	0.00029184198933867537	0.0003255160650315995	0.0003348699749463006	0.0003142913731339581	0.0002750049514922134	0.00029184198933867537	0.0003648024866733442	0.00042653829211037177	0.0005593638128991278	0.0007745037409372539	0.0011149860618323753	0.0016406757990385789	0.0021925564840059456	0.002961447878994379	0.004010956571423847	0.00527934675585732	0.006833966583680649	0.008594372429627403	0.012219947912565563	0.017430075735054094	0.021962980479718265	0.028847458176938297	0.044264572498348705	0.06784203782934439	0.09238108509957134	0.12321531374239215	0.17742496326205112	0.25532806659564805	0.3603219638242024	0.5028755509242476	0.6880156190839443	0.9069644592393367	1.1733974876857178	1.5163118251586614	1.9247465600201206	2.3243287545383065	2.6622200423870557	2.9835287187390227	3.2852035381800313	3.5933493925000315	3.8606392390945996	3.8534573070620914	3.7936484070674923	3.803339057739123	3.773876112289797	3.745934112592602	3.72533680296043	3.7544293335771335	3.698941939963127	3.5835165623976977	3.5962771663033326	3.76255226894706	3.852441472445355	4.916723730194102	4.413283203111005	2.7020209290741093	2.452761679231119	2.215241586331079	1.9902258002050117	1.744708114327902	1.5114066347993922	1.2733926554558561	1.0736661001751744	0.8741415893486504	0.7178153052901991	0.6204654232439386	0.45559340708741636	0.31133179603694666	0.22953559539685112	0.17268440171728058	0.12191699104623165	0.09925995045084256	0.10927611718750453	0.10578897957130395	0.07270420020300604	0.041435950140143084	0.02461387854954457	0.019830289019166402	0.016225292138040588	0.012008549548493317	0.008635529633252087	0.00734094850105745	0.0069368595927423605	0.005213869386454412	0.0029184198933867537	0.0023946009381634907	0.0023983425021293706	0.002426404231873474	0.0023291235687605823	0.002022315323558385	0.0016855745666291442	0.0019194223144966727	0.002334735914709403	0.0029726725708920203	0.0032944470719577395	0.003674215814494605	0.013454664021306113
SRR17011023_2	0.05305748481844758	0.027236175540136423	0.001718051889359255	0.0025284184123358974	0.003726188792717077	0.005032507113820301	0.00569128082302995	0.005786728150216576	0.005483542522682589	0.005053093792233103	0.004792953037744065	0.0047311930025056605	0.0048734282351759264	0.005094267149058706	0.005214044187096824	0.005590218947185288	0.006379998791749129	0.007506651555795176	0.008665120095570099	0.010057528162763221	0.012078765679656461	0.01433955727262594	0.017637168851112873	0.02333406422280086	0.030002276512329215	0.04238422781951966	0.05804320402678424	0.07647015272246095	0.09882541396254409	0.13078716795652812	0.1814434974655553	0.25218119600816075	0.3492960441462229	0.48246565224997795	0.6657338780293952	0.8903906849996402	1.159885277552967	1.4906140092870623	1.8840029755610677	2.2595900795566575	2.5538822620163133	2.8611683815868854	3.163766353027997	3.399435161432872	3.5655621701593025	3.74994769112167	3.9613448056778506	4.1396273122489315	4.213724382405262	4.053312984212712	3.8990682319629073	3.896745680334699	3.857368979079668	3.769332856121651	3.793638237262292	3.995191176504716	4.019311277539642	3.554333072843229	2.9440615779741406	2.6506190638780676	2.508035729191004	2.2990378984280238	2.033787904660173	1.729851799122229	1.5202850274285675	1.3220240852159726	1.1146376299178486	0.9387712507859433	0.7885502584077305	0.6624680822266371	0.5167218851288797	0.38670203882228327	0.2948087209361953	0.2289163778854756	0.18368183086389264	0.1515478973777288	0.12783017232996208	0.1099384772730182	0.09313600465573348	0.07722998830751526	0.06236079194481453	0.04969998472094158	0.04010472106435673	0.03393246057295496	0.028364699820401816	0.02542829087224858	0.023382723644503847	0.02081687490778104	0.019302818286330452	0.018146221262774875	0.017085071566405926	0.017086943082625268	0.01762781127001615	0.01836144562799962	0.018048902419368906	0.01847186508494101	0.022611658962133463	0.027303550124032867	0.025097032501424414	0.021803163955376167	0.04783408305025403
SRR17011024_1	0.019001175275823148	0.009866026439784738	0.0007538715058866647	0.0008088926288653212	0.000892656129519395	0.0008819803892399542	0.0008023229425395113	0.0007727593540733677	0.0008097138396560473	0.0008557016439367153	0.000888550075565764	0.000984631738080731	0.001111098199852568	0.0013081887896268594	0.0016325670519637143	0.002091623883979668	0.0026566169079993034	0.003410488413885968	0.004577428947507919	0.006189465729703478	0.008446974193409841	0.011929729156879716	0.017810419629270137	0.024563235961411797	0.03183587872408315	0.043302444994993285	0.06519181862180053	0.09270073768954726	0.1197029696994159	0.15814138318093782	0.2220406160181353	0.3092441686745613	0.41907782709102953	0.5566823708174862	0.7322169985460052	0.9411042813290786	1.1766538148546601	1.4524155771697322	1.7702151198620792	2.0721283398078274	2.3565234911658046	2.649028099082203	2.872160104241213	3.0484354641029667	3.2498858619652236	3.409828981621015	3.499678475445161	3.541628386267828	3.5348846032543846	3.546509663207905	3.549832282067183	3.5962101614734463	3.6408634982191836	3.626849536075441	3.8203744285963994	4.27178332451832	4.636051079803909	4.1107381399813745	3.324897719222528	3.057871176088411	2.8334564396742863	2.6183649093672763	2.3637583582321025	2.084187820269642	1.8351983509430354	1.6002105255983106	1.3958185506836722	1.163270542598195	0.9469003870900244	0.7786121233788734	0.6050352621754457	0.45516265044633014	0.34319055913081076	0.255152656311007	0.19240147615924477	0.16069534874009636	0.1495884727955243	0.1283864526005549	0.09775036284172275	0.0705789614089645	0.05067856031729614	0.044594209568805616	0.037792941800011116	0.027571331087841922	0.02204622488783595	0.01874249387674439	0.01804446470462711	0.015190757206853513	0.009411896872513143	0.007471375774027099	0.006178789989424036	0.004957649543614156	0.004035429825628617	0.003200258451460058	0.002689465339628352	0.003373533928303288	0.003467151958446077	0.0023659082880822238	0.001834584906482363	0.002544111029669812	0.006353707887848721
SRR17011024_2	0.025204576764868498	0.01331915798286854	0.0013959660031366535	0.0012900368181927545	0.0012571905592954214	0.0012670444369646213	0.0012161327356737552	0.0011373017143201558	0.001175074912052089	0.0012859310358305878	0.0013647620571841871	0.001483008589214586	0.0016299955977801513	0.0018090077087706165	0.0020496065551935806	0.002350970980576611	0.0028206724828084735	0.0034726707219205335	0.004456416175895658	0.006033036602967643	0.008395503774158321	0.011611973676679656	0.016564368361925045	0.023441553818554145	0.0314141620094093	0.04389574039039585	0.06376772702328233	0.08916281208975536	0.11709034371721275	0.15528561587597647	0.20525791416237893	0.27288671891904276	0.365197023767635	0.4867766299196408	0.6426329495439584	0.8374219398392848	1.0654866538670271	1.326758935639973	1.6217569348922278	1.9114601172102328	2.1730485442250655	2.428723002325433	2.6690533305819115	2.875629200882546	3.0727116812053787	3.3317619135639203	3.860332944461	3.962144029695646	3.6320268104303626	3.646309184955395	3.7281776641005253	3.784071321709644	3.798747030184973	3.8603682541893143	3.90285324776007	3.8477125906361724	3.7887486289766246	3.6552515789401943	3.3506994241311774	3.0833021362303517	2.925135082292606	2.706414307764683	2.457451161513513	2.1552631161886318	1.9125949554551354	1.7016620289117699	1.4822679060764512	1.295362839072957	1.1079634358730581	0.8998577510642803	0.7030380408126263	0.5413917469011813	0.4206612165416716	0.3322234856170749	0.270346060793334	0.2224118728715111	0.18966579506381495	0.159349519258049	0.12524442748847567	0.10393541702883088	0.08570574334081106	0.06784394775244136	0.053159206555916196	0.04202514594619274	0.031282776973819974	0.02494673363252443	0.020278459086740974	0.015370406851006988	0.013566326081070973	0.01316313825310621	0.012655663553142415	0.013383208187718341	0.014252812892025232	0.011570915853057992	0.007974250503800025	0.007149809405476965	0.007149809405476965	0.0061792024550607755	0.004466270053564858	0.003698488751839698	0.007980819755579491
SRR17011025_1	0.028054136788211115	0.014197454891452726	0.0003393531072164418	0.0003421928821722279	0.0003393531072164418	0.0003492923195616932	0.0003265741199154042	0.0003620713068627308	0.00043164579327949085	0.0004330656807573839	0.00047140264266049654	0.0006204908278392681	0.000782358000319077	0.0009229268606304902	0.0012069043562091028	0.0015348983636024002	0.001972223706793463	0.0027886590065819734	0.003967165613233215	0.00542113039059571	0.007851977752748632	0.011536585757881128	0.018420200250706693	0.026202603517038566	0.03423348709200172	0.047358926937645186	0.07447735787792477	0.10821246446518604	0.13613455171795308	0.17567273842736328	0.24358879626994423	0.3372303754369917	0.4516562675054378	0.5896409326070855	0.7696343886296775	0.9765261930334754	1.2120486085415092	1.4956072373141431	1.8174914688900665	2.1378081446903963	2.448204066682687	2.7227464099707	2.926924809404244	3.100548650201008	3.297839175479293	3.460676131106503	3.5353536931188105	3.56367192897791	3.5834381825576593	3.6231751535139747	3.6407349019530777	3.700255165138877	3.708618302383667	3.611363109585382	3.575817646463807	3.617582216738554	3.863472650610163	4.292884960886928	3.89604486935303	3.1064837798586007	2.8342260355225175	2.639319501319615	2.391127429846341	2.106038162372539	1.8477577903688351	1.6019411906460765	1.3651579150576738	1.1410187374599088	0.9524775588204007	0.7640144739921767	0.560888211179751	0.4089176544208566	0.31157584848641984	0.23458103011019066	0.17206480434603702	0.13680331872004073	0.1208466232434785	0.09875459397494035	0.0724454988970598	0.04906847146102844	0.033015223635969475	0.02541172619185213	0.018265432515616346	0.013291566680556952	0.011191553100753114	0.010170654004148003	0.010199051753705864	0.008544882841960446	0.005030661334175119	0.00380245866579762	0.0032359235621182885	0.002774460131803043	0.0023087370390541184	0.001996361793917645	0.002102853354759625	0.0033353156855708025	0.003806718328231299	0.002915028992114456	0.0026083332968895546	0.0040211213373931515	0.010914675042563967
SRR17011025_2	0.03281866359374703	0.016863687267583867	0.0008760541419633952	0.0009413677408780082	0.0011316290942379676	0.0012125611624582487	0.0011997824148445202	0.0013048521174462888	0.0014383190369674545	0.001534869574493404	0.0016356796945572632	0.0018003835526897653	0.0019750264367440562	0.002131211129800739	0.002356969004309945	0.0026196432608143667	0.003086777479138446	0.0037597915201281534	0.004607448445172152	0.006077004420750943	0.008814496131780807	0.012215062857878588	0.017430211745125834	0.025296240831798784	0.03389491811499217	0.04741909267285496	0.07189465393568317	0.10406302126197602	0.1362072509538874	0.17526904268736382	0.22706840607003573	0.2997326245842346	0.3958359059437036	0.526106718700591	0.6902738694333167	0.89664496395165	1.135606124467529	1.3982008687645764	1.7120028944715264	2.019682480210654	2.294049290781637	2.546219416747574	2.7775346266079053	2.9789560862171878	3.1349164412602075	3.3075062065312264	3.524831527476217	3.7194177769730006	3.8961407571666378	3.836165835032871	3.7058197696511472	3.856370454871022	3.871639638408582	3.775015268118642	3.8104947509377367	3.842472856910669	3.7691938386501658	3.4908542574321584	3.145108202412579	2.9576808913011754	2.872246444338324	2.7746494693688946	2.5217935506143547	2.1578349405235198	1.9067609471306721	1.7042248967573035	1.4649740846288462	1.2405011841852434	1.0385373377328007	0.8484179704574382	0.672454615816395	0.5061250170152574	0.3875581172116994	0.30904549187295083	0.2501880002249628	0.20085351527089446	0.16356654959488034	0.13673117960605025	0.11252965148649421	0.09209217446960423	0.07173562952093455	0.054528335928625986	0.040243115957323355	0.03061503956080183	0.02247213760916476	0.01773832154870129	0.014765132937240433	0.011478155078820239	0.009726046794893447	0.00895648221637779	0.008615715613345029	0.00869096823818143	0.008539043127662656	0.0077708984099929684	0.007259748505443825	0.007871708530056828	0.009021795815292404	0.008977780129067338	0.0075494001180216735	0.006745758879202739	0.01219518480603501
SRR17011026_1	0.02879580337105045	0.014497197559218503	0.00021192999907669659	0.0002223041948356957	0.00021934013890455309	0.0002082249291627683	0.0001978507334037692	0.00021118898509391091	0.00021563506899062486	0.00021044797111112527	0.00022971433466355224	0.00026824706176840614	0.0003201180405634018	0.00042385999815339317	0.0005824369904695228	0.0007513881785446515	0.0009759154153287041	0.00138569614780917	0.001972579222175407	0.002715816246909416	0.0036820984804619068	0.005267127389640417	0.008657266360884775	0.011495349914953825	0.014077783644961822	0.019816195927653914	0.030160751127341626	0.04425706012187309	0.05820442530586464	0.07710176389486435	0.10997092112928752	0.15947436024928305	0.22145573382540612	0.3012525655756619	0.4100904763252701	0.5353848256045822	0.6932126527841155	0.8956198811680336	1.1296395070715706	1.3756761567339424	1.6254564090373471	1.8804437665977871	2.125566005005401	2.358818681436755	2.601897944293829	2.814145097355158	2.9623197353809427	3.0606700752321854	3.162076356748437	3.26843112964173	3.357162366982432	3.534818987327327	3.6527698880372337	3.672420096832743	3.7634366212963566	4.1459272908187925	4.9734917067938085	4.70947361182516	3.7586504119815443	3.534094275652163	3.4089829568265984	3.2780339298446495	3.1573123778531076	3.013855775855719	2.8162103033251817	2.4743790710381948	2.082868779317292	1.7382253989656333	1.4391899472264662	1.160346385504225	0.887266430540091	0.6897224769251951	0.5369928259472271	0.4108433465317804	0.3204811374149668	0.24760611727791182	0.21244203973880146	0.1743139062685485	0.12731954049426522	0.1000457798438565	0.07800061385598334	0.06471052807472266	0.04998880327872011	0.035824320997772365	0.039357475667694354	0.04855123615211594	0.04851492646695944	0.03905884703263174	0.029021071621817288	0.029913252457091217	0.030780979830933215	0.029207066131496488	0.02484545782882014	0.017573146601761746	0.010928474218122802	0.0070448199343431965	0.005058161446494863	0.003259720510274085	0.0020518677183334715	0.0022348981720815273	0.0064527497620974605
SRR17011026_2	0.042175445096811225	0.021580235999558977	0.0009546614113333626	0.0009168897030494204	0.0008998554032350936	0.000917630324780478	0.0009279990290152857	0.0008828211034207666	0.0008917085641934588	0.0009413302201743242	0.000987248767499901	0.0010339079365565354	0.001099082648889612	0.0011961040956581697	0.0012997911380062462	0.0014760591099979763	0.0016567708123760528	0.001900435361894033	0.0023922081913163393	0.0029624869242307604	0.0038623423274658543	0.005331735841884311	0.007495832540034882	0.010614590649518816	0.014590988723567552	0.020326363408878306	0.02932639868469136	0.04128669901954199	0.056171714570339454	0.0768772763055193	0.10425954294618421	0.14265485472767697	0.19307119782596713	0.26446342959127317	0.3610560563775482	0.488304497855763	0.6413095412749713	0.8238253981899042	1.0498194538265788	1.2883966726739238	1.518240480068636	1.7510423306571927	2.01237144908263	2.258219351463768	2.48704036024789	2.7781735783745503	3.206124070744691	3.721456077431943	3.7429763230712862	3.4866960229864694	3.608287595682866	3.778090680584193	3.8220621333788194	3.900560630653624	3.921972004898502	3.8543613876919762	3.76804710928932	3.6354898912428837	3.524691399033191	3.4870692963389223	3.461593390034	3.3862521631986944	3.2015707283421486	2.93290204856193	2.717278178403525	2.4842704349737343	2.125809517141812	1.7822499085387709	1.5137493498915022	1.2708172752655382	1.0356595069504868	0.8150238495380145	0.6211224147515318	0.46760412047270067	0.3704323274927385	0.29429641354000796	0.23528293338760017	0.1934429899349581	0.15791092176573432	0.13291567896426837	0.12430891382764694	0.12621305229819627	0.10710130852825256	0.0726690636296495	0.05130212668863514	0.05480378623307589	0.05798920029835502	0.04237911607285209	0.03240886632935346	0.030882444941643564	0.030329941130274526	0.026526848541293287	0.01963240084687725	0.013302306911527171	0.00892301061578305	0.007322527054967383	0.0065707959979438265	0.004898472129215563	0.003204670230286625	0.002457382903649416	0.003480181514240086
SRR17011027_1	0.01799884178528643	0.009087638661565327	0.00019939632701572858	0.00022598250395115908	0.00026465330676633066	0.0002960733340536576	0.0002948648714656835	0.0002984902592296058	0.00032991028651693273	0.0004169195928510688	0.0004870104229535674	0.0005945635932832634	0.0007601229678357169	0.0008942623151008434	0.0011577071592791999	0.0015202459356714337	0.0019190385897028908	0.002538979897333611	0.003558922321583762	0.004988533563157137	0.007114219255403601	0.009862263180456732	0.0142985293409097	0.01982482875571532	0.025615781477287266	0.03541399614058137	0.05344425795315513	0.07767876669238799	0.10470119862207711	0.14450433088218048	0.20996070695979827	0.2931790661554596	0.3962113779435445	0.5347144836138455	0.734904770549873	0.9940136509625784	1.297003016407212	1.6182087469029671	1.9668477866083227	2.3895281206162644	2.819535363295093	3.104879966492716	3.232133493931566	3.385608242604279	3.562337436857377	3.6684585790203235	3.7002375196962785	3.6664489057365226	3.616130940498456	3.5376400869469498	3.461085190461378	3.442909913138247	3.38384147030066	3.337211732881091	3.46787795866838	3.976465481130225	5.710457028586992	5.291936222806857	3.132709651431172	2.6404798785601447	2.430748779492061	2.210326411908171	1.9754049101937672	1.741546855556781	1.570562692446912	1.3991241474039644	1.1951779587445133	0.9834432287055689	0.8142995541171844	0.6673009564534252	0.4863361008294778	0.3356686107486294	0.2421033948747337	0.17587118581563654	0.13020701000385876	0.10656343947014522	0.09771749332617473	0.0826032517383825	0.061153040801841994	0.04100434407254962	0.026804908663853794	0.02120972688153365	0.01619944099179298	0.011056224217375156	0.008551081272504821	0.007719659011978631	0.007771622903261518	0.0066368765331538265	0.0042344529082612905	0.0032193443343630362	0.002551064523213352	0.0019746278687497	0.001619339867885311	0.0014549889559208316	0.0015601252010745794	0.0025534814483893	0.0028169262925676567	0.0018513646847763405	0.001415109690517686	0.00205680332473194	0.00633234396098435
SRR17011027_2	0.021983038544895427	0.011328697268820765	0.0006816071324530523	0.0006864412255910172	0.0007021520282894031	0.0007504929596690522	0.0008133361704625961	0.0007988338910487013	0.0008278384498764907	0.0009269373592047713	0.0010127425124036484	0.0012193999940516484	0.0014067211031477888	0.0015420757110108062	0.0017571928556502445	0.0020967878985922797	0.0025886568753802092	0.003214671936746665	0.003944620000579366	0.005050418805888839	0.006799151998547645	0.008992621759899223	0.012105777740748625	0.017048637974317743	0.02346589661496616	0.033534104098062574	0.04951319896560559	0.06901513920744053	0.09232392779542281	0.1281433494244583	0.17335903959041307	0.23790747673837404	0.32652848919011573	0.44646717403616315	0.6176303268186556	0.8418935756751237	1.1201077209978492	1.4558089019172533	1.821951575849707	2.218645718414099	2.6078929404994557	2.8832972691857393	2.9949865740918495	3.130094643204831	3.3524617190279318	3.614678641633847	4.153128939899207	4.6118058246785845	4.306679074333524	3.7668994004552245	3.7290472426616748	3.7436317016589142	3.701733407908888	3.931750436122819	4.117628568417277	4.029526012454582	3.598606490473398	3.119574448013335	2.8588730136061713	2.7511851292950116	2.64390572585401	2.450512995776586	2.196452396817702	1.9006904934041642	1.7096737201040495	1.5189191963566697	1.2974246743449709	1.1145086326208011	0.9355698410258921	0.75451250811327	0.5822918974568476	0.4326416676615835	0.32993773337566545	0.25822275315067156	0.20393467868804116	0.1640159460780114	0.1353896550382677	0.1110620813214593	0.08936183722513483	0.07302864503523589	0.057705778311171615	0.044372140913379904	0.033090576052654294	0.02480373189089795	0.019252984445229743	0.016107198335699076	0.013147524811980062	0.010707516300592274	0.00964039024038652	0.00893944673538161	0.008691699462060906	0.009172691729288416	0.009131601937615714	0.007695876275640135	0.006477684804872978	0.006738725834323084	0.007139955564774171	0.006536902445813049	0.0055712923415045575	0.005832333370954663	0.01913092359349613
SRR17011028_1	0.023060799048530388	0.01168157868621891	0.00031290570729954943	0.00032907836183413287	0.00034736049304714023	0.0003916595032940427	0.00041275427007828204	0.0004401774668977931	0.0004809606826806557	0.0005484639363902214	0.0006848767615949689	0.000890902317187706	0.0011377110885633056	0.001478039992682366	0.0020011902089315	0.0026663785215278457	0.0036107209145689583	0.004860937425981539	0.006526720843043636	0.008892147358449667	0.012366455447813878	0.01734833620335839	0.02605133381964271	0.035996813199518723	0.04588814934464853	0.061967986905381335	0.090677964498731	0.1267950178689199	0.16492521514921804	0.21623542271630886	0.29717955866189905	0.40866610427549643	0.5442421703978023	0.7080395186829563	0.9158630515646033	1.1559130596625329	1.4173440202140744	1.73397998543997	2.1038218746079673	2.4541574329305775	2.788090403760657	3.098578650786733	3.305969740949303	3.476991343699166	3.6244739993533894	3.6706757575642297	3.703540701055182	3.693123402058232	3.6498341279814017	3.6487695454176903	3.635496718157047	3.6260012604685676	3.5403234588565944	3.4058928385706726	3.359728347781151	3.3848290107777173	3.4829126447355017	4.281369959126851	4.0649039002937	2.8685127958077836	2.4773898027489536	2.243557125581232	2.0156816105533797	1.782759524151845	1.574752466799175	1.3667447062876124	1.1587622594961906	0.9488257341416558	0.7879640742339751	0.6590427038732037	0.5007672623732708	0.36535011016073954	0.2722996875576744	0.20129610887971056	0.1486583373229983	0.11746902147360769	0.10181740767859496	0.08238420535806092	0.06167617596486602	0.04440237460414527	0.031175955830427243	0.026819886489481828	0.02175362666680036	0.013900044993028073	0.010598713991294625	0.009730312758676776	0.008594007987899086	0.006859314999341807	0.004767417293238079	0.003992536193363689	0.0032879709827700965	0.0026495027081004548	0.002165026230955759	0.0018050088778380749	0.0018289162801935464	0.0029947537244691706	0.0033709437321214385	0.002204403128953005	0.0016559391925627842	0.0023808960110478076	0.007630680304752158
SRR17011028_2	0.028028849240101364	0.01446511929100455	0.0009154515781309447	0.0009766223057019064	0.0010518552694960778	0.0011791185073161245	0.0012740386018227892	0.00131903775773706	0.0014842690333597727	0.0016565314270940903	0.001771841764124409	0.0020200402334640583	0.0024011268351130386	0.0027927601139294254	0.0032877508289864033	0.0039022705519406622	0.004797331887547953	0.006055902029525212	0.007670246747949673	0.009912470313740443	0.01360521354595528	0.018604338523306296	0.025781703891632472	0.0359986216196054	0.04783972763135904	0.06574095434350485	0.0939160508403276	0.12900976755896948	0.16643359681979716	0.2176974789715077	0.2830812525149431	0.369476116311287	0.48424505724701206	0.6327809429137192	0.8223954330356662	1.0541206957516367	1.3185898755133507	1.6188622118111677	1.9631064576671495	2.2990645308286055	2.5968422264204247	2.8732748536490345	3.106973048107121	3.2959912994132043	3.4420079354605235	3.560082908132325	3.761110309173029	3.9427065122005014	4.058123722226116	3.9023521129107572	3.6944813246120285	3.804126689779827	3.7628948069497543	3.6250321585764627	3.621541911545862	3.711182339462523	3.686046092213536	3.3323787418643813	2.923662658484039	2.7309080710134492	2.59631840812111	2.3896520503548992	2.139286590413253	1.8555549594729868	1.6447015708713153	1.4536829664624806	1.2416195224338018	1.0556520732763441	0.8913102340947495	0.7315196376667965	0.5768842570382723	0.4450578235637939	0.3479151926220509	0.2755797526016719	0.21688046304693928	0.1726701985847906	0.14098657415027707	0.11467894262389657	0.09247045295658164	0.07501429602090041	0.05937638622888019	0.0455757075994223	0.034340683968888994	0.026800512906004003	0.0212248362435014	0.017816853294806558	0.01488979882494548	0.012433126156750763	0.01190297985113576	0.011651265822740309	0.011220961394310097	0.012391642559892295	0.013682555845182935	0.011608376002259519	0.008418357715024425	0.007464234987279653	0.007276504133699804	0.006290741374452812	0.004875377298586767	0.00449850936780475	0.009792238194032
SRR17011029_1	0.030553916155671067	0.015437758027350127	0.00035722623514918586	0.0003870753275740504	0.00041788729394810417	0.0004313675292367527	0.0003861124536248613	0.00039959268891350984	0.0004371447729318878	0.0004843255964421577	0.0005873531090054	0.0006932692434162098	0.000886806907203235	0.0011352283860940435	0.0014231276969016082	0.0019151562849372796	0.0025304327384691656	0.0035193042842864538	0.004865402065252928	0.006573540451114533	0.00937357789535667	0.013807612431372844	0.02278448625966357	0.03156974817206565	0.03897521171527964	0.0539825650873422	0.08653444468758081	0.1257994814615664	0.15479546756744936	0.1933778267114598	0.26482018511944944	0.3656571594482863	0.4862792676850625	0.6256254227377714	0.7996051908688662	0.9954836012263703	1.2226862268988967	1.5027400407684681	1.8252046006040263	2.130353798211315	2.421243795505062	2.699007895123461	2.901231644806122	3.109760293108074	3.329387989422329	3.391310413094685	3.41215759696858	3.4842171575779997	3.534380001708909	3.583990156192983	3.625981089117123	3.697469665474674	3.662684881186265	3.5248456238640378	3.4879819947193296	3.566761452620141	3.8697056688837868	4.1763001402888085	3.7305068335453035	3.0612593694134658	2.780433330636644	2.5828515962630245	2.346695205736988	2.0831537172220616	1.856529778792998	1.6072503792134616	1.3811849076749276	1.1617016424530509	0.9700473601106396	0.8063905635888022	0.6229524846548223	0.47158195972463884	0.36670669205290257	0.2781627294333639	0.2070544882857429	0.17305252051802542	0.16946677793124493	0.14835384084737374	0.11676002082657837	0.08863928714050837	0.06475423595692156	0.0734634308273377	0.0689879927115064	0.04242037470547852	0.03658728432129047	0.03720063502692398	0.03272519691109267	0.02560570693078787	0.01805196079939875	0.016183985337971742	0.01419950212869284	0.010684049340203143	0.007733803559887496	0.005950561005989134	0.005070494216430223	0.0054835671406323816	0.004835552972828063	0.0030917882508464576	0.002836626654311325	0.003960300553015098	0.008142062114343708
SRR17011029_2	0.03403148920928226	0.01756364561081174	0.001107357042348328	0.0011641692732166336	0.0012816454116222821	0.0014058619841987468	0.001461711295899793	0.0014463045892236424	0.0014915617900848348	0.0016225187968321154	0.0017505870460776175	0.0018748036186540821	0.0020606470179351495	0.002286933022241112	0.0026095109432730163	0.003012011155187452	0.003501174092155235	0.004258028557621136	0.0053971619324890245	0.00711886140354886	0.00982081258687878	0.013655156710905773	0.020141380221565197	0.029058974629554646	0.03884223336891031	0.05423064458088303	0.0825154321999611	0.1202714927482028	0.1578349694629926	0.20165549492663407	0.2537734948545499	0.3274907346232618	0.4281263797127105	0.5610785549745526	0.726945233211656	0.9383936160693184	1.1715702699361894	1.4196028407155388	1.722088490403408	2.0254918020576755	2.304433115186885	2.5467998695860796	2.7639785844081026	2.962512295394482	3.10877875398202	3.247845465955959	3.4462713299956054	3.6503630104154055	3.82996380473513	3.817969683587746	3.7525479924449745	3.8454331011571523	3.853975157089911	3.7728357363799634	3.737214467625536	3.7396468014420328	3.6854007501544737	3.4518928520940655	3.123797404233765	2.9324104793067853	2.8101582618315297	2.6423031555140355	2.390961994475983	2.0858398721081577	1.8669837520967685	1.6726551091138113	1.4388631498990616	1.2277806763249577	1.0458428771862947	0.8755987684148301	0.7077706238340192	0.5507724311273751	0.4322900421919402	0.3454780646676677	0.2812503932922974	0.2326297157798677	0.20132136197559508	0.17401971482628883	0.14129972152281392	0.11673083897018992	0.09733957277991981	0.08077062266888704	0.06645201465173954	0.056028414666156365	0.0507862827195961	0.05037896791184537	0.0429115297697486	0.03462561033548133	0.03440895352284796	0.03688172994437013	0.03623657410230633	0.037232232521252566	0.04160484845977757	0.03683743566267621	0.023502931034467815	0.014706664441553054	0.011250747550259012	0.009385573123277525	0.007319148590338819	0.006286899243036725	0.011398074182849703
SRR17011030_1	0.024246854849997515	0.01244693722624007	0.0006439483069012175	0.0005948075775987399	0.0005538569698466752	0.0005620470913970881	0.0005589757958156833	0.0005466906134900639	0.0005313341355830396	0.000530310370389238	0.000578427334497914	0.0006726137323276628	0.000795465555583857	0.001034002845739634	0.0013595601773685483	0.0017158304648115111	0.0022829963821776075	0.0032238365952812938	0.004474877662106871	0.00637908092257788	0.009323429619951333	0.013621195903530524	0.022102066768983127	0.03180224198025345	0.040929108682994875	0.056046025534669565	0.08570450319910243	0.12289379762914	0.1564937712897091	0.20095691742170715	0.2719376296035547	0.3692567489263365	0.4872886856501126	0.6294323402183044	0.8091164406780078	1.0123788773161562	1.2471333550808361	1.5312650519077617	1.8444266345701263	2.1438585022184173	2.4338389695975318	2.705872833129304	2.9033018556931705	3.074430350428274	3.2928567971170115	3.4244843356144736	3.4605659161048172	3.499907164972226	3.5009237638096713	3.519952487466862	3.532889808220933	3.5807866628129417	3.5952156094543817	3.5017550611470383	3.4837982196477575	3.5773099562147914	3.8048386992416194	4.169945104072284	3.841125032770724	3.118620151253527	2.8530288420863483	2.6901498472828984	2.432738422014195	2.1423924704608934	1.8855604962918815	1.6380652606903405	1.4311602674926458	1.2164009477281053	1.0186555817193539	0.8122911365439865	0.5898638154778719	0.4329697519973864	0.3321892825543613	0.2531924889050471	0.1920737068350905	0.16329464347213324	0.1516216727324072	0.13003558362110007	0.10050098154511722	0.07136974295549219	0.05167147686155525	0.04273707801524853	0.03294374017134226	0.024498701087672714	0.020173293143860876	0.019759692005565023	0.02193928810316867	0.018636621587964648	0.010622587650885586	0.007582005025294781	0.005786320875366744	0.004479996488075879	0.003415280686522197	0.0028665425426445297	0.0027979502746598214	0.0030528678079164238	0.0029259209238850234	0.0022973290948908303	0.0018960131389205962	0.0025931972358994976	0.007650597293279489
SRR17011030_2	0.030238027574014142	0.01560731831516757	0.0009827512516437666	0.0009909408454074646	0.0010165333259190212	0.0011578038183428126	0.0012724581310345853	0.0013246667912781604	0.0014536528930564048	0.0016072077761257434	0.001745407170888148	0.001899985753177949	0.00211803368713641	0.00229513365227638	0.002585864230887661	0.003015817903481809	0.0035317623105947864	0.004391669655783082	0.005634440509424262	0.007501667887547419	0.01040078407989653	0.01442904051241551	0.02087834560132773	0.03043560152356336	0.04124177049476294	0.05767623778006401	0.08547990860781891	0.12031229828326766	0.1556063763071449	0.19937054168112683	0.2548448024379766	0.3308954175261176	0.4309824903107125	0.5615328044978232	0.7261456865465951	0.9283856571426776	1.1652358746833684	1.4305981629123743	1.7274340836744924	2.0132335031408064	2.2744528806246014	2.527767252727987	2.7519154103411823	2.9401276305192705	3.0954924138103865	3.2736058411786146	3.475259232121372	3.6569689148510838	3.7776814795295524	3.690494040622003	3.6096381813930116	3.7311410418696767	3.7401332158222176	3.704897488653906	3.7391781044495263	3.7502064161515656	3.7337688777686036	3.504283152419918	3.1623328070120285	2.976770944115717	2.869059359537119	2.721672264271066	2.4898821919771197	2.1784442255343284	1.9381513075152228	1.7534872288352568	1.5322535429027173	1.3288496262929692	1.1291054343963736	0.908138933960375	0.711839489940635	0.5347681883788374	0.40974380258378196	0.3293762478829516	0.2695389810484918	0.2256970145337547	0.19685940749333292	0.17623186820101847	0.14968120521910935	0.12426787207113384	0.10104013675884523	0.08024675819281586	0.06064701291784548	0.046986770519997126	0.03391413147469411	0.027431044311506635	0.02274454928023042	0.01646108346503309	0.013135084697751218	0.012062247914706774	0.011614891355364768	0.01123509894457327	0.010341409525109719	0.008837595370250664	0.007942882251566651	0.008425044584404375	0.00901264793694971	0.008063678759581198	0.006229209756512834	0.0051533018758070015	0.009821370321114893
SRR17011031_1	0.022583397529562663	0.011422146873983267	0.00027470025112365346	0.0002760806543956316	0.0002988573083832712	0.000305759324743162	0.0003023083165632166	0.00033681839836267055	0.00039824634396569853	0.0004845215484643335	0.0005908126004066516	0.0007350647423283691	0.0009297016036772894	0.0012182058875207244	0.001626805256026259	0.002201743218805162	0.002951992397125291	0.004058385619615784	0.005775607289956613	0.00801048018728925	0.011287557554965398	0.01618798917048786	0.025512613272700317	0.036186581573271426	0.04614343037404988	0.0624729108799155	0.09338773235750233	0.13199416086655147	0.16889648153634357	0.21869314916968366	0.2957231027542448	0.3998600353906411	0.5275273222011769	0.6831042925662033	0.8789641912140963	1.0953493061130324	1.3401700382130826	1.641221497597163	1.981613069829349	2.302250381037892	2.6018883074714663	2.8926612840923975	3.1100782504371374	3.2774956298675564	3.4603293530394277	3.5609352141061033	3.603536529684258	3.644263257619065	3.6327500041291314	3.6421898919045543	3.6377201461098885	3.6449934909499415	3.6120522374690904	3.484626521231151	3.4382415202845054	3.5307092138612344	3.9554178885507536	4.256645349352012	3.6484776288084144	2.9125501344350586	2.618920413242769	2.4129393978047324	2.154790872113733	1.875895575446538	1.6549144078535503	1.4166989054099157	1.1940764383265463	0.9908051545114026	0.8467945831622812	0.7125393217362296	0.5308071603753971	0.3936758287321789	0.30211022869368775	0.22529975922937112	0.16802544707172534	0.1412759924673326	0.1335153652722714	0.1145286084678478	0.09172641701967661	0.07077327575432016	0.05481167272043672	0.053342233437415974	0.048287196655431956	0.03359211362358847	0.026102735671470978	0.02879038084201245	0.029779439786384802	0.0244013886387579	0.015802166455969963	0.012048159757825362	0.009731843067446014	0.007548045091176568	0.005866713905907171	0.004705104552537552	0.004163296268286125	0.004348960508367187	0.0038520153304550503	0.0026275976282104235	0.0020388556327117393	0.002807050053567584	0.006350545252735516
SRR17011031_2	0.02917370138710481	0.015056815462550333	0.0009516614044759791	0.0009737449178503308	0.0010344745796297987	0.0011283295114707945	0.0012415075175143482	0.0013608965116944382	0.0014499206749847946	0.0015755206573014211	0.001703881078789842	0.0018846898445423485	0.002151072224620469	0.0023946809815312887	0.0027197226940100312	0.0032290237212060226	0.003999186250136547	0.004992254242189436	0.006341418887403749	0.008634653729371609	0.011872648877885961	0.01640045922942106	0.02382189994278921	0.03429362594098972	0.04566111445043738	0.0626785318347544	0.09166797390714196	0.12818651382059762	0.16694238968279235	0.21672345959713227	0.2770218027560073	0.35867352312829476	0.46813942859557844	0.6098665866636186	0.7885132384348175	1.0055437968898118	1.2499454899527296	1.5255594687311218	1.848971831988713	2.1629648866823503	2.447777338890953	2.7151610682786416	2.947610749837484	3.138960252567486	3.2778938461936704	3.4217624149492303	3.633049879707307	3.8871200109694333	3.9901499525076796	3.814139520145544	3.7133765892771335	3.803198519488138	3.7778956439296816	3.7359059135777297	3.7823295993493753	3.804576668744656	3.671042494138501	3.3401044835888056	3.0058408339468925	2.8334520977781508	2.708632629637349	2.509965892772714	2.225892548152359	1.8999102160258277	1.6762953200363115	1.4907938076917553	1.2822239952983097	1.0883887170941071	0.9278622781563571	0.7803471692548578	0.6247819296186145	0.48776753132661965	0.38704462682620044	0.30959153443421167	0.24801027717024537	0.2060957687857254	0.1781690957944785	0.15654036477367964	0.13215602534963738	0.11013048119789313	0.09431247463372061	0.08218517524223665	0.06579506765970981	0.055278484524967655	0.048008177856255226	0.041483189763927175	0.03555100598374188	0.028013626825158386	0.023083482464334316	0.021020054183418305	0.021338194797967565	0.022672177027737012	0.02392196586276674	0.019745421395842427	0.01292644653171832	0.010053519463673721	0.0092364294688227	0.007745102206260995	0.0058003728097321275	0.004957058642749062	0.009478658006147623
