Sample	1	2	3	4	5	6	7	8	9	12	17	22	27	32	37	42	47	52	57	62	67	72	77	82	87	92	97	102	107	112	117	122	127	132	137	142	147	150
SRR17010968_1	0.07488474228522872	0.013524882759139947	0.013865210657086619	0.012886242753116561	0.01277700169945467	0.015562648567832979	0.01402907223757946	0.013050104333609406	0.012768598541480677	0.01296355180647729	0.013313963493992751	0.013278670230501985	0.013672778339482203	0.016480273418592897	0.0028591839547773583	0.0069107594076400665	0.021671873275221926	0.03299945118951107	0.055758818519211134	0.06438908917514231	0.05936711549584242	0.061927955303917634	0.07174497942160685	0.05093838842803411	0.03669263806144744	0.03410538831538237	0.03691944650872795	0.04204066029335552	0.0494630162393697	0.0664457744525716	0.07246489138177803	0.07493782549331339	0.06536949774206341	0.06003479472403786	0.06308133229841063	0.05346634421319455	0.050180695562304804	0.061846388441281756
SRR17010968_2	0.25348126028546536	0.1817266943455486	0.13339172967914728	0.10411932887674652	0.09111544191199407	0.08440972184874854	0.07579648492540685	0.06979242855298964	0.06922521538974519	0.0695235274978219	0.07739476557206011	0.09142972002022136	0.10886627281625452	0.119990373342225	0.07557401054004369	0.057173723159982495	0.04947811375352635	0.046609317265775246	0.04579797249905456	0.044694419237995886	0.047317902118208736	0.05653543230995276	0.06299098164843916	0.06050697474434653	0.056108083178800915	0.04987786464955589	0.04622393057333866	0.03891961741383814	0.031210479858598213	0.02891518052760919	0.028338847225686793	0.03134041919099763	0.029689604079547714	0.024400006867977043	0.02620835388748681	0.02673805797932843	0.024130814761495766	0.027635109504848654
SRR17010969_1	0.05131729856239806	0.030176031888315028	0.023331767111532686	0.02386890131841689	0.022832400153570027	0.02450674818909189	0.023579352410018375	0.02295409462231723	0.022832400153570027	0.02293646990615384	0.023266303880068673	0.02289198847964624	0.027968746006900247	0.043429818443182805	0.029281041713353963	0.002579438649663867	0.0055958079629901	0.012564473887500135	0.015606829373079724	0.016390604049661125	0.0074834155122598936	0.00919097644295573	0.013087889568066502	0.012925318559350705	0.013182150844951085	0.022583140301537782	0.03885512833533326	0.040074994450854974	0.024895997795502722	0.018388196098884764	0.01584546499674435	0.02495813639187963	0.02996070264636104	0.04203222644134358	0.05950978236798869	0.06954838625691247	0.06922750879649744	0.06640244911240184
SRR17010969_2	0.19733807197606767	0.14161879073381387	0.11585313424733712	0.09961741357206375	0.09823681080593169	0.0896678416617321	0.0940488425366314	0.08403212885043922	0.08561835330514414	0.08772492652276814	0.08923142011863869	0.09140933147311449	0.1051977344182717	0.13254625827066033	0.09694991567692061	0.07163280028966668	0.06490542118805469	0.053474122827801326	0.04996913972533658	0.04244217492391756	0.03312154619971213	0.02354611959561446	0.021602563810370817	0.015535031818298939	0.01578615520124124	0.016721998976389735	0.02000034818489806	0.02550129330239961	0.02940543402875548	0.02711464779348705	0.02188971739810163	0.014236829426081765	0.012679335226448542	0.011318811573888806	0.01352796137366863	0.022755677626183798	0.02172659859585694	0.019104126031146296
SRR17010970_1	0.022632498629642568	0.021816293593197072	0.02038120781483136	0.020390177100946146	0.020766887117767144	0.021604020488480476	0.021140607372549882	0.02135587023930474	0.021732580256125737	0.02173018844649513	0.02074057721183044	0.0205163450589608	0.020435023531520075	0.021206980089799297	0.004732681543463038	0.0008584696332848646	0.0008724171374104083	0.0016830556303513776	0.0007723445104356615	0.0009008146311079036	0.0014741175872199422	0.0009575724931695012	0.0018414420445490205	0.00038108262339513953	0.0016620107975281399	0.00029979180788664	0.0005670813437343142	0.001987718633338597	0.000505258524648584	0.00041850631384947415	0.001522328750502918	0.0017648208353954055	0.00386551641180563	0.0054154023832098845	0.004738275814865776	0.0020880088177058593	0.0028272665344547484	0.002050818408566453
SRR17010970_2	0.05559163533944174	0.0484072371614984	0.04131552160674117	0.03673520616412394	0.038520094100966296	0.036478086628833416	0.037859356690510416	0.033003983140373096	0.0352164070486869	0.029669800515303428	0.025455431946169456	0.023854115398476382	0.022802317113415845	0.02445924323502059	0.011577109418923185	0.011779031307061974	0.01960774247462682	0.027633958430873063	0.03689201237734947	0.03371808989176651	0.026577231208137604	0.019806884079191806	0.009061002001845371	0.006211643760782117	0.0050128115153120975	0.0024669651434682523	0.0017363255191637603	0.0021164229951380485	0.0049323777093912636	0.009369789213285046	0.012411366879059034	0.010278015772424402	0.008899354323948267	0.011196236441034586	0.010411922776201307	0.006015105059601566	0.0032543765590825765	0.005407892165002981
SRR17010971_1	0.024838870738091063	0.0240187193457956	0.022579269963399488	0.022579269963399488	0.022945110088825743	0.023736568137950515	0.02333007910969912	0.02365527033230024	0.023935030428214432	0.023915901532767306	0.02292311185906155	0.022711259341984646	0.022633787315423794	0.023436244479430664	0.005148865497426471	0.0008358671983190333	0.0008398723055275318	0.001660547166614449	0.0007378639562444855	0.0009234866454802161	0.0014572328793178383	0.000976235811927653	0.001859014535962492	0.00039611210203232427	0.0017529566567733993	0.00030950878499095956	0.0005842979467269048	0.002031168504089419	0.00047945925669879065	0.00044991843975694326	0.0015133252686095459	0.0016615989933642336	0.003852095643911336	0.005350223001237619	0.004756585702798368	0.002037466943841975	0.0028094725888540327	0.0019323217464537732
SRR17010971_2	0.058967211327691914	0.05140173317835421	0.04458706417531614	0.03979527586581147	0.04152165867991445	0.03928357791260089	0.040699116175688096	0.03618469685016674	0.03820757754370014	0.03263150452086337	0.028294505700614085	0.026758455396209996	0.02572740793160999	0.027434661850265846	0.012011656343598904	0.011673490843898078	0.0193342674903301	0.027200479413894554	0.036478645157033966	0.033258931913404295	0.026257461695011152	0.019427676062655094	0.008762171653251175	0.006068733769225367	0.004892891775834216	0.0024171251717964824	0.0017116260421134717	0.002074654205770958	0.004876729331843192	0.00925497286381268	0.012214118519699056	0.01011552690254615	0.008652662822925693	0.010872509478608542	0.010162263583814824	0.006079359378456817	0.0031458831804008266	0.005147785823067614
SRR17010972_1	0.06474809745311368	0.0439397206520276	0.037137974803403244	0.03745507824195494	0.0365406404191547	0.03821710976095514	0.037398540419577506	0.03663896706676763	0.03653572408677405	0.03664879973152892	0.036988026665793525	0.03660946907248375	0.04142354173961275	0.056883932177031624	0.031428043813863375	0.002526398254178611	0.005656087915439177	0.012638146530152366	0.015620223945887031	0.016306112652057995	0.00738335802734183	0.009006666640224353	0.013006064515405532	0.013136374463992764	0.013388098857698138	0.022824203683436982	0.03918329086284072	0.040507057165723385	0.0252748229823051	0.018393930032549848	0.015881879492838865	0.024906013962036108	0.02972606469774313	0.04130950324782148	0.05817742085828428	0.06825792905924641	0.0670183593069748	0.06285349382702025
SRR17010972_2	0.20909407431508364	0.1541983069527854	0.12826711181106573	0.11196946996922279	0.11040361810598688	0.10161075764320072	0.10625914990910193	0.09635274016209934	0.09813245248389336	0.10006162131005902	0.10163337277215169	0.1039764967847678	0.11761587770839521	0.14551704723503991	0.09998885169496108	0.07248524043142669	0.06549023989829793	0.0539018228375063	0.05008208085501647	0.04271389995414784	0.033174527600671695	0.02358654475604634	0.021481164937725266	0.015398940982243491	0.015611044390643593	0.016283282185757465	0.019467924404834958	0.025022023728739178	0.029242119068961	0.026720616503013894	0.02140623193034731	0.013615369727726822	0.012150025554146855	0.010944865692359085	0.01314799039085869	0.022019049778974564	0.02090342102654406	0.018678277670937278
SRR17010973_1	0.04318679175208037	0.04246247676417095	0.04114696413748141	0.04113717609710425	0.041491503158757236	0.042327401806966224	0.041884982381918845	0.042082700797537356	0.04248596806107612	0.04244290068341664	0.04146644577539172	0.041277340835305106	0.04120021107713313	0.041968768007547286	0.008871372852998218	0.000862428490875724	0.0008842559382548536	0.001665602342326223	0.0007421183753334287	0.0008974460216629892	0.0014043485170890388	0.0009160597842613215	0.0017856021520445107	0.0003801009488311251	0.0016573884619019545	0.0003163085152413613	0.0005173510675219145	0.0019172757595245697	0.0004641491569650894	0.0004289685990856145	0.0014934046004110523	0.0016784440894297373	0.0037883581852591014	0.005268760018406385	0.004700959980985677	0.0020957110681581086	0.002784347593907535	0.0019914164738282
SRR17010973_2	0.07473560349572424	0.0676686383434188	0.06133186100324908	0.05667079617564818	0.05810180767878815	0.055979760525021086	0.05756738067419552	0.05314710163987263	0.05487371196240265	0.049395541524116904	0.04526263935526726	0.04362686204743723	0.04263318018834852	0.0441969175190027	0.015289822330705612	0.01127172590196925	0.01899375216474784	0.026689622311242955	0.035774698984629934	0.03264374662742757	0.02614605456001359	0.019372112984374946	0.008717912787264592	0.0060821671990752965	0.004875604240591935	0.0024168428226597947	0.001722852754279256	0.0020968015258721984	0.00484255664590395	0.009109100294175967	0.012073334125351807	0.009962474177586684	0.0085443451803829	0.010639536663081041	0.009904310490460451	0.005796440910002805	0.0031439534579367043	0.005122039703812259
SRR17010974_1	0.04544582446876052	0.02512949334287811	0.01828868682176129	0.01880390791543141	0.01779008576337085	0.01941884922077962	0.018574551428571808	0.017859889911545513	0.017796733777482726	0.01789977799621675	0.018202927439718134	0.017830638649453272	0.02260191837754418	0.037835177913488865	0.02757535595538289	0.002464046027023063	0.005276800163280813	0.012455395913896963	0.015476230636019439	0.01624988077062756	0.007438641813116551	0.008913640794516472	0.012856051213283072	0.012786398495035677	0.01297521019192657	0.02221623151025444	0.0384538827402591	0.03958680396835844	0.02489126270708442	0.01818673052614567	0.01582472788823239	0.02460046831946304	0.029611634537149278	0.04110783086775222	0.05757903578321846	0.06796340146694196	0.06686992029887696	0.06364123285897992
SRR17010974_2	0.18705517306575697	0.1322256766780884	0.10636157777584837	0.09028003163922876	0.08886068062634397	0.08039443465487432	0.08489514020861202	0.07499624719603384	0.07698400341548373	0.07888001704018978	0.080464238803049	0.08268733472205916	0.09624994831169029	0.12351810779435778	0.09415149844237378	0.07117140911604626	0.06404716305590794	0.05280061034869195	0.049035305779784766	0.04197709757699057	0.0328306506746703	0.023301793941881872	0.021393093692052365	0.015284146441908779	0.015556936303924039	0.01637169793088421	0.0195269967466755	0.024945362859006445	0.028700281721707768	0.026435671385584048	0.021376028006141464	0.013844456486069705	0.012055004412017852	0.0108369330299894	0.013205147775630316	0.022125074089688643	0.02112170347220848	0.01880590385781469
SRR17010975_1	0.07448812953797679	0.012022713951367406	0.012299210349058485	0.011394904483668837	0.011336352305334255	0.014088304687059587	0.012432579199709477	0.011583572613858045	0.011313582013759697	0.011492491447559807	0.011903657855420424	0.011807372051048001	0.012140468887795842	0.014883963732650624	0.0025180814351049713	0.006668675968390411	0.02083867365165277	0.03181114678992093	0.05437310429839656	0.06349676101877129	0.05870351817972684	0.061302681692306925	0.07106160035499955	0.050075309427789476	0.035518674862405133	0.03287972094310399	0.03560852793224703	0.04107489386898611	0.04868945655841737	0.06528982615061577	0.07103494716369091	0.07352075834486207	0.06364557594905736	0.05869444412692499	0.06198790561200662	0.052317978222343936	0.04915380411111125	0.060573674520409945
SRR17010975_2	0.2562471026837033	0.1833724109487239	0.13486193119852308	0.10563463551317781	0.09266207511327162	0.0859903796819257	0.07737345077035312	0.07110511478975652	0.0705683864883562	0.07010647485927228	0.07820293996342635	0.09229514812904158	0.10958625697100279	0.12086991231583591	0.07603215406434038	0.05725105055033275	0.04950227748565125	0.046569617964568606	0.04549352083255273	0.044418152504621805	0.0470091589746135	0.05636001527123242	0.06277628135328965	0.06040630010301784	0.05626617083185124	0.04989958118861892	0.04612672629897859	0.038815764162576954	0.031168098133683986	0.028661735372584533	0.028077295332798118	0.031106976601800215	0.029362638096703954	0.02415272891705522	0.026259419798034138	0.026876671166384373	0.024419635474742477	0.02786855179938164
SRR17010976_1	0.07455372741121954	0.012583754004904413	0.012976826889590136	0.012038873661305578	0.01193315060956252	0.014643998090153732	0.012995802821954276	0.012215078747544007	0.011919596372159563	0.01208387372948339	0.012469356241223462	0.01242056098657282	0.012724175904399036	0.015414420944137756	0.002656446348576222	0.00688235213435922	0.02172734821422793	0.032949088993745955	0.055630136639070425	0.06440491512891944	0.05945358375994005	0.0619373999570104	0.07168123255986902	0.05073260430859272	0.03658180126004115	0.03397500327879116	0.03634749080643792	0.04148361353844786	0.04907138767026672	0.06616596649035017	0.07194172599420666	0.07456999529679147	0.06483682606878896	0.0596655801976001	0.06269482246988012	0.05276950495726264	0.04974874049626078	0.06131144675711156
SRR17010976_2	0.256112737423816	0.18296322900754275	0.134691167920655	0.10588028089693159	0.09277875502323427	0.08575223835354184	0.0769745142113875	0.07091577009226614	0.07044950432560444	0.07027384140886213	0.07857879375040137	0.09273809231102541	0.10985384113398221	0.12094554468556921	0.07641460431079469	0.05777816312346049	0.05002254147727039	0.04699467202878087	0.04611403893921209	0.04495227193016497	0.04746297599954246	0.05661981426687327	0.06306797575167032	0.060780700033000463	0.05635696772570458	0.04987636198124013	0.04632888772974696	0.039017897979353074	0.031389983517384534	0.028841833132448834	0.028134455495413477	0.03125661374005466	0.029550244043406736	0.02420313644991481	0.026109770416788726	0.026648653751440595	0.02413783399154878	0.027358262424474995
SRR17010977_1	0.07409720461102087	0.011533473920895869	0.01194282878438735	0.011064504271459028	0.010961171975820402	0.01361999142898351	0.01206205835627807	0.011267194543673255	0.010961171975820402	0.011118555010716156	0.011566858201025272	0.011488166683577394	0.01176795874561429	0.014410086058712695	0.0024659776567160997	0.00680368207927394	0.02132941113933507	0.03248619360636994	0.05483330932593832	0.0635359669134657	0.058549516392896656	0.0612020272411941	0.07079557058827078	0.05014317032301964	0.03588746774784825	0.03330076395012965	0.035808856187969106	0.04111253088209251	0.04893636347192218	0.06584108826150799	0.07130154122980999	0.07416392854109212	0.06476069353427374	0.05957914335046182	0.06250738096139888	0.05295871886603188	0.04963039434259099	0.06119086367801826
SRR17010977_2	0.25510756633645243	0.18213906833933038	0.13413326837706255	0.10508099602635657	0.0920968956474569	0.08541606530251344	0.07668846064011257	0.0704368567539757	0.0698407088945221	0.06912771605461557	0.07704138017290911	0.09120426358590171	0.10843293672411107	0.11953479959476254	0.07544096249283556	0.05666582939694477	0.04922493830416595	0.04605620502360401	0.045258028901104926	0.04407127744499711	0.046400919994120736	0.055235605885494525	0.06152145637406183	0.05946482459279217	0.05536735069584655	0.04918892759207363	0.045598346844099955	0.03841625672754081	0.03086050400457474	0.028560893429170092	0.027855520382110706	0.030961272338577834	0.029051126201765108	0.023811811686530997	0.025597879802361737	0.026208269825032233	0.023607475113742823	0.026670094952732426
SRR17010978_1	0.07448948311876888	0.011862247591039465	0.01224334638735425	0.011340974524815795	0.011257746052057396	0.014205786166078649	0.012352857535720565	0.011524953254071208	0.011244604714253438	0.011400548589527071	0.011759745156168592	0.01177288649397255	0.01203571325005171	0.014797146367256762	0.0025068108192412846	0.006712100256044847	0.02136367084456222	0.032506486018962465	0.0548887398148577	0.0639623480095857	0.05891164699410869	0.06163938420474181	0.07162766686628097	0.0504579703718313	0.03597111093435001	0.03358539341610857	0.036246941957310215	0.04132559474190397	0.04909509994869411	0.06616329796915672	0.07208294824804581	0.0744110794200209	0.06463349615305898	0.059100145436039454	0.061812540232476926	0.05220900506377247	0.04907045576129064	0.060514842460908616
SRR17010978_2	0.2578637108351995	0.18473216595617292	0.13597342225755393	0.10654558646855719	0.09391238039301886	0.08735047238290915	0.07901886421519974	0.07287309856888204	0.07230802104331184	0.0719943811143907	0.07999219930187956	0.09408759823040497	0.11144467720187276	0.12227576781989498	0.07634871905369098	0.05711499008732746	0.049599685235903024	0.04650829216198163	0.04571600498764711	0.04463063237983967	0.047004504995607925	0.05582282203776383	0.06244199968011465	0.06019751971601951	0.05591286640321912	0.04970863894240672	0.04607578614823012	0.03891117623507519	0.031086696319970297	0.028833089854739934	0.028084031277892465	0.03110844015040482	0.029226918411145792	0.023910450010346775	0.025800651013741002	0.02624739645039515	0.023774667920173433	0.02675217265710775
SRR17010979_1	0.03613944722775531	0.03549056692353608	0.03410729495717726	0.03410729495717726	0.03447952086812472	0.03524576970282288	0.034940611523577664	0.03507810037356727	0.03539667209915293	0.03539600142183592	0.03442720803739696	0.034235394324728545	0.03416530854509969	0.03492250323601805	0.007480735587909181	0.0008647552372380825	0.0008676969959259226	0.0016476725037644884	0.0007440437675634009	0.00086707757562596	0.0014140647955696276	0.0009433681271147324	0.001728909131384423	0.00039338020998237164	0.0016322666084345012	0.0003006336211139351	0.0005291167579098365	0.0018426827741856017	0.00043887005507209934	0.00042860993102130995	0.0014797116770566047	0.001676039620070066	0.00383676817702994	0.0053052717310518175	0.004607836897688332	0.0019738357427574694	0.002716614235765211	0.001813042377379079
SRR17010979_2	0.06857843235883919	0.06139044821365096	0.054863081225729866	0.050419844000456064	0.05202276278813974	0.04977431708282194	0.051226333474175566	0.04693064525864671	0.04887896286459696	0.043567869191096086	0.03934159607787905	0.03771553892275809	0.036824879445752266	0.038421091460265726	0.01404671365404707	0.011196215322848011	0.018593027741477443	0.026281914181038476	0.03529208586109358	0.03222560655985598	0.025495322821764796	0.018943143983777538	0.008476643208037137	0.00585167804691952	0.00476022166300016	0.002344915092623773	0.0016481638124155819	0.0019743517835038695	0.0045876946310436486	0.008789016157232791	0.011805739756555593	0.009830075532735365	0.008438038776771649	0.010515283328847762	0.009765189937301745	0.005707849890856772	0.0030889361416521774	0.005087316963108226
SRR17010980_1	0.06841242991888427	0.007431368696672395	0.007781228935937175	0.006841242991888427	0.006773800054198831	0.00935349242082589	0.007768583385120377	0.0070435718049572165	0.006744293768959632	0.006912901113183624	0.007309128372110002	0.007287209417360883	0.007570469755657188	0.010057428082961051	0.0016086407547971744	0.006776910653073349	0.021215876519483	0.032212863710170944	0.055085573472252715	0.06370698652497665	0.058933636841168896	0.06122044453917329	0.07065780694699934	0.05007257814772632	0.035933712261617755	0.033338733992499876	0.03572872776772565	0.04083789737861072	0.04850503842999272	0.0655096022230412	0.07105760359925609	0.0738643079468894	0.06439570743156808	0.05924246469989798	0.06235066808739165	0.05231893678938123	0.04905579891631383	0.06034414220958368
SRR17010980_2	0.24885600970739924	0.17598813071739602	0.12902255498380338	0.10047311642307612	0.0880003881341064	0.0807629178832916	0.07213022185902326	0.06585802865389082	0.06550816841462603	0.0652451409576366	0.0735810880560707	0.08768846454729202	0.10453402430871093	0.11556094462095994	0.0740911714744925	0.05622361397185149	0.04874280289498219	0.04568089897120318	0.044837770917616364	0.043805928718655775	0.046332890775711136	0.055173732068220016	0.06123479313242681	0.05891734691315871	0.05466622262797845	0.048558198335476116	0.04511100712996364	0.03789084844519638	0.030520741010231407	0.02824608403171783	0.027587107840069833	0.030807499872954707	0.029043075534090045	0.023859795490523254	0.025449892750405687	0.025673829820084926	0.02334626836260931	0.026481605527518787
SRR17010981_1	0.024992596525024807	0.02429041968701366	0.0229962914448652	0.022967714480527535	0.023408616216022908	0.024172029406186193	0.023718880400260392	0.02397607307929936	0.024176111829663005	0.024336142829953916	0.02335472822612903	0.023126112511427724	0.023049362950063716	0.02379889590040585	0.005237429041227974	0.0008291530743766563	0.0008211621375816227	0.0015724219164003255	0.0007038574535786185	0.0008766600697178641	0.0013703897858165033	0.000962715943489622	0.0018272630997638783	0.00043076940042610233	0.0016869230473469069	0.00028938882893162756	0.00055864054343027	0.0019371491822412932	0.0004499450470780801	0.0003848150801196163	0.0014834371618422163	0.0016000421153942518	0.0038609871323054402	0.005354438252084237	0.0046578463695997495	0.00203068812969715	0.002792252718743836	0.002068247123314938
SRR17010981_2	0.05970544334833189	0.05191617935458028	0.04548227995512927	0.04085689415590465	0.042281659949311	0.04048947604299184	0.04213877512762269	0.03746031782319954	0.03944437563292873	0.03399270732199797	0.029800058411315104	0.02821036270944567	0.027254259131177003	0.028844771317741793	0.012274226590602233	0.01139438947385843	0.019075863243889518	0.027312547040364052	0.03683518053955369	0.03330770992116712	0.026513691415647536	0.019607283755551232	0.00879914830078319	0.006009057776704906	0.004803851485462427	0.002402210356680672	0.0016316863579609441	0.001970003623235344	0.0046866929688429764	0.009000763107803332	0.012274716146534156	0.010237840130660592	0.008712282338656719	0.010828778680397635	0.010267648483088658	0.005970534339342614	0.003108560820443044	0.005170340578523502
SRR17010982_1	0.024078718592558692	0.023368480071605104	0.02196024852143851	0.021980657674339474	0.022425577207580514	0.02329500712116163	0.022805187451538467	0.02299703348880754	0.023286843460001247	0.02330153805008994	0.02231781688026342	0.022091683466120723	0.022020659614025367	0.02282641297055547	0.005025955692824073	0.0008543388591333664	0.0009002750315713055	0.001654743849084223	0.0007413837819575748	0.0009281121380574247	0.0014358613263294063	0.0009587863202955151	0.0018552212702241766	0.00038276726257971383	0.001689915362101032	0.0002872960580910974	0.0005666082787544502	0.0019953672857701103	0.0004833448839596677	0.0004072378774126398	0.0014892151373496086	0.0016955635114396584	0.0039024089752923785	0.005519611837860003	0.004800824514986533	0.0021476902960537747	0.002876886367353914	0.0022091653716288734
SRR17010982_2	0.05739461978809422	0.05001058826852502	0.04333679526990941	0.03866718108616858	0.040197867553740975	0.03809164297436137	0.03974478435933955	0.03516497044836296	0.03681403000276095	0.031339478828606056	0.02699804382351275	0.02535633156415911	0.024380774055492976	0.025907378692485168	0.011754364212931365	0.011878115361027406	0.019617698647559252	0.02770041295759295	0.03721945033205468	0.0340253853380613	0.026864075093429945	0.019818775882079816	0.009108921197749777	0.006125508775897921	0.0049976707328749275	0.0024648210933860292	0.001789969260822852	0.002154360003986705	0.004803823586272928	0.009240324872398852	0.01257258901205773	0.010531619660326758	0.008917688402594062	0.011163368746636457	0.010514337530412261	0.006243404004185589	0.0032063685715809508	0.005255546138703128
SRR17010983_1	0.055304242997666064	0.03445768202504891	0.027395747643393392	0.027709093466708506	0.02681566942502492	0.028276223510559834	0.02763917332431588	0.026870051757996963	0.026805310885411195	0.026930649214737243	0.027272998948970777	0.026874195173842447	0.03177740989999814	0.04722043868311679	0.029713047845166804	0.0025086141306072817	0.00560191480994825	0.01265566261528721	0.01570958599580513	0.016399776000630157	0.007486184773831973	0.009103772757367457	0.013093541991280861	0.013152258731958726	0.013123935690376032	0.02263726952747456	0.03899306643060601	0.03992191744498364	0.02498643397064019	0.01818511374819225	0.015724784364660047	0.02456616054109727	0.02940397970583558	0.04138894320024901	0.058274330990849485	0.06841591263482197	0.06745501462333336	0.06371152022470568
SRR17010983_2	0.20030308051055792	0.14463369899150813	0.11898854454283389	0.10296647339530812	0.10150591930977321	0.09272187771733627	0.09726668697285716	0.08752448046615086	0.0892310498675117	0.09117275811810403	0.09282235555158938	0.0952509151640267	0.10890036281302924	0.1364395762300727	0.09821975781947867	0.07230044630903733	0.06538761941883828	0.05377060881982214	0.04997388477744484	0.0426979964671651	0.03309114130828471	0.023804843037459503	0.021782528520844478	0.015553987477666457	0.015808929171058493	0.016714162254645407	0.01979498220889069	0.025135141190138613	0.029106907036149297	0.026925096730453877	0.021697157668957745	0.013782203125048867	0.012159576687612634	0.011039654916225326	0.012986091183611265	0.021936659733755453	0.020752181639282313	0.01864133778480187
SRR17010984_1	0.059514588874408095	0.03813270620064793	0.03148024452453672	0.03184069433360213	0.030923710019339717	0.03257601194409556	0.0317138160008111	0.031044821155185698	0.030923710019339717	0.031044821155185698	0.03133837147968856	0.030982535428179196	0.03593771104336321	0.05137188350769684	0.030466053602600886	0.002566902522765419	0.005692717149134354	0.012808049705071876	0.015946208830726043	0.016672788208024206	0.00754407870782985	0.009218141754161356	0.013362290676482527	0.013345076861797403	0.013575304751380494	0.023039786412568913	0.03968284017416494	0.04081793966849304	0.02563501402268419	0.018671926383531653	0.01587159676801647	0.024799036697941867	0.029506547123139264	0.04132371717006012	0.057943011689152966	0.06804322506750014	0.06670219462033194	0.06289526098599263
SRR17010984_2	0.2050209677979331	0.14979428985216714	0.12396589833377607	0.10804843476544751	0.10664700590780121	0.09780012579409976	0.102287005017346	0.09238761146117355	0.09414660652941276	0.09602382913502543	0.0975452156891287	0.09999512095138449	0.11359878510536034	0.14088281713268117	0.09837280489825406	0.07185370519793578	0.0648691394226014	0.05346947611683925	0.04932160637182227	0.04239391799169033	0.03315728467106472	0.023775522659392027	0.021798643526096735	0.015691677694414537	0.01594801627413287	0.01671257197927634	0.019901976961439038	0.025105598555595344	0.029121468840851712	0.026774497175200005	0.021456233444020065	0.013990034330802007	0.012357385423434997	0.01111460315056909	0.013393279668513702	0.022037083629584807	0.02099712638099447	0.018794473378453483
SRR17010985_1	0.03920807055560621	0.03859887862338104	0.0371320400101016	0.03715831887776621	0.03751905606116229	0.038321756018917824	0.03784395842501573	0.0380661343061802	0.0383838697061251	0.03841492654972873	0.037492299395903775	0.03728636863293197	0.03720562083956252	0.03796101883552174	0.008056946166650944	0.000825310121156243	0.0008738826230420636	0.0016531728605056711	0.0007697076683782673	0.0008912366880259688	0.001417909383898247	0.0009821342537913464	0.0017903361362819233	0.0003901323023783379	0.0016435098379679557	0.0003131003082356571	0.0005452601005164681	0.0019207506480923052	0.00048097585659227803	0.00045063680831824754	0.001539805170658693	0.0016902526785958227	0.003901566334147635	0.005391680815758838	0.004680006624771462	0.0020545903409058095	0.0027656523972989233	0.00206697716245193
SRR17010985_2	0.06484668944439283	0.05745754965469687	0.05118406724676232	0.04674532759941182	0.04815960847736203	0.04597846246119895	0.047354519531636996	0.042989838511341326	0.044836526211772934	0.03945126953090238	0.03530207522545656	0.033773122924969846	0.03284046202167294	0.03426907682744022	0.01313844626882345	0.011393738990538535	0.018725431270522355	0.02650731812230425	0.035645079560606224	0.03257757386663381	0.02570509724083614	0.019073752867054934	0.008525149803946756	0.0059451755193952235	0.004736071983978127	0.002334245567510798	0.0016816425931942911	0.00207026404999008	0.004683147615360217	0.00892784955448693	0.011859394805464081	0.01003326972367797	0.008477588914308989	0.010509897828656713	0.009851096462277461	0.005704093279403861	0.003086798929257353	0.005131301920213556
SRR17010986_1	0.061001879520407344	0.03976607564780163	0.03290106899620225	0.033358236469725785	0.032357714212096406	0.0339840312900408	0.03310716908672516	0.03243640697393242	0.032308999645245536	0.032449147706801115	0.03276766602851833	0.032384694587583036	0.03720593779606981	0.05232244261733175	0.0303881218332399	0.0025176173215671533	0.005571493780271507	0.012596523033961048	0.015477905635027397	0.016305204712220682	0.007483684901814512	0.00898848613966636	0.013025101927602046	0.013030594401995915	0.013236123791634228	0.02231623529858648	0.038454114017428306	0.03987695138852545	0.024915222757663467	0.018209852830504664	0.01549487072987027	0.024340154465657335	0.02930852062592908	0.04135236806607469	0.058438698198533916	0.06874265366257325	0.06797353247646284	0.0650293935598944
SRR17010986_2	0.20424893698257401	0.1496548966402425	0.12423338729283522	0.10844986763315367	0.10652751587973093	0.09809240126578431	0.10216943578376474	0.09317597728821969	0.09473859070182064	0.09679509487780194	0.09854207419056156	0.10096056507098855	0.11457291395887059	0.14221880537417603	0.09886092874416116	0.07173517655554404	0.06507600983943324	0.05337706591034313	0.049485714223035555	0.04225038752698264	0.03293707128412178	0.023650382298280634	0.021670302243919443	0.015413477321688194	0.01562135978652432	0.016254206917358422	0.01934795699938677	0.024804522419208355	0.028848694335885983	0.02650067336171249	0.021593301487773955	0.013792626973588087	0.012084834690454217	0.010793511024417429	0.01298345124187393	0.02183775719213607	0.020987976801081845	0.018828756769113938
SRR17010987_1	0.05495185382755383	0.03366863205303553	0.02692517813146817	0.02736577715731517	0.026384442963383214	0.028055286022439365	0.02721986449291129	0.02646169084453821	0.02641305328973692	0.026513189431974872	0.02683076405450096	0.026466268496754805	0.031312285574544706	0.046538129053457396	0.029348181832485817	0.002530494056407621	0.005610596112952901	0.012503960145822144	0.015344266344151572	0.01619008306005476	0.007346329779834172	0.008935615739104986	0.01290867098054391	0.012970100889846105	0.013214470692171612	0.022492835146643363	0.03921988693650433	0.040195467069721394	0.024889057458789776	0.017952490783552714	0.015431296212843872	0.02429169911817058	0.02905805131084197	0.04106548256035907	0.0578088967670365	0.06793034478824317	0.06682211217159435	0.06300650884784087
SRR17010987_2	0.2004983060541024	0.14490844194886104	0.11959688622374162	0.10322605748415382	0.101789819101198	0.09305222543277768	0.09742102226698784	0.08767634511091722	0.08946162947538817	0.0913687938301259	0.09310601284632264	0.09541200515043095	0.10913065663703066	0.1366886951874427	0.097819026235214	0.07195414137082887	0.06506734013872552	0.05353061736826448	0.04995501926790178	0.04252742831848004	0.03324347510145894	0.023591566700532314	0.021650897020914283	0.015547734243827684	0.015894480957403766	0.016701598415317032	0.019825662084911422	0.025533556145199393	0.029452018461572364	0.02704258982978931	0.02175934688405941	0.013882466794889125	0.012106655035744353	0.010777277166304111	0.012641026677635876	0.02161299783301712	0.020605927422918783	0.01816440838081797
SRR17010988_1	0.02533945444721748	0.02469493972297783	0.02331138144827672	0.02332570399770427	0.023712412832248057	0.024577494817671942	0.02419937951278468	0.02431682441809057	0.024706397762519868	0.02463822242724474	0.02363163365347669	0.023438565687193342	0.02337153615587242	0.024114017118196496	0.005265746809254846	0.0007955894583915283	0.0008353104688773094	0.0015700951759238602	0.0007324978781079478	0.0009393154641868937	0.0014735789024924403	0.0010218122569257836	0.0019024925699874641	0.0004220106062607248	0.0016983038150266555	0.0002904512967446936	0.0005151872221474218	0.0019650454112148793	0.00046347953168890166	0.0004671604954444146	0.0015504403468567776	0.0016989609730031954	0.004026323479082244	0.005419814174808156	0.004745586438913959	0.0020111925777505477	0.0027929522190957524	0.001902062833121138
SRR17010988_2	0.05925811600153607	0.05161273911711107	0.04494129559375933	0.04007735780816411	0.04156976745851459	0.039478675242092615	0.0408822850859923	0.03639073358551333	0.03826412305063657	0.0326920784213434	0.028376980729811808	0.02688342527550713	0.025856784932540504	0.027541116745220123	0.011974403497662748	0.011383479943116533	0.019098225839430032	0.026910771273886473	0.0363500863133158	0.03313241063506604	0.02617178128201573	0.019490464314167587	0.008780887050441001	0.005995150967629454	0.0048850628343658255	0.0024467957566800327	0.0017525642383529913	0.002044394884303066	0.004755550489707387	0.009147959585505409	0.012093157552135192	0.010248141876354292	0.008590968714708677	0.010768922399130474	0.010041622333535068	0.005843689281377432	0.003127603279036296	0.005325760144979197
SRR17010989_1	0.04877078689596453	0.028342606714188815	0.02187293634594735	0.02220892615156866	0.021294287236266203	0.02295930338412292	0.022067063789195217	0.021327886216828334	0.021290554016203743	0.02135999190936548	0.021692995138936827	0.02134431238510315	0.026098194812638455	0.041650789592842706	0.0284283789724722	0.0024239951104171606	0.00546543037212057	0.012277647014509417	0.015381401336422035	0.01618662270993637	0.007479049550050306	0.009105824919357876	0.012837624807199367	0.012974881937553915	0.013010140298519608	0.022309459673363927	0.03824762451338055	0.039642931667904224	0.02486267185222319	0.01806771281433566	0.01556395680676168	0.02435243134436488	0.02912869732381198	0.04104061972347421	0.05734478316326701	0.06734121845591667	0.06629865078949658	0.06203512097524427
SRR17010989_2	0.19331360127425254	0.1391893768087218	0.11354962141975329	0.09727278194743201	0.09586909120394742	0.08703629253616939	0.09141535966943382	0.0817164539471653	0.0834934666968958	0.08544444750153687	0.08696909457504513	0.08936208863508137	0.10268819097003505	0.12984811356843684	0.09540011685690605	0.07072286118954507	0.06374961642455566	0.0525705912199828	0.04875294223557469	0.04173560876975215	0.032549211620134466	0.023457046445476713	0.021561866344280943	0.015326338143997373	0.015669928475733445	0.016332549031586433	0.019471366885758967	0.024695129269287033	0.028509430741784397	0.026337980175723807	0.021112323133035356	0.013606392801275125	0.012231291868190866	0.01077294091493395	0.012801380254579185	0.021499682902625612	0.020481101519426233	0.018044006860854278
SRR17010990_1	0.032367937562924956	0.03164170537996175	0.030208772930936545	0.030208772930936545	0.030533713003020328	0.031329194709542374	0.031011357152695394	0.031229759496227118	0.031563577712356905	0.03154511117274122	0.030563188441253063	0.030337683582484537	0.030259555914879693	0.03103550570450053	0.0067151199713039195	0.0008613738934210497	0.0008928884446042181	0.0017017447726745615	0.0007811167209590807	0.0009373425140469263	0.0014751907787893175	0.0009667273677382089	0.001863878451976303	0.0003991770719865747	0.0017015295178124641	0.00029965926370312707	0.0005461078279287482	0.001960415272965219	0.0004705229416272552	0.0004526973729986398	0.001541390538183329	0.0017033854864644603	0.0038690156081476103	0.005511603404903984	0.004782061775381029	0.0020327684888827645	0.0028369160691911932	0.0019181654862024883
SRR17010990_2	0.06368115161318452	0.056225286243349534	0.04949565305647776	0.04470323090044427	0.046306623715152775	0.04423801615243361	0.04565496794217601	0.0411715051989435	0.043083857426452966	0.03745156284366741	0.033080319841176396	0.03150427171012959	0.03056034743515834	0.03226246521165842	0.013056537114712044	0.011752692562297763	0.01968150138048805	0.02787316981042899	0.03745655532501902	0.0339900641094507	0.026900315870374374	0.01996640774529477	0.009076393612077904	0.006245308360349806	0.004995279616495704	0.0024867872368195066	0.0017292211203601977	0.002101118742584597	0.004932933188292565	0.009447550110106027	0.012586669475410811	0.010555481183849134	0.009011264208586332	0.011247917351254789	0.010628037737084877	0.006282089062937564	0.0031722307789269683	0.005311656544175195
SRR17010991_1	0.06747219194386857	0.06692411495679913	0.06554413540007076	0.06555392248912557	0.06600412858564689	0.06672837317570292	0.06632384016143739	0.06653263139460669	0.06678383334701352	0.06683994599092777	0.0658873359895928	0.06567397744819792	0.06561003513303983	0.06635646379162008	0.0137464053939918	0.0007786992668853439	0.0007862326390618099	0.0016013404337557175	0.0007333801069775871	0.0008647327493688122	0.0013441191075033406	0.0009354595207261316	0.0017682149075008977	0.00037329367166936706	0.0016205519517044724	0.00029910956794584805	0.0005400481699200168	0.0019107404455675845	0.0004558880220819646	0.0004157805330108252	0.0014876182852941535	0.0016149352696665715	0.003731156978211467	0.005228413530602183	0.00457195393798433	0.0019858609284660322	0.0026678438494069047	0.0017932411351852984
SRR17010991_2	0.10029482627068713	0.09300996965088931	0.08647545652529369	0.08218218679324983	0.08354911689790513	0.08181680213520355	0.0829357926504703	0.07867840891162742	0.0803552635030184	0.07520399229716944	0.07108493275030121	0.06948115509051947	0.06852854508918452	0.07011666340647857	0.020353304587160708	0.011119456238011683	0.018573031469439193	0.02648896633627112	0.03563513733007742	0.03238712732981633	0.025856298127807126	0.019109546146804157	0.008519925968655598	0.005784083665843669	0.00468607791054845	0.002272673540017555	0.001605383357360395	0.0019415197819543499	0.004659568176398916	0.008875902045087213	0.011777985095540571	0.010029669451071609	0.008475404704010404	0.010567190984318672	0.009960431870441407	0.005787756630637201	0.0031029223259335446	0.004898877939595474
SRR17010992_1	0.023643024658783544	0.01359787922128621	0.010451855702308183	0.009288544724283037	0.008645583643883535	0.009400689098771323	0.008283731128868002	0.008283731128868002	0.008283731128868002	0.008283731128868002	0.008372549473462724	0.0084120242932826	0.008322906897022576	0.008283731128868002	0.0016613879938736386	1.7946658224558637e-05	3.888849687954513e-06	0.0	9.395899189721893e-05	0.00031067147353054203	0.0004906987689086422	0.0003519473114446847	0.00024882166006101115	0.00012157066708364504	2.8576094080731628e-05	9.05490128812943e-06	0.0003645620416023146	0.0016330281745772217	0.0006994797278465763	8.197034747271278e-06	5.9885184646790906e-05	0.000179754524775776	0.006568730955595617	0.022464061762153625	0.03430349194445828	0.04421024619338113	0.049315769735048934	0.06713845369424698
SRR17010992_2	0.07887188620677425	0.0924892037863051	0.10565943912620931	0.11801774919481835	0.12957460080041777	0.13758469965553435	0.14198823542710767	0.14598655619219666	0.14976357872496213	0.1554972963037992	0.15943879725248078	0.1671286117740588	0.1744541813672989	0.18571317751425745	0.12967814632527905	0.07818477217474762	0.0185581499539285	0.0015854389407902768	0.00042396562970522134	0.00014015259814886447	4.4634031838257725e-05	5.694157714466749e-05	2.099590638614008e-06	5.40579447650516e-06	5.356680628483569e-05	0.0002509191211189104	3.4614317527446107e-05	0.0002985890335995961	0.0005732035760400967	0.0002943178074503137	0.0003686158532607835	0.0006030864393566134	0.0004525017112961976	9.849421897327629e-05	2.5211338152608504e-05	4.415636056576631e-05	0.00010581644245385012	9.946122392627375e-05
SRR17010993_1	0.021688246918090424	0.011049444759609717	0.008115982485903535	0.0067703382698961765	0.0062164972232452605	0.007084111334348596	0.005843760092989701	0.005843760092989701	0.005843760092989701	0.005843760092989701	0.005940629629666287	0.005964636427886137	0.0058854561109504926	0.005843760092989701	0.0011717835778069666	1.7270723562439733e-05	5.476568875002633e-06	0.0	0.00010071550273742419	0.00033932344023267994	0.0005022432625742578	0.0003569908240825554	0.0002492675347426872	0.00012273136468330835	3.6913297503731046e-05	7.668334643056489e-06	0.00037312019152611106	0.0016754282131522147	0.0007023680770456465	5.373311775964709e-06	5.541503569568684e-05	0.00018640065097132391	0.006736879140276404	0.0228226773146953	0.0346164113928563	0.04481677633657555	0.049860152090598645	0.06750916075733408
SRR17010993_2	0.07595835191140127	0.09004655191936563	0.10343139485667827	0.1157464611715625	0.1271665372019348	0.13530989586124695	0.1396163785243691	0.14375860414703961	0.14766707936599055	0.15321938850515332	0.15694170574492577	0.16440866233509618	0.17177790704479284	0.18316892221416214	0.12948350277003257	0.07870073841790276	0.018798329823089314	0.0015396152705484298	0.00041405767813336864	0.000138335140047902	3.7551141067789394e-05	5.0240598638264455e-05	3.8042201389082242e-06	8.044632774284421e-06	4.45682839060807e-05	0.00023268088816800808	3.345845967941185e-05	0.00026601597483984517	0.0005320786809657899	0.00027516416193231066	0.0003370705184774352	0.0005683647192081708	0.00043091097255220224	7.481092016909638e-05	1.8800355675573313e-05	2.9941098673046435e-05	8.02716548757353e-05	7.70348411446245e-05
SRR17010994_1	0.026259095095097204	0.015774946104397426	0.013019322607679901	0.011741352290361629	0.011196617442604716	0.011939437689545961	0.010826006050582418	0.010826006050582418	0.010826006050582418	0.010826006050582418	0.010911310569263411	0.010954442067472902	0.010869776533950567	0.010826006050582418	0.002168665303007453	1.2782944933511573e-05	4.794179068859008e-06	0.0	8.984708757899857e-05	0.0003035615643628422	0.0004990083720993595	0.00031822250407827137	0.00024110245931902315	0.00012547220771891087	3.0063666311044744e-05	8.748916847640442e-06	0.00037117379108354674	0.001673500651138982	0.0007023265349950114	7.001227828661739e-06	5.1333837494659083e-05	0.0001639406120948428	0.006619068546188714	0.022295338580928754	0.033553227552831376	0.04281990444536151	0.0473174174446854	0.06364251771370877
SRR17010994_2	0.08026771816786406	0.0938365680119908	0.1066450255173132	0.11887839637984235	0.13004466202741077	0.13827958325963038	0.14234672379449578	0.14640108462618803	0.15038994947911768	0.15587691503652368	0.1598577925749701	0.16774414740314117	0.17505317914046367	0.1860370145252349	0.12907556734488243	0.07723832026303405	0.018450840515512913	0.0015723923169623315	0.00042549576374977964	0.0001350602469356422	4.7076300874553734e-05	5.867369779771449e-05	4.824140213751092e-06	1.161622726544601e-05	4.9476049284819503e-05	0.00024795641534278715	2.960892810828939e-05	0.0002892491288284143	0.0005934155285859541	0.0002986309464237285	0.00036756926827671865	0.0005859365081803898	0.00043289731457679854	7.614523988600674e-05	1.7082754156789277e-05	3.161583978419519e-05	9.413369096553976e-05	8.657747183902213e-05
SRR17010995_1	0.024384100460451964	0.01372988210678798	0.010909460158902488	0.009724712779587088	0.009071719161185243	0.009792777260984023	0.008705872573676717	0.008705872573676717	0.008705872573676717	0.008705872573676717	0.00879265478745781	0.008833493476295971	0.008744158844462493	0.008705872573676717	0.0017430459592420971	1.1062757970751156e-05	5.106465442707894e-06	0.0	8.683952306439853e-05	0.0003027522117752318	0.0005248423743282826	0.0003517323862429355	0.00024212199301672346	0.00013695575542888014	2.6191542805787315e-05	1.0788052242497965e-05	0.0003585092400905447	0.0015612469605464435	0.0006557898867120731	8.235064461614086e-06	6.662733901959823e-05	0.00019314473567975918	0.006670752659750878	0.02261450502861004	0.034796950838273326	0.04482791790632209	0.05032715964728109	0.06810883818604445
SRR17010995_2	0.07595570720889214	0.08960688975906492	0.1023562179307283	0.11512256222274092	0.12648294957089812	0.1345443365863476	0.13872817517721545	0.1428418222716427	0.14657473367325585	0.15232788396333177	0.1562794525114326	0.16406730539226816	0.17140848511393633	0.1826791124272513	0.12889449857787505	0.07780218239323662	0.018462447995170893	0.0015912995897197871	0.0004403741512485636	0.00013120985071756857	4.432330355219314e-05	6.397494038463192e-05	5.125807608364378e-06	9.845702937985153e-06	5.066927412468915e-05	0.00024895560427347786	3.2616066032243307e-05	0.0002891424845004995	0.0005875954416653088	0.000298425091694874	0.00037395050848224227	0.00064041590631322	0.00048756080187613	9.500334969870726e-05	1.463791752918111e-05	3.571137211979848e-05	8.987832488085609e-05	8.796889595776726e-05
SRR17010996_1	0.0257793678689623	0.015900379395548562	0.01282609716165787	0.011786591658112095	0.011207859870677036	0.011948784006183067	0.010863201131026222	0.010863201131026222	0.010863201131026222	0.010863201131026222	0.010936924925603936	0.010984476773106563	0.010907066788799963	0.010863201131026222	0.002175840309748822	1.2904530293901046e-05	5.899890038955683e-06	0.0	8.74197266515724e-05	0.00027524580335749107	0.0005134301307723522	0.00035385040078969067	0.0002279604269580376	0.00013165835961138382	2.9746258207954746e-05	1.2320260604723117e-05	0.00037584994518679573	0.001694486845839823	0.0007054736414360593	8.226060058770029e-06	5.561430333144521e-05	0.0001658166170824361	0.006511901695882115	0.021973872851857548	0.03341209090113755	0.0429638783815071	0.04759062558450617	0.06466869443026127
SRR17010996_2	0.07933417534507851	0.092462540064505	0.10473386567196558	0.11681719560325296	0.12827203018576536	0.13599275457291649	0.1404309270064949	0.1443788362061315	0.14809635854771275	0.1535463900618703	0.15756065067662686	0.16502297316378312	0.17237692167291013	0.18342074610065176	0.12684817826344008	0.0755340918381533	0.017886074527096296	0.001527296748592232	0.0004026444551106884	0.0001406466463979222	4.653015597805651e-05	6.060260003187105e-05	4.0721106229867995e-06	8.903072703756677e-06	4.722802542266015e-05	0.00022660069856179636	2.8176919072852833e-05	0.0002711512119103416	0.0005448033332773803	0.0002617416442144424	0.0003403547373154891	0.0005715061119782378	0.00039416945714365294	8.445627625382901e-05	1.5232057847700013e-05	3.577250430359487e-05	8.610667906304472e-05	6.717651786816729e-05
SRR17010997_1	0.023518265410417603	0.013219923154127677	0.010001575994742997	0.008890084965470968	0.008165680364303627	0.008952756101449823	0.007802556429367326	0.007802556429367326	0.007802556429367326	0.007802556429367326	0.007889190058514566	0.007943013504708168	0.007847532185775679	0.007802556429367326	0.001563967521475077	1.143042174521073e-05	5.162636928619258e-06	0.0	0.0001139800908208856	0.00033759402450164456	0.0005717006952651826	0.00037185041956100704	0.00024800607092249937	0.00014286802451496863	3.004736499688303e-05	1.3031345042602501e-05	0.0003787088902930877	0.0017390261392376306	0.0007620487586673761	6.230670415931051e-06	5.048585680461894e-05	0.00015655640233452667	0.006729930703386628	0.022759499194941354	0.034418373136318424	0.044484884642213667	0.04958867474416741	0.067258538523468
SRR17010997_2	0.07783570761703143	0.09178372190973696	0.1050018017951594	0.11728534444701477	0.1286914911951662	0.1367668513929121	0.14063034259913793	0.14522008167523634	0.14890108927964135	0.15460121342378866	0.15853069364966282	0.16622707780160714	0.1733701126882323	0.18488095709884253	0.1295968980169512	0.07807533465652833	0.01860149858516696	0.0016540002732827672	0.0004499161615004438	0.00014471339646575848	4.763727621886351e-05	5.5788731723246646e-05	4.06773690155806e-06	7.776332445588456e-06	5.1214186299915695e-05	0.00023800224712857177	3.147307018551977e-05	0.0002971624187475339	0.0005869109666017797	0.0002938306785342348	0.00037048440267812335	0.0006304325484811685	0.00047301133486823624	9.349986756349777e-05	1.750488274017664e-05	3.825198807827343e-05	0.00011319802533248318	7.874018848038917e-05
SRR17010998_1	0.02183228884323048	0.01074811967329104	0.007704549435353516	0.0066253660924582534	0.005923213892144122	0.0066636156286621374	0.005559843298207236	0.005559843298207236	0.005559843298207236	0.005559843298207236	0.005648910075367705	0.005700273738270062	0.005601371366085737	0.005559843298207236	0.0011153230845069209	1.3662522299012519e-05	5.465434458233972e-06	0.0	0.00010933655991352922	0.00032042312825513125	0.0005551820611541518	0.00037488915800031937	0.00023559628293279218	0.0001344599806457755	2.8064474112200997e-05	1.3816208493836917e-05	0.0003423068813251041	0.001708349099878118	0.0007552039090542551	1.7473695811834109e-06	4.88832050571464e-05	0.00015333735878656616	0.0068460042836807344	0.022999444997647053	0.03519580604674315	0.04533280681409923	0.050659529502699335	0.06862129061864593
SRR17010998_2	0.07600456054684379	0.08983176788454739	0.10274918268254433	0.11496990949968486	0.1268327299423462	0.13489245364245006	0.13928295397671003	0.14327456629055807	0.1472251969584734	0.15264023844105162	0.15650726655126418	0.16401947546170673	0.17152676657463736	0.18303823770616875	0.12955365039755315	0.07813080772984565	0.018628162746834435	0.0015287092611083056	0.00040588736227467766	0.00011434915454010298	4.542565836788598e-05	5.694976271415911e-05	4.933731543211803e-06	7.68721989315017e-06	4.01880835340696e-05	0.0002498817498195088	3.006152424954606e-05	0.00027063552862933976	0.0005664224023349028	0.0002886143193026915	0.0003475765108746215	0.0005763423893751929	0.0004284952230524616	7.143307601894188e-05	1.4329182396640366e-05	3.132560149141758e-05	9.391106357825585e-05	7.307329286551173e-05
SRR17010999_1	0.032757233438996905	0.022669916820829302	0.019685828601661754	0.01835488864133365	0.017802008492751688	0.01850317768780762	0.017424878325175912	0.017424878325175912	0.017424878325175912	0.017424878325175912	0.01752117466893555	0.01755925383148689	0.017469914257808746	0.017424878325175912	0.0034911232031001552	1.6482763891384957e-05	6.594305858654989e-06	0.0	0.00010409890883047255	0.0003138887652727786	0.000511446204582114	0.0003569045601405572	0.00026069017322582566	0.000127091771697425	2.548691523380368e-05	1.2610167242565587e-05	0.0003851808491082651	0.0016685747075141236	0.0007241211595253366	6.5839064207537346e-06	5.0046433435601316e-05	0.00015595757326961152	0.006670754159938942	0.022449803327555713	0.03369930082437127	0.04340463590315997	0.04805520289750216	0.06454438598705067
SRR17010999_2	0.08581358968420841	0.09945435123084485	0.11287176384328593	0.1251211713736234	0.13679756073672195	0.14470264842406272	0.14892430942614884	0.15336199644655507	0.1567506757678306	0.16244717202719364	0.16649308304827357	0.17405985202217747	0.1815713329812231	0.19279992603854967	0.13104872365076767	0.07807946384718915	0.01845847520311608	0.0015813315324803773	0.00040305567842315287	0.0001390495785931919	4.1479272124963e-05	6.17161141990128e-05	4.046309348368732e-06	8.844619830471265e-06	4.6187229601252084e-05	0.0002552339155212763	2.7622925358727172e-05	0.0002575573783145597	0.0005218459087225484	0.000255046231928586	0.0003145115874768083	0.0005598274402345381	0.00040814519490887637	7.100031618667435e-05	1.852878938875364e-05	2.8329546351714825e-05	9.356316261982139e-05	8.609486645311716e-05
SRR17011000_1	0.020441536839864743	0.00992894982298444	0.007064145304166348	0.005766976053099027	0.005153089370495151	0.005829254412203768	0.004788316124310238	0.004788316124310238	0.004788316124310238	0.004788316124310238	0.004876217579732358	0.004934937175459686	0.0048295977794882376	0.004788316124310238	0.000963054472250758	1.4592708414405171e-05	4.627313484552823e-06	0.0	7.903847966308589e-05	0.00030837867128903266	0.0004869124019406241	0.0003146562281286304	0.0002492997823570102	0.00012355999838900618	3.0418716531784768e-05	7.541566691528698e-06	0.0003948203072360867	0.0017003238017919316	0.0007045784444791744	2.6262045382562725e-06	4.248607928301993e-05	0.00014518821533154592	0.006659913195911264	0.022578733481565194	0.034560907584922786	0.04443146478614072	0.04966265456078045	0.06693118748909598
SRR17011000_2	0.07386035451653425	0.0878480739714591	0.10099770465100302	0.11303522177510512	0.12463856976716275	0.13242514403694408	0.13656932398994243	0.14084339880621638	0.14468508387213455	0.1503833757920495	0.15431580932409172	0.16195505079004816	0.16938076645335973	0.1807118690470452	0.12861632877521803	0.07782873707556366	0.018719469070581102	0.001634948097717763	0.00044850622383786425	0.00014786473348432877	5.06073632002785e-05	6.275138279713696e-05	3.2115336593349256e-06	9.28938243060157e-06	5.191343394075679e-05	0.00023530973198516113	3.179533389817503e-05	0.0003039890847361045	0.0006173041260984149	0.00031042559525316975	0.0003899275833373301	0.0006187833034656815	0.0004848673699922461	8.616993843307759e-05	1.7700632721636596e-05	3.455664282771425e-05	9.814120741881848e-05	8.185446452509362e-05
SRR17011001_1	0.07089195456727188	0.009854919218329298	0.010244356201710039	0.00929600502921805	0.009198645783372865	0.011838163115175663	0.010435468795406144	0.009429423255005896	0.009202251681367133	0.009356584115521722	0.00976332940927494	0.009690490269790764	0.010005645754489622	0.012560785073226593	0.002100301347804198	0.006721739532520977	0.02123162042705558	0.03199537682249764	0.05422864447780674	0.06306012940002692	0.05828057395707837	0.06075284994753021	0.07049738814049337	0.04972452757277635	0.03568046880219028	0.03305750306067478	0.03589164948428302	0.04085778136869156	0.048852475481356565	0.06596057574841856	0.07198983362763266	0.07467760040140149	0.06488779151606125	0.0597240798845458	0.06304272386682688	0.05283802420654791	0.0495893243219037	0.060884677222414904
SRR17011001_2	0.25167365050980367	0.1793429426428196	0.13091573257982567	0.10264909820277357	0.08989864289504858	0.08330345546353585	0.07453030564348638	0.06838946135925118	0.06756371071856423	0.06762861688246104	0.07574477208795521	0.08954742843040706	0.10670861816471836	0.11766045155290342	0.07511747643487589	0.05680749074649452	0.049277926676520666	0.04624789550493294	0.04526012677918391	0.044086143754271556	0.046701237571230916	0.055689020860441064	0.062126922949937026	0.05985122522861485	0.05576535712062622	0.049654672250755406	0.04606772437400281	0.038930851495891976	0.031526413790369516	0.029322835222299646	0.028511705952955387	0.031637449065467026	0.029837335839618194	0.02447002291115393	0.026239942188000295	0.026709969755787107	0.024416893899926875	0.027901805513629523
SRR17011002_1	0.0734922455105688	0.01055098728137177	0.010929544757892349	0.010005725595007264	0.00992584649445705	0.012655627930651328	0.010978166819096828	0.010155064782992447	0.009894589455111314	0.010074491081567884	0.010500976018418593	0.010414150909124882	0.010751032333184479	0.013351618006749716	0.0022493729456106275	0.006910451306525526	0.021240578636894	0.032307689997662634	0.054855886369834427	0.06415300803744739	0.05891913288964634	0.061641612561646485	0.0714435017776198	0.05040129318690625	0.03605310438525504	0.03322761216200474	0.035919301617334955	0.0411337364137762	0.049044986967428095	0.06619987292475889	0.0719903541524151	0.07441995255708762	0.06491192906878372	0.05971923466563592	0.0629688090638975	0.052774374141401056	0.0495060939484706	0.06106768874473775
SRR17011002_2	0.2574399220602251	0.18501388889178305	0.1361244063506802	0.1064059079416288	0.09350716970495508	0.08663756705763666	0.07784739299274135	0.07145359194435247	0.07086665420552699	0.07022692680025092	0.0780814734873972	0.09224299611363865	0.10967331045456973	0.12086194133859453	0.07612746478510626	0.057315163255219924	0.04965668210406613	0.046612869312415435	0.04578804445909373	0.044508656335291656	0.04715413587361973	0.05636369635939537	0.06290819062028621	0.06039075890922833	0.055921289478946826	0.04963022847083238	0.046062629126564066	0.038860250133004606	0.03122809171090628	0.028896170758693156	0.028003614147005203	0.031078656005594677	0.029208411365422977	0.023843206245361334	0.02585733389712924	0.026371186264636453	0.023741310495721025	0.026764829117494712
SRR17011003_1	0.07489894892944891	0.013411344421358074	0.013684117528233153	0.012888529299847504	0.01277866235402282	0.01530560210799057	0.013869754781523138	0.013070378037764225	0.012759719777156496	0.01293020296895342	0.013293142741712205	0.013300719772458737	0.013625774391484873	0.016194387814558536	0.0028160399757638684	0.006963463102487267	0.02159538867942947	0.032592661510778005	0.05567800314277364	0.06450425906409095	0.05931428682893321	0.06210584558068076	0.07162460110046173	0.05092135835157389	0.036255931533834725	0.033668060509381044	0.03642857974386826	0.04174187949757809	0.04927593843759194	0.06625624541508476	0.07190778383251645	0.07449814368348004	0.06483627563627083	0.059642755370612116	0.06302271572003117	0.05331069220819928	0.049996062902982155	0.061770621999978945
SRR17011003_2	0.25572478769538703	0.18300423510556546	0.13446956465866766	0.10568821336797349	0.09280347258349926	0.08606749224983411	0.07740315759117707	0.07078083271870986	0.07047775148884865	0.07034439574770973	0.07854274301545518	0.09286939275099407	0.10995559708441918	0.12089379867010987	0.07649103954582195	0.05779909136225508	0.05013232835728723	0.04707091875331282	0.04624089306664125	0.04512181889203377	0.047602717486040586	0.05648027471382709	0.06302898654223775	0.060738593594642065	0.056514956909601	0.050199864264597986	0.04670634394427501	0.03922086654847585	0.031593160080842494	0.029218298363151516	0.028490084478217617	0.03168237097313252	0.030105518440642232	0.024695846258001707	0.02652476802141697	0.027002902637950636	0.024556947128329808	0.02789839034457848
SRR17011004_1	0.07449520792274023	0.012591456467673092	0.0129713542211301	0.012023568073330135	0.011949155111312783	0.014812095913138297	0.013120180145164806	0.012195892827475584	0.011941322167942536	0.01212304645413228	0.012530359509385159	0.012482578554826648	0.012800596055658704	0.015382334190492328	0.0026604349815895316	0.006881183824385044	0.02162901051520872	0.03250664175745155	0.055088466650546494	0.06384428787956399	0.0590995253810749	0.061583440769941024	0.07136680930114393	0.05054749043069929	0.03620948655152241	0.03353447680849612	0.03625813975415519	0.041334865966758866	0.04908892281356993	0.06596024753986986	0.07159020423166165	0.07392252872937115	0.06430229686702191	0.05918128624202194	0.06208894577302054	0.05236107659624175	0.048961413802412986	0.06029356189068179
SRR17011004_2	0.2547547337022493	0.1823548381310503	0.13393158221617937	0.10589747789406304	0.09333735319987095	0.08604096645048527	0.0772171557439013	0.07098604929286928	0.07054348799245029	0.07061398448278253	0.0787516293501328	0.09273343326602486	0.11012335084231165	0.12125474666577057	0.07621170526566416	0.056981701380802226	0.04926055779413417	0.046165970667151626	0.04548386817476898	0.044153527398386044	0.04658987844408473	0.05548317102132635	0.06191097737114672	0.05976180837667603	0.05545454818098454	0.04930615334381552	0.04557428672121214	0.03854348076063718	0.031200819784299755	0.02888769086408846	0.02804721331603438	0.030947969561102635	0.029035197449031613	0.023923030617401565	0.025916757430840768	0.026468156311283332	0.023954322022501695	0.02714482783581451
SRR17011005_1	0.0727234827973914	0.01134701101563892	0.011809362936623156	0.010780257047980824	0.010669889170068458	0.01329783783063047	0.011880952911485231	0.010887642010273937	0.010666906254449205	0.010828580281012724	0.011225308058373391	0.011162666830369075	0.011482435384753012	0.014077571973503239	0.002411085623969091	0.006890765681151114	0.021623977029591963	0.03228503366321503	0.05478453474741649	0.06386960577817222	0.0589272630766634	0.061463006182981735	0.07117608439474653	0.05034726900779296	0.03602092805922123	0.03317699791266357	0.03586101073856187	0.040839795255833776	0.04856232979556748	0.06532371264276464	0.07113134696608887	0.07362624028925649	0.06389884545129633	0.05858084986178312	0.06169353590989263	0.0519659178517093	0.04866230790821348	0.060077096640576304
SRR17011005_2	0.2531302194498209	0.18125090177267816	0.1326771038287601	0.10387407060925187	0.0906716860784375	0.08392134803206766	0.07529773897680685	0.06879498292683502	0.06822822895917692	0.06846626562559333	0.07634414577604084	0.0902534813086182	0.10729189532579211	0.11861683276584854	0.07508969663809109	0.056887604652374565	0.04907720162734809	0.04604184483532268	0.04516877489220994	0.04400208195589099	0.04645392361985843	0.05543685576854616	0.0617323615198666	0.059477589853115125	0.055172966536422306	0.04893116049263865	0.04537405503623632	0.03829108833324832	0.03068223833413997	0.028265160894761446	0.027488902611698625	0.030624337908375657	0.028724176205946726	0.02339770622736718	0.02542110692699197	0.025914125146592644	0.023522904781328412	0.026733562430602913
SRR17011006_1	0.050719584721663234	0.029529444088094714	0.022691804143034004	0.02305167992961615	0.022201064434058358	0.0238990238271141	0.02298951956647923	0.022286125983614135	0.022201064434058358	0.02230379261313726	0.022603470995418387	0.022265187756031174	0.026905622444104913	0.042258577819311076	0.028401985459586623	0.0025175367611261165	0.0055661282750203165	0.01250088013962169	0.015506397849632793	0.016121980784202652	0.007282611681917332	0.008890321331375491	0.012964085471971951	0.013219282583846694	0.013160939244564329	0.022582871136752135	0.038740790828561335	0.03998948477984587	0.0249769370587121	0.017974282019319637	0.015490330230665447	0.024202584312879458	0.02925555169344068	0.04125175280037737	0.05797081690403199	0.06784993839089662	0.06707010028551352	0.06329915106209766
SRR17011006_2	0.19360335838701317	0.13792730260469588	0.11185266606778972	0.09580874918234586	0.09435288804571809	0.08562426442207123	0.08977592236000521	0.08014106607378331	0.08198624737953174	0.08376599672408343	0.08528532686307204	0.08748972963579066	0.10084439291604798	0.12817074287064803	0.09507499118987942	0.07081908395516213	0.06388910886097697	0.05226319020813495	0.04868735572790913	0.041427644092030376	0.03224081381929203	0.02296537099646302	0.020935630583315247	0.0149062525419227	0.015115641816675088	0.015833908078415934	0.018820783609676487	0.024262488992523718	0.028348871099558297	0.025980940491562923	0.02096051762109489	0.013419125201819513	0.011860933725861524	0.010743383096202513	0.013127184222259367	0.022255354525792533	0.021147666452478182	0.018711892796549705
SRR17011007_1	0.06121717549403738	0.03973328217114098	0.032971791434235814	0.03343877916233905	0.032401574839920295	0.03405323669931697	0.0331782491666604	0.03250480370613259	0.032401574839920295	0.032520042253049636	0.032845950530662735	0.032486124197008456	0.03732854115442414	0.05272291450285445	0.031036912274462748	0.002614369761653344	0.005700892114584773	0.012810721894070991	0.015758073982109308	0.016607924343043926	0.00763902395262999	0.009325343253100839	0.013230531793378405	0.013274367909327938	0.013310346465935456	0.022664326166059828	0.03917589735692773	0.04024525447302872	0.025090700363038877	0.01850089507762477	0.015882481554710167	0.0245676105290107	0.02947848559167881	0.0414358781203843	0.05835352410262753	0.06860601982856757	0.06746664645393609	0.06408960529899321
SRR17011007_2	0.2056097810235555	0.15015375939622322	0.1239926153018508	0.10769965925134395	0.10636751531117579	0.09758077253239138	0.10220886670090916	0.09190810055101112	0.09367282259721173	0.09569070114864726	0.09722782812315126	0.0995268824435079	0.11318160361324626	0.14094869392626422	0.09840456611433188	0.07203280792974617	0.06511561171899051	0.05341854481071861	0.04937549110862539	0.04257357882899369	0.032959690384476895	0.023569625160425784	0.02139408078245312	0.015379439225964936	0.015642673206544933	0.016583259343207285	0.01965210454603817	0.025191121562147478	0.029204702890125587	0.02689949576302906	0.02167197805346158	0.014008495938171661	0.012238797914029872	0.011251504638280703	0.013311182793796915	0.02233840178486145	0.021333416392925686	0.01905370991128672
SRR17011008_1	0.05200486914242514	0.030461737299139893	0.0237745769734307	0.02403287930360831	0.023107295953805212	0.02467504759668875	0.023817627361793634	0.023229272054166857	0.0231252336156231	0.023234294599475867	0.023528472253289256	0.02318335163991306	0.0280258028242705	0.04332160580962121	0.028714308683067	0.0025145260718452715	0.005442088840836728	0.012524044154034714	0.015528032070224145	0.016333010362090655	0.0074926118317257175	0.009119611820951688	0.013103309665372067	0.013049968873752985	0.013195268987553199	0.02259917751417709	0.039135871604880634	0.0402112765722823	0.025205946524632445	0.018257976887993972	0.015710386266983217	0.024884790917622402	0.030024318239662055	0.04192783367453402	0.05912952005377519	0.0691820876728388	0.06853652161646324	0.06479261080203595
SRR17011008_2	0.19508642239900226	0.13941868271336408	0.11311489542361099	0.09697817485223761	0.09558621229516939	0.08672500735713198	0.09132063631487528	0.08142980958849103	0.08296527344010236	0.08506397987279543	0.08681828319858502	0.08912865404072919	0.10259553302712787	0.13020231207133248	0.09620073024159902	0.07173388106927732	0.06465155282797366	0.053296152424365945	0.04946716592242607	0.04229495855283916	0.03290128917400141	0.02360068567612914	0.021461249056532197	0.015277253095486847	0.015599568421377467	0.016443710626500123	0.019637915751951483	0.025088143240645167	0.029168754350452346	0.02692278786635283	0.021687202809590057	0.014087623906469188	0.012182459194886528	0.010931679557600438	0.013015535635045497	0.022191241595186758	0.021141530699069995	0.018907560158008832
SRR17011009_1	0.05171543014507227	0.03108468501665211	0.02381954759768286	0.02438434099432895	0.023374027340701164	0.025050867363041723	0.024103698312765674	0.023426647843494276	0.023359995206622998	0.023468744245728767	0.02377674958874446	0.023420333383159103	0.028274750167499828	0.04371641211381506	0.029154522019422244	0.002514280739070226	0.005566511546404498	0.012581370577729347	0.015564396709788101	0.016596811212923702	0.00755211341415496	0.009174489975268846	0.01312235598113863	0.013014901419221942	0.01295705236579563	0.022323818175547742	0.038939799425204306	0.04002000162553263	0.025120457591847112	0.018347259791297813	0.015906265211666982	0.024669750148660637	0.029802251961381795	0.04206179235883908	0.059138732626481366	0.06968437110036928	0.06911626252413747	0.06641987172734483
SRR17011009_2	0.19436961321720386	0.1395600975078965	0.1134392799213948	0.0971269240555295	0.09586403198849477	0.08700975538517348	0.09141233745219735	0.08150214275949424	0.08308426587680719	0.08503894215389539	0.08674805608461574	0.0889307545404741	0.10220304855830523	0.12954185538279153	0.09563139986227108	0.07149705614444248	0.06444879746084003	0.053119171075616416	0.04944731075284459	0.04219352853214053	0.03285294346114385	0.023361477382223893	0.021506603609410226	0.015382866706159114	0.01564252778935853	0.016390604361318464	0.019576705032837153	0.02499585424040341	0.029050605135294533	0.02667423712125948	0.02166403338537616	0.014135578039137123	0.012518050026186443	0.011399420759005949	0.013412113255775154	0.02221188676871523	0.02169179115157066	0.019667113755637372
SRR17011010_1	0.05047124624789896	0.02986744506255848	0.023081045278349338	0.023518206000645022	0.022589239465766697	0.024270226528879852	0.023367281465566752	0.022641282408897137	0.02259184161292322	0.022701652222928446	0.02303212491180673	0.02265845658013018	0.027356373056514834	0.042540942573682794	0.02849092158740554	0.002456484378899272	0.005401770690329682	0.012648122771014469	0.015873146865980084	0.01660373329872146	0.007595917702385019	0.009108879479128657	0.013267756730321595	0.013123039149816907	0.013178680715773144	0.02285854066514497	0.03933730959867425	0.04028707145271072	0.025347658481458965	0.018504068462654226	0.01596165141667042	0.024968147619737893	0.029947481175151315	0.04160850044137499	0.05838550412881797	0.06830653102212067	0.06752642569149037	0.06408684495536164
SRR17011010_2	0.19343841532152573	0.13795283150300905	0.1126989933489639	0.09677905704536287	0.09513189789528449	0.08644072639250132	0.09105433330101467	0.0812598514038662	0.08318023600537937	0.08516931729182471	0.08681075171815875	0.08902674023665279	0.10284778464380326	0.13056793787279988	0.09630774618309271	0.07194050541300795	0.06495005003083887	0.05354751617064574	0.0495501889218259	0.04233575845896045	0.033170192541272916	0.023739050388470437	0.02190295987833589	0.015567541753562023	0.015849694654294456	0.016602982745647133	0.019782770489897444	0.025358357632027404	0.029168750430965146	0.026812536344401346	0.021699273926073334	0.01394813701905907	0.012377332220308023	0.011204790647964502	0.01331448862585704	0.022146818159789187	0.020948420069803103	0.018815169741227548
SRR17011011_1	0.05539353643801196	0.03250154664935068	0.031106411178599604	0.030734787967744717	0.03087259824177007	0.038809850653612456	0.03178772039850024	0.031166799950363526	0.030866404521589157	0.031379863924587	0.030920599573172163	0.030680283230152663	0.03081964193422325	0.030911308992900788	0.0062065691951642	0.0024513887761948637	0.017950588025645826	0.011459692579772637	0.0012149698123725653	0.0005043821189999839	5.182211361300207e-05	4.749972942229295e-05	6.586459455989393e-05	0.00043344942657454866	0.0012228572771330625	0.0006865323981266943	0.000273164909195713	0.00037321219567658164	0.0006066568775803656	0.0007091213233562031	0.0005226641843723234	0.0005396299262742713	0.0001333063085293184	2.4063782389043238e-05	7.623427580709704e-05	0.00015341163761415603	2.8671976450106146e-05	3.314793770697484e-05
SRR17011011_2	0.05212789747262461	0.04460407588285829	0.044316067894445754	0.04460872117299398	0.0447821453380596	0.044997377114346385	0.0456879769145184	0.04588617596030767	0.04537829090547265	0.047045950064183974	0.047341700202822655	0.04660309907124856	0.044825501379326	0.04469945917364439	0.010105013537635361	0.001093152099149881	0.0005998887871292872	0.00018265686863384991	0.00026988532358553866	0.0004124231792005402	0.0011260177503053868	0.0028334102001717335	0.007706769075179037	0.015121636863893608	0.021264277445652964	0.0322799219141641	0.03881955062636236	0.03813414442197457	0.02853494752197583	0.018999576165515328	0.014832717966597787	0.02747158743833586	0.045492403908291325	0.04049297603678262	0.035495970182567164	0.026247596734821615	0.019381289336581748	0.017723068629157703
SRR17011012_1	0.06733709757411613	0.045261213458138	0.043925727416642725	0.0435013242531969	0.04364202312803492	0.05139891355558005	0.04462460871296926	0.043921114338779176	0.043665088517352624	0.04415407477088803	0.04370291575583366	0.04347595232494742	0.04361849643093085	0.04372551983736502	0.00876780734726472	0.002363278204163775	0.017736392861101874	0.011255809621674117	0.0011898656788129171	0.0004599419264842785	5.456932648169502e-05	4.4880836082411783e-05	6.019322237373371e-05	0.0004054250129486958	0.0010842005244915101	0.0006281929485216169	0.00025027142703823365	0.0003405813603451241	0.0005431536716892963	0.0006353459764731762	0.00045512303928315175	0.0005196082879615731	0.00013072218379173603	2.4629938135112512e-05	7.603909321860556e-05	0.00015121762647642438	3.806952703431323e-05	3.96831128830591e-05
SRR17011012_2	0.06256025544641886	0.055283125116682034	0.05496482274409767	0.05525314011056902	0.055497633237336724	0.05571675443585494	0.056304921863456495	0.05656094768488305	0.056030443730575766	0.057653785830756046	0.05802467729098479	0.05719847504562449	0.05549209754390047	0.0553500147457034	0.012219419867879425	0.0010851155895139786	0.0006411057022564704	0.0001885166139599473	0.0002962860766778567	0.00043697804590853433	0.0010117674428984733	0.0026740877902882683	0.007410538603986459	0.014727370084828318	0.020948192290531638	0.031640227243220104	0.038135411091278444	0.03734302389261672	0.02801400523949398	0.018467459563804085	0.01458048147252701	0.02692093550056304	0.04449435226002729	0.039418203125018474	0.034579658013004215	0.025364413862233183	0.018679737519525487	0.016507844766911205
SRR17011013_1	0.06479952463169611	0.043106477916569824	0.04178332999561351	0.04137213071078592	0.04150188692955374	0.049334776417424946	0.042373629413388215	0.04170840034815604	0.04150188692955374	0.04198618830946178	0.041526010620930295	0.04129939412618087	0.04143353647065351	0.041517238369520634	0.008325125556199986	0.002349813640099017	0.017260630515582964	0.010896813656255493	0.0011404044631323034	0.0004735397297324547	5.678835689788186e-05	4.251921682578952e-05	7.225860932261577e-05	0.0004125194061203273	0.0011363060389623476	0.0006709162267640525	0.000260687890539364	0.0003650467318689344	0.0006076305473482618	0.0007271588243400381	0.0005195382031078527	0.0005051676589212709	0.00013388821915876454	2.1688161823214086e-05	7.343804792589e-05	0.00015001472198998423	3.426657940818198e-05	4.127821675701968e-05
SRR17011013_2	0.06061442968833981	0.0534321488466847	0.05316532619964101	0.053527181570289295	0.053700799046105384	0.05385431344577435	0.0545158874062525	0.05472605592960882	0.05424723720683181	0.05580979448917663	0.05619979416643089	0.055370450897743076	0.05366717208236837	0.05352608503886308	0.011798487581053209	0.0010273280417768362	0.0005698074991548862	0.00017791823995721	0.00027319853153811723	0.00039933721014049066	0.0010431202451987916	0.002641380980423634	0.0073931332786551195	0.014366278632949548	0.02046282377729483	0.031032761655706485	0.03733761521627346	0.03679289703689195	0.027474217473274564	0.018037179540098605	0.014319706825240957	0.02649772625861105	0.04366294370514739	0.03880373996059859	0.03370472098992546	0.024802370262257664	0.017917057953211045	0.016051729196327604
SRR17011014_1	0.06705815569183751	0.04541675720551396	0.04402184110674687	0.0436630126043383	0.043829356943203196	0.05128395967204881	0.044846433757977165	0.04403847554063336	0.04381747520471285	0.04431318133453025	0.04386642796729309	0.043632595353803	0.04377945364154373	0.04385834838511965	0.008796398493893012	0.0023278061635522225	0.017370626147010952	0.011054796535777317	0.0011929944490577636	0.00046241702971721373	5.526517596382002e-05	4.3853651650910995e-05	5.963346040714874e-05	0.0003848638068933338	0.0010566529196281197	0.0006185328551117737	0.00021104304510865775	0.0003561262681682986	0.0005403374594361732	0.0006647541381989927	0.0004778466124930451	0.0005354626465212908	0.00012212529096479943	2.4385024266014746e-05	8.113943421320047e-05	0.00015493478662911668	3.092395142190312e-05	2.0056822436641e-05
SRR17011014_2	0.06471270051384241	0.05769296941374361	0.05745533464393661	0.057761883496987645	0.05797575478981395	0.05815160451947113	0.05867202466534846	0.05896431543221107	0.05848429319720092	0.060043177287134854	0.060371113269468514	0.05965583261234944	0.057950090234674796	0.057832223388850516	0.012681340868022684	0.0010628164938710528	0.0005986681404182119	0.00019280094597189074	0.00026096964720132487	0.0003954241385293291	0.000976617526710823	0.002628191432027258	0.007331205252004989	0.014469135083083551	0.02026755982545853	0.030542980719917814	0.036784477664313725	0.036221926393276	0.02717446088151603	0.017792525953521453	0.014058914978861206	0.026310154395847343	0.0433791920756398	0.03860276904390069	0.03382010882905994	0.025236739788417645	0.018538898990569222	0.017020562970045484
SRR17011015_1	0.0629108519148459	0.04036989696120751	0.03889931059524821	0.03852892446134789	0.03864288942562491	0.04667084450536992	0.039618166523764826	0.038973826148813964	0.03860782328277044	0.03915836172558561	0.038715651672047935	0.03846054548278167	0.03861483651134134	0.038699433580977737	0.0077596514611525435	0.0023677161109961977	0.01755223075221551	0.011106196771543097	0.00120333825436193	0.0004633751427574265	5.537389670202608e-05	4.8383172274623075e-05	6.520760250150462e-05	0.00041547624489429534	0.001188120049875081	0.0006836608207961945	0.0002739930711408512	0.0003859595174852527	0.0006071613094695907	0.0007225751577856889	0.0005081096280731025	0.0005601966730344821	0.0001360933771012137	3.056498656523179e-05	8.085089035581844e-05	0.0001737330943449604	4.0463538413097264e-05	1.7404555750059377e-05
SRR17011015_2	0.0584947095491112	0.051056303996106965	0.050760433415772375	0.05111328647824547	0.05129300046037462	0.051531888558570695	0.05227266082637135	0.0524523748085005	0.051902274692471016	0.053635857129838836	0.05396460221909949	0.05316290252808919	0.05130352030323096	0.05116807732645557	0.011420666688807493	0.001098966567813783	0.000631911271723453	0.0002019286415260299	0.0003025734473329371	0.00045870233057954644	0.0011861574754358898	0.0028047652213055245	0.007559700741994987	0.014819453148675292	0.021141329816328335	0.03195361984844617	0.03839980960068528	0.03778458060193513	0.028379144328019884	0.01869412480588313	0.014787764075103826	0.027252504511684584	0.044958432626514354	0.03999946541917895	0.034952412822490536	0.026059954767598845	0.01903855106522838	0.017128902053394495
SRR17011016_1	0.06141790796262052	0.0380373347370713	0.036639717725084654	0.03625060016283185	0.03638030601691612	0.04456926325398906	0.037317394378446264	0.03665720615484882	0.036409453399856406	0.03691661786301736	0.036456672160219666	0.036192305396951285	0.036335710521017486	0.03642490151281476	0.007327800878174435	0.0024623173135995607	0.01804660225639885	0.01140912582111249	0.0012382834941060449	0.00047421687383067325	5.8713709173203246e-05	5.055573759842187e-05	7.602518218367634e-05	0.0004418607212634768	0.00120814170562411	0.000689964270415962	0.00027138020848157575	0.0003621876860018557	0.0006074222697926218	0.0007337071960425054	0.0005180235565132236	0.0005807074486408509	0.00013597760504243235	2.704215053242952e-05	7.858365132444473e-05	0.00016070285571760578	3.382700893003437e-05	3.530074691967889e-05
SRR17011016_2	0.05695107152702192	0.04936692248595989	0.049027355474705575	0.049336317733872585	0.0495724115356889	0.049780815323711924	0.050411856164369086	0.05072519053097715	0.05008832021373193	0.05181151349316154	0.05213825565592214	0.0513457383137758	0.049543847100407414	0.04943308704523433	0.011075737670155942	0.0011117989425009562	0.0006221501394427559	0.00019616305473609233	0.0002794522501122868	0.0004352512359667224	0.0010473495449210704	0.002725402909831001	0.007693833420159937	0.015094933063475733	0.021463622794185667	0.032532408777283944	0.03916933501030273	0.038435037118900034	0.028701125578559968	0.01903111727396877	0.014964841001985637	0.027733665609642934	0.045992537002073695	0.040976839404093836	0.035887983875747945	0.026628076714525085	0.01955985317187346	0.017434572406376445
SRR17011017_1	0.07321642863099781	0.050215367327310675	0.048772376217220866	0.04835286000476368	0.04854815203470064	0.05659490697191823	0.049455898322000244	0.04882300748424156	0.04851560336304448	0.04900238683025773	0.04854164230036941	0.04831090838351796	0.04843025351292388	0.04854525881944232	0.009721716973319633	0.0023840317509880647	0.018090586271579848	0.011498716080544391	0.0012530786671626222	0.0004792573086522055	4.9326134280752975e-05	4.7175087193532215e-05	6.899658949858108e-05	0.0004521576169112764	0.0011785580872481238	0.00067920240364405	0.00030530541743597047	0.0003938285867921979	0.000627597142189677	0.0007255672191069012	0.0005151898601152389	0.0005507419778474868	0.00012163744249441809	2.672352482579825e-05	9.160957176447756e-05	0.00016157608185822465	3.936477351271789e-05	3.064258731298829e-05
SRR17011017_2	0.0739614315600166	0.06672839341420304	0.06642460581207887	0.0667645586049321	0.06698516626837941	0.06714790962666022	0.06775186831183566	0.06806288895210563	0.06757465887726323	0.06922523818213788	0.06951745292322875	0.06878980928575991	0.06696997688827322	0.06682893264442984	0.01451706185785416	0.0010855283122548334	0.000618672726626394	0.00021379804921818076	0.0003016202328360288	0.0004533675660422529	0.001118381932277888	0.0028276986077033655	0.007549878030481363	0.014943422636486903	0.021090519581981413	0.03210390597741745	0.03873114787222263	0.03784627262168905	0.028521769358298272	0.018656501384292305	0.014812661670750885	0.02756335892668752	0.04556104800658789	0.04069534641674967	0.035637381807533994	0.026395952684615965	0.019409809719442755	0.01792429133891316
SRR17011018_1	0.02157520810077727	0.021602401456084525	0.0215570791972391	0.0217583100265128	0.021647723714929953	0.031232475015560944	0.024345304561409792	0.0217583100265128	0.02278078018606564	0.022465337264501464	0.02156034239987597	0.02156868169550353	0.022668018406058213	0.025477998454474717	0.005119333751424345	4.2077372503720426e-05	4.3173044950744056e-05	6.132627497180515e-05	5.517046570493511e-05	1.9605651205517e-05	5.084708390720774e-06	4.360324594044969e-06	6.908869096708165e-06	0.0	0.0	0.0	0.0	0.0	0.0	2.2459377527346737e-06	0.0	1.5430948826359838e-06	8.778555869691825e-05	1.774362942810621e-05	4.143474328748457e-07	8.542154449490157e-07	4.438174644986083e-07	1.2578770356433716e-05
SRR17011018_2	0.07079880698761909	0.05414559619745524	0.04749954016036175	0.040519912298165935	0.034615328415783644	0.04199560504617305	0.03760478460922804	0.03278430915842838	0.032363718596342815	0.032762554474182574	0.030365550848365605	0.02668755889854148	0.026689371788895303	0.02698197229200138	0.007974957133109356	0.003005146498388717	0.005434528230483792	0.004635901894081662	0.0019478956994564934	1.161966334915837e-05	5.267054559202384e-05	0.0006668700105358194	0.003137884321501707	3.2759323973348994e-06	0.00010532535221790903	7.376364732460895e-05	0.0010722713608086304	0.002679652022059746	0.00012345833398198392	1.460112123507515e-05	0.0004574300603661272	0.0005277555802803386	0.0012340234701108416	0.00022092728818917757	0.00237093916876198	0.015788018625986257	0.03513710366730104	0.060249553409470434
SRR17011019_1	0.01962762040430275	0.01903918172142136	0.0174971887873647	0.017514912844078	0.017812676996861353	0.0186208939829876	0.0183443986982602	0.01862798360567292	0.01869179020984078	0.01881160483322265	0.017826856242231987	0.017626219920237492	0.017555323693384313	0.018317458132055993	0.00410850369642659	0.0008425614796650517	0.0008838412427051886	0.0017588162954904462	0.0007352065008775535	0.0008220588751325437	0.0012720053914278768	0.0009345600048145119	0.001826434869147575	0.00035632973559314516	0.0016778500829374586	0.0002855741903557334	0.0005273674102790367	0.0019859006599941232	0.00042027007561339384	0.00042107404645108095	0.0015571044823958023	0.0016399764972548543	0.0038792424090243966	0.005390881862248854	0.004661511639618941	0.002064162660887552	0.0029044227591696853	0.0019812714809729144
SRR17011019_2	0.053934304578556316	0.046330684248552814	0.03979759694403232	0.03519997663260363	0.036770328057401554	0.03466471011986213	0.03614644126109357	0.03136094594850396	0.033275144073539806	0.027752328001677123	0.0234304940127073	0.021766559568463174	0.02076550484529628	0.022438655799031315	0.010974761869755933	0.01156906156335824	0.019343299212379643	0.027313815318990714	0.03674201020061812	0.03356988662620865	0.026570924600637345	0.019748849215581964	0.008770685982684398	0.0060434086477964	0.004916393305862882	0.0024190236322754657	0.0016567660929746942	0.002009130308113702	0.00485659214688902	0.009161569631089916	0.012260302251271291	0.01036376286753977	0.008832144379334574	0.010853731018989286	0.010152721685306445	0.00609435536125535	0.0032657323499017156	0.005226141687563104
SRR17011020_1	0.02765857436293084	0.027012232016707143	0.025539059272861445	0.025534181217418246	0.025897596347936477	0.026702475496064092	0.026353694531875457	0.026617109525808133	0.026909792852399993	0.026879061103107848	0.02589369390358192	0.025681498491802818	0.025589303243926383	0.026364426253850493	0.0057508338379707105	0.0008536160361274904	0.000878205115500375	0.001707045253105592	0.0007604756918560702	0.0009136818918675754	0.0014425262869497534	0.0009498908185612717	0.00181541278403499	0.0003740545617750545	0.0016804105683628939	0.0003241832192705187	0.0005554011976934773	0.0019293039535345459	0.0004740062686272324	0.0004157355116760083	0.0015289981484117008	0.0016632019350895735	0.0038450314572546253	0.0053775853491141844	0.00467257891517961	0.002102766877755463	0.0027805485744891046	0.00202074698312934
SRR17011020_2	0.06162691344163788	0.05444885485697249	0.047858601953212426	0.04305859539710591	0.04468542688741233	0.04235127735784224	0.044119572456001406	0.039295175622678896	0.041312251548441134	0.03578443912020953	0.03153955527353891	0.029893211561459698	0.028855161363147225	0.030463456242769506	0.012592827209937733	0.011239763153508657	0.019016813044868856	0.026993785921298714	0.03620020200431682	0.033007639165546596	0.025959042949633967	0.019148751004740835	0.008626177959187095	0.0059805324941620075	0.004722992696424212	0.002331071251675605	0.0016916487586821967	0.002048879232914364	0.004706526470894145	0.00899943892770397	0.011928333936893314	0.010046191041156257	0.00853207786640067	0.010684370447114155	0.01005843582461519	0.005955725901562984	0.00311340926501294	0.005304590516304861
SRR17011021_1	0.06936620241687352	0.009070707671269527	0.00936427010716887	0.008427843096451981	0.008349807512225575	0.01112192874236366	0.009472033533005336	0.008587630245106054	0.00834237555182306	0.008495473936114868	0.008896056601810426	0.008851464839395336	0.009217860487239325	0.011937214798519552	0.0019481017662199688	0.006671786286962858	0.02105270092174695	0.03213442600347292	0.05468957467791979	0.06366914264092215	0.058892367809432945	0.061544328575251064	0.071075422007099	0.050350210293740975	0.03608421329511963	0.033158840100938926	0.03592123607818546	0.0411210772738929	0.04904263343192821	0.06640113755117164	0.07188351944040054	0.07441955264593268	0.06473842264202323	0.05906748438158242	0.06175520157286905	0.05188612671593561	0.04863065775125236	0.05987397311746069
SRR17011021_2	0.25042362174294336	0.17914740550262348	0.13045691692554662	0.10213371583156206	0.08970747803855701	0.08279203888401683	0.0740892132526718	0.06832201198032016	0.06779434279174161	0.0671648557456486	0.07494834787520252	0.08893678374481621	0.10626216983515911	0.11753868335389508	0.0747726412384421	0.05647720998938914	0.048946263125275793	0.04573077038399439	0.045067179440807174	0.043644586844306436	0.04624878824794074	0.05516431818165219	0.061605747078605756	0.05932515953329697	0.05515826960272599	0.048991892067640576	0.04535798483075328	0.03806833415366056	0.03070240022813961	0.02804674028880921	0.027187804196227277	0.03042065708888939	0.028605626242129523	0.023194489440143545	0.025140372557004013	0.02556875205028556	0.022920967815945912	0.02588577187661087
SRR17011022_1	0.020167557707677322	0.019563976679508488	0.018027917176683603	0.01798816034249284	0.018385728684400453	0.019253150521289803	0.01869655484261914	0.019094123184526756	0.019285678840173154	0.01928351028558093	0.018374885911439338	0.018133453500171804	0.018062614050159173	0.018769562847223992	0.004208525657449104	0.0008359234546917267	0.0008483443330855297	0.0016680592357202863	0.0007734290581421134	0.0008756955899752974	0.0013849985228009743	0.0009562019311584593	0.001883886639710168	0.0003790826685981969	0.0017916022136981625	0.00030180848246551544	0.000568465407409156	0.0020294676022564293	0.0004914031354304408	0.00041826976598128337	0.0016145479951131028	0.0017952756308312625	0.004059290242315471	0.005523788156261573	0.004758928778923265	0.0021130398531657955	0.002897219319728772	0.0018950444618237576
SRR17011022_2	0.053577755458532016	0.04677933681191175	0.04006043183367302	0.03511612736340374	0.036547373394271165	0.034198105919362516	0.03600162048856162	0.03127417147751468	0.03339935497789357	0.027803761278426542	0.023535322989400212	0.02189083575696416	0.02090558912056401	0.02252405369789338	0.011037215413939103	0.011529555825452707	0.019188184932444334	0.027245314861947815	0.03669015501243213	0.033222053758328596	0.026397851597277075	0.019409809242124525	0.008860415615413762	0.006219405914504713	0.004968673807314291	0.002437413775391736	0.0017196458755819228	0.0020969362795993226	0.004847090100786758	0.009282514373527291	0.012407286112690282	0.010329381287162789	0.008951958375463849	0.011066272880066058	0.010334801177762398	0.006220583818817523	0.003244776065071742	0.005386612014055217
SRR17011023_1	0.07754882625110764	0.01808205413339422	0.018424574309526376	0.017619087301918888	0.01754004418434993	0.020073187904536088	0.01866170366223325	0.0178072852008926	0.017517460436473085	0.017687591337145318	0.018078290175414746	0.018022583597318526	0.018317677902909307	0.020934381490239795	0.003751880796836536	0.006437487298991192	0.020529702481117067	0.03132173604532796	0.05383912047725384	0.062341752196063575	0.05727231889188519	0.059791590076407844	0.06922921868927244	0.04875770939113628	0.034965342939282815	0.032227632890600905	0.034715466856457655	0.039887115309582485	0.04741546322227511	0.06406002166327901	0.06942372016562068	0.07213573888005886	0.06255994885900144	0.05734301921314108	0.060220600477435014	0.05061346445157883	0.047156039180544396	0.0578453552049218
SRR17011023_2	0.2552716301679425	0.18454685973362167	0.13791142036793594	0.10986240550489394	0.09766341769341794	0.0905570650281706	0.08229141330524517	0.07653632155462907	0.07578352995873422	0.07561641022444557	0.08330015404374427	0.09713119403512029	0.11427677542322132	0.12526979109807376	0.07529688044774259	0.05548115872370238	0.04797929733140277	0.04498690485045424	0.044194126728933046	0.04305038653260281	0.045401998030569934	0.05441863978501721	0.0609335012389812	0.05839212237737949	0.05431376199023462	0.04815386603549233	0.044632320541287095	0.03754409713861039	0.030026435264681496	0.027473307881827596	0.026978307121978594	0.029907966326435192	0.028240386943147643	0.02283162148007093	0.024769194763440614	0.025075849532417073	0.02264959973868099	0.025641184630024697
SRR17011024_1	0.018340918381331665	0.01837221968818923	0.018326091446504395	0.01850401466443162	0.01840516843224983	0.027820272047565597	0.021222286049430925	0.01849577747841647	0.019538605227934387	0.0192305344709678	0.01832872734602924	0.01833960043156924	0.019469742352847735	0.022214043245654912	0.004491504851957262	4.120259537983036e-05	4.351750976457093e-05	7.155570481203575e-05	5.4751753997176535e-05	1.715614965219602e-05	5.280651041433661e-06	5.943471817844634e-06	7.269271112795849e-06	0.0	0.0	0.0	0.0	0.0	0.0	1.7126497892497091e-06	3.4779431488735235e-07	2.4823070286342663e-06	0.00010921183426547568	2.1254913511407696e-05	7.693164592486916e-07	1.5926334903883633e-06	1.246997272135274e-06	2.2150240311214524e-05
SRR17011024_2	0.06601280872540732	0.04922048131492375	0.04253188627062243	0.0355945282086636	0.0297115299566439	0.03719913204441471	0.03279059008910675	0.0278367464195959	0.02750890641619295	0.027878591324552855	0.025474650957891653	0.02182063524157138	0.021821623703893196	0.022127388048775544	0.0070279814376394	0.003037605670274606	0.0053615304866277	0.004594346296114984	0.0019355566315025043	1.979677900268625e-05	5.842121672171541e-05	0.0006594459830178163	0.003090688020032919	2.3154458274010644e-06	0.00012722048699883153	9.033710456314934e-05	0.0010888379189722837	0.0027166556905410255	0.00014015906442321342	2.2606384773314718e-05	0.0004489439485586323	0.0005207835792690358	0.00123704299013433	0.00023661240315808326	0.0025107534332228427	0.016289968599397353	0.03565650947240173	0.06121617800286221
SRR17011025_1	0.02748618012414397	0.02748618012414397	0.027454838983751558	0.027617243074875866	0.02754601321034766	0.037153497337912025	0.030298335175717526	0.027631489047781507	0.028657199096987662	0.028397922390105	0.027454269144835328	0.02746281672857872	0.028583120037878336	0.03149670641654005	0.006302017328985831	5.245512955433466e-05	4.0490424815785245e-05	6.788297789207141e-05	4.964393770144598e-05	1.6553780916668928e-05	6.8525344689764606e-06	2.2852884124245374e-06	5.7173760703992866e-06	0.0	0.0	0.0	0.0	0.0	0.0	4.135697114257666e-06	0.0	3.053554440884685e-06	0.0001198631926467827	2.434752821138483e-05	1.3193929441398583e-06	1.3629083816119209e-06	7.096809544817094e-07	2.6763498789520403e-05
SRR17011025_2	0.07586265491712006	0.05909514480718048	0.052345402844487715	0.04525090833747844	0.039261901327946915	0.0470345041452647	0.0425014355666897	0.037612217665473666	0.03724752075908926	0.03751876408321266	0.03514253580255173	0.03144314155841484	0.03144086220274994	0.03174857521751179	0.008926069870474968	0.0030396933489382706	0.005486472107810933	0.004699015023812688	0.001944768161921945	1.2558564725934956e-05	5.3109315726898465e-05	0.0006593308774305612	0.003134940306517002	5.15056615709941e-06	0.00011748589514489308	8.902799158376466e-05	0.0010837179994215252	0.002736351601601489	0.00013086018488908373	1.889736084478053e-05	0.0004600268310649219	0.0005008487006291825	0.0011601246783061853	0.00020017232470903132	0.002490602697352998	0.01621949172472845	0.03576204374861619	0.06089349985044524
SRR17011026_1	0.05330076299115757	0.030733967656332052	0.029288503072117857	0.028897394856430274	0.02901636313496642	0.03694411179591896	0.0300484129512675	0.029312296727825086	0.029046105204600454	0.02954993586420104	0.02907227822587841	0.028840290082732922	0.028976211340960466	0.029074657591449133	0.005841919873600323	0.0023800989304576994	0.01773017964553053	0.011202007833295379	0.0012171722001443274	0.0004790464301959029	5.0069606289810706e-05	4.264066022937616e-05	6.773857318829508e-05	0.0004044718539612371	0.0011675087206124374	0.0006617303482487343	0.00028583751038118767	0.00037876546505454065	0.0006035124288908043	0.0007374078796451442	0.0005357220749904827	0.0005606797317937039	0.00014745980042306709	3.0551089892674155e-05	8.465054651222058e-05	0.00015478252944054654	3.332979420296371e-05	3.311631602407063e-05
SRR17011026_2	0.048641667782985676	0.04115112754565348	0.04085965526323992	0.041167485683952204	0.0414069093445062	0.04163592328068828	0.04230065853700901	0.04247762385133153	0.041970521564071196	0.04369110029240023	0.044078639459731735	0.0432613273861884	0.041405422241024496	0.0413051914663578	0.00946196801085358	0.0011495142599803718	0.0006433886413352758	0.0002296187227568442	0.00030983973908919914	0.00046880999503147837	0.0011583857150533287	0.0027688639544815354	0.007652224105097113	0.015059499670399889	0.02129339585947196	0.03218142272860769	0.038776621537470156	0.0381252073106473	0.028606810650600854	0.018870868726674195	0.014829382589303892	0.02747691368859369	0.04534463195453017	0.04061814790052186	0.03558345222279061	0.02660922125796758	0.01960196837440949	0.01752409760956405
SRR17011027_1	0.01786947025475745	0.01789369675998353	0.017859779652667017	0.01805601434499827	0.01795668567357134	0.027315384642406487	0.02062886920000809	0.01798575747984264	0.019148629730694533	0.018786201212512357	0.017858326062353453	0.01786704760423484	0.01898001325432101	0.021810153594831808	0.004379532464143384	4.0714958549748687e-05	3.781170735390589e-05	5.430229284498299e-05	4.752290771451872e-05	2.2311414310513005e-05	3.881257958398154e-06	4.853293338572431e-06	6.3127122130503865e-06	0.0	0.0	0.0	0.0	0.0	0.0	1.9998447220565557e-06	0.0	1.5450548580225141e-06	0.00011137968325299286	1.8827390425408062e-05	0.0	0.0	5.927620048517452e-07	1.4802741534344497e-05
SRR17011027_2	0.06578222964037812	0.048680739601287444	0.04181494802021605	0.03492977523496379	0.028865880976875678	0.03643424120950343	0.03200321340365318	0.02716033500895957	0.026714567312799673	0.027046470434396987	0.024659190609418947	0.02085466022871517	0.02085562928892421	0.021148770002159794	0.006828998617858368	0.003084279724830674	0.005495554527363718	0.00470029076442806	0.0019771552968921515	1.746207467782351e-05	5.870750688184194e-05	0.0006659158707904215	0.0031444457105863338	3.888050657567539e-06	0.0001231129515637688	8.142619253693254e-05	0.0011208455286847096	0.002801804058916206	0.00012083136974103995	1.6498187509120248e-05	0.00045770832771746143	0.0005046028117828011	0.0011444026724339099	0.00020376693228609246	0.0024768748588571967	0.015971384596905745	0.03519608230792306	0.060009242096681216
SRR17011028_1	0.022876771585315002	0.022903567631188927	0.022858437448664417	0.02305588199720915	0.022955749404732894	0.03248385919022011	0.02594139304237002	0.02302767563313133	0.024043104739932812	0.02378755508138777	0.022859847766868308	0.022872822694344104	0.02397315295701982	0.02686853622960793	0.0053929714400561745	4.853759266888201e-05	3.75386514749193e-05	5.9848999168336055e-05	5.054509810419512e-05	1.9489331662715354e-05	5.368398400667092e-06	6.501411490354964e-06	5.657294053175537e-06	0.0	0.0	0.0	0.0	0.0	0.0	1.4592565715248407e-06	2.959494312864078e-07	2.712099516694826e-06	0.00010681546937827822	2.272444020613996e-05	0.0	3.3500361108767484e-07	1.39456638654953e-06	1.5344673032090075e-05
SRR17011028_2	0.07139735907197903	0.05422673493960679	0.04779145297525241	0.040596009499000815	0.03458100235940594	0.042089536476921326	0.03777537309121893	0.03294503324289245	0.03250501396327847	0.03286013208701821	0.030483181786180414	0.026770660146257896	0.026772916655384123	0.02705949331441476	0.007971665134696623	0.003047029249770601	0.005425108801869548	0.0046631770450221485	0.0019555787450012832	1.355872001140921e-05	5.764397820500398e-05	0.0006747898778668767	0.0030911419075384376	3.6807073363649112e-06	0.0001187870028069709	8.238735626357362e-05	0.001112655436439309	0.002747512400066258	0.00011955868187454254	1.313268002958495e-05	0.0004553916736346179	0.000504887342613496	0.0012186776424571784	0.0002122472229792531	0.0024694096648712094	0.01625239968003017	0.03581741997067824	0.061186170955076224
SRR17011029_1	0.030372326293459918	0.030393588661513638	0.030354929810506876	0.03049216873158087	0.030434180455070733	0.039491949245954276	0.03317702593400026	0.030515364042184925	0.031528225938562006	0.03121663559944753	0.030352223690936406	0.030370006762399513	0.03143931058124646	0.0342045781937599	0.0068282554346834065	4.525961682140736e-05	3.869285266863676e-05	6.618393036753853e-05	4.607252942003954e-05	1.7041766006606535e-05	6.974657573955413e-06	4.264644152198978e-06	6.984534161527317e-06	0.0	0.0	0.0	0.0	0.0	0.0	2.0126784249487107e-06	4.091078284889887e-07	2.088462327048848e-06	9.888046975671275e-05	2.0712906603005356e-05	0.0	9.443497479372345e-07	4.937062792541645e-07	1.86790903787321e-05
SRR17011029_2	0.0751334769316354	0.05914417615524003	0.052753868083822826	0.0457102254303914	0.039503546901256306	0.047273975953614794	0.04290939167495174	0.03798811994179137	0.03761119614447547	0.037857453025388524	0.0355201388935199	0.031731184906347486	0.031731958083367616	0.03204316183397203	0.008988927631993705	0.0029821346344853397	0.005388422955867353	0.0046855406016781415	0.0019927334415601435	1.7041593405405304e-05	5.618397612697132e-05	0.0006784577532517927	0.0030436593651138426	2.7190524807504487e-06	0.00012333199315161175	7.371603027351209e-05	0.0011031625968151472	0.002650119853108498	0.0001228231450812389	1.8507628075823952e-05	0.00042024281515396574	0.0005015032204392285	0.001158247065296841	0.00018955036375594388	0.002453429766306796	0.015684007338758032	0.034816808229833095	0.05984487097775152
SRR17011030_1	0.023798703815165235	0.0238192518239851	0.023778155806345375	0.023926101469848384	0.023870621846034758	0.033530240792252315	0.02660556181995851	0.02392815627073037	0.024961721114369475	0.024665829787363452	0.023777744846168975	0.023788429810755306	0.024875419477326053	0.02757830455749082	0.005535415943490087	3.864942336622761e-05	3.3311198247722404e-05	5.84126325956476e-05	4.855481769789199e-05	1.7700606791208273e-05	6.5892813774207436e-06	4.120852403264638e-06	6.187635798495961e-06	0.0	0.0	0.0	0.0	0.0	0.0	2.1362311976032954e-06	0.0	3.5356130167606134e-06	0.00011388226788781658	2.5985423884814188e-05	0.0	4.936345479497693e-07	1.5416345464967746e-06	2.2559266981093434e-05
SRR17011030_2	0.07332762427456282	0.05679469637810111	0.05037960802453991	0.043052188079376795	0.03695353906164148	0.04445150748000946	0.0399186167343477	0.0349562726043508	0.03457613444118334	0.03495462876364522	0.032548867891015666	0.028847349582205552	0.028846116701676364	0.029129268263214075	0.008464661446428982	0.003028035044365709	0.005479941313135256	0.004676707553945326	0.0019839235199910995	1.6055418760643198e-05	5.807324250063152e-05	0.0006907194778470665	0.003162991284133496	2.064969234973254e-06	0.00011251153455222401	7.588127989792401e-05	0.001074835608223037	0.002654002082508084	0.00011570338161163907	1.537605427357632e-05	0.000458136173145376	0.0005272695323421301	0.0012048710122606664	0.00022287864797901333	0.0023528779683419697	0.015966152269587364	0.0355125319798384	0.06058372215871549
SRR17011031_1	0.022315373237562473	0.022337525239783655	0.02229875923589659	0.022457976751861328	0.022392905245336606	0.03194595620322103	0.025110679017847783	0.022470437253110744	0.02347143085348037	0.02322139012840879	0.022296820935702233	0.02230762003678506	0.02343515694984319	0.026218556028934612	0.005279535668078501	4.321624384249209e-05	4.04536002345134e-05	7.067108293127699e-05	5.294744716378406e-05	1.830161196272332e-05	5.5479637989481274e-06	3.0528178309250298e-06	8.33205892177664e-06	0.0	0.0	0.0	0.0	0.0	0.0	1.7171074467650257e-06	2.9002773816586987e-07	3.246125617754673e-06	0.000118964851349774	2.251950949941703e-05	0.0	1.6332000885952253e-06	3.3943810156641757e-07	2.1334972541943675e-05
SRR17011031_2	0.07291469981115695	0.055789817594045006	0.04923282493657535	0.04205003821635733	0.035976236107337196	0.043545298366287066	0.03901936741247197	0.03405454991464972	0.0336350463725861	0.03398587870776406	0.03168096287665015	0.02795139640268652	0.027953057802853107	0.02826318583394964	0.008305836505246347	0.0030256746404594094	0.005500865146896404	0.004648477030898231	0.00201392797543691	1.6362810568640613e-05	5.853998389240438e-05	0.0007005988254654993	0.003152022316906907	1.6681877155918888e-06	0.00011386324735576131	8.396837789943366e-05	0.001133013123709485	0.0027126803264303856	0.00012580839366344037	1.5454757528162646e-05	0.0004634330594972733	0.0004953570426319524	0.0012023652408816538	0.00020807395117149858	0.002450560969209811	0.015996678557417977	0.03539053123340245	0.06072887361139918
