Sample	1	2	3	4	5	6	7	8	9	12	17	22	27	32	37	42	47	52	57	62	67	72	77	82	87	92	97	102	107	112	117	122	127	132	137	140
SRR17010968_1 - illumina_universal_adapter	2.1007894934979724e-05	0.00014285368555786213	0.0003193200030116918	0.0013108926439427348	0.0013865210657086618	0.0013991258026696497	0.0014915605403835604	0.0016722284368243861	0.0017352521216293254	0.0021428052833679318	0.002224315915715653	0.0025133845500209745	0.0030142127652708914	0.0037856226672833464	0.005019206257865356	0.006450264060836175	0.008057788181260824	0.010351850308160609	0.01276523727829108	0.0150214851943079	0.01804998332813458	0.02083899145970249	0.024778391917909884	0.029587519226425447	0.0357495549687537	0.04461656726290995	0.0578179284400512	0.07639142850996547	0.10032950463047616	0.1309993506039518	0.16500104871411514	0.2002884299942993	0.2304204738574394	0.2511594677372514	0.2639557967000462	0.2649431677619903
SRR17010968_2 - illumina_universal_adapter	0.0	2.1007894934979724e-05	2.520947392197567e-05	5.041894784395134e-05	6.302368480493918e-05	6.302368480493918e-05	6.302368480493918e-05	7.562842176592701e-05	7.562842176592701e-05	0.00011596358004108808	0.00018823073861741835	0.00028990895010272015	0.0009453552720740877	0.0026032983403426876	0.00472425541297824	0.007602337019070463	0.010408991782383754	0.013392112863150873	0.016584472577470394	0.01984237692398705	0.02339607243118822	0.027219509309354527	0.03239333367394134	0.038087313517118235	0.04481320115950135	0.05417095787933872	0.06826725538071013	0.08792896440825633	0.11332666906884943	0.14585949516515903	0.18369891552204448	0.22465590748728098	0.2590559152854116	0.2835149872003098	0.3035044193888417	0.30563125867205904
SRR17010969_1 - illumina_universal_adapter	0.0	7.553449784309143e-05	0.00015106899568618286	0.0008644503642042686	0.0008896285301519658	0.0009651630279950572	0.00120435560449818	0.00129247918531512	0.0013344427952279487	0.001621473887031696	0.001733936361598077	0.0020503419803408044	0.0028409363910984944	0.004360858342141146	0.006177882651366623	0.008103173074167197	0.010125819071965534	0.012458156510920547	0.015066614503101969	0.01725543639615511	0.019988945945876763	0.02291297028460266	0.0266787846381799	0.031554116837852315	0.03880375008639258	0.04905126362710532	0.0644191768493814	0.08706693711933497	0.11718254140937553	0.15553140596431306	0.2013774890662765	0.2501895601168787	0.2928984437417591	0.3232750616854575	0.341732335869516	0.3432875072528854
SRR17010969_2 - illumina_universal_adapter	0.0	0.0	0.0	4.196360991282857e-06	4.196360991282857e-06	8.392721982565714e-06	8.392721982565714e-06	3.357088793026286e-05	3.357088793026286e-05	4.364215430934172e-05	8.2248675429144e-05	0.0003566906842590429	0.001729740000606794	0.00445989246153542	0.007272293597893191	0.010250870629505764	0.01343674789408771	0.016693963295521464	0.02002419537820354	0.023231893719940153	0.0265260370980972	0.030159246444349898	0.03453856877485269	0.03941474024672337	0.045616961791839425	0.054244679989916986	0.06645776901894662	0.08406905682716251	0.10769205139149023	0.13864357079099432	0.17454259979922093	0.21628632039610624	0.25173885659486034	0.27795184516300786	0.2988975614148971	0.3009462248508414
SRR17010970_1 - illumina_universal_adapter	0.0	1.4948810191309492e-05	9.567238522438074e-05	0.0003438226344001183	0.00036475096866795157	0.000382689540897523	0.00042753597147145145	0.00045145406777754665	0.0004634131159305942	0.0005662609300468035	0.0005830035974610702	0.0007097695078833747	0.0011737805762216213	0.0022345481473969426	0.0037461718339421588	0.005836613451094878	0.008008974548095973	0.010550272280618587	0.013080806869803457	0.015516267026171602	0.01831827200843065	0.02097676841285313	0.02398626288056756	0.02740356089030091	0.03180329470580711	0.03768176482543766	0.04592334286011042	0.05817598564531532	0.0752068661200704	0.097796312176362	0.12563159470498791	0.15783133185706857	0.18899182772464937	0.21189938446181206	0.22847342929712067	0.23006517860629133
SRR17010970_2 - illumina_universal_adapter	0.0	0.0	2.092833426783329e-05	2.092833426783329e-05	3.886690649740468e-05	4.484643057392847e-05	4.783619261219037e-05	4.783619261219037e-05	7.175428891828555e-05	7.175428891828555e-05	9.029081355550931e-05	0.00030435777549506123	0.0016312141680756918	0.0047585052600976376	0.008617092146678444	0.013809112902324056	0.018583762877428307	0.023390104330138134	0.028253251261574942	0.033015344236118495	0.03785636692847215	0.04220587274173557	0.046562553983890795	0.051376668817900116	0.05716843583842106	0.0642751002033696	0.07443012594252996	0.08901777287961742	0.10888294776664478	0.1355516251479409	0.16797260469085293	0.20717795225098884	0.24354422177959126	0.26892969329406535	0.2900619293329082	0.2921356282826466
SRR17010971_1 - illumina_universal_adapter	1.673778351623387e-05	7.412446985760714e-05	0.00023911119308905526	0.0010281781302829377	0.0011238226075185598	0.0011477337268274654	0.0012696804353028834	0.001401191591501864	0.001501618292599267	0.001685255688891662	0.0017158619216070606	0.002197431864488418	0.0029415458973815582	0.004242310787786019	0.005957694487006901	0.008136475678434374	0.01042476979629663	0.013159723622849243	0.01586933166293442	0.018309222277215143	0.02127563573867796	0.02403210957260859	0.026966482134197473	0.030388163307301857	0.03514695427216023	0.04153696179627216	0.051310870924980365	0.06518027656891794	0.0841833995284775	0.10967408737892934	0.14045295837573873	0.17540479791433827	0.2084662243603758	0.2328048744825245	0.24878419729427986	0.25023225467962723
SRR17010971_2 - illumina_universal_adapter	2.391111930890553e-06	7.173335792671658e-06	1.673778351623387e-05	7.412446985760714e-05	7.412446985760714e-05	9.325336530473156e-05	9.325336530473156e-05	9.325336530473156e-05	0.00012194670847541818	0.00017072539186558543	0.00022380807673135573	0.00040601080586521586	0.0018033766182776547	0.005006510160898639	0.008717515877640776	0.01351791219009665	0.017992639057565228	0.02243962902663548	0.026882314994230126	0.030988332401955386	0.03504844046060754	0.03879100885483743	0.04293767516538784	0.04710729615047478	0.05216832366339772	0.05862623876634693	0.06749343825086146	0.08025862840511377	0.09758462545634669	0.1206904182669283	0.14900883508685128	0.18234763051687208	0.2131504126329904	0.23545613939149596	0.25378496878654444	0.25566007876274877
SRR17010972_1 - illumina_universal_adapter	2.4581661903232223e-06	0.00019173696284521135	0.0003048126076000796	0.0013102025794422775	0.0014773578803842567	0.0015338957027616908	0.001637138682755266	0.0017846286541746594	0.001890329800358558	0.002063384700157313	0.002100748826250226	0.0025235534109858205	0.0036198955318699775	0.005526449229084668	0.007988056852074344	0.01089655908846478	0.013756881267524881	0.01722142069616643	0.02065105416490539	0.02370999617214361	0.027261063050684535	0.030218728610881436	0.03360018202229006	0.03736068466024653	0.04235911979164977	0.049151032975512834	0.058948300143665054	0.07351539298752048	0.09295407958735846	0.11925203312467433	0.15149039107752532	0.18638406014916348	0.2180393410816698	0.2405536852188402	0.25535332058430027	0.25679478923830573
SRR17010972_2 - illumina_universal_adapter	0.0	7.374498570969667e-06	2.2123495712909002e-05	5.407965618711089e-05	5.407965618711089e-05	5.899598856775734e-05	6.882865332905023e-05	6.882865332905023e-05	6.882865332905023e-05	8.898561608970065e-05	0.0001646971347516559	0.0005270308312052989	0.0024930721502258125	0.006503324473119116	0.010862144761800255	0.015920067515009316	0.02068055215918927	0.02568292035649703	0.030546647980670562	0.03510851279667239	0.03954304460401549	0.043627041912618486	0.04813089400652869	0.0530128120605106	0.058821458768244385	0.06602241080617724	0.0761933192352586	0.09090888531700955	0.11067598291987471	0.13701818344861644	0.16912380042718994	0.20657887866914487	0.23990571261107102	0.2641447061473722	0.28370875922291666	0.28558974799175196
SRR17010973_1 - illumina_universal_adapter	0.0	3.523694535775562e-05	5.285541803663343e-05	0.00022512492867454977	0.0002290401448254115	0.0002427434013534276	0.00028189556286204495	0.0003014716436163536	0.00032300533244609313	0.000374686185637468	0.0003946537880068629	0.0005579183014977972	0.001281841767792132	0.002547631149365731	0.004245268872379379	0.006257298452307225	0.008354679744323856	0.010843974173041747	0.013245959281595424	0.015550455507992639	0.018129016864950175	0.020491458290380148	0.02326930414941655	0.026275798631663273	0.0295853308439867	0.0332041651322282	0.037561017664907145	0.04331403627698338	0.05153324954248741	0.061591831355666295	0.07380025835728336	0.08756185160594727	0.10102941212168148	0.11143879730197756	0.11873127890457265	0.1193808132640006
SRR17010973_2 - illumina_universal_adapter	0.0	9.788040377154338e-06	1.1745648452585206e-05	1.5660864603446942e-05	1.5660864603446942e-05	1.5660864603446942e-05	1.5660864603446942e-05	2.1533688829739544e-05	3.1321729206893884e-05	4.619955058016848e-05	9.357366600559547e-05	0.00045455659511504747	0.00239219706817652	0.005683327764590895	0.00948500264707764	0.014010600995858718	0.018124318605569144	0.022455722233267483	0.026742100875230906	0.03127239748339303	0.035562691341507316	0.03940195229904233	0.04340917602944932	0.04747904321827009	0.051880137693453766	0.05652162644030036	0.06195242276316067	0.06878564951125965	0.07784350207627828	0.08885857119511267	0.10164997388159307	0.11728382349359905	0.13184921061803487	0.14282825974828137	0.151817987552275	0.15269147227553223
SRR17010974_1 - illumina_universal_adapter	1.9944042335617546e-05	0.00011966425401370528	0.00024597652213928305	0.0012664466883117141	0.0012830667235913956	0.0013462228576541844	0.0014858311540035072	0.00157225533745785	0.0016320874644647025	0.0018780639866039857	0.0019405553192555873	0.0023248105349218187	0.002984293534819572	0.004282650690868275	0.006149413053482077	0.008181046166070318	0.010343645156662447	0.01300617480846739	0.015672693268739456	0.018374446203804445	0.02165856517506947	0.024635545894365986	0.0284621428171598	0.03287177057756484	0.03905774770866221	0.04755723375069122	0.06006813150782412	0.07874905116218588	0.10462179248277133	0.13812246519531932	0.17917195793189852	0.22433657140372687	0.26378588714357837	0.2918026130152427	0.30946705131189917	0.31116694852030496
SRR17010974_2 - illumina_universal_adapter	0.0	9.972021167808773e-06	1.9944042335617546e-05	9.307219756621521e-05	9.307219756621521e-05	0.00010304421873402399	0.00011634024695776903	0.00013296028223745032	0.0001662003527968129	0.00027256857858677316	0.00042414330033746647	0.0006933878718683034	0.0020256498998875556	0.004882301563759175	0.008002879387872133	0.011911246884241984	0.015458627214337158	0.019253313669393993	0.02298550879179922	0.026740971963596004	0.030612110580939367	0.034239267080377014	0.038546515423459216	0.043250650209020206	0.048987221586155004	0.056650387452910456	0.06795068184027135	0.08385605560292635	0.10566021228704583	0.13396346756693187	0.16918996474292194	0.2092216465189735	0.24454453989958572	0.27027368411535474	0.2909450191948112	0.2928450216279843
SRR17010975_1 - illumina_universal_adapter	1.301159518546256e-05	0.00011059855907643177	0.0002569790049128856	0.0007319022291822691	0.0008067189014986788	0.0008099718002950445	0.0008945471690005511	0.0009628580437242296	0.000985628335298789	0.0011346111001723353	0.0011847057416363661	0.0013811808289368509	0.0017598182488338114	0.002539212800443019	0.0037154610052088344	0.005135676619702072	0.006615094992289165	0.008648807319776965	0.010543295578780315	0.012515853408896438	0.014870301557705889	0.01736462435475906	0.020674123590181465	0.024597770118357697	0.030073699952159617	0.038504563052580085	0.05167880317786093	0.07034068357261061	0.09548429010899846	0.12704326365157864	0.16390055875367915	0.20484739822257056	0.2402278772711211	0.2653610745313606	0.2809196894743774	0.28231583363777757
SRR17010975_2 - illumina_universal_adapter	0.0	6.50579759273128e-06	1.9517392778193843e-05	4.8793481945484604e-05	4.8793481945484604e-05	4.8793481945484604e-05	5.5299279538215885e-05	5.5299279538215885e-05	5.855217833458152e-05	7.611783183495598e-05	9.95387031687886e-05	0.00018476465163356836	0.000925124417686388	0.0025782475859994066	0.004730365429674914	0.007714574785460752	0.010417083105481327	0.013167734327688113	0.016032237007767694	0.019041168394405915	0.022051400940562675	0.024965347682347018	0.028310628804529437	0.03214774822472234	0.03739337282374158	0.04407677869075442	0.05411132089778316	0.0680747142710623	0.08701829570157724	0.11123872955955653	0.1405388901779404	0.17491747639721028	0.20507770345735327	0.22664182015822032	0.24641879426036417	0.2485409854351131
SRR17010976_1 - illumina_universal_adapter	8.132542441773639e-06	0.00017891593371902007	0.0003361450875933104	0.0014557250970774814	0.001512652894169897	0.0015451830639369914	0.0017376532350589675	0.001884038999010893	0.0019382559486227173	0.0021637984590079065	0.0022554251038518895	0.002724401717994169	0.003314824299266935	0.0042083196288697985	0.005491092656685561	0.006960371991165999	0.008593928682970264	0.010984353991355594	0.013136766890945017	0.015226830298480843	0.017956111541940076	0.02007762078025076	0.02297876975397948	0.026589076428630853	0.031131914636605605	0.037654213674908066	0.047104770161745156	0.06145599672399503	0.08072090542956456	0.10546281038492056	0.13585791667630148	0.16887061729494124	0.19832722818854148	0.21915521155141987	0.23215047220387808	0.23331451011204393
SRR17010976_2 - illumina_universal_adapter	2.710847480591213e-06	4.337355968945941e-05	7.590372945655397e-05	0.0001246989841071958	0.00013012067906837822	0.00015722915387429037	0.00017349423875783764	0.00018975932364138492	0.00018975932364138492	0.0002624100361212294	0.00031662698573305364	0.0004256030544528205	0.0011233751959569987	0.002909823685666608	0.004952176177544028	0.007525854775617326	0.010053991136016691	0.012952971431760935	0.01585683125297024	0.01885936592247307	0.021897141609223583	0.02480100143043289	0.02822046444245065	0.03188553023620997	0.036632224174725184	0.043074282127602136	0.05270754973463108	0.06648841398696456	0.08510543014467278	0.10987390140533856	0.1400136458640478	0.17441592690123867	0.20475681624300773	0.22739401921443272	0.2470801936184861	0.24928411262020678
SRR17010977_1 - illumina_universal_adapter	0.0	7.551206219745745e-05	0.00017089571971003526	0.0006199937738317558	0.000683582878840141	0.0007511463029115504	0.0008703758748022727	0.0009617852132518264	0.0010015284038820671	0.0011692446683416833	0.0012066032675341093	0.0014108832673735468	0.0018631607767456866	0.0026381529940353817	0.0037247318258661643	0.005223050112626241	0.006724547854636736	0.008579759993256376	0.010616995944962517	0.01277982037906022	0.015489511116230033	0.018314457106227547	0.022158418503984433	0.027291649005786327	0.033656123553313086	0.04287813350715415	0.056572842134522516	0.07657956429778572	0.10230851104799096	0.13557117701406468	0.17293534025317925	0.21218651018341764	0.24619793786096503	0.27059707745268247	0.28501908646858426	0.28627815074775026
SRR17010977_2 - illumina_universal_adapter	0.0	0.0	1.987159531512038e-05	2.7820233441168534e-05	3.974319063024076e-05	5.1666147819312986e-05	5.1666147819312986e-05	5.1666147819312986e-05	5.564046688233707e-05	9.697338513778745e-05	0.0001621522177713823	0.0003084071592906683	0.0010675021003282666	0.0026739218656025984	0.00466823517142808	0.007307183029276067	0.010022437813134116	0.013020664114279476	0.016115068936750025	0.019050500996699603	0.022180674690737368	0.025497641380737263	0.0296643174864117	0.034364347210343975	0.04018751950148685	0.04820849023448205	0.05999950003066188	0.07625923418130597	0.09817045003957031	0.12621245048445556	0.15869694477798918	0.19423371611192525	0.22459989834486702	0.24642924323043305	0.264117347652328	0.266096558545714
SRR17010978_1 - illumina_universal_adapter	0.0	4.818490528117951e-05	0.0001270329321049278	0.0004687077150078371	0.0004862294987464478	0.0004993708365504058	0.000551936187766238	0.0006439255523939443	0.0006964909036097765	0.0007867280898636219	0.0008086303195368853	0.0009225219138378549	0.0013080011560872911	0.002058809589286761	0.0029664379869467966	0.00424640428905231	0.005590325101803754	0.007308335997374536	0.009167397252041135	0.01105536944987644	0.013389271043859391	0.015554087424764745	0.017969465313132236	0.0207168810033464	0.024676804128272424	0.030850604628571913	0.0408056060596636	0.055733289715773	0.07576068852900507	0.101742865545804	0.13254265700153395	0.16574030456189276	0.19463109767930106	0.21628539411266315	0.2300207203853601	0.23128754534966164
SRR17010978_2 - illumina_universal_adapter	1.3141337803958048e-05	1.3141337803958048e-05	2.6282675607916095e-05	3.504356747722146e-05	3.9424013411874144e-05	3.9424013411874144e-05	3.9424013411874144e-05	3.9424013411874144e-05	5.256535121583219e-05	6.307842145899864e-05	7.797193763681775e-05	0.00013316555641344156	0.0007350388278347202	0.0025117476989298484	0.00434540236717546	0.00703850052779993	0.009458258862102073	0.012069880728342003	0.014703404824255195	0.017720655984043963	0.020770322443749163	0.023123497999844582	0.02588580720623656	0.028813697268958417	0.032750842075024246	0.038194860282610606	0.046664014452668094	0.0586191274975222	0.07510362163880718	0.09693751635549001	0.12344184252769952	0.15474363308754066	0.18269701077493333	0.20332891112714746	0.22158660978277983	0.22357796050467293
SRR17010979_1 - illumina_universal_adapter	6.70677317022461e-06	0.00012239861035659913	0.0002548573804685352	0.0007846924609162793	0.0008366699529855201	0.0008634970456664185	0.0009423016304165577	0.0010177528285815844	0.00105464008101782	0.0012176146690542778	0.001265568097221384	0.0014791788226930377	0.002164946379348504	0.0033161639940175584	0.004945239197065116	0.006941845569840982	0.009119534818212913	0.011578573201075767	0.01398060401199171	0.01632629792827777	0.019186066008061543	0.021944897151633436	0.026081970181686488	0.030469541189647426	0.03456972696726424	0.03928626519922469	0.04542598069790682	0.054051897010791196	0.06618646170767858	0.08115799145557098	0.09820694419294046	0.1164882665003387	0.13371193067879253	0.14633676049442332	0.154867105289632	0.15565414512115786
SRR17010979_2 - illumina_universal_adapter	5.030079877668457e-06	1.6766932925561525e-05	1.6766932925561525e-05	3.8563945728791507e-05	3.8563945728791507e-05	4.6947412191572266e-05	5.0300798776684576e-05	5.365418536179688e-05	5.8684265239465336e-05	8.618203523738625e-05	0.0001488903643789863	0.00044700643179547027	0.0021076034687430834	0.004936855730602335	0.008325117536199808	0.012315312233824939	0.016256882825965942	0.020324540753707168	0.024381803183034546	0.028597010120520718	0.032961778099702896	0.03692279833403754	0.041844899163665385	0.04683172035438589	0.05175482719998927	0.05714640215153284	0.0640607499513759	0.07313199600276318	0.0857866709590015	0.10112707323125625	0.11803585440936804	0.1370948270658538	0.15501733700864503	0.16813310262033626	0.17882235769904026	0.1798622428790836
SRR17010980_1 - illumina_universal_adapter	0.0	0.00011802514095679357	0.00024869583273038644	0.0010074288817383452	0.0010369351669775435	0.00110016292106154	0.0012013273275959346	0.0012434791636519323	0.0012982765505247292	0.001562147044235275	0.00165403804683735	0.001996310955612051	0.0024616672256702657	0.0029438842301508796	0.0036764831408041196	0.0046527196638610265	0.005800092641305284	0.0073386346573491995	0.009021335952704627	0.010702351174617816	0.013099947609482965	0.015622313479073868	0.019193417029737998	0.02405436676371565	0.030753979586455926	0.04089149615792337	0.055954033254173585	0.07741859121060873	0.10548075454652865	0.1400806676547338	0.18074791604483925	0.2229646659283632	0.2584531397406288	0.2830419917855345	0.29754981071928777	0.29888180873865733
SRR17010980_2 - illumina_universal_adapter	0.0	3.372146884479816e-05	5.9012570478396785e-05	0.00018968326225198966	0.00018968326225198966	0.00018968326225198966	0.00023183509830798735	0.00023183509830798735	0.00023183509830798735	0.00039538422220525846	0.0005606194195447694	0.0006179459165809262	0.0010470516076309829	0.00219863976868084	0.0033831063618543758	0.004896357276264693	0.006562197837197722	0.008530688581012816	0.010675373999541979	0.012643021706635948	0.014920906927102065	0.017331148912784013	0.020742075486435346	0.02497496286317864	0.03059380260944313	0.03851244653092286	0.05006120657354511	0.06686967271923476	0.08903816633780506	0.11687102368558036	0.14996358713642302	0.18642829747174552	0.2176408890344907	0.24001761272317762	0.2595617330289015	0.26175025635692895
SRR17010981_1 - illumina_universal_adapter	0.0	6.123635215213527e-05	0.00015104966864193365	0.0010451004100631084	0.0010900070683080077	0.001134913726552907	0.001408436099499111	0.0015145791098961456	0.001583980309001899	0.0016893068347035717	0.00172033325312732	0.0021302085701989455	0.0026911335559125045	0.003541094123784142	0.004655595732953004	0.006589031491569755	0.008473478168464797	0.01050325912113424	0.012555901645273815	0.014544041878479805	0.01679427369889694	0.019140034228671398	0.021551113534074802	0.02447086280468861	0.028381008010776292	0.03370448822453525	0.04195751552525236	0.054828580262935835	0.07157141542602499	0.0930131200109213	0.11687651820226072	0.14510402709030903	0.17258363599740584	0.19240298549261828	0.20496623550015033	0.2061215613440873
SRR17010981_2 - illumina_universal_adapter	8.164846953618035e-06	2.0412117384045088e-05	4.0824234768090175e-05	4.898908172170821e-05	7.348362258256231e-05	8.981331648979839e-05	8.981331648979839e-05	0.0001143078573506525	0.0001143078573506525	0.0002914850362441639	0.00046621276105158983	0.0008026044555406529	0.002306569264397095	0.0050401600244684135	0.00815749859135978	0.0118872006797725	0.015556482900728443	0.018967755957950062	0.022245942009827702	0.02589154617461815	0.029226886155171116	0.032624278972571585	0.0363670448161101	0.04076789732411022	0.04605300275718717	0.05242321635039996	0.06177114962759724	0.07579672372452231	0.09429581746733469	0.11809634633713126	0.14432836662971532	0.1743594902098178	0.2037962129316969	0.2240417674378882	0.24117978119353242	0.24294093868142783
SRR17010982_1 - illumina_universal_adapter	4.081830580193031e-06	4.8981966962316374e-05	0.00019184603726907248	0.0005632926200666383	0.0005877836035477965	0.0005877836035477965	0.0007551386573357109	0.0008326934383593784	0.0008612662524207296	0.0009347392028642041	0.0009878030004067135	0.0012514892558871833	0.0018833566297010648	0.002810748537520921	0.00401243946032975	0.005641906227942807	0.00738076605510504	0.009450254159262907	0.011307487073250735	0.013113288921928132	0.015347682981525798	0.01733471810796377	0.01997974432392885	0.023219901438486075	0.027825022699059853	0.03405879436113065	0.04365844351962862	0.05775953544196348	0.07675882406052996	0.10218209764620423	0.1324815260429771	0.16711259305145082	0.19857615952969476	0.22191769951947057	0.23752417055978065	0.23896260765624064
SRR17010982_2 - illumina_universal_adapter	0.0	1.2245491740579094e-05	1.6327322320772125e-05	2.857281406135122e-05	2.857281406135122e-05	5.714562812270244e-05	5.714562812270244e-05	5.714562812270244e-05	7.347295044347456e-05	7.510568267555177e-05	8.571844218405366e-05	0.00021633702075023065	0.0014710917411015685	0.004052441400015641	0.007068914198778292	0.011096048249196735	0.014798268585431814	0.018440894195196074	0.022115358083485845	0.025755534594901992	0.02953530971216074	0.03301384573260123	0.036947097679675245	0.04148772601708197	0.04738270574099675	0.055122672887158775	0.06598524042716845	0.08197295444366853	0.10365400575342183	0.1320431374386644	0.16606682805680537	0.20544996222673984	0.24097005193557958	0.26647577849897375	0.28705391918595885	0.2891854511149357
SRR17010983_1 - illumina_universal_adapter	5.179269806861403e-06	8.286831690978245e-05	0.0001501988243989807	0.0009995990727242508	0.0011083637386683403	0.0011679253414472466	0.0012999967215222123	0.0014139406572731632	0.0014346577365006088	0.0015770876561892974	0.001624219011431736	0.0019442978854957709	0.0028242558256815235	0.004097838271188743	0.005700822276412347	0.007727470551837213	0.009739616871802869	0.012246901385304475	0.014598289877619552	0.016816053208917606	0.01970401405322352	0.022297792372499715	0.025337505822146673	0.02893917004583809	0.033912822841367096	0.04100427906092173	0.051263376694352804	0.06739110494593852	0.08972204464520214	0.11870368470345652	0.154462399303989	0.19373628432243833	0.229649859090196	0.2550308707787203	0.27085250418472057	0.2724270022060064
SRR17010983_2 - illumina_universal_adapter	0.0	7.768904710292106e-06	1.0358539613722807e-05	2.589634903430702e-05	2.589634903430702e-05	2.589634903430702e-05	3.1075618841168423e-05	3.1075618841168423e-05	4.920306316518333e-05	5.800782183684772e-05	7.302770427674579e-05	0.00031023826143099806	0.0017666489311204247	0.004267718320853797	0.007113209152743452	0.010523758320561686	0.01392498480272757	0.01725266565363602	0.020408394746956673	0.023592609824215065	0.026946187024157825	0.030153190888566404	0.03376521365187155	0.03785062167552382	0.0426906493100358	0.04910569289281434	0.05812901675032828	0.07097257001738319	0.08868826239175262	0.11200740677016538	0.14082227434063882	0.17374844628379882	0.20365872941842342	0.2259321792228309	0.24398711376954973	0.24569679073279468
SRR17010984_1 - illumina_universal_adapter	3.1719583197756146e-05	0.000322963028922608	0.0006401588609001694	0.0024135719215019904	0.002500079875677689	0.0025577518451281546	0.0028172757076552505	0.0029729900251715077	0.00304507998698459	0.0033582387811006186	0.0033997625991049538	0.004073947921980898	0.005368106916449349	0.00720092210558515	0.009413218853705014	0.01228066917478217	0.015218479298588893	0.018863347767858328	0.022502449040182716	0.025368745921870862	0.028935180512687658	0.031764567333927504	0.0348223351541912	0.038299378192359776	0.04263977061320183	0.048633618398188735	0.05736515457298924	0.06988862273915789	0.08691454156032437	0.10953579485757503	0.13722699098921617	0.16793385440342212	0.19706454289254688	0.21757442538821598	0.23129920067803783	0.23256510040747552
SRR17010984_2 - illumina_universal_adapter	0.0	1.4417992362616429e-05	2.5952386252709573e-05	7.208996181308215e-05	7.208996181308215e-05	7.208996181308215e-05	9.804234806579172e-05	0.000141296325153641	0.0001441799236261643	0.00022434396116231166	0.0003096984759490009	0.0006770689213484676	0.002573899996574285	0.006261445723237062	0.010259266645543347	0.015325749161766761	0.019955078149555643	0.024721089704942127	0.02913126520881924	0.03314523428257166	0.03746255791563353	0.041232574558610464	0.04540687170743518	0.04983377208245292	0.05513959327189577	0.06177936711472788	0.07108070234769899	0.08440177385136757	0.10209611079846495	0.12584888813633377	0.15494670360287174	0.18904986929801562	0.21978787557572485	0.24316578511216566	0.2624616726509025	0.264325053983847
SRR17010985_1 - illumina_universal_adapter	1.1944939847552466e-05	9.078154284139874e-05	0.00021739790522545488	0.0008050889457250362	0.0008480907291762251	0.0008576466810542671	0.0009532061998346868	0.0010200978629809807	0.0010774335742492324	0.0011739486882174563	0.0011978385679125613	0.0014859505170355266	0.0022112472645789126	0.0034009632733951385	0.005053665150702498	0.007033658379832794	0.009057131190008182	0.01126073369308466	0.0134093894728624	0.01549067579189994	0.01791932096170431	0.020311175716778214	0.02337242490090896	0.02688471501368329	0.030870980339608493	0.035169725291945675	0.04105571385122563	0.049166328007713755	0.06043327306951914	0.074445643105886	0.09162963357057496	0.11146253389585718	0.13237095660501302	0.14759024336357657	0.15829577625254704	0.15934549756634991
SRR17010985_2 - illumina_universal_adapter	0.0	2.1500891725594438e-05	2.3889879695104932e-05	9.794850674993022e-05	0.00011467142253650367	0.00012422737441454565	0.00012661636238405613	0.00016484016989622404	0.00018395207365230797	0.00026231087905225213	0.0003569148026448677	0.0007668651382128683	0.0029513557375332638	0.006633741793736737	0.011244010777298087	0.017007205354945203	0.022312192040040202	0.027840787999081386	0.03318782087243977	0.03860604558728957	0.044086383989346646	0.04896851980383829	0.054601275638350134	0.06057231216934465	0.06716066319166068	0.07435486156304458	0.08373307273615499	0.0961443430353559	0.11236652694351994	0.13326013792726482	0.15790207103517165	0.18731433532059708	0.21687853924088332	0.23757864219909783	0.25457581380457106	0.25634079811644545
SRR17010986_1 - illumina_universal_adapter	1.1241823119431292e-05	0.0001161655055674567	0.0003147710473440762	0.0011803914275402858	0.0012291059943911546	0.0012965569331077425	0.0014839206517649306	0.0016075807060786749	0.0016525479985564	0.0018736371865718821	0.0019246001180466374	0.0023083210138565586	0.0034384989647967177	0.005249181941899784	0.007556004046007087	0.010454146046196473	0.013348540772012718	0.016727832801713766	0.01972340393560489	0.02234874436142941	0.025704053835142338	0.028946945077660945	0.03312965273296402	0.037776272955662285	0.043911310559373265	0.052482076505627674	0.0651141384174953	0.08396592633390695	0.10999824140413668	0.14390357993234146	0.18390798223027502	0.2272354674423125	0.265962049179004	0.29359295149681686	0.31216069601574425	0.3136168868371479
SRR17010986_2 - illumina_universal_adapter	0.0	0.0	7.494548746287528e-06	8.618731058230657e-05	0.00010867095682116916	0.00010867095682116916	0.000127407328686888	0.0001349018774331755	0.0001349018774331755	0.0002143440941438233	0.00033875360333219634	0.0006857512102853089	0.0026995364584127676	0.00658096325411508	0.010549326815274325	0.015695833439349972	0.02033121183892881	0.024980829881125592	0.02960571591245963	0.03361679840147271	0.037908177013596944	0.04202718100455657	0.046881400227527	0.052182294555776165	0.05866133194694175	0.06681764934752646	0.07872049166638032	0.09519276035584567	0.11731891661951033	0.1459953084874303	0.1811942061292443	0.22161680424722072	0.2575898887745262	0.28500944481769375	0.30748484705293544	0.3095211159473018
SRR17010987_1 - illumina_universal_adapter	1.71661958122207e-05	0.00010585820750869433	0.00021171641501738865	0.001101497564617495	0.0012445491963860007	0.0012617153921982214	0.0013504074038946951	0.0014276552850496882	0.0015277914272876422	0.0017709792012941023	0.0018196167560953942	0.0021509243352712537	0.0030738934634416534	0.004614273434324924	0.006520293376008496	0.008656912548102899	0.0108971011015977	0.013422248505575366	0.01581636061485308	0.01831633093163949	0.02136733613399818	0.023916516212112954	0.026917167240089135	0.030373294663616233	0.03503105579399878	0.041354510124693815	0.05098875142103915	0.06498778410590512	0.08403596718567229	0.10904997551671322	0.13970479579164988	0.1736183322382731	0.2044905909934979	0.2277427754276779	0.24344240591100785	0.2449415870119418
SRR17010987_2 - illumina_universal_adapter	0.0	0.0	5.722065270740233e-06	2.861032635370117e-05	2.861032635370117e-05	3.43323916244414e-05	3.43323916244414e-05	4.8637554801291986e-05	4.8637554801291986e-05	6.122609839692051e-05	8.068112031743728e-05	0.0003450405358256361	0.0019941397468529716	0.004921548339363675	0.008154515217331907	0.012377971593665273	0.016068703693292725	0.019668454955115405	0.02354172093687947	0.02751683968046271	0.0315348739135765	0.034980129413089193	0.038752114839561154	0.04281420897525965	0.047863931576687904	0.05414561483090654	0.06313669599082067	0.07562395903115708	0.09219620446827495	0.11416035201001132	0.14074449505134337	0.17166081370915287	0.20078154828500402	0.22265528719546274	0.24021516109831037	0.2419460858427093
SRR17010988_1 - illumina_universal_adapter	1.71870593130573e-05	0.00011171588553487246	0.00016614157335955392	0.0009939849302718138	0.0010426815983254764	0.0010684621872950621	0.0011687200332878966	0.0012661133693952211	0.0013234035671054122	0.001586938476572291	0.001630479026832036	0.0019896885664749337	0.002680035448882735	0.0037576640678114283	0.005113723047611649	0.006808939997856202	0.008693787502521486	0.011038675294799603	0.013417364303726734	0.015620172405683577	0.018028079415442905	0.02028531320522443	0.02315039599271108	0.02646864424408535	0.030057875130628815	0.0348524917769947	0.04235464316714421	0.05316473057308015	0.06826470798355519	0.08859298883706226	0.11400119152153199	0.14287602406944533	0.17131086789894442	0.19238678583256952	0.20664975345449865	0.20783737925303092
SRR17010988_2 - illumina_universal_adapter	1.14580395420382e-05	2.29160790840764e-05	3.150960874060505e-05	8.020627679426741e-05	8.020627679426741e-05	8.593529656528651e-05	8.593529656528651e-05	9.16643163363056e-05	9.73933361073247e-05	0.00012317392507691066	0.00020509890780248379	0.00039644816815452176	0.0018722436611690418	0.004716701977480025	0.007940994304609575	0.011808082650047468	0.015489550754904342	0.01939674223873937	0.023417368314040572	0.027552574784762158	0.03160012725298715	0.03502665397803368	0.03895504283502148	0.043149831111361656	0.047860804069070666	0.053624770860692984	0.06151019367352367	0.07275912399391968	0.08761905547598903	0.10830081684936796	0.13434895104226052	0.1654810173799554	0.19566722255345506	0.21738650940736556	0.23540484948919776	0.23718714753996178
SRR17010989_1 - illumina_universal_adapter	0.0	2.613254043721308e-05	7.839762131163924e-05	0.00031359048524655695	0.00032479014543393403	0.00033598980562131106	0.0003807884463708192	0.00040318776674557323	0.00043678674730770437	0.0005256373847942287	0.0005375836889940977	0.0007197648280420974	0.001400704167434621	0.0029081784286555702	0.004903957874046157	0.007505265613567597	0.010090147184814217	0.01310285577521864	0.01606404592876113	0.01885724117949296	0.02200583898017089	0.024920737204938887	0.028263462448864685	0.032066120404485435	0.03667067402952238	0.04278120862775529	0.0516692589524577	0.06515364981805966	0.08330456576173537	0.10652818112628037	0.13502982301512995	0.16645980272097238	0.19530042099149322	0.21680974170335707	0.23235487004343636	0.2338377050522451
SRR17010989_2 - illumina_universal_adapter	3.7332200624590116e-06	3.7332200624590116e-06	2.239932037475407e-05	5.5998300936885175e-05	5.5998300936885175e-05	5.5998300936885175e-05	6.346474106180319e-05	7.093118118672121e-05	8.213084137409826e-05	0.00010154358569888513	0.00012020968601118015	0.00040169447872058967	0.0019920462253281285	0.005254133915904813	0.008779040298878611	0.013747956202011557	0.01844808026064745	0.023054873817721873	0.027844595157856783	0.03223710188334606	0.036880480997032575	0.04089966571627594	0.0453399576585647	0.04988552640661479	0.05528002939686806	0.06238210724369009	0.07237892392694283	0.08640985820968877	0.10516406251545787	0.13006688026409696	0.15939655036279993	0.19455676355505142	0.2262234294128537	0.24970762353775836	0.26963405894313963	0.27149469582226915
SRR17010990_1 - illumina_universal_adapter	1.775628809200996e-05	0.00015447970640048664	0.00030185689756416934	0.0009996790195801607	0.0010849092024218085	0.0011062167481322206	0.0012109788478750793	0.001312189689999536	0.001377887955939973	0.0015348535426733408	0.0015781788856178453	0.0019407622884566884	0.002675517489704061	0.004008304473890329	0.00577505513904532	0.007909716093466756	0.010139550752061367	0.01290704581408204	0.01571076370381041	0.018317031669955634	0.021222315527570305	0.023842433398427294	0.027023294847229963	0.030463753227937807	0.0345185791766292	0.03991045361864894	0.04763230818410223	0.058611731362915684	0.0735973282610484	0.09376918178509538	0.11843337619642091	0.1462326208332717	0.17182227297995278	0.1908186602323087	0.2038464488054164	0.20498569224939978
SRR17010990_2 - illumina_universal_adapter	0.0	8.87814404600498e-06	1.2429401664406971e-05	5.504449308523087e-05	5.859575070363287e-05	6.214700832203486e-05	6.214700832203486e-05	7.280078117724084e-05	7.635203879564282e-05	0.00010227621940997735	0.00016832961111225444	0.00038104994245453374	0.001981956876830152	0.005428807521251125	0.009100097647155105	0.013877249395429465	0.018329105945858203	0.02301428012181595	0.027659325086685754	0.03214989034515507	0.036766170123315824	0.04079684752020209	0.04528350639529116	0.049893393909738785	0.05530053875951766	0.06203088219791312	0.07161004449779064	0.08526463004054631	0.10357171818917041	0.12837547702489913	0.15879874591598714	0.19466076584965783	0.2264757726013976	0.25025961024912124	0.26887317193021343	0.2706040548934226
SRR17010991_1 - illumina_universal_adapter	3.2623630182704074e-06	0.00012396979469427548	0.00019574178109622444	0.0006557349666723519	0.0006850962338367855	0.000688358596855056	0.0007503434942021937	0.0008123283915493314	0.0008743132888964692	0.0009637020355970783	0.001032211658980757	0.0014008586800453129	0.0025374659556107225	0.004376133752707924	0.006604980166790267	0.009118957108669442	0.01172428021506019	0.014610166541022193	0.0175613001273496	0.020197289446112092	0.02344529806710211	0.026285511310808325	0.029855188925399807	0.03358994210871577	0.037053919161515285	0.040871536365495315	0.045586303399499706	0.052049697011297046	0.06104142196225394	0.07186724740208246	0.08407370487124302	0.09812404991833001	0.11246670269185403	0.12253696485665111	0.12956605221581657	0.13023353168935467
SRR17010991_2 - illumina_universal_adapter	0.0	3.2623630182704074e-06	6.524726036540815e-06	9.787089054811222e-06	9.787089054811222e-06	9.787089054811222e-06	9.787089054811222e-06	1.304945207308163e-05	1.304945207308163e-05	2.80563219571255e-05	9.330358232253364e-05	0.0005813530898557866	0.003585989429682832	0.008038462477018284	0.01260838059301147	0.01757956936025192	0.02235240645598152	0.026763773729286768	0.0315176891195104	0.03602235997513818	0.04059423550894233	0.04485292419299251	0.0499004522548605	0.05485402426180228	0.05944612644631971	0.06442318746699305	0.07051728158512217	0.07828366298641669	0.08861165182965716	0.10053428371622819	0.11448349550974879	0.12998624457256974	0.14439936438728843	0.15521540273806217	0.16383782819535084	0.16478521841585655
SRR17010992_1 - illumina_universal_adapter	0.0	5.233404142786644e-05	0.00011214437448828522	0.0004291391397085048	0.000442596464647099	0.0004635300812182456	0.0005338072225642376	0.0005622171307679366	0.0005846460056655936	0.0006453534937219186	0.0006498392687014501	0.0007090514984312647	0.0009497880889994502	0.001471035141621	0.002119977255326544	0.002928912009968708	0.0037847978760633004	0.0048413474095755984	0.0059149428880101145	0.007020237842966655	0.008291207420500555	0.009806801260251565	0.01176409440965377	0.014164283075368374	0.017924857766542207	0.023444753404688257	0.031998229135658744	0.044774314380694805	0.06293153529117673	0.08707995726432081	0.11707304498412903	0.150900872208106	0.18157639582813356	0.20364012864245679	0.21824760628580284	0.21957718998973594
SRR17010992_2 - illumina_universal_adapter	0.0	1.3457324938594227e-05	2.0933616571146574e-05	3.887671648927221e-05	3.887671648927221e-05	4.635300812182456e-05	4.635300812182456e-05	4.635300812182456e-05	4.784826644833503e-05	7.296860633371092e-05	9.210791291304493e-05	0.00014055428269198414	0.0007410500266185888	0.0022073003415947557	0.003937015173702066	0.006131456293688832	0.008325897413675596	0.01056998111010251	0.01301233606062471	0.01537454516484595	0.017898840271660922	0.020469787438263026	0.023473462364557256	0.02711710785459797	0.03185588054297495	0.038508284837620026	0.04885188383708885	0.06381941968545865	0.08414476516938077	0.11096162515201544	0.1448208528008491	0.18349241984772408	0.21778407620458462	0.24112176911309469	0.2591097267810157	0.26106761803374845
SRR17010993_1 - illumina_universal_adapter	0.0	1.0529297464846309e-05	5.8964065803139325e-05	0.0006254402694118707	0.0006443930048485941	0.0006443930048485941	0.0006696633187642252	0.000715992227609549	0.0007475801200040879	0.0008217063741566058	0.0008461343442750493	0.0008869880184386531	0.0010731459976171358	0.0015494914149267827	0.002139974416755364	0.0030050614964671363	0.0038621463101056264	0.0050860718474193605	0.006343691136620604	0.00755792972026668	0.009044666522302978	0.010544459653195688	0.012750136886131691	0.015589256654552852	0.019253873344217957	0.024930849365364494	0.03378809439279321	0.04717125264251147	0.06525384693673991	0.08850127222342478	0.11659764957862066	0.1473844730220341	0.17588854477506882	0.19762480528959897	0.21262694831751197	0.21395743034516995
SRR17010993_2 - illumina_universal_adapter	0.0	0.0	2.1058594929692615e-06	2.1058594929692615e-06	2.1058594929692615e-06	2.1058594929692615e-06	2.1058594929692615e-06	4.211718985938523e-06	4.211718985938523e-06	2.569148581422499e-05	4.675008074391761e-05	8.591906731314586e-05	0.0005344671393155986	0.0018101968201563775	0.0034051748001312962	0.005256225294451277	0.0071548682133123626	0.00937823466598931	0.011718265734576752	0.014083567117079828	0.016641765229138884	0.019250082797130613	0.02238275937887169	0.026102970759151183	0.03070932781407215	0.037325938340981565	0.04769813868765237	0.06332572198497725	0.08448497699843381	0.11164003516027243	0.14470834677836875	0.18196479175608232	0.2159154585017328	0.23869496180907984	0.2562742556844887	0.25818047969752445
SRR17010994_1 - illumina_universal_adapter	2.715686924301329e-05	5.2716275589378746e-05	0.00014377166069830567	0.0005431373848602658	0.0005559170880334485	0.0005559170880334485	0.0005862688830697575	0.00062141306679601	0.0006405826215557842	0.0006910624490898559	0.0007041616448423681	0.0008380290355814573	0.001117904535074159	0.0016744606082662668	0.0024025841965583526	0.003363937367761023	0.004217302047150299	0.005304215802029491	0.006437455980911469	0.007804564727862691	0.009557620510644032	0.01190940538708898	0.016833425019716287	0.022241795402607213	0.02592682281259446	0.02988980876659842	0.03590233961700156	0.04412320317573067	0.055781806888045946	0.07050498342129044	0.08860391854773113	0.10854504788658614	0.1273714676161603	0.1410253024863887	0.1499615099302367	0.15074778116796678
SRR17010994_2 - illumina_universal_adapter	1.5974628966478407e-05	1.5974628966478407e-05	1.7572091863126247e-05	3.8339109519548175e-05	4.472896110613954e-05	4.632642400278738e-05	4.632642400278738e-05	6.549597876256147e-05	7.028836745250499e-05	9.329183316423389e-05	0.00015303694549886313	0.0003131027277429768	0.0011169460573361703	0.0028412475079778493	0.004907086525922837	0.007344814906207442	0.009648036910594298	0.01195573181109177	0.014609437175003164	0.017581037655347475	0.020834750083239796	0.02437344989189409	0.03031089998615479	0.0367672060292467	0.04157269391494274	0.04680023149793312	0.05405367152645232	0.06407679272517952	0.07780538885897106	0.09498514383468061	0.11560168048623831	0.13852239761992086	0.16005875340736836	0.17453719862484646	0.18553860610148076	0.18675938724709906
SRR17010995_1 - illumina_universal_adapter	0.0	4.679433096039281e-05	0.00018717732384157125	0.0006338504830089572	0.0006700097387510789	0.0006700097387510789	0.0006806448139693499	0.0007529633254535934	0.0007763604909337899	0.0008861144671863475	0.000917168886823699	0.001061380506783455	0.0013136444909608452	0.001780311591538581	0.0024341560159578876	0.003123308890101855	0.003911580665280108	0.00479514271441407	0.005766337783346587	0.006764758644837878	0.00796056650238028	0.009395450850829415	0.011509278401212977	0.014421587398984331	0.018496097416608355	0.024552560051909377	0.0343742647174871	0.048519340160796384	0.06755697560751911	0.09130765098797085	0.11873210675182215	0.14998093556416373	0.18132165142639117	0.20368678920740657	0.22006905907363133	0.22158391918772188
SRR17010995_2 - illumina_universal_adapter	0.0	0.0	2.9778210611159062e-05	5.3175376091355465e-05	5.3175376091355465e-05	5.3175376091355465e-05	5.3175376091355465e-05	8.295358670251452e-05	8.295358670251452e-05	9.529027395570899e-05	0.0001267700966017914	0.00019653619003364982	0.0006878766651177744	0.0021491360001082227	0.003853725856092713	0.0060296622457509785	0.008212405083548938	0.01035601084454366	0.01270593706477284	0.015423836887554198	0.018220436266950767	0.021318646379537502	0.025833023108189218	0.03165040925258351	0.03916600420783132	0.050282210228977	0.06743105631693477	0.0921401646760571	0.1233532596356653	0.16242737679361074	0.20887500430188793	0.26400383100933544	0.32012767535420433	0.35222390695993777	0.37806713974033657	0.38114407970248676
SRR17010996_1 - illumina_universal_adapter	0.0	9.39978380865859e-05	9.39978380865859e-05	0.00028199351425975774	0.0003151692218197292	0.0003151692218197292	0.0003538742139730293	0.0004073239650418723	0.0004073239650418723	0.00046077371611071515	0.0004762557129720352	0.0006078526862932555	0.000974628564317385	0.0015459879722946718	0.0023222995291980048	0.0031557470268990667	0.0041071525959244706	0.005332442061806085	0.00663772184480452	0.007901347683866545	0.009438120181839002	0.011045298903633177	0.01430794543266993	0.01775637592404252	0.021827403860623918	0.027487179570355052	0.036723665174024	0.04948930882412815	0.06713767938911433	0.08982691440835171	0.11663288611680867	0.14657138185687274	0.17472723624404768	0.1952379331335136	0.20987100050027122	0.2112758074059496
SRR17010996_2 - illumina_universal_adapter	0.0	0.0	0.0	0.0	1.843094864442861e-06	1.843094864442861e-06	1.843094864442861e-06	3.686189728885722e-06	3.686189728885722e-06	4.792046647551438e-06	8.109617403548588e-06	7.55668894421573e-05	0.0007733626051202244	0.002450210312790339	0.004586357260679614	0.006793647670336385	0.009187827899247662	0.011550675515463408	0.014262605299004635	0.01747511964772854	0.020201056952239532	0.02288423445589545	0.02714067773583979	0.03207132511719733	0.03770492887985338	0.0454168064116552	0.057004343824407465	0.07346133786901776	0.09573956273348441	0.12450363842592549	0.15885892669914042	0.19686317418497928	0.2321094145156659	0.2556173522736888	0.27467274145819065	0.2768752398211999
SRR17010997_1 - illumina_universal_adapter	2.211922446312495e-05	2.211922446312495e-05	4.608171763151031e-05	0.00023409512556807238	0.00023409512556807238	0.00023409512556807238	0.00025805761873645775	0.00029123645543114516	0.00029123645543114516	0.00031704221730479093	0.0003181481785279472	0.00034247932543738464	0.0005304927333739468	0.0009087314716933832	0.0015052132247156528	0.002180586878323068	0.00290683474819567	0.00378128142197121	0.004682271165102499	0.0056599408863726225	0.006742676923842589	0.008010108485579648	0.009751997412050736	0.011986407736567409	0.015381708691657087	0.020461388589613733	0.02807077045866977	0.03947470528437489	0.0553647874849428	0.07574654686648927	0.10130604804111228	0.1304086803209868	0.15737054032657188	0.17753184477096928	0.19132834237610238	0.19254047587668163
SRR17010997_2 - illumina_universal_adapter	0.0	0.0	0.0	1.4746149642083299e-05	1.6589418347343712e-05	1.6589418347343712e-05	1.6589418347343712e-05	1.6589418347343712e-05	2.9492299284166597e-05	2.9492299284166597e-05	3.207287547153118e-05	7.594267065672899e-05	0.0005448702292749779	0.002012480772403318	0.003685431449297669	0.005788232388258747	0.007893982557148242	0.010096320006193382	0.012467869522381431	0.014964392656786129	0.01733078102059945	0.019705648420456964	0.022495988586480182	0.02580907975731524	0.030226288882601295	0.036393128662920535	0.04576062022305395	0.059052799510427835	0.07721120817968921	0.10126733939830182	0.13082378443341144	0.1639856630560105	0.19414190772781187	0.21497711121085242	0.2315805384003561	0.2334647276708733
SRR17010998_1 - illumina_universal_adapter	0.0	0.0	2.7321097288487645e-05	0.0002868715215291203	0.0002868715215291203	0.0002868715215291203	0.0002868715215291203	0.00031146050908875916	0.00034971004529264185	0.00038030967425574803	0.0003879595814965246	0.0004895940634096986	0.0006775632127544937	0.000997220051029799	0.0014846284266564185	0.0020529072502569615	0.0026741890025971707	0.0033938267051759354	0.004120021471103937	0.004920529621656625	0.005821032988285178	0.0069985722814189955	0.00875641168096029	0.011002752300019744	0.01463809750522591	0.0201192560432423	0.02879807580790329	0.0421373283480345	0.05977910728915674	0.08234578722750177	0.10967508084517594	0.13984030436139516	0.16736193850398032	0.18772817726671054	0.20169472220058546	0.20296843175617474
SRR17010998_2 - illumina_universal_adapter	0.0	0.0	0.0	1.0928438915395058e-05	1.0928438915395058e-05	1.0928438915395058e-05	1.0928438915395058e-05	1.0928438915395058e-05	1.3660548644243822e-05	1.3660548644243824e-05	1.5846236427322836e-05	4.6445865390429e-05	0.0004759335147654548	0.0016119447400207714	0.002970896119150147	0.004647865070717518	0.006241231464582117	0.00791382904058333	0.009525227358658333	0.011190721449364538	0.012966592773116237	0.015029335618397055	0.017791498554263156	0.021259092222118005	0.026381251541763674	0.033579267833388625	0.04467108691056885	0.06174185491836169	0.08452491794723153	0.11372133535360099	0.14913658092477597	0.18894232683021095	0.22505262111640506	0.2491137650764304	0.26793964037403567	0.27007177880642924
SRR17010999_1 - illumina_universal_adapter	0.0	7.139842978376345e-05	0.0001629348782244858	0.0004997890084863442	0.0005162655692056741	0.0005162655692056741	0.0006316014942409844	0.0007084921109311911	0.0007432759613386656	0.0008062530378658825	0.0008333478266043364	0.0010328972842051111	0.001480693589977125	0.0021503742467694495	0.0030412069629945603	0.004213605794623333	0.005366232753388907	0.006647376885765258	0.008245969421334032	0.009764009882274974	0.011373586791656636	0.013129622018543452	0.015817132144763064	0.01928087135375999	0.023743456288142097	0.030035671753957348	0.03940570876214346	0.052452215685502734	0.0702948663613621	0.09155548802199805	0.11537363805206777	0.14005039996851146	0.16240652984408596	0.17847117654543276	0.18932117485200844	0.1903061070372306
SRR17010999_2 - illumina_universal_adapter	0.0	0.0	0.0	2.0138018656958922e-05	3.295312143866005e-05	3.295312143866005e-05	3.295312143866005e-05	3.295312143866005e-05	3.295312143866005e-05	3.844530834510339e-05	5.711874382701076e-05	0.00021163226879495015	0.0012591753847505768	0.0032839616242593558	0.005760937919065303	0.008635548545897747	0.011351251898237099	0.014101739100983923	0.01733846791784787	0.02094463784061857	0.024228965610671685	0.027538923586288205	0.03179866375092566	0.03688186580573586	0.04304080420262142	0.05120988300726524	0.06291263486751472	0.07849396912109449	0.09978461473681899	0.1255799520532083	0.15368347245347888	0.18404940771341036	0.21014901218441664	0.22719785877939808	0.23985332199501858	0.24118023435161529
SRR17011000_1 - illumina_universal_adapter	1.779381688706889e-06	1.779381688706889e-06	1.779381688706889e-06	4.8043305595086e-05	6.049897741603423e-05	6.049897741603423e-05	6.049897741603423e-05	7.117526754827556e-05	8.007217599181001e-05	8.932496077308582e-05	9.430722950146512e-05	0.0001555179595929821	0.0003117476718614469	0.0006420009132854455	0.0011064195340379436	0.0016857862118809068	0.0023865067208936794	0.0030601806282381074	0.0037868801099060012	0.004511800209885187	0.005413946726059581	0.00633104004841911	0.00774102209855045	0.009432502331835218	0.011577724895740245	0.015045028054354486	0.0204885125164466	0.028735946643603034	0.040476307025691084	0.055147309049079385	0.07356355365085795	0.09373569210305246	0.11110779552989783	0.12241825729599429	0.13132797728768744	0.13223652957794116
SRR17011000_2 - illumina_universal_adapter	0.0	0.0	0.0	0.0	0.0	1.779381688706889e-06	1.779381688706889e-06	1.779381688706889e-06	1.779381688706889e-06	6.049897741603423e-06	1.28115481586896e-05	4.021402616477569e-05	0.0003925316005287397	0.0014580253557264248	0.0027530593487672984	0.00440646081391374	0.006105414450291077	0.007723584158001122	0.009677701128539027	0.011678437899321055	0.013666718998282132	0.015581689571668483	0.01794364082525801	0.020904531955266273	0.024982518909444723	0.030747359704517297	0.0394709563715717	0.05225794906295713	0.06980443189529575	0.09345205866187259	0.12184316113420421	0.15502364735985932	0.1857642454139595	0.20636663835848337	0.22308962334528845	0.22498680010178776
SRR17011001_1 - illumina_universal_adapter	7.211795988532234e-06	0.0001478418177649108	0.0003317426154724828	0.0015865951174770917	0.0016046246074484223	0.001723619241259204	0.0019507908148979694	0.002055361856731687	0.0021851741845252673	0.002490954334439034	0.002554418139138118	0.00291284439976817	0.0035034904912289596	0.004220343012489064	0.005366297395066836	0.006659372415810666	0.007943072101769404	0.009976798570535494	0.012212455326980487	0.014279356057293826	0.017040752741302817	0.01966584648112855	0.02372176054507908	0.028982044539114495	0.035522422321114376	0.044938143163742054	0.058512906752956284	0.07788306959855502	0.10235846282443573	0.133115330356328	0.1680406159695919	0.20566239210296802	0.23941359732929887	0.26287933911678507	0.2766134833973458	0.27786328764215845
SRR17011001_2 - illumina_universal_adapter	0.0	0.0	2.5241285959862822e-05	6.851206189105623e-05	6.851206189105623e-05	7.572385787958846e-05	7.932975587385458e-05	7.932975587385458e-05	7.932975587385458e-05	0.00010312868263601097	0.000135581764584406	0.00020409382647546226	0.0007024289292830397	0.0021159409430353575	0.003892206295010847	0.006228107015696438	0.008544535887212991	0.011242468766522901	0.0142627689265202	0.017022723251331487	0.01995864539826296	0.02318303938473572	0.02754112770060575	0.033034352705070755	0.039647569626554816	0.04888732264706231	0.06254430071054581	0.08158993273666058	0.10659034471050643	0.13796526315861593	0.1746841224342278	0.21414851244267386	0.24668525122453594	0.2695574622021659	0.288778340870802	0.29076519066564266
SRR17011002_1 - illumina_universal_adapter	1.3892017486993772e-05	0.00011460914426769862	0.00027784034973987547	0.001222497538855452	0.0013127956525209115	0.0013892017486993773	0.0014864458711083336	0.0016670420984392527	0.0017920702558221965	0.0021615979209762314	0.0022386986180290462	0.0025123713625228236	0.0031034767065944084	0.0038772620806199623	0.0048503979055838755	0.0062000074044453206	0.008004580476005812	0.01024466829578356	0.012293046274240788	0.014461590203960517	0.017322651205406887	0.02003298381711937	0.024491626829570023	0.030053990631362326	0.037065291857048085	0.04676817147083888	0.06120336684157411	0.08244981838618239	0.10993239658070217	0.14399631805968524	0.18300996536928418	0.22443596151549966	0.261271340483138	0.2868027848216094	0.30109350321047995	0.3023423955825607
SRR17011002_2 - illumina_universal_adapter	3.473004371748443e-06	1.7365021858742217e-05	2.43110306022391e-05	5.209506557622665e-05	5.209506557622665e-05	5.209506557622665e-05	5.209506557622665e-05	9.377111803720796e-05	0.00010071712678070485	0.00018754223607441592	0.00029312156897556857	0.00037647367389753126	0.0009418787856181777	0.0023949838147577264	0.004188443272328622	0.006454231324457306	0.00885546654708418	0.011471333439885108	0.014021213249622817	0.016872549838828285	0.019801681725960925	0.022725951406973116	0.026747690469457807	0.031530712090229764	0.03733062939104966	0.04557970937482657	0.05715592754673848	0.07329706266487654	0.09411216706651365	0.12066536929115354	0.15182308071185754	0.18627458947872774	0.21578887523072035	0.23649770569858197	0.25385091934246024	0.2559152731410275
SRR17011003_1 - illumina_universal_adapter	0.0	8.713585358509483e-05	0.0001477520995573347	0.0006857212825609637	0.0007463375285332036	0.0007955882283856485	0.0008713585358509483	0.0009622829048093081	0.001022899150781548	0.0012002016702503495	0.0012244481686392457	0.0013994775788840883	0.0018578879390491524	0.00251936272322122	0.003508165235643383	0.004888700237661146	0.006401833277743185	0.008352918694974655	0.010482822037824234	0.012387687567501872	0.014697166539044213	0.0171074200195154	0.020757275730118895	0.025217873730601092	0.030636966120519343	0.038229150928542385	0.04950680349167762	0.06554283136363367	0.08643346283489148	0.11269242059006583	0.1440620855837746	0.1774207211484475	0.20657562005494562	0.22691464368785605	0.23982060015842052	0.24098746289338618
SRR17011003_2 - illumina_universal_adapter	0.0	1.1365546119794978e-05	2.651960761285495e-05	5.30392152257099e-05	5.30392152257099e-05	6.440476134550487e-05	6.440476134550487e-05	6.440476134550487e-05	7.955882283856485e-05	9.850139970488979e-05	0.00013032492884031575	0.00017881792561810764	0.0008046806652814844	0.0024610195864729393	0.004709124608968386	0.007400485930135837	0.0102592996308016	0.013339362629266039	0.01640048305086415	0.019375983025026477	0.022576520812360744	0.025801305098083906	0.030203559961817828	0.035355183166383565	0.04092733157738171	0.0486430219865732	0.059822930853078195	0.07534750914964347	0.09636770784666696	0.1232873826829387	0.15546248604500362	0.1909464787340782	0.2213970498982329	0.24357123037795286	0.26276309155583866	0.2649877077830199
SRR17011004_1 - illumina_universal_adapter	0.0	0.00011749415055371469	0.00024673771616280085	0.0004934754323256017	0.0004934754323256017	0.0004934754323256017	0.0006070531111941925	0.0006305519413049355	0.0006344684129900593	0.0007167143183776595	0.0007339467937922044	0.0009932172193474014	0.001300268599461109	0.0020342153932533134	0.00312691099340286	0.004570522456539502	0.006215440564291507	0.007969236584889955	0.009994835740435996	0.011880225209654604	0.014075799236335017	0.016722550801141697	0.02007348397493364	0.02408316768616341	0.029042204133867194	0.03681405054582691	0.048261897281443845	0.06518888790454899	0.08777752999566917	0.11657847947373272	0.15060713535709958	0.18685329750858354	0.2183456463286642	0.2408097446201974	0.2549262751620577	0.2560393364149699
SRR17011004_2 - illumina_universal_adapter	7.832943370247646e-06	1.9582358425619114e-05	4.699766022148587e-05	8.61623770727241e-05	8.61623770727241e-05	8.61623770727241e-05	8.61623770727241e-05	8.61623770727241e-05	0.00012532709392396233	0.00014882592403470525	0.00023577159544445415	0.000336033270583624	0.0009799012156179805	0.0027501464172939487	0.004835275942453872	0.007861925260717561	0.010793795964201255	0.013998253096969568	0.017392267459297873	0.020812130534747997	0.02409883357290391	0.02718971302680363	0.030973807968970264	0.035159732906030604	0.04046185227335124	0.047571031676188	0.05775229146883589	0.07192130273127686	0.09070078446144558	0.11509805317675592	0.14396088290744444	0.17676838291938965	0.20548395331471755	0.22678485951576902	0.24597635406721277	0.2480144859321512
SRR17011005_1 - illumina_universal_adapter	5.965831238506267e-06	6.860705924282206e-05	0.0002147699245862256	0.0007188826642400051	0.0008203017952946117	0.0008650455295834086	0.0009485671669224964	0.001049986297977103	0.0010857812854081406	0.001305920458109022	0.0013608061055032793	0.001615547099387497	0.0019687243087070675	0.002530109028250508	0.003469727448315245	0.004780420571415072	0.006027875883386732	0.007896970810410745	0.009780383732407173	0.011488401215991519	0.013718428932945162	0.015844054603224945	0.018604444717281794	0.021947099960216855	0.02647098978837616	0.03333109912953451	0.04328568513410607	0.057870949346006194	0.07771390062840189	0.10361157403475758	0.13347712179784382	0.16546710206496212	0.19403508153367321	0.21482242390112444	0.22816560204916758	0.2292937407363691
SRR17011005_2 - illumina_universal_adapter	0.0	1.4914578096265666e-05	1.4914578096265666e-05	3.877790305029073e-05	4.772664990805014e-05	5.36924811465564e-05	6.562414362356894e-05	6.860705924282206e-05	7.15899748620752e-05	0.0001032088804261584	0.00013303803661868975	0.00019985534648995994	0.0008543070333540973	0.0023028108580634187	0.004034095083477937	0.006433552407605158	0.008838378979847034	0.011571922853330604	0.014254160578163024	0.01693580171987159	0.01974093556821723	0.02240646896558184	0.02569125564550339	0.02968537965968333	0.034652530748863646	0.04173039293022749	0.0519719354173712	0.06699091556031073	0.08689352515509148	0.11274705141028223	0.1437634080192763	0.1784976706561075	0.2082307769656989	0.229785325230422	0.24772696609710582	0.2497446102219686
SRR17011006_1 - illumina_universal_adapter	9.814794179512978e-06	9.814794179512978e-05	0.00013413552045334404	0.00041222135553954507	0.0004351225419584087	0.00044493733613792165	0.0005070976992748372	0.0005398136798732138	0.0005594432682322398	0.0006196406725332527	0.0006615171276991747	0.0007786403382413629	0.0013413552045334403	0.0023784517895019783	0.003498646965190393	0.004745125825988542	0.00596216030424815	0.0073159475814089745	0.008627204083791909	0.009996695031639951	0.011731296322965878	0.013522823420532981	0.016087756299445706	0.01916240415608114	0.023743950079077796	0.03029303507526082	0.04046508776290807	0.05612295607729112	0.07760492325779715	0.10532975385608541	0.1393275465743064	0.1776798363101713	0.21269705898383773	0.23648026823963356	0.25113113867119863	0.2526589749651428
SRR17011006_2 - illumina_universal_adapter	0.0	0.0	0.0	6.5431961196753185e-06	1.3086392239350637e-05	1.3086392239350637e-05	1.3086392239350637e-05	1.6357990299188298e-05	1.6357990299188298e-05	1.6357990299188298e-05	2.682710409066881e-05	0.0002211600288450258	0.0011875900957210703	0.002854142147402374	0.00465286676070112	0.006474492560418728	0.008329488660346681	0.010360496735893902	0.012312332138393046	0.014495142363916733	0.016700853775859285	0.019104824030227997	0.022130397915965862	0.025674847253993983	0.0304788618450596	0.0373047240371049	0.04764755414347567	0.06293965779476887	0.08348071337326558	0.11031043474238227	0.14294462538926292	0.18043583051577855	0.21357646454232207	0.23784059871291405	0.2558324250831853	0.25744532292668526
SRR17011007_1 - illumina_universal_adapter	2.457830147911727e-05	0.00022612037360787886	0.0003858793332221411	0.0015803847851072403	0.0016590353498404156	0.0017057341226507383	0.0019072761947794999	0.0020449146830625567	0.0021555170397185843	0.002306427810800364	0.00236000850802484	0.002865338386435491	0.004021993254042749	0.005542898549570526	0.007588796364692248	0.010004843400089475	0.01242039886945712	0.015498585346701765	0.01839538395903053	0.020930389973586684	0.024007101752742583	0.02673136068868794	0.03038861194878059	0.03435210884530304	0.039469802779284836	0.04659652707616968	0.05700887871478292	0.07197460648541741	0.0920334498885546	0.11872499372884637	0.15139152265871153	0.18632122158877387	0.21738966935646684	0.239498834668992	0.25341801836264566	0.25464840813469025
SRR17011007_2 - illumina_universal_adapter	0.0	2.212047133120554e-05	5.161443310614626e-05	9.585537576855734e-05	0.00010568669636020425	0.00012043367724767461	0.0001376384882830567	0.00014501197872679187	0.0001548432993184388	0.00018482882712296184	0.00025020710905741383	0.0005854551412325732	0.002540904806911143	0.005705606905362283	0.009395301523407366	0.013704369338726204	0.017618218066260842	0.02174737271475254	0.025678426253322555	0.029513624416124012	0.03357248512238544	0.03747060373697344	0.04221175809229516	0.04734124961098694	0.05371784414672912	0.06209265459272353	0.07461382449824504	0.09228070760143453	0.11593044085067072	0.14708589580559978	0.18524665824810688	0.2290786179739054	0.26635259529904587	0.29376133397649834	0.31437859638924104	0.3162711256031331
SRR17011008_1 - illumina_universal_adapter	7.175064727155787e-06	1.4350129454311574e-05	4.663792072651261e-05	0.0002905901214498094	0.0003121153156312767	0.00031929038035843254	0.0004161537541750356	0.0004340914159929251	0.00046279167490154827	0.0004914919338101714	0.000497231985591896	0.0007462067316242018	0.0013302570004146829	0.002354138736979814	0.003522956781033491	0.004864693885011623	0.006403745268986539	0.008139393426485526	0.009765263093659026	0.011492301173485424	0.013553697269597282	0.015948733875521884	0.019456623020628346	0.023601657913506244	0.029133632818143358	0.036573457433731194	0.04826594291310426	0.06557793908678575	0.0889959153432768	0.11947917783659816	0.15598734218131222	0.19593451504975207	0.23167997001396948	0.2583238553717898	0.2758073355924503	0.2774202901431149
SRR17011008_2 - illumina_universal_adapter	3.5875323635778935e-06	3.5875323635778935e-06	1.4350129454311574e-05	6.457558254440208e-05	6.457558254440208e-05	7.533817963513576e-05	8.251324436229155e-05	8.968830908944734e-05	0.0001040384385437589	0.00014278378807040017	0.00018368165701518815	0.0003774084046483944	0.0016021919535738872	0.0038637723555733907	0.006077997330373668	0.008495994143425167	0.01097354399371206	0.013527149530106804	0.016016179483957147	0.01873552901554919	0.02157039708924844	0.024770475957559924	0.029057577132035505	0.03370988910112331	0.04011578688952801	0.04858236326757183	0.06156492538488752	0.08025309897323747	0.10465621161676704	0.13610810784825442	0.1741129906950532	0.21720427692693273	0.2549027845098819	0.2814289988061768	0.30061942692542776	0.30242539071725283
SRR17011009_1 - illumina_universal_adapter	0.0	1.754016759770461e-05	5.2620502793113826e-05	0.00015435347485980057	0.00017890970949658701	0.00019644987709429163	0.00020697397765291438	0.00020697397765291438	0.00021399004469199623	0.00023153021228970085	0.00024696555977568086	0.000425875269272268	0.0010362731016723883	0.002005191959769591	0.0031424964268047576	0.004380130652498795	0.005740546051376765	0.007275661519527873	0.008786220753042192	0.01037115029717078	0.012220585568672757	0.014352768341849727	0.017340209687090775	0.0209170006636147	0.025793167255776583	0.03298463597083547	0.04420543198643907	0.06081246266794579	0.08300568592596948	0.11222900835715317	0.1471984896933449	0.18563460975354698	0.2196611316796861	0.2449947465444028	0.2612657076147375	0.2627797748817714
SRR17011009_2 - illumina_universal_adapter	0.0	0.0	0.0	1.0524100558622765e-05	1.0524100558622765e-05	1.0524100558622765e-05	1.0524100558622765e-05	2.4556234636786454e-05	2.4556234636786454e-05	4.279800893839925e-05	8.419280446898212e-05	0.00031642462346259117	0.0015379218949667403	0.003444888916189185	0.00532098524243967	0.007601908636845178	0.009939662174267248	0.012374939043532557	0.014857925168663619	0.01749526476865449	0.02044692417199622	0.02346734103232095	0.027434926942921732	0.031795412607711106	0.03800673675741025	0.0460597785048684	0.058220727503708956	0.07519540009806355	0.09856241137172565	0.12961903212022144	0.16765663957260366	0.21042518102943877	0.24667860263378244	0.27207887013537047	0.2919090820146314	0.2938083313621108
SRR17011010_1 - illumina_universal_adapter	5.20429431304382e-06	6.765582606956966e-05	0.0001613331237043584	0.0005282358727739477	0.0005698702272782983	0.0005828809630609077	0.0006401282005043898	0.0006505367891304774	0.0006687518192261308	0.0006802012667148272	0.0006885281376156974	0.0008805665977670142	0.0015425528343861882	0.0024938978348105984	0.003690885526810677	0.0052724705685446936	0.006933681313268281	0.008839493890704927	0.01056888089092939	0.012354474269734723	0.0143352286852792	0.016596494564296738	0.01997876543834392	0.023764889551083298	0.02873915405549058	0.035499011938703195	0.04574678787051779	0.06103180026792748	0.08214145886049581	0.1102259126914055	0.14444987252341296	0.18241363824877369	0.21713148561108903	0.24224168524209416	0.2581309162092482	0.25960841536472135
SRR17011010_2 - illumina_universal_adapter	0.0	5.20429431304382e-06	5.20429431304382e-06	3.382791303478483e-05	3.382791303478483e-05	3.9032207347828646e-05	3.9032207347828646e-05	3.9032207347828646e-05	4.4236501660872465e-05	5.048165483652505e-05	7.702355583304852e-05	0.00027842974574784435	0.0014806217320609666	0.003291716153000216	0.005433803692249052	0.007786144721744858	0.010111423420812837	0.012618331991406046	0.015158027616171427	0.017618617967378545	0.020264481196130023	0.023058146383371947	0.02689006828606611	0.030965551162610728	0.03588933401218149	0.042272921416561034	0.05170362314122774	0.06586554882588258	0.08472435012805948	0.10972838215507849	0.14010949106633439	0.1755611439267889	0.20701277617823788	0.23014170096426728	0.2482937590987328	0.25011838468488595
SRR17011011_1 - illumina_universal_adapter	1.23874403618297e-05	8.826051257803661e-05	0.00016258515474901482	0.00033910617990508805	0.00035304205031214646	0.0003592357704930613	0.00036697792071920486	0.0003685263507644336	0.0003685263507644336	0.000372861954891074	0.00042860543651930766	0.001009266703480075	0.002390466303824087	0.004500976455470821	0.006952141217067873	0.009515412313939485	0.012129781602303644	0.014828075799119197	0.017446780691609994	0.020057743433874647	0.022858853385693392	0.025460215861677633	0.028460144231303736	0.031368715228261346	0.03478021630390925	0.03909754895601595	0.04525348744382722	0.05406157691310622	0.06644313324076405	0.0828964412153553	0.10399256183756034	0.13018921102874875	0.15812598590476518	0.1795946587958522	0.19815971566612642	0.20021045641802732
SRR17011011_2 - illumina_universal_adapter	0.0	0.0	0.0	1.858116054274455e-05	1.858116054274455e-05	2.47748807236594e-05	2.47748807236594e-05	3.0968600904574254e-05	3.406546099503168e-05	3.7162321085489096e-05	6.596311992674314e-05	0.0004800133140209009	0.002379936979516531	0.004876006212425216	0.007566248573005581	0.01059435836945485	0.013442540594648545	0.01646290824087167	0.01923583676586725	0.0222035577905526	0.025144026446441925	0.02794018142211594	0.03124824737074256	0.03452131880034701	0.03847198321774355	0.04333405355976171	0.05021341856470383	0.059941585166857735	0.07356622113482518	0.0920117392056077	0.11563056205749933	0.14447285882396552	0.17341673260139873	0.1957231061469545	0.21492642588187194	0.21667800994903466
SRR17011012_1 - illumina_universal_adapter	9.226155727083118e-06	6.458309008958182e-05	0.00012685964124739286	0.00028370428860780586	0.00028370428860780586	0.000292930444334889	0.00029754352219843054	0.00030907621685728444	0.000313689294720826	0.00031876368037072174	0.0004110252376415529	0.0011205166130542445	0.002351285787047132	0.004074270369079905	0.006238265194867249	0.00850374773365251	0.010870256677649329	0.013413907811606143	0.015699226585204635	0.017991926283384786	0.02036212568967244	0.022481834967969787	0.02492768885121952	0.027513780301520917	0.030353591034317107	0.033522314218783794	0.037639024904208285	0.04304924262256983	0.05076922842720662	0.06009456532835589	0.07265828288971132	0.088085337880967	0.10383761486160237	0.11515211093751074	0.1256344077668362	0.12677429930691733
SRR17011012_2 - illumina_universal_adapter	0.0	0.0	1.1532694658853896e-05	3.921116184010325e-05	4.3824239703644804e-05	4.8437317567186364e-05	5.3050395430727925e-05	6.919616795312338e-05	6.919616795312338e-05	7.565447696208157e-05	0.00012132394781114298	0.0006435243619640474	0.002459231809054005	0.004819282444041866	0.007525775226581699	0.010499365217420589	0.013304116558453854	0.016290161859524303	0.019167338523015175	0.02208972334956875	0.025201244368527536	0.028143004122107983	0.03139845317040926	0.034639140369547204	0.03777557200896911	0.04174558681833298	0.04702294789422452	0.054099409336897275	0.06399030958411674	0.07632660240679957	0.0927270168272625	0.11317125530290599	0.13266058666079636	0.14716963915720732	0.15995247791708095	0.16110943784525716
SRR17011013_1 - illumina_universal_adapter	9.137761885057409e-06	7.492964745747075e-05	0.00015534195204597597	0.00031616656122298637	0.0003234767707310323	0.00032713187548505526	0.00033444208499310116	0.00033809718974712414	0.0003417522945011471	0.0003501590354353999	0.0004342264447779281	0.0011268687956652796	0.0025052087984073395	0.0044891996588910035	0.007255382936735583	0.01008041340111993	0.012898499166471636	0.01593113958088449	0.018673199167352515	0.021308529695003076	0.02409481604899478	0.026729050045219128	0.02967725753981405	0.03248218492805128	0.035305387840058614	0.038454991606600195	0.04260207346051466	0.04806901364110679	0.05571512727604744	0.06500530702934759	0.07704412555767304	0.09263205080215478	0.10883768875006639	0.12045470818977758	0.13098762355944554	0.13218869098161748
SRR17011013_2 - illumina_universal_adapter	1.8275523770114818e-06	9.137761885057409e-06	2.9240838032183708e-05	5.117146655632149e-05	5.117146655632149e-05	5.6654123687355934e-05	6.03092284413789e-05	8.589496171953965e-05	9.137761885057409e-05	9.795680740781543e-05	0.00015387991014436677	0.0007365036079356272	0.0026989293503705564	0.005343397639906171	0.008476918945530057	0.01196169581801555	0.01515004369494978	0.018285027042475276	0.021464602667999853	0.02459958601552535	0.027593847830020963	0.03067437011671152	0.03403450791708483	0.03721846966831423	0.04039000406337996	0.044108707640122924	0.04861398975993163	0.05473665573339549	0.06301108187555268	0.07335539383991307	0.0867301531558339	0.1039519102253639	0.12148800630373988	0.1348024563912193	0.14607735802595395	0.1470284162829507
SRR17011014_1 - illumina_universal_adapter	2.3763476980700065e-06	7.841947403631021e-05	0.00010218295101701028	0.00030179615765489083	0.0003089252007491008	0.0003089252007491008	0.00031130154844717086	0.00031605424384331085	0.0003231832869375209	0.00032508436509597684	0.0004215640816376192	0.0011563307898808653	0.002853518315842464	0.005059719518730657	0.007510684534520062	0.010152707905234296	0.012740550548432534	0.015547492449392825	0.018191416898265513	0.020884294109718447	0.023756347937605855	0.02639171753476549	0.029404451146378647	0.03252079351762765	0.03621221203180959	0.04108752696917002	0.04795564708613195	0.05787357183879695	0.07195058033262404	0.09058827532858711	0.11508034051351543	0.14591963039998873	0.17995273159266817	0.20637249003027086	0.22956516829389453	0.2321382775813647
SRR17011014_2 - illumina_universal_adapter	2.3763476980700065e-06	1.4258086188420038e-05	1.901078158456005e-05	4.752695396140013e-05	4.752695396140013e-05	4.9903301659470135e-05	6.178504014982017e-05	6.891408324403018e-05	7.841947403631021e-05	8.554851713052024e-05	0.0001449572095822704	0.0006596741209842338	0.002686698707437949	0.005371496336717443	0.008259709328951727	0.011332326902556247	0.014147823655229591	0.017317871484454978	0.020445145055115112	0.023527268019511903	0.026526218814476255	0.029487148046271484	0.032859185429832814	0.03615850657383322	0.03992216605803649	0.04449663537682126	0.05121266924110671	0.06036113260913663	0.07342676752266514	0.09140526366718357	0.11461505163423331	0.14370107218907058	0.17422240675354211	0.19784092652465995	0.2195916370050947	0.22158967014963196
SRR17011015_1 - illumina_universal_adapter	0.0	2.410797321244748e-05	7.670718749415107e-05	0.0001753307142723453	0.00018190561605755827	0.00018190561605755827	0.00018190561605755827	0.00018190561605755827	0.00018190561605755827	0.00018365892320028172	0.0002432713660528791	0.0006789681910196572	0.001783113364149752	0.00335144660331588	0.005182337587104848	0.007021556779821749	0.00884017461361165	0.010998057379518542	0.013003402424008492	0.014958339888145138	0.017114031020123627	0.019408233416377263	0.022611963892918696	0.025284442305214917	0.02780306801573716	0.030845932561933707	0.03538261479373065	0.041726080036104105	0.051595007615708746	0.06266538891486462	0.07656999121023297	0.09391765040712449	0.11204509295574228	0.1250984646333184	0.13725458138060576	0.13859454636443216
SRR17011015_2 - illumina_universal_adapter	0.0	0.0	4.383267856808633e-06	2.410797321244748e-05	2.410797321244748e-05	2.8491241069256116e-05	3.068287499766043e-05	3.068287499766043e-05	3.287450892606475e-05	3.94494107112777e-05	8.152878213664057e-05	0.0004961859213907373	0.0021447329623364643	0.003977377253268154	0.0060383897995395725	0.008160768095806313	0.010070996227803514	0.012253863620494215	0.01443585435961355	0.01664808964694487	0.018952811886054848	0.02156918446978392	0.02528970222664309	0.0281778374174943	0.03090466835121495	0.03442925403487477	0.039455985613062905	0.04649595211788325	0.05711880176885897	0.06995038009288057	0.08572795274346325	0.10522691980447645	0.1250932047118902	0.14040395933572278	0.15373698350256326	0.1549068776935455
SRR17011016_1 - illumina_universal_adapter	4.372107441042678e-06	6.266687332161171e-05	0.00013845006896635146	0.00036725702504758495	0.0003745438707826561	0.0003818307165177272	0.0003891175622527983	0.00039203230054682674	0.0003993191462818979	0.0004165161022166658	0.0004716046559738035	0.000965652796811626	0.0023370371641520124	0.00451580403893828	0.006932996506176075	0.009700831990185493	0.012383848589838684	0.015373495658023668	0.018050391307259394	0.020733116433083183	0.023659805154117152	0.02615686145061133	0.028944808628849537	0.03169661305224181	0.0351287173934603	0.03933847391152559	0.04526792602306768	0.053193390918360436	0.06432885709686674	0.07976385373289441	0.09990382092314279	0.12475196487973535	0.15052408087553493	0.17026735218396602	0.1869620987106728	0.18882986300948623
SRR17011016_2 - illumina_universal_adapter	0.0	4.372107441042678e-06	1.4573691470142259e-05	2.7690013793270292e-05	2.9147382940284518e-05	4.809318185146945e-05	5.1007920145497903e-05	5.1007920145497903e-05	5.683739673355481e-05	6.412424246862593e-05	0.00011076005517308117	0.0005596297524534628	0.0024308917372197285	0.005040456931863402	0.007866878655582792	0.010980402101263984	0.013690525767051636	0.016736718758140774	0.019677689696815482	0.022635857591424956	0.025417100871586905	0.028146461810115146	0.031049249677138086	0.03398322524390712	0.03735324565946282	0.041494214353789034	0.047342345266927724	0.05539430980418132	0.06676936747045677	0.08240227483664896	0.10248890231611663	0.1277075095098802	0.15301851390756446	0.17290781360452642	0.18999226064114477	0.1914079490305544
SRR17011017_1 - illumina_universal_adapter	0.0	6.871386238522887e-05	0.00013381120569755094	0.0003074041211970765	0.0003291032356345172	0.0003291032356345172	0.0003399527928532375	0.0003399527928532375	0.0003399527928532375	0.0003413994004824002	0.00041228317431137317	0.0009251055788495549	0.002591597567645	0.005354618139345782	0.008335353159235552	0.011360933015629366	0.014236788982404838	0.017275388307461118	0.020123035425467915	0.02298659522739551	0.025901509600158377	0.028538675308122003	0.03144563333892447	0.034472659802947454	0.03810509155977502	0.042920125053443114	0.04948844699365641	0.05912719362676756	0.07235280387638768	0.08952982286506572	0.1120477172206125	0.13910940613935935	0.1678252908820538	0.1899366884938059	0.2094318962082172	0.21153743361246352
SRR17011017_2 - illumina_universal_adapter	0.0	0.0	0.0	3.6165190729067824e-06	3.6165190729067824e-06	3.6165190729067824e-06	3.6165190729067824e-06	7.233038145813565e-06	1.0849557218720347e-05	1.5912683920789843e-05	6.0757520424833946e-05	0.0006111917233212462	0.0031579444544622024	0.0067505945014878	0.010133486442284803	0.01352216481359846	0.016647560596404497	0.019848179975927006	0.02300467782276004	0.026390462978815372	0.029677155512273058	0.03276276958527712	0.03586140312694366	0.03890144905962909	0.042595361640696085	0.047483448819636884	0.05451396189736768	0.06417730086017459	0.07746294532640494	0.09486997492811987	0.11793975009419225	0.14638728912167698	0.17544240335341005	0.19823587646231236	0.2180167891834833	0.2198047962131284
SRR17011018_1 - illumina_universal_adapter	1.631601318435387e-05	0.00018310192573552678	0.0003426362768714313	0.0008955678347856459	0.000937264312923439	0.0009390772032772562	0.0009825865717688665	0.0009970896945994032	0.0010170314884913913	0.0010279088306142936	0.001108401162323773	0.0019256521338245202	0.002886121443276818	0.004568483691619084	0.006621400728281564	0.00871927744571871	0.011207288167297292	0.014078543909672812	0.01639324231342648	0.01876522805236077	0.0216948588641292	0.02416474068216961	0.026923597222608463	0.029580206747092042	0.03303630091760895	0.037408267294874266	0.04355614106273881	0.05222429500047987	0.06403708854595207	0.08029291377055922	0.10119662728428262	0.12649913795250786	0.15184552056729544	0.17056325089238622	0.184289368917277	0.18566535269582415
SRR17011018_2 - illumina_universal_adapter	3.6257807076341936e-06	5.438671061451291e-06	9.064451769085484e-06	2.719335530725645e-05	3.263202636870774e-05	4.894803955306162e-05	5.43867106145129e-05	7.070272379886678e-05	8.339295627558646e-05	8.991936154932801e-05	0.00011276178000742341	0.0004100757980334273	0.001844072067902751	0.004004674791581966	0.006323724132184798	0.008915794760072482	0.011337816272772125	0.014039385478030362	0.016714123906052106	0.019385236553366214	0.021943949998743665	0.024617963270623884	0.027424317538332754	0.030037780272395474	0.0332252040924767	0.0370917366390978	0.04235854569500723	0.04968080983407448	0.05954655913954713	0.07289342050241936	0.09020217244452348	0.1113654918569135	0.1319693533061156	0.14852938153209322	0.16219422386302496	0.16338855602811966
SRR17011019_1 - illumina_universal_adapter	7.0896226853179515e-06	0.0001027995289371103	0.00019850943518890263	0.0008401202882101773	0.0009181061377486747	0.0009535542511752645	0.0010031816099724902	0.0010847122708536466	0.0011520636863641672	0.0012711693474775085	0.0013094533099782257	0.0015469556699363772	0.0020091990690191074	0.002848610394960753	0.00397302455285218	0.005212290598245758	0.006465735889009972	0.007990004766353333	0.009436287794158194	0.010839324123582617	0.012520273662271503	0.014322455748879326	0.016738599160035682	0.0194950444600873	0.023536129390718537	0.029070288858877726	0.037723882308576824	0.050505763047936546	0.06670342399708248	0.08777165573104184	0.11291216673544782	0.1409487886068062	0.16787163075430112	0.18802530116185445	0.2021031649280903	0.20332328899223354
SRR17011019_2 - illumina_universal_adapter	0.0	3.5448113426589757e-06	3.5448113426589757e-06	1.4179245370635903e-05	1.4179245370635903e-05	2.481367939861283e-05	3.8992924769248736e-05	4.962735879722566e-05	0.0001027995289371103	0.00011130707615949185	0.0001474641518546134	0.00029421934144069497	0.0012810948192369539	0.0032796594542280843	0.005353374089683585	0.008135342031402348	0.010746450066404952	0.013276736402794928	0.016060122269050757	0.018728656247804433	0.021456034094846248	0.023958670902763483	0.027202173281296448	0.03103836811632199	0.03612871720438028	0.043010613945018414	0.053128923441504196	0.0674265655109849	0.08649835949675874	0.11093770681758677	0.13976482161835807	0.17345258173218342	0.20438318758368856	0.2257612358289963	0.24284722650061258	0.2446203411342106
SRR17011020_1 - illumina_universal_adapter	4.878055443197678e-06	6.82927762047675e-05	0.00012926846924473848	0.0005292690155869481	0.0005560983205245354	0.0005804885977405237	0.0006585374848316866	0.000697561928377268	0.0007121960947068611	0.000794147426152582	0.0008185377033685705	0.0010092696711975998	0.0015356118535186291	0.002450247249118194	0.0036878099150574454	0.005100494771407492	0.006733179928245755	0.008681963077803227	0.01046733137001358	0.012168309303056608	0.014129775396766395	0.016028802380803252	0.018353195799486945	0.02111710201360275	0.024620033627363	0.029262478992654235	0.03607956147452299	0.04523908618021527	0.05747324923175504	0.0729810752912248	0.09176012533090289	0.1127601540138689	0.1327192056652565	0.1474875185195375	0.15703631204959695	0.15787338636364967
SRR17011020_2 - illumina_universal_adapter	0.0	4.878055443197678e-06	7.317083164796518e-06	2.4390277215988394e-05	2.4390277215988394e-05	3.658541582398259e-05	3.9024443545581426e-05	3.9024443545581426e-05	4.6341526710377945e-05	8.04879148127617e-05	0.00011268308073786636	0.0003570736584420701	0.0017253682102590189	0.004205371597580719	0.007049765726509285	0.010488794813963647	0.013755628544273136	0.017198560076082055	0.020639052580169376	0.024077106056535104	0.027636135307892128	0.031092725394942	0.034972242888917114	0.03920541940252407	0.044195670120915284	0.05021762956554282	0.05844300665386275	0.0698425344190714	0.08456011549674311	0.10330745817604044	0.12623383095352522	0.15270313539940444	0.1776007303814854	0.19522563250330296	0.20958028625600073	0.21112955666476033
SRR17011021_1 - illumina_universal_adapter	0.0	4.459176241508985e-05	0.00011519538623898212	0.0006428645748175454	0.0006874563372326352	0.0007729238818615574	0.0009364270107168869	0.001044190436553354	0.0011147940603772463	0.0012091799574891866	0.0012166119178917015	0.001363764733861498	0.0016840822272098932	0.002246681629680277	0.0030448741769103856	0.0040296089302436205	0.005197169909478722	0.007120561261649598	0.00862033087087712	0.010001932309704652	0.011703851241880583	0.013519479168214993	0.016033711372385805	0.018810291778765403	0.022410333397743655	0.027658783833999733	0.035739554379654266	0.04802235533689077	0.06441503039671806	0.0854571398843587	0.11087370126491966	0.1391099484221948	0.16522437088455194	0.18448801224787076	0.19666527936739153	0.1978685137565587
SRR17011021_2 - illumina_universal_adapter	0.0	0.0	0.0	2.2295881207544925e-05	2.2295881207544925e-05	2.97278416100599e-05	4.459176241508985e-05	4.459176241508985e-05	4.459176241508985e-05	5.351011489810782e-05	7.431960402514975e-05	0.00011073620999747314	0.000604961576764719	0.001855017316467738	0.0033755964148223017	0.005084947307400746	0.006759367986087371	0.008661949849131203	0.01064999925680396	0.012690072387294322	0.014772507692079018	0.0169961502445115	0.019978595954040758	0.023253117707388853	0.027416501924877747	0.03298749944260297	0.04130683591717823	0.053667672458641145	0.07008487298779673	0.09214293146246118	0.11939741665056407	0.1501820830298616	0.17825111107808017	0.19881014313955733	0.2167219109056587	0.21872631062621697
SRR17011022_1 - illumina_universal_adapter	3.6142576537056135e-06	2.168554592223368e-05	6.505663776670104e-05	0.00019878417095380873	0.0002132412015686312	0.00022408397452974803	0.0002602265510668042	0.00026384080872050977	0.0002855263546427435	0.0003990140449690998	0.00043949373069060254	0.0006050267312303197	0.0010437976103901813	0.0018736311676809901	0.002913814520417466	0.004240247079327426	0.005557282568337751	0.007084667852793744	0.008747226373498325	0.010254371815093566	0.011974758458257437	0.013647436900392395	0.015782017470670935	0.018541864615040538	0.022592001741783045	0.0280965161483767	0.036972410094346944	0.05083959386008463	0.06933302742256553	0.09359337049729909	0.12241924384019358	0.15483624358780995	0.18449195048799527	0.20712298621243833	0.2211846170399454	0.2225153867080398
SRR17011022_2 - illumina_universal_adapter	0.0	1.8071288268528067e-05	1.8071288268528067e-05	3.252831888335052e-05	3.252831888335052e-05	5.0599607151878586e-05	5.0599607151878586e-05	5.0599607151878586e-05	5.4213864805584204e-05	0.00011782479951080301	0.00017420721890861057	0.00035925721077833796	0.0014240175155600116	0.003489204338887399	0.005950513801060922	0.008515913883661167	0.011060351271869918	0.013711770686628355	0.01649474907998168	0.019441814770813234	0.022453214247880753	0.025144390496829955	0.02825771203973197	0.03188931813017536	0.03665580112388234	0.04318170474341319	0.05275009045583343	0.06647487247001513	0.08487650388809188	0.10900311942963833	0.13805669100471626	0.17247020668023966	0.20415134356956158	0.22609856174592355	0.24337688188522857	0.2451984677426962
SRR17011023_1 - illumina_universal_adapter	0.0	5.645936969211351e-05	0.00010915478140475278	0.0004140353777421657	0.0004328551676395369	0.00048555057935217616	0.0005570657809621866	0.0006210530666132485	0.0007076241001411559	0.000742252513552319	0.000770858594196323	0.0009552925351905605	0.001341474623884617	0.002101794135738412	0.0030917150843401357	0.004290912096600627	0.005597005515478185	0.0071470034114256755	0.008719585055250011	0.010703943702028826	0.01270636934710912	0.015016686754910403	0.019349755180881143	0.023889841295722962	0.029650202587510326	0.037640332586338233	0.049907824433040655	0.06720998647308782	0.08984868813643354	0.1187498630860285	0.1521587541118418	0.18824758321904073	0.2219395238849105	0.24524745727700675	0.25952565547634426	0.2608723996414002
SRR17011023_2 - illumina_universal_adapter	0.0	0.0	0.0	0.0	0.0	0.0	0.0	0.0	0.0	2.4089331068635098e-05	3.2370038623478415e-05	0.00015055831917896935	0.0009838986158345647	0.0027115553284132376	0.0046883860592331055	0.007164317618131256	0.009366233036123684	0.011751829603514452	0.014228513954008499	0.016861778956448675	0.01962452411338276	0.02267031891037331	0.027047049248905948	0.0317723220963379	0.037395675317672405	0.04466312538444126	0.05497260629022118	0.0697980839797743	0.08970114098363814	0.11494525436037595	0.14569001592831737	0.1805548059005913	0.21152164098932175	0.23343013480464947	0.2526458930814613	0.25484253895828246
SRR17011024_1 - illumina_universal_adapter	1.4826934827268928e-05	7.578211133937452e-05	0.00012191035302421119	0.0002998335709514383	0.00031301306857567737	0.0003163079429817371	0.0003443143754332451	0.0003443143754332451	0.00034760924983930487	0.00035848233537930205	0.00039044261711808175	0.0007215774949270879	0.0015591345689474792	0.0031185986253355643	0.005132096374878685	0.007502429022598077	0.00998248098803926	0.012708660071613106	0.015022650366988877	0.01760023061484943	0.020251945536846328	0.022681915411315402	0.02534120854444623	0.028322410907049105	0.03204265359893118	0.03681956251283662	0.043693329498758496	0.053335449960651794	0.0669544838306592	0.08433395786030264	0.10631274707336487	0.13226680225733822	0.15801987010254193	0.17700757232978312	0.191863831539266	0.193354762208008
SRR17011024_2 - illumina_universal_adapter	1.6474372030298808e-06	1.6474372030298808e-06	4.9423116090896425e-06	2.471155804544821e-05	2.471155804544821e-05	3.953849287271714e-05	3.953849287271714e-05	4.118593007574702e-05	4.28333672787769e-05	4.942311609089642e-05	7.380518669573866e-05	0.00027347457570296024	0.001506746065891129	0.003536059212583336	0.006076407379655413	0.009210491914699458	0.012171595543425364	0.015308315977994258	0.018405497919690435	0.021650290234778085	0.02451452455596584	0.02740347043519904	0.03045089977336371	0.03345384830704658	0.03706437168120687	0.04161657016061903	0.0482689215864537	0.05745733784263255	0.07029252109143834	0.08667134176396143	0.10738193381813126	0.13241836648001698	0.1563819880352896	0.1754023095191508	0.1906407741597366	0.19197585726907201
SRR17011025_1 - illumina_universal_adapter	0.0	7.122986452820557e-05	0.00010542019950174424	0.00034190334973538677	0.00036469690638441253	0.0003732444901277972	0.00039033965761456655	0.000396038046776823	0.000396038046776823	0.00039831740244172554	0.00043649660982884376	0.0008615964413331746	0.0018086687201001963	0.0034885538451333966	0.005484129729755603	0.007732714093181997	0.010068483810790915	0.012697150731339812	0.015060272716927562	0.01748208811088655	0.020128420037838442	0.022530291069729536	0.02526551786761263	0.02804063338963152	0.03158047273722522	0.036251442333526826	0.043131677408035266	0.052741440891264535	0.06580727740140234	0.08299931750393004	0.10501561387122405	0.1316042977023126	0.1580060743688792	0.17780227831855805	0.19272521985667523	0.194275181708809
SRR17011025_2 - illumina_universal_adapter	0.0	1.4245972905641114e-05	1.7095167486769338e-05	4.2737918716923346e-05	4.5587113298051566e-05	5.6983891622564456e-05	5.6983891622564456e-05	5.6983891622564456e-05	6.553147536594913e-05	7.749809260668765e-05	0.00010143132708816471	0.0003715349733791203	0.0018605240614767299	0.004312540917995678	0.007293938127688251	0.010625786270859593	0.013338219512093663	0.01653843486561688	0.019823556217657724	0.023134890159844945	0.026276981943913147	0.029339296279709763	0.032819872380016	0.03646285257144654	0.04130762303719697	0.04790464817034127	0.05733434255604323	0.07068908739670743	0.08923563460310349	0.11427093754856096	0.1464827918049642	0.18560793179301696	0.22061541577242322	0.24675392685969352	0.26519163483309044	0.26666466843153375
SRR17011026_1 - illumina_universal_adapter	2.974206963403692e-06	4.461310445105538e-05	8.327779497530337e-05	0.00016358138298720306	0.0001650684864689049	0.0001650684864689049	0.00017399110735911598	0.00017696531432251968	0.00017696531432251968	0.00019243119053221887	0.0002453720744808046	0.0006549203733414929	0.0017021386451559332	0.0033275427506560505	0.0055564134490307775	0.00799942704877057	0.010202422146563684	0.01260617621438655	0.014982567578146097	0.017067189238795744	0.019388855194428668	0.021631704665531392	0.024203798847482905	0.02741802431283328	0.03131988642812258	0.0363409426237407	0.04372232946551598	0.054201650280372535	0.06873362550356298	0.08771204013704194	0.11197413344100757	0.1416472014734935	0.17476826763865336	0.19895362640296316	0.22025221988859336	0.22268482376396123
SRR17011026_2 - illumina_universal_adapter	4.461310445105538e-06	7.43551740850923e-06	1.0409724371912921e-05	4.015179400594984e-05	4.1638897487651685e-05	4.6100207932757224e-05	4.9074414896160916e-05	5.3535725341266455e-05	7.584227756679414e-05	9.725656770330073e-05	0.00014335677563605796	0.0005145378046688387	0.0021113895233202807	0.004427107065026395	0.007301975515852405	0.01040942695121658	0.013290541236665737	0.016410781761972554	0.01944595996812602	0.022407675262283416	0.025405081040001654	0.028435797935710015	0.03176809941750752	0.03549061685290358	0.03997482869162732	0.04584829260295693	0.05386972878325669	0.06460899528671474	0.07922692509114754	0.09888881248481667	0.12397327401416343	0.1545160001627486	0.18647147461895056	0.2110726275167442	0.23197922052459777	0.23384553539413358
SRR17011027_1 - illumina_universal_adapter	7.2679515678243425e-06	6.78342146330272e-05	0.00014535903135648684	0.0003488616752555684	0.00035370697630078465	0.000360974927868609	0.00036339757839121714	0.00038035613204947394	0.00038035613204947394	0.0003856859631992118	0.000420087600620247	0.0008309691292545833	0.0015257852991385902	0.0026028957214901576	0.003753654719729012	0.0050192473527394905	0.006350251549860389	0.007783491599035348	0.009120310157410506	0.010569055169930158	0.012289137040981921	0.013853200218377718	0.015784052684896386	0.017960561914407515	0.02079167131512736	0.024673726512554603	0.030777352239213483	0.03951343002373835	0.05176477371656758	0.06771162851658322	0.08870195717456444	0.11426576548912526	0.1392205194623024	0.15745968618680983	0.17062097741593069	0.17195973409472393
SRR17011027_2 - illumina_universal_adapter	0.0	7.2679515678243425e-06	7.2679515678243425e-06	1.9381204180864913e-05	2.1803854703473027e-05	3.149445679390548e-05	3.149445679390548e-05	3.149445679390548e-05	3.149445679390548e-05	3.973146857077307e-05	6.395797379685421e-05	0.00025583189518741685	0.0012723760544737814	0.0027613370656687287	0.0043651317116353	0.006131243942616615	0.0077602341540183115	0.00959902590067787	0.01141116849158874	0.013238816045844301	0.015090205575221421	0.01684565814390326	0.01891072544937442	0.021194315831984827	0.024214391973468103	0.028191415071381582	0.034271298822918905	0.0428668628771325	0.054517873770459434	0.07006450670414023	0.08984205651050384	0.11501194185008856	0.13720923499843313	0.15442701226260902	0.1678465580374399	0.1690283269623681
SRR17011028_1 - illumina_universal_adapter	1.4103182038909437e-05	5.0771455340073974e-05	0.00012692863835018494	0.0004343780067984107	0.0004428399160217564	0.00044989150704121105	0.0004724565983034662	0.00048373914393459375	0.0004851494621384847	0.0004924831167987176	0.0005421263175756788	0.0010134546613160323	0.002071757441515796	0.003884580460797216	0.006141089587022726	0.008538630533637329	0.011049279000203988	0.013802784261480665	0.016196658380765155	0.018609148700341006	0.02140496350773441	0.023988102329981064	0.02699292629519111	0.030063753152343255	0.03375370970100351	0.03846671107476627	0.04522157114412234	0.05472570552014341	0.06786733260764	0.08536458643603337	0.10792826738008458	0.13515869126081093	0.16194289046182617	0.18212792872319492	0.19741831662613976	0.19904243906974056
SRR17011028_2 - illumina_universal_adapter	1.833413665058227e-05	2.2565091262255103e-05	2.5385727670036987e-05	9.308100145680229e-05	9.449131966069323e-05	0.0001226976837385121	0.00012974927475796683	0.00012974927475796683	0.00014667309320465815	0.00016303278436979312	0.00021154773058364154	0.00047245659830346624	0.0017741803004948074	0.003971738125797676	0.0065103108928013746	0.009384821455971897	0.012059348897830682	0.014953885979496456	0.017987762499706652	0.021055486656810236	0.023906868001436942	0.02690717894839454	0.030056701561323795	0.03328943294828261	0.037193193736652745	0.0421467953959993	0.049013634730744306	0.058691520309484733	0.07242519897897476	0.09035570255960343	0.1132132938173455	0.14119005809157095	0.1667675890373371	0.1867193606677823	0.20208675194465958	0.20333967863699628
SRR17011029_1 - illumina_universal_adapter	1.9329425503379316e-06	0.00014497069127534487	0.00029574021020170355	0.0007673781924841588	0.0007693111350344968	0.0007828417328868622	0.0008041041009405795	0.000819567641343283	0.0008253664689942968	0.0008284591770748376	0.0008934060467661918	0.0015931312499885234	0.002663208245855602	0.004447314219817513	0.006745196323659245	0.009278510830132139	0.012020583132041528	0.014955563100474644	0.017390684125390368	0.019870649417473935	0.02275537287959827	0.02528056902735974	0.028133592231658528	0.031203878178615297	0.03511306119241873	0.040125181225444985	0.047619972670125285	0.057898587975802274	0.07218805907343046	0.09147148054411172	0.11656223461302828	0.14762926045907965	0.18093965942905324	0.2061324728646276	0.2255658906772151	0.22757305822148602
SRR17011029_2 - illumina_universal_adapter	0.0	5.798827651013795e-06	2.319531060405518e-05	5.412239140946208e-05	5.605533395980001e-05	5.798827651013795e-05	5.798827651013795e-05	6.378710416115174e-05	6.378710416115174e-05	6.842616628196277e-05	9.780689304709933e-05	0.0004963796469267808	0.002315665175304842	0.005176033561294912	0.008542832895473522	0.012371218910672829	0.015767785560126642	0.019460865596802296	0.022935523125289757	0.02661584574113318	0.030168594148654297	0.03354428501856446	0.0372006391467837	0.04085390056692238	0.04532093080075335	0.05097633411453206	0.05888941432710548	0.07000460716856874	0.08518555137041278	0.10585759876925682	0.13236094725396033	0.16463644878248296	0.19622923500222628	0.21989502382303366	0.23928437054547352	0.2409780148080796
SRR17011030_1 - illumina_universal_adapter	0.0	3.4931614993766966e-05	8.01372343974654e-05	0.0002342473005464373	0.0002424665040743825	0.0002424665040743825	0.0002609597120122591	0.0002630145128942454	0.0002732885173041769	0.00027369947748057415	0.0003024666898283822	0.0007352077555746953	0.0016187721348288012	0.003258503238653862	0.005232755926066292	0.0074211188653816925	0.009547837778237506	0.011861132611177671	0.0139857967231515	0.01624484481280723	0.018622660393441768	0.020782667080585755	0.02352089473592069	0.026050765581822215	0.029056117351815364	0.032796676877383205	0.03788436386118127	0.04513287945247611	0.0548023614429272	0.06760582573858379	0.08390820497608663	0.10355908773087434	0.1227213388359257	0.13549726879976368	0.14615469905427378	0.14731483963224323
SRR17011030_2 - illumina_universal_adapter	0.0	2.0548008819862923e-06	4.1096017639725846e-06	8.219203527945169e-06	8.219203527945169e-06	8.219203527945169e-06	1.4383606173904045e-05	1.4383606173904045e-05	1.6438407055890338e-05	1.808224776147937e-05	3.452065481736971e-05	0.0002893159641836699	0.001765073957626225	0.004082889352506762	0.006689198791218176	0.009517426725184108	0.012105653916134041	0.014954018898743437	0.017760876903536716	0.020763762912471485	0.023595278527848595	0.026428027023754897	0.02969105082434913	0.03291133476659805	0.036826552367134724	0.04202889724014762	0.04927741283144246	0.059728130117224755	0.07390707812328295	0.09296206862229464	0.11671597777823257	0.14498880503383477	0.17052340463410204	0.19019524635788598	0.2055294034197969	0.20676228394898866
SRR17011031_1 - illumina_universal_adapter	2.6305502637652748e-05	0.000153679515409445	0.0002769000277647658	0.0007683975770472251	0.0007988565801013493	0.0008210085823225305	0.0008542365856543025	0.0008888490891248981	0.0009096165912072556	0.0009226308925121996	0.001021207302396456	0.0019183633923542972	0.0029500928958058146	0.0047084080721120775	0.006815063483346416	0.009119979314460326	0.01160571086370463	0.014561341760065738	0.01710688371530723	0.01963221196852189	0.022721585578293388	0.025167720423567325	0.028006499508211706	0.03080152838846925	0.034142604123478915	0.03830191944053346	0.04420487423242274	0.05239696155384334	0.06357929227509565	0.07865289908652619	0.09803839313030968	0.12208992954195723	0.14613703555316054	0.16449772259418666	0.17859968720819064	0.1801096230595919
SRR17011031_2 - illumina_universal_adapter	0.0	5.538000555295316e-06	1.246050124941446e-05	3.738150374824338e-05	4.015050402589104e-05	4.1535004164714866e-05	4.568850458118636e-05	6.091800610824847e-05	7.060950708001528e-05	8.390070841272402e-05	0.00011214451124473015	0.0003787992379821996	0.0018599374864959317	0.004117226512834303	0.006493305651083757	0.009340668636588844	0.012079763711237906	0.014991921303239949	0.01776784408158173	0.020755041581108018	0.02358274466464181	0.0263176862388744	0.029330081640927284	0.032255530434262034	0.03562346547196488	0.03975149108588201	0.04550436606272278	0.053436998058127794	0.0643269223500605	0.07902726792406416	0.09780662780707056	0.12094245582690004	0.14271039770957158	0.1595414889972251	0.17340338128715702	0.17462284900943306
