Sample	0.0	1.0	2.0	3.0	4.0	5.0	6.0	7.0	8.0	9.0	10.0	11.0	12.0	13.0	14.0	15.0	16.0	17.0	18.0	19.0	20.0	21.0	22.0	23.0	24.0	25.0	26.0	27.0	28.0	29.0	30.0	31.0	32.0	33.0	34.0	35.0	36.0	37.0	38.0	39.0	40.0	41.0	42.0	43.0	44.0	45.0	46.0	47.0	48.0	49.0	50.0	51.0	52.0	53.0	54.0	55.0	56.0	57.0	58.0	59.0	60.0	61.0	62.0	63.0	64.0	65.0	66.0	67.0	68.0	69.0	70.0	71.0	72.0	73.0	74.0	75.0	76.0	77.0	78.0	79.0	80.0	81.0	82.0	83.0	84.0	85.0	86.0	87.0	88.0	89.0	90.0	91.0	92.0	93.0	94.0	95.0	96.0	97.0	98.0	99.0	100.0
SRR17010968_1	3068.0	1549.0	33.0	38.0	43.0	42.5	39.5	46.5	51.5	51.5	58.0	88.5	129.5	158.0	222.0	320.0	446.5	587.5	791.5	1071.5	1448.5	1954.0	2732.5	3842.5	5252.5	7359.0	11470.5	18095.5	24668.0	32170.0	46147.5	65183.0	89608.5	122157.0	164804.0	215352.0	277286.5	355803.5	444473.5	534513.0	627725.0	715573.5	783094.5	833674.0	881495.0	908470.0	913330.0	912979.0	908830.0	911818.5	905045.5	911948.5	912251.0	885883.5	882873.0	899288.5	882328.5	921980.5	862228.5	705565.0	645303.5	585991.0	523505.5	459091.5	396409.5	336032.0	277337.5	222283.5	187709.5	157863.5	115772.0	82255.5	62085.5	46697.0	33207.0	26296.0	25170.5	22635.5	18511.5	14558.0	10789.0	11022.0	15474.0	13902.0	10125.0	10718.0	8809.5	5264.0	2925.0	2985.0	3011.5	2660.5	2306.5	2015.0	1761.0	1540.5	1566.5	2096.5	2168.5	1339.5	2299.5
SRR17010968_2	10876.0	5569.5	345.0	593.5	913.5	1251.5	1423.0	1394.5	1278.0	1121.5	998.0	905.0	878.5	907.5	937.0	960.0	1030.5	1172.5	1347.5	1627.5	2126.0	2769.5	3682.5	5424.0	7464.0	10900.5	15857.5	21831.0	28923.0	38025.0	51125.0	69858.0	93811.0	125785.5	169893.0	225054.5	288647.0	364773.0	456260.0	546647.0	624867.0	695505.0	759397.0	811413.5	849243.5	889679.0	919161.5	931299.0	934867.5	920847.0	918202.5	933204.5	919738.0	900515.5	888935.5	878255.5	866104.0	810144.0	729170.5	682965.5	645490.0	594830.5	528585.0	444659.0	385421.5	334755.5	281941.5	234149.0	194188.0	161504.5	127745.5	96583.0	73359.0	57055.5	45705.0	36524.0	30620.0	26614.5	22233.0	18851.0	16184.5	14579.0	15101.5	13412.5	10615.0	10960.5	12055.5	9413.5	6687.5	7599.5	7040.5	6250.5	6678.0	6625.5	5089.0	4300.5	5246.0	5699.5	4018.0	2304.0	4334.0
SRR17010969_1	5461.0	2753.5	43.0	49.0	54.0	54.5	58.0	68.0	73.0	83.5	108.0	140.0	163.5	199.5	278.5	370.0	503.5	685.5	926.0	1269.5	1713.5	2252.0	3306.0	4789.0	6545.5	9081.0	13507.0	20159.5	27463.0	36124.0	50990.5	70851.5	96187.5	130103.5	174411.0	225410.0	285075.0	360079.0	447113.0	534310.5	621975.5	705449.5	769257.0	817015.5	859110.5	885543.5	896629.0	899980.0	895942.0	890508.5	879459.5	884495.5	883425.5	865294.5	873344.0	902687.0	927623.5	1048067.5	939847.5	698726.0	648014.5	594207.5	535938.5	462910.0	396446.0	340778.0	286678.0	231886.5	190395.0	157916.0	116076.5	80618.5	59402.5	44970.0	32301.0	24354.0	22602.0	20038.5	15330.5	10582.0	6616.5	5120.0	4274.0	3119.5	2090.5	1788.5	1781.5	1326.0	718.0	614.0	662.0	701.5	615.5	412.5	273.5	452.0	844.0	1234.5	1196.5	747.0	1027.5
SRR17010969_2	17812.0	9283.0	789.0	850.5	901.5	949.5	943.5	940.0	935.0	926.0	916.0	918.0	1006.0	1083.5	1137.0	1244.0	1378.0	1583.5	1901.0	2345.0	2877.0	3644.5	4903.0	6915.5	9301.0	13805.0	19212.0	25042.0	32568.0	41952.0	55491.0	73422.5	96435.0	129237.5	173631.5	229156.5	293020.5	366358.0	451233.0	537138.0	613912.0	681733.5	741759.0	791920.5	829154.0	880269.5	923672.0	953066.0	968718.0	925364.5	894558.0	906246.0	894518.5	882736.0	888603.5	900658.5	903352.5	835177.0	727543.0	673971.0	646970.5	615414.0	556576.5	460924.0	392630.5	347090.5	297380.0	250338.5	208336.0	169840.5	131539.0	95616.0	71329.5	54442.5	42690.5	33817.5	27601.5	22922.0	18751.5	15650.0	12125.0	9233.0	7326.0	5843.5	4541.0	3838.5	3419.5	2873.5	2512.0	2356.5	2339.0	2332.0	2301.0	2220.0	2177.5	2693.0	4095.5	5353.5	4463.0	2695.0	3839.5
SRR17010970_1	6924.0	3498.5	70.0	61.0	54.5	55.0	56.0	65.5	71.5	97.5	132.5	159.0	240.5	349.5	476.5	644.5	862.0	1120.0	1487.5	1986.5	2771.5	3883.5	5514.5	7624.0	10158.5	14109.0	21346.0	32209.5	43234.5	56387.5	78777.0	108672.0	147093.5	197003.0	261851.0	339133.0	426313.5	534111.5	657385.5	777269.5	893848.5	1010080.5	1107306.5	1174771.0	1236135.0	1268576.0	1276110.0	1278268.5	1271632.0	1261763.0	1229914.5	1232242.0	1220192.5	1172028.0	1181786.5	1233420.0	1322585.0	1572482.0	1375117.0	934881.0	842043.5	762948.0	684960.0	602139.0	520733.0	436616.0	359499.5	299508.0	243014.0	192657.0	144835.5	104630.0	78898.0	59846.5	44046.0	35322.0	34848.5	32047.5	24304.5	16604.0	11088.5	9468.0	8618.0	6632.0	4834.5	4641.5	4609.5	3621.0	2020.5	1317.0	1181.0	1107.5	1009.0	980.0	868.5	861.5	1001.5	980.0	866.0	697.0	949.5
SRR17010970_2	7030.0	3677.5	339.5	377.5	412.5	411.5	421.5	439.5	468.0	518.5	584.0	657.5	743.5	871.5	1032.5	1230.5	1507.0	1865.0	2395.0	3186.5	4304.0	5714.0	7822.0	11431.5	15321.0	21194.0	29205.0	39239.5	51281.5	65445.5	86182.5	114935.0	150931.0	198669.0	261737.5	341212.5	430248.0	530008.0	649782.0	767703.0	868968.0	964475.0	1051696.0	1124847.0	1189990.5	1301412.0	1381857.5	1428835.0	1433925.0	1329738.5	1266685.5	1277622.5	1253365.5	1224096.5	1234193.0	1256158.0	1241971.5	1119539.0	970983.0	902354.5	852209.0	791767.5	702846.5	586302.5	511678.0	451397.5	382083.0	318736.0	262839.5	212193.0	165402.0	125726.0	97701.5	76972.0	63195.5	51562.5	42682.5	36122.0	29848.5	25023.5	20286.0	15791.5	12529.0	10444.0	8925.5	7573.0	6214.5	5181.5	4491.5	4190.0	4055.5	4059.5	4662.5	5084.0	4792.5	4623.0	5451.5	6796.5	6150.0	4376.5	6797.5
SRR17010971_1	9641.0	4890.0	129.0	112.0	108.0	105.5	109.5	117.5	131.0	147.5	148.5	184.0	267.5	343.0	456.5	638.5	851.0	1132.0	1509.0	2132.0	2981.5	4119.0	6283.0	9164.5	12338.0	16891.5	25575.5	38914.5	53191.5	69838.5	99069.0	139479.0	188960.0	254116.5	339712.0	437958.0	555155.5	699354.0	856175.5	1012252.0	1171336.5	1321168.5	1438146.5	1525913.0	1595860.5	1614727.5	1610117.5	1609148.5	1594560.0	1582060.0	1554452.0	1549680.5	1525244.5	1467358.0	1463408.0	1496019.5	1496094.0	1759105.5	1637597.5	1178774.5	1079387.5	973640.0	862590.5	761420.0	657136.0	555667.0	453574.0	358282.5	298357.0	247438.5	180149.5	126906.0	94642.0	70683.0	50132.0	38255.0	34190.0	29510.5	22226.0	15153.5	9940.0	7714.5	6010.5	4302.5	3040.0	2471.0	2425.5	2075.0	1162.5	691.0	597.5	563.0	509.0	536.0	487.0	687.5	1053.5	1036.0	783.0	609.0	1351.0
SRR17010971_2	10061.0	5257.5	458.5	466.0	514.0	555.0	564.0	595.0	643.0	679.5	751.0	804.0	891.0	1062.5	1182.5	1410.5	1723.5	2057.5	2624.0	3458.5	4609.5	6257.5	8662.0	12793.0	17528.0	24389.5	34139.0	46950.5	61664.0	79963.5	106287.0	143377.0	190758.5	253579.0	338706.5	443548.0	563534.0	701065.0	859107.0	1013007.5	1149489.0	1270443.0	1376178.5	1463117.5	1523962.0	1608464.5	1675269.5	1710422.0	1708412.5	1627915.5	1578376.0	1579331.0	1546759.5	1502255.5	1500427.0	1524869.0	1504052.5	1375600.0	1217654.5	1140278.0	1082697.0	1002461.5	892519.0	752970.0	650522.0	566506.0	476939.5	396495.0	328394.5	269764.5	212835.5	161460.0	122373.5	94312.0	76184.5	61542.5	49666.5	41043.0	34002.0	27843.0	21898.0	16787.0	13007.0	10364.5	7994.5	6547.0	5622.0	4702.5	4086.5	3762.0	3585.5	3499.5	3672.0	3738.0	3645.0	4024.0	5298.0	7020.5	6761.0	5221.0	10651.0
SRR17010972_1	14969.0	7589.5	203.0	217.0	254.0	240.0	203.0	197.5	189.5	195.0	268.0	364.5	457.0	635.0	889.0	1192.0	1593.5	2068.0	2620.0	3394.0	4448.5	5706.5	7786.5	10441.5	13176.0	17327.5	25608.5	37576.0	49657.0	64474.0	89731.5	124395.0	169805.5	229252.0	304286.5	392406.5	498856.0	632659.5	780390.5	928606.5	1071341.5	1208682.5	1327179.5	1431344.0	1516316.5	1521749.5	1513885.5	1522769.0	1516861.5	1519196.0	1509493.0	1524837.5	1513844.0	1456877.0	1449896.5	1499956.5	1519099.0	1496663.0	1380627.0	1225017.5	1137728.5	1043007.0	943330.0	833519.0	715954.0	610228.0	510003.5	413495.5	349966.5	292963.0	210629.0	146514.0	110334.5	82024.0	58020.0	45074.5	40630.0	35462.0	28610.0	21581.0	15217.5	14478.0	14338.0	10867.0	10113.5	10589.0	7915.0	4995.0	3969.0	4520.0	3655.0	2600.5	1848.0	1219.0	805.0	880.5	1232.0	1489.0	1295.5	764.5	1349.5
SRR17010972_2	36551.0	19213.0	1859.5	1884.0	1971.0	2053.5	2014.0	1919.0	1863.0	1838.5	1860.5	1919.5	2047.0	2228.5	2471.5	2792.5	3154.5	3710.0	4351.5	5176.0	6371.5	7981.5	10444.5	13782.5	17759.0	24272.5	32995.5	44030.5	56854.5	73561.5	97414.0	130409.5	172219.0	228143.5	303189.5	396063.0	502138.0	624961.5	771896.0	917172.0	1041723.5	1161987.5	1272246.5	1368114.5	1438845.5	1483059.0	1527379.0	1569791.0	1574630.0	1555282.0	1556716.5	1566557.0	1548681.5	1502847.5	1478543.0	1475252.0	1437668.0	1340251.5	1228371.5	1171815.0	1124003.0	1051573.0	945630.0	809656.5	705414.0	613981.5	523186.5	442775.0	372489.5	307616.5	238942.0	177168.5	133499.0	103053.0	82316.5	67163.0	55464.0	46959.0	39772.5	33246.5	26268.5	21123.0	18172.0	15609.0	12891.5	12426.0	12001.0	9106.5	7147.0	7361.0	7241.0	7047.0	7897.0	7785.0	6089.5	5500.0	6613.0	7232.5	5410.5	3271.5	4486.0
SRR17010973_1	21360.0	10788.0	187.5	155.5	163.5	174.5	159.5	161.0	169.0	199.0	272.0	389.0	540.5	735.0	1035.5	1390.5	1884.5	2639.5	3654.0	5006.0	7013.0	9530.5	13455.0	18423.5	24223.5	32753.5	47470.0	67276.5	86818.0	112707.0	154810.5	205439.0	267804.5	353242.5	463083.5	582317.0	720517.0	892164.0	1093552.5	1279082.5	1446831.5	1618465.0	1752691.5	1818983.5	1893839.5	1943372.0	1943092.5	1928161.5	1890591.0	1876560.5	1846550.0	1854922.5	1834717.5	1750053.5	1733363.0	1751898.5	1871575.0	2328808.5	2062224.5	1389613.5	1286076.0	1174443.5	1027590.0	878947.5	754736.5	658285.0	569173.5	465501.5	370619.0	291101.5	207175.5	144888.0	103040.5	74112.5	52902.5	39619.0	37868.5	32231.0	20665.0	13552.5	9338.5	6947.5	5430.0	4205.0	3260.5	3076.5	3272.0	2929.5	1797.0	1165.5	934.5	807.0	687.5	643.0	615.0	873.5	1044.0	766.5	513.5	452.5	1043.0
SRR17010973_2	21132.0	10893.5	649.0	627.5	648.0	680.0	674.5	712.0	770.0	810.0	911.0	1041.0	1197.5	1419.5	1705.5	2155.5	2778.0	3621.5	4762.5	6268.5	8334.0	11251.0	15468.5	22215.5	29992.5	42961.0	57425.0	73750.5	93590.5	117206.5	150408.0	195843.0	255018.5	330478.0	422673.0	535405.0	666634.0	816866.5	987207.5	1148293.0	1289184.5	1425511.5	1552549.5	1650430.0	1739506.0	1901110.0	2095161.5	2207038.0	2210423.0	2018146.5	1861924.0	1890090.0	1870378.5	1829250.0	1802740.0	1763213.0	1724943.0	1616816.0	1489048.0	1437594.0	1394386.0	1324251.5	1170849.5	974055.0	844324.5	735719.5	631208.0	546439.0	455161.0	360066.0	281925.0	222672.0	177587.0	137480.0	109657.5	89026.0	72290.0	60037.5	48793.5	39610.5	30854.5	23185.5	17642.0	13336.5	10094.5	7921.5	6221.5	5135.5	4484.5	4036.5	3682.5	3385.5	3397.0	3416.0	3191.0	3060.5	3385.0	3941.0	3723.0	3416.0	7860.5
SRR17010974_1	5364.0	2706.0	46.0	45.5	56.5	64.0	56.5	58.5	66.5	79.0	105.5	128.0	160.5	231.0	315.5	427.5	568.0	780.5	1041.5	1374.5	1910.5	2701.5	4084.0	5817.0	7751.0	10865.5	16419.5	24326.0	33169.0	44635.5	62870.5	88225.0	121283.5	164559.5	222248.0	290649.5	370056.0	467618.5	576661.0	683837.0	787271.0	886601.0	969464.0	1037032.0	1099872.0	1113649.0	1114717.5	1133264.0	1136000.5	1137695.0	1126934.5	1129679.0	1121143.5	1086540.5	1082338.5	1107944.5	1147553.0	1169774.5	1052349.0	902317.0	831410.5	758752.0	685393.0	602389.0	515088.5	435746.5	365567.0	298569.5	249178.5	206810.0	155544.0	113965.5	85699.5	63895.5	46517.0	36798.5	34617.5	30370.5	24007.0	18447.5	13160.5	12559.0	14124.5	11557.5	8543.0	9067.5	7971.5	5803.5	6466.5	7792.0	5787.0	3368.5	2074.5	1350.0	917.0	852.0	915.5	941.0	828.5	560.5	957.5
SRR17010974_2	20203.0	10702.5	1216.0	1241.0	1305.0	1356.0	1340.0	1298.0	1276.0	1238.0	1171.0	1169.0	1209.0	1292.5	1414.5	1530.0	1640.0	1838.0	2218.0	2677.0	3388.0	4396.0	5848.0	8004.0	10691.0	14781.5	20823.5	28810.0	38136.5	50908.0	68653.5	92682.0	124234.5	165859.0	222546.5	292229.5	370680.5	462176.5	570353.0	676664.0	766437.0	851634.5	932377.5	997636.0	1045342.5	1087041.5	1127974.0	1173675.0	1183657.5	1149053.0	1137240.5	1150891.5	1137992.0	1124862.5	1129435.5	1121918.0	1093826.0	1019568.5	926285.5	869708.0	822233.0	761263.0	684871.0	588592.5	510555.0	444183.5	376802.5	317387.0	267344.0	221451.0	175932.5	135956.0	104519.5	80861.5	64477.0	51689.5	43073.5	37013.0	30674.0	26083.5	23203.5	21511.5	17583.5	13402.5	13871.5	12404.5	8192.5	6660.0	6742.5	6343.0	5088.5	4884.0	6045.0	7578.5	7110.5	5452.0	5208.5	5572.5	4367.5	2570.5	3033.5
SRR17010975_1	3514.0	1767.0	28.5	42.0	54.0	63.0	61.0	60.0	70.0	96.5	145.0	198.5	273.0	403.0	621.0	848.0	1111.5	1512.0	1986.5	2481.0	3148.0	4115.0	5574.0	7219.0	9111.0	12138.5	17809.0	25732.0	33877.5	44537.0	62589.5	87173.5	119879.0	162424.5	218623.5	284017.0	360267.0	455395.5	566371.5	678213.5	785395.0	882983.5	963126.0	1035849.5	1108065.5	1129248.0	1132094.5	1139516.5	1126742.5	1120657.5	1110376.0	1111831.0	1093594.5	1074161.0	1121265.5	1201888.5	1234600.0	1583776.5	1434159.0	883434.0	809866.0	736370.5	651976.0	573401.5	495769.5	424431.0	356913.5	283245.5	233034.0	191693.5	135087.5	94147.5	70941.5	54134.5	39460.5	32407.0	35006.0	33149.5	28126.5	22377.0	14968.0	15241.0	19056.5	15490.5	12496.5	14131.0	11781.5	7417.0	4139.0	4441.0	4901.0	4671.0	4144.5	3332.5	2527.0	2000.0	1727.0	1698.5	1505.0	1045.5	3124.5
SRR17010975_2	14334.0	7320.0	417.0	720.0	1111.0	1486.0	1720.0	1743.0	1594.5	1407.0	1292.0	1226.0	1219.0	1269.0	1358.5	1535.5	1811.0	2179.0	2642.5	3215.0	3912.0	4961.0	6480.0	8661.0	11386.0	16117.5	22245.0	30040.0	38801.5	49445.0	65366.0	87144.5	116107.5	156117.0	208855.0	274568.0	352922.0	445500.0	554391.0	662137.0	753089.0	837807.5	918872.5	987528.0	1046587.0	1123144.0	1200088.0	1274698.5	1298669.5	1224186.5	1162704.0	1155856.5	1138241.0	1121067.5	1159688.0	1232309.5	1281222.0	1175660.5	962266.0	863550.5	820243.5	758949.5	677657.0	566362.5	494445.5	443445.5	379618.0	316210.0	256130.5	201835.0	155062.5	115559.0	88012.5	69170.0	56709.0	46391.5	38315.5	32463.5	27489.5	23554.0	20187.5	18204.5	17490.5	15003.5	14054.0	17151.5	14085.5	9053.5	8888.5	9761.0	10352.5	10757.5	12320.0	11165.0	7560.0	6793.5	8945.0	10694.0	7761.0	4049.5	6741.5
SRR17010976_1	4441.0	2242.5	43.5	57.0	68.0	64.0	68.5	69.0	73.0	98.0	127.0	158.0	210.5	299.5	442.5	614.5	818.0	1107.5	1528.0	2036.5	2666.5	3575.5	5040.0	6968.5	9085.0	12358.0	18799.0	27335.0	36292.0	48120.5	68507.5	96258.5	133014.5	180243.5	240432.0	313742.5	399806.5	505810.5	628582.5	753032.5	874318.5	990333.5	1087767.5	1165608.5	1239057.5	1288509.0	1317926.0	1329624.5	1333419.0	1349185.0	1350235.5	1372975.5	1377745.5	1341843.0	1351552.0	1415200.0	1452280.5	1549272.5	1449144.5	1220148.0	1154228.0	1059862.0	933839.0	799417.0	684937.0	584024.5	485337.5	387708.5	321486.5	270985.0	197279.0	137651.5	102721.5	75955.5	54472.5	43449.0	45039.5	41995.5	35814.5	29827.0	21207.5	23797.5	29131.0	21937.5	18932.0	23340.5	19171.0	11159.0	6340.5	9157.0	11703.5	11128.5	9989.0	8259.0	6353.5	4734.0	3638.0	3058.5	2454.0	1589.5	3586.0
SRR17010976_2	17161.0	8780.0	538.5	848.5	1328.0	1823.0	2079.5	2139.5	2003.5	1778.0	1591.5	1464.0	1357.0	1317.0	1394.0	1539.5	1740.5	1984.0	2328.0	2877.5	3680.5	4654.0	6206.0	8479.5	11234.0	15952.5	22125.5	30357.0	40209.5	52675.5	71179.5	96761.5	129699.0	175254.0	235903.5	311394.5	398417.5	499400.0	620935.0	744255.0	851031.0	951656.0	1047747.5	1127893.5	1192372.0	1260558.0	1321132.0	1377512.5	1419768.0	1398018.0	1379883.0	1406411.5	1399815.5	1382210.0	1384191.5	1395154.5	1399030.0	1324847.0	1209128.0	1157381.0	1131755.0	1087597.5	976774.0	802266.0	680626.5	596173.0	506174.0	423460.0	354774.5	294904.0	225900.5	162411.5	122328.0	93173.0	73435.0	59230.0	49849.0	42586.5	35807.5	31155.0	27990.5	28508.0	30199.5	26320.5	23574.0	29800.0	26743.0	16907.5	15406.5	17020.0	18668.0	19631.5	19430.0	14939.0	9503.0	8681.0	10332.0	10657.5	7252.0	4248.5	8342.5
SRR17010977_1	2769.0	1393.0	20.5	22.5	25.0	27.5	28.0	24.0	28.0	45.5	76.5	108.0	138.5	206.0	334.0	498.0	659.5	887.0	1179.5	1515.5	1971.5	2585.0	3584.0	4880.5	6465.5	8666.5	13001.0	19577.0	25980.0	33701.0	48524.5	68382.5	93204.0	126862.0	171114.5	224753.0	289654.0	369494.0	462201.5	557690.5	648926.0	739142.5	821839.5	884640.5	935523.5	967781.5	981476.0	979724.5	977713.5	981806.5	968079.0	970195.0	966270.0	934168.0	923300.0	943902.5	960125.5	1031627.0	941549.5	740343.0	668358.5	605715.5	543624.0	477426.0	413776.5	349974.0	286456.0	231328.0	196678.0	167712.0	123601.0	87052.0	66156.0	49701.5	35656.0	27695.0	24844.5	21651.5	16816.0	12270.0	8945.5	7685.5	6862.5	5459.5	4311.5	4089.0	3974.0	2900.0	1529.5	1308.0	1418.0	1483.5	1381.0	1183.0	869.0	720.5	1072.0	1801.0	1860.5	1130.0	2303.5
SRR17010977_2	11561.0	5900.5	341.0	552.0	877.0	1237.5	1399.5	1385.5	1327.0	1168.0	1003.0	950.5	941.5	949.0	1018.5	1148.0	1262.5	1475.0	1771.0	2250.5	2924.5	3625.0	4865.5	7187.0	9594.5	13586.0	18553.5	24345.5	31830.0	41081.0	54925.0	74008.5	98645.5	132172.0	178209.5	236035.5	302544.0	378948.0	472220.0	567229.5	646577.0	722324.0	794920.0	852722.0	896391.0	946956.0	990957.0	1013297.5	1021265.5	1004582.0	986417.5	989968.5	976886.0	956655.0	950068.5	948629.0	938116.5	865792.0	761325.0	705117.0	665957.0	613707.5	544923.5	460163.5	399291.0	345994.0	291125.5	242617.5	202446.0	170976.0	137020.5	103849.5	79031.5	61170.0	49575.5	39951.5	33019.0	28608.0	24235.0	20199.5	16431.5	13278.5	11250.5	9566.0	7509.5	6512.0	5585.0	4345.0	3641.5	3464.0	3475.0	3595.5	3705.0	3360.0	2925.5	3527.0	5057.0	6066.5	4738.5	3206.0	6930.5
SRR17010978_1	2583.0	1303.5	25.0	27.0	29.0	28.5	27.5	37.0	50.0	52.5	80.0	129.5	206.5	318.5	443.5	604.0	804.0	1061.0	1426.0	1795.0	2243.0	2968.5	4025.0	5161.0	6585.5	8654.0	12394.0	17685.0	23143.0	30480.5	43337.0	60521.5	82454.0	111091.5	149945.5	196565.0	249761.5	315521.0	390493.0	470310.0	553848.5	625077.0	684726.5	735978.5	784313.5	824361.0	845271.0	853142.0	854931.5	856411.5	851770.0	863604.5	864531.5	847278.0	861644.5	903826.5	938534.5	1022324.5	910632.5	699452.0	645183.0	595399.0	539675.0	469194.0	405477.5	350677.5	290879.0	231659.0	191182.0	153314.5	110034.0	78082.5	56853.0	42354.0	31557.0	25288.0	24990.5	22256.0	17310.5	12612.5	8066.5	7501.0	6535.0	4699.0	4132.5	3599.5	3165.0	2345.0	1256.0	963.5	875.0	825.5	733.0	575.5	422.0	438.0	543.5	708.5	719.5	503.5	2060.5
SRR17010978_2	11074.0	5645.5	300.0	510.0	800.0	1118.5	1271.5	1241.5	1189.0	1101.5	971.5	905.5	931.0	949.0	1009.0	1133.0	1311.5	1579.0	1885.5	2322.0	2937.5	3657.0	4543.0	6068.5	7985.0	10871.5	14543.0	19559.5	25797.0	33270.5	44542.5	59907.5	79495.5	107104.5	145354.5	193420.0	249210.0	314137.0	389777.0	466615.0	534118.0	593405.0	650458.0	702966.0	754017.5	821012.5	872442.5	912293.0	928392.5	887651.5	865746.5	885814.0	883877.0	879515.5	896258.5	905257.5	893050.0	817621.0	719388.5	680039.0	654825.5	622084.0	562544.5	467840.5	401644.5	356961.5	300918.5	247026.5	204825.0	163815.5	126040.0	92654.5	69442.5	55192.0	46102.0	37260.0	29804.5	24866.5	20893.0	17853.0	14216.0	10922.5	8867.0	7209.5	5678.0	5862.0	5294.5	3855.0	3566.0	3095.0	2844.5	3271.5	4024.5	3678.5	2865.5	3422.5	5250.5	6899.5	5466.5	3081.0	5440.0
SRR17010979_1	21302.0	10827.0	346.5	349.0	367.5	359.5	340.0	372.5	390.5	381.5	421.5	467.0	527.0	640.5	814.5	1037.5	1337.0	1866.5	2759.0	4073.0	6272.5	9013.0	13164.0	19411.5	25725.5	34543.0	50661.5	73276.0	95551.0	121298.0	163730.5	217517.5	286085.5	372651.5	485238.5	609924.5	756991.5	940889.0	1162560.5	1358810.0	1526080.5	1735997.5	1915611.5	2023663.5	2208545.5	2267669.5	2202768.0	2204461.5	2180173.0	2180874.0	2154566.0	2221971.5	2246438.0	2129213.0	2149375.5	2645293.5	2963320.5	2359925.0	1786087.0	1636837.5	1523155.5	1405821.0	1254510.0	1074271.0	902815.0	773378.0	701235.0	606693.0	483349.5	385291.0	287914.5	201815.5	142805.0	109190.0	80161.5	64961.0	72258.5	66633.0	41338.5	25327.5	19521.0	16931.0	14752.0	10734.5	7741.5	7376.0	7544.5	7122.0	5070.0	3534.0	3022.0	2559.5	2188.5	1998.5	1822.0	1928.0	1671.5	1067.0	749.0	543.0	1134.0
SRR17010979_2	22303.0	11871.0	1367.5	1313.0	1339.0	1345.5	1391.0	1394.0	1367.5	1412.0	1487.5	1570.5	1630.5	1740.0	1968.5	2253.5	2635.5	3342.5	4345.5	5725.5	7817.0	10893.0	15756.0	24251.0	33707.5	51102.5	67262.0	83039.5	104632.5	128865.5	162487.5	210606.0	273733.0	353834.5	444932.5	551037.5	680609.0	833238.0	1012129.5	1172937.0	1312993.5	1479083.0	1655780.5	1778345.5	1922453.5	2222321.5	2615445.5	2626511.5	2312807.5	2154188.5	2156974.0	2246021.5	2292625.5	2340218.0	2282027.5	2123162.0	2123011.0	2024052.5	1823256.5	1774394.5	1705488.0	1585554.0	1394805.0	1151854.0	1006672.5	892519.0	778752.5	680026.5	570480.5	460030.5	370210.5	306778.5	258448.5	206893.0	167638.5	139223.5	116010.5	99414.0	82053.5	69285.0	56538.0	42641.5	33240.0	26359.0	19957.0	14882.5	11676.0	11220.5	11166.5	9789.5	7699.5	6404.0	6242.0	6026.5	5073.5	4377.0	4311.0	4439.5	4034.5	3770.5	8396.0
SRR17010980_1	1630.0	823.0	22.5	36.0	47.0	46.0	46.0	48.0	51.0	66.0	88.0	96.5	115.0	181.0	251.0	319.5	451.5	632.5	843.5	1131.5	1562.0	2180.5	3308.5	4750.0	6354.0	8849.5	13497.5	20531.5	27849.5	36482.0	51375.5	71577.5	97525.5	130773.0	174209.5	226526.0	287588.5	365122.0	452478.5	538141.0	623214.0	705959.5	773969.0	827466.0	877876.5	902644.0	908877.0	917672.5	920475.5	917388.5	902034.5	904631.0	900289.0	868075.5	860975.5	877546.0	883272.0	935433.0	854066.0	688030.5	628566.0	569374.0	511416.5	448208.5	385176.0	325164.5	268777.0	218938.0	185989.5	157283.0	117203.5	85114.0	66628.0	52068.0	38536.0	30563.5	28628.5	25429.0	20298.5	15303.5	11168.5	10774.0	11779.5	10164.5	7553.5	8268.5	7835.0	4859.0	2959.5	2734.0	2725.0	2684.0	2428.0	2065.0	1668.5	1338.5	1344.5	1663.0	1707.5	1214.0	2014.5
SRR17010980_2	10156.0	5244.5	412.0	597.0	875.5	1194.5	1419.5	1434.5	1332.0	1202.5	1091.0	1023.0	967.0	990.0	1069.5	1171.5	1284.0	1406.5	1656.0	2130.0	2767.0	3554.0	4820.5	7178.0	9839.5	13826.0	19001.0	25380.0	33149.5	43122.0	57891.5	77832.5	103309.5	136933.5	181326.0	236402.5	299074.0	372146.0	458631.0	542890.0	617820.0	688332.0	750485.0	803767.5	842947.0	888598.0	928024.5	952650.5	955101.5	920460.5	903930.5	914561.5	903075.5	889720.0	890605.0	886072.0	854242.5	783123.5	707608.0	662554.5	625403.5	576187.5	509630.0	428235.0	370996.5	323440.5	273501.5	228295.0	191031.5	160705.0	128865.5	100129.0	78411.0	62311.0	51596.5	41583.5	35680.5	32211.5	27675.0	23481.0	19612.0	16739.0	15367.5	13573.0	10824.5	10924.0	9795.0	6666.0	5832.5	5969.0	5485.5	5180.0	5468.0	5709.5	4919.5	4329.0	5050.5	5490.5	4314.0	2990.0	5778.5
SRR17010981_1	6016.0	3133.0	244.0	236.5	202.0	160.5	147.0	123.0	103.5	94.0	101.0	128.5	149.0	171.5	217.5	313.0	443.0	608.0	859.0	1209.5	1759.0	2507.5	3737.0	5314.0	7097.5	9570.5	13788.0	20209.5	27769.0	36834.0	50925.0	70661.5	95324.5	130089.0	176299.5	227369.0	287446.0	364615.0	453604.0	541524.5	631571.5	732080.0	828163.0	878796.0	907318.5	918805.0	927354.5	952028.5	962899.5	948595.0	911026.5	910422.0	903352.0	876986.0	874746.0	914261.5	1027341.5	1110287.0	911226.5	677243.0	623707.5	569027.5	508732.0	449469.0	397487.0	341497.5	283373.0	228146.0	192803.5	161219.0	118869.0	86382.0	64393.5	47912.5	35981.0	27128.5	22054.5	17266.0	11469.5	7910.0	5768.5	4216.5	2996.0	2277.0	1946.0	2089.5	2450.0	2447.0	1911.5	1810.5	2171.5	2327.5	2145.0	1888.5	1758.5	1824.5	1870.0	1516.5	1246.5	1317.5	1194.5
SRR17010981_2	7016.0	3738.0	437.5	399.0	386.5	382.5	369.5	341.5	323.0	353.5	400.0	435.5	484.0	528.0	578.0	684.0	835.0	1007.0	1277.0	1715.5	2327.0	3231.5	4568.5	6608.0	8915.5	12488.0	16890.5	22188.0	29505.0	39013.5	52113.0	70405.5	93963.0	124339.5	166101.0	220967.0	283110.0	354644.0	438625.5	520381.0	595290.5	680275.5	771914.5	828799.0	885740.0	983050.5	1055485.0	1112543.5	1093913.5	987736.5	933057.0	921246.5	895868.5	877023.0	878002.5	871587.0	838492.0	772827.5	702224.5	666418.5	638093.0	595563.0	540157.0	465439.5	410614.0	363059.5	308327.5	263700.5	222521.5	182741.0	146376.5	116693.5	90314.0	69264.0	56691.5	46365.0	37361.5	30985.5	25635.0	20823.5	16171.0	12602.0	9851.0	7382.5	5953.5	6115.0	5680.5	4282.5	3795.0	3785.0	3820.5	3457.0	2871.5	2430.5	2129.5	2070.5	2330.5	2623.5	2551.5	2510.0	6014.0
SRR17010982_1	5475.0	2776.5	58.5	39.5	43.5	38.0	41.0	48.0	44.0	52.0	64.5	84.0	125.0	193.5	272.5	376.0	531.0	703.5	916.5	1215.0	1616.0	2126.0	2996.0	4127.5	5367.5	7340.0	11039.5	16454.5	22482.0	30061.0	42474.0	59456.0	81874.0	111156.5	150194.5	197891.0	255009.5	325216.0	406189.5	493507.5	579864.0	653625.0	723178.5	793070.5	859182.0	896649.5	911595.5	923204.0	928720.5	932611.0	924473.0	938332.0	940365.0	918158.5	925572.5	947918.5	1008889.5	1017364.5	867955.5	735292.5	683464.5	633073.5	583295.0	524086.5	461493.5	395130.5	335073.5	278755.0	226770.0	184474.5	138594.5	100406.5	76032.5	58529.5	43137.0	34150.0	36972.5	34368.5	24593.0	17585.0	11410.0	10003.5	9695.0	7870.5	5831.0	5493.5	6151.5	5243.5	2940.0	2021.0	1861.5	1704.0	1558.5	1488.0	1280.0	1236.5	1379.5	1430.0	1334.5	1070.5	1100.0
SRR17010982_2	5477.0	2863.0	259.5	262.0	268.5	276.0	288.5	299.0	322.5	359.0	386.5	436.0	485.5	542.0	648.5	801.0	991.5	1203.5	1493.0	1912.5	2442.0	3182.0	4297.0	6072.5	7918.5	10889.0	14956.5	20148.5	26841.0	34993.0	46845.5	63310.5	84555.5	113210.5	152141.5	202255.0	261780.5	329785.5	409155.0	491085.0	564068.5	628435.5	693046.5	754223.5	806919.0	872654.5	929624.0	973857.0	993846.5	973601.5	964073.0	970725.0	967643.5	953909.5	947515.5	937201.0	901094.5	832553.5	756752.5	716213.5	687274.5	653113.0	592572.0	509124.0	452874.0	404136.0	342329.5	285309.5	235629.0	192824.5	153590.5	116976.5	89204.0	69055.5	56732.0	45499.5	38230.5	33152.0	27351.0	23265.0	19138.5	15287.0	12622.0	10432.5	8268.0	7884.0	6993.5	5259.5	4800.0	4592.0	4172.5	4143.0	4811.0	5379.0	5055.5	5146.5	7219.5	9665.5	8145.0	4597.5	5570.0
SRR17010983_1	10379.0	5220.0	61.5	73.0	88.0	92.0	95.0	101.5	127.5	180.0	235.0	324.0	489.0	706.5	983.0	1313.0	1758.5	2327.0	3019.5	3846.5	4950.5	6319.0	8478.5	11311.0	14107.0	18088.5	26538.5	38712.5	51346.5	66789.0	93543.5	130118.0	176926.5	238640.0	318287.5	411585.0	518937.0	654092.5	803784.0	944835.0	1084286.5	1230047.5	1352266.0	1436215.0	1503033.5	1511880.0	1502446.5	1501994.5	1488393.5	1484830.5	1462998.0	1461248.5	1441425.5	1381341.5	1369592.0	1412585.5	1454141.5	1416519.0	1232611.5	1063102.0	985083.0	891804.5	786936.0	678413.0	582783.5	499329.0	416962.0	334747.0	278565.0	234231.5	175157.0	126053.5	94379.0	69524.0	49175.0	37864.0	33504.0	28872.5	22488.0	16343.0	11456.5	9890.5	9451.0	7468.5	6367.5	6212.5	5097.0	3465.5	2146.5	2132.5	2033.5	1724.0	1436.0	1087.5	850.5	1035.0	1662.5	2400.5	2239.5	1277.5	1410.0
SRR17010983_2	30284.0	15806.0	1344.5	1454.5	1597.5	1639.5	1615.0	1581.5	1524.0	1485.0	1565.0	1643.0	1741.5	1958.0	2248.0	2624.5	2984.0	3467.5	4263.0	5179.0	6355.0	7980.0	10322.0	13619.5	17463.0	23841.5	32747.0	43956.5	56874.5	74053.5	98779.0	132446.5	177007.0	236250.0	315514.0	412554.5	520043.0	644403.5	791901.5	934999.0	1059237.0	1180439.5	1288697.5	1372281.5	1435720.5	1480169.0	1518751.0	1554267.0	1550839.0	1510875.5	1490405.0	1488770.0	1459759.0	1416602.5	1391925.0	1384315.5	1351503.0	1247881.0	1121442.0	1056347.0	998563.5	910167.5	803151.0	680340.5	587556.0	508601.0	431442.0	362400.5	303371.5	252772.5	199607.0	152107.0	116913.0	88755.5	69170.5	55267.0	45076.5	37793.0	31667.0	26297.0	20906.5	16955.0	14578.5	11979.5	9713.0	9097.0	7378.5	5207.0	4448.5	4445.0	4347.5	4228.0	4363.0	4252.5	3802.5	3817.0	4795.5	5592.0	4516.0	2802.5	3522.0
SRR17010984_1	10759.0	5402.0	49.5	60.5	69.0	71.0	69.0	82.5	111.5	132.5	160.5	212.5	302.5	428.0	592.5	784.5	1029.0	1383.0	1867.0	2426.5	3162.0	4283.0	6085.5	8541.5	11237.0	15116.5	23065.5	34561.0	45745.5	59158.5	82969.0	115462.5	157525.0	212732.0	283125.5	364466.5	458912.0	579741.5	711160.5	831843.0	951940.0	1067202.0	1160330.0	1236451.0	1307658.0	1320579.5	1311037.5	1314396.0	1301785.5	1296342.5	1280934.5	1287681.0	1282733.0	1246569.0	1259212.0	1453421.0	1449634.5	1196274.0	1062990.5	978857.0	906505.5	823113.0	738044.0	648023.0	561209.5	474415.0	390251.5	317663.0	267675.5	224732.5	165245.0	117380.5	88337.5	65420.0	46993.5	36247.5	33094.0	29223.0	22419.0	15607.0	10568.5	8911.0	7574.5	5667.0	4831.5	4512.0	3906.5	2821.5	1645.0	1353.5	1056.0	845.5	691.0	497.5	303.0	479.5	762.0	891.5	772.5	463.0	1110.0
SRR17010984_2	29028.0	15195.0	1369.5	1475.5	1651.0	1673.0	1595.0	1555.0	1504.5	1484.0	1493.5	1552.0	1644.5	1758.0	1911.5	2106.5	2398.0	2744.0	3207.0	3916.5	4967.5	6385.0	8419.0	11409.5	14957.0	20833.0	28969.5	39567.5	51137.5	66065.0	88117.0	117890.0	157321.5	210001.5	279381.0	364279.0	459927.0	570805.5	698484.0	822011.0	931813.5	1031702.0	1118552.5	1191010.5	1242241.0	1292156.5	1357268.0	1413365.5	1392801.5	1324686.5	1308152.0	1327044.5	1324449.0	1330350.5	1322196.5	1257264.0	1175605.0	1093377.5	1011165.5	955177.0	909282.5	848568.0	755895.0	638718.5	556374.0	482043.0	402689.0	335294.5	282421.5	236970.5	186704.5	141468.5	108338.5	83817.0	66751.5	53434.5	44059.5	37353.0	30981.0	25817.5	20684.0	15829.0	12447.0	9939.0	8124.5	7148.5	5650.5	4283.5	3693.5	3399.5	3115.0	3065.5	3530.0	3635.0	3143.5	3189.0	4033.5	4682.0	3733.5	2273.5	3153.5
SRR17010985_1	15916.0	8050.0	174.5	164.5	169.0	170.5	163.0	143.5	141.5	148.5	149.5	179.0	231.5	295.5	401.0	552.5	732.5	1020.5	1546.5	2325.0	3633.5	5281.0	7805.5	11585.5	16118.0	22564.5	34618.0	51619.5	67133.5	85681.0	118247.0	158737.0	209034.5	276261.5	358515.5	453284.5	567585.5	710210.0	871110.5	1016187.5	1150956.5	1305959.0	1444301.0	1529882.0	1615241.0	1612812.5	1564810.0	1563365.0	1552041.0	1542526.5	1521553.0	1547398.0	1536926.0	1459558.5	1441456.5	1458814.0	1486506.0	1940162.5	1773259.0	1108434.0	1006338.5	931466.5	838670.0	728964.0	629704.0	543577.0	471081.0	394146.0	320275.0	254597.5	182676.5	129664.0	95560.0	70551.5	50637.0	38522.0	32647.5	25351.0	16479.5	11093.5	8531.5	6611.0	5389.0	4090.5	3075.0	3117.5	3067.5	2686.5	1969.5	1571.5	1414.0	1211.5	1068.0	1037.0	1009.5	1246.0	1313.0	960.5	680.5	564.5	1133.5
SRR17010985_2	13458.0	7081.0	721.0	737.0	742.5	768.0	823.5	865.0	856.5	869.5	932.5	980.0	1035.5	1155.5	1318.0	1520.5	1830.5	2243.5	2817.0	3827.5	5331.0	7426.0	10786.0	16581.5	23064.5	33438.5	45185.5	59120.5	76616.5	96769.0	123942.0	160490.0	208572.0	270744.5	347534.0	442012.5	544490.0	660916.0	810992.0	955434.0	1072628.5	1200194.5	1336350.0	1424784.0	1473849.5	1601761.0	1753303.5	1839866.0	1856337.0	1704432.0	1576878.5	1578972.5	1542122.5	1477921.5	1454364.5	1438899.5	1407952.5	1310031.5	1177262.5	1110660.5	1050104.5	980990.0	887697.0	786630.0	698233.5	594501.5	506825.0	437102.5	362656.5	291791.5	234143.0	184914.5	145112.0	112527.5	88563.0	70998.0	57002.5	46409.0	37287.0	30129.5	24084.5	18572.5	14540.5	11469.5	8841.5	7068.5	5936.0	5622.0	5785.5	5457.5	4637.5	3926.5	3445.0	3264.0	3149.0	2978.0	3005.0	3278.5	3467.0	3658.0	7658.0
SRR17010986_1	8672.0	4361.0	54.5	65.5	74.0	80.0	77.0	71.0	78.5	91.0	97.5	124.5	167.0	215.0	269.5	338.5	445.0	637.0	876.0	1127.5	1556.0	2166.0	3120.0	4523.5	6120.5	8577.5	13267.5	19762.0	26686.0	35867.0	51558.0	73231.0	100745.0	136622.5	183492.5	240760.0	309568.5	392270.0	486410.5	582595.5	681618.0	775166.5	849701.5	909284.0	965348.5	975341.0	967767.0	983969.5	988792.0	988195.5	980402.0	988035.5	986255.5	965651.5	980261.5	1033729.5	1057013.5	1093391.0	987203.5	807978.5	753615.0	688620.5	618580.0	548573.0	479825.0	406249.5	337544.5	280464.5	229006.0	186573.5	142435.5	103863.0	77959.5	58048.0	42246.0	33050.0	30507.0	26970.0	22518.0	17470.0	12422.5	13623.5	12539.0	8769.0	9831.5	9177.0	5772.0	3898.0	3237.0	3412.0	3028.5	2697.5	2334.0	1621.5	870.0	687.5	866.5	1064.0	932.5	545.0	895.0
SRR17010986_2	22735.0	11865.5	1006.5	1081.5	1119.0	1118.0	1139.5	1121.0	1083.0	1119.0	1123.5	1112.5	1182.5	1229.5	1277.0	1399.5	1565.0	1732.0	1974.5	2351.0	2981.0	3707.0	4809.5	6736.0	9045.0	13130.0	18399.5	24824.5	32767.0	42325.0	56543.0	76377.5	101754.0	137045.0	184358.5	242350.5	311531.5	392447.5	486477.5	584117.0	671573.0	749525.5	819144.5	875504.0	915232.0	952020.0	990466.5	1038043.0	1051614.5	1020258.0	1008253.5	1013785.5	1010514.0	1001812.0	1003275.5	1009510.5	989552.5	922496.0	834317.5	783144.0	748004.5	703071.0	630145.5	533929.0	469763.0	410104.0	343722.0	287981.5	242067.0	200438.5	158343.5	122111.0	94197.5	72488.0	57748.0	46348.5	37872.0	31464.5	26042.5	21949.5	17725.5	14873.0	13986.5	12180.5	11109.0	12379.5	9997.5	6820.0	7272.0	7847.5	7184.0	6688.0	7086.0	6455.5	4691.5	4236.5	5290.0	5878.5	4474.0	2761.5	3922.0
SRR17010987_1	9276.0	4665.5	56.0	62.5	60.5	58.0	67.5	91.0	117.0	139.0	217.5	312.5	430.0	596.0	828.5	1190.0	1617.0	2090.5	2680.0	3411.0	4422.0	5714.5	7670.5	10192.5	12835.0	16818.5	24652.0	35534.0	46432.0	59976.5	83220.5	115772.5	156173.0	207174.0	275591.0	355074.5	445568.5	560550.5	683131.5	796237.0	914272.0	1033438.0	1125080.5	1199609.0	1264986.0	1281351.0	1289914.0	1301880.5	1295414.5	1293642.5	1276541.5	1274809.0	1267598.5	1241604.5	1254701.5	1307580.0	1465943.0	1604572.5	1335889.0	1011933.0	931425.5	848051.0	750803.0	652152.0	562504.5	482034.0	404629.0	324184.0	267307.5	222703.0	167606.5	120167.5	88874.0	65855.5	47508.0	37151.0	33431.0	29365.0	22730.0	15391.5	9951.5	7742.5	6018.0	4579.5	3677.5	3205.5	3099.0	2423.0	1277.0	868.5	693.0	595.0	430.0	257.5	199.5	412.0	657.5	751.0	672.5	456.0	1154.0
SRR17010987_2	27572.0	14388.5	1245.0	1317.0	1427.0	1502.0	1493.5	1445.0	1402.0	1420.5	1452.5	1543.0	1666.0	1859.0	2101.5	2359.5	2745.0	3251.5	3931.0	4762.5	5890.5	7349.0	9629.5	12818.5	16132.0	22014.0	30411.5	40223.0	51236.0	65826.5	86562.5	115551.5	153069.0	201974.0	268970.0	350169.5	441405.5	548015.5	670153.5	786325.0	889142.0	986776.5	1071155.0	1144847.5	1207235.5	1276641.5	1353058.5	1431942.5	1444235.0	1358914.5	1305817.0	1304175.5	1295261.0	1295899.0	1324909.5	1354920.0	1322587.5	1203249.0	1067118.0	995678.0	943844.0	868317.5	771219.0	657794.0	569984.5	493108.0	416980.0	350636.0	292520.0	241620.5	191038.5	145385.0	112932.5	88282.0	69659.0	55002.5	44415.0	36896.5	30281.0	25195.0	20102.5	15377.0	11686.5	9129.0	7441.0	5972.0	4560.5	3699.5	3050.5	2611.5	2466.5	2497.0	2641.0	2689.5	2579.5	2814.5	3879.5	4930.5	4157.5	2573.0	3480.5
SRR17010988_1	8323.0	4203.0	80.5	74.0	76.0	76.5	68.0	71.5	78.5	89.0	112.5	139.0	182.0	236.5	322.5	442.5	613.5	862.0	1146.5	1578.0	2243.5	3188.5	4778.5	6950.0	9431.5	12962.0	18983.5	28229.5	39080.0	52404.5	73937.5	102552.0	140638.0	190237.0	252833.0	328676.0	418232.0	527012.0	650666.5	777798.0	899120.5	1008416.0	1104788.5	1182604.0	1250606.5	1295476.0	1311112.5	1308891.0	1306518.5	1309221.5	1294068.0	1298521.5	1296385.5	1268735.5	1277182.5	1328384.5	1462562.0	1353227.5	1107400.0	1043922.5	976831.5	895909.0	809925.0	714274.5	616748.0	524148.0	435796.0	355810.0	300840.0	250839.5	184123.5	130303.5	97150.0	73177.5	54070.0	43286.0	41129.5	36228.5	28049.5	20341.0	13808.5	12601.5	10998.0	8084.5	6849.0	6673.0	6176.0	4733.5	2683.0	1710.0	1346.0	1229.5	1188.5	1219.0	1132.0	1093.0	1218.0	1250.0	1041.5	736.5	1015.5
SRR17010988_2	8472.0	4458.5	427.0	436.0	456.0	476.0	492.5	509.5	553.0	587.0	623.5	674.0	756.0	854.0	947.0	1126.5	1368.0	1670.0	2082.0	2694.0	3629.5	4968.5	6932.5	9913.5	13489.5	18486.5	25192.5	34074.5	45274.0	60048.0	80533.0	107877.0	143548.5	191965.0	256786.0	335970.0	426686.0	532772.5	658442.0	780558.0	881666.0	980411.0	1075380.5	1149292.5	1200807.5	1269177.0	1324584.5	1355193.0	1351621.5	1310286.5	1305559.0	1323046.0	1315455.5	1309391.0	1316320.0	1287477.0	1224492.0	1152422.0	1068844.0	1009838.5	967444.0	906104.0	812575.0	695581.0	610417.0	538291.5	457194.5	383694.0	320627.5	264447.0	210285.5	160103.0	121759.0	94577.5	77350.0	62683.0	51613.0	44369.5	37194.5	30921.0	24960.0	19749.5	16281.0	13964.5	12467.0	11266.5	8927.5	7142.0	6480.0	6346.5	6321.5	6782.0	7320.0	6930.0	6106.0	6159.5	7518.0	8623.5	7216.0	5311.5	9728.0
SRR17010989_1	5714.0	2871.0	30.5	41.5	52.0	53.5	53.5	57.0	64.5	78.0	93.0	115.5	154.0	206.5	278.0	377.5	483.0	626.0	890.5	1214.5	1664.5	2465.5	3743.5	5308.5	7253.0	10205.0	16105.5	24401.0	32624.0	43051.0	59713.0	83273.0	114546.5	153290.5	203152.0	262069.5	331234.0	414744.5	507309.0	602390.0	698102.5	783454.5	848656.5	895965.0	943516.0	973982.0	981142.5	987291.5	984901.0	976585.5	964149.5	968681.5	962794.5	944206.0	971433.5	1037785.5	1088270.5	1198758.0	1073539.5	820817.5	761503.5	694020.5	610968.5	523760.0	451269.5	376154.0	306432.5	252137.5	203639.0	162906.0	121764.5	88617.0	68637.5	53493.5	39630.0	32887.5	33331.0	31666.0	24598.5	16535.5	11202.0	9784.0	7695.5	5704.0	5095.0	4755.0	4926.5	3921.5	2083.0	1654.5	1488.0	1262.0	879.0	517.5	356.0	528.0	773.0	823.5	681.0	415.0	976.0
SRR17010989_2	19576.0	10240.5	912.0	1006.5	1081.5	1100.5	1130.0	1097.0	1082.0	1064.0	1009.0	1016.0	1078.5	1161.5	1222.0	1308.0	1497.0	1706.0	1941.5	2318.5	2943.5	3884.0	5248.5	7377.0	9972.0	14507.5	20675.5	28439.5	37282.0	48358.5	63528.5	84513.5	112616.5	149309.5	197764.5	257086.0	326122.5	407438.5	499686.0	592365.5	673476.5	744590.5	810655.0	863406.5	905796.0	964107.5	1022595.0	1069629.0	1074517.0	1018581.0	986464.0	996140.0	992383.5	1000142.0	1014830.0	1019741.0	1032816.0	975150.0	853793.0	795199.0	764472.0	718506.5	634385.0	512188.5	437967.0	384658.5	324075.0	268693.0	222949.5	185548.5	145301.0	107008.5	82070.5	66009.0	54839.5	44668.5	37599.0	33269.0	28180.0	23889.0	19489.5	15001.0	11519.5	9662.0	7624.0	6595.5	5832.0	4280.0	3346.0	3157.5	3116.0	3044.0	2963.5	2812.0	2819.5	3467.0	4465.5	4844.5	3634.0	2035.5	2306.0
SRR17010990_1	17322.0	8787.0	261.5	279.5	272.5	272.5	249.0	221.0	226.0	236.0	252.0	295.5	383.0	455.5	602.5	821.5	1104.5	1481.0	1970.5	2630.0	3623.0	5004.0	7517.5	11015.5	14714.0	20005.0	30120.5	45673.0	62196.5	81523.0	115311.5	162536.5	224278.5	305369.5	408987.5	532328.0	680357.5	861612.5	1062196.0	1261949.0	1453381.0	1634698.0	1794887.0	1945815.0	2076191.0	2100954.0	2100414.5	2120649.0	2115057.0	2117028.5	2107291.0	2137490.5	2133033.5	2070192.0	2068831.5	2171108.5	2238361.0	2142487.5	1893515.5	1665308.0	1547681.0	1418023.5	1278434.5	1130998.5	982293.0	837076.5	700835.0	570437.5	476437.5	394942.5	290703.0	211460.0	160026.5	118727.0	84937.0	65515.5	57707.5	49266.0	37895.0	26860.5	18659.5	15838.0	15019.0	11718.0	8356.5	8170.0	8343.0	6729.5	3869.5	2641.5	2235.0	2031.0	1894.0	1823.5	1650.5	1829.0	2065.0	1886.0	1555.0	1186.0	1645.0
SRR17010990_2	16493.0	8615.5	734.0	718.0	693.0	692.5	700.0	717.5	791.0	834.0	857.0	951.5	1073.5	1186.0	1313.5	1542.0	1890.0	2383.0	3028.5	3935.0	5163.0	6838.0	9461.5	13603.5	18585.0	26488.5	37247.5	51090.0	67496.0	89460.5	120955.0	164991.5	223238.0	300187.5	401663.5	526304.5	673127.0	844828.5	1043070.0	1237473.5	1404896.5	1567017.5	1720281.5	1847623.0	1943956.5	2026721.0	2134328.5	2213474.0	2192342.5	2158491.5	2175112.0	2204234.0	2206017.5	2156296.0	2105965.5	2074945.5	2006898.0	1875587.5	1722202.5	1634644.0	1566720.0	1461010.0	1308598.5	1125417.5	988797.0	863534.0	729991.0	615630.5	516346.0	426647.0	340686.5	261688.5	200629.5	153853.5	120904.0	97522.0	80208.5	67593.5	55964.0	45618.0	36591.0	28748.0	23646.5	19678.0	15939.0	14192.0	11568.5	8801.5	7516.5	7126.0	6887.5	6736.5	7257.5	7312.5	6298.5	6040.5	7548.5	9027.5	7467.5	4938.5	8033.0
SRR17010991_1	20216.0	10154.0	93.5	94.0	85.0	71.5	69.5	79.0	98.0	112.5	108.5	123.5	170.5	204.0	254.0	361.0	500.5	686.5	1079.0	1620.0	2475.0	3609.0	5324.5	7617.5	10631.0	15001.0	22931.5	33378.0	41847.5	53722.0	75591.0	100587.0	132960.0	172752.0	226238.5	286486.0	351335.0	439658.5	559228.0	663508.0	747098.5	836371.0	920771.0	985640.5	1080081.5	1137220.0	1122372.5	1102561.0	1086503.5	1100587.0	1097465.0	1137535.0	1159058.0	1100763.0	1093020.5	1149842.5	1539862.5	1550265.5	1040608.0	843352.0	801441.5	760331.5	688899.5	597739.5	509693.5	447344.0	402068.0	338599.5	297553.5	248727.5	166944.5	113577.0	78669.0	57676.0	42006.5	32512.0	34949.5	31246.0	19245.0	12755.5	8731.5	6235.0	4994.0	3924.5	2907.5	2941.5	3252.0	2879.5	2002.0	1947.5	2175.0	2141.5	1943.5	1785.5	1677.5	1937.0	1672.5	900.0	657.0	516.5	715.5
SRR17010991_2	20656.0	10532.5	400.0	384.5	411.0	437.5	400.5	406.0	436.5	430.5	462.5	509.0	550.0	616.5	688.5	784.0	937.0	1201.5	1528.0	1950.0	2629.5	3679.5	5493.5	9402.0	13366.5	22067.5	28677.5	34158.5	42197.5	49946.0	63904.5	85121.5	112426.0	147859.0	190657.5	242855.5	305819.5	377757.5	468431.5	548182.0	612303.0	694733.0	785103.5	851037.0	907397.0	1046136.5	1209947.0	1375058.5	1362376.0	1159907.5	1112228.0	1163567.0	1175158.5	1195954.0	1178412.0	1118092.5	1089451.5	1027296.0	959018.5	942212.0	911494.5	874902.0	792163.5	665767.0	597612.0	545337.0	483417.5	429643.0	355275.0	271126.0	211550.0	166965.5	136083.0	112037.0	90092.0	72257.0	58289.0	48919.5	40071.0	33012.5	26333.5	19612.0	14871.5	11261.5	8549.0	7183.0	5866.0	4828.5	4705.0	4527.0	4052.5	3563.0	3237.0	2960.0	2670.5	2669.0	3071.0	3599.5	3246.5	2609.5	5257.5
SRR17010992_1	5645.0	2870.5	92.5	90.0	84.5	85.0	86.0	82.5	93.0	105.5	125.5	173.0	251.0	360.5	521.0	736.5	1000.5	1388.5	1876.0	2458.5	3275.5	4366.0	6164.5	8480.0	11288.0	15453.0	22373.0	32592.0	45525.5	64490.0	95761.0	138302.5	194767.5	273635.0	385639.0	521653.5	683849.5	887648.0	1122346.5	1379881.0	1638251.5	1847089.0	2047081.0	2263956.0	2457629.5	2568025.5	2644096.0	2675358.5	2667366.0	2683429.0	2659686.0	2701400.0	2705280.5	2623219.5	2596786.5	2610220.5	2565458.5	2847792.5	2602269.5	1926141.5	1757967.0	1595808.5	1444792.5	1292140.0	1129807.5	955746.0	771234.5	617291.0	520481.5	424658.0	308095.0	219480.5	163618.5	122319.5	90951.5	70991.5	64282.5	56781.0	40850.5	28142.0	20000.5	17685.0	18356.0	14966.0	9971.5	10255.5	11210.5	10131.5	6951.0	4641.5	3532.5	2594.0	2379.0	2819.0	2977.5	3275.0	3009.0	2280.0	2524.5	2851.5	3003.5
SRR17010992_2	49469.0	24909.5	350.5	343.0	351.5	374.0	380.5	419.5	490.5	558.0	642.5	750.5	909.5	1115.5	1406.5	1835.5	2326.0	2906.5	3717.0	4655.0	5846.5	7473.5	9588.0	12667.5	16225.5	22177.5	29952.0	39603.5	52500.0	71651.0	101111.5	142691.5	199405.5	279803.0	389880.0	530607.5	701066.0	903330.5	1138337.5	1373429.5	1576554.5	1768070.0	1964560.5	2150298.5	2312909.0	2484479.0	2656933.5	2753372.5	2810460.0	2773383.5	2713032.0	2763595.5	2759315.5	2684853.0	2661368.0	2661079.5	2580053.5	2329920.5	2040842.5	1894859.0	1784995.0	1648011.0	1474959.0	1266727.0	1111788.0	977906.0	820063.0	673859.0	551897.0	450828.0	359193.0	271216.0	204854.0	161754.0	134000.5	107749.5	87330.5	75615.0	64422.0	54131.0	42996.5	32888.0	26528.0	22201.5	19378.0	18574.5	15823.0	12453.5	11203.0	11255.0	11150.0	10535.0	10811.0	10706.0	9519.5	8826.5	9973.0	12130.5	11115.0	8762.0	15833.0
SRR17010993_1	2978.0	1579.0	174.5	182.5	204.5	222.5	240.5	250.0	235.0	221.5	234.5	239.5	254.0	318.0	404.0	472.5	600.5	830.5	1116.0	1537.0	2149.0	3028.0	4531.0	6788.0	9380.5	12892.0	19546.0	29740.5	41777.5	57882.5	84580.5	121112.5	168343.5	234448.5	326227.5	432004.5	553767.5	708816.5	884877.5	1068514.0	1250440.5	1417070.0	1558430.0	1668189.0	1780242.0	1864121.0	1899997.5	1877276.5	1833700.0	1817740.0	1790886.5	1798139.5	1789167.0	1743495.5	1771440.5	1850179.5	1813247.0	1995762.0	1882148.5	1399499.0	1231055.5	1111449.5	986793.5	866787.0	751815.5	641923.0	531760.5	424405.5	349295.0	284476.5	200350.5	136538.5	101083.0	74622.0	54137.0	43024.5	41779.5	37879.0	28738.0	21254.5	14767.5	13585.0	16960.0	16562.5	10883.5	8812.5	9625.5	8771.0	6210.0	4456.5	4126.0	3504.0	2706.0	2918.0	3075.5	3546.5	4216.5	3611.5	3153.5	3945.0	4714.0
SRR17010993_2	34199.0	17340.0	461.5	440.5	425.5	407.5	444.0	485.5	511.5	582.5	674.0	749.5	878.5	1048.0	1224.5	1460.5	1774.5	2169.0	2646.0	3375.0	4562.5	5991.0	7846.5	11203.0	14962.5	22293.5	30045.5	38346.0	50599.5	66429.0	90051.5	123726.5	168584.5	231544.5	315579.0	421806.5	550981.5	706217.0	883349.0	1051655.0	1197007.5	1343946.0	1482084.0	1592074.5	1675841.5	1776031.0	1895783.5	1962568.5	1978720.0	1902353.0	1834116.5	1856299.0	1814219.0	1778992.0	1784493.5	1799858.5	1834083.5	1706984.5	1463502.0	1345737.0	1275415.5	1167316.0	1030276.0	868557.0	756828.5	660479.5	561754.5	473828.0	383156.5	301885.0	232733.0	173804.5	133645.0	103834.0	83849.0	67956.5	55312.0	47182.5	40096.0	34610.0	29720.0	26073.0	23790.0	20125.5	16792.5	17906.5	15814.5	11631.5	11831.5	12421.0	11482.5	10120.0	10475.0	12393.5	12453.0	10585.5	9773.0	10353.5	9691.0	8169.0	15518.0
SRR17010994_1	7072.0	3628.5	197.0	218.0	229.5	235.5	232.0	226.0	231.5	235.5	254.0	282.5	324.0	399.5	500.5	682.5	930.5	1274.5	1845.0	2672.0	4103.0	6237.5	9936.0	15466.5	20634.0	27947.0	43429.5	66872.5	91420.5	122263.5	174043.0	241136.5	324732.5	444873.0	599338.0	762362.5	964918.5	1226979.5	1519093.0	1816586.0	2101516.5	2346730.5	2529428.0	2663538.5	2859932.5	2816244.5	2629227.5	2572878.0	2498036.0	2432060.0	2332104.5	2309319.0	2248239.0	2092720.5	2053668.0	2073318.0	2075563.5	2814102.5	2505690.5	1345555.5	1177166.5	1062374.5	910037.5	761125.0	647750.0	540918.5	445372.0	354971.5	310860.5	261769.0	169474.0	109283.0	75534.0	55762.0	43434.5	36666.5	34885.0	30259.5	18108.5	9523.0	6457.0	4522.0	3175.5	2476.5	2137.5	2303.0	2937.0	3191.5	2177.0	1025.5	670.5	517.0	456.0	560.0	535.5	701.5	969.0	813.0	568.5	651.5	1723.5
SRR17010994_2	47745.0	24219.5	642.5	600.5	630.0	666.5	686.5	723.0	794.5	860.5	956.0	1097.5	1257.0	1461.5	1760.0	2185.5	2762.5	3515.0	4529.0	6123.5	8341.5	11331.5	15751.0	24610.0	33839.0	54038.5	70876.5	85235.0	109589.5	138826.5	182792.0	242903.0	321498.0	426265.5	561993.5	732774.0	932245.5	1174784.5	1459438.0	1728136.0	1937446.5	2138084.0	2343899.5	2451245.5	2465612.0	2539173.5	2786777.0	2988960.0	3033524.0	2794138.0	2484517.5	2396657.0	2297579.0	2164149.5	2077233.0	2038937.0	1989209.0	1789060.5	1526231.5	1416960.5	1331563.0	1221313.0	1058438.0	847538.5	725915.5	636595.5	547349.0	474083.5	383537.5	295129.0	230995.0	186155.5	150277.5	119481.0	100418.5	83481.5	67993.5	57691.5	48712.0	39493.0	29923.0	22286.0	17074.0	13398.5	10580.0	8615.5	7466.0	6784.0	6252.5	5867.5	5574.0	5360.0	5281.0	5218.5	5218.0	5466.5	5955.5	6693.0	7146.0	7941.0	20071.5
SRR17010995_1	4641.0	2425.0	239.0	302.5	333.0	321.5	330.0	312.5	287.0	300.0	319.0	353.0	379.5	395.0	463.0	594.5	739.5	926.5	1195.0	1572.0	2142.5	2916.5	4265.0	6126.5	8213.0	11363.5	17341.0	26735.5	36844.5	50005.0	73784.5	106250.0	147638.0	205353.0	284089.5	375411.5	486334.0	628743.5	794718.5	967022.0	1129127.0	1274883.5	1408243.0	1538635.5	1693793.5	1734217.0	1716268.0	1742513.5	1730945.5	1709645.5	1683665.5	1704927.0	1695786.0	1662536.0	1719164.5	1847799.0	1977959.5	2797063.5	2508988.5	1372439.0	1240067.5	1127157.0	998495.0	871063.0	761589.5	657676.0	546753.5	437117.0	368309.0	311428.5	227306.5	158904.5	119892.0	91052.0	68661.5	53738.0	48443.5	43836.5	32430.5	22316.5	15943.0	14734.5	13474.5	10465.5	8113.5	7973.0	8745.5	8732.0	6469.5	3918.0	2965.0	2612.0	2537.5	3102.0	3162.5	2849.5	2692.0	2616.0	3102.0	3374.0	3146.0
SRR17010995_2	34811.0	17740.0	646.5	617.5	573.5	556.0	584.5	591.5	608.5	656.5	737.5	810.0	876.0	1022.0	1222.5	1410.0	1734.5	2148.0	2581.5	3277.5	4196.5	5340.5	6985.5	9537.0	12548.0	18460.5	25318.5	33012.5	43585.5	58443.5	79637.0	109459.5	149676.5	204142.5	278728.5	375226.0	489775.5	629260.0	794352.5	948635.0	1084580.5	1234600.5	1379362.5	1487866.0	1571283.5	1701971.5	1906018.5	2034662.5	2043757.5	1881478.0	1728031.0	1745774.0	1735201.5	1755706.5	1853800.5	2045244.5	2063375.5	1767633.5	1468134.5	1326095.0	1259862.0	1167573.5	1039544.5	874000.0	763200.5	674618.0	570278.5	481044.5	399570.0	329755.5	264745.0	202175.0	156248.0	123004.5	101080.0	81522.0	67573.0	60212.5	51713.5	43705.5	36473.5	29533.5	24350.0	20970.0	17856.0	16572.0	14996.0	12766.5	11699.5	11305.0	11091.0	10685.5	10558.0	10440.0	9964.0	9510.0	10161.5	12188.5	13235.0	12698.0	20711.0
SRR17010996_1	6068.0	3100.0	144.0	183.0	214.5	199.5	213.5	232.0	235.0	254.0	266.0	321.0	403.5	472.5	573.0	730.5	996.5	1338.5	1803.0	2481.0	3561.5	4956.0	7439.5	11796.0	15731.5	19904.0	29329.5	45701.5	64035.5	86578.5	123333.5	175719.5	246653.5	342736.5	473730.0	616300.0	772128.5	974826.5	1216439.0	1444843.0	1645379.0	1830811.5	1970134.0	2065895.5	2166044.0	2215291.0	2220576.0	2203091.5	2138533.5	2091013.5	2034563.0	2002555.5	1964650.5	1893469.5	1930204.0	2155156.0	2376325.0	2009373.0	1519388.0	1403949.0	1285511.5	1146549.5	1006468.0	870465.5	750659.5	635106.0	512354.5	395639.5	313799.0	249665.0	175921.5	123210.5	94048.5	68679.5	49604.0	39451.5	36299.5	31813.5	22539.5	15368.5	11088.5	10115.5	10757.5	8366.0	5068.0	5352.0	5853.5	5825.0	4422.0	3062.5	2656.5	2388.5	2608.5	3084.5	3404.5	4340.0	4070.0	2945.0	3257.5	4773.0	7244.0
SRR17010996_2	41008.0	20882.5	738.5	753.5	827.5	910.5	1015.0	1120.0	1275.5	1525.5	1777.5	2083.5	2507.0	2993.5	3469.0	4039.0	4904.5	5922.5	7150.5	8589.0	10466.0	12945.0	16157.5	21370.0	26760.5	37448.0	48673.0	60720.0	77897.5	101106.5	136217.0	186204.5	251474.0	335630.0	450082.0	591342.5	756388.5	950817.5	1171362.5	1379304.5	1544507.5	1714700.0	1863728.5	1950884.0	2023935.5	2103740.5	2242587.5	2321152.5	2227335.0	2092398.5	2027791.0	2021265.0	1984497.5	1977250.0	1970194.5	1879757.5	1779339.5	1654567.0	1501353.5	1405936.5	1326553.0	1208743.0	1056477.0	878209.0	754829.5	657624.5	549115.5	455029.5	372475.0	304869.0	241004.5	184038.0	145001.0	118144.0	100650.5	85449.5	74368.0	67250.5	60147.0	54625.0	49199.5	43843.5	39823.0	36613.0	33711.0	34073.5	32741.0	29519.5	28488.5	28404.5	28367.5	27895.0	27578.5	27245.5	26703.0	26142.0	26336.5	27883.5	29702.5	33168.0	67783.5
SRR17010997_1	4352.0	2219.5	91.0	94.0	111.5	116.5	104.5	109.5	122.5	133.0	149.5	175.5	229.5	302.0	413.0	554.5	736.5	1003.0	1309.5	1736.5	2386.0	3308.5	4836.0	6880.0	9207.0	12646.0	18397.5	27239.0	38844.5	55163.0	82748.5	119515.0	167512.0	237756.5	336199.0	452803.5	592630.5	767486.0	965973.5	1182292.0	1396693.0	1576971.0	1733115.5	1895784.5	2064669.0	2202136.0	2242992.0	2184049.0	2145699.5	2138709.5	2093757.5	2105027.0	2115579.0	2043367.5	2016110.5	2054994.5	2034257.5	2393092.5	2179386.0	1492654.5	1371971.5	1237756.5	1087437.5	959979.5	838036.0	709733.0	579036.5	459315.0	380798.0	313412.5	226692.0	157676.0	118349.0	91523.0	69273.5	55883.5	59598.5	57828.0	48060.5	39734.0	29980.5	33704.0	49063.5	39648.5	22513.5	28682.5	29728.0	23317.0	15301.5	11157.5	8517.5	5571.0	5063.5	5872.5	6745.0	8910.5	7552.0	4154.5	4502.5	5300.0	4577.0
SRR17010997_2	39752.0	20045.0	336.5	364.5	382.0	379.5	394.5	437.0	505.0	561.5	616.0	705.0	828.5	1030.5	1277.0	1548.0	1940.0	2474.0	3057.5	3815.5	4875.0	6189.5	7821.5	10377.0	13269.5	18760.5	25321.5	33243.0	44128.0	59383.0	84199.0	118501.5	166017.0	234984.0	326105.0	442273.0	589623.5	763340.5	959711.0	1154360.5	1318512.0	1481497.0	1644571.5	1788377.5	1913551.5	2068494.0	2219362.0	2284038.0	2306717.5	2227663.0	2160467.0	2224855.5	2183119.5	2137031.0	2133339.0	2113969.0	2089954.5	1869906.0	1598146.5	1474765.0	1390985.0	1282417.0	1140317.5	965243.0	840198.5	740421.5	626563.5	520219.0	424647.0	344205.5	272694.5	207271.5	161788.5	130638.5	107442.5	85623.5	70609.0	62532.5	54006.5	46898.5	41911.0	41846.5	44885.5	41153.5	38819.5	48086.0	40576.5	25129.0	23727.5	24347.0	24369.5	23975.0	25730.5	24867.5	18913.5	13768.5	12318.0	13066.0	11102.0	8728.5	15933.0
SRR17010998_1	2094.0	1077.0	55.5	51.0	51.0	47.5	52.0	63.0	65.5	59.0	60.0	82.5	100.5	119.0	156.0	205.0	279.0	392.5	566.0	769.5	1018.5	1564.5	2490.5	3860.0	5499.5	7521.5	11699.5	17986.0	25061.0	35593.5	53811.5	78061.0	111184.5	158124.5	221168.5	298665.0	391913.0	507965.0	638229.0	778365.0	916769.5	1039901.0	1148446.0	1262181.0	1363597.5	1394919.0	1406404.5	1414783.0	1409379.5	1396361.0	1361051.0	1365953.0	1378939.5	1357069.0	1360223.0	1401081.5	1426475.5	1838836.0	1654778.0	1007880.0	908633.5	827871.0	751886.0	663893.0	578323.0	501070.5	417967.5	331745.5	269919.0	220630.0	166687.5	118584.0	86461.0	64887.5	54160.0	45378.0	44587.5	42626.0	36937.0	33233.5	25028.5	26061.0	42587.0	37320.0	20348.5	26146.0	27218.5	20698.5	13535.0	10216.0	7603.0	4435.5	3799.0	4281.5	4891.5	6183.5	5105.5	2803.5	3055.0	3609.5	2993.5
SRR17010998_2	26028.0	13108.0	196.5	203.5	209.5	220.5	239.5	255.5	261.5	278.0	317.5	383.0	446.5	529.0	645.5	746.0	923.5	1216.0	1529.5	1976.0	2648.5	3457.0	4461.5	6129.5	8047.0	11686.0	16213.5	21323.5	28534.0	39238.0	56109.0	79671.5	111497.5	157968.5	220074.0	297177.0	391952.5	508080.0	639826.5	766420.5	876870.5	980420.5	1084647.5	1188968.5	1278106.0	1371432.5	1480899.0	1545954.0	1551257.0	1468214.0	1394417.5	1409166.5	1401740.0	1394356.0	1426001.0	1490297.5	1504003.5	1336814.0	1103045.0	994527.5	931404.5	853455.5	770357.0	667057.0	588971.5	522241.0	445327.5	369255.5	299773.5	238152.0	191935.0	150613.0	117606.0	93068.5	76361.5	61451.5	49138.0	43754.0	38377.5	34112.5	31155.0	31998.0	37128.0	35392.5	33426.5	43194.0	36625.0	21587.0	19727.5	19925.5	20356.5	20239.5	21696.5	22151.5	18200.5	12597.5	10032.0	10651.5	9569.5	7973.0	14816.0
SRR17010999_1	9634.0	4857.0	78.5	85.0	90.5	93.5	92.0	77.5	88.0	99.0	115.5	171.0	232.0	328.0	440.5	590.5	840.0	1188.5	1644.0	2241.5	3116.0	4277.0	6420.0	8939.5	11970.0	16501.0	25391.5	38606.0	51426.0	69127.5	99703.0	140546.0	191988.5	266873.0	369903.0	479847.5	614321.0	785392.0	979687.5	1211807.5	1463621.0	1627370.5	1753700.0	1900615.5	2115838.5	2213523.0	2205548.0	2220932.0	2186976.5	2179874.5	2123665.5	2134203.5	2134698.5	2080693.0	2053401.0	2006311.5	2154352.5	2292515.5	2306865.0	1855232.0	1281085.0	1152269.5	1044353.5	922406.0	810782.5	687176.5	568176.5	493585.0	418166.5	307933.5	204965.0	139338.5	98101.5	69896.0	52074.5	42702.5	40809.5	34258.5	19325.5	10750.0	7825.0	5909.0	4240.0	3147.5	2871.0	3508.5	4842.5	5419.5	3816.5	2054.5	1445.5	1156.5	1013.5	1100.5	1070.0	1229.0	1326.0	998.5	877.0	1097.5	1896.0
SRR17010999_2	44292.0	22316.0	333.0	337.5	359.0	361.0	359.5	410.0	485.0	566.0	681.0	787.0	930.0	1124.5	1358.5	1740.5	2210.5	2762.5	3650.5	4766.0	6030.5	7771.5	10425.5	15023.0	19956.5	30098.5	39135.0	47922.5	62081.0	80292.0	107140.0	143472.5	191898.5	259408.0	350618.5	467312.0	600863.5	757340.5	943541.0	1131657.0	1285790.5	1432765.0	1604185.0	1757577.5	1884831.5	2100939.5	2441861.5	2633164.5	2663086.5	2415243.0	2168305.0	2232247.5	2193951.5	2119993.5	2069537.5	1972246.0	1911033.0	1782937.0	1580146.5	1480644.0	1412944.0	1322446.5	1168055.5	966036.0	852026.0	760616.5	643352.0	535688.5	433900.5	343121.5	271080.5	206332.5	159939.5	125346.0	103082.5	82419.5	61429.5	50972.0	42546.0	35062.5	27752.0	20899.5	16497.0	13244.5	10548.5	8612.5	7452.5	6772.0	6325.5	6126.5	5984.0	5737.5	5385.5	5120.5	4990.5	5020.5	5375.5	5729.5	5747.0	6140.5	13376.5
SRR17011000_1	2874.0	1473.5	81.5	90.5	89.0	84.0	89.0	93.5	96.5	110.5	123.0	147.5	176.5	222.5	269.0	336.5	453.5	631.0	868.0	1249.0	1915.0	2778.5	4395.5	6657.5	9397.5	13273.0	20453.5	31501.5	43671.5	60010.5	90161.5	130352.0	181758.0	256104.0	357730.5	481100.0	618725.0	785848.0	987441.0	1193199.5	1392273.5	1592603.5	1765047.5	1902354.5	2042332.5	2126525.5	2189327.0	2192477.0	2125914.5	2084009.5	2018897.0	2013549.0	2052915.0	2013902.0	1977745.5	2047878.5	2189145.0	2915253.5	2611739.5	1548236.0	1403782.5	1316173.5	1191265.0	1050132.0	899193.0	781704.0	709305.0	611300.0	492263.0	387604.0	277105.0	178412.5	124586.5	95755.5	81680.5	69913.5	72905.0	75429.5	56725.5	39825.5	28955.5	30897.5	46199.5	38610.5	20067.5	25157.0	27558.5	23040.0	15687.5	11604.5	8913.0	6071.5	5847.0	6847.5	8045.5	10616.0	9037.0	5196.0	6034.0	8211.0	6411.5
SRR17011000_2	38890.0	19610.0	324.0	317.0	332.0	349.0	352.5	356.5	384.0	439.0	490.5	582.0	704.5	832.0	976.5	1197.0	1516.0	1872.0	2371.5	3053.0	3991.5	5334.0	7130.5	10127.5	13464.5	19601.0	26602.0	35509.0	47143.5	64042.5	92362.0	128919.5	179194.0	252938.0	348233.0	467633.0	610856.5	784323.5	980196.5	1164925.5	1322704.5	1481278.5	1645650.5	1798021.5	1923351.5	2113323.5	2356610.0	2471415.0	2468369.0	2256929.5	2082429.5	2165812.0	2155577.5	2154128.0	2184777.5	2186673.5	2182610.5	1943156.5	1638024.5	1509041.5	1427886.5	1345449.0	1246420.5	1093534.0	941386.5	829095.5	750496.0	662735.0	529286.0	391842.5	305435.5	224462.5	165342.0	132575.0	108316.0	83742.5	68841.0	62606.0	52658.5	46225.0	42417.0	40724.5	41906.5	37543.0	34548.5	43053.0	37773.0	24861.0	22793.0	23409.5	23795.5	23458.0	25326.0	25229.0	19859.5	13443.5	10436.0	10843.5	9271.0	7209.0	12278.5
SRR17011001_1	2569.0	1293.5	12.5	15.5	27.0	31.0	39.0	41.0	40.5	54.5	75.5	93.0	130.5	189.0	254.0	366.5	530.0	710.0	962.0	1308.0	1787.0	2388.5	3403.5	4909.5	6607.0	9252.5	14188.5	21779.5	29786.5	39451.5	57073.0	80727.5	109581.5	149795.5	203310.5	264447.5	338357.0	432410.0	539980.5	647528.5	752901.0	852987.0	936209.0	1003649.0	1050256.0	1067948.5	1077243.5	1075418.5	1068498.5	1067226.5	1051073.0	1051779.5	1042178.0	1003785.5	993408.0	1016045.0	1012964.5	1116758.5	1038162.0	802050.0	736254.5	668463.5	594310.0	517171.0	446561.0	381196.0	314134.5	249477.5	211477.0	181058.5	131904.5	92862.5	71228.5	53296.0	37880.0	29397.0	25977.5	22362.0	17323.0	12639.5	9070.0	7803.0	7399.0	6103.5	4767.5	4659.5	4429.5	3105.0	1745.5	1492.0	1518.0	1514.0	1414.0	1173.0	912.5	791.0	979.0	1564.5	1699.5	1192.0	2679.0
SRR17011001_2	12342.0	6338.5	432.0	703.5	1026.0	1387.0	1632.0	1626.5	1490.0	1303.5	1160.5	1083.5	1042.0	1059.0	1099.0	1132.0	1222.0	1395.0	1665.5	2116.5	2786.0	3578.5	4944.5	7151.5	9559.0	13491.5	19132.5	26429.5	35418.5	47116.0	63002.0	85667.0	115763.5	155434.5	208191.5	275328.0	351697.5	441213.5	548809.5	655309.5	750192.0	835764.5	909501.5	970075.5	1010722.0	1054414.5	1094356.0	1110914.0	1111900.5	1082062.5	1059342.0	1067894.0	1051166.5	1025284.5	1019313.0	1028473.0	1008790.0	922721.5	825543.0	771821.5	732850.5	680046.0	602535.5	503923.0	434426.5	377501.0	318567.5	265171.5	223559.5	189690.5	149068.0	111965.5	85603.0	65884.0	52265.5	41997.0	35216.0	30493.5	25725.0	21372.5	17350.5	13980.5	11701.0	9828.5	7795.0	7175.5	6189.0	4598.0	3959.5	3788.5	3608.5	3496.0	3625.0	3559.5	3126.5	3283.0	4411.0	5469.5	4582.5	3046.0	5493.0
SRR17011002_1	2884.0	1461.5	44.5	54.5	56.5	56.0	61.0	70.0	71.0	76.5	89.0	108.5	147.0	209.0	301.0	419.5	545.0	743.5	1018.0	1368.5	1831.0	2483.0	3640.0	5133.0	6803.5	9410.5	14161.0	21261.0	29321.5	39298.0	56806.0	81215.5	112422.0	154145.0	210452.5	277791.5	355138.0	451999.5	562961.0	674708.0	783704.0	887418.0	975535.0	1042124.5	1092596.5	1119966.5	1133606.0	1132957.5	1123822.5	1120314.0	1101344.0	1103304.0	1094409.0	1051900.0	1037598.0	1048568.0	1042243.0	1142306.0	1059817.0	828239.0	762109.5	692016.5	615631.5	536256.0	460126.5	390962.5	322354.5	257636.0	214192.5	177955.0	131124.0	93347.5	70787.0	52980.5	37896.0	28803.0	25015.0	21463.0	16405.5	11606.0	8209.5	6731.0	5493.5	4420.5	3537.0	3003.0	2993.5	2249.0	1127.5	885.0	903.5	931.5	846.5	676.5	534.0	592.0	1023.5	1767.0	1902.0	1255.5	3251.5
SRR17011002_2	13473.0	6899.5	408.0	687.5	1066.0	1434.0	1650.5	1641.5	1479.5	1322.5	1250.5	1174.5	1103.0	1078.5	1138.5	1222.5	1340.5	1580.0	1842.0	2256.0	2921.0	3731.5	5028.5	7254.5	9757.5	13764.5	19239.5	26045.5	34716.5	46214.5	62921.0	86453.0	117924.0	159991.0	216950.5	286881.5	366294.5	460597.0	571948.0	682552.0	775793.5	864213.0	946863.0	1009568.5	1052043.0	1103853.5	1145761.0	1160047.5	1166420.0	1139131.5	1110481.0	1112863.0	1091765.5	1065120.0	1054941.5	1052073.0	1040881.0	965573.5	863154.0	807778.0	762764.0	703200.0	624798.5	526145.5	453042.0	392301.5	330932.0	274606.5	225765.5	186134.0	147188.0	112165.5	86228.5	65703.5	51767.0	40813.0	33625.0	28742.0	23990.5	19937.0	16084.5	12689.0	10364.5	8798.5	7037.0	5913.5	5033.5	4072.0	3424.5	3271.5	3256.5	3311.0	3284.0	2960.0	2861.5	3510.0	4902.5	5868.5	4741.5	3425.0	8408.0
SRR17011003_1	3411.0	1731.0	56.0	64.0	69.5	61.0	65.5	75.0	74.5	86.5	101.5	140.5	196.5	268.0	380.5	526.5	703.5	983.5	1266.0	1647.0	2223.0	2858.0	3987.5	5395.0	7111.5	9859.0	14739.0	22023.0	29681.0	38836.5	54702.5	76212.0	103761.0	139888.5	186677.5	243607.0	313305.5	398108.0	494774.5	596533.5	695671.5	787554.0	863666.0	927213.5	980545.0	990157.0	992103.0	1005316.0	1006202.5	1008306.5	998871.5	1004405.5	991671.5	953706.0	950052.5	971111.0	978415.0	1129969.5	1050536.0	776595.0	712652.5	649235.5	574940.0	499256.5	427381.0	361369.0	300005.5	242894.5	202761.5	167454.0	122514.0	87875.5	67762.5	51940.0	38091.0	29995.0	28658.0	26368.0	21869.0	16439.5	12204.0	13080.0	14465.0	11138.0	9754.5	11096.0	8445.5	5073.5	3114.5	3129.0	3191.5	2987.5	2828.0	2506.0	2070.5	1585.5	1583.5	2025.5	1831.0	1116.0	2490.5
SRR17011003_2	12395.0	6390.0	496.5	746.5	1108.5	1472.5	1630.0	1653.0	1528.0	1336.0	1226.5	1168.0	1141.5	1139.5	1230.0	1352.5	1495.0	1715.5	2015.0	2574.5	3273.0	4119.0	5474.5	7696.5	10322.5	14636.0	20572.5	27664.0	35879.0	46147.0	60936.0	82135.0	109287.0	145661.5	195474.5	256158.5	325618.5	408684.5	507922.5	604602.0	687774.5	765704.0	836118.5	892119.0	930735.5	978273.5	1026593.0	1054456.0	1068449.5	1051038.5	1025979.0	1022946.0	1007082.5	980491.5	974946.0	991876.5	986871.0	904981.5	797421.5	741191.0	701135.5	649420.0	576521.0	482557.5	414105.0	362106.5	309751.5	259770.0	213176.0	173587.0	137146.5	104548.0	80675.5	63423.5	51382.0	40983.5	34310.5	30130.5	25896.0	22105.5	18468.5	16144.0	15628.0	13383.5	11460.0	13462.5	10971.0	6894.5	6828.5	7323.5	7421.5	7537.5	8200.0	7013.0	4612.0	4082.5	4786.0	4890.5	3498.0	2479.0	5156.0
SRR17011004_1	3070.0	1543.5	23.5	26.5	30.0	42.5	46.5	40.5	43.0	50.0	65.0	95.5	130.0	188.5	257.5	342.5	481.0	658.0	905.5	1222.5	1655.5	2219.5	3204.0	4595.5	6196.5	8543.5	13179.0	20510.5	28004.0	36434.5	51672.0	73403.0	101312.5	136823.0	184673.5	241313.5	305412.5	385221.5	477542.0	570744.0	662820.0	752558.5	827044.5	885877.0	937525.0	959739.0	968592.0	978749.5	979140.5	980200.5	971306.0	980726.5	972311.5	935403.0	941379.0	973915.0	967903.0	1043001.0	967045.5	756878.5	688752.0	624819.5	554427.5	483683.5	419264.0	352186.5	286173.5	230969.5	189078.0	152594.0	113457.5	81574.5	61573.5	46615.0	34012.5	28228.0	28786.0	26403.0	22454.0	17546.0	12127.5	13288.0	15285.5	11757.5	10613.5	11829.0	9179.5	5674.0	3078.0	3496.0	3938.5	3569.5	3030.5	2379.5	1775.0	1341.0	1096.5	1010.0	850.0	621.5	2274.5
SRR17011004_2	12003.0	6161.5	399.5	636.0	971.5	1283.5	1468.5	1464.0	1332.5	1229.0	1127.5	1005.5	953.0	970.0	991.5	1052.0	1172.5	1334.5	1587.5	1950.0	2528.0	3341.0	4490.5	6457.0	8837.0	12580.5	17693.5	24390.0	32200.0	41919.5	56414.0	76860.0	103393.0	138557.0	185614.0	244039.0	309981.5	386451.0	478122.5	569021.5	645494.0	717708.0	788564.0	848641.5	895901.0	948833.0	993255.5	1026446.5	1033629.5	1005188.5	989737.5	992229.0	978232.0	954143.5	948648.0	959399.5	957714.5	886645.0	781554.0	732332.0	694912.5	641780.5	568771.5	474713.0	410341.5	356070.0	298182.5	247897.5	204047.0	166547.0	131722.5	99529.0	76309.5	60065.5	49439.5	40159.0	32714.5	28206.0	24009.0	20701.5	17887.5	16156.0	16122.0	14115.5	12432.0	15296.0	12977.0	7841.0	7404.0	7958.0	8298.0	8762.0	9543.0	8144.0	5492.5	5001.5	6121.5	6815.5	5073.5	3422.5	7714.0
SRR17011005_1	3593.0	1813.0	32.5	52.0	68.0	65.5	63.5	65.5	74.5	86.5	111.0	163.5	230.0	322.0	480.5	698.5	935.0	1233.5	1670.5	2194.0	2842.5	3649.0	4994.5	6989.5	9303.0	12767.5	18647.5	26744.0	36160.0	48803.5	69777.5	98859.5	135644.5	185149.5	251643.5	328884.0	421327.0	535909.0	664036.0	789804.0	911656.0	1034028.5	1135298.0	1207812.5	1266303.0	1289997.5	1297431.0	1304014.0	1298999.0	1294353.5	1266626.0	1257528.5	1249100.5	1214638.0	1213510.0	1256231.5	1380834.0	1287553.0	1048957.5	960432.5	883045.0	799422.5	711519.5	617093.5	528847.5	448208.0	370594.5	299005.0	249847.0	210428.0	158443.5	113867.5	85342.5	63819.5	45989.0	35997.5	33003.0	28801.5	23479.0	18546.0	14037.0	14448.5	15686.0	12422.5	10876.5	11467.5	8373.0	4779.5	2931.0	2860.0	2771.0	2548.0	2244.5	1847.0	1466.5	1209.5	1145.5	1206.0	1064.0	751.0	3148.0
SRR17011005_2	15118.0	7742.0	472.0	815.0	1294.5	1763.0	1983.5	1915.5	1759.5	1600.0	1467.5	1404.5	1366.0	1421.5	1578.5	1752.5	1973.0	2272.5	2693.5	3319.5	4251.0	5344.5	6921.5	9657.5	12959.0	18119.5	24623.0	32513.5	43323.0	58079.5	78585.0	107009.5	144587.0	194206.0	259504.0	340639.5	433165.5	541303.0	669173.5	793641.0	900904.5	1003967.5	1094971.0	1162872.5	1215871.5	1277557.0	1324765.5	1361108.5	1351837.0	1295796.5	1276866.0	1278215.0	1263186.0	1253263.0	1257976.5	1232130.5	1159275.5	1068775.5	985565.5	932378.0	880750.0	809641.0	718345.0	607067.5	523318.0	452355.0	379831.0	317711.5	266773.5	222329.5	177108.5	136039.5	104660.0	80929.5	64659.5	51664.0	42443.0	36211.0	30321.0	25839.0	21827.0	19012.5	18374.5	15900.5	15322.0	15772.5	10984.0	7886.0	7977.0	8412.5	8344.0	8715.5	9358.5	8085.0	5901.0	5294.0	5816.5	5811.0	4536.0	3634.5	8467.5
SRR17011006_1	6788.0	3406.0	19.0	21.0	30.0	33.5	39.0	39.5	49.5	80.0	118.5	192.0	289.5	421.5	609.0	845.5	1126.5	1460.5	1832.0	2301.5	2909.0	3683.5	4716.5	6110.5	7648.0	9510.0	12959.0	18313.0	25004.0	34442.5	50220.5	72812.0	102274.5	144211.5	202856.0	267781.0	343058.0	440655.0	555068.0	669804.5	782523.0	899326.0	999718.0	1080657.5	1150434.0	1187438.0	1207571.0	1210043.0	1184145.0	1168886.0	1158663.5	1168138.0	1170394.0	1152502.0	1181010.5	1414091.5	1529567.5	1185115.5	885424.5	817580.5	752460.5	678346.5	606398.5	528843.5	457819.0	392573.5	337132.5	276389.5	233326.0	205916.5	154716.5	106377.5	77117.0	58979.5	42004.0	33609.5	37951.0	37959.5	28141.5	18003.0	11596.5	11968.5	11248.0	8000.5	8100.5	8175.0	6618.0	4818.0	3057.5	3003.5	2708.5	2223.5	1795.0	1208.5	707.0	707.5	969.5	1132.0	967.5	563.0	972.0
SRR17011006_2	21514.0	11084.5	721.0	836.5	920.0	972.0	966.5	935.0	918.5	927.5	992.5	1063.0	1118.5	1225.0	1367.0	1620.5	1970.5	2283.0	2680.5	3145.0	3740.0	4532.0	5394.5	6783.5	8578.5	12026.0	16106.0	20781.0	26941.5	35989.5	49861.0	69782.0	97031.5	135489.0	188336.5	254504.5	335538.5	433593.0	543721.5	650834.5	749714.5	852077.0	946958.0	1026950.0	1089684.5	1177769.0	1303189.0	1333542.5	1263843.0	1204660.5	1198895.5	1231822.5	1247010.5	1287378.0	1296708.5	1210551.5	1097412.0	989668.0	893784.5	839041.5	790224.0	716481.0	631850.0	534316.5	468153.5	410468.0	349795.5	294847.5	250454.5	211834.5	164593.5	123324.0	94566.0	73200.5	57362.0	45280.0	37761.5	32158.5	26311.5	21878.5	18043.5	15375.5	13287.0	10994.5	9850.5	10112.5	8170.0	5885.5	5579.5	5650.0	5664.5	6000.5	6594.0	6096.5	4946.5	5250.5	6830.0	7400.0	5247.0	2801.5	3636.5
SRR17011007_1	13221.0	6645.0	68.5	83.0	101.5	97.5	94.5	109.0	132.5	145.0	171.5	221.5	285.0	375.0	507.5	678.5	879.0	1155.5	1600.5	2164.0	2932.0	4025.5	6033.0	8685.0	11327.5	15506.5	23121.5	34000.5	46091.0	61243.5	86770.0	122848.5	169349.5	229385.5	308571.0	402888.0	513609.5	652551.0	805300.5	953088.5	1097640.5	1239895.0	1355452.5	1435925.0	1507854.0	1543097.0	1557816.0	1570879.5	1565196.0	1559854.5	1539964.0	1543686.0	1537998.0	1494434.0	1481889.0	1507638.0	1504871.5	1655759.5	1525835.0	1169280.5	1067794.5	963224.0	852791.0	745308.0	643762.5	548019.5	455275.0	366211.5	307015.0	258248.5	193565.5	140639.5	105144.0	77974.5	56814.5	44267.0	39122.5	33928.5	26544.0	18885.0	12706.0	10106.0	8525.0	6696.5	5447.5	4997.5	4856.5	3739.0	1999.5	1716.5	1623.5	1444.5	1183.5	752.0	486.5	660.5	1046.5	1408.5	1330.5	806.5	1348.0
SRR17011007_2	33994.0	17748.5	1550.0	1642.5	1791.0	1850.5	1792.5	1807.0	1747.5	1650.5	1611.0	1679.0	1788.0	1882.5	2076.5	2312.0	2546.0	2850.0	3328.0	4074.0	5117.0	6399.0	8311.5	11475.5	15380.5	22327.0	30893.0	40935.5	53048.5	69014.0	92812.5	125016.5	168416.5	226554.5	303764.5	400005.5	510601.0	638856.5	789820.5	937881.0	1064558.5	1190681.0	1307500.5	1394706.0	1453914.0	1513174.0	1572608.5	1625430.0	1644232.0	1593258.0	1558359.5	1578102.5	1556828.0	1525462.5	1524326.0	1538482.0	1522226.5	1392401.5	1230419.0	1140692.0	1071707.5	983668.5	871676.0	740375.5	644577.0	561544.5	473801.5	396562.5	331171.0	273691.5	218850.5	171287.0	133296.5	102237.5	81193.5	65856.5	53665.0	44536.5	36916.5	30891.0	24512.0	18982.0	15288.0	12304.5	9721.0	8456.5	7087.0	5447.5	4591.0	4336.5	4195.5	4108.0	4013.0	3782.0	3589.5	4228.0	5936.0	7162.5	5590.0	3177.5	4155.5
SRR17011008_1	6461.0	3240.5	20.5	28.5	37.0	38.5	38.5	42.0	43.5	50.0	67.5	89.5	125.5	170.0	224.0	302.5	415.0	562.5	765.0	1029.0	1389.0	1873.0	2719.5	3917.0	4924.0	6521.0	9964.5	15024.5	20934.5	28951.0	42265.5	62676.0	89081.5	123779.0	171573.0	228376.5	298352.0	388501.5	493400.5	596466.5	693823.0	788882.0	869918.0	941410.5	1005510.5	1033262.0	1043749.0	1056624.5	1053456.5	1044261.0	1037677.0	1054887.5	1063696.0	1042409.0	1042753.5	1081954.5	1094253.5	1299415.5	1189613.0	821010.5	754505.5	682401.0	603079.5	532067.5	467705.5	395520.5	322754.0	262088.5	222554.5	189812.0	140978.5	100244.0	76161.0	58076.0	41939.5	33164.5	34608.0	32761.0	26944.5	21436.0	15857.0	20089.0	22236.5	16112.5	16913.5	18223.5	12297.5	7378.0	5333.5	5414.5	4696.0	3699.0	2911.0	1957.0	1207.0	969.5	1079.0	1242.0	1062.0	632.5	933.0
SRR17011008_2	19858.0	10216.5	603.5	694.0	794.0	854.0	864.5	863.0	827.0	766.0	791.0	832.0	874.0	946.5	1049.0	1142.5	1203.0	1356.5	1574.0	1822.0	2162.0	2581.0	3141.0	4273.5	5787.5	8599.0	12032.5	15968.5	21437.5	29633.0	42036.5	60049.5	83734.0	115744.5	161533.0	220263.0	291153.5	378599.5	478686.0	577886.5	665828.5	755018.5	839322.5	906246.5	954736.5	1010591.0	1069875.5	1120097.5	1137605.0	1088332.5	1057969.0	1081008.5	1080385.5	1078153.0	1097105.5	1133133.0	1141716.5	1030879.5	883165.0	815013.0	774726.5	712810.5	627872.0	530823.5	468005.0	406953.0	338556.5	282580.5	238514.0	202008.5	161459.0	123594.5	95044.5	75256.0	61126.5	48938.5	40212.0	34601.5	29640.0	25045.0	20817.0	18827.0	19106.5	16680.0	18442.5	20573.5	13553.5	9626.5	10340.0	10823.0	10929.5	11131.5	12798.5	12851.0	9370.5	6599.0	6617.5	7302.0	5545.0	3125.5	3395.0
SRR17011009_1	6672.0	3345.5	23.5	29.5	41.0	40.5	31.0	37.0	47.0	56.0	71.0	91.5	127.5	200.5	270.5	356.5	472.0	630.5	839.5	1082.0	1430.0	1842.5	2441.0	3265.0	4198.0	5523.5	8171.5	12005.5	16964.0	24598.0	36820.0	54402.0	77811.5	110868.0	156686.0	210822.5	276824.5	361710.5	461944.5	560831.5	652456.0	742141.5	825762.0	905448.0	981993.0	1024801.5	1044299.0	1054575.5	1050960.5	1052384.5	1056460.5	1069605.0	1078618.0	1076402.5	1101466.0	1179110.5	1242717.5	1354661.5	1183606.0	882910.5	820987.5	750890.0	675195.0	594364.5	518453.5	445803.5	372015.0	299723.0	254502.0	217066.0	159045.5	112405.0	83491.5	62761.0	45266.0	36551.0	38763.5	36638.5	29265.0	21805.5	14445.0	14305.5	13943.5	10034.5	8790.0	8799.0	7757.5	5707.5	3545.5	4051.5	4256.5	3636.5	2931.5	1851.5	1056.0	961.0	1252.0	1565.5	1371.5	754.0	988.0
SRR17011009_2	19980.0	10180.5	443.5	562.5	668.0	742.0	767.5	747.0	745.5	772.0	766.5	756.0	781.0	863.5	961.5	1085.5	1209.5	1334.5	1536.0	1764.5	2094.0	2556.5	3128.0	3976.5	4980.5	6687.5	9258.5	12672.0	17384.5	25173.5	36230.5	52512.0	74792.0	105242.0	147509.5	202245.5	270160.5	353317.0	449769.0	543710.5	628081.5	714639.5	797232.5	870825.0	927640.5	991875.5	1057979.0	1120866.5	1146708.5	1094906.0	1077121.5	1109839.0	1106599.5	1122233.5	1165897.0	1201044.5	1197422.5	1088322.0	944655.5	877163.0	837567.0	775032.0	691257.5	592994.0	525815.0	460597.5	386254.5	321613.5	272882.0	231177.0	180909.0	135806.0	103609.0	79899.5	63746.0	51473.0	43474.5	37577.5	31698.0	27005.5	21909.0	17812.0	15430.0	12981.0	11061.5	11534.0	9874.5	7017.0	6653.0	7211.0	7561.0	7950.0	8260.0	7530.0	6415.0	6811.0	9400.0	11130.5	8099.5	3963.5	3766.5
SRR17011010_1	8688.0	4353.0	21.0	25.5	38.0	42.5	48.0	60.0	73.0	86.0	121.5	203.0	274.0	384.0	572.5	811.0	1068.0	1404.5	1841.5	2299.5	2954.5	3761.5	5066.0	6858.0	8347.0	10440.5	14760.0	21643.0	30356.5	42050.5	61478.5	90326.0	127450.0	179253.5	253168.0	339071.0	441290.5	571670.5	723003.5	868529.5	1010551.5	1153757.0	1268104.0	1363464.0	1457488.5	1485942.5	1492160.5	1507742.0	1485479.5	1474778.5	1462993.0	1468480.0	1473187.5	1453935.5	1475037.5	1516075.5	1628682.5	1547117.5	1237329.0	1066128.5	982186.0	890701.0	795615.0	696008.5	602266.0	514331.5	434862.5	358193.5	309505.0	273818.5	209163.5	149495.5	109691.5	81578.0	57966.0	44505.5	43741.5	39395.0	30194.0	21596.5	14547.5	13797.0	13296.0	9904.5	8789.5	9261.0	7897.0	5337.0	3246.0	3570.5	3695.5	3356.0	2837.0	1866.5	1014.0	912.0	1148.0	1310.0	1118.0	663.5	1243.0
SRR17011010_2	27273.0	14057.5	853.0	953.0	1117.5	1202.5	1193.5	1157.5	1124.5	1107.0	1135.5	1170.5	1230.0	1389.5	1556.5	1781.5	2069.0	2390.0	2804.5	3338.0	3987.5	4755.5	5764.0	7265.0	9371.0	13173.5	17976.0	23892.0	31948.5	44120.0	61983.5	87747.0	123553.0	173124.5	241329.0	327405.5	433201.5	564450.5	711353.0	850282.5	980703.5	1117413.5	1231343.5	1314694.0	1375635.5	1439548.5	1511542.5	1582267.0	1576768.5	1505127.5	1496155.0	1514260.5	1504253.0	1510401.0	1523309.0	1495379.0	1419516.0	1298688.0	1158238.5	1069024.5	1006240.0	922447.0	817114.0	692500.5	609566.5	537881.5	462280.5	395489.5	334371.5	281440.5	224015.5	172077.5	132788.5	101570.5	79495.0	63190.5	52369.0	44299.5	36332.0	30298.5	24827.0	20075.0	16864.5	14044.5	12094.0	12013.5	9664.0	7052.5	6776.0	7134.5	7213.0	7249.0	7591.5	7007.0	5624.0	5416.5	7029.0	8252.0	6334.0	3582.5	4780.5
SRR17011011_1	19832.0	9960.5	108.0	136.0	148.5	163.5	173.5	187.5	211.5	237.0	295.0	393.0	511.5	663.0	874.0	1180.0	1582.5	2222.0	3184.0	4407.5	6223.0	9240.5	15357.5	21538.5	26788.0	36993.0	58491.5	84325.5	105648.5	133882.5	182311.0	252556.0	339239.5	437640.0	559793.5	698610.0	855212.5	1052086.0	1277409.0	1485372.5	1682789.5	1876494.0	2021762.5	2137799.0	2269598.5	2363262.0	2399691.0	2402995.5	2388348.5	2397404.0	2410173.0	2433962.0	2406654.0	2311274.5	2266143.0	2316467.5	2591057.5	2548924.5	2084802.5	1816639.5	1668247.5	1531526.5	1382745.0	1223555.0	1083100.0	940860.5	806064.0	667698.5	555523.0	464638.5	354139.5	262484.0	199002.0	147917.0	108752.5	86485.5	79915.5	69620.0	55794.5	43230.5	32224.0	32847.5	31746.0	20634.0	17418.5	20023.5	16110.5	10140.0	6982.5	7963.0	8557.5	7832.0	6477.0	4558.0	2898.0	2212.5	1850.5	1343.5	1121.5	1667.5	5385.0
SRR17011011_2	29707.0	15389.0	1092.0	1177.5	1224.5	1273.5	1351.5	1374.0	1424.5	1464.5	1531.5	1609.0	1684.5	1875.5	2045.5	2288.0	2651.5	3152.0	3951.5	5089.0	6992.5	9582.5	13728.0	19818.5	26386.0	36664.5	55424.5	79297.0	102673.0	131606.5	169014.0	221244.0	290422.5	382193.5	498237.0	642983.0	804686.0	979018.0	1187037.0	1394259.0	1583405.0	1764253.5	1923426.0	2047708.0	2141496.0	2239818.0	2364489.0	2516686.5	2559643.5	2477029.5	2486167.0	2543508.0	2511755.5	2474935.0	2451323.0	2391958.0	2271745.5	2099254.5	1929397.5	1810860.0	1723348.0	1605248.0	1447380.0	1267878.0	1125479.5	996722.5	858848.5	732183.5	623049.5	522748.5	416802.5	323376.5	253522.5	199187.0	157079.5	126991.5	106595.0	90782.5	75391.0	61223.0	49471.0	40426.5	34539.0	28593.0	24812.0	28185.0	24808.5	17395.5	16817.5	19147.5	20786.5	20446.5	17901.0	12309.0	7004.0	4874.0	4037.0	3149.5	2223.5	1822.0	2899.0
SRR17011012_1	18962.0	9658.5	338.5	315.5	293.0	287.5	300.0	274.0	274.5	305.5	314.0	353.5	442.5	540.0	657.5	843.0	1079.0	1428.0	1972.5	2799.0	4113.5	5901.5	8895.5	12955.5	17424.0	23943.0	35495.0	49262.5	61979.5	78925.0	106406.5	143200.5	190893.5	249905.0	322349.0	399914.0	482441.0	586107.5	713723.0	838386.5	956897.0	1071722.5	1162741.0	1235059.0	1339922.0	1383324.5	1366017.0	1376286.0	1378833.5	1401826.0	1429698.0	1469582.5	1476006.5	1429869.0	1420231.0	1467044.0	1751153.5	2980871.0	2893654.0	1521203.0	1175437.0	1081607.0	977530.0	877152.5	787131.5	696285.5	625979.0	553453.0	482877.0	387792.5	258400.0	175548.0	124420.0	89857.0	65069.5	50015.5	45625.5	37823.0	25621.5	18506.5	13356.5	9150.0	6731.5	4768.5	3497.0	3041.0	2845.5	2395.5	1965.5	2199.5	2668.5	2955.0	2471.0	1662.0	1129.5	1047.0	1078.5	842.0	753.0	1346.5	5256.5
SRR17011012_2	26048.0	13666.0	1131.5	974.5	954.0	924.0	919.5	923.5	953.0	1013.0	989.5	978.5	1039.0	1101.5	1184.5	1295.0	1484.0	1800.0	2245.0	2929.5	4021.0	5588.0	8109.5	12082.5	16776.0	24309.0	40757.0	54950.5	61830.0	75186.5	94099.5	118348.5	151364.0	197152.0	254914.5	324817.0	406258.5	501085.5	609602.0	715061.5	813305.0	914025.0	1020234.5	1122796.0	1208447.5	1323324.5	1567135.0	1900445.5	2228832.0	1983949.0	1573699.0	1707666.0	1723344.5	1653587.0	1711235.0	1676764.5	1664315.5	1548177.5	1322967.0	1245515.0	1251971.0	1237718.0	1123233.5	960146.5	853331.5	765121.5	680905.5	600063.0	504947.0	406277.0	322262.5	250117.5	194147.0	150273.5	116492.0	93306.0	74918.5	60158.5	46565.0	36495.0	28454.5	21988.0	17121.0	12947.0	9269.0	6762.0	5626.0	4763.5	4114.0	3837.5	3663.5	3349.0	2838.0	2229.5	1802.0	1625.5	1594.5	1405.5	1111.0	1055.0	1789.5
SRR17011013_1	22624.0	11365.5	96.0	111.5	150.0	160.5	165.0	167.0	186.5	234.5	304.5	366.5	450.5	591.5	772.0	1059.0	1439.5	1960.5	2763.5	3954.0	5753.0	8288.5	13199.0	19699.0	25613.0	34530.0	53474.0	76132.5	93401.5	116391.5	157143.5	215119.5	285435.5	363628.0	462472.5	570131.0	690960.0	844364.0	1017884.0	1182205.5	1336236.5	1488166.0	1608607.5	1725430.0	1852677.5	1875545.0	1860081.0	1868971.5	1867708.0	1892067.0	1914453.0	1950430.5	1942005.0	1866897.0	1817135.0	1821612.5	1986031.5	3320689.5	3314381.0	1799506.5	1401001.0	1262921.5	1125978.0	997680.5	881562.0	755738.5	652703.0	561855.5	464856.5	358372.5	254407.5	185990.5	136475.5	97954.5	72507.0	56816.0	47700.5	37055.0	26007.5	19804.5	14509.5	10867.5	8002.5	5402.0	4851.5	5010.5	4994.0	5152.5	5004.0	4421.5	3331.0	2258.0	1498.5	1055.5	883.0	1078.0	1179.5	921.5	917.0	1699.5	6053.0
SRR17011013_2	30221.0	15644.0	1039.5	1033.5	1046.0	1045.5	1061.0	1086.0	1149.5	1261.5	1345.0	1390.0	1467.5	1654.0	1884.5	2117.0	2376.0	2812.5	3500.5	4482.0	6071.0	8419.0	12128.5	17980.0	24946.5	34891.5	56253.0	78387.5	94070.5	116520.0	144530.5	184686.5	237950.0	308713.5	393029.5	494201.0	612425.5	745291.5	905449.5	1062085.5	1205310.0	1347709.0	1492254.5	1623693.5	1699850.5	1780217.5	2028628.5	2310185.5	2617186.5	2520270.0	2138912.0	2192115.0	2222606.0	2085899.0	2061342.5	2048140.0	1992596.5	1859494.5	1635122.5	1499892.5	1458933.0	1383776.0	1235418.5	1058211.5	936507.5	827562.5	712887.0	617512.0	522924.0	430223.0	342972.5	276189.0	223121.5	173288.5	136539.5	112791.0	93038.5	77223.0	62948.0	50250.0	39806.5	31388.0	25338.0	19294.0	13702.5	10387.0	9071.0	8085.5	6684.5	5826.0	5007.0	3994.5	3299.0	2743.0	2291.5	2102.5	1978.0	1742.5	1502.0	1420.0	2471.0
SRR17011014_1	18352.0	9193.0	40.0	44.5	49.0	50.0	61.0	85.0	112.0	135.5	155.0	191.5	251.5	334.5	444.5	625.5	859.5	1227.0	1790.0	2503.5	3682.5	5559.5	9224.0	12996.0	16566.5	22833.5	34815.5	49646.0	63184.0	81604.5	111835.5	153811.5	205149.5	266811.5	347437.5	437596.5	535727.0	656657.5	793884.5	925985.0	1053585.0	1171627.0	1264373.5	1348875.0	1429106.5	1475314.5	1501447.0	1512232.5	1512648.0	1522538.0	1526114.5	1534710.0	1514086.0	1469423.5	1458442.5	1470569.0	1535499.5	2038739.0	1968041.5	1296728.5	1085303.5	992112.0	902615.5	807086.5	720750.0	626022.0	534192.0	450950.5	373619.0	299907.5	226760.5	170225.5	131154.5	99117.0	73319.0	59686.5	56059.5	48115.5	37476.5	28009.5	19938.0	19930.0	17437.5	10836.0	10129.5	10555.5	8859.5	6573.5	4348.5	3845.5	3278.0	2455.0	1880.0	1407.0	1047.5	1102.0	1170.0	968.0	917.5	1446.5	4573.0
SRR17011014_2	24842.0	12772.0	699.5	738.0	799.5	825.5	859.0	871.0	877.0	909.0	925.5	950.5	998.0	1097.0	1230.5	1347.5	1483.0	1805.5	2284.0	2910.5	4100.0	5682.0	8015.0	11715.0	15747.5	21992.5	32995.5	46758.0	60842.0	78864.5	101902.5	133717.5	177067.0	233923.0	306152.5	396342.5	498875.5	609885.5	740591.0	870327.0	984055.0	1092995.5	1196984.0	1287363.0	1359808.0	1438868.5	1555720.5	1675725.5	1772546.0	1706767.5	1592876.5	1639524.0	1633768.0	1578997.0	1601734.0	1672694.0	1672589.5	1493031.0	1268843.0	1154248.5	1101250.5	1039758.5	945430.0	828044.5	738875.0	658354.5	565993.0	478120.5	400038.5	329977.0	265270.5	206725.5	162573.0	129851.0	104716.0	84214.5	68990.0	58050.5	47726.5	39349.5	31838.5	25471.5	20291.0	16035.5	14015.5	13943.0	11395.0	8469.5	8086.5	8489.5	8350.0	8589.5	8524.5	6496.0	3985.0	3010.5	2791.5	2181.5	1347.5	925.5	1354.0
SRR17011015_1	17566.0	8834.5	116.0	116.0	115.0	110.0	92.5	101.0	130.5	146.0	158.5	198.5	245.5	305.0	408.5	572.0	779.0	1056.0	1536.0	2207.0	3248.0	4661.5	7322.0	10640.0	13705.0	19056.5	29410.5	42624.0	55882.5	73766.0	102219.5	140961.0	191668.0	256993.5	340656.0	433851.5	545993.0	685315.0	848839.0	1007646.0	1156299.5	1305116.5	1413095.5	1524906.0	1677199.5	1691275.0	1648776.5	1661478.0	1653112.0	1660141.5	1681826.5	1714498.0	1683584.5	1609383.0	1584535.0	1598197.0	1737212.0	2803900.5	2722776.0	1427000.0	1098227.0	985370.5	861093.5	739520.5	636420.0	538325.5	463643.0	394489.0	343597.5	274068.5	171785.5	116130.5	82578.0	58929.5	43164.5	34699.0	35976.0	32106.5	21771.5	15688.5	10768.5	7654.5	5504.5	3847.5	3221.5	2962.0	2937.5	2706.5	2112.5	1677.0	1282.0	1002.0	714.0	500.0	408.0	507.0	590.0	478.5	456.5	817.5	2975.5
SRR17011015_2	24053.0	12369.0	627.5	592.5	614.0	626.0	665.0	683.5	669.0	697.5	719.5	749.5	804.5	853.5	929.5	995.0	1162.5	1404.0	1725.5	2290.5	3201.5	4481.0	6426.5	9736.0	13835.5	20563.0	35023.0	48579.0	57443.0	72834.5	94000.5	122859.0	162567.0	217094.0	287735.5	375816.0	483322.5	610849.5	758724.0	905415.0	1039960.5	1175281.5	1304030.0	1423119.5	1499453.5	1568091.0	1773878.5	2028389.0	2339714.0	2238951.0	1859057.0	1884242.5	1898409.0	1809975.0	1796168.5	1756175.5	1720809.0	1609084.5	1373809.0	1227972.5	1186314.5	1122293.5	970286.5	795049.5	700431.5	615850.5	524457.0	447215.0	367916.5	293583.0	228810.0	180914.0	143509.0	111606.0	88136.5	72848.0	60284.0	50926.0	42034.5	33233.0	26252.5	20426.5	15355.5	11382.5	8302.5	6100.5	4488.0	3431.5	3001.0	2794.5	2638.0	2625.0	2488.0	1990.5	1460.0	1262.5	1201.5	993.0	719.5	618.5	1127.0
SRR17011016_1	24870.0	12519.0	163.5	157.0	152.0	148.5	146.0	158.5	183.0	238.5	319.5	368.5	460.0	649.5	836.0	1029.5	1446.5	2092.5	2935.0	4039.0	5797.5	8418.0	13346.0	18409.0	23216.0	31835.0	48067.5	68830.5	89004.5	117018.5	160633.0	220982.5	297093.0	391785.0	516646.0	659938.0	824042.5	1021967.5	1242609.5	1462714.0	1678581.0	1869328.0	2022425.0	2161670.5	2304042.0	2420070.0	2474141.0	2480990.5	2469429.5	2478647.5	2501718.0	2537769.5	2538897.5	2486614.0	2467325.0	2484408.0	2538185.0	3067927.5	2948554.5	2161925.5	1892067.5	1735850.0	1577946.5	1412709.0	1262067.5	1100890.0	929080.0	767635.0	639724.5	519105.0	386391.0	284661.5	215860.0	157794.5	113447.5	88365.0	77068.5	63792.0	48376.5	34880.5	24680.5	23035.0	20097.5	13458.0	11488.0	11707.5	10319.0	7606.5	5464.0	5255.0	4242.0	2963.5	2101.5	1437.0	1034.0	1235.5	1379.0	1091.0	956.5	1444.0	4684.5
SRR17011016_2	34646.0	17834.0	986.5	928.5	908.5	959.5	1032.0	1068.0	1100.5	1133.0	1153.5	1237.0	1402.5	1535.5	1663.0	1833.5	2112.0	2546.0	3209.5	4247.5	5740.5	7894.0	11283.0	15932.0	21366.0	30048.5	44988.0	63873.0	83706.5	109354.0	142870.0	190954.0	255599.5	341981.0	454170.5	594306.5	757928.5	941340.0	1154573.0	1368407.5	1563996.0	1743645.5	1912305.0	2062427.5	2184270.0	2311736.5	2462248.5	2603089.5	2724051.0	2670378.0	2577783.0	2671663.5	2677767.0	2615209.0	2631611.5	2684951.5	2674766.0	2468930.5	2192081.5	2037585.5	1958200.0	1847308.5	1674597.5	1467920.5	1308792.0	1167093.5	997364.0	834449.0	693889.0	569852.5	455036.0	349995.0	272510.0	213303.0	167865.0	134204.5	107980.0	88971.0	72873.0	58573.5	46090.0	35477.0	26996.5	20781.5	17256.0	16793.5	14139.5	10524.5	10021.5	10866.0	11049.0	11271.0	10914.5	8596.0	5829.0	4452.0	3892.5	3082.0	2101.5	1616.0	2631.0
SRR17011017_1	13362.0	6701.0	42.0	51.0	50.5	44.5	51.5	59.5	77.0	93.5	110.5	140.0	197.0	257.0	322.0	405.5	576.0	815.0	1096.0	1515.5	2120.0	3177.0	5551.5	7773.0	9602.5	13426.0	21931.0	31924.0	38889.0	48940.0	67396.5	92673.0	122470.5	156289.5	199617.5	250193.5	306197.5	373652.5	454032.5	531294.5	601676.5	665792.0	716941.5	757458.5	806728.5	850667.0	870744.5	880123.0	891265.5	912014.5	931918.5	963751.5	982389.0	973200.5	992541.5	1058106.0	1310688.0	1465851.0	1207908.0	958466.5	894244.5	836331.5	733182.0	619568.0	530520.5	465913.0	407318.5	341695.5	290610.5	231830.0	157247.0	108070.5	80665.5	61840.0	46253.0	38328.0	41496.5	39328.0	33088.5	27950.0	20778.5	22438.5	29333.0	22074.5	15245.0	20122.5	18423.0	11416.5	6521.0	7517.0	9088.0	8839.0	7648.0	5492.5	3421.0	2202.0	1539.0	1023.0	700.5	734.5	2156.0
SRR17011017_2	18729.0	9548.5	370.0	390.5	425.0	425.0	421.5	457.0	485.5	487.5	505.5	557.0	627.5	670.5	684.0	726.5	785.0	958.0	1211.5	1548.5	2182.5	3095.0	4533.5	6684.0	8935.0	12676.5	19792.0	29144.0	37883.0	47509.5	60291.0	78603.5	102802.0	135376.0	176135.0	227820.5	285262.0	344420.5	417279.0	492011.0	556744.0	616318.5	674654.5	725475.5	765349.0	821128.5	890190.5	974789.5	1053418.0	1028989.0	993023.0	1038110.0	1061827.5	1063809.5	1085210.0	1107052.5	1098962.5	1041239.5	948773.0	890176.5	880851.0	872506.0	797827.0	668537.5	572491.0	508239.5	444754.5	386163.5	328725.5	264420.0	202038.0	143317.0	104760.5	81681.0	65446.0	53435.0	44070.5	37350.5	31804.0	27599.5	24353.0	23032.0	22989.0	20018.5	20310.0	27673.5	24098.0	15174.5	13902.0	15229.5	17823.5	20194.0	18610.5	12548.5	6648.0	4035.5	3132.0	2235.5	1268.0	769.5	1144.0
SRR17011018_1	12010.0	6100.5	187.5	186.0	184.5	202.5	220.5	205.0	214.5	254.5	305.0	379.0	463.0	602.0	797.0	1020.5	1317.5	1785.5	2500.0	3644.0	5411.0	7996.0	12839.0	18160.0	23032.5	31510.0	48217.5	69667.0	90026.0	117407.5	159353.0	216505.5	287774.0	373564.5	482481.0	606997.5	749100.0	921579.5	1107876.5	1285815.5	1471308.0	1642359.0	1752153.5	1832291.5	1922465.0	1986228.5	2012414.0	2017303.5	2000732.5	1999895.0	1999456.0	2005526.0	1987534.5	1935197.5	1929052.5	1981473.0	2219333.5	2283732.0	1911581.5	1592242.0	1444976.0	1321143.0	1182995.5	1044898.5	928679.0	806473.5	684985.5	569482.0	480143.5	399007.0	304072.5	229348.0	174692.5	128150.5	93242.0	73798.5	65056.5	53713.5	40335.0	28445.5	20005.0	17742.5	15621.0	11631.0	9043.0	8978.5	9017.5	7111.5	4541.0	3765.5	3331.5	2759.0	2122.5	1705.0	1572.0	1986.5	2150.0	1446.5	1035.5	1534.5	4022.5
SRR17011018_2	15387.0	7958.0	552.0	555.5	574.0	626.5	677.0	725.5	772.0	830.5	892.0	962.0	1065.0	1222.0	1395.0	1601.0	1904.0	2359.5	3073.0	4231.0	5920.0	8150.5	11777.0	17282.5	23392.5	32500.5	48745.5	69209.0	89963.0	116020.5	148662.5	193556.5	253649.0	333795.0	436948.5	564774.5	707268.0	862941.0	1041527.5	1221557.5	1392849.0	1541062.0	1665829.5	1769884.0	1848763.0	1934099.5	2038919.5	2131957.5	2134625.0	2089322.5	2073086.0	2069201.5	2075283.0	2084163.5	2074262.0	2055546.5	1959848.5	1819139.5	1682413.0	1566990.0	1493897.5	1389126.0	1241666.5	1076678.5	963051.5	859213.0	728997.0	614440.5	518886.5	433781.0	351894.0	275278.0	214829.0	166467.0	130482.5	105412.5	88234.5	74924.0	61775.5	50915.0	41111.5	32649.5	25237.5	19560.0	14904.0	13480.5	12124.5	9641.0	8221.5	7707.5	7520.5	7470.0	7546.0	6869.5	5405.0	4291.0	3824.0	3293.5	2657.0	2312.0	4763.0
SRR17011019_1	5118.0	2617.5	124.5	127.5	122.5	113.0	108.5	110.0	117.0	130.0	125.0	144.5	190.0	210.0	255.5	355.5	466.0	654.5	947.5	1311.5	1666.5	2184.5	3300.0	4771.5	6370.5	8579.5	12884.0	19504.0	26828.0	36279.5	53022.5	75303.5	101618.0	138475.0	189169.5	246718.5	311374.5	393774.0	494663.0	595029.0	693569.5	793141.5	879185.5	942073.5	1008521.0	1051032.0	1058069.0	1051685.0	1037640.5	1018048.0	982753.0	977947.0	971222.5	951935.5	981074.0	1054841.0	1131536.5	1716106.0	1546928.0	771623.5	682159.0	623773.5	575565.0	516659.5	457400.5	403445.5	356857.5	304778.5	237942.0	182922.5	134692.5	93058.5	68388.0	52334.5	40211.5	32959.0	33134.5	31314.5	23542.0	16318.0	11352.5	10341.5	11957.0	10066.0	6661.0	7361.0	8071.5	6597.0	3852.0	2715.0	2484.0	2411.0	2385.0	2381.5	2262.5	2319.5	2249.0	1948.5	1823.5	1634.5	1396.0
SRR17011019_2	5790.0	3086.5	375.0	352.5	348.5	349.5	341.0	343.0	359.5	386.0	402.0	432.0	502.5	568.5	628.5	738.5	873.5	1025.0	1293.5	1743.5	2359.5	3138.5	4204.5	6089.5	8412.0	12490.5	17244.5	22807.5	30080.5	40461.0	55109.5	74108.0	99210.5	134322.5	179553.0	234012.5	302763.0	386240.0	480694.5	570343.0	649414.5	738391.5	827351.5	895433.5	951502.0	1088691.5	1219422.5	1298710.5	1315336.5	1138015.5	1005627.0	1022551.0	1002434.5	1007069.5	1073154.0	1147943.0	1179911.0	1029103.5	830726.0	764662.5	729222.5	680551.5	618840.0	542858.0	483781.0	423627.0	364660.5	312303.0	254739.5	200862.0	157413.5	117686.0	88829.0	69692.0	57569.0	45658.0	37481.0	32799.5	27360.5	23197.5	19663.0	16553.5	14509.5	12473.5	10486.5	11409.0	9717.5	6693.5	6300.5	6242.0	6311.5	6387.0	6943.5	7077.5	5860.5	4969.5	5723.0	6790.0	5604.0	3628.5	6198.0
SRR17011020_1	14064.0	7458.5	810.0	775.0	797.5	809.5	810.0	805.5	789.5	781.5	811.5	861.0	876.5	946.0	1112.5	1322.5	1583.5	1936.0	2538.0	3444.0	4634.5	6114.0	8349.0	11400.0	14928.5	19728.0	27977.0	39558.5	51765.0	66603.0	91572.0	124450.5	165528.0	222292.5	298057.0	375988.5	460194.5	567592.5	701503.5	839262.0	968159.5	1114698.0	1239024.5	1317795.0	1441436.0	1513837.5	1486412.5	1460562.0	1460278.0	1465824.0	1425392.0	1453700.5	1476429.5	1419220.5	1436525.0	1531210.5	1677738.5	2732353.0	2474456.0	1148273.5	1004882.0	921102.5	821611.0	711423.5	613419.5	546730.0	489650.5	388805.5	303922.5	251082.0	182497.5	126315.5	90018.5	67301.0	50159.5	41200.5	41580.0	34521.0	19702.5	11755.5	8794.0	6590.0	4914.0	3918.0	3181.5	3187.5	3724.0	3442.5	2301.5	1655.5	1494.5	1472.5	1414.0	1312.0	1152.0	1348.0	1462.5	1084.5	755.0	723.5	1193.5
SRR17011020_2	20809.0	11694.5	2307.5	1923.5	1788.5	1702.0	1565.5	1416.5	1339.0	1357.5	1398.5	1403.5	1470.5	1608.0	1739.0	1914.5	2194.5	2605.0	3196.0	4047.5	5308.5	7008.0	9261.0	12959.5	17386.0	25343.5	33352.0	41755.5	53543.5	69698.0	90693.5	116828.5	151502.0	197793.5	258608.5	335770.0	422350.0	524694.0	642618.5	752423.5	852818.5	976899.5	1109576.5	1195201.0	1270629.0	1554349.0	1897356.5	2072949.5	2112641.0	1787444.5	1519857.5	1588524.5	1571809.0	1557087.5	1593618.5	1566634.0	1589152.5	1434788.0	1188788.0	1154973.5	1110136.5	1009932.5	897812.0	773792.5	682768.5	595700.0	511823.5	441859.0	362079.5	282508.0	217942.0	169638.5	133315.5	103082.0	82515.0	66153.0	52935.5	42874.5	33508.5	27343.0	22500.5	17275.0	13288.5	10426.0	7713.0	6005.0	4989.0	4180.5	3820.0	3536.5	3237.5	2919.0	2567.0	2266.0	2126.5	2255.0	2586.5	2801.5	2667.0	2656.5	6174.5
SRR17011021_1	2310.0	1169.0	24.5	31.0	36.0	40.0	47.0	48.5	51.5	53.5	70.5	92.5	119.0	157.5	227.5	317.0	433.0	577.0	781.5	1076.0	1455.5	1989.0	2897.5	4102.5	5379.5	7282.0	11031.5	16590.5	23122.0	31939.5	45932.5	66017.0	92533.0	128060.5	177276.0	235183.5	303411.0	388477.0	485128.0	583184.0	678430.0	770026.0	847274.5	910738.0	972496.0	1002676.0	1018658.5	1025867.5	1012552.5	1006945.0	1002187.0	1017152.5	1016165.5	985751.0	985818.5	1023057.0	1038788.5	1244204.5	1148293.5	805616.0	739825.5	673372.5	596486.0	510558.0	436455.0	371015.0	310516.0	250546.0	210909.5	180982.0	132446.0	92330.5	69916.5	53401.0	39060.5	31675.0	31273.0	28418.0	22793.0	17172.5	12829.0	15241.5	13746.0	8502.5	8674.0	8417.0	6426.5	4622.5	2987.0	2818.0	2583.5	2331.0	2174.0	1873.5	1465.0	1166.0	1232.0	1538.0	1380.0	841.5	2499.5
SRR17011021_2	11969.0	6115.0	320.5	560.0	897.0	1199.0	1418.5	1438.5	1307.5	1172.0	1072.0	988.5	923.0	862.5	883.5	965.0	1033.5	1170.0	1348.5	1597.5	1968.5	2497.5	3331.5	4547.0	5980.5	9136.5	13129.0	17858.0	24247.0	33343.0	46085.0	63909.5	89233.0	123667.5	169628.0	227999.0	296779.0	380098.5	476922.0	570857.0	654593.0	737041.5	812309.0	873467.5	918049.5	976366.0	1043109.5	1094831.0	1111426.5	1055001.5	1017129.0	1039234.5	1028559.5	1021337.5	1041654.5	1069538.5	1076967.0	975328.5	838959.5	777866.0	741580.5	691863.5	614320.5	512798.5	442321.0	384614.5	329438.5	281732.5	237776.5	198592.5	154364.5	114592.0	87655.5	69369.0	56319.5	45655.5	39334.5	34631.5	29198.0	24417.0	19998.5	16614.0	14004.0	11912.5	10620.5	10081.5	7955.0	6044.0	6090.0	6450.5	6075.5	7185.0	10425.0	9593.0	5722.0	4823.5	5821.0	6078.5	4270.0	2780.5	5227.5
SRR17011022_1	5082.0	2578.0	63.5	62.0	70.5	74.5	76.0	77.0	79.0	86.0	109.5	141.5	179.5	251.5	356.0	474.0	621.5	838.0	1140.0	1465.5	1883.0	2520.5	3549.5	5017.5	6515.5	8279.5	11648.5	17084.5	23611.5	31801.5	46078.5	66635.0	92030.5	125898.0	174517.5	231402.5	296608.0	378012.5	468185.5	560072.0	651920.0	739165.5	812258.0	872075.5	928937.5	962852.5	980314.0	993345.5	994140.5	988440.0	971869.0	985481.0	1000503.5	993989.0	1019674.0	1085997.5	1184329.0	1329794.5	1162069.5	874291.5	816857.0	742144.0	660199.0	590450.0	522374.0	459420.0	387868.5	306578.5	249776.5	210982.5	162189.5	113754.5	82442.5	62835.5	47802.5	38530.5	36296.0	32986.0	26138.0	18965.0	13451.5	12941.0	13337.0	10125.0	7760.5	8751.5	8002.0	5878.0	3564.0	2575.0	2150.5	1946.0	1991.0	1999.0	1787.0	1659.5	1578.0	1432.0	1319.5	1127.0	1092.0
SRR17011022_2	5513.0	2911.0	293.0	276.5	277.0	258.0	252.0	286.5	301.5	327.5	368.0	417.5	479.0	522.0	664.5	834.5	967.0	1197.0	1515.5	1900.5	2525.5	3344.0	4315.0	5978.5	7926.0	10939.5	14730.0	19369.0	25817.0	35346.0	48603.0	66447.0	91189.5	125121.0	170698.5	227965.5	295452.5	374428.0	463900.0	549329.0	625620.5	702552.5	772676.5	835112.0	891224.0	984328.5	1060052.0	1099235.5	1099852.0	1021792.0	985796.5	1012825.0	1020127.0	1042250.5	1084193.5	1105096.0	1081532.5	983012.0	885440.0	854778.5	821024.0	748850.5	670111.5	588941.5	528867.0	474497.0	402796.0	332488.0	273777.0	223758.0	179185.0	138536.5	107492.0	85338.5	70263.0	58088.0	47623.0	40239.0	33699.5	28001.0	23157.5	18945.0	16576.0	14355.0	12972.5	12807.5	9895.5	7661.5	7577.5	7511.0	7105.5	6989.5	7589.5	7470.5	6035.5	4882.5	5250.0	6160.5	5269.5	3863.5	7265.0
SRR17011023_1	4711.0	2372.5	35.0	53.0	78.0	87.0	89.5	84.0	73.5	78.0	97.5	114.0	149.5	207.0	298.0	438.5	586.0	791.5	1072.0	1411.0	1826.5	2297.0	3266.0	4658.5	5870.0	7710.0	11830.5	18132.0	24690.5	32931.5	47420.0	68241.0	96302.5	134402.5	183884.5	242402.5	313611.5	405261.5	514423.0	621218.5	711526.0	797401.5	878029.5	960387.0	1031825.0	1029905.5	1013920.5	1016510.5	1008636.0	1001168.0	995663.0	1003438.5	988608.5	957759.0	961169.5	1005609.5	1029634.0	1314082.5	1179529.0	722163.5	655544.5	592063.0	531923.5	466304.5	403950.5	340337.0	286956.5	233630.0	191849.0	165830.5	121765.5	83209.0	61347.5	46153.0	32584.5	26529.0	29206.0	28274.0	19431.5	11074.5	6578.5	5300.0	4336.5	3209.5	2308.0	1962.0	1854.0	1393.5	780.0	640.0	641.0	648.5	622.5	540.5	450.5	513.0	624.0	794.5	880.5	982.0	3596.0
SRR17011023_2	14175.0	7276.5	459.0	675.5	995.5	1344.5	1520.5	1546.0	1465.0	1350.0	1280.5	1264.0	1302.0	1361.0	1393.0	1493.5	1704.5	2005.5	2315.0	2687.0	3227.0	3831.0	4712.0	6234.0	8015.5	11323.5	15507.0	20430.0	26402.5	34941.5	48475.0	67373.5	93319.0	128897.0	177859.5	237879.5	309878.5	398237.0	503336.0	603679.0	682303.0	764398.5	845241.5	908203.5	952586.5	1001847.5	1058325.0	1105955.5	1125751.5	1082895.5	1041687.0	1041066.5	1030546.5	1007026.5	1013520.0	1067367.5	1073811.5	949586.5	786544.5	708147.5	670054.5	614218.0	543353.0	462152.5	406164.0	353196.0	297790.0	250805.0	210671.5	176987.0	138049.0	103312.5	78762.0	61158.0	49073.0	40488.0	34151.5	29371.5	24882.5	20633.0	16660.5	13278.0	10714.5	9065.5	7578.0	6793.5	6247.0	5561.5	5157.0	4848.0	4564.5	4565.0	4709.5	4905.5	4822.0	4935.0	6041.0	7294.5	6705.0	5825.0	12779.5
SRR17011024_1	11569.0	6007.0	459.0	492.5	543.5	537.0	488.5	470.5	493.0	521.0	541.0	599.5	676.5	796.5	994.0	1273.5	1617.5	2076.5	2787.0	3768.5	5143.0	7263.5	10844.0	14955.5	19383.5	26365.0	39692.5	56441.5	72882.0	96285.5	135191.0	188285.5	255158.5	338940.0	445815.5	572998.0	716414.0	884313.5	1077808.0	1261630.0	1434786.0	1612879.5	1748735.0	1856061.5	1978716.0	2076098.5	2130804.0	2156345.5	2152239.5	2159317.5	2161340.5	2189578.0	2216765.5	2208233.0	2326062.0	2600905.5	2822692.5	2502852.0	2024387.5	1861806.5	1725170.0	1594210.0	1439191.0	1268972.5	1117373.5	974299.5	849854.0	708265.5	576527.0	474063.5	368380.0	277129.0	208954.0	155351.5	117145.0	97840.5	91078.0	78169.0	59516.0	42972.5	30856.0	27151.5	23010.5	16787.0	13423.0	11411.5	10986.5	9249.0	5730.5	4549.0	3762.0	3018.5	2457.0	1948.5	1637.5	2054.0	2111.0	1440.5	1117.0	1549.0	3868.5
SRR17011024_2	15347.0	8110.0	850.0	785.5	765.5	771.5	740.5	692.5	715.5	783.0	831.0	903.0	992.5	1101.5	1248.0	1431.5	1717.5	2114.5	2713.5	3673.5	5112.0	7070.5	10086.0	14273.5	19128.0	26728.0	38828.0	54291.0	71296.0	94553.0	124981.0	166160.0	222367.5	296397.0	391297.5	509904.0	648772.0	807860.0	987483.5	1163883.0	1323163.5	1478843.0	1625179.5	1750963.0	1870966.0	2028701.0	2350546.5	2412539.0	2211531.5	2220228.0	2270077.5	2304111.0	2313047.0	2350568.0	2376437.0	2342862.0	2306959.0	2225673.0	2040232.0	1877414.5	1781107.0	1647928.5	1496335.5	1312334.0	1164574.0	1036137.5	902549.0	788743.0	674636.0	547921.0	428078.0	329652.0	256139.5	202290.0	164613.0	135426.0	115487.0	97027.5	76261.0	63286.0	52186.0	41310.0	32368.5	25589.0	19048.0	15190.0	12347.5	9359.0	8260.5	8015.0	7706.0	8149.0	8678.5	7045.5	4855.5	4353.5	4353.5	3762.5	2719.5	2252.0	4859.5
SRR17011025_1	9879.0	4999.5	119.5	120.5	119.5	123.0	115.0	127.5	152.0	152.5	166.0	218.5	275.5	325.0	425.0	540.5	694.5	982.0	1397.0	1909.0	2765.0	4062.5	6486.5	9227.0	12055.0	16677.0	26226.5	38106.0	47938.5	61861.5	85777.5	118752.5	159046.5	207636.5	271019.5	343874.5	426811.5	526664.0	640012.5	752809.0	862112.0	958789.5	1030689.0	1091829.0	1161303.0	1218644.5	1244941.5	1254913.5	1261874.0	1275867.0	1282050.5	1303010.0	1305955.0	1271707.5	1259190.5	1273897.5	1360485.5	1511699.0	1371955.5	1093919.0	998046.0	929411.5	842013.0	741621.5	650670.5	564108.5	480727.5	401799.0	335406.0	269040.5	197511.5	143996.5	109718.5	82605.5	60591.0	48174.0	42555.0	34775.5	25511.0	17279.0	11626.0	8948.5	6432.0	4680.5	3941.0	3581.5	3591.5	3009.0	1771.5	1339.0	1139.5	977.0	813.0	703.0	740.5	1174.5	1340.5	1026.5	918.5	1416.0	3843.5
SRR17011025_2	11557.0	5938.5	308.5	331.5	398.5	427.0	422.5	459.5	506.5	540.5	576.0	634.0	695.5	750.5	830.0	922.5	1087.0	1324.0	1622.5	2140.0	3104.0	4301.5	6138.0	8908.0	11936.0	16698.5	25317.5	36645.5	47965.0	61720.5	79961.5	105550.0	139392.5	185267.0	243078.0	315751.0	399900.5	492372.5	602877.0	711225.5	807843.0	896644.0	978101.0	1049031.0	1103952.0	1164729.0	1241259.5	1309782.5	1372015.0	1350895.0	1304994.0	1358010.0	1363387.0	1329361.0	1341855.0	1353116.0	1327311.0	1229294.5	1107541.0	1041539.0	1011453.5	977085.0	888042.5	759875.5	671460.5	600138.0	515886.5	436839.0	365718.0	298768.0	236803.0	178230.5	136477.5	108829.5	88103.0	70730.0	57599.5	48149.5	39627.0	32430.0	25261.5	19202.0	14171.5	10781.0	7913.5	6246.5	5199.5	4042.0	3425.0	3154.0	3034.0	3060.5	3007.0	2736.5	2556.5	2772.0	3177.0	3161.5	2658.5	2375.5	4294.5
SRR17011026_1	19430.0	9782.0	143.0	150.0	148.0	140.5	133.5	142.5	145.5	142.0	155.0	181.0	216.0	286.0	393.0	507.0	658.5	935.0	1331.0	1832.5	2484.5	3554.0	5841.5	7756.5	9499.0	13371.0	20351.0	29862.5	39273.5	52024.5	74203.0	107605.5	149427.5	203270.5	276709.0	361251.5	467746.0	604320.5	762225.5	928239.0	1096778.5	1268831.5	1434228.0	1591615.5	1755633.5	1898847.5	1998828.5	2065190.5	2133614.5	2205377.5	2265249.0	2385123.0	2464710.5	2477969.5	2539383.0	2797469.0	3355869.0	3177722.5	2536153.5	2384634.0	2300215.0	2211857.0	2130400.0	2033602.5	1900241.0	1669590.0	1405418.0	1172869.5	971095.0	782945.0	598684.0	465391.0	362336.5	277217.0	216245.0	167072.5	143345.5	117618.5	85909.0	67506.0	52631.0	43663.5	33730.0	24172.5	26556.5	32760.0	32735.5	26355.0	19582.0	20184.0	20769.5	19707.5	16764.5	11857.5	7374.0	4753.5	3413.0	2199.5	1384.5	1508.0	4354.0
SRR17011026_2	28473.0	14569.0	644.5	619.0	607.5	619.5	626.5	596.0	602.0	635.5	666.5	698.0	742.0	807.5	877.5	996.5	1118.5	1283.0	1615.0	2000.0	2607.5	3599.5	5060.5	7166.0	9850.5	13722.5	19798.5	27873.0	37922.0	51900.5	70386.5	96307.5	130344.0	178541.5	243752.0	329658.5	432953.5	556171.5	708742.0	869807.5	1024977.0	1182143.5	1358569.0	1524543.0	1679022.0	1875568.5	2164481.5	2512386.5	2526915.0	2353898.0	2435985.5	2550621.0	2580306.5	2633301.5	2647756.5	2602112.0	2543840.5	2454350.0	2379549.0	2354150.0	2336951.0	2286087.5	2161407.5	1980027.0	1834457.5	1677152.0	1435152.0	1203212.0	1021945.0	857939.5	699182.5	550229.5	419325.0	315683.5	250082.0	198682.0	158841.5	130595.0	106607.0	89732.5	83922.0	85207.5	72305.0	49059.5	34634.5	36998.5	39149.0	28610.5	21879.5	20849.0	20476.0	17908.5	13254.0	8980.5	6024.0	4943.5	4436.0	3307.0	2163.5	1659.0	2349.5
SRR17011027_1	7447.0	3760.0	82.5	93.5	109.5	122.5	122.0	123.5	136.5	172.5	201.5	246.0	314.5	370.0	479.0	629.0	794.0	1050.5	1472.5	2064.0	2943.5	4080.5	5916.0	8202.5	10598.5	14652.5	22112.5	32139.5	43320.0	59788.5	86871.0	121302.5	163932.0	221237.5	304066.0	411272.0	536633.5	669532.0	813781.0	988664.5	1166579.5	1284640.5	1337291.5	1400791.5	1473913.0	1517820.5	1530969.0	1516989.0	1496170.0	1463694.5	1432020.0	1424500.0	1400060.5	1380767.5	1434830.5	1645258.0	2362695.0	2189532.5	1296155.0	1092495.5	1005719.5	914520.0	817321.5	720563.0	649818.5	578886.0	494503.5	406898.5	336915.5	276095.0	201221.0	138882.5	100170.0	72766.5	53873.0	44090.5	40430.5	34177.0	25302.0	16965.5	11090.5	8775.5	6702.5	4574.5	3538.0	3194.0	3215.5	2746.0	1752.0	1332.0	1055.5	817.0	670.0	602.0	645.5	1056.5	1165.5	766.0	585.5	851.0	2620.0
SRR17011027_2	9095.0	4687.0	282.0	284.0	290.5	310.5	336.5	330.5	342.5	383.5	419.0	504.5	582.0	638.0	727.0	867.5	1071.0	1330.0	1632.0	2089.5	2813.0	3720.5	5008.5	7053.5	9708.5	13874.0	20485.0	28553.5	38197.0	53016.5	71723.5	98429.0	135094.0	184716.0	255531.0	348315.0	463420.0	602309.0	753792.5	917916.0	1078958.5	1192901.0	1239110.0	1295008.0	1387007.5	1495494.0	1718266.0	1908033.5	1781794.0	1558472.0	1542811.5	1548845.5	1531511.0	1626675.5	1703578.5	1667128.0	1488844.5	1290655.5	1182796.0	1138242.5	1093858.0	1013846.0	908734.0	786369.0	707340.0	628419.5	536781.0	461103.5	387071.5	312163.0	240910.5	178996.0	136504.5	106834.0	84373.5	67858.0	56014.5	45949.5	36971.5	30214.0	23874.5	18358.0	13690.5	10262.0	7965.5	6664.0	5439.5	4430.0	3988.5	3698.5	3596.0	3795.0	3778.0	3184.0	2680.0	2788.0	2954.0	2704.5	2305.0	2413.0	7915.0
SRR17011028_1	16398.0	8306.5	222.5	234.0	247.0	278.5	293.5	313.0	342.0	390.0	487.0	633.5	809.0	1051.0	1423.0	1896.0	2567.5	3456.5	4641.0	6323.0	8793.5	12336.0	18524.5	25596.5	32630.0	44064.0	64479.0	90161.0	117274.5	153760.0	211317.5	290593.0	386998.0	503470.5	651249.0	821943.0	1007840.5	1232993.0	1495979.0	1745094.5	1982546.5	2203327.5	2350798.5	2472408.0	2577279.5	2610132.5	2633502.0	2626094.5	2595312.5	2594555.5	2585117.5	2578365.5	2517442.0	2421851.5	2389025.0	2406873.5	2476618.5	3044383.0	2890459.0	2039733.0	1761614.5	1595341.5	1433304.5	1267679.0	1119770.0	971860.5	823969.0	674688.0	560303.0	468630.0	356084.0	259792.0	193626.0	143137.0	105707.5	83529.5	72400.0	58581.5	43856.5	31573.5	22168.5	19071.0	15468.5	9884.0	7536.5	6919.0	6111.0	4877.5	3390.0	2839.0	2338.0	1884.0	1539.5	1283.5	1300.5	2129.5	2397.0	1567.5	1177.5	1693.0	5426.0
SRR17011028_2	19932.0	10286.5	651.0	694.5	748.0	838.5	906.0	938.0	1055.5	1178.0	1260.0	1436.5	1707.5	1986.0	2338.0	2775.0	3411.5	4306.5	5454.5	7049.0	9675.0	13230.0	18334.0	25599.5	34020.0	46750.0	66786.0	91742.0	118355.0	154810.0	201306.0	262743.5	344358.5	449986.0	584825.5	749611.0	937681.5	1151212.5	1396013.0	1634921.0	1846678.0	2043256.0	2209444.5	2343860.0	2447696.0	2531662.0	2674617.5	2803755.0	2885831.0	2775058.0	2627236.0	2705207.5	2675886.5	2577849.0	2575367.0	2639112.5	2621237.5	2369736.0	2079088.0	1942015.5	1846305.5	1699340.0	1521299.0	1319530.5	1169587.5	1033749.5	882946.0	750700.0	633832.5	520201.5	410236.5	316491.5	247411.0	195971.5	154229.0	122790.0	100259.0	81551.0	65758.0	53344.5	42224.0	32410.0	24420.5	19058.5	15093.5	12670.0	10588.5	8841.5	8464.5	8285.5	7979.5	8812.0	9730.0	8255.0	5986.5	5308.0	5174.5	4473.5	3467.0	3199.0	6963.5
SRR17011029_1	15866.0	8016.5	185.5	201.0	217.0	224.0	200.5	207.5	227.0	251.5	305.0	360.0	460.5	589.5	739.0	994.5	1314.0	1827.5	2526.5	3413.5	4867.5	7170.0	11831.5	16393.5	20239.0	28032.0	44935.5	65325.0	80382.0	100417.0	137515.5	189878.0	252514.5	324874.0	415218.0	516933.5	634915.0	780341.0	947790.0	1106247.5	1257300.5	1401537.5	1506548.0	1614832.5	1728880.5	1761035.5	1771861.0	1809280.0	1835328.5	1861090.0	1882895.0	1920017.5	1901954.5	1830377.5	1811235.0	1852143.5	2009456.0	2168664.0	1937173.0	1589647.0	1443820.0	1341220.0	1218589.0	1081737.5	964056.5	834611.0	717220.0	603247.0	503725.0	418741.5	323486.0	244882.5	190423.0	144444.0	107519.0	89862.5	88000.5	77037.0	60631.0	46028.5	33625.5	38148.0	35824.0	22028.0	18999.0	19317.5	16993.5	13296.5	9374.0	8404.0	7373.5	5548.0	4016.0	3090.0	2633.0	2847.5	2511.0	1605.5	1473.0	2056.5	4228.0
SRR17011029_2	17671.0	9120.0	575.0	604.5	665.5	730.0	759.0	751.0	774.5	842.5	909.0	973.5	1070.0	1187.5	1355.0	1564.0	1818.0	2211.0	2802.5	3696.5	5099.5	7090.5	10458.5	15089.0	20169.0	28159.5	42846.5	62451.5	81956.5	104710.5	131773.0	170051.0	222306.5	291342.5	377469.5	487265.0	608343.0	737135.0	894202.0	1051745.5	1196587.0	1322437.0	1435208.0	1538297.5	1614247.0	1686458.0	1789491.5	1895467.0	1988725.5	1982497.5	1948527.0	1996758.0	2001193.5	1959061.5	1940565.0	1941828.0	1913660.5	1792410.5	1622045.5	1522667.0	1459187.0	1372027.5	1241517.5	1083081.5	969439.5	868533.5	747136.0	637530.5	543058.5	454658.5	367513.0	285991.0	224468.5	179391.0	146040.5	120794.0	104537.0	90360.5	73370.5	60613.0	50544.0	41940.5	34505.5	29093.0	26371.0	26159.5	22282.0	17979.5	17867.0	19151.0	18816.0	19333.0	21603.5	19128.0	12204.0	7636.5	5842.0	4873.5	3800.5	3264.5	5918.5
SRR17011030_1	11842.0	6079.0	314.5	290.5	270.5	274.5	273.0	267.0	259.5	259.0	282.5	328.5	388.5	505.0	664.0	838.0	1115.0	1574.5	2185.5	3115.5	4553.5	6652.5	10794.5	15532.0	19989.5	27372.5	41857.5	60020.5	76430.5	98146.0	132812.5	180342.5	237988.5	307410.5	395167.0	494439.0	609091.5	747859.5	900805.5	1047046.0	1188670.5	1321530.0	1417953.0	1501531.0	1608209.0	1672495.0	1690117.0	1709331.0	1709827.5	1719121.0	1725439.5	1748832.0	1755879.0	1710233.5	1701463.5	1747134.0	1858257.5	2036573.0	1875979.5	1523113.0	1393400.0	1313851.0	1188133.0	1046330.0	920895.0	800020.0	698969.0	594082.0	497504.5	396717.5	288085.5	211459.5	162239.0	123657.5	93807.5	79752.0	74051.0	63508.5	49084.0	34856.5	25236.0	20872.5	16089.5	11965.0	9852.5	9650.5	10715.0	9102.0	5188.0	3703.0	2826.0	2188.0	1668.0	1400.0	1366.5	1491.0	1429.0	1122.0	926.0	1266.5	3736.5
SRR17011030_2	14769.0	7623.0	480.0	484.0	496.5	565.5	621.5	647.0	710.0	785.0	852.5	928.0	1034.5	1121.0	1263.0	1473.0	1725.0	2145.0	2752.0	3664.0	5080.0	7047.5	10197.5	14865.5	20143.5	28170.5	41750.5	58763.5	76002.0	97377.5	124472.5	161617.5	210502.5	274266.5	354667.5	453446.5	569130.0	698739.5	843721.5	983313.0	1110899.0	1234624.0	1344103.5	1436031.0	1511915.0	1598910.0	1697402.5	1786154.0	1845113.0	1802528.5	1763036.5	1822381.5	1826773.5	1809563.5	1826307.0	1831693.5	1823665.0	1711578.5	1544561.5	1453928.5	1401319.5	1329332.0	1216120.0	1064006.0	946641.0	856446.5	748390.5	649043.0	551483.0	443557.5	347680.0	261194.0	200129.0	160875.5	131649.5	110236.0	96151.0	86076.0	73108.0	60695.5	49350.5	39194.5	29621.5	22949.5	16564.5	13398.0	11109.0	8040.0	6415.5	5891.5	5673.0	5487.5	5051.0	4316.5	3879.5	4115.0	4402.0	3938.5	3042.5	2517.0	4797.0
SRR17011031_1	16360.0	8274.5	199.0	200.0	216.5	221.5	219.0	244.0	288.5	351.0	428.0	532.5	673.5	882.5	1178.5	1595.0	2138.5	2940.0	4184.0	5803.0	8177.0	11727.0	18482.0	26214.5	33427.5	45257.0	67652.5	95620.0	122353.0	158427.0	214229.5	289669.0	382154.5	494858.5	636744.5	793499.5	970854.0	1188943.5	1435532.0	1667810.0	1884875.5	2095519.0	2253021.5	2374303.0	2506752.5	2579634.0	2610495.5	2639999.0	2631658.5	2638497.0	2635259.0	2640528.0	2616664.5	2524354.0	2490751.5	2557737.5	2865407.5	3083624.5	2643052.0	2109927.0	1897214.0	1747996.0	1560986.5	1358947.5	1198863.0	1026293.5	865020.0	717765.0	613440.0	516182.0	384530.5	285189.0	218856.5	163213.0	121722.0	102344.0	96722.0	82967.5	66449.0	51270.0	39707.0	38642.5	34980.5	24335.0	18909.5	20856.5	21573.0	17677.0	11447.5	8728.0	7050.0	5468.0	4250.0	3408.5	3016.0	3150.5	2790.5	1903.5	1477.0	2033.5	4600.5
SRR17011031_2	21137.0	10909.0	689.5	705.5	749.5	817.5	899.5	986.0	1050.5	1141.5	1234.5	1365.5	1558.5	1735.0	1970.5	2339.5	2897.5	3617.0	4594.5	6256.0	8602.0	11882.5	17259.5	24846.5	33082.5	45412.0	66415.5	92874.0	120953.5	157021.0	200708.5	259867.0	339177.5	441862.0	571295.5	728539.0	905613.5	1105302.0	1339621.5	1567116.5	1773469.5	1967195.0	2135610.0	2274247.0	2374907.5	2479143.5	2632226.0	2816305.5	2890953.0	2763429.5	2690424.5	2755502.5	2737170.0	2706747.5	2740382.5	2756501.0	2659752.5	2419980.5	2177799.0	2052899.5	1962465.0	1818526.5	1612709.0	1376527.5	1214513.5	1080113.5	929000.0	788562.0	672257.0	565379.0	452668.5	353398.5	280422.5	224306.0	179689.0	149321.0	129087.5	113417.0	95750.0	79792.0	68331.5	59545.0	47670.0	40050.5	34783.0	30055.5	25757.5	20296.5	16724.5	15229.5	15460.0	16426.5	17332.0	14306.0	9365.5	7284.0	6692.0	5611.5	4202.5	3591.5	6867.5
