## htsjdk.samtools.metrics.StringHeader
# CollectInsertSizeMetrics HISTOGRAM_FILE=/work/ugbogu/pipeline/data/nbl/GSE189367/results/picard/SRR17010999_insert_size_histogram.pdf MINIMUM_PCT=0.5 INPUT=/work/ugbogu/pipeline/data/nbl/GSE189367/results/star/SRR17010999.Aligned.sortedByCoord.out.bam OUTPUT=/work/ugbogu/pipeline/data/nbl/GSE189367/results/picard/SRR17010999_insert_size_metrics.txt    DEVIATIONS=10.0 METRIC_ACCUMULATION_LEVEL=[ALL_READS] INCLUDE_DUPLICATES=false ASSUME_SORTED=true STOP_AFTER=0 VERBOSITY=INFO QUIET=false VALIDATION_STRINGENCY=STRICT COMPRESSION_LEVEL=5 MAX_RECORDS_IN_RAM=500000 CREATE_INDEX=false CREATE_MD5_FILE=false USE_JDK_DEFLATER=false USE_JDK_INFLATER=false
## htsjdk.samtools.metrics.StringHeader
# Started on: Wed Apr 15 21:31:41 UTC 2026

## METRICS CLASS	picard.analysis.InsertSizeMetrics
MEDIAN_INSERT_SIZE	MODE_INSERT_SIZE	MEDIAN_ABSOLUTE_DEVIATION	MIN_INSERT_SIZE	MAX_INSERT_SIZE	MEAN_INSERT_SIZE	STANDARD_DEVIATION	READ_PAIRS	PAIR_ORIENTATION	WIDTH_OF_10_PERCENT	WIDTH_OF_20_PERCENT	WIDTH_OF_30_PERCENT	WIDTH_OF_40_PERCENT	WIDTH_OF_50_PERCENT	WIDTH_OF_60_PERCENT	WIDTH_OF_70_PERCENT	WIDTH_OF_80_PERCENT	WIDTH_OF_90_PERCENT	WIDTH_OF_95_PERCENT	WIDTH_OF_99_PERCENT	SAMPLE	LIBRARY	READ_GROUP
1384	77802	1226	24	2943904	2179.203822	2828.554991	51910786	FR	777	1505	2069	2317	2453	2553	4895	11123	37917	152785	266817			

## HISTOGRAM	java.lang.Integer
insert_size	All_Reads.fr_count
24	1
25	2
26	2
27	1
28	16
29	14
30	17
31	10
32	11
33	28
34	61
35	450
36	483
37	658
38	575
39	729
40	769
41	709
42	817
43	908
44	932
45	1083
46	1003
47	1032
48	1159
49	1204
50	1209
51	1227
52	1436
53	1620
54	1603
55	1745
56	1723
57	1975
58	2470
59	2325
60	2520
61	2737
62	2956
63	3384
64	3312
65	4081
66	4377
67	4910
68	5920
69	5744
70	6721
71	7153
72	7197
73	8476
74	9737
75	17208
76	11969
77	11334
78	13618
79	13188
80	14461
81	16883
82	16163
83	17436
84	19076
85	20018
86	21574
87	23469
88	24528
89	27291
90	30150
91	32896
92	34640
93	37565
94	41140
95	44631
96	46983
97	52097
98	51883
99	55862
100	59335
101	60341
102	62985
103	67345
104	78092
105	89325
106	98883
107	93718
108	91789
109	95194
110	95618
111	91048
112	93642
113	96521
114	98539
115	96239
116	97063
117	98750
118	100936
119	100782
120	103847
121	109585
122	105798
123	115924
124	114504
125	106399
126	103703
127	105613
128	101611
129	102541
130	103383
131	104184
132	102597
133	110013
134	107532
135	103866
136	107888
137	104214
138	103420
139	103152
140	104647
141	104972
142	100727
143	100303
144	96982
145	95395
146	94418
147	95816
148	94437
149	94599
150	91494
151	96327
152	92209
153	95759
154	92680
155	94273
156	93082
157	92730
158	89480
159	86302
160	87261
161	85619
162	86299
163	88274
164	84485
165	84795
166	83510
167	84109
168	85929
169	84938
170	91445
171	84849
172	83340
173	84430
174	83569
175	85498
176	82708
177	79856
178	81258
179	86093
180	86203
181	85688
182	86422
183	82867
184	76484
185	72925
186	73572
187	74451
188	73091
189	69929
190	68852
191	68123
192	68126
193	67886
194	67935
195	67037
196	66285
197	65472
198	64427
199	63078
200	63286
201	63431
202	63294
203	63815
204	61389
205	62801
206	59307
207	59850
208	61240
209	59669
210	59107
211	58536
212	61298
213	58704
214	57677
215	56470
216	56670
217	57696
218	56140
219	56750
220	56481
221	57508
222	56403
223	56009
224	56846
225	55540
226	59199
227	61656
228	57347
229	59964
230	66653
231	60293
232	61173
233	63575
234	62327
235	54283
236	59780
237	52629
238	51653
239	51149
240	51096
241	49567
242	49895
243	47894
244	47139
245	46697
246	46090
247	46987
248	47536
249	46479
250	46524
251	45382
252	44989
253	44176
254	43844
255	44417
256	43490
257	43440
258	41868
259	42352
260	42061
261	42374
262	42885
263	40947
264	40773
265	41163
266	40784
267	41189
268	40841
269	39954
270	39922
271	39897
272	38799
273	39667
274	39220
275	38865
276	38680
277	38468
278	38797
279	38342
280	37776
281	37633
282	38172
283	37395
284	37389
285	36088
286	37206
287	37109
288	36208
289	36521
290	34556
291	35510
292	35364
293	35602
294	35119
295	35233
296	34693
297	34080
298	34354
299	34673
300	34251
301	33605
302	33520
303	33301
304	34174
305	33625
306	31696
307	32892
308	32558
309	32346
310	32012
311	31374
312	31104
313	31617
314	31579
315	31306
316	31625
317	30447
318	31024
319	29117
320	29836
321	29471
322	29510
323	30626
324	30136
325	30193
326	28655
327	28383
328	28244
329	27823
330	27984
331	28582
332	27776
333	28145
334	27334
335	28515
336	26867
337	27000
338	27562
339	27717
340	26697
341	26465
342	26197
343	26343
344	26312
345	26354
346	26069
347	26369
348	25450
349	25632
350	24831
351	25439
352	25607
353	25815
354	25108
355	25110
356	23934
357	24169
358	23801
359	24362
360	24178
361	23952
362	23631
363	23170
364	23125
365	22960
366	23085
367	22795
368	22293
369	22629
370	22452
371	22060
372	21473
373	21543
374	21817
375	22643
376	22343
377	21892
378	22429
379	21950
380	22399
381	22340
382	21336
383	20914
384	20796
385	21452
386	21799
387	20690
388	19776
389	19098
390	18591
391	18955
392	19256
393	19350
394	19646
395	20054
396	21249
397	20759
398	18824
399	18565
400	18666
401	19417
402	18214
403	18657
404	18030
405	17692
406	17770
407	16925
408	18338
409	17192
410	17823
411	17270
412	16285
413	16076
414	16622
415	15881
416	16680
417	17144
418	16288
419	16185
420	16774
421	15857
422	15274
423	15671
424	16388
425	16141
426	16376
427	15605
428	15753
429	16246
430	15900
431	15459
432	14718
433	14960
434	15208
435	15516
436	15195
437	15368
438	14612
439	14204
440	14684
441	14475
442	14605
443	14631
444	15148
445	14720
446	14871
447	14133
448	14572
449	14365
450	14360
451	13889
452	14646
453	14544
454	14793
455	13647
456	13318
457	13475
458	13485
459	14183
460	12962
461	12746
462	12841
463	12926
464	12749
465	12272
466	12717
467	12527
468	12970
469	12670
470	12718
471	12472
472	12278
473	12871
474	12158
475	12500
476	11679
477	12723
478	12400
479	12572
480	12123
481	12128
482	12010
483	12665
484	12792
485	12235
486	11848
487	11788
488	12044
489	11902
490	12313
491	12424
492	11830
493	12085
494	11639
495	12738
496	12340
497	12759
498	12056
499	14459
500	12167
501	12124
502	12627
503	11916
504	11757
505	11518
506	12572
507	12920
508	11946
509	12172
510	11507
511	11156
512	11386
513	11241
514	11830
515	11729
516	11370
517	11479
518	11954
519	12857
520	12031
521	11564
522	11277
523	11296
524	11510
525	11513
526	10923
527	11045
528	11452
529	11334
530	10929
531	10428
532	10975
533	10738
534	11414
535	11147
536	11451
537	11559
538	11068
539	10715
540	11463
541	11145
542	10806
543	11572
544	11347
545	10744
546	11116
547	10441
548	10589
549	10884
550	11269
551	10949
552	10622
553	10675
554	10692
555	10668
556	11202
557	10987
558	11394
559	10546
560	10689
561	10828
562	10545
563	11164
564	10862
565	10921
566	10752
567	10314
568	10914
569	10459
570	10936
571	10777
572	10433
573	10656
574	10346
575	10575
576	10233
577	10271
578	10487
579	10275
580	10432
581	10673
582	10731
583	10624
584	10525
585	10881
586	10572
587	10301
588	10307
589	10083
590	10012
591	10387
592	10419
593	10072
594	9900
595	10250
596	10363
597	10444
598	10840
599	10120
600	10684
601	11139
602	9997
603	10325
604	9724
605	10107
606	10332
607	10073
608	9673
609	9756
610	9700
611	10151
612	9764
613	10010
614	10214
615	10116
616	10030
617	9614
618	10239
619	9907
620	10086
621	9915
622	10032
623	10228
624	10605
625	10374
626	10043
627	10092
628	10124
629	9617
630	10002
631	9818
632	9803
633	10100
634	10723
635	9841
636	10390
637	10174
638	10450
639	10399
640	10040
641	10258
642	9527
643	9782
644	9723
645	10443
646	10126
647	10058
648	9870
649	10413
650	8946
651	9234
652	9650
653	9541
654	9569
655	9931
656	9824
657	9437
658	9560
659	10217
660	9948
661	9612
662	9626
663	9612
664	9627
665	9369
666	9334
667	9436
668	9958
669	9935
670	9744
671	9173
672	9579
673	9572
674	9331
675	9198
676	9616
677	9137
678	9931
679	9876
680	9765
681	9724
682	9576
683	9641
684	10002
685	9833
686	9429
687	9218
688	9279
689	9522
690	9825
691	9838
692	9891
693	9824
694	10283
695	10392
696	9922
697	9863
698	9726
699	10290
700	9604
701	10154
702	10027
703	10352
704	9988
705	9867
706	9608
707	9447
708	10023
709	9096
710	9224
711	9346
712	9825
713	9387
714	9406
715	9139
716	9485
717	9156
718	8904
719	9197
720	9232
721	9367
722	8901
723	9478
724	9358
725	9424
726	9371
727	9447
728	8775
729	9022
730	8943
731	9103
732	8351
733	8841
734	9615
735	9165
736	8699
737	8769
738	9033
739	8691
740	8740
741	8669
742	8499
743	9171
744	8541
745	8696
746	8236
747	8026
748	8325
749	8444
750	8217
751	8889
752	8546
753	8498
754	8486
755	8588
756	8146
757	8951
758	8229
759	8996
760	8575
761	8504
762	8866
763	8538
764	8829
765	8302
766	8766
767	9006
768	9214
769	8770
770	8671
771	8759
772	8740
773	8931
774	8572
775	8921
776	8342
777	8458
778	9057
779	8900
780	9148
781	8762
782	8261
783	8518
784	8506
785	8663
786	9103
787	8824
788	9199
789	8676
790	8570
791	8903
792	9146
793	9381
794	9764
795	9377
796	9010
797	8935
798	9271
799	9130
800	8534
801	9116
802	9271
803	9249
804	9417
805	9261
806	9169
807	9299
808	9759
809	8945
810	8572
811	8973
812	8692
813	8372
814	8566
815	8786
816	8728
817	8714
818	8654
819	8703
820	8838
821	9079
822	9464
823	9114
824	8646
825	8842
826	9346
827	9229
828	9013
829	9271
830	10236
831	8542
832	9043
833	9084
834	9041
835	9277
836	9544
837	10452
838	9608
839	9315
840	8767
841	9291
842	8787
843	8794
844	8945
845	8851
846	8574
847	8398
848	8681
849	8389
850	8627
851	8794
852	8745
853	8613
854	8456
855	8582
856	8191
857	8860
858	8121
859	8214
860	9353
861	8455
862	8647
863	8992
864	8968
865	9494
866	8644
867	8989
868	8565
869	8583
870	8521
871	8830
872	8733
873	9089
874	8898
875	8913
876	9016
877	9208
878	8461
879	8656
880	8768
881	9107
882	9095
883	9084
884	8346
885	8308
886	8454
887	8516
888	9437
889	8694
890	8392
891	8499
892	8610
893	8626
894	8697
895	8503
896	8308
897	8905
898	8247
899	8350
900	8098
901	8631
902	8170
903	8113
904	8100
905	8458
906	8386
907	8265
908	8275
909	8161
910	8081
911	8026
912	8733
913	8163
914	8740
915	8430
916	8715
917	8664
918	8389
919	8757
920	8853
921	8298
922	8399
923	8876
924	8848
925	8560
926	8198
927	8407
928	8554
929	8427
930	8363
931	8478
932	8547
933	8586
934	8989
935	8857
936	8711
937	8925
938	8396
939	8670
940	8956
941	8714
942	8529
943	8506
944	8482
945	8209
946	8271
947	8162
948	8516
949	7897
950	8177
951	8257
952	8238
953	8221
954	8320
955	8013
956	8028
957	7773
958	7964
959	7954
960	8019
961	8394
962	8890
963	8263
964	7803
965	8311
966	8656
967	8714
968	8805
969	8521
970	8579
971	8292
972	8393
973	8037
974	8130
975	7996
976	8117
977	8278
978	9190
979	8641
980	9106
981	8690
982	8333
983	8296
984	8298
985	8077
986	8065
987	7988
988	8096
989	7967
990	8460
991	8461
992	8860
993	8049
994	8506
995	8273
996	8231
997	7944
998	7682
999	7734
1000	7852
1001	7896
1002	7671
1003	7879
1004	7541
1005	8049
1006	8204
1007	8409
1008	7934
1009	8216
1010	7717
1011	7805
1012	7962
1013	7650
1014	8285
1015	7981
1016	7832
1017	7795
1018	7645
1019	7426
1020	7511
1021	7209
1022	7468
1023	7464
1024	7454
1025	7059
1026	7233
1027	6925
1028	7194
1029	7372
1030	6915
1031	7299
1032	7090
1033	7016
1034	7214
1035	7331
1036	7367
1037	7204
1038	7321
1039	7119
1040	7410
1041	7452
1042	7297
1043	7013
1044	7580
1045	7515
1046	7437
1047	7235
1048	7390
1049	7017
1050	7095
1051	7161
1052	7777
1053	7896
1054	7529
1055	7755
1056	7478
1057	7645
1058	6823
1059	6989
1060	7040
1061	6939
1062	7016
1063	7082
1064	6902
1065	7038
1066	6688
1067	7169
1068	6956
1069	6758
1070	6381
1071	6860
1072	7022
1073	7196
1074	6762
1075	6992
1076	6497
1077	7021
1078	7340
1079	7427
1080	7215
1081	7213
1082	7227
1083	7121
1084	7184
1085	7326
1086	7090
1087	7285
1088	7003
1089	6781
1090	6841
1091	6673
1092	6625
1093	6715
1094	7340
1095	7353
1096	7050
1097	6735
1098	6750
1099	7627
1100	7018
1101	6208
1102	6587
1103	6990
1104	6934
1105	6815
1106	6693
1107	6827
1108	7039
1109	6975
1110	6928
1111	7663
1112	6956
1113	6988
1114	6469
1115	7332
1116	6270
1117	6873
1118	6730
1119	7081
1120	6989
1121	6739
1122	7184
1123	7044
1124	7154
1125	7205
1126	6911
1127	7158
1128	6625
1129	6943
1130	6844
1131	6737
1132	6335
1133	6753
1134	6558
1135	6564
1136	6495
1137	6722
1138	7008
1139	6849
1140	6581
1141	7163
1142	6999
1143	6782
1144	6488
1145	6570
1146	6639
1147	6758
1148	6942
1149	6422
1150	7154
1151	7212
1152	6752
1153	6787
1154	6801
1155	6863
1156	6602
1157	7191
1158	6899
1159	7218
1160	6682
1161	6891
1162	7359
1163	7292
1164	7334
1165	7012
1166	6969
1167	7318
1168	6857
1169	7016
1170	6932
1171	6987
1172	7217
1173	7432
1174	7432
1175	7334
1176	6848
1177	6757
1178	6978
1179	6862
1180	6895
1181	6704
1182	6743
1183	6860
1184	6226
1185	6518
1186	6962
1187	6889
1188	6732
1189	6280
1190	6761
1191	6908
1192	6791
1193	6525
1194	6701
1195	6698
1196	6574
1197	6778
1198	6565
1199	6557
1200	6676
1201	6440
1202	6676
1203	6661
1204	6298
1205	6925
1206	6413
1207	6828
1208	6752
1209	6869
1210	6885
1211	6458
1212	6791
1213	6915
1214	6643
1215	6510
1216	6640
1217	6847
1218	6725
1219	6570
1220	6666
1221	6463
1222	6514
1223	6498
1224	6734
1225	6492
1226	6713
1227	6714
1228	7151
1229	6946
1230	6655
1231	6439
1232	6472
1233	6537
1234	6512
1235	7046
1236	6528
1237	6705
1238	6064
1239	6472
1240	6461
1241	6410
1242	6764
1243	6719
1244	6540
1245	6531
1246	6770
1247	6264
1248	6665
1249	6439
1250	6717
1251	6887
1252	6747
1253	7275
1254	7221
1255	7913
1256	7295
1257	7715
1258	7433
1259	7016
1260	7377
1261	7134
1262	7004
1263	7600
1264	7911
1265	7821
1266	7565
1267	7881
1268	7400
1269	7859
1270	6872
1271	6641
1272	6973
1273	6958
1274	6602
1275	6451
1276	6375
1277	6415
1278	6471
1279	6702
1280	6685
1281	6897
1282	6528
1283	6401
1284	6969
1285	6566
1286	6373
1287	5987
1288	6397
1289	6674
1290	6351
1291	6669
1292	6501
1293	6294
1294	6210
1295	6423
1296	6254
1297	6718
1298	6926
1299	7250
1300	6292
1301	7068
1302	6632
1303	6757
1304	6776
1305	7177
1306	6587
1307	6913
1308	6848
1309	6933
1310	7656
1311	7105
1312	7101
1313	7454
1314	6912
1315	7049
1316	6999
1317	7461
1318	7264
1319	6758
1320	7139
1321	7017
1322	7109
1323	7031
1324	7157
1325	6982
1326	8033
1327	8227
1328	8265
1329	6917
1330	6918
1331	6842
1332	7192
1333	6433
1334	6613
1335	6361
1336	6705
1337	6494
1338	6626
1339	6672
1340	6739
1341	6703
1342	7165
1343	6722
1344	6557
1345	6889
1346	6960
1347	6799
1348	7055
1349	7032
1350	6785
1351	7227
1352	7225
1353	7425
1354	7161
1355	6957
1356	7046
1357	7055
1358	6934
1359	6836
1360	6614
1361	6590
1362	6820
1363	6583
1364	6713
1365	6733
1366	6136
1367	6648
1368	6737
1369	6814
1370	6745
1371	6379
1372	6386
1373	6592
1374	6498
1375	6453
1376	6242
1377	6220
1378	6115
1379	6323
1380	6077
1381	6031
1382	6312
1383	6181
1384	6301
1385	6322
1386	6282
1387	6367
1388	6103
1389	6109
1390	6257
1391	6245
1392	6568
1393	6403
1394	6220
1395	6516
1396	6161
1397	6555
1398	6713
1399	6213
1400	6477
1401	5941
1402	6164
1403	6370
1404	6016
1405	6409
1406	6764
1407	6482
1408	6232
1409	6423
1410	6138
1411	5972
1412	6374
1413	6281
1414	6299
1415	6083
1416	6386
1417	6181
1418	6857
1419	6388
1420	6700
1421	6638
1422	6732
1423	6636
1424	6628
1425	6567
1426	6589
1427	6139
1428	6502
1429	6468
1430	6571
1431	6482
1432	6138
1433	6351
1434	6164
1435	6456
1436	6431
1437	6676
1438	6699
1439	6323
1440	6510
1441	6258
1442	6627
1443	6509
1444	6669
1445	6145
1446	6395
1447	6220
1448	6191
1449	6236
1450	6284
1451	6289
1452	6340
1453	6261
1454	6195
1455	6171
1456	6408
1457	6061
1458	6318
1459	6309
1460	6615
1461	6332
1462	6317
1463	6172
1464	6179
1465	5733
1466	5863
1467	5873
1468	5850
1469	6002
1470	6255
1471	6249
1472	5938
1473	6279
1474	6053
1475	6288
1476	6255
1477	5951
1478	5978
1479	5738
1480	5939
1481	6705
1482	6316
1483	6703
1484	6786
1485	6723
1486	6771
1487	6922
1488	6856
1489	7059
1490	6622
1491	7484
1492	8095
1493	8433
1494	7712
1495	7105
1496	7842
1497	6997
1498	7553
1499	7411
1500	7575
1501	7210
1502	6183
1503	6130
1504	6451
1505	6317
1506	6928
1507	7389
1508	6264
1509	6773
1510	6607
1511	6558
1512	6038
1513	6302
1514	6149
1515	6151
1516	6116
1517	6360
1518	6192
1519	6155
1520	6484
1521	6912
1522	6023
1523	6680
1524	6761
1525	7365
1526	6828
1527	6416
1528	6129
1529	6317
1530	6553
1531	6920
1532	6948
1533	7237
1534	7487
1535	7370
1536	6654
1537	8558
1538	6973
1539	8580
1540	7349
1541	7117
1542	7554
1543	6898
1544	7510
1545	6374
1546	7169
1547	7019
1548	6987
1549	7047
1550	6807
1551	7060
1552	6956
1553	6415
1554	6995
1555	6893
1556	8189
1557	7139
1558	7685
1559	7885
1560	7393
1561	7510
1562	7127
1563	7364
1564	7557
1565	6920
1566	7077
1567	7229
1568	7190
1569	6948
1570	6517
1571	6856
1572	6545
1573	7075
1574	7002
1575	6839
1576	6631
1577	6271
1578	6480
1579	6421
1580	6475
1581	6923
1582	6597
1583	6513
1584	6849
1585	7388
1586	7000
1587	6816
1588	6336
1589	6863
1590	6372
1591	6380
1592	7061
1593	6946
1594	6835
1595	6464
1596	6795
1597	6475
1598	7270
1599	8074
1600	7217
1601	7355
1602	6923
1603	7584
1604	7393
1605	7731
1606	6794
1607	8125
1608	6371
1609	7100
1610	6518
1611	6201
1612	6050
1613	6279
1614	6589
1615	6229
1616	6267
1617	5888
1618	6204
1619	6238
1620	6506
1621	6530
1622	6243
1623	6659
1624	6427
1625	6677
1626	6634
1627	6849
1628	6576
1629	6592
1630	6470
1631	6383
1632	6643
1633	6295
1634	6717
1635	6826
1636	6582
1637	6576
1638	6503
1639	7575
1640	6861
1641	6525
1642	6724
1643	6470
1644	6665
1645	6287
1646	6090
1647	6347
1648	6010
1649	6016
1650	5615
1651	6455
1652	6096
1653	6362
1654	6057
1655	5949
1656	6021
1657	6058
1658	6088
1659	6010
1660	6194
1661	6140
1662	6552
1663	6861
1664	6744
1665	6894
1666	6662
1667	7408
1668	7034
1669	6558
1670	7116
1671	6653
1672	6441
1673	6188
1674	6356
1675	6282
1676	5939
1677	6620
1678	7028
1679	6902
1680	6923
1681	6689
1682	6670
1683	6536
1684	5924
1685	5847
1686	5386
1687	5586
1688	6017
1689	5581
1690	5742
1691	5632
1692	5708
1693	5889
1694	5923
1695	5927
1696	5902
1697	5600
1698	5536
1699	5914
1700	5926
1701	5934
1702	5951
1703	5990
1704	6296
1705	5831
1706	5631
1707	5909
1708	6056
1709	6019
1710	6262
1711	6046
1712	6139
1713	6270
1714	6165
1715	6043
1716	6097
1717	6060
1718	5786
1719	5615
1720	5551
1721	5694
1722	6015
1723	6236
1724	6022
1725	5935
1726	6200
1727	5932
1728	5961
1729	5729
1730	5939
1731	6042
1732	6082
1733	6027
1734	5896
1735	6072
1736	6044
1737	5892
1738	5933
1739	5264
1740	5619
1741	5691
1742	5446
1743	5506
1744	5420
1745	5459
1746	5215
1747	5736
1748	5597
1749	5490
1750	5657
1751	5411
1752	5689
1753	5708
1754	5671
1755	5915
1756	5882
1757	5668
1758	5390
1759	5241
1760	5894
1761	5367
1762	5112
1763	5452
1764	5381
1765	5668
1766	5226
1767	5520
1768	5249
1769	5516
1770	5378
1771	5934
1772	5719
1773	5908
1774	5394
1775	5458
1776	5636
1777	5284
1778	5299
1779	5498
1780	5169
1781	5327
1782	5282
1783	4964
1784	5366
1785	5091
1786	5372
1787	5671
1788	5664
1789	5298
1790	5351
1791	5091
1792	5332
1793	5534
1794	5282
1795	5138
1796	5096
1797	5280
1798	4974
1799	5258
1800	5521
1801	5034
1802	5045
1803	5133
1804	5096
1805	5256
1806	5266
1807	5371
1808	5502
1809	5641
1810	5420
1811	5317
1812	5104
1813	5185
1814	5803
1815	5179
1816	5427
1817	5387
1818	5225
1819	5582
1820	5341
1821	5097
1822	5382
1823	5315
1824	5023
1825	4974
1826	5169
1827	5116
1828	5005
1829	4920
1830	5056
1831	4914
1832	4955
1833	4670
1834	4936
1835	4843
1836	4646
1837	5167
1838	4931
1839	4902
1840	4901
1841	4838
1842	4894
1843	4895
1844	4965
1845	4739
1846	4722
1847	4527
1848	4931
1849	4598
1850	4693
1851	4912
1852	4797
1853	5157
1854	5217
1855	5073
1856	4959
1857	4956
1858	5040
1859	5128
1860	5126
1861	5000
1862	5925
1863	5870
1864	6051
1865	5817
1866	5463
1867	5298
1868	5454
1869	5484
1870	5298
1871	5309
1872	5488
1873	5352
1874	4968
1875	4938
1876	4834
1877	4920
1878	4791
1879	4690
1880	4994
1881	4970
1882	4960
1883	5061
1884	4831
1885	4769
1886	4411
1887	4839
1888	4878
1889	4693
1890	5112
1891	4997
1892	5080
1893	4995
1894	5331
1895	4958
1896	4728
1897	4885
1898	4919
1899	4865
1900	5052
1901	5075
1902	5152
1903	5222
1904	4730
1905	5012
1906	4857
1907	4499
1908	4982
1909	5112
1910	5204
1911	5145
1912	5164
1913	4862
1914	5412
1915	5007
1916	4893
1917	5034
1918	5097
1919	5305
1920	5236
1921	5484
1922	5093
1923	5162
1924	5097
1925	5308
1926	5391
1927	5103
1928	5149
1929	5240
1930	5156
1931	5440
1932	5001
1933	4894
1934	5285
1935	5249
1936	5868
1937	5699
1938	5792
1939	5438
1940	5582
1941	5032
1942	5340
1943	5206
1944	5047
1945	5170
1946	4864
1947	5224
1948	4829
1949	5022
1950	5077
1951	4994
1952	4603
1953	5285
1954	5211
1955	4920
1956	5280
1957	5112
1958	4807
1959	4908
1960	5124
1961	5320
1962	5375
1963	5488
1964	5177
1965	5344
1966	4887
1967	4887
1968	5312
1969	5248
1970	5701
1971	5559
1972	5703
1973	5685
1974	5346
1975	5399
1976	5747
1977	5337
1978	5444
1979	5434
1980	5488
1981	5635
1982	5901
1983	5323
1984	5821
1985	5035
1986	5437
1987	6006
1988	5166
1989	5733
1990	5570
1991	5706
1992	5845
1993	5676
1994	6082
1995	5786
1996	5861
1997	5887
1998	6363
1999	5951
2000	6000
2001	5424
2002	5454
2003	5722
2004	5863
2005	5711
2006	5724
2007	5592
2008	6000
2009	5656
2010	5592
2011	5616
2012	5585
2013	6061
2014	5299
2015	5800
2016	5430
2017	6111
2018	6095
2019	6350
2020	6755
2021	6711
2022	6551
2023	6716
2024	6967
2025	6326
2026	6169
2027	5751
2028	5784
2029	5882
2030	5306
2031	5310
2032	5350
2033	5542
2034	5385
2035	5667
2036	5584
2037	5704
2038	5749
2039	6281
2040	6179
2041	5930
2042	5778
2043	5747
2044	5882
2045	5556
2046	5649
2047	6110
2048	5810
2049	5818
2050	6287
2051	6126
2052	5697
2053	5927
2054	6230
2055	5994
2056	5882
2057	6194
2058	6481
2059	5744
2060	5606
2061	5917
2062	5786
2063	6052
2064	6069
2065	6192
2066	6309
2067	5766
2068	5557
2069	5987
2070	5873
2071	5465
2072	5579
2073	5422
2074	5698
2075	5541
2076	5361
2077	5036
2078	5675
2079	5358
2080	5359
2081	5266
2082	6073
2083	5482
2084	5484
2085	5200
2086	5095
2087	5223
2088	5536
2089	5459
2090	5280
2091	5014
2092	5037
2093	4987
2094	4951
2095	4567
2096	4645
2097	4856
2098	5266
2099	5288
2100	5319
2101	5438
2102	5754
2103	5121
2104	5181
2105	4905
2106	4876
2107	4818
2108	4869
2109	4828
2110	5164
2111	4983
2112	4741
2113	4690
2114	4764
2115	4554
2116	4660
2117	5094
2118	5119
2119	4868
2120	5154
2121	4811
2122	5122
2123	4827
2124	4852
2125	4716
2126	4684
2127	4929
2128	5140
2129	4770
2130	4913
2131	5147
2132	4769
2133	4734
2134	4598
2135	4762
2136	4748
2137	4879
2138	5058
2139	4727
2140	4803
2141	4610
2142	4489
2143	4670
2144	4689
2145	4677
2146	4669
2147	4773
2148	4700
2149	4401
2150	4615
2151	4545
2152	4446
2153	4352
2154	4447
2155	4372
2156	4585
2157	4473
2158	4461
2159	4200
2160	4164
2161	4548
2162	4353
2163	4404
2164	4627
2165	4550
2166	4804
2167	4560
2168	4905
2169	4711
2170	5168
2171	5755
2172	5092
2173	4341
2174	4560
2175	4266
2176	4368
2177	4422
2178	4788
2179	4137
2180	4445
2181	4187
2182	4207
2183	4252
2184	4131
2185	4231
2186	4189
2187	4122
2188	4277
2189	4128
2190	4017
2191	4225
2192	4236
2193	3976
2194	3826
2195	4079
2196	3931
2197	3916
2198	3924
2199	4105
2200	4330
2201	4114
2202	3989
2203	4375
2204	4741
2205	4632
2206	4389
2207	4309
2208	4335
2209	4362
2210	3927
2211	4196
2212	4049
2213	3671
2214	3950
2215	3861
2216	4246
2217	4191
2218	3969
2219	4217
2220	4137
2221	4265
2222	3781
2223	3869
2224	4101
2225	3928
2226	4852
2227	3845
2228	3675
2229	3589
2230	3864
2231	3911
2232	3947
2233	4088
2234	3876
2235	4201
2236	3761
2237	4198
2238	4446
2239	4143
2240	4452
2241	4318
2242	4288
2243	4469
2244	4348
2245	3997
2246	4290
2247	4339
2248	4240
2249	4441
2250	4380
2251	4144
2252	4370
2253	4335
2254	4478
2255	4370
2256	4084
2257	4115
2258	4057
2259	4251
2260	4746
2261	4643
2262	4525
2263	4457
2264	4342
2265	4279
2266	4258
2267	4245
2268	4305
2269	4493
2270	4335
2271	4116
2272	3993
2273	4053
2274	4028
2275	4196
2276	4326
2277	4582
2278	4540
2279	4216
2280	3984
2281	4403
2282	4400
2283	4253
2284	4159
2285	4299
2286	4238
2287	4091
2288	4106
2289	4173
2290	4265
2291	4278
2292	4070
2293	4042
2294	4270
2295	4441
2296	4520
2297	4609
2298	4174
2299	4154
2300	4054
2301	4480
2302	4688
2303	4121
2304	3947
2305	4084
2306	4201
2307	4365
2308	4418
2309	4321
2310	4222
2311	4765
2312	4787
2313	4496
2314	4420
2315	4193
2316	4229
2317	4120
2318	4184
2319	4270
2320	4124
2321	4291
2322	4131
2323	4335
2324	4914
2325	4915
2326	4914
2327	4640
2328	4582
2329	4608
2330	4823
2331	4642
2332	4666
2333	4567
2334	4327
2335	4543
2336	4259
2337	4221
2338	4523
2339	4700
2340	4679
2341	4845
2342	4700
2343	4669
2344	4561
2345	4757
2346	4830
2347	4259
2348	4240
2349	4476
2350	4320
2351	4575
2352	4333
2353	4404
2354	4515
2355	4382
2356	4567
2357	4133
2358	4427
2359	4378
2360	5067
2361	4653
2362	4988
2363	4483
2364	4368
2365	4364
2366	4566
2367	4782
2368	4414
2369	4502
2370	4442
2371	4635
2372	4278
2373	4711
2374	4219
2375	4312
2376	4497
2377	4057
2378	4419
2379	4496
2380	4231
2381	4184
2382	4256
2383	4220
2384	4421
2385	4132
2386	4261
2387	4093
2388	4268
2389	4264
2390	4198
2391	4419
2392	4202
2393	4330
2394	4384
2395	4190
2396	4241
2397	4398
2398	4744
2399	5251
2400	4757
2401	5266
2402	4726
2403	4579
2404	4208
2405	4460
2406	4490
2407	4437
2408	4409
2409	3927
2410	4026
2411	3901
2412	4237
2413	3906
2414	3937
2415	3952
2416	4042
2417	4378
2418	3986
2419	4064
2420	4126
2421	4004
2422	4040
2423	3937
2424	3974
2425	4026
2426	4076
2427	3954
2428	4200
2429	4000
2430	3782
2431	4066
2432	4122
2433	3996
2434	3671
2435	3808
2436	3954
2437	3718
2438	3945
2439	3761
2440	3666
2441	3877
2442	3616
2443	3547
2444	3947
2445	3924
2446	3488
2447	3466
2448	3513
2449	3575
2450	3741
2451	3535
2452	3600
2453	3875
2454	3578
2455	3569
2456	3526
2457	3720
2458	3548
2459	3558
2460	3696
2461	3525
2462	3540
2463	3535
2464	3341
2465	3707
2466	3579
2467	3515
2468	3514
2469	3588
2470	3760
2471	3730
2472	3486
2473	3490
2474	3552
2475	3628
2476	3591
2477	3593
2478	3702
2479	3673
2480	3851
2481	3834
2482	3526
2483	3720
2484	3763
2485	3777
2486	3785
2487	4043
2488	3704
2489	3712
2490	3759
2491	3832
2492	4003
2493	3446
2494	3877
2495	3759
2496	3904
2497	4172
2498	4036
2499	3582
2500	3619
2501	3685
2502	4096
2503	3846
2504	4151
2505	4074
2506	4097
2507	3977
2508	4016
2509	3959
2510	4001
2511	4089
2512	4444
2513	4267
2514	4164
2515	4155
2516	4239
2517	4397
2518	4121
2519	4081
2520	4318
2521	4281
2522	4950
2523	4836
2524	4491
2525	4410
2526	4086
2527	4196
2528	4228
2529	4204
2530	4617
2531	4488
2532	4499
2533	4608
2534	4393
2535	4476
2536	4224
2537	4578
2538	4601
2539	4653
2540	4503
2541	4681
2542	4825
2543	4688
2544	4219
2545	4416
2546	4290
2547	4976
2548	4965
2549	4816
2550	4654
2551	4699
2552	4356
2553	4604
2554	4495
2555	4662
2556	4456
2557	4907
2558	4909
2559	5188
2560	4711
2561	4345
2562	4779
2563	4664
2564	5168
2565	5181
2566	5145
2567	4918
2568	5214
2569	4930
2570	4663
2571	4731
2572	4289
2573	4227
2574	4329
2575	4743
2576	4293
2577	4814
2578	4915
2579	5000
2580	4620
2581	4923
2582	4889
2583	4534
2584	4581
2585	4106
2586	4345
2587	4183
2588	4663
2589	4618
2590	4369
2591	4462
2592	4139
2593	4306
2594	4053
2595	4373
2596	3748
2597	3871
2598	4320
2599	4319
2600	3977
2601	3937
2602	4065
2603	3962
2604	3733
2605	3809
2606	3715
2607	3855
2608	3796
2609	3964
2610	3880
2611	3840
2612	3869
2613	3660
2614	3598
2615	3882
2616	3895
2617	3925
2618	3774
2619	3989
2620	3773
2621	3744
2622	3965
2623	3736
2624	3601
2625	3859
2626	3993
2627	3556
2628	3878
2629	4044
2630	4187
2631	3918
2632	3808
2633	3774
2634	4203
2635	3688
2636	3850
2637	3845
2638	3888
2639	4022
2640	4249
2641	3953
2642	4106
2643	4214
2644	3806
2645	4181
2646	4006
2647	4206
2648	3997
2649	3987
2650	4056
2651	4096
2652	4808
2653	4733
2654	5066
2655	4045
2656	4342
2657	4335
2658	4404
2659	4330
2660	4241
2661	4398
2662	4573
2663	4304
2664	4273
2665	4275
2666	4183
2667	4094
2668	4487
2669	4527
2670	4612
2671	4054
2672	3961
2673	4157
2674	3930
2675	4081
2676	4432
2677	4119
2678	4173
2679	4008
2680	4019
2681	4097
2682	3997
2683	4162
2684	4069
2685	4193
2686	4235
2687	4107
2688	3804
2689	3756
2690	3971
2691	4169
2692	3941
2693	3940
2694	3838
2695	4006
2696	4034
2697	4018
2698	3875
2699	4006
2700	4224
2701	4176
2702	4202
2703	4140
2704	3974
2705	3661
2706	3976
2707	3850
2708	3962
2709	4419
2710	4309
2711	4364
2712	4015
2713	3849
2714	4205
2715	3831
2716	3803
2717	4070
2718	4432
2719	4411
2720	4329
2721	4296
2722	4323
2723	3604
2724	3755
2725	3953
2726	3746
2727	3947
2728	3532
2729	3858
2730	3956
2731	3968
2732	3559
2733	3713
2734	3824
2735	3698
2736	3770
2737	4059
2738	4021
2739	4325
2740	4010
2741	4066
2742	3925
2743	3672
2744	3795
2745	3843
2746	3870
2747	3882
2748	3701
2749	3669
2750	3546
2751	3695
2752	3644
2753	3588
2754	3586
2755	3518
2756	3612
2757	3687
2758	3780
2759	3712
2760	3419
2761	4037
2762	4105
2763	4099
2764	4055
2765	4198
2766	4271
2767	4274
2768	4511
2769	4531
2770	4229
2771	4012
2772	4019
2773	3943
2774	3940
2775	4163
2776	4222
2777	3777
2778	3796
2779	3622
2780	4024
2781	3916
2782	3645
2783	3792
2784	4018
2785	3568
2786	3379
2787	3424
2788	3386
2789	3622
2790	3479
2791	3601
2792	3370
2793	3488
2794	3511
2795	3282
2796	3562
2797	3509
2798	3419
2799	3712
2800	3538
2801	3425
2802	3375
2803	3815
2804	3475
2805	3384
2806	3621
2807	3479
2808	3488
2809	3599
2810	3986
2811	3538
2812	3935
2813	3603
2814	3613
2815	4100
2816	4167
2817	4723
2818	3952
2819	4187
2820	3825
2821	4348
2822	4233
2823	4864
2824	4931
2825	4181
2826	4455
2827	3942
2828	3910
2829	3527
2830	3583
2831	3469
2832	3436
2833	3057
2834	3052
2835	3229
2836	3138
2837	3500
2838	3279
2839	3536
2840	3494
2841	3619
2842	3328
2843	3399
2844	3310
2845	3444
2846	3520
2847	4000
2848	3942
2849	3638
2850	3885
2851	3362
2852	3476
2853	3245
2854	3796
2855	3456
2856	3807
2857	3799
2858	3607
2859	3733
2860	4329
2861	4349
2862	4491
2863	5185
2864	4132
2865	4486
2866	3612
2867	3559
2868	3921
2869	3727
2870	3455
2871	3433
2872	3458
2873	3794
2874	3350
2875	3615
2876	3246
2877	3414
2878	3321
2879	3246
2880	3605
2881	3578
2882	3764
2883	3804
2884	3550
2885	3523
2886	3594
2887	3480
2888	3399
2889	3603
2890	3502
2891	3498
2892	3424
2893	3406
2894	3128
2895	3238
2896	3044
2897	3175
2898	3476
2899	3328
2900	3352
2901	3774
2902	3364
2903	3635
2904	3259
2905	3515
2906	3415
2907	3353
2908	3397
2909	3315
2910	3217
2911	3355
2912	3324
2913	3239
2914	3060
2915	3104
2916	3195
2917	3131
2918	3294
2919	3558
2920	3619
2921	3172
2922	3230
2923	3310
2924	3418
2925	3295
2926	3473
2927	3234
2928	3421
2929	3050
2930	3161
2931	3335
2932	3141
2933	3337
2934	3192
2935	3484
2936	3256
2937	3119
2938	3170
2939	3143
2940	3301
2941	3150
2942	3501
2943	3250
2944	3313
2945	3151
2946	2950
2947	2999
2948	3337
2949	3163
2950	3094
2951	3062
2952	3074
2953	2895
2954	3048
2955	3262
2956	2991
2957	2989
2958	3005
2959	2985
2960	2875
2961	2970
2962	3145
2963	2947
2964	3291
2965	3261
2966	3151
2967	3152
2968	3099
2969	3118
2970	3101
2971	3116
2972	3005
2973	3171
2974	3064
2975	3369
2976	3074
2977	3322
2978	2834
2979	3181
2980	3040
2981	3201
2982	3148
2983	3202
2984	3180
2985	3227
2986	3101
2987	3318
2988	3336
2989	3124
2990	3233
2991	2971
2992	3146
2993	3009
2994	2962
2995	3087
2996	3094
2997	3188
2998	3241
2999	3366
3000	3287
3001	3157
3002	3174
3003	3610
3004	3281
3005	3567
3006	3124
3007	3294
3008	3352
3009	3298
3010	3300
3011	3493
3012	3372
3013	3227
3014	3372
3015	3584
3016	3317
3017	3482
3018	3325
3019	3456
3020	3592
3021	3250
3022	3415
3023	3378
3024	3025
3025	3282
3026	3815
3027	3265
3028	3578
3029	3119
3030	3310
3031	3368
3032	3225
3033	3679
3034	3406
3035	3176
3036	3510
3037	3268
3038	3600
3039	3588
3040	3773
3041	3510
3042	3694
3043	3746
3044	3759
3045	3994
3046	3685
3047	3865
3048	3936
3049	3814
3050	3844
3051	4105
3052	3859
3053	4252
3054	4159
3055	4163
3056	3988
3057	4059
3058	4057
3059	3987
3060	4135
3061	3740
3062	3915
3063	3767
3064	3870
3065	3639
3066	3580
3067	3470
3068	3608
3069	3589
3070	3785
3071	3158
3072	3452
3073	3189
3074	3414
3075	3560
3076	3397
3077	3545
3078	3500
3079	3445
3080	3352
3081	3738
3082	3559
3083	3284
3084	3395
3085	3064
3086	3489
3087	3394
3088	3610
3089	3402
3090	3252
3091	3328
3092	3451
3093	3348
3094	3617
3095	3817
3096	3752
3097	3821
3098	3518
3099	3416
3100	3392
3101	3371
3102	3411
3103	3283
3104	3416
3105	3431
3106	3366
3107	3501
3108	3185
3109	3315
3110	3424
3111	3318
3112	3337
3113	3164
3114	3370
3115	3087
3116	3405
3117	3378
3118	3395
3119	3486
3120	3680
3121	3380
3122	3394
3123	3254
3124	3488
3125	3380
3126	3570
3127	3233
3128	3498
3129	3147
3130	3462
3131	3256
3132	3320
3133	3553
3134	3370
3135	3421
3136	3136
3137	3329
3138	3045
3139	3316
3140	3445
3141	3417
3142	3313
3143	3505
3144	3531
3145	3158
3146	3483
3147	3194
3148	3304
3149	3458
3150	3246
3151	3220
3152	3257
3153	3447
3154	3070
3155	3203
3156	3351
3157	3559
3158	3267
3159	3372
3160	3472
3161	3239
3162	3060
3163	3163
3164	3534
3165	3384
3166	3845
3167	3570
3168	3457
3169	3029
3170	3231
3171	3242
3172	3051
3173	3326
3174	3177
3175	3202
3176	3174
3177	3221
3178	3139
3179	3528
3180	3212
3181	3278
3182	3042
3183	3179
3184	2929
3185	3192
3186	3336
3187	3131
3188	3106
3189	3166
3190	3407
3191	3412
3192	3360
3193	3202
3194	3359
3195	3386
3196	3077
3197	3058
3198	3346
3199	3385
3200	3429
3201	2993
3202	3110
3203	3237
3204	3174
3205	3084
3206	3322
3207	3217
3208	3152
3209	3183
3210	3314
3211	3097
3212	3279
3213	3132
3214	3050
3215	2989
3216	2958
3217	2996
3218	3004
3219	2822
3220	3055
3221	3095
3222	2883
3223	3098
3224	3198
3225	3133
3226	3010
3227	3205
3228	3055
3229	3141
3230	3240
3231	3306
3232	3231
3233	3237
3234	3303
3235	3426
3236	3509
3237	3531
3238	3410
3239	3583
3240	3660
3241	3073
3242	3398
3243	3831
3244	3424
3245	3431
3246	3273
3247	3186
3248	3421
3249	2935
3250	3464
3251	3443
3252	3251
3253	3194
3254	3259
3255	3229
3256	3224
3257	3533
3258	3167
3259	3112
3260	3341
3261	3318
3262	3197
3263	3185
3264	2932
3265	3406
3266	3088
3267	2923
3268	3366
3269	3135
3270	3009
3271	2829
3272	3075
3273	2923
3274	3037
3275	3127
3276	3207
3277	3077
3278	3111
3279	3246
3280	3071
3281	3225
3282	2947
3283	3142
3284	3238
3285	3325
3286	3411
3287	3354
3288	3342
3289	3389
3290	3291
3291	3324
3292	3252
3293	3114
3294	3030
3295	3118
3296	3244
3297	3217
3298	3034
3299	3070
3300	3090
3301	3129
3302	3105
3303	3059
3304	3148
3305	3158
3306	3086
3307	2933
3308	2800
3309	3107
3310	3101
3311	2947
3312	2844
3313	3119
3314	3122
3315	3340
3316	3362
3317	3645
3318	3252
3319	3564
3320	3318
3321	3270
3322	3475
3323	3399
3324	3196
3325	3352
3326	3233
3327	3208
3328	3473
3329	2993
3330	3033
3331	3102
3332	3047
3333	2971
3334	2885
3335	3399
3336	3193
3337	3144
3338	3407
3339	2810
3340	3692
3341	3227
3342	3214
3343	3393
3344	3404
3345	3217
3346	3269
3347	3535
3348	3178
3349	3515
3350	3086
3351	3418
3352	3110
3353	3196
3354	2784
3355	3058
3356	2949
3357	3213
3358	3003
3359	3414
3360	3459
3361	3108
3362	3209
3363	2974
3364	3143
3365	2870
3366	3181
3367	2875
3368	3058
3369	3089
3370	2942
3371	2989
3372	2954
3373	3252
3374	2686
3375	2647
3376	2757
3377	2825
3378	2882
3379	2769
3380	2567
3381	2726
3382	3158
3383	3016
3384	2836
3385	3191
3386	3339
3387	3077
3388	2871
3389	2987
3390	2583
3391	2795
3392	2629
3393	2892
3394	2540
3395	2643
3396	2666
3397	2725
3398	2658
3399	2435
3400	2559
3401	2833
3402	2569
3403	2527
3404	2677
3405	2497
3406	2603
3407	2610
3408	2692
3409	2517
3410	2530
3411	2532
3412	2681
3413	2399
3414	2779
3415	2697
3416	2802
3417	2600
3418	2690
3419	2808
3420	2830
3421	2668
3422	2577
3423	2484
3424	2471
3425	2550
3426	2372
3427	2480
3428	2592
3429	2588
3430	2559
3431	2643
3432	2641
3433	2549
3434	2552
3435	2650
3436	2372
3437	2489
3438	2741
3439	2459
3440	2662
3441	2654
3442	2583
3443	2653
3444	2573
3445	2580
3446	2539
3447	2558
3448	2482
3449	2496
3450	2545
3451	2683
3452	2689
3453	2624
3454	2562
3455	2574
3456	2825
3457	2637
3458	2514
3459	2658
3460	2580
3461	2621
3462	2719
3463	2620
3464	2699
3465	2895
3466	2522
3467	2419
3468	2486
3469	2561
3470	2565
3471	2676
3472	2641
3473	2674
3474	2666
3475	2610
3476	2683
3477	2803
3478	2851
3479	2700
3480	2870
3481	2691
3482	2758
3483	2690
3484	2762
3485	2782
3486	2522
3487	2583
3488	2640
3489	2635
3490	2781
3491	2691
3492	2653
3493	2816
3494	2682
3495	2620
3496	2833
3497	2706
3498	2437
3499	2643
3500	2626
3501	2782
3502	2785
3503	2847
3504	2929
3505	2930
3506	2779
3507	2782
3508	2875
3509	2521
3510	2667
3511	2600
3512	2746
3513	2668
3514	2489
3515	2544
3516	2744
3517	2667
3518	2697
3519	3025
3520	2684
3521	2650
3522	2746
3523	2724
3524	2724
3525	2712
3526	2522
3527	2723
3528	2691
3529	2766
3530	2614
3531	2620
3532	2611
3533	2784
3534	2624
3535	2691
3536	2752
3537	2608
3538	2681
3539	2869
3540	2770
3541	3108
3542	2972
3543	2980
3544	2734
3545	3205
3546	2933
3547	3039
3548	2951
3549	2774
3550	2745
3551	2802
3552	2823
3553	2825
3554	2921
3555	3017
3556	3004
3557	2930
3558	2929
3559	2732
3560	2588
3561	2826
3562	2840
3563	2985
3564	2977
3565	3045
3566	2771
3567	2885
3568	2734
3569	2914
3570	2939
3571	2653
3572	2877
3573	2870
3574	2778
3575	2723
3576	2764
3577	2853
3578	2745
3579	3021
3580	2736
3581	2769
3582	2974
3583	2755
3584	2891
3585	2868
3586	2885
3587	2808
3588	2971
3589	2760
3590	2783
3591	2869
3592	3195
3593	3207
3594	3060
3595	3027
3596	2751
3597	2968
3598	2930
3599	2815
3600	2669
3601	2684
3602	3028
3603	2942
3604	2878
3605	2814
3606	2987
3607	2938
3608	3121
3609	2761
3610	3006
3611	2889
3612	2750
3613	2718
3614	2888
3615	2818
3616	2693
3617	2643
3618	2794
3619	3163
3620	2895
3621	2897
3622	2936
3623	3171
3624	2943
3625	3073
3626	2818
3627	2863
3628	2951
3629	2740
3630	2895
3631	2733
3632	2966
3633	3025
3634	2797
3635	3150
3636	2753
3637	2993
3638	2677
3639	2936
3640	2783
3641	2588
3642	2828
3643	2951
3644	2690
3645	2832
3646	2653
3647	2481
3648	2792
3649	2572
3650	2525
3651	2892
3652	2705
3653	2737
3654	2825
3655	2781
3656	3002
3657	2557
3658	2706
3659	2729
3660	2647
3661	2430
3662	2362
3663	2386
3664	2632
3665	2509
3666	2493
3667	2558
3668	2677
3669	2408
3670	2611
3671	2791
3672	2529
3673	3104
3674	2988
3675	3699
3676	3040
3677	3042
3678	3122
3679	2984
3680	3007
3681	2742
3682	3046
3683	2819
3684	2714
3685	2615
3686	2723
3687	2493
3688	2738
3689	2747
3690	2615
3691	2556
3692	2629
3693	2840
3694	2487
3695	2732
3696	2655
3697	3074
3698	3426
3699	3207
3700	3354
3701	3263
3702	2980
3703	2793
3704	2843
3705	2752
3706	2663
3707	3003
3708	2799
3709	2782
3710	3194
3711	3142
3712	3037
3713	3123
3714	3060
3715	3182
3716	3079
3717	2839
3718	2907
3719	2641
3720	2556
3721	2527
3722	2745
3723	2732
3724	2494
3725	2725
3726	2790
3727	2489
3728	2644
3729	2710
3730	2457
3731	2519
3732	2493
3733	2673
3734	2495
3735	2462
3736	2576
3737	2549
3738	2625
3739	2486
3740	2608
3741	2657
3742	2438
3743	2412
3744	2704
3745	2539
3746	2810
3747	2782
3748	2870
3749	2585
3750	2596
3751	2539
3752	2583
3753	2656
3754	2591
3755	3019
3756	2862
3757	2766
3758	2942
3759	3001
3760	2647
3761	2657
3762	2431
3763	2754
3764	2378
3765	2289
3766	2690
3767	2432
3768	2586
3769	2616
3770	2572
3771	2926
3772	2822
3773	3172
3774	3423
3775	2955
3776	2627
3777	2423
3778	2606
3779	2425
3780	2437
3781	2516
3782	2762
3783	2525
3784	2577
3785	2471
3786	2878
3787	2550
3788	2535
3789	2577
3790	2621
3791	2710
3792	2575
3793	2513
3794	2436
3795	2379
3796	2632
3797	2490
3798	2553
3799	2484
3800	2539
3801	2835
3802	2662
3803	2537
3804	2516
3805	2607
3806	2554
3807	2600
3808	2641
3809	2503
3810	2676
3811	2496
3812	2315
3813	2450
3814	2288
3815	2706
3816	2695
3817	2690
3818	2626
3819	2882
3820	2524
3821	2484
3822	2528
3823	2603
3824	2435
3825	2370
3826	2570
3827	2491
3828	2731
3829	2536
3830	2570
3831	2413
3832	2460
3833	2660
3834	2504
3835	2375
3836	2674
3837	2578
3838	2621
3839	2484
3840	2381
3841	2239
3842	2169
3843	2506
3844	2390
3845	2445
3846	2327
3847	2478
3848	2295
3849	2287
3850	2257
3851	2461
3852	2363
3853	2504
3854	2566
3855	2587
3856	2407
3857	2363
3858	2489
3859	2598
3860	2450
3861	2239
3862	2555
3863	2649
3864	2259
3865	2222
3866	2229
3867	2369
3868	2105
3869	2243
3870	2445
3871	2320
3872	2363
3873	2334
3874	2148
3875	2360
3876	2536
3877	2364
3878	2568
3879	2334
3880	2440
3881	2501
3882	2492
3883	2410
3884	2476
3885	2528
3886	2602
3887	2327
3888	2180
3889	2315
3890	2380
3891	2409
3892	2417
3893	2409
3894	2453
3895	2614
3896	2507
3897	2743
3898	2764
3899	2643
3900	2725
3901	2643
3902	2568
3903	2621
3904	2656
3905	2636
3906	2932
3907	2890
3908	2841
3909	2986
3910	2776
3911	2675
3912	2892
3913	2605
3914	2795
3915	2849
3916	2791
3917	2928
3918	2927
3919	2562
3920	2897
3921	2746
3922	2712
3923	2536
3924	2648
3925	2632
3926	2654
3927	2495
3928	2874
3929	2882
3930	2481
3931	2593
3932	2595
3933	2568
3934	2377
3935	2570
3936	2686
3937	2920
3938	2964
3939	2547
3940	2747
3941	2506
3942	2621
3943	2393
3944	2626
3945	2510
3946	2420
3947	2620
3948	2595
3949	2507
3950	2583
3951	2470
3952	2589
3953	2598
3954	2590
3955	2971
3956	2786
3957	2722
3958	2572
3959	2591
3960	2762
3961	2689
3962	2908
3963	2507
3964	2664
3965	2780
3966	2708
3967	2586
3968	2545
3969	2788
3970	2705
3971	2808
3972	2674
3973	2730
3974	2919
3975	2793
3976	2821
3977	2786
3978	2830
3979	2700
3980	2876
3981	2770
3982	2601
3983	2712
3984	2863
3985	3086
3986	2851
3987	2905
3988	2727
3989	2809
3990	2853
3991	2594
3992	2740
3993	2381
3994	2706
3995	2597
3996	2477
3997	2602
3998	2564
3999	2787
4000	2710
4001	2603
4002	2532
4003	2633
4004	2697
4005	2451
4006	2548
4007	2590
4008	2818
4009	2943
4010	2895
4011	2763
4012	2763
4013	2967
4014	2969
4015	3360
4016	2895
4017	3256
4018	3119
4019	3351
4020	3315
4021	3159
4022	3064
4023	3113
4024	3537
4025	3218
4026	3170
4027	2955
4028	3145
4029	3098
4030	3160
4031	3707
4032	5886
4033	3871
4034	4573
4035	5622
4036	3525
4037	3875
4038	3373
4039	3029
4040	3152
4041	2927
4042	3120
4043	2922
4044	3245
4045	2759
4046	2724
4047	2810
4048	2835
4049	2756
4050	3080
4051	2865
4052	2839
4053	2847
4054	2830
4055	2783
4056	2753
4057	2867
4058	3096
4059	2760
4060	2658
4061	3255
4062	2947
4063	3254
4064	2923
4065	3378
4066	3129
4067	3448
4068	3511
4069	3010
4070	2910
4071	2960
4072	3272
4073	3159
4074	3128
4075	3260
4076	2985
4077	2904
4078	2964
4079	3513
4080	3933
4081	3663
4082	3384
4083	3240
4084	3122
4085	3218
4086	3083
4087	3100
4088	3151
4089	2796
4090	2808
4091	3317
4092	2939
4093	2981
4094	2999
4095	2852
4096	3262
4097	4340
4098	6554
4099	3474
4100	3806
4101	2776
4102	3043
4103	2941
4104	2867
4105	2881
4106	2799
4107	2811
4108	2941
4109	2919
4110	2792
4111	2956
4112	2760
4113	2957
4114	2642
4115	2709
4116	2840
4117	2622
4118	2582
4119	2533
4120	2515
4121	2711
4122	3334
4123	2878
4124	3118
4125	3079
4126	3443
4127	3258
4128	3019
4129	2891
4130	2876
4131	3452
4132	2776
4133	2670
4134	2592
4135	2659
4136	2318
4137	2523
4138	2260
4139	2271
4140	2286
4141	2438
4142	2447
4143	2322
4144	2632
4145	2486
4146	2292
4147	2879
4148	2634
4149	2500
4150	2785
4151	2474
4152	2541
4153	2450
4154	2300
4155	2235
4156	2366
4157	2353
4158	2323
4159	2451
4160	2499
4161	2206
4162	2337
4163	2216
4164	2180
4165	2156
4166	2381
4167	2764
4168	2515
4169	2681
4170	2571
4171	2831
4172	2476
4173	2638
4174	2355
4175	2223
4176	2012
4177	2022
4178	2060
4179	2088
4180	2142
4181	2043
4182	2258
4183	2078
4184	2108
4185	2135
4186	2160
4187	2313
4188	2063
4189	2250
4190	2131
4191	2217
4192	2194
4193	2089
4194	2123
4195	2142
4196	2218
4197	1924
4198	1918
4199	1954
4200	2153
4201	1925
4202	2242
4203	2397
4204	2107
4205	2237
4206	2281
4207	2158
4208	2324
4209	2279
4210	2131
4211	2245
4212	2221
4213	2131
4214	1952
4215	2105
4216	2143
4217	2236
4218	2032
4219	1930
4220	2044
4221	2140
4222	1907
4223	2198
4224	2079
4225	2130
4226	2406
4227	2385
4228	2582
4229	2377
4230	2005
4231	2047
4232	2169
4233	2098
4234	2164
4235	1957
4236	2095
4237	2183
4238	1991
4239	2051
4240	2227
4241	2294
4242	1996
4243	2425
4244	2178
4245	2328
4246	2278
4247	2264
4248	2229
4249	2146
4250	2426
4251	2208
4252	2181
4253	2196
4254	2130
4255	2135
4256	2033
4257	1991
4258	2184
4259	2044
4260	1917
4261	1984
4262	2209
4263	2336
4264	2284
4265	2358
4266	2223
4267	2435
4268	2298
4269	2040
4270	2013
4271	2039
4272	2122
4273	2238
4274	2069
4275	2010
4276	2049
4277	2108
4278	2101
4279	1982
4280	2186
4281	2279
4282	2091
4283	2179
4284	2041
4285	2039
4286	2070
4287	2126
4288	1971
4289	2079
4290	2114
4291	2180
4292	1985
4293	2186
4294	2208
4295	2174
4296	2355
4297	2055
4298	2252
4299	2193
4300	2130
4301	2227
4302	2059
4303	2214
4304	1973
4305	2092
4306	2125
4307	2128
4308	2103
4309	2165
4310	2152
4311	2074
4312	2113
4313	2274
4314	1972
4315	1975
4316	1934
4317	1946
4318	2125
4319	1976
4320	2027
4321	2169
4322	1979
4323	2003
4324	1988
4325	2100
4326	2408
4327	2084
4328	2097
4329	2359
4330	1986
4331	2005
4332	1914
4333	1840
4334	1985
4335	1956
4336	1893
4337	1971
4338	1809
4339	1860
4340	1800
4341	1970
4342	2080
4343	1811
4344	1792
4345	1906
4346	1751
4347	1826
4348	1930
4349	1774
4350	1923
4351	1980
4352	1888
4353	1992
4354	1847
4355	1872
4356	1947
4357	1932
4358	1784
4359	1815
4360	1834
4361	1811
4362	1907
4363	1799
4364	1831
4365	1833
4366	1653
4367	1929
4368	1907
4369	1745
4370	1862
4371	1872
4372	1773
4373	1856
4374	1875
4375	1892
4376	2108
4377	2120
4378	2185
4379	2051
4380	1898
4381	1961
4382	2065
4383	1918
4384	1904
4385	1746
4386	1654
4387	1671
4388	1755
4389	1962
4390	1866
4391	1802
4392	1921
4393	1976
4394	1842
4395	1882
4396	1745
4397	1922
4398	1803
4399	1845
4400	1690
4401	1684
4402	1885
4403	1825
4404	1689
4405	1580
4406	1759
4407	1629
4408	1914
4409	1913
4410	1836
4411	1885
4412	1918
4413	1976
4414	1756
4415	1895
4416	1622
4417	1771
4418	1888
4419	1730
4420	1878
4421	1910
4422	1934
4423	1817
4424	1936
4425	1948
4426	2023
4427	2163
4428	2378
4429	1980
4430	2111
4431	2069
4432	1972
4433	1777
4434	1895
4435	1720
4436	1633
4437	1694
4438	1629
4439	1713
4440	1734
4441	1708
4442	1630
4443	1687
4444	1699
4445	1605
4446	1602
4447	1700
4448	1662
4449	1731
4450	1865
4451	1723
4452	1915
4453	1621
4454	1703
4455	1671
4456	1738
4457	1712
4458	1883
4459	1768
4460	1766
4461	1630
4462	1797
4463	1870
4464	1951
4465	1875
4466	2178
4467	1859
4468	1859
4469	1742
4470	1740
4471	1687
4472	1765
4473	1790
4474	1730
4475	1846
4476	1780
4477	1739
4478	1873
4479	1770
4480	1734
4481	1762
4482	1672
4483	1817
4484	1810
4485	1868
4486	1595
4487	1780
4488	1556
4489	1686
4490	1742
4491	1767
4492	1936
4493	1730
4494	1760
4495	1869
4496	1814
4497	1811
4498	1754
4499	1859
4500	1647
4501	1798
4502	1607
4503	1864
4504	1804
4505	1941
4506	1951
4507	1896
4508	2000
4509	2048
4510	2064
4511	1927
4512	1957
4513	1852
4514	1877
4515	1983
4516	2128
4517	1862
4518	1855
4519	1756
4520	1940
4521	1944
4522	1862
4523	1975
4524	1879
4525	2106
4526	1809
4527	2047
4528	2032
4529	2171
4530	2028
4531	1858
4532	1851
4533	2062
4534	1770
4535	1816
4536	1851
4537	1975
4538	1813
4539	1997
4540	2053
4541	2019
4542	1811
4543	2021
4544	1819
4545	1725
4546	1836
4547	1889
4548	1935
4549	1958
4550	2067
4551	1943
4552	1730
4553	2087
4554	1881
4555	1852
4556	1848
4557	1690
4558	1904
4559	1834
4560	2083
4561	1770
4562	1777
4563	1979
4564	1848
4565	2156
4566	1645
4567	1814
4568	1876
4569	1728
4570	1642
4571	1743
4572	1597
4573	1797
4574	1683
4575	1736
4576	1745
4577	1915
4578	1832
4579	1744
4580	2054
4581	1713
4582	2845
4583	1919
4584	1833
4585	1702
4586	1826
4587	1729
4588	1942
4589	1651
4590	1650
4591	1603
4592	1693
4593	1804
4594	1625
4595	1837
4596	1932
4597	1738
4598	1932
4599	1714
4600	1772
4601	1635
4602	1571
4603	1640
4604	1767
4605	1817
4606	1839
4607	1611
4608	1749
4609	1736
4610	1666
4611	1705
4612	1687
4613	1939
4614	1851
4615	1800
4616	1731
4617	1710
4618	1850
4619	1796
4620	1650
4621	1837
4622	1679
4623	1807
4624	1869
4625	1803
4626	1895
4627	1965
4628	1753
4629	1882
4630	1968
4631	1864
4632	1961
4633	1934
4634	1868
4635	1853
4636	2039
4637	1971
4638	1999
4639	2063
4640	1913
4641	1957
4642	1782
4643	1826
4644	1893
4645	1998
4646	1703
4647	1731
4648	1958
4649	1786
4650	1837
4651	1851
4652	1828
4653	1691
4654	1847
4655	1866
4656	1899
4657	1967
4658	1854
4659	2012
4660	2008
4661	1994
4662	1975
4663	2197
4664	2294
4665	1757
4666	1821
4667	1888
4668	1908
4669	1941
4670	2038
4671	1930
4672	2006
4673	1901
4674	2023
4675	1998
4676	1974
4677	1996
4678	1863
4679	1787
4680	1785
4681	1809
4682	1853
4683	1791
4684	1953
4685	1791
4686	1912
4687	1712
4688	1858
4689	1853
4690	1886
4691	1862
4692	1718
4693	1974
4694	2089
4695	2019
4696	1981
4697	2040
4698	2204
4699	2188
4700	2974
4701	2406
4702	2197
4703	2219
4704	2428
4705	2130
4706	2071
4707	2078
4708	1983
4709	1948
4710	1879
4711	1931
4712	2072
4713	1914
4714	1967
4715	1997
4716	1803
4717	1765
4718	1777
4719	1890
4720	1741
4721	1898
4722	1770
4723	1824
4724	1931
4725	1944
4726	2018
4727	1947
4728	1769
4729	1803
4730	1909
4731	1902
4732	1895
4733	1757
4734	1702
4735	1807
4736	1757
4737	1836
4738	1798
4739	1943
4740	2043
4741	1806
4742	1854
4743	1797
4744	1901
4745	2084
4746	2035
4747	1940
4748	2127
4749	2004
4750	2066
4751	1973
4752	1841
4753	1926
4754	2003
4755	2245
4756	2150
4757	2050
4758	2059
4759	2159
4760	2284
4761	2103
4762	2297
4763	2484
4764	2142
4765	1988
4766	1994
4767	2329
4768	2519
4769	2484
4770	2517
4771	2403
4772	2074
4773	2153
4774	2455
4775	2685
4776	2964
4777	3640
4778	2721
4779	2316
4780	2051
4781	2068
4782	2288
4783	2374
4784	2156
4785	2129
4786	2021
4787	2064
4788	2154
4789	1946
4790	2152
4791	2184
4792	2166
4793	2240
4794	2093
4795	2056
4796	1916
4797	2203
4798	2280
4799	2242
4800	2329
4801	1960
4802	2015
4803	2049
4804	2318
4805	2167
4806	2252
4807	1887
4808	1928
4809	1915
4810	2007
4811	1940
4812	2173
4813	2001
4814	2123
4815	2195
4816	2139
4817	1961
4818	1923
4819	2221
4820	2040
4821	1951
4822	1883
4823	1898
4824	1813
4825	1856
4826	2211
4827	2076
4828	1980
4829	2273
4830	2012
4831	2262
4832	2179
4833	2252
4834	2134
4835	2318
4836	2118
4837	2247
4838	2046
4839	1932
4840	2142
4841	1936
4842	2147
4843	2491
4844	1817
4845	2252
4846	2017
4847	2038
4848	2193
4849	2399
4850	2786
4851	2567
4852	2521
4853	2336
4854	2724
4855	2121
4856	2059
4857	2063
4858	2256
4859	1986
4860	2347
4861	2190
4862	2161
4863	2156
4864	2105
4865	2230
4866	2178
4867	2287
4868	2264
4869	2398
4870	2049
4871	2347
4872	2098
4873	2096
4874	2075
4875	2205
4876	1959
4877	2048
4878	2138
4879	2088
4880	2097
4881	2105
4882	2047
4883	1966
4884	2109
4885	1904
4886	2006
4887	2116
4888	2008
4889	2000
4890	2084
4891	1990
4892	1936
4893	1938
4894	2277
4895	1893
4896	2308
4897	1867
4898	2073
4899	2255
4900	1806
4901	2141
4902	1915
4903	1789
4904	1967
4905	2024
4906	2055
4907	2196
4908	2282
4909	2000
4910	2197
4911	2034
4912	2110
4913	2113
4914	2064
4915	2181
4916	2044
4917	1832
4918	1841
4919	1830
4920	1875
4921	1835
4922	1924
4923	1960
4924	1674
4925	1710
4926	1723
4927	1714
4928	1897
4929	1721
4930	1671
4931	1806
4932	1957
4933	1685
4934	1973
4935	1878
4936	1708
4937	1806
4938	1715
4939	1778
4940	1743
4941	1901
4942	1793
4943	1641
4944	1804
4945	1731
4946	1991
4947	1826
4948	2030
4949	1949
4950	1947
4951	1741
4952	2053
4953	1883
4954	2031
4955	1788
4956	1874
4957	1813
4958	1883
4959	1938
4960	1952
4961	2110
4962	2154
4963	1940
4964	1936
4965	1780
4966	1854
4967	1708
4968	2054
4969	1945
4970	2152
4971	1823
4972	1788
4973	1753
4974	1820
4975	1675
4976	1692
4977	1776
4978	1876
4979	1693
4980	1765
4981	1729
4982	1725
4983	1706
4984	1947
4985	1754
4986	1960
4987	1984
4988	2136
4989	1976
4990	1868
4991	1958
4992	1764
4993	1750
4994	1769
4995	1638
4996	1945
4997	1800
4998	1811
4999	1870
5000	1842
5001	1747
5002	1689
5003	1731
5004	1689
5005	1643
5006	1636
5007	1594
5008	1800
5009	1714
5010	1914
5011	1714
5012	1634
5013	1689
5014	1654
5015	1521
5016	1560
5017	1594
5018	1686
5019	1567
5020	1606
5021	1645
5022	1741
5023	1544
5024	1661
5025	1710
5026	1495
5027	1563
5028	1854
5029	1829
5030	1760
5031	1643
5032	1684
5033	1683
5034	1647
5035	1625
5036	1487
5037	1500
5038	1596
5039	1530
5040	1495
5041	1596
5042	1550
5043	1541
5044	1546
5045	1551
5046	1480
5047	1501
5048	1804
5049	1595
5050	1442
5051	1588
5052	1635
5053	1540
5054	1615
5055	1604
5056	1655
5057	1586
5058	1722
5059	1625
5060	1551
5061	1441
5062	1618
5063	1671
5064	1426
5065	1611
5066	1499
5067	1531
5068	1552
5069	1611
5070	1570
5071	1551
5072	1565
5073	1491
5074	1541
5075	1641
5076	1680
5077	1551
5078	1519
5079	1675
5080	1544
5081	1627
5082	1579
5083	1762
5084	1695
5085	1724
5086	1492
5087	1522
5088	1808
5089	1665
5090	1717
5091	1626
5092	1747
5093	1651
5094	1471
5095	1622
5096	1580
5097	1510
5098	1829
5099	1753
5100	1511
5101	1483
5102	1686
5103	1675
5104	1402
5105	1535
5106	1489
5107	1559
5108	1424
5109	1488
5110	1418
5111	1518
5112	1497
5113	1603
5114	1515
5115	1494
5116	1589
5117	1682
5118	1513
5119	1512
5120	1501
5121	1439
5122	1631
5123	1508
5124	1491
5125	1489
5126	1430
5127	1500
5128	1614
5129	1627
5130	1530
5131	1640
5132	1736
5133	1511
5134	1635
5135	1893
5136	1570
5137	1540
5138	1579
5139	1410
5140	1699
5141	1409
5142	1455
5143	1604
5144	1581
5145	1483
5146	1441
5147	1518
5148	1471
5149	1636
5150	1502
5151	1477
5152	1406
5153	1435
5154	1512
5155	1563
5156	1551
5157	1625
5158	1509
5159	1455
5160	1602
5161	1564
5162	1443
5163	1380
5164	1437
5165	1441
5166	1455
5167	1544
5168	1505
5169	1408
5170	1503
5171	1400
5172	1440
5173	1383
5174	1474
5175	1521
5176	1465
5177	1513
5178	1561
5179	1502
5180	1531
5181	1503
5182	1671
5183	1502
5184	1619
5185	1665
5186	1668
5187	1605
5188	1649
5189	1598
5190	1485
5191	1487
5192	1559
5193	1315
5194	1389
5195	1377
5196	1557
5197	1420
5198	1481
5199	1742
5200	1668
5201	1526
5202	1509
5203	1449
5204	1385
5205	1511
5206	1481
5207	1361
5208	1317
5209	1424
5210	1422
5211	1388
5212	1405
5213	1426
5214	1373
5215	1432
5216	1437
5217	1370
5218	1392
5219	1369
5220	1483
5221	1349
5222	1187
5223	1539
5224	1373
5225	1415
5226	1532
5227	1492
5228	1393
5229	1401
5230	1384
5231	1321
5232	1294
5233	1430
5234	1394
5235	1402
5236	1588
5237	1414
5238	1380
5239	1323
5240	1280
5241	1441
5242	1424
5243	1449
5244	1465
5245	1598
5246	1541
5247	1600
5248	1387
5249	1431
5250	1364
5251	1494
5252	1446
5253	1283
5254	1288
5255	1466
5256	1405
5257	1442
5258	1348
5259	1402
5260	1348
5261	1294
5262	1546
5263	1464
5264	1442
5265	1387
5266	1405
5267	1460
5268	1461
5269	1445
5270	1401
5271	1456
5272	1320
5273	1286
5274	1337
5275	1282
5276	1363
5277	1508
5278	1329
5279	1274
5280	1444
5281	1294
5282	1260
5283	1377
5284	1333
5285	1318
5286	1357
5287	1343
5288	1326
5289	1371
5290	1355
5291	1332
5292	1369
5293	1315
5294	1447
5295	1379
5296	1549
5297	1526
5298	1470
5299	1459
5300	1578
5301	1519
5302	1471
5303	1632
5304	1322
5305	1462
5306	1493
5307	1431
5308	1502
5309	1479
5310	1592
5311	1464
5312	1540
5313	1363
5314	1420
5315	1530
5316	1462
5317	1522
5318	1625
5319	1572
5320	1641
5321	1446
5322	1380
5323	1504
5324	1655
5325	1355
5326	1482
5327	1308
5328	1464
5329	1534
5330	1302
5331	1442
5332	1302
5333	1527
5334	1320
5335	1477
5336	1383
5337	1520
5338	1241
5339	1482
5340	1375
5341	1553
5342	1703
5343	1529
5344	1281
5345	1360
5346	1464
5347	1499
5348	1415
5349	1477
5350	1478
5351	1539
5352	1469
5353	1419
5354	1329
5355	1442
5356	1602
5357	1285
5358	1605
5359	1400
5360	1546
5361	1282
5362	1259
5363	1363
5364	1435
5365	1464
5366	1458
5367	1437
5368	1470
5369	1485
5370	1532
5371	1520
5372	1408
5373	1477
5374	1609
5375	1543
5376	1512
5377	1446
5378	1481
5379	1611
5380	1622
5381	1687
5382	1536
5383	1552
5384	1506
5385	1606
5386	1688
5387	1587
5388	1649
5389	1644
5390	1643
5391	1556
5392	1838
5393	1678
5394	1658
5395	1821
5396	1738
5397	1753
5398	1588
5399	1744
5400	1473
5401	1653
5402	1669
5403	1710
5404	1511
5405	1695
5406	1656
5407	1595
5408	1634
5409	1664
5410	1572
5411	1645
5412	1635
5413	1576
5414	1536
5415	1664
5416	1628
5417	1647
5418	1651
5419	1501
5420	1573
5421	1779
5422	1682
5423	1793
5424	1551
5425	1638
5426	1760
5427	1666
5428	1710
5429	1859
5430	1674
5431	1676
5432	1884
5433	1623
5434	1729
5435	1766
5436	1726
5437	1776
5438	1625
5439	1803
5440	1751
5441	1824
5442	1748
5443	1609
5444	1745
5445	1688
5446	1713
5447	1740
5448	1759
5449	1739
5450	1718
5451	1882
5452	1558
5453	1602
5454	1673
5455	1775
5456	1689
5457	1749
5458	1520
5459	1768
5460	1783
5461	1614
5462	1705
5463	1589
5464	1860
5465	1649
5466	1591
5467	1841
5468	1680
5469	1772
5470	1780
5471	1906
5472	1769
5473	1753
5474	1771
5475	1893
5476	2052
5477	1774
5478	2061
5479	2066
5480	1938
5481	2013
5482	1975
5483	2006
5484	2009
5485	1926
5486	2078
5487	2010
5488	2170
5489	2015
5490	2129
5491	1960
5492	1877
5493	1953
5494	2060
5495	1777
5496	1963
5497	2026
5498	2014
5499	1955
5500	1870
5501	1852
5502	1915
5503	1940
5504	2070
5505	1844
5506	2323
5507	2328
5508	2002
5509	1980
5510	1764
5511	2090
5512	1848
5513	2032
5514	2106
5515	2071
5516	1957
5517	2250
5518	2435
5519	2253
5520	2797
5521	2623
5522	2550
5523	2286
5524	2385
5525	2614
5526	2325
5527	2508
5528	2398
5529	2601
5530	2277
5531	2152
5532	2119
5533	1814
5534	1896
5535	1964
5536	1957
5537	1964
5538	2048
5539	2155
5540	2239
5541	2082
5542	2059
5543	2216
5544	2319
5545	1862
5546	2161
5547	2004
5548	2266
5549	2207
5550	2238
5551	2278
5552	2740
5553	2220
5554	2100
5555	2230
5556	1942
5557	2146
5558	2290
5559	2069
5560	2112
5561	2234
5562	2026
5563	1769
5564	2033
5565	1729
5566	1905
5567	1866
5568	1768
5569	1998
5570	1941
5571	2309
5572	1977
5573	1952
5574	1968
5575	1961
5576	1876
5577	1711
5578	1909
5579	1820
5580	1935
5581	1994
5582	1645
5583	1998
5584	1861
5585	1713
5586	1780
5587	1817
5588	1807
5589	1655
5590	1674
5591	1636
5592	1784
5593	1872
5594	2007
5595	1697
5596	1802
5597	1746
5598	1675
5599	1686
5600	1463
5601	1684
5602	1904
5603	2077
5604	2018
5605	1992
5606	2124
5607	1920
5608	2045
5609	2065
5610	2083
5611	1733
5612	1812
5613	1585
5614	1894
5615	1766
5616	1693
5617	1768
5618	1779
5619	1845
5620	1990
5621	1889
5622	1904
5623	1594
5624	2005
5625	1782
5626	1864
5627	1892
5628	1855
5629	2359
5630	1972
5631	2131
5632	1698
5633	1803
5634	1986
5635	1910
5636	1756
5637	1557
5638	1491
5639	1529
5640	1518
5641	1445
5642	1563
5643	1620
5644	1731
5645	1804
5646	1513
5647	1459
5648	1542
5649	1432
5650	1652
5651	1653
5652	1396
5653	1278
5654	1289
5655	1344
5656	1473
5657	1555
5658	1330
5659	1348
5660	1344
5661	1441
5662	1415
5663	1419
5664	1521
5665	1482
5666	1409
5667	1353
5668	1323
5669	1564
5670	1269
5671	1428
5672	1326
5673	1484
5674	1435
5675	1307
5676	1380
5677	1313
5678	1337
5679	1345
5680	1503
5681	1362
5682	1362
5683	1602
5684	1487
5685	1458
5686	1393
5687	1309
5688	1404
5689	1351
5690	1270
5691	1324
5692	1306
5693	1308
5694	1273
5695	1277
5696	1341
5697	1312
5698	1264
5699	1363
5700	1415
5701	1367
5702	1245
5703	1295
5704	1416
5705	1376
5706	1328
5707	1207
5708	1341
5709	1360
5710	1283
5711	1246
5712	1438
5713	1363
5714	1473
5715	1536
5716	1356
5717	1307
5718	1285
5719	1372
5720	1389
5721	1626
5722	1504
5723	1554
5724	1335
5725	1347
5726	1364
5727	1622
5728	1339
5729	1312
5730	1275
5731	1310
5732	1252
5733	1276
5734	1210
5735	1347
5736	1255
5737	1287
5738	1403
5739	1282
5740	1287
5741	1240
5742	1380
5743	1102
5744	1262
5745	1299
5746	1180
5747	1357
5748	1321
5749	1173
5750	1156
5751	1100
5752	1300
5753	1238
5754	1254
5755	1261
5756	1207
5757	1250
5758	1271
5759	1273
5760	1252
5761	1108
5762	1307
5763	1265
5764	1193
5765	1285
5766	1293
5767	1207
5768	1328
5769	1310
5770	1353
5771	1201
5772	1353
5773	1338
5774	1234
5775	1303
5776	1346
5777	1168
5778	1372
5779	1229
5780	1213
5781	1193
5782	1193
5783	1170
5784	1245
5785	1145
5786	1338
5787	1397
5788	1275
5789	1299
5790	1261
5791	1342
5792	1393
5793	1167
5794	1189
5795	1123
5796	1299
5797	1238
5798	1410
5799	1273
5800	1329
5801	1299
5802	1379
5803	1217
5804	1341
5805	1389
5806	1467
5807	1275
5808	1165
5809	1389
5810	1343
5811	1326
5812	1118
5813	1293
5814	1328
5815	1230
5816	1311
5817	1461
5818	1351
5819	1159
5820	1237
5821	1301
5822	1413
5823	1341
5824	1275
5825	1407
5826	1368
5827	1368
5828	1227
5829	1331
5830	1384
5831	1453
5832	1580
5833	1458
5834	1456
5835	1347
5836	1448
5837	1592
5838	1224
5839	1307
5840	1553
5841	1379
5842	1483
5843	1292
5844	1297
5845	1270
5846	1377
5847	1266
5848	1436
5849	1481
5850	1525
5851	1587
5852	1643
5853	1318
5854	1520
5855	1355
5856	1616
5857	1388
5858	1590
5859	1363
5860	1506
5861	1388
5862	1454
5863	1511
5864	1442
5865	1484
5866	1576
5867	1428
5868	1503
5869	1367
5870	1448
5871	1379
5872	1376
5873	1343
5874	1419
5875	1398
5876	1481
5877	1371
5878	1429
5879	1511
5880	1330
5881	1405
5882	1578
5883	1403
5884	1147
5885	1467
5886	1297
5887	1330
5888	1336
5889	1334
5890	1252
5891	1400
5892	1509
5893	1390
5894	1623
5895	1470
5896	1325
5897	1527
5898	1548
5899	1221
5900	1406
5901	1419
5902	1395
5903	1372
5904	1313
5905	1396
5906	1501
5907	1337
5908	1365
5909	1329
5910	1342
5911	1471
5912	1404
5913	1371
5914	1391
5915	1490
5916	1348
5917	1359
5918	1470
5919	1436
5920	1292
5921	1236
5922	1314
5923	1235
5924	1335
5925	1321
5926	1285
5927	1210
5928	1492
5929	1265
5930	1441
5931	1349
5932	1508
5933	1443
5934	1417
5935	1299
5936	1346
5937	1408
5938	1432
5939	1414
5940	1500
5941	1482
5942	1377
5943	1473
5944	1268
5945	1466
5946	1453
5947	1410
5948	1336
5949	1331
5950	1358
5951	1371
5952	1433
5953	1243
5954	1282
5955	1335
5956	1209
5957	1440
5958	1412
5959	1475
5960	1267
5961	1464
5962	1207
5963	1269
5964	1334
5965	1431
5966	1348
5967	1335
5968	1422
5969	1229
5970	1454
5971	1243
5972	1352
5973	1270
5974	1302
5975	1356
5976	1241
5977	1378
5978	1308
5979	1299
5980	1468
5981	1337
5982	1292
5983	1404
5984	1184
5985	1306
5986	1293
5987	1266
5988	1141
5989	1170
5990	1271
5991	1331
5992	1212
5993	1173
5994	1293
5995	1204
5996	1343
5997	1317
5998	1266
5999	1155
6000	1344
6001	1180
6002	1257
6003	1311
6004	1238
6005	1226
6006	1196
6007	1218
6008	1238
6009	1146
6010	1281
6011	1186
6012	1197
6013	1231
6014	1280
6015	1165
6016	1296
6017	1308
6018	1386
6019	1237
6020	1217
6021	1439
6022	1385
6023	1094
6024	1076
6025	1217
6026	1292
6027	1174
6028	1252
6029	1139
6030	1288
6031	1238
6032	1140
6033	1137
6034	1087
6035	1287
6036	1230
6037	1266
6038	1103
6039	1234
6040	1147
6041	1064
6042	1222
6043	1108
6044	1111
6045	1239
6046	1107
6047	1230
6048	1213
6049	1258
6050	1083
6051	1157
6052	1182
6053	1143
6054	1276
6055	1227
6056	1143
6057	1245
6058	1109
6059	1171
6060	1163
6061	1210
6062	1183
6063	1226
6064	1198
6065	1192
6066	1124
6067	1175
6068	1135
6069	1243
6070	1218
6071	1117
6072	1155
6073	1113
6074	1209
6075	1336
6076	1151
6077	1215
6078	1124
6079	1293
6080	1146
6081	1142
6082	1171
6083	1133
6084	1183
6085	1096
6086	1228
6087	1244
6088	1396
6089	1466
6090	1274
6091	1326
6092	1294
6093	1292
6094	1178
6095	1248
6096	1177
6097	1107
6098	1195
6099	1047
6100	1164
6101	1171
6102	1194
6103	1196
6104	1038
6105	1172
6106	1237
6107	1252
6108	1284
6109	1141
6110	1196
6111	1246
6112	1190
6113	1178
6114	1182
6115	1119
6116	1210
6117	1151
6118	1285
6119	1280
6120	1204
6121	1243
6122	1197
6123	1236
6124	1300
6125	1241
6126	1168
6127	1189
6128	1343
6129	1241
6130	1226
6131	1394
6132	1329
6133	1360
6134	1132
6135	1161
6136	1294
6137	1288
6138	1194
6139	1246
6140	1170
6141	1251
6142	1131
6143	1119
6144	1183
6145	1299
6146	1356
6147	1247
6148	1271
6149	1080
6150	1238
6151	1037
6152	1201
6153	1121
6154	1208
6155	1197
6156	1144
6157	1058
6158	1069
6159	1126
6160	1129
6161	1140
6162	1067
6163	1205
6164	1103
6165	1116
6166	1184
6167	1155
6168	1098
6169	1197
6170	1108
6171	1193
6172	1134
6173	1027
6174	1011
6175	1111
6176	1146
6177	1081
6178	1158
6179	1019
6180	1106
6181	1058
6182	1081
6183	1083
6184	1123
6185	1078
6186	1082
6187	1156
6188	1171
6189	1130
6190	1052
6191	1054
6192	1186
6193	1122
6194	1100
6195	941
6196	1033
6197	1066
6198	1092
6199	1093
6200	987
6201	1111
6202	1147
6203	1019
6204	1115
6205	1005
6206	1100
6207	1105
6208	1099
6209	1073
6210	1124
6211	1209
6212	1128
6213	994
6214	1059
6215	1156
6216	1000
6217	1076
6218	1040
6219	1056
6220	1013
6221	1027
6222	1011
6223	1012
6224	1096
6225	984
6226	974
6227	1061
6228	908
6229	1114
6230	1111
6231	957
6232	1029
6233	969
6234	948
6235	1065
6236	964
6237	1034
6238	1090
6239	1044
6240	1100
6241	1064
6242	1172
6243	1002
6244	1035
6245	1065
6246	1178
6247	1107
6248	1055
6249	1149
6250	1138
6251	1125
6252	1067
6253	1157
6254	1087
6255	1122
6256	1187
6257	1075
6258	1125
6259	1169
6260	1024
6261	1095
6262	1066
6263	1088
6264	1122
6265	1114
6266	1141
6267	1156
6268	1056
6269	1056
6270	1166
6271	1164
6272	1226
6273	1190
6274	1221
6275	1097
6276	1122
6277	1114
6278	974
6279	1118
6280	1207
6281	1117
6282	998
6283	1051
6284	1249
6285	1068
6286	1061
6287	1138
6288	1048
6289	1115
6290	1102
6291	1204
6292	1073
6293	1091
6294	1072
6295	1116
6296	1049
6297	1135
6298	1079
6299	1105
6300	1049
6301	972
6302	1171
6303	1173
6304	1046
6305	1108
6306	1083
6307	1090
6308	1114
6309	953
6310	1120
6311	1061
6312	1067
6313	1001
6314	1054
6315	1085
6316	1111
6317	1145
6318	1120
6319	1163
6320	1153
6321	1173
6322	1156
6323	1196
6324	1097
6325	1045
6326	1086
6327	1310
6328	1230
6329	1153
6330	1277
6331	1068
6332	1125
6333	1121
6334	1164
6335	1096
6336	1144
6337	1152
6338	1175
6339	1088
6340	1110
6341	1110
6342	1186
6343	1124
6344	1233
6345	1211
6346	1085
6347	1229
6348	1198
6349	1106
6350	1289
6351	1016
6352	1191
6353	1134
6354	1167
6355	1095
6356	1075
6357	1077
6358	1085
6359	1043
6360	1178
6361	1130
6362	1197
6363	1173
6364	1156
6365	1090
6366	1041
6367	1071
6368	985
6369	1056
6370	1195
6371	1068
6372	1087
6373	1100
6374	1083
6375	1117
6376	1062
6377	1062
6378	1050
6379	1097
6380	1184
6381	1108
6382	1165
6383	1122
6384	1025
6385	1169
6386	1214
6387	1067
6388	1095
6389	1161
6390	1103
6391	1119
6392	1107
6393	1095
6394	1141
6395	1051
6396	1133
6397	1096
6398	1129
6399	1158
6400	1114
6401	1090
6402	1154
6403	1168
6404	1253
6405	1129
6406	1014
6407	1080
6408	1221
6409	1105
6410	1146
6411	1172
6412	1105
6413	1144
6414	1200
6415	1101
6416	1171
6417	1249
6418	1090
6419	1106
6420	1136
6421	1198
6422	1044
6423	1116
6424	1117
6425	1188
6426	1112
6427	1286
6428	1109
6429	1132
6430	1122
6431	1232
6432	1197
6433	1116
6434	1072
6435	1119
6436	1178
6437	1275
6438	1199
6439	1254
6440	1134
6441	1155
6442	1275
6443	1137
6444	1306
6445	992
6446	1071
6447	1231
6448	1108
6449	1329
6450	1189
6451	1158
6452	1172
6453	1123
6454	1113
6455	1222
6456	1179
6457	1234
6458	959
6459	986
6460	1044
6461	1074
6462	1243
6463	1231
6464	1074
6465	1197
6466	1120
6467	1030
6468	978
6469	1235
6470	1051
6471	1139
6472	1113
6473	1330
6474	1116
6475	1102
6476	1075
6477	1075
6478	1014
6479	966
6480	1134
6481	1006
6482	1101
6483	1070
6484	1064
6485	1087
6486	1030
6487	1057
6488	986
6489	967
6490	1000
6491	1191
6492	1040
6493	1196
6494	1131
6495	1027
6496	1005
6497	1159
6498	1070
6499	1117
6500	1022
6501	1227
6502	1122
6503	1098
6504	1200
6505	1010
6506	1147
6507	1054
6508	1098
6509	1094
6510	1106
6511	1046
6512	1249
6513	1041
6514	1127
6515	1017
6516	1255
6517	1028
6518	1051
6519	966
6520	1037
6521	1136
6522	1278
6523	1117
6524	1141
6525	1079
6526	1010
6527	1072
6528	1125
6529	1245
6530	1010
6531	1124
6532	977
6533	1108
6534	1085
6535	1092
6536	1120
6537	1139
6538	1147
6539	1126
6540	1179
6541	1189
6542	1183
6543	1182
6544	1207
6545	999
6546	1127
6547	1041
6548	1236
6549	1222
6550	1149
6551	1093
6552	1182
6553	1167
6554	936
6555	1099
6556	1139
6557	1166
6558	1066
6559	1234
6560	1070
6561	1146
6562	1219
6563	1184
6564	1128
6565	1023
6566	1203
6567	1324
6568	1159
6569	1098
6570	1168
6571	1053
6572	1183
6573	1192
6574	1151
6575	1152
6576	1002
6577	1212
6578	1222
6579	1085
6580	1168
6581	1110
6582	1069
6583	1178
6584	1060
6585	1184
6586	1133
6587	1132
6588	1184
6589	1250
6590	1305
6591	1168
6592	1086
6593	1204
6594	1185
6595	1133
6596	1218
6597	1312
6598	1291
6599	1241
6600	1164
6601	1269
6602	1208
6603	1264
6604	1146
6605	1214
6606	1061
6607	1195
6608	1030
6609	1217
6610	1158
6611	1073
6612	1169
6613	1141
6614	1258
6615	1366
6616	1394
6617	1035
6618	1147
6619	1194
6620	1279
6621	1329
6622	1071
6623	1228
6624	1102
6625	1161
6626	1017
6627	1005
6628	1162
6629	1021
6630	1034
6631	1246
6632	1025
6633	1116
6634	961
6635	1039
6636	1065
6637	1089
6638	1016
6639	1050
6640	1063
6641	1097
6642	967
6643	1160
6644	1037
6645	917
6646	961
6647	925
6648	1054
6649	1063
6650	1067
6651	1051
6652	1033
6653	911
6654	944
6655	1019
6656	984
6657	1105
6658	983
6659	1049
6660	1012
6661	1142
6662	998
6663	1040
6664	945
6665	928
6666	978
6667	1075
6668	862
6669	928
6670	974
6671	1108
6672	1076
6673	1081
6674	969
6675	987
6676	1033
6677	1112
6678	976
6679	1013
6680	1044
6681	973
6682	1032
6683	940
6684	1043
6685	962
6686	913
6687	967
6688	1045
6689	985
6690	983
6691	1004
6692	908
6693	1005
6694	1077
6695	1166
6696	1066
6697	1042
6698	942
6699	958
6700	1022
6701	1061
6702	1004
6703	1073
6704	1172
6705	1042
6706	1202
6707	1035
6708	1061
6709	1170
6710	1008
6711	1134
6712	1042
6713	1058
6714	1118
6715	1111
6716	1179
6717	967
6718	1104
6719	1063
6720	1165
6721	1020
6722	1047
6723	1375
6724	1198
6725	1041
6726	1086
6727	1156
6728	1038
6729	1028
6730	1127
6731	1136
6732	1139
6733	1109
6734	1036
6735	1009
6736	897
6737	966
6738	932
6739	930
6740	1133
6741	1067
6742	1043
6743	1126
6744	1140
6745	1139
6746	1052
6747	998
6748	1181
6749	1174
6750	1199
6751	1095
6752	1163
6753	1166
6754	950
6755	1023
6756	1127
6757	1121
6758	1168
6759	1082
6760	1045
6761	1066
6762	985
6763	1367
6764	1296
6765	1180
6766	1454
6767	1176
6768	1274
6769	1224
6770	1204
6771	1313
6772	1352
6773	1601
6774	1235
6775	1359
6776	1261
6777	1202
6778	1242
6779	1121
6780	1042
6781	1048
6782	1013
6783	1111
6784	1094
6785	983
6786	1150
6787	1267
6788	966
6789	1259
6790	1100
6791	1181
6792	1195
6793	1221
6794	1225
6795	1121
6796	1177
6797	1174
6798	1135
6799	990
6800	1295
6801	1179
6802	988
6803	1062
6804	1047
6805	1091
6806	991
6807	1004
6808	990
6809	1113
6810	1095
6811	1074
6812	1030
6813	1035
6814	1070
6815	1034
6816	985
6817	1006
6818	1061
6819	1016
6820	1035
6821	998
6822	992
6823	1029
6824	1115
6825	1081
6826	1012
6827	1100
6828	1022
6829	1052
6830	1090
6831	1104
6832	1056
6833	1016
6834	1046
6835	1067
6836	1070
6837	982
6838	983
6839	1086
6840	1182
6841	1173
6842	1024
6843	943
6844	1011
6845	1101
6846	1092
6847	989
6848	1034
6849	1094
6850	1163
6851	990
6852	1052
6853	1035
6854	988
6855	1025
6856	1154
6857	963
6858	982
6859	960
6860	1075
6861	1014
6862	932
6863	1006
6864	1118
6865	1048
6866	1058
6867	1002
6868	1016
6869	1069
6870	977
6871	1021
6872	1038
6873	1060
6874	1040
6875	931
6876	1007
6877	1004
6878	1183
6879	1185
6880	1108
6881	1208
6882	1155
6883	1126
6884	1043
6885	1082
6886	1256
6887	1140
6888	985
6889	1094
6890	1036
6891	1089
6892	1086
6893	1101
6894	1185
6895	1118
6896	959
6897	1091
6898	1035
6899	1138
6900	1011
6901	1047
6902	1208
6903	1042
6904	1141
6905	1111
6906	1150
6907	1208
6908	1115
6909	1075
6910	1075
6911	1107
6912	1132
6913	1092
6914	1106
6915	1094
6916	1056
6917	1110
6918	1151
6919	1029
6920	1019
6921	1135
6922	1100
6923	992
6924	1126
6925	1032
6926	1149
6927	1019
6928	1063
6929	1127
6930	1071
6931	1109
6932	1111
6933	1068
6934	1080
6935	1138
6936	1095
6937	1155
6938	1032
6939	1040
6940	1125
6941	1012
6942	1130
6943	1010
6944	1034
6945	1135
6946	1106
6947	982
6948	1125
6949	1088
6950	1014
6951	1162
6952	1069
6953	1121
6954	1063
6955	1001
6956	1025
6957	976
6958	1016
6959	964
6960	1010
6961	1061
6962	977
6963	1046
6964	1061
6965	970
6966	1167
6967	970
6968	907
6969	935
6970	1004
6971	961
6972	934
6973	999
6974	1049
6975	938
6976	1009
6977	813
6978	1042
6979	936
6980	999
6981	943
6982	989
6983	898
6984	1072
6985	1006
6986	1022
6987	930
6988	919
6989	1006
6990	962
6991	968
6992	1032
6993	832
6994	967
6995	935
6996	795
6997	919
6998	1021
6999	910
7000	1019
7001	1008
7002	981
7003	929
7004	888
7005	923
7006	882
7007	826
7008	961
7009	1030
7010	1077
7011	1025
7012	854
7013	941
7014	955
7015	1011
7016	792
7017	1096
7018	908
7019	769
7020	994
7021	1018
7022	1010
7023	991
7024	893
7025	917
7026	949
7027	966
7028	1118
7029	1078
7030	897
7031	1058
7032	1045
7033	915
7034	962
7035	975
7036	889
7037	1024
7038	930
7039	890
7040	982
7041	894
7042	1012
7043	1029
7044	1119
7045	1016
7046	1050
7047	998
7048	1070
7049	894
7050	1081
7051	970
7052	928
7053	932
7054	1006
7055	953
7056	1038
7057	1003
7058	1103
7059	972
7060	1009
7061	958
7062	1045
7063	1045
7064	1050
7065	1022
7066	1079
7067	1126
7068	1103
7069	1041
7070	1053
7071	1055
7072	1062
7073	1099
7074	1012
7075	1047
7076	1099
7077	1035
7078	895
7079	1052
7080	931
7081	1018
7082	1009
7083	987
7084	913
7085	1137
7086	1046
7087	1015
7088	922
7089	1087
7090	996
7091	883
7092	1026
7093	876
7094	1039
7095	1055
7096	910
7097	968
7098	1019
7099	1069
7100	950
7101	997
7102	1085
7103	951
7104	1001
7105	975
7106	966
7107	991
7108	1006
7109	959
7110	1027
7111	1051
7112	977
7113	958
7114	1001
7115	836
7116	1014
7117	836
7118	897
7119	907
7120	923
7121	853
7122	835
7123	894
7124	862
7125	912
7126	940
7127	837
7128	939
7129	927
7130	863
7131	892
7132	907
7133	998
7134	860
7135	919
7136	801
7137	949
7138	915
7139	983
7140	888
7141	859
7142	902
7143	927
7144	1003
7145	918
7146	1124
7147	942
7148	1044
7149	949
7150	1053
7151	1052
7152	1092
7153	829
7154	1024
7155	986
7156	948
7157	928
7158	996
7159	817
7160	988
7161	947
7162	881
7163	978
7164	864
7165	969
7166	1050
7167	1039
7168	968
7169	812
7170	872
7171	885
7172	888
7173	864
7174	939
7175	933
7176	991
7177	875
7178	844
7179	842
7180	849
7181	963
7182	901
7183	875
7184	916
7185	932
7186	967
7187	978
7188	1042
7189	932
7190	1119
7191	1023
7192	841
7193	927
7194	1031
7195	885
7196	951
7197	1007
7198	926
7199	816
7200	915
7201	1010
7202	884
7203	1056
7204	930
7205	827
7206	955
7207	964
7208	1096
7209	861
7210	956
7211	858
7212	1055
7213	995
7214	1006
7215	1063
7216	970
7217	1036
7218	961
7219	1040
7220	1036
7221	905
7222	986
7223	1029
7224	1019
7225	1056
7226	1153
7227	989
7228	980
7229	1017
7230	1001
7231	873
7232	882
7233	906
7234	907
7235	980
7236	972
7237	1069
7238	1036
7239	1029
7240	991
7241	1093
7242	887
7243	949
7244	964
7245	1008
7246	889
7247	980
7248	964
7249	917
7250	1012
7251	890
7252	886
7253	1007
7254	1067
7255	1035
7256	1007
7257	951
7258	960
7259	1061
7260	1032
7261	1157
7262	1081
7263	1116
7264	1018
7265	1097
7266	1112
7267	937
7268	1007
7269	1070
7270	1044
7271	996
7272	1014
7273	998
7274	816
7275	952
7276	1056
7277	865
7278	1100
7279	936
7280	1073
7281	952
7282	945
7283	975
7284	995
7285	1090
7286	1015
7287	1150
7288	976
7289	1050
7290	1101
7291	1097
7292	1080
7293	1139
7294	1150
7295	1078
7296	937
7297	836
7298	862
7299	925
7300	946
7301	969
7302	987
7303	991
7304	1052
7305	1015
7306	1061
7307	1028
7308	964
7309	1044
7310	886
7311	1025
7312	1000
7313	961
7314	952
7315	949
7316	931
7317	1005
7318	898
7319	859
7320	973
7321	897
7322	970
7323	1039
7324	887
7325	910
7326	902
7327	969
7328	838
7329	1005
7330	779
7331	914
7332	1013
7333	980
7334	976
7335	908
7336	923
7337	904
7338	1019
7339	1057
7340	1107
7341	1020
7342	900
7343	870
7344	1076
7345	971
7346	1008
7347	1006
7348	995
7349	930
7350	1005
7351	916
7352	928
7353	1016
7354	971
7355	996
7356	900
7357	969
7358	911
7359	890
7360	988
7361	916
7362	875
7363	984
7364	860
7365	913
7366	967
7367	936
7368	1017
7369	878
7370	888
7371	921
7372	907
7373	902
7374	931
7375	961
7376	982
7377	920
7378	841
7379	785
7380	879
7381	917
7382	855
7383	799
7384	865
7385	936
7386	951
7387	833
7388	883
7389	832
7390	906
7391	862
7392	866
7393	961
7394	911
7395	966
7396	898
7397	911
7398	862
7399	833
7400	934
7401	736
7402	821
7403	782
7404	820
7405	762
7406	839
7407	728
7408	904
7409	962
7410	896
7411	830
7412	938
7413	861
7414	811
7415	864
7416	786
7417	868
7418	937
7419	1066
7420	788
7421	793
7422	791
7423	827
7424	831
7425	951
7426	827
7427	879
7428	934
7429	803
7430	777
7431	986
7432	863
7433	926
7434	910
7435	830
7436	894
7437	741
7438	850
7439	905
7440	830
7441	854
7442	814
7443	905
7444	947
7445	983
7446	912
7447	890
7448	866
7449	835
7450	983
7451	903
7452	891
7453	873
7454	823
7455	1032
7456	910
7457	903
7458	874
7459	911
7460	910
7461	839
7462	845
7463	962
7464	995
7465	857
7466	881
7467	879
7468	810
7469	847
7470	862
7471	897
7472	698
7473	941
7474	826
7475	917
7476	917
7477	919
7478	881
7479	814
7480	850
7481	1007
7482	964
7483	997
7484	978
7485	963
7486	909
7487	948
7488	819
7489	1034
7490	733
7491	853
7492	839
7493	755
7494	715
7495	790
7496	885
7497	881
7498	853
7499	837
7500	656
7501	856
7502	903
7503	846
7504	847
7505	839
7506	909
7507	1012
7508	858
7509	815
7510	843
7511	842
7512	789
7513	906
7514	878
7515	955
7516	864
7517	884
7518	923
7519	851
7520	980
7521	878
7522	809
7523	895
7524	951
7525	839
7526	854
7527	957
7528	897
7529	859
7530	847
7531	810
7532	981
7533	846
7534	901
7535	805
7536	833
7537	844
7538	817
7539	868
7540	797
7541	778
7542	900
7543	856
7544	889
7545	817
7546	778
7547	762
7548	874
7549	827
7550	882
7551	702
7552	749
7553	785
7554	818
7555	844
7556	849
7557	905
7558	818
7559	858
7560	724
7561	871
7562	937
7563	781
7564	823
7565	843
7566	822
7567	800
7568	863
7569	891
7570	773
7571	803
7572	753
7573	732
7574	857
7575	809
7576	869
7577	773
7578	733
7579	823
7580	776
7581	815
7582	906
7583	871
7584	784
7585	854
7586	808
7587	835
7588	835
7589	739
7590	724
7591	892
7592	738
7593	710
7594	804
7595	833
7596	794
7597	861
7598	896
7599	722
7600	886
7601	780
7602	764
7603	854
7604	687
7605	775
7606	665
7607	783
7608	731
7609	780
7610	824
7611	878
7612	821
7613	720
7614	815
7615	789
7616	813
7617	761
7618	745
7619	740
7620	787
7621	842
7622	669
7623	853
7624	802
7625	857
7626	749
7627	758
7628	767
7629	858
7630	975
7631	768
7632	747
7633	852
7634	793
7635	845
7636	797
7637	828
7638	801
7639	804
7640	748
7641	813
7642	817
7643	833
7644	904
7645	837
7646	797
7647	899
7648	845
7649	843
7650	754
7651	736
7652	762
7653	911
7654	945
7655	970
7656	825
7657	765
7658	712
7659	917
7660	834
7661	806
7662	704
7663	888
7664	819
7665	822
7666	760
7667	803
7668	809
7669	743
7670	813
7671	759
7672	835
7673	800
7674	814
7675	867
7676	750
7677	832
7678	797
7679	785
7680	832
7681	756
7682	783
7683	773
7684	726
7685	909
7686	787
7687	824
7688	808
7689	782
7690	901
7691	762
7692	868
7693	856
7694	809
7695	800
7696	744
7697	800
7698	828
7699	770
7700	903
7701	772
7702	896
7703	837
7704	824
7705	934
7706	872
7707	796
7708	843
7709	947
7710	838
7711	833
7712	711
7713	768
7714	762
7715	793
7716	797
7717	747
7718	901
7719	858
7720	903
7721	908
7722	750
7723	964
7724	1031
7725	786
7726	955
7727	954
7728	848
7729	836
7730	949
7731	896
7732	929
7733	839
7734	766
7735	859
7736	947
7737	834
7738	882
7739	914
7740	913
7741	906
7742	771
7743	820
7744	788
7745	944
7746	858
7747	860
7748	913
7749	892
7750	859
7751	937
7752	971
7753	902
7754	840
7755	919
7756	879
7757	915
7758	976
7759	970
7760	942
7761	901
7762	916
7763	946
7764	904
7765	909
7766	873
7767	862
7768	829
7769	872
7770	810
7771	897
7772	916
7773	892
7774	836
7775	885
7776	930
7777	917
7778	825
7779	977
7780	973
7781	888
7782	932
7783	977
7784	921
7785	833
7786	782
7787	1022
7788	1050
7789	822
7790	1086
7791	839
7792	901
7793	899
7794	1005
7795	943
7796	928
7797	1041
7798	877
7799	1030
7800	891
7801	961
7802	867
7803	902
7804	834
7805	966
7806	908
7807	949
7808	1080
7809	955
7810	934
7811	1011
7812	929
7813	862
7814	1044
7815	844
7816	847
7817	868
7818	893
7819	1003
7820	828
7821	914
7822	858
7823	779
7824	853
7825	819
7826	925
7827	962
7828	907
7829	887
7830	978
7831	984
7832	847
7833	1001
7834	887
7835	885
7836	866
7837	872
7838	904
7839	905
7840	932
7841	764
7842	987
7843	814
7844	936
7845	949
7846	815
7847	956
7848	817
7849	993
7850	903
7851	814
7852	888
7853	889
7854	899
7855	855
7856	837
7857	828
7858	907
7859	869
7860	991
7861	943
7862	762
7863	839
7864	849
7865	961
7866	860
7867	924
7868	830
7869	914
7870	907
7871	869
7872	888
7873	894
7874	906
7875	762
7876	870
7877	809
7878	911
7879	826
7880	863
7881	749
7882	762
7883	877
7884	903
7885	989
7886	813
7887	819
7888	932
7889	933
7890	773
7891	802
7892	805
7893	876
7894	797
7895	783
7896	925
7897	830
7898	887
7899	844
7900	847
7901	1005
7902	875
7903	848
7904	827
7905	871
7906	835
7907	827
7908	935
7909	904
7910	875
7911	1067
7912	905
7913	904
7914	780
7915	860
7916	845
7917	831
7918	889
7919	926
7920	896
7921	1008
7922	884
7923	1029
7924	877
7925	958
7926	924
7927	838
7928	861
7929	911
7930	915
7931	917
7932	918
7933	856
7934	962
7935	814
7936	945
7937	840
7938	863
7939	978
7940	801
7941	744
7942	840
7943	700
7944	749
7945	854
7946	847
7947	842
7948	805
7949	644
7950	810
7951	751
7952	755
7953	779
7954	908
7955	772
7956	728
7957	865
7958	861
7959	724
7960	729
7961	751
7962	863
7963	858
7964	893
7965	755
7966	696
7967	721
7968	759
7969	768
7970	753
7971	778
7972	799
7973	724
7974	741
7975	769
7976	755
7977	727
7978	823
7979	839
7980	862
7981	826
7982	806
7983	875
7984	798
7985	802
7986	734
7987	740
7988	774
7989	817
7990	707
7991	738
7992	695
7993	766
7994	741
7995	750
7996	701
7997	763
7998	797
7999	757
8000	711
8001	642
8002	707
8003	678
8004	674
8005	682
8006	634
8007	687
8008	681
8009	754
8010	691
8011	795
8012	789
8013	741
8014	720
8015	874
8016	680
8017	694
8018	821
8019	842
8020	786
8021	699
8022	800
8023	646
8024	776
8025	762
8026	754
8027	801
8028	739
8029	765
8030	711
8031	788
8032	857
8033	804
8034	889
8035	781
8036	769
8037	796
8038	871
8039	741
8040	750
8041	824
8042	778
8043	759
8044	791
8045	755
8046	879
8047	758
8048	898
8049	816
8050	866
8051	899
8052	896
8053	839
8054	763
8055	810
8056	986
8057	809
8058	854
8059	1010
8060	857
8061	831
8062	886
8063	860
8064	841
8065	869
8066	887
8067	844
8068	914
8069	1006
8070	927
8071	936
8072	797
8073	1012
8074	852
8075	1039
8076	965
8077	1068
8078	834
8079	975
8080	1124
8081	884
8082	864
8083	907
8084	979
8085	970
8086	826
8087	846
8088	905
8089	803
8090	820
8091	851
8092	869
8093	956
8094	826
8095	931
8096	927
8097	868
8098	904
8099	801
8100	936
8101	831
8102	922
8103	1043
8104	888
8105	945
8106	921
8107	963
8108	832
8109	1023
8110	1045
8111	958
8112	997
8113	761
8114	836
8115	859
8116	984
8117	910
8118	912
8119	893
8120	889
8121	870
8122	945
8123	857
8124	900
8125	801
8126	872
8127	896
8128	870
8129	965
8130	841
8131	925
8132	966
8133	823
8134	948
8135	1018
8136	975
8137	1036
8138	924
8139	960
8140	964
8141	908
8142	1035
8143	1028
8144	919
8145	908
8146	910
8147	860
8148	866
8149	844
8150	798
8151	932
8152	797
8153	912
8154	894
8155	787
8156	816
8157	852
8158	823
8159	871
8160	969
8161	939
8162	911
8163	915
8164	913
8165	994
8166	978
8167	781
8168	1070
8169	946
8170	1047
8171	820
8172	800
8173	870
8174	786
8175	811
8176	780
8177	815
8178	815
8179	833
8180	844
8181	926
8182	892
8183	814
8184	814
8185	914
8186	766
8187	864
8188	1077
8189	998
8190	905
8191	891
8192	772
8193	795
8194	854
8195	893
8196	932
8197	909
8198	868
8199	719
8200	824
8201	886
8202	936
8203	837
8204	945
8205	1050
8206	889
8207	825
8208	754
8209	997
8210	909
8211	963
8212	945
8213	926
8214	1028
8215	951
8216	965
8217	848
8218	873
8219	823
8220	946
8221	915
8222	706
8223	945
8224	779
8225	812
8226	925
8227	845
8228	817
8229	856
8230	905
8231	884
8232	939
8233	757
8234	798
8235	829
8236	796
8237	927
8238	744
8239	730
8240	764
8241	787
8242	788
8243	936
8244	909
8245	895
8246	912
8247	910
8248	755
8249	780
8250	837
8251	761
8252	822
8253	658
8254	886
8255	833
8256	772
8257	759
8258	726
8259	831
8260	883
8261	697
8262	792
8263	830
8264	850
8265	734
8266	753
8267	693
8268	857
8269	859
8270	726
8271	847
8272	712
8273	791
8274	782
8275	740
8276	724
8277	674
8278	760
8279	700
8280	798
8281	818
8282	641
8283	717
8284	717
8285	652
8286	640
8287	758
8288	694
8289	607
8290	780
8291	656
8292	776
8293	683
8294	657
8295	669
8296	706
8297	710
8298	786
8299	669
8300	831
8301	801
8302	696
8303	797
8304	754
8305	745
8306	704
8307	854
8308	676
8309	855
8310	694
8311	759
8312	683
8313	767
8314	713
8315	629
8316	811
8317	782
8318	737
8319	767
8320	750
8321	789
8322	612
8323	832
8324	612
8325	709
8326	679
8327	667
8328	753
8329	740
8330	787
8331	781
8332	668
8333	765
8334	645
8335	670
8336	703
8337	756
8338	675
8339	811
8340	734
8341	684
8342	805
8343	806
8344	688
8345	818
8346	740
8347	703
8348	653
8349	754
8350	688
8351	759
8352	736
8353	676
8354	716
8355	743
8356	721
8357	770
8358	653
8359	614
8360	716
8361	701
8362	761
8363	674
8364	761
8365	622
8366	687
8367	721
8368	721
8369	732
8370	682
8371	666
8372	637
8373	548
8374	678
8375	691
8376	674
8377	600
8378	670
8379	734
8380	751
8381	690
8382	638
8383	658
8384	826
8385	715
8386	604
8387	673
8388	735
8389	742
8390	769
8391	676
8392	738
8393	629
8394	667
8395	733
8396	778
8397	656
8398	763
8399	666
8400	695
8401	705
8402	691
8403	751
8404	644
8405	742
8406	690
8407	600
8408	667
8409	755
8410	708
8411	854
8412	727
8413	735
8414	599
8415	629
8416	651
8417	775
8418	716
8419	736
8420	713
8421	742
8422	698
8423	752
8424	718
8425	744
8426	699
8427	754
8428	710
8429	729
8430	696
8431	726
8432	672
8433	587
8434	697
8435	716
8436	700
8437	618
8438	665
8439	599
8440	706
8441	823
8442	856
8443	711
8444	755
8445	701
8446	786
8447	790
8448	668
8449	659
8450	718
8451	691
8452	751
8453	643
8454	650
8455	716
8456	668
8457	667
8458	731
8459	705
8460	695
8461	685
8462	800
8463	717
8464	685
8465	649
8466	842
8467	725
8468	719
8469	696
8470	722
8471	713
8472	814
8473	711
8474	711
8475	709
8476	761
8477	705
8478	735
8479	670
8480	600
8481	639
8482	604
8483	629
8484	739
8485	697
8486	710
8487	743
8488	705
8489	728
8490	764
8491	692
8492	692
8493	596
8494	694
8495	724
8496	752
8497	795
8498	646
8499	764
8500	655
8501	634
8502	725
8503	634
8504	696
8505	678
8506	759
8507	667
8508	641
8509	683
8510	737
8511	638
8512	807
8513	722
8514	728
8515	626
8516	682
8517	818
8518	700
8519	619
8520	674
8521	637
8522	695
8523	662
8524	715
8525	663
8526	796
8527	709
8528	710
8529	675
8530	657
8531	693
8532	667
8533	800
8534	682
8535	729
8536	626
8537	764
8538	813
8539	673
8540	610
8541	694
8542	697
8543	694
8544	690
8545	701
8546	771
8547	699
8548	632
8549	669
8550	786
8551	756
8552	654
8553	744
8554	689
8555	776
8556	737
8557	661
8558	808
8559	730
8560	719
8561	746
8562	655
8563	744
8564	775
8565	696
8566	790
8567	618
8568	712
8569	673
8570	767
8571	740
8572	752
8573	775
8574	774
8575	640
8576	758
8577	663
8578	788
8579	746
8580	782
8581	825
8582	861
8583	758
8584	884
8585	749
8586	846
8587	653
8588	840
8589	794
8590	706
8591	708
8592	653
8593	737
8594	780
8595	845
8596	681
8597	623
8598	685
8599	775
8600	782
8601	722
8602	703
8603	770
8604	731
8605	758
8606	674
8607	691
8608	795
8609	682
8610	776
8611	747
8612	665
8613	679
8614	682
8615	743
8616	785
8617	680
8618	750
8619	587
8620	734
8621	712
8622	710
8623	644
8624	662
8625	596
8626	646
8627	586
8628	583
8629	675
8630	697
8631	637
8632	616
8633	702
8634	627
8635	647
8636	687
8637	600
8638	689
8639	607
8640	632
8641	588
8642	630
8643	626
8644	581
8645	602
8646	618
8647	637
8648	602
8649	735
8650	636
8651	748
8652	676
8653	643
8654	681
8655	659
8656	686
8657	605
8658	710
8659	600
8660	728
8661	695
8662	628
8663	703
8664	697
8665	600
8666	670
8667	674
8668	720
8669	643
8670	622
8671	597
8672	644
8673	641
8674	690
8675	624
8676	622
8677	670
8678	698
8679	659
8680	697
8681	662
8682	643
8683	604
8684	687
8685	719
8686	677
8687	652
8688	638
8689	700
8690	604
8691	765
8692	585
8693	714
8694	672
8695	748
8696	650
8697	716
8698	733
8699	649
8700	589
8701	736
8702	740
8703	670
8704	690
8705	658
8706	674
8707	679
8708	696
8709	652
8710	697
8711	655
8712	725
8713	637
8714	616
8715	674
8716	616
8717	758
8718	582
8719	727
8720	624
8721	680
8722	677
8723	717
8724	732
8725	573
8726	632
8727	618
8728	640
8729	643
8730	722
8731	644
8732	755
8733	700
8734	707
8735	583
8736	652
8737	730
8738	813
8739	762
8740	678
8741	799
8742	636
8743	711
8744	626
8745	726
8746	763
8747	671
8748	685
8749	629
8750	608
8751	647
8752	648
8753	689
8754	619
8755	697
8756	665
8757	787
8758	743
8759	701
8760	711
8761	623
8762	744
8763	674
8764	719
8765	659
8766	690
8767	717
8768	732
8769	697
8770	742
8771	679
8772	693
8773	731
8774	698
8775	637
8776	832
8777	761
8778	736
8779	587
8780	743
8781	754
8782	661
8783	667
8784	605
8785	660
8786	722
8787	596
8788	622
8789	672
8790	714
8791	660
8792	686
8793	653
8794	792
8795	628
8796	721
8797	706
8798	703
8799	634
8800	706
8801	643
8802	657
8803	672
8804	646
8805	690
8806	691
8807	698
8808	694
8809	708
8810	724
8811	695
8812	683
8813	763
8814	666
8815	760
8816	710
8817	850
8818	768
8819	666
8820	740
8821	648
8822	661
8823	722
8824	754
8825	721
8826	665
8827	705
8828	647
8829	693
8830	709
8831	781
8832	684
8833	607
8834	748
8835	773
8836	702
8837	727
8838	754
8839	675
8840	665
8841	734
8842	623
8843	686
8844	636
8845	640
8846	713
8847	648
8848	667
8849	778
8850	802
8851	725
8852	716
8853	709
8854	731
8855	699
8856	785
8857	653
8858	646
8859	686
8860	629
8861	602
8862	578
8863	695
8864	641
8865	729
8866	661
8867	617
8868	641
8869	656
8870	671
8871	670
8872	736
8873	711
8874	678
8875	741
8876	678
8877	695
8878	717
8879	672
8880	644
8881	651
8882	619
8883	624
8884	660
8885	756
8886	731
8887	714
8888	725
8889	617
8890	661
8891	630
8892	567
8893	557
8894	548
8895	559
8896	619
8897	607
8898	626
8899	690
8900	572
8901	585
8902	608
8903	576
8904	631
8905	539
8906	599
8907	610
8908	595
8909	647
8910	642
8911	666
8912	679
8913	612
8914	582
8915	646
8916	612
8917	593
8918	611
8919	608
8920	662
8921	625
8922	632
8923	645
8924	605
8925	603
8926	654
8927	716
8928	614
8929	669
8930	625
8931	622
8932	621
8933	700
8934	588
8935	637
8936	534
8937	628
8938	577
8939	674
8940	592
8941	572
8942	553
8943	539
8944	604
8945	523
8946	586
8947	545
8948	494
8949	610
8950	593
8951	547
8952	504
8953	556
8954	626
8955	574
8956	597
8957	592
8958	528
8959	606
8960	544
8961	535
8962	557
8963	544
8964	599
8965	621
8966	495
8967	515
8968	537
8969	571
8970	499
8971	628
8972	563
8973	514
8974	554
8975	634
8976	576
8977	552
8978	591
8979	502
8980	588
8981	656
8982	592
8983	490
8984	623
8985	584
8986	620
8987	519
8988	600
8989	627
8990	629
8991	522
8992	539
8993	574
8994	600
8995	615
8996	524
8997	598
8998	609
8999	610
9000	578
9001	615
9002	623
9003	635
9004	607
9005	612
9006	570
9007	606
9008	631
9009	609
9010	505
9011	594
9012	544
9013	621
9014	610
9015	529
9016	524
9017	616
9018	591
9019	661
9020	507
9021	600
9022	546
9023	624
9024	604
9025	473
9026	522
9027	585
9028	620
9029	524
9030	528
9031	598
9032	635
9033	532
9034	554
9035	585
9036	559
9037	621
9038	482
9039	617
9040	555
9041	532
9042	546
9043	711
9044	593
9045	570
9046	643
9047	552
9048	613
9049	713
9050	657
9051	668
9052	582
9053	632
9054	643
9055	627
9056	639
9057	534
9058	544
9059	666
9060	647
9061	535
9062	676
9063	553
9064	625
9065	478
9066	629
9067	601
9068	648
9069	610
9070	588
9071	645
9072	634
9073	465
9074	622
9075	587
9076	631
9077	654
9078	603
9079	618
9080	592
9081	689
9082	667
9083	537
9084	587
9085	592
9086	529
9087	569
9088	554
9089	607
9090	551
9091	615
9092	595
9093	569
9094	570
9095	624
9096	608
9097	705
9098	608
9099	647
9100	666
9101	518
9102	612
9103	625
9104	635
9105	556
9106	681
9107	618
9108	648
9109	604
9110	584
9111	711
9112	607
9113	721
9114	649
9115	524
9116	536
9117	481
9118	568
9119	605
9120	622
9121	608
9122	580
9123	590
9124	608
9125	593
9126	649
9127	509
9128	606
9129	642
9130	556
9131	647
9132	669
9133	607
9134	671
9135	604
9136	616
9137	503
9138	629
9139	661
9140	602
9141	528
9142	666
9143	640
9144	589
9145	553
9146	474
9147	598
9148	592
9149	516
9150	484
9151	646
9152	526
9153	685
9154	518
9155	534
9156	582
9157	652
9158	688
9159	607
9160	603
9161	576
9162	606
9163	754
9164	605
9165	660
9166	518
9167	525
9168	626
9169	593
9170	651
9171	621
9172	658
9173	463
9174	620
9175	540
9176	518
9177	640
9178	643
9179	668
9180	492
9181	540
9182	596
9183	549
9184	498
9185	470
9186	614
9187	592
9188	512
9189	561
9190	562
9191	632
9192	628
9193	593
9194	563
9195	547
9196	561
9197	598
9198	570
9199	591
9200	603
9201	536
9202	464
9203	557
9204	606
9205	598
9206	564
9207	442
9208	494
9209	525
9210	625
9211	500
9212	557
9213	591
9214	644
9215	587
9216	547
9217	522
9218	554
9219	531
9220	615
9221	650
9222	617
9223	568
9224	566
9225	521
9226	506
9227	559
9228	459
9229	519
9230	510
9231	457
9232	519
9233	534
9234	598
9235	566
9236	493
9237	589
9238	517
9239	506
9240	563
9241	478
9242	506
9243	557
9244	518
9245	584
9246	514
9247	577
9248	605
9249	554
9250	475
9251	511
9252	608
9253	490
9254	562
9255	504
9256	466
9257	541
9258	532
9259	576
9260	532
9261	597
9262	516
9263	586
9264	596
9265	479
9266	525
9267	529
9268	487
9269	458
9270	492
9271	506
9272	497
9273	604
9274	591
9275	655
9276	586
9277	526
9278	535
9279	637
9280	563
9281	474
9282	517
9283	491
9284	551
9285	550
9286	541
9287	480
9288	596
9289	512
9290	507
9291	574
9292	513
9293	525
9294	544
9295	541
9296	476
9297	579
9298	535
9299	544
9300	451
9301	480
9302	568
9303	506
9304	524
9305	489
9306	508
9307	533
9308	588
9309	504
9310	517
9311	517
9312	521
9313	634
9314	658
9315	548
9316	584
9317	534
9318	597
9319	508
9320	553
9321	604
9322	505
9323	518
9324	507
9325	488
9326	479
9327	562
9328	559
9329	483
9330	522
9331	595
9332	641
9333	594
9334	525
9335	552
9336	620
9337	532
9338	599
9339	537
9340	510
9341	542
9342	537
9343	494
9344	546
9345	504
9346	480
9347	502
9348	546
9349	569
9350	525
9351	478
9352	597
9353	566
9354	563
9355	619
9356	496
9357	459
9358	504
9359	585
9360	613
9361	634
9362	551
9363	519
9364	455
9365	421
9366	540
9367	549
9368	497
9369	531
9370	542
9371	547
9372	481
9373	566
9374	550
9375	495
9376	610
9377	620
9378	535
9379	638
9380	536
9381	544
9382	504
9383	571
9384	556
9385	531
9386	538
9387	555
9388	456
9389	511
9390	538
9391	491
9392	475
9393	492
9394	503
9395	535
9396	445
9397	461
9398	535
9399	535
9400	630
9401	545
9402	480
9403	513
9404	552
9405	642
9406	537
9407	548
9408	581
9409	557
9410	587
9411	613
9412	731
9413	514
9414	677
9415	574
9416	637
9417	543
9418	600
9419	536
9420	442
9421	499
9422	566
9423	655
9424	546
9425	493
9426	564
9427	606
9428	502
9429	586
9430	573
9431	511
9432	580
9433	521
9434	447
9435	536
9436	518
9437	498
9438	507
9439	496
9440	492
9441	526
9442	479
9443	601
9444	472
9445	558
9446	562
9447	591
9448	577
9449	543
9450	651
9451	637
9452	531
9453	622
9454	579
9455	646
9456	670
9457	602
9458	613
9459	487
9460	586
9461	590
9462	515
9463	587
9464	772
9465	609
9466	616
9467	518
9468	678
9469	628
9470	527
9471	533
9472	500
9473	544
9474	638
9475	565
9476	618
9477	586
9478	542
9479	581
9480	574
9481	498
9482	573
9483	431
9484	534
9485	483
9486	450
9487	584
9488	587
9489	520
9490	480
9491	588
9492	577
9493	503
9494	558
9495	526
9496	523
9497	506
9498	585
9499	549
9500	550
9501	529
9502	540
9503	481
9504	514
9505	511
9506	484
9507	508
9508	543
9509	513
9510	550
9511	557
9512	564
9513	527
9514	477
9515	538
9516	479
9517	581
9518	531
9519	519
9520	567
9521	557
9522	467
9523	564
9524	394
9525	446
9526	522
9527	583
9528	433
9529	557
9530	520
9531	540
9532	541
9533	543
9534	539
9535	547
9536	643
9537	650
9538	514
9539	568
9540	557
9541	538
9542	548
9543	647
9544	577
9545	587
9546	608
9547	625
9548	499
9549	566
9550	629
9551	611
9552	633
9553	592
9554	541
9555	540
9556	530
9557	495
9558	586
9559	501
9560	565
9561	504
9562	596
9563	548
9564	503
9565	491
9566	482
9567	642
9568	496
9569	514
9570	532
9571	635
9572	558
9573	549
9574	492
9575	611
9576	523
9577	628
9578	619
9579	581
9580	539
9581	539
9582	529
9583	517
9584	538
9585	535
9586	609
9587	494
9588	609
9589	580
9590	499
9591	502
9592	596
9593	550
9594	624
9595	513
9596	572
9597	498
9598	578
9599	591
9600	567
9601	504
9602	481
9603	514
9604	559
9605	603
9606	578
9607	609
9608	548
9609	615
9610	602
9611	562
9612	514
9613	551
9614	541
9615	636
9616	596
9617	653
9618	597
9619	654
9620	562
9621	643
9622	663
9623	601
9624	666
9625	611
9626	607
9627	829
9628	627
9629	593
9630	609
9631	629
9632	618
9633	575
9634	692
9635	683
9636	635
9637	676
9638	676
9639	656
9640	638
9641	598
9642	673
9643	551
9644	674
9645	643
9646	576
9647	663
9648	583
9649	572
9650	570
9651	639
9652	606
9653	594
9654	554
9655	550
9656	668
9657	584
9658	584
9659	588
9660	683
9661	650
9662	712
9663	654
9664	690
9665	650
9666	613
9667	611
9668	642
9669	581
9670	706
9671	540
9672	596
9673	541
9674	549
9675	679
9676	528
9677	631
9678	488
9679	647
9680	573
9681	588
9682	603
9683	619
9684	630
9685	498
9686	554
9687	580
9688	553
9689	757
9690	579
9691	701
9692	598
9693	665
9694	671
9695	657
9696	618
9697	606
9698	541
9699	634
9700	602
9701	600
9702	639
9703	606
9704	608
9705	534
9706	624
9707	567
9708	605
9709	570
9710	587
9711	593
9712	554
9713	569
9714	671
9715	501
9716	599
9717	496
9718	591
9719	682
9720	533
9721	565
9722	524
9723	490
9724	654
9725	574
9726	642
9727	542
9728	519
9729	614
9730	513
9731	487
9732	494
9733	525
9734	553
9735	579
9736	488
9737	569
9738	504
9739	577
9740	492
9741	579
9742	665
9743	641
9744	661
9745	598
9746	675
9747	543
9748	489
9749	592
9750	593
9751	620
9752	687
9753	489
9754	513
9755	571
9756	556
9757	470
9758	574
9759	539
9760	530
9761	534
9762	475
9763	591
9764	504
9765	475
9766	532
9767	500
9768	519
9769	626
9770	554
9771	483
9772	447
9773	643
9774	577
9775	537
9776	527
9777	541
9778	509
9779	590
9780	520
9781	446
9782	541
9783	550
9784	466
9785	490
9786	614
9787	568
9788	501
9789	609
9790	563
9791	602
9792	572
9793	547
9794	575
9795	557
9796	605
9797	569
9798	450
9799	543
9800	567
9801	498
9802	565
9803	533
9804	473
9805	558
9806	508
9807	550
9808	565
9809	596
9810	481
9811	496
9812	601
9813	576
9814	618
9815	536
9816	540
9817	624
9818	494
9819	537
9820	494
9821	596
9822	521
9823	546
9824	537
9825	554
9826	489
9827	535
9828	542
9829	608
9830	537
9831	590
9832	636
9833	552
9834	581
9835	431
9836	545
9837	575
9838	546
9839	601
9840	518
9841	558
9842	611
9843	477
9844	617
9845	499
9846	524
9847	539
9848	566
9849	670
9850	478
9851	506
9852	543
9853	620
9854	546
9855	521
9856	529
9857	564
9858	521
9859	600
9860	542
9861	550
9862	501
9863	496
9864	509
9865	565
9866	475
9867	544
9868	530
9869	539
9870	600
9871	516
9872	538
9873	513
9874	582
9875	577
9876	553
9877	534
9878	606
9879	517
9880	624
9881	541
9882	514
9883	560
9884	637
9885	586
9886	508
9887	656
9888	602
9889	572
9890	478
9891	559
9892	576
9893	558
9894	511
9895	563
9896	470
9897	681
9898	580
9899	562
9900	535
9901	603
9902	551
9903	523
9904	494
9905	560
9906	582
9907	568
9908	555
9909	574
9910	597
9911	558
9912	515
9913	589
9914	502
9915	564
9916	559
9917	510
9918	595
9919	634
9920	548
9921	584
9922	529
9923	538
9924	679
9925	623
9926	573
9927	612
9928	585
9929	570
9930	560
9931	623
9932	567
9933	604
9934	555
9935	573
9936	673
9937	494
9938	527
9939	609
9940	576
9941	552
9942	613
9943	476
9944	646
9945	579
9946	699
9947	700
9948	630
9949	619
9950	749
9951	650
9952	688
9953	644
9954	749
9955	684
9956	678
9957	735
9958	583
9959	722
9960	607
9961	706
9962	678
9963	682
9964	754
9965	707
9966	855
9967	757
9968	732
9969	823
9970	819
9971	1012
9972	737
9973	781
9974	899
9975	780
9976	674
9977	677
9978	736
9979	689
9980	680
9981	716
9982	644
9983	727
9984	691
9985	792
9986	801
9987	795
9988	934
9989	749
9990	765
9991	947
9992	885
9993	1187
9994	902
9995	837
9996	1001
9997	582
9998	747
9999	615
10000	643
10001	681
10002	624
10003	809
10004	779
10005	1004
10006	774
10007	698
10008	753
10009	732
10010	846
10011	914
10012	780
10013	1061
10014	733
10015	692
10016	685
10017	547
10018	678
10019	740
10020	650
10021	656
10022	721
10023	782
10024	820
10025	1271
10026	1171
10027	2221
10028	634
10029	545
10030	818
10031	498
10032	572
10033	514
10034	576
10035	609
10036	566
10037	563
10038	538
10039	503
10040	625
10041	501
10042	533
10043	557
10044	567
10045	523
10046	570
10047	576
10048	741
10049	584
10050	787
10051	571
10052	647
10053	545
10054	593
10055	511
10056	572
10057	475
10058	564
10059	503
10060	577
10061	619
10062	498
10063	608
10064	635
10065	635
10066	571
10067	645
10068	555
10069	609
10070	552
10071	533
10072	598
10073	604
10074	665
10075	535
10076	563
10077	576
10078	628
10079	525
10080	549
10081	478
10082	520
10083	497
10084	576
10085	634
10086	582
10087	567
10088	625
10089	557
10090	553
10091	559
10092	637
10093	562
10094	535
10095	492
10096	536
10097	499
10098	536
10099	588
10100	588
10101	470
10102	641
10103	589
10104	536
10105	512
10106	581
10107	613
10108	522
10109	513
10110	489
10111	576
10112	656
10113	544
10114	528
10115	556
10116	527
10117	474
10118	579
10119	545
10120	603
10121	524
10122	564
10123	664
10124	534
10125	634
10126	513
10127	530
10128	451
10129	507
10130	575
10131	478
10132	582
10133	544
10134	530
10135	576
10136	505
10137	510
10138	510
10139	558
10140	568
10141	616
10142	559
10143	649
10144	583
10145	520
10146	634
10147	622
10148	546
10149	532
10150	489
10151	501
10152	544
10153	548
10154	546
10155	521
10156	572
10157	483
10158	539
10159	521
10160	557
10161	618
10162	727
10163	658
10164	590
10165	572
10166	558
10167	605
10168	634
10169	575
10170	601
10171	547
10172	574
10173	537
10174	512
10175	613
10176	633
10177	563
10178	647
10179	654
10180	588
10181	541
10182	503
10183	577
10184	536
10185	691
10186	556
10187	537
10188	630
10189	487
10190	548
10191	504
10192	538
10193	479
10194	538
10195	632
10196	607
10197	702
10198	577
10199	554
10200	543
10201	537
10202	585
10203	524
10204	545
10205	595
10206	598
10207	638
10208	626
10209	655
10210	564
10211	684
10212	626
10213	553
10214	507
10215	483
10216	504
10217	549
10218	515
10219	518
10220	634
10221	583
10222	498
10223	621
10224	536
10225	593
10226	626
10227	543
10228	599
10229	502
10230	598
10231	632
10232	688
10233	555
10234	512
10235	607
10236	681
10237	613
10238	773
10239	660
10240	656
10241	676
10242	693
10243	581
10244	625
10245	616
10246	601
10247	571
10248	610
10249	584
10250	625
10251	554
10252	671
10253	632
10254	587
10255	776
10256	526
10257	690
10258	633
10259	563
10260	611
10261	496
10262	559
10263	517
10264	553
10265	554
10266	587
10267	651
10268	578
10269	597
10270	586
10271	598
10272	657
10273	755
10274	670
10275	678
10276	691
10277	746
10278	593
10279	753
10280	700
10281	654
10282	555
10283	650
10284	640
10285	535
10286	711
10287	581
10288	647
10289	683
10290	633
10291	720
10292	768
10293	612
10294	722
10295	752
10296	641
10297	691
10298	625
10299	654
10300	691
10301	687
10302	620
10303	580
10304	679
10305	664
10306	698
10307	642
10308	653
10309	556
10310	655
10311	662
10312	532
10313	521
10314	617
10315	680
10316	551
10317	644
10318	642
10319	581
10320	615
10321	659
10322	669
10323	666
10324	650
10325	581
10326	626
10327	606
10328	622
10329	556
10330	579
10331	500
10332	654
10333	496
10334	520
10335	630
10336	532
10337	633
10338	645
10339	609
10340	587
10341	681
10342	626
10343	675
10344	561
10345	550
10346	590
10347	598
10348	680
10349	588
10350	562
10351	639
10352	606
10353	602
10354	590
10355	540
10356	570
10357	589
10358	609
10359	546
10360	578
10361	598
10362	594
10363	572
10364	605
10365	520
10366	586
10367	653
10368	545
10369	580
10370	567
10371	497
10372	574
10373	575
10374	610
10375	578
10376	618
10377	522
10378	554
10379	681
10380	570
10381	588
10382	521
10383	504
10384	538
10385	592
10386	474
10387	591
10388	714
10389	497
10390	639
10391	592
10392	542
10393	545
10394	552
10395	576
10396	506
10397	535
10398	610
10399	523
10400	552
10401	584
10402	539
10403	547
10404	561
10405	517
10406	602
10407	581
10408	673
10409	574
10410	593
10411	727
10412	593
10413	476
10414	565
10415	710
10416	605
10417	499
10418	508
10419	511
10420	553
10421	596
10422	559
10423	515
10424	516
10425	560
10426	558
10427	429
10428	483
10429	489
10430	495
10431	559
10432	508
10433	519
10434	517
10435	451
10436	532
10437	590
10438	471
10439	542
10440	505
10441	484
10442	532
10443	524
10444	502
10445	555
10446	531
10447	566
10448	444
10449	479
10450	454
10451	493
10452	405
10453	510
10454	477
10455	486
10456	573
10457	473
10458	494
10459	517
10460	460
10461	563
10462	528
10463	539
10464	483
10465	508
10466	552
10467	537
10468	567
10469	468
10470	521
10471	497
10472	516
10473	532
10474	486
10475	545
10476	464
10477	501
10478	500
10479	507
10480	606
10481	524
10482	474
10483	586
10484	580
10485	580
10486	595
10487	497
10488	474
10489	497
10490	482
10491	499
10492	414
10493	506
10494	540
10495	586
10496	475
10497	488
10498	554
10499	499
10500	498
10501	538
10502	523
10503	531
10504	431
10505	604
10506	480
10507	598
10508	438
10509	533
10510	542
10511	533
10512	452
10513	516
10514	528
10515	469
10516	524
10517	527
10518	607
10519	541
10520	527
10521	570
10522	444
10523	517
10524	544
10525	499
10526	550
10527	505
10528	560
10529	535
10530	507
10531	479
10532	432
10533	449
10534	533
10535	465
10536	471
10537	545
10538	518
10539	569
10540	590
10541	577
10542	506
10543	593
10544	526
10545	567
10546	497
10547	476
10548	528
10549	524
10550	546
10551	544
10552	474
10553	580
10554	615
10555	567
10556	555
10557	500
10558	530
10559	452
10560	513
10561	479
10562	543
10563	559
10564	473
10565	444
10566	481
10567	633
10568	481
10569	501
10570	544
10571	516
10572	524
10573	546
10574	563
10575	592
10576	434
10577	573
10578	527
10579	522
10580	504
10581	451
10582	518
10583	520
10584	462
10585	446
10586	553
10587	538
10588	575
10589	476
10590	541
10591	540
10592	504
10593	402
10594	500
10595	540
10596	487
10597	479
10598	529
10599	614
10600	592
10601	463
10602	456
10603	545
10604	410
10605	471
10606	508
10607	517
10608	491
10609	556
10610	495
10611	486
10612	501
10613	507
10614	565
10615	544
10616	561
10617	472
10618	494
10619	526
10620	493
10621	538
10622	529
10623	493
10624	456
10625	527
10626	472
10627	517
10628	544
10629	487
10630	559
10631	442
10632	485
10633	557
10634	498
10635	433
10636	459
10637	492
10638	441
10639	538
10640	503
10641	425
10642	494
10643	480
10644	537
10645	459
10646	532
10647	553
10648	527
10649	476
10650	585
10651	514
10652	548
10653	547
10654	464
10655	516
10656	507
10657	521
10658	490
10659	603
10660	511
10661	536
10662	471
10663	471
10664	545
10665	466
10666	456
10667	415
10668	521
10669	533
10670	486
10671	590
10672	562
10673	459
10674	443
10675	506
10676	551
10677	552
10678	402
10679	501
10680	609
10681	522
10682	489
10683	490
10684	520
10685	505
10686	437
10687	499
10688	518
10689	452
10690	416
10691	441
10692	440
10693	425
10694	515
10695	478
10696	469
10697	426
10698	466
10699	417
10700	487
10701	468
10702	497
10703	393
10704	458
10705	445
10706	453
10707	437
10708	417
10709	445
10710	422
10711	494
10712	445
10713	324
10714	453
10715	521
10716	422
10717	423
10718	432
10719	443
10720	478
10721	493
10722	435
10723	382
10724	443
10725	471
10726	451
10727	500
10728	489
10729	435
10730	429
10731	438
10732	420
10733	390
10734	400
10735	431
10736	403
10737	502
10738	485
10739	508
10740	436
10741	395
10742	467
10743	499
10744	445
10745	445
10746	403
10747	480
10748	390
10749	420
10750	423
10751	431
10752	528
10753	483
10754	443
10755	403
10756	501
10757	414
10758	392
10759	465
10760	387
10761	498
10762	416
10763	439
10764	410
10765	389
10766	472
10767	374
10768	449
10769	475
10770	453
10771	487
10772	495
10773	513
10774	438
10775	457
10776	466
10777	572
10778	440
10779	523
10780	411
10781	462
10782	363
10783	422
10784	493
10785	509
10786	490
10787	458
10788	524
10789	492
10790	435
10791	449
10792	418
10793	500
10794	421
10795	530
10796	354
10797	473
10798	465
10799	454
10800	439
10801	456
10802	431
10803	427
10804	503
10805	422
10806	517
10807	440
10808	516
10809	409
10810	471
10811	393
10812	504
10813	515
10814	411
10815	495
10816	428
10817	463
10818	451
10819	495
10820	481
10821	477
10822	547
10823	483
10824	490
10825	537
10826	455
10827	509
10828	479
10829	471
10830	430
10831	533
10832	424
10833	472
10834	473
10835	519
10836	466
10837	542
10838	492
10839	493
10840	432
10841	468
10842	495
10843	465
10844	550
10845	533
10846	475
10847	561
10848	492
10849	394
10850	469
10851	521
10852	514
10853	514
10854	444
10855	421
10856	562
10857	511
10858	428
10859	489
10860	594
10861	518
10862	512
10863	502
10864	508
10865	457
10866	506
10867	431
10868	445
10869	492
10870	415
10871	412
10872	464
10873	502
10874	511
10875	483
10876	492
10877	571
10878	485
10879	388
10880	601
10881	524
10882	458
10883	513
10884	489
10885	462
10886	496
10887	500
10888	461
10889	504
10890	448
10891	452
10892	484
10893	459
10894	396
10895	420
10896	409
10897	397
10898	475
10899	498
10900	434
10901	522
10902	483
10903	525
10904	575
10905	667
10906	569
10907	544
10908	457
10909	436
10910	495
10911	418
10912	379
10913	460
10914	387
10915	546
10916	467
10917	503
10918	402
10919	405
10920	471
10921	396
10922	416
10923	451
10924	459
10925	447
10926	406
10927	394
10928	386
10929	348
10930	383
10931	435
10932	422
10933	392
10934	397
10935	379
10936	420
10937	385
10938	407
10939	401
10940	356
10941	456
10942	359
10943	498
10944	345
10945	397
10946	383
10947	386
10948	362
10949	355
10950	432
10951	412
10952	421
10953	374
10954	415
10955	411
10956	397
10957	391
10958	395
10959	330
10960	382
10961	379
10962	329
10963	358
10964	347
10965	393
10966	348
10967	334
10968	373
10969	379
10970	457
10971	421
10972	436
10973	511
10974	416
10975	442
10976	342
10977	363
10978	399
10979	471
10980	357
10981	431
10982	490
10983	440
10984	520
10985	398
10986	430
10987	398
10988	383
10989	371
10990	415
10991	353
10992	393
10993	401
10994	374
10995	405
10996	374
10997	382
10998	380
10999	424
11000	369
11001	392
11002	398
11003	411
11004	372
11005	467
11006	367
11007	360
11008	360
11009	433
11010	385
11011	404
11012	362
11013	411
11014	413
11015	389
11016	338
11017	453
11018	416
11019	350
11020	366
11021	405
11022	458
11023	435
11024	346
11025	300
11026	435
11027	437
11028	355
11029	438
11030	395
11031	393
11032	376
11033	364
11034	319
11035	444
11036	435
11037	352
11038	430
11039	435
11040	413
11041	410
11042	359
11043	460
11044	467
11045	365
11046	398
11047	443
11048	387
11049	349
11050	453
11051	362
11052	359
11053	490
11054	422
11055	469
11056	374
11057	344
11058	400
11059	391
11060	365
11061	378
11062	326
11063	390
11064	410
11065	467
11066	356
11067	390
11068	453
11069	312
11070	334
11071	387
11072	343
11073	332
11074	353
11075	302
11076	414
11077	422
11078	419
11079	355
11080	433
11081	379
11082	413
11083	356
11084	421
11085	383
11086	414
11087	351
11088	346
11089	456
11090	364
11091	418
11092	374
11093	408
11094	426
11095	477
11096	336
11097	370
11098	452
11099	412
11100	336
11101	393
11102	397
11103	401
11104	394
11105	449
11106	398
11107	488
11108	345
11109	464
11110	467
11111	454
11112	475
11113	443
11114	465
11115	463
11116	464
11117	418
11118	380
11119	482
11120	453
11121	436
11122	404
11123	424
11124	496
11125	436
11126	476
11127	444
11128	470
11129	419
11130	519
11131	542
11132	548
11133	623
11134	524
11135	510
11136	572
11137	595
11138	459
11139	407
11140	478
11141	439
11142	473
11143	394
11144	429
11145	365
11146	367
11147	370
11148	368
11149	404
11150	402
11151	389
11152	376
11153	434
11154	394
11155	429
11156	303
11157	371
11158	406
11159	373
11160	409
11161	390
11162	425
11163	369
11164	465
11165	405
11166	413
11167	454
11168	471
11169	431
11170	400
11171	352
11172	430
11173	365
11174	418
11175	422
11176	422
11177	377
11178	461
11179	438
11180	454
11181	447
11182	415
11183	316
11184	374
11185	336
11186	395
11187	368
11188	383
11189	421
11190	419
11191	392
11192	483
11193	416
11194	384
11195	428
11196	370
11197	324
11198	347
11199	382
11200	373
11201	428
11202	319
11203	395
11204	393
11205	367
11206	315
11207	393
11208	387
11209	281
11210	407
11211	417
11212	404
11213	364
11214	358
11215	308
11216	388
11217	434
11218	455
11219	376
11220	409
11221	364
11222	338
11223	351
11224	352
11225	446
11226	345
11227	304
11228	397
11229	445
11230	401
11231	448
11232	315
11233	340
11234	330
11235	352
11236	341
11237	330
11238	381
11239	298
11240	378
11241	289
11242	412
11243	362
11244	385
11245	379
11246	375
11247	393
11248	467
11249	374
11250	387
11251	435
11252	355
11253	339
11254	357
11255	403
11256	378
11257	459
11258	395
11259	394
11260	295
11261	333
11262	407
11263	441
11264	398
11265	347
11266	422
11267	347
11268	387
11269	345
11270	395
11271	307
11272	440
11273	487
11274	487
11275	414
11276	347
11277	388
11278	368
11279	437
11280	429
11281	356
11282	427
11283	417
11284	367
11285	429
11286	426
11287	419
11288	417
11289	360
11290	438
11291	448
11292	439
11293	500
11294	425
11295	526
11296	410
11297	426
11298	372
11299	471
11300	423
11301	427
11302	435
11303	458
11304	439
11305	489
11306	450
11307	564
11308	494
11309	479
11310	473
11311	424
11312	428
11313	528
11314	416
11315	477
11316	399
11317	450
11318	409
11319	436
11320	392
11321	375
11322	452
11323	430
11324	463
11325	452
11326	459
11327	391
11328	472
11329	399
11330	429
11331	361
11332	420
11333	456
11334	356
11335	461
11336	373
11337	393
11338	412
11339	472
11340	394
11341	388
11342	435
11343	364
11344	430
11345	373
11346	380
11347	374
11348	469
11349	437
11350	427
11351	418
11352	389
11353	377
11354	378
11355	443
11356	420
11357	371
11358	373
11359	391
11360	475
11361	458
11362	385
11363	460
11364	388
11365	453
11366	396
11367	397
11368	454
11369	361
11370	428
11371	364
11372	401
11373	477
11374	423
11375	429
11376	362
11377	359
11378	358
11379	402
11380	489
11381	383
11382	476
11383	473
11384	402
11385	341
11386	334
11387	458
11388	399
11389	439
11390	462
11391	410
11392	437
11393	413
11394	397
11395	373
11396	422
11397	403
11398	378
11399	366
11400	372
11401	459
11402	433
11403	413
11404	387
11405	374
11406	370
11407	421
11408	476
11409	445
11410	407
11411	407
11412	376
11413	401
11414	370
11415	456
11416	376
11417	404
11418	385
11419	349
11420	371
11421	367
11422	371
11423	353
11424	415
11425	377
11426	380
11427	340
11428	424
11429	451
11430	367
11431	387
11432	415
11433	431
11434	375
11435	363
11436	414
11437	419
11438	331
11439	332
11440	351
11441	449
11442	368
11443	319
11444	342
11445	405
11446	366
11447	322
11448	337
11449	424
11450	377
11451	373
11452	361
11453	440
11454	373
11455	354
11456	314
11457	298
11458	390
11459	339
11460	323
11461	350
11462	421
11463	364
11464	445
11465	335
11466	414
11467	329
11468	294
11469	377
11470	353
11471	383
11472	356
11473	274
11474	268
11475	359
11476	368
11477	335
11478	360
11479	390
11480	363
11481	342
11482	367
11483	372
11484	307
11485	348
11486	331
11487	397
11488	338
11489	315
11490	351
11491	328
11492	279
11493	356
11494	359
11495	334
11496	383
11497	379
11498	431
11499	312
11500	320
11501	337
11502	357
11503	357
11504	355
11505	330
11506	399
11507	391
11508	326
11509	293
11510	397
11511	461
11512	335
11513	334
11514	282
11515	355
11516	351
11517	371
11518	356
11519	371
11520	419
11521	343
11522	360
11523	352
11524	356
11525	304
11526	416
11527	384
11528	426
11529	305
11530	327
11531	354
11532	334
11533	340
11534	324
11535	302
11536	306
11537	395
11538	329
11539	404
11540	369
11541	267
11542	324
11543	352
11544	365
11545	326
11546	373
11547	299
11548	355
11549	380
11550	424
11551	382
11552	283
11553	273
11554	334
11555	380
11556	361
11557	308
11558	398
11559	347
11560	385
11561	336
11562	372
11563	338
11564	353
11565	318
11566	350
11567	353
11568	432
11569	329
11570	336
11571	377
11572	435
11573	352
11574	390
11575	406
11576	377
11577	383
11578	370
11579	412
11580	431
11581	393
11582	434
11583	403
11584	464
11585	446
11586	372
11587	353
11588	430
11589	446
11590	347
11591	401
11592	384
11593	389
11594	405
11595	333
11596	425
11597	345
11598	394
11599	358
11600	349
11601	365
11602	384
11603	465
11604	441
11605	437
11606	348
11607	405
11608	462
11609	412
11610	406
11611	339
11612	412
11613	375
11614	391
11615	373
11616	402
11617	437
11618	385
11619	365
11620	449
11621	428
11622	416
11623	401
11624	362
11625	378
11626	459
11627	416
11628	408
11629	447
11630	420
11631	399
11632	430
11633	420
11634	438
11635	475
11636	561
11637	470
11638	356
11639	595
11640	558
11641	416
11642	386
11643	424
11644	510
11645	423
11646	506
11647	468
11648	510
11649	511
11650	469
11651	466
11652	464
11653	462
11654	430
11655	455
11656	505
11657	412
11658	494
11659	611
11660	453
11661	423
11662	433
11663	460
11664	469
11665	449
11666	320
11667	411
11668	370
11669	389
11670	343
11671	385
11672	432
11673	383
11674	420
11675	376
11676	418
11677	365
11678	347
11679	438
11680	381
11681	339
11682	478
11683	439
11684	372
11685	394
11686	376
11687	531
11688	375
11689	399
11690	461
11691	399
11692	418
11693	454
11694	356
11695	501
11696	513
11697	427
11698	426
11699	355
11700	406
11701	377
11702	444
11703	494
11704	338
11705	433
11706	359
11707	441
11708	373
11709	443
11710	457
11711	461
11712	407
11713	482
11714	466
11715	421
11716	358
11717	369
11718	385
11719	404
11720	383
11721	331
11722	370
11723	388
11724	393
11725	349
11726	424
11727	372
11728	405
11729	438
11730	406
11731	402
11732	381
11733	334
11734	371
11735	372
11736	459
11737	383
11738	368
11739	408
11740	401
11741	390
11742	401
11743	453
11744	378
11745	372
11746	378
11747	431
11748	344
11749	334
11750	361
11751	318
11752	412
11753	326
11754	397
11755	318
11756	394
11757	412
11758	393
11759	417
11760	348
11761	375
11762	400
11763	492
11764	363
11765	351
11766	460
11767	407
11768	376
11769	322
11770	334
11771	396
11772	433
11773	360
11774	392
11775	488
11776	371
11777	495
11778	468
11779	439
11780	399
11781	398
11782	391
11783	360
11784	406
11785	422
11786	398
11787	440
11788	398
11789	398
11790	296
11791	377
11792	466
11793	382
11794	423
11795	378
11796	350
11797	337
11798	399
11799	362
11800	458
11801	431
11802	408
11803	363
11804	383
11805	455
11806	457
11807	387
11808	452
11809	380
11810	413
11811	392
11812	396
11813	359
11814	392
11815	459
11816	369
11817	361
11818	430
11819	408
11820	479
11821	348
11822	336
11823	364
11824	438
11825	363
11826	433
11827	436
11828	361
11829	348
11830	464
11831	368
11832	426
11833	427
11834	395
11835	385
11836	420
11837	388
11838	353
11839	438
11840	386
11841	395
11842	415
11843	406
11844	405
11845	337
11846	366
11847	423
11848	376
11849	411
11850	396
11851	430
11852	406
11853	466
11854	418
11855	420
11856	432
11857	449
11858	344
11859	361
11860	410
11861	392
11862	429
11863	370
11864	406
11865	378
11866	359
11867	313
11868	429
11869	393
11870	378
11871	403
11872	372
11873	454
11874	438
11875	414
11876	376
11877	407
11878	455
11879	383
11880	361
11881	372
11882	404
11883	352
11884	461
11885	440
11886	362
11887	371
11888	329
11889	343
11890	418
11891	337
11892	380
11893	384
11894	465
11895	417
11896	376
11897	373
11898	416
11899	457
11900	522
11901	358
11902	479
11903	309
11904	463
11905	394
11906	393
11907	377
11908	399
11909	432
11910	388
11911	436
11912	375
11913	436
11914	406
11915	349
11916	311
11917	391
11918	330
11919	370
11920	322
11921	378
11922	391
11923	342
11924	364
11925	370
11926	365
11927	376
11928	432
11929	403
11930	361
11931	408
11932	360
11933	326
11934	404
11935	353
11936	372
11937	420
11938	399
11939	329
11940	394
11941	416
11942	402
11943	438
11944	401
11945	416
11946	427
11947	464
11948	468
11949	382
11950	409
11951	374
11952	419
11953	455
11954	389
11955	480
11956	440
11957	407
11958	347
11959	397
11960	467
11961	494
11962	403
11963	422
11964	407
11965	349
11966	403
11967	413
11968	400
11969	464
11970	495
11971	506
11972	481
11973	437
11974	485
11975	489
11976	390
11977	469
11978	395
11979	378
11980	353
11981	367
11982	390
11983	339
11984	450
11985	414
11986	371
11987	436
11988	409
11989	378
11990	503
11991	380
11992	369
11993	384
11994	359
11995	460
11996	379
11997	467
11998	403
11999	434
12000	367
12001	446
12002	424
12003	403
12004	376
12005	369
12006	438
12007	411
12008	363
12009	402
12010	463
12011	367
12012	412
12013	355
12014	444
12015	355
12016	492
12017	395
12018	376
12019	399
12020	461
12021	381
12022	422
12023	324
12024	436
12025	427
12026	414
12027	475
12028	364
12029	383
12030	364
12031	391
12032	487
12033	341
12034	445
12035	404
12036	322
12037	434
12038	379
12039	436
12040	427
12041	405
12042	381
12043	417
12044	461
12045	385
12046	372
12047	419
12048	401
12049	372
12050	487
12051	456
12052	362
12053	448
12054	374
12055	406
12056	384
12057	439
12058	338
12059	439
12060	406
12061	339
12062	387
12063	379
12064	428
12065	325
12066	426
12067	437
12068	325
12069	350
12070	428
12071	436
12072	432
12073	398
12074	337
12075	363
12076	431
12077	375
12078	453
12079	360
12080	348
12081	377
12082	427
12083	457
12084	349
12085	376
12086	364
12087	360
12088	392
12089	355
12090	424
12091	420
12092	430
12093	472
12094	403
12095	386
12096	395
12097	413
12098	364
12099	370
12100	390
12101	430
12102	372
12103	340
12104	278
12105	312
12106	474
12107	353
12108	346
12109	365
12110	387
12111	386
12112	392
12113	316
12114	318
12115	317
12116	379
12117	342
12118	350
12119	312
12120	397
12121	387
12122	386
12123	408
12124	382
12125	397
12126	379
12127	297
12128	375
12129	375
12130	366
12131	453
12132	368
12133	383
12134	326
12135	383
12136	433
12137	403
12138	420
12139	426
12140	441
12141	381
12142	330
12143	363
12144	385
12145	339
12146	380
12147	476
12148	369
12149	339
12150	406
12151	391
12152	382
12153	464
12154	446
12155	466
12156	412
12157	350
12158	416
12159	402
12160	406
12161	374
12162	425
12163	418
12164	378
12165	448
12166	396
12167	434
12168	474
12169	501
12170	447
12171	397
12172	467
12173	331
12174	362
12175	362
12176	401
12177	360
12178	477
12179	359
12180	371
12181	441
12182	486
12183	453
12184	386
12185	442
12186	455
12187	432
12188	363
12189	347
12190	395
12191	398
12192	407
12193	337
12194	402
12195	400
12196	447
12197	436
12198	464
12199	483
12200	436
12201	428
12202	421
12203	487
12204	438
12205	472
12206	410
12207	376
12208	347
12209	357
12210	367
12211	424
12212	338
12213	396
12214	395
12215	330
12216	350
12217	390
12218	380
12219	350
12220	364
12221	343
12222	362
12223	515
12224	416
12225	354
12226	383
12227	340
12228	346
12229	324
12230	285
12231	360
12232	341
12233	375
12234	398
12235	359
12236	351
12237	364
12238	403
12239	412
12240	395
12241	376
12242	369
12243	375
12244	331
12245	333
12246	363
12247	336
12248	324
12249	344
12250	430
12251	343
12252	412
12253	439
12254	403
12255	342
12256	445
12257	339
12258	473
12259	339
12260	401
12261	362
12262	364
12263	401
12264	370
12265	380
12266	362
12267	330
12268	309
12269	357
12270	392
12271	432
12272	368
12273	337
12274	437
12275	396
12276	385
12277	361
12278	430
12279	441
12280	370
12281	388
12282	436
12283	265
12284	358
12285	421
12286	366
12287	330
12288	342
12289	398
12290	364
12291	326
12292	337
12293	338
12294	404
12295	446
12296	341
12297	359
12298	353
12299	342
12300	316
12301	405
12302	328
12303	347
12304	312
12305	433
12306	371
12307	367
12308	372
12309	432
12310	334
12311	318
12312	384
12313	363
12314	352
12315	328
12316	409
12317	394
12318	378
12319	386
12320	360
12321	379
12322	301
12323	369
12324	391
12325	337
12326	350
12327	464
12328	424
12329	348
12330	351
12331	375
12332	316
12333	388
12334	343
12335	377
12336	365
12337	344
12338	410
12339	389
12340	337
12341	283
12342	342
12343	364
12344	380
12345	391
12346	356
12347	405
12348	383
12349	402
12350	352
12351	389
12352	383
12353	317
12354	388
12355	376
12356	395
12357	413
12358	349
12359	293
12360	313
12361	339
12362	300
12363	367
12364	382
12365	335
12366	287
12367	349
12368	307
12369	339
12370	293
12371	333
12372	323
12373	295
12374	346
12375	310
12376	371
12377	341
12378	327
12379	351
12380	301
12381	331
12382	323
12383	310
12384	281
12385	335
12386	375
12387	333
12388	296
12389	410
12390	375
12391	311
12392	375
12393	270
12394	265
12395	318
12396	372
12397	277
12398	279
12399	264
12400	296
12401	352
12402	322
12403	384
12404	306
12405	352
12406	327
12407	325
12408	345
12409	328
12410	322
12411	327
12412	382
12413	362
12414	371
12415	339
12416	330
12417	325
12418	369
12419	295
12420	351
12421	313
12422	329
12423	335
12424	297
12425	353
12426	294
12427	400
12428	349
12429	317
12430	312
12431	257
12432	314
12433	314
12434	358
12435	291
12436	252
12437	290
12438	251
12439	288
12440	321
12441	334
12442	315
12443	347
12444	311
12445	273
12446	319
12447	370
12448	295
12449	339
12450	360
12451	330
12452	407
12453	373
12454	387
12455	326
12456	298
12457	348
12458	298
12459	364
12460	316
12461	269
12462	329
12463	342
12464	305
12465	281
12466	294
12467	342
12468	344
12469	332
12470	341
12471	302
12472	312
12473	320
12474	310
12475	298
12476	364
12477	333
12478	301
12479	399
12480	342
12481	357
12482	324
12483	344
12484	387
12485	341
12486	345
12487	358
12488	350
12489	312
12490	365
12491	331
12492	357
12493	336
12494	359
12495	292
12496	406
12497	350
12498	342
12499	403
12500	333
12501	459
12502	343
12503	383
12504	387
12505	377
12506	357
12507	415
12508	414
12509	368
12510	285
12511	349
12512	354
12513	428
12514	343
12515	304
12516	367
12517	263
12518	340
12519	335
12520	335
12521	358
12522	364
12523	470
12524	377
12525	429
12526	401
12527	288
12528	301
12529	423
12530	275
12531	384
12532	349
12533	287
12534	275
12535	367
12536	290
12537	319
12538	313
12539	348
12540	293
12541	342
12542	332
12543	324
12544	368
12545	359
12546	310
12547	357
12548	285
12549	339
12550	264
12551	364
12552	324
12553	367
12554	421
12555	319
12556	320
12557	423
12558	375
12559	371
12560	365
12561	416
12562	339
12563	349
12564	364
12565	365
12566	340
12567	367
12568	309
12569	444
12570	350
12571	340
12572	311
12573	361
12574	356
12575	314
12576	375
12577	424
12578	355
12579	408
12580	419
12581	405
12582	411
12583	373
12584	394
12585	388
12586	321
12587	319
12588	324
12589	359
12590	351
12591	439
12592	395
12593	363
12594	282
12595	312
12596	409
12597	376
12598	415
12599	415
12600	330
12601	349
12602	395
12603	386
12604	522
12605	491
12606	405
12607	397
12608	318
12609	345
12610	414
12611	382
12612	325
12613	385
12614	368
12615	377
12616	313
12617	383
12618	382
12619	368
12620	394
12621	307
12622	300
12623	399
12624	373
12625	299
12626	330
12627	424
12628	343
12629	320
12630	287
12631	376
12632	343
12633	349
12634	314
12635	363
12636	359
12637	335
12638	342
12639	265
12640	384
12641	313
12642	388
12643	306
12644	324
12645	284
12646	319
12647	307
12648	320
12649	370
12650	347
12651	337
12652	323
12653	305
12654	281
12655	369
12656	383
12657	313
12658	354
12659	359
12660	355
12661	363
12662	332
12663	369
12664	302
12665	297
12666	348
12667	369
12668	326
12669	369
12670	320
12671	372
12672	318
12673	417
12674	306
12675	211
12676	305
12677	374
12678	344
12679	336
12680	339
12681	356
12682	380
12683	392
12684	306
12685	358
12686	361
12687	329
12688	341
12689	326
12690	382
12691	329
12692	417
12693	344
12694	354
12695	338
12696	352
12697	388
12698	341
12699	329
12700	346
12701	411
12702	314
12703	372
12704	380
12705	406
12706	357
12707	443
12708	348
12709	355
12710	332
12711	333
12712	358
12713	376
12714	384
12715	358
12716	334
12717	408
12718	421
12719	457
12720	470
12721	421
12722	346
12723	383
12724	336
12725	345
12726	409
12727	374
12728	449
12729	423
12730	451
12731	398
12732	428
12733	463
12734	382
12735	337
12736	322
12737	439
12738	461
12739	476
12740	440
12741	448
12742	468
12743	414
12744	421
12745	427
12746	408
12747	339
12748	426
12749	418
12750	419
12751	491
12752	413
12753	345
12754	348
12755	368
12756	340
12757	427
12758	349
12759	417
12760	358
12761	340
12762	330
12763	380
12764	421
12765	408
12766	409
12767	474
12768	452
12769	448
12770	379
12771	402
12772	362
12773	416
12774	415
12775	437
12776	479
12777	453
12778	479
12779	366
12780	400
12781	445
12782	423
12783	384
12784	460
12785	392
12786	342
12787	333
12788	341
12789	390
12790	381
12791	306
12792	424
12793	337
12794	414
12795	400
12796	406
12797	414
12798	394
12799	406
12800	340
12801	373
12802	338
12803	352
12804	325
12805	408
12806	389
12807	391
12808	397
12809	338
12810	354
12811	394
12812	415
12813	373
12814	377
12815	463
12816	384
12817	374
12818	386
12819	315
12820	389
12821	420
12822	381
12823	364
12824	365
12825	388
12826	420
12827	406
12828	402
12829	409
12830	398
12831	385
12832	386
12833	374
12834	446
12835	461
12836	361
12837	401
12838	313
12839	423
12840	401
12841	352
12842	415
12843	351
12844	352
12845	324
12846	370
12847	327
12848	410
12849	336
12850	408
12851	371
12852	436
12853	331
12854	449
12855	441
12856	361
12857	337
12858	398
12859	348
12860	404
12861	390
12862	403
12863	411
12864	435
12865	392
12866	408
12867	369
12868	364
12869	367
12870	424
12871	382
12872	341
12873	465
12874	418
12875	379
12876	479
12877	387
12878	394
12879	361
12880	407
12881	372
12882	506
12883	381
12884	387
12885	464
12886	404
12887	428
12888	492
12889	418
12890	362
12891	441
12892	373
12893	416
12894	393
12895	454
12896	366
12897	420
12898	408
12899	480
12900	445
12901	388
12902	371
12903	358
12904	355
12905	314
12906	349
12907	389
12908	310
12909	288
12910	418
12911	387
12912	405
12913	359
12914	398
12915	393
12916	364
12917	390
12918	442
12919	378
12920	370
12921	445
12922	384
12923	383
12924	438
12925	403
12926	313
12927	396
12928	343
12929	406
12930	409
12931	347
12932	394
12933	380
12934	434
12935	320
12936	394
12937	354
12938	334
12939	387
12940	449
12941	394
12942	367
12943	361
12944	328
12945	317
12946	335
12947	319
12948	380
12949	334
12950	379
12951	313
12952	409
12953	334
12954	377
12955	364
12956	384
12957	364
12958	311
12959	463
12960	392
12961	383
12962	302
12963	400
12964	404
12965	381
12966	495
12967	400
12968	371
12969	364
12970	324
12971	412
12972	379
12973	364
12974	286
12975	417
12976	441
12977	369
12978	325
12979	315
12980	340
12981	371
12982	306
12983	316
12984	333
12985	429
12986	414
12987	394
12988	379
12989	399
12990	353
12991	453
12992	352
12993	407
12994	361
12995	438
12996	355
12997	336
12998	379
12999	384
13000	360
13001	343
13002	343
13003	361
13004	332
13005	355
13006	317
13007	356
13008	327
13009	277
13010	332
13011	315
13012	352
13013	319
13014	386
13015	373
13016	327
13017	338
13018	379
13019	320
13020	345
13021	371
13022	303
13023	313
13024	371
13025	324
13026	320
13027	291
13028	257
13029	365
13030	335
13031	308
13032	282
13033	322
13034	318
13035	350
13036	374
13037	371
13038	280
13039	328
13040	324
13041	296
13042	328
13043	331
13044	272
13045	334
13046	352
13047	350
13048	322
13049	251
13050	373
13051	336
13052	275
13053	297
13054	330
13055	252
13056	365
13057	299
13058	324
13059	327
13060	320
13061	291
13062	272
13063	312
13064	360
13065	335
13066	357
13067	333
13068	339
13069	315
13070	321
13071	317
13072	335
13073	283
13074	364
13075	353
13076	384
13077	330
13078	385
13079	285
13080	296
13081	340
13082	363
13083	378
13084	289
13085	271
13086	304
13087	319
13088	330
13089	292
13090	308
13091	307
13092	283
13093	264
13094	351
13095	314
13096	328
13097	325
13098	291
13099	268
13100	270
13101	349
13102	326
13103	303
13104	341
13105	306
13106	331
13107	359
13108	355
13109	360
13110	353
13111	303
13112	291
13113	354
13114	313
13115	356
13116	397
13117	304
13118	321
13119	302
13120	303
13121	318
13122	302
13123	340
13124	295
13125	257
13126	329
13127	333
13128	326
13129	377
13130	321
13131	337
13132	269
13133	348
13134	383
13135	435
13136	364
13137	345
13138	344
13139	399
13140	371
13141	277
13142	325
13143	385
13144	376
13145	342
13146	314
13147	342
13148	421
13149	284
13150	381
13151	367
13152	309
13153	357
13154	378
13155	382
13156	347
13157	281
13158	359
13159	435
13160	355
13161	351
13162	398
13163	323
13164	290
13165	320
13166	340
13167	415
13168	331
13169	319
13170	323
13171	310
13172	350
13173	330
13174	320
13175	313
13176	362
13177	377
13178	348
13179	362
13180	397
13181	388
13182	369
13183	415
13184	445
13185	334
13186	378
13187	386
13188	294
13189	338
13190	272
13191	427
13192	297
13193	368
13194	291
13195	379
13196	382
13197	367
13198	391
13199	365
13200	403
13201	367
13202	382
13203	399
13204	368
13205	376
13206	362
13207	413
13208	465
13209	420
13210	324
13211	396
13212	363
13213	353
13214	359
13215	334
13216	340
13217	382
13218	325
13219	367
13220	366
13221	393
13222	438
13223	381
13224	326
13225	360
13226	338
13227	430
13228	393
13229	342
13230	420
13231	385
13232	341
13233	400
13234	343
13235	369
13236	464
13237	349
13238	469
13239	397
13240	411
13241	424
13242	463
13243	436
13244	393
13245	429
13246	412
13247	308
13248	364
13249	382
13250	409
13251	419
13252	353
13253	472
13254	392
13255	366
13256	415
13257	414
13258	357
13259	412
13260	374
13261	331
13262	374
13263	352
13264	306
13265	398
13266	373
13267	403
13268	476
13269	412
13270	357
13271	398
13272	370
13273	322
13274	376
13275	369
13276	363
13277	348
13278	431
13279	375
13280	403
13281	341
13282	432
13283	353
13284	434
13285	434
13286	377
13287	378
13288	349
13289	370
13290	370
13291	386
13292	449
13293	376
13294	372
13295	429
13296	415
13297	425
13298	328
13299	366
13300	349
13301	408
13302	354
13303	369
13304	406
13305	328
13306	412
13307	363
13308	439
13309	415
13310	416
13311	416
13312	327
13313	331
13314	400
13315	393
13316	386
13317	407
13318	340
13319	308
13320	278
13321	340
13322	366
13323	399
13324	345
13325	324
13326	310
13327	402
13328	348
13329	417
13330	331
13331	321
13332	381
13333	334
13334	305
13335	407
13336	331
13337	348
13338	303
13339	379
13340	367
13341	359
13342	304
13343	337
13344	315
13345	315
13346	315
13347	409
13348	266
13349	342
13350	324
13351	347
13352	389
13353	323
13354	339
13355	363
13356	284
13357	365
13358	326
13359	308
13360	282
13361	287
13362	271
13363	348
13364	323
13365	329
13366	290
13367	310
13368	351
13369	286
13370	299
13371	217
13372	351
13373	258
13374	309
13375	319
13376	354
13377	332
13378	352
13379	323
13380	306
13381	363
13382	354
13383	354
13384	334
13385	342
13386	335
13387	351
13388	344
13389	347
13390	352
13391	327
13392	297
13393	262
13394	302
13395	310
13396	338
13397	297
13398	275
13399	300
13400	250
13401	320
13402	324
13403	330
13404	371
13405	359
13406	263
13407	273
13408	291
13409	287
13410	344
13411	326
13412	293
13413	278
13414	309
13415	318
13416	314
13417	233
13418	322
13419	312
13420	308
13421	325
13422	328
13423	294
13424	240
13425	271
13426	313
13427	266
13428	250
13429	280
13430	310
13431	276
13432	273
13433	284
13434	366
13435	357
13436	290
13437	268
13438	237
13439	331
13440	295
13441	294
13442	348
13443	327
13444	390
13445	301
13446	293
13447	316
13448	271
13449	322
13450	316
13451	355
13452	293
13453	295
13454	263
13455	303
13456	264
13457	370
13458	352
13459	267
13460	319
13461	311
13462	305
13463	380
13464	353
13465	260
13466	312
13467	308
13468	288
13469	296
13470	279
13471	258
13472	271
13473	328
13474	282
13475	250
13476	349
13477	299
13478	316
13479	292
13480	281
13481	264
13482	255
13483	315
13484	273
13485	245
13486	272
13487	277
13488	267
13489	262
13490	277
13491	248
13492	334
13493	318
13494	360
13495	353
13496	287
13497	324
13498	300
13499	357
13500	329
13501	314
13502	354
13503	238
13504	318
13505	317
13506	217
13507	332
13508	272
13509	326
13510	241
13511	290
13512	215
13513	214
13514	338
13515	235
13516	322
13517	259
13518	231
13519	336
13520	279
13521	298
13522	322
13523	282
13524	240
13525	326
13526	272
13527	228
13528	258
13529	233
13530	311
13531	268
13532	317
13533	262
13534	313
13535	278
13536	290
13537	297
13538	279
13539	241
13540	260
13541	304
13542	349
13543	287
13544	267
13545	229
13546	274
13547	243
13548	290
13549	218
13550	278
13551	279
13552	304
13553	256
13554	280
13555	241
13556	313
13557	310
13558	281
13559	242
13560	279
13561	288
13562	246
13563	284
13564	297
13565	285
13566	300
13567	272
13568	295
13569	260
13570	294
13571	281
13572	339
13573	292
13574	251
13575	329
13576	295
13577	309
13578	307
13579	236
13580	294
13581	275
13582	295
13583	282
13584	294
13585	245
13586	318
13587	217
13588	259
13589	348
13590	211
13591	281
13592	258
13593	285
13594	244
13595	268
13596	282
13597	281
13598	277
13599	269
13600	314
13601	343
13602	284
13603	258
13604	300
13605	270
13606	284
13607	265
13608	294
13609	285
13610	316
13611	293
13612	295
13613	272
13614	289
13615	253
13616	271
13617	298
13618	323
13619	261
13620	270
13621	278
13622	270
13623	267
13624	345
13625	340
13626	287
13627	299
13628	278
13629	297
13630	303
13631	301
13632	280
13633	365
13634	308
13635	288
13636	302
13637	262
13638	351
13639	334
13640	294
13641	282
13642	305
13643	263
13644	261

