## htsjdk.samtools.metrics.StringHeader
# CollectInsertSizeMetrics HISTOGRAM_FILE=/work/ugbogu/pipeline/data/nbl/GSE189367/results/picard/SRR17011020_insert_size_histogram.pdf MINIMUM_PCT=0.5 INPUT=/work/ugbogu/pipeline/data/nbl/GSE189367/results/star/SRR17011020.Aligned.sortedByCoord.out.bam OUTPUT=/work/ugbogu/pipeline/data/nbl/GSE189367/results/picard/SRR17011020_insert_size_metrics.txt    DEVIATIONS=10.0 METRIC_ACCUMULATION_LEVEL=[ALL_READS] INCLUDE_DUPLICATES=false ASSUME_SORTED=true STOP_AFTER=0 VERBOSITY=INFO QUIET=false VALIDATION_STRINGENCY=STRICT COMPRESSION_LEVEL=5 MAX_RECORDS_IN_RAM=500000 CREATE_INDEX=false CREATE_MD5_FILE=false USE_JDK_DEFLATER=false USE_JDK_INFLATER=false
## htsjdk.samtools.metrics.StringHeader
# Started on: Wed Apr 15 00:27:19 UTC 2026

## METRICS CLASS	picard.analysis.InsertSizeMetrics
MEDIAN_INSERT_SIZE	MODE_INSERT_SIZE	MEDIAN_ABSOLUTE_DEVIATION	MIN_INSERT_SIZE	MAX_INSERT_SIZE	MEAN_INSERT_SIZE	STANDARD_DEVIATION	READ_PAIRS	PAIR_ORIENTATION	WIDTH_OF_10_PERCENT	WIDTH_OF_20_PERCENT	WIDTH_OF_30_PERCENT	WIDTH_OF_40_PERCENT	WIDTH_OF_50_PERCENT	WIDTH_OF_60_PERCENT	WIDTH_OF_70_PERCENT	WIDTH_OF_80_PERCENT	WIDTH_OF_90_PERCENT	WIDTH_OF_95_PERCENT	WIDTH_OF_99_PERCENT	SAMPLE	LIBRARY	READ_GROUP
1119	77800	973	24	3678281	1692.169559	2264.088565	38963850	FR	757	1393	1701	1855	1947	2043	5059	13311	153181	153363	267427			

## HISTOGRAM	java.lang.Integer
insert_size	All_Reads.fr_count
24	5
25	4
26	8
27	10
28	8
29	4
30	16
31	10
32	12
33	20
34	34
35	513
36	568
37	592
38	543
39	605
40	641
41	713
42	654
43	715
44	629
45	659
46	840
47	774
48	868
49	974
50	940
51	963
52	1010
53	984
54	959
55	1076
56	1268
57	1310
58	1391
59	1445
60	1544
61	1642
62	1681
63	1952
64	2032
65	2315
66	2402
67	2691
68	3353
69	3293
70	3498
71	3718
72	3784
73	4546
74	4905
75	7977
76	5937
77	5828
78	6935
79	6983
80	7236
81	8434
82	8559
83	9117
84	10301
85	11043
86	11978
87	12895
88	14211
89	15384
90	16394
91	18408
92	20116
93	21422
94	23222
95	24867
96	26939
97	29381
98	30717
99	33508
100	35065
101	37789
102	39379
103	42707
104	48148
105	53233
106	53589
107	53909
108	55043
109	57816
110	59325
111	60840
112	63366
113	67092
114	68779
115	71590
116	72513
117	75164
118	78167
119	77604
120	82400
121	88050
122	87758
123	93232
124	95153
125	91464
126	89906
127	91632
128	90384
129	91418
130	92692
131	93540
132	93159
133	95657
134	94533
135	94611
136	101152
137	98336
138	97555
139	97231
140	98461
141	97875
142	96485
143	95254
144	95070
145	95007
146	93913
147	98847
148	93628
149	95753
150	90326
151	97614
152	94131
153	95857
154	92834
155	92015
156	92020
157	91177
158	88955
159	86317
160	85201
161	85320
162	85382
163	86703
164	83320
165	80734
166	80757
167	82352
168	83107
169	85244
170	93708
171	79895
172	79192
173	78295
174	75638
175	76461
176	73835
177	73481
178	75295
179	76534
180	74383
181	72870
182	71411
183	68336
184	67042
185	65590
186	65450
187	67777
188	68188
189	64483
190	64877
191	66063
192	65621
193	64562
194	61669
195	60875
196	59196
197	59933
198	58645
199	58007
200	58846
201	59128
202	59285
203	58262
204	55468
205	56293
206	54332
207	53117
208	54439
209	53421
210	53752
211	52634
212	55253
213	51271
214	51287
215	50769
216	49591
217	49419
218	47963
219	48521
220	48829
221	48787
222	48063
223	48178
224	47871
225	46821
226	48891
227	50317
228	47325
229	49270
230	57548
231	46294
232	46571
233	49541
234	46411
235	44960
236	47705
237	43663
238	43328
239	42397
240	41510
241	42243
242	40651
243	40513
244	39597
245	39212
246	38993
247	38732
248	39419
249	38761
250	37999
251	39038
252	38839
253	38332
254	37856
255	37155
256	37048
257	36487
258	35926
259	36390
260	36008
261	36322
262	36798
263	36460
264	35112
265	35112
266	34592
267	34112
268	34339
269	34374
270	34515
271	33057
272	33688
273	33492
274	33958
275	33711
276	33643
277	32564
278	32727
279	32727
280	32116
281	32537
282	31909
283	31800
284	31947
285	31479
286	31798
287	31320
288	30569
289	30676
290	29410
291	29713
292	29710
293	30245
294	29778
295	29510
296	28755
297	29416
298	29194
299	28869
300	28627
301	28749
302	29145
303	28722
304	28391
305	28100
306	27545
307	27951
308	28111
309	26649
310	26989
311	26127
312	26005
313	26374
314	26200
315	25760
316	25377
317	25713
318	25700
319	24477
320	24460
321	24530
322	24239
323	24234
324	24797
325	24405
326	23407
327	22846
328	23140
329	23484
330	22399
331	23236
332	22419
333	22106
334	22275
335	22506
336	22875
337	22302
338	21806
339	21713
340	20990
341	21452
342	20886
343	20720
344	20569
345	20945
346	21377
347	20988
348	20749
349	20283
350	20049
351	19913
352	20110
353	19872
354	19065
355	18935
356	19717
357	20237
358	20374
359	19760
360	19405
361	18941
362	18683
363	18577
364	18450
365	17890
366	18585
367	18696
368	18650
369	18045
370	17603
371	17518
372	17199
373	17647
374	16810
375	16986
376	16740
377	16806
378	16477
379	16343
380	16565
381	16699
382	15892
383	16331
384	16423
385	16179
386	16561
387	16132
388	15301
389	15461
390	15625
391	15735
392	15359
393	15715
394	15489
395	15066
396	15404
397	15716
398	14916
399	15001
400	15035
401	15121
402	14430
403	14527
404	14675
405	13876
406	14129
407	13904
408	14023
409	13641
410	13571
411	13347
412	13240
413	12860
414	12885
415	12979
416	12667
417	12616
418	13029
419	12421
420	12618
421	12060
422	12376
423	12186
424	12409
425	12005
426	12318
427	11993
428	12065
429	12123
430	12101
431	11530
432	11387
433	11879
434	11921
435	11259
436	11246
437	11266
438	11052
439	11312
440	11790
441	11606
442	11514
443	11225
444	11624
445	10807
446	10831
447	10745
448	10861
449	11122
450	10799
451	10792
452	11306
453	11231
454	12456
455	11559
456	10733
457	10122
458	10060
459	10335
460	9807
461	10010
462	9736
463	9467
464	9736
465	9318
466	9677
467	9714
468	9700
469	9596
470	9677
471	9355
472	9656
473	9522
474	9268
475	9038
476	9344
477	9226
478	9201
479	9245
480	8971
481	8994
482	9295
483	8938
484	8918
485	9523
486	8832
487	9024
488	8776
489	8906
490	8775
491	8805
492	9015
493	8621
494	8704
495	8565
496	8605
497	8680
498	8717
499	8876
500	8761
501	8639
502	8569
503	8658
504	8583
505	8648
506	8962
507	8740
508	8569
509	8611
510	8816
511	8512
512	8000
513	8448
514	7928
515	7873
516	7932
517	8066
518	8026
519	8093
520	8135
521	8112
522	8119
523	7835
524	8057
525	8053
526	7858
527	8069
528	7659
529	7593
530	7654
531	7711
532	7695
533	8006
534	7941
535	7991
536	8345
537	8265
538	7887
539	7994
540	8288
541	8239
542	7762
543	8030
544	7911
545	7928
546	8025
547	8038
548	7860
549	7691
550	7993
551	8001
552	7764
553	7672
554	7842
555	7947
556	7876
557	7903
558	7889
559	7576
560	7566
561	7448
562	7718
563	7644
564	7595
565	7536
566	7847
567	7596
568	7883
569	7411
570	7715
571	7756
572	7654
573	7713
574	7641
575	7751
576	7531
577	7863
578	7565
579	7452
580	7311
581	7553
582	7502
583	7253
584	7316
585	7577
586	7550
587	7626
588	7538
589	7259
590	7247
591	7183
592	7326
593	7199
594	7117
595	7259
596	7051
597	7581
598	7221
599	7334
600	7181
601	7165
602	6938
603	6982
604	7209
605	7260
606	7125
607	7146
608	7094
609	6989
610	6802
611	6800
612	6825
613	7009
614	7272
615	7222
616	7258
617	6668
618	6933
619	6905
620	6870
621	6491
622	6905
623	6859
624	7298
625	7608
626	7375
627	7350
628	7158
629	6749
630	6697
631	6744
632	6860
633	6988
634	7429
635	7641
636	7515
637	7394
638	7220
639	6839
640	6958
641	6944
642	6402
643	6986
644	6747
645	6799
646	6878
647	7079
648	6771
649	7306
650	6791
651	6745
652	6827
653	6765
654	7110
655	6978
656	7100
657	7031
658	7104
659	7526
660	6924
661	6781
662	6790
663	6708
664	6942
665	6824
666	6871
667	6723
668	6995
669	7081
670	7230
671	6725
672	6751
673	6543
674	6803
675	6448
676	6614
677	6487
678	6853
679	6850
680	6890
681	6673
682	6772
683	6754
684	6672
685	6559
686	6416
687	6562
688	6512
689	6917
690	6911
691	7308
692	7397
693	7505
694	7063
695	6980
696	6982
697	6735
698	7093
699	6897
700	6913
701	7131
702	6803
703	7216
704	6852
705	7010
706	6579
707	6670
708	7175
709	6983
710	6807
711	7063
712	6926
713	6988
714	6874
715	7029
716	7094
717	7143
718	6995
719	6883
720	6610
721	6685
722	6543
723	6654
724	6577
725	6707
726	6682
727	6457
728	6436
729	6503
730	6735
731	6915
732	6794
733	6876
734	7171
735	6957
736	7008
737	6445
738	6491
739	6402
740	6528
741	6397
742	6581
743	6360
744	6158
745	6437
746	6067
747	6231
748	6177
749	6465
750	6209
751	6448
752	6321
753	6367
754	6117
755	6018
756	6456
757	6723
758	6569
759	6694
760	6321
761	6328
762	6443
763	6171
764	6479
765	6323
766	6657
767	6254
768	6465
769	6203
770	6274
771	6225
772	6394
773	6937
774	6349
775	6685
776	5992
777	6164
778	6479
779	6322
780	6702
781	6303
782	6226
783	5600
784	6385
785	6435
786	6356
787	6606
788	6538
789	6015
790	6252
791	6546
792	6718
793	6797
794	7458
795	7139
796	6881
797	6683
798	6301
799	6388
800	6037
801	6600
802	7369
803	7241
804	7131
805	6846
806	6903
807	6315
808	6706
809	5998
810	5855
811	5854
812	5745
813	5701
814	5878
815	5872
816	5875
817	5898
818	5674
819	5755
820	5688
821	5928
822	5836
823	6090
824	6027
825	6117
826	6077
827	6505
828	6329
829	6241
830	7255
831	6101
832	6370
833	6327
834	6256
835	6898
836	7375
837	8553
838	6823
839	7072
840	5863
841	6459
842	6302
843	6383
844	6968
845	6395
846	6582
847	6069
848	6085
849	5709
850	5855
851	5789
852	5764
853	5776
854	5753
855	5961
856	5708
857	5904
858	5722
859	5795
860	6045
861	5684
862	5866
863	5787
864	6033
865	5926
866	6193
867	6114
868	5903
869	6100
870	5987
871	6232
872	6117
873	6657
874	6363
875	5927
876	6540
877	6197
878	5716
879	6235
880	6073
881	6039
882	6949
883	5750
884	5729
885	5797
886	5629
887	5885
888	5711
889	5690
890	5992
891	5709
892	5893
893	6170
894	5735
895	5657
896	5378
897	5663
898	5606
899	5755
900	5916
901	5552
902	5903
903	6108
904	5790
905	5704
906	5781
907	5718
908	5850
909	5731
910	5662
911	6122
912	5990
913	6037
914	6384
915	5934
916	6225
917	6191
918	5910
919	6164
920	5955
921	6157
922	6193
923	6318
924	6306
925	5881
926	5662
927	5655
928	5631
929	5920
930	5818
931	5672
932	5898
933	5724
934	5831
935	5848
936	5841
937	6055
938	6125
939	6135
940	6232
941	6202
942	6225
943	5828
944	6026
945	5582
946	5586
947	5578
948	5915
949	5549
950	5752
951	5694
952	5792
953	5785
954	5753
955	5714
956	5978
957	5619
958	5605
959	5758
960	5754
961	5755
962	5806
963	5544
964	5344
965	5285
966	5521
967	5422
968	5482
969	5464
970	5374
971	5694
972	5568
973	5577
974	5489
975	5383
976	5603
977	5473
978	5551
979	5438
980	5539
981	5236
982	5020
983	5250
984	5124
985	5263
986	5247
987	5141
988	5548
989	5196
990	5215
991	5330
992	5496
993	5379
994	5185
995	5284
996	5391
997	5197
998	5311
999	5002
1000	5189
1001	5046
1002	5105
1003	5031
1004	5103
1005	5406
1006	5197
1007	5273
1008	5472
1009	5424
1010	5196
1011	5236
1012	5206
1013	4971
1014	5119
1015	5084
1016	4932
1017	5025
1018	4998
1019	5079
1020	4934
1021	5057
1022	5342
1023	4808
1024	5078
1025	4988
1026	4991
1027	5079
1028	5031
1029	5254
1030	4914
1031	4808
1032	4804
1033	5071
1034	4972
1035	5289
1036	5317
1037	5018
1038	4901
1039	4931
1040	5000
1041	5111
1042	4960
1043	5044
1044	5035
1045	5352
1046	5100
1047	5191
1048	5239
1049	5270
1050	5371
1051	5408
1052	5659
1053	5485
1054	5161
1055	5083
1056	5048
1057	5274
1058	4717
1059	4533
1060	4687
1061	4653
1062	4683
1063	4729
1064	4529
1065	4775
1066	4745
1067	4818
1068	4582
1069	4387
1070	4750
1071	4705
1072	4604
1073	4482
1074	4408
1075	4532
1076	4394
1077	4373
1078	5125
1079	4741
1080	4839
1081	4746
1082	4874
1083	5070
1084	4537
1085	4524
1086	4618
1087	4714
1088	4461
1089	4639
1090	4558
1091	4668
1092	4505
1093	4689
1094	5013
1095	4682
1096	4692
1097	4636
1098	4717
1099	4748
1100	4644
1101	4527
1102	4693
1103	4709
1104	5349
1105	4736
1106	4871
1107	4972
1108	4875
1109	5286
1110	5005
1111	5138
1112	4757
1113	4783
1114	4565
1115	4818
1116	4725
1117	4851
1118	5002
1119	4739
1120	4752
1121	4667
1122	4987
1123	4665
1124	5022
1125	4681
1126	4833
1127	4972
1128	4729
1129	4605
1130	4462
1131	4410
1132	4606
1133	4389
1134	4435
1135	4590
1136	4745
1137	4290
1138	4238
1139	4483
1140	4289
1141	4673
1142	4380
1143	4611
1144	4459
1145	4593
1146	4558
1147	4386
1148	4770
1149	4572
1150	4746
1151	4725
1152	4682
1153	4760
1154	4510
1155	4695
1156	4847
1157	4888
1158	4955
1159	4672
1160	4830
1161	4604
1162	4995
1163	5002
1164	4927
1165	4951
1166	5097
1167	5334
1168	4967
1169	4873
1170	4645
1171	5161
1172	5006
1173	4954
1174	4962
1175	5021
1176	4536
1177	4511
1178	4343
1179	4562
1180	4612
1181	4406
1182	4333
1183	4430
1184	4517
1185	4609
1186	4971
1187	4674
1188	4599
1189	4507
1190	4780
1191	4478
1192	5165
1193	4756
1194	4563
1195	4441
1196	4675
1197	4170
1198	4431
1199	4644
1200	4446
1201	4657
1202	4397
1203	4725
1204	4516
1205	4698
1206	4416
1207	4556
1208	4520
1209	4539
1210	4462
1211	4577
1212	4484
1213	4248
1214	4456
1215	4568
1216	4376
1217	4461
1218	4349
1219	4328
1220	4724
1221	4491
1222	4418
1223	4266
1224	4458
1225	4628
1226	4609
1227	4549
1228	4614
1229	4733
1230	4705
1231	4764
1232	4238
1233	4440
1234	4700
1235	4661
1236	4423
1237	4787
1238	4594
1239	4461
1240	4389
1241	4362
1242	4545
1243	4485
1244	4411
1245	4427
1246	4435
1247	4682
1248	4691
1249	4851
1250	4679
1251	4866
1252	5004
1253	5257
1254	5593
1255	6248
1256	5144
1257	6318
1258	5969
1259	6018
1260	5744
1261	5229
1262	4843
1263	5765
1264	6822
1265	6994
1266	6393
1267	6798
1268	5636
1269	6181
1270	5368
1271	5198
1272	5259
1273	5208
1274	4550
1275	4669
1276	4565
1277	4815
1278	4407
1279	4465
1280	4638
1281	4513
1282	4553
1283	4534
1284	4460
1285	4567
1286	4588
1287	4552
1288	4666
1289	4829
1290	4717
1291	4440
1292	4447
1293	4521
1294	4504
1295	4338
1296	4351
1297	4511
1298	4737
1299	5006
1300	4405
1301	5000
1302	4696
1303	4726
1304	4733
1305	4746
1306	4993
1307	4863
1308	4842
1309	4925
1310	5170
1311	5143
1312	4947
1313	4891
1314	5036
1315	5632
1316	5295
1317	5305
1318	4837
1319	4911
1320	4731
1321	4518
1322	4693
1323	4917
1324	5127
1325	5210
1326	5847
1327	5255
1328	4717
1329	4972
1330	4591
1331	5014
1332	5051
1333	4474
1334	4720
1335	4992
1336	4626
1337	4896
1338	4801
1339	4672
1340	4869
1341	4677
1342	4981
1343	5019
1344	4450
1345	4546
1346	4652
1347	4461
1348	4601
1349	4707
1350	4766
1351	5035
1352	4801
1353	4996
1354	4744
1355	4595
1356	4776
1357	4811
1358	4583
1359	4728
1360	4655
1361	4525
1362	4413
1363	4980
1364	4871
1365	4545
1366	4479
1367	4470
1368	4710
1369	5361
1370	4744
1371	4692
1372	4916
1373	4757
1374	4344
1375	4577
1376	4838
1377	4722
1378	4557
1379	4579
1380	4464
1381	4268
1382	4233
1383	4355
1384	4298
1385	4391
1386	4234
1387	4297
1388	4348
1389	4008
1390	4002
1391	4137
1392	3857
1393	3998
1394	4066
1395	4344
1396	4185
1397	4121
1398	4111
1399	4120
1400	4164
1401	3866
1402	3934
1403	3811
1404	3920
1405	4093
1406	4062
1407	4192
1408	4088
1409	4068
1410	3834
1411	3784
1412	4037
1413	3848
1414	3722
1415	3865
1416	3744
1417	3961
1418	3895
1419	4028
1420	3991
1421	4018
1422	3907
1423	4077
1424	4063
1425	3995
1426	4219
1427	4024
1428	4239
1429	4221
1430	4270
1431	4172
1432	4047
1433	4080
1434	4042
1435	4062
1436	4236
1437	4176
1438	4044
1439	3990
1440	3865
1441	4000
1442	4101
1443	4119
1444	3905
1445	3872
1446	3832
1447	3929
1448	3894
1449	3903
1450	3801
1451	3958
1452	3910
1453	3988
1454	3902
1455	3978
1456	4074
1457	4082
1458	4353
1459	4178
1460	4344
1461	4259
1462	4316
1463	4216
1464	4237
1465	4110
1466	4182
1467	4062
1468	4175
1469	4130
1470	4307
1471	4171
1472	4595
1473	4652
1474	4443
1475	4305
1476	3946
1477	4135
1478	4111
1479	4085
1480	4019
1481	4375
1482	4586
1483	5357
1484	5342
1485	5547
1486	5046
1487	4920
1488	4724
1489	5092
1490	4969
1491	5592
1492	6459
1493	6900
1494	6101
1495	4936
1496	5175
1497	4890
1498	5794
1499	6643
1500	5962
1501	5316
1502	4491
1503	4405
1504	4699
1505	4514
1506	5041
1507	5640
1508	4359
1509	4381
1510	4804
1511	4214
1512	4051
1513	4238
1514	4129
1515	4182
1516	4266
1517	4254
1518	3964
1519	4070
1520	4307
1521	4506
1522	4398
1523	4617
1524	4521
1525	4598
1526	4593
1527	4608
1528	4342
1529	4089
1530	4279
1531	4451
1532	4312
1533	4674
1534	4546
1535	4928
1536	4710
1537	5375
1538	4717
1539	4934
1540	4539
1541	4644
1542	4799
1543	4260
1544	4645
1545	4338
1546	4355
1547	4914
1548	4405
1549	4767
1550	4548
1551	4707
1552	4595
1553	4595
1554	4636
1555	4879
1556	4995
1557	4868
1558	4998
1559	4783
1560	4665
1561	4583
1562	4448
1563	4717
1564	4471
1565	4708
1566	4629
1567	5157
1568	4806
1569	4823
1570	4646
1571	4478
1572	4424
1573	5103
1574	4689
1575	4823
1576	4229
1577	4013
1578	4222
1579	4204
1580	4390
1581	4223
1582	4495
1583	4314
1584	4520
1585	4997
1586	4940
1587	4976
1588	4275
1589	4822
1590	4235
1591	4470
1592	4433
1593	4765
1594	4305
1595	4214
1596	4078
1597	4158
1598	4427
1599	4663
1600	4432
1601	4989
1602	4508
1603	5149
1604	4549
1605	5079
1606	4401
1607	5052
1608	4390
1609	4491
1610	4101
1611	4035
1612	4155
1613	4098
1614	4652
1615	4425
1616	4180
1617	4210
1618	4142
1619	4447
1620	4066
1621	4137
1622	4315
1623	4337
1624	4210
1625	4332
1626	4291
1627	4342
1628	4235
1629	4405
1630	4530
1631	4138
1632	4245
1633	4381
1634	4415
1635	4541
1636	4589
1637	4334
1638	4216
1639	4747
1640	4645
1641	4503
1642	4982
1643	5019
1644	4655
1645	4314
1646	4134
1647	3903
1648	4030
1649	3953
1650	3890
1651	4105
1652	3989
1653	3969
1654	3947
1655	4048
1656	3801
1657	3766
1658	3955
1659	3845
1660	4161
1661	3979
1662	4038
1663	4063
1664	3956
1665	4206
1666	3841
1667	4106
1668	4280
1669	3829
1670	4336
1671	4306
1672	4359
1673	4264
1674	4137
1675	3933
1676	3856
1677	4129
1678	4121
1679	4154
1680	4073
1681	4243
1682	4590
1683	4460
1684	4196
1685	4316
1686	3939
1687	4016
1688	4355
1689	3829
1690	3896
1691	4429
1692	4433
1693	4649
1694	4539
1695	4027
1696	4164
1697	4218
1698	4094
1699	4017
1700	3863
1701	4012
1702	4027
1703	4182
1704	4324
1705	4247
1706	4238
1707	4113
1708	4133
1709	4129
1710	4370
1711	4213
1712	4157
1713	4283
1714	4089
1715	4289
1716	4313
1717	4339
1718	4005
1719	3692
1720	3912
1721	3877
1722	3909
1723	4038
1724	4073
1725	4028
1726	3973
1727	4027
1728	4189
1729	4121
1730	4185
1731	4120
1732	4089
1733	4115
1734	4000
1735	4043
1736	3792
1737	3972
1738	3785
1739	3884
1740	3836
1741	3812
1742	3693
1743	3792
1744	3697
1745	3707
1746	3949
1747	4039
1748	3803
1749	3687
1750	4043
1751	3730
1752	4004
1753	3933
1754	4163
1755	4034
1756	3915
1757	4114
1758	4205
1759	4230
1760	4313
1761	3963
1762	4086
1763	3977
1764	3977
1765	4431
1766	3770
1767	4045
1768	3900
1769	4180
1770	4144
1771	4528
1772	4250
1773	4323
1774	4040
1775	3795
1776	3692
1777	3694
1778	3761
1779	3706
1780	3765
1781	3695
1782	3645
1783	3527
1784	3614
1785	3564
1786	3334
1787	3607
1788	3590
1789	3710
1790	3540
1791	3578
1792	3690
1793	3577
1794	3610
1795	3479
1796	3618
1797	3556
1798	3437
1799	3613
1800	3617
1801	3547
1802	3832
1803	3842
1804	4100
1805	3650
1806	3754
1807	3839
1808	3964
1809	3927
1810	3858
1811	3619
1812	3632
1813	3944
1814	4300
1815	4064
1816	4183
1817	4240
1818	3903
1819	4089
1820	3706
1821	3706
1822	3563
1823	3687
1824	3432
1825	3596
1826	3612
1827	3395
1828	3423
1829	3258
1830	3456
1831	3539
1832	3488
1833	3346
1834	3338
1835	3357
1836	3225
1837	3271
1838	3283
1839	3287
1840	3242
1841	3200
1842	3348
1843	3294
1844	3350
1845	3329
1846	3267
1847	3236
1848	3218
1849	3223
1850	3308
1851	3427
1852	3328
1853	3745
1854	3640
1855	3483
1856	3402
1857	3436
1858	3252
1859	3504
1860	3686
1861	3957
1862	4239
1863	4137
1864	4257
1865	4774
1866	3870
1867	4469
1868	3949
1869	4179
1870	4452
1871	4121
1872	4560
1873	4297
1874	3740
1875	3393
1876	3504
1877	3453
1878	3530
1879	3271
1880	3380
1881	3256
1882	3424
1883	3552
1884	3250
1885	3273
1886	3325
1887	3387
1888	3297
1889	3132
1890	3516
1891	3463
1892	3356
1893	3548
1894	3393
1895	3274
1896	3162
1897	3152
1898	3254
1899	3415
1900	3261
1901	3410
1902	3293
1903	3592
1904	3496
1905	3666
1906	3315
1907	3310
1908	3520
1909	3485
1910	3528
1911	3259
1912	3435
1913	3299
1914	3541
1915	3491
1916	3375
1917	3623
1918	3430
1919	3504
1920	3286
1921	3550
1922	3610
1923	3422
1924	3230
1925	3408
1926	3352
1927	3166
1928	3125
1929	3256
1930	3227
1931	3305
1932	3119
1933	3008
1934	3093
1935	3269
1936	3280
1937	3198
1938	3371
1939	3426
1940	3228
1941	3433
1942	3604
1943	3492
1944	3351
1945	3266
1946	3380
1947	3272
1948	3200
1949	3016
1950	3126
1951	3181
1952	3158
1953	3236
1954	3308
1955	3231
1956	3063
1957	3367
1958	3366
1959	3260
1960	3255
1961	3484
1962	3477
1963	3596
1964	3593
1965	3665
1966	3568
1967	3433
1968	3457
1969	3432
1970	3609
1971	3545
1972	3397
1973	3594
1974	3378
1975	3404
1976	3360
1977	3586
1978	3323
1979	3523
1980	3789
1981	3760
1982	3863
1983	3588
1984	3386
1985	3454
1986	3564
1987	3524
1988	3448
1989	3387
1990	3664
1991	3681
1992	4102
1993	3591
1994	3920
1995	3723
1996	3643
1997	3833
1998	4007
1999	4022
2000	3914
2001	3941
2002	4059
2003	4134
2004	4351
2005	3987
2006	3782
2007	3965
2008	4384
2009	4091
2010	3841
2011	3896
2012	3886
2013	4177
2014	4052
2015	4153
2016	4100
2017	3825
2018	4418
2019	4162
2020	4416
2021	4409
2022	4251
2023	4537
2024	4300
2025	4132
2026	4045
2027	4131
2028	4551
2029	4199
2030	3925
2031	3977
2032	4085
2033	4117
2034	4075
2035	4101
2036	3885
2037	3878
2038	3934
2039	4107
2040	4433
2041	3994
2042	4002
2043	4185
2044	4209
2045	3777
2046	4035
2047	3909
2048	4036
2049	4067
2050	4452
2051	4392
2052	4407
2053	4369
2054	4553
2055	4592
2056	4797
2057	4913
2058	4851
2059	4260
2060	4149
2061	3944
2062	4351
2063	4247
2064	4678
2065	4350
2066	4287
2067	4367
2068	4314
2069	4610
2070	4209
2071	4156
2072	4365
2073	4273
2074	4382
2075	4436
2076	3963
2077	3985
2078	4371
2079	4266
2080	4013
2081	4222
2082	4328
2083	3976
2084	4032
2085	4048
2086	3665
2087	3860
2088	3887
2089	3967
2090	4222
2091	4199
2092	3574
2093	3659
2094	3504
2095	3749
2096	3357
2097	3784
2098	3562
2099	3732
2100	3615
2101	3545
2102	3675
2103	3488
2104	3520
2105	3307
2106	3258
2107	3386
2108	3413
2109	3692
2110	3602
2111	3385
2112	3400
2113	3218
2114	3357
2115	3312
2116	3474
2117	3671
2118	3640
2119	4245
2120	3865
2121	3933
2122	3612
2123	3447
2124	3323
2125	3197
2126	3119
2127	3371
2128	3149
2129	3286
2130	3327
2131	3284
2132	3357
2133	3321
2134	3024
2135	3303
2136	3154
2137	3155
2138	3039
2139	3025
2140	3016
2141	3093
2142	3264
2143	3043
2144	3131
2145	2978
2146	3197
2147	3193
2148	3090
2149	2989
2150	3040
2151	3005
2152	3091
2153	3041
2154	2917
2155	3123
2156	2787
2157	2953
2158	2836
2159	2803
2160	2941
2161	3000
2162	3074
2163	2734
2164	2937
2165	2804
2166	3188
2167	3023
2168	3051
2169	3118
2170	3273
2171	3621
2172	3325
2173	3087
2174	3350
2175	2898
2176	2913
2177	3032
2178	2961
2179	3107
2180	2802
2181	2784
2182	2851
2183	2910
2184	2837
2185	2789
2186	2821
2187	2704
2188	2615
2189	2699
2190	2895
2191	2900
2192	2796
2193	2906
2194	2779
2195	2919
2196	2810
2197	2737
2198	2957
2199	2992
2200	3016
2201	2793
2202	3049
2203	3337
2204	3361
2205	3344
2206	2799
2207	2909
2208	2984
2209	3072
2210	3052
2211	2927
2212	2823
2213	2827
2214	2725
2215	2825
2216	2822
2217	3150
2218	2925
2219	3150
2220	2951
2221	2868
2222	2868
2223	2676
2224	2861
2225	2779
2226	2949
2227	2660
2228	2691
2229	2685
2230	2706
2231	2640
2232	2707
2233	2901
2234	2923
2235	2868
2236	2835
2237	2918
2238	2899
2239	2913
2240	3164
2241	3205
2242	3259
2243	3117
2244	3209
2245	3177
2246	3262
2247	3143
2248	2966
2249	3078
2250	2885
2251	2938
2252	2798
2253	3076
2254	3054
2255	2962
2256	2783
2257	2858
2258	2971
2259	3097
2260	3314
2261	3325
2262	2976
2263	2867
2264	3200
2265	2935
2266	2934
2267	2900
2268	2960
2269	2863
2270	2853
2271	2856
2272	2824
2273	2888
2274	2947
2275	3267
2276	3088
2277	3109
2278	3039
2279	2867
2280	3011
2281	2925
2282	2916
2283	2918
2284	2917
2285	2994
2286	2864
2287	2839
2288	2979
2289	2937
2290	2778
2291	2793
2292	2848
2293	2779
2294	2903
2295	2762
2296	2896
2297	3073
2298	2988
2299	2882
2300	2587
2301	2961
2302	2956
2303	2733
2304	2714
2305	2908
2306	2824
2307	2812
2308	2891
2309	2761
2310	2814
2311	2766
2312	2661
2313	2665
2314	2675
2315	2752
2316	2742
2317	2752
2318	2759
2319	2781
2320	2742
2321	2755
2322	2650
2323	2674
2324	2849
2325	2798
2326	2846
2327	2681
2328	2691
2329	2676
2330	2686
2331	2708
2332	2659
2333	2618
2334	2705
2335	2649
2336	2652
2337	2553
2338	2646
2339	2817
2340	2917
2341	2654
2342	2988
2343	2745
2344	2611
2345	2648
2346	2685
2347	2579
2348	2612
2349	2560
2350	2466
2351	2552
2352	2581
2353	2513
2354	2531
2355	2538
2356	2433
2357	2563
2358	2631
2359	2835
2360	3135
2361	2643
2362	2730
2363	2502
2364	2400
2365	2447
2366	2572
2367	2554
2368	2597
2369	2545
2370	2711
2371	2613
2372	2575
2373	2572
2374	2535
2375	2608
2376	2588
2377	2608
2378	2837
2379	2714
2380	2745
2381	2644
2382	2687
2383	2739
2384	2782
2385	2709
2386	2916
2387	2905
2388	2921
2389	3061
2390	2720
2391	2783
2392	2740
2393	2722
2394	2599
2395	2423
2396	2852
2397	2812
2398	3570
2399	5348
2400	4587
2401	5419
2402	3737
2403	4191
2404	3620
2405	4142
2406	3857
2407	3017
2408	3342
2409	2852
2410	2547
2411	2820
2412	2415
2413	2565
2414	2821
2415	2797
2416	2576
2417	2498
2418	2695
2419	2458
2420	2535
2421	2598
2422	2425
2423	2374
2424	2609
2425	2448
2426	2599
2427	2379
2428	2639
2429	2670
2430	2432
2431	2707
2432	2299
2433	2362
2434	2275
2435	2519
2436	2272
2437	2192
2438	2404
2439	2204
2440	2174
2441	2135
2442	2131
2443	2179
2444	2181
2445	2101
2446	2128
2447	2123
2448	2138
2449	2195
2450	2130
2451	2025
2452	2295
2453	2322
2454	2230
2455	2180
2456	2284
2457	2074
2458	2004
2459	2130
2460	2187
2461	2173
2462	2110
2463	1958
2464	2121
2465	2106
2466	2133
2467	2218
2468	2183
2469	2015
2470	2169
2471	2306
2472	2071
2473	2254
2474	2296
2475	2092
2476	2200
2477	2104
2478	2204
2479	2415
2480	2250
2481	2376
2482	2358
2483	2352
2484	2353
2485	2373
2486	2366
2487	2403
2488	2328
2489	2389
2490	2434
2491	2435
2492	2494
2493	2443
2494	2399
2495	2325
2496	2438
2497	2383
2498	2400
2499	2305
2500	2255
2501	2267
2502	2399
2503	2384
2504	2481
2505	2412
2506	2493
2507	2462
2508	2437
2509	2260
2510	2339
2511	2497
2512	2516
2513	2521
2514	2584
2515	2330
2516	2619
2517	2508
2518	2519
2519	2639
2520	2433
2521	2633
2522	2581
2523	2520
2524	2638
2525	2596
2526	2593
2527	2613
2528	2799
2529	2784
2530	2663
2531	2824
2532	2975
2533	2676
2534	2779
2535	3114
2536	2603
2537	2686
2538	2655
2539	2516
2540	2448
2541	2499
2542	2740
2543	2568
2544	2505
2545	2575
2546	2508
2547	2468
2548	2456
2549	2414
2550	2444
2551	2448
2552	2312
2553	2466
2554	2425
2555	2465
2556	2471
2557	2779
2558	2441
2559	2754
2560	2463
2561	2657
2562	2446
2563	2488
2564	2702
2565	2788
2566	3176
2567	2626
2568	3225
2569	2720
2570	3172
2571	2666
2572	2604
2573	2694
2574	2574
2575	2862
2576	2577
2577	2936
2578	2668
2579	3008
2580	2655
2581	2864
2582	2812
2583	2655
2584	2481
2585	2299
2586	2459
2587	2436
2588	2549
2589	2494
2590	2594
2591	2685
2592	2619
2593	2451
2594	2330
2595	2523
2596	2129
2597	2243
2598	2232
2599	2114
2600	2110
2601	2255
2602	2170
2603	2307
2604	2306
2605	2387
2606	2179
2607	2155
2608	2210
2609	2308
2610	2212
2611	2169
2612	2092
2613	2099
2614	2035
2615	2134
2616	2087
2617	2138
2618	2156
2619	2171
2620	2124
2621	2217
2622	2123
2623	2198
2624	2255
2625	2232
2626	2251
2627	2186
2628	2210
2629	2330
2630	2398
2631	2261
2632	2214
2633	2308
2634	2249
2635	2273
2636	2340
2637	2234
2638	2328
2639	2478
2640	2365
2641	2356
2642	2310
2643	2389
2644	2300
2645	2410
2646	2432
2647	2254
2648	2226
2649	2199
2650	2263
2651	2238
2652	3036
2653	2630
2654	2834
2655	2405
2656	2496
2657	2424
2658	2374
2659	2363
2660	2463
2661	2371
2662	2582
2663	2501
2664	2636
2665	2425
2666	2356
2667	2529
2668	2479
2669	2458
2670	2673
2671	2281
2672	2461
2673	2382
2674	2327
2675	2529
2676	2556
2677	2612
2678	2339
2679	2789
2680	2542
2681	2385
2682	2483
2683	2527
2684	2374
2685	2356
2686	2508
2687	2294
2688	2398
2689	2495
2690	2530
2691	2441
2692	2323
2693	2260
2694	2210
2695	2550
2696	2652
2697	2257
2698	2293
2699	2468
2700	2571
2701	2674
2702	2818
2703	2483
2704	2663
2705	2636
2706	2348
2707	2735
2708	2579
2709	2957
2710	2713
2711	3032
2712	2765
2713	2588
2714	2628
2715	2643
2716	2877
2717	2952
2718	3363
2719	3187
2720	2998
2721	2866
2722	2846
2723	2665
2724	2639
2725	2415
2726	2448
2727	2426
2728	2669
2729	2633
2730	2576
2731	2515
2732	2461
2733	2322
2734	2482
2735	2560
2736	2367
2737	2493
2738	2280
2739	2638
2740	2528
2741	2389
2742	2523
2743	2507
2744	2346
2745	2481
2746	2321
2747	2495
2748	2328
2749	2317
2750	2354
2751	2309
2752	2326
2753	2170
2754	2294
2755	2300
2756	2256
2757	2340
2758	2268
2759	2220
2760	2379
2761	2735
2762	2851
2763	2559
2764	2753
2765	2770
2766	2801
2767	3091
2768	3028
2769	3328
2770	3353
2771	3096
2772	2703
2773	3027
2774	2852
2775	2825
2776	3255
2777	2662
2778	2695
2779	2501
2780	2684
2781	2794
2782	2575
2783	2872
2784	2553
2785	2307
2786	2259
2787	2297
2788	2315
2789	2314
2790	2510
2791	2323
2792	2291
2793	2110
2794	2243
2795	2131
2796	2261
2797	2172
2798	2453
2799	2192
2800	2201
2801	2138
2802	2303
2803	2271
2804	2320
2805	2203
2806	2365
2807	2345
2808	2370
2809	2464
2810	2560
2811	2374
2812	2662
2813	2624
2814	2692
2815	2915
2816	3164
2817	3683
2818	2752
2819	3018
2820	2821
2821	3591
2822	4289
2823	4105
2824	3522
2825	3253
2826	3589
2827	2993
2828	2682
2829	2202
2830	2302
2831	2206
2832	2195
2833	2298
2834	2107
2835	2176
2836	2005
2837	2266
2838	2188
2839	2375
2840	2390
2841	2285
2842	2297
2843	2401
2844	2130
2845	2318
2846	2316
2847	2342
2848	2455
2849	2316
2850	2380
2851	2201
2852	2348
2853	2437
2854	2555
2855	2517
2856	2786
2857	2488
2858	2479
2859	2509
2860	2899
2861	3126
2862	2894
2863	3653
2864	2769
2865	2839
2866	2379
2867	2643
2868	2450
2869	2394
2870	2420
2871	2297
2872	2243
2873	2159
2874	2275
2875	2209
2876	2207
2877	2302
2878	2221
2879	2136
2880	2193
2881	2443
2882	2630
2883	2398
2884	2339
2885	2306
2886	2453
2887	2344
2888	2595
2889	2603
2890	2343
2891	2590
2892	2612
2893	3016
2894	2442
2895	2305
2896	2320
2897	2459
2898	2328
2899	2420
2900	2623
2901	2821
2902	2473
2903	2712
2904	2343
2905	2285
2906	2325
2907	2219
2908	2252
2909	2215
2910	2307
2911	2167
2912	2099
2913	2044
2914	1902
2915	1870
2916	1863
2917	2113
2918	2551
2919	2493
2920	2096
2921	2000
2922	2007
2923	1964
2924	2109
2925	1913
2926	2013
2927	1931
2928	1945
2929	1803
2930	1958
2931	1916
2932	1950
2933	1985
2934	1969
2935	1995
2936	1941
2937	1950
2938	1844
2939	1826
2940	2001
2941	1983
2942	2069
2943	2019
2944	2013
2945	1948
2946	1905
2947	1893
2948	1938
2949	1972
2950	1888
2951	1840
2952	1883
2953	1923
2954	1917
2955	1903
2956	1856
2957	1778
2958	1781
2959	1778
2960	1828
2961	1812
2962	1947
2963	1894
2964	1748
2965	1932
2966	1848
2967	1900
2968	1934
2969	1953
2970	1862
2971	2000
2972	1872
2973	1913
2974	2027
2975	1976
2976	2023
2977	2091
2978	2003
2979	2050
2980	2004
2981	2036
2982	1998
2983	1893
2984	1934
2985	1945
2986	1972
2987	1947
2988	1995
2989	2089
2990	1906
2991	2007
2992	1989
2993	1922
2994	1969
2995	1982
2996	2091
2997	2029
2998	2117
2999	2113
3000	1969
3001	2042
3002	2012
3003	2194
3004	2068
3005	2166
3006	2292
3007	2111
3008	2165
3009	2170
3010	2025
3011	2214
3012	2081
3013	1900
3014	1996
3015	2043
3016	2095
3017	2027
3018	2038
3019	2230
3020	2062
3021	2096
3022	2000
3023	2086
3024	2012
3025	1813
3026	1918
3027	1922
3028	1986
3029	1876
3030	1961
3031	1925
3032	1881
3033	1907
3034	1807
3035	1898
3036	1801
3037	1945
3038	2065
3039	1931
3040	1950
3041	2038
3042	2139
3043	2040
3044	1996
3045	1978
3046	2027
3047	2160
3048	2303
3049	2222
3050	2374
3051	2336
3052	2487
3053	2898
3054	2824
3055	2829
3056	2715
3057	2656
3058	2747
3059	2897
3060	2864
3061	2427
3062	2536
3063	2295
3064	2241
3065	2328
3066	2215
3067	2136
3068	2212
3069	2291
3070	2314
3071	2194
3072	2294
3073	2297
3074	2492
3075	2276
3076	2307
3077	2311
3078	2219
3079	2334
3080	2275
3081	2116
3082	1983
3083	2011
3084	2011
3085	2133
3086	2196
3087	2202
3088	2223
3089	2094
3090	2094
3091	2156
3092	2012
3093	2281
3094	2251
3095	2467
3096	2411
3097	2498
3098	2168
3099	2308
3100	2168
3101	2318
3102	2302
3103	2335
3104	2253
3105	2160
3106	2373
3107	2187
3108	2242
3109	2118
3110	2008
3111	1999
3112	1991
3113	2049
3114	2287
3115	2158
3116	2142
3117	2145
3118	2131
3119	1926
3120	1959
3121	2130
3122	2234
3123	1995
3124	2251
3125	2137
3126	2121
3127	2043
3128	1945
3129	1926
3130	2007
3131	1935
3132	2027
3133	2063
3134	2089
3135	2037
3136	2154
3137	1861
3138	2046
3139	1977
3140	2093
3141	2238
3142	2342
3143	2180
3144	2497
3145	2393
3146	2158
3147	1990
3148	1864
3149	2072
3150	2079
3151	2101
3152	2013
3153	2050
3154	1933
3155	1886
3156	1998
3157	2013
3158	2008
3159	2123
3160	2301
3161	2010
3162	2086
3163	1977
3164	2111
3165	2401
3166	2355
3167	2207
3168	2138
3169	1930
3170	2010
3171	2087
3172	2038
3173	2042
3174	1973
3175	1910
3176	1977
3177	2033
3178	2072
3179	1984
3180	1920
3181	1921
3182	1867
3183	2060
3184	1890
3185	1882
3186	1836
3187	1865
3188	2041
3189	1976
3190	1860
3191	2025
3192	2218
3193	2008
3194	2097
3195	2051
3196	1910
3197	2017
3198	1817
3199	2007
3200	1983
3201	1978
3202	1809
3203	1917
3204	2021
3205	2003
3206	2007
3207	2122
3208	2022
3209	2049
3210	2101
3211	2151
3212	2090
3213	2010
3214	1884
3215	1853
3216	1995
3217	1950
3218	2110
3219	2174
3220	2181
3221	2203
3222	2010
3223	2118
3224	2151
3225	2063
3226	2128
3227	2128
3228	2027
3229	2021
3230	2020
3231	2072
3232	2192
3233	2232
3234	2102
3235	2316
3236	2262
3237	2302
3238	2374
3239	2350
3240	2248
3241	2445
3242	2478
3243	2275
3244	2500
3245	2691
3246	2290
3247	2179
3248	2342
3249	2236
3250	2159
3251	2321
3252	2188
3253	2291
3254	2168
3255	2177
3256	2066
3257	2030
3258	2232
3259	2140
3260	2353
3261	2213
3262	2399
3263	2351
3264	2170
3265	2252
3266	1977
3267	2194
3268	2171
3269	2174
3270	1989
3271	2230
3272	2097
3273	2265
3274	2199
3275	2087
3276	2312
3277	2241
3278	2236
3279	2241
3280	2341
3281	2232
3282	2209
3283	2252
3284	2255
3285	2430
3286	2447
3287	2518
3288	2290
3289	2455
3290	2234
3291	2363
3292	2156
3293	2282
3294	2349
3295	2265
3296	2168
3297	2061
3298	2266
3299	2194
3300	2222
3301	2233
3302	2311
3303	2232
3304	2387
3305	2302
3306	2236
3307	2236
3308	2184
3309	2103
3310	2272
3311	2190
3312	2338
3313	2317
3314	2294
3315	2348
3316	2232
3317	2560
3318	2379
3319	2364
3320	2412
3321	2287
3322	2666
3323	2601
3324	2415
3325	2399
3326	2297
3327	2314
3328	2400
3329	2387
3330	2310
3331	2248
3332	2231
3333	2183
3334	2460
3335	2749
3336	2528
3337	2325
3338	2761
3339	2348
3340	3036
3341	2495
3342	2616
3343	2462
3344	2817
3345	2772
3346	2742
3347	2794
3348	2745
3349	2849
3350	2694
3351	2618
3352	2391
3353	2432
3354	2182
3355	2519
3356	2580
3357	2637
3358	2672
3359	2799
3360	2703
3361	2544
3362	2349
3363	2286
3364	2301
3365	2372
3366	2490
3367	2254
3368	2109
3369	2199
3370	2254
3371	2190
3372	2222
3373	2224
3374	2117
3375	2032
3376	2089
3377	1983
3378	2014
3379	2032
3380	2082
3381	1972
3382	2108
3383	2074
3384	2482
3385	2424
3386	2557
3387	2420
3388	2062
3389	1896
3390	2064
3391	1982
3392	1745
3393	1723
3394	1731
3395	1719
3396	1809
3397	1871
3398	1610
3399	1704
3400	1773
3401	1751
3402	1874
3403	1757
3404	1774
3405	1751
3406	1767
3407	1744
3408	1747
3409	1658
3410	1856
3411	1796
3412	1697
3413	1787
3414	1688
3415	1776
3416	1762
3417	1733
3418	1758
3419	1712
3420	1739
3421	1767
3422	1715
3423	1652
3424	1853
3425	1721
3426	1649
3427	1757
3428	1677
3429	1718
3430	1713
3431	1588
3432	1722
3433	1772
3434	1911
3435	1893
3436	1768
3437	1705
3438	1695
3439	1794
3440	1798
3441	1841
3442	1819
3443	1846
3444	1761
3445	1664
3446	1602
3447	1642
3448	1659
3449	1672
3450	1773
3451	1748
3452	1873
3453	1797
3454	1685
3455	1826
3456	1705
3457	1721
3458	1866
3459	1644
3460	1706
3461	1647
3462	1666
3463	1711
3464	1733
3465	1743
3466	1744
3467	1662
3468	1735
3469	1679
3470	1727
3471	1646
3472	1654
3473	1716
3474	1626
3475	1656
3476	1757
3477	1709
3478	1617
3479	1588
3480	1670
3481	1664
3482	1505
3483	1618
3484	1678
3485	1662
3486	1610
3487	1652
3488	1684
3489	1763
3490	1591
3491	1585
3492	1734
3493	1707
3494	1772
3495	1709
3496	1595
3497	1703
3498	1703
3499	1684
3500	1706
3501	1733
3502	1814
3503	1733
3504	1552
3505	1738
3506	1799
3507	1631
3508	1660
3509	1547
3510	1584
3511	1682
3512	1557
3513	1654
3514	1604
3515	1614
3516	1646
3517	1620
3518	1631
3519	1612
3520	1597
3521	1590
3522	1604
3523	1732
3524	1894
3525	1647
3526	1617
3527	1729
3528	1625
3529	1700
3530	1624
3531	1532
3532	1622
3533	1612
3534	1590
3535	1718
3536	1565
3537	1614
3538	1632
3539	1641
3540	1590
3541	1637
3542	1727
3543	1769
3544	1653
3545	1780
3546	1817
3547	1621
3548	1788
3549	1659
3550	1676
3551	1683
3552	1785
3553	1573
3554	1549
3555	1648
3556	1689
3557	1567
3558	1599
3559	1622
3560	1583
3561	1618
3562	1772
3563	1712
3564	1872
3565	1673
3566	1674
3567	1708
3568	1670
3569	1670
3570	1901
3571	1785
3572	1759
3573	1794
3574	1767
3575	1840
3576	1771
3577	1873
3578	1946
3579	1988
3580	2008
3581	1742
3582	1958
3583	1787
3584	1700
3585	1730
3586	1701
3587	1731
3588	1692
3589	1756
3590	1687
3591	1731
3592	1723
3593	1697
3594	1775
3595	1614
3596	1809
3597	1690
3598	1646
3599	1709
3600	1671
3601	1649
3602	1705
3603	1660
3604	1783
3605	1597
3606	1612
3607	1635
3608	1599
3609	1774
3610	1881
3611	1697
3612	1621
3613	1706
3614	1670
3615	1783
3616	1691
3617	1832
3618	1859
3619	1901
3620	1721
3621	1701
3622	1735
3623	1748
3624	1645
3625	1649
3626	1627
3627	1689
3628	1650
3629	1574
3630	1658
3631	1573
3632	1697
3633	1717
3634	1550
3635	1590
3636	1748
3637	1675
3638	1728
3639	1711
3640	1606
3641	1672
3642	1732
3643	1720
3644	1807
3645	1646
3646	1759
3647	1587
3648	1579
3649	1682
3650	1591
3651	1710
3652	1750
3653	1636
3654	1670
3655	1704
3656	1755
3657	1613
3658	1672
3659	1651
3660	1549
3661	1587
3662	1538
3663	1585
3664	1616
3665	1612
3666	1801
3667	1581
3668	1640
3669	1658
3670	1810
3671	1800
3672	1885
3673	2156
3674	2147
3675	2666
3676	2086
3677	2063
3678	2029
3679	1961
3680	2215
3681	2080
3682	1792
3683	1862
3684	1746
3685	1779
3686	1758
3687	1621
3688	1618
3689	1792
3690	1753
3691	1761
3692	1810
3693	1786
3694	1796
3695	1793
3696	1871
3697	1925
3698	2173
3699	2264
3700	2394
3701	2352
3702	1968
3703	1888
3704	1852
3705	2014
3706	1790
3707	1776
3708	1860
3709	1978
3710	2015
3711	1963
3712	2373
3713	2153
3714	1982
3715	2026
3716	2277
3717	2108
3718	2146
3719	1774
3720	1802
3721	1790
3722	1707
3723	1725
3724	1672
3725	1804
3726	1886
3727	1800
3728	1794
3729	1766
3730	1747
3731	1774
3732	1671
3733	1735
3734	1694
3735	1682
3736	1867
3737	1955
3738	1804
3739	1780
3740	1773
3741	1619
3742	1725
3743	1747
3744	1739
3745	1662
3746	1952
3747	1729
3748	1952
3749	1721
3750	1931
3751	1846
3752	1877
3753	1940
3754	1849
3755	2189
3756	1927
3757	1929
3758	1960
3759	1977
3760	1901
3761	1772
3762	1654
3763	1743
3764	1766
3765	1714
3766	1865
3767	2045
3768	2049
3769	2116
3770	2003
3771	2537
3772	2270
3773	2366
3774	2334
3775	2073
3776	1756
3777	1820
3778	1696
3779	1772
3780	1653
3781	1723
3782	1848
3783	1698
3784	1805
3785	1684
3786	1866
3787	1880
3788	1753
3789	1685
3790	1764
3791	1792
3792	1753
3793	1709
3794	1662
3795	1602
3796	1701
3797	1636
3798	1651
3799	1765
3800	1764
3801	2097
3802	1827
3803	1856
3804	1689
3805	1762
3806	1810
3807	1697
3808	1637
3809	1537
3810	1609
3811	1634
3812	1710
3813	1635
3814	1756
3815	1846
3816	1840
3817	1770
3818	1578
3819	1680
3820	1551
3821	1634
3822	1544
3823	1558
3824	1472
3825	1442
3826	1646
3827	1576
3828	1820
3829	1487
3830	1544
3831	1594
3832	1503
3833	1901
3834	1486
3835	1600
3836	2021
3837	1519
3838	1529
3839	1481
3840	1475
3841	1483
3842	1419
3843	1320
3844	1428
3845	1325
3846	1359
3847	1426
3848	1496
3849	1553
3850	1472
3851	1465
3852	1478
3853	1425
3854	1456
3855	1351
3856	1328
3857	1378
3858	1406
3859	1505
3860	1430
3861	1493
3862	1490
3863	1560
3864	1434
3865	1446
3866	1293
3867	1371
3868	1369
3869	1362
3870	1335
3871	1404
3872	1342
3873	1415
3874	1412
3875	1491
3876	1551
3877	1446
3878	1378
3879	1421
3880	1434
3881	1519
3882	1525
3883	1523
3884	1483
3885	1460
3886	1585
3887	1417
3888	1443
3889	1435
3890	1576
3891	1489
3892	1639
3893	1618
3894	1578
3895	1556
3896	1551
3897	1718
3898	1780
3899	1759
3900	1736
3901	1711
3902	1724
3903	1594
3904	1687
3905	1819
3906	1763
3907	1801
3908	1635
3909	1769
3910	1746
3911	1686
3912	1744
3913	1624
3914	1591
3915	1661
3916	1627
3917	1766
3918	1684
3919	1604
3920	1532
3921	1614
3922	1520
3923	1622
3924	1618
3925	1561
3926	1508
3927	1707
3928	1545
3929	1557
3930	1432
3931	1512
3932	1503
3933	1417
3934	1452
3935	1507
3936	1603
3937	1550
3938	1739
3939	1601
3940	1594
3941	1514
3942	1480
3943	1460
3944	1463
3945	1450
3946	1500
3947	1462
3948	1492
3949	1624
3950	1663
3951	1500
3952	1463
3953	1663
3954	1780
3955	1847
3956	1860
3957	1615
3958	1712
3959	1618
3960	1684
3961	1606
3962	1541
3963	1515
3964	1653
3965	1523
3966	1588
3967	1447
3968	1580
3969	1451
3970	1604
3971	1699
3972	1583
3973	1494
3974	1843
3975	1630
3976	1636
3977	1585
3978	1585
3979	1526
3980	1519
3981	1524
3982	1458
3983	1464
3984	1519
3985	1502
3986	1453
3987	1475
3988	1411
3989	1477
3990	1549
3991	1545
3992	1451
3993	1523
3994	1505
3995	1475
3996	1368
3997	1490
3998	1451
3999	1355
4000	1494
4001	1429
4002	1426
4003	1331
4004	1434
4005	1394
4006	1380
4007	1525
4008	1465
4009	1572
4010	1517
4011	1669
4012	1485
4013	1574
4014	1582
4015	1655
4016	1562
4017	1574
4018	1604
4019	1599
4020	1573
4021	1580
4022	1650
4023	1616
4024	1658
4025	1591
4026	1560
4027	1778
4028	1636
4029	1516
4030	1703
4031	1813
4032	2532
4033	1915
4034	2056
4035	2308
4036	1786
4037	1986
4038	1864
4039	1666
4040	1693
4041	1765
4042	1816
4043	1595
4044	1741
4045	1572
4046	1715
4047	1577
4048	1573
4049	1561
4050	1589
4051	1600
4052	1642
4053	1859
4054	1665
4055	1568
4056	1572
4057	1617
4058	1661
4059	1597
4060	1602
4061	1596
4062	1661
4063	1604
4064	1578
4065	1664
4066	1755
4067	1848
4068	1787
4069	1751
4070	1738
4071	1602
4072	1644
4073	1587
4074	1553
4075	1828
4076	1695
4077	1715
4078	1561
4079	1927
4080	1799
4081	1755
4082	1694
4083	1716
4084	1468
4085	1617
4086	1708
4087	1687
4088	1521
4089	1559
4090	1540
4091	1613
4092	1529
4093	1624
4094	1605
4095	1410
4096	1598
4097	1816
4098	2008
4099	1699
4100	1609
4101	1530
4102	1480
4103	1559
4104	1501
4105	1650
4106	1570
4107	1692
4108	1702
4109	1812
4110	1686
4111	1617
4112	1601
4113	1586
4114	1517
4115	1533
4116	1525
4117	1578
4118	1511
4119	1617
4120	1533
4121	1640
4122	1719
4123	1669
4124	1531
4125	1605
4126	1651
4127	1680
4128	1720
4129	1739
4130	1461
4131	1799
4132	1636
4133	1515
4134	1500
4135	1506
4136	1428
4137	1446
4138	1451
4139	1459
4140	1523
4141	1497
4142	1446
4143	1539
4144	1676
4145	1579
4146	1740
4147	1932
4148	1785
4149	1560
4150	1697
4151	1431
4152	1459
4153	1382
4154	1461
4155	1419
4156	1346
4157	1460
4158	1505
4159	1445
4160	1250
4161	1403
4162	1371
4163	1479
4164	1456
4165	1403
4166	1366
4167	1550
4168	1486
4169	1443
4170	1517
4171	1519
4172	1559
4173	1429
4174	1434
4175	1486
4176	1393
4177	1337
4178	1304
4179	1433
4180	1340
4181	1390
4182	1481
4183	1295
4184	1331
4185	1445
4186	1401
4187	1358
4188	1361
4189	1378
4190	1372
4191	1326
4192	1352
4193	1292
4194	1184
4195	1248
4196	1322
4197	1391
4198	1260
4199	1411
4200	1313
4201	1421
4202	1437
4203	1366
4204	1415
4205	1362
4206	1427
4207	1384
4208	1410
4209	1335
4210	1292
4211	1249
4212	1322
4213	1189
4214	1355
4215	1237
4216	1269
4217	1266
4218	1309
4219	1363
4220	1259
4221	1444
4222	1383
4223	1363
4224	1404
4225	1391
4226	1404
4227	1349
4228	1493
4229	1439
4230	1324
4231	1288
4232	1360
4233	1455
4234	1280
4235	1375
4236	1482
4237	1401
4238	1231
4239	1390
4240	1412
4241	1405
4242	1341
4243	1568
4244	1378
4245	1269
4246	1429
4247	1365
4248	1405
4249	1359
4250	1351
4251	1366
4252	1321
4253	1403
4254	1314
4255	1296
4256	1269
4257	1363
4258	1262
4259	1287
4260	1328
4261	1337
4262	1355
4263	1568
4264	1411
4265	1488
4266	1440
4267	1512
4268	1477
4269	1416
4270	1464
4271	1381
4272	1533
4273	1496
4274	1535
4275	1473
4276	1421
4277	1394
4278	1505
4279	1372
4280	1467
4281	1447
4282	1406
4283	1390
4284	1357
4285	1396
4286	1446
4287	1386
4288	1434
4289	1391
4290	1418
4291	1489
4292	1523
4293	1366
4294	1613
4295	1516
4296	1456
4297	1552
4298	1579
4299	1445
4300	1426
4301	1478
4302	1452
4303	1591
4304	1520
4305	1401
4306	1656
4307	1525
4308	1484
4309	1460
4310	1577
4311	1549
4312	1454
4313	1449
4314	1371
4315	1459
4316	1294
4317	1390
4318	1294
4319	1307
4320	1359
4321	1444
4322	1334
4323	1264
4324	1271
4325	1334
4326	1353
4327	1270
4328	1399
4329	1238
4330	1299
4331	1299
4332	1357
4333	1286
4334	1231
4335	1226
4336	1298
4337	1288
4338	1252
4339	1240
4340	1211
4341	1315
4342	1233
4343	1227
4344	1196
4345	1079
4346	1122
4347	1222
4348	1141
4349	1178
4350	1196
4351	1301
4352	1283
4353	1144
4354	1245
4355	1149
4356	1120
4357	1146
4358	1158
4359	1186
4360	1172
4361	1190
4362	1108
4363	1176
4364	1199
4365	1040
4366	1158
4367	1239
4368	1077
4369	1055
4370	1256
4371	1307
4372	1277
4373	1189
4374	1233
4375	1291
4376	1466
4377	1339
4378	1325
4379	1368
4380	1248
4381	1306
4382	1255
4383	1198
4384	1215
4385	1153
4386	1139
4387	1163
4388	1162
4389	1106
4390	1211
4391	1065
4392	1080
4393	1047
4394	1139
4395	1025
4396	1114
4397	1088
4398	1128
4399	1082
4400	1119
4401	1092
4402	1159
4403	1161
4404	1249
4405	1174
4406	1251
4407	1292
4408	1172
4409	1274
4410	1193
4411	1181
4412	1212
4413	1244
4414	1144
4415	1123
4416	1222
4417	1224
4418	1177
4419	1165
4420	1145
4421	1160
4422	1294
4423	1138
4424	1306
4425	1229
4426	1524
4427	1616
4428	1763
4429	1384
4430	1581
4431	1526
4432	1406
4433	1257
4434	1145
4435	1074
4436	996
4437	1020
4438	933
4439	966
4440	994
4441	1076
4442	997
4443	976
4444	1053
4445	903
4446	965
4447	988
4448	910
4449	948
4450	1019
4451	1059
4452	1000
4453	981
4454	1015
4455	1003
4456	1022
4457	1009
4458	1054
4459	1149
4460	981
4461	1098
4462	979
4463	1050
4464	1129
4465	1110
4466	1162
4467	1062
4468	1011
4469	1044
4470	1071
4471	1148
4472	1025
4473	1060
4474	1070
4475	968
4476	1027
4477	1115
4478	1092
4479	1056
4480	1079
4481	1128
4482	1069
4483	1124
4484	1027
4485	1082
4486	976
4487	1041
4488	1026
4489	1093
4490	1094
4491	1180
4492	1098
4493	1095
4494	1060
4495	1122
4496	1140
4497	1108
4498	1128
4499	1210
4500	1081
4501	1120
4502	1220
4503	1016
4504	1055
4505	1160
4506	1108
4507	1202
4508	1267
4509	1092
4510	1197
4511	1197
4512	1217
4513	1127
4514	1218
4515	1146
4516	1294
4517	1113
4518	1243
4519	1176
4520	1246
4521	1140
4522	1142
4523	1152
4524	1245
4525	1194
4526	1147
4527	1111
4528	1087
4529	1132
4530	1146
4531	1190
4532	1171
4533	1212
4534	1121
4535	1202
4536	1150
4537	1147
4538	1171
4539	1222
4540	1090
4541	1108
4542	1120
4543	1192
4544	1170
4545	1151
4546	1179
4547	1216
4548	1191
4549	1181
4550	1218
4551	1156
4552	1142
4553	1167
4554	1071
4555	1022
4556	1107
4557	1104
4558	1118
4559	1193
4560	1107
4561	1106
4562	1128
4563	1126
4564	1035
4565	1096
4566	1263
4567	1164
4568	1087
4569	1114
4570	1100
4571	1003
4572	1073
4573	1056
4574	968
4575	1018
4576	1110
4577	960
4578	1049
4579	1081
4580	1082
4581	1122
4582	1125
4583	1193
4584	1185
4585	1132
4586	1141
4587	1189
4588	1175
4589	1119
4590	1148
4591	1207
4592	1098
4593	1092
4594	1170
4595	1213
4596	1140
4597	1218
4598	1129
4599	1080
4600	1232
4601	1125
4602	1142
4603	1035
4604	1143
4605	1162
4606	1136
4607	1155
4608	1166
4609	1112
4610	1092
4611	1093
4612	1200
4613	1200
4614	1163
4615	1226
4616	1208
4617	1256
4618	1189
4619	1107
4620	1195
4621	1185
4622	1191
4623	1211
4624	1197
4625	1300
4626	1158
4627	1132
4628	1248
4629	1156
4630	1434
4631	1469
4632	1374
4633	1531
4634	1318
4635	1222
4636	1397
4637	1353
4638	1439
4639	1385
4640	1250
4641	1237
4642	1094
4643	1198
4644	1198
4645	1223
4646	1133
4647	1123
4648	1190
4649	1083
4650	1116
4651	1111
4652	1133
4653	1056
4654	1192
4655	1158
4656	1200
4657	1243
4658	1303
4659	1346
4660	1442
4661	1345
4662	1541
4663	1585
4664	1344
4665	1250
4666	1258
4667	1173
4668	1143
4669	1230
4670	1238
4671	1151
4672	1296
4673	1254
4674	1272
4675	1202
4676	1246
4677	1381
4678	1171
4679	1072
4680	1211
4681	1033
4682	1136
4683	1120
4684	1063
4685	1118
4686	1089
4687	1033
4688	1152
4689	1072
4690	1125
4691	1117
4692	1224
4693	1208
4694	1331
4695	1273
4696	1205
4697	1174
4698	1501
4699	1448
4700	1946
4701	1468
4702	1374
4703	1601
4704	1613
4705	1420
4706	1422
4707	1305
4708	1237
4709	1243
4710	1203
4711	1139
4712	1224
4713	1234
4714	1239
4715	1241
4716	1146
4717	1182
4718	1157
4719	1208
4720	1038
4721	1143
4722	1075
4723	1156
4724	1173
4725	1273
4726	1196
4727	1141
4728	1060
4729	1110
4730	1127
4731	1157
4732	1155
4733	1155
4734	1103
4735	1240
4736	1152
4737	1194
4738	1131
4739	1172
4740	1146
4741	1170
4742	1327
4743	1128
4744	1210
4745	1211
4746	1193
4747	1162
4748	1118
4749	1019
4750	1061
4751	1008
4752	1040
4753	992
4754	1001
4755	1132
4756	1016
4757	1176
4758	1028
4759	1194
4760	1225
4761	1237
4762	1119
4763	1060
4764	1097
4765	1062
4766	969
4767	1101
4768	1086
4769	1090
4770	1102
4771	1129
4772	1124
4773	1034
4774	1032
4775	1056
4776	1175
4777	1157
4778	1189
4779	1129
4780	1132
4781	1173
4782	1377
4783	1214
4784	1106
4785	1253
4786	1158
4787	1319
4788	1215
4789	1140
4790	1109
4791	1114
4792	1101
4793	1210
4794	1087
4795	1134
4796	1119
4797	1128
4798	1122
4799	1061
4800	1112
4801	1011
4802	1071
4803	1102
4804	1158
4805	1079
4806	1050
4807	1030
4808	1046
4809	1061
4810	1118
4811	1096
4812	1097
4813	1068
4814	1069
4815	1177
4816	1090
4817	1042
4818	1135
4819	1098
4820	1098
4821	1170
4822	1098
4823	1129
4824	1164
4825	1067
4826	1179
4827	1117
4828	1140
4829	1141
4830	1186
4831	1194
4832	1181
4833	1069
4834	1169
4835	1147
4836	1087
4837	1146
4838	1187
4839	1176
4840	1195
4841	1212
4842	1168
4843	1125
4844	1179
4845	1243
4846	1319
4847	1121
4848	1188
4849	1188
4850	1270
4851	1325
4852	1231
4853	1273
4854	1283
4855	1036
4856	1057
4857	1151
4858	1201
4859	1095
4860	1137
4861	1191
4862	1262
4863	1168
4864	1247
4865	1147
4866	1068
4867	1073
4868	1154
4869	1103
4870	1043
4871	1096
4872	1033
4873	1064
4874	958
4875	1074
4876	1011
4877	979
4878	1106
4879	965
4880	1005
4881	1047
4882	1000
4883	1044
4884	1093
4885	1052
4886	1073
4887	1168
4888	1143
4889	1124
4890	1172
4891	1103
4892	1077
4893	1040
4894	1145
4895	1150
4896	1188
4897	1143
4898	1115
4899	1191
4900	1153
4901	1157
4902	995
4903	1174
4904	1192
4905	1225
4906	1392
4907	1329
4908	1442
4909	1299
4910	1303
4911	1294
4912	1321
4913	1335
4914	1211
4915	1304
4916	1366
4917	1261
4918	1240
4919	1177
4920	1152
4921	1406
4922	1388
4923	1444
4924	1173
4925	1207
4926	969
4927	1117
4928	1146
4929	1177
4930	1159
4931	1188
4932	1275
4933	1174
4934	1120
4935	1192
4936	1196
4937	1241
4938	1184
4939	1243
4940	1267
4941	1140
4942	1150
4943	1176
4944	1274
4945	1075
4946	1090
4947	1191
4948	1239
4949	1159
4950	1315
4951	1098
4952	1259
4953	1144
4954	1309
4955	1113
4956	1152
4957	1272
4958	1245
4959	1264
4960	1262
4961	1160
4962	1254
4963	1298
4964	1360
4965	1231
4966	1226
4967	1158
4968	1231
4969	1262
4970	1238
4971	1250
4972	1114
4973	1234
4974	1201
4975	1181
4976	1109
4977	1169
4978	1269
4979	1136
4980	1169
4981	1152
4982	1112
4983	1059
4984	1213
4985	1135
4986	1294
4987	1296
4988	1403
4989	1292
4990	1134
4991	1142
4992	1109
4993	1124
4994	1286
4995	1211
4996	1172
4997	1108
4998	1137
4999	1149
5000	1146
5001	1154
5002	1098
5003	1218
5004	1143
5005	1153
5006	1111
5007	1114
5008	1278
5009	1121
5010	1275
5011	1351
5012	1161
5013	1163
5014	1092
5015	1055
5016	1083
5017	1083
5018	1085
5019	970
5020	1047
5021	1088
5022	1084
5023	1031
5024	1002
5025	981
5026	1032
5027	1066
5028	1103
5029	1037
5030	976
5031	1005
5032	957
5033	973
5034	944
5035	1031
5036	992
5037	1002
5038	958
5039	977
5040	986
5041	927
5042	960
5043	982
5044	981
5045	1049
5046	993
5047	926
5048	1057
5049	952
5050	977
5051	1026
5052	916
5053	958
5054	1020
5055	950
5056	989
5057	950
5058	1005
5059	942
5060	936
5061	910
5062	923
5063	921
5064	972
5065	1061
5066	1001
5067	1005
5068	962
5069	977
5070	951
5071	989
5072	894
5073	868
5074	984
5075	936
5076	959
5077	1050
5078	950
5079	1072
5080	1129
5081	1168
5082	1056
5083	1206
5084	1068
5085	1087
5086	1102
5087	1098
5088	1180
5089	1062
5090	1113
5091	1131
5092	1076
5093	978
5094	1075
5095	988
5096	1177
5097	970
5098	1126
5099	1062
5100	1055
5101	932
5102	1017
5103	971
5104	867
5105	1008
5106	952
5107	894
5108	922
5109	917
5110	983
5111	995
5112	911
5113	905
5114	861
5115	926
5116	939
5117	1017
5118	944
5119	839
5120	969
5121	955
5122	948
5123	954
5124	899
5125	979
5126	914
5127	905
5128	920
5129	855
5130	910
5131	962
5132	871
5133	866
5134	982
5135	998
5136	873
5137	928
5138	995
5139	868
5140	891
5141	954
5142	833
5143	915
5144	884
5145	892
5146	889
5147	851
5148	870
5149	935
5150	892
5151	882
5152	931
5153	895
5154	951
5155	912
5156	977
5157	926
5158	974
5159	940
5160	999
5161	918
5162	790
5163	988
5164	889
5165	929
5166	878
5167	840
5168	911
5169	814
5170	815
5171	863
5172	877
5173	823
5174	871
5175	788
5176	846
5177	946
5178	895
5179	924
5180	851
5181	873
5182	954
5183	844
5184	939
5185	953
5186	961
5187	933
5188	835
5189	919
5190	885
5191	841
5192	858
5193	795
5194	783
5195	842
5196	861
5197	862
5198	897
5199	835
5200	843
5201	872
5202	797
5203	821
5204	787
5205	856
5206	891
5207	931
5208	845
5209	864
5210	881
5211	861
5212	868
5213	780
5214	922
5215	883
5216	919
5217	764
5218	866
5219	781
5220	867
5221	916
5222	880
5223	895
5224	839
5225	892
5226	832
5227	917
5228	856
5229	918
5230	923
5231	926
5232	896
5233	797
5234	880
5235	902
5236	889
5237	946
5238	819
5239	948
5240	896
5241	952
5242	866
5243	911
5244	907
5245	959
5246	928
5247	797
5248	895
5249	903
5250	976
5251	955
5252	975
5253	853
5254	920
5255	814
5256	798
5257	806
5258	876
5259	922
5260	918
5261	851
5262	848
5263	812
5264	875
5265	845
5266	856
5267	901
5268	849
5269	845
5270	764
5271	877
5272	875
5273	816
5274	813
5275	812
5276	839
5277	842
5278	814
5279	813
5280	787
5281	854
5282	802
5283	865
5284	875
5285	851
5286	816
5287	833
5288	829
5289	838
5290	818
5291	786
5292	814
5293	949
5294	833
5295	857
5296	864
5297	863
5298	851
5299	882
5300	869
5301	862
5302	863
5303	981
5304	859
5305	916
5306	984
5307	921
5308	987
5309	929
5310	983
5311	955
5312	1020
5313	984
5314	915
5315	891
5316	809
5317	983
5318	895
5319	981
5320	958
5321	1052
5322	962
5323	964
5324	894
5325	909
5326	946
5327	965
5328	1016
5329	936
5330	914
5331	1053
5332	935
5333	945
5334	889
5335	905
5336	1009
5337	918
5338	968
5339	1002
5340	966
5341	1028
5342	946
5343	1075
5344	972
5345	1003
5346	1015
5347	976
5348	917
5349	889
5350	896
5351	959
5352	1046
5353	987
5354	1007
5355	916
5356	960
5357	972
5358	943
5359	861
5360	855
5361	919
5362	929
5363	888
5364	878
5365	822
5366	875
5367	857
5368	907
5369	917
5370	852
5371	888
5372	856
5373	892
5374	908
5375	996
5376	911
5377	915
5378	943
5379	1022
5380	912
5381	931
5382	888
5383	983
5384	876
5385	946
5386	933
5387	1101
5388	1026
5389	1002
5390	1016
5391	1077
5392	1044
5393	995
5394	957
5395	1133
5396	991
5397	1064
5398	1056
5399	1029
5400	1094
5401	1067
5402	1024
5403	996
5404	968
5405	910
5406	1079
5407	864
5408	937
5409	934
5410	924
5411	870
5412	981
5413	929
5414	898
5415	980
5416	1014
5417	905
5418	885
5419	939
5420	910
5421	921
5422	989
5423	896
5424	860
5425	921
5426	945
5427	870
5428	860
5429	919
5430	852
5431	890
5432	830
5433	849
5434	893
5435	862
5436	847
5437	802
5438	918
5439	879
5440	852
5441	903
5442	1010
5443	1006
5444	907
5445	942
5446	946
5447	960
5448	909
5449	897
5450	1027
5451	949
5452	956
5453	924
5454	946
5455	910
5456	922
5457	997
5458	986
5459	1006
5460	951
5461	830
5462	894
5463	956
5464	980
5465	934
5466	940
5467	959
5468	899
5469	1001
5470	988
5471	1031
5472	998
5473	960
5474	947
5475	955
5476	946
5477	984
5478	973
5479	1008
5480	975
5481	899
5482	909
5483	941
5484	921
5485	960
5486	891
5487	925
5488	921
5489	876
5490	915
5491	886
5492	924
5493	900
5494	952
5495	899
5496	888
5497	908
5498	916
5499	981
5500	970
5501	871
5502	884
5503	954
5504	980
5505	928
5506	928
5507	886
5508	877
5509	858
5510	821
5511	925
5512	923
5513	895
5514	910
5515	944
5516	922
5517	943
5518	822
5519	888
5520	928
5521	966
5522	940
5523	875
5524	803
5525	957
5526	892
5527	966
5528	1003
5529	953
5530	884
5531	915
5532	831
5533	925
5534	906
5535	878
5536	929
5537	926
5538	945
5539	907
5540	956
5541	902
5542	1088
5543	966
5544	991
5545	959
5546	845
5547	896
5548	879
5549	901
5550	1020
5551	924
5552	893
5553	952
5554	938
5555	1019
5556	950
5557	877
5558	926
5559	960
5560	958
5561	948
5562	824
5563	818
5564	903
5565	862
5566	936
5567	1039
5568	951
5569	978
5570	1026
5571	995
5572	975
5573	947
5574	1085
5575	1027
5576	890
5577	922
5578	951
5579	942
5580	1001
5581	925
5582	911
5583	930
5584	919
5585	930
5586	958
5587	963
5588	906
5589	887
5590	854
5591	978
5592	919
5593	971
5594	1042
5595	909
5596	1124
5597	1008
5598	955
5599	969
5600	1043
5601	1177
5602	1389
5603	1217
5604	1364
5605	1345
5606	1196
5607	1198
5608	1360
5609	1405
5610	1125
5611	1044
5612	1031
5613	960
5614	940
5615	948
5616	942
5617	963
5618	933
5619	955
5620	942
5621	1011
5622	976
5623	969
5624	938
5625	942
5626	888
5627	903
5628	881
5629	1025
5630	863
5631	939
5632	1064
5633	1012
5634	942
5635	851
5636	904
5637	910
5638	919
5639	942
5640	888
5641	894
5642	967
5643	884
5644	912
5645	885
5646	972
5647	908
5648	871
5649	974
5650	895
5651	1056
5652	908
5653	915
5654	839
5655	877
5656	933
5657	983
5658	854
5659	931
5660	986
5661	1003
5662	981
5663	955
5664	920
5665	926
5666	895
5667	893
5668	984
5669	921
5670	873
5671	907
5672	1064
5673	921
5674	904
5675	901
5676	885
5677	923
5678	946
5679	932
5680	968
5681	969
5682	918
5683	927
5684	838
5685	904
5686	885
5687	878
5688	906
5689	906
5690	924
5691	922
5692	887
5693	884
5694	895
5695	895
5696	927
5697	924
5698	896
5699	884
5700	1030
5701	963
5702	845
5703	908
5704	972
5705	950
5706	900
5707	887
5708	835
5709	882
5710	802
5711	822
5712	896
5713	897
5714	974
5715	836
5716	962
5717	837
5718	834
5719	882
5720	861
5721	811
5722	878
5723	891
5724	948
5725	861
5726	803
5727	823
5728	771
5729	855
5730	799
5731	890
5732	777
5733	831
5734	775
5735	839
5736	786
5737	810
5738	788
5739	798
5740	839
5741	838
5742	843
5743	778
5744	852
5745	808
5746	810
5747	793
5748	764
5749	710
5750	747
5751	714
5752	798
5753	818
5754	784
5755	784
5756	830
5757	796
5758	759
5759	806
5760	747
5761	802
5762	770
5763	762
5764	838
5765	784
5766	842
5767	841
5768	802
5769	837
5770	767
5771	752
5772	882
5773	850
5774	789
5775	851
5776	839
5777	859
5778	905
5779	773
5780	803
5781	807
5782	770
5783	735
5784	786
5785	830
5786	794
5787	807
5788	758
5789	768
5790	775
5791	791
5792	849
5793	839
5794	777
5795	789
5796	737
5797	782
5798	784
5799	724
5800	778
5801	796
5802	823
5803	755
5804	811
5805	800
5806	750
5807	756
5808	777
5809	840
5810	835
5811	712
5812	756
5813	695
5814	797
5815	728
5816	796
5817	877
5818	829
5819	749
5820	873
5821	756
5822	825
5823	793
5824	778
5825	836
5826	781
5827	827
5828	805
5829	800
5830	829
5831	919
5832	831
5833	874
5834	876
5835	804
5836	925
5837	818
5838	868
5839	790
5840	876
5841	878
5842	896
5843	811
5844	811
5845	777
5846	786
5847	817
5848	880
5849	813
5850	820
5851	871
5852	770
5853	869
5854	868
5855	852
5856	880
5857	784
5858	869
5859	837
5860	786
5861	808
5862	727
5863	866
5864	753
5865	791
5866	808
5867	809
5868	815
5869	805
5870	830
5871	847
5872	783
5873	814
5874	799
5875	807
5876	807
5877	741
5878	832
5879	837
5880	796
5881	865
5882	887
5883	806
5884	792
5885	863
5886	865
5887	813
5888	817
5889	697
5890	760
5891	877
5892	847
5893	841
5894	863
5895	824
5896	799
5897	780
5898	826
5899	837
5900	754
5901	825
5902	836
5903	872
5904	827
5905	921
5906	850
5907	802
5908	824
5909	821
5910	781
5911	858
5912	834
5913	751
5914	756
5915	756
5916	767
5917	777
5918	798
5919	761
5920	826
5921	803
5922	775
5923	729
5924	826
5925	777
5926	765
5927	790
5928	794
5929	753
5930	710
5931	746
5932	864
5933	828
5934	819
5935	734
5936	724
5937	724
5938	742
5939	787
5940	825
5941	805
5942	721
5943	716
5944	691
5945	720
5946	747
5947	852
5948	851
5949	702
5950	809
5951	887
5952	800
5953	782
5954	725
5955	752
5956	828
5957	813
5958	796
5959	760
5960	743
5961	830
5962	794
5963	803
5964	809
5965	807
5966	834
5967	758
5968	803
5969	886
5970	823
5971	836
5972	826
5973	900
5974	820
5975	787
5976	870
5977	814
5978	844
5979	809
5980	821
5981	898
5982	802
5983	834
5984	832
5985	854
5986	798
5987	839
5988	931
5989	788
5990	794
5991	856
5992	803
5993	747
5994	827
5995	881
5996	767
5997	797
5998	805
5999	820
6000	810
6001	789
6002	831
6003	776
6004	891
6005	726
6006	811
6007	810
6008	862
6009	857
6010	824
6011	858
6012	804
6013	869
6014	859
6015	777
6016	780
6017	853
6018	797
6019	833
6020	846
6021	904
6022	800
6023	781
6024	899
6025	823
6026	753
6027	803
6028	777
6029	832
6030	807
6031	771
6032	789
6033	757
6034	769
6035	816
6036	789
6037	758
6038	814
6039	734
6040	766
6041	767
6042	779
6043	758
6044	766
6045	777
6046	696
6047	740
6048	711
6049	814
6050	766
6051	780
6052	800
6053	818
6054	915
6055	722
6056	793
6057	748
6058	745
6059	745
6060	675
6061	774
6062	777
6063	721
6064	738
6065	719
6066	772
6067	756
6068	794
6069	762
6070	756
6071	777
6072	786
6073	761
6074	733
6075	786
6076	690
6077	692
6078	753
6079	776
6080	707
6081	780
6082	723
6083	757
6084	755
6085	695
6086	764
6087	720
6088	761
6089	663
6090	749
6091	794
6092	740
6093	745
6094	694
6095	737
6096	740
6097	731
6098	735
6099	733
6100	688
6101	747
6102	731
6103	727
6104	750
6105	686
6106	760
6107	737
6108	714
6109	720
6110	772
6111	763
6112	665
6113	756
6114	773
6115	719
6116	772
6117	733
6118	736
6119	717
6120	713
6121	673
6122	767
6123	715
6124	749
6125	744
6126	727
6127	800
6128	812
6129	795
6130	884
6131	959
6132	830
6133	991
6134	767
6135	765
6136	660
6137	765
6138	776
6139	790
6140	766
6141	770
6142	797
6143	719
6144	758
6145	711
6146	822
6147	765
6148	747
6149	677
6150	738
6151	668
6152	650
6153	699
6154	655
6155	676
6156	693
6157	726
6158	656
6159	671
6160	678
6161	692
6162	638
6163	648
6164	650
6165	692
6166	668
6167	673
6168	670
6169	649
6170	678
6171	587
6172	636
6173	635
6174	674
6175	688
6176	707
6177	662
6178	704
6179	620
6180	657
6181	587
6182	625
6183	730
6184	727
6185	704
6186	647
6187	654
6188	644
6189	755
6190	716
6191	684
6192	648
6193	667
6194	693
6195	652
6196	760
6197	679
6198	624
6199	631
6200	635
6201	687
6202	716
6203	617
6204	638
6205	639
6206	692
6207	601
6208	614
6209	633
6210	645
6211	672
6212	633
6213	669
6214	595
6215	653
6216	600
6217	566
6218	614
6219	697
6220	623
6221	668
6222	612
6223	648
6224	593
6225	644
6226	604
6227	615
6228	688
6229	700
6230	609
6231	696
6232	650
6233	661
6234	688
6235	608
6236	644
6237	651
6238	747
6239	663
6240	655
6241	602
6242	644
6243	686
6244	712
6245	630
6246	664
6247	685
6248	582
6249	671
6250	691
6251	667
6252	653
6253	672
6254	704
6255	708
6256	708
6257	654
6258	698
6259	681
6260	670
6261	639
6262	643
6263	646
6264	625
6265	687
6266	693
6267	663
6268	674
6269	635
6270	692
6271	689
6272	687
6273	656
6274	728
6275	682
6276	685
6277	655
6278	646
6279	641
6280	621
6281	724
6282	689
6283	655
6284	630
6285	668
6286	606
6287	665
6288	615
6289	647
6290	609
6291	679
6292	660
6293	596
6294	626
6295	654
6296	669
6297	680
6298	632
6299	609
6300	666
6301	601
6302	706
6303	688
6304	663
6305	678
6306	677
6307	715
6308	716
6309	680
6310	750
6311	645
6312	701
6313	701
6314	692
6315	654
6316	708
6317	710
6318	689
6319	674
6320	731
6321	667
6322	683
6323	718
6324	785
6325	765
6326	809
6327	727
6328	752
6329	817
6330	834
6331	829
6332	828
6333	747
6334	724
6335	701
6336	731
6337	741
6338	794
6339	739
6340	689
6341	707
6342	805
6343	726
6344	759
6345	750
6346	728
6347	707
6348	754
6349	660
6350	804
6351	669
6352	712
6353	698
6354	718
6355	744
6356	699
6357	707
6358	690
6359	701
6360	731
6361	700
6362	713
6363	725
6364	750
6365	686
6366	692
6367	726
6368	711
6369	735
6370	663
6371	696
6372	719
6373	735
6374	701
6375	773
6376	730
6377	717
6378	626
6379	690
6380	745
6381	656
6382	700
6383	722
6384	657
6385	752
6386	693
6387	762
6388	723
6389	721
6390	738
6391	827
6392	778
6393	730
6394	703
6395	723
6396	709
6397	780
6398	660
6399	795
6400	664
6401	749
6402	728
6403	704
6404	733
6405	671
6406	692
6407	757
6408	711
6409	747
6410	750
6411	653
6412	671
6413	720
6414	738
6415	757
6416	682
6417	720
6418	784
6419	708
6420	666
6421	746
6422	734
6423	673
6424	779
6425	714
6426	700
6427	750
6428	734
6429	686
6430	693
6431	675
6432	675
6433	721
6434	728
6435	747
6436	663
6437	739
6438	727
6439	757
6440	728
6441	699
6442	678
6443	718
6444	783
6445	703
6446	708
6447	724
6448	717
6449	731
6450	687
6451	769
6452	697
6453	735
6454	724
6455	717
6456	682
6457	758
6458	760
6459	723
6460	704
6461	669
6462	684
6463	680
6464	708
6465	646
6466	715
6467	661
6468	683
6469	738
6470	669
6471	791
6472	744
6473	708
6474	744
6475	709
6476	716
6477	661
6478	723
6479	713
6480	711
6481	681
6482	674
6483	735
6484	800
6485	722
6486	705
6487	704
6488	703
6489	709
6490	783
6491	730
6492	773
6493	744
6494	770
6495	759
6496	732
6497	772
6498	725
6499	830
6500	771
6501	834
6502	801
6503	798
6504	747
6505	862
6506	745
6507	743
6508	755
6509	720
6510	699
6511	806
6512	788
6513	734
6514	731
6515	752
6516	710
6517	729
6518	796
6519	774
6520	757
6521	676
6522	751
6523	704
6524	797
6525	761
6526	721
6527	810
6528	765
6529	824
6530	778
6531	772
6532	768
6533	754
6534	685
6535	752
6536	745
6537	743
6538	778
6539	818
6540	801
6541	790
6542	879
6543	824
6544	754
6545	712
6546	786
6547	780
6548	695
6549	751
6550	785
6551	778
6552	771
6553	715
6554	703
6555	679
6556	697
6557	753
6558	682
6559	792
6560	734
6561	712
6562	728
6563	728
6564	746
6565	745
6566	753
6567	703
6568	776
6569	747
6570	799
6571	648
6572	721
6573	673
6574	755
6575	771
6576	750
6577	644
6578	648
6579	720
6580	626
6581	799
6582	708
6583	680
6584	707
6585	684
6586	718
6587	773
6588	713
6589	688
6590	714
6591	765
6592	737
6593	744
6594	822
6595	1004
6596	765
6597	864
6598	783
6599	782
6600	977
6601	815
6602	931
6603	868
6604	760
6605	763
6606	707
6607	703
6608	716
6609	766
6610	751
6611	780
6612	764
6613	698
6614	682
6615	640
6616	665
6617	688
6618	693
6619	659
6620	661
6621	713
6622	597
6623	622
6624	612
6625	605
6626	632
6627	597
6628	630
6629	636
6630	628
6631	638
6632	586
6633	532
6634	601
6635	654
6636	575
6637	621
6638	569
6639	591
6640	572
6641	576
6642	566
6643	642
6644	652
6645	585
6646	607
6647	559
6648	616
6649	629
6650	602
6651	625
6652	518
6653	617
6654	591
6655	611
6656	617
6657	559
6658	571
6659	559
6660	552
6661	607
6662	569
6663	521
6664	555
6665	562
6666	560
6667	571
6668	582
6669	526
6670	567
6671	582
6672	554
6673	549
6674	528
6675	579
6676	540
6677	535
6678	561
6679	583
6680	538
6681	527
6682	565
6683	562
6684	561
6685	553
6686	492
6687	592
6688	631
6689	621
6690	552
6691	572
6692	546
6693	601
6694	587
6695	540
6696	541
6697	555
6698	559
6699	557
6700	628
6701	586
6702	608
6703	574
6704	621
6705	594
6706	554
6707	613
6708	647
6709	537
6710	570
6711	630
6712	546
6713	659
6714	620
6715	649
6716	603
6717	619
6718	624
6719	619
6720	619
6721	717
6722	657
6723	651
6724	758
6725	739
6726	754
6727	743
6728	633
6729	634
6730	634
6731	632
6732	654
6733	678
6734	692
6735	672
6736	638
6737	674
6738	766
6739	776
6740	707
6741	735
6742	670
6743	699
6744	695
6745	721
6746	744
6747	788
6748	741
6749	773
6750	669
6751	751
6752	693
6753	709
6754	685
6755	626
6756	670
6757	667
6758	687
6759	724
6760	705
6761	680
6762	758
6763	709
6764	712
6765	747
6766	941
6767	798
6768	801
6769	707
6770	862
6771	889
6772	879
6773	850
6774	789
6775	808
6776	802
6777	702
6778	746
6779	674
6780	760
6781	754
6782	688
6783	691
6784	720
6785	650
6786	715
6787	785
6788	693
6789	745
6790	689
6791	745
6792	745
6793	765
6794	730
6795	791
6796	759
6797	686
6798	625
6799	745
6800	654
6801	696
6802	626
6803	689
6804	719
6805	667
6806	670
6807	650
6808	621
6809	741
6810	752
6811	640
6812	707
6813	671
6814	704
6815	673
6816	637
6817	675
6818	697
6819	632
6820	673
6821	615
6822	615
6823	676
6824	647
6825	639
6826	626
6827	650
6828	646
6829	630
6830	720
6831	694
6832	655
6833	620
6834	616
6835	617
6836	637
6837	641
6838	637
6839	688
6840	681
6841	659
6842	651
6843	646
6844	647
6845	705
6846	678
6847	706
6848	684
6849	633
6850	698
6851	660
6852	659
6853	657
6854	639
6855	667
6856	678
6857	702
6858	727
6859	687
6860	683
6861	557
6862	648
6863	672
6864	614
6865	640
6866	664
6867	633
6868	645
6869	551
6870	603
6871	592
6872	688
6873	617
6874	662
6875	571
6876	625
6877	595
6878	611
6879	602
6880	648
6881	553
6882	571
6883	572
6884	657
6885	680
6886	644
6887	662
6888	641
6889	634
6890	629
6891	655
6892	626
6893	615
6894	588
6895	610
6896	621
6897	610
6898	646
6899	647
6900	638
6901	670
6902	627
6903	608
6904	590
6905	598
6906	704
6907	639
6908	618
6909	652
6910	623
6911	610
6912	585
6913	605
6914	643
6915	675
6916	644
6917	630
6918	592
6919	598
6920	626
6921	622
6922	627
6923	640
6924	605
6925	577
6926	552
6927	587
6928	694
6929	687
6930	621
6931	633
6932	548
6933	585
6934	619
6935	620
6936	617
6937	609
6938	598
6939	550
6940	582
6941	637
6942	629
6943	624
6944	622
6945	569
6946	595
6947	635
6948	615
6949	653
6950	635
6951	547
6952	610
6953	672
6954	604
6955	615
6956	635
6957	565
6958	552
6959	601
6960	662
6961	585
6962	597
6963	580
6964	524
6965	562
6966	642
6967	584
6968	554
6969	567
6970	566
6971	572
6972	618
6973	610
6974	553
6975	501
6976	601
6977	615
6978	576
6979	594
6980	549
6981	603
6982	647
6983	583
6984	603
6985	621
6986	529
6987	602
6988	574
6989	550
6990	542
6991	595
6992	654
6993	598
6994	601
6995	625
6996	569
6997	597
6998	605
6999	548
7000	579
7001	605
7002	637
7003	575
7004	587
7005	623
7006	586
7007	634
7008	638
7009	610
7010	620
7011	533
7012	524
7013	613
7014	623
7015	550
7016	638
7017	600
7018	609
7019	577
7020	648
7021	604
7022	548
7023	615
7024	584
7025	617
7026	567
7027	628
7028	576
7029	611
7030	594
7031	602
7032	612
7033	600
7034	634
7035	573
7036	643
7037	606
7038	568
7039	590
7040	510
7041	588
7042	586
7043	641
7044	641
7045	654
7046	643
7047	634
7048	609
7049	629
7050	541
7051	616
7052	596
7053	578
7054	567
7055	608
7056	642
7057	591
7058	660
7059	694
7060	550
7061	606
7062	689
7063	619
7064	670
7065	613
7066	623
7067	669
7068	612
7069	606
7070	585
7071	608
7072	651
7073	657
7074	609
7075	612
7076	650
7077	626
7078	588
7079	634
7080	575
7081	604
7082	583
7083	642
7084	617
7085	659
7086	629
7087	676
7088	638
7089	576
7090	703
7091	651
7092	617
7093	578
7094	676
7095	666
7096	659
7097	600
7098	646
7099	702
7100	635
7101	694
7102	659
7103	624
7104	625
7105	630
7106	588
7107	610
7108	570
7109	577
7110	628
7111	612
7112	526
7113	650
7114	607
7115	617
7116	550
7117	573
7118	613
7119	572
7120	640
7121	612
7122	565
7123	626
7124	568
7125	584
7126	571
7127	577
7128	543
7129	636
7130	570
7131	567
7132	505
7133	570
7134	547
7135	532
7136	549
7137	546
7138	585
7139	544
7140	524
7141	585
7142	557
7143	568
7144	501
7145	541
7146	607
7147	622
7148	554
7149	538
7150	619
7151	605
7152	563
7153	598
7154	526
7155	580
7156	560
7157	563
7158	509
7159	592
7160	591
7161	499
7162	568
7163	578
7164	575
7165	551
7166	606
7167	562
7168	524
7169	558
7170	517
7171	632
7172	568
7173	600
7174	584
7175	609
7176	581
7177	601
7178	577
7179	576
7180	632
7181	616
7182	583
7183	566
7184	657
7185	575
7186	631
7187	600
7188	622
7189	576
7190	581
7191	608
7192	674
7193	576
7194	581
7195	570
7196	634
7197	697
7198	600
7199	627
7200	636
7201	582
7202	662
7203	624
7204	643
7205	615
7206	648
7207	636
7208	663
7209	552
7210	586
7211	649
7212	692
7213	619
7214	685
7215	571
7216	621
7217	691
7218	608
7219	685
7220	676
7221	626
7222	677
7223	687
7224	611
7225	692
7226	737
7227	653
7228	619
7229	654
7230	663
7231	627
7232	601
7233	572
7234	665
7235	687
7236	611
7237	666
7238	716
7239	667
7240	670
7241	641
7242	574
7243	616
7244	628
7245	691
7246	606
7247	653
7248	592
7249	549
7250	579
7251	574
7252	634
7253	582
7254	689
7255	574
7256	630
7257	646
7258	589
7259	644
7260	640
7261	696
7262	691
7263	703
7264	652
7265	632
7266	638
7267	583
7268	621
7269	586
7270	571
7271	645
7272	623
7273	631
7274	674
7275	637
7276	732
7277	585
7278	664
7279	629
7280	667
7281	699
7282	639
7283	718
7284	591
7285	745
7286	759
7287	784
7288	643
7289	693
7290	727
7291	701
7292	590
7293	671
7294	736
7295	549
7296	609
7297	616
7298	570
7299	536
7300	553
7301	595
7302	555
7303	579
7304	525
7305	552
7306	539
7307	583
7308	471
7309	537
7310	596
7311	565
7312	590
7313	552
7314	575
7315	588
7316	588
7317	586
7318	648
7319	621
7320	560
7321	613
7322	557
7323	508
7324	555
7325	565
7326	567
7327	507
7328	595
7329	538
7330	535
7331	534
7332	553
7333	557
7334	536
7335	545
7336	590
7337	570
7338	587
7339	553
7340	581
7341	576
7342	630
7343	577
7344	589
7345	615
7346	553
7347	532
7348	553
7349	565
7350	554
7351	582
7352	532
7353	532
7354	556
7355	573
7356	548
7357	522
7358	570
7359	550
7360	523
7361	555
7362	536
7363	549
7364	615
7365	556
7366	544
7367	533
7368	560
7369	560
7370	478
7371	560
7372	526
7373	583
7374	596
7375	570
7376	590
7377	538
7378	538
7379	543
7380	497
7381	524
7382	573
7383	553
7384	579
7385	610
7386	650
7387	544
7388	503
7389	541
7390	559
7391	555
7392	500
7393	550
7394	568
7395	554
7396	512
7397	580
7398	560
7399	599
7400	534
7401	510
7402	500
7403	516
7404	559
7405	570
7406	562
7407	555
7408	551
7409	587
7410	606
7411	605
7412	577
7413	543
7414	587
7415	564
7416	621
7417	693
7418	713
7419	715
7420	728
7421	604
7422	543
7423	517
7424	504
7425	523
7426	607
7427	583
7428	550
7429	530
7430	502
7431	498
7432	511
7433	517
7434	589
7435	511
7436	535
7437	590
7438	521
7439	548
7440	608
7441	541
7442	469
7443	557
7444	563
7445	540
7446	561
7447	533
7448	523
7449	557
7450	570
7451	526
7452	587
7453	556
7454	503
7455	548
7456	582
7457	528
7458	493
7459	495
7460	516
7461	533
7462	566
7463	468
7464	542
7465	452
7466	488
7467	416
7468	523
7469	497
7470	479
7471	477
7472	404
7473	493
7474	461
7475	531
7476	543
7477	532
7478	515
7479	531
7480	515
7481	571
7482	582
7483	622
7484	601
7485	598
7486	497
7487	528
7488	522
7489	483
7490	431
7491	477
7492	446
7493	477
7494	455
7495	450
7496	460
7497	450
7498	470
7499	463
7500	440
7501	475
7502	476
7503	446
7504	471
7505	475
7506	497
7507	500
7508	455
7509	474
7510	480
7511	504
7512	454
7513	475
7514	507
7515	431
7516	433
7517	454
7518	398
7519	518
7520	483
7521	479
7522	479
7523	540
7524	510
7525	470
7526	493
7527	501
7528	430
7529	492
7530	506
7531	512
7532	469
7533	436
7534	440
7535	492
7536	478
7537	555
7538	502
7539	505
7540	529
7541	465
7542	465
7543	447
7544	437
7545	459
7546	457
7547	458
7548	504
7549	463
7550	527
7551	491
7552	459
7553	461
7554	452
7555	461
7556	497
7557	467
7558	523
7559	470
7560	465
7561	436
7562	460
7563	460
7564	458
7565	457
7566	504
7567	455
7568	560
7569	518
7570	474
7571	492
7572	484
7573	482
7574	469
7575	480
7576	489
7577	503
7578	470
7579	491
7580	490
7581	473
7582	474
7583	504
7584	545
7585	462
7586	506
7587	464
7588	503
7589	533
7590	442
7591	445
7592	423
7593	448
7594	468
7595	512
7596	468
7597	555
7598	484
7599	474
7600	459
7601	492
7602	451
7603	459
7604	520
7605	448
7606	476
7607	507
7608	434
7609	494
7610	437
7611	467
7612	488
7613	473
7614	463
7615	445
7616	413
7617	445
7618	451
7619	444
7620	441
7621	458
7622	432
7623	447
7624	453
7625	433
7626	461
7627	479
7628	448
7629	481
7630	471
7631	444
7632	431
7633	462
7634	440
7635	473
7636	482
7637	507
7638	497
7639	536
7640	495
7641	526
7642	513
7643	511
7644	468
7645	510
7646	489
7647	543
7648	514
7649	478
7650	510
7651	512
7652	502
7653	505
7654	524
7655	560
7656	517
7657	505
7658	493
7659	513
7660	519
7661	517
7662	444
7663	467
7664	499
7665	502
7666	509
7667	470
7668	501
7669	510
7670	523
7671	462
7672	515
7673	432
7674	602
7675	492
7676	494
7677	480
7678	545
7679	453
7680	447
7681	521
7682	458
7683	527
7684	527
7685	501
7686	534
7687	532
7688	506
7689	492
7690	542
7691	519
7692	529
7693	503
7694	503
7695	490
7696	456
7697	516
7698	496
7699	499
7700	458
7701	515
7702	485
7703	531
7704	557
7705	532
7706	481
7707	486
7708	494
7709	532
7710	508
7711	512
7712	494
7713	501
7714	487
7715	466
7716	539
7717	496
7718	555
7719	489
7720	505
7721	428
7722	482
7723	559
7724	435
7725	463
7726	540
7727	467
7728	521
7729	537
7730	570
7731	545
7732	578
7733	482
7734	508
7735	546
7736	512
7737	549
7738	490
7739	533
7740	516
7741	478
7742	488
7743	466
7744	478
7745	494
7746	483
7747	473
7748	498
7749	452
7750	491
7751	431
7752	465
7753	445
7754	556
7755	527
7756	487
7757	484
7758	496
7759	527
7760	445
7761	514
7762	543
7763	486
7764	506
7765	506
7766	488
7767	459
7768	513
7769	486
7770	418
7771	578
7772	552
7773	479
7774	523
7775	495
7776	530
7777	613
7778	493
7779	508
7780	525
7781	529
7782	520
7783	478
7784	535
7785	488
7786	528
7787	536
7788	464
7789	523
7790	525
7791	506
7792	537
7793	572
7794	548
7795	505
7796	544
7797	485
7798	537
7799	550
7800	554
7801	503
7802	458
7803	569
7804	535
7805	606
7806	495
7807	478
7808	560
7809	526
7810	450
7811	574
7812	508
7813	457
7814	528
7815	465
7816	488
7817	520
7818	500
7819	530
7820	562
7821	546
7822	528
7823	537
7824	551
7825	505
7826	515
7827	543
7828	498
7829	488
7830	476
7831	536
7832	524
7833	521
7834	539
7835	458
7836	580
7837	483
7838	511
7839	480
7840	520
7841	438
7842	508
7843	478
7844	570
7845	547
7846	511
7847	547
7848	557
7849	577
7850	501
7851	562
7852	545
7853	506
7854	524
7855	490
7856	549
7857	507
7858	513
7859	488
7860	489
7861	500
7862	548
7863	519
7864	529
7865	509
7866	555
7867	493
7868	508
7869	534
7870	501
7871	474
7872	521
7873	505
7874	484
7875	485
7876	539
7877	535
7878	513
7879	532
7880	482
7881	465
7882	499
7883	506
7884	516
7885	492
7886	488
7887	517
7888	541
7889	516
7890	545
7891	505
7892	519
7893	498
7894	508
7895	567
7896	551
7897	497
7898	498
7899	550
7900	512
7901	540
7902	557
7903	540
7904	541
7905	537
7906	493
7907	606
7908	564
7909	613
7910	575
7911	623
7912	648
7913	580
7914	612
7915	558
7916	524
7917	569
7918	567
7919	633
7920	616
7921	695
7922	571
7923	652
7924	520
7925	550
7926	554
7927	581
7928	540
7929	533
7930	518
7931	556
7932	558
7933	507
7934	550
7935	540
7936	564
7937	522
7938	607
7939	539
7940	538
7941	548
7942	540
7943	510
7944	495
7945	522
7946	560
7947	530
7948	497
7949	480
7950	538
7951	462
7952	551
7953	544
7954	514
7955	543
7956	546
7957	527
7958	515
7959	539
7960	506
7961	521
7962	566
7963	527
7964	502
7965	531
7966	524
7967	566
7968	589
7969	526
7970	543
7971	605
7972	545
7973	572
7974	606
7975	512
7976	539
7977	556
7978	470
7979	488
7980	537
7981	551
7982	567
7983	570
7984	485
7985	522
7986	519
7987	477
7988	530
7989	568
7990	512
7991	497
7992	562
7993	542
7994	489
7995	518
7996	458
7997	513
7998	552
7999	460
8000	473
8001	483
8002	491
8003	463
8004	504
8005	526
8006	452
8007	511
8008	535
8009	474
8010	481
8011	556
8012	467
8013	492
8014	507
8015	490
8016	490
8017	569
8018	528
8019	446
8020	494
8021	499
8022	544
8023	491
8024	458
8025	554
8026	527
8027	558
8028	514
8029	509
8030	512
8031	515
8032	547
8033	531
8034	584
8035	563
8036	496
8037	556
8038	472
8039	542
8040	524
8041	528
8042	579
8043	561
8044	580
8045	656
8046	641
8047	599
8048	571
8049	620
8050	563
8051	574
8052	558
8053	560
8054	604
8055	635
8056	637
8057	548
8058	569
8059	630
8060	594
8061	618
8062	619
8063	631
8064	710
8065	657
8066	723
8067	582
8068	726
8069	652
8070	621
8071	644
8072	578
8073	720
8074	611
8075	739
8076	685
8077	702
8078	668
8079	646
8080	617
8081	629
8082	595
8083	656
8084	632
8085	630
8086	613
8087	616
8088	540
8089	576
8090	551
8091	562
8092	575
8093	646
8094	522
8095	562
8096	511
8097	551
8098	513
8099	600
8100	574
8101	559
8102	577
8103	566
8104	557
8105	527
8106	519
8107	586
8108	597
8109	610
8110	557
8111	633
8112	627
8113	616
8114	623
8115	561
8116	568
8117	592
8118	586
8119	547
8120	579
8121	507
8122	567
8123	628
8124	624
8125	553
8126	696
8127	579
8128	552
8129	619
8130	598
8131	587
8132	700
8133	579
8134	554
8135	586
8136	562
8137	658
8138	593
8139	643
8140	568
8141	615
8142	635
8143	625
8144	527
8145	582
8146	577
8147	523
8148	526
8149	616
8150	567
8151	586
8152	598
8153	572
8154	498
8155	509
8156	516
8157	510
8158	515
8159	573
8160	552
8161	505
8162	483
8163	513
8164	528
8165	481
8166	553
8167	504
8168	485
8169	581
8170	500
8171	517
8172	521
8173	454
8174	467
8175	472
8176	485
8177	578
8178	483
8179	525
8180	517
8181	513
8182	444
8183	510
8184	478
8185	435
8186	442
8187	486
8188	500
8189	471
8190	428
8191	479
8192	501
8193	522
8194	502
8195	515
8196	555
8197	460
8198	468
8199	459
8200	475
8201	436
8202	538
8203	481
8204	503
8205	470
8206	482
8207	463
8208	467
8209	546
8210	475
8211	503
8212	502
8213	528
8214	430
8215	471
8216	451
8217	477
8218	454
8219	533
8220	482
8221	504
8222	476
8223	478
8224	455
8225	455
8226	473
8227	468
8228	389
8229	459
8230	496
8231	446
8232	478
8233	471
8234	481
8235	503
8236	464
8237	417
8238	536
8239	480
8240	444
8241	486
8242	439
8243	480
8244	442
8245	451
8246	387
8247	394
8248	465
8249	415
8250	444
8251	471
8252	411
8253	416
8254	418
8255	449
8256	430
8257	452
8258	410
8259	431
8260	444
8261	463
8262	454
8263	459
8264	413
8265	427
8266	416
8267	461
8268	405
8269	430
8270	444
8271	448
8272	412
8273	408
8274	389
8275	429
8276	447
8277	458
8278	419
8279	500
8280	464
8281	430
8282	405
8283	502
8284	394
8285	416
8286	432
8287	470
8288	421
8289	355
8290	475
8291	423
8292	379
8293	374
8294	421
8295	489
8296	402
8297	418
8298	444
8299	455
8300	438
8301	442
8302	467
8303	453
8304	410
8305	467
8306	419
8307	431
8308	381
8309	441
8310	465
8311	511
8312	496
8313	448
8314	460
8315	444
8316	453
8317	485
8318	486
8319	525
8320	426
8321	445
8322	477
8323	447
8324	455
8325	473
8326	447
8327	434
8328	487
8329	414
8330	460
8331	443
8332	437
8333	461
8334	388
8335	532
8336	436
8337	470
8338	478
8339	429
8340	409
8341	475
8342	449
8343	510
8344	480
8345	439
8346	467
8347	508
8348	438
8349	474
8350	478
8351	419
8352	522
8353	461
8354	495
8355	416
8356	481
8357	418
8358	500
8359	430
8360	488
8361	398
8362	454
8363	441
8364	466
8365	477
8366	458
8367	442
8368	484
8369	485
8370	452
8371	419
8372	462
8373	415
8374	467
8375	462
8376	476
8377	423
8378	435
8379	472
8380	416
8381	436
8382	448
8383	433
8384	430
8385	424
8386	422
8387	412
8388	438
8389	455
8390	408
8391	495
8392	468
8393	405
8394	500
8395	424
8396	418
8397	472
8398	420
8399	375
8400	507
8401	438
8402	437
8403	443
8404	449
8405	434
8406	451
8407	443
8408	444
8409	607
8410	529
8411	589
8412	512
8413	472
8414	445
8415	444
8416	438
8417	402
8418	469
8419	482
8420	457
8421	447
8422	552
8423	489
8424	455
8425	476
8426	379
8427	465
8428	487
8429	472
8430	502
8431	403
8432	457
8433	397
8434	388
8435	408
8436	440
8437	403
8438	416
8439	429
8440	416
8441	459
8442	441
8443	460
8444	442
8445	443
8446	414
8447	397
8448	457
8449	503
8450	456
8451	487
8452	438
8453	424
8454	432
8455	448
8456	462
8457	366
8458	354
8459	412
8460	437
8461	394
8462	451
8463	442
8464	438
8465	467
8466	425
8467	463
8468	424
8469	421
8470	453
8471	374
8472	397
8473	391
8474	464
8475	452
8476	451
8477	473
8478	397
8479	470
8480	403
8481	388
8482	424
8483	388
8484	442
8485	403
8486	408
8487	401
8488	405
8489	406
8490	396
8491	415
8492	433
8493	428
8494	382
8495	406
8496	396
8497	418
8498	412
8499	412
8500	428
8501	410
8502	403
8503	437
8504	410
8505	409
8506	384
8507	411
8508	363
8509	428
8510	408
8511	398
8512	385
8513	395
8514	400
8515	455
8516	394
8517	436
8518	378
8519	355
8520	394
8521	430
8522	391
8523	396
8524	383
8525	397
8526	443
8527	410
8528	447
8529	450
8530	398
8531	398
8532	418
8533	438
8534	380
8535	466
8536	391
8537	397
8538	365
8539	426
8540	447
8541	437
8542	477
8543	423
8544	478
8545	402
8546	395
8547	401
8548	462
8549	410
8550	454
8551	361
8552	445
8553	456
8554	435
8555	455
8556	416
8557	395
8558	382
8559	430
8560	404
8561	396
8562	361
8563	379
8564	350
8565	421
8566	392
8567	415
8568	395
8569	406
8570	416
8571	365
8572	357
8573	419
8574	416
8575	428
8576	407
8577	424
8578	408
8579	389
8580	414
8581	486
8582	435
8583	491
8584	466
8585	437
8586	473
8587	385
8588	430
8589	430
8590	416
8591	366
8592	322
8593	395
8594	406
8595	398
8596	366
8597	339
8598	376
8599	376
8600	355
8601	375
8602	362
8603	395
8604	383
8605	351
8606	400
8607	362
8608	344
8609	339
8610	360
8611	357
8612	343
8613	371
8614	363
8615	374
8616	414
8617	411
8618	350
8619	360
8620	377
8621	360
8622	341
8623	379
8624	318
8625	322
8626	409
8627	348
8628	392
8629	370
8630	349
8631	373
8632	304
8633	371
8634	360
8635	350
8636	329
8637	373
8638	385
8639	383
8640	391
8641	361
8642	385
8643	365
8644	355
8645	345
8646	347
8647	341
8648	344
8649	341
8650	376
8651	388
8652	386
8653	395
8654	356
8655	388
8656	376
8657	344
8658	351
8659	341
8660	336
8661	375
8662	321
8663	362
8664	377
8665	336
8666	399
8667	387
8668	404
8669	388
8670	338
8671	373
8672	414
8673	347
8674	397
8675	420
8676	356
8677	388
8678	372
8679	373
8680	352
8681	406
8682	386
8683	397
8684	345
8685	369
8686	362
8687	378
8688	365
8689	369
8690	326
8691	359
8692	374
8693	413
8694	362
8695	354
8696	368
8697	361
8698	401
8699	382
8700	372
8701	367
8702	379
8703	388
8704	380
8705	342
8706	337
8707	391
8708	399
8709	357
8710	346
8711	393
8712	385
8713	398
8714	359
8715	389
8716	373
8717	348
8718	367
8719	384
8720	374
8721	390
8722	390
8723	387
8724	363
8725	416
8726	377
8727	357
8728	373
8729	398
8730	381
8731	379
8732	378
8733	377
8734	399
8735	356
8736	309
8737	344
8738	429
8739	403
8740	355
8741	455
8742	388
8743	406
8744	384
8745	386
8746	396
8747	402
8748	409
8749	324
8750	364
8751	438
8752	388
8753	448
8754	337
8755	406
8756	419
8757	395
8758	351
8759	425
8760	402
8761	366
8762	431
8763	416
8764	429
8765	393
8766	415
8767	443
8768	399
8769	403
8770	413
8771	376
8772	390
8773	416
8774	432
8775	440
8776	463
8777	485
8778	427
8779	416
8780	394
8781	452
8782	424
8783	392
8784	456
8785	390
8786	409
8787	360
8788	381
8789	367
8790	450
8791	440
8792	413
8793	374
8794	418
8795	380
8796	415
8797	394
8798	377
8799	432
8800	445
8801	444
8802	434
8803	395
8804	366
8805	391
8806	452
8807	398
8808	449
8809	378
8810	424
8811	447
8812	394
8813	411
8814	430
8815	461
8816	456
8817	448
8818	424
8819	411
8820	425
8821	441
8822	409
8823	462
8824	476
8825	437
8826	468
8827	460
8828	435
8829	454
8830	395
8831	415
8832	455
8833	409
8834	423
8835	403
8836	451
8837	468
8838	442
8839	413
8840	400
8841	403
8842	415
8843	476
8844	433
8845	465
8846	465
8847	445
8848	465
8849	423
8850	488
8851	469
8852	454
8853	453
8854	468
8855	543
8856	518
8857	459
8858	454
8859	438
8860	463
8861	519
8862	411
8863	378
8864	489
8865	451
8866	410
8867	447
8868	468
8869	445
8870	524
8871	454
8872	459
8873	409
8874	429
8875	425
8876	447
8877	408
8878	411
8879	448
8880	433
8881	399
8882	442
8883	450
8884	397
8885	384
8886	388
8887	408
8888	378
8889	402
8890	374
8891	366
8892	378
8893	364
8894	411
8895	363
8896	366
8897	399
8898	381
8899	428
8900	371
8901	342
8902	394
8903	405
8904	393
8905	344
8906	395
8907	433
8908	430
8909	387
8910	376
8911	393
8912	435
8913	433
8914	423
8915	456
8916	437
8917	415
8918	388
8919	425
8920	425
8921	422
8922	423
8923	349
8924	392
8925	493
8926	459
8927	426
8928	460
8929	432
8930	469
8931	432
8932	431
8933	419
8934	426
8935	386
8936	419
8937	399
8938	416
8939	411
8940	405
8941	431
8942	376
8943	399
8944	377
8945	384
8946	448
8947	437
8948	383
8949	411
8950	365
8951	424
8952	345
8953	379
8954	390
8955	365
8956	412
8957	375
8958	366
8959	422
8960	382
8961	402
8962	382
8963	399
8964	345
8965	363
8966	386
8967	391
8968	363
8969	385
8970	354
8971	399
8972	404
8973	436
8974	410
8975	368
8976	405
8977	368
8978	397
8979	392
8980	402
8981	368
8982	418
8983	479
8984	373
8985	452
8986	391
8987	357
8988	388
8989	388
8990	373
8991	411
8992	377
8993	366
8994	387
8995	399
8996	398
8997	361
8998	389
8999	374
9000	367
9001	424
9002	451
9003	419
9004	416
9005	369
9006	381
9007	397
9008	386
9009	364
9010	372
9011	376
9012	387
9013	357
9014	415
9015	377
9016	352
9017	397
9018	403
9019	393
9020	382
9021	414
9022	379
9023	381
9024	389
9025	358
9026	348
9027	393
9028	365
9029	358
9030	421
9031	361
9032	382
9033	364
9034	368
9035	351
9036	364
9037	411
9038	386
9039	332
9040	360
9041	347
9042	394
9043	411
9044	344
9045	403
9046	376
9047	354
9048	376
9049	349
9050	353
9051	382
9052	346
9053	460
9054	402
9055	374
9056	393
9057	379
9058	304
9059	424
9060	438
9061	416
9062	409
9063	417
9064	407
9065	379
9066	374
9067	395
9068	394
9069	425
9070	393
9071	366
9072	373
9073	372
9074	341
9075	343
9076	407
9077	350
9078	363
9079	333
9080	361
9081	414
9082	398
9083	380
9084	365
9085	333
9086	287
9087	331
9088	332
9089	359
9090	362
9091	354
9092	344
9093	411
9094	366
9095	313
9096	383
9097	401
9098	359
9099	411
9100	373
9101	321
9102	394
9103	389
9104	390
9105	360
9106	396
9107	358
9108	367
9109	341
9110	416
9111	348
9112	320
9113	343
9114	350
9115	341
9116	363
9117	389
9118	363
9119	413
9120	402
9121	346
9122	394
9123	366
9124	338
9125	390
9126	315
9127	329
9128	384
9129	389
9130	343
9131	368
9132	342
9133	376
9134	363
9135	336
9136	363
9137	338
9138	365
9139	343
9140	313
9141	323
9142	356
9143	391
9144	345
9145	329
9146	308
9147	358
9148	354
9149	348
9150	366
9151	399
9152	372
9153	331
9154	374
9155	343
9156	297
9157	369
9158	321
9159	351
9160	329
9161	334
9162	333
9163	405
9164	412
9165	356
9166	321
9167	341
9168	359
9169	329
9170	371
9171	344
9172	373
9173	335
9174	358
9175	350
9176	331
9177	334
9178	346
9179	340
9180	333
9181	352
9182	300
9183	339
9184	331
9185	341
9186	336
9187	341
9188	355
9189	344
9190	354
9191	366
9192	354
9193	334
9194	342
9195	359
9196	347
9197	334
9198	328
9199	374
9200	418
9201	400
9202	357
9203	327
9204	320
9205	323
9206	339
9207	422
9208	349
9209	312
9210	295
9211	344
9212	269
9213	326
9214	373
9215	382
9216	321
9217	353
9218	307
9219	340
9220	375
9221	361
9222	328
9223	352
9224	364
9225	354
9226	314
9227	345
9228	361
9229	364
9230	335
9231	346
9232	343
9233	320
9234	329
9235	316
9236	321
9237	384
9238	337
9239	367
9240	323
9241	352
9242	341
9243	348
9244	361
9245	322
9246	386
9247	374
9248	302
9249	341
9250	364
9251	360
9252	325
9253	387
9254	385
9255	395
9256	372
9257	392
9258	379
9259	390
9260	370
9261	345
9262	375
9263	410
9264	349
9265	360
9266	370
9267	339
9268	373
9269	347
9270	341
9271	382
9272	395
9273	403
9274	339
9275	359
9276	342
9277	365
9278	369
9279	401
9280	398
9281	341
9282	323
9283	326
9284	353
9285	369
9286	361
9287	405
9288	365
9289	344
9290	430
9291	325
9292	375
9293	425
9294	401
9295	416
9296	356
9297	393
9298	384
9299	359
9300	368
9301	349
9302	406
9303	347
9304	353
9305	377
9306	394
9307	312
9308	391
9309	376
9310	374
9311	403
9312	375
9313	398
9314	387
9315	363
9316	393
9317	384
9318	342
9319	328
9320	327
9321	374
9322	355
9323	339
9324	322
9325	356
9326	305
9327	333
9328	369
9329	356
9330	339
9331	398
9332	335
9333	347
9334	356
9335	357
9336	355
9337	308
9338	365
9339	347
9340	352
9341	342
9342	314
9343	371
9344	341
9345	378
9346	336
9347	320
9348	368
9349	333
9350	322
9351	321
9352	367
9353	385
9354	405
9355	339
9356	307
9357	319
9358	328
9359	316
9360	328
9361	333
9362	349
9363	279
9364	321
9365	344
9366	304
9367	319
9368	355
9369	317
9370	365
9371	328
9372	331
9373	357
9374	338
9375	319
9376	339
9377	335
9378	316
9379	324
9380	344
9381	341
9382	359
9383	335
9384	328
9385	273
9386	344
9387	389
9388	331
9389	338
9390	313
9391	336
9392	286
9393	338
9394	308
9395	349
9396	287
9397	313
9398	321
9399	323
9400	336
9401	317
9402	331
9403	321
9404	333
9405	332
9406	309
9407	336
9408	356
9409	405
9410	363
9411	334
9412	351
9413	329
9414	369
9415	330
9416	329
9417	314
9418	317
9419	312
9420	338
9421	290
9422	315
9423	321
9424	310
9425	315
9426	314
9427	373
9428	308
9429	356
9430	354
9431	314
9432	314
9433	341
9434	355
9435	301
9436	355
9437	287
9438	378
9439	321
9440	322
9441	292
9442	329
9443	364
9444	367
9445	360
9446	381
9447	437
9448	385
9449	392
9450	370
9451	389
9452	371
9453	414
9454	390
9455	410
9456	471
9457	398
9458	425
9459	337
9460	378
9461	418
9462	381
9463	444
9464	417
9465	391
9466	466
9467	399
9468	393
9469	430
9470	412
9471	427
9472	331
9473	341
9474	380
9475	354
9476	362
9477	323
9478	360
9479	355
9480	348
9481	339
9482	351
9483	349
9484	367
9485	311
9486	324
9487	339
9488	343
9489	300
9490	338
9491	349
9492	371
9493	337
9494	341
9495	376
9496	343
9497	298
9498	374
9499	324
9500	320
9501	301
9502	366
9503	310
9504	351
9505	353
9506	309
9507	316
9508	314
9509	323
9510	305
9511	316
9512	317
9513	328
9514	298
9515	339
9516	360
9517	393
9518	352
9519	318
9520	365
9521	360
9522	337
9523	295
9524	373
9525	338
9526	281
9527	300
9528	309
9529	351
9530	352
9531	321
9532	308
9533	349
9534	336
9535	377
9536	377
9537	409
9538	354
9539	418
9540	344
9541	342
9542	397
9543	344
9544	336
9545	318
9546	368
9547	326
9548	331
9549	321
9550	357
9551	322
9552	391
9553	405
9554	302
9555	324
9556	321
9557	331
9558	354
9559	332
9560	333
9561	317
9562	344
9563	335
9564	341
9565	382
9566	323
9567	338
9568	302
9569	304
9570	321
9571	292
9572	342
9573	318
9574	290
9575	331
9576	337
9577	324
9578	323
9579	355
9580	320
9581	338
9582	306
9583	347
9584	315
9585	324
9586	373
9587	353
9588	330
9589	370
9590	376
9591	326
9592	383
9593	334
9594	322
9595	297
9596	331
9597	302
9598	332
9599	347
9600	358
9601	322
9602	354
9603	354
9604	346
9605	391
9606	304
9607	383
9608	330
9609	354
9610	297
9611	345
9612	364
9613	283
9614	300
9615	369
9616	332
9617	348
9618	365
9619	354
9620	359
9621	338
9622	300
9623	342
9624	338
9625	336
9626	338
9627	317
9628	305
9629	386
9630	370
9631	392
9632	392
9633	341
9634	381
9635	321
9636	383
9637	377
9638	367
9639	344
9640	349
9641	363
9642	334
9643	302
9644	349
9645	357
9646	378
9647	378
9648	378
9649	400
9650	339
9651	331
9652	337
9653	368
9654	346
9655	361
9656	406
9657	388
9658	369
9659	355
9660	342
9661	342
9662	368
9663	355
9664	378
9665	348
9666	335
9667	384
9668	372
9669	357
9670	355
9671	366
9672	390
9673	328
9674	356
9675	359
9676	326
9677	350
9678	337
9679	375
9680	374
9681	349
9682	336
9683	348
9684	319
9685	321
9686	382
9687	378
9688	380
9689	424
9690	413
9691	382
9692	307
9693	420
9694	395
9695	393
9696	405
9697	409
9698	363
9699	416
9700	441
9701	421
9702	381
9703	365
9704	405
9705	396
9706	363
9707	348
9708	358
9709	397
9710	358
9711	357
9712	433
9713	388
9714	408
9715	411
9716	346
9717	346
9718	331
9719	396
9720	371
9721	392
9722	371
9723	350
9724	336
9725	306
9726	382
9727	345
9728	349
9729	338
9730	321
9731	326
9732	320
9733	342
9734	366
9735	365
9736	348
9737	405
9738	404
9739	392
9740	351
9741	345
9742	448
9743	389
9744	407
9745	400
9746	356
9747	371
9748	381
9749	368
9750	318
9751	326
9752	367
9753	379
9754	337
9755	326
9756	313
9757	398
9758	357
9759	318
9760	366
9761	374
9762	299
9763	341
9764	312
9765	338
9766	314
9767	311
9768	329
9769	370
9770	327
9771	341
9772	344
9773	335
9774	396
9775	331
9776	344
9777	374
9778	348
9779	346
9780	333
9781	255
9782	359
9783	323
9784	383
9785	368
9786	288
9787	326
9788	346
9789	313
9790	327
9791	355
9792	348
9793	330
9794	376
9795	308
9796	388
9797	332
9798	392
9799	359
9800	379
9801	313
9802	378
9803	324
9804	364
9805	343
9806	368
9807	395
9808	368
9809	355
9810	377
9811	392
9812	338
9813	362
9814	427
9815	375
9816	326
9817	357
9818	331
9819	317
9820	389
9821	356
9822	372
9823	305
9824	338
9825	336
9826	376
9827	309
9828	308
9829	294
9830	314
9831	330
9832	393
9833	351
9834	339
9835	355
9836	364
9837	330
9838	336
9839	350
9840	309
9841	378
9842	342
9843	283
9844	331
9845	346
9846	322
9847	368
9848	334
9849	336
9850	336
9851	322
9852	334
9853	321
9854	352
9855	376
9856	333
9857	335
9858	328
9859	354
9860	374
9861	313
9862	358
9863	364
9864	314
9865	389
9866	343
9867	323
9868	334
9869	345
9870	403
9871	280
9872	293
9873	348
9874	358
9875	326
9876	348
9877	301
9878	341
9879	331
9880	400
9881	368
9882	313
9883	348
9884	301
9885	349
9886	354
9887	305
9888	375
9889	371
9890	367
9891	324
9892	311
9893	366
9894	383
9895	322
9896	355
9897	378
9898	313
9899	372
9900	332
9901	402
9902	397
9903	333
9904	431
9905	332
9906	311
9907	345
9908	343
9909	428
9910	385
9911	361
9912	302
9913	363
9914	327
9915	359
9916	332
9917	345
9918	293
9919	347
9920	337
9921	296
9922	379
9923	331
9924	336
9925	346
9926	325
9927	352
9928	344
9929	344
9930	353
9931	382
9932	336
9933	376
9934	329
9935	320
9936	293
9937	334
9938	359
9939	283
9940	356
9941	349
9942	352
9943	362
9944	328
9945	348
9946	351
9947	349
9948	361
9949	357
9950	329
9951	388
9952	360
9953	356
9954	306
9955	370
9956	376
9957	369
9958	374
9959	372
9960	305
9961	397
9962	335
9963	363
9964	346
9965	343
9966	384
9967	374
9968	368
9969	381
9970	375
9971	384
9972	342
9973	354
9974	362
9975	366
9976	323
9977	329
9978	339
9979	317
9980	332
9981	382
9982	352
9983	374
9984	350
9985	340
9986	272
9987	314
9988	317
9989	341
9990	330
9991	382
9992	350
9993	333
9994	325
9995	362
9996	336
9997	369
9998	310
9999	394
10000	284
10001	319
10002	340
10003	362
10004	356
10005	349
10006	352
10007	370
10008	380
10009	308
10010	331
10011	364
10012	332
10013	347
10014	331
10015	278
10016	314
10017	284
10018	322
10019	358
10020	279
10021	287
10022	310
10023	337
10024	270
10025	275
10026	298
10027	313
10028	298
10029	327
10030	284
10031	296
10032	285
10033	367
10034	289
10035	308
10036	307
10037	342
10038	312
10039	325
10040	327
10041	301
10042	276
10043	335
10044	296
10045	295
10046	343
10047	287
10048	322
10049	306
10050	304
10051	281
10052	278
10053	346
10054	273
10055	304
10056	313
10057	351
10058	328
10059	363
10060	323
10061	344
10062	368
10063	284
10064	355
10065	307
10066	338
10067	328
10068	388
10069	364
10070	311
10071	332
10072	340
10073	356
10074	378
10075	314
10076	350
10077	325
10078	324
10079	370
10080	334
10081	341
10082	401
10083	345
10084	359
10085	357
10086	357
10087	308
10088	362
10089	364
10090	336
10091	329
10092	405
10093	361
10094	385
10095	362
10096	288
10097	390
10098	388
10099	357
10100	313
10101	343
10102	369
10103	439
10104	383
10105	373
10106	343
10107	385
10108	318
10109	366
10110	319
10111	354
10112	439
10113	370
10114	370
10115	313
10116	335
10117	368
10118	359
10119	350
10120	365
10121	343
10122	314
10123	326
10124	308
10125	312
10126	365
10127	305
10128	406
10129	312
10130	353
10131	360
10132	328
10133	388
10134	361
10135	348
10136	348
10137	312
10138	315
10139	301
10140	313
10141	317
10142	327
10143	424
10144	345
10145	334
10146	378
10147	393
10148	339
10149	337
10150	353
10151	369
10152	369
10153	330
10154	320
10155	321
10156	308
10157	300
10158	354
10159	374
10160	321
10161	364
10162	335
10163	399
10164	328
10165	308
10166	375
10167	367
10168	314
10169	381
10170	337
10171	388
10172	368
10173	351
10174	401
10175	379
10176	334
10177	415
10178	394
10179	371
10180	365
10181	389
10182	346
10183	422
10184	416
10185	329
10186	343
10187	273
10188	362
10189	352
10190	343
10191	354
10192	343
10193	326
10194	391
10195	376
10196	346
10197	330
10198	381
10199	345
10200	377
10201	355
10202	369
10203	356
10204	399
10205	368
10206	383
10207	386
10208	422
10209	404
10210	319
10211	422
10212	426
10213	402
10214	335
10215	345
10216	364
10217	312
10218	364
10219	349
10220	361
10221	368
10222	392
10223	380
10224	328
10225	398
10226	345
10227	332
10228	405
10229	393
10230	360
10231	311
10232	398
10233	361
10234	364
10235	368
10236	397
10237	420
10238	396
10239	391
10240	364
10241	344
10242	369
10243	358
10244	303
10245	369
10246	361
10247	347
10248	358
10249	403
10250	405
10251	387
10252	349
10253	354
10254	381
10255	351
10256	372
10257	332
10258	341
10259	370
10260	395
10261	375
10262	404
10263	382
10264	362
10265	404
10266	344
10267	383
10268	410
10269	386
10270	399
10271	406
10272	403
10273	384
10274	395
10275	443
10276	365
10277	410
10278	398
10279	397
10280	422
10281	411
10282	413
10283	365
10284	341
10285	402
10286	411
10287	366
10288	366
10289	414
10290	407
10291	501
10292	402
10293	400
10294	338
10295	355
10296	382
10297	372
10298	366
10299	363
10300	303
10301	339
10302	352
10303	322
10304	392
10305	368
10306	407
10307	379
10308	362
10309	356
10310	334
10311	325
10312	367
10313	330
10314	375
10315	333
10316	346
10317	345
10318	382
10319	358
10320	340
10321	338
10322	308
10323	368
10324	356
10325	362
10326	322
10327	340
10328	332
10329	332
10330	355
10331	332
10332	350
10333	321
10334	369
10335	335
10336	289
10337	384
10338	336
10339	360
10340	404
10341	361
10342	307
10343	373
10344	357
10345	318
10346	368
10347	309
10348	308
10349	301
10350	283
10351	328
10352	282
10353	321
10354	338
10355	334
10356	333
10357	303
10358	318
10359	303
10360	364
10361	304
10362	327
10363	320
10364	295
10365	299
10366	322
10367	310
10368	303
10369	398
10370	321
10371	344
10372	293
10373	305
10374	313
10375	328
10376	301
10377	368
10378	314
10379	260
10380	372
10381	308
10382	336
10383	326
10384	271
10385	307
10386	349
10387	345
10388	347
10389	361
10390	283
10391	340
10392	286
10393	271
10394	267
10395	347
10396	300
10397	329
10398	312
10399	329
10400	276
10401	304
10402	314
10403	313
10404	374
10405	333
10406	336
10407	357
10408	313
10409	329
10410	382
10411	394
10412	344
10413	321
10414	288
10415	334
10416	348
10417	370
10418	321
10419	357
10420	322
10421	305
10422	336
10423	302
10424	324
10425	341
10426	273
10427	352
10428	319
10429	275
10430	337
10431	341
10432	312
10433	320
10434	307
10435	293
10436	295
10437	323
10438	374
10439	278
10440	332
10441	372
10442	334
10443	327
10444	296
10445	328
10446	281
10447	334
10448	288
10449	235
10450	258
10451	297
10452	282
10453	296
10454	302
10455	328
10456	312
10457	321
10458	349
10459	337
10460	282
10461	351
10462	312
10463	321
10464	312
10465	319
10466	289
10467	317
10468	309
10469	347
10470	310
10471	332
10472	317
10473	311
10474	304
10475	282
10476	293
10477	309
10478	315
10479	323
10480	315
10481	351
10482	293
10483	310
10484	299
10485	271
10486	304
10487	315
10488	328
10489	304
10490	290
10491	292
10492	317
10493	288
10494	300
10495	366
10496	322
10497	275
10498	314
10499	308
10500	315
10501	314
10502	294
10503	281
10504	221
10505	285
10506	342
10507	307
10508	274
10509	306
10510	254
10511	281
10512	310
10513	313
10514	286
10515	291
10516	308
10517	310
10518	345
10519	360
10520	336
10521	294
10522	311
10523	291
10524	225
10525	299
10526	301
10527	300
10528	342
10529	339
10530	277
10531	307
10532	327
10533	299
10534	311
10535	331
10536	354
10537	291
10538	327
10539	337
10540	304
10541	354
10542	336
10543	367
10544	321
10545	333
10546	360
10547	355
10548	316
10549	321
10550	337
10551	314
10552	289
10553	324
10554	332
10555	310
10556	350
10557	303
10558	308
10559	313
10560	336
10561	322
10562	299
10563	338
10564	291
10565	294
10566	313
10567	334
10568	299
10569	295
10570	320
10571	328
10572	311
10573	322
10574	287
10575	325
10576	323
10577	308
10578	287
10579	277
10580	316
10581	273
10582	287
10583	316
10584	308
10585	280
10586	295
10587	310
10588	294
10589	322
10590	287
10591	371
10592	308
10593	301
10594	315
10595	336
10596	313
10597	301
10598	328
10599	335
10600	318
10601	339
10602	310
10603	298
10604	233
10605	305
10606	288
10607	266
10608	300
10609	275
10610	308
10611	275
10612	297
10613	254
10614	278
10615	332
10616	258
10617	280
10618	329
10619	297
10620	278
10621	308
10622	279
10623	276
10624	285
10625	289
10626	261
10627	263
10628	291
10629	248
10630	268
10631	278
10632	283
10633	319
10634	308
10635	274
10636	276
10637	282
10638	263
10639	318
10640	265
10641	305
10642	321
10643	290
10644	328
10645	330
10646	269
10647	285
10648	291
10649	297
10650	291
10651	324
10652	264
10653	276
10654	262
10655	257
10656	296
10657	250
10658	286
10659	337
10660	288
10661	286
10662	304
10663	365
10664	330
10665	339
10666	285
10667	277
10668	338
10669	400
10670	341
10671	370
10672	402
10673	424
10674	376
10675	314
10676	328
10677	377
10678	277
10679	346
10680	414
10681	481
10682	352
10683	345
10684	381
10685	273
10686	294
10687	284
10688	274
10689	335
10690	303
10691	297
10692	342
10693	290
10694	281
10695	289
10696	310
10697	300
10698	314
10699	267
10700	258
10701	246
10702	286
10703	269
10704	294
10705	311
10706	299
10707	290
10708	306
10709	313
10710	318
10711	284
10712	278
10713	328
10714	260
10715	313
10716	367
10717	280
10718	321
10719	309
10720	264
10721	275
10722	274
10723	258
10724	279
10725	297
10726	291
10727	282
10728	279
10729	276
10730	292
10731	227
10732	303
10733	265
10734	312
10735	252
10736	265
10737	277
10738	284
10739	268
10740	273
10741	236
10742	231
10743	295
10744	239
10745	278
10746	275
10747	271
10748	272
10749	247
10750	264
10751	253
10752	304
10753	223
10754	266
10755	286
10756	310
10757	240
10758	228
10759	265
10760	269
10761	243
10762	273
10763	256
10764	293
10765	261
10766	274
10767	283
10768	268
10769	254
10770	257
10771	264
10772	262
10773	295
10774	281
10775	297
10776	293
10777	293
10778	258
10779	260
10780	258
10781	287
10782	268
10783	313
10784	271
10785	277
10786	274
10787	301
10788	255
10789	291
10790	256
10791	264
10792	292
10793	280
10794	274
10795	275
10796	294
10797	290
10798	243
10799	329
10800	274
10801	317
10802	300
10803	261
10804	307
10805	293
10806	278
10807	253
10808	293
10809	292
10810	312
10811	303
10812	310
10813	295
10814	299
10815	281
10816	293
10817	321
10818	297
10819	294
10820	372
10821	379
10822	320
10823	279
10824	341
10825	310
10826	306
10827	352
10828	322
10829	341
10830	303
10831	273
10832	313
10833	335
10834	359
10835	340
10836	291
10837	296
10838	343
10839	262
10840	309
10841	275
10842	297
10843	342
10844	365
10845	339
10846	348
10847	298
10848	320
10849	329

