## htsjdk.samtools.metrics.StringHeader
# CollectInsertSizeMetrics HISTOGRAM_FILE=/work/ugbogu/pipeline/data/nbl/GSE189367/results/picard/SRR17011015_insert_size_histogram.pdf MINIMUM_PCT=0.5 INPUT=/work/ugbogu/pipeline/data/nbl/GSE189367/results/star/SRR17011015.Aligned.sortedByCoord.out.bam OUTPUT=/work/ugbogu/pipeline/data/nbl/GSE189367/results/picard/SRR17011015_insert_size_metrics.txt    DEVIATIONS=10.0 METRIC_ACCUMULATION_LEVEL=[ALL_READS] INCLUDE_DUPLICATES=false ASSUME_SORTED=true STOP_AFTER=0 VERBOSITY=INFO QUIET=false VALIDATION_STRINGENCY=STRICT COMPRESSION_LEVEL=5 MAX_RECORDS_IN_RAM=500000 CREATE_INDEX=false CREATE_MD5_FILE=false USE_JDK_DEFLATER=false USE_JDK_INFLATER=false
## htsjdk.samtools.metrics.StringHeader
# Started on: Sat Apr 11 16:42:47 UTC 2026

## METRICS CLASS	picard.analysis.InsertSizeMetrics
MEDIAN_INSERT_SIZE	MODE_INSERT_SIZE	MEDIAN_ABSOLUTE_DEVIATION	MIN_INSERT_SIZE	MAX_INSERT_SIZE	MEAN_INSERT_SIZE	STANDARD_DEVIATION	READ_PAIRS	PAIR_ORIENTATION	WIDTH_OF_10_PERCENT	WIDTH_OF_20_PERCENT	WIDTH_OF_30_PERCENT	WIDTH_OF_40_PERCENT	WIDTH_OF_50_PERCENT	WIDTH_OF_60_PERCENT	WIDTH_OF_70_PERCENT	WIDTH_OF_80_PERCENT	WIDTH_OF_90_PERCENT	WIDTH_OF_95_PERCENT	WIDTH_OF_99_PERCENT	SAMPLE	LIBRARY	READ_GROUP
1267	77797	1108	22	1919308	1955.666678	2615.51138	42648125	FR	835	1575	1939	2109	2217	2333	5651	14245	84581	153057	161651			

## HISTOGRAM	java.lang.Integer
insert_size	All_Reads.fr_count
22	1
24	1
25	1
26	5
27	6
28	17
29	8
30	16
31	23
32	19
33	58
34	65
35	628
36	531
37	616
38	738
39	627
40	723
41	684
42	654
43	740
44	693
45	750
46	876
47	864
48	910
49	979
50	1154
51	1056
52	1241
53	1056
54	1184
55	1531
56	1709
57	1626
58	2393
59	2420
60	2369
61	2671
62	2397
63	2831
64	2633
65	3832
66	4427
67	6116
68	5809
69	4881
70	5369
71	8668
72	5431
73	9504
74	8176
75	42027
76	8162
77	4536
78	8207
79	5184
80	4507
81	5332
82	4984
83	5868
84	6063
85	7259
86	7352
87	8255
88	9131
89	9193
90	10889
91	12538
92	13329
93	15250
94	16806
95	16843
96	18689
97	21376
98	24971
99	28021
100	27778
101	29522
102	34339
103	41807
104	47400
105	52973
106	43580
107	47666
108	48990
109	44781
110	45775
111	44503
112	48897
113	51283
114	53592
115	59723
116	62063
117	62596
118	78989
119	61306
120	75242
121	92725
122	70400
123	80300
124	69879
125	64715
126	64423
127	69259
128	67242
129	77422
130	72271
131	78077
132	75530
133	78083
134	80690
135	77443
136	82705
137	79185
138	78745
139	81048
140	82026
141	84171
142	82300
143	82173
144	84082
145	83065
146	82672
147	87486
148	83538
149	83565
150	81060
151	83908
152	84432
153	85534
154	81503
155	80775
156	81038
157	81973
158	81993
159	80855
160	82021
161	82384
162	85310
163	86778
164	84512
165	83513
166	86333
167	88834
168	87664
169	87308
170	88079
171	83473
172	86380
173	87897
174	87715
175	86369
176	82649
177	79793
178	82858
179	84592
180	84389
181	80923
182	79339
183	76758
184	73665
185	75592
186	76078
187	74442
188	77198
189	70420
190	71783
191	71317
192	70534
193	70659
194	69492
195	68946
196	68331
197	67070
198	66780
199	65405
200	68428
201	64288
202	64936
203	66624
204	62447
205	65445
206	62407
207	63075
208	65088
209	63071
210	61282
211	63093
212	66379
213	61623
214	61888
215	61999
216	63318
217	64922
218	61821
219	65064
220	67898
221	70738
222	67660
223	66293
224	65728
225	67087
226	76404
227	74623
228	65366
229	71472
230	65712
231	59134
232	57610
233	56742
234	55049
235	52219
236	53236
237	50404
238	49706
239	49002
240	48778
241	48199
242	48243
243	48143
244	47662
245	47080
246	47613
247	46234
248	46740
249	45016
250	44740
251	47035
252	44375
253	44692
254	43735
255	43104
256	44458
257	42120
258	42819
259	41900
260	43153
261	41087
262	41925
263	41693
264	41596
265	41798
266	39658
267	39736
268	40276
269	39844
270	40054
271	39279
272	39626
273	39322
274	39117
275	39646
276	38238
277	37376
278	38169
279	37287
280	37802
281	37795
282	37520
283	37104
284	36390
285	35798
286	36096
287	35751
288	35599
289	35059
290	34446
291	35235
292	35100
293	34736
294	34675
295	33894
296	33522
297	33083
298	32742
299	32948
300	31897
301	32692
302	33064
303	31974
304	31862
305	31718
306	30743
307	31247
308	30642
309	30202
310	30032
311	29231
312	29768
313	30263
314	30802
315	29383
316	30262
317	29577
318	29349
319	28516
320	29221
321	28830
322	29064
323	28919
324	29420
325	30090
326	27856
327	27245
328	27758
329	27712
330	27488
331	27344
332	26177
333	26552
334	27083
335	26335
336	27588
337	26051
338	26025
339	25640
340	25302
341	25344
342	25093
343	25531
344	25317
345	24958
346	24771
347	24034
348	23265
349	23498
350	23068
351	23461
352	24126
353	23383
354	22906
355	22865
356	23116
357	23246
358	22299
359	22727
360	22773
361	22529
362	22105
363	22085
364	21926
365	21818
366	22403
367	21624
368	21531
369	20997
370	21163
371	21074
372	20613
373	20645
374	20716
375	20515
376	20401
377	20787
378	20521
379	20416
380	20395
381	20589
382	19452
383	19360
384	19296
385	19720
386	19665
387	19716
388	18961
389	19014
390	19720
391	19402
392	19395
393	18730
394	18288
395	17934
396	18165
397	18302
398	17965
399	17494
400	17858
401	17888
402	17365
403	17110
404	17248
405	16815
406	16708
407	16601
408	16732
409	16436
410	16480
411	16291
412	16336
413	16213
414	15927
415	15582
416	15339
417	15971
418	15229
419	15329
420	15010
421	15106
422	14919
423	14969
424	15208
425	14719
426	15189
427	14568
428	14301
429	14340
430	14214
431	13838
432	14001
433	15216
434	14295
435	14222
436	13808
437	14055
438	13527
439	13885
440	13669
441	13564
442	13411
443	13234
444	13049
445	12908
446	12850
447	13223
448	13236
449	12726
450	12682
451	12666
452	13035
453	12695
454	13530
455	12362
456	11818
457	12025
458	12210
459	12005
460	11911
461	11896
462	11382
463	11506
464	11330
465	11509
466	11137
467	11263
468	11194
469	11092
470	11449
471	10919
472	10861
473	10816
474	10528
475	10858
476	10755
477	10793
478	10436
479	10645
480	10309
481	10278
482	10443
483	10353
484	10127
485	10282
486	10221
487	9971
488	10012
489	9742
490	10166
491	9991
492	10104
493	9686
494	10044
495	9496
496	9495
497	9507
498	9581
499	9672
500	9735
501	9708
502	9578
503	9451
504	9292
505	9472
506	9427
507	9454
508	9453
509	9475
510	9248
511	9383
512	9062
513	9170
514	9158
515	9348
516	9320
517	9238
518	9219
519	9058
520	9464
521	8983
522	9006
523	8986
524	8914
525	8808
526	8845
527	8869
528	8884
529	8827
530	9037
531	9069
532	8904
533	9214
534	8956
535	9179
536	9306
537	8935
538	8779
539	9026
540	8980
541	9056
542	8699
543	8779
544	8748
545	8612
546	8717
547	8842
548	8943
549	8654
550	8549
551	8475
552	8689
553	8740
554	8380
555	8603
556	8332
557	8213
558	8453
559	8551
560	8402
561	8355
562	8344
563	8747
564	8117
565	8519
566	8476
567	8234
568	8239
569	8206
570	8243
571	8268
572	8185
573	8474
574	8342
575	7915
576	8095
577	7979
578	7902
579	7982
580	8088
581	8194
582	8012
583	7962
584	8123
585	8052
586	7861
587	8036
588	8047
589	7969
590	7906
591	7778
592	8136
593	8164
594	7920
595	7900
596	7834
597	7892
598	7949
599	8030
600	8139
601	8231
602	8141
603	7849
604	7691
605	7799
606	7665
607	7526
608	7566
609	7515
610	7446
611	7405
612	7193
613	7376
614	7433
615	7573
616	7502
617	7263
618	7591
619	7664
620	7324
621	7475
622	7368
623	7586
624	7842
625	7609
626	7262
627	7459
628	7267
629	7235
630	7469
631	7440
632	7406
633	7544
634	7666
635	7625
636	7224
637	7242
638	7145
639	7206
640	7170
641	7155
642	7273
643	7266
644	7257
645	7183
646	7252
647	7370
648	7020
649	7639
650	7023
651	7217
652	7175
653	7400
654	7405
655	7116
656	7221
657	7349
658	7233
659	7430
660	6971
661	7586
662	7147
663	7044
664	7495
665	7530
666	7106
667	7362
668	7277
669	7353
670	7177
671	6784
672	6751
673	6836
674	6774
675	6864
676	6796
677	6703
678	6855
679	6884
680	6685
681	6778
682	6633
683	6824
684	6783
685	6600
686	6603
687	6462
688	6503
689	6582
690	6801
691	6698
692	6735
693	6642
694	6527
695	6712
696	6789
697	6506
698	6777
699	6972
700	6966
701	6925
702	6989
703	6925
704	6552
705	6543
706	6631
707	6431
708	6667
709	6984
710	7105
711	7230
712	6992
713	6613
714	6721
715	6808
716	6587
717	6652
718	6866
719	6600
720	6819
721	6802
722	6890
723	6816
724	6394
725	6551
726	6810
727	6662
728	6917
729	6737
730	6765
731	6724
732	6496
733	6781
734	6916
735	6895
736	6783
737	6450
738	6646
739	6758
740	6857
741	6914
742	6998
743	6696
744	6703
745	6680
746	6529
747	6853
748	6710
749	6764
750	6758
751	6884
752	6842
753	6848
754	6878
755	6853
756	6834
757	6947
758	6749
759	7139
760	6817
761	6701
762	6945
763	6877
764	6859
765	7002
766	6885
767	7000
768	7104
769	6650
770	7018
771	7066
772	6860
773	7585
774	6730
775	6982
776	6743
777	6638
778	6950
779	6844
780	7168
781	6990
782	6825
783	6743
784	6997
785	7055
786	6816
787	6899
788	6723
789	6610
790	6729
791	6734
792	6846
793	6666
794	6904
795	6724
796	6341
797	6541
798	6530
799	6534
800	6389
801	6737
802	6844
803	6565
804	6536
805	6790
806	6642
807	7094
808	6912
809	6321
810	6486
811	6769
812	6440
813	6360
814	6756
815	6704
816	6678
817	6530
818	6404
819	6431
820	6603
821	6638
822	6506
823	6845
824	6333
825	6673
826	6638
827	6851
828	6597
829	6652
830	7150
831	6592
832	6755
833	6813
834	7035
835	7110
836	7223
837	7992
838	6425
839	6676
840	6327
841	6669
842	6694
843	6901
844	6787
845	6594
846	6606
847	6551
848	6202
849	6146
850	6709
851	6499
852	6567
853	6433
854	6281
855	6672
856	6289
857	6628
858	6496
859	6460
860	6548
861	6341
862	6814
863	6737
864	6629
865	6493
866	6684
867	6331
868	6548
869	6551
870	6321
871	6520
872	6630
873	6842
874	6274
875	6216
876	6387
877	6457
878	6290
879	6564
880	6485
881	6239
882	6663
883	6084
884	6116
885	6143
886	5981
887	6244
888	6014
889	6057
890	6409
891	6132
892	6110
893	5920
894	5989
895	5858
896	5964
897	6116
898	6006
899	6161
900	6008
901	5779
902	5964
903	6142
904	6083
905	6048
906	6087
907	6099
908	6225
909	6339
910	6227
911	6187
912	5902
913	6207
914	5982
915	5913
916	6128
917	5993
918	5888
919	6299
920	5883
921	6069
922	5919
923	6085
924	6031
925	5960
926	5930
927	5758
928	6056
929	5874
930	6017
931	5950
932	6148
933	5805
934	6026
935	5988
936	5891
937	6107
938	5788
939	5940
940	5901
941	6011
942	6090
943	5948
944	6055
945	5913
946	5857
947	5865
948	6145
949	5824
950	5924
951	5893
952	5855
953	5799
954	5964
955	5982
956	5988
957	5816
958	5816
959	6062
960	6099
961	6079
962	6221
963	6066
964	5916
965	5784
966	6163
967	5857
968	5864
969	6091
970	6202
971	6162
972	6422
973	6404
974	6266
975	6010
976	6013
977	5962
978	5891
979	5893
980	6013
981	5916
982	5962
983	5811
984	5686
985	5834
986	5914
987	6119
988	5940
989	6050
990	6231
991	5808
992	6224
993	5999
994	6040
995	6014
996	6023
997	5949
998	6076
999	5864
1000	6075
1001	5843
1002	6090
1003	6273
1004	6044
1005	6034
1006	6206
1007	5932
1008	5829
1009	5763
1010	5930
1011	6025
1012	5980
1013	5911
1014	6124
1015	5861
1016	5976
1017	6196
1018	6033
1019	6207
1020	5792
1021	6069
1022	6010
1023	6103
1024	6084
1025	6237
1026	5893
1027	6215
1028	5807
1029	5934
1030	5697
1031	5834
1032	6120
1033	6071
1034	5894
1035	6334
1036	6181
1037	6372
1038	6113
1039	6435
1040	6345
1041	6407
1042	6135
1043	6400
1044	6108
1045	6562
1046	6268
1047	6145
1048	6323
1049	5901
1050	6423
1051	5984
1052	6339
1053	5857
1054	5624
1055	5883
1056	6027
1057	6095
1058	5869
1059	5840
1060	5653
1061	5674
1062	5587
1063	5577
1064	5449
1065	5450
1066	5488
1067	5643
1068	5783
1069	5585
1070	5730
1071	5767
1072	5487
1073	5331
1074	5310
1075	5269
1076	5263
1077	5522
1078	5829
1079	5503
1080	5099
1081	5226
1082	5313
1083	5367
1084	5203
1085	5044
1086	5248
1087	5443
1088	5049
1089	5175
1090	4905
1091	5062
1092	5292
1093	5254
1094	5826
1095	5136
1096	4932
1097	5028
1098	4919
1099	4996
1100	4755
1101	4949
1102	4851
1103	4771
1104	5166
1105	4710
1106	4761
1107	4857
1108	4758
1109	4941
1110	4757
1111	4800
1112	4701
1113	4719
1114	4649
1115	4712
1116	4733
1117	4978
1118	4826
1119	4858
1120	4896
1121	5028
1122	5026
1123	4777
1124	4907
1125	4729
1126	4893
1127	4824
1128	4891
1129	4786
1130	4768
1131	4615
1132	4544
1133	4514
1134	4557
1135	4691
1136	4753
1137	4653
1138	4726
1139	4539
1140	4620
1141	4921
1142	4629
1143	4608
1144	4604
1145	4656
1146	4769
1147	4398
1148	4568
1149	4686
1150	4736
1151	4681
1152	4782
1153	4572
1154	4627
1155	4471
1156	4687
1157	4708
1158	4643
1159	4665
1160	4860
1161	4745
1162	4829
1163	4872
1164	4708
1165	4861
1166	4766
1167	4728
1168	4837
1169	4627
1170	4782
1171	4826
1172	4752
1173	4726
1174	4943
1175	4781
1176	4684
1177	4642
1178	4628
1179	4710
1180	4810
1181	4612
1182	4580
1183	4568
1184	4619
1185	4689
1186	4730
1187	4607
1188	4615
1189	4486
1190	4601
1191	4612
1192	4544
1193	4660
1194	4543
1195	4747
1196	4632
1197	4689
1198	4615
1199	4436
1200	4774
1201	4640
1202	4659
1203	4807
1204	4755
1205	4633
1206	4641
1207	4558
1208	4573
1209	4374
1210	4647
1211	4710
1212	4659
1213	4664
1214	4583
1215	4611
1216	4484
1217	4693
1218	4652
1219	4559
1220	4590
1221	4720
1222	4958
1223	4736
1224	4862
1225	4990
1226	4694
1227	4744
1228	4837
1229	4803
1230	4720
1231	4811
1232	4568
1233	4754
1234	4922
1235	4736
1236	4867
1237	4941
1238	4799
1239	4812
1240	4956
1241	4978
1242	4946
1243	4788
1244	4538
1245	4645
1246	5046
1247	5052
1248	4816
1249	4841
1250	5283
1251	5138
1252	5139
1253	5218
1254	5463
1255	5306
1256	5139
1257	5226
1258	5054
1259	4830
1260	4968
1261	4891
1262	4803
1263	5801
1264	5560
1265	5090
1266	5125
1267	5003
1268	5086
1269	5091
1270	4734
1271	4816
1272	4874
1273	4892
1274	4891
1275	4900
1276	4720
1277	4676
1278	4766
1279	4841
1280	4947
1281	4796
1282	4783
1283	4798
1284	4656
1285	4947
1286	4694
1287	4686
1288	4930
1289	4717
1290	4582
1291	5105
1292	4648
1293	4882
1294	4686
1295	4743
1296	4781
1297	4995
1298	5264
1299	5289
1300	5155
1301	6233
1302	5926
1303	5681
1304	5484
1305	5607
1306	5301
1307	5955
1308	5784
1309	6336
1310	6288
1311	5709
1312	5342
1313	5811
1314	6047
1315	5892
1316	5727
1317	5371
1318	5470
1319	5640
1320	5481
1321	5793
1322	5577
1323	5780
1324	6791
1325	6596
1326	7492
1327	5397
1328	4951
1329	5181
1330	4986
1331	6017
1332	5673
1333	4842
1334	5304
1335	5120
1336	5490
1337	4877
1338	4837
1339	5180
1340	5197
1341	7024
1342	7118
1343	5525
1344	5312
1345	5142
1346	5337
1347	5263
1348	5246
1349	5292
1350	5410
1351	5418
1352	5172
1353	4887
1354	4905
1355	4781
1356	4683
1357	4718
1358	4801
1359	5097
1360	4846
1361	4649
1362	4728
1363	4766
1364	4834
1365	4668
1366	4523
1367	4563
1368	4900
1369	4539
1370	4879
1371	4646
1372	4773
1373	4621
1374	4501
1375	4661
1376	4678
1377	4465
1378	4282
1379	4496
1380	4592
1381	4560
1382	4503
1383	4585
1384	4313
1385	4359
1386	4487
1387	4519
1388	4518
1389	4391
1390	4310
1391	4631
1392	4474
1393	4546
1394	4447
1395	4668
1396	4412
1397	4494
1398	4383
1399	4414
1400	4479
1401	4376
1402	4422
1403	4198
1404	4327
1405	4279
1406	4445
1407	4506
1408	4215
1409	4344
1410	4255
1411	4280
1412	4548
1413	4655
1414	4464
1415	4418
1416	4374
1417	4279
1418	4395
1419	4452
1420	4307
1421	4319
1422	4168
1423	4312
1424	4256
1425	4421
1426	4399
1427	4126
1428	4137
1429	4176
1430	4155
1431	4180
1432	4123
1433	4126
1434	4327
1435	4353
1436	4310
1437	4360
1438	4108
1439	4390
1440	4254
1441	4406
1442	4254
1443	4437
1444	4342
1445	4343
1446	4420
1447	4401
1448	4401
1449	4264
1450	4280
1451	4333
1452	4079
1453	4229
1454	4383
1455	4315
1456	4257
1457	4353
1458	4567
1459	4493
1460	4450
1461	4438
1462	4334
1463	4472
1464	4396
1465	4168
1466	4193
1467	4314
1468	4285
1469	4599
1470	4458
1471	4303
1472	4626
1473	4500
1474	4518
1475	4453
1476	4230
1477	4297
1478	4251
1479	4617
1480	4704
1481	5000
1482	4845
1483	4860
1484	4374
1485	4106
1486	4126
1487	4202
1488	4107
1489	4235
1490	4369
1491	4601
1492	4359
1493	4671
1494	4151
1495	4411
1496	4333
1497	4672
1498	4898
1499	5141
1500	4495
1501	4480
1502	4345
1503	4513
1504	4617
1505	4578
1506	4534
1507	4510
1508	4379
1509	4310
1510	4374
1511	4267
1512	4316
1513	4563
1514	4416
1515	4610
1516	4529
1517	4469
1518	4462
1519	4499
1520	4426
1521	4636
1522	4649
1523	4614
1524	4765
1525	4645
1526	4632
1527	4566
1528	4439
1529	4463
1530	4502
1531	4866
1532	4757
1533	5056
1534	5200
1535	5183
1536	4860
1537	5896
1538	4821
1539	4697
1540	4683
1541	4638
1542	4788
1543	4221
1544	4695
1545	4785
1546	5101
1547	5194
1548	4753
1549	4875
1550	4742
1551	4890
1552	4918
1553	4988
1554	5051
1555	4866
1556	4965
1557	4953
1558	5359
1559	5217
1560	4881
1561	4677
1562	4467
1563	4762
1564	4918
1565	4896
1566	4844
1567	4858
1568	4565
1569	4496
1570	5027
1571	4764
1572	4821
1573	4697
1574	4896
1575	4736
1576	4573
1577	4655
1578	4609
1579	4890
1580	5191
1581	4707
1582	5032
1583	4903
1584	5089
1585	5093
1586	4841
1587	4755
1588	4413
1589	4530
1590	4385
1591	4735
1592	4917
1593	5426
1594	4662
1595	4684
1596	4380
1597	4540
1598	5059
1599	5205
1600	5056
1601	5876
1602	5177
1603	5182
1604	4656
1605	4635
1606	4399
1607	4690
1608	4501
1609	4565
1610	4560
1611	4691
1612	4775
1613	5047
1614	5076
1615	4541
1616	4746
1617	4525
1618	4548
1619	4440
1620	4473
1621	4654
1622	4696
1623	4495
1624	4452
1625	4460
1626	4418
1627	4726
1628	4625
1629	4378
1630	4754
1631	4353
1632	4691
1633	4450
1634	5089
1635	4618
1636	4597
1637	4533
1638	4450
1639	4775
1640	4465
1641	4545
1642	4682
1643	4496
1644	4648
1645	4450
1646	4418
1647	4161
1648	4243
1649	4224
1650	4310
1651	4386
1652	4254
1653	4344
1654	4430
1655	4500
1656	4405
1657	4493
1658	5048
1659	4518
1660	4283
1661	4355
1662	4553
1663	4425
1664	4450
1665	4523
1666	4323
1667	4529
1668	4506
1669	4768
1670	4818
1671	4546
1672	4681
1673	4630
1674	4608
1675	4863
1676	4674
1677	5127
1678	5209
1679	4870
1680	5298
1681	5001
1682	4609
1683	5009
1684	4487
1685	4431
1686	4378
1687	4336
1688	4491
1689	4250
1690	4362
1691	4235
1692	4382
1693	4462
1694	4227
1695	4347
1696	4582
1697	4178
1698	4380
1699	4514
1700	4484
1701	4402
1702	4612
1703	4472
1704	4489
1705	4511
1706	4442
1707	5053
1708	4500
1709	4493
1710	4651
1711	4629
1712	4914
1713	4871
1714	4452
1715	4622
1716	4865
1717	4439
1718	5100
1719	4472
1720	4413
1721	4779
1722	4657
1723	4922
1724	4705
1725	4654
1726	5166
1727	4857
1728	4488
1729	4747
1730	4541
1731	4551
1732	4546
1733	4667
1734	4508
1735	4575
1736	4529
1737	4505
1738	4494
1739	4443
1740	4322
1741	4258
1742	4193
1743	4190
1744	4129
1745	4402
1746	4309
1747	4581
1748	4430
1749	4167
1750	4394
1751	4434
1752	4389
1753	4350
1754	4546
1755	4316
1756	4231
1757	4443
1758	4463
1759	4448
1760	4845
1761	4171
1762	4361
1763	4592
1764	4373
1765	4364
1766	4257
1767	4271
1768	4517
1769	4590
1770	4315
1771	4543
1772	4511
1773	4289
1774	4387
1775	4182
1776	4261
1777	4435
1778	4728
1779	4368
1780	4147
1781	4523
1782	4241
1783	4324
1784	4261
1785	4185
1786	4298
1787	4425
1788	4413
1789	4239
1790	4525
1791	4372
1792	4298
1793	4246
1794	4066
1795	4076
1796	4208
1797	4155
1798	4155
1799	4259
1800	4534
1801	4251
1802	4281
1803	4204
1804	4071
1805	4159
1806	3941
1807	4170
1808	3997
1809	3956
1810	4105
1811	4031
1812	4008
1813	4135
1814	4142
1815	4109
1816	4074
1817	4261
1818	3864
1819	4224
1820	3888
1821	3960
1822	3823
1823	4193
1824	4087
1825	3988
1826	3870
1827	3930
1828	3714
1829	3860
1830	3923
1831	3921
1832	3721
1833	3932
1834	4004
1835	3961
1836	3906
1837	3958
1838	3679
1839	3836
1840	3775
1841	3809
1842	3855
1843	3783
1844	3684
1845	3841
1846	4016
1847	3906
1848	3967
1849	3737
1850	3846
1851	3798
1852	3895
1853	3910
1854	3925
1855	3913
1856	3709
1857	3865
1858	3809
1859	3845
1860	3861
1861	3891
1862	3751
1863	3688
1864	3642
1865	3770
1866	3683
1867	3702
1868	3676
1869	3755
1870	3731
1871	3618
1872	3704
1873	3510
1874	3667
1875	3483
1876	3606
1877	3677
1878	3725
1879	3593
1880	3493
1881	3529
1882	3540
1883	3684
1884	3543
1885	3616
1886	3627
1887	3541
1888	3547
1889	3381
1890	3450
1891	3404
1892	3584
1893	3431
1894	3466
1895	3386
1896	3415
1897	3653
1898	3516
1899	3561
1900	3587
1901	3426
1902	3538
1903	3439
1904	3469
1905	3467
1906	3586
1907	3639
1908	3578
1909	3526
1910	3455
1911	3423
1912	3449
1913	3733
1914	3508
1915	3576
1916	3580
1917	3452
1918	3580
1919	3388
1920	3483
1921	3480
1922	3405
1923	3434
1924	3210
1925	3386
1926	3334
1927	3496
1928	3446
1929	3592
1930	3644
1931	3438
1932	3616
1933	3590
1934	3505
1935	3507
1936	3562
1937	3545
1938	3467
1939	3609
1940	3605
1941	3582
1942	3457
1943	3476
1944	3402
1945	3513
1946	3503
1947	3452
1948	3526
1949	3388
1950	3404
1951	3364
1952	3474
1953	3559
1954	3400
1955	3633
1956	3381
1957	3427
1958	3522
1959	3484
1960	3607
1961	3531
1962	3640
1963	3517
1964	3533
1965	3626
1966	3478
1967	3504
1968	3540
1969	3517
1970	3521
1971	3540
1972	3567
1973	3649
1974	3850
1975	3670
1976	3535
1977	3637
1978	3564
1979	3734
1980	3579
1981	3752
1982	3728
1983	3700
1984	3857
1985	3668
1986	3742
1987	3816
1988	3722
1989	3725
1990	3694
1991	3690
1992	3854
1993	3791
1994	3907
1995	3653
1996	3672
1997	3808
1998	4028
1999	3764
2000	4053
2001	3852
2002	4064
2003	4100
2004	4078
2005	3853
2006	3783
2007	3810
2008	4161
2009	3954
2010	4011
2011	3821
2012	3981
2013	3931
2014	3955
2015	4042
2016	3838
2017	3915
2018	4240
2019	3995
2020	4033
2021	4050
2022	3971
2023	4193
2024	4036
2025	3930
2026	3940
2027	3997
2028	4131
2029	3929
2030	4040
2031	3792
2032	3905
2033	3703
2034	4017
2035	3824
2036	4039
2037	3826
2038	4143
2039	4061
2040	3863
2041	3855
2042	3740
2043	3942
2044	3801
2045	3853
2046	4159
2047	3909
2048	4019
2049	3742
2050	3981
2051	3882
2052	3933
2053	4021
2054	4052
2055	4079
2056	3814
2057	4125
2058	3997
2059	3999
2060	3919
2061	4017
2062	4189
2063	4108
2064	4379
2065	4299
2066	4123
2067	3991
2068	4061
2069	4381
2070	3969
2071	4177
2072	4038
2073	4065
2074	4105
2075	4034
2076	4048
2077	3971
2078	4040
2079	4143
2080	3905
2081	4225
2082	4181
2083	4268
2084	4085
2085	3819
2086	3676
2087	3764
2088	3765
2089	3764
2090	3924
2091	3613
2092	3686
2093	3566
2094	3512
2095	3628
2096	3629
2097	3678
2098	3512
2099	3834
2100	3561
2101	3634
2102	3551
2103	3379
2104	3602
2105	3634
2106	3446
2107	3593
2108	3589
2109	3732
2110	3502
2111	3553
2112	3463
2113	3607
2114	3434
2115	3623
2116	3654
2117	3475
2118	3799
2119	3600
2120	3896
2121	3495
2122	3731
2123	3537
2124	3488
2125	3488
2126	3568
2127	3813
2128	3391
2129	3649
2130	3674
2131	3550
2132	3508
2133	3799
2134	3500
2135	3868
2136	3509
2137	3504
2138	3536
2139	3480
2140	3392
2141	3516
2142	3434
2143	3261
2144	3435
2145	3336
2146	3363
2147	3244
2148	3382
2149	3266
2150	3112
2151	3284
2152	3365
2153	3505
2154	3396
2155	3332
2156	3260
2157	3319
2158	3333
2159	3234
2160	3459
2161	3293
2162	3414
2163	3352
2164	3297
2165	3474
2166	3528
2167	3488
2168	3434
2169	3433
2170	3799
2171	3586
2172	3590
2173	3376
2174	3329
2175	3455
2176	3481
2177	3454
2178	3374
2179	3389
2180	3294
2181	3172
2182	3508
2183	3289
2184	3369
2185	3334
2186	3403
2187	3246
2188	3166
2189	3335
2190	3263
2191	3424
2192	3147
2193	3197
2194	3376
2195	3189
2196	3334
2197	3351
2198	3331
2199	3239
2200	3290
2201	3307
2202	3306
2203	3357
2204	3348
2205	3429
2206	3218
2207	3211
2208	3353
2209	3271
2210	3164
2211	3244
2212	3240
2213	3250
2214	3406
2215	3496
2216	3236
2217	3343
2218	3298
2219	3281
2220	3079
2221	3353
2222	3166
2223	3002
2224	3242
2225	3263
2226	3200
2227	3243
2228	3125
2229	3340
2230	3220
2231	3244
2232	3196
2233	3364
2234	3184
2235	3324
2236	3271
2237	3192
2238	3405
2239	3124
2240	3108
2241	3204
2242	3354
2243	3304
2244	3247
2245	3249
2246	3199
2247	3296
2248	3283
2249	3354
2250	3279
2251	3411
2252	3323
2253	3188
2254	3665
2255	3324
2256	3371
2257	3239
2258	3257
2259	3363
2260	3422
2261	3336
2262	3313
2263	3218
2264	3228
2265	3308
2266	3170
2267	3064
2268	3299
2269	3175
2270	3181
2271	3087
2272	3145
2273	3099
2274	3240
2275	3207
2276	3195
2277	3201
2278	3233
2279	3179
2280	3238
2281	3203
2282	3047
2283	3274
2284	3046
2285	3239
2286	3159
2287	3436
2288	3231
2289	3221
2290	3343
2291	3183
2292	3424
2293	3277
2294	3423
2295	3217
2296	3440
2297	3500
2298	3226
2299	3333
2300	3244
2301	3645
2302	3263
2303	3193
2304	3348
2305	3251
2306	3354
2307	3475
2308	3140
2309	3427
2310	3322
2311	3339
2312	3489
2313	3514
2314	3449
2315	3328
2316	3425
2317	3461
2318	3410
2319	3607
2320	3405
2321	3638
2322	3419
2323	3465
2324	3359
2325	3514
2326	3567
2327	3093
2328	3373
2329	3370
2330	3323
2331	3288
2332	3219
2333	3364
2334	3347
2335	3281
2336	3250
2337	3392
2338	3536
2339	3467
2340	3632
2341	3544
2342	3577
2343	3350
2344	3400
2345	3433
2346	3410
2347	3248
2348	4041
2349	3327
2350	3435
2351	3193
2352	3431
2353	3463
2354	3244
2355	4171
2356	3243
2357	3413
2358	3286
2359	3694
2360	3471
2361	3387
2362	3887
2363	3419
2364	3412
2365	3528
2366	3454
2367	3346
2368	3593
2369	3560
2370	3362
2371	3265
2372	3424
2373	3050
2374	3348
2375	3066
2376	3580
2377	3134
2378	3467
2379	3554
2380	3333
2381	3399
2382	3305
2383	3007
2384	3363
2385	2978
2386	3266
2387	3318
2388	3336
2389	3261
2390	3179
2391	3606
2392	3386
2393	3184
2394	3200
2395	3301
2396	3255
2397	3142
2398	4458
2399	3227
2400	3537
2401	3147
2402	3695
2403	3123
2404	3197
2405	3635
2406	3254
2407	3012
2408	2964
2409	3094
2410	3061
2411	2976
2412	3060
2413	2986
2414	2888
2415	3024
2416	3002
2417	2738
2418	2906
2419	2931
2420	3031
2421	3011
2422	2832
2423	3022
2424	2938
2425	2938
2426	3013
2427	2992
2428	2842
2429	2836
2430	2913
2431	3009
2432	2821
2433	2963
2434	2877
2435	2789
2436	2794
2437	2983
2438	2831
2439	2894
2440	2958
2441	2731
2442	2964
2443	2647
2444	2742
2445	3141
2446	2987
2447	2868
2448	2709
2449	2827
2450	2636
2451	2745
2452	2765
2453	2820
2454	2628
2455	2656
2456	2583
2457	2513
2458	2681
2459	2660
2460	2631
2461	2633
2462	2531
2463	2486
2464	2547
2465	2539
2466	2581
2467	2490
2468	2571
2469	2567
2470	2860
2471	2828
2472	2595
2473	2603
2474	2674
2475	2648
2476	2705
2477	2590
2478	2640
2479	2617
2480	2638
2481	2668
2482	2659
2483	2582
2484	2653
2485	2548
2486	2722
2487	2737
2488	2735
2489	2779
2490	2656
2491	2647
2492	2662
2493	2616
2494	2799
2495	2730
2496	2665
2497	2670
2498	2613
2499	2598
2500	2563
2501	2644
2502	2631
2503	2589
2504	2725
2505	2642
2506	2567
2507	2781
2508	2565
2509	2632
2510	2646
2511	2636
2512	2722
2513	2699
2514	2675
2515	2635
2516	2702
2517	2593
2518	2758
2519	2721
2520	2706
2521	2807
2522	2629
2523	2780
2524	2610
2525	2674
2526	2762
2527	2834
2528	2968
2529	2797
2530	2685
2531	2818
2532	2704
2533	2686
2534	2701
2535	2482
2536	2862
2537	2763
2538	2884
2539	2718
2540	2876
2541	2725
2542	2874
2543	2778
2544	2826
2545	2785
2546	2893
2547	2925
2548	2836
2549	2855
2550	2820
2551	3119
2552	2905
2553	2972
2554	2758
2555	3050
2556	2868
2557	3243
2558	3009
2559	3067
2560	2830
2561	3049
2562	2889
2563	3008
2564	3378
2565	3032
2566	3318
2567	3100
2568	3358
2569	2858
2570	3292
2571	3083
2572	3091
2573	3061
2574	3028
2575	3049
2576	2970
2577	3069
2578	2999
2579	3098
2580	3036
2581	3199
2582	2894
2583	2978
2584	2936
2585	2842
2586	2906
2587	3016
2588	3187
2589	2970
2590	2974
2591	3022
2592	2730
2593	2972
2594	3043
2595	2889
2596	2866
2597	2916
2598	2773
2599	2746
2600	2752
2601	2857
2602	2754
2603	2788
2604	2837
2605	2750
2606	2824
2607	2720
2608	2778
2609	2498
2610	2909
2611	2890
2612	3001
2613	2899
2614	2836
2615	2869
2616	2957
2617	2830
2618	2795
2619	3025
2620	2779
2621	2822
2622	2931
2623	2924
2624	3173
2625	3175
2626	3442
2627	3059
2628	2881
2629	3158
2630	3567
2631	2788
2632	2968
2633	3163
2634	2975
2635	3055
2636	3059
2637	3003
2638	2836
2639	3096
2640	3126
2641	2968
2642	3072
2643	3011
2644	2898
2645	3133
2646	2915
2647	3045
2648	2966
2649	3313
2650	3197
2651	3083
2652	3645
2653	3172
2654	3100
2655	3179
2656	2917
2657	3079
2658	3208
2659	3030
2660	2952
2661	3212
2662	2901
2663	2981
2664	3018
2665	3288
2666	2951
2667	2976
2668	2972
2669	2932
2670	2895
2671	2794
2672	2985
2673	2832
2674	3074
2675	3209
2676	3028
2677	3004
2678	2971
2679	3510
2680	3012
2681	3029
2682	3220
2683	3259
2684	3131
2685	3276
2686	3238
2687	3096
2688	3363
2689	3187
2690	3236
2691	3243
2692	3062
2693	3102
2694	3135
2695	2996
2696	3115
2697	3048
2698	2889
2699	3108
2700	3200
2701	3329
2702	3588
2703	3420
2704	3215
2705	3161
2706	3317
2707	2965
2708	3284
2709	3323
2710	3195
2711	3318
2712	2861
2713	2954
2714	3148
2715	3229
2716	3621
2717	3142
2718	3412
2719	3251
2720	2957
2721	2925
2722	2783
2723	2916
2724	2860
2725	2805
2726	2882
2727	2958
2728	2823
2729	2889
2730	2759
2731	2820
2732	2760
2733	2894
2734	2899
2735	2840
2736	2779
2737	2930
2738	2808
2739	2939
2740	2725
2741	2764
2742	2710
2743	2767
2744	2664
2745	2627
2746	2696
2747	2729
2748	2649
2749	2685
2750	2725
2751	2743
2752	2648
2753	2884
2754	2757
2755	2927
2756	3167
2757	2855
2758	2748
2759	2857
2760	2985
2761	3091
2762	3247
2763	2767
2764	2728
2765	2869
2766	2803
2767	2849
2768	2799
2769	2870
2770	2769
2771	2806
2772	2666
2773	2789
2774	2718
2775	2644
2776	2870
2777	2589
2778	2666
2779	2750
2780	3041
2781	2846
2782	2817
2783	2892
2784	2660
2785	2527
2786	2529
2787	2532
2788	2685
2789	2483
2790	2729
2791	2439
2792	2455
2793	2531
2794	2562
2795	2550
2796	2563
2797	2358
2798	2667
2799	2404
2800	2517
2801	2427
2802	2550
2803	2713
2804	2518
2805	2706
2806	2579
2807	2653
2808	2582
2809	2622
2810	2918
2811	2709
2812	3063
2813	2787
2814	2822
2815	2880
2816	3224
2817	3421
2818	2677
2819	2729
2820	2797
2821	2961
2822	2990
2823	2682
2824	2483
2825	2767
2826	2665
2827	2428
2828	2330
2829	2450
2830	2397
2831	2376
2832	2495
2833	2556
2834	2393
2835	2641
2836	2616
2837	2741
2838	2659
2839	2687
2840	2560
2841	2430
2842	2581
2843	2486
2844	2377
2845	2460
2846	2581
2847	2467
2848	2654
2849	2679
2850	2607
2851	2378
2852	2536
2853	2546
2854	2540
2855	2486
2856	2661
2857	2535
2858	2520
2859	2737
2860	2762
2861	2620
2862	2641
2863	2978
2864	2626
2865	2878
2866	2637
2867	2664
2868	2670
2869	2600
2870	2637
2871	2886
2872	2634
2873	2688
2874	2465
2875	2667
2876	2713
2877	2641
2878	2603
2879	2636
2880	2453
2881	2747
2882	2780
2883	2641
2884	2449
2885	2519
2886	2497
2887	2464
2888	2829
2889	2892
2890	2394
2891	2360
2892	2404
2893	2600
2894	2343
2895	2314
2896	2451
2897	2513
2898	2566
2899	2470
2900	2392
2901	2711
2902	2496
2903	2365
2904	2282
2905	2302
2906	2400
2907	2440
2908	2517
2909	2562
2910	2395
2911	2416
2912	2459
2913	2348
2914	2410
2915	2279
2916	2320
2917	2590
2918	2551
2919	2414
2920	2370
2921	2305
2922	2355
2923	2291
2924	2243
2925	2220
2926	2207
2927	2243
2928	2451
2929	2272
2930	2283
2931	2301
2932	2431
2933	2233
2934	2174
2935	2239
2936	2243
2937	2217
2938	2176
2939	2339
2940	2249
2941	2381
2942	2274
2943	2435
2944	2303
2945	2332
2946	2240
2947	2209
2948	2157
2949	2214
2950	2268
2951	2294
2952	2343
2953	2276
2954	2243
2955	2137
2956	2194
2957	2132
2958	2137
2959	2206
2960	2112
2961	2232
2962	2130
2963	2157
2964	2253
2965	2253
2966	2171
2967	2257
2968	2260
2969	2270
2970	2142
2971	2269
2972	2267
2973	2200
2974	2323
2975	2341
2976	2188
2977	2237
2978	2232
2979	2261
2980	2316
2981	2400
2982	2181
2983	2136
2984	2193
2985	2212
2986	2207
2987	2177
2988	2323
2989	2129
2990	2242
2991	2278
2992	2311
2993	2342
2994	2300
2995	2280
2996	2445
2997	2386
2998	2340
2999	2371
3000	2352
3001	2339
3002	2399
3003	2646
3004	2387
3005	2403
3006	2467
3007	2479
3008	2497
3009	2496
3010	2513
3011	2468
3012	2382
3013	2456
3014	2461
3015	2435
3016	2514
3017	2517
3018	2467
3019	2382
3020	2316
3021	2488
3022	2441
3023	2477
3024	2478
3025	2314
3026	2381
3027	2398
3028	2408
3029	2453
3030	2398
3031	2462
3032	2319
3033	2443
3034	2469
3035	2503
3036	2370
3037	2532
3038	2683
3039	2539
3040	2522
3041	2837
3042	2594
3043	2534
3044	2651
3045	2646
3046	2692
3047	2712
3048	2937
3049	2697
3050	2670
3051	2663
3052	2650
3053	2717
3054	2664
3055	2524
3056	2495
3057	2501
3058	2522
3059	2473
3060	2428
3061	2396
3062	2528
3063	2373
3064	2389
3065	2482
3066	2462
3067	2421
3068	2385
3069	2344
3070	2453
3071	2389
3072	2443
3073	2485
3074	2491
3075	2497
3076	2472
3077	2565
3078	2406
3079	2410
3080	2544
3081	2411
3082	2459
3083	2442
3084	2633
3085	2541
3086	2446
3087	2409
3088	2439
3089	2286
3090	2349
3091	2343
3092	2503
3093	2410
3094	2494
3095	2585
3096	2460
3097	2477
3098	2321
3099	2302
3100	2378
3101	2345
3102	2320
3103	2264
3104	2301
3105	2379
3106	2260
3107	2224
3108	2331
3109	2086
3110	2299
3111	2287
3112	2298
3113	2339
3114	2415
3115	2165
3116	2363
3117	2203
3118	2271
3119	2298
3120	2233
3121	2326
3122	2288
3123	2251
3124	2266
3125	2299
3126	2198
3127	2330
3128	2258
3129	2282
3130	2268
3131	2337
3132	2344
3133	2409
3134	2326
3135	2278
3136	2338
3137	2369
3138	2188
3139	2309
3140	2423
3141	2453
3142	2366
3143	2143
3144	2227
3145	2341
3146	2259
3147	2246
3148	2247
3149	2167
3150	2124
3151	2142
3152	2152
3153	2227
3154	2169
3155	2257
3156	2199
3157	2284
3158	2252
3159	2281
3160	2312
3161	2185
3162	2227
3163	2258
3164	2295
3165	2288
3166	2182
3167	2233
3168	2274
3169	2211
3170	2278
3171	2057
3172	2201
3173	2155
3174	2170
3175	2176
3176	2219
3177	2145
3178	2179
3179	2249
3180	2164
3181	2248
3182	2129
3183	2178
3184	2136
3185	2008
3186	2152
3187	2199
3188	2136
3189	2109
3190	2124
3191	2166
3192	2237
3193	2088
3194	2177
3195	2143
3196	2149
3197	2103
3198	2113
3199	2099
3200	2137
3201	2065
3202	2066
3203	2130
3204	2125
3205	2162
3206	2169
3207	2175
3208	2095
3209	2029
3210	2031
3211	2138
3212	2129
3213	2070
3214	2123
3215	2048
3216	2078
3217	2103
3218	2118
3219	2108
3220	2155
3221	2184
3222	2099
3223	2080
3224	2073
3225	2179
3226	2247
3227	2161
3228	2158
3229	2061
3230	2170
3231	2207
3232	2253
3233	2142
3234	2047
3235	2266
3236	2163
3237	2147
3238	2087
3239	2153
3240	2205
3241	2075
3242	2188
3243	2163
3244	2116
3245	2166
3246	2139
3247	2286
3248	2147
3249	2150
3250	2224
3251	2032
3252	2150
3253	2137
3254	2307
3255	2363
3256	2182
3257	2239
3258	2248
3259	2113
3260	2392
3261	2339
3262	2281
3263	2188
3264	2115
3265	2205
3266	2132
3267	2090
3268	2270
3269	2163
3270	2201
3271	2190
3272	2173
3273	2185
3274	2272
3275	2219
3276	2232
3277	2321
3278	2160
3279	2330
3280	2331
3281	2502
3282	2255
3283	2199
3284	2237
3285	2424
3286	2313
3287	2415
3288	2224
3289	2326
3290	2215
3291	2304
3292	2170
3293	2234
3294	2353
3295	2327
3296	2265
3297	2357
3298	2379
3299	2268
3300	2275
3301	2294
3302	2227
3303	2394
3304	2356
3305	2353
3306	2327
3307	2301
3308	2262
3309	2361
3310	2384
3311	2344
3312	2456
3313	2334
3314	2376
3315	2383
3316	2407
3317	2469
3318	2409
3319	2432
3320	2457
3321	2488
3322	2369
3323	2524
3324	2376
3325	2343
3326	2413
3327	2376
3328	2530
3329	2416
3330	2380
3331	2214
3332	2447
3333	2451
3334	2478
3335	2528
3336	2409
3337	2478
3338	2483
3339	2417
3340	2506
3341	2440
3342	2530
3343	2357
3344	2333
3345	2366
3346	2401
3347	2466
3348	2459
3349	2273
3350	2393
3351	2485
3352	2393
3353	2278
3354	2297
3355	2406
3356	2299
3357	2427
3358	2403
3359	2390
3360	2126
3361	2285
3362	2236
3363	2298
3364	2211
3365	2197
3366	2223
3367	2311
3368	2237
3369	2333
3370	2287
3371	2360
3372	2177
3373	2239
3374	2123
3375	2179
3376	2165
3377	2150
3378	2142
3379	2199
3380	2168
3381	2130
3382	2335
3383	2137
3384	2249
3385	2093
3386	2133
3387	2084
3388	2234
3389	2086
3390	2211
3391	2038
3392	2065
3393	2032
3394	2048
3395	2095
3396	2065
3397	2084
3398	2150
3399	2081
3400	2029
3401	2132
3402	2029
3403	2106
3404	2088
3405	2196
3406	2058
3407	2122
3408	2031
3409	2060
3410	2023
3411	2077
3412	2118
3413	1998
3414	2036
3415	2047
3416	2046
3417	2027
3418	2020
3419	2054
3420	2003
3421	1947
3422	2092
3423	2006
3424	1966
3425	2080
3426	1966
3427	1966
3428	1934
3429	2066
3430	2101
3431	2001
3432	1966
3433	2063
3434	2020
3435	2089
3436	2169
3437	2091
3438	2081
3439	2081
3440	2053
3441	2106
3442	2035
3443	2047
3444	2063
3445	2026
3446	1988
3447	1943
3448	2078
3449	1999
3450	1989
3451	2095
3452	2099
3453	1970
3454	1959
3455	2089
3456	1976
3457	1913
3458	1970
3459	2044
3460	2086
3461	1951
3462	2031
3463	1944
3464	2013
3465	1990
3466	1923
3467	1897
3468	1936
3469	1945
3470	1942
3471	1922
3472	1858
3473	1860
3474	1981
3475	1974
3476	2033
3477	1876
3478	1916
3479	1921
3480	1909
3481	2036
3482	1847
3483	2071
3484	1904
3485	1988
3486	1861
3487	1915
3488	1957
3489	1894
3490	1869
3491	1944
3492	1905
3493	2089
3494	1906
3495	2079
3496	1966
3497	1880
3498	2029
3499	1928
3500	1886
3501	2011
3502	2012
3503	2076
3504	1903
3505	1970
3506	1929
3507	1963
3508	1840
3509	1948
3510	1884
3511	2008
3512	1914
3513	2081
3514	1994
3515	1989
3516	1893
3517	2007
3518	1940
3519	2029
3520	1971
3521	2048
3522	2162
3523	2073
3524	2266
3525	1946
3526	1959
3527	2015
3528	1881
3529	1916
3530	1842
3531	1886
3532	1962
3533	1926
3534	1867
3535	1906
3536	1893
3537	1936
3538	1924
3539	1933
3540	1854
3541	1910
3542	1874
3543	1896
3544	1865
3545	2034
3546	1899
3547	1945
3548	1901
3549	2031
3550	1863
3551	1828
3552	1866
3553	1899
3554	1786
3555	1786
3556	1939
3557	1793
3558	1897
3559	1840
3560	1863
3561	1956
3562	1938
3563	2086
3564	1938
3565	1885
3566	1873
3567	1929
3568	1987
3569	1884
3570	2029
3571	2000
3572	1946
3573	1943
3574	1935
3575	2152
3576	1858
3577	2033
3578	2000
3579	1847
3580	1914
3581	1828
3582	1904
3583	1844
3584	1761
3585	1872
3586	1850
3587	1841
3588	1784
3589	1855
3590	1901
3591	1770
3592	1806
3593	1832
3594	1864
3595	1989
3596	1891
3597	1866
3598	1882
3599	1804
3600	1900
3601	1886
3602	1796
3603	1811
3604	1824
3605	1870
3606	1769
3607	1834
3608	1777
3609	1958
3610	1973
3611	1900
3612	1875
3613	1859
3614	1783
3615	1918
3616	1931
3617	1881
3618	1917
3619	1999
3620	1787
3621	1879
3622	1897
3623	1859
3624	1886
3625	1821
3626	1771
3627	1776
3628	1767
3629	1800
3630	1732
3631	1814
3632	1744
3633	1809
3634	1854
3635	1858
3636	1832
3637	1929
3638	1757
3639	1790
3640	1746
3641	1756
3642	1836
3643	1876
3644	1776
3645	1767
3646	1894
3647	1794
3648	1811
3649	1829
3650	1974
3651	1824
3652	1825
3653	1832
3654	1817
3655	1945
3656	1969
3657	1827
3658	1874
3659	1767
3660	1878
3661	1916
3662	1895
3663	1951
3664	2027
3665	1952
3666	1970
3667	2045
3668	1952
3669	1946
3670	2042
3671	2146
3672	2069
3673	2137
3674	2140
3675	2133
3676	1871
3677	1733
3678	1874
3679	1868
3680	1916
3681	1915
3682	1764
3683	2041
3684	1893
3685	1890
3686	1991
3687	1937
3688	1958
3689	2054
3690	2081
3691	2122
3692	2077
3693	1998
3694	1834
3695	1850
3696	1887
3697	2054
3698	2105
3699	2159
3700	2184
3701	2003
3702	1954
3703	2072
3704	1902
3705	2084
3706	2037
3707	2044
3708	2273
3709	2167
3710	2298
3711	2361
3712	2335
3713	2123
3714	1993
3715	2019
3716	2014
3717	1908
3718	1931
3719	1877
3720	1931
3721	2022
3722	1971
3723	2099
3724	2007
3725	2169
3726	2016
3727	1941
3728	1946
3729	1964
3730	1869
3731	1874
3732	1867
3733	1939
3734	1981
3735	1956
3736	1997
3737	1944
3738	1940
3739	1950
3740	1868
3741	1933
3742	2154
3743	1869
3744	2199
3745	1946
3746	2019
3747	2068
3748	1954
3749	1991
3750	1977
3751	1849
3752	2289
3753	2131
3754	2002
3755	2241
3756	2027
3757	1819
3758	1960
3759	1847
3760	1739
3761	1827
3762	1917
3763	2058
3764	2054
3765	1961
3766	2054
3767	2101
3768	2352
3769	2077
3770	2043
3771	2376
3772	2222
3773	1995
3774	2098
3775	1965
3776	1941
3777	1972
3778	2093
3779	2042
3780	1885
3781	2123
3782	2015
3783	2057
3784	1997
3785	1945
3786	2001
3787	1820
3788	1961
3789	1878
3790	1761
3791	1770
3792	1812
3793	1830
3794	1846
3795	1740
3796	1813
3797	1889
3798	1955
3799	1908
3800	1860
3801	1867
3802	1907
3803	1878
3804	1813
3805	1778
3806	1809
3807	1829
3808	1830
3809	1756
3810	1815
3811	1807
3812	1856
3813	1864
3814	1882
3815	1922
3816	1938
3817	1828
3818	1871
3819	1790
3820	1709
3821	1775
3822	1715
3823	1819
3824	1751
3825	1706
3826	1822
3827	1719
3828	1927
3829	1707
3830	1760
3831	1694
3832	1746
3833	1905
3834	1788
3835	1752
3836	1857
3837	1623
3838	1694
3839	1731
3840	1654
3841	1751
3842	1708
3843	1792
3844	1595
3845	1630
3846	1685
3847	1647
3848	1695
3849	1688
3850	1631
3851	1617
3852	1684
3853	1719
3854	1630
3855	1653
3856	1665
3857	1712
3858	1738
3859	1608
3860	1756
3861	1823
3862	1692
3863	1686
3864	1588
3865	1625
3866	1666
3867	1574
3868	1682
3869	1647
3870	1728
3871	1713
3872	1718
3873	1693
3874	1782
3875	1740
3876	1797
3877	1760
3878	1755
3879	1780
3880	1725
3881	1737
3882	1753
3883	1730
3884	1860
3885	1653
3886	1693
3887	1784
3888	1527
3889	1669
3890	1783
3891	1695
3892	1748
3893	1703
3894	1776
3895	1619
3896	1746
3897	1803
3898	1715
3899	1779
3900	1770
3901	1711
3902	1877
3903	1890
3904	1867
3905	1829
3906	1958
3907	1785
3908	1772
3909	1973
3910	1742
3911	1858
3912	1819
3913	1749
3914	1802
3915	1788
3916	1654
3917	1713
3918	1682
3919	1754
3920	1697
3921	1754
3922	1689
3923	1664
3924	1638
3925	1755
3926	1580
3927	1658
3928	1676
3929	1838
3930	1737
3931	1779
3932	1960
3933	1779
3934	1767
3935	1941
3936	1742
3937	1722
3938	1812
3939	1751
3940	1767
3941	1789
3942	1794
3943	1614
3944	1780
3945	1823
3946	1736
3947	1811
3948	1810
3949	1888
3950	1875
3951	1833
3952	1932
3953	2143
3954	2023
3955	2136
3956	1899
3957	1942
3958	1976
3959	2039
3960	2006
3961	2046
3962	1955
3963	1866
3964	1917
3965	1900
3966	1900
3967	1955
3968	1918
3969	1828
3970	1934
3971	1993
3972	2087
3973	1738
3974	1889
3975	1984
3976	1975
3977	1773
3978	1941
3979	1823
3980	1987
3981	1827
3982	1803
3983	1798
3984	1738
3985	1849
3986	1733
3987	1802
3988	1780
3989	1750
3990	1783
3991	1620
3992	1649
3993	1818
3994	1812
3995	1841
3996	1740
3997	1808
3998	1705
3999	1891
4000	1802
4001	1716
4002	1835
4003	1770
4004	1772
4005	1866
4006	1789
4007	1740
4008	1882
4009	1856
4010	2239
4011	1861
4012	2339
4013	2127
4014	2074
4015	2224
4016	1844
4017	1930
4018	2030
4019	2370
4020	2234
4021	2706
4022	2011
4023	2215
4024	2022
4025	2085
4026	2027
4027	2227
4028	1999
4029	2252
4030	2910
4031	2292
4032	3987
4033	2175
4034	2077
4035	2255
4036	1992
4037	1895
4038	2057
4039	1826
4040	1967
4041	2000
4042	1949
4043	1750
4044	1811
4045	1719
4046	1748
4047	1938
4048	1875
4049	1911
4050	1921
4051	1904
4052	1889
4053	1997
4054	1949
4055	1935
4056	1896
4057	1843
4058	1771
4059	1834
4060	2094
4061	2011
4062	1858
4063	1927
4064	1917
4065	2054
4066	1873
4067	2162
4068	1885
4069	1892
4070	1928
4071	2127
4072	2369
4073	1908
4074	1801
4075	1885
4076	1833
4077	1845
4078	1942
4079	1851
4080	1880
4081	1822
4082	1930
4083	1761
4084	1827
4085	1858
4086	1920
4087	2107
4088	1817
4089	1799
4090	1877
4091	1868
4092	1811
4093	1943
4094	1853
4095	1824
4096	1873
4097	2169
4098	2158
4099	1840
4100	1859
4101	1801
4102	1925
4103	1843
4104	1896
4105	1947
4106	1885
4107	1941
4108	1892
4109	1982
4110	1893
4111	2264
4112	1951
4113	2057
4114	1924
4115	1954
4116	2022
4117	1855
4118	1828
4119	1948
4120	1982
4121	1960
4122	2091
4123	1842
4124	1951
4125	1864
4126	1946
4127	1912
4128	1728
4129	1887
4130	1741
4131	2029
4132	1757
4133	1703
4134	1854
4135	1790
4136	1799
4137	1918
4138	1764
4139	2053
4140	1997
4141	1869
4142	2065
4143	1866
4144	2024
4145	1991
4146	2096
4147	2157
4148	1982
4149	2016
4150	1821
4151	1918
4152	1935
4153	1856
4154	1855
4155	1905
4156	2130
4157	1829
4158	2063
4159	1744
4160	1940
4161	1910
4162	2005
4163	1714
4164	1827
4165	1932
4166	1714
4167	2421
4168	1747
4169	1747
4170	1676
4171	1731
4172	1705
4173	1698
4174	1497
4175	1617
4176	1520
4177	1503
4178	1535
4179	1509
4180	1533
4181	1444
4182	1545
4183	1532
4184	1553
4185	1538
4186	1488
4187	1503
4188	1584
4189	1498
4190	1514
4191	1493
4192	1469
4193	1501
4194	1486
4195	1555
4196	1600
4197	1580
4198	1556
4199	1511
4200	1551
4201	1530
4202	1564
4203	1515
4204	1633
4205	1523
4206	1582
4207	1510
4208	1527
4209	1504
4210	1513
4211	1527
4212	1579
4213	1485
4214	1506
4215	1603
4216	1624
4217	1561
4218	1598
4219	1554
4220	1472
4221	1544
4222	1550
4223	1607
4224	1670
4225	1554
4226	1452
4227	1612
4228	1655
4229	1651
4230	1537
4231	1545
4232	1483
4233	1590
4234	1677
4235	1561
4236	1523
4237	1617
4238	1481
4239	1519
4240	1532
4241	1462
4242	1550
4243	1559
4244	1500
4245	1534
4246	1613
4247	1541
4248	1546
4249	1537
4250	1527
4251	1657
4252	1496
4253	1597
4254	1514
4255	1556
4256	1500
4257	1554
4258	1415
4259	1628
4260	1539
4261	1573
4262	1552
4263	1600
4264	1608
4265	1485
4266	1602
4267	1719
4268	1640
4269	1688
4270	1637
4271	1606
4272	1709
4273	1570
4274	1616
4275	1612
4276	1777
4277	1634
4278	1719
4279	1759
4280	1624
4281	1639
4282	1577
4283	1551
4284	1547
4285	1451
4286	1645
4287	1622
4288	1708
4289	1578
4290	1673
4291	1693
4292	1707
4293	1686
4294	1597
4295	1663
4296	1611
4297	1693
4298	1690
4299	1798
4300	1756
4301	1824
4302	1643
4303	1820
4304	1650
4305	1737
4306	1894
4307	1682
4308	1697
4309	1626
4310	1717
4311	1765
4312	1888
4313	1641
4314	1623
4315	1615
4316	1649
4317	1643
4318	1634
4319	1569
4320	1505
4321	1618
4322	1710
4323	1700
4324	1556
4325	1804
4326	1540
4327	1600
4328	1521
4329	1519
4330	1574
4331	1454
4332	1550
4333	1481
4334	1635
4335	1590
4336	1556
4337	1562
4338	1463
4339	1443
4340	1508
4341	1525
4342	1540
4343	1413
4344	1527
4345	1390
4346	1402
4347	1504
4348	1496
4349	1526
4350	1464
4351	1379
4352	1426
4353	1343
4354	1450
4355	1406
4356	1421
4357	1481
4358	1467
4359	1435
4360	1423
4361	1436
4362	1479
4363	1489
4364	1619
4365	1472
4366	1535
4367	1556
4368	1477
4369	1610
4370	1549
4371	1466
4372	1577
4373	1437
4374	1618
4375	1595
4376	1789
4377	1568
4378	1507
4379	1559
4380	1557
4381	1597
4382	1433
4383	1419
4384	1412
4385	1481
4386	1435
4387	1458
4388	1433
4389	1395
4390	1485
4391	1514
4392	1480
4393	1375
4394	1474
4395	1450
4396	1434
4397	1307
4398	1327
4399	1339
4400	1406
4401	1403
4402	1417
4403	1413
4404	1336
4405	1379
4406	1487
4407	1487
4408	1403
4409	1278
4410	1417
4411	1412
4412	1383
4413	1297
4414	1389
4415	1400
4416	1317
4417	1463
4418	1502
4419	1488
4420	1421
4421	1489
4422	1400
4423	1528
4424	1536
4425	1522
4426	1534
4427	1669
4428	1583
4429	1396
4430	1468
4431	1334
4432	1367
4433	1379
4434	1373
4435	1320
4436	1376
4437	1361
4438	1385
4439	1259
4440	1238
4441	1326
4442	1317
4443	1322
4444	1357
4445	1362
4446	1325
4447	1353
4448	1301
4449	1340
4450	1299
4451	1339
4452	1261
4453	1345
4454	1374
4455	1393
4456	1268
4457	1383
4458	1405
4459	1487
4460	1284
4461	1292
4462	1353
4463	1288
4464	1268
4465	1363
4466	1261
4467	1215
4468	1354
4469	1269
4470	1341
4471	1346
4472	1246
4473	1311
4474	1339
4475	1279
4476	1335
4477	1297
4478	1270
4479	1295
4480	1296
4481	1304
4482	1307
4483	1300
4484	1290
4485	1330
4486	1282
4487	1341
4488	1286
4489	1383
4490	1433
4491	1390
4492	1352
4493	1264
4494	1374
4495	1285
4496	1257
4497	1286
4498	1303
4499	1314
4500	1307
4501	1373
4502	1359
4503	1389
4504	1325
4505	1380
4506	1366
4507	1364
4508	1321
4509	1373
4510	1380
4511	1344
4512	1396
4513	1347
4514	1367
4515	1315
4516	1322
4517	1390
4518	1319
4519	1382
4520	1292
4521	1309
4522	1420
4523	1325
4524	1396
4525	1284
4526	1351
4527	1323
4528	1445
4529	1204
4530	1365
4531	1275
4532	1335
4533	1322
4534	1267
4535	1283
4536	1353
4537	1372
4538	1235
4539	1303
4540	1307
4541	1340
4542	1336
4543	1395
4544	1348
4545	1321
4546	1429
4547	1461
4548	1358
4549	1251
4550	1419
4551	1265
4552	1330
4553	1309
4554	1277
4555	1279
4556	1281
4557	1338
4558	1371
4559	1333
4560	1265
4561	1310
4562	1218
4563	1278
4564	1230
4565	1282
4566	1364
4567	1358
4568	1309
4569	1271
4570	1324
4571	1289
4572	1270
4573	1288
4574	1253
4575	1395
4576	1365
4577	1314
4578	1400
4579	1356
4580	1408
4581	1288
4582	1325
4583	1405
4584	1331
4585	1344
4586	1265
4587	1296
4588	1366
4589	1333
4590	1399
4591	1350
4592	1273
4593	1315
4594	1323
4595	1312
4596	1305
4597	1315
4598	1336
4599	1350
4600	1326
4601	1335
4602	1317
4603	1368
4604	1327
4605	1379
4606	1413
4607	1360
4608	1393
4609	1471
4610	1338
4611	1432
4612	1440
4613	1446
4614	1321
4615	1432
4616	1413
4617	1363
4618	1392
4619	1385
4620	1506
4621	1471
4622	1463
4623	1486
4624	1444
4625	1646
4626	1648
4627	1518
4628	1707
4629	1595
4630	1951
4631	2104
4632	1768
4633	1798
4634	1512
4635	1370
4636	1638
4637	1628
4638	1536
4639	1441
4640	1437
4641	1398
4642	1555
4643	1515
4644	1647
4645	1933
4646	1344
4647	1348
4648	1457
4649	1402
4650	1366
4651	1339
4652	1303
4653	1376
4654	1420
4655	1379
4656	1325
4657	1501
4658	1418
4659	1469
4660	1354
4661	1502
4662	1515
4663	1433
4664	1355
4665	1377
4666	1342
4667	1410
4668	1343
4669	1417
4670	1476
4671	1452
4672	1515
4673	1549
4674	1434
4675	1366
4676	1382
4677	1453
4678	1344
4679	1311
4680	1331
4681	1246
4682	1250
4683	1300
4684	1250
4685	1327
4686	1337
4687	1298
4688	1276
4689	1271
4690	1266
4691	1311
4692	1412
4693	1384
4694	1374
4695	1410
4696	1331
4697	1380
4698	1290
4699	1327
4700	1406
4701	1314
4702	1393
4703	1405
4704	1584
4705	1442
4706	1481
4707	1473
4708	1450
4709	1439
4710	1457
4711	1458
4712	1359
4713	1387
4714	1288
4715	1413
4716	1336
4717	1461
4718	1570
4719	1457
4720	1327
4721	1379
4722	1442
4723	1347
4724	1444
4725	1466
4726	1458
4727	1412
4728	1488
4729	1445
4730	1522
4731	1526
4732	1426
4733	1387
4734	1372
4735	1407
4736	1467
4737	1423
4738	1374
4739	1416
4740	1328
4741	1381
4742	1367
4743	1390
4744	1344
4745	1316
4746	1359
4747	1300
4748	1282
4749	1321
4750	1320
4751	1324
4752	1358
4753	1448
4754	1279
4755	1391
4756	1390
4757	1482
4758	1298
4759	1320
4760	1353
4761	1401
4762	1280
4763	1318
4764	1297
4765	1379
4766	1335
4767	1313
4768	1446
4769	1381
4770	1397
4771	1370
4772	1397
4773	1403
4774	1455
4775	1290
4776	1397
4777	1347
4778	1339
4779	1454
4780	1493
4781	1325
4782	1374
4783	1473
4784	1523
4785	1411
4786	1427
4787	1444
4788	1298
4789	1498
4790	1345
4791	1479
4792	1501
4793	1797
4794	1409
4795	1437
4796	1431
4797	1416
4798	1401
4799	1353
4800	1451
4801	1418
4802	1491
4803	1341
4804	2173
4805	1449
4806	1492
4807	1406
4808	1385
4809	1364
4810	1452
4811	1477
4812	1380
4813	1439
4814	1458
4815	1658
4816	1425
4817	1420
4818	1390
4819	1386
4820	1448
4821	1422
4822	1388
4823	1554
4824	1673
4825	1473
4826	1816
4827	1629
4828	1353
4829	1449
4830	1379
4831	1495
4832	1536
4833	1388
4834	1446
4835	1471
4836	1535
4837	1447
4838	1467
4839	1467
4840	1473
4841	1465
4842	1429
4843	1385
4844	1487
4845	1416
4846	1395
4847	1393
4848	1313
4849	1339
4850	1422
4851	1288
4852	1504
4853	1334
4854	1421
4855	1406
4856	1300
4857	1437
4858	1320
4859	1313
4860	1369
4861	1307
4862	1333
4863	1319
4864	1360
4865	1297
4866	1290
4867	1322
4868	1235
4869	1270
4870	1226
4871	1301
4872	1421
4873	1318
4874	1283
4875	1388
4876	1472
4877	1284
4878	1415
4879	1338
4880	1309
4881	1245
4882	1338
4883	1362
4884	1292
4885	1287
4886	1280
4887	1358
4888	1228
4889	1336
4890	1299
4891	1345
4892	1322
4893	1236
4894	1241
4895	1183
4896	1254
4897	1218
4898	1233
4899	1413
4900	1295
4901	1342
4902	1276
4903	1544
4904	1351
4905	1573
4906	1475
4907	1437
4908	1400
4909	1256
4910	1272
4911	1193
4912	1254
4913	1330
4914	1335
4915	1332
4916	1362
4917	1257
4918	1344
4919	1223
4920	1346
4921	1341
4922	1371
4923	1340
4924	1274
4925	1183
4926	1149
4927	1367
4928	1315
4929	1243
4930	1278
4931	1171
4932	1250
4933	1258
4934	1330
4935	1261
4936	1251
4937	1319
4938	1214
4939	1332
4940	1236
4941	1225
4942	1186
4943	1277
4944	1163
4945	1218
4946	1140
4947	1350
4948	1251
4949	1238
4950	1197
4951	1176
4952	1220
4953	1233
4954	1307
4955	1166
4956	1340
4957	1323
4958	1285
4959	1284
4960	1363
4961	1302
4962	1276
4963	1305
4964	1286
4965	1205
4966	1291
4967	1347
4968	1250
4969	1233
4970	1320
4971	1221
4972	1180
4973	1204
4974	1293
4975	1270
4976	1263
4977	1250
4978	1347
4979	1256
4980	1211
4981	1295
4982	1180
4983	1281
4984	1173
4985	1255
4986	1302
4987	1283
4988	1247
4989	1178
4990	1200
4991	1313
4992	1331
4993	1289
4994	1341
4995	1269
4996	1323
4997	1316
4998	1287
4999	1226
5000	1232
5001	1191
5002	1195
5003	1312
5004	1251
5005	1279
5006	1190
5007	1163
5008	1322
5009	1264
5010	1181
5011	1258
5012	1211
5013	1210
5014	1209
5015	1230
5016	1182
5017	1223
5018	1184
5019	1194
5020	1165
5021	1260
5022	1205
5023	1146
5024	1167
5025	1134
5026	1255
5027	1221
5028	1185
5029	1194
5030	1183
5031	1160
5032	1285
5033	1147
5034	1186
5035	1150
5036	1191
5037	1154
5038	1180
5039	1142
5040	1174
5041	1114
5042	1180
5043	1163
5044	1175
5045	1209
5046	1122
5047	1124
5048	1187
5049	1137
5050	1122
5051	1126
5052	1111
5053	1151
5054	1233
5055	1129
5056	1207
5057	1180
5058	1117
5059	1161
5060	1128
5061	1115
5062	1161
5063	1199
5064	1303
5065	1359
5066	1316
5067	1427
5068	1202
5069	1333
5070	1353
5071	1350
5072	1418
5073	1291
5074	1285
5075	1233
5076	1256
5077	1294
5078	1216
5079	1220
5080	1304
5081	1335
5082	1196
5083	1268
5084	1229
5085	1164
5086	1181
5087	1132
5088	1237
5089	1194
5090	1070
5091	1180
5092	1112
5093	1139
5094	1149
5095	1064
5096	1100
5097	1105
5098	1176
5099	1055
5100	1045
5101	1122
5102	1119
5103	1132
5104	1160
5105	1129
5106	1129
5107	1146
5108	1183
5109	1068
5110	1071
5111	1112
5112	1095
5113	1183
5114	1083
5115	1107
5116	1037
5117	1086
5118	1057
5119	1159
5120	1082
5121	1159
5122	1101
5123	1129
5124	1096
5125	1074
5126	1070
5127	1126
5128	1120
5129	1027
5130	1147
5131	1115
5132	1140
5133	1084
5134	1112
5135	1052
5136	1083
5137	1149
5138	1109
5139	1060
5140	1059
5141	1094
5142	1103
5143	1110
5144	1116
5145	1058
5146	985
5147	1109
5148	1134
5149	1174
5150	1094
5151	1104
5152	1136
5153	1175
5154	1164
5155	1133
5156	1103
5157	1046
5158	1122
5159	1101
5160	1069
5161	1142
5162	975
5163	1074
5164	1148
5165	1104
5166	1060
5167	1070
5168	1047
5169	1013
5170	1045
5171	1074
5172	1001
5173	1078
5174	1068
5175	1099
5176	1206
5177	1052
5178	1042
5179	1099
5180	1135
5181	1152
5182	1052
5183	1103
5184	1107
5185	1144
5186	1049
5187	1033
5188	1054
5189	1036
5190	993
5191	1037
5192	1075
5193	1105
5194	1015
5195	1055
5196	1141
5197	1091
5198	1105
5199	1058
5200	1032
5201	1097
5202	1031
5203	1070
5204	1072
5205	1065
5206	1046
5207	1064
5208	1086
5209	1097
5210	1053
5211	1053
5212	1055
5213	1095
5214	1059
5215	1080
5216	1112
5217	1041
5218	1110
5219	1055
5220	1096
5221	1101
5222	1061
5223	1073
5224	1122
5225	1072
5226	1085
5227	1110
5228	1123
5229	1096
5230	1094
5231	1101
5232	1021
5233	1175
5234	1076
5235	1046
5236	1142
5237	1046
5238	1141
5239	1125
5240	1122
5241	1050
5242	1112
5243	1112
5244	1110
5245	1139
5246	1056
5247	1116
5248	1114
5249	1135
5250	1061
5251	1133
5252	1103
5253	1160
5254	1054
5255	1161
5256	1049
5257	1111
5258	1094
5259	1107
5260	1096
5261	1077
5262	1098
5263	1105
5264	1062
5265	1043
5266	1104
5267	1112
5268	1022
5269	1082
5270	1057
5271	1033
5272	1066
5273	1077
5274	1071
5275	1013
5276	1089
5277	1076
5278	1074
5279	995
5280	1055
5281	1136
5282	1095
5283	1049
5284	1100
5285	1103
5286	950
5287	1061
5288	1087
5289	1082
5290	1042
5291	1106
5292	1116
5293	1104
5294	1113
5295	1061
5296	1116
5297	1131
5298	1078
5299	1081
5300	1169
5301	1118
5302	1068
5303	1137
5304	1161
5305	1033
5306	1028
5307	1061
5308	1068
5309	1172
5310	1145
5311	1075
5312	1122
5313	1066
5314	1052
5315	1031
5316	1102
5317	1072
5318	1099
5319	1067
5320	1104
5321	1123
5322	1090
5323	1119
5324	1094
5325	997
5326	1111
5327	1076
5328	1068
5329	1082
5330	986
5331	1123
5332	1009
5333	1057
5334	1107
5335	1090
5336	1035
5337	1069
5338	1043
5339	1088
5340	1062
5341	1042
5342	1011
5343	996
5344	1013
5345	1089
5346	1059
5347	1096
5348	1002
5349	1043
5350	1045
5351	1086
5352	1076
5353	1128
5354	1004
5355	1047
5356	1080
5357	1081
5358	1058
5359	1132
5360	1114
5361	1096
5362	1084
5363	1060
5364	1114
5365	1019
5366	1193
5367	1134
5368	1213
5369	1210
5370	1121
5371	1224
5372	1085
5373	1257
5374	1232
5375	1212
5376	1185
5377	1189
5378	1167
5379	1181
5380	1200
5381	1202
5382	1232
5383	1167
5384	1102
5385	1194
5386	1148
5387	1129
5388	1167
5389	1187
5390	1194
5391	1295
5392	1208
5393	1153
5394	1176
5395	1194
5396	1147
5397	1111
5398	1313
5399	1192
5400	1190
5401	1201
5402	1159
5403	1151
5404	1114
5405	1184
5406	1199
5407	1178
5408	1280
5409	1215
5410	1407
5411	1289
5412	1160
5413	1209
5414	1141
5415	1162
5416	1240
5417	1186
5418	1168
5419	1211
5420	1331
5421	1221
5422	1176
5423	1146
5424	1135
5425	1213
5426	1178
5427	1189
5428	1176
5429	1215
5430	1138
5431	1197
5432	1246
5433	1156
5434	1108
5435	1178
5436	1265
5437	1232
5438	1186
5439	1184
5440	1183
5441	1142
5442	1242
5443	1167
5444	1196
5445	1240
5446	1194
5447	1133
5448	1068
5449	1108
5450	1148
5451	1120
5452	1195
5453	1143
5454	1270
5455	1148
5456	1221
5457	1277
5458	1198
5459	1243
5460	1223
5461	1163
5462	1255
5463	1294
5464	1254
5465	1215
5466	1137
5467	1143
5468	1195
5469	1269
5470	1294
5471	1268
5472	1185
5473	1235
5474	1300
5475	1245
5476	1242
5477	1565
5478	1246
5479	1213
5480	1179
5481	1164
5482	1269
5483	1307
5484	1285
5485	1256
5486	1233
5487	1201
5488	1228
5489	1197
5490	1216
5491	1222
5492	1238
5493	1214
5494	1104
5495	1215
5496	1193
5497	1276
5498	1226
5499	1219
5500	1296
5501	1284
5502	1332
5503	1289
5504	1266
5505	1255
5506	1220
5507	1137
5508	1224
5509	1198
5510	1213
5511	1296
5512	1239
5513	1183
5514	1191
5515	1249
5516	1315
5517	1218
5518	1319
5519	1243
5520	1324
5521	1250
5522	1241
5523	1262
5524	1281
5525	1383
5526	1236
5527	1352
5528	1299
5529	1212
5530	1313
5531	1261
5532	1257
5533	1371
5534	1316
5535	1486
5536	1286
5537	1260
5538	1299
5539	1262
5540	1335
5541	1334
5542	1282
5543	1321
5544	1289
5545	1347
5546	1281
5547	1211
5548	1272
5549	1265
5550	1231
5551	1250
5552	1308
5553	1336
5554	1226
5555	1233
5556	1263
5557	1206
5558	1204
5559	1202
5560	1208
5561	1215
5562	1145
5563	1225
5564	1181
5565	1311
5566	1188
5567	1258
5568	1243
5569	1289
5570	1240
5571	1231
5572	1332
5573	1273
5574	1236
5575	1230
5576	1194
5577	1233
5578	1295
5579	1276
5580	1270
5581	1257
5582	1334
5583	1209
5584	1181
5585	1311
5586	1149
5587	1343
5588	1224
5589	1293
5590	1290
5591	1200
5592	1357
5593	1234
5594	1344
5595	1250
5596	1291
5597	1306
5598	1284
5599	1321
5600	1419
5601	1427
5602	1433
5603	1244
5604	1438
5605	1326
5606	1283
5607	1319
5608	1258
5609	1236
5610	1224
5611	1274
5612	1169
5613	1197
5614	1208
5615	1187
5616	1219
5617	1236
5618	1236
5619	1065
5620	1138
5621	1251
5622	1173
5623	1149
5624	1114
5625	1146
5626	1186
5627	1228
5628	1215
5629	1241
5630	1157
5631	1163
5632	1249
5633	1254
5634	1242
5635	1116
5636	1187
5637	1051
5638	1134
5639	1136
5640	1145
5641	1138
5642	1203
5643	1231
5644	1267
5645	1214
5646	1148
5647	1222
5648	1326
5649	1176
5650	1195
5651	1340
5652	1633
5653	1563
5654	1253
5655	1345
5656	1287
5657	1504
5658	1990
5659	1513
5660	1466
5661	1168
5662	1267
5663	1261
5664	1205
5665	1259
5666	1186
5667	1215
5668	1083
5669	1119
5670	1137
5671	1210
5672	1249
5673	1199
5674	1117
5675	1153
5676	1182
5677	1209
5678	1194
5679	1112
5680	1085
5681	1214
5682	1226
5683	1129
5684	1077
5685	1198
5686	1179
5687	1157
5688	1203
5689	1170
5690	1134
5691	1223
5692	1107
5693	1103
5694	1191
5695	1184
5696	1163
5697	1142
5698	1229
5699	1163
5700	1074
5701	1127
5702	1067
5703	1090
5704	1143
5705	1075
5706	1131
5707	1063
5708	1086
5709	1163
5710	1086
5711	1115
5712	1180
5713	1151
5714	1183
5715	1152
5716	1148
5717	1152
5718	1123
5719	1111
5720	1171
5721	1159
5722	1134
5723	1088
5724	1125
5725	1143
5726	1049
5727	1033
5728	1092
5729	1147
5730	1100
5731	1234
5732	1177
5733	1109
5734	1035
5735	1070
5736	1196
5737	1042
5738	1039
5739	1155
5740	1104
5741	1116
5742	1094
5743	1014
5744	1086
5745	1039
5746	1020
5747	1125
5748	1051
5749	1037
5750	1064
5751	1087
5752	1117
5753	1093
5754	966
5755	1091
5756	1054
5757	1085
5758	1063
5759	1176
5760	1113
5761	1114
5762	1147
5763	1066
5764	1231
5765	1128
5766	1137
5767	1162
5768	1140
5769	1202
5770	1126
5771	1104
5772	1039
5773	1070
5774	1169
5775	1105
5776	1020
5777	1093
5778	1099
5779	1045
5780	1095
5781	1032
5782	1066
5783	1068
5784	1105
5785	1205
5786	1169
5787	1040
5788	1174
5789	1106
5790	1066
5791	1080
5792	1067
5793	1123
5794	1098
5795	1084
5796	1058
5797	1083
5798	1128
5799	1162
5800	1138
5801	1148
5802	1072
5803	1118
5804	1095
5805	1109
5806	1145
5807	1136
5808	1170
5809	1100
5810	1095
5811	1025
5812	1121
5813	1078
5814	1035
5815	992
5816	1075
5817	1103
5818	1027
5819	1057
5820	1074
5821	1025
5822	1009
5823	1032
5824	1068
5825	1050
5826	1045
5827	1097
5828	1053
5829	1006
5830	1081
5831	1122
5832	1147
5833	1129
5834	1135
5835	1093
5836	1101
5837	1079
5838	1116
5839	1064
5840	1128
5841	1062
5842	1067
5843	1075
5844	1095
5845	1117
5846	1078
5847	1089
5848	1073
5849	1121
5850	1116
5851	1130
5852	1123
5853	1003
5854	1024
5855	1075
5856	1080
5857	1099
5858	1037
5859	1042
5860	1066
5861	1102
5862	1011
5863	980
5864	1021
5865	1037
5866	957
5867	1007
5868	1048
5869	1019
5870	1013
5871	1011
5872	959
5873	999
5874	1029
5875	997
5876	982
5877	1016
5878	1013
5879	946
5880	999
5881	919
5882	988
5883	1024
5884	1055
5885	972
5886	939
5887	999
5888	911
5889	1061
5890	950
5891	952
5892	994
5893	1049
5894	998
5895	1017
5896	1004
5897	997
5898	1010
5899	946
5900	991
5901	991
5902	942
5903	981
5904	891
5905	934
5906	925
5907	908
5908	932
5909	917
5910	908
5911	961
5912	933
5913	1009
5914	969
5915	1061
5916	988
5917	1014
5918	930
5919	993
5920	1033
5921	908
5922	921
5923	951
5924	898
5925	906
5926	969
5927	921
5928	971
5929	999
5930	963
5931	946
5932	967
5933	974
5934	919
5935	933
5936	965
5937	1012
5938	988
5939	1009
5940	905
5941	909
5942	979
5943	941
5944	988
5945	964
5946	975
5947	977
5948	1028
5949	1001
5950	1045
5951	967
5952	1071
5953	958
5954	1017
5955	1002
5956	1005
5957	980
5958	951
5959	1025
5960	989
5961	1087
5962	1030
5963	1025
5964	956
5965	1066
5966	933
5967	1038
5968	970
5969	941
5970	993
5971	1007
5972	1095
5973	1067
5974	1018
5975	999
5976	1042
5977	1027
5978	1036
5979	1020
5980	980
5981	1071
5982	923
5983	948
5984	1024
5985	971
5986	986
5987	987
5988	1067
5989	969
5990	951
5991	905
5992	943
5993	1009
5994	967
5995	984
5996	971
5997	893
5998	968
5999	967
6000	1033
6001	1011
6002	1013
6003	1023
6004	983
6005	964
6006	936
6007	1004
6008	974
6009	987
6010	993
6011	956
6012	1008
6013	1003
6014	977
6015	952
6016	1049
6017	949
6018	961
6019	954
6020	977
6021	975
6022	962
6023	975
6024	889
6025	968
6026	906
6027	950
6028	980
6029	1071
6030	1030
6031	963
6032	1037
6033	1024
6034	935
6035	1012
6036	995
6037	1015
6038	1065
6039	1073
6040	997
6041	1004
6042	982
6043	967
6044	1009
6045	996
6046	1033
6047	979
6048	1008
6049	1075
6050	989
6051	1010
6052	1024
6053	1002
6054	1028
6055	1011
6056	1045
6057	1019
6058	1026
6059	1015
6060	974
6061	970
6062	963
6063	1055
6064	978
6065	1003
6066	1056
6067	1078
6068	1010
6069	979
6070	1063
6071	964
6072	996
6073	1077
6074	1090
6075	1061
6076	1045
6077	999
6078	1029
6079	979
6080	947
6081	1059
6082	991
6083	954
6084	1127
6085	969
6086	1004
6087	998
6088	1028
6089	1112
6090	956
6091	960
6092	942
6093	1001
6094	1009
6095	956
6096	1012
6097	909
6098	946
6099	981
6100	982
6101	1042
6102	1057
6103	1032
6104	1021
6105	1107
6106	1018
6107	1120
6108	1036
6109	1061
6110	1055
6111	993
6112	1086
6113	1083
6114	1007
6115	1094
6116	995
6117	1026
6118	1041
6119	1049
6120	1093
6121	1090
6122	1085
6123	1211
6124	1155
6125	1106
6126	1134
6127	1525
6128	1378
6129	1120
6130	1264
6131	1211
6132	1188
6133	1190
6134	1053
6135	1077
6136	1133
6137	1176
6138	1072
6139	1061
6140	1136
6141	1026
6142	1030
6143	1049
6144	990
6145	986
6146	1011
6147	1016
6148	994
6149	921
6150	972
6151	959
6152	954
6153	993
6154	988
6155	932
6156	982
6157	973
6158	978
6159	966
6160	929
6161	879
6162	922
6163	938
6164	951
6165	922
6166	927
6167	932
6168	966
6169	894
6170	983
6171	903
6172	935
6173	981
6174	865
6175	916
6176	875
6177	910
6178	1004
6179	948
6180	876
6181	945
6182	970
6183	904
6184	941
6185	917
6186	893
6187	940
6188	968
6189	899
6190	871
6191	965
6192	907
6193	863
6194	867
6195	983
6196	979
6197	826
6198	855
6199	881
6200	904
6201	858
6202	921
6203	845
6204	859
6205	892
6206	855
6207	913
6208	857
6209	860
6210	837
6211	820
6212	910
6213	792
6214	852
6215	835
6216	920
6217	881
6218	878
6219	924
6220	829
6221	876
6222	847
6223	821
6224	835
6225	881
6226	828
6227	815
6228	895
6229	852
6230	885
6231	835
6232	793
6233	830
6234	819
6235	809
6236	720
6237	712
6238	785
6239	835
6240	869
6241	781
6242	797
6243	800
6244	796
6245	781
6246	836
6247	815
6248	787
6249	793
6250	859
6251	824
6252	912
6253	909
6254	852
6255	806
6256	828
6257	851
6258	920
6259	777
6260	770
6261	885
6262	869
6263	849
6264	840
6265	798
6266	809
6267	822
6268	926
6269	843
6270	884
6271	834
6272	869
6273	888
6274	826
6275	812
6276	764
6277	903
6278	796
6279	856
6280	864
6281	868
6282	783
6283	862
6284	847
6285	884
6286	825
6287	816
6288	786
6289	852
6290	812
6291	800
6292	836
6293	898
6294	781
6295	831
6296	810
6297	840
6298	786
6299	857
6300	802
6301	843
6302	827
6303	861
6304	780
6305	837
6306	929
6307	791
6308	856
6309	883
6310	823
6311	867
6312	880
6313	817
6314	876
6315	870
6316	849
6317	934
6318	910
6319	830
6320	884
6321	893
6322	880
6323	862
6324	952
6325	921
6326	851
6327	880
6328	933
6329	929
6330	935
6331	941
6332	950
6333	1030
6334	905
6335	918
6336	984
6337	951
6338	955
6339	1017
6340	983
6341	941
6342	1004
6343	960
6344	982
6345	935
6346	922
6347	960
6348	1007
6349	1028
6350	1027
6351	927
6352	1004
6353	1038
6354	940
6355	948
6356	940
6357	1003
6358	977
6359	917
6360	957
6361	912
6362	904
6363	950
6364	914
6365	911
6366	906
6367	925
6368	905
6369	892
6370	800
6371	925
6372	917
6373	944
6374	967
6375	921
6376	897
6377	960
6378	973
6379	963
6380	969
6381	940
6382	913
6383	906
6384	911
6385	948
6386	875
6387	872
6388	910
6389	858
6390	943
6391	872
6392	863
6393	895
6394	941
6395	858
6396	866
6397	896
6398	866
6399	944
6400	981
6401	940
6402	951
6403	954
6404	880
6405	898
6406	951
6407	1026
6408	976
6409	922
6410	981
6411	963
6412	971
6413	975
6414	1023
6415	985
6416	996
6417	973
6418	920
6419	889
6420	965
6421	942
6422	1002
6423	958
6424	889
6425	989
6426	912
6427	993
6428	862
6429	939
6430	921
6431	894
6432	981
6433	957
6434	991
6435	953
6436	978
6437	998
6438	988
6439	1031
6440	855
6441	919
6442	943
6443	979
6444	1011
6445	862
6446	940
6447	930
6448	817
6449	883
6450	925
6451	891
6452	952
6453	900
6454	929
6455	877
6456	951
6457	896
6458	880
6459	909
6460	900
6461	868
6462	887
6463	859
6464	927
6465	944
6466	900
6467	925
6468	936
6469	853
6470	864
6471	831
6472	837
6473	828
6474	891
6475	862
6476	913
6477	799
6478	909
6479	866
6480	953
6481	854
6482	889
6483	820
6484	859
6485	902
6486	897
6487	956
6488	897
6489	906
6490	963
6491	902
6492	927
6493	881
6494	889
6495	905
6496	859
6497	908
6498	879
6499	881
6500	908
6501	949
6502	863
6503	865
6504	870
6505	909
6506	911
6507	975
6508	944
6509	920
6510	931
6511	974
6512	879
6513	916
6514	835
6515	916
6516	869
6517	927
6518	917
6519	880
6520	909
6521	912
6522	950
6523	877
6524	882
6525	918
6526	881
6527	859
6528	969
6529	924
6530	868
6531	897
6532	954
6533	945
6534	889
6535	864
6536	902
6537	866
6538	953
6539	944
6540	929
6541	864
6542	959
6543	899
6544	880
6545	932
6546	825
6547	866
6548	813
6549	919
6550	905
6551	896
6552	869
6553	915
6554	921
6555	897
6556	1021
6557	976
6558	956
6559	924
6560	944
6561	859
6562	880
6563	984
6564	896
6565	846
6566	908
6567	943
6568	936
6569	958
6570	929
6571	907
6572	877
6573	957
6574	970
6575	864
6576	922
6577	1004
6578	946
6579	874
6580	861
6581	959
6582	892
6583	932
6584	902
6585	913
6586	925
6587	863
6588	850
6589	895
6590	924
6591	920
6592	994
6593	973
6594	840
6595	996
6596	947
6597	897
6598	846
6599	884
6600	963
6601	837
6602	964
6603	945
6604	883
6605	906
6606	868
6607	908
6608	866
6609	924
6610	943
6611	894
6612	982
6613	882
6614	919
6615	802
6616	963
6617	927
6618	850
6619	885
6620	916
6621	1019
6622	925
6623	1125
6624	841
6625	902
6626	808
6627	868
6628	915
6629	852
6630	896
6631	850
6632	863
6633	819
6634	809
6635	844
6636	819
6637	813
6638	817
6639	834
6640	818
6641	821
6642	844
6643	743
6644	806
6645	843
6646	799
6647	861
6648	818
6649	876
6650	836
6651	841
6652	829
6653	865
6654	772
6655	824
6656	768
6657	789
6658	818
6659	771
6660	967
6661	849
6662	908
6663	720
6664	814
6665	775
6666	762
6667	866
6668	893
6669	834
6670	828
6671	825
6672	786
6673	841
6674	826
6675	768
6676	817
6677	790
6678	837
6679	754
6680	812
6681	781
6682	754
6683	803
6684	757
6685	822
6686	796
6687	739
6688	783
6689	727
6690	807
6691	822
6692	777
6693	831
6694	784
6695	766
6696	832
6697	760
6698	798
6699	789
6700	727
6701	807
6702	764
6703	791
6704	822
6705	797
6706	772
6707	823
6708	826
6709	759
6710	813
6711	778
6712	767
6713	856
6714	818
6715	763
6716	756
6717	747
6718	821
6719	855
6720	834
6721	794
6722	850
6723	881
6724	788
6725	742
6726	843
6727	783
6728	750
6729	780
6730	758
6731	790
6732	787
6733	881
6734	819
6735	864
6736	762
6737	747
6738	745
6739	745
6740	799
6741	805
6742	762
6743	782
6744	727
6745	795
6746	798
6747	762
6748	772
6749	728
6750	790
6751	776
6752	834
6753	748
6754	768
6755	841
6756	762
6757	772
6758	784
6759	870
6760	809
6761	886
6762	849
6763	812
6764	822
6765	744
6766	788
6767	833
6768	820
6769	743
6770	862
6771	760
6772	799
6773	733
6774	739
6775	767
6776	796
6777	749
6778	793
6779	772
6780	789
6781	772
6782	741
6783	733
6784	827
6785	871
6786	845
6787	822
6788	796
6789	763
6790	804
6791	858
6792	786
6793	763
6794	743
6795	751
6796	854
6797	744
6798	804
6799	797
6800	793
6801	777
6802	821
6803	880
6804	815
6805	799
6806	911
6807	875
6808	790
6809	797
6810	873
6811	825
6812	823
6813	902
6814	841
6815	880
6816	803
6817	862
6818	800
6819	874
6820	806
6821	826
6822	887
6823	886
6824	990
6825	960
6826	988
6827	882
6828	963
6829	816
6830	899
6831	800
6832	826
6833	868
6834	833
6835	794
6836	815
6837	810
6838	836
6839	804
6840	880
6841	781
6842	872
6843	810
6844	808
6845	909
6846	905
6847	843
6848	820
6849	828
6850	940
6851	895
6852	940
6853	889
6854	923
6855	916
6856	787
6857	827
6858	899
6859	903
6860	910
6861	829
6862	894
6863	854
6864	836
6865	755
6866	861
6867	786
6868	885
6869	808
6870	824
6871	788
6872	835
6873	841
6874	788
6875	786
6876	861
6877	761
6878	818
6879	857
6880	786
6881	746
6882	825
6883	799
6884	820
6885	874
6886	856
6887	766
6888	753
6889	789
6890	831
6891	810
6892	759
6893	871
6894	758
6895	761
6896	834
6897	758
6898	770
6899	774
6900	759
6901	828
6902	824
6903	797
6904	818
6905	862
6906	852
6907	803
6908	842
6909	769
6910	821
6911	755
6912	776
6913	824
6914	851
6915	782
6916	762
6917	761
6918	830
6919	751
6920	775
6921	740
6922	809
6923	836
6924	782
6925	835
6926	798
6927	853
6928	791
6929	844
6930	790
6931	784
6932	877
6933	812
6934	813
6935	747
6936	776
6937	791
6938	779
6939	795
6940	755
6941	804
6942	766
6943	768
6944	772
6945	788
6946	753
6947	728
6948	790
6949	754
6950	739
6951	731
6952	811
6953	771
6954	783
6955	802
6956	790
6957	731
6958	722
6959	689
6960	730
6961	769
6962	787
6963	721
6964	713
6965	734
6966	797
6967	775
6968	787
6969	762
6970	782
6971	816
6972	673
6973	779
6974	725
6975	739
6976	740
6977	740
6978	729
6979	775
6980	729
6981	780
6982	719
6983	669
6984	797
6985	784
6986	739
6987	725
6988	784
6989	711
6990	747
6991	750
6992	817
6993	749
6994	772
6995	773
6996	757
6997	769
6998	741
6999	780
7000	831
7001	766
7002	741
7003	822
7004	747
7005	741
7006	748
7007	727
7008	770
7009	756
7010	713
7011	758
7012	715
7013	768
7014	802
7015	714
7016	714
7017	699
7018	679
7019	716
7020	739
7021	803
7022	707
7023	698
7024	696
7025	709
7026	677
7027	728
7028	764
7029	703
7030	727
7031	750
7032	742
7033	677
7034	737
7035	756
7036	786
7037	710
7038	695
7039	778
7040	706
7041	738
7042	679
7043	702
7044	770
7045	761
7046	719
7047	717
7048	768
7049	721
7050	815
7051	731
7052	706
7053	698
7054	665
7055	655
7056	692
7057	658
7058	769
7059	689
7060	736
7061	773
7062	722
7063	762
7064	727
7065	764
7066	732
7067	678
7068	786
7069	726
7070	718
7071	726
7072	699
7073	722
7074	725
7075	761
7076	683
7077	761
7078	732
7079	762
7080	793
7081	688
7082	764
7083	678
7084	756
7085	728
7086	721
7087	705
7088	739
7089	704
7090	718
7091	764
7092	782
7093	724
7094	730
7095	789
7096	735
7097	782
7098	695
7099	740
7100	705
7101	744
7102	717
7103	723
7104	692
7105	765
7106	744
7107	723
7108	803
7109	725
7110	737
7111	760
7112	712
7113	719
7114	794
7115	728
7116	700
7117	740
7118	779
7119	720
7120	697
7121	768
7122	709
7123	715
7124	685
7125	681
7126	696
7127	689
7128	742
7129	701
7130	749
7131	674
7132	681
7133	692
7134	753
7135	726
7136	695
7137	697
7138	779
7139	744
7140	729
7141	699
7142	686
7143	692
7144	807
7145	744
7146	766
7147	709
7148	757
7149	723
7150	710
7151	747
7152	761
7153	724
7154	726
7155	800
7156	751
7157	717
7158	750
7159	685
7160	720
7161	775
7162	728
7163	722
7164	766
7165	756
7166	689
7167	719
7168	753
7169	727
7170	719
7171	724
7172	748
7173	739
7174	778
7175	729
7176	741
7177	691
7178	738
7179	774
7180	704
7181	751
7182	763
7183	818
7184	700
7185	732
7186	743
7187	693
7188	742
7189	777
7190	725
7191	788
7192	806
7193	766
7194	789
7195	708
7196	796
7197	845
7198	769
7199	773
7200	713
7201	746
7202	753
7203	811
7204	729
7205	784
7206	811
7207	757
7208	756
7209	737
7210	822
7211	739
7212	844
7213	794
7214	814
7215	749
7216	752
7217	635
7218	717
7219	725
7220	719
7221	749
7222	835
7223	845
7224	788
7225	740
7226	755
7227	740
7228	710
7229	782
7230	760
7231	718
7232	712
7233	794
7234	695
7235	763
7236	757
7237	674
7238	714
7239	720
7240	684
7241	730
7242	779
7243	692
7244	761
7245	796
7246	739
7247	757
7248	845
7249	764
7250	854
7251	804
7252	886
7253	862
7254	911
7255	762
7256	809
7257	864
7258	879
7259	760
7260	755
7261	782
7262	704
7263	849
7264	791
7265	794
7266	765
7267	728
7268	763
7269	750
7270	800
7271	732
7272	818
7273	892
7274	758
7275	755
7276	836
7277	749
7278	953
7279	839
7280	849
7281	945
7282	861
7283	948
7284	741
7285	856
7286	802
7287	845
7288	727
7289	807
7290	927
7291	773
7292	745
7293	680
7294	712
7295	765
7296	744
7297	804
7298	733
7299	693
7300	765
7301	745
7302	796
7303	730
7304	691
7305	704
7306	737
7307	784
7308	712
7309	731
7310	777
7311	708
7312	727
7313	761
7314	870
7315	741
7316	689
7317	767
7318	716
7319	724
7320	764
7321	732
7322	682
7323	698
7324	686
7325	691
7326	704
7327	764
7328	758
7329	709
7330	732
7331	698
7332	699
7333	726
7334	695
7335	697
7336	749
7337	807
7338	743
7339	784
7340	725
7341	815
7342	743
7343	649
7344	726
7345	746
7346	778
7347	741
7348	698
7349	693
7350	705
7351	741
7352	733
7353	665
7354	685
7355	695
7356	741
7357	757
7358	629
7359	727
7360	701
7361	732
7362	751
7363	744
7364	719
7365	741
7366	737
7367	704
7368	661
7369	708
7370	704
7371	710
7372	680
7373	691
7374	739
7375	673
7376	685
7377	780
7378	682
7379	722
7380	706
7381	722
7382	676
7383	650
7384	674
7385	697
7386	695
7387	672
7388	705
7389	650
7390	711
7391	685
7392	651
7393	690
7394	695
7395	724
7396	666
7397	700
7398	651
7399	648
7400	696
7401	736
7402	738
7403	704
7404	666
7405	721
7406	671
7407	657
7408	707
7409	655
7410	693
7411	723
7412	625
7413	713
7414	670
7415	673
7416	646
7417	644
7418	683
7419	781
7420	661
7421	640
7422	664
7423	665
7424	685
7425	653
7426	739
7427	689
7428	651
7429	702
7430	685
7431	690
7432	655
7433	688
7434	776
7435	683
7436	682
7437	708
7438	645
7439	658
7440	714
7441	652
7442	639
7443	677
7444	676
7445	749
7446	686
7447	715
7448	723
7449	655
7450	714
7451	745
7452	724
7453	655
7454	684
7455	753
7456	712
7457	711
7458	642
7459	680
7460	638
7461	653
7462	636
7463	631
7464	654
7465	651
7466	676
7467	635
7468	694
7469	723
7470	747
7471	717
7472	670
7473	667
7474	635
7475	649
7476	718
7477	627
7478	633
7479	644
7480	705
7481	708
7482	735
7483	717
7484	678
7485	630
7486	651
7487	620
7488	668
7489	653
7490	631
7491	663
7492	655
7493	670
7494	619
7495	696
7496	680
7497	688
7498	654
7499	672
7500	617
7501	676
7502	610
7503	615
7504	649
7505	702
7506	707
7507	699
7508	686
7509	661
7510	633
7511	704
7512	635
7513	643
7514	646
7515	690
7516	634
7517	658
7518	671
7519	703
7520	680
7521	627
7522	744
7523	696
7524	666
7525	655
7526	688
7527	721
7528	682
7529	679
7530	628
7531	699
7532	620
7533	639
7534	670
7535	646
7536	632
7537	612
7538	692
7539	657
7540	611
7541	663
7542	682
7543	698
7544	689
7545	648
7546	623
7547	636
7548	685
7549	678
7550	668
7551	600
7552	625
7553	636
7554	682
7555	764
7556	620
7557	659
7558	617
7559	697
7560	651
7561	640
7562	613
7563	663
7564	632
7565	604
7566	674
7567	639
7568	678
7569	673
7570	599
7571	603
7572	612
7573	638
7574	641
7575	614
7576	662
7577	635
7578	648
7579	707
7580	663
7581	609
7582	619
7583	628
7584	669
7585	628
7586	629
7587	674
7588	574
7589	573
7590	653
7591	582
7592	565
7593	665
7594	625
7595	640
7596	604
7597	662
7598	605
7599	598
7600	616
7601	593
7602	609
7603	619
7604	632
7605	646
7606	614
7607	605
7608	587
7609	636
7610	567
7611	619
7612	655
7613	615
7614	612
7615	650
7616	577
7617	552
7618	599
7619	585
7620	612
7621	590
7622	589
7623	583
7624	555
7625	588
7626	553
7627	579
7628	607
7629	619
7630	628
7631	658
7632	673
7633	582
7634	578
7635	621
7636	605
7637	617
7638	700
7639	680
7640	568
7641	638
7642	615
7643	575
7644	621
7645	619
7646	621
7647	623
7648	668
7649	666
7650	656
7651	616
7652	604
7653	604
7654	629
7655	583
7656	610
7657	604
7658	616
7659	682
7660	678
7661	662
7662	602
7663	645
7664	613
7665	618
7666	664
7667	616
7668	630
7669	608
7670	607
7671	594
7672	596
7673	573
7674	624
7675	615
7676	646
7677	602
7678	589
7679	601
7680	634
7681	637
7682	620
7683	560
7684	631
7685	579
7686	639
7687	619
7688	567
7689	563
7690	624
7691	607
7692	577
7693	564
7694	607
7695	584
7696	619
7697	619
7698	538
7699	610
7700	566
7701	601
7702	583
7703	609
7704	600
7705	605
7706	554
7707	567
7708	591
7709	603
7710	585
7711	620
7712	565
7713	601
7714	561
7715	573
7716	594
7717	629
7718	588
7719	600
7720	603
7721	569
7722	615
7723	603
7724	542
7725	609
7726	643
7727	670
7728	641
7729	622
7730	675
7731	620
7732	596
7733	608
7734	612
7735	602
7736	604
7737	594
7738	586
7739	600
7740	632
7741	614
7742	558
7743	577
7744	595
7745	543
7746	612
7747	564
7748	616
7749	598
7750	581
7751	612
7752	576
7753	566
7754	598
7755	562
7756	599
7757	592
7758	563
7759	649
7760	589
7761	607
7762	562
7763	626
7764	596
7765	605
7766	625
7767	585
7768	619
7769	606
7770	601
7771	566
7772	612
7773	597
7774	594
7775	639
7776	592
7777	603
7778	613
7779	657
7780	587
7781	571
7782	585
7783	649
7784	596
7785	611
7786	633
7787	574
7788	609
7789	588
7790	607
7791	621
7792	634
7793	617
7794	668
7795	588
7796	580
7797	582
7798	622
7799	563
7800	558
7801	586
7802	643
7803	585
7804	627
7805	643
7806	574
7807	643
7808	621
7809	598
7810	601
7811	608
7812	605
7813	710
7814	593
7815	641
7816	595
7817	592
7818	584
7819	646
7820	584
7821	679
7822	596
7823	598
7824	669
7825	586
7826	682
7827	600
7828	606
7829	630
7830	626
7831	611
7832	638
7833	668
7834	588
7835	596
7836	641
7837	552
7838	585
7839	608
7840	593
7841	620
7842	627
7843	627
7844	597
7845	641
7846	630
7847	642
7848	621
7849	607
7850	602
7851	677
7852	601
7853	616
7854	652
7855	626
7856	671
7857	600
7858	633
7859	607
7860	619
7861	622
7862	607
7863	633
7864	625
7865	627
7866	652
7867	611
7868	655
7869	571
7870	615
7871	624
7872	617
7873	543
7874	564
7875	639
7876	644
7877	631
7878	646
7879	645
7880	672
7881	637
7882	624
7883	601
7884	663
7885	583
7886	659
7887	695
7888	612
7889	549
7890	633
7891	613
7892	605
7893	653
7894	627
7895	647
7896	629
7897	655
7898	657
7899	652
7900	700
7901	619
7902	669
7903	631
7904	667
7905	689
7906	651
7907	659
7908	636
7909	629
7910	688
7911	674
7912	635
7913	649
7914	699
7915	678
7916	644
7917	606
7918	642
7919	702
7920	644
7921	699
7922	643
7923	721
7924	693
7925	709
7926	742
7927	666
7928	639
7929	652
7930	653
7931	641
7932	651
7933	669
7934	653
7935	669
7936	648
7937	631
7938	627
7939	630
7940	643
7941	637
7942	581
7943	713
7944	652
7945	652
7946	689
7947	609
7948	610
7949	596
7950	625
7951	585
7952	676
7953	673
7954	649
7955	668
7956	642
7957	655
7958	616
7959	677
7960	642
7961	656
7962	672
7963	637
7964	674
7965	641
7966	688
7967	709
7968	673
7969	674
7970	658
7971	652
7972	663
7973	610
7974	584
7975	636
7976	640
7977	620
7978	700
7979	639
7980	602
7981	689
7982	601
7983	669
7984	625
7985	640
7986	588
7987	630
7988	613
7989	639
7990	619
7991	653
7992	626
7993	666
7994	574
7995	574
7996	606
7997	592
7998	611
7999	613
8000	562
8001	589
8002	583
8003	569
8004	611
8005	679
8006	554
8007	610
8008	597
8009	632
8010	532
8011	655
8012	607
8013	623
8014	601
8015	638
8016	688
8017	609
8018	640
8019	625
8020	615
8021	601
8022	670
8023	595
8024	678
8025	656
8026	646
8027	647
8028	655
8029	648
8030	637
8031	627
8032	653
8033	635
8034	610
8035	690
8036	677
8037	651
8038	689
8039	719
8040	646
8041	647
8042	620
8043	638
8044	715
8045	657
8046	701
8047	703
8048	600
8049	659
8050	709
8051	655
8052	643
8053	687
8054	629
8055	612
8056	678
8057	687
8058	695
8059	690
8060	656
8061	683
8062	631
8063	669
8064	709
8065	668
8066	642
8067	692
8068	766
8069	713
8070	724
8071	648
8072	634
8073	638
8074	677
8075	673
8076	679
8077	639
8078	659
8079	626
8080	665
8081	700
8082	683
8083	640
8084	651
8085	713
8086	566
8087	666
8088	689
8089	690
8090	678
8091	710
8092	667
8093	741
8094	690
8095	709
8096	628
8097	681
8098	723
8099	699
8100	717
8101	672
8102	666
8103	672
8104	640
8105	627
8106	634
8107	683
8108	676
8109	631
8110	653
8111	635
8112	661
8113	630
8114	658
8115	713
8116	617
8117	624
8118	644
8119	665
8120	632
8121	672
8122	652
8123	646
8124	639
8125	633
8126	653
8127	607
8128	648
8129	644
8130	618
8131	623
8132	741
8133	642
8134	611
8135	632
8136	590
8137	717
8138	650
8139	626
8140	654
8141	618
8142	642
8143	625
8144	644
8145	686
8146	651
8147	627
8148	695
8149	620
8150	663
8151	630
8152	630
8153	654
8154	675
8155	650
8156	710
8157	626
8158	614
8159	664
8160	697
8161	647
8162	651
8163	661
8164	664
8165	623
8166	708
8167	656
8168	646
8169	721
8170	672
8171	672
8172	648
8173	633
8174	638
8175	639
8176	643
8177	671
8178	569
8179	669
8180	701
8181	569
8182	630
8183	604
8184	580
8185	643
8186	623
8187	616
8188	622
8189	651
8190	655
8191	638
8192	618
8193	643
8194	616
8195	602
8196	619
8197	634
8198	649
8199	640
8200	675
8201	636
8202	679
8203	645
8204	633
8205	660
8206	615
8207	636
8208	643
8209	656
8210	673
8211	589
8212	569
8213	589
8214	630
8215	625
8216	598
8217	672
8218	664
8219	625
8220	625
8221	637
8222	593
8223	659
8224	675
8225	669
8226	624
8227	629
8228	594
8229	606
8230	645
8231	563
8232	618
8233	591
8234	609
8235	586
8236	617
8237	605
8238	634
8239	604
8240	558
8241	580
8242	583
8243	621
8244	609
8245	585
8246	605
8247	552
8248	614
8249	572
8250	574
8251	605
8252	556
8253	556
8254	612
8255	625
8256	619
8257	526
8258	571
8259	556
8260	571
8261	571
8262	524
8263	600
8264	510
8265	591
8266	603
8267	558
8268	614
8269	576
8270	606
8271	593
8272	554
8273	589
8274	606
8275	564
8276	639
8277	635
8278	598
8279	577
8280	603
8281	585
8282	642
8283	622
8284	611
8285	643
8286	592
8287	534
8288	620
8289	579
8290	542
8291	604
8292	569
8293	553
8294	545
8295	585
8296	563
8297	635
8298	557
8299	558
8300	587
8301	638
8302	647
8303	581
8304	606
8305	566
8306	554
8307	594
8308	541
8309	616
8310	605
8311	582
8312	599
8313	599
8314	609
8315	614
8316	558
8317	571
8318	589
8319	619
8320	544
8321	612
8322	554
8323	577
8324	581
8325	520
8326	579
8327	574
8328	544
8329	589
8330	574
8331	491
8332	517
8333	564
8334	588
8335	591
8336	591
8337	580
8338	549
8339	541
8340	601
8341	522
8342	644
8343	617
8344	596
8345	576
8346	583
8347	588
8348	553
8349	605
8350	575
8351	562
8352	560
8353	536
8354	555
8355	556
8356	560
8357	595
8358	539
8359	578
8360	556
8361	573
8362	603
8363	545
8364	590
8365	587
8366	530
8367	558
8368	606
8369	556
8370	509
8371	569
8372	560
8373	564
8374	561
8375	584
8376	520
8377	568
8378	541
8379	512
8380	579
8381	585
8382	533
8383	536
8384	533
8385	562
8386	555
8387	593
8388	550
8389	575
8390	488
8391	551
8392	536
8393	524
8394	508
8395	572
8396	519
8397	503
8398	622
8399	532
8400	555
8401	563
8402	498
8403	546
8404	538
8405	580
8406	515
8407	526
8408	547
8409	597
8410	498
8411	532
8412	552
8413	485
8414	560
8415	518
8416	591
8417	584
8418	524
8419	533
8420	546
8421	554
8422	504
8423	562
8424	509
8425	568
8426	588
8427	576
8428	540
8429	546
8430	564
8431	511
8432	522
8433	540
8434	537
8435	529
8436	562
8437	557
8438	532
8439	467
8440	531
8441	532
8442	607
8443	520
8444	584
8445	583
8446	478
8447	502
8448	565
8449	591
8450	522
8451	611
8452	535
8453	495
8454	520
8455	555
8456	504
8457	532
8458	516
8459	501
8460	523
8461	532
8462	502
8463	564
8464	532
8465	502
8466	519
8467	508
8468	515
8469	493
8470	501
8471	542
8472	553
8473	457
8474	530
8475	529
8476	460
8477	466
8478	541
8479	523
8480	486
8481	534
8482	477
8483	525
8484	462
8485	520
8486	487
8487	490
8488	505
8489	532
8490	502
8491	530
8492	529
8493	491
8494	479
8495	521
8496	481
8497	510
8498	479
8499	526
8500	480
8501	501
8502	510
8503	497
8504	471
8505	549
8506	461
8507	507
8508	490
8509	528
8510	528
8511	567
8512	531
8513	496
8514	506
8515	550
8516	528
8517	544
8518	521
8519	515
8520	561
8521	524
8522	535
8523	497
8524	493
8525	524
8526	537
8527	511
8528	479
8529	496
8530	533
8531	479
8532	458
8533	533
8534	531
8535	498
8536	505
8537	494
8538	504
8539	492
8540	492
8541	474
8542	520
8543	548
8544	508
8545	530
8546	550
8547	544
8548	490
8549	485
8550	566
8551	592
8552	521
8553	534
8554	492
8555	543
8556	510
8557	543
8558	534
8559	537
8560	482
8561	544
8562	549
8563	514
8564	511
8565	554
8566	534
8567	498
8568	546
8569	521
8570	535
8571	476
8572	510
8573	491
8574	541
8575	543
8576	512
8577	609
8578	595
8579	580
8580	585
8581	511
8582	522
8583	531
8584	533
8585	542
8586	502
8587	472
8588	485
8589	497
8590	498
8591	486
8592	503
8593	511
8594	503
8595	455
8596	468
8597	491
8598	484
8599	496
8600	463
8601	483
8602	460
8603	484
8604	487
8605	473
8606	493
8607	484
8608	487
8609	476
8610	515
8611	476
8612	505
8613	441
8614	452
8615	485
8616	472
8617	491
8618	478
8619	443
8620	510
8621	525
8622	494
8623	489
8624	462
8625	451
8626	447
8627	457
8628	491
8629	492
8630	454
8631	483
8632	491
8633	494
8634	492
8635	475
8636	543
8637	544
8638	465
8639	526
8640	496
8641	519
8642	472
8643	483
8644	498
8645	441
8646	489
8647	468
8648	454
8649	468
8650	513
8651	472
8652	495
8653	445
8654	460
8655	467
8656	513
8657	400
8658	494
8659	505
8660	475
8661	488
8662	532
8663	523
8664	492
8665	534
8666	484
8667	494
8668	497
8669	497
8670	484
8671	457
8672	538
8673	499
8674	492
8675	467
8676	457
8677	478
8678	501
8679	512
8680	488
8681	473
8682	477
8683	483
8684	481
8685	506
8686	483
8687	529
8688	516
8689	477
8690	447
8691	456
8692	437
8693	487
8694	466
8695	519
8696	478
8697	518
8698	539
8699	474
8700	510
8701	509
8702	519
8703	519
8704	504
8705	451
8706	536
8707	555
8708	516
8709	564
8710	569
8711	513
8712	469
8713	522
8714	493
8715	467
8716	524
8717	513
8718	528
8719	496
8720	529
8721	517
8722	507
8723	487
8724	503
8725	506
8726	498
8727	489
8728	501
8729	531
8730	529
8731	479
8732	489
8733	515
8734	525
8735	482
8736	495
8737	497
8738	521
8739	501
8740	494
8741	506
8742	473
8743	480
8744	482
8745	522
8746	534
8747	513
8748	549
8749	572
8750	516
8751	562
8752	507
8753	496
8754	491
8755	505
8756	527
8757	475
8758	510
8759	481
8760	536
8761	566
8762	562
8763	513
8764	497
8765	520
8766	538
8767	556
8768	529
8769	549
8770	497
8771	529
8772	545
8773	551
8774	558
8775	493
8776	553
8777	497
8778	548
8779	571
8780	505
8781	522
8782	516
8783	521
8784	536
8785	555
8786	476
8787	477
8788	490
8789	514
8790	520
8791	531
8792	514
8793	583
8794	522
8795	533
8796	501
8797	494
8798	482
8799	520
8800	553
8801	497
8802	531
8803	521
8804	509
8805	511
8806	543
8807	518
8808	519
8809	513
8810	516
8811	512
8812	542
8813	560
8814	466
8815	564
8816	500
8817	550
8818	533
8819	567
8820	484
8821	556
8822	541
8823	572
8824	497
8825	541
8826	524
8827	523
8828	550
8829	492
8830	536
8831	508
8832	548
8833	496
8834	509
8835	486
8836	500
8837	542
8838	483
8839	512
8840	552
8841	490
8842	550
8843	504
8844	511
8845	525
8846	448
8847	467
8848	475
8849	499
8850	487
8851	517
8852	531
8853	522
8854	525
8855	530
8856	532
8857	540
8858	545
8859	514
8860	465
8861	522
8862	542
8863	533
8864	519
8865	539
8866	519
8867	506
8868	545
8869	526
8870	573
8871	517
8872	521
8873	465
8874	521
8875	549
8876	431
8877	499
8878	525
8879	526
8880	510
8881	551
8882	524
8883	526
8884	558
8885	503
8886	540
8887	484
8888	509
8889	515
8890	544
8891	576
8892	807
8893	601
8894	806
8895	552
8896	517
8897	500
8898	565
8899	578
8900	561
8901	507
8902	489
8903	490
8904	510
8905	520
8906	499
8907	475
8908	529
8909	523
8910	503
8911	476
8912	489
8913	518
8914	530
8915	538
8916	490
8917	480
8918	459
8919	509
8920	479
8921	497
8922	499
8923	482
8924	521
8925	469
8926	533
8927	449
8928	503
8929	497
8930	515
8931	538
8932	485
8933	434
8934	447
8935	546
8936	481
8937	487
8938	477
8939	487
8940	504
8941	463
8942	515
8943	472
8944	492
8945	503
8946	516
8947	490
8948	456
8949	441
8950	461
8951	483
8952	493
8953	478
8954	460
8955	426
8956	450
8957	512
8958	443
8959	463
8960	484
8961	460
8962	453
8963	440
8964	497
8965	491
8966	464
8967	441
8968	466
8969	438
8970	446
8971	460
8972	466
8973	431
8974	417
8975	461
8976	433
8977	450
8978	471
8979	449
8980	462
8981	430
8982	453
8983	459
8984	474
8985	472
8986	486
8987	429
8988	464
8989	432
8990	465
8991	428
8992	423
8993	468
8994	461
8995	500
8996	493
8997	503
8998	491
8999	417
9000	483
9001	463
9002	451
9003	460
9004	448
9005	443
9006	435
9007	485
9008	462
9009	441
9010	463
9011	434
9012	470
9013	438
9014	441
9015	482
9016	460
9017	452
9018	512
9019	432
9020	431
9021	417
9022	478
9023	448
9024	450
9025	427
9026	468
9027	402
9028	449
9029	464
9030	401
9031	458
9032	422
9033	418
9034	456
9035	457
9036	452
9037	467
9038	478
9039	435
9040	386
9041	481
9042	453
9043	441
9044	486
9045	465
9046	410
9047	467
9048	499
9049	508
9050	438
9051	447
9052	443
9053	493
9054	437
9055	422
9056	456
9057	437
9058	423
9059	511
9060	446
9061	469
9062	431
9063	388
9064	447
9065	460
9066	462
9067	449
9068	405
9069	484
9070	431
9071	443
9072	424
9073	409
9074	431
9075	432
9076	445
9077	404
9078	460
9079	481
9080	422
9081	450
9082	463
9083	454
9084	479
9085	446
9086	438
9087	450
9088	495
9089	452
9090	479
9091	434
9092	472
9093	458
9094	423
9095	468
9096	531
9097	434
9098	455
9099	472
9100	427
9101	486
9102	495
9103	491
9104	472
9105	472
9106	419
9107	441
9108	491
9109	472
9110	507
9111	449
9112	498
9113	423
9114	521
9115	491
9116	489
9117	537
9118	498
9119	509
9120	515
9121	499
9122	517
9123	513
9124	479
9125	493
9126	476
9127	530
9128	536
9129	589
9130	515
9131	549
9132	544
9133	486
9134	526
9135	480
9136	503
9137	550
9138	543
9139	488
9140	560
9141	519
9142	536
9143	529
9144	493
9145	497
9146	490
9147	508
9148	479
9149	442
9150	485
9151	497
9152	484
9153	492
9154	484
9155	447
9156	473
9157	508
9158	530
9159	448
9160	455
9161	451
9162	428
9163	476
9164	423
9165	440
9166	426
9167	458
9168	435
9169	441
9170	455
9171	467
9172	505
9173	476
9174	486
9175	479
9176	465
9177	489
9178	473
9179	433
9180	385
9181	472
9182	467
9183	451
9184	425
9185	409
9186	496
9187	424
9188	454
9189	397
9190	436
9191	470
9192	479
9193	396
9194	452
9195	439
9196	463
9197	460
9198	468
9199	455
9200	478
9201	451
9202	463
9203	456
9204	471
9205	449
9206	468
9207	436
9208	441
9209	408
9210	472
9211	508
9212	444
9213	446
9214	498
9215	452
9216	473
9217	466
9218	456
9219	458
9220	462
9221	438
9222	436
9223	494
9224	446
9225	502
9226	469
9227	409
9228	463
9229	428
9230	438
9231	501
9232	471
9233	436
9234	488
9235	493
9236	460
9237	518
9238	472
9239	525
9240	470
9241	481
9242	499
9243	506
9244	528
9245	507
9246	496
9247	516
9248	505
9249	466
9250	520
9251	502
9252	509
9253	487
9254	542
9255	560
9256	506
9257	527
9258	461
9259	549
9260	555
9261	510
9262	515
9263	516
9264	530
9265	575
9266	556
9267	505
9268	586
9269	501
9270	544
9271	489
9272	536
9273	551
9274	496
9275	468
9276	519
9277	502
9278	497
9279	515
9280	502
9281	549
9282	526
9283	456
9284	567
9285	549
9286	546
9287	572
9288	570
9289	548
9290	575
9291	520
9292	528
9293	523
9294	611
9295	605
9296	579
9297	551
9298	567
9299	564
9300	561
9301	477
9302	608
9303	623
9304	595
9305	527
9306	572
9307	550
9308	517
9309	563
9310	515
9311	456
9312	473
9313	537
9314	484
9315	497
9316	441
9317	506
9318	531
9319	507
9320	508
9321	430
9322	470
9323	421
9324	428
9325	402
9326	434
9327	456
9328	431
9329	474
9330	424
9331	480
9332	435
9333	444
9334	481
9335	470
9336	458
9337	455
9338	474
9339	480
9340	421
9341	436
9342	440
9343	406
9344	458
9345	449
9346	461
9347	441
9348	481
9349	433
9350	437
9351	461
9352	451
9353	451
9354	518
9355	478
9356	457
9357	494
9358	459
9359	438
9360	458
9361	403
9362	440
9363	417
9364	499
9365	477
9366	493
9367	460
9368	433
9369	392
9370	431
9371	488
9372	432
9373	463
9374	460
9375	430
9376	460
9377	405
9378	431
9379	395
9380	397
9381	408
9382	471
9383	443
9384	461
9385	460
9386	418
9387	455
9388	445
9389	406
9390	416
9391	402
9392	438
9393	512
9394	501
9395	462
9396	446
9397	385
9398	460
9399	433
9400	405
9401	441
9402	436
9403	432
9404	453
9405	491
9406	407
9407	419
9408	461
9409	430
9410	467
9411	442
9412	469
9413	479
9414	463
9415	412
9416	404
9417	403
9418	462
9419	434
9420	406
9421	409
9422	454
9423	448
9424	389
9425	396
9426	408
9427	436
9428	427
9429	425
9430	440
9431	399
9432	418
9433	385
9434	466
9435	428
9436	452
9437	470
9438	468
9439	412
9440	443
9441	457
9442	467
9443	437
9444	395
9445	464
9446	438
9447	493
9448	450
9449	453
9450	487
9451	455
9452	452
9453	451
9454	510
9455	506
9456	514
9457	458
9458	473
9459	473
9460	480
9461	505
9462	502
9463	498
9464	546
9465	508
9466	498
9467	447
9468	491
9469	523
9470	477
9471	449
9472	427
9473	520
9474	504
9475	485
9476	516
9477	513
9478	463
9479	503
9480	467
9481	539
9482	484
9483	454
9484	479
9485	484
9486	477
9487	455
9488	481
9489	450
9490	453
9491	530
9492	439
9493	444
9494	455
9495	463
9496	474
9497	465
9498	444
9499	509
9500	459
9501	443
9502	464
9503	451
9504	441
9505	424
9506	434
9507	442
9508	396
9509	468
9510	424
9511	447
9512	413
9513	427
9514	445
9515	398
9516	352
9517	461
9518	445
9519	444
9520	430
9521	467
9522	441
9523	476
9524	432
9525	434
9526	398
9527	433
9528	459
9529	433
9530	493
9531	491
9532	423
9533	431
9534	428
9535	456
9536	451
9537	411
9538	468
9539	452
9540	487
9541	397
9542	461
9543	435
9544	444
9545	446
9546	443
9547	415
9548	452
9549	420
9550	434
9551	420
9552	462
9553	433
9554	446
9555	460
9556	398
9557	395
9558	493
9559	382
9560	427
9561	411
9562	454
9563	416
9564	414
9565	395
9566	415
9567	466
9568	453
9569	444
9570	462
9571	432
9572	438
9573	416
9574	458
9575	396
9576	468
9577	465
9578	429
9579	445
9580	485
9581	436
9582	470
9583	454
9584	462
9585	502
9586	465
9587	491
9588	435
9589	479
9590	495
9591	534
9592	512
9593	437
9594	423
9595	449
9596	409
9597	429
9598	447
9599	439
9600	455
9601	447
9602	517
9603	507
9604	440
9605	465
9606	449
9607	525
9608	465
9609	463
9610	466
9611	486
9612	405
9613	483
9614	503
9615	511
9616	513
9617	499
9618	486
9619	491
9620	482
9621	469
9622	473
9623	488
9624	473
9625	510
9626	500
9627	563
9628	473
9629	494
9630	487
9631	520
9632	523
9633	490
9634	491
9635	473
9636	500
9637	540
9638	484
9639	537
9640	494
9641	478
9642	471
9643	525
9644	475
9645	493
9646	513
9647	503
9648	518
9649	448
9650	622
9651	588
9652	525
9653	526
9654	539
9655	546
9656	658
9657	581
9658	518
9659	588
9660	495
9661	527
9662	540
9663	521
9664	556
9665	558
9666	520
9667	490
9668	451
9669	519
9670	475
9671	531
9672	603
9673	472
9674	546
9675	433
9676	487
9677	493
9678	497
9679	499
9680	489
9681	485
9682	488
9683	529
9684	517
9685	452
9686	490
9687	563
9688	512
9689	537
9690	527
9691	538
9692	537
9693	475
9694	506
9695	510
9696	545
9697	608
9698	494
9699	577
9700	561
9701	543
9702	481
9703	470
9704	517
9705	535
9706	490
9707	500
9708	487
9709	520
9710	528
9711	511
9712	526
9713	463
9714	492
9715	479
9716	507
9717	480
9718	481
9719	512
9720	496
9721	498
9722	542
9723	475
9724	395
9725	435
9726	475
9727	459
9728	457
9729	494
9730	446
9731	437
9732	478
9733	515
9734	504
9735	437
9736	508
9737	540
9738	492
9739	489
9740	478
9741	506
9742	489
9743	459
9744	480
9745	416
9746	435
9747	462
9748	454
9749	416
9750	441
9751	410
9752	413
9753	396
9754	437
9755	425
9756	395
9757	425
9758	446
9759	412
9760	409
9761	411
9762	434
9763	419
9764	423
9765	430
9766	433
9767	415
9768	442
9769	449
9770	417
9771	447
9772	389
9773	461
9774	430
9775	445
9776	432
9777	419
9778	426
9779	358
9780	409
9781	407
9782	414
9783	421
9784	410
9785	435
9786	408
9787	434
9788	413
9789	412
9790	444
9791	415
9792	452
9793	399
9794	445
9795	426
9796	445
9797	419
9798	484
9799	502
9800	426
9801	463
9802	447
9803	381
9804	466
9805	436
9806	422
9807	441
9808	444
9809	434
9810	473
9811	429
9812	475
9813	433
9814	485
9815	401
9816	454
9817	455
9818	459
9819	429
9820	443
9821	490
9822	461
9823	438
9824	454
9825	437
9826	471
9827	453
9828	425
9829	383
9830	421
9831	455
9832	438
9833	446
9834	441
9835	474
9836	447
9837	481
9838	464
9839	470
9840	476
9841	483
9842	487
9843	458
9844	447
9845	498
9846	455
9847	453
9848	457
9849	484
9850	461
9851	410
9852	439
9853	445
9854	451
9855	426
9856	449
9857	434
9858	448
9859	421
9860	409
9861	474
9862	421
9863	486
9864	493
9865	466
9866	478
9867	428
9868	400
9869	465
9870	472
9871	448
9872	506
9873	441
9874	439
9875	386
9876	475
9877	438
9878	468
9879	464
9880	438
9881	381
9882	402
9883	446
9884	421
9885	449
9886	448
9887	424
9888	440
9889	467
9890	512
9891	429
9892	435
9893	443
9894	490
9895	456
9896	483
9897	472
9898	459
9899	466
9900	447
9901	443
9902	440
9903	471
9904	470
9905	443
9906	512
9907	509
9908	489
9909	494
9910	464
9911	490
9912	515
9913	468
9914	549
9915	474
9916	513
9917	480
9918	438
9919	461
9920	491
9921	496
9922	463
9923	508
9924	512
9925	482
9926	550
9927	524
9928	488
9929	466
9930	503
9931	505
9932	501
9933	488
9934	513
9935	490
9936	482
9937	558
9938	564
9939	530
9940	573
9941	482
9942	523
9943	521
9944	500
9945	477
9946	528
9947	520
9948	522
9949	510
9950	550
9951	479
9952	489
9953	486
9954	557
9955	558
9956	554
9957	507
9958	507
9959	557
9960	492
9961	487
9962	523
9963	570
9964	469
9965	416
9966	474
9967	533
9968	443
9969	491
9970	491
9971	497
9972	522
9973	478
9974	488
9975	461
9976	492
9977	494
9978	458
9979	479
9980	514
9981	571
9982	505
9983	462
9984	463
9985	466
9986	415
9987	444
9988	466
9989	427
9990	431
9991	517
9992	472
9993	494
9994	494
9995	502
9996	476
9997	446
9998	503
9999	460
10000	424
10001	505
10002	458
10003	489
10004	418
10005	443
10006	456
10007	459
10008	438
10009	407
10010	441
10011	455
10012	446
10013	466
10014	426
10015	409
10016	449
10017	444
10018	397
10019	410
10020	386
10021	433
10022	424
10023	379
10024	424
10025	382
10026	396
10027	380
10028	390
10029	418
10030	401
10031	378
10032	374
10033	432
10034	427
10035	404
10036	368
10037	431
10038	377
10039	401
10040	400
10041	400
10042	412
10043	385
10044	411
10045	357
10046	406
10047	385
10048	379
10049	341
10050	355
10051	403
10052	371
10053	402
10054	419
10055	347
10056	432
10057	399
10058	439
10059	389
10060	388
10061	396
10062	373
10063	403
10064	413
10065	417
10066	432
10067	439
10068	421
10069	412
10070	365
10071	421
10072	402
10073	392
10074	408
10075	426
10076	422
10077	418
10078	412
10079	414
10080	403
10081	433
10082	376
10083	441
10084	411
10085	414
10086	441
10087	460
10088	420
10089	404
10090	411
10091	424
10092	425
10093	428
10094	425
10095	405
10096	410
10097	435
10098	441
10099	517
10100	453
10101	465
10102	428
10103	433
10104	419
10105	405
10106	418
10107	487
10108	511
10109	453
10110	418
10111	430
10112	435
10113	421
10114	422
10115	423
10116	406
10117	450
10118	415
10119	406
10120	425
10121	397
10122	432
10123	467
10124	441
10125	429
10126	457
10127	431
10128	464
10129	400
10130	424
10131	419
10132	443
10133	456
10134	433
10135	455
10136	472
10137	425
10138	405
10139	462
10140	388
10141	424
10142	436
10143	483
10144	482
10145	426
10146	479
10147	428
10148	477
10149	511
10150	481
10151	446
10152	470
10153	491
10154	410
10155	546
10156	462
10157	479
10158	468
10159	460
10160	430
10161	414
10162	406
10163	403
10164	442
10165	418
10166	395
10167	438
10168	470
10169	462
10170	449
10171	478
10172	448
10173	447
10174	488
10175	499
10176	499
10177	461
10178	472
10179	496
10180	467
10181	451
10182	449
10183	512
10184	485
10185	502
10186	444
10187	434
10188	411
10189	427
10190	430
10191	458
10192	447
10193	487
10194	430
10195	459
10196	416
10197	437
10198	429
10199	433
10200	439
10201	411
10202	429
10203	440
10204	438
10205	434
10206	477
10207	439
10208	432
10209	466
10210	457
10211	431
10212	469
10213	438
10214	445
10215	392
10216	426
10217	431
10218	430
10219	470
10220	447
10221	430
10222	387
10223	491
10224	449
10225	457
10226	417
10227	419
10228	467
10229	509
10230	426
10231	431
10232	448
10233	413
10234	436
10235	460
10236	469
10237	432
10238	450
10239	486
10240	434
10241	470
10242	412
10243	425
10244	417
10245	411
10246	396
10247	466
10248	400
10249	417
10250	440
10251	416
10252	443
10253	409
10254	398
10255	435
10256	421
10257	454
10258	474
10259	471
10260	423
10261	457
10262	496
10263	497
10264	434
10265	418
10266	460
10267	371
10268	450
10269	444
10270	448
10271	451
10272	413
10273	451
10274	472
10275	444
10276	394
10277	439
10278	400
10279	422
10280	443
10281	441
10282	447
10283	477
10284	441
10285	490
10286	443
10287	448
10288	467
10289	429
10290	479
10291	444
10292	383
10293	391
10294	383
10295	460
10296	436
10297	423
10298	429
10299	462
10300	450
10301	394
10302	414
10303	362
10304	368
10305	439
10306	378
10307	370
10308	369
10309	436
10310	360
10311	399
10312	386
10313	449
10314	401
10315	356
10316	424
10317	378
10318	435
10319	361
10320	380
10321	344
10322	404
10323	414
10324	394
10325	408
10326	434
10327	319
10328	420
10329	407
10330	400
10331	421
10332	368
10333	370
10334	399
10335	363
10336	384
10337	414
10338	436
10339	379
10340	417
10341	387
10342	364
10343	353
10344	410
10345	392
10346	343
10347	382
10348	377
10349	390
10350	417
10351	414
10352	449
10353	393
10354	416
10355	420
10356	360
10357	363
10358	368
10359	413
10360	373
10361	393
10362	403
10363	373
10364	433
10365	411
10366	369
10367	364
10368	402
10369	377
10370	426
10371	451
10372	389
10373	397
10374	379
10375	435
10376	400
10377	403
10378	410
10379	338
10380	410
10381	387
10382	404
10383	386
10384	382
10385	381
10386	391
10387	355
10388	368
10389	380
10390	405
10391	383
10392	383
10393	403
10394	403
10395	373
10396	392
10397	391
10398	406
10399	362
10400	374
10401	383
10402	418
10403	405
10404	368
10405	420
10406	404
10407	401
10408	362
10409	378
10410	392
10411	377
10412	407
10413	363
10414	413
10415	391
10416	395
10417	372
10418	392
10419	375
10420	390
10421	411
10422	406
10423	371
10424	365
10425	376
10426	399
10427	392
10428	351
10429	384
10430	377
10431	368
10432	398
10433	406
10434	398
10435	405
10436	395
10437	416
10438	424
10439	396
10440	438
10441	379
10442	438
10443	398
10444	385
10445	393
10446	428
10447	385
10448	403
10449	370
10450	357
10451	363
10452	373
10453	389
10454	350
10455	380
10456	398
10457	355
10458	374
10459	450
10460	396
10461	399
10462	396
10463	341
10464	382
10465	409
10466	324
10467	388
10468	425
10469	377
10470	357
10471	412
10472	367
10473	414
10474	405
10475	403
10476	318
10477	384
10478	337
10479	374
10480	370
10481	386
10482	361
10483	381
10484	359
10485	420
10486	340
10487	350
10488	386
10489	344
10490	368
10491	346
10492	364
10493	391
10494	338
10495	340
10496	377
10497	416
10498	346
10499	336
10500	379
10501	358
10502	359
10503	384
10504	379
10505	354
10506	312
10507	381
10508	394
10509	345
10510	425
10511	351
10512	393
10513	367
10514	374
10515	368
10516	381
10517	351
10518	409
10519	331
10520	388
10521	387
10522	365
10523	399
10524	369
10525	350
10526	356
10527	401
10528	426
10529	454
10530	388
10531	414
10532	380
10533	432
10534	370
10535	375
10536	380
10537	381
10538	350
10539	410
10540	393
10541	377
10542	388
10543	378
10544	374
10545	397
10546	390
10547	397
10548	422
10549	373
10550	375
10551	364
10552	339
10553	409
10554	397
10555	392
10556	401
10557	371
10558	361
10559	369
10560	402
10561	430
10562	430
10563	374
10564	413
10565	395
10566	414
10567	436
10568	428
10569	430
10570	396
10571	393
10572	444
10573	421
10574	394
10575	387
10576	387
10577	422
10578	363
10579	388
10580	386
10581	357
10582	372
10583	370
10584	400
10585	380
10586	353
10587	351
10588	431
10589	397
10590	400
10591	409
10592	383
10593	397
10594	392
10595	415
10596	387
10597	369
10598	361
10599	378
10600	363
10601	379
10602	374
10603	411
10604	383
10605	369
10606	361
10607	418
10608	394
10609	346
10610	375
10611	404
10612	382
10613	333
10614	360
10615	360
10616	362
10617	392
10618	412
10619	358
10620	400
10621	301
10622	355
10623	344
10624	402
10625	354
10626	398
10627	416
10628	335
10629	394
10630	396
10631	405
10632	351
10633	362
10634	319
10635	379
10636	359
10637	337
10638	323
10639	369
10640	341
10641	382
10642	353
10643	411
10644	364
10645	359
10646	380
10647	340
10648	356
10649	365
10650	360
10651	326
10652	363
10653	376
10654	374
10655	342
10656	331
10657	351
10658	369
10659	381
10660	374
10661	330
10662	394
10663	373
10664	379
10665	397
10666	378
10667	388
10668	428
10669	381
10670	383
10671	443
10672	376
10673	396
10674	418
10675	408
10676	342
10677	395
10678	403
10679	435
10680	410
10681	419
10682	449
10683	424
10684	387
10685	372
10686	420
10687	402
10688	357
10689	405
10690	401
10691	365
10692	427
10693	408
10694	398
10695	487
10696	391
10697	355
10698	419
10699	448
10700	398
10701	368
10702	407
10703	356
10704	378
10705	349
10706	351
10707	413
10708	379
10709	357
10710	380
10711	366
10712	370
10713	382
10714	403
10715	427
10716	404
10717	400
10718	403
10719	418
10720	375
10721	380
10722	353
10723	352
10724	337
10725	365
10726	388
10727	354
10728	407
10729	379
10730	396
10731	382
10732	369
10733	348
10734	369
10735	362
10736	365
10737	325
10738	379
10739	428
10740	383
10741	369
10742	331
10743	364
10744	385
10745	366
10746	398
10747	400
10748	370
10749	351
10750	353
10751	411
10752	386
10753	395
10754	386
10755	382
10756	379
10757	381
10758	365
10759	388
10760	387
10761	351
10762	388
10763	360
10764	355
10765	365
10766	374
10767	373
10768	357
10769	364
10770	336
10771	388
10772	391
10773	412
10774	395
10775	350
10776	387
10777	339
10778	364
10779	405
10780	335
10781	356
10782	343
10783	361
10784	401
10785	362
10786	353
10787	399
10788	408
10789	371
10790	334
10791	349
10792	361
10793	398
10794	326
10795	385
10796	416
10797	389
10798	405
10799	371
10800	372
10801	376
10802	364
10803	381
10804	374
10805	373
10806	387
10807	433
10808	395
10809	419
10810	428
10811	404
10812	422
10813	379
10814	355
10815	437
10816	442
10817	417
10818	398
10819	389
10820	414
10821	439
10822	454
10823	391
10824	399
10825	433
10826	388
10827	384
10828	473
10829	468
10830	493
10831	538
10832	406
10833	427
10834	477
10835	473
10836	513
10837	454
10838	431
10839	407
10840	435
10841	396
10842	379
10843	436
10844	388
10845	408
10846	379
10847	402
10848	427
10849	378
10850	421
10851	371
10852	424
10853	443
10854	417
10855	402
10856	451
10857	422
10858	404
10859	445
10860	491
10861	401
10862	433
10863	392
10864	399
10865	398
10866	424
10867	378
10868	384
10869	393
10870	552
10871	563
10872	420
10873	388
10874	445
10875	405
10876	388
10877	404
10878	415
10879	407
10880	435
10881	423
10882	390
10883	402
10884	382
10885	412
10886	366
10887	346
10888	334
10889	362
10890	375
10891	375
10892	405
10893	361
10894	397
10895	368
10896	378
10897	399
10898	375
10899	403
10900	380
10901	369
10902	452
10903	415
10904	430
10905	430
10906	339
10907	358
10908	387
10909	364
10910	405
10911	394
10912	455
10913	378
10914	371
10915	704
10916	457
10917	402
10918	361
10919	423
10920	373
10921	379
10922	350
10923	356
10924	414
10925	379
10926	382
10927	335
10928	339
10929	353
10930	325
10931	323
10932	370
10933	339
10934	353
10935	327
10936	375
10937	377
10938	351
10939	384
10940	348
10941	360
10942	368
10943	330
10944	324
10945	340
10946	368
10947	310
10948	350
10949	323
10950	371
10951	343
10952	378
10953	357
10954	321
10955	363
10956	325
10957	302
10958	333
10959	315
10960	323
10961	342
10962	314
10963	351
10964	340
10965	349
10966	300
10967	333
10968	342
10969	293
10970	326
10971	330
10972	370
10973	350
10974	315
10975	321
10976	341
10977	337
10978	349
10979	340
10980	334
10981	313
10982	325
10983	347
10984	327
10985	332
10986	313
10987	315
10988	334
10989	334
10990	313
10991	378
10992	299
10993	314
10994	298
10995	360
10996	302
10997	328
10998	312
10999	303
11000	308
11001	355
11002	367
11003	321
11004	346
11005	338
11006	335
11007	335
11008	283
11009	288
11010	319
11011	321
11012	329
11013	302
11014	327
11015	339
11016	354
11017	287
11018	307
11019	334
11020	349
11021	352
11022	307
11023	339
11024	304
11025	352
11026	366
11027	336
11028	321
11029	339
11030	339
11031	343
11032	303
11033	339
11034	361
11035	336
11036	349
11037	372
11038	313
11039	341
11040	335
11041	318
11042	346
11043	322
11044	340
11045	344
11046	297
11047	384
11048	410
11049	347
11050	346
11051	349
11052	332
11053	345
11054	334
11055	344
11056	333
11057	367
11058	350
11059	309
11060	343
11061	278
11062	351
11063	351
11064	384
11065	361
11066	371
11067	334
11068	388
11069	351
11070	385
11071	370
11072	364
11073	361
11074	365
11075	353
11076	352
11077	361
11078	340
11079	366
11080	373
11081	307
11082	363
11083	375
11084	319
11085	365
11086	372
11087	368
11088	360
11089	390
11090	397
11091	361
11092	398
11093	408
11094	370
11095	366
11096	428
11097	350
11098	413
11099	413
11100	392
11101	441
11102	398
11103	352
11104	408
11105	402
11106	341
11107	386
11108	382
11109	358
11110	403
11111	378
11112	383
11113	391
11114	382
11115	405
11116	370
11117	424
11118	364
11119	423
11120	424
11121	425
11122	402
11123	378
11124	385
11125	423
11126	432
11127	434
11128	407
11129	441
11130	439
11131	437
11132	397
11133	415
11134	427
11135	404
11136	363
11137	395
11138	360
11139	367
11140	361
11141	372
11142	395
11143	351
11144	342
11145	306
11146	337
11147	334
11148	321
11149	359
11150	333
11151	361
11152	310
11153	332
11154	318
11155	340
11156	323
11157	351
11158	341
11159	318
11160	323
11161	370
11162	415
11163	320
11164	312
11165	346
11166	334
11167	329
11168	360
11169	330
11170	354
11171	342
11172	351
11173	324
11174	350
11175	289
11176	320
11177	328
11178	335
11179	315
11180	335
11181	348
11182	326
11183	315
11184	289
11185	350
11186	338
11187	326
11188	362
11189	326
11190	332
11191	310
11192	282
11193	335
11194	330
11195	313
11196	336
11197	363
11198	299
11199	363
11200	298
11201	297
11202	328
11203	348
11204	342
11205	327
11206	290
11207	306
11208	313
11209	273
11210	305
11211	325
11212	329
11213	331
11214	323
11215	339
11216	319
11217	320
11218	268
11219	330
11220	275
11221	309
11222	294
11223	320
11224	293
11225	329
11226	265
11227	281
11228	307
11229	301
11230	272
11231	279
11232	322
11233	301
11234	317
11235	316
11236	294
11237	295
11238	295
11239	299
11240	316
11241	302
11242	274
11243	276
11244	299
11245	281
11246	301
11247	258
11248	323
11249	307
11250	280
11251	270
11252	298
11253	280
11254	280
11255	302
11256	324
11257	280
11258	341
11259	246
11260	283
11261	240
11262	307
11263	317
11264	299
11265	292
11266	322
11267	313
11268	290
11269	291
11270	317
11271	339
11272	317
11273	324
11274	335
11275	324
11276	310
11277	313
11278	314
11279	360
11280	384
11281	356
11282	301
11283	344
11284	329
11285	370
11286	346
11287	363
11288	318
11289	316
11290	373
11291	359
11292	329
11293	301
11294	323
11295	345
11296	353
11297	311
11298	311
11299	344
11300	336
11301	322
11302	300
11303	359
11304	349
11305	379
11306	350
11307	369
11308	303
11309	367
11310	378
11311	338
11312	375
11313	355
11314	388
11315	342
11316	378
11317	300
11318	306
11319	348
11320	322
11321	360
11322	355
11323	362
11324	356
11325	342
11326	318
11327	306
11328	350
11329	283
11330	344
11331	287
11332	308
11333	357
11334	330
11335	339
11336	310
11337	364
11338	347
11339	321
11340	297
11341	351
11342	329
11343	320
11344	352
11345	381
11346	327
11347	322
11348	358
11349	339
11350	316
11351	307
11352	327
11353	333
11354	334
11355	335
11356	333
11357	338
11358	353
11359	322
11360	311
11361	317
11362	298
11363	329
11364	342
11365	346
11366	319
11367	346
11368	340
11369	363
11370	359
11371	359
11372	371
11373	364
11374	363
11375	339
11376	339
11377	364
11378	336
11379	352
11380	370
11381	367
11382	316
11383	362
11384	375
11385	356
11386	359
11387	382
11388	331
11389	340
11390	334
11391	347
11392	357
11393	336
11394	312
11395	340
11396	335
11397	332
11398	341
11399	351
11400	365
11401	327
11402	384
11403	331
11404	398
11405	373
11406	344
11407	361
11408	351
11409	329
11410	341
11411	332
11412	342
11413	322
11414	344
11415	354
11416	356
11417	342
11418	324
11419	314
11420	319
11421	332
11422	362
11423	376
11424	325
11425	320
11426	340
11427	361
11428	334
11429	281
11430	347
11431	305
11432	309
11433	349
11434	297
11435	324
11436	283
11437	287
11438	326
11439	311
11440	294
11441	344
11442	279
11443	338
11444	314
11445	322
11446	337
11447	322
11448	332
11449	293
11450	294
11451	340
11452	322
11453	278
11454	363
11455	364
11456	326
11457	314
11458	311
11459	411
11460	328
11461	339
11462	324
11463	284
11464	316
11465	277
11466	330
11467	313
11468	353
11469	292
11470	303
11471	298
11472	308
11473	269
11474	336
11475	308
11476	268
11477	340
11478	325
11479	287
11480	324
11481	323
11482	320
11483	310
11484	290
11485	311
11486	283
11487	293
11488	308
11489	314
11490	319
11491	340
11492	310
11493	295
11494	303
11495	303
11496	266
11497	291
11498	264
11499	306
11500	279
11501	294
11502	246
11503	303
11504	294
11505	255
11506	270
11507	265
11508	289
11509	276
11510	300
11511	297
11512	274
11513	303
11514	330
11515	260
11516	262
11517	266
11518	258
11519	258
11520	250
11521	222
11522	287
11523	255
11524	240
11525	233
11526	253
11527	263
11528	266
11529	298
11530	283
11531	241
11532	282
11533	234
11534	245
11535	253
11536	245
11537	304
11538	272
11539	272
11540	287
11541	231
11542	260
11543	209
11544	245
11545	273
11546	248
11547	236
11548	257
11549	237
11550	283
11551	234
11552	247
11553	259
11554	267
11555	241
11556	213
11557	269
11558	232
11559	220
11560	307
11561	226
11562	266
11563	246
11564	246
11565	269
11566	256
11567	294
11568	262
11569	280
11570	253
11571	249
11572	244
11573	244
11574	248
11575	258
11576	267
11577	261
11578	259
11579	254
11580	240
11581	260
11582	262
11583	260
11584	267
11585	260
11586	269
11587	279
11588	267
11589	282
11590	255
11591	258
11592	256
11593	255
11594	295
11595	283
11596	292
11597	279
11598	270
11599	283
11600	269
11601	276
11602	269
11603	266
11604	255
11605	293
11606	294
11607	291
11608	283
11609	271
11610	250
11611	263
11612	287
11613	295
11614	292
11615	301
11616	293
11617	326
11618	260
11619	316
11620	320
11621	293
11622	309
11623	277
11624	328
11625	386
11626	315
11627	303
11628	309
11629	336
11630	281
11631	300
11632	291
11633	274
11634	298
11635	289
11636	351
11637	313
11638	305
11639	310
11640	301
11641	306
11642	306
11643	318
11644	323
11645	311
11646	331
11647	298
11648	327
11649	299
11650	282
11651	283
11652	289
11653	341
11654	312
11655	269
11656	323
11657	340
11658	451
11659	372
11660	325
11661	278
11662	309
11663	311
11664	302
11665	296
11666	267
11667	250
11668	320
11669	295
11670	322
11671	310
11672	276
11673	328
11674	257
11675	309
11676	261
11677	279
11678	299
11679	304
11680	296
11681	295
11682	296
11683	291
11684	318
11685	262
11686	265
11687	311
11688	304
11689	303
11690	363
11691	323
11692	316
11693	356
11694	338
11695	354
11696	321
11697	334
11698	336
11699	306
11700	308
11701	309
11702	314
11703	372
11704	310
11705	356
11706	311
11707	432
11708	435
11709	348
11710	324
11711	312
11712	305
11713	329
11714	287
11715	310
11716	320
11717	287
11718	283
11719	296
11720	317
11721	271
11722	257
11723	331
11724	312
11725	312
11726	352
11727	284
11728	331
11729	361
11730	383
11731	353
11732	335
11733	359
11734	384
11735	366
11736	316
11737	343
11738	353
11739	347
11740	309
11741	359
11742	295
11743	286
11744	319
11745	269
11746	331
11747	269
11748	351
11749	317
11750	339
11751	348
11752	272
11753	325
11754	271
11755	316
11756	334
11757	301
11758	340
11759	334
11760	299
11761	305
11762	315
11763	291
11764	323
11765	332
11766	308
11767	313
11768	314
11769	347
11770	322
11771	307
11772	366
11773	360
11774	327
11775	330
11776	356
11777	331
11778	329
11779	337
11780	356
11781	327
11782	300
11783	347
11784	334
11785	327
11786	322
11787	267
11788	346
11789	316
11790	376
11791	319
11792	310
11793	307
11794	305
11795	305
11796	343
11797	273
11798	293
11799	323
11800	324
11801	315
11802	308
11803	298
11804	306
11805	273
11806	307
11807	349
11808	309
11809	312
11810	319
11811	299
11812	364
11813	330
11814	332
11815	277
11816	337
11817	340
11818	310
11819	306
11820	323
11821	264
11822	365
11823	294
11824	327
11825	338
11826	345
11827	337
11828	320
11829	275
11830	348
11831	305
11832	308
11833	308
11834	328
11835	325
11836	320
11837	337
11838	282
11839	304
11840	323
11841	322
11842	332
11843	317
11844	307
11845	290
11846	322
11847	325
11848	332
11849	289
11850	301
11851	322
11852	299
11853	303
11854	310
11855	287
11856	326
11857	302
11858	353
11859	294
11860	307
11861	351
11862	289
11863	344
11864	290
11865	375
11866	324
11867	333
11868	334
11869	313
11870	293
11871	314
11872	357
11873	316
11874	413
11875	328
11876	302
11877	305
11878	314
11879	307
11880	312
11881	320
11882	330
11883	327
11884	334
11885	325
11886	313
11887	369
11888	330
11889	354
11890	372
11891	332
11892	335
11893	345
11894	315
11895	394
11896	321
11897	355
11898	352
11899	329
11900	385
11901	372
11902	328
11903	289
11904	342
11905	338
11906	341
11907	337
11908	263
11909	348
11910	330
11911	321
11912	277
11913	319
11914	306
11915	335
11916	313
11917	340
11918	313
11919	304
11920	366
11921	308
11922	379
11923	331
11924	303
11925	366
11926	305
11927	340
11928	361
11929	298
11930	363
11931	320
11932	315
11933	344
11934	308
11935	315
11936	354
11937	326
11938	380
11939	329
11940	341
11941	312
11942	356
11943	451
11944	387
11945	300
11946	355
11947	332
11948	329
11949	357
11950	345
11951	379
11952	347
11953	298
11954	364
11955	360
11956	342
11957	330
11958	325
11959	337
11960	299
11961	373
11962	337
11963	348
11964	362
11965	315
11966	360
11967	316
11968	326
11969	333
11970	283
11971	345
11972	342
11973	346
11974	321
11975	325
11976	332
11977	309
11978	284
11979	316
11980	306
11981	261
11982	309
11983	311
11984	305
11985	351
11986	301
11987	306
11988	309
11989	288
11990	264
11991	285
11992	285
11993	264
11994	296
11995	281
11996	300
11997	280
11998	341
11999	317
12000	301
12001	280
12002	283
12003	293
12004	307
12005	260
12006	314
12007	276
12008	271
12009	334
12010	267
12011	264
12012	279
12013	279
12014	278
12015	317
12016	293
12017	284
12018	271
12019	298
12020	313
12021	317
12022	266
12023	282
12024	301
12025	280
12026	302
12027	277
12028	331
12029	317
12030	291
12031	276
12032	237
12033	300
12034	303
12035	309
12036	282
12037	304
12038	270
12039	285
12040	287
12041	314
12042	300
12043	332
12044	267
12045	284
12046	292
12047	249
12048	257
12049	312
12050	253
12051	268
12052	292
12053	276
12054	275
12055	258
12056	241
12057	302
12058	266
12059	273
12060	284
12061	264
12062	291
12063	297
12064	270
12065	329
12066	271
12067	305
12068	293
12069	283
12070	299
12071	289
12072	319
12073	273
12074	244
12075	310
12076	282
12077	261
12078	282
12079	272
12080	276
12081	234
12082	304
12083	300
12084	264
12085	297
12086	236
12087	331
12088	286
12089	296
12090	283
12091	269
12092	282
12093	301
12094	345
12095	291
12096	275
12097	297
12098	275
12099	296
12100	279
12101	284
12102	347
12103	273
12104	266
12105	311
12106	280
12107	315
12108	330
12109	324
12110	346
12111	281
12112	279
12113	336
12114	272
12115	274
12116	307
12117	297
12118	288
12119	310
12120	299
12121	312
12122	273
12123	278
12124	317
12125	303
12126	266
12127	290
12128	279
12129	279
12130	301
12131	289
12132	294
12133	318
12134	279
12135	323
12136	247
12137	303
12138	275
12139	295
12140	297
12141	328
12142	318
12143	277
12144	285
12145	296
12146	294
12147	271
12148	310
12149	332
12150	275
12151	276
12152	329
12153	265
12154	323
12155	272
12156	281
12157	297
12158	328
12159	305
12160	312
12161	299
12162	316
12163	305
12164	291
12165	291
12166	284
12167	325
12168	288
12169	378
12170	307
12171	274
12172	297
12173	313
12174	322
12175	333
12176	320
12177	298
12178	377
12179	339
12180	344
12181	265
12182	308
12183	300
12184	392
12185	315
12186	335
12187	301
12188	295
12189	310
12190	281
12191	351
12192	254
12193	299
12194	258
12195	291
12196	300
12197	314
12198	302
12199	307
12200	290
12201	310
12202	300
12203	307
12204	285
12205	310
12206	279
12207	270
12208	303
12209	278
12210	285
12211	289
12212	258
12213	274
12214	269
12215	304
12216	286
12217	311
12218	306
12219	353
12220	277
12221	331
12222	288
12223	300
12224	314
12225	294
12226	307
12227	309
12228	338
12229	294
12230	275
12231	305
12232	259
12233	301
12234	298
12235	255
12236	349
12237	297
12238	300
12239	288
12240	288
12241	319
12242	264
12243	339
12244	300
12245	310
12246	318
12247	306
12248	316
12249	295
12250	289
12251	331
12252	293
12253	323
12254	260
12255	304
12256	283
12257	301
12258	271
12259	312
12260	286
12261	335
12262	297
12263	282
12264	283
12265	307
12266	289
12267	309
12268	280
12269	318
12270	345
12271	318
12272	296
12273	310
12274	319
12275	307
12276	328
12277	297
12278	317
12279	356
12280	337
12281	307
12282	323
12283	320
12284	342
12285	355
12286	350
12287	309
12288	357
12289	331
12290	357
12291	331
12292	314
12293	283
12294	321
12295	317
12296	322
12297	344
12298	329
12299	322
12300	335
12301	320
12302	330
12303	343
12304	322
12305	322
12306	330
12307	349
12308	394
12309	345
12310	314
12311	339
12312	339
12313	377
12314	354
12315	350
12316	359
12317	321
12318	348
12319	374
12320	392
12321	369
12322	309
12323	304
12324	374
12325	300
12326	324
12327	358
12328	338
12329	334
12330	322
12331	321
12332	367
12333	382
12334	379
12335	357
12336	324
12337	399
12338	374
12339	351
12340	363
12341	349
12342	374
12343	359
12344	376
12345	354
12346	351
12347	468

