## htsjdk.samtools.metrics.StringHeader
# CollectInsertSizeMetrics HISTOGRAM_FILE=/work/ugbogu/pipeline/data/nbl/GSE189367/results/picard/SRR17011012_insert_size_histogram.pdf MINIMUM_PCT=0.5 INPUT=/work/ugbogu/pipeline/data/nbl/GSE189367/results/star/SRR17011012.Aligned.sortedByCoord.out.bam OUTPUT=/work/ugbogu/pipeline/data/nbl/GSE189367/results/picard/SRR17011012_insert_size_metrics.txt    DEVIATIONS=10.0 METRIC_ACCUMULATION_LEVEL=[ALL_READS] INCLUDE_DUPLICATES=false ASSUME_SORTED=true STOP_AFTER=0 VERBOSITY=INFO QUIET=false VALIDATION_STRINGENCY=STRICT COMPRESSION_LEVEL=5 MAX_RECORDS_IN_RAM=500000 CREATE_INDEX=false CREATE_MD5_FILE=false USE_JDK_DEFLATER=false USE_JDK_INFLATER=false
## htsjdk.samtools.metrics.StringHeader
# Started on: Fri Apr 10 10:17:12 UTC 2026

## METRICS CLASS	picard.analysis.InsertSizeMetrics
MEDIAN_INSERT_SIZE	MODE_INSERT_SIZE	MEDIAN_ABSOLUTE_DEVIATION	MIN_INSERT_SIZE	MAX_INSERT_SIZE	MEAN_INSERT_SIZE	STANDARD_DEVIATION	READ_PAIRS	PAIR_ORIENTATION	WIDTH_OF_10_PERCENT	WIDTH_OF_20_PERCENT	WIDTH_OF_30_PERCENT	WIDTH_OF_40_PERCENT	WIDTH_OF_50_PERCENT	WIDTH_OF_60_PERCENT	WIDTH_OF_70_PERCENT	WIDTH_OF_80_PERCENT	WIDTH_OF_90_PERCENT	WIDTH_OF_95_PERCENT	WIDTH_OF_99_PERCENT	SAMPLE	LIBRARY	READ_GROUP
1344	77797	1172	25	2068590	1997.672056	2685.747689	39901933	FR	853	1609	2027	2223	2345	2471	5871	16303	152845	152907	153167			

## HISTOGRAM	java.lang.Integer
insert_size	All_Reads.fr_count
25	4
26	5
27	7
28	12
29	14
30	24
31	20
32	28
33	54
34	68
35	742
36	689
37	777
38	715
39	777
40	851
41	851
42	725
43	818
44	760
45	820
46	841
47	890
48	965
49	881
50	947
51	860
52	942
53	929
54	969
55	1165
56	1170
57	1177
58	1469
59	1307
60	1388
61	1403
62	1443
63	1659
64	1672
65	2014
66	2335
67	2367
68	2506
69	2320
70	2506
71	3275
72	2698
73	3573
74	3318
75	9480
76	3528
77	3197
78	3769
79	3434
80	3381
81	3892
82	3865
83	4396
84	4639
85	5435
86	5266
87	5739
88	6812
89	6698
90	8078
91	9000
92	9432
93	10213
94	11270
95	11538
96	12737
97	14208
98	16168
99	17573
100	18272
101	19190
102	21789
103	24793
104	28058
105	30063
106	28034
107	29810
108	30657
109	29902
110	32612
111	32331
112	36335
113	37426
114	41595
115	46583
116	48621
117	49021
118	62799
119	48241
120	62382
121	73542
122	54988
123	59883
124	53695
125	48872
126	50138
127	54021
128	52796
129	57694
130	55642
131	60311
132	57510
133	61832
134	62598
135	60556
136	66099
137	62498
138	63157
139	63955
140	64490
141	66845
142	67189
143	64486
144	68435
145	64789
146	65654
147	71300
148	65538
149	66509
150	64252
151	67413
152	68866
153	71849
154	65366
155	65010
156	64151
157	65908
158	65919
159	66377
160	66052
161	65202
162	66394
163	68477
164	67573
165	66916
166	68277
167	71001
168	70834
169	70104
170	70945
171	68486
172	70287
173	73021
174	72169
175	70464
176	67829
177	66711
178	69398
179	71030
180	70126
181	67880
182	67202
183	66152
184	64096
185	64953
186	65883
187	64284
188	67068
189	61976
190	62359
191	63330
192	60657
193	61383
194	60001
195	59331
196	59905
197	58140
198	59324
199	57221
200	60943
201	57762
202	58028
203	60028
204	56054
205	58528
206	56003
207	56741
208	58720
209	57932
210	55283
211	56907
212	59291
213	56146
214	56721
215	56793
216	57883
217	59720
218	57835
219	61983
220	65484
221	67918
222	64371
223	63734
224	65036
225	66161
226	76329
227	75237
228	65380
229	70280
230	62405
231	58481
232	56084
233	55081
234	54066
235	51009
236	52954
237	47904
238	47645
239	46563
240	47288
241	46344
242	46207
243	47363
244	47315
245	45406
246	46241
247	45827
248	47834
249	44324
250	44964
251	45652
252	43806
253	43120
254	42228
255	42665
256	42618
257	41091
258	41545
259	41222
260	41267
261	40552
262	41093
263	40423
264	40666
265	40810
266	40064
267	38782
268	39629
269	39431
270	39571
271	38179
272	39511
273	39888
274	39360
275	38132
276	37667
277	37966
278	38704
279	37897
280	37488
281	37045
282	36260
283	36912
284	36869
285	35282
286	36813
287	35542
288	35717
289	34904
290	34845
291	35363
292	35326
293	35090
294	35958
295	34304
296	34374
297	33596
298	33862
299	33653
300	32849
301	33764
302	34077
303	33180
304	32872
305	33269
306	31885
307	32264
308	31965
309	30815
310	31326
311	30993
312	30737
313	31051
314	31950
315	31394
316	30501
317	30979
318	29903
319	30155
320	30247
321	30627
322	30379
323	29865
324	30032
325	30297
326	29010
327	28446
328	29107
329	29398
330	28592
331	28599
332	27910
333	27911
334	27789
335	28023
336	27852
337	27247
338	27337
339	26176
340	26932
341	26550
342	26264
343	26194
344	26968
345	26163
346	26658
347	25838
348	24986
349	24959
350	24644
351	24878
352	24700
353	25028
354	23945
355	24671
356	24602
357	24884
358	23599
359	23806
360	23677
361	23741
362	23617
363	23353
364	23471
365	23152
366	23195
367	23365
368	23367
369	22534
370	22634
371	22137
372	22292
373	22893
374	21925
375	22102
376	22209
377	22253
378	21551
379	21806
380	22946
381	22012
382	21167
383	20831
384	21115
385	20945
386	21023
387	20921
388	20135
389	20252
390	20935
391	21007
392	21323
393	20504
394	19921
395	19605
396	19958
397	19939
398	20015
399	18589
400	19204
401	19609
402	18531
403	18601
404	18755
405	18312
406	18628
407	18556
408	18349
409	17547
410	17692
411	18044
412	17723
413	18448
414	17596
415	16827
416	16500
417	17597
418	17434
419	17174
420	16275
421	16552
422	16960
423	16249
424	16351
425	15807
426	16330
427	15587
428	15683
429	15363
430	15008
431	14613
432	15077
433	16063
434	15070
435	15191
436	15036
437	14900
438	14618
439	14491
440	14878
441	14565
442	14639
443	14285
444	14281
445	14122
446	13927
447	14308
448	13595
449	13527
450	13505
451	13599
452	13803
453	14007
454	14796
455	13264
456	12482
457	12537
458	12269
459	12711
460	12785
461	12479
462	12045
463	11815
464	12251
465	12165
466	12154
467	11961
468	11750
469	11602
470	11692
471	11292
472	11598
473	11586
474	11605
475	11494
476	11632
477	11347
478	11009
479	11341
480	10937
481	10903
482	10802
483	10826
484	10436
485	10610
486	10421
487	10340
488	10230
489	10224
490	10329
491	10519
492	10339
493	10284
494	10481
495	9970
496	9980
497	9836
498	10218
499	10381
500	10076
501	10169
502	9937
503	9944
504	9454
505	9790
506	9607
507	9669
508	9330
509	9732
510	9256
511	9544
512	9437
513	9158
514	9007
515	9037
516	9275
517	8998
518	9051
519	8977
520	8916
521	8933
522	8928
523	8681
524	8756
525	8611
526	8728
527	8684
528	8720
529	8837
530	8875
531	9047
532	8568
533	8974
534	8701
535	8919
536	8682
537	8711
538	8747
539	8928
540	8833
541	8673
542	8608
543	8515
544	8258
545	8398
546	8429
547	8582
548	8557
549	8467
550	8370
551	8348
552	8518
553	8271
554	8276
555	8353
556	7960
557	7916
558	8132
559	7852
560	7890
561	8041
562	8196
563	8306
564	7961
565	8036
566	8083
567	7947
568	8085
569	8061
570	7932
571	7817
572	7968
573	8442
574	7768
575	7795
576	7518
577	7695
578	7900
579	7946
580	7763
581	7892
582	7453
583	7640
584	7576
585	7789
586	7734
587	8137
588	7580
589	7515
590	7362
591	7425
592	7548
593	7775
594	7424
595	7553
596	7538
597	7670
598	7679
599	7814
600	7471
601	7528
602	7211
603	7301
604	7294
605	7657
606	7135
607	7049
608	7248
609	7176
610	7117
611	7261
612	7030
613	6985
614	6810
615	6791
616	7024
617	6982
618	7222
619	7169
620	7125
621	6953
622	7076
623	7136
624	7596
625	7187
626	6983
627	6923
628	6997
629	6657
630	6968
631	7015
632	7019
633	7137
634	7076
635	6696
636	6778
637	6787
638	6833
639	6778
640	6990
641	6879
642	6702
643	6887
644	6919
645	6790
646	6676
647	6730
648	6876
649	7269
650	6595
651	6934
652	7189
653	6857
654	7055
655	6728
656	6951
657	7066
658	7019
659	7251
660	6675
661	7333
662	6811
663	6750
664	6917
665	7082
666	6961
667	7104
668	7152
669	7100
670	6847
671	6584
672	6784
673	6540
674	6550
675	6652
676	6410
677	6447
678	6731
679	6618
680	6590
681	6674
682	6599
683	6613
684	6754
685	6665
686	6564
687	6436
688	6435
689	6654
690	6591
691	6731
692	6649
693	6816
694	6584
695	6464
696	6622
697	6284
698	6837
699	6688
700	6856
701	6690
702	6608
703	6847
704	6432
705	6480
706	6542
707	6395
708	6889
709	7045
710	6933
711	7287
712	6847
713	6473
714	6601
715	6857
716	6456
717	6668
718	6500
719	6721
720	6764
721	6423
722	6569
723	6922
724	6495
725	6694
726	6277
727	6716
728	6691
729	6733
730	6694
731	6650
732	6379
733	6824
734	7019
735	6992
736	6644
737	6465
738	6538
739	6655
740	6638
741	6420
742	6895
743	6623
744	6458
745	6699
746	6392
747	6513
748	6726
749	6730
750	6888
751	7040
752	6744
753	6636
754	6586
755	6571
756	6845
757	7113
758	6696
759	6908
760	6609
761	6784
762	6815
763	7182
764	6942
765	6898
766	6967
767	6894
768	6969
769	6460
770	6932
771	6922
772	6908
773	7438
774	6964
775	6920
776	7136
777	7103
778	7006
779	6778
780	7566
781	6973
782	7039
783	6810
784	7033
785	6968
786	6775
787	6786
788	6405
789	6538
790	6275
791	6696
792	6359
793	6599
794	6509
795	6222
796	6290
797	6361
798	6393
799	6263
800	6098
801	6234
802	6418
803	6503
804	6515
805	6217
806	6385
807	6636
808	6490
809	6420
810	6274
811	6482
812	6190
813	6428
814	6638
815	6583
816	6651
817	6425
818	6584
819	6436
820	6585
821	6590
822	6429
823	6909
824	6586
825	6603
826	6626
827	6762
828	6700
829	6592
830	7455
831	6560
832	6597
833	6694
834	7095
835	7258
836	7323
837	8595
838	6842
839	6385
840	6289
841	6636
842	6685
843	6818
844	6649
845	6444
846	6388
847	6424
848	6063
849	6133
850	6368
851	6232
852	6383
853	6290
854	6341
855	6164
856	6012
857	6276
858	6115
859	6295
860	6342
861	6211
862	6240
863	6385
864	6389
865	6227
866	6496
867	6293
868	6534
869	6245
870	6292
871	6484
872	6246
873	6711
874	6088
875	6201
876	6486
877	6433
878	6038
879	6371
880	6697
881	6062
882	6332
883	6279
884	5833
885	6080
886	5787
887	5871
888	5910
889	5875
890	6264
891	5966
892	6117
893	5936
894	5855
895	5613
896	5777
897	5995
898	5744
899	5741
900	5648
901	5647
902	5891
903	5858
904	5922
905	5663
906	6081
907	5760
908	6064
909	6134
910	6123
911	5906
912	5907
913	6487
914	6322
915	6165
916	5764
917	5850
918	5794
919	6022
920	5751
921	5945
922	5670
923	5873
924	5729
925	5873
926	5845
927	5652
928	5945
929	5909
930	5875
931	5623
932	5974
933	5652
934	5822
935	5787
936	5576
937	5630
938	5690
939	5564
940	5646
941	5606
942	5784
943	5524
944	5645
945	5676
946	5610
947	5684
948	5748
949	5626
950	5601
951	5659
952	5441
953	5735
954	5752
955	5629
956	5620
957	5597
958	5868
959	5672
960	5940
961	5837
962	5686
963	5461
964	5647
965	5731
966	5782
967	5441
968	5577
969	5677
970	5842
971	5513
972	5697
973	5505
974	5578
975	5640
976	5750
977	5538
978	5591
979	5519
980	5577
981	5420
982	5311
983	5492
984	5570
985	5626
986	5592
987	5960
988	5694
989	5687
990	5730
991	5590
992	5660
993	5682
994	5930
995	5838
996	5849
997	5839
998	5509
999	5753
1000	5758
1001	5674
1002	5743
1003	5743
1004	5879
1005	5728
1006	5847
1007	5512
1008	5793
1009	5637
1010	5755
1011	5606
1012	5660
1013	5582
1014	5667
1015	5663
1016	5604
1017	5932
1018	6008
1019	5820
1020	5780
1021	5786
1022	5785
1023	5753
1024	5581
1025	5375
1026	5544
1027	5944
1028	5355
1029	5526
1030	5523
1031	5521
1032	5401
1033	5462
1034	5341
1035	5518
1036	5543
1037	5792
1038	5663
1039	5731
1040	5968
1041	5856
1042	5463
1043	5670
1044	5547
1045	5877
1046	5788
1047	5390
1048	5685
1049	5648
1050	5917
1051	5588
1052	5932
1053	5357
1054	5372
1055	5550
1056	5496
1057	5590
1058	5320
1059	5359
1060	5368
1061	4949
1062	5229
1063	5215
1064	5105
1065	5029
1066	5217
1067	5675
1068	5423
1069	5304
1070	5406
1071	5284
1072	4982
1073	4982
1074	4956
1075	5171
1076	5317
1077	5267
1078	5560
1079	5019
1080	4896
1081	4737
1082	4858
1083	5167
1084	5258
1085	4862
1086	5073
1087	5095
1088	5004
1089	4942
1090	4934
1091	5014
1092	4922
1093	4951
1094	5424
1095	4788
1096	4720
1097	4818
1098	4667
1099	4740
1100	4687
1101	5006
1102	5082
1103	4974
1104	5063
1105	4556
1106	4610
1107	4634
1108	4666
1109	4911
1110	4614
1111	4808
1112	4540
1113	4737
1114	4706
1115	4597
1116	4606
1117	4758
1118	4799
1119	4923
1120	4884
1121	4763
1122	4640
1123	4838
1124	4653
1125	4648
1126	4718
1127	4715
1128	4820
1129	4594
1130	4507
1131	4532
1132	4818
1133	4589
1134	4765
1135	4685
1136	4730
1137	4371
1138	4513
1139	4639
1140	4675
1141	4722
1142	4511
1143	4815
1144	4692
1145	4599
1146	4577
1147	4514
1148	4576
1149	4675
1150	4682
1151	4796
1152	4528
1153	4435
1154	4471
1155	4323
1156	4459
1157	4646
1158	4438
1159	4694
1160	4510
1161	4561
1162	4896
1163	4747
1164	4443
1165	4436
1166	4571
1167	4724
1168	4580
1169	4654
1170	4654
1171	4821
1172	4743
1173	4664
1174	4995
1175	4557
1176	4566
1177	4558
1178	4555
1179	4590
1180	4732
1181	4411
1182	4323
1183	4191
1184	4389
1185	4513
1186	4593
1187	4528
1188	4419
1189	4313
1190	4459
1191	4258
1192	4359
1193	4297
1194	4422
1195	4179
1196	4387
1197	4385
1198	4370
1199	4292
1200	4336
1201	4237
1202	4540
1203	4462
1204	4608
1205	4445
1206	4488
1207	4193
1208	4334
1209	4041
1210	4332
1211	4444
1212	4267
1213	4396
1214	4388
1215	4170
1216	4226
1217	4320
1218	4175
1219	4592
1220	4174
1221	4598
1222	4317
1223	4494
1224	4531
1225	4895
1226	4299
1227	4664
1228	4706
1229	4683
1230	4594
1231	4595
1232	4568
1233	4673
1234	4603
1235	4943
1236	4451
1237	4284
1238	4440
1239	4423
1240	4390
1241	4715
1242	4766
1243	4215
1244	4315
1245	4367
1246	4666
1247	4823
1248	4485
1249	4799
1250	5147
1251	4880
1252	4805
1253	4953
1254	4872
1255	5016
1256	4704
1257	4896
1258	4773
1259	4505
1260	4712
1261	4597
1262	4720
1263	5828
1264	5398
1265	4950
1266	4887
1267	4697
1268	4818
1269	4707
1270	4692
1271	4480
1272	4529
1273	4796
1274	4430
1275	4906
1276	4549
1277	4371
1278	4724
1279	4472
1280	4593
1281	4503
1282	4402
1283	4563
1284	4566
1285	4633
1286	4564
1287	4421
1288	4389
1289	4368
1290	4414
1291	4541
1292	4529
1293	4607
1294	4414
1295	4379
1296	4464
1297	4783
1298	5021
1299	4964
1300	4507
1301	4871
1302	4396
1303	4519
1304	4896
1305	5530
1306	5082
1307	5285
1308	5236
1309	5348
1310	5600
1311	5275
1312	4851
1313	5385
1314	5000
1315	5344
1316	5260
1317	5211
1318	5322
1319	5319
1320	5244
1321	5412
1322	5254
1323	5452
1324	6215
1325	6097
1326	7612
1327	5377
1328	4987
1329	4730
1330	4651
1331	4726
1332	4884
1333	4554
1334	4547
1335	4518
1336	4296
1337	4403
1338	4624
1339	4897
1340	4676
1341	4760
1342	4981
1343	5254
1344	5320
1345	4867
1346	5316
1347	5147
1348	5269
1349	5018
1350	5163
1351	5483
1352	5382
1353	5132
1354	4878
1355	4812
1356	4853
1357	4744
1358	4933
1359	5270
1360	4576
1361	4682
1362	4749
1363	4703
1364	5074
1365	4594
1366	4430
1367	4519
1368	4957
1369	4683
1370	4751
1371	4775
1372	5045
1373	4335
1374	4398
1375	4654
1376	4648
1377	4511
1378	4092
1379	4428
1380	4400
1381	4594
1382	4418
1383	4602
1384	4373
1385	4330
1386	4449
1387	4451
1388	4474
1389	4333
1390	4572
1391	4651
1392	4274
1393	4835
1394	4492
1395	5001
1396	4485
1397	4471
1398	4368
1399	4363
1400	4402
1401	4448
1402	4504
1403	4336
1404	4226
1405	4215
1406	4365
1407	4280
1408	4075
1409	4331
1410	4209
1411	4101
1412	4314
1413	4357
1414	4422
1415	4453
1416	4299
1417	4225
1418	4275
1419	4115
1420	4038
1421	4284
1422	4071
1423	4210
1424	4298
1425	4017
1426	4140
1427	3998
1428	4017
1429	4056
1430	4129
1431	4228
1432	4146
1433	3957
1434	4138
1435	4222
1436	4108
1437	3904
1438	4001
1439	4237
1440	4007
1441	4205
1442	3951
1443	4147
1444	3894
1445	3971
1446	4092
1447	4017
1448	3921
1449	3785
1450	4047
1451	4129
1452	4057
1453	4050
1454	4177
1455	4064
1456	4228
1457	4183
1458	4460
1459	4447
1460	4224
1461	4242
1462	4042
1463	4137
1464	4025
1465	3802
1466	4103
1467	4025
1468	3956
1469	4055
1470	4321
1471	4428
1472	4492
1473	4391
1474	4274
1475	4291
1476	4014
1477	4405
1478	4084
1479	4498
1480	4865
1481	5918
1482	5409
1483	5594
1484	4497
1485	4292
1486	3982
1487	4036
1488	3998
1489	4168
1490	4051
1491	4302
1492	4036
1493	4088
1494	4038
1495	4096
1496	4019
1497	4239
1498	4096
1499	4482
1500	4283
1501	4158
1502	4058
1503	4247
1504	4221
1505	4227
1506	4376
1507	4144
1508	4045
1509	4148
1510	3967
1511	4103
1512	4047
1513	4183
1514	4319
1515	4289
1516	4200
1517	4171
1518	4267
1519	4151
1520	4462
1521	4440
1522	4297
1523	4362
1524	4380
1525	4643
1526	4460
1527	4296
1528	4230
1529	3993
1530	4498
1531	4475
1532	4855
1533	5332
1534	5916
1535	5502
1536	4648
1537	6714
1538	4599
1539	4515
1540	4247
1541	4462
1542	4389
1543	4140
1544	4228
1545	4429
1546	4732
1547	4965
1548	4519
1549	4574
1550	4179
1551	4615
1552	4657
1553	4574
1554	4930
1555	4615
1556	4996
1557	4838
1558	5086
1559	5139
1560	4556
1561	4370
1562	4371
1563	4514
1564	4765
1565	4551
1566	4824
1567	4528
1568	4365
1569	4227
1570	4711
1571	4503
1572	4397
1573	4641
1574	4659
1575	4536
1576	4280
1577	4379
1578	4301
1579	4341
1580	4530
1581	4330
1582	4399
1583	4364
1584	4567
1585	4768
1586	4468
1587	4252
1588	3839
1589	4245
1590	4086
1591	4244
1592	4376
1593	4743
1594	4129
1595	4011
1596	4090
1597	4113
1598	4607
1599	4775
1600	4406
1601	4713
1602	4376
1603	4591
1604	4074
1605	4228
1606	3941
1607	4387
1608	4023
1609	4077
1610	3935
1611	4173
1612	4080
1613	4500
1614	4121
1615	4152
1616	4223
1617	4234
1618	4169
1619	4204
1620	4200
1621	4206
1622	4382
1623	4155
1624	4189
1625	4150
1626	4073
1627	4308
1628	4485
1629	4295
1630	4249
1631	3950
1632	4253
1633	4100
1634	4448
1635	4344
1636	4118
1637	4201
1638	4066
1639	4170
1640	3894
1641	3941
1642	4148
1643	4005
1644	3929
1645	3895
1646	4246
1647	4116
1648	3704
1649	3985
1650	4122
1651	4019
1652	3830
1653	3863
1654	3796
1655	3903
1656	3823
1657	3928
1658	4332
1659	3926
1660	3754
1661	3828
1662	3991
1663	4006
1664	3887
1665	3929
1666	3764
1667	3978
1668	3861
1669	4216
1670	4348
1671	4093
1672	4279
1673	4203
1674	4100
1675	4352
1676	4400
1677	4589
1678	4516
1679	4463
1680	4534
1681	4438
1682	4339
1683	4481
1684	4032
1685	4098
1686	4035
1687	4105
1688	4103
1689	4002
1690	3948
1691	4122
1692	3931
1693	4110
1694	3800
1695	3817
1696	4029
1697	4095
1698	3865
1699	3924
1700	3999
1701	3848
1702	4205
1703	4044
1704	3996
1705	4012
1706	4032
1707	4381
1708	3986
1709	4064
1710	3997
1711	4103
1712	4104
1713	3859
1714	4036
1715	4109
1716	4252
1717	4113
1718	4306
1719	4053
1720	4169
1721	4328
1722	4399
1723	4444
1724	4375
1725	4302
1726	4643
1727	4373
1728	3980
1729	4064
1730	4111
1731	3972
1732	3982
1733	3999
1734	4166
1735	4009
1736	4018
1737	4088
1738	3992
1739	3880
1740	3805
1741	3924
1742	3829
1743	3915
1744	3641
1745	4074
1746	3830
1747	4032
1748	3980
1749	3960
1750	4236
1751	4262
1752	4118
1753	4273
1754	4593
1755	3946
1756	4312
1757	4364
1758	4446
1759	4369
1760	4315
1761	4182
1762	4272
1763	4257
1764	4152
1765	4208
1766	4332
1767	4303
1768	4212
1769	4395
1770	4169
1771	4465
1772	4465
1773	4281
1774	4059
1775	4069
1776	4075
1777	4179
1778	4348
1779	4241
1780	4111
1781	4219
1782	4181
1783	4151
1784	3964
1785	3857
1786	3978
1787	4265
1788	4412
1789	4187
1790	4125
1791	4156
1792	4077
1793	4049
1794	3985
1795	3907
1796	3863
1797	3990
1798	3768
1799	3799
1800	4080
1801	4064
1802	3997
1803	4050
1804	3903
1805	3812
1806	3651
1807	3746
1808	3853
1809	3829
1810	3747
1811	3790
1812	3867
1813	4179
1814	4242
1815	4091
1816	3900
1817	3885
1818	3515
1819	3891
1820	3611
1821	3681
1822	3816
1823	3872
1824	3777
1825	3720
1826	3625
1827	3631
1828	3615
1829	3531
1830	3560
1831	3620
1832	3626
1833	3544
1834	3493
1835	3615
1836	3374
1837	3512
1838	3405
1839	3371
1840	3370
1841	3506
1842	3369
1843	3376
1844	3293
1845	3379
1846	3658
1847	3396
1848	3759
1849	3553
1850	3475
1851	3612
1852	3636
1853	3478
1854	3544
1855	3578
1856	3590
1857	3475
1858	3745
1859	3722
1860	3599
1861	3904
1862	3572
1863	3594
1864	3596
1865	3583
1866	3414
1867	3361
1868	3519
1869	3398
1870	3463
1871	3345
1872	3528
1873	3450
1874	3199
1875	3249
1876	3330
1877	3555
1878	3376
1879	3463
1880	3430
1881	3474
1882	3327
1883	3596
1884	3473
1885	3491
1886	3393
1887	3343
1888	3309
1889	3228
1890	3380
1891	3188
1892	3302
1893	3195
1894	3273
1895	3234
1896	3250
1897	3423
1898	3299
1899	3345
1900	3366
1901	3254
1902	3353
1903	3436
1904	3304
1905	3315
1906	3372
1907	3370
1908	3374
1909	3164
1910	3271
1911	3249
1912	3236
1913	3445
1914	3348
1915	3229
1916	3312
1917	3347
1918	3283
1919	3162
1920	3137
1921	3290
1922	3158
1923	3202
1924	3149
1925	3150
1926	3137
1927	3245
1928	3262
1929	3400
1930	3360
1931	3326
1932	3302
1933	3365
1934	3349
1935	3276
1936	3424
1937	3444
1938	3439
1939	3524
1940	3295
1941	3585
1942	3404
1943	3348
1944	3227
1945	3178
1946	3331
1947	3378
1948	3441
1949	3341
1950	3204
1951	3341
1952	3232
1953	3323
1954	3283
1955	3436
1956	3343
1957	3423
1958	3412
1959	3268
1960	3342
1961	3573
1962	3252
1963	3354
1964	3397
1965	3539
1966	3445
1967	3514
1968	3326
1969	3416
1970	3313
1971	3501
1972	3400
1973	3545
1974	3545
1975	3256
1976	3440
1977	3480
1978	3483
1979	3729
1980	3508
1981	3629
1982	3552
1983	3497
1984	3630
1985	3574
1986	3553
1987	3555
1988	3670
1989	3664
1990	3379
1991	3668
1992	3749
1993	3765
1994	3871
1995	3618
1996	3554
1997	3761
1998	3723
1999	3526
2000	3776
2001	3752
2002	3801
2003	4047
2004	3821
2005	3811
2006	3660
2007	3836
2008	4083
2009	3795
2010	3896
2011	3748
2012	3956
2013	3930
2014	3955
2015	4010
2016	3841
2017	3839
2018	4343
2019	4067
2020	4215
2021	3939
2022	3971
2023	4107
2024	4032
2025	3811
2026	4064
2027	3985
2028	4309
2029	3850
2030	4032
2031	4022
2032	3858
2033	3804
2034	4162
2035	3889
2036	3915
2037	3955
2038	3931
2039	4096
2040	3948
2041	3984
2042	3903
2043	3872
2044	3968
2045	3638
2046	4164
2047	3986
2048	4158
2049	3789
2050	3953
2051	3794
2052	3871
2053	3792
2054	4081
2055	4183
2056	3882
2057	4250
2058	4056
2059	4198
2060	3996
2061	4100
2062	4386
2063	4230
2064	4736
2065	4503
2066	4265
2067	4093
2068	3923
2069	4540
2070	4312
2071	4488
2072	4452
2073	4278
2074	4258
2075	3955
2076	4243
2077	4209
2078	4261
2079	4566
2080	4202
2081	4667
2082	4978
2083	4696
2084	4498
2085	4098
2086	3891
2087	3894
2088	3992
2089	4191
2090	4257
2091	3797
2092	3732
2093	3662
2094	3606
2095	3962
2096	3842
2097	3976
2098	3757
2099	4102
2100	3997
2101	3602
2102	3879
2103	3712
2104	3698
2105	3751
2106	3696
2107	3895
2108	3821
2109	3868
2110	3651
2111	3595
2112	3631
2113	3714
2114	3730
2115	3637
2116	3721
2117	3810
2118	4074
2119	3794
2120	4005
2121	3632
2122	3740
2123	3608
2124	3749
2125	3337
2126	3774
2127	4012
2128	3539
2129	3578
2130	3977
2131	3870
2132	3587
2133	4278
2134	3948
2135	4241
2136	3727
2137	3712
2138	3649
2139	3546
2140	3618
2141	3601
2142	3650
2143	3506
2144	3484
2145	3350
2146	3660
2147	3439
2148	3288
2149	3241
2150	3256
2151	3290
2152	3704
2153	4008
2154	3330
2155	3605
2156	3300
2157	3417
2158	3251
2159	3197
2160	3231
2161	3446
2162	3546
2163	3523
2164	3532
2165	3517
2166	3532
2167	3649
2168	3433
2169	3490
2170	3967
2171	3480
2172	3680
2173	3289
2174	3405
2175	3384
2176	3303
2177	3460
2178	3219
2179	3060
2180	3103
2181	2969
2182	3185
2183	3214
2184	3149
2185	3103
2186	3191
2187	3086
2188	3181
2189	3127
2190	3262
2191	3297
2192	3047
2193	3101
2194	3085
2195	3085
2196	3065
2197	3131
2198	3086
2199	3042
2200	3143
2201	2871
2202	3078
2203	3029
2204	3263
2205	3098
2206	2887
2207	3141
2208	3058
2209	2998
2210	3054
2211	2975
2212	3036
2213	3107
2214	3154
2215	3090
2216	2976
2217	3220
2218	3034
2219	2922
2220	3099
2221	2917
2222	2974
2223	2630
2224	2775
2225	2815
2226	2991
2227	2829
2228	2741
2229	2942
2230	2915
2231	2965
2232	2860
2233	2935
2234	3045
2235	2773
2236	2928
2237	2922
2238	3139
2239	2928
2240	3294
2241	2955
2242	2868
2243	3042
2244	2968
2245	2953
2246	2961
2247	2952
2248	2919
2249	2918
2250	2849
2251	2932
2252	2816
2253	3003
2254	3226
2255	2849
2256	2854
2257	2809
2258	2933
2259	3030
2260	3076
2261	2808
2262	3024
2263	2934
2264	2954
2265	2673
2266	2868
2267	2688
2268	2931
2269	2724
2270	2743
2271	2754
2272	2832
2273	2804
2274	2779
2275	2779
2276	2793
2277	2923
2278	2935
2279	2796
2280	2763
2281	2832
2282	2773
2283	2834
2284	2764
2285	2828
2286	2860
2287	2963
2288	2971
2289	2809
2290	2893
2291	2878
2292	2675
2293	2790
2294	2801
2295	2864
2296	3019
2297	2851
2298	2730
2299	2860
2300	2834
2301	2862
2302	2807
2303	2752
2304	2710
2305	2774
2306	2749
2307	2898
2308	2880
2309	2984
2310	2819
2311	2674
2312	2954
2313	2800
2314	2873
2315	2851
2316	2740
2317	2975
2318	2998
2319	2962
2320	2975
2321	2826
2322	3003
2323	2837
2324	2892
2325	3058
2326	2958
2327	2985
2328	2936
2329	2955
2330	2848
2331	2897
2332	2833
2333	2885
2334	3058
2335	3134
2336	3078
2337	2949
2338	3029
2339	2997
2340	3030
2341	2846
2342	3163
2343	3096
2344	2857
2345	2860
2346	2975
2347	2947
2348	3080
2349	2866
2350	2937
2351	2772
2352	2899
2353	2782
2354	2942
2355	3071
2356	3260
2357	3019
2358	2992
2359	3451
2360	3329
2361	2764
2362	3222
2363	3007
2364	3054
2365	3034
2366	2924
2367	3020
2368	2953
2369	2966
2370	2876
2371	2940
2372	3073
2373	2830
2374	2752
2375	2832
2376	2769
2377	2883
2378	2835
2379	2763
2380	2784
2381	2712
2382	2754
2383	2729
2384	2679
2385	2627
2386	2544
2387	2735
2388	2741
2389	2650
2390	2697
2391	2852
2392	2682
2393	2601
2394	2620
2395	2756
2396	2845
2397	2802
2398	3354
2399	2997
2400	2905
2401	2685
2402	2882
2403	2966
2404	2785
2405	2923
2406	2786
2407	2616
2408	2806
2409	2749
2410	2542
2411	2737
2412	2625
2413	2632
2414	2758
2415	2716
2416	2624
2417	2662
2418	2680
2419	2552
2420	2508
2421	2579
2422	2703
2423	2711
2424	2528
2425	2692
2426	2701
2427	2800
2428	2493
2429	2715
2430	2657
2431	2585
2432	2599
2433	2506
2434	2505
2435	2577
2436	2593
2437	2461
2438	2500
2439	2421
2440	2611
2441	2534
2442	2464
2443	2398
2444	2356
2445	2553
2446	2400
2447	2438
2448	2408
2449	2387
2450	2465
2451	2428
2452	2446
2453	2391
2454	2337
2455	2287
2456	2207
2457	2333
2458	2437
2459	2443
2460	2456
2461	2425
2462	2439
2463	2190
2464	2313
2465	2449
2466	2328
2467	2266
2468	2408
2469	2314
2470	2551
2471	2506
2472	2335
2473	2423
2474	2411
2475	2375
2476	2536
2477	2370
2478	2443
2479	2476
2480	2410
2481	2362
2482	2320
2483	2371
2484	2473
2485	2404
2486	2497
2487	2478
2488	2480
2489	2583
2490	2557
2491	2344
2492	2524
2493	2335
2494	2392
2495	2451
2496	2621
2497	2433
2498	2454
2499	2398
2500	2445
2501	2270
2502	2293
2503	2425
2504	2480
2505	2383
2506	2482
2507	2458
2508	2385
2509	2378
2510	2390
2511	2599
2512	2711
2513	2678
2514	2591
2515	2444
2516	2740
2517	2550
2518	2670
2519	2465
2520	2580
2521	2824
2522	2569
2523	2642
2524	2610
2525	2530
2526	2752
2527	2597
2528	3026
2529	2874
2530	2769
2531	2813
2532	2762
2533	2631
2534	2858
2535	2625
2536	2604
2537	2726
2538	2933
2539	2530
2540	2656
2541	2872
2542	3035
2543	2869
2544	2764
2545	2798
2546	2675
2547	2737
2548	2927
2549	2855
2550	2912
2551	3154
2552	3062
2553	3133
2554	3102
2555	3216
2556	3236
2557	3948
2558	3251
2559	3844
2560	2889
2561	3611
2562	2973
2563	3625
2564	4521
2565	3757
2566	4391
2567	3502
2568	4829
2569	3274
2570	4174
2571	2960
2572	3235
2573	3256
2574	3002
2575	3583
2576	3345
2577	3569
2578	3432
2579	3475
2580	3009
2581	3565
2582	3193
2583	3300
2584	3185
2585	2871
2586	3089
2587	3096
2588	3207
2589	2993
2590	3044
2591	2998
2592	2910
2593	2731
2594	2779
2595	2751
2596	2514
2597	2603
2598	2579
2599	2588
2600	2645
2601	2846
2602	2521
2603	2685
2604	2674
2605	2565
2606	2388
2607	2605
2608	2656
2609	2536
2610	2639
2611	2595
2612	2722
2613	2479
2614	2444
2615	2760
2616	2664
2617	2747
2618	2451
2619	2749
2620	2454
2621	2593
2622	2696
2623	2641
2624	2848
2625	2726
2626	3076
2627	2676
2628	2759
2629	2711
2630	3001
2631	2663
2632	2811
2633	2700
2634	2736
2635	2844
2636	2829
2637	2639
2638	2635
2639	3006
2640	2813
2641	2840
2642	2615
2643	2784
2644	2700
2645	2910
2646	2673
2647	2604
2648	2576
2649	2723
2650	2946
2651	2746
2652	3379
2653	2890
2654	3005
2655	2815
2656	2765
2657	2684
2658	2915
2659	2696
2660	2996
2661	3038
2662	2805
2663	3128
2664	2981
2665	3339
2666	2694
2667	2749
2668	2836
2669	2634
2670	2850
2671	2518
2672	2840
2673	2709
2674	2642
2675	2759
2676	2641
2677	2758
2678	2641
2679	2741
2680	2885
2681	2637
2682	2801
2683	2777
2684	2598
2685	2676
2686	2894
2687	2866
2688	2992
2689	2909
2690	2867
2691	3043
2692	2596
2693	2795
2694	2726
2695	2862
2696	2871
2697	2718
2698	2704
2699	2860
2700	2842
2701	3266
2702	3520
2703	3113
2704	3081
2705	2969
2706	3170
2707	2992
2708	3124
2709	3392
2710	3159
2711	3111
2712	2803
2713	2852
2714	3129
2715	3395
2716	4244
2717	3413
2718	3264
2719	3274
2720	3130
2721	2884
2722	2815
2723	3025
2724	2860
2725	2722
2726	2990
2727	2925
2728	2863
2729	2739
2730	2807
2731	2772
2732	2715
2733	2823
2734	2806
2735	2805
2736	2655
2737	2804
2738	2851
2739	2866
2740	2966
2741	2791
2742	2576
2743	2678
2744	2519
2745	2538
2746	2412
2747	2575
2748	2578
2749	2542
2750	2403
2751	2676
2752	2471
2753	2554
2754	2646
2755	2868
2756	2948
2757	3100
2758	2830
2759	2972
2760	2861
2761	2993
2762	3026
2763	2830
2764	2803
2765	2830
2766	2803
2767	2621
2768	2666
2769	3034
2770	2642
2771	2843
2772	2646
2773	3004
2774	2689
2775	2759
2776	3061
2777	2894
2778	2787
2779	2791
2780	2988
2781	2799
2782	2833
2783	2919
2784	2741
2785	2565
2786	2530
2787	2466
2788	2605
2789	2811
2790	2918
2791	2438
2792	2458
2793	2595
2794	2489
2795	2622
2796	2651
2797	2574
2798	2903
2799	2649
2800	2724
2801	2606
2802	2635
2803	2941
2804	2731
2805	2966
2806	2728
2807	2766
2808	2601
2809	2955
2810	3160
2811	2961
2812	3415
2813	2952
2814	3173
2815	3105
2816	3345
2817	4133
2818	2599
2819	2781
2820	2990
2821	3339
2822	3474
2823	2886
2824	2608
2825	2618
2826	2625
2827	2631
2828	2257
2829	2391
2830	2363
2831	2258
2832	2567
2833	2639
2834	2650
2835	2740
2836	2762
2837	2853
2838	2734
2839	2795
2840	2533
2841	2394
2842	2612
2843	2669
2844	2388
2845	2427
2846	2736
2847	2656
2848	2571
2849	2832
2850	2643
2851	2531
2852	2469
2853	2473
2854	2483
2855	2703
2856	2758
2857	2506
2858	2632
2859	2770
2860	2785
2861	2832
2862	2837
2863	3502
2864	2874
2865	3128
2866	2787
2867	3081
2868	2928
2869	2917
2870	3007
2871	3452
2872	3027
2873	3084
2874	2649
2875	3172
2876	2874
2877	3205
2878	2965
2879	3031
2880	2716
2881	3236
2882	3530
2883	2748
2884	2513
2885	2615
2886	2608
2887	2622
2888	3667
2889	3958
2890	2282
2891	2443
2892	2376
2893	2940
2894	2301
2895	2246
2896	2294
2897	2315
2898	2418
2899	2510
2900	2497
2901	2572
2902	2307
2903	2365
2904	2157
2905	2086
2906	2226
2907	2464
2908	2363
2909	2570
2910	2248
2911	2454
2912	2154
2913	2112
2914	2224
2915	2089
2916	2343
2917	2391
2918	2298
2919	2239
2920	2014
2921	1981
2922	1975
2923	1975
2924	2085
2925	1968
2926	1944
2927	1916
2928	2023
2929	2004
2930	2023
2931	1984
2932	2009
2933	1936
2934	1874
2935	1978
2936	1940
2937	1947
2938	2028
2939	1994
2940	1892
2941	2149
2942	2111
2943	1827
2944	1934
2945	2031
2946	1899
2947	1831
2948	1952
2949	1833
2950	1825
2951	1833
2952	2049
2953	1990
2954	1835
2955	1914
2956	1804
2957	1800
2958	1990
2959	1883
2960	1853
2961	1820
2962	1974
2963	1958
2964	1949
2965	2008
2966	1973
2967	1866
2968	1938
2969	1921
2970	2002
2971	2060
2972	1863
2973	1943
2974	2035
2975	1955
2976	1972
2977	1915
2978	1919
2979	1838
2980	1767
2981	1950
2982	1925
2983	1812
2984	1950
2985	1894
2986	1923
2987	1919
2988	1916
2989	1906
2990	1957
2991	1932
2992	1863
2993	1858
2994	1943
2995	1933
2996	2126
2997	1867
2998	2015
2999	1974
3000	2084
3001	2016
3002	2070
3003	2115
3004	2034
3005	2095
3006	2139
3007	2106
3008	2141
3009	2266
3010	2171
3011	2092
3012	2176
3013	2170
3014	2309
3015	2149
3016	2137
3017	2120
3018	2275
3019	2163
3020	1987
3021	2297
3022	2135
3023	2276
3024	2169
3025	2303
3026	2113
3027	2099
3028	2124
3029	2005
3030	2108
3031	2039
3032	2136
3033	2056
3034	2077
3035	2191
3036	2107
3037	2053
3038	2382
3039	2110
3040	2166
3041	2350
3042	2338
3043	2195
3044	2460
3045	2347
3046	2294
3047	2404
3048	2599
3049	2301
3050	2323
3051	2423
3052	2363
3053	2431
3054	2318
3055	2377
3056	2167
3057	2234
3058	2249
3059	2271
3060	2139
3061	2270
3062	2151
3063	2178
3064	2092
3065	2128
3066	2201
3067	2173
3068	2278
3069	2061
3070	2316
3071	2236
3072	2201
3073	2077
3074	2300
3075	2279
3076	2268
3077	2330
3078	2145
3079	2175
3080	2144
3081	2074
3082	2296
3083	2257
3084	2126
3085	2144
3086	2277
3087	2173
3088	2352
3089	2022
3090	2071
3091	2317
3092	2143
3093	2208
3094	2293
3095	2270
3096	2237
3097	2111
3098	2074
3099	2091
3100	2113
3101	2080
3102	2186
3103	2025
3104	2211
3105	2011
3106	1904
3107	2117
3108	2195
3109	1973
3110	2163
3111	1958
3112	1980
3113	2006
3114	2026
3115	1976
3116	1984
3117	1975
3118	1918
3119	2037
3120	2101
3121	2124
3122	2075
3123	1936
3124	1971
3125	1995
3126	2006
3127	2007
3128	2074
3129	2106
3130	2030
3131	2047
3132	2217
3133	2155
3134	2055
3135	1981
3136	1901
3137	1872
3138	1856
3139	1920
3140	2040
3141	2067
3142	2031
3143	1816
3144	1848
3145	1854
3146	1884
3147	2018
3148	1859
3149	1973
3150	1894
3151	1901
3152	1864
3153	1954
3154	1968
3155	1864
3156	2051
3157	1918
3158	2086
3159	1822
3160	2023
3161	2014
3162	2046
3163	1915
3164	2014
3165	2010
3166	2146
3167	1995
3168	1882
3169	1946
3170	2059
3171	1945
3172	1847
3173	1874
3174	2030
3175	1954
3176	2009
3177	1889
3178	1909
3179	1859
3180	1752
3181	1996
3182	1856
3183	1947
3184	1962
3185	1843
3186	1850
3187	1830
3188	2021
3189	1873
3190	1983
3191	1967
3192	1984
3193	1975
3194	2073
3195	1912
3196	2054
3197	2020
3198	1872
3199	1924
3200	1916
3201	1984
3202	1875
3203	1917
3204	2002
3205	1892
3206	1870
3207	2069
3208	1942
3209	1969
3210	1997
3211	1967
3212	2008
3213	2018
3214	2174
3215	1965
3216	1962
3217	2126
3218	1993
3219	2058
3220	2056
3221	2192
3222	2183
3223	2164
3224	2091
3225	2073
3226	2241
3227	2157
3228	2087
3229	1952
3230	2056
3231	2199
3232	2094
3233	2104
3234	2067
3235	2058
3236	2115
3237	2034
3238	2106
3239	1984
3240	1889
3241	1997
3242	1970
3243	2072
3244	1842
3245	1895
3246	1943
3247	1984
3248	1939
3249	2051
3250	2142
3251	2144
3252	2065
3253	2168
3254	2068
3255	2151
3256	2084
3257	2100
3258	2248
3259	2099
3260	2356
3261	2260
3262	2214
3263	1946
3264	2031
3265	1944
3266	2023
3267	1946
3268	2142
3269	1987
3270	2091
3271	2114
3272	2069
3273	2049
3274	2113
3275	2071
3276	2182
3277	2154
3278	2177
3279	2206
3280	2194
3281	2521
3282	2138
3283	2134
3284	2252
3285	2281
3286	2334
3287	2171
3288	2118
3289	2281
3290	2054
3291	2251
3292	2114
3293	2110
3294	2228
3295	2256
3296	2150
3297	2116
3298	2299
3299	2239
3300	2128
3301	2056
3302	2167
3303	2120
3304	2102
3305	2137
3306	2083
3307	2156
3308	2160
3309	2172
3310	2250
3311	2177
3312	2206
3313	2348
3314	2246
3315	2279
3316	2469
3317	2429
3318	2354
3319	2397
3320	2334
3321	2305
3322	2406
3323	2574
3324	2242
3325	2394
3326	2208
3327	2366
3328	2505
3329	2286
3330	2148
3331	2157
3332	2437
3333	2453
3334	2325
3335	2665
3336	2498
3337	2409
3338	2599
3339	2454
3340	2730
3341	2436
3342	2653
3343	2499
3344	2322
3345	2203
3346	2312
3347	2554
3348	2397
3349	2319
3350	2358
3351	2275
3352	2305
3353	2241
3354	2417
3355	2431
3356	2317
3357	2366
3358	2475
3359	2350
3360	2256
3361	2285
3362	2155
3363	2249
3364	2222
3365	2264
3366	2266
3367	2262
3368	2338
3369	2475
3370	2333
3371	2370
3372	2280
3373	2358
3374	2125
3375	2079
3376	2087
3377	2049
3378	2036
3379	2075
3380	2016
3381	2021
3382	2075
3383	2050
3384	2286
3385	2033
3386	2025
3387	1866
3388	1947
3389	1949
3390	1877
3391	1930
3392	1829
3393	1959
3394	1778
3395	1858
3396	1981
3397	1924
3398	1951
3399	1876
3400	1707
3401	1833
3402	2018
3403	1932
3404	1967
3405	2044
3406	1967
3407	1962
3408	1986
3409	2020
3410	2045
3411	1881
3412	1779
3413	1867
3414	1870
3415	1962
3416	1919
3417	1977
3418	1866
3419	1832
3420	1919
3421	2043
3422	1938
3423	1866
3424	1862
3425	2031
3426	1903
3427	1868
3428	1838
3429	1881
3430	1810
3431	1849
3432	1788
3433	1886
3434	1922
3435	2103
3436	1988
3437	1917
3438	1850
3439	2117
3440	1903
3441	1849
3442	1873
3443	2024
3444	1935
3445	1970
3446	1790
3447	2040
3448	1921
3449	1904
3450	2046
3451	1979
3452	2108
3453	1935
3454	1863
3455	2113
3456	2128
3457	2025
3458	1991
3459	1989
3460	1926
3461	1882
3462	1906
3463	1958
3464	1783
3465	1826
3466	1828
3467	1840
3468	1831
3469	1736
3470	1778
3471	1795
3472	1876
3473	1804
3474	1855
3475	1870
3476	1842
3477	1779
3478	1786
3479	1775
3480	1837
3481	1877
3482	1828
3483	1922
3484	1836
3485	1754
3486	1814
3487	1923
3488	1830
3489	1759
3490	1731
3491	1742
3492	1810
3493	1993
3494	1760
3495	1970
3496	1896
3497	1728
3498	1899
3499	1780
3500	1839
3501	1847
3502	1781
3503	1971
3504	1775
3505	1758
3506	1695
3507	1866
3508	1700
3509	1806
3510	1729
3511	1704
3512	1801
3513	1838
3514	1857
3515	1863
3516	1826
3517	1737
3518	1864
3519	1873
3520	1961
3521	1857
3522	2020
3523	2072
3524	2244
3525	1886
3526	1875
3527	1714
3528	1793
3529	1901
3530	1832
3531	1801
3532	1754
3533	1831
3534	1707
3535	1903
3536	1809
3537	1780
3538	1960
3539	1823
3540	2015
3541	1906
3542	2021
3543	1777
3544	1802
3545	2007
3546	1987
3547	2001
3548	1783
3549	1898
3550	1891
3551	1853
3552	1666
3553	1692
3554	1766
3555	1926
3556	1933
3557	1679
3558	1883
3559	1746
3560	1938
3561	2219
3562	2220
3563	2299
3564	2119
3565	1903
3566	1882
3567	1947
3568	2290
3569	2094
3570	2307
3571	2119
3572	2252
3573	1955
3574	2302
3575	2798
3576	1881
3577	2216
3578	2168
3579	1996
3580	1996
3581	1751
3582	1849
3583	1794
3584	1695
3585	1742
3586	1824
3587	1809
3588	1859
3589	1830
3590	1738
3591	1808
3592	1687
3593	1821
3594	1761
3595	1865
3596	1737
3597	1802
3598	1793
3599	1697
3600	1676
3601	1862
3602	1871
3603	1694
3604	1693
3605	1808
3606	1749
3607	1890
3608	1864
3609	1777
3610	2327
3611	1848
3612	1673
3613	1742
3614	1859
3615	1937
3616	1682
3617	1752
3618	1756
3619	1868
3620	1720
3621	1657
3622	1685
3623	1721
3624	1670
3625	1614
3626	1577
3627	1588
3628	1691
3629	1693
3630	1624
3631	1566
3632	1694
3633	1629
3634	1651
3635	1682
3636	1683
3637	1650
3638	1710
3639	1834
3640	1686
3641	1640
3642	1642
3643	1656
3644	1643
3645	1676
3646	1646
3647	1624
3648	1644
3649	1552
3650	1673
3651	1653
3652	1636
3653	1633
3654	1567
3655	1645
3656	1676
3657	1691
3658	1769
3659	1674
3660	1760
3661	1858
3662	1895
3663	2159
3664	2206
3665	1932
3666	2276
3667	1859
3668	2014
3669	2217
3670	2303
3671	3023
3672	2168
3673	2799
3674	2332
3675	2459
3676	1830
3677	1727
3678	1715
3679	1741
3680	1871
3681	1775
3682	1765
3683	1813
3684	1597
3685	1829
3686	1812
3687	1634
3688	1716
3689	1809
3690	1900
3691	1894
3692	1814
3693	1821
3694	1680
3695	1784
3696	1690
3697	1937
3698	1927
3699	1984
3700	1986
3701	1923
3702	1896
3703	1840
3704	1871
3705	2065
3706	1953
3707	2002
3708	2251
3709	2056
3710	2132
3711	2105
3712	2465
3713	1947
3714	2039
3715	2010
3716	2292
3717	1929
3718	1918
3719	1768
3720	1998
3721	1752
3722	1934
3723	2142
3724	1906
3725	2101
3726	2125
3727	1906
3728	1791
3729	1733
3730	1720
3731	1754
3732	1812
3733	1811
3734	1819
3735	1883
3736	1931
3737	1864
3738	1762
3739	1941
3740	1782
3741	1763
3742	1895
3743	1935
3744	2031
3745	1999
3746	2096
3747	1930
3748	2003
3749	1986
3750	1801
3751	1831
3752	2222
3753	2362
3754	1790
3755	2203
3756	1924
3757	1713
3758	1732
3759	1848
3760	1838
3761	1802
3762	1709
3763	2011
3764	1900
3765	1947
3766	2142
3767	2397
3768	2320
3769	2108
3770	2145
3771	2263
3772	2111
3773	2169
3774	2573
3775	1979
3776	1961
3777	1866
3778	1983
3779	2108
3780	1790
3781	1951
3782	1941
3783	1920
3784	1941
3785	1745
3786	1948
3787	1688
3788	1791
3789	1709
3790	1698
3791	1781
3792	1620
3793	1906
3794	1696
3795	1663
3796	1820
3797	1787
3798	1857
3799	1804
3800	1662
3801	1713
3802	1711
3803	1585
3804	1589
3805	1705
3806	1669
3807	1664
3808	1722
3809	1739
3810	1599
3811	1797
3812	1597
3813	1776
3814	1759
3815	1810
3816	1716
3817	1641
3818	1605
3819	1553
3820	1640
3821	1584
3822	1554
3823	1723
3824	1537
3825	1563
3826	1716
3827	1707
3828	1795
3829	1661
3830	1478
3831	1498
3832	1631
3833	1693
3834	1598
3835	1582
3836	1638
3837	1494
3838	1489
3839	1524
3840	1523
3841	1567
3842	1677
3843	1548
3844	1577
3845	1541
3846	1507
3847	1633
3848	1608
3849	1552
3850	1505
3851	1609
3852	1571
3853	1606
3854	1493
3855	1539
3856	1600
3857	1688
3858	1653
3859	1515
3860	1649
3861	1824
3862	1692
3863	1858
3864	1851
3865	1576
3866	1641
3867	1609
3868	1501
3869	1514
3870	1485
3871	1517
3872	1481
3873	1555
3874	1622
3875	1576
3876	1588
3877	1528
3878	1566
3879	1598
3880	1796
3881	1784
3882	1736
3883	1594
3884	1513
3885	1525
3886	1623
3887	1639
3888	1575
3889	1556
3890	1551
3891	1526
3892	1594
3893	1523
3894	1669
3895	1642
3896	1489
3897	1690
3898	1679
3899	1735
3900	1678
3901	1669
3902	1631
3903	1706
3904	1738
3905	1701
3906	1650
3907	1718
3908	1631
3909	1802
3910	1660
3911	1697
3912	1631
3913	1652
3914	1578
3915	1741
3916	1609
3917	1588
3918	1607
3919	1535
3920	1674
3921	1648
3922	1584
3923	1469
3924	1641
3925	1573
3926	1570
3927	1500
3928	1569
3929	1618
3930	1667
3931	1601
3932	1626
3933	1640
3934	1586
3935	1757
3936	1660
3937	1665
3938	1691
3939	1624
3940	1703
3941	1535
3942	1571
3943	1529
3944	1632
3945	1549
3946	1592
3947	1650
3948	1684
3949	1736
3950	1805
3951	1699
3952	1878
3953	2072
3954	2069
3955	2057
3956	2053
3957	1798
3958	1828
3959	1746
3960	1729
3961	1816
3962	1690
3963	1750
3964	1694
3965	1771
3966	1656
3967	1784
3968	1803
3969	1617
3970	1747
3971	1666
3972	1880
3973	1641
3974	1746
3975	2035
3976	1826
3977	1583
3978	1670
3979	1704
3980	1730
3981	1591
3982	1560
3983	1585
3984	1673
3985	1595
3986	1706
3987	1643
3988	1543
3989	1527
3990	1876
3991	1521
3992	1609
3993	1579
3994	1675
3995	1895
3996	1591
3997	1535
3998	1704
3999	1627
4000	1606
4001	1556
4002	1645
4003	1489
4004	1818
4005	1650
4006	1604
4007	1677
4008	1797
4009	1784
4010	1779
4011	1672
4012	1928
4013	2008
4014	1886
4015	1939
4016	1741
4017	1791
4018	1672
4019	2043
4020	1911
4021	2286
4022	1773
4023	1798
4024	1773
4025	1944
4026	1705
4027	2069
4028	1851
4029	2020
4030	2607
4031	2124
4032	3647
4033	1739
4034	1737
4035	2092
4036	1811
4037	1837
4038	1707
4039	1859
4040	1958
4041	1831
4042	1840
4043	1833
4044	1683
4045	1536
4046	1681
4047	1747
4048	1660
4049	1711
4050	1765
4051	1763
4052	1772
4053	1825
4054	1806
4055	1772
4056	1656
4057	1724
4058	1627
4059	1622
4060	1752
4061	1780
4062	1694
4063	1685
4064	1625
4065	1864
4066	1774
4067	1708
4068	1710
4069	1634
4070	1674
4071	1800
4072	2045
4073	1758
4074	1626
4075	1803
4076	1678
4077	1774
4078	1645
4079	1712
4080	1633
4081	1723
4082	1648
4083	1677
4084	1558
4085	1619
4086	1751
4087	1631
4088	1514
4089	1649
4090	1653
4091	1567
4092	1587
4093	1800
4094	1663
4095	1480
4096	1787
4097	1868
4098	1749
4099	1742
4100	1855
4101	1655
4102	1732
4103	1727
4104	1910
4105	1822
4106	1762
4107	1870
4108	1996
4109	2037
4110	1835
4111	2250
4112	1786
4113	1796
4114	1757
4115	1776
4116	1820
4117	1663
4118	1778
4119	1739
4120	1695
4121	1716
4122	1844
4123	1695
4124	1841
4125	1765
4126	1814
4127	1866
4128	1613
4129	1783
4130	1724
4131	1997
4132	1715
4133	1769
4134	1807
4135	1746
4136	1762
4137	1828
4138	1804
4139	1872
4140	1903
4141	1850
4142	2031
4143	1835
4144	2008
4145	1872
4146	1923
4147	2095
4148	1851
4149	1918
4150	1692
4151	1652
4152	1722
4153	1698
4154	1636
4155	1739
4156	1740
4157	1545
4158	1904
4159	1604
4160	1746
4161	1672
4162	1829
4163	1601
4164	1681
4165	1882
4166	1702
4167	2067
4168	1494
4169	1637
4170	1521
4171	1736
4172	1484
4173	1511
4174	1437
4175	1431
4176	1349
4177	1419
4178	1373
4179	1449
4180	1487
4181	1383
4182	1390
4183	1370
4184	1323
4185	1382
4186	1438
4187	1460
4188	1387
4189	1368
4190	1412
4191	1335
4192	1457
4193	1437
4194	1365
4195	1473
4196	1449
4197	1430
4198	1425
4199	1491
4200	1392
4201	1463
4202	1480
4203	1457
4204	1443
4205	1488
4206	1409
4207	1435
4208	1293
4209	1483
4210	1501
4211	1437
4212	1495
4213	1402
4214	1423
4215	1488
4216	1495
4217	1514
4218	1413
4219	1398
4220	1406
4221	1408
4222	1438
4223	1412
4224	1301
4225	1444
4226	1507
4227	1509
4228	1634
4229	1613
4230	1382
4231	1428
4232	1384
4233	1442
4234	1513
4235	1401
4236	1460
4237	1555
4238	1464
4239	1432
4240	1512
4241	1288
4242	1331
4243	1423
4244	1451
4245	1343
4246	1406
4247	1397
4248	1466
4249	1403
4250	1438
4251	1385
4252	1361
4253	1270
4254	1531
4255	1420
4256	1291
4257	1267
4258	1448
4259	1485
4260	1455
4261	1466
4262	1529
4263	1469
4264	1423
4265	1328
4266	1524
4267	1599
4268	1498
4269	1600
4270	1469
4271	1501
4272	1578
4273	1502
4274	1387
4275	1538
4276	1589
4277	1570
4278	1611
4279	1526
4280	1475
4281	1451
4282	1466
4283	1454
4284	1332
4285	1462
4286	1348
4287	1570
4288	1668
4289	1587
4290	1593
4291	1574
4292	1728
4293	1640
4294	1517
4295	1552
4296	1509
4297	1445
4298	1605
4299	1745
4300	1766
4301	1932
4302	1747
4303	1743
4304	1685
4305	1732
4306	1866
4307	1674
4308	1534
4309	1780
4310	1697
4311	1846
4312	1979
4313	1708
4314	1585
4315	1668
4316	1477
4317	1562
4318	1584
4319	1390
4320	1664
4321	1619
4322	1757
4323	1750
4324	1688
4325	1644
4326	1489
4327	1521
4328	1443
4329	1489
4330	1372
4331	1386
4332	1496
4333	1335
4334	1466
4335	1478
4336	1509
4337	1369
4338	1314
4339	1375
4340	1303
4341	1278
4342	1328
4343	1306
4344	1360
4345	1275
4346	1316
4347	1272
4348	1231
4349	1247
4350	1244
4351	1208
4352	1273
4353	1177
4354	1299
4355	1209
4356	1205
4357	1342
4358	1328
4359	1283
4360	1365
4361	1258
4362	1334
4363	1373
4364	1385
4365	1370
4366	1341
4367	1384
4368	1349
4369	1471
4370	1471
4371	1518
4372	1620
4373	1333
4374	1529
4375	1700
4376	1764
4377	1525
4378	1419
4379	1649
4380	1404
4381	1351
4382	1317
4383	1273
4384	1422
4385	1372
4386	1300
4387	1453
4388	1330
4389	1496
4390	1515
4391	1464
4392	1665
4393	1370
4394	1511
4395	1548
4396	1371
4397	1253
4398	1413
4399	1245
4400	1262
4401	1279
4402	1233
4403	1219
4404	1241
4405	1129
4406	1319
4407	1158
4408	1325
4409	1211
4410	1307
4411	1288
4412	1269
4413	1317
4414	1194
4415	1221
4416	1231
4417	1256
4418	1291
4419	1287
4420	1438
4421	1341
4422	1246
4423	1651
4424	1426
4425	1481
4426	1544
4427	1620
4428	1556
4429	1416
4430	1377
4431	1191
4432	1259
4433	1185
4434	1103
4435	1217
4436	1155
4437	1165
4438	1182
4439	1114
4440	1177
4441	1070
4442	1109
4443	1153
4444	1199
4445	1307
4446	1330
4447	1185
4448	1226
4449	1202
4450	1233
4451	1280
4452	1232
4453	1205
4454	1202
4455	1204
4456	1215
4457	1337
4458	1426
4459	1560
4460	1210
4461	1132
4462	1144
4463	1197
4464	1126
4465	1219
4466	1178
4467	1110
4468	1145
4469	1157
4470	1142
4471	1235
4472	1123
4473	1110
4474	1129
4475	1080
4476	1053
4477	1111
4478	1185
4479	1055
4480	1221
4481	1165
4482	1181
4483	1151
4484	1174
4485	1186
4486	1207
4487	1293
4488	1215
4489	1185
4490	1327
4491	1184
4492	1381
4493	1281
4494	1256
4495	1223
4496	1140
4497	1124
4498	1151
4499	1324
4500	1288
4501	1298
4502	1340
4503	1339
4504	1183
4505	1187
4506	1221
4507	1150
4508	1271
4509	1299
4510	1354
4511	1261
4512	1322
4513	1280
4514	1287
4515	1263
4516	1210
4517	1188
4518	1177
4519	1230
4520	1221
4521	1210
4522	1258
4523	1198
4524	1269
4525	1213
4526	1228
4527	1183
4528	1186
4529	1181
4530	1284
4531	1220
4532	1285
4533	1289
4534	1134
4535	1218
4536	1140
4537	1166
4538	1165
4539	1091
4540	1295
4541	1255
4542	1169
4543	1144
4544	1112
4545	1233
4546	1212
4547	1283
4548	1128
4549	1148
4550	1196
4551	1187
4552	1263
4553	1262
4554	1128
4555	1156
4556	1171
4557	1128
4558	1226
4559	1122
4560	1199
4561	1281
4562	1204
4563	1177
4564	1190
4565	1144
4566	1145
4567	1123
4568	1167
4569	1216
4570	1103
4571	1249
4572	1185
4573	1187
4574	1186
4575	1223
4576	1232
4577	1238
4578	1215
4579	1220
4580	1237
4581	1123
4582	1167
4583	1162
4584	1268
4585	1227
4586	1178
4587	1188
4588	1164
4589	1250
4590	1293
4591	1207
4592	1219
4593	1230
4594	1232
4595	1217
4596	1246
4597	1221
4598	1150
4599	1206
4600	1291
4601	1258
4602	1259
4603	1248
4604	1250
4605	1263
4606	1297
4607	1343
4608	1408
4609	1340
4610	1244
4611	1445
4612	1443
4613	1444
4614	1264
4615	1290
4616	1410
4617	1251
4618	1316
4619	1340
4620	1467
4621	1430
4622	1545
4623	1435
4624	1499
4625	1673
4626	1848
4627	1712
4628	1846
4629	1749
4630	2212
4631	2634
4632	2053
4633	2295
4634	1607
4635	1534
4636	1598
4637	1619
4638	1767
4639	1437
4640	1411
4641	1427
4642	1625
4643	1682
4644	1991
4645	2660
4646	1286
4647	1188
4648	1379
4649	1409
4650	1420
4651	1591
4652	1353
4653	1419
4654	1547
4655	1381
4656	1462
4657	1523
4658	1579
4659	1531
4660	1386
4661	1494
4662	1604
4663	1443
4664	1247
4665	1292
4666	1238
4667	1187
4668	1208
4669	1118
4670	1325
4671	1285
4672	1287
4673	1228
4674	1271
4675	1246
4676	1305
4677	1349
4678	1166
4679	1108
4680	1198
4681	1143
4682	1166
4683	1132
4684	1091
4685	1133
4686	1121
4687	1165
4688	1148
4689	1154
4690	1207
4691	1154
4692	1221
4693	1234
4694	1243
4695	1283
4696	1257
4697	1261
4698	1288
4699	1246
4700	1434
4701	1385
4702	1330
4703	1461
4704	1644
4705	1431
4706	1551
4707	1415
4708	1571
4709	1574
4710	1432
4711	1377
4712	1405
4713	1315
4714	1331
4715	1332
4716	1207
4717	1311
4718	1387
4719	1281
4720	1246
4721	1286
4722	1408
4723	1327
4724	1391
4725	1480
4726	1344
4727	1353
4728	1386
4729	1441
4730	1928
4731	1670
4732	1621
4733	1445
4734	1585
4735	1476
4736	1412
4737	1418
4738	1343
4739	1427
4740	1293
4741	1342
4742	1327
4743	1268
4744	1245
4745	1241
4746	1321
4747	1286
4748	1230
4749	1332
4750	1308
4751	1200
4752	1360
4753	1372
4754	1308
4755	1250
4756	1389
4757	1278
4758	1276
4759	1258
4760	1214
4761	1086
4762	1148
4763	1072
4764	1179
4765	1131
4766	1194
4767	1255
4768	1148
4769	1193
4770	1214
4771	1221
4772	1122
4773	1234
4774	1114
4775	1236
4776	1206
4777	1214
4778	1185
4779	1188
4780	1260
4781	1122
4782	1205
4783	1237
4784	1240
4785	1357
4786	1237
4787	1207
4788	1112
4789	1162
4790	1160
4791	1181
4792	1282
4793	1506
4794	1253
4795	1233
4796	1100
4797	1349
4798	1255
4799	1268
4800	1244
4801	1220
4802	1266
4803	1270
4804	1993
4805	1153
4806	1266
4807	1253
4808	1182
4809	1263
4810	1310
4811	1237
4812	1185
4813	1325
4814	1311
4815	1470
4816	1221
4817	1238
4818	1261
4819	1279
4820	1144
4821	1225
4822	1213
4823	1349
4824	1300
4825	1272
4826	1468
4827	1299
4828	1184
4829	1307
4830	1291
4831	1348
4832	1295
4833	1366
4834	1239
4835	1294
4836	1355
4837	1338
4838	1424
4839	1281
4840	1478
4841	1393
4842	1311
4843	1285
4844	1271
4845	1312
4846	1273
4847	1243
4848	1207
4849	1141
4850	1262
4851	1252
4852	1251
4853	1311
4854	1317
4855	1206
4856	1130
4857	1201
4858	1094
4859	1218
4860	1159
4861	1080
4862	1073
4863	1167
4864	1146
4865	1106
4866	1127
4867	1233
4868	1088
4869	1127
4870	1116
4871	1215
4872	1243
4873	1083
4874	1132
4875	1245
4876	1146
4877	1107
4878	1137
4879	1119
4880	1160
4881	1118
4882	1088
4883	1077
4884	1180
4885	1150
4886	1092
4887	1192
4888	1130
4889	1127
4890	1107
4891	1119
4892	1134
4893	1171
4894	1138
4895	1038
4896	1114
4897	1099
4898	1097
4899	1024
4900	1220
4901	1231
4902	1272
4903	1517
4904	1342
4905	1446
4906	1350
4907	1401
4908	1317
4909	1229
4910	1203
4911	1094
4912	1182
4913	1239
4914	1244
4915	1133
4916	1284
4917	1170
4918	1181
4919	1098
4920	1144
4921	1245
4922	1151
4923	1170
4924	1102
4925	1034
4926	1081
4927	1111
4928	1093
4929	1042
4930	1090
4931	1120
4932	1150
4933	1098
4934	1099
4935	1167
4936	1132
4937	1266
4938	1188
4939	1212
4940	1169
4941	996
4942	1231
4943	1217
4944	1178
4945	1179
4946	1208
4947	1305
4948	1361
4949	1244
4950	1314
4951	1170
4952	1372
4953	1334
4954	1376
4955	1360
4956	1324
4957	1410
4958	1535
4959	1403
4960	1464
4961	1271
4962	1282
4963	1323
4964	1388
4965	1250
4966	1240
4967	1326
4968	1343
4969	1477
4970	1361
4971	1198
4972	1265
4973	1201
4974	1441
4975	1374
4976	1286
4977	1374
4978	1329
4979	1283
4980	1414
4981	1422
4982	1226
4983	1211
4984	1465
4985	1384
4986	1584
4987	1474
4988	1323
4989	1098
4990	1231
4991	1194
4992	1283
4993	1366
4994	1375
4995	1322
4996	1253
4997	1211
4998	1138
4999	1114
5000	1283
5001	1148
5002	1213
5003	1323
5004	1308
5005	1275
5006	1093
5007	1149
5008	1225
5009	1247
5010	1273
5011	1242
5012	1120
5013	1160
5014	1096
5015	1123
5016	1110
5017	1140
5018	1120
5019	1043
5020	1205
5021	1169
5022	1157
5023	1061
5024	1160
5025	1097
5026	1142
5027	1197
5028	1225
5029	1060
5030	1092
5031	1163
5032	1129
5033	1079
5034	1163
5035	1071
5036	1099
5037	1169
5038	1059
5039	1068
5040	1104
5041	1106
5042	1128
5043	1186
5044	1162
5045	1001
5046	1015
5047	1102
5048	1100
5049	1027
5050	1058
5051	1096
5052	1085
5053	1122
5054	1100
5055	1028
5056	1154
5057	1130
5058	1202
5059	1123
5060	1047
5061	1045
5062	1124
5063	1224
5064	1508
5065	1391
5066	1501
5067	1504
5068	1411
5069	1387
5070	1402
5071	1562
5072	1408
5073	1359
5074	1390
5075	1328
5076	1319
5077	1244
5078	1383
5079	1417
5080	1218
5081	1436
5082	1180
5083	1117
5084	1125
5085	1200
5086	1173
5087	1144
5088	1128
5089	1208
5090	1081
5091	1163
5092	1016
5093	1096
5094	1119
5095	1099
5096	1167
5097	1094
5098	1125
5099	1072
5100	1058
5101	1020
5102	972
5103	1052
5104	1059
5105	1016
5106	1062
5107	1017
5108	1068
5109	933
5110	1095
5111	962
5112	1077
5113	1057
5114	1092
5115	988
5116	1000
5117	1076
5118	1003
5119	994
5120	1048
5121	1025
5122	1013
5123	1044
5124	999
5125	1067
5126	1071
5127	998
5128	1050
5129	950
5130	1039
5131	983
5132	1044
5133	950
5134	1060
5135	978
5136	1012
5137	1013
5138	996
5139	1031
5140	989
5141	1026
5142	925
5143	1086
5144	959
5145	1002
5146	1039
5147	972
5148	978
5149	1007
5150	989
5151	961
5152	962
5153	925
5154	975
5155	928
5156	987
5157	1009
5158	1074
5159	996
5160	1012
5161	997
5162	920
5163	910
5164	976
5165	912
5166	960
5167	953
5168	940
5169	937
5170	944
5171	885
5172	986
5173	923
5174	895
5175	958
5176	928
5177	911
5178	918
5179	972
5180	975
5181	957
5182	933
5183	1005
5184	911
5185	907
5186	912
5187	961
5188	832
5189	928
5190	875
5191	900
5192	878
5193	904
5194	876
5195	963
5196	873
5197	964
5198	936
5199	892
5200	910
5201	852
5202	913
5203	896
5204	846
5205	896
5206	938
5207	902
5208	830
5209	890
5210	844
5211	936
5212	909
5213	895
5214	926
5215	948
5216	904
5217	886
5218	919
5219	906
5220	854
5221	904
5222	875
5223	905
5224	898
5225	878
5226	851
5227	875
5228	912
5229	957
5230	871
5231	889
5232	886
5233	1005
5234	906
5235	924
5236	955
5237	971
5238	946
5239	893
5240	969
5241	936
5242	964
5243	903
5244	971
5245	988
5246	950
5247	932
5248	998
5249	932
5250	881
5251	969
5252	880
5253	927
5254	932
5255	953
5256	984
5257	983
5258	994
5259	942
5260	915
5261	1001
5262	1013
5263	983
5264	944
5265	939
5266	984
5267	1020
5268	905
5269	1027
5270	991
5271	939
5272	927
5273	909
5274	907
5275	987
5276	918
5277	988
5278	1032
5279	924
5280	913
5281	956
5282	1041
5283	953
5284	993
5285	955
5286	989
5287	987
5288	981
5289	947
5290	1035
5291	942
5292	985
5293	1073
5294	1121
5295	1040
5296	1153
5297	1001
5298	1140
5299	1204
5300	1156
5301	1117
5302	1063
5303	1303
5304	933
5305	973
5306	997
5307	945
5308	1023
5309	989
5310	958
5311	1013
5312	1002
5313	981
5314	893
5315	1101
5316	1041
5317	1072
5318	1118
5319	1190
5320	1374
5321	1078
5322	931
5323	1083
5324	1008
5325	979
5326	1089
5327	954
5328	959
5329	1049
5330	1014
5331	971
5332	935
5333	1050
5334	899
5335	927
5336	1020
5337	1044
5338	912
5339	979
5340	922
5341	1006
5342	898
5343	975
5344	891
5345	875
5346	947
5347	942
5348	956
5349	936
5350	941
5351	891
5352	874
5353	993
5354	949
5355	965
5356	897
5357	959
5358	995
5359	1011
5360	927
5361	928
5362	945
5363	930
5364	997
5365	1038
5366	1122
5367	1058
5368	1023
5369	1153
5370	964
5371	1149
5372	1064
5373	1251
5374	1173
5375	1165
5376	1023
5377	1079
5378	1109
5379	1134
5380	1183
5381	1037
5382	1148
5383	1024
5384	919
5385	1060
5386	1098
5387	1203
5388	1090
5389	1125
5390	1156
5391	1087
5392	1138
5393	1073
5394	1212
5395	1058
5396	1109
5397	1007
5398	1069
5399	1106
5400	1161
5401	1193
5402	1114
5403	1116
5404	1073
5405	1054
5406	1100
5407	1144
5408	1147
5409	1133
5410	1151
5411	1072
5412	1148
5413	1170
5414	1077
5415	1155
5416	1111
5417	1023
5418	1123
5419	1056
5420	1108
5421	1092
5422	1150
5423	1095
5424	1045
5425	1249
5426	1182
5427	1087
5428	1050
5429	1221
5430	1160
5431	1309
5432	1281
5433	1102
5434	1136
5435	1092
5436	1093
5437	1074
5438	1135
5439	1160
5440	1076
5441	1098
5442	1058
5443	1054
5444	1153
5445	1061
5446	1089
5447	1121
5448	960
5449	1078
5450	1101
5451	1085
5452	1088
5453	1058
5454	1192
5455	1139
5456	1235
5457	1247
5458	1116
5459	1206
5460	1217
5461	1154
5462	1320
5463	1095
5464	1125
5465	1109
5466	1110
5467	1127
5468	1253
5469	1137
5470	1279
5471	1121
5472	1198
5473	1001
5474	1079
5475	987
5476	1170
5477	1122
5478	1107
5479	1083
5480	1088
5481	1018
5482	1157
5483	1045
5484	1033
5485	1068
5486	956
5487	1069
5488	1055
5489	1008
5490	1020
5491	933
5492	963
5493	1091
5494	932
5495	1028
5496	1016
5497	1046
5498	1108
5499	1014
5500	1086
5501	1106
5502	1086
5503	1164
5504	1090
5505	950
5506	1101
5507	972
5508	1101
5509	1057
5510	1046
5511	1029
5512	1140
5513	1057
5514	1091
5515	1112
5516	1067
5517	1119
5518	1198
5519	1083
5520	1081
5521	1157
5522	1188
5523	1180
5524	1114
5525	1126
5526	1099
5527	1122
5528	1224
5529	1192
5530	1161
5531	1132
5532	1160
5533	1298
5534	1202
5535	1369
5536	1256
5537	1220
5538	1240
5539	1200
5540	1368
5541	1169
5542	1244
5543	1131
5544	1416
5545	1165
5546	1254
5547	1236
5548	1255
5549	1168
5550	1117
5551	1073
5552	1177
5553	1820
5554	1125
5555	1076
5556	1072
5557	1087
5558	1030
5559	1087
5560	1121
5561	1168
5562	1156
5563	1194
5564	1169
5565	1301
5566	1276
5567	1134
5568	1128
5569	1203
5570	1292
5571	1230
5572	1197
5573	1187
5574	1147
5575	1213
5576	1128
5577	1116
5578	1236
5579	1130
5580	1220
5581	1989
5582	1246
5583	1279
5584	1194
5585	1344
5586	1166
5587	1144
5588	1102
5589	1202
5590	1100
5591	1168
5592	1173
5593	1280
5594	1209
5595	1127
5596	1207
5597	1192
5598	1193
5599	1437
5600	1501
5601	1686
5602	1704
5603	1399
5604	1641
5605	1294
5606	1281
5607	1420
5608	1291
5609	1220
5610	1204
5611	1165
5612	1113
5613	1040
5614	1126
5615	1103
5616	1091
5617	1092
5618	1047
5619	1063
5620	1049
5621	1162
5622	1102
5623	1116
5624	1060
5625	1126
5626	1146
5627	1009
5628	1065
5629	1095
5630	1072
5631	1119
5632	1164
5633	1120
5634	986
5635	1014
5636	1038
5637	965
5638	1022
5639	966
5640	984
5641	1000
5642	1103
5643	1015
5644	1076
5645	975
5646	1025
5647	962
5648	1181
5649	1048
5650	944
5651	1093
5652	1047
5653	1026
5654	938
5655	1002
5656	1002
5657	1246
5658	1048
5659	1106
5660	1089
5661	1083
5662	1090
5663	1003
5664	995
5665	998
5666	996
5667	1017
5668	951
5669	987
5670	1046
5671	1035
5672	1025
5673	1008
5674	1014
5675	1041
5676	979
5677	1004
5678	968
5679	1027
5680	1014
5681	1006
5682	1104
5683	1053
5684	1028
5685	1070
5686	1101
5687	989
5688	1111
5689	1024
5690	945
5691	1027
5692	905
5693	1021
5694	1031
5695	1097
5696	1055
5697	1064
5698	1093
5699	995
5700	988
5701	1009
5702	999
5703	1046
5704	1025
5705	1066
5706	996
5707	1086
5708	934
5709	1048
5710	1004
5711	1004
5712	1055
5713	997
5714	1093
5715	1031
5716	1110
5717	1042
5718	1019
5719	980
5720	1034
5721	1000
5722	890
5723	938
5724	968
5725	946
5726	915
5727	907
5728	949
5729	958
5730	948
5731	937
5732	913
5733	964
5734	909
5735	934
5736	902
5737	951
5738	920
5739	947
5740	867
5741	950
5742	855
5743	877
5744	924
5745	890
5746	972
5747	1027
5748	967
5749	951
5750	886
5751	954
5752	934
5753	921
5754	908
5755	960
5756	875
5757	955
5758	858
5759	933
5760	965
5761	876
5762	949
5763	974
5764	1003
5765	960
5766	945
5767	924
5768	957
5769	953
5770	927
5771	942
5772	911
5773	875
5774	957
5775	923
5776	947
5777	909
5778	928
5779	875
5780	884
5781	899
5782	851
5783	899
5784	887
5785	837
5786	914
5787	946
5788	993
5789	919
5790	857
5791	864
5792	879
5793	894
5794	933
5795	893
5796	882
5797	878
5798	888
5799	953
5800	919
5801	961
5802	905
5803	900
5804	874
5805	873
5806	820
5807	845
5808	918
5809	927
5810	1016
5811	911
5812	936
5813	874
5814	894
5815	852
5816	878
5817	892
5818	809
5819	881
5820	882
5821	944
5822	883
5823	919
5824	967
5825	882
5826	915
5827	946
5828	952
5829	914
5830	959
5831	851
5832	934
5833	920
5834	950
5835	899
5836	884
5837	902
5838	912
5839	883
5840	937
5841	895
5842	890
5843	917
5844	934
5845	831
5846	932
5847	951
5848	927
5849	1007
5850	932
5851	867
5852	880
5853	822
5854	853
5855	807
5856	866
5857	851
5858	849
5859	871
5860	937
5861	893
5862	907
5863	876
5864	904
5865	908
5866	867
5867	843
5868	940
5869	873
5870	891
5871	848
5872	803
5873	908
5874	952
5875	824
5876	940
5877	890
5878	860
5879	848
5880	887
5881	785
5882	837
5883	935
5884	879
5885	806
5886	823
5887	860
5888	843
5889	825
5890	923
5891	875
5892	859
5893	897
5894	840
5895	831
5896	947
5897	827
5898	916
5899	873
5900	822
5901	928
5902	880
5903	868
5904	780
5905	949
5906	844
5907	790
5908	838
5909	831
5910	809
5911	925
5912	872
5913	922
5914	991
5915	920
5916	872
5917	946
5918	906
5919	868
5920	841
5921	849
5922	772
5923	807
5924	861
5925	836
5926	852
5927	814
5928	870
5929	840
5930	850
5931	874
5932	806
5933	981
5934	817
5935	860
5936	793
5937	850
5938	825
5939	859
5940	804
5941	800
5942	831
5943	851
5944	818
5945	855
5946	897
5947	900
5948	974
5949	905
5950	908
5951	880
5952	822
5953	934
5954	878
5955	833
5956	859
5957	853
5958	865
5959	955
5960	841
5961	913
5962	838
5963	875
5964	882
5965	816
5966	766
5967	828
5968	871
5969	888
5970	814
5971	850
5972	945
5973	856
5974	934
5975	877
5976	791
5977	830
5978	833
5979	845
5980	882
5981	955
5982	865
5983	850
5984	792
5985	888
5986	899
5987	823
5988	767
5989	808
5990	875
5991	877
5992	823
5993	827
5994	819
5995	876
5996	823
5997	804
5998	823
5999	756
6000	780
6001	853
6002	884
6003	820
6004	824
6005	818
6006	873
6007	892
6008	897
6009	845
6010	902
6011	810
6012	844
6013	852
6014	859
6015	891
6016	854
6017	828
6018	919
6019	866
6020	895
6021	881
6022	834
6023	908
6024	874
6025	847
6026	897
6027	813
6028	830
6029	863
6030	813
6031	888
6032	813
6033	876
6034	818
6035	795
6036	832
6037	927
6038	889
6039	843
6040	777
6041	849
6042	771
6043	930
6044	835
6045	825
6046	799
6047	808
6048	805
6049	845
6050	791
6051	854
6052	817
6053	842
6054	857
6055	815
6056	920
6057	888
6058	874
6059	762
6060	871
6061	844
6062	874
6063	889
6064	835
6065	858
6066	904
6067	916
6068	859
6069	937
6070	971
6071	989
6072	954
6073	936
6074	1038
6075	913
6076	956
6077	875
6078	955
6079	862
6080	739
6081	929
6082	932
6083	887
6084	1028
6085	887
6086	872
6087	875
6088	908
6089	1070
6090	885
6091	961
6092	820
6093	960
6094	904
6095	948
6096	867
6097	895
6098	864
6099	844
6100	934
6101	987
6102	988
6103	916
6104	921
6105	880
6106	943
6107	952
6108	967
6109	898
6110	912
6111	975
6112	920
6113	1058
6114	952
6115	924
6116	941
6117	925
6118	991
6119	1077
6120	1015
6121	1174
6122	1178
6123	1261
6124	1261
6125	1168
6126	1164
6127	1902
6128	1918
6129	1216
6130	1477
6131	1532
6132	1226
6133	1261
6134	1100
6135	1221
6136	1012
6137	1406
6138	1105
6139	1093
6140	1144
6141	1039
6142	1158
6143	1018
6144	928
6145	919
6146	955
6147	897
6148	878
6149	847
6150	877
6151	884
6152	868
6153	930
6154	841
6155	890
6156	835
6157	853
6158	852
6159	838
6160	816
6161	804
6162	823
6163	819
6164	792
6165	772
6166	809
6167	806
6168	773
6169	804
6170	816
6171	884
6172	730
6173	779
6174	799
6175	752
6176	837
6177	796
6178	914
6179	703
6180	728
6181	760
6182	838
6183	813
6184	789
6185	769
6186	803
6187	776
6188	747
6189	757
6190	719
6191	791
6192	729
6193	792
6194	807
6195	787
6196	852
6197	706
6198	766
6199	705
6200	754
6201	753
6202	765
6203	721
6204	758
6205	773
6206	751
6207	720
6208	773
6209	760
6210	769
6211	767
6212	774
6213	686
6214	678
6215	725
6216	706
6217	687
6218	762
6219	666
6220	756
6221	741
6222	715
6223	676
6224	717
6225	683
6226	682
6227	735
6228	761
6229	765
6230	697
6231	666
6232	660
6233	661
6234	714
6235	687
6236	731
6237	695
6238	696
6239	692
6240	728
6241	644
6242	739
6243	698
6244	776
6245	739
6246	699
6247	706
6248	710
6249	698
6250	728
6251	686
6252	696
6253	776
6254	676
6255	729
6256	655
6257	732
6258	773
6259	653
6260	650
6261	763
6262	694
6263	741
6264	663
6265	689
6266	719
6267	729
6268	744
6269	794
6270	718
6271	707
6272	666
6273	742
6274	691
6275	675
6276	742
6277	740
6278	696
6279	698
6280	710
6281	658
6282	698
6283	631
6284	749
6285	719
6286	724
6287	680
6288	683
6289	692
6290	768
6291	698
6292	708
6293	696
6294	662
6295	748
6296	730
6297	648
6298	705
6299	719
6300	722
6301	659
6302	668
6303	739
6304	698
6305	676
6306	790
6307	775
6308	716
6309	710
6310	677
6311	736
6312	705
6313	800
6314	709
6315	734
6316	797
6317	749
6318	780
6319	717
6320	731
6321	715
6322	729
6323	730
6324	821
6325	808
6326	793
6327	723
6328	782
6329	777
6330	804
6331	851
6332	830
6333	785
6334	763
6335	765
6336	808
6337	806
6338	851
6339	811
6340	837
6341	761
6342	966
6343	898
6344	811
6345	793
6346	750
6347	736
6348	860
6349	729
6350	783
6351	866
6352	812
6353	803
6354	713
6355	782
6356	767
6357	842
6358	814
6359	845
6360	767
6361	761
6362	884
6363	762
6364	774
6365	699
6366	767
6367	773
6368	752
6369	781
6370	722
6371	670
6372	752
6373	738
6374	811
6375	754
6376	704
6377	725
6378	752
6379	742
6380	740
6381	719
6382	756
6383	765
6384	768
6385	770
6386	758
6387	765
6388	740
6389	739
6390	741
6391	740
6392	717
6393	701
6394	797
6395	758
6396	765
6397	760
6398	742
6399	738
6400	717
6401	764
6402	787
6403	768
6404	757
6405	745
6406	709
6407	810
6408	739
6409	706
6410	684
6411	755
6412	725
6413	786
6414	800
6415	696
6416	742
6417	727
6418	806
6419	729
6420	788
6421	725
6422	772
6423	771
6424	810
6425	750
6426	814
6427	791
6428	742
6429	792
6430	828
6431	792
6432	753
6433	720
6434	829
6435	769
6436	793
6437	833
6438	822
6439	830
6440	779
6441	815
6442	820
6443	801
6444	829
6445	738
6446	774
6447	781
6448	730
6449	814
6450	744
6451	676
6452	806
6453	758
6454	720
6455	713
6456	746
6457	740
6458	759
6459	703
6460	758
6461	766
6462	791
6463	754
6464	747
6465	798
6466	721
6467	706
6468	765
6469	680
6470	752
6471	712
6472	702
6473	740
6474	741
6475	708
6476	657
6477	710
6478	738
6479	685
6480	738
6481	738
6482	708
6483	771
6484	667
6485	756
6486	757
6487	769
6488	735
6489	706
6490	741
6491	780
6492	770
6493	707
6494	757
6495	740
6496	710
6497	776
6498	699
6499	776
6500	763
6501	829
6502	745
6503	746
6504	741
6505	818
6506	699
6507	828
6508	727
6509	708
6510	765
6511	778
6512	853
6513	777
6514	782
6515	734
6516	810
6517	748
6518	763
6519	798
6520	815
6521	800
6522	806
6523	742
6524	811
6525	802
6526	835
6527	851
6528	815
6529	787
6530	752
6531	747
6532	926
6533	861
6534	757
6535	782
6536	799
6537	795
6538	778
6539	807
6540	772
6541	813
6542	772
6543	782
6544	779
6545	758
6546	742
6547	832
6548	719
6549	728
6550	744
6551	795
6552	804
6553	764
6554	707
6555	714
6556	761
6557	828
6558	817
6559	754
6560	734
6561	763
6562	740
6563	792
6564	714
6565	716
6566	781
6567	720
6568	767
6569	839
6570	784
6571	743
6572	711
6573	822
6574	802
6575	769
6576	780
6577	760
6578	776
6579	737
6580	825
6581	811
6582	714
6583	824
6584	721
6585	855
6586	766
6587	746
6588	838
6589	707
6590	762
6591	736
6592	716
6593	809
6594	777
6595	869
6596	813
6597	823
6598	807
6599	849
6600	869
6601	756
6602	853
6603	753
6604	782
6605	858
6606	820
6607	831
6608	780
6609	759
6610	742
6611	735
6612	860
6613	775
6614	806
6615	756
6616	809
6617	804
6618	748
6619	772
6620	841
6621	883
6622	737
6623	938
6624	741
6625	745
6626	682
6627	713
6628	821
6629	719
6630	790
6631	775
6632	715
6633	654
6634	693
6635	716
6636	685
6637	761
6638	641
6639	730
6640	733
6641	688
6642	747
6643	767
6644	711
6645	674
6646	668
6647	735
6648	690
6649	624
6650	682
6651	723
6652	704
6653	691
6654	705
6655	729
6656	670
6657	664
6658	684
6659	699
6660	709
6661	657
6662	676
6663	668
6664	647
6665	685
6666	703
6667	689
6668	763
6669	709
6670	678
6671	688
6672	733
6673	662
6674	681
6675	711
6676	703
6677	669
6678	677
6679	631
6680	681
6681	636
6682	659
6683	663
6684	694
6685	706
6686	691
6687	629
6688	690
6689	624
6690	635
6691	723
6692	631
6693	666
6694	680
6695	710
6696	586
6697	608
6698	660
6699	654
6700	662
6701	715
6702	708
6703	618
6704	645
6705	719
6706	665
6707	702
6708	643
6709	639
6710	629
6711	664
6712	641
6713	672
6714	632
6715	658
6716	639
6717	669
6718	680
6719	717
6720	688
6721	707
6722	678
6723	716
6724	637
6725	712
6726	735
6727	725
6728	643
6729	631
6730	699
6731	765
6732	716
6733	735
6734	827
6735	758
6736	693
6737	762
6738	764
6739	711
6740	823
6741	804
6742	764
6743	764
6744	664
6745	804
6746	760
6747	745
6748	751
6749	677
6750	821
6751	763
6752	838
6753	903
6754	862
6755	996
6756	809
6757	941
6758	818
6759	972
6760	912
6761	913
6762	967
6763	962
6764	964
6765	906
6766	1108
6767	946
6768	972
6769	950
6770	1215
6771	938
6772	871
6773	892
6774	1003
6775	948
6776	894
6777	882
6778	887
6779	874
6780	785
6781	839
6782	910
6783	836
6784	831
6785	994
6786	1062
6787	1040
6788	1011
6789	884
6790	905
6791	862
6792	793
6793	818
6794	777
6795	824
6796	813
6797	811
6798	810
6799	826
6800	796
6801	796
6802	773
6803	750
6804	724
6805	698
6806	729
6807	652
6808	728
6809	772
6810	742
6811	750
6812	705
6813	753
6814	693
6815	680
6816	666
6817	684
6818	604
6819	726
6820	703
6821	695
6822	723
6823	673
6824	750
6825	726
6826	860
6827	647
6828	729
6829	713
6830	729
6831	733
6832	684
6833	694
6834	728
6835	678
6836	629
6837	693
6838	720
6839	676
6840	696
6841	690
6842	634
6843	698
6844	724
6845	796
6846	736
6847	708
6848	660
6849	828
6850	767
6851	717
6852	790
6853	786
6854	808
6855	645
6856	781
6857	748
6858	722
6859	730
6860	665
6861	673
6862	728
6863	734
6864	739
6865	627
6866	658
6867	669
6868	720
6869	672
6870	711
6871	620
6872	651
6873	641
6874	660
6875	703
6876	681
6877	626
6878	656
6879	675
6880	672
6881	650
6882	655
6883	645
6884	686
6885	654
6886	662
6887	665
6888	606
6889	680
6890	694
6891	631
6892	661
6893	664
6894	670
6895	634
6896	648
6897	649
6898	698
6899	681
6900	629
6901	625
6902	619
6903	671
6904	643
6905	631
6906	651
6907	684
6908	638
6909	642
6910	685
6911	732
6912	665
6913	665
6914	681
6915	662
6916	634
6917	693
6918	652
6919	674
6920	704
6921	657
6922	700
6923	695
6924	652
6925	637
6926	658
6927	641
6928	648
6929	701
6930	640
6931	617
6932	678
6933	692
6934	658
6935	647
6936	634
6937	650
6938	637
6939	676
6940	626
6941	639
6942	585
6943	637
6944	719
6945	713
6946	672
6947	669
6948	643
6949	671
6950	624
6951	602
6952	636
6953	671
6954	634
6955	616
6956	672
6957	648
6958	634
6959	593
6960	634
6961	660
6962	636
6963	593
6964	599
6965	591
6966	654
6967	626
6968	610
6969	620
6970	634
6971	644
6972	579
6973	629
6974	603
6975	571
6976	670
6977	626
6978	543
6979	647
6980	654
6981	653
6982	598
6983	671
6984	665
6985	668
6986	643
6987	529
6988	624
6989	632
6990	598
6991	690
6992	617
6993	670
6994	613
6995	641
6996	594
6997	654
6998	635
6999	568
7000	620
7001	648
7002	626
7003	601
7004	635
7005	572
7006	551
7007	647
7008	605
7009	613
7010	633
7011	628
7012	576
7013	623
7014	603
7015	576
7016	640
7017	594
7018	599
7019	657
7020	615
7021	687
7022	625
7023	599
7024	639
7025	607
7026	647
7027	666
7028	660
7029	642
7030	625
7031	646
7032	633
7033	710
7034	660
7035	667
7036	630
7037	627
7038	631
7039	572
7040	612
7041	608
7042	576
7043	635
7044	582
7045	670
7046	575
7047	614
7048	664
7049	656
7050	598
7051	603
7052	686
7053	647
7054	616
7055	658
7056	632
7057	573
7058	687
7059	678
7060	634
7061	673
7062	661
7063	598
7064	669
7065	599
7066	599
7067	705
7068	622
7069	602
7070	580
7071	686
7072	595
7073	610
7074	636
7075	638
7076	633
7077	621
7078	675
7079	599
7080	650
7081	625
7082	637
7083	626
7084	678
7085	609
7086	664
7087	639
7088	617
7089	590
7090	650
7091	629
7092	635
7093	618
7094	647
7095	632
7096	603
7097	661
7098	644
7099	625
7100	587
7101	635
7102	626
7103	602
7104	572
7105	590
7106	593
7107	619
7108	659
7109	630
7110	701
7111	639
7112	584
7113	612
7114	624
7115	549
7116	624
7117	555
7118	619
7119	561
7120	557
7121	593
7122	621
7123	628
7124	570
7125	584
7126	533
7127	602
7128	597
7129	607
7130	575
7131	582
7132	558
7133	550
7134	620
7135	570
7136	569
7137	580
7138	562
7139	627
7140	607
7141	602
7142	604
7143	568
7144	643
7145	655
7146	652
7147	595
7148	640
7149	646
7150	557
7151	577
7152	644
7153	640
7154	652
7155	581
7156	665
7157	596
7158	620
7159	607
7160	605
7161	626
7162	573
7163	599
7164	585
7165	615
7166	604
7167	615
7168	609
7169	599
7170	613
7171	588
7172	589
7173	576
7174	567
7175	571
7176	624
7177	579
7178	641
7179	563
7180	553
7181	661
7182	594
7183	685
7184	668
7185	579
7186	650
7187	617
7188	658
7189	623
7190	585
7191	611
7192	572
7193	643
7194	642
7195	648
7196	647
7197	674
7198	603
7199	577
7200	637
7201	674
7202	649
7203	639
7204	588
7205	644
7206	702
7207	709
7208	605
7209	619
7210	696
7211	571
7212	698
7213	722
7214	746
7215	677
7216	641
7217	651
7218	618
7219	642
7220	606
7221	663
7222	679
7223	690
7224	603
7225	614
7226	704
7227	673
7228	677
7229	634
7230	639
7231	631
7232	651
7233	619
7234	648
7235	632
7236	602
7237	649
7238	685
7239	662
7240	576
7241	613
7242	674
7243	596
7244	665
7245	661
7246	687
7247	670
7248	770
7249	721
7250	764
7251	654
7252	797
7253	704
7254	733
7255	719
7256	750
7257	729
7258	840
7259	642
7260	657
7261	714
7262	728
7263	727
7264	634
7265	741
7266	635
7267	696
7268	701
7269	701
7270	720
7271	796
7272	808
7273	958
7274	758
7275	752
7276	915
7277	807
7278	925
7279	776
7280	889
7281	1131
7282	895
7283	982
7284	656
7285	837
7286	728
7287	839
7288	741
7289	742
7290	1009
7291	694
7292	689
7293	704
7294	735
7295	688
7296	743
7297	855
7298	737
7299	751
7300	719
7301	701
7302	693
7303	780
7304	729
7305	658
7306	660
7307	729
7308	654
7309	678
7310	599
7311	640
7312	640
7313	671
7314	733
7315	570
7316	587
7317	676
7318	676
7319	618
7320	624
7321	654
7322	603
7323	666
7324	691
7325	550
7326	668
7327	646
7328	616
7329	716
7330	756
7331	697
7332	664
7333	775
7334	720
7335	735
7336	753
7337	713
7338	739
7339	651
7340	753
7341	754
7342	683
7343	633
7344	683
7345	649
7346	687
7347	655
7348	559
7349	617
7350	658
7351	650
7352	678
7353	667
7354	651
7355	597
7356	692
7357	631
7358	602
7359	660
7360	617
7361	682
7362	618
7363	649
7364	687
7365	704
7366	678
7367	569
7368	580
7369	619
7370	589
7371	628
7372	652
7373	613
7374	556
7375	588
7376	605
7377	585
7378	616
7379	623
7380	603
7381	551
7382	588
7383	619
7384	604
7385	598
7386	530
7387	478
7388	595
7389	546
7390	554
7391	586
7392	543
7393	574
7394	596
7395	620
7396	587
7397	642
7398	584
7399	577
7400	593
7401	593
7402	633
7403	591
7404	589
7405	606
7406	650
7407	609
7408	559
7409	647
7410	546
7411	599
7412	587
7413	593
7414	614
7415	632
7416	612
7417	573
7418	654
7419	558
7420	578
7421	545
7422	568
7423	652
7424	574
7425	601
7426	568
7427	580
7428	569
7429	613
7430	552
7431	566
7432	527
7433	580
7434	577
7435	606
7436	577
7437	638
7438	606
7439	608
7440	603
7441	623
7442	565
7443	613
7444	602
7445	606
7446	666
7447	609
7448	572
7449	563
7450	556
7451	603
7452	646
7453	588
7454	591
7455	588
7456	623
7457	619
7458	622
7459	568
7460	555
7461	545
7462	552
7463	521
7464	519
7465	553
7466	492
7467	545
7468	533
7469	483
7470	591
7471	527
7472	514
7473	536
7474	549
7475	506
7476	559
7477	577
7478	586
7479	556
7480	571
7481	526
7482	574
7483	589
7484	553
7485	558
7486	566
7487	563
7488	598
7489	488
7490	532
7491	592
7492	534
7493	518
7494	590
7495	546
7496	505
7497	568
7498	561
7499	519
7500	525
7501	515
7502	524
7503	529
7504	498
7505	553
7506	562
7507	546
7508	532
7509	544
7510	539
7511	531
7512	561
7513	503
7514	540
7515	559
7516	542
7517	502
7518	579
7519	543
7520	530
7521	551
7522	551
7523	542
7524	542
7525	576
7526	533
7527	552
7528	538
7529	542
7530	493
7531	517
7532	546
7533	572
7534	575
7535	537
7536	547
7537	547
7538	520
7539	547
7540	562
7541	544
7542	552
7543	546
7544	565
7545	509
7546	545
7547	526
7548	516
7549	592
7550	547
7551	537
7552	511
7553	578
7554	564
7555	538
7556	519
7557	513
7558	537
7559	597
7560	563
7561	613
7562	482
7563	500
7564	510
7565	575
7566	570
7567	528
7568	612
7569	528
7570	577
7571	554
7572	524
7573	506
7574	502
7575	590
7576	565
7577	565
7578	558
7579	580
7580	567
7581	543
7582	572
7583	467
7584	538
7585	496
7586	531
7587	551
7588	490
7589	574
7590	516
7591	501
7592	531
7593	553
7594	602
7595	522
7596	512
7597	551
7598	522
7599	518
7600	572
7601	532
7602	489
7603	542
7604	523
7605	565
7606	469
7607	521
7608	538
7609	468
7610	528
7611	498
7612	512
7613	531
7614	514
7615	531
7616	516
7617	448
7618	525
7619	514
7620	517
7621	507
7622	533
7623	514
7624	543
7625	483
7626	482
7627	491
7628	475
7629	554
7630	520
7631	524
7632	567
7633	551
7634	483
7635	522
7636	532
7637	624
7638	619
7639	579
7640	607
7641	608
7642	532
7643	560
7644	612
7645	562
7646	544
7647	553
7648	549
7649	596
7650	580
7651	647
7652	517
7653	536
7654	556
7655	591
7656	543
7657	562
7658	491
7659	549
7660	507
7661	551
7662	588
7663	510
7664	591
7665	574
7666	542
7667	502
7668	570
7669	521
7670	509
7671	553
7672	493
7673	555
7674	534
7675	561
7676	482
7677	521
7678	516
7679	558
7680	562
7681	561
7682	594
7683	551
7684	583
7685	552
7686	588
7687	495
7688	503
7689	535
7690	479
7691	547
7692	505
7693	571
7694	569
7695	539
7696	523
7697	518
7698	590
7699	556
7700	550
7701	574
7702	561
7703	565
7704	554
7705	538
7706	526
7707	486
7708	475
7709	593
7710	460
7711	520
7712	504
7713	496
7714	510
7715	541
7716	482
7717	497
7718	452
7719	534
7720	511
7721	507
7722	525
7723	522
7724	503
7725	525
7726	532
7727	517
7728	493
7729	463
7730	496
7731	507
7732	487
7733	507
7734	482
7735	525
7736	548
7737	553
7738	537
7739	512
7740	552
7741	522
7742	531
7743	509
7744	509
7745	533
7746	512
7747	462
7748	528
7749	535
7750	497
7751	468
7752	500
7753	536
7754	484
7755	489
7756	515
7757	543
7758	484
7759	567
7760	538
7761	553
7762	545
7763	518
7764	529
7765	563
7766	548
7767	486
7768	552
7769	526
7770	535
7771	517
7772	489
7773	518
7774	499
7775	572
7776	522
7777	525
7778	531
7779	538
7780	525
7781	550
7782	515
7783	485
7784	509
7785	531
7786	518
7787	505
7788	547
7789	534
7790	541
7791	517
7792	529
7793	526
7794	536
7795	556
7796	538
7797	538
7798	552
7799	474
7800	547
7801	564
7802	496
7803	575
7804	494
7805	545
7806	514
7807	520
7808	475
7809	517
7810	507
7811	563
7812	612
7813	549
7814	592
7815	503
7816	504
7817	504
7818	531
7819	515
7820	525
7821	497
7822	502
7823	552
7824	517
7825	575
7826	588
7827	487
7828	550
7829	557
7830	530
7831	517
7832	511
7833	604
7834	479
7835	514
7836	522
7837	522
7838	555
7839	572
7840	571
7841	525
7842	551
7843	537
7844	551
7845	522
7846	536
7847	540
7848	552
7849	571
7850	518
7851	543
7852	561
7853	554
7854	548
7855	606
7856	558
7857	628
7858	566
7859	586
7860	558
7861	545
7862	495
7863	586
7864	542
7865	528
7866	606
7867	512
7868	560
7869	506
7870	577
7871	556
7872	522
7873	535
7874	552
7875	526
7876	607
7877	560
7878	552
7879	524
7880	569
7881	601
7882	587
7883	544
7884	555
7885	541
7886	526
7887	580
7888	559
7889	545
7890	565
7891	520
7892	535
7893	553
7894	551
7895	552
7896	545
7897	524
7898	540
7899	543
7900	549
7901	538
7902	546
7903	543
7904	561
7905	523
7906	572
7907	628
7908	640
7909	591
7910	560
7911	570
7912	577
7913	549
7914	600
7915	508
7916	558
7917	546
7918	538
7919	618
7920	568
7921	574
7922	576
7923	645
7924	508
7925	537
7926	519
7927	585
7928	625
7929	520
7930	548
7931	544
7932	618
7933	519
7934	538
7935	601
7936	587
7937	524
7938	594
7939	550
7940	505
7941	550
7942	543
7943	550
7944	498
7945	588
7946	543
7947	518
7948	573
7949	561
7950	498
7951	496
7952	533
7953	569
7954	579
7955	589
7956	532
7957	555
7958	524
7959	519
7960	505
7961	536
7962	523
7963	549
7964	575
7965	532
7966	555
7967	541
7968	537
7969	566
7970	552
7971	556
7972	576
7973	546
7974	562
7975	526
7976	535
7977	481
7978	562
7979	524
7980	533
7981	554
7982	522
7983	625
7984	571
7985	532
7986	561
7987	544
7988	487
7989	511
7990	534
7991	539
7992	588
7993	488
7994	531
7995	496
7996	527
7997	537
7998	455
7999	448
8000	542
8001	492
8002	444
8003	561
8004	519
8005	551
8006	542
8007	500
8008	497
8009	511
8010	534
8011	486
8012	523
8013	487
8014	530
8015	526
8016	499
8017	472
8018	500
8019	509
8020	558
8021	504
8022	482
8023	542
8024	469
8025	494
8026	596
8027	577
8028	477
8029	499
8030	560
8031	543
8032	580
8033	536
8034	559
8035	532
8036	546
8037	523
8038	552
8039	575
8040	511
8041	613
8042	574
8043	554
8044	526
8045	502
8046	599
8047	550
8048	549
8049	513
8050	619
8051	529
8052	542
8053	552
8054	541
8055	568
8056	577
8057	515
8058	608
8059	538
8060	567
8061	590
8062	541
8063	571
8064	577
8065	509
8066	612
8067	542
8068	559
8069	628
8070	575
8071	572
8072	574
8073	567
8074	580
8075	550
8076	502
8077	509
8078	546
8079	537
8080	558
8081	592
8082	555
8083	582
8084	546
8085	518
8086	557
8087	601
8088	547
8089	592
8090	530
8091	584
8092	510
8093	685
8094	547
8095	601
8096	567
8097	550
8098	582
8099	568
8100	620
8101	582
8102	562
8103	565
8104	530
8105	556
8106	565
8107	572
8108	559
8109	558
8110	633
8111	612
8112	624
8113	562
8114	562
8115	568
8116	578
8117	542
8118	647
8119	592
8120	584
8121	593
8122	570
8123	579
8124	613
8125	576
8126	565
8127	606
8128	608
8129	569
8130	578
8131	570
8132	707
8133	627
8134	556
8135	571
8136	579
8137	610
8138	631
8139	641
8140	583
8141	577
8142	565
8143	597
8144	635
8145	591
8146	587
8147	580
8148	572
8149	711
8150	519
8151	492
8152	563
8153	581
8154	473
8155	523
8156	529
8157	529
8158	555
8159	575
8160	567
8161	524
8162	549
8163	629
8164	604
8165	553
8166	609
8167	569
8168	610
8169	614
8170	564
8171	580
8172	601
8173	510
8174	543
8175	547
8176	559
8177	546
8178	524
8179	511
8180	547
8181	555
8182	559
8183	521
8184	552
8185	499
8186	520
8187	520
8188	578
8189	522
8190	614
8191	558
8192	496
8193	538
8194	560
8195	528
8196	544
8197	536
8198	564
8199	573
8200	548
8201	484
8202	577
8203	546
8204	562
8205	554
8206	563
8207	516
8208	562
8209	565
8210	589
8211	572
8212	575
8213	533
8214	557
8215	565
8216	543
8217	573
8218	550
8219	504
8220	499
8221	594
8222	540
8223	559
8224	547
8225	614
8226	540
8227	552
8228	578
8229	565
8230	501
8231	496
8232	518
8233	569
8234	526
8235	521
8236	520
8237	529
8238	567
8239	458
8240	562
8241	554
8242	523
8243	539
8244	457
8245	495
8246	544
8247	533
8248	455
8249	531
8250	539
8251	495
8252	475
8253	534
8254	472
8255	534
8256	512
8257	501
8258	487
8259	522
8260	550
8261	506
8262	487
8263	510
8264	504
8265	451
8266	483
8267	473
8268	558
8269	441
8270	477
8271	476
8272	521
8273	502
8274	473
8275	461
8276	494
8277	476
8278	491
8279	492
8280	468
8281	517
8282	484
8283	465
8284	475
8285	500
8286	463
8287	491
8288	458
8289	470
8290	450
8291	504
8292	521
8293	516
8294	471
8295	480
8296	493
8297	541
8298	540
8299	480
8300	417
8301	463
8302	571
8303	491
8304	526
8305	539
8306	519
8307	484
8308	448
8309	493
8310	500
8311	535
8312	515
8313	538
8314	462
8315	464
8316	525
8317	429
8318	502
8319	459
8320	524
8321	479
8322	529
8323	459
8324	444
8325	510
8326	472
8327	443
8328	434
8329	519
8330	504
8331	449
8332	477
8333	472
8334	483
8335	451
8336	499
8337	467
8338	498
8339	451
8340	474
8341	489
8342	467
8343	539
8344	470
8345	461
8346	450
8347	529
8348	516
8349	439
8350	490
8351	511
8352	490
8353	456
8354	504
8355	477
8356	515
8357	501
8358	478
8359	535
8360	468
8361	538
8362	493
8363	530
8364	466
8365	466
8366	490
8367	499
8368	489
8369	454
8370	514
8371	465
8372	494
8373	478
8374	457
8375	536
8376	491
8377	478
8378	536
8379	457
8380	447
8381	446
8382	518
8383	485
8384	487
8385	476
8386	484
8387	504
8388	495
8389	467
8390	471
8391	496
8392	499
8393	501
8394	519
8395	495
8396	453
8397	492
8398	465
8399	515
8400	477
8401	483
8402	503
8403	509
8404	467
8405	502
8406	447
8407	439
8408	483
8409	522
8410	512
8411	515
8412	479
8413	457
8414	499
8415	502
8416	479
8417	476
8418	462
8419	475
8420	507
8421	492
8422	477
8423	458
8424	472
8425	482
8426	425
8427	442
8428	470
8429	491
8430	538
8431	504
8432	431
8433	498
8434	490
8435	489
8436	452
8437	431
8438	468
8439	462
8440	473
8441	493
8442	437
8443	450
8444	435
8445	421
8446	432
8447	413
8448	492
8449	441
8450	499
8451	461
8452	432
8453	411
8454	418
8455	473
8456	433
8457	416
8458	470
8459	475
8460	478
8461	433
8462	436
8463	423
8464	435
8465	459
8466	447
8467	482
8468	476
8469	435
8470	450
8471	419
8472	490
8473	400
8474	426
8475	449
8476	477
8477	404
8478	442
8479	426
8480	440
8481	453
8482	410
8483	413
8484	423
8485	426
8486	491
8487	495
8488	427
8489	435
8490	383
8491	389
8492	428
8493	425
8494	457
8495	452
8496	459
8497	383
8498	476
8499	446
8500	480
8501	458
8502	427
8503	462
8504	428
8505	421
8506	361
8507	428
8508	464
8509	457
8510	444
8511	411
8512	451
8513	395
8514	418
8515	377
8516	428
8517	417
8518	421
8519	417
8520	398
8521	415
8522	447
8523	445
8524	439
8525	434
8526	419
8527	406
8528	395
8529	366
8530	458
8531	430
8532	458
8533	441
8534	458
8535	377
8536	369
8537	479
8538	453
8539	418
8540	464
8541	435
8542	385
8543	455
8544	443
8545	442
8546	441
8547	398
8548	446
8549	493
8550	486
8551	520
8552	422
8553	494
8554	486
8555	487
8556	465
8557	455
8558	428
8559	428
8560	427
8561	461
8562	454
8563	464
8564	458
8565	449
8566	424
8567	448
8568	469
8569	453
8570	450
8571	474
8572	490
8573	481
8574	463
8575	522
8576	484
8577	571
8578	599
8579	518
8580	518
8581	479
8582	438
8583	467
8584	492
8585	475
8586	438
8587	463
8588	440
8589	407
8590	429
8591	432
8592	424
8593	472
8594	430
8595	433
8596	413
8597	372
8598	436
8599	426
8600	435
8601	388
8602	421
8603	418
8604	388
8605	421
8606	455
8607	415
8608	441
8609	402
8610	387
8611	429
8612	419
8613	401
8614	410
8615	433
8616	388
8617	407
8618	393
8619	386
8620	404
8621	369
8622	391
8623	413
8624	435
8625	390
8626	391
8627	434
8628	387
8629	447
8630	399
8631	421
8632	430
8633	367
8634	422
8635	418
8636	411
8637	385
8638	424
8639	397
8640	445
8641	441
8642	409
8643	452
8644	443
8645	432
8646	428
8647	401
8648	419
8649	432
8650	414
8651	409
8652	400
8653	401
8654	457
8655	427
8656	464
8657	408
8658	423
8659	414
8660	413
8661	423
8662	446
8663	413
8664	439
8665	407
8666	394
8667	448
8668	438
8669	433
8670	447
8671	413
8672	444
8673	438
8674	430
8675	456
8676	425
8677	426
8678	447
8679	442
8680	439
8681	395
8682	474
8683	448
8684	455
8685	411
8686	414
8687	404
8688	417
8689	426
8690	385
8691	436
8692	435
8693	438
8694	404
8695	453
8696	448
8697	427
8698	473
8699	426
8700	409
8701	440
8702	458
8703	429
8704	475
8705	416
8706	432
8707	482
8708	471
8709	430
8710	471
8711	435
8712	470
8713	449
8714	414
8715	373
8716	443
8717	417
8718	462
8719	400
8720	453
8721	398
8722	433
8723	462
8724	396
8725	453
8726	402
8727	388
8728	451
8729	407
8730	465
8731	410
8732	390
8733	445
8734	411
8735	414
8736	477
8737	469
8738	439
8739	425
8740	440
8741	447
8742	445
8743	441
8744	421
8745	485
8746	399
8747	428
8748	369
8749	464
8750	453
8751	468
8752	469
8753	457
8754	456
8755	447
8756	458
8757	411
8758	432
8759	410
8760	492
8761	465
8762	432
8763	513
8764	449
8765	484
8766	483
8767	433
8768	481
8769	458
8770	449
8771	503
8772	487
8773	435
8774	452
8775	448
8776	489
8777	438
8778	463
8779	432
8780	445
8781	459
8782	417
8783	426
8784	458
8785	461
8786	464
8787	403
8788	386
8789	434
8790	420
8791	401
8792	400
8793	476
8794	450
8795	463
8796	432
8797	442
8798	416
8799	435
8800	495
8801	441
8802	444
8803	423
8804	459
8805	448
8806	469
8807	492
8808	430
8809	481
8810	466
8811	503
8812	449
8813	513
8814	437
8815	459
8816	458
8817	424
8818	441
8819	422
8820	415
8821	446
8822	447
8823	437
8824	471
8825	455
8826	406
8827	473
8828	451
8829	442
8830	431
8831	426
8832	370
8833	453
8834	480
8835	453
8836	462
8837	445
8838	428
8839	404
8840	451
8841	413
8842	436
8843	445
8844	457
8845	424
8846	414
8847	438
8848	444
8849	436
8850	390
8851	448
8852	435
8853	431
8854	406
8855	512
8856	442
8857	471
8858	443
8859	516
8860	459
8861	467
8862	440
8863	469
8864	512
8865	450
8866	419
8867	514
8868	464
8869	491
8870	490
8871	480
8872	450
8873	431
8874	447
8875	479
8876	437
8877	401
8878	451
8879	413
8880	421
8881	430
8882	477
8883	449
8884	422
8885	411
8886	418
8887	398
8888	394
8889	425
8890	441
8891	408
8892	395
8893	421
8894	415
8895	426
8896	466
8897	436
8898	414
8899	421
8900	458
8901	434
8902	377
8903	461
8904	364
8905	445
8906	427
8907	406
8908	491
8909	491
8910	437
8911	439
8912	426
8913	430
8914	472
8915	471
8916	464
8917	410
8918	422
8919	417
8920	446
8921	489
8922	416
8923	432
8924	465
8925	409
8926	442
8927	449
8928	459
8929	504
8930	417
8931	450
8932	494
8933	455
8934	437
8935	419
8936	424
8937	445
8938	399
8939	409
8940	438
8941	434
8942	444
8943	425
8944	398
8945	435
8946	388
8947	398
8948	390
8949	415
8950	384
8951	426
8952	406
8953	373
8954	384
8955	406
8956	326
8957	386
8958	426
8959	367
8960	416
8961	390
8962	366
8963	359
8964	440
8965	363
8966	387
8967	394
8968	349
8969	443
8970	379
8971	396
8972	391
8973	391
8974	409
8975	436
8976	375
8977	358
8978	364
8979	389
8980	394
8981	367
8982	396
8983	396
8984	378
8985	387
8986	358
8987	386
8988	382
8989	373
8990	420
8991	411
8992	434
8993	474
8994	372
8995	419
8996	433
8997	414
8998	328
8999	388
9000	412
9001	427
9002	451
9003	470
9004	415
9005	419
9006	384
9007	453
9008	330
9009	408
9010	479
9011	397
9012	398
9013	463
9014	422
9015	391
9016	441
9017	414
9018	404
9019	465
9020	382
9021	387
9022	434
9023	382
9024	439
9025	474
9026	391
9027	394
9028	411
9029	457
9030	411
9031	421
9032	394
9033	382
9034	418
9035	441
9036	404
9037	401
9038	389
9039	424
9040	336
9041	377
9042	472
9043	370
9044	347
9045	376
9046	385
9047	385
9048	426
9049	407
9050	383
9051	386
9052	486
9053	492
9054	410
9055	425
9056	390
9057	374
9058	369
9059	422
9060	420
9061	378
9062	413
9063	427
9064	381
9065	424
9066	437
9067	449
9068	416
9069	399
9070	381
9071	398
9072	375
9073	428
9074	423
9075	383
9076	377
9077	420
9078	392
9079	432
9080	405
9081	409
9082	360
9083	358
9084	383
9085	368
9086	375
9087	375
9088	394
9089	382
9090	372
9091	374
9092	385
9093	394
9094	379
9095	431
9096	401
9097	404
9098	376
9099	412
9100	377
9101	378
9102	405
9103	421
9104	425
9105	412
9106	435
9107	429
9108	356
9109	389
9110	374
9111	409
9112	395
9113	445
9114	417
9115	424
9116	430
9117	531
9118	444
9119	515
9120	518
9121	660
9122	592
9123	434
9124	402
9125	416
9126	437
9127	429
9128	420
9129	460
9130	412
9131	492
9132	434
9133	410
9134	424
9135	407
9136	423
9137	436
9138	395
9139	435
9140	460
9141	442
9142	411
9143	444
9144	395
9145	453
9146	442
9147	511
9148	455
9149	424
9150	377
9151	368
9152	426
9153	391
9154	416
9155	403
9156	339
9157	380
9158	396
9159	435
9160	381
9161	398
9162	406
9163	395
9164	395
9165	376
9166	337
9167	373
9168	344
9169	381
9170	348
9171	370
9172	409
9173	374
9174	386
9175	349
9176	360
9177	384
9178	426
9179	334
9180	355
9181	372
9182	364
9183	369
9184	381
9185	388
9186	385
9187	385
9188	426
9189	367
9190	411
9191	407
9192	341
9193	367
9194	394
9195	401
9196	414
9197	379
9198	350
9199	372
9200	359
9201	374
9202	397
9203	368
9204	353
9205	383
9206	404
9207	400
9208	392
9209	413
9210	417
9211	368
9212	415
9213	372
9214	381
9215	395
9216	421
9217	406
9218	331
9219	401
9220	435
9221	360
9222	363
9223	397
9224	389
9225	372
9226	396
9227	363
9228	369
9229	382
9230	329
9231	388
9232	420
9233	397
9234	379
9235	385
9236	395
9237	380
9238	420
9239	412
9240	380
9241	395
9242	359
9243	329
9244	424
9245	380
9246	436
9247	401
9248	384
9249	409
9250	396
9251	420
9252	417
9253	406
9254	428
9255	383
9256	403
9257	395
9258	397
9259	425
9260	433
9261	421
9262	373
9263	398
9264	430
9265	402
9266	448
9267	447
9268	408
9269	466
9270	460
9271	421
9272	422
9273	420
9274	414
9275	382
9276	381
9277	384
9278	425
9279	446
9280	476
9281	408
9282	424
9283	419
9284	444
9285	491
9286	398
9287	440
9288	405
9289	424
9290	396
9291	357
9292	477
9293	420
9294	475
9295	462
9296	446
9297	412
9298	451
9299	423
9300	478
9301	447
9302	424
9303	483
9304	437
9305	469
9306	449
9307	399
9308	425
9309	459
9310	399
9311	452
9312	422
9313	377
9314	424
9315	426
9316	422
9317	417
9318	381
9319	386
9320	416
9321	398
9322	395
9323	329
9324	365
9325	384
9326	369
9327	401
9328	380
9329	425
9330	372
9331	379
9332	371
9333	400
9334	343
9335	357
9336	338
9337	378
9338	338
9339	349
9340	346
9341	362
9342	325
9343	338
9344	352
9345	347
9346	361
9347	375
9348	348
9349	365
9350	403
9351	394
9352	389
9353	354
9354	316
9355	343
9356	367
9357	362
9358	390
9359	356
9360	389
9361	373
9362	324
9363	354
9364	315
9365	335
9366	392
9367	356
9368	389
9369	320
9370	335
9371	381
9372	387
9373	353
9374	368
9375	372
9376	344
9377	338
9378	340
9379	365
9380	356
9381	334
9382	358
9383	386
9384	383
9385	357
9386	388
9387	336
9388	343
9389	387
9390	355
9391	372
9392	366
9393	340
9394	407
9395	362
9396	341
9397	353
9398	338
9399	372
9400	386
9401	362
9402	337
9403	361
9404	332
9405	313
9406	323
9407	301
9408	313
9409	343
9410	383
9411	333
9412	329
9413	335
9414	339
9415	312
9416	356
9417	383
9418	320
9419	339
9420	322
9421	334
9422	372
9423	296
9424	313
9425	375
9426	368
9427	350
9428	354
9429	357
9430	406
9431	362
9432	365
9433	362
9434	375
9435	335
9436	378
9437	428
9438	368
9439	390
9440	361
9441	343
9442	355
9443	360
9444	353
9445	380
9446	405
9447	409
9448	378
9449	373
9450	354
9451	377
9452	368
9453	352
9454	453
9455	359
9456	407
9457	350
9458	394
9459	414
9460	400
9461	374
9462	404
9463	415
9464	385
9465	423
9466	400
9467	404
9468	443
9469	397
9470	381
9471	408
9472	410
9473	437
9474	395
9475	435
9476	366
9477	393
9478	432
9479	413
9480	391
9481	410
9482	417
9483	411
9484	401
9485	326
9486	353
9487	361
9488	333
9489	368
9490	347
9491	391
9492	388
9493	424
9494	351
9495	384
9496	351
9497	360
9498	394
9499	419
9500	378
9501	396
9502	392
9503	389
9504	383
9505	326
9506	344
9507	419
9508	404
9509	354
9510	361
9511	372
9512	387
9513	343
9514	370
9515	391
9516	358
9517	383
9518	348
9519	352
9520	339
9521	305
9522	372
9523	355
9524	369
9525	353
9526	333
9527	376
9528	379
9529	398
9530	404
9531	364
9532	346
9533	371
9534	392
9535	353
9536	373
9537	381
9538	359
9539	365
9540	363
9541	347
9542	428
9543	365
9544	362
9545	386
9546	356
9547	356
9548	416
9549	387
9550	347
9551	371
9552	366
9553	363
9554	400
9555	408
9556	376
9557	333
9558	390
9559	346
9560	368
9561	391
9562	388
9563	362
9564	337
9565	390
9566	386
9567	387
9568	389
9569	370
9570	430
9571	392
9572	394
9573	346
9574	327
9575	374
9576	372
9577	387
9578	404
9579	335
9580	376
9581	350
9582	432
9583	353
9584	365
9585	372
9586	398
9587	392
9588	426
9589	424
9590	418
9591	373
9592	350
9593	388
9594	394
9595	400
9596	321
9597	359
9598	404
9599	382
9600	394
9601	430
9602	388
9603	426
9604	345
9605	405
9606	375
9607	423
9608	397
9609	396
9610	371
9611	356
9612	411
9613	385
9614	384
9615	421
9616	395
9617	401
9618	366
9619	402
9620	390
9621	426
9622	399
9623	374
9624	354
9625	403
9626	401
9627	420
9628	354
9629	393
9630	407
9631	419
9632	388
9633	366
9634	398
9635	371
9636	447
9637	391
9638	432
9639	365
9640	392
9641	378
9642	399
9643	418
9644	416
9645	403
9646	377
9647	403
9648	401
9649	407
9650	445
9651	445
9652	402
9653	440
9654	428
9655	421
9656	412
9657	427
9658	425
9659	366
9660	432
9661	433
9662	393
9663	380
9664	444
9665	446
9666	409
9667	379
9668	378
9669	433
9670	420
9671	425
9672	421
9673	392
9674	376
9675	373
9676	379
9677	451
9678	426
9679	432
9680	389
9681	378
9682	383
9683	453
9684	416
9685	456
9686	390
9687	389
9688	504
9689	453
9690	494
9691	445
9692	465
9693	424
9694	434
9695	424
9696	438
9697	482
9698	479
9699	491
9700	431
9701	471
9702	423
9703	469
9704	466
9705	394
9706	449
9707	475
9708	421
9709	459
9710	425
9711	507
9712	492
9713	445
9714	479
9715	451
9716	480
9717	522
9718	457
9719	437
9720	385
9721	441
9722	444
9723	441
9724	414
9725	439
9726	436
9727	417
9728	451
9729	407
9730	420
9731	412
9732	431
9733	440
9734	469
9735	520
9736	475
9737	526
9738	453
9739	557
9740	393
9741	451
9742	441
9743	497
9744	393
9745	377
9746	431
9747	443
9748	375
9749	379
9750	436
9751	355
9752	370
9753	404
9754	365
9755	415
9756	403
9757	377
9758	349
9759	380
9760	397
9761	394
9762	378
9763	394
9764	373
9765	440
9766	351
9767	347
9768	360
9769	423
9770	362
9771	423
9772	373
9773	368
9774	357
9775	375
9776	322
9777	358
9778	408
9779	424
9780	370
9781	330
9782	410
9783	343
9784	365
9785	378
9786	387
9787	354
9788	400
9789	333
9790	391
9791	411
9792	423
9793	429
9794	436
9795	359
9796	399
9797	421
9798	391
9799	408
9800	384
9801	404
9802	349
9803	405
9804	392
9805	375
9806	415
9807	392
9808	405
9809	353
9810	360
9811	392
9812	418
9813	366
9814	457
9815	363
9816	375
9817	357
9818	402
9819	406
9820	386
9821	384
9822	421
9823	391
9824	402
9825	362
9826	396
9827	418
9828	365
9829	380
9830	367
9831	392
9832	356
9833	378
9834	418
9835	403
9836	396
9837	429
9838	397
9839	369
9840	385
9841	401
9842	390
9843	379
9844	393
9845	413
9846	424
9847	379
9848	423
9849	384
9850	422
9851	386
9852	357
9853	367
9854	382
9855	422
9856	380
9857	379
9858	372
9859	407
9860	368
9861	400
9862	369
9863	438
9864	425
9865	360
9866	443
9867	383
9868	371
9869	407
9870	348
9871	344
9872	352
9873	387
9874	385
9875	380
9876	347
9877	396
9878	333
9879	327
9880	443
9881	396
9882	347
9883	370
9884	366
9885	451
9886	351
9887	379
9888	368
9889	382
9890	411
9891	390
9892	389
9893	350
9894	446
9895	360
9896	419
9897	412
9898	378
9899	407
9900	413
9901	462
9902	386
9903	373
9904	382
9905	388
9906	368
9907	407
9908	415
9909	390
9910	369
9911	403
9912	378
9913	382
9914	358
9915	431
9916	390
9917	361
9918	347
9919	358
9920	392
9921	431
9922	387
9923	342
9924	356
9925	398
9926	398
9927	378
9928	410
9929	429
9930	396
9931	451
9932	401
9933	435
9934	446
9935	415
9936	415
9937	427
9938	421
9939	443
9940	380
9941	433
9942	435
9943	413
9944	405
9945	402
9946	439
9947	382
9948	432
9949	446
9950	384
9951	423
9952	393
9953	447
9954	435
9955	398
9956	414
9957	408
9958	414
9959	439
9960	429
9961	388
9962	439
9963	368
9964	428
9965	473
9966	384
9967	408
9968	383
9969	426
9970	466
9971	426
9972	395
9973	410
9974	391
9975	431
9976	414
9977	436
9978	386
9979	400
9980	400
9981	411
9982	390
9983	314
9984	358
9985	401
9986	333
9987	381
9988	382
9989	409
9990	408
9991	421
9992	400
9993	377
9994	342
9995	405
9996	393
9997	370
9998	387
9999	411
10000	376
10001	406
10002	478
10003	417
10004	356
10005	360
10006	400
10007	441
10008	418
10009	363
10010	400
10011	379
10012	360
10013	385
10014	428
10015	388
10016	365
10017	388
10018	318
10019	377
10020	389
10021	338
10022	375
10023	349
10024	338
10025	333
10026	341
10027	320
10028	341
10029	380
10030	314
10031	343
10032	320
10033	377
10034	351
10035	337
10036	330
10037	367
10038	334
10039	388
10040	362
10041	413
10042	388
10043	343
10044	303
10045	308
10046	357
10047	318
10048	359
10049	317
10050	369
10051	328
10052	323
10053	367
10054	317
10055	332
10056	367
10057	329
10058	384
10059	355
10060	333
10061	313
10062	350
10063	345
10064	353
10065	328
10066	368
10067	314
10068	328
10069	337
10070	304
10071	323
10072	367
10073	321
10074	344
10075	343
10076	361
10077	366
10078	374
10079	343
10080	328
10081	349
10082	342
10083	359
10084	337
10085	357
10086	349
10087	365
10088	335
10089	369
10090	364
10091	352
10092	375
10093	331
10094	344
10095	345
10096	296
10097	366
10098	357
10099	408
10100	389
10101	386
10102	366
10103	367
10104	343
10105	317
10106	390
10107	345
10108	344
10109	364
10110	335
10111	367
10112	351
10113	324
10114	328
10115	346
10116	342
10117	324
10118	360
10119	340
10120	341
10121	380
10122	365
10123	309
10124	381
10125	338
10126	303
10127	335
10128	301
10129	348
10130	328
10131	346
10132	309
10133	335
10134	304
10135	326
10136	285
10137	361
10138	370
10139	330
10140	312
10141	356
10142	344
10143	352
10144	349
10145	353
10146	381
10147	328
10148	346
10149	306
10150	387
10151	366
10152	356
10153	377
10154	312
10155	340
10156	352
10157	334
10158	321
10159	298
10160	408
10161	379
10162	379
10163	345
10164	357
10165	301
10166	364
10167	330
10168	358
10169	354
10170	367
10171	402
10172	358
10173	337
10174	391
10175	413
10176	354
10177	349
10178	380
10179	357
10180	368
10181	375
10182	327
10183	407
10184	407
10185	403
10186	391
10187	402
10188	377
10189	328
10190	360
10191	375
10192	380
10193	373
10194	338
10195	343
10196	322
10197	336
10198	399
10199	424
10200	405
10201	344
10202	399
10203	396
10204	377
10205	418
10206	393
10207	377
10208	392
10209	434
10210	457
10211	381
10212	376
10213	367
10214	386
10215	381
10216	393
10217	369
10218	361
10219	382
10220	426
10221	313
10222	367
10223	363
10224	342
10225	387
10226	320
10227	358
10228	376
10229	386
10230	370
10231	352
10232	385
10233	412
10234	379
10235	385
10236	441
10237	434
10238	385
10239	428
10240	364
10241	380
10242	397
10243	387
10244	409
10245	376
10246	448
10247	418
10248	399
10249	429
10250	343
10251	391
10252	427
10253	409
10254	373
10255	393
10256	376
10257	371
10258	417
10259	417
10260	413
10261	449
10262	410
10263	409
10264	380
10265	405
10266	420
10267	394
10268	399
10269	453
10270	403
10271	422
10272	398
10273	410
10274	421
10275	421
10276	448
10277	396
10278	396
10279	422
10280	453
10281	399
10282	457
10283	406
10284	451
10285	450
10286	404
10287	404
10288	464
10289	404
10290	418
10291	451
10292	368
10293	366
10294	417
10295	388
10296	354
10297	422
10298	369
10299	399
10300	396
10301	392
10302	356
10303	333
10304	336
10305	392
10306	357
10307	387
10308	376
10309	394
10310	381
10311	401
10312	409
10313	348
10314	374
10315	369
10316	396
10317	358
10318	378
10319	381
10320	357
10321	342
10322	342
10323	381
10324	360
10325	376
10326	397
10327	361
10328	394
10329	389
10330	347
10331	327
10332	390
10333	358
10334	318
10335	353
10336	420
10337	379
10338	378
10339	377
10340	409
10341	414
10342	363
10343	349
10344	375
10345	384
10346	345
10347	329
10348	361
10349	339
10350	319
10351	360
10352	377
10353	330
10354	344
10355	325
10356	384
10357	366
10358	369
10359	374
10360	316
10361	381
10362	387
10363	364
10364	322
10365	332
10366	355
10367	395
10368	353
10369	342
10370	337
10371	411
10372	375
10373	369
10374	347
10375	378
10376	383
10377	398
10378	363
10379	421
10380	386
10381	349
10382	358
10383	345
10384	359
10385	360
10386	354
10387	348
10388	339
10389	381
10390	367
10391	344
10392	372
10393	325
10394	413
10395	387
10396	372
10397	389
10398	376
10399	413
10400	375
10401	334
10402	398
10403	444
10404	362
10405	342
10406	386
10407	378
10408	357
10409	332
10410	374
10411	419
10412	390
10413	355
10414	427
10415	387
10416	369
10417	323
10418	359
10419	385
10420	345
10421	357
10422	293
10423	351
10424	362
10425	320
10426	348
10427	340
10428	336
10429	373
10430	336
10431	370
10432	373
10433	337
10434	349
10435	373
10436	341
10437	310
10438	382
10439	338
10440	341
10441	343
10442	343
10443	360
10444	346
10445	324
10446	336
10447	343
10448	337
10449	325
10450	328
10451	335
10452	325
10453	316
10454	280
10455	361
10456	351
10457	304
10458	336
10459	339
10460	332
10461	373
10462	364
10463	333
10464	330
10465	348
10466	374
10467	345
10468	340
10469	380
10470	306
10471	338
10472	367
10473	387
10474	322
10475	332
10476	317
10477	327
10478	300
10479	380
10480	371
10481	351
10482	316
10483	353
10484	379
10485	335
10486	306
10487	295
10488	314
10489	346
10490	396
10491	332
10492	329
10493	305
10494	327
10495	356
10496	318
10497	290
10498	319
10499	343
10500	305
10501	299
10502	356
10503	327
10504	343
10505	309
10506	365
10507	342
10508	293
10509	318
10510	345
10511	316
10512	316
10513	343
10514	321
10515	341
10516	320
10517	357
10518	353
10519	307
10520	360
10521	338
10522	345
10523	365
10524	379
10525	327
10526	344
10527	358
10528	394
10529	378
10530	376
10531	360
10532	366
10533	336
10534	288
10535	334
10536	336
10537	356
10538	342
10539	388
10540	349
10541	346
10542	368
10543	329
10544	338
10545	402
10546	336
10547	372
10548	362
10549	345
10550	361
10551	334
10552	356
10553	402
10554	340
10555	382
10556	359
10557	379
10558	371
10559	358
10560	340
10561	361
10562	377
10563	388
10564	398
10565	388
10566	409
10567	361
10568	392
10569	381
10570	350
10571	359
10572	401
10573	384
10574	339
10575	380
10576	324
10577	359
10578	415
10579	301
10580	301
10581	339
10582	399
10583	344
10584	336
10585	335
10586	338
10587	345
10588	331
10589	397
10590	389
10591	382
10592	358
10593	346
10594	393
10595	385
10596	303
10597	378
10598	328
10599	335
10600	325
10601	363
10602	374
10603	338
10604	393
10605	370
10606	398
10607	368
10608	351
10609	361
10610	296
10611	358
10612	349
10613	315
10614	338
10615	304
10616	409
10617	350
10618	295
10619	362
10620	366
10621	365
10622	311
10623	312
10624	348
10625	341
10626	349
10627	350
10628	372
10629	382
10630	320
10631	355
10632	330
10633	319
10634	318
10635	343
10636	286
10637	331
10638	308
10639	292
10640	313
10641	293
10642	334
10643	325
10644	306
10645	317
10646	315
10647	348
10648	273
10649	288
10650	289
10651	333
10652	329
10653	308
10654	308
10655	333
10656	345
10657	394
10658	328
10659	345
10660	309
10661	313
10662	296
10663	318
10664	349
10665	336
10666	340
10667	340
10668	386
10669	330
10670	311
10671	347
10672	304
10673	370
10674	288
10675	331
10676	335
10677	319
10678	324
10679	336
10680	352
10681	312
10682	335
10683	334
10684	340
10685	318
10686	316
10687	343
10688	316
10689	328
10690	323
10691	335
10692	349
10693	385
10694	342
10695	336
10696	307
10697	300
10698	302
10699	310
10700	293
10701	349
10702	317
10703	315
10704	282
10705	281
10706	297
10707	281
10708	307
10709	313
10710	314
10711	344
10712	322
10713	330
10714	298
10715	323
10716	347
10717	362
10718	389
10719	334
10720	304
10721	309
10722	287
10723	260
10724	267
10725	297
10726	316
10727	342
10728	333
10729	316
10730	302
10731	307
10732	267
10733	293
10734	324
10735	286
10736	323
10737	354
10738	268
10739	279
10740	284
10741	312
10742	296
10743	325
10744	297
10745	359
10746	297
10747	314
10748	308
10749	271
10750	278
10751	291
10752	305
10753	317
10754	289
10755	330
10756	253
10757	267
10758	295
10759	312
10760	269
10761	289
10762	282
10763	267
10764	316
10765	247
10766	320
10767	276
10768	263
10769	331
10770	295
10771	323
10772	290
10773	298
10774	279
10775	303
10776	293
10777	299
10778	341
10779	323
10780	305
10781	299
10782	270
10783	268
10784	281
10785	312
10786	321
10787	290
10788	302
10789	312
10790	315
10791	313
10792	335
10793	348
10794	304
10795	329
10796	259
10797	324
10798	316
10799	279
10800	284
10801	303
10802	303
10803	319
10804	296
10805	282
10806	299
10807	307
10808	347
10809	302
10810	336
10811	335
10812	352
10813	321
10814	334
10815	295
10816	314
10817	318
10818	318
10819	321
10820	351
10821	362
10822	318
10823	337
10824	310
10825	367
10826	296
10827	325
10828	345
10829	322
10830	296
10831	325
10832	334
10833	345
10834	385
10835	359
10836	368
10837	367
10838	386
10839	347
10840	367
10841	348
10842	300
10843	363
10844	334
10845	347
10846	351
10847	351
10848	339
10849	334
10850	327
10851	377
10852	378
10853	364
10854	317
10855	374
10856	376
10857	333
10858	326
10859	324
10860	354
10861	328
10862	347
10863	375
10864	403
10865	391
10866	402
10867	361
10868	340
10869	319
10870	547
10871	529
10872	384
10873	338
10874	375
10875	350
10876	363
10877	353
10878	369
10879	354
10880	352
10881	335
10882	344
10883	316
10884	339
10885	336
10886	358
10887	305
10888	321
10889	332
10890	338
10891	315
10892	349
10893	336
10894	332
10895	383
10896	322
10897	334
10898	306
10899	344
10900	305
10901	339
10902	354
10903	339
10904	306
10905	359
10906	327
10907	323
10908	347
10909	290
10910	378
10911	342
10912	514
10913	384
10914	328
10915	766
10916	411
10917	431
10918	321
10919	419
10920	413
10921	382
10922	348
10923	273
10924	373
10925	296
10926	312
10927	324
10928	277
10929	274
10930	287
10931	308
10932	279
10933	279
10934	290
10935	304
10936	255
10937	311
10938	302
10939	287
10940	266
10941	301
10942	326
10943	327
10944	303
10945	302
10946	289
10947	272
10948	314
10949	311
10950	264
10951	345
10952	340
10953	266
10954	258
10955	264
10956	290
10957	280
10958	286
10959	283
10960	278
10961	256
10962	269
10963	245
10964	285
10965	289
10966	284
10967	305
10968	291
10969	299
10970	308
10971	308
10972	331
10973	292
10974	267
10975	271
10976	295
10977	306
10978	305
10979	253
10980	288
10981	275
10982	259
10983	298
10984	261
10985	302
10986	290
10987	260
10988	298
10989	268
10990	264
10991	290
10992	276
10993	295
10994	255
10995	292
10996	310
10997	264
10998	251
10999	292
11000	275
11001	312
11002	279
11003	257
11004	276
11005	332
11006	273
11007	283
11008	258
11009	255
11010	287
11011	262
11012	318
11013	301
11014	306
11015	238
11016	340
11017	260
11018	288
11019	258
11020	284
11021	303
11022	258
11023	302
11024	265
11025	303
11026	288
11027	282
11028	284
11029	313
11030	291
11031	274
11032	310
11033	306
11034	299
11035	287
11036	251
11037	287
11038	308
11039	291
11040	259
11041	276
11042	285
11043	290
11044	282
11045	260
11046	301
11047	331
11048	335
11049	274
11050	345
11051	279
11052	276
11053	285
11054	285
11055	330
11056	255
11057	248
11058	300
11059	308
11060	302
11061	301
11062	277
11063	336
11064	290
11065	257
11066	275
11067	280
11068	276
11069	259
11070	286
11071	317
11072	244
11073	324
11074	243
11075	329
11076	279
11077	315
11078	284
11079	266
11080	319
11081	313
11082	282
11083	288
11084	284
11085	327
11086	354
11087	298
11088	351
11089	366
11090	314
11091	342
11092	330
11093	346
11094	323
11095	326
11096	326
11097	367
11098	360
11099	382
11100	331
11101	404
11102	349
11103	355
11104	385
11105	343
11106	327
11107	319
11108	365
11109	367
11110	387
11111	327
11112	340
11113	331
11114	354
11115	438
11116	358
11117	433
11118	404
11119	409
11120	390
11121	410
11122	370
11123	357
11124	378
11125	409
11126	344
11127	366
11128	397
11129	436
11130	543
11131	416
11132	440
11133	412
11134	430
11135	429
11136	381
11137	396
11138	327
11139	326
11140	343
11141	332
11142	269
11143	265
11144	275
11145	288
11146	319
11147	321
11148	305
11149	282
11150	299
11151	299
11152	274
11153	314
11154	307
11155	272
11156	289
11157	319
11158	282
11159	272
11160	268
11161	321
11162	367
11163	272
11164	306
11165	299
11166	274
11167	288
11168	250
11169	297
11170	264
11171	304
11172	291
11173	268
11174	305
11175	295
11176	276
11177	272
11178	262
11179	327
11180	279
11181	300
11182	263
11183	300
11184	290
11185	253
11186	321
11187	313
11188	313
11189	274
11190	288
11191	293
11192	275
11193	295
11194	272
11195	290
11196	321
11197	284
11198	281
11199	284
11200	317
11201	290
11202	343
11203	300
11204	303
11205	278
11206	272
11207	295
11208	259
11209	277
11210	280
11211	251
11212	262
11213	261
11214	275
11215	250
11216	273
11217	305
11218	250
11219	288
11220	296
11221	291
11222	317
11223	267
11224	264
11225	276
11226	273
11227	269
11228	239
11229	280
11230	220
11231	269
11232	246
11233	250
11234	283
11235	261
11236	297
11237	290
11238	281
11239	263
11240	237
11241	295
11242	267
11243	292
11244	262
11245	262
11246	294
11247	246
11248	269
11249	236
11250	202
11251	234
11252	246
11253	236
11254	235
11255	231
11256	251
11257	257
11258	272
11259	246
11260	263
11261	263
11262	260
11263	307
11264	251
11265	283
11266	273
11267	280
11268	204
11269	297
11270	250
11271	256
11272	265
11273	314
11274	276
11275	256
11276	247
11277	265
11278	269
11279	245
11280	284
11281	288
11282	259
11283	288
11284	279
11285	295
11286	273
11287	258
11288	246
11289	266
11290	281
11291	326
11292	288
11293	255
11294	293
11295	269
11296	305
11297	254
11298	271
11299	263
11300	303
11301	252
11302	275
11303	277
11304	289
11305	276
11306	266
11307	315
11308	259
11309	235
11310	310
11311	262
11312	286
11313	254
11314	295
11315	294
11316	272
11317	270
11318	286
11319	297
11320	266
11321	286
11322	310
11323	281
11324	282
11325	278
11326	283
11327	346
11328	314
11329	275
11330	282
11331	294
11332	303
11333	313
11334	290
11335	279
11336	271
11337	314
11338	305
11339	292
11340	313
11341	274
11342	266
11343	324
11344	327
11345	303
11346	277
11347	302
11348	277
11349	289
11350	283
11351	313
11352	321
11353	285
11354	252
11355	256
11356	290
11357	288
11358	288
11359	272
11360	323
11361	257
11362	301
11363	311
11364	280
11365	272
11366	300
11367	293
11368	323
11369	268
11370	277
11371	285
11372	276
11373	269
11374	258
11375	313
11376	310
11377	288
11378	313
11379	294
11380	310
11381	305
11382	319
11383	302
11384	327
11385	291
11386	316
11387	326
11388	317
11389	272
11390	307
11391	299
11392	292
11393	280
11394	270
11395	285
11396	275
11397	305
11398	277
11399	297
11400	349
11401	297
11402	292
11403	277
11404	302
11405	292
11406	282
11407	317
11408	301
11409	307
11410	282
11411	292
11412	291
11413	306
11414	303
11415	310
11416	286
11417	249
11418	301
11419	261
11420	323
11421	272
11422	303
11423	301
11424	306
11425	298
11426	298
11427	310
11428	274
11429	296
11430	257
11431	268
11432	298
11433	279
11434	294
11435	257
11436	279
11437	257
11438	283
11439	259
11440	285
11441	266
11442	320
11443	262
11444	277
11445	271
11446	300
11447	282
11448	253
11449	283
11450	256
11451	262
11452	276
11453	289
11454	276
11455	320
11456	302
11457	333
11458	296
11459	262
11460	257
11461	269
11462	278
11463	273
11464	303
11465	276
11466	265
11467	319
11468	283
11469	245
11470	243
11471	261
11472	272
11473	280
11474	260
11475	259
11476	272
11477	287
11478	249
11479	251
11480	292
11481	283
11482	296
11483	313
11484	248
11485	299
11486	299
11487	292
11488	266
11489	345
11490	266
11491	338
11492	283
11493	310
11494	241
11495	296
11496	310
11497	265
11498	255
11499	272
11500	262
11501	265
11502	300
11503	274
11504	255
11505	262
11506	295
11507	247
11508	233
11509	294
11510	293
11511	247
11512	266
11513	266
11514	280
11515	277
11516	252
11517	228
11518	232
11519	243
11520	231
11521	221
11522	237
11523	233
11524	239
11525	253
11526	240
11527	270
11528	252
11529	299
11530	193
11531	226
11532	237
11533	250
11534	267
11535	250
11536	231
11537	229
11538	227
11539	240
11540	210
11541	235
11542	222
11543	190
11544	208
11545	210
11546	262
11547	249
11548	237
11549	220
11550	209
11551	194
11552	238
11553	268
11554	231
11555	226
11556	215
11557	185
11558	203
11559	219
11560	250
11561	259
11562	197
11563	207
11564	236
11565	238
11566	219
11567	219
11568	238
11569	223
11570	247
11571	234
11572	197
11573	220
11574	245
11575	240
11576	154
11577	221
11578	243
11579	198
11580	230
11581	218
11582	229
11583	188
11584	218
11585	221
11586	225
11587	219
11588	213
11589	235
11590	230
11591	225
11592	244
11593	246
11594	220
11595	188
11596	231
11597	195
11598	261
11599	217
11600	245
11601	244
11602	213
11603	267
11604	216
11605	255
11606	222
11607	210
11608	234
11609	249
11610	236
11611	217
11612	242
11613	261
11614	235
11615	227
11616	254
11617	251
11618	303
11619	255
11620	286
11621	270
11622	251
11623	273
11624	254
11625	431
11626	313
11627	270
11628	254
11629	250
11630	239
11631	241
11632	241
11633	236
11634	303
11635	321
11636	418
11637	268
11638	266
11639	427
11640	296
11641	280
11642	284
11643	304
11644	295
11645	260
11646	319
11647	230
11648	313
11649	250
11650	328
11651	258
11652	280
11653	337
11654	310
11655	260
11656	254
11657	341
11658	482
11659	350
11660	264
11661	273
11662	263
11663	232
11664	267
11665	249
11666	287
11667	245
11668	336
11669	230
11670	241
11671	263
11672	245
11673	290
11674	273
11675	286
11676	248
11677	253
11678	226
11679	283
11680	283
11681	290
11682	277
11683	276
11684	257
11685	242
11686	233
11687	190
11688	236
11689	261
11690	260
11691	238
11692	294
11693	261
11694	274
11695	252
11696	301
11697	305
11698	299
11699	257
11700	247
11701	279
11702	252
11703	355
11704	331
11705	336
11706	269
11707	336
11708	364
11709	351
11710	302
11711	247
11712	290
11713	239
11714	324
11715	275
11716	264
11717	296
11718	319
11719	212
11720	298
11721	236
11722	251
11723	254
11724	233
11725	263
11726	267
11727	253
11728	284
11729	249
11730	312
11731	263
11732	287
11733	270
11734	284
11735	257
11736	239
11737	308
11738	303
11739	275
11740	266
11741	264
11742	245
11743	245
11744	276
11745	232
11746	279
11747	235
11748	289
11749	304
11750	235
11751	242
11752	236
11753	270
11754	290
11755	282
11756	270
11757	285
11758	246
11759	255
11760	270
11761	274
11762	261
11763	287
11764	326
11765	273
11766	274
11767	300
11768	289
11769	289
11770	276
11771	294
11772	312
11773	358
11774	317
11775	318
11776	301
11777	337
11778	298
11779	283
11780	292
11781	295
11782	284
11783	296
11784	291
11785	318
11786	260
11787	307
11788	272
11789	255
11790	314
11791	290
11792	257
11793	222
11794	292
11795	294
11796	275
11797	260
11798	271
11799	323
11800	273
11801	240
11802	240
11803	250
11804	267
11805	295
11806	235
11807	310
11808	290
11809	285
11810	286
11811	256
11812	320
11813	285
11814	313
11815	259
11816	297
11817	277
11818	304
11819	246
11820	271
11821	244
11822	246
11823	275
11824	271
11825	238
11826	260
11827	279
11828	287
11829	308
11830	284
11831	245
11832	318
11833	281
11834	298
11835	292
11836	312
11837	289
11838	269
11839	291
11840	295
11841	245
11842	260
11843	254
11844	229
11845	252
11846	260
11847	295
11848	277
11849	231
11850	257
11851	272
11852	301
11853	313
11854	256
11855	275
11856	260
11857	278
11858	275
11859	310
11860	274
11861	276
11862	275
11863	292
11864	265
11865	279
11866	257
11867	264
11868	295
11869	285
11870	264
11871	254
11872	270
11873	266
11874	312
11875	290
11876	275
11877	274
11878	299
11879	257
11880	284
11881	246
11882	280
11883	261
11884	307
11885	230
11886	241
11887	283
11888	272
11889	306
11890	279
11891	269
11892	264
11893	278
11894	236
11895	285
11896	246
11897	264
11898	265
11899	305
11900	275
11901	241
11902	242
11903	231
11904	264
11905	292
11906	288
11907	228
11908	248
11909	285
11910	270
11911	292
11912	289
11913	262
11914	230
11915	265
11916	246
11917	313
11918	310
11919	302
11920	291
11921	257
11922	252
11923	306
11924	237
11925	283
11926	307
11927	261
11928	343
11929	263
11930	279
11931	280
11932	220
11933	324
11934	278
11935	260
11936	278
11937	316
11938	337
11939	305
11940	272
11941	282
11942	251
11943	357
11944	310
11945	306
11946	319
11947	301
11948	337
11949	312
11950	323
11951	355
11952	294
11953	253
11954	292
11955	302
11956	343
11957	269
11958	300
11959	244
11960	238
11961	277
11962	241
11963	280
11964	280
11965	290
11966	325
11967	257
11968	268
11969	262
11970	263
11971	280
11972	234
11973	289
11974	257
11975	279
11976	238
11977	241
11978	244
11979	253
11980	222
11981	284
11982	242
11983	231
11984	251
11985	276
11986	265
11987	277
11988	265
11989	228
11990	246
11991	225
11992	226
11993	250
11994	228
11995	262
11996	269
11997	233
11998	237
11999	254
12000	270
12001	271
12002	239
12003	270
12004	246
12005	246
12006	235
12007	248
12008	215
12009	214
12010	221
12011	237
12012	235
12013	271
12014	217
12015	272
12016	202
12017	252
12018	239
12019	249
12020	279
12021	226
12022	295
12023	255
12024	272
12025	249
12026	253
12027	228
12028	297
12029	279
12030	295
12031	242
12032	235
12033	210
12034	273
12035	270
12036	275
12037	256
12038	271
12039	272
12040	284
12041	301
12042	273
12043	268
12044	321
12045	243
12046	281
12047	266
12048	242
12049	281
12050	259
12051	245
12052	276
12053	240
12054	217
12055	210
12056	220
12057	270
12058	252
12059	282
12060	250
12061	279
12062	216
12063	239
12064	251
12065	263
12066	265
12067	290
12068	275
12069	289
12070	254
12071	233
12072	254
12073	254
12074	210
12075	211
12076	249
12077	210
12078	220
12079	238
12080	241
12081	221
12082	246
12083	233
12084	240
12085	208
12086	238
12087	232
12088	237
12089	227
12090	230
12091	268
12092	290
12093	237
12094	253
12095	276
12096	223
12097	291
12098	247
12099	271
12100	234
12101	213
12102	297
12103	283
12104	249
12105	275
12106	248
12107	256
12108	260
12109	283
12110	301
12111	250
12112	225
12113	208
12114	257
12115	274
12116	266
12117	245
12118	220
12119	264
12120	232
12121	251
12122	231
12123	220
12124	233
12125	248
12126	265
12127	237
12128	229
12129	212
12130	227
12131	237
12132	229
12133	274
12134	241
12135	224
12136	258
12137	243
12138	241
12139	250
12140	219
12141	215
12142	201
12143	235
12144	223
12145	247
12146	251
12147	227
12148	248
12149	242
12150	217
12151	251
12152	233
12153	223
12154	215
12155	205
12156	210
12157	234
12158	241
12159	253
12160	266
12161	248
12162	252
12163	261
12164	244
12165	240
12166	231
12167	282
12168	276
12169	262
12170	272
12171	243
12172	233
12173	285
12174	257
12175	265
12176	258
12177	299
12178	249
12179	265
12180	271
12181	292
12182	298
12183	271
12184	269
12185	255
12186	309
12187	241
12188	278
12189	290
12190	287
12191	242
12192	273
12193	261
12194	185
12195	276
12196	227
12197	334
12198	299
12199	204
12200	266
12201	223
12202	290
12203	274
12204	274
12205	256
12206	274
12207	224
12208	270
12209	218
12210	285
12211	229
12212	262
12213	282
12214	251
12215	269
12216	319
12217	258
12218	276
12219	253
12220	280
12221	284
12222	277
12223	317
12224	288
12225	251
12226	242
12227	243
12228	244
12229	240
12230	226
12231	239
12232	248
12233	255
12234	204
12235	279
12236	224
12237	260
12238	223
12239	223
12240	241
12241	236
12242	224
12243	252
12244	305
12245	264
12246	250
12247	234
12248	239
12249	251
12250	242
12251	282
12252	249
12253	299
12254	263
12255	300
12256	271
12257	308
12258	268
12259	251
12260	271
12261	345
12262	321
12263	270
12264	257
12265	296
12266	276
12267	290
12268	264
12269	280
12270	373
12271	288
12272	296
12273	300
12274	273
12275	302
12276	315
12277	334
12278	323
12279	333
12280	327
12281	287
12282	302
12283	310
12284	301
12285	329
12286	335
12287	266
12288	359
12289	320
12290	308
12291	341
12292	343
12293	310
12294	338
12295	349
12296	315
12297	351
12298	411
12299	327
12300	321
12301	331
12302	350
12303	331
12304	285
12305	343
12306	361
12307	307
12308	399
12309	477
12310	322
12311	348
12312	350
12313	373
12314	296
12315	414
12316	394
12317	341
12318	351
12319	358
12320	411
12321	426
12322	384
12323	343
12324	362
12325	328
12326	387
12327	396
12328	331
12329	398
12330	342
12331	385
12332	340
12333	411
12334	383
12335	356
12336	401
12337	460
12338	424
12339	398
12340	464
12341	419
12342	388
12343	348
12344	421
12345	327
12346	391
12347	561
12348	435
12349	479
12350	439
12351	448
12352	513
12353	469
12354	476
12355	398
12356	412
12357	509
12358	579
12359	475
12360	418
12361	354
12362	386
12363	503
12364	398
12365	429
12366	602
12367	716
12368	571
12369	444
12370	580
12371	470
12372	511
12373	421
12374	403
12375	463
12376	618
12377	379
12378	434
12379	454
12380	434
12381	584
12382	367
12383	380
12384	374
12385	355
12386	438
12387	535
12388	375
12389	346
12390	398
12391	349
12392	406
12393	339
12394	444
12395	363
12396	349
12397	415
12398	352
12399	422
12400	367
12401	356
12402	434
12403	423
12404	473
12405	442
12406	394
12407	306
12408	387
12409	332
12410	358
12411	382
12412	410
12413	373
12414	417
12415	442
12416	360
12417	368
12418	346
12419	373
12420	307
12421	381
12422	285
12423	341
12424	383
12425	317
12426	352
12427	310
12428	307
12429	466
12430	328
12431	382
12432	439
12433	409
12434	370
12435	323
12436	387
12437	366
12438	453
12439	306
12440	300
12441	428
12442	308
12443	447
12444	352
12445	335
12446	310
12447	319
12448	306
12449	396
12450	386
12451	320
12452	301
12453	327
12454	401
12455	271
12456	344
12457	342
12458	268
12459	288
12460	312
12461	325
12462	352
12463	359
12464	315
12465	268
12466	318
12467	304
12468	277
12469	379
12470	317
12471	289
12472	291
12473	338
12474	340
12475	301
12476	281
12477	271
12478	294
12479	262
12480	287
12481	299
12482	300
12483	342
12484	296
12485	318
12486	317
12487	336
12488	328
12489	322
12490	343
12491	356
12492	307
12493	287
12494	280
12495	386
12496	294
12497	256
12498	326
12499	334
12500	283
12501	305
12502	303
12503	310
12504	256
12505	304
12506	297
12507	256
12508	322
12509	264
12510	261
12511	257
12512	305
12513	355
12514	300
12515	320
12516	344
12517	295
12518	267
12519	259
12520	270
12521	345
12522	303
12523	344
12524	285
12525	350
12526	274
12527	323
12528	298
12529	236
12530	273
12531	341
12532	263
12533	347
12534	285
12535	276
12536	306
12537	274
12538	271
12539	273
12540	284
12541	258
12542	319
12543	257
12544	272
12545	266
12546	222
12547	254
12548	228
12549	257
12550	280
12551	301
12552	323
12553	269
12554	325
12555	254
12556	278
12557	248
12558	274
12559	238
12560	280
12561	283
12562	260
12563	233
12564	257
12565	291
12566	265
12567	277
12568	253
12569	265
12570	279
12571	223
12572	241
12573	277
12574	260
12575	284
12576	266
12577	227
12578	264
12579	210
12580	272
12581	343
12582	265
12583	268
12584	266
12585	239
12586	264
12587	260
12588	249
12589	266
12590	270
12591	253
12592	234
12593	274
12594	251
12595	313
12596	243
12597	259
12598	256
12599	252
12600	283
12601	270
12602	248
12603	252
12604	244
12605	228
12606	289
12607	270
12608	267
12609	231
12610	291
12611	296
12612	259
12613	198
12614	210
12615	254
12616	236
12617	292
12618	248
12619	270
12620	284
12621	264
12622	246
12623	270
12624	226
12625	238
12626	241
12627	238
12628	296
12629	241
12630	201
12631	220
12632	257
12633	255
12634	230
12635	251
12636	276
12637	242
12638	234
12639	240
12640	268
12641	226
12642	251
12643	258
12644	208
12645	250
12646	243
12647	251
12648	203
12649	238
12650	266
12651	281
12652	255
12653	197
12654	231
12655	270
12656	211
12657	235
12658	214
12659	239
12660	218
12661	222
12662	243
12663	216
12664	204
12665	237
12666	228
12667	229
12668	201
12669	254
12670	221
12671	206
12672	198
12673	255
12674	249
12675	217
12676	237
12677	263
12678	228
12679	223
12680	259
12681	270
12682	258
12683	244
12684	213
12685	246
12686	246
12687	205
12688	248
12689	265
12690	228
12691	275
12692	283
12693	251
12694	193
12695	228
12696	229
12697	277
12698	243
12699	214
12700	250
12701	245
12702	255
12703	265
12704	249
12705	257
12706	244
12707	245
12708	245
12709	239
12710	236
12711	263
12712	200
12713	189
12714	188
12715	218
12716	253
12717	241
12718	287
12719	242
12720	221
12721	222
12722	255
12723	244
12724	278
12725	225
12726	235
12727	251
12728	234
12729	241
12730	227
12731	245
12732	275
12733	208
12734	251
12735	243
12736	255
12737	233
12738	233
12739	229
12740	278
12741	244
12742	241
12743	253
12744	256
12745	255
12746	236
12747	246
12748	278
12749	250
12750	274
12751	275
12752	213
12753	241
12754	249
12755	229
12756	234
12757	241
12758	244
12759	265
12760	314
12761	264
12762	293
12763	273
12764	357
12765	295
12766	284
12767	272
12768	273
12769	291
12770	276
12771	326
12772	303
12773	286
12774	291
12775	310
12776	255
12777	294
12778	259
12779	313
12780	308
12781	357
12782	330
12783	293
12784	337
12785	233
12786	278
12787	322
12788	265
12789	245
12790	269
12791	297
12792	297
12793	218
12794	267
12795	292
12796	264
12797	242
12798	252
12799	259
12800	234
12801	222
12802	264
12803	233
12804	267
12805	221
12806	251
12807	259
12808	219
12809	230
12810	215
12811	254
12812	213
12813	211
12814	234
12815	217
12816	229
12817	228
12818	229
12819	238
12820	232
12821	223
12822	248
12823	238
12824	209
12825	297
12826	243
12827	260
12828	212
12829	232
12830	251
12831	290
12832	276
12833	311
12834	252
12835	280
12836	255
12837	240
12838	284
12839	252
12840	308
12841	266
12842	242
12843	244
12844	252
12845	223
12846	273
12847	244
12848	296
12849	221
12850	268
12851	238
12852	215
12853	233
12854	265
12855	258
12856	239
12857	226
12858	212
12859	204
12860	257
12861	223
12862	259
12863	250
12864	245
12865	248
12866	284
12867	254
12868	275
12869	220
12870	253
12871	286
12872	251
12873	279
12874	259
12875	266
12876	255
12877	297
12878	283
12879	267
12880	255
12881	270
12882	278
12883	251
12884	281
12885	319
12886	244
12887	299
12888	310
12889	255
12890	307
12891	252
12892	306
12893	280
12894	275
12895	271
12896	256
12897	343
12898	307
12899	303
12900	386
12901	304
12902	326
12903	320
12904	258
12905	367
12906	230
12907	260
12908	258
12909	254
12910	240
12911	260
12912	241
12913	296
12914	205
12915	260
12916	227
12917	268
12918	267
12919	238
12920	229
12921	258
12922	253
12923	222
12924	225
12925	239
12926	221
12927	227
12928	255
12929	192
12930	214
12931	247
12932	265
12933	217
12934	214
12935	240
12936	260
12937	212
12938	232
12939	245
12940	222
12941	232
12942	288
12943	242
12944	258
12945	247
12946	294
12947	318
12948	261
12949	266
12950	241
12951	265
12952	256
12953	235
12954	255
12955	263
12956	281
12957	271
12958	246
12959	220
12960	194
12961	281
12962	284
12963	247
12964	269
12965	241
12966	243
12967	254
12968	235
12969	213
12970	253
12971	227
12972	203
12973	226
12974	272
12975	246
12976	262
12977	315
12978	281
12979	261
12980	280
12981	193
12982	250
12983	287
12984	243
12985	274
12986	275
12987	255
12988	267
12989	313
12990	249
12991	251
12992	299
12993	305
12994	255
12995	260
12996	363
12997	290
12998	383
12999	297
13000	307
13001	337
13002	331
13003	302
13004	349
13005	262
13006	249
13007	273
13008	326
13009	281
13010	272
13011	278
13012	295
13013	261
13014	240
13015	324
13016	249
13017	279
13018	260
13019	259
13020	246
13021	207
13022	265
13023	243
13024	208
13025	262
13026	258
13027	220
13028	251
13029	271
13030	282
13031	248
13032	234
13033	234
13034	248
13035	265
13036	271
13037	251
13038	240
13039	269
13040	203
13041	243
13042	242
13043	247
13044	267
13045	214
13046	291
13047	257
13048	290
13049	240
13050	211
13051	260
13052	250
13053	307
13054	273
13055	243
13056	239
13057	274
13058	241
13059	267
13060	251
13061	225
13062	242
13063	244
13064	248

