## htsjdk.samtools.metrics.StringHeader
# CollectInsertSizeMetrics HISTOGRAM_FILE=/work/ugbogu/pipeline/data/nbl/GSE189367/results/picard/SRR17010991_insert_size_histogram.pdf MINIMUM_PCT=0.5 INPUT=/work/ugbogu/pipeline/data/nbl/GSE189367/results/star/SRR17010991.Aligned.sortedByCoord.out.bam OUTPUT=/work/ugbogu/pipeline/data/nbl/GSE189367/results/picard/SRR17010991_insert_size_metrics.txt    DEVIATIONS=10.0 METRIC_ACCUMULATION_LEVEL=[ALL_READS] INCLUDE_DUPLICATES=false ASSUME_SORTED=true STOP_AFTER=0 VERBOSITY=INFO QUIET=false VALIDATION_STRINGENCY=STRICT COMPRESSION_LEVEL=5 MAX_RECORDS_IN_RAM=500000 CREATE_INDEX=false CREATE_MD5_FILE=false USE_JDK_DEFLATER=false USE_JDK_INFLATER=false
## htsjdk.samtools.metrics.StringHeader
# Started on: Wed Apr 15 09:43:18 UTC 2026

## METRICS CLASS	picard.analysis.InsertSizeMetrics
MEDIAN_INSERT_SIZE	MODE_INSERT_SIZE	MEDIAN_ABSOLUTE_DEVIATION	MIN_INSERT_SIZE	MAX_INSERT_SIZE	MEAN_INSERT_SIZE	STANDARD_DEVIATION	READ_PAIRS	PAIR_ORIENTATION	WIDTH_OF_10_PERCENT	WIDTH_OF_20_PERCENT	WIDTH_OF_30_PERCENT	WIDTH_OF_40_PERCENT	WIDTH_OF_50_PERCENT	WIDTH_OF_60_PERCENT	WIDTH_OF_70_PERCENT	WIDTH_OF_80_PERCENT	WIDTH_OF_90_PERCENT	WIDTH_OF_95_PERCENT	WIDTH_OF_99_PERCENT	SAMPLE	LIBRARY	READ_GROUP
1377	77800	1198	24	3120076	2188.38638	2862.049164	29008191	FR	829	1597	2059	2265	2397	2527	5335	12803	43985	152841	177227			

## HISTOGRAM	java.lang.Integer
insert_size	All_Reads.fr_count
24	7
25	6
26	11
27	16
28	31
29	23
30	36
31	30
32	53
33	60
34	103
35	840
36	890
37	973
38	1053
39	999
40	1029
41	1082
42	1058
43	1183
44	1043
45	1112
46	1107
47	1140
48	1258
49	1177
50	1156
51	1264
52	1198
53	1296
54	1107
55	1405
56	1268
57	1372
58	1378
59	1444
60	1406
61	1507
62	1626
63	1522
64	1450
65	1542
66	1839
67	2095
68	2444
69	2399
70	2512
71	3032
72	2482
73	3415
74	3458
75	12159
76	5166
77	4205
78	6420
79	4796
80	4250
81	4770
82	3811
83	4718
84	4375
85	3918
86	3761
87	3980
88	4182
89	4636
90	5939
91	6053
92	6787
93	7120
94	8350
95	8819
96	9117
97	10775
98	11356
99	13327
100	13684
101	14227
102	14660
103	16454
104	22441
105	27571
106	24938
107	22689
108	22381
109	23573
110	24461
111	23924
112	25229
113	28023
114	28417
115	28492
116	29426
117	30645
118	29934
119	29521
120	31623
121	33080
122	33721
123	33875
124	35501
125	36555
126	36367
127	37100
128	36713
129	37527
130	39599
131	39736
132	39907
133	40872
134	41638
135	42483
136	46840
137	44480
138	43147
139	44164
140	44546
141	47062
142	45803
143	46987
144	45030
145	43721
146	45352
147	49969
148	44879
149	49052
150	44219
151	49573
152	47710
153	49896
154	45905
155	46725
156	46834
157	46823
158	44891
159	44067
160	43713
161	44952
162	45482
163	46446
164	44680
165	43819
166	44565
167	45731
168	49164
169	49798
170	58936
171	49465
172	47946
173	48378
174	45418
175	46280
176	45770
177	44760
178	46504
179	50491
180	49489
181	49652
182	49373
183	48327
184	44980
185	43864
186	43860
187	45363
188	46635
189	43437
190	45021
191	42918
192	44275
193	43632
194	42422
195	42883
196	42185
197	41494
198	42751
199	40678
200	42198
201	43597
202	42615
203	42752
204	40786
205	43217
206	40152
207	40060
208	40590
209	39274
210	39150
211	39507
212	40819
213	38752
214	37723
215	37773
216	37937
217	37584
218	36791
219	37807
220	38275
221	39902
222	39136
223	40068
224	39169
225	38638
226	40888
227	43173
228	39401
229	42968
230	47510
231	42912
232	44002
233	49459
234	43171
235	38711
236	42702
237	37870
238	37239
239	36420
240	36578
241	37212
242	35491
243	36332
244	34530
245	33887
246	33538
247	33076
248	34275
249	33092
250	33192
251	33156
252	32539
253	32384
254	31916
255	31798
256	32631
257	31243
258	30946
259	30491
260	30763
261	30463
262	31736
263	31393
264	30659
265	30108
266	29738
267	29373
268	29447
269	29425
270	29478
271	28924
272	28646
273	28779
274	28887
275	29703
276	28765
277	28719
278	28682
279	27609
280	28276
281	28156
282	27914
283	28197
284	27732
285	27399
286	28059
287	27008
288	26967
289	27193
290	26214
291	25696
292	26423
293	26520
294	26002
295	25574
296	26183
297	25378
298	25848
299	25496
300	25071
301	25100
302	25411
303	25905
304	25093
305	25104
306	24305
307	25055
308	25244
309	24726
310	24348
311	23463
312	23675
313	23462
314	23505
315	23478
316	22876
317	23598
318	23256
319	22720
320	22618
321	22873
322	22342
323	22368
324	22429
325	22282
326	21889
327	20900
328	21252
329	21778
330	21106
331	21342
332	21051
333	20943
334	20560
335	20805
336	21271
337	20701
338	20332
339	20285
340	20123
341	19671
342	19894
343	18699
344	19271
345	19022
346	19380
347	19621
348	19006
349	18637
350	18832
351	18533
352	18759
353	18659
354	18449
355	18303
356	18145
357	18086
358	18579
359	17995
360	18039
361	17409
362	17712
363	17170
364	17295
365	17057
366	17622
367	17157
368	17460
369	17257
370	16845
371	17109
372	16365
373	16626
374	16557
375	16006
376	16476
377	16265
378	16469
379	16236
380	16416
381	15875
382	15794
383	15493
384	15855
385	15169
386	15607
387	15193
388	15115
389	14736
390	14831
391	14865
392	14614
393	15179
394	14610
395	14613
396	15086
397	14185
398	14576
399	13907
400	13780
401	14108
402	13623
403	13708
404	13737
405	13472
406	13137
407	13076
408	13109
409	13026
410	12977
411	13437
412	12472
413	12416
414	13083
415	12334
416	12625
417	12845
418	12452
419	12335
420	12516
421	12377
422	12140
423	12132
424	12290
425	11647
426	11835
427	11316
428	11660
429	11791
430	11840
431	11562
432	11182
433	11188
434	11369
435	10908
436	10881
437	10855
438	10699
439	10822
440	10740
441	11023
442	10799
443	10592
444	10715
445	10721
446	10620
447	10475
448	10725
449	10597
450	10271
451	10178
452	10158
453	10269
454	11048
455	10275
456	9989
457	9587
458	9839
459	9822
460	9181
461	9217
462	9120
463	8958
464	8946
465	8646
466	8982
467	8825
468	9106
469	8715
470	8313
471	8374
472	8399
473	8332
474	8346
475	8260
476	8283
477	8319
478	8344
479	8080
480	8138
481	8206
482	7960
483	8012
484	8049
485	7948
486	7946
487	7801
488	7845
489	7636
490	7681
491	7897
492	7602
493	7497
494	7770
495	7581
496	7383
497	7688
498	7323
499	7494
500	7314
501	7268
502	7214
503	7295
504	7243
505	7088
506	7193
507	7273
508	6961
509	6981
510	7287
511	7001
512	6955
513	6948
514	6788
515	6853
516	6623
517	6487
518	6652
519	6634
520	6565
521	6749
522	6865
523	6457
524	6278
525	6408
526	6571
527	6302
528	6493
529	6332
530	6389
531	6385
532	6465
533	6384
534	6124
535	6302
536	6468
537	6516
538	6452
539	6097
540	6548
541	6524
542	6234
543	6399
544	6265
545	6111
546	6265
547	6122
548	6086
549	6108
550	6344
551	6155
552	6047
553	6023
554	5961
555	6072
556	5918
557	6172
558	6031
559	5841
560	5753
561	5858
562	5873
563	5776
564	5853
565	5782
566	5746
567	5590
568	5661
569	5710
570	5798
571	5741
572	5738
573	5699
574	5515
575	5691
576	5700
577	5575
578	5558
579	5710
580	5664
581	5946
582	5540
583	5615
584	5541
585	5573
586	5467
587	5445
588	5564
589	5429
590	5562
591	5449
592	5198
593	5566
594	5143
595	5272
596	5167
597	5363
598	5114
599	5294
600	5209
601	5187
602	5267
603	5107
604	5144
605	5247
606	5287
607	5104
608	5112
609	5063
610	5167
611	5018
612	5026
613	4905
614	5112
615	5266
616	4828
617	5048
618	4861
619	5026
620	5032
621	4902
622	4933
623	5149
624	5280
625	5099
626	5150
627	5047
628	4951
629	4871
630	4947
631	5108
632	5199
633	5105
634	5316
635	5115
636	4912
637	4969
638	4783
639	5019
640	5057
641	4917
642	4910
643	4958
644	4940
645	4960
646	5166
647	4872
648	4871
649	5153
650	4842
651	4815
652	4833
653	4913
654	4860
655	4735
656	4821
657	4657
658	5022
659	5109
660	4841
661	4728
662	4826
663	4736
664	4799
665	4917
666	4750
667	4932
668	4726
669	5255
670	4926
671	4943
672	4784
673	4919
674	4814
675	4722
676	4842
677	4689
678	4673
679	4826
680	4614
681	4740
682	4720
683	4556
684	4668
685	4691
686	4550
687	4574
688	4682
689	4545
690	4652
691	4809
692	4857
693	4766
694	4539
695	4854
696	4729
697	4749
698	4682
699	4850
700	4693
701	4953
702	4830
703	5026
704	4873
705	4884
706	4768
707	4918
708	4869
709	4845
710	4906
711	4743
712	4829
713	4784
714	5122
715	4911
716	4964
717	4945
718	5025
719	4801
720	4547
721	4646
722	4706
723	4958
724	4899
725	4867
726	4803
727	4738
728	4828
729	4784
730	4677
731	4835
732	4736
733	4691
734	4766
735	4809
736	4738
737	4698
738	4729
739	4605
740	4662
741	4637
742	4701
743	4686
744	4604
745	4746
746	4508
747	4784
748	4613
749	4873
750	4757
751	4832
752	4716
753	4788
754	4656
755	4608
756	4664
757	4634
758	4703
759	4700
760	4755
761	4565
762	4514
763	4679
764	4747
765	4447
766	4476
767	4512
768	4346
769	4765
770	4615
771	4681
772	4705
773	5013
774	4689
775	4966
776	4733
777	4666
778	4824
779	4718
780	5257
781	4790
782	4826
783	4726
784	4850
785	4950
786	4770
787	4790
788	4981
789	4785
790	4748
791	4947
792	5075
793	5254
794	5567
795	5115
796	5041
797	5114
798	4933
799	4978
800	4632
801	5161
802	5324
803	5265
804	5947
805	5223
806	5340
807	4999
808	5124
809	4655
810	4527
811	4360
812	4473
813	4451
814	4593
815	4484
816	4540
817	4315
818	4274
819	4516
820	4420
821	4422
822	4247
823	4446
824	4483
825	4470
826	4514
827	4430
828	4547
829	4387
830	4653
831	4535
832	4641
833	4567
834	4696
835	4688
836	4764
837	5128
838	4828
839	4687
840	4549
841	4461
842	4327
843	4511
844	4686
845	4512
846	4803
847	4513
848	4536
849	4431
850	4435
851	4668
852	4549
853	4490
854	4484
855	4660
856	4483
857	4548
858	4470
859	4419
860	4633
861	4519
862	4678
863	4605
864	4552
865	4547
866	4691
867	4580
868	4295
869	4598
870	4386
871	4664
872	4472
873	4816
874	4796
875	4665
876	4915
877	4976
878	4545
879	4857
880	4390
881	4373
882	5547
883	4723
884	4476
885	4403
886	4320
887	4392
888	4251
889	4363
890	4519
891	4490
892	4563
893	4488
894	4656
895	4460
896	4330
897	4317
898	4289
899	4247
900	4479
901	4277
902	4333
903	4323
904	4130
905	4398
906	4431
907	4332
908	4222
909	4402
910	4405
911	4425
912	4243
913	4318
914	4383
915	4477
916	4397
917	4278
918	4537
919	4506
920	4307
921	4462
922	4579
923	4576
924	4331
925	4549
926	4332
927	4228
928	4363
929	4409
930	4326
931	4236
932	4674
933	4574
934	4464
935	4434
936	4495
937	4673
938	4467
939	4436
940	4581
941	4464
942	4426
943	4345
944	4494
945	4371
946	4273
947	4223
948	4387
949	4248
950	4142
951	4242
952	4286
953	4297
954	4184
955	4253
956	4083
957	4191
958	4227
959	4101
960	4213
961	4255
962	4155
963	4050
964	4085
965	4310
966	4313
967	4400
968	4171
969	4142
970	4210
971	4132
972	4301
973	4215
974	4276
975	4123
976	4285
977	4301
978	4331
979	4304
980	4348
981	4123
982	4236
983	4073
984	4212
985	4141
986	4209
987	4132
988	4423
989	4345
990	4358
991	4348
992	4715
993	4447
994	4523
995	4516
996	4394
997	4199
998	4250
999	4019
1000	4292
1001	4232
1002	4265
1003	4093
1004	4130
1005	4333
1006	4150
1007	4121
1008	4324
1009	3893
1010	4046
1011	4275
1012	4083
1013	4126
1014	4021
1015	4146
1016	4108
1017	4212
1018	3966
1019	4033
1020	4015
1021	4137
1022	4198
1023	4132
1024	4052
1025	4022
1026	3960
1027	3947
1028	3906
1029	4381
1030	4038
1031	3853
1032	3892
1033	3886
1034	4007
1035	4151
1036	4256
1037	4078
1038	3907
1039	3962
1040	3907
1041	4129
1042	3716
1043	3941
1044	3930
1045	4207
1046	3963
1047	3769
1048	4144
1049	4039
1050	4170
1051	3888
1052	4097
1053	4334
1054	4083
1055	4183
1056	3869
1057	4592
1058	3991
1059	3949
1060	4024
1061	3991
1062	4033
1063	4205
1064	4052
1065	4116
1066	4053
1067	3938
1068	4275
1069	4031
1070	3826
1071	3756
1072	3556
1073	3623
1074	3599
1075	3772
1076	3493
1077	3538
1078	3894
1079	3786
1080	3960
1081	3966
1082	3862
1083	3988
1084	3608
1085	3586
1086	3681
1087	3667
1088	3582
1089	3519
1090	3676
1091	3497
1092	3537
1093	3537
1094	3708
1095	3957
1096	3860
1097	3714
1098	3600
1099	3724
1100	3533
1101	3615
1102	3843
1103	3668
1104	3977
1105	3752
1106	3789
1107	3699
1108	3787
1109	3906
1110	3772
1111	3735
1112	3702
1113	3680
1114	3627
1115	3866
1116	3666
1117	3807
1118	3946
1119	3939
1120	3970
1121	3737
1122	3887
1123	3995
1124	3801
1125	3900
1126	3809
1127	3843
1128	3760
1129	3754
1130	3382
1131	3498
1132	3519
1133	3524
1134	3754
1135	3471
1136	3579
1137	3546
1138	3516
1139	3599
1140	3290
1141	3571
1142	3235
1143	3406
1144	3275
1145	3318
1146	3369
1147	3361
1148	3384
1149	3409
1150	3407
1151	3442
1152	3532
1153	3401
1154	3424
1155	3358
1156	3410
1157	3348
1158	3316
1159	3361
1160	3192
1161	3368
1162	3555
1163	3588
1164	3507
1165	3412
1166	3456
1167	3465
1168	3390
1169	3400
1170	3432
1171	3558
1172	3376
1173	3459
1174	3264
1175	3282
1176	3326
1177	3338
1178	3302
1179	3195
1180	3459
1181	3443
1182	3422
1183	3322
1184	3401
1185	3590
1186	3539
1187	3470
1188	3513
1189	3456
1190	3535
1191	3463
1192	3415
1193	3395
1194	3285
1195	3424
1196	3320
1197	3445
1198	3440
1199	3291
1200	3220
1201	3246
1202	3326
1203	3347
1204	3339
1205	3295
1206	3328
1207	3337
1208	3662
1209	3484
1210	3558
1211	3533
1212	3563
1213	3483
1214	3516
1215	3677
1216	3887
1217	3657
1218	3580
1219	3560
1220	3554
1221	3495
1222	3342
1223	3599
1224	3331
1225	3405
1226	3222
1227	3334
1228	3162
1229	3303
1230	3379
1231	3364
1232	3301
1233	3247
1234	3233
1235	3357
1236	3213
1237	3140
1238	3125
1239	3158
1240	3078
1241	3122
1242	3174
1243	3150
1244	3151
1245	3071
1246	3100
1247	3302
1248	3396
1249	3213
1250	3431
1251	3552
1252	3474
1253	3791
1254	3957
1255	4912
1256	3860
1257	4282
1258	4031
1259	3557
1260	4060
1261	3773
1262	3600
1263	4128
1264	5430
1265	5751
1266	5251
1267	6145
1268	4314
1269	5384
1270	4480
1271	3923
1272	4223
1273	4124
1274	3710
1275	3719
1276	3582
1277	3453
1278	3319
1279	3387
1280	3307
1281	3461
1282	3567
1283	3672
1284	3444
1285	3450
1286	3744
1287	3585
1288	3758
1289	3669
1290	3317
1291	3633
1292	3409
1293	3408
1294	3404
1295	3385
1296	3407
1297	3413
1298	3687
1299	3831
1300	3293
1301	3664
1302	3421
1303	3487
1304	3568
1305	3775
1306	3671
1307	3597
1308	3668
1309	3874
1310	4005
1311	3876
1312	3872
1313	3919
1314	4208
1315	4309
1316	4049
1317	4516
1318	3789
1319	3778
1320	3779
1321	3666
1322	3847
1323	3846
1324	3774
1325	3987
1326	4490
1327	3876
1328	3720
1329	3675
1330	3507
1331	3656
1332	4144
1333	3554
1334	3546
1335	3415
1336	3466
1337	3646
1338	3627
1339	3706
1340	3598
1341	3653
1342	3629
1343	3566
1344	3547
1345	3625
1346	3591
1347	3514
1348	3716
1349	3616
1350	3652
1351	3758
1352	3777
1353	3805
1354	3613
1355	3767
1356	3494
1357	3821
1358	3505
1359	3747
1360	3784
1361	3565
1362	3581
1363	4021
1364	3820
1365	3558
1366	3389
1367	3621
1368	3798
1369	4491
1370	3591
1371	3741
1372	4163
1373	3709
1374	3457
1375	3741
1376	3774
1377	3685
1378	3656
1379	3389
1380	3493
1381	3428
1382	3456
1383	3525
1384	3357
1385	3554
1386	3436
1387	3352
1388	3416
1389	3222
1390	3171
1391	3184
1392	3083
1393	3308
1394	3099
1395	3425
1396	3270
1397	3454
1398	3366
1399	3231
1400	3274
1401	3255
1402	3319
1403	3115
1404	3201
1405	3062
1406	3385
1407	3142
1408	3206
1409	3308
1410	3118
1411	3092
1412	3081
1413	3071
1414	3138
1415	3009
1416	3313
1417	3178
1418	3273
1419	3095
1420	3153
1421	3314
1422	3209
1423	3132
1424	3039
1425	2986
1426	3147
1427	3116
1428	3006
1429	2976
1430	3052
1431	2986
1432	2979
1433	3046
1434	3079
1435	3267
1436	3275
1437	3290
1438	3283
1439	3174
1440	2999
1441	3082
1442	3206
1443	3029
1444	3169
1445	3204
1446	3418
1447	3380
1448	3215
1449	3142
1450	2972
1451	2921
1452	2998
1453	3055
1454	2927
1455	2917
1456	2902
1457	3070
1458	3124
1459	3315
1460	3367
1461	3338
1462	3272
1463	3255
1464	3431
1465	3005
1466	3120
1467	3004
1468	2915
1469	3033
1470	3219
1471	3177
1472	3214
1473	3330
1474	3094
1475	3154
1476	2991
1477	3086
1478	3092
1479	3068
1480	2920
1481	3152
1482	3261
1483	3400
1484	3546
1485	3492
1486	3362
1487	3543
1488	3515
1489	3639
1490	3462
1491	3920
1492	4214
1493	4612
1494	4162
1495	3591
1496	3662
1497	3824
1498	4154
1499	4587
1500	4448
1501	4233
1502	3548
1503	3574
1504	3794
1505	3302
1506	3910
1507	4483
1508	3558
1509	3495
1510	3877
1511	3769
1512	3596
1513	3544
1514	3264
1515	3520
1516	3276
1517	3445
1518	3127
1519	2924
1520	3311
1521	3285
1522	3425
1523	3246
1524	3359
1525	3503
1526	3499
1527	3071
1528	3208
1529	3206
1530	3132
1531	3299
1532	3246
1533	3557
1534	3455
1535	3582
1536	3450
1537	4139
1538	3667
1539	3952
1540	3342
1541	3538
1542	3621
1543	3319
1544	3719
1545	3226
1546	3194
1547	3331
1548	3126
1549	3347
1550	3265
1551	3223
1552	3174
1553	3152
1554	3279
1555	3236
1556	3622
1557	3432
1558	3721
1559	3780
1560	3722
1561	3727
1562	3224
1563	3247
1564	3066
1565	3065
1566	3274
1567	3236
1568	3230
1569	3082
1570	3167
1571	3152
1572	3248
1573	3443
1574	3196
1575	3505
1576	3382
1577	3149
1578	3213
1579	3045
1580	2986
1581	3078
1582	3126
1583	3126
1584	3186
1585	3638
1586	3613
1587	3578
1588	3199
1589	3318
1590	3278
1591	3221
1592	3180
1593	3210
1594	3112
1595	3019
1596	2991
1597	3025
1598	3111
1599	3455
1600	3150
1601	3494
1602	3122
1603	3317
1604	3156
1605	3288
1606	3211
1607	3355
1608	3117
1609	3092
1610	3244
1611	3007
1612	3012
1613	3234
1614	3192
1615	3179
1616	3188
1617	3033
1618	2973
1619	3239
1620	3187
1621	3454
1622	3526
1623	3216
1624	3211
1625	3405
1626	3277
1627	3376
1628	3595
1629	3668
1630	3761
1631	3543
1632	3557
1633	3542
1634	3703
1635	3622
1636	3727
1637	3605
1638	3562
1639	4101
1640	3983
1641	3730
1642	3695
1643	3807
1644	3586
1645	3513
1646	3437
1647	3220
1648	3198
1649	3363
1650	2998
1651	3386
1652	3153
1653	3048
1654	2938
1655	3011
1656	3095
1657	3031
1658	3060
1659	3111
1660	3125
1661	3159
1662	3145
1663	3355
1664	3284
1665	3404
1666	3121
1667	3304
1668	3297
1669	3112
1670	3247
1671	3359
1672	3432
1673	3230
1674	3192
1675	2998
1676	2937
1677	3033
1678	3036
1679	3204
1680	3204
1681	3126
1682	3050
1683	3175
1684	2980
1685	2990
1686	2994
1687	2973
1688	3067
1689	2888
1690	2993
1691	3337
1692	3160
1693	3419
1694	3289
1695	3219
1696	3190
1697	3062
1698	3187
1699	3161
1700	3031
1701	3095
1702	3018
1703	3171
1704	3130
1705	3337
1706	3122
1707	3255
1708	3142
1709	3258
1710	3326
1711	3331
1712	3261
1713	3417
1714	3309
1715	3220
1716	3413
1717	3413
1718	3399
1719	3209
1720	3039
1721	3085
1722	3220
1723	3364
1724	3340
1725	3070
1726	3433
1727	3336
1728	3444
1729	3132
1730	3044
1731	3191
1732	2981
1733	3091
1734	3033
1735	3073
1736	2894
1737	2927
1738	2996
1739	3020
1740	3039
1741	2849
1742	2854
1743	2759
1744	3034
1745	2982
1746	2941
1747	2757
1748	3032
1749	2934
1750	2924
1751	2750
1752	2750
1753	3052
1754	3057
1755	3091
1756	2925
1757	3084
1758	2839
1759	2911
1760	3051
1761	2957
1762	2929
1763	2909
1764	2775
1765	3015
1766	2773
1767	3016
1768	2989
1769	3064
1770	3003
1771	3242
1772	3060
1773	3151
1774	3140
1775	2842
1776	2961
1777	2951
1778	2733
1779	2865
1780	2787
1781	2865
1782	2740
1783	2685
1784	2637
1785	2722
1786	2765
1787	2781
1788	2770
1789	2689
1790	2573
1791	2752
1792	2724
1793	2954
1794	2806
1795	2745
1796	2691
1797	2835
1798	2882
1799	2760
1800	2888
1801	2942
1802	2952
1803	3142
1804	2840
1805	3042
1806	2926
1807	3033
1808	2986
1809	3191
1810	3121
1811	2927
1812	2946
1813	3099
1814	3528
1815	3259
1816	3229
1817	3612
1818	2936
1819	3358
1820	3140
1821	2658
1822	2870
1823	2913
1824	2676
1825	2776
1826	2650
1827	2910
1828	2803
1829	2608
1830	2560
1831	2639
1832	2569
1833	2631
1834	2615
1835	2558
1836	2538
1837	2655
1838	2483
1839	2690
1840	2494
1841	2563
1842	2702
1843	2679
1844	2455
1845	2543
1846	2674
1847	2620
1848	2635
1849	2584
1850	2712
1851	2699
1852	2743
1853	2700
1854	2593
1855	2776
1856	2630
1857	2604
1858	2566
1859	2721
1860	2890
1861	3108
1862	3412
1863	3020
1864	3314
1865	3569
1866	2986
1867	3517
1868	3172
1869	3438
1870	3856
1871	3323
1872	3680
1873	3422
1874	3135
1875	2838
1876	2775
1877	2596
1878	2567
1879	2468
1880	2405
1881	2321
1882	2433
1883	2385
1884	2400
1885	2448
1886	2386
1887	2431
1888	2518
1889	2350
1890	2572
1891	2506
1892	2437
1893	2482
1894	2510
1895	2450
1896	2477
1897	2317
1898	2273
1899	2327
1900	2545
1901	2454
1902	2565
1903	2441
1904	2384
1905	2431
1906	2399
1907	2383
1908	2528
1909	2440
1910	2376
1911	2511
1912	2463
1913	2455
1914	2666
1915	2520
1916	2531
1917	2466
1918	2567
1919	2668
1920	2580
1921	2509
1922	2641
1923	2437
1924	2486
1925	2473
1926	2404
1927	2516
1928	2426
1929	2551
1930	2435
1931	2548
1932	2531
1933	2434
1934	2496
1935	2422
1936	2469
1937	2541
1938	2696
1939	2638
1940	2552
1941	2526
1942	2570
1943	2512
1944	2514
1945	2601
1946	2770
1947	2589
1948	2545
1949	2442
1950	2377
1951	2539
1952	2589
1953	2578
1954	2556
1955	2567
1956	2621
1957	2583
1958	2576
1959	2614
1960	2538
1961	2630
1962	2599
1963	2611
1964	2676
1965	2569
1966	2492
1967	2501
1968	2511
1969	2633
1970	2788
1971	2823
1972	2613
1973	2582
1974	2653
1975	2553
1976	2780
1977	2923
1978	2891
1979	3083
1980	3136
1981	3292
1982	3269
1983	2892
1984	3025
1985	2963
1986	2874
1987	2815
1988	2787
1989	2741
1990	2828
1991	3169
1992	3197
1993	2987
1994	3120
1995	2718
1996	3006
1997	3226
1998	3167
1999	3113
2000	3117
2001	3259
2002	3264
2003	3186
2004	3219
2005	3068
2006	3059
2007	2934
2008	3282
2009	3329
2010	3229
2011	3238
2012	3227
2013	3145
2014	3223
2015	3442
2016	3370
2017	3224
2018	3183
2019	3402
2020	3552
2021	3318
2022	3520
2023	3492
2024	3513
2025	3513
2026	3204
2027	3498
2028	3347
2029	3200
2030	3140
2031	3047
2032	3052
2033	3031
2034	3142
2035	3154
2036	3152
2037	2940
2038	3195
2039	3246
2040	3242
2041	3304
2042	3196
2043	3280
2044	3186
2045	3099
2046	3174
2047	3161
2048	3505
2049	3271
2050	3455
2051	3445
2052	3498
2053	3640
2054	3661
2055	3343
2056	3427
2057	3784
2058	3930
2059	3440
2060	3433
2061	3455
2062	3279
2063	3266
2064	3493
2065	3185
2066	3142
2067	3276
2068	3088
2069	3410
2070	3354
2071	3498
2072	3167
2073	3363
2074	3346
2075	3265
2076	3037
2077	2973
2078	3241
2079	3241
2080	3126
2081	3273
2082	3018
2083	3221
2084	3208
2085	3272
2086	2924
2087	3096
2088	3207
2089	3015
2090	2846
2091	2811
2092	2821
2093	2634
2094	2572
2095	2706
2096	2641
2097	2766
2098	2541
2099	2634
2100	2632
2101	2607
2102	2765
2103	2451
2104	2702
2105	2657
2106	2585
2107	2438
2108	2502
2109	2545
2110	2634
2111	2548
2112	2511
2113	2387
2114	2422
2115	2434
2116	2321
2117	2492
2118	2469
2119	2505
2120	2645
2121	2528
2122	2691
2123	2662
2124	2652
2125	2470
2126	2545
2127	2575
2128	2611
2129	2584
2130	2566
2131	2620
2132	2530
2133	2592
2134	2442
2135	2642
2136	2405
2137	2499
2138	2567
2139	2431
2140	2461
2141	2477
2142	2490
2143	2451
2144	2430
2145	2406
2146	2440
2147	2350
2148	2454
2149	2368
2150	2233
2151	2397
2152	2295
2153	2527
2154	2237
2155	2420
2156	2396
2157	2345
2158	2201
2159	2143
2160	2176
2161	2286
2162	2223
2163	2238
2164	2342
2165	2333
2166	2329
2167	2257
2168	2460
2169	2308
2170	2486
2171	2308
2172	2284
2173	2317
2174	2499
2175	2356
2176	2207
2177	2225
2178	2318
2179	2384
2180	2206
2181	2207
2182	2115
2183	2138
2184	2167
2185	2042
2186	2055
2187	2074
2188	2163
2189	2104
2190	2057
2191	2100
2192	2091
2193	2014
2194	1989
2195	1974
2196	2127
2197	2119
2198	2087
2199	2019
2200	2065
2201	2113
2202	2236
2203	2389
2204	2408
2205	2247
2206	2131
2207	2099
2208	2065
2209	2176
2210	2082
2211	2101
2212	2053
2213	2142
2214	2101
2215	1981
2216	2031
2217	2172
2218	2059
2219	2316
2220	2110
2221	2131
2222	2146
2223	2061
2224	2092
2225	2038
2226	2183
2227	1897
2228	2004
2229	1934
2230	1921
2231	2009
2232	1953
2233	2084
2234	2018
2235	1978
2236	2129
2237	1991
2238	2043
2239	2040
2240	2176
2241	2101
2242	2113
2243	2279
2244	2109
2245	2169
2246	2045
2247	2160
2248	2146
2249	2057
2250	2116
2251	2098
2252	2048
2253	2211
2254	2159
2255	2168
2256	2290
2257	2229
2258	2282
2259	2314
2260	2298
2261	2303
2262	2158
2263	2182
2264	2171
2265	2297
2266	2179
2267	2169
2268	2233
2269	2209
2270	2235
2271	2153
2272	2151
2273	2294
2274	2127
2275	2221
2276	2400
2277	2232
2278	2344
2279	2281
2280	1973
2281	2106
2282	2075
2283	2194
2284	2060
2285	2136
2286	2124
2287	2084
2288	2238
2289	2095
2290	2265
2291	2122
2292	1996
2293	2088
2294	2088
2295	2202
2296	2278
2297	2256
2298	2082
2299	2068
2300	2124
2301	2347
2302	2262
2303	2282
2304	2279
2305	2114
2306	2049
2307	2260
2308	2140
2309	2208
2310	2243
2311	2234
2312	2357
2313	2286
2314	2303
2315	2200
2316	2380
2317	2121
2318	2210
2319	2537
2320	2233
2321	2267
2322	2343
2323	2338
2324	2453
2325	2430
2326	2602
2327	2467
2328	2327
2329	2212
2330	2338
2331	2260
2332	2263
2333	2228
2334	2230
2335	2343
2336	2472
2337	2298
2338	2293
2339	2454
2340	2672
2341	2402
2342	2656
2343	2390
2344	2410
2345	2433
2346	2505
2347	2476
2348	2508
2349	2269
2350	2414
2351	2347
2352	2443
2353	2329
2354	2238
2355	2581
2356	2275
2357	2292
2358	2368
2359	2489
2360	2541
2361	2386
2362	2574
2363	2250
2364	2145
2365	2258
2366	2219
2367	2353
2368	2255
2369	2228
2370	2243
2371	2319
2372	2196
2373	2268
2374	2271
2375	2353
2376	2375
2377	2252
2378	2271
2379	2183
2380	2227
2381	2294
2382	2448
2383	2414
2384	2249
2385	2331
2386	2318
2387	2305
2388	2242
2389	2232
2390	2303
2391	2348
2392	2461
2393	2348
2394	2311
2395	2130
2396	2268
2397	2434
2398	3180
2399	3976
2400	3462
2401	3990
2402	3070
2403	3185
2404	2953
2405	3824
2406	3644
2407	2584
2408	2733
2409	2287
2410	2085
2411	2264
2412	2252
2413	2260
2414	2457
2415	2306
2416	2498
2417	2406
2418	2378
2419	2458
2420	2364
2421	2269
2422	2223
2423	2100
2424	2266
2425	2264
2426	2277
2427	2430
2428	2272
2429	2365
2430	2025
2431	2419
2432	2279
2433	2252
2434	2118
2435	2246
2436	2125
2437	1975
2438	1960
2439	1855
2440	2017
2441	1948
2442	1945
2443	1836
2444	1885
2445	1904
2446	1940
2447	1975
2448	1934
2449	2162
2450	1913
2451	1981
2452	2078
2453	2152
2454	2003
2455	2095
2456	1855
2457	1956
2458	1881
2459	1879
2460	1771
2461	1797
2462	1814
2463	1794
2464	1812
2465	1783
2466	1751
2467	1682
2468	1737
2469	1791
2470	1769
2471	1870
2472	1797
2473	1829
2474	1762
2475	1912
2476	1921
2477	1838
2478	1839
2479	1751
2480	1852
2481	1793
2482	1702
2483	1780
2484	1813
2485	1911
2486	1907
2487	1879
2488	1935
2489	2104
2490	1995
2491	2036
2492	2028
2493	1939
2494	1990
2495	2047
2496	2041
2497	1958
2498	1933
2499	1943
2500	1924
2501	1898
2502	1940
2503	1856
2504	1998
2505	2078
2506	2068
2507	2087
2508	2094
2509	1967
2510	1955
2511	1997
2512	2133
2513	2170
2514	2201
2515	2095
2516	2230
2517	2163
2518	2062
2519	1960
2520	2025
2521	2061
2522	2113
2523	2057
2524	2244
2525	2012
2526	2050
2527	2169
2528	2236
2529	2097
2530	2123
2531	2193
2532	2230
2533	2094
2534	2222
2535	2129
2536	2171
2537	2157
2538	2110
2539	2196
2540	2035
2541	2254
2542	2357
2543	2182
2544	2202
2545	2172
2546	2199
2547	2441
2548	2226
2549	2185
2550	2248
2551	2194
2552	2170
2553	2278
2554	2057
2555	2225
2556	2309
2557	2404
2558	2263
2559	2172
2560	2145
2561	2311
2562	2057
2563	2236
2564	2459
2565	2488
2566	2807
2567	2360
2568	2792
2569	2228
2570	2861
2571	2179
2572	2259
2573	2240
2574	2095
2575	2376
2576	2144
2577	2382
2578	2240
2579	2587
2580	2433
2581	2423
2582	2329
2583	2426
2584	2109
2585	1973
2586	2182
2587	2015
2588	2269
2589	2161
2590	2300
2591	2213
2592	2220
2593	2146
2594	1949
2595	2181
2596	1945
2597	1934
2598	1959
2599	1993
2600	1927
2601	2036
2602	1994
2603	1899
2604	1935
2605	2090
2606	1984
2607	1906
2608	1969
2609	1785
2610	1877
2611	1889
2612	1916
2613	1824
2614	1743
2615	2004
2616	1972
2617	1951
2618	1901
2619	1995
2620	1875
2621	1838
2622	2008
2623	1960
2624	1977
2625	1924
2626	1964
2627	1864
2628	1869
2629	2062
2630	2488
2631	1847
2632	1899
2633	2086
2634	1878
2635	1887
2636	1997
2637	1818
2638	1870
2639	2004
2640	1957
2641	1828
2642	1818
2643	2019
2644	1849
2645	1791
2646	1878
2647	1774
2648	1782
2649	1792
2650	1944
2651	1902
2652	1895
2653	1917
2654	1988
2655	1858
2656	1845
2657	2052
2658	2087
2659	2066
2660	1983
2661	1967
2662	2023
2663	2014
2664	2065
2665	2058
2666	2071
2667	2010
2668	2137
2669	2058
2670	2233
2671	2098
2672	2262
2673	2110
2674	2047
2675	2218
2676	2114
2677	2116
2678	2351
2679	3325
2680	2470
2681	2110
2682	2196
2683	2062
2684	2361
2685	2161
2686	2040
2687	2131
2688	2125
2689	2167
2690	2240
2691	2178
2692	1997
2693	2056
2694	1885
2695	2097
2696	2210
2697	1929
2698	2166
2699	2131
2700	2210
2701	2133
2702	2106
2703	2264
2704	2216
2705	2091
2706	2130
2707	2207
2708	2184
2709	2366
2710	2377
2711	2194
2712	2132
2713	2176
2714	2031
2715	2073
2716	2114
2717	2151
2718	2237
2719	2453
2720	2383
2721	2381
2722	2434
2723	2201
2724	2223
2725	2024
2726	2063
2727	2211
2728	2298
2729	2237
2730	2110
2731	2301
2732	2031
2733	2098
2734	2141
2735	2125
2736	1923
2737	2011
2738	2071
2739	2341
2740	2206
2741	2065
2742	2128
2743	2074
2744	2171
2745	2251
2746	2056
2747	2210
2748	2089
2749	2011
2750	1975
2751	2082
2752	1949
2753	1855
2754	1980
2755	1908
2756	2062
2757	1941
2758	1942
2759	2128
2760	2172
2761	2344
2762	2421
2763	2482
2764	2617
2765	2591
2766	2507
2767	2898
2768	2876
2769	3127
2770	3225
2771	2861
2772	2373
2773	2693
2774	2592
2775	2605
2776	2905
2777	2396
2778	2438
2779	2164
2780	2348
2781	2521
2782	2223
2783	2450
2784	2396
2785	2068
2786	1999
2787	1930
2788	1871
2789	1921
2790	2041
2791	1829
2792	1890
2793	1671
2794	1756
2795	1653
2796	1844
2797	1754
2798	1849
2799	1892
2800	1853
2801	1817
2802	1805
2803	1913
2804	1926
2805	1741
2806	2005
2807	1986
2808	1988
2809	2044
2810	2126
2811	1994
2812	2042
2813	2245
2814	2340
2815	2356
2816	2611
2817	3073
2818	2335
2819	2420
2820	2222
2821	2815
2822	3234
2823	3191
2824	3172
2825	2781
2826	2832
2827	2428
2828	2247
2829	1960
2830	1854
2831	1748
2832	1715
2833	1882
2834	1664
2835	1801
2836	1806
2837	1730
2838	1775
2839	1767
2840	1793
2841	1874
2842	2036
2843	1997
2844	1798
2845	1880
2846	1823
2847	2035
2848	2081
2849	1871
2850	1974
2851	1658
2852	1707
2853	1947
2854	2094
2855	2010
2856	2045
2857	1840
2858	1908
2859	1913
2860	2206
2861	2199
2862	2312
2863	2908
2864	2388
2865	2348
2866	1914
2867	2115
2868	2023
2869	1856
2870	1807
2871	1894
2872	1728
2873	1810
2874	1732
2875	1859
2876	1723
2877	1834
2878	1864
2879	1808
2880	1884
2881	2313
2882	2182
2883	2143
2884	2003
2885	2183
2886	2315
2887	2281
2888	2530
2889	2633
2890	2239
2891	2570
2892	2647
2893	3013
2894	2144
2895	1911
2896	1888
2897	1798
2898	2021
2899	2022
2900	2254
2901	2170
2902	2197
2903	2432
2904	1984
2905	1909
2906	2040
2907	1906
2908	2023
2909	2157
2910	2024
2911	2037
2912	1758
2913	1701
2914	1646
2915	1557
2916	1679
2917	1630
2918	1896
2919	2006
2920	1836
2921	1650
2922	1619
2923	1637
2924	1741
2925	1535
2926	1591
2927	1589
2928	1604
2929	1569
2930	1402
2931	1528
2932	1489
2933	1473
2934	1465
2935	1566
2936	1445
2937	1441
2938	1463
2939	1489
2940	1497
2941	1504
2942	1537
2943	1460
2944	1477
2945	1435
2946	1517
2947	1409
2948	1537
2949	1540
2950	1465
2951	1473
2952	1563
2953	1390
2954	1462
2955	1471
2956	1396
2957	1428
2958	1384
2959	1413
2960	1423
2961	1502
2962	1412
2963	1441
2964	1469
2965	1458
2966	1403
2967	1416
2968	1489
2969	1529
2970	1490
2971	1575
2972	1520
2973	1578
2974	1657
2975	1624
2976	1523
2977	1645
2978	1499
2979	1567
2980	1549
2981	1546
2982	1533
2983	1431
2984	1431
2985	1471
2986	1365
2987	1525
2988	1631
2989	1594
2990	1580
2991	1486
2992	1534
2993	1541
2994	1615
2995	1540
2996	1620
2997	1676
2998	1680
2999	1716
3000	1563
3001	1651
3002	1664
3003	1727
3004	1734
3005	1628
3006	1567
3007	1585
3008	1576
3009	1770
3010	1588
3011	1579
3012	1485
3013	1645
3014	1659
3015	1588
3016	1534
3017	1569
3018	1547
3019	1553
3020	1547
3021	1521
3022	1566
3023	1596
3024	1717
3025	1568
3026	1666
3027	1557
3028	1563
3029	1574
3030	1590
3031	1580
3032	1463
3033	1526
3034	1549
3035	1574
3036	1529
3037	1665
3038	1708
3039	1625
3040	1545
3041	1703
3042	1702
3043	1713
3044	1674
3045	1751
3046	1594
3047	1747
3048	2109
3049	1839
3050	1902
3051	2029
3052	2070
3053	2299
3054	2341
3055	2297
3056	2210
3057	2266
3058	2236
3059	2222
3060	2202
3061	1922
3062	2040
3063	1915
3064	1911
3065	1923
3066	1840
3067	1789
3068	1792
3069	1790
3070	1785
3071	1735
3072	1875
3073	1849
3074	1728
3075	1791
3076	1898
3077	1819
3078	1772
3079	1815
3080	1806
3081	1736
3082	1815
3083	1802
3084	1878
3085	1860
3086	1853
3087	2027
3088	1894
3089	1899
3090	1777
3091	1727
3092	1804
3093	1752
3094	1835
3095	1985
3096	1935
3097	1930
3098	1785
3099	1716
3100	1746
3101	1728
3102	1756
3103	1788
3104	1721
3105	1732
3106	1775
3107	1648
3108	1691
3109	1570
3110	1577
3111	1639
3112	1640
3113	1589
3114	1635
3115	1712
3116	1639
3117	1566
3118	1571
3119	1551
3120	1523
3121	1481
3122	1615
3123	1686
3124	1605
3125	1750
3126	1617
3127	1549
3128	1512
3129	1499
3130	1621
3131	1488
3132	1547
3133	1573
3134	1562
3135	1720
3136	1568
3137	1577
3138	1539
3139	1603
3140	1681
3141	1588
3142	1697
3143	1689
3144	1600
3145	1723
3146	1697
3147	1604
3148	1622
3149	1686
3150	1683
3151	1623
3152	1611
3153	1681
3154	1648
3155	1633
3156	1620
3157	1655
3158	1738
3159	1782
3160	1797
3161	1724
3162	1747
3163	1652
3164	1826
3165	1937
3166	2027
3167	1891
3168	1785
3169	1735
3170	1714
3171	1757
3172	1603
3173	1675
3174	1752
3175	1733
3176	1668
3177	1791
3178	1705
3179	1755
3180	1561
3181	1684
3182	1836
3183	1722
3184	1765
3185	1546
3186	1590
3187	1639
3188	1633
3189	1634
3190	1654
3191	1653
3192	1735
3193	1597
3194	1587
3195	1699
3196	1641
3197	1655
3198	1688
3199	1686
3200	1679
3201	1707
3202	1718
3203	1586
3204	1571
3205	1587
3206	1706
3207	1780
3208	1732
3209	1718
3210	1669
3211	1838
3212	1690
3213	1595
3214	1598
3215	1442
3216	1584
3217	1649
3218	1613
3219	1709
3220	1680
3221	1654
3222	1587
3223	1589
3224	1599
3225	1679
3226	1555
3227	1699
3228	1726
3229	1730
3230	1732
3231	1695
3232	1859
3233	1886
3234	1745
3235	1830
3236	1931
3237	2108
3238	2044
3239	2000
3240	1795
3241	1773
3242	1792
3243	1778
3244	1727
3245	1904
3246	1694
3247	1852
3248	1766
3249	1758
3250	1933
3251	1666
3252	1696
3253	1670
3254	1713
3255	1658
3256	1581
3257	1608
3258	1712
3259	1750
3260	1912
3261	1793
3262	1854
3263	1712
3264	1680
3265	1739
3266	1758
3267	1833
3268	1646
3269	1729
3270	1564
3271	1720
3272	1737
3273	1674
3274	1673
3275	1602
3276	1677
3277	1789
3278	1718
3279	1801
3280	1825
3281	1901
3282	1882
3283	1953
3284	1851
3285	1947
3286	2004
3287	1859
3288	1881
3289	2021
3290	1809
3291	1879
3292	1660
3293	1672
3294	1646
3295	1747
3296	1728
3297	1724
3298	1676
3299	1913
3300	1683
3301	1730
3302	1764
3303	1742
3304	1794
3305	1728
3306	1699
3307	1683
3308	1614
3309	1659
3310	1715
3311	1682
3312	1645
3313	1894
3314	1734
3315	1881
3316	1847
3317	1997
3318	1828
3319	1919
3320	2038
3321	2043
3322	2055
3323	1893
3324	1841
3325	1800
3326	1790
3327	1754
3328	2011
3329	1735
3330	1836
3331	1790
3332	1630
3333	1797
3334	1756
3335	2160
3336	1935
3337	1841
3338	2144
3339	1801
3340	2301
3341	1880
3342	1936
3343	1950
3344	1955
3345	2152
3346	1890
3347	2108
3348	1942
3349	2023
3350	1804
3351	2161
3352	1988
3353	1667
3354	1654
3355	1828
3356	1828
3357	1923
3358	1943
3359	1885
3360	2063
3361	1849
3362	1796
3363	1683
3364	1678
3365	1802
3366	1888
3367	1824
3368	1792
3369	1695
3370	1799
3371	1877
3372	1850
3373	1893
3374	1786
3375	1674
3376	1696
3377	1692
3378	1557
3379	1541
3380	1616
3381	1711
3382	1837
3383	1544
3384	1692
3385	1872
3386	1891
3387	1812
3388	1640
3389	1604
3390	1648
3391	1524
3392	1487
3393	1462
3394	1395
3395	1484
3396	1493
3397	1414
3398	1393
3399	1391
3400	1600
3401	1395
3402	1467
3403	1585
3404	1392
3405	1417
3406	1439
3407	1451
3408	1380
3409	1344
3410	1435
3411	1407
3412	1511
3413	1397
3414	1395
3415	1421
3416	1406
3417	1328
3418	1398
3419	1548
3420	1466
3421	1418
3422	1462
3423	1469
3424	1349
3425	1474
3426	1444
3427	1276
3428	1349
3429	1330
3430	1266
3431	1315
3432	1229
3433	1276
3434	1345
3435	1483
3436	1236
3437	1278
3438	1319
3439	1338
3440	1288
3441	1330
3442	1301
3443	1373
3444	1245
3445	1313
3446	1297
3447	1258
3448	1388
3449	1351
3450	1294
3451	1290
3452	1263
3453	1384
3454	1286
3455	1395
3456	1290
3457	1400
3458	1349
3459	1360
3460	1385
3461	1327
3462	1296
3463	1393
3464	1349
3465	1250
3466	1299
3467	1423
3468	1442
3469	1311
3470	1319
3471	1287
3472	1253
3473	1237
3474	1338
3475	1315
3476	1283
3477	1332
3478	1244
3479	1400
3480	1327
3481	1282
3482	1309
3483	1296
3484	1312
3485	1370
3486	1281
3487	1331
3488	1327
3489	1359
3490	1348
3491	1265
3492	1251
3493	1360
3494	1348
3495	1353
3496	1402
3497	1380
3498	1417
3499	1206
3500	1381
3501	1369
3502	1318
3503	1360
3504	1327
3505	1350
3506	1475
3507	1459
3508	1401
3509	1291
3510	1362
3511	1321
3512	1313
3513	1369
3514	1314
3515	1361
3516	1333
3517	1295
3518	1255
3519	1348
3520	1303
3521	1341
3522	1327
3523	1364
3524	1414
3525	1310
3526	1417
3527	1371
3528	1474
3529	1331
3530	1344
3531	1354
3532	1340
3533	1448
3534	1325
3535	1414
3536	1362
3537	1261
3538	1330
3539	1318
3540	1307
3541	1371
3542	1404
3543	1283
3544	1431
3545	1426
3546	1337
3547	1456
3548	1391
3549	1402
3550	1379
3551	1411
3552	1337
3553	1319
3554	1287
3555	1330
3556	1315
3557	1347
3558	1299
3559	1286
3560	1306
3561	1297
3562	1564
3563	1406
3564	1469
3565	1308
3566	1439
3567	1304
3568	1295
3569	1417
3570	1367
3571	1595
3572	1426
3573	1378
3574	1368
3575	1444
3576	1282
3577	1505
3578	1358
3579	1426
3580	1465
3581	1406
3582	1468
3583	1459
3584	1412
3585	1329
3586	1300
3587	1374
3588	1416
3589	1264
3590	1391
3591	1410
3592	1404
3593	1361
3594	1360
3595	1363
3596	1421
3597	1341
3598	1386
3599	1350
3600	1398
3601	1213
3602	1521
3603	1377
3604	1306
3605	1475
3606	1305
3607	1381
3608	1373
3609	1376
3610	1354
3611	1447
3612	1450
3613	1379
3614	1354
3615	1332
3616	1413
3617	1517
3618	1484
3619	1649
3620	1432
3621	1505
3622	1690
3623	2004
3624	1917
3625	1803
3626	1559
3627	1749
3628	1696
3629	1567
3630	1460
3631	1352
3632	1345
3633	1305
3634	1357
3635	1400
3636	1332
3637	1306
3638	1368
3639	1321
3640	1240
3641	1386
3642	1221
3643	1339
3644	1405
3645	1397
3646	1312
3647	1177
3648	1270
3649	1250
3650	1242
3651	1379
3652	1436
3653	1329
3654	1319
3655	1252
3656	1351
3657	1280
3658	1358
3659	1309
3660	1268
3661	1327
3662	1329
3663	1277
3664	1299
3665	1293
3666	1318
3667	1366
3668	1396
3669	1425
3670	1324
3671	1487
3672	1549
3673	1963
3674	2097
3675	2410
3676	1806
3677	1813
3678	1728
3679	1815
3680	2158
3681	1561
3682	1454
3683	1517
3684	1485
3685	1455
3686	1480
3687	1379
3688	1336
3689	1530
3690	1424
3691	1512
3692	1509
3693	1453
3694	1496
3695	1510
3696	1499
3697	1507
3698	1627
3699	1794
3700	1982
3701	2023
3702	1613
3703	1569
3704	1539
3705	1548
3706	1505
3707	1570
3708	1589
3709	1564
3710	1743
3711	1760
3712	1870
3713	1811
3714	1864
3715	1737
3716	2071
3717	1783
3718	1971
3719	1379
3720	1495
3721	1503
3722	1432
3723	1389
3724	1369
3725	1466
3726	1456
3727	1518
3728	1356
3729	1418
3730	1351
3731	1368
3732	1369
3733	1378
3734	1302
3735	1340
3736	1307
3737	1488
3738	1455
3739	1371
3740	1413
3741	1361
3742	1436
3743	1352
3744	1412
3745	1517
3746	1547
3747	1598
3748	1557
3749	1499
3750	1483
3751	1444
3752	1599
3753	1739
3754	1647
3755	2232
3756	1590
3757	1514
3758	1568
3759	1845
3760	1542
3761	1455
3762	1393
3763	1406
3764	1426
3765	1427
3766	1465
3767	1578
3768	1712
3769	1600
3770	1566
3771	1967
3772	1731
3773	1988
3774	2257
3775	1705
3776	1643
3777	1515
3778	1420
3779	1444
3780	1480
3781	1534
3782	1602
3783	1519
3784	1625
3785	1506
3786	1574
3787	1590
3788	1581
3789	1524
3790	1523
3791	1633
3792	1533
3793	1535
3794	1491
3795	1447
3796	1573
3797	1443
3798	1405
3799	1469
3800	1464
3801	1781
3802	1580
3803	1604
3804	1418
3805	1687
3806	1630
3807	1516
3808	1544
3809	1523
3810	1484
3811	1453
3812	1509
3813	1418
3814	1575
3815	1823
3816	1677
3817	1644
3818	1456
3819	1809
3820	1354
3821	1337
3822	1478
3823	1534
3824	1257
3825	1315
3826	1496
3827	1473
3828	1966
3829	1350
3830	1384
3831	1445
3832	1315
3833	1742
3834	1369
3835	1427
3836	1938
3837	1575
3838	1575
3839	1274
3840	1317
3841	1271
3842	1418
3843	1305
3844	1288
3845	1273
3846	1308
3847	1285
3848	1249
3849	1394
3850	1327
3851	1300
3852	1338
3853	1243
3854	1279
3855	1270
3856	1244
3857	1254
3858	1284
3859	1212
3860	1263
3861	1230
3862	1280
3863	1318
3864	1173
3865	1183
3866	1196
3867	1160
3868	1166
3869	1132
3870	1257
3871	1202
3872	1257
3873	1242
3874	1252
3875	1299
3876	1232
3877	1177
3878	1327
3879	1258
3880	1164
3881	1280
3882	1319
3883	1218
3884	1256
3885	1235
3886	1286
3887	1255
3888	1219
3889	1207
3890	1292
3891	1254
3892	1316
3893	1230
3894	1273
3895	1264
3896	1275
3897	1275
3898	1308
3899	1402
3900	1369
3901	1349
3902	1375
3903	1331
3904	1308
3905	1329
3906	1414
3907	1484
3908	1404
3909	1423
3910	1455
3911	1315
3912	1447
3913	1304
3914	1461
3915	1289
3916	1288
3917	1348
3918	1370
3919	1373
3920	1356
3921	1342
3922	1249
3923	1328
3924	1285
3925	1286
3926	1234
3927	1258
3928	1254
3929	1405
3930	1347
3931	1334
3932	1367
3933	1281
3934	1302
3935	1397
3936	1377
3937	1387
3938	1533
3939	1391
3940	1411
3941	1376
3942	1469
3943	1378
3944	1397
3945	1338
3946	1335
3947	1244
3948	1305
3949	1197
3950	1368
3951	1369
3952	1262
3953	1468
3954	1585
3955	1491
3956	1569
3957	1600
3958	1342
3959	1496
3960	1631
3961	1378
3962	1450
3963	1293
3964	1443
3965	1336
3966	1440
3967	1251
3968	1368
3969	1279
3970	1297
3971	1366
3972	1261
3973	1310
3974	1461
3975	1460
3976	1533
3977	1381
3978	1492
3979	1297
3980	1358
3981	1334
3982	1355
3983	1411
3984	1417
3985	1376
3986	1423
3987	1534
3988	1391
3989	1371
3990	1411
3991	1347
3992	1301
3993	1462
3994	1388
3995	1412
3996	1349
3997	1316
3998	1379
3999	1586
4000	1553
4001	1535
4002	1554
4003	1395
4004	1455
4005	1331
4006	1305
4007	1487
4008	1473
4009	1532
4010	1629
4011	1562
4012	1788
4013	2058
4014	1797
4015	2296
4016	1907
4017	2120
4018	1909
4019	1906
4020	1872
4021	2274
4022	1980
4023	2234
4024	2291
4025	2175
4026	1947
4027	2065
4028	2483
4029	2125
4030	3086
4031	3082
4032	7208
4033	4471
4034	4851
4035	7386
4036	3166
4037	3395
4038	2821
4039	2150
4040	2192
4041	2286
4042	1958
4043	2046
4044	1930
4045	1689
4046	1785
4047	1620
4048	1507
4049	1587
4050	1466
4051	1473
4052	1403
4053	1563
4054	1542
4055	1659
4056	1537
4057	1519
4058	1561
4059	1522
4060	1601
4061	1595
4062	1738
4063	1524
4064	1550
4065	1766
4066	1751
4067	1798
4068	1857
4069	1710
4070	1732
4071	1617
4072	1717
4073	1566
4074	1586
4075	1709
4076	1801
4077	1783
4078	1749
4079	1977
4080	2263
4081	2062
4082	1848
4083	1984
4084	1691
4085	1735
4086	1933
4087	1856
4088	1778
4089	1601
4090	1787
4091	1787
4092	1710
4093	1836
4094	1612
4095	1513
4096	1796
4097	2386
4098	3637
4099	1921
4100	1996
4101	1774
4102	1685
4103	1727
4104	1642
4105	1675
4106	1635
4107	1846
4108	1800
4109	1906
4110	1670
4111	1803
4112	1558
4113	1641
4114	1625
4115	1503
4116	1615
4117	1651
4118	1506
4119	1543
4120	1609
4121	1682
4122	1816
4123	1780
4124	1945
4125	1616
4126	2019
4127	2228
4128	1616
4129	1792
4130	1492
4131	2103
4132	1598
4133	1599
4134	1785
4135	1530
4136	1438
4137	1339
4138	1320
4139	1301
4140	1411
4141	1310
4142	1334
4143	1239
4144	1340
4145	1386
4146	1403
4147	1375
4148	1401
4149	1500
4150	1535
4151	1355
4152	1394
4153	1362
4154	1340
4155	1334
4156	1305
4157	1358
4158	1503
4159	1292
4160	1235
4161	1329
4162	1265
4163	1305
4164	1263
4165	1307
4166	1240
4167	1656
4168	1310
4169	1440
4170	1387
4171	1519
4172	1256
4173	1400
4174	1296
4175	1308
4176	1270
4177	1174
4178	1172
4179	1113
4180	1186
4181	1139
4182	1139
4183	1161
4184	1119
4185	1139
4186	1118
4187	1061
4188	1164
4189	1272
4190	1136
4191	1127
4192	1104
4193	1150
4194	1167
4195	1111
4196	1187
4197	1198
4198	1108
4199	1120
4200	1097
4201	1185
4202	1094
4203	1168
4204	1138
4205	1105
4206	1165
4207	1160
4208	1191
4209	1131
4210	1113
4211	1139
4212	1086
4213	1097
4214	1093
4215	1027
4216	1070
4217	1127
4218	1140
4219	1107
4220	1065
4221	1109
4222	1025
4223	1070
4224	1160
4225	1107
4226	1073
4227	1038
4228	1176
4229	1107
4230	1067
4231	1118
4232	1044
4233	1106
4234	1012
4235	1161
4236	1106
4237	1136
4238	1031
4239	1107
4240	1160
4241	989
4242	1032
4243	1105
4244	1013
4245	1016
4246	1122
4247	1037
4248	1078
4249	1327
4250	1223
4251	1169
4252	1090
4253	1053
4254	1189
4255	1057
4256	1028
4257	1099
4258	1088
4259	1070
4260	1014
4261	1110
4262	1094
4263	1247
4264	1098
4265	1099
4266	1176
4267	1208
4268	1237
4269	1148
4270	1118
4271	1091
4272	1100
4273	1232
4274	1165
4275	1113
4276	1227
4277	1132
4278	1138
4279	1190
4280	1159
4281	1273
4282	1294
4283	1234
4284	1230
4285	1168
4286	1153
4287	1149
4288	1131
4289	1162
4290	1215
4291	1180
4292	1176
4293	1289
4294	1299
4295	1278
4296	1265
4297	1225
4298	1280
4299	1312
4300	1295
4301	1276
4302	1272
4303	1329
4304	1283
4305	1231
4306	1325
4307	1192
4308	1273
4309	1179
4310	1220
4311	1155
4312	1300
4313	1271
4314	1244
4315	1218
4316	1165
4317	1268
4318	1214
4319	1236
4320	1176
4321	1062
4322	1149
4323	1091
4324	1118
4325	1107
4326	1014
4327	1127
4328	1128
4329	1069
4330	1002
4331	1023
4332	1150
4333	1006
4334	1023
4335	1085
4336	1105
4337	1028
4338	1088
4339	966
4340	942
4341	1043
4342	993
4343	971
4344	956
4345	940
4346	948
4347	1006
4348	979
4349	924
4350	1015
4351	1015
4352	1016
4353	1045
4354	1006
4355	1006
4356	901
4357	961
4358	1015
4359	956
4360	998
4361	978
4362	974
4363	986
4364	987
4365	946
4366	945
4367	1084
4368	999
4369	1029
4370	1025
4371	1041
4372	1132
4373	992
4374	1032
4375	1071
4376	1251
4377	1156
4378	1173
4379	1138
4380	1087
4381	1175
4382	1172
4383	1071
4384	1061
4385	954
4386	990
4387	970
4388	1041
4389	996
4390	982
4391	913
4392	1038
4393	976
4394	991
4395	1017
4396	938
4397	934
4398	918
4399	968
4400	970
4401	975
4402	929
4403	988
4404	982
4405	923
4406	969
4407	983
4408	1062
4409	1083
4410	1136
4411	1047
4412	956
4413	1058
4414	1047
4415	955
4416	1056
4417	984
4418	943
4419	1022
4420	1006
4421	1091
4422	1143
4423	1156
4424	1067
4425	1040
4426	1229
4427	1322
4428	1599
4429	1241
4430	1275
4431	1308
4432	1354
4433	1219
4434	1090
4435	942
4436	954
4437	1010
4438	939
4439	914
4440	935
4441	966
4442	995
4443	867
4444	882
4445	944
4446	903
4447	930
4448	937
4449	954
4450	1040
4451	991
4452	1010
4453	915
4454	944
4455	924
4456	962
4457	1053
4458	948
4459	998
4460	996
4461	948
4462	1046
4463	1056
4464	1164
4465	1133
4466	1181
4467	953
4468	948
4469	855
4470	957
4471	1039
4472	953
4473	952
4474	933
4475	907
4476	942
4477	966
4478	943
4479	907
4480	907
4481	947
4482	993
4483	974
4484	956
4485	973
4486	1013
4487	963
4488	942
4489	1028
4490	992
4491	960
4492	957
4493	959
4494	1042
4495	1004
4496	1060
4497	1042
4498	1036
4499	941
4500	1018
4501	967
4502	962
4503	974
4504	926
4505	915
4506	932
4507	929
4508	925
4509	983
4510	1020
4511	1000
4512	955
4513	920
4514	937
4515	942
4516	1011
4517	959
4518	1010
4519	930
4520	936
4521	1032
4522	969
4523	964
4524	952
4525	1006
4526	948
4527	1015
4528	962
4529	913
4530	985
4531	891
4532	946
4533	1008
4534	950
4535	1084
4536	1029
4537	965
4538	1005
4539	908
4540	926
4541	895
4542	941
4543	941
4544	921
4545	966
4546	995
4547	991
4548	1033
4549	960
4550	953
4551	970
4552	924
4553	1000
4554	961
4555	960
4556	970
4557	899
4558	969
4559	973
4560	893
4561	937
4562	933
4563	967
4564	953
4565	962
4566	958
4567	966
4568	932
4569	856
4570	881
4571	870
4572	975
4573	916
4574	853
4575	970
4576	934
4577	981
4578	946
4579	932
4580	908
4581	934
4582	996
4583	936
4584	980
4585	967
4586	957
4587	959
4588	1047
4589	986
4590	1035
4591	992
4592	995
4593	1005
4594	1050
4595	1032
4596	976
4597	1059
4598	963
4599	1048
4600	935
4601	1026
4602	906
4603	918
4604	939
4605	974
4606	984
4607	895
4608	958
4609	917
4610	925
4611	932
4612	953
4613	1084
4614	1004
4615	984
4616	1001
4617	907
4618	958
4619	1014
4620	969
4621	900
4622	966
4623	940
4624	965
4625	1029
4626	1079
4627	1021
4628	958
4629	890
4630	1042
4631	1082
4632	1254
4633	1184
4634	1064
4635	994
4636	1067
4637	1100
4638	1136
4639	1097
4640	993
4641	959
4642	962
4643	1052
4644	1032
4645	1143
4646	972
4647	1013
4648	963
4649	964
4650	1027
4651	966
4652	956
4653	993
4654	995
4655	997
4656	1062
4657	999
4658	1055
4659	1151
4660	1149
4661	1179
4662	1322
4663	1310
4664	1295
4665	1161
4666	1185
4667	1032
4668	985
4669	1054
4670	979
4671	986
4672	1180
4673	1174
4674	1139
4675	1117
4676	1110
4677	1239
4678	960
4679	898
4680	1100
4681	1037
4682	993
4683	966
4684	1018
4685	1007
4686	956
4687	948
4688	990
4689	978
4690	1028
4691	921
4692	1019
4693	1009
4694	1081
4695	1079
4696	984
4697	1059
4698	1253
4699	1298
4700	1737
4701	1348
4702	1177
4703	1362
4704	1390
4705	1335
4706	1234
4707	1151
4708	1051
4709	1006
4710	1146
4711	1085
4712	1043
4713	970
4714	1063
4715	1117
4716	997
4717	971
4718	960
4719	1014
4720	950
4721	982
4722	940
4723	938
4724	1056
4725	1131
4726	1229
4727	1088
4728	931
4729	952
4730	990
4731	1019
4732	1024
4733	956
4734	901
4735	1012
4736	933
4737	999
4738	1056
4739	1054
4740	976
4741	949
4742	1006
4743	1006
4744	1082
4745	1060
4746	1041
4747	926
4748	1003
4749	932
4750	962
4751	971
4752	951
4753	930
4754	927
4755	933
4756	985
4757	1022
4758	1027
4759	1234
4760	1287
4761	1172
4762	1100
4763	950
4764	1001
4765	1026
4766	947
4767	1003
4768	951
4769	887
4770	856
4771	925
4772	968
4773	924
4774	889
4775	884
4776	1066
4777	934
4778	1043
4779	965
4780	991
4781	962
4782	982
4783	971
4784	972
4785	1014
4786	981
4787	1039
4788	993
4789	942
4790	1001
4791	1009
4792	1036
4793	1002
4794	988
4795	1021
4796	930
4797	991
4798	924
4799	930
4800	882
4801	938
4802	1030
4803	941
4804	1334
4805	1182
4806	1258
4807	1027
4808	1016
4809	1077
4810	966
4811	946
4812	949
4813	934
4814	957
4815	1026
4816	1106
4817	1128
4818	1035
4819	1056
4820	1048
4821	981
4822	966
4823	973
4824	897
4825	999
4826	1312
4827	1396
4828	1041
4829	1027
4830	1013
4831	905
4832	982
4833	966
4834	992
4835	993
4836	993
4837	942
4838	898
4839	964
4840	956
4841	995
4842	963
4843	967
4844	892
4845	939
4846	1035
4847	1000
4848	954
4849	877
4850	1012
4851	917
4852	950
4853	942
4854	899
4855	985
4856	932
4857	991
4858	912
4859	893
4860	997
4861	1024
4862	971
4863	969
4864	979
4865	882
4866	877
4867	956
4868	920
4869	997
4870	911
4871	856
4872	936
4873	882
4874	830
4875	863
4876	857
4877	972
4878	863
4879	852
4880	930
4881	889
4882	838
4883	851
4884	858
4885	791
4886	951
4887	920
4888	919
4889	827
4890	884
4891	924
4892	861
4893	885
4894	906
4895	947
4896	840
4897	812
4898	907
4899	984
4900	878
4901	858
4902	928
4903	1006
4904	969
4905	962
4906	1070
4907	1038
4908	1132
4909	1053
4910	1197
4911	1013
4912	1197
4913	1001
4914	1109
4915	993
4916	1088
4917	980
4918	1060
4919	966
4920	1037
4921	977
4922	1066
4923	1166
4924	1098
4925	1133
4926	942
4927	1006
4928	939
4929	1014
4930	1030
4931	880
4932	996
4933	974
4934	926
4935	911
4936	925
4937	904
4938	965
4939	947
4940	990
4941	904
4942	980
4943	849
4944	881
4945	890
4946	910
4947	1020
4948	912
4949	926
4950	1077
4951	878
4952	944
4953	855
4954	946
4955	961
4956	946
4957	987
4958	995
4959	993
4960	981
4961	963
4962	941
4963	916
4964	896
4965	947
4966	903
4967	854
4968	878
4969	887
4970	1013
4971	913
4972	852
4973	860
4974	941
4975	859
4976	905
4977	974
4978	1081
4979	950
4980	822
4981	966
4982	922
4983	881
4984	939
4985	1017
4986	1053
4987	1191
4988	1251
4989	1181
4990	944
4991	991
4992	999
4993	880
4994	999
4995	949
4996	918
4997	890
4998	880
4999	890
5000	869
5001	854
5002	805
5003	856
5004	938
5005	850
5006	842
5007	831
5008	822
5009	834
5010	916
5011	870
5012	853
5013	801
5014	813
5015	826
5016	823
5017	809
5018	853
5019	854
5020	880
5021	841
5022	907
5023	809
5024	782
5025	769
5026	822
5027	850
5028	830
5029	806
5030	833
5031	836
5032	852
5033	856
5034	764
5035	820
5036	807
5037	791
5038	735
5039	815
5040	786
5041	791
5042	874
5043	787
5044	820
5045	844
5046	770
5047	817
5048	799
5049	822
5050	818
5051	775
5052	789
5053	735
5054	758
5055	793
5056	784
5057	800
5058	811
5059	748
5060	725
5061	829
5062	815
5063	737
5064	843
5065	822
5066	836
5067	815
5068	802
5069	850
5070	824
5071	828
5072	802
5073	787
5074	745
5075	764
5076	776
5077	787
5078	795
5079	800
5080	855
5081	800
5082	839
5083	944
5084	834
5085	827
5086	784
5087	811
5088	843
5089	826
5090	854
5091	832
5092	903
5093	707
5094	902
5095	880
5096	936
5097	834
5098	873
5099	844
5100	843
5101	807
5102	839
5103	832
5104	752
5105	883
5106	824
5107	762
5108	807
5109	743
5110	798
5111	871
5112	797
5113	679
5114	747
5115	774
5116	834
5117	855
5118	902
5119	805
5120	776
5121	806
5122	790
5123	814
5124	817
5125	845
5126	841
5127	787
5128	816
5129	680
5130	762
5131	728
5132	862
5133	714
5134	754
5135	827
5136	768
5137	788
5138	798
5139	739
5140	858
5141	801
5142	791
5143	765
5144	776
5145	773
5146	747
5147	729
5148	777
5149	820
5150	750
5151	764
5152	692
5153	752
5154	765
5155	795
5156	812
5157	813
5158	795
5159	801
5160	797
5161	753
5162	773
5163	817
5164	798
5165	758
5166	826
5167	817
5168	774
5169	729
5170	743
5171	771
5172	713
5173	668
5174	822
5175	708
5176	722
5177	724
5178	752
5179	679
5180	783
5181	737
5182	768
5183	693
5184	754
5185	729
5186	756
5187	748
5188	702
5189	738
5190	736
5191	785
5192	714
5193	669
5194	746
5195	761
5196	738
5197	730
5198	773
5199	734
5200	754
5201	704
5202	746
5203	771
5204	703
5205	727
5206	725
5207	754
5208	706
5209	737
5210	694
5211	697
5212	696
5213	676
5214	713
5215	783
5216	671
5217	693
5218	733
5219	696
5220	711
5221	719
5222	810
5223	746
5224	757
5225	695
5226	779
5227	709
5228	690
5229	794
5230	712
5231	764
5232	735
5233	739
5234	755
5235	713
5236	743
5237	708
5238	757
5239	766
5240	730
5241	691
5242	730
5243	763
5244	702
5245	751
5246	749
5247	785
5248	703
5249	719
5250	798
5251	749
5252	707
5253	738
5254	735
5255	733
5256	708
5257	779
5258	700
5259	746
5260	713
5261	696
5262	774
5263	733
5264	726
5265	758
5266	820
5267	768
5268	758
5269	782
5270	709
5271	730
5272	752
5273	766
5274	727
5275	732
5276	754
5277	732
5278	726
5279	759
5280	775
5281	735
5282	722
5283	805
5284	710
5285	776
5286	756
5287	738
5288	708
5289	767
5290	721
5291	775
5292	789
5293	710
5294	795
5295	774
5296	835
5297	797
5298	790
5299	808
5300	849
5301	849
5302	805
5303	989
5304	780
5305	872
5306	861
5307	816
5308	992
5309	910
5310	1031
5311	845
5312	1075
5313	867
5314	917
5315	950
5316	903
5317	957
5318	1034
5319	1017
5320	990
5321	857
5322	1025
5323	887
5324	1019
5325	834
5326	921
5327	856
5328	950
5329	890
5330	840
5331	922
5332	891
5333	891
5334	813
5335	825
5336	858
5337	845
5338	767
5339	871
5340	802
5341	952
5342	981
5343	901
5344	955
5345	896
5346	1003
5347	957
5348	869
5349	833
5350	864
5351	989
5352	906
5353	827
5354	906
5355	931
5356	947
5357	821
5358	835
5359	819
5360	828
5361	820
5362	735
5363	798
5364	779
5365	740
5366	857
5367	739
5368	787
5369	817
5370	780
5371	829
5372	800
5373	836
5374	864
5375	902
5376	885
5377	833
5378	875
5379	872
5380	923
5381	949
5382	926
5383	971
5384	881
5385	941
5386	875
5387	935
5388	795
5389	878
5390	1020
5391	995
5392	1041
5393	992
5394	952
5395	1011
5396	983
5397	933
5398	933
5399	939
5400	1010
5401	942
5402	921
5403	912
5404	897
5405	885
5406	870
5407	867
5408	846
5409	866
5410	848
5411	854
5412	835
5413	820
5414	749
5415	777
5416	775
5417	768
5418	777
5419	857
5420	785
5421	790
5422	717
5423	819
5424	822
5425	800
5426	756
5427	764
5428	823
5429	832
5430	721
5431	752
5432	795
5433	783
5434	861
5435	746
5436	897
5437	815
5438	819
5439	827
5440	879
5441	912
5442	863
5443	859
5444	856
5445	775
5446	932
5447	936
5448	929
5449	813
5450	892
5451	911
5452	790
5453	880
5454	795
5455	814
5456	809
5457	875
5458	842
5459	838
5460	824
5461	827
5462	849
5463	867
5464	887
5465	835
5466	832
5467	862
5468	880
5469	960
5470	961
5471	946
5472	953
5473	887
5474	942
5475	913
5476	965
5477	925
5478	903
5479	988
5480	935
5481	887
5482	973
5483	926
5484	927
5485	1077
5486	899
5487	974
5488	1057
5489	964
5490	1039
5491	946
5492	1012
5493	1027
5494	901
5495	921
5496	953
5497	905
5498	923
5499	895
5500	907
5501	899
5502	828
5503	889
5504	836
5505	895
5506	940
5507	928
5508	778
5509	843
5510	840
5511	849
5512	892
5513	810
5514	900
5515	841
5516	842
5517	834
5518	882
5519	926
5520	793
5521	995
5522	1247
5523	925
5524	937
5525	889
5526	873
5527	954
5528	879
5529	905
5530	1007
5531	897
5532	907
5533	955
5534	908
5535	959
5536	927
5537	937
5538	1031
5539	1023
5540	1126
5541	987
5542	973
5543	975
5544	978
5545	1062
5546	1003
5547	891
5548	900
5549	833
5550	999
5551	974
5552	864
5553	1042
5554	957
5555	920
5556	1135
5557	940
5558	930
5559	920
5560	903
5561	855
5562	851
5563	815
5564	822
5565	865
5566	914
5567	864
5568	910
5569	902
5570	1024
5571	890
5572	980
5573	963
5574	1075
5575	1047
5576	849
5577	840
5578	836
5579	870
5580	941
5581	868
5582	908
5583	842
5584	921
5585	828
5586	793
5587	856
5588	1002
5589	1515
5590	850
5591	894
5592	899
5593	919
5594	923
5595	883
5596	1009
5597	937
5598	980
5599	939
5600	937
5601	1062
5602	1186
5603	1231
5604	1285
5605	1349
5606	1090
5607	1222
5608	1289
5609	1426
5610	1092
5611	990
5612	983
5613	862
5614	868
5615	832
5616	803
5617	836
5618	853
5619	826
5620	903
5621	842
5622	826
5623	830
5624	974
5625	872
5626	895
5627	865
5628	946
5629	883
5630	844
5631	957
5632	943
5633	949
5634	930
5635	939
5636	911
5637	913
5638	814
5639	861
5640	855
5641	875
5642	922
5643	860
5644	937
5645	805
5646	873
5647	850
5648	903
5649	883
5650	861
5651	898
5652	909
5653	794
5654	876
5655	873
5656	803
5657	838
5658	837
5659	816
5660	852
5661	792
5662	855
5663	898
5664	852
5665	842
5666	858
5667	824
5668	858
5669	751
5670	779
5671	768
5672	862
5673	749
5674	704
5675	739
5676	818
5677	775
5678	762
5679	779
5680	934
5681	768
5682	835
5683	784
5684	765
5685	817
5686	733
5687	736
5688	778
5689	809
5690	801
5691	797
5692	829
5693	791
5694	784
5695	787
5696	759
5697	743
5698	810
5699	827
5700	719
5701	761
5702	793
5703	759
5704	831
5705	827
5706	813
5707	806
5708	732
5709	758
5710	744
5711	821
5712	764
5713	811
5714	751
5715	822
5716	770
5717	745
5718	757
5719	739
5720	752
5721	821
5722	788
5723	815
5724	734
5725	728
5726	741
5727	759
5728	697
5729	757
5730	710
5731	660
5732	674
5733	702
5734	671
5735	709
5736	736
5737	725
5738	716
5739	691
5740	744
5741	777
5742	707
5743	738
5744	767
5745	706
5746	730
5747	704
5748	676
5749	695
5750	669
5751	710
5752	740
5753	737
5754	668
5755	773
5756	701
5757	798
5758	713
5759	763
5760	779
5761	737
5762	747
5763	784
5764	661
5765	739
5766	742
5767	768
5768	704
5769	754
5770	738
5771	683
5772	716
5773	784
5774	798
5775	704
5776	820
5777	774
5778	730
5779	683
5780	713
5781	720
5782	733
5783	789
5784	709
5785	770
5786	768
5787	632
5788	813
5789	793
5790	806
5791	770
5792	737
5793	771
5794	751
5795	707
5796	746
5797	725
5798	751
5799	742
5800	721
5801	750
5802	765
5803	852
5804	743
5805	725
5806	713
5807	693
5808	758
5809	734
5810	737
5811	709
5812	744
5813	707
5814	690
5815	741
5816	751
5817	843
5818	732
5819	811
5820	717
5821	776
5822	856
5823	833
5824	728
5825	823
5826	793
5827	804
5828	811
5829	756
5830	805
5831	812
5832	808
5833	763
5834	793
5835	850
5836	755
5837	819
5838	819
5839	701
5840	741
5841	740
5842	745
5843	743
5844	698
5845	797
5846	805
5847	803
5848	708
5849	842
5850	810
5851	737
5852	873
5853	779
5854	849
5855	798
5856	859
5857	830
5858	813
5859	743
5860	766
5861	773
5862	681
5863	758
5864	774
5865	817
5866	746
5867	769
5868	849
5869	837
5870	704
5871	846
5872	764
5873	759
5874	837
5875	763
5876	791
5877	832
5878	771
5879	774
5880	717
5881	781
5882	758
5883	752
5884	711
5885	737
5886	754
5887	734
5888	731
5889	762
5890	777
5891	724
5892	816
5893	807
5894	801
5895	889
5896	799
5897	743
5898	781
5899	722
5900	720
5901	805
5902	730
5903	803
5904	758
5905	747
5906	729
5907	770
5908	743
5909	760
5910	694
5911	701
5912	783
5913	723
5914	813
5915	733
5916	801
5917	768
5918	728
5919	758
5920	788
5921	702
5922	768
5923	727
5924	717
5925	707
5926	701
5927	679
5928	693
5929	747
5930	702
5931	746
5932	710
5933	692
5934	695
5935	707
5936	655
5937	733
5938	693
5939	676
5940	731
5941	654
5942	690
5943	624
5944	705
5945	722
5946	743
5947	792
5948	788
5949	726
5950	626
5951	688
5952	681
5953	648
5954	694
5955	771
5956	691
5957	696
5958	755
5959	722
5960	763
5961	663
5962	696
5963	704
5964	689
5965	694
5966	704
5967	714
5968	704
5969	698
5970	760
5971	749
5972	666
5973	693
5974	769
5975	759
5976	717
5977	747
5978	704
5979	796
5980	756
5981	790
5982	769
5983	766
5984	714
5985	720
5986	655
5987	727
5988	730
5989	769
5990	719
5991	770
5992	713
5993	661
5994	674
5995	703
5996	675
5997	717
5998	685
5999	689
6000	671
6001	739
6002	711
6003	706
6004	657
6005	716
6006	752
6007	646
6008	654
6009	713
6010	641
6011	673
6012	750
6013	709
6014	725
6015	681
6016	642
6017	744
6018	693
6019	693
6020	737
6021	781
6022	793
6023	646
6024	671
6025	693
6026	720
6027	725
6028	657
6029	699
6030	709
6031	690
6032	734
6033	714
6034	638
6035	703
6036	691
6037	686
6038	727
6039	727
6040	679
6041	672
6042	653
6043	664
6044	608
6045	660
6046	744
6047	626
6048	683
6049	710
6050	671
6051	681
6052	648
6053	685
6054	645
6055	722
6056	638
6057	718
6058	705
6059	675
6060	680
6061	623
6062	702
6063	705
6064	735
6065	685
6066	648
6067	698
6068	693
6069	674
6070	663
6071	668
6072	757
6073	661
6074	653
6075	679
6076	708
6077	708
6078	763
6079	749
6080	696
6081	774
6082	719
6083	741
6084	768
6085	682
6086	702
6087	732
6088	685
6089	781
6090	769
6091	782
6092	672
6093	716
6094	700
6095	679
6096	697
6097	655
6098	612
6099	642
6100	705
6101	685
6102	671
6103	663
6104	678
6105	667
6106	652
6107	684
6108	623
6109	709
6110	650
6111	734
6112	621
6113	717
6114	631
6115	699
6116	747
6117	633
6118	691
6119	692
6120	696
6121	700
6122	705
6123	759
6124	655
6125	737
6126	709
6127	764
6128	798
6129	800
6130	765
6131	877
6132	813
6133	893
6134	766
6135	705
6136	705
6137	774
6138	725
6139	817
6140	770
6141	728
6142	768
6143	758
6144	691
6145	680
6146	814
6147	672
6148	707
6149	755
6150	654
6151	666
6152	693
6153	669
6154	746
6155	644
6156	718
6157	696
6158	757
6159	622
6160	647
6161	630
6162	646
6163	636
6164	583
6165	697
6166	598
6167	643
6168	638
6169	629
6170	646
6171	636
6172	590
6173	607
6174	596
6175	673
6176	590
6177	588
6178	714
6179	631
6180	641
6181	619
6182	662
6183	602
6184	622
6185	646
6186	641
6187	639
6188	637
6189	590
6190	626
6191	636
6192	600
6193	674
6194	580
6195	628
6196	609
6197	652
6198	655
6199	570
6200	623
6201	612
6202	758
6203	623
6204	604
6205	563
6206	600
6207	575
6208	586
6209	582
6210	600
6211	538
6212	603
6213	591
6214	590
6215	603
6216	567
6217	571
6218	568
6219	552
6220	601
6221	583
6222	526
6223	556
6224	540
6225	519
6226	546
6227	531
6228	555
6229	602
6230	596
6231	539
6232	561
6233	540
6234	523
6235	570
6236	498
6237	558
6238	554
6239	584
6240	560
6241	582
6242	578
6243	489
6244	571
6245	577
6246	562
6247	590
6248	568
6249	530
6250	564
6251	513
6252	618
6253	575
6254	603
6255	556
6256	585
6257	574
6258	671
6259	619
6260	596
6261	605
6262	613
6263	601
6264	560
6265	591
6266	645
6267	647
6268	608
6269	592
6270	591
6271	604
6272	657
6273	648
6274	592
6275	615
6276	610
6277	602
6278	612
6279	563
6280	547
6281	591
6282	583
6283	566
6284	651
6285	601
6286	578
6287	591
6288	553
6289	651
6290	583
6291	565
6292	610
6293	617
6294	622
6295	641
6296	580
6297	596
6298	574
6299	555
6300	556
6301	628
6302	664
6303	585
6304	624
6305	568
6306	576
6307	600
6308	596
6309	543
6310	611
6311	616
6312	646
6313	592
6314	568
6315	608
6316	658
6317	639
6318	629
6319	658
6320	638
6321	664
6322	583
6323	611
6324	630
6325	624
6326	697
6327	634
6328	711
6329	649
6330	667
6331	690
6332	674
6333	618
6334	609
6335	638
6336	668
6337	667
6338	686
6339	721
6340	723
6341	697
6342	691
6343	693
6344	712
6345	687
6346	638
6347	711
6348	681
6349	716
6350	710
6351	640
6352	709
6353	671
6354	745
6355	687
6356	687
6357	744
6358	656
6359	714
6360	735
6361	624
6362	647
6363	689
6364	766
6365	742
6366	652
6367	716
6368	709
6369	651
6370	684
6371	682
6372	697
6373	687
6374	659
6375	719
6376	669
6377	714
6378	660
6379	760
6380	662
6381	655
6382	706
6383	672
6384	674
6385	723
6386	689
6387	673
6388	678
6389	624
6390	663
6391	642
6392	671
6393	624
6394	672
6395	701
6396	691
6397	619
6398	673
6399	640
6400	674
6401	724
6402	682
6403	653
6404	688
6405	669
6406	648
6407	698
6408	672
6409	625
6410	670
6411	605
6412	640
6413	644
6414	757
6415	765
6416	693
6417	669
6418	707
6419	711
6420	617
6421	686
6422	741
6423	717
6424	643
6425	636
6426	631
6427	645
6428	606
6429	646
6430	703
6431	619
6432	650
6433	634
6434	612
6435	629
6436	614
6437	645
6438	729
6439	690
6440	657
6441	629
6442	608
6443	694
6444	692
6445	678
6446	637
6447	647
6448	635
6449	603
6450	590
6451	643
6452	618
6453	571
6454	615
6455	629
6456	611
6457	651
6458	693
6459	637
6460	633
6461	614
6462	641
6463	636
6464	665
6465	614
6466	695
6467	653
6468	629
6469	609
6470	609
6471	637
6472	602
6473	622
6474	642
6475	644
6476	662
6477	614
6478	594
6479	611
6480	595
6481	623
6482	568
6483	617
6484	615
6485	589
6486	647
6487	657
6488	641
6489	657
6490	583
6491	707
6492	646
6493	627
6494	561
6495	609
6496	625
6497	646
6498	591
6499	641
6500	713
6501	606
6502	558
6503	582
6504	641
6505	635
6506	623
6507	616
6508	629
6509	656
6510	598
6511	599
6512	609
6513	636
6514	603
6515	592
6516	591
6517	639
6518	655
6519	635
6520	591
6521	591
6522	661
6523	589
6524	604
6525	585
6526	589
6527	600
6528	594
6529	642
6530	572
6531	589
6532	569
6533	565
6534	661
6535	576
6536	609
6537	673
6538	572
6539	623
6540	612
6541	570
6542	579
6543	578
6544	550
6545	635
6546	644
6547	597
6548	554
6549	621
6550	592
6551	602
6552	591
6553	621
6554	582
6555	604
6556	635
6557	549
6558	636
6559	639
6560	667
6561	591
6562	579
6563	598
6564	637
6565	644
6566	670
6567	593
6568	658
6569	619
6570	595
6571	579
6572	633
6573	563
6574	638
6575	652
6576	612
6577	643
6578	629
6579	634
6580	714
6581	610
6582	559
6583	618
6584	605
6585	688
6586	642
6587	595
6588	654
6589	682
6590	652
6591	611
6592	631
6593	675
6594	614
6595	712
6596	681
6597	654
6598	674
6599	654
6600	851
6601	683
6602	774
6603	771
6604	652
6605	722
6606	689
6607	706
6608	649
6609	715
6610	700
6611	616
6612	736
6613	645
6614	704
6615	680
6616	651
6617	692
6618	687
6619	688
6620	682
6621	601
6622	684
6623	669
6624	577
6625	604
6626	540
6627	583
6628	622
6629	600
6630	570
6631	538
6632	563
6633	574
6634	589
6635	626
6636	587
6637	563
6638	554
6639	528
6640	504
6641	548
6642	510
6643	538
6644	578
6645	572
6646	560
6647	544
6648	554
6649	553
6650	544
6651	560
6652	520
6653	515
6654	502
6655	584
6656	555
6657	502
6658	557
6659	533
6660	500
6661	535
6662	577
6663	518
6664	518
6665	534
6666	579
6667	530
6668	497
6669	528
6670	535
6671	559
6672	526
6673	543
6674	525
6675	512
6676	523
6677	563
6678	533
6679	505
6680	593
6681	516
6682	536
6683	558
6684	558
6685	582
6686	561
6687	525
6688	563
6689	494
6690	597
6691	510
6692	485
6693	577
6694	531
6695	530
6696	568
6697	531
6698	555
6699	553
6700	519
6701	575
6702	601
6703	584
6704	587
6705	525
6706	544
6707	543
6708	540
6709	545
6710	567
6711	548
6712	526
6713	580
6714	541
6715	540
6716	541
6717	509
6718	504
6719	511
6720	572
6721	538
6722	546
6723	527
6724	525
6725	552
6726	543
6727	532
6728	566
6729	540
6730	547
6731	620
6732	591
6733	629
6734	543
6735	542
6736	566
6737	557
6738	552
6739	602
6740	635
6741	562
6742	638
6743	643
6744	625
6745	649
6746	523
6747	608
6748	623
6749	629
6750	594
6751	594
6752	669
6753	629
6754	620
6755	593
6756	647
6757	591
6758	690
6759	595
6760	576
6761	632
6762	636
6763	604
6764	610
6765	668
6766	781
6767	723
6768	646
6769	753
6770	857
6771	789
6772	794
6773	792
6774	693
6775	747
6776	846
6777	745
6778	741
6779	644
6780	642
6781	672
6782	635
6783	645
6784	705
6785	720
6786	620
6787	682
6788	672
6789	745
6790	653
6791	629
6792	705
6793	716
6794	712
6795	668
6796	660
6797	625
6798	613
6799	649
6800	585
6801	594
6802	639
6803	593
6804	622
6805	695
6806	611
6807	600
6808	647
6809	675
6810	607
6811	628
6812	613
6813	642
6814	623
6815	651
6816	550
6817	547
6818	597
6819	669
6820	623
6821	602
6822	536
6823	617
6824	597
6825	620
6826	619
6827	655
6828	569
6829	617
6830	603
6831	571
6832	628
6833	563
6834	675
6835	627
6836	643
6837	677
6838	544
6839	621
6840	689
6841	655
6842	556
6843	510
6844	543
6845	587
6846	536
6847	605
6848	563
6849	628
6850	629
6851	625
6852	609
6853	617
6854	590
6855	570
6856	587
6857	620
6858	623
6859	580
6860	569
6861	613
6862	594
6863	601
6864	664
6865	612
6866	521
6867	604
6868	594
6869	593
6870	626
6871	556
6872	588
6873	572
6874	538
6875	522
6876	530
6877	517
6878	569
6879	601
6880	644
6881	626
6882	629
6883	522
6884	547
6885	646
6886	565
6887	557
6888	561
6889	518
6890	509
6891	535
6892	568
6893	549
6894	567
6895	579
6896	628
6897	535
6898	507
6899	610
6900	551
6901	566
6902	559
6903	552
6904	538
6905	589
6906	588
6907	619
6908	561
6909	599
6910	579
6911	543
6912	544
6913	559
6914	544
6915	572
6916	552
6917	572
6918	523
6919	522
6920	559
6921	545
6922	545
6923	612
6924	544
6925	558
6926	577
6927	477
6928	581
6929	545
6930	604
6931	572
6932	565
6933	553
6934	552
6935	562
6936	570
6937	557
6938	543
6939	649
6940	572
6941	602
6942	550
6943	555
6944	639
6945	635
6946	607
6947	525
6948	565
6949	613
6950	600
6951	515
6952	537
6953	562
6954	615
6955	537
6956	590
6957	553
6958	522
6959	585
6960	571
6961	603
6962	560
6963	515
6964	489
6965	539
6966	569
6967	540
6968	568
6969	529
6970	533
6971	568
6972	545
6973	570
6974	543
6975	555
6976	582
6977	589
6978	598
6979	581
6980	541
6981	578
6982	608
6983	548
6984	621
6985	542
6986	543
6987	578
6988	545
6989	506
6990	568
6991	582
6992	569
6993	534
6994	561
6995	547
6996	496
6997	590
6998	596
6999	558
7000	570
7001	558
7002	566
7003	552
7004	546
7005	609
7006	561
7007	531
7008	553
7009	577
7010	524
7011	536
7012	562
7013	585
7014	597
7015	552
7016	560
7017	548
7018	553
7019	520
7020	579
7021	518
7022	608
7023	580
7024	569
7025	567
7026	558
7027	659
7028	521
7029	535
7030	503
7031	547
7032	592
7033	526
7034	572
7035	564
7036	577
7037	570
7038	583
7039	501
7040	566
7041	579
7042	560
7043	508
7044	549
7045	510
7046	544
7047	534
7048	554
7049	552
7050	575
7051	542
7052	518
7053	592
7054	559
7055	584
7056	562
7057	544
7058	616
7059	581
7060	533
7061	530
7062	641
7063	616
7064	607
7065	594
7066	584
7067	615
7068	589
7069	560
7070	584
7071	535
7072	599
7073	604
7074	558
7075	605
7076	634
7077	535
7078	574
7079	568
7080	574
7081	557
7082	526
7083	528
7084	593
7085	499
7086	515
7087	554
7088	554
7089	550
7090	592
7091	570
7092	583
7093	523
7094	565
7095	486
7096	548
7097	569
7098	525
7099	571
7100	532
7101	536
7102	536
7103	525
7104	553
7105	577
7106	559
7107	577
7108	535
7109	496
7110	514
7111	544
7112	551
7113	532
7114	563
7115	575
7116	551
7117	526
7118	565
7119	561
7120	536
7121	534
7122	474
7123	557
7124	495
7125	520
7126	466
7127	474
7128	527
7129	522
7130	499
7131	504
7132	434
7133	488
7134	508
7135	544
7136	437
7137	451
7138	463
7139	522
7140	499
7141	511
7142	506
7143	465
7144	508
7145	544
7146	555
7147	523
7148	522
7149	591
7150	509
7151	530
7152	544
7153	555
7154	506
7155	521
7156	478
7157	525
7158	476
7159	503
7160	548
7161	583
7162	535
7163	536
7164	544
7165	532
7166	564
7167	547
7168	563
7169	551
7170	574
7171	495
7172	561
7173	520
7174	494
7175	558
7176	495
7177	478
7178	515
7179	580
7180	571
7181	577
7182	501
7183	500
7184	570
7185	500
7186	559
7187	522
7188	499
7189	557
7190	497
7191	544
7192	439
7193	512
7194	529
7195	528
7196	496
7197	577
7198	486
7199	509
7200	483
7201	482
7202	571
7203	499
7204	494
7205	489
7206	580
7207	585
7208	578
7209	562
7210	533
7211	543
7212	503
7213	485
7214	496
7215	557
7216	534
7217	546
7218	524
7219	518
7220	540
7221	597
7222	551
7223	571
7224	570
7225	542
7226	539
7227	553
7228	580
7229	567
7230	571
7231	560
7232	513
7233	550
7234	522
7235	552
7236	578
7237	590
7238	590
7239	642
7240	543
7241	464
7242	542
7243	544
7244	561
7245	584
7246	586
7247	576
7248	567
7249	515
7250	590
7251	636
7252	619
7253	574
7254	552
7255	564
7256	645
7257	602
7258	570
7259	542
7260	556
7261	596
7262	586
7263	608
7264	546
7265	662
7266	611
7267	562
7268	610
7269	645
7270	574
7271	602
7272	608
7273	583
7274	558
7275	525
7276	634
7277	558
7278	658
7279	543
7280	601
7281	592
7282	607
7283	663
7284	608
7285	654
7286	569
7287	708
7288	604
7289	549
7290	621
7291	589
7292	541
7293	576
7294	560
7295	564
7296	515
7297	524
7298	556
7299	534
7300	541
7301	523
7302	581
7303	586
7304	523
7305	563
7306	564
7307	636
7308	505
7309	566
7310	569
7311	574
7312	546
7313	592
7314	614
7315	536
7316	541
7317	500
7318	490
7319	520
7320	559
7321	538
7322	566
7323	560
7324	571
7325	521
7326	564
7327	505
7328	564
7329	615
7330	510
7331	572
7332	533
7333	493
7334	537
7335	510
7336	589
7337	560
7338	527
7339	541
7340	542
7341	553
7342	600
7343	528
7344	548
7345	578
7346	515
7347	523
7348	567
7349	554
7350	575
7351	542
7352	558
7353	569
7354	501
7355	548
7356	554
7357	605
7358	601
7359	529
7360	563
7361	491
7362	534
7363	554
7364	543
7365	497
7366	519
7367	532
7368	505
7369	520
7370	515
7371	536
7372	491
7373	520
7374	529
7375	518
7376	512
7377	477
7378	574
7379	514
7380	538
7381	475
7382	511
7383	561
7384	536
7385	556
7386	519
7387	497
7388	459
7389	464
7390	460
7391	470
7392	470
7393	477
7394	591
7395	491
7396	520
7397	481
7398	492
7399	493
7400	483
7401	528
7402	492
7403	469
7404	537
7405	479
7406	541
7407	502
7408	482
7409	498
7410	499
7411	506
7412	441
7413	469
7414	422
7415	474
7416	514
7417	534
7418	525
7419	488
7420	523
7421	534
7422	506
7423	501
7424	538
7425	473
7426	553
7427	498
7428	488
7429	489
7430	493
7431	477
7432	513
7433	445
7434	464
7435	466
7436	499
7437	513
7438	562
7439	537
7440	484
7441	544
7442	510
7443	533
7444	519
7445	531
7446	523
7447	484
7448	550
7449	519
7450	602
7451	506
7452	523
7453	541
7454	555
7455	567
7456	500
7457	526
7458	539
7459	593
7460	599
7461	565
7462	538
7463	528
7464	554
7465	487
7466	503
7467	495
7468	503
7469	485
7470	493
7471	481
7472	507
7473	498
7474	483
7475	508
7476	522
7477	509
7478	479
7479	482
7480	517
7481	491
7482	498
7483	539
7484	502
7485	560
7486	497
7487	519
7488	538
7489	481
7490	465
7491	502
7492	452
7493	485
7494	498
7495	504
7496	462
7497	480
7498	468
7499	494
7500	482
7501	443
7502	486
7503	498
7504	482
7505	513
7506	440
7507	517
7508	494
7509	583
7510	452
7511	548
7512	456
7513	511
7514	540
7515	470
7516	513
7517	523
7518	534
7519	495
7520	564
7521	447
7522	419
7523	472
7524	535
7525	523
7526	515
7527	529
7528	506
7529	521
7530	563
7531	471
7532	547
7533	516
7534	432
7535	497
7536	474
7537	446
7538	489
7539	476
7540	432
7541	426
7542	480
7543	486
7544	445
7545	471
7546	418
7547	444
7548	456
7549	467
7550	499
7551	506
7552	493
7553	474
7554	460
7555	518
7556	497
7557	510
7558	472
7559	510
7560	481
7561	479
7562	462
7563	487
7564	427
7565	489
7566	497
7567	468
7568	464
7569	487
7570	497
7571	412
7572	483
7573	480
7574	459
7575	464
7576	481
7577	508
7578	472
7579	479
7580	425
7581	454
7582	441
7583	439
7584	462
7585	431
7586	483
7587	525
7588	499
7589	453
7590	490
7591	464
7592	460
7593	446
7594	444
7595	419
7596	414
7597	475
7598	435
7599	484
7600	402
7601	477
7602	441
7603	423
7604	461
7605	498
7606	509
7607	385
7608	445
7609	461
7610	441
7611	470
7612	492
7613	468
7614	438
7615	415
7616	458
7617	427
7618	458
7619	438
7620	441
7621	469
7622	440
7623	490
7624	438
7625	515
7626	413
7627	513
7628	445
7629	442
7630	455
7631	490
7632	530
7633	390
7634	441
7635	540
7636	420
7637	524
7638	504
7639	549
7640	440
7641	539
7642	447
7643	476
7644	514
7645	547
7646	480
7647	542
7648	541
7649	508
7650	507
7651	475
7652	479
7653	463
7654	525
7655	493
7656	475
7657	476
7658	463
7659	452
7660	493
7661	445
7662	467
7663	449
7664	479
7665	440
7666	450
7667	427
7668	511
7669	514
7670	442
7671	510
7672	496
7673	494
7674	476
7675	468
7676	425
7677	408
7678	474
7679	472
7680	493
7681	476
7682	483
7683	477
7684	472
7685	473
7686	438
7687	445
7688	480
7689	471
7690	462
7691	475
7692	439
7693	390
7694	453
7695	528
7696	503
7697	459
7698	408
7699	458
7700	467
7701	443
7702	514
7703	488
7704	468
7705	464
7706	494
7707	434
7708	425
7709	407
7710	467
7711	452
7712	495
7713	454
7714	464
7715	459
7716	431
7717	463
7718	469
7719	445
7720	448
7721	444
7722	469
7723	433
7724	458
7725	468
7726	415
7727	451
7728	456
7729	477
7730	454
7731	466
7732	448
7733	451
7734	431
7735	453
7736	437
7737	482
7738	448
7739	467
7740	496
7741	503
7742	480
7743	474
7744	466
7745	483
7746	440
7747	513
7748	406
7749	412
7750	456
7751	445
7752	444
7753	460
7754	429
7755	436
7756	473
7757	471
7758	457
7759	504
7760	463
7761	408
7762	428
7763	480
7764	446
7765	425
7766	471
7767	444
7768	422
7769	508
7770	494
7771	440
7772	520
7773	470
7774	432
7775	518
7776	458
7777	505
7778	470
7779	454
7780	503
7781	530
7782	486
7783	441
7784	520
7785	511
7786	496
7787	497
7788	502
7789	450
7790	464
7791	459
7792	468
7793	439
7794	453
7795	468
7796	445
7797	419
7798	471
7799	525
7800	511
7801	493
7802	523
7803	521
7804	473
7805	456
7806	510
7807	509
7808	491
7809	450
7810	436
7811	478
7812	490
7813	471
7814	554
7815	494
7816	491
7817	436
7818	458
7819	511
7820	485
7821	467
7822	498
7823	475
7824	553
7825	452
7826	543
7827	486
7828	445
7829	446
7830	476
7831	449
7832	438
7833	481
7834	484
7835	466
7836	477
7837	460
7838	516
7839	432
7840	470
7841	439
7842	452
7843	502
7844	504
7845	503
7846	420
7847	497
7848	497
7849	430
7850	470
7851	441
7852	527
7853	461
7854	515
7855	469
7856	473
7857	488
7858	473
7859	475
7860	439
7861	447
7862	508
7863	470
7864	478
7865	445
7866	466
7867	507
7868	535
7869	506
7870	517
7871	524
7872	539
7873	483
7874	456
7875	470
7876	429
7877	494
7878	502
7879	529
7880	463
7881	450
7882	477
7883	454
7884	446
7885	445
7886	491
7887	454
7888	468
7889	497
7890	441
7891	493
7892	540
7893	476
7894	489
7895	492
7896	475
7897	486
7898	510
7899	450
7900	468
7901	459
7902	534
7903	507
7904	583
7905	517
7906	449
7907	500
7908	505
7909	494
7910	532
7911	486
7912	506
7913	501
7914	495
7915	506
7916	531
7917	453
7918	489
7919	480
7920	473
7921	483
7922	507
7923	534
7924	497
7925	528
7926	546
7927	486
7928	518
7929	484
7930	469
7931	507
7932	432
7933	445
7934	432
7935	464
7936	506
7937	421
7938	490
7939	452
7940	501
7941	464
7942	466
7943	480
7944	485
7945	461
7946	498
7947	468
7948	481
7949	433
7950	488
7951	467
7952	477
7953	476
7954	449
7955	459
7956	529
7957	497
7958	504
7959	447
7960	474
7961	469
7962	505
7963	449
7964	449
7965	482
7966	393
7967	462
7968	501
7969	475
7970	491
7971	481
7972	468
7973	432
7974	503
7975	482
7976	461
7977	417
7978	481
7979	455
7980	463
7981	438
7982	432
7983	471
7984	450
7985	473
7986	446
7987	442
7988	439
7989	455
7990	478
7991	440
7992	425
7993	516
7994	488
7995	452
7996	404
7997	464
7998	482
7999	487
8000	484
8001	457
8002	416
8003	440
8004	415
8005	387
8006	462
8007	467
8008	454
8009	427
8010	424
8011	420
8012	412
8013	435
8014	473
8015	454
8016	471
8017	504
8018	415
8019	494
8020	477
8021	485
8022	427
8023	457
8024	468
8025	454
8026	479
8027	462
8028	428
8029	490
8030	524
8031	491
8032	491
8033	471
8034	516
8035	459
8036	521
8037	462
8038	498
8039	497
8040	467
8041	542
8042	494
8043	543
8044	518
8045	428
8046	514
8047	489
8048	498
8049	516
8050	537
8051	483
8052	530
8053	552
8054	573
8055	558
8056	514
8057	524
8058	534
8059	573
8060	516
8061	573
8062	552
8063	546
8064	611
8065	582
8066	551
8067	493
8068	564
8069	547
8070	561
8071	612
8072	503
8073	575
8074	585
8075	559
8076	563
8077	565
8078	556
8079	524
8080	539
8081	524
8082	566
8083	545
8084	487
8085	547
8086	532
8087	551
8088	536
8089	556
8090	506
8091	564
8092	548
8093	497
8094	492
8095	497
8096	575
8097	524
8098	496
8099	542
8100	604
8101	510
8102	536
8103	549
8104	548
8105	525
8106	524
8107	566
8108	479
8109	570
8110	552
8111	507
8112	539
8113	598
8114	531
8115	551
8116	563
8117	517
8118	517
8119	568
8120	511
8121	509
8122	530
8123	486
8124	561
8125	530
8126	551
8127	456
8128	481
8129	546
8130	490
8131	535
8132	477
8133	515
8134	495
8135	546
8136	541
8137	522
8138	478
8139	508
8140	574
8141	542
8142	531
8143	569
8144	566
8145	550
8146	496
8147	496
8148	517
8149	561
8150	582
8151	567
8152	582
8153	488
8154	498
8155	541
8156	515
8157	520
8158	514
8159	481
8160	557
8161	483
8162	484
8163	505
8164	544
8165	514
8166	532
8167	459
8168	538
8169	553
8170	491
8171	580
8172	537
8173	548
8174	506
8175	522
8176	460
8177	503
8178	455
8179	494
8180	532
8181	468
8182	490
8183	543
8184	437
8185	428
8186	504
8187	495
8188	453
8189	493
8190	504
8191	466
8192	472
8193	495
8194	506
8195	457
8196	502
8197	466
8198	501
8199	407
8200	449
8201	500
8202	507
8203	481
8204	467
8205	432
8206	448
8207	428
8208	416
8209	466
8210	482
8211	463
8212	498
8213	472
8214	469
8215	428
8216	495
8217	467
8218	481
8219	494
8220	487
8221	455
8222	428
8223	472
8224	438
8225	501
8226	464
8227	494
8228	523
8229	420
8230	449
8231	479
8232	440
8233	420
8234	408
8235	449
8236	428
8237	430
8238	475
8239	429
8240	446
8241	427
8242	451
8243	449
8244	499
8245	435
8246	431
8247	464
8248	465
8249	419
8250	463
8251	406
8252	432
8253	410
8254	471
8255	439
8256	499
8257	436
8258	466
8259	435
8260	447
8261	434
8262	449
8263	400
8264	406
8265	372
8266	456
8267	492
8268	405
8269	431
8270	414
8271	401
8272	469
8273	390
8274	389
8275	391
8276	480
8277	436
8278	407
8279	401
8280	423
8281	432
8282	411
8283	413
8284	421
8285	481
8286	438
8287	393
8288	379
8289	400
8290	410
8291	444
8292	426
8293	395
8294	384
8295	444
8296	393
8297	384
8298	364
8299	383
8300	418
8301	388
8302	399
8303	407
8304	411
8305	374
8306	388
8307	451
8308	411
8309	407
8310	399
8311	431
8312	405
8313	403
8314	414
8315	456
8316	331
8317	354
8318	413
8319	416
8320	373
8321	367
8322	385
8323	373
8324	365
8325	382
8326	379
8327	350
8328	419
8329	409
8330	365
8331	380
8332	461
8333	417
8334	394
8335	392
8336	387
8337	386
8338	444
8339	394
8340	445
8341	421
8342	403
8343	394
8344	376
8345	396
8346	452
8347	431
8348	385
8349	389
8350	391
8351	393
8352	414
8353	404
8354	442
8355	404
8356	443
8357	362
8358	461
8359	425
8360	431
8361	429
8362	358
8363	372
8364	399
8365	424
8366	373
8367	389
8368	443
8369	382
8370	437
8371	368
8372	389
8373	414
8374	396
8375	393
8376	387
8377	351
8378	400
8379	431
8380	425
8381	365
8382	414
8383	416
8384	398
8385	431
8386	392
8387	444
8388	388
8389	409
8390	391
8391	427
8392	421
8393	463
8394	430
8395	382
8396	409
8397	385
8398	390
8399	467
8400	447
8401	418
8402	425
8403	435
8404	416
8405	417
8406	421
8407	461
8408	446
8409	491
8410	465
8411	477
8412	460
8413	426
8414	424
8415	384
8416	453
8417	438
8418	460
8419	432
8420	428
8421	423
8422	404
8423	405
8424	428
8425	422
8426	425
8427	376
8428	373
8429	349
8430	410
8431	368
8432	415
8433	416
8434	394
8435	428
8436	442
8437	382
8438	421
8439	405
8440	388
8441	401
8442	406
8443	430
8444	413
8445	385
8446	442
8447	398
8448	433
8449	441
8450	453
8451	385
8452	350
8453	367
8454	361
8455	393
8456	327
8457	389
8458	389
8459	409
8460	349
8461	389
8462	403
8463	354
8464	424
8465	365
8466	435
8467	403
8468	333
8469	322
8470	374
8471	348
8472	414
8473	401
8474	381
8475	397
8476	329
8477	366
8478	405
8479	386
8480	354
8481	341
8482	411
8483	378
8484	302
8485	357
8486	355
8487	372
8488	420
8489	384
8490	323
8491	307
8492	362
8493	349
8494	346
8495	350
8496	342
8497	368
8498	284
8499	365
8500	368
8501	376
8502	376
8503	327
8504	360
8505	365
8506	335
8507	337
8508	387
8509	365
8510	331
8511	329
8512	393
8513	341
8514	342
8515	380
8516	383
8517	374
8518	377
8519	318
8520	405
8521	330
8522	385
8523	361
8524	362
8525	344
8526	309
8527	377
8528	372
8529	357
8530	377
8531	336
8532	351
8533	361
8534	438
8535	364
8536	326
8537	391
8538	360
8539	358
8540	360
8541	373
8542	384
8543	388
8544	392
8545	432
8546	380
8547	362
8548	363
8549	385
8550	365
8551	385
8552	406
8553	350
8554	442
8555	399
8556	366
8557	367
8558	369
8559	368
8560	395
8561	324
8562	374
8563	342
8564	313
8565	349
8566	370
8567	389
8568	372
8569	417
8570	403
8571	401
8572	386
8573	416
8574	435
8575	369
8576	401
8577	392
8578	429
8579	403
8580	391
8581	441
8582	424
8583	429
8584	516
8585	466
8586	444
8587	457
8588	443
8589	482
8590	386
8591	406
8592	339
8593	364
8594	332
8595	387
8596	373
8597	374
8598	394
8599	382
8600	339
8601	399
8602	382
8603	371
8604	354
8605	364
8606	418
8607	344
8608	378
8609	363
8610	326
8611	356
8612	385
8613	362
8614	336
8615	354
8616	331
8617	408
8618	366
8619	333
8620	346
8621	396
8622	369
8623	321
8624	344
8625	390
8626	377
8627	360
8628	346
8629	378
8630	423
8631	369
8632	356
8633	346
8634	401
8635	354
8636	342
8637	353
8638	323
8639	298
8640	370
8641	352
8642	354
8643	299
8644	335
8645	347
8646	315
8647	343
8648	360
8649	388
8650	340
8651	393
8652	348
8653	356
8654	402
8655	351
8656	346
8657	387
8658	394
8659	387
8660	402
8661	341
8662	366
8663	333
8664	336
8665	370
8666	419
8667	388
8668	386
8669	335
8670	398
8671	342
8672	337
8673	364
8674	385
8675	355
8676	392
8677	380
8678	389
8679	305
8680	374
8681	377
8682	397
8683	344
8684	341
8685	379
8686	333
8687	420
8688	328
8689	353
8690	334
8691	397
8692	397
8693	351
8694	347
8695	331
8696	417
8697	374
8698	351
8699	349
8700	336
8701	338
8702	384
8703	356
8704	339
8705	378
8706	333
8707	384
8708	436
8709	385
8710	376
8711	362
8712	347
8713	371
8714	380
8715	360
8716	402
8717	338
8718	392
8719	323
8720	386
8721	405
8722	358
8723	431
8724	353
8725	391
8726	362
8727	371
8728	374
8729	389
8730	376
8731	377
8732	368
8733	362
8734	372
8735	339
8736	367
8737	369
8738	356
8739	344
8740	367
8741	404
8742	349
8743	340
8744	393
8745	356
8746	338
8747	378
8748	362
8749	346
8750	360
8751	375
8752	329
8753	426
8754	393
8755	382
8756	334
8757	365
8758	349
8759	337
8760	409
8761	351
8762	375
8763	387
8764	383
8765	354
8766	374
8767	409
8768	431
8769	348
8770	388
8771	361
8772	362
8773	367
8774	372
8775	335
8776	353
8777	355
8778	418
8779	345
8780	412
8781	313
8782	401
8783	343
8784	399
8785	378
8786	397
8787	371
8788	374
8789	364
8790	417
8791	388
8792	353
8793	369
8794	391
8795	382
8796	368
8797	388
8798	372
8799	358
8800	377
8801	385
8802	401
8803	369
8804	390
8805	386
8806	389
8807	350
8808	406
8809	353
8810	420
8811	423
8812	387
8813	375
8814	429
8815	414
8816	399
8817	423
8818	346
8819	385
8820	400
8821	426
8822	407
8823	425
8824	443
8825	405
8826	419
8827	453
8828	404
8829	411
8830	368
8831	417
8832	401
8833	399
8834	388
8835	415
8836	390
8837	408
8838	372
8839	336
8840	374
8841	389
8842	342
8843	367
8844	400
8845	405
8846	413
8847	378
8848	419
8849	393
8850	438
8851	421
8852	452
8853	413
8854	469
8855	465
8856	426
8857	462
8858	417
8859	459
8860	404
8861	437
8862	420
8863	412
8864	465
8865	458
8866	459
8867	470
8868	495
8869	497
8870	461
8871	421
8872	509
8873	435
8874	502
8875	404
8876	441
8877	414
8878	393
8879	423
8880	398
8881	429
8882	370
8883	382
8884	436
8885	429
8886	438
8887	413
8888	391
8889	381
8890	405
8891	413
8892	349
8893	383
8894	352
8895	393
8896	357
8897	368
8898	390
8899	359
8900	474
8901	357
8902	399
8903	374
8904	370
8905	349
8906	367
8907	416
8908	360
8909	415
8910	369
8911	383
8912	362
8913	427
8914	449
8915	386
8916	434
8917	380
8918	391
8919	370
8920	396
8921	397
8922	426
8923	413
8924	410
8925	460
8926	412
8927	368
8928	428
8929	369
8930	359
8931	419
8932	451
8933	395
8934	404
8935	403
8936	364
8937	401
8938	314
8939	419
8940	342
8941	395
8942	438
8943	417
8944	370
8945	371
8946	397
8947	345
8948	359
8949	380
8950	325
8951	384
8952	338
8953	375
8954	347
8955	402
8956	377
8957	365
8958	317
8959	377
8960	340
8961	347
8962	364
8963	330
8964	340
8965	302
8966	316
8967	349
8968	355
8969	320
8970	367
8971	365
8972	388
8973	372
8974	335
8975	360
8976	364
8977	317
8978	311
8979	352
8980	343
8981	356
8982	377
8983	388
8984	329
8985	356
8986	368
8987	313
8988	333
8989	348
8990	375
8991	367
8992	321
8993	316
8994	346
8995	342
8996	378
8997	338
8998	332
8999	320
9000	399
9001	364
9002	357
9003	425
9004	388
9005	362
9006	363
9007	321
9008	309
9009	365
9010	309
9011	367
9012	349
9013	352
9014	387
9015	341
9016	395
9017	363
9018	363
9019	343
9020	378
9021	413
9022	405
9023	330
9024	375
9025	371
9026	376
9027	346
9028	334
9029	379
9030	323
9031	370
9032	339
9033	324
9034	335
9035	315
9036	351
9037	358
9038	347
9039	360
9040	329
9041	382
9042	411
9043	349
9044	388
9045	345
9046	367
9047	390
9048	372
9049	328
9050	338
9051	342
9052	330
9053	403
9054	381
9055	358
9056	378
9057	359
9058	373
9059	405
9060	419
9061	390
9062	329
9063	342
9064	401
9065	369
9066	354
9067	328
9068	326
9069	375
9070	401
9071	365
9072	366
9073	388
9074	351
9075	331
9076	358
9077	325
9078	337
9079	362
9080	380
9081	398
9082	362
9083	350
9084	353
9085	379
9086	330
9087	408
9088	340
9089	341
9090	356
9091	323
9092	393
9093	318
9094	352
9095	351
9096	350
9097	328
9098	301
9099	322
9100	324
9101	333
9102	332
9103	358
9104	355
9105	306
9106	325
9107	357
9108	353
9109	304
9110	361
9111	337
9112	336
9113	324
9114	347
9115	383
9116	329
9117	339
9118	332
9119	332
9120	318
9121	341
9122	327
9123	379
9124	309
9125	332
9126	324
9127	334
9128	339
9129	362
9130	378
9131	336
9132	348
9133	320
9134	338
9135	277
9136	355
9137	371
9138	407
9139	331
9140	373
9141	334
9142	303
9143	373
9144	331
9145	300
9146	342
9147	377
9148	333
9149	414
9150	368
9151	360
9152	311
9153	279
9154	350
9155	346
9156	306
9157	321
9158	341
9159	324
9160	337
9161	351
9162	357
9163	359
9164	362
9165	335
9166	370
9167	308
9168	341
9169	336
9170	331
9171	373
9172	380
9173	390
9174	348
9175	357
9176	374
9177	337
9178	347
9179	345
9180	324
9181	287
9182	342
9183	328
9184	316
9185	375
9186	347
9187	328
9188	329
9189	343
9190	299
9191	316
9192	309
9193	318
9194	266
9195	339
9196	340
9197	331
9198	317
9199	281
9200	321
9201	328
9202	366
9203	335
9204	330
9205	311
9206	357
9207	294
9208	347
9209	315
9210	311
9211	291
9212	310
9213	306
9214	313
9215	297
9216	357
9217	378
9218	357
9219	363
9220	323
9221	346
9222	348
9223	380
9224	357
9225	289
9226	335
9227	301
9228	329
9229	318
9230	335
9231	375
9232	368
9233	313
9234	302
9235	308
9236	298
9237	318
9238	333
9239	322
9240	336
9241	324
9242	308
9243	282
9244	403
9245	321
9246	318
9247	341
9248	368
9249	312
9250	373
9251	335
9252	340
9253	329
9254	339
9255	344
9256	374
9257	313
9258	297
9259	342
9260	337
9261	323
9262	335
9263	313
9264	342
9265	333
9266	321
9267	358
9268	303
9269	319
9270	319
9271	348
9272	340
9273	389
9274	367
9275	393
9276	356
9277	301
9278	365
9279	341
9280	319
9281	369
9282	317
9283	350
9284	355
9285	350
9286	313
9287	348
9288	360
9289	366
9290	348
9291	305
9292	289
9293	325
9294	328
9295	327
9296	319
9297	370
9298	324
9299	342
9300	355
9301	317
9302	339
9303	366
9304	403
9305	366
9306	310
9307	336
9308	323
9309	338
9310	329
9311	327
9312	318
9313	338
9314	286
9315	331
9316	310
9317	381
9318	325
9319	365
9320	347
9321	358
9322	280
9323	341
9324	319
9325	323
9326	342
9327	287
9328	320
9329	340
9330	318
9331	337
9332	312
9333	288
9334	271
9335	280
9336	317
9337	311
9338	307
9339	334
9340	306
9341	344
9342	279
9343	335
9344	287
9345	297
9346	311
9347	301
9348	296
9349	293
9350	310
9351	302
9352	317
9353	310
9354	272
9355	341
9356	298
9357	327
9358	317
9359	271
9360	267
9361	330
9362	260
9363	305
9364	345
9365	270
9366	311
9367	279
9368	268
9369	330
9370	305
9371	306
9372	270
9373	271
9374	273
9375	315
9376	270
9377	278
9378	289
9379	338
9380	327
9381	320
9382	312
9383	285
9384	314
9385	318
9386	324
9387	359
9388	344
9389	322
9390	327
9391	298
9392	308
9393	370
9394	351
9395	319
9396	314
9397	283
9398	304
9399	317
9400	289
9401	306
9402	290
9403	304
9404	288
9405	312
9406	339
9407	326
9408	331
9409	367
9410	346
9411	343
9412	335
9413	301
9414	348
9415	344
9416	304
9417	305
9418	329
9419	354
9420	306
9421	325
9422	360
9423	305
9424	345
9425	301
9426	332
9427	299
9428	338
9429	327
9430	338
9431	322
9432	318
9433	306
9434	298
9435	289
9436	393
9437	335
9438	335
9439	332
9440	341
9441	323
9442	307
9443	345
9444	315
9445	279
9446	335
9447	394
9448	378
9449	418
9450	398
9451	425
9452	402
9453	386
9454	362
9455	446
9456	456
9457	418
9458	401
9459	358
9460	366
9461	383
9462	361
9463	420
9464	426
9465	446
9466	412
9467	362
9468	365
9469	464
9470	318
9471	304
9472	403
9473	352
9474	403
9475	343
9476	311
9477	328
9478	333
9479	371
9480	371
9481	300
9482	342
9483	342
9484	279
9485	353
9486	277
9487	305
9488	277
9489	299
9490	291
9491	298
9492	319
9493	319
9494	317
9495	324
9496	274
9497	275
9498	314
9499	298
9500	305
9501	291
9502	289
9503	357
9504	313
9505	314
9506	345
9507	320
9508	304
9509	345
9510	329
9511	357
9512	391
9513	341
9514	337
9515	320
9516	323
9517	345
9518	313
9519	384
9520	310
9521	330
9522	333
9523	302
9524	392
9525	324
9526	303
9527	343
9528	366
9529	382
9530	358
9531	325
9532	335
9533	363
9534	343
9535	402
9536	326
9537	358
9538	354
9539	314
9540	330
9541	323
9542	343
9543	306
9544	337
9545	368
9546	305
9547	329
9548	387
9549	395
9550	357
9551	369
9552	409
9553	380
9554	378
9555	303
9556	343
9557	318
9558	390
9559	336
9560	362
9561	354
9562	360
9563	371
9564	330
9565	334
9566	333
9567	410
9568	359
9569	358
9570	339
9571	351
9572	303
9573	393
9574	348
9575	308
9576	341
9577	356
9578	345
9579	348
9580	386
9581	330
9582	379
9583	321
9584	331
9585	302
9586	364
9587	385
9588	363
9589	356
9590	359
9591	367
9592	407
9593	372
9594	352
9595	349
9596	352
9597	350
9598	334
9599	345
9600	338
9601	392
9602	358
9603	412
9604	380
9605	379
9606	378
9607	347
9608	344
9609	385
9610	330
9611	335
9612	368
9613	314
9614	329
9615	328
9616	363
9617	395
9618	381
9619	318
9620	378
9621	347
9622	338
9623	378
9624	351
9625	418
9626	334
9627	361
9628	404
9629	388
9630	400
9631	408
9632	411
9633	344
9634	415
9635	378
9636	410
9637	361
9638	405
9639	391
9640	368
9641	393
9642	337
9643	387
9644	403
9645	388
9646	338
9647	417
9648	418
9649	357
9650	371
9651	350
9652	352
9653	377
9654	360
9655	329
9656	404
9657	346
9658	362
9659	346
9660	325
9661	328
9662	373
9663	367
9664	372
9665	389
9666	352
9667	359
9668	389
9669	387
9670	358
9671	363
9672	353
9673	326
9674	371
9675	358
9676	356
9677	348
9678	386
9679	402
9680	426
9681	383
9682	374
9683	400
9684	378
9685	377
9686	390
9687	350
9688	385
9689	433
9690	356
9691	400
9692	409
9693	405
9694	391
9695	343
9696	389
9697	382
9698	367
9699	408
9700	372
9701	364
9702	399
9703	368
9704	371
9705	409
9706	385
9707	412
9708	350
9709	402
9710	347
9711	440
9712	388
9713	412
9714	409
9715	334
9716	352
9717	419
9718	387
9719	438
9720	395
9721	376
9722	424
9723	376
9724	377
9725	349
9726	416
9727	350
9728	353
9729	355
9730	313
9731	301
9732	340
9733	363
9734	306
9735	348
9736	362
9737	364
9738	353
9739	343
9740	352
9741	341
9742	385
9743	370
9744	352
9745	327
9746	380
9747	385
9748	382
9749	438
9750	384
9751	399
9752	356
9753	312
9754	365
9755	353
9756	370
9757	330
9758	338
9759	321
9760	296
9761	294
9762	332
9763	311
9764	291
9765	289
9766	270
9767	327
9768	335
9769	390
9770	327
9771	325
9772	312
9773	326
9774	327
9775	368
9776	319
9777	346
9778	272
9779	341
9780	357
9781	312
9782	323
9783	308
9784	279
9785	323
9786	326
9787	331
9788	325
9789	310
9790	367
9791	358
9792	277
9793	369
9794	380
9795	359
9796	389
9797	273
9798	343
9799	353
9800	340
9801	311
9802	337
9803	341
9804	355
9805	349
9806	349
9807	310
9808	380
9809	379
9810	376
9811	344
9812	346
9813	317
9814	387
9815	358
9816	378
9817	331
9818	396
9819	335
9820	327
9821	329
9822	374
9823	310
9824	346
9825	322
9826	346
9827	329
9828	309
9829	348
9830	360
9831	329
9832	329
9833	350
9834	345
9835	351
9836	328
9837	319
9838	322
9839	336
9840	348
9841	335
9842	309
9843	314
9844	297
9845	338
9846	287
9847	351
9848	361
9849	357
9850	358
9851	345
9852	345
9853	344
9854	380
9855	309
9856	325
9857	396
9858	375
9859	313
9860	359
9861	331
9862	367
9863	327
9864	386
9865	329
9866	363
9867	261
9868	360
9869	311
9870	370
9871	319
9872	320
9873	323
9874	336
9875	328
9876	335
9877	386
9878	322
9879	312
9880	380
9881	348
9882	313
9883	326
9884	305
9885	343
9886	327
9887	348
9888	314
9889	337
9890	289
9891	326
9892	344
9893	331
9894	391
9895	328
9896	322
9897	340
9898	342
9899	339
9900	331
9901	397
9902	368
9903	395
9904	355
9905	356
9906	322
9907	346
9908	368
9909	376
9910	348
9911	385
9912	331
9913	312
9914	373
9915	313
9916	350
9917	329
9918	293
9919	324
9920	343
9921	314
9922	376
9923	398
9924	395
9925	344
9926	354
9927	379
9928	358
9929	347
9930	328
9931	442
9932	375
9933	326
9934	363
9935	341
9936	370
9937	320
9938	328
9939	346
9940	376
9941	336
9942	323
9943	338
9944	411
9945	365
9946	357
9947	353
9948	367
9949	367
9950	382
9951	299
9952	357
9953	348
9954	368
9955	339
9956	330
9957	366
9958	324
9959	343
9960	396
9961	383
9962	323
9963	394
9964	373
9965	327
9966	313
9967	338
9968	331
9969	319
9970	374
9971	380
9972	335
9973	281
9974	328
9975	367
9976	314
9977	353
9978	346
9979	342
9980	418
9981	326
9982	389
9983	363
9984	332
9985	341
9986	285
9987	350
9988	316
9989	336
9990	354
9991	288
9992	318
9993	361
9994	341
9995	311
9996	324
9997	321
9998	311
9999	361
10000	274
10001	369
10002	310
10003	363
10004	325
10005	355
10006	346
10007	329
10008	361
10009	343
10010	287
10011	328
10012	285
10013	358
10014	336
10015	320
10016	318
10017	341
10018	333
10019	299
10020	309
10021	290
10022	315
10023	298
10024	252
10025	317
10026	281
10027	294
10028	287
10029	287
10030	287
10031	278
10032	276
10033	282
10034	278
10035	267
10036	288
10037	286
10038	302
10039	280
10040	297
10041	298
10042	310
10043	256
10044	299
10045	259
10046	280
10047	309
10048	282
10049	307
10050	310
10051	309
10052	285
10053	290
10054	255
10055	260
10056	313
10057	272
10058	328
10059	287
10060	263
10061	312
10062	246
10063	265
10064	347
10065	298
10066	306
10067	309
10068	265
10069	327
10070	266
10071	281
10072	291
10073	259
10074	268
10075	263
10076	315
10077	290
10078	257
10079	279
10080	290
10081	288
10082	301
10083	297
10084	315
10085	289
10086	292
10087	324
10088	318
10089	320
10090	333
10091	345
10092	310
10093	309
10094	310
10095	299
10096	354
10097	314
10098	356
10099	266
10100	309
10101	301
10102	280
10103	299
10104	280
10105	311
10106	313
10107	317
10108	272
10109	276
10110	346
10111	323
10112	360
10113	338
10114	320
10115	317
10116	273
10117	275
10118	350
10119	290
10120	333
10121	270
10122	308
10123	298
10124	307
10125	284
10126	348
10127	273
10128	251
10129	293
10130	295
10131	318
10132	366
10133	311
10134	328
10135	321
10136	288
10137	343
10138	293
10139	288
10140	303
10141	291
10142	352
10143	379
10144	295
10145	315
10146	289
10147	310
10148	372
10149	359
10150	337
10151	332
10152	312
10153	373
10154	386
10155	341
10156	300
10157	311
10158	339
10159	337
10160	346
10161	386
10162	337
10163	338
10164	336
10165	297
10166	336
10167	323
10168	369
10169	365
10170	307
10171	321
10172	319
10173	265
10174	332
10175	329
10176	301
10177	320
10178	347
10179	325
10180	350
10181	426
10182	342
10183	328
10184	369
10185	341
10186	373
10187	321
10188	367
10189	335
10190	307
10191	300
10192	308
10193	299
10194	315
10195	316
10196	278
10197	317
10198	329
10199	326
10200	355
10201	348
10202	346
10203	338
10204	383
10205	388
10206	322
10207	365
10208	367
10209	357
10210	329
10211	370
10212	342
10213	312
10214	343
10215	338
10216	355
10217	333
10218	353
10219	327
10220	341
10221	332
10222	364
10223	339
10224	305
10225	343
10226	379
10227	343
10228	321
10229	357
10230	323
10231	374
10232	336
10233	336
10234	307
10235	415
10236	336
10237	361
10238	371
10239	355
10240	353
10241	371
10242	350
10243	300
10244	345
10245	365
10246	360
10247	334
10248	340
10249	346
10250	352
10251	345
10252	383
10253	337
10254	383
10255	354
10256	387
10257	329
10258	329
10259	357
10260	348
10261	398
10262	398
10263	330
10264	360
10265	414
10266	333
10267	344
10268	399
10269	322
10270	355
10271	299
10272	356
10273	336
10274	326
10275	331
10276	360
10277	318
10278	319
10279	322
10280	372
10281	378
10282	334
10283	362
10284	362
10285	415
10286	374
10287	362
10288	377
10289	387
10290	376
10291	392
10292	371
10293	402
10294	389
10295	363
10296	376
10297	365
10298	380
10299	346
10300	379
10301	321
10302	391
10303	368
10304	371
10305	375
10306	333
10307	382
10308	383
10309	374
10310	359
10311	343
10312	322
10313	335
10314	365
10315	349
10316	286
10317	327
10318	314
10319	374
10320	320
10321	308
10322	317
10323	360
10324	380
10325	386
10326	386
10327	391
10328	338
10329	329
10330	320
10331	362
10332	320
10333	338
10334	319
10335	286
10336	319
10337	376
10338	268
10339	320
10340	255
10341	341
10342	333
10343	338
10344	338
10345	319
10346	322
10347	352
10348	346
10349	283
10350	306
10351	304
10352	321
10353	311
10354	323
10355	305
10356	320
10357	269
10358	312
10359	293
10360	301
10361	342
10362	327
10363	319
10364	283
10365	336
10366	323
10367	315
10368	350
10369	291
10370	379
10371	304
10372	308
10373	358
10374	309
10375	268
10376	294
10377	286
10378	302
10379	318
10380	302
10381	350
10382	299
10383	280
10384	327
10385	345
10386	339
10387	295
10388	309
10389	355
10390	370
10391	327
10392	286
10393	313
10394	301
10395	312
10396	339
10397	320
10398	302
10399	291
10400	346
10401	360
10402	317
10403	365
10404	364
10405	326
10406	287
10407	330
10408	284
10409	358
10410	355
10411	289
10412	359
10413	315
10414	279
10415	289
10416	294
10417	326
10418	343
10419	308
10420	321
10421	286
10422	295
10423	345
10424	282
10425	283
10426	300
10427	294
10428	344
10429	297
10430	325
10431	258
10432	321
10433	286
10434	334
10435	275
10436	284
10437	307
10438	284
10439	293
10440	282
10441	341
10442	286
10443	282
10444	308
10445	309
10446	250
10447	281
10448	249
10449	273
10450	288
10451	271
10452	268
10453	302
10454	303
10455	325
10456	256
10457	312
10458	265
10459	266
10460	287
10461	274
10462	270
10463	281
10464	240
10465	306
10466	288
10467	300
10468	283
10469	270
10470	288
10471	298
10472	304
10473	241
10474	266
10475	331
10476	261
10477	258
10478	302
10479	285
10480	261
10481	311
10482	255
10483	323
10484	305
10485	273
10486	321
10487	289
10488	301
10489	307
10490	290
10491	258
10492	282
10493	263
10494	276
10495	293
10496	250
10497	252
10498	308
10499	312
10500	297
10501	248
10502	271
10503	271
10504	243
10505	295
10506	257
10507	308
10508	264
10509	323
10510	265
10511	265
10512	352
10513	316
10514	292
10515	279
10516	281
10517	329
10518	352
10519	324
10520	280
10521	289
10522	268
10523	310
10524	307
10525	283
10526	308
10527	341
10528	309
10529	317
10530	271
10531	284
10532	295
10533	325
10534	291
10535	300
10536	374
10537	302
10538	312
10539	272
10540	299
10541	314
10542	325
10543	260
10544	281
10545	292
10546	300
10547	322
10548	294
10549	321
10550	295
10551	331
10552	271
10553	268
10554	278
10555	294
10556	304
10557	260
10558	313
10559	280
10560	260
10561	304
10562	288
10563	282
10564	280
10565	317
10566	297
10567	338
10568	361
10569	363
10570	368
10571	286
10572	326
10573	313
10574	296
10575	360
10576	327
10577	319
10578	354
10579	320
10580	318
10581	310
10582	302
10583	266
10584	275
10585	332
10586	269
10587	265
10588	313
10589	303
10590	317
10591	342
10592	308
10593	316
10594	322
10595	269
10596	345
10597	294
10598	296
10599	303
10600	305
10601	327
10602	349
10603	270
10604	310
10605	280
10606	235
10607	296
10608	306
10609	321
10610	277
10611	310
10612	288
10613	283
10614	345
10615	295
10616	303
10617	268
10618	287
10619	269
10620	322
10621	318
10622	305
10623	289
10624	281
10625	278
10626	282
10627	286
10628	328
10629	240
10630	292
10631	233
10632	269
10633	269
10634	283
10635	264
10636	240
10637	293
10638	330
10639	322
10640	325
10641	275
10642	250
10643	300
10644	342
10645	309
10646	324
10647	324
10648	294
10649	273
10650	266
10651	300
10652	310
10653	314
10654	269
10655	299
10656	299
10657	326
10658	300
10659	352
10660	288
10661	283
10662	329
10663	309
10664	336
10665	357
10666	308
10667	298
10668	366
10669	360
10670	322
10671	329
10672	345
10673	335
10674	346
10675	341
10676	282
10677	283
10678	293
10679	316
10680	383
10681	364
10682	392
10683	318
10684	290
10685	283
10686	281
10687	264
10688	248
10689	258
10690	307
10691	299
10692	287
10693	239
10694	264
10695	300
10696	286
10697	333
10698	266
10699	253
10700	257
10701	308
10702	273
10703	235
10704	238
10705	238
10706	286
10707	279
10708	289
10709	295
10710	300
10711	244
10712	287
10713	260
10714	287
10715	314
10716	308
10717	289
10718	278
10719	280
10720	262
10721	275
10722	272
10723	226
10724	231
10725	280
10726	281
10727	300
10728	285
10729	261
10730	253
10731	259
10732	223
10733	235
10734	247
10735	252
10736	258
10737	279
10738	267
10739	246
10740	266
10741	240
10742	222
10743	281
10744	277
10745	257
10746	246
10747	237
10748	261
10749	266
10750	264
10751	240
10752	272
10753	277
10754	240
10755	256
10756	237
10757	264
10758	238
10759	245
10760	238
10761	277
10762	251
10763	236
10764	272
10765	237
10766	257
10767	229
10768	256
10769	261
10770	243
10771	268
10772	263
10773	249
10774	266
10775	286
10776	250
10777	248
10778	248
10779	262
10780	274
10781	276
10782	277
10783	306
10784	271
10785	301
10786	263
10787	296
10788	260
10789	258
10790	250
10791	249
10792	264
10793	279
10794	294
10795	245
10796	250
10797	249
10798	269
10799	273
10800	275
10801	259
10802	260
10803	285
10804	217
10805	278
10806	274
10807	284
10808	271
10809	285
10810	266
10811	277
10812	286
10813	268
10814	279
10815	247
10816	285
10817	273
10818	275
10819	292
10820	491
10821	464
10822	311
10823	300
10824	302
10825	312
10826	264
10827	330
10828	303
10829	273
10830	288
10831	284
10832	286
10833	256
10834	275
10835	304
10836	336
10837	285
10838	317
10839	282
10840	301
10841	323
10842	332
10843	280
10844	258
10845	322
10846	320
10847	268
10848	326
10849	257
10850	314
10851	288
10852	296
10853	339
10854	297
10855	280
10856	331
10857	284
10858	349
10859	398
10860	738
10861	398
10862	298
10863	294
10864	295
10865	251
10866	351
10867	290
10868	265
10869	310
10870	278
10871	263
10872	262
10873	286
10874	295
10875	296
10876	303
10877	283
10878	301
10879	282
10880	305
10881	306
10882	267
10883	296
10884	291
10885	328
10886	265
10887	262
10888	322
10889	326
10890	311
10891	274
10892	279
10893	297
10894	285
10895	275
10896	270
10897	213
10898	266
10899	310
10900	289
10901	308
10902	317
10903	311
10904	354
10905	396
10906	376
10907	278
10908	251
10909	277
10910	259
10911	267
10912	240
10913	269
10914	271
10915	317
10916	311
10917	286
10918	273
10919	300
10920	269
10921	291
10922	263
10923	284
10924	248
10925	267
10926	301
10927	270
10928	205
10929	250
10930	237
10931	264
10932	245
10933	230
10934	240
10935	274
10936	235
10937	280
10938	232
10939	223
10940	236
10941	284
10942	218
10943	237
10944	222
10945	234
10946	211
10947	234
10948	222
10949	253
10950	218
10951	215
10952	254
10953	240
10954	261
10955	236
10956	223
10957	244
10958	264
10959	213
10960	251
10961	265
10962	270
10963	222
10964	252
10965	294
10966	233
10967	237
10968	240
10969	248
10970	277
10971	247
10972	254
10973	244
10974	237
10975	217
10976	229
10977	235
10978	280
10979	225
10980	252
10981	218
10982	225
10983	262
10984	244
10985	256
10986	245
10987	208
10988	262
10989	250
10990	222
10991	252
10992	250
10993	268
10994	266
10995	242
10996	268
10997	252
10998	233
10999	217
11000	241
11001	237
11002	283
11003	238
11004	215
11005	246
11006	199
11007	225
11008	186
11009	215
11010	236
11011	249
11012	210
11013	245
11014	260
11015	206
11016	267
11017	260
11018	257
11019	237
11020	241
11021	267
11022	236
11023	196
11024	225
11025	250
11026	250
11027	264
11028	205
11029	221
11030	235
11031	246
11032	229
11033	239
11034	235
11035	221
11036	291
11037	255
11038	224
11039	253
11040	234
11041	236
11042	261
11043	240
11044	255
11045	256
11046	196
11047	279
11048	299
11049	285
11050	244
11051	212
11052	257
11053	279
11054	326
11055	281
11056	297
11057	229
11058	278
11059	235
11060	215
11061	203
11062	248
11063	236
11064	258
11065	249
11066	258
11067	233
11068	271
11069	244
11070	255
11071	236
11072	237
11073	253
11074	229
11075	232
11076	272
11077	228
11078	236
11079	228
11080	218
11081	262
11082	271
11083	299
11084	256
11085	222
11086	251
11087	227
11088	267
11089	268
11090	260
11091	244
11092	201
11093	286
11094	242
11095	312
11096	276
11097	257
11098	259
11099	310
11100	241
11101	309
11102	254
11103	296
11104	336
11105	310
11106	327
11107	311
11108	284
11109	342
11110	301
11111	355
11112	307
11113	337
11114	307
11115	315
11116	292
11117	261
11118	299
11119	297
11120	325
11121	283
11122	316
11123	358
11124	277
11125	304
11126	287
11127	266
11128	277
11129	276
11130	335
11131	348
11132	323
11133	430
11134	346
11135	377
11136	365
11137	372
11138	291
11139	313
11140	285
11141	298
11142	275
11143	272
11144	282
11145	209
11146	269
11147	254
11148	268
11149	252
11150	219
11151	274
11152	280
11153	244
11154	258
11155	273
11156	273
11157	258
11158	236
11159	260
11160	311
11161	258
11162	290
11163	380
11164	274
11165	286
11166	225
11167	279
11168	247
11169	259
11170	253
11171	281
11172	259
11173	331
11174	238
11175	268
11176	241
11177	292
11178	281
11179	303
11180	271
11181	283
11182	255
11183	272
11184	230
11185	243
11186	257
11187	288
11188	249
11189	208
11190	295
11191	261
11192	324
11193	227
11194	225
11195	250
11196	245
11197	261
11198	289
11199	329
11200	279
11201	294
11202	269
11203	383
11204	300
11205	271
11206	220
11207	255
11208	234
11209	291
11210	257
11211	246
11212	234
11213	263
11214	237
11215	242
11216	248
11217	230
11218	215
11219	238
11220	218
11221	218
11222	251
11223	250
11224	224
11225	229
11226	280
11227	260
11228	260
11229	232
11230	283
11231	252
11232	264
11233	303
11234	290
11235	260
11236	419
11237	362
11238	271
11239	255
11240	247
11241	260
11242	274
11243	221
11244	253
11245	374
11246	355
11247	253
11248	256
11249	264
11250	265
11251	220
11252	224
11253	242
11254	265
11255	272
11256	265
11257	264
11258	245
11259	206
11260	264
11261	248
11262	235
11263	237
11264	258
11265	230
11266	232
11267	283
11268	228
11269	253
11270	252
11271	233
11272	227
11273	253
11274	216
11275	242
11276	253
11277	258
11278	278
11279	237
11280	245
11281	240
11282	286
11283	236
11284	216
11285	231
11286	275
11287	253
11288	242
11289	248
11290	243
11291	272
11292	236
11293	244
11294	264
11295	231
11296	251
11297	249
11298	274
11299	234
11300	227
11301	197
11302	249
11303	232
11304	254
11305	315
11306	219
11307	289
11308	258
11309	238
11310	261
11311	240
11312	238
11313	248
11314	257
11315	249
11316	270
11317	313
11318	289
11319	248
11320	236
11321	254
11322	274
11323	248
11324	229
11325	212
11326	246
11327	232
11328	290
11329	296
11330	272
11331	220
11332	261
11333	259
11334	251
11335	262
11336	297
11337	258
11338	248
11339	278
11340	298
11341	241
11342	256
11343	289
11344	243
11345	279
11346	298
11347	334
11348	235
11349	265
11350	273
11351	315
11352	240
11353	270
11354	196
11355	280
11356	272
11357	246
11358	245
11359	282
11360	242
11361	261
11362	208
11363	266
11364	205
11365	282
11366	257
11367	276
11368	247
11369	262
11370	286
11371	241
11372	256
11373	240
11374	223
11375	235
11376	287
11377	261
11378	252
11379	277
11380	225
11381	292
11382	247
11383	255
11384	279
11385	275
11386	275
11387	247
11388	236
11389	279
11390	266
11391	284
11392	286
11393	287
11394	274
11395	275
11396	257
11397	234
11398	254
11399	281
11400	267
11401	263
11402	284
11403	292
11404	244
11405	297
11406	233
11407	267
11408	253
11409	292
11410	272
11411	224
11412	267
11413	269
11414	272
11415	285
11416	323
11417	265
11418	275
11419	269
11420	282
11421	251
11422	259
11423	224
11424	287
11425	247
11426	268
11427	251
11428	247
11429	212
11430	255
11431	235
11432	200
11433	261
11434	248
11435	234
11436	225
11437	241
11438	207
11439	203
11440	201
11441	253
11442	274
11443	213
11444	248
11445	274
11446	232
11447	262
11448	212
11449	225
11450	224
11451	222
11452	215
11453	253
11454	220
11455	240
11456	238
11457	236
11458	223
11459	247
11460	232
11461	243
11462	224
11463	229
11464	245
11465	229
11466	216
11467	223
11468	236
11469	216
11470	220
11471	198
11472	219
11473	244
11474	235
11475	204
11476	202
11477	223
11478	221
11479	301
11480	265
11481	226
11482	221
11483	205
11484	219
11485	226
11486	219
11487	235
11488	254
11489	223
11490	222
11491	187
11492	243
11493	284
11494	217
11495	216
11496	247
11497	247
11498	260
11499	246
11500	261
11501	230
11502	217
11503	214
11504	230
11505	251
11506	236
11507	194
11508	248
11509	238
11510	204
11511	275
11512	228
11513	239
11514	210
11515	206
11516	251
11517	187
11518	231
11519	217
11520	233
11521	225
11522	218
11523	235
11524	245
11525	214
11526	213
11527	220
11528	202
11529	218
11530	221
11531	172
11532	243
11533	233
11534	197
11535	177
11536	196
11537	195
11538	195
11539	191
11540	237
11541	179
11542	196
11543	215
11544	215
11545	208
11546	194
11547	199
11548	189
11549	206
11550	192
11551	213
11552	187
11553	220
11554	177
11555	263
11556	214
11557	210
11558	215
11559	221
11560	217
11561	191
11562	191
11563	194
11564	212
11565	202
11566	238
11567	207
11568	220
11569	191
11570	201
11571	197
11572	180
11573	189
11574	198
11575	230
11576	229
11577	204
11578	212
11579	189
11580	202
11581	202
11582	218
11583	205
11584	192
11585	236
11586	190
11587	198
11588	211
11589	223
11590	190
11591	208
11592	249
11593	222
11594	219
11595	217
11596	202
11597	238
11598	212
11599	219
11600	236
11601	239
11602	253
11603	193
11604	205
11605	218
11606	196
11607	216
11608	228
11609	261
11610	265
11611	236
11612	221
11613	226
11614	259
11615	258
11616	241
11617	250
11618	228
11619	244
11620	233
11621	276
11622	239
11623	246
11624	234
11625	245
11626	224
11627	229
11628	218
11629	265
11630	218
11631	229
11632	258
11633	247
11634	214
11635	277
11636	285
11637	274
11638	244
11639	307
11640	306
11641	266
11642	231
11643	251
11644	248
11645	282
11646	292
11647	267
11648	260
11649	317
11650	285
11651	274
11652	283
11653	234
11654	227
11655	231
11656	234
11657	284
11658	341
11659	452
11660	404
11661	291
11662	257
11663	224
11664	219
11665	210
11666	221
11667	182
11668	218
11669	218
11670	213
11671	242
11672	188
11673	206
11674	198
11675	216
11676	218
11677	223
11678	208
11679	216
11680	226
11681	222
11682	188
11683	220
11684	288
11685	242
11686	237
11687	224
11688	226
11689	189
11690	232
11691	231
11692	222
11693	209
11694	239
11695	236
11696	249
11697	215
11698	251
11699	214
11700	213
11701	217
11702	222
11703	217
11704	208
11705	228
11706	222
11707	240
11708	261
11709	260
11710	219
11711	208
11712	222
11713	212
11714	232
11715	217
11716	229
11717	285
11718	223
11719	204
11720	249
11721	254
11722	213
11723	275
11724	228
11725	198
11726	200
11727	220
11728	220
11729	209
11730	185
11731	217
11732	222
11733	241
11734	237
11735	255
11736	223
11737	249
11738	242
11739	240
11740	254
11741	285
11742	250
11743	293
11744	234
11745	226
11746	206
11747	247
11748	198
11749	238
11750	258
11751	215
11752	222
11753	281
11754	232
11755	265
11756	231
11757	264
11758	228
11759	205
11760	260
11761	223
11762	206
11763	252
11764	246
11765	262
11766	275
11767	242
11768	277
11769	200
11770	278
11771	276
11772	285
11773	255
11774	288
11775	265
11776	274
11777	277
11778	262
11779	258
11780	264
11781	290
11782	229
11783	295
11784	256
11785	271
11786	350
11787	259
11788	264
11789	277
11790	259
11791	277
11792	217
11793	237
11794	233
11795	270
11796	216
11797	283
11798	281
11799	262
11800	272
11801	259
11802	317
11803	291
11804	286
11805	273
11806	278
11807	249
11808	263
11809	275
11810	234
11811	260
11812	281
11813	264
11814	291
11815	243
11816	303
11817	268
11818	270
11819	222
11820	273
11821	284
11822	264
11823	309
11824	308
11825	271
11826	294
11827	270
11828	292
11829	269
11830	271
11831	267
11832	264
11833	255
11834	289
11835	310
11836	333
11837	330
11838	296
11839	280
11840	310
11841	297
11842	335
11843	290
11844	323
11845	286
11846	289
11847	283
11848	318
11849	239
11850	299
11851	268
11852	243
11853	274
11854	241
11855	264
11856	305
11857	284
11858	240
11859	223
11860	259
11861	246
11862	265
11863	265
11864	236
11865	290
11866	238
11867	235
11868	252
11869	257
11870	253
11871	275
11872	285
11873	185
11874	306
11875	218
11876	218
11877	257
11878	237
11879	247
11880	255
11881	244
11882	267
11883	216
11884	281
11885	260
11886	270
11887	282
11888	257
11889	224
11890	254
11891	218
11892	257
11893	228
11894	257
11895	256
11896	184
11897	239
11898	231
11899	255
11900	205
11901	258
11902	208
11903	230
11904	180
11905	225
11906	228
11907	229
11908	232
11909	214
11910	255
11911	229
11912	229
11913	249
11914	255
11915	202
11916	260
11917	226
11918	216
11919	207
11920	223
11921	220
11922	263
11923	235
11924	228
11925	207
11926	193
11927	212
11928	276
11929	218
11930	240
11931	273
11932	268
11933	202
11934	257
11935	248
11936	301
11937	277
11938	264
11939	292
11940	290
11941	278
11942	219
11943	305
11944	325
11945	273
11946	277
11947	241
11948	271
11949	229
11950	300
11951	277
11952	259
11953	254
11954	255
11955	278
11956	272
11957	264
11958	231
11959	266
11960	339
11961	248
11962	274
11963	260
11964	293
11965	234
11966	244
11967	262
11968	194
11969	267
11970	279
11971	227
11972	211
11973	269
11974	294
11975	232
11976	239
11977	306
11978	278
11979	310
11980	318
11981	275
11982	224
11983	261
11984	229
11985	253
11986	284
11987	243
11988	232
11989	257
11990	315
11991	268
11992	277
11993	249
11994	254
11995	274
11996	282
11997	272
11998	239
11999	276
12000	275
12001	260
12002	252
12003	234
12004	281
12005	248
12006	241
12007	263
12008	257
12009	240
12010	225
12011	243
12012	281
12013	227
12014	254
12015	248
12016	232
12017	253
12018	263
12019	260
12020	280
12021	254
12022	275
12023	242
12024	228
12025	245
12026	227
12027	226
12028	239
12029	220
12030	222
12031	256
12032	196
12033	250
12034	211
12035	268
12036	259
12037	224
12038	220
12039	247
12040	243
12041	239
12042	252
12043	247
12044	272
12045	246
12046	212
12047	224
12048	241
12049	222
12050	301
12051	272
12052	294
12053	267
12054	271
12055	235
12056	250
12057	234
12058	208
12059	224
12060	304
12061	253
12062	303
12063	233
12064	245
12065	226
12066	259
12067	273
12068	223
12069	228
12070	246
12071	224
12072	262
12073	219
12074	252
12075	228
12076	229
12077	242
12078	240
12079	188
12080	221
12081	264
12082	254
12083	231
12084	249
12085	220
12086	221
12087	251
12088	239
12089	213
12090	206
12091	224
12092	219
12093	240
12094	216
12095	238
12096	228
12097	235
12098	191
12099	221
12100	237
12101	235
12102	204
12103	259
12104	238
12105	243
12106	250
12107	262
12108	253
12109	232
12110	216
12111	250
12112	227
12113	210
12114	215
12115	223
12116	211
12117	222
12118	289
12119	213
12120	245
12121	248
12122	195
12123	211
12124	258
12125	267
12126	219
12127	270
12128	275
12129	218
12130	207
12131	209
12132	243
12133	255
12134	234
12135	245
12136	203
12137	208
12138	191
12139	216
12140	292
12141	271
12142	215
12143	202
12144	217
12145	207
12146	225
12147	220
12148	236
12149	220
12150	246
12151	223
12152	222
12153	217
12154	210
12155	239
12156	204
12157	225
12158	247
12159	206
12160	221
12161	188
12162	205
12163	196
12164	213
12165	259
12166	267
12167	197
12168	203
12169	249
12170	229
12171	225
12172	200
12173	196
12174	256
12175	254
12176	272
12177	252
12178	226
12179	242
12180	216
12181	224
12182	258
12183	235
12184	242
12185	225
12186	259
12187	270
12188	257
12189	273
12190	200
12191	247
12192	245
12193	192
12194	250
12195	239
12196	268
12197	251
12198	271
12199	218
12200	256
12201	217
12202	254
12203	285
12204	222
12205	276
12206	251
12207	237
12208	186
12209	266
12210	241
12211	242
12212	240
12213	201
12214	269
12215	192
12216	242
12217	223
12218	232
12219	221
12220	233
12221	254
12222	258
12223	246
12224	258
12225	260
12226	204
12227	232
12228	192
12229	215
12230	235
12231	211
12232	225
12233	217
12234	196
12235	226
12236	221
12237	225
12238	281
12239	227
12240	254
12241	228
12242	256
12243	214
12244	271
12245	217
12246	210
12247	209
12248	249
12249	237
12250	227
12251	246
12252	250
12253	193
12254	220
12255	226
12256	253
12257	274
12258	191
12259	236
12260	219
12261	215
12262	218
12263	256
12264	279
12265	208
12266	202
12267	223
12268	252
12269	218
12270	244
12271	253
12272	241
12273	217
12274	231
12275	241
12276	248
12277	283
12278	246
12279	240
12280	245
12281	189
12282	233
12283	246
12284	254
12285	244
12286	214
12287	212
12288	225
12289	223
12290	223
12291	245
12292	241
12293	207
12294	245
12295	246
12296	277
12297	277
12298	261
12299	265
12300	270
12301	229
12302	227
12303	236
12304	208
12305	259
12306	242
12307	267
12308	270
12309	252
12310	259
12311	241
12312	217
12313	261
12314	249
12315	299
12316	294
12317	294
12318	267
12319	300
12320	268
12321	297
12322	261
12323	259
12324	232
12325	272
12326	281
12327	277
12328	261
12329	207
12330	272
12331	234
12332	264
12333	274
12334	264
12335	256
12336	261
12337	278
12338	245
12339	279
12340	289
12341	299
12342	280
12343	267
12344	311
12345	276
12346	289
12347	339
12348	374
12349	337
12350	318
12351	348
12352	300
12353	351
12354	288
12355	325
12356	337
12357	348
12358	330
12359	327
12360	334
12361	322
12362	412
12363	480
12364	426
12365	321
12366	381
12367	377
12368	395
12369	374
12370	356
12371	359
12372	323
12373	354
12374	395
12375	326
12376	291
12377	334
12378	356
12379	348
12380	356
12381	370
12382	369
12383	323
12384	432
12385	353
12386	369
12387	346
12388	412
12389	418
12390	351
12391	414
12392	384
12393	359
12394	350
12395	399
12396	343
12397	407
12398	324
12399	405
12400	384
12401	308
12402	349
12403	395
12404	351
12405	310
12406	325
12407	328
12408	338
12409	306
12410	318
12411	356
12412	294
12413	406
12414	314
12415	364
12416	345
12417	378
12418	311
12419	349
12420	378
12421	361
12422	380
12423	408
12424	393
12425	331
12426	282
12427	325
12428	303
12429	315
12430	285
12431	320
12432	362
12433	440
12434	428
12435	312
12436	302
12437	333
12438	338
12439	327
12440	314
12441	400
12442	348
12443	355
12444	318
12445	310
12446	339
12447	340
12448	283
12449	349
12450	369
12451	434
12452	320
12453	304
12454	367
12455	313
12456	331
12457	295
12458	346
12459	343
12460	337
12461	339
12462	284
12463	266
12464	278
12465	290
12466	266
12467	252
12468	266
12469	231
12470	286
12471	251
12472	269
12473	231
12474	318
12475	311
12476	249
12477	226
12478	291
12479	297
12480	303
12481	261
12482	253
12483	272
12484	278
12485	252
12486	247
12487	254
12488	227
12489	263
12490	281
12491	300
12492	317
12493	252
12494	259
12495	250
12496	280
12497	277
12498	281
12499	281
12500	261
12501	290
12502	285
12503	265
12504	318
12505	252
12506	293
12507	280
12508	249
12509	210
12510	230
12511	221
12512	198
12513	195
12514	206
12515	252
12516	242
12517	256
12518	229
12519	289
12520	234
12521	275
12522	208
12523	246
12524	186
12525	257
12526	225
12527	225
12528	264
12529	195
12530	276
12531	272
12532	231
12533	228
12534	256
12535	250
12536	257
12537	272
12538	281
12539	195
12540	235
12541	215
12542	235
12543	246
12544	251
12545	229
12546	259
12547	207
12548	216
12549	225
12550	212
12551	259
12552	272
12553	236
12554	244
12555	232
12556	259
12557	222
12558	246
12559	259
12560	234
12561	197
12562	234
12563	202
12564	231
12565	263
12566	256
12567	274
12568	242
12569	262
12570	285
12571	287
12572	266
12573	260
12574	206
12575	278
12576	246
12577	264
12578	236
12579	267
12580	248
12581	228
12582	224
12583	234
12584	205
12585	214
12586	216
12587	226
12588	229
12589	232
12590	247
12591	277
12592	255
12593	216
12594	196
12595	242
12596	222
12597	200
12598	276
12599	225
12600	244
12601	216
12602	223
12603	270
12604	231
12605	233
12606	203
12607	199
12608	224
12609	229
12610	219
12611	226
12612	262
12613	221
12614	251
12615	207
12616	229
12617	241
12618	214
12619	228
12620	190
12621	254
12622	201
12623	206
12624	188
12625	237
12626	192
12627	239
12628	185
12629	228
12630	182
12631	231
12632	243
12633	225
12634	222
12635	201
12636	250
12637	228
12638	251
12639	215
12640	250
12641	195
12642	214
12643	181
12644	241
12645	239
12646	200
12647	194
12648	230
12649	181
12650	228
12651	196
12652	207
12653	212
12654	229
12655	243
12656	256
12657	233
12658	240
12659	203
12660	239
12661	222
12662	211
12663	200
12664	232
12665	209
12666	243
12667	220
12668	221
12669	237
12670	247
12671	280
12672	236
12673	213
12674	224
12675	216
12676	236
12677	235
12678	220
12679	228
12680	204
12681	222
12682	255
12683	239
12684	237
12685	183
12686	205
12687	229
12688	247
12689	232
12690	235
12691	242
12692	224
12693	248
12694	220
12695	226
12696	192
12697	220
12698	234
12699	250
12700	221
12701	231
12702	230
12703	210
12704	241
12705	227
12706	226
12707	233
12708	195
12709	255
12710	209
12711	239
12712	249
12713	175
12714	243
12715	236
12716	220
12717	224
12718	234
12719	215
12720	218
12721	200
12722	208
12723	238
12724	236
12725	213
12726	208
12727	239
12728	281
12729	201
12730	219
12731	196
12732	248
12733	221
12734	254
12735	261
12736	230
12737	203
12738	210
12739	243
12740	235
12741	235
12742	266
12743	213
12744	245
12745	228
12746	220
12747	198
12748	211
12749	218
12750	248
12751	237
12752	223
12753	225
12754	206
12755	199
12756	196
12757	196
12758	187
12759	239
12760	242
12761	194
12762	216
12763	271
12764	240
12765	258
12766	237
12767	216
12768	288
12769	236
12770	259
12771	275
12772	229
12773	274
12774	223
12775	237
12776	263
12777	272
12778	242
12779	243
12780	223
12781	244
12782	247
12783	204
12784	226
12785	231
12786	208
12787	216
12788	208
12789	208
12790	219
12791	239
12792	239
12793	258
12794	245
12795	226
12796	243
12797	278
12798	251
12799	235
12800	210
12801	234
12802	229
12803	202
12804	246
12805	205
12806	204
12807	263
12808	261
12809	220
12810	209
12811	194
12812	218
12813	222
12814	210
12815	227
12816	217
12817	208
12818	233
12819	229
12820	217
12821	216
12822	237
12823	236
12824	255
12825	206
12826	243
12827	229
12828	211
12829	317
12830	240
12831	236
12832	204
12833	208
12834	237
12835	229
12836	291
12837	272
12838	256
12839	231
12840	217
12841	204
12842	228
12843	229
12844	213
12845	227
12846	239
12847	220
12848	232
12849	259
12850	218
12851	232
12852	240
12853	253
12854	209
12855	227
12856	234
12857	241
12858	223
12859	201
12860	209
12861	244
12862	216
12863	281
12864	263
12865	204
12866	329
12867	232
12868	234
12869	210
12870	234
12871	242
12872	212
12873	205
12874	257
12875	262
12876	255
12877	247
12878	244
12879	277
12880	248
12881	267
12882	269
12883	255
12884	232
12885	248
12886	226
12887	237
12888	275
12889	224
12890	294
12891	244
12892	260
12893	239
12894	261
12895	212
12896	222
12897	215
12898	172
12899	231
12900	304
12901	272
12902	206
12903	238
12904	230
12905	141
12906	218
12907	202
12908	219
12909	185
12910	232
12911	209
12912	207
12913	257
12914	221
12915	214
12916	195
12917	194
12918	217
12919	225
12920	204
12921	217
12922	226
12923	225
12924	176
12925	182
12926	188
12927	182
12928	171
12929	215
12930	222
12931	221
12932	201
12933	236
12934	202
12935	223
12936	205
12937	237
12938	246
12939	217
12940	176
12941	216
12942	220
12943	208
12944	195
12945	216
12946	195
12947	214
12948	223
12949	246
12950	217
12951	212
12952	191
12953	238
12954	208
12955	226
12956	226
12957	194
12958	240
12959	217
12960	178
12961	250
12962	224
12963	243
12964	268
12965	198
12966	261
12967	220
12968	258
12969	206
12970	226
12971	228
12972	236
12973	209
12974	222
12975	213
12976	212
12977	223
12978	241
12979	182
12980	193
12981	197
12982	234
12983	180
12984	249
12985	243
12986	226
12987	210
12988	208
12989	237
12990	218
12991	244
12992	193
12993	273
12994	238
12995	222
12996	251
12997	220
12998	239
12999	254
13000	235
13001	237
13002	208
13003	253
13004	292
13005	264
13006	244
13007	228
13008	264
13009	208
13010	223
13011	239
13012	244
13013	210
13014	231
13015	241
13016	244
13017	278
13018	284
13019	223
13020	267
13021	274
13022	270
13023	264
13024	248
13025	268
13026	253
13027	233
13028	213
13029	275
13030	219
13031	186
13032	218
13033	190
13034	186
13035	207
13036	186
13037	170
13038	189
13039	209
13040	219
13041	200
13042	188
13043	170
13044	185
13045	210
13046	186
13047	191
13048	212
13049	189
13050	171
13051	191
13052	208
13053	170
13054	169
13055	191
13056	155
13057	193
13058	209
13059	190
13060	174
13061	217
13062	201
13063	210
13064	263
13065	207
13066	186
13067	221
13068	219
13069	213
13070	197
13071	217
13072	203
13073	196
13074	219
13075	210
13076	178
13077	203
13078	191
13079	204
13080	231
13081	183
13082	214
13083	183
13084	239
13085	194
13086	162
13087	199
13088	196
13089	173
13090	158
13091	202
13092	219
13093	208
13094	213
13095	242
13096	173
13097	224
13098	215
13099	183
13100	193
13101	176
13102	176
13103	192
13104	194
13105	213
13106	193
13107	205
13108	179
13109	201
13110	235
13111	205
13112	221
13113	228
13114	208
13115	215
13116	231
13117	254
13118	211
13119	256
13120	218
13121	341
13122	234
13123	289
13124	233
13125	159
13126	218
13127	262
13128	227
13129	205
13130	197
13131	197
13132	192
13133	223
13134	209
13135	202
13136	175
13137	192
13138	193
13139	222
13140	249
13141	244
13142	220
13143	208
13144	186
13145	213
13146	237
13147	219
13148	211
13149	180
13150	212
13151	211
13152	196
13153	203
13154	257
13155	201
13156	246
13157	230
13158	196
13159	241
13160	202
13161	212
13162	229
13163	234
13164	255
13165	223
13166	205
13167	227
13168	193
13169	175
13170	234
13171	219
13172	226
13173	171
13174	192
13175	184
13176	183
13177	218
13178	205
13179	224
13180	240
13181	253
13182	264
13183	240
13184	227
13185	230
13186	185
13187	256
13188	201
13189	188
13190	203
13191	220
13192	200
13193	205
13194	211
13195	194
13196	294
13197	244
13198	248
13199	188
13200	254
13201	230
13202	219
13203	227
13204	233
13205	202
13206	228
13207	226
13208	252
13209	233
13210	246
13211	234
13212	208
13213	214
13214	194
13215	235
13216	175
13217	206
13218	223
13219	213
13220	226
13221	257
13222	225
13223	237
13224	229
13225	217
13226	224
13227	204
13228	224
13229	225
13230	235
13231	189
13232	221
13233	248
13234	202
13235	216
13236	202
13237	243
13238	232
13239	195
13240	222
13241	227
13242	210
13243	245
13244	241
13245	198
13246	209
13247	196
13248	205
13249	211
13250	196
13251	239
13252	237
13253	193
13254	225
13255	184
13256	161
13257	195
13258	202
13259	203
13260	191
13261	212
13262	191
13263	162
13264	207
13265	180
13266	230
13267	211
13268	185
13269	200
13270	180
13271	238
13272	208
13273	181
13274	190
13275	207
13276	178
13277	194
13278	205
13279	207
13280	207
13281	181
13282	210
13283	229
13284	211
13285	187
13286	185
13287	179
13288	199
13289	186
13290	180
13291	172
13292	216
13293	224
13294	194
13295	181
13296	184
13297	226
13298	190
13299	209
13300	200
13301	192
13302	247
13303	167
13304	169
13305	218
13306	210
13307	197
13308	182
13309	198
13310	157
13311	190
13312	198
13313	177
13314	142
13315	183
13316	184
13317	212
13318	223
13319	204
13320	182
13321	236
13322	171
13323	196
13324	245
13325	164
13326	186
13327	201
13328	181
13329	184
13330	188
13331	169
13332	172
13333	186
13334	202
13335	179
13336	158
13337	210
13338	202
13339	176
13340	210
13341	196
13342	188
13343	187
13344	171
13345	202
13346	187
13347	183
13348	198
13349	202
13350	208
13351	217
13352	216
13353	233
13354	211
13355	172
13356	169
13357	182

