## htsjdk.samtools.metrics.StringHeader
# CollectInsertSizeMetrics HISTOGRAM_FILE=/work/ugbogu/pipeline/data/nbl/GSE189367/results/picard/SRR17010994_insert_size_histogram.pdf MINIMUM_PCT=0.5 INPUT=/work/ugbogu/pipeline/data/nbl/GSE189367/results/star/SRR17010994.Aligned.sortedByCoord.out.bam OUTPUT=/work/ugbogu/pipeline/data/nbl/GSE189367/results/picard/SRR17010994_insert_size_metrics.txt    DEVIATIONS=10.0 METRIC_ACCUMULATION_LEVEL=[ALL_READS] INCLUDE_DUPLICATES=false ASSUME_SORTED=true STOP_AFTER=0 VERBOSITY=INFO QUIET=false VALIDATION_STRINGENCY=STRICT COMPRESSION_LEVEL=5 MAX_RECORDS_IN_RAM=500000 CREATE_INDEX=false CREATE_MD5_FILE=false USE_JDK_DEFLATER=false USE_JDK_INFLATER=false
## htsjdk.samtools.metrics.StringHeader
# Started on: Wed Apr 15 21:37:53 UTC 2026

## METRICS CLASS	picard.analysis.InsertSizeMetrics
MEDIAN_INSERT_SIZE	MODE_INSERT_SIZE	MEDIAN_ABSOLUTE_DEVIATION	MIN_INSERT_SIZE	MAX_INSERT_SIZE	MEAN_INSERT_SIZE	STANDARD_DEVIATION	READ_PAIRS	PAIR_ORIENTATION	WIDTH_OF_10_PERCENT	WIDTH_OF_20_PERCENT	WIDTH_OF_30_PERCENT	WIDTH_OF_40_PERCENT	WIDTH_OF_50_PERCENT	WIDTH_OF_60_PERCENT	WIDTH_OF_70_PERCENT	WIDTH_OF_80_PERCENT	WIDTH_OF_90_PERCENT	WIDTH_OF_95_PERCENT	WIDTH_OF_99_PERCENT	SAMPLE	LIBRARY	READ_GROUP
1484	77802	1323	23	3119896	2388.678429	3148.187318	59810361	FR	893	1731	2305	2523	2647	2755	5551	12951	41389	152567	173793			

## HISTOGRAM	java.lang.Integer
insert_size	All_Reads.fr_count
23	1
24	4
25	1
26	6
27	10
28	7
29	18
30	8
31	12
32	28
33	28
34	67
35	333
36	440
37	452
38	441
39	442
40	440
41	479
42	553
43	606
44	585
45	625
46	691
47	788
48	784
49	982
50	1259
51	1338
52	1179
53	1451
54	1409
55	1770
56	1975
57	2212
58	2864
59	3460
60	3315
61	3860
62	4829
63	4404
64	4067
65	5052
66	6829
67	8786
68	10191
69	9708
70	11875
71	17827
72	13254
73	17947
74	21356
75	94882
76	30471
77	23303
78	49978
79	27931
80	16678
81	25706
82	20684
83	16738
84	16313
85	14683
86	14602
87	16325
88	16836
89	17846
90	20459
91	23101
92	25799
93	27990
94	31174
95	34654
96	34306
97	39843
98	39662
99	45452
100	46522
101	50955
102	53970
103	56005
104	68042
105	79599
106	77457
107	75934
108	76797
109	79142
110	83543
111	82047
112	84843
113	92607
114	96699
115	92956
116	95770
117	97940
118	100289
119	98914
120	106065
121	112557
122	109402
123	126419
124	121209
125	111772
126	108181
127	108786
128	105777
129	109820
130	109940
131	111043
132	110315
133	113879
134	112196
135	111698
136	119277
137	114172
138	114211
139	116036
140	116949
141	119178
142	116537
143	116823
144	113506
145	112497
146	110032
147	112107
148	113030
149	112208
150	110032
151	114369
152	113683
153	116833
154	111614
155	114898
156	115711
157	115902
158	107609
159	108059
160	107945
161	107501
162	106590
163	111156
164	106711
165	104490
166	105764
167	104691
168	113189
169	111851
170	126450
171	109224
172	106335
173	106842
174	104212
175	105269
176	104209
177	102466
178	103446
179	115018
180	110101
181	108581
182	110023
183	103202
184	96179
185	92372
186	92449
187	95915
188	97439
189	89647
190	89503
191	87071
192	91097
193	89981
194	87050
195	86479
196	84885
197	84939
198	84026
199	82302
200	81951
201	82463
202	84950
203	82648
204	78594
205	82591
206	76853
207	77495
208	80870
209	79333
210	77607
211	77050
212	82337
213	76737
214	74226
215	73641
216	73865
217	72725
218	71654
219	71999
220	74447
221	74416
222	73260
223	74654
224	71576
225	72113
226	76576
227	81813
228	74234
229	76798
230	94616
231	77900
232	78419
233	88289
234	76785
235	69343
236	78994
237	67212
238	64407
239	64130
240	63285
241	63649
242	62429
243	61755
244	59627
245	59744
246	58329
247	57355
248	58936
249	57727
250	57433
251	58036
252	56695
253	55825
254	54525
255	54909
256	54690
257	54515
258	53886
259	53587
260	53851
261	52159
262	54203
263	53709
264	53317
265	52326
266	51250
267	50332
268	50718
269	49943
270	50743
271	50127
272	48631
273	49031
274	49114
275	50158
276	48404
277	47805
278	47086
279	47546
280	46399
281	47468
282	47079
283	46994
284	45908
285	45727
286	46763
287	45800
288	44880
289	44592
290	43651
291	44422
292	43102
293	44001
294	42868
295	41996
296	42641
297	41810
298	41954
299	41546
300	40609
301	40332
302	41467
303	40972
304	39703
305	39940
306	39094
307	40342
308	40690
309	39492
310	39248
311	37689
312	37227
313	37221
314	36892
315	37280
316	36413
317	36647
318	36007
319	35567
320	34517
321	33860
322	34479
323	35027
324	33971
325	34964
326	33462
327	33079
328	33621
329	33887
330	32279
331	32981
332	32056
333	31500
334	32379
335	31798
336	32852
337	31730
338	31869
339	31392
340	31201
341	30154
342	29544
343	29293
344	29173
345	29528
346	29569
347	29889
348	29701
349	28320
350	29059
351	27895
352	28704
353	29868
354	28171
355	28142
356	27529
357	28047
358	26343
359	27129
360	27277
361	26230
362	26710
363	26311
364	26148
365	25802
366	26325
367	26229
368	25370
369	26140
370	25610
371	24625
372	23471
373	25083
374	24336
375	24223
376	24982
377	23540
378	24526
379	24321
380	24017
381	23977
382	23708
383	23291
384	23979
385	23381
386	23827
387	22662
388	22497
389	21642
390	22029
391	22216
392	22275
393	22011
394	21697
395	21076
396	22840
397	21711
398	20815
399	21037
400	21162
401	21237
402	20441
403	20981
404	20303
405	20358
406	19415
407	19411
408	19467
409	20053
410	20562
411	19954
412	19249
413	18612
414	19119
415	18895
416	18792
417	19026
418	18478
419	17789
420	18533
421	18424
422	17854
423	18503
424	18213
425	17409
426	17899
427	18063
428	17940
429	19501
430	18264
431	17304
432	17481
433	17756
434	17356
435	16815
436	16692
437	17123
438	16206
439	17326
440	17260
441	16448
442	16700
443	16512
444	16701
445	16184
446	15789
447	16056
448	16016
449	16182
450	15590
451	15528
452	16087
453	15967
454	16715
455	16253
456	14966
457	14981
458	15372
459	15152
460	14993
461	14520
462	14982
463	14136
464	14100
465	13872
466	13747
467	13814
468	13777
469	14163
470	14348
471	13839
472	13626
473	13352
474	13589
475	14390
476	13833
477	13981
478	13317
479	13479
480	13327
481	13161
482	13337
483	12890
484	13780
485	13460
486	13463
487	12729
488	13109
489	12551
490	12711
491	12920
492	12129
493	12475
494	12752
495	12451
496	12519
497	12626
498	12282
499	13894
500	13182
501	12092
502	12435
503	13007
504	12397
505	12603
506	12861
507	12786
508	12854
509	12988
510	11984
511	12254
512	12016
513	12065
514	11892
515	11559
516	11735
517	11387
518	11648
519	11937
520	11872
521	11703
522	11401
523	11384
524	11885
525	11234
526	11422
527	11698
528	10943
529	11366
530	11420
531	11423
532	11376
533	11382
534	11293
535	11580
536	11993
537	11863
538	11296
539	11568
540	12343
541	11747
542	11429
543	11670
544	11949
545	11556
546	11228
547	11099
548	11364
549	11303
550	11391
551	11193
552	10913
553	11639
554	11424
555	10925
556	11830
557	11221
558	11050
559	10779
560	10774
561	10757
562	10683
563	10859
564	10782
565	10971
566	10988
567	10236
568	10656
569	10583
570	10615
571	10838
572	10854
573	11291
574	11230
575	11249
576	10808
577	10812
578	11288
579	10743
580	10924
581	10918
582	10523
583	10688
584	10445
585	11089
586	10417
587	10350
588	10972
589	10307
590	10688
591	10485
592	10564
593	10692
594	10131
595	10454
596	10181
597	10513
598	10466
599	10678
600	10137
601	10517
602	10207
603	10512
604	10387
605	10186
606	10548
607	10762
608	10145
609	10101
610	9851
611	10106
612	9590
613	9881
614	10411
615	10335
616	10167
617	10038
618	10415
619	10241
620	10481
621	9931
622	9936
623	10442
624	10763
625	10866
626	10207
627	10676
628	10223
629	10218
630	10236
631	10199
632	10030
633	10063
634	10440
635	10890
636	10509
637	10543
638	10757
639	10785
640	9652
641	10396
642	9837
643	10071
644	9636
645	10147
646	10071
647	10071
648	9877
649	10418
650	9131
651	9422
652	9308
653	9848
654	9711
655	9579
656	9363
657	9767
658	9865
659	10012
660	9847
661	9574
662	9309
663	9789
664	9225
665	9739
666	9523
667	9724
668	9778
669	9839
670	9539
671	9701
672	9776
673	9675
674	9665
675	9100
676	9479
677	9038
678	9626
679	9342
680	9604
681	9078
682	9680
683	9332
684	9027
685	9395
686	9091
687	8961
688	9110
689	8907
690	9697
691	9480
692	9723
693	9701
694	9618
695	9771
696	9595
697	9159
698	9657
699	9680
700	9681
701	9824
702	9305
703	9934
704	9605
705	9590
706	9853
707	9004
708	9686
709	9391
710	9712
711	9473
712	9747
713	9032
714	9021
715	9430
716	9168
717	9173
718	9519
719	9467
720	9146
721	9407
722	8961
723	9402
724	9112
725	9503
726	9239
727	9198
728	8854
729	8794
730	9305
731	9233
732	9405
733	9451
734	9397
735	9612
736	9329
737	9147
738	9104
739	8910
740	8970
741	8984
742	9199
743	8705
744	8905
745	8978
746	8388
747	8651
748	8781
749	8735
750	8666
751	8933
752	8714
753	9021
754	8527
755	8982
756	8745
757	8976
758	8729
759	9237
760	9555
761	9334
762	9377
763	9465
764	9386
765	8842
766	9140
767	9064
768	9108
769	9234
770	9376
771	8963
772	9196
773	9409
774	9234
775	9439
776	8696
777	9223
778	8951
779	9019
780	8959
781	8771
782	9118
783	8966
784	9063
785	8637
786	8972
787	9382
788	9253
789	8964
790	8908
791	9155
792	9626
793	9753
794	10307
795	9909
796	9420
797	9013
798	9272
799	8599
800	8952
801	9773
802	10120
803	9687
804	10239
805	9427
806	10257
807	9377
808	10016
809	9057
810	8793
811	8887
812	8811
813	8957
814	8795
815	8912
816	8272
817	8592
818	8426
819	8957
820	9091
821	9172
822	8737
823	9255
824	8940
825	8842
826	8903
827	9098
828	8814
829	8821
830	9508
831	8518
832	8666
833	8823
834	8883
835	8877
836	9302
837	9910
838	9114
839	9066
840	8356
841	9017
842	8537
843	8798
844	9445
845	8960
846	8664
847	8119
848	8853
849	8534
850	8762
851	8488
852	8064
853	8346
854	8630
855	8216
856	8468
857	8283
858	8302
859	8532
860	8736
861	8549
862	8457
863	8256
864	8973
865	8301
866	8602
867	8482
868	8545
869	8490
870	8318
871	8669
872	8530
873	8645
874	8454
875	8578
876	9209
877	8747
878	8308
879	8815
880	8659
881	8729
882	9055
883	8333
884	8121
885	8161
886	8165
887	8592
888	8489
889	8489
890	8713
891	8178
892	8194
893	8393
894	8052
895	7870
896	8026
897	8025
898	7950
899	7959
900	8630
901	8207
902	8121
903	8056
904	8177
905	7904
906	8236
907	7898
908	8221
909	7763
910	8425
911	8501
912	7983
913	8468
914	8645
915	8241
916	8557
917	8299
918	8580
919	8897
920	8659
921	8320
922	8460
923	9142
924	8693
925	8121
926	8512
927	8454
928	8629
929	8256
930	8483
931	8226
932	8813
933	8496
934	8901
935	8080
936	8797
937	8901
938	8965
939	8658
940	8925
941	8914
942	9335
943	8575
944	9197
945	8734
946	8364
947	8389
948	8943
949	8465
950	8427
951	8888
952	8247
953	8263
954	8260
955	8580
956	8367
957	8525
958	7884
959	8306
960	8099
961	8635
962	8732
963	8302
964	7883
965	7958
966	8445
967	8185
968	8315
969	8023
970	8107
971	8462
972	8278
973	8208
974	8349
975	8378
976	8931
977	8756
978	8562
979	8535
980	8801
981	8248
982	8319
983	8313
984	8001
985	8083
986	8436
987	7852
988	7774
989	8023
990	7525
991	8257
992	7878
993	8529
994	8268
995	8218
996	8269
997	7950
998	8000
999	7988
1000	8199
1001	8127
1002	8174
1003	7512
1004	7856
1005	8013
1006	7867
1007	7923
1008	7390
1009	8161
1010	8066
1011	7767
1012	7915
1013	7806
1014	8346
1015	7977
1016	7445
1017	7847
1018	7597
1019	7959
1020	7725
1021	7540
1022	7744
1023	7432
1024	7404
1025	7354
1026	7668
1027	7472
1028	7470
1029	7643
1030	7395
1031	7063
1032	7526
1033	7330
1034	7730
1035	7613
1036	7609
1037	8041
1038	7598
1039	7389
1040	7477
1041	7730
1042	7604
1043	7342
1044	7750
1045	7854
1046	7732
1047	7533
1048	7864
1049	7669
1050	7784
1051	7664
1052	8356
1053	7638
1054	7627
1055	7495
1056	7342
1057	7643
1058	7260
1059	7268
1060	7649
1061	7394
1062	7244
1063	7402
1064	7397
1065	7474
1066	7294
1067	7191
1068	7069
1069	6947
1070	7214
1071	6983
1072	6768
1073	7071
1074	7059
1075	7045
1076	7054
1077	6838
1078	7525
1079	7491
1080	7208
1081	7583
1082	7208
1083	7266
1084	7106
1085	7121
1086	6923
1087	7162
1088	6839
1089	7105
1090	7139
1091	7106
1092	6568
1093	7110
1094	7394
1095	7387
1096	6987
1097	7125
1098	7262
1099	7164
1100	6804
1101	7078
1102	7069
1103	7191
1104	7345
1105	6986
1106	6893
1107	6978
1108	7276
1109	7233
1110	7317
1111	7314
1112	7003
1113	6901
1114	7144
1115	7288
1116	6807
1117	7616
1118	7177
1119	7141
1120	7181
1121	7181
1122	7460
1123	7068
1124	7084
1125	7132
1126	7426
1127	7297
1128	7822
1129	7212
1130	6915
1131	6778
1132	6866
1133	6732
1134	7157
1135	6476
1136	6963
1137	6742
1138	6834
1139	6902
1140	6286
1141	7011
1142	7157
1143	7095
1144	6959
1145	7005
1146	7355
1147	7360
1148	7177
1149	6611
1150	7137
1151	7545
1152	7004
1153	7180
1154	6614
1155	6956
1156	7086
1157	7394
1158	7082
1159	7218
1160	6995
1161	6830
1162	7466
1163	7230
1164	7095
1165	7511
1166	7215
1167	7509
1168	6807
1169	6920
1170	6961
1171	6982
1172	6987
1173	6999
1174	7115
1175	7313
1176	7022
1177	6678
1178	6978
1179	7257
1180	7063
1181	6978
1182	6639
1183	6992
1184	6917
1185	7244
1186	7312
1187	6873
1188	6895
1189	6724
1190	6888
1191	6929
1192	7040
1193	7109
1194	6609
1195	6805
1196	6913
1197	6901
1198	6889
1199	6723
1200	7085
1201	6849
1202	7033
1203	7110
1204	6776
1205	6890
1206	6759
1207	7011
1208	6939
1209	7092
1210	7047
1211	6825
1212	7048
1213	7262
1214	6901
1215	7149
1216	6886
1217	6935
1218	6939
1219	6843
1220	7354
1221	7246
1222	6841
1223	7137
1224	7380
1225	6799
1226	7203
1227	7064
1228	7489
1229	6969
1230	6641
1231	7252
1232	6921
1233	6659
1234	6932
1235	7485
1236	6759
1237	7231
1238	7038
1239	7094
1240	6529
1241	6947
1242	6823
1243	6947
1244	6716
1245	7072
1246	6836
1247	7081
1248	6774
1249	6802
1250	7122
1251	7585
1252	7093
1253	7650
1254	8338
1255	9516
1256	7924
1257	8632
1258	8473
1259	7689
1260	8406
1261	7754
1262	7198
1263	7536
1264	8907
1265	8729
1266	8234
1267	9649
1268	7838
1269	8562
1270	7494
1271	7573
1272	7645
1273	7622
1274	7004
1275	6839
1276	6937
1277	6692
1278	6588
1279	7149
1280	6970
1281	7385
1282	6838
1283	7113
1284	7045
1285	7041
1286	6883
1287	6643
1288	7153
1289	6983
1290	7181
1291	7137
1292	7094
1293	6820
1294	6937
1295	7064
1296	6930
1297	6894
1298	7386
1299	7409
1300	6751
1301	7866
1302	7911
1303	7764
1304	8104
1305	8146
1306	7664
1307	7675
1308	7849
1309	8395
1310	8214
1311	8071
1312	7842
1313	8077
1314	8094
1315	9069
1316	7904
1317	8200
1318	7619
1319	7603
1320	7508
1321	7640
1322	7234
1323	7400
1324	7527
1325	8277
1326	8505
1327	8020
1328	8378
1329	7462
1330	7067
1331	7450
1332	7586
1333	7389
1334	7139
1335	7193
1336	7296
1337	7325
1338	7021
1339	6891
1340	7233
1341	6806
1342	7708
1343	7271
1344	6754
1345	7167
1346	7169
1347	7201
1348	6898
1349	6824
1350	7011
1351	6995
1352	6683
1353	7701
1354	7448
1355	6699
1356	6871
1357	7067
1358	6804
1359	7066
1360	6900
1361	7104
1362	6617
1363	7113
1364	6744
1365	6521
1366	6627
1367	6445
1368	6770
1369	7185
1370	6765
1371	6501
1372	6525
1373	6886
1374	6442
1375	6744
1376	6253
1377	6583
1378	6508
1379	6269
1380	6272
1381	6321
1382	6575
1383	6372
1384	6580
1385	6768
1386	6382
1387	6636
1388	6381
1389	6406
1390	6258
1391	6233
1392	6100
1393	6397
1394	6369
1395	6381
1396	6286
1397	6375
1398	6487
1399	6680
1400	6343
1401	5953
1402	6036
1403	6053
1404	6096
1405	6214
1406	6340
1407	6522
1408	6144
1409	6524
1410	6131
1411	5944
1412	5870
1413	5978
1414	6059
1415	6114
1416	6083
1417	6182
1418	6150
1419	5840
1420	6179
1421	6031
1422	5912
1423	6127
1424	6227
1425	6351
1426	6333
1427	6299
1428	6156
1429	6152
1430	5820
1431	5950
1432	6024
1433	5884
1434	6012
1435	5908
1436	6521
1437	6123
1438	6043
1439	6145
1440	6122
1441	6362
1442	6245
1443	5902
1444	6459
1445	6010
1446	6206
1447	6277
1448	6305
1449	6036
1450	6158
1451	5955
1452	6234
1453	6274
1454	5650
1455	6051
1456	5947
1457	6159
1458	6197
1459	6366
1460	6303
1461	6514
1462	6449
1463	6201
1464	6248
1465	6168
1466	6165
1467	5860
1468	6146
1469	6214
1470	6254
1471	6180
1472	6324
1473	6467
1474	6443
1475	6333
1476	5975
1477	6079
1478	5813
1479	6118
1480	6187
1481	6287
1482	6819
1483	6949
1484	7186
1485	7330
1486	7310
1487	7752
1488	7353
1489	7419
1490	7053
1491	7703
1492	8663
1493	9439
1494	8131
1495	7155
1496	8294
1497	7754
1498	8227
1499	8508
1500	8401
1501	7168
1502	6448
1503	6188
1504	6817
1505	6676
1506	7035
1507	7691
1508	6709
1509	6482
1510	6984
1511	6679
1512	6195
1513	6290
1514	6350
1515	6241
1516	6518
1517	6707
1518	6364
1519	6451
1520	6532
1521	6681
1522	6832
1523	6793
1524	6595
1525	6985
1526	7168
1527	6820
1528	6717
1529	6271
1530	6833
1531	6810
1532	6969
1533	6955
1534	6994
1535	7084
1536	7071
1537	7995
1538	7387
1539	7876
1540	7222
1541	7059
1542	7599
1543	6524
1544	7261
1545	6774
1546	7092
1547	7190
1548	6788
1549	7217
1550	7038
1551	7535
1552	7528
1553	7163
1554	7053
1555	7037
1556	7709
1557	7115
1558	8287
1559	7507
1560	8451
1561	7702
1562	7306
1563	7267
1564	7471
1565	7433
1566	7248
1567	7760
1568	8096
1569	7197
1570	7203
1571	7045
1572	6976
1573	8009
1574	7621
1575	7540
1576	6455
1577	6597
1578	6686
1579	6470
1580	6360
1581	6544
1582	6793
1583	6901
1584	7296
1585	7703
1586	7269
1587	7728
1588	6820
1589	7333
1590	6910
1591	6772
1592	7470
1593	7189
1594	6948
1595	6686
1596	6482
1597	6638
1598	6652
1599	7291
1600	7265
1601	7431
1602	7065
1603	8264
1604	7240
1605	8359
1606	6999
1607	9006
1608	6745
1609	7659
1610	6848
1611	6267
1612	6335
1613	6845
1614	6740
1615	6830
1616	6383
1617	6394
1618	6562
1619	6536
1620	6495
1621	6866
1622	6508
1623	6789
1624	6691
1625	7035
1626	6670
1627	6998
1628	6894
1629	7007
1630	7195
1631	6574
1632	7382
1633	6713
1634	7121
1635	7142
1636	7099
1637	6677
1638	7172
1639	7587
1640	7693
1641	7594
1642	7553
1643	7536
1644	6649
1645	7020
1646	6552
1647	6517
1648	6401
1649	6737
1650	6516
1651	7364
1652	6394
1653	6480
1654	6403
1655	6402
1656	6646
1657	6372
1658	6491
1659	6489
1660	6674
1661	6487
1662	6610
1663	6651
1664	6566
1665	7302
1666	6761
1667	7538
1668	7224
1669	6438
1670	7417
1671	6865
1672	6694
1673	6625
1674	6558
1675	6540
1676	5934
1677	6661
1678	6918
1679	7063
1680	6928
1681	6623
1682	6439
1683	6854
1684	6034
1685	6123
1686	5872
1687	5906
1688	6540
1689	6050
1690	6223
1691	6527
1692	6215
1693	6707
1694	6642
1695	6482
1696	6454
1697	6056
1698	6214
1699	6148
1700	6299
1701	6538
1702	6708
1703	6501
1704	6729
1705	6328
1706	6538
1707	6749
1708	6245
1709	6670
1710	6829
1711	6638
1712	6900
1713	7176
1714	6851
1715	6778
1716	7129
1717	6589
1718	6556
1719	6176
1720	6005
1721	6401
1722	6522
1723	6765
1724	6610
1725	6402
1726	6772
1727	6570
1728	6498
1729	6406
1730	6582
1731	6477
1732	6330
1733	6386
1734	6166
1735	6186
1736	6136
1737	6165
1738	6269
1739	6067
1740	6036
1741	5785
1742	5683
1743	5996
1744	5678
1745	5906
1746	6276
1747	6004
1748	6177
1749	5976
1750	6233
1751	5748
1752	6509
1753	6093
1754	6506
1755	6680
1756	6372
1757	6475
1758	5794
1759	6164
1760	6383
1761	5718
1762	6117
1763	5898
1764	5907
1765	6554
1766	5786
1767	6087
1768	6126
1769	6668
1770	6492
1771	6668
1772	6095
1773	6333
1774	6281
1775	6029
1776	5780
1777	6045
1778	5892
1779	5787
1780	5659
1781	5695
1782	5645
1783	5693
1784	5976
1785	6026
1786	5830
1787	5731
1788	5954
1789	5964
1790	5617
1791	5893
1792	5781
1793	5943
1794	6067
1795	5503
1796	5826
1797	5569
1798	5615
1799	5817
1800	5840
1801	5651
1802	5868
1803	5792
1804	5827
1805	5765
1806	5826
1807	5787
1808	6009
1809	6019
1810	6234
1811	6009
1812	5448
1813	6197
1814	5981
1815	6152
1816	5905
1817	6269
1818	6151
1819	6150
1820	5730
1821	5656
1822	5543
1823	5830
1824	5825
1825	5622
1826	5387
1827	5565
1828	5577
1829	5262
1830	5689
1831	5476
1832	5709
1833	5274
1834	5288
1835	5348
1836	5360
1837	5432
1838	5647
1839	5499
1840	5683
1841	5465
1842	5205
1843	5390
1844	5369
1845	5538
1846	5384
1847	5435
1848	5367
1849	5425
1850	5341
1851	5805
1852	5688
1853	6193
1854	6190
1855	5523
1856	5807
1857	5578
1858	5919
1859	5887
1860	5905
1861	5684
1862	6088
1863	6034
1864	6473
1865	6394
1866	5732
1867	6411
1868	6073
1869	6078
1870	6187
1871	6111
1872	6179
1873	5972
1874	6066
1875	5292
1876	5780
1877	5156
1878	5592
1879	5513
1880	5213
1881	5437
1882	5279
1883	5776
1884	5345
1885	5557
1886	5059
1887	5627
1888	5295
1889	5331
1890	5536
1891	5404
1892	5227
1893	5405
1894	5441
1895	5284
1896	5372
1897	5527
1898	5063
1899	5061
1900	5471
1901	6003
1902	5237
1903	5542
1904	5344
1905	5301
1906	4962
1907	5474
1908	5878
1909	6032
1910	5722
1911	5612
1912	5639
1913	5653
1914	5659
1915	5621
1916	5445
1917	5536
1918	5363
1919	5439
1920	5441
1921	5152
1922	5627
1923	5200
1924	5273
1925	5441
1926	4988
1927	5272
1928	5183
1929	5346
1930	4988
1931	5250
1932	5195
1933	5160
1934	5150
1935	5166
1936	5452
1937	5164
1938	5245
1939	5491
1940	5341
1941	5670
1942	5416
1943	5457
1944	5361
1945	5159
1946	4914
1947	5327
1948	5343
1949	5139
1950	5497
1951	5210
1952	5443
1953	5357
1954	5687
1955	5206
1956	5425
1957	5467
1958	5444
1959	5297
1960	5097
1961	5443
1962	5405
1963	5630
1964	5451
1965	5699
1966	5600
1967	5132
1968	5140
1969	5720
1970	5156
1971	5490
1972	5584
1973	5514
1974	5774
1975	5494
1976	5620
1977	5640
1978	5576
1979	6003
1980	5920
1981	6281
1982	6372
1983	5641
1984	5899
1985	5621
1986	5772
1987	5780
1988	5680
1989	6185
1990	5539
1991	6200
1992	6297
1993	6007
1994	6159
1995	5736
1996	5894
1997	6192
1998	6196
1999	6167
2000	6116
2001	6545
2002	6473
2003	6389
2004	6407
2005	6206
2006	5996
2007	5608
2008	6382
2009	6234
2010	6307
2011	5954
2012	5974
2013	6294
2014	6776
2015	5996
2016	6237
2017	6173
2018	6141
2019	6229
2020	6505
2021	6683
2022	6559
2023	6503
2024	6664
2025	6348
2026	6282
2027	6635
2028	6541
2029	6285
2030	6106
2031	6226
2032	5922
2033	5801
2034	5834
2035	5868
2036	5946
2037	5608
2038	5702
2039	6043
2040	5953
2041	6491
2042	6053
2043	6075
2044	6122
2045	5987
2046	6056
2047	6008
2048	6225
2049	6027
2050	6697
2051	6473
2052	6035
2053	6224
2054	6585
2055	6507
2056	6236
2057	7164
2058	7196
2059	6093
2060	5928
2061	6103
2062	6105
2063	6571
2064	6475
2065	6077
2066	6288
2067	6153
2068	6237
2069	6505
2070	6108
2071	6579
2072	5884
2073	6276
2074	6290
2075	6269
2076	5824
2077	5916
2078	6000
2079	6066
2080	5747
2081	5900
2082	5978
2083	5782
2084	5860
2085	5926
2086	6178
2087	5948
2088	6072
2089	5976
2090	6122
2091	5825
2092	5766
2093	5904
2094	5487
2095	5418
2096	5624
2097	5510
2098	5550
2099	5789
2100	5699
2101	5678
2102	5632
2103	5348
2104	5379
2105	5483
2106	5507
2107	5129
2108	5424
2109	5533
2110	5730
2111	5264
2112	5375
2113	4921
2114	5138
2115	5264
2116	5364
2117	5173
2118	5902
2119	6015
2120	5867
2121	5673
2122	5389
2123	5481
2124	5049
2125	4709
2126	5410
2127	5207
2128	5339
2129	5299
2130	5206
2131	5395
2132	5059
2133	5316
2134	5249
2135	5412
2136	5115
2137	5030
2138	5314
2139	5124
2140	4783
2141	5087
2142	5284
2143	5479
2144	5318
2145	5246
2146	5087
2147	5209
2148	5434
2149	5137
2150	4928
2151	5190
2152	5147
2153	5642
2154	5545
2155	5266
2156	5386
2157	5048
2158	4842
2159	4665
2160	4749
2161	5086
2162	4677
2163	4898
2164	5140
2165	5138
2166	5272
2167	5639
2168	5537
2169	5640
2170	5865
2171	6280
2172	6048
2173	5084
2174	5282
2175	5102
2176	4842
2177	5402
2178	4972
2179	5409
2180	5216
2181	5243
2182	4978
2183	5043
2184	4637
2185	5222
2186	4836
2187	4759
2188	4534
2189	4970
2190	5070
2191	5070
2192	4742
2193	4690
2194	4977
2195	4748
2196	4831
2197	4925
2198	5085
2199	5015
2200	4986
2201	4683
2202	5334
2203	5368
2204	6149
2205	6241
2206	5464
2207	5223
2208	5411
2209	5339
2210	5351
2211	5194
2212	4970
2213	5067
2214	5026
2215	4999
2216	4763
2217	5305
2218	4707
2219	4943
2220	4797
2221	4875
2222	4569
2223	4508
2224	4804
2225	4527
2226	5482
2227	4720
2228	4451
2229	4157
2230	4482
2231	4363
2232	4717
2233	4841
2234	4825
2235	4788
2236	4911
2237	4809
2238	4640
2239	4917
2240	5273
2241	5181
2242	5281
2243	4992
2244	5072
2245	5164
2246	4943
2247	5093
2248	5128
2249	4806
2250	4867
2251	5064
2252	4636
2253	5089
2254	5021
2255	4872
2256	4464
2257	5102
2258	4849
2259	5223
2260	5153
2261	5117
2262	5062
2263	5172
2264	5320
2265	4535
2266	4984
2267	4657
2268	4780
2269	4873
2270	5158
2271	4683
2272	4957
2273	4862
2274	4804
2275	5002
2276	5169
2277	5127
2278	5326
2279	4896
2280	4783
2281	5003
2282	4826
2283	5109
2284	5011
2285	4763
2286	5232
2287	4553
2288	4908
2289	5075
2290	5058
2291	5001
2292	5016
2293	4992
2294	4924
2295	4826
2296	4647
2297	5069
2298	5112
2299	4844
2300	4856
2301	4806
2302	5208
2303	4895
2304	4792
2305	4827
2306	4842
2307	4606
2308	4800
2309	4949
2310	4887
2311	5018
2312	5325
2313	4986
2314	4871
2315	4762
2316	4676
2317	4688
2318	4917
2319	5173
2320	5074
2321	5208
2322	4986
2323	4900
2324	5288
2325	5111
2326	5374
2327	4914
2328	5025
2329	5136
2330	4940
2331	4858
2332	4827
2333	4893
2334	4986
2335	4938
2336	4732
2337	4701
2338	4961
2339	4960
2340	5065
2341	5058
2342	5158
2343	4816
2344	4732
2345	4812
2346	4984
2347	4569
2348	4986
2349	4999
2350	4416
2351	4861
2352	5039
2353	4553
2354	4684
2355	4997
2356	4606
2357	4710
2358	4696
2359	5420
2360	5425
2361	4716
2362	5500
2363	4738
2364	4596
2365	4929
2366	4856
2367	5312
2368	4703
2369	4845
2370	4657
2371	4778
2372	4756
2373	4710
2374	4537
2375	4715
2376	4567
2377	4579
2378	4736
2379	4504
2380	4632
2381	4412
2382	4719
2383	4681
2384	5017
2385	4597
2386	4619
2387	4472
2388	4723
2389	4878
2390	4566
2391	4711
2392	5062
2393	4848
2394	4594
2395	4623
2396	4780
2397	4949
2398	5212
2399	6161
2400	6381
2401	6508
2402	5641
2403	5374
2404	5282
2405	6252
2406	6513
2407	5065
2408	5378
2409	4847
2410	4418
2411	4409
2412	4272
2413	4289
2414	4180
2415	4394
2416	4739
2417	4550
2418	4403
2419	4406
2420	4205
2421	4155
2422	4146
2423	4520
2424	4194
2425	4309
2426	4268
2427	4345
2428	4327
2429	4264
2430	4526
2431	4209
2432	4090
2433	4203
2434	4128
2435	4183
2436	4207
2437	4230
2438	4129
2439	4253
2440	4067
2441	4057
2442	4241
2443	3874
2444	3879
2445	4128
2446	4010
2447	4178
2448	4125
2449	4508
2450	3982
2451	3874
2452	4241
2453	4607
2454	3981
2455	4072
2456	4498
2457	4123
2458	3972
2459	4306
2460	4137
2461	4084
2462	3606
2463	3712
2464	3992
2465	3919
2466	4157
2467	4170
2468	4100
2469	3874
2470	4022
2471	4386
2472	3950
2473	3957
2474	3944
2475	3963
2476	3973
2477	4056
2478	3959
2479	3993
2480	4048
2481	4115
2482	4140
2483	3859
2484	3851
2485	4081
2486	4031
2487	4144
2488	4098
2489	4265
2490	4186
2491	4162
2492	4517
2493	4068
2494	4257
2495	4076
2496	4131
2497	4128
2498	4201
2499	4173
2500	3961
2501	4088
2502	4148
2503	4052
2504	4063
2505	4254
2506	4019
2507	4196
2508	3964
2509	3974
2510	3943
2511	4074
2512	4373
2513	4391
2514	4410
2515	4181
2516	4119
2517	4178
2518	4205
2519	3908
2520	4203
2521	4244
2522	3945
2523	4478
2524	4526
2525	4222
2526	4471
2527	4202
2528	4393
2529	4403
2530	4168
2531	4333
2532	4349
2533	4344
2534	4269
2535	4450
2536	4488
2537	4318
2538	4280
2539	4380
2540	4383
2541	4272
2542	4414
2543	4127
2544	4101
2545	4424
2546	4205
2547	4321
2548	4417
2549	4315
2550	4145
2551	4494
2552	4433
2553	4567
2554	4189
2555	4291
2556	4414
2557	4604
2558	4629
2559	4580
2560	4286
2561	4726
2562	4428
2563	4543
2564	4540
2565	4671
2566	4713
2567	4569
2568	4978
2569	4313
2570	4645
2571	4404
2572	4620
2573	4493
2574	4354
2575	4564
2576	4592
2577	4729
2578	4846
2579	4576
2580	4394
2581	4781
2582	4598
2583	4787
2584	4238
2585	4231
2586	4376
2587	4239
2588	4557
2589	4371
2590	4746
2591	4758
2592	4142
2593	4488
2594	3967
2595	4209
2596	3940
2597	3867
2598	4220
2599	3797
2600	3941
2601	3936
2602	3828
2603	3981
2604	4087
2605	4130
2606	4127
2607	3917
2608	3898
2609	3876
2610	3997
2611	3901
2612	3828
2613	4114
2614	3754
2615	3832
2616	4026
2617	3964
2618	4109
2619	4048
2620	4031
2621	3979
2622	3906
2623	3736
2624	3917
2625	4123
2626	4031
2627	4080
2628	4155
2629	3922
2630	5088
2631	3874
2632	4126
2633	4109
2634	3874
2635	4154
2636	4072
2637	4528
2638	4269
2639	4870
2640	5397
2641	4504
2642	4198
2643	5565
2644	4424
2645	4513
2646	4221
2647	10780
2648	8066
2649	5297
2650	4244
2651	4160
2652	4603
2653	4751
2654	4987
2655	4331
2656	4394
2657	4323
2658	4341
2659	4422
2660	4219
2661	4602
2662	4520
2663	4354
2664	4535
2665	4452
2666	4277
2667	4604
2668	4254
2669	4420
2670	4645
2671	4277
2672	4363
2673	4159
2674	4189
2675	4173
2676	4545
2677	4888
2678	4353
2679	4949
2680	4679
2681	4821
2682	4898
2683	4787
2684	5051
2685	4628
2686	4781
2687	4313
2688	4812
2689	4875
2690	4599
2691	4890
2692	4349
2693	4929
2694	4330
2695	4751
2696	4608
2697	4774
2698	4503
2699	4725
2700	4687
2701	5001
2702	5025
2703	4678
2704	4808
2705	4703
2706	4842
2707	4858
2708	4522
2709	5110
2710	5257
2711	5152
2712	4590
2713	4455
2714	4380
2715	4189
2716	4362
2717	4407
2718	5083
2719	5079
2720	4913
2721	4930
2722	4970
2723	4570
2724	4449
2725	4608
2726	4328
2727	4500
2728	4260
2729	4567
2730	4296
2731	4500
2732	4122
2733	3975
2734	4299
2735	4864
2736	4350
2737	4595
2738	4243
2739	5013
2740	4343
2741	4339
2742	4613
2743	4457
2744	4002
2745	4265
2746	4016
2747	4299
2748	4236
2749	4190
2750	3754
2751	3974
2752	3734
2753	3945
2754	3675
2755	3951
2756	4198
2757	4354
2758	3968
2759	3912
2760	4302
2761	4669
2762	4829
2763	4821
2764	5055
2765	4752
2766	4580
2767	5108
2768	5060
2769	5242
2770	5198
2771	4820
2772	4493
2773	5075
2774	4533
2775	4618
2776	5035
2777	4470
2778	4503
2779	4341
2780	4295
2781	4565
2782	4318
2783	4371
2784	4388
2785	4307
2786	3934
2787	3888
2788	3737
2789	3857
2790	4058
2791	3856
2792	3902
2793	3659
2794	3794
2795	3667
2796	3631
2797	3935
2798	4094
2799	3933
2800	3813
2801	3819
2802	3668
2803	4214
2804	3955
2805	3639
2806	4114
2807	4097
2808	4145
2809	4261
2810	4216
2811	3956
2812	4329
2813	4398
2814	4253
2815	4315
2816	4762
2817	5675
2818	4876
2819	4818
2820	4412
2821	5161
2822	5145
2823	5640
2824	5815
2825	5133
2826	4934
2827	4692
2828	4462
2829	4105
2830	3848
2831	3567
2832	3829
2833	3677
2834	3519
2835	4015
2836	3617
2837	3915
2838	3466
2839	3924
2840	3794
2841	3754
2842	3703
2843	4044
2844	3961
2845	3998
2846	3924
2847	4266
2848	4222
2849	3944
2850	3826
2851	3910
2852	3731
2853	4105
2854	4502
2855	4187
2856	4808
2857	4309
2858	4419
2859	4226
2860	4956
2861	5656
2862	5458
2863	6938
2864	5244
2865	5876
2866	3750
2867	4274
2868	4312
2869	3883
2870	3971
2871	3760
2872	3763
2873	3960
2874	3844
2875	3801
2876	3646
2877	3529
2878	3640
2879	3617
2880	3550
2881	3755
2882	4083
2883	3778
2884	3810
2885	3731
2886	3753
2887	3722
2888	3910
2889	3897
2890	3956
2891	3592
2892	3744
2893	4047
2894	3608
2895	3630
2896	3563
2897	3386
2898	3555
2899	3601
2900	3624
2901	3802
2902	3584
2903	3497
2904	3422
2905	3537
2906	3490
2907	3752
2908	3627
2909	3591
2910	3488
2911	3550
2912	3266
2913	3524
2914	3591
2915	3212
2916	3480
2917	3591
2918	3508
2919	3635
2920	3478
2921	3717
2922	3318
2923	3246
2924	3534
2925	3306
2926	3229
2927	3422
2928	3511
2929	3336
2930	3585
2931	3324
2932	3463
2933	3816
2934	3576
2935	3744
2936	3408
2937	3527
2938	3494
2939	3503
2940	3299
2941	3483
2942	3380
2943	3426
2944	3814
2945	3465
2946	3576
2947	3147
2948	3418
2949	3309
2950	3491
2951	3555
2952	3480
2953	3605
2954	3533
2955	3579
2956	3453
2957	3496
2958	3352
2959	3260
2960	3585
2961	3334
2962	3575
2963	3277
2964	3284
2965	3242
2966	3347
2967	3592
2968	3405
2969	3458
2970	3630
2971	3598
2972	3494
2973	3514
2974	3289
2975	3485
2976	3458
2977	3415
2978	3407
2979	3389
2980	3563
2981	3655
2982	3467
2983	3441
2984	3381
2985	3350
2986	3317
2987	3280
2988	3564
2989	3581
2990	3395
2991	3383
2992	3196
2993	3756
2994	3330
2995	3236
2996	3668
2997	3716
2998	3551
2999	3471
3000	3726
3001	3655
3002	3919
3003	3767
3004	3734
3005	3835
3006	3867
3007	3870
3008	3364
3009	3595
3010	3568
3011	3758
3012	3558
3013	3405
3014	3501
3015	3595
3016	3713
3017	3532
3018	3623
3019	3768
3020	3964
3021	3774
3022	3727
3023	3814
3024	3549
3025	3573
3026	3441
3027	3429
3028	3367
3029	3427
3030	3065
3031	3355
3032	3459
3033	3301
3034	3408
3035	3482
3036	3441
3037	3509
3038	3735
3039	3559
3040	3822
3041	3648
3042	3796
3043	3826
3044	3615
3045	3850
3046	3809
3047	4203
3048	4820
3049	3878
3050	4028
3051	4221
3052	4357
3053	4707
3054	4540
3055	4606
3056	4469
3057	4505
3058	4261
3059	4367
3060	4592
3061	4012
3062	4310
3063	3860
3064	4009
3065	4383
3066	3951
3067	3932
3068	3803
3069	3493
3070	3874
3071	3697
3072	3920
3073	3991
3074	4055
3075	3918
3076	4039
3077	4308
3078	4348
3079	4504
3080	4184
3081	3884
3082	4002
3083	3726
3084	4060
3085	4017
3086	3605
3087	4170
3088	4207
3089	3966
3090	3864
3091	3697
3092	3757
3093	3869
3094	3717
3095	4464
3096	4101
3097	3827
3098	3933
3099	3941
3100	4068
3101	3955
3102	4001
3103	3784
3104	3655
3105	3957
3106	3757
3107	3737
3108	3675
3109	3771
3110	3760
3111	3633
3112	3641
3113	3530
3114	3427
3115	3909
3116	4026
3117	3714
3118	3633
3119	3607
3120	3675
3121	3388
3122	3368
3123	3601
3124	3797
3125	3894
3126	3692
3127	3715
3128	3403
3129	3468
3130	3693
3131	3590
3132	3718
3133	3942
3134	4059
3135	3568
3136	3769
3137	3673
3138	3545
3139	3479
3140	3802
3141	3886
3142	3777
3143	3783
3144	4145
3145	3771
3146	3792
3147	3663
3148	3636
3149	3598
3150	3466
3151	3686
3152	4059
3153	3634
3154	3509
3155	3628
3156	3554
3157	3593
3158	3693
3159	3907
3160	4113
3161	3769
3162	3719
3163	3465
3164	4033
3165	4210
3166	4153
3167	4183
3168	3995
3169	3620
3170	3929
3171	3629
3172	3708
3173	3761
3174	3632
3175	3690
3176	3603
3177	3864
3178	3770
3179	3672
3180	3480
3181	3511
3182	3307
3183	3390
3184	3543
3185	3370
3186	3210
3187	3549
3188	3325
3189	3693
3190	3654
3191	3509
3192	3878
3193	3900
3194	3570
3195	3709
3196	3511
3197	3424
3198	3682
3199	3574
3200	3647
3201	3747
3202	3409
3203	3500
3204	3782
3205	3789
3206	3623
3207	3847
3208	3612
3209	3553
3210	3581
3211	3631
3212	3743
3213	3640
3214	3277
3215	3618
3216	3416
3217	3897
3218	3660
3219	3698
3220	3249
3221	3676
3222	3672
3223	3712
3224	3457
3225	4010
3226	3897
3227	3602
3228	3450
3229	3658
3230	3705
3231	3899
3232	4197
3233	3696
3234	3636
3235	3720
3236	3642
3237	4090
3238	3808
3239	4002
3240	3833
3241	3798
3242	3977
3243	4261
3244	4002
3245	3918
3246	3759
3247	3515
3248	3875
3249	3849
3250	3823
3251	3887
3252	3813
3253	3676
3254	3720
3255	3797
3256	3600
3257	3747
3258	3717
3259	3623
3260	3766
3261	3910
3262	3709
3263	3630
3264	3696
3265	3701
3266	3546
3267	3444
3268	3881
3269	3609
3270	3948
3271	3592
3272	3600
3273	3656
3274	3476
3275	4007
3276	4215
3277	3785
3278	3637
3279	3744
3280	3721
3281	3791
3282	3961
3283	3957
3284	3718
3285	3962
3286	4160
3287	3959
3288	3644
3289	4243
3290	3873
3291	3564
3292	3656
3293	3932
3294	3764
3295	3678
3296	3683
3297	3601
3298	3744
3299	4159
3300	3810
3301	4208
3302	4085
3303	3811
3304	4180
3305	4199
3306	3627
3307	3842
3308	3495
3309	3801
3310	4056
3311	3940
3312	4202
3313	3798
3314	3731
3315	4296
3316	4317
3317	4648
3318	4268
3319	4140
3320	4003
3321	3895
3322	3990
3323	4390
3324	3887
3325	3930
3326	4043
3327	4007
3328	4444
3329	3846
3330	3646
3331	3708
3332	3589
3333	3746
3334	3881
3335	3958
3336	3977
3337	3776
3338	4076
3339	3985
3340	4339
3341	3917
3342	3971
3343	4224
3344	3997
3345	3939
3346	4161
3347	4465
3348	4244
3349	4111
3350	4171
3351	4342
3352	3820
3353	3655
3354	3531
3355	3793
3356	3619
3357	3742
3358	3776
3359	3899
3360	4229
3361	3955
3362	3824
3363	3781
3364	3482
3365	3641
3366	3901
3367	3822
3368	3586
3369	3529
3370	3245
3371	3494
3372	3588
3373	3476
3374	3383
3375	3351
3376	3276
3377	3410
3378	3315
3379	3431
3380	3366
3381	3535
3382	3412
3383	3272
3384	3526
3385	3544
3386	3390
3387	3441
3388	3511
3389	3468
3390	3359
3391	3606
3392	3221
3393	3144
3394	3206
3395	3155
3396	3127
3397	3401
3398	3033
3399	2857
3400	3100
3401	3363
3402	3176
3403	3158
3404	3001
3405	3056
3406	3278
3407	2935
3408	3058
3409	3247
3410	3052
3411	3139
3412	3120
3413	3089
3414	3193
3415	3143
3416	3042
3417	3420
3418	3206
3419	3138
3420	3341
3421	3125
3422	3169
3423	2864
3424	3309
3425	2993
3426	3399
3427	3200
3428	3180
3429	2821
3430	3151
3431	2876
3432	2976
3433	2861
3434	3031
3435	3237
3436	3088
3437	3201
3438	2940
3439	3098
3440	3285
3441	3232
3442	3100
3443	2945
3444	3203
3445	2903
3446	2812
3447	3113
3448	2925
3449	3348
3450	3111
3451	3151
3452	3209
3453	3084
3454	3229
3455	3101
3456	2899
3457	3157
3458	3006
3459	3020
3460	3015
3461	3128
3462	2981
3463	3110
3464	3151
3465	3127
3466	2991
3467	3014
3468	2885
3469	3020
3470	2980
3471	3182
3472	2999
3473	3129
3474	2938
3475	3118
3476	3044
3477	3214
3478	2807
3479	2756
3480	3261
3481	3057
3482	2914
3483	2866
3484	3186
3485	3010
3486	2922
3487	3027
3488	2965
3489	3024
3490	3007
3491	2820
3492	3127
3493	2953
3494	2763
3495	2979
3496	2940
3497	2989
3498	2913
3499	3031
3500	3059
3501	2919
3502	3215
3503	2963
3504	3021
3505	3016
3506	3022
3507	3149
3508	3010
3509	3012
3510	2922
3511	2748
3512	2803
3513	2901
3514	2798
3515	3006
3516	2757
3517	2923
3518	2928
3519	2778
3520	2904
3521	2853
3522	2738
3523	2963
3524	3182
3525	2990
3526	3008
3527	3133
3528	3141
3529	2803
3530	3086
3531	2868
3532	2945
3533	2979
3534	3010
3535	3100
3536	2851
3537	2881
3538	2945
3539	3105
3540	2909
3541	3009
3542	3254
3543	2897
3544	2992
3545	3477
3546	3212
3547	3071
3548	3281
3549	3244
3550	2900
3551	3119
3552	2725
3553	3016
3554	3022
3555	2905
3556	2915
3557	2988
3558	3176
3559	2866
3560	2922
3561	3040
3562	3190
3563	3077
3564	3135
3565	3143
3566	3252
3567	3061
3568	3070
3569	2981
3570	2956
3571	3074
3572	2959
3573	3019
3574	3098
3575	3136
3576	3211
3577	3129
3578	3250
3579	3125
3580	3174
3581	2947
3582	3191
3583	2803
3584	2896
3585	3111
3586	3136
3587	2924
3588	2676
3589	3149
3590	3069
3591	2963
3592	3307
3593	3149
3594	3076
3595	3179
3596	3364
3597	3328
3598	3184
3599	3092
3600	3079
3601	2870
3602	3145
3603	2988
3604	3012
3605	2916
3606	3028
3607	3313
3608	3167
3609	2945
3610	3341
3611	3087
3612	3160
3613	2889
3614	3056
3615	3353
3616	2860
3617	3319
3618	3377
3619	3468
3620	3106
3621	3092
3622	2941
3623	3379
3624	3398
3625	3221
3626	2930
3627	3067
3628	3451
3629	3221
3630	3102
3631	2968
3632	2928
3633	2995
3634	3001
3635	3201
3636	3012
3637	3191
3638	3119
3639	3119
3640	3085
3641	2957
3642	2913
3643	2960
3644	2925
3645	2896
3646	3228
3647	2915
3648	2788
3649	3012
3650	2919
3651	3141
3652	2812
3653	2830
3654	3013
3655	3027
3656	3120
3657	3180
3658	2971
3659	3090
3660	3196
3661	3026
3662	2915
3663	2887
3664	2949
3665	3004
3666	3015
3667	3094
3668	3037
3669	3005
3670	2940
3671	3236
3672	3085
3673	3406
3674	3534
3675	3562
3676	3289
3677	3520
3678	3377
3679	3197
3680	3618
3681	3256
3682	3196
3683	3279
3684	2981
3685	3000
3686	3019
3687	2961
3688	2950
3689	3275
3690	3289
3691	3053
3692	3401
3693	3152
3694	3251
3695	3182
3696	3167
3697	3638
3698	4107
3699	4286
3700	4779
3701	4521
3702	3340
3703	3416
3704	3475
3705	3312
3706	3253
3707	3385
3708	3130
3709	3359
3710	3494
3711	3880
3712	4022
3713	3866
3714	3548
3715	3839
3716	3936
3717	3780
3718	4007
3719	3251
3720	3415
3721	3115
3722	3314
3723	3090
3724	3054
3725	3271
3726	3210
3727	3237
3728	3250
3729	3070
3730	3333
3731	3252
3732	3200
3733	3136
3734	3145
3735	2943
3736	3060
3737	3379
3738	3229
3739	3037
3740	3017
3741	3098
3742	2913
3743	3237
3744	3482
3745	3562
3746	3238
3747	3506
3748	3670
3749	3667
3750	3461
3751	3244
3752	3363
3753	3206
3754	3302
3755	3779
3756	3386
3757	3349
3758	3413
3759	3807
3760	3171
3761	3226
3762	3152
3763	3072
3764	2936
3765	3030
3766	3103
3767	3151
3768	3211
3769	3272
3770	3209
3771	3430
3772	3378
3773	3596
3774	3728
3775	3396
3776	2896
3777	3133
3778	2877
3779	2823
3780	2915
3781	2905
3782	3218
3783	3243
3784	3205
3785	2697
3786	3116
3787	3232
3788	3221
3789	3163
3790	2896
3791	3290
3792	3193
3793	2786
3794	3127
3795	3041
3796	3078
3797	3213
3798	2961
3799	2689
3800	3299
3801	3697
3802	3234
3803	3187
3804	2903
3805	3242
3806	3200
3807	3240
3808	3028
3809	3113
3810	3081
3811	2919
3812	2920
3813	2741
3814	2991
3815	3358
3816	3296
3817	3287
3818	2849
3819	3476
3820	2790
3821	2817
3822	2821
3823	3022
3824	2806
3825	2586
3826	2750
3827	3001
3828	2981
3829	2644
3830	2696
3831	2676
3832	2635
3833	2900
3834	2817
3835	2748
3836	2913
3837	2588
3838	2892
3839	2645
3840	2569
3841	2735
3842	2579
3843	2624
3844	2704
3845	2633
3846	2776
3847	2648
3848	2618
3849	2729
3850	2760
3851	2865
3852	2697
3853	2688
3854	2696
3855	2538
3856	2608
3857	2686
3858	2628
3859	2550
3860	2541
3861	2602
3862	2666
3863	2815
3864	2643
3865	2486
3866	2469
3867	2516
3868	2590
3869	2477
3870	2500
3871	2577
3872	2923
3873	2659
3874	2765
3875	2785
3876	2641
3877	2725
3878	2647
3879	2761
3880	2406
3881	2691
3882	2772
3883	2599
3884	2812
3885	2698
3886	2851
3887	2760
3888	2614
3889	2857
3890	2732
3891	2779
3892	3115
3893	2642
3894	2875
3895	2726
3896	2699
3897	2724
3898	3007
3899	3109
3900	2954
3901	2932
3902	2849
3903	2676
3904	2877
3905	2890
3906	2946
3907	3026
3908	2859
3909	3076
3910	2908
3911	3058
3912	3248
3913	2944
3914	2931
3915	2791
3916	3016
3917	3036
3918	2847
3919	2924
3920	2783
3921	2806
3922	2653
3923	2793
3924	2782
3925	2881
3926	2661
3927	2670
3928	2758
3929	2967
3930	2586
3931	2524
3932	2971
3933	2917
3934	2806
3935	2712
3936	2784
3937	3008
3938	3113
3939	3107
3940	2818
3941	2874
3942	2839
3943	2721
3944	2805
3945	2837
3946	2605
3947	2870
3948	2744
3949	2674
3950	2800
3951	2810
3952	2774
3953	3020
3954	3010
3955	2839
3956	2957
3957	3052
3958	2948
3959	3094
3960	2927
3961	2838
3962	2935
3963	2834
3964	2697
3965	2855
3966	2904
3967	2798
3968	2711
3969	2881
3970	2938
3971	3088
3972	2970
3973	2931
3974	2842
3975	2644
3976	2760
3977	2878
3978	2767
3979	2811
3980	2872
3981	2768
3982	3016
3983	2970
3984	2681
3985	3040
3986	2953
3987	2909
3988	2967
3989	2971
3990	2928
3991	2688
3992	2722
3993	2842
3994	2911
3995	2803
3996	2662
3997	2664
3998	2787
3999	2986
4000	2805
4001	2833
4002	2982
4003	2677
4004	2684
4005	2870
4006	2590
4007	2789
4008	2795
4009	2915
4010	3009
4011	2784
4012	2836
4013	2864
4014	2886
4015	3301
4016	3046
4017	3353
4018	3173
4019	3463
4020	3233
4021	3103
4022	3347
4023	3240
4024	3312
4025	3187
4026	3177
4027	3389
4028	3169
4029	3281
4030	3284
4031	3457
4032	5562
4033	3988
4034	4055
4035	4969
4036	3142
4037	3658
4038	3157
4039	2888
4040	3243
4041	3363
4042	3141
4043	3243
4044	3324
4045	2921
4046	3179
4047	3232
4048	3320
4049	2926
4050	2902
4051	3087
4052	2927
4053	3168
4054	2911
4055	2929
4056	2879
4057	3185
4058	3051
4059	3184
4060	3226
4061	3223
4062	3042
4063	3015
4064	3061
4065	3139
4066	3041
4067	3317
4068	3284
4069	3199
4070	3124
4071	3063
4072	3275
4073	3202
4074	2970
4075	3161
4076	3170
4077	3195
4078	3023
4079	3643
4080	3635
4081	3302
4082	2999
4083	3356
4084	2895
4085	3032
4086	3052
4087	3201
4088	3260
4089	3085
4090	2980
4091	3008
4092	2852
4093	3041
4094	3104
4095	3059
4096	3166
4097	3714
4098	4918
4099	3462
4100	3589
4101	2991
4102	2875
4103	3005
4104	3220
4105	3032
4106	2960
4107	2987
4108	2784
4109	3169
4110	2921
4111	3053
4112	2958
4113	3084
4114	3049
4115	2787
4116	2866
4117	2994
4118	2688
4119	2635
4120	3065
4121	2994
4122	3305
4123	2806
4124	3306
4125	3260
4126	3564
4127	3351
4128	3115
4129	3278
4130	2677
4131	3195
4132	2943
4133	2780
4134	3117
4135	2547
4136	2501
4137	2794
4138	2615
4139	2555
4140	2551
4141	2785
4142	2590
4143	2526
4144	2730
4145	2593
4146	2814
4147	3009
4148	3188
4149	2913
4150	2885
4151	2768
4152	2897
4153	3021
4154	2986
4155	2586
4156	2584
4157	2662
4158	2757
4159	2661
4160	2695
4161	2388
4162	2631
4163	2794
4164	2629
4165	2860
4166	2743
4167	2796
4168	2737
4169	3047
4170	2773
4171	2842
4172	2537
4173	2635
4174	2687
4175	2452
4176	2274
4177	2569
4178	2418
4179	2517
4180	2563
4181	2635
4182	2528
4183	2428
4184	2537
4185	2472
4186	2514
4187	2730
4188	2715
4189	2569
4190	2478
4191	2422
4192	2524
4193	2564
4194	2377
4195	2426
4196	2430
4197	2467
4198	2425
4199	2525
4200	2424
4201	2577
4202	2559
4203	2462
4204	2327
4205	2341
4206	2425
4207	2530
4208	2481
4209	2268
4210	2566
4211	2482
4212	2335
4213	2435
4214	2298
4215	2356
4216	2333
4217	2237
4218	2481
4219	2361
4220	2288
4221	2302
4222	2316
4223	2427
4224	2320
4225	2465
4226	2496
4227	2532
4228	2668
4229	2552
4230	2371
4231	2408
4232	2501
4233	2413
4234	2435
4235	2307
4236	2457
4237	2361
4238	2447
4239	2475
4240	2582
4241	2659
4242	2382
4243	2540
4244	2343
4245	2290
4246	2714
4247	2636
4248	2633
4249	2690
4250	2484
4251	2351
4252	2419
4253	2477
4254	2522
4255	2412
4256	2428
4257	2442
4258	2438
4259	2322
4260	2304
4261	2375
4262	2482
4263	2519
4264	2560
4265	2385
4266	2659
4267	2615
4268	2685
4269	2517
4270	2521
4271	2768
4272	2675
4273	2563
4274	2781
4275	2540
4276	2694
4277	2511
4278	2672
4279	2540
4280	2666
4281	2422
4282	2804
4283	2707
4284	2651
4285	2621
4286	2466
4287	2468
4288	2718
4289	2441
4290	2623
4291	2451
4292	2671
4293	2760
4294	2747
4295	2887
4296	2411
4297	2671
4298	2815
4299	2562
4300	2358
4301	2537
4302	2524
4303	2602
4304	2618
4305	2556
4306	2570
4307	2654
4308	2886
4309	2688
4310	2700
4311	2490
4312	2742
4313	2460
4314	2401
4315	2571
4316	2340
4317	2360
4318	2532
4319	2547
4320	2422
4321	2708
4322	2237
4323	2469
4324	2471
4325	2418
4326	2544
4327	2438
4328	2571
4329	2325
4330	2297
4331	2599
4332	2398
4333	2091
4334	2336
4335	2445
4336	2462
4337	2348
4338	2149
4339	2450
4340	2477
4341	2328
4342	2545
4343	2305
4344	2327
4345	2130
4346	2427
4347	2131
4348	2126
4349	2273
4350	2384
4351	2242
4352	2253
4353	2324
4354	2152
4355	2403
4356	2436
4357	2282
4358	2371
4359	2296
4360	2270
4361	2271
4362	2204
4363	2231
4364	2207
4365	2226
4366	2351
4367	2174
4368	2171
4369	2231
4370	2358
4371	2364
4372	2184
4373	2164
4374	2353
4375	2402
4376	2440
4377	2177
4378	2316
4379	2189
4380	2236
4381	2357
4382	2579
4383	2294
4384	2081
4385	2231
4386	2209
4387	2066
4388	2065
4389	2147
4390	2194
4391	2299
4392	2464
4393	2247
4394	2358
4395	2275
4396	2262
4397	2151
4398	2112
4399	2155
4400	2086
4401	2216
4402	2115
4403	2358
4404	2112
4405	2232
4406	2329
4407	2087
4408	2296
4409	2025
4410	2175
4411	2358
4412	2332
4413	2229
4414	2022
4415	2178
4416	2214
4417	2480
4418	2289
4419	2123
4420	2217
4421	2286
4422	2279
4423	2599
4424	2185
4425	2279
4426	2531
4427	2869
4428	2601
4429	2200
4430	2344
4431	2280
4432	2383
4433	2146
4434	2176
4435	2054
4436	2217
4437	2030
4438	2081
4439	2080
4440	2251
4441	2030
4442	1846
4443	1995
4444	2094
4445	2102
4446	1949
4447	2057
4448	2027
4449	2029
4450	2003
4451	2010
4452	2028
4453	2120
4454	2065
4455	2113
4456	1979
4457	2014
4458	2104
4459	2341
4460	2246
4461	2209
4462	2150
4463	2108
4464	2483
4465	2095
4466	2547
4467	2128
4468	2075
4469	2062
4470	2212
4471	2148
4472	2053
4473	2060
4474	2045
4475	2062
4476	2198
4477	2095
4478	1918
4479	1973
4480	2142
4481	2214
4482	1980
4483	1947
4484	1948
4485	2087
4486	2106
4487	2135
4488	1951
4489	1970
4490	2096
4491	2073
4492	2004
4493	2064
4494	2189
4495	2274
4496	2262
4497	2175
4498	2038
4499	2105
4500	1995
4501	1844
4502	2114
4503	2100
4504	2290
4505	2229
4506	1950
4507	2202
4508	2122
4509	1957
4510	2204
4511	1922
4512	2106
4513	2039
4514	2124
4515	2089
4516	2140
4517	2173
4518	2162
4519	2074
4520	2464
4521	2188
4522	2051
4523	2188
4524	2205
4525	2312
4526	2006
4527	2097
4528	2135
4529	2152
4530	2186
4531	2009
4532	2308
4533	2286
4534	2152
4535	2106
4536	2148
4537	2110
4538	2037
4539	2218
4540	2228
4541	2137
4542	2107
4543	2081
4544	2034
4545	2112
4546	2286
4547	2424
4548	2188
4549	2063
4550	2225
4551	2155
4552	2227
4553	2271
4554	2213
4555	2206
4556	2054
4557	2087
4558	2154
4559	2030
4560	2399
4561	1972
4562	2128
4563	2180
4564	2171
4565	2115
4566	2189
4567	1951
4568	2177
4569	2135
4570	2168
4571	2039
4572	1902
4573	2060
4574	1959
4575	2056
4576	2186
4577	2001
4578	2012
4579	2277
4580	2091
4581	2243
4582	2194
4583	2035
4584	2160
4585	2138
4586	2232
4587	2468
4588	2229
4589	2287
4590	2295
4591	2361
4592	2067
4593	2045
4594	2001
4595	2106
4596	2224
4597	2115
4598	2185
4599	2138
4600	2196
4601	2114
4602	2209
4603	2126
4604	2021
4605	2158
4606	2215
4607	2115
4608	2112
4609	2078
4610	2115
4611	2025
4612	2196
4613	2126
4614	2201
4615	2124
4616	2174
4617	2234
4618	2179
4619	2176
4620	2357
4621	2230
4622	2168
4623	2289
4624	2257
4625	2380
4626	2332
4627	2337
4628	2366
4629	2146
4630	2301
4631	2358
4632	2397
4633	2536
4634	2293
4635	2145
4636	2327
4637	2148
4638	2503
4639	2512
4640	2400
4641	2465
4642	2368
4643	2661
4644	2583
4645	2519
4646	2232
4647	2077
4648	2321
4649	2255
4650	2090
4651	2202
4652	1978
4653	2181
4654	2260
4655	2228
4656	2435
4657	2329
4658	2148
4659	2270
4660	2265
4661	2315
4662	2759
4663	2678
4664	2440
4665	2062
4666	2221
4667	2151
4668	2380
4669	2185
4670	2333
4671	2161
4672	2223
4673	2150
4674	2530
4675	2347
4676	2197
4677	2251
4678	2186
4679	2161
4680	2304
4681	2282
4682	2097
4683	2416
4684	2046
4685	2021
4686	2215
4687	2088
4688	2207
4689	2158
4690	2115
4691	2271
4692	2139
4693	2361
4694	2286
4695	2314
4696	2145
4697	2221
4698	2466
4699	2621
4700	2897
4701	2634
4702	2436
4703	2348
4704	2859
4705	2599
4706	2297
4707	2340
4708	2311
4709	2086
4710	2083
4711	2463
4712	2244
4713	2447
4714	2158
4715	2406
4716	2298
4717	2020
4718	2100
4719	2088
4720	2206
4721	2180
4722	1982
4723	2207
4724	2106
4725	2304
4726	2300
4727	2128
4728	2143
4729	2153
4730	2045
4731	2133
4732	2060
4733	1860
4734	2208
4735	2172
4736	2028
4737	2234
4738	2014
4739	2178
4740	2250
4741	2146
4742	2213
4743	2363
4744	2060
4745	2080
4746	2006
4747	2463
4748	2186
4749	2071
4750	2207
4751	2158
4752	2146
4753	2157
4754	2073
4755	2204
4756	2194
4757	2305
4758	2275
4759	2287
4760	2253
4761	2350
4762	2261
4763	2201
4764	2155
4765	2296
4766	2200
4767	2151
4768	2295
4769	2069
4770	2068
4771	2107
4772	2126
4773	1880
4774	1818
4775	2094
4776	1958
4777	2105
4778	2216
4779	2119
4780	2112
4781	2187
4782	2215
4783	2202
4784	2082
4785	2092
4786	2153
4787	2154
4788	1985
4789	1992
4790	2126
4791	2311
4792	2324
4793	2321
4794	2167
4795	2189
4796	2347
4797	1957
4798	2312
4799	2268
4800	2200
4801	2099
4802	2219
4803	1980
4804	2350
4805	1995
4806	2306
4807	2125
4808	1953
4809	2254
4810	2044
4811	2163
4812	2009
4813	2023
4814	2027
4815	2225
4816	2018
4817	2214
4818	2183
4819	2020
4820	2296
4821	2133
4822	2223
4823	1964
4824	2128
4825	2165
4826	2171
4827	2439
4828	2060
4829	1955
4830	2266
4831	2163
4832	2187
4833	1801
4834	2069
4835	2361
4836	2148
4837	2310
4838	2271
4839	2142
4840	2218
4841	2219
4842	2169
4843	2292
4844	2336
4845	2331
4846	2368
4847	2005
4848	1972
4849	2089
4850	2206
4851	2197
4852	2278
4853	2258
4854	2433
4855	2071
4856	2143
4857	2105
4858	2355
4859	2148
4860	2062
4861	2192
4862	2293
4863	2233
4864	2019
4865	2197
4866	1935
4867	2164
4868	2152
4869	2205
4870	2031
4871	2040
4872	1966
4873	1996
4874	2019
4875	1998
4876	1969
4877	2062
4878	1872
4879	2028
4880	2046
4881	2076
4882	1984
4883	1914
4884	2063
4885	2093
4886	2059
4887	2079
4888	2260
4889	2045
4890	1901
4891	1892
4892	1805
4893	1903
4894	1940
4895	1992
4896	2015
4897	2178
4898	2215
4899	2065
4900	1779
4901	2043
4902	1864
4903	2192
4904	2095
4905	2070
4906	2144
4907	2291
4908	2331
4909	2271
4910	2317
4911	2136
4912	2293
4913	2131
4914	2173
4915	2183
4916	1996
4917	1865
4918	2147
4919	2206
4920	2071
4921	2254
4922	2133
4923	2134
4924	1989
4925	2124
4926	1980
4927	1876
4928	1958
4929	1965
4930	2145
4931	2010
4932	2068
4933	1927
4934	1919
4935	2124
4936	1988
4937	1897
4938	2079
4939	2037
4940	2060
4941	1959
4942	2113
4943	1985
4944	1925
4945	1909
4946	1973
4947	2101
4948	2173
4949	2180
4950	2036
4951	2116
4952	1934
4953	1961
4954	2091
4955	2079
4956	1990
4957	1989
4958	2049
4959	2058
4960	1916
4961	1999
4962	2011
4963	2168
4964	2095
4965	2193
4966	2077
4967	1910
4968	1995
4969	2096
4970	2122
4971	2035
4972	1862
4973	1997
4974	2033
4975	2106
4976	2074
4977	2045
4978	2230
4979	1973
4980	1883
4981	2034
4982	1946
4983	2108
4984	1889
4985	2053
4986	2186
4987	2230
4988	2291
4989	2278
4990	2147
4991	1994
4992	2253
4993	2147
4994	2068
4995	1973
4996	2110
4997	1909
4998	2038
4999	1966
5000	1967
5001	1815
5002	1929
5003	2155
5004	1827
5005	2056
5006	1905
5007	2009
5008	2152
5009	1984
5010	2156
5011	2158
5012	1931
5013	1957
5014	1955
5015	2136
5016	2075
5017	1862
5018	1942
5019	1809
5020	1903
5021	1752
5022	1851
5023	1822
5024	1906
5025	1891
5026	1695
5027	2105
5028	2034
5029	1711
5030	1948
5031	1971
5032	1737
5033	1917
5034	1764
5035	1866
5036	1803
5037	1732
5038	1857
5039	1751
5040	1748
5041	1819
5042	1852
5043	1819
5044	1851
5045	1900
5046	1767
5047	1876
5048	2047
5049	1817
5050	1860
5051	1877
5052	1688
5053	1747
5054	1826
5055	1942
5056	1700
5057	2072
5058	1730
5059	1948
5060	1919
5061	1886
5062	1705
5063	1832
5064	1870
5065	1660
5066	1849
5067	1892
5068	1664
5069	1910
5070	1742
5071	1866
5072	1730
5073	1793
5074	1779
5075	1860
5076	1794
5077	1802
5078	1893
5079	1833
5080	2004
5081	1889
5082	1918
5083	2049
5084	2040
5085	1946
5086	1974
5087	1918
5088	2164
5089	2083
5090	2134
5091	2172
5092	2116
5093	1951
5094	2008
5095	2125
5096	1929
5097	1798
5098	1984
5099	1927
5100	1962
5101	1912
5102	1839
5103	2099
5104	1707
5105	1958
5106	1755
5107	1880
5108	1850
5109	1788
5110	1838
5111	1991
5112	1775
5113	1961
5114	1769
5115	1750
5116	1898
5117	2018
5118	1859
5119	1721
5120	1790
5121	1785
5122	1936
5123	1887
5124	1694
5125	2006
5126	1755
5127	1740
5128	1873
5129	1935
5130	1715
5131	1848
5132	1938
5133	1842
5134	1781
5135	1821
5136	1813
5137	1817
5138	1953
5139	1941
5140	1818
5141	1824
5142	1874
5143	1794
5144	1806
5145	1801
5146	1831
5147	1826
5148	1835
5149	1819
5150	1727
5151	1713
5152	1720
5153	1848
5154	1713
5155	1780
5156	1792
5157	1802
5158	1542
5159	1669
5160	1833
5161	1747
5162	1911
5163	1741
5164	1852
5165	1785
5166	1978
5167	1825
5168	1852
5169	1723
5170	1608
5171	1734
5172	1835
5173	1716
5174	1652
5175	1718
5176	1769
5177	1743
5178	1759
5179	1799
5180	1774
5181	1926
5182	1887
5183	1871
5184	1924
5185	1820
5186	1734
5187	1858
5188	1760
5189	1885
5190	1861
5191	1822
5192	1709
5193	1769
5194	1766
5195	1674
5196	1787
5197	1717
5198	1746
5199	1590
5200	1748
5201	1764
5202	1784
5203	1616
5204	1866
5205	1811
5206	1688
5207	1642
5208	1674
5209	1703
5210	1724
5211	1612
5212	1829
5213	1711
5214	1791
5215	1701
5216	1693
5217	1700
5218	1708
5219	1753
5220	1616
5221	1718
5222	1671
5223	1792
5224	1650
5225	1731
5226	1713
5227	1770
5228	1693
5229	1771
5230	1742
5231	1727
5232	1712
5233	1918
5234	1822
5235	1731
5236	1821
5237	1954
5238	1873
5239	1815
5240	1599
5241	1742
5242	1878
5243	1878
5244	1775
5245	1924
5246	1824
5247	1900
5248	1793
5249	1739
5250	1769
5251	1825
5252	1712
5253	1771
5254	1890
5255	1670
5256	1694
5257	1746
5258	1811
5259	1829
5260	1764
5261	1833
5262	1733
5263	1878
5264	1826
5265	1785
5266	1721
5267	1725
5268	1686
5269	1651
5270	1692
5271	1772
5272	1707
5273	1718
5274	1680
5275	1756
5276	1800
5277	1720
5278	1775
5279	1640
5280	1708
5281	1736
5282	1669
5283	1766
5284	1521
5285	1814
5286	1845
5287	1626
5288	1530
5289	1679
5290	1822
5291	1720
5292	1662
5293	1865
5294	1720
5295	1783
5296	1798
5297	1838
5298	1852
5299	1726
5300	1814
5301	1891
5302	1692
5303	1800
5304	1829
5305	1771
5306	1715
5307	1908
5308	2060
5309	1983
5310	1636
5311	1797
5312	1858
5313	1957
5314	1839
5315	1936
5316	1855
5317	1749
5318	1941
5319	1682
5320	1921
5321	1658
5322	1777
5323	1867
5324	1810
5325	1841
5326	1770
5327	1741
5328	1832
5329	1791
5330	1658
5331	1854
5332	1797
5333	1843
5334	1811
5335	1866
5336	1805
5337	1809
5338	1637
5339	1783
5340	1783
5341	2043
5342	2057
5343	1708
5344	1584
5345	1769
5346	1857
5347	1924
5348	1706
5349	1632
5350	1856
5351	1767
5352	1791
5353	1773
5354	1903
5355	1811
5356	1688
5357	1695
5358	1753
5359	1555
5360	1628
5361	1717
5362	1729
5363	1786
5364	1698
5365	1723
5366	1807
5367	1785
5368	1932
5369	1665
5370	1757
5371	1783
5372	1604
5373	1744
5374	1761
5375	1822
5376	1670
5377	1660
5378	1741
5379	1892
5380	1987
5381	1910
5382	2050
5383	1692
5384	1907
5385	1767
5386	1949
5387	1926
5388	1790
5389	1857
5390	1769
5391	1921
5392	1842
5393	1835
5394	1959
5395	1937
5396	1910
5397	1857
5398	2051
5399	1946
5400	1993
5401	2039
5402	1911
5403	1752
5404	1759
5405	1766
5406	2173
5407	1941
5408	1794
5409	1629
5410	1855
5411	1889
5412	1721
5413	1551
5414	1726
5415	1774
5416	1789
5417	1873
5418	1930
5419	1845
5420	1865
5421	1928
5422	1909
5423	1879
5424	1800
5425	1836
5426	1986
5427	1831
5428	1686
5429	1936
5430	1817
5431	1600
5432	1779
5433	1829
5434	1747
5435	1753
5436	1982
5437	1729
5438	1823
5439	1824
5440	1927
5441	1738
5442	1868
5443	1859
5444	1857
5445	1721
5446	2048
5447	1890
5448	2094
5449	1829
5450	1918
5451	2021
5452	1829
5453	1852
5454	1890
5455	2002
5456	1759
5457	1749
5458	1871
5459	1908
5460	1985
5461	1941
5462	1740
5463	1879
5464	2071
5465	2056
5466	1945
5467	1890
5468	1942
5469	1946
5470	1922
5471	1998
5472	2003
5473	2097
5474	2048
5475	2187
5476	2110
5477	2159
5478	2172
5479	2253
5480	1987
5481	2161
5482	2330
5483	2180
5484	1885
5485	2110
5486	2044
5487	2751
5488	2417
5489	2066
5490	2157
5491	5923
5492	4942
5493	3276
5494	2121
5495	1974
5496	1838
5497	1922
5498	1809
5499	2206
5500	1846
5501	1970
5502	1785
5503	1912
5504	1996
5505	1893
5506	1947
5507	1990
5508	1895
5509	1677
5510	1865
5511	1844
5512	1978
5513	1963
5514	1800
5515	1825
5516	2040
5517	1784
5518	1800
5519	2009
5520	1773
5521	1974
5522	1849
5523	1784
5524	1768
5525	2039
5526	1901
5527	1985
5528	1864
5529	1782
5530	1954
5531	1975
5532	1998
5533	1880
5534	1878
5535	1996
5536	2094
5537	2025
5538	2084
5539	2028
5540	1962
5541	1953
5542	1949
5543	1795
5544	2031
5545	2006
5546	2073
5547	1998
5548	2046
5549	2106
5550	1857
5551	2069
5552	2207
5553	2126
5554	2512
5555	2399
5556	2042
5557	2038
5558	2112
5559	1969
5560	1970
5561	1856
5562	1790
5563	1808
5564	1638
5565	1816
5566	1749
5567	1596
5568	1963
5569	1919
5570	1963
5571	1880
5572	2044
5573	1998
5574	1981
5575	1939
5576	1730
5577	1754
5578	1595
5579	1728
5580	1860
5581	1847
5582	1877
5583	1921
5584	1791
5585	1819
5586	1821
5587	1874
5588	1969
5589	1935
5590	1779
5591	1740
5592	1838
5593	1966
5594	2053
5595	1872
5596	1899
5597	1933
5598	1930
5599	2060
5600	1890
5601	2071
5602	2018
5603	2305
5604	2150
5605	2357
5606	2179
5607	2281
5608	2300
5609	2415
5610	2229
5611	2145
5612	2026
5613	1968
5614	1927
5615	1954
5616	1792
5617	1953
5618	1878
5619	1913
5620	1805
5621	2072
5622	1877
5623	1956
5624	2025
5625	1937
5626	1899
5627	1913
5628	1927
5629	2092
5630	1957
5631	1999
5632	2059
5633	2027
5634	2026
5635	1934
5636	1913
5637	1889
5638	1889
5639	1977
5640	1812
5641	1936
5642	1891
5643	1698
5644	1990
5645	1978
5646	1799
5647	1733
5648	2065
5649	2072
5650	1979
5651	2237
5652	2343
5653	2503
5654	1892
5655	2109
5656	2140
5657	2247
5658	4933
5659	4223
5660	4716
5661	2847
5662	3040
5663	2707
5664	3383
5665	5707
5666	5430
5667	3976
5668	1886
5669	1752
5670	1906
5671	1671
5672	1584
5673	1696
5674	1949
5675	1748
5676	2004
5677	1656
5678	1684
5679	1812
5680	2102
5681	1855
5682	1671
5683	1736
5684	1672
5685	1812
5686	1840
5687	1814
5688	1862
5689	1748
5690	1725
5691	1825
5692	1697
5693	1805
5694	1805
5695	1679
5696	1830
5697	1759
5698	1746
5699	1777
5700	1764
5701	1728
5702	1696
5703	1910
5704	1912
5705	1834
5706	1645
5707	1635
5708	1811
5709	1577
5710	1757
5711	1692
5712	1709
5713	1806
5714	1925
5715	1729
5716	1794
5717	1767
5718	1747
5719	1643
5720	2028
5721	1799
5722	1869
5723	1692
5724	1917
5725	1883
5726	1645
5727	1776
5728	1732
5729	1869
5730	1748
5731	1656
5732	1672
5733	1639
5734	1731
5735	1680
5736	1633
5737	1756
5738	1661
5739	1643
5740	1635
5741	1872
5742	1670
5743	1605
5744	1729
5745	1814
5746	1855
5747	1792
5748	1696
5749	1553
5750	1786
5751	1817
5752	1707
5753	1532
5754	1543
5755	1645
5756	1657
5757	1596
5758	1649
5759	1628
5760	1673
5761	1717
5762	1750
5763	1795
5764	1671
5765	1812
5766	1814
5767	1741
5768	1770
5769	1708
5770	1649
5771	1682
5772	1614
5773	1674
5774	1773
5775	1518
5776	1752
5777	1649
5778	1629
5779	1767
5780	1613
5781	1727
5782	1561
5783	1597
5784	1739
5785	1882
5786	1749
5787	1844
5788	1663
5789	1627
5790	1675
5791	1751
5792	1695
5793	1746
5794	1635
5795	1565
5796	1482
5797	1884
5798	1812
5799	1655
5800	1675
5801	1771
5802	1840
5803	1768
5804	1692
5805	1766
5806	1794
5807	1810
5808	1894
5809	1763
5810	1762
5811	1681
5812	1600
5813	1722
5814	1549
5815	1679
5816	1727
5817	1819
5818	1643
5819	1663
5820	1635
5821	1805
5822	1841
5823	1669
5824	1633
5825	1833
5826	1785
5827	1995
5828	1757
5829	1749
5830	1820
5831	1612
5832	1806
5833	2073
5834	1884
5835	1839
5836	1587
5837	1750
5838	1737
5839	1659
5840	1709
5841	1665
5842	1793
5843	1580
5844	1872
5845	1639
5846	1743
5847	1837
5848	1980
5849	1906
5850	1679
5851	1912
5852	1791
5853	1486
5854	1759
5855	1994
5856	1844
5857	1758
5858	1862
5859	1901
5860	1892
5861	1649
5862	1743
5863	1817
5864	1812
5865	1665
5866	1572
5867	1744
5868	1748
5869	1754
5870	1785
5871	1660
5872	1750
5873	1629
5874	1671
5875	1698
5876	1803
5877	1629
5878	1581
5879	1674
5880	1715
5881	1853
5882	1645
5883	1678
5884	1788
5885	1580
5886	1794
5887	1603
5888	1782
5889	1660
5890	1697
5891	1691
5892	1567
5893	1667
5894	1673
5895	1695
5896	1525
5897	1729
5898	1682
5899	1708
5900	1714
5901	1642
5902	1657
5903	1658
5904	1494
5905	1480
5906	1653
5907	1514
5908	1493
5909	1621
5910	1495
5911	1711
5912	1425
5913	1656
5914	1685
5915	1546
5916	1580
5917	1510
5918	1555
5919	1471
5920	1672
5921	1670
5922	1615
5923	1713
5924	1419
5925	1458
5926	1643
5927	1607
5928	1593
5929	1547
5930	1588
5931	1701
5932	1667
5933	1583
5934	1679
5935	1756
5936	1538
5937	1714
5938	1677
5939	1717
5940	1589
5941	1440
5942	1559
5943	1567
5944	1485
5945	1641
5946	1601
5947	1887
5948	1434
5949	1670
5950	1575
5951	1559
5952	1510
5953	1602
5954	1579
5955	1779
5956	1749
5957	1624
5958	1651
5959	1662
5960	1521
5961	1702
5962	1494
5963	1787
5964	1626
5965	1700
5966	1659
5967	1694
5968	1569
5969	1717
5970	1573
5971	1663
5972	1608
5973	1411
5974	1713
5975	1550
5976	1614
5977	1687
5978	1686
5979	1671
5980	1592
5981	1680
5982	1655
5983	1705
5984	1642
5985	1511
5986	1705
5987	1613
5988	1549
5989	1672
5990	1659
5991	1657
5992	1698
5993	1649
5994	1463
5995	1712
5996	1674
5997	1748
5998	1572
5999	1647
6000	1506
6001	1701
6002	1508
6003	1458
6004	1690
6005	1587
6006	1657
6007	1575
6008	1598
6009	1673
6010	1629
6011	1683
6012	1698
6013	1729
6014	1637
6015	1476
6016	1582
6017	1609
6018	1538
6019	1593
6020	1597
6021	1798
6022	1719
6023	1486
6024	1453
6025	1596
6026	1694
6027	1560
6028	1541
6029	1638
6030	1577
6031	1588
6032	1557
6033	1544
6034	1534
6035	1523
6036	1541
6037	1588
6038	1605
6039	1654
6040	1604
6041	1439
6042	1548
6043	1497
6044	1437
6045	1632
6046	1373
6047	1516
6048	1567
6049	1561
6050	1592
6051	1526
6052	1643
6053	1507
6054	1461
6055	1494
6056	1535
6057	1538
6058	1748
6059	1669
6060	1491
6061	1448
6062	1462
6063	1634
6064	1614
6065	1487
6066	1456
6067	1561
6068	1620
6069	1666
6070	1586
6071	1617
6072	1593
6073	1644
6074	1519
6075	1443
6076	1363
6077	1472
6078	1530
6079	1603
6080	1473
6081	1514
6082	1500
6083	1421
6084	1433
6085	1453
6086	1554
6087	1457
6088	1580
6089	1457
6090	1567
6091	1634
6092	1412
6093	1599
6094	1629
6095	1297
6096	1490
6097	1355
6098	1407
6099	1403
6100	1418
6101	1502
6102	1553
6103	1349
6104	1490
6105	1638
6106	1523
6107	1446
6108	1460
6109	1343
6110	1569
6111	1361
6112	1419
6113	1478
6114	1575
6115	1504
6116	1530
6117	1632
6118	1637
6119	1552
6120	1604
6121	1572
6122	1404
6123	1507
6124	1534
6125	1420
6126	1526
6127	1572
6128	1603
6129	1517
6130	1413
6131	1688
6132	1601
6133	1815
6134	1434
6135	1432
6136	1440
6137	1522
6138	1439
6139	1351
6140	1556
6141	1644
6142	1732
6143	1458
6144	1463
6145	1554
6146	1538
6147	1526
6148	1393
6149	1492
6150	1490
6151	1418
6152	1369
6153	1478
6154	1460
6155	1421
6156	1386
6157	1487
6158	1439
6159	1446
6160	1257
6161	1504
6162	1353
6163	1438
6164	1485
6165	1509
6166	1517
6167	1500
6168	1416
6169	1470
6170	1512
6171	1328
6172	1507
6173	1509
6174	1449
6175	1242
6176	1268
6177	1271
6178	1392
6179	1347
6180	1489
6181	1397
6182	1360
6183	1383
6184	1534
6185	1375
6186	1358
6187	1388
6188	1432
6189	1446
6190	1542
6191	1410
6192	1310
6193	1441
6194	1395
6195	1494
6196	1401
6197	1370
6198	1372
6199	1446
6200	1424
6201	1387
6202	1533
6203	1294
6204	1374
6205	1253
6206	1467
6207	1275
6208	1375
6209	1341
6210	1449
6211	1386
6212	1343
6213	1371
6214	1442
6215	1429
6216	1483
6217	1426
6218	1320
6219	1303
6220	1317
6221	1286
6222	1485
6223	1320
6224	1442
6225	1294
6226	1358
6227	1360
6228	1365
6229	1299
6230	1504
6231	1302
6232	1364
6233	1180
6234	1410
6235	1290
6236	1236
6237	1272
6238	1396
6239	1438
6240	1380
6241	1363
6242	1271
6243	1305
6244	1357
6245	1367
6246	1353
6247	1271
6248	1333
6249	1289
6250	1320
6251	1364
6252	1349
6253	1304
6254	1409
6255	1366
6256	1416
6257	1342
6258	1420
6259	1524
6260	1245
6261	1224
6262	1381
6263	1454
6264	1392
6265	1339
6266	1272
6267	1196
6268	1421
6269	1355
6270	1308
6271	1481
6272	1508
6273	1366
6274	1524
6275	1408
6276	1491
6277	1473
6278	1347
6279	1294
6280	1442
6281	1219
6282	1252
6283	1508
6284	1281
6285	1175
6286	1394
6287	1400
6288	1288
6289	1281
6290	1212
6291	1311
6292	1279
6293	1397
6294	1247
6295	1345
6296	1363
6297	1369
6298	1292
6299	1333
6300	1295
6301	1334
6302	1319
6303	1242
6304	1407
6305	1385
6306	1303
6307	1249
6308	1311
6309	1237
6310	1386
6311	1232
6312	1390
6313	1329
6314	1179
6315	1407
6316	1389
6317	1392
6318	1352
6319	1358
6320	1348
6321	1376
6322	1413
6323	1378
6324	1251
6325	1333
6326	1281
6327	1365
6328	1478
6329	1396
6330	1366
6331	1341
6332	1406
6333	1481
6334	1393
6335	1393
6336	1513
6337	1356
6338	1455
6339	1516
6340	1596
6341	1479
6342	1488
6343	1425
6344	1471
6345	1498
6346	1169
6347	1429
6348	1558
6349	1404
6350	1582
6351	1485
6352	1322
6353	1463
6354	1519
6355	1546
6356	1528
6357	1568
6358	1331
6359	1485
6360	1543
6361	1375
6362	1521
6363	1507
6364	1383
6365	1487
6366	1624
6367	1562
6368	1329
6369	1382
6370	1346
6371	1487
6372	1290
6373	1415
6374	1432
6375	1480
6376	1490
6377	1543
6378	1425
6379	1402
6380	1498
6381	1345
6382	1493
6383	1509
6384	1548
6385	1558
6386	1489
6387	1414
6388	1637
6389	1395
6390	1451
6391	1337
6392	1446
6393	1569
6394	1573
6395	1371
6396	1519
6397	1356
6398	1394
6399	1422
6400	1551
6401	1603
6402	1466
6403	1579
6404	1345
6405	1331
6406	1372
6407	1639
6408	1538
6409	1241
6410	1434
6411	1404
6412	1458
6413	1552
6414	1534
6415	1593
6416	1435
6417	1483
6418	1631
6419	1462
6420	1488
6421	1563
6422	1545
6423	1578
6424	1397
6425	1498
6426	1638
6427	1531
6428	1432
6429	1429
6430	1629
6431	1365
6432	1338
6433	1329
6434	1355
6435	1468
6436	1379
6437	1444
6438	1540
6439	1564
6440	1563
6441	1548
6442	1550
6443	1624
6444	1588
6445	1457
6446	1356
6447	1554
6448	1512
6449	1622
6450	1379
6451	1494
6452	1471
6453	1502
6454	1482
6455	1538
6456	1401
6457	1280
6458	1371
6459	1320
6460	1463
6461	1347
6462	1593
6463	1513
6464	1474
6465	1456
6466	1547
6467	1476
6468	1501
6469	1609
6470	1395
6471	1380
6472	1615
6473	1534
6474	1430
6475	1327
6476	1475
6477	1270
6478	1281
6479	1418
6480	1447
6481	1516
6482	1347
6483	1363
6484	1402
6485	1425
6486	1304
6487	1396
6488	1453
6489	1313
6490	1409
6491	1489
6492	1433
6493	1425
6494	1343
6495	1291
6496	1437
6497	1477
6498	1500
6499	1400
6500	1369
6501	1566
6502	1473
6503	1585
6504	1549
6505	1335
6506	1470
6507	1457
6508	1492
6509	1439
6510	1346
6511	1407
6512	1521
6513	1298
6514	1433
6515	1435
6516	1512
6517	1300
6518	1419
6519	1298
6520	1388
6521	1514
6522	1314
6523	1326
6524	1381
6525	1268
6526	1496
6527	1454
6528	1286
6529	1326
6530	1451
6531	1589
6532	1371
6533	1383
6534	1466
6535	1319
6536	1459
6537	1437
6538	1391
6539	1623
6540	1312
6541	1526
6542	1465
6543	1394
6544	1317
6545	1503
6546	1435
6547	1463
6548	1530
6549	1432
6550	1443
6551	1474
6552	1416
6553	1523
6554	1469
6555	1590
6556	1587
6557	1375
6558	1407
6559	1504
6560	1366
6561	1483
6562	1415
6563	1273
6564	1527
6565	1440
6566	1579
6567	1525
6568	1337
6569	1490
6570	1370
6571	1433
6572	1553
6573	1402
6574	1388
6575	1263
6576	1542
6577	1404
6578	1333
6579	1466
6580	1361
6581	1370
6582	1268
6583	1553
6584	1452
6585	1469
6586	1593
6587	1533
6588	1279
6589	1434
6590	1475
6591	1476
6592	1361
6593	1494
6594	1407
6595	1390
6596	1335
6597	1640
6598	1376
6599	1527
6600	1475
6601	1468
6602	1648
6603	1558
6604	1452
6605	1382
6606	1390
6607	1396
6608	1470
6609	1616
6610	1390
6611	1380
6612	1634
6613	1553
6614	1670
6615	1193
6616	1516
6617	1502
6618	1345
6619	1404
6620	1449
6621	1635
6622	1315
6623	1460
6624	1358
6625	1282
6626	1268
6627	1207
6628	1392
6629	1342
6630	1424
6631	1232
6632	1386
6633	1364
6634	1228
6635	1385
6636	1298
6637	1414
6638	1400
6639	1233
6640	1113
6641	1218
6642	1358
6643	1427
6644	1261
6645	1293
6646	1148
6647	1184
6648	1307
6649	1227
6650	1175
6651	1217
6652	1185
6653	1201
6654	1432
6655	1288
6656	1216
6657	1132
6658	1189
6659	1309
6660	1151
6661	1314
6662	1263
6663	1245
6664	1313
6665	1159
6666	1234
6667	1310
6668	1318
6669	1322
6670	1123
6671	1423
6672	1148
6673	1273
6674	1257
6675	1068
6676	1180
6677	1281
6678	1184
6679	1328
6680	1272
6681	1421
6682	1256
6683	1326
6684	1186
6685	1315
6686	1385
6687	1201
6688	1270
6689	1220
6690	1310
6691	1105
6692	1308
6693	1317
6694	1286
6695	1190
6696	1188
6697	1301
6698	1366
6699	1287
6700	1493
6701	1311
6702	1303
6703	1320
6704	1231
6705	1203
6706	1287
6707	1352
6708	1447
6709	1259
6710	1157
6711	1319
6712	1306
6713	1386
6714	1388
6715	1424
6716	1222
6717	1440
6718	1246
6719	1458
6720	1406
6721	1419
6722	1420
6723	1506
6724	1514
6725	1597
6726	1637
6727	1693
6728	1542
6729	1361
6730	1259
6731	1427
6732	1416
6733	1278
6734	1352
6735	1375
6736	1390
6737	1196
6738	1222
6739	1341
6740	1178
6741	1295
6742	1399
6743	1368
6744	1412
6745	1315
6746	1238
6747	1340
6748	1279
6749	1256
6750	1288
6751	1363
6752	1356
6753	1267
6754	1493
6755	1315
6756	1294
6757	1296
6758	1294
6759	1347
6760	1322
6761	1443
6762	1259
6763	1340
6764	1417
6765	1366
6766	1685
6767	1467
6768	1437
6769	1601
6770	1803
6771	1462
6772	1546
6773	1470
6774	1410
6775	1389
6776	1311
6777	1208
6778	1343
6779	1176
6780	1231
6781	1297
6782	1324
6783	1331
6784	1255
6785	1354
6786	1281
6787	1411
6788	1259
6789	1373
6790	1208
6791	1386
6792	1215
6793	1476
6794	1368
6795	1331
6796	1358
6797	1345
6798	1348
6799	1376
6800	1367
6801	1234
6802	1332
6803	1301
6804	1371
6805	1380
6806	1363
6807	1251
6808	1252
6809	1509
6810	1483
6811	1442
6812	1296
6813	1337
6814	1247
6815	1274
6816	1283
6817	1316
6818	1320
6819	1282
6820	1347
6821	1064
6822	1324
6823	1192
6824	1448
6825	1270
6826	1268
6827	1243
6828	1239
6829	1209
6830	1268
6831	1305
6832	1295
6833	1324
6834	1320
6835	1259
6836	1578
6837	1149
6838	1562
6839	1262
6840	1639
6841	1365
6842	1347
6843	1385
6844	1402
6845	1384
6846	1245
6847	1354
6848	1281
6849	1413
6850	1332
6851	1392
6852	1121
6853	1221
6854	1403
6855	1425
6856	1282
6857	1411
6858	1277
6859	1355
6860	1361
6861	1277
6862	1249
6863	1344
6864	1450
6865	1361
6866	1220
6867	1200
6868	1288
6869	1339
6870	1341
6871	1295
6872	1373
6873	1300
6874	1356
6875	1233
6876	1407
6877	1360
6878	1205
6879	1303
6880	1255
6881	1302
6882	1261
6883	1380
6884	1338
6885	1240
6886	1444
6887	1414
6888	1352
6889	1333
6890	1304
6891	1292
6892	1195
6893	1277
6894	1392
6895	1315
6896	1251
6897	1212
6898	1353
6899	1516
6900	1325
6901	1345
6902	1347
6903	1343
6904	1310
6905	1252
6906	1384
6907	1327
6908	1385
6909	1324
6910	1353
6911	1327
6912	1348
6913	1311
6914	1360
6915	1249
6916	1325
6917	1297
6918	1186
6919	1250
6920	1233
6921	1357
6922	1317
6923	1334
6924	1274
6925	1432
6926	1223
6927	1371
6928	1250
6929	1357
6930	1308
6931	1344
6932	1272
6933	1289
6934	1365
6935	1276
6936	1131
6937	1352
6938	1406
6939	1273
6940	1131
6941	1461
6942	1378
6943	1221
6944	1104
6945	1451
6946	1327
6947	1420
6948	1183
6949	1453
6950	1362
6951	1286
6952	1270
6953	1311
6954	1360
6955	1277
6956	1354
6957	1236
6958	1323
6959	1300
6960	1242
6961	1275
6962	1247
6963	1325
6964	1220
6965	1177
6966	1239
6967	1154
6968	1368
6969	1353
6970	1290
6971	1520
6972	1354
6973	1367
6974	1285
6975	1249
6976	1207
6977	1243
6978	1249
6979	1298
6980	1192
6981	1358
6982	1321
6983	1339
6984	1212
6985	1243
6986	1212
6987	1396
6988	1376
6989	1402
6990	1174
6991	1319
6992	1383
6993	1210
6994	1315
6995	1214
6996	1218
6997	1343
6998	1413
6999	1479
7000	1293
7001	1370
7002	1247
7003	1352
7004	1206
7005	1354
7006	1280
7007	1349
7008	1276
7009	1252
7010	1342
7011	1435
7012	1254
7013	1209
7014	1195
7015	1417
7016	1382
7017	1378
7018	1349
7019	1182
7020	1176
7021	1301
7022	1258
7023	1274
7024	1267
7025	1209
7026	1231
7027	1303
7028	1211
7029	1372
7030	1153
7031	1285
7032	1262
7033	1212
7034	1230
7035	1270
7036	1197
7037	1416
7038	1451
7039	1312
7040	1278
7041	1422
7042	1205
7043	1252
7044	1292
7045	1302
7046	1497
7047	1280
7048	1352
7049	1255
7050	1230
7051	1273
7052	1201
7053	1352
7054	1206
7055	1429
7056	1377
7057	1211
7058	1326
7059	1309
7060	1352
7061	1379
7062	1390
7063	1402
7064	1369
7065	1476
7066	1555
7067	1349
7068	1508
7069	1221
7070	1308
7071	1332
7072	1315
7073	1351
7074	1103
7075	1327
7076	1341
7077	1279
7078	1258
7079	1208
7080	1348
7081	1280
7082	1323
7083	1221
7084	1028
7085	1219
7086	1239
7087	1353
7088	1267
7089	1375
7090	1257
7091	1393
7092	1499
7093	1437
7094	1293
7095	1285
7096	1293
7097	1301
7098	1285
7099	1466
7100	1339
7101	1479
7102	1299
7103	1310
7104	1456
7105	1257
7106	1349
7107	1343
7108	1408
7109	1212
7110	1369
7111	1157
7112	1154
7113	1062
7114	1234
7115	1387
7116	1213
7117	1360
7118	1236
7119	1325
7120	1237
7121	1117
7122	1200
7123	1087
7124	1220
7125	1192
7126	1086
7127	1126
7128	1069
7129	1282
7130	1251
7131	1160
7132	1123
7133	1140
7134	1091
7135	1196
7136	1281
7137	1256
7138	1144
7139	1189
7140	1259
7141	1076
7142	1196
7143	1257
7144	1168
7145	1222
7146	1296
7147	1394
7148	1293
7149	1162
7150	1398
7151	1438
7152	1345
7153	1202
7154	1194
7155	1157
7156	1272
7157	1231
7158	1237
7159	1207
7160	1256
7161	1237
7162	1366
7163	1375
7164	1281
7165	1277
7166	1324
7167	1306
7168	1208
7169	1264
7170	1223
7171	1125
7172	1308
7173	1122
7174	1187
7175	1269
7176	1325
7177	1283
7178	1308
7179	1290
7180	1226
7181	1275
7182	1226
7183	1149
7184	1253
7185	1154
7186	1264
7187	1300
7188	1324
7189	1157
7190	1329
7191	1289
7192	1261
7193	1398
7194	1225
7195	1237
7196	1213
7197	1448
7198	1378
7199	1366
7200	1348
7201	1281
7202	1285
7203	1362
7204	1233
7205	1396
7206	1235
7207	1322
7208	1396
7209	1399
7210	1351
7211	1372
7212	1324
7213	1331
7214	1464
7215	1336
7216	1298
7217	1344
7218	1465
7219	1424
7220	1404
7221	1377
7222	1209
7223	1337
7224	1481
7225	1304
7226	1357
7227	1315
7228	1337
7229	1452
7230	1282
7231	1190
7232	1395
7233	1369
7234	1388
7235	1351
7236	1207
7237	1369
7238	1283
7239	1517
7240	1215
7241	1265
7242	1371
7243	1024
7244	1267
7245	1243
7246	1204
7247	1199
7248	1295
7249	1112
7250	1290
7251	1437
7252	1223
7253	1300
7254	1453
7255	1170
7256	1229
7257	1449
7258	1434
7259	1399
7260	1330
7261	1288
7262	1341
7263	1222
7264	1489
7265	1134
7266	1368
7267	1144
7268	1383
7269	1430
7270	1214
7271	1297
7272	1299
7273	1308
7274	1155
7275	1202
7276	1213
7277	1449
7278	1155
7279	1242
7280	1248
7281	1328
7282	1297
7283	1347
7284	1282
7285	1431
7286	1332
7287	1373
7288	1240
7289	1320
7290	1443
7291	1320
7292	1314
7293	1457
7294	1744
7295	1505
7296	1288
7297	1388
7298	1345
7299	1193
7300	1261
7301	1348
7302	1176
7303	1244
7304	1161
7305	1388
7306	1211
7307	1331
7308	1300
7309	1271
7310	1316
7311	1433
7312	1243
7313	1244
7314	1185
7315	1316
7316	1213
7317	1122
7318	1368
7319	1154
7320	1347
7321	1139
7322	1235
7323	1344
7324	1329
7325	1283
7326	1237
7327	1274
7328	1286
7329	1318
7330	1378
7331	1388
7332	1263
7333	1143
7334	1401
7335	1276
7336	1263
7337	1166
7338	1321
7339	1350
7340	1296
7341	1411
7342	1181
7343	1175
7344	1309
7345	1343
7346	1295
7347	1270
7348	1179
7349	1267
7350	1225
7351	1309
7352	1177
7353	1363
7354	1312
7355	1205
7356	1179
7357	1296
7358	1184
7359	1124
7360	1182
7361	1233
7362	1181
7363	1202
7364	1295
7365	1012
7366	1257
7367	1081
7368	1139
7369	1117
7370	1055
7371	1171
7372	1241
7373	1148
7374	1148
7375	1154
7376	1051
7377	1101
7378	1143
7379	1145
7380	1308
7381	1211
7382	1247
7383	1178
7384	1111
7385	1276
7386	1221
7387	1265
7388	1108
7389	1135
7390	1173
7391	1168
7392	1097
7393	1067
7394	1129
7395	1264
7396	1144
7397	1096
7398	1195
7399	1139
7400	1142
7401	1234
7402	1117
7403	1202
7404	1132
7405	1130
7406	956
7407	1154
7408	1138
7409	1243
7410	1176
7411	1245
7412	1105
7413	1103
7414	1039
7415	1178
7416	1103
7417	1223
7418	1171
7419	1173
7420	1110
7421	1081
7422	1130
7423	1044
7424	999
7425	1059
7426	1047
7427	1223
7428	1031
7429	1076
7430	1051
7431	1180
7432	1064
7433	1046
7434	1173
7435	1152
7436	1264
7437	1214
7438	1019
7439	1140
7440	1111
7441	1123
7442	1137
7443	1217
7444	1116
7445	1033
7446	1047
7447	1030
7448	924
7449	1016
7450	1208
7451	1149
7452	1084
7453	1141
7454	1081
7455	1196
7456	1136
7457	1172
7458	1089
7459	1164
7460	1260
7461	1194
7462	1023
7463	1072
7464	1236
7465	982
7466	969
7467	998
7468	1122
7469	1124
7470	1069
7471	960
7472	1016
7473	1129
7474	968
7475	1117
7476	990
7477	1037
7478	1138
7479	1028
7480	1019
7481	1150
7482	1113
7483	1103
7484	1254
7485	1125
7486	1091
7487	1094
7488	1012
7489	1110
7490	1027
7491	1116
7492	1046
7493	1022
7494	966
7495	1008
7496	1029
7497	990
7498	962
7499	996
7500	964
7501	1006
7502	960
7503	907
7504	992
7505	1046
7506	1074
7507	986
7508	1018
7509	942
7510	1133
7511	1057
7512	1087
7513	1077
7514	1075
7515	1077
7516	1030
7517	1143
7518	1059
7519	1046
7520	1205
7521	1028
7522	1036
7523	955
7524	1125
7525	983
7526	1054
7527	1141
7528	1080
7529	1124
7530	1095
7531	960
7532	1093
7533	1053
7534	991
7535	1024
7536	1107
7537	957
7538	875
7539	1036
7540	975
7541	917
7542	1208
7543	1007
7544	1010
7545	964
7546	962
7547	1040
7548	1086
7549	1029
7550	1047
7551	1075
7552	969
7553	1025
7554	1090
7555	1117
7556	1000
7557	1052
7558	1145
7559	1107
7560	940
7561	1057
7562	992
7563	1083
7564	858
7565	1070
7566	1113
7567	1067
7568	989
7569	1121
7570	1062
7571	1021
7572	1031
7573	1044
7574	1054
7575	1017
7576	1066
7577	1042
7578	1029
7579	996
7580	883
7581	879
7582	1011
7583	1011
7584	1075
7585	1059
7586	1093
7587	1096
7588	977
7589	1047
7590	996
7591	949
7592	923
7593	991
7594	1043
7595	1045
7596	972
7597	1118
7598	1057
7599	1160
7600	866
7601	1050
7602	1043
7603	1064
7604	990
7605	969
7606	947
7607	1096
7608	1066
7609	1019
7610	888
7611	922
7612	879
7613	1043
7614	996
7615	865
7616	878
7617	933
7618	1021
7619	971
7620	968
7621	924
7622	957
7623	976
7624	956
7625	1020
7626	926
7627	948
7628	875
7629	991
7630	1016
7631	967
7632	923
7633	1021
7634	1026
7635	972
7636	962
7637	966
7638	929
7639	932
7640	961
7641	987
7642	1109
7643	1035
7644	1006
7645	1109
7646	1047
7647	1093
7648	1194
7649	1038
7650	1078
7651	1008
7652	1024
7653	944
7654	1086
7655	1160
7656	1023
7657	1028
7658	894
7659	977
7660	1042
7661	1065
7662	1003
7663	1030
7664	979
7665	1027
7666	904
7667	1008
7668	917
7669	1036
7670	1028
7671	926
7672	1029
7673	957
7674	1019
7675	991
7676	1014
7677	915
7678	1090
7679	959
7680	905
7681	990
7682	942
7683	1026
7684	1070
7685	963
7686	1070
7687	1086
7688	978
7689	1080
7690	1071
7691	869
7692	1094
7693	1014
7694	1070
7695	1052
7696	917
7697	1066
7698	1174
7699	1079
7700	1039
7701	1020
7702	1092
7703	1036
7704	1150
7705	1001
7706	1133
7707	1033
7708	1033
7709	1021
7710	920
7711	873
7712	1050
7713	926
7714	994
7715	982
7716	962
7717	957
7718	1157
7719	961
7720	990
7721	1117
7722	1006
7723	907
7724	1024
7725	1096
7726	1121
7727	1082
7728	1068
7729	955
7730	1170
7731	1151
7732	1094
7733	988
7734	1020
7735	844
7736	1083
7737	997
7738	1015
7739	1142
7740	1112
7741	1134
7742	1102
7743	1100
7744	1055
7745	1073
7746	1112
7747	1000
7748	1079
7749	1059
7750	1006
7751	996
7752	959
7753	968
7754	1014
7755	915
7756	878
7757	1156
7758	1100
7759	1056
7760	1115
7761	1059
7762	1008
7763	1010
7764	1084
7765	989
7766	1124
7767	1000
7768	1138
7769	939
7770	1115
7771	967
7772	1050
7773	942
7774	1116
7775	867
7776	1059
7777	1069
7778	1099
7779	988
7780	1055
7781	1102
7782	941
7783	872
7784	1173
7785	1032
7786	1116
7787	1115
7788	1161
7789	998
7790	1277
7791	1008
7792	1096
7793	1050
7794	1083
7795	971
7796	1180
7797	1156
7798	1103
7799	1090
7800	1228
7801	935
7802	1117
7803	1167
7804	1010
7805	1237
7806	1057
7807	1071
7808	1266
7809	1089
7810	904
7811	954
7812	895
7813	970
7814	1114
7815	1070
7816	1083
7817	975
7818	1094
7819	1045
7820	994
7821	1166
7822	1029
7823	1023
7824	1079
7825	1189
7826	1093
7827	1058
7828	1124
7829	1012
7830	1097
7831	1041
7832	1061
7833	1113
7834	1117
7835	969
7836	929
7837	1117
7838	1057
7839	916
7840	1040
7841	921
7842	924
7843	995
7844	1024
7845	1084
7846	1253
7847	1072
7848	1127
7849	929
7850	1049
7851	1020
7852	1124
7853	1202
7854	1011
7855	1123
7856	1120
7857	1047
7858	1030
7859	1022
7860	1093
7861	1095
7862	993
7863	1152
7864	968
7865	1004
7866	1102
7867	1098
7868	1229
7869	1109
7870	1162
7871	1015
7872	979
7873	1202
7874	961
7875	947
7876	1101
7877	1004
7878	1068
7879	1057
7880	1027
7881	1114
7882	997
7883	1085
7884	1131
7885	1098
7886	1016
7887	1089
7888	1113
7889	1035
7890	1231
7891	1019
7892	1108
7893	1035
7894	1126
7895	1117
7896	1106
7897	1084
7898	1268
7899	1136
7900	1112
7901	1107
7902	994
7903	1043
7904	1105
7905	1113
7906	1020
7907	1186
7908	1147
7909	1014
7910	1200
7911	1164
7912	1038
7913	1165
7914	1162
7915	985
7916	1118
7917	1079
7918	1260
7919	1189
7920	1225
7921	1223
7922	1186
7923	1309
7924	1143
7925	1179
7926	1313
7927	1172
7928	1195
7929	1115
7930	1070
7931	996
7932	1231
7933	1223
7934	1150
7935	1200
7936	1085
7937	1093
7938	1077
7939	1176
7940	1037
7941	1190
7942	1096
7943	1118
7944	1038
7945	1167
7946	1054
7947	1150
7948	1120
7949	1090
7950	949
7951	1067
7952	1019
7953	1062
7954	1026
7955	943
7956	1116
7957	1075
7958	1099
7959	1102
7960	1160
7961	1074
7962	1273
7963	1290
7964	1041
7965	1215
7966	1091
7967	1246
7968	1095
7969	1134
7970	1182
7971	1060
7972	1167
7973	992
7974	1078
7975	1240
7976	1217
7977	993
7978	907
7979	1216
7980	1085
7981	1101
7982	997
7983	1053
7984	966
7985	1059
7986	1059
7987	960
7988	1077
7989	1050
7990	1097
7991	1049
7992	1046
7993	1070
7994	987
7995	915
7996	971
7997	1064
7998	996
7999	942
8000	978
8001	876
8002	828
8003	1216
8004	875
8005	989
8006	916
8007	891
8008	942
8009	949
8010	1005
8011	937
8012	872
8013	1004
8014	998
8015	937
8016	1107
8017	1036
8018	945
8019	1018
8020	1040
8021	1055
8022	948
8023	952
8024	1102
8025	1045
8026	1041
8027	1050
8028	914
8029	1106
8030	1136
8031	1006
8032	1068
8033	1065
8034	1138
8035	1163
8036	1030
8037	1107
8038	1024
8039	1185
8040	1190
8041	1296
8042	1148
8043	1215
8044	1017
8045	1140
8046	1150
8047	1037
8048	1039
8049	1183
8050	1033
8051	1090
8052	1219
8053	1140
8054	1128
8055	1061
8056	1170
8057	1191
8058	1123
8059	1308
8060	1110
8061	1200
8062	1095
8063	1159
8064	1109
8065	1038
8066	1139
8067	1102
8068	1271
8069	1226
8070	1529
8071	1361
8072	1064
8073	1339
8074	1204
8075	1212
8076	1066
8077	1181
8078	1048
8079	1075
8080	1140
8081	1171
8082	1186
8083	1214
8084	1169
8085	1049
8086	1259
8087	1204
8088	1021
8089	1108
8090	944
8091	1106
8092	1179
8093	1147
8094	1087
8095	1132
8096	1037
8097	1114
8098	1097
8099	1247
8100	1129
8101	1069
8102	1091
8103	1072
8104	1105
8105	991
8106	1170
8107	1175
8108	1245
8109	1116
8110	1185
8111	1168
8112	1128
8113	1191
8114	1212
8115	932
8116	1166
8117	1141
8118	938
8119	1159
8120	1196
8121	1064
8122	1181
8123	1030
8124	1166
8125	1092
8126	1140
8127	1255
8128	1115
8129	1226
8130	1363
8131	1231
8132	1224
8133	1161
8134	1091
8135	1179
8136	1247
8137	1189
8138	1249
8139	1213
8140	1223
8141	1072
8142	1247
8143	1057
8144	1116
8145	1189
8146	1139
8147	1180
8148	1113
8149	1087
8150	1068
8151	1102
8152	1041
8153	1163
8154	1109
8155	1194
8156	1036
8157	1025
8158	1103
8159	1210
8160	1019
8161	1115
8162	1040
8163	1073
8164	1207
8165	1087
8166	1116
8167	1053
8168	1196
8169	1255
8170	1162
8171	1153
8172	1024
8173	1143
8174	1119
8175	1041
8176	1067
8177	1164
8178	1110
8179	1129
8180	1100
8181	1066
8182	1036
8183	1125
8184	1004
8185	919
8186	1061
8187	1045
8188	1014
8189	1049
8190	1051
8191	1131
8192	1060
8193	1248
8194	1055
8195	1024
8196	1144
8197	1167
8198	946
8199	969
8200	1026
8201	1019
8202	1221
8203	1222
8204	1059
8205	1133
8206	1126
8207	1119
8208	1031
8209	1023
8210	1052
8211	1105
8212	1087
8213	1025
8214	965
8215	1006
8216	1128
8217	1163
8218	892
8219	1026
8220	1208
8221	1129
8222	1126
8223	1041
8224	1075
8225	1097
8226	922
8227	1127
8228	976
8229	1078
8230	1076
8231	1286
8232	1028
8233	1042
8234	1296
8235	1010
8236	988
8237	1113
8238	1058
8239	1111
8240	949
8241	1084
8242	1080
8243	973
8244	1195
8245	968
8246	982
8247	988
8248	1009
8249	1015
8250	1144
8251	1090
8252	1022
8253	1001
8254	887
8255	918
8256	1063
8257	1062
8258	917
8259	1097
8260	1089
8261	925
8262	1066
8263	1002
8264	843
8265	987
8266	988
8267	891
8268	1104
8269	970
8270	902
8271	884
8272	844
8273	960
8274	924
8275	1036
8276	882
8277	856
8278	1040
8279	949
8280	908
8281	973
8282	1092
8283	1091
8284	938
8285	1081
8286	1054
8287	892
8288	1003
8289	1010
8290	1105
8291	904
8292	1068
8293	982
8294	959
8295	1056
8296	970
8297	980
8298	1012
8299	978
8300	955
8301	986
8302	917
8303	928
8304	936
8305	948
8306	1025
8307	984
8308	969
8309	998
8310	1000
8311	1044
8312	1073
8313	965
8314	955
8315	922
8316	980
8317	992
8318	1133
8319	1012
8320	970
8321	1026
8322	971
8323	921
8324	1130
8325	1179
8326	914
8327	856
8328	993
8329	919
8330	1074
8331	945
8332	995
8333	969
8334	885
8335	1033
8336	907
8337	887
8338	888
8339	975
8340	1005
8341	1085
8342	961
8343	1092
8344	1024
8345	1021
8346	1051
8347	1040
8348	1019
8349	859
8350	983
8351	941
8352	855
8353	894
8354	948
8355	866
8356	906
8357	899
8358	1015
8359	1015
8360	973
8361	906
8362	1020
8363	1078
8364	969
8365	908
8366	1040
8367	953
8368	1030
8369	981
8370	999
8371	905
8372	997
8373	1017
8374	1011
8375	903
8376	1059
8377	816
8378	1066
8379	882
8380	939
8381	966
8382	861
8383	1011
8384	1079
8385	926
8386	946
8387	1069
8388	1056
8389	954
8390	976
8391	876
8392	872
8393	959
8394	895
8395	999
8396	1010
8397	964
8398	850
8399	933
8400	950
8401	997
8402	1008
8403	969
8404	914
8405	1030
8406	975
8407	969
8408	994
8409	1102
8410	1074
8411	1160
8412	1011
8413	940
8414	1012
8415	1126
8416	1003
8417	960
8418	903
8419	1036
8420	1014
8421	1082
8422	926
8423	1054
8424	949
8425	1064
8426	801
8427	890
8428	988
8429	1103
8430	970
8431	991
8432	979
8433	1012
8434	943
8435	963
8436	936
8437	1044
8438	939
8439	993
8440	1000
8441	961
8442	1033
8443	1079
8444	949
8445	946
8446	1008
8447	957
8448	1063
8449	1050
8450	1015
8451	1033
8452	986
8453	968
8454	933
8455	953
8456	996
8457	926
8458	948
8459	975
8460	1059
8461	1025
8462	880
8463	858
8464	1015
8465	1002
8466	965
8467	953
8468	953
8469	932
8470	1018
8471	851
8472	996
8473	953
8474	831
8475	899
8476	995
8477	995
8478	964
8479	970
8480	922
8481	789
8482	824
8483	831
8484	716
8485	851
8486	905
8487	848
8488	884
8489	979
8490	826
8491	863
8492	886
8493	865
8494	798
8495	1048
8496	830
8497	917
8498	815
8499	849
8500	872
8501	856
8502	819
8503	941
8504	874
8505	886
8506	849
8507	818
8508	888
8509	861
8510	868
8511	825
8512	966
8513	894
8514	927
8515	930
8516	804
8517	902
8518	925
8519	957
8520	768
8521	943
8522	806
8523	774
8524	859
8525	912
8526	897
8527	863
8528	893
8529	912
8530	782
8531	833
8532	830
8533	713
8534	841
8535	1033
8536	937
8537	801
8538	718
8539	906
8540	835
8541	833
8542	914
8543	895
8544	918
8545	761
8546	803
8547	912
8548	890
8549	790
8550	1001
8551	799
8552	942
8553	910
8554	883
8555	800
8556	897
8557	734
8558	775
8559	871
8560	981
8561	937
8562	844
8563	871
8564	834
8565	977
8566	889
8567	853
8568	811
8569	916
8570	946
8571	869
8572	843
8573	981
8574	903
8575	891
8576	857
8577	955
8578	938
8579	899
8580	958
8581	1000
8582	966
8583	959
8584	1152
8585	958
8586	912
8587	912
8588	989
8589	1021
8590	939
8591	899
8592	970
8593	955
8594	894
8595	810
8596	975
8597	677
8598	782
8599	824
8600	913
8601	897
8602	813
8603	933
8604	841
8605	886
8606	810
8607	827
8608	914
8609	872
8610	836
8611	802
8612	817
8613	939
8614	754
8615	1043
8616	890
8617	969
8618	746
8619	836
8620	854
8621	819
8622	918
8623	768
8624	870
8625	761
8626	798
8627	711
8628	891
8629	842
8630	762
8631	887
8632	773
8633	851
8634	805
8635	841
8636	748
8637	853
8638	749
8639	901
8640	824
8641	849
8642	800
8643	745
8644	838
8645	781
8646	848
8647	808
8648	799
8649	830
8650	759
8651	775
8652	762
8653	851
8654	836
8655	875
8656	840
8657	817
8658	905
8659	729
8660	810
8661	755
8662	826
8663	901
8664	888
8665	874
8666	792
8667	883
8668	874
8669	903
8670	763
8671	754
8672	802
8673	848
8674	1017
8675	849
8676	860
8677	861
8678	864
8679	750
8680	843
8681	817
8682	824
8683	920
8684	822
8685	755
8686	855
8687	846
8688	833
8689	847
8690	766
8691	793
8692	799
8693	768
8694	791
8695	835
8696	788
8697	794
8698	875
8699	833
8700	797
8701	783
8702	889
8703	886
8704	879
8705	868
8706	868
8707	934
8708	848
8709	857
8710	1016
8711	917
8712	946
8713	745
8714	827
8715	762
8716	806
8717	817
8718	848
8719	818
8720	807
8721	794
8722	849
8723	781
8724	855
8725	908
8726	874
8727	848
8728	820
8729	843
8730	991
8731	926
8732	844
8733	899
8734	835
8735	885
8736	952
8737	791
8738	855
8739	896
8740	845
8741	803
8742	828
8743	861
8744	926
8745	969
8746	812
8747	797
8748	783
8749	845
8750	759
8751	853
8752	841
8753	782
8754	859
8755	877
8756	985
8757	870
8758	837
8759	830
8760	985
8761	816
8762	840
8763	789
8764	859
8765	871
8766	918
8767	915
8768	920
8769	813
8770	858
8771	951
8772	827
8773	893
8774	836
8775	913
8776	1012
8777	944
8778	933
8779	883
8780	876
8781	871
8782	1008
8783	798
8784	864
8785	983
8786	858
8787	836
8788	885
8789	822
8790	771
8791	811
8792	819
8793	873
8794	936
8795	938
8796	948
8797	832
8798	864
8799	896
8800	849
8801	908
8802	1029
8803	828
8804	868
8805	854
8806	850
8807	821
8808	871
8809	802
8810	972
8811	942
8812	866
8813	978
8814	992
8815	984
8816	956
8817	1016
8818	953
8819	977
8820	1032
8821	872
8822	894
8823	947
8824	942
8825	969
8826	845
8827	1112
8828	1124
8829	1021
8830	1037
8831	943
8832	884
8833	901
8834	934
8835	999
8836	959
8837	915
8838	950
8839	903
8840	930
8841	841
8842	896
8843	841
8844	823
8845	878
8846	907
8847	849
8848	820
8849	742
8850	807
8851	906
8852	837
8853	840
8854	1124
8855	985
8856	928
8857	888
8858	1031
8859	925
8860	946
8861	913
8862	899
8863	895
8864	810
8865	935
8866	908
8867	920
8868	910
8869	992
8870	897
8871	899
8872	918
8873	882
8874	864
8875	959
8876	908
8877	834
8878	913
8879	932
8880	898
8881	855
8882	939
8883	826
8884	979
8885	971
8886	893
8887	870
8888	857
8889	825
8890	780
8891	801
8892	783
8893	751
8894	820
8895	825
8896	777
8897	743
8898	850
8899	796
8900	769
8901	689
8902	749
8903	825
8904	745
8905	812
8906	837
8907	810
8908	737
8909	813
8910	887
8911	871
8912	732
8913	872
8914	871
8915	915
8916	872
8917	828
8918	767
8919	879
8920	867
8921	761
8922	782
8923	719
8924	918
8925	868
8926	905
8927	807
8928	767
8929	759
8930	781
8931	817
8932	726
8933	863
8934	707
8935	780
8936	920
8937	882
8938	683
8939	870
8940	809
8941	707
8942	729
8943	814
8944	784
8945	768
8946	871
8947	754
8948	801
8949	812
8950	825
8951	786
8952	921
8953	731
8954	785
8955	722
8956	818
8957	680
8958	793
8959	795
8960	749
8961	794
8962	662
8963	676
8964	780
8965	716
8966	665
8967	699
8968	684
8969	723
8970	629
8971	816
8972	832
8973	822
8974	730
8975	773
8976	722
8977	697
8978	806
8979	716
8980	765
8981	849
8982	762
8983	683
8984	801
8985	748
8986	746
8987	756
8988	866
8989	750
8990	829
8991	662
8992	681
8993	749
8994	728
8995	731
8996	749
8997	726
8998	868
8999	809
9000	734
9001	891
9002	903
9003	804
9004	840
9005	760
9006	880
9007	751
9008	703
9009	717
9010	739
9011	760
9012	805
9013	820
9014	693
9015	751
9016	707
9017	832
9018	830
9019	685
9020	655
9021	696
9022	783
9023	697
9024	709
9025	806
9026	767
9027	810
9028	856
9029	732
9030	793
9031	826
9032	818
9033	712
9034	728
9035	630
9036	667
9037	887
9038	806
9039	818
9040	770
9041	749
9042	712
9043	797
9044	854
9045	657
9046	791
9047	660
9048	769
9049	896
9050	720
9051	777
9052	814
9053	792
9054	845
9055	771
9056	801
9057	713
9058	885
9059	775
9060	949
9061	961
9062	856
9063	835
9064	852
9065	696
9066	857
9067	823
9068	790
9069	860
9070	798
9071	779
9072	702
9073	803
9074	666
9075	730
9076	624
9077	700
9078	736
9079	840
9080	714
9081	671
9082	734
9083	713
9084	729
9085	813
9086	752
9087	624
9088	826
9089	787
9090	721
9091	779
9092	758
9093	732
9094	829
9095	775
9096	747
9097	767
9098	712
9099	850
9100	801
9101	779
9102	702
9103	851
9104	716
9105	809
9106	770
9107	745
9108	718
9109	764
9110	817
9111	860
9112	709
9113	749
9114	829
9115	768
9116	760
9117	708
9118	899
9119	792
9120	697
9121	853
9122	757
9123	778
9124	766
9125	778
9126	715
9127	812
9128	800
9129	784
9130	732
9131	824
9132	765
9133	797
9134	767
9135	804
9136	748
9137	797
9138	806
9139	750
9140	876
9141	813
9142	828
9143	783
9144	878
9145	776
9146	794
9147	745
9148	771
9149	782
9150	800
9151	881
9152	694
9153	744
9154	799
9155	794
9156	799
9157	696
9158	725
9159	678
9160	782
9161	683
9162	808
9163	846
9164	773
9165	876
9166	734
9167	708
9168	721
9169	850
9170	665
9171	715
9172	806
9173	642
9174	752
9175	744
9176	743
9177	746
9178	777
9179	726
9180	744
9181	688
9182	711
9183	795
9184	674
9185	656
9186	582
9187	734
9188	779
9189	679
9190	792
9191	649
9192	811
9193	749
9194	853
9195	791
9196	750
9197	726
9198	756
9199	737
9200	696
9201	717
9202	763
9203	574
9204	666
9205	729
9206	727
9207	669
9208	687
9209	699
9210	790
9211	706
9212	697
9213	649
9214	738
9215	774
9216	803
9217	788
9218	773
9219	778
9220	775
9221	830
9222	796
9223	763
9224	789
9225	760
9226	727
9227	731
9228	683
9229	659
9230	716
9231	671
9232	732
9233	836
9234	660
9235	621
9236	754
9237	828
9238	658
9239	727
9240	764
9241	751
9242	837
9243	745
9244	753
9245	648
9246	777
9247	824
9248	866
9249	740
9250	710
9251	800
9252	801
9253	732
9254	793
9255	720
9256	740
9257	838
9258	855
9259	735
9260	807
9261	724
9262	680
9263	802
9264	786
9265	796
9266	798
9267	786
9268	809
9269	829
9270	805
9271	954
9272	796
9273	808
9274	817
9275	802
9276	828
9277	827
9278	809
9279	785
9280	793
9281	818
9282	757
9283	827
9284	756
9285	731
9286	710
9287	766
9288	855
9289	838
9290	732
9291	739
9292	780
9293	831
9294	791
9295	856
9296	850
9297	864
9298	814
9299	780
9300	880
9301	749
9302	894
9303	863
9304	772
9305	713
9306	748
9307	840
9308	810
9309	784
9310	789
9311	724
9312	647
9313	896
9314	803
9315	885
9316	744
9317	889
9318	929
9319	806
9320	775
9321	782
9322	806
9323	739
9324	842
9325	780
9326	746
9327	707
9328	858
9329	692
9330	835
9331	813
9332	781
9333	766
9334	824
9335	785
9336	822
9337	759
9338	708
9339	814
9340	732
9341	774
9342	751
9343	753
9344	834
9345	764
9346	621
9347	727
9348	722
9349	785
9350	776
9351	823
9352	776
9353	770
9354	778
9355	733
9356	749
9357	719
9358	768
9359	774
9360	815
9361	709
9362	769
9363	749
9364	725
9365	737
9366	745
9367	756
9368	784
9369	783
9370	775
9371	829
9372	749
9373	835
9374	646
9375	787
9376	677
9377	798
9378	709
9379	855
9380	838
9381	727
9382	770
9383	665
9384	725
9385	737
9386	792
9387	793
9388	801
9389	699
9390	819
9391	761
9392	717
9393	699
9394	709
9395	673
9396	733
9397	712
9398	771
9399	670
9400	763
9401	743
9402	736
9403	826
9404	774
9405	839
9406	747
9407	831
9408	789
9409	977
9410	675
9411	791
9412	844
9413	770
9414	757
9415	762
9416	708
9417	714
9418	798
9419	744
9420	782
9421	846
9422	812
9423	752
9424	775
9425	867
9426	816
9427	762
9428	789
9429	794
9430	923
9431	889
9432	809
9433	684
9434	838
9435	732
9436	811
9437	755
9438	874
9439	845
9440	892
9441	832
9442	723
9443	843
9444	724
9445	725
9446	758
9447	749
9448	829
9449	813
9450	798
9451	763
9452	752
9453	935
9454	940
9455	929
9456	815
9457	737
9458	807
9459	1028
9460	797
9461	834
9462	949
9463	817
9464	955
9465	850
9466	902
9467	855
9468	804
9469	1019
9470	799
9471	788
9472	837
9473	839
9474	832
9475	709
9476	727
9477	811
9478	847
9479	846
9480	744
9481	758
9482	780
9483	789
9484	787
9485	749
9486	805
9487	765
9488	778
9489	816
9490	797
9491	746
9492	850
9493	855
9494	828
9495	816
9496	815
9497	733
9498	759
9499	713
9500	698
9501	806
9502	868
9503	831
9504	766
9505	708
9506	739
9507	623
9508	787
9509	784
9510	697
9511	693
9512	780
9513	753
9514	742
9515	757
9516	861
9517	817
9518	697
9519	792
9520	867
9521	686
9522	776
9523	775
9524	757
9525	739
9526	852
9527	657
9528	664
9529	713
9530	715
9531	671
9532	773
9533	718
9534	734
9535	880
9536	781
9537	714
9538	733
9539	775
9540	721
9541	794
9542	824
9543	825
9544	697
9545	799
9546	846
9547	769
9548	784
9549	765
9550	829
9551	786
9552	736
9553	690
9554	868
9555	836
9556	773
9557	683
9558	986
9559	730
9560	865
9561	762
9562	788
9563	820
9564	863
9565	730
9566	728
9567	748
9568	742
9569	736
9570	798
9571	699
9572	855
9573	798
9574	732
9575	690
9576	706
9577	731
9578	808
9579	769
9580	789
9581	731
9582	797
9583	689
9584	786
9585	647
9586	734
9587	898
9588	764
9589	788
9590	755
9591	822
9592	810
9593	785
9594	874
9595	740
9596	767
9597	787
9598	745
9599	725
9600	699
9601	611
9602	715
9603	719
9604	651
9605	711
9606	767
9607	720
9608	786
9609	881
9610	802
9611	706
9612	701
9613	778
9614	701
9615	700
9616	800
9617	842
9618	839
9619	846
9620	808
9621	678
9622	740
9623	721
9624	883
9625	855
9626	789
9627	804
9628	727
9629	924
9630	805
9631	872
9632	842
9633	774
9634	860
9635	913
9636	853
9637	851
9638	1015
9639	930
9640	739
9641	851
9642	840
9643	820
9644	750
9645	905
9646	896
9647	800
9648	780
9649	868
9650	765
9651	805
9652	771
9653	802
9654	799
9655	824
9656	885
9657	919
9658	799
9659	745
9660	913
9661	744
9662	757
9663	756
9664	802
9665	797
9666	826
9667	778
9668	883
9669	863
9670	825
9671	880
9672	888
9673	766
9674	911
9675	776
9676	703
9677	951
9678	770
9679	933
9680	957
9681	812
9682	943
9683	712
9684	848
9685	832
9686	778
9687	957
9688	1028
9689	888
9690	892
9691	892
9692	827
9693	992
9694	921
9695	887
9696	785
9697	820
9698	746
9699	963
9700	818
9701	878
9702	902
9703	843
9704	848
9705	783
9706	929
9707	682
9708	696
9709	888
9710	870
9711	810
9712	937
9713	829
9714	886
9715	765
9716	934
9717	838
9718	731
9719	981
9720	898
9721	926
9722	737
9723	818
9724	800
9725	777
9726	843
9727	877
9728	854
9729	769
9730	800
9731	806
9732	835
9733	804
9734	785
9735	801
9736	764
9737	771
9738	836
9739	840
9740	782
9741	808
9742	1023
9743	821
9744	869
9745	835
9746	905
9747	931
9748	872
9749	843
9750	788
9751	746
9752	885
9753	712
9754	706
9755	744
9756	745
9757	785
9758	786
9759	785
9760	797
9761	787
9762	690
9763	599
9764	674
9765	730
9766	730
9767	753
9768	670
9769	819
9770	691
9771	765
9772	793
9773	776
9774	753
9775	778
9776	773
9777	721
9778	812
9779	698
9780	682
9781	809
9782	751
9783	742
9784	635
9785	638
9786	694
9787	740
9788	716
9789	723
9790	730
9791	709
9792	683
9793	790
9794	764
9795	705
9796	823
9797	755
9798	782
9799	744
9800	830
9801	791
9802	763
9803	864
9804	788
9805	734
9806	868
9807	800
9808	815
9809	793
9810	727
9811	741
9812	787
9813	698
9814	919
9815	930
9816	760
9817	888
9818	697
9819	727
9820	690
9821	683
9822	719
9823	752
9824	682
9825	641
9826	754
9827	729
9828	761
9829	792
9830	678
9831	755
9832	763
9833	606
9834	792
9835	712
9836	778
9837	820
9838	662
9839	724
9840	700
9841	831
9842	655
9843	714
9844	770
9845	642
9846	768
9847	782
9848	679
9849	762
9850	671
9851	665
9852	694
9853	658
9854	799
9855	710
9856	764
9857	834
9858	848
9859	647
9860	729
9861	651
9862	785
9863	687
9864	702
9865	651
9866	833
9867	719
9868	710
9869	776
9870	792
9871	781
9872	842
9873	778
9874	804
9875	763
9876	832
9877	624
9878	716
9879	774
9880	734
9881	771
9882	660
9883	723
9884	856
9885	735
9886	745
9887	670
9888	747
9889	716
9890	755
9891	794
9892	779
9893	848
9894	696
9895	631
9896	876
9897	714
9898	831
9899	753
9900	781
9901	778
9902	826
9903	842
9904	765
9905	700
9906	796
9907	673
9908	779
9909	843
9910	756
9911	808
9912	742
9913	823
9914	811
9915	668
9916	746
9917	756
9918	801
9919	844
9920	799
9921	792
9922	779
9923	828
9924	713
9925	757
9926	780
9927	787
9928	836
9929	844
9930	829
9931	759
9932	840
9933	811
9934	841
9935	775
9936	766
9937	785
9938	740
9939	868
9940	709
9941	842
9942	830
9943	774
9944	836
9945	783
9946	792
9947	822
9948	855
9949	798
9950	837
9951	739
9952	773
9953	666
9954	756
9955	722
9956	919
9957	779
9958	863
9959	879
9960	915
9961	873
9962	927
9963	958
9964	761
9965	815
9966	790
9967	816
9968	661
9969	822
9970	899
9971	872
9972	850
9973	746
9974	837
9975	751
9976	718
9977	739
9978	845
9979	648
9980	815
9981	919
9982	728
9983	791
9984	745
9985	828
9986	660
9987	801
9988	765
9989	845
9990	856
9991	797
9992	778
9993	742
9994	674
9995	701
9996	664
9997	866
9998	652
9999	706
10000	656
10001	673
10002	685
10003	722
10004	749
10005	802
10006	747
10007	702
10008	720
10009	761
10010	745
10011	761
10012	664
10013	737
10014	726
10015	682
10016	633
10017	745
10018	639
10019	756
10020	702
10021	754
10022	733
10023	652
10024	704
10025	677
10026	690
10027	758
10028	663
10029	660
10030	601
10031	683
10032	712
10033	689
10034	657
10035	641
10036	676
10037	676
10038	606
10039	707
10040	638
10041	639
10042	668
10043	643
10044	768
10045	717
10046	766
10047	635
10048	641
10049	651
10050	669
10051	695
10052	758
10053	721
10054	676
10055	622
10056	741
10057	763
10058	611
10059	673
10060	710
10061	622
10062	676
10063	762
10064	659
10065	759
10066	797
10067	818
10068	839
10069	686
10070	728
10071	665
10072	649
10073	720
10074	690
10075	730
10076	625
10077	756
10078	734
10079	702
10080	713
10081	809
10082	751
10083	717
10084	638
10085	755
10086	724
10087	735
10088	736
10089	857
10090	736
10091	736
10092	739
10093	753
10094	822
10095	672
10096	793
10097	686
10098	680
10099	830
10100	687
10101	648
10102	775
10103	672
10104	795
10105	792
10106	862
10107	767
10108	727
10109	838
10110	888
10111	764
10112	839
10113	790
10114	736
10115	728
10116	625
10117	793
10118	740
10119	692
10120	765
10121	717
10122	743
10123	792
10124	745
10125	752
10126	760
10127	640
10128	800
10129	805
10130	738
10131	751
10132	810
10133	751
10134	679
10135	718
10136	769
10137	732
10138	756
10139	711
10140	820
10141	767
10142	841
10143	692
10144	863
10145	717
10146	872
10147	889
10148	725
10149	852
10150	765
10151	655
10152	754
10153	680
10154	727
10155	683
10156	729
10157	638
10158	738
10159	730
10160	805
10161	823
10162	901
10163	968
10164	885
10165	735
10166	790
10167	826
10168	791
10169	772
10170	795
10171	637
10172	762
10173	691
10174	699
10175	703
10176	725
10177	757
10178	830
10179	641
10180	788
10181	835
10182	764
10183	743
10184	795
10185	892
10186	887
10187	780
10188	787
10189	712
10190	698
10191	785
10192	736
10193	802
10194	749
10195	788
10196	797
10197	688
10198	838
10199	854
10200	754
10201	762
10202	850
10203	881
10204	899
10205	891
10206	757
10207	802
10208	934
10209	793
10210	810
10211	953
10212	876
10213	678
10214	782
10215	800
10216	816
10217	674
10218	789
10219	749
10220	767
10221	786
10222	820
10223	743
10224	768
10225	743
10226	765
10227	693
10228	829
10229	833
10230	819
10231	844
10232	794
10233	830
10234	846
10235	1015
10236	822
10237	835
10238	741
10239	790
10240	842
10241	909
10242	796
10243	857
10244	822
10245	711
10246	831
10247	727
10248	672
10249	769
10250	777
10251	784
10252	704
10253	769
10254	740
10255	685
10256	860
10257	744
10258	689
10259	707
10260	680
10261	726
10262	758
10263	772
10264	766
10265	794
10266	770
10267	847
10268	880
10269	712
10270	793
10271	769
10272	771
10273	929
10274	773
10275	771
10276	741
10277	836
10278	811
10279	846
10280	879
10281	931
10282	681
10283	797
10284	852
10285	709
10286	844
10287	728
10288	840
10289	738
10290	745
10291	835
10292	747
10293	781
10294	714
10295	769
10296	793
10297	769
10298	734
10299	800
10300	721
10301	782
10302	786
10303	760
10304	738
10305	711
10306	767
10307	702
10308	710
10309	591
10310	742
10311	659
10312	755
10313	754
10314	682
10315	673
10316	668
10317	728
10318	807
10319	791
10320	566
10321	635
10322	733
10323	650
10324	809
10325	741
10326	734
10327	620
10328	645
10329	717
10330	727
10331	703
10332	763
10333	616
10334	699
10335	631
10336	702
10337	702
10338	709
10339	694
10340	708
10341	712
10342	687
10343	716
10344	812
10345	757
10346	614
10347	733
10348	750
10349	650
10350	683
10351	545
10352	634
10353	649
10354	852
10355	658
10356	667
10357	763
10358	637
10359	614
10360	718
10361	657
10362	598
10363	724
10364	678
10365	677
10366	645
10367	659
10368	663
10369	653
10370	687
10371	708
10372	544
10373	638
10374	645
10375	602
10376	613
10377	707
10378	676
10379	581
10380	801
10381	748
10382	696
10383	687
10384	672
10385	858
10386	627
10387	661
10388	740
10389	683
10390	621
10391	668
10392	689
10393	563
10394	649
10395	674
10396	606
10397	601
10398	636
10399	746
10400	560
10401	636
10402	668
10403	737
10404	600
10405	652
10406	654
10407	651
10408	567
10409	735
10410	744
10411	626
10412	731
10413	741
10414	686
10415	709
10416	651
10417	574
10418	594
10419	704
10420	563
10421	759
10422	695
10423	598
10424	632
10425	637
10426	546
10427	722
10428	616
10429	584
10430	501
10431	579
10432	665
10433	605
10434	573
10435	567
10436	568
10437	627
10438	583
10439	614
10440	609
10441	553
10442	665
10443	609
10444	687
10445	651
10446	523
10447	586
10448	709
10449	569
10450	643
10451	663
10452	657
10453	796
10454	578
10455	638
10456	615
10457	573
10458	636
10459	676
10460	615
10461	620
10462	615
10463	580
10464	582
10465	628
10466	656
10467	642
10468	719
10469	667
10470	681
10471	733
10472	598
10473	600
10474	670
10475	617
10476	506
10477	563
10478	541
10479	615
10480	614
10481	625
10482	573
10483	639
10484	571
10485	613
10486	581
10487	687
10488	555
10489	725
10490	666
10491	604
10492	548
10493	659
10494	612
10495	692
10496	696
10497	618
10498	542
10499	701
10500	609
10501	586
10502	631
10503	551
10504	657
10505	611
10506	684
10507	617
10508	595
10509	570
10510	685
10511	542
10512	685
10513	747
10514	669
10515	643
10516	579
10517	641
10518	652
10519	597
10520	708
10521	627
10522	636
10523	695
10524	594
10525	648
10526	600
10527	582
10528	668
10529	626
10530	593
10531	652
10532	648
10533	628
10534	625
10535	643
10536	606
10537	668
10538	645
10539	680
10540	653
10541	591
10542	529
10543	614
10544	598
10545	682
10546	619
10547	669
10548	672
10549	572
10550	765
10551	634
10552	751
10553	660
10554	703
10555	740
10556	593
10557	693
10558	663
10559	634
10560	769
10561	643
10562	676
10563	581
10564	664
10565	697
10566	757
10567	697
10568	720
10569	748
10570	651
10571	727
10572	665
10573	698
10574	802
10575	592
10576	647
10577	693
10578	697
10579	675
10580	660
10581	692
10582	711
10583	745
10584	722
10585	677
10586	550
10587	729
10588	635
10589	568
10590	703
10591	648
10592	652
10593	614
10594	639
10595	568
10596	626
10597	681
10598	717
10599	634
10600	781
10601	654
10602	628
10603	606
10604	592
10605	571
10606	601
10607	617
10608	550
10609	630
10610	633
10611	607
10612	615
10613	676
10614	587
10615	593
10616	764
10617	718
10618	662
10619	683
10620	647
10621	684
10622	585
10623	631
10624	693
10625	618
10626	577
10627	673
10628	582
10629	558
10630	548
10631	625
10632	668
10633	558
10634	667
10635	635
10636	597
10637	672
10638	660
10639	703
10640	686
10641	686
10642	677
10643	660
10644	602
10645	649
10646	646
10647	693
10648	681
10649	661
10650	622
10651	593
10652	571
10653	590
10654	591
10655	540
10656	564
10657	653
10658	607
10659	752
10660	676
10661	625
10662	679
10663	610
10664	637
10665	689
10666	709
10667	517
10668	758
10669	663
10670	700
10671	728
10672	749
10673	653
10674	768
10675	690
10676	567
10677	752
10678	519
10679	697
10680	630
10681	682
10682	669
10683	613
10684	633
10685	610
10686	543
10687	555
10688	639
10689	650
10690	676
10691	654
10692	669
10693	672
10694	682
10695	495
10696	702
10697	491
10698	603
10699	561
10700	585
10701	705
10702	661
10703	633
10704	631
10705	690
10706	708
10707	621
10708	672
10709	685
10710	584
10711	575
10712	517
10713	665
10714	591
10715	538
10716	614
10717	601
10718	591
10719	575
10720	614
10721	597
10722	579
10723	638
10724	618
10725	643
10726	599
10727	611
10728	672
10729	699
10730	570
10731	704
10732	560
10733	637
10734	559
10735	610
10736	594
10737	667
10738	523
10739	651
10740	586
10741	619
10742	525
10743	516
10744	681
10745	591
10746	682
10747	647
10748	692
10749	508
10750	605
10751	583
10752	550
10753	527
10754	646
10755	547
10756	611
10757	576
10758	580
10759	525
10760	587
10761	536
10762	628
10763	647
10764	633
10765	621
10766	601
10767	699
10768	533
10769	637
10770	541
10771	614
10772	546
10773	651
10774	614
10775	705
10776	683
10777	569
10778	673
10779	659
10780	540
10781	546
10782	559
10783	647
10784	609
10785	571
10786	641
10787	655
10788	600
10789	666
10790	611
10791	505
10792	628
10793	645
10794	592
10795	642
10796	602
10797	597
10798	656
10799	597
10800	558
10801	612
10802	562
10803	624
10804	545
10805	550
10806	576
10807	646
10808	642
10809	565
10810	671
10811	666
10812	657
10813	624
10814	631
10815	571
10816	694
10817	537
10818	575
10819	601
10820	661
10821	609
10822	748
10823	703
10824	658
10825	708
10826	640
10827	695
10828	558
10829	709
10830	722
10831	719
10832	650
10833	590
10834	638
10835	754
10836	622
10837	624
10838	782
10839	712
10840	704
10841	685
10842	552
10843	669
10844	587
10845	681
10846	717
10847	623
10848	612
10849	641
10850	729
10851	637
10852	695
10853	677
10854	682
10855	639
10856	697
10857	762
10858	674
10859	710
10860	586
10861	705
10862	638
10863	545
10864	618
10865	622
10866	722
10867	580
10868	625
10869	636
10870	635
10871	616
10872	672
10873	589
10874	652
10875	660
10876	629
10877	655
10878	724
10879	632
10880	729
10881	720
10882	734
10883	683
10884	682
10885	582
10886	600
10887	683
10888	735
10889	662
10890	548
10891	705
10892	636
10893	515
10894	599
10895	647
10896	586
10897	621
10898	695
10899	910
10900	726
10901	704
10902	600
10903	631
10904	681
10905	863
10906	702
10907	600
10908	609
10909	620
10910	725
10911	585
10912	551
10913	601
10914	689
10915	611
10916	642
10917	676
10918	631
10919	594
10920	548
10921	587
10922	610
10923	513
10924	625
10925	596
10926	560
10927	606
10928	518
10929	542
10930	545
10931	528
10932	542
10933	585
10934	538
10935	492
10936	602
10937	555
10938	559
10939	558
10940	469
10941	497
10942	560
10943	570
10944	528
10945	610
10946	476
10947	501
10948	454
10949	548
10950	549
10951	497
10952	526
10953	521
10954	554
10955	580
10956	573
10957	570
10958	561
10959	590
10960	531
10961	498
10962	549
10963	613
10964	565
10965	597
10966	495
10967	563
10968	490
10969	535
10970	532
10971	495
10972	587
10973	595
10974	591
10975	595
10976	560
10977	478
10978	593
10979	504
10980	521
10981	569
10982	555
10983	572
10984	542
10985	573
10986	402
10987	509
10988	533
10989	571
10990	542
10991	422
10992	561
10993	483
10994	486
10995	490
10996	604
10997	530
10998	581
10999	546
11000	611
11001	490
11002	525
11003	489
11004	644
11005	530
11006	638
11007	572
11008	511
11009	604
11010	533
11011	498
11012	596
11013	566
11014	535
11015	601
11016	627
11017	570
11018	572
11019	621
11020	611
11021	520
11022	595
11023	539
11024	589
11025	530
11026	553
11027	521
11028	593
11029	592
11030	636
11031	474
11032	525
11033	557
11034	600
11035	687
11036	518
11037	585
11038	534
11039	581
11040	583
11041	514
11042	554
11043	668
11044	583
11045	566
11046	553
11047	521
11048	579
11049	539
11050	604
11051	539
11052	557
11053	609
11054	611
11055	609
11056	567
11057	635
11058	549
11059	503
11060	610
11061	546
11062	537
11063	569
11064	551
11065	528
11066	539
11067	598
11068	584
11069	546
11070	708
11071	554
11072	478
11073	491
11074	516
11075	532
11076	598
11077	538
11078	562
11079	598
11080	523
11081	459
11082	490
11083	526
11084	544
11085	631
11086	592
11087	529
11088	700
11089	599
11090	529
11091	556
11092	537
11093	470
11094	573
11095	646
11096	527
11097	547
11098	608
11099	561
11100	515
11101	657
11102	597
11103	679
11104	611
11105	651
11106	553
11107	593
11108	614
11109	620
11110	612
11111	597
11112	558
11113	545
11114	552
11115	535
11116	498
11117	526
11118	660
11119	804
11120	639
11121	533
11122	640
11123	609
11124	656
11125	600
11126	501
11127	597
11128	559
11129	531
11130	643
11131	551
11132	647
11133	712
11134	636
11135	689
11136	657
11137	671
11138	656
11139	550
11140	507
11141	567
11142	596
11143	529
11144	613
11145	611
11146	508
11147	509
11148	614
11149	539
11150	561
11151	560
11152	532
11153	618
11154	577
11155	560
11156	526
11157	582
11158	591
11159	631
11160	544
11161	582
11162	649
11163	512
11164	566
11165	533
11166	542
11167	610
11168	605
11169	571
11170	612
11171	519
11172	640
11173	569
11174	497
11175	552
11176	510
11177	597
11178	598
11179	522
11180	584
11181	594
11182	513
11183	521
11184	512
11185	469
11186	544
11187	580
11188	466
11189	581
11190	491
11191	573
11192	545
11193	589
11194	451
11195	446
11196	470
11197	500
11198	496
11199	469
11200	579
11201	558
11202	571
11203	527
11204	518
11205	520
11206	506
11207	547
11208	538
11209	571
11210	485
11211	455
11212	547
11213	462
11214	587
11215	494
11216	554
11217	492
11218	518
11219	573
11220	470
11221	494
11222	577
11223	574
11224	578
11225	561
11226	564
11227	524
11228	609
11229	541
11230	532
11231	434
11232	564
11233	612
11234	486
11235	562
11236	529
11237	512
11238	495
11239	583
11240	485
11241	493
11242	554
11243	453
11244	500
11245	495
11246	493
11247	599
11248	448
11249	513
11250	546
11251	498
11252	547
11253	615
11254	577
11255	601
11256	457
11257	566
11258	543
11259	493
11260	479
11261	491
11262	513
11263	569
11264	548
11265	518
11266	570
11267	454
11268	543
11269	512
11270	554
11271	603
11272	512
11273	546
11274	565
11275	499
11276	514
11277	536
11278	473
11279	507
11280	554
11281	535
11282	540
11283	621
11284	543
11285	510
11286	596
11287	533
11288	459
11289	541
11290	491
11291	587
11292	522
11293	571
11294	631
11295	537
11296	536
11297	502
11298	642
11299	629
11300	537
11301	483
11302	553
11303	610
11304	585
11305	684
11306	539
11307	702
11308	639
11309	590
11310	463
11311	686
11312	633
11313	667
11314	597
11315	657
11316	641
11317	497
11318	603
11319	702
11320	572
11321	497
11322	578
11323	538
11324	569
11325	599
11326	644
11327	663
11328	628
11329	591
11330	610
11331	640
11332	517
11333	577
11334	533
11335	546
11336	526
11337	586
11338	577
11339	534
11340	507
11341	504
11342	542
11343	571
11344	702
11345	654
11346	550
11347	526
11348	543
11349	568
11350	616
11351	530
11352	507
11353	493
11354	539
11355	523
11356	646
11357	475
11358	505
11359	563
11360	574
11361	592
11362	558
11363	511
11364	506
11365	612
11366	603
11367	593
11368	547
11369	660
11370	530
11371	552
11372	583
11373	534
11374	530
11375	503
11376	602
11377	561
11378	618
11379	550
11380	612
11381	636
11382	676
11383	557
11384	561
11385	615
11386	541
11387	542
11388	563
11389	562
11390	549
11391	626
11392	493
11393	664
11394	572
11395	581
11396	450
11397	595
11398	552
11399	619
11400	631
11401	503
11402	492
11403	587
11404	525
11405	592
11406	607
11407	608
11408	486
11409	625
11410	570
11411	523
11412	563
11413	594
11414	581
11415	553
11416	560
11417	631
11418	546
11419	580
11420	538
11421	612
11422	616
11423	584
11424	548
11425	579
11426	518
11427	499
11428	556
11429	575
11430	554
11431	513
11432	563
11433	505
11434	519
11435	484
11436	564
11437	627
11438	465
11439	519
11440	528
11441	523
11442	580
11443	494
11444	432
11445	609
11446	588
11447	552
11448	469
11449	524
11450	486
11451	510
11452	557
11453	540
11454	608
11455	568
11456	489
11457	590
11458	586
11459	536
11460	438
11461	576
11462	511
11463	481
11464	566
11465	449
11466	524
11467	655
11468	562
11469	535
11470	563
11471	500
11472	517
11473	573
11474	473
11475	456
11476	523
11477	558
11478	493
11479	594
11480	489
11481	492
11482	559
11483	479
11484	478
11485	470
11486	527
11487	525
11488	444
11489	554
11490	499
11491	497
11492	588
11493	533
11494	524
11495	508
11496	594
11497	503
11498	413
11499	582
11500	444
11501	505
11502	493
11503	530
11504	536
11505	392
11506	437
11507	461
11508	564
11509	555
11510	502
11511	641
11512	453
11513	510
11514	490
11515	540
11516	483
11517	598
11518	531
11519	512
11520	499
11521	537
11522	537
11523	538
11524	466
11525	536
11526	448
11527	413
11528	481
11529	480
11530	452
11531	483
11532	426
11533	436
11534	456
11535	498
11536	440
11537	512
11538	538
11539	363
11540	406
11541	505
11542	519
11543	468
11544	474
11545	514
11546	569
11547	424
11548	487
11549	476
11550	537
11551	496
11552	562
11553	590
11554	413
11555	527
11556	436
11557	514
11558	428
11559	469
11560	451
11561	472
11562	467
11563	487
11564	500
11565	483
11566	470
11567	457
11568	543
11569	475
11570	478
11571	520
11572	521
11573	531
11574	569
11575	420
11576	499
11577	457
11578	496
11579	524
11580	494
11581	487
11582	441
11583	407
11584	509
11585	497
11586	447
11587	457
11588	473
11589	475
11590	578
11591	468
11592	540
11593	472
11594	468
11595	531
11596	533
11597	507
11598	468
11599	535
11600	535
11601	613
11602	485
11603	558
11604	554
11605	450
11606	427
11607	518
11608	453
11609	458
11610	442
11611	441
11612	473
11613	515
11614	556
11615	471
11616	541
11617	593
11618	568
11619	570
11620	461
11621	508
11622	574
11623	523
11624	524
11625	559
11626	504
11627	581
11628	589
11629	533
11630	503
11631	529
11632	570
11633	443
11634	512
11635	612
11636	665
11637	673
11638	679
11639	666
11640	634
11641	566
11642	595
11643	557
11644	544
11645	505
11646	540
11647	539
11648	631
11649	676
11650	579
11651	490
11652	532
11653	609
11654	516
11655	563
11656	619
11657	498
11658	580
11659	797
11660	685
11661	642
11662	531
11663	543
11664	521
11665	480
11666	508
11667	489
11668	548
11669	488
11670	624
11671	489
11672	481
11673	545
11674	469
11675	465
11676	486
11677	455
11678	561
11679	546
11680	508
11681	499
11682	532
11683	589
11684	584
11685	574
11686	470
11687	425
11688	463
11689	603
11690	562
11691	627
11692	537
11693	560
11694	572
11695	668
11696	570
11697	576
11698	570
11699	545
11700	557
11701	524
11702	517
11703	654
11704	415
11705	488
11706	474
11707	528
11708	636
11709	641
11710	559
11711	617
11712	527
11713	571
11714	527
11715	504
11716	532
11717	507
11718	531
11719	540
11720	541
11721	604
11722	530
11723	561
11724	530
11725	506
11726	622
11727	520
11728	533
11729	566
11730	455
11731	592
11732	670
11733	603
11734	810
11735	689
11736	588
11737	544
11738	682
11739	532
11740	613
11741	694
11742	667
11743	720
11744	525
11745	576
11746	531
11747	529
11748	573
11749	490
11750	453
11751	512
11752	493
11753	568
11754	633
11755	587
11756	551
11757	648
11758	614
11759	600
11760	602
11761	647
11762	686
11763	568
11764	617
11765	564
11766	490
11767	493
11768	566
11769	604
11770	657
11771	582
11772	543
11773	517
11774	628
11775	697
11776	518
11777	606
11778	664
11779	745
11780	602
11781	557
11782	662
11783	624
11784	602
11785	665
11786	711
11787	545
11788	614
11789	564
11790	763
11791	663
11792	723
11793	614
11794	588
11795	577
11796	644
11797	608
11798	595
11799	612
11800	726
11801	530
11802	791
11803	543
11804	676
11805	578
11806	537
11807	618
11808	597
11809	577
11810	651
11811	600
11812	682
11813	633
11814	640
11815	679
11816	664
11817	711
11818	936
11819	826
11820	599
11821	576
11822	515
11823	666
11824	611
11825	610
11826	522
11827	659
11828	587
11829	581
11830	689
11831	569
11832	594
11833	641
11834	628
11835	613
11836	583
11837	582
11838	594
11839	632
11840	637
11841	676
11842	630
11843	584
11844	603
11845	568
11846	592
11847	580
11848	561
11849	569
11850	645
11851	609
11852	495
11853	580
11854	623
11855	562
11856	519
11857	617
11858	548
11859	657
11860	515
11861	520
11862	537
11863	592
11864	525
11865	593
11866	649
11867	535
11868	560
11869	535
11870	501
11871	564
11872	569
11873	605
11874	621
11875	574
11876	548
11877	509
11878	587
11879	555
11880	561
11881	568
11882	627
11883	570
11884	611
11885	577
11886	720
11887	559
11888	518
11889	536
11890	625
11891	538
11892	590
11893	516
11894	454
11895	636
11896	515
11897	624
11898	516
11899	534
11900	544
11901	528
11902	598
11903	592
11904	484
11905	500
11906	623
11907	518
11908	488
11909	563
11910	592
11911	614
11912	558
11913	515
11914	641
11915	530
11916	469
11917	597
11918	538
11919	555
11920	491
11921	597
11922	476
11923	423
11924	558
11925	498
11926	548
11927	637
11928	612
11929	629
11930	542
11931	530
11932	475
11933	649
11934	634
11935	606
11936	508
11937	625
11938	543
11939	635
11940	612
11941	511
11942	586
11943	493
11944	618
11945	582
11946	635
11947	584
11948	533
11949	515
11950	553
11951	623
11952	576
11953	497
11954	647
11955	523
11956	566
11957	647
11958	623
11959	594
11960	608
11961	592
11962	534
11963	616
11964	680
11965	523
11966	559
11967	610
11968	636
11969	603
11970	573
11971	586
11972	675
11973	688
11974	600
11975	620
11976	619
11977	604
11978	561
11979	566
11980	653
11981	560
11982	603
11983	515
11984	559
11985	556
11986	584
11987	619
11988	540
11989	559
11990	558
11991	510
11992	535
11993	521
11994	572
11995	507
11996	563
11997	560
11998	542
11999	527
12000	462
12001	605
12002	503
12003	505
12004	475
12005	531
12006	545
12007	590
12008	479
12009	454
12010	558
12011	498
12012	492
12013	548
12014	543
12015	564
12016	508
12017	593
12018	543
12019	537
12020	533
12021	616
12022	518
12023	482
12024	581
12025	499
12026	549
12027	622
12028	561
12029	500
12030	476
12031	537
12032	508
12033	483
12034	445
12035	500
12036	407
12037	599
12038	519
12039	457
12040	551
12041	452
12042	516
12043	507
12044	516
12045	602
12046	556
12047	489
12048	412
12049	564
12050	579
12051	619
12052	509
12053	564
12054	503
12055	422
12056	433
12057	578
12058	476
12059	593
12060	529
12061	524
12062	488
12063	474
12064	567
12065	523
12066	483
12067	469
12068	483
12069	571
12070	456
12071	499
12072	509
12073	495
12074	429
12075	464
12076	436
12077	383
12078	484
12079	376
12080	452
12081	478
12082	499
12083	505
12084	486
12085	518
12086	394
12087	492
12088	501
12089	448
12090	457
12091	535
12092	462
12093	496
12094	531
12095	515
12096	502
12097	541
12098	413
12099	487
12100	517
12101	422
12102	515
12103	425
12104	445
12105	511
12106	442
12107	418
12108	432
12109	415
12110	482
12111	434
12112	449
12113	465
12114	498
12115	491
12116	469
12117	450
12118	551
12119	493
12120	449
12121	474
12122	412
12123	491
12124	470
12125	439
12126	531
12127	458
12128	484
12129	483
12130	450
12131	478
12132	426
12133	478
12134	419
12135	618
12136	521
12137	487
12138	460
12139	461
12140	544
12141	461
12142	435
12143	420
12144	492
12145	430
12146	475
12147	565
12148	490
12149	472
12150	598
12151	543
12152	461
12153	533
12154	542
12155	554
12156	411
12157	464
12158	500
12159	444
12160	553
12161	447
12162	501
12163	510
12164	534
12165	537
12166	442
12167	473
12168	498
12169	516
12170	488
12171	635
12172	520
12173	502
12174	542
12175	432
12176	488
12177	458
12178	507
12179	527
12180	504
12181	480
12182	514
12183	491
12184	514
12185	477
12186	490
12187	533
12188	501
12189	553
12190	521
12191	462
12192	426
12193	547
12194	444
12195	481
12196	469
12197	465
12198	468
12199	543
12200	455
12201	537
12202	528
12203	561
12204	534
12205	559
12206	536
12207	433
12208	474
12209	516
12210	420
12211	398
12212	531
12213	477
12214	536
12215	561
12216	456
12217	415
12218	575
12219	490
12220	621
12221	462
12222	499
12223	427
12224	420
12225	600
12226	471
12227	431
12228	467
12229	544
12230	515
12231	445
12232	495
12233	498
12234	477
12235	475
12236	437
12237	456
12238	476
12239	454
12240	543
12241	509
12242	446
12243	489
12244	422
12245	409
12246	483
12247	476
12248	510
12249	503
12250	493
12251	548
12252	506
12253	509
12254	548
12255	474
12256	470
12257	496
12258	494
12259	429
12260	401
12261	462
12262	463
12263	547
12264	487
12265	448
12266	528
12267	549
12268	452
12269	402
12270	517
12271	492
12272	517
12273	551
12274	520
12275	616
12276	526
12277	491
12278	535
12279	460
12280	499
12281	446
12282	513
12283	526
12284	469
12285	495
12286	402
12287	484
12288	586
12289	476
12290	496
12291	525
12292	578
12293	507
12294	538
12295	501
12296	576
12297	442
12298	516
12299	564
12300	561
12301	448
12302	538
12303	555
12304	554
12305	665
12306	411
12307	555
12308	590
12309	607
12310	547
12311	578
12312	455
12313	489
12314	568
12315	551
12316	549
12317	545
12318	604
12319	675
12320	624
12321	622
12322	604
12323	500
12324	584
12325	575
12326	593
12327	531
12328	574
12329	536
12330	458
12331	633
12332	675
12333	648
12334	581
12335	617
12336	503
12337	636
12338	623
12339	573
12340	564
12341	529
12342	519
12343	528
12344	519
12345	557
12346	572
12347	632
12348	591
12349	496
12350	563
12351	591
12352	520
12353	572
12354	504
12355	626
12356	645
12357	591
12358	608
12359	547
12360	590
12361	499
12362	566
12363	443
12364	558
12365	484
12366	617
12367	615
12368	486
12369	559
12370	544
12371	475
12372	573
12373	534
12374	594
12375	487
12376	561
12377	545
12378	536
12379	527
12380	427
12381	445
12382	509
12383	479
12384	495
12385	463
12386	570
12387	438
12388	527
12389	421
12390	468
12391	492
12392	457
12393	460
12394	426
12395	445
12396	435
12397	408
12398	514
12399	406
12400	418
12401	460
12402	488
12403	560
12404	445
12405	516
12406	528
12407	473
12408	477
12409	514
12410	411
12411	477
12412	450
12413	405
12414	559
12415	513
12416	490
12417	522
12418	381
12419	504
12420	547
12421	501
12422	430
12423	432
12424	513
12425	436
12426	473
12427	530
12428	437
12429	434
12430	453
12431	421
12432	493
12433	399
12434	417
12435	432
12436	447
12437	504
12438	399
12439	416
12440	557
12441	526
12442	457
12443	557
12444	405
12445	449
12446	457
12447	477
12448	486
12449	498
12450	469
12451	467
12452	511
12453	471
12454	416
12455	404
12456	450
12457	419
12458	494
12459	440
12460	356
12461	460
12462	416
12463	545
12464	378
12465	479
12466	466
12467	422
12468	457
12469	615
12470	452
12471	433
12472	437
12473	571
12474	498
12475	562
12476	432
12477	475
12478	527
12479	483
12480	451
12481	449
12482	452
12483	456
12484	494
12485	477
12486	426
12487	520
12488	550
12489	486
12490	499
12491	576
12492	502
12493	629
12494	515
12495	406
12496	373
12497	502
12498	454
12499	474
12500	517
12501	605
12502	517
12503	436
12504	379
12505	468
12506	508
12507	485
12508	528
12509	413
12510	461
12511	488
12512	569
12513	436
12514	448
12515	539
12516	435
12517	361
12518	461
12519	473
12520	487
12521	540
12522	474
12523	560
12524	506
12525	506
12526	461
12527	467
12528	448
12529	470
12530	436
12531	473
12532	479
12533	442
12534	491
12535	542
12536	436
12537	416
12538	480
12539	551
12540	423
12541	449
12542	412
12543	417
12544	472
12545	439
12546	408
12547	423
12548	456
12549	493
12550	466
12551	413
12552	543
12553	485
12554	437
12555	336
12556	422
12557	398
12558	495
12559	557
12560	513
12561	480
12562	448
12563	491
12564	489
12565	417
12566	460
12567	507
12568	551
12569	458
12570	413
12571	374
12572	423
12573	429
12574	441
12575	439
12576	515
12577	483
12578	505
12579	436
12580	510
12581	436
12582	422
12583	414
12584	408
12585	468
12586	541
12587	425
12588	467
12589	429
12590	443
12591	513
12592	468
12593	442
12594	437
12595	459
12596	455
12597	455
12598	464
12599	429
12600	467
12601	416
12602	483
12603	423
12604	428
12605	523
12606	420
12607	448
12608	484
12609	508
12610	443
12611	535
12612	450
12613	411
12614	452
12615	478
12616	395
12617	506
12618	505
12619	534
12620	437
12621	475
12622	485
12623	436
12624	421
12625	422
12626	480
12627	523
12628	496
12629	505
12630	460
12631	362
12632	355
12633	504
12634	549
12635	476
12636	447
12637	364
12638	382
12639	503
12640	490
12641	438
12642	461
12643	530
12644	387
12645	421
12646	409
12647	508
12648	437
12649	465
12650	471
12651	448
12652	548
12653	467
12654	532
12655	452
12656	535
12657	563
12658	463
12659	472
12660	475
12661	456
12662	534
12663	429
12664	450
12665	516
12666	510
12667	493
12668	473
12669	424
12670	490
12671	436
12672	510
12673	471
12674	517
12675	552
12676	579
12677	522
12678	520
12679	438
12680	564
12681	526
12682	495
12683	584
12684	464
12685	411
12686	590
12687	454
12688	532
12689	465
12690	484
12691	567
12692	488
12693	513
12694	553
12695	447
12696	507
12697	546
12698	483
12699	603
12700	468
12701	496
12702	543
12703	584
12704	544
12705	469
12706	500
12707	526
12708	498
12709	484
12710	503
12711	528
12712	491
12713	512
12714	475
12715	472
12716	525
12717	473
12718	416
12719	444
12720	436
12721	422
12722	491
12723	536
12724	414
12725	601
12726	497
12727	503
12728	540
12729	395
12730	553
12731	435
12732	522
12733	489
12734	552
12735	558
12736	450
12737	479
12738	495
12739	406
12740	491
12741	681
12742	553
12743	603
12744	496
12745	552
12746	497
12747	488
12748	546
12749	594
12750	578
12751	655
12752	565
12753	446
12754	495
12755	437
12756	408
12757	551
12758	462
12759	432
12760	427
12761	447
12762	344
12763	498
12764	564
12765	437
12766	555
12767	462
12768	541
12769	646
12770	513
12771	535
12772	595
12773	531
12774	582
12775	468
12776	606
12777	570
12778	601
12779	573
12780	454
12781	455
12782	445
12783	465
12784	479
12785	438
12786	508
12787	440
12788	470
12789	489
12790	562
12791	566
12792	468
12793	532
12794	470
12795	505
12796	392
12797	452
12798	472
12799	515
12800	511
12801	488
12802	571
12803	495
12804	492
12805	480
12806	541
12807	547
12808	552
12809	552
12810	584
12811	451
12812	558
12813	540
12814	425
12815	518
12816	521
12817	507
12818	525
12819	420
12820	493
12821	450
12822	555
12823	450
12824	430
12825	533
12826	510
12827	645
12828	562
12829	613
12830	545
12831	483
12832	582
12833	584
12834	495
12835	455
12836	578
12837	514
12838	579
12839	460
12840	574
12841	507
12842	511
12843	554
12844	607
12845	690
12846	659
12847	538
12848	489
12849	624
12850	528
12851	557
12852	561
12853	542
12854	485
12855	537
12856	530
12857	566
12858	457
12859	501
12860	524
12861	524
12862	452
12863	530
12864	492
12865	565
12866	625
12867	414
12868	499
12869	500
12870	539
12871	509
12872	517
12873	497
12874	553
12875	523
12876	541
12877	565
12878	595
12879	672
12880	481
12881	578
12882	542
12883	522
12884	575
12885	612
12886	699
12887	591
12888	758
12889	506
12890	675
12891	598
12892	554
12893	562
12894	572
12895	414
12896	521
12897	589
12898	517
12899	559
12900	611
12901	533
12902	435
12903	472
12904	476
12905	593
12906	474
12907	533
12908	412
12909	445
12910	462
12911	458
12912	511
12913	392
12914	516
12915	432
12916	418
12917	516
12918	509
12919	528
12920	511
12921	472
12922	521
12923	536
12924	405
12925	573
12926	454
12927	561
12928	450
12929	544
12930	542
12931	555
12932	547
12933	537
12934	446
12935	473
12936	512
12937	550
12938	595
12939	489
12940	559
12941	524
12942	507
12943	397
12944	526
12945	534
12946	412
12947	557
12948	512
12949	594
12950	536
12951	500
12952	530
12953	609
12954	547
12955	512
12956	470
12957	480
12958	440
12959	492
12960	543
12961	546
12962	603
12963	624
12964	580
12965	526
12966	544
12967	505
12968	492
12969	496
12970	626
12971	445
12972	516
12973	500
12974	472
12975	537
12976	513
12977	456
12978	523
12979	485
12980	465
12981	562
12982	420
12983	552
12984	538
12985	535
12986	531
12987	447
12988	518
12989	645
12990	631
12991	453
12992	479
12993	633
12994	746
12995	578
12996	529
12997	551
12998	740
12999	622
13000	492
13001	469
13002	608
13003	554
13004	483
13005	488
13006	575
13007	371
13008	571
13009	435
13010	559
13011	557
13012	414
13013	461
13014	500
13015	609
13016	530
13017	465
13018	472
13019	532
13020	458
13021	645
13022	440
13023	495
13024	459
13025	556
13026	475
13027	393
13028	428
13029	506
13030	434
13031	392
13032	438
13033	382
13034	438
13035	500
13036	490
13037	433
13038	400
13039	574
13040	513
13041	405
13042	435
13043	503
13044	501
13045	416
13046	516
13047	496
13048	519
13049	411
13050	482
13051	461
13052	455
13053	515
13054	563
13055	494
13056	428
13057	429
13058	454
13059	436
13060	499
13061	446
13062	388
13063	459
13064	428
13065	488
13066	460
13067	442
13068	437
13069	394
13070	335
13071	432
13072	426
13073	490
13074	435
13075	467
13076	413
13077	445
13078	473
13079	420
13080	417
13081	452
13082	439
13083	479
13084	498
13085	370
13086	384
13087	458
13088	481
13089	433
13090	433
13091	471
13092	426
13093	437
13094	411
13095	395
13096	403
13097	361
13098	426
13099	453
13100	371
13101	435
13102	399
13103	401
13104	396
13105	474
13106	402
13107	434
13108	385
13109	492
13110	431
13111	480
13112	439
13113	399
13114	417
13115	428
13116	429
13117	355
13118	528
13119	457
13120	427
13121	358
13122	394
13123	435
13124	393
13125	375
13126	407
13127	456
13128	458
13129	467
13130	477
13131	375
13132	425
13133	452
13134	470
13135	434
13136	431
13137	591
13138	417
13139	421
13140	491
13141	437
13142	474
13143	395
13144	482
13145	440
13146	487
13147	410
13148	463
13149	421
13150	470
13151	448
13152	456
13153	363
13154	453
13155	454
13156	514
13157	469
13158	457
13159	498
13160	414
13161	431
13162	438
13163	497
13164	510
13165	450
13166	490
13167	365
13168	474
13169	523
13170	349
13171	453
13172	426
13173	405
13174	485
13175	402
13176	412
13177	449
13178	414
13179	566
13180	443
13181	451
13182	511
13183	436
13184	524
13185	385
13186	445
13187	502
13188	538
13189	541
13190	395
13191	470
13192	385
13193	601
13194	455
13195	414
13196	467
13197	479
13198	568
13199	554
13200	466
13201	543
13202	406
13203	441
13204	435
13205	469
13206	492
13207	456
13208	473
13209	521
13210	529
13211	494
13212	479
13213	387
13214	436
13215	500
13216	425
13217	358
13218	498
13219	428
13220	491
13221	459
13222	586
13223	498
13224	444
13225	408
13226	381
13227	429
13228	393
13229	413
13230	417
13231	493
13232	373
13233	440
13234	383
13235	459
13236	497
13237	471
13238	430
13239	512
13240	528
13241	386
13242	503
13243	557
13244	391
13245	470
13246	447
13247	515
13248	448
13249	367
13250	390
13251	403
13252	400
13253	480
13254	435
13255	431
13256	418
13257	389
13258	395
13259	403
13260	412
13261	351
13262	366
13263	486
13264	361
13265	456
13266	403
13267	480
13268	494
13269	420
13270	390
13271	408
13272	359
13273	458
13274	411
13275	362
13276	442
13277	354
13278	486
13279	416
13280	444
13281	437
13282	421
13283	458
13284	398
13285	554
13286	398
13287	387
13288	515
13289	490
13290	455
13291	448
13292	430
13293	432
13294	440
13295	412
13296	364
13297	522
13298	465
13299	453
13300	345
13301	468
13302	451
13303	429
13304	483
13305	430
13306	339
13307	467
13308	449
13309	457
13310	491
13311	446
13312	432
13313	387
13314	440
13315	359
13316	537
13317	393
13318	474
13319	404
13320	438
13321	403
13322	435
13323	400
13324	457
13325	402
13326	443
13327	415
13328	528
13329	447
13330	446
13331	348
13332	392
13333	424
13334	372
13335	476
13336	376
13337	441
13338	421
13339	470
13340	495
13341	500
13342	436
13343	481
13344	405
13345	361
13346	425
13347	397
13348	510
13349	475
13350	485
13351	346
13352	308
13353	504
13354	420
13355	456
13356	442
13357	418
13358	339
13359	444
13360	419
13361	413
13362	363
13363	410
13364	446
13365	388
13366	407
13367	419
13368	403
13369	388
13370	428
13371	400
13372	402
13373	476
13374	384
13375	411
13376	402
13377	425
13378	397
13379	391
13380	451
13381	455
13382	432
13383	360
13384	432
13385	548
13386	427
13387	387
13388	528
13389	531
13390	404
13391	425
13392	360
13393	322
13394	476
13395	512
13396	435
13397	415
13398	323
13399	431
13400	430
13401	410
13402	536
13403	424
13404	420
13405	379
13406	491
13407	426
13408	441
13409	418
13410	423
13411	387
13412	446
13413	438
13414	370
13415	326
13416	481
13417	395
13418	400
13419	399
13420	366
13421	373
13422	476
13423	373
13424	347
13425	381
13426	441
13427	405
13428	429
13429	353
13430	317
13431	326
13432	378
13433	373
13434	483
13435	440
13436	409
13437	373
13438	443
13439	434
13440	453
13441	525
13442	337
13443	392
13444	495
13445	457
13446	406
13447	380
13448	449
13449	409
13450	410
13451	321
13452	431
13453	357
13454	482
13455	517
13456	441
13457	379
13458	508
13459	483
13460	431
13461	437
13462	462
13463	456
13464	391
13465	387
13466	378
13467	418
13468	445
13469	356
13470	547
13471	418
13472	463
13473	504
13474	524
13475	453
13476	428
13477	566
13478	426
13479	400
13480	474
13481	468
13482	455
13483	472
13484	475
13485	458
13486	409
13487	510
13488	377
13489	396
13490	471
13491	482
13492	497
13493	469
13494	394
13495	544
13496	502
13497	513
13498	457
13499	489
13500	508
13501	484
13502	520
13503	527
13504	438
13505	458
13506	489
13507	459
13508	524
13509	471
13510	482
13511	449
13512	505
13513	500
13514	497
13515	391
13516	471
13517	481
13518	478
13519	468
13520	484
13521	480
13522	468
13523	503
13524	481
13525	415
13526	563
13527	548
13528	537
13529	505
13530	523
13531	548
13532	530
13533	483
13534	616
13535	474
13536	646
13537	552
13538	555
13539	509
13540	414
13541	548
13542	488
13543	443
13544	527
13545	483
13546	486
13547	515
13548	470
13549	483
13550	575
13551	509
13552	551
13553	531
13554	478
13555	523
13556	576
13557	485
13558	447
13559	608
13560	489
13561	493
13562	482
13563	503
13564	569
13565	489
13566	532
13567	467
13568	552
13569	409
13570	558
13571	460
13572	436
13573	482
13574	466
13575	475
13576	519
13577	512
13578	543
13579	459
13580	439
13581	452
13582	441
13583	447
13584	418
13585	453
13586	526
13587	527
13588	485
13589	600
13590	569
13591	462
13592	461
13593	559
13594	462
13595	464
13596	513
13597	497
13598	451
13599	512
13600	550
13601	504
13602	555
13603	396
13604	421
13605	446
13606	422
13607	433
13608	511
13609	490
13610	613
13611	501
13612	399
13613	507
13614	485
13615	424
13616	444
13617	435
13618	496
13619	505
13620	453
13621	439
13622	596
13623	578
13624	505
13625	525
13626	465
13627	502
13628	565
13629	499
13630	517
13631	386
13632	453
13633	378
13634	523
13635	430
13636	515
13637	391
13638	533
13639	591
13640	447
13641	459
13642	599
13643	486
13644	534
13645	522
13646	510
13647	488
13648	473
13649	566
13650	397
13651	403
13652	422
13653	363
13654	546
13655	372
13656	546
13657	314
13658	422
13659	481
13660	451
13661	433
13662	452
13663	428
13664	464
13665	482
13666	419
13667	513
13668	447
13669	418
13670	469
13671	490
13672	467
13673	415
13674	465
13675	478
13676	418
13677	460
13678	411
13679	423
13680	428
13681	394
13682	400
13683	510
13684	392
13685	446
13686	461
13687	432
13688	416
13689	400
13690	398
13691	418
13692	268
13693	442
13694	372
13695	480
13696	453
13697	404
13698	522
13699	472
13700	490
13701	519
13702	513
13703	484
13704	399
13705	438
13706	379
13707	412
13708	366
13709	340
13710	408
13711	459
13712	351
13713	379
13714	351
13715	464
13716	359
13717	336
13718	431
13719	435
13720	428
13721	416
13722	560
13723	437
13724	426
13725	488
13726	447
13727	455
13728	447
13729	396
13730	384
13731	346
13732	514
13733	349
13734	449
13735	427
13736	434
13737	397
13738	392
13739	378
13740	379
13741	399
13742	422
13743	450
13744	452
13745	431
13746	390
13747	383
13748	430
13749	350
13750	448
13751	399
13752	443
13753	335
13754	465
13755	337
13756	458
13757	376
13758	435
13759	406
13760	384
13761	401
13762	416
13763	468
13764	343
13765	327
13766	418
13767	375
13768	342
13769	319
13770	435
13771	462
13772	344
13773	327
13774	431
13775	409
13776	352
13777	425
13778	436
13779	460
13780	393
13781	371
13782	340
13783	369
13784	389
13785	365
13786	330
13787	383
13788	364
13789	337
13790	305
13791	369
13792	431
13793	314
13794	369
13795	402
13796	402
13797	467
13798	333
13799	438
13800	332
13801	421
13802	330
13803	379
13804	379
13805	301
13806	357
13807	286
13808	328
13809	280
13810	326
13811	377
13812	363
13813	411
13814	324
13815	372
13816	268
13817	393
13818	310
13819	382
13820	316
13821	345
13822	320
13823	313
13824	365
13825	387
13826	385
13827	300
13828	357
13829	402
13830	396
13831	277
13832	355
13833	364
13834	320
13835	375
13836	313
13837	340
13838	327
13839	269
13840	298
13841	325
13842	333
13843	348
13844	267
13845	317
13846	293
13847	412
13848	331
13849	296
13850	339
13851	333
13852	380
13853	361
13854	282
13855	310
13856	344
13857	340
13858	370
13859	296
13860	367
13861	418
13862	391
13863	321
13864	355
13865	359
13866	357
13867	382
13868	395
13869	403
13870	382
13871	441
13872	427
13873	415
13874	321
13875	424
13876	404
13877	366
13878	365
13879	349
13880	469
13881	414
13882	438
13883	355
13884	430
13885	409
13886	435
13887	408
13888	357
13889	507
13890	430
13891	353
13892	367
13893	429
13894	455
13895	361
13896	311
13897	400
13898	399
13899	454
13900	351
13901	409
13902	421
13903	450
13904	363
13905	382
13906	392
13907	315
13908	430
13909	403
13910	364
13911	393
13912	365
13913	411
13914	378
13915	373
13916	381
13917	370
13918	399
13919	390
13920	344
13921	382
13922	431
13923	333
13924	349
13925	390
13926	395
13927	402
13928	445
13929	323
13930	365
13931	395
13932	389
13933	365
13934	385
13935	426
13936	348
13937	305
13938	438
13939	355
13940	341
13941	421
13942	346
13943	419
13944	386
13945	385
13946	343
13947	371
13948	354
13949	336
13950	405
13951	382
13952	444
13953	430
13954	407
13955	417
13956	388
13957	358
13958	381
13959	442
13960	402
13961	367
13962	386
13963	333
13964	354
13965	471
13966	338
13967	389
13968	351
13969	455
13970	441
13971	452
13972	421
13973	456
13974	397
13975	414
13976	471
13977	417
13978	457
13979	383
13980	395
13981	445
13982	491
13983	372
13984	384
13985	347
13986	392
13987	392
13988	425
13989	369
13990	410
13991	325
13992	458
13993	473
13994	367
13995	348
13996	397
13997	362
13998	392
13999	404
14000	434
14001	385
14002	345
14003	329
14004	395
14005	384
14006	389
14007	484
14008	431
14009	424
14010	347
14011	377
14012	408
14013	418
14014	389
14015	475
14016	430
14017	381
14018	402
14019	410
14020	345
14021	385
14022	385
14023	373
14024	537
14025	428
14026	429
14027	384
14028	447
14029	406
14030	436
14031	419
14032	418
14033	361
14034	409
14035	365
14036	330
14037	334
14038	437
14039	430
14040	363
14041	456
14042	403
14043	332
14044	371
14045	376
14046	415
14047	378
14048	421
14049	392
14050	376
14051	402
14052	389
14053	347
14054	340
14055	410
14056	385
14057	360
14058	371
14059	359
14060	469
14061	378
14062	396
14063	352
14064	372
14065	391
14066	378
14067	364
14068	420
14069	353
14070	359
14071	323
14072	349
14073	430
14074	468
14075	406
14076	378
14077	379
14078	384
14079	424
14080	365
14081	354
14082	381
14083	466
14084	387
14085	481
14086	395
14087	431
14088	351
14089	383
14090	350
14091	361
14092	361
14093	377
14094	430
14095	341
14096	464
14097	360
14098	387
14099	434
14100	392
14101	378
14102	375
14103	362
14104	390
14105	430
14106	413
14107	406
14108	544
14109	467
14110	489
14111	428
14112	517
14113	467
14114	516
14115	541
14116	476
14117	464
14118	390
14119	499
14120	469
14121	288
14122	398
14123	417
14124	359
14125	440
14126	374
14127	346
14128	392
14129	402
14130	384
14131	409
14132	373
14133	398
14134	371
14135	420
14136	414
14137	350
14138	451
14139	504
14140	405
14141	492
14142	431
14143	497
14144	478
14145	579
14146	464
14147	548
14148	533
14149	511
14150	514
14151	495
14152	444
14153	458
14154	447
14155	372
14156	529
14157	468
14158	423
14159	424
14160	412
14161	498
14162	442
14163	438
14164	379
14165	516
14166	429
14167	435
14168	464
14169	470
14170	603
14171	416
14172	564
14173	378
14174	406
14175	452
14176	380
14177	426
14178	349
14179	385
14180	337
14181	469
14182	368
14183	448
14184	393
14185	392
14186	474
14187	381
14188	435
14189	443
14190	452
14191	424
14192	492
14193	485
14194	444
14195	386
14196	442
14197	475
14198	463
14199	500
14200	400
14201	484
14202	437
14203	431
14204	412
14205	442
14206	479
14207	478
14208	471
14209	458
14210	446
14211	395
14212	394
14213	384
14214	448
14215	418
14216	492
14217	516
14218	436
14219	381
14220	395
14221	388
14222	398
14223	414
14224	342
14225	449
14226	419
14227	501
14228	403
14229	355
14230	431
14231	405
14232	416
14233	426
14234	437
14235	399
14236	492
14237	433
14238	358
14239	458
14240	464
14241	436
14242	473
14243	498
14244	517
14245	495
14246	485
14247	493
14248	396
14249	550
14250	545
14251	431
14252	402
14253	541
14254	442
14255	394
14256	452
14257	429
14258	426
14259	455
14260	410
14261	515
14262	453
14263	445
14264	526
14265	467
14266	567
14267	523
14268	472
14269	492
14270	424
14271	499
14272	507
14273	522
14274	447
14275	524
14276	417
14277	429
14278	581
14279	441
14280	448
14281	461
14282	419
14283	464
14284	472
14285	491
14286	493
14287	452
14288	466
14289	440
14290	405
14291	467
14292	419
14293	449
14294	422
14295	524
14296	421
14297	503
14298	351
14299	425
14300	436
14301	439
14302	481
14303	394
14304	462
14305	383
14306	405
14307	414
14308	419
14309	422
14310	473
14311	404
14312	423
14313	478
14314	427
14315	443
14316	430
14317	446
14318	389
14319	443
14320	397
14321	374
14322	371
14323	362
14324	436
14325	455
14326	395
14327	419
14328	405
14329	514
14330	369
14331	453
14332	417
14333	429
14334	433
14335	416
14336	337
14337	421
14338	256
14339	365
14340	399
14341	387
14342	335
14343	387
14344	459
14345	413
14346	390
14347	401
14348	469
14349	331
14350	295
14351	399
14352	319
14353	444
14354	405
14355	426
14356	370
14357	393
14358	400
14359	401
14360	403
14361	395
14362	373
14363	352
14364	420
14365	388
14366	298
14367	406
14368	361
14369	354
14370	448
14371	331
14372	400
14373	360
14374	304
14375	325
14376	366
14377	295
14378	290
14379	359
14380	412
14381	325
14382	358
14383	397
14384	369
14385	363
14386	309
14387	360
14388	422
14389	301
14390	331
14391	282
14392	369
14393	322
14394	304
14395	360
14396	375
14397	367
14398	267
14399	284
14400	296
14401	396
14402	374
14403	405
14404	306
14405	345
14406	384
14407	313
14408	410
14409	354
14410	368
14411	320
14412	371
14413	277
14414	341
14415	353
14416	300
14417	326
14418	375
14419	283
14420	291
14421	245
14422	356
14423	302
14424	306
14425	334
14426	333
14427	374
14428	452
14429	364
14430	471
14431	323
14432	291
14433	328
14434	310
14435	326
14436	322
14437	335
14438	271
14439	421
14440	353
14441	348
14442	304
14443	313
14444	403
14445	376
14446	294
14447	262
14448	339
14449	336
14450	280
14451	278
14452	338
14453	279
14454	340
14455	315
14456	288
14457	307
14458	367
14459	303
14460	315
14461	390
14462	294
14463	298
14464	365
14465	359
14466	367
14467	305
14468	288
14469	307
14470	392
14471	297
14472	316
14473	379
14474	292
14475	336
14476	328
14477	353
14478	316
14479	356
14480	369
14481	352
14482	288
14483	378
14484	303
14485	359
14486	404
14487	321
14488	309
14489	310
14490	272
14491	337
14492	312
14493	376
14494	388
14495	304
14496	276
14497	334
14498	374
14499	327
14500	338
14501	369
14502	278
14503	330
14504	324
14505	384
14506	260
14507	337
14508	321
14509	440
14510	295
14511	285
14512	373
14513	263
14514	363
14515	357
14516	329
14517	311
14518	354
14519	382
14520	373
14521	354
14522	286
14523	322
14524	292
14525	376
14526	330
14527	312
14528	390
14529	321
14530	356
14531	306
14532	317
14533	300
14534	424
14535	315
14536	301
14537	294
14538	335
14539	332
14540	332
14541	366
14542	388
14543	360
14544	281
14545	271
14546	329
14547	376
14548	298
14549	364
14550	338
14551	306
14552	286
14553	304
14554	305
14555	239
14556	239
14557	289
14558	254
14559	260
14560	333
14561	322
14562	307
14563	282
14564	337
14565	310
14566	276
14567	264
14568	321
14569	347
14570	254
14571	320
14572	303
14573	296
14574	299
14575	308
14576	333
14577	275
14578	345
14579	335
14580	376
14581	348
14582	327
14583	340
14584	280
14585	306
14586	340
14587	386
14588	303
14589	258
14590	297
14591	291
14592	329
14593	310
14594	303
14595	325
14596	379
14597	306
14598	233
14599	366
14600	344
14601	350
14602	310
14603	361
14604	312
14605	309
14606	391
14607	365
14608	251
14609	379
14610	394
14611	256
14612	311
14613	323
14614	311
14615	361
14616	366
14617	268
14618	288
14619	314
14620	294
14621	303
14622	328
14623	290
14624	302
14625	340
14626	379
14627	331
14628	346
14629	265
14630	341
14631	363
14632	347
14633	319
14634	320
14635	288
14636	343
14637	365
14638	372
14639	421
14640	339
14641	364
14642	381
14643	439
14644	491
14645	482
14646	336
14647	379
14648	378
14649	380
14650	425
14651	265
14652	429
14653	310
14654	359
14655	358
14656	366
14657	243
14658	309
14659	317
14660	303
14661	280
14662	261
14663	271
14664	333
14665	295
14666	355
14667	351
14668	315
14669	321
14670	318
14671	337
14672	265
14673	306
14674	305
14675	322
14676	368
14677	373
14678	280
14679	317
14680	349
14681	314
14682	302
14683	381
14684	261
14685	302
14686	361
14687	353
14688	308
14689	305
14690	297
14691	306
14692	307
14693	345
14694	365
14695	285
14696	343
14697	333
14698	333
14699	375
14700	340
14701	295
14702	290
14703	361
14704	333
14705	337
14706	304
14707	344
14708	313
14709	418
14710	330
14711	326
14712	272
14713	263
14714	384

