## htsjdk.samtools.metrics.StringHeader
# CollectInsertSizeMetrics HISTOGRAM_FILE=/work/ugbogu/pipeline/data/nbl/GSE189367/results/picard/SRR17011027_insert_size_histogram.pdf MINIMUM_PCT=0.5 INPUT=/work/ugbogu/pipeline/data/nbl/GSE189367/results/star/SRR17011027.Aligned.sortedByCoord.out.bam OUTPUT=/work/ugbogu/pipeline/data/nbl/GSE189367/results/picard/SRR17011027_insert_size_metrics.txt    DEVIATIONS=10.0 METRIC_ACCUMULATION_LEVEL=[ALL_READS] INCLUDE_DUPLICATES=false ASSUME_SORTED=true STOP_AFTER=0 VERBOSITY=INFO QUIET=false VALIDATION_STRINGENCY=STRICT COMPRESSION_LEVEL=5 MAX_RECORDS_IN_RAM=500000 CREATE_INDEX=false CREATE_MD5_FILE=false USE_JDK_DEFLATER=false USE_JDK_INFLATER=false
## htsjdk.samtools.metrics.StringHeader
# Started on: Thu Apr 16 01:31:42 UTC 2026

## METRICS CLASS	picard.analysis.InsertSizeMetrics
MEDIAN_INSERT_SIZE	MODE_INSERT_SIZE	MEDIAN_ABSOLUTE_DEVIATION	MIN_INSERT_SIZE	MAX_INSERT_SIZE	MEAN_INSERT_SIZE	STANDARD_DEVIATION	READ_PAIRS	PAIR_ORIENTATION	WIDTH_OF_10_PERCENT	WIDTH_OF_20_PERCENT	WIDTH_OF_30_PERCENT	WIDTH_OF_40_PERCENT	WIDTH_OF_50_PERCENT	WIDTH_OF_60_PERCENT	WIDTH_OF_70_PERCENT	WIDTH_OF_80_PERCENT	WIDTH_OF_90_PERCENT	WIDTH_OF_95_PERCENT	WIDTH_OF_99_PERCENT	SAMPLE	LIBRARY	READ_GROUP
1195	77797	1029	26	3120257	1898.812775	2409.312227	39498692	FR	657	1275	1733	1939	2059	2155	4253	9647	33323	153137	153225			

## HISTOGRAM	java.lang.Integer
insert_size	All_Reads.fr_count
26	1
27	1
28	6
29	3
30	1
31	4
32	7
33	12
34	28
35	308
36	295
37	307
38	375
39	348
40	373
41	455
42	352
43	446
44	352
45	452
46	435
47	427
48	499
49	464
50	520
51	451
52	506
53	532
54	514
55	608
56	626
57	679
58	788
59	755
60	780
61	832
62	938
63	1049
64	1112
65	1241
66	1292
67	1497
68	1587
69	1589
70	1852
71	2024
72	2062
73	2605
74	2600
75	4552
76	2994
77	3351
78	3525
79	3721
80	3967
81	4525
82	4815
83	5501
84	5878
85	6590
86	7580
87	8086
88	8752
89	9397
90	10335
91	11274
92	12379
93	15104
94	15092
95	16721
96	19844
97	20424
98	21825
99	22567
100	23452
101	24760
102	26530
103	29444
104	32082
105	34636
106	35207
107	38021
108	39746
109	41433
110	43546
111	43770
112	46187
113	48678
114	49126
115	52941
116	57520
117	59424
118	72482
119	60529
120	71678
121	79835
122	69318
123	75324
124	72677
125	68647
126	68884
127	72641
128	72628
129	75255
130	76476
131	78238
132	76668
133	79258
134	79339
135	79162
136	80194
137	81397
138	80942
139	82660
140	83064
141	83066
142	82523
143	81947
144	82316
145	83479
146	80923
147	81620
148	83310
149	82679
150	81700
151	83358
152	82676
153	83428
154	83614
155	82235
156	82145
157	83329
158	81354
159	81532
160	80899
161	81071
162	81687
163	84816
164	78401
165	76780
166	78550
167	79220
168	77031
169	77660
170	76679
171	74432
172	75309
173	75672
174	74345
175	74449
176	72839
177	71595
178	71944
179	70916
180	70306
181	70027
182	70789
183	69512
184	68218
185	69125
186	66857
187	66827
188	66273
189	64206
190	64323
191	65080
192	65210
193	66707
194	61754
195	62385
196	62098
197	60737
198	58555
199	58550
200	59224
201	57744
202	58193
203	57425
204	56707
205	55549
206	55136
207	54807
208	54698
209	53228
210	52541
211	52915
212	53909
213	52359
214	51651
215	51596
216	50512
217	50129
218	49777
219	49997
220	50327
221	50905
222	49137
223	49199
224	48739
225	48404
226	48966
227	48080
228	47008
229	47191
230	47149
231	46407
232	46258
233	45150
234	44729
235	44649
236	44635
237	43105
238	42894
239	43237
240	42511
241	42492
242	42377
243	41836
244	41963
245	40997
246	40832
247	40428
248	40816
249	39624
250	39942
251	40185
252	39429
253	39492
254	39025
255	38475
256	38057
257	38087
258	38189
259	37990
260	37380
261	36969
262	37872
263	37254
264	36051
265	36524
266	35838
267	35524
268	35962
269	35184
270	36209
271	34732
272	34745
273	34715
274	34537
275	33768
276	33975
277	32973
278	33614
279	32596
280	32052
281	32577
282	32774
283	32172
284	32039
285	31525
286	31693
287	31024
288	30618
289	30378
290	29831
291	29843
292	30297
293	29517
294	30527
295	29622
296	29382
297	28212
298	28134
299	28439
300	27946
301	27889
302	28499
303	27091
304	27671
305	27343
306	26609
307	26491
308	26719
309	26410
310	26083
311	26045
312	25836
313	25600
314	26126
315	25136
316	25657
317	25018
318	24279
319	24058
320	24646
321	24958
322	24326
323	24545
324	23933
325	23976
326	23604
327	23390
328	23359
329	23313
330	23035
331	23158
332	23019
333	22332
334	22203
335	22316
336	22143
337	22209
338	21794
339	21512
340	21648
341	21960
342	21354
343	20861
344	20808
345	20704
346	21006
347	20892
348	20554
349	20137
350	20061
351	19877
352	20068
353	19548
354	19971
355	20153
356	19993
357	20055
358	19137
359	19460
360	19286
361	18950
362	19529
363	18795
364	18573
365	18176
366	19592
367	18573
368	18622
369	17947
370	18144
371	17356
372	17294
373	17552
374	17268
375	17510
376	17156
377	16556
378	16709
379	16789
380	17065
381	16580
382	16246
383	16054
384	16536
385	16261
386	16554
387	16737
388	16000
389	15832
390	15608
391	16050
392	15870
393	15453
394	15181
395	14744
396	15280
397	15010
398	14853
399	14932
400	14918
401	14862
402	14483
403	14315
404	14370
405	14029
406	13714
407	14224
408	14076
409	13753
410	13947
411	13709
412	13729
413	13740
414	13861
415	13242
416	12833
417	13535
418	13391
419	13010
420	12895
421	12904
422	12852
423	12961
424	13003
425	12681
426	12740
427	12557
428	12519
429	12448
430	12252
431	12009
432	12161
433	12435
434	12246
435	12198
436	12144
437	12229
438	12189
439	12087
440	12097
441	11924
442	12093
443	11575
444	11891
445	11561
446	11718
447	11855
448	11628
449	11867
450	11638
451	11648
452	12004
453	11658
454	12293
455	11491
456	10938
457	10970
458	10901
459	11046
460	11013
461	10934
462	10905
463	10663
464	11042
465	10742
466	10517
467	10786
468	10390
469	10160
470	10434
471	10222
472	10474
473	10278
474	10455
475	10513
476	10003
477	10148
478	10097
479	10067
480	9948
481	9942
482	10237
483	9656
484	9812
485	10169
486	10001
487	10020
488	9772
489	9934
490	9629
491	9971
492	9885
493	9806
494	9798
495	9354
496	9555
497	9503
498	9859
499	10263
500	9798
501	9670
502	9406
503	9860
504	9452
505	9732
506	9398
507	9797
508	9697
509	9889
510	9343
511	9541
512	9528
513	9487
514	9286
515	9360
516	9082
517	9307
518	9485
519	9404
520	9357
521	9249
522	9353
523	9448
524	9323
525	9030
526	9265
527	9265
528	9194
529	9161
530	9463
531	9512
532	9268
533	9620
534	9998
535	10326
536	10086
537	9529
538	9233
539	9665
540	9868
541	9216
542	9322
543	9083
544	9027
545	9157
546	8882
547	9076
548	9172
549	8713
550	8758
551	8767
552	8889
553	8880
554	8795
555	8872
556	8601
557	8987
558	8858
559	8560
560	8769
561	8528
562	8860
563	8826
564	8852
565	8800
566	9067
567	8686
568	8568
569	8674
570	8735
571	8784
572	8853
573	8746
574	8517
575	8569
576	8662
577	8866
578	8709
579	8811
580	8779
581	8766
582	8662
583	8781
584	8502
585	8759
586	8902
587	9010
588	8747
589	8751
590	8627
591	8685
592	8637
593	8600
594	8682
595	8575
596	8647
597	8750
598	8783
599	8806
600	8761
601	8609
602	8487
603	8458
604	8485
605	8456
606	8354
607	8253
608	8594
609	8454
610	8172
611	8273
612	8424
613	8517
614	8605
615	8406
616	8417
617	8252
618	8308
619	8292
620	8466
621	8388
622	8173
623	8417
624	8432
625	8451
626	8115
627	8213
628	8193
629	8183
630	8351
631	8538
632	8436
633	8675
634	8560
635	8545
636	8395
637	8532
638	8430
639	8762
640	8250
641	8426
642	8340
643	8369
644	8663
645	8518
646	8695
647	8666
648	8519
649	9296
650	8391
651	8630
652	8508
653	8821
654	9063
655	8770
656	8983
657	8695
658	8820
659	9232
660	8847
661	9263
662	8908
663	9063
664	9640
665	8982
666	8833
667	8993
668	9171
669	9257
670	8994
671	8794
672	8464
673	8641
674	8429
675	8439
676	8647
677	8758
678	8703
679	8899
680	8702
681	8604
682	8834
683	8647
684	8846
685	9002
686	8554
687	8495
688	8753
689	8899
690	8650
691	8533
692	8419
693	8677
694	8507
695	8513
696	8475
697	8406
698	8678
699	8396
700	8724
701	8672
702	8762
703	8838
704	8687
705	9788
706	8756
707	8453
708	8812
709	8475
710	8514
711	9497
712	9513
713	8515
714	8392
715	8377
716	7862
717	8299
718	8329
719	8079
720	7937
721	8180
722	8119
723	8441
724	8261
725	7993
726	8067
727	7997
728	8320
729	8220
730	8245
731	8153
732	7797
733	8203
734	8413
735	8108
736	8052
737	7941
738	7881
739	8046
740	7688
741	7647
742	8253
743	7966
744	7852
745	7948
746	7702
747	7677
748	7712
749	7917
750	8052
751	7840
752	7882
753	7969
754	7785
755	7967
756	7745
757	8198
758	7774
759	8140
760	7882
761	7905
762	7981
763	8002
764	8075
765	7892
766	8059
767	8093
768	8023
769	7722
770	8026
771	8134
772	7791
773	8112
774	7684
775	7667
776	7689
777	7836
778	7896
779	7969
780	8390
781	7711
782	7879
783	7857
784	8016
785	8088
786	8205
787	8159
788	7813
789	7453
790	7453
791	7791
792	7480
793	7734
794	8334
795	8001
796	7893
797	7780
798	7698
799	7570
800	7328
801	7552
802	7682
803	7546
804	7775
805	7839
806	7694
807	7502
808	7780
809	7473
810	7523
811	7702
812	7475
813	7602
814	7608
815	7460
816	7447
817	7411
818	7224
819	7384
820	7336
821	7384
822	7137
823	7494
824	7320
825	7317
826	7141
827	7343
828	7335
829	7028
830	7323
831	7270
832	7401
833	7442
834	7681
835	7697
836	7538
837	8030
838	7103
839	7290
840	7254
841	7225
842	7304
843	7527
844	7622
845	7350
846	7263
847	7277
848	7238
849	7076
850	6964
851	6891
852	7553
853	7210
854	7289
855	7324
856	6757
857	7198
858	6891
859	7417
860	7324
861	7051
862	6972
863	7290
864	7336
865	6922
866	7211
867	6902
868	7239
869	7049
870	7477
871	7308
872	7073
873	7162
874	6989
875	6983
876	7435
877	6740
878	6918
879	6827
880	7340
881	6862
882	6966
883	6991
884	6898
885	6887
886	6771
887	6989
888	6694
889	6697
890	7022
891	6640
892	6842
893	6596
894	6770
895	6664
896	6598
897	6694
898	6696
899	6374
900	6573
901	6628
902	6555
903	6622
904	6251
905	6401
906	6574
907	6456
908	6851
909	6498
910	6721
911	6621
912	6533
913	6817
914	6595
915	6519
916	6600
917	6441
918	6750
919	6760
920	6571
921	6671
922	6682
923	6692
924	6782
925	6650
926	6494
927	6407
928	6758
929	6721
930	6807
931	6546
932	6872
933	6643
934	6907
935	6875
936	6794
937	6574
938	6550
939	6738
940	6784
941	6653
942	6599
943	6599
944	6461
945	6647
946	6803
947	6650
948	6897
949	6588
950	6756
951	6761
952	6438
953	6580
954	6575
955	6724
956	6664
957	6673
958	6622
959	6687
960	7004
961	6774
962	7009
963	6945
964	6835
965	6859
966	6940
967	6751
968	6485
969	6904
970	7052
971	7197
972	7268
973	7110
974	6936
975	6896
976	6925
977	6889
978	6732
979	6693
980	7098
981	6791
982	7094
983	6857
984	6904
985	6809
986	7027
987	7210
988	7153
989	7268
990	7060
991	7061
992	7026
993	7449
994	7435
995	6879
996	6613
997	7019
998	7273
999	7036
1000	6853
1001	6605
1002	7112
1003	7450
1004	7295
1005	7242
1006	6796
1007	6842
1008	6690
1009	7156
1010	6779
1011	6689
1012	6959
1013	6861
1014	7484
1015	6859
1016	6665
1017	7061
1018	7019
1019	6922
1020	6976
1021	6817
1022	6758
1023	6702
1024	7331
1025	6772
1026	6929
1027	7068
1028	6575
1029	6540
1030	6894
1031	6687
1032	6930
1033	7015
1034	6961
1035	6712
1036	6683
1037	6811
1038	6754
1039	6483
1040	6431
1041	6379
1042	6750
1043	6665
1044	6442
1045	6719
1046	6849
1047	7138
1048	7271
1049	6745
1050	6788
1051	6564
1052	6922
1053	6843
1054	6578
1055	6445
1056	6493
1057	6693
1058	6553
1059	6571
1060	6358
1061	6327
1062	6394
1063	6918
1064	6245
1065	6311
1066	6375
1067	6488
1068	6990
1069	6292
1070	6613
1071	6870
1072	6093
1073	6561
1074	6499
1075	6463
1076	6572
1077	6422
1078	6924
1079	6161
1080	6117
1081	6109
1082	6218
1083	6419
1084	6656
1085	6170
1086	6606
1087	6301
1088	6112
1089	6483
1090	6197
1091	6090
1092	6108
1093	6621
1094	6987
1095	6530
1096	6301
1097	6288
1098	6082
1099	6146
1100	6064
1101	5881
1102	6043
1103	5801
1104	5876
1105	5978
1106	6232
1107	5930
1108	6023
1109	6490
1110	6366
1111	6060
1112	5790
1113	5996
1114	5813
1115	6121
1116	5969
1117	5820
1118	6113
1119	6058
1120	6372
1121	6854
1122	6483
1123	6157
1124	6515
1125	6269
1126	6764
1127	6303
1128	5857
1129	6235
1130	5817
1131	5996
1132	5678
1133	5869
1134	6300
1135	5876
1136	6252
1137	5637
1138	5729
1139	5775
1140	5650
1141	6008
1142	5962
1143	5723
1144	5778
1145	5967
1146	6128
1147	5711
1148	5880
1149	5953
1150	6106
1151	6145
1152	5825
1153	5775
1154	5909
1155	5888
1156	6291
1157	6413
1158	6158
1159	5897
1160	5929
1161	6349
1162	6119
1163	5992
1164	5913
1165	6121
1166	5926
1167	5953
1168	6063
1169	6156
1170	5807
1171	6093
1172	5811
1173	6203
1174	5892
1175	5976
1176	5935
1177	5841
1178	6110
1179	5873
1180	6058
1181	5858
1182	5623
1183	5879
1184	5673
1185	5794
1186	5890
1187	5680
1188	5748
1189	5841
1190	6207
1191	5993
1192	5798
1193	5696
1194	5756
1195	5776
1196	6012
1197	6182
1198	5957
1199	5925
1200	5840
1201	5725
1202	5899
1203	5977
1204	5832
1205	5964
1206	5732
1207	5697
1208	5861
1209	5655
1210	5880
1211	6090
1212	6048
1213	5501
1214	5551
1215	6069
1216	5981
1217	5734
1218	5846
1219	5993
1220	6056
1221	6405
1222	6450
1223	5964
1224	6440
1225	6140
1226	6320
1227	6425
1228	6483
1229	6584
1230	6303
1231	6502
1232	6355
1233	6603
1234	6430
1235	6604
1236	6834
1237	6647
1238	6299
1239	6639
1240	6407
1241	6378
1242	6414
1243	6585
1244	6225
1245	6239
1246	7108
1247	7199
1248	6451
1249	6607
1250	6736
1251	7510
1252	6966
1253	6997
1254	7093
1255	6943
1256	6766
1257	7624
1258	7210
1259	6606
1260	6991
1261	7200
1262	7700
1263	7470
1264	7835
1265	6717
1266	6934
1267	7389
1268	6713
1269	7190
1270	6686
1271	7168
1272	7098
1273	6352
1274	6354
1275	6475
1276	6654
1277	6457
1278	6502
1279	6849
1280	6406
1281	6013
1282	6239
1283	6439
1284	6035
1285	6442
1286	6604
1287	6187
1288	6264
1289	6305
1290	6831
1291	6449
1292	6086
1293	6401
1294	6556
1295	6136
1296	6093
1297	5814
1298	5993
1299	5835
1300	5725
1301	6022
1302	5735
1303	5819
1304	5808
1305	6167
1306	5690
1307	5996
1308	6302
1309	6056
1310	6323
1311	6207
1312	5960
1313	5918
1314	6165
1315	6133
1316	6000
1317	5952
1318	6106
1319	5921
1320	5705
1321	6215
1322	6329
1323	6026
1324	7004
1325	6749
1326	7026
1327	5531
1328	5385
1329	5705
1330	5291
1331	6366
1332	5992
1333	5652
1334	5908
1335	5797
1336	5654
1337	5587
1338	5269
1339	5362
1340	5348
1341	6015
1342	6224
1343	5620
1344	5219
1345	5142
1346	5066
1347	5066
1348	5186
1349	5265
1350	5146
1351	5356
1352	5205
1353	5211
1354	5165
1355	4948
1356	5042
1357	5204
1358	5036
1359	5242
1360	4926
1361	5011
1362	4787
1363	5007
1364	5237
1365	4964
1366	5052
1367	4931
1368	4938
1369	5050
1370	5303
1371	5165
1372	4969
1373	4985
1374	4745
1375	5087
1376	5062
1377	4914
1378	5138
1379	4761
1380	5029
1381	5089
1382	5084
1383	4990
1384	4672
1385	4893
1386	4878
1387	5108
1388	4918
1389	4927
1390	4881
1391	5002
1392	5052
1393	5016
1394	5098
1395	5135
1396	4954
1397	4989
1398	5094
1399	5014
1400	4911
1401	4817
1402	4928
1403	4859
1404	4889
1405	4768
1406	4848
1407	5149
1408	4836
1409	5091
1410	4805
1411	4781
1412	5040
1413	4928
1414	4917
1415	4773
1416	4787
1417	4732
1418	5000
1419	4772
1420	5108
1421	4984
1422	4706
1423	5032
1424	4985
1425	4810
1426	5062
1427	4790
1428	5025
1429	5008
1430	4840
1431	4967
1432	4884
1433	4908
1434	5068
1435	5012
1436	4939
1437	4902
1438	4681
1439	4856
1440	4801
1441	4964
1442	4786
1443	4822
1444	4477
1445	4754
1446	4534
1447	4637
1448	4598
1449	4578
1450	4630
1451	4646
1452	4659
1453	4623
1454	4717
1455	4682
1456	4489
1457	4624
1458	4870
1459	4683
1460	4752
1461	4762
1462	4622
1463	4611
1464	4483
1465	4417
1466	4492
1467	4484
1468	4631
1469	4620
1470	4774
1471	4578
1472	4940
1473	4661
1474	4597
1475	4648
1476	4529
1477	4566
1478	4412
1479	4585
1480	4865
1481	4990
1482	5096
1483	4970
1484	4752
1485	4638
1486	4639
1487	4435
1488	4525
1489	4608
1490	4473
1491	4833
1492	4588
1493	4466
1494	4485
1495	4566
1496	4507
1497	4706
1498	4830
1499	5070
1500	5073
1501	4785
1502	4733
1503	4637
1504	4660
1505	4650
1506	4682
1507	4586
1508	4727
1509	4721
1510	4678
1511	4709
1512	4585
1513	4969
1514	4859
1515	4756
1516	4637
1517	4770
1518	4741
1519	4891
1520	4852
1521	4907
1522	4770
1523	4987
1524	5143
1525	5188
1526	5150
1527	4724
1528	4843
1529	4662
1530	4965
1531	5002
1532	4822
1533	5086
1534	5140
1535	5047
1536	4938
1537	5592
1538	5018
1539	4932
1540	4859
1541	4743
1542	4899
1543	4675
1544	4945
1545	4985
1546	5143
1547	5407
1548	5151
1549	5064
1550	5112
1551	5149
1552	5109
1553	5102
1554	5181
1555	4992
1556	4997
1557	5191
1558	5509
1559	5092
1560	5112
1561	5098
1562	5115
1563	5078
1564	5137
1565	5450
1566	5143
1567	5285
1568	5191
1569	5331
1570	5523
1571	5492
1572	5406
1573	5539
1574	5505
1575	5463
1576	5215
1577	5228
1578	5268
1579	5220
1580	5399
1581	5205
1582	5204
1583	5347
1584	5282
1585	5671
1586	5340
1587	5486
1588	5301
1589	5470
1590	5670
1591	5568
1592	5265
1593	5303
1594	5201
1595	5255
1596	5263
1597	5662
1598	5200
1599	5554
1600	5611
1601	5728
1602	5210
1603	5418
1604	5264
1605	5346
1606	5081
1607	4982
1608	4744
1609	4914
1610	5003
1611	4883
1612	4900
1613	5022
1614	5189
1615	4824
1616	4834
1617	4606
1618	4744
1619	4738
1620	4571
1621	4423
1622	4559
1623	4608
1624	4840
1625	4760
1626	4656
1627	4731
1628	4662
1629	4686
1630	4786
1631	4566
1632	4701
1633	4642
1634	4850
1635	4831
1636	4588
1637	4625
1638	4427
1639	4749
1640	4408
1641	4388
1642	4581
1643	4418
1644	4651
1645	4471
1646	4742
1647	4416
1648	4286
1649	4425
1650	4415
1651	4307
1652	4244
1653	4038
1654	4302
1655	4329
1656	4402
1657	4174
1658	4627
1659	4386
1660	4267
1661	4220
1662	4330
1663	4379
1664	4328
1665	4256
1666	4242
1667	4243
1668	4460
1669	4346
1670	4547
1671	4503
1672	4321
1673	4203
1674	4181
1675	4298
1676	4364
1677	4488
1678	4557
1679	4339
1680	4466
1681	4210
1682	4168
1683	4276
1684	4255
1685	4287
1686	4434
1687	4317
1688	4397
1689	4254
1690	4388
1691	4418
1692	4366
1693	4358
1694	4450
1695	4340
1696	4475
1697	4344
1698	4326
1699	4517
1700	4295
1701	4414
1702	4496
1703	4509
1704	4317
1705	4490
1706	4539
1707	4515
1708	4360
1709	4469
1710	4426
1711	4406
1712	4473
1713	4458
1714	4300
1715	4656
1716	4689
1717	4504
1718	4917
1719	4546
1720	4683
1721	4802
1722	4531
1723	4588
1724	4466
1725	4598
1726	4635
1727	4626
1728	4708
1729	4885
1730	4758
1731	4554
1732	4424
1733	4711
1734	4577
1735	4587
1736	4525
1737	4959
1738	4668
1739	4587
1740	4657
1741	4766
1742	4662
1743	4625
1744	4676
1745	4646
1746	4731
1747	4655
1748	4793
1749	4445
1750	4518
1751	4709
1752	4606
1753	4672
1754	4643
1755	4451
1756	4455
1757	4353
1758	4628
1759	5022
1760	4549
1761	4500
1762	4364
1763	4433
1764	4437
1765	4587
1766	4584
1767	4461
1768	4450
1769	4638
1770	4446
1771	4457
1772	4429
1773	4406
1774	4217
1775	4390
1776	4243
1777	4357
1778	4248
1779	4217
1780	4103
1781	4284
1782	4153
1783	4087
1784	4002
1785	4098
1786	4030
1787	4252
1788	4095
1789	4253
1790	4287
1791	4078
1792	4178
1793	4257
1794	4062
1795	3892
1796	4106
1797	4094
1798	4101
1799	3890
1800	4115
1801	3919
1802	3868
1803	4002
1804	4002
1805	3830
1806	3909
1807	3764
1808	3874
1809	3853
1810	3922
1811	3915
1812	3900
1813	4035
1814	3829
1815	3828
1816	3913
1817	3926
1818	3614
1819	3883
1820	3714
1821	3623
1822	3893
1823	3855
1824	3953
1825	3694
1826	3728
1827	3643
1828	3695
1829	3553
1830	3520
1831	3716
1832	3593
1833	3549
1834	3575
1835	3581
1836	3733
1837	3546
1838	3561
1839	3638
1840	3544
1841	3707
1842	3605
1843	3630
1844	3642
1845	3528
1846	3668
1847	3551
1848	3747
1849	3628
1850	3628
1851	3706
1852	3696
1853	3873
1854	3912
1855	3741
1856	3786
1857	3724
1858	3642
1859	3919
1860	3804
1861	3797
1862	3923
1863	3733
1864	3978
1865	3856
1866	3672
1867	3623
1868	3576
1869	3757
1870	3871
1871	3667
1872	3789
1873	3719
1874	3822
1875	3735
1876	4063
1877	3967
1878	3851
1879	4005
1880	3939
1881	3806
1882	4049
1883	3852
1884	3859
1885	4023
1886	3959
1887	4065
1888	4110
1889	3805
1890	4061
1891	3813
1892	3959
1893	3894
1894	4170
1895	4023
1896	4011
1897	4042
1898	3861
1899	4007
1900	4095
1901	3853
1902	3935
1903	4005
1904	4059
1905	3915
1906	3983
1907	3966
1908	4065
1909	3874
1910	3662
1911	3966
1912	3996
1913	4193
1914	4202
1915	4115
1916	4043
1917	4280
1918	4132
1919	4214
1920	4456
1921	4097
1922	4155
1923	4147
1924	4049
1925	3779
1926	4071
1927	4072
1928	4018
1929	4227
1930	4162
1931	4051
1932	3997
1933	4388
1934	4317
1935	4190
1936	3996
1937	4183
1938	4084
1939	4098
1940	4056
1941	4132
1942	3947
1943	3937
1944	4187
1945	4083
1946	3971
1947	4034
1948	3818
1949	4087
1950	4208
1951	4095
1952	4412
1953	3852
1954	3972
1955	3964
1956	3825
1957	3962
1958	3821
1959	3939
1960	3858
1961	4074
1962	3972
1963	4158
1964	3895
1965	3953
1966	4097
1967	3998
1968	3966
1969	3945
1970	3975
1971	3953
1972	4068
1973	4126
1974	4275
1975	4064
1976	3965
1977	3915
1978	3932
1979	4065
1980	3933
1981	4108
1982	4137
1983	4058
1984	4023
1985	4001
1986	4048
1987	3888
1988	4119
1989	4154
1990	4125
1991	4086
1992	4254
1993	4207
1994	4205
1995	4036
1996	4140
1997	4077
1998	4094
1999	4143
2000	4168
2001	4174
2002	4445
2003	4310
2004	4287
2005	4101
2006	4182
2007	4178
2008	4170
2009	4223
2010	4327
2011	3925
2012	4166
2013	4262
2014	4105
2015	4181
2016	4003
2017	4015
2018	4288
2019	4320
2020	4209
2021	4133
2022	3984
2023	4198
2024	4264
2025	4193
2026	4097
2027	4311
2028	4234
2029	4133
2030	4170
2031	4218
2032	4271
2033	3976
2034	4360
2035	4156
2036	4279
2037	4102
2038	4386
2039	4262
2040	4198
2041	4257
2042	4409
2043	4271
2044	4359
2045	4135
2046	4345
2047	4119
2048	4498
2049	4218
2050	4330
2051	4288
2052	4524
2053	4526
2054	4622
2055	4436
2056	4240
2057	4506
2058	4395
2059	4373
2060	4436
2061	4252
2062	4345
2063	4373
2064	4720
2065	4317
2066	4494
2067	4488
2068	4791
2069	4641
2070	4560
2071	4486
2072	4563
2073	4960
2074	4618
2075	4626
2076	4539
2077	4708
2078	4751
2079	5016
2080	4308
2081	4674
2082	4630
2083	4722
2084	4458
2085	4292
2086	4336
2087	4472
2088	4485
2089	5008
2090	4564
2091	4518
2092	4613
2093	4307
2094	4170
2095	4480
2096	4669
2097	4280
2098	4226
2099	4601
2100	4692
2101	4452
2102	4542
2103	4464
2104	4568
2105	4738
2106	4507
2107	4231
2108	4678
2109	4168
2110	4590
2111	4472
2112	4629
2113	4350
2114	4318
2115	4564
2116	4438
2117	4237
2118	4293
2119	4455
2120	4497
2121	4741
2122	4633
2123	4728
2124	4410
2125	4330
2126	4526
2127	5098
2128	4359
2129	4430
2130	4654
2131	4834
2132	4877
2133	4455
2134	4345
2135	4218
2136	4522
2137	4406
2138	4245
2139	4058
2140	4141
2141	4036
2142	4131
2143	3968
2144	4051
2145	4153
2146	3976
2147	3860
2148	4322
2149	3809
2150	3982
2151	3981
2152	4172
2153	4132
2154	3968
2155	3977
2156	3761
2157	4002
2158	4141
2159	4227
2160	3624
2161	3956
2162	3771
2163	3784
2164	3810
2165	3819
2166	3733
2167	4058
2168	3526
2169	3711
2170	3983
2171	4049
2172	3964
2173	3794
2174	3754
2175	3720
2176	4077
2177	3834
2178	3594
2179	3759
2180	4053
2181	3833
2182	3641
2183	3594
2184	3666
2185	3711
2186	3520
2187	3373
2188	3559
2189	3613
2190	3364
2191	3595
2192	3347
2193	3413
2194	3390
2195	3479
2196	3394
2197	3348
2198	3421
2199	3317
2200	3259
2201	3365
2202	3498
2203	3477
2204	3521
2205	3344
2206	3251
2207	3378
2208	3489
2209	3443
2210	3344
2211	3377
2212	3177
2213	3098
2214	3386
2215	3442
2216	3436
2217	3337
2218	3387
2219	3342
2220	3406
2221	3258
2222	3325
2223	3219
2224	3342
2225	3312
2226	3351
2227	3434
2228	3314
2229	3688
2230	3517
2231	3495
2232	3523
2233	3498
2234	3509
2235	3609
2236	3470
2237	3543
2238	3537
2239	3392
2240	3486
2241	3390
2242	3535
2243	3450
2244	3498
2245	3444
2246	3543
2247	3773
2248	3699
2249	3609
2250	3482
2251	3666
2252	3978
2253	3723
2254	4180
2255	3793
2256	3674
2257	4044
2258	3708
2259	4337
2260	3891
2261	3774
2262	3997
2263	3880
2264	3700
2265	3838
2266	3703
2267	3872
2268	3533
2269	4300
2270	3955
2271	3655
2272	3830
2273	3921
2274	4127
2275	3936
2276	3676
2277	3593
2278	3640
2279	3744
2280	3699
2281	3964
2282	4216
2283	4023
2284	4305
2285	3771
2286	3475
2287	3679
2288	3669
2289	3697
2290	3539
2291	3700
2292	3704
2293	3393
2294	3380
2295	3394
2296	3353
2297	3410
2298	3375
2299	3469
2300	3628
2301	3774
2302	3392
2303	3720
2304	3426
2305	3312
2306	3445
2307	3320
2308	3157
2309	3204
2310	3328
2311	3210
2312	3364
2313	3259
2314	3340
2315	3248
2316	3149
2317	3227
2318	3175
2319	3287
2320	3214
2321	3234
2322	3196
2323	3065
2324	3043
2325	3222
2326	3164
2327	3019
2328	3103
2329	3061
2330	3010
2331	2821
2332	3132
2333	3094
2334	3041
2335	3130
2336	3122
2337	3070
2338	2981
2339	3062
2340	3071
2341	2997
2342	3043
2343	3019
2344	2890
2345	3027
2346	3047
2347	3007
2348	3001
2349	2861
2350	2990
2351	2950
2352	2954
2353	3023
2354	2929
2355	3027
2356	3120
2357	2959
2358	2861
2359	3120
2360	2940
2361	2802
2362	2959
2363	2924
2364	2946
2365	2930
2366	2941
2367	2987
2368	2828
2369	2892
2370	2849
2371	2942
2372	2933
2373	2892
2374	2819
2375	2930
2376	3030
2377	2952
2378	2951
2379	3100
2380	2861
2381	3012
2382	3050
2383	2725
2384	2906
2385	2745
2386	2693
2387	2867
2388	2808
2389	2819
2390	2778
2391	2809
2392	2928
2393	2768
2394	2912
2395	2901
2396	2798
2397	2864
2398	3148
2399	3034
2400	2784
2401	2675
2402	2701
2403	2846
2404	3027
2405	2922
2406	2900
2407	2785
2408	2956
2409	2935
2410	2793
2411	2852
2412	2785
2413	2792
2414	2752
2415	2681
2416	2809
2417	2697
2418	2818
2419	2673
2420	2821
2421	2945
2422	2867
2423	2885
2424	2853
2425	2751
2426	2771
2427	2787
2428	2679
2429	2620
2430	2908
2431	2724
2432	2812
2433	2742
2434	2867
2435	2976
2436	2712
2437	2656
2438	2629
2439	2889
2440	2711
2441	2832
2442	2859
2443	2751
2444	3050
2445	2938
2446	2932
2447	2860
2448	2853
2449	2674
2450	2753
2451	2756
2452	2876
2453	2987
2454	2735
2455	2848
2456	2901
2457	2883
2458	2792
2459	2787
2460	2975
2461	2738
2462	2709
2463	2912
2464	2877
2465	3067
2466	3012
2467	2843
2468	3077
2469	3093
2470	2975
2471	2863
2472	2842
2473	2981
2474	2774
2475	2802
2476	3091
2477	2925
2478	3260
2479	2800
2480	2932
2481	2820
2482	3083
2483	3021
2484	2964
2485	3049
2486	2915
2487	2989
2488	3051
2489	3275
2490	3222
2491	3270
2492	2877
2493	2794
2494	2756
2495	2768
2496	2957
2497	2918
2498	3012
2499	2746
2500	2897
2501	3074
2502	2963
2503	2945
2504	2994
2505	2861
2506	2937
2507	2876
2508	2744
2509	2785
2510	3020
2511	2830
2512	3005
2513	2997
2514	3188
2515	2922
2516	3083
2517	2838
2518	2860
2519	2749
2520	3013
2521	2914
2522	2960
2523	2912
2524	2835
2525	2863
2526	2901
2527	2965
2528	2909
2529	2863
2530	2790
2531	3065
2532	3097
2533	2863
2534	2816
2535	2765
2536	2842
2537	2749
2538	2866
2539	2910
2540	2755
2541	2896
2542	2909
2543	2742
2544	2847
2545	2792
2546	2803
2547	2740
2548	2749
2549	2682
2550	2822
2551	2932
2552	2883
2553	2583
2554	2844
2555	2724
2556	2728
2557	2917
2558	2757
2559	2896
2560	2740
2561	2861
2562	2871
2563	2776
2564	2920
2565	2636
2566	2731
2567	2732
2568	3002
2569	2867
2570	2759
2571	2751
2572	2672
2573	2830
2574	2777
2575	2667
2576	2660
2577	2743
2578	2802
2579	2722
2580	2644
2581	2787
2582	2849
2583	2838
2584	2644
2585	2649
2586	2705
2587	2719
2588	2739
2589	2533
2590	2721
2591	2646
2592	2700
2593	2527
2594	2589
2595	2508
2596	2615
2597	2655
2598	2534
2599	2418
2600	2405
2601	2531
2602	2607
2603	2525
2604	2574
2605	2589
2606	2589
2607	2587
2608	2388
2609	2440
2610	2482
2611	2552
2612	2482
2613	2604
2614	2440
2615	2515
2616	2568
2617	2382
2618	2628
2619	2517
2620	2475
2621	2523
2622	2501
2623	2485
2624	2514
2625	2590
2626	2438
2627	2632
2628	2637
2629	2445
2630	2529
2631	2456
2632	2642
2633	2545
2634	2565
2635	2519
2636	2527
2637	2625
2638	2528
2639	2759
2640	2573
2641	2575
2642	2474
2643	2711
2644	2561
2645	2787
2646	2533
2647	2396
2648	2477
2649	2550
2650	2845
2651	2566
2652	3094
2653	2762
2654	2632
2655	2592
2656	2457
2657	2536
2658	2663
2659	2556
2660	2502
2661	2673
2662	2609
2663	2624
2664	2837
2665	2610
2666	2473
2667	2478
2668	2447
2669	2481
2670	2569
2671	2383
2672	2424
2673	2667
2674	2631
2675	2728
2676	2832
2677	2410
2678	2499
2679	2625
2680	2648
2681	2543
2682	2872
2683	2869
2684	2684
2685	2781
2686	2799
2687	2663
2688	2899
2689	2806
2690	2855
2691	2886
2692	2790
2693	2912
2694	2902
2695	2856
2696	2839
2697	2921
2698	2775
2699	3234
2700	3039
2701	3127
2702	3402
2703	2939
2704	3345
2705	3030
2706	2899
2707	3139
2708	2990
2709	3426
2710	3445
2711	3324
2712	3030
2713	3028
2714	3404
2715	3300
2716	3699
2717	3348
2718	3446
2719	3252
2720	3057
2721	3242
2722	3097
2723	3261
2724	3056
2725	2798
2726	2714
2727	2988
2728	2970
2729	2971
2730	3097
2731	2949
2732	3108
2733	3164
2734	2900
2735	3189
2736	3083
2737	2673
2738	2858
2739	2872
2740	3142
2741	2799
2742	3149
2743	3120
2744	2784
2745	2840
2746	3179
2747	3033
2748	2877
2749	3001
2750	2875
2751	3248
2752	3020
2753	3063
2754	3134
2755	3067
2756	3054
2757	2806
2758	2857
2759	3096
2760	3247
2761	3141
2762	3288
2763	3104
2764	3077
2765	3057
2766	2814
2767	3109
2768	3116
2769	3076
2770	3057
2771	2966
2772	3051
2773	2989
2774	3248
2775	3011
2776	3235
2777	3110
2778	3296
2779	2983
2780	2771
2781	3001
2782	2921
2783	2982
2784	3122
2785	2965
2786	2824
2787	2910
2788	2939
2789	2969
2790	2871
2791	2658
2792	2663
2793	2673
2794	2468
2795	2791
2796	2648
2797	2698
2798	2849
2799	2592
2800	2652
2801	2568
2802	2547
2803	2773
2804	2783
2805	2633
2806	2769
2807	2720
2808	2711
2809	2809
2810	2750
2811	2966
2812	2729
2813	2498
2814	2756
2815	2614
2816	2651
2817	2771
2818	2591
2819	2738
2820	2735
2821	2728
2822	2933
2823	2709
2824	2508
2825	2620
2826	2606
2827	2694
2828	2520
2829	2572
2830	2629
2831	2512
2832	2635
2833	2869
2834	2529
2835	2422
2836	2569
2837	2565
2838	2607
2839	2508
2840	2568
2841	2542
2842	2493
2843	2639
2844	2563
2845	2516
2846	2535
2847	2454
2848	2557
2849	2546
2850	2475
2851	2397
2852	2423
2853	2775
2854	2635
2855	2560
2856	2627
2857	2518
2858	2600
2859	2737
2860	2509
2861	2626
2862	2610
2863	2677
2864	2605
2865	2524
2866	2641
2867	2840
2868	2528
2869	2471
2870	2392
2871	2532
2872	2451
2873	2488
2874	2418
2875	2482
2876	2398
2877	2489
2878	2598
2879	2563
2880	2420
2881	2630
2882	2528
2883	2401
2884	2423
2885	2524
2886	2547
2887	2523
2888	2534
2889	2594
2890	2460
2891	2622
2892	2408
2893	2531
2894	2564
2895	2499
2896	2436
2897	2546
2898	2553
2899	2398
2900	2400
2901	2486
2902	2457
2903	2562
2904	2425
2905	2298
2906	2420
2907	2341
2908	2411
2909	2522
2910	2697
2911	2626
2912	2432
2913	2425
2914	2424
2915	2470
2916	2474
2917	2538
2918	2544
2919	2654
2920	2647
2921	2614
2922	2597
2923	2644
2924	2529
2925	2570
2926	2804
2927	2559
2928	2604
2929	2800
2930	2960
2931	2946
2932	3111
2933	3040
2934	2990
2935	2530
2936	2978
2937	2913
2938	3056
2939	3025
2940	3062
2941	3104
2942	2960
2943	3099
2944	3480
2945	2781
2946	2786
2947	2857
2948	2876
2949	3180
2950	3022
2951	3249
2952	3322
2953	3232
2954	3095
2955	3026
2956	2945
2957	2871
2958	3029
2959	3280
2960	3167
2961	2967
2962	3023
2963	3559
2964	3016
2965	3022
2966	3252
2967	3103
2968	3112
2969	2925
2970	3036
2971	3056
2972	3324
2973	2855
2974	3167
2975	2726
2976	2896
2977	3172
2978	3189
2979	2828
2980	2933
2981	3111
2982	2871
2983	2853
2984	2894
2985	2869
2986	2904
2987	3366
2988	2936
2989	2826
2990	2862
2991	3068
2992	3026
2993	3056
2994	2913
2995	2867
2996	3062
2997	3076
2998	2846
2999	3015
3000	2865
3001	3151
3002	3056
3003	3038
3004	3044
3005	2949
3006	3052
3007	3040
3008	2872
3009	2840
3010	3003
3011	3045
3012	2874
3013	2895
3014	2989
3015	3087
3016	3004
3017	3020
3018	2801
3019	2684
3020	2770
3021	2781
3022	2874
3023	2788
3024	2735
3025	2749
3026	2694
3027	2986
3028	2807
3029	2744
3030	2684
3031	2977
3032	2827
3033	2748
3034	2776
3035	3291
3036	2818
3037	2843
3038	2913
3039	2684
3040	2888
3041	2905
3042	2906
3043	2882
3044	2888
3045	2827
3046	2753
3047	2869
3048	2896
3049	2899
3050	2988
3051	2883
3052	2773
3053	2705
3054	2780
3055	2792
3056	2784
3057	2607
3058	2850
3059	2860
3060	2801
3061	2873
3062	2713
3063	2548
3064	2715
3065	2602
3066	2599
3067	2767
3068	2650
3069	2577
3070	2634
3071	2659
3072	2710
3073	2671
3074	2586
3075	2555
3076	2652
3077	2706
3078	2527
3079	2718
3080	2455
3081	2507
3082	2589
3083	2401
3084	2407
3085	2594
3086	2546
3087	2577
3088	2655
3089	2468
3090	2281
3091	2546
3092	2538
3093	2560
3094	2589
3095	2464
3096	2497
3097	2514
3098	2361
3099	2378
3100	2371
3101	2317
3102	2478
3103	2525
3104	2464
3105	2520
3106	2455
3107	2466
3108	2310
3109	2402
3110	2294
3111	2225
3112	2380
3113	2388
3114	2545
3115	2488
3116	2376
3117	2429
3118	2432
3119	2389
3120	2459
3121	2425
3122	2317
3123	2287
3124	2385
3125	2318
3126	2376
3127	2518
3128	2573
3129	2451
3130	2402
3131	2322
3132	2269
3133	2273
3134	2360
3135	2479
3136	2346
3137	2382
3138	2343
3139	2629
3140	2557
3141	2326
3142	2421
3143	2179
3144	2504
3145	2507
3146	2632
3147	2355
3148	2339
3149	2383
3150	2352
3151	2453
3152	2235
3153	2582
3154	2449
3155	2437
3156	2423
3157	2525
3158	2599
3159	2535
3160	2363
3161	2539
3162	2375
3163	2472
3164	2590
3165	2818
3166	2583
3167	2470
3168	2365
3169	2382
3170	2539
3171	2428
3172	2462
3173	2442
3174	2564
3175	2529
3176	2433
3177	2406
3178	2391
3179	2430
3180	2326
3181	2530
3182	2583
3183	2496
3184	2534
3185	2410
3186	2339
3187	2537
3188	2446
3189	2595
3190	2548
3191	2521
3192	2668
3193	2654
3194	2708
3195	2512
3196	2581
3197	2583
3198	2497
3199	2459
3200	2536
3201	2501
3202	2534
3203	2530
3204	2649
3205	2756
3206	2752
3207	2758
3208	2492
3209	2609
3210	2399
3211	2537
3212	2583
3213	2495
3214	2549
3215	2537
3216	2508
3217	2652
3218	2596
3219	2662
3220	2613
3221	2700
3222	2502
3223	2459
3224	2514
3225	2569
3226	2538
3227	2535
3228	2523
3229	2503
3230	2472
3231	2378
3232	2374
3233	2547
3234	2514
3235	2595
3236	2581
3237	2715
3238	2384
3239	2282
3240	2419
3241	2479
3242	2402
3243	2524
3244	2386
3245	2528
3246	2418
3247	2419
3248	2450
3249	2508
3250	2545
3251	2453
3252	2449
3253	2281
3254	2289
3255	2496
3256	2539
3257	2693
3258	2446
3259	2442
3260	2645
3261	2367
3262	2418
3263	2422
3264	2292
3265	2488
3266	2463
3267	2593
3268	2458
3269	2155
3270	2353
3271	2506
3272	2538
3273	2512
3274	2445
3275	2492
3276	2427
3277	2518
3278	2497
3279	2596
3280	2469
3281	2477
3282	2414
3283	2408
3284	2552
3285	2692
3286	2444
3287	2510
3288	2480
3289	2564
3290	2465
3291	2389
3292	2335
3293	2398
3294	2441
3295	2423
3296	2399
3297	2527
3298	2501
3299	2451
3300	2495
3301	2450
3302	2436
3303	2499
3304	2469
3305	2448
3306	2356
3307	2301
3308	2433
3309	2505
3310	2394
3311	2407
3312	2394
3313	2345
3314	2358
3315	2325
3316	2365
3317	2458
3318	2396
3319	2419
3320	2365
3321	2416
3322	2567
3323	2468
3324	2330
3325	2483
3326	2358
3327	2468
3328	2395
3329	2509
3330	2443
3331	2356
3332	2380
3333	2410
3334	2417
3335	2397
3336	2336
3337	2366
3338	2531
3339	2446
3340	2628
3341	2594
3342	2418
3343	2513
3344	2445
3345	2384
3346	2220
3347	2487
3348	2478
3349	2463
3350	2500
3351	2442
3352	2548
3353	2361
3354	2461
3355	2336
3356	2613
3357	2592
3358	2468
3359	2495
3360	2842
3361	2479
3362	2428
3363	2565
3364	2629
3365	2543
3366	3883
3367	2426
3368	2746
3369	2458
3370	2351
3371	2403
3372	2240
3373	2383
3374	2396
3375	2380
3376	2305
3377	2757
3378	2196
3379	2253
3380	2318
3381	2361
3382	3759
3383	2336
3384	2248
3385	2210
3386	2196
3387	2277
3388	2136
3389	2161
3390	2119
3391	2348
3392	2196
3393	2116
3394	2282
3395	2218
3396	2148
3397	2212
3398	2049
3399	2054
3400	2157
3401	2118
3402	2188
3403	2026
3404	2076
3405	2077
3406	2152
3407	2105
3408	2037
3409	2180
3410	2121
3411	2065
3412	2125
3413	2018
3414	2189
3415	2052
3416	1997
3417	2056
3418	2018
3419	2038
3420	2097
3421	1965
3422	1978
3423	2029
3424	1951
3425	2044
3426	1938
3427	1996
3428	1960
3429	2002
3430	1909
3431	2014
3432	2083
3433	1983
3434	2055
3435	2065
3436	1993
3437	2066
3438	1958
3439	1985
3440	2083
3441	2029
3442	1850
3443	1910
3444	1968
3445	2076
3446	1884
3447	1923
3448	2092
3449	2050
3450	1989
3451	1997
3452	2081
3453	1940
3454	1938
3455	1930
3456	1948
3457	1953
3458	1930
3459	1943
3460	1976
3461	1886
3462	2043
3463	2017
3464	1849
3465	1932
3466	1838
3467	1814
3468	1755
3469	1944
3470	1840
3471	1792
3472	1837
3473	1864
3474	1790
3475	1851
3476	1883
3477	1830
3478	1923
3479	1854
3480	1939
3481	1853
3482	1799
3483	1985
3484	1797
3485	1863
3486	1873
3487	1967
3488	1920
3489	1871
3490	1869
3491	1920
3492	1912
3493	1989
3494	1911
3495	1870
3496	1894
3497	1808
3498	1748
3499	1797
3500	1895
3501	1882
3502	1893
3503	1870
3504	1836
3505	1804
3506	1777
3507	1868
3508	1876
3509	1925
3510	1779
3511	1849
3512	1797
3513	1978
3514	1964
3515	1863
3516	1796
3517	1920
3518	1929
3519	1938
3520	1941
3521	1779
3522	1999
3523	1959
3524	2003
3525	1922
3526	1867
3527	1893
3528	1972
3529	1925
3530	1825
3531	1984
3532	1913
3533	1864
3534	1914
3535	1973
3536	2015
3537	1983
3538	2047
3539	2000
3540	1997
3541	1915
3542	1897
3543	1925
3544	1928
3545	1966
3546	2121
3547	2010
3548	2055
3549	2192
3550	2031
3551	1962
3552	2103
3553	2011
3554	2026
3555	1956
3556	1985
3557	2072
3558	2032
3559	2150
3560	2136
3561	2168
3562	2018
3563	2100
3564	2185
3565	2090
3566	2138
3567	2142
3568	2169
3569	2114
3570	2056
3571	2132
3572	1999
3573	2144
3574	1970
3575	2077
3576	2147
3577	2239
3578	2143
3579	2140
3580	2102
3581	1897
3582	1966
3583	2124
3584	2106
3585	2199
3586	2063
3587	1908
3588	2267
3589	2334
3590	2067
3591	2155
3592	2228
3593	2275
3594	2239
3595	2292
3596	2192
3597	2056
3598	2041
3599	2335
3600	2252
3601	2589
3602	2477
3603	2300
3604	2240
3605	2129
3606	2180
3607	2301
3608	2286
3609	2216
3610	2315
3611	2129
3612	2256
3613	2529
3614	2663
3615	2312
3616	2328
3617	2341
3618	2440
3619	2241
3620	2391
3621	2268
3622	2242
3623	2477
3624	2351
3625	2594
3626	2568
3627	2319
3628	2311
3629	2278
3630	2211
3631	2088
3632	2150
3633	2053
3634	2178
3635	2186
3636	2308
3637	2282
3638	2147
3639	2305
3640	2435
3641	2483
3642	2225
3643	2372
3644	2247
3645	2100
3646	2057
3647	2134
3648	2286
3649	2092
3650	2177
3651	2636
3652	2678
3653	2265
3654	2104
3655	2229
3656	2075
3657	2167
3658	2203
3659	2413
3660	2057
3661	2169
3662	2492
3663	2280
3664	2117
3665	2089
3666	2478
3667	2446
3668	2145
3669	2110
3670	2175
3671	2029
3672	2146
3673	2245
3674	1847
3675	1865
3676	2148
3677	1994
3678	2397
3679	2079
3680	2151
3681	1876
3682	1911
3683	1953
3684	1912
3685	1914
3686	1778
3687	1896
3688	1952
3689	2092
3690	2068
3691	1967
3692	2170
3693	1906
3694	1800
3695	1936
3696	1982
3697	1963
3698	2222
3699	2110
3700	2303
3701	2099
3702	2035
3703	2041
3704	1899
3705	1888
3706	1951
3707	1979
3708	1969
3709	1938
3710	2093
3711	2036
3712	2190
3713	1735
3714	1757
3715	1826
3716	1774
3717	1796
3718	1817
3719	1772
3720	1690
3721	1874
3722	1756
3723	1981
3724	1756
3725	1883
3726	1789
3727	1733
3728	1828
3729	1673
3730	1737
3731	1783
3732	1741
3733	1790
3734	1674
3735	1750
3736	1706
3737	1806
3738	1817
3739	1761
3740	1789
3741	1734
3742	1730
3743	1756
3744	1909
3745	1735
3746	1822
3747	1757
3748	1682
3749	1764
3750	1786
3751	1726
3752	1714
3753	1912
3754	1780
3755	1820
3756	1918
3757	1838
3758	1879
3759	1689
3760	1726
3761	1699
3762	1741
3763	1761
3764	1903
3765	1865
3766	1851
3767	1945
3768	1971
3769	1859
3770	1804
3771	1989
3772	1965
3773	1753
3774	1826
3775	1688
3776	1813
3777	1692
3778	1727
3779	1902
3780	1723
3781	1852
3782	1758
3783	1751
3784	1799
3785	1705
3786	1677
3787	1660
3788	1669
3789	1650
3790	1639
3791	1663
3792	1698
3793	1729
3794	1779
3795	1604
3796	1679
3797	1757
3798	1733
3799	1785
3800	1646
3801	1761
3802	1724
3803	1694
3804	1748
3805	1670
3806	1765
3807	1633
3808	1656
3809	1708
3810	1788
3811	1710
3812	1714
3813	1726
3814	1823
3815	1837
3816	1631
3817	1750
3818	1697
3819	1629
3820	1763
3821	1756
3822	1628
3823	1728
3824	1658
3825	1652
3826	1691
3827	1617
3828	1661
3829	1698
3830	1555
3831	1518
3832	1603
3833	1593
3834	1532
3835	1546
3836	1605
3837	1445
3838	1532
3839	1510
3840	1609
3841	1540
3842	1558
3843	1517
3844	1559
3845	1473
3846	1585
3847	1588
3848	1535
3849	1554
3850	1544
3851	1525
3852	1571
3853	1595
3854	1465
3855	1550
3856	1512
3857	1594
3858	1631
3859	1481
3860	1545
3861	1546
3862	1501
3863	1488
3864	1478
3865	1551
3866	1483
3867	1599
3868	1476
3869	1457
3870	1512
3871	1468
3872	1556
3873	1533
3874	1559
3875	1499
3876	1540
3877	1496
3878	1483
3879	1573
3880	1520
3881	1491
3882	1607
3883	1553
3884	1615
3885	1648
3886	1557
3887	1446
3888	1541
3889	1537
3890	1563
3891	1705
3892	1632
3893	1540
3894	1590
3895	1671
3896	1554
3897	1631
3898	1531
3899	1666
3900	1587
3901	1598
3902	1640
3903	1650
3904	1645
3905	1748
3906	1559
3907	1708
3908	1597
3909	1632
3910	1690
3911	1639
3912	1595
3913	1611
3914	1663
3915	1525
3916	1639
3917	1570
3918	1510
3919	1692
3920	1628
3921	1724
3922	1558
3923	1685
3924	1536
3925	1536
3926	1627
3927	1610
3928	1650
3929	1706
3930	1568
3931	1616
3932	1647
3933	1614
3934	1513
3935	1675
3936	1795
3937	1695
3938	1767
3939	1631
3940	1633
3941	1705
3942	1654
3943	1643
3944	1733
3945	1660
3946	1546
3947	1623
3948	1682
3949	1742
3950	1687
3951	1723
3952	1644
3953	1681
3954	1597
3955	1694
3956	1710
3957	1751
3958	1789
3959	1666
3960	1792
3961	1734
3962	1643
3963	1666
3964	1764
3965	1739
3966	1718
3967	1616
3968	1811
3969	1747
3970	1788
3971	1693
3972	1717
3973	1733
3974	1756
3975	1816
3976	1726
3977	1742
3978	1620
3979	1764
3980	1702
3981	1746
3982	1675
3983	1652
3984	1755
3985	1702
3986	1759
3987	1594
3988	1627
3989	1659
3990	1642
3991	1603
3992	1682
3993	1618
3994	1604
3995	1595
3996	1591
3997	1662
3998	1545
3999	1679
4000	1624
4001	1621
4002	1665
4003	1534
4004	1511
4005	1695
4006	1624
4007	1625
4008	1709
4009	1702
4010	1674
4011	1668
4012	1639
4013	1621
4014	1704
4015	1624
4016	1580
4017	1604
4018	1648
4019	1602
4020	1687
4021	1619
4022	1644
4023	1573
4024	1742
4025	1576
4026	1647
4027	1587
4028	1688
4029	1584
4030	1692
4031	1605
4032	1872
4033	1626
4034	1697
4035	1670
4036	1622
4037	1654
4038	1711
4039	1643
4040	1657
4041	1681
4042	1641
4043	1665
4044	1500
4045	1599
4046	1644
4047	1547
4048	1571
4049	1599
4050	1550
4051	1616
4052	1643
4053	1620
4054	1616
4055	1652
4056	1665
4057	1714
4058	1597
4059	1562
4060	1603
4061	1654
4062	1636
4063	1647
4064	1624
4065	1722
4066	1690
4067	1684
4068	1642
4069	1710
4070	1657
4071	1636
4072	1722
4073	1685
4074	1685
4075	1714
4076	1721
4077	1721
4078	1692
4079	1681
4080	1791
4081	1727
4082	1706
4083	1699
4084	1695
4085	1617
4086	1691
4087	1720
4088	1536
4089	1922
4090	1662
4091	1841
4092	1587
4093	1588
4094	1610
4095	1675
4096	1918
4097	1646
4098	1750
4099	1683
4100	1709
4101	1640
4102	1604
4103	1624
4104	1583
4105	1951
4106	1686
4107	1669
4108	1579
4109	1705
4110	1677
4111	1778
4112	1680
4113	1683
4114	1679
4115	1723
4116	1881
4117	1567
4118	1660
4119	1676
4120	1681
4121	1878
4122	1675
4123	1749
4124	1739
4125	1763
4126	1736
4127	1864
4128	1984
4129	1985
4130	1737
4131	1942
4132	1862
4133	1838
4134	1989
4135	1939
4136	2382
4137	1908
4138	1970
4139	1910
4140	2119
4141	1979
4142	1999
4143	1944
4144	2009
4145	1955
4146	2053
4147	2071
4148	1921
4149	2042
4150	2194
4151	1991
4152	2059
4153	1978
4154	2119
4155	2166
4156	2381
4157	2217
4158	1965
4159	2036
4160	2151
4161	2234
4162	2024
4163	1782
4164	1935
4165	1952
4166	1712
4167	1925
4168	1970
4169	1719
4170	1779
4171	1959
4172	1853
4173	1882
4174	1997
4175	1970
4176	1858
4177	1822
4178	1875
4179	1780
4180	1747
4181	1730
4182	1665
4183	1835
4184	1815
4185	1725
4186	1848
4187	1743
4188	1632
4189	1594
4190	1648
4191	1709
4192	1676
4193	1528
4194	1619
4195	1630
4196	1619
4197	1449
4198	1546
4199	1531
4200	1468
4201	1445
4202	1481
4203	1534
4204	1579
4205	1616
4206	1549
4207	1688
4208	1508
4209	1498
4210	1470
4211	1459
4212	1421
4213	1561
4214	1508
4215	1551
4216	1455
4217	1435
4218	1495
4219	1429
4220	1381
4221	1465
4222	1406
4223	1415
4224	1488
4225	1398
4226	1481
4227	1486
4228	1427
4229	1425
4230	1371
4231	1420
4232	1388
4233	1402
4234	1456
4235	1466
4236	1446
4237	1390
4238	1454
4239	1490
4240	1516
4241	1333
4242	1373
4243	1320
4244	1479
4245	1308
4246	1403
4247	1337
4248	1435
4249	1374
4250	1468
4251	1404
4252	1376
4253	1451
4254	1347
4255	1486
4256	1405
4257	1406
4258	1403
4259	1388
4260	1460
4261	1490
4262	1442
4263	1474
4264	1377
4265	1407
4266	1500
4267	1505
4268	1541
4269	1506
4270	1440
4271	1405
4272	1520
4273	1495
4274	1508
4275	1489
4276	1739
4277	1437
4278	1452
4279	1556
4280	1530
4281	1382
4282	1481
4283	1423
4284	1345
4285	1460
4286	1357
4287	1405
4288	1496
4289	1417
4290	1441
4291	1459
4292	1379
4293	1486
4294	1523
4295	1401
4296	1382
4297	1407
4298	1443
4299	1513
4300	1357
4301	1479
4302	1445
4303	1458
4304	1513
4305	1361
4306	1361
4307	1471
4308	1417
4309	1444
4310	1432
4311	1455
4312	1349
4313	1439
4314	1379
4315	1439
4316	1404
4317	1315
4318	1301
4319	1383
4320	1336
4321	1439
4322	1379
4323	1432
4324	1315
4325	1461
4326	1323
4327	1414
4328	1417
4329	1404
4330	1310
4331	1413
4332	1541
4333	1268
4334	1311
4335	1400
4336	1333
4337	1354
4338	1329
4339	1417
4340	1312
4341	1226
4342	1283
4343	1275
4344	1212
4345	1264
4346	1292
4347	1291
4348	1234
4349	1323
4350	1297
4351	1234
4352	1083
4353	1192
4354	1270
4355	1158
4356	1268
4357	1194
4358	1178
4359	1294
4360	1176
4361	1260
4362	1285
4363	1291
4364	1385
4365	1193
4366	1203
4367	1241
4368	1164
4369	1281
4370	1313
4371	1241
4372	1260
4373	1188
4374	1275
4375	1272
4376	1411
4377	1279
4378	1241
4379	1359
4380	1257
4381	1235
4382	1223
4383	1163
4384	1238
4385	1207
4386	1185
4387	1289
4388	1265
4389	1195
4390	1174
4391	1214
4392	1153
4393	1168
4394	1150
4395	1195
4396	1193
4397	1300
4398	1197
4399	1209
4400	1120
4401	1250
4402	1186
4403	1238
4404	1185
4405	1219
4406	1207
4407	1211
4408	1252
4409	1229
4410	1241
4411	1272
4412	1191
4413	1222
4414	1202
4415	1181
4416	1186
4417	1246
4418	1292
4419	1178
4420	1123
4421	1223
4422	1293
4423	1262
4424	1131
4425	1249
4426	1214
4427	1280
4428	1257
4429	1220
4430	1210
4431	1241
4432	1319
4433	1252
4434	1245
4435	1204
4436	1178
4437	1211
4438	1205
4439	1212
4440	1298
4441	1194
4442	1154
4443	1122
4444	1136
4445	1247
4446	1146
4447	1172
4448	1185
4449	1226
4450	1205
4451	1184
4452	1206
4453	1160
4454	1197
4455	1228
4456	1211
4457	1241
4458	1257
4459	1235
4460	1111
4461	1298
4462	1142
4463	1223
4464	1201
4465	1173
4466	1257
4467	1231
4468	1185
4469	1129
4470	1224
4471	1154
4472	1220
4473	1228
4474	1323
4475	1196
4476	1166
4477	1194
4478	1180
4479	1253
4480	1289
4481	1201
4482	1273
4483	1228
4484	1306
4485	1389
4486	1367
4487	1380
4488	1354
4489	1442
4490	1460
4491	1501
4492	1495
4493	1380
4494	1658
4495	1586
4496	1620
4497	1679
4498	1472
4499	1586
4500	1388
4501	1560
4502	1511
4503	1574
4504	1500
4505	1521
4506	1647
4507	1733
4508	1577
4509	1555
4510	1564
4511	1579
4512	1587
4513	1602
4514	1838
4515	1689
4516	1842
4517	1739
4518	1706
4519	1648
4520	1662
4521	1526
4522	1546
4523	1664
4524	1891
4525	1643
4526	1777
4527	1542
4528	1570
4529	1461
4530	1727
4531	1543
4532	1547
4533	1598
4534	1483
4535	1526
4536	1657
4537	1464
4538	1401
4539	1440
4540	1405
4541	1427
4542	1435
4543	1423
4544	1443
4545	1695
4546	1517
4547	1650
4548	1338
4549	1397
4550	1375
4551	1349
4552	1377
4553	1348
4554	1303
4555	1262
4556	1223
4557	1381
4558	1466
4559	1501
4560	1355
4561	1294
4562	1477
4563	1241
4564	1316
4565	1267
4566	1208
4567	1213
4568	1379
4569	1283
4570	1328
4571	1249
4572	1137
4573	1220
4574	1272
4575	1207
4576	1162
4577	1191
4578	1116
4579	1106
4580	1138
4581	1150
4582	1122
4583	1226
4584	1187
4585	1148
4586	1180
4587	1166
4588	1125
4589	1094
4590	1227
4591	1163
4592	1163
4593	1109
4594	1128
4595	1140
4596	1096
4597	1165
4598	1155
4599	1131
4600	1145
4601	1132
4602	1097
4603	1106
4604	1115
4605	1191
4606	1144
4607	1192
4608	1205
4609	1206
4610	1129
4611	1111
4612	1159
4613	1202
4614	1145
4615	1267
4616	1173
4617	1200
4618	1265
4619	1227
4620	1099
4621	1150
4622	1207
4623	1260
4624	1187
4625	1205
4626	1217
4627	1229
4628	1173
4629	1171
4630	1232
4631	1223
4632	1149
4633	1213
4634	1189
4635	1158
4636	1166
4637	1151
4638	1206
4639	1147
4640	1220
4641	1149
4642	1150
4643	1167
4644	1280
4645	1223
4646	1147
4647	1128
4648	1084
4649	1194
4650	1127
4651	1266
4652	1206
4653	1144
4654	1181
4655	1174
4656	1150
4657	1136
4658	1091
4659	1149
4660	1180
4661	1211
4662	1203
4663	1151
4664	1098
4665	1129
4666	1124
4667	1148
4668	1099
4669	1171
4670	1215
4671	1181
4672	1215
4673	1121
4674	1265
4675	1187
4676	1162
4677	1138
4678	1182
4679	1080
4680	1182
4681	1122
4682	1161
4683	1113
4684	1137
4685	1238
4686	1163
4687	1097
4688	1091
4689	1129
4690	1159
4691	1160
4692	1214
4693	1155
4694	1140
4695	1176
4696	1104
4697	1170
4698	1149
4699	1101
4700	1229
4701	1188
4702	1099
4703	1167
4704	1176
4705	1139
4706	1158
4707	1097
4708	1193
4709	1160
4710	1271
4711	1173
4712	1167
4713	1181
4714	1164
4715	1174
4716	1164
4717	1187
4718	1131
4719	1218
4720	1157
4721	1214
4722	1214
4723	1144
4724	1153
4725	1112
4726	1191
4727	1205
4728	1140
4729	1177
4730	1151
4731	1234
4732	1253
4733	1205
4734	1168
4735	1211
4736	1276
4737	1176
4738	1148
4739	1199
4740	1246
4741	1164
4742	1260
4743	1245
4744	1231
4745	1261
4746	1245
4747	1225
4748	1231
4749	1210
4750	1178
4751	1266
4752	1264
4753	1248
4754	1199
4755	1257
4756	1296
4757	1203
4758	1222
4759	1235
4760	1305
4761	1309
4762	1227
4763	1280
4764	1320
4765	1331
4766	1228
4767	1140
4768	1252
4769	1300
4770	1261
4771	1368
4772	1293
4773	1329
4774	1338
4775	1375
4776	1332
4777	1377
4778	1318
4779	1415
4780	1240
4781	1351
4782	1287
4783	1303
4784	1316
4785	1322
4786	1310
4787	1301
4788	1404
4789	1242
4790	1210
4791	1323
4792	1319
4793	1386
4794	1407
4795	1344
4796	1350
4797	1246
4798	1356
4799	1264
4800	1490
4801	1737
4802	1613
4803	1962
4804	1737
4805	1603
4806	1507
4807	1575
4808	1904
4809	1749
4810	2568
4811	2458
4812	2272
4813	2133
4814	1802
4815	1794
4816	1865
4817	2308
4818	2309
4819	2238
4820	2067
4821	1868
4822	1798
4823	1832
4824	1778
4825	1871
4826	2089
4827	1889
4828	1561
4829	1478
4830	1559
4831	1611
4832	1593
4833	1891
4834	1783
4835	1658
4836	1609
4837	1465
4838	1469
4839	1466
4840	1655
4841	2153
4842	1558
4843	1481
4844	1619
4845	1746
4846	1606
4847	1671
4848	1843
4849	1804
4850	1701
4851	1771
4852	1784
4853	1652
4854	1652
4855	1654
4856	1767
4857	1684
4858	1701
4859	1563
4860	1597
4861	1675
4862	1552
4863	1589
4864	1374
4865	1432
4866	1431
4867	1435
4868	1355
4869	1307
4870	1428
4871	1222
4872	1298
4873	1286
4874	1235
4875	1310
4876	1299
4877	1259
4878	1193
4879	1164
4880	1266
4881	1137
4882	1218
4883	1184
4884	1283
4885	1185
4886	1128
4887	1191
4888	1178
4889	1136
4890	1130
4891	1079
4892	1057
4893	1177
4894	1208
4895	1194
4896	1126
4897	1104
4898	1314
4899	1214
4900	1191
4901	1180
4902	1122
4903	1390
4904	1293
4905	1288
4906	1334
4907	1301
4908	1303
4909	1257
4910	1251
4911	1332
4912	1197
4913	1278
4914	1286
4915	1271
4916	1296
4917	1421
4918	1397
4919	1413
4920	1509
4921	1345
4922	1528
4923	1477
4924	1405
4925	1327
4926	1372
4927	1537
4928	1463
4929	1477
4930	1600
4931	1544
4932	1702
4933	1554
4934	1755
4935	1563
4936	1609
4937	1577
4938	1475
4939	1536
4940	1508
4941	1640
4942	1581
4943	1624
4944	1446
4945	1500
4946	1639
4947	1619
4948	1676
4949	1572
4950	1780
4951	1718
4952	1693
4953	1620
4954	1722
4955	1918
4956	1673
4957	1764
4958	1790
4959	1613
4960	1464
4961	1660
4962	1688
4963	1672
4964	1672
4965	1860
4966	1573
4967	1767
4968	1819
4969	1719
4970	1678
4971	1565
4972	1818
4973	1790
4974	1708
4975	1503
4976	1722
4977	1587
4978	1582
4979	1758
4980	1559
4981	1686
4982	1630
4983	1619
4984	1858
4985	1527
4986	1492
4987	1380
4988	1548
4989	1696
4990	1532
4991	1534
4992	1529
4993	1591
4994	1555
4995	1624
4996	1545
4997	1397
4998	1509
4999	1414
5000	1398
5001	1374
5002	1458
5003	1835
5004	1522
5005	1955
5006	1562
5007	1408
5008	1520
5009	1530
5010	1678
5011	1514
5012	1534
5013	1438
5014	1391
5015	1502
5016	1435
5017	1433
5018	1412
5019	1343
5020	1287
5021	1597
5022	1348
5023	1477
5024	1425
5025	1355
5026	1377
5027	1279
5028	1319
5029	1464
5030	1339
5031	1424
5032	1337
5033	1357
5034	1239
5035	1221
5036	1241
5037	1327
5038	1196
5039	1297
5040	1220
5041	1188
5042	1258
5043	1335
5044	1227
5045	1160
5046	1196
5047	1194
5048	1192
5049	1158
5050	1112
5051	1058
5052	1117
5053	1086
5054	1127
5055	1103
5056	1173
5057	1118
5058	1158
5059	1141
5060	1161
5061	1046
5062	1141
5063	1113
5064	988
5065	1039
5066	1058
5067	1084
5068	1123
5069	1063
5070	1027
5071	1059
5072	1031
5073	1042
5074	1078
5075	1031
5076	1133
5077	1033
5078	1235
5079	1129
5080	1081
5081	1127
5082	1077
5083	1091
5084	1108
5085	1104
5086	1081
5087	1167
5088	1024
5089	1123
5090	1094
5091	1178
5092	1078
5093	1205
5094	1193
5095	1068
5096	1144
5097	1088
5098	1260
5099	1165
5100	1209
5101	1104
5102	1127
5103	1121
5104	1139
5105	1171
5106	1283
5107	1123
5108	1094
5109	1136
5110	1182
5111	1134
5112	1214
5113	1164
5114	1149
5115	1179
5116	1069
5117	1147
5118	1212
5119	1159
5120	1129
5121	1231
5122	1195
5123	1222
5124	1218
5125	1378
5126	1266
5127	1193
5128	1131
5129	1155
5130	1136
5131	1159
5132	1265
5133	1186
5134	1225
5135	1111
5136	1285
5137	1245
5138	1250
5139	1300
5140	1279
5141	1251
5142	1269
5143	1257
5144	1496
5145	1355
5146	1330
5147	1313
5148	1256
5149	1414
5150	1440
5151	1463
5152	1473
5153	1438
5154	1411
5155	1417
5156	1467
5157	1803
5158	2073
5159	1773
5160	1518
5161	1598
5162	1615
5163	1745
5164	1797
5165	2264
5166	1961
5167	1633
5168	1696
5169	1789
5170	1755
5171	2510
5172	1860
5173	1716
5174	2063
5175	1725
5176	1716
5177	1957
5178	1959
5179	2224
5180	2578
5181	1683
5182	1790
5183	2163
5184	2233
5185	2191
5186	1867
5187	1927
5188	2114
5189	2161
5190	1835
5191	1784
5192	1662
5193	1748
5194	1738
5195	2102
5196	2052
5197	3208
5198	1819
5199	1777
5200	1811
5201	1764
5202	1893
5203	2042
5204	1945
5205	1840
5206	1793
5207	1718
5208	2114
5209	2058
5210	1616
5211	1725
5212	1656
5213	1721
5214	1694
5215	1760
5216	1890
5217	1722
5218	1642
5219	1677
5220	1778
5221	1575
5222	1458
5223	1591
5224	1551
5225	1491
5226	1358
5227	1423
5228	1314
5229	1271
5230	1361
5231	1346
5232	1317
5233	1282
5234	1297
5235	1408
5236	1448
5237	1343
5238	1331
5239	1330
5240	1304
5241	1288
5242	1262
5243	1311
5244	1292
5245	1263
5246	1288
5247	1335
5248	1362
5249	1222
5250	1328
5251	1289
5252	1289
5253	1221
5254	1267
5255	1288
5256	1296
5257	1341
5258	1223
5259	1129
5260	1214
5261	1179
5262	1208
5263	1192
5264	1096
5265	1219
5266	1334
5267	1082
5268	1118
5269	1178
5270	1219
5271	1328
5272	1158
5273	1163
5274	1097
5275	1100
5276	1119
5277	1259
5278	1089
5279	1049
5280	1054
5281	1154
5282	1071
5283	1168
5284	1272
5285	1119
5286	1082
5287	1090
5288	1042
5289	1173
5290	1188
5291	1037
5292	1050
5293	1099
5294	1142
5295	1111
5296	1132
5297	1168
5298	1084
5299	1108
5300	1080
5301	1070
5302	1055
5303	1150
5304	1093
5305	998
5306	1099
5307	1070
5308	1064
5309	1091
5310	1127
5311	1030
5312	1018
5313	1041
5314	1142
5315	1016
5316	1028
5317	1056
5318	1078
5319	1075
5320	1105
5321	1032
5322	1078
5323	1052
5324	975
5325	1026
5326	1072
5327	1046
5328	1133
5329	1030
5330	935
5331	982
5332	1033
5333	1149
5334	1043
5335	977
5336	1014
5337	1002
5338	929
5339	967
5340	1070
5341	1034
5342	987
5343	984
5344	924
5345	1052
5346	1021
5347	948
5348	900
5349	1025
5350	1044
5351	995
5352	949
5353	993
5354	961
5355	1016
5356	980
5357	967
5358	1018
5359	1051
5360	988
5361	973
5362	958
5363	977
5364	990
5365	1006
5366	930
5367	1004
5368	947
5369	1028
5370	955
5371	1024
5372	917
5373	953
5374	940
5375	971
5376	938
5377	1033
5378	979
5379	952
5380	984
5381	984
5382	911
5383	868
5384	945
5385	925
5386	941
5387	945
5388	901
5389	949
5390	971
5391	985
5392	988
5393	1058
5394	963
5395	941
5396	971
5397	978
5398	962
5399	931
5400	955
5401	911
5402	931
5403	1013
5404	890
5405	976
5406	929
5407	978
5408	966
5409	1031
5410	1028
5411	973
5412	973
5413	1078
5414	956
5415	969
5416	1043
5417	1025
5418	931
5419	968
5420	1025
5421	998
5422	989
5423	1048
5424	907
5425	1050
5426	908
5427	1027
5428	1044
5429	1007
5430	960
5431	997
5432	1023
5433	1016
5434	1028
5435	1079
5436	1083
5437	1053
5438	1034
5439	1043
5440	1036
5441	1007
5442	995
5443	1035
5444	1187
5445	1109
5446	1174
5447	1021
5448	1078
5449	1101
5450	1039
5451	1093
5452	1175
5453	1201
5454	1143
5455	1115
5456	1160
5457	1098
5458	1109
5459	1009
5460	1105
5461	1040
5462	1217
5463	1158
5464	1138
5465	1100
5466	1108
5467	1196
5468	1094
5469	1117
5470	1226
5471	1219
5472	1367
5473	1255
5474	1263
5475	1258
5476	1309
5477	1315
5478	1308
5479	1437
5480	1598
5481	1611
5482	1715
5483	1623
5484	1463
5485	1393
5486	1489
5487	1585
5488	1479
5489	1686
5490	1628
5491	1633
5492	1621
5493	1445
5494	1578
5495	1732
5496	1626
5497	1707
5498	1550
5499	1472
5500	1545
5501	1560
5502	1771
5503	1747
5504	2189
5505	2103
5506	1972
5507	1617
5508	1415
5509	1478
5510	1564
5511	1654
5512	1796
5513	1940
5514	1842
5515	1539
5516	1523
5517	1597
5518	1574
5519	1580
5520	1651
5521	1698
5522	1572
5523	1756
5524	1619
5525	1669
5526	1592
5527	1718
5528	1564
5529	1441
5530	1527
5531	1529
5532	1517
5533	1577
5534	1591
5535	1783
5536	1461
5537	1435
5538	1448
5539	1316
5540	1319
5541	1228
5542	1402
5543	1466
5544	1537
5545	1517
5546	1475
5547	1309
5548	1397
5549	1380
5550	1360
5551	1285
5552	1286
5553	1194
5554	1260
5555	1279
5556	1262
5557	1275
5558	1221
5559	1209
5560	1142
5561	1163
5562	1191
5563	1122
5564	1181
5565	1148
5566	1114
5567	1227
5568	1100
5569	1075
5570	1049
5571	1045
5572	1120
5573	1124
5574	1092
5575	1133
5576	1097
5577	1084
5578	1040
5579	1054
5580	1091
5581	934
5582	1036
5583	1001
5584	1070
5585	1030
5586	982
5587	1090
5588	1015
5589	1032
5590	1002
5591	986
5592	1049
5593	1078
5594	1063
5595	1017
5596	1019
5597	964
5598	1023
5599	1071
5600	1120
5601	1007
5602	974
5603	1093
5604	1047
5605	1089
5606	1049
5607	1066
5608	979
5609	1008
5610	1047
5611	1031
5612	1003
5613	1011
5614	1079
5615	1047
5616	1003
5617	1040
5618	1083
5619	1042
5620	1084
5621	1085
5622	1018
5623	990
5624	1027
5625	1020
5626	1042
5627	1024
5628	1068
5629	1065
5630	1056
5631	1052
5632	1063
5633	1034
5634	1027
5635	1028
5636	1038
5637	1019
5638	1045
5639	1037
5640	1017
5641	963
5642	1093
5643	983
5644	1173
5645	1041
5646	1070
5647	1125
5648	1244
5649	1009
5650	976
5651	1163
5652	1019
5653	1039
5654	1025
5655	966
5656	1030
5657	1168
5658	1009
5659	1078
5660	1055
5661	1058
5662	1172
5663	948
5664	921
5665	1084
5666	998
5667	985
5668	962
5669	1062
5670	1026
5671	1009
5672	1040
5673	997
5674	1132
5675	1064
5676	1096
5677	1004
5678	955
5679	1085
5680	1055
5681	1008
5682	1045
5683	936
5684	996
5685	966
5686	964
5687	1000
5688	1050
5689	1090
5690	969
5691	992
5692	1033
5693	959
5694	1028
5695	962
5696	958
5697	954
5698	1013
5699	982
5700	1096
5701	1045
5702	925
5703	992
5704	1039
5705	947
5706	1003
5707	978
5708	941
5709	1010
5710	996
5711	951
5712	966
5713	947
5714	924
5715	891
5716	939
5717	935
5718	917
5719	994
5720	940
5721	1016
5722	901
5723	924
5724	855
5725	916
5726	891
5727	858
5728	875
5729	834
5730	959
5731	898
5732	913
5733	947
5734	922
5735	904
5736	865
5737	951
5738	831
5739	906
5740	914
5741	899
5742	856
5743	911
5744	934
5745	891
5746	952
5747	859
5748	934
5749	879
5750	884
5751	927
5752	964
5753	918
5754	941
5755	1000
5756	986
5757	985
5758	882
5759	961
5760	941
5761	954
5762	1012
5763	922
5764	954
5765	969
5766	886
5767	974
5768	981
5769	1061
5770	1028
5771	946
5772	1015
5773	976
5774	882
5775	1069
5776	1057
5777	949
5778	1029
5779	1013
5780	1008
5781	979
5782	1031
5783	992
5784	1073
5785	1101
5786	1056
5787	958
5788	900
5789	1109
5790	1020
5791	1091
5792	1102
5793	1024
5794	1010
5795	975
5796	996
5797	1052
5798	1068
5799	1064
5800	1165
5801	1156
5802	1166
5803	1169
5804	1089
5805	1188
5806	1107
5807	1100
5808	1148
5809	1086
5810	1200
5811	1125
5812	1168
5813	986
5814	1085
5815	1117
5816	1108
5817	1033
5818	1062
5819	1029
5820	1178
5821	1166
5822	1096
5823	1039
5824	1009
5825	982
5826	1021
5827	1069
5828	1056
5829	1062
5830	1049
5831	1032
5832	1042
5833	1153
5834	1277
5835	1143
5836	1076
5837	1085
5838	1172
5839	1265
5840	1305
5841	1113
5842	1174
5843	1137
5844	1145
5845	1101
5846	1307
5847	1226
5848	1198
5849	1095
5850	1104
5851	1200
5852	1067
5853	1108
5854	1126
5855	1036
5856	1042
5857	1063
5858	1059
5859	1159
5860	1085
5861	1082
5862	1131
5863	957
5864	1134
5865	1058
5866	1115
5867	1136
5868	1204
5869	1190
5870	1245
5871	1152
5872	1168
5873	1122
5874	1194
5875	1129
5876	1209
5877	1128
5878	1152
5879	1346
5880	1062
5881	1129
5882	1037
5883	999
5884	1091
5885	1063
5886	1004
5887	1050
5888	1057
5889	927
5890	873
5891	936
5892	867
5893	971
5894	957
5895	973
5896	895
5897	881
5898	870
5899	879
5900	844
5901	853
5902	883
5903	909
5904	902
5905	886
5906	915
5907	807
5908	805
5909	844
5910	845
5911	854
5912	859
5913	866
5914	916
5915	846
5916	901
5917	927
5918	863
5919	852
5920	823
5921	881
5922	910
5923	811
5924	881
5925	801
5926	807
5927	825
5928	837
5929	860
5930	927
5931	875
5932	904
5933	901
5934	838
5935	808
5936	792
5937	864
5938	878
5939	872
5940	813
5941	852
5942	895
5943	903
5944	923
5945	902
5946	920
5947	862
5948	914
5949	853
5950	887
5951	880
5952	882
5953	997
5954	1004
5955	1211
5956	1009
5957	992
5958	1008
5959	910
5960	901
5961	958
5962	982
5963	979
5964	973
5965	1106
5966	1015
5967	953
5968	958
5969	938
5970	997
5971	1031
5972	993
5973	979
5974	1010
5975	1052
5976	1321
5977	1025
5978	993
5979	978
5980	955
5981	1002
5982	968
5983	950
5984	978
5985	975
5986	956
5987	968
5988	1096
5989	1233
5990	1081
5991	980
5992	977
5993	960
5994	952
5995	1007
5996	1034
5997	1058
5998	1112
5999	1002
6000	1046
6001	1008
6002	1132
6003	973
6004	978
6005	978
6006	994
6007	978
6008	973
6009	909
6010	1015
6011	910
6012	1007
6013	1000
6014	1027
6015	946
6016	1092
6017	1089
6018	1056
6019	1063
6020	1128
6021	1224
6022	1087
6023	1116
6024	1061
6025	1027
6026	1048
6027	1106
6028	1122
6029	1045
6030	1190
6031	1167
6032	1495
6033	1238
6034	1134
6035	1219
6036	1037
6037	1165
6038	1156
6039	1116
6040	1118
6041	1264
6042	1365
6043	1248
6044	1242
6045	1156
6046	1181
6047	1084
6048	1131
6049	1080
6050	1110
6051	1187
6052	1305
6053	1372
6054	1241
6055	1263
6056	1092
6057	1160
6058	1108
6059	1236
6060	1084
6061	1300
6062	1311
6063	1169
6064	1066
6065	1139
6066	1190
6067	1178
6068	1582
6069	1086
6070	1065
6071	1064
6072	949
6073	1102
6074	1045
6075	1125
6076	1043
6077	1149
6078	1044
6079	1098
6080	1062
6081	1062
6082	972
6083	1007
6084	965
6085	1008
6086	1026
6087	1092
6088	923
6089	904
6090	1035
6091	850
6092	1064
6093	973
6094	960
6095	868
6096	1240
6097	963
6098	897
6099	884
6100	928
6101	922
6102	911
6103	869
6104	875
6105	902
6106	957
6107	895
6108	870
6109	950
6110	848
6111	878
6112	849
6113	882
6114	903
6115	858
6116	829
6117	867
6118	890
6119	858
6120	849
6121	905
6122	850
6123	832
6124	864
6125	915
6126	902
6127	923
6128	900
6129	832
6130	839
6131	881
6132	883
6133	869
6134	864
6135	852
6136	833
6137	891
6138	883
6139	801
6140	753
6141	868
6142	946
6143	907
6144	868
6145	775
6146	873
6147	874
6148	841
6149	851
6150	792
6151	820
6152	858
6153	802
6154	831
6155	867
6156	880
6157	815
6158	712
6159	786
6160	848
6161	784
6162	827
6163	793
6164	772
6165	924
6166	703
6167	814
6168	756
6169	771
6170	819
6171	743
6172	751
6173	768
6174	763
6175	812
6176	807
6177	688
6178	767
6179	739
6180	881
6181	798
6182	704
6183	817
6184	777
6185	851
6186	787
6187	734
6188	728
6189	788
6190	818
6191	749
6192	783
6193	690
6194	810
6195	739
6196	763
6197	782
6198	798
6199	774
6200	787
6201	756
6202	729
6203	748
6204	797
6205	769
6206	731
6207	722
6208	800
6209	783
6210	802
6211	764
6212	738
6213	783
6214	747
6215	795
6216	722
6217	697
6218	772
6219	812
6220	757
6221	767
6222	866
6223	747
6224	763
6225	734
6226	751
6227	774
6228	832
6229	772
6230	770
6231	735
6232	791
6233	749
6234	696
6235	691
6236	706
6237	778
6238	747
6239	771
6240	743
6241	867
6242	742
6243	727
6244	762
6245	803
6246	692
6247	785
6248	753
6249	762
6250	833
6251	756
6252	761
6253	771
6254	813
6255	745
6256	710
6257	770
6258	854
6259	730
6260	816
6261	818
6262	793
6263	870
6264	778
6265	817
6266	820
6267	753
6268	775
6269	800
6270	782
6271	862
6272	810
6273	816
6274	802
6275	758
6276	835
6277	789
6278	802
6279	827
6280	787
6281	782
6282	816
6283	744
6284	845
6285	846
6286	798
6287	754
6288	785
6289	751
6290	794
6291	775
6292	779
6293	818
6294	864
6295	833
6296	821
6297	752
6298	785
6299	846
6300	751
6301	761
6302	787
6303	782
6304	844
6305	710
6306	813
6307	742
6308	772
6309	810
6310	823
6311	821
6312	793
6313	905
6314	905
6315	844
6316	851
6317	846
6318	791
6319	853
6320	813
6321	782
6322	738
6323	796
6324	822
6325	807
6326	787
6327	815
6328	768
6329	877
6330	764
6331	799
6332	819
6333	782
6334	804
6335	850
6336	760
6337	771
6338	798
6339	813
6340	854
6341	829
6342	818
6343	757
6344	795
6345	836
6346	834
6347	789
6348	806
6349	905
6350	857
6351	772
6352	928
6353	958
6354	858
6355	834
6356	846
6357	802
6358	834
6359	787
6360	847
6361	805
6362	811
6363	794
6364	788
6365	865
6366	906
6367	804
6368	1027
6369	875
6370	851
6371	890
6372	908
6373	937
6374	961
6375	1007
6376	975
6377	930
6378	948
6379	1043
6380	933
6381	999
6382	934
6383	969
6384	889
6385	837
6386	998
6387	943
6388	1021
6389	1279
6390	908
6391	959
6392	997
6393	1097
6394	1024
6395	994
6396	1046
6397	881
6398	920
6399	889
6400	968
6401	991
6402	1187
6403	978
6404	935
6405	939
6406	1001
6407	1170
6408	982
6409	1013
6410	1066
6411	1039
6412	826
6413	955
6414	1083
6415	1019
6416	1020
6417	983
6418	982
6419	960
6420	1056
6421	995
6422	973
6423	942
6424	925
6425	1038
6426	955
6427	968
6428	894
6429	1128
6430	1048
6431	889
6432	955
6433	952
6434	987
6435	953
6436	1058
6437	900
6438	915
6439	864
6440	971
6441	892
6442	915
6443	910
6444	954
6445	923
6446	896
6447	994
6448	889
6449	923
6450	940
6451	934
6452	886
6453	874
6454	957
6455	855
6456	879
6457	916
6458	839
6459	869
6460	846
6461	873
6462	891
6463	884
6464	881
6465	911
6466	863
6467	892
6468	892
6469	864
6470	891
6471	848
6472	857
6473	802
6474	886
6475	853
6476	769
6477	736
6478	882
6479	823
6480	880
6481	804
6482	796
6483	802
6484	846
6485	885
6486	822
6487	811
6488	837
6489	768
6490	740
6491	859
6492	817
6493	837
6494	858
6495	863
6496	779
6497	867
6498	829
6499	810
6500	838
6501	838
6502	893
6503	871
6504	871
6505	891
6506	914
6507	920
6508	822
6509	943
6510	829
6511	841
6512	878
6513	847
6514	909
6515	892
6516	903
6517	843
6518	915
6519	886
6520	801
6521	859
6522	834
6523	840
6524	897
6525	868
6526	864
6527	746
6528	804
6529	739
6530	837
6531	794
6532	890
6533	844
6534	857
6535	810
6536	827
6537	791
6538	775
6539	794
6540	846
6541	731
6542	755
6543	776
6544	779
6545	736
6546	773
6547	836
6548	725
6549	810
6550	769
6551	737
6552	767
6553	794
6554	753
6555	799
6556	730
6557	789
6558	794
6559	782
6560	782
6561	746
6562	782
6563	730
6564	789
6565	733
6566	814
6567	721
6568	776
6569	764
6570	736
6571	727
6572	803
6573	780
6574	749
6575	750
6576	720
6577	776
6578	757
6579	743
6580	736
6581	804
6582	700
6583	749
6584	729
6585	717
6586	749
6587	738
6588	745
6589	737
6590	715
6591	692
6592	738
6593	686
6594	748
6595	736
6596	761
6597	688
6598	770
6599	747
6600	763
6601	695
6602	749
6603	729
6604	767
6605	692
6606	712
6607	707
6608	671
6609	761
6610	730
6611	668
6612	751
6613	793
6614	674
6615	696
6616	690
6617	695
6618	692
6619	700
6620	719
6621	743
6622	689
6623	742
6624	699
6625	697
6626	730
6627	700
6628	773
6629	671
6630	799
6631	729
6632	714
6633	741
6634	733
6635	693
6636	715
6637	697
6638	715
6639	700
6640	622
6641	704
6642	660
6643	627
6644	711
6645	652
6646	690
6647	702
6648	672
6649	737
6650	639
6651	707
6652	713
6653	671
6654	677
6655	688
6656	683
6657	604
6658	644
6659	670
6660	651
6661	714
6662	660
6663	683
6664	724
6665	747
6666	590
6667	677
6668	661
6669	593
6670	712
6671	641
6672	657
6673	738
6674	695
6675	738
6676	726
6677	721
6678	688
6679	750
6680	718
6681	757
6682	763
6683	849
6684	674
6685	662
6686	696
6687	662
6688	739
6689	835
6690	818
6691	813
6692	767
6693	896
6694	737
6695	814
6696	721
6697	700
6698	754
6699	702
6700	853
6701	924
6702	772
6703	818
6704	749
6705	841
6706	729
6707	768
6708	734
6709	789
6710	779
6711	797
6712	792
6713	710
6714	759
6715	738
6716	787
6717	781
6718	832
6719	910
6720	801
6721	769
6722	735
6723	755
6724	792
6725	775
6726	812
6727	778
6728	779
6729	692
6730	692
6731	736
6732	800
6733	772
6734	849
6735	788
6736	804
6737	763
6738	810
6739	792
6740	778
6741	812
6742	831
6743	710
6744	805
6745	828
6746	791
6747	812
6748	859
6749	821
6750	721
6751	751
6752	727
6753	729
6754	807
6755	849
6756	758
6757	793
6758	774
6759	964
6760	891
6761	816
6762	777
6763	868
6764	694
6765	801
6766	877
6767	830
6768	811
6769	868
6770	858
6771	855
6772	816
6773	731
6774	725
6775	713
6776	783
6777	773
6778	808
6779	790
6780	820
6781	731
6782	735
6783	811
6784	787
6785	764
6786	749
6787	712
6788	818
6789	717
6790	705
6791	779
6792	739
6793	692
6794	731
6795	756
6796	800
6797	755
6798	659
6799	829
6800	774
6801	783
6802	753
6803	770
6804	752
6805	711
6806	786
6807	747
6808	730
6809	740
6810	794
6811	814
6812	703
6813	767
6814	713
6815	753
6816	733
6817	670
6818	758
6819	740
6820	700
6821	699
6822	662
6823	711
6824	762
6825	758
6826	720
6827	743
6828	794
6829	698
6830	694
6831	752
6832	732
6833	693
6834	771
6835	699
6836	768
6837	712
6838	713
6839	685
6840	805
6841	625
6842	690
6843	697
6844	676
6845	705
6846	724
6847	675
6848	726
6849	674
6850	681
6851	738
6852	706
6853	707
6854	748
6855	756
6856	693
6857	671
6858	755
6859	606
6860	732
6861	696
6862	763
6863	687
6864	740
6865	785
6866	701
6867	677
6868	696
6869	645
6870	644
6871	747
6872	719
6873	678
6874	746
6875	641
6876	714
6877	651
6878	724
6879	714
6880	727
6881	683
6882	721
6883	692
6884	703
6885	737
6886	679
6887	721
6888	698
6889	720
6890	681
6891	707
6892	578
6893	663
6894	690
6895	670
6896	670
6897	790
6898	659
6899	703
6900	727
6901	680
6902	693
6903	713
6904	644
6905	674
6906	711
6907	681
6908	714
6909	679
6910	723
6911	703
6912	664
6913	753
6914	615
6915	697
6916	617
6917	740
6918	711
6919	701
6920	721
6921	715
6922	702
6923	679
6924	663
6925	672
6926	661
6927	685
6928	670
6929	693
6930	646
6931	678
6932	656
6933	719
6934	703
6935	696
6936	715
6937	715
6938	666
6939	647
6940	675
6941	698
6942	683
6943	674
6944	747
6945	718
6946	750
6947	723
6948	736
6949	748
6950	739
6951	793
6952	737
6953	825
6954	776
6955	762
6956	788
6957	819
6958	901
6959	785
6960	877
6961	769
6962	774
6963	840
6964	789
6965	926
6966	852
6967	827
6968	776
6969	789
6970	790
6971	883
6972	837
6973	805
6974	820
6975	758
6976	798
6977	750
6978	771
6979	890
6980	891
6981	942
6982	837
6983	869
6984	995
6985	861
6986	906
6987	968
6988	1009
6989	913
6990	937
6991	840
6992	958
6993	974
6994	1011
6995	1057
6996	942
6997	1050
6998	1169
6999	1091
7000	945
7001	993
7002	979
7003	1026
7004	922
7005	924
7006	1080
7007	1012
7008	1114
7009	1118
7010	1029
7011	1141
7012	1451
7013	1065
7014	983
7015	960
7016	1011
7017	1047
7018	1032
7019	1083
7020	1234
7021	1017
7022	1105
7023	1004
7024	967
7025	1016
7026	1295
7027	1103
7028	901
7029	980
7030	1032
7031	1286
7032	985
7033	1003
7034	958
7035	965
7036	966
7037	1003
7038	996
7039	887
7040	1104
7041	1036
7042	980
7043	942
7044	1176
7045	1176
7046	1075
7047	1125
7048	1127
7049	1322
7050	1069
7051	1078
7052	1129
7053	937
7054	1086
7055	886
7056	1120
7057	944
7058	1014
7059	1027
7060	955
7061	886
7062	979
7063	1054
7064	927
7065	1049
7066	1089
7067	1180
7068	969
7069	1028
7070	1220
7071	1123
7072	1102
7073	1027
7074	1038
7075	1068
7076	1144
7077	1285
7078	1104
7079	1031
7080	1091
7081	1105
7082	1215
7083	1382
7084	1192
7085	1290
7086	1141
7087	1142
7088	1180
7089	1106
7090	1111
7091	1073
7092	1044
7093	1165
7094	1286
7095	1091
7096	1044
7097	1051
7098	1136
7099	1201
7100	1025
7101	1164
7102	1176
7103	1300
7104	1042
7105	1132
7106	1153
7107	1148
7108	1051
7109	1124
7110	1239
7111	1031
7112	972
7113	906
7114	987
7115	896
7116	945
7117	895
7118	956
7119	968
7120	842
7121	952
7122	1218
7123	1011
7124	905
7125	867
7126	881
7127	1092
7128	1080
7129	912
7130	943
7131	833
7132	883
7133	1028
7134	1043
7135	1014
7136	825
7137	931
7138	1021
7139	843
7140	1046
7141	950
7142	845
7143	923
7144	1194
7145	903
7146	822
7147	823
7148	842
7149	783
7150	864
7151	864
7152	866
7153	890
7154	864
7155	1033
7156	746
7157	810
7158	939
7159	832
7160	827
7161	980
7162	862
7163	836
7164	796
7165	770
7166	835
7167	1097
7168	963
7169	920
7170	820
7171	735
7172	860
7173	852
7174	900
7175	775
7176	976
7177	924
7178	1041
7179	1106
7180	1026
7181	1131
7182	813
7183	1148
7184	788
7185	917
7186	862
7187	929
7188	909
7189	983
7190	802
7191	819
7192	763
7193	775
7194	838
7195	818
7196	840
7197	804
7198	706
7199	850
7200	834
7201	928
7202	855
7203	764
7204	767
7205	829
7206	812
7207	813
7208	845
7209	845
7210	866
7211	802
7212	828
7213	855
7214	848
7215	844
7216	746
7217	737
7218	799
7219	775
7220	755
7221	803
7222	878
7223	956
7224	804
7225	844
7226	727
7227	699
7228	784
7229	763
7230	810
7231	839
7232	796
7233	815
7234	843
7235	854
7236	808
7237	796
7238	842
7239	915
7240	962
7241	897
7242	897
7243	786
7244	730
7245	777
7246	832
7247	732
7248	783
7249	882
7250	873
7251	969
7252	933
7253	724
7254	866
7255	756
7256	689
7257	759
7258	741
7259	707
7260	719
7261	699
7262	795
7263	726
7264	717
7265	731
7266	683
7267	663
7268	720
7269	698
7270	791
7271	732
7272	704
7273	697
7274	710
7275	652
7276	732
7277	642
7278	636
7279	715
7280	723
7281	753
7282	660
7283	789
7284	695
7285	706
7286	754
7287	689
7288	725
7289	639
7290	685
7291	606
7292	679
7293	667
7294	577
7295	636
7296	563
7297	657
7298	611
7299	641
7300	620
7301	591
7302	589
7303	624
7304	621
7305	616
7306	581
7307	615
7308	646
7309	592
7310	608
7311	603
7312	561
7313	607
7314	640
7315	552
7316	570
7317	588
7318	568
7319	586
7320	602
7321	597
7322	558
7323	618
7324	578
7325	544
7326	505
7327	586
7328	560
7329	512
7330	553
7331	566
7332	577
7333	550
7334	564
7335	680
7336	654
7337	590
7338	668
7339	593
7340	581
7341	653
7342	580
7343	633
7344	562
7345	622
7346	579
7347	579
7348	639
7349	611
7350	586
7351	565
7352	569
7353	549
7354	626
7355	599
7356	668
7357	626
7358	637
7359	682
7360	603
7361	667
7362	616
7363	657
7364	616
7365	666
7366	661
7367	667
7368	717
7369	726
7370	686
7371	656
7372	652
7373	656
7374	655
7375	636
7376	607
7377	653
7378	630
7379	738
7380	650
7381	688
7382	641
7383	714
7384	619
7385	691
7386	710
7387	620
7388	655
7389	600
7390	700
7391	700
7392	725
7393	734
7394	728
7395	765
7396	794
7397	712
7398	773
7399	670
7400	731
7401	739
7402	761
7403	778
7404	866
7405	813
7406	829
7407	945
7408	730
7409	732
7410	749
7411	692
7412	791
7413	721
7414	729
7415	696
7416	727
7417	772
7418	724
7419	759
7420	657
7421	707
7422	736
7423	791
7424	779
7425	765
7426	704
7427	754
7428	699
7429	707
7430	685
7431	729
7432	804
7433	873
7434	900
7435	851
7436	734
7437	784
7438	892
7439	892
7440	790
7441	903
7442	855
7443	985
7444	828
7445	863
7446	868
7447	652
7448	688
7449	677
7450	703
7451	725
7452	783
7453	655
7454	659
7455	645
7456	732
7457	662
7458	683
7459	602
7460	691
7461	645
7462	656
7463	702
7464	609
7465	668
7466	585
7467	677
7468	625
7469	654
7470	686
7471	625
7472	639
7473	643
7474	742
7475	594
7476	547
7477	537
7478	577
7479	558
7480	659
7481	587
7482	514
7483	549
7484	519
7485	554
7486	563
7487	485
7488	492
7489	508
7490	545
7491	565
7492	484
7493	540
7494	517
7495	547
7496	474
7497	505
7498	461
7499	503
7500	471
7501	509
7502	498
7503	507
7504	522
7505	480
7506	524
7507	545
7508	535
7509	500
7510	514
7511	504
7512	481
7513	510
7514	497
7515	515
7516	461
7517	526
7518	454
7519	544
7520	527
7521	536
7522	535
7523	521
7524	510
7525	498
7526	475
7527	503
7528	529
7529	509
7530	491
7531	561
7532	507
7533	597
7534	569
7535	570
7536	580
7537	519
7538	610
7539	553
7540	617
7541	555
7542	585
7543	594
7544	629
7545	636
7546	616
7547	581
7548	592
7549	582
7550	593
7551	559
7552	623
7553	536
7554	626
7555	629
7556	561
7557	586
7558	575
7559	579
7560	529
7561	540
7562	560
7563	589
7564	622
7565	565
7566	609
7567	548
7568	561
7569	616
7570	609
7571	557
7572	551
7573	565
7574	658
7575	586
7576	628
7577	609
7578	585
7579	579
7580	544
7581	526
7582	538
7583	555
7584	625
7585	573
7586	571
7587	581
7588	551
7589	546
7590	613
7591	627
7592	553
7593	634
7594	548
7595	574
7596	577
7597	589
7598	575
7599	528
7600	565
7601	576
7602	585
7603	676
7604	566
7605	603
7606	607
7607	574
7608	539
7609	523
7610	588
7611	522
7612	549
7613	551
7614	463
7615	513
7616	499
7617	561
7618	520
7619	553
7620	482
7621	488
7622	518
7623	490
7624	510
7625	479
7626	550
7627	413
7628	469
7629	487
7630	457
7631	517
7632	492
7633	519
7634	443
7635	486
7636	519
7637	535
7638	524
7639	504
7640	498
7641	557
7642	506
7643	490
7644	503
7645	519
7646	535
7647	517
7648	546
7649	552
7650	534
7651	531
7652	497
7653	573
7654	538
7655	568
7656	516
7657	531
7658	586
7659	545
7660	578
7661	538
7662	561
7663	518
7664	527
7665	538
7666	570
7667	551
7668	582
7669	577
7670	610
7671	561
7672	604
7673	600
7674	603
7675	556
7676	569
7677	525
7678	537
7679	638
7680	503
7681	593
7682	547
7683	515
7684	526
7685	552
7686	542
7687	575
7688	608
7689	621
7690	562
7691	538
7692	533
7693	548
7694	535
7695	649
7696	578
7697	534
7698	646
7699	579
7700	561
7701	586
7702	563
7703	612
7704	557
7705	592
7706	598
7707	561
7708	539
7709	589
7710	575
7711	615
7712	626
7713	584
7714	565
7715	589
7716	579
7717	543
7718	555
7719	548
7720	614
7721	499
7722	530
7723	583
7724	607
7725	670
7726	583
7727	669
7728	649
7729	764
7730	737
7731	601
7732	620
7733	586
7734	652
7735	785
7736	863
7737	903
7738	832
7739	775
7740	669
7741	714
7742	625
7743	701
7744	716
7745	832
7746	972
7747	946
7748	840
7749	795
7750	623
7751	688
7752	715
7753	739
7754	842
7755	767
7756	860
7757	739
7758	728
7759	845
7760	928
7761	820
7762	748
7763	770
7764	939
7765	978
7766	901
7767	1084
7768	962
7769	891
7770	866
7771	977
7772	839
7773	1284
7774	835
7775	925
7776	885
7777	883
7778	1153
7779	1789
7780	904
7781	782
7782	904
7783	736
7784	771
7785	862
7786	824
7787	765
7788	812
7789	771
7790	1216
7791	836
7792	799
7793	1020
7794	767
7795	743
7796	812
7797	1043
7798	785
7799	936
7800	708
7801	751
7802	770
7803	777
7804	788
7805	800
7806	735
7807	714
7808	720
7809	738
7810	887
7811	841
7812	738
7813	802
7814	705
7815	718
7816	895
7817	702
7818	1236
7819	642
7820	790
7821	733
7822	669
7823	681
7824	635
7825	621
7826	665
7827	673
7828	646
7829	655
7830	648
7831	708
7832	670
7833	687
7834	644
7835	546
7836	708
7837	716
7838	740
7839	688
7840	621
7841	684
7842	696
7843	674
7844	664
7845	771
7846	664
7847	629
7848	767
7849	621
7850	573
7851	628
7852	630
7853	736
7854	702
7855	611
7856	659
7857	728
7858	786
7859	687
7860	615
7861	638
7862	628
7863	696
7864	552
7865	702
7866	620
7867	647
7868	645
7869	694
7870	669
7871	647
7872	678
7873	618
7874	601
7875	831
7876	719
7877	858
7878	683
7879	669
7880	556
7881	664
7882	576
7883	575
7884	662
7885	648
7886	762
7887	792
7888	553
7889	697
7890	591
7891	555
7892	597
7893	518
7894	593
7895	508
7896	563
7897	633
7898	580
7899	535
7900	596
7901	573
7902	581
7903	518
7904	591
7905	550
7906	534
7907	565
7908	541
7909	543
7910	530
7911	557
7912	549
7913	501
7914	525
7915	559
7916	562
7917	546
7918	606
7919	581
7920	564
7921	546
7922	562
7923	578
7924	576
7925	552
7926	586
7927	601
7928	544
7929	633
7930	606
7931	567
7932	605
7933	540
7934	570
7935	588
7936	698
7937	532
7938	547
7939	522
7940	624
7941	595
7942	597
7943	648
7944	619
7945	557
7946	575
7947	528
7948	567
7949	524
7950	575
7951	578
7952	553
7953	532
7954	607
7955	570
7956	550
7957	593
7958	606
7959	608
7960	563
7961	539
7962	633
7963	591
7964	598
7965	572
7966	532
7967	577
7968	558
7969	540
7970	565
7971	556
7972	627
7973	565
7974	549
7975	598
7976	536
7977	566
7978	560
7979	582
7980	582
7981	581
7982	541
7983	590
7984	525
7985	570
7986	561
7987	536
7988	534
7989	581
7990	548
7991	555
7992	562
7993	592
7994	538
7995	559
7996	524
7997	544
7998	588
7999	555
8000	556
8001	501
8002	520
8003	528
8004	556
8005	537
8006	578
8007	556
8008	587
8009	565
8010	564
8011	583
8012	538
8013	506
8014	570
8015	557
8016	521
8017	479
8018	549
8019	555
8020	569
8021	515
8022	558
8023	529
8024	538
8025	537
8026	525
8027	520
8028	573
8029	486
8030	576
8031	502
8032	588
8033	540
8034	559
8035	572
8036	552
8037	580
8038	509
8039	578
8040	599
8041	629
8042	606
8043	538
8044	543
8045	580
8046	684
8047	556
8048	514
8049	548
8050	583
8051	550
8052	625
8053	609
8054	614
8055	647
8056	575
8057	643
8058	631
8059	668
8060	612
8061	608
8062	645
8063	591
8064	595
8065	678
8066	848
8067	743
8068	657
8069	667
8070	580
8071	696
8072	597
8073	753
8074	654
8075	716
8076	718
8077	637
8078	633
8079	558
8080	647
8081	709
8082	641
8083	682
8084	691
8085	688
8086	655
8087	710
8088	658
8089	646
8090	627
8091	666
8092	696
8093	655
8094	725
8095	749
8096	666
8097	704
8098	718
8099	667
8100	706
8101	668
8102	700
8103	659
8104	689
8105	624
8106	657
8107	697
8108	752
8109	640
8110	690
8111	644
8112	659
8113	700
8114	708
8115	696
8116	663
8117	601
8118	741
8119	697
8120	638
8121	676
8122	655
8123	704
8124	662
8125	641
8126	621
8127	677
8128	613
8129	641
8130	666
8131	656
8132	721
8133	619
8134	571
8135	627
8136	625
8137	687
8138	609
8139	619
8140	636
8141	629
8142	609
8143	704
8144	578
8145	610
8146	647
8147	652
8148	618
8149	611
8150	638
8151	635
8152	645
8153	651
8154	580
8155	565
8156	579
8157	523
8158	547
8159	584
8160	591
8161	583
8162	582
8163	604
8164	570
8165	564
8166	632
8167	558
8168	539
8169	530
8170	529
8171	618
8172	577
8173	489
8174	518
8175	524
8176	622
8177	562
8178	555
8179	557
8180	509
8181	482
8182	527
8183	505
8184	551
8185	522
8186	521
8187	520
8188	483
8189	530
8190	536
8191	555
8192	517
8193	528
8194	579
8195	516
8196	529
8197	496
8198	514
8199	495
8200	542
8201	549
8202	539
8203	522
8204	492
8205	519
8206	503
8207	452
8208	493
8209	488
8210	479
8211	475
8212	509
8213	570
8214	522
8215	542
8216	523
8217	492
8218	462
8219	524
8220	504
8221	528
8222	504
8223	495
8224	507
8225	535
8226	480
8227	494
8228	501
8229	498
8230	507
8231	448
8232	501
8233	457
8234	518
8235	502
8236	468
8237	545
8238	480
8239	422
8240	505
8241	461
8242	548
8243	482
8244	482
8245	467
8246	453
8247	477
8248	481
8249	498
8250	481
8251	439
8252	468
8253	489
8254	453
8255	427
8256	555
8257	560
8258	414
8259	518
8260	490
8261	471
8262	441
8263	477
8264	474
8265	454
8266	446
8267	467
8268	490
8269	480
8270	450
8271	520
8272	466
8273	469
8274	512
8275	467
8276	520
8277	548
8278	511
8279	467
8280	475
8281	491
8282	496
8283	450
8284	454
8285	503
8286	459
8287	487
8288	460
8289	524
8290	538
8291	523
8292	548
8293	532
8294	538
8295	509
8296	521
8297	533
8298	514
8299	554
8300	544
8301	535
8302	533
8303	449
8304	568
8305	545
8306	604
8307	550
8308	602
8309	479
8310	516
8311	551
8312	524
8313	525
8314	547
8315	557
8316	583
8317	522
8318	516
8319	414
8320	486
8321	487
8322	552
8323	545
8324	514
8325	541
8326	525
8327	517
8328	560
8329	573
8330	554
8331	470
8332	536
8333	531
8334	542
8335	530
8336	478
8337	532
8338	507
8339	543
8340	550
8341	521
8342	528
8343	521
8344	571
8345	514
8346	499
8347	503
8348	491
8349	498
8350	486
8351	461
8352	528
8353	523
8354	487
8355	491
8356	530
8357	507
8358	522
8359	510
8360	482
8361	600
8362	491
8363	542
8364	489
8365	502
8366	484
8367	519
8368	499
8369	517
8370	495
8371	437
8372	483
8373	446
8374	474
8375	456
8376	427
8377	458
8378	475
8379	437
8380	487
8381	459
8382	456
8383	476
8384	444
8385	477
8386	484
8387	376
8388	522
8389	446
8390	443
8391	450
8392	443
8393	492
8394	467
8395	453
8396	470
8397	447
8398	482
8399	450
8400	462
8401	488
8402	483
8403	432
8404	407
8405	478
8406	489
8407	428
8408	480
8409	521
8410	421
8411	483
8412	465
8413	503
8414	442
8415	487
8416	480
8417	509
8418	474
8419	493
8420	488
8421	464
8422	427
8423	533
8424	430
8425	425
8426	462
8427	463
8428	397
8429	474
8430	492
8431	523
8432	452
8433	454
8434	469
8435	469
8436	438
8437	476
8438	462
8439	452
8440	490
8441	466
8442	474
8443	445
8444	477
8445	419
8446	460
8447	474
8448	445
8449	427
8450	481
8451	497
8452	469
8453	444
8454	440
8455	487
8456	425
8457	404
8458	464
8459	433
8460	543
8461	466
8462	469
8463	458
8464	502
8465	478
8466	523
8467	478
8468	457
8469	444
8470	442
8471	453
8472	439
8473	498
8474	487
8475	437
8476	440
8477	457
8478	465
8479	464
8480	492
8481	463
8482	435
8483	443
8484	481
8485	499
8486	496
8487	480
8488	478
8489	472
8490	506
8491	449
8492	430
8493	433
8494	418
8495	438
8496	466
8497	477
8498	433
8499	396
8500	432
8501	422
8502	468
8503	441
8504	421
8505	425
8506	422
8507	380
8508	442
8509	440
8510	451
8511	435
8512	433
8513	437
8514	386
8515	436
8516	379
8517	411
8518	418
8519	440
8520	427
8521	446
8522	546
8523	430
8524	552
8525	454
8526	529
8527	454
8528	447
8529	471
8530	479
8531	435
8532	467
8533	503
8534	407
8535	426
8536	445
8537	442
8538	448
8539	486
8540	462
8541	481
8542	465
8543	512
8544	478
8545	510
8546	494
8547	438
8548	437
8549	491
8550	460
8551	474
8552	505
8553	491
8554	472
8555	496
8556	495
8557	454
8558	435
8559	487
8560	480
8561	442
8562	506
8563	453
8564	449
8565	456
8566	452
8567	427
8568	442
8569	413
8570	455
8571	379
8572	468
8573	455
8574	414
8575	419
8576	434
8577	436
8578	445
8579	408
8580	459
8581	417
8582	444
8583	456
8584	437
8585	452
8586	472
8587	399
8588	394
8589	397
8590	436
8591	405
8592	411
8593	394
8594	411
8595	435
8596	427
8597	425
8598	396
8599	429
8600	406
8601	432
8602	399
8603	371
8604	417
8605	410
8606	435
8607	372
8608	385
8609	385
8610	420
8611	388
8612	436
8613	425
8614	433
8615	442
8616	419
8617	391
8618	424
8619	397
8620	447
8621	382
8622	448
8623	395
8624	351
8625	412
8626	403
8627	431
8628	380
8629	429
8630	353
8631	392
8632	454
8633	378
8634	406
8635	394
8636	427
8637	415
8638	400
8639	419
8640	376
8641	402
8642	414
8643	460
8644	416
8645	400
8646	444
8647	415
8648	407
8649	441
8650	391
8651	436
8652	436
8653	417
8654	419
8655	397
8656	417
8657	423
8658	424
8659	403
8660	426
8661	394
8662	391
8663	413
8664	440
8665	487
8666	417
8667	383
8668	421
8669	444
8670	411
8671	461
8672	456
8673	464
8674	408
8675	423
8676	370
8677	399
8678	396
8679	401
8680	419
8681	417
8682	450
8683	423
8684	474
8685	383
8686	469
8687	379
8688	420
8689	417
8690	439
8691	440
8692	395
8693	445
8694	433
8695	465
8696	432
8697	443
8698	436
8699	400
8700	399
8701	414
8702	465
8703	420
8704	372
8705	403
8706	457
8707	385
8708	451
8709	443
8710	375
8711	433
8712	455
8713	434
8714	425
8715	395
8716	377
8717	407
8718	410
8719	454
8720	451
8721	427
8722	411
8723	389
8724	425
8725	429
8726	412
8727	394
8728	434
8729	406
8730	445
8731	422
8732	413
8733	415
8734	413
8735	418
8736	411
8737	396
8738	414
8739	406
8740	437
8741	423
8742	433
8743	408
8744	405
8745	415
8746	433
8747	392
8748	398
8749	426
8750	438
8751	441
8752	418
8753	414
8754	432
8755	443
8756	440
8757	456
8758	354
8759	426
8760	483
8761	425
8762	470
8763	474
8764	421
8765	439
8766	405
8767	499
8768	418
8769	437
8770	473
8771	463
8772	496
8773	444
8774	513
8775	457
8776	500
8777	494
8778	512
8779	474
8780	431
8781	448
8782	440
8783	491
8784	423
8785	433
8786	469
8787	421
8788	485
8789	510
8790	462
8791	437
8792	485
8793	428
8794	444
8795	438
8796	431
8797	415
8798	428
8799	445
8800	423
8801	472
8802	503
8803	460
8804	404
8805	416
8806	461
8807	405
8808	471
8809	415
8810	424
8811	455
8812	392
8813	458
8814	473
8815	476
8816	468
8817	483
8818	427
8819	434
8820	512
8821	405
8822	488
8823	448
8824	451
8825	452
8826	361
8827	398
8828	402
8829	396
8830	450
8831	458
8832	436
8833	426
8834	452
8835	470
8836	392
8837	444
8838	441
8839	481
8840	468
8841	416
8842	411
8843	410
8844	415
8845	476
8846	517
8847	429
8848	466
8849	479
8850	475
8851	448
8852	433
8853	438
8854	517
8855	490
8856	486
8857	472
8858	476
8859	474
8860	498
8861	479
8862	482
8863	497
8864	458
8865	524
8866	481
8867	546
8868	416
8869	475
8870	429
8871	414
8872	495
8873	426
8874	457
8875	440
8876	422
8877	462
8878	450
8879	447
8880	451
8881	418
8882	393
8883	470
8884	452
8885	465
8886	445
8887	418
8888	411
8889	472
8890	392
8891	388
8892	414
8893	412
8894	378
8895	410
8896	376
8897	426
8898	429
8899	409
8900	415
8901	415
8902	453
8903	443
8904	407
8905	346
8906	426
8907	387
8908	370
8909	402
8910	410
8911	380
8912	434
8913	461
8914	424
8915	458
8916	417
8917	392
8918	418
8919	374
8920	406
8921	452
8922	405
8923	421
8924	438
8925	409
8926	386
8927	408
8928	453
8929	406
8930	387
8931	430
8932	387
8933	397
8934	368
8935	424
8936	369
8937	435
8938	351
8939	413
8940	432
8941	441
8942	457
8943	453
8944	415
8945	419
8946	407
8947	392
8948	350
8949	422
8950	393
8951	446
8952	376
8953	376
8954	358
8955	432
8956	433
8957	391
8958	413
8959	405
8960	365
8961	395
8962	404
8963	402
8964	411
8965	392
8966	411
8967	400
8968	353
8969	398
8970	412
8971	399
8972	387
8973	442
8974	422
8975	401
8976	388
8977	425
8978	385
8979	353
8980	410
8981	386
8982	419
8983	323
8984	406
8985	406
8986	385
8987	395
8988	421
8989	358
8990	401
8991	413
8992	378
8993	401
8994	380
8995	423
8996	415
8997	366
8998	386
8999	401
9000	394
9001	364
9002	377
9003	380
9004	368
9005	374
9006	447
9007	411
9008	359
9009	321
9010	393
9011	381
9012	370
9013	351
9014	362
9015	373
9016	354
9017	397
9018	396
9019	378
9020	355
9021	386
9022	342
9023	369
9024	337
9025	381
9026	332
9027	378
9028	370
9029	338
9030	364
9031	335
9032	346
9033	328
9034	334
9035	394
9036	352
9037	385
9038	321
9039	380
9040	357
9041	339
9042	368
9043	362
9044	362
9045	373
9046	353
9047	343
9048	334
9049	353
9050	360
9051	324
9052	389
9053	374
9054	373
9055	365
9056	322
9057	335
9058	366
9059	337
9060	361
9061	353
9062	336
9063	330
9064	338
9065	327
9066	361
9067	367
9068	336
9069	369
9070	357
9071	366
9072	367
9073	358
9074	363
9075	347
9076	381
9077	387
9078	390
9079	327
9080	364
9081	429
9082	383
9083	391
9084	346
9085	355
9086	367
9087	374
9088	323
9089	385
9090	390
9091	368
9092	389
9093	398
9094	357
9095	451
9096	354
9097	394
9098	349
9099	457
9100	405
9101	356
9102	401
9103	371
9104	405
9105	330
9106	414
9107	359
9108	383
9109	337
9110	430
9111	391
9112	372
9113	422
9114	386
9115	404
9116	405
9117	408
9118	403
9119	433
9120	365
9121	428
9122	420
9123	390
9124	391
9125	408
9126	384
9127	424
9128	460
9129	384
9130	431
9131	449
9132	435
9133	411
9134	451
9135	402
9136	397
9137	437
9138	363
9139	435
9140	399
9141	417
9142	436
9143	442
9144	390
9145	444
9146	413
9147	440
9148	373
9149	390
9150	415
9151	438
9152	432
9153	422
9154	423
9155	384
9156	379
9157	387
9158	395
9159	370
9160	389
9161	370
9162	387
9163	363
9164	403
9165	389
9166	376
9167	391
9168	392
9169	371
9170	406
9171	405
9172	384
9173	398
9174	372
9175	359
9176	357
9177	393
9178	414
9179	380
9180	418
9181	430
9182	434
9183	362
9184	434
9185	416
9186	413
9187	419
9188	391
9189	363
9190	395
9191	408
9192	357
9193	356
9194	421
9195	420
9196	377
9197	359
9198	423
9199	369
9200	396
9201	415
9202	367
9203	379
9204	411
9205	357
9206	426
9207	327
9208	415
9209	365
9210	396
9211	418
9212	398
9213	447
9214	379
9215	427
9216	394
9217	369
9218	402
9219	362
9220	428
9221	368
9222	405
9223	426
9224	409
9225	358
9226	381
9227	371
9228	386
9229	398
9230	445
9231	381
9232	448
9233	378
9234	395
9235	413
9236	413
9237	392
9238	377
9239	387
9240	356
9241	428
9242	365
9243	371
9244	441
9245	426
9246	365
9247	376
9248	368
9249	388
9250	425
9251	432
9252	429
9253	364
9254	452
9255	446
9256	424
9257	442
9258	381
9259	406
9260	390
9261	466
9262	356
9263	406
9264	380
9265	402
9266	409
9267	440
9268	412
9269	409
9270	458
9271	390
9272	424
9273	367
9274	395
9275	348
9276	352
9277	389
9278	377
9279	380
9280	426
9281	376
9282	399
9283	377
9284	395
9285	406
9286	387
9287	427
9288	371
9289	404
9290	408
9291	339
9292	400
9293	384
9294	384
9295	385
9296	397
9297	352
9298	387
9299	373
9300	411
9301	409
9302	385
9303	397
9304	403
9305	360
9306	394
9307	364
9308	388
9309	367
9310	359
9311	367
9312	360
9313	370
9314	413
9315	356
9316	358
9317	383
9318	436
9319	349
9320	313
9321	377
9322	370
9323	388
9324	340
9325	372
9326	350
9327	351
9328	385
9329	392
9330	343
9331	355
9332	347
9333	374
9334	329
9335	325
9336	376
9337	356
9338	342
9339	377
9340	380
9341	361
9342	361
9343	346
9344	365
9345	371
9346	318
9347	295
9348	339
9349	371
9350	336
9351	391
9352	305
9353	345
9354	308
9355	362
9356	375
9357	347
9358	346
9359	356
9360	360
9361	317
9362	375
9363	331
9364	336
9365	359
9366	344
9367	367
9368	305
9369	355
9370	329
9371	342
9372	281
9373	309
9374	354
9375	359
9376	333
9377	324
9378	367
9379	273
9380	328
9381	317
9382	352
9383	285
9384	336
9385	339
9386	339
9387	297
9388	351
9389	321
9390	344
9391	291
9392	338
9393	351
9394	370
9395	379
9396	297
9397	319
9398	340
9399	325
9400	317
9401	364
9402	317
9403	318
9404	345
9405	357
9406	309
9407	334
9408	338
9409	339
9410	304
9411	300
9412	299
9413	323
9414	324
9415	315
9416	273
9417	348
9418	294
9419	319
9420	324
9421	342
9422	326
9423	283
9424	333
9425	293
9426	343
9427	288
9428	328
9429	298
9430	327
9431	332
9432	351
9433	318
9434	353
9435	322
9436	320
9437	338
9438	358
9439	326
9440	325
9441	333
9442	355
9443	386
9444	314
9445	323
9446	404
9447	385
9448	353
9449	331
9450	359
9451	374
9452	340
9453	334
9454	376
9455	298
9456	330
9457	344
9458	388
9459	360
9460	396
9461	369
9462	378
9463	382
9464	362
9465	390
9466	348
9467	335
9468	407
9469	365
9470	399
9471	340
9472	341
9473	390
9474	392
9475	393
9476	371
9477	344
9478	392
9479	369
9480	361
9481	340
9482	357
9483	376
9484	421
9485	392
9486	362
9487	345
9488	348
9489	389
9490	380
9491	375
9492	420
9493	343
9494	312
9495	370
9496	387
9497	296
9498	356
9499	361
9500	364
9501	397
9502	358
9503	383
9504	371
9505	372
9506	362
9507	401
9508	401
9509	346
9510	370
9511	389
9512	365
9513	350
9514	362
9515	347
9516	329
9517	338
9518	349
9519	344
9520	364
9521	365
9522	354
9523	343
9524	340
9525	374
9526	341
9527	365
9528	353
9529	363
9530	327
9531	380
9532	383
9533	356
9534	362
9535	408
9536	365
9537	342
9538	416
9539	356
9540	359
9541	349
9542	341
9543	318
9544	332
9545	365
9546	361
9547	373
9548	336
9549	357
9550	335
9551	343
9552	324
9553	375
9554	370
9555	374
9556	337
9557	310
9558	353
9559	342
9560	397
9561	358
9562	333
9563	335
9564	355
9565	339
9566	330
9567	363
9568	327
9569	356
9570	353
9571	344
9572	320
9573	332
9574	346
9575	350
9576	330
9577	301
9578	347
9579	357
9580	299
9581	370
9582	363
9583	346
9584	365
9585	341
9586	350
9587	335
9588	355
9589	342
9590	330
9591	360
9592	324
9593	316
9594	330
9595	338
9596	351
9597	356
9598	376
9599	318
9600	351
9601	358
9602	330
9603	391
9604	365
9605	341
9606	329
9607	337
9608	311
9609	372
9610	394
9611	328
9612	327
9613	360
9614	330
9615	377
9616	384
9617	389
9618	370
9619	330
9620	342
9621	364
9622	369
9623	368
9624	352
9625	387
9626	379
9627	364
9628	322
9629	392
9630	351
9631	396
9632	416
9633	346
9634	431
9635	387
9636	333
9637	355
9638	332
9639	356
9640	335
9641	308
9642	363
9643	371
9644	356
9645	385
9646	330
9647	367
9648	365
9649	363
9650	362
9651	332
9652	344
9653	381
9654	344
9655	344
9656	358
9657	435
9658	423
9659	378
9660	391
9661	384
9662	357
9663	392
9664	352
9665	399
9666	340
9667	391
9668	371
9669	368
9670	365
9671	298
9672	416
9673	364
9674	371
9675	346
9676	350
9677	371
9678	371
9679	382
9680	338
9681	363
9682	367
9683	338
9684	396
9685	336
9686	371
9687	339
9688	441
9689	411
9690	376
9691	370
9692	380
9693	404
9694	361
9695	367
9696	345
9697	384
9698	322
9699	414
9700	370
9701	338
9702	332
9703	349
9704	395
9705	353
9706	359
9707	317
9708	358
9709	371
9710	381
9711	320
9712	335
9713	395
9714	359
9715	319
9716	313
9717	319
9718	319
9719	354
9720	321
9721	355
9722	343
9723	326
9724	378
9725	347
9726	328
9727	313
9728	328
9729	368
9730	294
9731	334
9732	302
9733	377
9734	325
9735	370
9736	329
9737	284
9738	412
9739	345
9740	378
9741	342
9742	362
9743	362
9744	302
9745	343
9746	350
9747	311
9748	327
9749	345
9750	348
9751	343
9752	331
9753	317
9754	339
9755	352
9756	324
9757	306
9758	331
9759	328
9760	339
9761	358
9762	333
9763	369
9764	316
9765	324
9766	310
9767	307
9768	336
9769	378
9770	312
9771	286
9772	326
9773	316
9774	366
9775	366
9776	317
9777	338
9778	326
9779	382
9780	336
9781	350
9782	381
9783	358
9784	393
9785	382
9786	380
9787	352
9788	335
9789	360
9790	317
9791	368
9792	337
9793	350
9794	384
9795	337
9796	355
9797	342
9798	366
9799	358
9800	375
9801	408
9802	338
9803	353
9804	303
9805	368
9806	377
9807	386
9808	360
9809	372
9810	382
9811	340
9812	342
9813	340
9814	390
9815	367
9816	394
9817	417
9818	355
9819	337
9820	408
9821	389
9822	344
9823	362
9824	413
9825	378
9826	361
9827	343
9828	332
9829	326
9830	355
9831	362
9832	382
9833	384
9834	339
9835	388
9836	349
9837	315
9838	406
9839	404
9840	315
9841	352
9842	366
9843	366
9844	369
9845	374
9846	364
9847	346
9848	333
9849	367
9850	342
9851	383
9852	352
9853	364
9854	334
9855	380
9856	340
9857	356
9858	378
9859	344
9860	315
9861	353
9862	366
9863	338
9864	357
9865	334
9866	316
9867	341
9868	337
9869	377
9870	327
9871	318
9872	369
9873	338
9874	368
9875	338
9876	336
9877	343
9878	355
9879	368
9880	354
9881	354
9882	356
9883	337
9884	369
9885	358
9886	374
9887	360
9888	362
9889	304
9890	356
9891	289
9892	320
9893	322
9894	374
9895	376
9896	342
9897	321
9898	345
9899	355
9900	347
9901	361
9902	344
9903	364
9904	360
9905	336
9906	399
9907	396
9908	319
9909	396
9910	355
9911	329
9912	356
9913	355
9914	323
9915	343
9916	337
9917	329
9918	345
9919	325
9920	393
9921	365
9922	375
9923	373
9924	365
9925	365
9926	369
9927	360
9928	331
9929	381
9930	371
9931	368
9932	339
9933	315
9934	327
9935	349
9936	354
9937	373
9938	384
9939	392
9940	367
9941	372
9942	345
9943	329
9944	354
9945	334
9946	361
9947	356
9948	405
9949	313
9950	381
9951	339
9952	364
9953	304
9954	379
9955	373
9956	354
9957	388
9958	374
9959	388
9960	418
9961	346
9962	342
9963	349
9964	385
9965	381
9966	306
9967	424
9968	344
9969	347
9970	365
9971	319
9972	352
9973	355
9974	378
9975	381
9976	340
9977	403
9978	371
9979	339
9980	441
9981	417
9982	441
9983	379
9984	386
9985	358
9986	328
9987	398
9988	353
9989	353
9990	362
9991	473
9992	418
9993	405
9994	423
9995	434
9996	440
9997	432
9998	442
9999	448
10000	524
10001	617
10002	418
10003	473
10004	403
10005	408
10006	446
10007	440
10008	490
10009	412
10010	458
10011	437
10012	396
10013	440
10014	437
10015	430
10016	400
10017	499
10018	451
10019	493
10020	461
10021	480
10022	503
10023	458
10024	854
10025	1144
10026	603
10027	566
10028	438
10029	488
10030	489
10031	629
10032	921
10033	469
10034	540
10035	561
10036	583
10037	604
10038	594
10039	698
10040	574
10041	624
10042	601
10043	564
10044	580
10045	570
10046	645
10047	601
10048	521
10049	507
10050	558
10051	710
10052	732
10053	653
10054	592
10055	502
10056	534
10057	478
10058	744
10059	512
10060	559
10061	701
10062	577
10063	681
10064	623
10065	648
10066	624
10067	628
10068	562
10069	644
10070	810
10071	654
10072	628
10073	742
10074	603
10075	511
10076	711
10077	692
10078	656
10079	691
10080	659
10081	529
10082	551
10083	652
10084	628
10085	648
10086	731
10087	654
10088	702
10089	520
10090	709
10091	509
10092	505
10093	552
10094	451
10095	553
10096	453
10097	762
10098	545
10099	509
10100	526
10101	565
10102	521
10103	626
10104	640
10105	526
10106	423
10107	574
10108	657
10109	516
10110	542
10111	590
10112	530
10113	448
10114	608
10115	441
10116	414
10117	401
10118	423
10119	451
10120	383
10121	469
10122	489
10123	387
10124	441
10125	399
10126	442
10127	540
10128	465
10129	390
10130	382
10131	428
10132	812
10133	413
10134	334
10135	449
10136	407
10137	378
10138	838
10139	384
10140	411
10141	329
10142	383
10143	406
10144	429
10145	431
10146	413
10147	412
10148	453
10149	453
10150	350
10151	351
10152	368
10153	386
10154	351
10155	432
10156	362
10157	374
10158	311
10159	320
10160	375
10161	338
10162	352
10163	336
10164	339
10165	332
10166	335
10167	379
10168	380
10169	292
10170	328
10171	337
10172	335
10173	342
10174	337
10175	389
10176	355
10177	304
10178	358
10179	411
10180	351
10181	374
10182	312
10183	359
10184	398
10185	344
10186	358
10187	326
10188	327
10189	382
10190	375
10191	379
10192	369
10193	339
10194	367
10195	381
10196	339
10197	347
10198	347
10199	385
10200	415
10201	342
10202	373
10203	354
10204	376
10205	373
10206	345
10207	352
10208	394
10209	379
10210	369
10211	354
10212	403
10213	388
10214	398
10215	350
10216	378
10217	434
10218	322
10219	364
10220	388
10221	406
10222	379
10223	384
10224	354
10225	408
10226	365
10227	362
10228	340
10229	369
10230	374
10231	400
10232	370
10233	361
10234	367
10235	359
10236	375
10237	393
10238	372
10239	374
10240	424
10241	392
10242	396
10243	405
10244	351
10245	378
10246	396
10247	324
10248	368
10249	399
10250	371
10251	351
10252	412
10253	353
10254	380
10255	354
10256	368
10257	352
10258	342
10259	369
10260	364
10261	397
10262	422
10263	433
10264	328
10265	381
10266	375
10267	354
10268	344
10269	365
10270	373
10271	363
10272	364
10273	386
10274	355
10275	385
10276	365
10277	400
10278	363
10279	327
10280	377
10281	376
10282	391
10283	356
10284	346
10285	339
10286	394
10287	305
10288	368
10289	320
10290	344
10291	360
10292	355
10293	386
10294	293
10295	365
10296	340
10297	339
10298	370
10299	322
10300	363
10301	348
10302	342
10303	288
10304	371
10305	366
10306	316
10307	337
10308	383
10309	378
10310	369
10311	330
10312	341
10313	290
10314	344
10315	335
10316	351
10317	349
10318	321
10319	312
10320	339
10321	324
10322	304
10323	371
10324	346
10325	353
10326	348
10327	359
10328	340
10329	331
10330	372
10331	276
10332	362
10333	343
10334	319
10335	316
10336	367
10337	358
10338	333
10339	341
10340	358
10341	330
10342	314
10343	305
10344	325
10345	291
10346	327
10347	303
10348	284
10349	316
10350	310
10351	327
10352	313
10353	327
10354	332
10355	279
10356	314
10357	348
10358	276
10359	315
10360	323
10361	304
10362	358
10363	275
10364	308
10365	306
10366	273
10367	309
10368	283
10369	339
10370	285
10371	305
10372	304
10373	362
10374	289
10375	334
10376	289
10377	329
10378	326
10379	308
10380	280
10381	300
10382	303
10383	274
10384	280
10385	304
10386	292
10387	343
10388	288
10389	327
10390	275
10391	312
10392	294
10393	309
10394	290
10395	311
10396	292
10397	318
10398	325
10399	331
10400	254
10401	339
10402	339
10403	296
10404	298
10405	285
10406	293
10407	291
10408	286
10409	314
10410	322
10411	297
10412	312
10413	311
10414	294
10415	318
10416	329
10417	291
10418	280
10419	336
10420	299
10421	319
10422	289
10423	277
10424	309
10425	298
10426	280
10427	275
10428	272
10429	246
10430	277
10431	285
10432	326
10433	326
10434	335
10435	253
10436	288
10437	322
10438	277
10439	292
10440	271
10441	262
10442	271
10443	240
10444	247
10445	300
10446	273
10447	306
10448	322
10449	258
10450	255
10451	329
10452	248
10453	285
10454	287
10455	292
10456	274
10457	286
10458	239
10459	286
10460	213
10461	281
10462	264
10463	281
10464	237
10465	268
10466	277
10467	281
10468	274
10469	257
10470	267
10471	260
10472	269
10473	264
10474	251
10475	279
10476	253
10477	264
10478	261
10479	255
10480	241
10481	287
10482	262
10483	272
10484	273
10485	296
10486	293
10487	249
10488	267
10489	244
10490	263
10491	268
10492	273
10493	316
10494	262
10495	227
10496	269
10497	257
10498	244
10499	286
10500	216
10501	298
10502	280
10503	258
10504	262
10505	283
10506	249
10507	286
10508	275
10509	272
10510	267
10511	275
10512	270
10513	249
10514	271
10515	275
10516	314
10517	292
10518	305
10519	281
10520	303
10521	310
10522	320
10523	320
10524	317
10525	304
10526	263
10527	287
10528	296
10529	333
10530	275
10531	281
10532	256
10533	299
10534	274
10535	294
10536	306
10537	286
10538	281
10539	323
10540	277
10541	307
10542	304
10543	342
10544	301
10545	278
10546	288
10547	294
10548	302
10549	260
10550	314
10551	305
10552	322
10553	311
10554	314
10555	295
10556	319
10557	305
10558	294
10559	335
10560	268
10561	248
10562	332
10563	294
10564	326
10565	344
10566	309
10567	336
10568	306
10569	308
10570	304
10571	275
10572	293
10573	309
10574	297
10575	251
10576	296
10577	306
10578	264
10579	288
10580	349
10581	286
10582	279
10583	290
10584	279
10585	267
10586	265
10587	336
10588	309
10589	303
10590	276
10591	288
10592	270
10593	281
10594	252
10595	283
10596	269
10597	257
10598	280
10599	295
10600	295
10601	297
10602	302
10603	282
10604	277
10605	306
10606	278
10607	277
10608	288
10609	331
10610	301
10611	276
10612	284
10613	294
10614	326
10615	299
10616	276
10617	338
10618	375
10619	361
10620	346
10621	321
10622	268
10623	288
10624	301
10625	355
10626	333
10627	321
10628	333
10629	302
10630	286
10631	274
10632	320
10633	319
10634	291
10635	305
10636	349
10637	288
10638	307
10639	309
10640	300
10641	276
10642	313
10643	294
10644	338
10645	380
10646	335
10647	386
10648	300
10649	334
10650	301
10651	316
10652	342
10653	336
10654	434
10655	431
10656	371
10657	370
10658	379
10659	389
10660	334
10661	336
10662	424
10663	395
10664	436
10665	386
10666	371
10667	362
10668	419
10669	387
10670	320
10671	382
10672	403
10673	353
10674	363
10675	379
10676	425
10677	406
10678	411
10679	378
10680	425
10681	449
10682	386
10683	438
10684	430
10685	447
10686	403
10687	407
10688	425
10689	411
10690	378
10691	394
10692	385
10693	435
10694	440
10695	451
10696	431
10697	366
10698	376
10699	397
10700	419
10701	378
10702	299
10703	380
10704	342
10705	337
10706	355
10707	335
10708	285
10709	324
10710	353
10711	306
10712	355
10713	344
10714	355
10715	361
10716	380
10717	325
10718	330
10719	300
10720	368
10721	319
10722	337
10723	324
10724	347
10725	347
10726	330
10727	327
10728	332
10729	292
10730	299
10731	280
10732	313
10733	311
10734	365
10735	325
10736	269
10737	335
10738	255
10739	289
10740	295
10741	280
10742	240
10743	297
10744	309
10745	272
10746	262
10747	283
10748	256
10749	243
10750	276
10751	317
10752	292
10753	291
10754	249
10755	272
10756	303
10757	293
10758	272
10759	274
10760	274
10761	270
10762	268
10763	233
10764	271
10765	239
10766	289
10767	266
10768	272
10769	262
10770	261
10771	273
10772	284
10773	229
10774	262
10775	280
10776	266
10777	261
10778	223
10779	272
10780	249
10781	264
10782	288
10783	256
10784	222
10785	284
10786	261
10787	283
10788	269
10789	285
10790	272
10791	266
10792	276
10793	248
10794	251
10795	294
10796	248
10797	262
10798	259
10799	246
10800	269
10801	283
10802	321
10803	278
10804	293
10805	293
10806	260
10807	282
10808	294
10809	310
10810	286
10811	271
10812	279
10813	279
10814	267
10815	269
10816	274
10817	315
10818	289
10819	279
10820	289
10821	267
10822	312
10823	324
10824	303
10825	303
10826	309
10827	348
10828	324
10829	344
10830	292
10831	271
10832	284
10833	311
10834	370
10835	316
10836	323
10837	285
10838	320
10839	271
10840	319
10841	289
10842	314
10843	313
10844	327
10845	380
10846	319
10847	284
10848	311
10849	329
10850	307
10851	301
10852	296
10853	341
10854	332
10855	340
10856	353
10857	305
10858	305
10859	320
10860	279
10861	383
10862	315
10863	283
10864	308
10865	309
10866	357
10867	353
10868	304
10869	334
10870	444
10871	415
10872	328
10873	339
10874	303
10875	345
10876	313
10877	326
10878	300
10879	299
10880	358
10881	434
10882	356
10883	272
10884	353
10885	337
10886	342
10887	287
10888	359
10889	368
10890	382
10891	400
10892	395
10893	339
10894	343
10895	425
10896	378
10897	364
10898	328
10899	396
10900	352
10901	391
10902	432
10903	382
10904	455
10905	502
10906	437
10907	447
10908	555
10909	443
10910	373
10911	389
10912	575
10913	585
10914	412
10915	529
10916	417
10917	434
10918	370
10919	387
10920	465
10921	357
10922	376
10923	404
10924	376
10925	422
10926	427
10927	331
10928	310
10929	328
10930	313
10931	339
10932	380
10933	491
10934	474
10935	401
10936	332
10937	323
10938	390
10939	392
10940	366
10941	419
10942	383
10943	317
10944	342
10945	337
10946	403
10947	342
10948	351
10949	348
10950	333
10951	360
10952	393
10953	413
10954	343
10955	305
10956	288
10957	340
10958	368
10959	374
10960	422
10961	425
10962	400
10963	452
10964	498
10965	445
10966	495
10967	468
10968	545
10969	430
10970	462
10971	434
10972	355
10973	441
10974	483
10975	459
10976	414
10977	426
10978	463
10979	394
10980	438
10981	392
10982	355
10983	360
10984	388
10985	453
10986	392
10987	387
10988	398
10989	426
10990	374
10991	382
10992	355
10993	468
10994	477
10995	443
10996	395
10997	415
10998	393
10999	435
11000	436
11001	433
11002	473
11003	368
11004	437
11005	398
11006	456
11007	466
11008	472
11009	474
11010	485
11011	513
11012	463
11013	498
11014	546
11015	528
11016	453
11017	402
11018	476
11019	493
11020	497
11021	545
11022	519
11023	587
11024	558
11025	432
11026	472
11027	373
11028	418
11029	447
11030	360
11031	410
11032	512
11033	473
11034	439
11035	379
11036	420
11037	472
11038	439
11039	442
11040	430
11041	404
11042	392
11043	449
11044	483
11045	387
11046	430
11047	466
11048	580
11049	443
11050	389
11051	464
11052	413
11053	451
11054	369
11055	427
11056	404
11057	370
11058	530
11059	422
11060	454
11061	399
11062	440
11063	385
11064	426
11065	394
11066	456
11067	320
11068	542
11069	439
11070	393
11071	414
11072	439
11073	485
11074	396
11075	430
11076	363
11077	375
11078	366
11079	394
11080	411
11081	377
11082	705
11083	423
11084	366
11085	345
11086	341
11087	387
11088	444
11089	416
11090	502
11091	363
11092	307
11093	323
11094	370
11095	405
11096	478
11097	376
11098	401
11099	325
11100	366
11101	359
11102	301
11103	354
11104	366
11105	363
11106	333
11107	348
11108	324
11109	373
11110	360
11111	410
11112	348
11113	335
11114	357
11115	378
11116	325
11117	301
11118	334
11119	519
11120	309
11121	328
11122	347
11123	365
11124	350
11125	335
11126	283
11127	294
11128	312
11129	341
11130	348
11131	272
11132	323
11133	334
11134	296
11135	333
11136	356
11137	308
11138	277
11139	282
11140	299
11141	316
11142	316
11143	343
11144	291
11145	291
11146	300
11147	338
11148	304
11149	309
11150	289
11151	310
11152	273
11153	279
11154	225
11155	282
11156	311
11157	251
11158	318
11159	284
11160	246
11161	312
11162	274
11163	279
11164	293
11165	296
11166	259
11167	263
11168	289
11169	368
11170	268
11171	271
11172	291
11173	290
11174	308
11175	334
11176	255
11177	302
11178	259
11179	263
11180	282
11181	258
11182	258
11183	254
11184	239
11185	260
11186	258
11187	241
11188	230
11189	276
11190	255
11191	263
11192	262
11193	263
11194	266
11195	241
11196	220
11197	251
11198	253
11199	255
11200	260
11201	248
11202	249
11203	217
11204	246
11205	270
11206	222
11207	233
11208	215
11209	259
11210	235
11211	255
11212	249
11213	193
11214	241
11215	229
11216	228
11217	262
11218	253
11219	246
11220	219
11221	260
11222	239
11223	239
11224	239
11225	209
11226	226
11227	264
11228	283
11229	274
11230	226
11231	256
11232	273
11233	261
11234	232
11235	237
11236	294
11237	281
11238	257
11239	233
11240	235
11241	227
11242	249
11243	235
11244	256
11245	270
11246	222
11247	237
11248	227
11249	240
11250	256
11251	291
11252	277
11253	270
11254	230
11255	290
11256	284
11257	250
11258	275
11259	284
11260	299
11261	280
11262	300
11263	249
11264	273
11265	273
11266	311
11267	276
11268	262
11269	281
11270	271
11271	314
11272	305
11273	267
11274	344
11275	268
11276	282
11277	271
11278	294
11279	284
11280	292
11281	321
11282	248
11283	302
11284	297
11285	259
11286	283
11287	295
11288	298
11289	294
11290	259
11291	245
11292	289
11293	282
11294	233
11295	273
11296	285
11297	299
11298	313
11299	306
11300	284
11301	286
11302	285
11303	302
11304	264
11305	297
11306	278
11307	295
11308	283
11309	317
11310	316
11311	332
11312	292
11313	258
11314	310
11315	285
11316	336
11317	305
11318	261
11319	255
11320	274
11321	284
11322	318
11323	297
11324	288
11325	317
11326	293
11327	306
11328	269
11329	269
11330	258
11331	259
11332	302
11333	272
11334	276
11335	292
11336	235
11337	259
11338	283
11339	293
11340	285
11341	299
11342	247
11343	252
11344	267
11345	275
11346	281
11347	298
11348	319
11349	260
11350	259
11351	284
11352	303
11353	239
11354	259
11355	265
11356	264
11357	277
11358	301
11359	254
11360	239
11361	247
11362	216
11363	273
11364	240
11365	283
11366	272
11367	252
11368	263
11369	277
11370	283
11371	282
11372	320
11373	224
11374	225
11375	255
11376	209
11377	255
11378	253
11379	272
11380	232
11381	266
11382	281
11383	250
11384	244
11385	216
11386	279
11387	290
11388	267
11389	260
11390	207
11391	249
11392	256
11393	255
11394	210
11395	242
11396	234
11397	266
11398	223
11399	269
11400	260
11401	244
11402	217
11403	272
11404	259
11405	250
11406	225
11407	308
11408	244
11409	255
11410	254
11411	264
11412	282
11413	240
11414	288
11415	282
11416	297
11417	257
11418	283
11419	225
11420	290
11421	316
11422	278
11423	259
11424	270
11425	315
11426	258
11427	262
11428	291
11429	241
11430	274
11431	281
11432	247
11433	267
11434	237
11435	307
11436	276
11437	243
11438	245
11439	252
11440	281
11441	288
11442	265
11443	288
11444	197
11445	278
11446	266
11447	211
11448	242
11449	245
11450	263
11451	236
11452	311
11453	302
11454	253
11455	250
11456	294
11457	233
11458	259
11459	217
11460	249
11461	224
11462	262
11463	234
11464	230
11465	242
11466	233
11467	225
11468	266
11469	198
11470	252
11471	246
11472	248
11473	242
11474	228
11475	239
11476	236
11477	248
11478	262
11479	262
11480	229
11481	252
11482	233
11483	229
11484	248
11485	199

