## htsjdk.samtools.metrics.StringHeader
# CollectInsertSizeMetrics HISTOGRAM_FILE=/work/ugbogu/pipeline/data/nbl/GSE189367/results/picard/SRR17010979_insert_size_histogram.pdf MINIMUM_PCT=0.5 INPUT=/work/ugbogu/pipeline/data/nbl/GSE189367/results/star/SRR17010979.Aligned.sortedByCoord.out.bam OUTPUT=/work/ugbogu/pipeline/data/nbl/GSE189367/results/picard/SRR17010979_insert_size_metrics.txt    DEVIATIONS=10.0 METRIC_ACCUMULATION_LEVEL=[ALL_READS] INCLUDE_DUPLICATES=false ASSUME_SORTED=true STOP_AFTER=0 VERBOSITY=INFO QUIET=false VALIDATION_STRINGENCY=STRICT COMPRESSION_LEVEL=5 MAX_RECORDS_IN_RAM=500000 CREATE_INDEX=false CREATE_MD5_FILE=false USE_JDK_DEFLATER=false USE_JDK_INFLATER=false
## htsjdk.samtools.metrics.StringHeader
# Started on: Thu Apr 16 10:40:24 UTC 2026

## METRICS CLASS	picard.analysis.InsertSizeMetrics
MEDIAN_INSERT_SIZE	MODE_INSERT_SIZE	MEDIAN_ABSOLUTE_DEVIATION	MIN_INSERT_SIZE	MAX_INSERT_SIZE	MEAN_INSERT_SIZE	STANDARD_DEVIATION	READ_PAIRS	PAIR_ORIENTATION	WIDTH_OF_10_PERCENT	WIDTH_OF_20_PERCENT	WIDTH_OF_30_PERCENT	WIDTH_OF_40_PERCENT	WIDTH_OF_50_PERCENT	WIDTH_OF_60_PERCENT	WIDTH_OF_70_PERCENT	WIDTH_OF_80_PERCENT	WIDTH_OF_90_PERCENT	WIDTH_OF_95_PERCENT	WIDTH_OF_99_PERCENT	SAMPLE	LIBRARY	READ_GROUP
1159	77800	1006	24	2360492	1897.601827	2491.090494	56265318	FR	841	1475	1747	1903	2013	2153	5345	12345	39345	153115	250285			

## HISTOGRAM	java.lang.Integer
insert_size	All_Reads.fr_count
24	3
25	8
26	10
27	21
28	21
29	26
30	40
31	37
32	51
33	63
34	110
35	912
36	912
37	1022
38	1014
39	1077
40	1174
41	1189
42	1238
43	1286
44	1275
45	1412
46	1447
47	1449
48	1482
49	1650
50	1740
51	1922
52	1983
53	2005
54	2071
55	2136
56	2162
57	2468
58	2843
59	3194
60	3306
61	3541
62	3747
63	3756
64	3489
65	3992
66	4589
67	5677
68	6327
69	6386
70	6929
71	8375
72	7035
73	9129
74	10097
75	35227
76	15071
77	12635
78	18545
79	12807
80	11607
81	14454
82	12661
83	13244
84	13953
85	13647
86	13984
87	15137
88	15688
89	17281
90	19098
91	20738
92	22696
93	24381
94	28308
95	30294
96	31587
97	34027
98	34387
99	38964
100	41348
101	44343
102	44941
103	50701
104	65747
105	84564
106	77082
107	71887
108	66819
109	70538
110	72117
111	70559
112	72146
113	80429
114	79574
115	78632
116	83127
117	87439
118	86709
119	83840
120	88859
121	95355
122	93172
123	101632
124	104971
125	98608
126	95440
127	100571
128	96051
129	97177
130	101184
131	101888
132	98802
133	103085
134	103514
135	104920
136	111483
137	108943
138	105911
139	109353
140	108685
141	114008
142	109218
143	108077
144	105761
145	103804
146	106841
147	118402
148	105345
149	115859
150	103527
151	117701
152	111178
153	123381
154	107586
155	112482
156	113787
157	109204
158	106191
159	102597
160	100479
161	101853
162	104233
163	107128
164	100151
165	98443
166	99508
167	100634
168	107141
169	109677
170	132309
171	111285
172	107220
173	105915
174	97119
175	95986
176	95583
177	95111
178	98513
179	103077
180	101416
181	101398
182	102599
183	98658
184	93639
185	91205
186	93681
187	94912
188	97461
189	91428
190	94996
191	91975
192	113352
193	138406
194	89531
195	92582
196	94232
197	85675
198	85179
199	84413
200	85974
201	85729
202	85000
203	84839
204	82276
205	84200
206	80825
207	79839
208	80596
209	79780
210	78749
211	78057
212	81618
213	77807
214	76073
215	75545
216	74349
217	75558
218	72920
219	74060
220	75150
221	77829
222	75714
223	75471
224	74349
225	73843
226	76622
227	80763
228	74158
229	79654
230	98542
231	80778
232	80050
233	88752
234	79045
235	72782
236	80241
237	71494
238	69041
239	67957
240	66517
241	67859
242	65347
243	65006
244	64027
245	64296
246	63677
247	63722
248	64975
249	63450
250	63702
251	61812
252	61818
253	61197
254	60967
255	61213
256	60329
257	60171
258	59091
259	59119
260	59472
261	58461
262	59593
263	59549
264	57462
265	58954
266	57936
267	57514
268	58211
269	57136
270	56911
271	55632
272	55175
273	55387
274	56608
275	56941
276	55159
277	54547
278	54727
279	54912
280	53998
281	54482
282	54800
283	54899
284	53612
285	52164
286	53482
287	50715
288	51239
289	50520
290	50320
291	50194
292	49921
293	50292
294	49616
295	49711
296	48937
297	49491
298	49371
299	49241
300	47988
301	47709
302	48625
303	49399
304	48760
305	47932
306	46935
307	47798
308	47815
309	47050
310	46273
311	45214
312	45418
313	45334
314	44848
315	44399
316	43406
317	44404
318	44145
319	43260
320	42991
321	42875
322	42961
323	42822
324	42899
325	43021
326	41655
327	40744
328	40922
329	41577
330	40857
331	41289
332	40232
333	40009
334	38987
335	39749
336	38801
337	39594
338	38613
339	39400
340	39162
341	38309
342	38040
343	37047
344	37484
345	37365
346	37163
347	37541
348	36630
349	36602
350	36067
351	36102
352	36655
353	35954
354	34970
355	35245
356	35338
357	35594
358	36360
359	35171
360	34707
361	34468
362	33715
363	33675
364	33618
365	33861
366	33386
367	33523
368	33374
369	33406
370	32813
371	32637
372	31798
373	32037
374	31785
375	31289
376	31116
377	30684
378	31218
379	31699
380	31146
381	30590
382	30506
383	30821
384	30815
385	29985
386	31081
387	30342
388	29372
389	29264
390	28891
391	28933
392	28992
393	29121
394	29019
395	28978
396	29446
397	30208
398	29605
399	28127
400	27722
401	28304
402	27405
403	27704
404	26879
405	26181
406	26334
407	25784
408	25511
409	25603
410	25003
411	25026
412	25060
413	24618
414	24785
415	24569
416	24277
417	24717
418	24724
419	23996
420	23817
421	24192
422	23896
423	23124
424	24011
425	23307
426	23493
427	23300
428	23286
429	23321
430	22868
431	22319
432	21772
433	21671
434	21299
435	20966
436	20984
437	21351
438	21155
439	21363
440	21539
441	21745
442	21601
443	21248
444	21854
445	21453
446	20552
447	21031
448	21058
449	21095
450	20687
451	20647
452	20143
453	19994
454	21455
455	20046
456	19646
457	19022
458	19023
459	19596
460	18317
461	18075
462	18033
463	17548
464	17290
465	17329
466	17467
467	17611
468	17484
469	17374
470	17185
471	16918
472	16801
473	16929
474	16464
475	16797
476	16686
477	16491
478	16537
479	16432
480	15991
481	16066
482	16168
483	15900
484	16176
485	15751
486	15802
487	15728
488	15771
489	15752
490	15238
491	15455
492	15080
493	14785
494	14971
495	14876
496	14618
497	14631
498	14751
499	14516
500	14162
501	13851
502	14073
503	14227
504	14140
505	14236
506	14156
507	14454
508	14072
509	14047
510	13756
511	13974
512	13687
513	13943
514	13291
515	12913
516	13108
517	12814
518	13198
519	13240
520	13018
521	13068
522	13022
523	12920
524	12755
525	12891
526	12454
527	12431
528	12309
529	12454
530	12497
531	12463
532	12314
533	12393
534	12373
535	12929
536	12262
537	12405
538	12365
539	12259
540	12694
541	12311
542	12023
543	12478
544	11734
545	12068
546	11860
547	11769
548	11928
549	11917
550	12122
551	12000
552	11623
553	11630
554	12069
555	11800
556	11872
557	11879
558	11756
559	11505
560	11345
561	11326
562	11554
563	11520
564	11636
565	11115
566	11614
567	11160
568	11164
569	10935
570	11227
571	11020
572	10872
573	11153
574	11123
575	11112
576	11015
577	11034
578	10825
579	10878
580	10451
581	10828
582	10596
583	10488
584	10415
585	10712
586	10550
587	10496
588	10436
589	10174
590	10112
591	10007
592	10270
593	10436
594	10056
595	10051
596	10083
597	9932
598	9705
599	9807
600	10053
601	9973
602	9790
603	10027
604	9981
605	9801
606	9960
607	9971
608	9629
609	9668
610	9488
611	9367
612	9458
613	9533
614	9449
615	9685
616	9249
617	9496
618	9587
619	9394
620	9604
621	9060
622	9148
623	9206
624	9810
625	9454
626	9349
627	9264
628	9041
629	9035
630	9030
631	9367
632	9062
633	9074
634	9329
635	9129
636	8911
637	9014
638	9113
639	9050
640	8972
641	8720
642	8720
643	8746
644	8795
645	8899
646	9039
647	8810
648	8610
649	9172
650	8659
651	8517
652	8555
653	8521
654	8791
655	8699
656	8489
657	8609
658	8781
659	8964
660	8794
661	8568
662	8666
663	8930
664	8720
665	8810
666	8715
667	8387
668	8616
669	8851
670	8584
671	8435
672	8451
673	8302
674	8449
675	8282
676	8609
677	8310
678	8472
679	8117
680	8591
681	8195
682	8135
683	8287
684	8334
685	8326
686	8071
687	7992
688	7947
689	7961
690	8263
691	8573
692	8511
693	8558
694	8528
695	8531
696	8141
697	8106
698	8473
699	8325
700	8398
701	8587
702	8373
703	8892
704	8416
705	8482
706	8268
707	8080
708	8420
709	8183
710	8603
711	8314
712	8378
713	8535
714	8545
715	8538
716	8834
717	8241
718	8505
719	8584
720	8074
721	8166
722	7989
723	8043
724	8324
725	8175
726	8191
727	8138
728	7953
729	8090
730	7961
731	8219
732	8035
733	8344
734	8367
735	8370
736	8080
737	8132
738	7831
739	7586
740	8105
741	7968
742	8169
743	7857
744	7830
745	8282
746	7753
747	8090
748	7861
749	8135
750	7947
751	8102
752	7950
753	8206
754	7968
755	7991
756	8035
757	7918
758	8098
759	8101
760	8249
761	7861
762	8017
763	7930
764	7622
765	7880
766	7907
767	7754
768	7765
769	7685
770	8168
771	7985
772	8172
773	8602
774	8077
775	8577
776	7969
777	7844
778	8225
779	7896
780	8731
781	8139
782	8516
783	7743
784	8264
785	8491
786	8301
787	8554
788	8463
789	8058
790	7931
791	8257
792	8431
793	9162
794	10044
795	9728
796	9139
797	8913
798	8435
799	8680
800	8386
801	9114
802	9888
803	9460
804	10171
805	8735
806	9184
807	8301
808	8618
809	7856
810	7487
811	7959
812	7753
813	7689
814	8114
815	7978
816	7844
817	7615
818	7372
819	7861
820	7729
821	7661
822	7657
823	7702
824	7663
825	8054
826	7893
827	8005
828	7913
829	7849
830	8352
831	7684
832	7979
833	8204
834	8114
835	8514
836	8761
837	9946
838	8544
839	8972
840	7756
841	8552
842	8131
843	8301
844	8760
845	8212
846	8363
847	7988
848	8439
849	7875
850	7921
851	7897
852	7868
853	7809
854	8031
855	8150
856	8015
857	7625
858	7988
859	8070
860	8345
861	8303
862	8101
863	8121
864	8186
865	8327
866	8109
867	7807
868	7825
869	8129
870	8113
871	8388
872	8045
873	8554
874	8590
875	8302
876	8525
877	8411
878	7989
879	8389
880	7908
881	8029
882	9180
883	8043
884	7585
885	7749
886	7494
887	7787
888	7855
889	7321
890	7839
891	7551
892	7775
893	7983
894	7852
895	7475
896	7185
897	7247
898	7491
899	7446
900	7422
901	7379
902	7388
903	7876
904	7464
905	7514
906	7241
907	7686
908	7186
909	7422
910	7696
911	7528
912	7572
913	7639
914	7326
915	7431
916	7409
917	7636
918	7413
919	7695
920	7300
921	7537
922	7457
923	7349
924	7541
925	7503
926	7514
927	7461
928	7510
929	7334
930	7380
931	7230
932	7690
933	7590
934	7603
935	7388
936	7502
937	7728
938	7507
939	7511
940	7323
941	7453
942	7477
943	7353
944	7587
945	7430
946	7248
947	7130
948	7518
949	7231
950	7336
951	7018
952	7375
953	7265
954	7149
955	7472
956	7148
957	7011
958	7288
959	6957
960	7148
961	7124
962	7373
963	7084
964	6974
965	7264
966	7252
967	6974
968	6767
969	6928
970	7175
971	7160
972	7129
973	7368
974	6976
975	7234
976	7366
977	7288
978	6983
979	7177
980	7190
981	7255
982	7279
983	7307
984	7109
985	7030
986	7217
987	7213
988	7154
989	7131
990	7035
991	7134
992	7504
993	7314
994	7373
995	7322
996	7103
997	7233
998	7135
999	7110
1000	7245
1001	6859
1002	7076
1003	6954
1004	6823
1005	6995
1006	6841
1007	6910
1008	7017
1009	6983
1010	6956
1011	7048
1012	6848
1013	6919
1014	7194
1015	7036
1016	6901
1017	6731
1018	6797
1019	6928
1020	6832
1021	6838
1022	6883
1023	6704
1024	6747
1025	6914
1026	7120
1027	7133
1028	6795
1029	7923
1030	7025
1031	6575
1032	6536
1033	6795
1034	6738
1035	7030
1036	7179
1037	7014
1038	6717
1039	6851
1040	6760
1041	6974
1042	6758
1043	6718
1044	7022
1045	7184
1046	6935
1047	6934
1048	6920
1049	6903
1050	6856
1051	6601
1052	7004
1053	6895
1054	6915
1055	6921
1056	6453
1057	6861
1058	6510
1059	6713
1060	6441
1061	6525
1062	6670
1063	6952
1064	6778
1065	6763
1066	6877
1067	6629
1068	7068
1069	6800
1070	6737
1071	6524
1072	6237
1073	6206
1074	6412
1075	6243
1076	6194
1077	6186
1078	6598
1079	6496
1080	6551
1081	6554
1082	6546
1083	6557
1084	6231
1085	6284
1086	6297
1087	6521
1088	6293
1089	6500
1090	6233
1091	6316
1092	6144
1093	6089
1094	6694
1095	6598
1096	6298
1097	6224
1098	6357
1099	6364
1100	6088
1101	6367
1102	6550
1103	6218
1104	6801
1105	6756
1106	6652
1107	6568
1108	6813
1109	6930
1110	6787
1111	6785
1112	6517
1113	6676
1114	6475
1115	6836
1116	6894
1117	6913
1118	7066
1119	6868
1120	7177
1121	6872
1122	6836
1123	6630
1124	6552
1125	6426
1126	6588
1127	6590
1128	6569
1129	6658
1130	6146
1131	6299
1132	6168
1133	6118
1134	6318
1135	6117
1136	6334
1137	6390
1138	6098
1139	6266
1140	5794
1141	6083
1142	6047
1143	5955
1144	6047
1145	5790
1146	6037
1147	5848
1148	6041
1149	5973
1150	6069
1151	6187
1152	6187
1153	5949
1154	6037
1155	5970
1156	5975
1157	6095
1158	6148
1159	6062
1160	6190
1161	6004
1162	6148
1163	6091
1164	6074
1165	6141
1166	6075
1167	6132
1168	5971
1169	5876
1170	5525
1171	6004
1172	6060
1173	6039
1174	6028
1175	5956
1176	5785
1177	5851
1178	5741
1179	6046
1180	6247
1181	6051
1182	5683
1183	5891
1184	5972
1185	6325
1186	6376
1187	6363
1188	6105
1189	5607
1190	6038
1191	6053
1192	6102
1193	6007
1194	5787
1195	6076
1196	5895
1197	5500
1198	5720
1199	5776
1200	5799
1201	5943
1202	5730
1203	6086
1204	5823
1205	5993
1206	5914
1207	6035
1208	6119
1209	5962
1210	5920
1211	5809
1212	5864
1213	6012
1214	6089
1215	6024
1216	5974
1217	5913
1218	5788
1219	5932
1220	6085
1221	5925
1222	5759
1223	5977
1224	5734
1225	5767
1226	5842
1227	5713
1228	5814
1229	5625
1230	5836
1231	5924
1232	5703
1233	5976
1234	5722
1235	5739
1236	5599
1237	5801
1238	5656
1239	5518
1240	5609
1241	5539
1242	5720
1243	5596
1244	5446
1245	5440
1246	5590
1247	5672
1248	5641
1249	5650
1250	5855
1251	5873
1252	5944
1253	6007
1254	6440
1255	6897
1256	6355
1257	6874
1258	6404
1259	6231
1260	6512
1261	6497
1262	6164
1263	6281
1264	6941
1265	7485
1266	6989
1267	7681
1268	6933
1269	7982
1270	6528
1271	6459
1272	6788
1273	6494
1274	6145
1275	5791
1276	5766
1277	5588
1278	5752
1279	5552
1280	5556
1281	5773
1282	5871
1283	5855
1284	5738
1285	5618
1286	5895
1287	5745
1288	5975
1289	5855
1290	5638
1291	5980
1292	5780
1293	5857
1294	5949
1295	5861
1296	5780
1297	5673
1298	6017
1299	6008
1300	5765
1301	6583
1302	6545
1303	6759
1304	6694
1305	7136
1306	6469
1307	6604
1308	6297
1309	6558
1310	6693
1311	6759
1312	6802
1313	6405
1314	6866
1315	7664
1316	7069
1317	7282
1318	6631
1319	6471
1320	6204
1321	6250
1322	6286
1323	6527
1324	6583
1325	6615
1326	7587
1327	6419
1328	6387
1329	6357
1330	6040
1331	6163
1332	6778
1333	5987
1334	6159
1335	6281
1336	5914
1337	6341
1338	6296
1339	5974
1340	6315
1341	6215
1342	6305
1343	6493
1344	5934
1345	6014
1346	6417
1347	6111
1348	6138
1349	6176
1350	6161
1351	6495
1352	6351
1353	6504
1354	6335
1355	6127
1356	6250
1357	6385
1358	6163
1359	6286
1360	6158
1361	6051
1362	5989
1363	6548
1364	6196
1365	5931
1366	5708
1367	5952
1368	6525
1369	7417
1370	5943
1371	6584
1372	6913
1373	6209
1374	6137
1375	6252
1376	6364
1377	6138
1378	6326
1379	6226
1380	5994
1381	5981
1382	5914
1383	5830
1384	5846
1385	5912
1386	5779
1387	5806
1388	6018
1389	5834
1390	5522
1391	5598
1392	5386
1393	5482
1394	5527
1395	5883
1396	5643
1397	5751
1398	5742
1399	5695
1400	5669
1401	5444
1402	5413
1403	5477
1404	5370
1405	5410
1406	5703
1407	5657
1408	5456
1409	5355
1410	5194
1411	5419
1412	5315
1413	5367
1414	5296
1415	5235
1416	5261
1417	5352
1418	5401
1419	5298
1420	5299
1421	5332
1422	5219
1423	5371
1424	5398
1425	5285
1426	5409
1427	5443
1428	5339
1429	5386
1430	5500
1431	5380
1432	5251
1433	5317
1434	5321
1435	5424
1436	5640
1437	5454
1438	6027
1439	5274
1440	5180
1441	5172
1442	5364
1443	5446
1444	5378
1445	5326
1446	5721
1447	5650
1448	5707
1449	5257
1450	5331
1451	5518
1452	5402
1453	5244
1454	5085
1455	5271
1456	5307
1457	5144
1458	5580
1459	5917
1460	5932
1461	5873
1462	5904
1463	5812
1464	5744
1465	5362
1466	5483
1467	5401
1468	5481
1469	5483
1470	5600
1471	5789
1472	5834
1473	5745
1474	5719
1475	5663
1476	5436
1477	5574
1478	5468
1479	5620
1480	5553
1481	5500
1482	5899
1483	6101
1484	6491
1485	6737
1486	6591
1487	6531
1488	6449
1489	6669
1490	6651
1491	7607
1492	9237
1493	10297
1494	9767
1495	8230
1496	8831
1497	7549
1498	8580
1499	8072
1500	7713
1501	7319
1502	6171
1503	5882
1504	6085
1505	5855
1506	6715
1507	7220
1508	6122
1509	6054
1510	6432
1511	6209
1512	5890
1513	6049
1514	5449
1515	5710
1516	5780
1517	5681
1518	5557
1519	5607
1520	5904
1521	5716
1522	5616
1523	5953
1524	6052
1525	6216
1526	6314
1527	5548
1528	5840
1529	5559
1530	5710
1531	5865
1532	5931
1533	6095
1534	6129
1535	6214
1536	5999
1537	6834
1538	6211
1539	6722
1540	6081
1541	6180
1542	6577
1543	5751
1544	6298
1545	5788
1546	5667
1547	5932
1548	5765
1549	6047
1550	5941
1551	6032
1552	5673
1553	5721
1554	5771
1555	5891
1556	6353
1557	6167
1558	6521
1559	6594
1560	6409
1561	6369
1562	5749
1563	5786
1564	5666
1565	5714
1566	5837
1567	5795
1568	5937
1569	5586
1570	5799
1571	5653
1572	5507
1573	5933
1574	6065
1575	6266
1576	5590
1577	5445
1578	5476
1579	5352
1580	5187
1581	5449
1582	5413
1583	5718
1584	5907
1585	6254
1586	6478
1587	6737
1588	5827
1589	6148
1590	5701
1591	5816
1592	5700
1593	5948
1594	5869
1595	5581
1596	5295
1597	5259
1598	5557
1599	5899
1600	5923
1601	6138
1602	5628
1603	5785
1604	5808
1605	5701
1606	5654
1607	6077
1608	5322
1609	6006
1610	5601
1611	5349
1612	5382
1613	5554
1614	5666
1615	5782
1616	5522
1617	5408
1618	5466
1619	5673
1620	5493
1621	5911
1622	5780
1623	5767
1624	5704
1625	5888
1626	5683
1627	6020
1628	6399
1629	6494
1630	6572
1631	6181
1632	6419
1633	6185
1634	6606
1635	6605
1636	6497
1637	6424
1638	6574
1639	7489
1640	7219
1641	6882
1642	7041
1643	7229
1644	6745
1645	6782
1646	6130
1647	5944
1648	5800
1649	6030
1650	5813
1651	6212
1652	5746
1653	5762
1654	5679
1655	5420
1656	5574
1657	5367
1658	5657
1659	5614
1660	5482
1661	5713
1662	5677
1663	6023
1664	5884
1665	5904
1666	5795
1667	5924
1668	5751
1669	5406
1670	5891
1671	5803
1672	6067
1673	5857
1674	6176
1675	5732
1676	5439
1677	5463
1678	5610
1679	5537
1680	5737
1681	5867
1682	5959
1683	5950
1684	5503
1685	5553
1686	5342
1687	5517
1688	5590
1689	5291
1690	5365
1691	5886
1692	5812
1693	6107
1694	6091
1695	5753
1696	5729
1697	5889
1698	5528
1699	5513
1700	5509
1701	5665
1702	5519
1703	5658
1704	5723
1705	5688
1706	5991
1707	5448
1708	5525
1709	5890
1710	5869
1711	6006
1712	5752
1713	6181
1714	5835
1715	5778
1716	6032
1717	5824
1718	5838
1719	5328
1720	5407
1721	5566
1722	5483
1723	5749
1724	5508
1725	5477
1726	5310
1727	5612
1728	5310
1729	5445
1730	5483
1731	5457
1732	5422
1733	5280
1734	5389
1735	5142
1736	5045
1737	5536
1738	5363
1739	5155
1740	5281
1741	5257
1742	5113
1743	5159
1744	5195
1745	5150
1746	5206
1747	5323
1748	5199
1749	5255
1750	5196
1751	5150
1752	5125
1753	5514
1754	5301
1755	5476
1756	5120
1757	5411
1758	5287
1759	5557
1760	5472
1761	5336
1762	5289
1763	5308
1764	5178
1765	5624
1766	5165
1767	5565
1768	5484
1769	5531
1770	5284
1771	6399
1772	6243
1773	5994
1774	5631
1775	5049
1776	5238
1777	5233
1778	5127
1779	5048
1780	5044
1781	5154
1782	4840
1783	5069
1784	4872
1785	5078
1786	4939
1787	4923
1788	5045
1789	4977
1790	4928
1791	5146
1792	5048
1793	5179
1794	5009
1795	5027
1796	5040
1797	5105
1798	5007
1799	5208
1800	5283
1801	5236
1802	5352
1803	5595
1804	5440
1805	5564
1806	5839
1807	5553
1808	6024
1809	6073
1810	6199
1811	5677
1812	5595
1813	6119
1814	6978
1815	6772
1816	6529
1817	6947
1818	6070
1819	6413
1820	5956
1821	5415
1822	5624
1823	5369
1824	5492
1825	5170
1826	5085
1827	5087
1828	4996
1829	4734
1830	4881
1831	4875
1832	4842
1833	4595
1834	4751
1835	4831
1836	4836
1837	4717
1838	4846
1839	4684
1840	4569
1841	4643
1842	4899
1843	4836
1844	4536
1845	4784
1846	4929
1847	4660
1848	4856
1849	4807
1850	4954
1851	4734
1852	5316
1853	5123
1854	4898
1855	4977
1856	4789
1857	4907
1858	4784
1859	4999
1860	5090
1861	5330
1862	5730
1863	5596
1864	5817
1865	6449
1866	5505
1867	6270
1868	5725
1869	5934
1870	6356
1871	5741
1872	6590
1873	6082
1874	5809
1875	5176
1876	5370
1877	4992
1878	5003
1879	4700
1880	4734
1881	4711
1882	4633
1883	5010
1884	4704
1885	4623
1886	4502
1887	4702
1888	4622
1889	4764
1890	4795
1891	4696
1892	4702
1893	4660
1894	4596
1895	4705
1896	4819
1897	4572
1898	4611
1899	4658
1900	4710
1901	4660
1902	4578
1903	4791
1904	4636
1905	4850
1906	4758
1907	4574
1908	4641
1909	4722
1910	4895
1911	4633
1912	4613
1913	4747
1914	4944
1915	4939
1916	4745
1917	4921
1918	4905
1919	4666
1920	4819
1921	4885
1922	5061
1923	4606
1924	4480
1925	4629
1926	4327
1927	4419
1928	4302
1929	4389
1930	4437
1931	4452
1932	4332
1933	4301
1934	4281
1935	4265
1936	4465
1937	4410
1938	4468
1939	4517
1940	4403
1941	4485
1942	4469
1943	4461
1944	4552
1945	4586
1946	4521
1947	4348
1948	4402
1949	4262
1950	4472
1951	4222
1952	4315
1953	4608
1954	4508
1955	4412
1956	4450
1957	4617
1958	4491
1959	4360
1960	4554
1961	4440
1962	4523
1963	4628
1964	4757
1965	4765
1966	4423
1967	4559
1968	4421
1969	4597
1970	4563
1971	4634
1972	4634
1973	4715
1974	4797
1975	4727
1976	4812
1977	4930
1978	4750
1979	5304
1980	5393
1981	5714
1982	5769
1983	5240
1984	5068
1985	5060
1986	5029
1987	4910
1988	4726
1989	4730
1990	5171
1991	5285
1992	5463
1993	5170
1994	5488
1995	5132
1996	5102
1997	5577
1998	5777
1999	5696
2000	5709
2001	5848
2002	5758
2003	5777
2004	5537
2005	5300
2006	5298
2007	5460
2008	6099
2009	5843
2010	5990
2011	5535
2012	5461
2013	5782
2014	5785
2015	5804
2016	5902
2017	5449
2018	5840
2019	5522
2020	5715
2021	5662
2022	6013
2023	5954
2024	5801
2025	5555
2026	5352
2027	5635
2028	5395
2029	5261
2030	5109
2031	5032
2032	4944
2033	5037
2034	5181
2035	5227
2036	4993
2037	4909
2038	5220
2039	5286
2040	5455
2041	5283
2042	5412
2043	5390
2044	5330
2045	5170
2046	5653
2047	5454
2048	5540
2049	5549
2050	5808
2051	5849
2052	5699
2053	5523
2054	6074
2055	5861
2056	5884
2057	6654
2058	7308
2059	6181
2060	6111
2061	6293
2062	5603
2063	5707
2064	6109
2065	5603
2066	5844
2067	5812
2068	5512
2069	5863
2070	5553
2071	5687
2072	5480
2073	5626
2074	5745
2075	5628
2076	5412
2077	5264
2078	5568
2079	5595
2080	5254
2081	5486
2082	5305
2083	5176
2084	5398
2085	5274
2086	5118
2087	5188
2088	5429
2089	5098
2090	5049
2091	5013
2092	4833
2093	4696
2094	4610
2095	4627
2096	4656
2097	4677
2098	4510
2099	4473
2100	4563
2101	4598
2102	4678
2103	4542
2104	4598
2105	4631
2106	4512
2107	4384
2108	4230
2109	4532
2110	4469
2111	4370
2112	4316
2113	4229
2114	4286
2115	4252
2116	4175
2117	4264
2118	4573
2119	4520
2120	4429
2121	4441
2122	4471
2123	4338
2124	4354
2125	4350
2126	4478
2127	4631
2128	4533
2129	4396
2130	4347
2131	4425
2132	4428
2133	4348
2134	4170
2135	4585
2136	4065
2137	4443
2138	4301
2139	4099
2140	4156
2141	4264
2142	4365
2143	4253
2144	4425
2145	4255
2146	4287
2147	4266
2148	4493
2149	4280
2150	4168
2151	4425
2152	4139
2153	4230
2154	4222
2155	4285
2156	4143
2157	4091
2158	4004
2159	3981
2160	3981
2161	3960
2162	4058
2163	3916
2164	4149
2165	4157
2166	4201
2167	4148
2168	4137
2169	4154
2170	4244
2171	4481
2172	4455
2173	4285
2174	4294
2175	4279
2176	4081
2177	4058
2178	4191
2179	4354
2180	4109
2181	4125
2182	3964
2183	4017
2184	3872
2185	3901
2186	3829
2187	3825
2188	3807
2189	3827
2190	3954
2191	3856
2192	3692
2193	3783
2194	3590
2195	3823
2196	3789
2197	3881
2198	3759
2199	3847
2200	4010
2201	3984
2202	4146
2203	4219
2204	4252
2205	4370
2206	4096
2207	4133
2208	4091
2209	4232
2210	4169
2211	4298
2212	4051
2213	4057
2214	3893
2215	3896
2216	3980
2217	4306
2218	4209
2219	4289
2220	3966
2221	3950
2222	3967
2223	3818
2224	4073
2225	3938
2226	4304
2227	4083
2228	3899
2229	3810
2230	3577
2231	3747
2232	3926
2233	3919
2234	4037
2235	3867
2236	3951
2237	3847
2238	3860
2239	3903
2240	4023
2241	4011
2242	4217
2243	4029
2244	4054
2245	3885
2246	4101
2247	3982
2248	3957
2249	3818
2250	4088
2251	3988
2252	3936
2253	3941
2254	4106
2255	4051
2256	4105
2257	4115
2258	4459
2259	4685
2260	4287
2261	4314
2262	4102
2263	4130
2264	4160
2265	4187
2266	4093
2267	4003
2268	4123
2269	4133
2270	4065
2271	3932
2272	3778
2273	3995
2274	3781
2275	4088
2276	4164
2277	4052
2278	4269
2279	3999
2280	3795
2281	3903
2282	3738
2283	4023
2284	3833
2285	3970
2286	3753
2287	3818
2288	3888
2289	3803
2290	3790
2291	3840
2292	3906
2293	3722
2294	3757
2295	3905
2296	3828
2297	4243
2298	4153
2299	3989
2300	3795
2301	3937
2302	4172
2303	3922
2304	3928
2305	3860
2306	3692
2307	3774
2308	3762
2309	3923
2310	3817
2311	3738
2312	3885
2313	3925
2314	3845
2315	3708
2316	3812
2317	3758
2318	3965
2319	4100
2320	4067
2321	3947
2322	3778
2323	3887
2324	4037
2325	4191
2326	4144
2327	4168
2328	4531
2329	4898
2330	4080
2331	3670
2332	3706
2333	3696
2334	3788
2335	3779
2336	3867
2337	3874
2338	4079
2339	3968
2340	4329
2341	4032
2342	4100
2343	3893
2344	3988
2345	4104
2346	4269
2347	4092
2348	4230
2349	3992
2350	3796
2351	3737
2352	3867
2353	3833
2354	3974
2355	4060
2356	3909
2357	3955
2358	4045
2359	3974
2360	4055
2361	3970
2362	4093
2363	3776
2364	3860
2365	3819
2366	3652
2367	3722
2368	3920
2369	3928
2370	4164
2371	4102
2372	3896
2373	3898
2374	4010
2375	3946
2376	4089
2377	3886
2378	3942
2379	4025
2380	3664
2381	4108
2382	4329
2383	4030
2384	3840
2385	4171
2386	4138
2387	3989
2388	4054
2389	3974
2390	4001
2391	4172
2392	4418
2393	4306
2394	4023
2395	4010
2396	4137
2397	4344
2398	5121
2399	6581
2400	6252
2401	7170
2402	5636
2403	5658
2404	5408
2405	7241
2406	6842
2407	4530
2408	4907
2409	4152
2410	3802
2411	3878
2412	3672
2413	3742
2414	3996
2415	4069
2416	4093
2417	3923
2418	3980
2419	3888
2420	3837
2421	3890
2422	3884
2423	3574
2424	3764
2425	3775
2426	3883
2427	3876
2428	4006
2429	3749
2430	3594
2431	3850
2432	3740
2433	3767
2434	3604
2435	3628
2436	3551
2437	3526
2438	3541
2439	3630
2440	3476
2441	3382
2442	3499
2443	3466
2444	3409
2445	3541
2446	3349
2447	3578
2448	3545
2449	3599
2450	3312
2451	3417
2452	3594
2453	3732
2454	3387
2455	3354
2456	3427
2457	3260
2458	3349
2459	3239
2460	3426
2461	3535
2462	3343
2463	3298
2464	3375
2465	3366
2466	3171
2467	3133
2468	3209
2469	3298
2470	3334
2471	3296
2472	3338
2473	3367
2474	3309
2475	3419
2476	3298
2477	3218
2478	3385
2479	3398
2480	3340
2481	3472
2482	3249
2483	3436
2484	3308
2485	3477
2486	3435
2487	3498
2488	3534
2489	3443
2490	3695
2491	3723
2492	3860
2493	3690
2494	3800
2495	3617
2496	3673
2497	3608
2498	3686
2499	3503
2500	3659
2501	3459
2502	3653
2503	3567
2504	3551
2505	3664
2506	3538
2507	3685
2508	3628
2509	3558
2510	3580
2511	3583
2512	3935
2513	3943
2514	3944
2515	3896
2516	3730
2517	3783
2518	3581
2519	3588
2520	3582
2521	3674
2522	3919
2523	3676
2524	3947
2525	3903
2526	3738
2527	3854
2528	4252
2529	4148
2530	3932
2531	4225
2532	4174
2533	4004
2534	3931
2535	4236
2536	3892
2537	4043
2538	3985
2539	3863
2540	3895
2541	3779
2542	4346
2543	3893
2544	3877
2545	3911
2546	3880
2547	4294
2548	3858
2549	3896
2550	3883
2551	3878
2552	3911
2553	3847
2554	3710
2555	4072
2556	4034
2557	4657
2558	4037
2559	4290
2560	3836
2561	4246
2562	4145
2563	3925
2564	4407
2565	4378
2566	5365
2567	4462
2568	5154
2569	4174
2570	5285
2571	4262
2572	4187
2573	4126
2574	3789
2575	4228
2576	3927
2577	4311
2578	4102
2579	4574
2580	4116
2581	4549
2582	4126
2583	4116
2584	4123
2585	3512
2586	3917
2587	3793
2588	3902
2589	3876
2590	4006
2591	4074
2592	4030
2593	3914
2594	3667
2595	4041
2596	3460
2597	3644
2598	3635
2599	3359
2600	3463
2601	3555
2602	3514
2603	3443
2604	3442
2605	3656
2606	3642
2607	3618
2608	3429
2609	3404
2610	3318
2611	3338
2612	3417
2613	3297
2614	3405
2615	3433
2616	3584
2617	3610
2618	3612
2619	3617
2620	3382
2621	3412
2622	3691
2623	3790
2624	3549
2625	3661
2626	3681
2627	3482
2628	3446
2629	3824
2630	4684
2631	3459
2632	3606
2633	3652
2634	3533
2635	3410
2636	3603
2637	3578
2638	3527
2639	3668
2640	3522
2641	3519
2642	3404
2643	3582
2644	3463
2645	3514
2646	3453
2647	3354
2648	3418
2649	3425
2650	3520
2651	3423
2652	3568
2653	3790
2654	3615
2655	3538
2656	3640
2657	3712
2658	3782
2659	3690
2660	3741
2661	3719
2662	3770
2663	3766
2664	3837
2665	3908
2666	3618
2667	3913
2668	3774
2669	3615
2670	4202
2671	3700
2672	4197
2673	3458
2674	3650
2675	3981
2676	3663
2677	3672
2678	4161
2679	5696
2680	3834
2681	3483
2682	3672
2683	3827
2684	3667
2685	3872
2686	3708
2687	3628
2688	3745
2689	3842
2690	3592
2691	3931
2692	3407
2693	3454
2694	3273
2695	3735
2696	3671
2697	3596
2698	3538
2699	3584
2700	3715
2701	3520
2702	3732
2703	3677
2704	3728
2705	3737
2706	3553
2707	3762
2708	3632
2709	4001
2710	4112
2711	4041
2712	3639
2713	3508
2714	3656
2715	3493
2716	3786
2717	3783
2718	3971
2719	4083
2720	4090
2721	4085
2722	4049
2723	3757
2724	3704
2725	3492
2726	3571
2727	3992
2728	4099
2729	3873
2730	3668
2731	3790
2732	3578
2733	3685
2734	3624
2735	3803
2736	3418
2737	3664
2738	3652
2739	3965
2740	3892
2741	3732
2742	3801
2743	3599
2744	3821
2745	3954
2746	3777
2747	4164
2748	3503
2749	3650
2750	3406
2751	3495
2752	3534
2753	3465
2754	3392
2755	3441
2756	3372
2757	3568
2758	3532
2759	3670
2760	3571
2761	3961
2762	4167
2763	4302
2764	4424
2765	4989
2766	4125
2767	4594
2768	4760
2769	5194
2770	5343
2771	4845
2772	4348
2773	4628
2774	4209
2775	4425
2776	5025
2777	4264
2778	4236
2779	3691
2780	3900
2781	4176
2782	3940
2783	4279
2784	3923
2785	3772
2786	3490
2787	3512
2788	3361
2789	3460
2790	3728
2791	3472
2792	3367
2793	3268
2794	3271
2795	3278
2796	3282
2797	3275
2798	3402
2799	3333
2800	3263
2801	3214
2802	3391
2803	3604
2804	3412
2805	3494
2806	3471
2807	3672
2808	3942
2809	4029
2810	4403
2811	3845
2812	4248
2813	4339
2814	4419
2815	4837
2816	5377
2817	6220
2818	4837
2819	5374
2820	4677
2821	6300
2822	7846
2823	8112
2824	7664
2825	6367
2826	6824
2827	5207
2828	4859
2829	3628
2830	3772
2831	3343
2832	3279
2833	3352
2834	3172
2835	3321
2836	3144
2837	3230
2838	3223
2839	3334
2840	3491
2841	3457
2842	3461
2843	3504
2844	3510
2845	3250
2846	3400
2847	3496
2848	3664
2849	3427
2850	3792
2851	3235
2852	3371
2853	3384
2854	3424
2855	3349
2856	3469
2857	3386
2858	3265
2859	3298
2860	3667
2861	3850
2862	3886
2863	4534
2864	3967
2865	4047
2866	3443
2867	3750
2868	3700
2869	3512
2870	3331
2871	3478
2872	3171
2873	3310
2874	3337
2875	3432
2876	3363
2877	3236
2878	3333
2879	3304
2880	3394
2881	3738
2882	3873
2883	4150
2884	3709
2885	3673
2886	3894
2887	3800
2888	4160
2889	4064
2890	3768
2891	4107
2892	4116
2893	5153
2894	3909
2895	3597
2896	3463
2897	3333
2898	3724
2899	3585
2900	3910
2901	4131
2902	3900
2903	3934
2904	3488
2905	3661
2906	3677
2907	3635
2908	3864
2909	3660
2910	3476
2911	3549
2912	3317
2913	3127
2914	3095
2915	2982
2916	2914
2917	3062
2918	3329
2919	3430
2920	3066
2921	3191
2922	2869
2923	2916
2924	3007
2925	3057
2926	2897
2927	2918
2928	2834
2929	2786
2930	2709
2931	2843
2932	2917
2933	2908
2934	2823
2935	2685
2936	2758
2937	2880
2938	2786
2939	2803
2940	2747
2941	2726
2942	3026
2943	2870
2944	3089
2945	2881
2946	2848
2947	2851
2948	2925
2949	2836
2950	2801
2951	2742
2952	2805
2953	2893
2954	2816
2955	2958
2956	2823
2957	2678
2958	2850
2959	2814
2960	2828
2961	2980
2962	3031
2963	2810
2964	2967
2965	2900
2966	2992
2967	2922
2968	2934
2969	3014
2970	3224
2971	3087
2972	3017
2973	2977
2974	3117
2975	3035
2976	2894
2977	3198
2978	3052
2979	3123
2980	3023
2981	2933
2982	2995
2983	2790
2984	3064
2985	2719
2986	2779
2987	2998
2988	2949
2989	3081
2990	2961
2991	2851
2992	2952
2993	3078
2994	2892
2995	3020
2996	3206
2997	3212
2998	3305
2999	3008
3000	3038
3001	3147
3002	3243
3003	3193
3004	3229
3005	3245
3006	3111
3007	3098
3008	3181
3009	3268
3010	3100
3011	3198
3012	3073
3013	2996
3014	3114
3015	3177
3016	2979
3017	2965
3018	3045
3019	2898
3020	3135
3021	3024
3022	3090
3023	2949
3024	3120
3025	3059
3026	2796
3027	3094
3028	3142
3029	3145
3030	3081
3031	2910
3032	2902
3033	2822
3034	2761
3035	2917
3036	2856
3037	2990
3038	2978
3039	3075
3040	2955
3041	2950
3042	2891
3043	3054
3044	3098
3045	3246
3046	2983
3047	3302
3048	3579
3049	3546
3050	3424
3051	3718
3052	3537
3053	4122
3054	4212
3055	4074
3056	4257
3057	4325
3058	4072
3059	4540
3060	4342
3061	3609
3062	3924
3063	3462
3064	3543
3065	3886
3066	3262
3067	3344
3068	3269
3069	3036
3070	3286
3071	3170
3072	3181
3073	3183
3074	3328
3075	3424
3076	3240
3077	3468
3078	3384
3079	3359
3080	3272
3081	3253
3082	3219
3083	3097
3084	3406
3085	3439
3086	3289
3087	3484
3088	3469
3089	3227
3090	3348
3091	3143
3092	3241
3093	3224
3094	3178
3095	3433
3096	3248
3097	3378
3098	3377
3099	3119
3100	3118
3101	3169
3102	3183
3103	3129
3104	3260
3105	3072
3106	3332
3107	3017
3108	3130
3109	3142
3110	3035
3111	2941
3112	3032
3113	2931
3114	3119
3115	3211
3116	3243
3117	3082
3118	3107
3119	2986
3120	2903
3121	2931
3122	2887
3123	3044
3124	3043
3125	3161
3126	2810
3127	3043
3128	2814
3129	2782
3130	2925
3131	2839
3132	3009
3133	2978
3134	3058
3135	3021
3136	2940
3137	3016
3138	3081
3139	3026
3140	3065
3141	3145
3142	3180
3143	3206
3144	3336
3145	3194
3146	3084
3147	3042
3148	3003
3149	3011
3150	2972
3151	2961
3152	3030
3153	3045
3154	3022
3155	3036
3156	3205
3157	2998
3158	3005
3159	3007
3160	3340
3161	3122
3162	3247
3163	3228
3164	3268
3165	3262
3166	3356
3167	3118
3168	3115
3169	3074
3170	3128
3171	3049
3172	2983
3173	3147
3174	3041
3175	2972
3176	3152
3177	2983
3178	3037
3179	3072
3180	2968
3181	3044
3182	3246
3183	3219
3184	3143
3185	3022
3186	2938
3187	3042
3188	2989
3189	2986
3190	2957
3191	3146
3192	3098
3193	3065
3194	3025
3195	3096
3196	2958
3197	3084
3198	2962
3199	3004
3200	2904
3201	3148
3202	2841
3203	2775
3204	2967
3205	2948
3206	3007
3207	3153
3208	3038
3209	3162
3210	3074
3211	3080
3212	2998
3213	2984
3214	2874
3215	2947
3216	2942
3217	2900
3218	2962
3219	3014
3220	2907
3221	2997
3222	3057
3223	3103
3224	3146
3225	3099
3226	3055
3227	3177
3228	3015
3229	3027
3230	3221
3231	3247
3232	3470
3233	3394
3234	3214
3235	3511
3236	3439
3237	3438
3238	3726
3239	3441
3240	3377
3241	3363
3242	3251
3243	3448
3244	3477
3245	3501
3246	3340
3247	3402
3248	3307
3249	3301
3250	3508
3251	3469
3252	3108
3253	3107
3254	2936
3255	3046
3256	3033
3257	3069
3258	3025
3259	2963
3260	3232
3261	3492
3262	3474
3263	3376
3264	3064
3265	3183
3266	3099
3267	3108
3268	3173
3269	3130
3270	3122
3271	3084
3272	3173
3273	2930
3274	3149
3275	3080
3276	3106
3277	3121
3278	3095
3279	3147
3280	3203
3281	3268
3282	3101
3283	3157
3284	3231
3285	3288
3286	3484
3287	3411
3288	3288
3289	3443
3290	3259
3291	3139
3292	3178
3293	3147
3294	2987
3295	3128
3296	3038
3297	3043
3298	3162
3299	3247
3300	3116
3301	3503
3302	3275
3303	3214
3304	3139
3305	3147
3306	3057
3307	3032
3308	2929
3309	2991
3310	3058
3311	3298
3312	3340
3313	3588
3314	3158
3315	3373
3316	3509
3317	4117
3318	3631
3319	3783
3320	3641
3321	3662
3322	3880
3323	3754
3324	3618
3325	3225
3326	3570
3327	3190
3328	3631
3329	3121
3330	3320
3331	3156
3332	2990
3333	3166
3334	3194
3335	3780
3336	3584
3337	3403
3338	4066
3339	3399
3340	4352
3341	3683
3342	3673
3343	3893
3344	4052
3345	4088
3346	3896
3347	4211
3348	3782
3349	3938
3350	3778
3351	4026
3352	3581
3353	3650
3354	3377
3355	3691
3356	3565
3357	3818
3358	3926
3359	4067
3360	4021
3361	3991
3362	3722
3363	3437
3364	3542
3365	3519
3366	3730
3367	3541
3368	3244
3369	3411
3370	3567
3371	3622
3372	3861
3373	4081
3374	3483
3375	3406
3376	3563
3377	3481
3378	3545
3379	3523
3380	3608
3381	3488
3382	3558
3383	3445
3384	4120
3385	4571
3386	4791
3387	4319
3388	3752
3389	3507
3390	3524
3391	3197
3392	3023
3393	3018
3394	2757
3395	2820
3396	2712
3397	2766
3398	2654
3399	2801
3400	2847
3401	2873
3402	2756
3403	2839
3404	2705
3405	2834
3406	2701
3407	2681
3408	2712
3409	2746
3410	2668
3411	2791
3412	2680
3413	2726
3414	2709
3415	2946
3416	2966
3417	2998
3418	2742
3419	2668
3420	2804
3421	2906
3422	2724
3423	2711
3424	2796
3425	2730
3426	2675
3427	2526
3428	2501
3429	2669
3430	2449
3431	2517
3432	2512
3433	2539
3434	2595
3435	2700
3436	2655
3437	2504
3438	2667
3439	2546
3440	2595
3441	2537
3442	2395
3443	2643
3444	2568
3445	2420
3446	2512
3447	2579
3448	2496
3449	2621
3450	2567
3451	2662
3452	2556
3453	2492
3454	2439
3455	2725
3456	2570
3457	2513
3458	2577
3459	2488
3460	2467
3461	2545
3462	2535
3463	2599
3464	2419
3465	2580
3466	2552
3467	2465
3468	2390
3469	2595
3470	2431
3471	2425
3472	2415
3473	2547
3474	2524
3475	2486
3476	2546
3477	2441
3478	2383
3479	2420
3480	2589
3481	2587
3482	2385
3483	2466
3484	2411
3485	2393
3486	2497
3487	2543
3488	2428
3489	2554
3490	2535
3491	2482
3492	2495
3493	2566
3494	2424
3495	2627
3496	2557
3497	2495
3498	2543
3499	2522
3500	2603
3501	2711
3502	2490
3503	2469
3504	2378
3505	2511
3506	2708
3507	2547
3508	2550
3509	2451
3510	2382
3511	2502
3512	2449
3513	2557
3514	2496
3515	2554
3516	2505
3517	2523
3518	2453
3519	2397
3520	2466
3521	2504
3522	2416
3523	2488
3524	2643
3525	2621
3526	2607
3527	2499
3528	2452
3529	2633
3530	2553
3531	2521
3532	2541
3533	2479
3534	2525
3535	2557
3536	2490
3537	2554
3538	2548
3539	2624
3540	2596
3541	2481
3542	2744
3543	2636
3544	2483
3545	2731
3546	2718
3547	2753
3548	2771
3549	2688
3550	2642
3551	2604
3552	2468
3553	2484
3554	2500
3555	2589
3556	2512
3557	2524
3558	2516
3559	2513
3560	2442
3561	2550
3562	2829
3563	2641
3564	2742
3565	2483
3566	2584
3567	2509
3568	2494
3569	2553
3570	2493
3571	2655
3572	2743
3573	2697
3574	2677
3575	2571
3576	2738
3577	2816
3578	2721
3579	2702
3580	2869
3581	2805
3582	2832
3583	2668
3584	2545
3585	2665
3586	2690
3587	2634
3588	2685
3589	2529
3590	2504
3591	2518
3592	2641
3593	2648
3594	2677
3595	2463
3596	2663
3597	2674
3598	2583
3599	2515
3600	2612
3601	2440
3602	2571
3603	2555
3604	2645
3605	2495
3606	2541
3607	2656
3608	2630
3609	2730
3610	2773
3611	2650
3612	2453
3613	2558
3614	2529
3615	2501
3616	2595
3617	2557
3618	2870
3619	3045
3620	2643
3621	2709
3622	2849
3623	3358
3624	3222
3625	3100
3626	2911
3627	2904
3628	2953
3629	2840
3630	2560
3631	2420
3632	2507
3633	2394
3634	2260
3635	2318
3636	2391
3637	2368
3638	2515
3639	2427
3640	2373
3641	2288
3642	2418
3643	2460
3644	2502
3645	2401
3646	2447
3647	2388
3648	2389
3649	2404
3650	2261
3651	2540
3652	2429
3653	2386
3654	2399
3655	2387
3656	2485
3657	2398
3658	2407
3659	2406
3660	2375
3661	2321
3662	2256
3663	2383
3664	2424
3665	2397
3666	2437
3667	2582
3668	2620
3669	2718
3670	2689
3671	3080
3672	3141
3673	4343
3674	4327
3675	6429
3676	4294
3677	4116
3678	3614
3679	3806
3680	4556
3681	2966
3682	2880
3683	2980
3684	2676
3685	2714
3686	2789
3687	2743
3688	2667
3689	2617
3690	2746
3691	2762
3692	2782
3693	2741
3694	2864
3695	2973
3696	2904
3697	2918
3698	2999
3699	3256
3700	3673
3701	3603
3702	3107
3703	2989
3704	3027
3705	3005
3706	3098
3707	2935
3708	2884
3709	2984
3710	2983
3711	3088
3712	3395
3713	3373
3714	2909
3715	3196
3716	3619
3717	3422
3718	3655
3719	2606
3720	2715
3721	2682
3722	2716
3723	2785
3724	2638
3725	2832
3726	2843
3727	2878
3728	2727
3729	2646
3730	2610
3731	2655
3732	2621
3733	2561
3734	2542
3735	2697
3736	2786
3737	2856
3738	2838
3739	2509
3740	2643
3741	2706
3742	2605
3743	2484
3744	2594
3745	2598
3746	2852
3747	2850
3748	2952
3749	2863
3750	2710
3751	2785
3752	2810
3753	3057
3754	2928
3755	3735
3756	2871
3757	3017
3758	3154
3759	3413
3760	2822
3761	2747
3762	2545
3763	2661
3764	2759
3765	2773
3766	2818
3767	3008
3768	3152
3769	3249
3770	2927
3771	3927
3772	3489
3773	3795
3774	4347
3775	3514
3776	2954
3777	3112
3778	2526
3779	2939
3780	2721
3781	2788
3782	2904
3783	2763
3784	3119
3785	2819
3786	2949
3787	3008
3788	3084
3789	2840
3790	2845
3791	2939
3792	2860
3793	2732
3794	2744
3795	2613
3796	2742
3797	2690
3798	2650
3799	2748
3800	2697
3801	2914
3802	2812
3803	2890
3804	2645
3805	2776
3806	2652
3807	2819
3808	2709
3809	2609
3810	2753
3811	2441
3812	2637
3813	2543
3814	2671
3815	2878
3816	2808
3817	2771
3818	2551
3819	2975
3820	2545
3821	2585
3822	2488
3823	2747
3824	2565
3825	2604
3826	2713
3827	2639
3828	3087
3829	2577
3830	2427
3831	2661
3832	2642
3833	2782
3834	2589
3835	2555
3836	3277
3837	2659
3838	2832
3839	2511
3840	2529
3841	2458
3842	2500
3843	2475
3844	2407
3845	2265
3846	2440
3847	2526
3848	2552
3849	2445
3850	2468
3851	2386
3852	2544
3853	2438
3854	2302
3855	2287
3856	2239
3857	2396
3858	2201
3859	2378
3860	2281
3861	2395
3862	2301
3863	2390
3864	2165
3865	2173
3866	2200
3867	2280
3868	2295
3869	2198
3870	2103
3871	2096
3872	2219
3873	2285
3874	2274
3875	2225
3876	2290
3877	2341
3878	2410
3879	2400
3880	2389
3881	2447
3882	2412
3883	2331
3884	2379
3885	2344
3886	2498
3887	2168
3888	2389
3889	2316
3890	2374
3891	2297
3892	2474
3893	2592
3894	2485
3895	2523
3896	2450
3897	2481
3898	2555
3899	2617
3900	2550
3901	2682
3902	2555
3903	2467
3904	2648
3905	2684
3906	2854
3907	2949
3908	2961
3909	2896
3910	2641
3911	2609
3912	2529
3913	2534
3914	2569
3915	2465
3916	2619
3917	2565
3918	2448
3919	2438
3920	2427
3921	2388
3922	2446
3923	2375
3924	2426
3925	2599
3926	2311
3927	2319
3928	2408
3929	2344
3930	2390
3931	2412
3932	2531
3933	2513
3934	2402
3935	2524
3936	2597
3937	2709
3938	3085
3939	2977
3940	2796
3941	2557
3942	2715
3943	2769
3944	2628
3945	2623
3946	2498
3947	2533
3948	2503
3949	2415
3950	2589
3951	2390
3952	2478
3953	2674
3954	2658
3955	2704
3956	2952
3957	2899
3958	2759
3959	2732
3960	2913
3961	2616
3962	2738
3963	2387
3964	2623
3965	2411
3966	2396
3967	2244
3968	2404
3969	2312
3970	2442
3971	2603
3972	2524
3973	2441
3974	2604
3975	2499
3976	2685
3977	2395
3978	2527
3979	2398
3980	2468
3981	2386
3982	2268
3983	2314
3984	2226
3985	2447
3986	2348
3987	2455
3988	2405
3989	2329
3990	2508
3991	2321
3992	2277
3993	2326
3994	2437
3995	2549
3996	2189
3997	2217
3998	2398
3999	2445
4000	2444
4001	2412
4002	2477
4003	2394
4004	2485
4005	2326
4006	2276
4007	2374
4008	2376
4009	2442
4010	2580
4011	2351
4012	2484
4013	2838
4014	2708
4015	3061
4016	2703
4017	3090
4018	2788
4019	2856
4020	2803
4021	2925
4022	2819
4023	2918
4024	3093
4025	3048
4026	2946
4027	2828
4028	3067
4029	2774
4030	3443
4031	3765
4032	6676
4033	4614
4034	5679
4035	8385
4036	4064
4037	4911
4038	3631
4039	3153
4040	3087
4041	3301
4042	3096
4043	2902
4044	3090
4045	2700
4046	2786
4047	2518
4048	2631
4049	2435
4050	2456
4051	2494
4052	2592
4053	2438
4054	2482
4055	2437
4056	2618
4057	2468
4058	2386
4059	2494
4060	2546
4061	2699
4062	2507
4063	2521
4064	2542
4065	2674
4066	2779
4067	2669
4068	2961
4069	2651
4070	2858
4071	2601
4072	2649
4073	2488
4074	2480
4075	2478
4076	2684
4077	2476
4078	2439
4079	2580
4080	2737
4081	2531
4082	2514
4083	2672
4084	2507
4085	2548
4086	2517
4087	2608
4088	2560
4089	2396
4090	2423
4091	2832
4092	2613
4093	2604
4094	2613
4095	2671
4096	2759
4097	2982
4098	3808
4099	2870
4100	2995
4101	2680
4102	2654
4103	2658
4104	2608
4105	2644
4106	2676
4107	2710
4108	2835
4109	3157
4110	2855
4111	2697
4112	2551
4113	2689
4114	2542
4115	2425
4116	2516
4117	2477
4118	2531
4119	2460
4120	2482
4121	2477
4122	2613
4123	2554
4124	2689
4125	2644
4126	2732
4127	2977
4128	2529
4129	2765
4130	2563
4131	2778
4132	2440
4133	2609
4134	2653
4135	2495
4136	2369
4137	2459
4138	2433
4139	2387
4140	2206
4141	2376
4142	2309
4143	2265
4144	2403
4145	2405
4146	2498
4147	2747
4148	2591
4149	2503
4150	2559
4151	2439
4152	2427
4153	2451
4154	2441
4155	2391
4156	2411
4157	2534
4158	2380
4159	2482
4160	2391
4161	2359
4162	2268
4163	2249
4164	2188
4165	2366
4166	2171
4167	2525
4168	2190
4169	2372
4170	2324
4171	2433
4172	2257
4173	2533
4174	2505
4175	2260
4176	2175
4177	2221
4178	2193
4179	2255
4180	2000
4181	2140
4182	2042
4183	2091
4184	2047
4185	2083
4186	2035
4187	2047
4188	2142
4189	2130
4190	2188
4191	2038
4192	1999
4193	2154
4194	1997
4195	2139
4196	2105
4197	2145
4198	2166
4199	2153
4200	2054
4201	2016
4202	2071
4203	2052
4204	2004
4205	2261
4206	2150
4207	2206
4208	2120
4209	2187
4210	1999
4211	2142
4212	2006
4213	2066
4214	2072
4215	2082
4216	1985
4217	1991
4218	2086
4219	1870
4220	2015
4221	2174
4222	2072
4223	1949
4224	2065
4225	2033
4226	2147
4227	2105
4228	2298
4229	2132
4230	2129
4231	2003
4232	2100
4233	2118
4234	2013
4235	2188
4236	2194
4237	2097
4238	2069
4239	2104
4240	2003
4241	2140
4242	1994
4243	2087
4244	1992
4245	2031
4246	2003
4247	2165
4248	2151
4249	2264
4250	2226
4251	2156
4252	2156
4253	1971
4254	2148
4255	2234
4256	2107
4257	2118
4258	2000
4259	1941
4260	2165
4261	2082
4262	2150
4263	2262
4264	2146
4265	2191
4266	2134
4267	2384
4268	2258
4269	2062
4270	2099
4271	2153
4272	2208
4273	2141
4274	2120
4275	2175
4276	2166
4277	2183
4278	2201
4279	2223
4280	2294
4281	2275
4282	2412
4283	2243
4284	2299
4285	2188
4286	2127
4287	2146
4288	2140
4289	2260
4290	2190
4291	2257
4292	2259
4293	2289
4294	2361
4295	2418
4296	2397
4297	2257
4298	2356
4299	2391
4300	2315
4301	2416
4302	2390
4303	2317
4304	2315
4305	2386
4306	2579
4307	2378
4308	2376
4309	2237
4310	2441
4311	2354
4312	2470
4313	2330
4314	2303
4315	2351
4316	2314
4317	2372
4318	2436
4319	2197
4320	2356
4321	2230
4322	2151
4323	2225
4324	2129
4325	2323
4326	2190
4327	2115
4328	2219
4329	2075
4330	1967
4331	2074
4332	2091
4333	1928
4334	2171
4335	1998
4336	2140
4337	2046
4338	1933
4339	2071
4340	1908
4341	2047
4342	1928
4343	2030
4344	2066
4345	2078
4346	1836
4347	1850
4348	1860
4349	1965
4350	1943
4351	2041
4352	1991
4353	1935
4354	1968
4355	1938
4356	1875
4357	1820
4358	1895
4359	1893
4360	2028
4361	1901
4362	1878
4363	1914
4364	1918
4365	1957
4366	1910
4367	2002
4368	1905
4369	1995
4370	2132
4371	1946
4372	2150
4373	1976
4374	2110
4375	2204
4376	2378
4377	2371
4378	2264
4379	2156
4380	2187
4381	2284
4382	2239
4383	2149
4384	2015
4385	2024
4386	1921
4387	1932
4388	1863
4389	1889
4390	1750
4391	1896
4392	1914
4393	1843
4394	1793
4395	1940
4396	1861
4397	1788
4398	1931
4399	1892
4400	1957
4401	1850
4402	1841
4403	2143
4404	1983
4405	2021
4406	2085
4407	2234
4408	2166
4409	2125
4410	2097
4411	1881
4412	1968
4413	2113
4414	2060
4415	2009
4416	1964
4417	1991
4418	1941
4419	1826
4420	1892
4421	1911
4422	2212
4423	2092
4424	2114
4425	2123
4426	2527
4427	2645
4428	3061
4429	2287
4430	2527
4431	2507
4432	2293
4433	2258
4434	2085
4435	1806
4436	1868
4437	1798
4438	1733
4439	1759
4440	1810
4441	1738
4442	1750
4443	1831
4444	1664
4445	1811
4446	1712
4447	1743
4448	1718
4449	1804
4450	1904
4451	1938
4452	1952
4453	1857
4454	1830
4455	1783
4456	1876
4457	1878
4458	1957
4459	1830
4460	1851
4461	1852
4462	1964
4463	2072
4464	2093
4465	2166
4466	2366
4467	1844
4468	1698
4469	1793
4470	1779
4471	1726
4472	1837
4473	1779
4474	1744
4475	1789
4476	1726
4477	1720
4478	1775
4479	1746
4480	1779
4481	1857
4482	1827
4483	1690
4484	1707
4485	1786
4486	1709
4487	1749
4488	1625
4489	1669
4490	1830
4491	1851
4492	1766
4493	1745
4494	1743
4495	1904
4496	1867
4497	1738
4498	1710
4499	1653
4500	1692
4501	1751
4502	1816
4503	1814
4504	1745
4505	1729
4506	1797
4507	1670
4508	1791
4509	1815
4510	1714
4511	1809
4512	1744
4513	1696
4514	1819
4515	1790
4516	1675
4517	1691
4518	1702
4519	1704
4520	1728
4521	1740
4522	1794
4523	1793
4524	1865
4525	1775
4526	1823
4527	1669
4528	1729
4529	1716
4530	1753
4531	1722
4532	1829
4533	1676
4534	1753
4535	1798
4536	1645
4537	1842
4538	1759
4539	1674
4540	1769
4541	1691
4542	1719
4543	1773
4544	1713
4545	1676
4546	1827
4547	1728
4548	1832
4549	1903
4550	1888
4551	1925
4552	1780
4553	1834
4554	1716
4555	1819
4556	1791
4557	1677
4558	1719
4559	1717
4560	1735
4561	1790
4562	1717
4563	1763
4564	1695
4565	1718
4566	1715
4567	1802
4568	1730
4569	1720
4570	1672
4571	1611
4572	1612
4573	1786
4574	1772
4575	1686
4576	1708
4577	1751
4578	1690
4579	1851
4580	1775
4581	1740
4582	1736
4583	1853
4584	1820
4585	1819
4586	1778
4587	1788
4588	1848
4589	1809
4590	1934
4591	1895
4592	1883
4593	1906
4594	1929
4595	1979
4596	1889
4597	1981
4598	1867
4599	1805
4600	1875
4601	1809
4602	1799
4603	1768
4604	1715
4605	1832
4606	1850
4607	1781
4608	1764
4609	1866
4610	1853
4611	1850
4612	1929
4613	1971
4614	1818
4615	1987
4616	1940
4617	2004
4618	1826
4619	2065
4620	1874
4621	1960
4622	1804
4623	1867
4624	1917
4625	1997
4626	2057
4627	2019
4628	1921
4629	2043
4630	2092
4631	2141
4632	2282
4633	2270
4634	2082
4635	1821
4636	2062
4637	1999
4638	2040
4639	2083
4640	2024
4641	1971
4642	1888
4643	1867
4644	1934
4645	2016
4646	1870
4647	1902
4648	1877
4649	1917
4650	1921
4651	1878
4652	1784
4653	1910
4654	2014
4655	2012
4656	1933
4657	1979
4658	2098
4659	2316
4660	2330
4661	2335
4662	2589
4663	2752
4664	2233
4665	2041
4666	2019
4667	1977
4668	1931
4669	1972
4670	2069
4671	2116
4672	2187
4673	2348
4674	2429
4675	2387
4676	2292
4677	2543
4678	1822
4679	1815
4680	1965
4681	1939
4682	1807
4683	1853
4684	1840
4685	1857
4686	1727
4687	1737
4688	1884
4689	1771
4690	1884
4691	1759
4692	1842
4693	1936
4694	2194
4695	2109
4696	2194
4697	2089
4698	2469
4699	2524
4700	3444
4701	2705
4702	2320
4703	2530
4704	2534
4705	2459
4706	2567
4707	2282
4708	2011
4709	2005
4710	2111
4711	2072
4712	1960
4713	1939
4714	1919
4715	1943
4716	1921
4717	1857
4718	1878
4719	1906
4720	1914
4721	1933
4722	1929
4723	1905
4724	1982
4725	2239
4726	2140
4727	2100
4728	1870
4729	1913
4730	1924
4731	1860
4732	1932
4733	1929
4734	1795
4735	1961
4736	1858
4737	1909
4738	1873
4739	2003
4740	1924
4741	1819
4742	1886
4743	1953
4744	1955
4745	1975
4746	2020
4747	1962
4748	1985
4749	1743
4750	1814
4751	1865
4752	1811
4753	1846
4754	1761
4755	1742
4756	1918
4757	1961
4758	2041
4759	2106
4760	2105
4761	2183
4762	2107
4763	1928
4764	1873
4765	1862
4766	1731
4767	1768
4768	1798
4769	1908
4770	1760
4771	1710
4772	1790
4773	1831
4774	1674
4775	1664
4776	1741
4777	1764
4778	1825
4779	1826
4780	1662
4781	1780
4782	1972
4783	1927
4784	1771
4785	1839
4786	1824
4787	1844
4788	1771
4789	1711
4790	1816
4791	1802
4792	1718
4793	1816
4794	1783
4795	1903
4796	1830
4797	1805
4798	1793
4799	1816
4800	1815
4801	1755
4802	1858
4803	1747
4804	1976
4805	1863
4806	2029
4807	1840
4808	1774
4809	1791
4810	1862
4811	1753
4812	1767
4813	1765
4814	1756
4815	1851
4816	1834
4817	1893
4818	1982
4819	1841
4820	1798
4821	1854
4822	1840
4823	1791
4824	1944
4825	2022
4826	2206
4827	2156
4828	1883
4829	1974
4830	1818
4831	1728
4832	1792
4833	1809
4834	1829
4835	1872
4836	1804
4837	1753
4838	1809
4839	1759
4840	1860
4841	1866
4842	1823
4843	1798
4844	1837
4845	1813
4846	1874
4847	1718
4848	1753
4849	1719
4850	1799
4851	1938
4852	1843
4853	1897
4854	1788
4855	1846
4856	1659
4857	1720
4858	1941
4859	1853
4860	1818
4861	1729
4862	1773
4863	1834
4864	1890
4865	1727
4866	1745
4867	1703
4868	1824
4869	1829
4870	1747
4871	1736
4872	1818
4873	1695
4874	1632
4875	1726
4876	1627
4877	1619
4878	1761
4879	1662
4880	1677
4881	1683
4882	1695
4883	1519
4884	1645
4885	1676
4886	1598
4887	1689
4888	1592
4889	1723
4890	1644
4891	1696
4892	1582
4893	1683
4894	1647
4895	1584
4896	1672
4897	1717
4898	1788
4899	1909
4900	1822
4901	1726
4902	1817
4903	1805
4904	1840
4905	1795
4906	1876
4907	1901
4908	1885
4909	1838
4910	1802
4911	1750
4912	1892
4913	1833
4914	1791
4915	1822
4916	1986
4917	1754
4918	1792
4919	1730
4920	1690
4921	1716
4922	1730
4923	1853
4924	1650
4925	1694
4926	1632
4927	1594
4928	1561
4929	1711
4930	1708
4931	1649
4932	1702
4933	1619
4934	1634
4935	1592
4936	1649
4937	1646
4938	1692
4939	1722
4940	1745
4941	1622
4942	1770
4943	1646
4944	1647
4945	1682
4946	1729
4947	1729
4948	1843
4949	1782
4950	1803
4951	1726
4952	1713
4953	1705
4954	1827
4955	1719
4956	1649
4957	1799
4958	1766
4959	1871
4960	1820
4961	1819
4962	1776
4963	1632
4964	1839
4965	1770
4966	1774
4967	1715
4968	1771
4969	1746
4970	1813
4971	1634
4972	1681
4973	1617
4974	1785
4975	1722
4976	1794
4977	1838
4978	1945
4979	1805
4980	1725
4981	1720
4982	1673
4983	1600
4984	1959
4985	1832
4986	1921
4987	2294
4988	2447
4989	2070
4990	1731
4991	1811
4992	1821
4993	1755
4994	1855
4995	1836
4996	1769
4997	1654
4998	1742
4999	1644
5000	1662
5001	1651
5002	1650
5003	1759
5004	1718
5005	1695
5006	1635
5007	1687
5008	1804
5009	1709
5010	1850
5011	1724
5012	1653
5013	1785
5014	1628
5015	1772
5016	1675
5017	1692
5018	1561
5019	1482
5020	1585
5021	1660
5022	1618
5023	1620
5024	1666
5025	1567
5026	1608
5027	1575
5028	1740
5029	1546
5030	1493
5031	1576
5032	1498
5033	1579
5034	1601
5035	1523
5036	1577
5037	1561
5038	1603
5039	1479
5040	1550
5041	1619
5042	1635
5043	1510
5044	1540
5045	1490
5046	1487
5047	1503
5048	1610
5049	1572
5050	1537
5051	1468
5052	1536
5053	1429
5054	1481
5055	1517
5056	1548
5057	1710
5058	1575
5059	1543
5060	1491
5061	1525
5062	1572
5063	1473
5064	1454
5065	1573
5066	1450
5067	1679
5068	1567
5069	1519
5070	1428
5071	1561
5072	1519
5073	1502
5074	1558
5075	1532
5076	1488
5077	1558
5078	1558
5079	1706
5080	1639
5081	1669
5082	1607
5083	1673
5084	1577
5085	1591
5086	1702
5087	1705
5088	1713
5089	1675
5090	1717
5091	1707
5092	1602
5093	1581
5094	1681
5095	1623
5096	1618
5097	1581
5098	1722
5099	1647
5100	1647
5101	1577
5102	1595
5103	1610
5104	1567
5105	1532
5106	1448
5107	1428
5108	1528
5109	1601
5110	1491
5111	1538
5112	1418
5113	1503
5114	1551
5115	1471
5116	1543
5117	1567
5118	1530
5119	1457
5120	1604
5121	1486
5122	1512
5123	1650
5124	1494
5125	1509
5126	1503
5127	1507
5128	1492
5129	1413
5130	1483
5131	1436
5132	1471
5133	1437
5134	1509
5135	1468
5136	1525
5137	1512
5138	1562
5139	1548
5140	1493
5141	1446
5142	1478
5143	1395
5144	1486
5145	1501
5146	1504
5147	1440
5148	1389
5149	1416
5150	1482
5151	1381
5152	1464
5153	1385
5154	1575
5155	1457
5156	1423
5157	1509
5158	1528
5159	1427
5160	1335
5161	1490
5162	1459
5163	1441
5164	1380
5165	1500
5166	1442
5167	1547
5168	1506
5169	1368
5170	1444
5171	1417
5172	1400
5173	1431
5174	1401
5175	1357
5176	1404
5177	1510
5178	1476
5179	1506
5180	1499
5181	1384
5182	1381
5183	1326
5184	1541
5185	1392
5186	1490
5187	1471
5188	1426
5189	1468
5190	1310
5191	1354
5192	1370
5193	1379
5194	1409
5195	1361
5196	1440
5197	1366
5198	1296
5199	1406
5200	1325
5201	1290
5202	1285
5203	1325
5204	1373
5205	1323
5206	1397
5207	1342
5208	1323
5209	1365
5210	1389
5211	1339
5212	1427
5213	1337
5214	1425
5215	1438
5216	1257
5217	1346
5218	1377
5219	1425
5220	1374
5221	1389
5222	1361
5223	1335
5224	1393
5225	1381
5226	1404
5227	1397
5228	1372
5229	1333
5230	1278
5231	1406
5232	1335
5233	1354
5234	1429
5235	1442
5236	1451
5237	1422
5238	1385
5239	1468
5240	1523
5241	1433
5242	1521
5243	1369
5244	1399
5245	1425
5246	1483
5247	1450
5248	1450
5249	1447
5250	1451
5251	1370
5252	1371
5253	1484
5254	1436
5255	1514
5256	1416
5257	1353
5258	1493
5259	1462
5260	1452
5261	1392
5262	1505
5263	1340
5264	1395
5265	1405
5266	1446
5267	1464
5268	1427
5269	1417
5270	1386
5271	1436
5272	1454
5273	1388
5274	1371
5275	1462
5276	1470
5277	1408
5278	1386
5279	1351
5280	1316
5281	1417
5282	1351
5283	1383
5284	1463
5285	1380
5286	1373
5287	1446
5288	1390
5289	1445
5290	1403
5291	1451
5292	1498
5293	1411
5294	1436
5295	1478
5296	1461
5297	1431
5298	1511
5299	1533
5300	1748
5301	1664
5302	1627
5303	1832
5304	1501
5305	1528
5306	1550
5307	1513
5308	1582
5309	1622
5310	1860
5311	1630
5312	1816
5313	1592
5314	1629
5315	1681
5316	1699
5317	1861
5318	1823
5319	1917
5320	1832
5321	1683
5322	1761
5323	1632
5324	1696
5325	1427
5326	1644
5327	1586
5328	1672
5329	1557
5330	1517
5331	1650
5332	1550
5333	1673
5334	1603
5335	1718
5336	1570
5337	1618
5338	1424
5339	1652
5340	1681
5341	1701
5342	1866
5343	1594
5344	1592
5345	1641
5346	1845
5347	1739
5348	1673
5349	1665
5350	1535
5351	1735
5352	1631
5353	1671
5354	1583
5355	1611
5356	1626
5357	1533
5358	1676
5359	1539
5360	1651
5361	1538
5362	1475
5363	1499
5364	1471
5365	1601
5366	1545
5367	1602
5368	1571
5369	1493
5370	1491
5371	1612
5372	1513
5373	1496
5374	1666
5375	1569
5376	1570
5377	1608
5378	1597
5379	1740
5380	1696
5381	1762
5382	1704
5383	1663
5384	1669
5385	1697
5386	1697
5387	1880
5388	1836
5389	1819
5390	1839
5391	1819
5392	1905
5393	1940
5394	1835
5395	1816
5396	1816
5397	1827
5398	1858
5399	1852
5400	1927
5401	2001
5402	1892
5403	1756
5404	2018
5405	1668
5406	1757
5407	1732
5408	2614
5409	2412
5410	2001
5411	1578
5412	1675
5413	1777
5414	1606
5415	1691
5416	1732
5417	1478
5418	1660
5419	1567
5420	1625
5421	1546
5422	1568
5423	1673
5424	1490
5425	1540
5426	1637
5427	1548
5428	1597
5429	1638
5430	1563
5431	1641
5432	1647
5433	1585
5434	1524
5435	1657
5436	1639
5437	1573
5438	1645
5439	1664
5440	1671
5441	1649
5442	1692
5443	1582
5444	1672
5445	1620
5446	1694
5447	1707
5448	1773
5449	1581
5450	1648
5451	1672
5452	1570
5453	1774
5454	1707
5455	1579
5456	1638
5457	1759
5458	1635
5459	1597
5460	1681
5461	1635
5462	1696
5463	1648
5464	1894
5465	1745
5466	1798
5467	1686
5468	1685
5469	1653
5470	1908
5471	1990
5472	1934
5473	1717
5474	1867
5475	1838
5476	1824
5477	1904
5478	1936
5479	1907
5480	1701
5481	1678
5482	1619
5483	1692
5484	1774
5485	1845
5486	1787
5487	1828
5488	1850
5489	1706
5490	1852
5491	1635
5492	1744
5493	1707
5494	1794
5495	1663
5496	1648
5497	1658
5498	1719
5499	1765
5500	1702
5501	1626
5502	1624
5503	1640
5504	1638
5505	1679
5506	1726
5507	1720
5508	1639
5509	1592
5510	1681
5511	1704
5512	1684
5513	1653
5514	1591
5515	1612
5516	1654
5517	1553
5518	1599
5519	1636
5520	1655
5521	1703
5522	1992
5523	1567
5524	1565
5525	1682
5526	1537
5527	1534
5528	1564
5529	1714
5530	1775
5531	1597
5532	1721
5533	1658
5534	1668
5535	1654
5536	1736
5537	1773
5538	1747
5539	1682
5540	1863
5541	1767
5542	1628
5543	1634
5544	1674
5545	1695
5546	1756
5547	1598
5548	1581
5549	1559
5550	1630
5551	1782
5552	1660
5553	1635
5554	1667
5555	1665
5556	1654
5557	1654
5558	1689
5559	1540
5560	1525
5561	1544
5562	1647
5563	1537
5564	1594
5565	1671
5566	1754
5567	1677
5568	1874
5569	1746
5570	1841
5571	1983
5572	1870
5573	1815
5574	1951
5575	2107
5576	1698
5577	1574
5578	1597
5579	1659
5580	1752
5581	1570
5582	1617
5583	1562
5584	1682
5585	1653
5586	1563
5587	1602
5588	1694
5589	1673
5590	1657
5591	1581
5592	1624
5593	1691
5594	1847
5595	1723
5596	1944
5597	1763
5598	1780
5599	1854
5600	1954
5601	2219
5602	2732
5603	2703
5604	2738
5605	2794
5606	2357
5607	2489
5608	2924
5609	3079
5610	2294
5611	1907
5612	1853
5613	1795
5614	1629
5615	1650
5616	1625
5617	1605
5618	1623
5619	1572
5620	1632
5621	1613
5622	1576
5623	1642
5624	1804
5625	1723
5626	1647
5627	1699
5628	1640
5629	1773
5630	1622
5631	1723
5632	1763
5633	1739
5634	1616
5635	1660
5636	1557
5637	1617
5638	1545
5639	1690
5640	1603
5641	1658
5642	1660
5643	1703
5644	1635
5645	1773
5646	1657
5647	1563
5648	1703
5649	1641
5650	1695
5651	1794
5652	1660
5653	1701
5654	1641
5655	1690
5656	1597
5657	1657
5658	1548
5659	1724
5660	1544
5661	1598
5662	1648
5663	1699
5664	1638
5665	1653
5666	1605
5667	1604
5668	1605
5669	1472
5670	1528
5671	1540
5672	1576
5673	1473
5674	1504
5675	1475
5676	1559
5677	1538
5678	1508
5679	1558
5680	1634
5681	1545
5682	1495
5683	1496
5684	1525
5685	1537
5686	1608
5687	1568
5688	1446
5689	1565
5690	1533
5691	1546
5692	1638
5693	1584
5694	1619
5695	1568
5696	1631
5697	1569
5698	1537
5699	1538
5700	1590
5701	1552
5702	1506
5703	1586
5704	1504
5705	1535
5706	1600
5707	1507
5708	1535
5709	1487
5710	1389
5711	1452
5712	1490
5713	1489
5714	1452
5715	1663
5716	1559
5717	1488
5718	1443
5719	1357
5720	1437
5721	1552
5722	1411
5723	1479
5724	1404
5725	1427
5726	1365
5727	1470
5728	1451
5729	1376
5730	1395
5731	1334
5732	1363
5733	1409
5734	1337
5735	1400
5736	1313
5737	1316
5738	1318
5739	1280
5740	1339
5741	1322
5742	1349
5743	1419
5744	1412
5745	1298
5746	1278
5747	1464
5748	1350
5749	1313
5750	1313
5751	1334
5752	1413
5753	1338
5754	1356
5755	1368
5756	1295
5757	1360
5758	1240
5759	1403
5760	1408
5761	1300
5762	1307
5763	1305
5764	1338
5765	1344
5766	1328
5767	1326
5768	1319
5769	1397
5770	1388
5771	1331
5772	1359
5773	1366
5774	1412
5775	1358
5776	1434
5777	1394
5778	1352
5779	1344
5780	1350
5781	1337
5782	1317
5783	1411
5784	1376
5785	1372
5786	1445
5787	1406
5788	1373
5789	1451
5790	1411
5791	1337
5792	1352
5793	1362
5794	1355
5795	1344
5796	1425
5797	1336
5798	1365
5799	1374
5800	1334
5801	1399
5802	1411
5803	1276
5804	1390
5805	1398
5806	1382
5807	1300
5808	1408
5809	1338
5810	1413
5811	1438
5812	1368
5813	1401
5814	1470
5815	1478
5816	1415
5817	1372
5818	1435
5819	1516
5820	1441
5821	1414
5822	1474
5823	1303
5824	1523
5825	1464
5826	1439
5827	1575
5828	1431
5829	1427
5830	1449
5831	1479
5832	1497
5833	1598
5834	1529
5835	1554
5836	1440
5837	1444
5838	1391
5839	1385
5840	1370
5841	1418
5842	1555
5843	1453
5844	1420
5845	1478
5846	1477
5847	1460
5848	1428
5849	1563
5850	1394
5851	1500
5852	1472
5853	1455
5854	1324
5855	1425
5856	1441
5857	1405
5858	1563
5859	1458
5860	1424
5861	1433
5862	1299
5863	1463
5864	1469
5865	1386
5866	1487
5867	1400
5868	1450
5869	1369
5870	1464
5871	1427
5872	1495
5873	1410
5874	1330
5875	1394
5876	1408
5877	1337
5878	1381
5879	1432
5880	1346
5881	1432
5882	1396
5883	1482
5884	1370
5885	1417
5886	1400
5887	1372
5888	1420
5889	1358
5890	1378
5891	1454
5892	1390
5893	1539
5894	1404
5895	1513
5896	1447
5897	1280
5898	1384
5899	1344
5900	1406
5901	1417
5902	1401
5903	1439
5904	1410
5905	1395
5906	1420
5907	1331
5908	1321
5909	1408
5910	1370
5911	1360
5912	1378
5913	1390
5914	1370
5915	1379
5916	1496
5917	1429
5918	1463
5919	1376
5920	1357
5921	1373
5922	1247
5923	1437
5924	1212
5925	1343
5926	1295
5927	1305
5928	1329
5929	1295
5930	1407
5931	1360
5932	1375
5933	1361
5934	1410
5935	1297
5936	1254
5937	1349
5938	1243
5939	1274
5940	1265
5941	1238
5942	1300
5943	1213
5944	1305
5945	1281
5946	1240
5947	1301
5948	1373
5949	1190
5950	1315
5951	1266
5952	1292
5953	1340
5954	1265
5955	1309
5956	1285
5957	1285
5958	1493
5959	1301
5960	1372
5961	1303
5962	1363
5963	1371
5964	1278
5965	1329
5966	1341
5967	1400
5968	1384
5969	1377
5970	1474
5971	1363
5972	1497
5973	1391
5974	1362
5975	1481
5976	1415
5977	1390
5978	1502
5979	1455
5980	1423
5981	1423
5982	1383
5983	1299
5984	1378
5985	1408
5986	1316
5987	1469
5988	1462
5989	1396
5990	1370
5991	1482
5992	1392
5993	1341
5994	1408
5995	1384
5996	1450
5997	1401
5998	1303
5999	1286
6000	1343
6001	1459
6002	1391
6003	1269
6004	1301
6005	1406
6006	1343
6007	1366
6008	1450
6009	1317
6010	1326
6011	1420
6012	1331
6013	1407
6014	1283
6015	1376
6016	1329
6017	1286
6018	1358
6019	1388
6020	1400
6021	1485
6022	1451
6023	1334
6024	1369
6025	1315
6026	1370
6027	1313
6028	1321
6029	1320
6030	1289
6031	1333
6032	1295
6033	1261
6034	1455
6035	1323
6036	1320
6037	1274
6038	1397
6039	1322
6040	1357
6041	1303
6042	1320
6043	1350
6044	1302
6045	1324
6046	1368
6047	1402
6048	1213
6049	1346
6050	1346
6051	1308
6052	1286
6053	1307
6054	1303
6055	1293
6056	1372
6057	1287
6058	1361
6059	1376
6060	1396
6061	1399
6062	1316
6063	1437
6064	1367
6065	1278
6066	1281
6067	1384
6068	1357
6069	1410
6070	1338
6071	1388
6072	1341
6073	1386
6074	1354
6075	1416
6076	1358
6077	1393
6078	1267
6079	1388
6080	1359
6081	1420
6082	1356
6083	1300
6084	1506
6085	1400
6086	1279
6087	1347
6088	1326
6089	1259
6090	1322
6091	1336
6092	1276
6093	1321
6094	1265
6095	1328
6096	1280
6097	1304
6098	1241
6099	1208
6100	1186
6101	1254
6102	1274
6103	1269
6104	1325
6105	1335
6106	1370
6107	1322
6108	1364
6109	1285
6110	1316
6111	1368
6112	1250
6113	1237
6114	1311
6115	1292
6116	1370
6117	1320
6118	1448
6119	1287
6120	1457
6121	1236
6122	1277
6123	1343
6124	1273
6125	1392
6126	1320
6127	1404
6128	1457
6129	1411
6130	1546
6131	1760
6132	1531
6133	1825
6134	1478
6135	1315
6136	1260
6137	1353
6138	1420
6139	1335
6140	1454
6141	1375
6142	1445
6143	1342
6144	1295
6145	1325
6146	1401
6147	1345
6148	1294
6149	1283
6150	1255
6151	1315
6152	1316
6153	1308
6154	1295
6155	1297
6156	1217
6157	1256
6158	1198
6159	1245
6160	1247
6161	1223
6162	1184
6163	1217
6164	1267
6165	1247
6166	1352
6167	1275
6168	1207
6169	1299
6170	1238
6171	1199
6172	1223
6173	1249
6174	1166
6175	1198
6176	1238
6177	1215
6178	1218
6179	1221
6180	1210
6181	1340
6182	1235
6183	1183
6184	1192
6185	1237
6186	1261
6187	1072
6188	1246
6189	1281
6190	1337
6191	1181
6192	1316
6193	1386
6194	1205
6195	1186
6196	1156
6197	1144
6198	1172
6199	1212
6200	1214
6201	1159
6202	1231
6203	1169
6204	1156
6205	1201
6206	1215
6207	1113
6208	1136
6209	1218
6210	1202
6211	1223
6212	1221
6213	1157
6214	1189
6215	1069
6216	1150
6217	1146
6218	1188
6219	1210
6220	1110
6221	1108
6222	1112
6223	1136
6224	1218
6225	1142
6226	1212
6227	1191
6228	1192
6229	1159
6230	1159
6231	1113
6232	1201
6233	1049
6234	1192
6235	1180
6236	1105
6237	1130
6238	1148
6239	1184
6240	1163
6241	1129
6242	1081
6243	1182
6244	1165
6245	1181
6246	1221
6247	1116
6248	1131
6249	1142
6250	1132
6251	1165
6252	1168
6253	1087
6254	1149
6255	1139
6256	1153
6257	1165
6258	1297
6259	1197
6260	1164
6261	1147
6262	1094
6263	1216
6264	1164
6265	1140
6266	1131
6267	1195
6268	1210
6269	1212
6270	1257
6271	1225
6272	1218
6273	1278
6274	1173
6275	1195
6276	1160
6277	1204
6278	1225
6279	1132
6280	1150
6281	1087
6282	1126
6283	1161
6284	1114
6285	1094
6286	1074
6287	1140
6288	1107
6289	1166
6290	1108
6291	1166
6292	1137
6293	1179
6294	1149
6295	1120
6296	1213
6297	1077
6298	1095
6299	1114
6300	1183
6301	1168
6302	1150
6303	1125
6304	1138
6305	1197
6306	1215
6307	1285
6308	1314
6309	1104
6310	1125
6311	1220
6312	1184
6313	1271
6314	1227
6315	1225
6316	1255
6317	1253
6318	1429
6319	1278
6320	1243
6321	1279
6322	1373
6323	1273
6324	1468
6325	1412
6326	1537
6327	1398
6328	1505
6329	1642
6330	1617
6331	1588
6332	1428
6333	1450
6334	1332
6335	1298
6336	1440
6337	1445
6338	1393
6339	1521
6340	1456
6341	1411
6342	1447
6343	1575
6344	1543
6345	1379
6346	1184
6347	1431
6348	1447
6349	1499
6350	1435
6351	1347
6352	1343
6353	1589
6354	1574
6355	1343
6356	1450
6357	1268
6358	1381
6359	1483
6360	1632
6361	1416
6362	1362
6363	1329
6364	1564
6365	1489
6366	1428
6367	1428
6368	1306
6369	1306
6370	1326
6371	1366
6372	1298
6373	1328
6374	1451
6375	1463
6376	1383
6377	1384
6378	1313
6379	1479
6380	1366
6381	1345
6382	1446
6383	1766
6384	1488
6385	1704
6386	1458
6387	1448
6388	1367
6389	1323
6390	1379
6391	1366
6392	1484
6393	1508
6394	1366
6395	1315
6396	1322
6397	1324
6398	1398
6399	1359
6400	1371
6401	1394
6402	1479
6403	1423
6404	1403
6405	1333
6406	1271
6407	1498
6408	1378
6409	1429
6410	1373
6411	1375
6412	1502
6413	1588
6414	2159
6415	1700
6416	1663
6417	1556
6418	1522
6419	1400
6420	1299
6421	1371
6422	1346
6423	1483
6424	1407
6425	1350
6426	1284
6427	1366
6428	1276
6429	1296
6430	1410
6431	1436
6432	1374
6433	1315
6434	1306
6435	1343
6436	1382
6437	1313
6438	1374
6439	1450
6440	1389
6441	1295
6442	1308
6443	1317
6444	1451
6445	1369
6446	1403
6447	1295
6448	1340
6449	1300
6450	1328
6451	1302
6452	1287
6453	1258
6454	1314
6455	1371
6456	1313
6457	1337
6458	1293
6459	1213
6460	1278
6461	1297
6462	1362
6463	1332
6464	1234
6465	1350
6466	1266
6467	1304
6468	1279
6469	1292
6470	1173
6471	1396
6472	1206
6473	1346
6474	1287
6475	1269
6476	1311
6477	1252
6478	1280
6479	1349
6480	1244
6481	1239
6482	1410
6483	1306
6484	1269
6485	1250
6486	1361
6487	1396
6488	1294
6489	1349
6490	1269
6491	1399
6492	1378
6493	1304
6494	1266
6495	1272
6496	1242
6497	1303
6498	1281
6499	1224
6500	1276
6501	1225
6502	1265
6503	1249
6504	1236
6505	1396
6506	1264
6507	1395
6508	1341
6509	1317
6510	1279
6511	1283
6512	1297
6513	1307
6514	1169
6515	1316
6516	1296
6517	1230
6518	1189
6519	1272
6520	1259
6521	1250
6522	1262
6523	1245
6524	1174
6525	1148
6526	1184
6527	1170
6528	1165
6529	1160
6530	1256
6531	1225
6532	1209
6533	1150
6534	1237
6535	1199
6536	1314
6537	1227
6538	1227
6539	1228
6540	1207
6541	1277
6542	1230
6543	1257
6544	1155
6545	1245
6546	1170
6547	1251
6548	1190
6549	1175
6550	1252
6551	1210
6552	1177
6553	1250
6554	1177
6555	1125
6556	1148
6557	1259
6558	1246
6559	1233
6560	1194
6561	1212
6562	1155
6563	1248
6564	1179
6565	1200
6566	1204
6567	1208
6568	1258
6569	1182
6570	1127
6571	1201
6572	1217
6573	1246
6574	1232
6575	1177
6576	1127
6577	1147
6578	1193
6579	1241
6580	1121
6581	1228
6582	1231
6583	1223
6584	1188
6585	1161
6586	1189
6587	1149
6588	1187
6589	1157
6590	1267
6591	1203
6592	1176
6593	1196
6594	1234
6595	1463
6596	1339
6597	1264
6598	1254
6599	1344
6600	1486
6601	1363
6602	1597
6603	1400
6604	1283
6605	1292
6606	1273
6607	1226
6608	1285
6609	1271
6610	1290
6611	1266
6612	1329
6613	1269
6614	1253
6615	1256
6616	1232
6617	1255
6618	1238
6619	1288
6620	1272
6621	1245
6622	1236
6623	1279
6624	1247
6625	1165
6626	1206
6627	1128
6628	1165
6629	1249
6630	1272
6631	1117
6632	1123
6633	1114
6634	1163
6635	1148
6636	1123
6637	1042
6638	1042
6639	1013
6640	1097
6641	1006
6642	1118
6643	1130
6644	979
6645	1073
6646	1113
6647	1013
6648	1098
6649	1115
6650	1057
6651	1122
6652	1045
6653	1021
6654	1053
6655	1060
6656	1032
6657	1005
6658	950
6659	1025
6660	1027
6661	1099
6662	1053
6663	990
6664	1008
6665	1074
6666	1041
6667	1054
6668	1019
6669	1111
6670	990
6671	1098
6672	1057
6673	1037
6674	1016
6675	989
6676	1116
6677	1071
6678	1105
6679	999
6680	1060
6681	1083
6682	1048
6683	1097
6684	999
6685	1035
6686	1042
6687	1050
6688	1070
6689	985
6690	940
6691	1089
6692	1014
6693	1082
6694	1111
6695	1066
6696	1125
6697	1072
6698	1079
6699	1059
6700	1121
6701	1076
6702	952
6703	1018
6704	1040
6705	1045
6706	1136
6707	1067
6708	1066
6709	1041
6710	1023
6711	951
6712	1082
6713	1006
6714	977
6715	1029
6716	1022
6717	1128
6718	1071
6719	1116
6720	1133
6721	1098
6722	1141
6723	1195
6724	1149
6725	1155
6726	1252
6727	1185
6728	1150
6729	1056
6730	1167
6731	1122
6732	1104
6733	1177
6734	1113
6735	1161
6736	1220
6737	1278
6738	1281
6739	1302
6740	1308
6741	1210
6742	1276
6743	1261
6744	1093
6745	1346
6746	1116
6747	1180
6748	1213
6749	1303
6750	1417
6751	1318
6752	1277
6753	1329
6754	1245
6755	1276
6756	1246
6757	1349
6758	1281
6759	1263
6760	1292
6761	1355
6762	1503
6763	1417
6764	1644
6765	1491
6766	1753
6767	1521
6768	1487
6769	1674
6770	1989
6771	2149
6772	1857
6773	1827
6774	1458
6775	1534
6776	1538
6777	1432
6778	1394
6779	1255
6780	1340
6781	1375
6782	1261
6783	1268
6784	1234
6785	1224
6786	1222
6787	1389
6788	1314
6789	1335
6790	1347
6791	1330
6792	1323
6793	1395
6794	1348
6795	1355
6796	1348
6797	1135
6798	1196
6799	1269
6800	1147
6801	1132
6802	1099
6803	1163
6804	1211
6805	1121
6806	1104
6807	1156
6808	1124
6809	1213
6810	1199
6811	1174
6812	1148
6813	1201
6814	1181
6815	1206
6816	1149
6817	1084
6818	1145
6819	1144
6820	1146
6821	1052
6822	1072
6823	1124
6824	1171
6825	1168
6826	1117
6827	1118
6828	1148
6829	1072
6830	1151
6831	1228
6832	1135
6833	1188
6834	1250
6835	1163
6836	1136
6837	1213
6838	1162
6839	1175
6840	1346
6841	1120
6842	1063
6843	1110
6844	1115
6845	1178
6846	1066
6847	1170
6848	1154
6849	1204
6850	1105
6851	1105
6852	1101
6853	1053
6854	1080
6855	1181
6856	1170
6857	1094
6858	1198
6859	1300
6860	1147
6861	1070
6862	1139
6863	1142
6864	1214
6865	1143
6866	1126
6867	1069
6868	1122
6869	1124
6870	1067
6871	1110
6872	1132
6873	1149
6874	1151
6875	1058
6876	1014
6877	1005
6878	1045
6879	1027
6880	1123
6881	1052
6882	1017
6883	1048
6884	1075
6885	1087
6886	1095
6887	1056
6888	1135
6889	1093
6890	991
6891	1084
6892	1038
6893	1112
6894	1096
6895	1026
6896	1156
6897	1199
6898	1083
6899	1119
6900	998
6901	1056
6902	1112
6903	1066
6904	1051
6905	1030
6906	1019
6907	998
6908	1049
6909	1121
6910	1117
6911	1071
6912	1026
6913	1024
6914	1095
6915	1027
6916	1066
6917	1127
6918	1010
6919	959
6920	1119
6921	1040
6922	1011
6923	1091
6924	1049
6925	1073
6926	1113
6927	998
6928	1060
6929	1014
6930	1066
6931	1186
6932	1070
6933	1060
6934	1058
6935	985
6936	1031
6937	1103
6938	1076
6939	1130
6940	1005
6941	1075
6942	1037
6943	1047
6944	963
6945	1072
6946	1051
6947	1113
6948	1090
6949	1017
6950	1049
6951	1089
6952	1060
6953	1064
6954	1058
6955	1122
6956	1168
6957	1144
6958	1000
6959	1049
6960	1069
6961	1063
6962	1034
6963	1036
6964	1060
6965	1013
6966	1083
6967	1036
6968	1015
6969	1034
6970	1048
6971	1080
6972	1075
6973	1154
6974	1092
6975	1073
6976	1076
6977	1020
6978	1047
6979	1010
6980	1023
6981	1043
6982	1026
6983	1017
6984	1091
6985	1041
6986	1083
6987	1053
6988	1011
6989	1118
6990	1094
6991	1043
6992	1143
6993	1073
6994	1013
6995	1021
6996	1097
6997	1109
6998	1102
6999	1102
7000	1083
7001	1068
7002	1075
7003	1143
7004	1113
7005	1040
7006	1003
7007	1059
7008	1032
7009	1068
7010	1079
7011	1055
7012	1011
7013	1111
7014	1096
7015	1160
7016	1074
7017	1090
7018	1072
7019	1033
7020	1066
7021	1112
7022	1022
7023	990
7024	1035
7025	1057
7026	1048
7027	1163
7028	1104
7029	1190
7030	1056
7031	1043
7032	1063
7033	1068
7034	1077
7035	1092
7036	1150
7037	1017
7038	1042
7039	1059
7040	1037
7041	1069
7042	1043
7043	1035
7044	1003
7045	989
7046	1040
7047	1049
7048	1098
7049	1131
7050	1027
7051	1109
7052	1026
7053	1099
7054	1015
7055	1047
7056	1149
7057	1071
7058	1068
7059	1135
7060	1054
7061	1184
7062	1096
7063	1167
7064	1144
7065	1104
7066	1092
7067	1248
7068	1071
7069	1062
7070	1024
7071	1130
7072	1064
7073	1056
7074	1184
7075	1136
7076	1156
7077	1100
7078	1101
7079	1074
7080	1049
7081	1118
7082	1066
7083	1078
7084	1087
7085	1096
7086	1085
7087	1043
7088	1028
7089	997
7090	1057
7091	1021
7092	1075
7093	1175
7094	1197
7095	1109
7096	1092
7097	1181
7098	1197
7099	1142
7100	1126
7101	991
7102	1085
7103	1198
7104	1095
7105	1097
7106	1047
7107	1100
7108	1206
7109	1088
7110	1103
7111	1120
7112	1115
7113	1101
7114	1102
7115	1055
7116	1111
7117	1000
7118	1056
7119	1057
7120	1055
7121	1029
7122	996
7123	1047
7124	979
7125	990
7126	972
7127	905
7128	1110
7129	1076
7130	994
7131	1003
7132	985
7133	991
7134	1019
7135	1032
7136	962
7137	921
7138	1005
7139	1042
7140	1043
7141	1022
7142	997
7143	992
7144	1040
7145	1008
7146	981
7147	1047
7148	974
7149	994
7150	998
7151	1082
7152	1072
7153	1004
7154	1015
7155	1063
7156	998
7157	1004
7158	1072
7159	1047
7160	1126
7161	1054
7162	1067
7163	1097
7164	1116
7165	1057
7166	1082
7167	1060
7168	1004
7169	1143
7170	1071
7171	1052
7172	1059
7173	1001
7174	980
7175	981
7176	1037
7177	1086
7178	1080
7179	1122
7180	1131
7181	1030
7182	1088
7183	976
7184	1064
7185	1059
7186	1105
7187	996
7188	1067
7189	1058
7190	1028
7191	1042
7192	995
7193	987
7194	1024
7195	972
7196	984
7197	1123
7198	1033
7199	1030
7200	1086
7201	1037
7202	1006
7203	1025
7204	1070
7205	1094
7206	1084
7207	1069
7208	1090
7209	1026
7210	1017
7211	1058
7212	955
7213	1053
7214	1073
7215	1046
7216	1132
7217	1016
7218	1075
7219	984
7220	1050
7221	1052
7222	976
7223	984
7224	1070
7225	1035
7226	1112
7227	1096
7228	1048
7229	1055
7230	1004
7231	1077
7232	1102
7233	1067
7234	1065
7235	1108
7236	1095
7237	1095
7238	1100
7239	1140
7240	1087
7241	1017
7242	1029
7243	1007
7244	1128
7245	1093
7246	1051
7247	1113
7248	995
7249	1020
7250	1108
7251	1104
7252	1014
7253	997
7254	1088
7255	1112
7256	1138
7257	1012
7258	1169
7259	1133
7260	1109
7261	1142
7262	1108
7263	1122
7264	1199
7265	1109
7266	1063
7267	1057
7268	1088
7269	1111
7270	1192
7271	1178
7272	1093
7273	1028
7274	1119
7275	1099
7276	1106
7277	964
7278	1212
7279	1020
7280	1185
7281	1095
7282	1185
7283	1239
7284	1089
7285	1313
7286	1089
7287	1427
7288	1148
7289	1159
7290	1239
7291	1154
7292	1033
7293	1103
7294	1071
7295	980
7296	1066
7297	1009
7298	1032
7299	1061
7300	953
7301	1015
7302	1019
7303	1008
7304	1022
7305	1027
7306	1043
7307	1049
7308	1108
7309	1095
7310	1132
7311	1031
7312	1026
7313	1128
7314	1034
7315	993
7316	1032
7317	1102
7318	1041
7319	1029
7320	1045
7321	1110
7322	1046
7323	977
7324	1009
7325	988
7326	997
7327	1171
7328	941
7329	933
7330	1011
7331	997
7332	1063
7333	973
7334	1083
7335	998
7336	1059
7337	1016
7338	1146
7339	1027
7340	1019
7341	1118
7342	1043
7343	1090
7344	1003
7345	1032
7346	1028
7347	1023
7348	1015
7349	1029
7350	1020
7351	986
7352	1109
7353	1015
7354	1069
7355	978
7356	970
7357	971
7358	973
7359	1027
7360	966
7361	1033
7362	937
7363	914
7364	953
7365	945
7366	984
7367	968
7368	1012
7369	1024
7370	1012
7371	972
7372	1010
7373	978
7374	998
7375	1016
7376	963
7377	966
7378	1001
7379	961
7380	982
7381	1046
7382	942
7383	982
7384	954
7385	1067
7386	993
7387	910
7388	932
7389	923
7390	936
7391	932
7392	890
7393	974
7394	923
7395	1019
7396	920
7397	902
7398	881
7399	929
7400	908
7401	937
7402	960
7403	958
7404	957
7405	939
7406	919
7407	917
7408	962
7409	961
7410	986
7411	963
7412	905
7413	943
7414	854
7415	993
7416	952
7417	979
7418	985
7419	1050
7420	948
7421	926
7422	948
7423	901
7424	949
7425	919
7426	1038
7427	950
7428	949
7429	976
7430	975
7431	1025
7432	974
7433	980
7434	973
7435	991
7436	1055
7437	980
7438	980
7439	979
7440	1001
7441	1009
7442	956
7443	988
7444	1071
7445	945
7446	988
7447	966
7448	963
7449	1024
7450	1039
7451	1083
7452	1020
7453	1003
7454	1069
7455	1072
7456	991
7457	983
7458	1068
7459	990
7460	1106
7461	1137
7462	1054
7463	1008
7464	992
7465	893
7466	867
7467	977
7468	988
7469	1019
7470	989
7471	913
7472	959
7473	952
7474	957
7475	895
7476	952
7477	915
7478	931
7479	949
7480	965
7481	981
7482	892
7483	983
7484	970
7485	988
7486	954
7487	908
7488	990
7489	915
7490	898
7491	861
7492	927
7493	869
7494	955
7495	849
7496	930
7497	849
7498	846
7499	875
7500	880
7501	882
7502	953
7503	878
7504	910
7505	838
7506	964
7507	967
7508	962
7509	940
7510	994
7511	909
7512	890
7513	923
7514	1012
7515	1039
7516	938
7517	1005
7518	977
7519	995
7520	881
7521	888
7522	945
7523	1031
7524	1045
7525	1048
7526	977
7527	1001
7528	972
7529	1015
7530	993
7531	1006
7532	924
7533	1015
7534	905
7535	974
7536	898
7537	871
7538	928
7539	893
7540	890
7541	893
7542	943
7543	875
7544	861
7545	859
7546	924
7547	919
7548	1001
7549	967
7550	991
7551	886
7552	913
7553	883
7554	891
7555	971
7556	1057
7557	1094
7558	929
7559	1037
7560	947
7561	941
7562	963
7563	979
7564	910
7565	971
7566	889
7567	958
7568	946
7569	983
7570	930
7571	887
7572	958
7573	849
7574	883
7575	897
7576	874
7577	930
7578	903
7579	919
7580	984
7581	954
7582	853
7583	850
7584	974
7585	920
7586	864
7587	998
7588	892
7589	957
7590	941
7591	870
7592	787
7593	880
7594	901
7595	888
7596	902
7597	853
7598	921
7599	933
7600	867
7601	940
7602	924
7603	841
7604	904
7605	876
7606	862
7607	792
7608	896
7609	899
7610	819
7611	848
7612	950
7613	866
7614	1011
7615	940
7616	869
7617	853
7618	889
7619	899
7620	884
7621	862
7622	887
7623	850
7624	794
7625	854
7626	873
7627	936
7628	901
7629	933
7630	938
7631	852
7632	927
7633	829
7634	812
7635	885
7636	878
7637	890
7638	914
7639	872
7640	964
7641	924
7642	847
7643	885
7644	979
7645	898
7646	937
7647	929
7648	878
7649	932
7650	920
7651	944
7652	879
7653	871
7654	905
7655	971
7656	1001
7657	916
7658	849
7659	875
7660	864
7661	869
7662	902
7663	895
7664	896
7665	866
7666	858
7667	920
7668	870
7669	829
7670	922
7671	877
7672	910
7673	927
7674	818
7675	889
7676	849
7677	829
7678	852
7679	904
7680	943
7681	896
7682	866
7683	880
7684	913
7685	771
7686	833
7687	844
7688	854
7689	824
7690	889
7691	823
7692	882
7693	849
7694	809
7695	879
7696	874
7697	861
7698	843
7699	832
7700	843
7701	892
7702	890
7703	850
7704	897
7705	899
7706	870
7707	829
7708	778
7709	868
7710	754
7711	809
7712	815
7713	898
7714	857
7715	819
7716	851
7717	835
7718	877
7719	845
7720	849
7721	862
7722	900
7723	882
7724	792
7725	768
7726	818
7727	889
7728	878
7729	887
7730	917
7731	881
7732	881
7733	851
7734	918
7735	829
7736	909
7737	817
7738	853
7739	875
7740	900
7741	890
7742	852
7743	912
7744	849
7745	842
7746	900
7747	854
7748	842
7749	894
7750	801
7751	821
7752	897
7753	864
7754	836
7755	838
7756	822
7757	853
7758	797
7759	793
7760	868
7761	935
7762	899
7763	844
7764	819
7765	883
7766	793
7767	838
7768	821
7769	893
7770	919
7771	845
7772	918
7773	889
7774	884
7775	876
7776	933
7777	898
7778	908
7779	897
7780	930
7781	927
7782	857
7783	899
7784	861
7785	918
7786	841
7787	868
7788	892
7789	829
7790	881
7791	886
7792	894
7793	941
7794	937
7795	939
7796	879
7797	916
7798	853
7799	941
7800	879
7801	903
7802	886
7803	834
7804	922
7805	881
7806	856
7807	885
7808	969
7809	826
7810	908
7811	835
7812	839
7813	834
7814	919
7815	881
7816	911
7817	903
7818	935
7819	914
7820	912
7821	913
7822	978
7823	927
7824	957
7825	980
7826	874
7827	849
7828	779
7829	832
7830	821
7831	813
7832	913
7833	915
7834	931
7835	819
7836	939
7837	865
7838	876
7839	865
7840	895
7841	891
7842	824
7843	933
7844	839
7845	994
7846	951
7847	911
7848	854
7849	856
7850	829
7851	901
7852	871
7853	896
7854	867
7855	944
7856	929
7857	927
7858	840
7859	929
7860	886
7861	842
7862	812
7863	883
7864	874
7865	878
7866	872
7867	974
7868	854
7869	929
7870	1015
7871	904
7872	909
7873	895
7874	867
7875	875
7876	891
7877	943
7878	912
7879	869
7880	869
7881	927
7882	916
7883	871
7884	934
7885	932
7886	926
7887	883
7888	957
7889	872
7890	963
7891	894
7892	963
7893	948
7894	978
7895	908
7896	887
7897	897
7898	963
7899	928
7900	958
7901	866
7902	931
7903	922
7904	984
7905	983
7906	904
7907	992
7908	1008
7909	927
7910	897
7911	1036
7912	902
7913	905
7914	934
7915	928
7916	890
7917	911
7918	961
7919	898
7920	1019
7921	943
7922	915
7923	961
7924	998
7925	1006
7926	944
7927	945
7928	942
7929	961
7930	882
7931	875
7932	897
7933	884
7934	963
7935	948
7936	864
7937	958
7938	871
7939	897
7940	870
7941	899
7942	898
7943	902
7944	949
7945	943
7946	950
7947	968
7948	948
7949	869
7950	921
7951	878
7952	924
7953	901
7954	876
7955	863
7956	946
7957	908
7958	1014
7959	944
7960	921
7961	966
7962	992
7963	981
7964	938
7965	863
7966	903
7967	929
7968	942
7969	937
7970	920
7971	868
7972	982
7973	902
7974	878
7975	903
7976	851
7977	908
7978	858
7979	873
7980	887
7981	869
7982	861
7983	937
7984	923
7985	1033
7986	901
7987	935
7988	887
7989	952
7990	871
7991	947
7992	912
7993	981
7994	957
7995	870
7996	860
7997	902
7998	836
7999	828
8000	924
8001	839
8002	794
8003	855
8004	854
8005	921
8006	837
8007	884
8008	843
8009	902
8010	861
8011	808
8012	860
8013	835
8014	833
8015	861
8016	890
8017	779
8018	839
8019	878
8020	925
8021	860
8022	988
8023	927
8024	940
8025	950
8026	976
8027	999
8028	936
8029	949
8030	917
8031	974
8032	898
8033	971
8034	898
8035	1000
8036	928
8037	938
8038	952
8039	976
8040	917
8041	939
8042	975
8043	907
8044	958
8045	966
8046	1119
8047	957
8048	965
8049	1034
8050	978
8051	1000
8052	1180
8053	1086
8054	979
8055	1100
8056	1013
8057	1071
8058	1042
8059	1167
8060	1081
8061	1136
8062	1168
8063	1169
8064	1280
8065	1161
8066	1179
8067	1039
8068	1088
8069	1193
8070	1107
8071	1147
8072	1087
8073	1154
8074	1141
8075	1156
8076	1038
8077	1052
8078	1047
8079	1011
8080	981
8081	1049
8082	1032
8083	1167
8084	1063
8085	978
8086	1106
8087	994
8088	987
8089	987
8090	1027
8091	980
8092	1080
8093	1149
8094	1009
8095	1064
8096	990
8097	993
8098	1005
8099	1021
8100	961
8101	1064
8102	986
8103	1081
8104	943
8105	983
8106	1016
8107	1059
8108	1002
8109	1136
8110	1105
8111	1049
8112	1028
8113	1017
8114	994
8115	965
8116	1046
8117	973
8118	1060
8119	1099
8120	1004
8121	989
8122	954
8123	1059
8124	1085
8125	1042
8126	954
8127	963
8128	986
8129	923
8130	1077
8131	884
8132	947
8133	1053
8134	1023
8135	1103
8136	957
8137	1029
8138	965
8139	963
8140	954
8141	1107
8142	1099
8143	1070
8144	1083
8145	1023
8146	1049
8147	1015
8148	1058
8149	1012
8150	963
8151	1039
8152	1056
8153	1048
8154	1009
8155	981
8156	990
8157	936
8158	1052
8159	1015
8160	1033
8161	1012
8162	942
8163	973
8164	970
8165	987
8166	1052
8167	1008
8168	1024
8169	977
8170	1055
8171	988
8172	961
8173	908
8174	1021
8175	992
8176	974
8177	992
8178	1006
8179	1035
8180	1009
8181	983
8182	904
8183	1020
8184	864
8185	878
8186	922
8187	819
8188	919
8189	870
8190	960
8191	979
8192	935
8193	987
8194	949
8195	947
8196	969
8197	986
8198	834
8199	906
8200	878
8201	861
8202	955
8203	992
8204	920
8205	873
8206	935
8207	934
8208	932
8209	961
8210	924
8211	891
8212	903
8213	999
8214	967
8215	918
8216	955
8217	936
8218	928
8219	949
8220	1010
8221	854
8222	906
8223	901
8224	957
8225	1000
8226	951
8227	976
8228	909
8229	907
8230	912
8231	847
8232	913
8233	896
8234	965
8235	952
8236	894
8237	1004
8238	855
8239	980
8240	840
8241	956
8242	909
8243	1021
8244	1025
8245	1004
8246	961
8247	911
8248	842
8249	931
8250	909
8251	931
8252	904
8253	802
8254	860
8255	881
8256	920
8257	976
8258	880
8259	853
8260	918
8261	842
8262	866
8263	834
8264	833
8265	782
8266	854
8267	767
8268	828
8269	877
8270	877
8271	860
8272	856
8273	822
8274	822
8275	843
8276	909
8277	830
8278	834
8279	863
8280	784
8281	832
8282	868
8283	874
8284	874
8285	874
8286	878
8287	879
8288	785
8289	804
8290	884
8291	754
8292	827
8293	794
8294	824
8295	801
8296	761
8297	842
8298	777
8299	819
8300	868
8301	831
8302	880
8303	784
8304	817
8305	823
8306	791
8307	823
8308	809
8309	774
8310	862
8311	805
8312	849
8313	870
8314	859
8315	793
8316	780
8317	831
8318	827
8319	812
8320	844
8321	822
8322	787
8323	849
8324	761
8325	834
8326	749
8327	764
8328	817
8329	780
8330	813
8331	763
8332	796
8333	787
8334	810
8335	833
8336	773
8337	783
8338	792
8339	847
8340	871
8341	868
8342	872
8343	870
8344	834
8345	850
8346	795
8347	735
8348	824
8349	851
8350	943
8351	906
8352	804
8353	796
8354	793
8355	791
8356	821
8357	754
8358	771
8359	865
8360	787
8361	829
8362	796
8363	818
8364	787
8365	780
8366	782
8367	818
8368	814
8369	793
8370	782
8371	793
8372	775
8373	786
8374	804
8375	845
8376	761
8377	827
8378	809
8379	801
8380	764
8381	795
8382	794
8383	823
8384	854
8385	787
8386	789
8387	810
8388	863
8389	785
8390	803
8391	838
8392	784
8393	870
8394	804
8395	869
8396	810
8397	796
8398	766
8399	801
8400	807
8401	836
8402	867
8403	836
8404	831
8405	793
8406	773
8407	771
8408	805
8409	919
8410	799
8411	863
8412	900
8413	782
8414	812
8415	882
8416	817
8417	776
8418	817
8419	879
8420	829
8421	842
8422	812
8423	856
8424	818
8425	892
8426	814
8427	847
8428	791
8429	814
8430	830
8431	817
8432	811
8433	727
8434	776
8435	819
8436	837
8437	772
8438	810
8439	741
8440	764
8441	819
8442	792
8443	699
8444	737
8445	767
8446	732
8447	810
8448	756
8449	881
8450	833
8451	831
8452	800
8453	759
8454	754
8455	796
8456	753
8457	772
8458	783
8459	757
8460	728
8461	873
8462	715
8463	793
8464	707
8465	756
8466	753
8467	792
8468	802
8469	706
8470	729
8471	755
8472	668
8473	740
8474	765
8475	732
8476	754
8477	710
8478	693
8479	772
8480	681
8481	651
8482	735
8483	669
8484	711
8485	744
8486	768
8487	746
8488	737
8489	726
8490	714
8491	669
8492	718
8493	685
8494	721
8495	666
8496	756
8497	771
8498	690
8499	698
8500	709
8501	738
8502	755
8503	785
8504	754
8505	718
8506	715
8507	687
8508	760
8509	717
8510	744
8511	719
8512	724
8513	730
8514	784
8515	759
8516	735
8517	764
8518	744
8519	728
8520	727
8521	755
8522	746
8523	774
8524	759
8525	777
8526	791
8527	745
8528	757
8529	734
8530	738
8531	767
8532	748
8533	714
8534	747
8535	763
8536	770
8537	711
8538	691
8539	688
8540	704
8541	736
8542	791
8543	724
8544	833
8545	757
8546	701
8547	710
8548	762
8549	691
8550	720
8551	686
8552	738
8553	691
8554	749
8555	699
8556	694
8557	691
8558	702
8559	759
8560	780
8561	821
8562	644
8563	696
8564	754
8565	730
8566	700
8567	702
8568	697
8569	744
8570	738
8571	740
8572	746
8573	751
8574	722
8575	736
8576	731
8577	769
8578	887
8579	785
8580	784
8581	874
8582	936
8583	862
8584	911
8585	955
8586	827
8587	759
8588	833
8589	874
8590	744
8591	846
8592	765
8593	733
8594	701
8595	722
8596	675
8597	666
8598	664
8599	696
8600	696
8601	669
8602	645
8603	682
8604	698
8605	696
8606	680
8607	699
8608	707
8609	712
8610	648
8611	679
8612	637
8613	704
8614	705
8615	671
8616	731
8617	642
8618	692
8619	704
8620	665
8621	671
8622	661
8623	628
8624	711
8625	698
8626	658
8627	688
8628	690
8629	638
8630	645
8631	645
8632	656
8633	640
8634	691
8635	681
8636	603
8637	660
8638	646
8639	641
8640	675
8641	626
8642	660
8643	603
8644	614
8645	614
8646	641
8647	660
8648	652
8649	681
8650	658
8651	695
8652	689
8653	677
8654	650
8655	688
8656	619
8657	732
8658	797
8659	673
8660	690
8661	621
8662	678
8663	675
8664	621
8665	737
8666	696
8667	646
8668	746
8669	729
8670	662
8671	679
8672	689
8673	710
8674	715
8675	657
8676	732
8677	737
8678	739
8679	658
8680	706
8681	713
8682	726
8683	709
8684	721
8685	684
8686	648
8687	749
8688	725
8689	668
8690	656
8691	661
8692	729
8693	694
8694	660
8695	750
8696	757
8697	798
8698	736
8699	714
8700	668
8701	704
8702	662
8703	722
8704	740
8705	738
8706	708
8707	701
8708	748
8709	703
8710	756
8711	632
8712	621
8713	669
8714	740
8715	698
8716	673
8717	635
8718	688
8719	665
8720	697
8721	691
8722	704
8723	755
8724	760
8725	717
8726	725
8727	765
8728	715
8729	694
8730	726
8731	728
8732	724
8733	722
8734	658
8735	724
8736	715
8737	673
8738	738
8739	758
8740	764
8741	710
8742	742
8743	644
8744	737
8745	715
8746	686
8747	703
8748	714
8749	702
8750	712
8751	690
8752	674
8753	756
8754	707
8755	715
8756	751
8757	817
8758	764
8759	698
8760	746
8761	691
8762	730
8763	770
8764	657
8765	728
8766	728
8767	768
8768	684
8769	725
8770	764
8771	766
8772	747
8773	703
8774	756
8775	693
8776	821
8777	741
8778	719
8779	778
8780	760
8781	696
8782	859
8783	801
8784	728
8785	826
8786	758
8787	713
8788	758
8789	775
8790	760
8791	770
8792	686
8793	733
8794	743
8795	842
8796	746
8797	742
8798	659
8799	712
8800	788
8801	747
8802	814
8803	761
8804	691
8805	683
8806	764
8807	735
8808	763
8809	819
8810	841
8811	779
8812	805
8813	773
8814	847
8815	764
8816	796
8817	797
8818	775
8819	811
8820	781
8821	810
8822	766
8823	742
8824	813
8825	779
8826	749
8827	810
8828	747
8829	816
8830	725
8831	764
8832	801
8833	747
8834	771
8835	775
8836	829
8837	824
8838	811
8839	752
8840	792
8841	786
8842	713
8843	759
8844	818
8845	759
8846	770
8847	792
8848	834
8849	750
8850	808
8851	736
8852	779
8853	782
8854	837
8855	848
8856	891
8857	882
8858	810
8859	832
8860	845
8861	850
8862	737
8863	759
8864	861
8865	839
8866	798
8867	826
8868	786
8869	874
8870	904
8871	798
8872	840
8873	799
8874	843
8875	749
8876	748
8877	775
8878	771
8879	819
8880	737
8881	736
8882	785
8883	670
8884	744
8885	758
8886	760
8887	815
8888	703
8889	755
8890	752
8891	715
8892	698
8893	659
8894	732
8895	761
8896	725
8897	707
8898	755
8899	748
8900	715
8901	677
8902	700
8903	768
8904	707
8905	705
8906	696
8907	778
8908	647
8909	697
8910	791
8911	705
8912	721
8913	740
8914	741
8915	804
8916	727
8917	779
8918	705
8919	714
8920	706
8921	739
8922	828
8923	779
8924	772
8925	803
8926	851
8927	739
8928	768
8929	717
8930	737
8931	717
8932	737
8933	800
8934	713
8935	777
8936	701
8937	731
8938	653
8939	659
8940	637
8941	700
8942	718
8943	715
8944	622
8945	715
8946	679
8947	639
8948	711
8949	712
8950	678
8951	705
8952	639
8953	612
8954	703
8955	633
8956	627
8957	596
8958	661
8959	657
8960	708
8961	650
8962	608
8963	663
8964	642
8965	664
8966	736
8967	578
8968	674
8969	697
8970	574
8971	679
8972	646
8973	626
8974	749
8975	624
8976	697
8977	662
8978	644
8979	642
8980	651
8981	635
8982	576
8983	658
8984	660
8985	662
8986	622
8987	675
8988	667
8989	673
8990	643
8991	629
8992	660
8993	638
8994	678
8995	666
8996	711
8997	661
8998	615
8999	611
9000	571
9001	632
9002	624
9003	681
9004	680
9005	658
9006	687
9007	644
9008	630
9009	624
9010	596
9011	574
9012	666
9013	619
9014	643
9015	616
9016	644
9017	638
9018	644
9019	677
9020	670
9021	633
9022	608
9023	617
9024	616
9025	669
9026	604
9027	619
9028	648
9029	623
9030	609
9031	600
9032	612
9033	585
9034	571
9035	602
9036	628
9037	632
9038	633
9039	629
9040	728
9041	600
9042	704
9043	673
9044	710
9045	668
9046	708
9047	644
9048	688
9049	698
9050	625
9051	624
9052	689
9053	726
9054	665
9055	665
9056	698
9057	630
9058	674
9059	673
9060	753
9061	746
9062	667
9063	750
9064	659
9065	637
9066	682
9067	615
9068	690
9069	684
9070	633
9071	742
9072	594
9073	661
9074	639
9075	596
9076	647
9077	691
9078	692
9079	672
9080	686
9081	645
9082	639
9083	683
9084	675
9085	705
9086	639
9087	709
9088	690
9089	650
9090	673
9091	636
9092	616
9093	659
9094	739
9095	658
9096	782
9097	703
9098	659
9099	660
9100	663
9101	673
9102	716
9103	660
9104	732
9105	691
9106	650
9107	682
9108	679
9109	682
9110	718
9111	725
9112	745
9113	746
9114	650
9115	655
9116	699
9117	648
9118	675
9119	707
9120	668
9121	738
9122	743
9123	728
9124	744
9125	688
9126	568
9127	702
9128	719
9129	697
9130	659
9131	736
9132	751
9133	662
9134	792
9135	712
9136	684
9137	659
9138	703
9139	731
9140	722
9141	717
9142	713
9143	699
9144	673
9145	644
9146	664
9147	660
9148	742
9149	713
9150	642
9151	662
9152	610
9153	646
9154	625
9155	610
9156	634
9157	747
9158	775
9159	618
9160	722
9161	640
9162	695
9163	692
9164	639
9165	757
9166	632
9167	658
9168	658
9169	701
9170	703
9171	715
9172	645
9173	638
9174	674
9175	693
9176	716
9177	710
9178	650
9179	661
9180	654
9181	670
9182	653
9183	663
9184	627
9185	634
9186	730
9187	692
9188	661
9189	682
9190	658
9191	673
9192	682
9193	657
9194	710
9195	662
9196	658
9197	694
9198	671
9199	809
9200	658
9201	632
9202	686
9203	637
9204	660
9205	694
9206	686
9207	637
9208	608
9209	680
9210	640
9211	640
9212	603
9213	700
9214	694
9215	686
9216	689
9217	650
9218	716
9219	696
9220	821
9221	675
9222	652
9223	698
9224	675
9225	705
9226	690
9227	669
9228	664
9229	631
9230	658
9231	685
9232	708
9233	661
9234	710
9235	651
9236	660
9237	629
9238	701
9239	683
9240	636
9241	654
9242	669
9243	621
9244	659
9245	662
9246	682
9247	675
9248	668
9249	662
9250	674
9251	730
9252	706
9253	641
9254	587
9255	649
9256	628
9257	673
9258	614
9259	638
9260	711
9261	686
9262	661
9263	658
9264	686
9265	654
9266	687
9267	744
9268	755
9269	747
9270	690
9271	736
9272	675
9273	711
9274	732
9275	714
9276	764
9277	618
9278	717
9279	693
9280	652
9281	693
9282	622
9283	696
9284	653
9285	646
9286	695
9287	719
9288	712
9289	728
9290	701
9291	638
9292	643
9293	694
9294	716
9295	671
9296	704
9297	665
9298	715
9299	664
9300	713
9301	732
9302	722
9303	730
9304	688
9305	733
9306	732
9307	693
9308	766
9309	726
9310	692
9311	652
9312	753
9313	710
9314	754
9315	741
9316	715
9317	687
9318	720
9319	728
9320	747
9321	660
9322	696
9323	637
9324	614
9325	626
9326	621
9327	622
9328	659
9329	566
9330	613
9331	586
9332	642
9333	626
9334	623
9335	663
9336	684
9337	671
9338	568
9339	626
9340	721
9341	625
9342	612
9343	637
9344	581
9345	662
9346	590
9347	617
9348	590
9349	540
9350	658
9351	612
9352	642
9353	598
9354	642
9355	651
9356	656
9357	654
9358	602
9359	548
9360	582
9361	595
9362	592
9363	580
9364	695
9365	580
9366	538
9367	589
9368	593
9369	567
9370	613
9371	679
9372	604
9373	583
9374	595
9375	675
9376	636
9377	596
9378	632
9379	663
9380	630
9381	635
9382	570
9383	585
9384	617
9385	592
9386	628
9387	622
9388	604
9389	600
9390	606
9391	587
9392	579
9393	588
9394	555
9395	561
9396	599
9397	640
9398	601
9399	593
9400	559
9401	553
9402	538
9403	578
9404	585
9405	616
9406	623
9407	679
9408	592
9409	716
9410	636
9411	619
9412	613
9413	693
9414	664
9415	621
9416	603
9417	682
9418	620
9419	627
9420	617
9421	626
9422	620
9423	560
9424	603
9425	610
9426	649
9427	675
9428	632
9429	638
9430	701
9431	624
9432	640
9433	607
9434	640
9435	617
9436	673
9437	671
9438	652
9439	575
9440	679
9441	609
9442	653
9443	666
9444	669
9445	643
9446	699
9447	688
9448	740
9449	764
9450	716
9451	698
9452	772
9453	753
9454	774
9455	798
9456	761
9457	753
9458	717
9459	689
9460	686
9461	697
9462	730
9463	760
9464	712
9465	758
9466	789
9467	665
9468	677
9469	769
9470	687
9471	681
9472	647
9473	691
9474	703
9475	652
9476	644
9477	668
9478	651
9479	710
9480	690
9481	677
9482	677
9483	704
9484	666
9485	674
9486	599
9487	640
9488	686
9489	639
9490	617
9491	637
9492	703
9493	668
9494	636
9495	636
9496	631
9497	663
9498	613
9499	626
9500	634
9501	599
9502	685
9503	615
9504	626
9505	664
9506	654
9507	599
9508	588
9509	617
9510	601
9511	661
9512	635
9513	704
9514	613
9515	619
9516	652
9517	680
9518	651
9519	639
9520	664
9521	640
9522	682
9523	681
9524	646
9525	672
9526	615
9527	677
9528	690
9529	733
9530	637
9531	607
9532	649
9533	668
9534	747
9535	736
9536	688
9537	681
9538	622
9539	663
9540	669
9541	675
9542	717
9543	670
9544	677
9545	655
9546	680
9547	661
9548	620
9549	695
9550	652
9551	663
9552	731
9553	690
9554	691
9555	638
9556	605
9557	695
9558	612
9559	663
9560	728
9561	681
9562	681
9563	722
9564	666
9565	637
9566	686
9567	699
9568	621
9569	680
9570	691
9571	652
9572	669
9573	662
9574	664
9575	625
9576	594
9577	723
9578	600
9579	699
9580	612
9581	646
9582	670
9583	683
9584	683
9585	662
9586	616
9587	643
9588	659
9589	628
9590	743
9591	695
9592	711
9593	692
9594	720
9595	679
9596	772
9597	677
9598	655
9599	599
9600	660
9601	689
9602	626
9603	677
9604	654
9605	669
9606	609
9607	676
9608	637
9609	596
9610	570
9611	643
9612	667
9613	617
9614	711
9615	726
9616	713
9617	689
9618	729
9619	641
9620	692
9621	638
9622	671
9623	670
9624	642
9625	680
9626	686
9627	690
9628	645
9629	695
9630	751
9631	668
9632	757
9633	722
9634	770
9635	692
9636	706
9637	719
9638	767
9639	729
9640	710
9641	669
9642	726
9643	724
9644	648
9645	721
9646	622
9647	756
9648	710
9649	696
9650	680
9651	721
9652	680
9653	632
9654	667
9655	712
9656	751
9657	725
9658	749
9659	682
9660	681
9661	659
9662	686
9663	765
9664	686
9665	688
9666	681
9667	704
9668	698
9669	730
9670	752
9671	704
9672	733
9673	676
9674	726
9675	725
9676	642
9677	740
9678	693
9679	721
9680	818
9681	716
9682	734
9683	730
9684	726
9685	643
9686	700
9687	676
9688	747
9689	787
9690	718
9691	820
9692	728
9693	715
9694	747
9695	721
9696	771
9697	758
9698	703
9699	808
9700	693
9701	691
9702	783
9703	771
9704	698
9705	721
9706	733
9707	684
9708	692
9709	768
9710	751
9711	723
9712	744
9713	784
9714	756
9715	694
9716	686
9717	709
9718	661
9719	682
9720	671
9721	758
9722	705
9723	717
9724	674
9725	650
9726	716
9727	643
9728	660
9729	683
9730	670
9731	604
9732	667
9733	679
9734	651
9735	722
9736	674
9737	643
9738	645
9739	797
9740	667
9741	705
9742	778
9743	717
9744	742
9745	649
9746	683
9747	711
9748	700
9749	734
9750	772
9751	671
9752	758
9753	707
9754	679
9755	719
9756	730
9757	704
9758	769
9759	746
9760	655
9761	665
9762	652
9763	680
9764	660
9765	649
9766	645
9767	671
9768	620
9769	694
9770	665
9771	703
9772	631
9773	658
9774	602
9775	716
9776	657
9777	678
9778	706
9779	756
9780	681
9781	671
9782	734
9783	719
9784	688
9785	725
9786	651
9787	745
9788	637
9789	673
9790	709
9791	772
9792	777
9793	652
9794	630
9795	734
9796	621
9797	685
9798	658
9799	725
9800	696
9801	705
9802	659
9803	746
9804	659
9805	685
9806	735
9807	669
9808	671
9809	646
9810	665
9811	661
9812	710
9813	793
9814	788
9815	791
9816	748
9817	731
9818	639
9819	676
9820	713
9821	693
9822	699
9823	629
9824	630
9825	654
9826	668
9827	646
9828	630
9829	616
9830	671
9831	737
9832	667
9833	664
9834	676
9835	700
9836	651
9837	633
9838	644
9839	660
9840	676
9841	751
9842	689
9843	633
9844	691
9845	698
9846	752
9847	686
9848	657
9849	786
9850	653
9851	719
9852	681
9853	713
9854	710
9855	636
9856	612
9857	683
9858	709
9859	670
9860	659
9861	578
9862	694
9863	701
9864	689
9865	648
9866	696
9867	625
9868	680
9869	688
9870	725
9871	672
9872	644
9873	633
9874	651
9875	724
9876	660
9877	646
9878	655
9879	653
9880	648
9881	695
9882	652
9883	666
9884	641
9885	709
9886	711
9887	702
9888	676
9889	729
9890	697
9891	699
9892	748
9893	685
9894	661
9895	642
9896	679
9897	655
9898	698
9899	720
9900	661
9901	737
9902	709
9903	747
9904	636
9905	668
9906	684
9907	667
9908	682
9909	708
9910	714
9911	744
9912	712
9913	677
9914	606
9915	683
9916	674
9917	661
9918	648
9919	608
9920	645
9921	692
9922	725
9923	707
9924	663
9925	689
9926	660
9927	688
9928	721
9929	610
9930	750
9931	708
9932	625
9933	740
9934	691
9935	611
9936	689
9937	713
9938	658
9939	640
9940	674
9941	676
9942	607
9943	650
9944	702
9945	727
9946	687
9947	661
9948	644
9949	641
9950	701
9951	762
9952	593
9953	710
9954	816
9955	671
9956	632
9957	725
9958	654
9959	765
9960	598
9961	694
9962	694
9963	621
9964	652
9965	675
9966	667
9967	693
9968	684
9969	656
9970	667
9971	683
9972	711
9973	673
9974	719
9975	712
9976	641
9977	669
9978	662
9979	667
9980	661
9981	704
9982	745
9983	679
9984	662
9985	644
9986	616
9987	641
9988	641
9989	655
9990	694
9991	694
9992	688
9993	618
9994	644
9995	619
9996	584
9997	613
9998	573
9999	665
10000	647
10001	703
10002	724
10003	703
10004	625
10005	662
10006	677
10007	695
10008	656
10009	645
10010	597
10011	638
10012	658
10013	598
10014	606
10015	676
10016	598
10017	630
10018	555
10019	575
10020	605
10021	602
10022	574
10023	595
10024	585
10025	598
10026	603
10027	578
10028	622
10029	608
10030	608
10031	611
10032	575
10033	588
10034	532
10035	510
10036	597
10037	593
10038	605
10039	601
10040	600
10041	517
10042	559
10043	595
10044	593
10045	623
10046	612
10047	588
10048	564
10049	541
10050	553
10051	530
10052	551
10053	567
10054	586
10055	542
10056	564
10057	565
10058	572
10059	621
10060	577
10061	571
10062	647
10063	538
10064	563
10065	524
10066	519
10067	565
10068	509
10069	604
10070	506
10071	538
10072	585
10073	575
10074	535
10075	546
10076	555
10077	590
10078	557
10079	596
10080	521
10081	564
10082	606
10083	635
10084	630
10085	593
10086	600
10087	568
10088	551
10089	567
10090	531
10091	555
10092	597
10093	563
10094	531
10095	573
10096	588
10097	529
10098	596
10099	596
10100	533
10101	538
10102	616
10103	624
10104	567
10105	644
10106	626
10107	605
10108	569
10109	581
10110	539
10111	575
10112	603
10113	627
10114	587
10115	558
10116	544
10117	588
10118	594
10119	556
10120	548
10121	572
10122	496
10123	614
10124	612
10125	593
10126	577
10127	513
10128	592
10129	539
10130	539
10131	593
10132	593
10133	625
10134	617
10135	594
10136	636
10137	639
10138	578
10139	565
10140	612
10141	593
10142	583
10143	618
10144	607
10145	632
10146	677
10147	625
10148	606
10149	658
10150	696
10151	643
10152	653
10153	554
10154	538
10155	603
10156	601
10157	603
10158	634
10159	632
10160	641
10161	658
10162	660
10163	717
10164	600
10165	594
10166	647
10167	684
10168	644
10169	700
10170	624
10171	565
10172	615
10173	562
10174	606
10175	582
10176	565
10177	652
10178	624
10179	610
10180	596
10181	672
10182	613
10183	623
10184	606
10185	615
10186	643
10187	643
10188	668
10189	585
10190	611
10191	659
10192	632
10193	684
10194	703
10195	663
10196	650
10197	666
10198	580
10199	626
10200	688
10201	633
10202	690
10203	660
10204	684
10205	875
10206	700
10207	638
10208	721
10209	726
10210	600
10211	692
10212	693
10213	700
10214	637
10215	664
10216	689
10217	698
10218	657
10219	621
10220	688
10221	687
10222	629
10223	686
10224	671
10225	712
10226	649
10227	685
10228	607
10229	710
10230	709
10231	692
10232	727
10233	715
10234	712
10235	851
10236	700
10237	680
10238	685
10239	711
10240	759
10241	724
10242	621
10243	689
10244	667
10245	647
10246	623
10247	644
10248	613
10249	607
10250	678
10251	779
10252	691
10253	668
10254	649
10255	603
10256	678
10257	621
10258	680
10259	667
10260	670
10261	700
10262	701
10263	716
10264	710
10265	639
10266	596
10267	674
10268	631
10269	610
10270	680
10271	701
10272	723
10273	659
10274	624
10275	695
10276	724
10277	636
10278	705
10279	723
10280	747
10281	765
10282	662
10283	701
10284	683
10285	749
10286	779
10287	743
10288	709
10289	710
10290	657
10291	636
10292	711
10293	712
10294	737
10295	699
10296	689
10297	678
10298	696
10299	667
10300	758
10301	651
10302	667
10303	657
10304	699
10305	688
10306	624
10307	700
10308	684
10309	733
10310	600
10311	656
10312	682
10313	602
10314	616
10315	678
10316	713
10317	609
10318	617
10319	708
10320	649
10321	660
10322	663
10323	630
10324	673
10325	667
10326	722
10327	618
10328	682
10329	663
10330	653
10331	640
10332	662
10333	633
10334	605
10335	604
10336	611
10337	645
10338	652
10339	598
10340	598
10341	691
10342	682
10343	699
10344	636
10345	657
10346	597
10347	629
10348	589
10349	603
10350	582
10351	638
10352	606
10353	602
10354	625
10355	629
10356	620
10357	646
10358	588
10359	629
10360	632
10361	632
10362	646
10363	631
10364	581
10365	642
10366	691
10367	602
10368	506
10369	645
10370	617
10371	608
10372	541
10373	562
10374	611
10375	658
10376	600
10377	589
10378	626
10379	607
10380	636
10381	596
10382	606
10383	666
10384	682
10385	625
10386	593
10387	590
10388	621
10389	628
10390	579
10391	638
10392	595
10393	658
10394	612
10395	598
10396	661
10397	607
10398	667
10399	629
10400	671
10401	565
10402	690
10403	798
10404	663
10405	737
10406	666
10407	569
10408	654
10409	650
10410	644
10411	709
10412	605
10413	647
10414	595
10415	659
10416	610
10417	651
10418	618
10419	581
10420	594
10421	627
10422	556
10423	616
10424	643
10425	548
10426	602
10427	660
10428	628
10429	557
10430	590
10431	670
10432	605
10433	649
10434	570
10435	539
10436	562
10437	604
10438	572
10439	569
10440	615
10441	566
10442	569
10443	583
10444	572
10445	582
10446	536
10447	574
10448	620
10449	577
10450	548
10451	578
10452	569
10453	567
10454	626
10455	675
10456	603
10457	600
10458	600
10459	614
10460	562
10461	644
10462	620
10463	635
10464	602
10465	530
10466	555
10467	535
10468	523
10469	557
10470	573
10471	555
10472	571
10473	546
10474	540
10475	549
10476	530
10477	508
10478	509
10479	527
10480	535
10481	566
10482	640
10483	566
10484	568
10485	571
10486	586
10487	541
10488	575
10489	620
10490	507
10491	575
10492	497
10493	560
10494	576
10495	571
10496	560
10497	593
10498	508
10499	534
10500	570
10501	565
10502	475
10503	498
10504	512
10505	555
10506	510
10507	541
10508	560
10509	540
10510	542
10511	602
10512	566
10513	553
10514	560
10515	560
10516	519
10517	540
10518	586
10519	623
10520	563
10521	593
10522	566
10523	586
10524	605
10525	566
10526	506
10527	535
10528	551
10529	540
10530	530
10531	532
10532	546
10533	549
10534	596
10535	569
10536	573
10537	552
10538	514
10539	547
10540	527
10541	602
10542	547
10543	493
10544	563
10545	571
10546	594
10547	587
10548	565
10549	562
10550	564
10551	541
10552	559
10553	578
10554	575
10555	591
10556	561
10557	584
10558	555
10559	577
10560	608
10561	573
10562	551
10563	589
10564	582
10565	587
10566	558
10567	634
10568	584
10569	552
10570	586
10571	593
10572	594
10573	600
10574	562
10575	547
10576	608
10577	569
10578	571
10579	571
10580	577
10581	580
10582	570
10583	595
10584	545
10585	581
10586	570
10587	575
10588	615
10589	595
10590	615
10591	609
10592	577
10593	629
10594	592
10595	578
10596	581
10597	588
10598	612
10599	577
10600	552
10601	542
10602	589
10603	586
10604	501
10605	526
10606	479
10607	585
10608	607
10609	569
10610	523
10611	545
10612	581
10613	564
10614	567
10615	538
10616	534
10617	609
10618	610
10619	622
10620	577
10621	581
10622	588
10623	525
10624	619
10625	571
10626	532
10627	557
10628	582
10629	602
10630	590
10631	520
10632	510
10633	585
10634	561
10635	578
10636	543
10637	567
10638	517
10639	508
10640	576
10641	538
10642	540
10643	541
10644	609
10645	605
10646	595
10647	551
10648	545
10649	525
10650	551
10651	503
10652	543
10653	541
10654	491
10655	535
10656	562
10657	515
10658	571
10659	696
10660	605
10661	580
10662	540
10663	647
10664	675
10665	720
10666	572
10667	545
10668	633
10669	698
10670	635
10671	639
10672	649
10673	614
10674	685
10675	578
10676	519
10677	676
10678	600
10679	688
10680	660
10681	775
10682	637
10683	616
10684	594
10685	602
10686	513
10687	564
10688	552
10689	561
10690	552
10691	511
10692	598
10693	600
10694	546
10695	601
10696	568
10697	543
10698	479
10699	581
10700	512
10701	482
10702	524
10703	592
10704	559
10705	602
10706	597
10707	547
10708	574
10709	624
10710	593
10711	539
10712	584
10713	516
10714	585
10715	600
10716	677
10717	570
10718	664
10719	596
10720	623
10721	611
10722	626
10723	618
10724	492
10725	523
10726	567
10727	577
10728	553
10729	645
10730	505
10731	574
10732	602
10733	515
10734	597
10735	512
10736	518
10737	515
10738	508
10739	494
10740	546
10741	523
10742	559
10743	566
10744	498
10745	513
10746	482
10747	553
10748	508
10749	541
10750	539
10751	451
10752	503
10753	525
10754	456
10755	523
10756	508
10757	574
10758	491
10759	474
10760	526
10761	490
10762	524
10763	516
10764	527
10765	493
10766	559
10767	481
10768	520
10769	497
10770	469
10771	541
10772	544
10773	464
10774	547
10775	533
10776	559
10777	560
10778	518
10779	502
10780	507
10781	577
10782	522
10783	541
10784	531
10785	531
10786	512
10787	557
10788	543
10789	509
10790	490
10791	501
10792	531
10793	558
10794	529
10795	559
10796	512
10797	539
10798	560
10799	526
10800	580
10801	600
10802	586
10803	564
10804	560
10805	551
10806	571
10807	550
10808	576
10809	571
10810	546
10811	568
10812	569
10813	547
10814	540
10815	596
10816	545
10817	579
10818	523
10819	551
10820	557
10821	595
10822	574
10823	578
10824	611
10825	621
10826	520
10827	636
10828	592
10829	549
10830	567
10831	624
10832	572
10833	604
10834	571
10835	669
10836	639
10837	670
10838	591
10839	603
10840	635
10841	570
10842	597
10843	644
10844	639
10845	662
10846	609
10847	567
10848	598
10849	522
10850	600
10851	593
10852	583
10853	628
10854	562
10855	589
10856	608
10857	610
10858	582
10859	603
10860	571
10861	563
10862	571
10863	555
10864	479
10865	544
10866	571
10867	587
10868	589
10869	558
10870	610
10871	596
10872	543
10873	549
10874	563
10875	567
10876	569
10877	557
10878	586
10879	582
10880	634
10881	581
10882	502
10883	572
10884	569
10885	620
10886	554
10887	568
10888	611
10889	584
10890	561
10891	616
10892	621
10893	547
10894	504
10895	570
10896	484
10897	520
10898	531
10899	593
10900	560
10901	513
10902	599
10903	582
10904	640
10905	826
10906	657
10907	570
10908	492
10909	496
10910	502
10911	496
10912	521
10913	447
10914	529
10915	520
10916	572
10917	513
10918	476
10919	532
10920	508
10921	510
10922	507
10923	467
10924	486
10925	524
10926	520
10927	524
10928	494
10929	457
10930	548
10931	483
10932	520
10933	488
10934	477
10935	519
10936	453
10937	433
10938	471
10939	417
10940	459
10941	393
10942	440
10943	391
10944	462
10945	446
10946	473
10947	430
10948	398
10949	428
10950	424
10951	454
10952	452
10953	459
10954	441
10955	450
10956	481
10957	486
10958	441
10959	480
10960	456
10961	450
10962	460
10963	440
10964	493
10965	494
10966	447
10967	446
10968	467
10969	471
10970	485
10971	467
10972	484
10973	458
10974	433
10975	438
10976	495
10977	516
10978	463
10979	502
10980	427
10981	437
10982	453
10983	419
10984	462
10985	434
10986	457
10987	472
10988	467
10989	493
10990	455
10991	455
10992	491
10993	489
10994	457
10995	462
10996	473
10997	485
10998	456
10999	478
11000	482
11001	500
11002	540
11003	492
11004	451
11005	484
11006	451
11007	489
11008	474
11009	424
11010	494
11011	449
11012	471
11013	454
11014	522
11015	522
11016	567
11017	456
11018	491
11019	474
11020	477
11021	485
11022	478
11023	554
11024	442
11025	475
11026	528
11027	545
11028	511
11029	538
11030	544
11031	526
11032	508
11033	499
11034	480
11035	558
11036	468
11037	550
11038	483
11039	479
11040	486
11041	482
11042	478
11043	490
11044	502
11045	473
11046	509
11047	489
11048	509
11049	494
11050	510
11051	479
11052	488
11053	514
11054	625
11055	584
11056	582
11057	487
11058	539
11059	484
11060	436
11061	500
11062	448
11063	487
11064	554
11065	506
11066	452
11067	462
11068	422
11069	445
11070	546
11071	463
11072	488
11073	424
11074	525
11075	491
11076	430
11077	517
11078	493
11079	535
11080	524
11081	485
11082	471
11083	478
11084	518
11085	563
11086	568
11087	595
11088	521
11089	538
11090	510
11091	556
11092	573
11093	542
11094	627
11095	593
11096	566
11097	594
11098	587
11099	546
11100	628
11101	641
11102	610
11103	546
11104	584
11105	623
11106	581
11107	594
11108	614
11109	583
11110	564
11111	571
11112	587
11113	508
11114	565
11115	568
11116	567
11117	588
11118	530
11119	579
11120	624
11121	654
11122	626
11123	606
11124	562
11125	614
11126	526
11127	537
11128	550
11129	585
11130	628
11131	629
11132	714
11133	814
11134	730
11135	737
11136	717
11137	644
11138	599
11139	506
11140	581
11141	595
11142	547
11143	532
11144	570
11145	565
11146	475
11147	502
11148	494
11149	436
11150	455
11151	469
11152	525
11153	453
11154	493
11155	516
11156	504
11157	452
11158	509
11159	505
11160	525
11161	458
11162	576
11163	468
11164	555
11165	517
11166	479
11167	498
11168	477
11169	505
11170	474
11171	483
11172	461
11173	501
11174	445
11175	540
11176	510
11177	536
11178	515
11179	458
11180	539
11181	498
11182	425
11183	484
11184	487
11185	474
11186	465
11187	501
11188	461
11189	520
11190	479
11191	467
11192	504
11193	465
11194	534
11195	471
11196	451
11197	435
11198	486
11199	486
11200	491
11201	443
11202	465
11203	467
11204	474
11205	498
11206	439
11207	438
11208	477
11209	476
11210	473
11211	495
11212	439
11213	384
11214	456
11215	428
11216	475
11217	489
11218	418
11219	449

