## htsjdk.samtools.metrics.StringHeader
# CollectInsertSizeMetrics HISTOGRAM_FILE=/work/ugbogu/pipeline/data/nbl/GSE189367/results/picard/SRR17011013_insert_size_histogram.pdf MINIMUM_PCT=0.5 INPUT=/work/ugbogu/pipeline/data/nbl/GSE189367/results/star/SRR17011013.Aligned.sortedByCoord.out.bam OUTPUT=/work/ugbogu/pipeline/data/nbl/GSE189367/results/picard/SRR17011013_insert_size_metrics.txt    DEVIATIONS=10.0 METRIC_ACCUMULATION_LEVEL=[ALL_READS] INCLUDE_DUPLICATES=false ASSUME_SORTED=true STOP_AFTER=0 VERBOSITY=INFO QUIET=false VALIDATION_STRINGENCY=STRICT COMPRESSION_LEVEL=5 MAX_RECORDS_IN_RAM=500000 CREATE_INDEX=false CREATE_MD5_FILE=false USE_JDK_DEFLATER=false USE_JDK_INFLATER=false
## htsjdk.samtools.metrics.StringHeader
# Started on: Sun Apr 12 00:19:00 UTC 2026

## METRICS CLASS	picard.analysis.InsertSizeMetrics
MEDIAN_INSERT_SIZE	MODE_INSERT_SIZE	MEDIAN_ABSOLUTE_DEVIATION	MIN_INSERT_SIZE	MAX_INSERT_SIZE	MEAN_INSERT_SIZE	STANDARD_DEVIATION	READ_PAIRS	PAIR_ORIENTATION	WIDTH_OF_10_PERCENT	WIDTH_OF_20_PERCENT	WIDTH_OF_30_PERCENT	WIDTH_OF_40_PERCENT	WIDTH_OF_50_PERCENT	WIDTH_OF_60_PERCENT	WIDTH_OF_70_PERCENT	WIDTH_OF_80_PERCENT	WIDTH_OF_90_PERCENT	WIDTH_OF_95_PERCENT	WIDTH_OF_99_PERCENT	SAMPLE	LIBRARY	READ_GROUP
1357	77797	1184	24	2065747	2089.92524	2791.293774	49658429	FR	877	1663	2059	2249	2369	2497	6041	15509	98019	152879	266935			

## HISTOGRAM	java.lang.Integer
insert_size	All_Reads.fr_count
24	3
25	2
26	5
27	5
28	13
29	21
30	12
31	18
32	20
33	44
34	66
35	656
36	605
37	771
38	757
39	719
40	838
41	766
42	735
43	813
44	805
45	823
46	779
47	777
48	869
49	897
50	903
51	881
52	1028
53	964
54	940
55	1153
56	1272
57	1256
58	1683
59	1565
60	1462
61	1695
62	1614
63	1828
64	1719
65	2202
66	2198
67	2725
68	2823
69	2375
70	2895
71	3613
72	2706
73	3964
74	3787
75	12663
76	3996
77	2869
78	4225
79	3587
80	3273
81	3753
82	3854
83	4379
84	4452
85	5369
86	5422
87	5931
88	6629
89	6844
90	7789
91	8792
92	9508
93	10563
94	11670
95	12312
96	13198
97	15499
98	17245
99	18398
100	19281
101	20980
102	23319
103	26822
104	30559
105	32489
106	30769
107	33034
108	33859
109	33260
110	35123
111	35731
112	40024
113	41719
114	45538
115	51192
116	53594
117	55198
118	71083
119	54905
120	69602
121	87400
122	63267
123	76409
124	65517
125	58618
126	58401
127	62900
128	61022
129	67840
130	65135
131	69012
132	67487
133	70220
134	73306
135	71874
136	74827
137	73427
138	74054
139	75470
140	75940
141	78003
142	77105
143	76952
144	79053
145	80334
146	79782
147	81714
148	82079
149	80980
150	81195
151	83202
152	84344
153	86279
154	83126
155	83773
156	83858
157	84383
158	84825
159	85988
160	85354
161	84883
162	88074
163	89455
164	87259
165	87665
166	90094
167	92295
168	91227
169	90194
170	92827
171	89013
172	91513
173	92595
174	91421
175	92254
176	89862
177	87193
178	89449
179	90229
180	91583
181	88023
182	88189
183	85425
184	84191
185	84200
186	86404
187	84497
188	88026
189	81732
190	83229
191	82984
192	81346
193	81803
194	79693
195	79310
196	78151
197	77666
198	77750
199	75869
200	79619
201	74440
202	75909
203	76685
204	73874
205	75182
206	73972
207	74360
208	74698
209	73976
210	72267
211	72739
212	75321
213	72089
214	71568
215	71083
216	72333
217	74007
218	71916
219	74141
220	77426
221	78243
222	75364
223	75071
224	75423
225	76898
226	84005
227	83434
228	76361
229	78535
230	72918
231	69884
232	67988
233	68458
234	66612
235	63636
236	64834
237	62280
238	61218
239	60962
240	60002
241	60211
242	60639
243	59382
244	59690
245	59718
246	58854
247	57519
248	58603
249	57129
250	57537
251	57776
252	56618
253	56227
254	55781
255	54848
256	55486
257	54067
258	54569
259	54191
260	54219
261	53374
262	53618
263	53759
264	53148
265	53196
266	51836
267	51649
268	51746
269	51238
270	51925
271	51042
272	51333
273	50551
274	50348
275	50576
276	49594
277	48465
278	50356
279	49190
280	48652
281	49346
282	48769
283	48584
284	47828
285	46732
286	47464
287	46382
288	46075
289	46298
290	46126
291	46418
292	46057
293	46481
294	47159
295	45087
296	44598
297	44557
298	43979
299	44313
300	42558
301	43463
302	43298
303	41792
304	42559
305	41944
306	40791
307	41366
308	41047
309	40192
310	40534
311	40312
312	40596
313	40446
314	41269
315	39820
316	40426
317	39747
318	39231
319	39193
320	39675
321	39059
322	38838
323	38745
324	39237
325	38893
326	37037
327	36964
328	37693
329	37149
330	37349
331	36715
332	36222
333	36174
334	36085
335	35928
336	35426
337	36336
338	35392
339	34910
340	34291
341	34792
342	33957
343	34245
344	34343
345	34197
346	33625
347	32886
348	32028
349	32476
350	31934
351	32220
352	31975
353	32049
354	31282
355	31828
356	32060
357	31487
358	30497
359	30659
360	29908
361	30494
362	30191
363	30331
364	30610
365	29583
366	30329
367	29782
368	29653
369	28509
370	28737
371	28593
372	28027
373	28313
374	28446
375	28314
376	27702
377	28027
378	28265
379	27774
380	28439
381	28660
382	26859
383	26762
384	26362
385	26722
386	26268
387	26021
388	26018
389	25631
390	26043
391	26556
392	27064
393	25231
394	24599
395	24587
396	24964
397	24504
398	24588
399	23640
400	23670
401	23900
402	23403
403	23072
404	23037
405	22934
406	22417
407	22775
408	22778
409	21526
410	22030
411	21985
412	21999
413	21778
414	21654
415	21239
416	21165
417	20563
418	20788
419	21112
420	20929
421	20277
422	20145
423	19884
424	20102
425	19586
426	20031
427	19750
428	19467
429	19027
430	18587
431	18538
432	19083
433	19741
434	18803
435	18490
436	18477
437	18535
438	17916
439	18012
440	18023
441	17917
442	17990
443	17679
444	17329
445	17178
446	17211
447	17427
448	17054
449	16834
450	16547
451	16875
452	16944
453	16659
454	17139
455	15848
456	15705
457	15772
458	16025
459	15568
460	15791
461	15487
462	14976
463	14878
464	15130
465	14907
466	14878
467	14555
468	14644
469	14287
470	14861
471	14711
472	14391
473	14346
474	13981
475	14382
476	14533
477	14236
478	14162
479	13995
480	13786
481	13386
482	13766
483	13936
484	13411
485	13470
486	13353
487	13263
488	13187
489	13236
490	13220
491	13184
492	13115
493	12952
494	13215
495	12476
496	12479
497	12770
498	12809
499	13036
500	12439
501	12878
502	12390
503	12202
504	11979
505	11935
506	12196
507	11747
508	11938
509	11750
510	11617
511	11576
512	11726
513	11598
514	11501
515	11640
516	11741
517	11463
518	11365
519	11399
520	11506
521	11115
522	11375
523	10987
524	10993
525	11000
526	10767
527	11322
528	11147
529	11303
530	11069
531	11014
532	11129
533	11275
534	11174
535	10872
536	11035
537	10627
538	10775
539	10698
540	10869
541	10662
542	10758
543	10821
544	10527
545	10624
546	10477
547	10551
548	10688
549	10399
550	10361
551	10305
552	10542
553	10353
554	10274
555	10157
556	10086
557	10004
558	9897
559	9849
560	9944
561	9917
562	10184
563	10397
564	9772
565	10016
566	9936
567	9536
568	9725
569	9842
570	9793
571	9821
572	9811
573	10061
574	9907
575	9787
576	9484
577	9357
578	9385
579	9373
580	9983
581	9760
582	9538
583	9639
584	9416
585	9532
586	9510
587	9397
588	9030
589	9277
590	9104
591	9115
592	9406
593	9514
594	9290
595	9178
596	9067
597	9060
598	8954
599	9281
600	9312
601	9153
602	9068
603	8730
604	9213
605	8839
606	8835
607	8801
608	8655
609	8587
610	8537
611	9022
612	8569
613	8877
614	8573
615	8622
616	8588
617	8546
618	8731
619	8611
620	8630
621	8547
622	8663
623	8794
624	8706
625	8697
626	8416
627	8287
628	8269
629	8166
630	8244
631	8357
632	8541
633	8449
634	8622
635	8390
636	8107
637	8198
638	8433
639	8236
640	8456
641	8308
642	8154
643	8303
644	8621
645	8288
646	8285
647	8295
648	8263
649	8516
650	8347
651	8308
652	8422
653	8180
654	8409
655	8246
656	8524
657	8644
658	8402
659	8487
660	8199
661	8701
662	8299
663	8257
664	8536
665	8288
666	8385
667	8727
668	8652
669	8566
670	8199
671	8047
672	8141
673	7961
674	8122
675	8173
676	8163
677	7811
678	8134
679	7980
680	8163
681	8048
682	8024
683	8087
684	8119
685	8069
686	7676
687	7597
688	7786
689	7932
690	8065
691	8073
692	7980
693	7749
694	7675
695	7787
696	8079
697	7581
698	7842
699	7686
700	7881
701	8089
702	8015
703	7960
704	7588
705	7775
706	7889
707	7731
708	7964
709	8301
710	8204
711	8089
712	7795
713	8000
714	7726
715	7871
716	8072
717	7721
718	8026
719	7829
720	7896
721	7909
722	8149
723	8029
724	7740
725	7808
726	7767
727	7695
728	7981
729	7875
730	7769
731	7946
732	7787
733	7916
734	8142
735	8040
736	8014
737	7858
738	7603
739	7629
740	7729
741	7709
742	8049
743	7772
744	7512
745	7852
746	7540
747	7512
748	7639
749	7820
750	7791
751	8151
752	7952
753	7857
754	7957
755	7877
756	8164
757	8116
758	8052
759	8147
760	7810
761	8102
762	8023
763	8218
764	8027
765	8017
766	8231
767	8112
768	8274
769	7931
770	8037
771	8157
772	8125
773	8819
774	7794
775	8217
776	7881
777	8109
778	8243
779	8199
780	8694
781	8197
782	8058
783	7850
784	7923
785	7989
786	7861
787	8042
788	7606
789	7536
790	7529
791	7902
792	7942
793	7670
794	7774
795	7703
796	7487
797	7659
798	7433
799	7446
800	7391
801	7390
802	7646
803	7561
804	7426
805	7619
806	7646
807	7745
808	7686
809	7698
810	7311
811	7522
812	7483
813	7273
814	7517
815	7390
816	7672
817	7470
818	7692
819	7367
820	7462
821	7511
822	7578
823	7656
824	7452
825	7611
826	7364
827	7471
828	7596
829	7139
830	8001
831	7643
832	7669
833	7461
834	7708
835	8226
836	7747
837	8567
838	7594
839	7530
840	7292
841	7537
842	7602
843	7431
844	7782
845	7580
846	7540
847	7417
848	7260
849	7311
850	7412
851	7396
852	7401
853	7368
854	7341
855	7637
856	7441
857	7413
858	7158
859	7549
860	7584
861	7425
862	7379
863	7301
864	7513
865	7352
866	7579
867	7101
868	7728
869	7427
870	7383
871	7285
872	7143
873	7840
874	7085
875	7252
876	7479
877	7692
878	7246
879	7218
880	7437
881	7094
882	7362
883	7001
884	6936
885	7022
886	7077
887	6963
888	7017
889	6899
890	6845
891	6876
892	7193
893	6908
894	6848
895	6622
896	6986
897	6960
898	6937
899	6795
900	6757
901	6874
902	6802
903	6692
904	6627
905	6920
906	6797
907	7071
908	7103
909	7184
910	7308
911	6793
912	6892
913	7072
914	7107
915	7021
916	6892
917	6969
918	6828
919	7404
920	6708
921	6826
922	6697
923	6937
924	6844
925	6818
926	6783
927	6975
928	7006
929	6658
930	6865
931	6795
932	7121
933	6826
934	6788
935	6845
936	6746
937	7160
938	6804
939	6696
940	6825
941	7018
942	6598
943	6579
944	6903
945	6838
946	6917
947	6588
948	7045
949	6818
950	6605
951	6755
952	6546
953	6853
954	6671
955	6901
956	6848
957	7000
958	6908
959	6871
960	6891
961	6874
962	7003
963	6741
964	6608
965	6884
966	6750
967	6736
968	6767
969	6777
970	7091
971	6799
972	7176
973	7160
974	6973
975	6804
976	6603
977	6818
978	6877
979	6768
980	6768
981	6605
982	6723
983	6533
984	6548
985	6702
986	7010
987	6787
988	6600
989	6879
990	6910
991	6921
992	6889
993	7000
994	7147
995	6665
996	7193
997	6881
998	7013
999	6666
1000	6825
1001	6677
1002	6924
1003	7032
1004	7062
1005	6987
1006	6926
1007	6993
1008	6652
1009	6720
1010	6659
1011	6856
1012	6735
1013	6959
1014	6741
1015	6740
1016	6508
1017	6812
1018	6597
1019	6625
1020	6714
1021	7082
1022	6731
1023	6844
1024	6730
1025	6785
1026	6467
1027	6589
1028	6548
1029	6718
1030	6693
1031	6820
1032	6631
1033	6555
1034	6663
1035	6639
1036	6889
1037	7312
1038	7413
1039	7430
1040	7279
1041	7403
1042	7317
1043	7460
1044	7086
1045	7047
1046	7079
1047	6909
1048	7060
1049	6835
1050	6871
1051	6798
1052	6897
1053	6489
1054	6484
1055	6441
1056	6511
1057	6931
1058	6735
1059	6629
1060	6591
1061	6464
1062	6347
1063	6385
1064	6276
1065	6369
1066	6262
1067	6603
1068	6535
1069	6476
1070	6566
1071	6621
1072	6214
1073	6136
1074	6049
1075	6218
1076	6104
1077	6125
1078	6421
1079	6240
1080	5921
1081	5890
1082	5883
1083	6189
1084	6234
1085	6127
1086	5916
1087	6154
1088	5885
1089	6191
1090	5852
1091	5836
1092	5927
1093	5952
1094	6267
1095	5777
1096	5924
1097	5969
1098	5835
1099	5856
1100	5831
1101	5821
1102	5760
1103	5684
1104	5900
1105	5522
1106	5786
1107	5631
1108	5776
1109	5713
1110	5622
1111	5645
1112	5666
1113	5693
1114	5630
1115	5709
1116	5644
1117	5636
1118	5905
1119	5975
1120	5959
1121	5765
1122	5950
1123	5884
1124	5827
1125	5807
1126	5746
1127	5566
1128	5550
1129	5703
1130	5587
1131	5545
1132	5621
1133	5632
1134	5811
1135	5891
1136	5711
1137	5685
1138	5594
1139	5793
1140	5607
1141	6008
1142	5760
1143	5661
1144	5701
1145	5599
1146	5758
1147	5525
1148	5545
1149	5530
1150	5726
1151	5692
1152	5501
1153	5362
1154	5492
1155	5568
1156	5497
1157	5466
1158	5382
1159	5485
1160	5540
1161	5595
1162	5627
1163	5610
1164	5635
1165	5782
1166	5591
1167	5409
1168	5527
1169	5457
1170	5719
1171	5675
1172	5504
1173	5487
1174	5518
1175	5460
1176	5208
1177	5484
1178	5540
1179	5625
1180	5660
1181	5409
1182	5473
1183	5385
1184	5357
1185	5564
1186	5353
1187	5565
1188	5471
1189	5341
1190	5466
1191	5388
1192	5346
1193	5494
1194	5291
1195	5335
1196	5436
1197	5397
1198	5270
1199	5512
1200	5421
1201	5435
1202	5469
1203	5627
1204	5407
1205	5316
1206	5482
1207	5502
1208	5314
1209	5395
1210	5477
1211	5491
1212	5605
1213	5339
1214	5395
1215	5331
1216	5330
1217	5453
1218	5372
1219	5490
1220	5289
1221	5395
1222	5569
1223	5418
1224	5567
1225	5580
1226	5404
1227	5327
1228	5731
1229	5465
1230	5320
1231	5510
1232	5641
1233	5671
1234	5573
1235	5673
1236	5440
1237	5548
1238	5613
1239	5682
1240	5418
1241	5865
1242	5813
1243	5616
1244	5562
1245	5623
1246	5947
1247	5819
1248	5731
1249	5946
1250	6062
1251	5988
1252	5796
1253	5930
1254	6361
1255	6131
1256	5599
1257	5923
1258	5928
1259	5547
1260	5768
1261	5640
1262	5793
1263	6291
1264	6312
1265	5819
1266	5935
1267	5820
1268	5660
1269	5602
1270	5667
1271	5619
1272	5730
1273	5707
1274	5688
1275	5652
1276	5615
1277	5720
1278	5695
1279	5634
1280	5561
1281	5466
1282	5512
1283	5548
1284	5572
1285	5541
1286	5589
1287	5731
1288	5577
1289	5471
1290	5360
1291	5540
1292	5785
1293	5386
1294	5486
1295	5651
1296	5560
1297	5825
1298	5885
1299	5793
1300	5906
1301	6640
1302	6184
1303	6000
1304	6135
1305	6356
1306	6175
1307	6474
1308	6564
1309	6730
1310	6931
1311	6208
1312	6039
1313	6396
1314	6235
1315	6476
1316	6475
1317	6146
1318	6335
1319	6400
1320	6197
1321	6508
1322	6270
1323	6242
1324	7259
1325	6976
1326	8116
1327	6250
1328	5938
1329	6063
1330	6068
1331	7015
1332	6724
1333	5867
1334	6277
1335	6242
1336	6185
1337	6098
1338	5878
1339	6408
1340	6326
1341	8163
1342	8119
1343	6574
1344	6489
1345	6056
1346	6445
1347	6293
1348	6228
1349	6149
1350	6405
1351	6520
1352	6311
1353	6228
1354	6139
1355	5884
1356	5815
1357	6004
1358	5775
1359	6393
1360	5610
1361	5766
1362	5667
1363	5771
1364	5997
1365	5692
1366	5533
1367	5354
1368	5855
1369	5395
1370	5654
1371	5592
1372	5710
1373	5482
1374	5205
1375	5393
1376	5760
1377	5435
1378	5171
1379	5310
1380	5451
1381	5404
1382	5411
1383	5612
1384	5463
1385	5261
1386	5269
1387	5547
1388	5298
1389	5361
1390	5403
1391	5646
1392	5331
1393	5474
1394	5637
1395	5590
1396	5514
1397	5387
1398	5212
1399	5357
1400	5611
1401	5493
1402	5482
1403	5316
1404	5051
1405	5217
1406	5331
1407	5479
1408	5051
1409	5347
1410	5310
1411	5362
1412	5476
1413	5593
1414	5286
1415	5262
1416	5104
1417	5174
1418	5371
1419	5126
1420	5236
1421	5221
1422	5121
1423	5222
1424	5190
1425	5108
1426	5230
1427	5090
1428	5123
1429	5252
1430	4981
1431	5169
1432	4988
1433	4942
1434	4809
1435	5054
1436	4960
1437	5212
1438	4905
1439	5208
1440	4941
1441	5178
1442	5054
1443	5164
1444	5142
1445	4925
1446	4997
1447	5099
1448	5183
1449	5088
1450	5095
1451	5072
1452	4942
1453	4909
1454	5249
1455	5053
1456	5313
1457	5021
1458	5456
1459	5266
1460	5267
1461	5074
1462	5058
1463	5119
1464	5122
1465	5019
1466	4983
1467	5165
1468	5113
1469	5137
1470	5317
1471	5017
1472	5363
1473	5295
1474	5316
1475	5318
1476	5023
1477	5058
1478	4982
1479	5365
1480	5459
1481	5674
1482	5443
1483	5399
1484	5198
1485	4916
1486	4793
1487	4983
1488	4755
1489	4933
1490	5080
1491	5108
1492	5167
1493	5026
1494	4940
1495	4920
1496	4956
1497	5277
1498	5403
1499	5464
1500	5261
1501	5061
1502	5034
1503	5183
1504	5283
1505	4907
1506	5251
1507	5080
1508	5022
1509	4930
1510	4940
1511	4960
1512	4790
1513	5033
1514	4972
1515	5065
1516	5035
1517	5198
1518	5006
1519	5069
1520	4968
1521	5215
1522	5101
1523	5051
1524	5015
1525	5175
1526	5170
1527	5080
1528	4851
1529	4723
1530	5232
1531	5442
1532	5211
1533	5526
1534	5810
1535	5803
1536	5333
1537	6255
1538	5354
1539	5258
1540	5219
1541	5214
1542	5222
1543	4747
1544	5237
1545	5337
1546	5506
1547	5462
1548	5380
1549	5453
1550	5021
1551	5537
1552	5592
1553	5472
1554	5537
1555	5480
1556	5652
1557	5547
1558	5781
1559	5755
1560	5360
1561	5269
1562	5155
1563	5232
1564	5411
1565	5446
1566	5416
1567	5417
1568	5012
1569	5182
1570	5213
1571	5072
1572	5181
1573	5305
1574	5160
1575	5053
1576	5069
1577	5195
1578	4998
1579	5287
1580	5237
1581	5371
1582	5454
1583	5065
1584	5211
1585	5530
1586	5197
1587	5344
1588	5030
1589	5223
1590	4945
1591	5172
1592	5225
1593	5478
1594	5295
1595	5086
1596	5098
1597	5309
1598	5327
1599	5272
1600	5209
1601	5562
1602	5424
1603	5421
1604	5273
1605	5094
1606	5053
1607	5313
1608	4966
1609	5099
1610	5139
1611	5271
1612	5388
1613	5469
1614	5255
1615	5228
1616	5229
1617	5139
1618	5202
1619	5182
1620	5124
1621	5412
1622	5222
1623	5012
1624	5054
1625	5197
1626	5242
1627	5246
1628	5325
1629	5166
1630	5292
1631	5096
1632	5313
1633	5174
1634	5494
1635	5256
1636	5078
1637	5118
1638	5274
1639	5341
1640	5308
1641	5028
1642	5152
1643	4913
1644	5066
1645	5004
1646	4937
1647	4872
1648	4914
1649	4991
1650	4995
1651	5106
1652	4922
1653	4874
1654	4935
1655	4952
1656	4895
1657	5069
1658	5590
1659	4824
1660	4975
1661	4903
1662	5377
1663	5171
1664	5030
1665	5081
1666	4910
1667	5035
1668	5126
1669	5216
1670	5364
1671	5072
1672	5013
1673	5133
1674	5321
1675	5508
1676	5383
1677	5784
1678	5579
1679	5409
1680	5652
1681	5253
1682	5421
1683	5363
1684	5108
1685	5132
1686	5032
1687	4901
1688	5156
1689	4943
1690	4959
1691	5054
1692	4897
1693	5027
1694	4981
1695	4998
1696	4958
1697	4968
1698	5177
1699	5144
1700	4989
1701	4953
1702	5192
1703	5253
1704	5052
1705	5009
1706	5300
1707	5423
1708	5136
1709	5172
1710	5153
1711	5030
1712	5105
1713	5102
1714	5124
1715	5351
1716	5363
1717	4880
1718	5189
1719	4873
1720	5155
1721	5331
1722	5079
1723	5410
1724	5305
1725	5266
1726	5523
1727	4977
1728	4880
1729	4739
1730	4859
1731	4894
1732	4895
1733	4817
1734	4893
1735	4876
1736	4724
1737	4940
1738	4792
1739	4850
1740	4707
1741	4676
1742	4728
1743	4619
1744	4649
1745	4816
1746	4789
1747	4942
1748	4615
1749	4868
1750	4755
1751	4662
1752	4810
1753	5069
1754	4867
1755	4785
1756	4709
1757	4954
1758	4878
1759	4895
1760	5076
1761	4757
1762	4798
1763	4856
1764	4966
1765	4909
1766	4770
1767	4905
1768	4937
1769	5131
1770	4837
1771	4923
1772	4923
1773	4797
1774	5002
1775	4756
1776	4890
1777	4872
1778	5279
1779	4924
1780	4697
1781	5093
1782	5054
1783	4929
1784	4815
1785	4771
1786	4890
1787	4945
1788	5071
1789	5179
1790	5112
1791	4925
1792	4834
1793	5101
1794	4659
1795	4833
1796	4872
1797	4992
1798	4818
1799	4796
1800	5128
1801	4969
1802	4857
1803	4758
1804	4681
1805	4690
1806	4637
1807	4780
1808	4872
1809	4683
1810	4763
1811	4516
1812	4754
1813	4909
1814	4724
1815	4859
1816	4699
1817	4843
1818	4726
1819	4888
1820	4615
1821	4834
1822	4889
1823	4958
1824	4900
1825	4851
1826	4870
1827	4676
1828	4608
1829	4671
1830	4795
1831	4707
1832	4652
1833	4805
1834	4770
1835	4936
1836	4668
1837	4653
1838	4506
1839	4839
1840	4731
1841	4652
1842	4737
1843	4604
1844	4426
1845	4659
1846	4687
1847	4609
1848	4929
1849	4569
1850	4617
1851	4520
1852	4641
1853	4622
1854	4535
1855	4558
1856	4502
1857	4650
1858	4721
1859	5010
1860	4856
1861	4908
1862	4785
1863	4677
1864	4572
1865	4516
1866	4630
1867	4457
1868	4678
1869	4678
1870	4463
1871	4461
1872	4572
1873	4308
1874	4202
1875	4234
1876	4413
1877	4551
1878	4392
1879	4392
1880	4271
1881	4337
1882	4248
1883	4502
1884	4158
1885	4185
1886	4248
1887	4286
1888	4210
1889	4052
1890	4091
1891	4180
1892	4060
1893	4175
1894	4084
1895	4172
1896	4193
1897	4174
1898	4178
1899	4224
1900	4134
1901	4052
1902	4054
1903	4070
1904	4005
1905	4142
1906	4224
1907	4174
1908	4192
1909	4019
1910	4177
1911	4083
1912	4035
1913	4159
1914	4139
1915	4163
1916	4082
1917	3930
1918	3977
1919	4112
1920	3998
1921	4036
1922	3974
1923	3743
1924	3844
1925	3876
1926	4135
1927	4003
1928	3953
1929	4135
1930	4047
1931	3995
1932	4066
1933	4043
1934	3977
1935	4068
1936	4143
1937	4257
1938	4323
1939	4005
1940	4025
1941	4022
1942	4076
1943	4089
1944	3946
1945	4071
1946	4148
1947	4002
1948	3965
1949	3998
1950	3997
1951	3873
1952	4025
1953	4066
1954	3959
1955	4170
1956	3668
1957	4188
1958	4022
1959	3944
1960	3949
1961	4093
1962	3985
1963	4154
1964	4160
1965	4097
1966	3996
1967	4002
1968	4209
1969	4188
1970	4090
1971	4120
1972	4101
1973	4364
1974	4444
1975	4382
1976	4158
1977	4213
1978	4221
1979	4449
1980	4362
1981	4356
1982	4247
1983	4404
1984	4438
1985	4225
1986	4222
1987	4256
1988	4341
1989	4162
1990	4087
1991	4146
1992	4418
1993	4261
1994	4375
1995	4314
1996	4315
1997	4438
1998	4412
1999	4438
2000	4418
2001	4380
2002	4724
2003	4766
2004	4773
2005	4548
2006	4585
2007	4672
2008	4850
2009	4670
2010	4819
2011	4453
2012	4630
2013	4660
2014	4687
2015	4778
2016	4456
2017	4366
2018	4649
2019	4671
2020	4751
2021	4678
2022	4653
2023	4727
2024	4856
2025	4802
2026	4763
2027	4912
2028	4700
2029	4624
2030	4746
2031	4561
2032	4577
2033	4602
2034	4722
2035	4404
2036	4455
2037	4622
2038	4642
2039	4784
2040	4761
2041	4710
2042	4480
2043	4544
2044	4531
2045	4430
2046	4537
2047	4618
2048	4503
2049	4429
2050	4638
2051	4510
2052	4386
2053	4585
2054	4511
2055	4684
2056	4265
2057	4836
2058	4841
2059	4648
2060	4634
2061	4751
2062	5045
2063	4702
2064	5153
2065	4723
2066	4647
2067	4764
2068	4601
2069	4919
2070	4605
2071	4788
2072	4763
2073	4607
2074	4430
2075	4382
2076	4545
2077	4618
2078	4536
2079	4774
2080	4374
2081	4848
2082	4638
2083	4893
2084	4570
2085	4349
2086	4513
2087	4400
2088	4458
2089	4475
2090	4642
2091	4402
2092	4370
2093	4294
2094	4389
2095	4121
2096	4453
2097	4494
2098	4252
2099	4608
2100	4385
2101	4381
2102	4237
2103	4427
2104	4384
2105	4311
2106	4422
2107	4259
2108	4321
2109	4177
2110	4239
2111	4222
2112	4089
2113	4265
2114	4174
2115	4378
2116	4566
2117	4261
2118	4429
2119	4324
2120	4396
2121	4144
2122	4385
2123	4253
2124	4149
2125	4270
2126	4302
2127	4535
2128	4097
2129	4183
2130	4216
2131	4204
2132	4342
2133	4372
2134	4268
2135	4564
2136	4135
2137	4313
2138	4284
2139	4094
2140	4095
2141	4235
2142	4180
2143	4230
2144	4068
2145	3979
2146	4103
2147	3969
2148	4063
2149	4040
2150	4102
2151	3904
2152	4048
2153	4527
2154	3964
2155	4067
2156	3986
2157	3938
2158	3847
2159	3959
2160	3929
2161	3939
2162	4041
2163	3899
2164	4081
2165	4116
2166	4133
2167	4150
2168	3913
2169	4025
2170	4119
2171	3821
2172	4094
2173	3782
2174	3927
2175	3997
2176	3877
2177	4060
2178	3998
2179	3709
2180	3863
2181	3864
2182	4012
2183	3755
2184	3912
2185	3803
2186	3806
2187	3629
2188	3719
2189	3880
2190	3768
2191	3815
2192	3791
2193	3684
2194	3890
2195	3662
2196	3893
2197	3849
2198	3691
2199	3864
2200	3684
2201	3802
2202	3916
2203	3848
2204	3989
2205	3735
2206	3602
2207	3815
2208	3797
2209	3830
2210	3834
2211	3757
2212	3724
2213	3710
2214	3978
2215	4039
2216	3678
2217	3712
2218	3940
2219	3792
2220	3811
2221	3697
2222	3688
2223	3502
2224	3705
2225	3632
2226	3660
2227	3754
2228	3626
2229	3774
2230	3654
2231	3721
2232	3508
2233	3685
2234	3712
2235	3522
2236	3714
2237	3796
2238	3889
2239	3730
2240	3850
2241	3512
2242	3688
2243	3715
2244	3834
2245	3823
2246	3735
2247	3690
2248	3724
2249	3913
2250	3610
2251	3954
2252	3749
2253	3720
2254	3901
2255	3668
2256	3797
2257	3568
2258	3661
2259	3828
2260	3763
2261	3789
2262	3690
2263	3784
2264	3671
2265	3748
2266	3882
2267	3545
2268	3741
2269	3665
2270	3694
2271	3689
2272	3599
2273	3685
2274	3610
2275	3727
2276	3698
2277	3662
2278	3652
2279	3759
2280	3538
2281	3574
2282	3526
2283	3650
2284	3579
2285	3681
2286	3722
2287	3740
2288	3666
2289	3718
2290	3655
2291	3790
2292	3696
2293	3646
2294	3674
2295	3638
2296	3750
2297	3946
2298	3508
2299	3799
2300	3521
2301	3885
2302	3715
2303	3508
2304	3658
2305	3532
2306	3593
2307	3663
2308	3521
2309	3741
2310	3756
2311	3691
2312	3761
2313	3919
2314	3867
2315	3721
2316	3784
2317	3872
2318	3773
2319	4076
2320	3866
2321	3976
2322	3771
2323	3762
2324	3820
2325	3739
2326	3941
2327	3530
2328	3888
2329	3923
2330	3883
2331	3777
2332	3804
2333	3938
2334	3832
2335	3766
2336	3912
2337	3699
2338	3961
2339	3901
2340	4040
2341	4085
2342	3947
2343	3897
2344	3881
2345	3887
2346	4045
2347	3713
2348	4227
2349	3863
2350	3769
2351	3762
2352	4115
2353	3859
2354	3812
2355	4451
2356	4039
2357	4035
2358	3950
2359	4132
2360	4153
2361	3784
2362	4541
2363	3997
2364	4182
2365	4213
2366	4263
2367	4107
2368	4170
2369	4310
2370	3938
2371	3720
2372	4159
2373	3934
2374	4011
2375	3871
2376	4323
2377	3813
2378	4178
2379	4274
2380	3925
2381	4167
2382	4159
2383	3703
2384	3977
2385	3780
2386	3968
2387	3834
2388	3946
2389	3924
2390	3990
2391	4274
2392	4153
2393	3754
2394	4044
2395	4104
2396	4171
2397	3867
2398	5356
2399	3810
2400	4247
2401	3987
2402	4439
2403	3732
2404	4110
2405	4199
2406	4011
2407	3546
2408	3628
2409	3571
2410	3648
2411	3791
2412	3778
2413	3515
2414	3453
2415	3677
2416	3552
2417	3538
2418	3623
2419	3560
2420	3438
2421	3400
2422	3409
2423	3650
2424	3272
2425	3676
2426	3553
2427	3691
2428	3459
2429	3471
2430	3467
2431	3530
2432	3571
2433	3586
2434	3232
2435	3476
2436	3398
2437	3657
2438	3399
2439	3280
2440	3778
2441	3433
2442	3574
2443	3200
2444	3398
2445	3675
2446	3518
2447	3492
2448	3239
2449	3306
2450	3113
2451	3120
2452	3196
2453	3382
2454	3170
2455	3121
2456	2977
2457	3082
2458	3156
2459	3188
2460	3230
2461	3054
2462	2984
2463	2999
2464	2987
2465	3017
2466	3095
2467	2915
2468	3009
2469	2955
2470	3107
2471	3211
2472	3008
2473	2976
2474	3033
2475	3024
2476	3243
2477	3139
2478	3177
2479	3090
2480	3247
2481	3106
2482	3074
2483	3099
2484	3030
2485	2991
2486	3058
2487	3035
2488	3222
2489	3186
2490	3235
2491	3175
2492	3036
2493	3081
2494	3132
2495	3166
2496	3240
2497	3186
2498	3418
2499	3232
2500	3040
2501	3017
2502	3107
2503	3207
2504	3009
2505	3115
2506	3102
2507	3244
2508	3046
2509	3143
2510	2947
2511	3197
2512	3316
2513	3395
2514	3230
2515	3268
2516	3301
2517	3260
2518	3316
2519	3233
2520	3279
2521	3363
2522	3180
2523	3380
2524	3245
2525	3145
2526	3326
2527	3247
2528	3432
2529	3314
2530	3167
2531	3358
2532	3382
2533	3207
2534	3240
2535	3112
2536	3346
2537	3207
2538	3502
2539	3304
2540	3439
2541	3337
2542	3679
2543	3417
2544	3374
2545	3432
2546	3530
2547	3549
2548	3451
2549	3563
2550	3431
2551	3835
2552	3402
2553	3689
2554	3725
2555	3779
2556	3732
2557	3814
2558	3697
2559	3898
2560	3405
2561	3744
2562	3533
2563	3978
2564	4319
2565	4005
2566	4502
2567	3966
2568	4559
2569	3811
2570	4483
2571	3954
2572	3937
2573	3900
2574	3945
2575	3961
2576	3793
2577	4046
2578	3973
2579	3970
2580	3923
2581	4289
2582	3808
2583	3707
2584	3775
2585	3481
2586	3669
2587	3863
2588	4244
2589	3575
2590	3892
2591	3881
2592	3568
2593	3870
2594	4117
2595	3557
2596	3479
2597	3599
2598	3640
2599	3402
2600	3579
2601	3640
2602	3561
2603	3380
2604	3718
2605	3514
2606	3692
2607	3571
2608	3676
2609	3356
2610	3678
2611	3640
2612	3961
2613	4109
2614	3546
2615	3789
2616	4298
2617	3841
2618	3773
2619	3847
2620	3580
2621	3660
2622	3902
2623	3996
2624	4216
2625	4145
2626	4881
2627	3714
2628	3938
2629	4282
2630	4957
2631	3542
2632	3732
2633	3770
2634	3712
2635	4178
2636	4072
2637	3659
2638	3569
2639	3813
2640	3783
2641	3805
2642	3895
2643	3840
2644	3650
2645	3770
2646	3378
2647	3549
2648	3755
2649	4705
2650	3797
2651	3800
2652	3846
2653	3792
2654	3696
2655	3913
2656	3255
2657	3497
2658	3466
2659	3358
2660	3392
2661	3351
2662	3236
2663	3448
2664	3478
2665	3570
2666	3259
2667	3342
2668	3408
2669	3199
2670	3195
2671	3083
2672	3532
2673	3229
2674	3405
2675	3439
2676	3401
2677	3302
2678	3222
2679	3673
2680	3356
2681	3356
2682	3577
2683	3416
2684	3404
2685	3349
2686	3591
2687	3371
2688	3508
2689	3514
2690	3611
2691	3514
2692	3268
2693	3403
2694	3452
2695	3460
2696	3382
2697	3349
2698	3382
2699	3513
2700	3511
2701	3540
2702	3885
2703	3775
2704	3553
2705	3550
2706	3562
2707	3516
2708	3683
2709	3724
2710	3503
2711	3703
2712	3342
2713	3409
2714	3497
2715	3542
2716	3889
2717	3660
2718	3672
2719	3900
2720	3594
2721	3437
2722	3385
2723	3504
2724	3322
2725	3275
2726	3436
2727	3566
2728	3495
2729	3352
2730	3427
2731	3493
2732	3294
2733	3397
2734	3353
2735	3388
2736	3245
2737	3483
2738	3409
2739	3363
2740	3373
2741	3438
2742	3118
2743	3233
2744	3127
2745	3388
2746	3236
2747	3366
2748	3240
2749	3071
2750	3066
2751	3305
2752	3046
2753	3367
2754	3302
2755	3251
2756	3551
2757	3400
2758	3295
2759	3241
2760	3486
2761	3516
2762	3668
2763	3377
2764	3112
2765	3317
2766	3201
2767	3172
2768	3133
2769	3209
2770	3109
2771	3142
2772	3050
2773	3318
2774	3055
2775	3198
2776	3291
2777	3143
2778	3304
2779	3262
2780	3193
2781	3354
2782	3165
2783	3396
2784	2977
2785	2992
2786	3070
2787	3091
2788	3076
2789	3096
2790	3031
2791	2787
2792	2834
2793	2864
2794	2837
2795	2886
2796	3060
2797	2972
2798	3104
2799	2963
2800	2881
2801	2882
2802	3004
2803	3326
2804	2955
2805	3076
2806	3190
2807	3209
2808	3175
2809	3209
2810	3572
2811	3372
2812	3642
2813	3427
2814	3514
2815	3600
2816	3904
2817	4467
2818	3119
2819	3173
2820	3536
2821	3703
2822	3885
2823	3470
2824	2968
2825	2926
2826	2961
2827	2972
2828	2868
2829	2769
2830	2800
2831	2698
2832	2856
2833	3160
2834	2898
2835	3079
2836	3176
2837	3066
2838	3012
2839	3120
2840	2925
2841	2860
2842	2994
2843	2972
2844	3018
2845	3046
2846	2997
2847	3023
2848	3031
2849	3045
2850	2826
2851	2879
2852	2972
2853	2863
2854	2894
2855	2830
2856	2967
2857	2938
2858	2915
2859	2955
2860	3013
2861	3091
2862	3079
2863	3337
2864	2870
2865	3244
2866	2976
2867	3181
2868	2927
2869	3075
2870	3070
2871	3397
2872	3034
2873	3054
2874	2876
2875	3129
2876	3117
2877	3232
2878	3226
2879	3038
2880	2970
2881	3200
2882	3372
2883	3099
2884	2927
2885	2926
2886	2955
2887	2885
2888	3275
2889	3578
2890	2854
2891	2862
2892	2915
2893	3257
2894	2764
2895	2750
2896	2820
2897	2895
2898	3087
2899	2995
2900	2876
2901	3068
2902	2781
2903	2898
2904	2647
2905	2687
2906	2877
2907	2785
2908	2787
2909	2867
2910	2794
2911	2848
2912	2760
2913	2722
2914	2678
2915	2452
2916	2758
2917	2878
2918	2911
2919	2889
2920	2626
2921	2664
2922	2559
2923	2580
2924	2667
2925	2566
2926	2637
2927	2618
2928	2604
2929	2619
2930	2617
2931	2681
2932	2755
2933	2579
2934	2753
2935	2681
2936	2619
2937	2580
2938	2629
2939	2601
2940	2593
2941	2851
2942	2675
2943	2694
2944	2671
2945	2599
2946	2468
2947	2574
2948	2689
2949	2578
2950	2659
2951	2472
2952	2561
2953	2453
2954	2655
2955	2532
2956	2530
2957	2538
2958	2583
2959	2452
2960	2661
2961	2524
2962	2540
2963	2631
2964	2711
2965	2594
2966	2581
2967	2502
2968	2550
2969	2623
2970	2483
2971	2590
2972	2582
2973	2671
2974	2759
2975	2718
2976	2624
2977	2498
2978	2439
2979	2520
2980	2493
2981	2606
2982	2560
2983	2701
2984	2492
2985	2616
2986	2617
2987	2614
2988	2679
2989	2477
2990	2669
2991	2595
2992	2647
2993	2713
2994	2577
2995	2721
2996	2934
2997	2662
2998	2649
2999	2687
3000	2655
3001	2736
3002	2824
3003	2776
3004	2858
3005	2801
3006	2887
3007	2838
3008	2940
3009	3032
3010	2974
3011	3006
3012	2958
3013	2840
3014	2840
3015	2713
3016	2903
3017	2956
3018	2924
3019	2820
3020	2702
3021	2952
3022	2830
3023	2885
3024	2777
3025	2851
3026	2734
3027	2738
3028	2921
3029	2669
3030	2936
3031	2978
3032	2676
3033	2873
3034	2782
3035	2994
3036	2850
3037	2805
3038	3061
3039	2903
3040	2903
3041	3097
3042	3082
3043	2891
3044	3062
3045	3016
3046	3101
3047	3168
3048	3293
3049	3196
3050	2931
3051	2914
3052	3036
3053	3248
3054	2964
3055	2882
3056	3035
3057	2894
3058	2912
3059	2948
3060	2873
3061	2835
3062	3000
3063	2966
3064	2773
3065	2666
3066	2696
3067	2703
3068	2934
3069	2748
3070	2768
3071	2808
3072	2866
3073	2804
3074	2898
3075	2905
3076	2842
3077	2833
3078	2844
3079	2911
3080	2773
3081	2929
3082	2866
3083	2878
3084	2967
3085	2931
3086	2725
3087	2822
3088	2844
3089	2815
3090	3042
3091	3025
3092	2905
3093	2782
3094	2843
3095	2927
3096	2752
3097	2801
3098	2742
3099	2666
3100	2800
3101	2856
3102	2774
3103	2799
3104	2840
3105	2749
3106	2729
3107	2642
3108	2576
3109	2728
3110	2739
3111	2746
3112	2687
3113	2759
3114	2899
3115	2763
3116	2660
3117	2617
3118	2683
3119	2574
3120	2774
3121	2764
3122	2760
3123	2661
3124	2777
3125	2644
3126	2518
3127	2656
3128	2718
3129	2595
3130	2669
3131	2723
3132	2688
3133	2645
3134	2836
3135	2671
3136	2722
3137	2711
3138	2707
3139	2719
3140	2875
3141	2957
3142	2543
3143	2550
3144	2624
3145	2574
3146	2609
3147	2498
3148	2523
3149	2583
3150	2572
3151	2638
3152	2506
3153	2589
3154	2507
3155	2539
3156	2705
3157	2720
3158	2772
3159	2630
3160	2869
3161	2760
3162	2667
3163	2652
3164	2546
3165	2724
3166	2687
3167	2564
3168	2706
3169	2616
3170	2524
3171	2469
3172	2390
3173	2540
3174	2513
3175	2458
3176	2486
3177	2522
3178	2485
3179	2449
3180	2517
3181	2561
3182	2548
3183	2374
3184	2506
3185	2351
3186	2467
3187	2455
3188	2531
3189	2509
3190	2431
3191	2597
3192	2560
3193	2455
3194	2524
3195	2487
3196	2421
3197	2538
3198	2410
3199	2501
3200	2429
3201	2368
3202	2447
3203	2503
3204	2560
3205	2541
3206	2440
3207	2451
3208	2381
3209	2359
3210	2404
3211	2478
3212	2577
3213	2526
3214	2547
3215	2427
3216	2529
3217	2459
3218	2509
3219	2595
3220	2453
3221	2631
3222	2563
3223	2558
3224	2413
3225	2481
3226	2495
3227	2564
3228	2459
3229	2409
3230	2407
3231	2585
3232	2551
3233	2576
3234	2522
3235	2633
3236	2568
3237	2402
3238	2512
3239	2314
3240	2529
3241	2519
3242	2375
3243	2516
3244	2457
3245	2477
3246	2472
3247	2493
3248	2549
3249	2513
3250	2656
3251	2549
3252	2527
3253	2595
3254	2566
3255	2623
3256	2572
3257	2559
3258	2633
3259	2426
3260	2791
3261	2610
3262	2541
3263	2630
3264	2341
3265	2511
3266	2392
3267	2381
3268	2465
3269	2557
3270	2485
3271	2593
3272	2516
3273	2530
3274	2526
3275	2494
3276	2623
3277	2530
3278	2701
3279	2707
3280	2704
3281	2881
3282	2724
3283	2742
3284	2655
3285	2785
3286	2792
3287	2631
3288	2601
3289	2656
3290	2552
3291	2626
3292	2470
3293	2636
3294	2519
3295	2785
3296	2537
3297	2570
3298	2693
3299	2636
3300	2715
3301	2640
3302	2622
3303	2775
3304	2674
3305	2677
3306	2542
3307	2636
3308	2618
3309	2669
3310	2645
3311	2590
3312	2765
3313	2741
3314	2666
3315	2798
3316	2627
3317	2790
3318	2626
3319	2728
3320	2666
3321	2744
3322	2710
3323	2812
3324	2739
3325	2745
3326	2647
3327	2611
3328	2908
3329	2644
3330	2588
3331	2683
3332	2766
3333	2707
3334	2765
3335	2886
3336	2713
3337	2612
3338	2891
3339	2652
3340	2911
3341	2638
3342	2853
3343	2550
3344	2807
3345	2651
3346	2619
3347	2851
3348	2711
3349	2773
3350	2731
3351	2786
3352	2846
3353	2699
3354	2658
3355	2754
3356	2677
3357	2757
3358	2731
3359	2760
3360	2518
3361	2629
3362	2540
3363	2664
3364	2561
3365	2620
3366	2756
3367	2684
3368	2690
3369	2838
3370	2656
3371	2595
3372	2596
3373	2708
3374	2582
3375	2483
3376	2641
3377	2628
3378	2479
3379	2575
3380	2598
3381	2380
3382	2568
3383	2508
3384	2508
3385	2487
3386	2388
3387	2485
3388	2398
3389	2321
3390	2529
3391	2515
3392	2419
3393	2465
3394	2400
3395	2444
3396	2448
3397	2470
3398	2482
3399	2439
3400	2412
3401	2474
3402	2283
3403	2409
3404	2380
3405	2493
3406	2550
3407	2520
3408	2436
3409	2433
3410	2368
3411	2367
3412	2349
3413	2323
3414	2460
3415	2531
3416	2407
3417	2389
3418	2248
3419	2375
3420	2502
3421	2348
3422	2326
3423	2346
3424	2345
3425	2423
3426	2354
3427	2357
3428	2386
3429	2454
3430	2466
3431	2383
3432	2458
3433	2376
3434	2281
3435	2465
3436	2463
3437	2486
3438	2476
3439	2476
3440	2509
3441	2415
3442	2393
3443	2393
3444	2492
3445	2461
3446	2378
3447	2409
3448	2413
3449	2324
3450	2546
3451	2466
3452	2417
3453	2337
3454	2370
3455	2475
3456	2453
3457	2425
3458	2350
3459	2397
3460	2352
3461	2222
3462	2382
3463	2321
3464	2345
3465	2292
3466	2255
3467	2170
3468	2255
3469	2176
3470	2213
3471	2351
3472	2320
3473	2266
3474	2428
3475	2373
3476	2274
3477	2253
3478	2281
3479	2325
3480	2324
3481	2237
3482	2306
3483	2289
3484	2200
3485	2305
3486	2317
3487	2293
3488	2337
3489	2198
3490	2241
3491	2305
3492	2310
3493	2500
3494	2384
3495	2511
3496	2495
3497	2357
3498	2357
3499	2408
3500	2418
3501	2443
3502	2413
3503	2530
3504	2182
3505	2329
3506	2258
3507	2345
3508	2225
3509	2296
3510	2215
3511	2346
3512	2298
3513	2434
3514	2561
3515	2435
3516	2406
3517	2470
3518	2398
3519	2480
3520	2416
3521	2659
3522	2597
3523	2519
3524	2549
3525	2446
3526	2415
3527	2433
3528	2418
3529	2399
3530	2295
3531	2316
3532	2320
3533	2409
3534	2308
3535	2323
3536	2333
3537	2376
3538	2457
3539	2266
3540	2388
3541	2391
3542	2362
3543	2293
3544	2347
3545	2524
3546	2599
3547	2347
3548	2404
3549	2405
3550	2365
3551	2218
3552	2394
3553	2363
3554	2310
3555	2240
3556	2318
3557	2270
3558	2278
3559	2403
3560	2372
3561	2611
3562	2534
3563	2528
3564	2564
3565	2376
3566	2352
3567	2487
3568	2592
3569	2478
3570	2608
3571	2566
3572	2536
3573	2503
3574	2474
3575	2890
3576	2345
3577	2563
3578	2485
3579	2355
3580	2390
3581	2346
3582	2286
3583	2380
3584	2287
3585	2338
3586	2346
3587	2197
3588	2320
3589	2421
3590	2271
3591	2302
3592	2185
3593	2357
3594	2441
3595	2395
3596	2324
3597	2363
3598	2326
3599	2338
3600	2211
3601	2316
3602	2295
3603	2400
3604	2313
3605	2302
3606	2287
3607	2175
3608	2375
3609	2400
3610	2695
3611	2270
3612	2261
3613	2269
3614	2417
3615	2436
3616	2219
3617	2283
3618	2346
3619	2287
3620	2217
3621	2225
3622	2247
3623	2323
3624	2268
3625	2135
3626	2261
3627	2099
3628	2101
3629	2188
3630	2180
3631	2295
3632	2205
3633	2281
3634	2236
3635	2189
3636	2250
3637	2253
3638	2122
3639	2163
3640	2228
3641	2224
3642	2181
3643	2110
3644	2225
3645	2160
3646	2132
3647	2065
3648	2071
3649	2218
3650	2228
3651	2135
3652	2258
3653	2227
3654	2199
3655	2205
3656	2285
3657	2213
3658	2127
3659	2151
3660	2268
3661	2356
3662	2303
3663	2449
3664	2533
3665	2281
3666	2392
3667	2274
3668	2263
3669	2488
3670	2556
3671	2830
3672	2501
3673	2690
3674	2446
3675	2586
3676	2292
3677	2163
3678	2231
3679	2226
3680	2361
3681	2253
3682	2265
3683	2312
3684	2184
3685	2270
3686	2405
3687	2175
3688	2192
3689	2218
3690	2340
3691	2297
3692	2367
3693	2407
3694	2106
3695	2196
3696	2340
3697	2324
3698	2451
3699	2535
3700	2515
3701	2365
3702	2214
3703	2334
3704	2286
3705	2371
3706	2359
3707	2375
3708	2570
3709	2509
3710	2671
3711	2637
3712	2661
3713	2435
3714	2549
3715	2346
3716	2601
3717	2258
3718	2307
3719	2114
3720	2161
3721	2156
3722	2194
3723	2452
3724	2327
3725	2300
3726	2462
3727	2192
3728	2245
3729	2276
3730	2189
3731	2199
3732	2105
3733	2277
3734	2198
3735	2254
3736	2298
3737	2360
3738	2197
3739	2232
3740	2339
3741	2241
3742	2421
3743	2280
3744	2406
3745	2388
3746	2397
3747	2262
3748	2346
3749	2386
3750	2330
3751	2273
3752	2427
3753	2506
3754	2110
3755	2475
3756	2197
3757	2175
3758	2169
3759	2161
3760	2185
3761	2247
3762	2291
3763	2390
3764	2319
3765	2267
3766	2344
3767	2545
3768	2643
3769	2485
3770	2340
3771	2368
3772	2508
3773	2494
3774	2559
3775	2444
3776	2351
3777	2273
3778	2424
3779	2324
3780	2317
3781	2302
3782	2267
3783	2280
3784	2292
3785	2202
3786	2411
3787	2262
3788	2307
3789	2185
3790	2149
3791	2211
3792	2184
3793	2228
3794	2270
3795	2123
3796	2423
3797	2230
3798	2398
3799	2419
3800	2302
3801	2160
3802	2295
3803	2131
3804	1989
3805	2063
3806	2153
3807	2274
3808	2213
3809	2184
3810	2150
3811	2249
3812	2157
3813	2236
3814	2205
3815	2344
3816	2197
3817	2183
3818	2122
3819	2087
3820	2113
3821	2108
3822	2098
3823	2191
3824	2067
3825	2161
3826	2176
3827	2107
3828	2320
3829	2104
3830	1917
3831	2029
3832	2154
3833	2135
3834	2009
3835	2036
3836	2097
3837	2024
3838	2017
3839	2040
3840	2218
3841	2096
3842	2214
3843	2036
3844	1971
3845	2123
3846	2038
3847	2067
3848	2152
3849	2019
3850	2012
3851	2095
3852	2101
3853	1970
3854	2018
3855	1978
3856	1980
3857	2211
3858	1897
3859	1879
3860	2041
3861	2003
3862	2107
3863	1955
3864	1852
3865	2054
3866	1968
3867	2025
3868	2079
3869	1968
3870	1984
3871	1989
3872	1952
3873	2045
3874	1933
3875	2144
3876	1982
3877	1983
3878	1979
3879	1888
3880	1899
3881	2109
3882	2117
3883	1920
3884	2045
3885	1982
3886	2026
3887	2038
3888	2107
3889	2039
3890	2050
3891	2005
3892	2142
3893	2117
3894	2113
3895	2127
3896	1960
3897	2130
3898	1959
3899	2171
3900	2215
3901	2087
3902	2135
3903	2104
3904	2173
3905	2144
3906	2213
3907	2186
3908	2069
3909	2113
3910	2120
3911	2029
3912	2053
3913	2093
3914	1951
3915	2064
3916	2022
3917	2015
3918	2054
3919	1944
3920	1934
3921	2027
3922	2040
3923	1894
3924	2062
3925	2010
3926	1965
3927	2077
3928	1958
3929	2071
3930	2009
3931	1962
3932	2186
3933	2121
3934	1996
3935	2127
3936	1963
3937	2058
3938	2047
3939	2046
3940	2121
3941	2072
3942	2061
3943	1927
3944	2134
3945	2027
3946	1995
3947	1999
3948	2093
3949	2057
3950	2102
3951	2137
3952	2423
3953	2325
3954	2247
3955	2286
3956	2332
3957	2271
3958	2173
3959	2166
3960	2043
3961	2106
3962	2009
3963	2122
3964	2130
3965	2014
3966	2051
3967	2186
3968	2143
3969	2131
3970	2129
3971	2093
3972	2202
3973	2013
3974	1978
3975	2185
3976	2081
3977	2003
3978	1969
3979	2082
3980	2015
3981	2058
3982	1973
3983	1924
3984	1913
3985	2006
3986	1948
3987	1885
3988	2020
3989	1965
3990	1992
3991	1949
3992	1940
3993	2020
3994	2131
3995	2001
3996	1884
3997	2067
3998	1958
3999	1984
4000	2029
4001	2088
4002	2141
4003	2067
4004	2090
4005	1991
4006	1969
4007	1995
4008	2014
4009	2136
4010	2032
4011	2063
4012	2295
4013	2279
4014	2251
4015	2176
4016	2066
4017	2164
4018	2285
4019	2425
4020	2217
4021	2551
4022	2116
4023	2252
4024	2281
4025	2184
4026	2187
4027	2226
4028	2291
4029	2441
4030	2741
4031	2469
4032	3480
4033	2303
4034	2275
4035	2323
4036	2263
4037	2256
4038	2191
4039	2093
4040	2074
4041	2137
4042	2290
4043	2161
4044	2108
4045	2019
4046	2208
4047	2089
4048	2055
4049	2143
4050	2031
4051	2112
4052	2129
4053	2167
4054	2147
4055	2268
4056	2178
4057	2103
4058	2051
4059	2196
4060	2183
4061	2126
4062	2183
4063	2086
4064	2174
4065	2234
4066	2139
4067	2247
4068	2208
4069	2102
4070	2130
4071	2228
4072	2355
4073	2139
4074	1980
4075	2232
4076	2039
4077	2062
4078	2091
4079	2064
4080	1973
4081	2060
4082	2029
4083	1905
4084	2029
4085	1985
4086	2210
4087	2178
4088	1992
4089	2018
4090	2115
4091	2005
4092	2010
4093	2046
4094	2119
4095	2004
4096	2110
4097	2129
4098	2125
4099	2087
4100	2089
4101	2134
4102	2192
4103	2079
4104	2158
4105	2098
4106	2194
4107	2190
4108	2217
4109	2300
4110	2221
4111	2333
4112	2189
4113	2271
4114	2138
4115	2172
4116	2252
4117	2045
4118	2162
4119	2205
4120	2171
4121	2198
4122	2202
4123	2034
4124	2289
4125	2257
4126	2286
4127	2141
4128	1897
4129	2115
4130	2023
4131	2194
4132	2157
4133	2092
4134	2133
4135	2017
4136	1963
4137	2096
4138	2111
4139	2132
4140	2236
4141	2118
4142	2221
4143	2097
4144	2228
4145	2162
4146	2248
4147	2253
4148	2313
4149	2241
4150	2061
4151	2105
4152	2174
4153	2099
4154	2005
4155	2135
4156	2109
4157	2028
4158	2245
4159	2004
4160	2239
4161	2066
4162	2238
4163	2079
4164	2042
4165	2022
4166	2011
4167	2395
4168	2021
4169	2018
4170	1949
4171	2039
4172	1938
4173	1845
4174	1934
4175	1881
4176	1813
4177	1824
4178	1832
4179	1809
4180	1878
4181	1883
4182	1710
4183	1836
4184	1875
4185	1940
4186	1815
4187	1836
4188	1859
4189	1840
4190	1918
4191	1971
4192	1838
4193	1804
4194	1878
4195	2052
4196	1917
4197	1873
4198	2009
4199	1860
4200	1827
4201	1798
4202	1959
4203	1860
4204	2020
4205	1986
4206	1880
4207	1958
4208	1908
4209	1873
4210	1910
4211	1907
4212	1952
4213	1827
4214	1961
4215	1813
4216	1900
4217	1869
4218	1849
4219	1902
4220	1792
4221	1841
4222	1891
4223	1927
4224	1975
4225	1861
4226	1898
4227	1973
4228	1940
4229	2002
4230	1821
4231	1863
4232	1956
4233	1999
4234	1983
4235	1936
4236	1867
4237	2017
4238	1885
4239	1838
4240	1792
4241	1810
4242	1820
4243	1798
4244	1791
4245	1849
4246	1906
4247	1746
4248	1773
4249	1854
4250	1798
4251	1774
4252	1790
4253	1800
4254	1946
4255	1783
4256	1742
4257	1848
4258	1772
4259	1815
4260	1782
4261	1883
4262	1849
4263	1757
4264	1777
4265	1802
4266	1970
4267	1905
4268	1918
4269	1900
4270	1878
4271	1943
4272	1988
4273	1867
4274	1935
4275	1881
4276	2022
4277	1866
4278	1906
4279	1881
4280	1865
4281	1849
4282	1907
4283	1702
4284	1870
4285	1802
4286	1730
4287	1970
4288	1951
4289	1890
4290	1848
4291	2004
4292	2045
4293	1932
4294	1897
4295	1891
4296	1871
4297	1829
4298	1927
4299	1907
4300	2046
4301	2019
4302	2057
4303	1990
4304	2116
4305	1912
4306	2157
4307	1899
4308	1931
4309	1974
4310	1999
4311	2123
4312	2132
4313	1933
4314	1891
4315	1958
4316	1894
4317	1878
4318	1868
4319	1804
4320	1915
4321	1857
4322	1949
4323	1891
4324	1912
4325	1943
4326	1764
4327	1794
4328	1821
4329	1774
4330	1681
4331	1755
4332	1855
4333	1736
4334	1730
4335	1839
4336	1838
4337	1772
4338	1738
4339	1812
4340	1858
4341	1789
4342	1773
4343	1803
4344	1804
4345	1665
4346	1800
4347	1710
4348	1665
4349	1725
4350	1849
4351	1690
4352	1683
4353	1649
4354	1713
4355	1630
4356	1638
4357	1691
4358	1725
4359	1694
4360	1685
4361	1728
4362	1806
4363	1776
4364	1768
4365	1802
4366	1688
4367	1761
4368	1780
4369	1899
4370	1870
4371	1918
4372	1855
4373	1743
4374	1778
4375	1879
4376	1922
4377	1880
4378	1710
4379	1808
4380	1802
4381	1726
4382	1754
4383	1715
4384	1663
4385	1734
4386	1718
4387	1758
4388	1823
4389	1920
4390	1686
4391	1796
4392	1896
4393	1774
4394	1755
4395	1804
4396	1679
4397	1667
4398	1662
4399	1698
4400	1628
4401	1623
4402	1585
4403	1647
4404	1640
4405	1548
4406	1677
4407	1683
4408	1795
4409	1565
4410	1648
4411	1689
4412	1654
4413	1578
4414	1527
4415	1559
4416	1589
4417	1665
4418	1605
4419	1664
4420	1624
4421	1668
4422	1712
4423	2032
4424	1706
4425	1780
4426	1733
4427	1771
4428	1721
4429	1656
4430	1723
4431	1632
4432	1577
4433	1651
4434	1576
4435	1620
4436	1652
4437	1614
4438	1571
4439	1569
4440	1558
4441	1518
4442	1517
4443	1536
4444	1595
4445	1725
4446	1564
4447	1633
4448	1557
4449	1614
4450	1590
4451	1681
4452	1724
4453	1674
4454	1595
4455	1637
4456	1603
4457	1647
4458	1734
4459	1774
4460	1628
4461	1678
4462	1776
4463	1593
4464	1631
4465	1591
4466	1586
4467	1544
4468	1639
4469	1621
4470	1552
4471	1572
4472	1483
4473	1618
4474	1559
4475	1645
4476	1628
4477	1637
4478	1532
4479	1598
4480	1561
4481	1652
4482	1606
4483	1656
4484	1630
4485	1660
4486	1586
4487	1643
4488	1678
4489	1659
4490	1796
4491	1730
4492	1664
4493	1644
4494	1650
4495	1672
4496	1638
4497	1548
4498	1603
4499	1629
4500	1650
4501	1624
4502	1651
4503	1620
4504	1562
4505	1675
4506	1659
4507	1680
4508	1694
4509	1640
4510	1837
4511	1648
4512	1677
4513	1649
4514	1608
4515	1718
4516	1631
4517	1593
4518	1531
4519	1647
4520	1580
4521	1622
4522	1679
4523	1618
4524	1730
4525	1650
4526	1645
4527	1683
4528	1609
4529	1553
4530	1673
4531	1668
4532	1658
4533	1624
4534	1596
4535	1514
4536	1576
4537	1585
4538	1689
4539	1593
4540	1667
4541	1543
4542	1657
4543	1626
4544	1551
4545	1620
4546	1665
4547	1769
4548	1673
4549	1641
4550	1658
4551	1655
4552	1580
4553	1630
4554	1602
4555	1538
4556	1693
4557	1614
4558	1557
4559	1695
4560	1553
4561	1679
4562	1672
4563	1645
4564	1509
4565	1492
4566	1481
4567	1597
4568	1571
4569	1549
4570	1581
4571	1616
4572	1651
4573	1540
4574	1662
4575	1676
4576	1546
4577	1623
4578	1548
4579	1726
4580	1599
4581	1673
4582	1578
4583	1586
4584	1528
4585	1521
4586	1657
4587	1662
4588	1551
4589	1570
4590	1673
4591	1639
4592	1527
4593	1663
4594	1513
4595	1578
4596	1658
4597	1675
4598	1631
4599	1717
4600	1644
4601	1707
4602	1641
4603	1554
4604	1686
4605	1657
4606	1702
4607	1760
4608	1698
4609	1779
4610	1651
4611	1754
4612	1652
4613	1699
4614	1619
4615	1657
4616	1717
4617	1645
4618	1704
4619	1707
4620	1729
4621	1861
4622	1742
4623	1721
4624	1658
4625	1835
4626	1926
4627	1762
4628	1871
4629	1903
4630	1929
4631	2115
4632	1775
4633	2004
4634	1719
4635	1633
4636	1662
4637	1768
4638	1804
4639	1649
4640	1795
4641	1659
4642	1742
4643	1715
4644	1792
4645	1980
4646	1607
4647	1628
4648	1722
4649	1647
4650	1749
4651	1748
4652	1736
4653	1701
4654	1771
4655	1694
4656	1726
4657	1746
4658	1804
4659	1793
4660	1748
4661	1719
4662	1821
4663	1785
4664	1695
4665	1716
4666	1800
4667	1672
4668	1541
4669	1588
4670	1755
4671	1617
4672	1792
4673	1745
4674	1670
4675	1613
4676	1686
4677	1689
4678	1624
4679	1624
4680	1665
4681	1688
4682	1564
4683	1704
4684	1516
4685	1640
4686	1557
4687	1582
4688	1565
4689	1525
4690	1677
4691	1532
4692	1764
4693	1639
4694	1604
4695	1771
4696	1693
4697	1562
4698	1618
4699	1720
4700	1699
4701	1650
4702	1701
4703	1807
4704	1881
4705	1835
4706	1931
4707	1733
4708	1812
4709	1696
4710	1787
4711	1730
4712	1847
4713	1663
4714	1724
4715	1724
4716	1701
4717	1779
4718	1670
4719	1675
4720	1720
4721	1693
4722	1673
4723	1649
4724	1684
4725	1729
4726	1740
4727	1651
4728	1629
4729	1759
4730	2015
4731	1881
4732	1710
4733	1823
4734	1690
4735	1806
4736	1782
4737	1738
4738	1622
4739	1699
4740	1616
4741	1658
4742	1680
4743	1581
4744	1547
4745	1651
4746	1544
4747	1517
4748	1470
4749	1603
4750	1608
4751	1602
4752	1588
4753	1600
4754	1483
4755	1543
4756	1631
4757	1672
4758	1575
4759	1666
4760	1499
4761	1620
4762	1525
4763	1501
4764	1542
4765	1551
4766	1555
4767	1608
4768	1625
4769	1518
4770	1535
4771	1622
4772	1564
4773	1611
4774	1593
4775	1607
4776	1632
4777	1548
4778	1678
4779	1609
4780	1491
4781	1470
4782	1631
4783	1681
4784	1651
4785	1702
4786	1620
4787	1522
4788	1588
4789	1540
4790	1588
4791	1623
4792	1732
4793	1816
4794	1568
4795	1655
4796	1508
4797	1572
4798	1646
4799	1681
4800	1647
4801	1535
4802	1601
4803	1687
4804	2014
4805	1655
4806	1612
4807	1656
4808	1708
4809	1653
4810	1621
4811	1589
4812	1434
4813	1752
4814	1718
4815	1807
4816	1583
4817	1611
4818	1618
4819	1588
4820	1613
4821	1660
4822	1614
4823	1798
4824	1733
4825	1692
4826	1916
4827	1758
4828	1610
4829	1703
4830	1645
4831	1806
4832	1702
4833	1769
4834	1598
4835	1697
4836	1722
4837	1803
4838	1799
4839	1651
4840	1688
4841	1755
4842	1716
4843	1719
4844	1684
4845	1737
4846	1585
4847	1551
4848	1658
4849	1630
4850	1625
4851	1601
4852	1635
4853	1612
4854	1609
4855	1550
4856	1511
4857	1611
4858	1640
4859	1558
4860	1685
4861	1499
4862	1620
4863	1576
4864	1622
4865	1588
4866	1442
4867	1570
4868	1526
4869	1490
4870	1559
4871	1461
4872	1620
4873	1488
4874	1569
4875	1607
4876	1464
4877	1560
4878	1547
4879	1506
4880	1565
4881	1578
4882	1520
4883	1462
4884	1612
4885	1558
4886	1586
4887	1658
4888	1646
4889	1598
4890	1486
4891	1555
4892	1452
4893	1517
4894	1536
4895	1480
4896	1541
4897	1524
4898	1459
4899	1481
4900	1594
4901	1441
4902	1585
4903	1666
4904	1530
4905	1591
4906	1620
4907	1622
4908	1580
4909	1489
4910	1456
4911	1532
4912	1527
4913	1541
4914	1606
4915	1551
4916	1606
4917	1525
4918	1477
4919	1492
4920	1609
4921	1569
4922	1503
4923	1499
4924	1540
4925	1497
4926	1479
4927	1561
4928	1434
4929	1525
4930	1586
4931	1428
4932	1496
4933	1517
4934	1568
4935	1538
4936	1379
4937	1459
4938	1452
4939	1484
4940	1497
4941	1435
4942	1483
4943	1457
4944	1520
4945	1514
4946	1502
4947	1493
4948	1493
4949	1523
4950	1607
4951	1505
4952	1586
4953	1572
4954	1628
4955	1500
4956	1563
4957	1580
4958	1670
4959	1621
4960	1615
4961	1657
4962	1555
4963	1696
4964	1668
4965	1547
4966	1488
4967	1661
4968	1608
4969	1590
4970	1727
4971	1524
4972	1612
4973	1501
4974	1610
4975	1606
4976	1678
4977	1590
4978	1618
4979	1679
4980	1625
4981	1607
4982	1473
4983	1620
4984	1702
4985	1512
4986	1707
4987	1696
4988	1610
4989	1389
4990	1537
4991	1577
4992	1606
4993	1609
4994	1619
4995	1561
4996	1606
4997	1628
4998	1438
4999	1519
5000	1626
5001	1470
5002	1532
5003	1586
5004	1685
5005	1573
5006	1497
5007	1548
5008	1623
5009	1539
5010	1556
5011	1533
5012	1467
5013	1448
5014	1528
5015	1532
5016	1396
5017	1539
5018	1427
5019	1484
5020	1492
5021	1573
5022	1452
5023	1342
5024	1476
5025	1401
5026	1585
5027	1435
5028	1524
5029	1419
5030	1395
5031	1535
5032	1460
5033	1465
5034	1482
5035	1415
5036	1437
5037	1406
5038	1345
5039	1368
5040	1369
5041	1388
5042	1360
5043	1464
5044	1471
5045	1541
5046	1347
5047	1371
5048	1433
5049	1336
5050	1375
5051	1401
5052	1337
5053	1311
5054	1262
5055	1338
5056	1411
5057	1347
5058	1458
5059	1397
5060	1279
5061	1399
5062	1294
5063	1336
5064	1550
5065	1529
5066	1372
5067	1498
5068	1434
5069	1505
5070	1440
5071	1572
5072	1489
5073	1452
5074	1482
5075	1351
5076	1468
5077	1388
5078	1454
5079	1381
5080	1448
5081	1552
5082	1360
5083	1404
5084	1385
5085	1456
5086	1445
5087	1370
5088	1307
5089	1427
5090	1379
5091	1456
5092	1350
5093	1279
5094	1363
5095	1320
5096	1446
5097	1321
5098	1473
5099	1393
5100	1363
5101	1377
5102	1371
5103	1398
5104	1324
5105	1327
5106	1345
5107	1264
5108	1342
5109	1324
5110	1363
5111	1245
5112	1344
5113	1237
5114	1359
5115	1332
5116	1217
5117	1274
5118	1326
5119	1268
5120	1323
5121	1368
5122	1253
5123	1429
5124	1229
5125	1260
5126	1269
5127	1242
5128	1235
5129	1295
5130	1310
5131	1264
5132	1290
5133	1363
5134	1283
5135	1303
5136	1388
5137	1265
5138	1323
5139	1301
5140	1353
5141	1233
5142	1323
5143	1245
5144	1261
5145	1262
5146	1280
5147	1300
5148	1358
5149	1351
5150	1299
5151	1301
5152	1263
5153	1231
5154	1313
5155	1308
5156	1273
5157	1315
5158	1279
5159	1230
5160	1218
5161	1307
5162	1266
5163	1218
5164	1302
5165	1277
5166	1202
5167	1280
5168	1230
5169	1149
5170	1304
5171	1224
5172	1176
5173	1285
5174	1282
5175	1319
5176	1305
5177	1265
5178	1292
5179	1300
5180	1443
5181	1350
5182	1327
5183	1343
5184	1257
5185	1249
5186	1235
5187	1350
5188	1266
5189	1286
5190	1306
5191	1281
5192	1247
5193	1278
5194	1228
5195	1219
5196	1246
5197	1316
5198	1253
5199	1214
5200	1276
5201	1302
5202	1375
5203	1315
5204	1313
5205	1235
5206	1287
5207	1332
5208	1340
5209	1272
5210	1320
5211	1267
5212	1188
5213	1260
5214	1296
5215	1282
5216	1290
5217	1295
5218	1283
5219	1281
5220	1317
5221	1242
5222	1291
5223	1250
5224	1266
5225	1309
5226	1274
5227	1332
5228	1267
5229	1320
5230	1228
5231	1284
5232	1302
5233	1351
5234	1337
5235	1333
5236	1304
5237	1184
5238	1272
5239	1320
5240	1354
5241	1179
5242	1231
5243	1312
5244	1292
5245	1254
5246	1335
5247	1267
5248	1192
5249	1319
5250	1234
5251	1350
5252	1321
5253	1260
5254	1268
5255	1379
5256	1272
5257	1295
5258	1303
5259	1307
5260	1252
5261	1275
5262	1275
5263	1343
5264	1289
5265	1264
5266	1288
5267	1320
5268	1295
5269	1281
5270	1302
5271	1270
5272	1230
5273	1252
5274	1325
5275	1295
5276	1310
5277	1220
5278	1350
5279	1207
5280	1255
5281	1304
5282	1348
5283	1233
5284	1278
5285	1279
5286	1180
5287	1320
5288	1272
5289	1350
5290	1306
5291	1344
5292	1367
5293	1256
5294	1281
5295	1338
5296	1427
5297	1280
5298	1338
5299	1420
5300	1381
5301	1410
5302	1321
5303	1416
5304	1317
5305	1287
5306	1255
5307	1270
5308	1323
5309	1236
5310	1212
5311	1277
5312	1301
5313	1268
5314	1290
5315	1343
5316	1350
5317	1322
5318	1347
5319	1343
5320	1470
5321	1312
5322	1264
5323	1337
5324	1319
5325	1246
5326	1372
5327	1310
5328	1253
5329	1324
5330	1225
5331	1308
5332	1203
5333	1369
5334	1266
5335	1235
5336	1268
5337	1280
5338	1140
5339	1275
5340	1299
5341	1244
5342	1248
5343	1246
5344	1275
5345	1230
5346	1231
5347	1197
5348	1118
5349	1264
5350	1167
5351	1245
5352	1229
5353	1192
5354	1162
5355	1206
5356	1253
5357	1299
5358	1246
5359	1276
5360	1254
5361	1305
5362	1245
5363	1404
5364	1313
5365	1344
5366	1307
5367	1333
5368	1404
5369	1373
5370	1288
5371	1393
5372	1287
5373	1469
5374	1460
5375	1561
5376	1360
5377	1459
5378	1392
5379	1394
5380	1394
5381	1450
5382	1423
5383	1384
5384	1374
5385	1462
5386	1433
5387	1393
5388	1407
5389	1469
5390	1416
5391	1457
5392	1397
5393	1343
5394	1409
5395	1407
5396	1415
5397	1348
5398	1364
5399	1391
5400	1355
5401	1394
5402	1320
5403	1381
5404	1353
5405	1392
5406	1331
5407	1354
5408	1477
5409	1459
5410	1492
5411	1420
5412	1302
5413	1424
5414	1360
5415	1398
5416	1408
5417	1357
5418	1369
5419	1446
5420	1392
5421	1413
5422	1402
5423	1528
5424	1436
5425	1492
5426	1505
5427	1353
5428	1371
5429	1536
5430	1402
5431	1463
5432	1543
5433	1375
5434	1482
5435	1405
5436	1440
5437	1525
5438	1401
5439	1363
5440	1420
5441	1388
5442	1420
5443	1430
5444	1427
5445	1472
5446	1419
5447	1441
5448	1416
5449	1364
5450	1540
5451	1534
5452	1542
5453	1491
5454	1466
5455	1487
5456	1475
5457	1566
5458	1458
5459	1554
5460	1529
5461	1509
5462	1557
5463	1481
5464	1493
5465	1461
5466	1412
5467	1533
5468	1571
5469	1571
5470	1648
5471	1576
5472	1505
5473	1423
5474	1457
5475	1497
5476	1476
5477	1540
5478	1474
5479	1436
5480	1406
5481	1415
5482	1453
5483	1545
5484	1430
5485	1351
5486	1392
5487	1420
5488	1327
5489	1406
5490	1356
5491	1257
5492	1318
5493	1387
5494	1235
5495	1406
5496	1354
5497	1387
5498	1444
5499	1438
5500	1466
5501	1344
5502	1428
5503	1464
5504	1411
5505	1301
5506	1399
5507	1243
5508	1348
5509	1355
5510	1406
5511	1367
5512	1358
5513	1283
5514	1337
5515	1387
5516	1374
5517	1341
5518	1472
5519	1372
5520	1373
5521	1427
5522	1486
5523	1371
5524	1403
5525	1413
5526	1468
5527	1471
5528	1417
5529	1391
5530	1380
5531	1417
5532	1466
5533	1460
5534	1459
5535	1713
5536	1460
5537	1447
5538	1535
5539	1426
5540	1518
5541	1440
5542	1479
5543	1412
5544	1566
5545	1463
5546	1374
5547	1482
5548	1514
5549	1384
5550	1469
5551	1427
5552	1464
5553	1432
5554	1414
5555	1418
5556	1369
5557	1454
5558	1351
5559	1395
5560	1396
5561	1373
5562	1390
5563	1393
5564	1622
5565	1414
5566	1566
5567	1426
5568	1417
5569	1458
5570	1501
5571	1531
5572	1408
5573	1422
5574	1389
5575	1470
5576	1443
5577	1441
5578	1386
5579	1336
5580	1457
5581	1569
5582	1450
5583	1456
5584	1439
5585	1627
5586	1483
5587	1381
5588	1477
5589	1414
5590	1482
5591	1511
5592	1465
5593	1477
5594	1528
5595	1521
5596	1531
5597	1470
5598	1549
5599	1587
5600	1661
5601	1676
5602	1706
5603	1512
5604	1847
5605	1569
5606	1542
5607	1564
5608	1559
5609	1402
5610	1483
5611	1388
5612	1415
5613	1331
5614	1328
5615	1495
5616	1377
5617	1402
5618	1507
5619	1384
5620	1471
5621	1387
5622	1451
5623	1359
5624	1414
5625	1498
5626	1456
5627	1356
5628	1512
5629	1389
5630	1484
5631	1367
5632	1433
5633	1555
5634	1476
5635	1305
5636	1444
5637	1320
5638	1386
5639	1393
5640	1358
5641	1239
5642	1431
5643	1328
5644	1427
5645	1377
5646	1303
5647	1463
5648	1595
5649	1419
5650	1266
5651	1413
5652	1338
5653	1432
5654	1425
5655	1432
5656	1364
5657	1618
5658	1362
5659	1402
5660	1418
5661	1465
5662	1522
5663	1513
5664	1448
5665	1404
5666	1433
5667	1459
5668	1444
5669	1370
5670	1417
5671	1426
5672	1358
5673	1343
5674	1501
5675	1382
5676	1416
5677	1421
5678	1409
5679	1410
5680	1377
5681	1453
5682	1289
5683	1393
5684	1358
5685	1476
5686	1361
5687	1377
5688	1453
5689	1373
5690	1406
5691	1385
5692	1251
5693	1392
5694	1300
5695	1440
5696	1521
5697	1405
5698	1462
5699	1360
5700	1437
5701	1356
5702	1334
5703	1337
5704	1392
5705	1446
5706	1385
5707	1411
5708	1388
5709	1422
5710	1389
5711	1411
5712	1411
5713	1427
5714	1422
5715	1337
5716	1343
5717	1394
5718	1432
5719	1344
5720	1342
5721	1302
5722	1386
5723	1269
5724	1286
5725	1333
5726	1306
5727	1224
5728	1268
5729	1322
5730	1299
5731	1266
5732	1370
5733	1279
5734	1260
5735	1266
5736	1292
5737	1230
5738	1292
5739	1230
5740	1320
5741	1292
5742	1256
5743	1228
5744	1273
5745	1237
5746	1194
5747	1251
5748	1281
5749	1251
5750	1277
5751	1319
5752	1355
5753	1332
5754	1223
5755	1250
5756	1269
5757	1174
5758	1251
5759	1350
5760	1257
5761	1326
5762	1282
5763	1298
5764	1293
5765	1385
5766	1299
5767	1314
5768	1264
5769	1386
5770	1254
5771	1276
5772	1256
5773	1180
5774	1168
5775	1240
5776	1287
5777	1232
5778	1254
5779	1306
5780	1186
5781	1219
5782	1150
5783	1262
5784	1292
5785	1322
5786	1261
5787	1274
5788	1230
5789	1227
5790	1255
5791	1224
5792	1239
5793	1227
5794	1286
5795	1314
5796	1262
5797	1275
5798	1251
5799	1353
5800	1233
5801	1195
5802	1197
5803	1273
5804	1202
5805	1300
5806	1295
5807	1310
5808	1271
5809	1277
5810	1276
5811	1328
5812	1364
5813	1332
5814	1189
5815	1225
5816	1189
5817	1278
5818	1266
5819	1245
5820	1252
5821	1375
5822	1306
5823	1204
5824	1234
5825	1256
5826	1360
5827	1387
5828	1262
5829	1239
5830	1305
5831	1230
5832	1307
5833	1280
5834	1310
5835	1206
5836	1334
5837	1254
5838	1285
5839	1250
5840	1300
5841	1262
5842	1246
5843	1171
5844	1259
5845	1307
5846	1318
5847	1375
5848	1291
5849	1302
5850	1307
5851	1383
5852	1236
5853	1220
5854	1227
5855	1247
5856	1289
5857	1287
5858	1180
5859	1264
5860	1305
5861	1251
5862	1232
5863	1190
5864	1231
5865	1203
5866	1202
5867	1361
5868	1225
5869	1221
5870	1189
5871	1266
5872	1256
5873	1225
5874	1302
5875	1275
5876	1213
5877	1219
5878	1257
5879	1286
5880	1242
5881	1190
5882	1165
5883	1158
5884	1256
5885	1256
5886	1290
5887	1221
5888	1237
5889	1156
5890	1126
5891	1206
5892	1146
5893	1249
5894	1312
5895	1148
5896	1231
5897	1117
5898	1119
5899	1180
5900	1202
5901	1308
5902	1139
5903	1174
5904	1169
5905	1273
5906	1230
5907	1131
5908	1194
5909	1108
5910	1156
5911	1203
5912	1153
5913	1158
5914	1321
5915	1297
5916	1125
5917	1237
5918	1159
5919	1261
5920	1216
5921	1123
5922	1141
5923	1189
5924	1277
5925	1172
5926	1140
5927	1244
5928	1190
5929	1181
5930	1185
5931	1182
5932	1178
5933	1209
5934	1204
5935	1186
5936	1141
5937	1173
5938	1139
5939	1200
5940	1121
5941	1186
5942	1118
5943	1193
5944	1251
5945	1203
5946	1272
5947	1283
5948	1219
5949	1225
5950	1186
5951	1225
5952	1224
5953	1146
5954	1114
5955	1215
5956	1202
5957	1208
5958	1193
5959	1157
5960	1140
5961	1183
5962	1235
5963	1188
5964	1189
5965	1095
5966	1216
5967	1224
5968	1217
5969	1254
5970	1269
5971	1245
5972	1278
5973	1282
5974	1282
5975	1161
5976	1219
5977	1208
5978	1279
5979	1195
5980	1197
5981	1240
5982	1156
5983	1271
5984	1168
5985	1140
5986	1154
5987	1177
5988	1196
5989	1138
5990	1157
5991	1127
5992	1216
5993	1139
5994	1201
5995	1257
5996	1173
5997	1127
5998	1298
5999	1108
6000	1216
6001	1252
6002	1196
6003	1238
6004	1180
6005	1188
6006	1183
6007	1182
6008	1191
6009	1171
6010	1229
6011	1191
6012	1218
6013	1153
6014	1192
6015	1106
6016	1219
6017	1085
6018	1182
6019	1134
6020	1226
6021	1161
6022	1114
6023	1178
6024	1152
6025	1108
6026	1216
6027	1239
6028	1167
6029	1187
6030	1256
6031	1220
6032	1190
6033	1106
6034	1159
6035	1172
6036	1171
6037	1126
6038	1244
6039	1223
6040	1236
6041	1142
6042	1175
6043	1213
6044	1261
6045	1238
6046	1252
6047	1170
6048	1129
6049	1114
6050	1124
6051	1174
6052	1197
6053	1170
6054	1204
6055	1144
6056	1141
6057	1107
6058	1133
6059	1205
6060	1194
6061	1289
6062	1191
6063	1261
6064	1139
6065	1072
6066	1209
6067	1111
6068	1213
6069	1218
6070	1192
6071	1241
6072	1119
6073	1138
6074	1281
6075	1109
6076	1183
6077	1128
6078	1138
6079	1194
6080	1178
6081	1111
6082	1175
6083	1182
6084	1186
6085	1161
6086	1103
6087	1154
6088	1198
6089	1312
6090	1170
6091	1242
6092	1163
6093	1206
6094	1157
6095	1272
6096	1244
6097	1221
6098	1189
6099	1155
6100	1213
6101	1218
6102	1234
6103	1227
6104	1089
6105	1188
6106	1182
6107	1251
6108	1326
6109	1256
6110	1177
6111	1263
6112	1326
6113	1225
6114	1235
6115	1292
6116	1305
6117	1265
6118	1336
6119	1345
6120	1255
6121	1293
6122	1344
6123	1401
6124	1576
6125	1305
6126	1223
6127	2002
6128	1902
6129	1428
6130	1581
6131	1495
6132	1522
6133	1332
6134	1428
6135	1333
6136	1274
6137	1452
6138	1307
6139	1365
6140	1290
6141	1227
6142	1302
6143	1338
6144	1240
6145	1196
6146	1284
6147	1212
6148	1105
6149	1085
6150	1149
6151	1224
6152	1132
6153	1211
6154	1101
6155	1086
6156	1085
6157	1162
6158	1093
6159	1067
6160	1156
6161	1085
6162	1106
6163	1111
6164	1069
6165	1090
6166	1100
6167	1026
6168	1090
6169	1142
6170	1152
6171	1051
6172	1079
6173	1113
6174	1059
6175	1058
6176	1074
6177	1127
6178	1110
6179	1037
6180	1049
6181	1030
6182	1031
6183	1015
6184	1099
6185	1053
6186	1036
6187	1052
6188	1045
6189	1085
6190	1025
6191	1088
6192	1016
6193	1055
6194	1075
6195	980
6196	1100
6197	1020
6198	1063
6199	1039
6200	1023
6201	1031
6202	1046
6203	973
6204	1023
6205	1028
6206	1015
6207	1118
6208	1024
6209	1049
6210	1023
6211	971
6212	1000
6213	1032
6214	1004
6215	1002
6216	1006
6217	987
6218	986
6219	1100
6220	1075
6221	963
6222	1044
6223	981
6224	1025
6225	980
6226	915
6227	1032
6228	1041
6229	1064
6230	1031
6231	933
6232	983
6233	991
6234	960
6235	914
6236	893
6237	892
6238	976
6239	895
6240	1028
6241	1027
6242	933
6243	945
6244	981
6245	1038
6246	896
6247	984
6248	906
6249	964
6250	1037
6251	1019
6252	977
6253	993
6254	986
6255	983
6256	1045
6257	990
6258	1011
6259	1032
6260	995
6261	1020
6262	1027
6263	1072
6264	1037
6265	984
6266	1080
6267	1035
6268	1056
6269	977
6270	1024
6271	960
6272	1002
6273	1002
6274	1047
6275	1015
6276	985
6277	971
6278	939
6279	970
6280	983
6281	955
6282	936
6283	982
6284	959
6285	1059
6286	970
6287	932
6288	926
6289	964
6290	1047
6291	1014
6292	963
6293	964
6294	972
6295	1059
6296	1003
6297	924
6298	1001
6299	975
6300	984
6301	926
6302	930
6303	962
6304	968
6305	953
6306	968
6307	965
6308	1003
6309	1003
6310	1047
6311	992
6312	1010
6313	1022
6314	1000
6315	988
6316	980
6317	1096
6318	975
6319	963
6320	989
6321	1053
6322	952
6323	1061
6324	1005
6325	1055
6326	967
6327	987
6328	1045
6329	1051
6330	1123
6331	1056
6332	1086
6333	1051
6334	1074
6335	1063
6336	1093
6337	1037
6338	1072
6339	1130
6340	1088
6341	1082
6342	1135
6343	1148
6344	1104
6345	1055
6346	1042
6347	1093
6348	1134
6349	1118
6350	1129
6351	1035
6352	1058
6353	1086
6354	1024
6355	1066
6356	1117
6357	1125
6358	1059
6359	998
6360	1006
6361	1043
6362	1082
6363	1158
6364	1076
6365	996
6366	1119
6367	1018
6368	1018
6369	1099
6370	1088
6371	1031
6372	1053
6373	1063
6374	1073
6375	1032
6376	972
6377	994
6378	1069
6379	1056
6380	1027
6381	982
6382	1028
6383	1161
6384	1098
6385	1057
6386	1065
6387	1076
6388	1102
6389	1089
6390	1078
6391	1013
6392	1032
6393	1046
6394	1067
6395	1057
6396	1009
6397	1027
6398	1054
6399	1039
6400	1091
6401	1134
6402	1159
6403	1056
6404	1034
6405	979
6406	1023
6407	1050
6408	1050
6409	1070
6410	1086
6411	1112
6412	1151
6413	1089
6414	1219
6415	1106
6416	1116
6417	1043
6418	1133
6419	1121
6420	1065
6421	1109
6422	1097
6423	1100
6424	1117
6425	1153
6426	1075
6427	1033
6428	1150
6429	1069
6430	1047
6431	1127
6432	1133
6433	1173
6434	1121
6435	1217
6436	1168
6437	1138
6438	1098
6439	1181
6440	1139
6441	1066
6442	1096
6443	1143
6444	1084
6445	1054
6446	1017
6447	1023
6448	1087
6449	1144
6450	1146
6451	1075
6452	987
6453	1087
6454	1060
6455	1050
6456	1049
6457	1061
6458	1106
6459	1109
6460	1096
6461	1079
6462	1034
6463	1039
6464	1003
6465	1043
6466	965
6467	1052
6468	1021
6469	1094
6470	1062
6471	978
6472	974
6473	1016
6474	1069
6475	1036
6476	1025
6477	929
6478	1119
6479	1068
6480	1028
6481	1173
6482	1065
6483	1069
6484	1056
6485	1112
6486	1052
6487	1126
6488	1091
6489	1088
6490	1065
6491	1105
6492	1003
6493	1019
6494	1092
6495	961
6496	1019
6497	1048
6498	1108
6499	1080
6500	1076
6501	1061
6502	1014
6503	1039
6504	1130
6505	1141
6506	1116
6507	1092
6508	1152
6509	1100
6510	1090
6511	1042
6512	1112
6513	1069
6514	1053
6515	1119
6516	1137
6517	1113
6518	1012
6519	1047
6520	1107
6521	1089
6522	1133
6523	1093
6524	1101
6525	1188
6526	1090
6527	1098
6528	1112
6529	1093
6530	1100
6531	1083
6532	1168
6533	1114
6534	1161
6535	1116
6536	1093
6537	1079
6538	1121
6539	1135
6540	1137
6541	1080
6542	1060
6543	1148
6544	1111
6545	1123
6546	1038
6547	1154
6548	1027
6549	1020
6550	1063
6551	1070
6552	1086
6553	1087
6554	985
6555	1059
6556	1116
6557	1127
6558	1100
6559	1040
6560	1116
6561	1021
6562	1093
6563	1040
6564	1156
6565	1071
6566	1071
6567	1101
6568	1126
6569	1064
6570	1088
6571	1062
6572	1108
6573	1116
6574	1185
6575	1108
6576	1057
6577	1128
6578	1154
6579	1016
6580	1102
6581	1085
6582	1108
6583	1098
6584	1046
6585	1145
6586	1140
6587	1095
6588	1101
6589	1076
6590	1111
6591	1087
6592	1127
6593	1163
6594	1119
6595	1162
6596	1038
6597	1114
6598	1105
6599	1040
6600	1115
6601	1031
6602	1031
6603	1100
6604	1097
6605	1093
6606	1103
6607	1133
6608	987
6609	1132
6610	1129
6611	1106
6612	1158
6613	1025
6614	1089
6615	1062
6616	1096
6617	1047
6618	1085
6619	1106
6620	1086
6621	1235
6622	1095
6623	1299
6624	1009
6625	1085
6626	999
6627	1019
6628	1071
6629	1021
6630	1057
6631	1102
6632	1033
6633	990
6634	923
6635	906
6636	990
6637	942
6638	1008
6639	1028
6640	968
6641	998
6642	1015
6643	979
6644	1014
6645	1022
6646	928
6647	960
6648	1011
6649	1034
6650	981
6651	947
6652	881
6653	963
6654	998
6655	1022
6656	944
6657	876
6658	1045
6659	968
6660	1010
6661	930
6662	1072
6663	946
6664	1028
6665	903
6666	952
6667	927
6668	1005
6669	940
6670	975
6671	1004
6672	926
6673	959
6674	934
6675	943
6676	921
6677	939
6678	999
6679	877
6680	912
6681	869
6682	814
6683	944
6684	957
6685	951
6686	890
6687	930
6688	930
6689	951
6690	959
6691	935
6692	885
6693	960
6694	940
6695	880
6696	882
6697	915
6698	838
6699	898
6700	895
6701	938
6702	936
6703	883
6704	1008
6705	936
6706	962
6707	972
6708	962
6709	983
6710	900
6711	965
6712	903
6713	966
6714	908
6715	996
6716	924
6717	966
6718	984
6719	974
6720	975
6721	966
6722	970
6723	952
6724	948
6725	945
6726	923
6727	988
6728	967
6729	918
6730	950
6731	963
6732	961
6733	992
6734	974
6735	996
6736	939
6737	954
6738	903
6739	894
6740	1075
6741	985
6742	911
6743	935
6744	879
6745	923
6746	917
6747	939
6748	1002
6749	1046
6750	946
6751	1066
6752	1030
6753	1025
6754	1014
6755	1009
6756	1027
6757	1063
6758	1062
6759	1036
6760	1055
6761	1055
6762	1072
6763	950
6764	1094
6765	1048
6766	1073
6767	1013
6768	1094
6769	1081
6770	1106
6771	1058
6772	1045
6773	934
6774	989
6775	1021
6776	948
6777	1007
6778	996
6779	1037
6780	958
6781	852
6782	968
6783	920
6784	970
6785	1050
6786	1078
6787	1048
6788	972
6789	1043
6790	1022
6791	942
6792	974
6793	949
6794	948
6795	938
6796	987
6797	1019
6798	972
6799	1022
6800	1012
6801	981
6802	989
6803	1069
6804	991
6805	1021
6806	1021
6807	980
6808	943
6809	974
6810	951
6811	997
6812	909
6813	979
6814	977
6815	921
6816	925
6817	1022
6818	912
6819	990
6820	963
6821	966
6822	1030
6823	1015
6824	1003
6825	980
6826	1082
6827	974
6828	1077
6829	931
6830	939
6831	995
6832	988
6833	968
6834	985
6835	998
6836	937
6837	1014
6838	953
6839	980
6840	1015
6841	921
6842	1026
6843	962
6844	921
6845	1097
6846	974
6847	929
6848	895
6849	1020
6850	979
6851	991
6852	1011
6853	953
6854	1048
6855	1013
6856	988
6857	962
6858	1063
6859	1001
6860	1028
6861	876
6862	955
6863	957
6864	990
6865	992
6866	1055
6867	915
6868	911
6869	958
6870	997
6871	953
6872	964
6873	941
6874	1001
6875	955
6876	976
6877	933
6878	950
6879	1084
6880	995
6881	927
6882	859
6883	936
6884	961
6885	1049
6886	942
6887	948
6888	937
6889	1018
6890	921
6891	923
6892	962
6893	843
6894	914
6895	925
6896	909
6897	978
6898	969
6899	954
6900	969
6901	925
6902	923
6903	969
6904	920
6905	888
6906	996
6907	931
6908	919
6909	954
6910	882
6911	952
6912	972
6913	996
6914	953
6915	900
6916	920
6917	952
6918	1016
6919	1006
6920	999
6921	951
6922	979
6923	959
6924	948
6925	1002
6926	926
6927	890
6928	970
6929	893
6930	955
6931	984
6932	921
6933	935
6934	972
6935	917
6936	897
6937	929
6938	904
6939	903
6940	1006
6941	919
6942	934
6943	959
6944	848
6945	1003
6946	908
6947	918
6948	944
6949	984
6950	940
6951	930
6952	924
6953	1010
6954	898
6955	914
6956	870
6957	847
6958	913
6959	944
6960	988
6961	996
6962	937
6963	928
6964	961
6965	862
6966	955
6967	947
6968	933
6969	946
6970	908
6971	998
6972	928
6973	913
6974	976
6975	912
6976	892
6977	1289
6978	858
6979	927
6980	904
6981	979
6982	887
6983	973
6984	1029
6985	874
6986	896
6987	931
6988	872
6989	927
6990	867
6991	906
6992	898
6993	890
6994	872
6995	943
6996	979
6997	964
6998	997
6999	936
7000	894
7001	879
7002	927
7003	1009
7004	935
7005	929
7006	907
7007	945
7008	978
7009	950
7010	848
7011	926
7012	897
7013	943
7014	939
7015	892
7016	943
7017	884
7018	884
7019	941
7020	944
7021	983
7022	932
7023	917
7024	907
7025	867
7026	932
7027	997
7028	896
7029	969
7030	933
7031	912
7032	946
7033	901
7034	892
7035	882
7036	922
7037	854
7038	870
7039	918
7040	902
7041	967
7042	910
7043	938
7044	948
7045	928
7046	881
7047	882
7048	885
7049	943
7050	939
7051	878
7052	920
7053	861
7054	945
7055	973
7056	916
7057	929
7058	877
7059	952
7060	940
7061	907
7062	880
7063	943
7064	953
7065	932
7066	874
7067	911
7068	976
7069	983
7070	855
7071	906
7072	806
7073	925
7074	913
7075	890
7076	903
7077	890
7078	902
7079	917
7080	909
7081	922
7082	943
7083	900
7084	868
7085	900
7086	945
7087	929
7088	899
7089	891
7090	893
7091	886
7092	933
7093	919
7094	924
7095	836
7096	874
7097	892
7098	911
7099	954
7100	885
7101	915
7102	923
7103	830
7104	808
7105	804
7106	897
7107	914
7108	868
7109	903
7110	860
7111	896
7112	961
7113	887
7114	865
7115	889
7116	878
7117	809
7118	907
7119	861
7120	835
7121	849
7122	916
7123	863
7124	860
7125	829
7126	884
7127	795
7128	785
7129	934
7130	952
7131	841
7132	953
7133	850
7134	865
7135	839
7136	873
7137	845
7138	869
7139	865
7140	877
7141	876
7142	893
7143	845
7144	874
7145	793
7146	777
7147	868
7148	866
7149	899
7150	798
7151	898
7152	844
7153	945
7154	880
7155	894
7156	918
7157	835
7158	857
7159	914
7160	921
7161	861
7162	865
7163	901
7164	864
7165	853
7166	883
7167	874
7168	787
7169	931
7170	887
7171	815
7172	881
7173	876
7174	861
7175	869
7176	881
7177	875
7178	938
7179	872
7180	875
7181	878
7182	854
7183	910
7184	827
7185	813
7186	893
7187	877
7188	902
7189	852
7190	818
7191	893
7192	870
7193	845
7194	830
7195	878
7196	847
7197	924
7198	885
7199	875
7200	889
7201	887
7202	863
7203	854
7204	849
7205	901
7206	823
7207	906
7208	976
7209	863
7210	911
7211	843
7212	925
7213	908
7214	957
7215	894
7216	836
7217	865
7218	882
7219	951
7220	849
7221	836
7222	881
7223	1020
7224	879
7225	889
7226	780
7227	834
7228	922
7229	843
7230	826
7231	905
7232	944
7233	819
7234	841
7235	829
7236	901
7237	894
7238	920
7239	929
7240	885
7241	867
7242	886
7243	838
7244	843
7245	851
7246	910
7247	849
7248	868
7249	894
7250	933
7251	982
7252	1040
7253	960
7254	972
7255	939
7256	949
7257	983
7258	961
7259	932
7260	884
7261	940
7262	887
7263	958
7264	906
7265	917
7266	959
7267	929
7268	916
7269	899
7270	944
7271	1040
7272	1018
7273	1113
7274	919
7275	944
7276	1005
7277	941
7278	1032
7279	963
7280	1035
7281	1040
7282	1040
7283	1044
7284	899
7285	982
7286	871
7287	1004
7288	867
7289	947
7290	1018
7291	817
7292	853
7293	872
7294	887
7295	845
7296	912
7297	886
7298	877
7299	917
7300	897
7301	903
7302	932
7303	852
7304	848
7305	835
7306	867
7307	923
7308	869
7309	883
7310	864
7311	885
7312	844
7313	905
7314	931
7315	849
7316	883
7317	906
7318	840
7319	929
7320	924
7321	837
7322	971
7323	920
7324	856
7325	799
7326	893
7327	886
7328	845
7329	886
7330	882
7331	873
7332	903
7333	916
7334	931
7335	898
7336	951
7337	904
7338	947
7339	956
7340	920
7341	1021
7342	868
7343	913
7344	928
7345	900
7346	951
7347	836
7348	852
7349	925
7350	882
7351	896
7352	913
7353	823
7354	909
7355	896
7356	877
7357	878
7358	864
7359	921
7360	860
7361	863
7362	865
7363	824
7364	935
7365	852
7366	894
7367	844
7368	772
7369	877
7370	870
7371	867
7372	911
7373	837
7374	957
7375	828
7376	835
7377	823
7378	861
7379	807
7380	881
7381	860
7382	845
7383	865
7384	821
7385	793
7386	795
7387	765
7388	840
7389	823
7390	912
7391	909
7392	813
7393	869
7394	786
7395	935
7396	863
7397	899
7398	826
7399	779
7400	800
7401	813
7402	878
7403	900
7404	890
7405	800
7406	849
7407	855
7408	841
7409	777
7410	822
7411	856
7412	807
7413	845
7414	858
7415	826
7416	873
7417	851
7418	775
7419	758
7420	746
7421	836
7422	739
7423	856
7424	781
7425	877
7426	816
7427	903
7428	797
7429	774
7430	800
7431	747
7432	804
7433	852
7434	812
7435	808
7436	802
7437	845
7438	793
7439	854
7440	811
7441	843
7442	818
7443	866
7444	813
7445	896
7446	903
7447	876
7448	824
7449	778
7450	928
7451	827
7452	863
7453	836
7454	838
7455	797
7456	789
7457	819
7458	729
7459	814
7460	789
7461	815
7462	814
7463	716
7464	741
7465	771
7466	816
7467	882
7468	788
7469	734
7470	827
7471	783
7472	753
7473	745
7474	823
7475	779
7476	832
7477	751
7478	757
7479	749
7480	879
7481	783
7482	797
7483	846
7484	787
7485	814
7486	827
7487	728
7488	812
7489	722
7490	760
7491	832
7492	846
7493	815
7494	830
7495	835
7496	767
7497	858
7498	792
7499	818
7500	749
7501	802
7502	809
7503	815
7504	819
7505	825
7506	795
7507	819
7508	784
7509	824
7510	848
7511	879
7512	771
7513	816
7514	778
7515	772
7516	858
7517	785
7518	837
7519	821
7520	752
7521	839
7522	803
7523	765
7524	800
7525	800
7526	804
7527	813
7528	749
7529	701
7530	763
7531	784
7532	787
7533	798
7534	776
7535	769
7536	716
7537	761
7538	866
7539	792
7540	835
7541	773
7542	774
7543	776
7544	759
7545	715
7546	773
7547	854
7548	835
7549	797
7550	752
7551	770
7552	803
7553	798
7554	826
7555	848
7556	795
7557	825
7558	825
7559	774
7560	745
7561	816
7562	716
7563	714
7564	740
7565	803
7566	782
7567	797
7568	798
7569	816
7570	785
7571	713
7572	701
7573	784
7574	743
7575	731
7576	823
7577	735
7578	771
7579	766
7580	801
7581	741
7582	794
7583	785
7584	811
7585	857
7586	771
7587	795
7588	790
7589	779
7590	720
7591	781
7592	722
7593	756
7594	827
7595	775
7596	758
7597	811
7598	787
7599	745
7600	747
7601	714
7602	733
7603	751
7604	756
7605	708
7606	731
7607	800
7608	790
7609	706
7610	687
7611	745
7612	724
7613	706
7614	719
7615	700
7616	753
7617	691
7618	694
7619	765
7620	726
7621	724
7622	732
7623	706
7624	700
7625	693
7626	708
7627	739
7628	747
7629	762
7630	725
7631	731
7632	708
7633	679
7634	721
7635	782
7636	718
7637	746
7638	765
7639	807
7640	730
7641	766
7642	765
7643	723
7644	785
7645	794
7646	764
7647	809
7648	716
7649	806
7650	837
7651	703
7652	809
7653	699
7654	778
7655	755
7656	783
7657	725
7658	745
7659	804
7660	738
7661	743
7662	772
7663	735
7664	737
7665	752
7666	727
7667	792
7668	770
7669	717
7670	741
7671	718
7672	696
7673	757
7674	737
7675	706
7676	738
7677	718
7678	728
7679	760
7680	764
7681	720
7682	742
7683	710
7684	718
7685	718
7686	651
7687	753
7688	678
7689	725
7690	734
7691	728
7692	724
7693	722
7694	778
7695	773
7696	714
7697	720
7698	697
7699	730
7700	780
7701	753
7702	768
7703	702
7704	725
7705	752
7706	683
7707	732
7708	739
7709	773
7710	729
7711	664
7712	742
7713	780
7714	712
7715	776
7716	767
7717	694
7718	790
7719	710
7720	748
7721	759
7722	679
7723	770
7724	735
7725	663
7726	716
7727	751
7728	736
7729	703
7730	796
7731	719
7732	754
7733	780
7734	708
7735	727
7736	721
7737	725
7738	718
7739	717
7740	718
7741	761
7742	664
7743	687
7744	704
7745	712
7746	700
7747	714
7748	657
7749	715
7750	734
7751	714
7752	694
7753	653
7754	660
7755	699
7756	748
7757	728
7758	647
7759	776
7760	717
7761	725
7762	723
7763	760
7764	671
7765	722
7766	777
7767	713
7768	719
7769	738
7770	707
7771	696
7772	721
7773	703
7774	749
7775	773
7776	684
7777	725
7778	689
7779	672
7780	720
7781	737
7782	790
7783	744
7784	725
7785	730
7786	802
7787	713
7788	757
7789	723
7790	716
7791	773
7792	737
7793	764
7794	754
7795	822
7796	737
7797	670
7798	758
7799	784
7800	757
7801	786
7802	738
7803	746
7804	748
7805	722
7806	705
7807	747
7808	739
7809	740
7810	761
7811	714
7812	746
7813	739
7814	726
7815	825
7816	726
7817	718
7818	696
7819	737
7820	720
7821	752
7822	721
7823	726
7824	722
7825	788
7826	819
7827	839
7828	729
7829	736
7830	768
7831	748
7832	744
7833	794
7834	711
7835	757
7836	753
7837	720
7838	744
7839	711
7840	853
7841	706
7842	759
7843	786
7844	760
7845	795
7846	711
7847	749
7848	820
7849	785
7850	733
7851	735
7852	763
7853	723
7854	769
7855	770
7856	744
7857	750
7858	787
7859	839
7860	754
7861	780
7862	787
7863	856
7864	707
7865	770
7866	802
7867	825
7868	758
7869	805
7870	748
7871	735
7872	760
7873	764
7874	744
7875	737
7876	744
7877	773
7878	719
7879	756
7880	750
7881	713
7882	700
7883	717
7884	778
7885	775
7886	727
7887	727
7888	726
7889	781
7890	711
7891	721
7892	732
7893	785
7894	770
7895	692
7896	670
7897	754
7898	770
7899	796
7900	693
7901	750
7902	799
7903	797
7904	797
7905	749
7906	734
7907	729
7908	711
7909	712
7910	716
7911	746
7912	766
7913	804
7914	797
7915	744
7916	796
7917	847
7918	820
7919	788
7920	742
7921	760
7922	805
7923	861
7924	817
7925	802
7926	799
7927	840
7928	829
7929	823
7930	784
7931	734
7932	807
7933	739
7934	749
7935	784
7936	826
7937	762
7938	744
7939	753
7940	785
7941	775
7942	787
7943	735
7944	752
7945	783
7946	787
7947	839
7948	725
7949	696
7950	741
7951	829
7952	763
7953	776
7954	841
7955	720
7956	792
7957	833
7958	798
7959	835
7960	688
7961	666
7962	818
7963	780
7964	791
7965	787
7966	821
7967	791
7968	774
7969	761
7970	790
7971	797
7972	813
7973	718
7974	768
7975	818
7976	752
7977	779
7978	819
7979	793
7980	764
7981	831
7982	769
7983	883
7984	855
7985	824
7986	829
7987	788
7988	786
7989	782
7990	724
7991	754
7992	882
7993	813
7994	763
7995	794
7996	739
7997	783
7998	766
7999	773
8000	748
8001	747
8002	730
8003	648
8004	791
8005	746
8006	685
8007	749
8008	718
8009	752
8010	684
8011	704
8012	716
8013	685
8014	641
8015	690
8016	797
8017	653
8018	787
8019	721
8020	801
8021	747
8022	708
8023	807
8024	770
8025	743
8026	712
8027	770
8028	698
8029	723
8030	826
8031	782
8032	797
8033	815
8034	717
8035	754
8036	725
8037	751
8038	814
8039	755
8040	725
8041	772
8042	742
8043	753
8044	780
8045	779
8046	829
8047	758
8048	748
8049	705
8050	785
8051	753
8052	753
8053	798
8054	739
8055	823
8056	801
8057	720
8058	829
8059	787
8060	842
8061	778
8062	717
8063	782
8064	747
8065	878
8066	794
8067	792
8068	855
8069	807
8070	795
8071	762
8072	769
8073	834
8074	818
8075	731
8076	799
8077	827
8078	738
8079	741
8080	791
8081	778
8082	763
8083	700
8084	708
8085	841
8086	777
8087	801
8088	810
8089	807
8090	837
8091	833
8092	808
8093	932
8094	836
8095	857
8096	801
8097	758
8098	833
8099	804
8100	874
8101	841
8102	791
8103	811
8104	816
8105	755
8106	747
8107	848
8108	827
8109	758
8110	850
8111	788
8112	778
8113	806
8114	752
8115	907
8116	815
8117	779
8118	822
8119	798
8120	820
8121	827
8122	781
8123	837
8124	802
8125	783
8126	819
8127	814
8128	769
8129	781
8130	756
8131	803
8132	921
8133	812
8134	804
8135	750
8136	737
8137	867
8138	808
8139	798
8140	838
8141	838
8142	850
8143	838
8144	838
8145	826
8146	814
8147	914
8148	908
8149	900
8150	790
8151	779
8152	824
8153	799
8154	838
8155	831
8156	831
8157	909
8158	877
8159	844
8160	867
8161	832
8162	872
8163	818
8164	923
8165	819
8166	876
8167	807
8168	852
8169	851
8170	824
8171	894
8172	910
8173	765
8174	794
8175	834
8176	825
8177	839
8178	794
8179	823
8180	764
8181	754
8182	835
8183	787
8184	795
8185	762
8186	786
8187	728
8188	824
8189	870
8190	788
8191	786
8192	710
8193	797
8194	785
8195	798
8196	822
8197	766
8198	816
8199	756
8200	861
8201	797
8202	803
8203	833
8204	746
8205	806
8206	793
8207	803
8208	770
8209	833
8210	893
8211	807
8212	791
8213	786
8214	815
8215	851
8216	795
8217	732
8218	770
8219	727
8220	794
8221	835
8222	778
8223	784
8224	855
8225	833
8226	787
8227	734
8228	782
8229	752
8230	772
8231	752
8232	838
8233	838
8234	766
8235	750
8236	778
8237	809
8238	813
8239	738
8240	758
8241	808
8242	747
8243	763
8244	719
8245	691
8246	710
8247	775
8248	683
8249	721
8250	753
8251	708
8252	768
8253	785
8254	740
8255	762
8256	836
8257	758
8258	796
8259	794
8260	828
8261	810
8262	724
8263	780
8264	622
8265	699
8266	761
8267	686
8268	683
8269	729
8270	704
8271	661
8272	691
8273	708
8274	714
8275	710
8276	700
8277	748
8278	798
8279	670
8280	728
8281	731
8282	769
8283	767
8284	666
8285	666
8286	782
8287	713
8288	782
8289	816
8290	692
8291	696
8292	670
8293	709
8294	775
8295	688
8296	739
8297	725
8298	660
8299	710
8300	666
8301	688
8302	709
8303	681
8304	723
8305	734
8306	731
8307	799
8308	791
8309	749
8310	745
8311	808
8312	733
8313	742
8314	702
8315	744
8316	689
8317	741
8318	752
8319	755
8320	751
8321	696
8322	691
8323	741
8324	704
8325	645
8326	764
8327	721
8328	739
8329	683
8330	700
8331	636
8332	693
8333	702
8334	699
8335	728
8336	698
8337	738
8338	727
8339	713
8340	674
8341	691
8342	747
8343	710
8344	717
8345	666
8346	703
8347	719
8348	661
8349	690
8350	701
8351	703
8352	753
8353	675
8354	671
8355	694
8356	695
8357	714
8358	638
8359	690
8360	673
8361	692
8362	643
8363	704
8364	677
8365	653
8366	645
8367	701
8368	656
8369	638
8370	640
8371	695
8372	701
8373	704
8374	675
8375	731
8376	715
8377	681
8378	663
8379	626
8380	721
8381	712
8382	661
8383	656
8384	654
8385	697
8386	685
8387	658
8388	696
8389	733
8390	695
8391	713
8392	652
8393	718
8394	731
8395	673
8396	664
8397	631
8398	731
8399	681
8400	665
8401	661
8402	647
8403	646
8404	686
8405	683
8406	641
8407	694
8408	640
8409	703
8410	657
8411	679
8412	655
8413	654
8414	595
8415	679
8416	688
8417	677
8418	676
8419	738
8420	687
8421	667
8422	652
8423	736
8424	672
8425	701
8426	620
8427	717
8428	693
8429	679
8430	621
8431	662
8432	675
8433	732
8434	680
8435	668
8436	663
8437	650
8438	666
8439	685
8440	698
8441	711
8442	644
8443	753
8444	680
8445	637
8446	654
8447	676
8448	687
8449	628
8450	648
8451	713
8452	718
8453	590
8454	654
8455	638
8456	654
8457	695
8458	685
8459	686
8460	687
8461	648
8462	664
8463	675
8464	671
8465	617
8466	622
8467	672
8468	666
8469	641
8470	634
8471	576
8472	652
8473	596
8474	625
8475	682
8476	666
8477	698
8478	617
8479	603
8480	648
8481	655
8482	616
8483	610
8484	596
8485	604
8486	592
8487	623
8488	609
8489	634
8490	579
8491	579
8492	612
8493	601
8494	573
8495	638
8496	582
8497	615
8498	601
8499	602
8500	634
8501	711
8502	587
8503	611
8504	616
8505	622
8506	595
8507	573
8508	628
8509	569
8510	605
8511	647
8512	637
8513	612
8514	661
8515	567
8516	634
8517	608
8518	617
8519	557
8520	616
8521	593
8522	624
8523	707
8524	559
8525	555
8526	601
8527	617
8528	635
8529	618
8530	629
8531	675
8532	612
8533	618
8534	631
8535	601
8536	613
8537	646
8538	642
8539	590
8540	682
8541	648
8542	692
8543	671
8544	597
8545	647
8546	564
8547	655
8548	689
8549	633
8550	651
8551	624
8552	608
8553	688
8554	661
8555	675
8556	632
8557	590
8558	643
8559	621
8560	592
8561	587
8562	560
8563	621
8564	614
8565	591
8566	611
8567	662
8568	634
8569	624
8570	624
8571	581
8572	641
8573	593
8574	665
8575	637
8576	730
8577	733
8578	752
8579	679
8580	745
8581	639
8582	670
8583	663
8584	630
8585	655
8586	572
8587	620
8588	611
8589	617
8590	609
8591	614
8592	568
8593	591
8594	565
8595	587
8596	539
8597	614
8598	595
8599	594
8600	588
8601	618
8602	542
8603	555
8604	557
8605	621
8606	545
8607	597
8608	554
8609	637
8610	582
8611	613
8612	614
8613	650
8614	575
8615	562
8616	624
8617	578
8618	541
8619	558
8620	611
8621	570
8622	578
8623	555
8624	629
8625	592
8626	583
8627	548
8628	558
8629	567
8630	576
8631	574
8632	553
8633	596
8634	565
8635	579
8636	588
8637	604
8638	552
8639	581
8640	591
8641	595
8642	577
8643	613
8644	614
8645	606
8646	629
8647	597
8648	576
8649	620
8650	632
8651	570
8652	560
8653	611
8654	592
8655	608
8656	587
8657	535
8658	613
8659	592
8660	564
8661	587
8662	593
8663	621
8664	583
8665	547
8666	575
8667	560
8668	612
8669	618
8670	582
8671	619
8672	622
8673	566
8674	591
8675	598
8676	551
8677	664
8678	583
8679	588
8680	607
8681	631
8682	557
8683	607
8684	594
8685	558
8686	614
8687	602
8688	611
8689	550
8690	598
8691	602
8692	561
8693	574
8694	622
8695	586
8696	610
8697	696
8698	597
8699	641
8700	620
8701	588
8702	624
8703	680
8704	694
8705	658
8706	607
8707	665
8708	633
8709	539
8710	677
8711	616
8712	629
8713	589
8714	607
8715	605
8716	575
8717	575
8718	558
8719	586
8720	613
8721	542
8722	605
8723	689
8724	681
8725	603
8726	521
8727	688
8728	575
8729	580
8730	574
8731	623
8732	657
8733	577
8734	657
8735	612
8736	618
8737	575
8738	648
8739	680
8740	703
8741	633
8742	666
8743	581
8744	637
8745	634
8746	579
8747	614
8748	626
8749	663
8750	656
8751	634
8752	680
8753	610
8754	589
8755	644
8756	591
8757	620
8758	624
8759	592
8760	597
8761	654
8762	672
8763	602
8764	624
8765	620
8766	635
8767	628
8768	626
8769	628
8770	580
8771	659
8772	660
8773	650
8774	698
8775	637
8776	676
8777	713
8778	588
8779	670
8780	655
8781	685
8782	638
8783	621
8784	633
8785	642
8786	633
8787	622
8788	584
8789	598
8790	614
8791	641
8792	634
8793	637
8794	608
8795	632
8796	698
8797	610
8798	637
8799	641
8800	618
8801	640
8802	722
8803	627
8804	638
8805	662
8806	681
8807	612
8808	589
8809	599
8810	661
8811	684
8812	666
8813	634
8814	582
8815	667
8816	620
8817	634
8818	622
8819	616
8820	663
8821	639
8822	649
8823	637
8824	665
8825	657
8826	635
8827	672
8828	655
8829	631
8830	686
8831	568
8832	679
8833	612
8834	655
8835	682
8836	665
8837	588
8838	650
8839	600
8840	676
8841	566
8842	606
8843	627
8844	626
8845	728
8846	630
8847	630
8848	624
8849	633
8850	599
8851	578
8852	640
8853	652
8854	663
8855	650
8856	619
8857	624
8858	640
8859	655
8860	665
8861	645
8862	659
8863	622
8864	603
8865	631
8866	654
8867	696
8868	636
8869	677
8870	671
8871	612
8872	643
8873	644
8874	660
8875	696
8876	658
8877	581
8878	666
8879	590
8880	603
8881	650
8882	636
8883	657
8884	617
8885	663
8886	650
8887	614
8888	601
8889	624
8890	639
8891	639
8892	606
8893	594
8894	610
8895	597
8896	668
8897	611
8898	618
8899	631
8900	594
8901	667
8902	624
8903	613
8904	617
8905	602
8906	624
8907	622
8908	650
8909	627
8910	587
8911	571
8912	550
8913	629
8914	601
8915	615
8916	563
8917	555
8918	608
8919	635
8920	602
8921	556
8922	603
8923	609
8924	579
8925	570
8926	588
8927	598
8928	615
8929	638
8930	580
8931	592
8932	580
8933	599
8934	577
8935	572
8936	623
8937	585
8938	592
8939	572
8940	623
8941	562
8942	594
8943	571
8944	628
8945	628
8946	662
8947	566
8948	559
8949	643
8950	592
8951	570
8952	538
8953	572
8954	518
8955	568
8956	520
8957	531
8958	585
8959	573
8960	548
8961	529
8962	569
8963	567
8964	531
8965	532
8966	518
8967	565
8968	513
8969	547
8970	562
8971	615
8972	536
8973	562
8974	514
8975	567
8976	563
8977	583
8978	565
8979	568
8980	557
8981	557
8982	496
8983	630
8984	602
8985	543
8986	593
8987	501
8988	515
8989	553
8990	531
8991	515
8992	563
8993	598
8994	620
8995	575
8996	595
8997	534
8998	560
8999	524
9000	639
9001	530
9002	552
9003	587
9004	571
9005	580
9006	601
9007	613
9008	605
9009	584
9010	517
9011	590
9012	584
9013	586
9014	529
9015	625
9016	528
9017	581
9018	576
9019	604
9020	604
9021	559
9022	585
9023	591
9024	554
9025	544
9026	600
9027	612
9028	553
9029	579
9030	613
9031	540
9032	542
9033	551
9034	616
9035	538
9036	506
9037	578
9038	580
9039	546
9040	612
9041	549
9042	536
9043	539
9044	499
9045	615
9046	582
9047	543
9048	656
9049	635
9050	574
9051	606
9052	604
9053	664
9054	543
9055	535
9056	574
9057	554
9058	595
9059	625
9060	585
9061	572
9062	606
9063	633
9064	616
9065	561
9066	583
9067	588
9068	561
9069	593
9070	607
9071	614
9072	534
9073	520
9074	538
9075	558
9076	533
9077	621
9078	557
9079	532
9080	514
9081	548
9082	549
9083	542
9084	535
9085	543
9086	560
9087	522
9088	546
9089	486
9090	537
9091	500
9092	513
9093	587
9094	617
9095	574
9096	620
9097	642
9098	606
9099	535
9100	586
9101	617
9102	583
9103	606
9104	601
9105	619
9106	566
9107	576
9108	603
9109	597
9110	600
9111	566
9112	535
9113	541
9114	587
9115	541
9116	544
9117	558
9118	601
9119	598
9120	561
9121	623
9122	560
9123	548
9124	586
9125	550
9126	513
9127	588
9128	617
9129	630
9130	602
9131	653
9132	663
9133	614
9134	632
9135	595
9136	612
9137	592
9138	569
9139	587
9140	605
9141	592
9142	625
9143	625
9144	552
9145	595
9146	585
9147	569
9148	650
9149	608
9150	568
9151	613
9152	635
9153	571
9154	597
9155	560
9156	600
9157	545
9158	584
9159	610
9160	584
9161	575
9162	536
9163	572
9164	594
9165	558
9166	573
9167	559
9168	613
9169	572
9170	591
9171	584
9172	649
9173	568
9174	523
9175	585
9176	584
9177	574
9178	622
9179	627
9180	542
9181	676
9182	544
9183	582
9184	564
9185	551
9186	613
9187	583
9188	681
9189	566
9190	576
9191	525
9192	619
9193	700
9194	550
9195	976
9196	802
9197	1028
9198	643
9199	718
9200	767
9201	583
9202	543
9203	592
9204	537
9205	547
9206	579
9207	562
9208	548
9209	561
9210	536
9211	578
9212	572
9213	587
9214	580
9215	534
9216	566
9217	570
9218	498
9219	614
9220	602
9221	544
9222	544
9223	549
9224	554
9225	517
9226	525
9227	497
9228	541
9229	505
9230	511
9231	576
9232	593
9233	522
9234	521
9235	581
9236	554
9237	556
9238	577
9239	581
9240	563
9241	654
9242	540
9243	567
9244	605
9245	567
9246	661
9247	549
9248	613
9249	578
9250	603
9251	620
9252	606
9253	642
9254	537
9255	613
9256	606
9257	603
9258	592
9259	566
9260	682
9261	628
9262	583
9263	598
9264	667
9265	663
9266	676
9267	695
9268	677
9269	720
9270	694
9271	640
9272	637
9273	646
9274	613
9275	606
9276	624
9277	672
9278	653
9279	702
9280	610
9281	677
9282	758
9283	659
9284	631
9285	730
9286	660
9287	732
9288	688
9289	773
9290	750
9291	691
9292	711
9293	745
9294	904
9295	855
9296	770
9297	783
9298	815
9299	774
9300	805
9301	673
9302	746
9303	853
9304	779
9305	755
9306	681
9307	580
9308	658
9309	716
9310	649
9311	641
9312	611
9313	567
9314	641
9315	675
9316	610
9317	596
9318	597
9319	633
9320	562
9321	577
9322	520
9323	528
9324	500
9325	499
9326	560
9327	485
9328	479
9329	540
9330	501
9331	561
9332	541
9333	587
9334	518
9335	581
9336	550
9337	548
9338	496
9339	558
9340	527
9341	503
9342	471
9343	503
9344	503
9345	455
9346	544
9347	519
9348	487
9349	491
9350	551
9351	534
9352	494
9353	528
9354	543
9355	504
9356	463
9357	511
9358	521
9359	491
9360	535
9361	520
9362	503
9363	430
9364	502
9365	552
9366	547
9367	539
9368	501
9369	497
9370	508
9371	545
9372	501
9373	486
9374	518
9375	564
9376	555
9377	501
9378	492
9379	496
9380	530
9381	525
9382	476
9383	485
9384	496
9385	511
9386	526
9387	540
9388	497
9389	532
9390	523
9391	504
9392	504
9393	528
9394	577
9395	581
9396	522
9397	498
9398	509
9399	521
9400	479
9401	480
9402	535
9403	492
9404	486
9405	506
9406	569
9407	505
9408	497
9409	498
9410	510
9411	490
9412	553
9413	537
9414	494
9415	523
9416	542
9417	531
9418	503
9419	521
9420	474
9421	502
9422	495
9423	493
9424	498
9425	473
9426	526
9427	518
9428	549
9429	515
9430	500
9431	464
9432	485
9433	513
9434	494
9435	473
9436	507
9437	513
9438	544
9439	494
9440	538
9441	518
9442	451
9443	570
9444	535
9445	502
9446	514
9447	549
9448	603
9449	550
9450	572
9451	524
9452	529
9453	514
9454	528
9455	542
9456	608
9457	491
9458	556
9459	542
9460	561
9461	569
9462	575
9463	492
9464	599
9465	591
9466	565
9467	541
9468	588
9469	607
9470	530
9471	513
9472	516
9473	531
9474	611
9475	605
9476	548
9477	559
9478	547
9479	565
9480	602
9481	499
9482	570
9483	541
9484	531
9485	513
9486	589
9487	539
9488	536
9489	552
9490	540
9491	587
9492	523
9493	531
9494	528
9495	553
9496	538
9497	484
9498	560
9499	557
9500	543
9501	599
9502	533
9503	537
9504	549
9505	549
9506	448
9507	559
9508	507
9509	481
9510	532
9511	467
9512	435
9513	531
9514	507
9515	523
9516	555
9517	540
9518	515
9519	560
9520	510
9521	489
9522	602
9523	560
9524	499
9525	556
9526	568
9527	514
9528	584
9529	563
9530	517
9531	521
9532	552
9533	572
9534	553
9535	544
9536	526
9537	525
9538	547
9539	549
9540	600
9541	535
9542	560
9543	532
9544	539
9545	537
9546	512
9547	573
9548	524
9549	508
9550	535
9551	536
9552	555
9553	524
9554	474
9555	581
9556	542
9557	535
9558	535
9559	532
9560	548
9561	545
9562	507
9563	547
9564	539
9565	492
9566	564
9567	557
9568	566
9569	545
9570	504
9571	503
9572	528
9573	500
9574	575
9575	531
9576	480
9577	564
9578	620
9579	527
9580	556
9581	517
9582	565
9583	552
9584	581
9585	551
9586	488
9587	574
9588	543
9589	558
9590	531
9591	546
9592	569
9593	532
9594	540
9595	571
9596	485
9597	527
9598	530
9599	490
9600	573
9601	569
9602	480
9603	497
9604	497
9605	487
9606	552
9607	541
9608	507
9609	539
9610	525
9611	550
9612	511
9613	530
9614	523
9615	490
9616	571
9617	549
9618	572
9619	534
9620	566
9621	553
9622	583
9623	562
9624	551
9625	627
9626	569
9627	623
9628	514
9629	588
9630	500
9631	575
9632	508
9633	586
9634	567
9635	558
9636	556
9637	552
9638	585
9639	569
9640	516
9641	573
9642	487
9643	519
9644	560
9645	514
9646	553
9647	566
9648	531
9649	572
9650	664
9651	534
9652	569
9653	590
9654	546
9655	569
9656	744
9657	608
9658	528
9659	536
9660	571
9661	525
9662	541
9663	580
9664	620
9665	569
9666	534
9667	546
9668	569
9669	642
9670	534
9671	603
9672	615
9673	511
9674	527
9675	595
9676	503
9677	565
9678	517
9679	540
9680	570
9681	543
9682	560
9683	509
9684	548
9685	533
9686	610
9687	561
9688	642
9689	645
9690	600
9691	555
9692	540
9693	603
9694	523
9695	540
9696	567
9697	633
9698	588
9699	614
9700	569
9701	516
9702	608
9703	571
9704	513
9705	577
9706	529
9707	560
9708	576
9709	592
9710	602
9711	587
9712	560
9713	589
9714	531
9715	611
9716	586
9717	532
9718	596
9719	590
9720	522
9721	605
9722	512
9723	554
9724	508
9725	529
9726	588
9727	574
9728	544
9729	590
9730	500
9731	577
9732	578
9733	569
9734	614
9735	560
9736	607
9737	601
9738	614
9739	579
9740	588
9741	554
9742	580
9743	607
9744	544
9745	488
9746	583
9747	607
9748	546
9749	487
9750	585
9751	529
9752	572
9753	492
9754	534
9755	530
9756	530
9757	550
9758	466
9759	532
9760	495
9761	468
9762	500
9763	492
9764	502
9765	437
9766	496
9767	509
9768	545
9769	484
9770	509
9771	501
9772	518
9773	436
9774	467
9775	484
9776	530
9777	494
9778	503
9779	521
9780	534
9781	520
9782	460
9783	527
9784	507
9785	501
9786	486
9787	514
9788	513
9789	456
9790	530
9791	532
9792	517
9793	511
9794	465
9795	490
9796	526
9797	531
9798	503
9799	518
9800	524
9801	499
9802	491
9803	496
9804	508
9805	507
9806	488
9807	530
9808	499
9809	517
9810	551
9811	562
9812	519
9813	498
9814	500
9815	532
9816	510
9817	500
9818	515
9819	505
9820	578
9821	512
9822	501
9823	549
9824	581
9825	543
9826	533
9827	510
9828	503
9829	566
9830	559
9831	519
9832	485
9833	483
9834	547
9835	528
9836	532
9837	507
9838	518
9839	525
9840	562
9841	533
9842	551
9843	509
9844	505
9845	564
9846	502
9847	469
9848	516
9849	528
9850	546
9851	577
9852	496
9853	564
9854	527
9855	526
9856	524
9857	523
9858	579
9859	547
9860	499
9861	534
9862	515
9863	539
9864	610
9865	549
9866	558
9867	500
9868	461
9869	572
9870	527
9871	555
9872	467
9873	576
9874	545
9875	485
9876	520
9877	535
9878	483
9879	496
9880	548
9881	496
9882	544
9883	569
9884	533
9885	560
9886	594
9887	579
9888	524
9889	517
9890	570
9891	523
9892	583
9893	567
9894	672
9895	566
9896	560
9897	589
9898	565
9899	565
9900	587
9901	618
9902	508
9903	497
9904	542
9905	538
9906	538
9907	512
9908	568
9909	560
9910	579
9911	525
9912	546
9913	547
9914	609
9915	619
9916	494
9917	534
9918	527
9919	590
9920	607
9921	652
9922	534
9923	544
9924	559
9925	582
9926	587
9927	671
9928	571
9929	616
9930	612
9931	610
9932	600
9933	570
9934	624
9935	597
9936	597
9937	607
9938	619
9939	658
9940	665
9941	591
9942	563
9943	604
9944	632
9945	606
9946	598
9947	600
9948	616
9949	571
9950	608
9951	612
9952	594
9953	682
9954	712
9955	589
9956	657
9957	594
9958	651
9959	688
9960	595
9961	595
9962	622
9963	650
9964	565
9965	548
9966	578
9967	549
9968	608
9969	566
9970	658
9971	586
9972	582
9973	567
9974	606
9975	537
9976	578
9977	589
9978	554
9979	568
9980	608
9981	619
9982	517
9983	578
9984	581
9985	602
9986	605
9987	549
9988	549
9989	470
9990	527
9991	636
9992	605
9993	541
9994	611
9995	586
9996	554
9997	568
9998	581
9999	588
10000	584
10001	533
10002	601
10003	604
10004	531
10005	585
10006	625
10007	640
10008	519
10009	543
10010	603
10011	611
10012	580
10013	580
10014	540
10015	501
10016	524
10017	519
10018	501
10019	508
10020	548
10021	525
10022	507
10023	516
10024	545
10025	539
10026	550
10027	540
10028	503
10029	487
10030	506
10031	544
10032	506
10033	550
10034	476
10035	510
10036	542
10037	562
10038	489
10039	558
10040	524
10041	562
10042	513
10043	484
10044	505
10045	518
10046	533
10047	483
10048	512
10049	498
10050	484
10051	469
10052	483
10053	527
10054	529
10055	477
10056	584
10057	543
10058	570
10059	518
10060	488
10061	474
10062	492
10063	538
10064	515
10065	482
10066	524
10067	527
10068	519
10069	489
10070	481
10071	498
10072	513
10073	534
10074	499
10075	461
10076	487
10077	531
10078	514
10079	529
10080	503
10081	475
10082	512
10083	552
10084	534
10085	504
10086	496
10087	549
10088	506
10089	500
10090	560
10091	485
10092	501
10093	487
10094	504
10095	492
10096	494
10097	588
10098	519
10099	549
10100	569
10101	602
10102	543
10103	507
10104	502
10105	533
10106	532
10107	492
10108	586
10109	582
10110	505
10111	567
10112	522
10113	528
10114	488
10115	528
10116	549
10117	557
10118	507
10119	501
10120	491
10121	545
10122	564
10123	515
10124	505
10125	535
10126	518
10127	504
10128	477
10129	512
10130	557
10131	525
10132	513
10133	541
10134	560
10135	508
10136	533
10137	533
10138	508
10139	577
10140	626
10141	524
10142	577
10143	566
10144	573
10145	577
10146	539
10147	537
10148	589
10149	658
10150	627
10151	565
10152	542
10153	589
10154	563
10155	643
10156	624
10157	607
10158	676
10159	649
10160	522
10161	545
10162	571
10163	550
10164	545
10165	529
10166	520
10167	561
10168	588
10169	570
10170	553
10171	534
10172	561
10173	568
10174	623
10175	627
10176	623
10177	616
10178	616
10179	576
10180	576
10181	557
10182	573
10183	512
10184	563
10185	587
10186	576
10187	549
10188	484
10189	570
10190	569
10191	545
10192	623
10193	634
10194	535
10195	644
10196	521
10197	548
10198	525
10199	531
10200	540
10201	516
10202	534
10203	519
10204	508
10205	549
10206	498
10207	526
10208	514
10209	552
10210	515
10211	553
10212	505
10213	518
10214	540
10215	531
10216	529
10217	514
10218	507
10219	500
10220	559
10221	529
10222	495
10223	534
10224	536
10225	542
10226	561
10227	504
10228	582
10229	570
10230	550
10231	539
10232	527
10233	593
10234	573
10235	563
10236	564
10237	537
10238	600
10239	552
10240	576
10241	540
10242	610
10243	519
10244	590
10245	566
10246	603
10247	490
10248	583
10249	589
10250	552
10251	512
10252	535
10253	521
10254	543
10255	560
10256	540
10257	481
10258	581
10259	549
10260	536
10261	515
10262	590
10263	583
10264	535
10265	515
10266	548
10267	548
10268	563
10269	633
10270	559
10271	571
10272	561
10273	608
10274	568
10275	601
10276	562
10277	556
10278	585
10279	595
10280	596
10281	614
10282	585
10283	582
10284	570
10285	598
10286	541
10287	557
10288	560
10289	606
10290	532
10291	611
10292	533
10293	540
10294	557
10295	560
10296	486
10297	584
10298	527
10299	588
10300	528
10301	513
10302	518
10303	513
10304	528
10305	530
10306	516
10307	476
10308	525
10309	518
10310	492
10311	443
10312	522
10313	497
10314	546
10315	482
10316	537
10317	512
10318	537
10319	502
10320	468
10321	529
10322	495
10323	495
10324	484
10325	558
10326	480
10327	482
10328	508
10329	486
10330	486
10331	462
10332	535
10333	554
10334	502
10335	491
10336	564
10337	528
10338	464
10339	516
10340	489
10341	567
10342	511
10343	468
10344	422
10345	471
10346	532
10347	482
10348	484
10349	512
10350	522
10351	439
10352	476
10353	512
10354	506
10355	523
10356	455
10357	472
10358	477
10359	484
10360	505
10361	499
10362	508
10363	491
10364	490
10365	516
10366	448
10367	507
10368	486
10369	563
10370	485
10371	529
10372	559
10373	530
10374	544
10375	486
10376	531
10377	479
10378	482
10379	509
10380	442
10381	483
10382	476
10383	501
10384	466
10385	503
10386	398
10387	440
10388	513
10389	472
10390	528
10391	485
10392	521
10393	488
10394	544
10395	493
10396	525
10397	484
10398	525
10399	498
10400	444
10401	499
10402	515
10403	558
10404	482
10405	505
10406	498
10407	493
10408	476
10409	448
10410	466
10411	573
10412	523
10413	482
10414	520
10415	497
10416	530
10417	485
10418	485
10419	507
10420	447
10421	496
10422	489
10423	482
10424	414
10425	502
10426	508
10427	475
10428	490
10429	471
10430	499
10431	443
10432	476
10433	480
10434	467
10435	520
10436	474
10437	477
10438	461
10439	508
10440	543
10441	498
10442	488
10443	459
10444	475
10445	489
10446	475
10447	486
10448	445
10449	488
10450	470
10451	454
10452	455
10453	481
10454	477
10455	445
10456	472
10457	486
10458	543
10459	496
10460	443
10461	523
10462	464
10463	492
10464	503
10465	512
10466	490
10467	458
10468	483
10469	463
10470	475
10471	493
10472	508
10473	458
10474	488
10475	480
10476	446
10477	474
10478	450
10479	499
10480	520
10481	475
10482	453
10483	478
10484	431
10485	480
10486	479
10487	489
10488	473
10489	472
10490	543
10491	475
10492	503
10493	497
10494	427
10495	475
10496	482
10497	491
10498	477
10499	481
10500	441
10501	456
10502	495
10503	485
10504	486
10505	466
10506	476
10507	499
10508	506
10509	406
10510	485
10511	479
10512	452
10513	477
10514	419
10515	447
10516	482
10517	424
10518	478
10519	504
10520	475
10521	521
10522	492
10523	483
10524	439
10525	445
10526	446
10527	468
10528	465
10529	514
10530	511
10531	458
10532	469
10533	495
10534	511
10535	465
10536	511
10537	491
10538	509
10539	547
10540	456
10541	496
10542	465
10543	461
10544	452
10545	488
10546	495
10547	492
10548	497
10549	487
10550	450
10551	492
10552	504
10553	456
10554	505
10555	491
10556	501
10557	522
10558	483
10559	455
10560	481
10561	466
10562	510
10563	527
10564	487
10565	519
10566	543
10567	571
10568	481
10569	529
10570	546
10571	508
10572	430
10573	543
10574	460
10575	544
10576	477
10577	481
10578	482
10579	458
10580	459
10581	469
10582	539
10583	442
10584	467
10585	521
10586	412
10587	526
10588	508
10589	543
10590	488
10591	456
10592	437
10593	457
10594	525
10595	497
10596	491
10597	434
10598	480
10599	463
10600	537
10601	484
10602	480
10603	474
10604	488
10605	504
10606	463
10607	515
10608	486
10609	495
10610	478
10611	445
10612	418
10613	444
10614	535
10615	470
10616	463
10617	417
10618	481
10619	477
10620	537
10621	437
10622	490
10623	475
10624	454
10625	503
10626	487
10627	497
10628	487
10629	494
10630	523
10631	436
10632	475
10633	472
10634	478
10635	437
10636	476
10637	464
10638	504
10639	451
10640	424
10641	452
10642	447
10643	429
10644	480
10645	434
10646	420
10647	451
10648	497
10649	441
10650	463
10651	447
10652	442
10653	464
10654	487
10655	441
10656	462
10657	475
10658	479
10659	465
10660	439
10661	462
10662	424
10663	534
10664	480
10665	449
10666	463
10667	423
10668	504
10669	463
10670	483
10671	438
10672	476
10673	500
10674	437
10675	467
10676	464
10677	451
10678	490
10679	444
10680	486
10681	474
10682	440
10683	456
10684	524
10685	466
10686	543
10687	475
10688	476
10689	483
10690	532
10691	504
10692	486
10693	494
10694	471
10695	527
10696	476
10697	451
10698	455
10699	518
10700	416
10701	453
10702	516
10703	385
10704	457
10705	479
10706	448
10707	487
10708	472
10709	437
10710	438
10711	441
10712	507
10713	423
10714	484
10715	448
10716	471
10717	521
10718	493
10719	512
10720	469
10721	426
10722	475
10723	477
10724	448
10725	470
10726	440
10727	455
10728	515
10729	456
10730	461
10731	446
10732	457
10733	438
10734	435
10735	438
10736	439
10737	453
10738	442
10739	499
10740	423
10741	455
10742	452
10743	407
10744	461
10745	459
10746	423
10747	430
10748	419
10749	422
10750	456
10751	425
10752	431
10753	445
10754	448
10755	470
10756	417
10757	425
10758	424
10759	414
10760	395
10761	489
10762	413
10763	415
10764	425
10765	424
10766	423
10767	430
10768	411
10769	361
10770	441
10771	399
10772	447
10773	452
10774	449
10775	424
10776	436
10777	429
10778	465
10779	463
10780	409
10781	411
10782	453
10783	399
10784	471
10785	514
10786	460
10787	465
10788	454
10789	418
10790	383
10791	430
10792	476
10793	461
10794	437
10795	444
10796	473
10797	407
10798	458
10799	442
10800	494
10801	469
10802	459
10803	427
10804	452
10805	458
10806	466
10807	434
10808	472
10809	447
10810	461
10811	429
10812	480
10813	476
10814	494
10815	453
10816	458
10817	488
10818	481
10819	465
10820	435
10821	459
10822	444
10823	502
10824	447
10825	459
10826	437
10827	530
10828	455
10829	514
10830	503
10831	501
10832	441
10833	523
10834	496
10835	549
10836	501
10837	425
10838	509
10839	502
10840	477
10841	502
10842	511
10843	498
10844	461
10845	491
10846	518
10847	514
10848	426
10849	488
10850	461
10851	520
10852	483
10853	481
10854	489
10855	502
10856	543
10857	474
10858	458
10859	457
10860	480
10861	484
10862	483
10863	557
10864	513
10865	487
10866	516
10867	534
10868	483
10869	486
10870	629
10871	732
10872	455
10873	477
10874	449
10875	530
10876	485
10877	521
10878	455
10879	465
10880	475
10881	486
10882	429
10883	449
10884	417
10885	488
10886	438
10887	456
10888	435
10889	425
10890	398
10891	479
10892	463
10893	464
10894	444
10895	449
10896	468
10897	431
10898	452
10899	442
10900	431
10901	494
10902	539
10903	464
10904	447
10905	457
10906	442
10907	432
10908	473
10909	426
10910	414
10911	427
10912	538
10913	402
10914	395
10915	676
10916	440
10917	535
10918	416
10919	513
10920	429
10921	438
10922	407
10923	383
10924	456
10925	427
10926	396
10927	421
10928	403
10929	432
10930	429
10931	404
10932	417
10933	453
10934	381
10935	399
10936	408
10937	374
10938	431
10939	388
10940	416
10941	404
10942	393
10943	440
10944	374
10945	416
10946	423
10947	393
10948	429
10949	410
10950	445
10951	401
10952	441
10953	414
10954	377
10955	353
10956	367
10957	403
10958	385
10959	376
10960	375
10961	370
10962	379
10963	369
10964	430
10965	382
10966	410
10967	401
10968	432
10969	410
10970	408
10971	426
10972	424
10973	380
10974	392
10975	372
10976	409
10977	413
10978	414
10979	338
10980	377
10981	422
10982	417
10983	362
10984	373
10985	337
10986	368
10987	379
10988	378
10989	352
10990	455
10991	377
10992	404
10993	386
10994	394
10995	399
10996	389
10997	400
10998	437
10999	426
11000	366
11001	428
11002	409
11003	407
11004	370
11005	468
11006	369
11007	392
11008	390
11009	388
11010	353
11011	413
11012	391
11013	405
11014	368
11015	413
11016	419
11017	386
11018	417
11019	405
11020	421
11021	410
11022	336
11023	370
11024	369
11025	405
11026	403
11027	355
11028	440
11029	407
11030	379
11031	375
11032	396
11033	430
11034	421
11035	422
11036	395
11037	405
11038	399
11039	386
11040	408
11041	439
11042	446
11043	411
11044	415
11045	434
11046	421
11047	413
11048	442
11049	390
11050	464
11051	422
11052	393
11053	423
11054	404
11055	392
11056	398
11057	387
11058	421
11059	434
11060	410
11061	382
11062	394
11063	397
11064	446
11065	408
11066	430
11067	422
11068	446
11069	409
11070	423
11071	369
11072	467
11073	444
11074	374
11075	427
11076	381
11077	460
11078	450
11079	428
11080	451
11081	415
11082	424
11083	466
11084	372
11085	459
11086	444
11087	448
11088	488
11089	466
11090	437
11091	480
11092	407
11093	383
11094	431
11095	444
11096	414
11097	440
11098	476
11099	514
11100	457
11101	476
11102	459
11103	433
11104	530
11105	426
11106	418
11107	452
11108	461
11109	450
11110	455
11111	394
11112	440
11113	428
11114	429
11115	476
11116	460
11117	491
11118	476
11119	485
11120	517
11121	524
11122	510
11123	445
11124	467
11125	468
11126	477
11127	457
11128	504
11129	482
11130	604
11131	541
11132	566
11133	549
11134	569
11135	500
11136	509
11137	465
11138	454
11139	442
11140	462
11141	439
11142	419
11143	437
11144	432
11145	403
11146	417
11147	427
11148	390
11149	431
11150	465
11151	443
11152	453
11153	405
11154	399
11155	429
11156	399
11157	457
11158	414
11159	370
11160	426
11161	445
11162	438
11163	436
11164	413
11165	456
11166	367
11167	463
11168	425
11169	369
11170	407
11171	427
11172	416
11173	436
11174	446
11175	381
11176	372
11177	428
11178	396
11179	379
11180	406
11181	463
11182	441
11183	391
11184	396
11185	395
11186	409
11187	447
11188	444
11189	422
11190	421
11191	387
11192	375
11193	405
11194	415
11195	368
11196	429
11197	386
11198	426
11199	398
11200	396
11201	414
11202	453
11203	398
11204	424
11205	412
11206	406
11207	399
11208	395
11209	337
11210	381
11211	415
11212	422
11213	400
11214	415
11215	410
11216	422
11217	407
11218	379
11219	397
11220	364
11221	363
11222	441
11223	414
11224	391
11225	405
11226	392
11227	384
11228	363
11229	362
11230	334
11231	347
11232	404
11233	389
11234	360
11235	367
11236	414
11237	395
11238	351
11239	350
11240	375
11241	398
11242	427
11243	334
11244	419
11245	351
11246	377
11247	385
11248	368
11249	409
11250	378
11251	344
11252	332
11253	346
11254	403
11255	353
11256	374
11257	382
11258	384
11259	393
11260	342
11261	339
11262	423
11263	387
11264	365
11265	383
11266	385
11267	358
11268	382
11269	394
11270	405
11271	400
11272	364
11273	361
11274	393
11275	434
11276	382
11277	381
11278	431
11279	372
11280	420
11281	432
11282	408
11283	400
11284	411
11285	361
11286	357
11287	429
11288	382
11289	428
11290	406
11291	362
11292	430
11293	406
11294	397
11295	378
11296	434
11297	388
11298	414
11299	399
11300	395
11301	399
11302	430
11303	440
11304	407
11305	452
11306	415
11307	425
11308	380
11309	398
11310	412
11311	420
11312	436
11313	427
11314	439
11315	395
11316	398
11317	417
11318	405
11319	427
11320	419
11321	409
11322	423
11323	438
11324	429
11325	451
11326	445
11327	414
11328	421
11329	373
11330	369
11331	362
11332	399
11333	419
11334	389
11335	383
11336	372
11337	388
11338	392
11339	406
11340	396
11341	405
11342	423
11343	360
11344	358
11345	404
11346	389
11347	393
11348	407
11349	406
11350	422
11351	413
11352	434
11353	418
11354	388
11355	375
11356	418
11357	432
11358	427
11359	361
11360	423
11361	410
11362	429
11363	432
11364	382
11365	452
11366	412
11367	410
11368	435
11369	447
11370	455
11371	373
11372	417
11373	380
11374	387
11375	419
11376	497
11377	435
11378	427
11379	400
11380	470
11381	499
11382	457
11383	468
11384	452
11385	454
11386	410
11387	444
11388	426
11389	428
11390	429
11391	407
11392	434
11393	437
11394	421
11395	450
11396	448
11397	473
11398	459
11399	433
11400	434
11401	495
11402	477
11403	453
11404	456
11405	468
11406	447
11407	456
11408	464
11409	386
11410	447
11411	456
11412	472
11413	426
11414	413
11415	412
11416	386
11417	377
11418	411
11419	394
11420	453
11421	391
11422	431
11423	403
11424	389
11425	421
11426	434
11427	432
11428	410
11429	400
11430	401
11431	386
11432	398
11433	379
11434	392
11435	327
11436	332
11437	348
11438	351
11439	375
11440	397
11441	348
11442	461
11443	405
11444	388
11445	376
11446	342
11447	377
11448	392
11449	407
11450	395
11451	366
11452	378
11453	375
11454	380
11455	395
11456	398
11457	368
11458	453
11459	391
11460	405
11461	364
11462	374
11463	377
11464	376
11465	382
11466	366
11467	364
11468	401
11469	390
11470	363
11471	373
11472	404
11473	365
11474	417
11475	403
11476	371
11477	382
11478	345
11479	372
11480	384
11481	378
11482	407
11483	422
11484	344
11485	361
11486	337
11487	380
11488	442
11489	413
11490	403
11491	396
11492	362
11493	333
11494	434
11495	351
11496	384
11497	327
11498	357
11499	404
11500	389
11501	391
11502	403
11503	349
11504	355
11505	433
11506	327
11507	363
11508	387
11509	367
11510	436
11511	350
11512	354
11513	393
11514	383
11515	384
11516	359
11517	373
11518	348
11519	354
11520	353
11521	354
11522	326
11523	362
11524	361
11525	314
11526	363
11527	270
11528	360
11529	331
11530	266
11531	324
11532	289
11533	333
11534	308
11535	326
11536	343
11537	312
11538	269
11539	293
11540	296
11541	298
11542	314
11543	287
11544	330
11545	329
11546	345
11547	328
11548	312
11549	272
11550	293
11551	332
11552	279
11553	341
11554	304
11555	311
11556	287
11557	320
11558	292
11559	300
11560	336
11561	294
11562	302
11563	315
11564	300
11565	279
11566	324
11567	311
11568	283
11569	333
11570	331
11571	315
11572	305
11573	297
11574	301
11575	275
11576	300
11577	321
11578	328
11579	303
11580	311
11581	310
11582	315
11583	282
11584	320
11585	309
11586	337
11587	317
11588	317
11589	323
11590	318
11591	321
11592	311
11593	320
11594	335
11595	327
11596	384
11597	370
11598	340
11599	336
11600	317
11601	367
11602	328
11603	341
11604	298
11605	349
11606	357
11607	328
11608	344
11609	323
11610	339
11611	361
11612	342
11613	322
11614	342
11615	383
11616	338
11617	361
11618	418
11619	405
11620	401
11621	344
11622	361
11623	320
11624	324
11625	536
11626	429
11627	395
11628	391
11629	407
11630	350
11631	344
11632	390
11633	359
11634	321
11635	400
11636	526
11637	383
11638	436
11639	498
11640	375
11641	363
11642	389
11643	414
11644	421
11645	343
11646	468
11647	345
11648	398
11649	425
11650	381
11651	359
11652	368
11653	443
11654	398
11655	351
11656	415
11657	416
11658	610
11659	467
11660	423
11661	400
11662	342
11663	359
11664	360
11665	379
11666	341
11667	368
11668	441
11669	378
11670	379
11671	353
11672	354
11673	389
11674	379
11675	397
11676	356
11677	386
11678	358
11679	332
11680	339
11681	353
11682	329
11683	372
11684	374
11685	338
11686	301
11687	426
11688	341
11689	340
11690	366
11691	380
11692	350
11693	389
11694	363
11695	364
11696	387
11697	327
11698	371
11699	343
11700	362
11701	365
11702	370
11703	464
11704	462
11705	432
11706	326
11707	465
11708	475
11709	441
11710	352
11711	399
11712	386
11713	366
11714	410
11715	316
11716	424
11717	369
11718	337
11719	326
11720	314
11721	327
11722	362
11723	418
11724	371
11725	372
11726	406
11727	334
11728	420
11729	385
11730	381
11731	371
11732	385
11733	411
11734	344
11735	348
11736	349
11737	346
11738	385
11739	400
11740	351
11741	396
11742	313
11743	344
11744	396
11745	407
11746	367
11747	354
11748	392
11749	355
11750	386
11751	408
11752	379
11753	385
11754	382
11755	372
11756	378
11757	359
11758	373
11759	400
11760	382
11761	386
11762	354
11763	418
11764	395
11765	396
11766	377
11767	428
11768	334
11769	441
11770	397
11771	414
11772	398
11773	388
11774	400
11775	434
11776	382
11777	418
11778	393
11779	407
11780	415
11781	429
11782	431
11783	406
11784	422
11785	391
11786	394
11787	393
11788	416
11789	421
11790	450
11791	412
11792	341
11793	356
11794	373
11795	386
11796	404
11797	354
11798	351
11799	368
11800	443
11801	406
11802	360
11803	376
11804	383
11805	359
11806	357
11807	395
11808	352
11809	383
11810	418
11811	371
11812	430
11813	419
11814	374
11815	448
11816	424
11817	437
11818	363
11819	351
11820	375
11821	385
11822	355
11823	347
11824	382
11825	366
11826	390
11827	335
11828	367
11829	347
11830	357
11831	324
11832	353
11833	348
11834	337
11835	384
11836	359
11837	359
11838	379
11839	336
11840	368
11841	378
11842	376
11843	346
11844	327
11845	412
11846	398
11847	362
11848	349
11849	384
11850	353
11851	343
11852	351
11853	341
11854	323
11855	370
11856	354
11857	311
11858	345
11859	328
11860	338
11861	376
11862	322
11863	351
11864	355
11865	333
11866	345
11867	323
11868	368
11869	358
11870	362
11871	339
11872	359
11873	345
11874	423
11875	360
11876	395
11877	335
11878	363
11879	371
11880	350
11881	397
11882	402
11883	376
11884	408
11885	397
11886	373
11887	338
11888	386
11889	395
11890	334
11891	358
11892	385
11893	366
11894	390
11895	353
11896	379
11897	414
11898	387
11899	372
11900	384
11901	411
11902	374
11903	456
11904	370
11905	376
11906	350
11907	378
11908	368
11909	364
11910	386
11911	393
11912	403
11913	404
11914	378
11915	357
11916	403
11917	394
11918	356
11919	328
11920	399
11921	403
11922	327
11923	386
11924	387
11925	438
11926	389
11927	398
11928	422
11929	395
11930	367
11931	401
11932	357
11933	435
11934	424
11935	340
11936	367
11937	337
11938	487
11939	430
11940	377
11941	371
11942	439
11943	482
11944	428
11945	401
11946	432
11947	387
11948	436
11949	458
11950	475
11951	452
11952	362
11953	348
11954	437
11955	414
11956	422
11957	376
11958	401
11959	370
11960	389
11961	367
11962	378
11963	378
11964	362
11965	375
11966	418
11967	393
11968	362
11969	400
11970	383
11971	342
11972	348
11973	364
11974	402
11975	378
11976	356
11977	390
11978	391
11979	363
11980	391
11981	327
11982	300
11983	379
11984	410
11985	334
11986	307
11987	357
11988	365
11989	346
11990	364
11991	373
11992	325
11993	311
11994	352
11995	383
11996	397
11997	376
11998	436
11999	377
12000	361
12001	360
12002	357
12003	367
12004	365
12005	355
12006	355
12007	352
12008	311
12009	333
12010	365
12011	383
12012	336
12013	357
12014	301
12015	365
12016	394
12017	327
12018	357
12019	342
12020	384
12021	339
12022	385
12023	351
12024	363
12025	368
12026	349
12027	405
12028	299
12029	372
12030	386
12031	398
12032	360
12033	346
12034	382
12035	395
12036	394
12037	387
12038	383
12039	388
12040	365
12041	390
12042	364
12043	341
12044	359
12045	359
12046	338
12047	324
12048	317
12049	352
12050	354
12051	342
12052	341
12053	313
12054	291
12055	328
12056	316
12057	396
12058	369
12059	316
12060	345
12061	328
12062	308
12063	367
12064	381
12065	373
12066	333
12067	348
12068	325
12069	357
12070	367
12071	325
12072	337
12073	315
12074	323
12075	351
12076	359
12077	314
12078	308
12079	357
12080	308
12081	354
12082	297
12083	328
12084	305
12085	317
12086	328
12087	298
12088	338
12089	316
12090	383
12091	391
12092	384
12093	330
12094	337
12095	349
12096	335
12097	328
12098	337
12099	374
12100	351
12101	330
12102	441
12103	309
12104	335
12105	308
12106	370
12107	362
12108	388
12109	387
12110	353
12111	363
12112	308
12113	381
12114	341
12115	324
12116	362
12117	369
12118	365
12119	394
12120	378
12121	351
12122	348
12123	351
12124	360
12125	346
12126	333
12127	323
12128	342
12129	366
12130	333
12131	322
12132	375
12133	361
12134	388
12135	387
12136	350
12137	359
12138	343
12139	331
12140	356
12141	379
12142	337
12143	358
12144	330
12145	325
12146	347
12147	332
12148	347
12149	363
12150	367
12151	376
12152	372
12153	345
12154	358
12155	333
12156	300
12157	346
12158	347
12159	338
12160	366
12161	341
12162	364
12163	347
12164	378
12165	357
12166	354
12167	372
12168	351
12169	354
12170	450
12171	382
12172	325
12173	371
12174	352
12175	370
12176	415
12177	386
12178	363
12179	337
12180	370
12181	368
12182	371
12183	334
12184	357
12185	364
12186	404
12187	341
12188	357
12189	329
12190	375
12191	357
12192	357
12193	381
12194	361
12195	381
12196	391
12197	381
12198	371
12199	357
12200	402
12201	363
12202	372
12203	381
12204	316
12205	327
12206	325
12207	346
12208	388
12209	402
12210	367
12211	317
12212	304
12213	366
12214	379
12215	371
12216	371
12217	374
12218	332
12219	406
12220	364
12221	344
12222	375
12223	352
12224	363
12225	328
12226	387
12227	362
12228	338
12229	396
12230	320
12231	363
12232	328
12233	376
12234	358
12235	344
12236	319
12237	330
12238	324
12239	377
12240	348
12241	376
12242	372
12243	361
12244	374
12245	352
12246	358
12247	317
12248	359
12249	376
12250	348
12251	352
12252	386
12253	399
12254	381
12255	339
12256	371
12257	380
12258	390
12259	362
12260	340
12261	375
12262	390
12263	344
12264	385
12265	395
12266	376
12267	350
12268	379
12269	339
12270	321
12271	326
12272	366
12273	396
12274	359
12275	424
12276	403
12277	422
12278	395
12279	381
12280	366
12281	456
12282	457
12283	369
12284	394
12285	368
12286	410
12287	440
12288	391
12289	382
12290	408
12291	407
12292	384
12293	421
12294	384
12295	408
12296	344
12297	422
12298	385
12299	384
12300	374
12301	391
12302	400
12303	425
12304	457
12305	426
12306	405
12307	415
12308	393
12309	457
12310	384
12311	382
12312	366
12313	407
12314	454
12315	375
12316	398
12317	410
12318	406
12319	338
12320	393
12321	385
12322	422
12323	392
12324	418
12325	400
12326	412
12327	412
12328	416
12329	427
12330	481
12331	352
12332	426
12333	397
12334	439
12335	452
12336	401
12337	433
12338	440
12339	416
12340	401
12341	411
12342	378
12343	424
12344	415
12345	421
12346	419
12347	432
12348	446
12349	409
12350	439
12351	453
12352	427
12353	394
12354	440
12355	387
12356	404
12357	363
12358	383
12359	421
12360	374
12361	404
12362	397
12363	388
12364	354
12365	434
12366	388
12367	393
12368	372
12369	323
12370	397
12371	384
12372	371
12373	381
12374	397
12375	416
12376	362
12377	363
12378	369
12379	418
12380	358
12381	386
12382	382
12383	413
12384	383
12385	331
12386	409
12387	423
12388	356
12389	382
12390	392
12391	365
12392	340
12393	376
12394	359
12395	336
12396	317
12397	354
12398	415
12399	402
12400	326
12401	356
12402	343
12403	387
12404	384
12405	369
12406	399
12407	380
12408	390
12409	355
12410	339
12411	326
12412	368
12413	325
12414	348
12415	327
12416	319
12417	357
12418	370
12419	365
12420	359
12421	337
12422	364
12423	340
12424	359
12425	371
12426	359
12427	329
12428	336
12429	343
12430	354
12431	352
12432	349
12433	305
12434	374
12435	323
12436	361
12437	349
12438	431
12439	357
12440	382
12441	392
12442	411
12443	342
12444	358
12445	414
12446	435
12447	383
12448	363
12449	413
12450	371
12451	336
12452	347
12453	376
12454	379
12455	345
12456	363
12457	349
12458	294
12459	292
12460	374
12461	405
12462	337
12463	300
12464	347
12465	357
12466	327
12467	363
12468	362
12469	349
12470	342
12471	388
12472	364
12473	334
12474	314
12475	398
12476	304
12477	332
12478	353
12479	320
12480	356
12481	304
12482	340
12483	348
12484	410
12485	386
12486	357
12487	381
12488	359
12489	387
12490	361
12491	412
12492	368
12493	371
12494	362
12495	346
12496	339
12497	314
12498	301
12499	319
12500	359
12501	340
12502	380
12503	362
12504	333
12505	343
12506	308
12507	300
12508	352
12509	337
12510	348
12511	328
12512	327
12513	308
12514	330
12515	352
12516	332
12517	349
12518	348
12519	357
12520	349
12521	354
12522	342
12523	329
12524	327
12525	344
12526	340
12527	330
12528	337
12529	344
12530	341
12531	352
12532	313
12533	342
12534	342
12535	358
12536	293
12537	313
12538	312
12539	314
12540	367
12541	317
12542	321
12543	299
12544	353
12545	335
12546	341
12547	326
12548	305
12549	312
12550	343
12551	331
12552	327
12553	294
12554	357
12555	307
12556	316
12557	319
12558	347
12559	346
12560	337
12561	322
12562	294
12563	304
12564	338
12565	321
12566	289
12567	345
12568	320
12569	317
12570	293
12571	346
12572	304
12573	316
12574	349
12575	290
12576	383
12577	336
12578	343
12579	306
12580	342
12581	358
12582	312
12583	271
12584	387
12585	370
12586	312
12587	285
12588	340
12589	340
12590	336
12591	317
12592	320
12593	326
12594	316
12595	315
12596	363
12597	314
12598	347
12599	324
12600	319
12601	292
12602	337
12603	309
12604	344
12605	351
12606	269
12607	329
12608	314
12609	332
12610	332
12611	302
12612	326
12613	283
12614	329
12615	321
12616	327
12617	311
12618	322
12619	341
12620	336
12621	333
12622	299
12623	333
12624	326
12625	267
12626	333
12627	319
12628	372
12629	315
12630	288
12631	320
12632	330
12633	304
12634	313
12635	331
12636	343
12637	327
12638	369
12639	299
12640	336
12641	341
12642	298
12643	292
12644	316
12645	302
12646	332
12647	338
12648	300
12649	362
12650	319
12651	364
12652	300
12653	266
12654	282
12655	341
12656	308
12657	344
12658	346
12659	330
12660	292
12661	345
12662	329
12663	291
12664	312
12665	318
12666	326
12667	283
12668	345
12669	319
12670	297
12671	332
12672	348
12673	299
12674	309
12675	304
12676	335
12677	339
12678	316
12679	305
12680	315
12681	364
12682	332
12683	291
12684	321
12685	338
12686	400
12687	317
12688	306
12689	290
12690	323
12691	320
12692	310
12693	323
12694	335
12695	317
12696	348
12697	335
12698	348
12699	341
12700	314
12701	290
12702	317
12703	310
12704	379
12705	334
12706	340
12707	314
12708	355
12709	364
12710	333
12711	324
12712	338
12713	324
12714	311
12715	314
12716	333
12717	347
12718	326
12719	312
12720	324
12721	293
12722	351
12723	351
12724	390
12725	350
12726	325
12727	317
12728	348
12729	329
12730	305
12731	319
12732	309
12733	311
12734	335
12735	361
12736	310
12737	342
12738	377
12739	340
12740	367
12741	380
12742	363
12743	302
12744	330
12745	369
12746	329
12747	336
12748	394
12749	368
12750	343
12751	287
12752	320
12753	311
12754	295
12755	311
12756	285
12757	369
12758	375
12759	368
12760	404
12761	396
12762	466
12763	422
12764	519
12765	410
12766	381
12767	406
12768	417
12769	485
12770	376
12771	401
12772	413
12773	371
12774	421
12775	347
12776	340
12777	411
12778	400
12779	329
12780	376
12781	383
12782	384
12783	368
12784	426
12785	358
12786	402
12787	374
12788	384
12789	317
12790	373
12791	387
12792	369
12793	313
12794	372
12795	382
12796	358
12797	329
12798	345
12799	331
12800	351
12801	352
12802	322
12803	327
12804	339
12805	337
12806	317
12807	323
12808	357
12809	345
12810	342
12811	341
12812	342
12813	342
12814	308
12815	364
12816	339
12817	335
12818	367
12819	344
12820	319
12821	343
12822	350
12823	343
12824	363
12825	345
12826	342
12827	360
12828	335
12829	367
12830	361
12831	425
12832	393
12833	446
12834	364
12835	413
12836	357
12837	327
12838	392
12839	354
12840	403
12841	395
12842	403
12843	366
12844	404
12845	341
12846	402
12847	329
12848	319
12849	348
12850	358
12851	319
12852	364
12853	320
12854	388
12855	389
12856	329
12857	363
12858	379
12859	360
12860	376
12861	309
12862	395
12863	394
12864	388
12865	377
12866	344
12867	385
12868	353
12869	349
12870	343
12871	355
12872	344
12873	352
12874	346
12875	367
12876	384
12877	408
12878	408
12879	419
12880	373
12881	421
12882	414
12883	358
12884	352
12885	385
12886	373
12887	410
12888	408
12889	399
12890	447
12891	383
12892	451
12893	364
12894	399
12895	343
12896	386
12897	438
12898	418
12899	411
12900	406
12901	351
12902	405
12903	352
12904	383
12905	375
12906	375
12907	364
12908	353
12909	334
12910	384
12911	398
12912	334
12913	326
12914	328
12915	318
12916	299
12917	372
12918	333
12919	334
12920	358
12921	348
12922	331
12923	342
12924	320
12925	334
12926	367
12927	355
12928	292
12929	300
12930	341
12931	322
12932	330
12933	345
12934	337
12935	347
12936	329
12937	357
12938	276
12939	318
12940	345
12941	319
12942	377
12943	372
12944	335
12945	371
12946	358
12947	357
12948	371
12949	388
12950	374
12951	363
12952	343
12953	338
12954	341
12955	327
12956	360
12957	412
12958	331
12959	397
12960	384
12961	361
12962	332
12963	362
12964	394
12965	308
12966	348
12967	334
12968	311
12969	282
12970	308
12971	346
12972	339
12973	328
12974	320
12975	366
12976	360
12977	300
12978	336
12979	309
12980	343
12981	324
12982	312
12983	461
12984	382
12985	382
12986	312
12987	395
12988	392
12989	467
12990	391
12991	367
12992	421
12993	449
12994	409
12995	397
12996	493
12997	407
12998	461
12999	404
13000	365
13001	440
13002	383
13003	418
13004	410
13005	385
13006	351
13007	404
13008	356
13009	396
13010	364
13011	316
13012	383
13013	353
13014	386
13015	329
13016	329
13017	348
13018	325
13019	315
13020	356
13021	339
13022	341
13023	325
13024	355
13025	318
13026	334
13027	340
13028	342
13029	308
13030	340
13031	326
13032	366
13033	368
13034	376
13035	374
13036	346
13037	338
13038	386
13039	365
13040	338
13041	360
13042	318
13043	364
13044	345
13045	356
13046	430
13047	353
13048	344
13049	328
13050	386
13051	369
13052	357
13053	383
13054	358
13055	389
13056	370
13057	307
13058	397
13059	363
13060	358
13061	399
13062	357
13063	339
13064	386
13065	344
13066	316
13067	379
13068	337
13069	359
13070	373
13071	384
13072	340
13073	379
13074	396
13075	330
13076	349
13077	360
13078	416
13079	350
13080	331
13081	311
13082	326
13083	369
13084	311
13085	340
13086	321
13087	334
13088	317
13089	307
13090	318
13091	313
13092	335
13093	299
13094	323
13095	329
13096	321
13097	323
13098	303
13099	306
13100	361
13101	311
13102	306
13103	326
13104	309
13105	291
13106	333
13107	335
13108	339
13109	351
13110	317
13111	353
13112	321
13113	344
13114	304
13115	350
13116	291
13117	350
13118	311
13119	326
13120	293
13121	333
13122	362
13123	323
13124	370
13125	279
13126	328
13127	297
13128	332
13129	313
13130	302
13131	311
13132	363
13133	348
13134	359
13135	345
13136	354
13137	355
13138	294
13139	295
13140	307
13141	341
13142	339
13143	323
13144	309
13145	341
13146	320
13147	293
13148	334
13149	339
13150	353
13151	329
13152	339
13153	303
13154	318
13155	309
13156	327
13157	343
13158	363
13159	324
13160	300
13161	282
13162	356
13163	397
13164	330
13165	276
13166	363
13167	322
13168	383
13169	368
13170	337
13171	344
13172	334
13173	402
13174	362
13175	334
13176	394
13177	367
13178	342
13179	358
13180	372
13181	320
13182	346
13183	334
13184	357
13185	342
13186	310
13187	350
13188	323
13189	309
13190	313
13191	290
13192	328
13193	314
13194	330
13195	314
13196	346
13197	323

