"sample_id","ACC","BLCA","BRCA","CESC","CHOL","COAD","DLBC","ESCA","GBM","HNSC","KICH","KIRC","KIRP","LAML","LGG","LIHC","LUAD","LUSC","MESO","OV","PAAD","PCPG","PRAD","READ","SARC","SKCM","STAD","TGCT","THCA","THYM","UCEC","UCS","UVM"
"NG-A2798_CCLF_PEDS_0051_T_libLAI2540",0.446782766455131,0.432496647068359,0.477448871274328,0.359596542325626,0.417172534767974,0.301036172424619,-0.00316595474848715,0.439814316082896,0.359916168093091,0.404169372001398,0.396175607108958,0.441827576341019,0.418732451049776,-0.00999532616460265,0.306633969269043,0.30045660646214,0.400937806182315,0.409399859090432,0.546276692381341,0.39116625715437,0.457645552852179,0.36625743749961,0.455424519224176,0.308004915227718,0.569450666685708,0.413122889980699,0.364970056907844,0.244739421694256,0.457391016717273,0.211983251846854,0.408337970230797,0.469791805276109,0.382726293804782
"NG-A0611_CHP126_libLAB6088",0.461726749371603,0.312406390830575,0.428483951892674,0.24587523280116,0.334594554165542,0.219287950878468,0.19159904572195,0.315871964224324,0.541213654497462,0.276375206610495,0.366549222477656,0.380924489803366,0.348772822433276,0.113218122773278,0.576915784479682,0.274193760855422,0.304672995515534,0.33045714235415,0.434227503501962,0.40380877285878,0.362971623895287,0.604629392747437,0.442877279838194,0.230919790923687,0.56189884279699,0.446157926100996,0.291749146952025,0.42765083029196,0.382595606738555,0.315740070249759,0.402611871745931,0.59024991687202,0.465324875389962
"NG-A0611_CHP134_libLAB6074",0.494823485062032,0.31449306362984,0.455474430158649,0.258088176103747,0.318162208497955,0.217244831738092,0.170600776260745,0.326923968350562,0.557303887371074,0.297433929262677,0.375017015255531,0.395657039497394,0.343264046397989,0.0935188141219711,0.582652384240408,0.263108770337584,0.302853838982134,0.3445664437375,0.455170928167777,0.394966181879653,0.355853561390066,0.585074959874988,0.458119966740016,0.230374098485863,0.617540304033065,0.470021263291995,0.290266780649482,0.449107601476102,0.393246259992697,0.303115299554483,0.419301666543291,0.639504708091578,0.486024123319801
"NG-A0611_GIMEN_libLAB6073",0.424520476536587,0.394506581359028,0.441094908839347,0.331501889124396,0.363069479603556,0.26249632669595,0.0685042206420873,0.397513864487056,0.413367740157136,0.378855857439997,0.343540996048106,0.383231877870614,0.365785083253812,0.0414665843721089,0.361255140089706,0.271398046489623,0.343967527710085,0.385172077388534,0.44428405811537,0.369485114026178,0.395728981088153,0.387827085110104,0.386441560484923,0.266718752115308,0.554580563816715,0.45021240694367,0.322292860682404,0.277769543747144,0.370809895301816,0.209173627508772,0.376886696196145,0.491848118234274,0.367960666391816
"NG-A0611_IMR32_libLAB6079",0.504914886188731,0.314808801523259,0.47593724989506,0.236035511509303,0.332294533004026,0.214344515034591,0.166192054111551,0.315502866131999,0.596344157983134,0.281597893734648,0.394533137404418,0.413688280576167,0.356354359675665,0.102775632825809,0.619952183434789,0.264799032759855,0.307680104381932,0.335909689105787,0.475688885880057,0.412260805077892,0.366375992221234,0.626291350168024,0.484261714352066,0.228180826681355,0.650613778020576,0.476281620470937,0.28594043864417,0.457435063583749,0.419751735589414,0.323640613194124,0.423656581181891,0.654791102475396,0.511736294057887
"NG-A0611_KELLY_libLAB6075",0.481236774523616,0.313730781964967,0.454608478642784,0.249481799741973,0.314899341458118,0.214490883995771,0.174302092575151,0.305563688954316,0.543895677726469,0.280604452795317,0.369012657001953,0.385552985522716,0.346425682805342,0.103286592539465,0.566084332389612,0.254961310374577,0.299499957280482,0.329938309758541,0.43788724723249,0.40598697811966,0.353025328859444,0.623442806503294,0.441771033278762,0.227657332707779,0.588963145543042,0.453298951232958,0.276439990738728,0.423453754657553,0.389621736606356,0.326227775055254,0.418149969340803,0.616482034429015,0.467909852320872
"NG-A0611_LAN1_libLAB6085",0.509071960239026,0.331039699611934,0.459905615086803,0.254785024518221,0.327808912177402,0.220270883450989,0.206745106258639,0.322093777109543,0.585619510334956,0.289438859649934,0.37842473262254,0.393819112015957,0.34743845647667,0.151276055983875,0.614571741910184,0.274786865412611,0.315230147305191,0.340360691027614,0.467580158192957,0.418480329511488,0.361227008537916,0.62828264465732,0.484639676360578,0.232991092590013,0.613724476345017,0.475672044207147,0.294207673144434,0.46472342386344,0.40508047957218,0.338036551633113,0.425767079851773,0.629432536663906,0.511774045340165
"NG-A0611_LAN2_libLAB6083",0.46740627201812,0.293151721072939,0.42740516233583,0.220270978226681,0.296243815751366,0.195268562966409,0.166852412644809,0.284058164336468,0.538550990330268,0.246918093658804,0.375231585190181,0.376348791770813,0.339506524293389,0.0856954361306366,0.57266462370432,0.240466181967184,0.282404382702311,0.307660551039168,0.414120112541499,0.390179127894761,0.33193342093285,0.59470281296423,0.430380919997892,0.206172386761861,0.572508372742076,0.437842364202564,0.262296767870324,0.401206170282653,0.387421294499399,0.298011458221113,0.394931572261823,0.586599546764827,0.445182031646739
"NG-A0611_LAN5_libLAB6087",0.520623752403497,0.33199925144793,0.469964943178592,0.25109278354765,0.351667146070586,0.233435068540306,0.19704304348639,0.326110162154661,0.581144935933081,0.287949893453406,0.39775258555715,0.412302371077258,0.362284447524408,0.135389712061576,0.599765694281173,0.28814818835932,0.319355588950912,0.338237187677363,0.481734733972937,0.414494406864459,0.389137950330807,0.655128446871483,0.487206425802726,0.24556438357839,0.635570327973258,0.485772902377743,0.30655244451821,0.46775109137128,0.420868009199943,0.329936993651611,0.422920285991603,0.623039073338219,0.507294696419697
"NG-A0611_LAN6_libLAB6089",0.501590875818177,0.334701345784607,0.471174795073471,0.263177527732708,0.364928325289929,0.244434237400028,0.201063369272403,0.317577188453589,0.529143594491655,0.272688072993107,0.397952942140939,0.401797058829972,0.374220814288314,0.138544003495174,0.545694447562004,0.307152112007346,0.34571267597042,0.333043698720525,0.440216152275308,0.422874002121451,0.39881862448591,0.665410923761063,0.464378443257576,0.255599313269074,0.562483764565074,0.454054883666801,0.310582586366236,0.415724970311084,0.42659855750239,0.327658757938832,0.431778949630204,0.569011766790851,0.478506276046231
"NG-A0611_LS_libLAB6078",0.490657400133236,0.357966127362247,0.499357429805103,0.282606869689746,0.384358040353816,0.261762091152987,0.103531949622599,0.369880659883196,0.528243365414285,0.316400156839011,0.420589879069254,0.448331912076666,0.395234109333508,0.0546998980019916,0.518628067280838,0.303732345252938,0.348883953618523,0.372551648508942,0.481717580736876,0.426135602259739,0.408597450996384,0.545357702160705,0.485340239375299,0.272491354551594,0.645991740592847,0.48976675322666,0.335667816733412,0.408207786845202,0.440496370218994,0.290491415149076,0.456367584069848,0.64626845207478,0.484811924769138
"NG-A0611_MHHNB11_libLAB6084",0.508769707144622,0.338508316526249,0.463233540154246,0.258846647990331,0.35761730236776,0.235200199108608,0.216146338693704,0.314889078223859,0.570573389183397,0.276040022564876,0.383667287124031,0.408699622645076,0.374951898270637,0.155415416639553,0.579202696506215,0.295406851647909,0.327540544643808,0.335205091975884,0.469255764865234,0.426474604646159,0.384152267976944,0.662822505077264,0.470224941511336,0.248910555885649,0.618921283875528,0.48214190663946,0.302389855010138,0.455381789069323,0.408787055638179,0.342597900753,0.432360390996648,0.626245932169133,0.508354662187072
"NG-A0611_NBLS_libLAB6077",0.476428701087619,0.329050554013525,0.45797039860021,0.249370226767447,0.359241382100371,0.232517274790391,0.178189890470758,0.318905380485378,0.539173900654985,0.284693990673656,0.388248115798825,0.403119282940968,0.373084273681628,0.0963896394419267,0.558950836709061,0.288809265694599,0.330715355180743,0.341565178262936,0.445811700785838,0.416655758872947,0.399651037271705,0.639012373802495,0.457669138220846,0.246568977885451,0.577073145573584,0.449136893533851,0.301304969613773,0.433345126329184,0.412249506922166,0.313098055510076,0.429230922220218,0.596591839005452,0.480400341916301
"NG-A0611_NGP_libLAB6082",0.439092942606075,0.295258588563102,0.416887413034052,0.220644528935147,0.291769225400747,0.200849599837676,0.138605103641302,0.30584653249849,0.534833982152961,0.274908387605341,0.347633097125352,0.354686324676649,0.300878192244786,0.0575796288111757,0.548199504703358,0.239178432925845,0.267320277734831,0.314571977823361,0.425122825711691,0.357348076517262,0.3375872356769,0.560136464225728,0.429979129982683,0.212644789997703,0.58064576706536,0.423285789407602,0.268146893060164,0.386242207909249,0.344318613833744,0.270902954203884,0.383510545829377,0.589032883435758,0.413176121587021
"NG-A0611_NMB_libLAB6080",0.478936433541033,0.319007598967542,0.443884832676456,0.24314423258783,0.330961336831077,0.232290380574951,0.186964202024141,0.313646581281795,0.532794650469943,0.270127527303447,0.372069232785907,0.382399405035609,0.343154209086839,0.103155143634271,0.564254023962416,0.280395718918479,0.305082238853392,0.332211365738813,0.436371248562997,0.400839874852074,0.361841052550493,0.603279850781082,0.458635542491839,0.245561125369647,0.569590693284577,0.450793309139886,0.296525526248137,0.435592301791893,0.378107125085908,0.306025931777197,0.416612525765186,0.609994008196415,0.465032382301956
"NG-A0611_SHSY5Y_libLAB6081",0.516043015076993,0.376581002340043,0.52013646850227,0.297371281192023,0.408933134637686,0.265919098592646,0.141197228411218,0.347235487286513,0.544898503663142,0.319214618078937,0.43000241156117,0.458448558949419,0.409992479832367,0.0575940271418096,0.546360984068103,0.317865318506523,0.371523215840299,0.362228931912568,0.498523090276145,0.448375398027244,0.438581317892682,0.609612777459846,0.506437142157228,0.281247639675267,0.643227103459297,0.492943295988476,0.332009879868788,0.422100933049702,0.458952410907611,0.300574248178047,0.477195663413028,0.644765953269649,0.507906244230918
"NG-A0611_SIMA_libLAB6086",0.483237015207807,0.344556712533336,0.460814918485372,0.263786503137629,0.363418646559104,0.265674385603911,0.215545575070722,0.325369584014664,0.517631297015661,0.280113334116737,0.394377808366851,0.393013387501869,0.369429010944836,0.135614783240698,0.54173484597439,0.288427035121331,0.34956740845288,0.33692487024454,0.449599011443872,0.421714165136201,0.417286562736092,0.64229262895884,0.467091897059408,0.279336345046415,0.555852704905995,0.445713642627302,0.324906670006046,0.447790971815872,0.42316317701482,0.340269838231594,0.439228830202376,0.584216803722264,0.490191755445945
"NG-A0611_SKNBE2_libLAB6076",0.48385372360939,0.349569207403116,0.457071901803056,0.283826711584704,0.371782990591202,0.253217485025591,0.155419446298227,0.356129110696299,0.495846337322944,0.314328889655484,0.377991776814642,0.427290565268415,0.364375636604453,0.0914779245841772,0.486293990859411,0.303919733241234,0.347242845600712,0.350857913569279,0.453473934787121,0.414689064938395,0.399021823521079,0.608793567255164,0.43351756835759,0.263938561530194,0.594851547794237,0.481144091427649,0.332724303033279,0.405727143273775,0.404466245422395,0.288683550717873,0.428580113879371,0.591686338820087,0.466089744944878
"NG-29643_CAL_120_lib581301_8005_3",0.40692920702141,0.545787895589131,0.529367170011835,0.514982420975528,0.464778284074698,0.40018815051433,0.0688754224373068,0.536598352450487,0.306323472346175,0.503936986199757,0.425250123395996,0.40323635963169,0.433022983990211,0.0268491743533951,0.265546400546929,0.319767214532329,0.45674202563234,0.492682065250568,0.478144789789518,0.470426870284575,0.517200369575896,0.321737440046305,0.47306673659092,0.404927557720641,0.470563143947718,0.417447895047151,0.445679750595208,0.288595937578199,0.466297878464788,0.251636026874022,0.49514545854931,0.495701814650768,0.387713887659755
"NG-29643_CAL_148_lib581302_7997_4",0.328990476846356,0.560157768396697,0.639115479361744,0.565968964842165,0.489176522723738,0.464276763816289,0.0965914027424873,0.560119345629973,0.241193456689965,0.48838630826954,0.484154272301799,0.398563240070585,0.446380704850592,0.0604558178012563,0.227768267253265,0.339961319632966,0.546751835383234,0.505490796628478,0.379215832484411,0.503958030205444,0.538926439125149,0.256305784122913,0.551413524571239,0.466725284250579,0.350026707815128,0.328446150949395,0.493561307385606,0.271390251602222,0.486272695491987,0.26939218573689,0.580008999387254,0.452346071874019,0.345619737317898
"NG-29643_CAL_51_lib581295_7997_4",0.381362855794407,0.48167070171432,0.47724910199748,0.462139034769591,0.515711686845288,0.444881197992062,0.0528186728757907,0.513235893994329,0.284402023397098,0.417949911107119,0.489463163743367,0.509893104678538,0.53285912020177,0.00422481435401778,0.248164308307989,0.378575867066226,0.448795980150791,0.442123847922193,0.437381072135981,0.495355679179345,0.525539036174628,0.278125987600854,0.450596404745183,0.451664047351644,0.442957934106599,0.372624307021132,0.478954228559356,0.309691083861943,0.445467707355617,0.209518601661931,0.5912968242844,0.56328884119546,0.363954592151068
"NG-29643_CAL_85_1_lib581300_7997_4",0.25200746503861,0.60099972474167,0.505429535221761,0.595014097237653,0.446288392447096,0.452310231664508,0.00597779307894133,0.612749078016082,0.14431639060586,0.575345333419418,0.366487970074914,0.316489739416154,0.368246918695909,-0.0232873882731733,0.0933213376147731,0.264822945753802,0.499095885386536,0.538694273267234,0.357146380129162,0.436116143945316,0.547685376980667,0.141830789478467,0.410802049918616,0.453437233070961,0.30018171077219,0.309997041410627,0.482713554156616,0.182911045620181,0.421387495441985,0.184625255816555,0.480013648842374,0.357440890158101,0.243167805107561
"NG-29643_COLO_824_lib581290_7997_4",0.3566072753531,0.502657907157749,0.563975186798178,0.507998985198436,0.454012428842567,0.393997164078174,0.0945256985018528,0.527496036222192,0.320221729806096,0.472731054258653,0.43892503242982,0.38592857968856,0.417272201067479,0.0498925527627575,0.310376069434432,0.312305688198422,0.456451312983998,0.485364256437323,0.411238946409493,0.497606988816466,0.47607435536831,0.313973063659785,0.510241072258157,0.399724605938413,0.421713603834107,0.388647837295895,0.439809777495113,0.285862797658895,0.470524738310349,0.29289056142601,0.529530572735042,0.49969786761135,0.390553863253033
"NG-29643_DU_4475_lib581298_7997_4",0.334958110417251,0.471504482773986,0.479818974878173,0.485605093181064,0.477741464629745,0.514040812727684,0.190599875804991,0.517271136464637,0.254505863444408,0.425175910686742,0.398925202740659,0.360321157868957,0.387319231484291,0.113967651771931,0.247727134984636,0.361463995784143,0.453761184354507,0.426427940428457,0.353364971026539,0.426898430395635,0.520037201499006,0.294051967645965,0.426012473718858,0.514683853930051,0.315370032027139,0.355897235476446,0.498005085353925,0.276243580039041,0.40111031871773,0.271031773818861,0.504937947981034,0.416910779739476,0.335051612752144
"NG-29643_EFM_19_lib581291_7997_4",0.290270050996719,0.557405296592663,0.615290804400657,0.538019339775347,0.457699637586456,0.440282165888985,0.101718218723772,0.53211049507699,0.165800227825819,0.473877293960941,0.397746511411236,0.331153312572487,0.374488399525944,0.0502746625155562,0.151943366055282,0.336880325865513,0.507162511805646,0.475346545372941,0.365075759772528,0.496193107507127,0.510353618564453,0.205531737301426,0.49214664874516,0.451150032325644,0.294450702196302,0.292641056836611,0.477775417880212,0.291122349451429,0.448063057909114,0.251297903929574,0.544411477796226,0.41904136296675,0.32683618922394
"NG-29643_EFM_192A_lib581292_7997_4",0.307043517472841,0.598975079451648,0.618815309209002,0.59224259640436,0.518992657210853,0.499097770642894,0.0887771587626688,0.575454425120137,0.138678386074478,0.505525387762309,0.454258471646895,0.380623194696729,0.432987758232394,0.0409877423748426,0.116540180996912,0.371875869468364,0.571681264652144,0.50432143727361,0.363406458827758,0.511995452212317,0.57075195937678,0.177637664845536,0.521411352789331,0.504794586188507,0.284745468140125,0.291139335963834,0.527497398043561,0.25842041763217,0.484559933442011,0.238125572795676,0.584810209179036,0.404973624353107,0.310022857559117
"NG-29643_EFM_192B_lib581293_7997_4",0.317096580340466,0.591477461670476,0.62350194807773,0.584943360643505,0.506873815839747,0.479246275531762,0.0727830935210228,0.576352912668329,0.173123354039909,0.519671908071432,0.451169274758729,0.375753465187858,0.418756853781672,0.0109603493878326,0.154912913768246,0.359755892438305,0.555042831316735,0.515353396841569,0.391582483623645,0.521948908448996,0.568135214194406,0.213408269322997,0.531452095228769,0.488567073251452,0.325335990776862,0.306286926519455,0.519998612795919,0.284430657562463,0.483956477786362,0.238271230545379,0.58179288607465,0.441706043519634,0.339201959290678
"NG-29643_EFM_192C_lib581294_7997_4",0.334593827695099,0.562660444544761,0.654860178202888,0.551628889817488,0.495018906250673,0.468101209778487,0.117573590752135,0.539251540212206,0.195875570539967,0.468615613821227,0.46865682683102,0.381987459344323,0.430426608246862,0.086959429140489,0.186924586234277,0.365696054679446,0.533255062248356,0.473969715137076,0.372174742415545,0.514315522455189,0.528817844489803,0.238301511461702,0.563105937332468,0.473838203249384,0.321642205131391,0.304112643306538,0.497643559722892,0.284585481425042,0.487323002555391,0.283203898989109,0.583530811091025,0.434566064125935,0.352564994486644
"NG-29643_ETCC_006_lib581311_8005_3",0.400673603901614,0.447852229261576,0.47075196839234,0.421576274156807,0.375476860227402,0.318630008005956,0.0345754032704287,0.4828690695518,0.350638511851741,0.478076037459589,0.349233486398194,0.38169892733013,0.37076476194269,-0.0193253658196114,0.292348129710906,0.249137386506927,0.370734252830756,0.446010170801613,0.479655914283289,0.36964968896889,0.433653669960678,0.333221073655398,0.392133067399246,0.319389544643071,0.544002583466094,0.436208191066861,0.369083926684574,0.237498147289138,0.389199067716698,0.203751379615606,0.38750944733297,0.467276205892163,0.338472090183867
"NG-29643_ETCC_007_lib581312_7997_4",0.418392430342987,0.475782063641998,0.49276461508008,0.445450736912283,0.437976975518614,0.351111062628627,0.0309206329068876,0.504576958602917,0.334994428816681,0.477416077239652,0.381234511933934,0.4183975024109,0.431916573258941,-0.0125383305157645,0.291717860696644,0.308832738054802,0.415308650231175,0.455312054798808,0.508078486286137,0.403365066830063,0.474716107079029,0.335055192598864,0.429330354334226,0.35276707643946,0.517128471208825,0.428356014793644,0.403808976032108,0.236488999492045,0.419965172816118,0.211107618048738,0.428529311125085,0.457307484556875,0.36592568337097
"NG-29643_EVSA_T_lib581299_7997_4",0.300545716099562,0.547442958789989,0.599216657473351,0.538758124410682,0.452053536162372,0.474717642320559,0.115434704335371,0.547918061859597,0.17605510827268,0.458763139734172,0.431135860537753,0.351179036654108,0.392396046465066,0.094702670520046,0.167271926690667,0.34212736654301,0.511556523978995,0.474885706500077,0.329924463335237,0.476955136863828,0.491676153419609,0.202453861457528,0.536234040078164,0.477012312065745,0.288474040781012,0.308599631069677,0.497095118563349,0.265178818221895,0.426658485473713,0.258706149372719,0.540561832281046,0.407715977095228,0.316659165018342
"NG-29643_HCC_1143_lib581306_7997_4",0.312147358958382,0.568938181217102,0.56780509828232,0.616378426447079,0.474251779410966,0.465792303181858,0.0607498262039484,0.620710275923214,0.215034912351456,0.597176878495183,0.390189920752426,0.358700946264368,0.3946761105542,0.00287137555039782,0.186560809750436,0.290921109278474,0.517179772200338,0.570598122781038,0.41659325160427,0.49948990375257,0.562112971750272,0.217479377709155,0.476093367020815,0.469478017803599,0.373595952162699,0.368975807820005,0.498244723262722,0.261313398715982,0.464038678795226,0.245088631764868,0.551364570295677,0.472358594005117,0.325571704617085
"NG-29643_HCC_1599_lib581304_7997_4",0.337810009979571,0.525312740903296,0.595531881172123,0.537511333410559,0.471453880521654,0.422786784273302,0.0498929751752756,0.558247862156058,0.27103532411987,0.506363450164113,0.442874523129808,0.409562734660636,0.438874753719211,-0.00297687413705659,0.261165978412177,0.304930907123476,0.493955608091347,0.51566798332038,0.400344593793324,0.515180922430837,0.523706444602382,0.254330663669988,0.532345637029963,0.430380834729104,0.396569483425259,0.352808840481515,0.459414678841975,0.261738362010616,0.487310716989155,0.257380052846096,0.560155029534986,0.496158297302676,0.35696556350697
"NG-29643_HCC_1937_lib581305_7997_4",0.268337419776718,0.620915106887068,0.533469435797513,0.641847764199354,0.494957767023271,0.492589632414579,0.0428269414356197,0.62449275342445,0.125545193763503,0.581219486604963,0.386543985810711,0.340657636671903,0.400431403342537,0.00408148186469502,0.0839704530675863,0.327315072624852,0.527108150044487,0.538021707841767,0.384328126004486,0.502217186208633,0.580450039964771,0.127899456833421,0.451073150931478,0.498884634068642,0.279318100494315,0.284203297450133,0.523583642337448,0.214410400686721,0.446908849557048,0.214975536080463,0.534250037314555,0.377191272335636,0.283445888987335
"NG-29643_HDQ_P1_lib581303_8005_3",0.30282938010369,0.632185799627248,0.527482644200158,0.611527078420573,0.480952855908438,0.474057354260263,0.0281958050380608,0.63595995789512,0.189686083659143,0.589792431798649,0.388045881936241,0.357952755590099,0.408393625788786,-0.0148498139417751,0.136684635173999,0.308284328051023,0.518983195835292,0.568687231791296,0.42502586730928,0.496643883930156,0.594378920123964,0.193496186722311,0.444462221352775,0.480422898736749,0.364485049558765,0.344765604346081,0.515171785862602,0.250137993390853,0.448952835016664,0.216273990160558,0.535327071194971,0.451947960695308,0.298980819077649
"NG-30919_HS_578T_B_lib628473_10098_2",0.443265576305655,0.437403219788673,0.486926833051192,0.373178090252812,0.407068315682902,0.313633064881812,0.0211662026314199,0.463328914182857,0.375974901602907,0.42580374466852,0.397614115778733,0.433339254222733,0.401290524400519,-0.0359376465530234,0.32950218509404,0.305069382245107,0.395374178482579,0.437984357602496,0.492578798151797,0.388723354800067,0.452115601828194,0.381747385676753,0.429934401867759,0.317530402652637,0.589782386203169,0.466087078230122,0.375486445499089,0.267020313361195,0.423967964463988,0.195809466992665,0.415442517699883,0.502970668366822,0.383747340943316
"NG-29643_IPH_926_lib581313_7997_4",0.308814639644196,0.583846575871529,0.631713525210337,0.571018485297027,0.482349126314995,0.472263625261089,0.141344995195025,0.544679876671558,0.179487836149851,0.471924666601103,0.456365824337435,0.389423793496392,0.439433471922668,0.129049747336462,0.149404441688912,0.354951768154518,0.539219522102113,0.484296870509084,0.361890454809455,0.510660785559785,0.508008613703584,0.204821885196451,0.530188947666761,0.475159089750605,0.291358314215694,0.307009392370081,0.498687175602214,0.25995092943002,0.45749709959085,0.286696887268636,0.564186422898825,0.39554009758821,0.337862665669883
"NG-29643_JIMT_1_B_lib581287_7997_4",0.359997387479279,0.598746971896053,0.528608290839896,0.560699442413013,0.458895142665001,0.418859295810032,0.0751875834602329,0.571256516400884,0.214421999438101,0.535872374693538,0.426209465819664,0.368478837361049,0.42691975879475,0.0463099842840378,0.182036511190498,0.304505605625823,0.483175654631019,0.513178846658428,0.44165717017887,0.490169549522415,0.52309646714336,0.249988218549504,0.465738683362922,0.423198090118389,0.377008206191672,0.357885363603782,0.461829143456751,0.283759942555204,0.471142930717334,0.250154546128043,0.526426546737595,0.445758194023606,0.339288868307019
"NG-29643_KPL_1_lib581296_7997_4",0.361148221663081,0.571535414723699,0.636877937505998,0.546618893584782,0.486215756462157,0.454214966952566,0.097493439495414,0.564368975864604,0.23128251058969,0.485321884977662,0.444164521970577,0.372204015580066,0.409557089428124,0.0431730972145133,0.220040697260448,0.339707460208391,0.529650412458414,0.499276597365371,0.385345731311223,0.496241194280413,0.528392603259307,0.266693976529142,0.548896657517113,0.458362291098762,0.348140568346039,0.330912615628293,0.49437263721455,0.267835423840344,0.484874394624232,0.25943697510285,0.556949181693738,0.453675938331102,0.341418758349119
"NG-29643_MCF_7_lib581315_7997_4",0.350430746517031,0.581700335473134,0.616777076764599,0.557109144184003,0.469733332444939,0.445092847841264,0.0798442844353717,0.568671843353783,0.217535159435418,0.5040103950664,0.43365885085628,0.370335335546774,0.402547258815874,0.0214160056338624,0.210189993913087,0.326738509063515,0.514795805757478,0.509603735628486,0.380421658682409,0.482790667487343,0.528067191529269,0.249029220328015,0.525270508060822,0.45047682083893,0.336177372032575,0.312528502994932,0.488253904390072,0.262643419031118,0.470515523269046,0.255609902100703,0.549623654908267,0.442620619570831,0.329755500259504
"NG-29643_MDA_MB_231_lib581314_8005_3",0.408597309336252,0.53877416086634,0.512230410173263,0.512017004022744,0.494808592310047,0.432114643799232,0.076504351092435,0.563358321158323,0.314216727604297,0.506080727020888,0.423497983646002,0.425148647946985,0.452009256097908,0.0602167703785415,0.257325566606585,0.359760169865037,0.526722690768905,0.50583565881736,0.486636379476315,0.444779981045809,0.534717573217962,0.306147990081011,0.446847055714566,0.430143996979842,0.478567695099328,0.438182505654507,0.48257450915372,0.268511615951175,0.475137207704598,0.249203091434898,0.489573389181395,0.466733551128371,0.379716103812618
"NG-29643_MDA_MB_453_lib581289_7997_4",0.326357000928835,0.549456156664938,0.634904427236712,0.543384526279374,0.481626097897024,0.450928354210383,0.150705067756661,0.537369233679544,0.204467313088503,0.455778433483863,0.430849702090964,0.35810824715925,0.403477889298788,0.127910644224178,0.196208554381022,0.350032440847799,0.512423109542134,0.469592669170793,0.374497470431486,0.496078223100539,0.497663770545094,0.242774414249255,0.528342778672765,0.45035534899567,0.319283060961435,0.312213164396136,0.489288409747415,0.269556789569245,0.455471949099291,0.288303409098137,0.543951141185316,0.423183888481204,0.320351379299231
"NG-30919_MDA_MB_468_B_lib628474_10098_2",0.290680433996614,0.584105047514013,0.561422006924023,0.60398914324676,0.485855620670926,0.455219290852647,0.0744475270048643,0.592543612185782,0.173561385337577,0.539770073686397,0.411732844688376,0.348854196419324,0.400328809386981,0.0468037900636195,0.137627985820506,0.336807120600279,0.519687458134594,0.521597550836171,0.379970506592113,0.505215969052951,0.531520602865721,0.170083346334911,0.459710263060927,0.457284512056533,0.295679148218221,0.306768778476174,0.49519979656323,0.244501024221455,0.445923230499554,0.235283113414784,0.543660561372511,0.411980564209631,0.28917993910902
"NG-29643_MFM_223_lib581297_7997_4",0.333712736141392,0.525605808699607,0.616441089289596,0.494247900684589,0.468476107691218,0.44541262804386,0.104877762187541,0.528372794004963,0.242272755762039,0.444519384199226,0.445643059566754,0.377818474999017,0.409571652632902,0.0635287962630414,0.230809456403297,0.338277172158318,0.505722411785599,0.476373113536196,0.357910744434996,0.473633124477289,0.519103501653858,0.24469724614943,0.546439207730672,0.448061995047449,0.3421606707478,0.32000122478959,0.48003003899426,0.275359488858526,0.450475633506812,0.276328950563276,0.540390116894219,0.437184016594122,0.315180244072889
"NG-29643_SK_BR_3_lib581307_7997_4",0.273192448873404,0.590166431927242,0.571142119879933,0.575667180463943,0.472611600971845,0.480082898607297,0.0771079059409098,0.586073169993228,0.149522098334088,0.525265630308366,0.410710148234406,0.341251493215298,0.376865999853615,0.035896847026935,0.128788681740454,0.340258486124853,0.533975383752139,0.512914345856198,0.340019773112522,0.469276603556789,0.522640218099867,0.175123236427076,0.490275633437937,0.485137215323871,0.26285027113887,0.290819755848321,0.506417780001844,0.244552376438617,0.434481947507765,0.228594809301422,0.522756558091927,0.373988103605878,0.297754246378076
"NG-29643_T_47D_lib581309_8005_3",0.352054327549109,0.579391907939908,0.656006453298756,0.552741964795946,0.477739833653665,0.440793612205136,0.0929698275158308,0.557809075876417,0.215659350073337,0.491599748798878,0.458325647704822,0.390691250869853,0.439502233163427,0.0572509765255504,0.200535150437888,0.340857656934136,0.541465592073451,0.518253229711184,0.399762588982654,0.516893029546747,0.515975837897274,0.242654030726761,0.543400501895593,0.443557048682966,0.343490218105154,0.343801984687457,0.484315991233818,0.293271176250071,0.496638315162877,0.296016144752035,0.568186478933674,0.45178845921843,0.350947818021552
"NG-29643_BT_474_lib581288_7997_4",0.326206827280943,0.538515155741036,0.626334006390057,0.502920160484337,0.461532930254852,0.432816880821859,0.0744864225292761,0.53141396747248,0.226259242156409,0.456101998750766,0.466365230438091,0.370256645203673,0.403318998497591,0.0431737063940945,0.227211554217201,0.317715915317065,0.488772706478741,0.46629105463752,0.364090788777304,0.463593354675833,0.50631991881644,0.254362764005403,0.554491300214965,0.436023123986502,0.329688719090826,0.300632424602813,0.467336010461332,0.2392004108825,0.460622863109796,0.252992963186797,0.53826015207857,0.428562601638168,0.317142408560612
"NG-13640_BC3_lib236396_5774_5",0.350378936750108,0.42180960371064,0.419533202359295,0.385223791052488,0.366318190645566,0.37031538653594,0.269652966596259,0.437964384800377,0.275242369821234,0.373832743952493,0.345986811691641,0.373378411221332,0.372548149881003,0.228517267245007,0.232038965359547,0.33657375554645,0.43146646656929,0.433776184379748,0.382587949457764,0.380572644528081,0.379156121780306,0.263354652650745,0.377091395691086,0.362986737807713,0.358166059167937,0.393243751344234,0.411387742571794,0.348866851936986,0.385225409502381,0.354124632962021,0.396271821754885,0.363069086068056,0.307931562902898
"NG-13640_BCBL_1_lib241208_5808_6",0.331849055128938,0.426207041730712,0.420503534327948,0.403480915707214,0.362462381958984,0.373741193056388,0.2708125895226,0.455697654940567,0.2828241393219,0.399098098223727,0.339684217901504,0.363600710094871,0.352720228621984,0.211943098508612,0.227675829528095,0.338078541317638,0.433120384253122,0.437471808982835,0.360262560508845,0.396938248472815,0.390140888976487,0.259585074197052,0.357589559545031,0.369799297284864,0.342745377145229,0.392906304511648,0.424270022537831,0.340749385081581,0.365318165120659,0.332845660326177,0.408397559029813,0.379432305165944,0.309350958747683
"NG-13640_BJAB_lib227474_5697_7",0.289215358312221,0.359040389612375,0.390664813683776,0.381488475189293,0.344771161323285,0.360342693313749,0.461397023848845,0.378162701017239,0.262305162403643,0.344136235489026,0.311002180847185,0.314347034841508,0.329187667813718,0.354862654904052,0.219378934079427,0.302371685456375,0.412021318674806,0.370615953469188,0.328372065673284,0.382562240494346,0.361480219382875,0.244590553351441,0.294207433090799,0.354531201913037,0.258518619630369,0.35599273147235,0.404875341944639,0.36224954474356,0.335713006718072,0.356597182278146,0.401819805145558,0.316699828970621,0.310399260373802
"NG-13640_DAUDI_lib227475_5697_7",0.270793009709245,0.334473421746357,0.373158506089109,0.346532630310386,0.313979932195591,0.338925262378802,0.437936410106701,0.364902916120647,0.277986355086027,0.33487823624191,0.301738340850034,0.330914239703288,0.315067973196855,0.352718682576534,0.230817298728064,0.302611307290189,0.410452320020056,0.371035944236666,0.317726026120387,0.32567223074924,0.341050044956087,0.227963503574529,0.292059531513601,0.325371640952611,0.269629135864144,0.353845021754969,0.387030500660375,0.348016195048613,0.32088141449248,0.350154580809475,0.358898537098239,0.273340266988417,0.27356350665754
"NG-13640_DERL7_lib236383_5767_8",0.439479121411257,0.488824594980782,0.509327911399117,0.482080688373846,0.441867539279259,0.43396842151295,0.359189925447047,0.51023100947048,0.37961166028153,0.471371300102164,0.404465734788524,0.4513520901863,0.427909273544982,0.355747152935502,0.341550039524644,0.394208036723347,0.496127932331264,0.50235802824568,0.473053104955212,0.435755095381045,0.461714170742599,0.374492391796976,0.457691655048728,0.42741130505489,0.464908736445127,0.50278368901079,0.4884992864419,0.450999607159164,0.456525957273386,0.443707868804282,0.488623564727164,0.460258771756031,0.437485786244154
"NG-13640_HG_3_lib227479_5697_4",0.281882858404247,0.364621692773848,0.36601849724211,0.355114205259097,0.363315413468888,0.356248385611615,0.354377917900761,0.3880401664163,0.256494418444787,0.360488513168866,0.32126862321669,0.393007426697644,0.373116104819929,0.289275304511589,0.194816242562895,0.338372039095062,0.413549953786443,0.396177884920126,0.345138353261372,0.315254132253575,0.357251248206051,0.198962472479418,0.288844111577886,0.342468955578933,0.284908285432808,0.368440643979822,0.395614569524496,0.307917293681318,0.343407407420833,0.356124425702637,0.354901977031054,0.255439168397364,0.266296998422706
"NG-13640_HH_lib241222_5808_1",0.342683622103007,0.367920888872458,0.406396737113212,0.390853723220224,0.351824533539446,0.338627442874002,0.384304692060186,0.395415806490452,0.334595307349238,0.375091716640389,0.300120932590393,0.345914168678723,0.334251471057154,0.309950041872839,0.29732720513655,0.331808283009309,0.395328662510115,0.380402914378731,0.359122055084233,0.349551774106061,0.364554365772473,0.31313145426228,0.334662766012191,0.33031676724174,0.355562687154143,0.395244026745015,0.390863491700529,0.33554910546872,0.331634259725006,0.372755367107114,0.378860256383916,0.327535233827522,0.333945696590593
"NG-13640_HT_1080_lib259823_5972_8",0.421430527963755,0.471359683991876,0.462411429940907,0.429149886225928,0.40629727732417,0.355343901999786,0.0771936116171236,0.491227515603576,0.372409878396395,0.484405988719234,0.375059125555137,0.432200675987686,0.413663636183298,0.0244163952790507,0.313901040765357,0.297548777875724,0.411735582961777,0.474826164145911,0.487986452839048,0.371760184627139,0.469086712173784,0.354797476294598,0.41302150258669,0.354112677013635,0.539701976603423,0.490671433632776,0.398685897613314,0.286051465050292,0.416044956691576,0.234567466865743,0.419021571829163,0.471623518851175,0.372156194544976
"NG-13640_HT_1080_lib259823_5988_1",0.414114886034398,0.468186589242486,0.461957890821762,0.427745618879967,0.417051214720717,0.358573929634686,0.056059241076732,0.495045361213589,0.365376234170097,0.483035385267793,0.383924434906576,0.434702791229591,0.413543202569316,-0.00527715009419879,0.313432918936531,0.301989499551033,0.402231053716493,0.467692547037117,0.480332051818255,0.374549683918321,0.47537244818888,0.348455764521923,0.416538665517156,0.35952608662977,0.530306329181793,0.475173705093786,0.401192793738346,0.277322442174474,0.421464508909399,0.222441083753707,0.426707940502361,0.472767459849266,0.368078237435561
"NG-13640_JVM_13_lib227481_5697_4",0.330552927632466,0.438199748098934,0.423665233002578,0.444144977304194,0.430328952376989,0.411777863788273,0.441586091189249,0.45023807062104,0.272527468912666,0.430615595574122,0.374150862992467,0.425219112581764,0.418903385304576,0.332600271855144,0.213435473220813,0.390275252306041,0.486523350364264,0.457459717442607,0.399966943357982,0.385358869655828,0.43688468851688,0.247812773570857,0.340505067229572,0.398200549204136,0.315088591221279,0.418694728329773,0.454819040519265,0.34663155897038,0.401049209110837,0.386030893733569,0.419485768277631,0.301626555628808,0.336548874010216
"NG-13640_JVM_3_lib227480_5697_4",0.287980264122463,0.401500140335773,0.381953321910317,0.404241172265212,0.377127551382018,0.373254650324795,0.317202223243566,0.436035013677705,0.2387274001821,0.420761423553186,0.317702200286379,0.394202818958594,0.371185583920546,0.202891104444966,0.169352210244576,0.334677918939203,0.426548745979489,0.433617824253281,0.349770257616602,0.333301824368082,0.388890721652705,0.188444735316393,0.298337268429655,0.358684996588948,0.2907803367579,0.378228848681984,0.414137187122965,0.295306772639642,0.344881753092402,0.321377493208211,0.376014337254718,0.273549595014627,0.272658996598522
"NG-13640_MEC_1_lib227482_5697_4",0.359707196824204,0.459945515081015,0.462586341800577,0.481771642859597,0.439620725327365,0.435340761615336,0.48540505251126,0.467242956033636,0.314301519458668,0.448319064989398,0.381247638461765,0.427646853773532,0.412965815817526,0.403621069049052,0.240169945701971,0.408978399435332,0.523287518853301,0.484691980201106,0.415792340747597,0.408906200535127,0.441651783675088,0.267566527353625,0.364929633979014,0.420531088549511,0.342465401434162,0.459752211867936,0.480916876316331,0.401762541270077,0.429536184356412,0.445119832346798,0.447431406168039,0.329892077359721,0.375910221066432
"NG-13640_MOTN_1_lib250968_5908_5",0.322963949198592,0.399626730621719,0.394305725072878,0.444063863093216,0.351806602080204,0.375490297410964,0.407675620342658,0.421199387322471,0.275369051288308,0.401282793127564,0.298736426361489,0.337881430531906,0.318145006928478,0.399172371302662,0.211212885527763,0.334961254526916,0.431228499359099,0.411090157004477,0.373654991796399,0.354640742671109,0.360098817026774,0.260713279603011,0.314213572177815,0.361913928897196,0.336122078247509,0.41899223468295,0.426139502725139,0.374911969467163,0.327522058593981,0.388956341028928,0.391862570463783,0.317381868502069,0.314014464665968
"NG-13640_NC_NC_lib259822_5972_8",0.350677252113184,0.453983585209676,0.477319805754828,0.467826536179803,0.415716952416398,0.4130271918545,0.366960895360067,0.461640832301024,0.305850567475102,0.459056162315401,0.374755786814723,0.437050633501944,0.405098254580703,0.297803963378579,0.231341884425776,0.359912634760736,0.511087889283982,0.497392200657398,0.421853744253704,0.391912592159049,0.442003383001565,0.251269214235471,0.356697523773186,0.398571209443637,0.369559462448119,0.444555231606603,0.450363714707327,0.373704291304521,0.436042145178306,0.405773388609538,0.432109489620734,0.336343637284082,0.354029403589522
"NG-13640_PGA_1_lib227483_5697_4",0.264959363332649,0.373342516669368,0.36666296514479,0.367476020569929,0.328230288417872,0.354541465581969,0.38132393685651,0.389276819383859,0.260593292825989,0.369495251331743,0.287022619248834,0.361500134189352,0.334448996911421,0.292765269026408,0.185409186946786,0.311946976323563,0.410175007705806,0.399820674315489,0.321907528195633,0.319140010918234,0.344826221278768,0.191155273261263,0.265310114196474,0.338812567071029,0.280793020487161,0.385713449090516,0.394171667300153,0.3228415034156,0.307834131818688,0.329160322119885,0.353344826052981,0.253434523024024,0.25385932419213
"NG-13640_RAJI_lib227476_5684_6",0.284413910935602,0.355050192315499,0.386256364062729,0.383276487515627,0.329139284439432,0.345411390869123,0.522164923049635,0.374699902921501,0.273212756698712,0.364211035935344,0.273686705227477,0.321867148816441,0.31072435347045,0.428097034622072,0.214794627744316,0.316103565082788,0.428173980826818,0.394356631027539,0.352547210773486,0.352814626672467,0.333810966259825,0.237461293794152,0.286608500585483,0.332025133165437,0.28049744179417,0.396742276109316,0.398443517647748,0.390416188400768,0.332371445869837,0.401748230273994,0.37612645843051,0.283778243319837,0.318681124598171
"NG-13640_RAMOS_lib227477_5697_7",0.30137191231419,0.355448867496024,0.397501047194491,0.383055032188778,0.335522597618484,0.350646973700141,0.521605972461934,0.369526049259086,0.271349051048665,0.348812328971035,0.30376191492354,0.318003982703602,0.330685863871884,0.433312467965764,0.235437311085979,0.313099076303434,0.422024565823534,0.385624920341166,0.329687001528519,0.371909540517069,0.343250259558786,0.255471764072281,0.312258483559719,0.342677547223567,0.276121563606828,0.387750334085231,0.391975781873261,0.391918374449672,0.343834009960706,0.408756155204834,0.392711073745608,0.31613013694844,0.33530876065311
"NG-13640_VAL_lib227478_5697_4",0.326543217621502,0.407890938119153,0.440348386230897,0.438204334425443,0.377198378175305,0.405536110996492,0.562557979174479,0.423030866840195,0.307503815806145,0.395507141838837,0.343138328296123,0.364536793464976,0.368694790039143,0.407447788060778,0.263337727122951,0.342376771922857,0.461233048826267,0.415429979459066,0.37275693900869,0.396991603567892,0.395478119486792,0.28063348757919,0.350496177431428,0.395526748568944,0.318671471957861,0.419844939832853,0.446502286312591,0.405418597966977,0.388716789015514,0.424682444763661,0.434917080251715,0.343736153669787,0.368746979024577
"NG-13640_BONNA12_lib236392_5774_5",0.351416591252569,0.459077785232009,0.460152841083225,0.475647747713179,0.467525106639245,0.452499713250793,0.383781419903675,0.472340737408384,0.306255640012842,0.453989213322479,0.408599276033781,0.501925619037377,0.48343819403203,0.281418425042871,0.222329625701424,0.416277121885452,0.518926786108638,0.480487227072698,0.420998381735041,0.409513959811052,0.477734730487584,0.24223692300838,0.348233478829023,0.436032706871078,0.354403237642913,0.450953127710171,0.485544427866652,0.345979149786534,0.43925848478549,0.380374021532811,0.456183415752056,0.329965525306261,0.352822957341042
"NG-13640_CCRF_CEM_lib241217_5826_6",0.3595946298259,0.411853401221155,0.437126089345127,0.396636496816788,0.370372554615105,0.378712368959387,0.403325186396553,0.41040381760512,0.330888931459751,0.37903789481565,0.323165881988414,0.369008016081222,0.343740953312484,0.445121450241119,0.290536930529349,0.353764320386455,0.434863889339695,0.41238679949755,0.403132397613734,0.397516613911535,0.384939776440501,0.322154854875,0.374371346477399,0.373468954898933,0.374886630538764,0.422139426018866,0.422126797972884,0.440759442118746,0.38504279314225,0.482234051483962,0.42184745361895,0.388234448113932,0.381162229183239
"NG-13640_CRO_AP2_lib241209_5808_6",0.26921730014463,0.348470862467868,0.354833217018858,0.330083179998674,0.289126034357683,0.310428182185185,0.330772413500188,0.382546187622258,0.264658684960603,0.348735644071028,0.270278826905741,0.31392498473457,0.290880092515598,0.278803463751581,0.227400010114453,0.276529008195046,0.366327803219587,0.383466593261363,0.309801157372449,0.317457102012711,0.310916673921626,0.2229758833414,0.28549688373937,0.300730989404179,0.284537827553841,0.341653883686811,0.364460145498799,0.335592660646456,0.303390918411629,0.357721922946429,0.34231651147587,0.294265142255007,0.257152809042722
"NG-13640_CRO_AP5_lib227485_5684_6",0.304401261468846,0.37088386887123,0.390140722306617,0.360585250632478,0.324752580661011,0.335129545616806,0.347515596852672,0.399292232940003,0.281934765054866,0.357968736158139,0.315200064318674,0.34134333983764,0.328486155288652,0.313129773912958,0.236722946014367,0.314261983508338,0.409706136992666,0.397526318501706,0.340002157471084,0.346950660667949,0.342441605355076,0.24881757385544,0.319404916520584,0.324622672572486,0.308925001280682,0.380087466055563,0.391926001836907,0.326776268061347,0.338630263760413,0.3614750749198,0.36459703111777,0.307166497305061,0.290265629774717
"NG-13640_DND_41_lib241218_5808_7",0.308463911051524,0.356811072741846,0.377976509891574,0.351683020601909,0.305117625659849,0.320175746765196,0.39616607305915,0.362577596061982,0.313802984794285,0.335038518457992,0.286291225930013,0.31261616617809,0.292905359260375,0.468704538406421,0.267935940312556,0.29776961653098,0.373104690579529,0.359391076443041,0.364299765989732,0.348953025804051,0.315769234382882,0.287591171937597,0.315823824768577,0.313157440812861,0.339242212905434,0.395923093661961,0.370686539685254,0.402689676371972,0.322721194817129,0.471448653409013,0.361435547758277,0.338479638715971,0.347366741326269
"NG-13640_DOHH2_lib236386_5774_8",0.300233618502438,0.34340571751043,0.374464235110086,0.357701239471061,0.322919693304424,0.329551341494366,0.556294131871686,0.351436402596557,0.299204437635881,0.338983617089601,0.284576717803141,0.320466202114949,0.324808780810979,0.467399440903956,0.248039330555998,0.314973070692466,0.398721000184348,0.366391623428743,0.342419067790635,0.352166313760362,0.322721042274296,0.257220436681526,0.295331160185956,0.317929618099912,0.279605472813957,0.379780258450396,0.37746575325865,0.395395958253981,0.323827845710001,0.426807756879754,0.364335684913056,0.295593974273179,0.328163787314111
"NG-13640_GRANTA_519_lib241206_5808_6",0.446331588326213,0.482126055852565,0.545388511881399,0.487203518303142,0.471400991679397,0.440749941498597,0.466256940403292,0.486090648605242,0.410255618385135,0.46559426862252,0.454285444728431,0.500143396043447,0.476364988140789,0.377128498239728,0.35121531891632,0.413687504078313,0.547459934483401,0.505686726378986,0.493059866968509,0.486166946756645,0.48125577934984,0.362841021001666,0.444909541203468,0.431281411019329,0.460019421259639,0.51666428022158,0.494165540857186,0.470571102999084,0.508404169265856,0.485407761077679,0.525376910000044,0.45823827282967,0.459958438139133
"NG-13640_HAIRM_lib236393_5774_5",0.399997572207593,0.484682795126078,0.494405834796937,0.510519632890104,0.454106695887978,0.448136484571983,0.423171884027668,0.511356332597246,0.339006147196562,0.489936597365823,0.415975097463924,0.46026061957061,0.445510066494269,0.349909697383443,0.273677483218603,0.404144531143818,0.533265716616877,0.526143854477563,0.458575602857223,0.461340415603502,0.469867535163043,0.320723257610872,0.407198941280295,0.434705366413888,0.393567689591573,0.479664341368447,0.498710306953473,0.411648103297762,0.47153449742735,0.451329571988556,0.491049900899502,0.392292104558669,0.40006165371784
"NG-13640_HC1_lib236394_5774_5",0.262571391608571,0.348353553255496,0.335834997315189,0.356696318009153,0.338571296729259,0.33750760575976,0.316211708953722,0.37836956742793,0.240628707104965,0.354612857922743,0.286350599380175,0.367673830345502,0.343693731885036,0.269571445415747,0.174323567588352,0.305092631657248,0.383895383977885,0.383105744392259,0.324352783323675,0.293556288917834,0.339345523193001,0.177960836254308,0.252995313604818,0.321243784761136,0.264092471849792,0.354297039083037,0.373184203947149,0.290269802260218,0.313952636898697,0.332989216690749,0.33118299374356,0.235389241866753,0.244249613392316
"NG-13640_HDLM_2_lib227487_5697_4",0.330924919871011,0.411876379374851,0.408657933623183,0.435513672127665,0.387395737988657,0.390496485091566,0.347978015115138,0.441974413229797,0.273608539651476,0.419471793949933,0.307981634251323,0.364862667638853,0.344920139146086,0.259096277571001,0.21939889031196,0.352439630062502,0.429543863799023,0.418668500380146,0.382441069117252,0.349344988503996,0.401941181850898,0.274113620353468,0.341777611699607,0.378127459485479,0.346960971663888,0.401542122547959,0.439481491753351,0.334414757419341,0.335239711648078,0.341490238700211,0.390068419914426,0.321576922336555,0.309478736493633
"NG-13640_HPB_ALL_lib241219_5808_7",0.348432646976512,0.402617047641327,0.431637134768596,0.365380090849253,0.360029243636233,0.34075374245363,0.340450002564441,0.403809725440225,0.347945282742385,0.364318877898257,0.356848209477385,0.380885296290417,0.356714697797944,0.383238520194512,0.304528603663094,0.331720845799842,0.424638817047847,0.410325038550514,0.391249136297124,0.376364707303002,0.367307655525973,0.304461438940719,0.378602838080266,0.335657493442425,0.382242349606234,0.410902939746627,0.385982254269312,0.410215638905181,0.393186916811325,0.47592341147509,0.399893155770421,0.370079628518603,0.356188947945312
"NG-13640_JEKO1_lib236395_5774_5",0.389632094720422,0.425306653027853,0.47516314645934,0.442831249816774,0.386013573497103,0.409629898478967,0.544057993356938,0.429357538305284,0.382757405698728,0.404100414501819,0.374946723437937,0.403090257315389,0.396474838945851,0.428276209986493,0.324405487612924,0.361902625559671,0.488830718403091,0.446619667223036,0.422409132085549,0.454466739408706,0.416508153242673,0.327210816523333,0.38328332356682,0.400428744419884,0.396327242823497,0.482924492099364,0.46169665872132,0.47302350158537,0.418179582150955,0.473247378208575,0.472158310906805,0.424986897433699,0.437994453120008
"NG-13640_JURKAT_lib236382_5794_6",0.423759510804575,0.467723291542343,0.506466029300443,0.470408796909105,0.432455669631771,0.444787955332159,0.35287000865619,0.498707266450652,0.382423848556891,0.444194019422526,0.413832155170891,0.448578073059646,0.434908305867437,0.372898156323945,0.34993586473694,0.38780678317555,0.501329752986611,0.483607366741838,0.475207168198142,0.457280229168922,0.465812242309729,0.367071433797937,0.455852080399543,0.439267036508891,0.447012716878596,0.483757671706635,0.496539506838662,0.487480892677506,0.455509112572785,0.479656144313613,0.5002933907675,0.479666504709111,0.442515697055665
"NG-13640_JVM2_lib236381_5767_8",0.324625770085451,0.425416620715423,0.424735858313988,0.457153460294997,0.416418166066932,0.407983215740303,0.38179653630852,0.45625384966944,0.287170485820835,0.438785185768428,0.360602455621966,0.427029863859563,0.414499380459345,0.293762141627598,0.220519514308441,0.373502733474977,0.476111593130881,0.466827549343558,0.390841992979232,0.374580511653978,0.421991210770222,0.244344893199391,0.318615572750288,0.391883451413947,0.334889470479285,0.415243284094863,0.449530438206978,0.337002758533694,0.389693294150292,0.37970424128074,0.413424490506339,0.311336025131314,0.315521916982347
"NG-13640_KHYG_1_lib248382_5885_5",0.296158745040617,0.358008591696,0.363900799450163,0.396794430268129,0.322864277228925,0.357745951577374,0.425447993311308,0.374894962227414,0.256107200058856,0.351534743786458,0.263543651372655,0.307815401630616,0.298881917955956,0.436945927843077,0.183382366070899,0.319478725783252,0.397464925404183,0.356026112428921,0.333227451533185,0.333378161991209,0.335360550790026,0.234419833722087,0.259749556782101,0.343039252382071,0.28541981597798,0.381609820793224,0.399027943713079,0.343085313186419,0.30210105897795,0.380509532086102,0.355477117720191,0.263586060877931,0.290397195900498
"NG-13640_KM_H2_lib248380_5885_5",0.303024571996197,0.348319083175337,0.370854476272447,0.354617407052583,0.33885719597927,0.323556417830987,0.274246312087738,0.39735670061513,0.28446373769313,0.373091108085386,0.282379509119983,0.340566900376404,0.322106237063137,0.146953094574764,0.236737451798014,0.301443195685545,0.357879060873007,0.381816867415029,0.341958265472994,0.329711022209247,0.361335655238804,0.256918300836241,0.293253897141833,0.317115762941138,0.350941598918297,0.371840451436946,0.377882770993095,0.306092637749368,0.313153609797379,0.268079171176471,0.365226872690834,0.350004447400301,0.27976359485786
"NG-13640_KM_H2_lib248380_5904_3",0.303700033756578,0.342024191976652,0.368379789919202,0.351324541554069,0.331461249335708,0.312390096097023,0.287607358425172,0.391911967516232,0.294944701594465,0.36841035764128,0.271083696744578,0.331861807206114,0.308501075085086,0.168819780288514,0.250480132990208,0.297929565309135,0.353316041466158,0.378866723176554,0.342590656604561,0.321736724759895,0.353662496431421,0.264542219830659,0.294983483211801,0.305413726931107,0.346869314996102,0.378144450370415,0.372615719006527,0.314066156262038,0.310336025473457,0.273128917808774,0.355593928054708,0.344525429650326,0.282353900223172
"NG-13640_KMS_12_BM_lib248379_5885_5",0.315162757666572,0.4333689967375,0.397848552066571,0.414046758952137,0.360784648602849,0.388038782956158,0.445354274567324,0.416403256178813,0.246673287739915,0.387531818372512,0.312433347061011,0.335693314204873,0.344835155209497,0.34945719489953,0.199039808103205,0.35359325157348,0.435680308626264,0.418474280344988,0.352068356009768,0.41094366929525,0.382254532209374,0.24794241349285,0.325700086714208,0.386675568574403,0.282540976890265,0.388410090788833,0.427148960820876,0.41200004127754,0.358568970575736,0.395606307532027,0.423449339917621,0.34221945829481,0.34212264014644
"NG-13640_KOPN_8_lib227470_5697_7",0.339495338428654,0.410083765853815,0.435830542681536,0.434367831497999,0.363428254363813,0.408067096158375,0.482502176172237,0.4124404610109,0.314827301819648,0.401126724796139,0.319311301428477,0.359750060402001,0.353234034528432,0.502711060984075,0.253029384317187,0.343641884424693,0.454595069865653,0.414905105159725,0.402741882411991,0.408215149744346,0.389253511547485,0.277201065473808,0.341218738370449,0.398415174637409,0.352844736638521,0.450533312239048,0.440175226786027,0.450321456433978,0.383596891192989,0.463708803710294,0.447302314014259,0.363065746461727,0.404538440054294
"NG-13640_L_1236_lib241215_5808_7",0.375393502092359,0.431007923167073,0.452822780593566,0.451116549110347,0.383412788332376,0.363653704667781,0.323556735541455,0.45584701186444,0.321302681896744,0.43080121674152,0.353934589139287,0.380105605631552,0.372641361520815,0.234840392492436,0.276578540688213,0.334563488347299,0.424340561295969,0.448953616778291,0.401668264531152,0.399627138014399,0.404305194676117,0.320384642522332,0.379232083392625,0.354081837089769,0.379772214087758,0.42648874538517,0.41934898080365,0.346232519735201,0.371298126553326,0.353228881816356,0.415393793198009,0.391320952583682,0.33308459649274
"NG-13640_L_363_lib241210_5808_6",0.375496540038686,0.414990477060881,0.435271961336859,0.40633545928825,0.383680126236048,0.371361570785949,0.383685716312965,0.427393649820897,0.337380568209403,0.400715073786542,0.355703149937386,0.371006126196781,0.362970424306034,0.322580246965756,0.305602228352243,0.365054166805193,0.440424446892932,0.438068493480616,0.400754069692088,0.408469133283645,0.383319322594099,0.320445030445259,0.364080784038899,0.36698882222775,0.374656210986625,0.437614890504061,0.417681061112813,0.418740156088379,0.386488796790306,0.399344106632273,0.424456177399114,0.408095592586564,0.393165667007058
"NG-13640_L_428_lib241214_5808_7",0.368766428517388,0.408396796503765,0.442332796468867,0.4464266817492,0.38319000221367,0.391143918907857,0.347223573355657,0.453995014308655,0.326414009418916,0.415836937542826,0.346022920340571,0.38205268544065,0.363465743785275,0.250289501547157,0.277235743058417,0.333462122237785,0.439053312103435,0.420641460544384,0.386913484832514,0.388303087573237,0.414235638867211,0.313212572562776,0.365334119309848,0.378664453910229,0.382354562407867,0.43912633599034,0.444912690325601,0.334512854066409,0.361474324766104,0.352549339901563,0.418690261582508,0.381458702544471,0.339553114425509
"NG-13640_LP_1_lib241211_5808_7",0.438083084447463,0.407814807905286,0.477251541219076,0.395246196726499,0.397214649794549,0.348094674100501,0.329804238746635,0.425135920247569,0.404986958100954,0.384064010034913,0.424176681521212,0.433226286530779,0.419350356637489,0.290756047015908,0.385058147312215,0.348572948751074,0.457643828871879,0.449650012174809,0.424602594359632,0.421162394114807,0.39048093817133,0.388996076831897,0.435806140429886,0.3409602649658,0.455524014819778,0.462801599535422,0.406425380575223,0.409180294251454,0.451811862989787,0.425592144707388,0.443354252292047,0.449868280577434,0.420518016593681
"NG-13640_MINO_lib248384_5885_5",0.352052324612212,0.422680841576737,0.440464387606674,0.450125629393248,0.38768106118666,0.404726125053562,0.587509553149113,0.423283774662781,0.325431305050508,0.409007033382897,0.329704118267468,0.372713601930001,0.375556750511869,0.485918866030713,0.252820635506072,0.374634526859182,0.477148369401091,0.438548335946707,0.416730721136741,0.424306362065098,0.394618346102411,0.287297149812621,0.345321415705889,0.393397993024026,0.347085336055868,0.46855640670951,0.456138953909621,0.446602936540747,0.379586208325304,0.467673177275928,0.442418820972856,0.35435156737913,0.405918570583417
"NG-13640_MOLT_4_lib241220_5808_2",0.413310661279959,0.427997115626817,0.487000203809842,0.405121481874168,0.378641996144772,0.36449971844855,0.380540568130859,0.421393266728179,0.438845520553487,0.387548365474406,0.385645792486567,0.412440544155662,0.381172192015821,0.433007252385325,0.415364633845524,0.338873260731591,0.460188911353618,0.435096186837932,0.452989608102716,0.44099443573703,0.407234108561226,0.397889717398202,0.438482309107077,0.358819175395588,0.444022116114574,0.464363681299955,0.422365737411209,0.480864631957656,0.441560106922512,0.516112030914647,0.450958802037028,0.454179881397946,0.449455731007625
"NALM_6",0.339957549216806,0.385091678806397,0.434279506210037,0.39775544172929,0.361555478810399,0.368495989042133,0.426226266541966,0.404202817277737,0.348338624696858,0.381309392558957,0.32274005540041,0.363035410452823,0.349154791652816,0.436016585832748,0.298276676555954,0.339873644419664,0.424895268427826,0.397142067623053,0.39241577653548,0.410596518720198,0.374053828015716,0.290388787037519,0.35592059570748,0.361443781712473,0.378820578713109,0.427218728145748,0.417727377236011,0.441742105298101,0.38300005919803,0.439167370681315,0.430347864623267,0.390638764694027,0.416413100198342
"NG-13640_NALM_6_lib227471_5697_7",0.341408147923685,0.383711107190321,0.428812029629638,0.396716307625993,0.356087287045821,0.364229377749548,0.434215159990382,0.400285381202649,0.35306670936579,0.380837018325829,0.317129621433335,0.359596101632871,0.345481769382726,0.44647479630535,0.300574834750907,0.334864479397326,0.418970850743326,0.394666356573303,0.392182954021415,0.408908616531564,0.366998836822624,0.295123107834547,0.349784012303081,0.357336087578775,0.376477651530283,0.429936690791979,0.411544437464092,0.444542059491201,0.37420204250053,0.4419024176873,0.423789055893974,0.387866917962114,0.41677756544856
"NG-13640_NALM_6_lib227471_5706_1",0.339107707207623,0.370085375180538,0.415830904561812,0.378304149260501,0.3446824897253,0.351613307383671,0.417219429152273,0.384937235613876,0.341726126115832,0.360921434014945,0.313522706222805,0.350809146084287,0.334088360048073,0.424273912563751,0.295997545317147,0.319993762764363,0.401173717004675,0.377320986597056,0.380245541529491,0.38918681076278,0.357911932254188,0.285591719873903,0.337734967609878,0.344043433307093,0.375090724907421,0.420686478443675,0.399435016674302,0.418076022897791,0.365125829176209,0.429665705166527,0.405938589337087,0.374747303242816,0.400688750863996
"NG-13640_NK_92_lib227486_5684_6",0.256873809636764,0.335779209770062,0.330244644100681,0.365094269561973,0.309302620239345,0.34305469321143,0.365363731097469,0.369090914936024,0.230108325447467,0.345046824894071,0.246792140805048,0.300523114063973,0.279644900165984,0.380066962982769,0.169547855841806,0.294482915085459,0.385140756966001,0.345494939358088,0.313689202365522,0.286723818545063,0.332614768375185,0.204221995091581,0.25594715911213,0.326870372558823,0.259107078831216,0.352875699838348,0.393305100796739,0.320292040963252,0.281909710905911,0.345204720933201,0.321750984246885,0.226907536145037,0.252791481548865
"NG-13640_NU_DHL_1_lib227484_5697_4",0.341157594524161,0.409868186885391,0.413533806939851,0.440224260154036,0.361834937320564,0.397965412301813,0.548884768253182,0.421862501590748,0.301432791056956,0.406960606746897,0.315492505952338,0.364452799295555,0.369547075220645,0.456596991642987,0.235478583677574,0.347978617722913,0.446837797483635,0.423495750388202,0.398598727381305,0.394217925759023,0.378825036033651,0.268056209674416,0.324479908351235,0.382858754958954,0.326618222997293,0.451099744225133,0.439405235951365,0.421368312674116,0.368424259486819,0.421082794895348,0.416616007048941,0.331025436304545,0.366380326020489
"NG-13640_OCILY19_lib236388_5774_8",0.373559831838319,0.420736100030244,0.44208139958492,0.437375373220877,0.363920220635055,0.412123987431513,0.49930558200348,0.432840550504976,0.332462188057174,0.400519962027111,0.340617474543816,0.37443955838855,0.357271971722077,0.472891857145691,0.2666512022088,0.34986494287997,0.450320795772704,0.424865997464842,0.393883404200705,0.413180499403403,0.388436017571724,0.310427712319823,0.355960512506203,0.403004662083728,0.376723100928179,0.457683542363913,0.45109046655522,0.43094086987447,0.382980345661072,0.452718955313675,0.443376626691296,0.384006256418356,0.389393037798404
"NG-13640_OCI_LY_3_lib241204_5808_6",0.348257601185117,0.43299890432036,0.431936801244561,0.446616686721993,0.416975841862721,0.418917877267863,0.548193578450753,0.448305271583087,0.30811435549081,0.416852248560126,0.366408360882558,0.404648900103993,0.407605163953606,0.386147458411147,0.251296536060181,0.377018676872903,0.489546290482739,0.450505741686374,0.402732262693816,0.415710259869151,0.425783644710138,0.278146697307906,0.344833292854827,0.406520714473753,0.333765441513751,0.434174792853621,0.470613462499235,0.419594388691119,0.394939377865553,0.419930904223745,0.444131003649313,0.349765926745513,0.352678551633558
"NG-13640_OCILY7_lib236387_5774_8",0.325940290215291,0.385411691113848,0.40940976051103,0.40348954298956,0.356648759623267,0.373739762348992,0.547476613880031,0.391347776245221,0.300238890813521,0.362509490437112,0.325630815773691,0.348697320586885,0.354102965047649,0.452425775912579,0.254517541720062,0.333619052346452,0.44339708139423,0.398709854422071,0.368766452140164,0.399607016396199,0.37117074260094,0.261688101969243,0.339320726888877,0.366005343607466,0.301142715727744,0.413602764634645,0.422224349269673,0.432245566452518,0.363391040510158,0.441198186350316,0.419124208091104,0.332537519925038,0.371462458253428
"NG-13640_OPM2_lib236378_5767_8",0.400118768410905,0.387031063514274,0.43540234105148,0.371244338671867,0.40945369110734,0.365522627874068,0.262613471769279,0.43655054537969,0.346354455303938,0.374820406863959,0.382559739544214,0.405828308000556,0.395756949367778,0.262921025671901,0.321566567465683,0.370310133512248,0.440984264606337,0.419139541553561,0.381492373277573,0.39113122336865,0.401407565084263,0.333543489693758,0.393693779753346,0.361004534917383,0.392189881134138,0.404939808591343,0.419852246113831,0.342357603751478,0.411482300055522,0.34166839370965,0.425137041001261,0.392658518819531,0.356906756083384
"NG-13640_REC_1_lib241207_5808_6",0.390714767243059,0.476876289395789,0.489635481796291,0.481664795417103,0.422635195159061,0.437190191505472,0.519120607230832,0.49161846574787,0.34966479829244,0.463033641934333,0.381587107901397,0.417687761772766,0.40298539114894,0.374112629597309,0.300594868856638,0.388857720923203,0.512606506974241,0.501430707074043,0.443370470751456,0.468332548869971,0.457198063411002,0.321263607762913,0.411842447586314,0.429736974173361,0.38152450040233,0.474305915499638,0.496627403470047,0.487854444557077,0.433501842324403,0.461273029498924,0.498354566758815,0.440475261539079,0.430625148502896
"NG-13640_REH_lib227472_5697_7",0.36034907787658,0.386157177222861,0.438058506866496,0.387788669013105,0.358870573686477,0.356426952605214,0.366903185901447,0.399284591339359,0.368101513295652,0.371417350894571,0.371108326703603,0.396520087769434,0.363219521625006,0.410659871577547,0.307785536555132,0.329426843445419,0.418306296633469,0.388605036244445,0.389207732670937,0.398833455113001,0.366626995337302,0.312908248312511,0.370939381558989,0.352834019704626,0.420912329427576,0.443379263979868,0.407266686306405,0.421560061627931,0.381855190798781,0.435276682918025,0.427841115415853,0.42171099484849,0.41473155083279
"NG-13640_Ri_1_lib241203_5808_6",0.345289080751145,0.440544630555344,0.458870294099573,0.459315837870971,0.39885545886402,0.406052577531276,0.584699323168341,0.427010121892678,0.315556365916512,0.40277513386228,0.362050448880422,0.372834422038468,0.395324954926854,0.445921098861172,0.256883702268046,0.357063830271747,0.485810131462141,0.443943674547189,0.409290986292809,0.45809695602854,0.40728858257757,0.284344206528845,0.374392826683901,0.399138973238607,0.344140815005853,0.444494747829759,0.454538474119299,0.471450825988851,0.403764417155327,0.471191475830147,0.472760150598177,0.399256371211179,0.406795864386287
"NG-13640_RPMI_8226_lib241212_5808_7",0.331088375146267,0.478369401130132,0.477001471246632,0.475695452613187,0.45011552548409,0.45408194645293,0.328481520467244,0.502531550183716,0.288163414635043,0.476182435996528,0.380461063005458,0.409215369448216,0.39995258737995,0.265052888390407,0.238559219020959,0.398122078778736,0.514412028945094,0.505929517946134,0.419883889673649,0.426124332647144,0.468844895133476,0.256829125758729,0.392265585303681,0.445617242783784,0.342065367209491,0.419952678603963,0.480672816806107,0.381242133728311,0.420670236053055,0.377363109885921,0.45070740852976,0.363091541761522,0.361466937651123
"NG-13640_RPMI_8402_lib241221_5808_2",0.404199629038002,0.383816308742422,0.463532921437274,0.379576408409533,0.363302199279463,0.347821132231483,0.290848507434016,0.406462352402248,0.409565822823553,0.36440018694537,0.371878395197514,0.422149338045901,0.37816986312206,0.353357390855654,0.390504824887477,0.319018236183059,0.415647047291768,0.40854182389933,0.416050528914852,0.403786046153383,0.385616411883368,0.384021589027422,0.41540973044269,0.343115543385607,0.452954989173642,0.437133297597442,0.400151724137108,0.434064147055362,0.422286472064086,0.450753886238018,0.440282696869899,0.465600659533599,0.39891351130674
"NG-13640_SEM_lib227473_5697_7",0.442664310094617,0.42696611623764,0.491361065147338,0.420143823841464,0.400740961098703,0.393162113530322,0.374902418567773,0.444705239466894,0.43808910346394,0.407030468967792,0.405306388643251,0.47231348091662,0.436967221669961,0.435498009193116,0.371867067810191,0.357829598388615,0.471880597991232,0.453731928949754,0.471007178995745,0.428529468841428,0.411399341094419,0.369095433726006,0.412477478399477,0.381694906744209,0.503925318459758,0.510290764301298,0.439008605508345,0.420308948221197,0.457159944110517,0.453479214659452,0.453797997754227,0.453741653634853,0.429950761450648
"NG-13640_SUDHL4_lib236389_5774_5",0.308586038980695,0.353330616350136,0.385662231399184,0.37512240404735,0.323384265559278,0.347282954438335,0.567159438599905,0.365510509361515,0.307414593666877,0.356825334111661,0.284772552796924,0.307978851713089,0.322123724835449,0.439906357894553,0.258875623921379,0.298757458857127,0.40888843204242,0.383969533796804,0.35781135140464,0.360797364068717,0.336654682771487,0.266799048802135,0.30528485395397,0.336466155211252,0.292097404240957,0.398283761303857,0.386440713963882,0.410667104962592,0.321563038021014,0.422231171005512,0.375376356199492,0.315203025260474,0.344022520374443
"NG-13640_SUDHL6_lib236390_5774_5",0.346291615511359,0.392205363744637,0.414179001289643,0.402229532018012,0.351703087977876,0.360520409581058,0.56929479001098,0.388724504496729,0.317080136690952,0.356797304054307,0.317401165563072,0.340258267787004,0.35423940294202,0.444990516775653,0.267521468316311,0.334280662715266,0.449285725088005,0.406221012733429,0.363313887731727,0.39207862134027,0.352404928135388,0.295727341566118,0.335250553519826,0.350001965808505,0.319726785132623,0.421232853943943,0.412396658180396,0.422877874284203,0.374638374817533,0.442904448275841,0.411719252953737,0.347757923738466,0.353288575900183
"NG-13640_SUP_HD_1_lib241216_5808_7",0.311172044009598,0.357912140923071,0.37943058865171,0.387022360284981,0.338235455441934,0.340929697067104,0.342863764947491,0.403853689645171,0.288814723279645,0.365452566970068,0.300253211720919,0.319441060241683,0.32036470077218,0.234669934419969,0.243208760839504,0.300179771979946,0.380880178078234,0.378643916719764,0.336238548842763,0.334290338477378,0.352635769109695,0.270984754037651,0.321415522022589,0.329023064765957,0.325492732147092,0.358894391070847,0.388329780261763,0.29904194266368,0.308572128433376,0.295520249979046,0.368753023996329,0.325351788944786,0.274836498896758
"NG-13640_U_266_lib241213_5808_7",0.344521149058279,0.428907161181761,0.4148040516271,0.386719448699355,0.355119640563676,0.345407099569641,0.353352851598406,0.424519000507794,0.299479412484994,0.390795348323866,0.339484249787635,0.35564788998331,0.347216320298624,0.291686162996268,0.252131687585855,0.336858606286808,0.438943111007693,0.44637800725449,0.34257136163963,0.383081673893277,0.369159262244945,0.278645224967947,0.347924885028502,0.339005709952305,0.327053217536371,0.396681718676633,0.397776898067939,0.392423903005132,0.37727508536251,0.375985295462215,0.385491017804794,0.329628989866788,0.333173871502761
"NG-13640_U_2932_lib241205_5808_6",0.40918653127625,0.440898960629231,0.502358398562764,0.464040878181421,0.428932357616746,0.418827442591759,0.565519375583916,0.450179238056745,0.363118340315312,0.417328614936237,0.402654102743641,0.432077376577891,0.429661347355452,0.444963158201872,0.313704424901062,0.39579360803879,0.523295423941397,0.476431879160092,0.438452970611368,0.46227803943052,0.438670352554527,0.33456129927751,0.419560567337207,0.407984413606917,0.396032003549348,0.478204080444945,0.481942844470882,0.4781125883435,0.44607453083968,0.480410204800669,0.49042564523978,0.416886058348819,0.422361135493346
"NG-13640_U_2940_lib248378_5885_5",0.292308808374948,0.404964068232297,0.407650561459236,0.45332391177327,0.362386172507555,0.392994886457962,0.527646168188416,0.438376806495809,0.244329803040016,0.413802855708321,0.309810861489249,0.336326663036679,0.339452822085203,0.37926956180459,0.194291095956694,0.325507353933384,0.458259085064432,0.43537891684373,0.349546807654258,0.369870078677419,0.379878526893833,0.222901638768239,0.304059372947282,0.379259050450659,0.274825721289307,0.394373328206495,0.440438022521774,0.375462646396979,0.350497242186443,0.384839557633909,0.401227630582178,0.297420043301396,0.329740715714558
"NG-13640_U2946_lib236385_5767_8",0.370122482199805,0.397010834090278,0.44038690588833,0.413309233420588,0.377289789746388,0.380835339886228,0.575067830027791,0.402447065230116,0.343476510062059,0.382906204568122,0.349502015754735,0.378594428901964,0.37855699443306,0.481904045833757,0.295302758796898,0.35565164688809,0.464398144802159,0.426435535486951,0.395050419314356,0.411680900216082,0.38185867592588,0.320715890456376,0.378615438662928,0.372527127123068,0.349458522826672,0.449967396750544,0.425665528362095,0.463635189511296,0.396624398025682,0.482296964986914,0.427208787152157,0.369561357803713,0.410747285555601
"NG-13640_WSUDLCL2_lib236391_5774_5",0.338736827943786,0.393537837608525,0.406689661502333,0.397385932719525,0.336136038614065,0.353672363988123,0.582023820077435,0.378607383987041,0.312421095079631,0.355668401674158,0.299738915471963,0.324001129750804,0.33748833539505,0.46430778599363,0.260972818720169,0.320459532079161,0.431122342594497,0.39833644631712,0.36506737654328,0.398060780147752,0.342275789603656,0.281250165161802,0.329676856300523,0.34579166612724,0.309045640661174,0.413590215828101,0.398792970082084,0.432740245720553,0.366456279136289,0.442672953998014,0.403490081247599,0.334874468932558,0.368111597923462
"NG-13640_YT_lib248385_5885_5",0.242968612196879,0.304851693599488,0.316628142140063,0.311869555058835,0.255909019469194,0.279893546693507,0.300724641395128,0.341068866489417,0.254903247080908,0.319896804462089,0.252786356772428,0.28985018441541,0.262763351633423,0.289109165360262,0.197145503071322,0.249439017903866,0.333369812540487,0.338304716214702,0.282721709170699,0.256315158189418,0.276506822839926,0.21031979372918,0.249757775706562,0.264986452034515,0.284058010520351,0.350353866089313,0.329546649846647,0.261760093966375,0.258493313612906,0.296567130489916,0.280312294592913,0.243730904408335,0.22207299611178
"NG-13640_DEL_lib250969_5908_5",0.341738887208423,0.425956343741077,0.407068627305395,0.448163310163148,0.398627723115713,0.378880512620537,0.26010950987708,0.46736976217619,0.311427423762384,0.444167164707294,0.329559360185332,0.383726246155173,0.36658113234892,0.24222815025501,0.237621651389735,0.351848041675854,0.447219103875965,0.442760157827341,0.416291328566811,0.365743740991433,0.406599801820889,0.263767318956804,0.34513926950952,0.366591959153059,0.383572842675162,0.435038840938864,0.424033475202443,0.293874507519569,0.358809375071531,0.306875817124816,0.399466374101245,0.35595358888244,0.326517704124392
"NG-13640_SR_786_lib248387_5885_5",0.311345563609706,0.405558823183479,0.379859044719783,0.439237487332438,0.35079603034563,0.373974347423827,0.290181206360687,0.445219404597516,0.269820327960736,0.424819534704862,0.279815644216367,0.329561760739554,0.316906371468615,0.27462081858375,0.207246745906151,0.314662804808927,0.412116854502295,0.414403658818781,0.363978152763393,0.339152955249936,0.378232667060237,0.241716852034717,0.303677529979695,0.362853414887587,0.331975436471646,0.400726907753274,0.416046566192226,0.288029024700062,0.32069313185007,0.304130487342883,0.366297362440082,0.316737548496501,0.309911133559307
"NG-13640_SU_DHL_1_lib248388_5885_6",0.378477212820893,0.429253058492193,0.425752167011043,0.451573415135858,0.413096077740063,0.378053624233,0.318657121136643,0.462529931818228,0.336628900862444,0.436709999825375,0.339632827457499,0.385487511138452,0.387667936103949,0.318471470817609,0.266240785970974,0.362556326384021,0.438031341958799,0.441680029182776,0.434497427994781,0.397657970760586,0.406749395140976,0.301606346142437,0.355644865964738,0.367424369316428,0.396108301850111,0.464216555303538,0.431594441171416,0.355873474193938,0.368022449167905,0.342647576333495,0.423157498540656,0.385261110339747,0.374569654758086
"NG-13640_SUP_M2_lib248389_5885_6",0.341378484810493,0.399677624772356,0.406566536350751,0.42895822945984,0.388928483415976,0.369207902065217,0.239206068223202,0.451687764212324,0.304079006790898,0.422334510341435,0.324861297168417,0.389078304959914,0.369416049963679,0.19789014229454,0.239743318856406,0.334580355635864,0.422050838032779,0.425257781713466,0.379656983488108,0.361507360092454,0.403900248022447,0.257753328822056,0.342462219635813,0.359729948952306,0.371799912643438,0.407722558321161,0.411505436972807,0.275745334032555,0.358828718121317,0.290294549479457,0.392221016230165,0.352823513091238,0.315302942142441
"NG-13640_SUP_M2_lib248389_5904_3",0.328818924805973,0.392693718319386,0.373725395949103,0.420736238187984,0.361980930895815,0.34857910683197,0.270420686235482,0.427883179121048,0.289289585605557,0.409036489316847,0.304898457499046,0.359734993005532,0.344438532663467,0.227230842759057,0.228548895434634,0.318748849059991,0.401490069091071,0.407822078524374,0.357123267830545,0.346639694090087,0.368593738220373,0.261721879259526,0.316090201151368,0.338264023495575,0.352690186868106,0.392765892309472,0.386378051527041,0.278659905252377,0.328698648053006,0.298358598992891,0.37682776040464,0.335128947512096,0.303054432123688
"NG-13640_SET_2_lib259821_5981_7",0.454063051020162,0.48953154189558,0.499996981782183,0.44919174419911,0.467742765005246,0.428691826396289,0.274782371237597,0.464588901927418,0.344555525322241,0.41990754609072,0.424158714954672,0.480016400482819,0.431523277452029,0.378381706181373,0.291283749741168,0.42003623107707,0.508704318601939,0.460602404041417,0.465912864895384,0.471506006154393,0.486188110533447,0.340895159676928,0.431714628819166,0.426887653465363,0.457453463153339,0.459507831315083,0.473693906063427,0.425875622901597,0.490047978456638,0.386299739235996,0.491353194557445,0.447657947820716,0.421120242279354
"NG-13640_BV_173_lib227468_5681_8",0.326106945537801,0.37937113804359,0.398299284365605,0.411177418698692,0.344849868160905,0.382753940311068,0.43237053024555,0.395783859829167,0.286427759399752,0.385135081873806,0.284527063244747,0.340204314928339,0.323044071936616,0.466115496748391,0.220443090707363,0.342891403933159,0.417413597986806,0.390805387286745,0.368874526094279,0.373609202909525,0.354495809761396,0.251507259692192,0.2943471670516,0.371089953309928,0.335845232091521,0.426503568718449,0.419136073889048,0.401416775295106,0.335962416957713,0.412719976832175,0.395168576757832,0.338382182143011,0.368639848612999
"NG-13640_CMK_lib259808_5981_3",0.41860953757403,0.439030820060658,0.441585219457605,0.414176663123115,0.420688009485318,0.403528359086495,0.33078683020836,0.422617489488527,0.346770964152391,0.392257579492431,0.376236279108811,0.441304129465432,0.395545065428353,0.460868994453823,0.283656835602477,0.384492248738937,0.459171130767762,0.433261303076735,0.429816411905005,0.405124277965221,0.427274644741338,0.333532516626794,0.378530888553287,0.399398641565829,0.42356392957863,0.463364425573244,0.437331004827211,0.419800306440886,0.397701308253922,0.392401846505254,0.435597586040975,0.414572937986545,0.406909061616044
"NG-13640_CML_T1_lib259818_5981_7",0.376420979626662,0.45843118888825,0.483082949062349,0.453209283114149,0.42072517367621,0.425559441937921,0.364489853357279,0.486484440213327,0.356019363280071,0.444296612010012,0.361664547924255,0.400768024098334,0.373578961245049,0.367528764942879,0.328732610353515,0.382076285723426,0.487796428942863,0.480733265407263,0.438926466875986,0.460896189186333,0.464018660743267,0.353531864858886,0.425524477905399,0.423573629260238,0.412177500553519,0.439912264881698,0.474564641925128,0.472835715513838,0.429396320525657,0.496617803960127,0.488919243355618,0.458338897187576,0.414489627612146
"NG-13640_ELF_153_lib259809_5981_3",0.398804725246287,0.451621145619952,0.467576277060875,0.447059956602611,0.40851616212557,0.419610300271444,0.365037143156809,0.446491818791266,0.347016030407335,0.418364312507568,0.358850692435871,0.404864880952293,0.379512458343373,0.526125077094074,0.29826891134523,0.357866462730541,0.477785966914413,0.434051093474589,0.445223171137111,0.440741864611382,0.436176624709746,0.325674012319246,0.384055846577321,0.415373121061866,0.420022527476764,0.456696729181724,0.463176516855584,0.451907357272982,0.42134671809251,0.42267980333044,0.455852765279433,0.413083379128215,0.421347919732223
"NG-13640_EM_2_lib259814_5981_7",0.401937480395787,0.471585471560247,0.472956817088246,0.471863595233709,0.415719488582455,0.421256496942589,0.384810539064645,0.449934799491335,0.313974947097176,0.427543161716126,0.34752651461576,0.402851063539974,0.406367915754256,0.542511729605444,0.241568192747983,0.383257883852894,0.492584170213821,0.466206586610124,0.459540921251653,0.447469395805471,0.420640320431402,0.288469757163047,0.372964947958307,0.412953989958736,0.394948423337088,0.464106110553244,0.451448857690164,0.436253771533083,0.407072675517977,0.408321533019279,0.458047750899094,0.406703635048911,0.413988295537576
"NG-13640_EOL_1_lib248390_5885_6",0.390989146563495,0.441931000224707,0.458196591922001,0.454286446314109,0.397908611557874,0.417885792041218,0.419849973996224,0.446396257471227,0.350959812576151,0.431052365273264,0.327540361156096,0.407395164513082,0.388228179722683,0.544219475891718,0.273155846667504,0.391718444917222,0.489387608073601,0.459899199798754,0.456380940822365,0.399931327034999,0.410302730195266,0.28371384484571,0.371704989529444,0.404765348376827,0.408948360296776,0.481930241248499,0.456443790819973,0.417299008824553,0.374010702854958,0.413411971725149,0.423991834373095,0.366429817741046,0.413252639565899
"NG-13640_F_36P_lib248396_5885_1",0.4312509524902,0.444673397221029,0.45011179057986,0.42750985412527,0.428447950975826,0.409334045625157,0.321511880058145,0.441387297471149,0.350667356855426,0.408929031029957,0.362223854371419,0.426397360371034,0.387412735130987,0.39423925350621,0.289335732539849,0.402963240407702,0.475474190691086,0.442386303653119,0.455980610757439,0.440274083738934,0.462048895020225,0.32749347093309,0.379014116546825,0.403384189392857,0.426449157293104,0.452023726800582,0.456185731493573,0.442577667064013,0.411347358443197,0.364842215747286,0.448785993595085,0.422277212526681,0.394623175391237
"NG-13640_HEL_lib248397_5885_1",0.415782088785285,0.423102470123292,0.415903074842243,0.391197785924027,0.380017701471856,0.37703626050206,0.261764635573914,0.411476799871971,0.329221385472188,0.364185002638435,0.377847995658142,0.430328001823466,0.383012059614736,0.360764221299909,0.267713365871059,0.350659879614347,0.422156513883917,0.407458493017783,0.396139796993833,0.399624348019421,0.406094134662798,0.324037278440021,0.37054707117973,0.371404910886322,0.409825950650078,0.427720602019242,0.414557606966169,0.36963689272895,0.396351828464973,0.336804544095115,0.416135795403949,0.401362088578304,0.358698492152427
"NG-13640_HL60_lib236384_5767_8",0.391506885155796,0.407449003253351,0.427863680052644,0.424970525982732,0.359724520623701,0.386894322011598,0.36866109208362,0.427468603555505,0.334580400220133,0.389631145521005,0.335326561187669,0.36298122170521,0.352453797247798,0.487232462863631,0.282077298338963,0.3431352434212,0.428097677492594,0.426058732996377,0.403879405892372,0.389981650868318,0.375403380842963,0.303412447515363,0.360689943610874,0.372815393125733,0.387231658485196,0.448180698125325,0.421753355673508,0.372283872941004,0.355905972991809,0.38315403949138,0.408002311040753,0.389190852448776,0.359466356022063
"NG-13640_K_562_RNA_lib206692_5568_1",0.391088408054371,0.470188726159636,0.45314504655624,0.44063663885988,0.414107791370852,0.411034542735367,0.213919698703143,0.484433098126265,0.273053608372839,0.429782226145045,0.361226049413938,0.381928246042399,0.383651665818596,0.211224693606222,0.226243742582632,0.362375371585096,0.451466837528468,0.471970503457332,0.408524061285454,0.434617254521822,0.443827843893899,0.277022257844972,0.377615351686716,0.408580517584762,0.394803573711743,0.424196395672024,0.452959804402708,0.406169625634808,0.393626412937239,0.295319111972269,0.450683702844634,0.440999585870468,0.35479609464675
"NG-13640_KASUMI_1_RNA_lib206691_5568_1",0.416484953969234,0.452180250105966,0.493789189334148,0.451567983259951,0.401193168968912,0.415974223761258,0.334174861855839,0.459837478716181,0.37716459081493,0.435269107616934,0.358088295416135,0.411781449857907,0.380379807763908,0.478853192410714,0.314713455430974,0.357892477770508,0.479753439034978,0.465511561764668,0.477311071397277,0.447698609205229,0.432368001197155,0.335047913511276,0.400057346415902,0.410884054940789,0.481455625428664,0.493892780451808,0.455356063629129,0.450159689078106,0.417959672076254,0.400523004788937,0.466454718250059,0.478738238119756,0.433001326393782
"NG-13640_KCL_22_lib259815_5981_7",0.449368394899845,0.484239411305302,0.498552507960981,0.470439473184785,0.452225038314887,0.42109145457717,0.29513609463578,0.482064531548771,0.378474568702922,0.447770529149287,0.375992081880408,0.451857345415946,0.410594515566742,0.41733061934713,0.312919964551422,0.401728138792841,0.505964929011648,0.476083823630207,0.493928892609002,0.464836273455993,0.460498718434666,0.350421307290803,0.40972117944361,0.418079758266099,0.486695885654792,0.493643443208213,0.469657415996251,0.430957726058704,0.431547592531553,0.380452589355217,0.484751025310985,0.468881985861712,0.449298954778495
"NG-13640_KG_1_lib248391_5885_6",0.360299791716951,0.428822051631192,0.441238136734454,0.41926679745529,0.381374726313537,0.390492085004707,0.393982534625378,0.407788049714275,0.317193713376711,0.383558958511376,0.322218264418683,0.394129469195961,0.362849588156586,0.556166847417359,0.250494478476695,0.353963189646524,0.460600001699361,0.412138653900491,0.416134699257772,0.411441278571599,0.398353770355124,0.292481574280851,0.339044608313319,0.382833136907745,0.377418836147408,0.441965125590144,0.431036561132238,0.43447250638686,0.385332919908108,0.433217808673127,0.430122695699349,0.367308916432539,0.3878577521738
"NG-13640_KU812_lib236377_5767_8",0.450130060988683,0.495822853583277,0.508599320358576,0.446292011438816,0.473063764923698,0.438846646234519,0.282536984994847,0.486852874323127,0.354226579937592,0.428794303351896,0.440165159311599,0.492400601262028,0.453480036831748,0.402231983192274,0.302575267648769,0.416319179760512,0.514910287799652,0.478825959380532,0.462010014070322,0.466909153826516,0.495846488286804,0.348630780103392,0.45988947446779,0.435016273676011,0.44437138513272,0.458919871369134,0.484152273904099,0.413268787510508,0.491329070887629,0.403599025749269,0.479697448190793,0.440524136707315,0.434283624958517
"NG-13640_LAMA_84_lib259816_5981_7",0.425185318900681,0.490380695685483,0.479782515468949,0.482604790728637,0.452202106116908,0.457038168293283,0.298802115558334,0.483998359636625,0.304728309416093,0.440570884239183,0.389983583105122,0.44479191452137,0.424078840799124,0.397420649139257,0.244296316588219,0.406486472698707,0.501432164556635,0.472491111444997,0.446063064654731,0.46199417689036,0.48211643661515,0.293204970086232,0.392985277914921,0.450771002310491,0.409577592404274,0.452370500425694,0.48820011128978,0.412937817391486,0.440981582735898,0.365597338207323,0.483350721862853,0.42153475106303,0.406840783612334
"NG-13640_M_07e_lib259810_5981_3",0.390321184371426,0.452332184967679,0.455894357975389,0.446423545247663,0.430560513633299,0.426673239342948,0.312469630618234,0.442099143442096,0.313280811796066,0.411798718414248,0.356137690479265,0.421401713109271,0.388706518535712,0.430430192853328,0.254965174800239,0.377258302223292,0.472619024467456,0.432020959146682,0.428255245284359,0.439842177141828,0.454056326903284,0.297810259849335,0.362988704842805,0.424541564183135,0.390976077964512,0.435605133577992,0.458801328107647,0.419399560068778,0.420020129744065,0.382264746787174,0.465958359423057,0.41678474676154,0.404467612854384
"NG-13640_ME_1_lib248393_5885_6",0.340868074629835,0.388588740076127,0.386793646109803,0.377861671155705,0.335676375421177,0.359220115947077,0.360894140652732,0.379565383185428,0.30844604420581,0.35846243183023,0.288400443787666,0.353509768609131,0.330920045632243,0.581576936847251,0.248432163709025,0.306987835528189,0.40732964506032,0.378907170928782,0.387066426986764,0.368126746263671,0.370917624386299,0.277731644185967,0.310764498481854,0.351992018906353,0.353414510817907,0.416364862325071,0.398622635558006,0.391779958282042,0.337357988340845,0.385146439618625,0.382339134409501,0.341626262230682,0.369537731630353
"NG-13640_MEGAL_lib259811_5981_3",0.381664854022747,0.418494022497256,0.444587726574102,0.401216909976087,0.379201731936675,0.381887207834567,0.338071266514202,0.411249503592112,0.357503483666806,0.366918491092253,0.368071301385048,0.415838111287462,0.386489237579329,0.470340093431099,0.30536919272289,0.337676911218179,0.435022362956625,0.390794242432518,0.402287695075014,0.420618798157571,0.419903283712486,0.325799348326214,0.366111919807491,0.375751076715221,0.408804722185935,0.43910294754027,0.431442722720296,0.407531253914169,0.404118343447037,0.414564131097208,0.451550936538635,0.414884730157907,0.385841975293502
"NG-13640_MKPL_1_lib259812_5981_3",0.427383942062461,0.462966180510602,0.464794628102602,0.423825420633443,0.424867707047367,0.406104699355276,0.295668456459393,0.421640108808286,0.329028542944869,0.383568400345839,0.38709885006642,0.440459049958352,0.404194211392608,0.406934267981448,0.275484820331409,0.388720298094424,0.474897955097628,0.429566286154544,0.438134853770501,0.440900893501166,0.450492092921343,0.32180073127922,0.398669846172697,0.404722796996658,0.426954383203044,0.446284162263689,0.439907022521169,0.415888802639178,0.433847135624449,0.374790250244157,0.4669831013047,0.429187935027,0.405210948625094
"NG-13640_MOLM13_lib236379_5767_8",0.370005227671943,0.420995505184864,0.424478425364409,0.441415735905538,0.395728073268258,0.418057496922741,0.377458014751507,0.428507247816597,0.307709726556407,0.415462166194469,0.312939310811568,0.374267378886647,0.378003989093294,0.520229783687893,0.236440858054229,0.382957118926331,0.463791975846918,0.43383060595313,0.420430786062799,0.385780263815081,0.40248930817178,0.261839780702619,0.335691634179183,0.406275204317015,0.365694250957942,0.440269844470471,0.440556591854643,0.376374764987681,0.361173480230652,0.368441754617585,0.401677016523616,0.336559817607086,0.395799213051595
"NG-13640_MOLM_20_lib259817_5981_7",0.449713993898851,0.464574210789607,0.527362159164608,0.459225767029781,0.460022980624595,0.413892895824523,0.305672355750838,0.450522465143076,0.412378117945922,0.414861275067382,0.438605416197008,0.504467531212565,0.484431470600649,0.511407550165479,0.362413383690777,0.391943107949712,0.520950025611637,0.471757605596016,0.510298016466407,0.481857491748274,0.480002355477418,0.376722000623086,0.459787635114169,0.408785886503814,0.480771975457902,0.484904968052656,0.454888438830372,0.450299481879895,0.503220474405737,0.451706664934851,0.505752367238911,0.472492225652061,0.464280909359809
"NG-13640_MONO_MAC_6_lib248394_5885_6",0.422869549998508,0.473078186872106,0.478829152830106,0.488278104812329,0.441791359608767,0.43578699666791,0.35420709738767,0.464746965272806,0.342828107287113,0.452698597254636,0.362669248157371,0.425423938263454,0.421746005206026,0.451354735198664,0.263676343955425,0.414790827743515,0.507428302218568,0.482933899515723,0.463068714731146,0.436117419488895,0.448640822116807,0.293626834983281,0.385164377542492,0.428148906382102,0.43497857647414,0.496125876852436,0.462331856433076,0.398143908836933,0.408678743503796,0.386015261858648,0.464155240258583,0.41958622379589,0.437965187622747
"NG-13640_MONO_MAC_6_lib248394_5904_3",0.399165757972826,0.434691482569937,0.444564815629164,0.455871739520034,0.410343367039017,0.40121161518046,0.351847291573659,0.423224727766924,0.320657400731754,0.418427496837457,0.336684555032833,0.397277513943049,0.39860885148589,0.459943316552543,0.248947191740875,0.386505803876188,0.467090050965187,0.447165106510968,0.440262506499554,0.409230958229546,0.413010261449444,0.282772722060546,0.358636167560783,0.393159154972794,0.409361556613658,0.475602536839485,0.426779432124906,0.376422243362213,0.3757292423358,0.379763633538464,0.428778946000341,0.391037770855752,0.419554685800975
"NG-13640_MUTZ_3_lib259806_5981_3",0.353633945644756,0.416575110892001,0.413433646555151,0.425705164011375,0.383330557807911,0.413071104201853,0.333987552611284,0.422069900685686,0.289572483054056,0.404423428378735,0.31521605361594,0.396366424583266,0.364352906033363,0.521590135855838,0.216775490505677,0.358127516719854,0.466218206000927,0.415685804327444,0.406264708506084,0.374673297114117,0.416812003362888,0.246343507448916,0.314605730409889,0.400774405142496,0.349812667147205,0.425906565012178,0.441847777262808,0.383874341769868,0.360281983380881,0.371943653139683,0.397584299162934,0.315333562296577,0.36317250082608
"NG-13640_MUTZ_3_lib259806_5991_5",0.330982527229505,0.393758195064136,0.393714042512639,0.399799921853422,0.351692397532599,0.39406361724078,0.339092908747727,0.396847853302771,0.283684087073472,0.383784163349346,0.292593676906954,0.368690113191146,0.337185487591645,0.523236141948889,0.212042127088786,0.329052818481356,0.440157635607565,0.396745967185099,0.388729488323947,0.352205868699091,0.385891442829405,0.237646505203315,0.289154901397068,0.380699278719077,0.334399505889365,0.416909068689042,0.417263549239117,0.370641515751086,0.32939497712755,0.35958284866414,0.371263771357772,0.298095158511772,0.350353626040981
"NG-13640_NALM_1_lib265127_5989_8",0.352890054649723,0.410736141077859,0.452983890582094,0.427138488897196,0.369339341462421,0.388051420081164,0.421242421634622,0.414341123506863,0.342601738930722,0.40373592535319,0.326633029835768,0.372739338363196,0.353387915596251,0.449133589356414,0.280167419361784,0.346079152400227,0.447731391504771,0.418270945855239,0.413046196034011,0.418112548552993,0.383611720098516,0.288641457342907,0.347552256974451,0.380386892392131,0.39399940394502,0.456442502859756,0.435631477874444,0.444652232867704,0.390339974853229,0.450200501332532,0.439156126122794,0.390153220023105,0.406389252000277
"NG-13640_NB4_lib236380_5767_8",0.385315670612447,0.451193256767952,0.452010477853384,0.467893263291056,0.397311527238584,0.418064183446589,0.381481606308231,0.455399043568736,0.320420612938801,0.433867648778812,0.323803198977517,0.373464472519848,0.365773682716362,0.496710487845925,0.244579476188179,0.36849921528151,0.46345406432112,0.450108817101416,0.436573793236259,0.431369664307215,0.419447754370888,0.270411753410157,0.352424735519999,0.412014906760396,0.399677692178432,0.454851180377536,0.460381448425956,0.432848000071318,0.37606859128216,0.399417466270159,0.449003990706756,0.408406152156933,0.400115509044443
"NG-13640_OCI_AML_3_lib248392_5885_6",0.425117514529964,0.444237050912344,0.462373599931304,0.449320910193401,0.419779753042901,0.397635221997507,0.299487295793596,0.438055715551694,0.368456759755666,0.426674965128648,0.356415933246364,0.420858743964171,0.39918809468994,0.37663608297827,0.294176010898855,0.377298199175106,0.465935770933878,0.443919809783434,0.47256085045742,0.415966459219447,0.431689973283861,0.309314132423693,0.378204171134833,0.389771310796765,0.458293774620122,0.490639778400034,0.434013758662143,0.365480399070808,0.387999358414407,0.344298864881853,0.437203008436244,0.423386178040755,0.430838944667338
"NG-13640_OCI_M2_lib259807_5981_3",0.49289113293372,0.451969733479674,0.482433296716723,0.421021623231426,0.420994435081063,0.383077646309188,0.220696375881403,0.446692438523023,0.3836763964019,0.390282240128863,0.42260762280525,0.464842270855501,0.424504520200406,0.262626817058456,0.345566696299195,0.384288293885497,0.442189246172241,0.439216881283534,0.45299426583351,0.462937923122534,0.441843159080024,0.3767633355882,0.441626467983202,0.384879225808298,0.496867563988573,0.481403064847945,0.432623177995015,0.451229046103023,0.438232345698549,0.341762352499399,0.480374951923767,0.535299014649072,0.443649897821158
"NG-13640_SKNO_1_lib259805_5981_3",0.406753395271054,0.435491266447688,0.448980972929641,0.447482276093971,0.404448467904146,0.412784502311113,0.378999814414609,0.442860622205744,0.349268830878457,0.414400514432798,0.328958831054282,0.395899937902807,0.374761098374182,0.537029457812537,0.28204909498168,0.373215763724138,0.484525645938594,0.44645879503494,0.433340743330389,0.422944922046497,0.429251263816169,0.308490037490027,0.362255788563518,0.406177248980201,0.414574590428696,0.465092567044873,0.453276129068934,0.420298857180387,0.403678315571097,0.403689073225671,0.449383540609304,0.407335331958943,0.418608426849616
"NG-13640_SKNO_1_lib259805_5991_5",0.384690719659699,0.424187747479531,0.440828494591982,0.435334159191834,0.391176575957083,0.395919337030089,0.379646022513656,0.42591210996135,0.34089133280368,0.403253475187862,0.315335176141912,0.377184809156843,0.362357095392325,0.528156434815129,0.272189514770274,0.357092626801244,0.468021265085293,0.433894726763735,0.428956820899116,0.412385744382583,0.411423433572649,0.296702407038999,0.35627528008619,0.389075775901653,0.404344596588272,0.456641427652938,0.435589279800928,0.408833477355738,0.389533141389408,0.397002192505817,0.436405529440057,0.392841143600576,0.406367260277939
"NG-13640_TF_1_lib259824_5972_8",0.429913945569325,0.466231592359519,0.455984286475605,0.417828927261568,0.426434758646527,0.417925592066936,0.268094623223785,0.455429801254311,0.311981747622642,0.395782014302067,0.400052801129052,0.454876777089634,0.40552928391996,0.362843752782966,0.259078452502253,0.401488799289513,0.480126869500282,0.458515469746072,0.430848786397191,0.425972277432875,0.443030136782946,0.314346961523623,0.415317471596272,0.413631355513641,0.416976725221426,0.437051710014863,0.457638725092226,0.398798630922395,0.430839068017575,0.372710787113671,0.445708098916783,0.408801138987536,0.366764863925517
"NG-13640_THP_1_lib248383_5885_5",0.443150177999463,0.487027294328731,0.502796721022369,0.486420299007985,0.458050123723542,0.432766865569088,0.331570139322287,0.476449982366255,0.384995051346897,0.46051160980898,0.38915457916512,0.458563923887046,0.44470563797835,0.417355710634436,0.309097344011363,0.421997330028296,0.502052948496612,0.497691822034777,0.49903171405924,0.464223942241316,0.456674608938609,0.329352743336292,0.420365907260548,0.430366222274636,0.489173590547878,0.512283777861475,0.466455253648033,0.454779747487099,0.44012397164945,0.397984318494624,0.479959931960021,0.47362932235752,0.482481275162579
"NG-13640_TK_6_lib259820_5981_7",0.3681863229871,0.426858289190266,0.463840621903892,0.414665356156316,0.402833500003121,0.394023637540138,0.349005511791428,0.436483041295602,0.346643594554844,0.396766268358343,0.373825917597698,0.408863541604964,0.384432689937726,0.405530316046474,0.301413377812817,0.365288508373265,0.458356423745534,0.431828052974214,0.417700492141942,0.423643077714091,0.423704471608733,0.315272299672412,0.402028185758404,0.391779998677409,0.404125051096984,0.433155858412184,0.43789805724775,0.441437997461556,0.423636836569268,0.492367429351615,0.446549080239772,0.410281793818228,0.397527365175541
"NG-13640_U_937_lib248395_5885_6",0.376423128728081,0.401176926852379,0.417218490592004,0.407871140905695,0.375597174717972,0.39421778589922,0.305536998861652,0.440301777527223,0.347143279356539,0.397969668027539,0.328674695267889,0.390814752682232,0.355549246460713,0.42547295699534,0.286630285333004,0.343011222918099,0.433511808434742,0.406775149091643,0.399756037073811,0.36611383153305,0.420168561824841,0.295515880213312,0.335220951501347,0.382996278179697,0.404331223234665,0.434626353354675,0.44348288959823,0.35281730449287,0.357859875255877,0.336216265497897,0.402459214646645,0.378628214197897,0.349723564891273
"NG-13640_UT_7_lib259813_5981_7",0.408043394287715,0.455137030644492,0.437627269232127,0.426197844423722,0.424802504615402,0.411098691057947,0.305965348325806,0.446305160429138,0.310552627422566,0.4067062489802,0.378233165618509,0.432983887897606,0.395617680293435,0.430906183649956,0.2572925086456,0.395412639628362,0.466251080699695,0.435365200702199,0.429692085833547,0.417320720888044,0.445033990105218,0.302691336903365,0.375282088254657,0.405619787797043,0.395718403575386,0.430066763968173,0.450815949766425,0.390551552600274,0.418565464994143,0.377005573630087,0.4234073640019,0.373250896635397,0.387101869351758
"NG-30919_RBL_13_lib628469_10098_1",0.491002832318796,0.317861677176188,0.467220925841497,0.270150625605427,0.352316753490461,0.229690940125695,0.214243603374465,0.306823010222995,0.575547120850946,0.279785110258151,0.40842485412062,0.411763531010531,0.39503673363818,0.175475799564179,0.607784387448677,0.290983043117327,0.346137361072392,0.337432924502314,0.461707810658404,0.42789756784141,0.368782397340038,0.579404234654096,0.475169196111738,0.241912910651591,0.559615098743555,0.442208552805408,0.288641215384948,0.464090123785156,0.445765008311353,0.360590915761784,0.429948783006795,0.575545799730575,0.508032040842365
"NG-30919_RBL_14_lib628470_10098_1",0.501571060498932,0.319689143171137,0.481516042095562,0.26654364331379,0.369742696741997,0.230290669995906,0.183197068078431,0.318698326532973,0.583107970315004,0.2842412961909,0.434716832213589,0.440356008226857,0.419878850584527,0.117041262375866,0.619595290275755,0.290008073011713,0.352772464062647,0.354258491283269,0.477848533923424,0.435078675756665,0.401613204172427,0.593112775282498,0.496564447434931,0.242745200787118,0.579477749531283,0.440185542179212,0.295108709371617,0.45647894954846,0.471718740753574,0.340081253235379,0.445443108491377,0.594302291948933,0.505607413247691
"NG-30919_RBL_15_lib626622_10098_2",0.479636161430276,0.318734971193835,0.459385198361219,0.297239468666129,0.344240346663772,0.231015000152692,0.250892648236316,0.312521394138891,0.536824830890536,0.286965814413709,0.389021178949272,0.395484271473888,0.389336371527756,0.190698201448993,0.563752291471459,0.28562987736041,0.340749340215871,0.333609284941275,0.435280398588091,0.431541411842162,0.35668787676397,0.543830046325951,0.445703736169261,0.241530896352624,0.520984080045387,0.436083862815132,0.297204195848655,0.470510580401694,0.428718481699128,0.369932980228511,0.434367972373218,0.554689864948231,0.493952340950822
"NG-30919_RBL_15_lib626622_10102_4",0.475136147162755,0.310394164049664,0.445634830840416,0.287404934410932,0.330839019655101,0.22631676599654,0.250157053436566,0.302829630001214,0.527742120179195,0.275936917212169,0.378451994807171,0.38416697438825,0.378689108915011,0.194068077171978,0.556431526989972,0.277680482468881,0.330061247415549,0.322067003796362,0.426597916508176,0.422821893490301,0.343934989769464,0.536146750924231,0.430529504401211,0.236158184935309,0.510197437694823,0.422077067174851,0.287252384962685,0.464182194466629,0.421814519937736,0.366159053892345,0.423344949624243,0.54074407108397,0.483443145391423
"NG-30919_RBL_18_lib626623_10098_1",0.481409245346481,0.284393679208832,0.439276356754607,0.24467611842787,0.325127325898336,0.204681078719107,0.211124528965923,0.278640201288851,0.581167101202559,0.256509971879819,0.387325206801972,0.393317010349326,0.375380733727699,0.148687920177504,0.622687199815676,0.259019872112114,0.314631118800568,0.315890161845502,0.443956215676509,0.407561152655938,0.352410604774208,0.586439376869687,0.459800863267864,0.217807003001923,0.558679262852526,0.421141917389644,0.258991159120183,0.454110238842773,0.42678290828945,0.342951402810398,0.416908450019984,0.572967051859908,0.492373017894297
"NG-30919_RBL_20_lib626624_10098_1",0.483938760069668,0.303422720669904,0.46190117614737,0.269143091832452,0.350628610147675,0.227842513005088,0.211571009778015,0.298118518283466,0.572266971143714,0.276875637063399,0.400974935203474,0.418254581785753,0.402145123450055,0.15272531523621,0.60755816964218,0.28141464994158,0.339645626842698,0.3336514869607,0.44784490534935,0.427647183344532,0.372656794826621,0.580344736684586,0.464407211373416,0.238896794697055,0.545951018698255,0.42816535951013,0.279783479832229,0.456057227822569,0.438422328739861,0.350696184453649,0.43687585765982,0.571303280679434,0.488902659332417
"NG-30919_RBL_20_lib626624_10102_3",0.489580307575797,0.304138152758614,0.460418463808502,0.267689333628011,0.351724780706297,0.225994001982476,0.217807575901904,0.300161307310971,0.574085233106781,0.276338286401751,0.402743862155955,0.416635869303747,0.400957280091433,0.156871051290097,0.60931997146005,0.284761653817081,0.336503485346345,0.333889237036816,0.448306296592702,0.424473201187222,0.371210263403336,0.582598815326386,0.461836641342288,0.237401084329148,0.543990702926671,0.431659271516784,0.281419873265809,0.46173662137632,0.444125415036381,0.355127055535518,0.428373787833025,0.570186151646145,0.494944001902538
"NG-30919_RBL_30_lib628471_10098_1",0.497219951746963,0.312541407606104,0.464772675216825,0.262616922991577,0.349618794199299,0.22553226812986,0.212315784983883,0.305649096135863,0.585753776428309,0.275828462808855,0.410207725952399,0.422141964408089,0.401489344582329,0.158281500390946,0.617736177240643,0.286149411702771,0.337820380683543,0.339881453322408,0.463691390948128,0.426148018982241,0.375071961430864,0.594946079853376,0.477475132228442,0.236644008120613,0.566505796278196,0.437678453792465,0.285725523777732,0.462686334283594,0.447104642323076,0.353768863970305,0.429762285643593,0.576997289234764,0.4990428389202
"NG-30919_RBL_7_lib628468_10098_1",0.481970372023997,0.334063853543524,0.474925734615608,0.298310255906205,0.366128337534648,0.254606276807423,0.209120967231759,0.336765384608049,0.560714549480299,0.305776656657857,0.421827557395733,0.416405180795262,0.39560707374192,0.135759498637612,0.601353336860291,0.292526573690335,0.351295242301964,0.352424456708011,0.457431559954211,0.438024345083895,0.40023616254069,0.568722707223615,0.494567256498204,0.266654811694828,0.563467035201803,0.430412535324985,0.313870549134842,0.471476589562039,0.463981743664357,0.363319340280635,0.457697561143483,0.588602381947627,0.510867411136687
"NG-30919_WERI_RB1_lib628472_10098_1",0.465206744603269,0.374472718206724,0.492111786142827,0.351960724325962,0.410885385687575,0.312512993350757,0.187860416600221,0.38558100442012,0.483505463573411,0.349279688798837,0.413500111788018,0.41303986431335,0.405021391518699,0.113327128104833,0.50193842238825,0.328791533535487,0.395164789438003,0.384817669780193,0.458162151190624,0.453268253833633,0.441077023586927,0.497160774368361,0.481519150389745,0.326904113496949,0.518401353348998,0.426220138629699,0.369855648996278,0.461357880283333,0.450175636087352,0.331230515464199,0.489770209033024,0.591771085802767,0.483529025690121
"NG-30919_Y_79_lib626626_10098_1",0.459752175168183,0.350836421093525,0.445605256175278,0.336506130039021,0.356264069916308,0.269455382432153,0.230220940124531,0.349752113205116,0.463352476532094,0.326805523010272,0.362670647228145,0.36092949412103,0.360574203523336,0.153558377907727,0.492461418354408,0.289771452528779,0.342666265120908,0.357725421959017,0.437822230590883,0.434851814125795,0.379586469695864,0.487290501149413,0.434837058981289,0.281359289477365,0.49854468925433,0.421456217566148,0.327686407025597,0.47246443125574,0.40381672303152,0.350285551591246,0.451021261070938,0.564976660194886,0.487973234305023
