"sample_id","tcga_cohort","rho"
"NG-A2798_CCLF_PEDS_0051_T_libLAI2540","ACC",0.446782766455131
"NG-A2798_CCLF_PEDS_0051_T_libLAI2540","BLCA",0.432496647068359
"NG-A2798_CCLF_PEDS_0051_T_libLAI2540","BRCA",0.477448871274328
"NG-A2798_CCLF_PEDS_0051_T_libLAI2540","CESC",0.359596542325626
"NG-A2798_CCLF_PEDS_0051_T_libLAI2540","CHOL",0.417172534767974
"NG-A2798_CCLF_PEDS_0051_T_libLAI2540","COAD",0.301036172424619
"NG-A2798_CCLF_PEDS_0051_T_libLAI2540","DLBC",-0.00316595474848715
"NG-A2798_CCLF_PEDS_0051_T_libLAI2540","ESCA",0.439814316082896
"NG-A2798_CCLF_PEDS_0051_T_libLAI2540","GBM",0.359916168093091
"NG-A2798_CCLF_PEDS_0051_T_libLAI2540","HNSC",0.404169372001398
"NG-A2798_CCLF_PEDS_0051_T_libLAI2540","KICH",0.396175607108958
"NG-A2798_CCLF_PEDS_0051_T_libLAI2540","KIRC",0.441827576341019
"NG-A2798_CCLF_PEDS_0051_T_libLAI2540","KIRP",0.418732451049776
"NG-A2798_CCLF_PEDS_0051_T_libLAI2540","LAML",-0.00999532616460265
"NG-A2798_CCLF_PEDS_0051_T_libLAI2540","LGG",0.306633969269043
"NG-A2798_CCLF_PEDS_0051_T_libLAI2540","LIHC",0.30045660646214
"NG-A2798_CCLF_PEDS_0051_T_libLAI2540","LUAD",0.400937806182315
"NG-A2798_CCLF_PEDS_0051_T_libLAI2540","LUSC",0.409399859090432
"NG-A2798_CCLF_PEDS_0051_T_libLAI2540","MESO",0.546276692381341
"NG-A2798_CCLF_PEDS_0051_T_libLAI2540","OV",0.39116625715437
"NG-A2798_CCLF_PEDS_0051_T_libLAI2540","PAAD",0.457645552852179
"NG-A2798_CCLF_PEDS_0051_T_libLAI2540","PCPG",0.36625743749961
"NG-A2798_CCLF_PEDS_0051_T_libLAI2540","PRAD",0.455424519224176
"NG-A2798_CCLF_PEDS_0051_T_libLAI2540","READ",0.308004915227718
"NG-A2798_CCLF_PEDS_0051_T_libLAI2540","SARC",0.569450666685708
"NG-A2798_CCLF_PEDS_0051_T_libLAI2540","SKCM",0.413122889980699
"NG-A2798_CCLF_PEDS_0051_T_libLAI2540","STAD",0.364970056907844
"NG-A2798_CCLF_PEDS_0051_T_libLAI2540","TGCT",0.244739421694256
"NG-A2798_CCLF_PEDS_0051_T_libLAI2540","THCA",0.457391016717273
"NG-A2798_CCLF_PEDS_0051_T_libLAI2540","THYM",0.211983251846854
"NG-A2798_CCLF_PEDS_0051_T_libLAI2540","UCEC",0.408337970230797
"NG-A2798_CCLF_PEDS_0051_T_libLAI2540","UCS",0.469791805276109
"NG-A2798_CCLF_PEDS_0051_T_libLAI2540","UVM",0.382726293804782
"NG-A0611_CHP126_libLAB6088","ACC",0.461726749371603
"NG-A0611_CHP126_libLAB6088","BLCA",0.312406390830575
"NG-A0611_CHP126_libLAB6088","BRCA",0.428483951892674
"NG-A0611_CHP126_libLAB6088","CESC",0.24587523280116
"NG-A0611_CHP126_libLAB6088","CHOL",0.334594554165542
"NG-A0611_CHP126_libLAB6088","COAD",0.219287950878468
"NG-A0611_CHP126_libLAB6088","DLBC",0.19159904572195
"NG-A0611_CHP126_libLAB6088","ESCA",0.315871964224324
"NG-A0611_CHP126_libLAB6088","GBM",0.541213654497462
"NG-A0611_CHP126_libLAB6088","HNSC",0.276375206610495
"NG-A0611_CHP126_libLAB6088","KICH",0.366549222477656
"NG-A0611_CHP126_libLAB6088","KIRC",0.380924489803366
"NG-A0611_CHP126_libLAB6088","KIRP",0.348772822433276
"NG-A0611_CHP126_libLAB6088","LAML",0.113218122773278
"NG-A0611_CHP126_libLAB6088","LGG",0.576915784479682
"NG-A0611_CHP126_libLAB6088","LIHC",0.274193760855422
"NG-A0611_CHP126_libLAB6088","LUAD",0.304672995515534
"NG-A0611_CHP126_libLAB6088","LUSC",0.33045714235415
"NG-A0611_CHP126_libLAB6088","MESO",0.434227503501962
"NG-A0611_CHP126_libLAB6088","OV",0.40380877285878
"NG-A0611_CHP126_libLAB6088","PAAD",0.362971623895287
"NG-A0611_CHP126_libLAB6088","PCPG",0.604629392747437
"NG-A0611_CHP126_libLAB6088","PRAD",0.442877279838194
"NG-A0611_CHP126_libLAB6088","READ",0.230919790923687
"NG-A0611_CHP126_libLAB6088","SARC",0.56189884279699
"NG-A0611_CHP126_libLAB6088","SKCM",0.446157926100996
"NG-A0611_CHP126_libLAB6088","STAD",0.291749146952025
"NG-A0611_CHP126_libLAB6088","TGCT",0.42765083029196
"NG-A0611_CHP126_libLAB6088","THCA",0.382595606738555
"NG-A0611_CHP126_libLAB6088","THYM",0.315740070249759
"NG-A0611_CHP126_libLAB6088","UCEC",0.402611871745931
"NG-A0611_CHP126_libLAB6088","UCS",0.59024991687202
"NG-A0611_CHP126_libLAB6088","UVM",0.465324875389962
"NG-A0611_CHP134_libLAB6074","ACC",0.494823485062032
"NG-A0611_CHP134_libLAB6074","BLCA",0.31449306362984
"NG-A0611_CHP134_libLAB6074","BRCA",0.455474430158649
"NG-A0611_CHP134_libLAB6074","CESC",0.258088176103747
"NG-A0611_CHP134_libLAB6074","CHOL",0.318162208497955
"NG-A0611_CHP134_libLAB6074","COAD",0.217244831738092
"NG-A0611_CHP134_libLAB6074","DLBC",0.170600776260745
"NG-A0611_CHP134_libLAB6074","ESCA",0.326923968350562
"NG-A0611_CHP134_libLAB6074","GBM",0.557303887371074
"NG-A0611_CHP134_libLAB6074","HNSC",0.297433929262677
"NG-A0611_CHP134_libLAB6074","KICH",0.375017015255531
"NG-A0611_CHP134_libLAB6074","KIRC",0.395657039497394
"NG-A0611_CHP134_libLAB6074","KIRP",0.343264046397989
"NG-A0611_CHP134_libLAB6074","LAML",0.0935188141219711
"NG-A0611_CHP134_libLAB6074","LGG",0.582652384240408
"NG-A0611_CHP134_libLAB6074","LIHC",0.263108770337584
"NG-A0611_CHP134_libLAB6074","LUAD",0.302853838982134
"NG-A0611_CHP134_libLAB6074","LUSC",0.3445664437375
"NG-A0611_CHP134_libLAB6074","MESO",0.455170928167777
"NG-A0611_CHP134_libLAB6074","OV",0.394966181879653
"NG-A0611_CHP134_libLAB6074","PAAD",0.355853561390066
"NG-A0611_CHP134_libLAB6074","PCPG",0.585074959874988
"NG-A0611_CHP134_libLAB6074","PRAD",0.458119966740016
"NG-A0611_CHP134_libLAB6074","READ",0.230374098485863
"NG-A0611_CHP134_libLAB6074","SARC",0.617540304033065
"NG-A0611_CHP134_libLAB6074","SKCM",0.470021263291995
"NG-A0611_CHP134_libLAB6074","STAD",0.290266780649482
"NG-A0611_CHP134_libLAB6074","TGCT",0.449107601476102
"NG-A0611_CHP134_libLAB6074","THCA",0.393246259992697
"NG-A0611_CHP134_libLAB6074","THYM",0.303115299554483
"NG-A0611_CHP134_libLAB6074","UCEC",0.419301666543291
"NG-A0611_CHP134_libLAB6074","UCS",0.639504708091578
"NG-A0611_CHP134_libLAB6074","UVM",0.486024123319801
"NG-A0611_GIMEN_libLAB6073","ACC",0.424520476536587
"NG-A0611_GIMEN_libLAB6073","BLCA",0.394506581359028
"NG-A0611_GIMEN_libLAB6073","BRCA",0.441094908839347
"NG-A0611_GIMEN_libLAB6073","CESC",0.331501889124396
"NG-A0611_GIMEN_libLAB6073","CHOL",0.363069479603556
"NG-A0611_GIMEN_libLAB6073","COAD",0.26249632669595
"NG-A0611_GIMEN_libLAB6073","DLBC",0.0685042206420873
"NG-A0611_GIMEN_libLAB6073","ESCA",0.397513864487056
"NG-A0611_GIMEN_libLAB6073","GBM",0.413367740157136
"NG-A0611_GIMEN_libLAB6073","HNSC",0.378855857439997
"NG-A0611_GIMEN_libLAB6073","KICH",0.343540996048106
"NG-A0611_GIMEN_libLAB6073","KIRC",0.383231877870614
"NG-A0611_GIMEN_libLAB6073","KIRP",0.365785083253812
"NG-A0611_GIMEN_libLAB6073","LAML",0.0414665843721089
"NG-A0611_GIMEN_libLAB6073","LGG",0.361255140089706
"NG-A0611_GIMEN_libLAB6073","LIHC",0.271398046489623
"NG-A0611_GIMEN_libLAB6073","LUAD",0.343967527710085
"NG-A0611_GIMEN_libLAB6073","LUSC",0.385172077388534
"NG-A0611_GIMEN_libLAB6073","MESO",0.44428405811537
"NG-A0611_GIMEN_libLAB6073","OV",0.369485114026178
"NG-A0611_GIMEN_libLAB6073","PAAD",0.395728981088153
"NG-A0611_GIMEN_libLAB6073","PCPG",0.387827085110104
"NG-A0611_GIMEN_libLAB6073","PRAD",0.386441560484923
"NG-A0611_GIMEN_libLAB6073","READ",0.266718752115308
"NG-A0611_GIMEN_libLAB6073","SARC",0.554580563816715
"NG-A0611_GIMEN_libLAB6073","SKCM",0.45021240694367
"NG-A0611_GIMEN_libLAB6073","STAD",0.322292860682404
"NG-A0611_GIMEN_libLAB6073","TGCT",0.277769543747144
"NG-A0611_GIMEN_libLAB6073","THCA",0.370809895301816
"NG-A0611_GIMEN_libLAB6073","THYM",0.209173627508772
"NG-A0611_GIMEN_libLAB6073","UCEC",0.376886696196145
"NG-A0611_GIMEN_libLAB6073","UCS",0.491848118234274
"NG-A0611_GIMEN_libLAB6073","UVM",0.367960666391816
"NG-A0611_IMR32_libLAB6079","ACC",0.504914886188731
"NG-A0611_IMR32_libLAB6079","BLCA",0.314808801523259
"NG-A0611_IMR32_libLAB6079","BRCA",0.47593724989506
"NG-A0611_IMR32_libLAB6079","CESC",0.236035511509303
"NG-A0611_IMR32_libLAB6079","CHOL",0.332294533004026
"NG-A0611_IMR32_libLAB6079","COAD",0.214344515034591
"NG-A0611_IMR32_libLAB6079","DLBC",0.166192054111551
"NG-A0611_IMR32_libLAB6079","ESCA",0.315502866131999
"NG-A0611_IMR32_libLAB6079","GBM",0.596344157983134
"NG-A0611_IMR32_libLAB6079","HNSC",0.281597893734648
"NG-A0611_IMR32_libLAB6079","KICH",0.394533137404418
"NG-A0611_IMR32_libLAB6079","KIRC",0.413688280576167
"NG-A0611_IMR32_libLAB6079","KIRP",0.356354359675665
"NG-A0611_IMR32_libLAB6079","LAML",0.102775632825809
"NG-A0611_IMR32_libLAB6079","LGG",0.619952183434789
"NG-A0611_IMR32_libLAB6079","LIHC",0.264799032759855
"NG-A0611_IMR32_libLAB6079","LUAD",0.307680104381932
"NG-A0611_IMR32_libLAB6079","LUSC",0.335909689105787
"NG-A0611_IMR32_libLAB6079","MESO",0.475688885880057
"NG-A0611_IMR32_libLAB6079","OV",0.412260805077892
"NG-A0611_IMR32_libLAB6079","PAAD",0.366375992221234
"NG-A0611_IMR32_libLAB6079","PCPG",0.626291350168024
"NG-A0611_IMR32_libLAB6079","PRAD",0.484261714352066
"NG-A0611_IMR32_libLAB6079","READ",0.228180826681355
"NG-A0611_IMR32_libLAB6079","SARC",0.650613778020576
"NG-A0611_IMR32_libLAB6079","SKCM",0.476281620470937
"NG-A0611_IMR32_libLAB6079","STAD",0.28594043864417
"NG-A0611_IMR32_libLAB6079","TGCT",0.457435063583749
"NG-A0611_IMR32_libLAB6079","THCA",0.419751735589414
"NG-A0611_IMR32_libLAB6079","THYM",0.323640613194124
"NG-A0611_IMR32_libLAB6079","UCEC",0.423656581181891
"NG-A0611_IMR32_libLAB6079","UCS",0.654791102475396
"NG-A0611_IMR32_libLAB6079","UVM",0.511736294057887
"NG-A0611_KELLY_libLAB6075","ACC",0.481236774523616
"NG-A0611_KELLY_libLAB6075","BLCA",0.313730781964967
"NG-A0611_KELLY_libLAB6075","BRCA",0.454608478642784
"NG-A0611_KELLY_libLAB6075","CESC",0.249481799741973
"NG-A0611_KELLY_libLAB6075","CHOL",0.314899341458118
"NG-A0611_KELLY_libLAB6075","COAD",0.214490883995771
"NG-A0611_KELLY_libLAB6075","DLBC",0.174302092575151
"NG-A0611_KELLY_libLAB6075","ESCA",0.305563688954316
"NG-A0611_KELLY_libLAB6075","GBM",0.543895677726469
"NG-A0611_KELLY_libLAB6075","HNSC",0.280604452795317
"NG-A0611_KELLY_libLAB6075","KICH",0.369012657001953
"NG-A0611_KELLY_libLAB6075","KIRC",0.385552985522716
"NG-A0611_KELLY_libLAB6075","KIRP",0.346425682805342
"NG-A0611_KELLY_libLAB6075","LAML",0.103286592539465
"NG-A0611_KELLY_libLAB6075","LGG",0.566084332389612
"NG-A0611_KELLY_libLAB6075","LIHC",0.254961310374577
"NG-A0611_KELLY_libLAB6075","LUAD",0.299499957280482
"NG-A0611_KELLY_libLAB6075","LUSC",0.329938309758541
"NG-A0611_KELLY_libLAB6075","MESO",0.43788724723249
"NG-A0611_KELLY_libLAB6075","OV",0.40598697811966
"NG-A0611_KELLY_libLAB6075","PAAD",0.353025328859444
"NG-A0611_KELLY_libLAB6075","PCPG",0.623442806503294
"NG-A0611_KELLY_libLAB6075","PRAD",0.441771033278762
"NG-A0611_KELLY_libLAB6075","READ",0.227657332707779
"NG-A0611_KELLY_libLAB6075","SARC",0.588963145543042
"NG-A0611_KELLY_libLAB6075","SKCM",0.453298951232958
"NG-A0611_KELLY_libLAB6075","STAD",0.276439990738728
"NG-A0611_KELLY_libLAB6075","TGCT",0.423453754657553
"NG-A0611_KELLY_libLAB6075","THCA",0.389621736606356
"NG-A0611_KELLY_libLAB6075","THYM",0.326227775055254
"NG-A0611_KELLY_libLAB6075","UCEC",0.418149969340803
"NG-A0611_KELLY_libLAB6075","UCS",0.616482034429015
"NG-A0611_KELLY_libLAB6075","UVM",0.467909852320872
"NG-A0611_LAN1_libLAB6085","ACC",0.509071960239026
"NG-A0611_LAN1_libLAB6085","BLCA",0.331039699611934
"NG-A0611_LAN1_libLAB6085","BRCA",0.459905615086803
"NG-A0611_LAN1_libLAB6085","CESC",0.254785024518221
"NG-A0611_LAN1_libLAB6085","CHOL",0.327808912177402
"NG-A0611_LAN1_libLAB6085","COAD",0.220270883450989
"NG-A0611_LAN1_libLAB6085","DLBC",0.206745106258639
"NG-A0611_LAN1_libLAB6085","ESCA",0.322093777109543
"NG-A0611_LAN1_libLAB6085","GBM",0.585619510334956
"NG-A0611_LAN1_libLAB6085","HNSC",0.289438859649934
"NG-A0611_LAN1_libLAB6085","KICH",0.37842473262254
"NG-A0611_LAN1_libLAB6085","KIRC",0.393819112015957
"NG-A0611_LAN1_libLAB6085","KIRP",0.34743845647667
"NG-A0611_LAN1_libLAB6085","LAML",0.151276055983875
"NG-A0611_LAN1_libLAB6085","LGG",0.614571741910184
"NG-A0611_LAN1_libLAB6085","LIHC",0.274786865412611
"NG-A0611_LAN1_libLAB6085","LUAD",0.315230147305191
"NG-A0611_LAN1_libLAB6085","LUSC",0.340360691027614
"NG-A0611_LAN1_libLAB6085","MESO",0.467580158192957
"NG-A0611_LAN1_libLAB6085","OV",0.418480329511488
"NG-A0611_LAN1_libLAB6085","PAAD",0.361227008537916
"NG-A0611_LAN1_libLAB6085","PCPG",0.62828264465732
"NG-A0611_LAN1_libLAB6085","PRAD",0.484639676360578
"NG-A0611_LAN1_libLAB6085","READ",0.232991092590013
"NG-A0611_LAN1_libLAB6085","SARC",0.613724476345017
"NG-A0611_LAN1_libLAB6085","SKCM",0.475672044207147
"NG-A0611_LAN1_libLAB6085","STAD",0.294207673144434
"NG-A0611_LAN1_libLAB6085","TGCT",0.46472342386344
"NG-A0611_LAN1_libLAB6085","THCA",0.40508047957218
"NG-A0611_LAN1_libLAB6085","THYM",0.338036551633113
"NG-A0611_LAN1_libLAB6085","UCEC",0.425767079851773
"NG-A0611_LAN1_libLAB6085","UCS",0.629432536663906
"NG-A0611_LAN1_libLAB6085","UVM",0.511774045340165
"NG-A0611_LAN2_libLAB6083","ACC",0.46740627201812
"NG-A0611_LAN2_libLAB6083","BLCA",0.293151721072939
"NG-A0611_LAN2_libLAB6083","BRCA",0.42740516233583
"NG-A0611_LAN2_libLAB6083","CESC",0.220270978226681
"NG-A0611_LAN2_libLAB6083","CHOL",0.296243815751366
"NG-A0611_LAN2_libLAB6083","COAD",0.195268562966409
"NG-A0611_LAN2_libLAB6083","DLBC",0.166852412644809
"NG-A0611_LAN2_libLAB6083","ESCA",0.284058164336468
"NG-A0611_LAN2_libLAB6083","GBM",0.538550990330268
"NG-A0611_LAN2_libLAB6083","HNSC",0.246918093658804
"NG-A0611_LAN2_libLAB6083","KICH",0.375231585190181
"NG-A0611_LAN2_libLAB6083","KIRC",0.376348791770813
"NG-A0611_LAN2_libLAB6083","KIRP",0.339506524293389
"NG-A0611_LAN2_libLAB6083","LAML",0.0856954361306366
"NG-A0611_LAN2_libLAB6083","LGG",0.57266462370432
"NG-A0611_LAN2_libLAB6083","LIHC",0.240466181967184
"NG-A0611_LAN2_libLAB6083","LUAD",0.282404382702311
"NG-A0611_LAN2_libLAB6083","LUSC",0.307660551039168
"NG-A0611_LAN2_libLAB6083","MESO",0.414120112541499
"NG-A0611_LAN2_libLAB6083","OV",0.390179127894761
"NG-A0611_LAN2_libLAB6083","PAAD",0.33193342093285
"NG-A0611_LAN2_libLAB6083","PCPG",0.59470281296423
"NG-A0611_LAN2_libLAB6083","PRAD",0.430380919997892
"NG-A0611_LAN2_libLAB6083","READ",0.206172386761861
"NG-A0611_LAN2_libLAB6083","SARC",0.572508372742076
"NG-A0611_LAN2_libLAB6083","SKCM",0.437842364202564
"NG-A0611_LAN2_libLAB6083","STAD",0.262296767870324
"NG-A0611_LAN2_libLAB6083","TGCT",0.401206170282653
"NG-A0611_LAN2_libLAB6083","THCA",0.387421294499399
"NG-A0611_LAN2_libLAB6083","THYM",0.298011458221113
"NG-A0611_LAN2_libLAB6083","UCEC",0.394931572261823
"NG-A0611_LAN2_libLAB6083","UCS",0.586599546764827
"NG-A0611_LAN2_libLAB6083","UVM",0.445182031646739
"NG-A0611_LAN5_libLAB6087","ACC",0.520623752403497
"NG-A0611_LAN5_libLAB6087","BLCA",0.33199925144793
"NG-A0611_LAN5_libLAB6087","BRCA",0.469964943178592
"NG-A0611_LAN5_libLAB6087","CESC",0.25109278354765
"NG-A0611_LAN5_libLAB6087","CHOL",0.351667146070586
"NG-A0611_LAN5_libLAB6087","COAD",0.233435068540306
"NG-A0611_LAN5_libLAB6087","DLBC",0.19704304348639
"NG-A0611_LAN5_libLAB6087","ESCA",0.326110162154661
"NG-A0611_LAN5_libLAB6087","GBM",0.581144935933081
"NG-A0611_LAN5_libLAB6087","HNSC",0.287949893453406
"NG-A0611_LAN5_libLAB6087","KICH",0.39775258555715
"NG-A0611_LAN5_libLAB6087","KIRC",0.412302371077258
"NG-A0611_LAN5_libLAB6087","KIRP",0.362284447524408
"NG-A0611_LAN5_libLAB6087","LAML",0.135389712061576
"NG-A0611_LAN5_libLAB6087","LGG",0.599765694281173
"NG-A0611_LAN5_libLAB6087","LIHC",0.28814818835932
"NG-A0611_LAN5_libLAB6087","LUAD",0.319355588950912
"NG-A0611_LAN5_libLAB6087","LUSC",0.338237187677363
"NG-A0611_LAN5_libLAB6087","MESO",0.481734733972937
"NG-A0611_LAN5_libLAB6087","OV",0.414494406864459
"NG-A0611_LAN5_libLAB6087","PAAD",0.389137950330807
"NG-A0611_LAN5_libLAB6087","PCPG",0.655128446871483
"NG-A0611_LAN5_libLAB6087","PRAD",0.487206425802726
"NG-A0611_LAN5_libLAB6087","READ",0.24556438357839
"NG-A0611_LAN5_libLAB6087","SARC",0.635570327973258
"NG-A0611_LAN5_libLAB6087","SKCM",0.485772902377743
"NG-A0611_LAN5_libLAB6087","STAD",0.30655244451821
"NG-A0611_LAN5_libLAB6087","TGCT",0.46775109137128
"NG-A0611_LAN5_libLAB6087","THCA",0.420868009199943
"NG-A0611_LAN5_libLAB6087","THYM",0.329936993651611
"NG-A0611_LAN5_libLAB6087","UCEC",0.422920285991603
"NG-A0611_LAN5_libLAB6087","UCS",0.623039073338219
"NG-A0611_LAN5_libLAB6087","UVM",0.507294696419697
"NG-A0611_LAN6_libLAB6089","ACC",0.501590875818177
"NG-A0611_LAN6_libLAB6089","BLCA",0.334701345784607
"NG-A0611_LAN6_libLAB6089","BRCA",0.471174795073471
"NG-A0611_LAN6_libLAB6089","CESC",0.263177527732708
"NG-A0611_LAN6_libLAB6089","CHOL",0.364928325289929
"NG-A0611_LAN6_libLAB6089","COAD",0.244434237400028
"NG-A0611_LAN6_libLAB6089","DLBC",0.201063369272403
"NG-A0611_LAN6_libLAB6089","ESCA",0.317577188453589
"NG-A0611_LAN6_libLAB6089","GBM",0.529143594491655
"NG-A0611_LAN6_libLAB6089","HNSC",0.272688072993107
"NG-A0611_LAN6_libLAB6089","KICH",0.397952942140939
"NG-A0611_LAN6_libLAB6089","KIRC",0.401797058829972
"NG-A0611_LAN6_libLAB6089","KIRP",0.374220814288314
"NG-A0611_LAN6_libLAB6089","LAML",0.138544003495174
"NG-A0611_LAN6_libLAB6089","LGG",0.545694447562004
"NG-A0611_LAN6_libLAB6089","LIHC",0.307152112007346
"NG-A0611_LAN6_libLAB6089","LUAD",0.34571267597042
"NG-A0611_LAN6_libLAB6089","LUSC",0.333043698720525
"NG-A0611_LAN6_libLAB6089","MESO",0.440216152275308
"NG-A0611_LAN6_libLAB6089","OV",0.422874002121451
"NG-A0611_LAN6_libLAB6089","PAAD",0.39881862448591
"NG-A0611_LAN6_libLAB6089","PCPG",0.665410923761063
"NG-A0611_LAN6_libLAB6089","PRAD",0.464378443257576
"NG-A0611_LAN6_libLAB6089","READ",0.255599313269074
"NG-A0611_LAN6_libLAB6089","SARC",0.562483764565074
"NG-A0611_LAN6_libLAB6089","SKCM",0.454054883666801
"NG-A0611_LAN6_libLAB6089","STAD",0.310582586366236
"NG-A0611_LAN6_libLAB6089","TGCT",0.415724970311084
"NG-A0611_LAN6_libLAB6089","THCA",0.42659855750239
"NG-A0611_LAN6_libLAB6089","THYM",0.327658757938832
"NG-A0611_LAN6_libLAB6089","UCEC",0.431778949630204
"NG-A0611_LAN6_libLAB6089","UCS",0.569011766790851
"NG-A0611_LAN6_libLAB6089","UVM",0.478506276046231
"NG-A0611_LS_libLAB6078","ACC",0.490657400133236
"NG-A0611_LS_libLAB6078","BLCA",0.357966127362247
"NG-A0611_LS_libLAB6078","BRCA",0.499357429805103
"NG-A0611_LS_libLAB6078","CESC",0.282606869689746
"NG-A0611_LS_libLAB6078","CHOL",0.384358040353816
"NG-A0611_LS_libLAB6078","COAD",0.261762091152987
"NG-A0611_LS_libLAB6078","DLBC",0.103531949622599
"NG-A0611_LS_libLAB6078","ESCA",0.369880659883196
"NG-A0611_LS_libLAB6078","GBM",0.528243365414285
"NG-A0611_LS_libLAB6078","HNSC",0.316400156839011
"NG-A0611_LS_libLAB6078","KICH",0.420589879069254
"NG-A0611_LS_libLAB6078","KIRC",0.448331912076666
"NG-A0611_LS_libLAB6078","KIRP",0.395234109333508
"NG-A0611_LS_libLAB6078","LAML",0.0546998980019916
"NG-A0611_LS_libLAB6078","LGG",0.518628067280838
"NG-A0611_LS_libLAB6078","LIHC",0.303732345252938
"NG-A0611_LS_libLAB6078","LUAD",0.348883953618523
"NG-A0611_LS_libLAB6078","LUSC",0.372551648508942
"NG-A0611_LS_libLAB6078","MESO",0.481717580736876
"NG-A0611_LS_libLAB6078","OV",0.426135602259739
"NG-A0611_LS_libLAB6078","PAAD",0.408597450996384
"NG-A0611_LS_libLAB6078","PCPG",0.545357702160705
"NG-A0611_LS_libLAB6078","PRAD",0.485340239375299
"NG-A0611_LS_libLAB6078","READ",0.272491354551594
"NG-A0611_LS_libLAB6078","SARC",0.645991740592847
"NG-A0611_LS_libLAB6078","SKCM",0.48976675322666
"NG-A0611_LS_libLAB6078","STAD",0.335667816733412
"NG-A0611_LS_libLAB6078","TGCT",0.408207786845202
"NG-A0611_LS_libLAB6078","THCA",0.440496370218994
"NG-A0611_LS_libLAB6078","THYM",0.290491415149076
"NG-A0611_LS_libLAB6078","UCEC",0.456367584069848
"NG-A0611_LS_libLAB6078","UCS",0.64626845207478
"NG-A0611_LS_libLAB6078","UVM",0.484811924769138
"NG-A0611_MHHNB11_libLAB6084","ACC",0.508769707144622
"NG-A0611_MHHNB11_libLAB6084","BLCA",0.338508316526249
"NG-A0611_MHHNB11_libLAB6084","BRCA",0.463233540154246
"NG-A0611_MHHNB11_libLAB6084","CESC",0.258846647990331
"NG-A0611_MHHNB11_libLAB6084","CHOL",0.35761730236776
"NG-A0611_MHHNB11_libLAB6084","COAD",0.235200199108608
"NG-A0611_MHHNB11_libLAB6084","DLBC",0.216146338693704
"NG-A0611_MHHNB11_libLAB6084","ESCA",0.314889078223859
"NG-A0611_MHHNB11_libLAB6084","GBM",0.570573389183397
"NG-A0611_MHHNB11_libLAB6084","HNSC",0.276040022564876
"NG-A0611_MHHNB11_libLAB6084","KICH",0.383667287124031
"NG-A0611_MHHNB11_libLAB6084","KIRC",0.408699622645076
"NG-A0611_MHHNB11_libLAB6084","KIRP",0.374951898270637
"NG-A0611_MHHNB11_libLAB6084","LAML",0.155415416639553
"NG-A0611_MHHNB11_libLAB6084","LGG",0.579202696506215
"NG-A0611_MHHNB11_libLAB6084","LIHC",0.295406851647909
"NG-A0611_MHHNB11_libLAB6084","LUAD",0.327540544643808
"NG-A0611_MHHNB11_libLAB6084","LUSC",0.335205091975884
"NG-A0611_MHHNB11_libLAB6084","MESO",0.469255764865234
"NG-A0611_MHHNB11_libLAB6084","OV",0.426474604646159
"NG-A0611_MHHNB11_libLAB6084","PAAD",0.384152267976944
"NG-A0611_MHHNB11_libLAB6084","PCPG",0.662822505077264
"NG-A0611_MHHNB11_libLAB6084","PRAD",0.470224941511336
"NG-A0611_MHHNB11_libLAB6084","READ",0.248910555885649
"NG-A0611_MHHNB11_libLAB6084","SARC",0.618921283875528
"NG-A0611_MHHNB11_libLAB6084","SKCM",0.48214190663946
"NG-A0611_MHHNB11_libLAB6084","STAD",0.302389855010138
"NG-A0611_MHHNB11_libLAB6084","TGCT",0.455381789069323
"NG-A0611_MHHNB11_libLAB6084","THCA",0.408787055638179
"NG-A0611_MHHNB11_libLAB6084","THYM",0.342597900753
"NG-A0611_MHHNB11_libLAB6084","UCEC",0.432360390996648
"NG-A0611_MHHNB11_libLAB6084","UCS",0.626245932169133
"NG-A0611_MHHNB11_libLAB6084","UVM",0.508354662187072
"NG-A0611_NBLS_libLAB6077","ACC",0.476428701087619
"NG-A0611_NBLS_libLAB6077","BLCA",0.329050554013525
"NG-A0611_NBLS_libLAB6077","BRCA",0.45797039860021
"NG-A0611_NBLS_libLAB6077","CESC",0.249370226767447
"NG-A0611_NBLS_libLAB6077","CHOL",0.359241382100371
"NG-A0611_NBLS_libLAB6077","COAD",0.232517274790391
"NG-A0611_NBLS_libLAB6077","DLBC",0.178189890470758
"NG-A0611_NBLS_libLAB6077","ESCA",0.318905380485378
"NG-A0611_NBLS_libLAB6077","GBM",0.539173900654985
"NG-A0611_NBLS_libLAB6077","HNSC",0.284693990673656
"NG-A0611_NBLS_libLAB6077","KICH",0.388248115798825
"NG-A0611_NBLS_libLAB6077","KIRC",0.403119282940968
"NG-A0611_NBLS_libLAB6077","KIRP",0.373084273681628
"NG-A0611_NBLS_libLAB6077","LAML",0.0963896394419267
"NG-A0611_NBLS_libLAB6077","LGG",0.558950836709061
"NG-A0611_NBLS_libLAB6077","LIHC",0.288809265694599
"NG-A0611_NBLS_libLAB6077","LUAD",0.330715355180743
"NG-A0611_NBLS_libLAB6077","LUSC",0.341565178262936
"NG-A0611_NBLS_libLAB6077","MESO",0.445811700785838
"NG-A0611_NBLS_libLAB6077","OV",0.416655758872947
"NG-A0611_NBLS_libLAB6077","PAAD",0.399651037271705
"NG-A0611_NBLS_libLAB6077","PCPG",0.639012373802495
"NG-A0611_NBLS_libLAB6077","PRAD",0.457669138220846
"NG-A0611_NBLS_libLAB6077","READ",0.246568977885451
"NG-A0611_NBLS_libLAB6077","SARC",0.577073145573584
"NG-A0611_NBLS_libLAB6077","SKCM",0.449136893533851
"NG-A0611_NBLS_libLAB6077","STAD",0.301304969613773
"NG-A0611_NBLS_libLAB6077","TGCT",0.433345126329184
"NG-A0611_NBLS_libLAB6077","THCA",0.412249506922166
"NG-A0611_NBLS_libLAB6077","THYM",0.313098055510076
"NG-A0611_NBLS_libLAB6077","UCEC",0.429230922220218
"NG-A0611_NBLS_libLAB6077","UCS",0.596591839005452
"NG-A0611_NBLS_libLAB6077","UVM",0.480400341916301
"NG-A0611_NGP_libLAB6082","ACC",0.439092942606075
"NG-A0611_NGP_libLAB6082","BLCA",0.295258588563102
"NG-A0611_NGP_libLAB6082","BRCA",0.416887413034052
"NG-A0611_NGP_libLAB6082","CESC",0.220644528935147
"NG-A0611_NGP_libLAB6082","CHOL",0.291769225400747
"NG-A0611_NGP_libLAB6082","COAD",0.200849599837676
"NG-A0611_NGP_libLAB6082","DLBC",0.138605103641302
"NG-A0611_NGP_libLAB6082","ESCA",0.30584653249849
"NG-A0611_NGP_libLAB6082","GBM",0.534833982152961
"NG-A0611_NGP_libLAB6082","HNSC",0.274908387605341
"NG-A0611_NGP_libLAB6082","KICH",0.347633097125352
"NG-A0611_NGP_libLAB6082","KIRC",0.354686324676649
"NG-A0611_NGP_libLAB6082","KIRP",0.300878192244786
"NG-A0611_NGP_libLAB6082","LAML",0.0575796288111757
"NG-A0611_NGP_libLAB6082","LGG",0.548199504703358
"NG-A0611_NGP_libLAB6082","LIHC",0.239178432925845
"NG-A0611_NGP_libLAB6082","LUAD",0.267320277734831
"NG-A0611_NGP_libLAB6082","LUSC",0.314571977823361
"NG-A0611_NGP_libLAB6082","MESO",0.425122825711691
"NG-A0611_NGP_libLAB6082","OV",0.357348076517262
"NG-A0611_NGP_libLAB6082","PAAD",0.3375872356769
"NG-A0611_NGP_libLAB6082","PCPG",0.560136464225728
"NG-A0611_NGP_libLAB6082","PRAD",0.429979129982683
"NG-A0611_NGP_libLAB6082","READ",0.212644789997703
"NG-A0611_NGP_libLAB6082","SARC",0.58064576706536
"NG-A0611_NGP_libLAB6082","SKCM",0.423285789407602
"NG-A0611_NGP_libLAB6082","STAD",0.268146893060164
"NG-A0611_NGP_libLAB6082","TGCT",0.386242207909249
"NG-A0611_NGP_libLAB6082","THCA",0.344318613833744
"NG-A0611_NGP_libLAB6082","THYM",0.270902954203884
"NG-A0611_NGP_libLAB6082","UCEC",0.383510545829377
"NG-A0611_NGP_libLAB6082","UCS",0.589032883435758
"NG-A0611_NGP_libLAB6082","UVM",0.413176121587021
"NG-A0611_NMB_libLAB6080","ACC",0.478936433541033
"NG-A0611_NMB_libLAB6080","BLCA",0.319007598967542
"NG-A0611_NMB_libLAB6080","BRCA",0.443884832676456
"NG-A0611_NMB_libLAB6080","CESC",0.24314423258783
"NG-A0611_NMB_libLAB6080","CHOL",0.330961336831077
"NG-A0611_NMB_libLAB6080","COAD",0.232290380574951
"NG-A0611_NMB_libLAB6080","DLBC",0.186964202024141
"NG-A0611_NMB_libLAB6080","ESCA",0.313646581281795
"NG-A0611_NMB_libLAB6080","GBM",0.532794650469943
"NG-A0611_NMB_libLAB6080","HNSC",0.270127527303447
"NG-A0611_NMB_libLAB6080","KICH",0.372069232785907
"NG-A0611_NMB_libLAB6080","KIRC",0.382399405035609
"NG-A0611_NMB_libLAB6080","KIRP",0.343154209086839
"NG-A0611_NMB_libLAB6080","LAML",0.103155143634271
"NG-A0611_NMB_libLAB6080","LGG",0.564254023962416
"NG-A0611_NMB_libLAB6080","LIHC",0.280395718918479
"NG-A0611_NMB_libLAB6080","LUAD",0.305082238853392
"NG-A0611_NMB_libLAB6080","LUSC",0.332211365738813
"NG-A0611_NMB_libLAB6080","MESO",0.436371248562997
"NG-A0611_NMB_libLAB6080","OV",0.400839874852074
"NG-A0611_NMB_libLAB6080","PAAD",0.361841052550493
"NG-A0611_NMB_libLAB6080","PCPG",0.603279850781082
"NG-A0611_NMB_libLAB6080","PRAD",0.458635542491839
"NG-A0611_NMB_libLAB6080","READ",0.245561125369647
"NG-A0611_NMB_libLAB6080","SARC",0.569590693284577
"NG-A0611_NMB_libLAB6080","SKCM",0.450793309139886
"NG-A0611_NMB_libLAB6080","STAD",0.296525526248137
"NG-A0611_NMB_libLAB6080","TGCT",0.435592301791893
"NG-A0611_NMB_libLAB6080","THCA",0.378107125085908
"NG-A0611_NMB_libLAB6080","THYM",0.306025931777197
"NG-A0611_NMB_libLAB6080","UCEC",0.416612525765186
"NG-A0611_NMB_libLAB6080","UCS",0.609994008196415
"NG-A0611_NMB_libLAB6080","UVM",0.465032382301956
"NG-A0611_SHSY5Y_libLAB6081","ACC",0.516043015076993
"NG-A0611_SHSY5Y_libLAB6081","BLCA",0.376581002340043
"NG-A0611_SHSY5Y_libLAB6081","BRCA",0.52013646850227
"NG-A0611_SHSY5Y_libLAB6081","CESC",0.297371281192023
"NG-A0611_SHSY5Y_libLAB6081","CHOL",0.408933134637686
"NG-A0611_SHSY5Y_libLAB6081","COAD",0.265919098592646
"NG-A0611_SHSY5Y_libLAB6081","DLBC",0.141197228411218
"NG-A0611_SHSY5Y_libLAB6081","ESCA",0.347235487286513
"NG-A0611_SHSY5Y_libLAB6081","GBM",0.544898503663142
"NG-A0611_SHSY5Y_libLAB6081","HNSC",0.319214618078937
"NG-A0611_SHSY5Y_libLAB6081","KICH",0.43000241156117
"NG-A0611_SHSY5Y_libLAB6081","KIRC",0.458448558949419
"NG-A0611_SHSY5Y_libLAB6081","KIRP",0.409992479832367
"NG-A0611_SHSY5Y_libLAB6081","LAML",0.0575940271418096
"NG-A0611_SHSY5Y_libLAB6081","LGG",0.546360984068103
"NG-A0611_SHSY5Y_libLAB6081","LIHC",0.317865318506523
"NG-A0611_SHSY5Y_libLAB6081","LUAD",0.371523215840299
"NG-A0611_SHSY5Y_libLAB6081","LUSC",0.362228931912568
"NG-A0611_SHSY5Y_libLAB6081","MESO",0.498523090276145
"NG-A0611_SHSY5Y_libLAB6081","OV",0.448375398027244
"NG-A0611_SHSY5Y_libLAB6081","PAAD",0.438581317892682
"NG-A0611_SHSY5Y_libLAB6081","PCPG",0.609612777459846
"NG-A0611_SHSY5Y_libLAB6081","PRAD",0.506437142157228
"NG-A0611_SHSY5Y_libLAB6081","READ",0.281247639675267
"NG-A0611_SHSY5Y_libLAB6081","SARC",0.643227103459297
"NG-A0611_SHSY5Y_libLAB6081","SKCM",0.492943295988476
"NG-A0611_SHSY5Y_libLAB6081","STAD",0.332009879868788
"NG-A0611_SHSY5Y_libLAB6081","TGCT",0.422100933049702
"NG-A0611_SHSY5Y_libLAB6081","THCA",0.458952410907611
"NG-A0611_SHSY5Y_libLAB6081","THYM",0.300574248178047
"NG-A0611_SHSY5Y_libLAB6081","UCEC",0.477195663413028
"NG-A0611_SHSY5Y_libLAB6081","UCS",0.644765953269649
"NG-A0611_SHSY5Y_libLAB6081","UVM",0.507906244230918
"NG-A0611_SIMA_libLAB6086","ACC",0.483237015207807
"NG-A0611_SIMA_libLAB6086","BLCA",0.344556712533336
"NG-A0611_SIMA_libLAB6086","BRCA",0.460814918485372
"NG-A0611_SIMA_libLAB6086","CESC",0.263786503137629
"NG-A0611_SIMA_libLAB6086","CHOL",0.363418646559104
"NG-A0611_SIMA_libLAB6086","COAD",0.265674385603911
"NG-A0611_SIMA_libLAB6086","DLBC",0.215545575070722
"NG-A0611_SIMA_libLAB6086","ESCA",0.325369584014664
"NG-A0611_SIMA_libLAB6086","GBM",0.517631297015661
"NG-A0611_SIMA_libLAB6086","HNSC",0.280113334116737
"NG-A0611_SIMA_libLAB6086","KICH",0.394377808366851
"NG-A0611_SIMA_libLAB6086","KIRC",0.393013387501869
"NG-A0611_SIMA_libLAB6086","KIRP",0.369429010944836
"NG-A0611_SIMA_libLAB6086","LAML",0.135614783240698
"NG-A0611_SIMA_libLAB6086","LGG",0.54173484597439
"NG-A0611_SIMA_libLAB6086","LIHC",0.288427035121331
"NG-A0611_SIMA_libLAB6086","LUAD",0.34956740845288
"NG-A0611_SIMA_libLAB6086","LUSC",0.33692487024454
"NG-A0611_SIMA_libLAB6086","MESO",0.449599011443872
"NG-A0611_SIMA_libLAB6086","OV",0.421714165136201
"NG-A0611_SIMA_libLAB6086","PAAD",0.417286562736092
"NG-A0611_SIMA_libLAB6086","PCPG",0.64229262895884
"NG-A0611_SIMA_libLAB6086","PRAD",0.467091897059408
"NG-A0611_SIMA_libLAB6086","READ",0.279336345046415
"NG-A0611_SIMA_libLAB6086","SARC",0.555852704905995
"NG-A0611_SIMA_libLAB6086","SKCM",0.445713642627302
"NG-A0611_SIMA_libLAB6086","STAD",0.324906670006046
"NG-A0611_SIMA_libLAB6086","TGCT",0.447790971815872
"NG-A0611_SIMA_libLAB6086","THCA",0.42316317701482
"NG-A0611_SIMA_libLAB6086","THYM",0.340269838231594
"NG-A0611_SIMA_libLAB6086","UCEC",0.439228830202376
"NG-A0611_SIMA_libLAB6086","UCS",0.584216803722264
"NG-A0611_SIMA_libLAB6086","UVM",0.490191755445945
"NG-A0611_SKNBE2_libLAB6076","ACC",0.48385372360939
"NG-A0611_SKNBE2_libLAB6076","BLCA",0.349569207403116
"NG-A0611_SKNBE2_libLAB6076","BRCA",0.457071901803056
"NG-A0611_SKNBE2_libLAB6076","CESC",0.283826711584704
"NG-A0611_SKNBE2_libLAB6076","CHOL",0.371782990591202
"NG-A0611_SKNBE2_libLAB6076","COAD",0.253217485025591
"NG-A0611_SKNBE2_libLAB6076","DLBC",0.155419446298227
"NG-A0611_SKNBE2_libLAB6076","ESCA",0.356129110696299
"NG-A0611_SKNBE2_libLAB6076","GBM",0.495846337322944
"NG-A0611_SKNBE2_libLAB6076","HNSC",0.314328889655484
"NG-A0611_SKNBE2_libLAB6076","KICH",0.377991776814642
"NG-A0611_SKNBE2_libLAB6076","KIRC",0.427290565268415
"NG-A0611_SKNBE2_libLAB6076","KIRP",0.364375636604453
"NG-A0611_SKNBE2_libLAB6076","LAML",0.0914779245841772
"NG-A0611_SKNBE2_libLAB6076","LGG",0.486293990859411
"NG-A0611_SKNBE2_libLAB6076","LIHC",0.303919733241234
"NG-A0611_SKNBE2_libLAB6076","LUAD",0.347242845600712
"NG-A0611_SKNBE2_libLAB6076","LUSC",0.350857913569279
"NG-A0611_SKNBE2_libLAB6076","MESO",0.453473934787121
"NG-A0611_SKNBE2_libLAB6076","OV",0.414689064938395
"NG-A0611_SKNBE2_libLAB6076","PAAD",0.399021823521079
"NG-A0611_SKNBE2_libLAB6076","PCPG",0.608793567255164
"NG-A0611_SKNBE2_libLAB6076","PRAD",0.43351756835759
"NG-A0611_SKNBE2_libLAB6076","READ",0.263938561530194
"NG-A0611_SKNBE2_libLAB6076","SARC",0.594851547794237
"NG-A0611_SKNBE2_libLAB6076","SKCM",0.481144091427649
"NG-A0611_SKNBE2_libLAB6076","STAD",0.332724303033279
"NG-A0611_SKNBE2_libLAB6076","TGCT",0.405727143273775
"NG-A0611_SKNBE2_libLAB6076","THCA",0.404466245422395
"NG-A0611_SKNBE2_libLAB6076","THYM",0.288683550717873
"NG-A0611_SKNBE2_libLAB6076","UCEC",0.428580113879371
"NG-A0611_SKNBE2_libLAB6076","UCS",0.591686338820087
"NG-A0611_SKNBE2_libLAB6076","UVM",0.466089744944878
"NG-29643_CAL_120_lib581301_8005_3","ACC",0.40692920702141
"NG-29643_CAL_120_lib581301_8005_3","BLCA",0.545787895589131
"NG-29643_CAL_120_lib581301_8005_3","BRCA",0.529367170011835
"NG-29643_CAL_120_lib581301_8005_3","CESC",0.514982420975528
"NG-29643_CAL_120_lib581301_8005_3","CHOL",0.464778284074698
"NG-29643_CAL_120_lib581301_8005_3","COAD",0.40018815051433
"NG-29643_CAL_120_lib581301_8005_3","DLBC",0.0688754224373068
"NG-29643_CAL_120_lib581301_8005_3","ESCA",0.536598352450487
"NG-29643_CAL_120_lib581301_8005_3","GBM",0.306323472346175
"NG-29643_CAL_120_lib581301_8005_3","HNSC",0.503936986199757
"NG-29643_CAL_120_lib581301_8005_3","KICH",0.425250123395996
"NG-29643_CAL_120_lib581301_8005_3","KIRC",0.40323635963169
"NG-29643_CAL_120_lib581301_8005_3","KIRP",0.433022983990211
"NG-29643_CAL_120_lib581301_8005_3","LAML",0.0268491743533951
"NG-29643_CAL_120_lib581301_8005_3","LGG",0.265546400546929
"NG-29643_CAL_120_lib581301_8005_3","LIHC",0.319767214532329
"NG-29643_CAL_120_lib581301_8005_3","LUAD",0.45674202563234
"NG-29643_CAL_120_lib581301_8005_3","LUSC",0.492682065250568
"NG-29643_CAL_120_lib581301_8005_3","MESO",0.478144789789518
"NG-29643_CAL_120_lib581301_8005_3","OV",0.470426870284575
"NG-29643_CAL_120_lib581301_8005_3","PAAD",0.517200369575896
"NG-29643_CAL_120_lib581301_8005_3","PCPG",0.321737440046305
"NG-29643_CAL_120_lib581301_8005_3","PRAD",0.47306673659092
"NG-29643_CAL_120_lib581301_8005_3","READ",0.404927557720641
"NG-29643_CAL_120_lib581301_8005_3","SARC",0.470563143947718
"NG-29643_CAL_120_lib581301_8005_3","SKCM",0.417447895047151
"NG-29643_CAL_120_lib581301_8005_3","STAD",0.445679750595208
"NG-29643_CAL_120_lib581301_8005_3","TGCT",0.288595937578199
"NG-29643_CAL_120_lib581301_8005_3","THCA",0.466297878464788
"NG-29643_CAL_120_lib581301_8005_3","THYM",0.251636026874022
"NG-29643_CAL_120_lib581301_8005_3","UCEC",0.49514545854931
"NG-29643_CAL_120_lib581301_8005_3","UCS",0.495701814650768
"NG-29643_CAL_120_lib581301_8005_3","UVM",0.387713887659755
"NG-29643_CAL_148_lib581302_7997_4","ACC",0.328990476846356
"NG-29643_CAL_148_lib581302_7997_4","BLCA",0.560157768396697
"NG-29643_CAL_148_lib581302_7997_4","BRCA",0.639115479361744
"NG-29643_CAL_148_lib581302_7997_4","CESC",0.565968964842165
"NG-29643_CAL_148_lib581302_7997_4","CHOL",0.489176522723738
"NG-29643_CAL_148_lib581302_7997_4","COAD",0.464276763816289
"NG-29643_CAL_148_lib581302_7997_4","DLBC",0.0965914027424873
"NG-29643_CAL_148_lib581302_7997_4","ESCA",0.560119345629973
"NG-29643_CAL_148_lib581302_7997_4","GBM",0.241193456689965
"NG-29643_CAL_148_lib581302_7997_4","HNSC",0.48838630826954
"NG-29643_CAL_148_lib581302_7997_4","KICH",0.484154272301799
"NG-29643_CAL_148_lib581302_7997_4","KIRC",0.398563240070585
"NG-29643_CAL_148_lib581302_7997_4","KIRP",0.446380704850592
"NG-29643_CAL_148_lib581302_7997_4","LAML",0.0604558178012563
"NG-29643_CAL_148_lib581302_7997_4","LGG",0.227768267253265
"NG-29643_CAL_148_lib581302_7997_4","LIHC",0.339961319632966
"NG-29643_CAL_148_lib581302_7997_4","LUAD",0.546751835383234
"NG-29643_CAL_148_lib581302_7997_4","LUSC",0.505490796628478
"NG-29643_CAL_148_lib581302_7997_4","MESO",0.379215832484411
"NG-29643_CAL_148_lib581302_7997_4","OV",0.503958030205444
"NG-29643_CAL_148_lib581302_7997_4","PAAD",0.538926439125149
"NG-29643_CAL_148_lib581302_7997_4","PCPG",0.256305784122913
"NG-29643_CAL_148_lib581302_7997_4","PRAD",0.551413524571239
"NG-29643_CAL_148_lib581302_7997_4","READ",0.466725284250579
"NG-29643_CAL_148_lib581302_7997_4","SARC",0.350026707815128
"NG-29643_CAL_148_lib581302_7997_4","SKCM",0.328446150949395
"NG-29643_CAL_148_lib581302_7997_4","STAD",0.493561307385606
"NG-29643_CAL_148_lib581302_7997_4","TGCT",0.271390251602222
"NG-29643_CAL_148_lib581302_7997_4","THCA",0.486272695491987
"NG-29643_CAL_148_lib581302_7997_4","THYM",0.26939218573689
"NG-29643_CAL_148_lib581302_7997_4","UCEC",0.580008999387254
"NG-29643_CAL_148_lib581302_7997_4","UCS",0.452346071874019
"NG-29643_CAL_148_lib581302_7997_4","UVM",0.345619737317898
"NG-29643_CAL_51_lib581295_7997_4","ACC",0.381362855794407
"NG-29643_CAL_51_lib581295_7997_4","BLCA",0.48167070171432
"NG-29643_CAL_51_lib581295_7997_4","BRCA",0.47724910199748
"NG-29643_CAL_51_lib581295_7997_4","CESC",0.462139034769591
"NG-29643_CAL_51_lib581295_7997_4","CHOL",0.515711686845288
"NG-29643_CAL_51_lib581295_7997_4","COAD",0.444881197992062
"NG-29643_CAL_51_lib581295_7997_4","DLBC",0.0528186728757907
"NG-29643_CAL_51_lib581295_7997_4","ESCA",0.513235893994329
"NG-29643_CAL_51_lib581295_7997_4","GBM",0.284402023397098
"NG-29643_CAL_51_lib581295_7997_4","HNSC",0.417949911107119
"NG-29643_CAL_51_lib581295_7997_4","KICH",0.489463163743367
"NG-29643_CAL_51_lib581295_7997_4","KIRC",0.509893104678538
"NG-29643_CAL_51_lib581295_7997_4","KIRP",0.53285912020177
"NG-29643_CAL_51_lib581295_7997_4","LAML",0.00422481435401778
"NG-29643_CAL_51_lib581295_7997_4","LGG",0.248164308307989
"NG-29643_CAL_51_lib581295_7997_4","LIHC",0.378575867066226
"NG-29643_CAL_51_lib581295_7997_4","LUAD",0.448795980150791
"NG-29643_CAL_51_lib581295_7997_4","LUSC",0.442123847922193
"NG-29643_CAL_51_lib581295_7997_4","MESO",0.437381072135981
"NG-29643_CAL_51_lib581295_7997_4","OV",0.495355679179345
"NG-29643_CAL_51_lib581295_7997_4","PAAD",0.525539036174628
"NG-29643_CAL_51_lib581295_7997_4","PCPG",0.278125987600854
"NG-29643_CAL_51_lib581295_7997_4","PRAD",0.450596404745183
"NG-29643_CAL_51_lib581295_7997_4","READ",0.451664047351644
"NG-29643_CAL_51_lib581295_7997_4","SARC",0.442957934106599
"NG-29643_CAL_51_lib581295_7997_4","SKCM",0.372624307021132
"NG-29643_CAL_51_lib581295_7997_4","STAD",0.478954228559356
"NG-29643_CAL_51_lib581295_7997_4","TGCT",0.309691083861943
"NG-29643_CAL_51_lib581295_7997_4","THCA",0.445467707355617
"NG-29643_CAL_51_lib581295_7997_4","THYM",0.209518601661931
"NG-29643_CAL_51_lib581295_7997_4","UCEC",0.5912968242844
"NG-29643_CAL_51_lib581295_7997_4","UCS",0.56328884119546
"NG-29643_CAL_51_lib581295_7997_4","UVM",0.363954592151068
"NG-29643_CAL_85_1_lib581300_7997_4","ACC",0.25200746503861
"NG-29643_CAL_85_1_lib581300_7997_4","BLCA",0.60099972474167
"NG-29643_CAL_85_1_lib581300_7997_4","BRCA",0.505429535221761
"NG-29643_CAL_85_1_lib581300_7997_4","CESC",0.595014097237653
"NG-29643_CAL_85_1_lib581300_7997_4","CHOL",0.446288392447096
"NG-29643_CAL_85_1_lib581300_7997_4","COAD",0.452310231664508
"NG-29643_CAL_85_1_lib581300_7997_4","DLBC",0.00597779307894133
"NG-29643_CAL_85_1_lib581300_7997_4","ESCA",0.612749078016082
"NG-29643_CAL_85_1_lib581300_7997_4","GBM",0.14431639060586
"NG-29643_CAL_85_1_lib581300_7997_4","HNSC",0.575345333419418
"NG-29643_CAL_85_1_lib581300_7997_4","KICH",0.366487970074914
"NG-29643_CAL_85_1_lib581300_7997_4","KIRC",0.316489739416154
"NG-29643_CAL_85_1_lib581300_7997_4","KIRP",0.368246918695909
"NG-29643_CAL_85_1_lib581300_7997_4","LAML",-0.0232873882731733
"NG-29643_CAL_85_1_lib581300_7997_4","LGG",0.0933213376147731
"NG-29643_CAL_85_1_lib581300_7997_4","LIHC",0.264822945753802
"NG-29643_CAL_85_1_lib581300_7997_4","LUAD",0.499095885386536
"NG-29643_CAL_85_1_lib581300_7997_4","LUSC",0.538694273267234
"NG-29643_CAL_85_1_lib581300_7997_4","MESO",0.357146380129162
"NG-29643_CAL_85_1_lib581300_7997_4","OV",0.436116143945316
"NG-29643_CAL_85_1_lib581300_7997_4","PAAD",0.547685376980667
"NG-29643_CAL_85_1_lib581300_7997_4","PCPG",0.141830789478467
"NG-29643_CAL_85_1_lib581300_7997_4","PRAD",0.410802049918616
"NG-29643_CAL_85_1_lib581300_7997_4","READ",0.453437233070961
"NG-29643_CAL_85_1_lib581300_7997_4","SARC",0.30018171077219
"NG-29643_CAL_85_1_lib581300_7997_4","SKCM",0.309997041410627
"NG-29643_CAL_85_1_lib581300_7997_4","STAD",0.482713554156616
"NG-29643_CAL_85_1_lib581300_7997_4","TGCT",0.182911045620181
"NG-29643_CAL_85_1_lib581300_7997_4","THCA",0.421387495441985
"NG-29643_CAL_85_1_lib581300_7997_4","THYM",0.184625255816555
"NG-29643_CAL_85_1_lib581300_7997_4","UCEC",0.480013648842374
"NG-29643_CAL_85_1_lib581300_7997_4","UCS",0.357440890158101
"NG-29643_CAL_85_1_lib581300_7997_4","UVM",0.243167805107561
"NG-29643_COLO_824_lib581290_7997_4","ACC",0.3566072753531
"NG-29643_COLO_824_lib581290_7997_4","BLCA",0.502657907157749
"NG-29643_COLO_824_lib581290_7997_4","BRCA",0.563975186798178
"NG-29643_COLO_824_lib581290_7997_4","CESC",0.507998985198436
"NG-29643_COLO_824_lib581290_7997_4","CHOL",0.454012428842567
"NG-29643_COLO_824_lib581290_7997_4","COAD",0.393997164078174
"NG-29643_COLO_824_lib581290_7997_4","DLBC",0.0945256985018528
"NG-29643_COLO_824_lib581290_7997_4","ESCA",0.527496036222192
"NG-29643_COLO_824_lib581290_7997_4","GBM",0.320221729806096
"NG-29643_COLO_824_lib581290_7997_4","HNSC",0.472731054258653
"NG-29643_COLO_824_lib581290_7997_4","KICH",0.43892503242982
"NG-29643_COLO_824_lib581290_7997_4","KIRC",0.38592857968856
"NG-29643_COLO_824_lib581290_7997_4","KIRP",0.417272201067479
"NG-29643_COLO_824_lib581290_7997_4","LAML",0.0498925527627575
"NG-29643_COLO_824_lib581290_7997_4","LGG",0.310376069434432
"NG-29643_COLO_824_lib581290_7997_4","LIHC",0.312305688198422
"NG-29643_COLO_824_lib581290_7997_4","LUAD",0.456451312983998
"NG-29643_COLO_824_lib581290_7997_4","LUSC",0.485364256437323
"NG-29643_COLO_824_lib581290_7997_4","MESO",0.411238946409493
"NG-29643_COLO_824_lib581290_7997_4","OV",0.497606988816466
"NG-29643_COLO_824_lib581290_7997_4","PAAD",0.47607435536831
"NG-29643_COLO_824_lib581290_7997_4","PCPG",0.313973063659785
"NG-29643_COLO_824_lib581290_7997_4","PRAD",0.510241072258157
"NG-29643_COLO_824_lib581290_7997_4","READ",0.399724605938413
"NG-29643_COLO_824_lib581290_7997_4","SARC",0.421713603834107
"NG-29643_COLO_824_lib581290_7997_4","SKCM",0.388647837295895
"NG-29643_COLO_824_lib581290_7997_4","STAD",0.439809777495113
"NG-29643_COLO_824_lib581290_7997_4","TGCT",0.285862797658895
"NG-29643_COLO_824_lib581290_7997_4","THCA",0.470524738310349
"NG-29643_COLO_824_lib581290_7997_4","THYM",0.29289056142601
"NG-29643_COLO_824_lib581290_7997_4","UCEC",0.529530572735042
"NG-29643_COLO_824_lib581290_7997_4","UCS",0.49969786761135
"NG-29643_COLO_824_lib581290_7997_4","UVM",0.390553863253033
"NG-29643_DU_4475_lib581298_7997_4","ACC",0.334958110417251
"NG-29643_DU_4475_lib581298_7997_4","BLCA",0.471504482773986
"NG-29643_DU_4475_lib581298_7997_4","BRCA",0.479818974878173
"NG-29643_DU_4475_lib581298_7997_4","CESC",0.485605093181064
"NG-29643_DU_4475_lib581298_7997_4","CHOL",0.477741464629745
"NG-29643_DU_4475_lib581298_7997_4","COAD",0.514040812727684
"NG-29643_DU_4475_lib581298_7997_4","DLBC",0.190599875804991
"NG-29643_DU_4475_lib581298_7997_4","ESCA",0.517271136464637
"NG-29643_DU_4475_lib581298_7997_4","GBM",0.254505863444408
"NG-29643_DU_4475_lib581298_7997_4","HNSC",0.425175910686742
"NG-29643_DU_4475_lib581298_7997_4","KICH",0.398925202740659
"NG-29643_DU_4475_lib581298_7997_4","KIRC",0.360321157868957
"NG-29643_DU_4475_lib581298_7997_4","KIRP",0.387319231484291
"NG-29643_DU_4475_lib581298_7997_4","LAML",0.113967651771931
"NG-29643_DU_4475_lib581298_7997_4","LGG",0.247727134984636
"NG-29643_DU_4475_lib581298_7997_4","LIHC",0.361463995784143
"NG-29643_DU_4475_lib581298_7997_4","LUAD",0.453761184354507
"NG-29643_DU_4475_lib581298_7997_4","LUSC",0.426427940428457
"NG-29643_DU_4475_lib581298_7997_4","MESO",0.353364971026539
"NG-29643_DU_4475_lib581298_7997_4","OV",0.426898430395635
"NG-29643_DU_4475_lib581298_7997_4","PAAD",0.520037201499006
"NG-29643_DU_4475_lib581298_7997_4","PCPG",0.294051967645965
"NG-29643_DU_4475_lib581298_7997_4","PRAD",0.426012473718858
"NG-29643_DU_4475_lib581298_7997_4","READ",0.514683853930051
"NG-29643_DU_4475_lib581298_7997_4","SARC",0.315370032027139
"NG-29643_DU_4475_lib581298_7997_4","SKCM",0.355897235476446
"NG-29643_DU_4475_lib581298_7997_4","STAD",0.498005085353925
"NG-29643_DU_4475_lib581298_7997_4","TGCT",0.276243580039041
"NG-29643_DU_4475_lib581298_7997_4","THCA",0.40111031871773
"NG-29643_DU_4475_lib581298_7997_4","THYM",0.271031773818861
"NG-29643_DU_4475_lib581298_7997_4","UCEC",0.504937947981034
"NG-29643_DU_4475_lib581298_7997_4","UCS",0.416910779739476
"NG-29643_DU_4475_lib581298_7997_4","UVM",0.335051612752144
"NG-29643_EFM_19_lib581291_7997_4","ACC",0.290270050996719
"NG-29643_EFM_19_lib581291_7997_4","BLCA",0.557405296592663
"NG-29643_EFM_19_lib581291_7997_4","BRCA",0.615290804400657
"NG-29643_EFM_19_lib581291_7997_4","CESC",0.538019339775347
"NG-29643_EFM_19_lib581291_7997_4","CHOL",0.457699637586456
"NG-29643_EFM_19_lib581291_7997_4","COAD",0.440282165888985
"NG-29643_EFM_19_lib581291_7997_4","DLBC",0.101718218723772
"NG-29643_EFM_19_lib581291_7997_4","ESCA",0.53211049507699
"NG-29643_EFM_19_lib581291_7997_4","GBM",0.165800227825819
"NG-29643_EFM_19_lib581291_7997_4","HNSC",0.473877293960941
"NG-29643_EFM_19_lib581291_7997_4","KICH",0.397746511411236
"NG-29643_EFM_19_lib581291_7997_4","KIRC",0.331153312572487
"NG-29643_EFM_19_lib581291_7997_4","KIRP",0.374488399525944
"NG-29643_EFM_19_lib581291_7997_4","LAML",0.0502746625155562
"NG-29643_EFM_19_lib581291_7997_4","LGG",0.151943366055282
"NG-29643_EFM_19_lib581291_7997_4","LIHC",0.336880325865513
"NG-29643_EFM_19_lib581291_7997_4","LUAD",0.507162511805646
"NG-29643_EFM_19_lib581291_7997_4","LUSC",0.475346545372941
"NG-29643_EFM_19_lib581291_7997_4","MESO",0.365075759772528
"NG-29643_EFM_19_lib581291_7997_4","OV",0.496193107507127
"NG-29643_EFM_19_lib581291_7997_4","PAAD",0.510353618564453
"NG-29643_EFM_19_lib581291_7997_4","PCPG",0.205531737301426
"NG-29643_EFM_19_lib581291_7997_4","PRAD",0.49214664874516
"NG-29643_EFM_19_lib581291_7997_4","READ",0.451150032325644
"NG-29643_EFM_19_lib581291_7997_4","SARC",0.294450702196302
"NG-29643_EFM_19_lib581291_7997_4","SKCM",0.292641056836611
"NG-29643_EFM_19_lib581291_7997_4","STAD",0.477775417880212
"NG-29643_EFM_19_lib581291_7997_4","TGCT",0.291122349451429
"NG-29643_EFM_19_lib581291_7997_4","THCA",0.448063057909114
"NG-29643_EFM_19_lib581291_7997_4","THYM",0.251297903929574
"NG-29643_EFM_19_lib581291_7997_4","UCEC",0.544411477796226
"NG-29643_EFM_19_lib581291_7997_4","UCS",0.41904136296675
"NG-29643_EFM_19_lib581291_7997_4","UVM",0.32683618922394
"NG-29643_EFM_192A_lib581292_7997_4","ACC",0.307043517472841
"NG-29643_EFM_192A_lib581292_7997_4","BLCA",0.598975079451648
"NG-29643_EFM_192A_lib581292_7997_4","BRCA",0.618815309209002
"NG-29643_EFM_192A_lib581292_7997_4","CESC",0.59224259640436
"NG-29643_EFM_192A_lib581292_7997_4","CHOL",0.518992657210853
"NG-29643_EFM_192A_lib581292_7997_4","COAD",0.499097770642894
"NG-29643_EFM_192A_lib581292_7997_4","DLBC",0.0887771587626688
"NG-29643_EFM_192A_lib581292_7997_4","ESCA",0.575454425120137
"NG-29643_EFM_192A_lib581292_7997_4","GBM",0.138678386074478
"NG-29643_EFM_192A_lib581292_7997_4","HNSC",0.505525387762309
"NG-29643_EFM_192A_lib581292_7997_4","KICH",0.454258471646895
"NG-29643_EFM_192A_lib581292_7997_4","KIRC",0.380623194696729
"NG-29643_EFM_192A_lib581292_7997_4","KIRP",0.432987758232394
"NG-29643_EFM_192A_lib581292_7997_4","LAML",0.0409877423748426
"NG-29643_EFM_192A_lib581292_7997_4","LGG",0.116540180996912
"NG-29643_EFM_192A_lib581292_7997_4","LIHC",0.371875869468364
"NG-29643_EFM_192A_lib581292_7997_4","LUAD",0.571681264652144
"NG-29643_EFM_192A_lib581292_7997_4","LUSC",0.50432143727361
"NG-29643_EFM_192A_lib581292_7997_4","MESO",0.363406458827758
"NG-29643_EFM_192A_lib581292_7997_4","OV",0.511995452212317
"NG-29643_EFM_192A_lib581292_7997_4","PAAD",0.57075195937678
"NG-29643_EFM_192A_lib581292_7997_4","PCPG",0.177637664845536
"NG-29643_EFM_192A_lib581292_7997_4","PRAD",0.521411352789331
"NG-29643_EFM_192A_lib581292_7997_4","READ",0.504794586188507
"NG-29643_EFM_192A_lib581292_7997_4","SARC",0.284745468140125
"NG-29643_EFM_192A_lib581292_7997_4","SKCM",0.291139335963834
"NG-29643_EFM_192A_lib581292_7997_4","STAD",0.527497398043561
"NG-29643_EFM_192A_lib581292_7997_4","TGCT",0.25842041763217
"NG-29643_EFM_192A_lib581292_7997_4","THCA",0.484559933442011
"NG-29643_EFM_192A_lib581292_7997_4","THYM",0.238125572795676
"NG-29643_EFM_192A_lib581292_7997_4","UCEC",0.584810209179036
"NG-29643_EFM_192A_lib581292_7997_4","UCS",0.404973624353107
"NG-29643_EFM_192A_lib581292_7997_4","UVM",0.310022857559117
"NG-29643_EFM_192B_lib581293_7997_4","ACC",0.317096580340466
"NG-29643_EFM_192B_lib581293_7997_4","BLCA",0.591477461670476
"NG-29643_EFM_192B_lib581293_7997_4","BRCA",0.62350194807773
"NG-29643_EFM_192B_lib581293_7997_4","CESC",0.584943360643505
"NG-29643_EFM_192B_lib581293_7997_4","CHOL",0.506873815839747
"NG-29643_EFM_192B_lib581293_7997_4","COAD",0.479246275531762
"NG-29643_EFM_192B_lib581293_7997_4","DLBC",0.0727830935210228
"NG-29643_EFM_192B_lib581293_7997_4","ESCA",0.576352912668329
"NG-29643_EFM_192B_lib581293_7997_4","GBM",0.173123354039909
"NG-29643_EFM_192B_lib581293_7997_4","HNSC",0.519671908071432
"NG-29643_EFM_192B_lib581293_7997_4","KICH",0.451169274758729
"NG-29643_EFM_192B_lib581293_7997_4","KIRC",0.375753465187858
"NG-29643_EFM_192B_lib581293_7997_4","KIRP",0.418756853781672
"NG-29643_EFM_192B_lib581293_7997_4","LAML",0.0109603493878326
"NG-29643_EFM_192B_lib581293_7997_4","LGG",0.154912913768246
"NG-29643_EFM_192B_lib581293_7997_4","LIHC",0.359755892438305
"NG-29643_EFM_192B_lib581293_7997_4","LUAD",0.555042831316735
"NG-29643_EFM_192B_lib581293_7997_4","LUSC",0.515353396841569
"NG-29643_EFM_192B_lib581293_7997_4","MESO",0.391582483623645
"NG-29643_EFM_192B_lib581293_7997_4","OV",0.521948908448996
"NG-29643_EFM_192B_lib581293_7997_4","PAAD",0.568135214194406
"NG-29643_EFM_192B_lib581293_7997_4","PCPG",0.213408269322997
"NG-29643_EFM_192B_lib581293_7997_4","PRAD",0.531452095228769
"NG-29643_EFM_192B_lib581293_7997_4","READ",0.488567073251452
"NG-29643_EFM_192B_lib581293_7997_4","SARC",0.325335990776862
"NG-29643_EFM_192B_lib581293_7997_4","SKCM",0.306286926519455
"NG-29643_EFM_192B_lib581293_7997_4","STAD",0.519998612795919
"NG-29643_EFM_192B_lib581293_7997_4","TGCT",0.284430657562463
"NG-29643_EFM_192B_lib581293_7997_4","THCA",0.483956477786362
"NG-29643_EFM_192B_lib581293_7997_4","THYM",0.238271230545379
"NG-29643_EFM_192B_lib581293_7997_4","UCEC",0.58179288607465
"NG-29643_EFM_192B_lib581293_7997_4","UCS",0.441706043519634
"NG-29643_EFM_192B_lib581293_7997_4","UVM",0.339201959290678
"NG-29643_EFM_192C_lib581294_7997_4","ACC",0.334593827695099
"NG-29643_EFM_192C_lib581294_7997_4","BLCA",0.562660444544761
"NG-29643_EFM_192C_lib581294_7997_4","BRCA",0.654860178202888
"NG-29643_EFM_192C_lib581294_7997_4","CESC",0.551628889817488
"NG-29643_EFM_192C_lib581294_7997_4","CHOL",0.495018906250673
"NG-29643_EFM_192C_lib581294_7997_4","COAD",0.468101209778487
"NG-29643_EFM_192C_lib581294_7997_4","DLBC",0.117573590752135
"NG-29643_EFM_192C_lib581294_7997_4","ESCA",0.539251540212206
"NG-29643_EFM_192C_lib581294_7997_4","GBM",0.195875570539967
"NG-29643_EFM_192C_lib581294_7997_4","HNSC",0.468615613821227
"NG-29643_EFM_192C_lib581294_7997_4","KICH",0.46865682683102
"NG-29643_EFM_192C_lib581294_7997_4","KIRC",0.381987459344323
"NG-29643_EFM_192C_lib581294_7997_4","KIRP",0.430426608246862
"NG-29643_EFM_192C_lib581294_7997_4","LAML",0.086959429140489
"NG-29643_EFM_192C_lib581294_7997_4","LGG",0.186924586234277
"NG-29643_EFM_192C_lib581294_7997_4","LIHC",0.365696054679446
"NG-29643_EFM_192C_lib581294_7997_4","LUAD",0.533255062248356
"NG-29643_EFM_192C_lib581294_7997_4","LUSC",0.473969715137076
"NG-29643_EFM_192C_lib581294_7997_4","MESO",0.372174742415545
"NG-29643_EFM_192C_lib581294_7997_4","OV",0.514315522455189
"NG-29643_EFM_192C_lib581294_7997_4","PAAD",0.528817844489803
"NG-29643_EFM_192C_lib581294_7997_4","PCPG",0.238301511461702
"NG-29643_EFM_192C_lib581294_7997_4","PRAD",0.563105937332468
"NG-29643_EFM_192C_lib581294_7997_4","READ",0.473838203249384
"NG-29643_EFM_192C_lib581294_7997_4","SARC",0.321642205131391
"NG-29643_EFM_192C_lib581294_7997_4","SKCM",0.304112643306538
"NG-29643_EFM_192C_lib581294_7997_4","STAD",0.497643559722892
"NG-29643_EFM_192C_lib581294_7997_4","TGCT",0.284585481425042
"NG-29643_EFM_192C_lib581294_7997_4","THCA",0.487323002555391
"NG-29643_EFM_192C_lib581294_7997_4","THYM",0.283203898989109
"NG-29643_EFM_192C_lib581294_7997_4","UCEC",0.583530811091025
"NG-29643_EFM_192C_lib581294_7997_4","UCS",0.434566064125935
"NG-29643_EFM_192C_lib581294_7997_4","UVM",0.352564994486644
"NG-29643_ETCC_006_lib581311_8005_3","ACC",0.400673603901614
"NG-29643_ETCC_006_lib581311_8005_3","BLCA",0.447852229261576
"NG-29643_ETCC_006_lib581311_8005_3","BRCA",0.47075196839234
"NG-29643_ETCC_006_lib581311_8005_3","CESC",0.421576274156807
"NG-29643_ETCC_006_lib581311_8005_3","CHOL",0.375476860227402
"NG-29643_ETCC_006_lib581311_8005_3","COAD",0.318630008005956
"NG-29643_ETCC_006_lib581311_8005_3","DLBC",0.0345754032704287
"NG-29643_ETCC_006_lib581311_8005_3","ESCA",0.4828690695518
"NG-29643_ETCC_006_lib581311_8005_3","GBM",0.350638511851741
"NG-29643_ETCC_006_lib581311_8005_3","HNSC",0.478076037459589
"NG-29643_ETCC_006_lib581311_8005_3","KICH",0.349233486398194
"NG-29643_ETCC_006_lib581311_8005_3","KIRC",0.38169892733013
"NG-29643_ETCC_006_lib581311_8005_3","KIRP",0.37076476194269
"NG-29643_ETCC_006_lib581311_8005_3","LAML",-0.0193253658196114
"NG-29643_ETCC_006_lib581311_8005_3","LGG",0.292348129710906
"NG-29643_ETCC_006_lib581311_8005_3","LIHC",0.249137386506927
"NG-29643_ETCC_006_lib581311_8005_3","LUAD",0.370734252830756
"NG-29643_ETCC_006_lib581311_8005_3","LUSC",0.446010170801613
"NG-29643_ETCC_006_lib581311_8005_3","MESO",0.479655914283289
"NG-29643_ETCC_006_lib581311_8005_3","OV",0.36964968896889
"NG-29643_ETCC_006_lib581311_8005_3","PAAD",0.433653669960678
"NG-29643_ETCC_006_lib581311_8005_3","PCPG",0.333221073655398
"NG-29643_ETCC_006_lib581311_8005_3","PRAD",0.392133067399246
"NG-29643_ETCC_006_lib581311_8005_3","READ",0.319389544643071
"NG-29643_ETCC_006_lib581311_8005_3","SARC",0.544002583466094
"NG-29643_ETCC_006_lib581311_8005_3","SKCM",0.436208191066861
"NG-29643_ETCC_006_lib581311_8005_3","STAD",0.369083926684574
"NG-29643_ETCC_006_lib581311_8005_3","TGCT",0.237498147289138
"NG-29643_ETCC_006_lib581311_8005_3","THCA",0.389199067716698
"NG-29643_ETCC_006_lib581311_8005_3","THYM",0.203751379615606
"NG-29643_ETCC_006_lib581311_8005_3","UCEC",0.38750944733297
"NG-29643_ETCC_006_lib581311_8005_3","UCS",0.467276205892163
"NG-29643_ETCC_006_lib581311_8005_3","UVM",0.338472090183867
"NG-29643_ETCC_007_lib581312_7997_4","ACC",0.418392430342987
"NG-29643_ETCC_007_lib581312_7997_4","BLCA",0.475782063641998
"NG-29643_ETCC_007_lib581312_7997_4","BRCA",0.49276461508008
"NG-29643_ETCC_007_lib581312_7997_4","CESC",0.445450736912283
"NG-29643_ETCC_007_lib581312_7997_4","CHOL",0.437976975518614
"NG-29643_ETCC_007_lib581312_7997_4","COAD",0.351111062628627
"NG-29643_ETCC_007_lib581312_7997_4","DLBC",0.0309206329068876
"NG-29643_ETCC_007_lib581312_7997_4","ESCA",0.504576958602917
"NG-29643_ETCC_007_lib581312_7997_4","GBM",0.334994428816681
"NG-29643_ETCC_007_lib581312_7997_4","HNSC",0.477416077239652
"NG-29643_ETCC_007_lib581312_7997_4","KICH",0.381234511933934
"NG-29643_ETCC_007_lib581312_7997_4","KIRC",0.4183975024109
"NG-29643_ETCC_007_lib581312_7997_4","KIRP",0.431916573258941
"NG-29643_ETCC_007_lib581312_7997_4","LAML",-0.0125383305157645
"NG-29643_ETCC_007_lib581312_7997_4","LGG",0.291717860696644
"NG-29643_ETCC_007_lib581312_7997_4","LIHC",0.308832738054802
"NG-29643_ETCC_007_lib581312_7997_4","LUAD",0.415308650231175
"NG-29643_ETCC_007_lib581312_7997_4","LUSC",0.455312054798808
"NG-29643_ETCC_007_lib581312_7997_4","MESO",0.508078486286137
"NG-29643_ETCC_007_lib581312_7997_4","OV",0.403365066830063
"NG-29643_ETCC_007_lib581312_7997_4","PAAD",0.474716107079029
"NG-29643_ETCC_007_lib581312_7997_4","PCPG",0.335055192598864
"NG-29643_ETCC_007_lib581312_7997_4","PRAD",0.429330354334226
"NG-29643_ETCC_007_lib581312_7997_4","READ",0.35276707643946
"NG-29643_ETCC_007_lib581312_7997_4","SARC",0.517128471208825
"NG-29643_ETCC_007_lib581312_7997_4","SKCM",0.428356014793644
"NG-29643_ETCC_007_lib581312_7997_4","STAD",0.403808976032108
"NG-29643_ETCC_007_lib581312_7997_4","TGCT",0.236488999492045
"NG-29643_ETCC_007_lib581312_7997_4","THCA",0.419965172816118
"NG-29643_ETCC_007_lib581312_7997_4","THYM",0.211107618048738
"NG-29643_ETCC_007_lib581312_7997_4","UCEC",0.428529311125085
"NG-29643_ETCC_007_lib581312_7997_4","UCS",0.457307484556875
"NG-29643_ETCC_007_lib581312_7997_4","UVM",0.36592568337097
"NG-29643_EVSA_T_lib581299_7997_4","ACC",0.300545716099562
"NG-29643_EVSA_T_lib581299_7997_4","BLCA",0.547442958789989
"NG-29643_EVSA_T_lib581299_7997_4","BRCA",0.599216657473351
"NG-29643_EVSA_T_lib581299_7997_4","CESC",0.538758124410682
"NG-29643_EVSA_T_lib581299_7997_4","CHOL",0.452053536162372
"NG-29643_EVSA_T_lib581299_7997_4","COAD",0.474717642320559
"NG-29643_EVSA_T_lib581299_7997_4","DLBC",0.115434704335371
"NG-29643_EVSA_T_lib581299_7997_4","ESCA",0.547918061859597
"NG-29643_EVSA_T_lib581299_7997_4","GBM",0.17605510827268
"NG-29643_EVSA_T_lib581299_7997_4","HNSC",0.458763139734172
"NG-29643_EVSA_T_lib581299_7997_4","KICH",0.431135860537753
"NG-29643_EVSA_T_lib581299_7997_4","KIRC",0.351179036654108
"NG-29643_EVSA_T_lib581299_7997_4","KIRP",0.392396046465066
"NG-29643_EVSA_T_lib581299_7997_4","LAML",0.094702670520046
"NG-29643_EVSA_T_lib581299_7997_4","LGG",0.167271926690667
"NG-29643_EVSA_T_lib581299_7997_4","LIHC",0.34212736654301
"NG-29643_EVSA_T_lib581299_7997_4","LUAD",0.511556523978995
"NG-29643_EVSA_T_lib581299_7997_4","LUSC",0.474885706500077
"NG-29643_EVSA_T_lib581299_7997_4","MESO",0.329924463335237
"NG-29643_EVSA_T_lib581299_7997_4","OV",0.476955136863828
"NG-29643_EVSA_T_lib581299_7997_4","PAAD",0.491676153419609
"NG-29643_EVSA_T_lib581299_7997_4","PCPG",0.202453861457528
"NG-29643_EVSA_T_lib581299_7997_4","PRAD",0.536234040078164
"NG-29643_EVSA_T_lib581299_7997_4","READ",0.477012312065745
"NG-29643_EVSA_T_lib581299_7997_4","SARC",0.288474040781012
"NG-29643_EVSA_T_lib581299_7997_4","SKCM",0.308599631069677
"NG-29643_EVSA_T_lib581299_7997_4","STAD",0.497095118563349
"NG-29643_EVSA_T_lib581299_7997_4","TGCT",0.265178818221895
"NG-29643_EVSA_T_lib581299_7997_4","THCA",0.426658485473713
"NG-29643_EVSA_T_lib581299_7997_4","THYM",0.258706149372719
"NG-29643_EVSA_T_lib581299_7997_4","UCEC",0.540561832281046
"NG-29643_EVSA_T_lib581299_7997_4","UCS",0.407715977095228
"NG-29643_EVSA_T_lib581299_7997_4","UVM",0.316659165018342
"NG-29643_HCC_1143_lib581306_7997_4","ACC",0.312147358958382
"NG-29643_HCC_1143_lib581306_7997_4","BLCA",0.568938181217102
"NG-29643_HCC_1143_lib581306_7997_4","BRCA",0.56780509828232
"NG-29643_HCC_1143_lib581306_7997_4","CESC",0.616378426447079
"NG-29643_HCC_1143_lib581306_7997_4","CHOL",0.474251779410966
"NG-29643_HCC_1143_lib581306_7997_4","COAD",0.465792303181858
"NG-29643_HCC_1143_lib581306_7997_4","DLBC",0.0607498262039484
"NG-29643_HCC_1143_lib581306_7997_4","ESCA",0.620710275923214
"NG-29643_HCC_1143_lib581306_7997_4","GBM",0.215034912351456
"NG-29643_HCC_1143_lib581306_7997_4","HNSC",0.597176878495183
"NG-29643_HCC_1143_lib581306_7997_4","KICH",0.390189920752426
"NG-29643_HCC_1143_lib581306_7997_4","KIRC",0.358700946264368
"NG-29643_HCC_1143_lib581306_7997_4","KIRP",0.3946761105542
"NG-29643_HCC_1143_lib581306_7997_4","LAML",0.00287137555039782
"NG-29643_HCC_1143_lib581306_7997_4","LGG",0.186560809750436
"NG-29643_HCC_1143_lib581306_7997_4","LIHC",0.290921109278474
"NG-29643_HCC_1143_lib581306_7997_4","LUAD",0.517179772200338
"NG-29643_HCC_1143_lib581306_7997_4","LUSC",0.570598122781038
"NG-29643_HCC_1143_lib581306_7997_4","MESO",0.41659325160427
"NG-29643_HCC_1143_lib581306_7997_4","OV",0.49948990375257
"NG-29643_HCC_1143_lib581306_7997_4","PAAD",0.562112971750272
"NG-29643_HCC_1143_lib581306_7997_4","PCPG",0.217479377709155
"NG-29643_HCC_1143_lib581306_7997_4","PRAD",0.476093367020815
"NG-29643_HCC_1143_lib581306_7997_4","READ",0.469478017803599
"NG-29643_HCC_1143_lib581306_7997_4","SARC",0.373595952162699
"NG-29643_HCC_1143_lib581306_7997_4","SKCM",0.368975807820005
"NG-29643_HCC_1143_lib581306_7997_4","STAD",0.498244723262722
"NG-29643_HCC_1143_lib581306_7997_4","TGCT",0.261313398715982
"NG-29643_HCC_1143_lib581306_7997_4","THCA",0.464038678795226
"NG-29643_HCC_1143_lib581306_7997_4","THYM",0.245088631764868
"NG-29643_HCC_1143_lib581306_7997_4","UCEC",0.551364570295677
"NG-29643_HCC_1143_lib581306_7997_4","UCS",0.472358594005117
"NG-29643_HCC_1143_lib581306_7997_4","UVM",0.325571704617085
"NG-29643_HCC_1599_lib581304_7997_4","ACC",0.337810009979571
"NG-29643_HCC_1599_lib581304_7997_4","BLCA",0.525312740903296
"NG-29643_HCC_1599_lib581304_7997_4","BRCA",0.595531881172123
"NG-29643_HCC_1599_lib581304_7997_4","CESC",0.537511333410559
"NG-29643_HCC_1599_lib581304_7997_4","CHOL",0.471453880521654
"NG-29643_HCC_1599_lib581304_7997_4","COAD",0.422786784273302
"NG-29643_HCC_1599_lib581304_7997_4","DLBC",0.0498929751752756
"NG-29643_HCC_1599_lib581304_7997_4","ESCA",0.558247862156058
"NG-29643_HCC_1599_lib581304_7997_4","GBM",0.27103532411987
"NG-29643_HCC_1599_lib581304_7997_4","HNSC",0.506363450164113
"NG-29643_HCC_1599_lib581304_7997_4","KICH",0.442874523129808
"NG-29643_HCC_1599_lib581304_7997_4","KIRC",0.409562734660636
"NG-29643_HCC_1599_lib581304_7997_4","KIRP",0.438874753719211
"NG-29643_HCC_1599_lib581304_7997_4","LAML",-0.00297687413705659
"NG-29643_HCC_1599_lib581304_7997_4","LGG",0.261165978412177
"NG-29643_HCC_1599_lib581304_7997_4","LIHC",0.304930907123476
"NG-29643_HCC_1599_lib581304_7997_4","LUAD",0.493955608091347
"NG-29643_HCC_1599_lib581304_7997_4","LUSC",0.51566798332038
"NG-29643_HCC_1599_lib581304_7997_4","MESO",0.400344593793324
"NG-29643_HCC_1599_lib581304_7997_4","OV",0.515180922430837
"NG-29643_HCC_1599_lib581304_7997_4","PAAD",0.523706444602382
"NG-29643_HCC_1599_lib581304_7997_4","PCPG",0.254330663669988
"NG-29643_HCC_1599_lib581304_7997_4","PRAD",0.532345637029963
"NG-29643_HCC_1599_lib581304_7997_4","READ",0.430380834729104
"NG-29643_HCC_1599_lib581304_7997_4","SARC",0.396569483425259
"NG-29643_HCC_1599_lib581304_7997_4","SKCM",0.352808840481515
"NG-29643_HCC_1599_lib581304_7997_4","STAD",0.459414678841975
"NG-29643_HCC_1599_lib581304_7997_4","TGCT",0.261738362010616
"NG-29643_HCC_1599_lib581304_7997_4","THCA",0.487310716989155
"NG-29643_HCC_1599_lib581304_7997_4","THYM",0.257380052846096
"NG-29643_HCC_1599_lib581304_7997_4","UCEC",0.560155029534986
"NG-29643_HCC_1599_lib581304_7997_4","UCS",0.496158297302676
"NG-29643_HCC_1599_lib581304_7997_4","UVM",0.35696556350697
"NG-29643_HCC_1937_lib581305_7997_4","ACC",0.268337419776718
"NG-29643_HCC_1937_lib581305_7997_4","BLCA",0.620915106887068
"NG-29643_HCC_1937_lib581305_7997_4","BRCA",0.533469435797513
"NG-29643_HCC_1937_lib581305_7997_4","CESC",0.641847764199354
"NG-29643_HCC_1937_lib581305_7997_4","CHOL",0.494957767023271
"NG-29643_HCC_1937_lib581305_7997_4","COAD",0.492589632414579
"NG-29643_HCC_1937_lib581305_7997_4","DLBC",0.0428269414356197
"NG-29643_HCC_1937_lib581305_7997_4","ESCA",0.62449275342445
"NG-29643_HCC_1937_lib581305_7997_4","GBM",0.125545193763503
"NG-29643_HCC_1937_lib581305_7997_4","HNSC",0.581219486604963
"NG-29643_HCC_1937_lib581305_7997_4","KICH",0.386543985810711
"NG-29643_HCC_1937_lib581305_7997_4","KIRC",0.340657636671903
"NG-29643_HCC_1937_lib581305_7997_4","KIRP",0.400431403342537
"NG-29643_HCC_1937_lib581305_7997_4","LAML",0.00408148186469502
"NG-29643_HCC_1937_lib581305_7997_4","LGG",0.0839704530675863
"NG-29643_HCC_1937_lib581305_7997_4","LIHC",0.327315072624852
"NG-29643_HCC_1937_lib581305_7997_4","LUAD",0.527108150044487
"NG-29643_HCC_1937_lib581305_7997_4","LUSC",0.538021707841767
"NG-29643_HCC_1937_lib581305_7997_4","MESO",0.384328126004486
"NG-29643_HCC_1937_lib581305_7997_4","OV",0.502217186208633
"NG-29643_HCC_1937_lib581305_7997_4","PAAD",0.580450039964771
"NG-29643_HCC_1937_lib581305_7997_4","PCPG",0.127899456833421
"NG-29643_HCC_1937_lib581305_7997_4","PRAD",0.451073150931478
"NG-29643_HCC_1937_lib581305_7997_4","READ",0.498884634068642
"NG-29643_HCC_1937_lib581305_7997_4","SARC",0.279318100494315
"NG-29643_HCC_1937_lib581305_7997_4","SKCM",0.284203297450133
"NG-29643_HCC_1937_lib581305_7997_4","STAD",0.523583642337448
"NG-29643_HCC_1937_lib581305_7997_4","TGCT",0.214410400686721
"NG-29643_HCC_1937_lib581305_7997_4","THCA",0.446908849557048
"NG-29643_HCC_1937_lib581305_7997_4","THYM",0.214975536080463
"NG-29643_HCC_1937_lib581305_7997_4","UCEC",0.534250037314555
"NG-29643_HCC_1937_lib581305_7997_4","UCS",0.377191272335636
"NG-29643_HCC_1937_lib581305_7997_4","UVM",0.283445888987335
"NG-29643_HDQ_P1_lib581303_8005_3","ACC",0.30282938010369
"NG-29643_HDQ_P1_lib581303_8005_3","BLCA",0.632185799627248
"NG-29643_HDQ_P1_lib581303_8005_3","BRCA",0.527482644200158
"NG-29643_HDQ_P1_lib581303_8005_3","CESC",0.611527078420573
"NG-29643_HDQ_P1_lib581303_8005_3","CHOL",0.480952855908438
"NG-29643_HDQ_P1_lib581303_8005_3","COAD",0.474057354260263
"NG-29643_HDQ_P1_lib581303_8005_3","DLBC",0.0281958050380608
"NG-29643_HDQ_P1_lib581303_8005_3","ESCA",0.63595995789512
"NG-29643_HDQ_P1_lib581303_8005_3","GBM",0.189686083659143
"NG-29643_HDQ_P1_lib581303_8005_3","HNSC",0.589792431798649
"NG-29643_HDQ_P1_lib581303_8005_3","KICH",0.388045881936241
"NG-29643_HDQ_P1_lib581303_8005_3","KIRC",0.357952755590099
"NG-29643_HDQ_P1_lib581303_8005_3","KIRP",0.408393625788786
"NG-29643_HDQ_P1_lib581303_8005_3","LAML",-0.0148498139417751
"NG-29643_HDQ_P1_lib581303_8005_3","LGG",0.136684635173999
"NG-29643_HDQ_P1_lib581303_8005_3","LIHC",0.308284328051023
"NG-29643_HDQ_P1_lib581303_8005_3","LUAD",0.518983195835292
"NG-29643_HDQ_P1_lib581303_8005_3","LUSC",0.568687231791296
"NG-29643_HDQ_P1_lib581303_8005_3","MESO",0.42502586730928
"NG-29643_HDQ_P1_lib581303_8005_3","OV",0.496643883930156
"NG-29643_HDQ_P1_lib581303_8005_3","PAAD",0.594378920123964
"NG-29643_HDQ_P1_lib581303_8005_3","PCPG",0.193496186722311
"NG-29643_HDQ_P1_lib581303_8005_3","PRAD",0.444462221352775
"NG-29643_HDQ_P1_lib581303_8005_3","READ",0.480422898736749
"NG-29643_HDQ_P1_lib581303_8005_3","SARC",0.364485049558765
"NG-29643_HDQ_P1_lib581303_8005_3","SKCM",0.344765604346081
"NG-29643_HDQ_P1_lib581303_8005_3","STAD",0.515171785862602
"NG-29643_HDQ_P1_lib581303_8005_3","TGCT",0.250137993390853
"NG-29643_HDQ_P1_lib581303_8005_3","THCA",0.448952835016664
"NG-29643_HDQ_P1_lib581303_8005_3","THYM",0.216273990160558
"NG-29643_HDQ_P1_lib581303_8005_3","UCEC",0.535327071194971
"NG-29643_HDQ_P1_lib581303_8005_3","UCS",0.451947960695308
"NG-29643_HDQ_P1_lib581303_8005_3","UVM",0.298980819077649
"NG-30919_HS_578T_B_lib628473_10098_2","ACC",0.443265576305655
"NG-30919_HS_578T_B_lib628473_10098_2","BLCA",0.437403219788673
"NG-30919_HS_578T_B_lib628473_10098_2","BRCA",0.486926833051192
"NG-30919_HS_578T_B_lib628473_10098_2","CESC",0.373178090252812
"NG-30919_HS_578T_B_lib628473_10098_2","CHOL",0.407068315682902
"NG-30919_HS_578T_B_lib628473_10098_2","COAD",0.313633064881812
"NG-30919_HS_578T_B_lib628473_10098_2","DLBC",0.0211662026314199
"NG-30919_HS_578T_B_lib628473_10098_2","ESCA",0.463328914182857
"NG-30919_HS_578T_B_lib628473_10098_2","GBM",0.375974901602907
"NG-30919_HS_578T_B_lib628473_10098_2","HNSC",0.42580374466852
"NG-30919_HS_578T_B_lib628473_10098_2","KICH",0.397614115778733
"NG-30919_HS_578T_B_lib628473_10098_2","KIRC",0.433339254222733
"NG-30919_HS_578T_B_lib628473_10098_2","KIRP",0.401290524400519
"NG-30919_HS_578T_B_lib628473_10098_2","LAML",-0.0359376465530234
"NG-30919_HS_578T_B_lib628473_10098_2","LGG",0.32950218509404
"NG-30919_HS_578T_B_lib628473_10098_2","LIHC",0.305069382245107
"NG-30919_HS_578T_B_lib628473_10098_2","LUAD",0.395374178482579
"NG-30919_HS_578T_B_lib628473_10098_2","LUSC",0.437984357602496
"NG-30919_HS_578T_B_lib628473_10098_2","MESO",0.492578798151797
"NG-30919_HS_578T_B_lib628473_10098_2","OV",0.388723354800067
"NG-30919_HS_578T_B_lib628473_10098_2","PAAD",0.452115601828194
"NG-30919_HS_578T_B_lib628473_10098_2","PCPG",0.381747385676753
"NG-30919_HS_578T_B_lib628473_10098_2","PRAD",0.429934401867759
"NG-30919_HS_578T_B_lib628473_10098_2","READ",0.317530402652637
"NG-30919_HS_578T_B_lib628473_10098_2","SARC",0.589782386203169
"NG-30919_HS_578T_B_lib628473_10098_2","SKCM",0.466087078230122
"NG-30919_HS_578T_B_lib628473_10098_2","STAD",0.375486445499089
"NG-30919_HS_578T_B_lib628473_10098_2","TGCT",0.267020313361195
"NG-30919_HS_578T_B_lib628473_10098_2","THCA",0.423967964463988
"NG-30919_HS_578T_B_lib628473_10098_2","THYM",0.195809466992665
"NG-30919_HS_578T_B_lib628473_10098_2","UCEC",0.415442517699883
"NG-30919_HS_578T_B_lib628473_10098_2","UCS",0.502970668366822
"NG-30919_HS_578T_B_lib628473_10098_2","UVM",0.383747340943316
"NG-29643_IPH_926_lib581313_7997_4","ACC",0.308814639644196
"NG-29643_IPH_926_lib581313_7997_4","BLCA",0.583846575871529
"NG-29643_IPH_926_lib581313_7997_4","BRCA",0.631713525210337
"NG-29643_IPH_926_lib581313_7997_4","CESC",0.571018485297027
"NG-29643_IPH_926_lib581313_7997_4","CHOL",0.482349126314995
"NG-29643_IPH_926_lib581313_7997_4","COAD",0.472263625261089
"NG-29643_IPH_926_lib581313_7997_4","DLBC",0.141344995195025
"NG-29643_IPH_926_lib581313_7997_4","ESCA",0.544679876671558
"NG-29643_IPH_926_lib581313_7997_4","GBM",0.179487836149851
"NG-29643_IPH_926_lib581313_7997_4","HNSC",0.471924666601103
"NG-29643_IPH_926_lib581313_7997_4","KICH",0.456365824337435
"NG-29643_IPH_926_lib581313_7997_4","KIRC",0.389423793496392
"NG-29643_IPH_926_lib581313_7997_4","KIRP",0.439433471922668
"NG-29643_IPH_926_lib581313_7997_4","LAML",0.129049747336462
"NG-29643_IPH_926_lib581313_7997_4","LGG",0.149404441688912
"NG-29643_IPH_926_lib581313_7997_4","LIHC",0.354951768154518
"NG-29643_IPH_926_lib581313_7997_4","LUAD",0.539219522102113
"NG-29643_IPH_926_lib581313_7997_4","LUSC",0.484296870509084
"NG-29643_IPH_926_lib581313_7997_4","MESO",0.361890454809455
"NG-29643_IPH_926_lib581313_7997_4","OV",0.510660785559785
"NG-29643_IPH_926_lib581313_7997_4","PAAD",0.508008613703584
"NG-29643_IPH_926_lib581313_7997_4","PCPG",0.204821885196451
"NG-29643_IPH_926_lib581313_7997_4","PRAD",0.530188947666761
"NG-29643_IPH_926_lib581313_7997_4","READ",0.475159089750605
"NG-29643_IPH_926_lib581313_7997_4","SARC",0.291358314215694
"NG-29643_IPH_926_lib581313_7997_4","SKCM",0.307009392370081
"NG-29643_IPH_926_lib581313_7997_4","STAD",0.498687175602214
"NG-29643_IPH_926_lib581313_7997_4","TGCT",0.25995092943002
"NG-29643_IPH_926_lib581313_7997_4","THCA",0.45749709959085
"NG-29643_IPH_926_lib581313_7997_4","THYM",0.286696887268636
"NG-29643_IPH_926_lib581313_7997_4","UCEC",0.564186422898825
"NG-29643_IPH_926_lib581313_7997_4","UCS",0.39554009758821
"NG-29643_IPH_926_lib581313_7997_4","UVM",0.337862665669883
"NG-29643_JIMT_1_B_lib581287_7997_4","ACC",0.359997387479279
"NG-29643_JIMT_1_B_lib581287_7997_4","BLCA",0.598746971896053
"NG-29643_JIMT_1_B_lib581287_7997_4","BRCA",0.528608290839896
"NG-29643_JIMT_1_B_lib581287_7997_4","CESC",0.560699442413013
"NG-29643_JIMT_1_B_lib581287_7997_4","CHOL",0.458895142665001
"NG-29643_JIMT_1_B_lib581287_7997_4","COAD",0.418859295810032
"NG-29643_JIMT_1_B_lib581287_7997_4","DLBC",0.0751875834602329
"NG-29643_JIMT_1_B_lib581287_7997_4","ESCA",0.571256516400884
"NG-29643_JIMT_1_B_lib581287_7997_4","GBM",0.214421999438101
"NG-29643_JIMT_1_B_lib581287_7997_4","HNSC",0.535872374693538
"NG-29643_JIMT_1_B_lib581287_7997_4","KICH",0.426209465819664
"NG-29643_JIMT_1_B_lib581287_7997_4","KIRC",0.368478837361049
"NG-29643_JIMT_1_B_lib581287_7997_4","KIRP",0.42691975879475
"NG-29643_JIMT_1_B_lib581287_7997_4","LAML",0.0463099842840378
"NG-29643_JIMT_1_B_lib581287_7997_4","LGG",0.182036511190498
"NG-29643_JIMT_1_B_lib581287_7997_4","LIHC",0.304505605625823
"NG-29643_JIMT_1_B_lib581287_7997_4","LUAD",0.483175654631019
"NG-29643_JIMT_1_B_lib581287_7997_4","LUSC",0.513178846658428
"NG-29643_JIMT_1_B_lib581287_7997_4","MESO",0.44165717017887
"NG-29643_JIMT_1_B_lib581287_7997_4","OV",0.490169549522415
"NG-29643_JIMT_1_B_lib581287_7997_4","PAAD",0.52309646714336
"NG-29643_JIMT_1_B_lib581287_7997_4","PCPG",0.249988218549504
"NG-29643_JIMT_1_B_lib581287_7997_4","PRAD",0.465738683362922
"NG-29643_JIMT_1_B_lib581287_7997_4","READ",0.423198090118389
"NG-29643_JIMT_1_B_lib581287_7997_4","SARC",0.377008206191672
"NG-29643_JIMT_1_B_lib581287_7997_4","SKCM",0.357885363603782
"NG-29643_JIMT_1_B_lib581287_7997_4","STAD",0.461829143456751
"NG-29643_JIMT_1_B_lib581287_7997_4","TGCT",0.283759942555204
"NG-29643_JIMT_1_B_lib581287_7997_4","THCA",0.471142930717334
"NG-29643_JIMT_1_B_lib581287_7997_4","THYM",0.250154546128043
"NG-29643_JIMT_1_B_lib581287_7997_4","UCEC",0.526426546737595
"NG-29643_JIMT_1_B_lib581287_7997_4","UCS",0.445758194023606
"NG-29643_JIMT_1_B_lib581287_7997_4","UVM",0.339288868307019
"NG-29643_KPL_1_lib581296_7997_4","ACC",0.361148221663081
"NG-29643_KPL_1_lib581296_7997_4","BLCA",0.571535414723699
"NG-29643_KPL_1_lib581296_7997_4","BRCA",0.636877937505998
"NG-29643_KPL_1_lib581296_7997_4","CESC",0.546618893584782
"NG-29643_KPL_1_lib581296_7997_4","CHOL",0.486215756462157
"NG-29643_KPL_1_lib581296_7997_4","COAD",0.454214966952566
"NG-29643_KPL_1_lib581296_7997_4","DLBC",0.097493439495414
"NG-29643_KPL_1_lib581296_7997_4","ESCA",0.564368975864604
"NG-29643_KPL_1_lib581296_7997_4","GBM",0.23128251058969
"NG-29643_KPL_1_lib581296_7997_4","HNSC",0.485321884977662
"NG-29643_KPL_1_lib581296_7997_4","KICH",0.444164521970577
"NG-29643_KPL_1_lib581296_7997_4","KIRC",0.372204015580066
"NG-29643_KPL_1_lib581296_7997_4","KIRP",0.409557089428124
"NG-29643_KPL_1_lib581296_7997_4","LAML",0.0431730972145133
"NG-29643_KPL_1_lib581296_7997_4","LGG",0.220040697260448
"NG-29643_KPL_1_lib581296_7997_4","LIHC",0.339707460208391
"NG-29643_KPL_1_lib581296_7997_4","LUAD",0.529650412458414
"NG-29643_KPL_1_lib581296_7997_4","LUSC",0.499276597365371
"NG-29643_KPL_1_lib581296_7997_4","MESO",0.385345731311223
"NG-29643_KPL_1_lib581296_7997_4","OV",0.496241194280413
"NG-29643_KPL_1_lib581296_7997_4","PAAD",0.528392603259307
"NG-29643_KPL_1_lib581296_7997_4","PCPG",0.266693976529142
"NG-29643_KPL_1_lib581296_7997_4","PRAD",0.548896657517113
"NG-29643_KPL_1_lib581296_7997_4","READ",0.458362291098762
"NG-29643_KPL_1_lib581296_7997_4","SARC",0.348140568346039
"NG-29643_KPL_1_lib581296_7997_4","SKCM",0.330912615628293
"NG-29643_KPL_1_lib581296_7997_4","STAD",0.49437263721455
"NG-29643_KPL_1_lib581296_7997_4","TGCT",0.267835423840344
"NG-29643_KPL_1_lib581296_7997_4","THCA",0.484874394624232
"NG-29643_KPL_1_lib581296_7997_4","THYM",0.25943697510285
"NG-29643_KPL_1_lib581296_7997_4","UCEC",0.556949181693738
"NG-29643_KPL_1_lib581296_7997_4","UCS",0.453675938331102
"NG-29643_KPL_1_lib581296_7997_4","UVM",0.341418758349119
"NG-29643_MCF_7_lib581315_7997_4","ACC",0.350430746517031
"NG-29643_MCF_7_lib581315_7997_4","BLCA",0.581700335473134
"NG-29643_MCF_7_lib581315_7997_4","BRCA",0.616777076764599
"NG-29643_MCF_7_lib581315_7997_4","CESC",0.557109144184003
"NG-29643_MCF_7_lib581315_7997_4","CHOL",0.469733332444939
"NG-29643_MCF_7_lib581315_7997_4","COAD",0.445092847841264
"NG-29643_MCF_7_lib581315_7997_4","DLBC",0.0798442844353717
"NG-29643_MCF_7_lib581315_7997_4","ESCA",0.568671843353783
"NG-29643_MCF_7_lib581315_7997_4","GBM",0.217535159435418
"NG-29643_MCF_7_lib581315_7997_4","HNSC",0.5040103950664
"NG-29643_MCF_7_lib581315_7997_4","KICH",0.43365885085628
"NG-29643_MCF_7_lib581315_7997_4","KIRC",0.370335335546774
"NG-29643_MCF_7_lib581315_7997_4","KIRP",0.402547258815874
"NG-29643_MCF_7_lib581315_7997_4","LAML",0.0214160056338624
"NG-29643_MCF_7_lib581315_7997_4","LGG",0.210189993913087
"NG-29643_MCF_7_lib581315_7997_4","LIHC",0.326738509063515
"NG-29643_MCF_7_lib581315_7997_4","LUAD",0.514795805757478
"NG-29643_MCF_7_lib581315_7997_4","LUSC",0.509603735628486
"NG-29643_MCF_7_lib581315_7997_4","MESO",0.380421658682409
"NG-29643_MCF_7_lib581315_7997_4","OV",0.482790667487343
"NG-29643_MCF_7_lib581315_7997_4","PAAD",0.528067191529269
"NG-29643_MCF_7_lib581315_7997_4","PCPG",0.249029220328015
"NG-29643_MCF_7_lib581315_7997_4","PRAD",0.525270508060822
"NG-29643_MCF_7_lib581315_7997_4","READ",0.45047682083893
"NG-29643_MCF_7_lib581315_7997_4","SARC",0.336177372032575
"NG-29643_MCF_7_lib581315_7997_4","SKCM",0.312528502994932
"NG-29643_MCF_7_lib581315_7997_4","STAD",0.488253904390072
"NG-29643_MCF_7_lib581315_7997_4","TGCT",0.262643419031118
"NG-29643_MCF_7_lib581315_7997_4","THCA",0.470515523269046
"NG-29643_MCF_7_lib581315_7997_4","THYM",0.255609902100703
"NG-29643_MCF_7_lib581315_7997_4","UCEC",0.549623654908267
"NG-29643_MCF_7_lib581315_7997_4","UCS",0.442620619570831
"NG-29643_MCF_7_lib581315_7997_4","UVM",0.329755500259504
"NG-29643_MDA_MB_231_lib581314_8005_3","ACC",0.408597309336252
"NG-29643_MDA_MB_231_lib581314_8005_3","BLCA",0.53877416086634
"NG-29643_MDA_MB_231_lib581314_8005_3","BRCA",0.512230410173263
"NG-29643_MDA_MB_231_lib581314_8005_3","CESC",0.512017004022744
"NG-29643_MDA_MB_231_lib581314_8005_3","CHOL",0.494808592310047
"NG-29643_MDA_MB_231_lib581314_8005_3","COAD",0.432114643799232
"NG-29643_MDA_MB_231_lib581314_8005_3","DLBC",0.076504351092435
"NG-29643_MDA_MB_231_lib581314_8005_3","ESCA",0.563358321158323
"NG-29643_MDA_MB_231_lib581314_8005_3","GBM",0.314216727604297
"NG-29643_MDA_MB_231_lib581314_8005_3","HNSC",0.506080727020888
"NG-29643_MDA_MB_231_lib581314_8005_3","KICH",0.423497983646002
"NG-29643_MDA_MB_231_lib581314_8005_3","KIRC",0.425148647946985
"NG-29643_MDA_MB_231_lib581314_8005_3","KIRP",0.452009256097908
"NG-29643_MDA_MB_231_lib581314_8005_3","LAML",0.0602167703785415
"NG-29643_MDA_MB_231_lib581314_8005_3","LGG",0.257325566606585
"NG-29643_MDA_MB_231_lib581314_8005_3","LIHC",0.359760169865037
"NG-29643_MDA_MB_231_lib581314_8005_3","LUAD",0.526722690768905
"NG-29643_MDA_MB_231_lib581314_8005_3","LUSC",0.50583565881736
"NG-29643_MDA_MB_231_lib581314_8005_3","MESO",0.486636379476315
"NG-29643_MDA_MB_231_lib581314_8005_3","OV",0.444779981045809
"NG-29643_MDA_MB_231_lib581314_8005_3","PAAD",0.534717573217962
"NG-29643_MDA_MB_231_lib581314_8005_3","PCPG",0.306147990081011
"NG-29643_MDA_MB_231_lib581314_8005_3","PRAD",0.446847055714566
"NG-29643_MDA_MB_231_lib581314_8005_3","READ",0.430143996979842
"NG-29643_MDA_MB_231_lib581314_8005_3","SARC",0.478567695099328
"NG-29643_MDA_MB_231_lib581314_8005_3","SKCM",0.438182505654507
"NG-29643_MDA_MB_231_lib581314_8005_3","STAD",0.48257450915372
"NG-29643_MDA_MB_231_lib581314_8005_3","TGCT",0.268511615951175
"NG-29643_MDA_MB_231_lib581314_8005_3","THCA",0.475137207704598
"NG-29643_MDA_MB_231_lib581314_8005_3","THYM",0.249203091434898
"NG-29643_MDA_MB_231_lib581314_8005_3","UCEC",0.489573389181395
"NG-29643_MDA_MB_231_lib581314_8005_3","UCS",0.466733551128371
"NG-29643_MDA_MB_231_lib581314_8005_3","UVM",0.379716103812618
"NG-29643_MDA_MB_453_lib581289_7997_4","ACC",0.326357000928835
"NG-29643_MDA_MB_453_lib581289_7997_4","BLCA",0.549456156664938
"NG-29643_MDA_MB_453_lib581289_7997_4","BRCA",0.634904427236712
"NG-29643_MDA_MB_453_lib581289_7997_4","CESC",0.543384526279374
"NG-29643_MDA_MB_453_lib581289_7997_4","CHOL",0.481626097897024
"NG-29643_MDA_MB_453_lib581289_7997_4","COAD",0.450928354210383
"NG-29643_MDA_MB_453_lib581289_7997_4","DLBC",0.150705067756661
"NG-29643_MDA_MB_453_lib581289_7997_4","ESCA",0.537369233679544
"NG-29643_MDA_MB_453_lib581289_7997_4","GBM",0.204467313088503
"NG-29643_MDA_MB_453_lib581289_7997_4","HNSC",0.455778433483863
"NG-29643_MDA_MB_453_lib581289_7997_4","KICH",0.430849702090964
"NG-29643_MDA_MB_453_lib581289_7997_4","KIRC",0.35810824715925
"NG-29643_MDA_MB_453_lib581289_7997_4","KIRP",0.403477889298788
"NG-29643_MDA_MB_453_lib581289_7997_4","LAML",0.127910644224178
"NG-29643_MDA_MB_453_lib581289_7997_4","LGG",0.196208554381022
"NG-29643_MDA_MB_453_lib581289_7997_4","LIHC",0.350032440847799
"NG-29643_MDA_MB_453_lib581289_7997_4","LUAD",0.512423109542134
"NG-29643_MDA_MB_453_lib581289_7997_4","LUSC",0.469592669170793
"NG-29643_MDA_MB_453_lib581289_7997_4","MESO",0.374497470431486
"NG-29643_MDA_MB_453_lib581289_7997_4","OV",0.496078223100539
"NG-29643_MDA_MB_453_lib581289_7997_4","PAAD",0.497663770545094
"NG-29643_MDA_MB_453_lib581289_7997_4","PCPG",0.242774414249255
"NG-29643_MDA_MB_453_lib581289_7997_4","PRAD",0.528342778672765
"NG-29643_MDA_MB_453_lib581289_7997_4","READ",0.45035534899567
"NG-29643_MDA_MB_453_lib581289_7997_4","SARC",0.319283060961435
"NG-29643_MDA_MB_453_lib581289_7997_4","SKCM",0.312213164396136
"NG-29643_MDA_MB_453_lib581289_7997_4","STAD",0.489288409747415
"NG-29643_MDA_MB_453_lib581289_7997_4","TGCT",0.269556789569245
"NG-29643_MDA_MB_453_lib581289_7997_4","THCA",0.455471949099291
"NG-29643_MDA_MB_453_lib581289_7997_4","THYM",0.288303409098137
"NG-29643_MDA_MB_453_lib581289_7997_4","UCEC",0.543951141185316
"NG-29643_MDA_MB_453_lib581289_7997_4","UCS",0.423183888481204
"NG-29643_MDA_MB_453_lib581289_7997_4","UVM",0.320351379299231
"NG-30919_MDA_MB_468_B_lib628474_10098_2","ACC",0.290680433996614
"NG-30919_MDA_MB_468_B_lib628474_10098_2","BLCA",0.584105047514013
"NG-30919_MDA_MB_468_B_lib628474_10098_2","BRCA",0.561422006924023
"NG-30919_MDA_MB_468_B_lib628474_10098_2","CESC",0.60398914324676
"NG-30919_MDA_MB_468_B_lib628474_10098_2","CHOL",0.485855620670926
"NG-30919_MDA_MB_468_B_lib628474_10098_2","COAD",0.455219290852647
"NG-30919_MDA_MB_468_B_lib628474_10098_2","DLBC",0.0744475270048643
"NG-30919_MDA_MB_468_B_lib628474_10098_2","ESCA",0.592543612185782
"NG-30919_MDA_MB_468_B_lib628474_10098_2","GBM",0.173561385337577
"NG-30919_MDA_MB_468_B_lib628474_10098_2","HNSC",0.539770073686397
"NG-30919_MDA_MB_468_B_lib628474_10098_2","KICH",0.411732844688376
"NG-30919_MDA_MB_468_B_lib628474_10098_2","KIRC",0.348854196419324
"NG-30919_MDA_MB_468_B_lib628474_10098_2","KIRP",0.400328809386981
"NG-30919_MDA_MB_468_B_lib628474_10098_2","LAML",0.0468037900636195
"NG-30919_MDA_MB_468_B_lib628474_10098_2","LGG",0.137627985820506
"NG-30919_MDA_MB_468_B_lib628474_10098_2","LIHC",0.336807120600279
"NG-30919_MDA_MB_468_B_lib628474_10098_2","LUAD",0.519687458134594
"NG-30919_MDA_MB_468_B_lib628474_10098_2","LUSC",0.521597550836171
"NG-30919_MDA_MB_468_B_lib628474_10098_2","MESO",0.379970506592113
"NG-30919_MDA_MB_468_B_lib628474_10098_2","OV",0.505215969052951
"NG-30919_MDA_MB_468_B_lib628474_10098_2","PAAD",0.531520602865721
"NG-30919_MDA_MB_468_B_lib628474_10098_2","PCPG",0.170083346334911
"NG-30919_MDA_MB_468_B_lib628474_10098_2","PRAD",0.459710263060927
"NG-30919_MDA_MB_468_B_lib628474_10098_2","READ",0.457284512056533
"NG-30919_MDA_MB_468_B_lib628474_10098_2","SARC",0.295679148218221
"NG-30919_MDA_MB_468_B_lib628474_10098_2","SKCM",0.306768778476174
"NG-30919_MDA_MB_468_B_lib628474_10098_2","STAD",0.49519979656323
"NG-30919_MDA_MB_468_B_lib628474_10098_2","TGCT",0.244501024221455
"NG-30919_MDA_MB_468_B_lib628474_10098_2","THCA",0.445923230499554
"NG-30919_MDA_MB_468_B_lib628474_10098_2","THYM",0.235283113414784
"NG-30919_MDA_MB_468_B_lib628474_10098_2","UCEC",0.543660561372511
"NG-30919_MDA_MB_468_B_lib628474_10098_2","UCS",0.411980564209631
"NG-30919_MDA_MB_468_B_lib628474_10098_2","UVM",0.28917993910902
"NG-29643_MFM_223_lib581297_7997_4","ACC",0.333712736141392
"NG-29643_MFM_223_lib581297_7997_4","BLCA",0.525605808699607
"NG-29643_MFM_223_lib581297_7997_4","BRCA",0.616441089289596
"NG-29643_MFM_223_lib581297_7997_4","CESC",0.494247900684589
"NG-29643_MFM_223_lib581297_7997_4","CHOL",0.468476107691218
"NG-29643_MFM_223_lib581297_7997_4","COAD",0.44541262804386
"NG-29643_MFM_223_lib581297_7997_4","DLBC",0.104877762187541
"NG-29643_MFM_223_lib581297_7997_4","ESCA",0.528372794004963
"NG-29643_MFM_223_lib581297_7997_4","GBM",0.242272755762039
"NG-29643_MFM_223_lib581297_7997_4","HNSC",0.444519384199226
"NG-29643_MFM_223_lib581297_7997_4","KICH",0.445643059566754
"NG-29643_MFM_223_lib581297_7997_4","KIRC",0.377818474999017
"NG-29643_MFM_223_lib581297_7997_4","KIRP",0.409571652632902
"NG-29643_MFM_223_lib581297_7997_4","LAML",0.0635287962630414
"NG-29643_MFM_223_lib581297_7997_4","LGG",0.230809456403297
"NG-29643_MFM_223_lib581297_7997_4","LIHC",0.338277172158318
"NG-29643_MFM_223_lib581297_7997_4","LUAD",0.505722411785599
"NG-29643_MFM_223_lib581297_7997_4","LUSC",0.476373113536196
"NG-29643_MFM_223_lib581297_7997_4","MESO",0.357910744434996
"NG-29643_MFM_223_lib581297_7997_4","OV",0.473633124477289
"NG-29643_MFM_223_lib581297_7997_4","PAAD",0.519103501653858
"NG-29643_MFM_223_lib581297_7997_4","PCPG",0.24469724614943
"NG-29643_MFM_223_lib581297_7997_4","PRAD",0.546439207730672
"NG-29643_MFM_223_lib581297_7997_4","READ",0.448061995047449
"NG-29643_MFM_223_lib581297_7997_4","SARC",0.3421606707478
"NG-29643_MFM_223_lib581297_7997_4","SKCM",0.32000122478959
"NG-29643_MFM_223_lib581297_7997_4","STAD",0.48003003899426
"NG-29643_MFM_223_lib581297_7997_4","TGCT",0.275359488858526
"NG-29643_MFM_223_lib581297_7997_4","THCA",0.450475633506812
"NG-29643_MFM_223_lib581297_7997_4","THYM",0.276328950563276
"NG-29643_MFM_223_lib581297_7997_4","UCEC",0.540390116894219
"NG-29643_MFM_223_lib581297_7997_4","UCS",0.437184016594122
"NG-29643_MFM_223_lib581297_7997_4","UVM",0.315180244072889
"NG-29643_SK_BR_3_lib581307_7997_4","ACC",0.273192448873404
"NG-29643_SK_BR_3_lib581307_7997_4","BLCA",0.590166431927242
"NG-29643_SK_BR_3_lib581307_7997_4","BRCA",0.571142119879933
"NG-29643_SK_BR_3_lib581307_7997_4","CESC",0.575667180463943
"NG-29643_SK_BR_3_lib581307_7997_4","CHOL",0.472611600971845
"NG-29643_SK_BR_3_lib581307_7997_4","COAD",0.480082898607297
"NG-29643_SK_BR_3_lib581307_7997_4","DLBC",0.0771079059409098
"NG-29643_SK_BR_3_lib581307_7997_4","ESCA",0.586073169993228
"NG-29643_SK_BR_3_lib581307_7997_4","GBM",0.149522098334088
"NG-29643_SK_BR_3_lib581307_7997_4","HNSC",0.525265630308366
"NG-29643_SK_BR_3_lib581307_7997_4","KICH",0.410710148234406
"NG-29643_SK_BR_3_lib581307_7997_4","KIRC",0.341251493215298
"NG-29643_SK_BR_3_lib581307_7997_4","KIRP",0.376865999853615
"NG-29643_SK_BR_3_lib581307_7997_4","LAML",0.035896847026935
"NG-29643_SK_BR_3_lib581307_7997_4","LGG",0.128788681740454
"NG-29643_SK_BR_3_lib581307_7997_4","LIHC",0.340258486124853
"NG-29643_SK_BR_3_lib581307_7997_4","LUAD",0.533975383752139
"NG-29643_SK_BR_3_lib581307_7997_4","LUSC",0.512914345856198
"NG-29643_SK_BR_3_lib581307_7997_4","MESO",0.340019773112522
"NG-29643_SK_BR_3_lib581307_7997_4","OV",0.469276603556789
"NG-29643_SK_BR_3_lib581307_7997_4","PAAD",0.522640218099867
"NG-29643_SK_BR_3_lib581307_7997_4","PCPG",0.175123236427076
"NG-29643_SK_BR_3_lib581307_7997_4","PRAD",0.490275633437937
"NG-29643_SK_BR_3_lib581307_7997_4","READ",0.485137215323871
"NG-29643_SK_BR_3_lib581307_7997_4","SARC",0.26285027113887
"NG-29643_SK_BR_3_lib581307_7997_4","SKCM",0.290819755848321
"NG-29643_SK_BR_3_lib581307_7997_4","STAD",0.506417780001844
"NG-29643_SK_BR_3_lib581307_7997_4","TGCT",0.244552376438617
"NG-29643_SK_BR_3_lib581307_7997_4","THCA",0.434481947507765
"NG-29643_SK_BR_3_lib581307_7997_4","THYM",0.228594809301422
"NG-29643_SK_BR_3_lib581307_7997_4","UCEC",0.522756558091927
"NG-29643_SK_BR_3_lib581307_7997_4","UCS",0.373988103605878
"NG-29643_SK_BR_3_lib581307_7997_4","UVM",0.297754246378076
"NG-29643_T_47D_lib581309_8005_3","ACC",0.352054327549109
"NG-29643_T_47D_lib581309_8005_3","BLCA",0.579391907939908
"NG-29643_T_47D_lib581309_8005_3","BRCA",0.656006453298756
"NG-29643_T_47D_lib581309_8005_3","CESC",0.552741964795946
"NG-29643_T_47D_lib581309_8005_3","CHOL",0.477739833653665
"NG-29643_T_47D_lib581309_8005_3","COAD",0.440793612205136
"NG-29643_T_47D_lib581309_8005_3","DLBC",0.0929698275158308
"NG-29643_T_47D_lib581309_8005_3","ESCA",0.557809075876417
"NG-29643_T_47D_lib581309_8005_3","GBM",0.215659350073337
"NG-29643_T_47D_lib581309_8005_3","HNSC",0.491599748798878
"NG-29643_T_47D_lib581309_8005_3","KICH",0.458325647704822
"NG-29643_T_47D_lib581309_8005_3","KIRC",0.390691250869853
"NG-29643_T_47D_lib581309_8005_3","KIRP",0.439502233163427
"NG-29643_T_47D_lib581309_8005_3","LAML",0.0572509765255504
"NG-29643_T_47D_lib581309_8005_3","LGG",0.200535150437888
"NG-29643_T_47D_lib581309_8005_3","LIHC",0.340857656934136
"NG-29643_T_47D_lib581309_8005_3","LUAD",0.541465592073451
"NG-29643_T_47D_lib581309_8005_3","LUSC",0.518253229711184
"NG-29643_T_47D_lib581309_8005_3","MESO",0.399762588982654
"NG-29643_T_47D_lib581309_8005_3","OV",0.516893029546747
"NG-29643_T_47D_lib581309_8005_3","PAAD",0.515975837897274
"NG-29643_T_47D_lib581309_8005_3","PCPG",0.242654030726761
"NG-29643_T_47D_lib581309_8005_3","PRAD",0.543400501895593
"NG-29643_T_47D_lib581309_8005_3","READ",0.443557048682966
"NG-29643_T_47D_lib581309_8005_3","SARC",0.343490218105154
"NG-29643_T_47D_lib581309_8005_3","SKCM",0.343801984687457
"NG-29643_T_47D_lib581309_8005_3","STAD",0.484315991233818
"NG-29643_T_47D_lib581309_8005_3","TGCT",0.293271176250071
"NG-29643_T_47D_lib581309_8005_3","THCA",0.496638315162877
"NG-29643_T_47D_lib581309_8005_3","THYM",0.296016144752035
"NG-29643_T_47D_lib581309_8005_3","UCEC",0.568186478933674
"NG-29643_T_47D_lib581309_8005_3","UCS",0.45178845921843
"NG-29643_T_47D_lib581309_8005_3","UVM",0.350947818021552
"NG-29643_BT_474_lib581288_7997_4","ACC",0.326206827280943
"NG-29643_BT_474_lib581288_7997_4","BLCA",0.538515155741036
"NG-29643_BT_474_lib581288_7997_4","BRCA",0.626334006390057
"NG-29643_BT_474_lib581288_7997_4","CESC",0.502920160484337
"NG-29643_BT_474_lib581288_7997_4","CHOL",0.461532930254852
"NG-29643_BT_474_lib581288_7997_4","COAD",0.432816880821859
"NG-29643_BT_474_lib581288_7997_4","DLBC",0.0744864225292761
"NG-29643_BT_474_lib581288_7997_4","ESCA",0.53141396747248
"NG-29643_BT_474_lib581288_7997_4","GBM",0.226259242156409
"NG-29643_BT_474_lib581288_7997_4","HNSC",0.456101998750766
"NG-29643_BT_474_lib581288_7997_4","KICH",0.466365230438091
"NG-29643_BT_474_lib581288_7997_4","KIRC",0.370256645203673
"NG-29643_BT_474_lib581288_7997_4","KIRP",0.403318998497591
"NG-29643_BT_474_lib581288_7997_4","LAML",0.0431737063940945
"NG-29643_BT_474_lib581288_7997_4","LGG",0.227211554217201
"NG-29643_BT_474_lib581288_7997_4","LIHC",0.317715915317065
"NG-29643_BT_474_lib581288_7997_4","LUAD",0.488772706478741
"NG-29643_BT_474_lib581288_7997_4","LUSC",0.46629105463752
"NG-29643_BT_474_lib581288_7997_4","MESO",0.364090788777304
"NG-29643_BT_474_lib581288_7997_4","OV",0.463593354675833
"NG-29643_BT_474_lib581288_7997_4","PAAD",0.50631991881644
"NG-29643_BT_474_lib581288_7997_4","PCPG",0.254362764005403
"NG-29643_BT_474_lib581288_7997_4","PRAD",0.554491300214965
"NG-29643_BT_474_lib581288_7997_4","READ",0.436023123986502
"NG-29643_BT_474_lib581288_7997_4","SARC",0.329688719090826
"NG-29643_BT_474_lib581288_7997_4","SKCM",0.300632424602813
"NG-29643_BT_474_lib581288_7997_4","STAD",0.467336010461332
"NG-29643_BT_474_lib581288_7997_4","TGCT",0.2392004108825
"NG-29643_BT_474_lib581288_7997_4","THCA",0.460622863109796
"NG-29643_BT_474_lib581288_7997_4","THYM",0.252992963186797
"NG-29643_BT_474_lib581288_7997_4","UCEC",0.53826015207857
"NG-29643_BT_474_lib581288_7997_4","UCS",0.428562601638168
"NG-29643_BT_474_lib581288_7997_4","UVM",0.317142408560612
"NG-13640_BC3_lib236396_5774_5","ACC",0.350378936750108
"NG-13640_BC3_lib236396_5774_5","BLCA",0.42180960371064
"NG-13640_BC3_lib236396_5774_5","BRCA",0.419533202359295
"NG-13640_BC3_lib236396_5774_5","CESC",0.385223791052488
"NG-13640_BC3_lib236396_5774_5","CHOL",0.366318190645566
"NG-13640_BC3_lib236396_5774_5","COAD",0.37031538653594
"NG-13640_BC3_lib236396_5774_5","DLBC",0.269652966596259
"NG-13640_BC3_lib236396_5774_5","ESCA",0.437964384800377
"NG-13640_BC3_lib236396_5774_5","GBM",0.275242369821234
"NG-13640_BC3_lib236396_5774_5","HNSC",0.373832743952493
"NG-13640_BC3_lib236396_5774_5","KICH",0.345986811691641
"NG-13640_BC3_lib236396_5774_5","KIRC",0.373378411221332
"NG-13640_BC3_lib236396_5774_5","KIRP",0.372548149881003
"NG-13640_BC3_lib236396_5774_5","LAML",0.228517267245007
"NG-13640_BC3_lib236396_5774_5","LGG",0.232038965359547
"NG-13640_BC3_lib236396_5774_5","LIHC",0.33657375554645
"NG-13640_BC3_lib236396_5774_5","LUAD",0.43146646656929
"NG-13640_BC3_lib236396_5774_5","LUSC",0.433776184379748
"NG-13640_BC3_lib236396_5774_5","MESO",0.382587949457764
"NG-13640_BC3_lib236396_5774_5","OV",0.380572644528081
"NG-13640_BC3_lib236396_5774_5","PAAD",0.379156121780306
"NG-13640_BC3_lib236396_5774_5","PCPG",0.263354652650745
"NG-13640_BC3_lib236396_5774_5","PRAD",0.377091395691086
"NG-13640_BC3_lib236396_5774_5","READ",0.362986737807713
"NG-13640_BC3_lib236396_5774_5","SARC",0.358166059167937
"NG-13640_BC3_lib236396_5774_5","SKCM",0.393243751344234
"NG-13640_BC3_lib236396_5774_5","STAD",0.411387742571794
"NG-13640_BC3_lib236396_5774_5","TGCT",0.348866851936986
"NG-13640_BC3_lib236396_5774_5","THCA",0.385225409502381
"NG-13640_BC3_lib236396_5774_5","THYM",0.354124632962021
"NG-13640_BC3_lib236396_5774_5","UCEC",0.396271821754885
"NG-13640_BC3_lib236396_5774_5","UCS",0.363069086068056
"NG-13640_BC3_lib236396_5774_5","UVM",0.307931562902898
"NG-13640_BCBL_1_lib241208_5808_6","ACC",0.331849055128938
"NG-13640_BCBL_1_lib241208_5808_6","BLCA",0.426207041730712
"NG-13640_BCBL_1_lib241208_5808_6","BRCA",0.420503534327948
"NG-13640_BCBL_1_lib241208_5808_6","CESC",0.403480915707214
"NG-13640_BCBL_1_lib241208_5808_6","CHOL",0.362462381958984
"NG-13640_BCBL_1_lib241208_5808_6","COAD",0.373741193056388
"NG-13640_BCBL_1_lib241208_5808_6","DLBC",0.2708125895226
"NG-13640_BCBL_1_lib241208_5808_6","ESCA",0.455697654940567
"NG-13640_BCBL_1_lib241208_5808_6","GBM",0.2828241393219
"NG-13640_BCBL_1_lib241208_5808_6","HNSC",0.399098098223727
"NG-13640_BCBL_1_lib241208_5808_6","KICH",0.339684217901504
"NG-13640_BCBL_1_lib241208_5808_6","KIRC",0.363600710094871
"NG-13640_BCBL_1_lib241208_5808_6","KIRP",0.352720228621984
"NG-13640_BCBL_1_lib241208_5808_6","LAML",0.211943098508612
"NG-13640_BCBL_1_lib241208_5808_6","LGG",0.227675829528095
"NG-13640_BCBL_1_lib241208_5808_6","LIHC",0.338078541317638
"NG-13640_BCBL_1_lib241208_5808_6","LUAD",0.433120384253122
"NG-13640_BCBL_1_lib241208_5808_6","LUSC",0.437471808982835
"NG-13640_BCBL_1_lib241208_5808_6","MESO",0.360262560508845
"NG-13640_BCBL_1_lib241208_5808_6","OV",0.396938248472815
"NG-13640_BCBL_1_lib241208_5808_6","PAAD",0.390140888976487
"NG-13640_BCBL_1_lib241208_5808_6","PCPG",0.259585074197052
"NG-13640_BCBL_1_lib241208_5808_6","PRAD",0.357589559545031
"NG-13640_BCBL_1_lib241208_5808_6","READ",0.369799297284864
"NG-13640_BCBL_1_lib241208_5808_6","SARC",0.342745377145229
"NG-13640_BCBL_1_lib241208_5808_6","SKCM",0.392906304511648
"NG-13640_BCBL_1_lib241208_5808_6","STAD",0.424270022537831
"NG-13640_BCBL_1_lib241208_5808_6","TGCT",0.340749385081581
"NG-13640_BCBL_1_lib241208_5808_6","THCA",0.365318165120659
"NG-13640_BCBL_1_lib241208_5808_6","THYM",0.332845660326177
"NG-13640_BCBL_1_lib241208_5808_6","UCEC",0.408397559029813
"NG-13640_BCBL_1_lib241208_5808_6","UCS",0.379432305165944
"NG-13640_BCBL_1_lib241208_5808_6","UVM",0.309350958747683
"NG-13640_BJAB_lib227474_5697_7","ACC",0.289215358312221
"NG-13640_BJAB_lib227474_5697_7","BLCA",0.359040389612375
"NG-13640_BJAB_lib227474_5697_7","BRCA",0.390664813683776
"NG-13640_BJAB_lib227474_5697_7","CESC",0.381488475189293
"NG-13640_BJAB_lib227474_5697_7","CHOL",0.344771161323285
"NG-13640_BJAB_lib227474_5697_7","COAD",0.360342693313749
"NG-13640_BJAB_lib227474_5697_7","DLBC",0.461397023848845
"NG-13640_BJAB_lib227474_5697_7","ESCA",0.378162701017239
"NG-13640_BJAB_lib227474_5697_7","GBM",0.262305162403643
"NG-13640_BJAB_lib227474_5697_7","HNSC",0.344136235489026
"NG-13640_BJAB_lib227474_5697_7","KICH",0.311002180847185
"NG-13640_BJAB_lib227474_5697_7","KIRC",0.314347034841508
"NG-13640_BJAB_lib227474_5697_7","KIRP",0.329187667813718
"NG-13640_BJAB_lib227474_5697_7","LAML",0.354862654904052
"NG-13640_BJAB_lib227474_5697_7","LGG",0.219378934079427
"NG-13640_BJAB_lib227474_5697_7","LIHC",0.302371685456375
"NG-13640_BJAB_lib227474_5697_7","LUAD",0.412021318674806
"NG-13640_BJAB_lib227474_5697_7","LUSC",0.370615953469188
"NG-13640_BJAB_lib227474_5697_7","MESO",0.328372065673284
"NG-13640_BJAB_lib227474_5697_7","OV",0.382562240494346
"NG-13640_BJAB_lib227474_5697_7","PAAD",0.361480219382875
"NG-13640_BJAB_lib227474_5697_7","PCPG",0.244590553351441
"NG-13640_BJAB_lib227474_5697_7","PRAD",0.294207433090799
"NG-13640_BJAB_lib227474_5697_7","READ",0.354531201913037
"NG-13640_BJAB_lib227474_5697_7","SARC",0.258518619630369
"NG-13640_BJAB_lib227474_5697_7","SKCM",0.35599273147235
"NG-13640_BJAB_lib227474_5697_7","STAD",0.404875341944639
"NG-13640_BJAB_lib227474_5697_7","TGCT",0.36224954474356
"NG-13640_BJAB_lib227474_5697_7","THCA",0.335713006718072
"NG-13640_BJAB_lib227474_5697_7","THYM",0.356597182278146
"NG-13640_BJAB_lib227474_5697_7","UCEC",0.401819805145558
"NG-13640_BJAB_lib227474_5697_7","UCS",0.316699828970621
"NG-13640_BJAB_lib227474_5697_7","UVM",0.310399260373802
"NG-13640_DAUDI_lib227475_5697_7","ACC",0.270793009709245
"NG-13640_DAUDI_lib227475_5697_7","BLCA",0.334473421746357
"NG-13640_DAUDI_lib227475_5697_7","BRCA",0.373158506089109
"NG-13640_DAUDI_lib227475_5697_7","CESC",0.346532630310386
"NG-13640_DAUDI_lib227475_5697_7","CHOL",0.313979932195591
"NG-13640_DAUDI_lib227475_5697_7","COAD",0.338925262378802
"NG-13640_DAUDI_lib227475_5697_7","DLBC",0.437936410106701
"NG-13640_DAUDI_lib227475_5697_7","ESCA",0.364902916120647
"NG-13640_DAUDI_lib227475_5697_7","GBM",0.277986355086027
"NG-13640_DAUDI_lib227475_5697_7","HNSC",0.33487823624191
"NG-13640_DAUDI_lib227475_5697_7","KICH",0.301738340850034
"NG-13640_DAUDI_lib227475_5697_7","KIRC",0.330914239703288
"NG-13640_DAUDI_lib227475_5697_7","KIRP",0.315067973196855
"NG-13640_DAUDI_lib227475_5697_7","LAML",0.352718682576534
"NG-13640_DAUDI_lib227475_5697_7","LGG",0.230817298728064
"NG-13640_DAUDI_lib227475_5697_7","LIHC",0.302611307290189
"NG-13640_DAUDI_lib227475_5697_7","LUAD",0.410452320020056
"NG-13640_DAUDI_lib227475_5697_7","LUSC",0.371035944236666
"NG-13640_DAUDI_lib227475_5697_7","MESO",0.317726026120387
"NG-13640_DAUDI_lib227475_5697_7","OV",0.32567223074924
"NG-13640_DAUDI_lib227475_5697_7","PAAD",0.341050044956087
"NG-13640_DAUDI_lib227475_5697_7","PCPG",0.227963503574529
"NG-13640_DAUDI_lib227475_5697_7","PRAD",0.292059531513601
"NG-13640_DAUDI_lib227475_5697_7","READ",0.325371640952611
"NG-13640_DAUDI_lib227475_5697_7","SARC",0.269629135864144
"NG-13640_DAUDI_lib227475_5697_7","SKCM",0.353845021754969
"NG-13640_DAUDI_lib227475_5697_7","STAD",0.387030500660375
"NG-13640_DAUDI_lib227475_5697_7","TGCT",0.348016195048613
"NG-13640_DAUDI_lib227475_5697_7","THCA",0.32088141449248
"NG-13640_DAUDI_lib227475_5697_7","THYM",0.350154580809475
"NG-13640_DAUDI_lib227475_5697_7","UCEC",0.358898537098239
"NG-13640_DAUDI_lib227475_5697_7","UCS",0.273340266988417
"NG-13640_DAUDI_lib227475_5697_7","UVM",0.27356350665754
"NG-13640_DERL7_lib236383_5767_8","ACC",0.439479121411257
"NG-13640_DERL7_lib236383_5767_8","BLCA",0.488824594980782
"NG-13640_DERL7_lib236383_5767_8","BRCA",0.509327911399117
"NG-13640_DERL7_lib236383_5767_8","CESC",0.482080688373846
"NG-13640_DERL7_lib236383_5767_8","CHOL",0.441867539279259
"NG-13640_DERL7_lib236383_5767_8","COAD",0.43396842151295
"NG-13640_DERL7_lib236383_5767_8","DLBC",0.359189925447047
"NG-13640_DERL7_lib236383_5767_8","ESCA",0.51023100947048
"NG-13640_DERL7_lib236383_5767_8","GBM",0.37961166028153
"NG-13640_DERL7_lib236383_5767_8","HNSC",0.471371300102164
"NG-13640_DERL7_lib236383_5767_8","KICH",0.404465734788524
"NG-13640_DERL7_lib236383_5767_8","KIRC",0.4513520901863
"NG-13640_DERL7_lib236383_5767_8","KIRP",0.427909273544982
"NG-13640_DERL7_lib236383_5767_8","LAML",0.355747152935502
"NG-13640_DERL7_lib236383_5767_8","LGG",0.341550039524644
"NG-13640_DERL7_lib236383_5767_8","LIHC",0.394208036723347
"NG-13640_DERL7_lib236383_5767_8","LUAD",0.496127932331264
"NG-13640_DERL7_lib236383_5767_8","LUSC",0.50235802824568
"NG-13640_DERL7_lib236383_5767_8","MESO",0.473053104955212
"NG-13640_DERL7_lib236383_5767_8","OV",0.435755095381045
"NG-13640_DERL7_lib236383_5767_8","PAAD",0.461714170742599
"NG-13640_DERL7_lib236383_5767_8","PCPG",0.374492391796976
"NG-13640_DERL7_lib236383_5767_8","PRAD",0.457691655048728
"NG-13640_DERL7_lib236383_5767_8","READ",0.42741130505489
"NG-13640_DERL7_lib236383_5767_8","SARC",0.464908736445127
"NG-13640_DERL7_lib236383_5767_8","SKCM",0.50278368901079
"NG-13640_DERL7_lib236383_5767_8","STAD",0.4884992864419
"NG-13640_DERL7_lib236383_5767_8","TGCT",0.450999607159164
"NG-13640_DERL7_lib236383_5767_8","THCA",0.456525957273386
"NG-13640_DERL7_lib236383_5767_8","THYM",0.443707868804282
"NG-13640_DERL7_lib236383_5767_8","UCEC",0.488623564727164
"NG-13640_DERL7_lib236383_5767_8","UCS",0.460258771756031
"NG-13640_DERL7_lib236383_5767_8","UVM",0.437485786244154
"NG-13640_HG_3_lib227479_5697_4","ACC",0.281882858404247
"NG-13640_HG_3_lib227479_5697_4","BLCA",0.364621692773848
"NG-13640_HG_3_lib227479_5697_4","BRCA",0.36601849724211
"NG-13640_HG_3_lib227479_5697_4","CESC",0.355114205259097
"NG-13640_HG_3_lib227479_5697_4","CHOL",0.363315413468888
"NG-13640_HG_3_lib227479_5697_4","COAD",0.356248385611615
"NG-13640_HG_3_lib227479_5697_4","DLBC",0.354377917900761
"NG-13640_HG_3_lib227479_5697_4","ESCA",0.3880401664163
"NG-13640_HG_3_lib227479_5697_4","GBM",0.256494418444787
"NG-13640_HG_3_lib227479_5697_4","HNSC",0.360488513168866
"NG-13640_HG_3_lib227479_5697_4","KICH",0.32126862321669
"NG-13640_HG_3_lib227479_5697_4","KIRC",0.393007426697644
"NG-13640_HG_3_lib227479_5697_4","KIRP",0.373116104819929
"NG-13640_HG_3_lib227479_5697_4","LAML",0.289275304511589
"NG-13640_HG_3_lib227479_5697_4","LGG",0.194816242562895
"NG-13640_HG_3_lib227479_5697_4","LIHC",0.338372039095062
"NG-13640_HG_3_lib227479_5697_4","LUAD",0.413549953786443
"NG-13640_HG_3_lib227479_5697_4","LUSC",0.396177884920126
"NG-13640_HG_3_lib227479_5697_4","MESO",0.345138353261372
"NG-13640_HG_3_lib227479_5697_4","OV",0.315254132253575
"NG-13640_HG_3_lib227479_5697_4","PAAD",0.357251248206051
"NG-13640_HG_3_lib227479_5697_4","PCPG",0.198962472479418
"NG-13640_HG_3_lib227479_5697_4","PRAD",0.288844111577886
"NG-13640_HG_3_lib227479_5697_4","READ",0.342468955578933
"NG-13640_HG_3_lib227479_5697_4","SARC",0.284908285432808
"NG-13640_HG_3_lib227479_5697_4","SKCM",0.368440643979822
"NG-13640_HG_3_lib227479_5697_4","STAD",0.395614569524496
"NG-13640_HG_3_lib227479_5697_4","TGCT",0.307917293681318
"NG-13640_HG_3_lib227479_5697_4","THCA",0.343407407420833
"NG-13640_HG_3_lib227479_5697_4","THYM",0.356124425702637
"NG-13640_HG_3_lib227479_5697_4","UCEC",0.354901977031054
"NG-13640_HG_3_lib227479_5697_4","UCS",0.255439168397364
"NG-13640_HG_3_lib227479_5697_4","UVM",0.266296998422706
"NG-13640_HH_lib241222_5808_1","ACC",0.342683622103007
"NG-13640_HH_lib241222_5808_1","BLCA",0.367920888872458
"NG-13640_HH_lib241222_5808_1","BRCA",0.406396737113212
"NG-13640_HH_lib241222_5808_1","CESC",0.390853723220224
"NG-13640_HH_lib241222_5808_1","CHOL",0.351824533539446
"NG-13640_HH_lib241222_5808_1","COAD",0.338627442874002
"NG-13640_HH_lib241222_5808_1","DLBC",0.384304692060186
"NG-13640_HH_lib241222_5808_1","ESCA",0.395415806490452
"NG-13640_HH_lib241222_5808_1","GBM",0.334595307349238
"NG-13640_HH_lib241222_5808_1","HNSC",0.375091716640389
"NG-13640_HH_lib241222_5808_1","KICH",0.300120932590393
"NG-13640_HH_lib241222_5808_1","KIRC",0.345914168678723
"NG-13640_HH_lib241222_5808_1","KIRP",0.334251471057154
"NG-13640_HH_lib241222_5808_1","LAML",0.309950041872839
"NG-13640_HH_lib241222_5808_1","LGG",0.29732720513655
"NG-13640_HH_lib241222_5808_1","LIHC",0.331808283009309
"NG-13640_HH_lib241222_5808_1","LUAD",0.395328662510115
"NG-13640_HH_lib241222_5808_1","LUSC",0.380402914378731
"NG-13640_HH_lib241222_5808_1","MESO",0.359122055084233
"NG-13640_HH_lib241222_5808_1","OV",0.349551774106061
"NG-13640_HH_lib241222_5808_1","PAAD",0.364554365772473
"NG-13640_HH_lib241222_5808_1","PCPG",0.31313145426228
"NG-13640_HH_lib241222_5808_1","PRAD",0.334662766012191
"NG-13640_HH_lib241222_5808_1","READ",0.33031676724174
"NG-13640_HH_lib241222_5808_1","SARC",0.355562687154143
"NG-13640_HH_lib241222_5808_1","SKCM",0.395244026745015
"NG-13640_HH_lib241222_5808_1","STAD",0.390863491700529
"NG-13640_HH_lib241222_5808_1","TGCT",0.33554910546872
"NG-13640_HH_lib241222_5808_1","THCA",0.331634259725006
"NG-13640_HH_lib241222_5808_1","THYM",0.372755367107114
"NG-13640_HH_lib241222_5808_1","UCEC",0.378860256383916
"NG-13640_HH_lib241222_5808_1","UCS",0.327535233827522
"NG-13640_HH_lib241222_5808_1","UVM",0.333945696590593
"NG-13640_HT_1080_lib259823_5972_8","ACC",0.421430527963755
"NG-13640_HT_1080_lib259823_5972_8","BLCA",0.471359683991876
"NG-13640_HT_1080_lib259823_5972_8","BRCA",0.462411429940907
"NG-13640_HT_1080_lib259823_5972_8","CESC",0.429149886225928
"NG-13640_HT_1080_lib259823_5972_8","CHOL",0.40629727732417
"NG-13640_HT_1080_lib259823_5972_8","COAD",0.355343901999786
"NG-13640_HT_1080_lib259823_5972_8","DLBC",0.0771936116171236
"NG-13640_HT_1080_lib259823_5972_8","ESCA",0.491227515603576
"NG-13640_HT_1080_lib259823_5972_8","GBM",0.372409878396395
"NG-13640_HT_1080_lib259823_5972_8","HNSC",0.484405988719234
"NG-13640_HT_1080_lib259823_5972_8","KICH",0.375059125555137
"NG-13640_HT_1080_lib259823_5972_8","KIRC",0.432200675987686
"NG-13640_HT_1080_lib259823_5972_8","KIRP",0.413663636183298
"NG-13640_HT_1080_lib259823_5972_8","LAML",0.0244163952790507
"NG-13640_HT_1080_lib259823_5972_8","LGG",0.313901040765357
"NG-13640_HT_1080_lib259823_5972_8","LIHC",0.297548777875724
"NG-13640_HT_1080_lib259823_5972_8","LUAD",0.411735582961777
"NG-13640_HT_1080_lib259823_5972_8","LUSC",0.474826164145911
"NG-13640_HT_1080_lib259823_5972_8","MESO",0.487986452839048
"NG-13640_HT_1080_lib259823_5972_8","OV",0.371760184627139
"NG-13640_HT_1080_lib259823_5972_8","PAAD",0.469086712173784
"NG-13640_HT_1080_lib259823_5972_8","PCPG",0.354797476294598
"NG-13640_HT_1080_lib259823_5972_8","PRAD",0.41302150258669
"NG-13640_HT_1080_lib259823_5972_8","READ",0.354112677013635
"NG-13640_HT_1080_lib259823_5972_8","SARC",0.539701976603423
"NG-13640_HT_1080_lib259823_5972_8","SKCM",0.490671433632776
"NG-13640_HT_1080_lib259823_5972_8","STAD",0.398685897613314
"NG-13640_HT_1080_lib259823_5972_8","TGCT",0.286051465050292
"NG-13640_HT_1080_lib259823_5972_8","THCA",0.416044956691576
"NG-13640_HT_1080_lib259823_5972_8","THYM",0.234567466865743
"NG-13640_HT_1080_lib259823_5972_8","UCEC",0.419021571829163
"NG-13640_HT_1080_lib259823_5972_8","UCS",0.471623518851175
"NG-13640_HT_1080_lib259823_5972_8","UVM",0.372156194544976
"NG-13640_HT_1080_lib259823_5988_1","ACC",0.414114886034398
"NG-13640_HT_1080_lib259823_5988_1","BLCA",0.468186589242486
"NG-13640_HT_1080_lib259823_5988_1","BRCA",0.461957890821762
"NG-13640_HT_1080_lib259823_5988_1","CESC",0.427745618879967
"NG-13640_HT_1080_lib259823_5988_1","CHOL",0.417051214720717
"NG-13640_HT_1080_lib259823_5988_1","COAD",0.358573929634686
"NG-13640_HT_1080_lib259823_5988_1","DLBC",0.056059241076732
"NG-13640_HT_1080_lib259823_5988_1","ESCA",0.495045361213589
"NG-13640_HT_1080_lib259823_5988_1","GBM",0.365376234170097
"NG-13640_HT_1080_lib259823_5988_1","HNSC",0.483035385267793
"NG-13640_HT_1080_lib259823_5988_1","KICH",0.383924434906576
"NG-13640_HT_1080_lib259823_5988_1","KIRC",0.434702791229591
"NG-13640_HT_1080_lib259823_5988_1","KIRP",0.413543202569316
"NG-13640_HT_1080_lib259823_5988_1","LAML",-0.00527715009419879
"NG-13640_HT_1080_lib259823_5988_1","LGG",0.313432918936531
"NG-13640_HT_1080_lib259823_5988_1","LIHC",0.301989499551033
"NG-13640_HT_1080_lib259823_5988_1","LUAD",0.402231053716493
"NG-13640_HT_1080_lib259823_5988_1","LUSC",0.467692547037117
"NG-13640_HT_1080_lib259823_5988_1","MESO",0.480332051818255
"NG-13640_HT_1080_lib259823_5988_1","OV",0.374549683918321
"NG-13640_HT_1080_lib259823_5988_1","PAAD",0.47537244818888
"NG-13640_HT_1080_lib259823_5988_1","PCPG",0.348455764521923
"NG-13640_HT_1080_lib259823_5988_1","PRAD",0.416538665517156
"NG-13640_HT_1080_lib259823_5988_1","READ",0.35952608662977
"NG-13640_HT_1080_lib259823_5988_1","SARC",0.530306329181793
"NG-13640_HT_1080_lib259823_5988_1","SKCM",0.475173705093786
"NG-13640_HT_1080_lib259823_5988_1","STAD",0.401192793738346
"NG-13640_HT_1080_lib259823_5988_1","TGCT",0.277322442174474
"NG-13640_HT_1080_lib259823_5988_1","THCA",0.421464508909399
"NG-13640_HT_1080_lib259823_5988_1","THYM",0.222441083753707
"NG-13640_HT_1080_lib259823_5988_1","UCEC",0.426707940502361
"NG-13640_HT_1080_lib259823_5988_1","UCS",0.472767459849266
"NG-13640_HT_1080_lib259823_5988_1","UVM",0.368078237435561
"NG-13640_JVM_13_lib227481_5697_4","ACC",0.330552927632466
"NG-13640_JVM_13_lib227481_5697_4","BLCA",0.438199748098934
"NG-13640_JVM_13_lib227481_5697_4","BRCA",0.423665233002578
"NG-13640_JVM_13_lib227481_5697_4","CESC",0.444144977304194
"NG-13640_JVM_13_lib227481_5697_4","CHOL",0.430328952376989
"NG-13640_JVM_13_lib227481_5697_4","COAD",0.411777863788273
"NG-13640_JVM_13_lib227481_5697_4","DLBC",0.441586091189249
"NG-13640_JVM_13_lib227481_5697_4","ESCA",0.45023807062104
"NG-13640_JVM_13_lib227481_5697_4","GBM",0.272527468912666
"NG-13640_JVM_13_lib227481_5697_4","HNSC",0.430615595574122
"NG-13640_JVM_13_lib227481_5697_4","KICH",0.374150862992467
"NG-13640_JVM_13_lib227481_5697_4","KIRC",0.425219112581764
"NG-13640_JVM_13_lib227481_5697_4","KIRP",0.418903385304576
"NG-13640_JVM_13_lib227481_5697_4","LAML",0.332600271855144
"NG-13640_JVM_13_lib227481_5697_4","LGG",0.213435473220813
"NG-13640_JVM_13_lib227481_5697_4","LIHC",0.390275252306041
"NG-13640_JVM_13_lib227481_5697_4","LUAD",0.486523350364264
"NG-13640_JVM_13_lib227481_5697_4","LUSC",0.457459717442607
"NG-13640_JVM_13_lib227481_5697_4","MESO",0.399966943357982
"NG-13640_JVM_13_lib227481_5697_4","OV",0.385358869655828
"NG-13640_JVM_13_lib227481_5697_4","PAAD",0.43688468851688
"NG-13640_JVM_13_lib227481_5697_4","PCPG",0.247812773570857
"NG-13640_JVM_13_lib227481_5697_4","PRAD",0.340505067229572
"NG-13640_JVM_13_lib227481_5697_4","READ",0.398200549204136
"NG-13640_JVM_13_lib227481_5697_4","SARC",0.315088591221279
"NG-13640_JVM_13_lib227481_5697_4","SKCM",0.418694728329773
"NG-13640_JVM_13_lib227481_5697_4","STAD",0.454819040519265
"NG-13640_JVM_13_lib227481_5697_4","TGCT",0.34663155897038
"NG-13640_JVM_13_lib227481_5697_4","THCA",0.401049209110837
"NG-13640_JVM_13_lib227481_5697_4","THYM",0.386030893733569
"NG-13640_JVM_13_lib227481_5697_4","UCEC",0.419485768277631
"NG-13640_JVM_13_lib227481_5697_4","UCS",0.301626555628808
"NG-13640_JVM_13_lib227481_5697_4","UVM",0.336548874010216
"NG-13640_JVM_3_lib227480_5697_4","ACC",0.287980264122463
"NG-13640_JVM_3_lib227480_5697_4","BLCA",0.401500140335773
"NG-13640_JVM_3_lib227480_5697_4","BRCA",0.381953321910317
"NG-13640_JVM_3_lib227480_5697_4","CESC",0.404241172265212
"NG-13640_JVM_3_lib227480_5697_4","CHOL",0.377127551382018
"NG-13640_JVM_3_lib227480_5697_4","COAD",0.373254650324795
"NG-13640_JVM_3_lib227480_5697_4","DLBC",0.317202223243566
"NG-13640_JVM_3_lib227480_5697_4","ESCA",0.436035013677705
"NG-13640_JVM_3_lib227480_5697_4","GBM",0.2387274001821
"NG-13640_JVM_3_lib227480_5697_4","HNSC",0.420761423553186
"NG-13640_JVM_3_lib227480_5697_4","KICH",0.317702200286379
"NG-13640_JVM_3_lib227480_5697_4","KIRC",0.394202818958594
"NG-13640_JVM_3_lib227480_5697_4","KIRP",0.371185583920546
"NG-13640_JVM_3_lib227480_5697_4","LAML",0.202891104444966
"NG-13640_JVM_3_lib227480_5697_4","LGG",0.169352210244576
"NG-13640_JVM_3_lib227480_5697_4","LIHC",0.334677918939203
"NG-13640_JVM_3_lib227480_5697_4","LUAD",0.426548745979489
"NG-13640_JVM_3_lib227480_5697_4","LUSC",0.433617824253281
"NG-13640_JVM_3_lib227480_5697_4","MESO",0.349770257616602
"NG-13640_JVM_3_lib227480_5697_4","OV",0.333301824368082
"NG-13640_JVM_3_lib227480_5697_4","PAAD",0.388890721652705
"NG-13640_JVM_3_lib227480_5697_4","PCPG",0.188444735316393
"NG-13640_JVM_3_lib227480_5697_4","PRAD",0.298337268429655
"NG-13640_JVM_3_lib227480_5697_4","READ",0.358684996588948
"NG-13640_JVM_3_lib227480_5697_4","SARC",0.2907803367579
"NG-13640_JVM_3_lib227480_5697_4","SKCM",0.378228848681984
"NG-13640_JVM_3_lib227480_5697_4","STAD",0.414137187122965
"NG-13640_JVM_3_lib227480_5697_4","TGCT",0.295306772639642
"NG-13640_JVM_3_lib227480_5697_4","THCA",0.344881753092402
"NG-13640_JVM_3_lib227480_5697_4","THYM",0.321377493208211
"NG-13640_JVM_3_lib227480_5697_4","UCEC",0.376014337254718
"NG-13640_JVM_3_lib227480_5697_4","UCS",0.273549595014627
"NG-13640_JVM_3_lib227480_5697_4","UVM",0.272658996598522
"NG-13640_MEC_1_lib227482_5697_4","ACC",0.359707196824204
"NG-13640_MEC_1_lib227482_5697_4","BLCA",0.459945515081015
"NG-13640_MEC_1_lib227482_5697_4","BRCA",0.462586341800577
"NG-13640_MEC_1_lib227482_5697_4","CESC",0.481771642859597
"NG-13640_MEC_1_lib227482_5697_4","CHOL",0.439620725327365
"NG-13640_MEC_1_lib227482_5697_4","COAD",0.435340761615336
"NG-13640_MEC_1_lib227482_5697_4","DLBC",0.48540505251126
"NG-13640_MEC_1_lib227482_5697_4","ESCA",0.467242956033636
"NG-13640_MEC_1_lib227482_5697_4","GBM",0.314301519458668
"NG-13640_MEC_1_lib227482_5697_4","HNSC",0.448319064989398
"NG-13640_MEC_1_lib227482_5697_4","KICH",0.381247638461765
"NG-13640_MEC_1_lib227482_5697_4","KIRC",0.427646853773532
"NG-13640_MEC_1_lib227482_5697_4","KIRP",0.412965815817526
"NG-13640_MEC_1_lib227482_5697_4","LAML",0.403621069049052
"NG-13640_MEC_1_lib227482_5697_4","LGG",0.240169945701971
"NG-13640_MEC_1_lib227482_5697_4","LIHC",0.408978399435332
"NG-13640_MEC_1_lib227482_5697_4","LUAD",0.523287518853301
"NG-13640_MEC_1_lib227482_5697_4","LUSC",0.484691980201106
"NG-13640_MEC_1_lib227482_5697_4","MESO",0.415792340747597
"NG-13640_MEC_1_lib227482_5697_4","OV",0.408906200535127
"NG-13640_MEC_1_lib227482_5697_4","PAAD",0.441651783675088
"NG-13640_MEC_1_lib227482_5697_4","PCPG",0.267566527353625
"NG-13640_MEC_1_lib227482_5697_4","PRAD",0.364929633979014
"NG-13640_MEC_1_lib227482_5697_4","READ",0.420531088549511
"NG-13640_MEC_1_lib227482_5697_4","SARC",0.342465401434162
"NG-13640_MEC_1_lib227482_5697_4","SKCM",0.459752211867936
"NG-13640_MEC_1_lib227482_5697_4","STAD",0.480916876316331
"NG-13640_MEC_1_lib227482_5697_4","TGCT",0.401762541270077
"NG-13640_MEC_1_lib227482_5697_4","THCA",0.429536184356412
"NG-13640_MEC_1_lib227482_5697_4","THYM",0.445119832346798
"NG-13640_MEC_1_lib227482_5697_4","UCEC",0.447431406168039
"NG-13640_MEC_1_lib227482_5697_4","UCS",0.329892077359721
"NG-13640_MEC_1_lib227482_5697_4","UVM",0.375910221066432
"NG-13640_MOTN_1_lib250968_5908_5","ACC",0.322963949198592
"NG-13640_MOTN_1_lib250968_5908_5","BLCA",0.399626730621719
"NG-13640_MOTN_1_lib250968_5908_5","BRCA",0.394305725072878
"NG-13640_MOTN_1_lib250968_5908_5","CESC",0.444063863093216
"NG-13640_MOTN_1_lib250968_5908_5","CHOL",0.351806602080204
"NG-13640_MOTN_1_lib250968_5908_5","COAD",0.375490297410964
"NG-13640_MOTN_1_lib250968_5908_5","DLBC",0.407675620342658
"NG-13640_MOTN_1_lib250968_5908_5","ESCA",0.421199387322471
"NG-13640_MOTN_1_lib250968_5908_5","GBM",0.275369051288308
"NG-13640_MOTN_1_lib250968_5908_5","HNSC",0.401282793127564
"NG-13640_MOTN_1_lib250968_5908_5","KICH",0.298736426361489
"NG-13640_MOTN_1_lib250968_5908_5","KIRC",0.337881430531906
"NG-13640_MOTN_1_lib250968_5908_5","KIRP",0.318145006928478
"NG-13640_MOTN_1_lib250968_5908_5","LAML",0.399172371302662
"NG-13640_MOTN_1_lib250968_5908_5","LGG",0.211212885527763
"NG-13640_MOTN_1_lib250968_5908_5","LIHC",0.334961254526916
"NG-13640_MOTN_1_lib250968_5908_5","LUAD",0.431228499359099
"NG-13640_MOTN_1_lib250968_5908_5","LUSC",0.411090157004477
"NG-13640_MOTN_1_lib250968_5908_5","MESO",0.373654991796399
"NG-13640_MOTN_1_lib250968_5908_5","OV",0.354640742671109
"NG-13640_MOTN_1_lib250968_5908_5","PAAD",0.360098817026774
"NG-13640_MOTN_1_lib250968_5908_5","PCPG",0.260713279603011
"NG-13640_MOTN_1_lib250968_5908_5","PRAD",0.314213572177815
"NG-13640_MOTN_1_lib250968_5908_5","READ",0.361913928897196
"NG-13640_MOTN_1_lib250968_5908_5","SARC",0.336122078247509
"NG-13640_MOTN_1_lib250968_5908_5","SKCM",0.41899223468295
"NG-13640_MOTN_1_lib250968_5908_5","STAD",0.426139502725139
"NG-13640_MOTN_1_lib250968_5908_5","TGCT",0.374911969467163
"NG-13640_MOTN_1_lib250968_5908_5","THCA",0.327522058593981
"NG-13640_MOTN_1_lib250968_5908_5","THYM",0.388956341028928
"NG-13640_MOTN_1_lib250968_5908_5","UCEC",0.391862570463783
"NG-13640_MOTN_1_lib250968_5908_5","UCS",0.317381868502069
"NG-13640_MOTN_1_lib250968_5908_5","UVM",0.314014464665968
"NG-13640_NC_NC_lib259822_5972_8","ACC",0.350677252113184
"NG-13640_NC_NC_lib259822_5972_8","BLCA",0.453983585209676
"NG-13640_NC_NC_lib259822_5972_8","BRCA",0.477319805754828
"NG-13640_NC_NC_lib259822_5972_8","CESC",0.467826536179803
"NG-13640_NC_NC_lib259822_5972_8","CHOL",0.415716952416398
"NG-13640_NC_NC_lib259822_5972_8","COAD",0.4130271918545
"NG-13640_NC_NC_lib259822_5972_8","DLBC",0.366960895360067
"NG-13640_NC_NC_lib259822_5972_8","ESCA",0.461640832301024
"NG-13640_NC_NC_lib259822_5972_8","GBM",0.305850567475102
"NG-13640_NC_NC_lib259822_5972_8","HNSC",0.459056162315401
"NG-13640_NC_NC_lib259822_5972_8","KICH",0.374755786814723
"NG-13640_NC_NC_lib259822_5972_8","KIRC",0.437050633501944
"NG-13640_NC_NC_lib259822_5972_8","KIRP",0.405098254580703
"NG-13640_NC_NC_lib259822_5972_8","LAML",0.297803963378579
"NG-13640_NC_NC_lib259822_5972_8","LGG",0.231341884425776
"NG-13640_NC_NC_lib259822_5972_8","LIHC",0.359912634760736
"NG-13640_NC_NC_lib259822_5972_8","LUAD",0.511087889283982
"NG-13640_NC_NC_lib259822_5972_8","LUSC",0.497392200657398
"NG-13640_NC_NC_lib259822_5972_8","MESO",0.421853744253704
"NG-13640_NC_NC_lib259822_5972_8","OV",0.391912592159049
"NG-13640_NC_NC_lib259822_5972_8","PAAD",0.442003383001565
"NG-13640_NC_NC_lib259822_5972_8","PCPG",0.251269214235471
"NG-13640_NC_NC_lib259822_5972_8","PRAD",0.356697523773186
"NG-13640_NC_NC_lib259822_5972_8","READ",0.398571209443637
"NG-13640_NC_NC_lib259822_5972_8","SARC",0.369559462448119
"NG-13640_NC_NC_lib259822_5972_8","SKCM",0.444555231606603
"NG-13640_NC_NC_lib259822_5972_8","STAD",0.450363714707327
"NG-13640_NC_NC_lib259822_5972_8","TGCT",0.373704291304521
"NG-13640_NC_NC_lib259822_5972_8","THCA",0.436042145178306
"NG-13640_NC_NC_lib259822_5972_8","THYM",0.405773388609538
"NG-13640_NC_NC_lib259822_5972_8","UCEC",0.432109489620734
"NG-13640_NC_NC_lib259822_5972_8","UCS",0.336343637284082
"NG-13640_NC_NC_lib259822_5972_8","UVM",0.354029403589522
"NG-13640_PGA_1_lib227483_5697_4","ACC",0.264959363332649
"NG-13640_PGA_1_lib227483_5697_4","BLCA",0.373342516669368
"NG-13640_PGA_1_lib227483_5697_4","BRCA",0.36666296514479
"NG-13640_PGA_1_lib227483_5697_4","CESC",0.367476020569929
"NG-13640_PGA_1_lib227483_5697_4","CHOL",0.328230288417872
"NG-13640_PGA_1_lib227483_5697_4","COAD",0.354541465581969
"NG-13640_PGA_1_lib227483_5697_4","DLBC",0.38132393685651
"NG-13640_PGA_1_lib227483_5697_4","ESCA",0.389276819383859
"NG-13640_PGA_1_lib227483_5697_4","GBM",0.260593292825989
"NG-13640_PGA_1_lib227483_5697_4","HNSC",0.369495251331743
"NG-13640_PGA_1_lib227483_5697_4","KICH",0.287022619248834
"NG-13640_PGA_1_lib227483_5697_4","KIRC",0.361500134189352
"NG-13640_PGA_1_lib227483_5697_4","KIRP",0.334448996911421
"NG-13640_PGA_1_lib227483_5697_4","LAML",0.292765269026408
"NG-13640_PGA_1_lib227483_5697_4","LGG",0.185409186946786
"NG-13640_PGA_1_lib227483_5697_4","LIHC",0.311946976323563
"NG-13640_PGA_1_lib227483_5697_4","LUAD",0.410175007705806
"NG-13640_PGA_1_lib227483_5697_4","LUSC",0.399820674315489
"NG-13640_PGA_1_lib227483_5697_4","MESO",0.321907528195633
"NG-13640_PGA_1_lib227483_5697_4","OV",0.319140010918234
"NG-13640_PGA_1_lib227483_5697_4","PAAD",0.344826221278768
"NG-13640_PGA_1_lib227483_5697_4","PCPG",0.191155273261263
"NG-13640_PGA_1_lib227483_5697_4","PRAD",0.265310114196474
"NG-13640_PGA_1_lib227483_5697_4","READ",0.338812567071029
"NG-13640_PGA_1_lib227483_5697_4","SARC",0.280793020487161
"NG-13640_PGA_1_lib227483_5697_4","SKCM",0.385713449090516
"NG-13640_PGA_1_lib227483_5697_4","STAD",0.394171667300153
"NG-13640_PGA_1_lib227483_5697_4","TGCT",0.3228415034156
"NG-13640_PGA_1_lib227483_5697_4","THCA",0.307834131818688
"NG-13640_PGA_1_lib227483_5697_4","THYM",0.329160322119885
"NG-13640_PGA_1_lib227483_5697_4","UCEC",0.353344826052981
"NG-13640_PGA_1_lib227483_5697_4","UCS",0.253434523024024
"NG-13640_PGA_1_lib227483_5697_4","UVM",0.25385932419213
"NG-13640_RAJI_lib227476_5684_6","ACC",0.284413910935602
"NG-13640_RAJI_lib227476_5684_6","BLCA",0.355050192315499
"NG-13640_RAJI_lib227476_5684_6","BRCA",0.386256364062729
"NG-13640_RAJI_lib227476_5684_6","CESC",0.383276487515627
"NG-13640_RAJI_lib227476_5684_6","CHOL",0.329139284439432
"NG-13640_RAJI_lib227476_5684_6","COAD",0.345411390869123
"NG-13640_RAJI_lib227476_5684_6","DLBC",0.522164923049635
"NG-13640_RAJI_lib227476_5684_6","ESCA",0.374699902921501
"NG-13640_RAJI_lib227476_5684_6","GBM",0.273212756698712
"NG-13640_RAJI_lib227476_5684_6","HNSC",0.364211035935344
"NG-13640_RAJI_lib227476_5684_6","KICH",0.273686705227477
"NG-13640_RAJI_lib227476_5684_6","KIRC",0.321867148816441
"NG-13640_RAJI_lib227476_5684_6","KIRP",0.31072435347045
"NG-13640_RAJI_lib227476_5684_6","LAML",0.428097034622072
"NG-13640_RAJI_lib227476_5684_6","LGG",0.214794627744316
"NG-13640_RAJI_lib227476_5684_6","LIHC",0.316103565082788
"NG-13640_RAJI_lib227476_5684_6","LUAD",0.428173980826818
"NG-13640_RAJI_lib227476_5684_6","LUSC",0.394356631027539
"NG-13640_RAJI_lib227476_5684_6","MESO",0.352547210773486
"NG-13640_RAJI_lib227476_5684_6","OV",0.352814626672467
"NG-13640_RAJI_lib227476_5684_6","PAAD",0.333810966259825
"NG-13640_RAJI_lib227476_5684_6","PCPG",0.237461293794152
"NG-13640_RAJI_lib227476_5684_6","PRAD",0.286608500585483
"NG-13640_RAJI_lib227476_5684_6","READ",0.332025133165437
"NG-13640_RAJI_lib227476_5684_6","SARC",0.28049744179417
"NG-13640_RAJI_lib227476_5684_6","SKCM",0.396742276109316
"NG-13640_RAJI_lib227476_5684_6","STAD",0.398443517647748
"NG-13640_RAJI_lib227476_5684_6","TGCT",0.390416188400768
"NG-13640_RAJI_lib227476_5684_6","THCA",0.332371445869837
"NG-13640_RAJI_lib227476_5684_6","THYM",0.401748230273994
"NG-13640_RAJI_lib227476_5684_6","UCEC",0.37612645843051
"NG-13640_RAJI_lib227476_5684_6","UCS",0.283778243319837
"NG-13640_RAJI_lib227476_5684_6","UVM",0.318681124598171
"NG-13640_RAMOS_lib227477_5697_7","ACC",0.30137191231419
"NG-13640_RAMOS_lib227477_5697_7","BLCA",0.355448867496024
"NG-13640_RAMOS_lib227477_5697_7","BRCA",0.397501047194491
"NG-13640_RAMOS_lib227477_5697_7","CESC",0.383055032188778
"NG-13640_RAMOS_lib227477_5697_7","CHOL",0.335522597618484
"NG-13640_RAMOS_lib227477_5697_7","COAD",0.350646973700141
"NG-13640_RAMOS_lib227477_5697_7","DLBC",0.521605972461934
"NG-13640_RAMOS_lib227477_5697_7","ESCA",0.369526049259086
"NG-13640_RAMOS_lib227477_5697_7","GBM",0.271349051048665
"NG-13640_RAMOS_lib227477_5697_7","HNSC",0.348812328971035
"NG-13640_RAMOS_lib227477_5697_7","KICH",0.30376191492354
"NG-13640_RAMOS_lib227477_5697_7","KIRC",0.318003982703602
"NG-13640_RAMOS_lib227477_5697_7","KIRP",0.330685863871884
"NG-13640_RAMOS_lib227477_5697_7","LAML",0.433312467965764
"NG-13640_RAMOS_lib227477_5697_7","LGG",0.235437311085979
"NG-13640_RAMOS_lib227477_5697_7","LIHC",0.313099076303434
"NG-13640_RAMOS_lib227477_5697_7","LUAD",0.422024565823534
"NG-13640_RAMOS_lib227477_5697_7","LUSC",0.385624920341166
"NG-13640_RAMOS_lib227477_5697_7","MESO",0.329687001528519
"NG-13640_RAMOS_lib227477_5697_7","OV",0.371909540517069
"NG-13640_RAMOS_lib227477_5697_7","PAAD",0.343250259558786
"NG-13640_RAMOS_lib227477_5697_7","PCPG",0.255471764072281
"NG-13640_RAMOS_lib227477_5697_7","PRAD",0.312258483559719
"NG-13640_RAMOS_lib227477_5697_7","READ",0.342677547223567
"NG-13640_RAMOS_lib227477_5697_7","SARC",0.276121563606828
"NG-13640_RAMOS_lib227477_5697_7","SKCM",0.387750334085231
"NG-13640_RAMOS_lib227477_5697_7","STAD",0.391975781873261
"NG-13640_RAMOS_lib227477_5697_7","TGCT",0.391918374449672
"NG-13640_RAMOS_lib227477_5697_7","THCA",0.343834009960706
"NG-13640_RAMOS_lib227477_5697_7","THYM",0.408756155204834
"NG-13640_RAMOS_lib227477_5697_7","UCEC",0.392711073745608
"NG-13640_RAMOS_lib227477_5697_7","UCS",0.31613013694844
"NG-13640_RAMOS_lib227477_5697_7","UVM",0.33530876065311
"NG-13640_VAL_lib227478_5697_4","ACC",0.326543217621502
"NG-13640_VAL_lib227478_5697_4","BLCA",0.407890938119153
"NG-13640_VAL_lib227478_5697_4","BRCA",0.440348386230897
"NG-13640_VAL_lib227478_5697_4","CESC",0.438204334425443
"NG-13640_VAL_lib227478_5697_4","CHOL",0.377198378175305
"NG-13640_VAL_lib227478_5697_4","COAD",0.405536110996492
"NG-13640_VAL_lib227478_5697_4","DLBC",0.562557979174479
"NG-13640_VAL_lib227478_5697_4","ESCA",0.423030866840195
"NG-13640_VAL_lib227478_5697_4","GBM",0.307503815806145
"NG-13640_VAL_lib227478_5697_4","HNSC",0.395507141838837
"NG-13640_VAL_lib227478_5697_4","KICH",0.343138328296123
"NG-13640_VAL_lib227478_5697_4","KIRC",0.364536793464976
"NG-13640_VAL_lib227478_5697_4","KIRP",0.368694790039143
"NG-13640_VAL_lib227478_5697_4","LAML",0.407447788060778
"NG-13640_VAL_lib227478_5697_4","LGG",0.263337727122951
"NG-13640_VAL_lib227478_5697_4","LIHC",0.342376771922857
"NG-13640_VAL_lib227478_5697_4","LUAD",0.461233048826267
"NG-13640_VAL_lib227478_5697_4","LUSC",0.415429979459066
"NG-13640_VAL_lib227478_5697_4","MESO",0.37275693900869
"NG-13640_VAL_lib227478_5697_4","OV",0.396991603567892
"NG-13640_VAL_lib227478_5697_4","PAAD",0.395478119486792
"NG-13640_VAL_lib227478_5697_4","PCPG",0.28063348757919
"NG-13640_VAL_lib227478_5697_4","PRAD",0.350496177431428
"NG-13640_VAL_lib227478_5697_4","READ",0.395526748568944
"NG-13640_VAL_lib227478_5697_4","SARC",0.318671471957861
"NG-13640_VAL_lib227478_5697_4","SKCM",0.419844939832853
"NG-13640_VAL_lib227478_5697_4","STAD",0.446502286312591
"NG-13640_VAL_lib227478_5697_4","TGCT",0.405418597966977
"NG-13640_VAL_lib227478_5697_4","THCA",0.388716789015514
"NG-13640_VAL_lib227478_5697_4","THYM",0.424682444763661
"NG-13640_VAL_lib227478_5697_4","UCEC",0.434917080251715
"NG-13640_VAL_lib227478_5697_4","UCS",0.343736153669787
"NG-13640_VAL_lib227478_5697_4","UVM",0.368746979024577
"NG-13640_BONNA12_lib236392_5774_5","ACC",0.351416591252569
"NG-13640_BONNA12_lib236392_5774_5","BLCA",0.459077785232009
"NG-13640_BONNA12_lib236392_5774_5","BRCA",0.460152841083225
"NG-13640_BONNA12_lib236392_5774_5","CESC",0.475647747713179
"NG-13640_BONNA12_lib236392_5774_5","CHOL",0.467525106639245
"NG-13640_BONNA12_lib236392_5774_5","COAD",0.452499713250793
"NG-13640_BONNA12_lib236392_5774_5","DLBC",0.383781419903675
"NG-13640_BONNA12_lib236392_5774_5","ESCA",0.472340737408384
"NG-13640_BONNA12_lib236392_5774_5","GBM",0.306255640012842
"NG-13640_BONNA12_lib236392_5774_5","HNSC",0.453989213322479
"NG-13640_BONNA12_lib236392_5774_5","KICH",0.408599276033781
"NG-13640_BONNA12_lib236392_5774_5","KIRC",0.501925619037377
"NG-13640_BONNA12_lib236392_5774_5","KIRP",0.48343819403203
"NG-13640_BONNA12_lib236392_5774_5","LAML",0.281418425042871
"NG-13640_BONNA12_lib236392_5774_5","LGG",0.222329625701424
"NG-13640_BONNA12_lib236392_5774_5","LIHC",0.416277121885452
"NG-13640_BONNA12_lib236392_5774_5","LUAD",0.518926786108638
"NG-13640_BONNA12_lib236392_5774_5","LUSC",0.480487227072698
"NG-13640_BONNA12_lib236392_5774_5","MESO",0.420998381735041
"NG-13640_BONNA12_lib236392_5774_5","OV",0.409513959811052
"NG-13640_BONNA12_lib236392_5774_5","PAAD",0.477734730487584
"NG-13640_BONNA12_lib236392_5774_5","PCPG",0.24223692300838
"NG-13640_BONNA12_lib236392_5774_5","PRAD",0.348233478829023
"NG-13640_BONNA12_lib236392_5774_5","READ",0.436032706871078
"NG-13640_BONNA12_lib236392_5774_5","SARC",0.354403237642913
"NG-13640_BONNA12_lib236392_5774_5","SKCM",0.450953127710171
"NG-13640_BONNA12_lib236392_5774_5","STAD",0.485544427866652
"NG-13640_BONNA12_lib236392_5774_5","TGCT",0.345979149786534
"NG-13640_BONNA12_lib236392_5774_5","THCA",0.43925848478549
"NG-13640_BONNA12_lib236392_5774_5","THYM",0.380374021532811
"NG-13640_BONNA12_lib236392_5774_5","UCEC",0.456183415752056
"NG-13640_BONNA12_lib236392_5774_5","UCS",0.329965525306261
"NG-13640_BONNA12_lib236392_5774_5","UVM",0.352822957341042
"NG-13640_CCRF_CEM_lib241217_5826_6","ACC",0.3595946298259
"NG-13640_CCRF_CEM_lib241217_5826_6","BLCA",0.411853401221155
"NG-13640_CCRF_CEM_lib241217_5826_6","BRCA",0.437126089345127
"NG-13640_CCRF_CEM_lib241217_5826_6","CESC",0.396636496816788
"NG-13640_CCRF_CEM_lib241217_5826_6","CHOL",0.370372554615105
"NG-13640_CCRF_CEM_lib241217_5826_6","COAD",0.378712368959387
"NG-13640_CCRF_CEM_lib241217_5826_6","DLBC",0.403325186396553
"NG-13640_CCRF_CEM_lib241217_5826_6","ESCA",0.41040381760512
"NG-13640_CCRF_CEM_lib241217_5826_6","GBM",0.330888931459751
"NG-13640_CCRF_CEM_lib241217_5826_6","HNSC",0.37903789481565
"NG-13640_CCRF_CEM_lib241217_5826_6","KICH",0.323165881988414
"NG-13640_CCRF_CEM_lib241217_5826_6","KIRC",0.369008016081222
"NG-13640_CCRF_CEM_lib241217_5826_6","KIRP",0.343740953312484
"NG-13640_CCRF_CEM_lib241217_5826_6","LAML",0.445121450241119
"NG-13640_CCRF_CEM_lib241217_5826_6","LGG",0.290536930529349
"NG-13640_CCRF_CEM_lib241217_5826_6","LIHC",0.353764320386455
"NG-13640_CCRF_CEM_lib241217_5826_6","LUAD",0.434863889339695
"NG-13640_CCRF_CEM_lib241217_5826_6","LUSC",0.41238679949755
"NG-13640_CCRF_CEM_lib241217_5826_6","MESO",0.403132397613734
"NG-13640_CCRF_CEM_lib241217_5826_6","OV",0.397516613911535
"NG-13640_CCRF_CEM_lib241217_5826_6","PAAD",0.384939776440501
"NG-13640_CCRF_CEM_lib241217_5826_6","PCPG",0.322154854875
"NG-13640_CCRF_CEM_lib241217_5826_6","PRAD",0.374371346477399
"NG-13640_CCRF_CEM_lib241217_5826_6","READ",0.373468954898933
"NG-13640_CCRF_CEM_lib241217_5826_6","SARC",0.374886630538764
"NG-13640_CCRF_CEM_lib241217_5826_6","SKCM",0.422139426018866
"NG-13640_CCRF_CEM_lib241217_5826_6","STAD",0.422126797972884
"NG-13640_CCRF_CEM_lib241217_5826_6","TGCT",0.440759442118746
"NG-13640_CCRF_CEM_lib241217_5826_6","THCA",0.38504279314225
"NG-13640_CCRF_CEM_lib241217_5826_6","THYM",0.482234051483962
"NG-13640_CCRF_CEM_lib241217_5826_6","UCEC",0.42184745361895
"NG-13640_CCRF_CEM_lib241217_5826_6","UCS",0.388234448113932
"NG-13640_CCRF_CEM_lib241217_5826_6","UVM",0.381162229183239
"NG-13640_CRO_AP2_lib241209_5808_6","ACC",0.26921730014463
"NG-13640_CRO_AP2_lib241209_5808_6","BLCA",0.348470862467868
"NG-13640_CRO_AP2_lib241209_5808_6","BRCA",0.354833217018858
"NG-13640_CRO_AP2_lib241209_5808_6","CESC",0.330083179998674
"NG-13640_CRO_AP2_lib241209_5808_6","CHOL",0.289126034357683
"NG-13640_CRO_AP2_lib241209_5808_6","COAD",0.310428182185185
"NG-13640_CRO_AP2_lib241209_5808_6","DLBC",0.330772413500188
"NG-13640_CRO_AP2_lib241209_5808_6","ESCA",0.382546187622258
"NG-13640_CRO_AP2_lib241209_5808_6","GBM",0.264658684960603
"NG-13640_CRO_AP2_lib241209_5808_6","HNSC",0.348735644071028
"NG-13640_CRO_AP2_lib241209_5808_6","KICH",0.270278826905741
"NG-13640_CRO_AP2_lib241209_5808_6","KIRC",0.31392498473457
"NG-13640_CRO_AP2_lib241209_5808_6","KIRP",0.290880092515598
"NG-13640_CRO_AP2_lib241209_5808_6","LAML",0.278803463751581
"NG-13640_CRO_AP2_lib241209_5808_6","LGG",0.227400010114453
"NG-13640_CRO_AP2_lib241209_5808_6","LIHC",0.276529008195046
"NG-13640_CRO_AP2_lib241209_5808_6","LUAD",0.366327803219587
"NG-13640_CRO_AP2_lib241209_5808_6","LUSC",0.383466593261363
"NG-13640_CRO_AP2_lib241209_5808_6","MESO",0.309801157372449
"NG-13640_CRO_AP2_lib241209_5808_6","OV",0.317457102012711
"NG-13640_CRO_AP2_lib241209_5808_6","PAAD",0.310916673921626
"NG-13640_CRO_AP2_lib241209_5808_6","PCPG",0.2229758833414
"NG-13640_CRO_AP2_lib241209_5808_6","PRAD",0.28549688373937
"NG-13640_CRO_AP2_lib241209_5808_6","READ",0.300730989404179
"NG-13640_CRO_AP2_lib241209_5808_6","SARC",0.284537827553841
"NG-13640_CRO_AP2_lib241209_5808_6","SKCM",0.341653883686811
"NG-13640_CRO_AP2_lib241209_5808_6","STAD",0.364460145498799
"NG-13640_CRO_AP2_lib241209_5808_6","TGCT",0.335592660646456
"NG-13640_CRO_AP2_lib241209_5808_6","THCA",0.303390918411629
"NG-13640_CRO_AP2_lib241209_5808_6","THYM",0.357721922946429
"NG-13640_CRO_AP2_lib241209_5808_6","UCEC",0.34231651147587
"NG-13640_CRO_AP2_lib241209_5808_6","UCS",0.294265142255007
"NG-13640_CRO_AP2_lib241209_5808_6","UVM",0.257152809042722
"NG-13640_CRO_AP5_lib227485_5684_6","ACC",0.304401261468846
"NG-13640_CRO_AP5_lib227485_5684_6","BLCA",0.37088386887123
"NG-13640_CRO_AP5_lib227485_5684_6","BRCA",0.390140722306617
"NG-13640_CRO_AP5_lib227485_5684_6","CESC",0.360585250632478
"NG-13640_CRO_AP5_lib227485_5684_6","CHOL",0.324752580661011
"NG-13640_CRO_AP5_lib227485_5684_6","COAD",0.335129545616806
"NG-13640_CRO_AP5_lib227485_5684_6","DLBC",0.347515596852672
"NG-13640_CRO_AP5_lib227485_5684_6","ESCA",0.399292232940003
"NG-13640_CRO_AP5_lib227485_5684_6","GBM",0.281934765054866
"NG-13640_CRO_AP5_lib227485_5684_6","HNSC",0.357968736158139
"NG-13640_CRO_AP5_lib227485_5684_6","KICH",0.315200064318674
"NG-13640_CRO_AP5_lib227485_5684_6","KIRC",0.34134333983764
"NG-13640_CRO_AP5_lib227485_5684_6","KIRP",0.328486155288652
"NG-13640_CRO_AP5_lib227485_5684_6","LAML",0.313129773912958
"NG-13640_CRO_AP5_lib227485_5684_6","LGG",0.236722946014367
"NG-13640_CRO_AP5_lib227485_5684_6","LIHC",0.314261983508338
"NG-13640_CRO_AP5_lib227485_5684_6","LUAD",0.409706136992666
"NG-13640_CRO_AP5_lib227485_5684_6","LUSC",0.397526318501706
"NG-13640_CRO_AP5_lib227485_5684_6","MESO",0.340002157471084
"NG-13640_CRO_AP5_lib227485_5684_6","OV",0.346950660667949
"NG-13640_CRO_AP5_lib227485_5684_6","PAAD",0.342441605355076
"NG-13640_CRO_AP5_lib227485_5684_6","PCPG",0.24881757385544
"NG-13640_CRO_AP5_lib227485_5684_6","PRAD",0.319404916520584
"NG-13640_CRO_AP5_lib227485_5684_6","READ",0.324622672572486
"NG-13640_CRO_AP5_lib227485_5684_6","SARC",0.308925001280682
"NG-13640_CRO_AP5_lib227485_5684_6","SKCM",0.380087466055563
"NG-13640_CRO_AP5_lib227485_5684_6","STAD",0.391926001836907
"NG-13640_CRO_AP5_lib227485_5684_6","TGCT",0.326776268061347
"NG-13640_CRO_AP5_lib227485_5684_6","THCA",0.338630263760413
"NG-13640_CRO_AP5_lib227485_5684_6","THYM",0.3614750749198
"NG-13640_CRO_AP5_lib227485_5684_6","UCEC",0.36459703111777
"NG-13640_CRO_AP5_lib227485_5684_6","UCS",0.307166497305061
"NG-13640_CRO_AP5_lib227485_5684_6","UVM",0.290265629774717
"NG-13640_DND_41_lib241218_5808_7","ACC",0.308463911051524
"NG-13640_DND_41_lib241218_5808_7","BLCA",0.356811072741846
"NG-13640_DND_41_lib241218_5808_7","BRCA",0.377976509891574
"NG-13640_DND_41_lib241218_5808_7","CESC",0.351683020601909
"NG-13640_DND_41_lib241218_5808_7","CHOL",0.305117625659849
"NG-13640_DND_41_lib241218_5808_7","COAD",0.320175746765196
"NG-13640_DND_41_lib241218_5808_7","DLBC",0.39616607305915
"NG-13640_DND_41_lib241218_5808_7","ESCA",0.362577596061982
"NG-13640_DND_41_lib241218_5808_7","GBM",0.313802984794285
"NG-13640_DND_41_lib241218_5808_7","HNSC",0.335038518457992
"NG-13640_DND_41_lib241218_5808_7","KICH",0.286291225930013
"NG-13640_DND_41_lib241218_5808_7","KIRC",0.31261616617809
"NG-13640_DND_41_lib241218_5808_7","KIRP",0.292905359260375
"NG-13640_DND_41_lib241218_5808_7","LAML",0.468704538406421
"NG-13640_DND_41_lib241218_5808_7","LGG",0.267935940312556
"NG-13640_DND_41_lib241218_5808_7","LIHC",0.29776961653098
"NG-13640_DND_41_lib241218_5808_7","LUAD",0.373104690579529
"NG-13640_DND_41_lib241218_5808_7","LUSC",0.359391076443041
"NG-13640_DND_41_lib241218_5808_7","MESO",0.364299765989732
"NG-13640_DND_41_lib241218_5808_7","OV",0.348953025804051
"NG-13640_DND_41_lib241218_5808_7","PAAD",0.315769234382882
"NG-13640_DND_41_lib241218_5808_7","PCPG",0.287591171937597
"NG-13640_DND_41_lib241218_5808_7","PRAD",0.315823824768577
"NG-13640_DND_41_lib241218_5808_7","READ",0.313157440812861
"NG-13640_DND_41_lib241218_5808_7","SARC",0.339242212905434
"NG-13640_DND_41_lib241218_5808_7","SKCM",0.395923093661961
"NG-13640_DND_41_lib241218_5808_7","STAD",0.370686539685254
"NG-13640_DND_41_lib241218_5808_7","TGCT",0.402689676371972
"NG-13640_DND_41_lib241218_5808_7","THCA",0.322721194817129
"NG-13640_DND_41_lib241218_5808_7","THYM",0.471448653409013
"NG-13640_DND_41_lib241218_5808_7","UCEC",0.361435547758277
"NG-13640_DND_41_lib241218_5808_7","UCS",0.338479638715971
"NG-13640_DND_41_lib241218_5808_7","UVM",0.347366741326269
"NG-13640_DOHH2_lib236386_5774_8","ACC",0.300233618502438
"NG-13640_DOHH2_lib236386_5774_8","BLCA",0.34340571751043
"NG-13640_DOHH2_lib236386_5774_8","BRCA",0.374464235110086
"NG-13640_DOHH2_lib236386_5774_8","CESC",0.357701239471061
"NG-13640_DOHH2_lib236386_5774_8","CHOL",0.322919693304424
"NG-13640_DOHH2_lib236386_5774_8","COAD",0.329551341494366
"NG-13640_DOHH2_lib236386_5774_8","DLBC",0.556294131871686
"NG-13640_DOHH2_lib236386_5774_8","ESCA",0.351436402596557
"NG-13640_DOHH2_lib236386_5774_8","GBM",0.299204437635881
"NG-13640_DOHH2_lib236386_5774_8","HNSC",0.338983617089601
"NG-13640_DOHH2_lib236386_5774_8","KICH",0.284576717803141
"NG-13640_DOHH2_lib236386_5774_8","KIRC",0.320466202114949
"NG-13640_DOHH2_lib236386_5774_8","KIRP",0.324808780810979
"NG-13640_DOHH2_lib236386_5774_8","LAML",0.467399440903956
"NG-13640_DOHH2_lib236386_5774_8","LGG",0.248039330555998
"NG-13640_DOHH2_lib236386_5774_8","LIHC",0.314973070692466
"NG-13640_DOHH2_lib236386_5774_8","LUAD",0.398721000184348
"NG-13640_DOHH2_lib236386_5774_8","LUSC",0.366391623428743
"NG-13640_DOHH2_lib236386_5774_8","MESO",0.342419067790635
"NG-13640_DOHH2_lib236386_5774_8","OV",0.352166313760362
"NG-13640_DOHH2_lib236386_5774_8","PAAD",0.322721042274296
"NG-13640_DOHH2_lib236386_5774_8","PCPG",0.257220436681526
"NG-13640_DOHH2_lib236386_5774_8","PRAD",0.295331160185956
"NG-13640_DOHH2_lib236386_5774_8","READ",0.317929618099912
"NG-13640_DOHH2_lib236386_5774_8","SARC",0.279605472813957
"NG-13640_DOHH2_lib236386_5774_8","SKCM",0.379780258450396
"NG-13640_DOHH2_lib236386_5774_8","STAD",0.37746575325865
"NG-13640_DOHH2_lib236386_5774_8","TGCT",0.395395958253981
"NG-13640_DOHH2_lib236386_5774_8","THCA",0.323827845710001
"NG-13640_DOHH2_lib236386_5774_8","THYM",0.426807756879754
"NG-13640_DOHH2_lib236386_5774_8","UCEC",0.364335684913056
"NG-13640_DOHH2_lib236386_5774_8","UCS",0.295593974273179
"NG-13640_DOHH2_lib236386_5774_8","UVM",0.328163787314111
"NG-13640_GRANTA_519_lib241206_5808_6","ACC",0.446331588326213
"NG-13640_GRANTA_519_lib241206_5808_6","BLCA",0.482126055852565
"NG-13640_GRANTA_519_lib241206_5808_6","BRCA",0.545388511881399
"NG-13640_GRANTA_519_lib241206_5808_6","CESC",0.487203518303142
"NG-13640_GRANTA_519_lib241206_5808_6","CHOL",0.471400991679397
"NG-13640_GRANTA_519_lib241206_5808_6","COAD",0.440749941498597
"NG-13640_GRANTA_519_lib241206_5808_6","DLBC",0.466256940403292
"NG-13640_GRANTA_519_lib241206_5808_6","ESCA",0.486090648605242
"NG-13640_GRANTA_519_lib241206_5808_6","GBM",0.410255618385135
"NG-13640_GRANTA_519_lib241206_5808_6","HNSC",0.46559426862252
"NG-13640_GRANTA_519_lib241206_5808_6","KICH",0.454285444728431
"NG-13640_GRANTA_519_lib241206_5808_6","KIRC",0.500143396043447
"NG-13640_GRANTA_519_lib241206_5808_6","KIRP",0.476364988140789
"NG-13640_GRANTA_519_lib241206_5808_6","LAML",0.377128498239728
"NG-13640_GRANTA_519_lib241206_5808_6","LGG",0.35121531891632
"NG-13640_GRANTA_519_lib241206_5808_6","LIHC",0.413687504078313
"NG-13640_GRANTA_519_lib241206_5808_6","LUAD",0.547459934483401
"NG-13640_GRANTA_519_lib241206_5808_6","LUSC",0.505686726378986
"NG-13640_GRANTA_519_lib241206_5808_6","MESO",0.493059866968509
"NG-13640_GRANTA_519_lib241206_5808_6","OV",0.486166946756645
"NG-13640_GRANTA_519_lib241206_5808_6","PAAD",0.48125577934984
"NG-13640_GRANTA_519_lib241206_5808_6","PCPG",0.362841021001666
"NG-13640_GRANTA_519_lib241206_5808_6","PRAD",0.444909541203468
"NG-13640_GRANTA_519_lib241206_5808_6","READ",0.431281411019329
"NG-13640_GRANTA_519_lib241206_5808_6","SARC",0.460019421259639
"NG-13640_GRANTA_519_lib241206_5808_6","SKCM",0.51666428022158
"NG-13640_GRANTA_519_lib241206_5808_6","STAD",0.494165540857186
"NG-13640_GRANTA_519_lib241206_5808_6","TGCT",0.470571102999084
"NG-13640_GRANTA_519_lib241206_5808_6","THCA",0.508404169265856
"NG-13640_GRANTA_519_lib241206_5808_6","THYM",0.485407761077679
"NG-13640_GRANTA_519_lib241206_5808_6","UCEC",0.525376910000044
"NG-13640_GRANTA_519_lib241206_5808_6","UCS",0.45823827282967
"NG-13640_GRANTA_519_lib241206_5808_6","UVM",0.459958438139133
"NG-13640_HAIRM_lib236393_5774_5","ACC",0.399997572207593
"NG-13640_HAIRM_lib236393_5774_5","BLCA",0.484682795126078
"NG-13640_HAIRM_lib236393_5774_5","BRCA",0.494405834796937
"NG-13640_HAIRM_lib236393_5774_5","CESC",0.510519632890104
"NG-13640_HAIRM_lib236393_5774_5","CHOL",0.454106695887978
"NG-13640_HAIRM_lib236393_5774_5","COAD",0.448136484571983
"NG-13640_HAIRM_lib236393_5774_5","DLBC",0.423171884027668
"NG-13640_HAIRM_lib236393_5774_5","ESCA",0.511356332597246
"NG-13640_HAIRM_lib236393_5774_5","GBM",0.339006147196562
"NG-13640_HAIRM_lib236393_5774_5","HNSC",0.489936597365823
"NG-13640_HAIRM_lib236393_5774_5","KICH",0.415975097463924
"NG-13640_HAIRM_lib236393_5774_5","KIRC",0.46026061957061
"NG-13640_HAIRM_lib236393_5774_5","KIRP",0.445510066494269
"NG-13640_HAIRM_lib236393_5774_5","LAML",0.349909697383443
"NG-13640_HAIRM_lib236393_5774_5","LGG",0.273677483218603
"NG-13640_HAIRM_lib236393_5774_5","LIHC",0.404144531143818
"NG-13640_HAIRM_lib236393_5774_5","LUAD",0.533265716616877
"NG-13640_HAIRM_lib236393_5774_5","LUSC",0.526143854477563
"NG-13640_HAIRM_lib236393_5774_5","MESO",0.458575602857223
"NG-13640_HAIRM_lib236393_5774_5","OV",0.461340415603502
"NG-13640_HAIRM_lib236393_5774_5","PAAD",0.469867535163043
"NG-13640_HAIRM_lib236393_5774_5","PCPG",0.320723257610872
"NG-13640_HAIRM_lib236393_5774_5","PRAD",0.407198941280295
"NG-13640_HAIRM_lib236393_5774_5","READ",0.434705366413888
"NG-13640_HAIRM_lib236393_5774_5","SARC",0.393567689591573
"NG-13640_HAIRM_lib236393_5774_5","SKCM",0.479664341368447
"NG-13640_HAIRM_lib236393_5774_5","STAD",0.498710306953473
"NG-13640_HAIRM_lib236393_5774_5","TGCT",0.411648103297762
"NG-13640_HAIRM_lib236393_5774_5","THCA",0.47153449742735
"NG-13640_HAIRM_lib236393_5774_5","THYM",0.451329571988556
"NG-13640_HAIRM_lib236393_5774_5","UCEC",0.491049900899502
"NG-13640_HAIRM_lib236393_5774_5","UCS",0.392292104558669
"NG-13640_HAIRM_lib236393_5774_5","UVM",0.40006165371784
"NG-13640_HC1_lib236394_5774_5","ACC",0.262571391608571
"NG-13640_HC1_lib236394_5774_5","BLCA",0.348353553255496
"NG-13640_HC1_lib236394_5774_5","BRCA",0.335834997315189
"NG-13640_HC1_lib236394_5774_5","CESC",0.356696318009153
"NG-13640_HC1_lib236394_5774_5","CHOL",0.338571296729259
"NG-13640_HC1_lib236394_5774_5","COAD",0.33750760575976
"NG-13640_HC1_lib236394_5774_5","DLBC",0.316211708953722
"NG-13640_HC1_lib236394_5774_5","ESCA",0.37836956742793
"NG-13640_HC1_lib236394_5774_5","GBM",0.240628707104965
"NG-13640_HC1_lib236394_5774_5","HNSC",0.354612857922743
"NG-13640_HC1_lib236394_5774_5","KICH",0.286350599380175
"NG-13640_HC1_lib236394_5774_5","KIRC",0.367673830345502
"NG-13640_HC1_lib236394_5774_5","KIRP",0.343693731885036
"NG-13640_HC1_lib236394_5774_5","LAML",0.269571445415747
"NG-13640_HC1_lib236394_5774_5","LGG",0.174323567588352
"NG-13640_HC1_lib236394_5774_5","LIHC",0.305092631657248
"NG-13640_HC1_lib236394_5774_5","LUAD",0.383895383977885
"NG-13640_HC1_lib236394_5774_5","LUSC",0.383105744392259
"NG-13640_HC1_lib236394_5774_5","MESO",0.324352783323675
"NG-13640_HC1_lib236394_5774_5","OV",0.293556288917834
"NG-13640_HC1_lib236394_5774_5","PAAD",0.339345523193001
"NG-13640_HC1_lib236394_5774_5","PCPG",0.177960836254308
"NG-13640_HC1_lib236394_5774_5","PRAD",0.252995313604818
"NG-13640_HC1_lib236394_5774_5","READ",0.321243784761136
"NG-13640_HC1_lib236394_5774_5","SARC",0.264092471849792
"NG-13640_HC1_lib236394_5774_5","SKCM",0.354297039083037
"NG-13640_HC1_lib236394_5774_5","STAD",0.373184203947149
"NG-13640_HC1_lib236394_5774_5","TGCT",0.290269802260218
"NG-13640_HC1_lib236394_5774_5","THCA",0.313952636898697
"NG-13640_HC1_lib236394_5774_5","THYM",0.332989216690749
"NG-13640_HC1_lib236394_5774_5","UCEC",0.33118299374356
"NG-13640_HC1_lib236394_5774_5","UCS",0.235389241866753
"NG-13640_HC1_lib236394_5774_5","UVM",0.244249613392316
"NG-13640_HDLM_2_lib227487_5697_4","ACC",0.330924919871011
"NG-13640_HDLM_2_lib227487_5697_4","BLCA",0.411876379374851
"NG-13640_HDLM_2_lib227487_5697_4","BRCA",0.408657933623183
"NG-13640_HDLM_2_lib227487_5697_4","CESC",0.435513672127665
"NG-13640_HDLM_2_lib227487_5697_4","CHOL",0.387395737988657
"NG-13640_HDLM_2_lib227487_5697_4","COAD",0.390496485091566
"NG-13640_HDLM_2_lib227487_5697_4","DLBC",0.347978015115138
"NG-13640_HDLM_2_lib227487_5697_4","ESCA",0.441974413229797
"NG-13640_HDLM_2_lib227487_5697_4","GBM",0.273608539651476
"NG-13640_HDLM_2_lib227487_5697_4","HNSC",0.419471793949933
"NG-13640_HDLM_2_lib227487_5697_4","KICH",0.307981634251323
"NG-13640_HDLM_2_lib227487_5697_4","KIRC",0.364862667638853
"NG-13640_HDLM_2_lib227487_5697_4","KIRP",0.344920139146086
"NG-13640_HDLM_2_lib227487_5697_4","LAML",0.259096277571001
"NG-13640_HDLM_2_lib227487_5697_4","LGG",0.21939889031196
"NG-13640_HDLM_2_lib227487_5697_4","LIHC",0.352439630062502
"NG-13640_HDLM_2_lib227487_5697_4","LUAD",0.429543863799023
"NG-13640_HDLM_2_lib227487_5697_4","LUSC",0.418668500380146
"NG-13640_HDLM_2_lib227487_5697_4","MESO",0.382441069117252
"NG-13640_HDLM_2_lib227487_5697_4","OV",0.349344988503996
"NG-13640_HDLM_2_lib227487_5697_4","PAAD",0.401941181850898
"NG-13640_HDLM_2_lib227487_5697_4","PCPG",0.274113620353468
"NG-13640_HDLM_2_lib227487_5697_4","PRAD",0.341777611699607
"NG-13640_HDLM_2_lib227487_5697_4","READ",0.378127459485479
"NG-13640_HDLM_2_lib227487_5697_4","SARC",0.346960971663888
"NG-13640_HDLM_2_lib227487_5697_4","SKCM",0.401542122547959
"NG-13640_HDLM_2_lib227487_5697_4","STAD",0.439481491753351
"NG-13640_HDLM_2_lib227487_5697_4","TGCT",0.334414757419341
"NG-13640_HDLM_2_lib227487_5697_4","THCA",0.335239711648078
"NG-13640_HDLM_2_lib227487_5697_4","THYM",0.341490238700211
"NG-13640_HDLM_2_lib227487_5697_4","UCEC",0.390068419914426
"NG-13640_HDLM_2_lib227487_5697_4","UCS",0.321576922336555
"NG-13640_HDLM_2_lib227487_5697_4","UVM",0.309478736493633
"NG-13640_HPB_ALL_lib241219_5808_7","ACC",0.348432646976512
"NG-13640_HPB_ALL_lib241219_5808_7","BLCA",0.402617047641327
"NG-13640_HPB_ALL_lib241219_5808_7","BRCA",0.431637134768596
"NG-13640_HPB_ALL_lib241219_5808_7","CESC",0.365380090849253
"NG-13640_HPB_ALL_lib241219_5808_7","CHOL",0.360029243636233
"NG-13640_HPB_ALL_lib241219_5808_7","COAD",0.34075374245363
"NG-13640_HPB_ALL_lib241219_5808_7","DLBC",0.340450002564441
"NG-13640_HPB_ALL_lib241219_5808_7","ESCA",0.403809725440225
"NG-13640_HPB_ALL_lib241219_5808_7","GBM",0.347945282742385
"NG-13640_HPB_ALL_lib241219_5808_7","HNSC",0.364318877898257
"NG-13640_HPB_ALL_lib241219_5808_7","KICH",0.356848209477385
"NG-13640_HPB_ALL_lib241219_5808_7","KIRC",0.380885296290417
"NG-13640_HPB_ALL_lib241219_5808_7","KIRP",0.356714697797944
"NG-13640_HPB_ALL_lib241219_5808_7","LAML",0.383238520194512
"NG-13640_HPB_ALL_lib241219_5808_7","LGG",0.304528603663094
"NG-13640_HPB_ALL_lib241219_5808_7","LIHC",0.331720845799842
"NG-13640_HPB_ALL_lib241219_5808_7","LUAD",0.424638817047847
"NG-13640_HPB_ALL_lib241219_5808_7","LUSC",0.410325038550514
"NG-13640_HPB_ALL_lib241219_5808_7","MESO",0.391249136297124
"NG-13640_HPB_ALL_lib241219_5808_7","OV",0.376364707303002
"NG-13640_HPB_ALL_lib241219_5808_7","PAAD",0.367307655525973
"NG-13640_HPB_ALL_lib241219_5808_7","PCPG",0.304461438940719
"NG-13640_HPB_ALL_lib241219_5808_7","PRAD",0.378602838080266
"NG-13640_HPB_ALL_lib241219_5808_7","READ",0.335657493442425
"NG-13640_HPB_ALL_lib241219_5808_7","SARC",0.382242349606234
"NG-13640_HPB_ALL_lib241219_5808_7","SKCM",0.410902939746627
"NG-13640_HPB_ALL_lib241219_5808_7","STAD",0.385982254269312
"NG-13640_HPB_ALL_lib241219_5808_7","TGCT",0.410215638905181
"NG-13640_HPB_ALL_lib241219_5808_7","THCA",0.393186916811325
"NG-13640_HPB_ALL_lib241219_5808_7","THYM",0.47592341147509
"NG-13640_HPB_ALL_lib241219_5808_7","UCEC",0.399893155770421
"NG-13640_HPB_ALL_lib241219_5808_7","UCS",0.370079628518603
"NG-13640_HPB_ALL_lib241219_5808_7","UVM",0.356188947945312
"NG-13640_JEKO1_lib236395_5774_5","ACC",0.389632094720422
"NG-13640_JEKO1_lib236395_5774_5","BLCA",0.425306653027853
"NG-13640_JEKO1_lib236395_5774_5","BRCA",0.47516314645934
"NG-13640_JEKO1_lib236395_5774_5","CESC",0.442831249816774
"NG-13640_JEKO1_lib236395_5774_5","CHOL",0.386013573497103
"NG-13640_JEKO1_lib236395_5774_5","COAD",0.409629898478967
"NG-13640_JEKO1_lib236395_5774_5","DLBC",0.544057993356938
"NG-13640_JEKO1_lib236395_5774_5","ESCA",0.429357538305284
"NG-13640_JEKO1_lib236395_5774_5","GBM",0.382757405698728
"NG-13640_JEKO1_lib236395_5774_5","HNSC",0.404100414501819
"NG-13640_JEKO1_lib236395_5774_5","KICH",0.374946723437937
"NG-13640_JEKO1_lib236395_5774_5","KIRC",0.403090257315389
"NG-13640_JEKO1_lib236395_5774_5","KIRP",0.396474838945851
"NG-13640_JEKO1_lib236395_5774_5","LAML",0.428276209986493
"NG-13640_JEKO1_lib236395_5774_5","LGG",0.324405487612924
"NG-13640_JEKO1_lib236395_5774_5","LIHC",0.361902625559671
"NG-13640_JEKO1_lib236395_5774_5","LUAD",0.488830718403091
"NG-13640_JEKO1_lib236395_5774_5","LUSC",0.446619667223036
"NG-13640_JEKO1_lib236395_5774_5","MESO",0.422409132085549
"NG-13640_JEKO1_lib236395_5774_5","OV",0.454466739408706
"NG-13640_JEKO1_lib236395_5774_5","PAAD",0.416508153242673
"NG-13640_JEKO1_lib236395_5774_5","PCPG",0.327210816523333
"NG-13640_JEKO1_lib236395_5774_5","PRAD",0.38328332356682
"NG-13640_JEKO1_lib236395_5774_5","READ",0.400428744419884
"NG-13640_JEKO1_lib236395_5774_5","SARC",0.396327242823497
"NG-13640_JEKO1_lib236395_5774_5","SKCM",0.482924492099364
"NG-13640_JEKO1_lib236395_5774_5","STAD",0.46169665872132
"NG-13640_JEKO1_lib236395_5774_5","TGCT",0.47302350158537
"NG-13640_JEKO1_lib236395_5774_5","THCA",0.418179582150955
"NG-13640_JEKO1_lib236395_5774_5","THYM",0.473247378208575
"NG-13640_JEKO1_lib236395_5774_5","UCEC",0.472158310906805
"NG-13640_JEKO1_lib236395_5774_5","UCS",0.424986897433699
"NG-13640_JEKO1_lib236395_5774_5","UVM",0.437994453120008
"NG-13640_JURKAT_lib236382_5794_6","ACC",0.423759510804575
"NG-13640_JURKAT_lib236382_5794_6","BLCA",0.467723291542343
"NG-13640_JURKAT_lib236382_5794_6","BRCA",0.506466029300443
"NG-13640_JURKAT_lib236382_5794_6","CESC",0.470408796909105
"NG-13640_JURKAT_lib236382_5794_6","CHOL",0.432455669631771
"NG-13640_JURKAT_lib236382_5794_6","COAD",0.444787955332159
"NG-13640_JURKAT_lib236382_5794_6","DLBC",0.35287000865619
"NG-13640_JURKAT_lib236382_5794_6","ESCA",0.498707266450652
"NG-13640_JURKAT_lib236382_5794_6","GBM",0.382423848556891
"NG-13640_JURKAT_lib236382_5794_6","HNSC",0.444194019422526
"NG-13640_JURKAT_lib236382_5794_6","KICH",0.413832155170891
"NG-13640_JURKAT_lib236382_5794_6","KIRC",0.448578073059646
"NG-13640_JURKAT_lib236382_5794_6","KIRP",0.434908305867437
"NG-13640_JURKAT_lib236382_5794_6","LAML",0.372898156323945
"NG-13640_JURKAT_lib236382_5794_6","LGG",0.34993586473694
"NG-13640_JURKAT_lib236382_5794_6","LIHC",0.38780678317555
"NG-13640_JURKAT_lib236382_5794_6","LUAD",0.501329752986611
"NG-13640_JURKAT_lib236382_5794_6","LUSC",0.483607366741838
"NG-13640_JURKAT_lib236382_5794_6","MESO",0.475207168198142
"NG-13640_JURKAT_lib236382_5794_6","OV",0.457280229168922
"NG-13640_JURKAT_lib236382_5794_6","PAAD",0.465812242309729
"NG-13640_JURKAT_lib236382_5794_6","PCPG",0.367071433797937
"NG-13640_JURKAT_lib236382_5794_6","PRAD",0.455852080399543
"NG-13640_JURKAT_lib236382_5794_6","READ",0.439267036508891
"NG-13640_JURKAT_lib236382_5794_6","SARC",0.447012716878596
"NG-13640_JURKAT_lib236382_5794_6","SKCM",0.483757671706635
"NG-13640_JURKAT_lib236382_5794_6","STAD",0.496539506838662
"NG-13640_JURKAT_lib236382_5794_6","TGCT",0.487480892677506
"NG-13640_JURKAT_lib236382_5794_6","THCA",0.455509112572785
"NG-13640_JURKAT_lib236382_5794_6","THYM",0.479656144313613
"NG-13640_JURKAT_lib236382_5794_6","UCEC",0.5002933907675
"NG-13640_JURKAT_lib236382_5794_6","UCS",0.479666504709111
"NG-13640_JURKAT_lib236382_5794_6","UVM",0.442515697055665
"NG-13640_JVM2_lib236381_5767_8","ACC",0.324625770085451
"NG-13640_JVM2_lib236381_5767_8","BLCA",0.425416620715423
"NG-13640_JVM2_lib236381_5767_8","BRCA",0.424735858313988
"NG-13640_JVM2_lib236381_5767_8","CESC",0.457153460294997
"NG-13640_JVM2_lib236381_5767_8","CHOL",0.416418166066932
"NG-13640_JVM2_lib236381_5767_8","COAD",0.407983215740303
"NG-13640_JVM2_lib236381_5767_8","DLBC",0.38179653630852
"NG-13640_JVM2_lib236381_5767_8","ESCA",0.45625384966944
"NG-13640_JVM2_lib236381_5767_8","GBM",0.287170485820835
"NG-13640_JVM2_lib236381_5767_8","HNSC",0.438785185768428
"NG-13640_JVM2_lib236381_5767_8","KICH",0.360602455621966
"NG-13640_JVM2_lib236381_5767_8","KIRC",0.427029863859563
"NG-13640_JVM2_lib236381_5767_8","KIRP",0.414499380459345
"NG-13640_JVM2_lib236381_5767_8","LAML",0.293762141627598
"NG-13640_JVM2_lib236381_5767_8","LGG",0.220519514308441
"NG-13640_JVM2_lib236381_5767_8","LIHC",0.373502733474977
"NG-13640_JVM2_lib236381_5767_8","LUAD",0.476111593130881
"NG-13640_JVM2_lib236381_5767_8","LUSC",0.466827549343558
"NG-13640_JVM2_lib236381_5767_8","MESO",0.390841992979232
"NG-13640_JVM2_lib236381_5767_8","OV",0.374580511653978
"NG-13640_JVM2_lib236381_5767_8","PAAD",0.421991210770222
"NG-13640_JVM2_lib236381_5767_8","PCPG",0.244344893199391
"NG-13640_JVM2_lib236381_5767_8","PRAD",0.318615572750288
"NG-13640_JVM2_lib236381_5767_8","READ",0.391883451413947
"NG-13640_JVM2_lib236381_5767_8","SARC",0.334889470479285
"NG-13640_JVM2_lib236381_5767_8","SKCM",0.415243284094863
"NG-13640_JVM2_lib236381_5767_8","STAD",0.449530438206978
"NG-13640_JVM2_lib236381_5767_8","TGCT",0.337002758533694
"NG-13640_JVM2_lib236381_5767_8","THCA",0.389693294150292
"NG-13640_JVM2_lib236381_5767_8","THYM",0.37970424128074
"NG-13640_JVM2_lib236381_5767_8","UCEC",0.413424490506339
"NG-13640_JVM2_lib236381_5767_8","UCS",0.311336025131314
"NG-13640_JVM2_lib236381_5767_8","UVM",0.315521916982347
"NG-13640_KHYG_1_lib248382_5885_5","ACC",0.296158745040617
"NG-13640_KHYG_1_lib248382_5885_5","BLCA",0.358008591696
"NG-13640_KHYG_1_lib248382_5885_5","BRCA",0.363900799450163
"NG-13640_KHYG_1_lib248382_5885_5","CESC",0.396794430268129
"NG-13640_KHYG_1_lib248382_5885_5","CHOL",0.322864277228925
"NG-13640_KHYG_1_lib248382_5885_5","COAD",0.357745951577374
"NG-13640_KHYG_1_lib248382_5885_5","DLBC",0.425447993311308
"NG-13640_KHYG_1_lib248382_5885_5","ESCA",0.374894962227414
"NG-13640_KHYG_1_lib248382_5885_5","GBM",0.256107200058856
"NG-13640_KHYG_1_lib248382_5885_5","HNSC",0.351534743786458
"NG-13640_KHYG_1_lib248382_5885_5","KICH",0.263543651372655
"NG-13640_KHYG_1_lib248382_5885_5","KIRC",0.307815401630616
"NG-13640_KHYG_1_lib248382_5885_5","KIRP",0.298881917955956
"NG-13640_KHYG_1_lib248382_5885_5","LAML",0.436945927843077
"NG-13640_KHYG_1_lib248382_5885_5","LGG",0.183382366070899
"NG-13640_KHYG_1_lib248382_5885_5","LIHC",0.319478725783252
"NG-13640_KHYG_1_lib248382_5885_5","LUAD",0.397464925404183
"NG-13640_KHYG_1_lib248382_5885_5","LUSC",0.356026112428921
"NG-13640_KHYG_1_lib248382_5885_5","MESO",0.333227451533185
"NG-13640_KHYG_1_lib248382_5885_5","OV",0.333378161991209
"NG-13640_KHYG_1_lib248382_5885_5","PAAD",0.335360550790026
"NG-13640_KHYG_1_lib248382_5885_5","PCPG",0.234419833722087
"NG-13640_KHYG_1_lib248382_5885_5","PRAD",0.259749556782101
"NG-13640_KHYG_1_lib248382_5885_5","READ",0.343039252382071
"NG-13640_KHYG_1_lib248382_5885_5","SARC",0.28541981597798
"NG-13640_KHYG_1_lib248382_5885_5","SKCM",0.381609820793224
"NG-13640_KHYG_1_lib248382_5885_5","STAD",0.399027943713079
"NG-13640_KHYG_1_lib248382_5885_5","TGCT",0.343085313186419
"NG-13640_KHYG_1_lib248382_5885_5","THCA",0.30210105897795
"NG-13640_KHYG_1_lib248382_5885_5","THYM",0.380509532086102
"NG-13640_KHYG_1_lib248382_5885_5","UCEC",0.355477117720191
"NG-13640_KHYG_1_lib248382_5885_5","UCS",0.263586060877931
"NG-13640_KHYG_1_lib248382_5885_5","UVM",0.290397195900498
"NG-13640_KM_H2_lib248380_5885_5","ACC",0.303024571996197
"NG-13640_KM_H2_lib248380_5885_5","BLCA",0.348319083175337
"NG-13640_KM_H2_lib248380_5885_5","BRCA",0.370854476272447
"NG-13640_KM_H2_lib248380_5885_5","CESC",0.354617407052583
"NG-13640_KM_H2_lib248380_5885_5","CHOL",0.33885719597927
"NG-13640_KM_H2_lib248380_5885_5","COAD",0.323556417830987
"NG-13640_KM_H2_lib248380_5885_5","DLBC",0.274246312087738
"NG-13640_KM_H2_lib248380_5885_5","ESCA",0.39735670061513
"NG-13640_KM_H2_lib248380_5885_5","GBM",0.28446373769313
"NG-13640_KM_H2_lib248380_5885_5","HNSC",0.373091108085386
"NG-13640_KM_H2_lib248380_5885_5","KICH",0.282379509119983
"NG-13640_KM_H2_lib248380_5885_5","KIRC",0.340566900376404
"NG-13640_KM_H2_lib248380_5885_5","KIRP",0.322106237063137
"NG-13640_KM_H2_lib248380_5885_5","LAML",0.146953094574764
"NG-13640_KM_H2_lib248380_5885_5","LGG",0.236737451798014
"NG-13640_KM_H2_lib248380_5885_5","LIHC",0.301443195685545
"NG-13640_KM_H2_lib248380_5885_5","LUAD",0.357879060873007
"NG-13640_KM_H2_lib248380_5885_5","LUSC",0.381816867415029
"NG-13640_KM_H2_lib248380_5885_5","MESO",0.341958265472994
"NG-13640_KM_H2_lib248380_5885_5","OV",0.329711022209247
"NG-13640_KM_H2_lib248380_5885_5","PAAD",0.361335655238804
"NG-13640_KM_H2_lib248380_5885_5","PCPG",0.256918300836241
"NG-13640_KM_H2_lib248380_5885_5","PRAD",0.293253897141833
"NG-13640_KM_H2_lib248380_5885_5","READ",0.317115762941138
"NG-13640_KM_H2_lib248380_5885_5","SARC",0.350941598918297
"NG-13640_KM_H2_lib248380_5885_5","SKCM",0.371840451436946
"NG-13640_KM_H2_lib248380_5885_5","STAD",0.377882770993095
"NG-13640_KM_H2_lib248380_5885_5","TGCT",0.306092637749368
"NG-13640_KM_H2_lib248380_5885_5","THCA",0.313153609797379
"NG-13640_KM_H2_lib248380_5885_5","THYM",0.268079171176471
"NG-13640_KM_H2_lib248380_5885_5","UCEC",0.365226872690834
"NG-13640_KM_H2_lib248380_5885_5","UCS",0.350004447400301
"NG-13640_KM_H2_lib248380_5885_5","UVM",0.27976359485786
"NG-13640_KM_H2_lib248380_5904_3","ACC",0.303700033756578
"NG-13640_KM_H2_lib248380_5904_3","BLCA",0.342024191976652
"NG-13640_KM_H2_lib248380_5904_3","BRCA",0.368379789919202
"NG-13640_KM_H2_lib248380_5904_3","CESC",0.351324541554069
"NG-13640_KM_H2_lib248380_5904_3","CHOL",0.331461249335708
"NG-13640_KM_H2_lib248380_5904_3","COAD",0.312390096097023
"NG-13640_KM_H2_lib248380_5904_3","DLBC",0.287607358425172
"NG-13640_KM_H2_lib248380_5904_3","ESCA",0.391911967516232
"NG-13640_KM_H2_lib248380_5904_3","GBM",0.294944701594465
"NG-13640_KM_H2_lib248380_5904_3","HNSC",0.36841035764128
"NG-13640_KM_H2_lib248380_5904_3","KICH",0.271083696744578
"NG-13640_KM_H2_lib248380_5904_3","KIRC",0.331861807206114
"NG-13640_KM_H2_lib248380_5904_3","KIRP",0.308501075085086
"NG-13640_KM_H2_lib248380_5904_3","LAML",0.168819780288514
"NG-13640_KM_H2_lib248380_5904_3","LGG",0.250480132990208
"NG-13640_KM_H2_lib248380_5904_3","LIHC",0.297929565309135
"NG-13640_KM_H2_lib248380_5904_3","LUAD",0.353316041466158
"NG-13640_KM_H2_lib248380_5904_3","LUSC",0.378866723176554
"NG-13640_KM_H2_lib248380_5904_3","MESO",0.342590656604561
"NG-13640_KM_H2_lib248380_5904_3","OV",0.321736724759895
"NG-13640_KM_H2_lib248380_5904_3","PAAD",0.353662496431421
"NG-13640_KM_H2_lib248380_5904_3","PCPG",0.264542219830659
"NG-13640_KM_H2_lib248380_5904_3","PRAD",0.294983483211801
"NG-13640_KM_H2_lib248380_5904_3","READ",0.305413726931107
"NG-13640_KM_H2_lib248380_5904_3","SARC",0.346869314996102
"NG-13640_KM_H2_lib248380_5904_3","SKCM",0.378144450370415
"NG-13640_KM_H2_lib248380_5904_3","STAD",0.372615719006527
"NG-13640_KM_H2_lib248380_5904_3","TGCT",0.314066156262038
"NG-13640_KM_H2_lib248380_5904_3","THCA",0.310336025473457
"NG-13640_KM_H2_lib248380_5904_3","THYM",0.273128917808774
"NG-13640_KM_H2_lib248380_5904_3","UCEC",0.355593928054708
"NG-13640_KM_H2_lib248380_5904_3","UCS",0.344525429650326
"NG-13640_KM_H2_lib248380_5904_3","UVM",0.282353900223172
"NG-13640_KMS_12_BM_lib248379_5885_5","ACC",0.315162757666572
"NG-13640_KMS_12_BM_lib248379_5885_5","BLCA",0.4333689967375
"NG-13640_KMS_12_BM_lib248379_5885_5","BRCA",0.397848552066571
"NG-13640_KMS_12_BM_lib248379_5885_5","CESC",0.414046758952137
"NG-13640_KMS_12_BM_lib248379_5885_5","CHOL",0.360784648602849
"NG-13640_KMS_12_BM_lib248379_5885_5","COAD",0.388038782956158
"NG-13640_KMS_12_BM_lib248379_5885_5","DLBC",0.445354274567324
"NG-13640_KMS_12_BM_lib248379_5885_5","ESCA",0.416403256178813
"NG-13640_KMS_12_BM_lib248379_5885_5","GBM",0.246673287739915
"NG-13640_KMS_12_BM_lib248379_5885_5","HNSC",0.387531818372512
"NG-13640_KMS_12_BM_lib248379_5885_5","KICH",0.312433347061011
"NG-13640_KMS_12_BM_lib248379_5885_5","KIRC",0.335693314204873
"NG-13640_KMS_12_BM_lib248379_5885_5","KIRP",0.344835155209497
"NG-13640_KMS_12_BM_lib248379_5885_5","LAML",0.34945719489953
"NG-13640_KMS_12_BM_lib248379_5885_5","LGG",0.199039808103205
"NG-13640_KMS_12_BM_lib248379_5885_5","LIHC",0.35359325157348
"NG-13640_KMS_12_BM_lib248379_5885_5","LUAD",0.435680308626264
"NG-13640_KMS_12_BM_lib248379_5885_5","LUSC",0.418474280344988
"NG-13640_KMS_12_BM_lib248379_5885_5","MESO",0.352068356009768
"NG-13640_KMS_12_BM_lib248379_5885_5","OV",0.41094366929525
"NG-13640_KMS_12_BM_lib248379_5885_5","PAAD",0.382254532209374
"NG-13640_KMS_12_BM_lib248379_5885_5","PCPG",0.24794241349285
"NG-13640_KMS_12_BM_lib248379_5885_5","PRAD",0.325700086714208
"NG-13640_KMS_12_BM_lib248379_5885_5","READ",0.386675568574403
"NG-13640_KMS_12_BM_lib248379_5885_5","SARC",0.282540976890265
"NG-13640_KMS_12_BM_lib248379_5885_5","SKCM",0.388410090788833
"NG-13640_KMS_12_BM_lib248379_5885_5","STAD",0.427148960820876
"NG-13640_KMS_12_BM_lib248379_5885_5","TGCT",0.41200004127754
"NG-13640_KMS_12_BM_lib248379_5885_5","THCA",0.358568970575736
"NG-13640_KMS_12_BM_lib248379_5885_5","THYM",0.395606307532027
"NG-13640_KMS_12_BM_lib248379_5885_5","UCEC",0.423449339917621
"NG-13640_KMS_12_BM_lib248379_5885_5","UCS",0.34221945829481
"NG-13640_KMS_12_BM_lib248379_5885_5","UVM",0.34212264014644
"NG-13640_KOPN_8_lib227470_5697_7","ACC",0.339495338428654
"NG-13640_KOPN_8_lib227470_5697_7","BLCA",0.410083765853815
"NG-13640_KOPN_8_lib227470_5697_7","BRCA",0.435830542681536
"NG-13640_KOPN_8_lib227470_5697_7","CESC",0.434367831497999
"NG-13640_KOPN_8_lib227470_5697_7","CHOL",0.363428254363813
"NG-13640_KOPN_8_lib227470_5697_7","COAD",0.408067096158375
"NG-13640_KOPN_8_lib227470_5697_7","DLBC",0.482502176172237
"NG-13640_KOPN_8_lib227470_5697_7","ESCA",0.4124404610109
"NG-13640_KOPN_8_lib227470_5697_7","GBM",0.314827301819648
"NG-13640_KOPN_8_lib227470_5697_7","HNSC",0.401126724796139
"NG-13640_KOPN_8_lib227470_5697_7","KICH",0.319311301428477
"NG-13640_KOPN_8_lib227470_5697_7","KIRC",0.359750060402001
"NG-13640_KOPN_8_lib227470_5697_7","KIRP",0.353234034528432
"NG-13640_KOPN_8_lib227470_5697_7","LAML",0.502711060984075
"NG-13640_KOPN_8_lib227470_5697_7","LGG",0.253029384317187
"NG-13640_KOPN_8_lib227470_5697_7","LIHC",0.343641884424693
"NG-13640_KOPN_8_lib227470_5697_7","LUAD",0.454595069865653
"NG-13640_KOPN_8_lib227470_5697_7","LUSC",0.414905105159725
"NG-13640_KOPN_8_lib227470_5697_7","MESO",0.402741882411991
"NG-13640_KOPN_8_lib227470_5697_7","OV",0.408215149744346
"NG-13640_KOPN_8_lib227470_5697_7","PAAD",0.389253511547485
"NG-13640_KOPN_8_lib227470_5697_7","PCPG",0.277201065473808
"NG-13640_KOPN_8_lib227470_5697_7","PRAD",0.341218738370449
"NG-13640_KOPN_8_lib227470_5697_7","READ",0.398415174637409
"NG-13640_KOPN_8_lib227470_5697_7","SARC",0.352844736638521
"NG-13640_KOPN_8_lib227470_5697_7","SKCM",0.450533312239048
"NG-13640_KOPN_8_lib227470_5697_7","STAD",0.440175226786027
"NG-13640_KOPN_8_lib227470_5697_7","TGCT",0.450321456433978
"NG-13640_KOPN_8_lib227470_5697_7","THCA",0.383596891192989
"NG-13640_KOPN_8_lib227470_5697_7","THYM",0.463708803710294
"NG-13640_KOPN_8_lib227470_5697_7","UCEC",0.447302314014259
"NG-13640_KOPN_8_lib227470_5697_7","UCS",0.363065746461727
"NG-13640_KOPN_8_lib227470_5697_7","UVM",0.404538440054294
"NG-13640_L_1236_lib241215_5808_7","ACC",0.375393502092359
"NG-13640_L_1236_lib241215_5808_7","BLCA",0.431007923167073
"NG-13640_L_1236_lib241215_5808_7","BRCA",0.452822780593566
"NG-13640_L_1236_lib241215_5808_7","CESC",0.451116549110347
"NG-13640_L_1236_lib241215_5808_7","CHOL",0.383412788332376
"NG-13640_L_1236_lib241215_5808_7","COAD",0.363653704667781
"NG-13640_L_1236_lib241215_5808_7","DLBC",0.323556735541455
"NG-13640_L_1236_lib241215_5808_7","ESCA",0.45584701186444
"NG-13640_L_1236_lib241215_5808_7","GBM",0.321302681896744
"NG-13640_L_1236_lib241215_5808_7","HNSC",0.43080121674152
"NG-13640_L_1236_lib241215_5808_7","KICH",0.353934589139287
"NG-13640_L_1236_lib241215_5808_7","KIRC",0.380105605631552
"NG-13640_L_1236_lib241215_5808_7","KIRP",0.372641361520815
"NG-13640_L_1236_lib241215_5808_7","LAML",0.234840392492436
"NG-13640_L_1236_lib241215_5808_7","LGG",0.276578540688213
"NG-13640_L_1236_lib241215_5808_7","LIHC",0.334563488347299
"NG-13640_L_1236_lib241215_5808_7","LUAD",0.424340561295969
"NG-13640_L_1236_lib241215_5808_7","LUSC",0.448953616778291
"NG-13640_L_1236_lib241215_5808_7","MESO",0.401668264531152
"NG-13640_L_1236_lib241215_5808_7","OV",0.399627138014399
"NG-13640_L_1236_lib241215_5808_7","PAAD",0.404305194676117
"NG-13640_L_1236_lib241215_5808_7","PCPG",0.320384642522332
"NG-13640_L_1236_lib241215_5808_7","PRAD",0.379232083392625
"NG-13640_L_1236_lib241215_5808_7","READ",0.354081837089769
"NG-13640_L_1236_lib241215_5808_7","SARC",0.379772214087758
"NG-13640_L_1236_lib241215_5808_7","SKCM",0.42648874538517
"NG-13640_L_1236_lib241215_5808_7","STAD",0.41934898080365
"NG-13640_L_1236_lib241215_5808_7","TGCT",0.346232519735201
"NG-13640_L_1236_lib241215_5808_7","THCA",0.371298126553326
"NG-13640_L_1236_lib241215_5808_7","THYM",0.353228881816356
"NG-13640_L_1236_lib241215_5808_7","UCEC",0.415393793198009
"NG-13640_L_1236_lib241215_5808_7","UCS",0.391320952583682
"NG-13640_L_1236_lib241215_5808_7","UVM",0.33308459649274
"NG-13640_L_363_lib241210_5808_6","ACC",0.375496540038686
"NG-13640_L_363_lib241210_5808_6","BLCA",0.414990477060881
"NG-13640_L_363_lib241210_5808_6","BRCA",0.435271961336859
"NG-13640_L_363_lib241210_5808_6","CESC",0.40633545928825
"NG-13640_L_363_lib241210_5808_6","CHOL",0.383680126236048
"NG-13640_L_363_lib241210_5808_6","COAD",0.371361570785949
"NG-13640_L_363_lib241210_5808_6","DLBC",0.383685716312965
"NG-13640_L_363_lib241210_5808_6","ESCA",0.427393649820897
"NG-13640_L_363_lib241210_5808_6","GBM",0.337380568209403
"NG-13640_L_363_lib241210_5808_6","HNSC",0.400715073786542
"NG-13640_L_363_lib241210_5808_6","KICH",0.355703149937386
"NG-13640_L_363_lib241210_5808_6","KIRC",0.371006126196781
"NG-13640_L_363_lib241210_5808_6","KIRP",0.362970424306034
"NG-13640_L_363_lib241210_5808_6","LAML",0.322580246965756
"NG-13640_L_363_lib241210_5808_6","LGG",0.305602228352243
"NG-13640_L_363_lib241210_5808_6","LIHC",0.365054166805193
"NG-13640_L_363_lib241210_5808_6","LUAD",0.440424446892932
"NG-13640_L_363_lib241210_5808_6","LUSC",0.438068493480616
"NG-13640_L_363_lib241210_5808_6","MESO",0.400754069692088
"NG-13640_L_363_lib241210_5808_6","OV",0.408469133283645
"NG-13640_L_363_lib241210_5808_6","PAAD",0.383319322594099
"NG-13640_L_363_lib241210_5808_6","PCPG",0.320445030445259
"NG-13640_L_363_lib241210_5808_6","PRAD",0.364080784038899
"NG-13640_L_363_lib241210_5808_6","READ",0.36698882222775
"NG-13640_L_363_lib241210_5808_6","SARC",0.374656210986625
"NG-13640_L_363_lib241210_5808_6","SKCM",0.437614890504061
"NG-13640_L_363_lib241210_5808_6","STAD",0.417681061112813
"NG-13640_L_363_lib241210_5808_6","TGCT",0.418740156088379
"NG-13640_L_363_lib241210_5808_6","THCA",0.386488796790306
"NG-13640_L_363_lib241210_5808_6","THYM",0.399344106632273
"NG-13640_L_363_lib241210_5808_6","UCEC",0.424456177399114
"NG-13640_L_363_lib241210_5808_6","UCS",0.408095592586564
"NG-13640_L_363_lib241210_5808_6","UVM",0.393165667007058
"NG-13640_L_428_lib241214_5808_7","ACC",0.368766428517388
"NG-13640_L_428_lib241214_5808_7","BLCA",0.408396796503765
"NG-13640_L_428_lib241214_5808_7","BRCA",0.442332796468867
"NG-13640_L_428_lib241214_5808_7","CESC",0.4464266817492
"NG-13640_L_428_lib241214_5808_7","CHOL",0.38319000221367
"NG-13640_L_428_lib241214_5808_7","COAD",0.391143918907857
"NG-13640_L_428_lib241214_5808_7","DLBC",0.347223573355657
"NG-13640_L_428_lib241214_5808_7","ESCA",0.453995014308655
"NG-13640_L_428_lib241214_5808_7","GBM",0.326414009418916
"NG-13640_L_428_lib241214_5808_7","HNSC",0.415836937542826
"NG-13640_L_428_lib241214_5808_7","KICH",0.346022920340571
"NG-13640_L_428_lib241214_5808_7","KIRC",0.38205268544065
"NG-13640_L_428_lib241214_5808_7","KIRP",0.363465743785275
"NG-13640_L_428_lib241214_5808_7","LAML",0.250289501547157
"NG-13640_L_428_lib241214_5808_7","LGG",0.277235743058417
"NG-13640_L_428_lib241214_5808_7","LIHC",0.333462122237785
"NG-13640_L_428_lib241214_5808_7","LUAD",0.439053312103435
"NG-13640_L_428_lib241214_5808_7","LUSC",0.420641460544384
"NG-13640_L_428_lib241214_5808_7","MESO",0.386913484832514
"NG-13640_L_428_lib241214_5808_7","OV",0.388303087573237
"NG-13640_L_428_lib241214_5808_7","PAAD",0.414235638867211
"NG-13640_L_428_lib241214_5808_7","PCPG",0.313212572562776
"NG-13640_L_428_lib241214_5808_7","PRAD",0.365334119309848
"NG-13640_L_428_lib241214_5808_7","READ",0.378664453910229
"NG-13640_L_428_lib241214_5808_7","SARC",0.382354562407867
"NG-13640_L_428_lib241214_5808_7","SKCM",0.43912633599034
"NG-13640_L_428_lib241214_5808_7","STAD",0.444912690325601
"NG-13640_L_428_lib241214_5808_7","TGCT",0.334512854066409
"NG-13640_L_428_lib241214_5808_7","THCA",0.361474324766104
"NG-13640_L_428_lib241214_5808_7","THYM",0.352549339901563
"NG-13640_L_428_lib241214_5808_7","UCEC",0.418690261582508
"NG-13640_L_428_lib241214_5808_7","UCS",0.381458702544471
"NG-13640_L_428_lib241214_5808_7","UVM",0.339553114425509
"NG-13640_LP_1_lib241211_5808_7","ACC",0.438083084447463
"NG-13640_LP_1_lib241211_5808_7","BLCA",0.407814807905286
"NG-13640_LP_1_lib241211_5808_7","BRCA",0.477251541219076
"NG-13640_LP_1_lib241211_5808_7","CESC",0.395246196726499
"NG-13640_LP_1_lib241211_5808_7","CHOL",0.397214649794549
"NG-13640_LP_1_lib241211_5808_7","COAD",0.348094674100501
"NG-13640_LP_1_lib241211_5808_7","DLBC",0.329804238746635
"NG-13640_LP_1_lib241211_5808_7","ESCA",0.425135920247569
"NG-13640_LP_1_lib241211_5808_7","GBM",0.404986958100954
"NG-13640_LP_1_lib241211_5808_7","HNSC",0.384064010034913
"NG-13640_LP_1_lib241211_5808_7","KICH",0.424176681521212
"NG-13640_LP_1_lib241211_5808_7","KIRC",0.433226286530779
"NG-13640_LP_1_lib241211_5808_7","KIRP",0.419350356637489
"NG-13640_LP_1_lib241211_5808_7","LAML",0.290756047015908
"NG-13640_LP_1_lib241211_5808_7","LGG",0.385058147312215
"NG-13640_LP_1_lib241211_5808_7","LIHC",0.348572948751074
"NG-13640_LP_1_lib241211_5808_7","LUAD",0.457643828871879
"NG-13640_LP_1_lib241211_5808_7","LUSC",0.449650012174809
"NG-13640_LP_1_lib241211_5808_7","MESO",0.424602594359632
"NG-13640_LP_1_lib241211_5808_7","OV",0.421162394114807
"NG-13640_LP_1_lib241211_5808_7","PAAD",0.39048093817133
"NG-13640_LP_1_lib241211_5808_7","PCPG",0.388996076831897
"NG-13640_LP_1_lib241211_5808_7","PRAD",0.435806140429886
"NG-13640_LP_1_lib241211_5808_7","READ",0.3409602649658
"NG-13640_LP_1_lib241211_5808_7","SARC",0.455524014819778
"NG-13640_LP_1_lib241211_5808_7","SKCM",0.462801599535422
"NG-13640_LP_1_lib241211_5808_7","STAD",0.406425380575223
"NG-13640_LP_1_lib241211_5808_7","TGCT",0.409180294251454
"NG-13640_LP_1_lib241211_5808_7","THCA",0.451811862989787
"NG-13640_LP_1_lib241211_5808_7","THYM",0.425592144707388
"NG-13640_LP_1_lib241211_5808_7","UCEC",0.443354252292047
"NG-13640_LP_1_lib241211_5808_7","UCS",0.449868280577434
"NG-13640_LP_1_lib241211_5808_7","UVM",0.420518016593681
"NG-13640_MINO_lib248384_5885_5","ACC",0.352052324612212
"NG-13640_MINO_lib248384_5885_5","BLCA",0.422680841576737
"NG-13640_MINO_lib248384_5885_5","BRCA",0.440464387606674
"NG-13640_MINO_lib248384_5885_5","CESC",0.450125629393248
"NG-13640_MINO_lib248384_5885_5","CHOL",0.38768106118666
"NG-13640_MINO_lib248384_5885_5","COAD",0.404726125053562
"NG-13640_MINO_lib248384_5885_5","DLBC",0.587509553149113
"NG-13640_MINO_lib248384_5885_5","ESCA",0.423283774662781
"NG-13640_MINO_lib248384_5885_5","GBM",0.325431305050508
"NG-13640_MINO_lib248384_5885_5","HNSC",0.409007033382897
"NG-13640_MINO_lib248384_5885_5","KICH",0.329704118267468
"NG-13640_MINO_lib248384_5885_5","KIRC",0.372713601930001
"NG-13640_MINO_lib248384_5885_5","KIRP",0.375556750511869
"NG-13640_MINO_lib248384_5885_5","LAML",0.485918866030713
"NG-13640_MINO_lib248384_5885_5","LGG",0.252820635506072
"NG-13640_MINO_lib248384_5885_5","LIHC",0.374634526859182
"NG-13640_MINO_lib248384_5885_5","LUAD",0.477148369401091
"NG-13640_MINO_lib248384_5885_5","LUSC",0.438548335946707
"NG-13640_MINO_lib248384_5885_5","MESO",0.416730721136741
"NG-13640_MINO_lib248384_5885_5","OV",0.424306362065098
"NG-13640_MINO_lib248384_5885_5","PAAD",0.394618346102411
"NG-13640_MINO_lib248384_5885_5","PCPG",0.287297149812621
"NG-13640_MINO_lib248384_5885_5","PRAD",0.345321415705889
"NG-13640_MINO_lib248384_5885_5","READ",0.393397993024026
"NG-13640_MINO_lib248384_5885_5","SARC",0.347085336055868
"NG-13640_MINO_lib248384_5885_5","SKCM",0.46855640670951
"NG-13640_MINO_lib248384_5885_5","STAD",0.456138953909621
"NG-13640_MINO_lib248384_5885_5","TGCT",0.446602936540747
"NG-13640_MINO_lib248384_5885_5","THCA",0.379586208325304
"NG-13640_MINO_lib248384_5885_5","THYM",0.467673177275928
"NG-13640_MINO_lib248384_5885_5","UCEC",0.442418820972856
"NG-13640_MINO_lib248384_5885_5","UCS",0.35435156737913
"NG-13640_MINO_lib248384_5885_5","UVM",0.405918570583417
"NG-13640_MOLT_4_lib241220_5808_2","ACC",0.413310661279959
"NG-13640_MOLT_4_lib241220_5808_2","BLCA",0.427997115626817
"NG-13640_MOLT_4_lib241220_5808_2","BRCA",0.487000203809842
"NG-13640_MOLT_4_lib241220_5808_2","CESC",0.405121481874168
"NG-13640_MOLT_4_lib241220_5808_2","CHOL",0.378641996144772
"NG-13640_MOLT_4_lib241220_5808_2","COAD",0.36449971844855
"NG-13640_MOLT_4_lib241220_5808_2","DLBC",0.380540568130859
"NG-13640_MOLT_4_lib241220_5808_2","ESCA",0.421393266728179
"NG-13640_MOLT_4_lib241220_5808_2","GBM",0.438845520553487
"NG-13640_MOLT_4_lib241220_5808_2","HNSC",0.387548365474406
"NG-13640_MOLT_4_lib241220_5808_2","KICH",0.385645792486567
"NG-13640_MOLT_4_lib241220_5808_2","KIRC",0.412440544155662
"NG-13640_MOLT_4_lib241220_5808_2","KIRP",0.381172192015821
"NG-13640_MOLT_4_lib241220_5808_2","LAML",0.433007252385325
"NG-13640_MOLT_4_lib241220_5808_2","LGG",0.415364633845524
"NG-13640_MOLT_4_lib241220_5808_2","LIHC",0.338873260731591
"NG-13640_MOLT_4_lib241220_5808_2","LUAD",0.460188911353618
"NG-13640_MOLT_4_lib241220_5808_2","LUSC",0.435096186837932
"NG-13640_MOLT_4_lib241220_5808_2","MESO",0.452989608102716
"NG-13640_MOLT_4_lib241220_5808_2","OV",0.44099443573703
"NG-13640_MOLT_4_lib241220_5808_2","PAAD",0.407234108561226
"NG-13640_MOLT_4_lib241220_5808_2","PCPG",0.397889717398202
"NG-13640_MOLT_4_lib241220_5808_2","PRAD",0.438482309107077
"NG-13640_MOLT_4_lib241220_5808_2","READ",0.358819175395588
"NG-13640_MOLT_4_lib241220_5808_2","SARC",0.444022116114574
"NG-13640_MOLT_4_lib241220_5808_2","SKCM",0.464363681299955
"NG-13640_MOLT_4_lib241220_5808_2","STAD",0.422365737411209
"NG-13640_MOLT_4_lib241220_5808_2","TGCT",0.480864631957656
"NG-13640_MOLT_4_lib241220_5808_2","THCA",0.441560106922512
"NG-13640_MOLT_4_lib241220_5808_2","THYM",0.516112030914647
"NG-13640_MOLT_4_lib241220_5808_2","UCEC",0.450958802037028
"NG-13640_MOLT_4_lib241220_5808_2","UCS",0.454179881397946
"NG-13640_MOLT_4_lib241220_5808_2","UVM",0.449455731007625
"NALM_6","ACC",0.339957549216806
"NALM_6","BLCA",0.385091678806397
"NALM_6","BRCA",0.434279506210037
"NALM_6","CESC",0.39775544172929
"NALM_6","CHOL",0.361555478810399
"NALM_6","COAD",0.368495989042133
"NALM_6","DLBC",0.426226266541966
"NALM_6","ESCA",0.404202817277737
"NALM_6","GBM",0.348338624696858
"NALM_6","HNSC",0.381309392558957
"NALM_6","KICH",0.32274005540041
"NALM_6","KIRC",0.363035410452823
"NALM_6","KIRP",0.349154791652816
"NALM_6","LAML",0.436016585832748
"NALM_6","LGG",0.298276676555954
"NALM_6","LIHC",0.339873644419664
"NALM_6","LUAD",0.424895268427826
"NALM_6","LUSC",0.397142067623053
"NALM_6","MESO",0.39241577653548
"NALM_6","OV",0.410596518720198
"NALM_6","PAAD",0.374053828015716
"NALM_6","PCPG",0.290388787037519
"NALM_6","PRAD",0.35592059570748
"NALM_6","READ",0.361443781712473
"NALM_6","SARC",0.378820578713109
"NALM_6","SKCM",0.427218728145748
"NALM_6","STAD",0.417727377236011
"NALM_6","TGCT",0.441742105298101
"NALM_6","THCA",0.38300005919803
"NALM_6","THYM",0.439167370681315
"NALM_6","UCEC",0.430347864623267
"NALM_6","UCS",0.390638764694027
"NALM_6","UVM",0.416413100198342
"NG-13640_NALM_6_lib227471_5697_7","ACC",0.341408147923685
"NG-13640_NALM_6_lib227471_5697_7","BLCA",0.383711107190321
"NG-13640_NALM_6_lib227471_5697_7","BRCA",0.428812029629638
"NG-13640_NALM_6_lib227471_5697_7","CESC",0.396716307625993
"NG-13640_NALM_6_lib227471_5697_7","CHOL",0.356087287045821
"NG-13640_NALM_6_lib227471_5697_7","COAD",0.364229377749548
"NG-13640_NALM_6_lib227471_5697_7","DLBC",0.434215159990382
"NG-13640_NALM_6_lib227471_5697_7","ESCA",0.400285381202649
"NG-13640_NALM_6_lib227471_5697_7","GBM",0.35306670936579
"NG-13640_NALM_6_lib227471_5697_7","HNSC",0.380837018325829
"NG-13640_NALM_6_lib227471_5697_7","KICH",0.317129621433335
"NG-13640_NALM_6_lib227471_5697_7","KIRC",0.359596101632871
"NG-13640_NALM_6_lib227471_5697_7","KIRP",0.345481769382726
"NG-13640_NALM_6_lib227471_5697_7","LAML",0.44647479630535
"NG-13640_NALM_6_lib227471_5697_7","LGG",0.300574834750907
"NG-13640_NALM_6_lib227471_5697_7","LIHC",0.334864479397326
"NG-13640_NALM_6_lib227471_5697_7","LUAD",0.418970850743326
"NG-13640_NALM_6_lib227471_5697_7","LUSC",0.394666356573303
"NG-13640_NALM_6_lib227471_5697_7","MESO",0.392182954021415
"NG-13640_NALM_6_lib227471_5697_7","OV",0.408908616531564
"NG-13640_NALM_6_lib227471_5697_7","PAAD",0.366998836822624
"NG-13640_NALM_6_lib227471_5697_7","PCPG",0.295123107834547
"NG-13640_NALM_6_lib227471_5697_7","PRAD",0.349784012303081
"NG-13640_NALM_6_lib227471_5697_7","READ",0.357336087578775
"NG-13640_NALM_6_lib227471_5697_7","SARC",0.376477651530283
"NG-13640_NALM_6_lib227471_5697_7","SKCM",0.429936690791979
"NG-13640_NALM_6_lib227471_5697_7","STAD",0.411544437464092
"NG-13640_NALM_6_lib227471_5697_7","TGCT",0.444542059491201
"NG-13640_NALM_6_lib227471_5697_7","THCA",0.37420204250053
"NG-13640_NALM_6_lib227471_5697_7","THYM",0.4419024176873
"NG-13640_NALM_6_lib227471_5697_7","UCEC",0.423789055893974
"NG-13640_NALM_6_lib227471_5697_7","UCS",0.387866917962114
"NG-13640_NALM_6_lib227471_5697_7","UVM",0.41677756544856
"NG-13640_NALM_6_lib227471_5706_1","ACC",0.339107707207623
"NG-13640_NALM_6_lib227471_5706_1","BLCA",0.370085375180538
"NG-13640_NALM_6_lib227471_5706_1","BRCA",0.415830904561812
"NG-13640_NALM_6_lib227471_5706_1","CESC",0.378304149260501
"NG-13640_NALM_6_lib227471_5706_1","CHOL",0.3446824897253
"NG-13640_NALM_6_lib227471_5706_1","COAD",0.351613307383671
"NG-13640_NALM_6_lib227471_5706_1","DLBC",0.417219429152273
"NG-13640_NALM_6_lib227471_5706_1","ESCA",0.384937235613876
"NG-13640_NALM_6_lib227471_5706_1","GBM",0.341726126115832
"NG-13640_NALM_6_lib227471_5706_1","HNSC",0.360921434014945
"NG-13640_NALM_6_lib227471_5706_1","KICH",0.313522706222805
"NG-13640_NALM_6_lib227471_5706_1","KIRC",0.350809146084287
"NG-13640_NALM_6_lib227471_5706_1","KIRP",0.334088360048073
"NG-13640_NALM_6_lib227471_5706_1","LAML",0.424273912563751
"NG-13640_NALM_6_lib227471_5706_1","LGG",0.295997545317147
"NG-13640_NALM_6_lib227471_5706_1","LIHC",0.319993762764363
"NG-13640_NALM_6_lib227471_5706_1","LUAD",0.401173717004675
"NG-13640_NALM_6_lib227471_5706_1","LUSC",0.377320986597056
"NG-13640_NALM_6_lib227471_5706_1","MESO",0.380245541529491
"NG-13640_NALM_6_lib227471_5706_1","OV",0.38918681076278
"NG-13640_NALM_6_lib227471_5706_1","PAAD",0.357911932254188
"NG-13640_NALM_6_lib227471_5706_1","PCPG",0.285591719873903
"NG-13640_NALM_6_lib227471_5706_1","PRAD",0.337734967609878
"NG-13640_NALM_6_lib227471_5706_1","READ",0.344043433307093
"NG-13640_NALM_6_lib227471_5706_1","SARC",0.375090724907421
"NG-13640_NALM_6_lib227471_5706_1","SKCM",0.420686478443675
"NG-13640_NALM_6_lib227471_5706_1","STAD",0.399435016674302
"NG-13640_NALM_6_lib227471_5706_1","TGCT",0.418076022897791
"NG-13640_NALM_6_lib227471_5706_1","THCA",0.365125829176209
"NG-13640_NALM_6_lib227471_5706_1","THYM",0.429665705166527
"NG-13640_NALM_6_lib227471_5706_1","UCEC",0.405938589337087
"NG-13640_NALM_6_lib227471_5706_1","UCS",0.374747303242816
"NG-13640_NALM_6_lib227471_5706_1","UVM",0.400688750863996
"NG-13640_NK_92_lib227486_5684_6","ACC",0.256873809636764
"NG-13640_NK_92_lib227486_5684_6","BLCA",0.335779209770062
"NG-13640_NK_92_lib227486_5684_6","BRCA",0.330244644100681
"NG-13640_NK_92_lib227486_5684_6","CESC",0.365094269561973
"NG-13640_NK_92_lib227486_5684_6","CHOL",0.309302620239345
"NG-13640_NK_92_lib227486_5684_6","COAD",0.34305469321143
"NG-13640_NK_92_lib227486_5684_6","DLBC",0.365363731097469
"NG-13640_NK_92_lib227486_5684_6","ESCA",0.369090914936024
"NG-13640_NK_92_lib227486_5684_6","GBM",0.230108325447467
"NG-13640_NK_92_lib227486_5684_6","HNSC",0.345046824894071
"NG-13640_NK_92_lib227486_5684_6","KICH",0.246792140805048
"NG-13640_NK_92_lib227486_5684_6","KIRC",0.300523114063973
"NG-13640_NK_92_lib227486_5684_6","KIRP",0.279644900165984
"NG-13640_NK_92_lib227486_5684_6","LAML",0.380066962982769
"NG-13640_NK_92_lib227486_5684_6","LGG",0.169547855841806
"NG-13640_NK_92_lib227486_5684_6","LIHC",0.294482915085459
"NG-13640_NK_92_lib227486_5684_6","LUAD",0.385140756966001
"NG-13640_NK_92_lib227486_5684_6","LUSC",0.345494939358088
"NG-13640_NK_92_lib227486_5684_6","MESO",0.313689202365522
"NG-13640_NK_92_lib227486_5684_6","OV",0.286723818545063
"NG-13640_NK_92_lib227486_5684_6","PAAD",0.332614768375185
"NG-13640_NK_92_lib227486_5684_6","PCPG",0.204221995091581
"NG-13640_NK_92_lib227486_5684_6","PRAD",0.25594715911213
"NG-13640_NK_92_lib227486_5684_6","READ",0.326870372558823
"NG-13640_NK_92_lib227486_5684_6","SARC",0.259107078831216
"NG-13640_NK_92_lib227486_5684_6","SKCM",0.352875699838348
"NG-13640_NK_92_lib227486_5684_6","STAD",0.393305100796739
"NG-13640_NK_92_lib227486_5684_6","TGCT",0.320292040963252
"NG-13640_NK_92_lib227486_5684_6","THCA",0.281909710905911
"NG-13640_NK_92_lib227486_5684_6","THYM",0.345204720933201
"NG-13640_NK_92_lib227486_5684_6","UCEC",0.321750984246885
"NG-13640_NK_92_lib227486_5684_6","UCS",0.226907536145037
"NG-13640_NK_92_lib227486_5684_6","UVM",0.252791481548865
"NG-13640_NU_DHL_1_lib227484_5697_4","ACC",0.341157594524161
"NG-13640_NU_DHL_1_lib227484_5697_4","BLCA",0.409868186885391
"NG-13640_NU_DHL_1_lib227484_5697_4","BRCA",0.413533806939851
"NG-13640_NU_DHL_1_lib227484_5697_4","CESC",0.440224260154036
"NG-13640_NU_DHL_1_lib227484_5697_4","CHOL",0.361834937320564
"NG-13640_NU_DHL_1_lib227484_5697_4","COAD",0.397965412301813
"NG-13640_NU_DHL_1_lib227484_5697_4","DLBC",0.548884768253182
"NG-13640_NU_DHL_1_lib227484_5697_4","ESCA",0.421862501590748
"NG-13640_NU_DHL_1_lib227484_5697_4","GBM",0.301432791056956
"NG-13640_NU_DHL_1_lib227484_5697_4","HNSC",0.406960606746897
"NG-13640_NU_DHL_1_lib227484_5697_4","KICH",0.315492505952338
"NG-13640_NU_DHL_1_lib227484_5697_4","KIRC",0.364452799295555
"NG-13640_NU_DHL_1_lib227484_5697_4","KIRP",0.369547075220645
"NG-13640_NU_DHL_1_lib227484_5697_4","LAML",0.456596991642987
"NG-13640_NU_DHL_1_lib227484_5697_4","LGG",0.235478583677574
"NG-13640_NU_DHL_1_lib227484_5697_4","LIHC",0.347978617722913
"NG-13640_NU_DHL_1_lib227484_5697_4","LUAD",0.446837797483635
"NG-13640_NU_DHL_1_lib227484_5697_4","LUSC",0.423495750388202
"NG-13640_NU_DHL_1_lib227484_5697_4","MESO",0.398598727381305
"NG-13640_NU_DHL_1_lib227484_5697_4","OV",0.394217925759023
"NG-13640_NU_DHL_1_lib227484_5697_4","PAAD",0.378825036033651
"NG-13640_NU_DHL_1_lib227484_5697_4","PCPG",0.268056209674416
"NG-13640_NU_DHL_1_lib227484_5697_4","PRAD",0.324479908351235
"NG-13640_NU_DHL_1_lib227484_5697_4","READ",0.382858754958954
"NG-13640_NU_DHL_1_lib227484_5697_4","SARC",0.326618222997293
"NG-13640_NU_DHL_1_lib227484_5697_4","SKCM",0.451099744225133
"NG-13640_NU_DHL_1_lib227484_5697_4","STAD",0.439405235951365
"NG-13640_NU_DHL_1_lib227484_5697_4","TGCT",0.421368312674116
"NG-13640_NU_DHL_1_lib227484_5697_4","THCA",0.368424259486819
"NG-13640_NU_DHL_1_lib227484_5697_4","THYM",0.421082794895348
"NG-13640_NU_DHL_1_lib227484_5697_4","UCEC",0.416616007048941
"NG-13640_NU_DHL_1_lib227484_5697_4","UCS",0.331025436304545
"NG-13640_NU_DHL_1_lib227484_5697_4","UVM",0.366380326020489
"NG-13640_OCILY19_lib236388_5774_8","ACC",0.373559831838319
"NG-13640_OCILY19_lib236388_5774_8","BLCA",0.420736100030244
"NG-13640_OCILY19_lib236388_5774_8","BRCA",0.44208139958492
"NG-13640_OCILY19_lib236388_5774_8","CESC",0.437375373220877
"NG-13640_OCILY19_lib236388_5774_8","CHOL",0.363920220635055
"NG-13640_OCILY19_lib236388_5774_8","COAD",0.412123987431513
"NG-13640_OCILY19_lib236388_5774_8","DLBC",0.49930558200348
"NG-13640_OCILY19_lib236388_5774_8","ESCA",0.432840550504976
"NG-13640_OCILY19_lib236388_5774_8","GBM",0.332462188057174
"NG-13640_OCILY19_lib236388_5774_8","HNSC",0.400519962027111
"NG-13640_OCILY19_lib236388_5774_8","KICH",0.340617474543816
"NG-13640_OCILY19_lib236388_5774_8","KIRC",0.37443955838855
"NG-13640_OCILY19_lib236388_5774_8","KIRP",0.357271971722077
"NG-13640_OCILY19_lib236388_5774_8","LAML",0.472891857145691
"NG-13640_OCILY19_lib236388_5774_8","LGG",0.2666512022088
"NG-13640_OCILY19_lib236388_5774_8","LIHC",0.34986494287997
"NG-13640_OCILY19_lib236388_5774_8","LUAD",0.450320795772704
"NG-13640_OCILY19_lib236388_5774_8","LUSC",0.424865997464842
"NG-13640_OCILY19_lib236388_5774_8","MESO",0.393883404200705
"NG-13640_OCILY19_lib236388_5774_8","OV",0.413180499403403
"NG-13640_OCILY19_lib236388_5774_8","PAAD",0.388436017571724
"NG-13640_OCILY19_lib236388_5774_8","PCPG",0.310427712319823
"NG-13640_OCILY19_lib236388_5774_8","PRAD",0.355960512506203
"NG-13640_OCILY19_lib236388_5774_8","READ",0.403004662083728
"NG-13640_OCILY19_lib236388_5774_8","SARC",0.376723100928179
"NG-13640_OCILY19_lib236388_5774_8","SKCM",0.457683542363913
"NG-13640_OCILY19_lib236388_5774_8","STAD",0.45109046655522
"NG-13640_OCILY19_lib236388_5774_8","TGCT",0.43094086987447
"NG-13640_OCILY19_lib236388_5774_8","THCA",0.382980345661072
"NG-13640_OCILY19_lib236388_5774_8","THYM",0.452718955313675
"NG-13640_OCILY19_lib236388_5774_8","UCEC",0.443376626691296
"NG-13640_OCILY19_lib236388_5774_8","UCS",0.384006256418356
"NG-13640_OCILY19_lib236388_5774_8","UVM",0.389393037798404
"NG-13640_OCI_LY_3_lib241204_5808_6","ACC",0.348257601185117
"NG-13640_OCI_LY_3_lib241204_5808_6","BLCA",0.43299890432036
"NG-13640_OCI_LY_3_lib241204_5808_6","BRCA",0.431936801244561
"NG-13640_OCI_LY_3_lib241204_5808_6","CESC",0.446616686721993
"NG-13640_OCI_LY_3_lib241204_5808_6","CHOL",0.416975841862721
"NG-13640_OCI_LY_3_lib241204_5808_6","COAD",0.418917877267863
"NG-13640_OCI_LY_3_lib241204_5808_6","DLBC",0.548193578450753
"NG-13640_OCI_LY_3_lib241204_5808_6","ESCA",0.448305271583087
"NG-13640_OCI_LY_3_lib241204_5808_6","GBM",0.30811435549081
"NG-13640_OCI_LY_3_lib241204_5808_6","HNSC",0.416852248560126
"NG-13640_OCI_LY_3_lib241204_5808_6","KICH",0.366408360882558
"NG-13640_OCI_LY_3_lib241204_5808_6","KIRC",0.404648900103993
"NG-13640_OCI_LY_3_lib241204_5808_6","KIRP",0.407605163953606
"NG-13640_OCI_LY_3_lib241204_5808_6","LAML",0.386147458411147
"NG-13640_OCI_LY_3_lib241204_5808_6","LGG",0.251296536060181
"NG-13640_OCI_LY_3_lib241204_5808_6","LIHC",0.377018676872903
"NG-13640_OCI_LY_3_lib241204_5808_6","LUAD",0.489546290482739
"NG-13640_OCI_LY_3_lib241204_5808_6","LUSC",0.450505741686374
"NG-13640_OCI_LY_3_lib241204_5808_6","MESO",0.402732262693816
"NG-13640_OCI_LY_3_lib241204_5808_6","OV",0.415710259869151
"NG-13640_OCI_LY_3_lib241204_5808_6","PAAD",0.425783644710138
"NG-13640_OCI_LY_3_lib241204_5808_6","PCPG",0.278146697307906
"NG-13640_OCI_LY_3_lib241204_5808_6","PRAD",0.344833292854827
"NG-13640_OCI_LY_3_lib241204_5808_6","READ",0.406520714473753
"NG-13640_OCI_LY_3_lib241204_5808_6","SARC",0.333765441513751
"NG-13640_OCI_LY_3_lib241204_5808_6","SKCM",0.434174792853621
"NG-13640_OCI_LY_3_lib241204_5808_6","STAD",0.470613462499235
"NG-13640_OCI_LY_3_lib241204_5808_6","TGCT",0.419594388691119
"NG-13640_OCI_LY_3_lib241204_5808_6","THCA",0.394939377865553
"NG-13640_OCI_LY_3_lib241204_5808_6","THYM",0.419930904223745
"NG-13640_OCI_LY_3_lib241204_5808_6","UCEC",0.444131003649313
"NG-13640_OCI_LY_3_lib241204_5808_6","UCS",0.349765926745513
"NG-13640_OCI_LY_3_lib241204_5808_6","UVM",0.352678551633558
"NG-13640_OCILY7_lib236387_5774_8","ACC",0.325940290215291
"NG-13640_OCILY7_lib236387_5774_8","BLCA",0.385411691113848
"NG-13640_OCILY7_lib236387_5774_8","BRCA",0.40940976051103
"NG-13640_OCILY7_lib236387_5774_8","CESC",0.40348954298956
"NG-13640_OCILY7_lib236387_5774_8","CHOL",0.356648759623267
"NG-13640_OCILY7_lib236387_5774_8","COAD",0.373739762348992
"NG-13640_OCILY7_lib236387_5774_8","DLBC",0.547476613880031
"NG-13640_OCILY7_lib236387_5774_8","ESCA",0.391347776245221
"NG-13640_OCILY7_lib236387_5774_8","GBM",0.300238890813521
"NG-13640_OCILY7_lib236387_5774_8","HNSC",0.362509490437112
"NG-13640_OCILY7_lib236387_5774_8","KICH",0.325630815773691
"NG-13640_OCILY7_lib236387_5774_8","KIRC",0.348697320586885
"NG-13640_OCILY7_lib236387_5774_8","KIRP",0.354102965047649
"NG-13640_OCILY7_lib236387_5774_8","LAML",0.452425775912579
"NG-13640_OCILY7_lib236387_5774_8","LGG",0.254517541720062
"NG-13640_OCILY7_lib236387_5774_8","LIHC",0.333619052346452
"NG-13640_OCILY7_lib236387_5774_8","LUAD",0.44339708139423
"NG-13640_OCILY7_lib236387_5774_8","LUSC",0.398709854422071
"NG-13640_OCILY7_lib236387_5774_8","MESO",0.368766452140164
"NG-13640_OCILY7_lib236387_5774_8","OV",0.399607016396199
"NG-13640_OCILY7_lib236387_5774_8","PAAD",0.37117074260094
"NG-13640_OCILY7_lib236387_5774_8","PCPG",0.261688101969243
"NG-13640_OCILY7_lib236387_5774_8","PRAD",0.339320726888877
"NG-13640_OCILY7_lib236387_5774_8","READ",0.366005343607466
"NG-13640_OCILY7_lib236387_5774_8","SARC",0.301142715727744
"NG-13640_OCILY7_lib236387_5774_8","SKCM",0.413602764634645
"NG-13640_OCILY7_lib236387_5774_8","STAD",0.422224349269673
"NG-13640_OCILY7_lib236387_5774_8","TGCT",0.432245566452518
"NG-13640_OCILY7_lib236387_5774_8","THCA",0.363391040510158
"NG-13640_OCILY7_lib236387_5774_8","THYM",0.441198186350316
"NG-13640_OCILY7_lib236387_5774_8","UCEC",0.419124208091104
"NG-13640_OCILY7_lib236387_5774_8","UCS",0.332537519925038
"NG-13640_OCILY7_lib236387_5774_8","UVM",0.371462458253428
"NG-13640_OPM2_lib236378_5767_8","ACC",0.400118768410905
"NG-13640_OPM2_lib236378_5767_8","BLCA",0.387031063514274
"NG-13640_OPM2_lib236378_5767_8","BRCA",0.43540234105148
"NG-13640_OPM2_lib236378_5767_8","CESC",0.371244338671867
"NG-13640_OPM2_lib236378_5767_8","CHOL",0.40945369110734
"NG-13640_OPM2_lib236378_5767_8","COAD",0.365522627874068
"NG-13640_OPM2_lib236378_5767_8","DLBC",0.262613471769279
"NG-13640_OPM2_lib236378_5767_8","ESCA",0.43655054537969
"NG-13640_OPM2_lib236378_5767_8","GBM",0.346354455303938
"NG-13640_OPM2_lib236378_5767_8","HNSC",0.374820406863959
"NG-13640_OPM2_lib236378_5767_8","KICH",0.382559739544214
"NG-13640_OPM2_lib236378_5767_8","KIRC",0.405828308000556
"NG-13640_OPM2_lib236378_5767_8","KIRP",0.395756949367778
"NG-13640_OPM2_lib236378_5767_8","LAML",0.262921025671901
"NG-13640_OPM2_lib236378_5767_8","LGG",0.321566567465683
"NG-13640_OPM2_lib236378_5767_8","LIHC",0.370310133512248
"NG-13640_OPM2_lib236378_5767_8","LUAD",0.440984264606337
"NG-13640_OPM2_lib236378_5767_8","LUSC",0.419139541553561
"NG-13640_OPM2_lib236378_5767_8","MESO",0.381492373277573
"NG-13640_OPM2_lib236378_5767_8","OV",0.39113122336865
"NG-13640_OPM2_lib236378_5767_8","PAAD",0.401407565084263
"NG-13640_OPM2_lib236378_5767_8","PCPG",0.333543489693758
"NG-13640_OPM2_lib236378_5767_8","PRAD",0.393693779753346
"NG-13640_OPM2_lib236378_5767_8","READ",0.361004534917383
"NG-13640_OPM2_lib236378_5767_8","SARC",0.392189881134138
"NG-13640_OPM2_lib236378_5767_8","SKCM",0.404939808591343
"NG-13640_OPM2_lib236378_5767_8","STAD",0.419852246113831
"NG-13640_OPM2_lib236378_5767_8","TGCT",0.342357603751478
"NG-13640_OPM2_lib236378_5767_8","THCA",0.411482300055522
"NG-13640_OPM2_lib236378_5767_8","THYM",0.34166839370965
"NG-13640_OPM2_lib236378_5767_8","UCEC",0.425137041001261
"NG-13640_OPM2_lib236378_5767_8","UCS",0.392658518819531
"NG-13640_OPM2_lib236378_5767_8","UVM",0.356906756083384
"NG-13640_REC_1_lib241207_5808_6","ACC",0.390714767243059
"NG-13640_REC_1_lib241207_5808_6","BLCA",0.476876289395789
"NG-13640_REC_1_lib241207_5808_6","BRCA",0.489635481796291
"NG-13640_REC_1_lib241207_5808_6","CESC",0.481664795417103
"NG-13640_REC_1_lib241207_5808_6","CHOL",0.422635195159061
"NG-13640_REC_1_lib241207_5808_6","COAD",0.437190191505472
"NG-13640_REC_1_lib241207_5808_6","DLBC",0.519120607230832
"NG-13640_REC_1_lib241207_5808_6","ESCA",0.49161846574787
"NG-13640_REC_1_lib241207_5808_6","GBM",0.34966479829244
"NG-13640_REC_1_lib241207_5808_6","HNSC",0.463033641934333
"NG-13640_REC_1_lib241207_5808_6","KICH",0.381587107901397
"NG-13640_REC_1_lib241207_5808_6","KIRC",0.417687761772766
"NG-13640_REC_1_lib241207_5808_6","KIRP",0.40298539114894
"NG-13640_REC_1_lib241207_5808_6","LAML",0.374112629597309
"NG-13640_REC_1_lib241207_5808_6","LGG",0.300594868856638
"NG-13640_REC_1_lib241207_5808_6","LIHC",0.388857720923203
"NG-13640_REC_1_lib241207_5808_6","LUAD",0.512606506974241
"NG-13640_REC_1_lib241207_5808_6","LUSC",0.501430707074043
"NG-13640_REC_1_lib241207_5808_6","MESO",0.443370470751456
"NG-13640_REC_1_lib241207_5808_6","OV",0.468332548869971
"NG-13640_REC_1_lib241207_5808_6","PAAD",0.457198063411002
"NG-13640_REC_1_lib241207_5808_6","PCPG",0.321263607762913
"NG-13640_REC_1_lib241207_5808_6","PRAD",0.411842447586314
"NG-13640_REC_1_lib241207_5808_6","READ",0.429736974173361
"NG-13640_REC_1_lib241207_5808_6","SARC",0.38152450040233
"NG-13640_REC_1_lib241207_5808_6","SKCM",0.474305915499638
"NG-13640_REC_1_lib241207_5808_6","STAD",0.496627403470047
"NG-13640_REC_1_lib241207_5808_6","TGCT",0.487854444557077
"NG-13640_REC_1_lib241207_5808_6","THCA",0.433501842324403
"NG-13640_REC_1_lib241207_5808_6","THYM",0.461273029498924
"NG-13640_REC_1_lib241207_5808_6","UCEC",0.498354566758815
"NG-13640_REC_1_lib241207_5808_6","UCS",0.440475261539079
"NG-13640_REC_1_lib241207_5808_6","UVM",0.430625148502896
"NG-13640_REH_lib227472_5697_7","ACC",0.36034907787658
"NG-13640_REH_lib227472_5697_7","BLCA",0.386157177222861
"NG-13640_REH_lib227472_5697_7","BRCA",0.438058506866496
"NG-13640_REH_lib227472_5697_7","CESC",0.387788669013105
"NG-13640_REH_lib227472_5697_7","CHOL",0.358870573686477
"NG-13640_REH_lib227472_5697_7","COAD",0.356426952605214
"NG-13640_REH_lib227472_5697_7","DLBC",0.366903185901447
"NG-13640_REH_lib227472_5697_7","ESCA",0.399284591339359
"NG-13640_REH_lib227472_5697_7","GBM",0.368101513295652
"NG-13640_REH_lib227472_5697_7","HNSC",0.371417350894571
"NG-13640_REH_lib227472_5697_7","KICH",0.371108326703603
"NG-13640_REH_lib227472_5697_7","KIRC",0.396520087769434
"NG-13640_REH_lib227472_5697_7","KIRP",0.363219521625006
"NG-13640_REH_lib227472_5697_7","LAML",0.410659871577547
"NG-13640_REH_lib227472_5697_7","LGG",0.307785536555132
"NG-13640_REH_lib227472_5697_7","LIHC",0.329426843445419
"NG-13640_REH_lib227472_5697_7","LUAD",0.418306296633469
"NG-13640_REH_lib227472_5697_7","LUSC",0.388605036244445
"NG-13640_REH_lib227472_5697_7","MESO",0.389207732670937
"NG-13640_REH_lib227472_5697_7","OV",0.398833455113001
"NG-13640_REH_lib227472_5697_7","PAAD",0.366626995337302
"NG-13640_REH_lib227472_5697_7","PCPG",0.312908248312511
"NG-13640_REH_lib227472_5697_7","PRAD",0.370939381558989
"NG-13640_REH_lib227472_5697_7","READ",0.352834019704626
"NG-13640_REH_lib227472_5697_7","SARC",0.420912329427576
"NG-13640_REH_lib227472_5697_7","SKCM",0.443379263979868
"NG-13640_REH_lib227472_5697_7","STAD",0.407266686306405
"NG-13640_REH_lib227472_5697_7","TGCT",0.421560061627931
"NG-13640_REH_lib227472_5697_7","THCA",0.381855190798781
"NG-13640_REH_lib227472_5697_7","THYM",0.435276682918025
"NG-13640_REH_lib227472_5697_7","UCEC",0.427841115415853
"NG-13640_REH_lib227472_5697_7","UCS",0.42171099484849
"NG-13640_REH_lib227472_5697_7","UVM",0.41473155083279
"NG-13640_Ri_1_lib241203_5808_6","ACC",0.345289080751145
"NG-13640_Ri_1_lib241203_5808_6","BLCA",0.440544630555344
"NG-13640_Ri_1_lib241203_5808_6","BRCA",0.458870294099573
"NG-13640_Ri_1_lib241203_5808_6","CESC",0.459315837870971
"NG-13640_Ri_1_lib241203_5808_6","CHOL",0.39885545886402
"NG-13640_Ri_1_lib241203_5808_6","COAD",0.406052577531276
"NG-13640_Ri_1_lib241203_5808_6","DLBC",0.584699323168341
"NG-13640_Ri_1_lib241203_5808_6","ESCA",0.427010121892678
"NG-13640_Ri_1_lib241203_5808_6","GBM",0.315556365916512
"NG-13640_Ri_1_lib241203_5808_6","HNSC",0.40277513386228
"NG-13640_Ri_1_lib241203_5808_6","KICH",0.362050448880422
"NG-13640_Ri_1_lib241203_5808_6","KIRC",0.372834422038468
"NG-13640_Ri_1_lib241203_5808_6","KIRP",0.395324954926854
"NG-13640_Ri_1_lib241203_5808_6","LAML",0.445921098861172
"NG-13640_Ri_1_lib241203_5808_6","LGG",0.256883702268046
"NG-13640_Ri_1_lib241203_5808_6","LIHC",0.357063830271747
"NG-13640_Ri_1_lib241203_5808_6","LUAD",0.485810131462141
"NG-13640_Ri_1_lib241203_5808_6","LUSC",0.443943674547189
"NG-13640_Ri_1_lib241203_5808_6","MESO",0.409290986292809
"NG-13640_Ri_1_lib241203_5808_6","OV",0.45809695602854
"NG-13640_Ri_1_lib241203_5808_6","PAAD",0.40728858257757
"NG-13640_Ri_1_lib241203_5808_6","PCPG",0.284344206528845
"NG-13640_Ri_1_lib241203_5808_6","PRAD",0.374392826683901
"NG-13640_Ri_1_lib241203_5808_6","READ",0.399138973238607
"NG-13640_Ri_1_lib241203_5808_6","SARC",0.344140815005853
"NG-13640_Ri_1_lib241203_5808_6","SKCM",0.444494747829759
"NG-13640_Ri_1_lib241203_5808_6","STAD",0.454538474119299
"NG-13640_Ri_1_lib241203_5808_6","TGCT",0.471450825988851
"NG-13640_Ri_1_lib241203_5808_6","THCA",0.403764417155327
"NG-13640_Ri_1_lib241203_5808_6","THYM",0.471191475830147
"NG-13640_Ri_1_lib241203_5808_6","UCEC",0.472760150598177
"NG-13640_Ri_1_lib241203_5808_6","UCS",0.399256371211179
"NG-13640_Ri_1_lib241203_5808_6","UVM",0.406795864386287
"NG-13640_RPMI_8226_lib241212_5808_7","ACC",0.331088375146267
"NG-13640_RPMI_8226_lib241212_5808_7","BLCA",0.478369401130132
"NG-13640_RPMI_8226_lib241212_5808_7","BRCA",0.477001471246632
"NG-13640_RPMI_8226_lib241212_5808_7","CESC",0.475695452613187
"NG-13640_RPMI_8226_lib241212_5808_7","CHOL",0.45011552548409
"NG-13640_RPMI_8226_lib241212_5808_7","COAD",0.45408194645293
"NG-13640_RPMI_8226_lib241212_5808_7","DLBC",0.328481520467244
"NG-13640_RPMI_8226_lib241212_5808_7","ESCA",0.502531550183716
"NG-13640_RPMI_8226_lib241212_5808_7","GBM",0.288163414635043
"NG-13640_RPMI_8226_lib241212_5808_7","HNSC",0.476182435996528
"NG-13640_RPMI_8226_lib241212_5808_7","KICH",0.380461063005458
"NG-13640_RPMI_8226_lib241212_5808_7","KIRC",0.409215369448216
"NG-13640_RPMI_8226_lib241212_5808_7","KIRP",0.39995258737995
"NG-13640_RPMI_8226_lib241212_5808_7","LAML",0.265052888390407
"NG-13640_RPMI_8226_lib241212_5808_7","LGG",0.238559219020959
"NG-13640_RPMI_8226_lib241212_5808_7","LIHC",0.398122078778736
"NG-13640_RPMI_8226_lib241212_5808_7","LUAD",0.514412028945094
"NG-13640_RPMI_8226_lib241212_5808_7","LUSC",0.505929517946134
"NG-13640_RPMI_8226_lib241212_5808_7","MESO",0.419883889673649
"NG-13640_RPMI_8226_lib241212_5808_7","OV",0.426124332647144
"NG-13640_RPMI_8226_lib241212_5808_7","PAAD",0.468844895133476
"NG-13640_RPMI_8226_lib241212_5808_7","PCPG",0.256829125758729
"NG-13640_RPMI_8226_lib241212_5808_7","PRAD",0.392265585303681
"NG-13640_RPMI_8226_lib241212_5808_7","READ",0.445617242783784
"NG-13640_RPMI_8226_lib241212_5808_7","SARC",0.342065367209491
"NG-13640_RPMI_8226_lib241212_5808_7","SKCM",0.419952678603963
"NG-13640_RPMI_8226_lib241212_5808_7","STAD",0.480672816806107
"NG-13640_RPMI_8226_lib241212_5808_7","TGCT",0.381242133728311
"NG-13640_RPMI_8226_lib241212_5808_7","THCA",0.420670236053055
"NG-13640_RPMI_8226_lib241212_5808_7","THYM",0.377363109885921
"NG-13640_RPMI_8226_lib241212_5808_7","UCEC",0.45070740852976
"NG-13640_RPMI_8226_lib241212_5808_7","UCS",0.363091541761522
"NG-13640_RPMI_8226_lib241212_5808_7","UVM",0.361466937651123
"NG-13640_RPMI_8402_lib241221_5808_2","ACC",0.404199629038002
"NG-13640_RPMI_8402_lib241221_5808_2","BLCA",0.383816308742422
"NG-13640_RPMI_8402_lib241221_5808_2","BRCA",0.463532921437274
"NG-13640_RPMI_8402_lib241221_5808_2","CESC",0.379576408409533
"NG-13640_RPMI_8402_lib241221_5808_2","CHOL",0.363302199279463
"NG-13640_RPMI_8402_lib241221_5808_2","COAD",0.347821132231483
"NG-13640_RPMI_8402_lib241221_5808_2","DLBC",0.290848507434016
"NG-13640_RPMI_8402_lib241221_5808_2","ESCA",0.406462352402248
"NG-13640_RPMI_8402_lib241221_5808_2","GBM",0.409565822823553
"NG-13640_RPMI_8402_lib241221_5808_2","HNSC",0.36440018694537
"NG-13640_RPMI_8402_lib241221_5808_2","KICH",0.371878395197514
"NG-13640_RPMI_8402_lib241221_5808_2","KIRC",0.422149338045901
"NG-13640_RPMI_8402_lib241221_5808_2","KIRP",0.37816986312206
"NG-13640_RPMI_8402_lib241221_5808_2","LAML",0.353357390855654
"NG-13640_RPMI_8402_lib241221_5808_2","LGG",0.390504824887477
"NG-13640_RPMI_8402_lib241221_5808_2","LIHC",0.319018236183059
"NG-13640_RPMI_8402_lib241221_5808_2","LUAD",0.415647047291768
"NG-13640_RPMI_8402_lib241221_5808_2","LUSC",0.40854182389933
"NG-13640_RPMI_8402_lib241221_5808_2","MESO",0.416050528914852
"NG-13640_RPMI_8402_lib241221_5808_2","OV",0.403786046153383
"NG-13640_RPMI_8402_lib241221_5808_2","PAAD",0.385616411883368
"NG-13640_RPMI_8402_lib241221_5808_2","PCPG",0.384021589027422
"NG-13640_RPMI_8402_lib241221_5808_2","PRAD",0.41540973044269
"NG-13640_RPMI_8402_lib241221_5808_2","READ",0.343115543385607
"NG-13640_RPMI_8402_lib241221_5808_2","SARC",0.452954989173642
"NG-13640_RPMI_8402_lib241221_5808_2","SKCM",0.437133297597442
"NG-13640_RPMI_8402_lib241221_5808_2","STAD",0.400151724137108
"NG-13640_RPMI_8402_lib241221_5808_2","TGCT",0.434064147055362
"NG-13640_RPMI_8402_lib241221_5808_2","THCA",0.422286472064086
"NG-13640_RPMI_8402_lib241221_5808_2","THYM",0.450753886238018
"NG-13640_RPMI_8402_lib241221_5808_2","UCEC",0.440282696869899
"NG-13640_RPMI_8402_lib241221_5808_2","UCS",0.465600659533599
"NG-13640_RPMI_8402_lib241221_5808_2","UVM",0.39891351130674
"NG-13640_SEM_lib227473_5697_7","ACC",0.442664310094617
"NG-13640_SEM_lib227473_5697_7","BLCA",0.42696611623764
"NG-13640_SEM_lib227473_5697_7","BRCA",0.491361065147338
"NG-13640_SEM_lib227473_5697_7","CESC",0.420143823841464
"NG-13640_SEM_lib227473_5697_7","CHOL",0.400740961098703
"NG-13640_SEM_lib227473_5697_7","COAD",0.393162113530322
"NG-13640_SEM_lib227473_5697_7","DLBC",0.374902418567773
"NG-13640_SEM_lib227473_5697_7","ESCA",0.444705239466894
"NG-13640_SEM_lib227473_5697_7","GBM",0.43808910346394
"NG-13640_SEM_lib227473_5697_7","HNSC",0.407030468967792
"NG-13640_SEM_lib227473_5697_7","KICH",0.405306388643251
"NG-13640_SEM_lib227473_5697_7","KIRC",0.47231348091662
"NG-13640_SEM_lib227473_5697_7","KIRP",0.436967221669961
"NG-13640_SEM_lib227473_5697_7","LAML",0.435498009193116
"NG-13640_SEM_lib227473_5697_7","LGG",0.371867067810191
"NG-13640_SEM_lib227473_5697_7","LIHC",0.357829598388615
"NG-13640_SEM_lib227473_5697_7","LUAD",0.471880597991232
"NG-13640_SEM_lib227473_5697_7","LUSC",0.453731928949754
"NG-13640_SEM_lib227473_5697_7","MESO",0.471007178995745
"NG-13640_SEM_lib227473_5697_7","OV",0.428529468841428
"NG-13640_SEM_lib227473_5697_7","PAAD",0.411399341094419
"NG-13640_SEM_lib227473_5697_7","PCPG",0.369095433726006
"NG-13640_SEM_lib227473_5697_7","PRAD",0.412477478399477
"NG-13640_SEM_lib227473_5697_7","READ",0.381694906744209
"NG-13640_SEM_lib227473_5697_7","SARC",0.503925318459758
"NG-13640_SEM_lib227473_5697_7","SKCM",0.510290764301298
"NG-13640_SEM_lib227473_5697_7","STAD",0.439008605508345
"NG-13640_SEM_lib227473_5697_7","TGCT",0.420308948221197
"NG-13640_SEM_lib227473_5697_7","THCA",0.457159944110517
"NG-13640_SEM_lib227473_5697_7","THYM",0.453479214659452
"NG-13640_SEM_lib227473_5697_7","UCEC",0.453797997754227
"NG-13640_SEM_lib227473_5697_7","UCS",0.453741653634853
"NG-13640_SEM_lib227473_5697_7","UVM",0.429950761450648
"NG-13640_SUDHL4_lib236389_5774_5","ACC",0.308586038980695
"NG-13640_SUDHL4_lib236389_5774_5","BLCA",0.353330616350136
"NG-13640_SUDHL4_lib236389_5774_5","BRCA",0.385662231399184
"NG-13640_SUDHL4_lib236389_5774_5","CESC",0.37512240404735
"NG-13640_SUDHL4_lib236389_5774_5","CHOL",0.323384265559278
"NG-13640_SUDHL4_lib236389_5774_5","COAD",0.347282954438335
"NG-13640_SUDHL4_lib236389_5774_5","DLBC",0.567159438599905
"NG-13640_SUDHL4_lib236389_5774_5","ESCA",0.365510509361515
"NG-13640_SUDHL4_lib236389_5774_5","GBM",0.307414593666877
"NG-13640_SUDHL4_lib236389_5774_5","HNSC",0.356825334111661
"NG-13640_SUDHL4_lib236389_5774_5","KICH",0.284772552796924
"NG-13640_SUDHL4_lib236389_5774_5","KIRC",0.307978851713089
"NG-13640_SUDHL4_lib236389_5774_5","KIRP",0.322123724835449
"NG-13640_SUDHL4_lib236389_5774_5","LAML",0.439906357894553
"NG-13640_SUDHL4_lib236389_5774_5","LGG",0.258875623921379
"NG-13640_SUDHL4_lib236389_5774_5","LIHC",0.298757458857127
"NG-13640_SUDHL4_lib236389_5774_5","LUAD",0.40888843204242
"NG-13640_SUDHL4_lib236389_5774_5","LUSC",0.383969533796804
"NG-13640_SUDHL4_lib236389_5774_5","MESO",0.35781135140464
"NG-13640_SUDHL4_lib236389_5774_5","OV",0.360797364068717
"NG-13640_SUDHL4_lib236389_5774_5","PAAD",0.336654682771487
"NG-13640_SUDHL4_lib236389_5774_5","PCPG",0.266799048802135
"NG-13640_SUDHL4_lib236389_5774_5","PRAD",0.30528485395397
"NG-13640_SUDHL4_lib236389_5774_5","READ",0.336466155211252
"NG-13640_SUDHL4_lib236389_5774_5","SARC",0.292097404240957
"NG-13640_SUDHL4_lib236389_5774_5","SKCM",0.398283761303857
"NG-13640_SUDHL4_lib236389_5774_5","STAD",0.386440713963882
"NG-13640_SUDHL4_lib236389_5774_5","TGCT",0.410667104962592
"NG-13640_SUDHL4_lib236389_5774_5","THCA",0.321563038021014
"NG-13640_SUDHL4_lib236389_5774_5","THYM",0.422231171005512
"NG-13640_SUDHL4_lib236389_5774_5","UCEC",0.375376356199492
"NG-13640_SUDHL4_lib236389_5774_5","UCS",0.315203025260474
"NG-13640_SUDHL4_lib236389_5774_5","UVM",0.344022520374443
"NG-13640_SUDHL6_lib236390_5774_5","ACC",0.346291615511359
"NG-13640_SUDHL6_lib236390_5774_5","BLCA",0.392205363744637
"NG-13640_SUDHL6_lib236390_5774_5","BRCA",0.414179001289643
"NG-13640_SUDHL6_lib236390_5774_5","CESC",0.402229532018012
"NG-13640_SUDHL6_lib236390_5774_5","CHOL",0.351703087977876
"NG-13640_SUDHL6_lib236390_5774_5","COAD",0.360520409581058
"NG-13640_SUDHL6_lib236390_5774_5","DLBC",0.56929479001098
"NG-13640_SUDHL6_lib236390_5774_5","ESCA",0.388724504496729
"NG-13640_SUDHL6_lib236390_5774_5","GBM",0.317080136690952
"NG-13640_SUDHL6_lib236390_5774_5","HNSC",0.356797304054307
"NG-13640_SUDHL6_lib236390_5774_5","KICH",0.317401165563072
"NG-13640_SUDHL6_lib236390_5774_5","KIRC",0.340258267787004
"NG-13640_SUDHL6_lib236390_5774_5","KIRP",0.35423940294202
"NG-13640_SUDHL6_lib236390_5774_5","LAML",0.444990516775653
"NG-13640_SUDHL6_lib236390_5774_5","LGG",0.267521468316311
"NG-13640_SUDHL6_lib236390_5774_5","LIHC",0.334280662715266
"NG-13640_SUDHL6_lib236390_5774_5","LUAD",0.449285725088005
"NG-13640_SUDHL6_lib236390_5774_5","LUSC",0.406221012733429
"NG-13640_SUDHL6_lib236390_5774_5","MESO",0.363313887731727
"NG-13640_SUDHL6_lib236390_5774_5","OV",0.39207862134027
"NG-13640_SUDHL6_lib236390_5774_5","PAAD",0.352404928135388
"NG-13640_SUDHL6_lib236390_5774_5","PCPG",0.295727341566118
"NG-13640_SUDHL6_lib236390_5774_5","PRAD",0.335250553519826
"NG-13640_SUDHL6_lib236390_5774_5","READ",0.350001965808505
"NG-13640_SUDHL6_lib236390_5774_5","SARC",0.319726785132623
"NG-13640_SUDHL6_lib236390_5774_5","SKCM",0.421232853943943
"NG-13640_SUDHL6_lib236390_5774_5","STAD",0.412396658180396
"NG-13640_SUDHL6_lib236390_5774_5","TGCT",0.422877874284203
"NG-13640_SUDHL6_lib236390_5774_5","THCA",0.374638374817533
"NG-13640_SUDHL6_lib236390_5774_5","THYM",0.442904448275841
"NG-13640_SUDHL6_lib236390_5774_5","UCEC",0.411719252953737
"NG-13640_SUDHL6_lib236390_5774_5","UCS",0.347757923738466
"NG-13640_SUDHL6_lib236390_5774_5","UVM",0.353288575900183
"NG-13640_SUP_HD_1_lib241216_5808_7","ACC",0.311172044009598
"NG-13640_SUP_HD_1_lib241216_5808_7","BLCA",0.357912140923071
"NG-13640_SUP_HD_1_lib241216_5808_7","BRCA",0.37943058865171
"NG-13640_SUP_HD_1_lib241216_5808_7","CESC",0.387022360284981
"NG-13640_SUP_HD_1_lib241216_5808_7","CHOL",0.338235455441934
"NG-13640_SUP_HD_1_lib241216_5808_7","COAD",0.340929697067104
"NG-13640_SUP_HD_1_lib241216_5808_7","DLBC",0.342863764947491
"NG-13640_SUP_HD_1_lib241216_5808_7","ESCA",0.403853689645171
"NG-13640_SUP_HD_1_lib241216_5808_7","GBM",0.288814723279645
"NG-13640_SUP_HD_1_lib241216_5808_7","HNSC",0.365452566970068
"NG-13640_SUP_HD_1_lib241216_5808_7","KICH",0.300253211720919
"NG-13640_SUP_HD_1_lib241216_5808_7","KIRC",0.319441060241683
"NG-13640_SUP_HD_1_lib241216_5808_7","KIRP",0.32036470077218
"NG-13640_SUP_HD_1_lib241216_5808_7","LAML",0.234669934419969
"NG-13640_SUP_HD_1_lib241216_5808_7","LGG",0.243208760839504
"NG-13640_SUP_HD_1_lib241216_5808_7","LIHC",0.300179771979946
"NG-13640_SUP_HD_1_lib241216_5808_7","LUAD",0.380880178078234
"NG-13640_SUP_HD_1_lib241216_5808_7","LUSC",0.378643916719764
"NG-13640_SUP_HD_1_lib241216_5808_7","MESO",0.336238548842763
"NG-13640_SUP_HD_1_lib241216_5808_7","OV",0.334290338477378
"NG-13640_SUP_HD_1_lib241216_5808_7","PAAD",0.352635769109695
"NG-13640_SUP_HD_1_lib241216_5808_7","PCPG",0.270984754037651
"NG-13640_SUP_HD_1_lib241216_5808_7","PRAD",0.321415522022589
"NG-13640_SUP_HD_1_lib241216_5808_7","READ",0.329023064765957
"NG-13640_SUP_HD_1_lib241216_5808_7","SARC",0.325492732147092
"NG-13640_SUP_HD_1_lib241216_5808_7","SKCM",0.358894391070847
"NG-13640_SUP_HD_1_lib241216_5808_7","STAD",0.388329780261763
"NG-13640_SUP_HD_1_lib241216_5808_7","TGCT",0.29904194266368
"NG-13640_SUP_HD_1_lib241216_5808_7","THCA",0.308572128433376
"NG-13640_SUP_HD_1_lib241216_5808_7","THYM",0.295520249979046
"NG-13640_SUP_HD_1_lib241216_5808_7","UCEC",0.368753023996329
"NG-13640_SUP_HD_1_lib241216_5808_7","UCS",0.325351788944786
"NG-13640_SUP_HD_1_lib241216_5808_7","UVM",0.274836498896758
"NG-13640_U_266_lib241213_5808_7","ACC",0.344521149058279
"NG-13640_U_266_lib241213_5808_7","BLCA",0.428907161181761
"NG-13640_U_266_lib241213_5808_7","BRCA",0.4148040516271
"NG-13640_U_266_lib241213_5808_7","CESC",0.386719448699355
"NG-13640_U_266_lib241213_5808_7","CHOL",0.355119640563676
"NG-13640_U_266_lib241213_5808_7","COAD",0.345407099569641
"NG-13640_U_266_lib241213_5808_7","DLBC",0.353352851598406
"NG-13640_U_266_lib241213_5808_7","ESCA",0.424519000507794
"NG-13640_U_266_lib241213_5808_7","GBM",0.299479412484994
"NG-13640_U_266_lib241213_5808_7","HNSC",0.390795348323866
"NG-13640_U_266_lib241213_5808_7","KICH",0.339484249787635
"NG-13640_U_266_lib241213_5808_7","KIRC",0.35564788998331
"NG-13640_U_266_lib241213_5808_7","KIRP",0.347216320298624
"NG-13640_U_266_lib241213_5808_7","LAML",0.291686162996268
"NG-13640_U_266_lib241213_5808_7","LGG",0.252131687585855
"NG-13640_U_266_lib241213_5808_7","LIHC",0.336858606286808
"NG-13640_U_266_lib241213_5808_7","LUAD",0.438943111007693
"NG-13640_U_266_lib241213_5808_7","LUSC",0.44637800725449
"NG-13640_U_266_lib241213_5808_7","MESO",0.34257136163963
"NG-13640_U_266_lib241213_5808_7","OV",0.383081673893277
"NG-13640_U_266_lib241213_5808_7","PAAD",0.369159262244945
"NG-13640_U_266_lib241213_5808_7","PCPG",0.278645224967947
"NG-13640_U_266_lib241213_5808_7","PRAD",0.347924885028502
"NG-13640_U_266_lib241213_5808_7","READ",0.339005709952305
"NG-13640_U_266_lib241213_5808_7","SARC",0.327053217536371
"NG-13640_U_266_lib241213_5808_7","SKCM",0.396681718676633
"NG-13640_U_266_lib241213_5808_7","STAD",0.397776898067939
"NG-13640_U_266_lib241213_5808_7","TGCT",0.392423903005132
"NG-13640_U_266_lib241213_5808_7","THCA",0.37727508536251
"NG-13640_U_266_lib241213_5808_7","THYM",0.375985295462215
"NG-13640_U_266_lib241213_5808_7","UCEC",0.385491017804794
"NG-13640_U_266_lib241213_5808_7","UCS",0.329628989866788
"NG-13640_U_266_lib241213_5808_7","UVM",0.333173871502761
"NG-13640_U_2932_lib241205_5808_6","ACC",0.40918653127625
"NG-13640_U_2932_lib241205_5808_6","BLCA",0.440898960629231
"NG-13640_U_2932_lib241205_5808_6","BRCA",0.502358398562764
"NG-13640_U_2932_lib241205_5808_6","CESC",0.464040878181421
"NG-13640_U_2932_lib241205_5808_6","CHOL",0.428932357616746
"NG-13640_U_2932_lib241205_5808_6","COAD",0.418827442591759
"NG-13640_U_2932_lib241205_5808_6","DLBC",0.565519375583916
"NG-13640_U_2932_lib241205_5808_6","ESCA",0.450179238056745
"NG-13640_U_2932_lib241205_5808_6","GBM",0.363118340315312
"NG-13640_U_2932_lib241205_5808_6","HNSC",0.417328614936237
"NG-13640_U_2932_lib241205_5808_6","KICH",0.402654102743641
"NG-13640_U_2932_lib241205_5808_6","KIRC",0.432077376577891
"NG-13640_U_2932_lib241205_5808_6","KIRP",0.429661347355452
"NG-13640_U_2932_lib241205_5808_6","LAML",0.444963158201872
"NG-13640_U_2932_lib241205_5808_6","LGG",0.313704424901062
"NG-13640_U_2932_lib241205_5808_6","LIHC",0.39579360803879
"NG-13640_U_2932_lib241205_5808_6","LUAD",0.523295423941397
"NG-13640_U_2932_lib241205_5808_6","LUSC",0.476431879160092
"NG-13640_U_2932_lib241205_5808_6","MESO",0.438452970611368
"NG-13640_U_2932_lib241205_5808_6","OV",0.46227803943052
"NG-13640_U_2932_lib241205_5808_6","PAAD",0.438670352554527
"NG-13640_U_2932_lib241205_5808_6","PCPG",0.33456129927751
"NG-13640_U_2932_lib241205_5808_6","PRAD",0.419560567337207
"NG-13640_U_2932_lib241205_5808_6","READ",0.407984413606917
"NG-13640_U_2932_lib241205_5808_6","SARC",0.396032003549348
"NG-13640_U_2932_lib241205_5808_6","SKCM",0.478204080444945
"NG-13640_U_2932_lib241205_5808_6","STAD",0.481942844470882
"NG-13640_U_2932_lib241205_5808_6","TGCT",0.4781125883435
"NG-13640_U_2932_lib241205_5808_6","THCA",0.44607453083968
"NG-13640_U_2932_lib241205_5808_6","THYM",0.480410204800669
"NG-13640_U_2932_lib241205_5808_6","UCEC",0.49042564523978
"NG-13640_U_2932_lib241205_5808_6","UCS",0.416886058348819
"NG-13640_U_2932_lib241205_5808_6","UVM",0.422361135493346
"NG-13640_U_2940_lib248378_5885_5","ACC",0.292308808374948
"NG-13640_U_2940_lib248378_5885_5","BLCA",0.404964068232297
"NG-13640_U_2940_lib248378_5885_5","BRCA",0.407650561459236
"NG-13640_U_2940_lib248378_5885_5","CESC",0.45332391177327
"NG-13640_U_2940_lib248378_5885_5","CHOL",0.362386172507555
"NG-13640_U_2940_lib248378_5885_5","COAD",0.392994886457962
"NG-13640_U_2940_lib248378_5885_5","DLBC",0.527646168188416
"NG-13640_U_2940_lib248378_5885_5","ESCA",0.438376806495809
"NG-13640_U_2940_lib248378_5885_5","GBM",0.244329803040016
"NG-13640_U_2940_lib248378_5885_5","HNSC",0.413802855708321
"NG-13640_U_2940_lib248378_5885_5","KICH",0.309810861489249
"NG-13640_U_2940_lib248378_5885_5","KIRC",0.336326663036679
"NG-13640_U_2940_lib248378_5885_5","KIRP",0.339452822085203
"NG-13640_U_2940_lib248378_5885_5","LAML",0.37926956180459
"NG-13640_U_2940_lib248378_5885_5","LGG",0.194291095956694
"NG-13640_U_2940_lib248378_5885_5","LIHC",0.325507353933384
"NG-13640_U_2940_lib248378_5885_5","LUAD",0.458259085064432
"NG-13640_U_2940_lib248378_5885_5","LUSC",0.43537891684373
"NG-13640_U_2940_lib248378_5885_5","MESO",0.349546807654258
"NG-13640_U_2940_lib248378_5885_5","OV",0.369870078677419
"NG-13640_U_2940_lib248378_5885_5","PAAD",0.379878526893833
"NG-13640_U_2940_lib248378_5885_5","PCPG",0.222901638768239
"NG-13640_U_2940_lib248378_5885_5","PRAD",0.304059372947282
"NG-13640_U_2940_lib248378_5885_5","READ",0.379259050450659
"NG-13640_U_2940_lib248378_5885_5","SARC",0.274825721289307
"NG-13640_U_2940_lib248378_5885_5","SKCM",0.394373328206495
"NG-13640_U_2940_lib248378_5885_5","STAD",0.440438022521774
"NG-13640_U_2940_lib248378_5885_5","TGCT",0.375462646396979
"NG-13640_U_2940_lib248378_5885_5","THCA",0.350497242186443
"NG-13640_U_2940_lib248378_5885_5","THYM",0.384839557633909
"NG-13640_U_2940_lib248378_5885_5","UCEC",0.401227630582178
"NG-13640_U_2940_lib248378_5885_5","UCS",0.297420043301396
"NG-13640_U_2940_lib248378_5885_5","UVM",0.329740715714558
"NG-13640_U2946_lib236385_5767_8","ACC",0.370122482199805
"NG-13640_U2946_lib236385_5767_8","BLCA",0.397010834090278
"NG-13640_U2946_lib236385_5767_8","BRCA",0.44038690588833
"NG-13640_U2946_lib236385_5767_8","CESC",0.413309233420588
"NG-13640_U2946_lib236385_5767_8","CHOL",0.377289789746388
"NG-13640_U2946_lib236385_5767_8","COAD",0.380835339886228
"NG-13640_U2946_lib236385_5767_8","DLBC",0.575067830027791
"NG-13640_U2946_lib236385_5767_8","ESCA",0.402447065230116
"NG-13640_U2946_lib236385_5767_8","GBM",0.343476510062059
"NG-13640_U2946_lib236385_5767_8","HNSC",0.382906204568122
"NG-13640_U2946_lib236385_5767_8","KICH",0.349502015754735
"NG-13640_U2946_lib236385_5767_8","KIRC",0.378594428901964
"NG-13640_U2946_lib236385_5767_8","KIRP",0.37855699443306
"NG-13640_U2946_lib236385_5767_8","LAML",0.481904045833757
"NG-13640_U2946_lib236385_5767_8","LGG",0.295302758796898
"NG-13640_U2946_lib236385_5767_8","LIHC",0.35565164688809
"NG-13640_U2946_lib236385_5767_8","LUAD",0.464398144802159
"NG-13640_U2946_lib236385_5767_8","LUSC",0.426435535486951
"NG-13640_U2946_lib236385_5767_8","MESO",0.395050419314356
"NG-13640_U2946_lib236385_5767_8","OV",0.411680900216082
"NG-13640_U2946_lib236385_5767_8","PAAD",0.38185867592588
"NG-13640_U2946_lib236385_5767_8","PCPG",0.320715890456376
"NG-13640_U2946_lib236385_5767_8","PRAD",0.378615438662928
"NG-13640_U2946_lib236385_5767_8","READ",0.372527127123068
"NG-13640_U2946_lib236385_5767_8","SARC",0.349458522826672
"NG-13640_U2946_lib236385_5767_8","SKCM",0.449967396750544
"NG-13640_U2946_lib236385_5767_8","STAD",0.425665528362095
"NG-13640_U2946_lib236385_5767_8","TGCT",0.463635189511296
"NG-13640_U2946_lib236385_5767_8","THCA",0.396624398025682
"NG-13640_U2946_lib236385_5767_8","THYM",0.482296964986914
"NG-13640_U2946_lib236385_5767_8","UCEC",0.427208787152157
"NG-13640_U2946_lib236385_5767_8","UCS",0.369561357803713
"NG-13640_U2946_lib236385_5767_8","UVM",0.410747285555601
"NG-13640_WSUDLCL2_lib236391_5774_5","ACC",0.338736827943786
"NG-13640_WSUDLCL2_lib236391_5774_5","BLCA",0.393537837608525
"NG-13640_WSUDLCL2_lib236391_5774_5","BRCA",0.406689661502333
"NG-13640_WSUDLCL2_lib236391_5774_5","CESC",0.397385932719525
"NG-13640_WSUDLCL2_lib236391_5774_5","CHOL",0.336136038614065
"NG-13640_WSUDLCL2_lib236391_5774_5","COAD",0.353672363988123
"NG-13640_WSUDLCL2_lib236391_5774_5","DLBC",0.582023820077435
"NG-13640_WSUDLCL2_lib236391_5774_5","ESCA",0.378607383987041
"NG-13640_WSUDLCL2_lib236391_5774_5","GBM",0.312421095079631
"NG-13640_WSUDLCL2_lib236391_5774_5","HNSC",0.355668401674158
"NG-13640_WSUDLCL2_lib236391_5774_5","KICH",0.299738915471963
"NG-13640_WSUDLCL2_lib236391_5774_5","KIRC",0.324001129750804
"NG-13640_WSUDLCL2_lib236391_5774_5","KIRP",0.33748833539505
"NG-13640_WSUDLCL2_lib236391_5774_5","LAML",0.46430778599363
"NG-13640_WSUDLCL2_lib236391_5774_5","LGG",0.260972818720169
"NG-13640_WSUDLCL2_lib236391_5774_5","LIHC",0.320459532079161
"NG-13640_WSUDLCL2_lib236391_5774_5","LUAD",0.431122342594497
"NG-13640_WSUDLCL2_lib236391_5774_5","LUSC",0.39833644631712
"NG-13640_WSUDLCL2_lib236391_5774_5","MESO",0.36506737654328
"NG-13640_WSUDLCL2_lib236391_5774_5","OV",0.398060780147752
"NG-13640_WSUDLCL2_lib236391_5774_5","PAAD",0.342275789603656
"NG-13640_WSUDLCL2_lib236391_5774_5","PCPG",0.281250165161802
"NG-13640_WSUDLCL2_lib236391_5774_5","PRAD",0.329676856300523
"NG-13640_WSUDLCL2_lib236391_5774_5","READ",0.34579166612724
"NG-13640_WSUDLCL2_lib236391_5774_5","SARC",0.309045640661174
"NG-13640_WSUDLCL2_lib236391_5774_5","SKCM",0.413590215828101
"NG-13640_WSUDLCL2_lib236391_5774_5","STAD",0.398792970082084
"NG-13640_WSUDLCL2_lib236391_5774_5","TGCT",0.432740245720553
"NG-13640_WSUDLCL2_lib236391_5774_5","THCA",0.366456279136289
"NG-13640_WSUDLCL2_lib236391_5774_5","THYM",0.442672953998014
"NG-13640_WSUDLCL2_lib236391_5774_5","UCEC",0.403490081247599
"NG-13640_WSUDLCL2_lib236391_5774_5","UCS",0.334874468932558
"NG-13640_WSUDLCL2_lib236391_5774_5","UVM",0.368111597923462
"NG-13640_YT_lib248385_5885_5","ACC",0.242968612196879
"NG-13640_YT_lib248385_5885_5","BLCA",0.304851693599488
"NG-13640_YT_lib248385_5885_5","BRCA",0.316628142140063
"NG-13640_YT_lib248385_5885_5","CESC",0.311869555058835
"NG-13640_YT_lib248385_5885_5","CHOL",0.255909019469194
"NG-13640_YT_lib248385_5885_5","COAD",0.279893546693507
"NG-13640_YT_lib248385_5885_5","DLBC",0.300724641395128
"NG-13640_YT_lib248385_5885_5","ESCA",0.341068866489417
"NG-13640_YT_lib248385_5885_5","GBM",0.254903247080908
"NG-13640_YT_lib248385_5885_5","HNSC",0.319896804462089
"NG-13640_YT_lib248385_5885_5","KICH",0.252786356772428
"NG-13640_YT_lib248385_5885_5","KIRC",0.28985018441541
"NG-13640_YT_lib248385_5885_5","KIRP",0.262763351633423
"NG-13640_YT_lib248385_5885_5","LAML",0.289109165360262
"NG-13640_YT_lib248385_5885_5","LGG",0.197145503071322
"NG-13640_YT_lib248385_5885_5","LIHC",0.249439017903866
"NG-13640_YT_lib248385_5885_5","LUAD",0.333369812540487
"NG-13640_YT_lib248385_5885_5","LUSC",0.338304716214702
"NG-13640_YT_lib248385_5885_5","MESO",0.282721709170699
"NG-13640_YT_lib248385_5885_5","OV",0.256315158189418
"NG-13640_YT_lib248385_5885_5","PAAD",0.276506822839926
"NG-13640_YT_lib248385_5885_5","PCPG",0.21031979372918
"NG-13640_YT_lib248385_5885_5","PRAD",0.249757775706562
"NG-13640_YT_lib248385_5885_5","READ",0.264986452034515
"NG-13640_YT_lib248385_5885_5","SARC",0.284058010520351
"NG-13640_YT_lib248385_5885_5","SKCM",0.350353866089313
"NG-13640_YT_lib248385_5885_5","STAD",0.329546649846647
"NG-13640_YT_lib248385_5885_5","TGCT",0.261760093966375
"NG-13640_YT_lib248385_5885_5","THCA",0.258493313612906
"NG-13640_YT_lib248385_5885_5","THYM",0.296567130489916
"NG-13640_YT_lib248385_5885_5","UCEC",0.280312294592913
"NG-13640_YT_lib248385_5885_5","UCS",0.243730904408335
"NG-13640_YT_lib248385_5885_5","UVM",0.22207299611178
"NG-13640_DEL_lib250969_5908_5","ACC",0.341738887208423
"NG-13640_DEL_lib250969_5908_5","BLCA",0.425956343741077
"NG-13640_DEL_lib250969_5908_5","BRCA",0.407068627305395
"NG-13640_DEL_lib250969_5908_5","CESC",0.448163310163148
"NG-13640_DEL_lib250969_5908_5","CHOL",0.398627723115713
"NG-13640_DEL_lib250969_5908_5","COAD",0.378880512620537
"NG-13640_DEL_lib250969_5908_5","DLBC",0.26010950987708
"NG-13640_DEL_lib250969_5908_5","ESCA",0.46736976217619
"NG-13640_DEL_lib250969_5908_5","GBM",0.311427423762384
"NG-13640_DEL_lib250969_5908_5","HNSC",0.444167164707294
"NG-13640_DEL_lib250969_5908_5","KICH",0.329559360185332
"NG-13640_DEL_lib250969_5908_5","KIRC",0.383726246155173
"NG-13640_DEL_lib250969_5908_5","KIRP",0.36658113234892
"NG-13640_DEL_lib250969_5908_5","LAML",0.24222815025501
"NG-13640_DEL_lib250969_5908_5","LGG",0.237621651389735
"NG-13640_DEL_lib250969_5908_5","LIHC",0.351848041675854
"NG-13640_DEL_lib250969_5908_5","LUAD",0.447219103875965
"NG-13640_DEL_lib250969_5908_5","LUSC",0.442760157827341
"NG-13640_DEL_lib250969_5908_5","MESO",0.416291328566811
"NG-13640_DEL_lib250969_5908_5","OV",0.365743740991433
"NG-13640_DEL_lib250969_5908_5","PAAD",0.406599801820889
"NG-13640_DEL_lib250969_5908_5","PCPG",0.263767318956804
"NG-13640_DEL_lib250969_5908_5","PRAD",0.34513926950952
"NG-13640_DEL_lib250969_5908_5","READ",0.366591959153059
"NG-13640_DEL_lib250969_5908_5","SARC",0.383572842675162
"NG-13640_DEL_lib250969_5908_5","SKCM",0.435038840938864
"NG-13640_DEL_lib250969_5908_5","STAD",0.424033475202443
"NG-13640_DEL_lib250969_5908_5","TGCT",0.293874507519569
"NG-13640_DEL_lib250969_5908_5","THCA",0.358809375071531
"NG-13640_DEL_lib250969_5908_5","THYM",0.306875817124816
"NG-13640_DEL_lib250969_5908_5","UCEC",0.399466374101245
"NG-13640_DEL_lib250969_5908_5","UCS",0.35595358888244
"NG-13640_DEL_lib250969_5908_5","UVM",0.326517704124392
"NG-13640_SR_786_lib248387_5885_5","ACC",0.311345563609706
"NG-13640_SR_786_lib248387_5885_5","BLCA",0.405558823183479
"NG-13640_SR_786_lib248387_5885_5","BRCA",0.379859044719783
"NG-13640_SR_786_lib248387_5885_5","CESC",0.439237487332438
"NG-13640_SR_786_lib248387_5885_5","CHOL",0.35079603034563
"NG-13640_SR_786_lib248387_5885_5","COAD",0.373974347423827
"NG-13640_SR_786_lib248387_5885_5","DLBC",0.290181206360687
"NG-13640_SR_786_lib248387_5885_5","ESCA",0.445219404597516
"NG-13640_SR_786_lib248387_5885_5","GBM",0.269820327960736
"NG-13640_SR_786_lib248387_5885_5","HNSC",0.424819534704862
"NG-13640_SR_786_lib248387_5885_5","KICH",0.279815644216367
"NG-13640_SR_786_lib248387_5885_5","KIRC",0.329561760739554
"NG-13640_SR_786_lib248387_5885_5","KIRP",0.316906371468615
"NG-13640_SR_786_lib248387_5885_5","LAML",0.27462081858375
"NG-13640_SR_786_lib248387_5885_5","LGG",0.207246745906151
"NG-13640_SR_786_lib248387_5885_5","LIHC",0.314662804808927
"NG-13640_SR_786_lib248387_5885_5","LUAD",0.412116854502295
"NG-13640_SR_786_lib248387_5885_5","LUSC",0.414403658818781
"NG-13640_SR_786_lib248387_5885_5","MESO",0.363978152763393
"NG-13640_SR_786_lib248387_5885_5","OV",0.339152955249936
"NG-13640_SR_786_lib248387_5885_5","PAAD",0.378232667060237
"NG-13640_SR_786_lib248387_5885_5","PCPG",0.241716852034717
"NG-13640_SR_786_lib248387_5885_5","PRAD",0.303677529979695
"NG-13640_SR_786_lib248387_5885_5","READ",0.362853414887587
"NG-13640_SR_786_lib248387_5885_5","SARC",0.331975436471646
"NG-13640_SR_786_lib248387_5885_5","SKCM",0.400726907753274
"NG-13640_SR_786_lib248387_5885_5","STAD",0.416046566192226
"NG-13640_SR_786_lib248387_5885_5","TGCT",0.288029024700062
"NG-13640_SR_786_lib248387_5885_5","THCA",0.32069313185007
"NG-13640_SR_786_lib248387_5885_5","THYM",0.304130487342883
"NG-13640_SR_786_lib248387_5885_5","UCEC",0.366297362440082
"NG-13640_SR_786_lib248387_5885_5","UCS",0.316737548496501
"NG-13640_SR_786_lib248387_5885_5","UVM",0.309911133559307
"NG-13640_SU_DHL_1_lib248388_5885_6","ACC",0.378477212820893
"NG-13640_SU_DHL_1_lib248388_5885_6","BLCA",0.429253058492193
"NG-13640_SU_DHL_1_lib248388_5885_6","BRCA",0.425752167011043
"NG-13640_SU_DHL_1_lib248388_5885_6","CESC",0.451573415135858
"NG-13640_SU_DHL_1_lib248388_5885_6","CHOL",0.413096077740063
"NG-13640_SU_DHL_1_lib248388_5885_6","COAD",0.378053624233
"NG-13640_SU_DHL_1_lib248388_5885_6","DLBC",0.318657121136643
"NG-13640_SU_DHL_1_lib248388_5885_6","ESCA",0.462529931818228
"NG-13640_SU_DHL_1_lib248388_5885_6","GBM",0.336628900862444
"NG-13640_SU_DHL_1_lib248388_5885_6","HNSC",0.436709999825375
"NG-13640_SU_DHL_1_lib248388_5885_6","KICH",0.339632827457499
"NG-13640_SU_DHL_1_lib248388_5885_6","KIRC",0.385487511138452
"NG-13640_SU_DHL_1_lib248388_5885_6","KIRP",0.387667936103949
"NG-13640_SU_DHL_1_lib248388_5885_6","LAML",0.318471470817609
"NG-13640_SU_DHL_1_lib248388_5885_6","LGG",0.266240785970974
"NG-13640_SU_DHL_1_lib248388_5885_6","LIHC",0.362556326384021
"NG-13640_SU_DHL_1_lib248388_5885_6","LUAD",0.438031341958799
"NG-13640_SU_DHL_1_lib248388_5885_6","LUSC",0.441680029182776
"NG-13640_SU_DHL_1_lib248388_5885_6","MESO",0.434497427994781
"NG-13640_SU_DHL_1_lib248388_5885_6","OV",0.397657970760586
"NG-13640_SU_DHL_1_lib248388_5885_6","PAAD",0.406749395140976
"NG-13640_SU_DHL_1_lib248388_5885_6","PCPG",0.301606346142437
"NG-13640_SU_DHL_1_lib248388_5885_6","PRAD",0.355644865964738
"NG-13640_SU_DHL_1_lib248388_5885_6","READ",0.367424369316428
"NG-13640_SU_DHL_1_lib248388_5885_6","SARC",0.396108301850111
"NG-13640_SU_DHL_1_lib248388_5885_6","SKCM",0.464216555303538
"NG-13640_SU_DHL_1_lib248388_5885_6","STAD",0.431594441171416
"NG-13640_SU_DHL_1_lib248388_5885_6","TGCT",0.355873474193938
"NG-13640_SU_DHL_1_lib248388_5885_6","THCA",0.368022449167905
"NG-13640_SU_DHL_1_lib248388_5885_6","THYM",0.342647576333495
"NG-13640_SU_DHL_1_lib248388_5885_6","UCEC",0.423157498540656
"NG-13640_SU_DHL_1_lib248388_5885_6","UCS",0.385261110339747
"NG-13640_SU_DHL_1_lib248388_5885_6","UVM",0.374569654758086
"NG-13640_SUP_M2_lib248389_5885_6","ACC",0.341378484810493
"NG-13640_SUP_M2_lib248389_5885_6","BLCA",0.399677624772356
"NG-13640_SUP_M2_lib248389_5885_6","BRCA",0.406566536350751
"NG-13640_SUP_M2_lib248389_5885_6","CESC",0.42895822945984
"NG-13640_SUP_M2_lib248389_5885_6","CHOL",0.388928483415976
"NG-13640_SUP_M2_lib248389_5885_6","COAD",0.369207902065217
"NG-13640_SUP_M2_lib248389_5885_6","DLBC",0.239206068223202
"NG-13640_SUP_M2_lib248389_5885_6","ESCA",0.451687764212324
"NG-13640_SUP_M2_lib248389_5885_6","GBM",0.304079006790898
"NG-13640_SUP_M2_lib248389_5885_6","HNSC",0.422334510341435
"NG-13640_SUP_M2_lib248389_5885_6","KICH",0.324861297168417
"NG-13640_SUP_M2_lib248389_5885_6","KIRC",0.389078304959914
"NG-13640_SUP_M2_lib248389_5885_6","KIRP",0.369416049963679
"NG-13640_SUP_M2_lib248389_5885_6","LAML",0.19789014229454
"NG-13640_SUP_M2_lib248389_5885_6","LGG",0.239743318856406
"NG-13640_SUP_M2_lib248389_5885_6","LIHC",0.334580355635864
"NG-13640_SUP_M2_lib248389_5885_6","LUAD",0.422050838032779
"NG-13640_SUP_M2_lib248389_5885_6","LUSC",0.425257781713466
"NG-13640_SUP_M2_lib248389_5885_6","MESO",0.379656983488108
"NG-13640_SUP_M2_lib248389_5885_6","OV",0.361507360092454
"NG-13640_SUP_M2_lib248389_5885_6","PAAD",0.403900248022447
"NG-13640_SUP_M2_lib248389_5885_6","PCPG",0.257753328822056
"NG-13640_SUP_M2_lib248389_5885_6","PRAD",0.342462219635813
"NG-13640_SUP_M2_lib248389_5885_6","READ",0.359729948952306
"NG-13640_SUP_M2_lib248389_5885_6","SARC",0.371799912643438
"NG-13640_SUP_M2_lib248389_5885_6","SKCM",0.407722558321161
"NG-13640_SUP_M2_lib248389_5885_6","STAD",0.411505436972807
"NG-13640_SUP_M2_lib248389_5885_6","TGCT",0.275745334032555
"NG-13640_SUP_M2_lib248389_5885_6","THCA",0.358828718121317
"NG-13640_SUP_M2_lib248389_5885_6","THYM",0.290294549479457
"NG-13640_SUP_M2_lib248389_5885_6","UCEC",0.392221016230165
"NG-13640_SUP_M2_lib248389_5885_6","UCS",0.352823513091238
"NG-13640_SUP_M2_lib248389_5885_6","UVM",0.315302942142441
"NG-13640_SUP_M2_lib248389_5904_3","ACC",0.328818924805973
"NG-13640_SUP_M2_lib248389_5904_3","BLCA",0.392693718319386
"NG-13640_SUP_M2_lib248389_5904_3","BRCA",0.373725395949103
"NG-13640_SUP_M2_lib248389_5904_3","CESC",0.420736238187984
"NG-13640_SUP_M2_lib248389_5904_3","CHOL",0.361980930895815
"NG-13640_SUP_M2_lib248389_5904_3","COAD",0.34857910683197
"NG-13640_SUP_M2_lib248389_5904_3","DLBC",0.270420686235482
"NG-13640_SUP_M2_lib248389_5904_3","ESCA",0.427883179121048
"NG-13640_SUP_M2_lib248389_5904_3","GBM",0.289289585605557
"NG-13640_SUP_M2_lib248389_5904_3","HNSC",0.409036489316847
"NG-13640_SUP_M2_lib248389_5904_3","KICH",0.304898457499046
"NG-13640_SUP_M2_lib248389_5904_3","KIRC",0.359734993005532
"NG-13640_SUP_M2_lib248389_5904_3","KIRP",0.344438532663467
"NG-13640_SUP_M2_lib248389_5904_3","LAML",0.227230842759057
"NG-13640_SUP_M2_lib248389_5904_3","LGG",0.228548895434634
"NG-13640_SUP_M2_lib248389_5904_3","LIHC",0.318748849059991
"NG-13640_SUP_M2_lib248389_5904_3","LUAD",0.401490069091071
"NG-13640_SUP_M2_lib248389_5904_3","LUSC",0.407822078524374
"NG-13640_SUP_M2_lib248389_5904_3","MESO",0.357123267830545
"NG-13640_SUP_M2_lib248389_5904_3","OV",0.346639694090087
"NG-13640_SUP_M2_lib248389_5904_3","PAAD",0.368593738220373
"NG-13640_SUP_M2_lib248389_5904_3","PCPG",0.261721879259526
"NG-13640_SUP_M2_lib248389_5904_3","PRAD",0.316090201151368
"NG-13640_SUP_M2_lib248389_5904_3","READ",0.338264023495575
"NG-13640_SUP_M2_lib248389_5904_3","SARC",0.352690186868106
"NG-13640_SUP_M2_lib248389_5904_3","SKCM",0.392765892309472
"NG-13640_SUP_M2_lib248389_5904_3","STAD",0.386378051527041
"NG-13640_SUP_M2_lib248389_5904_3","TGCT",0.278659905252377
"NG-13640_SUP_M2_lib248389_5904_3","THCA",0.328698648053006
"NG-13640_SUP_M2_lib248389_5904_3","THYM",0.298358598992891
"NG-13640_SUP_M2_lib248389_5904_3","UCEC",0.37682776040464
"NG-13640_SUP_M2_lib248389_5904_3","UCS",0.335128947512096
"NG-13640_SUP_M2_lib248389_5904_3","UVM",0.303054432123688
"NG-13640_SET_2_lib259821_5981_7","ACC",0.454063051020162
"NG-13640_SET_2_lib259821_5981_7","BLCA",0.48953154189558
"NG-13640_SET_2_lib259821_5981_7","BRCA",0.499996981782183
"NG-13640_SET_2_lib259821_5981_7","CESC",0.44919174419911
"NG-13640_SET_2_lib259821_5981_7","CHOL",0.467742765005246
"NG-13640_SET_2_lib259821_5981_7","COAD",0.428691826396289
"NG-13640_SET_2_lib259821_5981_7","DLBC",0.274782371237597
"NG-13640_SET_2_lib259821_5981_7","ESCA",0.464588901927418
"NG-13640_SET_2_lib259821_5981_7","GBM",0.344555525322241
"NG-13640_SET_2_lib259821_5981_7","HNSC",0.41990754609072
"NG-13640_SET_2_lib259821_5981_7","KICH",0.424158714954672
"NG-13640_SET_2_lib259821_5981_7","KIRC",0.480016400482819
"NG-13640_SET_2_lib259821_5981_7","KIRP",0.431523277452029
"NG-13640_SET_2_lib259821_5981_7","LAML",0.378381706181373
"NG-13640_SET_2_lib259821_5981_7","LGG",0.291283749741168
"NG-13640_SET_2_lib259821_5981_7","LIHC",0.42003623107707
"NG-13640_SET_2_lib259821_5981_7","LUAD",0.508704318601939
"NG-13640_SET_2_lib259821_5981_7","LUSC",0.460602404041417
"NG-13640_SET_2_lib259821_5981_7","MESO",0.465912864895384
"NG-13640_SET_2_lib259821_5981_7","OV",0.471506006154393
"NG-13640_SET_2_lib259821_5981_7","PAAD",0.486188110533447
"NG-13640_SET_2_lib259821_5981_7","PCPG",0.340895159676928
"NG-13640_SET_2_lib259821_5981_7","PRAD",0.431714628819166
"NG-13640_SET_2_lib259821_5981_7","READ",0.426887653465363
"NG-13640_SET_2_lib259821_5981_7","SARC",0.457453463153339
"NG-13640_SET_2_lib259821_5981_7","SKCM",0.459507831315083
"NG-13640_SET_2_lib259821_5981_7","STAD",0.473693906063427
"NG-13640_SET_2_lib259821_5981_7","TGCT",0.425875622901597
"NG-13640_SET_2_lib259821_5981_7","THCA",0.490047978456638
"NG-13640_SET_2_lib259821_5981_7","THYM",0.386299739235996
"NG-13640_SET_2_lib259821_5981_7","UCEC",0.491353194557445
"NG-13640_SET_2_lib259821_5981_7","UCS",0.447657947820716
"NG-13640_SET_2_lib259821_5981_7","UVM",0.421120242279354
"NG-13640_BV_173_lib227468_5681_8","ACC",0.326106945537801
"NG-13640_BV_173_lib227468_5681_8","BLCA",0.37937113804359
"NG-13640_BV_173_lib227468_5681_8","BRCA",0.398299284365605
"NG-13640_BV_173_lib227468_5681_8","CESC",0.411177418698692
"NG-13640_BV_173_lib227468_5681_8","CHOL",0.344849868160905
"NG-13640_BV_173_lib227468_5681_8","COAD",0.382753940311068
"NG-13640_BV_173_lib227468_5681_8","DLBC",0.43237053024555
"NG-13640_BV_173_lib227468_5681_8","ESCA",0.395783859829167
"NG-13640_BV_173_lib227468_5681_8","GBM",0.286427759399752
"NG-13640_BV_173_lib227468_5681_8","HNSC",0.385135081873806
"NG-13640_BV_173_lib227468_5681_8","KICH",0.284527063244747
"NG-13640_BV_173_lib227468_5681_8","KIRC",0.340204314928339
"NG-13640_BV_173_lib227468_5681_8","KIRP",0.323044071936616
"NG-13640_BV_173_lib227468_5681_8","LAML",0.466115496748391
"NG-13640_BV_173_lib227468_5681_8","LGG",0.220443090707363
"NG-13640_BV_173_lib227468_5681_8","LIHC",0.342891403933159
"NG-13640_BV_173_lib227468_5681_8","LUAD",0.417413597986806
"NG-13640_BV_173_lib227468_5681_8","LUSC",0.390805387286745
"NG-13640_BV_173_lib227468_5681_8","MESO",0.368874526094279
"NG-13640_BV_173_lib227468_5681_8","OV",0.373609202909525
"NG-13640_BV_173_lib227468_5681_8","PAAD",0.354495809761396
"NG-13640_BV_173_lib227468_5681_8","PCPG",0.251507259692192
"NG-13640_BV_173_lib227468_5681_8","PRAD",0.2943471670516
"NG-13640_BV_173_lib227468_5681_8","READ",0.371089953309928
"NG-13640_BV_173_lib227468_5681_8","SARC",0.335845232091521
"NG-13640_BV_173_lib227468_5681_8","SKCM",0.426503568718449
"NG-13640_BV_173_lib227468_5681_8","STAD",0.419136073889048
"NG-13640_BV_173_lib227468_5681_8","TGCT",0.401416775295106
"NG-13640_BV_173_lib227468_5681_8","THCA",0.335962416957713
"NG-13640_BV_173_lib227468_5681_8","THYM",0.412719976832175
"NG-13640_BV_173_lib227468_5681_8","UCEC",0.395168576757832
"NG-13640_BV_173_lib227468_5681_8","UCS",0.338382182143011
"NG-13640_BV_173_lib227468_5681_8","UVM",0.368639848612999
"NG-13640_CMK_lib259808_5981_3","ACC",0.41860953757403
"NG-13640_CMK_lib259808_5981_3","BLCA",0.439030820060658
"NG-13640_CMK_lib259808_5981_3","BRCA",0.441585219457605
"NG-13640_CMK_lib259808_5981_3","CESC",0.414176663123115
"NG-13640_CMK_lib259808_5981_3","CHOL",0.420688009485318
"NG-13640_CMK_lib259808_5981_3","COAD",0.403528359086495
"NG-13640_CMK_lib259808_5981_3","DLBC",0.33078683020836
"NG-13640_CMK_lib259808_5981_3","ESCA",0.422617489488527
"NG-13640_CMK_lib259808_5981_3","GBM",0.346770964152391
"NG-13640_CMK_lib259808_5981_3","HNSC",0.392257579492431
"NG-13640_CMK_lib259808_5981_3","KICH",0.376236279108811
"NG-13640_CMK_lib259808_5981_3","KIRC",0.441304129465432
"NG-13640_CMK_lib259808_5981_3","KIRP",0.395545065428353
"NG-13640_CMK_lib259808_5981_3","LAML",0.460868994453823
"NG-13640_CMK_lib259808_5981_3","LGG",0.283656835602477
"NG-13640_CMK_lib259808_5981_3","LIHC",0.384492248738937
"NG-13640_CMK_lib259808_5981_3","LUAD",0.459171130767762
"NG-13640_CMK_lib259808_5981_3","LUSC",0.433261303076735
"NG-13640_CMK_lib259808_5981_3","MESO",0.429816411905005
"NG-13640_CMK_lib259808_5981_3","OV",0.405124277965221
"NG-13640_CMK_lib259808_5981_3","PAAD",0.427274644741338
"NG-13640_CMK_lib259808_5981_3","PCPG",0.333532516626794
"NG-13640_CMK_lib259808_5981_3","PRAD",0.378530888553287
"NG-13640_CMK_lib259808_5981_3","READ",0.399398641565829
"NG-13640_CMK_lib259808_5981_3","SARC",0.42356392957863
"NG-13640_CMK_lib259808_5981_3","SKCM",0.463364425573244
"NG-13640_CMK_lib259808_5981_3","STAD",0.437331004827211
"NG-13640_CMK_lib259808_5981_3","TGCT",0.419800306440886
"NG-13640_CMK_lib259808_5981_3","THCA",0.397701308253922
"NG-13640_CMK_lib259808_5981_3","THYM",0.392401846505254
"NG-13640_CMK_lib259808_5981_3","UCEC",0.435597586040975
"NG-13640_CMK_lib259808_5981_3","UCS",0.414572937986545
"NG-13640_CMK_lib259808_5981_3","UVM",0.406909061616044
"NG-13640_CML_T1_lib259818_5981_7","ACC",0.376420979626662
"NG-13640_CML_T1_lib259818_5981_7","BLCA",0.45843118888825
"NG-13640_CML_T1_lib259818_5981_7","BRCA",0.483082949062349
"NG-13640_CML_T1_lib259818_5981_7","CESC",0.453209283114149
"NG-13640_CML_T1_lib259818_5981_7","CHOL",0.42072517367621
"NG-13640_CML_T1_lib259818_5981_7","COAD",0.425559441937921
"NG-13640_CML_T1_lib259818_5981_7","DLBC",0.364489853357279
"NG-13640_CML_T1_lib259818_5981_7","ESCA",0.486484440213327
"NG-13640_CML_T1_lib259818_5981_7","GBM",0.356019363280071
"NG-13640_CML_T1_lib259818_5981_7","HNSC",0.444296612010012
"NG-13640_CML_T1_lib259818_5981_7","KICH",0.361664547924255
"NG-13640_CML_T1_lib259818_5981_7","KIRC",0.400768024098334
"NG-13640_CML_T1_lib259818_5981_7","KIRP",0.373578961245049
"NG-13640_CML_T1_lib259818_5981_7","LAML",0.367528764942879
"NG-13640_CML_T1_lib259818_5981_7","LGG",0.328732610353515
"NG-13640_CML_T1_lib259818_5981_7","LIHC",0.382076285723426
"NG-13640_CML_T1_lib259818_5981_7","LUAD",0.487796428942863
"NG-13640_CML_T1_lib259818_5981_7","LUSC",0.480733265407263
"NG-13640_CML_T1_lib259818_5981_7","MESO",0.438926466875986
"NG-13640_CML_T1_lib259818_5981_7","OV",0.460896189186333
"NG-13640_CML_T1_lib259818_5981_7","PAAD",0.464018660743267
"NG-13640_CML_T1_lib259818_5981_7","PCPG",0.353531864858886
"NG-13640_CML_T1_lib259818_5981_7","PRAD",0.425524477905399
"NG-13640_CML_T1_lib259818_5981_7","READ",0.423573629260238
"NG-13640_CML_T1_lib259818_5981_7","SARC",0.412177500553519
"NG-13640_CML_T1_lib259818_5981_7","SKCM",0.439912264881698
"NG-13640_CML_T1_lib259818_5981_7","STAD",0.474564641925128
"NG-13640_CML_T1_lib259818_5981_7","TGCT",0.472835715513838
"NG-13640_CML_T1_lib259818_5981_7","THCA",0.429396320525657
"NG-13640_CML_T1_lib259818_5981_7","THYM",0.496617803960127
"NG-13640_CML_T1_lib259818_5981_7","UCEC",0.488919243355618
"NG-13640_CML_T1_lib259818_5981_7","UCS",0.458338897187576
"NG-13640_CML_T1_lib259818_5981_7","UVM",0.414489627612146
"NG-13640_ELF_153_lib259809_5981_3","ACC",0.398804725246287
"NG-13640_ELF_153_lib259809_5981_3","BLCA",0.451621145619952
"NG-13640_ELF_153_lib259809_5981_3","BRCA",0.467576277060875
"NG-13640_ELF_153_lib259809_5981_3","CESC",0.447059956602611
"NG-13640_ELF_153_lib259809_5981_3","CHOL",0.40851616212557
"NG-13640_ELF_153_lib259809_5981_3","COAD",0.419610300271444
"NG-13640_ELF_153_lib259809_5981_3","DLBC",0.365037143156809
"NG-13640_ELF_153_lib259809_5981_3","ESCA",0.446491818791266
"NG-13640_ELF_153_lib259809_5981_3","GBM",0.347016030407335
"NG-13640_ELF_153_lib259809_5981_3","HNSC",0.418364312507568
"NG-13640_ELF_153_lib259809_5981_3","KICH",0.358850692435871
"NG-13640_ELF_153_lib259809_5981_3","KIRC",0.404864880952293
"NG-13640_ELF_153_lib259809_5981_3","KIRP",0.379512458343373
"NG-13640_ELF_153_lib259809_5981_3","LAML",0.526125077094074
"NG-13640_ELF_153_lib259809_5981_3","LGG",0.29826891134523
"NG-13640_ELF_153_lib259809_5981_3","LIHC",0.357866462730541
"NG-13640_ELF_153_lib259809_5981_3","LUAD",0.477785966914413
"NG-13640_ELF_153_lib259809_5981_3","LUSC",0.434051093474589
"NG-13640_ELF_153_lib259809_5981_3","MESO",0.445223171137111
"NG-13640_ELF_153_lib259809_5981_3","OV",0.440741864611382
"NG-13640_ELF_153_lib259809_5981_3","PAAD",0.436176624709746
"NG-13640_ELF_153_lib259809_5981_3","PCPG",0.325674012319246
"NG-13640_ELF_153_lib259809_5981_3","PRAD",0.384055846577321
"NG-13640_ELF_153_lib259809_5981_3","READ",0.415373121061866
"NG-13640_ELF_153_lib259809_5981_3","SARC",0.420022527476764
"NG-13640_ELF_153_lib259809_5981_3","SKCM",0.456696729181724
"NG-13640_ELF_153_lib259809_5981_3","STAD",0.463176516855584
"NG-13640_ELF_153_lib259809_5981_3","TGCT",0.451907357272982
"NG-13640_ELF_153_lib259809_5981_3","THCA",0.42134671809251
"NG-13640_ELF_153_lib259809_5981_3","THYM",0.42267980333044
"NG-13640_ELF_153_lib259809_5981_3","UCEC",0.455852765279433
"NG-13640_ELF_153_lib259809_5981_3","UCS",0.413083379128215
"NG-13640_ELF_153_lib259809_5981_3","UVM",0.421347919732223
"NG-13640_EM_2_lib259814_5981_7","ACC",0.401937480395787
"NG-13640_EM_2_lib259814_5981_7","BLCA",0.471585471560247
"NG-13640_EM_2_lib259814_5981_7","BRCA",0.472956817088246
"NG-13640_EM_2_lib259814_5981_7","CESC",0.471863595233709
"NG-13640_EM_2_lib259814_5981_7","CHOL",0.415719488582455
"NG-13640_EM_2_lib259814_5981_7","COAD",0.421256496942589
"NG-13640_EM_2_lib259814_5981_7","DLBC",0.384810539064645
"NG-13640_EM_2_lib259814_5981_7","ESCA",0.449934799491335
"NG-13640_EM_2_lib259814_5981_7","GBM",0.313974947097176
"NG-13640_EM_2_lib259814_5981_7","HNSC",0.427543161716126
"NG-13640_EM_2_lib259814_5981_7","KICH",0.34752651461576
"NG-13640_EM_2_lib259814_5981_7","KIRC",0.402851063539974
"NG-13640_EM_2_lib259814_5981_7","KIRP",0.406367915754256
"NG-13640_EM_2_lib259814_5981_7","LAML",0.542511729605444
"NG-13640_EM_2_lib259814_5981_7","LGG",0.241568192747983
"NG-13640_EM_2_lib259814_5981_7","LIHC",0.383257883852894
"NG-13640_EM_2_lib259814_5981_7","LUAD",0.492584170213821
"NG-13640_EM_2_lib259814_5981_7","LUSC",0.466206586610124
"NG-13640_EM_2_lib259814_5981_7","MESO",0.459540921251653
"NG-13640_EM_2_lib259814_5981_7","OV",0.447469395805471
"NG-13640_EM_2_lib259814_5981_7","PAAD",0.420640320431402
"NG-13640_EM_2_lib259814_5981_7","PCPG",0.288469757163047
"NG-13640_EM_2_lib259814_5981_7","PRAD",0.372964947958307
"NG-13640_EM_2_lib259814_5981_7","READ",0.412953989958736
"NG-13640_EM_2_lib259814_5981_7","SARC",0.394948423337088
"NG-13640_EM_2_lib259814_5981_7","SKCM",0.464106110553244
"NG-13640_EM_2_lib259814_5981_7","STAD",0.451448857690164
"NG-13640_EM_2_lib259814_5981_7","TGCT",0.436253771533083
"NG-13640_EM_2_lib259814_5981_7","THCA",0.407072675517977
"NG-13640_EM_2_lib259814_5981_7","THYM",0.408321533019279
"NG-13640_EM_2_lib259814_5981_7","UCEC",0.458047750899094
"NG-13640_EM_2_lib259814_5981_7","UCS",0.406703635048911
"NG-13640_EM_2_lib259814_5981_7","UVM",0.413988295537576
"NG-13640_EOL_1_lib248390_5885_6","ACC",0.390989146563495
"NG-13640_EOL_1_lib248390_5885_6","BLCA",0.441931000224707
"NG-13640_EOL_1_lib248390_5885_6","BRCA",0.458196591922001
"NG-13640_EOL_1_lib248390_5885_6","CESC",0.454286446314109
"NG-13640_EOL_1_lib248390_5885_6","CHOL",0.397908611557874
"NG-13640_EOL_1_lib248390_5885_6","COAD",0.417885792041218
"NG-13640_EOL_1_lib248390_5885_6","DLBC",0.419849973996224
"NG-13640_EOL_1_lib248390_5885_6","ESCA",0.446396257471227
"NG-13640_EOL_1_lib248390_5885_6","GBM",0.350959812576151
"NG-13640_EOL_1_lib248390_5885_6","HNSC",0.431052365273264
"NG-13640_EOL_1_lib248390_5885_6","KICH",0.327540361156096
"NG-13640_EOL_1_lib248390_5885_6","KIRC",0.407395164513082
"NG-13640_EOL_1_lib248390_5885_6","KIRP",0.388228179722683
"NG-13640_EOL_1_lib248390_5885_6","LAML",0.544219475891718
"NG-13640_EOL_1_lib248390_5885_6","LGG",0.273155846667504
"NG-13640_EOL_1_lib248390_5885_6","LIHC",0.391718444917222
"NG-13640_EOL_1_lib248390_5885_6","LUAD",0.489387608073601
"NG-13640_EOL_1_lib248390_5885_6","LUSC",0.459899199798754
"NG-13640_EOL_1_lib248390_5885_6","MESO",0.456380940822365
"NG-13640_EOL_1_lib248390_5885_6","OV",0.399931327034999
"NG-13640_EOL_1_lib248390_5885_6","PAAD",0.410302730195266
"NG-13640_EOL_1_lib248390_5885_6","PCPG",0.28371384484571
"NG-13640_EOL_1_lib248390_5885_6","PRAD",0.371704989529444
"NG-13640_EOL_1_lib248390_5885_6","READ",0.404765348376827
"NG-13640_EOL_1_lib248390_5885_6","SARC",0.408948360296776
"NG-13640_EOL_1_lib248390_5885_6","SKCM",0.481930241248499
"NG-13640_EOL_1_lib248390_5885_6","STAD",0.456443790819973
"NG-13640_EOL_1_lib248390_5885_6","TGCT",0.417299008824553
"NG-13640_EOL_1_lib248390_5885_6","THCA",0.374010702854958
"NG-13640_EOL_1_lib248390_5885_6","THYM",0.413411971725149
"NG-13640_EOL_1_lib248390_5885_6","UCEC",0.423991834373095
"NG-13640_EOL_1_lib248390_5885_6","UCS",0.366429817741046
"NG-13640_EOL_1_lib248390_5885_6","UVM",0.413252639565899
"NG-13640_F_36P_lib248396_5885_1","ACC",0.4312509524902
"NG-13640_F_36P_lib248396_5885_1","BLCA",0.444673397221029
"NG-13640_F_36P_lib248396_5885_1","BRCA",0.45011179057986
"NG-13640_F_36P_lib248396_5885_1","CESC",0.42750985412527
"NG-13640_F_36P_lib248396_5885_1","CHOL",0.428447950975826
"NG-13640_F_36P_lib248396_5885_1","COAD",0.409334045625157
"NG-13640_F_36P_lib248396_5885_1","DLBC",0.321511880058145
"NG-13640_F_36P_lib248396_5885_1","ESCA",0.441387297471149
"NG-13640_F_36P_lib248396_5885_1","GBM",0.350667356855426
"NG-13640_F_36P_lib248396_5885_1","HNSC",0.408929031029957
"NG-13640_F_36P_lib248396_5885_1","KICH",0.362223854371419
"NG-13640_F_36P_lib248396_5885_1","KIRC",0.426397360371034
"NG-13640_F_36P_lib248396_5885_1","KIRP",0.387412735130987
"NG-13640_F_36P_lib248396_5885_1","LAML",0.39423925350621
"NG-13640_F_36P_lib248396_5885_1","LGG",0.289335732539849
"NG-13640_F_36P_lib248396_5885_1","LIHC",0.402963240407702
"NG-13640_F_36P_lib248396_5885_1","LUAD",0.475474190691086
"NG-13640_F_36P_lib248396_5885_1","LUSC",0.442386303653119
"NG-13640_F_36P_lib248396_5885_1","MESO",0.455980610757439
"NG-13640_F_36P_lib248396_5885_1","OV",0.440274083738934
"NG-13640_F_36P_lib248396_5885_1","PAAD",0.462048895020225
"NG-13640_F_36P_lib248396_5885_1","PCPG",0.32749347093309
"NG-13640_F_36P_lib248396_5885_1","PRAD",0.379014116546825
"NG-13640_F_36P_lib248396_5885_1","READ",0.403384189392857
"NG-13640_F_36P_lib248396_5885_1","SARC",0.426449157293104
"NG-13640_F_36P_lib248396_5885_1","SKCM",0.452023726800582
"NG-13640_F_36P_lib248396_5885_1","STAD",0.456185731493573
"NG-13640_F_36P_lib248396_5885_1","TGCT",0.442577667064013
"NG-13640_F_36P_lib248396_5885_1","THCA",0.411347358443197
"NG-13640_F_36P_lib248396_5885_1","THYM",0.364842215747286
"NG-13640_F_36P_lib248396_5885_1","UCEC",0.448785993595085
"NG-13640_F_36P_lib248396_5885_1","UCS",0.422277212526681
"NG-13640_F_36P_lib248396_5885_1","UVM",0.394623175391237
"NG-13640_HEL_lib248397_5885_1","ACC",0.415782088785285
"NG-13640_HEL_lib248397_5885_1","BLCA",0.423102470123292
"NG-13640_HEL_lib248397_5885_1","BRCA",0.415903074842243
"NG-13640_HEL_lib248397_5885_1","CESC",0.391197785924027
"NG-13640_HEL_lib248397_5885_1","CHOL",0.380017701471856
"NG-13640_HEL_lib248397_5885_1","COAD",0.37703626050206
"NG-13640_HEL_lib248397_5885_1","DLBC",0.261764635573914
"NG-13640_HEL_lib248397_5885_1","ESCA",0.411476799871971
"NG-13640_HEL_lib248397_5885_1","GBM",0.329221385472188
"NG-13640_HEL_lib248397_5885_1","HNSC",0.364185002638435
"NG-13640_HEL_lib248397_5885_1","KICH",0.377847995658142
"NG-13640_HEL_lib248397_5885_1","KIRC",0.430328001823466
"NG-13640_HEL_lib248397_5885_1","KIRP",0.383012059614736
"NG-13640_HEL_lib248397_5885_1","LAML",0.360764221299909
"NG-13640_HEL_lib248397_5885_1","LGG",0.267713365871059
"NG-13640_HEL_lib248397_5885_1","LIHC",0.350659879614347
"NG-13640_HEL_lib248397_5885_1","LUAD",0.422156513883917
"NG-13640_HEL_lib248397_5885_1","LUSC",0.407458493017783
"NG-13640_HEL_lib248397_5885_1","MESO",0.396139796993833
"NG-13640_HEL_lib248397_5885_1","OV",0.399624348019421
"NG-13640_HEL_lib248397_5885_1","PAAD",0.406094134662798
"NG-13640_HEL_lib248397_5885_1","PCPG",0.324037278440021
"NG-13640_HEL_lib248397_5885_1","PRAD",0.37054707117973
"NG-13640_HEL_lib248397_5885_1","READ",0.371404910886322
"NG-13640_HEL_lib248397_5885_1","SARC",0.409825950650078
"NG-13640_HEL_lib248397_5885_1","SKCM",0.427720602019242
"NG-13640_HEL_lib248397_5885_1","STAD",0.414557606966169
"NG-13640_HEL_lib248397_5885_1","TGCT",0.36963689272895
"NG-13640_HEL_lib248397_5885_1","THCA",0.396351828464973
"NG-13640_HEL_lib248397_5885_1","THYM",0.336804544095115
"NG-13640_HEL_lib248397_5885_1","UCEC",0.416135795403949
"NG-13640_HEL_lib248397_5885_1","UCS",0.401362088578304
"NG-13640_HEL_lib248397_5885_1","UVM",0.358698492152427
"NG-13640_HL60_lib236384_5767_8","ACC",0.391506885155796
"NG-13640_HL60_lib236384_5767_8","BLCA",0.407449003253351
"NG-13640_HL60_lib236384_5767_8","BRCA",0.427863680052644
"NG-13640_HL60_lib236384_5767_8","CESC",0.424970525982732
"NG-13640_HL60_lib236384_5767_8","CHOL",0.359724520623701
"NG-13640_HL60_lib236384_5767_8","COAD",0.386894322011598
"NG-13640_HL60_lib236384_5767_8","DLBC",0.36866109208362
"NG-13640_HL60_lib236384_5767_8","ESCA",0.427468603555505
"NG-13640_HL60_lib236384_5767_8","GBM",0.334580400220133
"NG-13640_HL60_lib236384_5767_8","HNSC",0.389631145521005
"NG-13640_HL60_lib236384_5767_8","KICH",0.335326561187669
"NG-13640_HL60_lib236384_5767_8","KIRC",0.36298122170521
"NG-13640_HL60_lib236384_5767_8","KIRP",0.352453797247798
"NG-13640_HL60_lib236384_5767_8","LAML",0.487232462863631
"NG-13640_HL60_lib236384_5767_8","LGG",0.282077298338963
"NG-13640_HL60_lib236384_5767_8","LIHC",0.3431352434212
"NG-13640_HL60_lib236384_5767_8","LUAD",0.428097677492594
"NG-13640_HL60_lib236384_5767_8","LUSC",0.426058732996377
"NG-13640_HL60_lib236384_5767_8","MESO",0.403879405892372
"NG-13640_HL60_lib236384_5767_8","OV",0.389981650868318
"NG-13640_HL60_lib236384_5767_8","PAAD",0.375403380842963
"NG-13640_HL60_lib236384_5767_8","PCPG",0.303412447515363
"NG-13640_HL60_lib236384_5767_8","PRAD",0.360689943610874
"NG-13640_HL60_lib236384_5767_8","READ",0.372815393125733
"NG-13640_HL60_lib236384_5767_8","SARC",0.387231658485196
"NG-13640_HL60_lib236384_5767_8","SKCM",0.448180698125325
"NG-13640_HL60_lib236384_5767_8","STAD",0.421753355673508
"NG-13640_HL60_lib236384_5767_8","TGCT",0.372283872941004
"NG-13640_HL60_lib236384_5767_8","THCA",0.355905972991809
"NG-13640_HL60_lib236384_5767_8","THYM",0.38315403949138
"NG-13640_HL60_lib236384_5767_8","UCEC",0.408002311040753
"NG-13640_HL60_lib236384_5767_8","UCS",0.389190852448776
"NG-13640_HL60_lib236384_5767_8","UVM",0.359466356022063
"NG-13640_K_562_RNA_lib206692_5568_1","ACC",0.391088408054371
"NG-13640_K_562_RNA_lib206692_5568_1","BLCA",0.470188726159636
"NG-13640_K_562_RNA_lib206692_5568_1","BRCA",0.45314504655624
"NG-13640_K_562_RNA_lib206692_5568_1","CESC",0.44063663885988
"NG-13640_K_562_RNA_lib206692_5568_1","CHOL",0.414107791370852
"NG-13640_K_562_RNA_lib206692_5568_1","COAD",0.411034542735367
"NG-13640_K_562_RNA_lib206692_5568_1","DLBC",0.213919698703143
"NG-13640_K_562_RNA_lib206692_5568_1","ESCA",0.484433098126265
"NG-13640_K_562_RNA_lib206692_5568_1","GBM",0.273053608372839
"NG-13640_K_562_RNA_lib206692_5568_1","HNSC",0.429782226145045
"NG-13640_K_562_RNA_lib206692_5568_1","KICH",0.361226049413938
"NG-13640_K_562_RNA_lib206692_5568_1","KIRC",0.381928246042399
"NG-13640_K_562_RNA_lib206692_5568_1","KIRP",0.383651665818596
"NG-13640_K_562_RNA_lib206692_5568_1","LAML",0.211224693606222
"NG-13640_K_562_RNA_lib206692_5568_1","LGG",0.226243742582632
"NG-13640_K_562_RNA_lib206692_5568_1","LIHC",0.362375371585096
"NG-13640_K_562_RNA_lib206692_5568_1","LUAD",0.451466837528468
"NG-13640_K_562_RNA_lib206692_5568_1","LUSC",0.471970503457332
"NG-13640_K_562_RNA_lib206692_5568_1","MESO",0.408524061285454
"NG-13640_K_562_RNA_lib206692_5568_1","OV",0.434617254521822
"NG-13640_K_562_RNA_lib206692_5568_1","PAAD",0.443827843893899
"NG-13640_K_562_RNA_lib206692_5568_1","PCPG",0.277022257844972
"NG-13640_K_562_RNA_lib206692_5568_1","PRAD",0.377615351686716
"NG-13640_K_562_RNA_lib206692_5568_1","READ",0.408580517584762
"NG-13640_K_562_RNA_lib206692_5568_1","SARC",0.394803573711743
"NG-13640_K_562_RNA_lib206692_5568_1","SKCM",0.424196395672024
"NG-13640_K_562_RNA_lib206692_5568_1","STAD",0.452959804402708
"NG-13640_K_562_RNA_lib206692_5568_1","TGCT",0.406169625634808
"NG-13640_K_562_RNA_lib206692_5568_1","THCA",0.393626412937239
"NG-13640_K_562_RNA_lib206692_5568_1","THYM",0.295319111972269
"NG-13640_K_562_RNA_lib206692_5568_1","UCEC",0.450683702844634
"NG-13640_K_562_RNA_lib206692_5568_1","UCS",0.440999585870468
"NG-13640_K_562_RNA_lib206692_5568_1","UVM",0.35479609464675
"NG-13640_KASUMI_1_RNA_lib206691_5568_1","ACC",0.416484953969234
"NG-13640_KASUMI_1_RNA_lib206691_5568_1","BLCA",0.452180250105966
"NG-13640_KASUMI_1_RNA_lib206691_5568_1","BRCA",0.493789189334148
"NG-13640_KASUMI_1_RNA_lib206691_5568_1","CESC",0.451567983259951
"NG-13640_KASUMI_1_RNA_lib206691_5568_1","CHOL",0.401193168968912
"NG-13640_KASUMI_1_RNA_lib206691_5568_1","COAD",0.415974223761258
"NG-13640_KASUMI_1_RNA_lib206691_5568_1","DLBC",0.334174861855839
"NG-13640_KASUMI_1_RNA_lib206691_5568_1","ESCA",0.459837478716181
"NG-13640_KASUMI_1_RNA_lib206691_5568_1","GBM",0.37716459081493
"NG-13640_KASUMI_1_RNA_lib206691_5568_1","HNSC",0.435269107616934
"NG-13640_KASUMI_1_RNA_lib206691_5568_1","KICH",0.358088295416135
"NG-13640_KASUMI_1_RNA_lib206691_5568_1","KIRC",0.411781449857907
"NG-13640_KASUMI_1_RNA_lib206691_5568_1","KIRP",0.380379807763908
"NG-13640_KASUMI_1_RNA_lib206691_5568_1","LAML",0.478853192410714
"NG-13640_KASUMI_1_RNA_lib206691_5568_1","LGG",0.314713455430974
"NG-13640_KASUMI_1_RNA_lib206691_5568_1","LIHC",0.357892477770508
"NG-13640_KASUMI_1_RNA_lib206691_5568_1","LUAD",0.479753439034978
"NG-13640_KASUMI_1_RNA_lib206691_5568_1","LUSC",0.465511561764668
"NG-13640_KASUMI_1_RNA_lib206691_5568_1","MESO",0.477311071397277
"NG-13640_KASUMI_1_RNA_lib206691_5568_1","OV",0.447698609205229
"NG-13640_KASUMI_1_RNA_lib206691_5568_1","PAAD",0.432368001197155
"NG-13640_KASUMI_1_RNA_lib206691_5568_1","PCPG",0.335047913511276
"NG-13640_KASUMI_1_RNA_lib206691_5568_1","PRAD",0.400057346415902
"NG-13640_KASUMI_1_RNA_lib206691_5568_1","READ",0.410884054940789
"NG-13640_KASUMI_1_RNA_lib206691_5568_1","SARC",0.481455625428664
"NG-13640_KASUMI_1_RNA_lib206691_5568_1","SKCM",0.493892780451808
"NG-13640_KASUMI_1_RNA_lib206691_5568_1","STAD",0.455356063629129
"NG-13640_KASUMI_1_RNA_lib206691_5568_1","TGCT",0.450159689078106
"NG-13640_KASUMI_1_RNA_lib206691_5568_1","THCA",0.417959672076254
"NG-13640_KASUMI_1_RNA_lib206691_5568_1","THYM",0.400523004788937
"NG-13640_KASUMI_1_RNA_lib206691_5568_1","UCEC",0.466454718250059
"NG-13640_KASUMI_1_RNA_lib206691_5568_1","UCS",0.478738238119756
"NG-13640_KASUMI_1_RNA_lib206691_5568_1","UVM",0.433001326393782
"NG-13640_KCL_22_lib259815_5981_7","ACC",0.449368394899845
"NG-13640_KCL_22_lib259815_5981_7","BLCA",0.484239411305302
"NG-13640_KCL_22_lib259815_5981_7","BRCA",0.498552507960981
"NG-13640_KCL_22_lib259815_5981_7","CESC",0.470439473184785
"NG-13640_KCL_22_lib259815_5981_7","CHOL",0.452225038314887
"NG-13640_KCL_22_lib259815_5981_7","COAD",0.42109145457717
"NG-13640_KCL_22_lib259815_5981_7","DLBC",0.29513609463578
"NG-13640_KCL_22_lib259815_5981_7","ESCA",0.482064531548771
"NG-13640_KCL_22_lib259815_5981_7","GBM",0.378474568702922
"NG-13640_KCL_22_lib259815_5981_7","HNSC",0.447770529149287
"NG-13640_KCL_22_lib259815_5981_7","KICH",0.375992081880408
"NG-13640_KCL_22_lib259815_5981_7","KIRC",0.451857345415946
"NG-13640_KCL_22_lib259815_5981_7","KIRP",0.410594515566742
"NG-13640_KCL_22_lib259815_5981_7","LAML",0.41733061934713
"NG-13640_KCL_22_lib259815_5981_7","LGG",0.312919964551422
"NG-13640_KCL_22_lib259815_5981_7","LIHC",0.401728138792841
"NG-13640_KCL_22_lib259815_5981_7","LUAD",0.505964929011648
"NG-13640_KCL_22_lib259815_5981_7","LUSC",0.476083823630207
"NG-13640_KCL_22_lib259815_5981_7","MESO",0.493928892609002
"NG-13640_KCL_22_lib259815_5981_7","OV",0.464836273455993
"NG-13640_KCL_22_lib259815_5981_7","PAAD",0.460498718434666
"NG-13640_KCL_22_lib259815_5981_7","PCPG",0.350421307290803
"NG-13640_KCL_22_lib259815_5981_7","PRAD",0.40972117944361
"NG-13640_KCL_22_lib259815_5981_7","READ",0.418079758266099
"NG-13640_KCL_22_lib259815_5981_7","SARC",0.486695885654792
"NG-13640_KCL_22_lib259815_5981_7","SKCM",0.493643443208213
"NG-13640_KCL_22_lib259815_5981_7","STAD",0.469657415996251
"NG-13640_KCL_22_lib259815_5981_7","TGCT",0.430957726058704
"NG-13640_KCL_22_lib259815_5981_7","THCA",0.431547592531553
"NG-13640_KCL_22_lib259815_5981_7","THYM",0.380452589355217
"NG-13640_KCL_22_lib259815_5981_7","UCEC",0.484751025310985
"NG-13640_KCL_22_lib259815_5981_7","UCS",0.468881985861712
"NG-13640_KCL_22_lib259815_5981_7","UVM",0.449298954778495
"NG-13640_KG_1_lib248391_5885_6","ACC",0.360299791716951
"NG-13640_KG_1_lib248391_5885_6","BLCA",0.428822051631192
"NG-13640_KG_1_lib248391_5885_6","BRCA",0.441238136734454
"NG-13640_KG_1_lib248391_5885_6","CESC",0.41926679745529
"NG-13640_KG_1_lib248391_5885_6","CHOL",0.381374726313537
"NG-13640_KG_1_lib248391_5885_6","COAD",0.390492085004707
"NG-13640_KG_1_lib248391_5885_6","DLBC",0.393982534625378
"NG-13640_KG_1_lib248391_5885_6","ESCA",0.407788049714275
"NG-13640_KG_1_lib248391_5885_6","GBM",0.317193713376711
"NG-13640_KG_1_lib248391_5885_6","HNSC",0.383558958511376
"NG-13640_KG_1_lib248391_5885_6","KICH",0.322218264418683
"NG-13640_KG_1_lib248391_5885_6","KIRC",0.394129469195961
"NG-13640_KG_1_lib248391_5885_6","KIRP",0.362849588156586
"NG-13640_KG_1_lib248391_5885_6","LAML",0.556166847417359
"NG-13640_KG_1_lib248391_5885_6","LGG",0.250494478476695
"NG-13640_KG_1_lib248391_5885_6","LIHC",0.353963189646524
"NG-13640_KG_1_lib248391_5885_6","LUAD",0.460600001699361
"NG-13640_KG_1_lib248391_5885_6","LUSC",0.412138653900491
"NG-13640_KG_1_lib248391_5885_6","MESO",0.416134699257772
"NG-13640_KG_1_lib248391_5885_6","OV",0.411441278571599
"NG-13640_KG_1_lib248391_5885_6","PAAD",0.398353770355124
"NG-13640_KG_1_lib248391_5885_6","PCPG",0.292481574280851
"NG-13640_KG_1_lib248391_5885_6","PRAD",0.339044608313319
"NG-13640_KG_1_lib248391_5885_6","READ",0.382833136907745
"NG-13640_KG_1_lib248391_5885_6","SARC",0.377418836147408
"NG-13640_KG_1_lib248391_5885_6","SKCM",0.441965125590144
"NG-13640_KG_1_lib248391_5885_6","STAD",0.431036561132238
"NG-13640_KG_1_lib248391_5885_6","TGCT",0.43447250638686
"NG-13640_KG_1_lib248391_5885_6","THCA",0.385332919908108
"NG-13640_KG_1_lib248391_5885_6","THYM",0.433217808673127
"NG-13640_KG_1_lib248391_5885_6","UCEC",0.430122695699349
"NG-13640_KG_1_lib248391_5885_6","UCS",0.367308916432539
"NG-13640_KG_1_lib248391_5885_6","UVM",0.3878577521738
"NG-13640_KU812_lib236377_5767_8","ACC",0.450130060988683
"NG-13640_KU812_lib236377_5767_8","BLCA",0.495822853583277
"NG-13640_KU812_lib236377_5767_8","BRCA",0.508599320358576
"NG-13640_KU812_lib236377_5767_8","CESC",0.446292011438816
"NG-13640_KU812_lib236377_5767_8","CHOL",0.473063764923698
"NG-13640_KU812_lib236377_5767_8","COAD",0.438846646234519
"NG-13640_KU812_lib236377_5767_8","DLBC",0.282536984994847
"NG-13640_KU812_lib236377_5767_8","ESCA",0.486852874323127
"NG-13640_KU812_lib236377_5767_8","GBM",0.354226579937592
"NG-13640_KU812_lib236377_5767_8","HNSC",0.428794303351896
"NG-13640_KU812_lib236377_5767_8","KICH",0.440165159311599
"NG-13640_KU812_lib236377_5767_8","KIRC",0.492400601262028
"NG-13640_KU812_lib236377_5767_8","KIRP",0.453480036831748
"NG-13640_KU812_lib236377_5767_8","LAML",0.402231983192274
"NG-13640_KU812_lib236377_5767_8","LGG",0.302575267648769
"NG-13640_KU812_lib236377_5767_8","LIHC",0.416319179760512
"NG-13640_KU812_lib236377_5767_8","LUAD",0.514910287799652
"NG-13640_KU812_lib236377_5767_8","LUSC",0.478825959380532
"NG-13640_KU812_lib236377_5767_8","MESO",0.462010014070322
"NG-13640_KU812_lib236377_5767_8","OV",0.466909153826516
"NG-13640_KU812_lib236377_5767_8","PAAD",0.495846488286804
"NG-13640_KU812_lib236377_5767_8","PCPG",0.348630780103392
"NG-13640_KU812_lib236377_5767_8","PRAD",0.45988947446779
"NG-13640_KU812_lib236377_5767_8","READ",0.435016273676011
"NG-13640_KU812_lib236377_5767_8","SARC",0.44437138513272
"NG-13640_KU812_lib236377_5767_8","SKCM",0.458919871369134
"NG-13640_KU812_lib236377_5767_8","STAD",0.484152273904099
"NG-13640_KU812_lib236377_5767_8","TGCT",0.413268787510508
"NG-13640_KU812_lib236377_5767_8","THCA",0.491329070887629
"NG-13640_KU812_lib236377_5767_8","THYM",0.403599025749269
"NG-13640_KU812_lib236377_5767_8","UCEC",0.479697448190793
"NG-13640_KU812_lib236377_5767_8","UCS",0.440524136707315
"NG-13640_KU812_lib236377_5767_8","UVM",0.434283624958517
"NG-13640_LAMA_84_lib259816_5981_7","ACC",0.425185318900681
"NG-13640_LAMA_84_lib259816_5981_7","BLCA",0.490380695685483
"NG-13640_LAMA_84_lib259816_5981_7","BRCA",0.479782515468949
"NG-13640_LAMA_84_lib259816_5981_7","CESC",0.482604790728637
"NG-13640_LAMA_84_lib259816_5981_7","CHOL",0.452202106116908
"NG-13640_LAMA_84_lib259816_5981_7","COAD",0.457038168293283
"NG-13640_LAMA_84_lib259816_5981_7","DLBC",0.298802115558334
"NG-13640_LAMA_84_lib259816_5981_7","ESCA",0.483998359636625
"NG-13640_LAMA_84_lib259816_5981_7","GBM",0.304728309416093
"NG-13640_LAMA_84_lib259816_5981_7","HNSC",0.440570884239183
"NG-13640_LAMA_84_lib259816_5981_7","KICH",0.389983583105122
"NG-13640_LAMA_84_lib259816_5981_7","KIRC",0.44479191452137
"NG-13640_LAMA_84_lib259816_5981_7","KIRP",0.424078840799124
"NG-13640_LAMA_84_lib259816_5981_7","LAML",0.397420649139257
"NG-13640_LAMA_84_lib259816_5981_7","LGG",0.244296316588219
"NG-13640_LAMA_84_lib259816_5981_7","LIHC",0.406486472698707
"NG-13640_LAMA_84_lib259816_5981_7","LUAD",0.501432164556635
"NG-13640_LAMA_84_lib259816_5981_7","LUSC",0.472491111444997
"NG-13640_LAMA_84_lib259816_5981_7","MESO",0.446063064654731
"NG-13640_LAMA_84_lib259816_5981_7","OV",0.46199417689036
"NG-13640_LAMA_84_lib259816_5981_7","PAAD",0.48211643661515
"NG-13640_LAMA_84_lib259816_5981_7","PCPG",0.293204970086232
"NG-13640_LAMA_84_lib259816_5981_7","PRAD",0.392985277914921
"NG-13640_LAMA_84_lib259816_5981_7","READ",0.450771002310491
"NG-13640_LAMA_84_lib259816_5981_7","SARC",0.409577592404274
"NG-13640_LAMA_84_lib259816_5981_7","SKCM",0.452370500425694
"NG-13640_LAMA_84_lib259816_5981_7","STAD",0.48820011128978
"NG-13640_LAMA_84_lib259816_5981_7","TGCT",0.412937817391486
"NG-13640_LAMA_84_lib259816_5981_7","THCA",0.440981582735898
"NG-13640_LAMA_84_lib259816_5981_7","THYM",0.365597338207323
"NG-13640_LAMA_84_lib259816_5981_7","UCEC",0.483350721862853
"NG-13640_LAMA_84_lib259816_5981_7","UCS",0.42153475106303
"NG-13640_LAMA_84_lib259816_5981_7","UVM",0.406840783612334
"NG-13640_M_07e_lib259810_5981_3","ACC",0.390321184371426
"NG-13640_M_07e_lib259810_5981_3","BLCA",0.452332184967679
"NG-13640_M_07e_lib259810_5981_3","BRCA",0.455894357975389
"NG-13640_M_07e_lib259810_5981_3","CESC",0.446423545247663
"NG-13640_M_07e_lib259810_5981_3","CHOL",0.430560513633299
"NG-13640_M_07e_lib259810_5981_3","COAD",0.426673239342948
"NG-13640_M_07e_lib259810_5981_3","DLBC",0.312469630618234
"NG-13640_M_07e_lib259810_5981_3","ESCA",0.442099143442096
"NG-13640_M_07e_lib259810_5981_3","GBM",0.313280811796066
"NG-13640_M_07e_lib259810_5981_3","HNSC",0.411798718414248
"NG-13640_M_07e_lib259810_5981_3","KICH",0.356137690479265
"NG-13640_M_07e_lib259810_5981_3","KIRC",0.421401713109271
"NG-13640_M_07e_lib259810_5981_3","KIRP",0.388706518535712
"NG-13640_M_07e_lib259810_5981_3","LAML",0.430430192853328
"NG-13640_M_07e_lib259810_5981_3","LGG",0.254965174800239
"NG-13640_M_07e_lib259810_5981_3","LIHC",0.377258302223292
"NG-13640_M_07e_lib259810_5981_3","LUAD",0.472619024467456
"NG-13640_M_07e_lib259810_5981_3","LUSC",0.432020959146682
"NG-13640_M_07e_lib259810_5981_3","MESO",0.428255245284359
"NG-13640_M_07e_lib259810_5981_3","OV",0.439842177141828
"NG-13640_M_07e_lib259810_5981_3","PAAD",0.454056326903284
"NG-13640_M_07e_lib259810_5981_3","PCPG",0.297810259849335
"NG-13640_M_07e_lib259810_5981_3","PRAD",0.362988704842805
"NG-13640_M_07e_lib259810_5981_3","READ",0.424541564183135
"NG-13640_M_07e_lib259810_5981_3","SARC",0.390976077964512
"NG-13640_M_07e_lib259810_5981_3","SKCM",0.435605133577992
"NG-13640_M_07e_lib259810_5981_3","STAD",0.458801328107647
"NG-13640_M_07e_lib259810_5981_3","TGCT",0.419399560068778
"NG-13640_M_07e_lib259810_5981_3","THCA",0.420020129744065
"NG-13640_M_07e_lib259810_5981_3","THYM",0.382264746787174
"NG-13640_M_07e_lib259810_5981_3","UCEC",0.465958359423057
"NG-13640_M_07e_lib259810_5981_3","UCS",0.41678474676154
"NG-13640_M_07e_lib259810_5981_3","UVM",0.404467612854384
"NG-13640_ME_1_lib248393_5885_6","ACC",0.340868074629835
"NG-13640_ME_1_lib248393_5885_6","BLCA",0.388588740076127
"NG-13640_ME_1_lib248393_5885_6","BRCA",0.386793646109803
"NG-13640_ME_1_lib248393_5885_6","CESC",0.377861671155705
"NG-13640_ME_1_lib248393_5885_6","CHOL",0.335676375421177
"NG-13640_ME_1_lib248393_5885_6","COAD",0.359220115947077
"NG-13640_ME_1_lib248393_5885_6","DLBC",0.360894140652732
"NG-13640_ME_1_lib248393_5885_6","ESCA",0.379565383185428
"NG-13640_ME_1_lib248393_5885_6","GBM",0.30844604420581
"NG-13640_ME_1_lib248393_5885_6","HNSC",0.35846243183023
"NG-13640_ME_1_lib248393_5885_6","KICH",0.288400443787666
"NG-13640_ME_1_lib248393_5885_6","KIRC",0.353509768609131
"NG-13640_ME_1_lib248393_5885_6","KIRP",0.330920045632243
"NG-13640_ME_1_lib248393_5885_6","LAML",0.581576936847251
"NG-13640_ME_1_lib248393_5885_6","LGG",0.248432163709025
"NG-13640_ME_1_lib248393_5885_6","LIHC",0.306987835528189
"NG-13640_ME_1_lib248393_5885_6","LUAD",0.40732964506032
"NG-13640_ME_1_lib248393_5885_6","LUSC",0.378907170928782
"NG-13640_ME_1_lib248393_5885_6","MESO",0.387066426986764
"NG-13640_ME_1_lib248393_5885_6","OV",0.368126746263671
"NG-13640_ME_1_lib248393_5885_6","PAAD",0.370917624386299
"NG-13640_ME_1_lib248393_5885_6","PCPG",0.277731644185967
"NG-13640_ME_1_lib248393_5885_6","PRAD",0.310764498481854
"NG-13640_ME_1_lib248393_5885_6","READ",0.351992018906353
"NG-13640_ME_1_lib248393_5885_6","SARC",0.353414510817907
"NG-13640_ME_1_lib248393_5885_6","SKCM",0.416364862325071
"NG-13640_ME_1_lib248393_5885_6","STAD",0.398622635558006
"NG-13640_ME_1_lib248393_5885_6","TGCT",0.391779958282042
"NG-13640_ME_1_lib248393_5885_6","THCA",0.337357988340845
"NG-13640_ME_1_lib248393_5885_6","THYM",0.385146439618625
"NG-13640_ME_1_lib248393_5885_6","UCEC",0.382339134409501
"NG-13640_ME_1_lib248393_5885_6","UCS",0.341626262230682
"NG-13640_ME_1_lib248393_5885_6","UVM",0.369537731630353
"NG-13640_MEGAL_lib259811_5981_3","ACC",0.381664854022747
"NG-13640_MEGAL_lib259811_5981_3","BLCA",0.418494022497256
"NG-13640_MEGAL_lib259811_5981_3","BRCA",0.444587726574102
"NG-13640_MEGAL_lib259811_5981_3","CESC",0.401216909976087
"NG-13640_MEGAL_lib259811_5981_3","CHOL",0.379201731936675
"NG-13640_MEGAL_lib259811_5981_3","COAD",0.381887207834567
"NG-13640_MEGAL_lib259811_5981_3","DLBC",0.338071266514202
"NG-13640_MEGAL_lib259811_5981_3","ESCA",0.411249503592112
"NG-13640_MEGAL_lib259811_5981_3","GBM",0.357503483666806
"NG-13640_MEGAL_lib259811_5981_3","HNSC",0.366918491092253
"NG-13640_MEGAL_lib259811_5981_3","KICH",0.368071301385048
"NG-13640_MEGAL_lib259811_5981_3","KIRC",0.415838111287462
"NG-13640_MEGAL_lib259811_5981_3","KIRP",0.386489237579329
"NG-13640_MEGAL_lib259811_5981_3","LAML",0.470340093431099
"NG-13640_MEGAL_lib259811_5981_3","LGG",0.30536919272289
"NG-13640_MEGAL_lib259811_5981_3","LIHC",0.337676911218179
"NG-13640_MEGAL_lib259811_5981_3","LUAD",0.435022362956625
"NG-13640_MEGAL_lib259811_5981_3","LUSC",0.390794242432518
"NG-13640_MEGAL_lib259811_5981_3","MESO",0.402287695075014
"NG-13640_MEGAL_lib259811_5981_3","OV",0.420618798157571
"NG-13640_MEGAL_lib259811_5981_3","PAAD",0.419903283712486
"NG-13640_MEGAL_lib259811_5981_3","PCPG",0.325799348326214
"NG-13640_MEGAL_lib259811_5981_3","PRAD",0.366111919807491
"NG-13640_MEGAL_lib259811_5981_3","READ",0.375751076715221
"NG-13640_MEGAL_lib259811_5981_3","SARC",0.408804722185935
"NG-13640_MEGAL_lib259811_5981_3","SKCM",0.43910294754027
"NG-13640_MEGAL_lib259811_5981_3","STAD",0.431442722720296
"NG-13640_MEGAL_lib259811_5981_3","TGCT",0.407531253914169
"NG-13640_MEGAL_lib259811_5981_3","THCA",0.404118343447037
"NG-13640_MEGAL_lib259811_5981_3","THYM",0.414564131097208
"NG-13640_MEGAL_lib259811_5981_3","UCEC",0.451550936538635
"NG-13640_MEGAL_lib259811_5981_3","UCS",0.414884730157907
"NG-13640_MEGAL_lib259811_5981_3","UVM",0.385841975293502
"NG-13640_MKPL_1_lib259812_5981_3","ACC",0.427383942062461
"NG-13640_MKPL_1_lib259812_5981_3","BLCA",0.462966180510602
"NG-13640_MKPL_1_lib259812_5981_3","BRCA",0.464794628102602
"NG-13640_MKPL_1_lib259812_5981_3","CESC",0.423825420633443
"NG-13640_MKPL_1_lib259812_5981_3","CHOL",0.424867707047367
"NG-13640_MKPL_1_lib259812_5981_3","COAD",0.406104699355276
"NG-13640_MKPL_1_lib259812_5981_3","DLBC",0.295668456459393
"NG-13640_MKPL_1_lib259812_5981_3","ESCA",0.421640108808286
"NG-13640_MKPL_1_lib259812_5981_3","GBM",0.329028542944869
"NG-13640_MKPL_1_lib259812_5981_3","HNSC",0.383568400345839
"NG-13640_MKPL_1_lib259812_5981_3","KICH",0.38709885006642
"NG-13640_MKPL_1_lib259812_5981_3","KIRC",0.440459049958352
"NG-13640_MKPL_1_lib259812_5981_3","KIRP",0.404194211392608
"NG-13640_MKPL_1_lib259812_5981_3","LAML",0.406934267981448
"NG-13640_MKPL_1_lib259812_5981_3","LGG",0.275484820331409
"NG-13640_MKPL_1_lib259812_5981_3","LIHC",0.388720298094424
"NG-13640_MKPL_1_lib259812_5981_3","LUAD",0.474897955097628
"NG-13640_MKPL_1_lib259812_5981_3","LUSC",0.429566286154544
"NG-13640_MKPL_1_lib259812_5981_3","MESO",0.438134853770501
"NG-13640_MKPL_1_lib259812_5981_3","OV",0.440900893501166
"NG-13640_MKPL_1_lib259812_5981_3","PAAD",0.450492092921343
"NG-13640_MKPL_1_lib259812_5981_3","PCPG",0.32180073127922
"NG-13640_MKPL_1_lib259812_5981_3","PRAD",0.398669846172697
"NG-13640_MKPL_1_lib259812_5981_3","READ",0.404722796996658
"NG-13640_MKPL_1_lib259812_5981_3","SARC",0.426954383203044
"NG-13640_MKPL_1_lib259812_5981_3","SKCM",0.446284162263689
"NG-13640_MKPL_1_lib259812_5981_3","STAD",0.439907022521169
"NG-13640_MKPL_1_lib259812_5981_3","TGCT",0.415888802639178
"NG-13640_MKPL_1_lib259812_5981_3","THCA",0.433847135624449
"NG-13640_MKPL_1_lib259812_5981_3","THYM",0.374790250244157
"NG-13640_MKPL_1_lib259812_5981_3","UCEC",0.4669831013047
"NG-13640_MKPL_1_lib259812_5981_3","UCS",0.429187935027
"NG-13640_MKPL_1_lib259812_5981_3","UVM",0.405210948625094
"NG-13640_MOLM13_lib236379_5767_8","ACC",0.370005227671943
"NG-13640_MOLM13_lib236379_5767_8","BLCA",0.420995505184864
"NG-13640_MOLM13_lib236379_5767_8","BRCA",0.424478425364409
"NG-13640_MOLM13_lib236379_5767_8","CESC",0.441415735905538
"NG-13640_MOLM13_lib236379_5767_8","CHOL",0.395728073268258
"NG-13640_MOLM13_lib236379_5767_8","COAD",0.418057496922741
"NG-13640_MOLM13_lib236379_5767_8","DLBC",0.377458014751507
"NG-13640_MOLM13_lib236379_5767_8","ESCA",0.428507247816597
"NG-13640_MOLM13_lib236379_5767_8","GBM",0.307709726556407
"NG-13640_MOLM13_lib236379_5767_8","HNSC",0.415462166194469
"NG-13640_MOLM13_lib236379_5767_8","KICH",0.312939310811568
"NG-13640_MOLM13_lib236379_5767_8","KIRC",0.374267378886647
"NG-13640_MOLM13_lib236379_5767_8","KIRP",0.378003989093294
"NG-13640_MOLM13_lib236379_5767_8","LAML",0.520229783687893
"NG-13640_MOLM13_lib236379_5767_8","LGG",0.236440858054229
"NG-13640_MOLM13_lib236379_5767_8","LIHC",0.382957118926331
"NG-13640_MOLM13_lib236379_5767_8","LUAD",0.463791975846918
"NG-13640_MOLM13_lib236379_5767_8","LUSC",0.43383060595313
"NG-13640_MOLM13_lib236379_5767_8","MESO",0.420430786062799
"NG-13640_MOLM13_lib236379_5767_8","OV",0.385780263815081
"NG-13640_MOLM13_lib236379_5767_8","PAAD",0.40248930817178
"NG-13640_MOLM13_lib236379_5767_8","PCPG",0.261839780702619
"NG-13640_MOLM13_lib236379_5767_8","PRAD",0.335691634179183
"NG-13640_MOLM13_lib236379_5767_8","READ",0.406275204317015
"NG-13640_MOLM13_lib236379_5767_8","SARC",0.365694250957942
"NG-13640_MOLM13_lib236379_5767_8","SKCM",0.440269844470471
"NG-13640_MOLM13_lib236379_5767_8","STAD",0.440556591854643
"NG-13640_MOLM13_lib236379_5767_8","TGCT",0.376374764987681
"NG-13640_MOLM13_lib236379_5767_8","THCA",0.361173480230652
"NG-13640_MOLM13_lib236379_5767_8","THYM",0.368441754617585
"NG-13640_MOLM13_lib236379_5767_8","UCEC",0.401677016523616
"NG-13640_MOLM13_lib236379_5767_8","UCS",0.336559817607086
"NG-13640_MOLM13_lib236379_5767_8","UVM",0.395799213051595
"NG-13640_MOLM_20_lib259817_5981_7","ACC",0.449713993898851
"NG-13640_MOLM_20_lib259817_5981_7","BLCA",0.464574210789607
"NG-13640_MOLM_20_lib259817_5981_7","BRCA",0.527362159164608
"NG-13640_MOLM_20_lib259817_5981_7","CESC",0.459225767029781
"NG-13640_MOLM_20_lib259817_5981_7","CHOL",0.460022980624595
"NG-13640_MOLM_20_lib259817_5981_7","COAD",0.413892895824523
"NG-13640_MOLM_20_lib259817_5981_7","DLBC",0.305672355750838
"NG-13640_MOLM_20_lib259817_5981_7","ESCA",0.450522465143076
"NG-13640_MOLM_20_lib259817_5981_7","GBM",0.412378117945922
"NG-13640_MOLM_20_lib259817_5981_7","HNSC",0.414861275067382
"NG-13640_MOLM_20_lib259817_5981_7","KICH",0.438605416197008
"NG-13640_MOLM_20_lib259817_5981_7","KIRC",0.504467531212565
"NG-13640_MOLM_20_lib259817_5981_7","KIRP",0.484431470600649
"NG-13640_MOLM_20_lib259817_5981_7","LAML",0.511407550165479
"NG-13640_MOLM_20_lib259817_5981_7","LGG",0.362413383690777
"NG-13640_MOLM_20_lib259817_5981_7","LIHC",0.391943107949712
"NG-13640_MOLM_20_lib259817_5981_7","LUAD",0.520950025611637
"NG-13640_MOLM_20_lib259817_5981_7","LUSC",0.471757605596016
"NG-13640_MOLM_20_lib259817_5981_7","MESO",0.510298016466407
"NG-13640_MOLM_20_lib259817_5981_7","OV",0.481857491748274
"NG-13640_MOLM_20_lib259817_5981_7","PAAD",0.480002355477418
"NG-13640_MOLM_20_lib259817_5981_7","PCPG",0.376722000623086
"NG-13640_MOLM_20_lib259817_5981_7","PRAD",0.459787635114169
"NG-13640_MOLM_20_lib259817_5981_7","READ",0.408785886503814
"NG-13640_MOLM_20_lib259817_5981_7","SARC",0.480771975457902
"NG-13640_MOLM_20_lib259817_5981_7","SKCM",0.484904968052656
"NG-13640_MOLM_20_lib259817_5981_7","STAD",0.454888438830372
"NG-13640_MOLM_20_lib259817_5981_7","TGCT",0.450299481879895
"NG-13640_MOLM_20_lib259817_5981_7","THCA",0.503220474405737
"NG-13640_MOLM_20_lib259817_5981_7","THYM",0.451706664934851
"NG-13640_MOLM_20_lib259817_5981_7","UCEC",0.505752367238911
"NG-13640_MOLM_20_lib259817_5981_7","UCS",0.472492225652061
"NG-13640_MOLM_20_lib259817_5981_7","UVM",0.464280909359809
"NG-13640_MONO_MAC_6_lib248394_5885_6","ACC",0.422869549998508
"NG-13640_MONO_MAC_6_lib248394_5885_6","BLCA",0.473078186872106
"NG-13640_MONO_MAC_6_lib248394_5885_6","BRCA",0.478829152830106
"NG-13640_MONO_MAC_6_lib248394_5885_6","CESC",0.488278104812329
"NG-13640_MONO_MAC_6_lib248394_5885_6","CHOL",0.441791359608767
"NG-13640_MONO_MAC_6_lib248394_5885_6","COAD",0.43578699666791
"NG-13640_MONO_MAC_6_lib248394_5885_6","DLBC",0.35420709738767
"NG-13640_MONO_MAC_6_lib248394_5885_6","ESCA",0.464746965272806
"NG-13640_MONO_MAC_6_lib248394_5885_6","GBM",0.342828107287113
"NG-13640_MONO_MAC_6_lib248394_5885_6","HNSC",0.452698597254636
"NG-13640_MONO_MAC_6_lib248394_5885_6","KICH",0.362669248157371
"NG-13640_MONO_MAC_6_lib248394_5885_6","KIRC",0.425423938263454
"NG-13640_MONO_MAC_6_lib248394_5885_6","KIRP",0.421746005206026
"NG-13640_MONO_MAC_6_lib248394_5885_6","LAML",0.451354735198664
"NG-13640_MONO_MAC_6_lib248394_5885_6","LGG",0.263676343955425
"NG-13640_MONO_MAC_6_lib248394_5885_6","LIHC",0.414790827743515
"NG-13640_MONO_MAC_6_lib248394_5885_6","LUAD",0.507428302218568
"NG-13640_MONO_MAC_6_lib248394_5885_6","LUSC",0.482933899515723
"NG-13640_MONO_MAC_6_lib248394_5885_6","MESO",0.463068714731146
"NG-13640_MONO_MAC_6_lib248394_5885_6","OV",0.436117419488895
"NG-13640_MONO_MAC_6_lib248394_5885_6","PAAD",0.448640822116807
"NG-13640_MONO_MAC_6_lib248394_5885_6","PCPG",0.293626834983281
"NG-13640_MONO_MAC_6_lib248394_5885_6","PRAD",0.385164377542492
"NG-13640_MONO_MAC_6_lib248394_5885_6","READ",0.428148906382102
"NG-13640_MONO_MAC_6_lib248394_5885_6","SARC",0.43497857647414
"NG-13640_MONO_MAC_6_lib248394_5885_6","SKCM",0.496125876852436
"NG-13640_MONO_MAC_6_lib248394_5885_6","STAD",0.462331856433076
"NG-13640_MONO_MAC_6_lib248394_5885_6","TGCT",0.398143908836933
"NG-13640_MONO_MAC_6_lib248394_5885_6","THCA",0.408678743503796
"NG-13640_MONO_MAC_6_lib248394_5885_6","THYM",0.386015261858648
"NG-13640_MONO_MAC_6_lib248394_5885_6","UCEC",0.464155240258583
"NG-13640_MONO_MAC_6_lib248394_5885_6","UCS",0.41958622379589
"NG-13640_MONO_MAC_6_lib248394_5885_6","UVM",0.437965187622747
"NG-13640_MONO_MAC_6_lib248394_5904_3","ACC",0.399165757972826
"NG-13640_MONO_MAC_6_lib248394_5904_3","BLCA",0.434691482569937
"NG-13640_MONO_MAC_6_lib248394_5904_3","BRCA",0.444564815629164
"NG-13640_MONO_MAC_6_lib248394_5904_3","CESC",0.455871739520034
"NG-13640_MONO_MAC_6_lib248394_5904_3","CHOL",0.410343367039017
"NG-13640_MONO_MAC_6_lib248394_5904_3","COAD",0.40121161518046
"NG-13640_MONO_MAC_6_lib248394_5904_3","DLBC",0.351847291573659
"NG-13640_MONO_MAC_6_lib248394_5904_3","ESCA",0.423224727766924
"NG-13640_MONO_MAC_6_lib248394_5904_3","GBM",0.320657400731754
"NG-13640_MONO_MAC_6_lib248394_5904_3","HNSC",0.418427496837457
"NG-13640_MONO_MAC_6_lib248394_5904_3","KICH",0.336684555032833
"NG-13640_MONO_MAC_6_lib248394_5904_3","KIRC",0.397277513943049
"NG-13640_MONO_MAC_6_lib248394_5904_3","KIRP",0.39860885148589
"NG-13640_MONO_MAC_6_lib248394_5904_3","LAML",0.459943316552543
"NG-13640_MONO_MAC_6_lib248394_5904_3","LGG",0.248947191740875
"NG-13640_MONO_MAC_6_lib248394_5904_3","LIHC",0.386505803876188
"NG-13640_MONO_MAC_6_lib248394_5904_3","LUAD",0.467090050965187
"NG-13640_MONO_MAC_6_lib248394_5904_3","LUSC",0.447165106510968
"NG-13640_MONO_MAC_6_lib248394_5904_3","MESO",0.440262506499554
"NG-13640_MONO_MAC_6_lib248394_5904_3","OV",0.409230958229546
"NG-13640_MONO_MAC_6_lib248394_5904_3","PAAD",0.413010261449444
"NG-13640_MONO_MAC_6_lib248394_5904_3","PCPG",0.282772722060546
"NG-13640_MONO_MAC_6_lib248394_5904_3","PRAD",0.358636167560783
"NG-13640_MONO_MAC_6_lib248394_5904_3","READ",0.393159154972794
"NG-13640_MONO_MAC_6_lib248394_5904_3","SARC",0.409361556613658
"NG-13640_MONO_MAC_6_lib248394_5904_3","SKCM",0.475602536839485
"NG-13640_MONO_MAC_6_lib248394_5904_3","STAD",0.426779432124906
"NG-13640_MONO_MAC_6_lib248394_5904_3","TGCT",0.376422243362213
"NG-13640_MONO_MAC_6_lib248394_5904_3","THCA",0.3757292423358
"NG-13640_MONO_MAC_6_lib248394_5904_3","THYM",0.379763633538464
"NG-13640_MONO_MAC_6_lib248394_5904_3","UCEC",0.428778946000341
"NG-13640_MONO_MAC_6_lib248394_5904_3","UCS",0.391037770855752
"NG-13640_MONO_MAC_6_lib248394_5904_3","UVM",0.419554685800975
"NG-13640_MUTZ_3_lib259806_5981_3","ACC",0.353633945644756
"NG-13640_MUTZ_3_lib259806_5981_3","BLCA",0.416575110892001
"NG-13640_MUTZ_3_lib259806_5981_3","BRCA",0.413433646555151
"NG-13640_MUTZ_3_lib259806_5981_3","CESC",0.425705164011375
"NG-13640_MUTZ_3_lib259806_5981_3","CHOL",0.383330557807911
"NG-13640_MUTZ_3_lib259806_5981_3","COAD",0.413071104201853
"NG-13640_MUTZ_3_lib259806_5981_3","DLBC",0.333987552611284
"NG-13640_MUTZ_3_lib259806_5981_3","ESCA",0.422069900685686
"NG-13640_MUTZ_3_lib259806_5981_3","GBM",0.289572483054056
"NG-13640_MUTZ_3_lib259806_5981_3","HNSC",0.404423428378735
"NG-13640_MUTZ_3_lib259806_5981_3","KICH",0.31521605361594
"NG-13640_MUTZ_3_lib259806_5981_3","KIRC",0.396366424583266
"NG-13640_MUTZ_3_lib259806_5981_3","KIRP",0.364352906033363
"NG-13640_MUTZ_3_lib259806_5981_3","LAML",0.521590135855838
"NG-13640_MUTZ_3_lib259806_5981_3","LGG",0.216775490505677
"NG-13640_MUTZ_3_lib259806_5981_3","LIHC",0.358127516719854
"NG-13640_MUTZ_3_lib259806_5981_3","LUAD",0.466218206000927
"NG-13640_MUTZ_3_lib259806_5981_3","LUSC",0.415685804327444
"NG-13640_MUTZ_3_lib259806_5981_3","MESO",0.406264708506084
"NG-13640_MUTZ_3_lib259806_5981_3","OV",0.374673297114117
"NG-13640_MUTZ_3_lib259806_5981_3","PAAD",0.416812003362888
"NG-13640_MUTZ_3_lib259806_5981_3","PCPG",0.246343507448916
"NG-13640_MUTZ_3_lib259806_5981_3","PRAD",0.314605730409889
"NG-13640_MUTZ_3_lib259806_5981_3","READ",0.400774405142496
"NG-13640_MUTZ_3_lib259806_5981_3","SARC",0.349812667147205
"NG-13640_MUTZ_3_lib259806_5981_3","SKCM",0.425906565012178
"NG-13640_MUTZ_3_lib259806_5981_3","STAD",0.441847777262808
"NG-13640_MUTZ_3_lib259806_5981_3","TGCT",0.383874341769868
"NG-13640_MUTZ_3_lib259806_5981_3","THCA",0.360281983380881
"NG-13640_MUTZ_3_lib259806_5981_3","THYM",0.371943653139683
"NG-13640_MUTZ_3_lib259806_5981_3","UCEC",0.397584299162934
"NG-13640_MUTZ_3_lib259806_5981_3","UCS",0.315333562296577
"NG-13640_MUTZ_3_lib259806_5981_3","UVM",0.36317250082608
"NG-13640_MUTZ_3_lib259806_5991_5","ACC",0.330982527229505
"NG-13640_MUTZ_3_lib259806_5991_5","BLCA",0.393758195064136
"NG-13640_MUTZ_3_lib259806_5991_5","BRCA",0.393714042512639
"NG-13640_MUTZ_3_lib259806_5991_5","CESC",0.399799921853422
"NG-13640_MUTZ_3_lib259806_5991_5","CHOL",0.351692397532599
"NG-13640_MUTZ_3_lib259806_5991_5","COAD",0.39406361724078
"NG-13640_MUTZ_3_lib259806_5991_5","DLBC",0.339092908747727
"NG-13640_MUTZ_3_lib259806_5991_5","ESCA",0.396847853302771
"NG-13640_MUTZ_3_lib259806_5991_5","GBM",0.283684087073472
"NG-13640_MUTZ_3_lib259806_5991_5","HNSC",0.383784163349346
"NG-13640_MUTZ_3_lib259806_5991_5","KICH",0.292593676906954
"NG-13640_MUTZ_3_lib259806_5991_5","KIRC",0.368690113191146
"NG-13640_MUTZ_3_lib259806_5991_5","KIRP",0.337185487591645
"NG-13640_MUTZ_3_lib259806_5991_5","LAML",0.523236141948889
"NG-13640_MUTZ_3_lib259806_5991_5","LGG",0.212042127088786
"NG-13640_MUTZ_3_lib259806_5991_5","LIHC",0.329052818481356
"NG-13640_MUTZ_3_lib259806_5991_5","LUAD",0.440157635607565
"NG-13640_MUTZ_3_lib259806_5991_5","LUSC",0.396745967185099
"NG-13640_MUTZ_3_lib259806_5991_5","MESO",0.388729488323947
"NG-13640_MUTZ_3_lib259806_5991_5","OV",0.352205868699091
"NG-13640_MUTZ_3_lib259806_5991_5","PAAD",0.385891442829405
"NG-13640_MUTZ_3_lib259806_5991_5","PCPG",0.237646505203315
"NG-13640_MUTZ_3_lib259806_5991_5","PRAD",0.289154901397068
"NG-13640_MUTZ_3_lib259806_5991_5","READ",0.380699278719077
"NG-13640_MUTZ_3_lib259806_5991_5","SARC",0.334399505889365
"NG-13640_MUTZ_3_lib259806_5991_5","SKCM",0.416909068689042
"NG-13640_MUTZ_3_lib259806_5991_5","STAD",0.417263549239117
"NG-13640_MUTZ_3_lib259806_5991_5","TGCT",0.370641515751086
"NG-13640_MUTZ_3_lib259806_5991_5","THCA",0.32939497712755
"NG-13640_MUTZ_3_lib259806_5991_5","THYM",0.35958284866414
"NG-13640_MUTZ_3_lib259806_5991_5","UCEC",0.371263771357772
"NG-13640_MUTZ_3_lib259806_5991_5","UCS",0.298095158511772
"NG-13640_MUTZ_3_lib259806_5991_5","UVM",0.350353626040981
"NG-13640_NALM_1_lib265127_5989_8","ACC",0.352890054649723
"NG-13640_NALM_1_lib265127_5989_8","BLCA",0.410736141077859
"NG-13640_NALM_1_lib265127_5989_8","BRCA",0.452983890582094
"NG-13640_NALM_1_lib265127_5989_8","CESC",0.427138488897196
"NG-13640_NALM_1_lib265127_5989_8","CHOL",0.369339341462421
"NG-13640_NALM_1_lib265127_5989_8","COAD",0.388051420081164
"NG-13640_NALM_1_lib265127_5989_8","DLBC",0.421242421634622
"NG-13640_NALM_1_lib265127_5989_8","ESCA",0.414341123506863
"NG-13640_NALM_1_lib265127_5989_8","GBM",0.342601738930722
"NG-13640_NALM_1_lib265127_5989_8","HNSC",0.40373592535319
"NG-13640_NALM_1_lib265127_5989_8","KICH",0.326633029835768
"NG-13640_NALM_1_lib265127_5989_8","KIRC",0.372739338363196
"NG-13640_NALM_1_lib265127_5989_8","KIRP",0.353387915596251
"NG-13640_NALM_1_lib265127_5989_8","LAML",0.449133589356414
"NG-13640_NALM_1_lib265127_5989_8","LGG",0.280167419361784
"NG-13640_NALM_1_lib265127_5989_8","LIHC",0.346079152400227
"NG-13640_NALM_1_lib265127_5989_8","LUAD",0.447731391504771
"NG-13640_NALM_1_lib265127_5989_8","LUSC",0.418270945855239
"NG-13640_NALM_1_lib265127_5989_8","MESO",0.413046196034011
"NG-13640_NALM_1_lib265127_5989_8","OV",0.418112548552993
"NG-13640_NALM_1_lib265127_5989_8","PAAD",0.383611720098516
"NG-13640_NALM_1_lib265127_5989_8","PCPG",0.288641457342907
"NG-13640_NALM_1_lib265127_5989_8","PRAD",0.347552256974451
"NG-13640_NALM_1_lib265127_5989_8","READ",0.380386892392131
"NG-13640_NALM_1_lib265127_5989_8","SARC",0.39399940394502
"NG-13640_NALM_1_lib265127_5989_8","SKCM",0.456442502859756
"NG-13640_NALM_1_lib265127_5989_8","STAD",0.435631477874444
"NG-13640_NALM_1_lib265127_5989_8","TGCT",0.444652232867704
"NG-13640_NALM_1_lib265127_5989_8","THCA",0.390339974853229
"NG-13640_NALM_1_lib265127_5989_8","THYM",0.450200501332532
"NG-13640_NALM_1_lib265127_5989_8","UCEC",0.439156126122794
"NG-13640_NALM_1_lib265127_5989_8","UCS",0.390153220023105
"NG-13640_NALM_1_lib265127_5989_8","UVM",0.406389252000277
"NG-13640_NB4_lib236380_5767_8","ACC",0.385315670612447
"NG-13640_NB4_lib236380_5767_8","BLCA",0.451193256767952
"NG-13640_NB4_lib236380_5767_8","BRCA",0.452010477853384
"NG-13640_NB4_lib236380_5767_8","CESC",0.467893263291056
"NG-13640_NB4_lib236380_5767_8","CHOL",0.397311527238584
"NG-13640_NB4_lib236380_5767_8","COAD",0.418064183446589
"NG-13640_NB4_lib236380_5767_8","DLBC",0.381481606308231
"NG-13640_NB4_lib236380_5767_8","ESCA",0.455399043568736
"NG-13640_NB4_lib236380_5767_8","GBM",0.320420612938801
"NG-13640_NB4_lib236380_5767_8","HNSC",0.433867648778812
"NG-13640_NB4_lib236380_5767_8","KICH",0.323803198977517
"NG-13640_NB4_lib236380_5767_8","KIRC",0.373464472519848
"NG-13640_NB4_lib236380_5767_8","KIRP",0.365773682716362
"NG-13640_NB4_lib236380_5767_8","LAML",0.496710487845925
"NG-13640_NB4_lib236380_5767_8","LGG",0.244579476188179
"NG-13640_NB4_lib236380_5767_8","LIHC",0.36849921528151
"NG-13640_NB4_lib236380_5767_8","LUAD",0.46345406432112
"NG-13640_NB4_lib236380_5767_8","LUSC",0.450108817101416
"NG-13640_NB4_lib236380_5767_8","MESO",0.436573793236259
"NG-13640_NB4_lib236380_5767_8","OV",0.431369664307215
"NG-13640_NB4_lib236380_5767_8","PAAD",0.419447754370888
"NG-13640_NB4_lib236380_5767_8","PCPG",0.270411753410157
"NG-13640_NB4_lib236380_5767_8","PRAD",0.352424735519999
"NG-13640_NB4_lib236380_5767_8","READ",0.412014906760396
"NG-13640_NB4_lib236380_5767_8","SARC",0.399677692178432
"NG-13640_NB4_lib236380_5767_8","SKCM",0.454851180377536
"NG-13640_NB4_lib236380_5767_8","STAD",0.460381448425956
"NG-13640_NB4_lib236380_5767_8","TGCT",0.432848000071318
"NG-13640_NB4_lib236380_5767_8","THCA",0.37606859128216
"NG-13640_NB4_lib236380_5767_8","THYM",0.399417466270159
"NG-13640_NB4_lib236380_5767_8","UCEC",0.449003990706756
"NG-13640_NB4_lib236380_5767_8","UCS",0.408406152156933
"NG-13640_NB4_lib236380_5767_8","UVM",0.400115509044443
"NG-13640_OCI_AML_3_lib248392_5885_6","ACC",0.425117514529964
"NG-13640_OCI_AML_3_lib248392_5885_6","BLCA",0.444237050912344
"NG-13640_OCI_AML_3_lib248392_5885_6","BRCA",0.462373599931304
"NG-13640_OCI_AML_3_lib248392_5885_6","CESC",0.449320910193401
"NG-13640_OCI_AML_3_lib248392_5885_6","CHOL",0.419779753042901
"NG-13640_OCI_AML_3_lib248392_5885_6","COAD",0.397635221997507
"NG-13640_OCI_AML_3_lib248392_5885_6","DLBC",0.299487295793596
"NG-13640_OCI_AML_3_lib248392_5885_6","ESCA",0.438055715551694
"NG-13640_OCI_AML_3_lib248392_5885_6","GBM",0.368456759755666
"NG-13640_OCI_AML_3_lib248392_5885_6","HNSC",0.426674965128648
"NG-13640_OCI_AML_3_lib248392_5885_6","KICH",0.356415933246364
"NG-13640_OCI_AML_3_lib248392_5885_6","KIRC",0.420858743964171
"NG-13640_OCI_AML_3_lib248392_5885_6","KIRP",0.39918809468994
"NG-13640_OCI_AML_3_lib248392_5885_6","LAML",0.37663608297827
"NG-13640_OCI_AML_3_lib248392_5885_6","LGG",0.294176010898855
"NG-13640_OCI_AML_3_lib248392_5885_6","LIHC",0.377298199175106
"NG-13640_OCI_AML_3_lib248392_5885_6","LUAD",0.465935770933878
"NG-13640_OCI_AML_3_lib248392_5885_6","LUSC",0.443919809783434
"NG-13640_OCI_AML_3_lib248392_5885_6","MESO",0.47256085045742
"NG-13640_OCI_AML_3_lib248392_5885_6","OV",0.415966459219447
"NG-13640_OCI_AML_3_lib248392_5885_6","PAAD",0.431689973283861
"NG-13640_OCI_AML_3_lib248392_5885_6","PCPG",0.309314132423693
"NG-13640_OCI_AML_3_lib248392_5885_6","PRAD",0.378204171134833
"NG-13640_OCI_AML_3_lib248392_5885_6","READ",0.389771310796765
"NG-13640_OCI_AML_3_lib248392_5885_6","SARC",0.458293774620122
"NG-13640_OCI_AML_3_lib248392_5885_6","SKCM",0.490639778400034
"NG-13640_OCI_AML_3_lib248392_5885_6","STAD",0.434013758662143
"NG-13640_OCI_AML_3_lib248392_5885_6","TGCT",0.365480399070808
"NG-13640_OCI_AML_3_lib248392_5885_6","THCA",0.387999358414407
"NG-13640_OCI_AML_3_lib248392_5885_6","THYM",0.344298864881853
"NG-13640_OCI_AML_3_lib248392_5885_6","UCEC",0.437203008436244
"NG-13640_OCI_AML_3_lib248392_5885_6","UCS",0.423386178040755
"NG-13640_OCI_AML_3_lib248392_5885_6","UVM",0.430838944667338
"NG-13640_OCI_M2_lib259807_5981_3","ACC",0.49289113293372
"NG-13640_OCI_M2_lib259807_5981_3","BLCA",0.451969733479674
"NG-13640_OCI_M2_lib259807_5981_3","BRCA",0.482433296716723
"NG-13640_OCI_M2_lib259807_5981_3","CESC",0.421021623231426
"NG-13640_OCI_M2_lib259807_5981_3","CHOL",0.420994435081063
"NG-13640_OCI_M2_lib259807_5981_3","COAD",0.383077646309188
"NG-13640_OCI_M2_lib259807_5981_3","DLBC",0.220696375881403
"NG-13640_OCI_M2_lib259807_5981_3","ESCA",0.446692438523023
"NG-13640_OCI_M2_lib259807_5981_3","GBM",0.3836763964019
"NG-13640_OCI_M2_lib259807_5981_3","HNSC",0.390282240128863
"NG-13640_OCI_M2_lib259807_5981_3","KICH",0.42260762280525
"NG-13640_OCI_M2_lib259807_5981_3","KIRC",0.464842270855501
"NG-13640_OCI_M2_lib259807_5981_3","KIRP",0.424504520200406
"NG-13640_OCI_M2_lib259807_5981_3","LAML",0.262626817058456
"NG-13640_OCI_M2_lib259807_5981_3","LGG",0.345566696299195
"NG-13640_OCI_M2_lib259807_5981_3","LIHC",0.384288293885497
"NG-13640_OCI_M2_lib259807_5981_3","LUAD",0.442189246172241
"NG-13640_OCI_M2_lib259807_5981_3","LUSC",0.439216881283534
"NG-13640_OCI_M2_lib259807_5981_3","MESO",0.45299426583351
"NG-13640_OCI_M2_lib259807_5981_3","OV",0.462937923122534
"NG-13640_OCI_M2_lib259807_5981_3","PAAD",0.441843159080024
"NG-13640_OCI_M2_lib259807_5981_3","PCPG",0.3767633355882
"NG-13640_OCI_M2_lib259807_5981_3","PRAD",0.441626467983202
"NG-13640_OCI_M2_lib259807_5981_3","READ",0.384879225808298
"NG-13640_OCI_M2_lib259807_5981_3","SARC",0.496867563988573
"NG-13640_OCI_M2_lib259807_5981_3","SKCM",0.481403064847945
"NG-13640_OCI_M2_lib259807_5981_3","STAD",0.432623177995015
"NG-13640_OCI_M2_lib259807_5981_3","TGCT",0.451229046103023
"NG-13640_OCI_M2_lib259807_5981_3","THCA",0.438232345698549
"NG-13640_OCI_M2_lib259807_5981_3","THYM",0.341762352499399
"NG-13640_OCI_M2_lib259807_5981_3","UCEC",0.480374951923767
"NG-13640_OCI_M2_lib259807_5981_3","UCS",0.535299014649072
"NG-13640_OCI_M2_lib259807_5981_3","UVM",0.443649897821158
"NG-13640_SKNO_1_lib259805_5981_3","ACC",0.406753395271054
"NG-13640_SKNO_1_lib259805_5981_3","BLCA",0.435491266447688
"NG-13640_SKNO_1_lib259805_5981_3","BRCA",0.448980972929641
"NG-13640_SKNO_1_lib259805_5981_3","CESC",0.447482276093971
"NG-13640_SKNO_1_lib259805_5981_3","CHOL",0.404448467904146
"NG-13640_SKNO_1_lib259805_5981_3","COAD",0.412784502311113
"NG-13640_SKNO_1_lib259805_5981_3","DLBC",0.378999814414609
"NG-13640_SKNO_1_lib259805_5981_3","ESCA",0.442860622205744
"NG-13640_SKNO_1_lib259805_5981_3","GBM",0.349268830878457
"NG-13640_SKNO_1_lib259805_5981_3","HNSC",0.414400514432798
"NG-13640_SKNO_1_lib259805_5981_3","KICH",0.328958831054282
"NG-13640_SKNO_1_lib259805_5981_3","KIRC",0.395899937902807
"NG-13640_SKNO_1_lib259805_5981_3","KIRP",0.374761098374182
"NG-13640_SKNO_1_lib259805_5981_3","LAML",0.537029457812537
"NG-13640_SKNO_1_lib259805_5981_3","LGG",0.28204909498168
"NG-13640_SKNO_1_lib259805_5981_3","LIHC",0.373215763724138
"NG-13640_SKNO_1_lib259805_5981_3","LUAD",0.484525645938594
"NG-13640_SKNO_1_lib259805_5981_3","LUSC",0.44645879503494
"NG-13640_SKNO_1_lib259805_5981_3","MESO",0.433340743330389
"NG-13640_SKNO_1_lib259805_5981_3","OV",0.422944922046497
"NG-13640_SKNO_1_lib259805_5981_3","PAAD",0.429251263816169
"NG-13640_SKNO_1_lib259805_5981_3","PCPG",0.308490037490027
"NG-13640_SKNO_1_lib259805_5981_3","PRAD",0.362255788563518
"NG-13640_SKNO_1_lib259805_5981_3","READ",0.406177248980201
"NG-13640_SKNO_1_lib259805_5981_3","SARC",0.414574590428696
"NG-13640_SKNO_1_lib259805_5981_3","SKCM",0.465092567044873
"NG-13640_SKNO_1_lib259805_5981_3","STAD",0.453276129068934
"NG-13640_SKNO_1_lib259805_5981_3","TGCT",0.420298857180387
"NG-13640_SKNO_1_lib259805_5981_3","THCA",0.403678315571097
"NG-13640_SKNO_1_lib259805_5981_3","THYM",0.403689073225671
"NG-13640_SKNO_1_lib259805_5981_3","UCEC",0.449383540609304
"NG-13640_SKNO_1_lib259805_5981_3","UCS",0.407335331958943
"NG-13640_SKNO_1_lib259805_5981_3","UVM",0.418608426849616
"NG-13640_SKNO_1_lib259805_5991_5","ACC",0.384690719659699
"NG-13640_SKNO_1_lib259805_5991_5","BLCA",0.424187747479531
"NG-13640_SKNO_1_lib259805_5991_5","BRCA",0.440828494591982
"NG-13640_SKNO_1_lib259805_5991_5","CESC",0.435334159191834
"NG-13640_SKNO_1_lib259805_5991_5","CHOL",0.391176575957083
"NG-13640_SKNO_1_lib259805_5991_5","COAD",0.395919337030089
"NG-13640_SKNO_1_lib259805_5991_5","DLBC",0.379646022513656
"NG-13640_SKNO_1_lib259805_5991_5","ESCA",0.42591210996135
"NG-13640_SKNO_1_lib259805_5991_5","GBM",0.34089133280368
"NG-13640_SKNO_1_lib259805_5991_5","HNSC",0.403253475187862
"NG-13640_SKNO_1_lib259805_5991_5","KICH",0.315335176141912
"NG-13640_SKNO_1_lib259805_5991_5","KIRC",0.377184809156843
"NG-13640_SKNO_1_lib259805_5991_5","KIRP",0.362357095392325
"NG-13640_SKNO_1_lib259805_5991_5","LAML",0.528156434815129
"NG-13640_SKNO_1_lib259805_5991_5","LGG",0.272189514770274
"NG-13640_SKNO_1_lib259805_5991_5","LIHC",0.357092626801244
"NG-13640_SKNO_1_lib259805_5991_5","LUAD",0.468021265085293
"NG-13640_SKNO_1_lib259805_5991_5","LUSC",0.433894726763735
"NG-13640_SKNO_1_lib259805_5991_5","MESO",0.428956820899116
"NG-13640_SKNO_1_lib259805_5991_5","OV",0.412385744382583
"NG-13640_SKNO_1_lib259805_5991_5","PAAD",0.411423433572649
"NG-13640_SKNO_1_lib259805_5991_5","PCPG",0.296702407038999
"NG-13640_SKNO_1_lib259805_5991_5","PRAD",0.35627528008619
"NG-13640_SKNO_1_lib259805_5991_5","READ",0.389075775901653
"NG-13640_SKNO_1_lib259805_5991_5","SARC",0.404344596588272
"NG-13640_SKNO_1_lib259805_5991_5","SKCM",0.456641427652938
"NG-13640_SKNO_1_lib259805_5991_5","STAD",0.435589279800928
"NG-13640_SKNO_1_lib259805_5991_5","TGCT",0.408833477355738
"NG-13640_SKNO_1_lib259805_5991_5","THCA",0.389533141389408
"NG-13640_SKNO_1_lib259805_5991_5","THYM",0.397002192505817
"NG-13640_SKNO_1_lib259805_5991_5","UCEC",0.436405529440057
"NG-13640_SKNO_1_lib259805_5991_5","UCS",0.392841143600576
"NG-13640_SKNO_1_lib259805_5991_5","UVM",0.406367260277939
"NG-13640_TF_1_lib259824_5972_8","ACC",0.429913945569325
"NG-13640_TF_1_lib259824_5972_8","BLCA",0.466231592359519
"NG-13640_TF_1_lib259824_5972_8","BRCA",0.455984286475605
"NG-13640_TF_1_lib259824_5972_8","CESC",0.417828927261568
"NG-13640_TF_1_lib259824_5972_8","CHOL",0.426434758646527
"NG-13640_TF_1_lib259824_5972_8","COAD",0.417925592066936
"NG-13640_TF_1_lib259824_5972_8","DLBC",0.268094623223785
"NG-13640_TF_1_lib259824_5972_8","ESCA",0.455429801254311
"NG-13640_TF_1_lib259824_5972_8","GBM",0.311981747622642
"NG-13640_TF_1_lib259824_5972_8","HNSC",0.395782014302067
"NG-13640_TF_1_lib259824_5972_8","KICH",0.400052801129052
"NG-13640_TF_1_lib259824_5972_8","KIRC",0.454876777089634
"NG-13640_TF_1_lib259824_5972_8","KIRP",0.40552928391996
"NG-13640_TF_1_lib259824_5972_8","LAML",0.362843752782966
"NG-13640_TF_1_lib259824_5972_8","LGG",0.259078452502253
"NG-13640_TF_1_lib259824_5972_8","LIHC",0.401488799289513
"NG-13640_TF_1_lib259824_5972_8","LUAD",0.480126869500282
"NG-13640_TF_1_lib259824_5972_8","LUSC",0.458515469746072
"NG-13640_TF_1_lib259824_5972_8","MESO",0.430848786397191
"NG-13640_TF_1_lib259824_5972_8","OV",0.425972277432875
"NG-13640_TF_1_lib259824_5972_8","PAAD",0.443030136782946
"NG-13640_TF_1_lib259824_5972_8","PCPG",0.314346961523623
"NG-13640_TF_1_lib259824_5972_8","PRAD",0.415317471596272
"NG-13640_TF_1_lib259824_5972_8","READ",0.413631355513641
"NG-13640_TF_1_lib259824_5972_8","SARC",0.416976725221426
"NG-13640_TF_1_lib259824_5972_8","SKCM",0.437051710014863
"NG-13640_TF_1_lib259824_5972_8","STAD",0.457638725092226
"NG-13640_TF_1_lib259824_5972_8","TGCT",0.398798630922395
"NG-13640_TF_1_lib259824_5972_8","THCA",0.430839068017575
"NG-13640_TF_1_lib259824_5972_8","THYM",0.372710787113671
"NG-13640_TF_1_lib259824_5972_8","UCEC",0.445708098916783
"NG-13640_TF_1_lib259824_5972_8","UCS",0.408801138987536
"NG-13640_TF_1_lib259824_5972_8","UVM",0.366764863925517
"NG-13640_THP_1_lib248383_5885_5","ACC",0.443150177999463
"NG-13640_THP_1_lib248383_5885_5","BLCA",0.487027294328731
"NG-13640_THP_1_lib248383_5885_5","BRCA",0.502796721022369
"NG-13640_THP_1_lib248383_5885_5","CESC",0.486420299007985
"NG-13640_THP_1_lib248383_5885_5","CHOL",0.458050123723542
"NG-13640_THP_1_lib248383_5885_5","COAD",0.432766865569088
"NG-13640_THP_1_lib248383_5885_5","DLBC",0.331570139322287
"NG-13640_THP_1_lib248383_5885_5","ESCA",0.476449982366255
"NG-13640_THP_1_lib248383_5885_5","GBM",0.384995051346897
"NG-13640_THP_1_lib248383_5885_5","HNSC",0.46051160980898
"NG-13640_THP_1_lib248383_5885_5","KICH",0.38915457916512
"NG-13640_THP_1_lib248383_5885_5","KIRC",0.458563923887046
"NG-13640_THP_1_lib248383_5885_5","KIRP",0.44470563797835
"NG-13640_THP_1_lib248383_5885_5","LAML",0.417355710634436
"NG-13640_THP_1_lib248383_5885_5","LGG",0.309097344011363
"NG-13640_THP_1_lib248383_5885_5","LIHC",0.421997330028296
"NG-13640_THP_1_lib248383_5885_5","LUAD",0.502052948496612
"NG-13640_THP_1_lib248383_5885_5","LUSC",0.497691822034777
"NG-13640_THP_1_lib248383_5885_5","MESO",0.49903171405924
"NG-13640_THP_1_lib248383_5885_5","OV",0.464223942241316
"NG-13640_THP_1_lib248383_5885_5","PAAD",0.456674608938609
"NG-13640_THP_1_lib248383_5885_5","PCPG",0.329352743336292
"NG-13640_THP_1_lib248383_5885_5","PRAD",0.420365907260548
"NG-13640_THP_1_lib248383_5885_5","READ",0.430366222274636
"NG-13640_THP_1_lib248383_5885_5","SARC",0.489173590547878
"NG-13640_THP_1_lib248383_5885_5","SKCM",0.512283777861475
"NG-13640_THP_1_lib248383_5885_5","STAD",0.466455253648033
"NG-13640_THP_1_lib248383_5885_5","TGCT",0.454779747487099
"NG-13640_THP_1_lib248383_5885_5","THCA",0.44012397164945
"NG-13640_THP_1_lib248383_5885_5","THYM",0.397984318494624
"NG-13640_THP_1_lib248383_5885_5","UCEC",0.479959931960021
"NG-13640_THP_1_lib248383_5885_5","UCS",0.47362932235752
"NG-13640_THP_1_lib248383_5885_5","UVM",0.482481275162579
"NG-13640_TK_6_lib259820_5981_7","ACC",0.3681863229871
"NG-13640_TK_6_lib259820_5981_7","BLCA",0.426858289190266
"NG-13640_TK_6_lib259820_5981_7","BRCA",0.463840621903892
"NG-13640_TK_6_lib259820_5981_7","CESC",0.414665356156316
"NG-13640_TK_6_lib259820_5981_7","CHOL",0.402833500003121
"NG-13640_TK_6_lib259820_5981_7","COAD",0.394023637540138
"NG-13640_TK_6_lib259820_5981_7","DLBC",0.349005511791428
"NG-13640_TK_6_lib259820_5981_7","ESCA",0.436483041295602
"NG-13640_TK_6_lib259820_5981_7","GBM",0.346643594554844
"NG-13640_TK_6_lib259820_5981_7","HNSC",0.396766268358343
"NG-13640_TK_6_lib259820_5981_7","KICH",0.373825917597698
"NG-13640_TK_6_lib259820_5981_7","KIRC",0.408863541604964
"NG-13640_TK_6_lib259820_5981_7","KIRP",0.384432689937726
"NG-13640_TK_6_lib259820_5981_7","LAML",0.405530316046474
"NG-13640_TK_6_lib259820_5981_7","LGG",0.301413377812817
"NG-13640_TK_6_lib259820_5981_7","LIHC",0.365288508373265
"NG-13640_TK_6_lib259820_5981_7","LUAD",0.458356423745534
"NG-13640_TK_6_lib259820_5981_7","LUSC",0.431828052974214
"NG-13640_TK_6_lib259820_5981_7","MESO",0.417700492141942
"NG-13640_TK_6_lib259820_5981_7","OV",0.423643077714091
"NG-13640_TK_6_lib259820_5981_7","PAAD",0.423704471608733
"NG-13640_TK_6_lib259820_5981_7","PCPG",0.315272299672412
"NG-13640_TK_6_lib259820_5981_7","PRAD",0.402028185758404
"NG-13640_TK_6_lib259820_5981_7","READ",0.391779998677409
"NG-13640_TK_6_lib259820_5981_7","SARC",0.404125051096984
"NG-13640_TK_6_lib259820_5981_7","SKCM",0.433155858412184
"NG-13640_TK_6_lib259820_5981_7","STAD",0.43789805724775
"NG-13640_TK_6_lib259820_5981_7","TGCT",0.441437997461556
"NG-13640_TK_6_lib259820_5981_7","THCA",0.423636836569268
"NG-13640_TK_6_lib259820_5981_7","THYM",0.492367429351615
"NG-13640_TK_6_lib259820_5981_7","UCEC",0.446549080239772
"NG-13640_TK_6_lib259820_5981_7","UCS",0.410281793818228
"NG-13640_TK_6_lib259820_5981_7","UVM",0.397527365175541
"NG-13640_U_937_lib248395_5885_6","ACC",0.376423128728081
"NG-13640_U_937_lib248395_5885_6","BLCA",0.401176926852379
"NG-13640_U_937_lib248395_5885_6","BRCA",0.417218490592004
"NG-13640_U_937_lib248395_5885_6","CESC",0.407871140905695
"NG-13640_U_937_lib248395_5885_6","CHOL",0.375597174717972
"NG-13640_U_937_lib248395_5885_6","COAD",0.39421778589922
"NG-13640_U_937_lib248395_5885_6","DLBC",0.305536998861652
"NG-13640_U_937_lib248395_5885_6","ESCA",0.440301777527223
"NG-13640_U_937_lib248395_5885_6","GBM",0.347143279356539
"NG-13640_U_937_lib248395_5885_6","HNSC",0.397969668027539
"NG-13640_U_937_lib248395_5885_6","KICH",0.328674695267889
"NG-13640_U_937_lib248395_5885_6","KIRC",0.390814752682232
"NG-13640_U_937_lib248395_5885_6","KIRP",0.355549246460713
"NG-13640_U_937_lib248395_5885_6","LAML",0.42547295699534
"NG-13640_U_937_lib248395_5885_6","LGG",0.286630285333004
"NG-13640_U_937_lib248395_5885_6","LIHC",0.343011222918099
"NG-13640_U_937_lib248395_5885_6","LUAD",0.433511808434742
"NG-13640_U_937_lib248395_5885_6","LUSC",0.406775149091643
"NG-13640_U_937_lib248395_5885_6","MESO",0.399756037073811
"NG-13640_U_937_lib248395_5885_6","OV",0.36611383153305
"NG-13640_U_937_lib248395_5885_6","PAAD",0.420168561824841
"NG-13640_U_937_lib248395_5885_6","PCPG",0.295515880213312
"NG-13640_U_937_lib248395_5885_6","PRAD",0.335220951501347
"NG-13640_U_937_lib248395_5885_6","READ",0.382996278179697
"NG-13640_U_937_lib248395_5885_6","SARC",0.404331223234665
"NG-13640_U_937_lib248395_5885_6","SKCM",0.434626353354675
"NG-13640_U_937_lib248395_5885_6","STAD",0.44348288959823
"NG-13640_U_937_lib248395_5885_6","TGCT",0.35281730449287
"NG-13640_U_937_lib248395_5885_6","THCA",0.357859875255877
"NG-13640_U_937_lib248395_5885_6","THYM",0.336216265497897
"NG-13640_U_937_lib248395_5885_6","UCEC",0.402459214646645
"NG-13640_U_937_lib248395_5885_6","UCS",0.378628214197897
"NG-13640_U_937_lib248395_5885_6","UVM",0.349723564891273
"NG-13640_UT_7_lib259813_5981_7","ACC",0.408043394287715
"NG-13640_UT_7_lib259813_5981_7","BLCA",0.455137030644492
"NG-13640_UT_7_lib259813_5981_7","BRCA",0.437627269232127
"NG-13640_UT_7_lib259813_5981_7","CESC",0.426197844423722
"NG-13640_UT_7_lib259813_5981_7","CHOL",0.424802504615402
"NG-13640_UT_7_lib259813_5981_7","COAD",0.411098691057947
"NG-13640_UT_7_lib259813_5981_7","DLBC",0.305965348325806
"NG-13640_UT_7_lib259813_5981_7","ESCA",0.446305160429138
"NG-13640_UT_7_lib259813_5981_7","GBM",0.310552627422566
"NG-13640_UT_7_lib259813_5981_7","HNSC",0.4067062489802
"NG-13640_UT_7_lib259813_5981_7","KICH",0.378233165618509
"NG-13640_UT_7_lib259813_5981_7","KIRC",0.432983887897606
"NG-13640_UT_7_lib259813_5981_7","KIRP",0.395617680293435
"NG-13640_UT_7_lib259813_5981_7","LAML",0.430906183649956
"NG-13640_UT_7_lib259813_5981_7","LGG",0.2572925086456
"NG-13640_UT_7_lib259813_5981_7","LIHC",0.395412639628362
"NG-13640_UT_7_lib259813_5981_7","LUAD",0.466251080699695
"NG-13640_UT_7_lib259813_5981_7","LUSC",0.435365200702199
"NG-13640_UT_7_lib259813_5981_7","MESO",0.429692085833547
"NG-13640_UT_7_lib259813_5981_7","OV",0.417320720888044
"NG-13640_UT_7_lib259813_5981_7","PAAD",0.445033990105218
"NG-13640_UT_7_lib259813_5981_7","PCPG",0.302691336903365
"NG-13640_UT_7_lib259813_5981_7","PRAD",0.375282088254657
"NG-13640_UT_7_lib259813_5981_7","READ",0.405619787797043
"NG-13640_UT_7_lib259813_5981_7","SARC",0.395718403575386
"NG-13640_UT_7_lib259813_5981_7","SKCM",0.430066763968173
"NG-13640_UT_7_lib259813_5981_7","STAD",0.450815949766425
"NG-13640_UT_7_lib259813_5981_7","TGCT",0.390551552600274
"NG-13640_UT_7_lib259813_5981_7","THCA",0.418565464994143
"NG-13640_UT_7_lib259813_5981_7","THYM",0.377005573630087
"NG-13640_UT_7_lib259813_5981_7","UCEC",0.4234073640019
"NG-13640_UT_7_lib259813_5981_7","UCS",0.373250896635397
"NG-13640_UT_7_lib259813_5981_7","UVM",0.387101869351758
"NG-30919_RBL_13_lib628469_10098_1","ACC",0.491002832318796
"NG-30919_RBL_13_lib628469_10098_1","BLCA",0.317861677176188
"NG-30919_RBL_13_lib628469_10098_1","BRCA",0.467220925841497
"NG-30919_RBL_13_lib628469_10098_1","CESC",0.270150625605427
"NG-30919_RBL_13_lib628469_10098_1","CHOL",0.352316753490461
"NG-30919_RBL_13_lib628469_10098_1","COAD",0.229690940125695
"NG-30919_RBL_13_lib628469_10098_1","DLBC",0.214243603374465
"NG-30919_RBL_13_lib628469_10098_1","ESCA",0.306823010222995
"NG-30919_RBL_13_lib628469_10098_1","GBM",0.575547120850946
"NG-30919_RBL_13_lib628469_10098_1","HNSC",0.279785110258151
"NG-30919_RBL_13_lib628469_10098_1","KICH",0.40842485412062
"NG-30919_RBL_13_lib628469_10098_1","KIRC",0.411763531010531
"NG-30919_RBL_13_lib628469_10098_1","KIRP",0.39503673363818
"NG-30919_RBL_13_lib628469_10098_1","LAML",0.175475799564179
"NG-30919_RBL_13_lib628469_10098_1","LGG",0.607784387448677
"NG-30919_RBL_13_lib628469_10098_1","LIHC",0.290983043117327
"NG-30919_RBL_13_lib628469_10098_1","LUAD",0.346137361072392
"NG-30919_RBL_13_lib628469_10098_1","LUSC",0.337432924502314
"NG-30919_RBL_13_lib628469_10098_1","MESO",0.461707810658404
"NG-30919_RBL_13_lib628469_10098_1","OV",0.42789756784141
"NG-30919_RBL_13_lib628469_10098_1","PAAD",0.368782397340038
"NG-30919_RBL_13_lib628469_10098_1","PCPG",0.579404234654096
"NG-30919_RBL_13_lib628469_10098_1","PRAD",0.475169196111738
"NG-30919_RBL_13_lib628469_10098_1","READ",0.241912910651591
"NG-30919_RBL_13_lib628469_10098_1","SARC",0.559615098743555
"NG-30919_RBL_13_lib628469_10098_1","SKCM",0.442208552805408
"NG-30919_RBL_13_lib628469_10098_1","STAD",0.288641215384948
"NG-30919_RBL_13_lib628469_10098_1","TGCT",0.464090123785156
"NG-30919_RBL_13_lib628469_10098_1","THCA",0.445765008311353
"NG-30919_RBL_13_lib628469_10098_1","THYM",0.360590915761784
"NG-30919_RBL_13_lib628469_10098_1","UCEC",0.429948783006795
"NG-30919_RBL_13_lib628469_10098_1","UCS",0.575545799730575
"NG-30919_RBL_13_lib628469_10098_1","UVM",0.508032040842365
"NG-30919_RBL_14_lib628470_10098_1","ACC",0.501571060498932
"NG-30919_RBL_14_lib628470_10098_1","BLCA",0.319689143171137
"NG-30919_RBL_14_lib628470_10098_1","BRCA",0.481516042095562
"NG-30919_RBL_14_lib628470_10098_1","CESC",0.26654364331379
"NG-30919_RBL_14_lib628470_10098_1","CHOL",0.369742696741997
"NG-30919_RBL_14_lib628470_10098_1","COAD",0.230290669995906
"NG-30919_RBL_14_lib628470_10098_1","DLBC",0.183197068078431
"NG-30919_RBL_14_lib628470_10098_1","ESCA",0.318698326532973
"NG-30919_RBL_14_lib628470_10098_1","GBM",0.583107970315004
"NG-30919_RBL_14_lib628470_10098_1","HNSC",0.2842412961909
"NG-30919_RBL_14_lib628470_10098_1","KICH",0.434716832213589
"NG-30919_RBL_14_lib628470_10098_1","KIRC",0.440356008226857
"NG-30919_RBL_14_lib628470_10098_1","KIRP",0.419878850584527
"NG-30919_RBL_14_lib628470_10098_1","LAML",0.117041262375866
"NG-30919_RBL_14_lib628470_10098_1","LGG",0.619595290275755
"NG-30919_RBL_14_lib628470_10098_1","LIHC",0.290008073011713
"NG-30919_RBL_14_lib628470_10098_1","LUAD",0.352772464062647
"NG-30919_RBL_14_lib628470_10098_1","LUSC",0.354258491283269
"NG-30919_RBL_14_lib628470_10098_1","MESO",0.477848533923424
"NG-30919_RBL_14_lib628470_10098_1","OV",0.435078675756665
"NG-30919_RBL_14_lib628470_10098_1","PAAD",0.401613204172427
"NG-30919_RBL_14_lib628470_10098_1","PCPG",0.593112775282498
"NG-30919_RBL_14_lib628470_10098_1","PRAD",0.496564447434931
"NG-30919_RBL_14_lib628470_10098_1","READ",0.242745200787118
"NG-30919_RBL_14_lib628470_10098_1","SARC",0.579477749531283
"NG-30919_RBL_14_lib628470_10098_1","SKCM",0.440185542179212
"NG-30919_RBL_14_lib628470_10098_1","STAD",0.295108709371617
"NG-30919_RBL_14_lib628470_10098_1","TGCT",0.45647894954846
"NG-30919_RBL_14_lib628470_10098_1","THCA",0.471718740753574
"NG-30919_RBL_14_lib628470_10098_1","THYM",0.340081253235379
"NG-30919_RBL_14_lib628470_10098_1","UCEC",0.445443108491377
"NG-30919_RBL_14_lib628470_10098_1","UCS",0.594302291948933
"NG-30919_RBL_14_lib628470_10098_1","UVM",0.505607413247691
"NG-30919_RBL_15_lib626622_10098_2","ACC",0.479636161430276
"NG-30919_RBL_15_lib626622_10098_2","BLCA",0.318734971193835
"NG-30919_RBL_15_lib626622_10098_2","BRCA",0.459385198361219
"NG-30919_RBL_15_lib626622_10098_2","CESC",0.297239468666129
"NG-30919_RBL_15_lib626622_10098_2","CHOL",0.344240346663772
"NG-30919_RBL_15_lib626622_10098_2","COAD",0.231015000152692
"NG-30919_RBL_15_lib626622_10098_2","DLBC",0.250892648236316
"NG-30919_RBL_15_lib626622_10098_2","ESCA",0.312521394138891
"NG-30919_RBL_15_lib626622_10098_2","GBM",0.536824830890536
"NG-30919_RBL_15_lib626622_10098_2","HNSC",0.286965814413709
"NG-30919_RBL_15_lib626622_10098_2","KICH",0.389021178949272
"NG-30919_RBL_15_lib626622_10098_2","KIRC",0.395484271473888
"NG-30919_RBL_15_lib626622_10098_2","KIRP",0.389336371527756
"NG-30919_RBL_15_lib626622_10098_2","LAML",0.190698201448993
"NG-30919_RBL_15_lib626622_10098_2","LGG",0.563752291471459
"NG-30919_RBL_15_lib626622_10098_2","LIHC",0.28562987736041
"NG-30919_RBL_15_lib626622_10098_2","LUAD",0.340749340215871
"NG-30919_RBL_15_lib626622_10098_2","LUSC",0.333609284941275
"NG-30919_RBL_15_lib626622_10098_2","MESO",0.435280398588091
"NG-30919_RBL_15_lib626622_10098_2","OV",0.431541411842162
"NG-30919_RBL_15_lib626622_10098_2","PAAD",0.35668787676397
"NG-30919_RBL_15_lib626622_10098_2","PCPG",0.543830046325951
"NG-30919_RBL_15_lib626622_10098_2","PRAD",0.445703736169261
"NG-30919_RBL_15_lib626622_10098_2","READ",0.241530896352624
"NG-30919_RBL_15_lib626622_10098_2","SARC",0.520984080045387
"NG-30919_RBL_15_lib626622_10098_2","SKCM",0.436083862815132
"NG-30919_RBL_15_lib626622_10098_2","STAD",0.297204195848655
"NG-30919_RBL_15_lib626622_10098_2","TGCT",0.470510580401694
"NG-30919_RBL_15_lib626622_10098_2","THCA",0.428718481699128
"NG-30919_RBL_15_lib626622_10098_2","THYM",0.369932980228511
"NG-30919_RBL_15_lib626622_10098_2","UCEC",0.434367972373218
"NG-30919_RBL_15_lib626622_10098_2","UCS",0.554689864948231
"NG-30919_RBL_15_lib626622_10098_2","UVM",0.493952340950822
"NG-30919_RBL_15_lib626622_10102_4","ACC",0.475136147162755
"NG-30919_RBL_15_lib626622_10102_4","BLCA",0.310394164049664
"NG-30919_RBL_15_lib626622_10102_4","BRCA",0.445634830840416
"NG-30919_RBL_15_lib626622_10102_4","CESC",0.287404934410932
"NG-30919_RBL_15_lib626622_10102_4","CHOL",0.330839019655101
"NG-30919_RBL_15_lib626622_10102_4","COAD",0.22631676599654
"NG-30919_RBL_15_lib626622_10102_4","DLBC",0.250157053436566
"NG-30919_RBL_15_lib626622_10102_4","ESCA",0.302829630001214
"NG-30919_RBL_15_lib626622_10102_4","GBM",0.527742120179195
"NG-30919_RBL_15_lib626622_10102_4","HNSC",0.275936917212169
"NG-30919_RBL_15_lib626622_10102_4","KICH",0.378451994807171
"NG-30919_RBL_15_lib626622_10102_4","KIRC",0.38416697438825
"NG-30919_RBL_15_lib626622_10102_4","KIRP",0.378689108915011
"NG-30919_RBL_15_lib626622_10102_4","LAML",0.194068077171978
"NG-30919_RBL_15_lib626622_10102_4","LGG",0.556431526989972
"NG-30919_RBL_15_lib626622_10102_4","LIHC",0.277680482468881
"NG-30919_RBL_15_lib626622_10102_4","LUAD",0.330061247415549
"NG-30919_RBL_15_lib626622_10102_4","LUSC",0.322067003796362
"NG-30919_RBL_15_lib626622_10102_4","MESO",0.426597916508176
"NG-30919_RBL_15_lib626622_10102_4","OV",0.422821893490301
"NG-30919_RBL_15_lib626622_10102_4","PAAD",0.343934989769464
"NG-30919_RBL_15_lib626622_10102_4","PCPG",0.536146750924231
"NG-30919_RBL_15_lib626622_10102_4","PRAD",0.430529504401211
"NG-30919_RBL_15_lib626622_10102_4","READ",0.236158184935309
"NG-30919_RBL_15_lib626622_10102_4","SARC",0.510197437694823
"NG-30919_RBL_15_lib626622_10102_4","SKCM",0.422077067174851
"NG-30919_RBL_15_lib626622_10102_4","STAD",0.287252384962685
"NG-30919_RBL_15_lib626622_10102_4","TGCT",0.464182194466629
"NG-30919_RBL_15_lib626622_10102_4","THCA",0.421814519937736
"NG-30919_RBL_15_lib626622_10102_4","THYM",0.366159053892345
"NG-30919_RBL_15_lib626622_10102_4","UCEC",0.423344949624243
"NG-30919_RBL_15_lib626622_10102_4","UCS",0.54074407108397
"NG-30919_RBL_15_lib626622_10102_4","UVM",0.483443145391423
"NG-30919_RBL_18_lib626623_10098_1","ACC",0.481409245346481
"NG-30919_RBL_18_lib626623_10098_1","BLCA",0.284393679208832
"NG-30919_RBL_18_lib626623_10098_1","BRCA",0.439276356754607
"NG-30919_RBL_18_lib626623_10098_1","CESC",0.24467611842787
"NG-30919_RBL_18_lib626623_10098_1","CHOL",0.325127325898336
"NG-30919_RBL_18_lib626623_10098_1","COAD",0.204681078719107
"NG-30919_RBL_18_lib626623_10098_1","DLBC",0.211124528965923
"NG-30919_RBL_18_lib626623_10098_1","ESCA",0.278640201288851
"NG-30919_RBL_18_lib626623_10098_1","GBM",0.581167101202559
"NG-30919_RBL_18_lib626623_10098_1","HNSC",0.256509971879819
"NG-30919_RBL_18_lib626623_10098_1","KICH",0.387325206801972
"NG-30919_RBL_18_lib626623_10098_1","KIRC",0.393317010349326
"NG-30919_RBL_18_lib626623_10098_1","KIRP",0.375380733727699
"NG-30919_RBL_18_lib626623_10098_1","LAML",0.148687920177504
"NG-30919_RBL_18_lib626623_10098_1","LGG",0.622687199815676
"NG-30919_RBL_18_lib626623_10098_1","LIHC",0.259019872112114
"NG-30919_RBL_18_lib626623_10098_1","LUAD",0.314631118800568
"NG-30919_RBL_18_lib626623_10098_1","LUSC",0.315890161845502
"NG-30919_RBL_18_lib626623_10098_1","MESO",0.443956215676509
"NG-30919_RBL_18_lib626623_10098_1","OV",0.407561152655938
"NG-30919_RBL_18_lib626623_10098_1","PAAD",0.352410604774208
"NG-30919_RBL_18_lib626623_10098_1","PCPG",0.586439376869687
"NG-30919_RBL_18_lib626623_10098_1","PRAD",0.459800863267864
"NG-30919_RBL_18_lib626623_10098_1","READ",0.217807003001923
"NG-30919_RBL_18_lib626623_10098_1","SARC",0.558679262852526
"NG-30919_RBL_18_lib626623_10098_1","SKCM",0.421141917389644
"NG-30919_RBL_18_lib626623_10098_1","STAD",0.258991159120183
"NG-30919_RBL_18_lib626623_10098_1","TGCT",0.454110238842773
"NG-30919_RBL_18_lib626623_10098_1","THCA",0.42678290828945
"NG-30919_RBL_18_lib626623_10098_1","THYM",0.342951402810398
"NG-30919_RBL_18_lib626623_10098_1","UCEC",0.416908450019984
"NG-30919_RBL_18_lib626623_10098_1","UCS",0.572967051859908
"NG-30919_RBL_18_lib626623_10098_1","UVM",0.492373017894297
"NG-30919_RBL_20_lib626624_10098_1","ACC",0.483938760069668
"NG-30919_RBL_20_lib626624_10098_1","BLCA",0.303422720669904
"NG-30919_RBL_20_lib626624_10098_1","BRCA",0.46190117614737
"NG-30919_RBL_20_lib626624_10098_1","CESC",0.269143091832452
"NG-30919_RBL_20_lib626624_10098_1","CHOL",0.350628610147675
"NG-30919_RBL_20_lib626624_10098_1","COAD",0.227842513005088
"NG-30919_RBL_20_lib626624_10098_1","DLBC",0.211571009778015
"NG-30919_RBL_20_lib626624_10098_1","ESCA",0.298118518283466
"NG-30919_RBL_20_lib626624_10098_1","GBM",0.572266971143714
"NG-30919_RBL_20_lib626624_10098_1","HNSC",0.276875637063399
"NG-30919_RBL_20_lib626624_10098_1","KICH",0.400974935203474
"NG-30919_RBL_20_lib626624_10098_1","KIRC",0.418254581785753
"NG-30919_RBL_20_lib626624_10098_1","KIRP",0.402145123450055
"NG-30919_RBL_20_lib626624_10098_1","LAML",0.15272531523621
"NG-30919_RBL_20_lib626624_10098_1","LGG",0.60755816964218
"NG-30919_RBL_20_lib626624_10098_1","LIHC",0.28141464994158
"NG-30919_RBL_20_lib626624_10098_1","LUAD",0.339645626842698
"NG-30919_RBL_20_lib626624_10098_1","LUSC",0.3336514869607
"NG-30919_RBL_20_lib626624_10098_1","MESO",0.44784490534935
"NG-30919_RBL_20_lib626624_10098_1","OV",0.427647183344532
"NG-30919_RBL_20_lib626624_10098_1","PAAD",0.372656794826621
"NG-30919_RBL_20_lib626624_10098_1","PCPG",0.580344736684586
"NG-30919_RBL_20_lib626624_10098_1","PRAD",0.464407211373416
"NG-30919_RBL_20_lib626624_10098_1","READ",0.238896794697055
"NG-30919_RBL_20_lib626624_10098_1","SARC",0.545951018698255
"NG-30919_RBL_20_lib626624_10098_1","SKCM",0.42816535951013
"NG-30919_RBL_20_lib626624_10098_1","STAD",0.279783479832229
"NG-30919_RBL_20_lib626624_10098_1","TGCT",0.456057227822569
"NG-30919_RBL_20_lib626624_10098_1","THCA",0.438422328739861
"NG-30919_RBL_20_lib626624_10098_1","THYM",0.350696184453649
"NG-30919_RBL_20_lib626624_10098_1","UCEC",0.43687585765982
"NG-30919_RBL_20_lib626624_10098_1","UCS",0.571303280679434
"NG-30919_RBL_20_lib626624_10098_1","UVM",0.488902659332417
"NG-30919_RBL_20_lib626624_10102_3","ACC",0.489580307575797
"NG-30919_RBL_20_lib626624_10102_3","BLCA",0.304138152758614
"NG-30919_RBL_20_lib626624_10102_3","BRCA",0.460418463808502
"NG-30919_RBL_20_lib626624_10102_3","CESC",0.267689333628011
"NG-30919_RBL_20_lib626624_10102_3","CHOL",0.351724780706297
"NG-30919_RBL_20_lib626624_10102_3","COAD",0.225994001982476
"NG-30919_RBL_20_lib626624_10102_3","DLBC",0.217807575901904
"NG-30919_RBL_20_lib626624_10102_3","ESCA",0.300161307310971
"NG-30919_RBL_20_lib626624_10102_3","GBM",0.574085233106781
"NG-30919_RBL_20_lib626624_10102_3","HNSC",0.276338286401751
"NG-30919_RBL_20_lib626624_10102_3","KICH",0.402743862155955
"NG-30919_RBL_20_lib626624_10102_3","KIRC",0.416635869303747
"NG-30919_RBL_20_lib626624_10102_3","KIRP",0.400957280091433
"NG-30919_RBL_20_lib626624_10102_3","LAML",0.156871051290097
"NG-30919_RBL_20_lib626624_10102_3","LGG",0.60931997146005
"NG-30919_RBL_20_lib626624_10102_3","LIHC",0.284761653817081
"NG-30919_RBL_20_lib626624_10102_3","LUAD",0.336503485346345
"NG-30919_RBL_20_lib626624_10102_3","LUSC",0.333889237036816
"NG-30919_RBL_20_lib626624_10102_3","MESO",0.448306296592702
"NG-30919_RBL_20_lib626624_10102_3","OV",0.424473201187222
"NG-30919_RBL_20_lib626624_10102_3","PAAD",0.371210263403336
"NG-30919_RBL_20_lib626624_10102_3","PCPG",0.582598815326386
"NG-30919_RBL_20_lib626624_10102_3","PRAD",0.461836641342288
"NG-30919_RBL_20_lib626624_10102_3","READ",0.237401084329148
"NG-30919_RBL_20_lib626624_10102_3","SARC",0.543990702926671
"NG-30919_RBL_20_lib626624_10102_3","SKCM",0.431659271516784
"NG-30919_RBL_20_lib626624_10102_3","STAD",0.281419873265809
"NG-30919_RBL_20_lib626624_10102_3","TGCT",0.46173662137632
"NG-30919_RBL_20_lib626624_10102_3","THCA",0.444125415036381
"NG-30919_RBL_20_lib626624_10102_3","THYM",0.355127055535518
"NG-30919_RBL_20_lib626624_10102_3","UCEC",0.428373787833025
"NG-30919_RBL_20_lib626624_10102_3","UCS",0.570186151646145
"NG-30919_RBL_20_lib626624_10102_3","UVM",0.494944001902538
"NG-30919_RBL_30_lib628471_10098_1","ACC",0.497219951746963
"NG-30919_RBL_30_lib628471_10098_1","BLCA",0.312541407606104
"NG-30919_RBL_30_lib628471_10098_1","BRCA",0.464772675216825
"NG-30919_RBL_30_lib628471_10098_1","CESC",0.262616922991577
"NG-30919_RBL_30_lib628471_10098_1","CHOL",0.349618794199299
"NG-30919_RBL_30_lib628471_10098_1","COAD",0.22553226812986
"NG-30919_RBL_30_lib628471_10098_1","DLBC",0.212315784983883
"NG-30919_RBL_30_lib628471_10098_1","ESCA",0.305649096135863
"NG-30919_RBL_30_lib628471_10098_1","GBM",0.585753776428309
"NG-30919_RBL_30_lib628471_10098_1","HNSC",0.275828462808855
"NG-30919_RBL_30_lib628471_10098_1","KICH",0.410207725952399
"NG-30919_RBL_30_lib628471_10098_1","KIRC",0.422141964408089
"NG-30919_RBL_30_lib628471_10098_1","KIRP",0.401489344582329
"NG-30919_RBL_30_lib628471_10098_1","LAML",0.158281500390946
"NG-30919_RBL_30_lib628471_10098_1","LGG",0.617736177240643
"NG-30919_RBL_30_lib628471_10098_1","LIHC",0.286149411702771
"NG-30919_RBL_30_lib628471_10098_1","LUAD",0.337820380683543
"NG-30919_RBL_30_lib628471_10098_1","LUSC",0.339881453322408
"NG-30919_RBL_30_lib628471_10098_1","MESO",0.463691390948128
"NG-30919_RBL_30_lib628471_10098_1","OV",0.426148018982241
"NG-30919_RBL_30_lib628471_10098_1","PAAD",0.375071961430864
"NG-30919_RBL_30_lib628471_10098_1","PCPG",0.594946079853376
"NG-30919_RBL_30_lib628471_10098_1","PRAD",0.477475132228442
"NG-30919_RBL_30_lib628471_10098_1","READ",0.236644008120613
"NG-30919_RBL_30_lib628471_10098_1","SARC",0.566505796278196
"NG-30919_RBL_30_lib628471_10098_1","SKCM",0.437678453792465
"NG-30919_RBL_30_lib628471_10098_1","STAD",0.285725523777732
"NG-30919_RBL_30_lib628471_10098_1","TGCT",0.462686334283594
"NG-30919_RBL_30_lib628471_10098_1","THCA",0.447104642323076
"NG-30919_RBL_30_lib628471_10098_1","THYM",0.353768863970305
"NG-30919_RBL_30_lib628471_10098_1","UCEC",0.429762285643593
"NG-30919_RBL_30_lib628471_10098_1","UCS",0.576997289234764
"NG-30919_RBL_30_lib628471_10098_1","UVM",0.4990428389202
"NG-30919_RBL_7_lib628468_10098_1","ACC",0.481970372023997
"NG-30919_RBL_7_lib628468_10098_1","BLCA",0.334063853543524
"NG-30919_RBL_7_lib628468_10098_1","BRCA",0.474925734615608
"NG-30919_RBL_7_lib628468_10098_1","CESC",0.298310255906205
"NG-30919_RBL_7_lib628468_10098_1","CHOL",0.366128337534648
"NG-30919_RBL_7_lib628468_10098_1","COAD",0.254606276807423
"NG-30919_RBL_7_lib628468_10098_1","DLBC",0.209120967231759
"NG-30919_RBL_7_lib628468_10098_1","ESCA",0.336765384608049
"NG-30919_RBL_7_lib628468_10098_1","GBM",0.560714549480299
"NG-30919_RBL_7_lib628468_10098_1","HNSC",0.305776656657857
"NG-30919_RBL_7_lib628468_10098_1","KICH",0.421827557395733
"NG-30919_RBL_7_lib628468_10098_1","KIRC",0.416405180795262
"NG-30919_RBL_7_lib628468_10098_1","KIRP",0.39560707374192
"NG-30919_RBL_7_lib628468_10098_1","LAML",0.135759498637612
"NG-30919_RBL_7_lib628468_10098_1","LGG",0.601353336860291
"NG-30919_RBL_7_lib628468_10098_1","LIHC",0.292526573690335
"NG-30919_RBL_7_lib628468_10098_1","LUAD",0.351295242301964
"NG-30919_RBL_7_lib628468_10098_1","LUSC",0.352424456708011
"NG-30919_RBL_7_lib628468_10098_1","MESO",0.457431559954211
"NG-30919_RBL_7_lib628468_10098_1","OV",0.438024345083895
"NG-30919_RBL_7_lib628468_10098_1","PAAD",0.40023616254069
"NG-30919_RBL_7_lib628468_10098_1","PCPG",0.568722707223615
"NG-30919_RBL_7_lib628468_10098_1","PRAD",0.494567256498204
"NG-30919_RBL_7_lib628468_10098_1","READ",0.266654811694828
"NG-30919_RBL_7_lib628468_10098_1","SARC",0.563467035201803
"NG-30919_RBL_7_lib628468_10098_1","SKCM",0.430412535324985
"NG-30919_RBL_7_lib628468_10098_1","STAD",0.313870549134842
"NG-30919_RBL_7_lib628468_10098_1","TGCT",0.471476589562039
"NG-30919_RBL_7_lib628468_10098_1","THCA",0.463981743664357
"NG-30919_RBL_7_lib628468_10098_1","THYM",0.363319340280635
"NG-30919_RBL_7_lib628468_10098_1","UCEC",0.457697561143483
"NG-30919_RBL_7_lib628468_10098_1","UCS",0.588602381947627
"NG-30919_RBL_7_lib628468_10098_1","UVM",0.510867411136687
"NG-30919_WERI_RB1_lib628472_10098_1","ACC",0.465206744603269
"NG-30919_WERI_RB1_lib628472_10098_1","BLCA",0.374472718206724
"NG-30919_WERI_RB1_lib628472_10098_1","BRCA",0.492111786142827
"NG-30919_WERI_RB1_lib628472_10098_1","CESC",0.351960724325962
"NG-30919_WERI_RB1_lib628472_10098_1","CHOL",0.410885385687575
"NG-30919_WERI_RB1_lib628472_10098_1","COAD",0.312512993350757
"NG-30919_WERI_RB1_lib628472_10098_1","DLBC",0.187860416600221
"NG-30919_WERI_RB1_lib628472_10098_1","ESCA",0.38558100442012
"NG-30919_WERI_RB1_lib628472_10098_1","GBM",0.483505463573411
"NG-30919_WERI_RB1_lib628472_10098_1","HNSC",0.349279688798837
"NG-30919_WERI_RB1_lib628472_10098_1","KICH",0.413500111788018
"NG-30919_WERI_RB1_lib628472_10098_1","KIRC",0.41303986431335
"NG-30919_WERI_RB1_lib628472_10098_1","KIRP",0.405021391518699
"NG-30919_WERI_RB1_lib628472_10098_1","LAML",0.113327128104833
"NG-30919_WERI_RB1_lib628472_10098_1","LGG",0.50193842238825
"NG-30919_WERI_RB1_lib628472_10098_1","LIHC",0.328791533535487
"NG-30919_WERI_RB1_lib628472_10098_1","LUAD",0.395164789438003
"NG-30919_WERI_RB1_lib628472_10098_1","LUSC",0.384817669780193
"NG-30919_WERI_RB1_lib628472_10098_1","MESO",0.458162151190624
"NG-30919_WERI_RB1_lib628472_10098_1","OV",0.453268253833633
"NG-30919_WERI_RB1_lib628472_10098_1","PAAD",0.441077023586927
"NG-30919_WERI_RB1_lib628472_10098_1","PCPG",0.497160774368361
"NG-30919_WERI_RB1_lib628472_10098_1","PRAD",0.481519150389745
"NG-30919_WERI_RB1_lib628472_10098_1","READ",0.326904113496949
"NG-30919_WERI_RB1_lib628472_10098_1","SARC",0.518401353348998
"NG-30919_WERI_RB1_lib628472_10098_1","SKCM",0.426220138629699
"NG-30919_WERI_RB1_lib628472_10098_1","STAD",0.369855648996278
"NG-30919_WERI_RB1_lib628472_10098_1","TGCT",0.461357880283333
"NG-30919_WERI_RB1_lib628472_10098_1","THCA",0.450175636087352
"NG-30919_WERI_RB1_lib628472_10098_1","THYM",0.331230515464199
"NG-30919_WERI_RB1_lib628472_10098_1","UCEC",0.489770209033024
"NG-30919_WERI_RB1_lib628472_10098_1","UCS",0.591771085802767
"NG-30919_WERI_RB1_lib628472_10098_1","UVM",0.483529025690121
"NG-30919_Y_79_lib626626_10098_1","ACC",0.459752175168183
"NG-30919_Y_79_lib626626_10098_1","BLCA",0.350836421093525
"NG-30919_Y_79_lib626626_10098_1","BRCA",0.445605256175278
"NG-30919_Y_79_lib626626_10098_1","CESC",0.336506130039021
"NG-30919_Y_79_lib626626_10098_1","CHOL",0.356264069916308
"NG-30919_Y_79_lib626626_10098_1","COAD",0.269455382432153
"NG-30919_Y_79_lib626626_10098_1","DLBC",0.230220940124531
"NG-30919_Y_79_lib626626_10098_1","ESCA",0.349752113205116
"NG-30919_Y_79_lib626626_10098_1","GBM",0.463352476532094
"NG-30919_Y_79_lib626626_10098_1","HNSC",0.326805523010272
"NG-30919_Y_79_lib626626_10098_1","KICH",0.362670647228145
"NG-30919_Y_79_lib626626_10098_1","KIRC",0.36092949412103
"NG-30919_Y_79_lib626626_10098_1","KIRP",0.360574203523336
"NG-30919_Y_79_lib626626_10098_1","LAML",0.153558377907727
"NG-30919_Y_79_lib626626_10098_1","LGG",0.492461418354408
"NG-30919_Y_79_lib626626_10098_1","LIHC",0.289771452528779
"NG-30919_Y_79_lib626626_10098_1","LUAD",0.342666265120908
"NG-30919_Y_79_lib626626_10098_1","LUSC",0.357725421959017
"NG-30919_Y_79_lib626626_10098_1","MESO",0.437822230590883
"NG-30919_Y_79_lib626626_10098_1","OV",0.434851814125795
"NG-30919_Y_79_lib626626_10098_1","PAAD",0.379586469695864
"NG-30919_Y_79_lib626626_10098_1","PCPG",0.487290501149413
"NG-30919_Y_79_lib626626_10098_1","PRAD",0.434837058981289
"NG-30919_Y_79_lib626626_10098_1","READ",0.281359289477365
"NG-30919_Y_79_lib626626_10098_1","SARC",0.49854468925433
"NG-30919_Y_79_lib626626_10098_1","SKCM",0.421456217566148
"NG-30919_Y_79_lib626626_10098_1","STAD",0.327686407025597
"NG-30919_Y_79_lib626626_10098_1","TGCT",0.47246443125574
"NG-30919_Y_79_lib626626_10098_1","THCA",0.40381672303152
"NG-30919_Y_79_lib626626_10098_1","THYM",0.350285551591246
"NG-30919_Y_79_lib626626_10098_1","UCEC",0.451021261070938
"NG-30919_Y_79_lib626626_10098_1","UCS",0.564976660194886
"NG-30919_Y_79_lib626626_10098_1","UVM",0.487973234305023
